"vnr";"maat";"st_maat"
"1";"@";"Arroba"
"2";"[] Favn";"Kubikfavn"
"3";"[] Favne";"Kubikfavn"
"4";"1/1";
"5";"1/1 Ahm";"Ahm"
"6";"1/1 Ahm.";"Ahm"
"7";"1/1 Ahme";"Ahm"
"8";"1/1 Ahmer";"Ahm"
"9";"1/1 Al.";"Alen"
"10";"1/1 Ank.";"Anker"
"11";"1/1 Anker";"Anker"
"12";"1/1 Ankere";"Anker"
"13";"1/1 Bahler";"Balle"
"14";"1/1 Bdtr.";"Bundner"
"15";"1/1 Bohler";"Botte"
"16";"1/1 Bohter";"Botte"
"17";"1/1 Bolher";"Botte"
"18";"1/1 Boot";"Botte"
"19";"1/1 Booter";"Botte"
"20";"1/1 Bot.";"Botte"
"21";"1/1 Both";"Botte"
"22";"1/1 Both.";"Botte"
"23";"1/1 Bother";"Botte"
"24";"1/1 Bother og piber";"Botte"
"25";"1/1 Bother og piber";"Pibe"
"26";"1/1 Botl.";"Buteljer"
"27";"1/1 Botter";"Botte"
"28";"1/1 Bout.";"Buteljer"
"29";"1/1 Bouteiller";"Buteljer"
"30";"1/1 Bouteilr.";"Buteljer"
"31";"1/1 Bouth.";"Buteljer"
"32";"1/1 Boutl.";"Buteljer"
"33";"1/1 Boutle";"Buteljer"
"34";"1/1 Boutle.";"Buteljer"
"35";"1/1 Boutler";"Buteljer"
"36";"1/1 Boutlr.";"Buteljer"
"37";"1/1 Boutt.";"Buteljer"
"38";"1/1 Bs.";"Bundner"
"39";"1/1 Bt.";"Buteljer"
"40";"1/1 Bther.";"Botte"
"41";"1/1 Btl.";"Buteljer"
"42";"1/1 Btlr.";"Buteljer"
"43";"1/1 Bundt.";"Bundner"
"44";"1/1 Bundter";"Bundner"
"45";"1/1 Butl.";"Buteljer"
"46";"1/1 Casser";"Casser"
"47";"1/1 Degger";"Dægge"
"48";"1/1 Dunk";"Dunk"
"49";"1/1 Dunke";"Dunk"
"50";"1/1 Dusin";"Dusin"
"51";"1/1 Fad";"Fad"
"52";"1/1 Fade";"Fad"
"53";"1/1 Fader";"Fad"
"54";"1/1 Fads";"Fad"
"55";"1/1 Favn.";"Favn"
"56";"1/1 Fjerdinger";"Fjerding"
"57";"1/1 Fjerdjnger";"Fjerding"
"58";"1/1 Fl.";"Flaske"
"59";"1/1 Flæsker";"Flaske"
"60";"1/1 Flask";"Flaske"
"61";"1/1 Flaske";"Flaske"
"62";"1/1 Flasker";"Flaske"
"63";"1/1 Flskr.";"Flaske"
"64";"1/1 Foust.";"Fustage"
"65";"1/1 Fude";"Fad"
"66";"1/1 Fuder";"Fad"
"67";"1/1 Fust.";"Fustage"
"68";"1/1 Hagger";"Lægger"
"69";"1/1 Kander";"Kande"
"70";"1/1 Kasse";"Casser"
"71";"1/1 Kasser";"Casser"
"72";"1/1 Kist";"Kiste"
"73";"1/1 Kist.";"Kiste"
"74";"1/1 Kiste";"Kiste"
"75";"1/1 Kister";"Kiste"
"76";"1/1 Kuintal";"Quintel"
"77";"1/1 Kurve";"Kurv"
"78";"1/1 Lægger";"Lægger"
"79";"1/1 Læst.";"Læst"
"80";"1/1 Læster";"Læst"
"81";"1/1 Leg.";"Lægger"
"82";"1/1 Leggen";"Lægger"
"83";"1/1 Legger";"Lægger"
"84";"1/1 Litres";"Liter"
"85";"1/1 Ltl.";"Liter"
"86";"1/1 Moyer";"Moyen"
"87";"1/1 Mud";"Mud"
"88";"1/1 Ottinger";"Otting"
"89";"1/1 Ox.";"Oksehovede"
"90";"1/1 Oxeh.";"Oksehovede"
"91";"1/1 Oxehed.";"Oksehovede"
"92";"1/1 Oxehovdr.";"Oksehovede"
"93";"1/1 Oxehoved";"Oksehovede"
"94";"1/1 Oxehoveder";"Oksehovede"
"95";"1/1 Oxehv.";"Oksehovede"
"96";"1/1 Oxehvd.";"Oksehovede"
"97";"1/1 Oxh.";"Oksehovede"
"98";"1/1 Oxhd.";"Oksehovede"
"99";"1/1 Oxhder.";"Oksehovede"
"100";"1/1 Oxhdr.";"Oksehovede"
"101";"1/1 Oxhed.";"Oksehovede"
"102";"1/1 Oxhfdr.";"Oksehovede"
"103";"1/1 Oxhovd.";"Oksehovede"
"104";"1/1 Oxhovde.";"Oksehovede"
"105";"1/1 Oxhovder";"Oksehovede"
"106";"1/1 Oxhovdr.";"Oksehovede"
"107";"1/1 Oxhoved";"Oksehovede"
"108";"1/1 Oxhoved.";"Oksehovede"
"109";"1/1 Oxhovede";"Oksehovede"
"110";"1/1 Oxhoveder";"Oksehovede"
"111";"1/1 Oxhv.";"Oksehovede"
"112";"1/1 Oxhvd.";"Oksehovede"
"113";"1/1 Oxhvde.";"Oksehovede"
"114";"1/1 Oxhvder.";"Oksehovede"
"115";"1/1 Oxhvdr.";"Oksehovede"
"116";"1/1 Panschons";"Puncheon"
"117";"1/1 Pib.";"Pibe"
"118";"1/1 Pibe";"Pibe"
"119";"1/1 Piber";"Pibe"
"120";"1/1 Piber og Bother";"Botte"
"121";"1/1 Piber og Bother";"Pibe"
"122";"1/1 Potter";"Pot"
"123";"1/1 Prinke";
"124";"1/1 Punchens";"Puncheon"
"125";"1/1 Pund";"Pund"
"126";"1/1 Ruller";"Ruller"
"127";"1/1 Skippund";"Skippund"
"128";"1/1 Ste.";"Støcker"
"129";"1/1 Stk.";"Støcker"
"130";"1/1 T.";"Tønde"
"131";"1/1 Td.";"Tønde"
"132";"1/1 Tde.";"Tønde"
"133";"1/1 Tdr.";"Tønde"
"134";"1/1 Tjers";"Tierce"
"135";"1/1 Tnder.";"Tønde"
"136";"1/1 Tndr.";"Tønde"
"137";"1/1 To.";"Tønde"
"138";"1/1 Tomme";"Tommer"
"139";"1/1 Tommer";"Tommer"
"140";"1/1 Tønd";"Tønde"
"141";"1/1 Tønd.";"Tønde"
"142";"1/1 Tonde";"Tønde"
"143";"1/1 Tønde";"Tønde"
"144";"1/1 Tonder";"Tønde"
"145";"1/1 Tønder";"Tønde"
"146";"1/1 Tøndr.";"Tønde"
"147";"1/1 Tons";"Ton"
"148";"1/1 Tr.";"Tønde"
"149";"1/1 Tylt";"Tylt"
"150";"1/1 Vahl.";"Wohl"
"151";"1/10 Boutl.";"Buteljer, 1/10"
"152";"1/10 Kasser";"Casser, 1/10"
"153";"1/10 Kister";"Kiste, 1/10"
"154";"1/10 Oxeh.";"Oksehovede, 1/10"
"155";"1/10 Oxehd.";"Oksehovede, 1/10"
"156";"1/10 Piber";"Pibe, 1/10"
"157";"1/10 Skippund";"Skippund, 1/10"
"158";"1/10 Tdr.";"Tønde, 1/10"
"159";"1/10 Tønder";"Tønde, 1/10"
"160";"1/12 Kister";"Kiste, 1/12"
"161";"1/12 Pibe";"Pibe, 1/12"
"162";"1/12 Piber";"Pibe, 1/12"
"163";"1/12 Tdr.";"Tønde, 1/12"
"164";"1/12 Tønder";"Tønde, 1/12"
"165";"1/14 Piber";"Pibe, 1/14"
"166";"1/15 Booter";"Botte, 1/15"
"167";"1/15 Boutl.";"Buteljer, 1/15"
"168";"1/15 Piber";"Pibe, 1/15"
"169";"1/16";
"170";"1/16 Ahm";"Ahm, 1/16"
"171";"1/16 Bother";"Botte, 1/16"
"172";"1/16 Btl.";"Buteljer, 1/16"
"173";"1/16 Centner";"Centner, 1/16"
"174";"1/16 Deele";"En del, 1/16"
"175";"1/16 Fl.";"Flaske, 1/16"
"176";"1/16 Flasker";"Flaske, 1/16"
"177";"1/16 Pibe";"Pibe, 1/16"
"178";"1/16 Piber";"Pibe, 1/16"
"179";"1/16 Pund";"Pund, 1/16"
"180";"1/16 Stk.";"Støcker, 1/16"
"181";"1/16 Td.";"Tønde, 1/16"
"182";"1/16 Tde.";"Tønde, 1/16"
"183";"1/16 Tdr.";"Tønde, 1/16"
"184";"1/16 Tndr.";"Tønde, 1/16"
"185";"1/16 Ton";"Ton, 1/16"
"186";"1/16 Tønd";"Tønde, 1/16"
"187";"1/16 Tond.";"Tønde, 1/16"
"188";"1/16 Tønd.";"Tønde, 1/16"
"189";"1/16 Tonde";"Tønde, 1/16"
"190";"1/16 Tønde";"Tønde, 1/16"
"191";"1/16 Tonder";"Tønde, 1/16"
"192";"1/16 Tønder";"Tønde, 1/16"
"193";"1/16 Tondr.";"Tønde, 1/16"
"194";"1/16 Tøndr.";"Tønde, 1/16"
"195";"1/16 Tons";"Ton, 1/16"
"196";"1/16 Tr.";"Tønde, 1/16"
"197";"1/16 Trd.";"Tønde, 1/16"
"198";"1/16 Tylt";"Tylt, 1/16"
"199";"1/18";
"200";"1/18 Pibe";"Pibe, 1/18"
"201";"1/18 Piber";"Pibe, 1/18"
"202";"1/18 Tønder";"Tønde, 1/18"
"203";"1/2";"Halve"
"204";"1/2 @";"Arroba, Halve"
"205";"1/2 Ahm";"Ahm, Halve"
"206";"1/2 Ahm.";"Ahm, Halve"
"207";"1/2 Ahme";"Ahm, Halve"
"208";"1/2 Ahme.";"Ahm, Halve"
"209";"1/2 Ahmer";"Ahm, Halve"
"210";"1/2 Ahmr";"Ahm, Halve"
"211";"1/2 Al.";"Alen, Halve"
"212";"1/2 Amer";"Ahm, Halve"
"213";"1/2 Ammer";"Ahm, Halve"
"214";"1/2 Anchere";"Anker, Halve"
"215";"1/2 Ancker";"Anker, Halve"
"216";"1/2 Ank.";"Anker, Halve"
"217";"1/2 Anker";"Anker, Halve"
"218";"1/2 Ankere";"Anker, Halve"
"219";"1/2 Ankers";"Anker, Halve"
"220";"1/2 Arrobas";"Arroba, Halve"
"221";"1/2 Bahler";"Balle, Halve"
"222";"1/2 Ball.";"Balle, Halve"
"223";"1/2 Baller";"Balle, Halve"
"224";"1/2 Bdtr.";"Bundner, Halve"
"225";"1/2 Boet.";"Buteljer, Halve"
"226";"1/2 Bohler";"Botte, Halve"
"227";"1/2 Bohter";"Botte, Halve"
"228";"1/2 Bolher";"Botte, Halve"
"229";"1/2 Bønde";"Bundner, Halve"
"230";"1/2 Boot";"Botte, Halve"
"231";"1/2 Booter";"Botte, Halve"
"232";"1/2 Booth.";"Botte, Halve"
"233";"1/2 Boother";"Botte, Halve"
"234";"1/2 Bot.";"Botte, Halve"
"235";"1/2 Both";"Botte, Halve"
"236";"1/2 Both.";"Botte, Halve"
"237";"1/2 Bother";"Botte, Halve"
"238";"1/2 Bother og piber";"Botte, Halve"
"239";"1/2 Bother og piber";"Pibe, Halve"
"240";"1/2 Botl.";"Buteljer, Halve"
"241";"1/2 Bout.";"Buteljer, Halve"
"242";"1/2 Bouteiller";"Buteljer, Halve"
"243";"1/2 Bouteilr.";"Buteljer, Halve"
"244";"1/2 Bouteller";"Buteljer, Halve"
"245";"1/2 Bouth.";"Buteljer, Halve"
"246";"1/2 Boutl.";"Buteljer, Halve"
"247";"1/2 Boutle";"Buteljer, Halve"
"248";"1/2 Boutle.";"Buteljer, Halve"
"249";"1/2 Boutler";"Buteljer, Halve"
"250";"1/2 Boutlr.";"Buteljer, Halve"
"251";"1/2 Bs.";"Bundner, Halve"
"252";"1/2 Bt.";"Buteljer, Halve"
"253";"1/2 Bther.";"Buteljer, Halve"
"254";"1/2 Btl.";"Buteljer, Halve"
"255";"1/2 Btlr.";"Buteljer, Halve"
"256";"1/2 Bundt";"Bundner, Halve"
"257";"1/2 Bundt.";"Bundner, Halve"
"258";"1/2 Bundter";"Bundner, Halve"
"259";"1/2 Buschels";"Bushel, Halve"
"260";"1/2 Butl.";"Buteljer, Halve"
"261";"1/2 Casser";"Casser, Halve"
"262";"1/2 Centn.";"Centner, Halve"
"263";"1/2 Chalders";"Chaldron, Halve"
"264";"1/2 Dægger";"Dægge, Halve"
"265";"1/2 Degger";"Dægge, Halve"
"266";"1/2 Dunk";"Dunk, Halve"
"267";"1/2 Dunke";"Dunk, Halve"
"268";"1/2 Dunker";"Dunk, Halve"
"269";"1/2 Dusin";"Dusin, Halve"
"270";"1/2 Fad";"Fad, Halve"
"271";"1/2 Fade";"Fad, Halve"
"272";"1/2 Fader";"Fad, Halve"
"273";"1/2 Fads";"Fad, Halve"
"274";"1/2 Favn";"Favn, Halve"
"275";"1/2 Favn.";"Favn, Halve"
"276";"1/2 Favne";"Favn, Halve"
"277";"1/2 Fjerd.";"Fjerding, Halve"
"278";"1/2 Fjerdinger";"Fjerding, Halve"
"279";"1/2 Fjerdjnger";"Fjerding, Halve"
"280";"1/2 Fl.";"Flaske, Halve"
"281";"1/2 Flæsker";"Flaske, Halve"
"282";"1/2 Flask";"Flaske, Halve"
"283";"1/2 Flaske";"Flaske, Halve"
"284";"1/2 Flasker";"Flaske, Halve"
"285";"1/2 Flskr.";"Flaske, Halve"
"286";"1/2 Fods";"Foder, Halve"
"287";"1/2 Foust.";"Foder, Halve"
"288";"1/2 Fude";"Fud, Halve"
"289";"1/2 Fuder";"Fud, Halve"
"290";"1/2 Fust.";"Fustage, Halve"
"291";"1/2 Halve piber";"Pibe, Halve"
"292";"1/2 Hectolitter";"Hectoliter, Halve"
"293";"1/2 Heele Piber";"Pibe, Halve"
"294";"1/2 Kande";"Kande, Halve"
"295";"1/2 Kander";"Kande, Halve"
"296";"1/2 Kanner";"Kande, Halve"
"297";"1/2 Kappr.";"Kop, Halve"
"298";"1/2 Kass.";"Casser, Halve"
"299";"1/2 Kasse";"Casser, Halve"
"300";"1/2 Kasser";"Casser, Halve"
"301";"1/2 Keel";"Keel, Halve"
"302";"1/2 Kelder";"Kelder, Halve"
"303";"1/2 Kist";"Kiste, Halve"
"304";"1/2 Kist.";"Kiste, Halve"
"305";"1/2 Kiste";"Kiste, Halve"
"306";"1/2 Kister";"Kiste, Halve"
"307";"1/2 Kuintal";"Quintel, Halve"
"308";"1/2 Kurfer";"Kurv, Halve"
"309";"1/2 Kurve";"Kurv, Halve"
"310";"1/2 Lægger";"Lægger, Halve"
"311";"1/2 Læst";"Læst, Halve"
"312";"1/2 Læst.";"Læst, Halve"
"313";"1/2 Læster";"Læst, Halve"
"314";"1/2 Leg.";"Lægger, Halve"
"315";"1/2 Legge";"Lægger, Halve"
"316";"1/2 Leggen";"Lægger, Halve"
"317";"1/2 Legger";"Lægger, Halve"
"318";"1/2 Lispund";"Lispund, Halve"
"319";"1/2 Litres";"Liter, Halve"
"320";"1/2 Moyer";"Moyen, Halve"
"321";"1/2 Mud";"Mud, Halve"
"322";"1/2 Oksehovede";"Oksehovede, Halve"
"323";"1/2 Otting";"Otting, Halve"
"324";"1/2 Otting.";"Otting, Halve"
"325";"1/2 Ox.";"Oksehovede, Halve"
"326";"1/2 Oxeh.";"Oksehovede, Halve"
"327";"1/2 Oxehd.";"Oksehovede, Halve"
"328";"1/2 Oxehe.";"Oksehovede, Halve"
"329";"1/2 Oxehoffer";"Oksehovede, Halve"
"330";"1/2 Oxehovde";"Oksehovede, Halve"
"331";"1/2 Oxehovdr.";"Oksehovede, Halve"
"332";"1/2 Oxehoved";"Oksehovede, Halve"
"333";"1/2 Oxehovede";"Oksehovede, Halve"
"334";"1/2 Oxehoveder";"Oksehovede, Halve"
"335";"1/2 Oxehv.";"Oksehovede, Halve"
"336";"1/2 Oxehvd.";"Oksehovede, Halve"
"337";"1/2 Oxh.";"Oksehovede, Halve"
"338";"1/2 Oxh-d";"Oksehovede, Halve"
"339";"1/2 Oxhd.";"Oksehovede, Halve"
"340";"1/2 Oxhder.";"Oksehovede, Halve"
"341";"1/2 Oxhdr.";"Oksehovede, Halve"
"342";"1/2 Oxhe.";"Oksehovede, Halve"
"343";"1/2 Oxhed.";"Oksehovede, Halve"
"344";"1/2 Oxhfd.";"Oksehovede, Halve"
"345";"1/2 Oxhoder";"Oksehovede, Halve"
"346";"1/2 Oxhofd";"Oksehovede, Halve"
"347";"1/2 Oxhofd.";"Oksehovede, Halve"
"348";"1/2 Oxhofder";"Oksehovede, Halve"
"349";"1/2 Oxhov.";"Oksehovede, Halve"
"350";"1/2 Oxhovd.";"Oksehovede, Halve"
"351";"1/2 Oxhovde.";"Oksehovede, Halve"
"352";"1/2 Oxhovder";"Oksehovede, Halve"
"353";"1/2 Oxhovdr.";"Oksehovede, Halve"
"354";"1/2 Oxhoved";"Oksehovede, Halve"
"355";"1/2 Oxhoved.";"Oksehovede, Halve"
"356";"1/2 Oxhovede";"Oksehovede, Halve"
"357";"1/2 Oxhoveder";"Oksehovede, Halve"
"358";"1/2 Oxhr.";"Oksehovede, Halve"
"359";"1/2 Oxhv.";"Oksehovede, Halve"
"360";"1/2 Oxhvd.";"Oksehovede, Halve"
"361";"1/2 Oxhvde.";"Oksehovede, Halve"
"362";"1/2 Oxhvder.";"Oksehovede, Halve"
"363";"1/2 Oxhvdr.";"Oksehovede, Halve"
"364";"1/2 Panschons";"Puncheon, Halve"
"365";"1/2 Pib.";"Pibe, Halve"
"366";"1/2 Pibe";"Pibe, Halve"
"367";"1/2 Piben";"Pibe, Halve"
"368";"1/2 Piber";"Pibe, Halve"
"369";"1/2 Piber og Bother";"Botte, Halve"
"370";"1/2 Piber og Bother";"Pibe, Halve"
"371";"1/2 Piibe";"Pibe, Halve"
"372";"1/2 Piiber";"Pibe, Halve"
"373";"1/2 Potter";"Pot, Halve"
"374";"1/2 Prinke";
"375";"1/2 Pud";"Pud, Halve"
"376";"1/2 Punchens";"Puncheon, Halve"
"377";"1/2 Pund";"Pund, Halve"
"378";"1/2 Quarter";"Quardel, Halve"
"379";"1/2 Quarters";"Quardel, Halve"
"380";"1/2 Riis";"Ris, Halve"
"381";"1/2 Ruller";"Ruller, Halve"
"382";"1/2 Salm.";"Salma, Halve"
"383";"1/2 Sch.";"Scheffel, Halve"
"384";"1/2 Schef.";"Scheffel, Halve"
"385";"1/2 Scheffl.";"Scheffel, Halve"
"386";"1/2 Schefl.";"Scheffel, Halve"
"387";"1/2 Schfl.";"Scheffel, Halve"
"388";"1/2 Seche";"Sæk, Halve"
"389";"1/2 Skippund";"Skippund, Halve"
"390";"1/2 Skok";"Skok, Halve"
"391";"1/2 Ste.";"Sten, Halve"
"392";"1/2 Steen";"Sten, Halve"
"393";"1/2 Stk.";"Støcker, Halve"
"394";"1/2 Td.";"Tønde, Halve"
"395";"1/2 Tde.";"Tønde, Halve"
"396";"1/2 Tdr";"Tønde, Halve"
"397";"1/2 Tdr.";"Tønde, Halve"
"398";"1/2 Te.";"Tønde, Halve"
"399";"1/2 Tnder.";"Tønde, Halve"
"400";"1/2 Tndr.";"Tønde, Halve"
"401";"1/2 To.";"Tønde, Halve"
"402";"1/2 Tomme";"Tommer, Halve"
"403";"1/2 Tommer";"Tommer, Halve"
"404";"1/2 Ton";"Ton, Halve"
"405";"1/2 Tond";"Tønde, Halve"
"406";"1/2 Tond.";"Tønde, Halve"
"407";"1/2 Tønd.";"Tønde, Halve"
"408";"1/2 Tonde";"Tønde, Halve"
"409";"1/2 Tønde";"Tønde, Halve"
"410";"1/2 Tonder";"Tønde, Halve"
"411";"1/2 Tønder";"Tønde, Halve"
"412";"1/2 Tøndr.";"Tønde, Halve"
"413";"1/2 Tons";"Ton, Halve"
"414";"1/2 Txr.";"Tønde, Halve"
"415";"1/2 Tylt";"Tylt, Halve"
"416";"1/2 Tylt.";"Tylt, Halve"
"417";"1/2 Tylter";"Tylt, Halve"
"418";"1/2 Vahl.";"Wohl, Halve"
"419";"1/2 Vahle";"Wohl, Halve"
"420";"1/2 Vahler";"Wohl, Halve"
"421";"1/2 Viertel";"Viertel, Halve"
"422";"1/2 Viertl.";"Viertel, Halve"
"423";"1/2 Viertler";"Viertel, Halve"
"424";"1/2 Vog.";"Vog, Halve"
"425";"1/2 Vohl";"Wohl, Halve"
"426";"1/2 Vohl.";"Wohl, Halve"
"427";"1/2 Vohler";"Wohl, Halve"
"428";"1/2 Vtl.";"Wohl, Halve"
"429";"1/2 Vuhler";"Wohl, Halve"
"430";"1/2 Wahl";"Wohl, Halve"
"431";"1/2 Wahl.";"Wohl, Halve"
"432";"1/2 Wohler";"Wohl, Halve"
"433";"1/20 Stk.";"Støcker, 1/20"
"434";"1/25 Oxhd.";"Oksehovede, 1/25"
"435";"1/3 Bout.";"Buteljer, 1/3"
"436";"1/3 Boutl.";"Buteljer, 1/3"
"437";"1/3 Boutlr.";"Buteljer, 1/3"
"438";"1/3 Btl.";"Buteljer, 1/3"
"439";"1/3 Fl.";"Flaske, 1/3"
"440";"1/3 Flasker";"Flaske, 1/3"
"441";"1/3 Kiste";"Kiste, 1/3"
"442";"1/3 Kister";"Kiste, 1/3"
"443";"1/3 Oxhvdr.";"Oksehovede, 1/3"
"444";"1/3 Pibe";"Pibe, 1/3"
"445";"1/3 Piber";"Pibe, 1/3"
"446";"1/3 Riis";"Ris, 1/3"
"447";"1/3 Tdr.";"Tønde, 1/3"
"448";"1/3 Tønde";"Tønde, 1/3"
"449";"1/3 Tønder";"Tønde, 1/3"
"450";"1/32 Dunks";"Dunk, 1/32"
"451";"1/32 Oxeh.";"Oksehovede, 1/32"
"452";"1/32 Pibe";"Pibe, 1/32"
"453";"1/32 Skippund";"Skippund, 1/32"
"454";"1/32 Td.";"Tønde, 1/32"
"455";"1/32 Tde.";"Tønde, 1/32"
"456";"1/32 Tdr.";"Tønde, 1/32"
"457";"1/32 Tndr.";"Tønde, 1/32"
"458";"1/32 Ton";"Ton, 1/32"
"459";"1/32 Ton.";"Ton, 1/32"
"460";"1/32 Tønd";"Tønde, 1/32"
"461";"1/32 Tond.";"Tønde, 1/32"
"462";"1/32 Tønd.";"Tønde, 1/32"
"463";"1/32 Tønde";"Tønde, 1/32"
"464";"1/32 Tonder";"Tønde, 1/32"
"465";"1/32 Tønder";"Tønde, 1/32"
"466";"1/32 Tøndr.";"Tønde, 1/32"
"467";"1/32 Tons";"Ton, 1/32"
"468";"1/32 Tr.";"Tønde, 1/32"
"469";"1/32 Trd.";"Tønde, 1/32"
"470";"1/36 Oxhd.";"Oksehovede, 1/36"
"471";"1/4";"Quardel"
"472";"1/4 Ahm";"Ahm, 1/4"
"473";"1/4 Ahm.";"Ahm, 1/4"
"474";"1/4 Ahme";"Ahm, 1/4"
"475";"1/4 Ahmer";"Ahm, 1/4"
"476";"1/4 Alen";"Alen, 1/4"
"477";"1/4 Ank.";"Anker, 1/4"
"478";"1/4 Anker";"Anker, 1/4"
"479";"1/4 Ankere";"Anker, 1/4"
"480";"1/4 Ankers";"Anker, 1/4"
"481";"1/4 Balle";"Balle, 1/4"
"482";"1/4 Bohler";"Balle, 1/4"
"483";"1/4 Boisseau";"Boisseau, 1/4"
"484";"1/4 Bolher";"Balle, 1/4"
"485";"1/4 Booter";"Botte, 1/4"
"486";"1/4 Booth.";"Botte, 1/4"
"487";"1/4 Both";"Botte, 1/4"
"488";"1/4 Both.";"Botte, 1/4"
"489";"1/4 Bother";"Botte, 1/4"
"490";"1/4 Bother og piber";"Botte, 1/4"
"491";"1/4 Bother og piber";"Pibe, 1/4"
"492";"1/4 Botl.";"Buteljer, 1/4"
"493";"1/4 Boul.";"Buteljer, 1/4"
"494";"1/4 Bout.";"Buteljer, 1/4"
"495";"1/4 Bouteiller";"Buteljer, 1/4"
"496";"1/4 Bouth.";"Buteljer, 1/4"
"497";"1/4 Boutl.";"Buteljer, 1/4"
"498";"1/4 Boutler";"Buteljer, 1/4"
"499";"1/4 Boutlr.";"Buteljer, 1/4"
"500";"1/4 Boutt.";"Buteljer, 1/4"
"501";"1/4 Bt.";"Buteljer, 1/4"
"502";"1/4 Btl.";"Buteljer, 1/4"
"503";"1/4 Btlr.";"Buteljer, 1/4"
"504";"1/4 Casser";"Casser, 1/4"
"505";"1/4 Fad";"Fad, 1/4"
"506";"1/4 Fade";"Fad, 1/4"
"507";"1/4 Fader";"Fad, 1/4"
"508";"1/4 Fads";"Fad, 1/4"
"509";"1/4 Favn";"Favn, 1/4"
"510";"1/4 Favne";"Favn, 1/4"
"511";"1/4 Fierd.";"Fjerding, 1/4"
"512";"1/4 Fjerdjnger";"Fjerding, 1/4"
"513";"1/4 Fl.";"Flaske, 1/4"
"514";"1/4 Flask";"Flaske, 1/4"
"515";"1/4 Flasker";"Flaske, 1/4"
"516";"1/4 Fudder";"Fud, 1/4"
"517";"1/4 Fude";"Fud, 1/4"
"518";"1/4 Fuder";"Fud, 1/4"
"519";"1/4 Fuste.";"Fustage, 1/4"
"520";"1/4 Hagger";"Lægger, 1/4"
"521";"1/4 Kande";"Kande, 1/4"
"522";"1/4 Kander";"Kande, 1/4"
"523";"1/4 Kans";"Kande, 1/4"
"524";"1/4 Kapper";"Kop, 1/4"
"525";"1/4 Kaser";"Casser, 1/4"
"526";"1/4 Kasser";"Casser, 1/4"
"527";"1/4 Kdr.";"Kande, 1/4"
"528";"1/4 Kist";"Kiste, 1/4"
"529";"1/4 Kist.";"Kiste, 1/4"
"530";"1/4 Kiste";"Kiste, 1/4"
"531";"1/4 Kister";"Kiste, 1/4"
"532";"1/4 Kistr.";"Kiste, 1/4"
"533";"1/4 Lægger";"Lægger, 1/4"
"534";"1/4 Læst";"Læst, 1/4"
"535";"1/4 Læst.";"Læst, 1/4"
"536";"1/4 Læster";"Læst, 1/4"
"537";"1/4 Læstr.";"Læst, 1/4"
"538";"1/4 Legger";"Lægger, 1/4"
"539";"1/4 Lispund";"Lispund, 1/4"
"540";"1/4 Litr.";"Liter, 1/4"
"541";"1/4 Litres";"Liter, 1/4"
"542";"1/4 Ltl.";"Liter, 1/4"
"543";"1/4 Mille";"Tusinde, 1/4"
"544";"1/4 Mud";"Mud, 1/4"
"545";"1/4 Oxeh.";"Oksehovede, 1/4"
"546";"1/4 Oxehoveder";"Oksehovede, 1/4"
"547";"1/4 Oxehvd.";"Oksehovede, 1/4"
"548";"1/4 Oxh.";"Oksehovede, 1/4"
"549";"1/4 Oxhd.";"Oksehovede, 1/4"
"550";"1/4 Oxhovd.";"Oksehovede, 1/4"
"551";"1/4 Oxhoved";"Oksehovede, 1/4"
"552";"1/4 Oxhoved.";"Oksehovede, 1/4"
"553";"1/4 Oxhoveder";"Oksehovede, 1/4"
"554";"1/4 Oxhvd.";"Oksehovede, 1/4"
"555";"1/4 Oxhvde.";"Oksehovede, 1/4"
"556";"1/4 Oxhvder.";"Oksehovede, 1/4"
"557";"1/4 Oxhvdr.";"Oksehovede, 1/4"
"558";"1/4 Oxhveder";"Oksehovede, 1/4"
"559";"1/4 Peber";"Pibe, 1/4"
"560";"1/4 Pib.";"Pibe, 1/4"
"561";"1/4 Pibe";"Pibe, 1/4"
"562";"1/4 Piber";"Pibe, 1/4"
"563";"1/4 Piber og Bother";"Botte, 1/3"
"564";"1/4 Piber og Bother";"Pibe, 1/4"
"565";"1/4 Piberr";"Pibe, 1/4"
"566";"1/4 Piiber";"Pibe, 1/4"
"567";"1/4 Potter";"Pot, 1/4"
"568";"1/4 Pud";"Pud, 1/4"
"569";"1/4 Pud.";"Pud, 1/4"
"570";"1/4 Pund";"Pund, 1/4"
"571";"1/4 Quart piber";"Pibe, 1/4"
"572";"1/4 Riis";"Ris, 1/4"
"573";"1/4 Ringer";"Ring, 1/4"
"574";"1/4 Salm.";"Salma, 1/4"
"575";"1/4 Schef.";"Scheffel, 1/4"
"576";"1/4 Scheffl.";"Scheffel, 1/4"
"577";"1/4 Schefl.";"Scheffel, 1/4"
"578";"1/4 Skippund";"Skippund, 1/4"
"579";"1/4 Steen";"Sten, 1/4"
"580";"1/4 Stk.";"Støcker, 1/4"
"581";"1/4 Td.";"Tønde, 1/4"
"582";"1/4 Tde.";"Tønde, 1/4"
"583";"1/4 Tdr.";"Tønde, 1/4"
"584";"1/4 Te.";"Tønde, 1/4"
"585";"1/4 Tndr.";"Tønde, 1/4"
"586";"1/4 Ton";"Ton, 1/4"
"587";"1/4 Tønd";"Tønde, 1/4"
"588";"1/4 Tond.";"Tønde, 1/4"
"589";"1/4 Tønd.";"Tønde, 1/4"
"590";"1/4 Tonde";"Tønde, 1/4"
"591";"1/4 Tønde";"Tønde, 1/4"
"592";"1/4 Tonder";"Tønde, 1/4"
"593";"1/4 Tønder";"Tønde, 1/4"
"594";"1/4 Tøndr.";"Tønde, 1/4"
"595";"1/4 Tons";"Ton, 1/4"
"596";"1/4 Tschtsv.";"Chetvert, 1/4"
"597";"1/4 Tylt.";"Tylt, 1/4"
"598";"1/4 Tylter";"Tylt, 1/4"
"599";"1/4 Vahl.";"Wohl, 1/4"
"600";"1/4 Viertl.";"Viertel, 1/4"
"601";"1/4 Viertler";"Viertel, 1/4"
"602";"1/4 Viirt.";"Viertel, 1/4"
"603";"1/46 Tønder";"Tønde, 1/46"
"604";"1/48 Piber";"Pibe, 1/48"
"605";"1/5";
"606";"1/5 Ahm.";"Ahm, 1/5"
"607";"1/5 Both.";"Botte, 1/5"
"608";"1/5 Bother";"Botte, 1/5"
"609";"1/5 Botl.";"Buteljer, 1/5"
"610";"1/5 Bout.";"Buteljer, 1/5"
"611";"1/5 Bouth.";"Buteljer, 1/5"
"612";"1/5 Boutl.";"Buteljer, 1/5"
"613";"1/5 Boutlr.";"Buteljer, 1/5"
"614";"1/5 Bt.";"Buteljer, 1/5"
"615";"1/5 Btl.";"Buteljer, 1/5"
"616";"1/5 Fl.";"Flaske, 1/5"
"617";"1/5 Flasker";"Flaske, 1/5"
"618";"1/5 Kurver";"Kurv, 1/5"
"619";"1/5 Moyer";"Moyen, 1/5"
"620";"1/5 Oxhd.";"Oksehovede, 1/5"
"621";"1/5 Pib.";"Pibe, 1/5"
"622";"1/5 Pibe";"Pibe, 1/5"
"623";"1/5 Piber";"Pibe, 1/5"
"624";"1/5 Pund";"Pund, 1/5"
"625";"1/5 Skippund";"Skippund, 1/5"
"626";"1/5 Td.";"Tønde, 1/5"
"627";"1/5 Tønd.";"Tønde, 1/5"
"628";"1/5 Tønder";"Tønde, 1/5"
"629";"1/5 Tøndr.";"Tønde, 1/5"
"630";"1/6";
"631";"1/6 Botl.";"Buteljer, 1/6"
"632";"1/6 Boutl.";"Buteljer, 1/6"
"633";"1/6 Btl.";"Buteljer, 1/6"
"634";"1/6 Fl.";"Flaske, 1/6"
"635";"1/6 Flasker";"Flaske, 1/6"
"636";"1/6 Kiste";"Kiste, 1/6"
"637";"1/6 Kister";"Kiste, 1/6"
"638";"1/6 Ox.";"Oksehovede, 1/6"
"639";"1/6 Oxhoved.";"Oksehovede, 1/6"
"640";"1/6 Oxhvdr.";"Oksehovede, 1/6"
"641";"1/6 Piber";"Pibe, 1/6"
"642";"1/6 Pund";"Pund, 1/6"
"643";"1/6 Td.";"Tønde, 1/6"
"644";"1/6 Tønde";"Tønde, 1/6"
"645";"1/6 Tønder";"Tønde, 1/6"
"646";"1/60 Pibe";"Pibe, 1/60"
"647";"1/64 Td.";"Tønde, 1/64"
"648";"1/64 Tde.";"Tønde, 1/64"
"649";"1/64 Tdr.";"Tønde, 1/64"
"650";"1/64 Ton";"Ton, 1/64"
"651";"1/64 Tønde";"Tønde, 1/64"
"652";"1/64 Tønder";"Tønde, 1/64"
"653";"1/7 Pibe";"Pibe, 1/7"
"654";"1/7 Piber";"Pibe, 1/7"
"655";"1/8";"Achtel"
"656";"1/8 Ahm";"Ahm, 1/8"
"657";"1/8 Ahm.";"Ahm, 1/8"
"658";"1/8 Alen";"Alen, 1/8"
"659";"1/8 Bolher";"Botte, 1/8"
"660";"1/8 Booter";"Botte, 1/8"
"661";"1/8 Boter";"Botte, 1/8"
"662";"1/8 Both";"Botte, 1/8"
"663";"1/8 Both.";"Botte, 1/8"
"664";"1/8 Bother";"Botte, 1/8"
"665";"1/8 Bout.";"Buteljer, 1/8"
"666";"1/8 Boutl.";"Buteljer, 1/8"
"667";"1/8 Boutlr.";"Buteljer, 1/8"
"668";"1/8 Btl.";"Buteljer, 1/8"
"669";"1/8 Cander";"Kande, 1/8"
"670";"1/8 Centner";"Centner, 1/8"
"671";"1/8 Deele";"En del, 1/8"
"672";"1/8 Fad";"Fad, 1/8"
"673";"1/8 Fade";"Fad, 1/8"
"674";"1/8 Fasser";"Fad, 1/8"
"675";"1/8 Favne";"Favn, 1/8"
"676";"1/8 Fd.";"Fad, 1/8"
"677";"1/8 Flasker";"Flaske, 1/8"
"678";"1/8 Fod.";"Foder, 1/8"
"679";"1/8 Kander";"Kande, 1/8"
"680";"1/8 Keel";"Keel, 1/8"
"681";"1/8 Kiste";"Kiste, 1/8"
"682";"1/8 Læst";"Læst, 1/8"
"683";"1/8 Læst.";"Læst, 1/8"
"684";"1/8 Læster";"Læst, 1/8"
"685";"1/8 Legger";"Lægger, 1/8"
"686";"1/8 Lispund";"Lispund, 1/8"
"687";"1/8 Oxh.";"Oksehovede, 1/8"
"688";"1/8 Oxhvd.";"Oksehovede, 1/8"
"689";"1/8 Pib.";"Pibe, 1/8"
"690";"1/8 Pibe";"Pibe, 1/8"
"691";"1/8 Piber";"Pibe, 1/8"
"692";"1/8 Pip";"Pibe, 1/8"
"693";"1/8 Potter";"Pot, 1/8"
"694";"1/8 Pund";"Pund, 1/8"
"695";"1/8 Schfl.";"Scheffel, 1/8"
"696";"1/8 Skippund";"Skippund, 1/8"
"697";"1/8 Stk.";"Støcker, 1/8"
"698";"1/8 Td.";"Tønde, 1/8"
"699";"1/8 Tde.";"Tønde, 1/8"
"700";"1/8 Tder.";"Tønde, 1/8"
"701";"1/8 Tdr.";"Tønde, 1/8"
"702";"1/8 Te.";"Tønde, 1/8"
"703";"1/8 Tndr.";"Tønde, 1/8"
"704";"1/8 Ton";"Ton, 1/8"
"705";"1/8 Ton.";"Ton, 1/8"
"706";"1/8 Tønd";"Tønde, 1/8"
"707";"1/8 Tond.";"Tønde, 1/8"
"708";"1/8 Tønd.";"Tønde, 1/8"
"709";"1/8 Tonde";"Tønde, 1/8"
"710";"1/8 Tønde";"Tønde, 1/8"
"711";"1/8 Tønde.";"Tønde, 1/8"
"712";"1/8 Tonder";"Tønde, 1/8"
"713";"1/8 Tønder";"Tønde, 1/8"
"714";"1/8 Tondr.";"Tønde, 1/8"
"715";"1/8 Tøndr.";"Tønde, 1/8"
"716";"1/8 Tons";"Ton, 1/8"
"717";"1/8 Tschtw.";"Chetvert, 1/8"
"718";"2/3 Piber";"Pibe, 2/3"
"719";"2/4 Tdr.";"Tønde, 2/4"
"720";"Aahle";"Alen"
"721";"Aal";"Alen"
"722";"Aal.";"Alen"
"723";"Aale";"Alen"
"724";"Aalen";"Alen"
"725";"Aaler";"Alen"
"726";"Aallen";"Alen"
"727";"Aallenn";"Alen"
"728";"Aalting";"Otting"
"729";"Aalting.";"Otting"
"730";"Aaltinger";"Otting"
"731";"Aame";"Ahm"
"732";"Aamer";"Ahm"
"733";"Aatendel botr";"Botte, Achtel"
"734";"Aatendele";"Achtel"
"735";"Aating";"Otting"
"736";"Aating.";"Otting"
"737";"Aatinger";"Otting"
"738";"Aattendeel";"Achtel"
"739";"Aattendeels";"Achtel"
"740";"Aattendeler";"Achtel"
"741";"Aattig";"Otting"
"742";"Aattiger";"Otting"
"743";"Aatting";"Otting"
"744";"Aattingen";"Otting"
"745";"Aattinger";"Otting"
"746";"Achtel";"Achtel"
"747";"Achten";"Achtel"
"748";"Achtendell";"Achtel"
"749";"Aemer";"Ahm"
"750";"Æske";"Æske"
"751";"Agtel";"Achtel"
"752";"Agtendeell";"Achtel"
"753";"Ah";"Ahm"
"754";"Ah.";"Ahm"
"755";"Ahker";"Anker"
"756";"Ahl.";"Alen"
"757";"Ahle";"Alen"
"758";"Ahlen";"Alen"
"759";"Ahm";"Ahm"
"760";"Ahm.";"Ahm"
"761";"Ahme";"Ahm"
"762";"Ahme.";"Ahm"
"763";"Ahmen";"Ahm"
"764";"Ahmer";"Ahm"
"765";"Ahmers";"Ahm"
"766";"Ahmher";"Ahm"
"767";"Ahmker";"Ahm"
"768";"Ahmme";"Ahm"
"769";"Ahmmer";"Ahm"
"770";"Ahmmr";"Ahm"
"771";"Ahmn";"Ahm"
"772";"Ahmør";"Ahm"
"773";"Ahmr";"Ahm"
"774";"Ahmr.";"Ahm"
"775";"Ahncker";"Anker"
"776";"Ahner";"Ahm"
"777";"Ahnker";"Anker"
"778";"Ahr";"Ahm"
"779";"Ahrer";"Ahm"
"780";"Ahymer";"Ahm"
"781";"Akr.";"Anker"
"782";"Al";"Alen"
"783";"Al.";"Alen"
"784";"Ale";"Alen"
"785";"Ale.";"Alen"
"786";"Alemeder";"Almud"
"787";"Alen";"Alen"
"788";"Alene";"Alen"
"789";"Alenn";"Alen"
"790";"Alenne";"Alen"
"791";"Alens";"Alen"
"792";"Aler";"Alen"
"793";"Alf.";
"794";"Alh.";
"795";"Aline";"Alen"
"796";"All";"Alen"
"797";"All.";"Alen"
"798";"Alle";"Alen"
"799";"Allee";"Alen"
"800";"Allem";"Alen"
"801";"Allen";"Alen"
"802";"Allene";"Alen"
"803";"Allener";"Alen"
"804";"Allenn";"Alen"
"805";"Allenne";"Alen"
"806";"Allens";"Alen"
"807";"Aller";"Alen"
"808";"Allinger";"Alen"
"809";"Alllen";"Alen"
"810";"Alllene";"Alen"
"811";"Allmer";"Alen"
"812";"Alln";"Alen"
"813";"Alln.";"Alen"
"814";"Allne";"Alen"
"815";"Allner";"Alen"
"816";"Allnne";"Alen"
"817";"Allnner";"Alen"
"818";"Allue";"Alen"
"819";"Alluen";"Alen"
"820";"Allun";"Alen"
"821";"Allunn";"Alen"
"822";"Allunne";"Alen"
"823";"Alm.";"Ahm"
"824";"Alme";"Alen"
"825";"Almera";"Almud"
"826";"Almud";"Almud"
"827";"Almud.";"Almud"
"828";"Almudas";"Almud"
"829";"Almude";"Almud"
"830";"Almuder";"Almud"
"831";"Almundas";"Almud"
"832";"Almundes";"Almud"
"833";"Aln";"Alen"
"834";"Aln.";"Alen"
"835";"Alne";"Alen"
"836";"Alnn";"Alen"
"837";"Alnne";"Alen"
"838";"Alue";"Alen"
"839";"Alun";"Alen"
"840";"Am.";"Ahm"
"841";"Amar";"Ahm"
"842";"Amcker";"Anker"
"843";"Ame";"Ahm"
"844";"Am-e";"Ahm"
"845";"A-me";"Ahm"
"846";"Ame.";"Ahm"
"847";"Ameer";"Ahm"
"848";"Amen";"Ahm"
"849";"Amener";"Ahm"
"850";"Amenn";"Ahm"
"851";"Amer";"Ahm"
"852";"Am-er";"Ahm"
"853";"A-mer";"Ahm"
"854";"Amer.";"Ahm"
"855";"Amere";"Ahm"
"856";"Amerr";"Ahm"
"857";"Amers";"Ahm"
"858";"Amhe";"Ahm"
"859";"Amher";"Ahm"
"860";"Amijr";"Ahm"
"861";"Amir";"Ahm"
"862";"Amis";"Ahm"
"863";"Amker";"Anker"
"864";"Amm";"Ahm"
"865";"Amm.";"Ahm"
"866";"Amme";"Ahm"
"867";"Ammeer";"Ahm"
"868";"Ammen";"Ahm"
"869";"Ammer";"Ahm"
"870";"Ammers";"Ahm"
"871";"Ammir";"Ahm"
"872";"Ammmer";"Ahm"
"873";"Ammr";"Ahm"
"874";"Amner";"Ahm"
"875";"Amor";"Ahm"
"876";"Amper";"Ahm"
"877";"Amr";"Ahm"
"878";"Amuer";"Ahm"
"879";"Amyr";"Ahm"
"880";"Anaster";"Canaster"
"881";"Ancer";"Unse"
"882";"Anch.";"Anker"
"883";"Ancher";"Anker"
"884";"Anchere";"Anker"
"885";"Anchers";"Anker"
"886";"Anck.";"Anker"
"887";"Ancke";"Anker"
"888";"Ancker";"Anker"
"889";"Anckere";"Anker"
"892";"Anckers";"Anker"
"893";"Anckher";"Anker"
"894";"Anckr";"Anker"
"895";"Anckre";"Anker"
"896";"Andeel";"En del"
"897";"Aner";"Ahm"
"898";"Anger";"Anker"
"899";"Ank";"Anker"
"900";"Ank.";"Anker"
"901";"Anke";"Anker"
"902";"Anker";"Anker"
"903";"Ankere";"Anker"
"904";"Ankers";"Anker"
"905";"Ankher";"Anker"
"906";"Ankker";"Anker"
"907";"Ankr.";"Anker"
"908";"Anl.";"Alen"
"909";"Anme";"Ahm"
"910";"Anncker";"Anker"
"911";"Anndet";
"912";"Anndre Kister";"Kiste"
"913";"Anne";"Alen"
"914";"Antal";"Antal"
"915";"Antall";"Antal"
"916";"Anthal";"Antal"
"917";"Anthall";"Antal"
"918";"Anting";
"919";"Ar.";"Arroba"
"920";"Arb.";"Arroba"
"921";"Arbs.";"Arroba"
"922";"Arch.";"Arschin"
"923";"Archeen";"Arschin"
"924";"Archeers";"Arschin"
"925";"Archin";"Arschin"
"926";"Archiner";"Arschin"
"927";"Argin";"Arschin"
"928";"Arhchin";"Arschin"
"929";"Armer";"Ahm"
"930";"Arob";"Arroba"
"931";"Arob.";"Arroba"
"932";"Arobas";"Arroba"
"933";"Arober";"Arroba"
"934";"Arr.";"Arroba"
"935";"Arrab.";"Arroba"
"936";"Arrb.";"Arroba"
"937";"Arrob";"Arroba"
"938";"Arrob.";"Arroba"
"939";"Arroba";"Arroba"
"940";"Arrobas";"Arroba"
"941";"Arrøbas";"Arroba"
"942";"Arrober";"Arroba"
"943";"Arrobs.";"Arroba"
"944";"Ars.";"Arschin"
"945";"Arsch";"Arschin"
"946";"Arsch.";"Arschin"
"947";"Arscher";"Arschin"
"948";"Arschien";"Arschin"
"949";"Arschin";"Arschin"
"950";"Arschin.";"Arschin"
"951";"Arschinen";"Arschin"
"952";"Arschiner";"Arschin"
"953";"Arschines";"Arschin"
"954";"Arschinr.";"Arschin"
"955";"Arschn.";"Arschin"
"956";"Arschr.";"Arschin"
"957";"Arsh.";"Arschin"
"958";"Arsheen";"Arschin"
"959";"Arshin";"Arschin"
"960";"Aruntal";"Almud"
"961";"Aschin";"Arschin"
"962";"Ash";"Arschin"
"963";"Aske";"Æske"
"964";"Asker";"Arschin"
"965";"Atinger";"Otting"
"966";"Attendedeel";"Achtel"
"967";"Attendeel";"Achtel"
"968";"Attendeele";"Achtel"
"969";"Attendele pibe";"Pibe, Achtel"
"970";"Attenger";"Otting"
"971";"Attig.";"Otting"
"972";"Atting";"Otting"
"973";"Attinge";"Otting"
"974";"Attinger";"Otting"
"975";"Attingier";"Otting"
"976";"Atting-r";"Otting"
"977";"Augm. Læster";"Læst, Augm."
"978";"Axehoffuitt";"Oksehovede"
"979";"Axhaffuitt";"Oksehovede"
"980";"Axhoffuitt";"Oksehovede"
"981";"B.";"Berkovets"
"982";"B. kowitz";"Berkovets"
"983";"Baad";
"984";"Baal";"Balle"
"985";"Baale";"Balle"
"986";"Baalen";"Balle"
"987";"Baaler";"Balle"
"988";"Baall";"Balle"
"989";"Baalle";"Balle"
"990";"Baaller";"Balle"
"991";"Baand";"Bundner"
"992";"Baandt";"Bundner"
"993";"Baant";"Bundner"
"994";"Baar";"Barre"
"995";"Bachel";"Bushel"
"996";"Baeger";"Baeger"
"997";"Baegger";"Baeger"
"998";"Bael";"Balle"
"999";"Baele";"Balle"
"1000";"Baeler";"Balle"
"1001";"Baell";"Balle"
"1002";"Baelle";"Balle"
"1003";"Baellen";"Balle"
"1004";"Baeller";"Balle"
"1005";"Baellir";"Balle"
"1006";"Bage";"Baeger"
"1007";"Bager";"Baeger"
"1008";"Bagger";"Baeger"
"1009";"Bahl";"Balle"
"1010";"Bahlen";"Balle"
"1011";"Bahler";"Balle"
"1012";"Bahler og kister";"Balle"
"1013";"Bahler og kister";"Kiste"
"1014";"Bahler og Kufferter";"Balle"
"1015";"Bahler og Kufferter";"Kurv"
"1016";"Baienke maass";"Maas, Baienke"
"1017";"Baillir";"Balle"
"1018";"Bal";"Balle"
"1019";"Bal.";"Balle"
"1020";"Balde";"Balle"
"1021";"Bale";"Balle"
"1022";"Bale.";"Balle"
"1023";"Baleer";"Balle"
"1024";"Balen";"Balle"
"1025";"Baler";"Balle"
"1026";"Bales";"Balle"
"1027";"Balger";"Balle"
"1028";"Bali";"Balle"
"1029";"Balir";"Balle"
"1030";"Balirer";"Balle"
"1031";"Ball";"Balle"
"1032";"Ball.";"Balle"
"1033";"Ballaller";"Balle"
"1034";"Ballanser";"Balle"
"1035";"Ballar";"Balle"
"1036";"Ballas";"Balle"
"1037";"Ballder";"Balle"
"1038";"Balle";"Balle"
"1039";"Balle dubbelt";"Balle, Dobbelte"
"1040";"Balle og Pakke";"Balle"
"1041";"Balle og Pakke";"Pakke"
"1042";"Balle.";"Balle"
"1043";"Ballen";"Balle"
"1044";"Ballender";"Balle"
"1045";"Baller";"Balle"
"1046";"Baller dobelt";"Balle, Dobbelte"
"1047";"Baller eller Tr.";"Balle"
"1048";"Baller oc secker";"Balle"
"1049";"Baller oc secker";"Sæk"
"1050";"Baller och Fatges etc.";"Balle"
"1051";"Baller och Fatges etc.";"Fad"
"1052";"Baller och Packer";"Balle"
"1053";"Baller och Packer";"Pakke"
"1054";"Baller och Secke";"Balle"
"1055";"Baller och Secke";"Sæk"
"1056";"Baller Packer Stxr. etc.";"Balle"
"1057";"Baller Packer Stxr. etc.";"Pakke"
"1058";"Baller Packer Stxr. etc.";"Støcker"
"1059";"Baller, Fade, Tønder, Ochsehoffder, Casser, och Ko";
"1060";"Ballers";"Balle"
"1061";"Ballier";"Balle"
"1062";"Balliir";"Balle"
"1063";"Ballir";"Balle"
"1064";"Ballis";"Balle"
"1065";"Ballle";"Balle"
"1066";"Balller";"Balle"
"1067";"Ballr";"Balle"
"1068";"Ballr.";"Balle"
"1069";"Balls";"Balle"
"1070";"Balmer";"Balle"
"1071";"Balr";"Balle"
"1072";"Balr.";"Balle"
"1073";"Balter";"Balle"
"1074";"Balties";"Balle"
"1075";"Band";"Bundner"
"1076";"Banden";"Bundner"
"1077";"Bandt";"Bundner"
"1078";"Bandte";"Bundner"
"1079";"Bandter";"Bundner"
"1080";"Bandtner";"Bundner"
"1081";"Bans";"Bundner"
"1082";"Bant";"Bundner"
"1083";"Banter";"Bundner"
"1084";"Barer";"Barre"
"1085";"Bargger";"Baggi"
"1086";"Barkov.";"Berkovets"
"1087";"Barkow.";"Berkovets"
"1088";"Barle";"Balle"
"1089";"Barler";"Balle"
"1090";"Barrer";"Barre"
"1091";"Basack";
"1092";"Basau";"Boisseau"
"1093";"Basaw";"Boisseau"
"1094";"Bassau";"Boisseau"
"1095";"Basseaux";"Boisseau"
"1096";"Batter";"Botte"
"1097";"Bauseaux";"Boisseau"
"1098";"Bausseau";"Boisseau"
"1099";"Bay";
"1100";"Bayer";"Baggi"
"1101";"Bball";"Balle"
"1102";"Bd.";"Bundner"
"1103";"Bdt.";"Bundner"
"1104";"Bdter.";"Bundner"
"1105";"Bdtr.";"Bundner"
"1106";"Beale";"Balle"
"1107";"Beber";
"1108";"Beeckir";
"1109";"Beegger";"Baggi"
"1110";"Beerter";"Botte"
"1111";"Begh";
"1112";"Beig Quart.";"Quardel, Berliner"
"1113";"Belde";"Balle"
"1114";"Belder";"Balle"
"1115";"Beldor";"Balle"
"1116";"Beldør";"Balle"
"1117";"Bell.";"Balle"
"1118";"Belle";"Balle"
"1119";"Beller";"Balle"
"1120";"Bempler";"Bimpel"
"1121";"Bemsche";
"1122";"Bendtner";"Bundner"
"1123";"Bension";"Puncheon"
"1124";"Bent";
"1125";"Berc. quart";"Quardel, Berliner"
"1126";"Berh. Qart.";"Quardel, Berliner"
"1127";"Berh. Quart";"Quardel, Berliner"
"1128";"Berk.";"Berkovets"
"1129";"Berko.";"Berkovets"
"1130";"Berkouitz";"Berkovets"
"1131";"Berkov.";"Berkovets"
"1132";"Berkovitz";"Berkovets"
"1133";"Berkow";"Berkovets"
"1134";"Berkow.";"Berkovets"
"1135";"Berkowertz";"Berkovets"
"1136";"Berkowits";"Berkovets"
"1137";"Berkowitz";"Berkovets"
"1138";"Berkowtz.";"Berkovets"
"1139";"Berkowz.";"Berkovets"
"1140";"Berkv.";"Berkovets"
"1141";"Berkw.";"Berkovets"
"1142";"Berl. Quart";"Quardel, Berliner"
"1143";"Berl. Quarter";"Quardel, Berliner"
"1144";"Berl. Quarts";"Quardel, Berliner"
"1145";"Berliner Quart";"Quardel, Berliner"
"1146";"Berliner Quarts";"Quardel, Berliner"
"1147";"Berq.";"Berkovets"
"1148";"Beschlage Lester";"Læst, Beslagen"
"1149";"Beslaegen Lester";"Læst, Beslagen"
"1150";"Beslaegne Lester";"Læst, Beslagen"
"1151";"Beslagen Lester";"Læst, Beslagen"
"1152";"Beslagne lester";"Læst, Beslagen"
"1153";"Beslayer Lester";"Læst, Beslagen"
"1154";"Beter";"Botte"
"1155";"Better";"Botte"
"1156";"Beut";"Botte"
"1157";"Beylter";"Botte"
"1158";"Bhotler";"Botte"
"1159";"Bibbe";"Pibe"
"1160";"Bibber";"Pibe"
"1161";"Bibe";"Pibe"
"1162";"Biber";"Pibe"
"1163";"Bimbler";"Bimpel"
"1164";"Bimpe";"Bimpel"
"1165";"Bimpel";"Bimpel"
"1166";"Bimpeler";"Bimpel"
"1167";"Bimpell";"Bimpel"
"1168";"Bimpler";"Bimpel"
"1169";"Binde";"Bundner"
"1170";"Binpel";"Bimpel"
"1171";"Bipe";"Pibe"
"1172";"Birka";"Berkovets"
"1173";"Birkow";"Berkovets"
"1174";"Bismerpund";"Bismerpund"
"1175";"Bk.";"Bundner"
"1176";"Bl.";"Balle"
"1177";"Blaaer";
"1178";"Blather";
"1179";"Blecke";
"1180";"Blikdaase";"Blikdaase"
"1181";"Blikdaaser";"Blikdaase"
"1182";"Bllr.";"Balle"
"1183";"Blocke";"Blokke"
"1184";"Blocker";"Blokke"
"1185";"Blog";"Blog"
"1186";"Blok";"Blokke"
"1187";"Blokk.";"Blokke"
"1188";"Blokke";"Blokke"
"1189";"Boat";"Botte"
"1190";"Bode";"Botte"
"1191";"Boder";"Botte"
"1192";"Bodt";"Botte"
"1193";"Bodter";"Botte"
"1194";"Boedt";"Botte"
"1195";"Boeger";
"1196";"Boeijsijl.";
"1197";"Boem";
"1198";"Boender";"Bundner"
"1199";"Boendt";"Bundner"
"1200";"Boenthe";"Bundner"
"1201";"Boerderintstucke";
"1202";"Boerdt";"Botte"
"1203";"Boerter";"Botte"
"1204";"Boerther";"Botte"
"1205";"Boertir";"Botte"
"1206";"Boerttix";"Botte"
"1207";"Boeshons";"Bushel"
"1208";"Boesoax";"Boisseau"
"1209";"Boessau";"Boisseau"
"1210";"Boet";"Botte"
"1211";"Boet.";"Botte"
"1212";"Boete";"Botte"
"1213";"Boeted";"Botte"
"1214";"Boeteller";"Flaske"
"1215";"Boeten";"Botte"
"1216";"Boetenn";"Botte"
"1217";"Boeter";"Botte"
"1218";"Bøeter";"Botte"
"1219";"Boeter eller Piber";"Botte"
"1220";"Boeter eller Piber";"Pibe"
"1221";"Boeter og Piiber";"Botte"
"1222";"Boeter og Piiber";"Pibe"
"1223";"Boether";"Botte"
"1224";"Boetir";"Botte"
"1225";"Boetkr";"Botte"
"1226";"Boetr";"Botte"
"1227";"Boetrer";"Botte"
"1228";"Boett";"Botte"
"1229";"Boett.";"Botte"
"1230";"Boette";"Botte"
"1231";"Bøette";"Botte"
"1232";"Boetten";"Botte"
"1233";"Boetter";"Botte"
"1234";"Bøetter";"Botte"
"1235";"Boetter och Piber";"Botte"
"1236";"Boetter och Piber";"Pibe"
"1237";"Boetthir";"Botte"
"1238";"Boettier";"Botte"
"1239";"Boettir";"Botte"
"1240";"Boettr";"Botte"
"1241";"Boetttter";"Botte"
"1242";"Bofer";"Botte"
"1243";"Bog";"Bog"
"1244";"Boger";"Bog"
"1245";"Bøger";"Bog"
"1246";"Bogger";"Bog"
"1247";"Bøgger";"Bog"
"1248";"Bohl";"Wohl"
"1249";"Bohl.";"Wohl"
"1250";"Bohler";"Wohl"
"1251";"Bohs.";"Botte"
"1252";"Bohsseau";"Boisseau"
"1253";"Bohsus";"Boisseau"
"1254";"Boht";"Botte"
"1255";"Boht.";"Botte"
"1256";"Bohter";"Botte"
"1257";"Bois.";"Boisseau"
"1258";"Boisau";"Boisseau"
"1259";"Boisaur";"Boisseau"
"1260";"Boiseau";"Boisseau"
"1261";"Boiseaus";"Boisseau"
"1262";"Boiseaux";"Boisseau"
"1263";"Boiss.";"Boisseau"
"1264";"Boissau";"Boisseau"
"1265";"Boissaus";"Boisseau"
"1266";"Boissaux";"Boisseau"
"1267";"Boisseau";"Boisseau"
"1268";"Boisseaus";"Boisseau"
"1269";"Boisseaux";"Boisseau"
"1270";"Boissenwick";
"1271";"Boissj.";"Boisseau"
"1272";"Boisslau";"Boisseau"
"1273";"Boissou";"Boisseau"
"1274";"Boiter";"Botte"
"1275";"Boitir";"Botte"
"1276";"Boitt.";"Botte"
"1277";"Boitter";"Botte"
"1278";"Boittiir";"Botte"
"1279";"Boittir";"Botte"
"1280";"Bolche";"Wohl"
"1281";"Boler";"Wohl"
"1282";"Bolher";"Wohl"
"1283";"Bollast";
"1284";"Bollthe";"Bylt"
"1285";"Bølltt";"Bylt"
"1286";"Bols";"Boisseau"
"1287";"Bolsos";"Boisseau"
"1288";"Bolsseaux";"Boisseau"
"1289";"Bolt";"Bylt"
"1290";"Bølt";"Bylt"
"1291";"Bolter";"Bylt"
"1292";"Boltten";"Bylt"
"1293";"Bømtt";
"1294";"Boncke";
"1295";"Bond";"Bundner"
"1296";"Bønd";"Bundner"
"1297";"Bonde";"Bundner"
"1298";"Bonder";"Bundner"
"1299";"Bønder";"Bundner"
"1300";"Bonds";"Bundner"
"1301";"Bondt";"Bundner"
"1302";"Bondter";"Bundner"
"1303";"Bonnd";"Bundner"
"1304";"Bonndt";"Bundner"
"1305";"Bonnt";"Bundner"
"1306";"Bont";"Bundner"
"1307";"Bonter";"Bundner"
"1308";"Bontt";"Bundner"
"1309";"Bontte";"Bundner"
"1310";"Bontter";"Bundner"
"1311";"Bood";"Botte"
"1312";"Boodter";"Botte"
"1313";"Booker";"Botte"
"1314";"Boorter";"Botte"
"1315";"Boot";"Botte"
"1316";"Boot secker";
"1317";"Boot.";"Botte"
"1318";"Boot. og piber";"Botte"
"1319";"Boot. og piber";"Pibe"
"1320";"Boote";"Botte"
"1321";"Bøote";"Botte"
"1322";"Boote og piber";"Botte"
"1323";"Boote og piber";"Pibe"
"1324";"Booten";"Botte"
"1325";"Booter";"Botte"
"1326";"Booter och Piber";"Botte"
"1327";"Booter och Piber";"Pibe"
"1328";"Booter og pibe";"Botte"
"1329";"Booter og pibe";"Pibe"
"1330";"Booter og piber";"Botte"
"1331";"Booter og piber";"Pibe"
"1332";"Booter og Pieber";"Botte"
"1333";"Booter og Pieber";"Pibe"
"1334";"Booter og Piiber";"Botte"
"1335";"Booter og Piiber";"Pibe"
"1336";"Booth";"Botte"
"1337";"Booth.";"Botte"
"1338";"Boothe";"Botte"
"1339";"Boother";"Botte"
"1340";"Bootr";"Botte"
"1341";"Boots";"Botte"
"1342";"Bootse";"Botte"
"1343";"Boott";"Botte"
"1344";"Boott.";"Botte"
"1345";"Bootte";"Botte"
"1346";"Bootter";"Botte"
"1347";"Bopper";"Kop"
"1348";"Bord";"Botte"
"1349";"Bord.";"Botte"
"1350";"Borser";"Boisseau"
"1351";"Børser";"Boisseau"
"1352";"Børsser";"Boisseau"
"1353";"Borster";"Boisseau"
"1354";"Bort";"Botte"
"1355";"Bort.";"Botte"
"1356";"Borte";"Botte"
"1357";"Børte";"Botte"
"1358";"Borten";"Botte"
"1359";"Borter";"Botte"
"1360";"Børter";"Botte"
"1361";"Borterr";"Botte"
"1362";"Bortertt";"Botte"
"1363";"Borth.";"Botte"
"1364";"Borthe";"Botte"
"1365";"Borther";"Botte"
"1366";"Borthir";"Botte"
"1367";"Bortir";"Botte"
"1368";"Bortt";"Botte"
"1369";"Bortt.";"Botte"
"1370";"Bortte";"Botte"
"1371";"Bortter";"Botte"
"1372";"Borttir";"Botte"
"1373";"Bos";"Boisseau"
"1374";"Bos.";"Boisseau"
"1375";"Bosau";"Boisseau"
"1376";"Bosche";"Boisseau"
"1377";"Boscher";"Boisseau"
"1378";"Boseau";"Boisseau"
"1379";"Boseaur";"Boisseau"
"1380";"Boseaus";"Boisseau"
"1381";"Boseaux";"Boisseau"
"1382";"Boser";"Boisseau"
"1383";"Bøser";"Boisseau"
"1384";"Bosew";"Boisseau"
"1385";"Bosiur";"Boisseau"
"1386";"Bosiuv.";"Boisseau"
"1387";"Bosor";"Boisseau"
"1388";"Bosouer";"Boisseau"
"1389";"Bosow";"Boisseau"
"1390";"Bosoy";"Boisseau"
"1391";"Boss";"Boisseau"
"1392";"Boss.";"Boisseau"
"1393";"Bossan";"Boisseau"
"1394";"Bossans";"Boisseau"
"1395";"Bossau";"Boisseau"
"1396";"Bossau.";"Boisseau"
"1397";"Bossaua";"Boisseau"
"1398";"Bossaus";"Boisseau"
"1399";"Bossauw";"Boisseau"
"1400";"Bossaux";"Boisseau"
"1401";"Bossauxs";"Boisseau"
"1402";"Bosse.";"Boisseau"
"1403";"Bosseau";"Boisseau"
"1404";"Bosseaus";"Boisseau"
"1405";"Bosseaux";"Boisseau"
"1406";"Bossels";"Boisseau"
"1407";"Bosser";"Boisseau"
"1408";"Bøsser";"Boisseau"
"1409";"Bosses";"Boisseau"
"1410";"Bosseu";"Boisseau"
"1411";"Bossiau";"Boisseau"
"1412";"Bossiaux";"Boisseau"
"1413";"Bossieu";"Boisseau"
"1414";"Bossins";"Boisseau"
"1415";"Bossiou";"Boisseau"
"1416";"Bossoos";"Boisseau"
"1417";"Bossos";"Boisseau"
"1418";"Bossou";"Boisseau"
"1419";"Bøssou";"Boisseau"
"1420";"Bossous";"Boisseau"
"1421";"Bossouw";"Boisseau"
"1422";"Bøssøw";"Boisseau"
"1423";"Bøster";"Boisseau"
"1424";"Bot";"Botte"
"1425";"Bot.";"Botte"
"1426";"Bote";"Botte"
"1427";"Boten";"Botte"
"1428";"Boter";"Botte"
"1429";"Bøter";"Botte"
"1430";"Boter och piber";"Botte"
"1431";"Boter och piber";"Pibe"
"1432";"Boter og piber";"Botte"
"1433";"Boter og piber";"Pibe"
"1434";"Boter og Piiber";"Botte"
"1435";"Boter og Piiber";"Pibe"
"1436";"Both";"Botte"
"1437";"Both og pibe";"Botte"
"1438";"Both og pibe";"Pibe"
"1439";"Both.";"Botte"
"1440";"Bothe";"Botte"
"1441";"Bother";"Botte"
"1442";"Bothler";"Botte"
"1443";"Bothør";"Botte"
"1444";"Bothr.";"Botte"
"1445";"Botir";"Botte"
"1446";"Botl.";"Flaske"
"1447";"Botn";"Botte"
"1448";"Botr";"Botte"
"1449";"Bøtr.";"Botte"
"1450";"Bott";"Botte"
"1451";"Bott.";"Botte"
"1452";"Botte";"Botte"
"1453";"Bøtte";"Botte"
"1454";"Botteler";"Flaske"
"1455";"Botteller";"Flaske"
"1456";"Botten";"Botte"
"1457";"Bottenn";"Botte"
"1458";"Botter";"Botte"
"1459";"Bøtter";"Botte"
"1460";"Botter och piber";"Botte"
"1461";"Botter och piber";"Pibe"
"1462";"Botter og piber";"Botte"
"1463";"Botter og piber";"Pibe"
"1464";"Botter og Piiber";"Botte"
"1465";"Botter og Piiber";"Pibe"
"1466";"Botthe";"Botte"
"1467";"Botther";"Botte"
"1468";"Bottir";"Botte"
"1469";"Bottl.";"Flaske"
"1470";"Bottr";"Botte"
"1471";"Bottre";"Botte"
"1472";"Bottter";"Botte"
"1473";"Boucin";
"1474";"Boulls";"Flaske"
"1475";"Bourtell.";"Flaske"
"1476";"Bourtellier";"Flaske"
"1477";"Bous.";"Boisseau"
"1478";"Bouseau";"Boisseau"
"1479";"Bouseaux";"Boisseau"
"1480";"Boushou";"Bushel"
"1481";"Bousou";"Boisseau"
"1482";"Bousous";"Boisseau"
"1483";"Bouss";"Boisseau"
"1484";"Bouss.";"Boisseau"
"1485";"Boussaux";"Boisseau"
"1486";"Bousscaux";"Boisseau"
"1487";"Bousseau";"Boisseau"
"1488";"Bousseaus";"Boisseau"
"1489";"Bousseaux";"Boisseau"
"1490";"Bousseauxs";"Boisseau"
"1491";"Bousseax";"Boisseau"
"1492";"Boussels";"Bushel"
"1493";"Boussou";"Boisseau"
"1494";"Bousuau";"Boisseau"
"1495";"Bout.";"Buteljer"
"1496";"Bouteil.";"Buteljer"
"1497";"Bouteiler";"Buteljer"
"1498";"Bouteill.";"Buteljer"
"1499";"Bouteille";"Buteljer"
"1500";"Bouteiller";"Buteljer"
"1501";"Bouteilles";"Buteljer"
"1502";"Bouteillis";"Buteljer"
"1503";"Boutel";"Buteljer"
"1504";"Boutel.";"Buteljer"
"1505";"Boutell.";"Buteljer"
"1506";"Bouteller";"Buteljer"
"1507";"Boutellier";"Buteljer"
"1508";"Bouter";"Buteljer"
"1509";"Bouth.";"Buteljer"
"1510";"Boutl";"Buteljer"
"1511";"Bout-l";"Buteljer"
"1512";"Boutl.";"Buteljer"
"1513";"Bout-l.";"Buteljer"
"1514";"Boutle";"Buteljer"
"1515";"Boutle.";"Buteljer"
"1516";"Boutler";"Buteljer"
"1517";"Boutlr.";"Buteljer"
"1518";"Boutt";"Buteljer"
"1519";"Boutt.";"Buteljer"
"1520";"Boutteiller";"Buteljer"
"1521";"Bouttell.";"Buteljer"
"1522";"Boutter";"Botte"
"1523";"Boyer";"Bog"
"1524";"Bøyer";"Bog"
"1525";"Boyter";"Botte"
"1526";"Bp.";
"1527";"Brelkre";
"1528";"Bremmer tønder";"Tønde, Bremer"
"1529";"Bres";
"1530";"Bs.";
"1531";"Bt.";
"1532";"Btl.";"Buteljer"
"1533";"Btlr.";"Buteljer"
"1534";"Btr.";"Bundner"
"1535";"Bts.";
"1536";"Buchels";"Bushel"
"1537";"Bud";"Bundner"
"1538";"Budt";"Bundner"
"1539";"Buendt";"Bundner"
"1540";"Buhler";
"1541";"Buindt";"Bundner"
"1542";"Buit";"Bundner"
"1543";"Buller";"Balle"
"1544";"Bulter";"Bylt"
"1545";"Bumd";"Bundner"
"1546";"Bumpeler";"Bimpel"
"1547";"Bund";"Bundner"
"1548";"Bund.";"Bundner"
"1549";"Bunde";"Bundner"
"1550";"Bundeler";"Bundner"
"1551";"Bunden";"Bundner"
"1552";"Bunder";"Bundner"
"1553";"Bundi";"Bundner"
"1554";"Bundler";"Bundner"
"1555";"Bundner";"Bundner"
"1556";"Bundr.";"Bundner"
"1557";"Bunds";"Bundner"
"1558";"Bundt";"Bundner"
"1559";"Bundt och Packer";"Bundner"
"1560";"Bundt och Packer";"Pakke"
"1561";"Bundt.";"Bundner"
"1562";"Bundte";"Bundner"
"1563";"Bundter";"Bundner"
"1564";"Bundter og paker";"Bundner"
"1565";"Bundter og paker";"Pakke"
"1566";"Bundtner";"Bundner"
"1567";"Bundtr";"Bundner"
"1568";"Bundtr.";"Bundner"
"1569";"Bundtt";"Bundner"
"1570";"Bune";"Bundner"
"1571";"Bunnd";"Bundner"
"1572";"Bunnde";"Bundner"
"1573";"Bunndt";"Bundner"
"1574";"Bunndtt";"Bundner"
"1575";"Bunnt";"Bundner"
"1576";"Bunntt";"Bundner"
"1577";"Bunt";"Bundner"
"1578";"Bunt.";"Bundner"
"1579";"Bunte";"Bundner"
"1580";"Bunter";"Bundner"
"1581";"Buntt";"Bundner"
"1582";"Busch";"Bushel"
"1583";"Busch.";"Bushel"
"1584";"Buschel";"Bushel"
"1585";"Buschels";"Bushel"
"1586";"Buschl.";"Bushel"
"1587";"Bush";"Bushel"
"1588";"Bushel";"Bushel"
"1589";"Bushele";"Bushel"
"1590";"Busheler";"Bushel"
"1591";"Bushell";"Bushel"
"1592";"Busheller";"Bushel"
"1593";"Bushells";"Bushel"
"1594";"Bushels";"Bushel"
"1595";"Bushl.";"Bushel"
"1596";"Bushler";"Bushel"
"1597";"Bushls.";"Bushel"
"1598";"Busk";
"1599";"Bussel";"Bushel"
"1600";"Bussels";"Bushel"
"1601";"Busser";"Bushel"
"1602";"Busshel";"Bushel"
"1603";"Busssu";"Boisseau"
"1604";"Buteljer";"Buteljer"
"1605";"Butellier";"Buteljer"
"1606";"Butler";"Buteljer"
"1607";"Butter";"Botte"
"1608";"Buund";"Bundner"
"1609";"Buundt";"Bundner"
"1610";"Buuter";"Bundner"
"1611";"Buylter";"Bylt"
"1612";"Byldt";"Bylt"
"1613";"Byllter";"Bylt"
"1614";"Bylt";"Bylt"
"1615";"Bylter";"Bylt"
"1616";"Bymbell";"Bimpel"
"1617";"Bympel";"Bimpel"
"1618";"Bytte";
"1619";"C";"Centner"
"1620";"C.";"Centner"
"1621";"Caffier";"Caffiso"
"1622";"Caffisi";"Caffiso"
"1623";"Caffiss";"Caffiso"
"1624";"Caffur";"Casser"
"1625";"Cafs";
"1626";"Cahiser";"Cahiz"
"1627";"Cahizer";"Cahiz"
"1628";"Cahizes";"Cahiz"
"1629";"Cahlder";"Chaldron"
"1630";"Cahlders";"Chaldron"
"1631";"Cahsa";"Casser"
"1632";"Cahser";"Casser"
"1633";"Cahsser";"Casser"
"1634";"Caisser";"Casser"
"1635";"Calder";"Chaldron"
"1636";"Caldron";"Chaldron"
"1637";"Caldrons";"Chaldron"
"1638";"Cananster";"Canaster"
"1639";"Canast";"Canaster"
"1640";"Canast.";"Canaster"
"1641";"Canastener";"Canaster"
"1642";"Canaster";"Canaster"
"1643";"Cande";"Kande"
"1644";"Cander";"Kande"
"1645";"Canester";"Canaster"
"1646";"Canisters";"Canaster"
"1647";"Cannaste";"Canaster"
"1648";"Cannaster";"Canaster"
"1649";"Canner";"Kande"
"1650";"Cannester";"Canaster"
"1651";"Canns.";"Canaster"
"1652";"Cannster";"Canaster"
"1653";"Canntener";"Canaster"
"1654";"Canosse";"Canaster"
"1655";"Canster";"Canaster"
"1656";"Cantar";"Kantar"
"1657";"Canth:";
"1658";"Capell";"Copel"
"1659";"Carasssen";"Canaster"
"1660";"Caratelli";"Caratello"
"1661";"Caratetter";"Caratello"
"1662";"Cardel";"Quardel"
"1663";"Cardeler";"Quardel"
"1664";"Carffur";"Kuffert"
"1665";"Cargas";
"1666";"Cargason";"Ladning"
"1667";"Cargerss";"Charge"
"1668";"Carica";
"1669";"Carnaster";"Canaster"
"1670";"Carre";
"1671";"Carser";"Charge"
"1672";"Carteler";"Quardel"
"1673";"Carteler eller oxhoder";"Quardel"
"1674";"Carteler eller oxhoder";"Oksehovede"
"1675";"Cas.";"Casser"
"1676";"Casa";"Casser"
"1677";"Casche";"Casser"
"1678";"Case";"Casser"
"1679";"Caser";"Casser"
"1680";"Cashe";"Casser"
"1681";"Casis";"Casser"
"1682";"Casr";"Casser"
"1683";"Cass";"Casser"
"1684";"Cass.";"Casser"
"1685";"Cassa";"Casser"
"1686";"Casse";"Casser"
"1687";"Cassener";"Casser"
"1688";"Casser";"Casser"
"1689";"Casser oc fadde";"Casser"
"1690";"Casser oc fadde";"Fad"
"1691";"Casser och fadde etc.";"Casser"
"1692";"Casser och fadde etc.";"Fad"
"1693";"Casser och fade";"Casser"
"1694";"Casser och fade";"Fad"
"1695";"Casser og Fad";"Casser"
"1696";"Casser og Fad";"Fad"
"1697";"Casser og packe";"Casser"
"1698";"Casser og packe";"Pakke"
"1699";"Casser og packer";"Casser"
"1700";"Casser og packer";"Pakke"
"1701";"Cassies";"Casser"
"1702";"Cassin";"Casser"
"1703";"Cassins";"Casser"
"1704";"Cassis";"Casser"
"1705";"Cassor";"Casser"
"1706";"Cassse";"Casser"
"1707";"Casssen";"Casser"
"1708";"Cassser";"Casser"
"1709";"Caste";"Casser"
"1710";"Caster";"Casser"
"1711";"Castter";"Casser"
"1712";"Casur";"Casser"
"1713";"Cattins";"Catti"
"1714";"Catty";"Catti"
"1715";"Cb. favn";"Kubikfavn"
"1716";"Cbefod";"KubikFod"
"1717";"Cbfavn.";"Kubikfavn"
"1718";"Cbfv.";"Kubikfavn"
"1719";"Cbfvn.";"Kubikfavn"
"1720";"Cbfvne.";"Kubikfavn"
"1721";"Cbtn.";"Centner"
"1722";"Ce.";"Centner"
"1723";"Cechter";"Centner"
"1724";"Ceitn.";"Centner"
"1725";"Cen.";"Centner"
"1726";"Cend.";
"1727";"Cendtner";"Centner"
"1728";"Cener";"Centner"
"1729";"Ceniiener";"Centner"
"1730";"Cennetener";"Centner"
"1731";"Cennettener";"Centner"
"1732";"Cenntener";"Centner"
"1733";"Cenntenir";"Centner"
"1734";"Cenntenne";"Centner"
"1735";"Cenntenner";"Centner"
"1736";"Cennterer";"Centner"
"1737";"Cennthener";"Centner"
"1738";"Cenntner";"Centner"
"1739";"Cennttener";"Centner"
"1740";"Cennttenner";"Centner"
"1741";"Cennttner";"Centner"
"1742";"Cennttnner";"Centner"
"1743";"Cenntttener";"Centner"
"1744";"Cenr.";"Centner"
"1745";"Cenrenner";"Centner"
"1746";"Cent";"Centner"
"1747";"Cent-";"Centner"
"1748";"Cent.";"Centner"
"1749";"Cent.r";"Centner"
"1750";"Centauer";"Centner"
"1751";"Centauwer";"Centner"
"1752";"Cente";"Centner"
"1753";"Cente.";"Centner"
"1754";"Centemer";"Centner"
"1755";"Centen.";"Centner"
"1756";"Centenener";"Centner"
"1757";"Centener";"Centner"
"1758";"Centenerr";"Centner"
"1759";"Centenmer";"Centner"
"1760";"Centenner";"Centner"
"1761";"Cententer";"Centner"
"1762";"Center";"Centner"
"1763";"Centeren";"Centner"
"1764";"Centerer";"Centner"
"1765";"Centern";"Centner"
"1766";"Centerner";"Centner"
"1767";"Centeuer";"Centner"
"1768";"Centhen.";"Centner"
"1769";"Centhener";"Centner"
"1770";"Centhenner";"Centner"
"1771";"Centher";"Centner"
"1772";"Centhr";"Centner"
"1773";"Centiner";"Centner"
"1774";"Centn";"Centner"
"1775";"Centn.";"Centner"
"1776";"Centnaer";"Centner"
"1777";"Centne.";"Centner"
"1778";"Centnener";"Centner"
"1779";"Centner";"Centner"
"1780";"Centnerr";"Centner"
"1781";"Centnner";"Centner"
"1782";"Centnr.";"Centner"
"1783";"Centr";"Centner"
"1784";"Centr.";"Centner"
"1785";"Centre";"Centner"
"1786";"Centrener";"Centner"
"1787";"Centt.";"Centner"
"1788";"Centtene";"Centner"
"1789";"Centtener";"Centner"
"1790";"Centtenner";"Centner"
"1791";"Centter";"Centner"
"1792";"Centterer";"Centner"
"1793";"Centtern";"Centner"
"1794";"Centtiner";"Centner"
"1795";"Centtner";"Centner"
"1796";"Centtnner";"Centner"
"1797";"Centttene";"Centner"
"1798";"Centttener";"Centner"
"1799";"Centuer";"Centner"
"1800";"Centum";"Centner"
"1801";"Cerhter";"Centner"
"1802";"Cetener";"Centner"
"1803";"Cetner";"Centner"
"1804";"Cetnr.";"Centner"
"1805";"Cetr.";"Centner"
"1806";"Cetw.";"Chetvert"
"1807";"Ceutener";"Centner"
"1808";"Ch.";"Chaldron"
"1809";"Chad.";"Chaldron"
"1810";"Chader";"Chaldron"
"1811";"Chadr.";"Chaldron"
"1812";"Chads.";"Chaldron"
"1813";"Chal.";"Chaldron"
"1814";"Chald";"Chaldron"
"1815";"Chald.";"Chaldron"
"1816";"Chalde";"Chaldron"
"1817";"Chalde.";"Chaldron"
"1818";"Chalder";"Chaldron"
"1819";"Chalderon";"Chaldron"
"1820";"Chalderone";"Chaldron"
"1821";"Chalders";"Chaldron"
"1822";"Chaldes";"Chaldron"
"1823";"Chaldons";"Chaldron"
"1824";"Chaldr.";"Chaldron"
"1825";"Chaldres";"Chaldron"
"1826";"Chaldron";"Chaldron"
"1827";"Chaldrone";"Chaldron"
"1828";"Chaldrons";"Chaldron"
"1829";"Chaldrs";"Chaldron"
"1830";"Chaldrs.";"Chaldron"
"1831";"Chalds";"Chaldron"
"1832";"Chalds.";"Chaldron"
"1833";"Chall.";"Chaldron"
"1834";"Chalns.";"Chaldron"
"1835";"Charger";"Charge"
"1836";"Charges";"Charge"
"1837";"Charser";"Charge"
"1838";"Chdr.";"Chaldron"
"1839";"Chdrs.";"Chaldron"
"1840";"Chefler";"Scheffel"
"1841";"Chelw.";"Chetvert"
"1842";"Chelwerts";"Chetvert"
"1843";"Chertwerts";"Chetvert"
"1844";"Chesch.";"Chetvert"
"1845";"Chet.";"Chetvert"
"1846";"Chetsv.";"Chetvert"
"1847";"Chetsverts";"Chetvert"
"1848";"Chetv.";"Chetvert"
"1849";"Chetverts";"Chetvert"
"1850";"Chetvt.";"Chetvert"
"1851";"Chetw";"Chetvert"
"1852";"Chetw.";"Chetvert"
"1853";"Chetwerck";"Chetvert"
"1854";"Chetwerts";"Chetvert"
"1855";"Chetwts.";"Chetvert"
"1856";"Chiald.";"Chaldron"
"1857";"Chialder";"Chaldron"
"1858";"Chintnr.";"Centner"
"1859";"Chintzr.";"Centner"
"1860";"Chl.";"Chaldron"
"1861";"Chld.";"Chaldron"
"1862";"Chlder.";"Chaldron"
"1863";"Chlders.";"Chaldron"
"1864";"Chldes.";"Chaldron"
"1865";"Chldr.";"Chaldron"
"1866";"Chldres.";"Chaldron"
"1867";"Chldrs.";"Chaldron"
"1868";"Chlds.";"Chaldron"
"1869";"Chlrds.";"Chaldron"
"1870";"Chr.";"Chaldron"
"1871";"Chtv.";"Chetvert"
"1872";"Chyste";"Kiste"
"1873";"Ciister";"Kiste"
"1874";"Cinetener";"Centner"
"1875";"Cinnt.";"Centner"
"1876";"Cinnt.r";"Centner"
"1877";"Cinnteer";"Centner"
"1878";"Cinntener";"Centner"
"1879";"Cinntenir";"Centner"
"1880";"Cinntenner";"Centner"
"1881";"Cinnter";"Centner"
"1882";"Cinnth.";"Centner"
"1883";"Cinnther";"Centner"
"1884";"Cinntner";"Centner"
"1885";"Cinnttener";"Centner"
"1886";"Cinnttenir";"Centner"
"1887";"Cinnttner";"Centner"
"1888";"Cinstr";"Centner"
"1889";"Cint";"Centner"
"1890";"Cint,r";"Centner"
"1891";"Cint.";"Centner"
"1892";"Cint.r";"Centner"
"1893";"Cint.r.";"Centner"
"1894";"Cintaner";"Centner"
"1895";"Cintauer";"Centner"
"1896";"Cinte";"Centner"
"1897";"Cinteer";"Centner"
"1898";"Cinten";"Centner"
"1899";"Cinten.";"Centner"
"1900";"Cintene";"Centner"
"1901";"Cintener";"Centner"
"1902";"Cintenet";"Centner"
"1903";"Cintenger";"Centner"
"1904";"Cintenir";"Centner"
"1905";"Cintenn";"Centner"
"1906";"Cintenner";"Centner"
"1907";"Cintenre";"Centner"
"1908";"Cinter";"Centner"
"1909";"Cinter.";"Centner"
"1910";"Cintere";"Centner"
"1911";"Cinterer";"Centner"
"1912";"Cinterner";"Centner"
"1913";"Cinth.";"Centner"
"1914";"Cinth.r";"Centner"
"1915";"Cinthener";"Centner"
"1916";"Cinther";"Centner"
"1917";"Cinthr.";"Centner"
"1918";"Cintiner";"Centner"
"1919";"Cintinir";"Centner"
"1920";"Cintinn";"Centner"
"1921";"Cintjr.";"Centner"
"1922";"Cintmer";"Centner"
"1923";"Cintn";"Centner"
"1924";"Cintn.";"Centner"
"1925";"Cintner";"Centner"
"1926";"Cintnerr";"Centner"
"1927";"Cintnner";"Centner"
"1928";"Cintnr";"Centner"
"1929";"Cintnr.";"Centner"
"1930";"Cintoer";"Centner"
"1931";"Cintoner";"Centner"
"1932";"Cintr";"Centner"
"1933";"Cint-r";"Centner"
"1934";"Cintr.";"Centner"
"1935";"Cint-r.";"Centner"
"1936";"Cints";"Centner"
"1937";"Cinttener";"Centner"
"1938";"Cinttinir";"Centner"
"1939";"Cintuer";"Centner"
"1940";"Cintzr.";"Centner"
"1941";"Cisester";"Kiste"
"1942";"Ciste";"Kiste"
"1943";"Cistener";"Kiste"
"1944";"Cistenner";"Kiste"
"1945";"Cister";"Kiste"
"1946";"Cisthe";"Kiste"
"1947";"Cistner";"Kiste"
"1948";"Cisttener";"Kiste"
"1949";"Cistter";"Kiste"
"1950";"Citener";"Centner"
"1951";"Citron Kister";"Kiste, Citron"
"1952";"Clds.";"Chaldron"
"1953";"Cn.";"Centner"
"1954";"Cnt.";"Centner"
"1955";"Cntn.";"Centner"
"1956";"Cntnr.";"Centner"
"1957";"Cntr.";"Centner"
"1958";"Coeffur";"Kuffert"
"1959";"Cøerffue";"Kuffert"
"1960";"Coffer";"Kuffert"
"1961";"Coffert";"Kuffert"
"1962";"Cofferten";"Kuffert"
"1963";"Cofferter";"Kuffert"
"1964";"Coffur";"Kuffert"
"1965";"Cofiør";"Kuffert"
"1966";"Cøfre";"Kuffert"
"1967";"Cohler";"Colli"
"1968";"Cøler";"Colli"
"1969";"Cølie";"Colli"
"1970";"Colis";"Colli"
"1971";"Cølis";"Colli"
"1972";"Coll.";"Colli"
"1973";"Colle";"Colli"
"1974";"Coller";"Colli"
"1975";"Cøller";"Cooler"
"1976";"Colles";"Colli"
"1977";"Colli";"Colli"
"1978";"Collie";"Colli"
"1979";"Collis";"Colli"
"1980";"Collo";"Colli"
"1981";"Colly";"Colli"
"1982";"Compagnier";
"1983";"Contner";"Centner"
"1984";"Coolen";"Cooler"
"1985";"Cooler";"Cooler"
"1986";"Copel";"Copel"
"1987";"Copell";"Copel"
"1988";"Copels";"Copel"
"1989";"Copp.";"Copel"
"1990";"Coppell";"Copel"
"1991";"Coppels";"Copel"
"1992";"Copper";"Kop"
"1993";"Core";"Kurv"
"1994";"Corent gylden";"Gylden, Corent"
"1995";"Corentt gylden";"Gylden, Corent"
"1996";"Corfe";"Kurv"
"1997";"Corfer";"Kurv"
"1998";"Corff";"Kurv"
"1999";"Corffe";"Kurv"
"2000";"Corffer";"Kurv"
"2001";"Corffeur";"Kurv"
"2002";"Corffue";"Kurv"
"2003";"Cørffue";"Kurv"
"2004";"Corffuea";"Kurv"
"2005";"Corffuer";"Kurv"
"2006";"Corffun";"Kurv"
"2007";"Corffur";"Kurv"
"2008";"Cørffur";"Kurv"
"2009";"Corffurr";"Kurv"
"2010";"Corffwe";"Kurv"
"2011";"Corfner";"Kurv"
"2012";"Corftur";"Kurv"
"2013";"Corfue";"Kurv"
"2014";"Corfuer";"Kurv"
"2015";"Corfur";"Kurv"
"2016";"Corn Baller";"Balle, Corn"
"2017";"Corter";
"2018";"Corue";"Kurv"
"2019";"Coruer";"Kurv"
"2020";"Corur";"Kurv"
"2021";"Corve";"Kurv"
"2022";"Corven";"Kurv"
"2023";"Corver";"Kurv"
"2024";"Cørver";"Kurv"
"2025";"Corverr";"Kurv"
"2026";"Corvue";"Kurv"
"2027";"Corwe";"Kurv"
"2028";"Corwer";"Kurv"
"2029";"Coser";"Casser"
"2030";"Cosser";"Casser"
"2031";"Covue";"Kurv"
"2032";"Cr.";"Casser"
"2033";"Croner";
"2034";"Cruker";"Krukke"
"2035";"Cs.";"Casser"
"2036";"Ct.";"Centner"
"2037";"Ct.r";"Centner"
"2038";"Ctfod.";"Kubikfod"
"2039";"Ctn.";"Centner"
"2040";"Ctner.";"Centner"
"2041";"Ctnr.";"Centner"
"2042";"Ctp.";"Cantaro"
"2043";"Ctr";"Centner"
"2044";"Ctr.";"Centner"
"2045";"Cts";"Centner"
"2046";"Cts.";"Centner"
"2047";"Cuard";"Quardel"
"2048";"Cuart.";"Quardel"
"2049";"Cub. f.";"Kubikfavn"
"2050";"Cub. favn";"Kubikfavn"
"2051";"Cub. Favn.";"Kubikfavn"
"2052";"Cub. Favne";"Kubikfavn"
"2053";"Cub. fod";"Kubikfod"
"2054";"Cub.fvn.";"Kubikfavn"
"2055";"Cubbfvne.";"Kubikfavn"
"2056";"Cubf.";"Kubikfavn"
"2057";"Cubfavn.";"Kubikfavn"
"2058";"Cubfd.";"Kubikfod"
"2059";"Cubfv.";"Kubikfavn"
"2060";"Cubfvn.";"Kubikfavn"
"2061";"Cubfvne.";"Kubikfavn"
"2062";"Cubic all.";"Kubik alen"
"2063";"Cubic fad";"Kubikfod"
"2064";"Cubic fod";"Kubikfod"
"2065";"Cubic foed";"Kubikfod"
"2066";"Cubicf.";"Kubikfod"
"2067";"Cubicfavne";"Kubikfavn"
"2068";"Cubicfod.";"Kubikfod"
"2069";"Cubik f.";"Kubikfod"
"2070";"Cubikfavne";"Kubikfavn"
"2071";"Cuffert";"Kurv"
"2072";"Cufferter";"Kurv"
"2073";"Cufferter och casser";"Kurv"
"2074";"Cufferter och casser";"Casser"
"2075";"Cuffisi";"Caffiso"
"2076";"Cufv.";"Kurv"
"2077";"Cuit.";"Centner"
"2078";"Cuitner";"Centner"
"2079";"Curant Gyldenn";"Gylden, Corent"
"2080";"Curf";"Kurv"
"2081";"Curfe";"Kurv"
"2082";"Curfer";"Kurv"
"2083";"Curfere";"Kurv"
"2084";"Curff";"Kurv"
"2085";"Curff.";"Kurv"
"2086";"Curffer";"Kurv"
"2087";"Curffne";"Kurv"
"2088";"Curffue";"Kurv"
"2089";"Curffuer";"Kurv"
"2090";"Curffur";"Kurv"
"2091";"Curffwe";"Kurv"
"2092";"Curfuer";"Kurv"
"2093";"Curfve";"Kurv"
"2094";"Curser";"Kurv"
"2095";"Curt";"Kurv"
"2096";"Curuer";"Kurv"
"2097";"Curuir";"Kurv"
"2098";"Curve";"Kurv"
"2099";"Curver";"Kurv"
"2100";"Custtner";"Centner"
"2101";"Cwt";"Cwt"
"2102";"Cynntener";"Centner"
"2103";"Cyntener";"Centner"
"2104";"Cyntiner";"Centner"
"2105";"Czetvert";"Chetvert"
"2106";"D";"Rigsdaler"
"2107";"D.";"Rigsdaler"
"2108";"D.r";"Rigsdaler"
"2109";"Da.";"Rigsdaler"
"2110";"Daalder";"Rigsdaler"
"2111";"Daaler";"Rigsdaler"
"2112";"Daase";"Daase"
"2113";"Daaser";"Daase"
"2114";"Daasse";"Daase"
"2115";"Dabbild Balle";"Balle, Doppelte"
"2116";"Dæg";"Dægge"
"2117";"Dæge";"Dægge"
"2118";"Dæger";"Dægge"
"2119";"Daeger";"Dægge"
"2120";"Daegge";"Dægge"
"2121";"Dægge";"Dægge"
"2122";"Daegger";"Dægge"
"2123";"Dægger";"Dægge"
"2124";"Daeler";"Rigsdaler"
"2125";"Dager";"Dægge"
"2126";"Daggar";"Dægge"
"2127";"Dagger";"Dægge"
"2128";"Dahler";"Rigsdaler"
"2129";"Dahlers";"Rigsdaler"
"2130";"Daillir";"Rigsdaler"
"2131";"Dal.";"Rigsdaler"
"2132";"Dal.r";"Rigsdaler"
"2133";"Dald.";"Rigsdaler"
"2134";"Dalder";"Rigsdaler"
"2135";"Dale";"Rigsdaler"
"2136";"Daler";"Rigsdaler"
"2137";"Dalerss";"Rigsdaler"
"2138";"Dalir";"Rigsdaler"
"2139";"Dall";"Rigsdaler"
"2140";"Dall.";"Rigsdaler"
"2141";"Dalle";"Rigsdaler"
"2142";"Dalle.";"Rigsdaler"
"2143";"Dallen";"Rigsdaler"
"2144";"Daller";"Rigsdaler"
"2145";"Daller.";"Rigsdaler"
"2146";"Dallir";"Rigsdaler"
"2147";"Dallr";"Rigsdaler"
"2148";"Dallr.";"Rigsdaler"
"2149";"Dalr";"Rigsdaler"
"2150";"Dalr.";"Rigsdaler"
"2151";"Damasolons";
"2152";"Danske tønder";"Tønde, Danske"
"2153";"Dassin";"Dusin"
"2154";"Dasßyn";"Dusin"
"2155";"Dausen";"Dusin"
"2156";"Dausin";"Dusin"
"2157";"Daussig";"Dusin"
"2158";"De.";"Dægge"
"2159";"Debelte bale";"Balle, Doppelte"
"2160";"Debelte balle";"Balle, Doppelte"
"2161";"Dech.";"Dægge"
"2162";"Decher";"Dægge"
"2163";"Decke";"Dægge"
"2164";"Deckener";"Dægge"
"2165";"Decker";"Dægge"
"2166";"Deckir";"Dægge"
"2167";"Deder";"Dægge"
"2168";"Deeg";"Dægge"
"2169";"Deege";"Dægge"
"2170";"Deeger";"Dægge"
"2171";"Deeker";"Dægge"
"2172";"Deel";"En del"
"2173";"Deell";"En del"
"2174";"Deeller";"En del"
"2175";"Deels";"En del"
"2176";"Deffer";"Dægge"
"2177";"Deg";"Dægge"
"2178";"Deg-";"Dægge"
"2179";"Deg.";"Dægge"
"2180";"Deg.r";"Dægge"
"2181";"Degcker";"Dægge"
"2182";"Dege";"Dægge"
"2183";"Dege.";"Dægge"
"2184";"Degeger";"Dægge"
"2185";"Degen";"Dægge"
"2186";"Degepundt";"Dæggepund"
"2187";"Deger";"Dægge"
"2188";"Deger och";"Dægge"
"2189";"Deger och støcker";"Dægge"
"2190";"Deger och støcker";"Støcker"
"2191";"Deger pund";"Dæggepund"
"2192";"Deger.";"Dægge"
"2193";"Degerr";"Dægge"
"2194";"Degers";"Dægge"
"2195";"Degg";"Dægge"
"2196";"Degg.";"Dægge"
"2197";"Degge";"Dægge"
"2198";"Degge.";"Dægge"
"2199";"Deggen";"Dægge"
"2200";"Degger";"Dægge"
"2201";"Deggerr";"Dægge"
"2202";"Deggers";"Dægge"
"2203";"Deggert";"Dægge"
"2204";"Degget";"Dægge"
"2205";"Deggir";"Dægge"
"2206";"Deggr";"Dægge"
"2207";"Deggr.";"Dægge"
"2208";"Degher";"Dægge"
"2209";"Degier";"Dægge"
"2210";"Deginer";"Dægge"
"2211";"Degir";"Dægge"
"2212";"Degr";"Dægge"
"2213";"Deg-r";"Dægge"
"2214";"Degr.";"Dægge"
"2215";"Degrer";"Dægge"
"2216";"Degur";"Dægge"
"2217";"Dehl";"En del"
"2218";"Dehl piibe";"Pibe, En del"
"2219";"Dehler";"En del"
"2220";"Deicher";"Dægge"
"2221";"Deig";"Dægge"
"2222";"Deig.";"Dægge"
"2223";"Deige";"Dægge"
"2224";"Deige.";"Dægge"
"2225";"Deigen";"Dægge"
"2226";"Deiger";"Dægge"
"2227";"Deigere";"Dægge"
"2228";"Deiher";"Dægge"
"2229";"Deijer";"Dægge"
"2230";"Deijg.";"Dægge"
"2231";"Deijger";"Dægge"
"2232";"Deijier";"Dægge"
"2233";"Deijiner";"Dægge"
"2234";"Deke";"Dægge"
"2235";"Deker";"Dægge"
"2236";"Del";"En del"
"2237";"Del.";"En del"
"2238";"Delen";"En del"
"2239";"Deler";"En del"
"2240";"Dell";"En del"
"2241";"Dell.";"En del"
"2242";"Delle";"En del"
"2243";"Dellen";"En del"
"2244";"Deller";"Rigsdaler"
"2245";"Demigahrer";
"2246";"Demyan";
"2247";"Demyaner";
"2248";"Der";"Dægge"
"2249";"Der.";"Dægge"
"2250";"Derg.";"Dægge"
"2251";"Derger";"Dægge"
"2252";"Desans";"Dusin"
"2253";"Desin";"Dusin"
"2254";"Dess.";"Dusin"
"2255";"Dessin";"Dusin"
"2256";"Dessis";"Dusin"
"2257";"Deusin";"Dusin"
"2258";"Deyer";"Dægge"
"2259";"Deyg.";"Dægge"
"2260";"Deyger";"Dægge"
"2261";"Deysin";"Dusin"
"2262";"Dge";"Dægge"
"2263";"Dgeeer";"Dægge"
"2264";"Dger.";"Dægge"
"2265";"Dgr.";"Dægge"
"2266";"Dheg.";"Dægge"
"2267";"Dieger";"Dægge"
"2268";"Diger";"Dægge"
"2269";"Digger";"Dægge"
"2270";"Digir";"Dægge"
"2271";"Diiger";"Dægge"
"2272";"Diilter";"Tylt"
"2273";"Dijsin";"Dusin"
"2274";"Dijssen";"Dusin"
"2275";"Dijssijnn";"Dusin"
"2276";"Dimscher stene";"Sten, Dimscher"
"2277";"Dipelltt balle";"Balle, Dobbelte"
"2278";"Disin";"Dusin"
"2279";"Dissein";"Dusin"
"2280";"Dissinn";"Dusin"
"2281";"Distin";"Dusin"
"2282";"Diuger";"Dægge"
"2283";"Diusennt  pund";"Pund, Tusinde"
"2284";"Diverce";
"2285";"Dl.";"Rigsdaler"
"2286";"Dld.";"Rigsdaler"
"2287";"Dler.";"Rigsdaler"
"2288";"Dller";"Rigsdaler"
"2289";"Dllr.";"Rigsdaler"
"2290";"Dlr";"Rigsdaler"
"2291";"Dlr.";"Rigsdaler"
"2292";"Dob. pibe";"Pibe, Dobbelte"
"2293";"Dobalde balle";"Balle, Dobbelte"
"2294";"Dobalde baller";"Balle, Dobbelte"
"2295";"Dobbbeltt balle";"Balle, Dobbelte"
"2296";"Dobbeld balle";"Balle, Dobbelte"
"2297";"Dobbeld Baller";"Balle, Dobbelte"
"2298";"Dobbelde baler";"Balle, Dobbelte"
"2299";"Dobbelde Ball";"Balle, Dobbelte"
"2300";"Dobbelde balle";"Balle, Dobbelte"
"2301";"Dobbelde baller";"Balle, Dobbelte"
"2302";"Dobbeldeballe";"Balle, Dobbelte"
"2303";"Dobbeldt balle";"Balle, Dobbelte"
"2304";"Dobbele balle";"Balle, Dobbelte"
"2305";"Døbbele balle";"Balle, Dobbelte"
"2306";"Døbbeler baller";"Balle, Doppelte"
"2307";"Dobbell balle";"Balle, Dobbelte"
"2308";"Dobbelld balle";"Balle, Dobbelte"
"2309";"Dobbellde balle";"Balle, Dobbelte"
"2310";"Dobbellde baller";"Balle, Dobbelte"
"2311";"Dobbelle Balle";"Balle, Dobbelte"
"2312";"Dobbellst Baller";"Balle, Dobbelte"
"2313";"Dobbelltte Balle";"Balle"
"2314";"Dobbelltte baller";"Balle"
"2315";"Dobbelt all";"Alen, Dobbelte"
"2316";"Dobbelt allen";"Alen, Dobbelte"
"2317";"Dobbelt aller";"Alen, Dobbelte"
"2318";"Dobbelt balle";"Balle, Dobbelte"
"2319";"Dobbelt Baller";"Balle, Dobbelte"
"2320";"Dobbelt ring";"Ring, Dobbelte"
"2321";"Dobbelte baler";"Balle, Dobbelte"
"2322";"Dobbelte balle";"Balle, Dobbelte"
"2323";"Døbbelte balle";"Balle, Dobbelte"
"2324";"Dobbelte baller";"Balle, Dobbelte"
"2325";"Dobbelte broder";
"2326";"Dobbelter baller";"Balle, Dobbelte"
"2327";"Dobbelthe balle";"Balle, Dobbelte"
"2328";"Dobbeltt Balle";"Balle, Dobbelte"
"2329";"Dobbeltt Baller";"Balle, Dobbelte"
"2330";"Dobbeltte baler";"Balle, Dobbelte"
"2331";"Dobbeltte balle";"Balle, Dobbelte"
"2332";"Dobbet Balle";"Balle, Dobbelte"
"2333";"Dobbilde balle";"Balle, Dobbelte"
"2334";"Døbbilde balle";"Balle, Dobbelte"
"2335";"Dobbilde Belder";"Balle, Dobbelte"
"2336";"Dobbildt balle";"Balle, Dobbelte"
"2337";"Dobbilt Baller";"Balle, Dobbelte"
"2338";"Dobbilt Belle";"Balle, Dobbelte"
"2339";"Dobbilt Beller";"Balle, Dobbelte"
"2340";"Dobbilte baller";"Balle, Dobbelte"
"2341";"Dobbilte Beller";"Balle, Dobbelte"
"2342";"Dobblde bal";"Balle, Dobbelte"
"2343";"Dobeld balle";"Balle, Dobbelte"
"2344";"Dobeld baller";"Balle, Dobbelte"
"2345";"Dobelde bale";"Balle, Dobbelte"
"2346";"Dobelde baler";"Balle, Dobbelte"
"2347";"Dobelde ball";"Balle, Dobbelte"
"2348";"Dobelde balla";"Balle, Dobbelte"
"2349";"Dobelde balle";"Balle, Dobbelte"
"2350";"Døbelde balle";"Balle, Dobbelte"
"2351";"Dobelde baller";"Balle, Dobbelte"
"2352";"Dobelde pibber";"Pibe, Dobbelte"
"2353";"Dobeldt balle";"Balle, Dobbelte"
"2354";"Dobeldt baller";"Balle, Dobbelte"
"2355";"Dobele bale";"Balle, Dobbelte"
"2356";"Dobele balle";"Balle, Dobbelte"
"2357";"Dobele Baller";"Balle, Dobbelte"
"2358";"Dobeler Baler";"Balle, Dobbelte"
"2359";"Dobeler baller";"Balle, Dobbelte"
"2360";"Dobelld Balle";"Balle, Dobbelte"
"2361";"Dobellde balle";"Balle, Dobbelte"
"2362";"Dobelldt Balle";"Balle, Dobbelte"
"2363";"Dobelle baller";"Balle, Dobbelte"
"2364";"Dobeller baller";"Balle, Dobbelte"
"2365";"Dobellte Balle";"Balle, Dobbelte"
"2366";"Dobellte baller";"Balle, Dobbelte"
"2367";"Dobellthe Baller";"Balle, Dobbelte"
"2368";"Dobellthe Sacke";"Sæk, Dobbelte"
"2369";"Dobellthe Seke";"Sæk, Dobbelte"
"2370";"Dobelltt balle";"Balle, Dobbelte"
"2371";"Dobelltt baller";"Balle, Dobbelte"
"2372";"Dobelltte balle";"Balle, Dobbelte"
"2373";"Dobelltte baller";"Balle, Dobbelte"
"2374";"Dobelt Alen";"Alen, Dobbelte"
"2375";"Dobelt baler";"Balle, Dobbelte"
"2376";"Dobelt Ball.";"Balle, Dobbelte"
"2377";"Dobelt balle";"Balle, Dobbelte"
"2378";"Dobelt baller";"Balle, Dobbelte"
"2379";"Dobelt Ste.";"Sten, Dobbelte"
"2380";"Dobelte baler";"Balle, Dobbelte"
"2381";"Dobelte ball.";"Balle, Dobbelte"
"2382";"Dobelte Balle";"Balle, Dobbelte"
"2383";"Dobelte baller";"Balle, Dobbelte"
"2384";"Dobelte schock";"Skok, Dobbelte"
"2385";"Dobelte støcker";"Støcker, Dobbelte"
"2386";"Dobelthe balle";"Balle, Dobbelte"
"2387";"Dobeltt baler";"Balle, Dobbelte"
"2388";"Dobeltt balle";"Balle, Dobbelte"
"2389";"Dobeltt baller";"Balle, Dobbelte"
"2390";"Dobeltt Sacke";"Sæk, Dobbelte"
"2391";"Dobeltt sake";"Sæk, Dobbelte"
"2392";"Dobeltt Secke";"Sæk, Dobbelte"
"2393";"Dobeltt Seke";"Sæk, Dobbelte"
"2394";"Dobeltte baler";"Balle, Dobbelte"
"2395";"Dobeltte balle";"Balle, Dobbelte"
"2396";"Dobeltte Baller";"Balle, Dobbelte"
"2397";"Dobeltte Str.";"Støcker, Dobbelte"
"2398";"Doberte Balle";"Balle, Dobbelte"
"2399";"Dobete baller";"Balle, Dobbelte"
"2400";"Dobette ball.";"Balle, Dobbelte"
"2401";"Dobild Belle";"Balle, Dobbelte"
"2402";"Dobilde balle";"Balle, Dobbelte"
"2403";"Dobilde baller";"Balle, Dobbelte"
"2404";"Dobilde Belder";"Balle, Dobbelte"
"2405";"Dobilde Beller";"Balle, Dobbelte"
"2406";"Dobildeballe";"Balle, Dobbelte"
"2407";"Dobilt Baller";"Balle, Dobbelte"
"2408";"Dobilt Belder";"Balle, Dobbelte"
"2409";"Dobilt Belle";"Balle, Dobbelte"
"2410";"Dobilte Balle";"Balle, Dobbelte"
"2411";"Dobilte Baller";"Balle, Dobbelte"
"2412";"Dobilte Beller";"Balle, Dobbelte"
"2413";"Dobiltte ball.";"Balle, Dobbelte"
"2414";"Dobiltte Belle";"Balle, Dobbelte"
"2415";"Doblte Balle";"Balle, Dobbelte"
"2416";"Doblte Baller";"Balle, Dobbelte"
"2417";"Dobtt. balle";"Balle, Dobbelte"
"2418";"Dobuld Baller";"Balle, Dobbelte"
"2419";"Doche.";"Dægge"
"2420";"Docin";"Dusin"
"2421";"Dødin";"Dusin"
"2422";"Dødshyns";"Dusin"
"2423";"Dødssenn";"Dusin"
"2424";"Dødssinn";"Dusin"
"2425";"Dødsynn";"Dusin"
"2426";"Doelte baller";"Balle, Dobbelte"
"2427";"Doesin";"Dusin"
"2428";"Døesin";"Dusin"
"2429";"Doesinn";"Dusin"
"2430";"Doessin";"Dusin"
"2431";"Døessin";"Dusin"
"2432";"Doessin Pund";"Pund, Dusin"
"2433";"Dogeltte baller";"Balle, Doppelte"
"2434";"Doger";"Dægge"
"2435";"Døger";"Dægge"
"2436";"Doher";"Dægge"
"2437";"Doirste balle";"Balle, Doppelte"
"2438";"Donsin";"Dusin"
"2439";"Doocin";"Dusin"
"2440";"Doosin";"Dusin"
"2441";"Dopelde Balle";"Balle, Doppelte"
"2442";"Dopeldtt balle";"Balle, Doppelte"
"2443";"Dopeldtt baller";"Balle, Doppelte"
"2444";"Dopelle balle";"Balle, Doppelte"
"2445";"Dopellte balle";"Balle, Doppelte"
"2446";"Dopelltt balle";"Balle, Doppelte"
"2447";"Dopelltte balle";"Balle, Doppelte"
"2448";"Dopelt balle";"Balle, Doppelte"
"2449";"Dopelt ballier";"Balle, Doppelte"
"2450";"Dopelte";"Doppelte"
"2451";"Dopelte Ball";"Balle, Doppelte"
"2452";"Dopelte Ballae";"Balle, Doppelte"
"2453";"Dopelte balle";"Balle, Doppelte"
"2454";"Dopelte ballenn";"Balle, Doppelte"
"2455";"Dopelte baller";"Balle, Doppelte"
"2456";"Dopelte stucker";"Balle, Doppelte"
"2457";"Dopelth Baller";"Balle, Doppelte"
"2458";"Dopeltt Balle";"Balle, Doppelte"
"2459";"Dopeltt Baller";"Balle, Doppelte"
"2460";"Dopeltte balle";"Balle, Doppelte"
"2461";"Dopeltte baller";"Balle, Doppelte"
"2462";"Doplelte baslle";"Balle, Doppelte"
"2463";"Dopoltte balle";"Balle, Doppelte"
"2464";"Doppelde balde";"Balle, Doppelte"
"2465";"Doppeldtt ball";"Balle, Doppelte"
"2466";"Doppeldtt baller";"Balle, Doppelte"
"2467";"Doppelle balle";"Balle, Doppelte"
"2468";"Doppelle baller";"Balle, Doppelte"
"2469";"Doppelltte baller";"Balle, Doppelte"
"2470";"Doppelt paller";"Balle, Doppelte"
"2471";"Doppelte";"Doppelte"
"2472";"Doppelte balle";"Balle, Doppelte"
"2473";"Doppelte baller";"Balle, Doppelte"
"2474";"Doppeltt Balle";"Balle, Doppelte"
"2475";"Doppeltte balle";"Balle, Doppelte"
"2476";"Dos.";"Dusin"
"2477";"Døschyn";"Dusin"
"2478";"Dose";"Dusin"
"2479";"Dosein";"Dusin"
"2480";"Døsein";"Dusin"
"2481";"Dosen";"Dusin"
"2482";"Døsen";"Dusin"
"2483";"Dosenn";"Dusin"
"2484";"Doser";"Dusin"
"2485";"Doshin";"Dusin"
"2486";"Dosien";"Dusin"
"2487";"Døsien";"Dusin"
"2488";"Dosiener";"Dusin"
"2489";"Dosienn";"Dusin"
"2490";"Dosienpar";"Dusin"
"2491";"Dosiin";"Dusin"
"2492";"Dosiinen";"Dusin"
"2493";"Dosiinn";"Dusin"
"2494";"Døsiinn";"Dusin"
"2495";"Døsijn";"Dusin"
"2496";"Dosijnn";"Dusin"
"2497";"Døsijnn";"Dusin"
"2498";"Dosin";"Dusin"
"2499";"Døsin";"Dusin"
"2500";"Dosin par";"Par, Dusin"
"2501";"Dosin Pund";"Pund, Dusin"
"2502";"Dosin.";"Dusin"
"2503";"Døsin.";"Dusin"
"2504";"Dosind";"Dusin"
"2505";"Døsind";"Dusin"
"2506";"Dosine";"Dusin"
"2507";"Dosiner";"Dusin"
"2508";"Dosinken";"Dusin"
"2509";"Dosinn";"Dusin"
"2510";"Døsinn";"Dusin"
"2511";"Dosinn Lester";"Læst, Dusin"
"2512";"Dosinn Par";"Par, Dusin"
"2513";"Dosinnd";"Dusin"
"2514";"Døsinnn";"Dusin"
"2515";"Dosinns";"Dusin"
"2516";"Døsinns";"Dusin"
"2517";"Dosins";"Dusin"
"2518";"Døsins";"Dusin"
"2519";"Dosint";"Dusin"
"2520";"Doss";"Dusin"
"2521";"Doss.";"Dusin"
"2522";"Dosse";"Dusin"
"2523";"Dossen";"Dusin"
"2524";"Døssen";"Dusin"
"2525";"Døssenn";"Dusin"
"2526";"Dosser";"Dusin"
"2527";"Dossien";"Dusin"
"2528";"Døssien";"Dusin"
"2529";"Døssienn";"Dusin"
"2530";"Dossiin";"Dusin"
"2531";"Dossijn";"Dusin"
"2532";"Døssijn";"Dusin"
"2533";"Dossijnn";"Dusin"
"2534";"Døssijnn";"Dusin"
"2535";"Dossijnns";"Dusin"
"2536";"Dossim";"Dusin"
"2537";"Døssim";"Dusin"
"2538";"Dossin";"Dusin"
"2539";"Døssin";"Dusin"
"2540";"Dossin Deger";"Dægge, Dusin"
"2541";"Dossin Par";"Par, Dusin"
"2544";"Dossinckes";"Dusin"
"2545";"Dossind";"Dusin"
"2546";"Døssind";"Dusin"
"2547";"Dossine";"Dusin"
"2548";"Dossinen";"Dusin"
"2549";"Døssinen";"Dusin"
"2550";"Dossiner";"Dusin"
"2551";"Dossinn";"Dusin"
"2552";"Døssinn";"Dusin"
"2553";"Dossinnd";"Dusin"
"2554";"Dossinner";"Dusin"
"2555";"Dossinns";"Dusin"
"2556";"Døssinns";"Dusin"
"2557";"Dossins";"Dusin"
"2558";"Døssins";"Dusin"
"2559";"Dossinz";"Dusin"
"2560";"Dosson";"Dusin"
"2561";"Dossun";"Dusin"
"2562";"Døssunn";"Dusin"
"2563";"Dossyn";"Dusin"
"2564";"Døssyn";"Dusin"
"2565";"Dossynn";"Dusin"
"2566";"Døssynn";"Dusin"
"2567";"Døssyns";"Dusin"
"2568";"Døsyenn";"Dusin"
"2569";"Dosyn";"Dusin"
"2570";"Døsyn";"Dusin"
"2571";"Dosynn";"Dusin"
"2572";"Døsynn";"Dusin"
"2573";"Doszin";"Dusin"
"2574";"Døszin";"Dusin"
"2575";"Døszyn";"Dusin"
"2576";"Døszynn";"Dusin"
"2577";"Doucin";"Dusin"
"2578";"Doucins";"Dusin"
"2579";"Dousen";"Dusin"
"2580";"Dousien";"Dusin"
"2581";"Dousig";"Dusin"
"2582";"Dousin";"Dusin"
"2583";"Dousing";"Dusin"
"2584";"Dousins";"Dusin"
"2585";"Doussen";"Dusin"
"2586";"Doussien";"Dusin"
"2587";"Doussig";"Dusin"
"2588";"Doussin";"Dusin"
"2589";"Døussin";"Dusin"
"2590";"Doussin Pahr";"Par, Dusin"
"2591";"Doussinn";"Dusin"
"2592";"Doussins";"Dusin"
"2593";"Doussun";"Dusin"
"2594";"Doussyn";"Dusin"
"2595";"Doussyn Pundt";"Pund, Dusin"
"2596";"Dozijn";"Dusin"
"2597";"Dozyn";"Dusin"
"2598";"Dr";"Rigsdaler"
"2599";"D-r";"Rigsdaler"
"2600";"Dr.";"Rigsdaler"
"2601";"Drant";"Droemt"
"2602";"Drbt.";"Droemt"
"2603";"Dreger";"Dægge"
"2604";"Dreinigahr";
"2605";"Driche";"Dægge"
"2606";"Driger";"Dægge"
"2607";"Droembt";"Droemt"
"2608";"Drøembt";"Droemt"
"2609";"Drøemet";"Droemt"
"2610";"Droempt";"Droemt"
"2611";"Drøempt";"Droemt"
"2612";"Droemst";"Droemt"
"2613";"Droemt";"Droemt"
"2614";"Drøemt";"Droemt"
"2615";"Drom";"Droemt"
"2616";"Drømb";"Droemt"
"2617";"Drømbb";"Droemt"
"2618";"Drombd";"Droemt"
"2619";"Drombt";"Droemt"
"2620";"Drømbt";"Droemt"
"2621";"Drombter";"Droemt"
"2622";"Drømbter";"Droemt"
"2623";"Drømp";"Droemt"
"2624";"Dromp.";"Droemt"
"2625";"Drømp.";"Droemt"
"2626";"Drømpl";"Droemt"
"2627";"Drømpser";"Droemt"
"2628";"Drompt";"Droemt"
"2629";"Drømpt";"Droemt"
"2630";"Drømpter";"Droemt"
"2631";"Dromptt";"Droemt"
"2632";"Drømptt";"Droemt"
"2633";"Dromt";"Droemt"
"2634";"Drømt";"Droemt"
"2635";"Dromt.";"Droemt"
"2636";"Drømt.";"Droemt"
"2637";"Drømten";"Droemt"
"2638";"Dromter";"Droemt"
"2639";"Drømter";"Droemt"
"2640";"Dront";"Droemt"
"2641";"Droumbt";"Droemt"
"2642";"Drumbt";"Droemt"
"2643";"Drumptt";"Droemt"
"2644";"Drumt.";"Droemt"
"2645";"Drumter";"Droemt"
"2646";"Drx.";"Rigsdaler"
"2647";"Ds.";"Dusin"
"2648";"Dsin";"Dusin"
"2649";"Dthr.";"Tønde"
"2650";"Dubbeld balle";"Balle, Doppelte"
"2651";"Dubbeld baller";"Balle, Doppelte"
"2652";"Dubbelde balle";"Balle, Doppelte"
"2653";"Dubbelde baller";"Balle, Doppelte"
"2654";"Dubbeldt balle";"Balle, Doppelte"
"2655";"Dubbeldte balle";"Balle, Doppelte"
"2656";"Dubbele Balle";"Balle, Doppelte"
"2657";"Dubbele ballen";"Balle, Doppelte"
"2658";"Dubbele baller";"Balle, Doppelte"
"2659";"Dubbeler balle";"Balle, Doppelte"
"2660";"Dubbelldt";"Doppelte"
"2661";"Dubbelle balle";"Balle, Doppelte"
"2662";"Dubbelle baller";"Balle, Doppelte"
"2663";"Dubbelltt Balle";"Balle, Doppelte"
"2664";"Dubbelt Allen";"Alen, Doppelte"
"2665";"Dubbelte balle";"Balle, Doppelte"
"2666";"Dubbelte Støecker";"Støcker, Doppelte"
"2667";"Dubbeltte balle";"Balle, Doppelte"
"2668";"Dubbilde balle";"Balle, Doppelte"
"2669";"Dubbilde baller";"Balle, Doppelte"
"2670";"Dubelde balle";"Balle, Doppelte"
"2671";"Dubelde baller";"Balle, Doppelte"
"2672";"Dubelltt balle";"Balle, Doppelte"
"2673";"Dubelte balla";"Balle, Doppelte"
"2674";"Dubelte Balle";"Balle, Doppelte"
"2675";"Dubelter balle";"Balle, Doppelte"
"2676";"Dubeltte balle";"Balle, Doppelte"
"2677";"Dubeltte Baller";"Balle, Doppelte"
"2678";"Dublete balle";"Balle, Doppelte"
"2679";"Dubolde balle";"Balle, Doppelte"
"2680";"Ducin";"Dusin"
"2681";"Dugger";"Dægge"
"2682";"Duisent";"Dusin"
"2683";"Dunk";"Dunk"
"2684";"Dunke";"Dunk"
"2685";"Dunker";"Dunk"
"2686";"Dupeltt balle";"Balle, Doppelte"
"2687";"Dupeltte balle";"Balle, Doppelte"
"2688";"Dupeltte baller";"Balle, Doppelte"
"2689";"Dus.";"Dusin"
"2690";"Dus. par";"Par, Dusin"
"2691";"Dusen";"Dusin"
"2692";"Dusendt";"Tusinde"
"2693";"Dusendt Pund";"Pund, Tusinde"
"2694";"Dusent Pund";"Pund, Tusinde"
"2695";"Dusent Støck";"Støcker, Tusinde"
"2696";"Dusien";"Dusin"
"2697";"Dusin";"Dusin"
"2698";"Dusin Par";"Par, Dusin"
"2699";"Dusinde";"Dusin"
"2700";"Dusinn";"Dusin"
"2701";"Dusins";"Dusin"
"2702";"Duss.";"Dusin"
"2703";"Dussen";"Dusin"
"2704";"Dussijn";"Dusin"
"2705";"Dussin";"Dusin"
"2706";"Dussing";"Dusin"
"2707";"Dussinn";"Dusin"
"2708";"Dussins";"Dusin"
"2709";"Dussyn";"Dusin"
"2710";"Dussynn";"Dusin"
"2711";"Dusszen";"Dusin"
"2712";"Dusszin";"Dusin"
"2713";"Duusien";"Dusin"
"2714";"Duusin";"Dusin"
"2715";"Dxr.";"Rigsdaler"
"2716";"Dysin";"Dusin"
"2717";"Dysind";"Dusin"
"2718";"Dyssynn";"Dusin"
"2719";"Dysyn";"Dusin"
"2720";"Echelballe";"Balle"
"2721";"Echell Balle";"Balle"
"2722";"Eckeltt baller";"Balle"
"2723";"Edeel";"En del"
"2724";"Eele last";"Læst"
"2725";"Een ball";"Balle"
"2726";"Een deel";"En del"
"2727";"Een deell";"En del"
"2728";"Een dehl";"En del"
"2729";"Een dell";"En del"
"2730";"Een gandshe laedning";"Ladning"
"2731";"Een Halff Schock";"Skok, Halve"
"2732";"Een Heel Lading";"Ladning"
"2733";"Een Heell Lading";"Ladning"
"2734";"Een kieste";"Kiste"
"2735";"Een ladding";"Ladning"
"2736";"Een ladinch";"Ladning"
"2737";"Een lading";"Ladning"
"2738";"Een ladingh";"Ladning"
"2739";"Een Ladning";"Ladning"
"2740";"Een packe";"Pakke"
"2741";"Een Paecke";"Pakke"
"2742";"Een parti";"Parti"
"2743";"Een partie";"Parti"
"2744";"Een partje";"Parti"
"2745";"Een Party";"Parti"
"2746";"Een schibs lading";"Ladning"
"2747";"Een schieffslading";"Ladning"
"2748";"Een schiffslading";"Ladning"
"2749";"Een Thøendr";"Tønde"
"2750";"Eend";"En del"
"2751";"Eendeel";"En del"
"2752";"Eendeel, larding";"Ladning"
"2753";"Eendeele";"En del"
"2754";"Eendeell";"En del"
"2755";"Eendehl";"En del"
"2756";"Eendel";"En del"
"2757";"Eendell";"En del"
"2758";"Eendl.";"En del"
"2759";"Eenlading";"Ladning"
"2760";"Eenladning";"Ladning"
"2761";"Eenn lading";"Ladning"
"2762";"Eenparti";"Parti"
"2763";"Eenpartt";"Parti"
"2764";"Eenparty";"Parti"
"2765";"Eet Fadd";"Fad"
"2766";"Eimer";"Ahm"
"2767";"Ellen";"Ell"
"2768";"Em partie";"Parti"
"2769";"En Ahmmer";"Ahm"
"2770";"En deel";"En del"
"2771";"En deell";"En del"
"2772";"En dehl";"En del"
"2773";"En del";"En del"
"2774";"En dell";"En del"
"2775";"En fad";"Fad"
"2776";"En Fader";"Fad"
"2777";"En Gandsche Lading";"Ladning"
"2778";"En Gandsche Laeding";"Ladning"
"2779";"En gans Lading";"Ladning"
"2780";"En gansche schibs lading";"Ladning"
"2781";"En gondsche lading";"Ladning"
"2782";"En Heel Lading";"Ladning"
"2783";"En Heel Laeding";"Ladning"
"2784";"En Heell Lading";"Ladning"
"2785";"En Hell Ladnigh";"Ladning"
"2786";"En kiste";"Kiste"
"2787";"En kister";"Kiste"
"2788";"En Laadingh";"Ladning"
"2789";"En ladding";"Ladning"
"2790";"En Laddingh";"Ladning"
"2791";"En laddnig";"Ladning"
"2792";"En lading";"Ladning"
"2793";"En ladingh";"Ladning"
"2794";"En ladinng";"Ladning"
"2795";"En ladnig";"Ladning"
"2796";"En Ladnigh";"Ladning"
"2797";"En Ladning";"Ladning"
"2798";"En Ladningh";"Ladning"
"2799";"En Laeding";"Ladning"
"2800";"En laedingh";"Ladning"
"2801";"En Lest";"Læst"
"2802";"En Paacke";"Pakke"
"2803";"En paartt";"Parti"
"2804";"En Paarty";"Parti"
"2805";"En Pache";"Pakke"
"2806";"En pack";"Pakke"
"2807";"En Packe";"Pakke"
"2808";"En Par";"Par"
"2809";"En Pard";"Parti"
"2810";"En pardt";"Parti"
"2811";"En part";"Parti"
"2812";"En Partey";"Parti"
"2813";"En Parti";"Parti"
"2814";"En partie";"Parti"
"2815";"En partj";"Parti"
"2816";"En partje";"Parti"
"2817";"En Partt";"Parti"
"2818";"En Parttie";"Parti"
"2819";"En Party";"Parti"
"2820";"En partye";"Parti"
"2821";"En Pibe";"Pibe"
"2822";"En ringe deel";"Ring"
"2823";"En ringedeel";"Ring"
"2824";"En ringerdeel";"Ring"
"2825";"En schibs lading";"Ladning"
"2826";"En schibslading";"Ladning"
"2827";"En Schoch";"Skok"
"2828";"En schude";
"2829";"En shude";
"2830";"En Spill";
"2831";"En Stor Partie";"Parti, Store"
"2832";"Enchel balle";"Balle"
"2833";"Enchelballe";"Balle"
"2834";"Enchell baler";"Balle"
"2835";"Enchell ball.";"Balle"
"2836";"Enchell balle";"Balle"
"2837";"Enchell baller";"Balle"
"2838";"Enchende baller";"Balle"
"2839";"Encke balle";"Balle"
"2840";"Enckede Baller";"Balle"
"2841";"Enckel balde";"Balle"
"2842";"Enckel baler";"Balle"
"2843";"Enckel balle";"Balle"
"2844";"Enckel baller";"Balle"
"2845";"Enckel Ballier";"Balle"
"2846";"Enckel Sacke";"Sæk"
"2847";"Enckel Secke";"Sæk"
"2848";"Enckelde balle";"Balle"
"2849";"Enckelde baller";"Balle"
"2850";"Enckell Ball.";"Balle"
"2851";"Enckell balle";"Balle"
"2852";"Enckell baller";"Balle"
"2853";"Enckell Sacke";"Sæk"
"2854";"Enckell Secke";"Sæk"
"2855";"Enckellde baller";"Balle"
"2856";"Enckellt Balle";"Balle"
"2857";"Enckelt balle";"Balle"
"2858";"Enckelte balle";"Balle"
"2859";"Enckende ball.";"Balle"
"2860";"Enckende Balle";"Balle"
"2861";"Enckilde Baller";"Balle"
"2862";"End deel";"En del"
"2863";"End.";"En del"
"2864";"Ende";"En del"
"2865";"Endeehl";"En del"
"2866";"Endeel";"En del"
"2867";"Endeel endeel";"En del"
"2868";"Endeel kister";"Kiste"
"2869";"Endeell";"En del"
"2870";"Endehl";"En del"
"2871";"Endel";"En del"
"2872";"Nederl. kanner";"Kande, Ned."
"2873";"Endell";"En del"
"2874";"Endkell ballier";"Balle"
"2875";"Ene lading";"Ladning"
"2876";"Engandsche ladnig";"Ladning, Engels"
"2877";"Engell Balle";"Balle"
"2878";"Engell Baller";"Balle"
"2879";"Engels thønde";"Tønde, Engels"
"2880";"Engelsch th.r";"Tønde, Engels"
"2881";"Engelsch th-r";"Tønde, Engels"
"2882";"Engelsch thr.";"Tønde, Engels"
"2883";"Engelsche th-r";"Tønde, Engels"
"2884";"Engelsche thr.";"Tønde, Engels"
"2885";"Engelschr Thr.";"Tønde, Engels"
"2886";"Engelsk thne.";"Tønde, Engels"
"2887";"Engelske Th-.r";"Tønde, Engels"
"2888";"Engelske th-r";"Tønde, Engels"
"2889";"Engelst Thønde";"Tønde, Engels"
"2890";"Engelst Th-r";"Tønde, Engels"
"2891";"Engelst Thr.";"Tønde, Engels"
"2892";"Engelstche thr.";"Tønde, Engels"
"2893";"Engelsth th.r";"Tønde, Engels"
"2894";"Engl. Chaldrons";"Chaldron, Engels"
"2895";"Enkelballe";"Balle"
"2896";"Enkelde Balle";"Balle"
"2897";"Enkell ball";"Balle"
"2898";"Enkell balle";"Balle"
"2899";"Enkell baller";"Balle"
"2900";"Enkelt balle";"Balle"
"2901";"Enkelt baller";"Balle"
"2902";"Enkoffer";"Kuffert"
"2903";"Enlading";"Ladning"
"2904";"Enladning";"Ladning"
"2905";"Enn bahl";"Balle"
"2906";"Enn Boit";"Botte"
"2907";"Enn Casse";"Casser"
"2908";"Enn deel";"En del"
"2909";"Enn deell";"En del"
"2910";"Enn gandsche lading";"Ladning"
"2911";"Enn Kiste";"Kiste"
"2912";"Enn Kister och thor fade";
"2913";"Enn ladding";"Ladning"
"2914";"Enn Laddnig";"Ladning"
"2915";"Enn Lading";"Ladning"
"2916";"Enn ladinng";"Ladning"
"2917";"Enn Ladnig";"Ladning"
"2918";"Enn Ladning";"Ladning"
"2919";"Enn Lest";"Læst"
"2920";"Enn part";"Parti"
"2921";"Enn partey";"Parti"
"2922";"Enn Parti";"Parti"
"2923";"Enn partie";"Parti"
"2924";"Enn partii";"Parti"
"2925";"Enn partj";"Parti"
"2926";"Enn Partti";"Parti"
"2927";"Enn party";"Parti"
"2928";"Enn partye";"Parti"
"2929";"Enn Pibe";"Pibe"
"2930";"Enn tallig";"Tal"
"2931";"Ennckel balle";"Balle"
"2932";"Ennckelde Baller";"Balle"
"2933";"Ennckele balle";"Balle"
"2934";"Ennckell balle";"Balle"
"2935";"Ennckell baller";"Balle"
"2936";"Enndeel";"En del"
"2937";"Enndeell";"En del"
"2938";"Enndell";"En del"
"2939";"Enner";"Eimer"
"2940";"Enngellst thønne";"Tønde, Engels"
"2941";"Ennkel Balle";"Balle"
"2942";"Ennkel Baller";"Balle"
"2943";"Ennkelde baller";"Balle"
"2944";"Ennkell balle";"Balle"
"2945";"Ennkell Baller";"Balle"
"2946";"Ennkellde baller";"Balle"
"2947";"Enparti";"Parti"
"2948";"Enpartie";"Parti"
"2949";"Enpartj";"Parti"
"2950";"Enpartje";"Parti"
"2951";"Enparty";"Parti"
"2952";"Enschelsche thønner";"Tønde, Engels"
"2953";"Eøcker";"Støcker"
"2954";"Esche";"Æske"
"2955";"Escher";"Æske"
"2956";"Escke";"Æske"
"2957";"Esk";"Æske"
"2958";"Et Hundert";"Hundred"
"2959";"Et hundret";"Hundred"
"2960";"Et parti";"Parti"
"2961";"Et partie";"Parti"
"2962";"Et party";"Parti"
"2963";"Et. Parti";"Parti"
"2964";"F";"Floriner"
"2965";"F.";"Floriner"
"2966";"F. bale";"Balle, 1/4"
"2967";"F.ringer";"Fjerding"
"2968";"Faa";"Fad"
"2969";"Faad";"Fad"
"2970";"Faad støcke";
"2971";"Faad.";"Fad"
"2972";"Faadd packer";
"2973";"Faadde";"Fad"
"2974";"Faade";"Fad"
"2975";"Faade och tønder";"Fad"
"2976";"Faade och tønder";"Tønde"
"2977";"Faaden";"Fad"
"2978";"Faader";"Fad"
"2979";"Faadkes";"Fadken"
"2980";"Faadne";"Fad"
"2981";"Faadr";"Fad"
"2982";"Faadt";"Fad"
"2983";"Faadtt";"Fad"
"2984";"Faadtte";"Fad"
"2985";"Faaett";"Fad"
"2986";"Faaffne";"Favn"
"2987";"Faatt";"Fad"
"2988";"Fad";"Fad"
"2989";"Fad 1/4";"Fad, 1/4"
"2990";"Fad fad";"Fad"
"2991";"Fad och Fastatier";"Fad"
"2992";"Fad och Fastatier";"Fustage"
"2993";"Fad och Harx";
"2994";"Fad och kiste";"Fad"
"2995";"Fad och kiste";"Kiste"
"2996";"Fad och kister";"Fad"
"2997";"Fad och kister";"Kiste"
"2998";"Fad och kram";
"2999";"Fad og packe";"Fad"
"3000";"Fad og packe";"Pakke"
"3001";"Fad stk.";"Fad"
"3002";"Fad, weigh 1000 stene";
"3003";"Fad.";"Fad"
"3004";"Fada";"Fad"
"3005";"Fadd";"Fad"
"3006";"Fadd packer";"Fad"
"3007";"Fadd packer";"Pakke"
"3008";"Fadd.";"Fad"
"3009";"Faddde";"Fad"
"3010";"Fadde";"Fad"
"3011";"Fadde casser och ackher etc.";"Anker"
"3012";"Fadde casser och ackher etc.";"Casser"
"3013";"Fadde casser och ackher etc.";"Fad"
"3014";"Fadde och Kister";"Fad"
"3015";"Fadde och Kister";"Kiste"
"3016";"Fadde Ochsehoffder Piber Kister Kasser Prikher";
"3017";"Fadde Ochssehoffder Packer Baller Casser Txe.";
"3018";"Fadde Packer och Korffue etc.";"Fad"
"3019";"Fadde Packer och Korffue etc.";"Kurv"
"3020";"Fadde Packer och Korffue etc.";"Pakke"
"3021";"Fadde Piber Ochsehoffder Tonnder Casser etc.";"Casser"
"3022";"Fadde Piber Ochsehoffder Tonnder Casser etc.";"Fad"
"3023";"Fadde Piber Ochsehoffder Tonnder Casser etc.";"Oksehovede"
"3024";"Fadde Piber Ochsehoffder Tonnder Casser etc.";"Pibe"
"3025";"Fadde Piber Ochsehoffder Tonnder Casser etc.";"Tønde"
"3026";"Fadde Skippund";"Fad"
"3027";"Fadde Skippund";"Skippund"
"3028";"Fadder";"Fad"
"3029";"Fadders";"Fad"
"3030";"Faddir";"Fad"
"3031";"Faddr";"Fad"
"3032";"Fade";"Fad"
"3033";"Fade oc Tønder";"Fad"
"3034";"Fade oc Tønder";"Tønde"
"3035";"Fade och Ter.";"Fad"
"3036";"Fade och Ter.";"Tønde"
"3037";"Fade och thønner";"Fad"
"3038";"Fade och thønner";"Tønde"
"3039";"Fade och tønde";"Fad"
"3040";"Fade och tønde";"Tønde"
"3041";"Fade och tønder";"Fad"
"3042";"Fade och tønder";"Tønde"
"3043";"Fade och Tx.";"Fad"
"3044";"Fade och Tx.";"Tønde"
"3045";"Fade og caster";"Casser"
"3046";"Fade og caster";"Fad"
"3047";"Fade og kister";"Fad"
"3048";"Fade og kister";"Kiste"
"3049";"Fade og Pacher";"Fad"
"3050";"Fade og Pacher";"Pakke"
"3051";"Fade og Packer";"Fad"
"3052";"Fade og Packer";"Pakke"
"3053";"Fade og stocke";"Fad"
"3054";"Fade og stocke";"Støcker"
"3055";"Fade og Td.";"Fad"
"3056";"Fade og Td.";"Tønde"
"3057";"Fade og Te.";"Fad"
"3058";"Fade og Te.";"Tønde"
"3059";"Fade og Ter.";"Fad"
"3060";"Fade og Ter.";"Tønde"
"3061";"Fade og tønder";"Fad"
"3062";"Fade og tønder";"Tønde"
"3063";"Fade packer och baller";"Balle"
"3064";"Fade packer och baller";"Fad"
"3065";"Fade packer och baller";"Pakke"
"3066";"Fade packerfade och kister";
"3067";"Fade slot";
"3068";"Fade Storer och smaa";
"3069";"Fade Te.";"Fad"
"3070";"Fade Te.";"Tønde"
"3071";"Fade, Casser og Perseler";"Casser"
"3072";"Fade, Casser og Perseler";"Fad"
"3073";"Fade, Casser og Perseler";"Perseler"
"3074";"Fade, kister og packer";"Fad"
"3075";"Fade, kister og packer";"Kiste"
"3076";"Fade, kister og packer";"Pakke"
"3077";"Fade.";"Fad"
"3078";"Fadedtt";"Fad"
"3079";"Fadee";"Fad"
"3080";"Faden";"Fad"
"3081";"Fader";"Fad"
"3082";"Fader och Tønder";"Fad"
"3083";"Fader och Tønder";"Tønde"
"3084";"Fader og baller";"Balle"
"3085";"Fader og baller";"Fad"
"3086";"Fader og tønder";"Fad"
"3087";"Fader og tønder";"Tønde"
"3088";"Fader.";"Fad"
"3089";"Fadere";"Fad"
"3090";"Faders";"Fad"
"3091";"Fadgen";"Fadken"
"3092";"Fadgenss";"Fadken"
"3093";"Fadh";"Fad"
"3094";"Fadke";"Fadken"
"3095";"Fadken";"Fadken"
"3096";"Fadkens";"Fadken"
"3097";"Fadker";"Fadken"
"3098";"Fadkes";"Fadken"
"3099";"Fadkis";"Fadken"
"3100";"Fadr";"Fad"
"3101";"Fadr.";"Fad"
"3102";"Fads";"Fad"
"3103";"Fadt";"Fad"
"3104";"Fadt fadt";"Fad"
"3105";"Fadt kurffur";"Fad"
"3106";"Fadt kurffur";"Kurv"
"3107";"Fadt och Qrt.";"Fad"
"3108";"Fadt och Qrt.";"Quardel"
"3109";"Fadt.";"Fad"
"3110";"Fadte";"Fad"
"3111";"Fadten";"Fad"
"3112";"Fadter";"Fad"
"3113";"Fadtkens";"Fadken"
"3114";"Fadtker";"Fadken"
"3115";"Fadtkes";"Fadken"
"3116";"Fadtkis";"Fadken"
"3117";"Fadtne";"Fad"
"3118";"Fadts";"Fad"
"3119";"Fadtt";"Fad"
"3120";"Fadtt och Paccker";"Fad"
"3121";"Fadtt och Paccker";"Pakke"
"3122";"Fadtt och packer";"Fad"
"3123";"Fadtt och packer";"Pakke"
"3124";"Fadtt och paecker";"Fad"
"3125";"Fadtt och paecker";"Pakke"
"3126";"Fadtt.";"Fad"
"3127";"Fadttt";"Fad"
"3128";"Fadwe";"Fad"
"3129";"Fadz";"Fad"
"3130";"Faed";"Fad"
"3131";"Fæd";"Fad"
"3132";"Faed.";"Fad"
"3133";"Fæd.";"Fad"
"3134";"Fædde";"Fad"
"3135";"Faeddtt";"Fad"
"3136";"Faede";"Fad"
"3137";"Fæde";"Fad"
"3138";"Faede oc tømmer";"Fad"
"3139";"Faede oc Tønder";"Fad"
"3140";"Faede oc Tønder";"Tønde"
"3141";"Faede or Kister";"Fad"
"3142";"Faede or Kister";"Kiste"
"3143";"Faede or tønder";"Fad"
"3144";"Faede or tønder";"Tønde"
"3145";"Faeden";"Fad"
"3146";"Faeder";"Fad"
"3147";"Fæder";"Fad"
"3148";"Faeder och Tr.";"Fad"
"3149";"Faeder och Tr.";"Tønde"
"3150";"Faeder og tønder";"Fad"
"3151";"Faeder og tønder";"Tønde"
"3152";"Faeder or tønder";"Fad"
"3153";"Faeder or tønder";"Tønde"
"3154";"Faedere";"Fad"
"3155";"Faedken";"Fadken"
"3156";"Faedkens";"Fadken"
"3157";"Faedkkens";"Fadken"
"3158";"Faedr";"Fad"
"3159";"Faedt";"Fad"
"3160";"Fædt";"Fad"
"3161";"Faedtkens";"Fadken"
"3162";"Faedtkis";"Fadken"
"3163";"Faedts";"Fad"
"3164";"Faedtt";"Fad"
"3165";"Faedtt-";"Fad"
"3166";"Faedtt och paecker";"Fad"
"3167";"Faedtt och paecker";"Pakke"
"3168";"Faeker";"Fadken"
"3169";"Faeld";"Fad"
"3170";"Faerer";"Fad"
"3171";"Fæsgen";"Fadken"
"3172";"Fæskerne";"Fadken"
"3173";"Fæsser";"Fad"
"3174";"Fæssgen";"Fadken"
"3175";"Faet";"Fad"
"3176";"Faetken";"Fadken"
"3177";"Faetkis";"Fadken"
"3178";"Faett";"Fad"
"3179";"Fafen";"Favn"
"3180";"Fafer";"Favn"
"3181";"Faffe";"Favn"
"3182";"Faffen";"Favn"
"3183";"Faffer";"Favn"
"3184";"Faffn";"Favn"
"3185";"Faffne";"Favn"
"3186";"Faffner";"Favn"
"3187";"Faffnre";"Favn"
"3188";"Faffnue";"Favn"
"3189";"Faffnuer";"Favn"
"3190";"Faffren";"Favn"
"3191";"Faffue";"Favn"
"3192";"Faffuer";"Favn"
"3193";"Faffune";"Favn"
"3194";"Faffur";"Favn"
"3195";"Fafn";"Favn"
"3196";"Fafne";"Favn"
"3197";"Fafner";"Favn"
"3198";"Fafnue";"Favn"
"3199";"Fafte";"Favn"
"3200";"Faften";"Favn"
"3201";"Faftne";"Favn"
"3202";"Fafue";"Favn"
"3203";"Fafuer";"Favn"
"3204";"Fafun";"Favn"
"3205";"Fagne";"Favn"
"3206";"Fagned";"Favn"
"3207";"Fagner";"Favn"
"3208";"Fahd";"Fad"
"3209";"Fahdt";"Fad"
"3210";"Faht";"Fad"
"3211";"Faid";"Fad"
"3212";"Faidt";"Fad"
"3213";"Faidtt";"Fad"
"3214";"Faiid";"Fad"
"3215";"Faiidt";"Fad"
"3216";"Faiidtt";"Fad"
"3217";"Faitt";"Fad"
"3218";"Fald";"Fad"
"3219";"Faller";"Fad"
"3220";"Fangas";"Fanga"
"3221";"Fangst";
"3222";"Fanyner";
"3223";"Fard";"Fad"
"3224";"Fard.";"Fad"
"3225";"Farde";"Fad"
"3226";"Farden";"Fad"
"3227";"Farder";"Fad"
"3228";"Fardt";"Fad"
"3229";"Farfe";"Favn"
"3230";"Farhe";"Favn"
"3231";"Farve";"Favn"
"3232";"Farvur";"Favn"
"3233";"Fas";"Fad"
"3234";"Fasgen";"Fad"
"3235";"Fasse";"Fad"
"3236";"Fasser";"Fad"
"3237";"Fassl";"Fad"
"3238";"Fassner";"Fad"
"3239";"Fastaeier";"Fustage"
"3240";"Fastasier";"Fustage"
"3241";"Faster";"Fad"
"3242";"Fat";"Fad"
"3243";"Fat.";"Fad"
"3244";"Fatagie";"Fustage"
"3245";"Fatcken";"Fad"
"3246";"Fateges";"Fadken"
"3247";"Fatekies";"Fadken"
"3248";"Faten";"Fad"
"3249";"Fatens";"Fad"
"3250";"Fater";"Fad"
"3251";"Fatgen";"Fadken"
"3252";"Fatgens";"Fadken"
"3253";"Fatgenss";"Fadken"
"3254";"Fatger";"Fadken"
"3255";"Fatges";"Fadken"
"3256";"Fatgess";"Fadken"
"3257";"Fatgien";"Fadken"
"3258";"Fatien";"Fadken"
"3259";"Fatiens";"Fadken"
"3260";"Faties";"Fadken"
"3261";"Fatiess";"Fadken"
"3262";"Fatiien";"Fadken"
"3263";"Fatin";"Fadken"
"3264";"Fatins";"Fadken"
"3265";"Fatis";"Fadken"
"3266";"Fatje";"Fadken"
"3267";"Fatjen";"Fadken"
"3268";"Fatjes";"Fadken"
"3269";"Fatke";"Fadken"
"3270";"Fatken";"Fadken"
"3271";"Fatkens";"Fadken"
"3272";"Fatkenss";"Fadken"
"3273";"Fatker";"Fadken"
"3274";"Fatkes";"Fadken"
"3275";"Fatkgen";"Fadken"
"3276";"Fatkies";"Fadken"
"3277";"Fatkis";"Fadken"
"3278";"Fatkis or korfue";"Fadken"
"3279";"Fatkis or korfue";"Kurv"
"3280";"Fatr";"Fad"
"3281";"Fatt";"Fad"
"3282";"Fatt.";"Fad"
"3283";"Fattcken";"Fadken"
"3284";"Fattckens";"Fadken"
"3285";"Fattcker";"Fadken"
"3286";"Fatte";"Fad"
"3287";"Fatten";"Fad"
"3288";"Fatter";"Fad"
"3289";"Fattes";"Fad"
"3290";"Fattjes";"Fadken"
"3291";"Fattkens";"Fadken"
"3292";"Fattkes";"Fadken"
"3293";"Fattner";"Fadken"
"3294";"Fatyer";"Fadken"
"3295";"Fauder";"Fad"
"3296";"Fauf.";"Favn"
"3297";"Faufen";"Favn"
"3298";"Faufer";"Favn"
"3299";"Fauffe";"Favn"
"3300";"Fauffen";"Favn"
"3301";"Fauffener";"Favn"
"3302";"Fauffer";"Favn"
"3303";"Fauffeur";"Favn"
"3304";"Fauffn";"Favn"
"3305";"Fauffne";"Favn"
"3306";"Fauffner";"Favn"
"3307";"Fauffrer";"Favn"
"3308";"Fauffue";"Favn"
"3309";"Fauffuer";"Favn"
"3310";"Fauffur";"Favn"
"3311";"Fauffve";"Favn"
"3312";"Faufne";"Favn"
"3313";"Faufner";"Favn"
"3314";"Faufre";"Favn"
"3315";"Faufterr";"Favn"
"3316";"Fauftner";"Favn"
"3317";"Faufun";"Favn"
"3318";"Faufur";"Favn"
"3319";"Faufven";"Favn"
"3320";"Faugaar";"Favn"
"3321";"Faugaer";"Favn"
"3322";"Faugen";"Favn"
"3323";"Fauger";"Favn"
"3324";"Faugne";"Favn"
"3325";"Faugner";"Favn"
"3326";"Faun";"Favn"
"3327";"Faune";"Favn"
"3328";"Fauner";"Favn"
"3329";"Faust";"Favn"
"3330";"Faustener";"Favn"
"3331";"Fauster";"Favn"
"3332";"Faustur";"Favn"
"3333";"Fauuer";"Favn"
"3334";"Fauve";"Favn"
"3335";"Fauven";"Favn"
"3336";"Fauvn";"Favn"
"3337";"Fauvne";"Favn"
"3338";"Fauvner";"Favn"
"3339";"Fav.";"Favn"
"3340";"Fave";"Favn"
"3341";"Faven";"Favn"
"3342";"Favene";"Favn"
"3343";"Favn";"Favn"
"3344";"Favn.";"Favn"
"3345";"Favne";"Favn"
"3346";"Favner";"Favn"
"3347";"Favnn";"Favn"
"3348";"Favun";"Favn"
"3349";"Fawne";"Favn"
"3350";"F-d";"Fjerding"
"3351";"Fd.";
"3352";"Fder.";"Fjerding"
"3353";"Fdg.";"Fjerding"
"3354";"Fdgr.";"Fjerding"
"3355";"F-dinge";"Fjerding"
"3356";"Fdr.";"Fjerding"
"3357";"Fds.";"Fjerding"
"3358";"Fdt.";"Fjerding"
"3359";"Fe.";"Fjerding"
"3360";"Fead";"Fad"
"3361";"Feade";"Fad"
"3362";"Feader";"Fad"
"3363";"Feadt";"Fad"
"3364";"Fed";"Fad"
"3365";"Feder";"Fad"
"3366";"Fedt";"Fad"
"3367";"Felisser";
"3368";"Fen";
"3369";"Fer.";"Fjerding"
"3370";"Ferd";"Fjerding"
"3371";"Ferdeler";"Fjerding"
"3372";"Ferdell";"Fjerding"
"3373";"Ferdellen";"Fjerding"
"3374";"Ferder";"Fjerding"
"3375";"Ferdinger";"Fjerding"
"3376";"Ferendell";"Fjerding"
"3377";"Ferenndeill";"Fjerding"
"3378";"Ferenndell";"Fjerding"
"3379";"Fering.";"Fjerding"
"3380";"Feringe";"Fjerding"
"3381";"Feringer";"Fjerding"
"3382";"Feringier";"Fjerding"
"3383";"Ferinnger";"Fjerding"
"3384";"Ferninger";"Fjerding"
"3385";"Ferringer";"Fjerding"
"3386";"Ferrinng";"Fjerding"
"3387";"Fest";"Læst"
"3388";"Ffadt";"Fad"
"3389";"Ffadtt";"Fad"
"3390";"Fg.";"Fjerding"
"3391";"F-g.";"Fjerding"
"3392";"Fg.r";"Fjerding"
"3393";"Fgr.";"Fjerding"
"3394";"Fi.";"Fjerding"
"3395";"Fiærdiger";"Fjerding"
"3396";"Fiærding";"Fjerding"
"3397";"Fiærdinge";"Fjerding"
"3398";"Fiærdingen";"Fjerding"
"3399";"Fiærdinger";"Fjerding"
"3400";"Fiber";"Pibe"
"3401";"Fieninger";"Fjerding"
"3402";"Fienring";"Fjerding"
"3403";"Fierce";"Fjerding"
"3404";"Fierd";"Fjerding"
"3405";"Fierd.";"Fjerding"
"3406";"Fierd.ger";"Fjerding"
"3407";"Fierde";"Fjerding"
"3408";"Fierde part";"Viertel"
"3409";"Fierde.";"Fjerding"
"3410";"Fierdeeler";"Viertel"
"3411";"Fierdenger";"Fjerding"
"3412";"Fierdg.";"Fjerding"
"3413";"Fierdge.";"Fjerding"
"3414";"Fierdgr.";"Fjerding"
"3415";"Fierdi.";"Fjerding"
"3416";"Fierdiger";"Fjerding"
"3417";"Fierdiinger";"Fjerding"
"3418";"Fierding";"Fjerding"
"3419";"Fierding.";"Fjerding"
"3420";"Fierdinge";"Fjerding"
"3421";"Fierdingen";"Fjerding"
"3422";"Fierdinger";"Fjerding"
"3423";"Fierdr.";"Fjerding"
"3424";"Fierds";"Fjerding"
"3425";"Fiereinger";"Fjerding"
"3426";"Fiereng";"Fjerding"
"3427";"Fierenger";"Fjerding"
"3428";"Fiergh";"Fjerding"
"3429";"Fieridnger";"Fjerding"
"3430";"Fiering";"Fjerding"
"3431";"Fiering.";"Fjerding"
"3432";"Fieringdel";"Fjerding"
"3433";"Fieringe";"Fjerding"
"3434";"Fieringen";"Fjerding"
"3435";"Fieringer";"Fjerding"
"3436";"Fieringh";"Fjerding"
"3437";"Fierinnger";"Fjerding"
"3438";"Fierng";"Fjerding"
"3439";"Fierng.";"Fjerding"
"3440";"Fierniger";"Fjerding"
"3441";"Fierrdinger";"Fjerding"
"3442";"Fierrenger";"Fjerding"
"3443";"Fierrig";"Fjerding"
"3444";"Fierrig.";"Fjerding"
"3445";"Fierring";"Fjerding"
"3446";"Fierring.";"Fjerding"
"3447";"Fierringe";"Fjerding"
"3448";"Fierringen";"Fjerding"
"3449";"Fierringer";"Fjerding"
"3450";"Fierringes";"Fjerding"
"3451";"Fierringh";"Fjerding"
"3452";"Fierrinng";"Fjerding"
"3453";"Fierrinnger";"Fjerding"
"3454";"Fierrinngh";"Fjerding"
"3455";"Fierrniger";"Fjerding"
"3456";"Fierrung";"Fjerding"
"3457";"Fiertel";"Viertel"
"3458";"Fierteler";"Viertel"
"3459";"Fiertels";"Viertel"
"3460";"Figuera moyer";"Moyen, Figuera"
"3461";"Fiire hundrit";"Hundred, Fiire"
"3462";"Fiisslin";"Fadken"
"3463";"Finniger";"Fjerding"
"3464";"Fioringer";"Fjerding"
"3465";"Firerringer";"Fjerding"
"3466";"Firingen";"Fjerding"
"3467";"Firinger";"Fjerding"
"3468";"Firinh";"Fjerding"
"3469";"Firringe";"Fjerding"
"3470";"Fist";"Fustage"
"3471";"Fj.";"Fjerding"
"3472";"Fjær";"Fjerding"
"3473";"Fjdgr.";"Fjerding"
"3474";"Fjer.";"Fjerding"
"3475";"Fjerd";"Fjerding"
"3476";"Fjerd.";"Fjerding"
"3477";"Fjerde.";"Fjerding"
"3478";"Fjerdg.";"Fjerding"
"3479";"Fjerdgr.";"Fjerding"
"3480";"Fjerdinder";"Fjerding"
"3481";"Fjerding";"Fjerding"
"3482";"Fjerding.";"Fjerding"
"3483";"Fjerdinge";"Fjerding"
"3484";"Fjerdinger";"Fjerding"
"3485";"Fjerdj.";"Fjerding"
"3486";"Fjerdjnger";"Fjerding"
"3487";"Fjerdr.";"Fjerding"
"3488";"Fjerds.";"Fjerding"
"3489";"Fjeringer";"Fjerding"
"3490";"Fjg.";"Fjerding"
"3491";"Fjierdinger";"Fjerding"
"3492";"Fjr.";"Fjerding"
"3493";"Fjrd.";"Fjerding"
"3494";"Fjring";"Fjerding"
"3495";"Fk.";
"3496";"Fl";"Floriner"
"3497";"Fl.";"Floriner"
"3498";"Fl.r.";"Floriner"
"3499";"Flaasch";"Flaske"
"3500";"Flaeske";"Flaske"
"3501";"Flæskefoder";"Flaske"
"3502";"Flæsker";"Flaske"
"3503";"Flasch";"Flaske"
"3504";"Flasche";"Flaske"
"3505";"Flaschen";"Flaske"
"3506";"Flascher";"Flaske"
"3507";"Flascke";"Flaske"
"3508";"Flashe";"Flaske"
"3509";"Flask";"Flaske"
"3510";"Flaske";"Flaske"
"3511";"Flaske kieldere";"Kelder"
"3512";"Flasker";"Flaske"
"3513";"Flesker";"Flaske"
"3514";"Flester";"Flaske"
"3515";"Florijn";"Floriner"
"3516";"Flr.";"Fjerding"
"3517";"Fod";"Foder"
"3518";"Fod.";"Foder"
"3519";"Fødd.";"Foder"
"3520";"Fodde";"Foder"
"3521";"Fødde";"Foder"
"3522";"Fodder";"Foder"
"3523";"Fødder";"Foder"
"3524";"Fodders";"Foder"
"3525";"Foddir";"Foder"
"3526";"Foddr";"Foder"
"3527";"Fode";"Foder"
"3528";"Foden";"Foder"
"3529";"Foder";"Foder"
"3530";"Føder";"Foder"
"3531";"Fodir";"Foder"
"3532";"Fodr";"Foder"
"3533";"Fodre";"Foder"
"3534";"Fods";"Foder"
"3535";"Fodt";"Foder"
"3536";"Foed";"Foder"
"3537";"Foedder";"Foder"
"3538";"Føedder";"Foder"
"3539";"Foede";"Foder"
"3540";"Føede";"Foder"
"3541";"Foeder";"Fad"
"3542";"Føeder";"Fad"
"3543";"Foedn";"Foder"
"3544";"Foedre";"Foder"
"3545";"Foedt";"Foder"
"3546";"Foedtt";"Foder"
"3547";"Foett";"Foder"
"3548";"Fog";
"3549";"Fogne";"Favn"
"3550";"Fooder";"Foder"
"3551";"Fordell";"Fjerding"
"3552";"Førdell";"Fjerding"
"3553";"Forder";"Foder"
"3554";"Forffer";"Favn"
"3555";"Forffue";"Favn"
"3556";"Foringer";"Fjerding"
"3557";"Foringh";"Fjerding"
"3558";"Forinnger";"Fjerding"
"3559";"Forskj. Stk.";"Støcker"
"3560";"Foter";"Foder"
"3561";"Fouffer";"Favn"
"3562";"Fouffne";"Favn"
"3563";"Foust";"Fustage"
"3564";"Foust.";"Fustage"
"3565";"Foustag";"Fustage"
"3566";"Foustag.";"Fustage"
"3567";"Foustage";"Fustage"
"3568";"Foustagen";"Fustage"
"3569";"Foustager";"Fustage"
"3570";"Foustagier";"Fustage"
"3571";"Fouste";"Fustage"
"3572";"Fouste.";"Fustage"
"3573";"Foustene";"Fustage"
"3574";"Foustk";"Fustage"
"3575";"Foustk.";"Fustage"
"3576";"Fousts.";"Fustage"
"3577";"Foustx";"Fustage"
"3578";"Fp.";
"3579";"Fr.";"Fjerding"
"3580";"Frangers";
"3581";"Fransche Alen";"Alen, Fransche"
"3582";"Freiring";"Fjerding"
"3583";"Freyer";"Fjerding"
"3584";"Frg.";"Fjerding"
"3585";"Frienge";"Fjerding"
"3586";"Frieniger";"Fjerding"
"3587";"Fring";"Fjerding"
"3588";"Fringe";"Fjerding"
"3589";"Fringer";"Fjerding"
"3590";"Fringh";"Fjerding"
"3591";"Frinjer";"Fjerding"
"3592";"Froeninger";"Fjerding"
"3593";"Frugner";"Favn"
"3594";"Frust.";"Fustage"
"3595";"Fs.";"Fustage"
"3596";"Fsk.";"Fustage"
"3597";"Fst.";"Fustage"
"3598";"Fstg.";"Fustage"
"3599";"Fstk.";"Fustage"
"3600";"Ft.";
"3601";"Fud";"Fad"
"3602";"Fud.";"Fad"
"3603";"Fudde";"Fad"
"3604";"Fudder";"Fad"
"3605";"Fude";"Fad"
"3606";"Fude.";"Fad"
"3607";"Fudel";"Fad"
"3608";"Fudell";"Fad"
"3609";"Fuder";"Fad"
"3610";"Fudere";"Fad"
"3611";"Fudert";"Fad"
"3612";"Fudr";"Fad"
"3613";"Fudr.";"Fad"
"3614";"Fudt";"Fad"
"3615";"Fudt.";"Fad"
"3616";"Fuede";"Fad"
"3617";"Fueder";"Fad"
"3618";"Fuffer";"Favn"
"3619";"Fuhder";"Fad"
"3620";"Funde";"Foder"
"3621";"Furdinger";"Fjerding"
"3622";"Furser";"Fustage"
"3623";"Fus.";"Fustage"
"3624";"Fuske";"Fustage"
"3625";"Fusst.";"Fustage"
"3626";"Fust";"Fustage"
"3627";"Fust.";"Fustage"
"3628";"Fustacier";"Fustage"
"3629";"Fustag";"Fustage"
"3630";"Fustag.";"Fustage"
"3631";"Fustage";"Fustage"
"3632";"Fustage eller oxeh.";"Fustage"
"3633";"Fustage eller oxeh.";"Oksehovede"
"3634";"Fustagen";"Fustage"
"3635";"Fustager";"Fustage"
"3636";"Fustager, packer, kasser og krucker";"Casser"
"3637";"Fustager, packer, kasser og krucker";"Fustage"
"3638";"Fustager, packer, kasser og krucker";"Krukke"
"3639";"Fustager, packer, kasser og krucker";"Pakke"
"3640";"Fustagere";"Fustage"
"3641";"Fustagie";"Fustage"
"3642";"Fustagieer";"Fustage"
"3643";"Fustagier";"Fustage"
"3644";"Fustagier og kasser";"Casser"
"3645";"Fustagier og kasser";"Fustage"
"3646";"Fustagin";"Fustage"
"3647";"Fuste";"Fustage"
"3648";"Fuste.";"Fustage"
"3649";"Fusten";"Fustage"
"3650";"Fuster";"Fustage"
"3651";"Fustg.";"Fustage"
"3652";"Fustgr.";"Fustage"
"3653";"Fustik";"Fustage"
"3654";"Fustk";"Fustage"
"3655";"Fustk.";"Fustage"
"3656";"Fustl.";"Fustage"
"3657";"Fusts.";"Fustage"
"3658";"Fustst";"Fustage"
"3659";"Futer";"Fad"
"3660";"Futscken";"Fadken"
"3661";"Futter";"Fad"
"3662";"Fuude";"Fad"
"3663";"Fuuder";"Fad"
"3664";"Fuustager";"Fustage"
"3665";"Fuuste";"Fustage"
"3666";"Fv.";"Favn"
"3667";"Fvn.";"Favn"
"3668";"Fvne.";"Favn"
"3669";"Fx.";
"3670";"Fxr.";
"3671";"Fyer";"Fjerding"
"3672";"Fyerd.";"Fjerding"
"3673";"Fyerdinger";"Fjerding"
"3674";"Fylden";"Gylden"
"3675";"G.";"Gylden"
"3676";"Gal.";"Gallon"
"3677";"Gall.";"Gallon"
"3678";"Gallens";"Gallon"
"3679";"Gallon";"Gallon"
"3680";"Gallone";"Gallon"
"3681";"Gallons";"Gallon"
"3682";"Galls.";"Gallon"
"3683";"Galluns";"Gallon"
"3684";"Galon";"Gallon"
"3685";"Gals.";"Gallon"
"3686";"Gamle Gallons";"Gallon, Gamle"
"3687";"Gandsch ladding";"Ladning"
"3688";"Gandsche ladding";"Ladning"
"3689";"Gandsche lading";"Ladning"
"3690";"Gandsche ladning";"Ladning"
"3691";"Gandshe lading";"Ladning"
"3692";"Gandshe ladnig";"Ladning"
"3693";"Gandshe ladning";"Ladning"
"3694";"Gandsher Laedning";"Ladning"
"3695";"Gann.";"Garnets"
"3696";"Gansche lading";"Ladning"
"3697";"Gansche Ladning";"Ladning"
"3698";"Ganschen ladning";"Ladning"
"3699";"Ganshe lading";"Ladning"
"3700";"Gard";"Gard"
"3701";"Garde";"Gard"
"3702";"Garder";"Gard"
"3703";"Gardt";
"3704";"Gargason";"Ladning"
"3705";"Garn.";"Garnets"
"3706";"Garnitz";"Garnets"
"3707";"Garntz.";"Garnets"
"3708";"Garnzr.";"Garnets"
"3709";"Gaurter";
"3710";"Gd.";"Gylden"
"3711";"Gebind";
"3712";"Gefæser";"Gefäss"
"3713";"Gefaesser";"Gefäss"
"3714";"Gefæsser";"Gefäss"
"3715";"Gefarsser";"Gefäss"
"3716";"Gefas";"Gefäss"
"3717";"Gefass";"Gefäss"
"3718";"Gefasser";"Gefäss"
"3719";"Gefesser";"Gefäss"
"3720";"Gelder";"Gylden"
"3721";"Gerder";
"3722";"Gg";"Gylden"
"3723";"Gg.";"Gylden"
"3724";"Ggl";"Gylden"
"3725";"Ggl.";"Gylden"
"3726";"Ggld.";"Gylden"
"3727";"Ggldenn.";"Gylden"
"3728";"Ggylden";"Gylden"
"3729";"Ghardeler";"Quardel"
"3730";"Giildenn";"Gylden"
"3731";"Gijld";"Gylden"
"3732";"Gijld-";"Gylden"
"3733";"Gijld.";"Gylden"
"3734";"Gijlde";"Gylden"
"3735";"Gijlden";"Gylden"
"3736";"Gijldenn";"Gylden"
"3737";"Gijlder";"Gylden"
"3738";"Gijldn";"Gylden"
"3739";"Gijllden";"Gylden"
"3740";"Gijlldenn";"Gylden"
"3741";"Gijllders";"Gylden"
"3742";"Gilden";"Gylden"
"3743";"Gildenn";"Gylden"
"3744";"Gillden";"Gylden"
"3745";"Gilldenn";"Gylden"
"3746";"Gillen";"Gylden"
"3747";"Gillenn";"Gylden"
"3748";"Giødchen";"Grøtken"
"3749";"Giødshenn";"Grøtken"
"3750";"Giorts";
"3751";"Giøtekenn";"Grøtken"
"3752";"Giøttekenn";"Grøtken"
"3753";"Giulden";"Gylden"
"3754";"Gl";"Gylden"
"3755";"Gl.";"Gylden"
"3756";"Glas";
"3757";"Gld";"Gylden"
"3758";"Gld.";"Gylden"
"3759";"Glden";"Gylden"
"3760";"Gldenn";"Gylden"
"3761";"Gll.";"Gylden"
"3762";"Glls.";"Gallon"
"3763";"Gls.";"Gallon"
"3764";"Gølden";"Gylden"
"3765";"GoldGylden";"Gylden"
"3766";"Gøllenn";"Gylden"
"3767";"Goottleiger";
"3768";"Gorcken";
"3769";"Gr.";"Gylden"
"3770";"Granser";
"3771";"Graser";
"3772";"Griøtecker";"Grøtken"
"3773";"Grødtchen";"Grøtken"
"3774";"Grødtschen";"Grøtken"
"3775";"Groet";"Grøtken"
"3776";"Grofue tønder";"Tønde, Grofue"
"3777";"Grøittkenn";"Grøtken"
"3778";"Grors";"Gros"
"3779";"Gros";"Gros"
"3780";"Gross";"Gros"
"3781";"Gross hund.";"Hundred, Store"
"3782";"Grosse hund.";"Hundred, Store"
"3783";"Grosse hundert";"Hundred, Store"
"3784";"Grosshundrit";"Hundred, Store"
"3785";"Grotckenn";"Grøtken"
"3786";"Grøteckenn";"Grøtken"
"3787";"Grotgen";"Grøtken"
"3788";"Grøtker";"Grøtken"
"3789";"Grottcken";"Grøtken"
"3790";"Grøttcken";"Grøtken"
"3791";"Grøttckenn";"Grøtken"
"3792";"Grøttkenn";"Grøtken"
"3793";"Grøttkinn";"Grøtken"
"3794";"Gs.";"Gallon"
"3795";"Gt.";"Gylden"
"3796";"Guard";"Quardel"
"3797";"Guard.";"Quardel"
"3798";"Guarteel";"Quardel"
"3799";"Guarteler";"Quardel"
"3800";"Guilden";"Gylden"
"3801";"Guildenn";"Gylden"
"3802";"Guld";"Gylden"
"3803";"Guld.";"Gylden"
"3804";"Gulde";"Gylden"
"3805";"Gulden";"Gylden"
"3806";"Guldenn";"Gylden"
"3807";"Guldenns";"Gylden"
"3808";"Gulder";"Gylden"
"3809";"Guldes";"Gylden"
"3810";"Guldgylden";"Gylden"
"3811";"Gulds.";"Gylden"
"3812";"Guldt.";"Gylden"
"3813";"Gull.";"Gylden"
"3814";"Gullden";"Gylden"
"3815";"Gulldenn";"Gylden"
"3816";"Gullen";"Gylden"
"3817";"Gullenn";"Gylden"
"3818";"Gullon";"Gylden"
"3819";"Guyld.";"Gylden"
"3820";"Guylden";"Gylden"
"3821";"Gvartelle";"Quardel"
"3822";"Gx";
"3823";"Gx.";
"3824";"Gyl.";"Gylden"
"3825";"Gyld";"Gylden"
"3826";"Gyld.";"Gylden"
"3827";"Gylde";"Gylden"
"3828";"Gylde.";"Gylden"
"3829";"Gylden";"Gylden"
"3830";"Gyldenn";"Gylden"
"3831";"Gyldens";"Gylden"
"3832";"Gylder";"Gylden"
"3833";"Gylders";"Gylden"
"3834";"Gyldh";"Gylden"
"3835";"Gyldn.";"Gylden"
"3836";"Gyllden";"Gylden"
"3837";"Gylldenn";"Gylden"
"3838";"Gyllder";"Gylden"
"3839";"Gyllem";"Gylden"
"3840";"Gyllen";"Gylden"
"3841";"Gyllenn";"Gylden"
"3842";"Gyllon";"Gylden"
"3843";"Gyllonn";"Gylden"
"3844";"Gz";"Gallon"
"3845";"Gz.";"Gallon"
"3846";"Haaffue";"Halve"
"3847";"Haelff paecke";"Pakke, Halve"
"3848";"Haffue";"Halve"
"3849";"Haffue Fadtt";"Fad, Halve"
"3850";"Haffue paccke";"Pakke, Halve"
"3851";"Haffue seche";"Sæk, Halve"
"3852";"Haffue Secke";"Sæk, Halve"
"3853";"Haffue seecker";"Sæk, Halve"
"3854";"Haffue støecker";"Støcker, Halve"
"3855";"Haffuer";"Halve"
"3856";"Haffur";"Halve"
"3857";"Haffur Ster.";"Sten, Halve"
"3858";"Haffve oxhofder";"Oksehovede, Halve"
"3859";"Halandsche hundert";"Hundred, Halandsche"
"3860";"Halbe";"Halve"
"3861";"Halbe faade";"Fad, Halve"
"3862";"Halbe Kister";"Kiste, Halve"
"3863";"Halbe Oxhoder";"Oksehovede, Halve"
"3864";"Halbe tønde";"Tønde, Halve"
"3865";"Half";"Halve"
"3866";"Half amer";"Ahm, Halve"
"3867";"Half hundrede";"Hundred, Halve"
"3868";"Half Hundret";"Hundred, Halve"
"3869";"Half oxhod";"Oksehovede, Halve"
"3870";"Half oxhoder";"Oksehovede, Halve"
"3871";"Half oxhoved";"Oksehovede, Halve"
"3872";"Half packe";"Pakke, Halve"
"3873";"Half Pibe";"Pibe, Halve"
"3874";"Half soker";"Støcker, Halve"
"3875";"Half støcher";"Støcker, Halve"
"3876";"Half Te.";"Tønde, Halve"
"3877";"Half tønder";"Tønde, Halve"
"3878";"Half tønnder";"Tønde, Halve"
"3879";"Half tz.";"Tønde, Halve"
"3880";"Halfar Te.";"Tønde, Halve"
"3881";"Halfde lad.";"Ladning, Halve"
"3882";"Halfe oxehoftt";"Oksehovede, Halve"
"3883";"Halfe oxehoveder";"Oksehovede, Halve"
"3884";"Halfe oxhofder";"Oksehovede, Halve"
"3885";"Halfe seche";"Sæk, Halve"
"3886";"Halfe Ste.";"Støcker, Halve"
"3887";"Halfe Stucker";"Støcker, Halve"
"3888";"Halfe tønde";"Tønde, Halve"
"3889";"Halfen";"Halve"
"3890";"Halfen Kister";"Kiste, Halve"
"3891";"Halfer";"Halve"
"3892";"Halfer ancker";"Anker, Halve"
"3893";"Halfer kister";"Kiste, Halve"
"3894";"Halfer piber";"Pibe, Halve"
"3895";"Halfer secher";"Sæk, Halve"
"3896";"Halfer Stk.";"Støcker, Halve"
"3897";"Halfer støcker";"Støcker, Halve"
"3898";"Halfer tønder";"Tønde, Halve"
"3899";"Halfer Tr.";"Tønde, Halve"
"3900";"Halff";"Halve"
"3901";"Halff amer";"Ahm, Halve"
"3902";"Halff fad";"Fad, Halve"
"3903";"Halff hunder";"Hundred, Halve"
"3904";"Halff hundred";"Hundred, Halve"
"3905";"Halff paccke";"Pakke, Halve"
"3906";"Halff packe";"Pakke, Halve"
"3907";"Halff paecke";"Pakke, Halve"
"3908";"Halff pund";"Pund, Halve"
"3909";"Halff Quartel";"Quardel, Halve"
"3910";"Halff str.";"Støcker, Halve"
"3911";"Halff stucker";"Støcker, Halve"
"3912";"Halff thdr.";"Tønde, Halve"
"3913";"Halff thner.";"Tønde, Halve"
"3914";"Halff Thnr.";"Tønde, Halve"
"3915";"Halff thønder";"Tønde, Halve"
"3916";"Halff thøner";"Tønde, Halve"
"3917";"Halff Thr.";"Tønde, Halve"
"3918";"Halff tønder";"Tønde, Halve"
"3919";"Halff tønner";"Tønde, Halve"
"3920";"Halff t-r";"Tønde, Halve"
"3921";"Halff tunner";"Tønde, Halve"
"3922";"Halffanden pibe";"Pibe, Halve"
"3923";"Halffandet hundret";"Hundred, Halve"
"3924";"Halff-e";"Halve"
"3925";"Halffe Ancker";"Anker, Halve"
"3926";"Halffe Fadde";"Fad, Halve"
"3927";"Halffe Ste.";"Sten, Halve"
"3928";"Halffe Thønder";"Tønde, Halve"
"3929";"Halffe Tønder";"Tønde, Halve"
"3930";"Halffembte ring";"Ring, Halve"
"3931";"Halffen";"Halve, Halve"
"3932";"Halffer";"Halve, Halve"
"3933";"Halffer fad";"Fad, Halve"
"3934";"Halffer fæder";"Fad, Halve"
"3935";"Halffer sacke";"Sæk, Halve"
"3936";"Halfffue Seecker";"Sæk, Halve"
"3937";"Halffne fad";"Fad, Halve"
"3938";"Halffnoe fadt";"Fad, Halve"
"3939";"Halffthunnder";"Hundred, Halve"
"3940";"Halfftønde";"Tønde, Halve"
"3941";"Halfftønder";"Tønde, Halve"
"3942";"Halffu sack";"Sæk, Halve"
"3943";"Halffud thønde";"Tønde, Halve"
"3944";"Halffue";"Halve"
"3945";"Halffue  oxhoffede";"Oksehovede, Halve"
"3946";"Halffue Ahmmer";"Ahm, Halve"
"3947";"Halffue Ammer";"Ahm, Halve"
"3948";"Halffue ancker";"Anker, Halve"
"3949";"Halffue boe";"Botte, Halve"
"3950";"Halffue Botter";"Botte, Halve"
"3951";"Halffue faad";"Fad, Halve"
"3952";"Halffue faade";"Fad, Halve"
"3953";"Halffue fad";"Fad, Halve"
"3954";"Halffue fadde";"Fad, Halve"
"3955";"Halffue Fadder";"Fad, Halve"
"3956";"Halffue fade";"Fad, Halve"
"3957";"Halffue Fadt";"Fad, Halve"
"3958";"Halffue fadtt";"Fad, Halve"
"3959";"Halffue Faedt";"Fad, Halve"
"3960";"Halffue faedtt";"Fad, Halve"
"3961";"Halffue Foede";"Foder, Halve"
"3962";"Halffue Kiester";"Kiste, Halve"
"3963";"Halffue kister";"Kiste, Halve"
"3964";"Halffue Korffue";"Kurv, Halve"
"3965";"Halffue oxhoder";"Oksehovede, Halve"
"3966";"Halffue Paccke";"Pakke, Halve"
"3967";"Halffue paccker";"Pakke, Halve"
"3968";"Halffue pacher";"Pakke, Halve"
"3969";"Halffue packe";"Pakke, Halve"
"3970";"Halffue Packer";"Pakke, Halve"
"3971";"Halffue Packur";"Pakke, Halve"
"3972";"Halffue paecke";"Pakke, Halve"
"3973";"Halffue paecker";"Pakke, Halve"
"3974";"Halffue Piber";"Pibe, Halve"
"3975";"Halffue piiber";"Pibe, Halve"
"3976";"Halffue seccke";"Sæk, Halve"
"3977";"Halffue seccker";"Sæk, Halve"
"3978";"Halffue seche";"Sæk, Halve"
"3979";"Halffue Seck";"Sæk, Halve"
"3980";"Halffue secke";"Sæk, Halve"
"3981";"Halffue Secker";"Sæk, Halve"
"3982";"Halffue seeck";"Sæk, Halve"
"3983";"Halffue seecke";"Sæk, Halve"
"3984";"Halffue seecker";"Sæk, Halve"
"3985";"Halffue seker";"Sæk, Halve"
"3986";"Halffue St";"Sten, Halve"
"3987";"Halffue Ste.";"Sten, Halve"
"3988";"Halffue Steccke";"Støcker, Halve"
"3989";"Halffue Ster";"Sten, Halve"
"3990";"Halffue Ster.";"Sten, Halve"
"3991";"Halffue Stk.";"Støcker, Halve"
"3992";"Halffue støcher";"Støcker, Halve"
"3993";"Halffue Stocke";"Støcker, Halve"
"3994";"Halffue Støcker";"Støcker, Halve"
"3995";"Halffue støecker";"Støcker, Halve"
"3996";"Halffue støeker";"Støcker, Halve"
"3997";"Halffue St-r";"Støcker, Halve"
"3998";"Halffue str.";"Støcker, Halve"
"3999";"Halffue stx.";"Støcker, Halve"
"4000";"Halffue stycker";"Støcker, Halve"
"4001";"Halffue Styker";"Støcker, Halve"
"4002";"Halffue td.";"Tønde, Halve"
"4003";"Halffue Te.";"Tønde, Halve"
"4004";"Halffue Ter.";"Tønde, Halve"
"4005";"Halffue th.";"Tønde, Halve"
"4006";"Halffue Thøend";"Tønde, Halve"
"4007";"Halffue thøender";"Tønde, Halve"
"4008";"Halffue thøendr";"Tønde, Halve"
"4009";"Halffue thønder";"Tønde, Halve"
"4010";"Halffue Thønner";"Tønde, Halve"
"4011";"Halffue thr.";"Tønde, Halve"
"4012";"Halffue thunner";"Tønde, Halve"
"4013";"Halffue thynnder";"Tønde, Halve"
"4014";"Halffue tonder";"Tønde, Halve"
"4015";"Halffue Tønder";"Tønde, Halve"
"4016";"Halffuer";"Halve, Halve"
"4017";"Halffuer seehe";"Sæk, Halve"
"4018";"Halffuer Ste.";"Sten, Halve"
"4019";"Halffuer Ster";"Sten, Halve"
"4020";"HalffueSeccker";"Sæk, Halve"
"4021";"Halffur";"Halve, Halve"
"4022";"Halffur amer";"Ahm, Halve"
"4023";"Halffur ammer";"Ahm, Halve"
"4024";"Halffur ancker";"Anker, Halve"
"4025";"Halffur Baller";"Balle, Halve"
"4026";"Halffur fad";"Fad, Halve"
"4027";"Halffur fade";"Fad, Halve"
"4028";"Halffur faedt";"Fad, Halve"
"4029";"Halffur oxhoffder";"Oksehovede, Halve"
"4030";"Halffur piber";"Pibe, Halve"
"4031";"Halffur sacke";"Sæk, Halve"
"4032";"Halffur Secher";"Sæk, Halve"
"4033";"Halffur secke";"Sæk, Halve"
"4034";"Halffur secker";"Sæk, Halve"
"4035";"Halffur seeker";"Sæk, Halve"
"4036";"Halffur Ste.";"Sten, Halve"
"4037";"Halffur Ster";"Sten, Halve"
"4038";"Halffur Ster.";"Sten, Halve"
"4039";"Halffur støcke";"Støcker, Halve"
"4040";"Halffur Støcker";"Støcker, Halve"
"4041";"Halffur støecker";"Støcker, Halve"
"4042";"Halffur støeker";"Støcker, Halve"
"4043";"Halffur Stucher";"Støcker, Halve"
"4044";"Halffur Stxr.";"Støcker, Halve"
"4045";"Halffur Te.";"Tønde, Halve"
"4046";"Halffur Ter.";"Tønde, Halve"
"4047";"Halffur thøend";"Tønde, Halve"
"4048";"Halffur thøender";"Tønde, Halve"
"4049";"Halffur thoendr.";"Tønde, Halve"
"4050";"Halffur thøendr.";"Tønde, Halve"
"4051";"Halffur Thønd";"Tønde, Halve"
"4052";"Halffur thønd.";"Tønde, Halve"
"4053";"Halffur thønde";"Tønde, Halve"
"4054";"Halffur thr.";"Tønde, Halve"
"4055";"Halffur tønde";"Tønde, Halve"
"4056";"Halffur tønder";"Tønde, Halve"
"4057";"Halffur tønnd.";"Tønde, Halve"
"4058";"HalffurTxr.";"Tønde, Halve"
"4059";"Halffus secke";"Sæk, Halve"
"4060";"Halffus Støcker";"Støcker, Halve"
"4061";"Halffut te.";"Tønde, Halve"
"4062";"Halffwe fadt";"Fad, Halve"
"4063";"Halfhanden Lest";"Læst, Halve"
"4064";"Halfhundret";"Hundred, Halve"
"4065";"Halfst.";"Halve"
"4066";"Halft hunder";"Hundred, Halve"
"4067";"Halft thønder och fierringer";"Fjerding"
"4068";"Halft thønder och fierringer";"Tønde, Halve"
"4069";"Halft tønder";"Tønde, Halve"
"4070";"Halftønder";"Tønde, Halve"
"4071";"Halftu oxehoffder";"Oksehovede, Halve"
"4072";"Halftu Sacker";"Sæk, Halve"
"4073";"Halftue støcker";"Støcker, Halve"
"4074";"Halftue tønder";"Tønde, Halve"
"4075";"Halftur";"Halve"
"4076";"Halftur oxhoffder";"Oksehovede, Halve"
"4077";"Halftur Secke";"Sæk, Halve"
"4078";"Halfue";"Halve"
"4079";"Halfue amer";"Ahm, Halve"
"4080";"Halfue anckers";"Anker, Halve"
"4081";"Halfue Fade";"Fad, Halve"
"4082";"Halfue fader";"Fad, Halve"
"4083";"Halfue faede";"Fad, Halve"
"4084";"Halfue och en heel tønde";"Tønde, 1 1/2"
"4085";"Halfue oxehoffter";"Oksehovede, Halve"
"4086";"Halfue Oxhoder";"Oksehovede, Halve"
"4087";"Halfue piber";"Pibe, Halve"
"4088";"Halfue quarteller";"Quardel, Halve"
"4089";"Halfue sech";"Sæk, Halve"
"4090";"Halfue secker";"Sæk, Halve"
"4091";"Halfue St.";"Støcker, Halve"
"4092";"Halfue stk.";"Støcker, Halve"
"4093";"Halfue støcher";"Støcker, Halve"
"4094";"Halfue Tdr.";"Tønde, Halve"
"4095";"Halfue tønder";"Tønde, Halve"
"4096";"Halfuer Ster";"Sten, Halve"
"4097";"Halfun ammer";"Ahm, Halve"
"4098";"Halfun Te.";"Tønde, Halve"
"4099";"Halfur  te.";"Tønde, Halve"
"4100";"Halfur Ahmer";"Ahm, Halve"
"4101";"Halfur amer";"Ahm, Halve"
"4102";"Halfur ancker";"Anker, Halve"
"4103";"Halfur fade";"Fad, Halve"
"4104";"Halfur føder";"Foder, Halve"
"4105";"Halfur oxehofder";"Oksehovede, Halve"
"4106";"Halfur Oxehoffter";"Oksehovede, Halve"
"4107";"Halfur Oxhoder";"Oksehovede, Halve"
"4108";"Halfur Pencons";"Puncheon, Halve"
"4109";"Halfur piber";"Pibe, Halve"
"4110";"Halfur seke";"Sæk, Halve"
"4111";"Halfur ste.";"Sten, Halve"
"4112";"Halfur Ster.";"Sten, Halve"
"4113";"Halfur stocker";"Støcker, Halve"
"4114";"Halfur te.";"Tønde, Halve"
"4115";"Halfur Tønder";"Tønde, Halve"
"4116";"Halfurr";"Halve"
"4117";"Halfus secker";"Sæk, Halve"
"4118";"Halfuue faedtt";"Fad, Halve"
"4119";"Halfve";"Halve"
"4120";"Halfve ahm";"Ahm, Halve"
"4121";"Halfve ahmer";"Ahm, Halve"
"4122";"Halfve Anckere";"Anker, Halve"
"4123";"Halfve bootter";"Botte, Halve"
"4124";"Halfve casser";"Casser, Halve"
"4125";"Halfve fad";"Fad, Halve"
"4126";"Halfve fade";"Fad, Halve"
"4127";"Halfve kisten";"Kiste, Halve"
"4128";"Halfve kister";"Kiste, Halve"
"4129";"Halfve ox.";"Oksehovede, Halve"
"4130";"Halfve oxhofd.";"Oksehovede, Halve"
"4131";"Halfve Oxhofder";"Oksehovede, Halve"
"4132";"Halfve oxhov.";"Oksehovede, Halve"
"4133";"Halfve oxhoved";"Oksehovede, Halve"
"4134";"Halfve oxhoveder";"Oksehovede, Halve"
"4135";"Halfve piber";"Pibe, Halve"
"4136";"Halfve Stk.";"Støcker, Halve"
"4137";"Halfve støcker";"Støcker, Halve"
"4138";"Halfve te.";"Tønde, Halve"
"4139";"Halfve tønd";"Tønde, Halve"
"4140";"Halfve tønd.";"Tønde, Halve"
"4141";"Halfve Tønde";"Tønde, Halve"
"4142";"Halfve tønder";"Tønde, Halve"
"4143";"Halfver Oxehofder";"Oksehovede, Halve"
"4144";"Halle";"Halve"
"4145";"Halle amer";"Ahm, Halve"
"4146";"Halle ancker";"Anker, Halve"
"4147";"Halle Baller";"Balle, Halve"
"4148";"Halle botter";"Botte, Halve"
"4149";"Halle faad";"Fad, Halve"
"4150";"Halle fad";"Fad, Halve"
"4151";"Halle Kister";"Kiste, Halve"
"4152";"Halle Secher";"Sæk, Halve"
"4153";"Halle seckher";"Sæk, Halve"
"4154";"Halle Ste.";"Sten, Halve"
"4155";"Halle Støcker";"Støcker, Halve"
"4156";"Halle Stucker";"Støcker, Halve"
"4157";"Halle Stx.";"Støcker, Halve"
"4158";"Halle Tonder";"Tønde, Halve"
"4159";"Halle Tønder";"Tønde, Halve"
"4160";"Hallefaad";"Fad, Halve"
"4161";"Hallefæde";"Fad, Halve"
"4162";"Hallekister";"Kiste, Halve"
"4163";"Hallestocker";"Støcker, Halve"
"4164";"Hallfe Thønde";"Tønde, Halve"
"4165";"Hallff paeck";"Pakke, Halve"
"4166";"Hallff. seecker";"Sæk, Halve"
"4167";"Hallffue";"Halve"
"4168";"Hallffue fadtt";"Fad, Halve"
"4169";"Hallffue faedtt";"Fad, Halve"
"4170";"Hallffue korffue";"Kurv, Halve"
"4171";"Hallffue packe";"Pakke, Halve"
"4172";"Hallffue packer";"Pakke, Halve"
"4173";"Hallffue paecke";"Pakke, Halve"
"4174";"Hallffue paecker";"Pakke, Halve"
"4175";"Hallffue secke";"Sæk, Halve"
"4176";"Hallffue Seecke";"Sæk, Halve"
"4177";"Hallffue seecker";"Sæk, Halve"
"4178";"Hallffue ste.";"Sten, Halve"
"4179";"Hallffue thr.";"Tønde, Halve"
"4180";"Hallffuer faedt";"Fad, Halve"
"4181";"Hallffuer Ste.";"Sten, Halve"
"4182";"Hallffur secher";"Sæk, Halve"
"4183";"Hallffur Tx.";"Tønde, Halve"
"4184";"Hallfue";"Halve, Halve"
"4185";"Hallfue packer";"Pakke, Halve"
"4186";"Hallfue seecker";"Sæk, Halve"
"4187";"Hallfue støcher";"Støcker, Halve"
"4188";"Hallfue Thnr.";"Tønde, Halve"
"4189";"Hallfur";"Halve"
"4190";"Hallfur fadde";"Fad, Halve"
"4191";"Hallfur sacke";"Sæk, Halve"
"4192";"Hallue";"Halve"
"4193";"Hallue amer";"Ahm, Halve"
"4194";"Hallue fadt";"Fad, Halve"
"4195";"Hallv boter";"Botte, Halve"
"4196";"Hallv fad";"Fad, Halve"
"4197";"Hallv stucker";"Støcker, Halve"
"4198";"Hallve Oxehofved.";"Oksehovede, Halve"
"4199";"Hallve ter.";"Tønde, Halve"
"4200";"Hallvstøcker";"Støcker, Halve"
"4201";"Halstne fade";"Fad, Halve"
"4202";"Halte";"Halve"
"4203";"Halue";"Halve"
"4204";"Halue ahmer";"Ahm, Halve"
"4205";"Halue amer";"Ahm, Halve"
"4206";"Halue Kister";"Kiste, Halve"
"4207";"Halue oxhoffder";"Oksehovede, Halve"
"4208";"Halue Oxhofft";"Oksehovede, Halve"
"4209";"Halue oxhofft.";"Oksehovede, Halve"
"4210";"Halue pach.";"Pakke, Halve"
"4211";"Halue pacher";"Pakke, Halve"
"4212";"Halue paecker";"Pakke, Halve"
"4213";"Halue pieber";"Pibe, Halve"
"4214";"Halue sacker";"Sæk, Halve"
"4215";"Halue Secher";"Sæk, Halve"
"4216";"Halue seck";"Sæk, Halve"
"4217";"Halue Secke";"Sæk, Halve"
"4218";"Halue Secker";"Sæk, Halve"
"4219";"Halue ste.";"Sten, Halve"
"4220";"Halue støck";"Støcker, Halve"
"4221";"Halue støcker";"Støcker, Halve"
"4222";"Halue Str.";"Støcker, Halve"
"4223";"Halue stx.";"Støcker, Halve"
"4224";"Halue Ter.";"Tønde, Halve"
"4225";"Halue th.r";"Tønde, Halve"
"4226";"Halue tønder";"Tønde, Halve"
"4227";"Halue Tx.";"Tønde, Halve"
"4228";"Haluen ancker";"Anker, Halve"
"4229";"Halur Fade";"Fad, Halve"
"4230";"Halur Ste.";"Sten, Halve"
"4231";"Halur støcher";"Støcker, Halve"
"4232";"Halv anker";"Anker, Halve"
"4233";"Halv atting.";"Otting, Halve"
"4234";"Halv auttinger";"Otting, Halve"
"4235";"Halv boot";"Botte, Halve"
"4236";"Halv botter";"Botte, Halve"
"4237";"Halv oxehov.";"Oksehovede, Halve"
"4238";"Halv Oxhd.";"Oksehovede, Halve"
"4239";"Halv pibe";"Pibe, Halve"
"4240";"Halv skock";"Skok, Halve"
"4241";"Halv støcher";"Støcker, Halve"
"4242";"Halv thynnder";"Tønde, Halve"
"4243";"Halv tønde";"Tønde, Halve"
"4244";"Halv. Booth";"Botte, Halve"
"4245";"Halv. Booth.";"Botte, Halve"
"4246";"Halve";"Halve"
"4247";"Halve ahmer";"Ahm, Halve"
"4248";"Halve ahmmer";"Ahm, Halve"
"4249";"Halve amer";"Ahm, Halve"
"4250";"Halve ammer";"Ahm, Halve"
"4251";"Halve ancker";"Anker, Halve"
"4252";"Halve anckere";"Anker, Halve"
"4253";"Halve anker";"Anker, Halve"
"4254";"Halve ankere";"Anker, Halve"
"4255";"Halve bahler";"Balle, Halve"
"4256";"Halve baller";"Balle, Halve"
"4257";"Halve bohler";"Balle, Halve"
"4258";"Halve Boodter";"Botte, Halve"
"4259";"Halve boot";"Botte, Halve"
"4260";"Halve boot.";"Botte, Halve"
"4261";"Halve Booter";"Botte, Halve"
"4262";"Halve Boother";"Botte, Halve"
"4263";"Halve bootr";"Botte, Halve"
"4264";"Halve bootter";"Botte, Halve"
"4265";"Halve boter";"Botte, Halve"
"4266";"Halve both";"Botte, Halve"
"4267";"Halve Both.";"Botte, Halve"
"4268";"Halve bother";"Botte, Halve"
"4269";"Halve botr";"Botte, Halve"
"4270";"Halve botter";"Botte, Halve"
"4271";"Halve fad";"Fad, Halve"
"4272";"Halve fade";"Fad, Halve"
"4273";"Halve fude";"Fud, Halve"
"4274";"Halve fustager";"Fustage, Halve"
"4275";"Halve fustagier";"Fustage, Halve"
"4276";"Halve Hunderd";"Hundred, Halve"
"4277";"Halve hundert";"Hundred, Halve"
"4278";"Halve Kiister";"Kiste, Halve"
"4279";"Halve kist.";"Kiste, Halve"
"4280";"Halve kiste";"Kiste, Halve"
"4281";"Halve kister";"Kiste, Halve"
"4282";"Halve kniper";"Knippe, Halve"
"4283";"Halve kurve";"Kurv, Halve"
"4284";"Halve kurver";"Kurv, Halve"
"4285";"Halve kyster";"Kiste, Halve"
"4286";"Halve ladning";"Ladning, Halve"
"4287";"Halve læster";"Læst, Halve"
"4288";"Halve lester";"Læst, Halve"
"4289";"Halve okseh.";"Oksehovede, Halve"
"4290";"Halve oksehovede";"Oksehovede, Halve"
"4291";"Halve ottinger";"Otting, Halve"
"4292";"Halve ox.";"Oksehovede, Halve"
"4293";"Halve oxd.";"Oksehovede, Halve"
"4294";"Halve oxeh.";"Oksehovede, Halve"
"4295";"Halve oxehd.";"Oksehovede, Halve"
"4296";"Halve oxehdr.";"Oksehovede, Halve"
"4297";"Halve oxehe.";"Oksehovede, Halve"
"4298";"Halve oxehl.";"Oksehovede, Halve"
"4299";"Halve oxeho.";"Oksehovede, Halve"
"4300";"Halve oxehofder";"Oksehovede, Halve"
"4301";"Halve oxehov.";"Oksehovede, Halve"
"4302";"Halve oxehovder";"Oksehovede, Halve"
"4303";"Halve oxehove.";"Oksehovede, Halve"
"4304";"Halve Oxehoved";"Oksehovede, Halve"
"4305";"Halve oxehoved.";"Oksehovede, Halve"
"4306";"Halve oxehovede";"Oksehovede, Halve"
"4307";"Halve oxehoveder";"Oksehovede, Halve"
"4308";"Halve oxh.";"Oksehovede, Halve"
"4309";"Halve oxhd.";"Oksehovede, Halve"
"4310";"Halve Oxhdr.";"Oksehovede, Halve"
"4311";"Halve oxhfd.";"Oksehovede, Halve"
"4312";"Halve oxhofd";"Oksehovede, Halve"
"4313";"Halve Oxhofd.";"Oksehovede, Halve"
"4314";"Halve oxhofder";"Oksehovede, Halve"
"4315";"Halve Oxhofveder";"Oksehovede, Halve"
"4316";"Halve Oxhov.";"Oksehovede, Halve"
"4317";"Halve oxhovder";"Oksehovede, Halve"
"4318";"Halve oxhoved";"Oksehovede, Halve"
"4319";"Halve oxhoved.";"Oksehovede, Halve"
"4320";"Halve oxhoveder";"Oksehovede, Halve"
"4321";"Halve pack";"Pakke, Halve"
"4322";"Halve pakker";"Pakke, Halve"
"4323";"Halve pibe";"Pibe, Halve"
"4324";"Halve piber";"Pibe, Halve"
"4325";"Halve pieber";"Pibe, Halve"
"4326";"Halve piiber";"Pibe, Halve"
"4327";"Halve piper";"Pibe, Halve"
"4328";"Halve ponçons";"Puncheon, Halve"
"4329";"Halve sacke";"Sæk, Halve"
"4330";"Halve Sæker";"Sæk, Halve"
"4331";"Halve skippund";"Skippund, Halve"
"4332";"Halve skok";"Skok, Halve"
"4333";"Halve spiltraad";"Spiltraad, Halve"
"4334";"Halve st.";"Støcker, Halve"
"4335";"Halve ste.";"Støcker, Halve"
"4336";"Halve stenger";"Stanger, Halve"
"4337";"Halve stk.";"Støcker, Halve"
"4338";"Halve stocher";"Støcker, Halve"
"4339";"Halve stocker";"Støcker, Halve"
"4340";"Halve støcker";"Støcker, Halve"
"4341";"Halve stoker";"Støcker, Halve"
"4342";"Halve støkken";"Støcker, Halve"
"4343";"Halve støkker";"Støcker, Halve"
"4344";"Halve stucker";"Støcker, Halve"
"4345";"Halve stx.";"Støcker, Halve"
"4346";"Halve stxr.";"Støcker, Halve"
"4347";"Halve Stycker";"Støcker, Halve"
"4348";"Halve stykker";"Støcker, Halve"
"4349";"Halve td.";"Tønde, Halve"
"4350";"Halve tde.";"Tønde, Halve"
"4351";"Halve tdr.";"Tønde, Halve"
"4352";"Halve te.";"Tønde, Halve"
"4353";"Halve Thønder";"Tønde, Halve"
"4354";"Halve tønd.";"Tønde, Halve"
"4355";"Halve tønde";"Tønde, Halve"
"4356";"Halve tønde.";"Tønde, Halve"
"4357";"Halve tønder";"Tønde, Halve"
"4358";"Halve tr.";"Tønde, Halve"
"4359";"Halved fad";"Fad, Halve"
"4360";"Halver kister";"Kiste, Halve"
"4361";"Halver piber";"Pibe, Halve"
"4362";"Halvlitres";"Liter, Halve"
"4363";"Halvt anker";"Anker, Halve"
"4364";"Halvur";"Halve"
"4365";"Halwe kister";"Kiste, Halve"
"4366";"Halwe oxhoeder";"Oksehovede, Halve"
"4367";"Hattadsker";
"4368";"Hatte";
"4369";"Haudt";
"4370";"Hauffer";
"4371";"Haxhot";"Oksehovede"
"4372";"Haxhouit";"Oksehovede"
"4373";"Healss";
"4374";"Hecher";
"4375";"Hect.";"Hectoliter"
"4376";"Hectlr.";"Hectoliter"
"4377";"Hectol.";"Hectoliter"
"4378";"Hectolides";"Hectoliter"
"4379";"Hectoliter";"Hectoliter"
"4380";"Hectolitr.";"Hectoliter"
"4381";"Hectolitre";"Hectoliter"
"4382";"Hectolitres";"Hectoliter"
"4383";"Hectolitter";"Hectoliter"
"4384";"Hectoltr.";"Hectoliter"
"4385";"Hed. Kanner";"Kande, Ned."
"4386";"Heel";"Heel"
"4387";"Heel fad";"Fad"
"4388";"Heel Ladingh";"Ladning"
"4389";"Heel pibe";"Pibe"
"4390";"Heel piber";"Pibe"
"4391";"Heele";"Heel"
"4392";"Heele ancher";"Anker"
"4393";"Heele anckere";"Anker"
"4394";"Heele ankere";"Anker"
"4395";"Heele bahler";"Balle"
"4396";"Heele baller";"Balle"
"4397";"Heele boot";"Botte"
"4398";"Heele Booter";"Botte"
"4399";"Heele booth";"Botte"
"4400";"Heele Boother";"Botte"
"4401";"Heele bootr";"Botte"
"4402";"Heele bootter";"Botte"
"4403";"Heele boter";"Botte"
"4404";"Heele both";"Botte"
"4405";"Heele both.";"Botte"
"4406";"Heele bother";"Botte"
"4407";"Heele botr";"Botte"
"4408";"Heele botter";"Botte"
"4409";"Heele fad";"Fad"
"4410";"Heele fade";"Fad"
"4411";"Heele fadt";"Fad"
"4412";"Heele fadtt";"Fad"
"4413";"Heele faedtt";"Fad"
"4414";"Heele fustager";"Fustage"
"4415";"Heele fustagier";"Fustage"
"4416";"Heele kister";"Kiste"
"4417";"Heele kurve";"Kurv"
"4418";"Heele læster";"Læst"
"4419";"Heele och halfue ahmer";"Ahm, 1 1/2"
"4420";"Heele oer";
"4421";"Heele og halfve kister";"Kiste, 1 1/2"
"4422";"Heele og halfve Te.";"Tønde, 1 1/2"
"4423";"Heele og halve baller";"Balle, 1 1/2"
"4424";"Heele og halve fustager";"Fustage, 1 1/2"
"4425";"Heele og halve oxehd.";"Oksehovede, 1 1/2"
"4426";"Heele og halve stk.";"Støcker, 1 1/2"
"4427";"Heele og halve tønder";"Tønde, 1 1/2"
"4428";"Heele Ottinger";"Otting"
"4429";"Heele oxeh.";"Oksehovede"
"4430";"Heele oxehd.";"Oksehovede"
"4431";"Heele oxehdr.";"Oksehovede"
"4432";"Heele oxehov.";"Oksehovede"
"4433";"Heele oxehovder";"Oksehovede"
"4434";"Heele oxehovede";"Oksehovede"
"4435";"Heele oxehoveder";"Oksehovede"
"4436";"Heele oxhd.";"Oksehovede"
"4437";"Heele Oxhdr.";"Oksehovede"
"4438";"Heele oxhoder";"Oksehovede"
"4439";"Heele oxhovder";"Oksehovede"
"4440";"Heele pibe";"Pibe"
"4441";"Heele piber";"Pibe"
"4442";"Heele pieber";"Pibe"
"4443";"Heele piiber";"Pibe"
"4444";"Heele piper";"Pibe"
"4445";"Heele Secher";"Sæk"
"4446";"Heele secker";"Sæk"
"4447";"Heele seehe";"Sæk"
"4448";"Heele skippund";"Skippund"
"4449";"Heele skok";"Skok"
"4450";"Heele spiltraad";"Spiltraad"
"4451";"Heele st.";"Støcker"
"4452";"Heele ste.";"Støcker"
"4453";"Heele stenger";"Stanger"
"4454";"Heele stk.";"Støcker"
"4455";"Heele stocker";"Støcker"
"4456";"Heele støkken";"Støcker"
"4457";"Heele stucker";"Støcker"
"4458";"Heele stx.";"Støcker"
"4459";"Heele stycker";"Støcker"
"4460";"Heele tde.";"Tønde"
"4461";"Heele tdr.";"Tønde"
"4462";"Heele te.";"Tønde"
"4463";"Heele tønde";"Tønde"
"4464";"Heele tønder";"Tønde"
"4465";"Heell";"Heel"
"4466";"Heelle";"Heel"
"4467";"Heelle fade";"Fad"
"4468";"Heelle Kiister";"Kiste"
"4469";"Heelle packer";"Pakke"
"4470";"Heelle Seker";"Sæk"
"4471";"Heelt";"Heel"
"4472";"Heexhoett";"Oksehovede"
"4473";"Hele";"Heel"
"4474";"Hele ahmer";"Ahm"
"4475";"Hele baller";"Balle"
"4476";"Hele Booter";"Botte"
"4477";"Hele Booth.";"Botte"
"4478";"Hele bother";"Botte"
"4479";"Hele faad";"Fad"
"4480";"Hele fad";"Fad"
"4481";"Hele fade";"Fad"
"4482";"Hele fadtt";"Fad"
"4483";"Hele kister";"Kiste"
"4484";"Hele oxd.";"Oksehovede"
"4485";"Hele Oxeh.";"Oksehovede"
"4486";"Hele oxehd.";"Oksehovede"
"4487";"Hele oxehoveder";"Oksehovede"
"4488";"Hele pacher";"Pakke"
"4489";"Hele pibe";"Pibe"
"4490";"Hele Piber";"Pibe"
"4491";"Hele sække";"Sæk"
"4492";"Hele sech";"Sæk"
"4493";"Hele seche";"Sæk"
"4494";"Hele secher";"Sæk"
"4495";"Hele stucker";"Støcker"
"4496";"Hele stycke";"Støcker"
"4497";"Hele stykker";"Støcker"
"4498";"Hele Tde.";"Tønde"
"4499";"Hele Tdr.";"Tønde"
"4500";"Hele tønder";"Tønde"
"4501";"Helffur fad";"Fad, Halve"
"4502";"Hell Ladignn";"Ladning"
"4503";"Helle";"Heel"
"4504";"Helle faade";"Fad"
"4505";"Helle fad";"Fad"
"4506";"Helle fad fad";"Fad"
"4507";"Helle fadde";"Fad"
"4508";"Helle fade";"Fad"
"4509";"Helle fadt";"Fad"
"4510";"Helle fadtt";"Fad"
"4511";"Helle faedt";"Fad"
"4512";"Helle kiister";"Kiste"
"4513";"Helle kister";"Kiste"
"4514";"Helle koster";"Kiste"
"4515";"Helle oxeh.";"Oksehovede"
"4516";"Helle oxehoffter";"Oksehovede"
"4517";"Helle pach.";"Pakke"
"4518";"Helle pacher";"Pakke"
"4519";"Helle packer";"Pakke"
"4520";"Helle sacke";"Sæk"
"4521";"Helle secke";"Sæk"
"4522";"Helle secken";"Sæk"
"4523";"Helle Secker";"Sæk"
"4524";"Helle seecke";"Sæk"
"4525";"Helle seker";"Sæk"
"4526";"Helle Ste.";"Støcker"
"4527";"Helle støcker";"Støcker"
"4528";"Helle støecker";"Støcker"
"4529";"Helle str.";"Støcker"
"4530";"Helle thøendr";"Tønde"
"4531";"Helle tønder";"Tønde"
"4532";"Heller oxehoftt";"Oksehovede"
"4533";"Helt stk.";"Støcker"
"4534";"Heltt";"Heel"
"4535";"Heltt fadt";"Fad"
"4536";"Heltt fadtt";"Fad"
"4537";"Hendridt";"Hundred"
"4538";"Hendrit";"Hundred"
"4539";"Henge";
"4540";"Heuder";"Hundred"
"4541";"Heundrit";"Hundred"
"4542";"Heuxhoett";"Oksehovede"
"4543";"Hexhoett";"Oksehovede"
"4544";"Hexhouit";"Oksehovede"
"4545";"Hexhovtt";"Oksehovede"
"4546";"Hindrede";"Hundred"
"4547";"Hindrit";"Hundred"
"4548";"Hnd.";"Hundred"
"4549";"Hochoffuid";"Oksehovede"
"4550";"Hockschoett";"Oksehovede"
"4551";"Hockschott";"Oksehovede"
"4552";"Hockshot";"Oksehovede"
"4553";"Hockshott";"Oksehovede"
"4554";"Hocksshoet";"Oksehovede"
"4555";"Hocksthott";"Oksehovede"
"4556";"Hodxhoett";"Oksehovede"
"4557";"Hoed";"Hoed"
"4558";"Hoedt";"Hoed"
"4559";"Høemb";
"4560";"Hoeqhoett";"Oksehovede"
"4561";"Hoerhoett";"Oksehovede"
"4562";"Hoet";"Hoed"
"4563";"Hoex";"Oksehovede"
"4564";"Hoex hoett";"Oksehovede"
"4565";"Hoex hontt";"Oksehovede"
"4566";"Hoex.";"Oksehovede"
"4567";"Hoexett";"Oksehovede"
"4568";"Hoexhod";"Oksehovede"
"4569";"Hoexhød";"Oksehovede"
"4570";"Høexhod";"Oksehovede"
"4571";"Høexhød";"Oksehovede"
"4572";"Hoexhøed";"Oksehovede"
"4573";"Hoexhoentt";"Oksehovede"
"4574";"Hoexhoet";"Oksehovede"
"4575";"Hoexhoett";"Oksehovede"
"4576";"Hoexhøett";"Oksehovede"
"4577";"Høexhoett";"Oksehovede"
"4578";"Hoexhoew";"Oksehovede"
"4579";"Hoexhoex hontt";"Oksehovede"
"4580";"Hoexhoext";"Oksehovede"
"4581";"Hoexhoid";"Oksehovede"
"4582";"Hoexhontt";"Oksehovede"
"4583";"Hoexhoutt";"Oksehovede"
"4584";"Hogstehouffder";"Oksehovede"
"4585";"Hol. huudrede";"Hundred, Hollandsk"
"4586";"Holffod";
"4587";"Holffue ahmer";"Ahm, Halve"
"4588";"Holl. hunderde";"Hundred, Hollandsk"
"4589";"Holl. hundert";"Hundred, Hollandsk"
"4590";"Holl. hundr";"Hundred, Hollandsk"
"4591";"Holl. hundr.";"Hundred, Hollandsk"
"4592";"Holl. hundrede";"Hundred, Hollandsk"
"4593";"Holl. huuderder";"Hundred, Hollandsk"
"4594";"Holl. huudrede";"Hundred, Hollandsk"
"4595";"Holl.huudere";"Hundred, Hollandsk"
"4596";"Hollander hunderde";"Hundred, Hollandsk"
"4597";"Hollandsch gijlden";"Gylden, Hollandsk"
"4598";"Hollandsche hundere";"Hundred, Hollandsk"
"4599";"Hollandsche hundrite";"Hundred, Hollandsk"
"4600";"Hollandsk hundrede";"Hundred, Hollandsk"
"4601";"Hollandts hundret";"Hundred, Hollandsk"
"4602";"Hollandtse hundridt";"Hundred, Hollandsk"
"4603";"Hollandz Gulden";"Hundred, Hollandsk"
"4604";"Hollannts hundert";"Hundred, Hollandsk"
"4605";"Hollans Hundert";"Hundred, Hollandsk"
"4606";"Hollans Hundrid";"Hundred, Hollandsk"
"4607";"Hollansche gijlden";"Gylden, Hollandsk"
"4608";"Hollansche gylden";"Hundred, Hollandsk"
"4609";"Hollansche Hundrit";"Hundred, Hollandsk"
"4610";"Hollansk hundrede";"Hundred, Hollandsk"
"4611";"Hollanske hundridt";"Hundred, Hollandsk"
"4612";"Holle Støcker";"Støcker"
"4613";"Honder";"Hundred"
"4614";"Hønder";"Hundred"
"4615";"Hønderde";"Hundred"
"4616";"Hondert";"Hundred"
"4617";"Hondert Pund";"Pund, Hundred"
"4618";"Hondred";"Hundred"
"4619";"Høndred";"Hundred"
"4620";"Hondridt";"Hundred"
"4621";"Honxhont";"Oksehovede"
"4622";"Honxhontt";"Oksehovede"
"4623";"Hoohoid";"Oksehovede"
"4624";"Hoqhouit";"Oksehovede"
"4625";"Houd";"Hoed"
"4626";"Houexhoett";"Oksehovede"
"4627";"Houxhoett";"Oksehovede"
"4628";"Houxhoutt";"Oksehovede"
"4629";"Hox hod";"Oksehovede"
"4630";"Hox hoid";"Oksehovede"
"4631";"Høx hoid";"Oksehovede"
"4632";"Hoxe";"Oksehovede"
"4633";"Hoxehoett";"Oksehovede"
"4634";"Hoxehoid";"Oksehovede"
"4635";"Hoxhad";"Oksehovede"
"4636";"Hoxhadt";"Oksehovede"
"4637";"Hoxhed";"Oksehovede"
"4638";"Hoxheid";"Oksehovede"
"4639";"Hoxhhouit";"Oksehovede"
"4640";"Hoxhod";"Oksehovede"
"4641";"Hoxhød";"Oksehovede"
"4642";"Høxhød";"Oksehovede"
"4643";"Hoxhod.";"Oksehovede"
"4644";"Hoxhode";"Oksehovede"
"4645";"Hoxhoder";"Oksehovede"
"4646";"Hoxhodt";"Oksehovede"
"4647";"Hoxhodtt";"Oksehovede"
"4648";"Hoxhoed";"Oksehovede"
"4649";"Hoxhøed";"Oksehovede"
"4650";"Hoxhoet";"Oksehovede"
"4651";"Hoxhoett";"Oksehovede"
"4652";"Hoxhoffett";"Oksehovede"
"4653";"Hoxhoffued";"Oksehovede"
"4654";"Hoxhoffuett";"Oksehovede"
"4655";"Hoxhoffuit";"Oksehovede"
"4656";"Hoxhoffuitt";"Oksehovede"
"4657";"Hoxhoid";"Oksehovede"
"4658";"Høxhoid";"Oksehovede"
"4659";"Hoxhoidt";"Oksehovede"
"4660";"Hoxhønd";"Oksehovede"
"4661";"Hoxhopd";"Oksehovede"
"4662";"Hoxhord";"Oksehovede"
"4663";"Hoxhort";"Oksehovede"
"4664";"Hoxhott";"Oksehovede"
"4665";"Hoxhouett";"Oksehovede"
"4666";"Hoxhouid";"Oksehovede"
"4667";"Hoxhouit";"Oksehovede"
"4668";"Hoxhovd";"Oksehovede"
"4669";"Hoxhovet";"Oksehovede"
"4670";"Høxhøvet";"Oksehovede"
"4671";"Hoxhowid";"Oksehovede"
"4672";"Hoxhowitt";"Oksehovede"
"4673";"Hoxhuit";"Oksehovede"
"4674";"Hoxjod";"Oksehovede"
"4675";"Hoxshehoid";"Oksehovede"
"4676";"Huchouit";"Oksehovede"
"4677";"Hucqhoet";"Oksehovede"
"4678";"Hucxhøfftt";"Oksehovede"
"4679";"Hucxhoiitt";"Oksehovede"
"4680";"Hud.";"Huder"
"4681";"Hudder";"Huder"
"4682";"Hude";"Huder"
"4683";"Huder";"Huder"
"4684";"Hudt";
"4685";"Huehoitt";"Oksehovede"
"4686";"Huerhuott";"Oksehovede"
"4687";"Hueschoett";"Oksehovede"
"4688";"Hueshoett";"Oksehovede"
"4689";"Huex hont";"Oksehovede"
"4690";"Huex houet";"Oksehovede"
"4691";"Huexher";"Oksehovede"
"4692";"Huexhet";"Oksehovede"
"4693";"Huexheuet";"Oksehovede"
"4694";"Huexho.";"Oksehovede"
"4695";"Huexhoeett";"Oksehovede"
"4696";"Huexhøeffer";"Oksehovede"
"4697";"Huexhoeffn";"Oksehovede"
"4698";"Huexhøefft";"Oksehovede"
"4699";"Huexhøefftt";"Oksehovede"
"4700";"Huexhoeitt";"Oksehovede"
"4701";"Huexhoert";"Oksehovede"
"4702";"Huexhoertt";"Oksehovede"
"4703";"Huexhoet";"Oksehovede"
"4704";"Huexhoett";"Oksehovede"
"4705";"Huexhoett kastir";"Oksehovede"
"4706";"Huexhoeuet";"Oksehovede"
"4707";"Huexhøifft";"Oksehovede"
"4708";"Huexhoiit";"Oksehovede"
"4709";"Huexhoiitt";"Oksehovede"
"4710";"Huexhoirtt";"Oksehovede"
"4711";"Huexhoitt";"Oksehovede"
"4712";"Huexholtt";"Oksehovede"
"4713";"Huexhont";"Oksehovede"
"4714";"Huexhooett";"Oksehovede"
"4715";"Huexhorn";"Oksehovede"
"4716";"Huexhot";"Oksehovede"
"4717";"Huexhott";"Oksehovede"
"4718";"Huexhouedtt";"Oksehovede"
"4719";"Huexhouet";"Oksehovede"
"4720";"Huexhouett";"Oksehovede"
"4721";"Huexhouidt";"Oksehovede"
"4722";"Huexhouidtt";"Oksehovede"
"4723";"Huexhouiitt";"Oksehovede"
"4724";"Huexhouitt";"Oksehovede"
"4725";"Huexhourt";"Oksehovede"
"4726";"Huexhout";"Oksehovede"
"4727";"Huexhowiitt";"Oksehovede"
"4728";"Huexhowitt";"Oksehovede"
"4729";"Huexhueet";"Oksehovede"
"4730";"Huexhuett";"Oksehovede"
"4731";"Huexhuoet";"Oksehovede"
"4732";"Huexoet";"Oksehovede"
"4733";"Huexouett";"Oksehovede"
"4734";"Huexouie";"Oksehovede"
"4735";"Hugen";
"4736";"Hugxher";"Oksehovede"
"4737";"Huhuott";"Oksehovede"
"4738";"Huindre";"Hundred"
"4739";"Huixhoett";"Oksehovede"
"4740";"Hund.";"Hundred"
"4741";"Hunddert";"Hundred"
"4742";"Hunddrede";"Hundred"
"4743";"Hunddrit";"Hundred"
"4744";"Hunde";"Hundred"
"4745";"Hunder";"Hundred"
"4746";"Hunder cintner";"Centner, Hundred"
"4747";"Hunder Oxhofft.";"Oksehovede, Hundred"
"4748";"Hunder par";"Par, Hundred"
"4749";"Hunder pund";"Pund, Hundred"
"4750";"Hunder Schoch";"Skok, Hundred"
"4751";"Hunder te.";"Tønde, Hundred"
"4752";"Hunder.";"Hundred"
"4753";"Hunderd";"Hundred"
"4754";"Hunderd daaler";"Rigsdaler, Hundred"
"4755";"Hunderd Piber";"Pibe, Hundred"
"4756";"Hunderd Pipen";"Pibe, Hundred"
"4757";"Hunderd Rdr.";"Rigsdaler, Hundred"
"4758";"Hunderd Stk.";"Støcker, Hundred"
"4759";"Hunderde";"Hundred"
"4760";"Hunderde Pibe";"Pibe, Hundred"
"4761";"Hunderde Piben";"Pibe, Hundred"
"4762";"Hunderde Pipen";"Pibe, Hundred"
"4763";"Hunderder";"Hundred"
"4764";"Hunderds";"Hundred"
"4765";"Hunderdt";"Hundred"
"4766";"Hundere";"Hundred"
"4767";"Hundered";"Hundred"
"4768";"Hunderede";"Hundred"
"4769";"Hunderert";"Hundred"
"4770";"Hunderet";"Hundred"
"4771";"Hunderidt";"Hundred"
"4772";"Hunderit";"Hundred"
"4773";"Hunderpund";"Pund, Hundred"
"4774";"Hundert";"Hundred"
"4775";"Hundert pund";"Pund, Hundred"
"4776";"Hundertet";"Hundred"
"4777";"Hundertt";"Hundred"
"4778";"Hundeschok";"Skok, Hundred"
"4779";"Hundet";"Hundred"
"4780";"Hundiitt";"Hundred"
"4781";"Hundirt";"Hundred"
"4782";"Hundit";"Hundred"
"4783";"Hundr";"Hundred"
"4784";"Hundr.";"Hundred"
"4785";"Hundre";"Hundred"
"4786";"Hundre Cint.";"Centner, Hundred"
"4787";"Hundre par";"Par, Hundred"
"4788";"Hundre Rixdr.";"Rigsdaler, Hundred"
"4789";"Hundre Schock";"Skok, Hundred"
"4790";"Hundred";"Hundred"
"4791";"Hundred ste";"Sten, Hundred"
"4792";"Hundred Stk.";"Støcker, Hundred"
"4793";"Hundred Str.";"Støcker, Hundred"
"4794";"Hundrede";"Hundred"
"4795";"Hundreds";"Hundred"
"4796";"Hundredt";"Hundred"
"4797";"Hundrer";"Hundred"
"4798";"Hundres";"Hundred"
"4799";"Hundreste";"Hundred"
"4800";"Hundret";"Hundred"
"4801";"Hundret Daller";"Rigsdaler, Hundred"
"4802";"Hundret Dr.";"Rigsdaler, Hundred"
"4803";"Hundrete";"Hundred"
"4804";"Hundrets";"Hundred"
"4805";"Hundrett";"Hundred"
"4806";"Hundrett pund";"Pund, Hundred"
"4807";"Hundrib";"Hundred"
"4808";"Hundrich";"Hundred"
"4809";"Hundrid";"Hundred"
"4810";"Hundride";"Hundred"
"4811";"Hundrids tusind";"Tusinde, Hundred"
"4812";"Hundridt";"Hundred"
"4813";"Hundridtt";"Hundred"
"4814";"Hundrie";"Hundred"
"4815";"Hundriit";"Hundred"
"4816";"Hundrir";"Hundred"
"4817";"Hundrit";"Hundred"
"4818";"Hundrit Moier";"Moyen, Hundred"
"4819";"Hundrit moyer";"Moyen, Hundred"
"4820";"Hundrit Pund";"Pund, Hundred"
"4821";"Hundrit Skippund";"Skippund, Hundred"
"4822";"Hundrit Te.";"Tønde"
"4823";"Hundrit thøendr";"Tønde"
"4824";"Hundrit tusend";"Tusinde, Hundred"
"4825";"Hundrit tyllter";"Tylt, Hundred"
"4826";"Hundrit Woger";"Vog, Hundred"
"4827";"Hundritt";"Hundred"
"4828";"Hundrt";"Hundred"
"4829";"Hundrt daler";"Rigsdaler, Hundred"
"4830";"Hundrt.";"Hundred"
"4831";"Hundt.";"Hundred"
"4832";"Hundte";"Hundred"
"4833";"Hundtir";"Hundred"
"4834";"Hunedrit";"Hundred"
"4835";"Hunert";"Hundred"
"4836";"Hunjdrett";"Hundred"
"4837";"Hunnder";"Hundred"
"4838";"Hunndere";"Hundred"
"4839";"Hunndert";"Hundred"
"4840";"Hunndred";"Hundred"
"4841";"Hunndrede";"Hundred"
"4842";"Hunndredt";"Hundred"
"4843";"Hunndret";"Hundred"
"4844";"Hunndridt";"Hundred"
"4845";"Hunndrit";"Hundred"
"4846";"Huntred";"Hundred"
"4847";"Huntrid";"Hundred"
"4848";"Huoxhaitt";"Oksehovede"
"4849";"Huoxhoelltt";"Oksehovede"
"4850";"Huoxhoet";"Oksehovede"
"4851";"Huoxhoett";"Oksehovede"
"4852";"Huoxhoiit";"Oksehovede"
"4853";"Huoxhoiitt";"Oksehovede"
"4854";"Huoxhoitt";"Oksehovede"
"4855";"Huoxhouet";"Oksehovede"
"4856";"Huoxhouit";"Oksehovede"
"4857";"Huoxhuott";"Oksehovede"
"4858";"Huphoet";"Oksehovede"
"4859";"Huqhouit";"Oksehovede"
"4860";"Huqshouit";"Oksehovede"
"4861";"Hurhoet";"Oksehovede"
"4862";"Hurhoett";"Oksehovede"
"4863";"Hurhort";"Oksehovede"
"4864";"Hurhortt";"Oksehovede"
"4865";"Huth";"Hoed"
"4866";"Huud";"Hundred"
"4867";"Huude";"Hundred"
"4868";"Huuder";"Hundred"
"4869";"Huudert";"Hundred"
"4870";"Huudrit";"Hundred"
"4871";"Hux hoett";"Oksehovede"
"4872";"Hux hoid";"Oksehovede"
"4873";"Hux houit";"Oksehovede"
"4874";"Hux huett";"Oksehovede"
"4875";"Hux huott";"Oksehovede"
"4876";"Huxehøefftt";"Oksehovede"
"4877";"Huxehoet";"Oksehovede"
"4878";"Huxfoet";"Oksehovede"
"4879";"Huxgoett";"Oksehovede"
"4880";"Huxh.";"Oksehovede"
"4881";"Huxhaett";"Oksehovede"
"4882";"Huxheatt";"Oksehovede"
"4883";"Huxheott";"Oksehovede"
"4884";"Huxher";"Oksehovede"
"4885";"Huxheved";"Oksehovede"
"4886";"Huxhevett";"Oksehovede"
"4887";"Huxhhoet";"Oksehovede"
"4888";"Huxhoch";"Oksehovede"
"4889";"Huxhod";"Oksehovede"
"4890";"Huxhoe";"Oksehovede"
"4891";"Huxhoeb";"Oksehovede"
"4892";"Huxhoed";"Oksehovede"
"4893";"Huxhøed";"Oksehovede"
"4894";"Huxhoedt";"Oksehovede"
"4895";"Huxhoef";"Oksehovede"
"4896";"Huxhoeffeutt";"Oksehovede"
"4897";"Huxhøefftt";"Oksehovede"
"4898";"Huxhoel";"Oksehovede"
"4899";"Huxhoert";"Oksehovede"
"4900";"Huxhoertt";"Oksehovede"
"4901";"Huxhoet";"Oksehovede"
"4902";"Huxhoet.";"Oksehovede"
"4903";"Huxhoett";"Oksehovede"
"4904";"Huxhøett";"Oksehovede"
"4905";"Huxhoffeder";"Oksehovede"
"4906";"Huxhoffuedt";"Oksehovede"
"4907";"Huxhoffuett";"Oksehovede"
"4908";"Huxhoffuit";"Oksehovede"
"4909";"Huxhoffuitt";"Oksehovede"
"4910";"Huxhoft";"Oksehovede"
"4911";"Huxhoid";"Oksehovede"
"4912";"Huxhoitt";"Oksehovede"
"4913";"Huxhoiut";"Oksehovede"
"4914";"Huxhomit";"Oksehovede"
"4915";"Huxhord";"Oksehovede"
"4916";"Huxhort";"Oksehovede"
"4917";"Huxhortt";"Oksehovede"
"4918";"Huxhot";"Oksehovede"
"4919";"Huxhott";"Oksehovede"
"4920";"Huxhoued";"Oksehovede"
"4921";"Huxhoueder";"Oksehovede"
"4922";"Huxhouet";"Oksehovede"
"4923";"Huxhouett";"Oksehovede"
"4924";"Huxhøuett";"Oksehovede"
"4925";"Huxhouid";"Oksehovede"
"4926";"Huxhouidt";"Oksehovede"
"4927";"Huxhouir";"Oksehovede"
"4928";"Huxhouit";"Oksehovede"
"4929";"Huxhøuit";"Oksehovede"
"4930";"Huxhouite";"Oksehovede"
"4931";"Huxhouitt";"Oksehovede"
"4932";"Huxhounder";"Oksehovede"
"4933";"Huxhout";"Oksehovede"
"4934";"Huxhoutt";"Oksehovede"
"4935";"Huxhoved";"Oksehovede"
"4936";"Huxhovede";"Oksehovede"
"4937";"Huxhovet";"Oksehovede"
"4938";"Huxhovett";"Oksehovede"
"4939";"Huxhovid";"Oksehovede"
"4940";"Huxhovit";"Oksehovede"
"4941";"Huxhovitt";"Oksehovede"
"4942";"Huxhovt";"Oksehovede"
"4943";"Huxhued";"Oksehovede"
"4944";"Huxhueed";"Oksehovede"
"4945";"Huxhuit";"Oksehovede"
"4946";"Huxhuort";"Oksehovede"
"4947";"Huxhuot";"Oksehovede"
"4948";"Huxhuott";"Oksehovede"
"4949";"Huxhuvet";"Oksehovede"
"4950";"Huxoet";"Oksehovede"
"4951";"Huxoffuer";"Oksehovede"
"4952";"Huxoffuet";"Oksehovede"
"4953";"Huxouet";"Oksehovede"
"4954";"Hxhod";"Oksehovede"
"4955";"I Quarter";"Quardel"
"4956";"Imp.";"Chaldron, Imperial"
"4957";"Imp. chald.";"Chaldron, Imperial"
"4958";"Imp. Chalder.";"Chaldron, Imperial"
"4959";"Imp. chalders";"Chaldron, Imperial"
"4960";"Imp. Chaldr.";"Chaldron, Imperial"
"4961";"Imp. chaldrons";"Chaldron, Imperial"
"4962";"Imp. Chalds.";"Chaldron, Imperial"
"4963";"Imp. Chldr.";"Chaldron, Imperial"
"4964";"Imp. Gall.";"Gallon, Imperial"
"4965";"Imp. Gallons";"Gallon, Imperial"
"4966";"Imp. Quarter";"Quardel, Imperial"
"4967";"Imp.chald.";"Chaldron, Imperial"
"4968";"Impenal Gall.";"Gallon, Imperial"
"4969";"Imper Quarters";"Quardel, Imperial"
"4970";"Imper. Chaders";"Chaldron, Imperial"
"4971";"Imper. Chald.";"Chaldron, Imperial"
"4972";"Imper. Gallons";"Gallon, Imperial"
"4973";"Imperial chalders";"Chaldron, Imperial"
"4974";"Imperial Gallons";"Gallon, Imperial"
"4975";"Imperial Quarters";"Quardel, Imperial"
"4976";"Impl.";"Chaldron, Imperial"
"4977";"Impl. chalders";"Chaldron, Imperial"
"4978";"Impl. Chldrs.";"Chaldron, Imperial"
"4979";"Impl. Gallons";"Gallon, Imperial"
"4980";"Imprl. Chaldrons";"Chaldron, Imperial"
"4981";"Indeel";"En del"
"4982";"Jarris";
"4983";"K.";"Kilogram"
"4984";"Kaafur";"Kurv"
"4985";"Kaande";"Kande"
"4986";"Kaasser";"Casser"
"4987";"Kaaster";"Canaster"
"4988";"Kæpper";"Kop"
"4989";"Kaerper";"Karpe"
"4990";"Kæsse";
"4991";"Kaf";
"4992";"Kaffert";"Kuffert"
"4993";"Kaffisi";"Caffiso"
"4994";"Kaffue";"Kurv"
"4995";"Kaffure";"Kurv"
"4996";"Kafue";"Kurv"
"4997";"Kafun";"Kurv"
"4998";"Kag.";"Kop"
"4999";"Kage";"Kop"
"5000";"Kager";"Kop"
"5001";"Kagg.";"Kop"
"5002";"Kagge";"Kop"
"5003";"Kagge.";"Kop"
"5004";"Kagger";"Kop"
"5005";"Kalder";"Kelder"
"5006";"Kaldere";"Kelder"
"5007";"Kallers";"Kelder"
"5008";"Kamnen";"Kande"
"5009";"Kan";"Kande"
"5010";"Kan.";"Kande"
"5011";"Kanæster";"Canaster"
"5012";"Kanas.";"Canaster"
"5013";"Kanast.";"Canaster"
"5014";"Kanaste";"Canaster"
"5015";"Kanastell";"Canaster"
"5016";"Kanasten";"Canaster"
"5017";"Kanaster";"Canaster"
"5018";"Kand";"Kande"
"5019";"Kand.";"Kande"
"5020";"Kande";"Kande"
"5021";"Kander";"Kande"
"5022";"Kanderell";"Kande"
"5023";"Kanderer";"Kande"
"5024";"Kandner";"Kande"
"5025";"Kandr.";"Kande"
"5026";"Kanester";"Canaster"
"5027";"Kanft";"Kande"
"5028";"Kanister";"Canaster"
"5029";"Kann";"Kande"
"5030";"Kann.";"Kande"
"5031";"Kannaster";"Canaster"
"5032";"Kanne";"Kande"
"5033";"Kannen";"Kande"
"5034";"Kanner";"Kande"
"5035";"Kanner.";"Kande"
"5036";"Kannr.";"Kande"
"5037";"Kanns";"Kande"
"5038";"Kanr.";"Kande"
"5039";"Kans";"Kande"
"5040";"Kans.";"Kande"
"5041";"Kap.";"Kop"
"5042";"Kaper";"Kop"
"5043";"Kapp.";"Kop"
"5044";"Kappar";"Kop"
"5045";"Kappe.";"Kop"
"5046";"Kapper";"Kop"
"5047";"Kappr.";"Kop"
"5048";"Kapr.";"Kop"
"5049";"Kare";"Kurv"
"5050";"Kareth";"Kurv"
"5051";"Karff";"Kurv"
"5052";"Karffe";"Kurv"
"5053";"Karffer";"Kurv"
"5054";"Karffue";"Kurv"
"5055";"Karffuer";"Kurv"
"5056";"Karffur";"Kurv"
"5057";"Karfue";"Kurv"
"5058";"Karpe";"Karpe"
"5059";"Karper";"Karpe"
"5060";"Karre";"Kurv"
"5061";"Karsser";"Casser"
"5062";"Karteler och baler";"Quardel"
"5063";"Karteler och baler";"Balle"
"5064";"Karwe";"Kurv"
"5065";"Kas.";"Casser"
"5066";"Kasche";"Casser"
"5067";"Kase";"Casser"
"5068";"Kaser";"Casser"
"5069";"Kaser or it Faed";"Casser"
"5070";"Kaser or it Faed";"Fad"
"5071";"Kass";"Casser"
"5072";"Kass.";"Casser"
"5073";"Kasse";"Casser"
"5074";"Kasser";"Casser"
"5075";"Kasser och packer";"Casser"
"5076";"Kasser och packer";"Pakke"
"5077";"Kasser og Fustager";"Casser"
"5078";"Kasser og Fustager";"Fustage"
"5079";"Kasser og kister";"Casser"
"5080";"Kasser og kister";"Kiste"
"5081";"Kasser og pakker";"Casser"
"5082";"Kasser og pakker";"Pakke"
"5083";"Kassi";"Casser"
"5084";"Kassie";"Casser"
"5085";"Kasster";"Casser"
"5086";"Kassur";"Casser"
"5087";"Kast.";"Casser"
"5088";"Kaste";"Casser"
"5089";"Kaster";"Casser"
"5090";"Kastter";"Casser"
"5091";"Kathing";"Kutting"
"5092";"Kathringer";"Kutting"
"5093";"Katting";"Kutting"
"5094";"Katting.";"Kutting"
"5095";"Kattinger";"Kutting"
"5096";"Kd.";"Kande"
"5097";"Kdr.";"Kande"
"5098";"Keals";"Keel"
"5099";"Keddel";
"5100";"Keel";"Keel"
"5101";"Keele";"Keel"
"5102";"Keell";"Keel"
"5103";"Keels";"Keel"
"5104";"Keestenn";"Canaster"
"5105";"Keffue";"Kurv"
"5106";"Kegger";"Keg"
"5107";"Kegs";"Keg"
"5108";"Keise";
"5109";"Kelde";"Kelder"
"5110";"Kelder";"Kelder"
"5111";"Keldere";"Kelder"
"5112";"Keller";"Kelder"
"5113";"Kerffer";"Kurv"
"5114";"Kerffue";"Kurv"
"5115";"Kerffur";"Kurv"
"5116";"Keschen";"Kiste, Sma"
"5117";"Kesser";"Casser"
"5118";"Keste";"Kiste"
"5119";"Kester";"Kiste"
"5120";"Kg.";"Kilogram"
"5121";"Kggr.";"Kilogram"
"5122";"Kgr.";"Kilogram"
"5123";"Kgs.";"Kilogram"
"5124";"Khister";"Kiste"
"5125";"Khorffue";"Kurv"
"5126";"Kiedell";
"5127";"Kiel";"Keel"
"5128";"Kielde";"Kelder"
"5129";"Kielder";"Kelder"
"5130";"Kieldere";"Kelder"
"5131";"Kierffur";"Kurv"
"5132";"Kiest";"Kiste"
"5133";"Kieste";"Kiste"
"5134";"Kiester";"Kiste"
"5135";"Kiist";"Kiste"
"5136";"Kiist.";"Kiste"
"5137";"Kiiste";"Kiste"
"5138";"Kiisten";"Kiste"
"5139";"Kiister";"Kiste"
"5140";"Kiister och fadt";"Kiste"
"5141";"Kiister och fadt";"Fad"
"5142";"Kiistir";"Kiste"
"5143";"Kijste";"Kiste"
"5144";"Kijster";"Kiste"
"5145";"Kil.";"Kilogram"
"5146";"Kilgr.";"Kilogram"
"5147";"Kiliogr.";"Kilogram"
"5148";"Kill";"Kilogram"
"5149";"Kill.";"Kilogram"
"5150";"Killgr.";"Kilogram"
"5151";"Killiogr.";"Kilogram"
"5152";"Killiogrammer";"Kilogram"
"5153";"Killiogrammes";"Kilogram"
"5154";"Killo";"Kilogram"
"5155";"Killog";"Kilogram"
"5156";"Killog.";"Kilogram"
"5157";"Killogr.";"Kilogram"
"5158";"Killogram";"Kilogram"
"5159";"Killogrammer";"Kilogram"
"5160";"Killogs.";"Kilogram"
"5161";"Kilo";"Kilogram"
"5162";"Kilo.";"Kilogram"
"5163";"Kilog.";"Kilogram"
"5164";"Kilogr.";"Kilogram"
"5165";"Kilogram";"Kilogram"
"5166";"Kiøbmandslæster";"Læst, Kiøbmands"
"5167";"Kip";"Kip"
"5168";"Kiper";"Kip"
"5169";"Kippe";"Kip"
"5170";"Kipper";"Kip"
"5171";"Kippund";"Skippund"
"5172";"Kirster";"Kiste"
"5173";"Kisste";"Kiste"
"5174";"Kisstener";"Kiste"
"5175";"Kisster";"Kiste"
"5176";"Kist";"Kiste"
"5177";"Kist.";"Kiste"
"5178";"Kistar";"Kiste"
"5179";"Kiste";"Kiste"
"5180";"Kiste och korffue";"Kiste"
"5181";"Kiste och korffue";"Kurv"
"5182";"Kiste och packe";"Kiste"
"5183";"Kiste och packe";"Pakke"
"5184";"Kiste.";"Kiste"
"5185";"Kisten";"Kiste"
"5186";"Kister";"Kiste"
"5187";"Kister eller sække";"Kiste"
"5188";"Kister eller sække";"Sæk"
"5189";"Kister Fadde Ochssehoffder etc.";"Fad"
"5190";"Kister Fadde Ochssehoffder etc.";"Kiste"
"5191";"Kister Fadde Ochssehoffder etc.";"Oksehovede"
"5192";"Kister halfve";"Kiste, Halve"
"5193";"Kister i matte";
"5194";"Kister och baller";"Kiste"
"5195";"Kister och baller";"Balle"
"5196";"Kister och Faad";"Kiste"
"5197";"Kister och Faad";"Fad"
"5198";"Kister och fad";"Kiste"
"5199";"Kister och fad";"Fad"
"5200";"Kister och fadder";"Kiste"
"5201";"Kister och fadder";"Fad"
"5202";"Kister och Fade";"Kiste"
"5203";"Kister och Fade";"Fad"
"5204";"Kister och fadt";"Kiste"
"5205";"Kister och fadt";"Fad"
"5206";"Kister och kasser";"Kiste"
"5207";"Kister och kasser";"Casser"
"5208";"Kister och Kramfaad";"Kiste"
"5209";"Kister och Kramfaad";"Kramfad"
"5210";"Kister och kramfad";"Kiste"
"5211";"Kister och kramfad";"Kramfad"
"5212";"Kister och Packe";"Kiste"
"5213";"Kister och Packe";"Pakke"
"5214";"Kister og fade";"Fad"
"5215";"Kister og fade";"Kiste"
"5216";"Kister og kasser";"Casser"
"5217";"Kister og kasser";"Kiste"
"5218";"Kister og kurver";"Kiste"
"5219";"Kister og kurver";"Kurv"
"5220";"Kister og pacguer";"Kiste"
"5221";"Kister og pacguer";"Pakke"
"5222";"Kister og pack";"Kiste"
"5223";"Kister og pack";"Pakke"
"5224";"Kister og packer";"Kiste"
"5225";"Kister og packer";"Pakke"
"5226";"Kister og pacquer";"Kiste"
"5227";"Kister og pacquer";"Pakke"
"5228";"Kister og pakker";"Kiste"
"5229";"Kister og pakker";"Pakke"
"5230";"Kister og skrier";
"5231";"Kister or Faed";"Fad"
"5232";"Kister or Faed";"Kiste"
"5233";"Kister or korver";"Kiste"
"5234";"Kister or korver";"Kurv"
"5235";"Kister Packer och Txr. etc.";"Kiste"
"5236";"Kister Packer och Txr. etc.";"Pakke"
"5237";"Kister Packer och Txr. etc.";"Tønde"
"5240";"Kister, Kufferter, Packer, Tønder og Fader";"Fad"
"5241";"Kister, Kufferter, Packer, Tønder og Fader";"Kiste"
"5242";"Kister, Kufferter, Packer, Tønder og Fader";"Kurv"
"5243";"Kister, Kufferter, Packer, Tønder og Fader";"Pakke"
"5244";"Kister, Kufferter, Packer, Tønder og Fader";"Tønde"
"5245";"Kister, Lader, Kufferter";"Kiste"
"5246";"Kister, Lader, Kufferter";"Kurv"
"5247";"Kister, Lader, Kufferter";"Ladning"
"5248";"Kisterr";"Kiste"
"5249";"Kisters";"Kiste"
"5250";"Kistgen";"Kiste"
"5251";"Kistner";"Kiste"
"5252";"Kistocker";
"5253";"Kistr";"Kiste"
"5254";"Kist-r";"Kiste"
"5255";"Kistr.";"Kiste"
"5256";"Kistt";"Kiste"
"5257";"Kistter";"Kiste"
"5258";"Kjopper";"Kop"
"5259";"Kjunder";
"5260";"Klein Sack";
"5261";"Klieftter";"Klover"
"5262";"Klofe";"Klover"
"5263";"Kløffuer";"Klover"
"5264";"Klofter";"Klover"
"5265";"Klover";"Klover"
"5266";"Kløver";"Klover"
"5267";"Klumper";"Klump"
"5268";"Knapper";"Knippe"
"5269";"Knast";"Canaster"
"5270";"Knast.";"Canaster"
"5271";"Knaste";"Canaster"
"5272";"Knaster";"Canaster"
"5273";"Knastte";"Canaster"
"5274";"Knder.";"Kande"
"5275";"Kndr.";"Kande"
"5276";"Knepper";"Knippe"
"5277";"Knestell";"Canaster"
"5278";"Knester";"Canaster"
"5279";"Knip";"Knippe"
"5280";"Knip.";"Knippe"
"5281";"Knipe";"Knippe"
"5282";"Kniper";"Knippe"
"5283";"Knipp.";"Knippe"
"5284";"Knippe";"Knippe"
"5285";"Knipper";"Knippe"
"5286";"Knnr.";"Kande"
"5287";"Knoste";"Canaster"
"5288";"Knr.";"Kande"
"5289";"Knupper";"Knippe"
"5290";"Knyp";"Knippe"
"5291";"Ko.";"Kilogram"
"5292";"Kobber";"Kop"
"5293";"Koeber";"Kop"
"5294";"Koeffeu";"Kurv"
"5295";"Koeffue";"Kurv"
"5296";"Koeffuer";"Kurv"
"5297";"Koeffur";"Kurv"
"5298";"Koerff";"Kurv"
"5299";"Koerffuer";"Kurv"
"5300";"Koerffve";"Kurv"
"5301";"Koerffvir";"Kurv"
"5302";"Kofers";"Kurv"
"5303";"Kofert";"Kurv"
"5304";"Køfert";"Kurv"
"5305";"Koferter";"Kurv"
"5306";"Koffer";"Kurv"
"5307";"Koffere";"Kurv"
"5308";"Koffers";"Kurv"
"5309";"Koffert";"Kurv"
"5310";"Kofferter";"Kurv"
"5311";"Kofferther";"Kurv"
"5312";"Kofffue";"Kurv"
"5313";"Kofft";"Kurv"
"5314";"Koffue";"Kurv"
"5315";"Koffuer";"Kurv"
"5316";"Koffuerdter";"Kurv"
"5317";"Koffuertt";"Kurv"
"5318";"Koffur";"Kurv"
"5319";"Kofter";"Kurv"
"5320";"Koftert";"Kurv"
"5321";"Kogger";"Kop"
"5322";"Koifur";"Kurv"
"5323";"Kolis";"Colli"
"5324";"Koll.";"Colli"
"5325";"Kolle";"Colli"
"5326";"Kolli";"Colli"
"5327";"Kollie";"Colli"
"5328";"Kollis";"Colli"
"5329";"Komppell";
"5330";"Kooler";"Cooler"
"5331";"Koorffue";"Kurv"
"5332";"Kop";"Kop"
"5333";"Kop.";"Kop"
"5334";"Kopeler";"Copel"
"5335";"Kopffert";"Kop"
"5336";"Kopfferter";"Kop"
"5337";"Koppe";"Kop"
"5338";"Koppell";"Copel"
"5339";"Koppeller";"Copel"
"5340";"Koppen";"Kop"
"5341";"Kopper";"Kop"
"5342";"Køpper";"Kop"
"5343";"Koppr.";"Kop"
"5344";"Kopr.";"Kop"
"5345";"Koprffur";"Kurv"
"5346";"Kops";"Kop"
"5347";"Kor";
"5348";"Korb.";"Kurv"
"5349";"Korbe";"Kurv"
"5350";"Korcher";"Kurv"
"5351";"Korde";"Kurv"
"5352";"Kordeeler";"Quardel"
"5353";"Kordeler";"Quardel"
"5354";"Kore";"Kurv"
"5355";"Korf";"Kurv"
"5356";"Korf.";"Kurv"
"5357";"Korfe";"Kurv"
"5358";"Korfer";"Kurv"
"5359";"Kørfer";"Kurv"
"5360";"Korferter";"Kurv"
"5361";"Korff";"Kurv"
"5362";"Kørff";"Kurv"
"5363";"Korff.";"Kurv"
"5364";"Kørff.";"Kurv"
"5365";"Korffe";"Kurv"
"5366";"Korff-e";"Kurv"
"5367";"Korffeedt";"Kurv"
"5368";"Korffemd";"Kurv"
"5369";"Korffen";"Kurv"
"5370";"Korffer";"Kurv"
"5371";"Kørffer";"Kurv"
"5372";"Korffers";"Kurv"
"5373";"Korfferter och Kister";"Kiste"
"5374";"Korfferter och Kister";"Kurv"
"5375";"Korffeu";"Kurv"
"5376";"Korffin";"Kurv"
"5377";"Korffne";"Kurv"
"5378";"Korffner";"Kurv"
"5379";"Korff-r";"Kurv"
"5380";"Korffrs";"Kurv"
"5381";"Korfft";"Kurv"
"5382";"Korffte";"Kurv"
"5383";"Korffu";"Kurv"
"5384";"Korffue";"Kurv"
"5385";"Kørffue";"Kurv"
"5386";"Korffued";"Kurv"
"5387";"Korffuer";"Kurv"
"5388";"Kørffuer";"Kurv"
"5389";"Korffun";"Kurv"
"5390";"Korffur";"Kurv"
"5391";"Kørffur";"Kurv"
"5392";"Korffure";"Kurv"
"5393";"Korffurr";"Kurv"
"5394";"Korffus";"Kurv"
"5395";"Korffut";"Kurv"
"5396";"Korffve";"Kurv"
"5397";"Kørffver";"Kurv"
"5398";"Korffwe";"Kurv"
"5399";"Korfre";"Kurv"
"5400";"Korfter";"Kurv"
"5401";"Korfue";"Kurv"
"5402";"Korfuen";"Kurv"
"5403";"Korfuer";"Kurv"
"5404";"Kørfuer";"Kurv"
"5405";"Korfun";"Kurv"
"5406";"Korfur";"Kurv"
"5407";"Korfve";"Kurv"
"5408";"Korfver";"Kurv"
"5409";"Korfvus";"Kurv"
"5410";"Kørne";"Kurv"
"5411";"Korre";"Kurv"
"5412";"Korreue";"Kurv"
"5413";"Korrf.";"Kurv"
"5414";"Korrfur";"Kurv"
"5415";"Kort";"Kurv"
"5416";"Korue";"Kurv"
"5417";"Koruer";"Kurv"
"5418";"Korv";"Kurv"
"5419";"Kørv";"Kurv"
"5420";"Korv.";"Kurv"
"5421";"Korve";"Kurv"
"5422";"Kørve";"Kurv"
"5423";"Korved";"Kurv"
"5424";"Korven";"Kurv"
"5425";"Korver";"Kurv"
"5426";"Kørver";"Kurv"
"5427";"Korves";"Kurv"
"5428";"Korvuer";"Kurv"
"5429";"Korvve";"Kurv"
"5430";"Korw";"Kurv"
"5431";"Korwe";"Kurv"
"5432";"Korwen";"Kurv"
"5433";"Korwer";"Kurv"
"5434";"Koser";"Casser"
"5435";"Kosser";"Casser"
"5436";"Kossers";"Casser"
"5437";"Kouffur";"Kurv"
"5438";"Kourve";"Kurv"
"5439";"Kover";"Kurv"
"5440";"Kp.";"Kop"
"5441";"Kpp.";"Kop"
"5442";"Kppr.";"Kop"
"5443";"Kpr.";"Kop"
"5444";"Kps.";"Kop"
"5445";"Kr.";"Kande"
"5446";"Kraffue";"Kurv"
"5447";"Krambfad";"Kramfad"
"5448";"Krambkister";"Kramkiste"
"5449";"Krambtønder";"Kramtønde"
"5450";"Kramfaad";"Kramfad"
"5451";"Kramfad";"Kramfad"
"5452";"Kramfade og pakker";"Kramfad"
"5453";"Kramfade og pakker";"Pakke"
"5454";"Kramfadt";"Kramfad"
"5455";"Kramfadt och packer";"Kramfad"
"5456";"Kramfadt och packer";"Pakke"
"5457";"Kramfadtt";"Kramfad"
"5458";"Kramfadtt och paecker";"Kramfad"
"5459";"Kramfadtt och paecker";"Pakke"
"5460";"Kramfaedtt";"Kramfad"
"5461";"Kramfaid";"Kramfad"
"5462";"Kramfatt";"Kramfad"
"5463";"Kramffatt";"Kramfad"
"5464";"Kramkiiste";"Kramkiste"
"5465";"Kramkiister";"Kramkiste"
"5466";"Kramkiste";"Kramkiste"
"5467";"Kramkister";"Kramkiste"
"5468";"Krammfadde";"Kramfad"
"5469";"Kranfadt";"Kramfad"
"5470";"Krans";
"5471";"Krel";"Keel"
"5472";"Krels";"Keel"
"5473";"Krenjangs";
"5474";"Kroch";
"5475";"Kromfadt";"Kramfad"
"5476";"Krucher";"Krukke"
"5477";"Krucke";"Krukke"
"5478";"Krucker";"Krukke"
"5479";"Kruger";
"5480";"Kruker";"Krukke"
"5481";"Krukk.";"Krukke"
"5482";"Krukke";"Krukke"
"5483";"Krukker";"Krukke"
"5484";"Kruter";
"5485";"Ks.";"Kiste"
"5486";"Kster.";"Kiste"
"5487";"Kstr";"Kiste"
"5488";"Kstr.";"Kiste"
"5489";"Kuard.";"Quardel"
"5490";"Kuardel";"Quardel"
"5491";"Kuarteel";"Quardel"
"5492";"Kuartell";"Quardel"
"5493";"Kuarter";"Quardel"
"5494";"Kubfd.";"Kubikfod"
"5495";"Kubikfavn";"Kubikfavn"
"5496";"Kueffer";"Kurv"
"5497";"Kueffue";"Kurv"
"5498";"Kueffur";"Kurv"
"5499";"Kuepper";"Kurv"
"5500";"Kuerffe";"Kurv"
"5501";"Kuerffue";"Kurv"
"5502";"Kuerfuer";"Kurv"
"5503";"Kuestell";"Kiste"
"5504";"Kufert";"Kurv"
"5505";"Kuferter";"Kurv"
"5506";"Kuffast";"Kurv"
"5507";"Kuffer";"Kurv"
"5508";"Kufferd";"Kurv"
"5509";"Kuffere";"Kurv"
"5510";"Kuffers";"Kurv"
"5511";"Kuffert";"Kurv"
"5512";"Kufferte";"Kurv"
"5513";"Kufferter";"Kurv"
"5514";"Kufferter og Casser";"Casser"
"5515";"Kufferter og Casser";"Kurv"
"5516";"Kuffuer";"Kurv"
"5517";"Kuffur";"Kurv"
"5518";"Kufler";"Kurv"
"5519";"Kuftert";"Kurv"
"5520";"Kufve";"Kurv"
"5521";"Kuhl";"Kuhl"
"5522";"Kuhl.";"Kuhl"
"5523";"Kuhler";"Kuhl"
"5524";"Kuhlers";"Kuhl"
"5525";"Kuintals";"Quintel"
"5526";"Kul";
"5527";"Kuldere";"Kelder"
"5528";"Kuoffe";"Kurv"
"5529";"Kuoffur";"Kurv"
"5530";"Kuorffue";"Kurv"
"5531";"Kuower";"Kurv"
"5532";"Kup.";"Kop"
"5533";"Kupper";"Kop"
"5534";"Kur.";
"5535";"Kureff";"Kurv"
"5536";"Kurf";"Kurv"
"5537";"Kurf.";"Kurv"
"5538";"Kurfe";"Kurv"
"5539";"Kurfer";"Kurv"
"5540";"Kurfere";"Kurv"
"5541";"Kurferten";"Kurv"
"5542";"Kurff";"Kurv"
"5543";"Kurff.";"Kurv"
"5544";"Kurffe";"Kurv"
"5545";"Kurffei";"Kurv"
"5546";"Kurffen";"Kurv"
"5547";"Kurffer";"Kurv"
"5548";"Kurffers";"Kurv"
"5549";"Kurffne";"Kurv"
"5550";"Kurffre";"Kurv"
"5551";"Kurfftur";"Kurv"
"5552";"Kurffu";"Kurv"
"5553";"Kurffue";"Kurv"
"5554";"Kurffuer";"Kurv"
"5555";"Kurffues";"Kurv"
"5556";"Kurffun";"Kurv"
"5557";"Kurffur";"Kurv"
"5558";"Kurffver";"Kurv"
"5559";"Kurffwe";"Kurv"
"5560";"Kurfre";"Kurv"
"5561";"Kurfter";"Kurv"
"5562";"Kurfttur";"Kurv"
"5563";"Kurfue";"Kurv"
"5564";"Kurfuer";"Kurv"
"5565";"Kurfur";"Kurv"
"5566";"Kurfurr";"Kurv"
"5567";"Kurfus";"Kurv"
"5568";"Kurfv";"Kurv"
"5569";"Kurfve";"Kurv"
"5570";"Kurfven";"Kurv"
"5571";"Kurfver";"Kurv"
"5572";"Kurfwer";"Kurv"
"5573";"Kurrffur";"Kurv"
"5574";"Kurrffve";"Kurv"
"5575";"Kurue";"Kurv"
"5576";"Kurv";"Kurv"
"5577";"Kurv.";"Kurv"
"5578";"Kurve";"Kurv"
"5579";"Kurven";"Kurv"
"5580";"Kurver";"Kurv"
"5581";"Kurvi";"Kurv"
"5582";"Kurvr.";"Kurv"
"5583";"Kuster";"Kiste"
"5584";"Kutt.";"Kutting"
"5585";"Kutting";"Kutting"
"5586";"Kuttinger";"Kutting"
"5587";"Kvartel";"Quardel"
"5588";"Kvarteler";"Quardel"
"5589";"Kwart";"Quardel"
"5590";"Kwarteel";"Quardel"
"5591";"Kyst.";"Kiste"
"5592";"Kyste";"Kiste"
"5593";"Kyster";"Kiste"
"5594";"Kyster och fade";"Kiste"
"5595";"Kyster och fade";"Fad"
"5596";"Kysthe";"Kiste"
"5597";"Kysther";"Kiste"
"5598";"Kystr";"Kiste"
"5599";"L.";"Læst"
"5600";"Laad";"Ladning"
"5601";"Laading";"Ladning"
"5602";"Laadingh";"Ladning"
"5603";"Laadnig";"Ladning"
"5604";"Laadnigh";"Ladning"
"5605";"Lad";"Ladning"
"5606";"Lad.";"Ladning"
"5607";"Lad. och deell";
"5608";"Lad. Quarts";
"5609";"Ladd";"Ladning"
"5610";"Ladd.";"Ladning"
"5611";"Ladding";"Ladning"
"5612";"Laddingh";"Ladning"
"5613";"Laddnig";"Ladning"
"5614";"Laddnigh";"Ladning"
"5615";"Laddning";"Ladning"
"5616";"Lade";"Ladning"
"5617";"Lade.";"Ladning"
"5618";"Laden";"Ladning"
"5619";"Lader";"Ladning"
"5620";"Ladfning";"Ladning"
"5621";"Ladinch";"Ladning"
"5622";"Lading";"Ladning"
"5623";"Ladingh";"Ladning"
"5624";"Ladining";"Ladning"
"5625";"Ladinng";"Ladning"
"5626";"Ladinngh";"Ladning"
"5627";"Ladn.";"Ladning"
"5628";"Ladng.";"Ladning"
"5629";"Ladnich";"Ladning"
"5630";"Ladnig";"Ladning"
"5631";"Ladnigh";"Ladning"
"5632";"Ladning";"Ladning"
"5633";"Ladning og partie";"Ladning"
"5634";"Ladning og partie";"Parti"
"5635";"Ladningen";"Ladning"
"5636";"Ladninger";"Ladning"
"5637";"Ladningh";"Ladning"
"5638";"Ladnings";"Ladning"
"5639";"Ladnung";"Ladning"
"5640";"Ladt";"Ladning"
"5641";"Ladtningh";"Ladning"
"5642";"Ladung";"Ladning"
"5643";"Laeding";"Ladning"
"5644";"Laedingh";"Ladning"
"5645";"Laedning";"Ladning"
"5646";"Lædt";"Ladning"
"5647";"Laedung";"Ladning"
"5648";"Lægger";"Lægger"
"5649";"Læs";"Læst"
"5650";"Læs.";"Læst"
"5651";"Laes.";"Læst"
"5652";"Læser";"Læst"
"5653";"Læss";"Læst"
"5654";"Læsster";"Læst"
"5655";"Laest";"Læst"
"5656";"Læst";"Læst"
"5657";"Læst.";"Læst"
"5658";"Laest.";"Læst"
"5659";"Læste";"Læst"
"5660";"Læste.";"Læst"
"5661";"Laester";"Læst"
"5662";"Læster";"Læst"
"5663";"Læster og fade";"Læst"
"5664";"Læster og fade";"Fad"
"5665";"Læster og Tønde";"Læst"
"5666";"Læster og Tønde";"Tønde"
"5667";"Læster og tønder";"Læst"
"5668";"Læster og tønder";"Tønde"
"5669";"Læster.";"Læst"
"5670";"Læsters";"Læst"
"5671";"Læstr";"Læst"
"5672";"Læstr.";"Læst"
"5673";"Læter";"Læst"
"5674";"Laiist";"Læst"
"5675";"Landingh";"Ladning"
"5676";"Lange Kister";"Kiste, Lange"
"5677";"Langer";
"5678";"Last";"Læst"
"5679";"Last.";"Læst"
"5680";"Laste";"Læst"
"5681";"Lasten";"Læst"
"5682";"Laster";"Læst"
"5683";"Lastere";"Læst"
"5684";"Lastr.";"Læst"
"5685";"Lb";"Pund"
"5686";"Lb.";"Pund"
"5687";"Le.";"Læst"
"5688";"Leas.";"Læst"
"5689";"Least";"Læst"
"5690";"Leaster";"Læst"
"5691";"Lechter";"Lægger"
"5692";"Leckh";
"5693";"Leden paecke";"Pakke, Leden"
"5694";"Ledett Fad";"Fad, Ledet"
"5695";"Leeist";"Læst"
"5696";"Leest";"Læst"
"5697";"Leester";"Læst"
"5698";"Leesth";"Læst"
"5699";"Leestir";"Læst"
"5700";"Leests";"Læst"
"5701";"Leg.";"Lægger"
"5702";"Legel";"Lægger"
"5703";"Legg.";"Lægger"
"5704";"Legga";"Lægger"
"5705";"Leggen";"Lægger"
"5706";"Legger";"Lægger"
"5707";"Leggers";"Lægger"
"5708";"Legte";"Lægger"
"5709";"Leiden packe";"Pakke, Leiden"
"5710";"Leiist";"Læst"
"5711";"Leiistir";"Læst"
"5712";"Leist";"Læst"
"5713";"Leister";"Læst"
"5714";"Leistir";"Læst"
"5715";"Ler";"Læst"
"5716";"Ler.";"Læst"
"5717";"Les";"Læst"
"5718";"Les(ter)";"Læst"
"5719";"Les.";"Læst"
"5720";"Les.r";"Læst"
"5721";"Lesch";"Læst"
"5722";"Lesp-t";"Lispund"
"5723";"Les-r";"Læst"
"5724";"Less";"Læst"
"5725";"Less.";"Læst"
"5726";"Lesser";"Læst"
"5727";"Lessr.";"Læst"
"5728";"Lesst";"Læst"
"5729";"Lesster";"Læst"
"5730";"Lest";"Læst"
"5731";"Lest fad";
"5732";"Lest schippund";
"5733";"Lest(er)";"Læst"
"5734";"Lest,";"Læst"
"5735";"Lest.";"Læst"
"5736";"Lest. lest";"Læst"
"5737";"Lest. Lest.";"Læst"
"5738";"Lest.,";"Læst"
"5739";"Lest.r";"Læst"
"5740";"Leste";"Læst"
"5741";"Leste.";"Læst"
"5742";"Lestel";"Læst"
"5743";"Lestele";"Læst"
"5744";"Lestell";"Læst"
"5745";"Lesten";"Læst"
"5746";"Lester";"Læst"
"5747";"Lester eller Saldr";"Læst"
"5748";"Lester Lester";"Læst"
"5749";"Lester ringer";
"5750";"Lester Schippund";
"5751";"Lester wrag";
"5752";"Lestere";"Læst"
"5753";"Lesterer";"Læst"
"5754";"Lesterr";"Læst"
"5755";"Lesters";"Læst"
"5756";"Lestertt";"Læst"
"5757";"Lestester";"Læst"
"5758";"Lesth";"Læst"
"5759";"Lesth.";"Læst"
"5760";"Lesther";"Læst"
"5761";"Lestier";"Læst"
"5762";"Lestiir";"Læst"
"5763";"Lestir";"Læst"
"5764";"Lestir Stoer";"Læst, Store"
"5765";"Lestr";"Læst"
"5766";"Lest-r";"Læst"
"5767";"Lestr.";"Læst"
"5768";"Lests";"Læst"
"5769";"Lestt";"Læst"
"5770";"Lestt.";"Læst"
"5771";"Lestter";"Læst"
"5772";"Leyttsche støcker";"Støcker, Leyttsche"
"5773";"Lherh. Quart";
"5774";"Lidden Partie";"Parti, Liden"
"5775";"Lide Kasser";"Casser, Liden"
"5776";"Lide Pache";"Pakke, Liden"
"5777";"Lide Packe";"Pakke, Liden"
"5778";"Lide party";"Parti, Liden"
"5779";"Lided fad";"Fad, Liden"
"5780";"Lided kramfad";"Kramfad, Liden"
"5781";"Liden bagge";"Baggi, Liden"
"5782";"Liden casse";"Casser, Liden"
"5783";"Liden casser";"Casser, Liden"
"5784";"Liden deel";"En del, Liden"
"5785";"Liden fad";"Fad, Liden"
"5786";"Liden fust.";"Fustage, Liden"
"5787";"Liden kasse";"Casser, Liden"
"5788";"Liden kiste";"Kiste, Liden"
"5789";"Liden kramtønde";"Kramtønde, Liden"
"5790";"Liden lade";"Ladning, Liden"
"5791";"Liden ladning";"Ladning, Liden"
"5792";"Liden pache";"Pakke, Liden"
"5793";"Liden pack";"Pakke, Liden"
"5794";"Liden Packe";"Pakke, Liden"
"5795";"Liden packhe";"Pakke, Liden"
"5796";"Liden Pakke";"Pakke, Liden"
"5797";"Liden partie";"Parti, Liden"
"5798";"Liden party";"Parti, Liden"
"5799";"Liden Partye";"Parti, Liden"
"5800";"Liden quantite";"Quantitet, Liden"
"5801";"Liden Sech";"Sæk, Liden"
"5802";"Lidenn";"Lidet"
"5803";"Lidenn Kiste";"Kiste, Liden"
"5804";"Lidenn packe";"Pakke, Liden"
"5805";"Lidenn Partey";"Parti, Liden"
"5806";"Lidenn parti";"Parti, Liden"
"5807";"Lidenn party";"Parti, Liden"
"5808";"Lidenpack";"Pakke, Liden"
"5809";"Lidenpacke";"Pakke, Liden"
"5810";"Lider Pack";"Pakke, Liden"
"5811";"Lidet";"Lidet"
"5812";"Lidet fad";"Fad, Liden"
"5813";"Lidet parthi";"Parti, Liden"
"5814";"Lidet parti";"Parti, Liden"
"5815";"Lidet partie";"Parti, Liden"
"5816";"Lidet party";"Parti, Liden"
"5817";"Lidett faad";"Fad, Liden"
"5818";"Lidett Knippess";"Knippe, Liden"
"5819";"Lidit fad";"Fad, Liden"
"5820";"Liditt fad";"Fad, Liden"
"5821";"Lidz Str.";"Støcker, Liden"
"5822";"Lieden";"Lidet"
"5823";"Lieden Kiste";"Kiste, Liden"
"5824";"Lieden packe";"Pakke, Liden"
"5825";"Liffunndt";"Lispund"
"5826";"Ligeledes";"Lidet"
"5827";"Liiden Kiiste";"Kiste, Liden"
"5828";"Liidenn Kiiste";"Kiste, Liden"
"5829";"Liispund";"Lispund"
"5830";"Liisspund";"Lispund"
"5831";"Liister";"Læst"
"5832";"Liistiir";"Læst"
"5833";"Lild";"Læst"
"5834";"Lille pakke";"Pakke, Liden"
"5835";"Lille parti";"Parti, Liden"
"5836";"Lille partie";"Parti, Liden"
"5837";"Lille pt.";"Parti, Liden"
"5838";"Lille Stk.";"Støcker, Liden"
"5839";"Liser";"Læst"
"5840";"Lislb";"Lispund"
"5841";"Lislb.";"Lispund"
"5842";"Lisp.";"Lispund"
"5843";"Lispd";"Lispund"
"5844";"Lisp-d";"Lispund"
"5845";"Lispd.";"Lispund"
"5846";"Lispdt.";"Lispund"
"5847";"Lispond";"Lispund"
"5848";"Lispp.";"Lispund"
"5849";"Lisppund";"Lispund"
"5850";"Lisppundt";"Lispund"
"5851";"Lisp-t";"Lispund"
"5852";"Lispund";"Lispund"
"5853";"Lispund.";"Lispund"
"5854";"Lispunde";"Lispund"
"5855";"Lispundster";"Lispund"
"5856";"Lispundt";"Lispund"
"5857";"Lispunnd";"Lispund"
"5858";"Lispunndt";"Lispund"
"5859";"Lissabon Moyers";"Moyen, Lissabon"
"5860";"Lisspd";"Lispund"
"5861";"Lisspd.";"Lispund"
"5862";"Lisspdt";"Lispund"
"5863";"Lisspund";"Lispund"
"5864";"Lisspundt";"Lispund"
"5865";"Lisster";"Læst"
"5866";"Lisstt";"Læst"
"5867";"List";"Læst"
"5868";"List.";"Læst"
"5869";"Listchtt";"Lispund"
"5870";"Lister";"Læst"
"5871";"Listir";"Læst"
"5872";"Listpund";"Lispund"
"5873";"Lit.";"Liter"
"5874";"Liten parkhe";"Pakke, Liden"
"5875";"Liter";"Liter"
"5876";"Liters";"Liter"
"5877";"Litr.";"Liter"
"5878";"Litre";"Liter"
"5879";"Litres";"Liter"
"5880";"Litrs.";"Liter"
"5881";"Litt.";"Lispund"
"5882";"Litter";"Liter"
"5883";"Litters";"Liter"
"5884";"Littres";"Liter"
"5885";"Llb.";"Lispund"
"5886";"Lob";"Loof"
"5887";"Løb";"Loof"
"5888";"Lob.";"Loof"
"5889";"Løb.";"Loof"
"5890";"Lobb";"Loof"
"5891";"Lod";"Lod"
"5892";"Lod.";"Lod"
"5893";"Løeb";"Loof"
"5894";"Loeft";"Loof"
"5895";"Loep";"Loof"
"5896";"Lof";"Loof"
"5897";"Løf";"Loof"
"5898";"Lof.";"Loof"
"5899";"Lofe";"Loof"
"5900";"Loff";"Loof"
"5901";"Løff";"Loof"
"5902";"Loff.";"Loof"
"5903";"Loffe";"Loof"
"5904";"Loft";"Loof"
"5905";"Lofter";"Loof"
"5906";"Logger";"Lægger"
"5907";"Logt";"Loof"
"5908";"Loof";"Loof"
"5909";"Loof Schef.";"Loof"
"5910";"Loof.";"Loof"
"5911";"Looff";"Loof"
"5912";"Lop";"Loof"
"5913";"Loper";"Læst"
"5914";"Lorp";"Loof"
"5915";"Loser";"Læst"
"5917";"Lot";
"5918";"Lp.";"Lispund"
"5919";"Lpsg.";"Rigsdaler"
"5920";"L-r";"Læst"
"5921";"Ls.";"Læst"
"5922";"L-st";"Læst"
"5923";"Lst.";"Læst"
"5924";"Lste.";"Læst"
"5925";"Lster";"Læst"
"5926";"Lster.";"Læst"
"5927";"Lstir";"Læst"
"5928";"Lstr.";"Læst"
"5929";"Lt.";"Liter"
"5930";"Ltr.";"Liter"
"5931";"Ltres.";"Liter"
"5932";"Ltrs.";"Liter"
"5933";"Ltters.";"Liter"
"5934";"Lubecker læster";"Læst, Lubecker"
"5935";"Luke fustager";"Fustage, Luke"
"5936";"Lupsche thønder";"Tønde, Lybsch"
"5937";"Lybs fæde";"Fad, Lybsch"
"5938";"Lybsch tønder";"Tønde, Lybsch"
"5939";"Lybsche Lester";"Læst, Lybsch"
"5940";"Lyden kiste";"Kiste, Liden"
"5941";"Lyden korff";"Kurv, Liden"
"5942";"Lyden Paccke";"Pakke, Liden"
"5943";"Lyden Seeck";"Sæk, Liden"
"5944";"Lydenn kiste";"Kiste, Liden"
"5945";"Lydtt faedtt";"Fad, Liden"
"5946";"Lysp-d";"Lispund"
"5947";"Lyspund";"Lispund"
"5948";"Lysspund";"Lispund"
"5949";"Maas";"Maas"
"5950";"Maass";"Maas"
"5951";"Maasz";"Maas"
"5952";"Maasz (Meinz.)";"Maas, Mainzer"
"5953";"Maater";"Maat"
"5954";"Maatte";"Maat"
"5955";"Maatter";"Maat"
"5956";"Maerkpund";"Marckpund"
"5957";"Magos";"Moyo"
"5958";"Mahler";"Wohl"
"5959";"Maier";"Moyen"
"5960";"Mainz. Maas";"Maas, Mainzer"
"5961";"Mainz. Maass";"Maas, Mainzer"
"5962";"Mainz. Maasz";"Maas, Mainzer"
"5963";"Mainze Maasz";"Maas, Mainzer"
"5964";"Mainzer Maass";"Maas, Mainzer"
"5965";"Mainzer Mass";"Maas, Mainzer"
"5966";"Malle";
"5967";"Mande";"Mande"
"5968";"Mandle";"Mande"
"5969";"Mandts";"Mande"
"5970";"Mants";"Mande"
"5971";"Marck";"Marckpund"
"5972";"Marcker";"Marckpund"
"5973";"Marckpund";"Marckpund"
"5974";"Mark";"Mark"
"5975";"Mark Pund";"Marckpund"
"5976";"Marker";"Marckpund"
"5977";"Markpund";"Marckpund"
"5978";"Masser";
"5979";"Matte";"Maat"
"5980";"Matter";"Maat"
"5981";"Mayer";"Moyen"
"5982";"Maynzer Maas";"Maas, Mainzer"
"5983";"Maynzer Mask";"Maas, Mainzer"
"5984";"Mayos";"Moyen"
"5985";"Md. kannen";"Kande, Md."
"5986";"Nd. Kanner";"Kande, Ned."
"5987";"Meest";"Nest"
"5988";"Meetter";"Maat"
"5989";"Mehl Tønder";"Tønde, Mehl"
"5990";"Meinz. Maass";"Maas, Mainzer"
"5991";"Melle";
"5992";"Mengeler";"Mingel"
"5993";"Mesch";"Nest"
"5994";"Mest";"Nest"
"5995";"Mesth";"Nest"
"5996";"Mesth.";"Nest"
"5997";"Metzen";"Metzen"
"5998";"Meyn.";"Moyen"
"5999";"Meynzer Maass";"Maas, Mainzer"
"6000";"Mil.";
"6001";"Milh.";"Milheiros"
"6002";"Milheeros";"Milheiros"
"6003";"Milheines";"Milheiros"
"6004";"Milheires";"Milheiros"
"6005";"Milheiros";"Milheiros"
"6006";"Milheros";"Milheiros"
"6007";"Milhieres";"Milheiros"
"6008";"Milhieros";"Milheiros"
"6009";"Mille";"Tusinde"
"6010";"Milleroe";"Milheiros"
"6011";"Ming.";"Mingel"
"6012";"Mingel";"Mingel"
"6013";"Mingl.";"Mingel"
"6014";"Mingler";"Mingel"
"6015";"Mingt.";"Mingel"
"6016";"Minspel";"Wispel"
"6017";"Mod.";"Modin"
"6018";"Mød.";"Mud"
"6019";"Modien";"Modin"
"6020";"Modin";"Modin"
"6021";"Modin.";"Modin"
"6022";"Modine";"Modin"
"6023";"Modiner";"Modin"
"6024";"Modines";"Modin"
"6025";"Møer";"Moyen"
"6026";"Moien";"Moyen"
"6027";"Moier";"Moyen"
"6028";"Møier";"Moyen"
"6029";"Moijer";"Moyen"
"6030";"Moje";"Moyen"
"6031";"Mojen";"Moyen"
"6032";"Mojer";"Moyen"
"6033";"Møjer";"Moyen"
"6034";"Molter";"Malter"
"6035";"Monds";"Monts"
"6036";"Møns";"Monts"
"6037";"Monts";"Monts"
"6038";"Motter";"Maat"
"6039";"Mounds";"Monts"
"6040";"Mounts";"Monts"
"6041";"Mouts";"Monts"
"6042";"Moy";"Moyen"
"6043";"Møy";"Moyen"
"6044";"Moy.";"Moyen"
"6045";"Moye";"Moyen"
"6046";"Møye";"Moyen"
"6047";"Moyen";"Moyen"
"6048";"Møyen";"Moyen"
"6049";"Moyer";"Moyen"
"6050";"Møyer";"Moyen"
"6051";"Moyerd";"Moyen"
"6052";"Moyers";"Moyen"
"6053";"Moyes";"Moyen"
"6054";"Moyos";"Moyen"
"6055";"Moyr";"Moyen"
"6056";"Moyr.";"Moyen"
"6057";"Moys";"Moyen"
"6058";"Muas";
"6059";"Mud";"Mud"
"6060";"Mud.";"Mud"
"6061";"Mudr.";"Mud"
"6062";"Muid";"Mud"
"6063";"Muids";"Mud"
"6064";"N. K.";"Kande, Ned."
"6065";"N. Kan";"Kande, Ned."
"6066";"N. Kan.";"Kande, Ned."
"6067";"N. Kander";"Kande, Ned."
"6068";"N. Kann.";"Kande, Ned."
"6069";"N. Kannen";"Kande, Ned."
"6070";"N. Kanner";"Kande, Ned."
"6071";"N. kannr.";"Kande, Ned."
"6072";"N. Kdr.";"Kande, Ned."
"6073";"N.kanner";"Kande, Ned."
"6074";"Naaged";"Noget"
"6075";"Naagen";"Noget"
"6076";"Naagenn";"Noget"
"6077";"Naaget";"Noget"
"6078";"Naagidt";"Noget"
"6079";"Naagit";"Noget"
"6080";"Naagitt";"Noget"
"6081";"Naagle";"Noget"
"6082";"Nagedt";"Noget"
"6083";"Naget";"Noget"
"6084";"Nagett";"Noget"
"6085";"Nagit";"Noget"
"6086";"Nagitt";"Noget"
"6087";"Natkan.";"Kande, Ned."
"6088";"Naugen";"Noget"
"6089";"Naugit";"Noget"
"6091";"Ned.";"Kande, Ned."
"6092";"Ned. kan.";"Kande, Ned."
"6093";"Ned. Kander";"Kande, Ned."
"6094";"Ned. kanner";"Kande, Ned."
"6095";"Ned. Kdr.";"Kande, Ned."
"6096";"Ned. vat";"Fad, Ned."
"6097";"Ned. Vat.";"Fad, Ned."
"6098";"Nederl. kannen";"Kande, Ned."
"6099";"Nederl. Vat";"Fad, Ned."
"6100";"Nederlands Vat";"Fad, Ned."
"6102";"Neest";"Nest"
"6103";"Neesth";"Nest"
"6104";"Neesth-";"Nest"
"6105";"Neests";"Nest"
"6106";"Nes";"Nest"
"6107";"Nesch";"Nest"
"6108";"Nest";"Nest"
"6109";"Nest.";"Nest"
"6110";"Nester";"Nest"
"6111";"Nesth";"Nest"
"6112";"Nesther";"Nest"
"6113";"Nests";"Nest"
"6114";"Nkanner";"Kande, Ned."
"6115";"Nøe";
"6116";"Noedz";
"6117";"Noeged";"Noget"
"6118";"Noegen";"Noget"
"6119";"Noeget";"Noget"
"6120";"Noegit";"Noget"
"6121";"Noegle";"Noget"
"6122";"Nog.";"Noget"
"6123";"Nogadt";"Noget"
"6124";"Nogat";"Noget"
"6125";"Noge";"Noget"
"6126";"Noged";"Noget"
"6127";"Nogede";"Noget"
"6128";"Nogedt";"Noget"
"6129";"Nogele";"Noget"
"6130";"Nogelle";"Noget"
"6131";"Nogen";"Noget"
"6132";"Nogenn";"Noget"
"6133";"Noger";"Noget"
"6134";"Noget";"Noget"
"6135";"Nøget";"Noget"
"6136";"Nogett";"Noget"
"6137";"Noggele";"Noget"
"6138";"Noggenn";"Noget"
"6139";"Nogget";"Noget"
"6140";"Nogh.";"Noget"
"6141";"Noghet";"Noget"
"6142";"Nogid";"Noget"
"6143";"Nøgid";"Noget"
"6144";"Nogidt";"Noget"
"6145";"Nogiit";"Noget"
"6146";"Nogiitt";"Noget"
"6147";"Nogin";"Noget"
"6148";"Nogit";"Noget"
"6149";"Nøgit";"Noget"
"6150";"Nogitt";"Noget"
"6151";"Nogla";"Noget"
"6152";"Nogle";"Noget"
"6153";"Noglle";"Noget"
"6154";"Noogen";"Noget"
"6155";"Noogit";"Noget"
"6156";"Noogitt";"Noget"
"6157";"Nye Lester";"Læst, Nye"
"6158";"Oal";"Ol"
"6159";"Occhshoffder";"Oksehovede"
"6160";"Och.";"Oksehovede"
"6161";"Ocha";"Okka"
"6162";"Ochd.";"Oksehovede"
"6163";"Ochehoffder";"Oksehovede"
"6164";"Ochehoffer";"Oksehovede"
"6165";"Ochehofft";"Oksehovede"
"6166";"Ochehoffuit";"Oksehovede"
"6167";"Ochesehoffder";"Oksehovede"
"6168";"Ochhoff.";"Oksehovede"
"6169";"Ochhoffder";"Oksehovede"
"6170";"Ochoder";"Oksehovede"
"6171";"Ochoff";"Oksehovede"
"6172";"Ochoff.";"Oksehovede"
"6173";"Ochoffder";"Oksehovede"
"6174";"Ochofft";"Oksehovede"
"6175";"Ochofft.";"Oksehovede"
"6176";"Ochoftt";"Oksehovede"
"6177";"Ochohoffiut";"Oksehovede"
"6178";"Ochoved.";"Oksehovede"
"6179";"Ochschoffde";"Oksehovede"
"6180";"Ochschoffder";"Oksehovede"
"6181";"Ochschofferder";"Oksehovede"
"6182";"Ochse.";"Oksehovede"
"6183";"Ochsechoffder";"Oksehovede"
"6184";"Ochsefoffder";"Oksehovede"
"6185";"Ochseh.";"Oksehovede"
"6186";"Ochseheffder";"Oksehovede"
"6187";"Ochsehoder";"Oksehovede"
"6188";"Ochsehofder";"Oksehovede"
"6189";"Ochsehoffd";"Oksehovede"
"6190";"Ochsehoffd.";"Oksehovede"
"6191";"Ochsehoffde";"Oksehovede"
"6192";"Ochsehoffden";"Oksehovede"
"6193";"Ochsehoffder";"Oksehovede"
"6194";"Øchsehoffder";"Oksehovede"
"6195";"Ochsehoffer";"Oksehovede"
"6196";"Ochsehoffiot";"Oksehovede"
"6197";"Ochsehoffiut";"Oksehovede"
"6198";"Ochsehoffter";"Oksehovede"
"6199";"Ochsehoffued";"Oksehovede"
"6200";"Ochsehoffueder";"Oksehovede"
"6201";"Ochsehoffuet";"Oksehovede"
"6202";"Øchsehoffuet";"Oksehovede"
"6203";"Ochsehoffuit";"Oksehovede"
"6204";"Ochsehoffvit";"Oksehovede"
"6205";"Ochsenhoffder";"Oksehovede"
"6206";"Ochshoffder";"Oksehovede"
"6207";"Ochshoffued";"Oksehovede"
"6208";"Ochshoffuit";"Oksehovede"
"6209";"Ochshuder";"Oksehovede"
"6210";"Ochsschoffder";"Oksehovede"
"6211";"Ochssehoff";"Oksehovede"
"6212";"Ochssehoffd.";"Oksehovede"
"6213";"Ochssehoffder";"Oksehovede"
"6214";"Ochssehoffer";"Oksehovede"
"6215";"Ochssehoffued";"Oksehovede"
"6216";"Ochssehoffuit";"Oksehovede"
"6217";"Ochssehowed";"Oksehovede"
"6218";"Ochsshoffder";"Oksehovede"
"6219";"Ochstehofder";"Oksehovede"
"6220";"Ochstehoffder";"Oksehovede"
"6221";"Ochsthoffder";"Oksehovede"
"6222";"Ochsthoffder.";"Oksehovede"
"6223";"Ochsthoffter";"Oksehovede"
"6224";"Ochsthoffuet";"Oksehovede"
"6225";"Ochsthoffuit";"Oksehovede"
"6226";"Ochstoffder";"Oksehovede"
"6227";"Ochstohoffder";"Oksehovede"
"6228";"Ochthoffder";"Oksehovede"
"6229";"Ockehoffder";"Oksehovede"
"6230";"Ockhoffundt";"Oksehovede"
"6231";"Ocksehoffder";"Oksehovede"
"6232";"Ocksehoffuidt";"Oksehovede"
"6233";"Ocshoffe";"Oksehovede"
"6234";"Ocxehoder";"Oksehovede"
"6235";"Odl.";"Ol"
"6236";"Oeh.";"Ol"
"6237";"Oehofft";"Oksehovede"
"6238";"Oel";"Ol"
"6239";"Oell";"Ol"
"6240";"Oell.";"Ol"
"6241";"Oexehøefftt";"Oksehovede"
"6242";"Øexehøefftt";"Oksehovede"
"6243";"Oexhøefftt";"Oksehovede"
"6244";"Oggssehofder";"Oksehovede"
"6245";"Oghehofder";"Oksehovede"
"6246";"Oghofder";"Oksehovede"
"6247";"Oghofder.";"Oksehovede"
"6248";"Ogschofder";"Oksehovede"
"6249";"Ogsehofder";"Oksehovede"
"6250";"Ogsehogder";"Oksehovede"
"6251";"Ogsehovder";"Oksehovede"
"6252";"Ogsehoved";"Oksehovede"
"6253";"Ogsehovet";"Oksehovede"
"6254";"Ogserhofder";"Oksehovede"
"6255";"Ogsschofder";"Oksehovede"
"6256";"Ogssefad";"Oksehovede"
"6257";"Ogssefhehofder";"Oksehovede"
"6258";"Ogssehoder";"Oksehovede"
"6259";"Ogssehoder.";"Oksehovede"
"6260";"Ogssehoevet";"Oksehovede"
"6261";"Ogssehof";"Oksehovede"
"6262";"Ogssehofde";"Oksehovede"
"6263";"Ogssehofden";"Oksehovede"
"6264";"Ogssehofder";"Oksehovede"
"6265";"Ogssehøfder";"Oksehovede"
"6266";"Ogssehofder.";"Oksehovede"
"6267";"Ogssehofderr";"Oksehovede"
"6268";"Ogssehofeder";"Oksehovede"
"6269";"Ogssehoffder";"Oksehovede"
"6270";"Ogssehoffuder";"Oksehovede"
"6271";"Ogssehofnder";"Oksehovede"
"6272";"Ogssehofnet";"Oksehovede"
"6273";"Ogssehoft";"Oksehovede"
"6274";"Ogssehofter";"Oksehovede"
"6275";"Ogssehofued";"Oksehovede"
"6276";"Ogssehofuel";"Oksehovede"
"6277";"Ogssehofuer";"Oksehovede"
"6278";"Ogssehofwet";"Oksehovede"
"6279";"Ogssehogder";"Oksehovede"
"6280";"Ogssehovder";"Oksehovede"
"6281";"Ogssehovet";"Oksehovede"
"6282";"Ogssehowet";"Oksehovede"
"6283";"Ogssenhofder";"Oksehovede"
"6284";"Ogssenhowet";"Oksehovede"
"6285";"Ogsserhofder";"Oksehovede"
"6286";"Ogsshofder";"Oksehovede"
"6287";"Ogstehofder";"Oksehovede"
"6288";"Ohl";"Ol"
"6289";"Ohl.";"Ol"
"6290";"Ohle";"Ol"
"6291";"Ohler";"Ol"
"6292";"Ohmt";
"6293";"Ohovd.";"Oksehovede"
"6294";"Ohsehoff";"Oksehovede"
"6295";"Ohsehofft";"Oksehovede"
"6296";"Ohshoffuit";"Oksehovede"
"6297";"Ohssehoff.";"Oksehovede"
"6298";"Ohsthoffder";"Oksehovede"
"6299";"Ohxe.";"Oksehovede"
"6300";"Okhoffuit";"Oksehovede"
"6301";"Okka";"Okka"
"6302";"Oks.";"Oksehovede"
"6303";"Okseh.";"Oksehovede"
"6304";"Oksehd.";"Oksehovede"
"6305";"Oksehoevede";"Oksehovede"
"6306";"Oksehofder";"Oksehovede"
"6307";"Oksehofede";"Oksehovede"
"6308";"Oksehofeder";"Oksehovede"
"6309";"Oksehoffued";"Oksehovede"
"6310";"Oksehov.";"Oksehovede"
"6311";"Oksehovd.";"Oksehovede"
"6312";"Oksehovde";"Oksehovede"
"6313";"Oksehovder";"Oksehovede"
"6314";"Oksehove";"Oksehovede"
"6315";"Oksehoved";"Oksehovede"
"6316";"Oksehoved.";"Oksehovede"
"6317";"Oksehovede";"Oksehovede"
"6318";"Oksehoveder";"Oksehovede"
"6319";"Oksehvede";"Oksehovede"
"6320";"Okshdr.";"Oksehovede"
"6321";"Okshoffedt";"Oksehovede"
"6322";"Okshoveder";"Oksehovede"
"6323";"Okxhovede";"Oksehovede"
"6324";"Olle";"Ol"
"6325";"Øllfad";
"6326";"Oncer";"Unse"
"6327";"Ondtsser";"Unse"
"6328";"Onf.";"Oksehovede"
"6329";"Ongh.";"Oksehovede"
"6330";"Onh.";"Oksehovede"
"6331";"Onhff.";"Oksehovede"
"6332";"Onhof.";"Oksehovede"
"6333";"Onhofder";"Oksehovede"
"6334";"Onhoff";"Oksehovede"
"6335";"Onhoff.";"Oksehovede"
"6336";"Onhoffder";"Oksehovede"
"6337";"Onhoffe";"Oksehovede"
"6338";"Onhofft";"Oksehovede"
"6339";"Onhofft.";"Oksehovede"
"6340";"Onhoffte";"Oksehovede"
"6341";"Onhoft";"Oksehovede"
"6342";"Onhoft.";"Oksehovede"
"6343";"Onhofter";"Oksehovede"
"6344";"Onhoftt";"Oksehovede"
"6345";"Ool";"Ol"
"6346";"Ooxhd.";"Oksehovede"
"6347";"Ooxhofder";"Oksehovede"
"6348";"Oqhoffuidt";"Oksehovede"
"6349";"Orhofft";"Oksehovede"
"6350";"Ortt";"Ort"
"6351";"Osehoffdt";"Oksehovede"
"6352";"Osehoveder";"Oksehovede"
"6353";"Oshoffindt";"Oksehovede"
"6354";"Oshofft";"Oksehovede"
"6355";"Oshoffuidt";"Oksehovede"
"6356";"Ossehoffder";"Oksehovede"
"6357";"Ossehofft";"Oksehovede"
"6358";"Ossehoffte";"Oksehovede"
"6359";"Osxehoffder";"Oksehovede"
"6360";"Osxehofft";"Oksehovede"
"6361";"Othing.";"Otting"
"6362";"Othinger";"Otting"
"6363";"Oting";"Otting"
"6364";"Oting.";"Otting"
"6365";"Otinger";"Otting"
"6366";"Ott.";"Otting"
"6367";"Ottedeels";"Achtel"
"6368";"Ottende deel Piber";"Pibe, Achtel"
"6369";"Ottende deele";"Achtel"
"6370";"Ottendedeel both.";"Botte, Achtel"
"6371";"Ottendeel";"Achtel"
"6372";"Ottendeel both";"Botte, Achtel"
"6373";"Ottendeel Piber";"Pibe, Achtel"
"6374";"Ottendeele";"Achtel"
"6375";"Ottendeele boother";"Botte, Achtel"
"6376";"Ottendele";"Achtel"
"6377";"Ottendele bother";"Botte, Achtel"
"6378";"Ottendell piber";"Pibe, Achtel"
"6379";"Ottendiel piber";"Pibe, Achtel"
"6380";"Ottincher";"Otting"
"6381";"Otting";"Otting"
"6382";"Otting.";"Otting"
"6383";"Otting.r";"Otting"
"6384";"Ottinger";"Otting"
"6385";"Ottingh";"Otting"
"6386";"Ottingier";"Otting"
"6387";"Ottinng";"Otting"
"6388";"Ottinnger";"Otting"
"6389";"Øttinnger";"Otting"
"6390";"Ottl.";"Otting"
"6391";"Ottuinger";"Otting"
"6392";"Ottynd";"Otting"
"6393";"Ottynde";"Otting"
"6394";"Ottynger";"Otting"
"6395";"Ottynnde";"Otting"
"6396";"Ottyr";"Otting"
"6397";"Ouard.";"Quardel"
"6398";"Ouncer";"Unse"
"6399";"Ouxhøefftt";"Oksehovede"
"6400";"Ox";"Oksehovede"
"6401";"Ox hode";"Oksehovede"
"6402";"Ox.";"Oksehovede"
"6403";"Ox. hoved.";"Oksehovede"
"6404";"Ox.d.";"Oksehovede"
"6405";"Ox.hode";"Oksehovede"
"6406";"Ox.hoved";"Oksehovede"
"6407";"Ox.hvde";"Oksehovede"
"6408";"Oxch.";"Oksehovede"
"6409";"Oxcheder";"Oksehovede"
"6410";"Oxchoder";"Oksehovede"
"6411";"Oxchoeder";"Oksehovede"
"6412";"Oxchoedt";"Oksehovede"
"6413";"Oxchøefftt";"Oksehovede"
"6414";"Oxchøeffuitt";"Oksehovede"
"6415";"Oxchoffd";"Oksehovede"
"6416";"Oxchoffuder";"Oksehovede"
"6417";"Oxchoffueder";"Oksehovede"
"6418";"Oxcohoffueder";"Oksehovede"
"6419";"Oxd.";"Oksehovede"
"6420";"Oxdehofft";"Oksehovede"
"6421";"Oxdh.";"Oksehovede"
"6422";"Oxdr.";"Oksehovede"
"6423";"Oxe hoffd";"Oksehovede"
"6424";"Oxe.";"Oksehovede"
"6425";"Oxeehøefftt";"Oksehovede"
"6426";"Oxefad";"Oksehovede"
"6427";"Oxefd.";"Oksehovede"
"6428";"Oxefoeffder";"Oksehovede"
"6429";"Oxefofd";"Oksehovede"
"6430";"Oxeh";"Oksehovede"
"6431";"Oxeh.";"Oksehovede"
"6432";"Øxeh.";"Oksehovede"
"6433";"Oxeh. og halve stk.";"Oksehovede"
"6434";"Oxeh. og halve stk.";"Støcker, Halve"
"6435";"Oxeh. og quard";"Oksehovede"
"6436";"Oxeh. og quard";"Quardel"
"6437";"Oxeh.d";"Oksehovede"
"6438";"Oxehader";"Oksehovede"
"6439";"Oxehaeder";"Oksehovede"
"6440";"Oxehaffer";"Oksehovede"
"6441";"Oxehafft";"Oksehovede"
"6442";"Oxehd";"Oksehovede"
"6443";"Oxehd.";"Oksehovede"
"6444";"Oxehde.";"Oksehovede"
"6445";"Oxehder.";"Oksehovede"
"6446";"Oxehdr.";"Oksehovede"
"6447";"Oxehe";"Oksehovede"
"6448";"Oxehe.";"Oksehovede"
"6449";"Oxehed";"Oksehovede"
"6450";"Oxehed.";"Oksehovede"
"6451";"Oxehede";"Oksehovede"
"6452";"Oxeheder";"Oksehovede"
"6453";"Oxeheed";"Oksehovede"
"6454";"Oxehefftt";"Oksehovede"
"6455";"Oxeheffuede";"Oksehovede"
"6456";"Oxeheffuidt";"Oksehovede"
"6457";"Oxehf.";"Oksehovede"
"6458";"Oxehfd";"Oksehovede"
"6459";"Oxehfd.";"Oksehovede"
"6460";"Oxehfde";"Oksehovede"
"6461";"Oxehhoftt";"Oksehovede"
"6462";"Oxehhov.";"Oksehovede"
"6463";"Oxehhoved.";"Oksehovede"
"6464";"Oxehider";"Oksehovede"
"6465";"Oxehieder";"Oksehovede"
"6466";"Oxehiffder";"Oksehovede"
"6467";"Oxeho.";"Oksehovede"
"6468";"Oxehod";"Oksehovede"
"6469";"Oxehod.";"Oksehovede"
"6470";"Oxehodder";"Oksehovede"
"6471";"Oxehodder.";"Oksehovede"
"6472";"Oxehode";"Oksehovede"
"6473";"Oxehode.";"Oksehovede"
"6474";"Oxehodeder";"Oksehovede"
"6475";"Oxehoden";"Oksehovede"
"6476";"Oxehoder";"Oksehovede"
"6477";"Oxehøder";"Oksehovede"
"6478";"Oxehoder.";"Oksehovede"
"6479";"Oxehodr.";"Oksehovede"
"6480";"Oxehodt";"Oksehovede"
"6481";"Oxehodtt";"Oksehovede"
"6482";"Oxehodtt.";"Oksehovede"
"6483";"Oxehoe.";"Oksehovede"
"6484";"Oxehoed";"Oksehovede"
"6485";"Oxehoed.";"Oksehovede"
"6486";"Oxehoede";"Oksehovede"
"6487";"Oxehoeder";"Oksehovede"
"6488";"Oxehoeder.";"Oksehovede"
"6489";"Oxehoedr";"Oksehovede"
"6490";"Oxehoedt";"Oksehovede"
"6491";"Oxehoedts";"Oksehovede"
"6492";"Oxehøeff";"Oksehovede"
"6493";"Oxehoeffder";"Oksehovede"
"6494";"Oxehøeffer";"Oksehovede"
"6495";"Oxehøeffft";"Oksehovede"
"6496";"Oxehøeffn";"Oksehovede"
"6497";"Oxehøefft";"Oksehovede"
"6498";"Oxehoefftt";"Oksehovede"
"6499";"Oxehøefftt";"Oksehovede"
"6500";"Oxehøefftt och Baler";"Oksehovede"
"6501";"Oxehøefftt och Baler";"Balle"
"6502";"Oxehøeffttt";"Oksehovede"
"6503";"Oxehoeffuit";"Oksehovede"
"6504";"Oxehøeffuitt";"Oksehovede"
"6505";"Oxehoefter";"Oksehovede"
"6506";"Oxehøeftt";"Oksehovede"
"6507";"Oxehoet";"Oksehovede"
"6508";"Oxehof";"Oksehovede"
"6509";"Oxehof.";"Oksehovede"
"6510";"Oxehofd";"Oksehovede"
"6511";"Oxehofd.";"Oksehovede"
"6512";"Oxehofde";"Oksehovede"
"6513";"Oxehofde.";"Oksehovede"
"6514";"Oxehofden";"Oksehovede"
"6515";"Oxehofder";"Oksehovede"
"6516";"Øxehofder";"Oksehovede"
"6517";"Oxehofder.";"Oksehovede"
"6518";"Oxehofdit";"Oksehovede"
"6519";"Oxehofe";"Oksehovede"
"6520";"Oxehofe.";"Oksehovede"
"6521";"Oxehofed";"Oksehovede"
"6522";"Oxehofede";"Oksehovede"
"6523";"Oxehofeded";"Oksehovede"
"6524";"Oxehofeder";"Oksehovede"
"6525";"Oxehofer";"Oksehovede"
"6526";"Oxehoferder";"Oksehovede"
"6527";"Oxehofett";"Oksehovede"
"6528";"Oxehoff";"Oksehovede"
"6529";"Oxehoff.";"Oksehovede"
"6530";"Oxehoffd";"Oksehovede"
"6531";"Oxehoffd.";"Oksehovede"
"6532";"Oxehoffde";"Oksehovede"
"6533";"Oxehoffdeer";"Oksehovede"
"6534";"Oxehoffden";"Oksehovede"
"6535";"Oxehoffder";"Oksehovede"
"6536";"Oxehoffder.";"Oksehovede"
"6537";"Oxehoffdt";"Oksehovede"
"6538";"Oxehoffe";"Oksehovede"
"6539";"Oxehoffe.";"Oksehovede"
"6540";"Oxehoffed";"Oksehovede"
"6541";"Oxehoffede";"Oksehovede"
"6542";"Oxehoffeder";"Oksehovede"
"6543";"Oxehoffeidt";"Oksehovede"
"6544";"Oxehoffer";"Oksehovede"
"6545";"Oxehoffer.";"Oksehovede"
"6546";"Oxehoffett";"Oksehovede"
"6547";"Oxehoffeuder";"Oksehovede"
"6548";"Oxehofffder";"Oksehovede"
"6549";"Oxehoffindt";"Oksehovede"
"6550";"Oxehoffør";"Oksehovede"
"6551";"Oxehoffr";"Oksehovede"
"6552";"Oxehoffr.";"Oksehovede"
"6553";"Oxehofft";"Oksehovede"
"6554";"Oxehøfft";"Oksehovede"
"6555";"Oxehofft.";"Oksehovede"
"6556";"Oxehoffte";"Oksehovede"
"6557";"Oxehoffte.";"Oksehovede"
"6558";"Oxehoffter";"Oksehovede"
"6559";"Oxehofftt";"Oksehovede"
"6560";"Oxehøfftt";"Oksehovede"
"6561";"Oxehoffud";"Oksehovede"
"6562";"Oxehoffude";"Oksehovede"
"6563";"Oxehoffuder";"Oksehovede"
"6564";"Oxehoffudt";"Oksehovede"
"6565";"Oxehoffued";"Oksehovede"
"6566";"Oxehoffued.";"Oksehovede"
"6567";"Oxehoffuedder";"Oksehovede"
"6568";"Oxehoffuede";"Oksehovede"
"6569";"Oxehoffueder";"Oksehovede"
"6570";"Oxehoffuedt";"Oksehovede"
"6571";"Oxehøffuedt";"Oksehovede"
"6572";"Oxehoffuer";"Oksehovede"
"6573";"Oxehoffuerd.";"Oksehovede"
"6574";"Oxehoffuerder";"Oksehovede"
"6575";"Oxehoffuet";"Oksehovede"
"6576";"Oxehoffuett";"Oksehovede"
"6577";"Oxehoffuid";"Oksehovede"
"6578";"Oxehoffuidder";"Oksehovede"
"6579";"Oxehoffuide";"Oksehovede"
"6580";"Oxehoffuiden";"Oksehovede"
"6581";"Oxehoffuider";"Oksehovede"
"6582";"Oxehoffuidt";"Oksehovede"
"6583";"Oxehoffuit";"Oksehovede"
"6584";"Oxehoffuitt";"Oksehovede"
"6585";"Oxehøffuitt";"Oksehovede"
"6586";"Oxehoffurt";"Oksehovede"
"6587";"Oxehoffve";"Oksehovede"
"6588";"Oxehoffve.";"Oksehovede"
"6589";"Oxehoffvid";"Oksehovede"
"6590";"Oxehoffvit";"Oksehovede"
"6591";"Oxehofreder";"Oksehovede"
"6592";"Oxehofs.";"Oksehovede"
"6593";"Oxehofsder";"Oksehovede"
"6594";"Oxehoft";"Oksehovede"
"6595";"Oxehoft.";"Oksehovede"
"6596";"Oxehoftde";"Oksehovede"
"6597";"Oxehoftder";"Oksehovede"
"6598";"Oxehofte";"Oksehovede"
"6599";"Oxehofter";"Oksehovede"
"6600";"Oxehoftt";"Oksehovede"
"6601";"Oxehoftt.";"Oksehovede"
"6602";"Oxehoftter";"Oksehovede"
"6603";"Oxehoftuit";"Oksehovede"
"6604";"Oxehofued";"Oksehovede"
"6605";"Oxehofuede";"Oksehovede"
"6606";"Oxehofuett";"Oksehovede"
"6607";"Oxehofuide";"Oksehovede"
"6608";"Oxehofuitt";"Oksehovede"
"6609";"Oxehofv.";"Oksehovede"
"6610";"Oxehofvder";"Oksehovede"
"6611";"Oxehofved";"Oksehovede"
"6612";"Oxehofved.";"Oksehovede"
"6613";"Oxehofvede";"Oksehovede"
"6614";"Oxehofveder";"Oksehovede"
"6615";"Oxehohveder";"Oksehovede"
"6616";"Oxehoifft";"Oksehovede"
"6617";"Oxehold";"Oksehovede"
"6618";"Oxehooeder";"Oksehovede"
"6619";"Oxehoofft";"Oksehovede"
"6620";"Oxehorder";"Oksehovede"
"6621";"Oxehored";"Oksehovede"
"6622";"Oxehot";"Oksehovede"
"6623";"Oxehoud";"Oksehovede"
"6624";"Oxehoufder";"Oksehovede"
"6625";"Oxehouffd";"Oksehovede"
"6626";"Oxehouffder";"Oksehovede"
"6627";"Oxehouffdt";"Oksehovede"
"6628";"Oxehouffudder";"Oksehovede"
"6629";"Oxehouffued";"Oksehovede"
"6630";"Oxehouffuid";"Oksehovede"
"6631";"Oxehouffuidder";"Oksehovede"
"6632";"Oxehouffuidt";"Oksehovede"
"6633";"Oxehouffuindt";"Oksehovede"
"6634";"Øxehouid";"Oksehovede"
"6635";"Oxehouitt";"Oksehovede"
"6636";"Oxehov";"Oksehovede"
"6637";"Oxehov.";"Oksehovede"
"6638";"Oxehov. er halve oxehov.";"Oksehovede"
"6639";"Oxehov. er halve oxehov.";"Oksehovede, Halve"
"6640";"Oxehovd";"Oksehovede"
"6641";"Oxehovd.";"Oksehovede"
"6642";"Oxehovde";"Oksehovede"
"6643";"Oxehovde.";"Oksehovede"
"6644";"Oxehovden";"Oksehovede"
"6645";"Oxehovder";"Oksehovede"
"6646";"Oxehove";"Oksehovede"
"6647";"Oxehove.";"Oksehovede"
"6648";"Oxehoved";"Oksehovede"
"6649";"Øxehoved";"Oksehovede"
"6650";"Oxehoved.";"Oksehovede"
"6651";"Oxehovede";"Oksehovede"
"6652";"Oxehoveden";"Oksehovede"
"6653";"Oxehoveder";"Oksehovede"
"6654";"Oxehoveder.";"Oksehovede"
"6655";"Oxehovedt";"Oksehovede"
"6656";"Oxehovender";"Oksehovede"
"6657";"Oxehover";"Oksehovede"
"6658";"Oxehover.";"Oksehovede"
"6659";"Oxehoverder";"Oksehovede"
"6660";"Oxehovett";"Oksehovede"
"6661";"Oxehude";"Oksehovede"
"6662";"Oxehuder";"Oksehovede"
"6663";"Oxehued";"Oksehovede"
"6664";"Oxehuede";"Oksehovede"
"6665";"Oxehueder";"Oksehovede"
"6666";"Oxehueffuidder";"Oksehovede"
"6667";"Oxehueffuiddtt";"Oksehovede"
"6668";"Oxehv.";"Oksehovede"
"6669";"Oxehvd.";"Oksehovede"
"6670";"Oxehvde.";"Oksehovede"
"6671";"Oxehvder";"Oksehovede"
"6672";"Oxehvder.";"Oksehovede"
"6673";"Oxehvdr.";"Oksehovede"
"6674";"Oxehved.";"Oksehovede"
"6675";"Oxehveder";"Oksehovede"
"6676";"Oxehx";"Oksehovede"
"6677";"Oxen";"Oksehovede"
"6678";"Oxen.";"Oksehovede"
"6679";"Øxen.";"Oksehovede"
"6680";"Oxenhoffd";"Oksehovede"
"6681";"Oxenhofft";"Oksehovede"
"6682";"Oxenhoffuet";"Oksehovede"
"6683";"Oxenhouffdt";"Oksehovede"
"6684";"Oxer";"Oksehovede"
"6685";"Oxerhoede";"Oksehovede"
"6686";"Oxeschoffueder";"Oksehovede"
"6687";"Oxesehod";"Oksehovede"
"6688";"Oxesehofder";"Oksehovede"
"6689";"Oxesehofft";"Oksehovede"
"6690";"Oxeshoffueder";"Oksehovede"
"6691";"Oxfd";"Oksehovede"
"6692";"Ox-fd";"Oksehovede"
"6693";"Oxfd.";"Oksehovede"
"6694";"Oxfeho.";"Oksehovede"
"6695";"Oxfehoffueder";"Oksehovede"
"6696";"Oxfehoffuit";"Oksehovede"
"6697";"Oxgoder";"Oksehovede"
"6698";"Oxgoffder";"Oksehovede"
"6699";"Oxh";"Oksehovede"
"6700";"Oxh.";"Oksehovede"
"6701";"Oxhavde";"Oksehovede"
"6702";"Oxhd";"Oksehovede"
"6703";"Oxh-d";"Oksehovede"
"6704";"Oxhd.";"Oksehovede"
"6705";"Oxhdder.";"Oksehovede"
"6706";"Oxhde";"Oksehovede"
"6707";"Oxhde.";"Oksehovede"
"6708";"Oxhder.";"Oksehovede"
"6709";"Oxhdr.";"Oksehovede"
"6710";"Oxhe";"Oksehovede"
"6711";"Oxhe.";"Oksehovede"
"6712";"Oxhed";"Oksehovede"
"6713";"Oxhed.";"Oksehovede"
"6714";"Oxhede";"Oksehovede"
"6715";"Oxheder";"Oksehovede"
"6716";"Oxheeder";"Oksehovede"
"6717";"Oxhef.";"Oksehovede"
"6718";"Oxhefder";"Oksehovede"
"6719";"Oxheffder";"Oksehovede"
"6720";"Oxheffueder";"Oksehovede"
"6721";"Oxheffuidt";"Oksehovede"
"6722";"Oxheffuit";"Oksehovede"
"6723";"Oxheffuitt";"Oksehovede"
"6724";"Oxhefveder";"Oksehovede"
"6725";"Oxhehd.";"Oksehovede"
"6726";"Oxhehøeffer";"Oksehovede"
"6727";"Oxhehoffd";"Oksehovede"
"6728";"Oxhehoffder";"Oksehovede"
"6729";"Oxhehoffeud";"Oksehovede"
"6730";"Oxhehofft";"Oksehovede"
"6731";"Oxhehoffued";"Oksehovede"
"6732";"Oxhehoffueder";"Oksehovede"
"6733";"Oxhehoffuit";"Oksehovede"
"6734";"Oxhehov.";"Oksehovede"
"6735";"Oxheved";"Oksehovede"
"6736";"Oxheveder";"Oksehovede"
"6737";"Oxhf.";"Oksehovede"
"6738";"Oxhfd";"Oksehovede"
"6739";"Oxhfd.";"Oksehovede"
"6740";"Oxhfde";"Oksehovede"
"6741";"Oxhfde.";"Oksehovede"
"6742";"Oxhfder";"Oksehovede"
"6743";"Oxhfdr.";"Oksehovede"
"6744";"Oxhfehoffder";"Oksehovede"
"6745";"Oxhffder";"Oksehovede"
"6746";"Oxhffueder";"Oksehovede"
"6747";"Oxhffuitt";"Oksehovede"
"6748";"Oxhheffder";"Oksehovede"
"6749";"Oxhhfeffueder";"Oksehovede"
"6750";"Oxhhoeder";"Oksehovede"
"6751";"Oxhhoffder";"Oksehovede"
"6752";"Oxhhoffuett";"Oksehovede"
"6753";"Oxho.";"Oksehovede"
"6754";"Oxhochde.";"Oksehovede"
"6755";"Oxhod";"Oksehovede"
"6756";"Oxhod.";"Oksehovede"
"6757";"Oxhod.r";"Oksehovede"
"6758";"Oxhode";"Oksehovede"
"6759";"Oxhode halfud";"Oksehovede, Halve"
"6760";"Oxhode.";"Oksehovede"
"6761";"Oxhodeder";"Oksehovede"
"6762";"Oxhoden";"Oksehovede"
"6763";"Oxhoden.";"Oksehovede"
"6764";"Oxhoder";"Oksehovede"
"6765";"Oxhøder";"Oksehovede"
"6766";"Oxhoder.";"Oksehovede"
"6767";"Oxhodffd";"Oksehovede"
"6768";"Oxhodn";"Oksehovede"
"6769";"Oxhodn.";"Oksehovede"
"6770";"Oxhodr";"Oksehovede"
"6771";"Oxhodr.";"Oksehovede"
"6772";"Oxhodt";"Oksehovede"
"6773";"Oxhodtrit";"Oksehovede"
"6774";"Oxhodv.";"Oksehovede"
"6775";"Oxhoe.";"Oksehovede"
"6776";"Oxhoed";"Oksehovede"
"6777";"Oxhoed.";"Oksehovede"
"6778";"Oxhoede";"Oksehovede"
"6779";"Oxhoeder";"Oksehovede"
"6780";"Oxhoeder.";"Oksehovede"
"6781";"Oxhoedet";"Oksehovede"
"6782";"Oxhoedt";"Oksehovede"
"6783";"Oxhoeffueder";"Oksehovede"
"6784";"Oxhoeffuidt";"Oksehovede"
"6785";"Oxhoeffuit";"Oksehovede"
"6786";"Oxhoeffuitt";"Oksehovede"
"6787";"Oxhoett";"Oksehovede"
"6788";"Oxhof";"Oksehovede"
"6789";"Oxhof.";"Oksehovede"
"6790";"Oxhofd";"Oksehovede"
"6791";"Oxhofd.";"Oksehovede"
"6792";"Øxhofd.";"Oksehovede"
"6793";"Oxhofdder";"Oksehovede"
"6794";"Oxhofde";"Oksehovede"
"6795";"Oxhofde.";"Oksehovede"
"6796";"Oxhofden";"Oksehovede"
"6797";"Oxhofden.";"Oksehovede"
"6798";"Oxhofder";"Oksehovede"
"6799";"Oxhofder Halfve";"Oksehovede, Halve"
"6800";"Oxhofder.";"Oksehovede"
"6801";"Oxhofders";"Oksehovede"
"6802";"Oxhofdfe.";"Oksehovede"
"6803";"Oxhofdr";"Oksehovede"
"6804";"Oxhofdr.";"Oksehovede"
"6805";"Oxhofduidt";"Oksehovede"
"6806";"Oxhofdv.";"Oksehovede"
"6807";"Oxhofe";"Oksehovede"
"6808";"Oxhofe.";"Oksehovede"
"6809";"Oxhofed";"Oksehovede"
"6810";"Oxhofed.";"Oksehovede"
"6811";"Oxhofede";"Oksehovede"
"6812";"Oxhofede.";"Oksehovede"
"6813";"Oxhofeder";"Oksehovede"
"6814";"Oxhofeede";"Oksehovede"
"6815";"Oxhofeeder";"Oksehovede"
"6816";"Oxhofen";"Oksehovede"
"6817";"Oxhofer";"Oksehovede"
"6818";"Oxhofer.";"Oksehovede"
"6819";"Oxhoferder";"Oksehovede"
"6820";"Oxhoff";"Oksehovede"
"6821";"Oxhoff.";"Oksehovede"
"6822";"Oxhoffd";"Oksehovede"
"6823";"Oxhoffd.";"Oksehovede"
"6824";"Oxhoffde";"Oksehovede"
"6825";"Oxhoffdee";"Oksehovede"
"6826";"Oxhoffden";"Oksehovede"
"6827";"Oxhoffder";"Oksehovede"
"6828";"Oxhoffder.";"Oksehovede"
"6829";"Oxhoffdit";"Oksehovede"
"6830";"Oxhoffdr.";"Oksehovede"
"6831";"Oxhoffdt";"Oksehovede"
"6832";"Oxhoffe";"Oksehovede"
"6833";"Oxhoffe.";"Oksehovede"
"6834";"Oxhoffed";"Oksehovede"
"6835";"Oxhoffede";"Oksehovede"
"6836";"Oxhoffeder";"Oksehovede"
"6837";"Oxhoffedt";"Oksehovede"
"6838";"Oxhoffeidt";"Oksehovede"
"6839";"Oxhoffeit";"Oksehovede"
"6840";"Oxhoffer";"Oksehovede"
"6841";"Oxhofferd";"Oksehovede"
"6842";"Oxhofferder";"Oksehovede"
"6843";"Oxhofferdt";"Oksehovede"
"6844";"Oxhoffert";"Oksehovede"
"6845";"Oxhoffet";"Oksehovede"
"6846";"Oxhoffeud";"Oksehovede"
"6847";"Oxhoffeuder";"Oksehovede"
"6848";"Oxhoffeudt";"Oksehovede"
"6849";"Oxhoffeuitt";"Oksehovede"
"6850";"Oxhofff";"Oksehovede"
"6851";"Oxhofffd";"Oksehovede"
"6852";"Oxhofffder";"Oksehovede"
"6853";"Oxhofffuider";"Oksehovede"
"6854";"Oxhofffuidt";"Oksehovede"
"6855";"Oxhoffidt";"Oksehovede"
"6856";"Oxhoffiedt";"Oksehovede"
"6857";"Oxhoffind";"Oksehovede"
"6858";"Oxhoffindt";"Oksehovede"
"6859";"Oxhoffint";"Oksehovede"
"6860";"Oxhoffintt";"Oksehovede"
"6861";"Oxhoffit";"Oksehovede"
"6862";"Oxhoffiud";"Oksehovede"
"6863";"Oxhoffiudt";"Oksehovede"
"6864";"Oxhoffiuid";"Oksehovede"
"6865";"Oxhoffiut";"Oksehovede"
"6866";"Oxhoffneder";"Oksehovede"
"6867";"Oxhoffnit";"Oksehovede"
"6868";"Oxhoffr.";"Oksehovede"
"6869";"Oxhoffsuid";"Oksehovede"
"6870";"Oxhofft";"Oksehovede"
"6871";"Oxhøfft";"Oksehovede"
"6872";"Oxhofft.";"Oksehovede"
"6873";"Oxhoffte";"Oksehovede"
"6874";"Oxhoffter";"Oksehovede"
"6875";"Oxhofftt";"Oksehovede"
"6876";"Oxhofftuer";"Oksehovede"
"6877";"Oxhofftutt";"Oksehovede"
"6878";"Oxhoffud";"Oksehovede"
"6879";"Oxhoffude";"Oksehovede"
"6880";"Oxhoffuder";"Oksehovede"
"6881";"Oxhoffudt";"Oksehovede"
"6882";"Oxhoffued";"Oksehovede"
"6883";"Øxhoffued";"Oksehovede"
"6884";"Oxhoffued.";"Oksehovede"
"6885";"Oxhoffuede";"Oksehovede"
"6886";"Oxhoffueder";"Oksehovede"
"6887";"Øxhoffueder";"Oksehovede"
"6888";"Oxhoffuedt";"Oksehovede"
"6889";"Oxhøffuedt";"Oksehovede"
"6890";"Oxhoffuefer";"Oksehovede"
"6891";"Oxhoffuendt";"Oksehovede"
"6892";"Oxhoffuer";"Oksehovede"
"6893";"Oxhoffuer.";"Oksehovede"
"6894";"Oxhoffuerd";"Oksehovede"
"6895";"Oxhoffuerde";"Oksehovede"
"6896";"Oxhoffuerder";"Oksehovede"
"6897";"Oxhoffuet";"Oksehovede"
"6898";"Oxhoffuett";"Oksehovede"
"6899";"Oxhoffuid";"Oksehovede"
"6900";"Oxhoffuide";"Oksehovede"
"6901";"Oxhoffuidt";"Oksehovede"
"6902";"Oxhoffuidtt";"Oksehovede"
"6903";"Oxhoffuieder";"Oksehovede"
"6904";"Oxhoffuiet";"Oksehovede"
"6905";"Oxhoffuiit";"Oksehovede"
"6906";"Oxhoffuis";"Oksehovede"
"6907";"Oxhoffuist";"Oksehovede"
"6908";"Oxhoffuit";"Oksehovede"
"6909";"Oxhoffuitdt";"Oksehovede"
"6910";"Oxhoffuitt";"Oksehovede"
"6911";"Oxhøffuitt";"Oksehovede"
"6912";"Oxhoffund";"Oksehovede"
"6913";"Oxhoffundt";"Oksehovede"
"6914";"Oxhoffurder";"Oksehovede"
"6915";"Oxhoffurdir";"Oksehovede"
"6916";"Oxhoffurt";"Oksehovede"
"6917";"Oxhoffuuder";"Oksehovede"
"6918";"Oxhoffveder";"Oksehovede"
"6919";"Oxhoffvidt";"Oksehovede"
"6920";"Oxhoffvit";"Oksehovede"
"6921";"Oxhoffvitt";"Oksehovede"
"6922";"Oxhofoeder";"Oksehovede"
"6923";"Oxhofr.";"Oksehovede"
"6924";"Oxhofreder";"Oksehovede"
"6925";"Oxhofs";"Oksehovede"
"6926";"Oxhofs.";"Oksehovede"
"6927";"Oxhoft";"Oksehovede"
"6928";"Oxhoft.";"Oksehovede"
"6929";"Oxhoftd";"Oksehovede"
"6930";"Oxhoftden";"Oksehovede"
"6931";"Oxhoftder";"Oksehovede"
"6932";"Oxhofte";"Oksehovede"
"6933";"Oxhofter";"Oksehovede"
"6934";"Oxhoftt";"Oksehovede"
"6935";"Oxhoftt.";"Oksehovede"
"6936";"Oxhofuet";"Oksehovede"
"6937";"Oxhofuidt";"Oksehovede"
"6938";"Oxhofuit";"Oksehovede"
"6939";"Oxhofuitt";"Oksehovede"
"6940";"Oxhofust";"Oksehovede"
"6941";"Oxhofut.";"Oksehovede"
"6942";"Oxhofv";"Oksehovede"
"6943";"Oxhofv.";"Oksehovede"
"6944";"Oxhofvd.";"Oksehovede"
"6945";"Oxhofve.";"Oksehovede"
"6946";"Oxhofved";"Oksehovede"
"6947";"Oxhofved.";"Oksehovede"
"6948";"Oxhofvede";"Oksehovede"
"6949";"Oxhofveder";"Oksehovede"
"6950";"Oxhofvet";"Oksehovede"
"6951";"Oxhofvfeder";"Oksehovede"
"6952";"Oxhofvidt";"Oksehovede"
"6953";"Oxhohdv.";"Oksehovede"
"6954";"Oxhohffder";"Oksehovede"
"6955";"Oxhohhder";"Oksehovede"
"6956";"Oxhohv.";"Oksehovede"
"6957";"Oxhold";"Oksehovede"
"6958";"Øxhood.";"Oksehovede"
"6959";"Oxhooder";"Oksehovede"
"6960";"Oxhooeder";"Oksehovede"
"6961";"Oxhoofd";"Oksehovede"
"6962";"Oxhoofd.";"Oksehovede"
"6963";"Oxhooffe";"Oksehovede"
"6964";"Oxhor.";"Oksehovede"
"6965";"Oxhorden.";"Oksehovede"
"6966";"Oxhorder";"Oksehovede"
"6967";"Oxhot";"Oksehovede"
"6968";"Oxhotder";"Oksehovede"
"6969";"Oxhoued";"Oksehovede"
"6970";"Oxhouede";"Oksehovede"
"6971";"Oxhoueder";"Oksehovede"
"6972";"Oxhouer";"Oksehovede"
"6973";"Oxhouet";"Oksehovede"
"6974";"Oxhouffder";"Oksehovede"
"6975";"Oxhouffdt";"Oksehovede"
"6976";"Oxhouffuider";"Oksehovede"
"6977";"Oxhouffuidt";"Oksehovede"
"6978";"Oxhouffundt";"Oksehovede"
"6979";"Oxhouider";"Oksehovede"
"6980";"Oxhouidt";"Oksehovede"
"6981";"Oxhouiitt";"Oksehovede"
"6982";"Oxhouir";"Oksehovede"
"6983";"Oxhouit";"Oksehovede"
"6984";"Oxhouitt";"Oksehovede"
"6985";"Oxhov";"Oksehovede"
"6986";"Oxhov.";"Oksehovede"
"6987";"Oxhovd";"Oksehovede"
"6988";"Oxhovd.";"Oksehovede"
"6989";"Oxhovde";"Oksehovede"
"6990";"Oxhovde.";"Oksehovede"
"6991";"Oxhovden";"Oksehovede"
"6992";"Oxhovder";"Oksehovede"
"6993";"Oxhovder.";"Oksehovede"
"6994";"Oxhovdr";"Oksehovede"
"6995";"Oxhovdr.";"Oksehovede"
"6996";"Oxhoved";"Oksehovede"
"6997";"Oxhøved";"Oksehovede"
"6998";"Oxhoved.";"Oksehovede"
"6999";"Oxhovede";"Oksehovede"
"7000";"Oxhoveder";"Oksehovede"
"7001";"Oxhover";"Oksehovede"
"7002";"Oxhovet";"Oksehovede"
"7003";"Oxhovf";"Oksehovede"
"7004";"Oxhovfed";"Oksehovede"
"7005";"Oxhovn";"Oksehovede"
"7006";"Oxhr.";"Oksehovede"
"7007";"Oxhsehoff";"Oksehovede"
"7008";"Oxhsehoffd";"Oksehovede"
"7009";"Oxhsehoffder";"Oksehovede"
"7010";"Oxhsehofft";"Oksehovede"
"7011";"Oxhshoffder";"Oksehovede"
"7012";"Oxhstehoffder";"Oksehovede"
"7013";"Oxht";"Oksehovede"
"7014";"Oxhthoffder";"Oksehovede"
"7015";"Oxhud.";"Oksehovede"
"7016";"Oxhude";"Oksehovede"
"7017";"Oxhuder";"Oksehovede"
"7018";"Oxhudr.";"Oksehovede"
"7019";"Oxhuffuett";"Oksehovede"
"7020";"Oxhuffuidt";"Oksehovede"
"7021";"Oxhuffuitt";"Oksehovede"
"7022";"Oxhv.";"Oksehovede"
"7023";"Oxhvd.";"Oksehovede"
"7024";"Oxhvde";"Oksehovede"
"7025";"Oxhvde.";"Oksehovede"
"7026";"Oxhvder";"Oksehovede"
"7027";"Oxhvder.";"Oksehovede"
"7028";"Oxhvdr.";"Oksehovede"
"7029";"Oxhve.";"Oksehovede"
"7030";"Oxhved.";"Oksehovede"
"7031";"Oxhvede";"Oksehovede"
"7032";"Oxhveder";"Oksehovede"
"7033";"Oxhvedr.";"Oksehovede"
"7034";"Oxhvoved";"Oksehovede"
"7035";"Oxhvvde";"Oksehovede"
"7036";"Oxlehoffueder";"Oksehovede"
"7037";"Oxlehov.";"Oksehovede"
"7038";"Oxlehovede";"Oksehovede"
"7039";"Oxode.";"Oksehovede"
"7040";"Oxoffuet";"Oksehovede"
"7041";"Oxohfder";"Oksehovede"
"7042";"Oxohouffdt";"Oksehovede"
"7043";"Oxr";"Oksehovede"
"7044";"Oxr.";"Oksehovede"
"7045";"Oxrhod";"Oksehovede"
"7046";"Oxrhoed.";"Oksehovede"
"7047";"Oxschefft";"Oksehovede"
"7048";"Oxschehoffder";"Oksehovede"
"7049";"Oxschoffder";"Oksehovede"
"7050";"Oxschofft";"Oksehovede"
"7051";"Oxschoffued";"Oksehovede"
"7052";"Oxschoffueder";"Oksehovede"
"7053";"Oxschoffund";"Oksehovede"
"7054";"Oxschoffunde";"Oksehovede"
"7055";"Oxse.";"Oksehovede"
"7056";"Oxseffueder";"Oksehovede"
"7057";"Oxseh.";"Oksehovede"
"7058";"Oxsehaffder";"Oksehovede"
"7059";"Oxsehaffueder";"Oksehovede"
"7060";"Oxsehdr.";"Oksehovede"
"7061";"Oxseheffe";"Oksehovede"
"7062";"Oxsehffd";"Oksehovede"
"7063";"Oxsehod";"Oksehovede"
"7064";"Oxsehode";"Oksehovede"
"7065";"Oxsehoder";"Oksehovede"
"7066";"Oxsehoeder";"Oksehovede"
"7067";"Oxsehof.";"Oksehovede"
"7068";"Oxsehofder";"Oksehovede"
"7069";"Oxsehofdr.";"Oksehovede"
"7070";"Oxsehoff";"Oksehovede"
"7071";"Oxsehoff.";"Oksehovede"
"7072";"Oxsehoffd";"Oksehovede"
"7073";"Oxsehoffd.";"Oksehovede"
"7074";"Oxsehoffde";"Oksehovede"
"7075";"Oxsehoffder";"Oksehovede"
"7076";"Oxsehoffdt";"Oksehovede"
"7077";"Oxsehoffdtr";"Oksehovede"
"7078";"Oxsehoffe";"Oksehovede"
"7079";"Oxsehoffeuder";"Oksehovede"
"7080";"Oxsehofft";"Oksehovede"
"7081";"Oxsehofft.";"Oksehovede"
"7082";"Oxsehoffter";"Oksehovede"
"7083";"Oxsehoffude";"Oksehovede"
"7084";"Oxsehoffuder";"Oksehovede"
"7085";"Oxsehoffued";"Oksehovede"
"7086";"Oxsehoffued.";"Oksehovede"
"7087";"Oxsehoffuede";"Oksehovede"
"7088";"Oxsehoffueder";"Oksehovede"
"7089";"Oxsehoffuedt";"Oksehovede"
"7090";"Oxsehøffuedt";"Oksehovede"
"7091";"Oxsehoffuer";"Oksehovede"
"7092";"Oxsehoffuerd";"Oksehovede"
"7093";"Oxsehoffuet";"Oksehovede"
"7094";"Oxsehoffuid";"Oksehovede"
"7095";"Oxsehoffuide";"Oksehovede"
"7096";"Oxsehoffuidt";"Oksehovede"
"7097";"Oxsehoffuit";"Oksehovede"
"7098";"Oxsehoffurt";"Oksehovede"
"7099";"Oxsehoft";"Oksehovede"
"7100";"Oxsehoofd";"Oksehovede"
"7101";"Oxsehoofde";"Oksehovede"
"7102";"Oxsehouede";"Oksehovede"
"7103";"Oxsehoueder";"Oksehovede"
"7104";"Oxsehoufder";"Oksehovede"
"7105";"Oxsehov.";"Oksehovede"
"7106";"Oxsehovd";"Oksehovede"
"7107";"Oxsehoved.";"Oksehovede"
"7108";"Oxsehovede";"Oksehovede"
"7109";"Oxsehovede.";"Oksehovede"
"7110";"Oxsehoveder";"Oksehovede"
"7111";"Oxsehoveed";"Oksehovede"
"7112";"Oxsehowet";"Oksehovede"
"7113";"Oxsehued";"Oksehovede"
"7114";"Oxsehved.";"Oksehovede"
"7115";"Oxsen";"Oksehovede"
"7116";"Oxserhoffueder";"Oksehovede"
"7117";"Oxsh.";"Oksehovede"
"7118";"Oxshfd.";"Oksehovede"
"7119";"Oxshof.";"Oksehovede"
"7120";"Oxshoffd";"Oksehovede"
"7121";"Oxshoffde.";"Oksehovede"
"7122";"Oxshoffder";"Oksehovede"
"7123";"Oxshoffdt";"Oksehovede"
"7124";"Oxshofft";"Oksehovede"
"7125";"Oxshoffued";"Oksehovede"
"7126";"Oxshoffuede";"Oksehovede"
"7127";"Oxshoffueder";"Oksehovede"
"7128";"Oxshoffuid";"Oksehovede"
"7129";"Oxshoffuidz";"Oksehovede"
"7130";"Oxshov";"Oksehovede"
"7131";"Oxshoved";"Oksehovede"
"7132";"Oxshoveder";"Oksehovede"
"7133";"Oxss.";"Oksehovede"
"7134";"Oxssehaffd.";"Oksehovede"
"7135";"Oxsseheder";"Oksehovede"
"7136";"Oxssehfft";"Oksehovede"
"7137";"Oxssehod";"Oksehovede"
"7138";"Oxssehod.";"Oksehovede"
"7139";"Oxssehodder";"Oksehovede"
"7140";"Oxssehoder";"Oksehovede"
"7141";"Oxssehoed";"Oksehovede"
"7142";"Oxssehoed.";"Oksehovede"
"7143";"Oxssehoeder";"Oksehovede"
"7144";"Oxssehoeffendt";"Oksehovede"
"7145";"Oxssehofd.";"Oksehovede"
"7146";"Oxssehofder";"Oksehovede"
"7147";"Oxssehoff";"Oksehovede"
"7148";"Oxssehoff.";"Oksehovede"
"7149";"Oxssehoffd";"Oksehovede"
"7150";"Øxssehoffd";"Oksehovede"
"7151";"Oxssehoffde";"Oksehovede"
"7152";"Oxssehoffden";"Oksehovede"
"7153";"Oxssehoffder";"Oksehovede"
"7154";"Oxssehoffdt";"Oksehovede"
"7155";"Oxssehoffe";"Oksehovede"
"7156";"Oxssehoffed";"Oksehovede"
"7157";"Oxssehoffeder";"Oksehovede"
"7158";"Oxssehoffer";"Oksehovede"
"7159";"Oxssehoffeved";"Oksehovede"
"7160";"Oxssehofft";"Oksehovede"
"7161";"Oxssehofft.";"Oksehovede"
"7162";"Oxssehoffte";"Oksehovede"
"7163";"Oxssehoffued";"Oksehovede"
"7164";"Oxssehoffuede";"Oksehovede"
"7165";"Oxssehoffueden";"Oksehovede"
"7166";"Oxssehoffueder";"Oksehovede"
"7167";"Oxssehoffuedt";"Oksehovede"
"7168";"Oxssehoffuid";"Oksehovede"
"7169";"Oxssehoffuidt";"Oksehovede"
"7170";"Oxssehoffuit";"Oksehovede"
"7171";"Oxssehoffuitt";"Oksehovede"
"7172";"Oxssehoffwed";"Oksehovede"
"7173";"Oxssehouffder";"Oksehovede"
"7174";"Oxssehovet";"Oksehovede"
"7175";"Oxssenn";"Oksehovede"
"7176";"Oxsser";"Oksehovede"
"7177";"Oxsshoff";"Oksehovede"
"7178";"Oxsshoff.";"Oksehovede"
"7179";"Oxsshoffd";"Oksehovede"
"7180";"Oxsshoffde.";"Oksehovede"
"7181";"Oxsshud";"Oksehovede"
"7182";"Oxssohoffd.";"Oksehovede"
"7183";"Oxssøhofft";"Oksehovede"
"7184";"Oxst.";"Oksehovede"
"7185";"Oxste";"Oksehovede"
"7186";"Oxstehoffd";"Oksehovede"
"7187";"Oxstehoffde";"Oksehovede"
"7188";"Oxstehoffder";"Oksehovede"
"7189";"Oxstehoffte";"Oksehovede"
"7190";"Oxstehoffter";"Oksehovede"
"7191";"Oxstehoffueder";"Oksehovede"
"7192";"Oxsthoffueder";"Oksehovede"
"7193";"Oxtehoffder";"Oksehovede"
"7194";"Oxthed";"Oksehovede"
"7195";"Oxthend";"Oksehovede"
"7196";"Oxthod";"Oksehovede"
"7197";"Oxthond";"Oksehovede"
"7198";"Oxv.";"Oksehovede"
"7199";"Oxved.";"Oksehovede"
"7200";"Oxxehoffder";"Oksehovede"
"7201";"Oxxhoder";"Oksehovede"
"7202";"Oxxhofder";"Oksehovede"
"7203";"Oxxs.";"Oksehovede"
"7204";"Oxxsehoffued";"Oksehovede"
"7205";"Oxzehod.";"Oksehovede"
"7206";"Oxzhod";"Oksehovede"
"7207";"Oxzhod.";"Oksehovede"
"7208";"Oxzhoffd";"Oksehovede"
"7209";"Oybd";"Oksehovede"
"7210";"Ozehøefftt";"Oksehovede"
"7211";"P";"Pund"
"7212";"P.";"Pud"
"7213";"Paacher";"Pakke"
"7214";"Paack";"Pakke"
"7215";"Paacke";"Pakke"
"7216";"Paacker";"Pakke"
"7217";"Paahr";"Par"
"7218";"Paake";"Pakke"
"7219";"Paaker";"Pakke"
"7220";"Paalsk Gylden";"Gylden, Paalsk"
"7221";"Paar";"Par"
"7222";"Paard";"En part"
"7223";"Paardt";"En part"
"7224";"Paare";"Par"
"7225";"Paart";"En part"
"7226";"Paccke";"Pakke"
"7227";"Paccke och faedtt";"Pakke"
"7228";"Paccken";"Pakke"
"7229";"Paccker";"Pakke"
"7230";"Paccker hallfue";"Pakke, Halve"
"7231";"Paccker och Faedtt";"Pakke"
"7232";"Paccker och Faedtt";"Fad"
"7233";"Pacckn";"Pakke"
"7234";"Pach";"Pakke"
"7235";"Pach Fadde";
"7236";"Pach och kister";"Pakke"
"7237";"Pach och kister";"Kiste"
"7238";"Pache";"Pakke"
"7239";"Pacheder";"Pakke"
"7240";"Pachen";"Pakke"
"7241";"Pacher";"Pakke"
"7242";"Pacher och Fade";"Pakke"
"7243";"Pacheten";"Pakke"
"7244";"Pach-r";"Pakke"
"7245";"Pacht";"Pakke"
"7246";"Pacje";"Pakke"
"7247";"Pack";"Pakke"
"7248";"Pack eller faad";"Pakke"
"7249";"Pack fade";"Pakke"
"7250";"Pack Fat";"Pakke"
"7251";"Pack.";"Pakke"
"7252";"Pack.r";"Pakke"
"7253";"Packe";"Pakke"
"7254";"Packe och Fade";"Pakke"
"7255";"Packe och Fade";"Fad"
"7256";"Packe och Kasser";"Pakke"
"7257";"Packe och Kasser";"Casser"
"7258";"Packe och Kiste";"Pakke"
"7259";"Packe och Kiste";"Kiste"
"7260";"Packe och kister";"Pakke"
"7261";"Packe och kister";"Kiste"
"7262";"Packe.";"Pakke"
"7263";"Packeir";"Pakke"
"7264";"Packen";"Pakke"
"7265";"Packenn";"Pakke"
"7266";"Packer";"Pakke"
"7267";"Packer och Cabineter";"Pakke"
"7268";"Packer och Cabineter";"Cabinet"
"7269";"Packer och fadde";"Pakke"
"7270";"Packer och fadde";"Fad"
"7271";"Packer och fadtt";"Pakke"
"7272";"Packer och fadtt";"Fad"
"7273";"Packer och faedtt";"Pakke"
"7274";"Packer och faedtt";"Fad"
"7275";"Packer och Hallffue fadtt";"Pakke"
"7276";"Packer och Hallffue fadtt";"Fad, Halve"
"7277";"Packer och kaser";"Pakke"
"7278";"Packer och kaser";"Casser"
"7279";"Packer och kasser";"Pakke"
"7280";"Packer och kasser";"Casser"
"7281";"Packer och kiister";"Pakke"
"7282";"Packer och kiister";"Kiste"
"7283";"Packer och kister";"Pakke"
"7284";"Packer och kister";"Kiste"
"7285";"Packer og bahler";"Pakke"
"7286";"Packer og bahler";"Balle"
"7287";"Packer og baller";"Pakke"
"7288";"Packer og baller";"Balle"
"7289";"Packer og Casser";"Pakke"
"7290";"Packer og Casser";"Casser"
"7291";"Packer og kasser";"Pakke"
"7292";"Packer og kasser";"Casser"
"7293";"Packer og kister";"Pakke"
"7294";"Packer og kister";"Kiste"
"7295";"Packerd";"Pakke"
"7296";"Packere";"Pakke"
"7297";"Packet fad";"Pakke"
"7298";"Packett";"Pakke"
"7299";"Packh";"Pakke"
"7300";"Packhe";"Pakke"
"7301";"Packher";"Pakke"
"7302";"Packher och casser";"Pakke"
"7303";"Packher och casser";"Casser"
"7304";"Packher, tønder, corffuer och fader etc.";"Pakke"
"7305";"Packher, tønder, corffuer och fader etc.";"Tønde"
"7306";"Packher, tønder, corffuer och fader etc.";"Kurv"
"7307";"Packher, tønder, corffuer och fader etc.";"Fad"
"7308";"Packhkister";"Kiste"
"7309";"Packier";"Pakke"
"7310";"Packier och faid";"Pakke"
"7311";"Packier och faid";"Fad"
"7312";"Packies";"Pakke"
"7313";"Packir";"Pakke"
"7314";"Packister";"Kiste"
"7315";"Packj";"Pakke"
"7316";"Packjes";"Pakke"
"7317";"Packke";"Pakke"
"7318";"Packker";"Pakke"
"7319";"Packkersig";"Pakke"
"7320";"Packlen";"Pakke"
"7321";"Packler";"Pakke"
"7322";"Packr";"Pakke"
"7323";"Pack-r";"Pakke"
"7324";"Packshen";"Pakke"
"7325";"Packsher";"Pakke"
"7326";"Packskener";"Pakke"
"7327";"Pacq.";"Pakke"
"7328";"Pacque";"Pakke"
"7329";"Pacquer";"Pakke"
"7330";"Pacquer og kuferter";"Kurv"
"7331";"Pacquer og kuferter";"Pakke"
"7332";"Pacquer, Kuferter og Casser";"Casser"
"7333";"Pacquer, Kuferter og Casser";"Kurv"
"7334";"Pacquer, Kuferter og Casser";"Pakke"
"7335";"Pacquet";"Pakke"
"7336";"Pacqueter";"Pakke"
"7337";"Pacqver";"Pakke"
"7338";"Pacqver og Kasse";"Casser"
"7339";"Pacqver og Kasse";"Pakke"
"7340";"Paeccker";"Pakke"
"7341";"Paeck";"Pakke"
"7342";"Paeck.";"Pakke"
"7343";"Paecke";"Pakke"
"7344";"Pæcke";"Pakke"
"7345";"Paecker";"Pakke"
"7346";"Pæcker";"Pakke"
"7347";"Paecker och fadtt";"Pakke"
"7348";"Paecker och fadtt";"Fad"
"7349";"Paecker och faedtt";"Pakke"
"7350";"Paecker och faedtt";"Fad"
"7351";"Paecker och kramfadtt";"Pakke"
"7352";"Paecker och kramfadtt";"Kramfad"
"7353";"Paeckett";"Pakke"
"7354";"Paeckr";"Pakke"
"7355";"Paeek";"Pakke"
"7356";"Pæk";"Pakke"
"7357";"Pæke";"Pakke"
"7358";"Paeke";"Pakke"
"7359";"Paeker";"Pakke"
"7360";"Pæker";"Pakke"
"7361";"Paekher";"Pakke"
"7362";"Pække";"Pakke"
"7363";"Pækker";"Pakke"
"7364";"Paele";"Balle"
"7365";"Paeques";"Pakke"
"7366";"Paer";"Par"
"7367";"Pærheler";"Perseler"
"7368";"Paguer";"Pakke"
"7369";"Paher";"Pakke"
"7370";"Pahr";"Par"
"7371";"Pahrthi";"Parti"
"7372";"Paiche";"Pakke"
"7373";"Paick";"Pakke"
"7374";"Paicke";"Pakke"
"7375";"Paicker";"Pakke"
"7376";"Paickir";"Pakke"
"7377";"Paiicke";"Pakke"
"7378";"Paiickir";"Pakke"
"7379";"Pak";"Pakke"
"7380";"Pak kiste";"Kiste"
"7381";"Pakchener";"Pakke"
"7382";"Pake";"Pakke"
"7383";"Paker";"Pakke"
"7384";"Paker en Kasse";"Pakke"
"7385";"Paker en Kasse";"Casser"
"7386";"Pakk";"Pakke"
"7387";"Pakk.";"Pakke"
"7388";"Pakke";"Pakke"
"7389";"Pakke og Sæk";"Pakke"
"7390";"Pakke og Sæk";"Sæk"
"7391";"Pakken";"Pakke"
"7392";"Pakker";"Pakke"
"7393";"Pakker och kram fad";"Pakke"
"7394";"Pakker och kram fad";"Kramfad"
"7395";"Pakker og matter";"Pakke"
"7396";"Pakker og matter";"Malter"
"7397";"Pakker og sækker";"Pakke"
"7398";"Pakker og sækker";"Sæk"
"7399";"Pakkister";"Kiste"
"7400";"Pakkr.";"Pakke"
"7401";"Pakkser";"Pakke"
"7402";"Pakr";"Pakke"
"7403";"Pale";"Balle"
"7404";"Palle";"Balle"
"7405";"Paller";"Balle"
"7406";"Palm";"Palm"
"7407";"Palmer";"Palm"
"7408";"Pande";
"7409";"Paneidter";
"7410";"Panhe";"Pakke"
"7411";"Panncke";"Pakke"
"7412";"Paqr.";"Pakke"
"7413";"Paqrs.";"Pakke"
"7414";"Paquer";"Pakke"
"7415";"Paqueter";"Pakke"
"7416";"Paqun";"Pakke"
"7417";"Par";"Par"
"7418";"Par.";"Par"
"7419";"Parcher";"Pakke"
"7420";"Pard";"En part"
"7421";"Pardt";"En part"
"7422";"Pardtt";"En part"
"7423";"Pare";"Par"
"7424";"Pares";"Par"
"7425";"Parke";"Pakke"
"7426";"Parker";"Pakke"
"7427";"Parkher";"Pakke"
"7428";"Parr";"Par"
"7429";"Parr.";"Par"
"7430";"Parre";"Par"
"7431";"Pars";"Par"
"7432";"Parsedler";"Perseler"
"7433";"Parsioner";"Puncheon"
"7434";"Part";"En part"
"7435";"Part.";"En part"
"7436";"Parte";"Parti"
"7437";"Parten";"Parti"
"7438";"Parter";"Parti"
"7439";"Partey";"Parti"
"7440";"Parth";"Parti"
"7441";"Parthe";"Parti"
"7442";"Parthey";"Parti"
"7443";"Parthi";"Parti"
"7444";"Parthie";"Parti"
"7445";"Parthj";"Parti"
"7446";"Parthy";"Parti"
"7447";"Parti";"Parti"
"7448";"Partie";"Parti"
"7449";"Partier";"Parti"
"7450";"Partii";"Parti"
"7451";"Partiie";"Parti"
"7452";"Partij";"Parti"
"7453";"Partilche";"Parti"
"7454";"Partir";"Parti"
"7455";"Partj";"Parti"
"7456";"Partje";"Parti"
"7457";"Partt";"Parti"
"7458";"Partte";"Parti"
"7459";"Partter";"Parti"
"7460";"Partterenn";"Parti"
"7461";"Partti";"Parti"
"7462";"Parttie";"Parti"
"7463";"Parttkens";"Parti"
"7464";"Party";"Parti"
"7465";"Partye";"Parti"
"7466";"Paser";"Pakke"
"7467";"Patin";
"7468";"Pb.";"Pibe"
"7469";"Pballer";"Balle"
"7470";"Pbe";"Pibe"
"7471";"Pber";"Pibe"
"7472";"Pbr";"Pibe"
"7473";"Pbr.";"Pibe"
"7474";"Pche";"Pakke"
"7475";"Pche.";"Pakke"
"7476";"Pchtt";"Pakke"
"7477";"Pchtt.";"Pakke"
"7478";"Pd";"Pund"
"7479";"Pd-";"Pund"
"7480";"P-d";"Pund"
"7481";"Pd.";"Pud"
"7482";"Pdr.";"Pund"
"7483";"Pds";"Pund"
"7484";"Pds.";"Pund"
"7485";"Pdt";"Pund"
"7486";"Pdt.";"Pund"
"7487";"P-dtt";"Pund"
"7488";"Pdtt.";"Pund"
"7489";"Peacker";"Pakke"
"7490";"Pebbe";"Pibe"
"7491";"Pebber";"Pibe"
"7492";"Pebe";"Pibe"
"7493";"Peben";"Pibe"
"7494";"Peber";"Pibe"
"7495";"Pecheller";"Perseler"
"7496";"Peck";"Pakke"
"7497";"Pecke";"Pakke"
"7498";"Pecker";"Pakke"
"7499";"Peeber";"Pibe"
"7500";"Peiber";"Pibe"
"7501";"Pendtsioner";"Puncheon"
"7502";"Pensioner";"Puncheon"
"7503";"Pensionn";"Puncheon"
"7504";"Penssioen";"Puncheon"
"7505";"Penssioner";"Puncheon"
"7506";"Per";"Par"
"7507";"Per.";"Par"
"7508";"Percele";"Perseler"
"7509";"Perceler";"Perseler"
"7510";"Perceller";"Perseler"
"7511";"Perschler";"Perseler"
"7512";"Persedeler";"Perseler"
"7513";"Persedler";"Perseler"
"7514";"Perseeler";"Perseler"
"7515";"Persehler";"Perseler"
"7516";"Persehler og Fustagier";"Fustage"
"7517";"Persehler og Fustagier";"Perseler"
"7518";"Persel.";"Perseler"
"7519";"Perseler";"Perseler"
"7520";"Perseller";"Perseler"
"7521";"Persilla";"Perseler"
"7522";"Perss.";"Perseler"
"7523";"Peuer";"Pibe"
"7524";"Pexken";"Pakke"
"7525";"Pf.";"Pund"
"7526";"Pfund";"Pund"
"7527";"Pfundt";"Pund"
"7528";"Pfuntt";"Pund"
"7529";"Pgt.";"Pignatello"
"7530";"Phacke";"Pakke"
"7531";"Phibe";"Pibe"
"7532";"Phr.";"Par"
"7533";"Pib";"Pibe"
"7534";"Pib.";"Pibe"
"7535";"Pib. og booten";"Botte"
"7536";"Pib. og booten";"Pibe"
"7537";"Pibb";"Pibe"
"7538";"Pibb.";"Pibe"
"7539";"Pibbe";"Pibe"
"7540";"Pibbe oh oxhode";"Pibe"
"7541";"Pibbe oh oxhode";"Oksehovede"
"7542";"Pibben";"Pibe"
"7543";"Pibber";"Pibe"
"7544";"Pibbn";"Pibe"
"7545";"Pibe";"Pibe"
"7546";"Pibe och Qrt.";"Pibe"
"7547";"Pibe och Qrt.";"Quardel"
"7548";"Pibe og booter";"Botte"
"7549";"Pibe og booter";"Pibe"
"7550";"Pibe og boter";"Pibe"
"7551";"Pibe og boter";"Botte"
"7552";"Pibe.";"Pibe"
"7553";"Pibee";"Pibe"
"7554";"Pibeer";"Pibe"
"7555";"Piben";"Pibe"
"7556";"Pibenn";"Pibe"
"7557";"Piber";"Pibe"
"7558";"Piber oc bolter";"Pibe"
"7559";"Piber oc bolter";"Botte"
"7560";"Piber och boeter";"Pibe"
"7561";"Piber och boeter";"Botte"
"7562";"Piber och boter";"Pibe"
"7563";"Piber och boter";"Botte"
"7564";"Piber och botter";"Pibe"
"7565";"Piber och botter";"Botte"
"7566";"Piber och bøtter";"Pibe"
"7567";"Piber och bøtter";"Botte"
"7568";"Piber och Ochoffder";"Pibe"
"7569";"Piber och Ochoffder";"Oksehovede"
"7570";"Piber og 3/4 anker";"Anker, 3/4"
"7571";"Piber og 3/4 anker";"Pibe"
"7572";"Piber og Boeter";"Pibe"
"7573";"Piber og Boeter";"Botte"
"7574";"Piber og boot";"Botte"
"7575";"Piber og boot";"Pibe"
"7576";"Piber og booter";"Botte"
"7577";"Piber og booter";"Pibe"
"7578";"Piber og botter";"Botte"
"7579";"Piber og botter";"Pibe"
"7580";"Piber.";"Pibe"
"7581";"Piberr";"Pibe"
"7582";"Pibes";"Pibe"
"7583";"Pibhe";"Pibe"
"7584";"Pibi";"Pibe"
"7585";"Pibir";"Pibe"
"7586";"Pibn";"Pibe"
"7587";"Pibr";"Pibe"
"7588";"Pibr.";"Pibe"
"7589";"Pibre";"Pibe"
"7590";"Pibver";"Pibe"
"7591";"Picul";"Picol"
"7592";"Pieb";"Pibe"
"7593";"Pieb.";"Pibe"
"7594";"Piebbe";"Pibe"
"7595";"Piebber";"Pibe"
"7596";"Piebe";"Pibe"
"7597";"Pieben";"Pibe"
"7598";"Pieber";"Pibe"
"7599";"Pieber oc botter";"Pibe"
"7600";"Pieber oc botter";"Botte"
"7601";"Pieber och botter";"Pibe"
"7602";"Pieber och botter";"Botte"
"7603";"Pieber och oxehøefftt";"Pibe"
"7604";"Pieber och oxehøefftt";"Oksehovede"
"7605";"Pieber or Botter";"Pibe"
"7606";"Pieber or Botter";"Botte"
"7607";"Piebere";"Pibe"
"7608";"Piebr";"Pibe"
"7609";"Piebre";"Pibe"
"7610";"Piep";"Pibe"
"7611";"Piepber";"Pibe"
"7612";"Piepen";"Pibe"
"7613";"Pieper";"Pibe"
"7614";"Piffer";"Pibe"
"7615";"Piffr";"Pibe"
"7616";"Piffr.";"Pibe"
"7617";"Piffue";"Pibe"
"7618";"Piffuer";"Pibe"
"7619";"Piffur";"Pibe"
"7620";"Pig.";"Pignatello"
"7621";"Pige";"Pignatello"
"7622";"Pigell.";"Pignatello"
"7623";"Piger";"Pibe"
"7624";"Piget";"Pignatello"
"7625";"Pigetl.";"Pignatello"
"7626";"Pign.";"Pignatello"
"7627";"Pignat";"Pignatello"
"7628";"Pignat.";"Pignatello"
"7629";"Pignatelli";"Pignatello"
"7630";"Pignatellis";"Pignatello"
"7631";"Pignatl.";"Pignatello"
"7632";"Pignelt.";"Pignatello"
"7633";"Pignet.";"Pignatello"
"7634";"Pignetl.";"Pignatello"
"7635";"Pignt.";"Pignatello"
"7636";"Pigntl.";"Pignatello"
"7637";"Pignttl.";"Pignatello"
"7638";"Pigtl.";"Pignatello"
"7639";"Pigtlli.";"Pignatello"
"7640";"Piib";"Pibe"
"7641";"Piib.";"Pibe"
"7642";"Piibber";"Pibe"
"7643";"Piibe";"Pibe"
"7644";"Piibe.";"Pibe"
"7645";"Piiben";"Pibe"
"7646";"Piiber";"Pibe"
"7647";"Piiber og Booter";"Botte"
"7648";"Piiber og Booter";"Pibe"
"7649";"Piibern";"Pibe"
"7650";"Piiberr";"Pibe"
"7651";"Piibiir";"Pibe"
"7652";"Piibir";"Pibe"
"7653";"Piiboer";"Pibe"
"7654";"Piibr";"Pibe"
"7655";"Piibve";"Pibe"
"7656";"Piiebe";"Pibe"
"7657";"Piieber";"Pibe"
"7658";"Piier";"Pibe"
"7659";"Piiiber";"Pibe"
"7660";"Piiibir";"Pibe"
"7661";"Piijbier";"Pibe"
"7662";"Piipe";"Pibe"
"7663";"Piipen";"Pibe"
"7664";"Piiper";"Pibe"
"7665";"Pijbe";"Pibe"
"7666";"Pijber";"Pibe"
"7667";"Pimbel";"Bimpel"
"7668";"Pingntl.";"Pignatello"
"7669";"Pip";"Pibe"
"7670";"Pip.";"Pibe"
"7671";"Pipber";"Pibe"
"7672";"Pipe";"Pibe"
"7673";"Pipen";"Pibe"
"7674";"Pipenn";"Pibe"
"7675";"Piper";"Pibe"
"7676";"Piper og tonde";"Pibe"
"7677";"Piper og tonde";"Tønde"
"7678";"Pipffur";"Pibe"
"7679";"Pipibe";"Pibe"
"7680";"Pippe";"Pibe"
"7681";"Pippen";"Pibe"
"7682";"Pipper";"Pibe"
"7683";"Piqu.";"Pignatello"
"7684";"Piqualelli";"Pignatello"
"7685";"Piue";"Pibe"
"7686";"Piuer";"Pibe"
"7687";"Piwe";"Pibe"
"7688";"Piwer";"Pibe"
"7689";"Pk";"Pakke"
"7690";"Pk.";"Pakke"
"7691";"Plader";"Plader"
"7692";"Plaeder";"Plader"
"7693";"Plaetter";"Plader"
"7694";"Platten";"Plader"
"7695";"Platter";"Plader"
"7696";"Plinge";"Ring"
"7697";"Pnd";"Pund"
"7698";"Pnd-";"Pund"
"7699";"Pnd.";"Pund"
"7700";"Pøbe";"Pibe"
"7701";"Pocke";"Pakke"
"7702";"Pocker";"Pakke"
"7703";"Pøcker";"Pakke"
"7704";"Poeser";"Pose"
"7705";"Poetter";"Pot"
"7706";"Poincon";"Puncheon"
"7707";"Poisong";"Puncheon"
"7708";"Polsch gylden";"Gylden, Polsch"
"7709";"Polsch gyldenn";"Gylden, Polsch"
"7710";"Polsche Gulden";"Gylden, Polsch"
"7711";"Pomersche Lester";"Læst, Pommersche"
"7712";"Pomershe Lester";"Læst, Pommersche"
"7713";"Pommersche Lester";"Læst, Pommersche"
"7714";"Pommershe lester";"Læst, Pommersche"
"7715";"Poncens";"Puncheon"
"7716";"Pong";"Pong"
"7717";"Ponge";"Pong"
"7718";"Ponger";"Pong"
"7719";"Ponnsiener";"Puncheon"
"7720";"Ponnssioer";"Puncheon"
"7721";"Pons";"Puncheon"
"7722";"Ponsion";"Puncheon"
"7723";"Ponsioner";"Puncheon"
"7724";"Ponsionner";"Puncheon"
"7725";"Ponssioner";"Puncheon"
"7726";"Pontioner";"Puncheon"
"7727";"Pontionter";"Puncheon"
"7728";"Ponxioner";"Puncheon"
"7729";"Pood";"Pud"
"7730";"Poods";"Pud"
"7731";"Pools gyldens";"Gylden, Polsch"
"7732";"Pooter";"Botte"
"7733";"Poott";"Botte"
"7734";"Pootter";"Botte"
"7735";"Por";"Par"
"7736";"Porcioner";"Puncheon"
"7737";"Pornssioner";"Puncheon"
"7738";"Porsen";
"7739";"Porser";
"7740";"Porsioner";"Puncheon"
"7741";"Porssion";"Puncheon"
"7742";"Porter";"Pibe"
"7743";"Portie";"Parti"
"7744";"Portion";"Puncheon"
"7745";"Portioner";"Puncheon"
"7746";"Portugisk oxhovder";"Oksehovede, Portugisk"
"7747";"Portzion";"Puncheon"
"7748";"Pose";"Pose"
"7749";"Poser";"Pose"
"7750";"Posion";"Puncheon"
"7751";"Posse";"Pose"
"7752";"Posser";"Pose"
"7753";"Possioner";"Puncheon"
"7754";"Pot";"Pot"
"7755";"Pot.";"Pot"
"7756";"Poter";"Pot"
"7757";"Pother";"Pot"
"7758";"Pots Bout.";
"7759";"Pott";"Pot"
"7760";"Pott.";"Pot"
"7761";"Potte";"Pot"
"7762";"Potten";"Pot"
"7763";"Potter";"Pot"
"7764";"Pottr.";"Pot"
"7765";"Pr.";"Par"
"7766";"Prømt";"Droemt"
"7767";"Ps.";
"7768";"Pth.";"Pund"
"7769";"Pthtt.";"Pund"
"7770";"Pts.";
"7771";"Pud";"Pud"
"7772";"Pud.";"Pud"
"7773";"Puddel";"Pud"
"7774";"Pudel";"Pud"
"7775";"Pudell";"Pud"
"7776";"Puder";"Pud"
"7777";"Pudill";"Pud"
"7778";"Puid";"Pud"
"7779";"Puller";
"7780";"Pun";"Pund"
"7781";"Pun.";"Pund"
"7782";"Punch";"Puncheon"
"7783";"Puncheons";"Puncheon"
"7784";"Punchesons";"Puncheon"
"7785";"Pund";"Pund"
"7786";"Pund och copell";"Pund"
"7787";"Pund och copell";"Copel"
"7794";"Pund.";"Pund"
"7795";"Punde";"Pund"
"7796";"Pundr";"Pund"
"7797";"Punds.";"Pund"
"7798";"Pundt";"Pund"
"7799";"Pundt.";"Pund"
"7800";"Pundtt";"Pund"
"7801";"Pung";"Pong"
"7802";"Punge";"Pong"
"7803";"Punger";"Pong"
"7804";"Pungn";"Pong"
"7805";"Punnd";"Pund"
"7806";"Punnder";"Pund"
"7807";"Punndt";"Pund"
"7808";"Punndtt";"Pund"
"7809";"Punsch.";"Puncheon"
"7810";"Punschen";"Puncheon"
"7811";"Punt";"Pund"
"7812";"Puntion";"Puncheon"
"7813";"Puntt";"Pund"
"7814";"Pu-tt";"Pund"
"7815";"Puud";"Pud"
"7816";"Pybbe";"Pibe"
"7817";"Pybber";"Pibe"
"7818";"Pybe";"Pibe"
"7819";"Pyben";"Pibe"
"7820";"Pyber";"Pibe"
"7821";"Pype";"Pibe"
"7822";"Pypper";"Pibe"
"7823";"Q";"Quardel"
"7824";"Q,";"Quardel"
"7825";"Q.";"Quardel"
"7826";"Q. Oxsehoff";"Oksehovede, 1/4"
"7827";"Q. Pieben";"Pibe, 1/4"
"7828";"Q.r";"Quardel"
"7829";"Q.r.";"Quardel"
"7830";"Q.ter";"Quardel"
"7831";"Qa.";"Quardel"
"7832";"Qaarter";"Quardel"
"7833";"Qard";"Quardel"
"7834";"Qard.";"Quardel"
"7835";"Qardeel";"Quardel"
"7836";"Qardeeler";"Quardel"
"7837";"Qardeler";"Quardel"
"7838";"Qart";"Quardel"
"7839";"Qarteel";"Quardel"
"7840";"Qarter";"Quardel"
"7841";"Qaurdeel";"Quardel"
"7842";"Qaurtell";"Quardel"
"7843";"Qd.";"Quardel"
"7844";"Qe";"Quardel"
"7845";"Qearteller";"Quardel"
"7846";"Qertel";"Quardel"
"7847";"Qetr.";"Quardel"
"7848";"Qintin";"Quintel"
"7849";"Qltt.";"Quardel"
"7850";"Qortell";"Quardel"
"7851";"Qpa";"Quardel"
"7852";"Qpa.";"Quardel"
"7853";"Qpa. lest";"Læst, 1/4"
"7854";"Qpr";"Quardel"
"7855";"Qpr.";"Quardel"
"7856";"Qps.";"Quardel"
"7857";"Qpt";"Quardel"
"7858";"Qqrt.";"Quardel"
"7859";"Qr";"Quardel"
"7860";"Q-r";"Quardel"
"7861";"Qr fadt";"Fad, 1/4"
"7862";"Qr,";"Quardel"
"7863";"Q-r,";"Quardel"
"7864";"Qr.";"Quardel"
"7865";"Q-r.";"Quardel"
"7866";"Qr. Hundrit";"Hundred, 1/4"
"7867";"Qr. paeck.";"Pakke, 1/4"
"7868";"Qr. paecker";"Pakke, 1/4"
"7869";"Qr. Skippund";"Skippund, 1/4"
"7870";"Qr.tt";"Quardel"
"7871";"Qrd.";"Quardel"
"7872";"Qrdt";"Quardel"
"7873";"Qrl.";"Quardel"
"7874";"Qrl. pibbe";"Pibe, 1/4"
"7875";"Qrl. pibber";"Pibe, 1/4"
"7876";"Qrrt";"Quardel"
"7877";"Qrrt.";"Quardel"
"7878";"Qrs.";"Quardel"
"7879";"Qrt";"Quardel"
"7880";"Qrt fad";"Fad, 1/4"
"7881";"Qrt Lester";"Læst, 1/4"
"7882";"Qrt Pibe";"Pibe, 1/4"
"7883";"Qrt Skippund";"Skippund, 1/4"
"7884";"Qrt,";"Quardel"
"7885";"Qrt.";"Quardel"
"7886";"Qrt. affitt schipund";"Skippund, 1/4"
"7887";"Qrt. deller";
"7888";"Qrt. Faad";"Fad, 1/4"
"7889";"Qrt. Fad";"Fad, 1/4"
"7890";"Qrt. Kiste";"Kiste, 1/4"
"7891";"Qrt. Kysse";"Kiste, 1/4"
"7892";"Qrt. lest";"Læst, 1/4"
"7893";"Qrt. Lester";"Læst, 1/4"
"7894";"Qrt. Pibbe";"Pibe, 1/4"
"7895";"Qrt. Pibben";"Pibe, 1/4"
"7896";"Qrt. Pibe";"Pibe, 1/4"
"7897";"Qrt. Piber";"Pibe, 1/4"
"7898";"Qrt. schipund";"Skippund, 1/4"
"7899";"Qrt. secker";"Sæk, 1/4"
"7900";"Qrt. Skipppund";"Skippund, 1/4"
"7901";"Qrt. Skippund";"Skippund, 1/4"
"7902";"Qrt.pibe";"Pibe, 1/4"
"7903";"Qrt.Skippund";"Skippund, 1/4"
"7904";"Qrte";"Quardel"
"7905";"Qrte Pibe";"Pibe, 1/4"
"7906";"Qrte.";"Quardel"
"7907";"Qrtell.";"Quardel"
"7908";"Qrteller";"Quardel"
"7909";"Qrter";"Quardel"
"7910";"Qrter.";"Quardel"
"7911";"Qrti.";"Quardel"
"7912";"Qrtl.";"Quardel"
"7913";"Qrtr.";"Quardel"
"7914";"Qrtt";"Quardel"
"7915";"Qrtt,";"Quardel"
"7916";"Qrtt.";"Quardel"
"7917";"Qrtt:";"Quardel"
"7918";"Qrtter";"Quardel"
"7919";"Qrtter.";"Quardel"
"7920";"Qrttr.";"Quardel"
"7921";"Qrz.";"Quardel"
"7922";"Qs.";"Quardel"
"7923";"Qss.";"Quardel"
"7924";"Qsse";"Quardel"
"7925";"Qt";"Quardel"
"7926";"Q-t";"Quardel"
"7927";"Qt.";"Quardel"
"7928";"Qt. Tommer";"Tommer, 1/4"
"7929";"Qtale";"Quardel"
"7930";"Qtaler.";"Quardel"
"7931";"Qte.";"Quardel"
"7932";"Qtel";"Quardel"
"7933";"Qtel.";"Quardel"
"7934";"Qteler";"Quardel"
"7935";"Q-teler";"Quardel"
"7936";"Qteler.";"Quardel"
"7937";"Qtell";"Quardel"
"7938";"Qtell.";"Quardel"
"7939";"Qtelle.";"Quardel"
"7940";"Qter";"Quardel"
"7941";"Qter.";"Quardel"
"7942";"Qtier";"Quardel"
"7943";"Qtill";"Quardel"
"7944";"Qtir";"Quardel"
"7945";"Qtir.";"Quardel"
"7946";"Qtl.";"Quardel"
"7947";"Qtr";"Quardel"
"7948";"Qtr.";"Quardel"
"7949";"Qtr. faedt";"Fad, 1/4"
"7950";"Qtr. Lest";"Læst, 1/4"
"7951";"Qtr. skippund";"Skippund, 1/4"
"7952";"Qtrtr.";"Quardel"
"7953";"Qts.";"Quardel"
"7954";"Qtt";"Quardel"
"7955";"Qtt.";"Quardel"
"7956";"Qtz";"Quardel"
"7957";"Qtz.";"Quardel"
"7958";"Qu.";"Quardel"
"7959";"Quad.";"Quardel"
"7960";"Quadeler";"Quardel"
"7961";"Quader";"Quardel"
"7962";"Quadl.";"Quardel"
"7963";"Quadratfavne";"Kvadratfavn"
"7964";"Quærdeler";"Quardel"
"7965";"Quaerted";"Quardel"
"7966";"Quaerteller";"Quardel"
"7967";"Quaetel";"Quardel"
"7968";"Quaetell";"Quardel"
"7969";"Qual.";"Quardel"
"7970";"Quantitæt";"Quantitet"
"7971";"Quantitætes";"Quantitet"
"7972";"Quantite";"Quantitet"
"7973";"Quantitet";"Quantitet"
"7974";"Quar.";"Quardel"
"7975";"Quard";"Quardel"
"7976";"Quard.";"Quardel"
"7977";"Quardeel";"Quardel"
"7978";"Quardeele";"Quardel"
"7979";"Quardeeler";"Quardel"
"7980";"Quardeell";"Quardel"
"7981";"Quardehl";"Quardel"
"7982";"Quardel";"Quardel"
"7983";"Quardel.";"Quardel"
"7984";"Quardeleeler";"Quardel"
"7985";"Quardelen";"Quardel"
"7986";"Quardeler";"Quardel"
"7987";"Quardell";"Quardel"
"7988";"Quardeller";"Quardel"
"7989";"Quarder";"Quardel"
"7990";"Quarder piber";"Pibe, 1/4"
"7991";"Quardl.";"Quardel"
"7992";"Quardtel";"Quardel"
"7993";"Quardteler";"Quardel"
"7994";"Quarel";"Quardel"
"7995";"Quart";"Quardel"
"7996";"Quart Booter";"Botte, 1/4"
"7997";"Quart booth";"Botte, 1/4"
"7998";"Quart boother";"Botte, 1/4"
"7999";"Quart both";"Botte, 1/4"
"8000";"Quart bother";"Botte, 1/4"
"8001";"Quart Fade";"Fad, 1/4"
"8002";"Quart pibe";"Pibe, 1/4"
"8003";"Quart piber";"Pibe, 1/4"
"8004";"Quart piiber";"Pibe, 1/4"
"8005";"Quart Tdr.";"Tønde, 1/4"
"8006";"Quart tønde";"Tønde, 1/4"
"8007";"Quart.";"Quardel"
"8008";"Quart. booter";"Botte, 1/4"
"8009";"Quart. Both";"Botte, 1/4"
"8010";"Quart. Oxhd.";"Oksehovede, 1/4"
"8011";"Quart. pibe";"Pibe, 1/4"
"8012";"Quart. piber";"Pibe, 1/4"
"8013";"Quartal";"Quardel"
"8014";"Quartaler";"Quardel"
"8015";"Quartaller";"Quardel"
"8016";"Quartard";"Quardel"
"8017";"Quartder";"Quardel"
"8018";"Quarte";"Quardel"
"8019";"Quarted";"Quardel"
"8020";"Quarteel";"Quardel"
"8021";"Quarteeler";"Quardel"
"8022";"Quarteell";"Quardel"
"8023";"Quarteeller";"Quardel"
"8024";"Quarteer";"Quardel"
"8025";"Quartekker";"Quardel"
"8026";"Quartel";"Quardel"
"8027";"Quartele";"Quardel"
"8028";"Quartelen";"Quardel"
"8029";"Quarteler";"Quardel"
"8030";"Quarteler skock";"Skok, 1/4"
"8031";"Quartell";"Quardel"
"8032";"Quartell.";"Quardel"
"8033";"Quartelle";"Quardel"
"8034";"Quarteller";"Quardel"
"8035";"Quarteller Thommer";"Tommer, 1/4"
"8036";"Quarten";"Quardel"
"8037";"Quarter";"Quardel"
"8038";"Quarter balle";"Balle, 1/4"
"8039";"Quarter faad";"Fad, 1/4"
"8040";"Quarter fad";"Fad, 1/4"
"8041";"Quarter Hundert";"Hundred, 1/4"
"8042";"Quarter piber";"Pibe, 1/4"
"8043";"Quarter seckh";"Sæk, 1/4"
"8044";"Quarter Stk.";"Støcker, 1/4"
"8045";"Quarters";"Quardel"
"8046";"Quarthenn";"Quardel"
"8047";"Quarther";"Quardel"
"8048";"Quartier";"Quardel"
"8049";"Quartin";"Quardel"
"8050";"Quartjes";"Quardel"
"8051";"Quartl.";"Quardel"
"8052";"Quartler";"Quardel"
"8053";"Quartr";"Quardel"
"8054";"Quart-r";"Quardel"
"8055";"Quartr.";"Quardel"
"8056";"Quartr. schffl.";"Scheffel, 1/4"
"8057";"Quarts";"Quardel"
"8058";"Quarts.";"Quardel"
"8059";"Quartt";"Quardel"
"8060";"Quartter";"Quardel"
"8061";"Quartter baller";"Balle, 1/4"
"8062";"Quartther";"Quardel"
"8063";"Quarttir";"Quardel"
"8064";"Quartts";"Quardel"
"8065";"Quarttter";"Quardel"
"8066";"Quartz";"Quardel"
"8067";"Quat.";"Quardel"
"8068";"Quatel";"Quardel"
"8069";"Quateler";"Quardel"
"8070";"Quateller";"Quardel"
"8071";"Quater";"Quardel"
"8072";"Quater stocher";"Støcker, 1/4"
"8073";"Quattel";"Quardel"
"8074";"Quatter";"Quardel"
"8075";"Quattir";"Quardel"
"8076";"Querd";"Quardel"
"8077";"Querdeeler";"Quardel"
"8078";"Quert";"Quardel"
"8079";"Querteel";"Quardel"
"8080";"Quertel";"Quardel"
"8081";"Querteler";"Quardel"
"8082";"Quertelerr";"Quardel"
"8083";"Quertell";"Quardel"
"8084";"Querteller";"Quardel"
"8085";"Querter";"Quardel"
"8086";"Quertt.";"Quardel"
"8087";"Quinde";"Quintel"
"8088";"Quint.";"Quintel"
"8089";"Quintal";"Quintel"
"8090";"Quintaler";"Quintel"
"8091";"Quintals";"Quintel"
"8092";"Quintals og Stk.";"Quintel"
"8093";"Quintals og Stk.";"Støcker"
"8094";"Quintel";"Quintel"
"8095";"Quinteller";"Quintel"
"8096";"Quintels";"Quintel"
"8097";"Quintl.";"Quintel"
"8098";"Quortel";"Quardel"
"8099";"Quortier";"Quardel"
"8100";"Quradeler";"Quardel"
"8101";"Qurart";"Quardel"
"8102";"Qurteeler";"Quardel"
"8103";"Qurtell";"Quardel"
"8104";"Qurteller";"Quardel"
"8105";"Qurtr.";"Quardel"
"8106";"Qut.";"Quardel"
"8107";"Qvadeeller";"Quardel"
"8108";"Qvadrat favne";"Kvadratfavn"
"8109";"Qvadratfavne";"Kvadratfavn"
"8110";"Qværteeler";"Quardel"
"8111";"Qvantitæt";"Quantitet"
"8112";"Qvard";"Quardel"
"8113";"Qvard.";"Quardel"
"8114";"Qvardeel";"Quardel"
"8115";"Qvardeeler";"Quardel"
"8116";"Qvardel";"Quardel"
"8117";"Qvardel.";"Quardel"
"8118";"Qvardeler";"Quardel"
"8119";"Qvardeller";"Quardel"
"8120";"Qvardl.";"Quardel"
"8121";"Qvarleet";"Quardel"
"8122";"Qvart";"Quardel"
"8123";"Qvart boot";"Botte, 1/4"
"8124";"Qvart Booter";"Botte, 1/4"
"8125";"Qvart piiber";"Pibe, 1/4"
"8126";"Qvart.";"Quardel"
"8127";"Qvartaal";"Quardel"
"8128";"Qvartaler";"Quardel"
"8129";"Qvarteel";"Quardel"
"8130";"Qvarteele";"Quardel"
"8131";"Qvarteeler";"Quardel"
"8132";"Qvartel";"Quardel"
"8133";"Qvartel.";"Quardel"
"8134";"Qvarteler";"Quardel"
"8135";"Qvartell";"Quardel"
"8136";"Qvartell.";"Quardel"
"8137";"Qvarteller";"Quardel"
"8138";"Qvartenler";"Quardel"
"8139";"Qvarter";"Quardel"
"8140";"Qvarterler";"Quardel"
"8141";"Qvarters";"Quardel"
"8142";"Qvartl.";"Quardel"
"8143";"Qvartrel";"Quardel"
"8144";"Qvartreler";"Quardel"
"8145";"Qverdel";"Quardel"
"8146";"Qvertel";"Quardel"
"8147";"Qvintal";"Quintel"
"8148";"Qvintaler";"Quintel"
"8149";"Qvintals";"Quintel"
"8150";"Qvrntal";"Quardel"
"8151";"Qward piber";"Pibe, 1/4"
"8152";"Qward.";"Quardel"
"8153";"Qwardel";"Quardel"
"8154";"Qwarteel";"Quardel"
"8155";"Qwarteeler";"Quardel"
"8156";"Qwartel";"Quardel"
"8157";"Qwarter";"Quardel"
"8158";"Qwer";"Quardel"
"8159";"Qz.";"Quardel"
"8160";"R";"Rigsdaler"
"8161";"R dr.";"Rigsdaler"
"8162";"R.";"Rigsdaler"
"8163";"R. daler";"Rigsdaler"
"8164";"R. Dlr.";"Rigsdaler"
"8165";"R., S.";"Rigsdaler"
"8166";"R.d.";"Rigsdaler"
"8167";"R.dlr.";"Rigsdaler"
"8168";"R.dr.";"Rigsdaler"
"8169";"Raz.";"Rasas"
"8170";"Raza.";"Rasas"
"8171";"Razas";"Rasas"
"8172";"Razes";"Rasas"
"8173";"Rd";"Rigsdaler"
"8174";"Rd l";"Rigsdaler"
"8175";"Rd lpe";"Rigsdaler"
"8176";"Rd lr";"Rigsdaler"
"8177";"Rd ls";"Rigsdaler"
"8178";"Rd p";"Rigsdaler"
"8179";"Rd r";"Rigsdaler"
"8180";"Rd s";"Rigsdaler"
"8181";"Rd Sp";"Rigsdaler"
"8182";"Rd Spc";"Rigsdaler"
"8183";"Rd Tp";"Rigsdaler"
"8184";"Rd,";"Rigsdaler"
"8185";"Rd.";"Rigsdaler"
"8186";"Rd.S";"Rigsdaler"
"8187";"Rddr.";"Rigsdaler"
"8188";"Rde";"Rigsdaler"
"8189";"Rde.";"Rigsdaler"
"8190";"Rder.";"Rigsdaler"
"8191";"Rdes.";"Rigsdaler"
"8192";"Rdh.";"Rigsdaler"
"8193";"Rdhr.";"Rigsdaler"
"8194";"Rdkr.";"Rigsdaler"
"8195";"Rdl";"Rigsdaler"
"8196";"Rdl.";"Rigsdaler"
"8197";"Rdlr.";"Rigsdaler"
"8198";"Rdlrs";"Rigsdaler"
"8199";"Rdr";"Rigsdaler"
"8200";"Rd-r";"Rigsdaler"
"8201";"R-d-r";"Rigsdaler"
"8202";"Rdr,.";"Rigsdaler"
"8203";"Rdr.";"Rigsdaler"
"8204";"Rdrh.";"Rigsdaler"
"8205";"Rdrr.";"Rigsdaler"
"8206";"Rdrs.";"Rigsdaler"
"8207";"Rds";"Rigsdaler"
"8208";"Rds.";"Rigsdaler"
"8209";"Rdt.";"Rigsdaler"
"8210";"Re.";"Rigsdaler"
"8211";"Regn";"Ring"
"8212";"Reiger";"Ring"
"8213";"Reigh";
"8214";"Reinngh";"Ring"
"8215";"Reis";"Ris"
"8216";"Reller";"Ruller"
"8217";"Rem";"Rem"
"8218";"Remb";"Rem"
"8219";"Remen";"Rem"
"8220";"Remer";"Rem"
"8221";"Remme";"Rem"
"8222";"Remmer";"Rem"
"8223";"Reng";"Ring"
"8224";"Reniger";"Ring"
"8225";"Rest";"Reste"
"8226";"Rest.";"Reste"
"8227";"Resten";"Reste"
"8228";"Restenn";"Reste"
"8229";"Rester";"Reste"
"8230";"Reys";"Ris"
"8231";"Reyss";"Ris"
"8232";"Rfr.";"Rigsdaler"
"8233";"Rg.";"Rigsdaler"
"8234";"Rgd.";"Rigsdaler"
"8235";"Rgdl.";"Rigsdaler"
"8236";"Rgdr.";"Rigsdaler"
"8237";"Rgdrs.";"Rigsdaler"
"8238";"Rges";"Rigsdaler"
"8239";"Rgrs.";"Rigsdaler"
"8240";"Rhinge";"Ring"
"8241";"Rich daller";"Rigsdaler"
"8242";"Richdaller";"Rigsdaler"
"8243";"Richs d.";"Rigsdaler"
"8244";"Richs daller";"Rigsdaler"
"8245";"Richs Dr.";"Rigsdaler"
"8246";"Richs. Dr.";"Rigsdaler"
"8247";"Richsd.";"Rigsdaler"
"8248";"Richsdaler";"Rigsdaler"
"8249";"Richsdaller";"Rigsdaler"
"8250";"Richssdr.";"Rigsdaler"
"8251";"Rickhe dr.";"Rigsdaler"
"8252";"Ricks Dr.";"Rigsdaler"
"8253";"Ricksdaler";"Rigsdaler"
"8254";"Ricksdr.";"Rigsdaler"
"8255";"Rienger";"Ring"
"8256";"Ries";"Ris"
"8257";"Riess";"Ris"
"8258";"Riessenn";"Ris"
"8259";"Rig. Dr.";"Rigsdaler"
"8260";"Rigd.";"Rigsdaler"
"8261";"Rigdaler";"Rigsdaler"
"8262";"Rigdl.";"Rigsdaler"
"8263";"Rigdlr.";"Rigsdaler"
"8264";"Rigdr.";"Rigsdaler"
"8265";"Rigdrs.";"Rigsdaler"
"8266";"Rigds.";"Rigsdaler"
"8267";"Rign";"Ring"
"8268";"Rigs Daler";"Rigsdaler"
"8269";"Rigs Dr.";"Rigsdaler"
"8270";"Rigs.";"Rigsdaler"
"8271";"Rigsd.";"Rigsdaler"
"8272";"Rigsdahler";"Rigsdaler"
"8273";"Rigsdale";"Rigsdaler"
"8274";"Rigsdaler";"Rigsdaler"
"8275";"Rigsdaller";"Rigsdaler"
"8276";"Rigsdl.";"Rigsdaler"
"8277";"Rigsdlr.";"Rigsdaler"
"8278";"Rigsdr.";"Rigsdaler"
"8279";"Rihsdr.";"Rigsdaler"
"8280";"Riies";"Ris"
"8281";"Riies.";"Ris"
"8282";"Riiess";"Ris"
"8283";"Riiess.";"Ris"
"8284";"Riiessen";"Ris"
"8285";"Riigh";
"8286";"Riiis";"Ris"
"8287";"Riing";"Ring"
"8288";"Riinngs";"Ring"
"8289";"Riis";"Ris"
"8290";"Riiss";"Ris"
"8291";"Riissen";"Ris"
"8292";"Rijes";"Ris"
"8293";"Rijess";"Ris"
"8294";"Rijess.";"Ris"
"8295";"Rijissn";"Ris"
"8296";"Rijng";"Ring"
"8297";"Rijnng";"Ring"
"8298";"Rijss";"Ris"
"8299";"Riksdaler";"Rigsdaler"
"8300";"Rinck";"Ring"
"8301";"Ring";"Ring"
"8302";"Ringa";"Ring"
"8303";"Ringdeel";"Ring"
"8304";"Ringe";"Ring"
"8305";"Ringe deell";"Ring"
"8306";"Ringedeel";"Ring"
"8307";"Ringee";"Ring"
"8308";"Ringen";"Ring"
"8309";"Ringer";"Ring"
"8310";"Ringh";"Ring"
"8311";"Ringhe";"Ring"
"8312";"Ringher";"Ring"
"8313";"Ringie";"Ring"
"8314";"Ringr";"Ring"
"8315";"Rings";"Ring"
"8316";"Rinng";"Ring"
"8317";"Rinnge";"Ring"
"8318";"Rinnger";"Ring"
"8319";"Rinngh";"Ring"
"8320";"Rinnghe";"Ring"
"8321";"Rinngher";"Ring"
"8322";"Rins";"Ris"
"8323";"Rinss";"Ris"
"8324";"Riquat";
"8325";"Ris";"Ris"
"8326";"Rischt. Dr.";"Rigsdaler"
"8327";"Riss";"Ris"
"8328";"Rix";"Rigsdaler"
"8329";"Rix daler";"Rigsdaler"
"8330";"Rix dr.";"Rigsdaler"
"8331";"Rix hundrede";
"8332";"Rix.";"Rigsdaler"
"8333";"Rix. Dr.";"Rigsdaler"
"8334";"Rix. Rd.";"Rigsdaler"
"8335";"Rix.D.";"Rigsdaler"
"8336";"Rix.dr.";"Rigsdaler"
"8337";"Rixd";"Rigsdaler"
"8338";"Rixd.";"Rigsdaler"
"8339";"Rixdahl";"Rigsdaler"
"8340";"Rixdahl.";"Rigsdaler"
"8341";"Rixdahler";"Rigsdaler"
"8342";"Rixdahlr.";"Rigsdaler"
"8343";"Rixdal.";"Rigsdaler"
"8344";"Rixdaler";"Rigsdaler"
"8345";"Rixdaller";"Rigsdaler"
"8346";"Rixde.";"Rigsdaler"
"8347";"Rixdler";"Rigsdaler"
"8348";"Rixdlr";"Rigsdaler"
"8349";"Rixdlr.";"Rigsdaler"
"8350";"Rixdr";"Rigsdaler"
"8351";"Rixdr.";"Rigsdaler"
"8352";"Rixs.";"Rigsdaler"
"8353";"Rixsdaller";"Rigsdaler"
"8354";"Rixse";"Rigsdaler"
"8355";"Rl.";
"8356";"Ro.";"Rotolo"
"8357";"Robber";
"8358";"Rober";
"8359";"Roell";
"8360";"Roeller";"Ruller"
"8361";"Røeller";"Ruller"
"8362";"Roestoecker Lester";"Læst, Rostocker"
"8363";"Roler";"Ruller"
"8364";"Roll.";"Ruller"
"8365";"Rolle";"Ruller"
"8366";"Rollen";"Ruller"
"8367";"Rollenn";"Ruller"
"8368";"Roller";"Ruller"
"8369";"Røller";"Ruller"
"8370";"Rollier";"Ruller"
"8371";"Rollir";"Ruller"
"8372";"Romer";"Rem"
"8373";"Rost. Læster";"Læst, Rostocker"
"8374";"Rostocker læster";"Læst, Rostocker"
"8375";"Rostocker Lester";"Læst, Rostocker"
"8376";"Rotoli";"Rotolo"
"8377";"Rott.";"Rotolo"
"8378";"Rottoli";"Rotolo"
"8379";"Roule";"Ruller"
"8380";"Rouler";"Ruller"
"8381";"Rouller";"Ruller"
"8382";"Rps.";"Rigsdaler"
"8383";"Rq.";"Rigsdaler"
"8384";"Rr";"Rigsdaler"
"8385";"Rr.";"Rigsdaler"
"8386";"Rs";"Rigsdaler"
"8387";"Rsd";"Rigsdaler"
"8388";"Rsd.";"Rigsdaler"
"8389";"Rsdr";"Rigsdaler"
"8390";"Rsdr.";"Rigsdaler"
"8391";"Rsdr. Rsdr.";"Rigsdaler"
"8392";"Rte.";"Rigsdaler"
"8393";"Rubler";
"8394";"Rug";"Ring"
"8395";"Ruge";"Ring"
"8396";"Rugge";"Ring"
"8397";"Rugh";"Ring"
"8398";"Rugller";"Ruller"
"8399";"Ruhler";"Ruller"
"8400";"Rul.";"Ruller"
"8401";"Rule";"Ruller"
"8402";"Rule.";"Ruller"
"8403";"Rulen";"Ruller"
"8404";"Ruler";"Ruller"
"8405";"Rull";"Ruller"
"8406";"Rull.";"Ruller"
"8407";"Rulle";"Ruller"
"8408";"Rullen";"Ruller"
"8409";"Rullenn";"Ruller"
"8410";"Ruller";"Ruller"
"8411";"Ruller.";"Ruller"
"8412";"Rullers";"Ruller"
"8413";"Rulles";"Ruller"
"8414";"Rullir";"Ruller"
"8415";"Rulller";"Ruller"
"8416";"Rulr";"Ruller"
"8417";"Rulr.";"Ruller"
"8418";"Ruug";"Ring"
"8419";"Ruuler";"Ruller"
"8420";"Ruuller";"Ruller"
"8421";"Rx Dr.";"Rigsdaler"
"8422";"Rx.";"Rigsdaler"
"8423";"Rx.dr.";"Rigsdaler"
"8424";"Rxd";"Rigsdaler"
"8425";"Rxd.";"Rigsdaler"
"8426";"Rxdaller";"Rigsdaler"
"8427";"Rxdl.";"Rigsdaler"
"8428";"Rxdlr";"Rigsdaler"
"8429";"Rxdr";"Rigsdaler"
"8430";"Rxdr.";"Rigsdaler"
"8431";"Rxdrs";"Rigsdaler"
"8432";"Rxds.";"Rigsdaler"
"8433";"Rxdt.";"Rigsdaler"
"8434";"Ryes";"Ris"
"8435";"Ryess";"Ris"
"8436";"Ryess.";"Ris"
"8437";"Ryller";"Ruller"
"8438";"Ryng";"Ring"
"8439";"Rynge";"Ring"
"8440";"Rynger";"Ring"
"8441";"Ryngh";"Ring"
"8442";"Rynneckes";
"8443";"Rynng";"Ring"
"8444";"Rys";"Ris"
"8445";"Ryss";"Ris"
"8446";"S.";"Støcker"
"8447";"S. daler";"Rigsdaler"
"8448";"S.lb.";"Skippund"
"8449";"S.r";"Støcker"
"8450";"Saacke";"Sæk"
"8451";"Saake";"Sæk"
"8452";"Saccker";"Sæk"
"8453";"Sach";"Sæk"
"8454";"Sache";"Sæk"
"8455";"Sacher";"Sæk"
"8456";"Sack";"Sæk"
"8457";"Sacke";"Sæk"
"8458";"Sacken";"Sæk"
"8459";"Sacker";"Sæk"
"8460";"Sacker och kiister";"Sæk"
"8461";"Sacker och kiister";"Kiste"
"8462";"Sackh";"Sæk"
"8463";"Sackhe";"Sæk"
"8464";"Sackoer";"Sæk"
"8465";"Sacsses";"Sæk"
"8466";"Sadle";
"8467";"Sæch";"Sæk"
"8468";"Sæche";"Sæk"
"8469";"Sæcher";"Sæk"
"8470";"Sæck";"Sæk"
"8471";"Saeck";"Sæk"
"8472";"Saecke";"Sæk"
"8473";"Sæcke";"Sæk"
"8474";"Sæcke og casser";"Casser"
"8475";"Sæcke og casser";"Sæk"
"8476";"Sæcken";"Sæk"
"8477";"Sæcker";"Sæk"
"8478";"Saek";"Sæk"
"8479";"Sæk";"Sæk"
"8480";"Sæk.";"Sæk"
"8481";"Sæke";"Sæk"
"8482";"Saeke";"Sæk"
"8483";"Sæken";"Sæk"
"8484";"Saeker";"Sæk"
"8485";"Sæker";"Sæk"
"8486";"Sæker og poser";"Sæk"
"8487";"Sækk";"Sæk"
"8488";"Sækk.";"Sæk"
"8489";"Sække";"Sæk"
"8490";"Sække.";"Sæk"
"8491";"Sækker";"Sæk"
"8492";"Saesser";"Charge"
"8493";"Sæt";"Sæt"
"8494";"Saiickir";"Sæk"
"8495";"Sak";"Sæk"
"8496";"Sake";"Sæk"
"8497";"Saker";"Sæk"
"8498";"Sakh";"Sæk"
"8499";"Sakke";"Sæk"
"8500";"Sakker";"Sæk"
"8501";"Sal.";"Salma"
"8502";"Sald.";"Chaldron"
"8503";"Salde";"Chaldron"
"8504";"Salden";"Chaldron"
"8505";"Salder";"Chaldron"
"8506";"Saldr.";"Chaldron"
"8507";"Saldre";"Chaldron"
"8508";"Sallder";"Chaldron"
"8509";"Saller";"Chaldron"
"8510";"Sallter";"Chaldron"
"8511";"Salm";"Salma"
"8512";"Salm.";"Salma"
"8513";"Salma";"Salma"
"8514";"Salman";"Salma"
"8515";"Salmar";"Salma"
"8516";"Salmat";"Salma"
"8517";"Salmer";"Salma"
"8518";"Salmes";"Salma"
"8519";"Salms.";"Salma"
"8520";"Sarces";"Charge"
"8521";"Sarder";"Charge"
"8522";"Sarsie";"Charge"
"8523";"Sarsse";"Charge"
"8524";"Sarsses";"Charge"
"8525";"Sarssies";"Charge"
"8526";"Satr.";"Sæt"
"8527";"Satz";
"8528";"Saugede";
"8529";"Scchipp-d";"Skippund"
"8530";"Scchippund";"Skippund"
"8531";"Scffl.";"Scheffel"
"8532";"Scfl.";"Scheffel"
"8533";"Sch.";"Scheffel"
"8534";"Sch.e.";"Scheffel"
"8535";"Sch.lb.";"Skippund"
"8536";"Schaack";"Skok"
"8537";"Schaalepund";"Skålpund"
"8538";"Schab";"Skok"
"8539";"Schack";"Skok"
"8540";"Schackh";"Skok"
"8541";"Schaech";"Skok"
"8542";"Schæffel";"Scheffel"
"8543";"Schæfl.";"Scheffel"
"8544";"Schæpper";"Scheffel"
"8545";"Schalde";"Chaldron"
"8546";"Schalder";"Chaldron"
"8547";"Schallder";"Chaldron"
"8548";"Schallepundt";"Skålpund"
"8549";"Schaller";"Chaldron"
"8550";"Schallpund";"Skålpund"
"8551";"Schank";"Skok"
"8552";"Schap";"Skok"
"8553";"Schäppundt";"Skålpund"
"8554";"Schapund";"Skålpund"
"8555";"Schauf";
"8556";"Schch";"Skippund"
"8557";"Schche";"Skippund"
"8558";"Schd.";"Skippund"
"8559";"Sche.";"Scheffel"
"8560";"Scheche";"Sæk"
"8561";"Scheck";"Skok"
"8562";"Schef";"Scheffel"
"8563";"Schef.";"Scheffel"
"8564";"Schefe";"Scheffel"
"8565";"Schefe.";"Scheffel"
"8566";"Schefel";"Scheffel"
"8567";"Schefel.";"Scheffel"
"8568";"Schefell";"Scheffel"
"8569";"Schefer";"Scheffel"
"8570";"Scheff.";"Scheffel"
"8571";"Scheffe.";"Scheffel"
"8572";"Scheffel";"Scheffel"
"8573";"Scheffel.";"Scheffel"
"8574";"Scheffele";"Scheffel"
"8575";"Scheffeler";"Scheffel"
"8576";"Scheffell";"Scheffel"
"8577";"Scheffer";"Scheffel"
"8578";"Scheffes";"Scheffel"
"8579";"Scheffl";"Scheffel"
"8580";"Scheffl.";"Scheffel"
"8581";"Scheffle";"Scheffel"
"8582";"Scheffle.";"Scheffel"
"8583";"Scheffler";"Scheffel"
"8584";"Scheffr.";"Scheffel"
"8585";"Scheffuer";"Scheffel"
"8586";"Schefh.";"Scheffel"
"8587";"Schefl";"Scheffel"
"8588";"Schefl.";"Scheffel"
"8589";"Schefle";"Scheffel"
"8590";"Schefle.";"Scheffel"
"8591";"Schefler";"Scheffel"
"8592";"Schefll.";"Scheffel"
"8593";"Scheflr.";"Scheffel"
"8594";"Schefr";"Scheffel"
"8595";"Schefs.";"Scheffel"
"8596";"Scheiich";"Skok"
"8597";"Schelf.";"Scheffel"
"8598";"Schellepund";"Skålpund"
"8599";"Scheock";"Skok"
"8600";"Schep.";"Scheffel"
"8601";"Schepel";"Scheffel"
"8602";"Schepell";"Scheffel"
"8603";"Scheper";"Scheffel"
"8604";"Schepp.";"Scheffel"
"8605";"Scheppd";"Skippund"
"8606";"Scheppd.";"Skippund"
"8607";"Scheppe";"Scheffel"
"8608";"Scheppell";"Scheffel"
"8609";"Schepper";"Scheffel"
"8610";"Scheppr.";"Scheffel"
"8611";"Scher";"Støcker"
"8612";"Schetmerts";"Chetvert"
"8613";"Schetswerts";"Chetvert"
"8614";"Schetvecks";"Chetvert"
"8615";"Schetvert";"Chetvert"
"8616";"Schetverts";"Chetvert"
"8617";"Schetvertz";"Chetvert"
"8618";"Schetw.";"Chetvert"
"8619";"Schetwerts";"Chetvert"
"8620";"Scheyffuer";"Scheffel"
"8621";"Schf.";"Scheffel"
"8622";"Schff.";"Scheffel"
"8623";"Schffl.";"Scheffel"
"8624";"Schffle.";"Scheffel"
"8625";"Schfflr.";"Scheffel"
"8626";"Schfl";"Scheffel"
"8627";"Schfl.";"Scheffel"
"8628";"Schfler.";"Scheffel"
"8629";"Schfll.";"Scheffel"
"8630";"Schflr.";"Scheffel"
"8631";"Schhippd";"Skippund"
"8632";"Schhippundt";"Skippund"
"8633";"Schi.";"Skippund"
"8634";"Schialdr";"Chaldron"
"8635";"Schiallder";"Chaldron"
"8636";"Schibe";"Scheffel"
"8637";"Schiber";"Scheffel"
"8638";"Schibes ladding";"Ladning"
"8639";"Schibplb.";"Skippund"
"8640";"Schibppd.";"Skippund"
"8641";"Schibpund";"Skippund"
"8642";"Schibs laading";"Ladning"
"8643";"Schibs lading";"Ladning"
"8644";"Schibs ladnig";"Ladning"
"8645";"Schibs ladning";"Ladning"
"8646";"Schibs lest";"Skibslæst"
"8647";"Schibs lester";"Skibslæst"
"8648";"Schibsbaad";
"8649";"Schibslaadnig";"Ladning"
"8650";"Schibslading";"Ladning"
"8651";"Schibsladingh";"Ladning"
"8652";"Schibsladnig";"Ladning"
"8653";"Schibsslester";"Skibslæst"
"8654";"Schich";"Skok"
"8655";"Schich.";"Skok"
"8656";"Schichd.";"Skippund"
"8657";"Schid.";"Skippund"
"8658";"Schi-dt";"Skippund"
"8659";"Schieffer";"Scheffel"
"8660";"Schiefflading";"Ladning"
"8661";"Schieffue";"Scheffel"
"8662";"Schiep";"Skæppe"
"8663";"Schiepper";"Skæppe"
"8664";"Schiepund";"Skippund"
"8665";"Schiester";"Læst"
"8666";"Schif.";"Scheffel"
"8667";"Schiff";"Skive"
"8668";"Schiffer";"Scheffel"
"8669";"Schifflading";"Ladning"
"8670";"Schiffladning";"Ladning"
"8671";"Schiffs Lest";"Skibslæst"
"8672";"Schiffs lester";"Skibslæst"
"8673";"Schiffslading";"Ladning"
"8674";"Schiffslestir";"Skibslæst"
"8675";"Schiffue";"Skive"
"8676";"Schiffuer";"Skive"
"8677";"Schiffur";"Skive"
"8678";"Schih.";"Skippund"
"8679";"Schi-h.";"Skippund"
"8680";"Schi-hd";"Skippund"
"8681";"Schihd.";"Skippund"
"8682";"Schihdt.";"Skippund"
"8683";"Schiho";"Skippund"
"8684";"Schihp";"Skippund"
"8685";"Schii.";"Skippund"
"8686";"Schiibs ladding";"Ladning"
"8687";"Schiiepunndt";"Skippund"
"8688";"Schiiff lester";"Skibslæst"
"8689";"Schiiffes lest";"Skibslæst"
"8690";"Schiiffs Lester";"Skibslæst"
"8691";"Schiiffslester";"Skibslæst"
"8692";"Schiifs Lester";"Skibslæst"
"8693";"Schiiipund";"Skippund"
"8694";"Schiiipundt";"Skippund"
"8695";"Schiip.";"Skippund"
"8696";"Schiip.th";"Skippund"
"8697";"Schiipch";"Skippund"
"8698";"Schiipchtt";"Skippund"
"8699";"Schiipd";"Skippund"
"8700";"Schiip-d";"Skippund"
"8701";"Schiipd.";"Skippund"
"8702";"Schiip-d.";"Skippund"
"8703";"Schiipde";"Skippund"
"8704";"Schiipds";"Skippund"
"8705";"Schiipdt.";"Skippund"
"8706";"Schiipend";"Skippund"
"8707";"Schiipendtt";"Skippund"
"8708";"Schiiph,";"Skippund"
"8709";"Schiiph.";"Skippund"
"8710";"Schiipind";"Skippund"
"8711";"Schiipiund";"Skippund"
"8712";"Schiipnd";"Skippund"
"8713";"Schiipnd.";"Skippund"
"8714";"Schiipnnd";"Skippund"
"8715";"Schiipnndtt";"Skippund"
"8716";"Schiipound";"Skippund"
"8717";"Schiipp.";"Skippund"
"8718";"Schiippch.";"Skippund"
"8719";"Schiippd";"Skippund"
"8720";"Schiipp-d";"Skippund"
"8721";"Schiippd.";"Skippund"
"8722";"Schiipp-d.";"Skippund"
"8723";"Schiippds";"Skippund"
"8724";"Schiipp-ds";"Skippund"
"8725";"Schiippdt";"Skippund"
"8726";"Schiippnd.";"Skippund"
"8727";"Schiippund";"Skippund"
"8728";"Schiippundt";"Skippund"
"8729";"Schiippundtt";"Skippund"
"8730";"Schiippunnd";"Skippund"
"8731";"Schiippunndt";"Skippund"
"8732";"Schiippunndtt";"Skippund"
"8733";"Schiipth.";"Skippund"
"8734";"Schiipud";"Skippund"
"8735";"Schiipuind";"Skippund"
"8736";"Schiipund";"Skippund"
"8737";"Schiipundt";"Skippund"
"8738";"Schiipundt.";"Skippund"
"8739";"Schiipundtt";"Skippund"
"8740";"Schiipunn";"Skippund"
"8741";"Schiipunnd";"Skippund"
"8742";"Schiipunndt";"Skippund"
"8743";"Schiipunndtt";"Skippund"
"8744";"Schiipuns";"Skippund"
"8745";"Schiipuntt";"Skippund"
"8746";"Schiistur";"Skippund"
"8747";"Schiiund";"Skippund"
"8748";"Schijppund";"Skippund"
"8749";"Schilling";"Skilling"
"8750";"Schilt";"Skippund"
"8751";"Schink";"Skok"
"8752";"Schioch";"Skok"
"8753";"Schiøch";"Skok"
"8754";"Schiock";"Skok"
"8755";"Schiøck";"Skok"
"8756";"Schiok";"Skok"
"8757";"Schiort";"Skok"
"8758";"Schip";"Skippund"
"8759";"Schip-";"Skippund"
"8760";"Schip pund";"Skippund"
"8761";"Schip.";"Skippund"
"8762";"Schip.d";"Skippund"
"8763";"Schip.d.";"Skippund"
"8764";"Schip.dt";"Skippund"
"8765";"Schip.lb.";"Skippund"
"8766";"Schip:";"Skippund"
"8767";"Schipcchtt";"Skippund"
"8768";"Schipch";"Skippund"
"8769";"Schipch.";"Skippund"
"8770";"Schipche";"Skippund"
"8771";"Schipcht";"Skippund"
"8772";"Schipcht.";"Skippund"
"8773";"Schipchtt";"Skippund"
"8774";"Schipchtt.";"Skippund"
"8775";"Schipd";"Skippund"
"8776";"Schip-d";"Skippund"
"8777";"Schipd.";"Skippund"
"8778";"Schip-d.";"Skippund"
"8779";"Schipdd.";"Skippund"
"8780";"Schipdds";"Skippund"
"8781";"Schipds";"Skippund"
"8782";"Schipds.";"Skippund"
"8783";"Schipdt";"Skippund"
"8784";"Schip-dt";"Skippund"
"8785";"Schipdt.";"Skippund"
"8786";"Schipdtr.";"Skippund"
"8787";"Schipdtt";"Skippund"
"8788";"Schip-dtt";"Skippund"
"8789";"Schipdtt.";"Skippund"
"8790";"Schipend";"Skippund"
"8791";"Schiper";"Skippund"
"8792";"Schipfdtt.";"Skippund"
"8793";"Schiph";"Skippund"
"8794";"Schiph.";"Skippund"
"8795";"Schiphd.";"Skippund"
"8796";"Schipind";"Skippund"
"8797";"Schipiund";"Skippund"
"8798";"Schiplb";"Skippund"
"8799";"Schiplb.";"Skippund"
"8800";"Schipnd";"Skippund"
"8801";"Schipnd.";"Skippund"
"8802";"Schipnnd";"Skippund"
"8803";"Schipnnd.";"Skippund"
"8804";"Schipond";"Skippund"
"8805";"Schipp";"Skippund"
"8806";"Schipp,dt";"Skippund"
"8807";"Schipp.";"Skippund"
"8808";"Schipp.d";"Skippund"
"8809";"Schipp.d.";"Skippund"
"8810";"Schipp.ds";"Skippund"
"8811";"Schipp.dt";"Skippund"
"8812";"Schipp.dt.";"Skippund"
"8813";"Schippch";"Skippund"
"8814";"Schippch.";"Skippund"
"8815";"Schippche";"Skippund"
"8816";"Schippchr";"Skippund"
"8817";"Schippcht";"Skippund"
"8818";"Schippchtt";"Skippund"
"8819";"Schippd";"Skippund"
"8820";"Schippd-";"Skippund"
"8821";"Schipp-d";"Skippund"
"8822";"Schippd,";"Skippund"
"8823";"Schippd.";"Skippund"
"8824";"Schipp-d.";"Skippund"
"8825";"Schippd.s";"Skippund"
"8826";"Schippde";"Skippund"
"8827";"Schippdh";"Skippund"
"8828";"Schipp-dh";"Skippund"
"8829";"Schippdn.";"Skippund"
"8830";"Schippds";"Skippund"
"8831";"Schippd-s";"Skippund"
"8832";"Schipp-ds";"Skippund"
"8833";"Schippds.";"Skippund"
"8834";"Schippdss";"Skippund"
"8835";"Schippdt";"Skippund"
"8836";"Schipp-dt";"Skippund"
"8837";"Schippdt.";"Skippund"
"8838";"Schippdtt";"Skippund"
"8839";"Schippdtt.";"Skippund"
"8840";"Schippdund";"Skippund"
"8841";"Schipped.";"Skippund"
"8842";"Schippend";"Skippund"
"8843";"Schippendt";"Skippund"
"8844";"Schippennd";"Skippund"
"8845";"Schipper";"Skippund"
"8846";"Schippeunnd";"Skippund"
"8847";"Schippfds";"Skippund"
"8848";"Schippfund";"Skippund"
"8849";"Schippfunt";"Skippund"
"8850";"Schipph";"Skippund"
"8851";"Schipph.";"Skippund"
"8852";"Schipphe";"Skippund"
"8853";"Schipphtt";"Skippund"
"8854";"Schipphtt.";"Skippund"
"8855";"Schipphund";"Skippund"
"8856";"Schippin";"Skippund"
"8857";"Schippind";"Skippund"
"8858";"Schippindt";"Skippund"
"8859";"Schippinnd";"Skippund"
"8860";"Schippins";"Skippund"
"8861";"Schippiund";"Skippund"
"8862";"Schippiundt";"Skippund"
"8863";"Schipplb.";"Skippund"
"8864";"Schippnd";"Skippund"
"8865";"Schippnd.";"Skippund"
"8866";"Schippndt.";"Skippund"
"8867";"Schippntt";"Skippund"
"8868";"Schippond";"Skippund"
"8869";"Schippp";"Skippund"
"8870";"Schipppds";"Skippund"
"8871";"Schipppfund";"Skippund"
"8872";"Schippphc";"Skippund"
"8873";"Schipppund";"Skippund"
"8874";"Schipppundt";"Skippund"
"8875";"Schipppunndt";"Skippund"
"8876";"Schipps";"Skippund"
"8877";"Schippsds";"Skippund"
"8878";"Schippse";"Skippund"
"8879";"Schipp-t";"Skippund"
"8880";"Schippt.";"Skippund"
"8881";"Schippthtt";"Skippund"
"8882";"Schippthtt.";"Skippund"
"8883";"Schippthunnd";"Skippund"
"8884";"Schipptt.";"Skippund"
"8885";"Schippud";"Skippund"
"8886";"Schippud.";"Skippund"
"8887";"Schippudt";"Skippund"
"8888";"Schippuind";"Skippund"
"8889";"Schippumd";"Skippund"
"8890";"Schippumdt";"Skippund"
"8891";"Schippumdtt";"Skippund"
"8892";"Schippumt";"Skippund"
"8893";"Schippun";"Skippund"
"8894";"Schippun.";"Skippund"
"8895";"Schippunct";"Skippund"
"8896";"Schippund";"Skippund"
"8897";"Schippund deger";"Dægge"
"8898";"Schippund.";"Skippund"
"8899";"Schippundd";"Skippund"
"8900";"Schippunddt";"Skippund"
"8901";"Schippunddtt";"Skippund"
"8902";"Schippunde";"Skippund"
"8903";"Schippunder";"Skippund"
"8904";"Schippundh";"Skippund"
"8905";"Schippunditt";"Skippund"
"8906";"Schippundl";"Skippund"
"8907";"Schippundndt";"Skippund"
"8908";"Schippunds";"Skippund"
"8909";"Schippundt";"Skippund"
"8910";"Schippundt - Lester";"Skippund"
"8911";"Schippundt eller oxsehoffd";"Skippund"
"8912";"Schippundt eller oxsehoffd";"Oksehovede"
"8913";"Schippundtt";"Skippund"
"8914";"Schippung";"Skippund"
"8915";"Schippunnd";"Skippund"
"8916";"Schippunndh";"Skippund"
"8917";"Schippunndt";"Skippund"
"8918";"Schippunndtt";"Skippund"
"8919";"Schippunnndt";"Skippund"
"8920";"Schippunnt";"Skippund"
"8921";"Schippunt";"Skippund"
"8922";"Schippuntt";"Skippund"
"8923";"Schippu-tt";"Skippund"
"8924";"Schippuund";"Skippund"
"8925";"Schippuunndt";"Skippund"
"8926";"Schipt";"Skippund"
"8927";"Schip-t";"Skippund"
"8928";"Schipt.";"Skippund"
"8929";"Schipth";"Skippund"
"8930";"Schipth.";"Skippund"
"8931";"Schiptht.";"Skippund"
"8932";"Schipthtt";"Skippund"
"8933";"Schipthtt.";"Skippund"
"8934";"Schiptt";"Skippund"
"8935";"Schip-tt";"Skippund"
"8936";"Schiptt,";"Skippund"
"8937";"Schiptt.";"Skippund"
"8938";"Schipttt.";"Skippund"
"8939";"Schipu nd";"Skippund"
"8940";"Schipu.";"Skippund"
"8941";"Schipud";"Skippund"
"8942";"Schip-ud";"Skippund"
"8943";"Schipud.";"Skippund"
"8944";"Schipuennd";"Skippund"
"8945";"Schipuind";"Skippund"
"8946";"Schipun";"Skippund"
"8947";"Schipund";"Skippund"
"8948";"Schipund.";"Skippund"
"8949";"Schipundt";"Skippund"
"8950";"Schipundt lb.";"Skippund"
"8951";"Schipundtt";"Skippund"
"8952";"Schipuned";"Skippund"
"8953";"Schipung";"Skippund"
"8954";"Schipunn";"Skippund"
"8955";"Schipunnd";"Skippund"
"8956";"Schipunndt";"Skippund"
"8957";"Schipunndtt";"Skippund"
"8958";"Schipunnnd";"Skippund"
"8959";"Schipunnt";"Skippund"
"8960";"Schipunp";"Skippund"
"8961";"Schipunr";"Skippund"
"8962";"Schipuns";"Skippund"
"8963";"Schipunt";"Skippund"
"8964";"Schipuntt";"Skippund"
"8965";"Schipu-tt";"Skippund"
"8966";"Schipuund";"Skippund"
"8967";"Schipuundt";"Skippund"
"8968";"Schirpund";"Skippund"
"8969";"Schith.";"Skippund"
"8970";"Schitt";"Skippund"
"8971";"Schiund";"Skippund"
"8972";"Schiunndt";"Skippund"
"8973";"Schiuppund";"Skippund"
"8974";"Schjippunndt";"Skippund"
"8975";"Schjipund";"Skippund"
"8976";"Schjock";"Skok"
"8977";"Schl.";"Scheffel"
"8978";"Sch-lb.";"Skippund"
"8979";"Schmahe packer";"Pakke, Sma"
"8980";"Schmale lest";"Læst, Sma"
"8981";"Schmale lester";"Læst, Sma"
"8982";"Schmalle lest";"Læst, Sma"
"8983";"Schmalle lester";"Læst, Sma"
"8984";"Schoc";"Skok"
"8985";"Schocch";"Skok"
"8986";"Schocck";"Skok"
"8987";"Schoch";"Skok"
"8988";"Schoche";"Skok"
"8989";"Schøche";"Skok"
"8990";"Schochs";"Skok"
"8991";"Schock";"Skok"
"8992";"Schøck";"Skok"
"8995";"Schock Stoere";"Skok, Store"
"8996";"Schockd";"Skok"
"8997";"Schocke";"Skok"
"8998";"Schocker";"Skok"
"8999";"Schøcker";"Skok"
"9000";"Schockh";"Skok"
"9001";"Schockir";"Skok"
"9002";"Schockk";"Skok"
"9003";"Schocks";"Skok"
"9004";"Schoech";"Skok"
"9005";"Schoeck";"Skok"
"9006";"Schøeck";"Skok"
"9007";"Schoecke";"Skok"
"9008";"Schoeckh";"Skok"
"9009";"Schoeg";"Skok"
"9010";"Schoeh";"Skok"
"9011";"Schoek";"Skok"
"9012";"Schoekh";"Skok"
"9013";"Schoeks";"Skok"
"9014";"Schoesch";"Skok"
"9015";"Schof";"Skok"
"9016";"Schofell";"Scheffel"
"9017";"Schog";"Skok"
"9018";"Schoh";"Skok"
"9019";"Schoich";"Skok"
"9020";"Schoick";"Skok"
"9021";"Schøick";"Skok"
"9022";"Schoickh";"Skok"
"9023";"Schoiicg";"Skok"
"9024";"Schoiich";"Skok"
"9025";"Schoik";"Skok"
"9026";"Schoipdtt";"Skippund"
"9027";"Schoippundt";"Skippund"
"9028";"Schok";"Skok"
"9029";"Schøk";"Skok"
"9030";"Schokch";"Skok"
"9031";"Schoker";"Skok"
"9032";"Schokh";"Skok"
"9033";"Schøkh";"Skok"
"9034";"Schoks";"Skok"
"9035";"Scholck";"Skok"
"9036";"Schooch";"Skok"
"9037";"Schoock";"Skok"
"9038";"Schooeck";"Skok"
"9039";"Schookh";"Skok"
"9040";"Schot";"Skok"
"9041";"Schoth";"Skok"
"9042";"Schoxk";"Skok"
"9043";"Schp.";"Skippund"
"9044";"Schpd";"Skippund"
"9045";"Schpd.";"Skippund"
"9046";"Schpdt";"Skippund"
"9047";"Schpdt.";"Skippund"
"9048";"Schpdtt";"Skippund"
"9049";"Schpe.";"Skippund"
"9050";"Schpp.";"Skippund"
"9051";"Schpp.d";"Skippund"
"9052";"Schppd";"Skippund"
"9053";"Schppd.";"Skippund"
"9054";"Schppthtt";"Skippund"
"9055";"Schpptt.";"Skippund"
"9056";"Schppund";"Skippund"
"9057";"Schppundt";"Skippund"
"9058";"Schppundtt";"Skippund"
"9059";"Schppunnd";"Skippund"
"9060";"Schppunndt";"Skippund"
"9061";"Schptt.";"Skippund"
"9062";"Schpu-tt";"Skippund"
"9063";"Sch-r";"Skippund"
"9064";"Schrine etz.";"Skrin"
"9065";"Schrinne";"Skrin"
"9066";"Schris";"Skrin"
"9067";"Schtel.";"Scheffel"
"9068";"Schudis Lading";"Ladning"
"9069";"Schuff";"Skive"
"9070";"Schuppund";"Skippund"
"9071";"Schupund";"Skippund"
"9072";"Schvts.";"Chetvert"
"9073";"Schynd";
"9074";"Schyppund";"Skippund"
"9075";"Schypundt";"Skippund"
"9076";"Scihipp(und)";"Skippund"
"9077";"Sciipund";"Skippund"
"9078";"Sciock";"Skok"
"9079";"Scip.d";"Skippund"
"9080";"Scipp.";"Skippund"
"9081";"Scippd";"Skippund"
"9082";"Scippds.";"Skippund"
"9083";"Scippund";"Skippund"
"9084";"Scippundt";"Skippund"
"9085";"Scipund";"Skippund"
"9086";"Scjhippundt";"Skippund"
"9087";"Scjippds";"Skippund"
"9088";"Scjipuntt";"Skippund"
"9089";"Sckack";"Skok"
"9090";"Scke";"Sæk"
"9091";"Sckepper";"Skæppe"
"9092";"Scker";"Sæk"
"9093";"Sckippchtt";"Skippund"
"9094";"Sckipptt.";"Skippund"
"9095";"Sckippund";"Skippund"
"9096";"Sckoch";"Skok"
"9097";"Sckock";"Skok"
"9098";"Sckockh";"Skok"
"9099";"Sckocks";"Skok"
"9100";"Sckoech";"Skok"
"9101";"Sckoeck";"Skok"
"9102";"Sckoeks";"Skok"
"9103";"Sckok";"Skok"
"9104";"Sckokh";"Skok"
"9105";"Sckor";"Skok"
"9106";"Sclispund";"Skok"
"9107";"Scoch";"Skok"
"9108";"Scock";"Skok"
"9109";"Scockh";"Skok"
"9110";"Scoeck";"Skok"
"9111";"Scoger";"Skok"
"9112";"Scok";"Skok"
"9113";"Scuippund";"Skippund"
"9114";"Scvhipp";"Skippund"
"9115";"Scvhippd";"Skippund"
"9116";"Scxhipd";"Skippund"
"9117";"Scxhippund";"Skippund"
"9118";"Scxhippundtt";"Skippund"
"9119";"S-e";"Støcker"
"9120";"Se.";"Støcker"
"9121";"Seack";"Sæk"
"9122";"Seaker";"Sæk"
"9123";"Seccher";"Sæk"
"9124";"Secck";"Sæk"
"9125";"Secck.";"Sæk"
"9126";"Seccke";"Sæk"
"9127";"Seccker";"Sæk"
"9128";"Sech";"Sæk"
"9129";"Sech.";"Sæk"
"9130";"Sechahe";"Sæk"
"9131";"Seche";"Sæk"
"9132";"Secher";"Sæk"
"9133";"Secher och Ochsehoffder";"Sæk"
"9134";"Secher och Ochsehoffder";"Oksehovede"
"9135";"Secher.";"Sæk"
"9136";"Secherf";"Sæk"
"9137";"Sechke";"Sæk"
"9138";"Sechl.";"Sæk"
"9139";"Sechr";"Sæk"
"9140";"Seck";"Sæk"
"9141";"Seck.";"Sæk"
"9142";"Secke";"Sæk"
"9143";"Seckell";"Sæk"
"9144";"Secken";"Sæk"
"9145";"Secker";"Sæk"
"9146";"Seckh";"Sæk"
"9147";"Seckhe";"Sæk"
"9148";"Seckher";"Sæk"
"9149";"Seckir";"Sæk"
"9150";"Seckker";"Sæk"
"9151";"Seckr";"Sæk"
"9152";"Seckr.";"Sæk"
"9153";"Seckre";"Sæk"
"9154";"Sedicke";
"9155";"Seeccker";"Sæk"
"9156";"Seecher";"Sæk"
"9157";"Seeck";"Sæk"
"9158";"Seeck.";"Sæk"
"9159";"Seecke";"Sæk"
"9160";"Seecker";"Sæk"
"9161";"Seecker smaa";"Sæk, Sma"
"9162";"Seeckerr";"Sæk"
"9163";"Seeckir";"Sæk"
"9164";"Seeecker";"Sæk"
"9165";"Seeger";"Dægge"
"9166";"Seek";"Sæk"
"9167";"Seeke";"Sæk"
"9168";"Seeken";"Sæk"
"9169";"Seeker";"Sæk"
"9170";"Seekes";"Sæk"
"9171";"Seekh";"Sæk"
"9172";"Seekler";"Sæk"
"9173";"Seelder";"Chaldron"
"9174";"Seher";"Sæk"
"9175";"Seiche";"Sæk"
"9176";"Seicher";"Sæk"
"9177";"Seicke";"Sæk"
"9178";"Seicker";"Sæk"
"9179";"Seickir";"Sæk"
"9180";"Seider";"Side"
"9181";"Seiicke";"Sæk"
"9182";"Seiickir";"Sæk"
"9183";"Seiker";"Sæk"
"9184";"Sek";"Sæk"
"9185";"Sek.";"Sæk"
"9186";"Seke";"Sæk"
"9187";"Seker";"Sæk"
"9188";"Sekh";"Sæk"
"9189";"Sekher";"Sæk"
"9190";"Sekke";"Sæk"
"9191";"Sekken";"Sæk"
"9192";"Sekker";"Sæk"
"9193";"Seld.";"Chaldron"
"9194";"Seldeel";"Chaldron"
"9195";"Selder";"Chaldron"
"9196";"Selher";
"9197";"Sellder";"Chaldron"
"9198";"Selmer";"Salma"
"9199";"Senntener";"Centner"
"9200";"Senntenner";"Centner"
"9201";"Senten";"Centner"
"9202";"Sentenehr";"Centner"
"9203";"Sentener";"Centner"
"9204";"Sentenner";"Centner"
"9205";"Senter";"Centner"
"9206";"Sentner";"Centner"
"9207";"Sentnerer";"Centner"
"9208";"Sentnerr";"Centner"
"9209";"Sentnner";"Centner"
"9210";"Senttener";"Centner"
"9211";"Senttenner";"Centner"
"9212";"Senttttener";"Centner"
"9213";"S-er";"Støcker"
"9214";"Ser.";
"9215";"Sercher";"Sæk"
"9216";"Serck";"Sæk"
"9217";"Sercker";"Sæk"
"9218";"Serk";"Sæk"
"9219";"Serones";"Seron"
"9220";"Sescher";"Sæk"
"9221";"Seschler";
"9222";"Sester";
"9223";"Set";
"9224";"Sextendeel";"Sekstendel"
"9225";"Sextendeele";"Sekstendel"
"9226";"Sextendele";"Sekstendel"
"9227";"Sextendele tønder";"Tønde, Sekstendel"
"9228";"Sextendell";"Sekstendel"
"9229";"Shack";"Skok"
"9230";"Shcippund";"Skippund"
"9231";"She.";"Scheffel"
"9232";"Shefel";"Scheffel"
"9233";"Sheff.";"Scheffel"
"9234";"Sheffel";"Scheffel"
"9235";"Shefl.";"Scheffel"
"9236";"Shellepund";"Skålpund"
"9237";"Shep";"Scheffel"
"9238";"Shep.";"Scheffel"
"9239";"Shepper";"Skæppe"
"9240";"Shfl.";"Scheffel"
"9241";"Shhippund";"Skippund"
"9242";"Shiffue";"Skive"
"9243";"Shiffuer";"Skive"
"9244";"Shiippund";"Skippund"
"9245";"Shiipund";"Skippund"
"9246";"Shiock";"Skok"
"9247";"Ship";"Skippund"
"9248";"Ship.";"Skippund"
"9249";"Ship.d";"Skippund"
"9250";"Shipch";"Skippund"
"9251";"Shipd";"Skippund"
"9252";"Shipdt";"Skippund"
"9253";"Shipdtt.";"Skippund"
"9254";"Shiph";"Skippund"
"9255";"Shiph.";"Skippund"
"9256";"Shipp";"Skippund"
"9257";"Shipp.";"Skippund"
"9258";"Shippch";"Skippund"
"9259";"Shippd";"Skippund"
"9260";"Shippd.";"Skippund"
"9261";"Shippds";"Skippund"
"9262";"Shippds.";"Skippund"
"9263";"Shipph";"Skippund"
"9264";"Shipph.";"Skippund"
"9265";"Shippst";"Skippund"
"9266";"Shippudt";"Skippund"
"9267";"Shippund";"Skippund"
"9268";"Shippundddt";"Skippund"
"9269";"Shippundt";"Skippund"
"9270";"Shippundtt";"Skippund"
"9271";"Shippunnd";"Skippund"
"9272";"Shippunndt";"Skippund"
"9273";"Shipt.";"Skippund"
"9274";"Shipund";"Skippund"
"9275";"Shipundt";"Skippund"
"9276";"Shipunnd";"Skippund"
"9277";"Shipunndt";"Skippund"
"9278";"Shjeppr.";"Scheffel"
"9279";"Shoch";"Skok"
"9280";"Shøch";"Skok"
"9281";"Shoch stoer";"Skok, Store"
"9282";"Shock";"Skok"
"9285";"Shock.";"Skok"
"9286";"Shocker";"Skok"
"9287";"Shøcker";"Skok"
"9288";"Shockh";"Skok"
"9289";"Shocks";"Skok"
"9290";"Shoech";"Skok"
"9291";"Shoeck";"Skok"
"9292";"Shoeh";"Skok"
"9293";"Shoekh";"Skok"
"9294";"Shog";"Skok"
"9295";"Shoh";"Skok"
"9296";"Shok";"Skok"
"9297";"Shok.";"Skok"
"9298";"Shøker";"Skok"
"9299";"Shokh";"Skok"
"9300";"Shruefader";
"9301";"Shuiff";"Skive"
"9302";"Sialder";"Chaldron"
"9303";"Siden";"Side"
"9304";"Sider";"Side"
"9305";"Sieckir";"Sæk"
"9306";"Sieder";"Side"
"9307";"Siel.";
"9308";"Siider";"Side"
"9309";"Sijnntenir";"Centner"
"9310";"Sin lading";"Ladning"
"9311";"Sin Ladingh";"Ladning"
"9312";"Sinener";"Centner"
"9313";"Sinladingh";"Ladning"
"9314";"Sinntener";"Centner"
"9315";"Sintener";"Centner"
"9316";"Sintenner";"Centner"
"9317";"Sintennr";"Centner"
"9318";"Sinterer";"Centner"
"9319";"Sintner";"Centner"
"9320";"Sintnner";"Centner"
"9321";"Sintnr.";"Centner"
"9322";"Sintoner";"Centner"
"9323";"Sintr.";"Centner"
"9324";"Sinttener";"Centner"
"9325";"Sinttenner";"Centner"
"9326";"Sipp.";"Skippund"
"9327";"Sippund";"Skippund"
"9328";"Sipund";"Skippund"
"9329";"Sixttedeel";"Sekstendel"
"9330";"Sk";"Skilling"
"9331";"Sk.";"Skæppe"
"9332";"Sk.lb.";"Skippund"
"9333";"Skaaech";"Skok"
"9334";"Skaatlepund";"Skålpund"
"9335";"Skæp";"Skæppe"
"9336";"Skaepe";"Skæppe"
"9337";"Skæpe";"Skæppe"
"9338";"Skaeper";"Skæppe"
"9339";"Skaeppe";"Skæppe"
"9340";"Skæppe";"Skæppe"
"9341";"Skaepper";"Skæppe"
"9342";"Skæpper";"Skæppe"
"9343";"Skæpr";"Skæppe"
"9344";"Skasser";"Casser"
"9345";"Skatal";
"9346";"Skchippd.";"Skippund"
"9347";"Skchippund";"Skippund"
"9348";"Ske.";"Skæppe"
"9349";"Skeffel";"Scheffel"
"9350";"Skefl.";"Scheffel"
"9351";"Skep";"Skæppe"
"9352";"Skep.";"Skæppe"
"9353";"Skepe";"Skæppe"
"9356";"Skepe.";"Skæppe"
"9357";"Skeper";"Skæppe"
"9358";"Skepp.";"Skæppe"
"9359";"Skeppe";"Skæppe"
"9360";"Skepper";"Skæppe"
"9361";"Skeppr.";"Skæppe"
"9362";"Skep-r";"Skæppe"
"9363";"Skepr.";"Skæppe"
"9364";"Skfl.";"Scheffel"
"9365";"Skiæp.";"Skæppe"
"9366";"Skibskiste";"Kiste"
"9367";"Skiep";"Skæppe"
"9368";"Skiep.";"Skæppe"
"9369";"Skiepe";"Skæppe"
"9370";"Skiepe.";"Skæppe"
"9371";"Skiepen";"Skæppe"
"9372";"Skieper";"Skæppe"
"9373";"Skiepere";"Skæppe"
"9374";"Skiepp";"Skæppe"
"9375";"Skiepp.";"Skæppe"
"9376";"Skieppe";"Skæppe"
"9377";"Skieppe.";"Skæppe"
"9378";"Skiepper";"Skæppe"
"9379";"Skieppr";"Skæppe"
"9380";"Skieppr.";"Skæppe"
"9381";"Skiepr";"Skæppe"
"9382";"Skiepr.";"Skæppe"
"9383";"Skieps.";"Skæppe"
"9384";"Skiffue";"Skive"
"9385";"Skiffuer";"Skive"
"9386";"Skiip-dtt";"Skippund"
"9387";"Skiipe";"Skæppe"
"9388";"Skiippe";"Skæppe"
"9389";"Skiipphtt";"Skippund"
"9390";"Skiipptt.";"Skippund"
"9391";"Skiippund";"Skippund"
"9392";"Skiippundtt";"Skippund"
"9393";"Skiipund";"Skippund"
"9394";"Skijppund";"Skippund"
"9395";"Skilling";"Skilling"
"9396";"Skip";"Skippund"
"9397";"Skip.";"Skippund"
"9398";"Skipchtt";"Skippund"
"9399";"Skipd";"Skippund"
"9400";"Skip-d";"Skippund"
"9401";"Skipd.";"Skippund"
"9402";"Skipdtt";"Skippund"
"9403";"Skipdtt.";"Skippund"
"9404";"Skipe";"Skæppe"
"9405";"Skiper";"Skæppe"
"9406";"Skipht";"Skippund"
"9407";"Skiphtt";"Skippund"
"9408";"Skipp";"Skippund"
"9409";"Skipp.";"Skippund"
"9410";"Skipp.dtt";"Skippund"
"9411";"Skippcht";"Skippund"
"9412";"Skippchtt";"Skippund"
"9413";"Skippd";"Skippund"
"9414";"Skipp-d";"Skippund"
"9415";"Skippd.";"Skippund"
"9416";"Skippdt";"Skippund"
"9417";"Skippdt.";"Skippund"
"9418";"Skippdtt";"Skippund"
"9419";"Skipp-dtt";"Skippund"
"9420";"Skippdtt,";"Skippund"
"9421";"Skippdtt.";"Skippund"
"9422";"Skippe";"Skæppe"
"9423";"Skipper";"Skæppe"
"9424";"Skippht";"Skippund"
"9425";"Skippht.";"Skippund"
"9426";"Skipphtt";"Skippund"
"9427";"Skipphtt.";"Skippund"
"9428";"Skippind";"Skippund"
"9429";"Skipppund";"Skippund"
"9430";"Skippr";"Skæppe"
"9431";"Skippr.";"Skæppe"
"9432";"Skippt.";"Skippund"
"9433";"Skippthtt";"Skippund"
"9434";"Skippthtt.";"Skippund"
"9435";"Skippthttt";"Skippund"
"9436";"Skipptt.";"Skippund"
"9437";"Skippuindt";"Skippund"
"9438";"Skippun";"Skippund"
"9439";"Skippund";"Skippund"
"9440";"Skippund och woger";"Skippund"
"9441";"Skippund och woger";"Vog"
"9456";"Skippund.";"Skippund"
"9457";"Skippunda";"Skippund"
"9458";"Skippundt";"Skippund"
"9459";"Skippundtt";"Skippund"
"9460";"Skippune";"Skippund"
"9461";"Skippunf";"Skippund"
"9462";"Skippung";"Skippund"
"9463";"Skippunnd";"Skippund"
"9464";"Skippuns";"Skippund"
"9465";"Skippunt";"Skippund"
"9466";"Skippuntt";"Skippund"
"9467";"Skippu-tt";"Skippund"
"9468";"Skippxhtt";"Skippund"
"9469";"Skipr.";"Skæppe"
"9470";"Skipspund";"Skippund"
"9471";"Skipt.";"Skippund"
"9472";"Skipthtt";"Skippund"
"9473";"Skiptt.";"Skippund"
"9474";"Skipund";"Skippund"
"9475";"Skipundtt";"Skippund"
"9476";"Skipu-tt";"Skippund"
"9477";"Skipuund";"Skippund"
"9478";"Skjeppe";"Skæppe"
"9479";"Skjepper";"Skæppe"
"9480";"Skl.";"Skippund"
"9481";"Sklb.";"Skippund"
"9482";"Sk-lb.";"Skippund"
"9483";"Skoc";"Skok"
"9484";"Skoch";"Skok"
"9485";"Skoch og stk.";"Skok"
"9486";"Skoch og stk.";"Støcker"
"9487";"Skoch, oxeh. og tønde";"Oksehovede"
"9488";"Skoch, oxeh. og tønde";"Skok"
"9489";"Skoch, oxeh. og tønde";"Tønde"
"9490";"Skoch, pibe og oxhofd";"Skok"
"9491";"Skoch, pibe og oxhofd";"Pibe"
"9492";"Skoch, pibe og oxhofd";"Oksehovede"
"9493";"Skoch, Str.";"Skok"
"9494";"Skoch, Str.";"Støcker"
"9495";"Skøche";"Skok"
"9496";"Skøcher";"Skok"
"9497";"Skock";"Skok"
"9498";"Skøck";"Skok"
"9499";"Skock hundrede";"Skok, Hundred"
"9500";"Skock hundrit";"Skok, Hundred"
"9501";"Skocker";"Skok"
"9502";"Skøcker";"Skok"
"9503";"Skockh";"Skok"
"9504";"Skoech";"Skok"
"9505";"Skoeck";"Skok"
"9506";"Skøeck";"Skok"
"9507";"Skoeg";"Skok"
"9508";"Skoek";"Skok"
"9509";"Skofler";"Scheffel"
"9510";"Skog";"Skok"
"9511";"Skogh";"Skok"
"9512";"Skoh";"Skok"
"9513";"Skok";"Skok"
"9514";"Skok.";"Skok"
"9515";"Skoke";"Skok"
"9516";"Skokh";"Skok"
"9517";"Skokk";"Skok"
"9518";"Skokke";"Skok"
"9519";"Skolder";"Skok"
"9520";"Skooch";"Skok"
"9521";"Skoock";"Skok"
"9522";"Skook";"Skok"
"9523";"Skopk";"Skok"
"9524";"Skoppund";"Skippund"
"9525";"Skosk";"Skok"
"9526";"Skp.";"Skæppe"
"9527";"Skpe.";"Skæppe"
"9528";"Skper";"Skæppe"
"9529";"Skpp.";"Skæppe"
"9530";"Skppr.";"Skæppe"
"9531";"Skpr.";"Skæppe"
"9532";"Skrinne";"Skrin"
"9533";"Sks.";"Støcker"
"9534";"Skud";
"9535";"Skueck";"Skok"
"9536";"Skuffer";"Skive"
"9537";"Skyppund";"Skippund"
"9538";"Skypundt";"Skippund"
"9539";"Slb.";"Skippund"
"9540";"S-lb.";"Skippund"
"9541";"Sld.";"Rigsdaler"
"9542";"Slet hunder";"Hundred, Slet"
"9543";"Sma Baller";"Balle, Sma"
"9544";"Sma Ct";"Hundred, Sma"
"9545";"Sma Fad";"Fad, Sma"
"9546";"Sma fade";"Fad, Sma"
"9547";"Sma hundret";"Hundred, Sma"
"9548";"Sma hundrit";"Hundred, Sma"
"9549";"Sma korffue";"Kurv, Sma"
"9550";"Sma lester";"Læst, Sma"
"9551";"Sma paccker";"Pakke, Sma"
"9552";"Sma pache";"Pakke, Sma"
"9553";"Sma pacher";"Pakke, Sma"
"9554";"Sma Packe";"Pakke, Sma"
"9555";"Sma packer";"Pakke, Sma"
"9556";"Sma pakker";"Pakke, Sma"
"9557";"Sma Secke";"Sæk, Sma"
"9558";"Sma secker";"Sæk, Sma"
"9559";"Sma steen";"Sten, Sma"
"9560";"Sma støcke";"Støcker, Sma"
"9561";"Sma thädken";"Fadken"
"9562";"Sma thner.";"Tønde, Sma"
"9563";"Sma Thønd";"Tønde, Sma"
"9564";"Sma thønder";"Tønde, Sma"
"9565";"Sma thoner";"Tønde, Sma"
"9566";"Sma thøner";"Tønde, Sma"
"9567";"Sma Thønner";"Tønde, Sma"
"9568";"Sma thr";"Tønde, Sma"
"9569";"Sma thr.";"Tønde, Sma"
"9570";"Sma tønde";"Tønde, Sma"
"9571";"Smaa baller";"Balle, Sma"
"9572";"Smaa boetter";"Botte, Sma"
"9573";"Smaa bundt";"Bundner, Sma"
"9574";"Smaa bundter";"Bundner, Sma"
"9575";"Smaa bunter";"Bundner, Sma"
"9576";"Smaa bylter";"Bylt, Sma"
"9577";"Smaa C";"Hundred, Sma"
"9578";"Smaa casser";"Casser, Sma"
"9579";"Smaa faad";"Fad, Sma"
"9580";"Smaa fad";"Fad, Sma"
"9581";"Smaa fadde";"Fad, Sma"
"9582";"Smaa fade";"Fad, Sma"
"9583";"Smaa fadt";"Fad, Sma"
"9584";"Smaa fadtt";"Fad, Sma"
"9585";"Smaa fatjen";"Fadken, Sma"
"9586";"Smaa fatke";"Fadken, Sma"
"9587";"Smaa Fatkies";"Fadken, Sma"
"9588";"Smaa flasker";"Flaske, Sma"
"9589";"Smaa foeder";"Foder, Sma"
"9590";"Smaa fustag.";"Fustage, Sma"
"9591";"Smaa fustager";"Fustage, Sma"
"9592";"Smaa Fustagier";"Fustage, Sma"
"9593";"Smaa halff st-r";"Støcker, Sma halve"
"9594";"Smaa halffue th-ne";"Tønde, Sma halve"
"9595";"Smaa hollandsche paccker";"Pakke, Sma hollandse"
"9596";"Smaa hunder";"Hundred, Sma"
"9597";"Smaa hundert";"Hundred, Sma"
"9598";"Smaa hundred";"Hundred, Sma"
"9599";"Smaa hundrede";"Hundred, Sma"
"9600";"Smaa hundrett";"Hundred, Sma"
"9601";"Smaa hundrid";"Hundred, Sma"
"9602";"Smaa kiister";"Kiste, Sma"
"9603";"Smaa kister";"Kiste, Sma"
"9604";"Smaa kister og secker";"Kiste, Sma"
"9605";"Smaa kister og secker";"Sæk, Sma"
"9606";"Smaa Knaster";"Canaster, Sma"
"9607";"Smaa korffue";"Kurv, Sma"
"9608";"Smaa kurff";"Kurv, Sma"
"9609";"Smaa kurffuer";"Kurv, Sma"
"9610";"Smaa Kurffur";"Kurv, Sma"
"9611";"Smaa kurve";"Kurv, Sma"
"9612";"Smaa kyster";"Kiste, Sma"
"9613";"Smaa Lader";"Læst, Sma"
"9614";"Smaa Lester";"Læst, Sma"
"9615";"Smaa oc Stoere Kister";"Kiste, Sma"
"9616";"Smaa och Støre stocker";"Støcker, Sma och store"
"9617";"Smaa och Storre Fadde";"Fad, Sma och store"
"9618";"Smaa paccker";"Pakke, Sma"
"9619";"Smaa pacher";"Pakke, Sma"
"9620";"Smaa pack";"Pakke, Sma"
"9621";"Smaa packe";"Pakke, Sma"
"9622";"Smaa packer";"Pakke, Sma"
"9623";"Smaa Packher";"Pakke, Sma"
"9624";"Smaa paecker";"Pakke, Sma"
"9625";"Smaa pæckscher";"Pakke, Sma"
"9626";"Smaa Paker";"Pakke, Sma"
"9627";"Smaa piiber";"Pibe, Sma"
"9628";"Smaa ruller";"Ruller, Sma"
"9629";"Smaa Sacher";"Sæk, Sma"
"9630";"Smaa sacker";"Sæk, Sma"
"9631";"Smaa sække";"Sæk, Sma"
"9632";"Smaa schack";"Skok, Sma"
"9633";"Smaa Schock";"Skok, Sma"
"9634";"Smaa Schockh";"Skok, Sma"
"9635";"Smaa schuver";"Skive, Sma"
"9636";"Smaa secher";"Sæk, Sma"
"9637";"Smaa secke";"Sæk, Sma"
"9638";"Smaa secker";"Sæk, Sma"
"9639";"Smaa seker";"Sæk, Sma"
"9640";"Smaa Ste.";"Sten, Sma"
"9641";"Smaa støcker";"Støcker, Sma"
"9642";"Smaa Stykker";"Støcker, Sma"
"9643";"Smaa tde.";"Tønde, Sma"
"9644";"Smaa th.";"Tønde, Sma"
"9645";"Smaa thdr.";"Tønde, Sma"
"9646";"Smaa thønder";"Tønde, Sma"
"9647";"Smaa thonne";"Tønde, Sma"
"9648";"Smaa thonner";"Tønde, Sma"
"9649";"Smaa Thønner";"Tønde, Sma"
"9650";"Smaa th-r";"Tønde, Sma"
"9651";"Smaa thr.";"Tønde, Sma"
"9652";"Smaa th-r.";"Tønde, Sma"
"9653";"Smaa thussind";"Tusinde, Sma"
"9654";"Smaa thynder";"Tønde, Sma"
"9655";"Smaa thynnder";"Tønde, Sma"
"9656";"Smaa Tønden";"Tønde, Sma"
"9657";"Smaa tønder";"Tønde, Sma"
"9658";"Smaa Tønneks";"Tønde, Sma"
"9659";"Smaa tønner";"Tønde, Sma"
"9660";"Smaa tønnir";"Tønde, Sma"
"9661";"Smaa t-r";"Tønde, Sma"
"9662";"Smaa. Packer";"Pakke, Sma"
"9663";"Smaae casser";"Casser, Sma"
"9664";"Smaae fade";"Fad, Sma"
"9665";"Smaae Hundred";"Hundred, Sma"
"9666";"Smaae Hundrede";"Hundred, Sma"
"9667";"Smaae kasser";"Casser, Sma"
"9668";"Smaae Paker";"Pakke, Sma"
"9669";"Smaale lester";"Læst, Sma"
"9670";"Smaalle lester";"Læst, Sma"
"9671";"Smaapacker";"Pakke, Sma"
"9672";"Smaat";
"9673";"Smac hundrit";"Hundred, Sma"
"9674";"Smae Baeger";"Baeger, Sma"
"9675";"Smae baller";"Balle, Sma"
"9676";"Smae bolscher";
"9677";"Smae doussin";"Dusin, Sma"
"9678";"Smae fadt";"Fad, Sma"
"9679";"Smae hundredt";"Hundred, Sma"
"9680";"Smae hundret";"Hundred, Sma"
"9681";"Smae hundridt";"Hundred, Sma"
"9682";"Smae Hundrit";"Hundred, Sma"
"9683";"Smae Kaffer";"Casser, Sma"
"9684";"Smae Kister";"Kiste, Sma"
"9685";"Smae packer";"Pakke, Sma"
"9686";"Smae Packher";"Pakke, Sma"
"9687";"Smae paecker";"Pakke, Sma"
"9688";"Smae paker";"Pakke, Sma"
"9689";"Smae Poinsoens";"Puncheon, Sma"
"9690";"Smae Seche";"Sæk, Sma"
"9691";"Smae secke";"Sæk, Sma"
"9692";"Smae secker";"Sæk, Sma"
"9693";"Smae Seckher";"Sæk, Sma"
"9694";"Smae thonnder";"Tønde, Sma"
"9695";"Smae Thylter";"Tylt, Sma"
"9696";"Smae Tønder";"Tønde, Sma"
"9697";"Smaedt Lest";"Læst, Sma"
"9698";"Smaefadde";"Fad, Sma"
"9699";"Smaet hundridt";"Hundred, Sma"
"9700";"Smaet lester";"Læst, Sma"
"9701";"Smal lest";"Læst, Sma"
"9702";"Smal Tx.";"Tønde, Sma"
"9703";"Smale lest";"Læst, Sma"
"9704";"Smale lest.";"Læst, Sma"
"9705";"Smale lester";"Læst, Sma"
"9706";"Small lest";"Læst, Sma"
"9707";"Small lester";"Læst, Sma"
"9708";"Small lesth";"Læst, Sma"
"9709";"Small St-r";"Støcker, Sma"
"9710";"Smalle Balle";"Balle, Sma"
"9711";"Smalle hundrit";"Hundred, Sma"
"9712";"Smalle lest";"Læst, Sma"
"9713";"Smalle Lester";"Læst, Sma"
"9714";"Smalle Packer";"Pakke, Sma"
"9715";"Smalle støcke";"Støcker, Sma"
"9716";"Smalle Thndr";"Tønde, Sma"
"9717";"Smalle tønder";"Tønde, Sma"
"9718";"Smalle tonner";"Tønde, Sma"
"9719";"Smau Kister";"Kiste, Sma"
"9720";"Smell lest";"Læst, Sma"
"9721";"Smille";
"9722";"Smo stycke";"Støcker, Sma"
"9723";"Snees";"Snes"
"9724";"Sneese";"Snes"
"9725";"Snese";"Snes"
"9726";"Sness";"Snes"
"9727";"Soch";"Skok"
"9728";"Socher";"Sæk"
"9729";"Sock";"Sæk"
"9730";"Søck";"Sæk"
"9731";"Socke";"Sæk"
"9732";"Socker";"Sæk"
"9733";"Søcker";"Støcker"
"9734";"Søckh";"Sæk"
"9735";"Søeck";"Sæk"
"9736";"Soecker";"Sæk"
"9737";"Søecker";"Sæk"
"9738";"Sofer";
"9739";"Soickir";"Sæk"
"9740";"Sok";"Sæk"
"9741";"Solder";"Chaldron"
"9742";"Soldr";"Chaldron"
"9743";"Soldr.";"Chaldron"
"9744";"Solester";"Læst"
"9745";"Sollder";"Chaldron"
"9746";"Soller";"Chaldron"
"9747";"Som";
"9748";"Somfruer";
"9749";"Sonæ poetter";
"9750";"Sotker";"Støcker"
"9751";"Sp";"Speciedaler"
"9752";"Sp rd";"Speciedaler"
"9753";"Sp.";"Speciedaler"
"9754";"Spc rd";"Speciedaler"
"9755";"Spc.";"Speciedaler"
"9756";"Spcr.";"Speciedaler"
"9757";"Spd.";"Speciedaler"
"9758";"Spdl.";"Speciedaler"
"9759";"Speciedaller";"Speciedaler"
"9760";"Spedl.";"Rigsdaler"
"9761";"Speihel";
"9762";"Speil";
"9763";"Spg.";"Rigsdaler"
"9764";"Spibe";"Pibe"
"9765";"Spidsling";
"9766";"Spilt.";"Spiltraad"
"9767";"Spilter";"Spiltraad"
"9768";"Spiltraad";"Spiltraad"
"9769";"Spiltrad";"Spiltraad"
"9770";"Spiltraden";"Spiltraad"
"9771";"Spiltræ";"Spiltraad"
"9772";"Spiltrand";"Spiltraad"
"9773";"Spl rd";"Speciedaler"
"9774";"Spl.";"Speciedaler"
"9775";"Spn.";"Rigsdaler"
"9776";"Spr.";"Rigsdaler"
"9777";"Sprd.";"Speciedaler"
"9778";"Sprg.";"Rigsdaler"
"9779";"Sps.";"Rigsdaler"
"9780";"Spsrd.";"Speciedaler"
"9781";"Spund";"Skippund"
"9782";"Spund.";"Skippund"
"9783";"S-r";"Støcker"
"9784";"Sr.";"Støcker"
"9785";"S-r.";"Støcker"
"9786";"Sr.r";"Støcker"
"9787";"Srd.";"Rigsdaler"
"9788";"Sschippund";"Skippund"
"9789";"Sschoch";"Skok"
"9790";"Sshippds";"Skippund"
"9791";"Sshippund";"Skippund"
"9792";"Ssoicker";"Sæk"
"9793";"Ssticke";"Støcker"
"9794";"Sstucker";"Støcker"
"9795";"St";"Støcker"
"9796";"St.";"Støcker"
"9797";"St. Ring";"Støcker"
"9798";"St. Ringer";"Støcker"
"9799";"St.e";"Støcker"
"9800";"St.er";"Støcker"
"9801";"St.r";"Støcker"
"9802";"Stacher";"Støcker"
"9803";"Stacke";"Støcker"
"9804";"Stacken";"Støcker"
"9805";"Stacker";"Støcker"
"9806";"Stæcke";"Støcker"
"9807";"Stæcker";"Støcker"
"9808";"Stæckier";"Støcker"
"9809";"Staene";"Sten"
"9810";"Stænger";"Stanger"
"9811";"Stængh";"Stanger"
"9812";"Stæp";"Skæppe"
"9813";"Stang.";"Stanger"
"9814";"Stanger";"Stanger"
"9815";"Star.";"Stajo"
"9816";"Stara";"Stajo"
"9817";"Staras";"Stajo"
"9818";"Stare";"Stajo"
"9819";"Stares";"Stajo"
"9820";"Staro";"Stajo"
"9821";"Staros";"Stajo"
"9822";"Statensche Lester";"Læst, Statins"
"9823";"Statins lester";"Læst, Statins"
"9824";"Statinsche lester";"Læst, Statins"
"9825";"Statinshe Lester";"Læst, Statins"
"9826";"Statinske Lester";"Læst, Statins"
"9827";"Statinsske Lester";"Læst, Statins"
"9828";"Stauf";"Stoof"
"9829";"Stav.";"Stajo"
"9830";"Stavas";"Stajo"
"9831";"Stave";"Stave"
"9832";"Staver";"Stave"
"9833";"Stcher";"Støcker"
"9834";"Stcher.";"Støcker"
"9835";"Stck";"Støcker"
"9836";"Stck.";"Støcker"
"9837";"Stcke";"Støcker"
"9838";"Stcker";"Støcker"
"9839";"Stckier";"Støcker"
"9840";"Stcr";"Støcker"
"9841";"Stcr.";"Støcker"
"9842";"Ste";"Støcker"
"9843";"St-e";"Støcker"
"9844";"Ste.";"Støcker"
"9845";"Ste. corver";"Kurv"
"9846";"Ste. Dosin";"Dusin"
"9847";"Ste. Fadde Piber Ochsehoffder Packher etc.";"Stuckfad"
"9848";"Ste. Fadde Piber Ochsehoffder Packher etc.";"Pibe"
"9849";"Ste. Fadde Piber Ochsehoffder Packher etc.";"Oksehovede"
"9850";"Ste. Fadde Piber Ochsehoffder Packher etc.";"Pakke"
"9851";"Steche";"Støcker"
"9852";"Stecher";"Støcker"
"9853";"Steck";"Støcker"
"9854";"Steckanne";"Stechkanne"
"9855";"Steckannen";"Stechkanne"
"9856";"Stecke";"Støcker"
"9857";"Stecken";"Støcker"
"9858";"Stecker";"Støcker"
"9859";"Steckk.";"Stechkanne"
"9860";"Steckkan.";"Stechkanne"
"9861";"Steckkanne";"Stechkanne"
"9862";"Steckkannen";"Stechkanne"
"9863";"Stecs";"Støcker"
"9864";"Steecker";"Støcker"
"9865";"Steel";
"9866";"Steem";"Sten"
"9867";"Steen";"Sten"
"9868";"Steende";"Sten"
"9869";"Steene";"Sten"
"9870";"Steenen";"Sten"
"9871";"Steener";"Sten"
"9872";"Steenn";"Sten"
"9873";"Steenne";"Sten"
"9874";"Stegh";
"9875";"Stehen";"Sten"
"9876";"Stehn";"Sten"
"9877";"Stehnn";"Sten"
"9878";"Stein";"Sten"
"9879";"Stekan";"Stechkanne"
"9880";"Stekan.";"Stechkanne"
"9881";"Steke";"Støcker"
"9882";"Steker";"Støcker"
"9883";"Stekkan.";"Stechkanne"
"9884";"Stekkans.";"Stechkanne"
"9885";"Stell";"Stel"
"9886";"Sten";"Sten"
"9887";"Sten.";"Sten"
"9888";"Stene";"Sten"
"9889";"Stenen";"Sten"
"9890";"Stener";"Sten"
"9891";"Stenger";"Stanger"
"9892";"Stenn";"Sten"
"9893";"Stennd";"Sten"
"9894";"Stenne";"Sten"
"9895";"Stennn";"Sten"
"9896";"Stens";"Sten"
"9897";"Ster";"Støcker"
"9898";"Ster.";"Støcker"
"9899";"Sterett Hundred";"Hundred, Sterett"
"9900";"Stettiner læster";"Læst, Stettiner"
"9901";"Stettiner lester";"Læst, Stettiner"
"9902";"Stettinsche lester";"Læst, Stettiner"
"9903";"Stg.";"Støcker"
"9904";"Stheen";"Sten"
"9905";"Stheenn";"Sten"
"9906";"Sthen";"Sten"
"9907";"Sthen.";"Sten"
"9908";"Sthenn";"Sten"
"9909";"Sthock";"Skok"
"9910";"Sthocker";"Støcker"
"9911";"Sthøcker";"Støcker"
"9912";"Sthockh";"Støcker"
"9913";"Sthoeck";"Støcker"
"9914";"Sthøeck";"Støcker"
"9915";"Sthr.";"Støcker"
"9916";"Sthycker";"Støcker"
"9917";"Sti.";"Støcker"
"9918";"Sticke";"Støcker"
"9919";"Sticker";"Støcker"
"9920";"Stiecker";"Støcker"
"9921";"Stien";"Sten"
"9922";"Stienn";"Sten"
"9923";"Stiicker";"Støcker"
"9924";"Stiickfade";"Stuckfad"
"9925";"Stijcher";"Støcker"
"9926";"Stijck";"Støcker"
"9927";"Stijcke";"Støcker"
"9928";"Stijcker";"Støcker"
"9929";"Stijckker";"Støcker"
"9930";"Stijecker";"Støcker"
"9931";"Stijker";"Støcker"
"9932";"Stijkker";"Støcker"
"9933";"Stinn";"Sten"
"9934";"Stiuch";"Støcker"
"9935";"Stiucher";"Støcker"
"9936";"Stiucker";"Støcker"
"9937";"Stj.";"Støcker"
"9938";"Stk";"Støcker"
"9939";"Stk.";"Støcker"
"9940";"Stk. eller roller";"Støcker"
"9941";"Stk. eller roller";"Ruller"
"9942";"Stk. faede";"Stuckfad"
"9943";"Stk. halve";"Støcker, Halve"
"9944";"Stk. heele";"Støcker"
"9945";"Stk. og oksehovede";"Oksehovede"
"9946";"Stk. og oksehovede";"Støcker"
"9947";"Stk. og piiber";"Pibe"
"9948";"Stk. og piiber";"Støcker"
"9951";"Stke.";"Støcker"
"9952";"Stker";"Støcker"
"9953";"Stker.";"Støcker"
"9954";"Stkr";"Støcker"
"9955";"Stkr.";"Støcker"
"9956";"Stks.";"Støcker"
"9957";"Stkx.";"Støcker"
"9958";"Stn.";"Sten"
"9959";"Stø";"Støcker"
"9960";"Stø.";"Støcker"
"9961";"Støc.";"Støcker"
"9962";"Stocch";"Støcker"
"9963";"Stoccker";"Støcker"
"9964";"Støccker";"Støcker"
"9965";"Stoch";"Støcker"
"9966";"Støch";"Støcker"
"9967";"Støch Fade";"Stuckfad"
"9968";"Støch.";"Støcker"
"9969";"Støch. halffue";"Støcker"
"9970";"Stoche";"Støcker"
"9971";"Støche";"Støcker"
"9972";"Stoched";"Støcker"
"9973";"Støchen";"Støcker"
"9974";"Stocher";"Støcker"
"9975";"Støcher";"Støcker"
"9976";"Støcher Fadde Piber Ochsehoffder Kister Kasser";"Støcker"
"9977";"Støcher Fadde Piber Ochsehoffder Kister Kasser";"Fad"
"9978";"Støcher Fadde Piber Ochsehoffder Kister Kasser";"Pibe"
"9979";"Støcher Fadde Piber Ochsehoffder Kister Kasser";"Oksehovede"
"9980";"Støcher Fadde Piber Ochsehoffder Kister Kasser";"Kiste"
"9981";"Støcher Fadde Piber Ochsehoffder Kister Kasser";"Casser"
"9982";"Støches";"Støcker"
"9983";"Stochfad";"Stuckfad"
"9984";"Støchfad";"Stuckfad"
"9985";"Stochfade";"Stuckfad"
"9986";"Støchfade";"Stuckfad"
"9987";"Støchn";"Støcker"
"9988";"Stochr";"Støcker"
"9989";"Støchr";"Støcker"
"9990";"Støchr.";"Støcker"
"9991";"Støchs";"Støcker"
"9992";"Støcjer";"Støcker"
"9993";"Stock";"Støcker"
"9994";"Støck";"Støcker"
"9995";"Stock hundred";"Hundred"
"9996";"Stock hundrit";"Hundred"
"9997";"Støck Hundrit";"Hundred"
"9998";"Støck oxehod";"Oksehovede"
"9999";"Stock.";"Støcker"
"10000";"Støck.";"Støcker"
"10001";"Stock.r";"Støcker"
"10002";"Støck.r";"Støcker"
"10003";"Stocke";"Støcker"
"10004";"Støcke";"Støcker"
"10005";"Støcke.";"Støcker"
"10006";"Støckee";"Støcker"
"10007";"Støckeer";"Støcker"
"10008";"Stocken";"Støcker"
"10009";"Støcken";"Støcker"
"10010";"Støckenn";"Støcker"
"10011";"Stocker";"Støcker"
"10012";"Støcker";"Støcker"
"10013";"Støcker eller korffue";"Støcker"
"10014";"Støcker eller korffue";"Kurv"
"10015";"Støckern";"Støcker"
"10016";"Støckerr";"Støcker"
"10017";"Støckes";"Støcker"
"10018";"Stockfad";"Stuckfad"
"10019";"Støckfade";"Stuckfad"
"10020";"Stockh";"Støcker"
"10021";"Støckh";"Støcker"
"10022";"Støckhe";"Støcker"
"10023";"Stockher";"Støcker"
"10024";"Støckher";"Støcker"
"10025";"Stockier";"Støcker"
"10026";"Støckier";"Støcker"
"10027";"Støckjer";"Støcker"
"10028";"Stockkanne";"Stechkanne"
"10029";"Støckker";"Støcker"
"10030";"Stockr";"Støcker"
"10031";"Støckr";"Støcker"
"10032";"Støck-r";"Støcker"
"10033";"Støckr.";"Støcker"
"10034";"Stoe Hundert";"Hundred, Store"
"10035";"Støecer";"Støcker"
"10036";"Stoech";"Støcker"
"10037";"Stoeche";"Støcker"
"10038";"Støeche";"Støcker"
"10039";"Stoecher";"Støcker"
"10040";"Støecher";"Støcker"
"10041";"Stoeck";"Støcker"
"10042";"Støeck";"Støcker"
"10043";"Stoecke";"Støcker"
"10044";"Støecke";"Støcker"
"10045";"Stoecker";"Støcker"
"10046";"Støecker";"Støcker"
"10047";"Støecker Fauffne";"Favn"
"10048";"Støeckers";"Støcker"
"10049";"Støeckher";"Støcker"
"10050";"Støeckler";"Støcker"
"10051";"Støeckr";"Støcker"
"10052";"Støeher";"Støcker"
"10053";"Støeke";"Støcker"
"10054";"Stoeker";"Støcker"
"10055";"Støeker";"Støcker"
"10056";"Støekker";"Støcker"
"10057";"Stoer emballirte kiste";"Kiste, Stoer emballirte"
"10058";"Stoer hunder";"Hundred, Store"
"10059";"Stoer hundere";"Hundred, Store"
"10060";"Stoer hunderede";"Hundred, Store"
"10061";"Stoer hundert";"Hundred, Store"
"10062";"Stoer hundre";"Hundred, Store"
"10063";"Stoer hundred";"Hundred, Store"
"10064";"Stoer Hundrede";"Hundred, Store"
"10065";"Stoer hundrit";"Hundred, Store"
"10066";"Stoer hundrite";"Hundred, Store"
"10067";"Stoer kister";"Kiste, Store"
"10068";"Stoer Kurff";"Kurv, Store"
"10069";"Stoer Lest";"Læst, Store"
"10070";"Støer lest";"Læst, Store"
"10071";"Stoer lester";"Læst, Store"
"10072";"Støer lester";"Læst, Store"
"10073";"Stoer packe";"Pakke, Store"
"10074";"Stoer parti";"Parti, Store"
"10075";"Stoer Secke";"Sæk, Store"
"10076";"Stoer Seckh";"Sæk, Store"
"10077";"Stoerbandt Lester";"Læst, Store"
"10078";"Stoerdt fadt";"Fad, Store"
"10079";"Stoerdt hundridt";"Hundred, Store"
"10080";"Stoerdt hundrit";"Hundred, Store"
"10081";"Stoere C.";"Hundred, Store"
"10082";"Stoere ct.";"Hundred, Store"
"10083";"Stoere hunder";"Hundred, Store"
"10084";"Stoere Hunderde";"Hundred, Store"
"10085";"Stoere hundert";"Hundred, Store"
"10086";"Stoere Hundre";"Hundred, Store"
"10087";"Stoere hundred";"Hundred, Store"
"10088";"Stoere hundrede";"Hundred, Store"
"10089";"Stoere Hundrett";"Hundred, Store"
"10090";"Stoere hundrit";"Hundred, Store"
"10091";"Stoere læster";"Læst, Store"
"10092";"Stoere Lest";"Læst, Store"
"10093";"Stoere lester";"Læst, Store"
"10094";"Støere Lester";"Læst, Store"
"10095";"Stoere Lestir";"Læst, Store"
"10096";"Stoere of smaa packer";"Pakke, Sma"
"10097";"Stoere of smaa packer";"Pakke, Store"
"10098";"Stoerer hundit";"Hundred, Store"
"10099";"Stoerer hundre";"Hundred, Store"
"10100";"Stoerer hundrit";"Hundred, Store"
"10101";"Stoerer lester";"Læst, Store"
"10102";"Støerer Lester";"Læst, Store"
"10103";"Stoeres Lester";"Læst, Store"
"10104";"Stoerhunder";"Hundred, Store"
"10105";"Stoerhundre";"Hundred, Store"
"10106";"Stoerlester";"Læst, Store"
"10107";"Støerre";"Læst, Store"
"10108";"Stoerre Hunder";"Hundred, Store"
"10109";"Stoerre hunderd";"Hundred, Store"
"10110";"Stoerre Hundred";"Hundred, Store"
"10111";"Støerre hundred";"Hundred, Store"
"10112";"Stoerre hundrede";"Hundred, Store"
"10113";"Stoerre hundridt";"Hundred, Store"
"10114";"Støerre hundridt";"Hundred, Store"
"10115";"Stoerre hundrit";"Hundred, Store"
"10116";"Stoerre læster";"Læst, Store"
"10117";"Støerre læster";"Læst, Store"
"10118";"Stoerre lester";"Læst, Store"
"10119";"Støerre Lester";"Læst, Store"
"10120";"Stoerre Lestir";"Læst, Store"
"10121";"Stoert hundred";"Hundred, Store"
"10122";"Stoert Hundrit";"Hundred, Store"
"10123";"Stoerthundrid";"Hundred, Store"
"10124";"Stoertt Hundred";"Hundred, Store"
"10125";"Stoertt Hundrede";"Hundred, Store"
"10126";"Stoet Hundrit";"Hundred, Store"
"10127";"Stoewe";
"10128";"Stof";"Stoof"
"10129";"Stof.";"Stoof"
"10130";"Stoff";"Stoof"
"10131";"Støffue";
"10132";"Støhe";"Støcker"
"10133";"Støher";"Støcker"
"10134";"Støhn";"Støcker"
"10135";"Stoicher";"Støcker"
"10136";"Stoicker";"Støcker"
"10137";"Støicker";"Støcker"
"10138";"Stoir packe";"Pakke, Store"
"10139";"Stoire Lestir";"Læst, Store"
"10140";"Stoirre Lestir";"Læst, Store"
"10141";"Stok";"Støcker"
"10142";"Støk";"Støcker"
"10143";"Stoke";"Støcker"
"10144";"Støke";"Støcker"
"10145";"Støken";"Støcker"
"10146";"Stoker";"Støcker"
"10147";"Støker";"Støcker"
"10148";"Stoker Lester";"Læst"
"10149";"Støker par";"Støcker"
"10150";"Støkers";"Støcker"
"10151";"Stokh";"Støcker"
"10152";"Stokh.";"Støcker"
"10153";"Støkh.";"Støcker"
"10154";"Stokher";"Støcker"
"10155";"Støkier";"Støcker"
"10156";"Støkke";"Støcker"
"10157";"Stokker";"Støcker"
"10158";"Støkker";"Støcker"
"10159";"Støkr";"Støcker"
"10160";"Støkr.";"Støcker"
"10161";"Stole";
"10162";"Ston";
"10163";"Stoøcher";"Støcker"
"10164";"Støock";"Støcker"
"10165";"Stoøcke";"Støcker"
"10166";"Støocker";"Støcker"
"10167";"Støøcker";"Støcker"
"10168";"Stoof";"Stoof"
"10169";"Stoop";"Stoop"
"10170";"Stor Ct.";"Hundred, Store"
"10171";"Stor Hondert";"Hundred, Store"
"10172";"Stor Hunder";"Hundred, Store"
"10173";"Stor hundert";"Hundred, Store"
"10174";"Stor hundred";"Hundred, Store"
"10175";"Stor Hundret";"Hundred, Store"
"10176";"Stor hundrit";"Hundred, Store"
"10177";"Stor hundrt";"Hundred, Store"
"10178";"Stor lest";"Læst, Store"
"10179";"Stor lester";"Læst, Store"
"10180";"Stor paecke";"Pakke, Store"
"10181";"Stor. Ct.";"Hundred, Store"
"10182";"Stor. hunder";"Hundred, Store"
"10183";"Storch.";"Støcker"
"10184";"Størcher";"Støcker"
"10185";"Storcker";"Støcker"
"10186";"Størcker";"Støcker"
"10187";"Store Baller";"Balle, Store"
"10188";"Store Ct.";"Hundred, Store"
"10189";"Støre Ct.";"Hundred, Store"
"10190";"Store fad";"Fad, Store"
"10191";"Støre fad";"Fad, Store"
"10192";"Store fade";"Fad, Store"
"10193";"Store hunder";"Hundred, Store"
"10194";"Støre hunder";"Hundred, Store"
"10195";"Store Hundere";"Hundred, Store"
"10196";"Store hunderr";"Hundred, Store"
"10197";"Store hundert";"Hundred, Store"
"10198";"Støre hundert";"Hundred, Store"
"10199";"Store hundre";"Hundred, Store"
"10200";"Store hundred";"Hundred, Store"
"10201";"Støre hundred";"Hundred, Store"
"10202";"Store hundrede";"Hundred, Store"
"10203";"Store hundrer";"Hundred, Store"
"10204";"Store hundrert";"Hundred, Store"
"10205";"Store Hundret";"Hundred, Store"
"10206";"Store hundrid";"Hundred, Store"
"10207";"Store hundried";"Hundred, Store"
"10208";"Store Hundrit";"Hundred, Store"
"10209";"Støre hundrit";"Hundred, Store"
"10210";"Store hunndred";"Hundred, Store"
"10211";"Store hunndredt";"Hundred, Store"
"10212";"Store Hunndrit";"Hundred, Store"
"10213";"Store kiister";"Kiste, Store"
"10214";"Store kister";"Kiste, Store"
"10215";"Store Korffue";"Kurv, Store"
"10216";"Store læster";"Læst, Store"
"10217";"Støre læster";"Læst, Store"
"10218";"Store laster";"Læst, Store"
"10219";"Store Lest";"Læst, Store"
"10220";"Store lest.";"Læst, Store"
"10221";"Store leste.";"Læst, Store"
"10222";"Store lester";"Læst, Store"
"10223";"Støre lester";"Læst, Store"
"10224";"Store och smae packer";"Pakke, Store"
"10225";"Store och smae packer";"Pakke, Sma"
"10226";"Store oxeh.";"Oksehovede, Store"
"10227";"Store Oxehoffer";"Oksehovede, Store"
"10228";"Store oxehov.";"Oksehovede, Store"
"10229";"Store seche";"Sæk, Store"
"10230";"Store secke";"Sæk, Store"
"10231";"Store secker";"Sæk, Store"
"10232";"Storehunderd";"Hundred, Store"
"10233";"Storehundert";"Hundred, Store"
"10234";"Storehundrit";"Hundred, Store"
"10235";"Storen";
"10236";"Storer hundred";"Hundred, Store"
"10237";"Storer hundrid";"Hundred, Store"
"10238";"Storer Lester";"Læst, Store"
"10239";"Stører lester";"Læst, Store"
"10240";"Storhund.";"Hundred, Store"
"10241";"Storhunder";"Hundred, Store"
"10242";"Storhundrede";"Hundred, Store"
"10243";"Storhundrid";"Hundred, Store"
"10244";"Storhundt";"Hundred, Store"
"10245";"Stork Hundrit";"Hundred, Store"
"10246";"Storker";"Støcker"
"10247";"Størker";"Støcker"
"10248";"Storr hunderde";"Hundred, Store"
"10249";"Storr Hundert";"Hundred, Store"
"10250";"Storr hundredr";"Hundred, Store"
"10251";"Storr Hundrit";"Hundred, Store"
"10252";"Storr hunndredt";"Hundred, Store"
"10253";"Storr lester";"Læst, Store"
"10254";"Storr lestir";"Læst, Store"
"10255";"Storre balle";"Balle, Store"
"10256";"Storre baller";"Balle, Store"
"10257";"Storre Hunderde";"Hundred, Store"
"10258";"Storre hundert";"Hundred, Store"
"10259";"Storre hundertt";"Hundred, Store"
"10260";"Storre Hundred";"Hundred, Store"
"10261";"Storre hundrede";"Hundred, Store"
"10262";"Storre Hundredt";"Hundred, Store"
"10263";"Storre Hundret";"Hundred, Store"
"10264";"Storre hundrett";"Hundred, Store"
"10265";"Storre Hundrit";"Hundred, Store"
"10266";"Større læster";"Læst, Store"
"10267";"Storre lest";"Læst, Store"
"10268";"Storre Lester";"Læst, Store"
"10269";"Større Lester";"Læst, Store"
"10270";"Storre lestir";"Læst, Store"
"10271";"Storre och smaa ringer";"Ring, Store och sma"
"10272";"Større og minder collys";"Colli, Store och minder"
"10273";"Storre sacke";"Sæk, Store"
"10274";"Storre Schock";"Skok, Store"
"10275";"Storre Secke";"Sæk, Store"
"10276";"Storre secker";"Sæk, Store"
"10277";"Storre Seker";"Sæk, Store"
"10278";"Størrker";"Støcker, Store"
"10279";"Stort hunder";"Hundred, Store"
"10280";"Stort hundert";"Hundred, Store"
"10281";"Stort hundre";"Hundred, Store"
"10282";"Stort hundred";"Hundred, Store"
"10283";"Stort hundret";"Hundred, Store"
"10284";"Stort Hundrit";"Hundred, Store"
"10285";"Storth.";"Hundred, Store"
"10286";"Storthund.";"Hundred, Store"
"10287";"Storthunder";"Hundred, Store"
"10288";"Storthundert";"Hundred, Store"
"10289";"Storthundr.";"Hundred, Store"
"10290";"Storthundre";"Hundred, Store"
"10291";"Storthundred";"Hundred, Store"
"10292";"Storthundrid";"Hundred, Store"
"10293";"Stortt";"Læst, Store"
"10294";"Stortt Hunder";"Hundred, Store"
"10295";"Stortt hundred";"Hundred, Store"
"10296";"Stortt hundrid";"Hundred, Store"
"10297";"Stortthudrid";"Hundred, Store"
"10298";"Stortthundrid";"Hundred, Store"
"10299";"Storttt Hundred";"Hundred, Store"
"10300";"Stortusende";"Tusinde, Store"
"10301";"Stoster";
"10302";"Stoucker";"Støcker"
"10303";"Stour qter";"Quardel, Store"
"10304";"Stoure hundride";"Hundred, Store"
"10305";"Stox";"Støcker"
"10306";"Støx";"Støcker"
"10307";"Stox anndeell";"En del"
"10308";"Støx.";"Støcker"
"10309";"Støxcker";"Støcker"
"10310";"Stp.";"Støcker"
"10311";"Stq";"Støcker"
"10312";"Stq.";"Støcker"
"10313";"Stqr";"Støcker"
"10314";"Stqr,";"Støcker"
"10315";"Stqr.";"Støcker"
"10316";"Str";"Støcker"
"10317";"St-r";"Støcker"
"10318";"Str,";"Støcker"
"10319";"Str.";"Støcker"
"10320";"St-r.";"Støcker"
"10321";"Straa";
"10322";"Straalsunsche Lester";"Læst, Stralsunds"
"10323";"Straelssundtske Lester";"Læst, Stralsunds"
"10324";"Straelssunske lest";"Læst, Stralsunds"
"10325";"Straelsundiske lest.";"Læst, Stralsunds"
"10326";"Straelsundske lester";"Læst, Stralsunds"
"10327";"Straelsundts Lester";"Læst, Stralsunds"
"10328";"Straelsundtse lester";"Læst, Stralsunds"
"10329";"Strallsundis Lester";"Læst, Stralsunds"
"10330";"Strallsundishe Lester";"Læst, Stralsunds"
"10331";"Strallsundsche lester";"Læst, Stralsunds"
"10332";"Stribber";
"10333";"Stricker";"Støcker"
"10334";"Strk.";"Støcker"
"10335";"Strøcker";"Støcker"
"10336";"Strøecker";"Støcker"
"10337";"Strqr.";"Støcker"
"10338";"Sts.";"Støcker"
"10339";"Stsr.";"Støcker"
"10340";"Sttucker";"Støcker"
"10341";"Stube";
"10342";"Stuch";"Støcker"
"10343";"Stuch.";"Støcker"
"10344";"Stuche";"Støcker"
"10345";"Stucher";"Støcker"
"10346";"Stuchre";"Støcker"
"10347";"Stuchuer";"Støcker"
"10348";"Stuck";"Støcker"
"10351";"Stuck.";"Støcker"
"10352";"Stucke";"Støcker"
"10353";"Stucken";"Støcker"
"10354";"Stuckene";"Støcker"
"10355";"Stuckenn";"Støcker"
"10356";"Stucker";"Støcker"
"10357";"Stuckern";"Støcker"
"10358";"Stuckes";"Støcker"
"10359";"Stuckfade";"Stuckfad"
"10360";"Stuckfarde";"Stuckfad"
"10361";"Stuckh";"Støcker"
"10362";"Stuckj";"Støcker"
"10363";"Stuckker";"Støcker"
"10364";"Stucks";"Støcker"
"10365";"Stuckter";"Støcker"
"10366";"Stuecke";"Støcker"
"10367";"Stuecker";"Støcker"
"10368";"Stuerer Lester";"Læst, Store"
"10369";"Stufuer";
"10370";"Stufver";"Støcker"
"10371";"Stuk";"Støcker"
"10372";"Stuk.";"Støcker"
"10373";"Stukcer";"Støcker"
"10374";"Stuke";"Støcker"
"10375";"Stuker";"Støcker"
"10376";"Stukjer";"Støcker"
"10377";"Stukk.";"Støcker"
"10378";"Stukker";"Støcker"
"10379";"Stuks";"Støcker"
"10380";"Stumper";
"10381";"Stuoere Lester";"Læst, Store"
"10382";"Stuore lester";"Læst, Store"
"10383";"Stuorre Lester";"Læst, Store"
"10384";"Stuver";"Støcker"
"10385";"Stux";"Støcker"
"10386";"Stuycker";"Støcker"
"10387";"Stuyckeri";"Støcker"
"10388";"Stx";"Støcker"
"10389";"Stx och fade";"Fad"
"10390";"Stx och fade";"Støcker"
"10391";"Stx.";"Støcker"
"10392";"Stxe";"Støcker"
"10393";"Stxe.";"Støcker"
"10394";"Stxr";"Støcker"
"10395";"Stxr.";"Støcker"
"10396";"Stxr. 2/2";"Støcker"
"10397";"Stxr. Piber Fadde Secher Txr. etc.";"Støcker"
"10398";"Stxr. Piber Fadde Secher Txr. etc.";"Pibe"
"10399";"Stxr. Piber Fadde Secher Txr. etc.";"Fad"
"10400";"Stxr. Piber Fadde Secher Txr. etc.";"Sæk"
"10401";"Stxr. Piber Fadde Secher Txr. etc.";"Tønde"
"10402";"Stxs.";"Støcker"
"10403";"Stxxr.";"Støcker"
"10404";"Stycccker";"Støcker"
"10405";"Styccke";"Støcker"
"10406";"Styccken";"Støcker"
"10407";"Styccker";"Støcker"
"10408";"Stych fader";"Støcker"
"10409";"Styche";"Støcker"
"10410";"Stycher";"Støcker"
"10411";"Stychr";"Støcker"
"10412";"Stychr.";"Støcker"
"10413";"Styck";"Støcker"
"10414";"Stycke";"Støcker"
"10415";"Stycken";"Støcker"
"10416";"Stycker";"Støcker"
"10417";"Styckr.";"Støcker"
"10418";"Styddker";"Støcker"
"10419";"Styecher";"Støcker"
"10420";"Styecke";"Støcker"
"10421";"Styecker";"Støcker"
"10422";"Styeher";"Støcker"
"10423";"Styer.";"Støcker"
"10424";"Styger";"Støcker"
"10425";"Styk";"Støcker"
"10426";"Styk.";"Støcker"
"10427";"Styker";"Støcker"
"10428";"Stykk.";"Støcker"
"10429";"Stykke";"Støcker"
"10430";"Stykker";"Støcker"
"10431";"Stykkere";"Støcker"
"10432";"Stykket";"Støcker"
"10433";"Stykkker";"Støcker"
"10434";"Stykr.";"Støcker"
"10435";"Styr";"Støcker"
"10436";"Styr.";"Støcker"
"10437";"Stytkker";"Støcker"
"10438";"Styver";"Støcker"
"10439";"Styycker";"Støcker"
"10440";"Sucher";"Støcker"
"10441";"Sucke";"Støcker"
"10442";"Sucker";"Støcker"
"10443";"Sucker kiste";"Kiste"
"10444";"Suedisk lester";"Læst, Suedisk"
"10445";"Suediske Lester";"Læst, Suedisk"
"10446";"Suensche daller";
"10447";"Suese Læster";"Læst, Suese"
"10448";"Sx.";"Støcker"
"10449";"Syntener";"Centner"
"10450";"Synttener";"Centner"
"10451";"Syvende boot";"Botte, Syvende"
"10452";"T";"Ton"
"10453";"T.";"Tønde"
"10454";"T. der";"Tønde"
"10455";"T.de";"Tønde"
"10456";"T.der";"Tønde"
"10457";"T.dr";"Tønde"
"10458";"T.r";"Tønde"
"10459";"Tælle";"Tal"
"10460";"Takker";
"10461";"Tal.";"Tal"
"10462";"Tall";"Tal"
"10463";"Tander";"Tønde"
"10464";"Tar.";"Tønde"
"10465";"Tarsses";"Tierce"
"10466";"Taschen";
"10467";"Tascher";
"10468";"Tchetsv.";"Chetvert"
"10469";"Tchetsverts";"Chetvert"
"10470";"Tchetsw.";"Chetvert"
"10471";"Tchetswerts";"Chetvert"
"10472";"Tchetverck";"Chetvert"
"10473";"Tchetverts";"Chetvert"
"10474";"Tchetw.";"Chetvert"
"10475";"Tchetwert";"Chetvert"
"10476";"Tchetwerts";"Chetvert"
"10477";"Tchetwt.";"Chetvert"
"10478";"Tchetwts.";"Chetvert"
"10479";"Tchtw.";"Chetvert"
"10480";"Tchtwerck.";"Chetvert"
"10481";"Tchtwerts.";"Chetvert"
"10482";"Tchtwets.";"Chetvert"
"10483";"Tchwerck.";"Chetvert"
"10484";"Td";"Tønde"
"10485";"Td.";"Tønde"
"10486";"Tde";"Tønde"
"10487";"Tde.";"Tønde"
"10488";"Tde. och fade";"Tønde"
"10489";"Tde. och fade";"Fad"
"10490";"Tde. Woger";"Vog"
"10491";"Tder";"Tønde"
"10492";"Tder.";"Tønde"
"10493";"Tdner";"Tønde"
"10494";"Tdner.";"Tønde"
"10495";"Tdnn";"Tønde"
"10496";"Tdnn.";"Tønde"
"10497";"Tdnr";"Tønde"
"10498";"Tdnr.";"Tønde"
"10499";"Tdr";"Tønde"
"10500";"Tdr.";"Tønde"
"10503";"Tdre.";"Tønde"
"10504";"Tdver";"Tønde"
"10505";"Tdx.";"Tønde"
"10506";"Te";"Tønde"
"10507";"T-e";"Tønde"
"10508";"Te nr";"Tønde"
"10509";"Te,.";"Tønde"
"10510";"Te.";"Tønde"
"10511";"Te. de";"Tønde"
"10512";"Te. der";"Tønde"
"10513";"Te. dr.";"Tønde"
"10514";"Te. eller skippund";"Skippund"
"10515";"Te. eller skippund";"Tønde"
"10516";"Te. ner";"Tønde"
"10517";"Te. ner och fadde";"Tønde"
"10518";"Te. ner och fadde";"Fad"
"10519";"Te. och fadde";"Tønde"
"10520";"Te. och fadde";"Fad"
"10521";"Te.de";"Tønde"
"10522";"Te.der";"Tønde"
"10523";"Te.dr";"Tønde"
"10524";"Te.ne";"Tønde"
"10525";"Te.ner";"Tønde"
"10526";"Te.nr";"Tønde"
"10527";"Te.og fadde";"Tønde"
"10528";"Te.og fadde";"Fad"
"10529";"Ted.";"Tønde"
"10530";"Tede.";"Tønde"
"10531";"Teder";"Tønde"
"10532";"Tedr.";"Tønde"
"10533";"Telester";"Toelast"
"10534";"Teltstocke";
"10535";"Tener.";"Tønde"
"10536";"Tenn.";"Tønde"
"10537";"Ter";"Tønde"
"10538";"Ter.";"Tønde"
"10539";"Ter. or Faeder";"Tønde"
"10540";"Ter. or Faeder";"Fad"
"10541";"Terdz";"Tierce"
"10542";"Terer";"Tønde"
"10543";"Terschen";"Tierce"
"10544";"Terse";"Tierce"
"10545";"Terser";"Tierce"
"10546";"Tersers";"Tierce"
"10547";"Terses";"Tierce"
"10548";"Tersses";"Tierce"
"10549";"Terssies";"Tierce"
"10550";"Terssis";"Tierce"
"10551";"Terssjen";"Tierce"
"10552";"Terssjenn";"Tierce"
"10553";"Terter";"Tierce"
"10554";"Tertie";"Tierce"
"10555";"Terties";"Tierce"
"10556";"Tertz";"Tierce"
"10557";"Tertzie";"Tierce"
"10558";"Tes";"Tønde"
"10559";"Teter";"Tylt"
"10560";"Tetr.";"Tylt"
"10561";"Th";"Tønde"
"10562";"Th.";"Tønde"
"10563";"Th. eller woger";"Tønde"
"10564";"Th. eller woger";"Vog"
"10565";"Th..r";"Tønde"
"10566";"Th.der";"Tønde"
"10567";"Th.ne";"Tønde"
"10568";"Th.ner";"Tønde"
"10569";"Th.nner";"Tønde"
"10570";"Th.nr";"Tønde"
"10571";"Th.r";"Tønde"
"10572";"Th.-r";"Tønde"
"10573";"Th.t";"Tønde"
"10574";"Thalltter";"Tylt"
"10575";"Thammid";"Tremet"
"10576";"Thd";"Tønde"
"10577";"Thd.";"Tønde"
"10578";"Thde.";"Tønde"
"10579";"Thder.";"Tønde"
"10580";"Thdr.";"Tønde"
"10581";"The";"Tønde"
"10582";"Th-e";"Tønde"
"10583";"The.";"Tønde"
"10584";"Thed.";"Tønde"
"10585";"Theers";"Tierce"
"10586";"Themmer";"Tønde"
"10587";"Theøndr";"Tønde"
"10588";"Ther";"Tønde"
"10589";"Th-er";"Tønde"
"10590";"Ther.";"Tønde"
"10591";"Therdtz";"Tierce"
"10592";"Therser";"Tierce"
"10593";"Therss";"Tierce"
"10594";"Thersse";"Tierce"
"10595";"Thertz";"Tierce"
"10596";"Thetsv.";"Tierce"
"10597";"Thetswerts";"Chetvert"
"10598";"Thetv.";"Chetvert"
"10599";"Theusende";"Tusinde"
"10600";"Theylter";"Tylt"
"10601";"Thieltter";"Tylt"
"10602";"Thiend";"Tønde"
"10603";"Thierritt";
"10604";"Thiers";"Tierce"
"10605";"Thijbe";
"10606";"Thijl.";"Tylt"
"10607";"Thijllcher";"Tylt"
"10608";"Thijllther";"Tylt"
"10609";"Thijlt";"Tylt"
"10610";"Thijlter";"Tylt"
"10611";"Thijlther";"Tylt"
"10612";"Thijltter";"Tylt"
"10613";"Thijmmer";"Zimmer"
"10614";"Thijnnder";"Tønde"
"10615";"Thijnner";"Tønde"
"10616";"Thil.";"Tylt"
"10617";"Thillter";"Tylt"
"10618";"Thilter";"Tylt"
"10619";"Thilther";"Tylt"
"10620";"Thiltter";"Tylt"
"10621";"Thimmer";"Zimmer"
"10622";"Th-iner";"Tønde"
"10623";"Thinne";
"10624";"Thiyltter";"Tylt"
"10625";"Thnd.";"Tønde"
"10626";"Thnder";"Tønde"
"10627";"Thndr.";"Tønde"
"10628";"Th-ne";"Tønde"
"10629";"Thne.";"Tønde"
"10630";"Thner";"Tønde"
"10631";"Th-ner";"Tønde"
"10632";"Thner.";"Tønde"
"10633";"Th-nne";"Tønde"
"10634";"Thnner";"Tønde"
"10635";"Th-nner";"Tønde"
"10636";"Thnr.";"Tønde"
"10637";"Tho.";"Tønde"
"10638";"Thoelaest";"Toelast"
"10639";"Thøelaest";"Toelast"
"10640";"Thoelæster";"Toelast"
"10641";"Thoelaester";"Toelast"
"10642";"Thøelaester";"Toelast"
"10643";"Thoelast";"Toelast"
"10644";"Thoelasten";"Toelast"
"10645";"Thoelaster";"Toelast"
"10646";"Thoelffter";"Tylt"
"10647";"Thøelffter";"Tylt"
"10648";"Thoelft";"Tylt"
"10649";"Thøelter";"Tylt"
"10650";"Thøelther";"Tylt"
"10651";"Thøeltter";"Tylt"
"10652";"Thøeltther";"Tylt"
"10653";"Thoember";"Tønde"
"10654";"Thøember";"Tønde"
"10655";"Thoend";"Tønde"
"10656";"Thøend";"Tønde"
"10657";"Thoend.";"Tønde"
"10658";"Thøend.";"Tønde"
"10659";"Thoende";"Tønde"
"10660";"Thøende";"Tønde"
"10661";"Thøende.";"Tønde"
"10662";"Thoender";"Tønde"
"10663";"Thøender";"Tønde"
"10664";"Thøender groodt";"Tønde, Groodt"
"10665";"Thoendr";"Tønde"
"10666";"Thøendr";"Tønde"
"10667";"Thøendr och Lest";"Tønde"
"10668";"Thøendr och Lest";"Læst"
"10669";"Thoendr.";"Tønde"
"10670";"Thøendr.";"Tønde"
"10671";"Thøendt";"Tønde"
"10672";"Thøendt.";"Tønde"
"10673";"Thøendter";"Tønde"
"10674";"Thoener";"Tønde"
"10675";"Thøener";"Tønde"
"10676";"Thøenker";"Tønde"
"10677";"Thøenn";"Tønde"
"10678";"Thøennckens";"Tønde"
"10679";"Thøennd.";"Tønde"
"10680";"Thoennder";"Tønde"
"10681";"Thøennder";"Tønde"
"10682";"Thøenndr.";"Tønde"
"10683";"Thøenne";"Tønde"
"10684";"Thøennekens";"Tønde"
"10685";"Thoenner";"Tønde"
"10686";"Thøenner";"Tønde"
"10687";"Thøennerkens";"Tønde"
"10688";"Thøenr";"Tønde"
"10689";"Thøer";"Tønde"
"10690";"Thøimer";"Tønde"
"10691";"Thoine";"Tønde"
"10692";"Thoiner";"Tønde"
"10693";"Thøiner";"Tønde"
"10694";"Thoinne";"Tønde"
"10695";"Thøinne";"Tønde"
"10696";"Thoinner";"Tønde"
"10697";"Thøinner";"Tønde"
"10698";"Tholaest";"Toelast"
"10699";"Tholaist";"Toelast"
"10700";"Tholast";"Toelast"
"10701";"Tholaster";"Toelast"
"10702";"Tholbergs fader";"Fad, Tholberg"
"10703";"Thøld";
"10704";"Tholeist";"Toelast"
"10705";"Thøler";
"10706";"Tholest";"Toelast"
"10707";"Tholester";"Toelast"
"10708";"Thølffter";"Tylt"
"10709";"Tholfter";"Tylt"
"10710";"Tholker";"Tylt"
"10711";"Thølker";"Tylt"
"10712";"Thollast";"Toelast"
"10713";"Thølld";"Tylt"
"10714";"Thøller";"Tylt"
"10715";"Tholltt";"Tylt"
"10716";"Thølltt";"Tylt"
"10717";"Thølltter";"Tylt"
"10718";"Tholofter";"Toelast"
"10719";"Thølt";"Tylt"
"10720";"Tholter";"Tylt"
"10721";"Thølter";"Tylt"
"10722";"Tholther";"Tylt"
"10723";"Thølther";"Tylt"
"10724";"Thøltter";"Tylt"
"10725";"Thømbed";"Tommer"
"10726";"Thømber";"Tommer"
"10727";"Thome";"Tommer"
"10728";"Thøme";"Tommer"
"10729";"Thomer";"Tommer"
"10730";"Thømer";"Tommer"
"10731";"Thomme";"Tommer"
"10732";"Thømme";"Tommer"
"10733";"Thomme kister";"Kiste, Thomme"
"10734";"Thommer";"Tommer"
"10735";"Thømmer";"Tommer"
"10736";"Thømner";"Tommer"
"10737";"Thøn";"Tønde"
"10738";"Thøn-";"Tønde"
"10739";"Thønckens";"Tønde"
"10740";"Thond";"Tønde"
"10741";"Thønd";"Tønde"
"10742";"Thønd-";"Tønde"
"10743";"Thond.";"Tønde"
"10744";"Thønd.";"Tønde"
"10745";"Thonde";"Tønde"
"10746";"Thønde";"Tønde"
"10747";"Thønde.";"Tønde"
"10748";"Thønden";"Tønde"
"10749";"Thonder";"Tønde"
"10750";"Thønder";"Tønde"
"10751";"Thondere";"Tønde"
"10752";"Thøndere";"Tønde"
"10753";"Thondir";"Tønde"
"10754";"Thøndir";"Tønde"
"10755";"Thondlr";"Tønde"
"10756";"Thøndr";"Tønde"
"10757";"Thøndr-";"Tønde"
"10758";"Thondr.";"Tønde"
"10759";"Thøndr.";"Tønde"
"10760";"Thøndre";"Tønde"
"10761";"Thøndt";"Tønde"
"10762";"Thone";"Tønde"
"10763";"Thøne";"Tønde"
"10764";"Thøneckes";"Tønde, Sma"
"10765";"Thøned";"Tønde"
"10766";"Thoner";"Tønde"
"10767";"Thøner";"Tønde"
"10768";"Thonlaste";"Toelast"
"10769";"Thonn";"Tønde"
"10770";"Thønn";"Tønde"
"10771";"Thønn.";"Tønde"
"10772";"Thønnd";"Tønde"
"10773";"Thonnd.";"Tønde"
"10774";"Thønnd.";"Tønde"
"10775";"Thonnde";"Tønde"
"10776";"Thønnde";"Tønde"
"10777";"Thønnde.";"Tønde"
"10778";"Thonnder";"Tønde"
"10779";"Thønnder";"Tønde"
"10780";"Thønndir";"Tønde"
"10781";"Thønndr";"Tønde"
"10782";"Thønndr.";"Tønde"
"10783";"Thonne";"Tønde"
"10784";"Thønne";"Tønde"
"10785";"Thønnecker";"Tønde, Sma"
"10786";"Thønneken";"Tønde, Sma"
"10787";"Thønnekenns";"Tønde, Sma"
"10788";"Thønnekens";"Tønde, Sma"
"10789";"Thønnekes";"Tønde, Sma"
"10790";"Thønnekis";"Tønde, Sma"
"10791";"Thønnen";"Tønde"
"10792";"Thonner";"Tønde"
"10793";"Thønner";"Tønde"
"10794";"Thønnerkens";"Tønde"
"10795";"Thønnner";"Tønde"
"10796";"Thonnr";"Tønde"
"10797";"Thønnr";"Tønde"
"10798";"Thønnr.";"Tønde"
"10799";"Thonnt";"Tønde"
"10800";"Thonr";"Tønde"
"10801";"Thønr";"Tønde"
"10802";"Thøn-r";"Tønde"
"10803";"Thonr.";"Tønde"
"10804";"Thønr.";"Tønde"
"10805";"Thons";"Tønde"
"10806";"Thøns";"Tønde"
"10807";"Thønuder";"Tønde"
"10808";"Thøøndir";"Tønde"
"10809";"Thøønnder";"Tønde"
"10810";"Thøonnud";"Tønde"
"10811";"Thordtz";"Tierce"
"10812";"Thorlast";"Toelast"
"10813";"Thortz";"Tierce"
"10814";"Thouer";"Tønde"
"10815";"Thouner";"Tønde"
"10816";"Thr";"Tønde"
"10817";"Th-r";"Tønde"
"10818";"Th-r och baler";"Tønde"
"10819";"Th-r och baler";"Balle"
"10820";"Thr,";"Tønde"
"10821";"Thr.";"Tønde"
"10822";"Th-r.";"Tønde"
"10823";"Thr. lest";"Toelast"
"10824";"Thr. och baler";"Tønde"
"10825";"Thr. och baler";"Balle"
"10826";"Thre Lester";"Toelast"
"10827";"Thredendell";"Drittel"
"10828";"Thremet";"Tremet"
"10829";"Thremitt";"Tremet"
"10830";"Thremmid";"Tremet"
"10831";"Thremmidt";"Tremet"
"10832";"Throser eller kaser";"Tierce"
"10833";"Throser eller kaser";"Casser"
"10834";"Thtr.";"Tremet"
"10835";"Thtvts.";"Chetvert"
"10836";"Thuijlter";"Tylt"
"10837";"Thuinne";"Tønde"
"10838";"Thuinner";"Tønde"
"10839";"Thuler";"Tylt"
"10840";"Thullther";"Tylt"
"10841";"Thulter";"Tylt"
"10842";"Thultter";"Tylt"
"10843";"Thunder";"Tønde"
"10844";"Thunnder";"Tønde"
"10845";"Thunne";"Tønde"
"10846";"Thunner";"Tønde"
"10847";"Thunnnner";"Tønde"
"10848";"Thusen";"Tusinde"
"10849";"Thusen Pund";"Pund, Tusinde"
"10850";"Thusend";"Tusinde"
"10851";"Thusind";"Tusinde"
"10852";"Thusinde";"Tusinde"
"10853";"Thusinned";"Tusinde"
"10854";"Thussen";"Tusinde"
"10855";"Thussen Allen";"Alen, Tusinde"
"10856";"Thussen pund";"Pund, Tusinde"
"10857";"Thussend";"Tusinde"
"10858";"Thussend pund";"Pund, Tusinde"
"10859";"Thussennd";"Tusinde"
"10860";"Thussenndt";"Tusinde"
"10861";"Thussent";"Tusinde"
"10862";"Thusseundt";"Tusinde"
"10863";"Thussin";"Tusinde"
"10864";"Thussind";"Tusinde"
"10865";"Thussinde";"Tusinde"
"10866";"Thussindt";"Tusinde"
"10867";"Thussinn";"Tusinde"
"10868";"Thussundt";"Tusinde"
"10869";"Thusund";"Tusinde"
"10870";"Thuydter";"Tylt"
"10871";"Thuylcher";"Tylt"
"10872";"Thuylter";"Tylt"
"10873";"Thuylther";"Tylt"
"10874";"Thylden";"Tylt"
"10875";"Thylder";"Tylt"
"10876";"Thyldt";"Tylt"
"10877";"Thyldt.";"Tylt"
"10878";"Thyldter";"Tylt"
"10879";"Thyldtt";"Tylt"
"10880";"Thyldtter";"Tylt"
"10881";"Thyler";"Tylt"
"10882";"Thylftter";"Tylt"
"10883";"Thyllter";"Tylt"
"10884";"Thyllther";"Tylt"
"10885";"Thylltter";"Tylt"
"10886";"Thylt";"Tylt"
"10887";"Thylt.";"Tylt"
"10888";"Thyltder";"Tylt"
"10889";"Thylte";"Tylt"
"10890";"Thylter";"Tylt"
"10891";"Thylters";"Tylt"
"10892";"Thylth.";"Tylt"
"10893";"Thylther";"Tylt"
"10894";"Thyltt";"Tylt"
"10895";"Thyltter";"Tylt"
"10896";"Thymmer";"Zimmer"
"10897";"Thynde";"Tønde"
"10898";"Thynder";"Tønde"
"10899";"Thyne";"Tønde"
"10900";"Thynnde";"Tønde"
"10901";"Thynnder";"Tønde"
"10902";"Thynndr";"Tønde"
"10903";"Thynner";"Tønde"
"10904";"Thyud-r";"Tønde"
"10905";"Thyuylter";"Tylt"
"10906";"Tiære";"Tierce"
"10907";"Tiaere";"Tierce"
"10908";"Tiærs";"Tierce"
"10909";"Tiarser";"Tierce"
"10910";"Tierc";"Tierce"
"10911";"Tierce";"Tierce"
"10912";"Tiercer";"Tierce"
"10913";"Tierces";"Tierce"
"10914";"Tiercons";"Tierce"
"10915";"Tierd.";"Tierce"
"10916";"Tierds";"Tierce"
"10917";"Tierdt";"Tierce"
"10918";"Tiere";"Tierce"
"10919";"Tierer";"Tierce"
"10920";"Tierier";"Tierce"
"10921";"Tiers";"Tierce"
"10922";"Tiers.";"Tierce"
"10923";"Tierse";"Tierce"
"10924";"Tiersen";"Tierce"
"10925";"Tierser";"Tierce"
"10926";"Tierses";"Tierce"
"10927";"Tiersier";"Tierce"
"10928";"Tierskens";"Tierce"
"10929";"Tierss";"Tierce"
"10930";"Tiersse";"Tierce"
"10931";"Tierssen";"Tierce"
"10932";"Tiersser";"Tierce"
"10933";"Tiersses";"Tierce"
"10934";"Tierssis";"Tierce"
"10935";"Tierssje";"Tierce"
"10936";"Tierts";"Tierce"
"10937";"Tiilter";"Tylt"
"10938";"Tijl.";"Tylt"
"10939";"Tijllter";"Tylt"
"10940";"Tijlte";"Tylt"
"10941";"Tijlter";"Tylt"
"10942";"Tijltter";"Tylt"
"10943";"Tijndt";"Tønde"
"10944";"Tillter";"Tylt"
"10945";"Tilter";"Tylt"
"10946";"Tim";"Zimmer"
"10947";"Tim.";"Zimmer"
"10948";"Timber";"Zimmer"
"10949";"Time";"Zimmer"
"10950";"Timer";"Zimmer"
"10951";"Timmer";"Zimmer"
"10952";"Timmers";"Zimmer"
"10953";"Tin";
"10954";"Tinner";"Tønde"
"10955";"Tirs";"Tierce"
"10956";"Tirse";"Tierce"
"10957";"Tirser";"Tierce"
"10958";"Tirsie";"Tierce"
"10959";"Tirsier";"Tierce"
"10960";"Tirsser";"Tierce"
"10961";"Tiulffter";"Tolfter"
"10962";"Tiussende";"Tusinde"
"10963";"Tiussind";"Tusinde"
"10964";"Tjeers";"Tierce"
"10965";"Tjerce";"Tierce"
"10966";"Tjercer";"Tierce"
"10967";"Tjerd.";"Tierce"
"10968";"Tjerds";"Tierce"
"10969";"Tjere";"Tierce"
"10970";"Tjerer";"Tierce"
"10971";"Tjers";"Tierce"
"10972";"Tjers.";"Tierce"
"10973";"Tjerse";"Tierce"
"10974";"Tjerser";"Tierce"
"10975";"Tjersinger";"Fjerding"
"10976";"Tjerster";"Tierce"
"10977";"Tjeschr";"Chetvert"
"10978";"Tjierser";"Tierce"
"10979";"Tjirser";"Tierce"
"10980";"Tl.";"Tønde"
"10981";"Tlr.";"Tønde"
"10982";"Tlt.";"Tylt"
"10983";"Tlter";"Tylt"
"10984";"Tltr.";"Tylt"
"10985";"Tn.";"Tønde"
"10986";"Tnd.";"Tønde"
"10987";"Tnder";"Tønde"
"10988";"Tnder.";"Tønde"
"10989";"Tndr.";"Tønde"
"10990";"Tnr";"Tønde"
"10991";"Tnr.";"Tønde"
"10992";"Tø";"Tønde"
"10993";"To.";"Tønde"
"10994";"Tø.";"Tønde"
"10995";"Tobber";"Tobbe"
"10996";"Tobbers";"Tobbe"
"10997";"Toe laster";"Toelast"
"10998";"Toeffler";"Tolfter"
"10999";"Toefter";"Tolfter"
"11000";"Toelæster";"Toelast"
"11001";"Toelast";"Toelast"
"11002";"Toelaste";"Toelast"
"11003";"Toelasten";"Toelast"
"11004";"Toelaster";"Toelast"
"11005";"Tøelaster";"Toelast"
"11006";"Toelest";"Toelast"
"11007";"Toelester";"Toelast"
"11008";"Tøend";"Tønde"
"11009";"Toend.";"Tønde"
"11010";"Tøend.";"Tønde"
"11011";"Toende";"Tønde"
"11012";"Tøende";"Tønde"
"11013";"Toender";"Tønde"
"11014";"Tøender";"Tønde"
"11015";"Tøendr.";"Tønde"
"11016";"Tøennde";"Tønde"
"11017";"Tøenndr.";"Tønde"
"11018";"Tøent.";"Tønde"
"11019";"Tøertt faedtt";"Fad"
"11020";"Tofft.";"Tolfter"
"11021";"Tøffter";"Tolfter"
"11022";"Tøfter";"Tolfter"
"11023";"Toisind";"Tusinde"
"11024";"Tolasster";"Toelast"
"11025";"Tolast";"Toelast"
"11026";"Tolaster";"Toelast"
"11027";"Tølde";"Tolfter"
"11028";"Tølder";"Tolfter"
"11029";"Tøldter";"Tolfter"
"11030";"Toler";
"11031";"Tolester";"Toelast"
"11032";"Tolffer";"Tolfter"
"11033";"Tølffer";"Tolfter"
"11034";"Tolfft";"Tolfter"
"11035";"Tolffter";"Tolfter"
"11036";"Tølffter";"Tolfter"
"11037";"Tolfoeden";
"11038";"Tolft";"Tolfter"
"11041";"Tolft.";"Tolfter"
"11042";"Tolfte";"Tolfter"
"11043";"Tolften";"Tolfter"
"11044";"Tølften";"Tolfter"
"11045";"Tolfter";"Tolfter"
"11046";"Tølfter";"Tolfter"
"11047";"Tolftt.";"Tolfter"
"11048";"Tolftter";"Tolfter"
"11049";"Tølftter";"Tolfter"
"11050";"Toll Foder";
"11051";"Tollast";"Toelast"
"11052";"Tollaster";"Toelast"
"11053";"Tollfaders";
"11054";"Tollter";"Tolfter"
"11055";"Tølltter";"Tolfter"
"11056";"Tølt";"Tolfter"
"11057";"Tølt.";"Tolfter"
"11058";"Tølten";"Tolfter"
"11059";"Tolter";"Tolfter"
"11060";"Tølter";"Tolfter"
"11061";"Tøltfer";"Tolfter"
"11062";"Tøltt";"Tolfter"
"11063";"Tøltten";"Tolfter"
"11064";"Tøltter";"Tolfter"
"11065";"Tølttere";"Tolfter"
"11066";"Tom.";"Tommer"
"11067";"Tøm.";"Tommer"
"11068";"Tømber";"Tønde"
"11069";"Tøme";"Tommer"
"11070";"Tomen";"Tommer"
"11071";"Tomer";"Tommer"
"11072";"Tømer";"Tommer"
"11073";"Tomme";"Tommer"
"11074";"Tømme";"Tommer"
"11075";"Tommen";"Tommer"
"11076";"Tommer";"Tommer"
"11077";"Tømmer";"Tommer"
"11078";"Ton";"Ton"
"11079";"Tøn";"Tønde"
"11080";"Ton.";"Ton"
"11081";"Tøn.";"Tønde"
"11082";"Tønchen";"Tønde, Sma"
"11083";"Tønckenn";"Tønde, Sma"
"11084";"Tonckes";"Tønde, Sma"
"11085";"Tond";"Tønde"
"11086";"Tønd";"Tønde"
"11087";"Tønd-";"Tønde"
"11088";"Tønd(er)";"Tønde"
"11089";"Tond.";"Tønde"
"11090";"Tønd.";"Tønde"
"11091";"Tøndd.";"Tønde"
"11092";"Tonde";"Tønde"
"11093";"Tønde";"Tønde"
"11094";"Tonde.";"Tønde"
"11095";"Tønde.";"Tønde"
"11096";"Tonden";"Tønde"
"11097";"Tønden";"Tønde"
"11098";"Tonder";"Tønde"
"11099";"Tønder";"Tønde"
"11100";"Tønder eller Skippund";"Skippund"
"11101";"Tønder eller Skippund";"Tønde"
"11102";"Tønder och fader";"Tønde"
"11103";"Tønder och fader";"Fad"
"11104";"Tønder och oxehoffder";"Tønde"
"11105";"Tønder och oxehoffder";"Oksehovede"
"11106";"Tønder og sæcke";"Sæk"
"11107";"Tønder og sæcke";"Tønde"
"11108";"Tønder og Tierser";"Tierce"
"11109";"Tønder og Tierser";"Tønde"
"11110";"Tønder Tonnekens Baller Kuller";"Tønde"
"11111";"Tønder Tonnekens Baller Kuller";"Balle"
"11112";"Tønder Tonnekens Baller Kuller";"Kelder"
"11113";"Tønder Tonnekens Baller Kuller";
"11114";"Tønder, Fade och Packer";"Tønde, Sma"
"11115";"Tønder, Fade och Packer";"Fad"
"11116";"Tønder, Fade och Packer";"Pakke"
"11117";"Tønder.";"Tønde"
"11118";"Tøndere";"Tønde"
"11119";"Tonders";"Tønde"
"11120";"Tøndet";"Tønde"
"11121";"Tondner";"Tønde"
"11122";"Tøndr";"Tønde"
"11123";"Tondr.";"Tønde"
"11124";"Tøndr.";"Tønde"
"11125";"Tønds";"Tønde"
"11126";"Tondt";"Tønde"
"11127";"Tøne";"Tønde"
"11128";"Tonekens";"Tønde, Sma"
"11129";"Toner";"Tønde"
"11130";"Tøner";"Tønde"
"11131";"Tones";"Tønde"
"11132";"Tønichen";"Tønde, Sma"
"11133";"Tønisches";"Tønde, Sma"
"11134";"Tonn";"Ton"
"11135";"Tønn";"Tønde"
"11136";"Tonn.";"Ton"
"11137";"Tonnd";"Tønde"
"11138";"Tønnd";"Tønde"
"11139";"Tonnd.";"Tønde"
"11140";"Tønnd.";"Tønde"
"11141";"Tønnde";"Tønde"
"11142";"Tønnde.";"Tønde"
"11143";"Tonnder";"Tønde"
"11144";"Tønnder";"Tønde"
"11145";"Tønndr.";"Tønde"
"11146";"Tonne";"Tønde"
"11147";"Tønne";"Tønde"
"11148";"Tonneau";"Tønde"
"11149";"Tonneaux";"Tønde"
"11150";"Tonneke";"Tønde, Sma"
"11151";"Tønneke";"Tønde, Sma"
"11152";"Tønneker";"Tønde, Sma"
"11153";"Tønnekes";"Tønde, Sma"
"11154";"Tønnekher";"Tønde, Sma"
"11155";"Tonnen";"Tønde"
"11156";"Tonner";"Tønde"
"11157";"Tønner";"Tønde"
"11158";"Tonnin";"Tønde"
"11159";"Tønnir";"Tønde"
"11160";"Tønnr";"Tønde"
"11161";"Tønnr.";"Tønde"
"11162";"Tonns";"Ton"
"11163";"Tønr";"Tønde"
"11164";"Tønr.";"Tønde"
"11165";"Tons";"Ton"
"11166";"Tøns";"Ton"
"11167";"Tons.";"Ton"
"11168";"Tønske";"Tønde"
"11169";"Tøonder";"Tønde"
"11170";"Tøønder";"Tønde"
"11171";"Toppe";
"11172";"Topper";
"11173";"Tør.";"Tønde"
"11174";"Toucken";
"11175";"Toulast";"Toelast"
"11176";"Toulaster";"Toelast"
"11177";"Toulester";"Toelast"
"11178";"Tovlaster";"Toelast"
"11179";"Towlaster";"Toelast"
"11180";"Tp.";"Tønde"
"11181";"Tpe.";"Tønde"
"11182";"Tqr";"Tønde"
"11183";"Tqr.";"Tønde"
"11184";"Tr";"Tønde"
"11185";"T-r";"Tønde"
"11186";"Tr.";"Tønde"
"11187";"T-r.";"Tønde"
"11188";"Tr. och baler";"Tønde"
"11189";"Tr. och baler";"Balle"
"11190";"Tra";"Træ"
"11191";"Træ";"Træ"
"11192";"Træer";"Træer"
"11193";"Træhe";"Træ"
"11194";"Traer";"Træer"
"11195";"Trær";"Træer"
"11196";"Trammind";"Tremet"
"11197";"Transport";
"11198";"Trd.";"Tønde"
"11199";"Tre.";"Tønde"
"11200";"Treer";"Træ"
"11201";"Trej fdr.";
"11202";"Tri Fierings tønder";
"11203";"Tricunar";
"11204";"Trosser";
"11205";"Trs.";"Tønde"
"11206";"Trx.";"Tønde"
"11207";"Ts.";"Ton"
"11208";"Tscetw.";"Chetvert"
"11209";"Tscetwerts";"Chetvert"
"11210";"Tsch.";"Chetvert"
"11211";"Tscheew.";"Chetvert"
"11212";"Tschet.";"Chetvert"
"11213";"Tschetrik";"Chetvert"
"11214";"Tschets.";"Chetvert"
"11215";"Tschetsv.";"Chetvert"
"11216";"Tschetsver.";"Chetvert"
"11217";"Tschetsverck";"Chetvert"
"11218";"Tschetsverk";"Chetvert"
"11219";"Tschetsvert";"Chetvert"
"11220";"Tschetsverts";"Chetvert"
"11221";"Tschetsw.";"Chetvert"
"11222";"Tschetswerck";"Chetvert"
"11223";"Tschetswerk";"Chetvert"
"11224";"Tschetswerts";"Chetvert"
"11225";"Tschetswirk";"Chetvert"
"11226";"Tschetts.";"Chetvert"
"11227";"Tschetv.";"Chetvert"
"11228";"Tschetverck";"Chetvert"
"11229";"Tschetvert";"Chetvert"
"11230";"Tschetverts";"Chetvert"
"11231";"Tschetvk.";"Chetvert"
"11232";"Tschetw.";"Chetvert"
"11233";"Tschetwært";"Chetvert"
"11234";"Tschetwck.";"Chetvert"
"11235";"Tschetwds.";"Chetvert"
"11236";"Tschetwerck";"Chetvert"
"11237";"Tschetweriks";"Chetvert"
"11238";"Tschetwerk";"Chetvert"
"11239";"Tschetwert";"Chetvert"
"11240";"Tschetwert.";"Chetvert"
"11241";"Tschetwerts";"Chetvert"
"11242";"Tschetwertz";"Chetvert"
"11243";"Tschetwets";"Chetvert"
"11244";"Tschetwirts";"Chetvert"
"11245";"Tschetwk.";"Chetvert"
"11246";"Tschetwort";"Chetvert"
"11247";"Tschetworts";"Chetvert"
"11248";"Tschetwrts.";"Chetvert"
"11249";"Tschetwt.";"Chetvert"
"11250";"Tschetwts.";"Chetvert"
"11251";"Tschev.";"Chetvert"
"11252";"Tschew.";"Chetvert"
"11253";"Tschrw.";"Chetvert"
"11254";"Tschstv.";"Chetvert"
"11255";"Tscht.";"Chetvert"
"11256";"Tschtsv.";"Chetvert"
"11257";"Tschtsw.";"Chetvert"
"11258";"Tschttr.";"Chetvert"
"11259";"Tschtv.";"Chetvert"
"11260";"Tschtw.";"Chetvert"
"11261";"Tschtwerck.";"Chetvert"
"11262";"Tschtwerts.";"Chetvert"
"11263";"Tschtwts.";"Chetvert"
"11264";"Tschv.";"Chetvert"
"11265";"Tschvetverck";"Chetvert"
"11266";"Tschw.";"Chetvert"
"11267";"Tschwe.";"Chetvert"
"11268";"Tschwerck";"Chetvert"
"11269";"Tschwrk.";"Chetvert"
"11270";"Tschwts.";"Chetvert"
"11271";"Tsechtwert.";"Chetvert"
"11272";"Tsetsv.";"Chetvert"
"11273";"Tsetwerts.";"Chetvert"
"11274";"T-t";"Tønde"
"11275";"Ttoltter";"Tolfter"
"11276";"Tuessen";"Tusinde"
"11277";"Tuessend";"Tusinde"
"11278";"Tuin";"Tønde"
"11279";"Tulffter";"Tolfter"
"11280";"Tult";"Tylt"
"11281";"Tulter";"Tylt"
"11282";"Tun";"Ton"
"11283";"Tunde";"Tønde"
"11284";"Tunder";"Tønde"
"11285";"Tunn";"Ton"
"11286";"Tunnder";"Tønde"
"11287";"Tuns";"Ton"
"11288";"Tuschind";"Tusinde"
"11289";"Tuseide";"Tusinde"
"11290";"Tusen";"Tusinde"
"11291";"Tusend";"Tusinde"
"11292";"Tusende";"Tusinde"
"11293";"Tusendt";"Tusinde"
"11294";"Tusenn";"Tusinde"
"11295";"Tusennd";"Tusinde"
"11296";"Tuside";"Tusinde"
"11297";"Tusiend";"Tusinde"
"11298";"Tusin";"Tusinde"
"11299";"Tusind";"Tusinde"
"11300";"Tusind alen";"Alen, Tusinde"
"11301";"Tusind pund";"Pund, Tusinde"
"11302";"Tusind te.";"Tønde"
"11303";"Tusind.";"Tusinde"
"11304";"Tusinde";"Tusinde"
"11305";"Tusinde pund";"Pund, Tusinde"
"11306";"Tusinden";"Tusinde"
"11307";"Tusinder";"Tusinde"
"11308";"Tusindr";"Tusinde"
"11309";"Tusinnd";"Tusinde"
"11310";"Tusins";"Tusinde"
"11311";"Tusnid";"Tusinde"
"11312";"Tussen";"Tusinde"
"11313";"Tussend";"Tusinde"
"11314";"Tussende";"Tusinde"
"11315";"Tussendt";"Tusinde"
"11316";"Tussenn";"Tusinde"
"11317";"Tussennd";"Tusinde"
"11318";"Tussennde";"Tusinde"
"11319";"Tussind";"Tusinde"
"11320";"Tussind Pund";"Pund, Tusinde"
"11321";"Tussinde";"Tusinde"
"11322";"Tussindt";"Tusinde"
"11323";"Tussund Pund";"Pund, Tusinde"
"11324";"Tussundi";"Tusinde"
"11325";"Tusted";"Tusinde"
"11326";"Tustend";"Tusinde"
"11327";"Tusuide";"Tusinde"
"11328";"Tusund";"Tusinde"
"11329";"Tusundt";"Tusinde"
"11330";"Tuusend";"Tusinde"
"11331";"Tuusende";"Tusinde"
"11332";"Tuusind";"Tusinde"
"11333";"Tuussende";"Tusinde"
"11334";"Twick.";
"11335";"Tx";"Tønde"
"11336";"Tx.";"Tønde"
"11337";"Txde.";"Tønde"
"11338";"Txder";"Tønde"
"11339";"Txder.";"Tønde"
"11340";"Txdr.";"Tønde"
"11341";"Txe";"Tønde"
"11342";"Txe.";"Tønde"
"11343";"Txe. or fader";"Tønde"
"11344";"Txe. or fader";"Fad"
"11345";"Txeen";"Tønde"
"11346";"Txeer";"Tønde"
"11347";"Txer.";"Tønde"
"11348";"Txne.";"Tønde"
"11349";"Txner";"Tønde"
"11350";"Txnr.";"Tønde"
"11351";"Txr";"Tønde"
"11352";"Txr.";"Tønde"
"11354";"Txse.";"Tønde"
"11355";"Txuer.";"Tønde"
"11356";"Tyelffter";"Tylt"
"11357";"Tyelfftr";"Tylt"
"11358";"Tyeltter";"Tylt"
"11359";"Tyl";"Tylt"
"11360";"Tyl.";"Tylt"
"11363";"Tyld.";"Tylt"
"11364";"Tylde";"Tylt"
"11365";"Tylder";"Tylt"
"11366";"Tyldter";"Tylt"
"11367";"Tyler";"Tylt"
"11368";"Tyleter";"Tylt"
"11369";"Tylff";"Tolfter"
"11370";"Tylffer";"Tolfter"
"11371";"Tylffter";"Tolfter"
"11372";"Tylfftr";"Tolfter"
"11373";"Tylfter";"Tolfter"
"11374";"Tylftte";"Tolfter"
"11375";"Tylftter";"Tolfter"
"11376";"Tylfttert";"Tolfter"
"11377";"Tylhter";"Tylt"
"11378";"Tyll.";"Tylt"
"11379";"Tyller";"Tylt"
"11380";"Tyllffter";"Tolfter"
"11381";"Tyllfte";"Tolfter"
"11382";"Tyllfter";"Tolfter"
"11383";"Tyllt";"Tylt"
"11384";"Tyllte";"Tylt"
"11385";"Tyllter";"Tylt"
"11386";"Tylt";"Tylt"
"11387";"Tylt.";"Tylt"
"11388";"Tylte";"Tylt"
"11389";"Tylte.";"Tylt"
"11390";"Tylten";"Tylt"
"11391";"Tylter";"Tylt"
"11392";"Tylter Tylter";"Tylt"
"11393";"Tylter.";"Tylt"
"11394";"Tylterd";"Tylt"
"11395";"Tyltert";"Tylt"
"11396";"Tylther";"Tylt"
"11397";"Tyltler";"Tylt"
"11398";"Tyltr";"Tylt"
"11399";"Tyltr.";"Tylt"
"11400";"Tyltster";"Tylt"
"11401";"Tyltte";"Tylt"
"11402";"Tyltter";"Tylt"
"11403";"Tylttter";"Tylt"
"11404";"Tylvter";"Tylt"
"11405";"Tymber";"Zimmer"
"11406";"Tymmer";"Zimmer"
"11407";"Tynder";"Tønde"
"11408";"Tynnder";"Tønde"
"11409";"Tyr";"Tønde"
"11410";"Tyr.";"Tønde"
"11411";"Tyter";"Tylt"
"11412";"Uncer";"Unse"
"11413";"Undell";"En del"
"11414";"Unser";"Unse"
"11415";"Usr";
"11416";"V.";"Viertel"
"11417";"Vaager";"Vog"
"11418";"Vaahler";"Wohl"
"11419";"Vaal";"Wohl"
"11420";"Vaaler";"Wohl"
"11421";"Vaalle";"Wohl"
"11422";"Vaaller";"Wohl"
"11423";"Vad";"Fad"
"11424";"Vade";"Fad"
"11425";"Vadsæk";
"11426";"Vage";"Vog"
"11427";"Vager";"Vog"
"11428";"Vagg.";"Vog"
"11429";"Vagger";"Vog"
"11430";"Vaggons";"Wagon"
"11431";"Vaher";"Vog"
"11432";"Vahl";"Wohl"
"11433";"Vahl.";"Wohl"
"11434";"Vahle";"Wohl"
"11435";"Vahler";"Wohl"
"11436";"Val";"Wohl"
"11437";"Valer";"Wohl"
"11438";"Valher";"Wohl"
"11439";"Vall.";"Wohl"
"11440";"Valler";"Wohl"
"11441";"Vat";"Fad"
"11442";"Vat.";"Fad"
"11443";"Vaten";"Fad"
"11444";"Vateri";"Fad"
"11445";"Vatien";"Fad"
"11446";"Vatin";"Fad"
"11447";"Vatjen";"Fadken"
"11448";"Vatken";"Fadken"
"11449";"Vatt";"Fad"
"11450";"Vaug";"Vog"
"11451";"Vauge";"Vog"
"11452";"Vauger";"Vog"
"11453";"Vedro";"Vedro"
"11454";"Vedros";"Vedro"
"11455";"Vertler";"Viertel"
"11456";"Veser";
"11457";"Vespel";
"11458";"Vetser";
"11459";"Vierler";"Viertel"
"11460";"Vierspel";"Wispel"
"11461";"Viert.";"Viertel"
"11462";"Viertel";"Viertel"
"11463";"Vierteler ";"Viertel"
"11464";"Viertil";"Viertel"
"11465";"Viertil.";"Viertel"
"11466";"Viertl.";"Viertel"
"11467";"Viertler";"Viertel"
"11468";"Viertlr.";"Viertel"
"11469";"Viertter";"Viertel"
"11470";"Viespel";"Wispel"
"11471";"Viespeler";"Wispel"
"11472";"Viespl.";"Wispel"
"11473";"Viespler";"Wispel"
"11475";"Vikker";
"11476";"Vindtøre";
"11477";"Vinsp.";"Wispel"
"11478";"Vinspel";"Wispel"
"11479";"Vinspil";"Wispel"
"11480";"Vinspl.";"Wispel"
"11481";"Vinspler";"Wispel"
"11482";"Virt.";"Viertel"
"11483";"Virtel";"Viertel"
"11484";"Virteler";"Viertel"
"11485";"Virtell";"Viertel"
"11486";"Virter";"Viertel"
"11487";"Virth.";"Viertel"
"11488";"Virtl";"Viertel"
"11489";"Virtl.";"Viertel"
"11490";"Virtle";"Viertel"
"11491";"Virtler";"Viertel"
"11492";"Virtlr.";"Viertel"
"11493";"Visp.";"Wispel"
"11494";"Vispel";"Wispel"
"11495";"Vispl.";"Wispel"
"11496";"Visple";"Wispel"
"11497";"Vispler";"Wispel"
"11498";"Visspel";"Wispel"
"11499";"Visspl.";"Wispel"
"11500";"Visspler";"Wispel"
"11501";"Vltr.";"Viertel"
"11502";"Voeger";"Vog"
"11503";"Vog";"Vog"
"11504";"Vog.";"Vog"
"11505";"Voge";"Vog"
"11506";"Vogel Wust";"Vog"
"11507";"Vogen";"Vog"
"11508";"Voger";"Vog"
"11509";"Vøger";"Vog"
"11510";"Voget";"Vog"
"11511";"Vogge";"Vog"
"11512";"Voggens";"Vog"
"11513";"Vogger";"Vog"
"11514";"Vogn";"Vog"
"11515";"Vogn.";"Vog"
"11516";"Vogne";"Vog"
"11517";"Vogner";"Vog"
"11518";"Vogr.";"Vog"
"11519";"Vogter";"Vog"
"11520";"Vohl";"Wohl"
"11521";"Vøhl";"Wohl"
"11522";"Vohl.";"Wohl"
"11523";"Vøhl.";"Wohl"
"11524";"Vohle";"Wohl"
"11525";"Vohler";"Wohl"
"11526";"Vøhler";"Wohl"
"11527";"Vol";"Wohl"
"11528";"Vole";"Wohl"
"11529";"Voler";"Wohl"
"11530";"Volle";"Wohl"
"11531";"Voller";"Wohl"
"11532";"Vøller";"Wohl"
"11533";"Vooger";"Wohl"
"11534";"Voohle";"Wohl"
"11535";"Vorder";"Vog"
"11536";"Vorger";"Vog"
"11537";"Voug";"Vog"
"11538";"Vouge";"Vog"
"11539";"Vougel";"Vog"
"11540";"Vougen";"Vog"
"11541";"Vouger";"Vog"
"11542";"Vøuger";"Vog"
"11543";"Vougr";"Vog"
"11544";"Vrt.";"Viertel"
"11545";"Vrtl.";"Viertel"
"11546";"Vrugl.";
"11547";"Vsp.";"Wispel"
"11548";"Vspl.";"Wispel"
"11549";"Vt.";"Viertel"
"11550";"Vtl.";"Viertel"
"11551";"Vtler.";"Viertel"
"11552";"Vtlr.";"Viertel"
"11553";"Vttr.";"Viertel"
"11554";"Vuhl";"Wohl"
"11555";"Vuhler";"Wohl"
"11556";"Vurf";
"11557";"Waag";"Vog"
"11558";"Waag.";"Vog"
"11559";"Waage";"Vog"
"11560";"Waager";"Vog"
"11561";"Waagere";"Vog"
"11562";"Waagger";"Vog"
"11563";"Waagir";"Vog"
"11564";"Waaler";"Wohl"
"11565";"Wade";"Vog"
"11566";"Waeger";"Vog"
"11567";"Waegger";"Vog"
"11568";"Wægger";"Vog"
"11569";"Wag";"Vog"
"11570";"Wag.";"Vog"
"11571";"Wag.r";"Vog"
"11572";"Wage";"Vog"
"11573";"Wagen";"Vog"
"11574";"Wager";"Vog"
"11575";"Wagerr";"Vog"
"11576";"Wagger";"Vog"
"11577";"Waggers";"Vog"
"11578";"Waggons";"Wagon"
"11579";"Wagir";"Vog"
"11580";"Wagne";"Vog"
"11581";"Wagner";"Vog"
"11582";"Wagons";"Wagon"
"11583";"Wahl";"Wohl"
"11584";"Wahl.";"Wohl"
"11585";"Wahle";"Wohl"
"11586";"Wahler";"Wohl"
"11587";"Wale";"Wohl"
"11588";"Waler";"Wohl"
"11589";"Wall";"Wohl"
"11590";"Walss";"Wohl"
"11591";"Wanger";"Vog"
"11592";"Ware";"Vog"
"11593";"Warrer";"Vog"
"11594";"Waug";"Vog"
"11595";"Waugen";"Vog"
"11596";"Wauger";"Vog"
"11597";"Wauger.";"Vog"
"11598";"Waugr.";"Vog"
"11599";"Wedro";"Vedro"
"11600";"Wedro.";"Vedro"
"11601";"Wedros";"Vedro"
"11602";"Wedsæc";
"11603";"Weeg";"Vog"
"11604";"Weeger";"Vog"
"11605";"Weegger";"Vog"
"11606";"Wege";"Vog"
"11607";"Weger";"Vog"
"11608";"Wegger";"Vog"
"11609";"Wegir";"Vog"
"11610";"Weies";
"11611";"Wes.";
"11612";"Wies.";"Wispel"
"11613";"Wiesp.";"Wispel"
"11614";"Wiespel";"Wispel"
"11615";"Wiespl.";"Wispel"
"11616";"Wiespler";"Wispel"
"11617";"Wiessp.";"Wispel"
"11618";"Wiesspel";"Wispel"
"11619";"Wiesspl.";"Wispel"
"11620";"Winfadt";"Fad, Win"
"11621";"Winfaede";"Fad, Win"
"11622";"Winsp.";"Wispel"
"11623";"Winspel";"Wispel"
"11624";"Winspl.";"Wispel"
"11625";"Winspler";"Wispel"
"11626";"Wiogler";"Wispel"
"11627";"Wiollen";
"11628";"Wisp.";"Wispel"
"11629";"Wispel";"Wispel"
"11630";"Wispeler";"Wispel"
"11631";"Wispell";"Wispel"
"11632";"Wispl.";"Wispel"
"11633";"Wisple";"Wispel"
"11634";"Wispler";"Wispel"
"11635";"Woager";"Vog"
"11636";"Wøege";"Vog"
"11637";"Woeger";"Vog"
"11638";"Wøeger";"Vog"
"11639";"Woegger";"Vog"
"11640";"Wog";"Vog"
"11641";"Wog.";"Vog"
"11642";"Woge";"Vog"
"11643";"Wogen";"Vog"
"11644";"Wogenn";"Vog"
"11645";"Woger";"Vog"
"11646";"Wogg";"Vog"
"11647";"Woggen";"Vog"
"11648";"Wogger";"Vog"
"11649";"Wogh";"Vog"
"11650";"Wogher";"Vog"
"11651";"Wogier";"Vog"
"11652";"Wogn";"Vog"
"11653";"Wogn.";"Vog"
"11654";"Wogne";"Vog"
"11655";"Wogner";"Vog"
"11656";"Wogr";"Vog"
"11657";"Wogr.";"Vog"
"11658";"Wogtt";"Vog"
"11659";"Wohl";"Wohl"
"11660";"Wøhl";"Wohl"
"11661";"Wohl.";"Wohl"
"11662";"Wohle";"Wohl"
"11663";"Wohlen";"Wohl"
"11664";"Wohler";"Wohl"
"11665";"Wøhler";"Wohl"
"11666";"Wol";"Wohl"
"11667";"Wol.";"Wohl"
"11668";"Woler";"Wohl"
"11669";"Wolh.";"Wohl"
"11670";"Wolher";"Wohl"
"11671";"Woll";"Wohl"
"11672";"Woll.";"Wohl"
"11673";"Wolle";"Wohl"
"11674";"Woller";"Wohl"
"11675";"Wonger";"Vog"
"11676";"Wønger";"Vog"
"11677";"Wooger";"Vog"
"11678";"Woogir";"Vog"
"11679";"Wool";"Wohl"
"11680";"Woole";"Wohl"
"11681";"Wor";"Vog"
"11682";"Worde.";"Vog"
"11683";"Worder";"Vog"
"11684";"Wore";"Vog"
"11685";"Worer";"Vog"
"11686";"Worgger";"Vog"
"11687";"Woten";
"11688";"Woucher";"Vog"
"11689";"Woug";"Vog"
"11690";"Woug.";"Vog"
"11691";"Wouge";"Vog"
"11692";"Wougen";"Vog"
"11693";"Wouger";"Vog"
"11694";"Wour";"Vog"
"11695";"Wspl.";"Wispel"
"11696";"Wuhl";"Wohl"
"11697";"Wuhl.";"Wohl"
"11698";"Wuhler";"Wohl"
"11699";"Wynmandt";
"11700";"Yard";"Yard"
"11701";"Yards";"Yard"
"11702";"Yds.";"Yard"
"11703";"Zalbare foder";
"11704";"Zentener";"Centner"
"11705";"Zentner";"Centner"
"11706";"Zenttener";"Centner"
"11707";"Zenttenne";"Centner"
"11708";"Zim.";"Zimmer"
"11709";"Zimmer";"Zimmer"
"11710";"Zintener";"Centner"
"11711";"Zintner";"Centner"
"11712";"Zinttener";"Centner"
"11713";"Zm.";"Zimmer"
"11714";"Zuard.";"Quardel"
"11716";"Fne.";"Favn"
"11718";"Læster augm.";"Læst, Augm."
"11719";"Slb";"Skippund"
"11720";"Llb";"Lispund"
"11721";"Berg Quart.";NULL
"11722";"Fjr. tønder";NULL
"11723";"Kds.";"Kande"
"11724";"Schiffs lading";"Ladning"
"11725";"Kap-r";NULL
"11726";"Fade eller Skippund";"Fad"
"11727";"Fade eller Skippund";"Skippund"
"11728";"Læster og Lof";"Læst"
"11729";"Læster og Lof";"Loof"
"11730";"Cingtener";"Centner"
"11731";"Ti.";NULL
"11732";"Stal";NULL
"11733";"Fll.";"Floriner"
"11734";"Shf.";"Scheffel"
"11735";"Sfl.";"Scheffel"
"11736";"Shl.";"Scheffel"
"11738";"Dhl.";"Rigsdaler"
"11739";"Tus.";"Tusinde"
"11741";"Schilb";"Skippund"
"11742";"8tinger";"Otting"
"11743";"Bdr.";"Bundner"
"11745";"Lstr";"Læst"
"11746";"Ned. Kn.";"Kande, Ned."
"11747";"1/1 Tond.";"Tønde"
"11748";"1/2 Fade.";"Fad, Halve"
"11749";"1/8 Fuder";"Fad, 1/8"
"11750";"Aam";"Ahm"
"11751";"Ahcker";"Anker"
"11752";"Ahncher";"Anker"
"11753";"Almeidas";"Almud"
"11754";"Attendedeel piber";"Pibe, Achtel"
"11755";"Barkow";"Berkovets"
"11756";"Berl. Quart.";
"11757";"Bogen";
"11758";"Brk.";"Berkovets"
"11759";"Fav";"Favn"
"11760";"Fiering:";"Fjerding"
"11761";"Fjerdingh";"Fjerding"
"11762";"Haffde thøender";"Tønde, Halve"
"11763";"Halfur fader";"Fad, Halve"
"11764";"Halve støck.";"Støcker, Halve"
"11765";"Halve støcke";"Støcker, Halve"
"11766";"Halve stuck";"Støcker, Halve"
"11767";"Heele støcke";"Støcker"
"11768";"Hundrede Td.";"Tønde, Hundred"
"11769";"Kloft";
"11770";"Knd.";"Kande"
"11771";"Kufl.";"Kuffert"
"11772";"Kurveflasker";
"11773";"Nd. kannen";"Kande, Ned."
"11774";"Ole.";
"11775";"Rdlr";"Rigsdaler"
"11776";"Sf.";
"11777";"Stange";"Stanger"
"11778";"Stechkan";"Stechkanne"
"11779";"Stekk.";"Stechkanne"
"11780";"Stoer";
"11781";"Td. och fade";"Tønde"
"11782";"Td. och fade";"Fad"
"11783";"Ters";"Tierce"
"11784";"Tnd";"Tønde"
"11785";"Tyercer";"Tierce"
"11786";"Vtel.";"Viertel"
