"jaar","rolnr","snr","scnr_begin","scnr_eind","tekst","snaam","twee_op_een","sectienr"
"0","1","1","199","200",,"Told, Skriver og Tøndepenge","nee","101"
"1634","1","2","245","268",,"Ingen told, Adschillige nationer","nee","102"
"1497","1","3","531","532",,"Told, Rijnske win","nee","103"
"1497","1","4","532","542",,"Told","nee","104"
"1497","1","5","543","543",,"Told, Østersche steder","nee","105"
"1497","1","6","544","544",,"Ingen told, Østersche steder","nee","106"
"1503","1","7","546","547",,"Told, Rijnske win","nee","107"
"1503","1","8","548","556",,"Told, Lubsche","nee","108"
"1503","1","9","557","557",,"Told, Østersche steder","nee","109"
"1500","1","10","558","558",,"Ingen told, Østersche steder","nee","110"
"1528","1","11","561","562",,"Told, Rijnske win","nee","111"
"1528","1","12","562","574",,"Skibstold","nee","112"
"1528","1","13","575","576",,"Told, Østersche steder","nee","113"
"1528","1","14","576","577",,"Ingen told","nee","114"
"1536","1","15","581","584",,"Told, Rijnske win","nee","115"
"1536","1","16","585","594",,"Skibstold, Fremmede mand","nee","116"
"1536","1","17","596","598",,"Told, Østersche steder","nee","117"
"1536","1","18","599","600",,"Ingen told, Wendische steder","nee","118"
"1537","1","19","605","608",,"Told, Rijnske win","nee","119"
"1537","1","20","608","633",,"Skibstold, Fremmede mand","nee","120"
"1537","1","21","634","637",,"Skibstold, Wendische steder","nee","121"
"1537","1","22","638","638",,"Ingen told, Wendische steder og andre steder","nee","122"
"1538","1","23","648","651",,"Told, Rijnske win","nee","123"
"1538","1","24","652","672",,"Skibstold, Fremmede mand","nee","124"
"1538","1","25","673","676",,"Skibstold, Wendische steder","nee","125"
"1538","1","26","677","677",,"Ingen told, Wendische steder","nee","126"
"1539","2","1","4","8",,"Told, Rijnske win","nee","201"
"1539","2","2","9","42",,"Skibstold, Fremmede mand","nee","202"
"1539","2","3","43","51",,"Told, Wendeske steder","nee","203"
"1539","2","4","52","56",,"Ingen told","nee","204"
"1540","2","5","66","71",,"Told, Rijnske win","nee","205"
"1540","2","6","72","96",,"Skibstold, Fremmede mand","nee","206"
"1540","2","7","97","101",,"Skibstold, Wendeske steder","nee","207"
"1540","2","8","102","105",,"Ingen told","nee","208"
"1541","2","9","113","117",,"Told, Rijnske win","nee","209"
"1541","2","10","118","136",,"Skibstold, Fremmede mand","nee","210"
"1541","2","11","137","143",,"Told, Wendeske steder","nee","211"
"1541","2","12","143","146",,"Ingen told","nee","212"
"1542","2","13","157","161",,"Told, Rijnske win","nee","213"
"1542","2","14","162","180",,"Skibstold, Fremmede mand","nee","214"
"1542","2","15","180","187",,"Told, Wendeske steder","nee","215"
"1542","2","16","188","194",,"Ingen told","nee","216"
"1543","2","17","202","250",,"Skibstold, Fremmede mand","nee","217"
"1543","2","18","206","207",,"Skibstold, Wendeske steder","nee","218"
"1543","2","19","207","209",,"Ingen told","nee","219"
"1544","2","20","217","218",,"Told, Rijnske win","nee","220"
"1544","2","21","218","231",,"Skibstold, Fremmede mand","nee","221"
"1544","2","22","232","237",,"Skibstold, Wendeske steder","nee","222"
"1544","2","23","238","241",,"Ingen told","nee","223"
"1545","2","24","250","253",,"Told, Rijnske win","nee","224"
"1545","2","25","255","256",,"Kaaber lester, Fuckers","nee","225"
"1545","2","26","258","279",,"Skibstold, Fremmede mand","nee","226"
"1545","2","27","280","292",,"Skibstold, Wendeske steder","nee","227"
"1545","2","28","293","297",,"Ingen told","nee","228"
"1545","2","29","298","298",,"Kaaber told","nee","229"
"1546","2","30","309","311",,"Told, Rijnske win","nee","230"
"1546","2","31","312","337",,"Skibstold, Fremmede mand","nee","231"
"1546","2","32","338","350",,"Skibstold, Wendeske steder","nee","232"
"1546","2","33","350","354",,"Ingen told","nee","233"
"1547","2","34","366","371",,"Told, Rijnske win","nee","234"
"1547","2","35","372","398",,"Skibstold, Fremmede mand","nee","235"
"1547","2","36","398","408",,"Skibstold, Wendeske steder","nee","236"
"1548","2","37","409","413",,"Ingen told","nee","237"
"1548","2","38","423","424",,"Skibstold","nee","238"
"1548","2","39","425","425",,"Ingen told","nee","239"
"1557","2","40","446","450",,"30 Penge, Rijnsch win","nee","240"
"1557","2","41","451","451",,"30 Penge, Pøytow","nee","241"
"1557","2","42","452","453",,"30 Penge, Bastert","nee","242"
"1557","2","43","454","454",,"30 Penge, Win thint, Romenie","nee","243"
"1557","2","44","455","455",,"30 Penge, Peliet, Alloij","nee","244"
"1557","2","45","457","457",,"30 Penge, Winedicke","nee","245"
"1557","2","46","458","458",,"30 Penge, Brendewin","nee","246"
"1557","2","47","462","485",,"Skibstold, Nederlander etc. ","nee","247"
"1557","2","48","487","489",,"Skibstold, Østersche Anse steder","nee","248"
"1557","2","49","491","496",,"Skibstold, Wendiske steder","nee","249"
"1557","2","50","497","501",,"Skibstold, Embder","nee","250"
"1557","2","51","502","508",,"Skibstold, 100 Penge, Schotter","nee","251"
"1557","2","52","510","529",,"Skibstold, 100 Penge, Engelsche","nee","252"
"1557","2","53","531","535",,"Skriver og Tøndepenge, Wendische steder","nee","253"
"1557","2","54","537","541",,"30 Penge, Rijnsch win","nee","254"
"1557","2","55","542","544",,"30 Penge, Pøytow, Win tint, Romenie, Peliet","nee","255"
"1557","2","56","546","580",,"Skibstold, Nederlander etc. ","nee","256"
"1557","2","57","582","587",,"Skibstold, Dantsche og andre Østersche Anse steder","nee","257"
"1557","2","58","588","599",,"Skibstold, Wendische steder","nee","258"
"1557","2","59","600","603",,"Skibstold, Embder","nee","259"
"1557","2","60","604","628",,"Skibstold, 100 Penge, Schotter","nee","260"
"1557","3","1","4","4",,"100 Penge, Schotter","nee","301"
"1557","3","2","5","37",,"100 Penge, Engelsche","nee","302"
"1557","3","3","38","43",,"Skriver og Tøndepenge, Wendische steder","nee","303"
"1557","3","4","44","45",,"30 Penge, Rinske win","nee","304"
"1557","3","5","46","48",,"30 Penge, Pøytow, Romeni, Seck, Tint, etc.","nee","305"
"1557","3","6","50","59",,"Skibstold, Hollender","nee","306"
"1557","3","7","60","64",,"Skibstold, Dansche","nee","307"
"1557","3","8","65","69",,"Skibstold, Wendische","nee","308"
"1557","3","9","70","71",,"Skibstold, Embder","nee","309"
"1557","3","10","72","74",,"100 Penge, Schotter","nee","310"
"1557","3","11","75","81",,"100 Penge, Engelsche","nee","311"
"1557","3","12","82","84",,"100 Penge, Embder","nee","312"
"1557","3","13","85","86",,"Skriver og Tøndepenge, Wendische steder","nee","313"
"1557","3","14","87","87",,"Kaaber told","nee","314"
"1558","3","15","119","125",,"30 Penge, Rijnsk win","nee","315"
"1558","3","16","127","127",,"30 Penge, Pøytow","nee","316"
"1558","3","17","128","128",,"30 Penge, Bastert","nee","317"
"1558","3","18","131","131",,"30 Penge, Romenie","nee","318"
"1558","3","19","132","132",,"30 Penge, Seck","nee","319"
"1558","3","20","133","134",,"30 Penge, Brendewin","nee","320"
"1558","3","21","137","146",,"Skibstold, Nederlander, Embder","nee","321"
"1558","3","22","147","196",,"Skibstold, andre fremde nationer","nee","322"
"1558","3","23","197","205",,"Skibstold, Østersche steder","nee","323"
"1558","3","24","207","208",,"Skriver og Tøndepenge, Wendische steder","nee","324"
"1558","3","25","209","223",,"Skibstold, Wendische, Swendske og andre","nee","325"
"1558","3","26","225","233",,"Skibstold, 100 Penge, Schotter","nee","326"
"1558","3","27","234","237",,"Skibstold, 100 Penge, Engelsche","nee","327"
"1558","3","28","238","251",,"Skibstold, 100 Penge, Embder","nee","328"
"1558","3","29","252","265",,"Skriver og Tøndepenge, Wendische steder","nee","329"
"1560","3","30","280","288",,"30 Penge, Rynsk win","nee","330"
"1560","3","31","290","291",,"30 Penge, Pøytow","nee","331"
"1560","3","32","292","293",,"30 Penge, Romenie","nee","332"
"1560","3","33","294","295",,"30 Penge, Bastert","nee","333"
"1560","3","34","296","297",,"30 Penge, Brendewin","nee","334"
"1560","3","35","298","298",,"30 Penge, Winedicke","nee","335"
"1560","3","36","299","375",,"Skibstold, Nederlandsche steder","nee","336"
"1560","3","37","377","405",,"Skibstold, Østersche steder","nee","337"
"1560","3","38","407","426",,"Skibstold, Wendische steder","nee","338"
"1560","3","39","428","459",,"Skibstold, 100 Penge, Schotter","nee","339"
"1560","3","40","460","491",,"Skibstold, 100 Penge, Engelsche","nee","340"
"1560","3","41","493","504",,"Skibstold, 100 Penge, Embder","nee","341"
"1560","3","42","506","524",,"Skriver og Tøndepenge, Wendische og Swendsche","nee","342"
"1562","3","43","540","549",,"30 Penge, Rynsk win","nee","343"
"1562","3","44","551","553",,"30 Penge, Pøytow","nee","344"
"1562","3","45","553","556",,"30 Penge, Bastert","nee","345"
"1562","3","46","556","557",,"30 Penge, Romenie","nee","346"
"1562","3","47","558","559",,"30 Penge, Brendewin","nee","347"
"1562","3","48","560","666",,"Skibstold, Nederlandsche steder","nee","348"
"1562","4","1","3","18",,"Skibstold, Østersche steder","nee","401"
"1562","4","2","19","35",,"Skibstold, Dansche og Wendische steder","nee","402"
"1562","4","3","37","91",,"Skibstold, 100 Penge, Schotter","nee","403"
"1562","4","4","93","142",,"Skibstold, 100 Penge, Engelsche","nee","404"
"1562","4","5","143","151",,"Skibstold, 100 Penge, Frandsche","nee","405"
"1562","4","6","153","169",,"Skibstold, 100 Penge, Embder","nee","406"
"1561","4","7","169","171",,"Kaaber told","nee","407"
"1562","4","8","170","171",,"Kaaber told","nee","408"
"1562","4","9","172","188",,"Skriver og Tøndepenge, Swendsche og Wendische steder","nee","409"
"1562","4","10","190","303",,"Fyrpenge","nee","410"
"1563","4","11","319","328",,"30 Penge, Rynsch win","nee","411"
"1563","4","12","330","332",,"30 Penge, Pøytow","nee","412"
"1563","4","13","333","336",,"30 Penge, Bastert","nee","413"
"1563","4","14","336","338",,"30 Penge, Rommenie","nee","414"
"1563","4","15","340","340",,"30 Penge, Malmersie, Brendewin","nee","415"
"1563","4","16","342","465",,"Skibstold, Nederlander","nee","416"
"1563","4","17","466","481",,"Skibstold, Østersche Anse steder","nee","417"
"1563","4","18","482","496",,"Skibstold, Dansche, Swensche og Wendische steder","nee","418"
"1563","4","19","498","557",,"Skibstold, 100 Penge, Schotter","nee","419"
"1563","4","20","558","615",,"Skibstold, 100 Penge, Engelsche","nee","420"
"1563","4","21","616","616",,"100 Penge, Polske, Breslaus","nee","421"
"1563","4","22","618","624",,"Skibstold, 100 Penge, Frandsche","nee","422"
"1563","4","23","624","624",,"100 Penge, Spansche","nee","423"
"1563","4","24","625","625",,"100 Penge, Augsburger","nee","424"
"1563","4","25","628","646",,"Skibstold, 100 Penge, Embder","nee","425"
"1563","4","26","647","647",,"Kaaber told","nee","426"
"1563","4","27","649","661",,"Skriver og Tøndepenge, Wendische steder","nee","427"
"1563","4","28","662","779",,"Fyrpenge","nee","428"
"1563","5","1","4","14",,"30 Penge, Rynsk win","nee","501"
"1563","5","2","17","19",,"30 Penge, Pøytow","nee","502"
"1563","5","3","20","23",,"30 Penge, Bastert","nee","503"
"1563","5","4","23","25",,"30 Penge, Romenij","nee","504"
"1563","5","5","26","26",,"30 Penge, Malmersij","nee","505"
"1563","5","6","27","27",,"30 Penge, Brendewin","nee","506"
"1563","5","7","28","154",,"Skib og Gods, Nederlander og westerse Anse steder","nee","507"
"1563","5","8","157","172",,"Skib og Gods, Østersche Anse steder","nee","508"
"1563","5","9","173","187",,"Skib og Gods, Danske, Swendske og Wendiscke steder","nee","509"
"1563","5","10","190","249",,"Skibstold, 100 Penge, Schotter","nee","510"
"1563","5","11","250","308",,"Skibstold, 100 Penge, Engelsche","nee","511"
"1563","5","12","309","310",,"100 Penge, Polsk, Breslau etc.","nee","512"
"1563","5","13","311","316",,"Skibstold, 100 Penge, Frandsche","nee","513"
"1563","5","14","317","317",,"Gods, Spansk","nee","514"
"1563","5","15","318","318",,"Gods, Augsberger","nee","515"
"1563","5","16","319","338",,"Skibstold, 100 Penge, Embder","nee","516"
"1563","5","17","339","339",,"Kaaber told","nee","517"
"1563","5","18","341","352",,"Skriver of Tøndepenge, Wendiske steder","nee","518"
"1563","5","19","353","469",,"Fyrpenge","nee","519"
"1564","6","1","5","14",,"30 Penge, Rynsch win","nee","601"
"1564","6","2","16","20",,"30 Penge, Pøytow","nee","602"
"1564","6","3","20","22",,"30 Penge, Bastert","nee","603"
"1564","6","4","22","22",,"30 Penge, Assoye","nee","604"
"1564","6","5","23","23",,"30 Penge, Win thint, Malversie","nee","605"
"1564","6","6","24","24",,"30 Penge, Rommenie","nee","606"
"1564","6","7","25","25",,"30 Penge, Winedicke","nee","607"
"1564","6","8","25","26",,"30 Penge, Brendewin","nee","608"
"1564","6","9","27","133",,"Skib og Gods, Nederlander","nee","609"
"1564","6","10","135","143",,"Skib og Gods, Embder","nee","610"
"1564","6","11","145","157",,"Skib og Gods, Østersche Anse steder","nee","611"
"1564","6","12","158","168",,"Skib og Gods, Dansche og Wendische steder","nee","612"
"1564","6","13","169","199",,"Skibstold, 100 Penge, Schotter","nee","613"
"1564","6","14","201","233",,"Skibstold, 100 Penge, Engelsche","nee","614"
"1564","6","15","234","235",,"Skibstold, 100 Penge, Frandsche","nee","615"
"1564","6","16","237","245",,"100 Penge, Polske, Breslau","nee","616"
"1564","6","17","246","247",,"Kaaber told","nee","617"
"1564","6","18","247","250",,"100 Penge, Narwa","nee","618"
"1564","6","19","251","252",,"Told, D. Hieronimus","nee","619"
"1564","6","20","252","259",,"Skriver og Tøndepenge, Wendische steder","nee","620"
"1564","6","21","259","346",,"Fyrpenge","nee","621"
"1565","6","22","400","406",,"30 Penge, Rynsch win","nee","622"
"1565","6","23","408","412",,"30 Penge, Pøytow","nee","623"
"1565","6","24","412","414",,"30 Penge, Bastert","nee","624"
"1565","6","25","414","414",,"30 Penge, Rommenie","nee","625"
"1565","6","26","415","415",,"30 Penge, Winedicke","nee","626"
"1565","6","27","415","416",,"30 Penge, Brendewin","nee","627"
"1565","6","28","417","551",,"Skib og Gods, Nederlander","nee","628"
"1565","6","29","551","559",,"Skib og Gods, Embder","nee","629"
"1565","6","30","561","566",,"Skib og Gods, Østersche Anse steder","nee","630"
"1565","6","31","567","571",,"Skib og Gods, Dansche og Wendische steder","nee","631"
"1565","6","32","573","589",,"Skibstold, 100 Penge, Schotter","nee","632"
"1565","6","33","589","618",,"Skibstold, 100 Penge, Engelsche","nee","633"
"1565","6","34","621","631",,"Skibstold, 100 Penge, Frandsche","nee","634"
"1565","6","35","633","640",,"100 Penge, Breslau","nee","635"
"1565","6","36","641","642",,"Kaaber told","nee","636"
"1565","6","37","643","643",,"100 Penge, Narwa","nee","637"
"1565","6","38","644","647",,"Skriver og Tøndepenge, Wendische steder","nee","638"
"1565","6","39","649","744",,"Fyrpenge","nee","639"
"1566","7","1","8","15",,"30 Penge, Rynsch win","nee","701"
"1566","7","2","17","19",,"30 Penge, Pøytow","nee","702"
"1566","7","3","19","19",,"30 Penge, Malversie","nee","703"
"1566","7","4","20","20",,"30 Penge, Assoye, Win thint","nee","704"
"1566","7","5","21","23",,"30 Penge, Bastert","nee","705"
"1566","7","6","24","26",,"30 Penge, Romeni og Seck","nee","706"
"1566","7","7","26","27",,"30 Penge, Winedicke","nee","707"
"1566","7","8","27","28",,"30 Penge, Brendewin","nee","708"
"1566","7","9","30","126",,"Skibstold, Nederlander","nee","709"
"1566","7","10","127","157",,"Skibstold, Nederlander, Narffuen, Riieg, Danschen, Kiønsberich","nee","710"
"1566","7","11","158","166",,"Skibstold, Embder","nee","711"
"1566","7","12","168","178",,"Skibstold, Østersche Anse steder","nee","712"
"1566","7","13","178","185",,"Skibstold, Dansche og Wendische","nee","713"
"1566","7","14","186","221",,"Skibstold, 100 Penge, Schotter","nee","714"
"1566","7","15","222","274",,"Skibstold, 100 Penge, Engelsche","nee","715"
"1566","7","16","265","274",,"Skibstold, 100 Penge, Engelsche-2","nee","716"
"1566","7","17","275","286",,"Skibstold, 100 Penge, Frandsche","nee","717"
"1566","7","18","287","292",,"100 Penge, Polsk og Breslau","nee","718"
"1566","7","19","293","295",,"Kaaber told","nee","719"
"1566","7","20","295","300",,"Skriver og Tøndepenge, Wendische steder","nee","720"
"1566","7","21","301","408",,"Fyrpenge","nee","721"
"1567","8","1","46","56",,"30 Penge, Rynsch win","nee","801"
"1567","8","2","58","64",,"30 Penge, Pøytow","nee","802"
"1567","8","3","64","64",,"30 Penge, Malversie","nee","803"
"1567","8","4","65","65",,"30 Penge, Muskattel, Assoye","nee","804"
"1567","8","5","65","67",,"30 Penge, Win thint, Bastert","nee","805"
"1567","8","6","68","69",,"30 Penge, Rommeni, Seck","nee","806"
"1567","8","7","69","69",,"30 Penge, Winedicke","nee","807"
"1567","8","8","70","71",,"30 Penge, Brendewin","nee","808"
"1567","8","9","72","126",,"Skibstold, Nederlander etc., Westen af","nee","809"
"1567","8","10","127","140",,"Skibstold, Nederlander etc., Salt","nee","810"
"1567","8","11","141","210",,"Skibstold, Nederlander etc., Østen af","nee","811"
"1567","8","12","212","220",,"Skibstold, Østersche Anse steder","nee","812"
"1567","8","13","220","228",,"Skibstold, Dansche og Wendische","nee","813"
"1567","8","14","228","247",,"Skibstold, 100 Penge, Schotter","nee","814"
"1567","8","15","248","285",,"Skibstold, 100 Penge, Engelse","nee","815"
"1567","8","16","286","297",,"Skibstold, 100 Penge, Frandse","nee","816"
"1567","8","17","298","298",,"100 Penge, Jer. Schillinck","nee","817"
"1567","8","18","299","301",,"Kaaber told, Jer. Schillinck","nee","818"
"1567","8","19","302","309",,"Skriver og Tøndepenge, Wendische steder","nee","819"
"1567","8","20","310","428",,"Fyrpenge","nee","820"
"1567","8","21","486","526",,"Lastpenge, Nederlandse steder","nee","821"
"1567","8","22","526","530",,"Lastpenge, Embder","nee","822"
"1567","8","23","531","533",,"Lastpenge, Østersche Anse steder","nee","823"
"1567","8","24","534","537",,"Lastpenge, Wendische steder","nee","824"
"1567","8","25","537","539",,"Lastpenge, Schotter","nee","825"
"1567","8","26","540","542",,"Lastpenge, Engelse","nee","826"
"1567","8","27","543","543",,"Lastpenge, Frandse","nee","827"
"1567","8","28","544","552",,"Lastpenge, Narwa","nee","828"
"1567","8","29","554","558",,"Lastpenge, Rynsch win","nee","829"
"1567","8","30","558","561",,"Lastpenge, Heedt wyn","nee","830"
"1568","9","1","425","442",,"30 Penge, Rinsch win","nee","901"
"1568","9","2","445","453",,"30 Penge, Pøytow","nee","902"
"1568","9","3","454","454",,"30 Penge, Win tint","nee","903"
"1568","9","4","455","455",,"30 Penge, Kanari win, Muskatelle","nee","904"
"1568","9","5","456","456",,"30 Penge, Malversie","nee","905"
"1568","9","6","457","457",,"30 Penge, Assoye","nee","906"
"1568","9","7","458","463",,"30 Penge, Bastert","nee","907"
"1568","9","8","467","468",,"30 Penge, Rommeni og Seck","nee","908"
"1568","9","9","469","469",,"30 Penge, Winedicke","nee","909"
"1568","9","10","470","473",,"30 Penge, Brendewin","nee","910"
"1568","9","12","476","562",,"Skibstold, Nederlander etc., Westen af","nee","912"
"1568","9","13","563","587",,"Skibstold, Nederlander etc., Salt","nee","913"
"1568","9","14","588","605",,"Skibstold, Nederlander etc., Østen af","nee","914"
"1568","10","1","4","41",,"Skibstold, Nederlender etc., Østen af","nee","1001"
"1568","10","2","43","51",,"Skibstold, Østersche Ansche steder","nee","1002"
"1568","10","3","53","62",,"Skibstold, Dansche og Wendische steder","nee","1003"
"1568","10","4","63","89",,"Skibstold, 100 Penge, Schotter","nee","1004"
"1568","10","5","90","121",,"Skibstold, 100 Penge, Engelsche","nee","1005"
"1568","10","6","122","143",,"Skibstold, 100 Penge, Frandsche","nee","1006"
"1568","10","7","144","147",,"100 Penge, Danschen","nee","1007"
"1568","10","8","148","159",,"Skriver og Tøndepenge, Wendische steder","nee","1008"
"1568","10","9","160","269",,"Fyrpenge","nee","1009"
"1568","10","10","299","328",,"Lastpenge, Nederlender etc.","nee","1010"
"1568","10","11","328","332",,"Lastpenge, Østersche steder","nee","1011"
"1568","10","12","333","335",,"Lastpenge, Wendische steder","nee","1012"
"1568","10","13","336","338",,"Lastpenge, Schotter","nee","1013"
"1568","10","14","339","342",,"Lastpenge, Engelsche","nee","1014"
"1568","10","15","343","345",,"Lastpenge, Frandsche","nee","1015"
"1568","10","16","345","348",,"Lastpenge, Rinsch win","nee","1016"
"1568","10","17","349","352",,"Lastpenge, Spansk og Heed win","nee","1017"
"1568","10","18","354","361",,"Lastpenge, Narwen","nee","1018"
"1568","10","19","363","363",,"Lastpenge, Narwen","nee","1019"
"1569","11","1","23","28",,"30 Penge, Rinsch win","nee","1101"
"1569","11","2","28","29",,"30 Penge, Poytoy","nee","1102"
"1569","11","3","30","31",,"30 Penge, Bastert","nee","1103"
"1569","11","4","32","32",,"30 Penge, Malmersie, Muscatel","nee","1104"
"1569","11","5","33","33",,"30 Penge, Rommenie, Seck","nee","1105"
"1569","11","6","34","34",,"30 Penge, Brendewin","nee","1106"
"1569","11","7","36","73",,"Skibstold, Nederlender etc., Westen af","nee","1107"
"1569","11","8","74","75",,"Skibstold, Nederlender etc., Salt","nee","1108"
"1569","11","9","76","116",,"Skibstold, Nederlender etc., Østen af","nee","1109"
"1569","11","10","119","131",,"Skibstold, Østersche Ansche steder","nee","1110"
"1569","11","11","132","146",,"Skibstold, Dansche og Wendische steder","nee","1111"
"1569","11","12","147","182",,"Skibstold, 100 Penge, Schotter","nee","1112"
"1569","11","13","184","225",,"Skibstold, 100 Penge, Engelsche","nee","1113"
"1569","11","14","227","234",,"Skibstold, 100 Penge, Frandsche","nee","1114"
"1569","11","15","234","236",,"100 Penge, Polske, Breskou","nee","1115"
"1569","11","16","237","250",,"Skriver og Tøndepenge, Wendische steder","nee","1116"
"1569","11","17","252","321",,"Fyrpenge","nee","1117"
"1569","11","18","385","388",,"Lastpenge, Nederlender etc.","nee","1118"
"1569","11","19","389","397",,"Lastpenge, Østersche Ansche steder","nee","1119"
"1569","11","20","398","401",,"Lastpenge, Wendische steder","nee","1120"
"1569","11","21","402","406",,"Lastpenge, Schotter","nee","1121"
"1569","11","22","407","412",,"Lastpenge, Engelsche","nee","1122"
"1569","11","23","413","413",,"Lastpenge, Frandse","nee","1123"
"1569","11","24","414","415",,"Lastpenge, Rinsch win","nee","1124"
"1569","11","25","416","417",,"Lastpenge, Spandsch og Heed win","nee","1125"
"1569","11","26","418","420",,"Lastpenge, Narwen","nee","1126"
"1569","11","27","421","421",,"Fri, Narwen","nee","1127"
"1574","11","28","478","480",,"30 Penge, Rinsch win","nee","1128"
"1574","11","29","481","482",,"30 Penge, Frands win","nee","1129"
"1574","11","30","483","483",,"30 Penge, Muscatel, Bastert","nee","1130"
"1574","11","31","484","485",,"30 Penge, Rommenie, Seck","nee","1131"
"1574","11","32","485","485",,"30 Penge, Winedicke","nee","1132"
"1574","11","33","486","486",,"30 Penge, Brendewin","nee","1133"
"1574","11","34","487","537",,"Skibstold, Nederlender etc., Westen af","nee","1134"
"1574","11","35","538","540",,"Skibstold, Nederlender etc., Salt","nee","1135"
"1574","11","36","541","595",,"Skibstold, Nederlender etc., Østen af","nee","1136"
"1574","11","37","597","609",,"Skibstold, Østersche Ansche steder","nee","1137"
"1574","11","38","610","627",,"Skibstold, Dansche og Wendische steder","nee","1138"
"1574","11","39","628","660",,"Skibstold, 100 Penge, Schotter","nee","1139"
"1574","11","40","661","719",,"Skibstold, 100 Penge, Engelsche","nee","1140"
"1574","11","41","721","747",,"Skibstold, 100 Penge, Frandsche","nee","1141"
"1574","11","42","747","747",,"Kaaber told, Kaaber","nee","1142"
"1574","11","43","748","767",,"Skriver og Tøndepenge, Wendische steder","nee","1143"
"1574","11","44","768","829",,"Fyrpenge","nee","1144"
"1574","12","1","4","37",,"Fyrpenge","nee","1201"
"1574","12","2","44","90",,"Lastpenge, Nederlender etc., Østersche og Wendische","nee","1202"
"1574","12","3","91","96",,"Lastpenge, Schotter","nee","1203"
"1574","12","4","97","104",,"Lastpenge, Engelsche","nee","1204"
"1574","12","5","107","111",,"Lastpenge, Fransche","nee","1205"
"1574","12","6","113","113",,"Lastpenge, Rinsch win","nee","1206"
"1574","12","7","114","114",,"Lastpenge, Heed win","nee","1207"
"1574","12","8","115","117",,"Lastpenge, Narwen","nee","1208"
"1575","12","9","119","191",,"30 Penge, Rinsch win","nee","1209"
"1575","12","10","194","194",,"30 Penge, Frands win","nee","1210"
"1575","12","11","195","195",,"30 Penge, Muscatel, Malmersie","nee","1211"
"1575","12","12","196","196",,"30 Penge, Win tint, Bastert","nee","1212"
"1575","12","13","197","199",,"30 Penge, Romeni, Seck","nee","1213"
"1575","12","14","199","199",,"30 Penge, Winedicke","nee","1214"
"1575","12","15","200","200",,"30 Penge, Brendewin","nee","1215"
"1575","12","16","201","243",,"Skibstold, Nederlender etc., Westen af","nee","1216"
"1575","12","17","246","248",,"Skibstold, Nederlender etc., Salt","nee","1217"
"1575","12","18","250","294",,"Skibstold, Nederlender etc., Østen af","nee","1218"
"1575","12","19","295","306",,"Skibstold, Østersche Ansche steder","nee","1219"
"1575","12","20","307","318",,"Skibstold, Dansche og Wendische","nee","1220"
"1575","12","21","320","366",,"Skibstold, 100 Penge, Schotter","nee","1221"
"1575","12","22","367","416",,"Skibstold, 100 Penge, Engelsche","nee","1222"
"1575","12","23","417","425",,"Skibstold, 100 Penge, Frandsche, Lisabon, Polske","nee","1223"
"1575","12","24","427","447",,"Skriver og Tøndepenge, Dansche og Wendische","nee","1224"
"1575","12","25","449","521",,"Fyrpenge","nee","1225"
"1575","12","26","530","566",,"Lastpenge, Nederlender etc., Østersche og Wendische","nee","1226"
"1575","12","27","566","573",,"Lastpenge, Schotter","nee","1227"
"1575","12","28","574","582",,"Lastpenge, Engelsche","nee","1228"
"1575","12","29","583","584",,"Lastpenge, Fransche","nee","1229"
"1575","12","30","584","586",,"Lastpenge, Rinsch win","nee","1230"
"1575","12","31","586","589",,"Lastpenge, Heed win","nee","1231"
"1575","12","32","589","592",,"Lastpenge, Narwen","nee","1232"
"1575","12","33","597","597",,"Saldt","nee","1233"
"1576","13","1","32","36",,"30 Penge, Rinsch win","nee","1301"
"1576","13","2","37","38",,"30 Penge, Frands win","nee","1302"
"1576","13","3","39","39",,"30 Penge, Muscatel, Malmersie","nee","1303"
"1576","13","4","40","40",,"30 Penge, Win tint, Alicant","nee","1304"
"1576","13","5","40","41",,"30 Penge, Bastert","nee","1305"
"1576","13","6","42","43",,"30 Penge, Rommeni, Seck","nee","1306"
"1576","13","7","44","44",,"30 Penge, Winedicke","nee","1307"
"1576","13","8","44","45",,"30 Penge, Brendewin","nee","1308"
"1576","13","9","46","82",,"Skibstold, Nederlender etc., Westen af","nee","1309"
"1576","13","10","83","90",,"Skibstold, Nederlender etc., Salt","nee","1310"
"1576","13","11","91","133",,"Skibstold, Nederlender etc., Østen af","nee","1311"
"1576","13","12","134","148",,"Skibstold, Østersche Ansche steder","nee","1312"
"1576","13","13","150","160",,"Skibstold, Dansche og Wendische steder","nee","1313"
"1576","13","14","161","198",,"Skibstold, 100 Penge, Schotter","nee","1314"
"1576","13","15","199","251",,"Skibstold, 100 Penge, Engelsche","nee","1315"
"1576","13","16","251","264",,"Skibstold, 100 Penge, Fransche","nee","1316"
"1576","13","17","265","283",,"Skriver og Tøndepenge, Wendische steder","nee","1317"
"1576","14","1","4","6",,"Skriver og Tøndepenge, Wendische steder","nee","1401"
"1576","14","2","7","88",,"Fyrpenge","nee","1402"
"1576","14","3","39","134",,"Lastpenge, Nederlender etc.","nee","1403"
"1576","14","4","135","142",,"Lastpenge, Schotter","nee","1404"
"1576","14","5","142","152",,"Lastpenge, Engelsche","nee","1405"
"1576","14","6","153","155",,"Lastpenge, Frandsche","nee","1406"
"1576","14","7","156","157",,"Lastpenge, Rinsch win","nee","1407"
"1576","14","8","157","159",,"Lastpenge, Heed win","nee","1408"
"1577","14","9","463","467",,"30 Penge, Rinsch win","nee","1409"
"1577","14","10","468","469",,"30 Penge, Frandz win","nee","1410"
"1577","14","11","470","470",,"30 Penge, Muscatel, Malmersie","nee","1411"
"1577","14","12","471","472",,"30 Penge, Win tint, Alicant, Bastert","nee","1412"
"1577","14","13","473","474",,"30 Penge, Romenie, Seck","nee","1413"
"1577","14","14","474","474",,"30 Penge, Winedicke","nee","1414"
"1577","14","15","475","475",,"30 Penge, Brendewin","nee","1415"
"1577","14","16","477","528",,"Skibstold, Nederlender etc., Westen af","nee","1416"
"1577","14","17","529","534",,"Skibstold, Nederlender etc., Salt","nee","1417"
"1577","14","18","535","587",,"Skibstold, Nederlender etc., Østen af","nee","1418"
"1577","14","19","590","601",,"Skibstold, Østersche Ansche steder","nee","1419"
"1577","14","20","602","615",,"Skibstold, Dansche og Wendische steder","nee","1420"
"1577","14","21","616","644",,"Skibstold, 100 Penge, Schotter","nee","1421"
"1577","14","22","644","683",,"Skibstold, 100 Penge, Engelsche","nee","1422"
"1577","14","23","684","693",,"Skibstold, 100 Penge, Frandsche","nee","1423"
"1577","15","1","3","4",,"100 Penge, Hispanie","nee","1501"
"1577","15","2","4","4",,"100 Penge, Portugal","nee","1502"
"1577","15","3","5","27",,"Tøndepenge, Wendische","nee","1503"
"1577","15","4","27","114",,"Fyrpenge","nee","1504"
"1577","15","5","121","176",,"Lastpenge, Nederlender etc.","nee","1505"
"1577","15","6","177","181",,"Lastpenge, Schotter","nee","1506"
"1577","15","7","182","188",,"Lastpenge, Engelsche","nee","1507"
"1577","15","8","189","191",,"Lastpenge, Frandsche","nee","1508"
"1577","15","9","191","192",,"Lastpenge, Rinsch win","nee","1509"
"1577","15","10","192","194",,"Lastpenge, Heed win","nee","1510"
"1577","15","11","194","195",,"Lastpenge, Narwen","nee","1511"
"1577","15","12","197","197",,"Fri, Narwen","nee","1512"
"1578","15","13","432","436",,"30 Penge, Rinsch win","nee","1513"
"1578","15","14","436","438",,"30 Penge, Heed win","nee","1514"
"1578","15","15","438","438",,"30 Penge, Malmersie","nee","1515"
"1578","15","16","439","440",,"30 Penge, Alicant, Bastert","nee","1516"
"1578","15","17","440","443",,"30 Penge, Romenie, Seck","nee","1517"
"1578","15","18","444","445",,"30 Penge, Winedicke","nee","1518"
"1578","15","19","445","445",,"30 Penge, Brendewin","nee","1519"
"1578","15","20","446","495",,"Skibstold, Nederlender etc., Westen af","nee","1520"
"1578","15","21","495","507",,"Skibstold, Nederlender etc., Salt","nee","1521"
"1578","15","22","509","561",,"Skibstold, Nederlender etc., Østen af","nee","1522"
"1578","15","23","563","576",,"Skibstold, Østerse Ansche steder","nee","1523"
"1578","15","24","577","586",,"Skibstold, Dansche og Wendische steder","nee","1524"
"1578","15","25","587","631",,"Skibstold, 100 Penge, Schotter","nee","1525"
"1578","15","26","631","686",,"Skibstold, 100 Penge, Engelsche","nee","1526"
"1578","16","1","4","8",,"Skibstold, 100 Penge, Engelsche","nee","1601"
"1578","16","2","10","27",,"Skibstold, 100 Penge, Fransche","nee","1602"
"1578","16","3","27","27",,"Kaaber told, Augsburg, Kaaber, ","nee","1603"
"1578","16","4","28","48",,"Skriver og Tøndepenge, Dansche og Wendische steder","nee","1604"
"1578","16","5","50","156",,"Fyrpenge","nee","1605"
"1578","16","6","161","221",,"Lastpenge, Nederlender etc.","nee","1606"
"1578","16","7","221","229",,"Lastpenge, Skotter","nee","1607"
"1578","16","8","229","239",,"Lastpenge, Engelsche","nee","1608"
"1578","16","9","239","243",,"Lastpenge, Frandsche","nee","1609"
"1578","16","10","243","245",,"Lastpenge, Rinsch win","nee","1610"
"1578","16","11","246","248",,"Lastpenge, Heed win","nee","1611"
"1578","16","12","249","252",,"Lastpenge, Naruen","nee","1612"
"1578","16","13","254","257",,"Lastpenge, Lypsche","nee","1613"
"1579","17","1","16","21",,"30 Penge, Rinsch win","nee","1701"
"1579","17","2","22","26",,"30 Penge, Frantz win","nee","1702"
"1579","17","3","26","26",,"30 Penge, Malmersie, Muscatel","nee","1703"
"1579","17","4","27","27",,"30 Penge, Win tint, Bastert","nee","1704"
"1579","17","5","29","31",,"30 Penge, Romeni, Seck","nee","1705"
"1579","17","6","32","32",,"30 Penge, Winedicke, Brendewin","nee","1706"
"1579","17","7","33","68",,"Skibstold, Nederlender etc., Westen af","nee","1707"
"1579","17","8","69","78",,"Skibstold, Nederlender etc., Salt","nee","1708"
"1579","17","9","79","120",,"Skibstold, Nederlender etc., Østen af","nee","1709"
"1579","17","10","123","133",,"Skibstold, Østersche Ansche steder","nee","1710"
"1579","17","11","134","142",,"Skibstold, Dansche og Wendische steder","nee","1711"
"1579","17","12","143","169",,"Skibstold, 100 Penge, Schotter","nee","1712"
"1579","17","13","169","220",,"Skibstold, 100 Penge, Engelsche","nee","1713"
"1579","17","14","221","230",,"Skibstold, 100 Penge, Frantzer","nee","1714"
"1579","17","15","231","231",,"Kaaber told, Kaaber","nee","1715"
"1579","17","16","232","252",,"Skriver og Tøndepenge, Wendische steder","nee","1716"
"1579","17","17","252","338",,"Fyrpenge","nee","1717"
"1579","17","18","347","394",,"Lastpenge, Nederlender etc.","nee","1718"
"1579","17","19","396","400",,"Lastpenge, Schotter","nee","1719"
"1579","17","20","401","408",,"Lastpenge, Engelsche","nee","1720"
"1579","17","21","409","410",,"Lastpenge, Frantzer","nee","1721"
"1579","17","22","411","413",,"Lastpenge, Rinsch win","nee","1722"
"1579","17","23","413","417",,"Lastpenge, Heed win","nee","1723"
"1579","17","24","417","421",,"Lastpenge, Narwen","nee","1724"
"1579","17","25","421","424",,"Lastpenge, Lybsche","nee","1725"
"1580","18","1","15","20",,"30 Penge, Risch win","nee","1801"
"1580","18","2","21","26",,"30 Penge, Frantz win","nee","1802"
"1580","18","3","27","27",,"30 Penge, Malmersie, Muskatel","nee","1803"
"1580","18","4","28","30",,"30 Penge, Win tint, Bastert","nee","1804"
"1580","18","5","31","35",,"30 Penge, Romeni, Seck","nee","1805"
"1580","18","6","36","36",,"30 Penge, Winedicke","nee","1806"
"1580","18","7","37","37",,"30 Penge, Brendewin","nee","1807"
"1580","18","8","39","74",,"Skibstold, Nederlender etc., Westen af","nee","1808"
"1580","18","9","75","88",,"Skibstold, Nederlender etc., Salt","nee","1809"
"1580","18","10","88","131",,"Skibstold, Nederlender, Østen af","nee","1810"
"1580","18","11","133","144",,"Skibstold, Østersche Ansche steder","nee","1811"
"1580","18","12","144","154",,"Skibstold, Dansche och Wendische","nee","1812"
"1580","18","13","155","178",,"Skibstold, 100 Penge, Schotter","nee","1813"
"1580","18","14","179","209",,"Skibstold, 100 Penge, Engelsche","nee","1814"
"1580","18","15","210","217",,"Skibstold, 100 Penge, Frantzer","nee","1815"
"1580","18","16","218","218",,"Kaaber told, Kaaber","nee","1816"
"1580","18","17","219","243",,"Skriver og Tøndepenge, Wendische steder","nee","1817"
"1580","18","18","245","325",,"Fyrpenge","nee","1818"
"1580","18","19","332","378",,"Lastpenge, Nederlender","nee","1819"
"1580","18","20","380","384",,"Lastpenge, Schotter","nee","1820"
"1580","18","21","385","390",,"Lastpenge, Engelsche","nee","1821"
"1580","18","22","391","392",,"Lastpenge, Frantse","nee","1822"
"1580","18","23","393","394",,"Lastpenge, Rinsche win","nee","1823"
"1580","18","24","394","399",,"Lastpenge, Heed win","nee","1824"
"1580","18","25","399","401",,"Lastpenge, Lybske","nee","1825"
"1580","18","26","402","403",,"Lastpenge, Nurede skipper","nee","1826"
"1581","19","1","28","34",,"30 Penge, Rinsch win","nee","1901"
"1581","19","2","37","40",,"30 Penge, Frantz win","nee","1902"
"1581","19","3","40","40",,"30 penge, Muscatel","nee","1903"
"1581","19","4","41","41",,"30 Penge, Malmersie, Win tint, Alicant","nee","1904"
"1581","19","5","42","43",,"30 Penge, Bastert","nee","1905"
"1581","19","6","44","46",,"30 Penge, Romeni oc Seck","nee","1906"
"1581","19","7","47","47",,"30 Penge, Winedicke, Brendewin","nee","1907"
"1581","19","8","48","88",,"Skibstold, Nederlender etc., Westen aff","nee","1908"
"1581","19","9","88","98",,"Skibstold, Nederlender etc., Salt","nee","1909"
"1581","19","10","100","145",,"Skibstold, Nederlender, Østen aff","nee","1910"
"1581","19","11","146","157",,"Skibstold, Østersche Ansche steder","nee","1911"
"1581","19","12","158","169",,"Skibstold, Dansche og Wendische","nee","1912"
"1581","19","13","170","192",,"Skibstold, 100 penge, Schotter","nee","1913"
"1581","19","14","192","226",,"Skibstold, 100 Penge, Engelsche","nee","1914"
"1581","19","15","226","232",,"Skibstold, 100 Penge, Frantzer","nee","1915"
"1581","19","16","235","262",,"Skriver og Tøndepenge, Wendische steder","nee","1916"
"1581","19","17","262","361",,"Fyrpenge","nee","1917"
"1581","19","18","367","418",,"Lastpenge, Nederlender etc., ","nee","1918"
"1581","19","19","419","423",,"Lastpenge, Schotter","nee","1919"
"1581","19","20","424","429",,"Lastpenge, Engelsche","nee","1920"
"1581","19","21","430","431",,"Lastpenge, Frantzer","nee","1921"
"1581","19","22","433","435",,"Lastpenge, Risch win","nee","1922"
"1581","19","23","436","439",,"Lastpenge, Heed win","nee","1923"
"1581","19","24","439","442",,"Lastpenge, Lubecker","nee","1924"
"1581","19","25","443","443",,"Lastpenge, Naruen","nee","1925"
"1581","19","26","444","444",,"Lastpenge, Nyløse","nee","1926"
"1582","20","1","18","24",,"30 Penge, Rijnsch wijn","nee","2001"
"1582","20","2","25","30",,"30 Penge, Pøijtho och Frantz wijn","nee","2002"
"1582","20","3","31","31",,"30 Penge, Muschateller","nee","2003"
"1582","20","4","32","32",,"30 Penge, Mallmersie","nee","2004"
"1582","20","5","32","32",,"30 Penge, Wijnn thijnt och Allicant","nee","2005"
"1582","20","6","33","33",,"30 Penge, Wijn Kutz","nee","2006"
"1582","20","7","33","35",,"30 Penge, Bastertt","nee","2007"
"1582","20","8","36","37",,"30 Penge, Rommeni och Seckh","nee","2008"
"1582","20","9","38","38",,"30 Penge, Wijn Edicke","nee","2009"
"1582","20","10","38","38",,"30 Penge, Brende wijn","nee","2010"
"1582","20","11","41","89",,"Skibstold, Nederlender etc., Westen af","nee","2011"
"1582","20","12","91","98",,"Skibstold, Nederlender etc., Salt","nee","2012"
"1582","20","13","103","157",,"Skibstold, Nederlender etc., Østen af","nee","2013"
"1582","20","14","160","169",,"Skibstold, Østersche Ahnse steder","nee","2014"
"1582","20","15","172","182",,"Skibstold, Dansche och Wendische steder","nee","2015"
"1582","20","16","184","205",,"Skibstold, 100 Penge, Schotter","nee","2016"
"1582","20","17","208","245",,"Skibstold, 100 Penge, Engelsche","nee","2017"
"1582","20","18","247","252",,"Skibstold, 100 Penge, Frantzer og Portugalische","nee","2018"
"1582","20","19","256","278",,"Skriver og Tøndepenge, Wendische steder","nee","2019"
"1582","20","20","280","382",,"Fyrpenge","nee","2020"
"1582","20","21","391","466",,"Lastpenge, Nederlandsche etc., Østersche oc Wendische steder","nee","2021"
"1582","20","22","468","472",,"Lastpenge, Schotter","nee","2022"
"1582","20","23","473","480",,"Lastpenge, Engelsche","nee","2023"
"1582","20","24","481","482",,"Lastpenge, Frandtzker","nee","2024"
"1582","20","25","483","485",,"Lastpenge, Rijnsch wijnn","nee","2025"
"1582","20","26","486","489",,"Lastpenge, Hedt win","nee","2026"
"1582","20","27","491","492",,"Lastpenge, Lijpsche","nee","2027"
"1582","20","28","493","494",,"Lastpenge, Nijløse","nee","2028"
"1582","20","29","498","498",,"Brødepenge","nee","2029"
"1583","21","1","250","255",,"30 Penge, Rinsch wijnn","nee","2101"
"1583","21","2","257","262",,"30 Penge, Frandtz wijn och Pøijtho","nee","2102"
"1583","21","3","263","263",,"30 Penge, Muschateller, Malmerszij, wijn thint och Allicant","nee","2103"
"1583","21","4","264","265",,"30 Penge, Bastertt","nee","2104"
"1583","21","5","266","266",,"30 Penge, Rommeni och Seckh","nee","2105"
"1583","21","6","267","267",,"30 Penge, Winedicke","nee","2106"
"1583","21","7","267","267",,"30 Penge, Brendewijn","nee","2107"
"1583","21","8","271","325",,"Skibstold, Nederlendische etc., Westen af","nee","2108"
"1583","21","9","329","334",,"Skibstold, Nederlendische etc., Salt","nee","2109"
"1583","21","10","339","398",,"Skibstold, Nederlendische etc., Østen af","nee","2110"
"1583","21","11","401","413",,"Østersche Ahnse steders schiiffs thold (..)","nee","2111"
"1583","21","12","415","431",,"Skibstold, Dansche och Wendische steders","nee","2112"
"1583","21","13","433","455",,"Skibstold, 100 Penge, Schotter","nee","2113"
"1583","21","14","458","494",,"Skibstold, 100 Penge, Engelsche","nee","2114"
"1583","21","15","496","507",,"Skibstold, 100 Penge, Frantscher","nee","2115"
"1583","21","16","510","534",,"Skriver og Tøndepenge, Wendische steder","nee","2116"
"1583","21","17","535","634",,"Fyrpenge","nee","2117"
"1583","21","18","642","668",,"Lastpenge, Nederlendische etc., Østersche och Wendische steder","nee","2118"
"1583","22","1","3","61",,"Laestpenge, Nederlendische etc., Østersche och Wendische","nee","2201"
"1583","22","2","64","67",,"Laestpenge, Danscher","nee","2202"
"1583","22","3","71","75",,"Lastpenge, Schotter","nee","2203"
"1583","22","4","76","82",,"Lastpenge, Engelsche","nee","2204"
"1583","22","5","83","85",,"Lastpenge, Frantzer","nee","2205"
"1583","22","6","89","91",,"Lastpenge, Rinschwijn","nee","2206"
"1583","22","7","92","95",,"Lastpenge, Hedt wijn","nee","2207"
"1583","22","8","96","98",,"Lastpenge, Lijpsche","nee","2208"
"1583","22","9","99","100",,"Lastpenge, Nijløsse","nee","2209"
"1583","22","10","102","102",,"Brødepenge","nee","2210"
"1584","22","11","409","414",,"30 Penge, Rinscher win","nee","2211"
"1584","22","12","416","422",,"30 Penge, Piotow och Frandtz win","nee","2212"
"1584","22","13","424","424",,"30 Penge, Muskateller, Gresker win, Wintintt och Allekandt","nee","2213"
"1584","22","14","425","425",,"30 Penge, Bastertt","nee","2214"
"1584","22","15","426","427",,"30 Penge, Rumenij och Sect","nee","2215"
"1584","22","16","428","428",,"30 Penge, Winedicke","nee","2216"
"1584","22","17","429","429",,"30 Penge, Brendewin","nee","2217"
"1584","22","18","431","476",,"Skibstold, Nederlender etc., Westen af","nee","2218"
"1584","22","19","478","488",,"Skibstold, Nederlandsche etc., Salt","nee","2219"
"1584","22","20","491","539",,"Skibstold, Nederlendsche etc., Østen af","nee","2220"
"1584","22","21","541","551",,"Skibstold, Østersche Ansche steder","nee","2221"
"1584","22","22","553","564",,"Skibstold, Danscke och Wendiscke steder","nee","2222"
"1584","22","23","567","591",,"Skibstold, 100 Penge, Skotter","nee","2223"
"1584","22","24","594","619",,"Skibstold, 100 Penge,  Engelsche","nee","2224"
"1584","23","1","3","21",,"Skibstold, 100 Penge, Engelsche","nee","2301"
"1584","23","2","26","37",,"Skibstold, 100 Penge, Frandsche","nee","2302"
"1584","23","3","39","62",,"Skiver og Tøndepenge, Dansche oc Wendische steder","nee","2303"
"1584","23","4","63","67",,"Skriver og Tøndepenge, Rostocker och Wernemijnder, Øell","nee","2304"
"1584","23","5","68","68",,"Skriver og Tøndepenge, Rostocks øll","nee","2305"
"1584","23","6","70","165",,"Fyrpenge","nee","2306"
"1584","23","7","174","255",,"Lastpenge, Nederlendsche etc., Østersche och Wendische steder","nee","2307"
"1584","23","8","257","258",,"Lastpenge, Danscher","nee","2308"
"1584","23","9","263","267",,"Lastpenge, Skotter","nee","2309"
"1584","23","10","269","275",,"Lastpend, Engelsche","nee","2310"
"1584","23","11","277","278",,"Lastpenge, Frandsche","nee","2311"
"1584","23","12","282","283",,"Lastpende, Rinsch winn","nee","2312"
"1584","23","13","284","290",,"Lastpenge, Heed win","nee","2313"
"1584","23","14","291","292",,"Lastpenge, Lijpske","nee","2314"
"1584","23","15","294","294",,"Lastpenge, Nijløsse","nee","2315"
"1584","23","16","297","297",,"Brødepenge","nee","2316"
"1585","23","17","598","603",,"30 Penge, Rinsch wijn","nee","2317"
"1585","23","18","604","607",,"30 Penge, Frantz wijn och Pøijtho","nee","2318"
"1585","23","19","609","609",,"30 Penge, Thint och Alicannt, Musschateller","nee","2319"
"1585","23","20","610","610",,"30 Penge, Bastert","nee","2320"
"1585","23","21","611","611",,"30 Penge, Wijn Seckh","nee","2321"
"1585","23","22","612","612",,"30 Penge, Wijnedicke","nee","2322"
"1585","23","23","613","613",,"30 Penge, Brendewijn","nee","2323"
"1585","23","24","616","651",,"Skibstold, Nederlender etc., Westen aff","nee","2324"
"1585","24","1","4","7",,"Skibstold, Nederlender etc., Westen aff","nee","2401"
"1585","24","2","10","15",,"Skibstold, Nederlendische, etc., Porthugall, Franckerige, Salt","nee","2402"
"1585","24","3","19","56",,"Skibstold, Nederlendische etc., Østen aff","nee","2403"
"1585","24","4","59","69",,"Østersche steders schiiffs thold (..)","nee","2404"
"1585","24","5","71","84",,"Skibstold, Dansche och Wendische steders, Fremmid gods","nee","2405"
"1585","24","6","87","107",,"Skibstold, 100 Penge, Schotter","nee","2406"
"1585","24","7","110","152",,"Skibstold, 100 Penge, Engelsche","nee","2407"
"1585","24","8","155","161",,"Skibstold, 100 Penge, Frantzkie","nee","2408"
"1585","24","9","162","162",,"Skibstold","nee","2409"
"1585","24","10","165","189",,"Skriver og Tøndepenge, Wendische steder","nee","2410"
"1585","24","11","190","195",,"Tøndepenge, Wernemønder, Øell","nee","2411"
"1585","24","12","197","273",,"Fyrpenge","nee","2412"
"1585","24","13","275","289",,"Norske Fyrpenge","nee","2413"
"1585","24","14","296","361",,"Lastpenge, Nederlender etc.","nee","2414"
"1585","24","15","363","364",,"Lastpenge, Dantzker","nee","2415"
"1585","24","16","366","370",,"Lastpenge, Schotter","nee","2416"
"1585","24","17","371","377",,"Lastpenge, Engelsche","nee","2417"
"1585","24","18","378","379",,"Lastpenge, Frantzker","nee","2418"
"1585","24","19","380","382",,"Lastpenge, Rijnsch win","nee","2419"
"1585","24","20","382","385",,"Lastpenge, Hedt wijn","nee","2420"
"1585","24","21","387","389",,"Lastpenge, Lupsche","nee","2421"
"1585","24","22","389","390",,"Lastpenge, Nijløsse","nee","2422"
"1585","24","23","391","391",,"Brødepenge","nee","2423"
"1586","25","1","79","82",,"30 Penge, Rinsch win","nee","2501"
"1586","25","2","83","83",,"30 Penge, Pøgtow och Frandtz winn","nee","2502"
"1586","25","3","84","84",,"30 Penge, Winthijntt och Allicant","nee","2503"
"1586","25","4","85","85",,"30 Penge, Muskateller och Maluersij","nee","2504"
"1586","25","5","86","87",,"30 Penge, Bastertt","nee","2505"
"1586","25","6","87","88",,"30 Penge, Rummeni och Seck","nee","2506"
"1586","25","7","88","88",,"30 Penge, Brendeuin","nee","2507"
"1586","25","8","89","89",,"30 Penge, Winedicke","nee","2508"
"1586","25","9","91","146",,"Skibstold, Nederlender etc., Westen aff","nee","2509"
"1586","25","10","148","149",,"Skibstold, Nederlandsche etc., Salt","nee","2510"
"1586","25","11","152","205",,"Skibstold, Nederlennsche etc., Østen aff","nee","2511"
"1586","25","12","209","220",,"Skibstold, Østersch Annsch steder","nee","2512"
"1586","25","13","222","235",,"Skibstold, Danske och Wendiske, Fremet godz","nee","2513"
"1586","25","14","237","265",,"Skibstold, 100 Penge, Skotter","nee","2514"
"1586","25","15","268","347",,"Skipstold, 100 Penge, Engelsche","nee","2515"
"1586","25","16","349","359",,"Skibstold, 100 Penge, Fransche","nee","2516"
"1586","25","17","360","362",,"100 Penge, Portugals Polnesch och Bresslauers godtz","nee","2517"
"1586","25","18","366","391",,"Skriver og Tøndepenge, Dansche och seks Wendische steders","nee","2518"
"1586","25","19","392","397",,"Skibstold, Rostocker och Werneminder, Øll och anndre","nee","2519"
"1586","25","20","401","505",,"Fyrpenge, Adskilligt kiøbmandtz godtz","nee","2520"
"1586","25","21","506","527",,"Norske Fyrpenge","nee","2521"
"1586","25","22","539","627",,"Lastpenge, Nederlandsche, etc., Østersche och Wendische steder","nee","2522"
"1586","25","23","631","633",,"Lastpenge, Dannscher","nee","2523"
"1586","25","24","635","640",,"Lastpenge, Skotter","nee","2524"
"1586","25","25","642","655",,"Lastpenge, Engelsche","nee","2525"
"1586","25","26","657","660",,"Lastpenge, Franske","nee","2526"
"1586","26","1","5","6",,"Lastpenge, Rinnsch winn","nee","2601"
"1586","26","2","7","8",,"Lastpenge, Hed winn","nee","2602"
"1586","26","3","9","12",,"Lastpenge, Lijpscke, Godtz, Ballast","nee","2603"
"1586","26","4","13","13",,"Lastpenge, Nijløse","nee","2604"
"1586","26","5","16","16",,"Compani till Lunden","nee","2605"
"1587","26","6","179","179",,"30 Penge, Rinsch wijn (..), Muschateller, Thint och Allicant","nee","2606"
"1587","26","7","180","180",,"30 Penge, Bastert","nee","2607"
"1587","26","8","180","180",,"30 Penge, Rummeni och Seckh","nee","2608"
"1587","26","9","181","181",,"30 Penge, Wijnedicke","nee","2609"
"1587","26","10","183","202",,"Skibstold, Nederlender etc., Westen aff","nee","2610"
"1587","26","11","203","203",,"Skibstold, Nederlender etc., Salt","nee","2611"
"1587","26","12","205","207",,"Skibstold, Nederlender etc., Østen aff","nee","2612"
"1587","26","13","211","212",,"Skibstold, Østersche Ahnse steders","nee","2613"
"1587","26","14","215","219",,"Skibstold, Dansche och Wendische steders, Fremmet godz","nee","2614"
"1587","26","15","221","225",,"Skibstold, 100 Penge, Schotter","nee","2615"
"1587","26","16","227","246",,"Skibstold, 100 Penge, Engelsche","nee","2616"
"1587","26","17","249","258",,"Skibstold, 100 Penge, Frantzer","nee","2617"
"1587","26","18","261","266",,"Skriver og Tøndepenge, Wendische steder","nee","2618"
"1587","26","19","267","268",,"Skibstold, Rostocker och Wernemijnder","nee","2619"
"1587","26","20","269","284",,"Fyrpenge","nee","2620"
"1587","26","21","285","288",,"Norske Fyrpenge","nee","2621"
"1587","26","22","291","309",,"Lastpenge, Nederlender etc., Købmandtz godtz","nee","2622"
"1587","26","23","310","310",,"Lastpenge, Dantzker","nee","2623"
"1587","26","24","311","312",,"Lastpenge, Schotter","nee","2624"
"1587","26","25","312","315",,"Laestpendinge aff the Engelsche","nee","2625"
"1587","26","26","315","318",,"Lastpenge, Frantzer","nee","2626"
"1587","26","27","319","319",,"Lastpenge, Rijnsch wijn, heedt wijn","nee","2627"
"1587","26","28","320","321",,"Lastpenge, Lupsche","nee","2628"
"1587","26","29","322","322",,"Lastpenge, Nijløsse","nee","2629"
"1587","26","30","405","409",,"30 Penge, Rinsch wijn","nee","2630"
"1587","26","31","411","411",,"30 Penge, Poijthovv och Frantz wijn","nee","2631"
"1587","26","32","412","412",,"30 Penge, Malmersij och Muschatteller, wijn thint och Allicant","nee","2632"
"1587","26","33","412","413",,"30 Penge, Bastert","nee","2633"
"1587","26","34","413","414",,"30 Penge, Romeni Seckh och Chanay wijn","nee","2634"
"1587","26","35","415","415",,"30 Penge, Brendewijn, Wijnedicke","nee","2635"
"1587","26","36","419","469",,"Skibstold, Nederlender etc., Westen aff","nee","2636"
"1587","26","37","472","478",,"Skibstold, Nederlender etc., Salt","nee","2637"
"1587","26","38","481","541",,"Skibstold, Nederlender etc., Østen aff","nee","2638"
"1587","26","39","543","557",,"Skibstold, Østersche Ahnse steder","nee","2639"
"1587","26","40","561","582",,"Skibstold, Dansche och Wendische, Fremmed godtz","nee","2640"
"1587","26","41","585","627",,"Skibstold, 100 Penge, Schotter","nee","2641"
"1587","26","42","632","671",,"Skibstold, 100 Penge, Engelsche","nee","2642"
"1587","27","1","3","26",,"Skibstold, 100 Penge, Engelsche","nee","2701"
"1587","27","2","28","64",,"Skibstold, 100 Penge, Frantzer","nee","2702"
"1587","27","3","68","97",,"Skriver og Tøndepenge, Wendische","nee","2703"
"1587","27","4","97","101",,"Tøndepenge, Wernemønder, Øll","nee","2704"
"1587","27","5","104","233",,"Fyrpenge, Alle nationer, Kiøbmandtz godtz","nee","2705"
"1587","27","6","234","254",,"Norske Fyrpenge, Købmandtz godtz","nee","2706"
"1587","27","7","262","364",,"Lastpenge, Nederlender etc., Købmandtz godtz","nee","2707"
"1587","27","8","366","369",,"Lastpenge, Dantzker, Købmandtz godtz, Ballast","nee","2708"
"1587","27","9","372","382",,"Lastpenge, Schotter, Godtz, Ballast","nee","2709"
"1587","27","10","385","395",,"Lastpenge, Engelsche, Godtz, Ballast","nee","2710"
"1587","27","11","398","408",,"Lastpenge, Frantzer, Godtz, Ballast","nee","2711"
"1587","27","12","410","412",,"Lastpenge, Rijnsch wijn","nee","2712"
"1587","27","13","413","413",,"Lastpenge, Hedt wijn","nee","2713"
"1587","27","14","414","417",,"Lastpenge, Lupsche, Godtz, Ballast","nee","2714"
"1587","27","15","418","419",,"Lastpenge, Nijløsse, Købmandtz godtz, Ballast","nee","2715"
"1588","27","16","647","649",,"30 Penge, Rinscher win","nee","2716"
"1588","28","1","4","6",,"30 Penge, Peijtow och Frantz winn","nee","2801"
"1588","28","2","7","7",,"30 Penge, Muskateller och Maluersij","nee","2802"
"1588","28","3","7","7",,"30 Penge, Wintindt och Allicantt","nee","2803"
"1588","28","4","8","8",,"30 Penge, Bastertt","nee","2804"
"1588","28","5","10","13",,"30 Penge, Rumeni Seck och Carnari winn","nee","2805"
"1588","28","6","14","14",,"30 Penge, Brendwinn","nee","2806"
"1588","28","7","14","14",,"30 Penge, Winediche","nee","2807"
"1588","28","8","17","57",,"Skibstold, Nederlennder etc., Westen aff","nee","2808"
"1588","28","9","59","66",,"Skibstold, Nederlendsche etc., Westen aff, Salt","nee","2809"
"1588","28","10","69","118",,"Skibstold,  Nederlensche etc., Østenn aff","nee","2810"
"1588","28","11","121","132",,"Skibstold, Østersche Anse steder","nee","2811"
"1588","28","12","135","151",,"Skibstold, Dansche och Wendische, Fremmet godtz","nee","2812"
"1588","28","13","153","181",,"Skibstold, 100 Penge, Skotter","nee","2813"
"1588","28","14","183","214",,"Skibstold, 100 Penge, Engelsche","nee","2814"
"1588","28","15","216","220",,"Skibstold, 100 Penge, Frandsche","nee","2815"
"1588","28","16","222","250",,"Tøndepenge, Dansche och sex Wendische steders","nee","2816"
"1588","28","17","252","256",,"Tøndepenge, Rostocker och Wernemijnder, Øll","nee","2817"
"1588","28","18","260","363",,"Fyrpenge, Kiøbmantz godtz","nee","2818"
"1588","28","19","366","382",,"Norske Fyrpenge","nee","2819"
"1588","28","20","386","456",,"Lastpenge, Nederlensche etc., Østersche och Wendische","nee","2820"
"1588","28","21","458","462",,"Lastpenge, Dannscher","nee","2821"
"1588","28","22","464","469",,"Lastpenge, Schotter","nee","2822"
"1588","28","23","471","476",,"Lastpenge, Engelsche","nee","2823"
"1588","28","24","478","479",,"Lastpenge, Frannsche","nee","2824"
"1588","28","25","482","483",,"Lastpenge, Rinscher winn","nee","2825"
"1588","28","26","484","487",,"Lastpenge, Hed win","nee","2826"
"1588","28","27","488","492",,"Lastpenge, Lijpsche","nee","2827"
"1588","28","28","494","495",,"Lastpenge, Nijløsse","nee","2828"
"1589","29","1","32","35",,"30 Penge, Rinsch win","nee","2901"
"1589","29","2","37","40",,"30 Penge, Frantz win","nee","2902"
"1589","29","3","40","40",,"30 Penge, Malmersie og Muskatelle","nee","2903"
"1589","29","4","41","41",,"30 Penge, Tind, Allicant","nee","2904"
"1589","29","5","42","43",,"30 Penge, Bastert","nee","2905"
"1589","29","6","44","49",,"30 Penge, Rummeni, Seck","nee","2906"
"1589","29","7","49","49",,"30 Penge, Brendewin","nee","2907"
"1589","29","8","50","51",,"30 Penge, Win edike","nee","2908"
"1589","29","9","53","114",,"Skibstold, Nederlendere etc., Westen aff","nee","2909"
"1589","29","10","118","128",,"Skibstold, Nederlendere etc., Salt","nee","2910"
"1589","29","11","130","185",,"Skibstold, Nederlendere, Østen aff","nee","2911"
"1589","29","12","188","196",,"Skibstold, Østersche Ansche steder","nee","2912"
"1589","29","13","200","217",,"Skibstold, Dansche och Wendische","nee","2913"
"1589","29","14","220","245",,"Skibstold, 100 Penge, Schotter","nee","2914"
"1589","29","15","248","290",,"Skibstold, 100 Penge, Engelsche","nee","2915"
"1589","29","16","292","303",,"Skibstold, 100 Penge, Frantzer","nee","2916"
"1589","29","17","304","308",,"100 Penge, Portugals och Bresslaus","nee","2917"
"1589","29","18","310","335",,"Tøndepenge","nee","2918"
"1589","29","19","336","340",,"Tøndepenge, Wernemønder, Øll","nee","2919"
"1589","29","20","342","461",,"Fyrpenge, Købmandtz waere","nee","2920"
"1589","29","21","462","473",,"Norske Fyrpenge, Købmandtz godtz","nee","2921"
"1589","29","22","480","557",,"Lastpenge, Nederlender etc., Købmandtz waere","nee","2922"
"1589","29","23","557","559",,"Lastpenge, Dantzker","nee","2923"
"1589","29","24","562","567",,"Lastpenge, Schotter","nee","2924"
"1589","29","25","570","577",,"Lastpenge, Engelsche","nee","2925"
"1589","29","26","578","580",,"Lastpenge, Frantzer","nee","2926"
"1589","29","27","582","584",,"Lastpenge, Rinsch wijn","nee","2927"
"1589","29","28","584","589",,"Lastpenge, Haedt wijn","nee","2928"
"1589","29","29","590","593",,"Lastpenge, Lupsche","nee","2929"
"1589","29","30","594","594",,"Lastpenge, Nijløsse","nee","2930"
"1589","29","31","595","595",,"Brødepenge","nee","2931"
"1590","30","1","31","34",,"30 Penge, Rinsch win","nee","3001"
"1590","30","2","36","38",,"30 Penge, Frantz win","nee","3002"
"1590","30","3","39","39",,"30 Penge, Malmersie og Muskatel","nee","3003"
"1590","30","4","40","40",,"30 Penge, Tint, Kuts, Allicant","nee","3004"
"1590","30","5","41","42",,"30 Penge, Bastert","nee","3005"
"1590","30","6","42","45",,"30 Penge, Seck og Rommenie","nee","3006"
"1590","30","7","45","45",,"30 Penge, Winedicke","nee","3007"
"1590","30","8","47","47",,"30 Penge, Brendewin","nee","3008"
"1590","30","9","51","94",,"Skibstold, Nederlender etc., Westen aff","nee","3009"
"1590","30","10","97","109",,"Skibstold, Nederlender etc., Salt","nee","3010"
"1590","30","11","111","167",,"Skibstold, Nederlender, Østen","nee","3011"
"1590","30","12","169","178",,"Skibstold, Østersche Ansche steder","nee","3012"
"1590","30","13","181","192",,"Skibstold, Dansche og Wendische","nee","3013"
"1590","30","14","195","224",,"Skibstold, 100 Penge, Schotter","nee","3014"
"1590","30","15","227","275",,"Skibstold, 100 Penge, Engelsche","nee","3015"
"1590","30","16","279","291",,"Skibstold, 100 Penge, Frantzer","nee","3016"
"1590","30","17","295","314",,"Tøndepenge","nee","3017"
"1590","30","18","315","318",,"Tøndepenge, Werdemønder, Øell","nee","3018"
"1590","30","19","319","438",,"Fyrpenge","nee","3019"
"1590","30","20","439","447",,"Norske Fyrpenge","nee","3020"
"1590","30","21","454","529",,"Lastpenge, Nederlender, Kiøbmandts gods","nee","3021"
"1590","30","22","532","533",,"Lastpenge, Dantsker","nee","3022"
"1590","30","23","536","542",,"Lastpenge, Schotter","nee","3023"
"1590","30","24","543","552",,"Lastpenge, Engelsche","nee","3024"
"1590","30","25","552","554",,"Lastpenge, Frantzer","nee","3025"
"1590","30","26","556","558",,"Lastpenge, Rinsch win","nee","3026"
"1590","30","27","558","562",,"Lastpenge, Heed win","nee","3027"
"1590","30","28","563","563",,"Lastpenge, Nyløsse","nee","3028"
"1591","31","1","21","23",,"30 Penge, Rinsch win","nee","3101"
"1591","31","2","25","26",,"30 Penge, Frantz win","nee","3102"
"1591","31","3","27","27",,"30 Penge, Malmersie og Muskatel","nee","3103"
"1591","31","4","27","27",,"30 Penge, Tint og Allicant","nee","3104"
"1591","31","5","28","28",,"30 Penge, Bastert","nee","3105"
"1591","31","6","29","30",,"30 Penge, Rommenie og Seck","nee","3106"
"1591","31","7","32","32",,"30 Penge, Brendewin","nee","3107"
"1591","31","8","32","32",,"30 Penge, Winedicke","nee","3108"
"1591","31","9","35","69",,"Skibstold, Nederlender etc., Westen aff","nee","3109"
"1591","31","10","71","79",,"Skibstold, Nederlender etc., Salt","nee","3110"
"1591","31","11","81","129",,"Skibstold, Nederlender etc., Østen aff","nee","3111"
"1591","31","12","131","139",,"Skibstold, Østersche steder","nee","3112"
"1591","31","13","141","151",,"Skibstold, Dansche og Wendische","nee","3113"
"1591","31","14","153","177",,"Skibstold, 100 Penge, Schotter","nee","3114"
"1591","31","15","179","221",,"Skibstold, 100 Penge, Engelsche","nee","3115"
"1591","31","16","223","227",,"Skibstold, 100 Penge, Frandsche","nee","3116"
"1591","31","17","229","244",,"100 Penge, Portugal, Breslau etc.","nee","3117"
"1591","31","18","247","264",,"Skriver og Tøndepenge, Dansche og Wendische","nee","3118"
"1591","31","19","265","268",,"Skriver og Tøndepenge, Wernemønder","nee","3119"
"1591","31","20","271","368",,"Fyrpenge","nee","3120"
"1591","31","21","370","378",,"Norske Fyrpenge","nee","3121"
"1591","31","22","381","446",,"Lastpenge, Nederlender etc., Østersche og Wendische","nee","3122"
"1591","31","23","447","449",,"Lastpenge, Dantscher","nee","3123"
"1591","31","24","451","456",,"Lastpenge, Skotter","nee","3124"
"1591","31","25","458","465",,"Lastpenge, Engelsche","nee","3125"
"1591","31","26","467","468",,"Lastpenge, Frantscher","nee","3126"
"1591","31","27","469","469",,"Lastpenge, Rinsch win","nee","3127"
"1591","31","28","470","471",,"Lastpenge, Heed win","nee","3128"
"1591","31","29","472","472",,"Lastpenge, Nyløsse","nee","3129"
"1592","31","30","587","591",,"30 Penge, Rinsch win","nee","3130"
"1592","31","31","593","594",,"30 Penge, Frantz win","nee","3131"
"1592","31","32","595","595",,"30 Penge, Malmersie og Muskatel","nee","3132"
"1592","31","33","596","596",,"30 Penge, Tint og Allicant","nee","3133"
"1592","31","34","596","596",,"30 Penge, Bastert","nee","3134"
"1592","31","35","597","598",,"30 Penge, Seck og Rommenie","nee","3135"
"1592","31","36","599","599",,"30 Penge, Brendewin","nee","3136"
"1592","31","37","600","600",,"30 Penge, Winedicke","nee","3137"
"1592","31","38","603","654",,"Skibstold, Nederlender etc., Westen aff","nee","3138"
"1592","32","1","2","7",,"Skibstold, Nederlender etc., Westen aff","nee","3201"
"1592","32","2","9","19",,"Skibstold, Nederlender etc., Salt","nee","3202"
"1592","32","3","22","83",,"Skibstold, Nederlender etc., Østen aff","nee","3203"
"1592","32","4","86","94",,"Skibstold, Østersche Ansche steder","nee","3204"
"1592","32","5","96","106",,"Skibstold, Dansche og Wendische steder","nee","3205"
"1592","32","6","108","131",,"Skibstold, 100 Penge, Schotter","nee","3206"
"1592","32","7","134","174",,"Skibstold, 100 Penge, Engelsche","nee","3207"
"1592","32","8","176","181",,"Skibstold, 100 Penge, Frantzer","nee","3208"
"1592","32","9","182","186",,"100 Penge, Portugal, Italianer","nee","3209"
"1592","32","10","188","212",,"Skriver og Tøndepenge, Wendische steder","nee","3210"
"1592","32","11","213","216",,"Skibstold, Rostocker, Werdemønder, Øell","nee","3211"
"1592","32","12","218","333",,"Fyrpenge, Kiømandts gods","nee","3212"
"1592","32","13","336","346",,"Norske Fyrpenge","nee","3213"
"1592","32","14","355","431",,"Lastpenge, Nederlender etc.","nee","3214"
"1592","32","15","432","433",,"Lastpenge, Danscher","nee","3215"
"1592","32","16","434","438",,"Lastpenge, Schotter","nee","3216"
"1592","32","17","440","447",,"Lastpenge, Engelsche","nee","3217"
"1592","32","18","448","449",,"Lastpenge, Frandtzer","nee","3218"
"1592","32","19","452","454",,"Lastpenge, Rinsche win","nee","3219"
"1592","32","20","455","457",,"Lastpenge, Heed win","nee","3220"
"1592","32","21","458","458",,"Lastpenge, Nyløsse","nee","3221"
"1593","32","22","549","553",,"30 Penge, Rinsch win","nee","3222"
"1593","32","23","554","556",,"30 Penge, Frantz win","nee","3223"
"1593","32","24","557","557",,"30 Penge, Malmersie og Muskatel","nee","3224"
"1593","32","25","557","557",,"30 Penge, Tint og Allicant","nee","3225"
"1593","32","26","558","558",,"30 Penge, Bastert","nee","3226"
"1593","32","27","558","560",,"30 Penge, Rommenie og Seck","nee","3227"
"1593","32","28","560","560",,"30 Penge, Brendewin","nee","3228"
"1593","32","29","561","561",,"30 Penge, Winedicke","nee","3229"
"1593","32","30","563","629",,"Skibstold, Nederlender etc., Westen aff","nee","3230"
"1593","32","31","633","641",,"Skibstold, Nederlender etc., Salt","nee","3231"
"1593","32","32","643","667",,"Skibstold, Nederlender etc., Østen aff","nee","3232"
"1593","33","1","4","49",,"Skibstold, Nederlender etc., Østen aff","nee","3301"
"1593","33","2","53","64",,"Skibstold, Østersche Ansche steder","nee","3302"
"1593","33","3","68","79",,"Skibstold, Dansche og Wendische","nee","3303"
"1593","33","4","82","105",,"Skibstold, 100 Penge, Schotter","nee","3304"
"1593","33","5","106","150",,"Skibstold, 100 Penge, Engelsche","nee","3305"
"1593","33","6","154","158",,"Skibstold, 100 Penge, Frantzer","nee","3306"
"1593","33","7","160","165",,"100 Penge, Portugal, Italians","nee","3307"
"1593","33","8","168","196",,"Skriver og Tøndepenge, Dansche och Wendische steder","nee","3308"
"1593","33","9","198","329",,"Fyrpenge, alle Nationer","nee","3309"
"1593","33","10","331","342",,"Norske Fyrpenge","nee","3310"
"1593","33","11","350","433",,"Lastpenge, Nederlender etc.","nee","3311"
"1593","33","12","434","435",,"Lastpenge, Dantzker","nee","3312"
"1593","33","13","437","441",,"Lastpenge, Schotter","nee","3313"
"1593","33","14","442","449",,"Lastpenge, Engelsche","nee","3314"
"1593","33","15","450","451",,"Lastpenge, Frantzer","nee","3315"
"1593","33","16","453","455",,"Lastpenge, Rinsch win","nee","3316"
"1593","33","17","455","457",,"Lastpenge, Heed win","nee","3317"
"1593","33","18","458","458",,"Lastpenge, Nyløsse","nee","3318"
"1594","33","19","544","548",,"30 Penge, Rinscher win","nee","3319"
"1594","33","20","550","554",,"30 Penge, Frantz win","nee","3320"
"1594","33","21","555","555",,"30 Penge, Malmersie og Muskateller","nee","3321"
"1594","33","22","556","556",,"30 Penge, Tint, Kus, Allicant","nee","3322"
"1594","33","23","556","556",,"30 Penge, Bastert","nee","3323"
"1594","33","24","557","560",,"30 Penge, Rommeny, Seck, Canarien","nee","3324"
"1594","33","25","561","561",,"30 Penge, Brendewin","nee","3325"
"1594","33","26","562","562",,"30 Penge, Winedicke","nee","3326"
"1594","33","27","566","632",,"Skibstold, Nederlender etc., Westen aff","nee","3327"
"1594","33","28","634","644",,"Skibstold, Nederlender etc., Salt","nee","3328"
"1594","34","1","3","59",,"Skibstold, Nederlender etc., Østen aff","nee","3401"
"1594","34","2","61","73",,"Skibstold, Østersche steder","nee","3402"
"1594","34","3","75","88",,"Skibstold, Dansche och Wendische steder","nee","3403"
"1594","34","4","91","124",,"Skibstold, 100 Penge, Skotter","nee","3404"
"1594","34","5","127","182",,"Skibstold, 100 Penge, Engelsche","nee","3405"
"1594","34","6","185","197",,"Skibstold, 100 Penge, Frandscher","nee","3406"
"1594","34","7","198","200",,"100 Penge, Portugal, Breslau etc.","nee","3407"
"1594","34","8","203","231",,"Skriver og Tøndepenge, Dansche og Wendische","nee","3408"
"1594","34","9","232","234",,"Tøndepenge, Wernemønder, Rostocker, Øell","nee","3409"
"1594","34","10","237","380",,"Fyrpenge, Kiøbmandts gods","nee","3410"
"1594","34","11","382","392",,"Norske Fyrpenge","nee","3411"
"1594","34","12","396","480",,"Lastpenge, Nederlender etc., Østersche etc.","nee","3412"
"1594","34","13","483","484",,"Lastpenge, Danscher","nee","3413"
"1594","34","14","485","491",,"Lastpenge, Schotter","nee","3414"
"1594","34","15","495","504",,"Lastpenge, Engelsche","nee","3415"
"1594","34","16","505","507",,"Lastpenge, Franscher","nee","3416"
"1594","34","17","511","513",,"Lastpenge, Rinsche win","nee","3417"
"1594","34","18","514","518",,"Lastpenge, Heed win","nee","3418"
"1594","34","19","519","519",,"Lastpenge, Nyløsse","nee","3419"
"1594","34","20","520","520",,"Lastpenge, Naruen","nee","3420"
"1594","34","21","522","522",,"Brødepenge","nee","3421"
"1595","35","1","36","39",,"30 Penge, Rinsch win","nee","3501"
"1595","35","2","42","46",,"30 Penge, Frantz win","nee","3502"
"1595","35","3","47","48",,"30 Penge, Frantz win","nee","3503"
"1595","35","4","49","49",,"30 Penge, Malmersie og Muskatelle","nee","3504"
"1595","35","5","50","50",,"30 Penge, Thint, Allicant","nee","3505"
"1595","35","6","50","51",,"30 Penge, Bastert","nee","3506"
"1595","35","7","51","53",,"30 Penge, Seck, Rommeny","nee","3507"
"1595","35","8","54","54",,"30 Penge, Brendewin","nee","3508"
"1595","35","9","55","55",,"30 Penge, Win edike","nee","3509"
"1595","35","10","58","125",,"Skibstold, Nederlendere etc., Westen aff","nee","3510"
"1595","35","11","128","141",,"Skibstold, Nederlendere etc., Salt","nee","3511"
"1595","35","12","143","217",,"Skibstold, Nederlendere etc., Østen aff","nee","3512"
"1595","35","13","219","232",,"Skibstold, Østersche Ansche steder","nee","3513"
"1595","35","14","235","248",,"Skibstold, Danscher og Wendische","nee","3514"
"1595","35","15","253","289",,"Skibstold, 100 Penge, Skotter","nee","3515"
"1595","35","16","291","360",,"Skibstold, 100 Penge, Engelsche","nee","3516"
"1595","35","17","362","385",,"Skibstold, 100 Penge, Frantzer","nee","3517"
"1595","35","18","386","389",,"Skibstold, 100 Penge, Portugal, Italianer","nee","3518"
"1595","35","19","392","417",,"Skriver og Tøndepenge, Dansche, Wendische etc.","nee","3519"
"1595","35","20","418","420",,"Skriver og Tøndepenge, Wernemønder, Øell","nee","3520"
"1595","35","21","422","571",,"Fyrpenge","nee","3521"
"1595","35","22","573","581",,"Norske Fyrpenge","nee","3522"
"1595","35","23","589","674",,"Lastpenge, Nederlender etc., Østersche etc.","nee","3523"
"1595","35","24","676","677",,"Lastpenge, Dansker","nee","3524"
"1595","35","25","679","685",,"Lastpenge, Schotter","nee","3525"
"1595","35","26","687","698",,"Lastpenge, Engelsche","nee","3526"
"1595","35","27","701","705",,"Lastpenge, Frantzer","nee","3527"
"1595","35","28","707","708",,"Lastpenge, Rische win","nee","3528"
"1595","35","29","710","714",,"Lastpenge, Hed win","nee","3529"
"1595","35","30","715","715",,"Lastpenge, Nyløsse","nee","3530"
"1595","35","31","716","716",,"Lastpenge, Naruen","nee","3531"
"1596","36","1","45","48",,"30 Penge, Rinsch win","nee","3601"
"1596","36","2","49","53",,"30 Penge, Frantz win","nee","3602"
"1596","36","3","54","54",,"30 Penge, Malmersie og Muskatelle","nee","3603"
"1596","36","4","54","54",,"30 Penge, Kus, Allicant","nee","3604"
"1596","36","5","55","55",,"30 Penge, Bastert","nee","3605"
"1596","36","6","56","58",,"30 Penge, Seck, Canarien win","nee","3606"
"1596","36","7","58","58",,"30 Penge, Brendewin","nee","3607"
"1596","36","8","59","59",,"30 Penge, Win edike","nee","3608"
"1596","36","9","61","122",,"Skibstold, Nederlendere etc., Westen aff","nee","3609"
"1596","36","10","125","134",,"Skibstold, Nederlendere etc., Salt","nee","3610"
"1596","36","11","137","200",,"Skibstold, Nederlendere etc., Østen aff","nee","3611"
"1596","36","12","203","214",,"Skibstold, Østersche Ansche steder","nee","3612"
"1596","36","13","217","229",,"Skibstold, Danscher og Wendische","nee","3613"
"1596","36","14","231","281",,"Skibstold, 100 Penge, Skotter","nee","3614"
"1596","36","15","283","340",,"Skibstold, 100 Penge, Engelsche","nee","3615"
"1596","36","16","343","355",,"Skibstold, 100 Penge, Frantzer","nee","3616"
"1596","36","17","356","361",,"100 Penge, Portugal, Italianer","nee","3617"
"1596","36","18","364","393",,"Skriver og Tøndepenge, Wendische, Lupske, Hamborig, Wismar etc.","nee","3618"
"1596","36","19","395","397",,"Skriver og Tøndepenge, Wernemønder, Øell","nee","3619"
"1596","36","20","400","526",,"Fyrpenge","nee","3620"
"1596","36","21","528","538",,"Norske Fyrpenge","nee","3621"
"1596","36","22","545","614",,"Lastpenge, Nederlender etc., Kiøbmandtz gods","nee","3622"
"1596","37","1","4","4",,"Lastpenge, Nederlender etc., Kiøbmandt gods","nee","3701"
"1596","37","2","5","6",,"Lastpenge, Danscher","nee","3702"
"1596","37","3","7","16",,"Lastpenge, Skotter","nee","3703"
"1596","37","4","18","29",,"Lastpenge, Engelsche","nee","3704"
"1596","37","5","30","32",,"Lastpenge, Frantzer","nee","3705"
"1596","37","6","31","34",,"Lastpenge, Rinsch win","nee","3706"
"1596","37","7","35","38",,"Lastpenge, Hedwin","nee","3707"
"1596","37","8","39","39",,"Lastpenge, Nyløsse, Naruen","nee","3708"
"1597","37","9","157","160",,"30 Penge, Rinsch win","nee","3709"
"1597","37","10","161","164",,"30 Penge, Frantz win","nee","3710"
"1597","37","11","165","165",,"30 Penge, Malmersie og Muskatelle","nee","3711"
"1597","37","12","165","165",,"30 Penge, Tind, Kus, Allicant","nee","3712"
"1597","37","13","166","166",,"30 Penge, Bastert","nee","3713"
"1597","37","14","167","169",,"30 Penge, Rommenie, Seck, Canarien win","nee","3714"
"1597","37","15","170","170",,"30 Penge, Brendewin","nee","3715"
"1597","37","16","170","170",,"30 Penge, Win edike","nee","3716"
"1597","37","17","173","255",,"Skibstold, Nederlendere etc., Westen aff","nee","3717"
"1597","37","18","256","260",,"Skibstold, Nederlendere etc., Salt","nee","3718"
"1597","37","19","264","343",,"Skibstold, Nederlendere etc., Østen aff","nee","3719"
"1597","37","20","346","355",,"Skibstold, Østersche Ansche steder","nee","3720"
"1597","37","21","356","369",,"Skibstold, Danscher","nee","3721"
"1597","37","22","371","421",,"Skibstold, 100 Penge, Skotter","nee","3722"
"1597","37","23","425","511",,"Skibstold, 100 Penge, Engelse","nee","3723"
"1597","37","24","513","525",,"Skibstold, 100 Penge, Franse","nee","3724"
"1597","37","25","527","530",,"Skibstold, 100 Penge, Portugisser, Breslaer etc.","nee","3725"
"1597","37","26","532","561",,"Tøndepenge, Skriverpenge, Dansche, Wendische steder","nee","3726"
"1597","37","27","562","564",,"Tøndepenge, Skriverpenge, Rostocker, Wernemønder, Øll","nee","3727"
"1597","37","28","566","669",,"Fyrpenge","nee","3728"
"1597","38","1","3","50",,"Fyrpenge, Kiøbmantz gods","nee","3801"
"1597","38","2","51","58",,"Norske Fyrpenge","nee","3802"
"1597","38","3","63","151",,"Lastpenge, Nederlender etc., Ostersche, Wendische etc.","nee","3803"
"1597","38","4","155","155",,"Lastpenge, Danscher","nee","3804"
"1597","38","5","157","166",,"Lastpenge, Skotter","nee","3805"
"1597","38","6","169","184",,"Lastpenge, Engelsche","nee","3806"
"1597","38","7","185","187",,"Lastpenge, Frantzer","nee","3807"
"1597","38","8","188","190",,"Lastpenge, Rinsch win","nee","3808"
"1597","38","9","190","193",,"Lastpenge, Hedwin","nee","3809"
"1597","38","10","194","194",,"Lastpenge, Nyløsse","nee","3810"
"1597","38","11","195","195",,"Lastpenge, Naruen","nee","3811"
"1597","38","12","196","196",,"Brødepenge","nee","3812"
"1598","38","13","320","324",,"30 Penge, Rinsch win","nee","3813"
"1598","38","14","326","328",,"30 Penge, Frantz win","nee","3814"
"1598","38","15","329","329",,"30 Penge, Malmersie og Muskatelle","nee","3815"
"1598","38","16","330","330",,"30 Penge, Tind, Allicant","nee","3816"
"1598","38","17","330","330",,"30 Penge, Bastert","nee","3817"
"1598","38","18","331","333",,"30 Penge, Rommenie, Seck","nee","3818"
"1598","38","19","334","334",,"30 Penge, Brendewin","nee","3819"
"1598","38","20","334","335",,"30 Penge, Win edike","nee","3820"
"1598","38","21","338","411",,"Skibstold, Nederlendere etc., Westen aff","nee","3821"
"1598","38","22","414","419",,"Skibstold, Nederlendere etc., Salt","nee","3822"
"1598","38","23","422","492",,"Skibstold, Nederlendere etc., Østen aff","nee","3823"
"1598","38","24","496","505",,"Skibstold, Østersche Ansche steder","nee","3824"
"1598","38","25","508","520",,"Skibstold, Danscher","nee","3825"
"1598","38","26","522","555",,"Skibstold, 100 Penge, Skotter","nee","3826"
"1598","38","27","557","629",,"Skibstold, 100 Penge, Engelse","nee","3827"
"1598","38","28","631","644",,"Skibstold, 100 Penge, Franse","nee","3828"
"1598","38","29","647","655",,"100 Penge, Portugisser, Polensche etc.","nee","3829"
"1598","38","30","657","663",,"Tøndepenge, Skriverpenge, Dansche, Wendische steder","nee","3830"
"1598","39","1","3","21",,"Tøndepenge, Skriverpenge, Dansche og Wendische","nee","3901"
"1598","39","2","22","23",,"Tøndepenge, Wernemynder etc., Øll","nee","3902"
"1598","39","3","27","182",,"Fyrpenge, Kiøbmantz gods","nee","3903"
"1598","39","4","183","193",,"Norske Fyrpenge","nee","3904"
"1598","39","5","203","301",,"Lastpenge, Nederlender, Ostersche etc.","nee","3905"
"1598","39","6","304","305",,"Lastpenge, Danscher","nee","3906"
"1598","39","7","306","312",,"Lastpenge, Skotter","nee","3907"
"1598","39","8","315","327",,"Lastpenge, Engelsche","nee","3908"
"1598","39","9","330","332",,"Lastpenge, Frantzer","nee","3909"
"1598","39","10","334","336",,"Lastpenge, Rinsch win","nee","3910"
"1598","39","11","337","341",,"Lastpenge, Hedwin","nee","3911"
"1598","39","12","342","343",,"Lastpenge, Nyløsse","nee","3912"
"1598","39","13","344","344",,"Lastpenge, Naruen","nee","3913"
"1598","39","14","345","345",,"Brødepenge","nee","3914"
"1599","39","15","567","572",,"30 Penge, Rinsch win","nee","3915"
"1599","39","16","574","579",,"30 Penge, Frantz win","nee","3916"
"1599","39","17","580","581",,"30 Penge, Malmersie og Muskatelle","nee","3917"
"1599","39","18","582","582",,"30 Penge, Tind, Kutz, Allicant","nee","3918"
"1599","39","19","582","582",,"30 Penge, Bastert","nee","3919"
"1599","39","20","583","587",,"30 Penge, Rommenie, Seck og Canarie","nee","3920"
"1599","39","21","588","588",,"30 Penge, Brendewin","nee","3921"
"1599","39","22","588","588",,"30 Penge, Win edike","nee","3922"
"1599","39","23","591","649",,"Skibstold, Nederlendere etc., Westen aff","nee","3923"
"1599","40","1","3","14",,"Skibstold, Nederlendere etc., Salt","nee","4001"
"1599","40","2","17","74",,"Skibstold, Nederlender etc., Kiøbmandsware","nee","4002"
"1599","40","3","78","87",,"Skibstold, Østersche steder","nee","4003"
"1599","40","4","90","102",,"Skibstold, Dansche etc., Fremmed gods","nee","4004"
"1599","40","5","104","147",,"Skibstold, 100 Penge, Skotter","nee","4005"
"1599","40","6","152","217",,"Skibstold, 100 Penge, Engelse","nee","4006"
"1599","40","7","222","231",,"Skibstold, 100 Penge, Franse","nee","4007"
"1599","40","8","234","241",,"Skibstold, 100 Penge, Portugis., etc.","nee","4008"
"1599","40","9","246","270",,"Skibstold, Dansche etc. , Certific.","nee","4009"
"1599","40","10","271","273",,"Tøndepenge, Wernemynder etc., Øll","nee","4010"
"1599","40","11","276","434",,"Fyrpenge, Kiøbmantz gods","nee","4011"
"1599","40","12","435","444",,"Norske Fyrpenge","nee","4012"
"1599","40","13","450","547",,"Lastpenge, Nederlender etc.","nee","4013"
"1599","40","14","548","550",,"Lastpenge, Danscher","nee","4014"
"1599","40","15","552","561",,"Lastpenge, Skotter","nee","4015"
"1599","40","16","563","574",,"Lastpenge, Engelsche","nee","4016"
"1599","40","17","576","578",,"Lastpenge, Fransche","nee","4017"
"1599","40","18","579","581",,"Lastpenge, Rinsch win","nee","4018"
"1599","40","19","583","589",,"Lastpenge, Hedwin","nee","4019"
"1599","40","20","591","591",,"Lastpenge, Nyløsse","nee","4020"
"1599","40","21","593","593",,"Lastpenge, Naruen","nee","4021"
"1599","40","22","595","595",,"Brødepenge","nee","4022"
"1600","41","1","36","40",,"30 Penge, Rinscher win","nee","4101"
"1600","41","2","41","47",,"30 Penge, Hed win","nee","4102"
"1600","41","3","47","48",,"30 Penge, Maluerzy och Muskateller","nee","4103"
"1600","41","4","49","50",,"30 Penge, Thindt, Kudz, och Allicandt","nee","4104"
"1600","41","5","50","51",,"30 Penge, Bastertt","nee","4105"
"1600","41","6","51","54",,"30 Penge, Rumeny, Seck och Canarien win","nee","4106"
"1600","41","7","55","55",,"30 Penge, Brendeuin","nee","4107"
"1600","41","8","56","56",,"30 Penge, Winedicke","nee","4108"
"1600","41","9","60","106",,"Skibstold, Nederlender etc., Westen af","nee","4109"
"1600","41","10","109","122",,"Skibstold, Nederlender etc., Salt","nee","4110"
"1600","41","11","125","177",,"Skibstold, Nederlender etc., Østen af","nee","4111"
"1600","41","12","182","193",,"Skibstold, Østuersche steder","nee","4112"
"1600","41","13","196","207",,"Skibstold, Dansche och Wendische, Certif.","nee","4113"
"1600","41","14","209","246",,"Skibstold, 100 Penge, Skotter","nee","4114"
"1600","41","15","249","304",,"Skibstold, 100 Penge, Engelsche","nee","4115"
"1600","41","16","308","318",,"Skibstold, 100 Penge, Frandsche","nee","4116"
"1600","41","17","319","326",,"Skibstold, 100 Penge, Portugal etc.","nee","4117"
"1600","41","18","328","353",,"Skibstold, Dansche, Wendische, Certif.","nee","4118"
"1600","41","19","354","356",,"Tøndepenge, Wernemynder, Øll","nee","4119"
"1600","41","20","358","504",,"Fyrpenge","nee","4120"
"1600","41","21","507","516",,"Norske Fyrpenge","nee","4121"
"1600","41","22","519","612",,"Lastpenge, Nederlender etc.","nee","4122"
"1600","41","23","615","617",,"Lastpenge, Danscher","nee","4123"
"1600","41","24","619","626",,"Lastpenge, Skotter","nee","4124"
"1600","41","25","627","636",,"Lastpenge, Engelsche","nee","4125"
"1600","41","26","639","640",,"Lastpenge, Frandscher","nee","4126"
"1600","41","27","642","643",,"Lastpenge, Rinscher win","nee","4127"
"1600","41","28","645","650",,"Lastpenge, Hed win","nee","4128"
"1600","41","29","653","653",,"Lastpenge, Nyløsse","nee","4129"
"1600","41","30","654","654",,"Lastpenge, Naruen","nee","4130"
"1600","41","31","656","656",,"Brødepenge","nee","4131"
"1600","42","1","30","34",,"30 Penge, Rinsch win","nee","4201"
"1600","42","2","36","42",,"30 Penge, Frands win","nee","4202"
"1600","42","3","43","43",,"30 Penge, Muskatheller och Malmesior","nee","4203"
"1600","42","4","44","45",,"30 Penge, Thinndt och Allecandienn","nee","4204"
"1600","42","5","45","46",,"30 Penge, Bastertt","nee","4205"
"1600","42","6","47","50",,"30 Penge, Seckh och Rommerij","nee","4206"
"1600","42","7","51","51",,"30 Penge, Brenne winn","nee","4207"
"1600","42","8","52","52",,"30 Penge, Win edicke","nee","4208"
"1600","42","9","56","101",,"Skibstold, Nederlander etc., Westen af","nee","4209"
"1600","42","10","104","117",,"Skibstold, Nederlander etc., Salt","nee","4210"
"1600","42","11","120","172",,"Skibstold, Nederlander etc., Østenn af","nee","4211"
"1600","42","12","175","186",,"Skibstold, Ostersche steder","nee","4212"
"1600","42","13","189","199",,"Skibstold, Dansche etc., Fremmed gods","nee","4213"
"1600","42","14","201","237",,"Skibstold, 100 Penge, Skotter","nee","4214"
"1600","42","15","240","296",,"Skibstold, 100 Penge, Engelsche","nee","4215"
"1600","42","16","298","308",,"Skibstold, 100 Penge, Frandtzosser","nee","4216"
"1600","42","17","309","316",,"100 Penge, Portugiser etc.","nee","4217"
"1600","42","18","318","343",,"Skriver og Tøndepenge, Dansche etc.","nee","4218"
"1600","42","19","344","346",,"Skriver og Tøndepenge, Werdemønder, Øll","nee","4219"
"1600","42","20","350","497",,"Fyrpenge","nee","4220"
"1600","42","21","499","508",,"Norske fyrpenge","nee","4221"
"1600","42","22","519","612",,"Lastpenge, Nederlender etc., Kiobmans gods","nee","4222"
"1600","42","23","615","617",,"Lastpenge, Danscher","nee","4223"
"1600","42","24","619","627",,"Lastpenge, Skotter","nee","4224"
"1600","42","25","629","638",,"Lastpenge, Engelsche","nee","4225"
"1600","42","26","641","643",,"Lastpenge, Frandzosser","nee","4226"
"1600","42","27","646","648",,"Lastpenge, Rinsche win","nee","4227"
"1600","42","28","649","656",,"Lastpenge, Hed win","nee","4228"
"1600","42","29","657","658",,"Lastpenge, Nyløsse","nee","4229"
"1600","42","30","659","659",,"Lastpenge, Narwenn","nee","4230"
"1600","42","31","660","660",,"Brødepenge","nee","4231"
"1601","43","1","95","98",,"30 Penge, Rinsch win","nee","4301"
"1601","43","2","101","107",,"30 Penge, Frandtz win","nee","4302"
"1601","43","3","108","109",,"30 Penge, Muscatteller och Malmersij","nee","4303"
"1601","43","4","110","111",,"30 Penge, Thijndt och Allicandt","nee","4304"
"1601","43","5","112","112",,"30 Penge, Basterdt","nee","4305"
"1601","43","6","113","118",,"30 Penge, Seckh och Rommenij wijn","nee","4306"
"1601","43","7","119","119",,"30 Penge, Brenndewijnn","nee","4307"
"1601","43","8","121","122",,"30 Penge, Win Edike","nee","4308"
"1601","43","9","124","180",,"Skibstold, Nederlender etc., Westen af","nee","4309"
"1601","43","10","182","193",,"Skibstold, Nederlender etc., Saldt","nee","4310"
"1601","43","11","196","253",,"Skibstold, Nederlender etc., Østen af","nee","4311"
"1601","43","12","256","265",,"Skibstold, Østersche steder","nee","4312"
"1601","43","13","268","279",,"Skibstold, Dansche och Wendische","nee","4313"
"1601","43","14","281","317",,"Skibstold, 100 Penge, Skotter","nee","4314"
"1601","43","15","319","375",,"Skibstold, 100 Penge, Engelsche","nee","4315"
"1601","43","16","377","388",,"Skibstold, 100 Penge, Frantzer","nee","4316"
"1601","43","17","389","393",,"Skibstold, 100 Penge, Portugalls och Itallijans godz","nee","4317"
"1601","43","18","397","426",,"Thøndepenge, Wendische","nee","4318"
"1601","43","19","429","580",,"Fyrpenge, Kiøbmandtzwahre","nee","4319"
"1601","43","20","582","594",,"Norske Fyrpenge","nee","4320"
"1601","43","21","605","651",,"Lastpenge, Nederlender etc., Kiøbmandsgods","nee","4321"
"1601","44","1","3","53",,"Lastpenge, Nederlender etc., Kiøbmanndtz gods","nee","4401"
"1601","44","2","56","58",,"Lastpenge, Dannscher","nee","4402"
"1601","44","3","60","68",,"Lastpenge, Schotter","nee","4403"
"1601","44","4","70","79",,"Lastpenge, Engelsche","nee","4404"
"1601","44","5","82","84",,"Lastpenge, Frantzer","nee","4405"
"1601","44","6","86","88",,"Lastpenge, Rinsch wijn","nee","4406"
"1601","44","7","89","98",,"Lastpenge, Hed wijn","nee","4407"
"1601","44","8","99","100",,"Lastpenge, Nyløsse","nee","4408"
"1601","44","9","101","102",,"Lastpenge, Naruen","nee","4409"
"1601","44","10","104","105",,"Brødepenge","nee","4410"
"1602","44","11","285","287",,"30 Penge, Rinnsh win","nee","4411"
"1602","44","12","289","293",,"30 Penge, Frannsk winn","nee","4412"
"1602","44","13","293","294",,"30 Penge, Muscatelle och Malmersijr","nee","4413"
"1602","44","14","294","294",,"30 Penge, Thinndt och Allicanntt","nee","4414"
"1602","44","15","295","296",,"30 Penge, Bastertt","nee","4415"
"1602","44","16","296","299",,"30 Penge, Sect och Rommenij winn","nee","4416"
"1602","44","17","300","300",,"30 Penge, Brennde winn","nee","4417"
"1602","44","18","301","301",,"30 Penge, Winn edicke","nee","4418"
"1602","44","19","305","364",,"Skibstold, Nederlender etc., Westen af","nee","4419"
"1602","44","20","366","371",,"Skibstold, Nederlender etc., Salt","nee","4420"
"1602","44","21","374","424",,"Skibstold,  Nederlender etc., Østen af","nee","4421"
"1601","44","22","425","426",,"Storm","nee","4422"
"1602","44","23","430","440",,"Skibstold, Østersche steder","nee","4423"
"1602","44","24","442","451",,"Skibstold, Dannsche och Wendische","nee","4424"
"1602","44","25","454","477",,"Skibstold, 100 Penge, Skotter","nee","4425"
"1602","44","26","480","525",,"Skibstold, 100 Penge,  Engelsche","nee","4426"
"1602","44","27","530","541",,"Skibstold, 100 Penge,  Franntzer etc.","nee","4427"
"1602","44","28","544","572",,"Thøndepenge, Wendische","nee","4428"
"1602","44","29","574","577",,"Tøndepenge, Werdemønder, Øll","nee","4429"
"1602","44","30","580","639",,"Fyrpenge","nee","4430"
"1602","45","1","3","69",,"Fyrpenge","nee","4501"
"1602","45","2","71","82",,"Norske Fyrpenge","nee","4502"
"1602","45","3","91","173",,"Lastpenge, Hollender etc., Kiøbmandz gods","nee","4503"
"1602","45","4","175","176",,"Lastpenge, Danscher","nee","4504"
"1602","45","5","179","184",,"Lastpenge, Skotter","nee","4505"
"1602","45","6","185","193",,"Lastpenge, Engelsche","nee","4506"
"1602","45","7","195","197",,"Lastpenge, Franntzer etc.","nee","4507"
"1602","45","8","200","202",,"Lastpenge, Rinsch wyn","nee","4508"
"1602","45","9","203","208",,"Lastpenge, Heed wyn","nee","4509"
"1602","45","10","209","210",,"Lastpenge, Nyløsse","nee","4510"
"1602","45","11","211","212",,"Lastpenge, Narwenn","nee","4511"
"1603","45","12","335","337",,"30 Penge, Rinsch wyn","nee","4512"
"1603","45","13","339","347",,"30 Penge, Heed wyn","nee","4513"
"1603","45","14","349","409",,"Skibstold, Nederlender etc., Westen af","nee","4514"
"1603","45","15","413","423",,"Skibstold, Nederlender etc., Salt","nee","4515"
"1603","45","16","425","486",,"Skibstold, Nederlender etc., Østen af","nee","4516"
"1603","45","17","489","498",,"Skibstold, Østersche steder","nee","4517"
"1603","45","18","501","509",,"Skibstold, Dansche och Wendische, Fremmed gods","nee","4518"
"1603","45","19","511","557",,"Skibstold, 100 Penge, Fyrpenge, Lastpenge, Schotter","nee","4519"
"1603","45","20","560","615",,"Skibstold, 100 Penge, Fyrpenge, Lastpenge, Engelsche","nee","4520"
"1603","45","21","618","639",,"Skibstold, 100 Penge, Fyrpenge, Lastpenge, Frandzer etc.","nee","4521"
"1603","45","22","642","655",,"Tøndepenge, Wendische thold fry","nee","4522"
"1603","46","1","3","14",,"Tøndepenge, Wendische tholdfry","nee","4601"
"1603","46","2","17","19",,"Skriver og Tøndepenge, Warnemønder, Øll","nee","4602"
"1603","46","3","21","189",,"Fyrpenge, Lastpenge, Nederlender etc.","nee","4603"
"1603","46","4","192","196",,"Fyrpenge, Lastpenge, Danscher","nee","4604"
"1603","46","5","198","199",,"Fyrpenge, Lastpenge, Nyeløsse","nee","4605"
"1603","46","6","202","204",,"Fyrpenge, Lastpenge, Naruen","nee","4606"
"1603","46","7","206","217",,"Norske Fyrpenge","nee","4607"
"1603","46","8","218","218",,"Brødepenge","nee","4608"
"1604","46","9","340","344",,"30 Penge, Rinsch win","nee","4609"
"1604","46","10","346","355",,"30 Penge, Frantz win etc.","nee","4610"
"1604","46","11","358","403",,"Skibstold, Nederlender etc., Westen af","nee","4611"
"1604","46","12","407","414",,"Skibstold, Nederlender etc., Salt","nee","4612"
"1604","46","13","418","463",,"Skibstold, Nederlender etc., Østen af","nee","4613"
"1604","46","14","465","472",,"Skibstold, Østersche steder","nee","4614"
"1604","46","15","475","481",,"Skibstold, Dansche och Wenndische","nee","4615"
"1604","46","16","483","497",,"Skibstold, Fyrpenge, Lastpenge, Lybsche","nee","4616"
"1604","46","17","500","532",,"Skibstold, 100 penge, Fyrpenge, Lastpenge, Skotter","nee","4617"
"1604","46","18","536","584",,"Skibstold, 100 penge, Fyrpenge, Lastpenge, Engelsche","nee","4618"
"1604","46","19","588","605",,"Skibstold, 100 penge, Fyrpenge, Lastpenge, Frandzer","nee","4619"
"1604","46","20","609","629",,"Tøndepenge, Wendische etc.","nee","4620"
"1604","46","21","630","631",,"Tøndepenge, Warnemønder, Øll","nee","4621"
"1604","46","22","634","648",,"Fyrpenge, Lastpenge, Nederlender etc.","nee","4622"
"1604","47","1","4","121",,"Fyrpenge, Lastpenge, Nederlender etc.","nee","4701"
"1604","47","2","125","128",,"Fyrpenge, Lastpenge, Danscher","nee","4702"
"1604","47","3","130","131",,"Fyrpenge, Lastpenge, Nyløse","nee","4703"
"1604","47","4","134","135",,"Fyrpenge, Lastpenge, Naruenn","nee","4704"
"1604","47","5","137","145",,"Norske Fyrpenge","nee","4705"
"1604","47","6","146","146",,"Wraganckere","nee","4706"
"1604","47","7","147","147",,"Brødepenge","nee","4707"
"1605","47","8","278","282",,"30 Penge, Rinsch wyn etc.","nee","4708"
"1605","47","9","283","291",,"30 Penge, Frantz wyn etc.","nee","4709"
"1605","47","10","294","341",,"Skibstold, Nederlender etc., Westen af","nee","4710"
"1605","47","11","344","353",,"Skibstold, Nederlender etc., Salt","nee","4711"
"1605","47","12","356","405",,"Skibstold, Nederlender etc., Østen af","nee","4712"
"1605","47","13","408","414",,"Skibstold, Østersche steder","nee","4713"
"1605","47","14","416","424",,"Skibstold, Dansche och Wendesche","nee","4714"
"1605","47","15","426","442",,"Skibstold, Fyrpenge, Lastpenge, Lybsche","nee","4715"
"1605","47","16","444","455",,"Skibstold, Fyrpenge, Lastpenge, Dansker","nee","4716"
"1605","47","17","457","458",,"Fyrpenge, Lastpenge, Nyeløsse","nee","4717"
"1605","47","18","460","460",,"Fyrpenge, Lastpenge, Naruen","nee","4718"
"1605","47","19","462","495",,"Skibstold, 100 Penge, Fyrpenge, Lastpenge, Skotter","nee","4719"
"1605","47","20","498","553",,"Skibstold, 100 Penge, Fyrpenge, Lastpenge, Engelsche","nee","4720"
"1605","47","21","556","558",,"William Theller aff Hiøll","nee","4721"
"1605","47","22","561","575",,"Skibstold, 100 Penge, Fyrpenge, Lastpenge, Frandtzer etc.","nee","4722"
"1605","47","23","577","599",,"Tøndepenge, Wendersche tholdfry etc.","nee","4723"
"1605","47","24","599","601",,"Tøndepenge, Warnemønder, Øll","nee","4724"
"1605","47","25","603","649",,"Fyrpenge, Lastpenge, Nederlender etc.","nee","4725"
"1605","48","1","3","91",,"Fyrpenge, Lastpenge, Nederlender etc.","nee","4801"
"1605","48","2","94","102",,"Norske Fyrpenge","nee","4802"
"1605","48","3","103","103",,"Brødepenge","nee","4803"
"1606","48","4","126","129",,"30 Penge, Rinschwin etc.","nee","4804"
"1606","48","5","130","138",,"30 Penge, Frantzwin etc.","nee","4805"
"1606","48","6","140","194",,"Skibstold, Nederlender etc., Westen af","nee","4806"
"1606","48","7","196","206",,"Skibstold, Nederlender etc., Salt","nee","4807"
"1606","48","8","208","263",,"Skibstold, Nederlender etc., Østen af","nee","4808"
"1606","48","9","267","271",,"Skibstold, Østersche steder","nee","4809"
"1606","48","10","274","283",,"Skibstold, Dansche och Wendische","nee","4810"
"1606","48","11","286","301",,"Skibstold, Fyrpenge, Lastpenge, Lybsche","nee","4811"
"1606","48","12","304","315",,"Fyrpenge, Lastpenge, Danscher","nee","4812"
"1606","48","13","317","318",,"Fyrpenge, Lastpenge, Nyløse","nee","4813"
"1606","48","14","319","320",,"Fyrpenge, Lastpenge, Narffuen","nee","4814"
"1606","48","15","322","361",,"Skibstold, 100 Penge, Fyrpenge, Lastpenge, Skotter","nee","4815"
"1606","48","16","364","423",,"Skibstold, 100 Penge, Fyrpenge, Lastpenge, Engelsche","nee","4816"
"1606","48","17","426","428",,"Willum Theller aff Hiøll","nee","4817"
"1606","48","18","430","447",,"Skibstold, 100 Penge, Fyrpenge, Lastpenge, Frantzer etc.","nee","4818"
"1606","48","19","450","474",,"Tøndepenge, Wendische tholdtfri","nee","4819"
"1606","48","20","476","619",,"Fyrpenge, Lastpenge, Nederlender etc.","nee","4820"
"1606","48","21","622","630",,"Norske Fyrpenge","nee","4821"
"1607","49","1","98","101",,"30 Penge, Rinschwin etc.","nee","4901"
"1607","49","2","102","106",,"30 Penge, Frandswin","nee","4902"
"1607","49","3","109","177",,"Skibstold, Nederlender etc., Westen af","nee","4903"
"1607","49","4","179","186",,"Skibstold, Nederlender etc., Salt","nee","4904"
"1607","49","5","189","253",,"Skibstold, Nederlender etc., Østen af","nee","4905"
"1607","49","6","256","261",,"Skibstold, Østersche steder","nee","4906"
"1607","49","7","264","274",,"Skibstold, Dansche och Wendische","nee","4907"
"1607","49","8","278","294",,"Skibstold, Fyrpenge, Lastpenge, Lybsche","nee","4908"
"1607","49","9","298","309",,"Fyrpenge, Lastpenge, Danscher","nee","4909"
"1607","49","10","311","312",,"Fyrpenge, Lastpenge, Nyløse","nee","4910"
"1607","49","11","314","315",,"Fyrpenge, Lastpenge, Narffuen","nee","4911"
"1607","49","12","318","349",,"Skibstold, 100 Penge, Fyrpenge, Lastpenge, Skotter","nee","4912"
"1607","49","13","352","410",,"Skibstold, 100 Penge, Fyrpenge, Lastpenge, Engelsche","nee","4913"
"1607","49","14","414","437",,"Skibstold, 100 Penge, Fyrpenge, Lastpenge, Frantzer etc.","nee","4914"
"1607","49","15","440","467",,"Tøndepenge, Wendische tholdtfri","nee","4915"
"1607","49","16","469","470",,"Tøndepenge, Rostocker och Warnemønder","nee","4916"
"1607","49","17","474","637",,"Fyrpenge, Lastpenge, Nederlender etc.","nee","4917"
"1607","49","18","639","648",,"Norske Fyrpenge","nee","4918"
"1607","49","19","650","651",,"Brødepenge","nee","4919"
"1608","50","1","109","112",,"30 Penge, Rinsch win","nee","5001"
"1608","50","2","114","119",,"30 Penge, Heed win","nee","5002"
"1608","50","3","121","205",,"Skibstold, Nederlender etc., Westen af","nee","5003"
"1608","50","4","206","218",,"Skibstold, Nederlender etc., Salt","nee","5004"
"1608","50","5","220","303",,"Skibstold, Nederlender etc., Østen af","nee","5005"
"1608","50","6","306","310",,"Skibstold, Østersche","nee","5006"
"1608","50","7","312","321",,"Skibstold, Dansche, Wendische","nee","5007"
"1608","50","8","324","338",,"Skibstold, Fyrpenge, Lastpenge, Lybecker","nee","5008"
"1608","50","9","340","347",,"Skibstold, Fyrpenge, Lastpenge, Danziger","nee","5009"
"1608","50","10","350","351",,"Fyrpenge, Lastpenge, Nyløse","nee","5010"
"1608","50","11","353","354",,"Fyrpenge, Lastpenge, Naruen","nee","5011"
"1608","50","12","356","390",,"Skibstold, 100 Penge, Fyrpenge, Lastpenge, Skotter","nee","5012"
"1608","50","13","392","481",,"Skibstold, 100 Penge, Fyrpenge, Lastpenge, Engelsche","nee","5013"
"1608","50","14","482","519",,"Skibstold, 100 Penge, Fyrpenge, Lastpenge, Frandzer, Hispannier, Nörenborger","nee","5014"
"1608","50","15","522","543",,"Tøndepenge, Dansche, Wendische","nee","5015"
"1608","50","16","544","545",,"Tøndepenge, Warnemønder, Rostocker, Øll","nee","5016"
"1608","50","17","546","588",,"Fyrpenge, Lastpenge","nee","5017"
"1608","51","1","4","164",,"Fyrpenge, Lastpenge","nee","5101"
"1608","51","2","166","173",,"Norske Fyrpenge","nee","5102"
"1609","51","3","290","293",,"30 Penge, Rinsch win","nee","5103"
"1609","51","4","294","302",,"30 Penge, Heed win","nee","5104"
"1609","51","5","304","356",,"Skibstold, Nederlender etc., Westen af","nee","5105"
"1609","51","6","360","374",,"Skibstold, nederlender etc., Salt","nee","5106"
"1609","51","7","379","434",,"Skibstold, Nederlender etc., Østen af","nee","5107"
"1609","51","8","437","440",,"Skibstold, Østersche","nee","5108"
"1609","51","9","443","449",,"Skibstold, Dansche, Wendische","nee","5109"
"1609","51","10","451","461",,"Skibstold, Fyrpenge, Lastpenge, Lybecker","nee","5110"
"1609","51","11","465","469",,"Skibstold, Fyrpenge, Lastpenge, Dantziger","nee","5111"
"1609","51","12","471","472",,"Fyrpenge, Lastpenge, Nyløse","nee","5112"
"1609","51","13","474","474",,"Fyrpenge, Lastpenge, Naruen","nee","5113"
"1609","51","14","479","506",,"Skibstold, 100 Penge, Fyrpenge, Lastpenge, Skotter","nee","5114"
"1609","51","15","509","581",,"Skibstold, 100 Penge, Fyrpenge, Lastpenge, Engelsche","nee","5115"
"1609","51","16","584","598",,"Skibstold, 100 Penge, Fyrpenge, Lastpenge, Frantzer","nee","5116"
"1609","51","17","601","620",,"Tøndepenge, Dansche, Wendische","nee","5117"
"1609","51","18","623","625",,"Tøndepenge, Rostocker, Øll","nee","5118"
"1609","51","19","628","692",,"Fyrpenge, Lastpenge","nee","5119"
"1609","52","1","3","87",,"Fyrpenge, Lastpenge","nee","5201"
"1609","52","2","90","97",,"Norske Fyrpenge","nee","5202"
"1609","52","3","99","101",,"Brødepenge","nee","5203"
"1610","52","4","238","242",,"30 Penge, Rinsch win","nee","5204"
"1610","52","5","244","251",,"30 Penge, Heed win","nee","5205"
"1610","52","6","254","304",,"Skibstold, Nederlender etc., Westen af","nee","5206"
"1610","52","7","306","317",,"Skibstold, Nederlender etc., Salt","nee","5207"
"1610","52","8","319","369",,"Skibstold, Nederlender etc., Østen af","nee","5208"
"1610","52","9","371","373",,"Skibstold, Østersche steder","nee","5209"
"1610","52","10","377","384",,"Skibstold, Dansche och Wendische","nee","5210"
"1610","52","11","387","397",,"Skibstold, Fyrpenge, Lastpenge, Lybecker","nee","5211"
"1610","52","12","399","403",,"Skibstold, Fyrpenge, Lastpenge, Dantziger","nee","5212"
"1610","52","13","405","405",,"Fyrpenge, Lastpenge, Nyløse","nee","5213"
"1610","52","14","407","407",,"Fyrpenge, Lastpenge, Naruen","nee","5214"
"1610","52","15","409","435",,"Skibstold, Fyrpenge, Lastpenge, 100 Penge, Skotter","nee","5215"
"1610","52","16","437","490",,"Skibstold, Fyrpenge, Lastpenge, 100 Penge, Engelsche","nee","5216"
"1610","52","17","493","506",,"Skibstold, 100 Penge, Fyrpenge, Lastpenge, Frandzer, Portugisser","nee","5217"
"1610","52","18","508","526",,"Tøndepenge, Wendische","nee","5218"
"1610","52","19","528","530",,"Tøndepenge, Rostocker, Warnemønder, Øll","nee","5219"
"1610","52","20","532","644",,"Fyrpenge, Lastpenge","nee","5220"
"1610","53","1","4","30",,"Fyrpenge, Lastpenge","nee","5301"
"1610","53","2","33","39",,"Norske Fyrpenge","nee","5302"
"1611","53","3","194","195",,"30 Penge, Rinsch win","nee","5303"
"1611","53","4","198","202",,"30 Penge, Heed win","nee","5304"
"1611","53","5","205","218",,"Skibstold, Nederlender etc., Westen af","nee","5305"
"1611","53","6","222","224",,"Skibstold, Nederlender etc., Salt","nee","5306"
"1611","53","7","228","231",,"Skibstold, Nederlender, Østen af","nee","5307"
"1611","53","8","234","235",,"Skibstold, Østersche steder","nee","5308"
"1611","53","9","236","237",,"Skibstold, Dansche, Wendische","nee","5309"
"1611","53","10","238","240",,"Skibstold, Fyrpenge, Lastpenge, Lybecker","nee","5310"
"1611","53","11","242","243",,"Skibstold, Fyrpenge, Lastpenge, Dantziger","nee","5311"
"1611","53","12","246","246",,"Skibstold, 100 Penge, Fyrpenge, Lastpenge, Skotter","nee","5312"
"1611","53","13","248","251",,"Skibstold, 100 Penge, Fyrpenge, Lastpenge, Engelsche","nee","5313"
"1611","53","14","254","255",,"Skibstold, 100 Penge, Fyrpenge, Lastpenge, Franzer","nee","5314"
"1611","53","15","258","261",,"Tøndepenge, Dansche, Wendische","nee","5315"
"1611","53","16","262","262",,"Tøndepenge, Warnemunder, Øll","nee","5316"
"1611","53","17","265","286",,"Fyrpenge, Lastpenge","nee","5317"
"1611","53","18","288","290",,"Norske Fyrpenge","nee","5318"
"1611","53","19","310","312",,"20 Penge, Rinsch win","nee","5319"
"1611","53","20","314","320",,"20 Penge, Heed win","nee","5320"
"1611","53","21","323","364",,"Skibstold, Nederlender etc., Westen af","nee","5321"
"1611","53","22","367","375",,"Skibstold, Nederlender etc., Salt","nee","5322"
"1611","53","23","377","428",,"Skibstold, Nederlender, Østen af","nee","5323"
"1611","53","24","430","466",,"Skibstold, Fyrpenge, Lastpenge, Østersche, Wendesche","nee","5324"
"1611","53","25","469","495",,"Skibstold, Norske Fyrpenge, Lastpenge, Dansche och Norgske","nee","5325"
"1611","53","26","497","521",,"Skibstold, 70 Penge, Fyrpenge, Lastpenge, Skotter","nee","5326"
"1611","53","27","524","570",,"Skibstold, 70 Penge, Fyrpenge, Lastpenge, Engelsche","nee","5327"
"1611","54","1","3","7",,"Skibstold, 70 Penge, Fyrpenge, Lastpenge, Engelsche","nee","5401"
"1611","54","2","11","20",,"Skibstold, 70 Penge, Fyrpenge, Lastpenge, Frandser","nee","5402"
"1611","54","3","22","24",,"Tøndepenge, Island","nee","5403"
"1611","54","4","26","32",,"Tøndepenge, Fyrpenge, Krigsfolk","nee","5404"
"1611","54","5","35","155",,"Fyrpenge, Lastpenge","nee","5405"
"1611","54","6","157","157",,"Norske Fyrpenge","nee","5406"
"1612","54","7","299","303",,"20 Penge, Rinsch win","nee","5407"
"1612","54","8","305","319",,"20 Penge, Heed win","nee","5408"
"1612","54","9","321","391",,"Skibstold, Nederlender etc., Westen af","nee","5409"
"1612","54","10","395","403",,"Skibstold, Nederlender etc., Salt","nee","5410"
"1612","54","11","405","472",,"Skibstold, Nederlender etc., Østen af","nee","5411"
"1612","54","12","475","504",,"Skibstold, Østersche och Wendische","nee","5412"
"1612","54","13","507","528",,"Skibstold, Fyrpenge, Lastpenge, Dansche og Norske","nee","5413"
"1612","54","14","531","555",,"Skibstold, 70 Penge, Fyrpenge, Lastpenge, Skotter","nee","5414"
"1612","54","15","559","623",,"Skibstold, 70 Penge, Fyrpenge, Lastpenge, Engelsche","nee","5415"
"1612","54","16","626","637",,"Skibstold, 70 Penge, Fyrpenge, Lastpenge, Frantzer, Spannier","nee","5416"
"1612","55","1","4","5",,"Skibstold, Rostocker, Warnemynder, Øll","nee","5501"
"1612","55","2","7","177",,"Fyrpenge, Lastpenge","nee","5502"
"1612","55","3","180","193",,"Fyrpenge, Tøndepenge, Krigsfolk","nee","5503"
"1612","55","4","196","197",,"Brødepenge","nee","5504"
"1613","55","5","363","367",,"20 Penge, Rinsch win","nee","5505"
"1613","55","6","371","378",,"20 Penge, Heed win","nee","5506"
"1613","55","7","381","407",,"Skibstold, Nederlender etc., Westen af","nee","5507"
"1613","55","8","409","415",,"Skibstold, Nederlender etc., Salt","nee","5508"
"1613","55","9","417","440",,"Skibstold, Nederlender etc., Østen af","nee","5509"
"1613","55","10","443","463",,"Skibstold, Østersche steder","nee","5510"
"1613","55","11","465","479",,"Skibstold, Fyrpenge, Lastpenge, Dansche, Norsche","nee","5511"
"1613","55","12","481","487",,"Skibstold, 70 Penge, Fyrpenge, Lastpenge, Frandzer, Portugiser, Itallianner","nee","5512"
"1613","55","13","488","490",,"Skibstold, Rostocker, Warmønnder, Øll","nee","5513"
"1613","55","14","492","559",,"Fyrpenge, Lastpenge","nee","5514"
"1613","55","15","580","580",,"30 Penge, Rinsch win","nee","5515"
"1613","55","16","581","582",,"30 Penge, Heed win","nee","5516"
"1613","55","17","584","602",,"Skibstold, Nederlender etc., Westen af","nee","5517"
"1613","55","18","606","611",,"Skibstold, Nederlender etc., Salt","nee","5518"
"1613","55","19","614","640",,"Skibstold, Nederlender etc., Østen af","nee","5519"
"1613","56","1","5","6",,"Skibstold, Østersche","nee","5601"
"1613","56","2","7","8",,"Skibstold, Dansche, Wendische","nee","5602"
"1613","56","3","9","11",,"Skibstold, Lybsche","nee","5603"
"1613","56","4","12","14",,"Skibstold, Dantziger","nee","5604"
"1613","56","5","16","61",,"Skibstold, 100 Penge, Fyrpenge, Lastpenge, Engelsche","nee","5605"
"1613","56","6","64","93",,"Skibstold, 100 Penge, Fyrpenge, Lastpenge, Skotter","nee","5606"
"1613","56","7","96","97",,"Skibstold, 100 Penge, Fyrpenge, Lastpenge, Frandser, Itallianner, Persianner","nee","5607"
"1613","56","8","100","107",,"Tøndepenge, Øll","nee","5608"
"1613","56","9","110","172",,"Fyrpenge, Lastpenge","nee","5609"
"1613","56","10","176","179",,"Norske Fyrpenge","nee","5610"
"1614","56","11","300","303",,"30 Penge, Rinsch win","nee","5611"
"1614","56","12","306","314",,"30 Penge, Frants win","nee","5612"
"1614","56","13","317","383",,"Skibstold, Nederlender etc., Westen af","nee","5613"
"1614","56","14","385","399",,"Skibstold, Nederlender etc., Salt","nee","5614"
"1614","56","15","403","474",,"Skibstold, Nederlender etc., Østen af","nee","5615"
"1614","56","16","477","480",,"Skibstold, Østersche","nee","5616"
"1614","56","17","483","489",,"Skibstold, Dansche, Wendische","nee","5617"
"1614","56","18","491","499",,"Skibstold, Fyrpenge, Lastpenge, Tøndepenge, Lybecker","nee","5618"
"1614","56","19","501","505",,"Skibstold, Fyrpenge, Lastpenge, Tøndepenge, Salt, Dantziger","nee","5619"
"1614","56","20","507","531",,"100 Penge, Skibstold, Fyrpenge, Lastpenge, Skotter","nee","5620"
"1614","56","21","533","617",,"Skibstold, Engelsche","nee","5621"
"1614","56","22","620","632",,"Skibstold, 100 Penge, Fyrpenge, Lastpenge, Frantzer, Spannier, Itallianer","nee","5622"
"1614","57","1","5","25",,"Tøndepenge, Dansche, Wendische","nee","5701"
"1614","57","2","25","27",,"Tøndepenge, Warnemunder, Øll","nee","5702"
"1614","57","3","29","193",,"Fyrpenge, Lastpenge","nee","5703"
"1614","57","4","196","206",,"Norske Fyrpenge","nee","5704"
"1615","57","5","346","349",,"30 Penge, Rinsch win","nee","5705"
"1615","57","6","350","356",,"30 Penge, Heed win","nee","5706"
"1615","57","7","360","423",,"Skibstold, Nederlender etc., Westen af","nee","5707"
"1615","57","8","427","440",,"Skibstold, Nederlender etc., Salt","nee","5708"
"1615","57","9","443","509",,"Skibstold, Nederlender etc., Østen af","nee","5709"
"1615","57","10","511","514",,"Skibstold, Østersche steder","nee","5710"
"1615","57","11","517","521",,"Skibstold, Dansche, Wendesche","nee","5711"
"1615","57","12","525","531",,"Skibstold, Fyrpenge, Lastpenge, Lybecker","nee","5712"
"1615","57","13","535","539",,"Skibstold, Fyrpenge, Lastpenge, Dantziger","nee","5713"
"1615","57","14","541","566",,"Skibstold, 100 Penge, Fyrpenge, Lastpenge, Skotter","nee","5714"
"1615","57","15","569","629",,"Skibstold, 100 Penge, Fyrpenge, Lastpenge, Engelsche","nee","5715"
"1615","58","1","3","14",,"Skibstold, 100 Penge, Fyrpenge, Lastpenge, Engelsche","nee","5801"
"1615","58","2","17","28",,"Skibstold, 100 Penge, Fyrpenge, Lastpenge, Frantzer","nee","5802"
"1615","58","3","31","53",,"Tøndepenge, Dansche, Wendesche, Rostocker, Warnemønder","nee","5803"
"1615","58","4","55","215",,"Fyrpenge, Lastpenge","nee","5804"
"1615","58","5","217","227",,"Norkse Fyrpenge","nee","5805"
"1615","58","6","229","231",,"Brødepenge","nee","5806"
"1616","58","7","375","378",,"30 Penge, Rinsch win","nee","5807"
"1616","58","8","381","389",,"30 Penge, Heed win","nee","5808"
"1616","58","9","391","455",,"Skibstold, Nederlender etc., Westen af","nee","5809"
"1616","58","10","458","471",,"Skibstold, Nederlender etc., Salt","nee","5810"
"1616","58","11","474","541",,"Skibstold, Nederlender, Østen af","nee","5811"
"1616","58","12","545","548",,"Skibstold, Østersche steder","nee","5812"
"1616","58","13","551","556",,"Skibstold, Dansche, Wendische","nee","5813"
"1616","58","14","559","567",,"Skibstold, Fyrpenge, Lastpenge, Lybecker","nee","5814"
"1616","58","15","569","571",,"Skibstold, Fyrpenge, Lastpenge, Dantziger","nee","5815"
"1616","58","16","573","602",,"Skibstold, 100 Penge, Fyrpenge, Lastpenge, Skotter","nee","5816"
"1616","58","17","605","622",,"Skibstold, 100 Penge, Fyrpenge, Lastpenge, Engelsche","nee","5817"
"1616","59","1","3","52",,"Skibstold, 100 Penge, Fyrpenge, Lastpenge, Engelsche","nee","5901"
"1616","59","2","55","61",,"Skibstold, 100 Penge, Fyrpenge, Lastpenge, Frantzer","nee","5902"
"1616","59","3","65","85",,"Tøndepenge, Wendische","nee","5903"
"1616","59","4","86","87",,"Tøndepenge, Warnemunder, Øll","nee","5904"
"1616","59","5","91","247",,"Fyrpenge, Lastpenge","nee","5905"
"1616","59","6","250","260",,"Norske Fyrpenge","nee","5906"
"1616","59","7","262","263",,"Brødepenge","nee","5907"
"1617","59","8","400","403",,"30 Penge, Rinsche win","nee","5908"
"1617","59","9","405","413",,"30 Penge, Heed win","nee","5909"
"1617","59","10","416","473",,"Skibstold, Nederlender etc., Westen af","nee","5910"
"1617","59","11","475","491",,"Skibstold, Nederlender etc., Salt","nee","5911"
"1617","59","12","494","556",,"Skibstold, Nederlender etc., Østen af","nee","5912"
"1617","59","13","559","561",,"Skibstold, Østersche","nee","5913"
"1617","59","14","563","567",,"Skibstold, Danske, Wendiske","nee","5914"
"1617","59","15","569","576",,"Skibstold, Fyrpenge, Lastpenge, Lybecker","nee","5915"
"1617","59","16","578","579",,"Skibstold, Fyrpenge, Lastpenge, Dantziger","nee","5916"
"1617","59","17","581","601",,"Skibstold, Fyrpenge, Lastpenge, 100 Penge, Skotter","nee","5917"
"1617","59","18","603","630",,"Skibstold, Fyrpenge, Lastpenge, 100 Penge, Engelsche","nee","5918"
"1617","60","1","3","28",,"Skibstold, Fyrpenge, Lastpenge, 100 Penge, Engelsche","nee","6001"
"1617","60","2","30","35",,"Skibstold, Fyrpenge, Lastpenge, 100 Penge, Frandse","nee","6002"
"1617","60","3","36","36",,"Skibstold, Fyrpenge, Lastpenge, 30 Penge, Naruen","nee","6003"
"1617","60","4","39","59",,"Tøndepenge, Dansche, Wendische, Rostocker","nee","6004"
"1617","60","5","60","61",,"Tøndepenge, Warnemønder, Rostocker, Øll","nee","6005"
"1617","60","6","63","230",,"Fyrpenge, Lastpenge","nee","6006"
"1617","60","7","234","244",,"Norske Fyrpenge","nee","6007"
"1617","60","8","246","249",,"Brødepenge","nee","6008"
"1618","60","9","387","392",,"30 Penge, Rinsch win","nee","6009"
"1618","60","10","394","411",,"30 Penge, Heed win","nee","6010"
"1618","60","11","413","499",,"Skibstold, Nederlender etc., Westen af","nee","6011"
"1618","60","12","502","519",,"Skibstold, Nederlender etc., Salt","nee","6012"
"1618","60","13","523","612",,"Skibstold, Nederlender etc., Østen af","nee","6013"
"1618","60","14","616","621",,"Skibstold, Østersche","nee","6014"
"1618","60","15","623","629",,"Skibstold, Dansche og Wendische","nee","6015"
"1618","60","16","630","632",,"Skibstold, Fyrpenge, Lastpenge, Lybecker","nee","6016"
"1618","61","1","3","8",,"Skibstold, Fyrpenge, Lastpenge, Lybecker","nee","6101"
"1618","61","2","10","11",,"Skibstold, Fyrpenge, Lastpenge, Dantziger","nee","6102"
"1618","61","3","13","35",,"Skibstold, 100 Penge, Fyrpenge, Lastpenge, Skotter","nee","6103"
"1618","61","4","14","101",,"Skibstold, 100 Penge, Fyrpenge, Lastpenge, Engelsche","nee","6104"
"1618","61","5","102","115",,"Skibstold, 100 Penge, Fyrpenge, Lastpenge, Frandzer","nee","6105"
"1618","61","6","118","143",,"Tøndepenge, Dansche, Wendesche, Rostocker","nee","6106"
"1618","61","7","146","394",,"Fyrpenge, Lastpenge","nee","6107"
"1618","61","8","396","410",,"Norske Fyrpenge","nee","6108"
"1618","61","9","416","416",,"Told","nee","6109"
"1618","61","10","417","419",,"Brødepenge","nee","6110"
"1618","61","11","420","421",,"Brødepenge","nee","6111"
"1618","61","12","422","422",,"Brødepenge","nee","6112"
"1619","61","13","562","567",,"30 Penge, Rinsch win","nee","6113"
"1619","61","14","570","586",,"30 Penge, Heed win","nee","6114"
"1619","61","15","590","649",,"Skibstold, Nederlender etc., Westen af","nee","6115"
"1619","62","1","3","18",,"Skibstold, Nederlender etc., Westen af","nee","6201"
"1619","62","2","21","31",,"Skibstold, Nederlender etc., Salt","nee","6202"
"1619","62","3","33","104",,"Skibstold, Nederlender etc., Østen af","nee","6203"
"1619","62","4","107","111",,"Skibstold, Dansche og Wendische","nee","6204"
"1619","62","5","115","118",,"Skibstold, Østersche steder","nee","6205"
"1619","62","6","121","128",,"Skibstold, Lybecker","nee","6206"
"1619","62","7","131","132",,"Skibstold, Dantziger","nee","6207"
"1619","62","8","135","137",,"Skibstold, Nyløse","nee","6208"
"1619","62","9","139","163",,"Skibstold, Skotter","nee","6209"
"1619","62","10","167","216",,"Skibstold, Engelsche","nee","6210"
"1619","62","11","219","234",,"Skibstold, Frandse, Spanier, Italianer","nee","6211"
"1619","62","12","237","255",,"Tøndepenge, Dansche og Wendische","nee","6212"
"1619","62","13","257","258",,"Tøndepenge, Rostocker, Øll","nee","6213"
"1619","62","14","261","261",,"Brødepenge","nee","6214"
"1619","62","15","262","262",,"Brødepenge","nee","6215"
"1619","62","16","265","474",,"Fyrpenge, Lastpenge","nee","6216"
"1619","62","17","477","489",,"Norske Fyrpenge","nee","6217"
"1619","62","18","490","493",,"Brødepenge","nee","6218"
"1620","63","1","22","27",,"30 Penge, Rinsch win","nee","6301"
"1620","63","2","29","40",,"30 Penge, Heed win","nee","6302"
"1620","63","3","44","115",,"Skibstold, Nederlender etc., Westen af","nee","6303"
"1620","63","4","119","130",,"Skibstold, Nederlender etc., Salt","nee","6304"
"1620","63","5","133","204",,"Skibstold, Nederlender etc., Østen af","nee","6305"
"1620","63","6","208","212",,"Skibstold, Østersche steder","nee","6306"
"1620","63","7","214","217",,"Skibstold, Dansche och Wendische","nee","6307"
"1620","63","8","220","227",,"Skibstold, Fyrpenge, Lastpenge, Lybecker","nee","6308"
"1620","63","9","231","231",,"Skibstold, Fyrpenge, Lastpenge, Dantziger","nee","6309"
"1620","63","10","233","233",,"Fyrpenge, Lastpenge, Nyløse","nee","6310"
"1620","63","11","234","234",,"Narffuen","nee","6311"
"1620","63","12","236","259",,"Skibstold, 100 Penge, Fyrpenge, Lastpenge, Skotter","nee","6312"
"1620","63","13","262","294",,"Skibstold, 100 Penge, Fyrpenge, Lastpenge, Engelsche","nee","6313"
"1620","63","14","297","317",,"Skibstold, 100 Penge, Fyrpenge, Lastpenge, Frandzer","nee","6314"
"1620","63","15","321","342",,"Tøndepenge, Dansche och Wendische","nee","6315"
"1620","63","16","344","537",,"Fyrpenge, Lastpenge","nee","6316"
"1620","63","17","541","550",,"Norske Fyrpenge","nee","6317"
"1620","63","18","553","553",,"Brødepenge","nee","6318"
"1620","63","19","554","554",,"Brødepenge","nee","6319"
"1620","63","20","555","555",,"Brødepenge","nee","6320"
"1621","64","1","129","133",,"30 Penge, Rinsch win","nee","6401"
"1621","64","2","136","148",,"30 Penge, Heed win","nee","6402"
"1621","64","3","151","223",,"Skibstold, Nederlender etc., Westen af","nee","6403"
"1621","64","4","228","238",,"Skibstold, Nederlender etc., Salt","nee","6404"
"1621","64","5","242","310",,"Skibstold, Nederlender etc., Østen af","nee","6405"
"1621","64","6","312","319",,"Skibstold, Danshe och Wendishe","nee","6406"
"1621","64","7","322","325",,"Skibstold, Østershe","nee","6407"
"1621","64","8","328","337",,"Skibstold, Lybecker","nee","6408"
"1621","64","9","339","343",,"Skibstold, Dantziger","nee","6409"
"1621","64","10","344","344",,"Skibstold, Nyløse","nee","6410"
"1621","64","11","347","373",,"Skibstold, Skotter","nee","6411"
"1621","64","12","377","416",,"Skibstold, Engelshe","nee","6412"
"1621","64","13","419","429",,"Skibstold, Frantzer","nee","6413"
"1621","64","14","433","451",,"Tøndepenge, Dansche och Wendische","nee","6414"
"1621","64","15","457","642",,"Fyrpenge, Lastpenge","nee","6415"
"1621","64","16","645","653",,"Norske Fyrpenge","nee","6416"
"1621","64","17","655","655",,"Brødepenge","nee","6417"
"1622","65","1","107","111",,"30 Penge, Rinsch win","nee","6501"
"1622","65","2","114","128",,"30 Penge, Heed win","nee","6502"
"1622","65","3","131","183",,"Skibstold, Nederlender etc., Westen af","nee","6503"
"1622","65","4","187","196",,"Skibstold, Nederlender etc., Salt","nee","6504"
"1622","65","5","200","251",,"Skibstold, Nederlender etc., Østen af","nee","6505"
"1622","65","6","253","256",,"Skibstold, Østersche","nee","6506"
"1622","65","7","259","264",,"Skibstold, Dansche og Wendische","nee","6507"
"1622","65","8","267","275",,"Skibstold, Fyrpenge, Lastpenge, Lybecker","nee","6508"
"1622","65","9","279","287",,"Skibstold, Fyrpenge, Lastpenge, Dantziger","nee","6509"
"1622","65","10","290","290",,"Skibstold, Fyrpenge, Lastpenge, Nyløsse","nee","6510"
"1622","65","11","293","330",,"Skibstold, 100 Penge, Fyrpenge, Lastpenge, Skotter","nee","6511"
"1622","65","12","333","387",,"Skibstold, 100 Penge, Fyrpenge, Lastpenge, Engelsche","nee","6512"
"1622","65","13","390","397",,"Skibstold, 100 Penge, Fyrpenge, Lastpenge, Frandzer","nee","6513"
"1622","65","14","400","420",,"Tøndepenge, Skriverpenge, Danschee og Wendische","nee","6514"
"1622","65","15","422","575",,"Fyrpenge, Lastpenge","nee","6515"
"1622","65","16","578","587",,"Norske Fyrpenge","nee","6516"
"1622","65","17","591","650",,"Havnepenge","nee","6517"
"1622","65","18","653","654",,"Brødepenge","nee","6518"
"1623","66","1","137","142",,"30 Penge, Rinsch win","nee","6601"
"1623","66","2","144","160",,"30 Penge, Heed win","nee","6602"
"1623","66","3","162","213",,"Skibstold, Nederlender etc., Westen af","nee","6603"
"1623","66","4","216","233",,"Skibstold, Nederlender etc., Salt","nee","6604"
"1623","66","5","236","289",,"Skibstold, Nederlender etc., Østen af","nee","6605"
"1623","66","6","292","295",,"Skibstold, Østersche","nee","6606"
"1623","66","7","298","306",,"Skibstold, Dansche og Wendische","nee","6607"
"1623","66","8","310","317",,"Skibstold, Lybecker","nee","6608"
"1623","66","9","320","330",,"Skibstold, Dantziger","nee","6609"
"1623","66","10","332","332",,"Nyløsse","nee","6610"
"1623","66","11","334","371",,"Skibstold, Skotter","nee","6611"
"1623","66","12","373","432",,"Skibstold, Engelsche","nee","6612"
"1623","66","13","435","443",,"Skibstold, Frandzer","nee","6613"
"1623","66","14","445","459",,"Skibstold, Svenske","nee","6614"
"1623","66","15","461","478",,"Tøndepenge, Dansche och Wendische","nee","6615"
"1623","66","16","481","481",,"Brødepenge","nee","6616"
"1623","66","17","483","666",,"Fyrpenge, Lastpenge","nee","6617"
"1623","66","18","668","676",,"Norske Fyrpenge","nee","6618"
"1624","67","1","143","147",,"30 Penge, Rinsch win","nee","6701"
"1624","67","2","151","166",,"30 Penge, Heed win","nee","6702"
"1624","67","3","169","211",,"Skibstold, Nederlender etc., Westen af","nee","6703"
"1624","67","4","215","226",,"Skibstold, Nederlender etc., Salt","nee","6704"
"1624","67","5","228","272",,"Skibstold, Nederlender etc., Østen af","nee","6705"
"1624","67","6","275","277",,"Skibstold, Østersche","nee","6706"
"1624","67","7","281","287",,"Skibstold, Dansche og Wendische","nee","6707"
"1624","67","8","289","295",,"Skibstold, Lybecker","nee","6708"
"1624","67","9","299","308",,"Skibstold, Dantziger","nee","6709"
"1624","67","10","311","312",,"Fyrpenge, Lastpenge, Nyløsse","nee","6710"
"1624","67","11","315","340",,"Skibstold, Skotter","nee","6711"
"1624","67","12","343","379",,"Skibstold, Engelsche","nee","6712"
"1624","67","13","384","389",,"Skibstold, Frandzer","nee","6713"
"1624","67","14","393","412",,"Tøndepenge, Danske og Wendische","nee","6714"
"1624","67","15","415","430",,"Fyrpenge, Lastpenge","nee","6715"
"1624","68","1","3","133",,"Fyrpenge, Lastpenge","nee","6801"
"1624","68","2","137","143",,"Norske Fyrpenge","nee","6802"
"1624","68","3","145","148",,"Toldsalt, Spans","nee","6803"
"1624","68","4","151","161",,"Toldsalt, Frans","nee","6804"
"1624","68","5","163","163",,"Brødepenge","nee","6805"
"1625","68","6","337","340",,"30 Penge, Rinsch win","nee","6806"
"1625","68","7","343","356",,"30 Penge, Heed win","nee","6807"
"1625","68","8","361","396",,"Skibstold, Nederlender etc., Westen af","nee","6808"
"1625","68","9","399","405",,"Skibstold, Nederlender etc., Westen af, Salt","nee","6809"
"1625","68","10","409","444",,"Skibstold, Nederlender etc., Østen af","nee","6810"
"1625","68","11","446","450",,"Skibstold, Dansche og Wendische","nee","6811"
"1625","68","12","452","454",,"Skibstold, Østersche steder","nee","6812"
"1625","68","13","458","462",,"Skibstold, Fyrpenge, Lastpenge, Dantziger","nee","6813"
"1625","68","14","463","463",,"Told, Nyløsse","nee","6814"
"1625","68","15","466","473",,"Skibstold, Lybecker","nee","6815"
"1625","68","16","476","503",,"Skibstold, Skotter","nee","6816"
"1625","68","17","506","535",,"Skibstold, Engelsche","nee","6817"
"1625","68","18","538","539",,"Skibstold, Engelsche","nee","6818"
"1625","68","19","542","546",,"Skibstold, Frandzer","nee","6819"
"1625","68","20","550","564",,"Tøndepenge, Dansche och Wendische","nee","6820"
"1625","68","21","568","631",,"Fyrpenge, Lastpenge","nee","6821"
"1625","69","1","3","60",,"Fyrpenge, Lastpenge","nee","6901"
"1625","69","2","62","69",,"Norkse Fyrpenge","nee","6902"
"1625","69","3","71","72",,"Toldsalt","nee","6903"
"1625","69","4","72","78",,"Toldsalt","nee","6904"
"1625","69","5","82","82",,"Brødepenge","nee","6905"
"1626","69","6","260","261",,"30 Penge, Rinsch win","nee","6906"
"1626","69","7","265","279",,"30 Penge, Hed win","nee","6907"
"1626","69","8","283","318",,"Skibstold, Nederlender etc., Westen af","nee","6908"
"1626","69","9","323","334",,"Skibstold, Nederlender etc., Salt","nee","6909"
"1626","69","10","338","379",,"Skibstold, Nederlender etc., Østen af","nee","6910"
"1626","69","11","383","389",,"Skibstold, Østersche steder","nee","6911"
"1626","69","12","393","400",,"Skibstold, Dansche och Wendische","nee","6912"
"1626","69","13","403","411",,"Skibstold, Lybecker","nee","6913"
"1626","69","14","415","417",,"Skibstold, Dantziger","nee","6914"
"1626","69","15","422","440",,"Skibstold, Skotter","nee","6915"
"1626","69","16","446","465",,"Skibstold, Engelsche","nee","6916"
"1626","70","1","3","12",,"Skibstold, 100 penge, fyrpenge, lastpenge, tøndepenge, Engelse","nee","7001"
"1626","70","2","15","23",,"Skibstold, 100 penge, fyrpenge, lastpenge, tøndepenge, Franse","nee","7002"
"1626","70","3","27","45",,"Tøndepenge, Dansche, Wendische","nee","7003"
"1626","70","4","49","188",,"Fijrpenge, Lastpendinge, adtschillige kiøbmandtswhare","nee","7004"
"1626","70","5","194","200",,"Norske Fyrpenge","nee","7005"
"1626","70","6","204","205",,"Spansch saldt","nee","7006"
"1626","70","7","208","220",,"Frantz saldt ","nee","7007"
"1626","70","8","224","224",,"Brødepenge","nee","7008"
"1626","70","9","226","226",,"Brødepenge","nee","7009"
"1627","71","1","20","21",,"30 Penge, Rinsch win","nee","7101"
"1627","71","2","24","31",,"30 Penge, Heedwin och Frantswin","nee","7102"
"1627","71","3","36","75",,"Skibstold, Hollender etc., Westen af","nee","7103"
"1627","71","4","78","85",,"Skibstold, Hollender etc., Salt","nee","7104"
"1627","71","5","90","129",,"Skibstold, Hollender etc., Osten af","nee","7105"
"1627","71","6","134","141",,"Skibstold, Østersche steder","nee","7106"
"1627","71","7","145","151",,"Skibstold, Danske och Wendesche, Fremmed gods","nee","7107"
"1627","71","8","155","155",,"Skib og Gods, Dantsiger","nee","7108"
"1627","71","9","158","166",,"Skib og Gods, Lijbscher","nee","7109"
"1627","71","10","170","186",,"Skib og Gods, Schotter","nee","7110"
"1627","71","11","190","209",,"Skib og Gods, Engelsche","nee","7111"
"1627","71","12","214","215",,"Skib og Gods, Frandtse","nee","7112"
"1627","71","13","219","240",,"Tøndepenge, Dansche och Wenndische","nee","7113"
"1627","71","14","243","369",,"Fyrpenge, Lastpenge, Kiøbmandswahre","nee","7114"
"1627","71","15","374","382",,"Norske Fyrpenge","nee","7115"
"1627","71","16","386","391",,"Told, Frannts och Brouadts saldt","nee","7116"
"1627","71","17","396","397",,"Told, Spanns saldt","nee","7117"
"1627","71","18","398","398",,"Brødepenge","nee","7118"
"1627","71","19","402","485",,"Defension, Alle slaugs guods","nee","7119"
"1628","71","20","505","505",,"30 Penge, Rinsch win","nee","7120"
"1628","71","21","509","512",,"30 Penge, Heedwin och Frantswin","nee","7121"
"1628","71","22","518","532",,"Ballaster, Kiøbmandts whare","nee","7122"
"1628","71","23","536","536",,"Told, Hollender etc., Saldt","nee","7123"
"1628","71","24","540","551",,"Told, Hollender etc., Østen aff","nee","7124"
"1628","71","25","554","554",,"Skib og Gods, Østersche","nee","7125"
"1628","71","26","558","559",,"Skib og Gods, Dansche och Wendische","nee","7126"
"1628","71","27","564","574",,"Skib og Gods, Lijbsche","nee","7127"
"1628","71","28","578","584",,"Skib og Gods, Skotter","nee","7128"
"1628","71","29","590","599",,"Skib og Gods, Engelsche","nee","7129"
"1628","71","30","602","602",,"Skib og Gods, Frandtzer","nee","7130"
"1628","71","31","606","618",,"Tøndepenge, Dansche och Nøersche, paa Norge","nee","7131"
"1628","71","32","621","653",,"Fyrpenge, Lastpenge","nee","7132"
"1628","72","1","4","5",,"Norske Fyrpenge","nee","7201"
"1628","72","2","8","8",,"Penge, Spansk salt","nee","7202"
"1628","72","3","12","12",,"Penge, Frants och Broewats saldt","nee","7203"
"1628","72","4","24","24",,"30 Penge, Rinsch win","nee","7204"
"1628","72","5","28","34",,"30 Penge, Frants och heed win","nee","7205"
"1628","72","6","40","62",,"Skibstold, Hollender etc., Westen af","nee","7206"
"1628","72","7","66","68",,"Skibstold, Saldt","nee","7207"
"1628","72","8","73","97",,"Skibstold, Hollender etc., Østen af","nee","7208"
"1628","72","9","101","103",,"Skibstold, Østersche","nee","7209"
"1628","72","10","109","112",,"Skibstold, Dansche och Wendische","nee","7210"
"1628","72","11","117","128",,"Skib og Gods, Lijbsche","nee","7211"
"1628","72","12","131","146",,"Skib og Gods, Skotter","nee","7212"
"1628","72","13","149","160",,"Skib og Gods, Engelsche","nee","7213"
"1628","72","14","163","163",,"Skib og Gods, Frandtzer","nee","7214"
"1628","72","15","165","186",,"Tøndepenge, Dansche och Norsche etc.","nee","7215"
"1628","72","16","189","273",,"Fyrpenge, Lastpenge, Defension, Kiobmandts whare","nee","7216"
"1628","72","17","276","276",,"Norske Fyrpenge","nee","7217"
"1628","72","18","278","329",,"Oppenge","nee","7218"
"1628","72","19","336","340",,"Tholdfrie, Stralsunds","nee","7219"
"1629","73","1","23","24",,"30 Penge, Rinschvin","nee","7301"
"1629","73","2","27","40",,"30 Penge, Frantzwin etc.","nee","7302"
"1629","73","3","43","45",,"Bleff for andrett","nee","7303"
"1629","73","4","47","104",,"Skibstold, Hollender etc., Westen af","nee","7304"
"1629","73","5","107","120",,"Skibstold, Hollender etc., Salt","nee","7305"
"1629","73","6","123","184",,"Skibstold, Hollender etc., Østen af","nee","7306"
"1629","73","7","187","211",,"Skib og Gods, Danshe inwoner","nee","7307"
"1629","73","8","213","224",,"Toldfrie, Swenshe etc.","nee","7308"
"1629","73","9","228","247",,"Skib og Gods, Lijbshe","nee","7309"
"1629","73","10","250","274",,"Skib og Gods, Skotter","nee","7310"
"1629","73","11","276","298",,"Skib og Gods, Engelshe","nee","7311"
"1629","73","12","302","305",,"Told, Frantzer","nee","7312"
"1629","73","13","308","310",,"Told, Pomersche","nee","7313"
"1629","73","14","312","497",,"Fyrpenge og Lastpenge, Kiøbmandzwarre ","nee","7314"
"1629","73","15","498","498",,"Brødepenge","nee","7315"
"1630","74","1","86","89",,"30 Penge, Rinscher win","nee","7401"
"1630","74","2","90","106",,"30 Penge, Hed win","nee","7402"
"1630","74","3","108","151",,"Skibstold, Nederlender etc., Westen af","nee","7403"
"1630","74","4","152","155",,"Skibstold, Nederlender etc., Salt","nee","7404"
"1630","74","5","158","192",,"Skibstold, Nederlender etc., Østen af","nee","7405"
"1630","74","6","194","206",,"Skibstold, Østuersche steder","nee","7406"
"1630","74","7","208","222",,"Skibstold, Lybecker","nee","7407"
"1630","74","8","224","225",,"Skibstold, Dantziger, dobbelt","nee","7408"
"1630","74","9","228","254",,"Skibstold, Dansche och Wendische, Certif.","nee","7409"
"1630","74","10","255","263",,"Skibstold, Swensche","nee","7410"
"1630","74","11","267","283",,"Skibstold, 100 Penge, Fyrpenge, Lastpenge, Defension, Skotter","nee","7411"
"1630","74","12","286","309",,"Skibstold, 100 Penge, Fyrpenge, Lastpenge, Defension, Engelsche","nee","7412"
"1630","74","13","310","323",,"Skibstold, 100 Penge, Fyrpenge, Lastpenge, Defension, Frandzer","nee","7413"
"1630","74","14","326","328",,"Skibstold, 100 Penge, Fyrpenge, Lastpenge, Defension, Naruen","nee","7414"
"1630","74","15","330","467",,"Fyrpenge, Lastpenge, Defension, Forhøjelse","nee","7415"
"1630","74","16","469","470",,"Brødepenge","nee","7416"
"1630","75","1","3","83",,"Oppenge","nee","7501"
"1631","75","2","116","120",,"30 Penge, Rinscher win","nee","7502"
"1631","75","3","123","138",,"30 Penge, Hed win","nee","7503"
"1631","75","4","140","194",,"Skibstold, Nederlender etc., Westen af","nee","7504"
"1631","75","5","195","202",,"Skibstold, Nederlender etc., Salt","nee","7505"
"1631","75","6","204","255",,"Skibstold, Nederlender etc., Østen af","nee","7506"
"1631","75","7","257","288",,"Tøndepenge etc., Danske, Norske, Wendiske, etc.","nee","7507"
"1631","75","8","291","300",,"Tøndepenge etc., Svenske","nee","7508"
"1631","75","9","302","315",,"Skibstold, Østuersche steder","nee","7509"
"1631","75","10","318","331",,"Skibstold, Lybecker","nee","7510"
"1631","75","11","334","337",,"Skibstold, Dantziger","nee","7511"
"1631","75","12","339","365",,"Skibstold, 100 Penge, Fyrpenge, Lastpenge, Defension, Salt, Skotter","nee","7512"
"1631","75","13","367","407",,"Skibstold, 100 Penge, Fyrpenge, Lastpenge, Defension, Salt, Engelsche","nee","7513"
"1631","75","14","409","436",,"Skibstold, 100 Penge, Fyrpenge, Lastpenge, Defension, Salt, Frandzer","nee","7514"
"1631","75","15","439","633",,"Fyrpenge, Lastpenge, Defension, Forhøjelse, 100 Penge","nee","7515"
"1631","76","1","159","271",,"Oppenge","nee","7601"
"1632","77","1","11","91",,"Skibstold, Fyrpenge, Lastpenge, Defension, Forhøyelse, 30 Penge, 100 Penge, Saldt, Nederlender etc., Westen af","nee","7701"
"1632","77","2","93","144",,"Skibstold, Fyrpenge, Lastpenge, Defention, Forhøyelse, Nederlender etc., Østen af","nee","7702"
"1632","77","3","147","184",,"Skibstold, 100 Penge, 30 Penge, Fyrpenge, Lastpenge, Defention, Forhøyelse, Saldt, Engelsche, Skotter, Frandzer","nee","7703"
"1632","77","4","186","193",,"Skibstold, Fyrpenge, Laastpenge, Defention, Forhøyelse, 30 Penge, Saldt, Østuersche steder","nee","7704"
"1632","77","5","196","199",,"Skibstold, Fyrpenge, Lastpenge, Defention, Forhøyelse, 30 Penge, Saldt, Dantziger","nee","7705"
"1632","77","6","202","223",,"Tøndepenge, Fyrpenge, Lastpenge, Defention, Forhøyelse, 30 Penge, Danske, Norske","nee","7706"
"1632","77","7","226","229",,"Skibstold, Fyrpenge, Defention, Forhøyelse, Swenske","nee","7707"
"1632","78","1","3","189",,"Skibstold, 100 Penge, Fyrpenge, Lastpenge, Defension, Forhøyelse, 30 Penge, Saldt, Nederlender etc.","nee","7801"
"1632","78","2","193","238",,"Oppenge","nee","7802"
"1632","78","3","239","262",,"Nye Løchtepenge","nee","7803"
"1632","78","4","268","349",,"Oppenge, Nye Løgtepenge","nee","7804"
"1632","78","5","354","552",,"Skibstold, Fyrpenge, Lastpenge, Defention, Forhøyelse, 30 Penge, 100 Penge, Salt, Nederlender etc., Westen af","nee","7805"
"1632","78","6","556","650",,"Skibstold, Fyrpenge, Defention, Forhøyelse, 100 Penge, Salt, etc., Alle Nationer, Østen af","nee","7806"
"1632","79","1","3","67",,"Skibstold, Fyrpenge, Defention, Forhøyelse, 100 Penge, Salt, etc., Alle Nationer, Østen af","nee","7901"
"1632","79","2","75","84",,"Skibstold, Lybecker","nee","7902"
"1632","79","3","86","90",,"Skibstold, Dantziger","nee","7903"
"1632","79","4","93","116",,"Tøndepenge, Fyrpenge, Defension, Forhøyelse, Danske, Norske, Wendiske","nee","7904"
"1632","79","5","118","122",,"Skibstold, Fyrpenge, Defension, Forhøyelse, Tøndepenge, Swenske","nee","7905"
"1632","79","6","126","164",,"Skibstold, 100 Penge, Fyrpenge, Lastpenge, Defention, Forhøyelse, 30 Penge, Salt, Tøndepenge, Skotter, Engelske, Frandzer","nee","7906"
"1632","79","7","168","303",,"Oppenge","nee","7907"
"1633","79","8","421","560",,"Skibstold, Fyrpenge, Lastpenge, Defention, Endt, 30 Penge, 100 Penge, Løgtepenge, Tøndepenge, Salt","nee","7908"
"1633","80","1","7","56",,"Skibstold, 100 Penge, Fyrpenge, Lastpenge, Defention, Forhøyelse, Tøndepenge, Salt, 30 Penge, Havnepenge","nee","8001"
"1633","80","2","65","135",,"Oppenge, Løgtepenge","nee","8002"
"1633","80","3","140","175",,"Skibstold, Fyrpenge, Lastpenge, Defention, Forhøyelse, Tøndepenge, Salt, 30 Penge, Havnepenge, Løgtepenge, Oppenge, Nederlender etc.","nee","8003"
"1633","80","4","176","191",,"Skibstold, 100 Penge, Fyrpenge, Lastpenge, Defention, Forhøyelse, Løgtepenge, Tøndepenge, Havnepenge, Oppenge, Skotter, Engelske, Frandzer","nee","8004"
"1633","80","5","192","194",,"Skibstold, Fyrpenge, Lastpenge, Defention, Forhøyelse, Løgtepenge, Havnepenge, Oppenge, Stattin, Rostock","nee","8005"
"1633","80","6","195","197",,"Skibstold, Fyrpenge, Lastpenge, Defention, Forhøyelse, Løgtepenge, Havnepenge, Salt, Tøndepenge, Oppenge, Lybske, Wendische, Østerse steder","nee","8006"
"1633","80","7","198","199",,"Skibstold, Fyrpenge, Lastpenge, Defention, Forhøyelse, Løgtepenge, Havnepenge, Tøndepenge, Oppenge, Gluckstad, Holsteiner","nee","8007"
"1633","80","8","199","207",,"Defention, Løgtepenge, Tøndepenge, Havnepenge, Oppenge, Danske, Norske","nee","8008"
"1633","80","9","208","212",,"Skibstold, Løgtepenge, Tøndepenge, Havnepenge, Oppenge, Swenske","nee","8009"
"1633","81","1","5","17",,"Skibstold, 30 Penge, Fyrpenge, Lastepenge, Defention, Forhøyelse, Haavnepenge, Tøndepenge, Salt, Nederlender etc.","nee","8101"
"1633","81","2","18","21",,"Skibstold, 100 Penge, Fyrpenge, Lastepenge, Defention, 30 Penge, Forhøyelse, Løgtepenge, Havnepenge, Tøndepenge, Frandzer, Engelsche, Skotter","nee","8102"
"1633","81","3","22","23",,"Skibstold, Fyrpenge, Lastpenge, Defention, Forhøyelse, Løgtepenge, Tønde og Skriverpenge, Stattiner, Rostocker","nee","8103"
"1633","81","4","24","24",,"Skibstold, Fyrpenge, Lastpenge, Defention, Forhøyelse, Løgtepenge, Havnepenge, Tønde og Skriverpenge, Lybecker, Østersche steder","nee","8104"
"1633","81","5","25","28",,"Skibstold, Fyrpenge, Defention, Løgtepenge, Havnepenge, Tønde og Skriverpenge, Dansche, Norske","nee","8105"
"1633","81","6","29","31",,"Tøndepenge, Havnepenge, Swenske","nee","8106"
"1633","81","7","38","86",,"Skibstold, 100 Penge, Fyrpenge, Lastpenge, Defention, Forhøyelse, 30 Penge, Tøndepenge, Salt, Havnepenge","nee","8107"
"1633","81","8","87","155",,"Skibstold, Fyrpenge, Lastpenge, Defention, Forhøyelse, 30 Penge, Endt","nee","8108"
"1633","81","9","170","233",,"Skibstold, Fyrpenge, Lastpenge, Defention, Forhøyelse, 100 Penge, 30 Penge, Salt, Tøndepenge","nee","8109"
"1633","81","10","244","245",,"Ringepenge","nee","8110"
"1633","81","11","249","361",,"Skibstold, 100 Penge, Fyrpenge, Lastpenge, Defention, Endt, 30 Penge, Salt, Tøndepenge, Havnepenge, Oppenge, Nye Løgtepenge","nee","8111"
"1633","81","12","367","403",,"Oppenge","nee","8112"
"1633","82","1","4","14",,"Oppenge","nee","8201"
"1633","82","2","21","116",,"Skibstold, 100 Penge, Fyrpenge, Lastepenge, Defention, Endt, 30 Penge, Tøndepenge, Salt, Havnepenge","nee","8202"
"1633","82","3","122","160",,"Oppenge, Skibstold","nee","8203"
"1634","82","4","292","294",,"Skibstold, Fyrpenge, Lastpenge, Defention, 30 Penge, Tøndepenge","nee","8204"
"1634","82","5","296","361",,"Skibstold, Fyrpenge, Lastpenge, Defention, 30 Penge, Oppenge, Løgtepenge, Salt, Tøndepenge, Westen af","nee","8205"
"1634","82","6","364","412",,"Skibstold, Fyrpenge, Lastpenge, Defention, Endt, Oppenge, Løgtepenge, Nederlender etc., Østen af","nee","8206"
"1634","82","7","412","422",,"Skibstold, Fyrpenge, Lastpenge, Defention, Endt, 30 Penge, Oppenge, Løgtepenge, Tøndepenge, Stattin, Østersche","nee","8207"
"1634","82","8","424","433",,"Skibstold, Fyrpenge, Lastpenge, Defention, Endt, 30 Penge, Oppenge, Løgtepenge, Tøndepenge, Salt, Lybecker","nee","8208"
"1634","82","9","434","435",,"Skibstold, Fyrpenge, Lastpenge, Defention, Endt, 30 Penge, Oppenge, Løgtepenge, Tøndepenge, Salt, Dantziger","nee","8209"
"1634","82","10","438","453",,"Skibstold, Fyrpenge, Defention, Oppenge, Løgtepenge, Dansche, Wendische","nee","8210"
"1634","82","11","455","457",,"Fyrpenge, Lastpenge, Defention, Endt, 30 Penge, Oppenge, Løgtepenge, Tøndepenge, Swensche","nee","8211"
"1634","82","12","460","469",,"Skibstold, 100 Penge, Fyrpenge, Lastpenge, Defention, Endt, Oppenge, Løgtepenge, Tøndepenge, Skotter","nee","8212"
"1634","82","13","470","490",,"Skibstold, 100 Penge, Fyrpenge, Lastpenge, Defention, Endt, Oppenge, Løgtepenge, Tøndepenge, Engelsche","nee","8213"
"1634","82","14","491","496",,"Skibstold, Fyrpenge, Lastpenge, Defention, 100 Penge, Oppenge, Løgtepenge, Frandser","nee","8214"
"1634","82","15","497","505",,"Skibstold, Fyrpenge, Defention, Oppenge, Løgtepenge","nee","8215"
"1634","82","16","512","538",,"Skibstold, Fyrpenge, Lastpenge, Defention, Endt, Ringepenge, Løgtepenge, Tøndepenge, Nederlender etc., Østen af","nee","8216"
"0","83","1","5","66","Ballaester som ehr Hollender, Embder och Bremer som ehr kommen westen aff medt sildt, saldt, win, och andre adtschillige kiøbmandts whaerre det werre sig aff Franckerich Hispanien, Portugaell eller andre fremmede kongeriger (..)","Hollandske, Embder, Bremer, Westen af","nee","8301"
"0","83","2","67","128","Ladde schiff som ehr Hollender, Embder och Bremer, som ehre kommer Østen aff, ladde medt koren, threlaest och andre adtschillige kiøbmandts whaerre (..)","Hollandske, Embder, Bremer, Ladde, fra Østersøen","nee","8302"
"0","83","3","131","138","Statinsche och Øestersche som ehre, forschreffne steder, pre welligerende, nhaer de haffue beschwoerrene certificatzer aff deris egne steder","Stettin, Østersche steder","nee","8303"
"0","83","4","142","147","Luijbsche (..) aff de Luijbsche theris thoeldtt och rettighedtt (..)","Lubecker","nee","8304"
"0","83","5","150","152","Dandtzicker (..) de Dantzicker saa well for laedt fremmidt guoedts som therris eigit guoedts (..)","Dantziger","nee","8305"
"0","83","6","155","187","Dansche, Noersche item de Wendische steder som ehr Straelssundt, Wissmaer, Roestoeck, haffuendis beswerne certificatzer (..)","Danske, Norske, Wender","nee","8306"
"0","83","7","189","201","Swensche (..) deris thoeldt och rettighedtt (..)","Svenske","nee","8307"
"0","83","8","204","214","Schoetter (..) thoeldt och rettighedt (..)","Schotter","nee","8308"
"0","83","9","217","229","Engelsche (..) thoeldt och rettighedt (..)","Engelske","nee","8309"
"0","83","10","232","233","Frandtzer (..) thoeldt och rettighedt (..)","Frandske","nee","8310"
"0","83","11","243","243","Brøede penge","Brødepenge","nee","8311"
"0","83","12","254","301","Ballaster, som ere Hollender, Embder, och Bremer, item aff samme nations schibe, kommendis fra Hispanien, Portugall, Fracherige, Engeland, Schotland, och andre vestfartz pladzer, och andre kiøbmandswahre, och haffuer giffuen deris thold och rettighed (..)","Ballaster, Westen af","nee","8312"
"0","83","13","303","380","Ladde schibe som ere Hollender, Embder, Bremmer som ere kommen Østen aff, lad medt adschillige kiøbmands wahre (..)","Hollandske, Embder, Bremer, Ladde, fra Østersøen","nee","8313"
"0","83","14","383","389","Lijbsche nation med deris indehaffuende last (..)","Lubecker","nee","8314"
"0","83","15","392","395","Dantziger, som haffuer giffuit dobbelt told (..)","Dobelt told, Dantziger","nee","8315"
"0","83","16","397","419","Dansche och Wendische, saa och Norsche, giffuer tønde och hauffnependinge (..) dessligeste de Wendische steder Rostoch, Wissmar, och Stralssund, vndtagende haffuer besoerne certificatzer som dennem for noget kand befrij, epter thold rullens indhold, naar de haffuer lad deris egit goetz.","Tøndepenge, Havnepenge, Danske, Norske, Wender","nee","8316"
"0","83","17","422","428","Suenske, giffuer allene tøndepenge och hauffnepenge (..)","Tøndepenge, Havnepenge, Svenske","nee","8317"
"0","83","18","430","438","Skotter som giffuer den hunderste pending, och anden rettighed (..)","100 penge, Schotter","nee","8318"
"0","83","19","440","462","Engellsche som giffuer den hunderste pendingh och anden rettighed (..) ","100 Penge, Engelske","nee","8319"
"0","83","20","465","466","Frandtzer som giffuer den hunderste pendingh, och anden rettighed (..)","100 Penge, Frandske","nee","8320"
"0","83","21","476","541","Ballasterne (..)","Ballaster, Westen af","nee","8321"
"0","83","22","544","614","Ladde skiibe, som ere: Hollender, Embder och Bremmere, kommen Østen fraa, ladde med adschillige kiøbmandsz wahre (..)","Hollandske, Embder, Bremer, Ladde, fra Østersøen","nee","8322"
"0","83","23","617","626","Østerske, som ere: Stattinsche, och andre Pommersche steders thold och rettighed (..)","Østersche, Stettin, Pommerske","nee","8323"
"0","84","1","4","11","Lijbsche med dieris indhaffuende last (..)","Lubecker","nee","8401"
"0","84","2","14","15","Dantziger, som haffuer giffuir dobbelt told (..)","Dobelt told, Dantziger","nee","8402"
"0","84","3","18","47","Danske oc Wender (..) saa och Rostocher Wismer och Stralsunder, naar de haffue besuorne certificatzer, och lad deris egit goetz (..)","Danske, Wender, Rostocker, Wismer, Stralsunder","nee","8403"
"0","84","4","50","62","Suenske som giffuer allene tønde och hauffnepenge (..)","Tøndepenge, Havnepenge, Svenske","nee","8404"
"0","84","5","65","83","Skotter som giffuer dend hunderste pending oc anden rettighed (..)","100 penge, Schotter","nee","8405"
"0","84","6","86","108","Engelsker som giffuer dend hunderste pendinge och anden rettighed (..)","100 Penge, Engelske","nee","8406"
"0","84","7","111","113","Frandtzer, giffuer dend hunderste pendinge och anden rettighed (..)","100 Penge, Frandske","nee","8407"
"0","84","8","126","192","Ballaster, och salldtt schiffue, som ehre komen westen aff Hispanien Portugall Franckrige och Nderlandt, ladde med adschillige kiøbmands wahre, wien saldt och støckegwods, dieris skieffthold och rettighed (..)","Ballaster, Westen af","nee","8408"
"0","84","9","197","205","Ladde schiffue, som ehre Hollender, Embder, och Bremer, som ehre kommen Østen aff ladde med adschillige kiøbmands wahre, dieris skieffue och gwods (..)","Hollandske, Embder, Bremer, Ladde, fra Østersøen","nee","8409"
"0","84","10","206","243","Ballaster (Hollender, Embder Bremer Westen aff)","Hollandske, Embder, Bremer, Westen af","nee","8410"
"0","84","11","248","256","Østersche, och Stattinsche som ehre patzeret och repasseritt (..) dieris skieffstold och rettighed","Østersche, Stettin","nee","8411"
"0","84","12","260","267","Lijebscher som ehre passerit och repasserett (..) dieris skieffsstold och rettighed","Lubecker","nee","8412"
"0","84","13","271","274","Danndtziger som ehre passerit och repasserett (..) dieriss skieffstold och rettighed","Dantziger","nee","8413"
"0","84","14","279","305","Danndsche och Wendische dieris skiiffssthold och rettighed (..)","Danske, Wender","nee","8414"
"0","84","15","310","323","Swenndsche som ehre passerett och repasserett (..) dieriss skieffthold och rettighed","Svenske","nee","8415"
"0","84","16","326","341","Skodter (..) som ehr den 100 pendingss thold (..)","100 penge, Schotter","nee","8416"
"0","84","17","343","366","Enngeliszcher (..) dieris skiffue och gwodt som ehr dend 100 pendingss told (..)","100 Penge, Engelske","nee","8417"
"0","84","18","372","383","Franndtzer (..) dend 100 pendingsstold (..) dieris skiffue och gwods (..)","100 Penge, Frandske","nee","8418"
"0","84","19","388","388","Brødepenge","Brødepenge","nee","8419"
"0","85","1","7","67","Ballaster, som ere Hollender, Embder, och Bremer, item aff samme nations schibe, kommendis fra Hispanien, Portugall, Frackerige, Engeland, Schotland, och andre pladzer (..) ladde med: win salltt silld, støekguoedtz, och andre adschillige kiøbmandswahre, och haffuer der aff giffued dieris thaald och rettighed (..)","Ballaster, Westen af","nee","8501"
"0","85","2","70","135","Ladde skibe, som erre Hollender, Embder, och Bremmer, som ehre kommen Østen aff lad med adskellige kiøbmandtz wahre","Hollandske, Embder, Bremer, Ladde, fra Østersøen","nee","8502"
"0","85","3","138","140","Østersche och Stetinske, deriss told och rettighed","Østersche, Stettin","nee","8503"
"0","85","4","142","151","Lijbsker med dierriss indehaffuende last","Lubecker","nee","8504"
"0","85","5","153","157","Dantziger som haffuer giffuid dobbelt told","Dobelt told, Dantziger","nee","8505"
"0","85","6","159","179","Danscke och Wendiske saa och Norske, skiffuer tønde och hauffne penge med (..) de Wendische steder Raastaacker, Wissmer och Straalsunder","Tøndepenge, Havnepenge, Danske, Wender, Norske","nee","8506"
"0","85","7","182","191","Suenske giffuer allene tønde och hauffne penge (..)","Tøndepenge, Havnepenge, Svenske","nee","8507"
"0","85","8","193","207","Skotter som giffuer dend hunderste pending och anden rettighed (..)","100 penge, Schotter","nee","8508"
"0","85","9","209","232","Engelske som giffuer dend hunderste pending och anden rettighed (..)","100 Penge, Engelske","nee","8509"
"0","85","10","235","246","Frandtzer som giffuer dend hunderste pending och anden rettighed (..)","100 Penge, Frandske","nee","8510"
"0","85","11","255","326","Ballaster","Ballaster, Westen af","nee","8511"
"0","85","12","327","401","Ladde skiffue","Ladde, fra Østersøen","nee","8512"
"0","85","13","403","408","Stattiner","Stettin","nee","8513"
"0","85","14","409","422","Lijbsker med dierriss indehaffuende last","Lubecker","nee","8514"
"0","85","15","424","427","Dantziger","Dantziger","nee","8515"
"0","85","16","429","456","Danske oc Wender","Danske, Wender","nee","8516"
"0","85","17","457","465","Suenske","Svenske","nee","8517"
"0","85","18","467","489","Skotterne","Skotter","nee","8518"
"0","85","19","490","519","Engelsker","Engelske","nee","8519"
"0","85","20","522","522","Frantzer","Frandske","nee","8520"
"0","86","1","13","62","Ballaster som ehre Hollender, Embder och Bremmer, kommendis westen aff ladde med saldt, sildt, winn och andre atschillighe wahre, saa well aff Franckerig, Hispanien, Purtugaell eller andre fremmede Kongeriger, och er derris tholdt (..)","Ballaster, Westen af","nee","8601"
"0","86","2","64","116","Ladde schiff som ehre Hollender, Embder och Bremmer , kommendis Østenn fra ladde med kornn och andre atschillighe kiøbmands wahre derris tholdt och kongl. rettighed (..)","Hollandske, Embder, Bremer, Ladde, fra Østersøen","nee","8602"
"0","86","3","120","126","Statinsche och Øestersche derris tholdt och kongl. rettighed aff schib och goedz (..)","Stettin, Østersche steder","nee","8603"
"0","86","4","129","136","Lijbsche (..) tholdt och rettighed aff derris schib och godz (..)","Lubecker","nee","8604"
"0","86","5","140","141","Dandtziger (..) tholdt och rettighed (..)","Dantziger","nee","8605"
"0","86","6","145","173","Dansche och Norsche item Stralsundtsche, Wismarsche och Rostocher, derris tholdt och rettighed (..)","Danske, Norske, Stralsunder, Wismer, Rostocker","nee","8606"
"0","86","7","177","193","Swensche item andre fremmede nationner som haffuer ladt certificerit Suensch godtz (..)","Svenske etc., Swensk gods","nee","8607"
"0","86","8","195","207","Schotter med derris indhaffuende godtz saa och andre nationer ladt bemeldte Schodz godz (..) tholdt och rettighed (..)","Schotter","nee","8608"
"0","86","9","210","237","Engelscher med derris indhaffuende goedz saa och andre nationer ladt bemeldte Engelsch godz (..) tholdt och rettighed (..)","Engelske etc.","nee","8609"
"0","86","10","248","304","Ballasterne huis told","Ballaster, Westen af","nee","8610"
"0","86","11","307","361","Lade skibe som ere Hollender, Emder och Brehmer","Hollandske, Embder, Bremer, Ladde, fra Østersøen","nee","8611"
"0","86","12","365","369","Østerske och Stattiner","Østersche, Stettin","nee","8612"
"0","86","13","372","382","Lijbsker","Lubecker","nee","8613"
"0","86","14","384","389","Dantziger","Dantziger","nee","8614"
"0","86","15","391","413","Danske och Wender","Danske, Wender","nee","8615"
"0","86","16","415","423","Suenske","Svenske","nee","8616"
"0","86","17","425","439","Skotter","Schotter","nee","8617"
"0","86","18","441","465","Engelsker","Engelske","nee","8618"
"0","86","19","468","469","Frantzer","Frandske","nee","8619"
"0","86","20","477","530","Ballaster som ere Hollender, Embder och Bremmer, kommendis fraa Hispanien, Portugall, Franckrige, Schottland och Engelland och andre westwarrz plarzer, ladde med sallt, winn, silld, støckhgodzs och anndre kiøbsswahre och haffue giffuen deris tolld och rettighed (..)","Ballaster, Westen af","nee","8620"
"0","86","21","533","587","Ladde schibe som ehre Hollender Embder och Bremer som ere kommen Østen aff med adschillige kiøbmandss wahre (..)","Hollandske, Embder, Bremer, Ladde, fra Østersøen","nee","8621"
"0","86","22","590","594","Østersche eller Stettinsche deriss tolld och rettighed (..)","Østersche, Stettin","nee","8622"
"0","86","23","597","606","Lijbsche nation med deriss indhaffuende last (..)","Lubecker","nee","8623"
"0","86","24","608","611","Danntzigher som haffue giffuet dobbelt tolld (..)","Dobelt told, Dantziger","nee","8624"
"0","86","25","614","616","Dannsche och Wenndische saa och Norsche giffuer tønnde och haffnepenge med (..) de Wendische steder Rostockh, Wismar och Strallsund (..)","Tøndepenge, Havnepenge, Danske, Norske, Wender","nee","8625"
"0","87","1","3","20","Dannsche och Wenndische saa och Norsche giffuer tønnde och haffnepenge med (..) de Wendische steder Rostockh, Wismar och Strallsund (..)","Tøndepenge, Havnepenge, Danske, Norske, Wender","nee","8701"
"0","87","2","23","29","Suennsche giffuer allene tønndepennge och haffnepenge","Tøndepenge, Havnepenge, Svenske","nee","8702"
"0","87","3","31","49","Skotter som giffuer dend hunnderste pendingh och anden rettighed (..)","100 penge, Schotter","nee","8703"
"0","87","4","51","72","Enngelscher som giffue dend hunnderste pendingh och anden rettighed (..)","100 Penge, Engelske","nee","8704"
"0","87","5","83","147","Ballaster som ehre Hollender, Embder och Bremmer, kommendis westen aff. Ladde med saldt, sildt, winn och andre atschillighe wahre, saa well aff Franckerigh, Hispanien, Purtugall eller andre fremmede Kongeriger, och er derris tholdt (..)","Ballaster, Westen af","nee","8705"
"0","87","6","152","211","Ladde schiff som ehre Hollender Embder och Bremer kommendis Øesten fraa ladde med kornn och andre atschillige kiøbmands wahre deris thold och kongl. rettighed (..)","Hollandske, Embder, Bremer, Ladde, fra Østersøen","nee","8706"
"0","87","7","218","221","Statinsche och Østersche deris thold och kongl: rettighed aff schiff och goedz (..)","Stettin, Østersche steder","nee","8707"
"0","87","8","226","233","Lybsche (..) kongl: thold och rettighed aff deris schiff och goedz (..)","Lubecker","nee","8708"
"0","87","9","238","241","Dantziger (..) kongl: thold och rettighed aff deris schiff och goedz (..)","Dantziger","nee","8709"
"0","87","10","248","277","Dansche och Norsche item Straalsundsche Wismarsche och Rostocher deris thold och kongl: rettighed (..)","Danske, Norske, Stralsunder, Wismer, Rostocker","nee","8710"
"0","87","11","282","300","Suensche item andre fremmede nationner som haffuer lad certificeredt Suensch goedz (..)","Svenske etc., Certif. gods","nee","8711"
"0","87","12","304","314","Schotter med deris indhaffuende goedz saa och andre nationner laed bemelde Schoedz goedz (..) thold och rettighed (..)","Schotter","nee","8712"
"0","87","13","320","343","Engellscher medt deris indhaffuende goedz saa och andre nationner laed bemeldte Engelsch goedz (..) thold och rettighed (..)","Engelske","nee","8713"
"0","88","1","5","68","Ballasterer (..)","Ballaster, Westen af","nee","8801"
"0","88","2","71","141","Ladde","Ladde, fra Østersøen","nee","8802"
"0","88","3","146","148","Østersche eller Stattinsche deris thaald och rettighed (..)","Østersche, Stettin","nee","8803"
"0","88","4","152","162","Lijbsker dieris thaald och rettighed (..)","Lubecker","nee","8804"
"0","88","5","166","170","Dandziger som haffuer giffued dobbeltt thalld (..)","Dobelt told, Dantziger","nee","8805"
"0","88","6","175","201","Danske och Wendeske saa och Naarsche giffuett tønde och haffnue penge med anden kongl mz: paabøedne rettightz sampt de andre Wendesche steder, som her priviegerde haffuer giffued till taald (..)","Tøndepenge, Havnepenge, Danske, Wender, Norske","nee","8806"
"0","88","7","204","212","Swenske","Svenske","nee","8807"
"0","88","8","216","224","Schaatter som giffuer dennde hunderste pending och anden taalde och rettighed","100 Penge, Schotske","nee","8808"
"0","88","9","230","253","Engelscher som giffuer dennde hunderste pending och anden taalde och rettighed","100 Penge, Engelske","nee","8809"
"0","88","10","275","344","(..) thold och rettighed aff ballast skiffue, och dennom som er lad med saldt win och specerij (..)","Westen af","nee","8810"
"0","88","11","346","413","Indkommen aff ladde skiffi (..)","Ladde","nee","8811"
"0","88","12","416","419","Østerske och Stattiner dieris told och rettighed (..)","Østersche, Stettin","nee","8812"
"0","88","13","422","430","(..) thold och rettighed aff de Lijbsker (..)","Lubecker","nee","8813"
"0","88","14","433","438","Dantziger","Dantziger","nee","8814"
"0","88","15","441","468","(..) thold aff Danske oc Wender; som er Rostoker, Wiszmer oc Stralsunder (..)","Danske, Wender, Rostocker, Wismer, Stralsunder","nee","8815"
"0","88","16","471","474","Suenske","Svenske","nee","8816"
"0","88","17","477","485","Skotterne dieris thold","Skotter","nee","8817"
"0","88","18","487","512","(..) thold och rettighed aff Engelsker (..)","Engelske","nee","8818"
"0","89","1","62","131","Ballaster som ehre Hollender Embder och Bremer kommendis westen aff ladde med saldt sildt winn och andre attschillighe kiøbmands wahre saa well aff Frankerighe Hispannien Purtugall eller andre fremmede kongeriger och ehr eris thold och kongl: rettigehed (..)","Ballaster, Westen af","nee","8901"
"0","89","2","134","207","Ladde schiff som ehre Hollender Embder och Bremer kommendis Østen fraa ladde medt kornn och atschillighe andre kiøbmands wahre deris told och kongl: rettighed (..)","Hollandske, Embder, Bremer, Ladde, fra Østersøen","nee","8902"
"0","89","3","212","219","Statinsche och Østersche deris tholdt och kongl: rettighedt aff schiff och goedz (..)","Stettin, Østersche steder","nee","8903"
"0","89","4","223","232","Lijbsche (..) toldt och rettighedt aff deris schiff och godz (..)","Lubecker","nee","8904"
"0","89","5","236","241","Dandziger (..) toldt och rettighedt aff deris schiff och godz (..)","Dantziger","nee","8905"
"0","89","6","245","279","Dansche och Norsche item Straallsundtsche Wismarsche och Rostocher deris toldt och kongl: rettighedt (..)","Danske, Norske, Stralsunder, Wismer, Rostocker","nee","8906"
"0","89","7","284","307","Swensche item andre nationner som haffuer laedt Swensch goeds (..)","Svenske etc., Svensk gods","nee","8907"
"0","89","8","311","320","Schotter medt deris indthaffuende godz saa och andre nationner ladt bemeldte Schodz godz (..) toldt och rettighedt (..)","Schotter","nee","8908"
"0","89","9","324","344","Engellscher medt deris indhaffuende godz saa och andre nationner ladt bemeldte Engelsch godz (..) toldt och rettighedt (..)","Engelske","nee","8909"
"0","89","10","403","474","Ballaster som ehre Hollennder, Embder och Bremmer kommendis Westen aff ladde med saldt, silld, winn och andre adtschillige kiøbmanndsswahre, saa well aff Franckhrige, Hiszpannien Portugall eller andre fremmede lande och kongeriger (..)","Ballaster, Westen af","nee","8910"
"0","89","11","475","562","Ladde schibe som ehre Hollennder, Embder och Bremmer kommendis vdaff Østersøenn (..)","Hollandske, Embder, Bremer, Ladde, fra Østersøen","nee","8911"
"0","89","12","563","565","Østersche eller Stettinsche deriss tolld och rettighed (..)","Østersche, Stettin","nee","8912"
"0","89","13","567","577","Lijbsche nation derisz tolld och rettighed (..)","Lubecker","nee","8913"
"0","89","14","580","586","Danntzighkher derisz tolld och rettighed (..)","Dantziger","nee","8914"
"0","89","15","590","615","Dannsche och Wenndische saa och Norsche giffue tønnde och haffnepennge med anden kongl: paabudden tolld och rettighed","Tøndepenge, Havnepenge, Danske, Norske, Wender","nee","8915"
"0","89","16","618","622","Ladde schibe som ehre Hollennder, Embder och Bremmer kommendis vdaff Østersøenn (..)","Hollandske, Embder, Bremer, Ladde, fra Østersøen","nee","8916"
"0","90","1","4","11","Suennsche nation som giffue alleene tønndepenge och haffnepenge","Tøndepenge, Havnepenge, Svenske","nee","9001"
"0","90","2","14","21","(..) Skotterne huis tolld och rettighed (..)","Skotter","nee","9002"
"0","90","3","25","51","Enngellsche nation som haffue udgiffuit deris tolld och rettighed (..)","100 Penge, Engelske","nee","9003"
"0","90","4","54","61","Ballaster, vervolg","Ballaster, Westen af","nee","9004"
"0","90","5","71","143","(..) ballast skiffue, och dennom som kommen vdaff Westersøen med støkgoetz win salt sild speceri krammerij och drogeri (..)","Ballaster, Westen af","nee","9005"
"0","90","6","144","238","(..) ladde skiiffue som ere Hollender Emder och Brehmer kommendes vdaff Østersøen (..)","Hollandske, Embder, Bremer, fra Østersøen","nee","9006"
"0","90","7","242","246","Dantziger","Dantziger","nee","9007"
"0","90","8","250","250","Stattiner","Stettin","nee","9008"
"0","90","9","253","257","Lybsker","Lubecker","nee","9009"
"0","90","10","261","280","Danske och Wender","Danske, Wender","nee","9010"
"0","90","11","283","291","(..) Hollender støkgoetzfahrer och ballast schibe (..)","Hollandske, Westen af","nee","9011"
"0","90","12","294","299","Skotter","Schotter","nee","9012"
"0","90","13","302","323","Engelsker","Engelske","nee","9013"
"0","90","14","326","342","Hollander lade skiffuer","Hollandske, Ladde, fra Østersøen","nee","9014"
"0","90","15","443","504","(..) Hollender Embder och Bremer som ehr kommen Westen aff Hispanien Portugall Franckrige och Nederlandere (..)","Hollandske, Embder, Bremer, Westen af","nee","9015"
"0","90","16","508","590","Ladde skieff som ehre Hollander Embder och Bremer som ehre komen Osten aff, ladde med adschillige kiøbmands wehre, dieris skiiffstold, och rettighed, aff deris indhaffuende last (..)","Hollandske, Embder, Bremer, Ladde, fra Østersøen","nee","9016"
"0","90","17","593","603","Lijbscher (..) deris skiff och gods (..)","Lubecker","nee","9017"
"0","90","18","605","612","Dandtziger (..) deris skiffue och godtz (..)","Dantziger","nee","9018"
"0","90","19","614","637","Dannsche Norsche Stralsundesche och Wenndische dirriss skieffsstold och rettiched (..)","Danske, Norske, Stralsunder, Wender","nee","9019"
"0","91","1","3","16","Dannsche Norsche Stralsundesche och Wenndische dirriss skieffsstold och rettiched (..)","Danske, Norske, Stralsunder, Wender","nee","9101"
"0","91","2","18","35","Swensche (..) dieris skieffue och godz (..)","Svenske","nee","9102"
"0","91","3","39","48","Skotter (..) och aff andere nationn, lad bemelte gods (..)","Schotter etc.","nee","9103"
"0","91","4","52","81","Ennglischer (..) dieris schieffue och gods som ehr dend 100 pendings thold","100 Penge, Engelske","nee","9104"
"0","91","5","91","156","Ballaster som ehre Hollender, Embder, och Bremer kommendisz fraa Hispanien, Potugall, Franckhrige, Skottland, Enngelland och andre Westwartss platsser, ladde med sallt, win, silld, støckhgodss och andre kiøbmandsswahre, och haffue giffuen deris tolld och rettighed (..)","Ballaster, Westen af","nee","9105"
"0","91","6","159","224","Ladde schibe som ehre Hollender Embder och Bremer som ehre kommen Østen aff med adschillige kiøbmanndszwahre (..)","Hollandske, Embder, Bremer, Ladde, fra Østersøen","nee","9106"
"0","91","7","228","229","Østersche eller Stettinsche , derisz tolld och rettighed (..)","Østersche, Stettin","nee","9107"
"0","91","8","231","241","Lijbsche nation, med derisz indhaffuennde last (..)","Lubecker","nee","9108"
"0","91","9","245","253","Danntzigkher med derisz inndhaffuende last (..)","Dantziger","nee","9109"
"0","91","10","257","279","Dannsche och Wenndische saa och Norsche giffuer tønnde och haffnepennge, dissligiste de Wendische steder, Rostockh Wismar och Strallsund (..)","Tøndepenge, Havnepenge, Danske, Norske, Wender","nee","9110"
"0","91","11","282","288","Suennsche som giffue allene Tønndepenge och haffnepenge","Tøndepenge, Havnepenge, Svenske","nee","9111"
"0","91","12","292","300","Slotter som giffue den hundridste pending med anden tolld och rettighed","100 Penge, Skotter","nee","9112"
"0","91","13","303","338","Enngelscher som giffue dend hundridste penndinngh med anden tolld och rettighed","100 Penge, Engelske","nee","9113"
"0","91","14","346","416","(..) told och rettighed wdgiffuen aff ballast skibe (..)","Westen af","nee","9114"
"0","91","15","418","493","Ladde","Ladde, fra Østersøen","nee","9115"
"0","91","16","495","501","(..) told och rettighed aff Dantziger (..)","Dantziger","nee","9116"
"0","91","17","503","512","(..) told och rettighed aff Lijbscher (..)","Lubecker","nee","9117"
"0","91","18","514","515","(..) told och rettighed aff Statiner och de Østersche steder (..)","Stettiner, Østersche","nee","9118"
"0","91","19","517","545","Dansche","Dantziger","nee","9119"
"0","91","20","546","556","(..) told aff de Suensche","Svenske","nee","9120"
"0","91","21","557","586","(..) told och rettighed aff Engellscher och Skotter (..)","Engelske, Skotter","nee","9121"
"0","92","1","66","140","Ballaster som ehre Hollender, Embder och Bremer kommendis Westen aff ladde med saldt, sild, winn, och andre atschillighe kiøbmands wahre, saa well aff Franckerighe, Hispanien, Purtugall och andre fremmede kongeriger och ehr deris told och kongl: rettighed (..)","Ballaster, Westen af","nee","9201"
"0","92","2","145","217","Ladde schiff som ehre Hollender Embder och Bremer kommendis Østen aff ladde med korn och andre atschillighe kiøbmannds wahre deris told och kongl: rettighed (..)","Hollandske, Embder, Bremer, Ladde, fra Østersøen","nee","9202"
"0","92","3","220","225","Statinsche och Østersche deris told och kongl: rettighed aff schiff och goeds (..)","Stettin, Østersche steder","nee","9203"
"0","92","4","230","240","Lijbsche (..) told och rettighed aff schiff och goeds (..)","Lubecker","nee","9204"
"0","92","5","245","254","Dantziger (..) thold och rettighed aff schibbe och goeds (..)","Dantziger","nee","9205"
"0","92","6","257","295","Dansche och Norsche item Straalsundsche Wismarsche och Rostocker deris told och kongl: rettighed (..)","Danske, Norske, Stralsunder, Wismer, Rostocker","nee","9206"
"0","92","7","297","318","Schwensche (..) item andre nationer lad bemeldte Swensch goeds (..)","Svenske","nee","9207"
"0","92","8","322","335","Schotter (..) deris schibbe och goeds saa och andre nationer lad bemeldte Schoedz goeds (..)","Schotter","nee","9208"
"0","92","9","340","355","Engelscher (..) deris schibbe och gods saa och aff andre nationer lad bemeldte Engelsch goeds ald kongl: told och rettighed (..)","Engelske etc.","nee","9209"
"0","92","10","398","477","Ballaster som ehre Hollender, Embder och Bremer kommendis fra Hispanien, Portugall, Franckhrige, Skottlannd, Engelland och anndre Westwarts platser ladde med sallt, silld, støckgodzs och andre kiøbmandsswahre och haffue giffuen deris tolld och rettighed (..)","Ballaster, Westen af","nee","9210"
"0","92","11","478","557","Ladde schibe som ere Hollennder Embder och Bremer som ere kommen Østen aff med adschillige kiøbmandtz wahre (..)","Hollandske, Embder, Bremer, Ladde, fra Østersøen","nee","9211"
"0","93","1","3","3","Ladde schibe som ere Hollennder Embder och Bremer som ere kommen Østen aff med adschillige kiøbmandtz wahre (..)","Hollandske, Embder, Bremer, Ladde, fra Østersøen","nee","9301"
"0","93","2","4","6","Østersche eller Stettinsche deriss tolld och rettighed (..)","Østersche, Stettin","nee","9302"
"0","93","3","10","21","Lijbsche nation med deriss indhaffuende last (..)","Lubecker","nee","9303"
"0","93","4","25","35","Dannscher med deriss indhaffuende last (..)","Dantziger","nee","9304"
"0","93","5","39","67","Dannsche och Wenndische saa och Norsche, giffuer tønde och haffnepenge, dissligiste de Wendische steder, Rostockh, Wissmar och Strallsund (..)","Tøndepenge, Havnepenge, Danske, Norske, Wender","nee","9305"
"0","93","6","68","77","Suennsche som giffue alleene tøndepenge och haffnepennge","Tøndepenge, Havnepenge, Svenske","nee","9306"
"0","93","7","78","89","Skotter som giffue dend hundridste penndingh med anden tolld och rettighed","100 penge, Schotter","nee","9307"
"0","93","8","91","97","Ladde schibe","Ladde, fra Østersøen","nee","9308"
"0","93","9","99","130","Enngelscher som giffue dennd hundridste pennding med anden tolld och rettighed","100 Penge, Engelske","nee","9309"
"0","93","10","133","140","Dansche och Wendische","Danske, Wender","nee","9310"
"0","93","11","140","141","Hollender som ere kommen Westen fraa med støckgods","Hollandske, fra Westersøen","nee","9311"
"0","93","12","156","221","Ballaster som ere Hollender, Embder och Bremer, kommendis fra Hispanien, Portugall, Franckrige, Schottland, Engeland och andre, Westwarts pladtsser, ladde med salt, wiin sild, støckgoeds och andre kiøbmands wahre och haffuer giffuen deris told och rettighed (..)","Ballaster, Westen af","nee","9312"
"0","93","13","225","294","(..) told och rettighed aff ladde skibe (..)","Fra Østersøen","nee","9313"
"0","93","14","295","300","(..) told och rettighed aff de Dantziger (..)","Dantziger","nee","9314"
"0","93","15","301","312","(..) told och rettighed aff Lijbsker (..)","Lubecker","nee","9315"
"0","93","16","313","314","(..) told och rettighed aff Østersche Koningsberger (..)","Østersche, Konigsberger","nee","9316"
"0","93","17","317","340","(..) told och rettighed aff Danske och andre hans Maijtt: wndersaater (..)","Danske etc.","nee","9317"
"0","93","18","341","353","(..) told och rettighed aff Suenscke (..)","Swensche","nee","9318"
"0","93","19","356","412","(..) told och rettighed aff Engelsscher (..) saa och aff Schotter","Engelske, Skotter","nee","9319"
"0","93","20","419","436","(..) told och rettighed aff ballaster och ladde skibe (..)","Ballaster, Ladde","nee","9320"
"0","94","1","421","491","Ballaster och saldtt schieffue som ehre Hollender Embder och Bremer, som ehre kommen Westen aff Hispanien, Portugall, Franckriege, med salltt, sield, Frands och haedwien, støckgods, och anden adschillige kiømands wahre (..) deris schiefftold och rettighed (..)","Ballaster, Westen af","nee","9401"
"0","94","2","494","563","Ladde skieff som ehre Hollender Embder och Bremer, som ehre kommen Østen aff ladde med adschillige kiøbmands wahre, deris schieffsstold och rettigehd (..)","Hollandske, Embder, Bremer, Ladde, fra Østersøen","nee","9402"
"0","94","3","567","580","Østersche och Statiensche (..) deris schiffstold och rettighed (..)","Østersche, Stettin","nee","9403"
"0","94","4","582","590","Lijbscher (..) deris schieffue och gods (..)","Lubecker","nee","9404"
"0","94","5","594","606","Danndssiger (..) deris schieffue och gods (..)","Dantziger","nee","9405"
"0","94","6","608","632","Dannsche Norsche Stralsundische och Wenndische deris schieffstold och rettighed (..)","Danske, Norske, Stralsunder, Wender","nee","9406"
"0","95","1","3","24","Dannsche Norsche Stralsundische och Wenndische deris schieffstold och rettighed (..)","Danske, Norske, Stralsunder, Wender","nee","9501"
"0","95","2","26","44","Swendsche (..) deris schieffue och gods (..)","Svenske","nee","9502"
"0","95","3","49","67","Skotter (..) deris schieffue och gods som ehr dend 100 pendingstold (..)","100 penge, Schotter","nee","9503"
"0","95","4","73","92","Enngelischer (..) deris schieffue och gods, som ehre dend 100 pendingsstolld (..)","100 Penge, Engelske","nee","9504"
"0","95","5","137","195","Ballaster som ehre Hollender, Embder, och Bremer kommendiss fraa Hispanien, Portugall, Franckhrige, Skottland, Engelland och andre Westwarts platser, ladde med sallt, winn, sild, støckgods och andre kiøbmandssware, och haffue giffuen deris tolld och rettighed (..)","Ballaster, Westen af","nee","9505"
"0","95","6","199","277","Ladde schibe, som ehre Hollender, Embder och Bremer, som ehre kommen Østen aff med adschillige kiøbmandsswahre (..)","Hollandske, Embder, Bremer, Ladde, fra Østersøen","nee","9506"
"0","95","7","280","281","Østersche eller Stettinsche deriss tolld och rettighed (..)","Østersche, Stettin","nee","9507"
"0","95","8","285","300","Lijbsche och Danssigkher med deriss indhaffuende last (..)","Lubecker, Dantziger","nee","9508"
"0","95","9","304","343","Dannsche och Norsche giffuer tønde och haffnepenge dissligiste de Wendische steder Rostockh, Wissmar och Strallsund (..)","Tøndepenge, Havnepenge, Danske, Norske, Wender","nee","9509"
"0","95","10","344","351","Suennsche som giffue allene tønndepenge och haffnepenge","Tøndepenge, Havnepenge, Svenske","nee","9510"
"0","95","11","353","389","Skotter och Enngelscher som giffue dend hundridste pendingh med anden tolld och rettighed","100 Penge, Skotter, Engelske","nee","9511"
"0","95","12","392","394","(..) Dansche och Wendische (..)","Danske, Wender","nee","9512"
"0","95","13","408","452","(..) told och rettighed aff ballaster (..) deis schibe och indhaffunde (..)","Westen af","nee","9513"
"0","95","14","456","508","(..) told och rettighed aff ladde schibe och deris indhaffuende (..)","Fra Østersøen","nee","9514"
"0","95","15","511","520","(..) told ocg rettighed aff Lijbischer deris schibe och indhaffuende goeds (..)","Lubecker","nee","9515"
"0","95","16","521","545","(..) told och rettighed aff Danske och Wendische (..)","Danske, Wender","nee","9516"
"0","95","17","547","556","(..) told och rettighed aff Suensche (..)","Swensche","nee","9517"
"0","95","18","560","603","(..) told och rettighed aff Engelscher (..)","Engelske","nee","9518"
"0","97","1","5","74","Ballaster","Ballaster, Westen af","nee","9701"
"0","97","2","78","157","Ladde schiff","Ladde, fra Østersøen","nee","9702"
"0","97","3","161","165","Statinsche och Østersche","Stettin, Østersche steder","nee","9703"
"0","97","4","169","173","Lijbsche","Lubecker","nee","9704"
"0","97","5","177","185","Dantziger","Dantziger","nee","9705"
"0","97","6","189","239","Dansche och Wendische","Danske, Wender","nee","9706"
"0","97","7","241","265","Swensche","Svenske","nee","9707"
"0","97","8","269","279","Schoetter","Schotter","nee","9708"
"0","97","9","283","290","Engelscher","Engelske","nee","9709"
"0","97","10","298","352","Ballaster som ehre Hollender, Embder, och Bremer, kommendis fraa Hispanien, Portugall, Franckhrige, Schottland, Engelland, och andre Westwarts platsser, ladde med salldt, winn silld, støckgoedtz och andre kiøbmandsswahre, och haffue giffuen deriss tolld och rettighed (..)","Ballaster, Westen af","nee","9710"
"0","97","11","353","423","Ladde schibe som ehre Hollender, Embder och Bremer som ehre kommen Østen aff med adschillige kiøbmandsswahre (..)","Hollandske, Embder, Bremer, Ladde, fra Østersøen","nee","9711"
"0","97","12","424","426","Østersche eller Stettinsche deriss tolld och rettighed (..)","Østersche, Stettin","nee","9712"
"0","97","13","427","434","Lijbscher","Lubecker","nee","9713"
"0","97","14","435","441","Ballaster som ehre Hollender, Embder, och Bremer, kommendis fraa Hispanien, Portugall, Franckhrige, Schottland, Engelland, och andre Westwarts platsser, ladde med salldt, winn silld, støckgoedtz och andre kiøbmandsswahre, och haffue giffuen deriss tolld och rettighed (..)","Ballaster, Westen af","nee","9714"
"0","97","15","446","486","Dansche och Norsche dissligeste de Wendische steder (..)","Danske, Norske, Wender","nee","9715"
"0","97","16","491","496","Suennsche (..)","Tøndepenge, Havnepenge, Svenske","nee","9716"
"0","97","17","500","519","Skotter och Enngellscher som giffue dend hundriste penge med anden tolld och rettighed","100 Penge, Skotter, Engelske","nee","9717"
"0","97","18","521","528","Ballaster som ehre Hollender, Embder, och Bremer, kommendis fraa Hispanien, Portugall, Franckhrige, Schottland, Engelland, och andre Westwarts platsser, ladde med salldt, winn silld, støckgoedtz och andre kiøbmandsswahre, och haffue giffuen deriss tolld och rettighed (..)","Ballaster, Westen af","nee","9718"
"0","97","19","534","601","Ballaster","Ballaster, Westen af","nee","9719"
"0","97","20","602","631","Ladde schibe","Ladde, fra Østersøen","nee","9720"
"0","97","21","632","647","Lijbscher","Lubecker","nee","9721"
"0","97","22","648","680","Dansche schibe","Danske","nee","9722"
"0","98","1","3","11","Suensche","Svenske","nee","9801"
"0","98","2","14","41","Engelscher och Schotter","Engelske, Skotter","nee","9802"
"0","98","3","44","70","Ladde schibe","Ladde, fra Østersøen","nee","9803"
"0","99","1","12","68","Ballaster","Ballaster, Westen af","nee","9901"
"0","99","2","72","135","Ladde schieff (..) de Hollender Embder och Bremer som ehre komen Østen aff ladde med adschillige kiøbmandswahre","Hollandske, Embder, Bremer, Ladde, fra Østersøen","nee","9902"
"0","99","3","140","142","Østersche Statiensche och Pomersche steder","Østersche, Stettin, Pommerske","nee","9903"
"0","99","4","147","151","Lijebscher (..) deris schiffue och goeds (..)","Lubecker","nee","9904"
"0","99","5","156","162","Dandtziger (..) deris schiffue och guods","Dantziger","nee","9905"
"0","99","6","167","181","Dansche Norsche och Wenndische steder","Danske, Norske, Rostocker, Pommerske","nee","9906"
"0","99","7","187","194","Skotter (..) schiffue och gods som ehr dend 100 pending told","100 penge, Schotter","nee","9907"
"0","99","8","198","200","Enngelischer (..) deris schiffue och gods som ehr dend 100 pendingss thold","100 Penge, Engelske","nee","9908"
"0","99","9","212","259","Ballaster som ehre Hollender, Embder och Bremer, kommendis fraa Hispanien, Portugall, Franchkrige, Schottland, Engelland, och andre Westfards pladtzer, ladde med salldt, win, och silld, støckgoedtz, och andre kiøbmands wahre, och haffue giffuen deris tolld och rettighed (..)","Ballaster, Westen af","nee","9909"
"0","99","10","263","331","Ladde schibe som ehre Hollender, Embder, och Bremer som ehre kommen Østen aff med adschillige kiøbmandsswahre (..)","Hollandske, Embder, Bremer, Ladde, fra Østersøen","nee","9910"
"0","99","11","335","337","Østersche eller Stettinsche deris tolld och rettighed (..)","Østersche, Stettin","nee","9911"
"0","99","12","339","347","Lijbsche (..) deris told och rettighed (..)","Lubecker","nee","9912"
"0","99","13","349","352","(..) Dantzighker (..) deris tolld och rettighed (..)","Dantziger","nee","9913"
"0","99","14","354","368","Dansche och Norsche dessligesse de Wendische steder (..)","Danske, Norske, Wender","nee","9914"
"0","99","15","372","379","Schotter och Engellscher som giffuer dend hundriste pendingh med anden tolld och rettighed","Svenske","nee","9915"
"0","99","16","383","385","De Frandtzer","Frandske","nee","9916"
"0","99","17","393","449","(..) told och rettighed aff ballastede schibe (..)","Westen af","nee","9917"
"0","99","18","453","523","(..) thold och rettighed aff ladde schibe (..)","Fra Østersøen","nee","9918"
"0","99","19","524","538","(..) thold och rettighed aff die Lijbsche schibe (..)","Lubecker","nee","9919"
"0","99","20","540","546","(..) thold och rettighed aff Dansche schibe (..)","Danske","nee","9920"
"0","99","21","551","561","(..) thold och rettighed aff Englische och Schottsche schibe (..)","Engelske, Skotter","nee","9921"
"0","100","1","347","350","Ballaster","Ballaster, Westen af","nee","10001"
"0","100","2","356","361","Ladde schiff","Ladde, fra Østersøen","nee","10002"
"0","100","3","369","372","Lijbscher","Lubecker","nee","10003"
"0","100","4","377","381","Dantziger","Dantziger","nee","10004"
"0","100","5","387","399","Dansche och Wendische","Danske, Wender","nee","10005"
"0","100","6","407","410","Schotter","Schotter","nee","10006"
"0","100","7","416","420","Engelscher","Engelske","nee","10007"
"0","100","8","433","440","Ballaster som erre kommen Westen aff med adtschillige kiøbmands wahre (..)","Ballaster, Westen af","nee","10008"
"0","100","9","445","453","Ladde schibe som ere Hollender, Embder och Bremer som ere kommen Østen aff med adschillige kiøbmandsswahre (..)","Hollandske, Embder, Bremer, Ladde, fra Østersøen","nee","10009"
"0","100","10","457","459","Østersche eller Stettinsche deriss tolld och rettighed (..)","Østersche, Stettin","nee","10010"
"0","100","11","462","467","Lijbsche (..) deriss tolld och rettighed (..)","Lubecker","nee","10011"
"0","100","12","470","475","Dannsigkher med deriss indhaffuende last (..)","Dantziger","nee","10012"
"0","100","13","478","497","Dannsche Norsche saa och Wenndische (..)","Danske, Norske, Wender","nee","10013"
"0","100","14","502","518","Skotter och Engelscher som giffuer dend hundridste pending med anden tolld och rettighed (..)","100 Penge, Skotter, Engelske","nee","10014"
"0","100","15","527","535","(..) thold och rettighed (..) aff ballastede schibe","Westen af","nee","10015"
"0","100","16","538","548","(..) thold och rettighed (..) aff ladde schibe","Fra Østersøen","nee","10016"
"0","100","17","551","558","(..) thold och rettighed aff Lijbsche schibe (..)","Lubecker","nee","10017"
"0","100","18","561","567","(..) thold och rettighed aff Dansche schibe (..)","Danske","nee","10018"
"0","100","19","570","571","(..) thold och rettighed aff Swensche schibe (..)","Svenske","nee","10019"
"0","100","20","573","594","(..) thold och rettighed aff Englische, Schottsche och Frantzsche schibe (..)","Engelske, Skotter, Frandske","nee","10020"
"0","101","1","45","77","Ballaster (..) de Hollender, Embder och Bremer som ehre komen Westen aff, ladde med adsschillige kiøbmands wahre","Hollandske, Embder, Bremer, Westen af","nee","10101"
"0","101","2","80","115","Ladde schieff som ehre komen Østen aff ladde med adschillige kiøbmands gods","Ladde, fra Østersøen","nee","10102"
"0","101","3","119","122","Østersche (..) deris told","Østersche","nee","10103"
"0","101","4","125","128","Lijbscher (..) deris schieffe och gods","Lubecker","nee","10104"
"0","101","5","132","136","Dandtziger (..) told (..) deris schiffue och gods","Dantziger","nee","10105"
"0","101","6","140","158","Dansche Norsche och Wendische steder deris told och rettighed","Danske, Norske, Wender","nee","10106"
"0","101","7","160","166","Swensche (..) told, ladde med fremett gods","Svenske","nee","10107"
"0","101","8","170","178","Schotter och Engelischer (..) den 100 pendingh told","100 Penge, Schotter","nee","10108"
"0","101","9","190","218","Ballaster","Ballaster, Westen af","nee","10109"
"0","101","10","222","252","Ladde schibe","Ladde, fra Østersøen","nee","10110"
"0","101","11","257","259","Østersche och Stettiner","Østersche, Stettin","nee","10111"
"0","101","12","263","267","Lijbscher som haffuer vdgiffuen deris told och rettighed (..)","Lubecker","nee","10112"
"0","101","13","268","274","Dantziger som haffuer vdgiffuen deris told och rettighed (..)","Dantziger","nee","10113"
"0","101","14","276","291","Dansche och Wendische som haffuer fortollet (..)","Danske, Wender","nee","10114"
"0","101","15","295","300","Swensche","Svenske","nee","10115"
"0","101","16","304","317","Engelscher och Schotter som haffuer fortollet (..)","Engelske, Skotter","nee","10116"
"0","101","17","321","321","Frandtzer","Frandske","nee","10117"
"0","101","18","328","365","Indtegt ballaster","Ballaster","nee","10118"
"0","101","19","368","412","Indtegt ladde skibe","Ladde, fra Østersøen","nee","10119"
"0","101","20","415","419","Indtegt aff Lijbscher","Lubecker","nee","10120"
"0","101","21","422","428","Danscke och Wendische","Danske, Wender","nee","10121"
"0","101","22","431","436","Suensche och Wendische steders told","Svenske, Wender","nee","10122"
"0","101","23","439","456","Indtegt Engelscher och Skotter","Engelske, Schotter","nee","10123"
"0","102","1","281","311","Ballaster","Ballaster, Westen af","nee","10201"
"0","102","2","312","349","Ladde schiff","Ladde, fra Østersøen","nee","10202"
"0","102","3","350","356","Østersche och Statinsche","Østersche, Stettin","nee","10203"
"0","102","4","360","368","Lijbscher","Lubecker","nee","10204"
"0","102","5","371","378","Dandtzicher","Dantziger","nee","10205"
"0","102","6","381","405","Dansche och Noersche","Danske, Norske","nee","10206"
"0","102","7","410","417","Swensche","Svenske","nee","10207"
"0","102","8","421","429","Engelscher Schotter och Frandtzer","Engelske, Skotter, Frandske","nee","10208"
"0","103","1","5","51","Ballaster som ere Hollender Embder och Bremer kommendiss fraa Hispanien, Portugall, Franckhrige, Skottland, Engelland och andre Westwarts platser, ladde med sallt, winn, silld, støckgodss, och andre kiøbmandsswahre och haffue giiffuen deris tolld och rettighed (..)","Ballaster, Westen af","nee","10301"
"0","103","2","55","102","Ladde schibe som ere Hollender Embder och Bremer som ere kommen Østen aff med adschillige kiøbmandtzwahre (..)","Hollandske, Embder, Bremer, Ladde, fra Østersøen","nee","10302"
"0","103","3","103","105","Østersche och Stettinsche deriss tolld och rettighed (..)","Østersche, Stettin","nee","10303"
"0","103","4","108","114","Lijbscher (..) deriss tolld och rettighed (..)","Lubecker","nee","10304"
"0","103","5","117","122","Danntzigher (..) deriss tolld och rettighed (..)","Dantziger","nee","10305"
"0","103","6","124","149","Dannsche och Wenndische (..) deriss tolld och rettighed (..)","Danske, Wender","nee","10306"
"0","103","7","151","160","Suennsche som ere tolldfrie passerede (..)","Toldfrie, Svenske","nee","10307"
"0","103","8","163","179","Enngelscher och Skotter (..) deriss tolld (..)","Engelske, Skotter","nee","10308"
"0","103","9","181","191","(..) Hollandsche ladde schibe som ere kommen Østen aff","Hollandske, fra Østersøen","nee","10309"
"0","103","10","192","195","Frantserne (..) deriss tolld och rettighed (..)","Frandske","nee","10310"
"0","103","11","203","240","Toldenn aff Ballaster","Ballaster","nee","10311"
"0","103","12","243","280","Tolden aff Ladde","Ladde","nee","10312"
"0","103","13","283","286","Tolden aff Dansche","Danske","nee","10313"
"0","103","14","289","292","Tolden aff Suensche","Svenske","nee","10314"
"0","103","15","295","309","Tolden aff Engelsche","Engelske","nee","10315"
"0","104","1","5","46","Ballaster","Ballaster, Westen af","nee","10401"
"0","104","2","48","97","Ladde schiff","Ladde, fra Østersøen","nee","10402"
"0","104","3","98","104","Østersche","Østersche","nee","10403"
"0","104","4","106","116","Lijebscher","Lubecker","nee","10404"
"0","104","5","117","125","Danndtziger","Dantziger","nee","10405"
"0","104","6","126","159","Dannsche Norske och Wendische steder","Danske, Norske, Wender","nee","10406"
"0","104","7","162","170","Suensske","Svenske","nee","10407"
"0","104","8","173","176","Schotter","Schotter","nee","10408"
"0","104","9","179","187","Engelischer","Engelske","nee","10409"
"0","104","10","203","251","Ballaster som ere Hollender Embder och Bremer kommendiss fraa Hispanien, Portugall, Franckhrig, Skottland, Engelland och andre Westwartss platsser, ladde med sallt, winn, silld, støckguodss och ande kiøbmandsswahre, och haffue giffuen deris tolld och rettighed (..)","Ballaster, Westen af","nee","10410"
"0","104","11","254","309","Ladde schibe som ere Hollender Embder och Bremer, som ere kommen Østen aff med adschillige kiøbmandsswahre (..)","Hollandske, Embder, Bremer, Ladde, fra Østersøen","nee","10411"
"0","104","12","312","314","Østersche (..) deris tolld och rettighed (..)","Østersche","nee","10412"
"0","104","13","317","331","Lijbsche och Danntzigkher som ere fortolldet (..)","Lubecker, Dantziger","nee","10413"
"0","104","14","334","358","Dannsche Norsche och Wenndische som haffue giffuen deriss tolld och rettighed (..)","Danske, Norske, Wender","nee","10414"
"0","104","15","362","369","Suennsche","Svenske","nee","10415"
"0","104","16","373","384","Enngelsche och Skotter som haffue fortoldet (..)","Engelske, Skotter","nee","10416"
"0","104","17","387","389","Franntser","Frandske","nee","10417"
"0","105","1","5","30","Ballastede schibe som ere kommen fra Holland Spanien Portugall Embden Bremen etc. med wiin, salt, specerie och cramerie","Ballaster, Westen af","nee","10501"
"0","105","2","32","58","Nederlender Embder Bremer etc. som ere kommen aff Østersøen lad med Østersche wahre","Nederlander, Embder, Bremer, fra Østersøen","nee","10502"
"0","105","3","61","65","Lijbsker och Dantziger som ere kommen fra deris egen hiemme i eller anden steds fraa","Lubecker, Dantziger","nee","10503"
"0","105","4","69","75","Danske och Wendische som ere Hans Maijtt: egen undersaater i Danmarch och Norge sampt och Hamborger och Rostocker","Danske, Wender, Hamborger, Rostocker","nee","10504"
"0","105","5","78","80","Suenscke","Svenske","nee","10505"
"0","105","6","83","89","Engelsker och Skotter och andre som haffuer ført goeds dennom tilhørende","Engelske, Skotter etc.","nee","10506"
"0","105","7","373","412","Ballaster","Ballaster, Westen af","nee","10507"
"0","105","8","417","468","Ladde schiff","Ladde, fra Østersøen","nee","10508"
"0","105","9","470","476","Østersche","Østersche","nee","10509"
"0","105","10","480","487","Lijebscher","Lubecker","nee","10510"
"0","105","11","493","497","Dandtzicher","Dantziger","nee","10511"
"0","105","12","502","526","Dansche Noersche och Wendische steder","Danske, Norske, Wender","nee","10512"
"0","105","13","531","538","Swensche","Svenske","nee","10513"
"0","105","14","544","547","Schoetter","Schotter","nee","10514"
"0","105","15","552","556","Engelscher","Engelske","nee","10515"
"0","105","16","567","569","Frandtzer","Frandske","nee","10516"
"0","106","1","6","106","Hollender, Embder och Bremmer kommendis fraa Hispanien, Portugall, Franckhrigh, Skottland, Engelland, och andre Westwarts platser, ladde med sallt, winn, silld, støckhgodss och andre kiøbmandsswahre, dissligiste ballaster, haffue giffuen deris tolld och rettighed","Hollandske, Embder, Bremer, Ladde, Westen af","nee","10601"
"0","106","2","107","135","Ladde schibe som ere kommen Østen fraa med adschillige wahre (..)","Ladde, fra Østersøen","nee","10602"
"0","106","3","136","138","Curlender aff dennom (..) tolldenn (..)","Curlander","nee","10603"
"0","106","4","141","154","Lybsche och Dantzigkher (..) tollden (..)","Lubecker, Dantziger","nee","10604"
"0","106","5","158","182","Dannsche Norsche saa och de Pommersche (..) deris tolld och rettighed (..)","Danske, Norske, Pommerske","nee","10605"
"0","106","6","185","186","Hollender, Embder och Bremmer kommendis fraa Hispanien, Portugall, Franckhrigh, Skottland, Engelland, och andre Westwarts platser, ladde med sallt, winn, silld, støckhgodss och andre kiøbmandsswahre, dissligiste ballaster, haffue giffuen deris tolld och rettighed","Hollandske, Embder, Bremer, Ladde, Westen af","nee","10606"
"0","106","7","189","196","Ladde schibe som ere kommen Østen fraa med adschillige wahre (..)","Ladde, fra Østersøen","nee","10607"
"0","106","8","198","204","Suensche","Svenske","nee","10608"
"0","106","9","207","217","Skotter, Engelsche och Frantser (..) tollden (..)","Skotter, Engelske, Frandske","nee","10609"
"0","106","10","226","264","Toldens (..) aff ballaster och som er kommen westw.","Ballaster, Westen af","nee","10610"
"0","106","11","267","316","Toldens (..) aff ladde schibe","Ladde","nee","10611"
"0","106","12","317","327","Toldens (..) aff Lijbscher och Dantzigr","Lubecker, Dantziger","nee","10612"
"0","106","13","328","337","Toldens (..) aff Dansche och Wendische","Danske, Wender","nee","10613"
"0","106","14","339","344","Toldens (..) aff Suenscher","Svenske","nee","10614"
"0","106","15","347","355","Toldens (..) aff Engelscher och Skotter","Engelske, Skotter","nee","10615"
"0","106","16","357","365","Toldens (..) aff ladde schibe","Ladde","nee","10616"
"0","107","1","433","458","Ballaster","Ballaster, Westen af","nee","10701"
"0","107","2","460","484","Ladde skiff","Ladde, fra Østersøen","nee","10702"
"0","107","3","486","493","Østersche","Østersche","nee","10703"
"0","107","4","496","502","Lijebscher","Lubecker","nee","10704"
"0","107","5","504","508","Dandtziger","Dantziger","nee","10705"
"0","107","6","510","530","Dansche Norske och Wendische steder","Danske, Norske, Wender","nee","10706"
"0","107","7","532","539","Suenske","Svenske","nee","10707"
"0","107","8","543","546","Schotter","Schotter","nee","10708"
"0","107","9","548","552","Engelischer","Engelske","nee","10709"
"0","107","10","567","602","Hollender som ere kommen Wester fraa och ere frie patztzerid, item Embder och Bremer etc. (..) dend (..) tolld (..)","Hollandske, Embder, Bremer etc.","nee","10710"
"0","107","11","603","638","Hollender som ere kommen Øster fraa och ere frie patztzerid, item Embder och Bremer etc. (..) dend (..) tolld (..)","Hollandske, Embder, Bremer etc.","nee","10711"
"0","107","12","639","641","Curlender som haffue udgiffuit deriss tolld och rettighed (..)","Curlander","nee","10712"
"0","107","13","644","653","Lijbsche och Dansigkher (..) tolld och rettighed (..)","Lubecker, Dantziger","nee","10713"
"0","108","1","3","5","Lijbsche och Dansigkher (..) tolld och rettighed (..)","Lubecker, Dantziger","nee","10801"
"0","108","2","8","35","Dansche och Norsche saa och de Pommersche (..) tolden","Danske, Norske, Pommerske","nee","10802"
"0","108","3","38","45","Suensche (..)","Svenske","nee","10803"
"0","108","4","48","56","Skotter och Engelscher (..)","Schotter, Engelske","nee","10804"
"0","108","5","59","64","(..) Hollender Embder och Bremer (..) kommen Westen aff (..)","Hollandske, Embder, Bremer, Westen af","nee","10805"
"0","108","6","75","102","Ballastede skibe","Ballaster, Westen af","nee","10806"
"0","108","7","103","131","Ladde skibe","Ladde, fra Østersøen","nee","10807"
"0","108","8","134","142","Ladde skibe Lybsker och Dantziger","Lubecker, Dantziger, Ladde","nee","10808"
"0","108","9","144","155","Danske och Wendiske","Danske, Wender","nee","10809"
"0","108","10","155","162","Suenske och Stralssundische skibbe","Svenske, Stralsunder","nee","10810"
"0","108","11","164","171","Engelscher och Skotter","Engelske, Skotter","nee","10811"
"0","108","12","174","179","Ballastede","Ballaster, Westen af","nee","10812"
"0","108","13","225","241","Ballaster","Ballaster, Westen af","nee","10813"
"0","108","14","244","260","Ladde skiff","Ladde, fra Østersøen","nee","10814"
"0","108","15","265","269","Østerske","Østersche","nee","10815"
"0","108","16","273","276","Lijebsker","Lubecker","nee","10816"
"0","108","17","281","282","Dandtziger","Dantziger","nee","10817"
"0","108","18","285","299","Danske Norske och Wendiske steder","Danske, Norske, Wender","nee","10818"
"0","108","19","302","308","Suenske","Svenske","nee","10819"
"0","108","20","311","313","Skotter","Schotter","nee","10820"
"0","108","21","316","318","Engelisker","Engelske","nee","10821"
"0","108","22","328","357","Hollender som ere kommen Wester fraa (..)","Hollandske, fra Westersøen","nee","10822"
"0","108","23","360","394","Hollender som ere kommen Øster fraa (..)","Hollandske, Ladde, fra Østersøen","nee","10823"
"0","108","24","396","419","Lijbsche, Dansigkher, Embder och Bremer etc. som ere komne Øster och Wester fraa och haffue vdgiffuet deriss tolld och rettighed (..)","Lubecker, Dantziger, Embder, Bremer","nee","10824"
"0","108","25","422","447","Dansche och Norsche, disligiste de Pommersche steder etc. (..) tolden (..)","Danske, Norske, Pommerske","nee","10825"
"0","108","26","452","463","Suensche som ere kommen Øster och Wester fraa (..) och ere alldeellisz frie passerit","Toldfrie, Svenske","nee","10826"
"0","108","27","466","470","Enngelsche Skotter och Frandser (..)","Engelske, Skotter, Frandske","nee","10827"
"0","108","28","478","502","Ballastede schibe som hører hiemme udi Holland","Ballaster, Westen af","nee","10828"
"0","108","29","505","529","Ladde skibe som hører hiemme udi Holland","Hollandske, Ladde, fra Østersøen","nee","10829"
"0","108","30","530","543","Toldens (..) aff Lijbscher Dantziger Embder Bremmer och Cuurlender etc.","Lubecker, Dantziger, Embder, Bremer, Curlander","nee","10830"
"0","108","31","546","556","Toldens (..) aff Dansche och Wendiske etc.","Danske, Wender","nee","10831"
"0","108","32","558","566","(..) toldens (..) aff Strallsunder saa och aff fremmed goedz som haffuer wiret vdi Suensche schibe","Stralsunder etc.","nee","10832"
"0","108","33","568","572","Toldens (..) aff Engelscher och Schotter","Engelske, Skotter","nee","10833"
"0","109","1","386","400","Ballaster","Ballaster, Westen af","nee","10901"
"0","109","2","403","421","Ladde skiff","Ladde, fra Østersøen","nee","10902"
"0","109","3","425","431","Østerske","Østersche","nee","10903"
"0","109","4","434","440","Lijebsker","Lubecker","nee","10904"
"0","109","5","444","447","Dandtziger","Dantziger","nee","10905"
"0","109","6","450","466","Danske Norske och Wendiske steder","Danske, Norske, Wender","nee","10906"
"0","109","7","469","476","Suenske","Svenske","nee","10907"
"0","109","8","480","483","Skotter","Schotter","nee","10908"
"0","109","9","486","489","Engelscker","Engelske","nee","10909"
"0","109","10","492","494","Frandtzer","Frandske","nee","10910"
"0","109","11","504","511","Hollender som ere komne Wester fraa och ere alldeellisz frie passerede","Hollandske, Westen af","nee","10911"
"0","109","12","514","523","Hollender som ere komne Øster fraa (..) och ere alldeelliss frie passerede","Hollandske, Ladde, fra Østersøen","nee","10912"
"0","109","13","526","533","Lijbsche, Dantziger, Embder och Bremer etc. (..) told och rettighed (..) ","Lubecker, Dantziger, Embder, Bremer","nee","10913"
"0","109","14","537","548","Dansche, Norsche, Rostocker, Strallsunder och andre Pommersche steder (..) tolden (..)","Danske, Norske, Rostocker, Stralsunder, Pommerske","nee","10914"
"0","109","15","551","554","Suensche som ere alldeeliss frie for alld tolld och rettigehed (..)","Toldfrie, Svenske","nee","10915"
"0","109","16","557","559","Skotter och Engelsche (..) deris tolld och rettighed (..)","Schotter, Engelske","nee","10916"
"0","110","1","5","32","Schibe som ere kommen Westen aff och ere friee for told her i Sundet","Toldfrie, Westen af","nee","11001"
"0","110","2","33","56","Schibe som ere kommen aff Østersøen, och her i Sundet toldfriee passerit","Toldfrie, fra Østersøen","nee","11002"
"0","110","3","60","85","Toldens (..) aff Embder, Bremer, Lijbscher, Dantziger, Cuurlender och andere Østersche steders schibe och goedtz","Embder, Bremer, Lubecker, Dantziger, Curlander, Østersche steder","nee","11003"
"0","110","4","85","96","Tolden (..) aff Dansche och Wendische steder","Danske, Wender","nee","11004"
"0","110","5","100","111","Tolden (..) aff Suensche Starlsunder Wissmer och Colberger","Svenske, Stralsunder, Wismer, Colberger","nee","11005"
"0","110","6","112","120","Toldenss (..) aff Engelscher och Schotter","Engelske, Skotter","nee","11006"
"0","110","7","121","124","Toldens (..) aff Embder, Bremer, Lijbscher, Dantziger, Cuurlender och andere Østersche steders schibe och goedtz","Embder, Bremer, Lubecker, Dantziger, Curlander, Østersche steder","nee","11007"
"0","110","8","172","191","Ballaster","Ballaster, Westen af","nee","11008"
"0","110","9","194","206","Ladde skiff","Ladde, fra Østersøen","nee","11009"
"0","110","10","210","214","Østersche","Østersche","nee","11010"
"0","110","11","216","221","Lijebscher","Lubecker","nee","11011"
"0","110","12","223","227","Dandtziger","Dantziger","nee","11012"
"0","110","13","230","245","Danske Norske och Wendiske steder","Danske, Norske, Wender","nee","11013"
"0","110","14","249","254","Suenske","Svenske","nee","11014"
"0","110","15","262","264","Frandtzer","Frandske","nee","11015"
"0","110","16","272","301","Hollender schibe, som ere kommen Wester aff ballasted, saa och ladde med støckgodss, win brendewin, silld, sallt och andre adschillige wahre och kiøbmandschab (..)","Hollandske, Ballaster, fra Westersøen","nee","11016"
"0","110","17","304","341","Hollender som ere komne Øster fraa, ladde med adschillige wahre och kiøbmandschab (..)","Hollandske, Ladde, fra Østersøen","nee","11017"
"0","110","18","344","364","Lijbsche, Dansiger, Embder och Bremmer etc. som ere komne Øster och Wester fraa, och haffuer betallt (..) deriss tolld och rettighed (..)","Lubecker, Dantziger, Embder, Bremer","nee","11018"
"0","110","19","369","392","Dansche och Norsche, saa och saa Rostockher, Strallsunder och andre Pommersche steder (..) deriss (..) tolld och rettighed (..)","Danske, Rostocker, Stralsunder, Pommerske","nee","11019"
"0","110","20","393","401","Suensche nation ere alldeellisz frie passerede","Toldfrie, Svenske","nee","11020"
"0","110","21","404","409","(..) Dansche och Norsche, dissligiste Rostocker och Pommersche etc. (..) deriss tolld och rettighed","Danske, Norske, Rostocker, Pommerske","nee","11021"
"0","110","22","412","419","(..) aff Hispanien hansz undersatter (..) tollden (..)","Hispanien","nee","11022"
"0","110","23","426","446","Toldenss (..) aff ballaster","Ballaster","nee","11023"
"0","110","24","449","473","Toldenss (..) aff ladde schibe","Ladde","nee","11024"
"0","110","25","477","492","Toldenss (..) aff Lijbscher Dantziger, Bremer, Embder Cuurlender etc.","Lubecker, Dantziger, Bremer, Embder, Curlander","nee","11025"
"0","110","26","495","502","Toldenss (..) aff Dansche och Wendische","Danske, Wender","nee","11026"
"0","110","27","505","514","Toldenss (..) aff dend Suensche nation, Stralsunder, Stetiner Colberger etc.","Svenske, Stralsunder, Stettin, Colberger","nee","11027"
"0","110","28","517","526","Toldenss (..) aff Flamsche schibe och goedtz","Flamsche","nee","11028"
"0","111","1","419","422","Ballaster","Ballaster, Westen af","nee","11101"
"0","111","2","425","427","Ladde schieff","Ladde, fra Østersøen","nee","11102"
"0","111","3","430","432","Østersche","Østersche","nee","11103"
"0","111","4","435","437","Lijebsker","Lubecker","nee","11104"
"0","111","5","440","442","Dandtziger","Dantziger","nee","11105"
"0","111","6","445","449","Dannsche Norsche och Wendische steder","Danske, Norske, Wender","nee","11106"
"0","111","7","452","454","Suensche","Svenske","nee","11107"
"0","111","8","475","512","Ballaster","Ballaster, Westen af","nee","11108"
"0","111","9","513","556","Ladde schibe","Ladde, fra Østersøen","nee","11109"
"0","111","10","557","579","Østersche","Østersche","nee","11110"
"0","111","11","580","604","Dansche och Wendsiche","Danske, Wender","nee","11111"
"0","111","12","605","617","Suensche","Svenske","nee","11112"
"0","111","13","620","634","Engelsche och Skotter","Engelske, Skotter","nee","11113"
"0","112","1","6","93","(..) ballaster och ladde schibe, som er kommen Østen och Westen fra","Ballaster, Ladde","nee","11201"
"0","112","2","95","113","(..) Lijbscher Dantziger, Embder, Bremer och Cuurlender","Lubecker, Dantziger, Embder, Bremer, Curlander","nee","11202"
"0","112","3","116","149","(..) Dansche, Wendische, Swensche, Engelsche, Schotsche och Flamsche schibe","Danske, Wender, Svenske, Engelske, Skotter, Flamsche","nee","11203"
"0","112","4","160","194","(..) ballaste och ladde skibe som ere kommen Westen aff","Ballaster, Westen af","nee","11204"
"0","112","5","197","234","(..) Hollender, Embder och Bremer som ere kommen aff Østersøen","Hollandske, Embder, Bremer, fra Østersøen","nee","11205"
"0","112","6","237","248","(..) Østersche steders schibe och goeds","Østersche steder","nee","11206"
"0","112","7","251","265","Dansche och Wendische steders tolds (..) skibe och goedz","Danske, Wender","nee","11207"
"0","112","8","268","279","(..) Suensche och som vunder dend titul indføris aff skibene saauellsom aff de wahre tolden wndergiffuen er (..)","Svenske etc.","nee","11208"
"0","112","9","282","289","(..) toldens (..) aff Engelscher och Skotter deris skibe och goedtz","Engelske, Skotter","nee","11209"
"0","112","10","297","338","(..) ballaste schibbe","Ballaster, Westen af","nee","11210"
"0","112","11","340","394","(..) Hollandsche ladde schibbe","Hollandske, fra Østersøen","nee","11211"
"0","112","12","397","413","(..) toldens (..) aff Lijbscher Dantzig, Embder Bremer och Curlennd.","Lubecker, Dantziger, Embder, Bremer, Curlander","nee","11212"
"0","112","13","416","427","(..) Dansche och Wendische schibbe","Danske, Wender","nee","11213"
"0","112","14","430","444","(..) Swendsche och Pommersche schibbe","Svenske, Pommerske","nee","11214"
"0","112","15","447","456","(..) Engelsche och Schotsche schibbe","Engelske, Skotter","nee","11215"
"0","112","16","463","468","Hollender som erre kommen Westen fra, med ballast och ladde schibe (..) thold och rettighed (..)","Hollandske, Ballaster, Ladde, Westen af","nee","11216"
"0","112","17","472","480","Hollender etc. som ere kommen Østen aff ladde med adschillige wahre och kiøbmandschab (..)","Hollandske, Ladde, fra Østersøen","nee","11217"
"0","112","18","483","485","Østersche","Østersche","nee","11218"
"0","112","19","488","490","Dansche och Wendische","Danske, Wender","nee","11219"
"0","112","20","493","496","Suensche","Svenske","nee","11220"
"0","113","1","329","340","Hollender, ballastede och ladde schibe som erre kommen Wester fra (..)","Hollandske, Ballaster, Ladde, Westen af","nee","11301"
"0","113","2","343","355","Hollender, Embder och Bremer ehr, som ehre komme Østen fra ladde med adchillige wahre af kiøbmandschab (..)","Hollandske, Embder, Bremer, Ladde, fra Østersøen","nee","11302"
"0","113","3","358","362","Lijbsche och Dansiger sampt andre Østersche steder, aff dennem er dem thilbørlige told och rettighed (..)","Lubecker, Dantziger, Østersche steder","nee","11303"
"0","113","4","365","371","Dansche, Norsche sampt de Wendische steder (..) tholden (..)","Danske, Norske, Wender","nee","11304"
"0","113","5","374","381","Suensche nation sampt de Pommersche steder (..)","Svenske, Pommerske","nee","11305"
"0","113","6","384","387","Engelsche och Skotter som ehre kommen Øster och Wester aff med ballastede och ladde schibe (..)","Engelske, Skotter","nee","11306"
"0","113","7","394","427","(..) Hollandsche ballasteder schibe som er kommen Westen fra","Hollandske, Westen af","nee","11307"
"0","113","8","430","462","(..) Hollandsche ladde schibe som er kommen Øster fra","Hollandske, fra Østersøen","nee","11308"
"0","113","9","465","474","Lijbscher Dantziger, Embder, Bremer och Cuhrlandsche schibe","Lubecker, Dantziger, Embder, Bremer, Curlander","nee","11309"
"0","113","10","477","485","(..) Dansche och Wendische schibe","Danske, Wender","nee","11310"
"0","113","11","488","499","(..) Suensche och Pommersche schibe","Svenske, Pommerske","nee","11311"
"0","113","12","502","506","(..) Engelsche och Schotsche schibe","Engelske, Skotter","nee","11312"
"0","113","13","510","544","(..) Hollandsche ballaste schibbe","Hollandske, Westen af","nee","11313"
"0","113","14","547","589","(..) Hollandsche ladde schibbe","Hollandske, fra Østersøen","nee","11314"
"0","113","15","592","604","(..) Lijbsche Dantziger, och andren Østersche schibbe","Lubecker, Dantziger, andre Østersche","nee","11315"
"0","113","16","607","618","(..) Dannsche Norsche och de Wendische steder","Danske, Norske, Wender","nee","11316"
"0","113","17","621","638","(..) Swensche och Pommersche schibbe","Svenske, Pommerske","nee","11317"
"0","113","18","640","645","(..) Engelsche och Schiotsche schibbe","Engelske, Skotter","nee","11318"
"0","114","1","41","58","(..) de skibe, som ere med deris indhaffuende lading komen Westen aff","Westen af","nee","11401"
"0","114","2","61","73","(..) ladde skibe, som ere kommen Østen aff","Ladde, fra Østersøen","nee","11402"
"0","114","3","76","80","(..) Lijbsche och Danzegir deris schibe och gods","Lubecker, Dantziger","nee","11403"
"0","114","4","83","84","(..) Roschocher och Dansche","Rostocker, Danske","nee","11404"
"0","114","5","86","87","(..) Colberger, Strallsunder etc.","Colberger, Stralsunder","nee","11405"
"0","114","6","90","92","(..) tolden aff Engelsche och Schotter deris schibe och goeds","Engelske, Skotter","nee","11406"
"0","114","7","100","141","(..) Hollandische ballastede schibbe, som er kommen Westen fra","Hollandske, Ballaster, Westen af","nee","11407"
"0","114","8","144","178","(..) Hollannsche ladde schibbe som ehre kommen Østen fra","Hollandske, fra Østersøen","nee","11408"
"0","114","9","181","191","(..) Lijbscher, Dandtziger, Embder, Bremer, och Curlanndische schibbe","Lubecker, Dantziger, Embder, Bremer, Curlander","nee","11409"
"0","114","10","194","200","(..) Dansche och Wenndische schibbe","Danske, Wender","nee","11410"
"0","114","11","203","205","(..) Suennsche och Pommersche schibbe","Svenske, Pommerske","nee","11411"
"0","114","12","206","211","(..) Engelsche och Schosche schibbe","Engelske, Skotter","nee","11412"
"0","114","13","216","250","(..) Hollandsche baglaster schibbe","Hollandske, Westen af","nee","11413"
"0","114","14","254","284","(..) Hollandsche ladde schibbe","Hollandske, fra Østersøen","nee","11414"
"0","114","15","286","294","(..) Lijbscher, Danssiger, och andre Østersche schibbe","Lubecker, Dantziger, andre Østersche","nee","11415"
"0","114","16","297","308","(..) Dansche och de Wendesche steder","Danske, Wender","nee","11416"
"0","114","17","311","313","(..) Suensche och Pommersche skiib","Svenske, Pommerske","nee","11417"
"0","114","18","316","321","(..) Engelsche och Skotske schiib","Engelske, Skotter","nee","11418"
"0","114","19","363","375","(..) Hollandske ballaster","Hollandske, Westen af","nee","11419"
"0","114","20","378","386","(..) Hollandske ladde schibe","Hollandske, fra Østersøen","nee","11420"
"0","114","21","389","392","(..) Lijbsker, Dansiger oc andre Østerske steder","Lubecker, Dantziger, andre Østersche","nee","11421"
"0","114","22","395","398","(..) Rostocher oc Wendische","Rostocker, Wender","nee","11422"
"0","114","23","401","403","(..) Swensche och Pommerske schibe","Svenske, Pommerske","nee","11423"
"0","114","24","406","409","(..) Engliscke, Schotske oc Frandsche","Engelske, Skotter, Frandske","nee","11424"
"0","114","25","417","438","(..) Hollandsche ballaster schiebbe","Hollandske, Westen af","nee","11425"
"0","114","26","441","454","(..) Hollanndsche ladde schibe","Hollandske, fra Østersøen","nee","11426"
"0","114","27","456","460","(..) Lijbsche Dantzig, och andre Østersche schiebe","Lubecker, Dantziger, andre Østersche","nee","11427"
"0","114","28","463","467","(..) Dandsche Norsche och di Wendische steder","Danske, Norske, Wender","nee","11428"
"0","114","29","469","473","(..) Suendsche och Pomersche schibbe","Svenske, Pommerske","nee","11429"
"0","114","30","476","480","(..) Engelsche og Schotsche schiebe","Engelske, Skotter","nee","11430"
"0","114","31","488","515","(..) Hollandsche ballasted schiebbe","Hollandske, Westen af","nee","11431"
"0","114","32","518","544","(..) Hollandsche ladde schibbe","Hollandske, fra Østersøen","nee","11432"
"0","114","33","546","552","(..) Liubsche, Danssiger och andre Østersche steder","Lubecker, Dantziger, andre Østersche","nee","11433"
"0","114","34","554","563","(..) Dansche Norsche och den Wendische steder","Danske, Norske, Wender","nee","11434"
"0","114","35","565","571","(..) Suensche och Pommersche schibe","Svenske, Pommerske","nee","11435"
"0","114","36","573","580","(..) Engelsche Frandsche och Skotsche skibbe","Engelske, Frandske, Skotter","nee","11436"
"0","115","1","328","353","(..) schippere som her paa Kiøbenhauffns reide fra Holland er ankommen, och achter widre at Øster Søen paa adtschillige steder","Westen af","nee","11501"
"0","118","1","11","11","Hamborg","Hamborger","nee","11801"
"0","118","2","12","12","Engelsche, Schotsche","Engelske, Skotter","nee","11802"
"0","119","1","8","30","Hollandsche ballaster","Hollandske, Ballaster, fra Westersøen","nee","11901"
"0","119","2","31","60","Hollandsche ladde schibbet","Hollandske, Ladde, fra Østersøen","nee","11902"
"0","119","3","63","69","Lybsche, Dantziger och andre Østersche schibbe","Lubecker, Dantziger, andre Østersche","nee","11903"
"0","119","4","72","78","Danssche, Norsche och di Wendische steders schibe","Danske, Norske, Wendische","nee","11904"
"0","119","5","81","85","Svendsche och Pomersche schibbe","Svenske, Pommerske","nee","11905"
"0","119","6","88","125","Hollandsche ballast schiebes","Hollandske, Ballaster","nee","11906"
"0","119","7","126","148","Hollandsche ladde schiebe","Hollandske, Ladde","nee","11907"
"0","119","8","151","157","Lijbsche, Bremer och andre Østersche schiebe","Lubecker, Bremer, andre Østersche","nee","11908"
"0","119","9","159","164","Dansche, Nordsche och Wendische steders schiebe","Danske, Norske, Wendiske","nee","11909"
"0","119","10","167","174","Swendsche och Pommersche schiebe","Svenske, Pommerske","nee","11910"
"0","119","11","175","184","Engelsche och Schottsche schiebe","Engelske, Skotter","nee","11911"
"0","119","12","192","206","schibe (..) kommen Westen af","Westen af","nee","11912"
"0","119","13","210","226","Ladde schibe (..) Østen af","Ladde, Østen af","nee","11913"
"0","119","14","229","232","Lijbsche och Dantziger, Curlandr, Bremer och Embder","Lubecker, Dantziger, Curlander, Bremer, Embder","nee","11914"
"0","119","15","235","239","Dansche och Wendische schibe","Dansche, Wendische","nee","11915"
"0","119","16","242","246","Suensche och Pomersche schibe","Svenske, Pommerske","nee","11916"
"0","119","17","247","252","Engelsche och Schotter deris schibe","Engelske, Skotter","nee","11917"
"0","120","1","312","350","Hollandsche ballast schibbe","Hollandske, Ballaster, fra Westersøen","nee","12001"
"0","120","2","351","390","Hollandsche lader schibe","Hollandske, Ladde, fra Østersøen","nee","12002"
"0","120","3","391","404","Dantziger, Embder, Bremer, Emslander, hoghe Hollandsche lade schibbe","Bremer, Dantziger, Embder, Hollandske, Ladde, skibe","nee","12003"
"0","120","4","405","419","Dansche, Nordsche och Swedische schibbe","Danske, Norske, Svenske","nee","12004"
"0","120","5","420","431","Swendsche och Pommersche Schibbe","Svenske, Pommerske","nee","12005"
"0","120","6","432","452","Engelsche, Fransche och Schotsche schibbe","Engelske, Frandske, Skotter","nee","12006"
"0","120","7","453","507","Hollandsche ballast schiebe","Hollandske, Ballaster, fra Westersøen","nee","12007"
"0","120","8","508","515","Hollandsche lade schiebe","Hollandske, Ladde, fra Østersøen","nee","12008"
"0","120","9","516","522","Lybeckse, Dantsiger och andre Ostersche schiebe","Lubecker, Dantziger, Østersche steder","nee","12009"
"0","120","10","526","529","Swendsche och Pommersche Schibbe","Svenske, Pommerske","nee","12010"
"0","121","1","7","11","Swendsche och Pommersche Schibbe","Svenske, Pommerske","nee","12101"
"0","121","2","14","22","Engelsche och Schotsche schibe","Engelske, Skotter","nee","12102"
"0","121","3","31","64","(..) schibe, som ehre med deris indehahhuende lading kommen Westen aff","Westen af","nee","12103"
"0","121","4","67","91","(..) ladde skibe, som ehre kommen Østen aff","Ladde, fra Østersøen","nee","12104"
"0","121","5","94","99","(..) Lijbsche och Dantziger schibe","Lubecker, Dantziger","nee","12105"
"0","121","6","102","108","(..) Dansche och Wendische schibe och goedz","Danske, Wender","nee","12106"
"0","121","7","111","120","(..) Suensche schibe","Svenske","nee","12107"
"0","121","8","123","131","(..) Engelsche och Schotsche deris schibe och goedtz","Engelske, Skotter","nee","12108"
"0","122","1","33","78","(..) Nedderlandsche ballaste schibbe (..)","Nederlandsche, Westen af","nee","12201"
"0","122","2","81","122","(..) Hollandsche laade schibe (..)","Hollandske, fra Østersøen","nee","12202"
"0","122","3","126","136","(..) Lijbsche Dantziger Embder och Bremmer (..)","Lubecker, Dantziger, Embder, Bremer","nee","12203"
"0","122","4","140","148","(..) Dansche oc Wendische schibbe (..)","Danske, Wender","nee","12204"
"0","122","5","151","161","(..) Swendsche schibbe","Svenske","nee","12205"
"0","122","6","164","180","(..) Fransche Engelsche Schiotsche schibbe (..)","Frandske, Engelske, Skotter","nee","12206"
"0","122","7","187","229","(..) Hollandsch ballast schiebe (..) aff Westersøen","Hollandske, Westen af","nee","12207"
"0","122","8","230","259","(..) Hollandsche ladde schiebes tholds (..)","Hollandske, fra Østersøen","nee","12208"
"0","122","9","262","268","(..) Lijbsche Dantziger och andre Østersche schiebe","Lubecker, Dantziger, andre Østersche","nee","12209"
"0","122","10","271","279","(..) Dansche Nordsche Hamborger och de Wendische steders schiebe","Danske, Norske, Hamborger, Wender","nee","12210"
"0","122","11","282","289","(..) Suendsche och Pommersche schiebe","Svenske, Pommerske","nee","12211"
"0","122","12","292","302","(..) Englisch och Schosche schiebe","Engelske, Skotter","nee","12212"
"0","122","13","310","340","(..) schibe som ehre med deris indehaffuende lading kommen Westen aff","Westen af","nee","12213"
"0","122","14","343","369","(..) Ladde schibe som ehre kommen Østen aff","Ladde, fra Østersøen","nee","12214"
"0","122","15","372","378","(..) Lijbsche och Dandtzssiger deris schibe och goedtz","Lubecker, Dantziger","nee","12215"
"0","122","16","381","389","(..) Dansche och Wendische schibe och goedtz","Danske, Wender","nee","12216"
"0","122","17","392","399","Suensche, Østersche","Svenske, Østersche","nee","12217"
"0","122","18","402","410","(..) Engelsche och Schotsche deris schibe och goedtz","Engelske, Skotter","nee","12218"
"0","123","1","301","346","(..) Hollandsche ballasterre schibe","Hollandske, Westen af","nee","12301"
"0","123","2","349","392","(..) Hollandsche laade oc nogle flerre andre schibe","Hollandske, fra Østersøen","nee","12302"
"0","123","3","395","405","(..) Lijbsche Danssigsche Embder Bremmer och nogle Dansche och Wendische schibbe","Lubecker, Dantziger, Embder, Bremer, Danske, Wender","nee","12303"
"0","123","4","406","416","(..) Dansche Norsche och Wendigscher schibbe","Danske, Norske, Wender","nee","12304"
"0","123","5","417","427","(..) Swendsche schibe","Svenske","nee","12305"
"0","123","6","431","443","Engellsche Schiotsche oc Fransche schibbe","Engelske, Skotter, Frandske","nee","12306"
"0","123","7","450","493","(..) Hollandsche ballasted schiebe (..) aff Westersøen","Hollandske, Westen af","nee","12307"
"0","123","8","494","530","(..) Hollandsche ladde schiebe (..) aff Østersøen deris tholds (..)","Hollandske, fra Østersøen","nee","12308"
"0","124","1","11","17","Lijbsche Dantziger Bremer och Embder schiebe","Lubecker, Dantziger, Bremer, Embder","nee","12401"
"0","124","2","20","29","(..) Dandsche Norsche och Wendische steders schiebe","Danske, Norske, Wender","nee","12402"
"0","124","3","32","42","(..) Suendsche och Pommersche schiebe","Svenske, Pommerske","nee","12403"
"0","124","4","45","54","(..) Engelsch och Schotsche schiebes tholds (..)","Engelske, Skotter","nee","12404"
"0","124","5","61","99","(..) de schibe som ehre med deris lading och goedtz kommen Westen aff","Westen af","nee","12405"
"0","124","6","103","142","(..) ladde schibe som ehre kommen Østen aff","Ladde, fra Østersøen","nee","12406"
"0","124","7","146","151","(..) Lijbsche och Dandtziger deris schibe och goedtz","Lubecker, Dantziger","nee","12407"
"0","124","8","154","165","(..) Dansche och Wendische schibe och goedtz","Danske, Wender","nee","12408"
"0","124","9","168","178","(..) Suensche schibe","Svenske","nee","12409"
"0","124","10","181","192","(..) Engelsche och Schotter deris schibe och goedtz","Engelske, Skotter","nee","12410"
"0","125","1","240","278","(..) Hollandsche ballaster","Hollandske, Westen af","nee","12501"
"0","125","2","282","318","(..) Hollandsche laadde","Hollandske, fra Østersøen","nee","12502"
"0","125","3","321","330","(..) Lijbsche Dandtzigger Curlendder Bremmer oc Embder (..) gulldtollenn (..)","Guldtold, Lubecker, Dantziger, Curlander, Bremer, Embder","nee","12503"
"0","125","4","333","345","(..) Dansche och Wendigscher (..) gulldtollen (..)","Guldtold, Danske, Wender","nee","12504"
"0","125","5","348","356","(..) Swennd schibb","Svenske","nee","12505"
"0","125","6","359","373","(..) Fransche Enngelsche och Schiotsche","Frandske, Engelske, Skotter","nee","12506"
"0","125","7","380","412","(..) Hollandsche ballaster (..) af Westersøen","Hollandske, Westen af","nee","12507"
"0","125","8","415","446","(..) Hollandsche ladde skibbe (..) af Østersøen","Hollandske, fra Østersøen","nee","12508"
"0","125","9","449","457","(..) Lijbscher Dannssiger Bremer och Emder","Lubecker, Dantziger, Bremer, Embder","nee","12509"
"0","125","10","460","472","(..) Dansche Norsche och Wendische","Danske, Norske, Wender","nee","12510"
"0","125","11","475","484","(..) Suensche och Pommersche","Svenske, Pommerske","nee","12511"
"0","125","12","487","497","(..) Engelsche Skotsche och Frandsche","Engelske, Skotter, Frandske","nee","12512"
"0","126","1","8","44","(..) schibe som ehre med deris indehaffuende lading kommen Westen aff","Westen af","nee","12601"
"0","126","2","47","83","(..) ladde scibe som ehre komme Østen aff","Ladde, fra Østersøen","nee","12602"
"0","126","3","86","94","(..) Lijbsche och Dandtziger deris schibe och goedtz","Lubecker, Dantziger","nee","12603"
"0","126","4","97","111","(..) Dansche och Wendische schibe och goedtz","Danske, Wender","nee","12604"
"0","126","5","114","124","(..) Suensche schibe","Svenske","nee","12605"
"0","126","6","127","139","(..) Engelsche och Schotsche och Fransche schibe","Engelske, Skotter, Frandske","nee","12606"
"0","126","7","487","499","(..) Hollandsche ballaster","Hollandske, Westen af","nee","12607"
"0","126","8","502","513","(..) Hollandsche ladde schibe","Hollandske, fra Østersøen","nee","12608"
"0","126","9","516","525","(..) Lijbsche Dantziger Embder Bremer och Curlender schibbe","Lubecker, Dantziger, Embder, Bremer, Curlander","nee","12609"
"0","127","1","7","23","(..) Dansche Norsche och Wendische schibbe","Danske, Norske, Wender","nee","12701"
"0","127","2","23","32","(..) Swensche schibbe","Svenske","nee","12702"
"0","127","3","35","40","(..) Engelsche Fransche och Schotsche schibbe","Engelske, Frandske, Skotter","nee","12703"
"0","127","4","47","62","(..) Hollandsche ballaster som er kommen af Westersøen","Hollandske, Westen af","nee","12704"
"0","127","5","65","83","(..) Hollandsche ladde schibe som er kommen af Østersøen","Hollandske, fra Østersøen","nee","12705"
"0","127","6","86","91","(..) Lijbsche Bremme och Emder","Lubecker, Bremer, Embder","nee","12706"
"0","127","7","92","124","(..) Suensche och Pommersche","Svenske, Pommerske","nee","12707"
"0","127","8","127","133","(..) Engelsche Fransche och Schotsche","Engelske, Frandske, Skotter","nee","12708"
"0","127","9","140","149","(..) schibe som ehre med deris indehaffuende lading kommen Westen aff","Westen af","nee","12709"
"0","127","10","152","162","(..) ladde schibe som ehre kommen Østen aff","Ladde, fra Østersøen","nee","12710"
"0","127","11","165","176","(..) Lijbsche Dandtziger Brehmer och Embder deris schibe och indhaffuende goedtz","Lubecker, Dantziger, Bremer, Embder","nee","12711"
"0","127","12","179","198","(..) Dansche och Wendsiche schibe och goedtz","Danske, Wender","nee","12712"
"0","127","13","199","209","(..) Suensche och Poemersche schibe","Svenske, Pommerske","nee","12713"
"0","127","14","212","217","(..) Engelsche Schotsche och Fransche deris schibe och goedtz","Engelske, Skotter, Frandske","nee","12714"
"0","127","15","322","343","(..) Hollandsche ballasted schibbe","Hollandske, Westen af","nee","12715"
"0","127","16","346","376","(..) Hollandsche laade schibbe","Hollandske, fra Østersøen","nee","12716"
"0","127","17","379","389","(..) Lijbscher Dandtziger Embder Bremmer och Curlendsche schibbe","Lubecker, Dantziger, Embder, Bremer, Curlander","nee","12717"
"0","127","18","392","406","(..) Dansche Wendische och Rostocker","Danske, Wender, Rostocker","nee","12718"
"0","127","19","409","433","(..) Swendsche schibbe","Svenske","nee","12719"
"0","127","20","434","437","(..) Franscher Engellsche och Flaminger","Frandske, Engelske, Flamsche","nee","12720"
"0","128","1","8","35","(..) Hollandsche ballaster som erre komne af Westersøen","Hollandske, Westen af","nee","12801"
"0","128","2","36","60","(..) Hollandsche ladde skibe komne af Østersøen","Hollandske, fra Østersøen","nee","12802"
"0","128","3","63","75","(..) Lijbsche Bremer Dannssiger och Emder","Lubecker, Bremer, Dantziger etc.","nee","12803"
"0","128","4","78","93","(..) Dannsche Norsche Hamborger och Rostocker","Danske, Norske, Wender","nee","12804"
"0","128","5","96","124","(..) Suensche och Pomersche","Svenske, Pommerske","nee","12805"
"0","128","6","127","129","(..) Engelsche och Frandsche","Engelske, Frandske","nee","12806"
"0","128","7","137","158","(..)  de schibe som ehr med deris indehaffuende lading och ballaste kommen Westen aff","Ballaster, Ladde, Westen af","nee","12807"
"0","128","8","161","180","(..) ladde schibe som ehr kommen Østen aff","Ladde, fra Østersøen","nee","12808"
"0","128","9","183","191","(..) Lijbsche och Dantziger deris schibe och goedtz","Lubecker, Dantziger","nee","12809"
"0","128","10","194","206","(..) Dansche Hamborger och Wendische schibe och goedtz","Danske, Hamborger, Wender","nee","12810"
"0","128","11","209","226","(..) Suensche schibe","Svenske","nee","12811"
"0","128","12","229","232","(..) Engelsche och Schottsche deris schib och goedtz","Engelske, Skotter","nee","12812"
"0","128","13","308","333","(..) Hollandsche ballasterre","Hollandske, Westen af","nee","12813"
"0","128","14","336","375","(..) Hollandsche ladde schibe","Hollandske, fra Østersøen","nee","12814"
"0","128","15","378","390","(..) Lijbscher Dantziger Embder Bremer och Curlenndische schibbe","Lubecker, Dantziger, Embder, Bremer, Curlander","nee","12815"
"0","128","16","393","400","(..) Dansche Norsche och Wendische schibbe","Danske, Norske, Wender","nee","12816"
"0","128","17","403","427","(..) Swenndsche schibbe","Svenske","nee","12817"
"0","128","18","430","434","(..) Engelsche Frandsche och Spanndsche schibbe","Engelske, Frandske, Spanske","nee","12818"
"0","128","19","441","489","(..) Hollandsche ballaste som er komne af Westersøen","Hollandske, Westen af","nee","12819"
"0","128","20","490","529","(..) Hollandtsche ladde schibbe som er kommen af Westersøen (Østersøen!)","Hollandske, fra Østersøen","nee","12820"
"0","128","21","530","535","(..) Liubsche Dannssiger Emder Bremer och Curlender schibbe","Lubecker, Dantziger, Embder, Bremer, Curlander","nee","12821"
"0","129","1","8","22","(..) Liubsche Dannssiger Emder Bremer och Curlender schibbe","Lubecker, Dantziger, Embder, Bremer, Curlander","nee","12901"
"0","129","2","23","53","(..) Dansche Norsche Hamborger och Wendische","Danske, Norske, Hamborger, Wender","nee","12902"
"0","129","3","54","84","(..) Suensche schibbe & Pomersche","Svenske, Pommerske","nee","12903"
"0","129","4","85","97","(..) Fransche Engelsche och Spannsche","Frandske, Engelske, Spanske","nee","12904"
"0","129","5","196","251","(..) Hollandsche ballaster schibbe","Hollandske, Westen af","nee","12905"
"0","129","6","252","309","(..) Hollandsche ladde schibbe","Hollandske, fra Østersøen","nee","12906"
"0","129","7","310","330","(..) Lijbsche Bremer Embder Dantziger och andre schibbe","Lubecker, Bremer, Embder, Dantziger etc.","nee","12907"
"0","129","8","331","356","(..) Dansche och Wendische och andre schibe","Danske, Wender etc.","nee","12908"
"0","129","9","357","386","(..) Swensche schibbe","Svenske","nee","12909"
"0","129","10","387","415","(..) Engelsche Schotse Fransche Swensche och andre schibbe","Engelske, Skotter, Frandske, Svenske, etc.","nee","12910"
"0","129","11","421","431","(..) alle nationer (..)","Alle nationer","nee","12911"
"0","129","12","438","476","(..) schibbe (..) kommen Westen aff","Westen af","nee","12912"
"0","130","1","7","15","(..) schibbe (..) kommen Westen aff","Westen af","nee","13001"
"0","130","2","16","56","(..) ladde schiebe (..) kommen Østen aff","Ladde, fra Østersøen","nee","13002"
"0","130","3","57","81","(..) Lubsche oc Datzicher Bremmer oc Embder","Lubecker, Dantziger, Bremer, Embder","nee","13003"
"0","130","4","82","116","(..) Dansche oc Wendische","Danske, Wender","nee","13004"
"0","130","5","119","153","(..) Colberger oc Swensche","Colberger, Svenske","nee","13005"
"0","130","6","157","170","(..) Engelsche Schotsche oc Fransche schiebe","Engelske, Skotter, Frandske","nee","13006"
"0","130","7","468","526","(..) ballastede schiebe som er kommen Westen aff","Ballaster, Westen af","nee","13007"
"0","131","1","7","61","(..) ladde schibe som ehre kommen Østen aff","Ladde, fra Østersøen","nee","13101"
"0","131","2","64","81","(..) Lijbsche Dandtziger Bremer oc Embder","Lubecker, Dantziger, Bremer, Embder","nee","13102"
"0","131","3","84","108","(..) Dansche oc Hamborger","Danske, Hamborger","nee","13103"
"0","131","4","111","147","(..) Suensche schiibe och Colberger","Svenske, Colberger","nee","13104"
"0","131","5","150","169","(..) Engelsche och Fransche","Engelske, Frandske","nee","13105"
"0","131","6","175","234","(..) Hollandsche ballastede skibbe","Hollandske, Westen af","nee","13106"
"0","131","7","237","304","(..) Hollanndsche ladde skibbe","Hollandske, fra Østersøen","nee","13107"
"0","131","8","305","323","(..) Lijbsche Dannssiger och Bremer","Lubecker, Dantziger, Bremer","nee","13108"
"0","131","9","326","346","(..) Dannsche och Wendische","Danske, Wender","nee","13109"
"0","131","10","349","381","(..) Suendsche schibbe","Svenske","nee","13110"
"0","131","11","384","398","(..) Frandsche, Engelsche och Schotsche schibbe","Frandske, Engelske, Skotter","nee","13111"
"0","132","1","73","127","(..) Hollanndsche ballastede schibbe","Hollandske, Westen af","nee","13201"
"0","132","2","130","197","(..) Hollanndsche ladde skibbe","Hollandske, fra Østersøen","nee","13202"
"0","132","3","200","210","(..) Liubsche, Dannssiger ende Bremer och Curlender samt Emder","Lubecker, Dantziger, Embder, Bremer, Curlander","nee","13203"
"0","132","4","213","228","(..) Dansche Norsche och Wendische schibe","Danske, Norske, Wender","nee","13204"
"0","132","5","231","262","(..) Suensche och Pommersche","Svenske, Pommerske","nee","13205"
"0","132","6","265","283","(..) Frandsche Engelsche och Schotsche","Frandske, Engelske, Skotter","nee","13206"
"0","132","7","290","354","(..) schiebe som ehr kommen Westen aff","Westen af","nee","13207"
"0","132","8","355","419","(..) ladde schiebe","Ladde, fra Østersøen","nee","13208"
"0","132","9","420","439","(..) Lijbsche Dantsicher Bremer och Embder","Lubecker, Dantziger, Bremer, Embder","nee","13209"
"0","132","10","440","471","(..) Dansche Hamborger och Wendische","Danske, Hamborger, Wender","nee","13210"
"0","132","11","472","507","(..) Suensche oc Colberger","Svenske, Colberger","nee","13211"
"0","132","12","510","533","(..) Engelsche Schotsse oc Fransche","Engelske, Skotter, Frandske","nee","13212"
"0","133","1","89","147","(..) Hollandsche ballaster","Hollandske, Westen af","nee","13301"
"0","133","2","149","207","(..) Hollandsche ladde schibe","Hollandske, fra Østersøen","nee","13302"
"0","133","3","210","220","(..) Lijbsche Dantziger Bremer Embder och Curl.","Lubecker, Dantziger, Bremer, Embder, Curlander","nee","13303"
"0","133","4","223","240","(..) Dansche Norsche och Wendische","Danske, Norske, Wender","nee","13304"
"0","133","5","243","275","(..) Swenndsche schibbe","Svenske","nee","13305"
"0","133","6","278","295","(..) Frandsche Engelsche och Schotsche","Frandske, Engelske, Skotter","nee","13306"
"0","133","7","303","360","(..) de schibe som med deris indehaffuende last ehr kommen Westen aff","Westen af","nee","13307"
"0","133","8","361","427","(..) ladde schibe som ehr kommen Østen aff","Ladde, fra Østersøen","nee","13308"
"0","133","9","428","445","(..) Lijbsche Dantziger Brehmer och Embder deris schibe och godtz","Lubecker, Dantziger, Bremer, Embder","nee","13309"
"0","133","10","448","477","(..) Dansche Hamborger och Wendische schibe och godtz","Danske, Hamborger, Wender","nee","13310"
"0","133","11","480","505","(..) Suensche och Colbergr deris schibe och godtz","Svenske, Colberger","nee","13311"
"0","133","12","508","531","(..) Engelsche Schotsche och Fransche schibe","Engelske, Skotter, Frandske","nee","13312"
"0","134","1","130","140","(..) Hollandsche ballaster som er kommen af Westersøen","Hollandske, Westen af","nee","13401"
"0","134","2","143","158","(..) Hollandsche ladde schibbe som er kommen aff Østersøen","Hollandske, fra Østersøen","nee","13402"
"0","134","3","160","171","(..) Lijbsche Bremer Emder och Dannssiger schibbe","Lubecker, Bremer, Embder, Dantziger","nee","13403"
"0","134","4","174","197","(..) Dansche Norsche och Wendische schibbis ","Danske, Norske, Wender","nee","13404"
"0","134","5","199","234","(..) Suensche schibbe & Pomersche","Svenske, Pommerske","nee","13405"
"0","134","6","237","240","(..) Engelsche Schotsche och Frandsche schibe","Engelske, Skotter, Frandske","nee","13406"
"0","134","7","247","259","(..) schiebe som ehr kommen Westen aff","Westen af","nee","13407"
"0","134","8","262","281","(..) laade schiebe som ehr kommen Østen aff","Ladde, fra Østersøen","nee","13408"
"0","134","9","284","298","(..) Lijbsche oc Dantsicher","Lubecker, Dantziger","nee","13409"
"0","134","10","301","325","(..) Dansche oc Wendische","Danske, Wender","nee","13410"
"0","134","11","326","367","(..) Suensche oc Colberger","Svenske, Colberger","nee","13411"
"0","134","12","368","373","(..) Engelsche Schotsche oc Fransche schiebe","Engelske, Skotter, Frandske","nee","13412"
"0","134","13","449","467","(..) Hollandsche ballastde schibe som er komen af Westen","Hollandske, Westen af","nee","13413"
"0","134","14","470","501","(..) Hollandsche ladde schiibe som er kommen af Østen ssøenn","Hollandske, fra Østersøen","nee","13414"
"0","134","15","504","517","(..) Liubsche Bremer Dannssige och Emder","Lubecker, Bremer, Dantziger, Embder","nee","13415"
"0","135","1","7","31","(..) Norsche Dannsche och Wendische","Norske, Danske, Wender","nee","13501"
"0","135","2","32","63","(..) Suensche och Pomersche","Svenske, Pommerske","nee","13502"
"0","135","3","66","69","(..) Engelsche Frandsche och Schotsche","Engelske, Frandske, Skotter","nee","13503"
"0","135","4","76","93","(..) Ballaster","Ballaster, Westen af","nee","13504"
"0","135","5","96","106","(..) Hollandische ladde schiebe","Hollandske, fra Østersøen","nee","13505"
"0","135","6","109","128","(..) Lubsche Hamborger och nogle andre","Lubecker, Hamborger etc.","nee","13506"
"0","135","7","129","148","(..) Dansche Bremer oc Wendische","Danske, Bremer, Wender","nee","13507"
"0","135","8","149","182","(..) Schwensche Pommersche oc andre","Svenske, Pommerske","nee","13508"
"0","135","9","185","188","(..) Engelsche Fransche oc Flamsche","Engelske, Frandske, Flamsche","nee","13509"
"0","135","10","240","277","(..) Hollandsche ballaster","Hollandske, Westen af","nee","13510"
"0","135","11","280","334","(..) Hollandsche ladde schibbe","Hollandske, fra Østersøen","nee","13511"
"0","135","12","335","353","(..) Llijbsche Dantziger Embder och Bremer schibbe","Lubecker, Dantziger, Embder, Bremer","nee","13512"
"0","135","13","355","376","(..) Dannsche och Wendische schibbe","Danske, Wender","nee","13513"
"0","135","14","379","408","(..) Swendsche och Pommersche schibbe","Svenske, Pommerske","nee","13514"
"0","135","15","411","435","(..) Engelsche och Schotsche schibbe","Engelske, Skotter","nee","13515"
"0","135","16","442","480","(..) schiebe som med deris indehaffuende last er kommen Westen aff","Westen af","nee","13516"
"0","135","17","483","535","(..) ladde schiebe som er kommen Østen aff","Ladde, fra Østersøen","nee","13517"
"0","136","1","7","32","(..) Lijbsche Dantzicher Bremer oc Embder deris schiebe oc goedtz","Lubecker, Dantziger, Bremer, Embder","nee","13601"
"0","136","2","35","66","(..) Dansche Hamborger och Wendische schiebe oc goeds","Danske, Hamborger, Wender","nee","13602"
"0","136","3","67","102","(..) Schwensche Colberger oc Stolper schiebe oc goedtz","Svenske, Colberger, Stolper","nee","13603"
"0","136","4","105","117","(..) Engelsche Schotsche och Fransche schiebe oc gods","Engelske, Skotter, Frandske","nee","13604"
"0","136","5","223","259","(..) Hollandsche ballaster saa och forschrefne andre","Hollandske etc., Westen af","nee","13605"
"0","136","6","262","318","(..) Hollandsche ladde saa och forschrefne anndre","Hollandske, fra Østersøen","nee","13606"
"0","136","7","319","337","(..) Liubsche Dannssiger Emder och Bremer","Lubecker, Dantziger, Embder, Bremer","nee","13607"
"0","136","8","339","362","(..) Dannsche och Norsche","Danske, Norske","nee","13608"
"0","136","9","365","371","(..) Suensche och Pomersche","Svenske, Pommerske","nee","13609"
"0","136","10","374","396","(..) Engelsche Schotsche och Frandsche","Engelske, Skotter, Frandske","nee","13610"
"0","136","11","401","439","(..) Hollantsche ballaster","Hollandske, Westen af","nee","13611"
"0","136","12","442","477","(..) Hollandsche ladde schiebe","Hollandske, fra Østersøen","nee","13612"
"0","136","13","478","492","(..) Engelsche","Engelske","nee","13613"
"0","136","14","496","524","(..) Lubscher Dandtzicher Embder oc Bremer sampt andere","Lubecker, Dantziger, Embder, Bremer","nee","13614"
"0","136","15","526","531","(..) Dansche Norsche oc Hamborger","Danske, Norske, Hamborger","nee","13615"
"0","137","1","7","30","(..) Dansche Norsche oc Hamborger","Danske, Norske, Hamborger","nee","13701"
"0","137","2","31","42","(..) Schwensche oc Pommersche","Svenske, Pommerske","nee","13702"
"0","137","3","45","60","(..) Engelsche","Engelske","nee","13703"
"0","137","4","61","93","(..) Engelsche","Engelske","nee","13704"
"0","137","5","236","269","(..) Hollansche ballaster","Hollandske, Westen af","nee","13705"
"0","137","6","273","312","(..) Hollansche ladde schibbe","Hollandske, fra Østersøen","nee","13706"
"0","137","7","315","327","(..) Lijbsche Dantziger Embder och Bremer schibbe","Lubecker, Dantziger, Embder, Bremer","nee","13707"
"0","137","8","330","340","(..) Dansche och Wendische","Danske, Wender","nee","13708"
"0","137","9","343","361","(..) Engelsche och Schotsche nationer","Engelske, Skotter","nee","13709"
"0","137","10","364","412","(..) Engelsche och Schotsche nationer","Engelske, Skotter","nee","13710"
"0","137","11","418","453","(..) Hollantsche ballast schiebe oc ladde som er kommen aff Wester søen","Hollandske, Westen af","nee","13711"
"0","137","12","456","478","(..) ladde schiebe som er kommen Øster aff","Ladde, fra Østersøen","nee","13712"
"0","138","1","7","20","(..) ladde schiebe som er kommen Øster aff","Ladde, fra Østersøen","nee","13801"
"0","138","2","23","34","(..) Lubsche Dandtzicher Bremer oc Embder deris schiebe oc goeds","Lubecker, Dantziger, Embder, Bremer","nee","13802"
"0","138","3","37","46","(..) Dansche Hamborger och Wendische schiebe oc goeds","Danske, Hamborger, Wender","nee","13803"
"0","138","4","49","107","(..) Engelsche oc Schottische schiebe","Engelske, Skotter","nee","13804"
"0","138","5","180","225","(..) Hollandsche ballaster som er kommen af Wester søenn","Hollandske, Westen af","nee","13805"
"0","138","6","228","281","(..) Hollandsche ladde schibbe som er kommen af Øster søen","Hollandske, fra Østersøen","nee","13806"
"0","138","7","284","292","(..) Liubscher Dannssiger Embder och Bremer","Lubecker, Dantziger, Embder, Bremer","nee","13807"
"0","138","8","295","304","(..) Dannsche Norsche och Wendische schibe","Danske, Norske, Wender","nee","13808"
"0","138","9","307","374","(..) Engelsche och Schotsche","Engelske, Skotter","nee","13809"
"0","138","10","381","427","(..) Hollender ballaster schiebe fra Westersøen","Hollandske, Westen af","nee","13810"
"0","138","11","430","465","(..) lade schiebe fra Østersøen","Ladde, fra Østersøen","nee","13811"
"0","138","12","469","478","(..) Lijbsche Dantziger Bremer och Embder schiebe och goedtz","Lubecker, Dantziger, Bremer, Embder","nee","13812"
"0","138","13","481","487","(..) Dansche Hamborger och Wendische schiebe och goedtz","Danske, Hamborger, Wender","nee","13813"
"0","138","14","490","527","(..) Engelsche Schotsche och Irrische schiebe och goedtz","Engelske, Skotter, Irlandske","nee","13814"
"0","139","15","7","21","(..) Engelsche Schotsche och Irrische schiebe och goedtz","Engelske, Skotter, Irlandske","nee","13915"
"0","139","1","104","155","(..) Hollandsche ballastede skibe (..) kommen aff Wester søen","Hollandske, Westen af","nee","13901"
"0","139","2","158","202","(..) Hollandsche ladede skibe (..) kommene aff Øster søen","Hollandske, fra Østersøen","nee","13902"
"0","139","3","205","212","(..) Liubscher Dantziger Embder och Bremer","Lubecker, Dantziger, Embder, Bremer","nee","13903"
"0","139","4","215","225","(..) Dansche Norsche oc Wendesche","Danske, Norske, Wender","nee","13904"
"0","139","5","228","282","(..) Engelsche och Skotsche","Engelske, Skotter","nee","13905"
"0","139","6","290","337","(..) Hollander ballaster schiebe fra Westersøen","Hollandske, Ballaster, Westen af","nee","13906"
"0","139","7","340","386","(..) Hollender laade schiebe fra Østersøen","Hollandske, fra Østersøen","nee","13907"
"0","139","8","389","399","(..) Lubsche Dantzicher oc Wendische schiebe fra Wester oc Øster søen","Lubecker, Dantziger, Wender","nee","13908"
"0","139","9","402","415","(..) Dansche Rostocker oc Hamborger fra Øster oc Westersøen","Danske, Rostocker, Hamborger","nee","13909"
"0","139","10","418","467","(..) Engelsche Schotsche oc Irlandische nationer fra Wester oc Østersøen","Engelske, Skotter, Irlandske","nee","13910"
"0","140","1","9","64","(..) Hollandsche ballaster fra Westersøen","Hollandske, Westen af","nee","14001"
"0","140","2","64","127","(..) Hollandsche ladde skibe fra Østersøen","Hollandske, fra Østersøen","nee","14002"
"0","140","3","129","148","(..) Lijbsche, Bremer, Embder och Dansiger","Lubecker, Bremer, Embder, Dantziger","nee","14003"
"0","140","4","151","162","(..) Dansche skibe","Danske","nee","14004"
"0","140","5","163","180","(..) Hollandsche ballaster fra Westersøen","Hollandske, Westen af","nee","14005"
"0","140","6","182","228","(..) Engelsche och Schotsche nationers skibe","Engelske, Skotter","nee","14006"
"0","140","7","236","289","(..) Hollantsche ballaster","Hollandske, Westen af","nee","14007"
"0","140","8","290","350","(..) Hollandische ladde","Hollandske, fra Østersøen","nee","14008"
"0","140","9","351","361","(..) Lubsche, Dantziger, Coinninxberg oc Rostocker","Lubecker, Dantziger, Konigberger, Rostocker","nee","14009"
"0","140","10","364","375","(..) Dansche, Hamborger oc Rostocher","Danske, Hamborger, Rostocker","nee","14010"
"0","140","11","378","461","(..) Engelsche oc Schotsse nationer","Engelske, Skotter","nee","14011"
"0","140","12","566","595","(..) Hollandsche ballaster","Hollandske, Westen af","nee","14012"
"0","141","1","7","42","(..) Hollandsche ballaster","Hollandske, Westen af","nee","14101"
"0","141","2","45","104","(..) Hollandsche lade schibe fra Østersøen","Hollandske, fra Østersøen","nee","14102"
"0","141","3","105","120","(..) Liubsche Dantziger och Bremer","Lubecker, Dantziger, Bremer","nee","14103"
"0","141","4","121","158","(..) Swensche och Pommersche","Svenske, Pommerske","nee","14104"
"0","141","5","161","203","(..) Engelsche Fransche och Schotsche skibe","Engelske, Frandske, Skotter","nee","14105"
"0","141","6","206","226","(..) Dansche Norsche och Wender","Danske, Norske, Wender","nee","14106"
"0","141","7","234","306","(..) Hollender ballaster schiebe fra Westersøen","Hollandske, Westen af","nee","14107"
"0","141","8","307","369","(..) ladde schiebe fra Østersøen","Ladde, fra Østersøen","nee","14108"
"0","141","9","370","389","(..) Lubsche, Dantzicher oc Bremer oc Wendische","Lubecker, Dantziger, Bremer, Wender","nee","14109"
"0","141","10","390","409","(..) Dansche, Hamobrger oc Rostocker","Danske, Hamborger, Rostocker","nee","14110"
"0","141","11","410","432","(..) Schwensche nationer","Svenske","nee","14111"
"0","141","12","435","472","(..) Engelsche Schotsche oc Irrische nationer","Engelske, Skotter, Irlandske","nee","14112"
"0","142","1","8","85","(..) Hollandsche ballaster som er komenn af Westersøen","Hollandske, Westen af","nee","14201"
"0","142","2","88","173","(..) Hollandsche ladde schibe som er komen af Østerssøen","Hollandske, fra Østersøen","nee","14202"
"0","142","3","176","193","(..) Lubsche Dannssiger Embder och Bremer","Lubecker, Dantziger, Embder, Bremer","nee","14203"
"0","142","4","196","220","(..) Dansche Norsche och Wenndische","Danske, Norske, Wender","nee","14204"
"0","142","5","223","249","(..) Suensche Pomersche och Meckelborgsche schibbe","Svenske, Pommerske, Mecklenborger","nee","14205"
"0","142","6","252","292","(..) Engelsche Frandsche och Schotsche","Engelske, Frandske, Skotter","nee","14206"
"0","142","7","301","384","(..) Hollender ballaster schiebe som aff Westersøen er passered til Østersøen","Hollandske, Westen af","nee","14207"
"0","142","8","387","471","(..) laade Hollender fra Østersøen","Hollandske, fra Østersøen","nee","14208"
"0","142","9","474","487","(..) Lubsche oc Wendische","Lubecker, Wender","nee","14209"
"0","142","10","490","521","(..) Dansche Rostocker oc Hamborger fra Øster oc Wester søen","Danske, Rostocker, Hamborger","nee","14210"
"0","142","11","524","541","(..) Suensche nationer","Svenske","nee","14211"
"0","143","1","7","16","(..) Suensche nationer","Svenske","nee","14301"
"0","143","2","19","77","(..) Engelsche nationer","Engelske","nee","14302"
"0","143","3","166","241","(..) Hollandsche ballaster som er kommen af Wester søenn","Hollandske, Westen af","nee","14303"
"0","143","4","244","341","(..) Hollandsche ladde schibe som er komen af Øster søenn","Hollandske, fra Østersøen","nee","14304"
"0","143","5","344","353","(..) Liubsche Dannssige Embde och Bremer","Lubecker, Dantziger, Embder, Bremer","nee","14305"
"0","143","6","354","371","(..) Engelsche nationer","Engelske","nee","14306"
"0","143","7","374","397","(..) Dansche Norsche och Wendische","Danske, Norske, Wender","nee","14307"
"0","143","8","398","427","(..) Suensche Pomersche och Liflandische","Svenske, Pommerske, Liflander","nee","14308"
"0","143","9","430","464","(..) Engelsche och Schotsche","Engelske, Skotter","nee","14309"
"0","143","10","472","548","(..) Hollandische ballaster oc ladde, som fra Westersøen er indkommen","Hollandske, Westen af","nee","14310"
"0","144","1","7","12","(..) Hollandische ballaster oc ladde, som fra Westersøen er indkommen","Hollandske, Westen af","nee","14401"
"0","144","2","13","97","(..) Hollandische ladde schiebe som fra Østersøen er kommen","Hollandske, fra Østersøen","nee","14402"
"0","144","3","98","118","(..) Lubsche Dantziger oc Wendische schiebe fra Øster oc Westersøen","Lubecker, Dantziger, Wender","nee","14403"
"0","144","4","119","148","(..) Dansche Rostocker oc Hamborger fra Øster oc Westersøen","Danske, Rostocker, Hamborger","nee","14404"
"0","144","5","151","180","(..) Schwensche oc Colberger schiebe som fra Øster oc Westersøen er passerid","Svenske, Colberger","nee","14405"
"0","144","6","181","240","(..) Engelsche Schotsche Irsche oc Fransche nationer","Engelske, Skotter, Irlandske, Frandske","nee","14406"
"0","144","7","369","455","(..) Hollandsche ballaster som er komenn vdaf Wester søenn","Hollandske, Westen af","nee","14407"
"0","144","8","456","533","(..) Hollendische ladde schibbe som er komen af Østerssøen","Hollandske, Embder, Bremer, fra Østersøen","nee","14408"
"0","145","1","7","29","(..) Hollendische ladde schibbe som er komen af Østerssøen","Hollandske, Embder, Bremer, fra Østersøen","nee","14501"
"0","145","2","30","61","(..) Liubske Dannssiger Embder och Bremer","Lubecker, Dantziger, Embder, Bremer","nee","14502"
"0","145","3","64","94","(..) Danske Norsche och Wendische","Danske, Norske, Wender","nee","14503"
"0","145","4","97","130","(..) Swenske Pomersche Liflandsche och Wissmersche","Svenske, Pommerske, Liflander, Wismer","nee","14504"
"0","145","5","133","188","(..) Engelsche och Skottske","Engelske, Skotter","nee","14505"
"0","145","6","196","294","(..) Hollandische ballaster","Hollandske, Westen af","nee","14506"
"0","145","7","295","388","(..) Hollandische ladde","Hollandske, fra Østersøen","nee","14507"
"0","145","8","389","448","(..) Dansche Hamborger oc Rostocker","Danske, Hamborger, Rostocker","nee","14508"
"0","145","9","449","476","(..) Schwensche nationer","Svenske","nee","14509"
"0","145","10","479","553","(..) Engelsche Schotsche Irrische oc Fransche nationer","Engelske, Skotter, Irlandske, Frandske","nee","14510"
"0","146","1","75","164","(..) Hollandsche ballaster som er komen af Wester søenn","Hollandske, Westen af","nee","14601"
"0","146","2","166","265","(..) Hollandsche ladde schibbe som er kommen af Østerssøenn","Hollandske, fra Østersøen","nee","14602"
"0","146","3","266","301","(..) Liubsker Dannssiger Emder och Bremer","Lubecker, Dantziger, Embder, Bremer","nee","14603"
"0","146","4","302","331","(..) Dansche Norsche saa och den som fa mangell af paa pir fra deris nationer wnder di Dannsches rom er indført","Danske, Norske, etc.","nee","14604"
"0","146","5","334","369","(..) Swensche og Pommersche","Svenske, Pommerske","nee","14605"
"0","146","6","373","415","(..) Engelsche och Schotsche","Engelske, Skotter","nee","14606"
"0","146","7","425","512","(..) Hollandische ballaster","Hollandske, Westen af","nee","14607"
"0","146","8","515","549","(..) Hollandische ladde","Hollandske, fra Østersøen","nee","14608"
"0","147","1","7","60","(..) Hollandische ladde","Hollandske, fra Østersøen","nee","14701"
"0","147","2","63","82","(..) Lijbsche och Dantziger","Lubecker, Dantziger","nee","14702"
"0","147","3","85","115","(..) Dansche Rostocker och Hamborger","Danske, Rostocker, Hamborger","nee","14703"
"0","147","4","116","145","(..) Swensche och Colberger","Svenske, Colberger","nee","14704"
"0","147","5","146","203","(..) Engelsche Skottsche och Irlandische","Engelske, Skotter, Irlandske","nee","14705"
"0","147","6","283","379","(..) Hollandsche ballastede schibe som er komenn wdaf Wester søenn","Hollandske, Westen af","nee","14706"
"0","147","7","380","480","(..) Hollandsche ladde schibe som er kommen af Øster ssøenn","Hollandske, fra Østersøen","nee","14707"
"0","147","8","481","507","(..) Liubsche Dannssiger Emder och Bremer","Lubecker, Dantziger, Embder, Bremer","nee","14708"
"0","147","9","508","544","(..) Dannsche Norsche och Wendische","Danske, Norske, Wender","nee","14709"
"0","148","1","7","7","(..) Dannsche Norsche och Wendische","Danske, Norske, Wender","nee","14801"
"0","148","2","8","39","(..) Swensche Liflandische och Pomersche","Svenske, Pommerske, Liflander","nee","14802"
"0","148","3","40","109","(..) Engelsche Frandsche Schotsche och Irlandische","Engelske, Frandske, Skotter, Irlandske","nee","14803"
"0","148","4","118","209","(..) Hollandische ballaster","Hollandske, Westen af","nee","14804"
"0","148","5","212","309","(..) Hollandische ladde","Hollandske, fra Østersøen","nee","14805"
"0","148","6","310","330","(..) Lijbsche och Dantziger","Lubecker, Dantziger","nee","14806"
"0","148","7","333","373","(..) Danske Hamborger och Rostocker","Danske, Hamborger, Rostocker","nee","14807"
"0","148","8","374","409","(..) Swensche och Colberger","Svenske, Colberger","nee","14808"
"0","148","9","412","469","(..) Engelsche Skottsche och Irlendische","Engelske, Skotter, Irlandske","nee","14809"
"0","149","1","8","110","(..) Hollandsche ballastede schibe","Hollandske, Westen af","nee","14901"
"0","149","2","111","209","(..) Hollandsche ladde schibbe som er kommen af Østerssøenn","Hollandske, fra Østersøen","nee","14902"
"0","149","3","210","241","(..) Liubsche Dannssiger Emder och Bremer","Lubecker, Dantziger, Embder, Bremer","nee","14903"
"0","149","4","242","263","(..) Dannsche Norsche och Wendische","Danske, Norske, Wender","nee","14904"
"0","149","5","264","310","(..) Swensche Liflandsche Pomersche och Mickelborgersche","Svenske, Liflander, Pommerske, Mecklenborger","nee","14905"
"0","149","6","311","381","(..) Engellsche och Schotsche samt di wnde samme nation formedels mangell af kom paa sin tilbørlig steder m. kud indføris","Engelske, Skotter, etc.","nee","14906"
"0","149","7","387","481","(..) Hollandsche ballaster som er kommen af Wester soen","Hollandske, Westen af","nee","14907"
"0","149","8","484","518","(..) Hollandsche ladde schiebe som er kommen af Østersøen","Hollandske, fra Østersøen","nee","14908"
"0","150","1","7","71","(..) Hollandsche ladde schiebe som er kommen af Østersøen","Hollandske, fra Østersøen","nee","15001"
"0","150","2","74","93","Lybsche, Dantziger, Køningssberger","Lubecker, Dantziger, Kønigsberger ","nee","15002"
"0","150","3","94","133","Dansche och Norsche er herunter 17 Wendische","Danske, Norske, Wender","nee","15003"
"0","150","4","134","169","Swensche og Colberger","Svenske, Colberger","nee","15004"
"0","150","5","170","237","Engelsche, Skotsche, Frandsche, sampt di Wender","Engelske, Skotter, Frandske, Wender","nee","15005"
"0","150","6","352","441","Hollandscke ballaster","Hollandske, Ballaster, fra Westersøen","nee","15006"
"0","150","7","442","539","Hollandscke lade skibe","Hollandske, Ladde, fra Østersøen","nee","15007"
"0","151","1","7","29","Liubsker, Dantziger, Curlænder, Embder och Bremmer","Lubecker, Dantziger, Curlander, Embder, Bremer","nee","15101"
"0","151","2","30","54","Danske, Norske, Wender, Rostocker etc.","Danske, Norske, Wender, Rostocker","nee","15102"
"0","151","3","55","106","Svendscke og Pommerscke etc.","Svenske, Pommerske","nee","15103"
"0","151","4","107","153","Engelske, Frandsche oc Skotsche etc.","Engelske, Frandske, Skotter","nee","15104"
"0","151","5","160","246","Hollandische ballaster","Hollandske, Ballaster, fra Westersøen","nee","15105"
"0","151","6","247","347","Hollandische ladde","Hollandske, Ladde, fra Østersøen","nee","15106"
"0","151","7","348","367","Lybsche og Dantziger","Lubecker, Dantziger","nee","15107"
"0","151","8","368","407","Dansche, Nordsche, Hamborger och Rostocker","Danske, Norske, Hamborger, Rostocker","nee","15108"
"0","151","9","408","447","Svensche och Colberger","Svenske, Colberger","nee","15109"
"0","151","10","448","507","Engelsche, Skotsche och Frandsche","Engelske, Skotter, Frandske","nee","15110"
"0","152","1","81","166","Hollandske ballaster","Hollandske, Ballaster, fra Westersøen","nee","15201"
"0","152","2","169","262","Hollandske lade skibe","Hollandske, Ladde, fra Østersøen","nee","15202"
"0","152","3","265","284","Liubscher, Dansiger, Embder oc Bremer","Lubecker, Dantziger, Embder, Bremer","nee","15203"
"0","152","4","287","331","Danske, Norske, Wender, Rostocker etc.","Danske, Norske, Wender, Rostocker","nee","15204"
"0","152","5","335","364","Swenscke oc Pommerske etc.","Svenske, Pommerske","nee","15205"
"0","152","6","365","413","Engelske, Frandsche oc Skotsche etc.","Engelske, Frandske, Skotter","nee","15206"
"0","152","7","421","500","Ballaster","Ballaster, Westen af","nee","15207"
"0","152","8","503","527","Hollandische ladde","Hollandske, Ladde, fra Østersøen","nee","15208"
"0","153","1","7","66","Hollandische ladde","Hollandske, Ladde, fra Østersøen","nee","15301"
"0","153","2","69","82","Lybsche och Dantziger","Lubecker, Dantziger","nee","15302"
"0","153","3","83","119","Dansche, Nordsche, Hamborger og Rostocker","Danske, Norske, Hamborger, Rostocker","nee","15303"
"0","153","4","120","156","Svensche och Colberger","Svenske, Colberger","nee","15304"
"0","153","5","157","206","Engelsche, Skotsche och Frandsche","Engelske, Skotter, Frandske","nee","15305"
"0","153","6","274","321","Hollandske ballaster","Hollandske, Ballaster, fra Westersøen","nee","15306"
"0","153","7","322","390","Hollandsche lade skibe","Hollandske, Ladde, fra Østersøen","nee","15307"
"0","153","8","391","413","Liubske, Dantziger, Embder oc Bremer","Lubecker, Dantziger, Embder, Bremer","nee","15308"
"0","153","9","414","458","Danske, Norske, Wender oc Rostocker","Danske, Norske, Wender, Rostocker","nee","15309"
"0","153","10","459","487","Swenske oc Pommerske","Svenske, Pommerske","nee","15310"
"0","153","11","488","524","Engelske, Skotske og Franske","Engelske, Skotter, Frandske","nee","15311"
"0","153","12","525","544","Hollandische ballaster","Hollandske, Ballaster, fra Westersøen","nee","15312"
"0","154","1","7","35","Hollandische ballaster","Hollandske, Ballaster, fra Westersøen","nee","15401"
"0","154","2","38","107","Hollandische ladde","Hollandske, Ladde, fra Østersøen","nee","15402"
"0","154","3","108","124","Lybsche och Dantziger","Lubecker, Dantziger","nee","15403"
"0","154","4","125","162","Dansche, Nordsche, Hamborger och Rostocker","Danske, Norske, Hamborger, Rostocker","nee","15404"
"0","154","5","163","193","Svensche och Colberger","Svenske, Colberger","nee","15405"
"0","154","6","194","217","Engelsche och Skotsche och Fransche","Engelske, Skotter, Frandske","nee","15406"
"0","154","7","276","316","Hollandske ballastede skibe","Hollandske, Ballaster, fra Westersøen","nee","15407"
"0","154","8","317","371","Hollandske lade skibe","Hollandske, Ladde, fra Østersøen","nee","15408"
"0","154","9","372","389","Liubske, Dantziger, Embder oc Bremer","Lubecker, Dantziger, Embder, Bremer","nee","15409"
"0","154","10","390","440","Danske, Norske, Wender oc Rostocker","Danske, Norske, Wender, Rostocker","nee","15410"
"0","154","11","441","476","Swenske oc Pommerske","Svenske, Pommerske","nee","15411"
"0","154","12","477","496","Engelske, Franske og Skotske","Engelske, Frandske, Skotter","nee","15412"
"0","154","13","497","532","Hollandische ballaster","Hollandske, Ballaster, fra Westersøen","nee","15413"
"0","155","1","7","59","Hollandische lade schiebe","Hollandske, Ladde, fra Østersøen","nee","15501"
"0","155","2","60","72","Lybsche og Dantziger schiebe","Lubecker, Dantziger","nee","15502"
"0","155","3","73","115","Dansche, Nordsche og Hamborger og Rostocker schiebe","Danske, Norske, Hamborger, Rostocker","nee","15503"
"0","155","4","116","163","Svensche og Colberger schiebe","Svenske, Colberger","nee","15504"
"0","155","5","164","180","Engelsche og Skottsche schiebe","Engelske, Skotter","nee","15505"
"0","155","6","244","272","Hollandske ballastede skibe","Hollandske, Ballaster, fra Westersøen","nee","15506"
"0","155","7","273","316","Hollandske lade skibe","Hollandske, Ladde, fra Østersøen","nee","15507"
"0","155","8","317","340","Lubske, Dantziger, Embder og Bremer","Lubecker, Dantziger, Embder, Bremer","nee","15508"
"0","155","9","341","402","Danske, Norske, Wendske og Rostocker skibe","Danske, Norske, Wender, Rostocker","nee","15509"
"0","155","10","403","457","Svendske og Pommerske skibe","Svenske, Pommerske","nee","15510"
"0","155","11","458","486","Engelske og Skotske skibe","Engelske, Skotter","nee","15511"
"0","155","12","487","518","Hollander ballastede skiebe, som er kommen fra Vestersøen","Hollandske, Ballaster, fra Westersøen","nee","15512"
"0","155","13","519","527","Hollander lade skiebe, som ere kommen fra Østersøen","Hollandske, Ladde, fra Østersøen","nee","15513"
"0","156","1","7","40","Hollander lade skiebe, som ere kommen fra Østersøen","Hollandske, Ladde, fra Østersøen","nee","15601"
"0","156","2","43","64","Lubsche, Dantziger och Wendische schiebe","Lubecker, Dantziger, Wender","nee","15602"
"0","156","3","68","127","Danscke, Rostocker och Hamborger","Danske, Rostocker, Hamborger","nee","15603"
"0","156","4","128","188","Swensche och Colberger skibe, galioter och skuder","Svenske, Colberger","nee","15604"
"0","156","5","188","210","(..) Engelsche Skottscke och Irlandische nationer","Engelske, Skotter, Irlandske","nee","15605"
"0","156","6","292","321","Hollandske ballastede skibe","Hollandske, Ballaster, fra Westersøen","nee","15606"
"0","156","7","324","368","Hollandske lade skibe","Hollandske, Ladde, fra Østersøen","nee","15607"
"0","156","8","371","394","Liubske, Dantziger, Embder og Bremer","Lubecker, Dantziger, Embder, Bremer","nee","15608"
"0","156","9","397","452","Danske, Norske, Wender og Rostocker","Danske, Norske, Wender, Rostocker","nee","15609"
"0","156","10","455","523","Svendske og Pommerske skibe","Svenske, Pommerske","nee","15610"
"0","156","11","526","535","Engliske og Skotske skibe","Engelske, Skotter","nee","15611"
"0","157","1","7","19","Engliske og Skotske skibe","Engelske, Skotter","nee","15701"
"0","157","2","23","53","Hollandische ballasted skiebe, som er kommen Vesten","Hollandske, Ballaster, fra Westersøen","nee","15702"
"0","157","3","54","108","Holl. lade skiebe","Hollandske, Ladde, fra Østersøen","nee","15703"
"0","157","4","109","132","Lybsche, och Dantziger schiebe","Lubecker, Dantziger","nee","15704"
"0","157","5","133","196","Dansche, Nordsche og Hamborger og Rostocker schiebe","Danske, Norske, Hamborger, Rostocker","nee","15705"
"0","157","6","197","266","Svensche schiebe","Svenske","nee","15706"
"0","157","7","267","288","Engelsche og Skottsche schiebe","Engelske, Skotter","nee","15707"
"0","157","8","360","401","Hollandske ballastede skibe","Hollandske, Ballaster, fra Westersøen","nee","15708"
"0","157","9","402","461","Hollandske lade skibe","Hollandske, Ladde, fra Østersøen","nee","15709"
"0","157","10","462","485","Liubske, Dantziger, Embder og Bremer","Lubecker, Dantziger, Embder, Bremer","nee","15710"
"0","157","11","486","532","Danske, Norske, Wender og Rostocker","Danske, Norske, Wender, Rostocker","nee","15711"
"0","158","1","7","16","Danske, Norske, Wender og Rostocker","Danske, Norske, Wender, Rostocker","nee","15801"
"0","158","2","20","78","Svendske og Pommerske skibe","Svenske, Pommerske","nee","15802"
"0","158","3","79","100","Engelske, Skotske og Franske skibe","Engelske, Skotter, Frandske","nee","15803"
"0","158","4","101","160","Hollandische ballaster som der kommen af Vestersøen","Hollandske, Ballaster, fra Westersøen","nee","15804"
"0","158","5","161","221","Hollander lade skibe fra Østersøen","Hollandske, Ladde, fra Østersøen","nee","15805"
"0","158","6","222","249","Lubsche, Dantziger och Wendische schiebe","Lubecker, Dantziger, Wender","nee","15806"
"0","158","7","250","318","Danske, Rostocker och Hamborger fra Oster och Vester Søen","Danske, Hamborger, Rostocker","nee","15807"
"0","158","8","319","398","Svensche och Colberger schiebe","Svenske, Colberger","nee","15808"
"0","158","9","399","490","Engelsche, Scottsche, Irlandische och Fransche schiebe","Engelske, Skotter, Irlandske, Frandske","nee","15809"
"0","158","10","491","526","Hollandske ballastede skibe","Hollandske, Ballaster, fra Westersøen","nee","15810"
"0","159","1","7","9","Hollandske ballastede skibe","Hollandske, Ballaster, fra Westersøen","nee","15901"
"0","159","2","14","79","Hollandske lade skibe","Hollandske, Ladde, fra Østersøen","nee","15902"
"0","159","3","80","111","Liubske, Dantziger, Embder og Bremer","Lubecker, Dantziger, Embder, Bremer","nee","15903"
"0","159","5","112","177","Danske, Norske, Wender og Rostocker","Danske, Norske, Wender, Rostocker","nee","15905"
"0","159","6","178","250","Svenske og Pommerske skibe","Svenske, Pommerske","nee","15906"
"0","159","7","251","280","Engelske, Skotske og Franske skibe","Engelske, Skotter, Frandske","nee","15907"
"0","159","8","281","308","Holl. ballastede schiebe som ere kommen Vesten af","Hollandske, Ballaster, fra Westersøen","nee","15908"
"0","159","9","309","354","Hollansche lade schiebe som kommen fra Østersøen","Hollandske, Ladde, fra Østersøen","nee","15909"
"0","159","10","355","371","Lybske, Dantziger og Kønigssberger","Lubecker, Dantziger, Kønigsberger ","nee","15910"
"0","159","11","372","440","Danske, Nordske och Wendiske, som alle di Svendske, som ingen søebref hafuer haftt at frembtvisse","Danske, Norske, Wender, Svenske, ingen rigtig Søebref","nee","15911"
"0","159","12","441","496","Svendske schiebe","Svenske","nee","15912"
"0","159","13","497","515","Engelsche, Irlandsche, Skotsche, och Frandsche nationer","Engelske, Irlandske, Skotter, Frandske","nee","15913"
"0","160","1","24","68","Hollandske ballastede skibe","Hollandske, Ballaster, fra Westersøen","nee","16001"
"0","160","2","69","122","Hollandske lade skibe","Hollandske, Ladde, fra Østersøen","nee","16002"
"0","160","3","123","147","Liubske, Dantziger, Embder og Bremer","Lubecker, Dantziger, Embder, Bremer","nee","16003"
"0","160","4","148","199","Danske, Norske, Wender og Rostocker","Danske, Norske, Wender, Rostocker","nee","16004"
"0","160","5","200","251","Svendske og Pommerske skibe","Svenske, Pommerske","nee","16005"
"0","160","6","252","270","Engelske, Skotske og Franske skibe","Engelske, Skotter, Frandske","nee","16006"
"0","160","7","281","314","Ballastede schibe og gods fra Vestersøen","Ballaster, Westen af","nee","16007"
"0","160","8","315","369","Ladde schibe og gods fra Østersøen","Ladde, fra Østersøen","nee","16008"
"0","160","9","370","386","Lybsche, Dantziger og Elbinger","Lubecker, Dantziger, Elbinger","nee","16009"
"0","160","10","387","453","Dansche, Norsche, sampt Colberger og Rostoker, og en deel Suensche som ingen rigtig Søebref","Danske, Norske, Colberger, Rostocker, Svenske, ingen rigtig Søebref","nee","16010"
"0","160","11","454","508","Suensche","Svenske","nee","16011"
"0","160","12","509","524","Engelsche og Fransche","Engelske, Frandske","nee","16012"
"0","161","1","52","77","Hollandske ballastede skibe","Hollandske, Ballaster, fra Westersøen","nee","16101"
"0","161","2","80","122","Hollandske lade skibe","Hollandske, Ladde, fra Østersøen","nee","16102"
"0","161","3","125","139","Liubske, Dantziger, Embder og Bremer","Lubecker, Dantziger, Embder, Bremer","nee","16103"
"0","161","4","142","191","Danske, Norske, Wender og Rostocker","Danske, Norske, Wender, Rostocker","nee","16104"
"0","161","5","194","236","Svendske og Pommerske skibe","Svenske, Pommerske","nee","16105"
"0","161","6","239","258","Engelske, Skotske og Franske skibe","Engelske, Skotter, Frandske","nee","16106"
"0","161","7","265","283","Ballastede schibbe og goedz fra Westersøen","Ballaster, Westen af","nee","16107"
"0","161","8","286","316","Ladde schibbe og godz fra Østersøen","Ladde, fra Østersøen","nee","16108"
"0","161","9","319","331","Lijbsche Dantziger og Elbinger","Lubecker, Dantziger, Elbinger","nee","16109"
"0","161","10","334","382","Dansche og Norsche sampt Rostocher og Colberger, item en dell Suensche som ingen rigtig søebrefur hafuer hafft","Danske, Norske, Rostocker, Colberger, Svenske, ingen rigtig Søebref","nee","16110"
"0","161","11","385","424","Suensche er schibbe schuder og galioter","Svenske","nee","16111"
"0","161","12","427","443","Engelsche og Frandsche","Engelske, Frandske","nee","16112"
"0","162","1","8","37","Hollandske ballastede skibe","Hollandske, Ballaster, fra Westersøen","nee","16201"
"0","162","2","38","78","Hollandske lade skibe","Hollandske, Ladde, fra Østersøen","nee","16202"
"0","162","3","79","97","Liubske, Dantziger, Embder og Bremer","Lubecker, Dantziger, Embder, Bremer","nee","16203"
"0","162","4","98","139","Danske, Norske, Wender og Rostoker","Danske, Norske, Wender, Rostocker","nee","16204"
"0","162","5","140","185","Svendske og Pommerske","Svenske, Pommerske","nee","16205"
"0","162","6","186","207","Engelske, Skotske og Franske skibe","Engelske, Skotter, Frandske","nee","16206"
"0","162","7","208","232","Ballastede schibbe og gods fra Vestersøen","Ballaster, Westen af","nee","16207"
"0","162","8","233","264","Ladde schibe og gods fra Østersøen","Ladde, fra Østersøen","nee","16208"
"0","162","9","265","277","Lybsche, Dantziger og Elbinger","Lubecker, Dantziger, Elbinger","nee","16209"
"0","162","10","278","319","Dansche og Norsche, sampt Colberger og Rostocher, item endell Suensche som ingen rigtig Søebrefue","Danske, Norske, Rostocker, Colberger, Svenske, ingen rigtig Søebref","nee","16210"
"0","162","11","320","361","Suendsche","Svenske","nee","16211"
"0","162","12","362","371","Engelsche og Fransche","Engelske, Frandske","nee","16212"
"0","162","13","416","474","Hollandske ballastede skibe","Hollandske, Ballaster, fra Westersøen","nee","16213"
"0","162","14","475","521","Hollandske lade skibe","Hollandske, Ladde, fra Østersøen","nee","16214"
"0","163","1","7","34","Hollandske lade skibe","Hollandske, Ladde, fra Østersøen","nee","16301"
"0","163","2","36","61","Dantziger, Liubske, Embder og Bremer","Bremer, Dantziger, Embder, Lubecker","nee","16302"
"0","163","3","62","103","Danske, Norske, Wender og Rostocker","Danske, Norske, Wender, Rostocker","nee","16303"
"0","163","4","104","152","Svendske og Pommerske skibe","Svenske, Pommerske","nee","16304"
"0","163","5","153","198","Engelske, Skotske og Franske skibe","Engelske, Skotter, Frandske","nee","16305"
"0","163","6","199","250","Ballastede schibbe og gods fra Vestersøen","Ballaster, Westen af","nee","16306"
"0","163","7","251","306","Ladde schibe og goeds fra Østersøen","Ladde, fra Østersøen","nee","16307"
"0","163","8","307","320","Lybscher, Dantziger og Elbinger","Lubecker, Dantziger, Elbinger","nee","16308"
"0","163","9","321","361","Dansche og Norsche, sampt Rostocher og Colberger, item ofuer endell Suensche som ingen rigtig Søebref","Danske, Norske, Hamborger, Rostocker, Colberger, Svenske, ingen rigtig Søebref","nee","16309"
"0","163","10","362","406","Svensche schibbe, schude og galioter","Svenske","nee","16310"
"0","163","11","407","436","Engelsche og Fransche","Engelske, Frandske","nee","16311"
"0","164","1","125","181","Hollandske ballastede skibe","Hollandske, Ballaster, fra Westersøen","nee","16401"
"0","164","2","182","249","Hollandske lade skibe","Hollandske, Ladde, fra Østersøen","nee","16402"
"0","164","3","250","271","Dantziger, Liubske, Embder og Bremer","Bremer, Dantziger, Embder, Lubecker","nee","16403"
"0","164","4","272","311","Danske, Norske, Wender og Rostocker","Danske, Norske, Wender, Rostocker","nee","16404"
"0","164","5","312","351","Svenske og Pommerske skibe","Svenske, Pommerske","nee","16405"
"0","164","6","352","400","Engelske, Skotske og Fradske skibe","Engelske, Skotter, Frandske","nee","16406"
"0","164","7","401","450","Hollandsche ballaster og lade schibbe fra Vestersøen","Hollandske, Ladde, Ballaster, skibe, til Østersøen","nee","16407"
"0","164","8","451","515","Ladde schibbe fra Østersøen","Ladde, fra Østersøen","nee","16408"
"0","164","9","516","527","Lybsche, Dantziger","Lubecker, Dantziger","nee","16409"
"0","164","10","528","532","Dansche og Norsche sampt Hamborger, Rostoher og Colberger, item en dell Suensche som ingen rigtig søebref","Danske, Norske, Hamborger, Rostocker, Colberger, Svenske, ingen rigtig Søebref","nee","16410"
"0","165","1","7","40","Dansche og Norsche sampt Hamborger, Rostoher og Colberger, item en dell Suensche som ingen rigtig søebref","Danske, Norske, Hamborger, Rostocker, Colberger, Svenske, ingen rigtig Søebref","nee","16501"
"0","165","2","41","74","Suendsche er schibbe, schuder og galioter","Svenske","nee","16502"
"0","165","3","75","184","Engelsche, Schotsche og Frandsche","Engelske, Skotter, Frandske","nee","16503"
"0","165","4","185","237","Hollandske ballastede skibe","Hollandske, Ballaster, fra Westersøen","nee","16504"
"0","165","5","238","289","Hollandske lade skibe","Hollandske, Ladde, fra Østersøen","nee","16505"
"0","165","6","290","306","Luibske, Dantziger, Embder og Bremer","Lubecker, Dantziger, Embder, Bremer","nee","16506"
"0","165","7","307","337","Danske, Norske, Wender og Rostocker","Danske, Norske, Wender, Rostocker","nee","16507"
"0","165","8","338","353","Svendske og Pommerske skibe","Svenske, Pommerske","nee","16508"
"0","165","9","354","410","Engelske, Skotske og Franske skibe","Engelske, Skotter, Frandske","nee","16509"
"0","165","10","411","459","Hollandsche ballaster og lade schibbe fra Vestersøen","Hollandske, Ladde, Ballaster, skibe, til Østersøen","nee","16510"
"0","165","11","460","507","Lade schibbe fra Østersøen","Ladde, fra Østersøen","nee","16511"
"0","165","12","508","516","Lybsche og Danssiger","Lubecker, Dantziger","nee","16512"
"0","165","13","517","531","Dansche og Norsche, sampt Hamborger og Colberger, item endell Suensche, som ingen rigtig søebref har hafft. Schibbe, Schuder og Galiot.","Danske, Norske, Hamborger, Rostocker, Colberger, Svenske, ingen rigtig Søebref","nee","16513"
"0","166","1","7","19","Dansche og Norsche, sampt Hamborger og Colberger, item endell Suensche, som ingen rigtig søebref har hafft. Schibbe, Schuder og Galiot.","Danske, Norske, Hamborger, Rostocker, Colberger, Svenske, ingen rigtig Søebref","nee","16601"
"0","166","2","20","31","Suendsche","Svenske","nee","16602"
"0","166","3","32","83","Engelsche, Schotsche og Frandsche","Engelske, Skotter, Frandske","nee","16603"
"0","166","4","155","205","Hollandske ballastede skibe","Hollandske, Ballaster, fra Westersøen","nee","16604"
"0","166","6","206","253","Hollandske lade skibe","Hollandske, Ladde, fra Østersøen","nee","16606"
"0","166","7","254","271","Luibske, Dantziger, Embder og Bremer","Lubecker, Dantziger, Embder, Bremer","nee","16607"
"0","166","8","272","314","Danske, Norske, Wender og Rostocker","Danske, Norske, Wender, Rostocker","nee","16608"
"0","166","9","315","358","Svendske og Pommerske skibe","Svenske, Pommerske","nee","16609"
"0","166","10","359","400","Engelske, Skotske og Franske skibe","Engelske, Skotter, Frandske","nee","16610"
"0","166","11","401","441","Lade og ballastede schibbe fra Vestersøen","Ballaster, Ladde, fra Westersøen","nee","16611"
"0","166","12","442","476","Lade schibbe fra Østersøen","Ladde, fra Østersøen","nee","16612"
"0","166","13","477","487","Lubsche og Danssiger","Lubecker, Dantziger","nee","16613"
"0","166","14","488","516","Dansche og Norsche sampt Hamborger, Rostocher og Colberger, item en dell Suensche som ingen rigtig søebref har hafft","Danske, Norske, Hamborger, Rostocker, Colberger, Svenske, ingen rigtig Søebref","nee","16614"
"0","167","1","7","9","Dansche og Norsche sampt Hamborger, Rostocher og Colberger, item en dell Suensche som ingen rigtig søebref har hafft","Danske, Norske, Hamborger, Rostocker, Colberger, Svenske, ingen rigtig Søebref","nee","16701"
"0","167","2","10","39","Suendsche er in alles schibbe, schuder og galioter","Svenske","nee","16702"
"0","167","3","40","93","Engelsche, Schotsche og Frandsche","Engelske, Skotter, Frandske","nee","16703"
"0","167","4","94","127","Hollandske ballastede skibe","Hollandske, Ballaster, fra Westersøen","nee","16704"
"0","167","5","128","169","Hollandske lade skibe","Hollandske, Ladde, fra Østersøen","nee","16705"
"0","167","6","170","188","Liubske, Dantziger, Embder og Bremer","Lubecker, Dantziger, Embder, Bremer","nee","16706"
"0","167","7","189","232","Danske, Norske, Wender og Rostocker","Danske, Norske, Wender, Rostocker","nee","16707"
"0","167","8","233","276","Svendske og Pommerske skibe","Svenske, Pommerske","nee","16708"
"0","167","9","277","303","Engelske, Skotske og Franske skibe","Engelske, Skotter, Frandske","nee","16709"
"0","167","10","304","329","Ballastede og lade schibbe fra Vestersøen, er in alles schibbe","Ballaster, Westen af","nee","16710"
"0","167","11","330","361","Ladde schibbe fra Østersøen er in alles schibbe","Ladde, fra Østersøen","nee","16711"
"0","167","12","362","369","Lybsche og Dantziger","Lubecker, Dantziger","nee","16712"
"0","167","13","370","404","Dansche og Norsche sampt Hamborger, Rostocher og Colberger, item en dell Suensche som ingen rigtig søebref har hafft","Danske, Norske, Hamborger, Rostocker, Colberger, Svenske, ingen rigtig Søebref","nee","16713"
"0","167","14","405","431","Suendsche er schibbe, schuder og galioter","Svenske","nee","16714"
"0","167","15","432","474","Engelsche og Frandsche","Engelske, Frandske","nee","16715"
"0","167","16","475","506","Hollandske ballastede skibbe","Hollandske, Ballaster, fra Westersøen","nee","16716"
"0","167","17","507","518","Hollandske lade skibbe","Hollandske, Ladde, fra Østersøen","nee","16717"
"0","168","1","7","31","Hollandske lade skibbe","Hollandske, Ladde, fra Østersøen","nee","16801"
"0","168","2","32","47","Lubsker, Dantziger, Embder og Bremer","Lubecker, Dantziger, Embder, Bremer","nee","16802"
"0","168","3","48","85","Danske Norske Rostocker skibe","Danske, Norske, Rostocker","nee","16803"
"0","168","4","86","131","Suendske og Pommerske skibbe","Svenske, Pommerske","nee","16804"
"0","168","5","132","157","Engelske, Skotske og Franske","Engelske, Skotter, Frandske","nee","16805"
"0","168","6","158","191","Hollandsche ballastede schibe","Hollandske, Ballaster, fra Westersøen","nee","16806"
"0","168","7","192","228","Hollandsche lade schibe","Hollandske, Ladde, fra Østersøen","nee","16807"
"0","168","8","229","244","Liubsche, Dantziger, Embder og Bremer","Lubecker, Dantziger, Embder, Bremer","nee","16808"
"0","168","9","245","287","Dansche og Norsche, Wender og Rostocher","Danske, Norske, Wender, Rostocker","nee","16809"
"0","168","10","288","336","Svensche og Pommersche schibe","Svenske, Pommerske","nee","16810"
"0","168","11","337","362","Engelsche, Schotsche og Frandsche","Engelske, Skotter, Frandske","nee","16811"
"0","168","12","363","397","Hollandske ballastede skibbe","Hollandske, Ballaster, fra Westersøen","nee","16812"
"0","168","13","398","444","Hollandske lade skibe","Hollandske, Ladde, fra Østersøen","nee","16813"
"0","168","14","445","463","Lubske, Dantziger, Embder og Bremer","Lubecker, Dantziger, Embder, Bremer","nee","16814"
"0","168","15","464","518","Danske, Norske, Rostocker og Wender","Danske, Norske, Rostocker, Wender","nee","16815"
"0","168","16","519","532","Suendske og Pommerske","Svenske, Pommerske","nee","16816"
"0","169","1","7","46","Suendske og Pommerske","Svenske, Pommerske","nee","16901"
"0","169","2","47","75","Engelske, Skotske og Franske","Engelske, Skotter, Frandske","nee","16902"
"0","169","3","76","120","Hollandske ballastede skibe kommen fra Vestersøen","Hollandske, Ballaster, fra Westersøen","nee","16903"
"0","169","4","121","173","Hollandsche lade schibe kommen fra Østersøen","Hollandske, Ladde, fra Østersøen","nee","16904"
"0","169","5","174","193","Liubsche, Hamborger, Dantziger og Bremer","Lubecker, Hamborger, Dantziger, Bremer","nee","16905"
"0","169","6","194","245","Dansche, Norsche, Wender og Rostocher","Danske, Norske, Wender, Rostocker","nee","16906"
"0","169","7","246","303","Svensche og Pommersche schibe","Svenske, Pommerske","nee","16907"
"0","169","8","304","337","Engelsche, Schotsche og Frandsche","Engelske, Skotter, Frandske","nee","16908"
"0","169","9","338","364","Hollandske ballastede skibe","Hollandske, Ballaster, fra Westersøen","nee","16909"
"0","169","10","365","398","Hollandske lade skibe","Hollandske, Ladde, fra Østersøen","nee","16910"
"0","169","11","399","416","Lubske, Dantziger, Embder og Bremer","Lubecker, Dantziger, Embder, Bremer","nee","16911"
"0","169","12","417","469","Danske, Norske, Rostocker og Wender","Danske, Norske, Rostocker, Wender","nee","16912"
"0","169","13","470","522","Svendske, Pommerske","Svenske, Pommerske","nee","16913"
"0","169","14","523","544","Engelske, Skotske og Franske","Engelske, Skotter, Frandske","nee","16914"
"0","170","1","9","43","Hollansche ballastede skibe kommen fra Wester Søen","Hollandske, Ballaster, fra Westersøen","nee","17001"
"0","170","2","44","84","Hollansche ladde skibe kommen fra Østerssøen","Hollandske, Ladde, fra Østersøen","nee","17002"
"0","170","3","85","106","Lubsche, Hamborger, Dantziger og Bremer schibe","Lubecker, Hamborger, Dantziger, Bremer","nee","17003"
"0","170","4","107","171","Dansche, Norsche, Wender og Rostoker schibe","Danske, Norske, Wender, Rostocker","nee","17004"
"0","170","5","172","228","Svensche og Pommersche schibe","Svenske, Pommerske","nee","17005"
"0","170","6","229","293","Engelsche, Scottsche og Fransche schibe","Engelske, Skotter, Frandske","nee","17006"
"0","170","7","294","319","Hollandske ballastede skibe","Hollandske, Ballaster, fra Westersøen","nee","17007"
"0","170","8","320","353","Hollandske lade skibe","Hollandske, Ladde, fra Østersøen","nee","17008"
"0","170","9","354","372","Lubske, Dantziger, Embder og Bremer","Lubecker, Dantziger, Embder, Bremer","nee","17009"
"0","170","10","373","424","Danske, Norske, Rostoker og Wender","Danske, Norske, Rostocker, Wender, skibe","nee","17010"
"0","170","11","425","478","Svenske, Pommerske","Svenske, Pommerske","nee","17011"
"0","170","12","479","501","Engelske, Skotske, Franske","Engelske, Skotter, Frandske","nee","17012"
"0","170","13","502","536","Hollandsche ballastede schibe kommen fra Wester Søen","Hollandske, Ballaster, fra Westersøen","nee","17013"
"0","171","1","7","50","Hollansche lade schibe kommen fra Østersøen","Hollandske, Ladde, fra Østersøen","nee","17101"
"0","171","2","53","70","Liubsche, Dandtziger, Embder og Bremer","Lubecker, Dantziger, Embder, Bremer","nee","17102"
"0","171","3","73","131","Dansche, Norsche, Rostocker","Danske, Norske, Rostocker","nee","17103"
"0","171","4","134","187","Swensche och Pommersche","Svenske, Pommerske","nee","17104"
"0","171","5","188","210","Engelsche, Schotsche og Frandsche","Engelske, Skotter, Frandske","nee","17105"
"0","171","6","217","236","Hollandske ballastede","Hollandske, Ballaster, fra Westersøen","nee","17106"
"0","171","7","239","265","Hollandske lade skibe","Hollandske, Ladde, fra Østersøen","nee","17107"
"0","171","8","268","280","Lubske, Dantziger, Embder og Bremer","Lubecker, Dantziger, Embder, Bremer","nee","17108"
"0","171","9","283","330","Danske, Norske, Rostoker og Wender","Danske, Norske, Rostocker, Wender, skibe","nee","17109"
"0","171","10","333","377","Svenske , Pommerske","Svenske, Pommerske","nee","17110"
"0","171","11","380","398","Engelske, Skotske, Franske skibe","Engelske, Skotter, Frandske","nee","17111"
"0","171","12","405","434","Hollandske ballastede schibe kommen fra Wester søen","Hollandske, Ballaster, fra Westersøen","nee","17112"
"0","171","13","437","469","Hollandsche lade schibe kommen fra Øster-søen","Hollandske, Ladde, fra Østersøen","nee","17113"
"0","171","14","472","488","Liubsche Dandtziger, Embder og Bremer","Lubecker","nee","17114"
"0","171","15","491","533","Dansche, Norsche og Rostocher","Danske, Norske, Rostocker","nee","17115"
"0","172","1","6","21","Dansche, Norsche og Rostocher","Danske, Norske, Rostocker","nee","17201"
"0","172","2","24","74","Svensche og Pommersche","Svenske, Pommerske","nee","17202"
"0","172","3","75","173","Engelsche, Schottsche og Fransche","Engelske, Skotter, Frandske","nee","17203"
"0","172","4","174","206","Hollandske skibe fra Wester Sion","Hollandske, fra Westersøen","nee","17204"
"0","172","6","207","240","Hollandske lade skibe fra Øster Siøen","Hollandske, Ladde, fra Østersøen","nee","17206"
"0","172","7","241","262","Lubske, Dantziger, Embder og Bremer","Lubecker, Dantziger, Embder, Bremer","nee","17207"
"0","172","8","263","313","Danske, Norske, Wender og Rostocker","Danske, Norske, Wender, Rostocker","nee","17208"
"0","172","9","314","361","Svenske og Pommerske skibe","Svenske, Pommerske","nee","17209"
"0","172","10","362","386","Engelske, Skotske og Franske","Engelske, Skotter, Frandske","nee","17210"
"0","172","11","387","424","Hollandsche indkommene schibe","Hollandske, fra Westersøen","nee","17211"
"0","172","12","425","465","Hollansche udgaainde schibe","Hollandske, Ladde, fra Østersøen","nee","17212"
"0","172","13","466","490","Lubsche, Dantziger, Embder og Bremer","Lubecker, Dantziger, Embder, Bremer","nee","17213"
"0","172","14","491","527","Dansche, Norsche, Rostocher","Danske, Norske, Rostocker","nee","17214"
"0","173","1","26","48","Dansche, Norsche, Rostocher","Danske, Norske, Rostocker","nee","17301"
"0","173","2","51","100","Svensche og Pommersche schibe","Svenske, Pommerske","nee","17302"
"0","173","3","103","128","Engelsche, Schotsche og Fransche","Engelske, Skotter, Frandske","nee","17303"
"0","173","4","204","230","Hollandske skibe kommen fra Wester søen","Hollandske, fra Westersøen","nee","17304"
"0","173","5","233","264","Hollandske skibe kommen fra Øster søen","Hollandske, fra Østersøen","nee","17305"
"0","173","6","267","280","Lubske dantziger Embder og Bræmer skibe","Lubecker, Dantziger, Embder, Bremer","nee","17306"
"0","173","7","285","325","Danske Norske Wender og Rostocker","Danske, Norske, Wender, Rostocker","nee","17307"
"0","173","8","329","357","Svenske og Pommerske","Svenske, Pommerske","nee","17308"
"0","173","9","359","375","Engelske, Skotske og Franske skibe","Engelske, Skotter, Frandske","nee","17309"
"0","173","10","382","406","Hollandsche indkommene schibe","Hollandske, fra Westersøen","nee","17310"
"0","173","11","409","449","Hollandsche udgaaende schibe","Hollandske, Ladde, fra Østersøen","nee","17311"
"0","173","12","452","472","Liubsche Dantziger Embder og Bremer","Lubecker, Dantziger, Embder, Bremer","nee","17312"
"0","173","13","475","494","Dansche Norsche Rostocher","Danske, Norske, Rostocker","nee","17313"
"0","174","1","8","35","Dansche Norsche Rostocher","Danske, Norske, Rostocker","nee","17401"
"0","174","2","36","72","Svensche og Pommersche schibe","Svenske, Pommerske","nee","17402"
"0","174","3","73","132","Engelsche, Schottsche og Fransche","Engelske, Skotter, Frandske","nee","17403"
"0","174","4","133","172","Hollandske skibe kommen fra Wester Soen","Hollandske, fra Westersøen","nee","17404"
"0","174","5","173","212","Hollandske skibe kommen fra Øster Soen","Hollandske, fra Østersøen","nee","17405"
"0","174","6","213","239","Lubske, Dantziger, Embder og Bremer","Lubecker, Dantziger, Embder, Bremer","nee","17406"
"0","174","7","240","260","Danske, Norske, Wender og Rostocker","Danske, Norske, Wender, Rostocker","nee","17407"
"0","174","8","261","276","Pommerske skibe","Pommerske","nee","17408"
"0","174","9","277","305","Engelske, Skotske og Franske skibe","Engelske, Skotter, Frandske","nee","17409"
"0","174","10","306","348","Hollandske skibe kommen fra Wester Søen","Hollandske, fra Westersøen","nee","17410"
"0","174","11","349","392","Hollandske skibe kommen fra Øster Søen","Hollandske, fra Østersøen","nee","17411"
"0","174","12","393","412","Lubske, Dantziger, Embder og Bremer skibe","Lubecker, Dantziger, Embder, Bremer","nee","17412"
"0","174","13","413","432","Danske, Norske, Wender og Rostocker skibe","Danske, Norske, Wender, Rostocker","nee","17413"
"0","174","14","433","445","Svendske og Pommerske skibe, galliother og skuder","Svenske, Pommerske","nee","17414"
"0","174","15","446","470","Engelske, Skotske og Franscke skibe","Engelske, Skotter, Frandske","nee","17415"
"0","175","1","8","48","Hollandske skibe kommen fra Wester Soen","Hollandske, fra Westersøen","nee","17501"
"0","175","2","49","81","Hollandske skibe kommen fra Øster Soen","Hollandske, fra Østersøen","nee","17502"
"0","175","3","82","108","Lubske, Dantziger, Embder og Bremer","Lubecker, Dantziger, Embder, Bremer","nee","17503"
"0","175","4","109","127","Danske, Norske, Wender og Rostocker","Danske, Norske, Wender, Rostocker","nee","17504"
"0","175","5","128","137","Svenske og Pommerske skibe","Svenske, Pommerske","nee","17505"
"0","175","6","138","165","Stor Britanniske og Franske skibe","Stor Brittaniske, Frandske","nee","17506"
"0","175","7","166","188","Hollandske skibe kommen fra Øster Søen","Hollandske, fra Østersøen","nee","17507"
"0","175","8","189","235","Hollandske skibe kommen fra Wester Søen","Hollandske, fra Westersøen","nee","17508"
"0","175","9","236","273","Hollandske skibe kommen fra Øster Søen","Hollandske, fra Østersøen","nee","17509"
"0","175","10","274","295","Lubske, Dantziger, Embder og Bræmer skibe","Lubecker, Dantziger, Embder, Bremer","nee","17510"
"0","175","11","296","308","Danske, Norske, Wender og Rostocker skibe","Danske, Norske, Wender, Rostocker","nee","17511"
"0","175","12","309","316","Svenske og Pommerkse skibe galliother","Svenske, Pommerske","nee","17512"
"0","175","13","317","339","Engelske, Skotske og Franske skibe","Engelske, Skotter, Frandske","nee","17513"
"0","175","14","340","497","Hollandske skibe kommen fra Øster Søen","Hollandske, fra Østersøen","nee","17514"
"0","175","15","498","514","Hollandske skibe kommen fra Wester Sioen","Hollandske, fra Westersøen","nee","17515"
"0","176","1","7","31","Hollandske skibe kommen fra Wester Sioen","Hollandske, fra Westersøen","nee","17601"
"0","176","2","32","74","Hollandske skibe kommen fra Øster Soen","Hollandske, fra Østersøen","nee","17602"
"0","176","3","75","107","Lubske, Dantziger, Embder og Bremer","Lubecker, Dantziger, Embder, Bremer","nee","17603"
"0","176","4","108","124","Danske, Norske, Wender og Rostocker","Danske, Norske, Wender, Rostocker","nee","17604"
"0","176","5","125","133","Svenske og Pommerske skibe","Svenske, Pommerske","nee","17605"
"0","176","6","134","172","Stor Britanniske skibe","Stor Brittaniske","nee","17606"
"0","176","7","173","220","Hollandske skibe kommen fra Wester Søen","Hollandske, fra Westersøen","nee","17607"
"0","176","8","221","269","Hollandske skibe kommen fra Øster Søen","Hollandske, fra Østersøen","nee","17608"
"0","176","9","270","294","Lubske, Dantziger, Embder og Bremer skibe","Lubecker, Dantziger, Embder, Bremer","nee","17609"
"0","176","10","295","311","Danske, Norske, Wender og Rostocker skibe","Danske, Norske, Wender, Rostocker","nee","17610"
"0","176","11","312","320","Svenske og Pommerske skibe","Svenske, Pommerske","nee","17611"
"0","176","12","321","391","Engelske og Franske skibe","Engelske, Frandske","nee","17612"
"0","176","13","392","447","Hollandske skibe kommen fra Wester Siøn","Hollandske, fra Westersøen","nee","17613"
"0","176","14","448","503","Hollandske skibe kommen fra Øster Soen","Hollandske, fra Østersøen","nee","17614"
"0","176","15","504","528","Lubske, Dantziger, Embder og Bremer","Lubecker, Dantziger, Embder, Bremer","nee","17615"
"0","177","1","7","16","Lubske, Dantziger, Embder og Bremer","Lubecker, Dantziger, Embder, Bremer","nee","17701"
"0","177","2","17","32","Danske, Norske, Wender og Rostocker","Danske, Norske, Wender, Rostocker","nee","17702"
"0","177","3","33","46","Svenske og Pommerske skibe","Svenske, Pommerske","nee","17703"
"0","177","4","47","97","Stor Britannische og Franske skibe","Stor Brittaniske, Frandske","nee","17704"
"0","177","5","98","153","Hollandske skibe kommen fra Wester Søen","Hollandske, fra Westersøen","nee","17705"
"0","177","6","154","208","Hollandske lade skibe kommen fra Øster Søen","Hollandske, Ladde, fra Østersøen","nee","17706"
"0","177","7","209","222","Danske, Norske, Wender og Rostocker skibe","Danske, Norske, Wender, Rostocker","nee","17707"
"0","177","8","223","250","Lubske, Dantziger, Embder, Bremer skibe","Lubecker, Dantziger, Embder, Bremer","nee","17708"
"0","177","9","251","260","Svendske, og Pommersk, skibe","Svenske, Pommerske","nee","17709"
"0","177","10","261","355","Engelske, Franske, skibe","Engelske, Frandske","nee","17710"
"0","177","11","356","412","Hollandske skibe kommen fra Wester Soen","Hollandske, fra Westersøen","nee","17711"
"0","177","12","413","471","Hollandske skibe kommen fra Øster Søen","Hollandske, fra Østersøen","nee","17712"
"0","177","13","472","507","Lubske, Dantziger, Embder og Bremer","Lubecker, Dantziger, Embder, Bremer","nee","17713"
"0","177","14","508","524","Danske, Norske, Wender og Rostocker","Danske, Norske, Wender, Rostocker","nee","17714"
"0","177","15","525","536","Svenske og Pommerske skibe","Svenske, Pommerske","nee","17715"
"0","178","1","7","12","Svenske og Pommerske skibe","Svenske, Pommerske","nee","17801"
"0","178","2","13","72","Stor Britannische og Franske skibe","Stor Brittaniske, Frandske","nee","17802"
"0","178","3","73","128","Hollandske skibe fra Wester Søen","Hollandske, fra Westersøen","nee","17803"
"0","178","4","129","179","Hollandske skibe fra Øster Søen","Hollandske, fra Østersøen","nee","17804"
"0","178","5","180","213","Lubske, Dantziger, Embder og Bremer","Lubecker, Dantziger, Embder, Bremer","nee","17805"
"0","178","6","214","230","Danske, Norske, Wender og Rostocker","Danske, Norske, Wender, Rostocker","nee","17806"
"0","178","7","231","242","Svenske og Pommerske skibe","Svenske, Pommerske","nee","17807"
"0","178","8","243","362","Engelske og Franske","Engelske, Frandske","nee","17808"
"0","178","9","363","399","Hollandske skibe kommen fra Wester Søen","Hollandske, fra Westersøen","nee","17809"
"0","178","10","400","436","Hollandske skibe kommen fra Øster Søen","Hollandske, fra Østersøen","nee","17810"
"0","178","11","437","462","Lubske, Dantziger, Embder og Bremer","Lubecker, Dantziger, Embder, Bremer","nee","17811"
"0","178","12","463","478","Danske, Norske, Wender og Rostocker","Danske, Norske, Wender, Rostocker","nee","17812"
"0","178","13","479","482","Svenske og Pommerske skibe","Svenske, Pommerske","nee","17813"
"0","178","15","483","525","Stor Britannische og Franske skibe","Stor Brittaniske, Frandske","nee","17815"
"0","179","1","9","55","Hollandske skibe kommen fra Wester Søen","Hollandske, fra Westersøen","nee","17901"
"0","179","2","56","94","Hollandske skibe kommen fra Øster Søen","Hollandske, fra Østersøen","nee","17902"
"0","179","3","95","114","Lubske, Dantziger, Embder og Bremer","Lubecker, Dantziger, Embder, Bremer","nee","17903"
"0","179","4","115","128","Danske, Norske, Wender og Rostocker","Danske, Norske, Wender, Rostocker","nee","17904"
"0","179","5","129","212","Engelske og Franske","Engelske, Frandske","nee","17905"
"0","179","6","213","248","Hollandske skibe kommen fra Wester Søen","Hollandske, fra Westersøen","nee","17906"
"0","179","7","249","278","Hollandske skibe kommen fra Øster Søen","Hollandske, fra Østersøen","nee","17907"
"0","179","8","279","299","Lubske, Dantziger, Embder og Bremer","Lubecker, Dantziger, Embder, Bremer","nee","17908"
"0","179","9","300","312","Danske, Norske, Wender og Rostocker","Danske, Norske, Wender, Rostocker","nee","17909"
"0","179","10","313","319","Svenske og Pommerske skibe","Svenske, Pommerske","nee","17910"
"0","179","11","320","359","Stor Britannische og Franske skibe","Stor Brittaniske, Frandske","nee","17911"
"0","179","12","360","396","Hollandske skibe kommen fra Wester Siøen","Hollandske, fra Westersøen","nee","17912"
"0","179","13","397","429","Hollandske skibe kommen fra Øster Søen","Hollandske, fra Østersøen","nee","17913"
"0","179","14","430","445","Lubske, Dantziger, Embder og Bremer","Lubecker, Dantziger, Embder, Bremer","nee","17914"
"0","179","15","446","458","Danske, Norske, Wender og Rostocker","Danske, Norske, Wender, Rostocker","nee","17915"
"0","179","16","459","489","Engelske og Franske","Engelske, Frandske","nee","17916"
"0","180","1","48","81","Hollandske skibe kommen fra Wester Søen","Hollandske, fra Westersøen","nee","18001"
"0","180","2","82","107","Hollandske skibe kommen fra Øster Søen","Hollandske, fra Østersøen","nee","18002"
"0","180","3","108","126","Luebske, Dantziger, Embder og Bremer","Lubecker, Dantziger, Embder, Bremer","nee","18003"
"0","180","4","127","144","Danske, Norske, Wender og Rostocker","Danske, Norske, Wender, Rostocker","nee","18004"
"0","180","5","145","152","Svenske, Pommerske skibe","Svenske, Pommerske","nee","18005"
"0","180","6","153","194","Stor Britannische og Franske skibe","Stor Brittaniske, Frandske","nee","18006"
"0","180","7","195","226","Hollandske skibe kommen fra Vester Siøen","Hollandske, fra Westersøen","nee","18007"
"0","180","8","227","247","Hollandske skibe kommen fra Øster Siøen","Hollandske, fra Østersøen","nee","18008"
"0","180","9","248","264","Lybske, Dantziger, Embder og Bremer","Lubecker, Dantziger, Embder, Bremer","nee","18009"
"0","180","10","265","283","Danske, Norske, Rostocker og Vender","Danske, Norske, Rostocker, Wender","nee","18010"
"0","180","11","284","288","Svenske og Pommerske skibe","Svenske, Pommerske","nee","18011"
"0","180","12","289","362","Engelske og Franske","Engelske, Frandske","nee","18012"
"0","180","13","363","403","Hollandske skibe kommen fra Wester Søen","Hollandske, fra Westersøen","nee","18013"
"0","180","14","404","440","Hollandske skibe kommen fra Øster Søen","Hollandske, fra Østersøen","nee","18014"
"0","180","16","441","460","Lybske, Dantziger, Embder og Bremer","Lubecker, Dantziger, Embder, Bremer","nee","18016"
"0","180","17","461","478","Danske, Norske, Wender og Rostocker","Danske, Norske, Wender, Rostocker","nee","18017"
"0","180","18","479","485","Svenske, Pommerkse skibe","Svenske, Pommerske","nee","18018"
"0","180","19","486","518","Stor Britannische og Franske skibe","Stor Brittaniske, Frandske","nee","18019"
"0","181","1","9","48","Hollandske skibe kommen fra Wester søen","Hollandske, fra Westersøen","nee","18101"
"0","181","2","51","83","Hollandske skibe kommen fra Øster søen","Hollandske, fra Østersøen","nee","18102"
"0","181","3","86","96","Lubsche Dantziger Embder og Bremer","Lubecker, Dantziger, Embder, Bremer","nee","18103"
"0","181","4","99","119","Danske Norske Rostocker og Wender","Danske, Norske, Rostocker, Wender","nee","18104"
"0","181","5","122","149","Engelske og Franske","Engelske, Frandske","nee","18105"
"0","181","6","196","256","Hollandske skibe kommen fra Wester søen","Hollandske, fra Westersøen","nee","18106"
"0","181","7","259","307","Hollandske skibe kommen fra Øster soen","Hollandske, fra Østersøen","nee","18107"
"0","181","8","310","329","Lubske Dantziger Embder og Bremer","Lubecker, Dantziger, Embder, Bremer","nee","18108"
"0","181","9","332","350","Danske, Norske, Wender og Rostocker","Danske, Norske, Wender, Rostocker","nee","18109"
"0","181","10","353","358","Svenske og Pommerske skibe","Svenske, Pommerske","nee","18110"
"0","181","11","361","405","Stor-Britannische og Franske skibe","Stor Brittaniske, Frandske","nee","18111"
"0","181","12","412","474","Hollandske skibe kommen fra Wester søen","Hollandske, fra Westersøen","nee","18112"
"0","181","13","477","523","Hollandske skibe kommen fra Øster søen","Hollandske, fra Østersøen","nee","18113"
"0","182","1","7","24","Lubske, Dantziger, Embder og Bremer skibe","Lubecker, Dantziger, Embder, Bremer","nee","18201"
"0","182","2","25","39","Danske, Norske, Rostockere, og Wender","Danske, Norske, Rostocker, Wender, skibe","nee","18202"
"0","182","3","40","44","Pommerske","Pommerske","nee","18203"
"0","182","4","45","146","Engelske og Franske skibe","Engelske, Frandske","nee","18204"
"0","182","5","147","216","Hollandske skibe kommen fra Westersøen","Hollandske, fra Westersøen","nee","18205"
"0","182","7","217","269","Hollandske skibe kommen fra Østersøen","Hollandske, fra Østersøen","nee","18207"
"0","182","8","270","294","Lubske, Dantziger, Embder og Bremer","Lubecker, Dantziger, Embder, Bremer","nee","18208"
"0","182","10","295","328","Danske, Norske, Wender og Rostocker","Danske, Norske, Wender, Rostocker","nee","18210"
"0","182","11","329","342","Svenske og Pommerske skibe","Svenske, Pommerske","nee","18211"
"0","182","12","343","404","Stor Britannische og Franske skibe","Stor Brittaniske, Frandske","nee","18212"
"0","182","13","405","471","Hollandske skibe kommen fra Westersøen","Hollandske, fra Westersøen","nee","18213"
"0","182","15","472","522","Hollandske skibe kommen fra Østersøen","Hollandske, fra Østersøen","nee","18215"
"0","183","1","7","26","Lubske, Dantziger, Embder og Bremer skibe","Lubecker, Dantziger, Embder, Bremer","nee","18301"
"0","183","2","29","56","Danske, Norske, Rostockere, og Wender","Danske, Norske, Rostocker, Wender, skibe","nee","18302"
"0","183","3","59","68","Pommerske og Svenske","Pommerske, Svenske","nee","18303"
"0","183","4","71","119","Engelske og Franske skibe","Engelske, Frandske","nee","18304"
"0","183","5","191","253","Hollandske skibe kommen fra Wester søen","Hollandske, fra Westersøen","nee","18305"
"0","183","6","256","308","Hollandske skibe kommen fra Øster søen","Hollandske, fra Østersøen","nee","18306"
"0","183","7","311","335","Lubske, Dantziger, Embder og Bremer","Lubecker, Dantziger, Embder, Bremer","nee","18307"
"0","183","8","338","369","Danske, Norske, Wender og Rostocker","Danske, Norske, Wender, Rostocker","nee","18308"
"0","183","9","372","391","Svenske og Pommerske skibe","Svenske, Pommerske","nee","18309"
"0","183","10","395","451","Stor Britannische og Franske skibe","Stor Brittaniske, Frandske","nee","18310"
"0","183","11","457","514","Hollandske skibe kommen fra Wester søen","Hollandske, fra Westersøen","nee","18311"
"0","183","12","517","534","Hollandske skibe kommen fra Østersøen","Hollandske, fra Østersøen","nee","18312"
"0","184","1","7","35","Hollandske skibe kommen fra Østersøen","Hollandske, fra Østersøen","nee","18401"
"0","184","2","39","59","Lubske, Dantziger, Embder og Bremer","Lubecker, Dantziger, Embder, Bremer","nee","18402"
"0","184","3","60","88","Danske, Norske, Rostocker og Wender skibe","Danske, Norske, Rostocker, Wender","nee","18403"
"0","184","4","89","104","Svenske og Pommerske skibe, galliother","Svenske, Pommerske","nee","18404"
"0","184","5","107","149","Engelske og Franske skibe","Engelske, Frandske","nee","18405"
"0","184","6","205","265","Hollandske skibe kommen fra Wester søen","Hollandske, fra Westersøen","nee","18406"
"0","184","7","268","327","Hollandske skibe kommen fra Øster søen","Hollandske, fra Østersøen","nee","18407"
"0","184","8","330","360","Lubske, Dantziger, Embder og Bremer","Lubecker, Dantziger, Embder, Bremer","nee","18408"
"0","184","9","363","397","Danske, Norske, Rostocker og Wender skibe","Danske, Norske, Rostocker, Wender","nee","18409"
"0","184","10","400","430","Svenske og Pommerske skibe","Svenske, Pommerske","nee","18410"
"0","184","11","434","488","Stor Britannische og Franske skibe","Stor Brittaniske, Frandske","nee","18411"
"0","184","12","495","530","Hollandske skibe kommen fra Wester søen","Hollandske, fra Westersøen","nee","18412"
"0","185","1","7","22","Hollandske skibe kommen fra Wester søen","Hollandske, fra Westersøen","nee","18501"
"0","185","2","25","71","Hollandske skibe kommen fra Øster Soen","Hollandske, fra Østersøen","nee","18502"
"0","185","3","72","95","Lybske, Dantziger, Embder og Bremer skibe","Lubecker, Dantziger, Embder, Bremer","nee","18503"
"0","185","4","96","124","Danske og Norske, Rostockere, Wender skibe","Danske, Norske, Rostocker, Wender","nee","18504"
"0","185","5","125","148","Svenske og Pommerske skibe galliother","Svenske, Pommerske","nee","18505"
"0","185","6","149","240","Engelske, og Franske skibe","Engelske, Frandske","nee","18506"
"0","185","7","241","302","Hollandske skibe kommen fra Wester Soen","Hollandske, fra Westersøen","nee","18507"
"0","185","8","303","366","Hollandske skibe kommen fra Øster Soen","Hollandske, fra Østersøen","nee","18508"
"0","185","9","367","399","Lubske, Dantziger, Embder og Bremer","Lubecker, Dantziger, Embder, Bremer","nee","18509"
"0","185","10","400","442","Danske, Norske, Wender og Rostocker","Danske, Norske, Wender, Rostocker","nee","18510"
"0","185","11","443","483","Svenske og Pommerske skibe","Svenske, Pommerske","nee","18511"
"0","185","12","484","536","Stor Britannische og Franske skibe","Stor Brittaniske, Frandske","nee","18512"
"0","186","1","8","54","Hollandske skibe kommen fra Wester Søen","Hollandske, fra Westersøen","nee","18601"
"0","186","2","55","104","Hollandske skibe kommen fra Øster Søen","Hollandske, fra Østersøen","nee","18602"
"0","186","3","105","131","Lubske, Dantziger, Embder og Bremer skibe","Lubecker, Dantziger, Embder, Bremer","nee","18603"
"0","186","4","132","157","Danske, Norske, Rostocker og Wender skibe","Danske, Norske, Rostocker, Wender, skibe","nee","18604"
"0","186","5","158","181","Svenske og Pommerske skibe, galliother","Svenske, Pommerske","nee","18605"
"0","186","6","182","229","Engelske og Franske skibe","Engelske, Frandske","nee","18606"
"0","187","1","8","65","Hollandske skibe kommen fra Wester Soen","Hollandske, fra Westersøen","nee","18701"
"0","187","2","66","131","Hollandske skibe kommen fra Oster Soen","Hollandske, fra Østersøen","nee","18702"
"0","187","3","132","167","Lubske, Dantziger, Embder og Bremer","Lubecker, Dantziger, Embder, Bremer","nee","18703"
"0","187","4","168","201","Danske, Norske, Wender og Rostocker","Danske, Norske, Wender, Rostocker","nee","18704"
"0","187","5","202","250","Svenske og Pommerske skibe","Svenske, Pommerske","nee","18705"
"0","187","6","251","314","Stor Britannische og Franske skibe","Stor Brittaniske, Frandske","nee","18706"
"0","187","7","315","365","Hollandske skibe kommen fra Wester Søen","Hollandske, fra Westersøen","nee","18707"
"0","187","8","366","420","Hollandske skibe kommen fra Øster Søen","Hollandske, fra Østersøen","nee","18708"
"0","187","9","421","449","Lubske, Dantziger, Embder, Bremer skibe","Lubecker, Dantziger, Embder, Bremer","nee","18709"
"0","187","10","450","477","Danske, Norske, Rostockere og Wender skibe","Danske, Norske, Rostocker, Wender, skibe","nee","18710"
"0","187","11","478","498","Svenske og Pommerske skibe","Svenske, Pommerske","nee","18711"
"0","187","12","499","547","Engelske og Franske skibe","Engelske, Frandske","nee","18712"
"0","188","1","59","118","Hollandske skibe kommen fra Westersøen","Hollandske, fra Westersøen","nee","18801"
"0","188","2","119","187","Hollandske skibe kommen fra Østersøen","Hollandske, fra Østersøen","nee","18802"
"0","188","3","188","223","Lubske, Dantziger, Embder og Bremer","Lubecker, Dantziger, Embder, Bremer","nee","18803"
"0","188","4","224","260","Danske, Norske, Wender og Rostocker","Danske, Norske, Wender, Rostocker","nee","18804"
"0","188","5","261","315","Svendske og Pommerske skibe","Svenske, Pommerske","nee","18805"
"0","188","6","316","373","Stor Britannische og Franske skibe","Stor Brittaniske, Frandske","nee","18806"
"0","188","7","374","434","Hollandske skibe kommen fra Westersøen","Hollandske, fra Westersøen","nee","18807"
"0","188","8","435","506","Hollandske skibe kommen fra Østersøen","Hollandske, fra Østersøen","nee","18808"
"0","188","9","507","535","Lybske, Dantziger, Embder og Bremer skibe","Lubecker, Dantziger, Embder, Bremer","nee","18809"
"0","189","1","7","42","Danske, Norske, Rostockere, Wender skibe, galliother","Danske, Norske, Rostocker, Wender, skibe","nee","18901"
"0","189","2","43","74","Svenske og Pomerske skibe og galliother","Svenske, Pommerske","nee","18902"
"0","189","3","75","166","Engelske og Franske skibe","Engelske, Frandske","nee","18903"
"0","189","4","167","223","Hollandske skibe kommen fra Wester Soen","Hollandske, fra Westersøen","nee","18904"
"0","189","5","224","288","Hollandske skibe kommen fra Øster Soen","Hollandske, fra Østersøen","nee","18905"
"0","189","6","289","317","Lubske, Dantziger, Embder og Bremer","Lubecker, Dantziger, Embder, Bremer","nee","18906"
"0","189","7","318","358","Danske, Norske, Wender og Rostocker","Danske, Norske, Wender, Rostocker","nee","18907"
"0","189","8","359","413","Svenske, Pommerske og Russiske skibe","Svenske, Pommerske, Russiske","nee","18908"
"0","189","9","414","467","Stor Britannische og Franske","Stor Brittaniske, Frandske","nee","18909"
"0","189","10","468","518","Hollandske skibe kommen fra Wester Søen","Hollandske, fra Westersøen","nee","18910"
"0","190","1","7","25","Hollandske skibe kommen fra Wester Søen","Hollandske, fra Westersøen","nee","19001"
"0","190","2","26","97","Hollandske skibe kommen fra Østersøen","Hollandske, fra Østersøen","nee","19002"
"0","190","3","98","122","Lubske, Dantziger, Embder, Bremer skibe","Lubecker, Dantziger, Embder, Bremer","nee","19003"
"0","190","4","123","154","Danske, Norske, Wender og Rostocker","Danske, Norske, Wender, Rostocker","nee","19004"
"0","190","5","155","186","Svenske og Pommerske skibe og galliother","Svenske, Pommerske","nee","19005"
"0","190","6","187","286","Stor Britaniske og Franske skibe","Stor Brittaniske, Frandske","nee","19006"
"0","190","7","287","335","Hollandske skibe kommen fra Wester Søen","Hollandske, fra Westersøen","nee","19007"
"0","190","8","336","395","Hollandske skibe kommen fra Østersøen","Hollandske, fra Østersøen","nee","19008"
"0","190","9","396","422","Lubske, Dantziger, Embder og Bremer skibe","Lubecker, Dantziger, Embder, Bremer","nee","19009"
"0","190","10","423","462","Danske, Norske, Wender og Rostocker","Danske, Norske, Wender, Rostocker","nee","19010"
"0","190","11","463","520","Russiske, Svenske og Pommerske skibe","Russiske, Svenske, Pommerske","nee","19011"
"0","191","1","8","70","Stor Britannische og Franske","Stor Brittaniske, Frandske","nee","19101"
"0","191","2","71","134","Hollandske skibe kommen fra Wester Søen","Hollandske, fra Westersøen","nee","19102"
"0","191","3","135","192","Hollandske skibe kommen fra Øster Søen","Hollandske, fra Østersøen","nee","19103"
"0","191","4","193","212","Lybske, Dantziger, Embder og Bremer skibe","Lubecker, Dantziger, Embder, Bremer","nee","19104"
"0","191","5","213","250","Danske, Norske, Rostocker samt Wender skibe og galliother","Danske, Norske, Rostocker, Wender, skibe","nee","19105"
"0","191","6","251","279","Svenske og Pommerske skibe samt galliother","Svenske, Pommerske","nee","19106"
"0","191","7","280","384","Stor Britanniske og Franske skibe","Stor Brittaniske, Frandske","nee","19107"
"0","191","8","385","430","Hollandske skibe kommen fra Wester Søen","Hollandske, fra Westersøen","nee","19108"
"0","191","9","431","488","Hollandske skibe kommen fra Øster Søen","Hollandske, fra Østersøen","nee","19109"
"0","191","10","489","519","Lubske, Dantziger, Embder og Bremer","Lubecker, Dantziger, Embder, Bremer","nee","19110"
"0","191","11","520","526","Danske, Norske, Wender og Rostocker","Danske, Norske, Wender, Rostocker","nee","19111"
"0","192","1","7","33","Danske, Norske, Wender og Rostocker","Danske, Norske, Wender, Rostocker","nee","19201"
"0","192","2","36","93","Russiske, Svenske og Pommerske skibe","Russiske, Svenske, Pommerske","nee","19202"
"0","192","3","94","148","Stor Britannishe og Franske skibe","Stor Brittaniske, Frandske","nee","19203"
"0","192","4","149","213","Hollandske skibe kommen fra Wester Søen","Hollandske, fra Westersøen","nee","19204"
"0","192","5","214","280","Hollandske skibe kommen fra Øster Søen","Hollandske, fra Østersøen","nee","19205"
"0","192","6","281","305","Lybecker, Dantziger, Embder og Bræhmer skibe","Lubecker, Dantziger, Embder, Bremer","nee","19206"
"0","192","7","306","341","Danske, Norske, Wender og Rostocker","Danske, Norske, Wender, Rostocker","nee","19207"
"0","192","8","342","383","Svenske og Pommerske skibe","Svenske, Pommerske","nee","19208"
"0","192","9","384","485","Stor Britanniske og Franske skibe","Stor Brittaniske, Frandske","nee","19209"
"0","192","10","486","530","Hollandske skibe kommen fra Wester Søen","Hollandske, fra Westersøen","nee","19210"
"0","193","1","7","15","Hollandske skibe kommen fra Wester Søen","Hollandske, fra Westersøen","nee","19301"
"0","193","2","18","85","Hollandske skibe kommen fra Øster Søen","Hollandske, fra Østersøen","nee","19302"
"0","193","3","86","118","Lubske, Dantziger, Embder og Bremer","Lubecker, Dantziger, Embder, Bremer","nee","19303"
"0","193","4","119","155","Danske, Norske, Wender og Rostocker","Danske, Norske, Wender, Rostocker","nee","19304"
"0","193","5","156","212","Russiske, Svenske og Pommerske skibe","Russiske, Svenske, Pommerske","nee","19305"
"0","193","6","213","276","Stor Britannische og Franske skibe","Stor Brittaniske, Frandske","nee","19306"
"0","193","7","277","348","Hollandske skibe kommen fra Wester Søen","Hollandske, fra Westersøen","nee","19307"
"0","193","8","349","418","Hollandske skibe kommen fra Øster Søen","Hollandske, fra Østersøen","nee","19308"
"0","193","9","419","449","Lybecker, Dantziger, Embder og Bræhmer skibe","Lubecker, Dantziger, Embder, Bremer","nee","19309"
"0","193","10","450","499","Danske, Norske, Wender og Rostocker skibe","Danske, Norske, Wender, Rostocker","nee","19310"
"0","193","11","500","538","Russiske, Swenske og Pommerscke skibe","Russiske, Svenske, Pommerske","nee","19311"
"0","194","1","7","18","Russiske, Swenske og Pommerscke skibe","Russiske, Svenske, Pommerske","nee","19401"
"0","194","2","19","166","Stor Bretaniske og Franske","Stor Brittaniske, Frandske","nee","19402"
"0","194","3","167","221","Hollandske skibe kommen fra Wester og Nord Søen","Hollandske, fra Nord og Westersøen","nee","19403"
"0","194","4","222","284","Hollandske skibe kommen fra Øster Søen","Hollandske, fra Østersøen","nee","19404"
"0","194","5","285","314","Lubske, Dantziger, Embder og Bremer","Lubecker, Dantziger, Embder, Bremer","nee","19405"
"0","194","6","315","352","Danske, Norske, Wender og Rostocker","Danske, Norske, Wender, Rostocker","nee","19406"
"0","194","7","353","413","Russiske, Svenske og Pommerske skibe","Russiske, Svenske, Pommerske","nee","19407"
"0","194","8","414","468","Stor Britannische og Franske skibe","Stor Brittaniske, Frandske","nee","19408"
"0","194","9","469","527","Hollandske skibe kommen fra Wester Søen","Hollandske, fra Westersøen","nee","19409"
"0","194","10","528","529","Hollandske skibe kommen fra Øster Søen","Hollandske, fra Østersøen","nee","19410"
"0","195","1","7","74","Hollandske skibe kommen fra Øster Søen","Hollandske, fra Østersøen","nee","19501"
"0","195","2","75","99","Lubske, Dantziger, Embder og Bræmer","Lubecker, Dantziger, Embder, Bremer","nee","19502"
"0","195","3","102","141","Danske, Norske, Wender og Rostockere","Danske, Norske, Wender, Rostocker","nee","19503"
"0","195","4","144","205","Russiske, Svenske og Pommerske skibe","Russiske, Svenske, Pommerske","nee","19504"
"0","195","5","206","255","Stor Britanniske og Franske skibe","Stor Brittaniske, Frandske","nee","19505"
"0","196","1","108","167","Hollandske skibe kommen fra Wester og Nord Søen","Hollandske, fra Nord og Westersøen","nee","19601"
"0","196","2","168","233","Hollandske skibe kommen fra Øster Søen","Hollandske, fra Østersøen","nee","19602"
"0","196","3","234","263","Lubske, Dantziger, Embder og Bremer","Lubecker, Dantziger, Embder, Bremer","nee","19603"
"0","196","4","264","296","Danske, Norske, Wender og Rostocker","Danske, Norske, Wender, Rostocker","nee","19604"
"0","196","5","297","357","Russiske, Svenske og Pommerske skibe","Russiske, Svenske, Pommerske","nee","19605"
"0","196","6","358","415","Stor Britannische og Franske skibe","Stor Brittaniske, Frandske","nee","19606"
"0","196","7","416","469","Hollandske skibe kommen fra Wester Søen","Hollandske, fra Westersøen","nee","19607"
"0","196","8","470","540","Hollandske skibe kommen fra Øster Søen","Hollandske, fra Østersøen","nee","19608"
"0","196","9","541","541","Dantziger, Lybecker, Embder og Bræmer","Bremer, Dantziger, Embder, Lubecker","nee","19609"
"0","197","1","7","29","Dantziger, Lybecker, Embder og Bræmer","Bremer, Dantziger, Embder, Lubecker","nee","19701"
"0","197","2","30","69","Danske, Norske, Wender og Rostocker","Danske, Norske, Wender, Rostocker","nee","19702"
"0","197","3","70","114","Russiske, Swenske og Pommerske skibe","Russiske, Svenske, Pommerske","nee","19703"
"0","197","4","115","313","Stor Britanniske og Franske skibe","Stor Brittaniske, Frandske","nee","19704"
"0","197","5","314","360","Hollandske skibe kommen fra Wester og Nord Søen","Hollandske, fra Nord og Westersøen","nee","19705"
"0","197","6","361","421","Hollandske skibe kommen fra Øster Søen","Hollandske, fra Østersøen","nee","19706"
"0","197","7","422","444","Lubske, Dantziger, Embder og Bremer","Lubecker, Dantziger, Embder, Bremer","nee","19707"
"0","197","8","445","473","Danske, Norske, Wender og Rostocker","Danske, Norske, Wender, Rostocker","nee","19708"
"0","197","9","474","526","Russiske, Svendske og Pommerske skibe","Russiske, Svenske, Pommerske","nee","19709"
"0","198","1","8","19","Russiske, Svendske og Pommerske skibe","Russiske, Svenske, Pommerske","nee","19801"
"0","198","2","22","73","Stor Britanniske og Franske skibe","Stor Brittaniske, Frandske","nee","19802"
"0","198","3","80","143","Hollandske skibe kommen fra Nord og Wester Søen","Hollandske, fra Nord og Westersøen","nee","19803"
"0","198","4","144","214","Hollandske skibe kommen fra Øster Søen","Hollandske, fra Østersøen","nee","19804"
"0","198","5","217","243","Lijbecker Dantziger Embder og Bræmer","Lubecker, Dantziger, Embder, Bremer","nee","19805"
"0","198","6","246","295","Danske, Norske og Wender","Danske, Norske, Wender","nee","19806"
"0","198","7","296","351","Russiske, Svendske og Pommerske skibe","Russiske, Svenske, Pommerske","nee","19807"
"0","198","8","352","417","Stor Britanniske og Franske skibe","Stor Brittaniske, Frandske","nee","19808"
"0","199","1","8","58","Hollandske skibe kommen fra Wester og Nord Søen","Hollandske, fra Nord og Westersøen","nee","19901"
"0","199","2","59","120","Hollandske skibe kommen fra Øster Søen","Hollandske, fra Østersøen","nee","19902"
"0","199","3","121","146","Lubske, Dantziger, Embder og Bremer","Lubecker, Dantziger, Embder, Bremer","nee","19903"
"0","199","4","147","175","Danske, Norske, Wender og Rostocker","Danske, Norske, Wender, Rostocker","nee","19904"
"0","199","5","176","235","Russiske, Svendske og Pommerske skibe","Russiske, Svenske, Pommerske","nee","19905"
"0","199","6","236","290","Stor Britannische og Frandscke skibe","Stor Brittaniske, Frandske","nee","19906"
"0","199","7","291","356","Hollandske skibe kommen fra Nord og Wester Søen","Hollandske, fra Nord og Westersøen","nee","19907"
"0","199","9","357","430","Hollandske skibe kommen fra Øster Søen","Hollandske, fra Østersøen","nee","19909"
"0","199","10","431","460","Lybecker, Dantziger, Embder og Bræmer","Lubecker, Dantziger, Embder, Bremer","nee","19910"
"0","199","11","461","503","Danske, Norske og Wenders skiibe","Danske, Norske, Wender","nee","19911"
"0","199","12","504","541","Russiske, Swendske og Pommerske skiibe","Russiske, Svenske, Pommerske","nee","19912"
"0","200","1","7","17","Russiske, Swendske og Pommerske skiibe","Russiske, Svenske, Pommerske","nee","20001"
"0","200","2","20","191","Stoer Britanniske og Franske skibe","Stor Brittaniske, Frandske","nee","20002"
"0","200","3","192","237","Hollandske skibe kommen fra Wester og Nord Søen","Hollandske, fra Nord og Westersøen","nee","20003"
"0","200","4","238","301","Hollandske skibe kommen fra Øster Søen","Hollandske, fra Østersøen","nee","20004"
"0","200","5","302","322","Lubske, Dantziger, Embder og Bremer","Lubecker, Dantziger, Embder, Bremer","nee","20005"
"0","200","6","323","354","Danske, Norske, Wender og Rostocker","Danske, Norske, Wender, Rostocker","nee","20006"
"0","200","7","355","407","Russiske, Svendske og Pommerske skibe","Russiske, Svenske, Pommerske","nee","20007"
"0","200","8","408","455","Stor Britannische og Franske skibe","Stor Brittaniske, Frandske","nee","20008"
"0","200","9","456","519","Hollandske skibe kommen fra Nord og Wester Søen","Hollandske, fra Nord og Westersøen","nee","20009"
"0","200","10","520","546","Hollandske skibe kommen fra Øster Søen","Hollandske, fra Østersøen","nee","20010"
"0","201","1","6","45","Hollandske skibe kommen fra Øster Søen","Hollandske, fra Østersøen","nee","20101"
"0","201","2","46","73","Lybecker, Dantziger, Embder og Bræhmer","Lubecker, Dantziger, Embder, Bremer","nee","20102"
"0","201","3","74","110","Danske, Norske og Wenders skiibe","Danske, Norske, Wender","nee","20103"
"0","201","4","111","151","Russiske, Swendske og Pommerske skiibe","Russiske, Svenske, Pommerske","nee","20104"
"0","201","5","152","331","Stor Britannische og Franske skibe","Stor Brittaniske, Frandske","nee","20105"
"0","201","6","332","384","Hollandske skibe kommen fra Wester og Nord Søen","Hollandske, fra Nord og Westersøen","nee","20106"
"0","201","7","385","442","Hollandske skibe kommen fra Øster Søen","Hollandske, fra Østersøen","nee","20107"
"0","201","8","443","465","Lubske, Dantziger, Embder og Bremer","Lubecker, Dantziger, Embder, Bremer","nee","20108"
"0","201","9","466","498","Danske, Norske, Wender og Rostocker","Danske, Norske, Wender, Rostocker","nee","20109"
"0","201","10","499","512","Russiske, Svenske og Pommerske skibe","Russiske, Svenske, Pommerske","nee","20110"
"0","202","1","8","51","Russiske, Svenske og Pommerske skibe","Russiske, Svenske, Pommerske","nee","20201"
"0","202","2","52","107","Stor Britannische og Franske skibe","Stor Brittaniske, Frandske","nee","20202"
"0","202","3","108","165","Hollandske skibe kommen fra Nord og Wester Søen","Hollandske, fra Nord og Westersøen","nee","20203"
"0","202","4","166","230","Hollandske skibe kommen fra Øster Søen","Hollandske, fra Østersøen","nee","20204"
"0","202","5","231","257","Lybecker, Dantziger samt Embder og Bremer","Lubecker, Dantziger, Embder, Bremer","nee","20205"
"0","202","6","258","299","Danske, Norske og Wenders skibe","Danske, Norske, Wender","nee","20206"
"0","202","8","300","353","Rusiske, Swendske og Pommerske skibe","Russiske, Svenske, Pommerske","nee","20208"
"0","202","9","354","413","Stor Britanniske og Franske skibe","Stor Brittaniske, Frandske","nee","20209"
"0","203","1","9","46","Hollandske skibe kommen fra Wester og Nord Soen","Hollandske, fra Nord og Westersøen","nee","20301"
"0","203","2","47","92","Hollandske skibe kommen fra Øster Soen","Hollandske, fra Østersøen","nee","20302"
"0","203","3","93","112","Lubske, Dantziger, Embder og Bremer","Lubecker, Dantziger, Embder, Bremer","nee","20303"
"0","203","4","113","141","Danske, Norske, Wender og Rostocker","Danske, Norske, Wender, Rostocker","nee","20304"
"0","203","5","142","180","Russiske, Svenske og Pommerske","Russiske, Svenske, Pommerske","nee","20305"
"0","203","6","181","227","Stor Britannische og Franske skibe","Stor Brittaniske, Frandske","nee","20306"
"0","203","7","228","284","Hollandske skibe kommen fra Nord og Wester Søen","Hollandske, fra Nord og Westersøen","nee","20307"
"0","203","8","285","343","Hollandske skibe kommen fra Øster Søen","Hollandske, fra Østersøen","nee","20308"
"0","203","9","344","365","Lybecker og Dantziger sampt Embder og Bræmer","Lubecker, Dantziger, Embder, Bremer","nee","20309"
"0","203","10","366","408","Danske og Norske sampt Wender skibe","Danske, Norske, Wender, skibe","nee","20310"
"0","203","11","409","462","Rusiske og Swendske samt Pommerkse skibe","Russiske, Svenske, Pommerske","nee","20311"
"0","203","12","463","526","Stor Britanniske og Franske skibe","Stor Brittaniske, Frandske","nee","20312"
"0","204","1","106","153","Hollandske skibe kommen fra Wester og Nord Søen","Hollandske, fra Nord og Westersøen","nee","20401"
"0","204","2","154","211","Hollandske skibe kommen fra Øster Søen","Hollandske, fra Østersøen","nee","20402"
"0","204","3","212","235","Lubske, Dantziger, Embder og Bremer","Lubecker, Dantziger, Embder, Bremer","nee","20403"
"0","204","4","236","276","Danske, Norske, Wender og Rostocker","Danske, Norske, Wender, Rostocker","nee","20404"
"0","204","5","277","331","Russiske, Svenske og Pommerske skibe","Russiske, Svenske, Pommerske","nee","20405"
"0","204","6","332","405","Stor Brittanische og Franske skibe","Stor Brittaniske, Frandske","nee","20406"
"0","204","7","406","458","Hollandske skibe kommen fra Nord og Wester Søen","Hollandske, fra Nord og Westersøen","nee","20407"
"0","204","8","459","521","Hollandske skibe kommen fra Øster Søen","Hollandske, fra Østersøen","nee","20408"
"0","204","9","522","538","Lybecker og Dantziger samt Embder og Bræmer","Lubecker, Dantziger, Embder, Bremer","nee","20409"
"0","205","1","7","16","Lybecker og Dantziger samt Embder og Bræmer","Lubecker, Dantziger, Embder, Bremer","nee","20501"
"0","206","10","7","48","Rusiske og Swendske samt Pommerske skibe","Russiske, Svenske, Pommerske","nee","20610"
"0","205","2","17","63","Danske og Norske samt Rostocker og Wenders","Danske, Norske, Rostocker, Wender","nee","20502"
"0","205","3","64","116","Rusiske og Svenske samt Pommerske skibe","Russiske, Svenske, Pommerske","nee","20503"
"0","205","4","117","334","Stor Brittaniske og Franske skibe","Stor Brittaniske, Frandske","nee","20504"
"0","205","5","335","391","Hollandske skibe kommen fra Nord og Wester Søen","Hollandske, fra Nord og Westersøen","nee","20505"
"0","205","6","392","453","Hollandske skibe kommen fra Øster Søen","Hollandske, fra Østersøen","nee","20506"
"0","205","7","454","481","Lybecker og Dantziger samt Embder og Bræmer","Lubecker, Dantziger, Embder, Bremer","nee","20507"
"0","205","8","482","525","Danske og Norske samt Rostocker og Wenders","Danske, Norske, Rostocker, Wender","nee","20508"
"0","205","9","526","534","Rusiske og Swendske samt Pommerske skibe","Russiske, Svenske, Pommerske","nee","20509"
"0","206","1","49","120","Stor Britaniske og Franske skibe","Stor Brittaniske, Frandske","nee","20601"
"0","206","2","121","160","Hollandske skibe kommen fra Wester og Nord Søen","Hollandske, fra Nord og Westersøen","nee","20602"
"0","206","3","161","214","Hollandske skibe kommen fra Øster Søen","Hollandske, fra Østersøen","nee","20603"
"0","206","4","215","239","Lubske, Dantziger, Embder og Bremer","Lubecker, Dantziger, Embder, Bremer","nee","20604"
"0","206","5","240","277","Danske, Norske, Wender og Rostocker","Danske, Norske, Wender, Rostocker","nee","20605"
"0","206","6","278","333","Russiske, Svenske og Pommerske skibe","Russiske, Svenske, Pommerske","nee","20606"
"0","206","7","334","471","Stor Brittanische og Franske skibe","Stor Brittaniske, Frandske","nee","20607"
"0","206","8","472","533","Hollandske skibe kommen fra Nord og Wester Søen","Hollandske, fra Nord og Westersøen","nee","20608"
"0","207","1","7","13","Hollandske skibe kommen fra Nord og Wester Søen","Hollandske, fra Nord og Westersøen","nee","20701"
"0","207","2","14","78","Hollandske skibe kommen fra Øster Søen","Hollandske, fra Østersøen","nee","20702"
"0","207","3","79","109","Lybecker og Dantziger samt Embder og Bræmer","Lubecker, Dantziger, Embder, Bremer","nee","20703"
"0","207","4","110","153","Danske og Norske samt Rostocker og Wenders","Danske, Norske, Rostocker, Wender","nee","20704"
"0","207","5","154","203","Rusiske og Swendske samt Pommerske skibe","Russiske, Svenske, Pommerske","nee","20705"
"0","207","6","204","267","Stor Britaniske og Franske skibe","Stor Brittaniske, Frandske","nee","20706"
"0","207","7","268","323","Hollandske skibe kommen fra Wester og Nord Søen","Hollandske, fra Nord og Westersøen","nee","20707"
"0","207","8","324","393","Hollandske skibe kommen fra Øster Søen","Hollandske, fra Østersøen","nee","20708"
"0","207","9","393","415","Lubske, Dantziger, Embder og Bremer","Lubecker, Dantziger, Embder, Bremer","nee","20709"
"0","207","10","416","460","Danske, Norske, Wender og Rostocker","Danske, Norske, Wender, Rostocker","nee","20710"
"0","207","11","461","511","Russiske, Svenske og Pommerske skibe","Russiske, Svenske, Pommerske","nee","20711"
"0","207","12","512","538","Stor Britannische og Franske skibe","Stor Brittaniske, Frandske","nee","20712"
"0","208","1","7","165","Stor Britannische og Franske skibe","Stor Brittaniske, Frandske","nee","20801"
"0","208","2","166","235","Hollandske skibe kommen fra Nord og Wester Søen","Hollandske, fra Nord og Westersøen","nee","20802"
"0","208","3","236","304","Hollandske skibe kommen fra Øster Søen","Hollandske, fra Østersøen","nee","20803"
"0","208","4","305","338","Lybecker og Dantziger samt Embder og Bræmer","Lubecker, Dantziger, Embder, Bremer","nee","20804"
"0","208","6","339","383","Danske, Norske samt Wender og Rostocker","Danske, Norske, Wender, Rostocker","nee","20806"
"0","208","7","384","434","Rusiske og Swendske samt Pommerske skibe","Russiske, Svenske, Pommerske","nee","20807"
"0","208","8","435","493","Stoer Britanniske og Franske skibe","Stor Brittaniske, Frandske","nee","20808"
"0","208","9","494","533","Hollandske skibe kommen fra Wester og Nord Søen","Hollandske, fra Nord og Westersøen","nee","20809"
"0","209","1","7","41","Hollandske skibe kommen fra Vester og Nord Søen","Hollandske, fra Nord og Westersøen","nee","20901"
"0","209","2","42","114","Hollandske skibe kommen fra Øster Søen","Hollandske, fra Østersøen","nee","20902"
"0","209","3","115","140","Lubske, Dantziger, Embder og Bremer","Lubecker, Dantziger, Embder, Bremer","nee","20903"
"0","209","4","141","181","Danske, Norske, Wender og Rostocker","Danske, Norske, Wender, Rostocker","nee","20904"
"0","209","5","182","228","Russiske, Svenske og Pommerske skibe","Russiske, Svenske, Pommerske","nee","20905"
"0","209","6","229","237","Hollandscke skibe kommen fra Øster Søen","Hollandske, Ladde, fra Østersøen","nee","20906"
"0","209","7","238","421","Stor Britannische og Franske skibe","Stor Brittaniske, Frandske","nee","20907"
"0","209","8","422","482","Hollandske skibe kommen fra Nord og Wester Søen","Hollandske, fra Nord og Westersøen","nee","20908"
"0","209","9","483","547","Hollandske skibe kommen fra Øster Søen","Hollandske, fra Østersøen","nee","20909"
"0","210","1","7","15","Hollandske skibe kommen fra Øster Søen","Hollandske, fra Østersøen","nee","21001"
"0","210","2","16","47","Lybecker, Dantziger samt Embder og Bræmer","Lubecker, Dantziger, Embder, Bremer","nee","21002"
"0","210","3","48","90","Danske, Norske, Wender og Rostocker","Danske, Norske, Wender, Rostocker","nee","21003"
"0","210","4","91","141","Rusiske, Swenske og Pommerske skibe","Russiske, Svenske, Pommerske","nee","21004"
"0","210","5","142","207","Stor Britanniske og Franske skibe","Stor Brittaniske, Frandske","nee","21005"
"0","210","6","208","266","Hollandske skibe kommen fra Wester og Nord Søen","Hollandske, fra Nord og Westersøen","nee","21006"
"0","210","7","267","329","Hollandske skibe kommen fra Øster Søen","Hollandske, fra Østersøen","nee","21007"
"0","210","8","330","354","Lubske, Dantziger, Embder og Bremer","Lubecker, Dantziger, Embder, Bremer","nee","21008"
"0","210","9","355","395","Danske, Norske, Wender og Rostocker","Danske, Norske, Wender, Rostocker","nee","21009"
"0","210","10","396","433","Russiske, Svenske og Pommerske skibe","Russiske, Svenske, Pommerske","nee","21010"
"0","210","11","434","482","Stor Britannische og Franske skibe","Stor Brittaniske, Frandske","nee","21011"
"0","211","1","88","152","Hollandske skibe kommen fra Nord og Wester Søen","Hollandske, fra Nord og Westersøen","nee","21101"
"0","211","2","153","222","Hollandske skibe kommen fra Øster Søen","Hollandske, fra Østersøen","nee","21102"
"0","211","3","223","249","Lubske, Dantziger, Embder og Bremer","Lubecker, Dantziger, Embder, Bremer","nee","21103"
"0","211","4","250","297","Danske, Norske, Wender og Rostocker","Danske, Norske, Wender, Rostocker","nee","21104"
"0","211","5","298","340","Rusiske, Swenske og Pommerske skibe","Russiske, Svenske, Pommerske","nee","21105"
"0","211","6","341","404","Stor Britanniske og Franske skibe","Stor Brittaniske, Frandske","nee","21106"
"0","211","7","405","449","Hollandske skibe kommen fra Wester og Nord Søen","Hollandske, fra Nord og Westersøen","nee","21107"
"0","211","8","450","502","Hollandske skibe kommen fra Øster Søen","Hollandske, fra Østersøen","nee","21108"
"0","211","9","503","526","Lubske, Dantziger, Embder og Bremer","Lubecker, Dantziger, Embder, Bremer","nee","21109"
"0","211","10","527","535","Danske, Norske, Wender og Rostocker","Danske, Norske, Wender, Rostocker","nee","21110"
"0","212","1","7","42","Danske, Norske, Wender og Rostocker","Danske, Norske, Wender, Rostocker","nee","21201"
"0","212","2","43","70","Russiske, Svenske og Pommerske skibe","Russiske, Svenske, Pommerske","nee","21202"
"0","212","3","71","235","Stor Britanniske og Franske skibe","Stor Brittaniske, Frandske","nee","21203"
"0","212","4","236","302","Hollandske skibe kommen fra Nord og Wester Søen","Hollandske, fra Nord og Westersøen","nee","21204"
"0","212","5","303","372","Hollandske skibe kommen fra Øster Søen","Hollandske, fra Østersøen","nee","21205"
"0","212","6","373","401","Lybske, Dantziger, Embder og Bræmer","Lubecker, Dantziger, Embder, Bremer","nee","21206"
"0","212","7","402","449","Danske, Norske, Wender og Rostocker","Danske, Norske, Wender, Rostocker","nee","21207"
"0","212","8","450","498","Rusiske, Swenske og Pommerske skibe","Russiske, Svenske, Pommerske","nee","21208"
"0","212","9","499","539","Stor Britanniske og Franske skibe","Stor Brittaniske, Frandske","nee","21209"
"0","213","1","7","34","Stor Britanniske og Franske skibe","Stor Brittaniske, Frandske","nee","21301"
"0","213","2","35","84","Hollandske skibe kommen fra Wester og Nord Søen","Hollandske, fra Nord og Westersøen","nee","21302"
"0","213","3","85","130","Hollandske skibe kommen fra Øster Søen","Hollandske, fra Østersøen","nee","21303"
"0","213","4","131","151","Lubske, Dantziger, Embder og Bremer","Lubecker, Dantziger, Embder, Bremer","nee","21304"
"0","213","5","152","193","Danske, Norske, Wender og Rostocker","Danske, Norske, Wender, Rostocker","nee","21305"
"0","213","6","194","225","Russiske, Svenske og Pommerske","Russiske, Svenske, Pommerske","nee","21306"
"0","213","7","226","367","Stor Britaniske og Franske skibe","Stor Brittaniske, Frandske","nee","21307"
"0","213","8","368","403","Hollandske skibe kommen fra Wester og Nord Søen","Hollandske, fra Nord og Westersøen","nee","21308"
"0","213","9","404","408","Hollandske skibe kommen fra Øster Søen","Hollandske, fra Østersøen","nee","21309"
"0","214","1","8","53","Hollandske skibe kommen fra Øster Søen","Hollandske, fra Østersøen","nee","21401"
"0","214","2","54","80","Lybske, Dantziger, Embder og Bremer","Lubecker, Dantziger, Embder, Bremer","nee","21402"
"0","214","3","81","123","Danske, Norske, Wender og Rostocker","Danske, Norske, Wender, Rostocker","nee","21403"
"0","214","4","124","166","Russiske, Svenske og Pommerske skibe","Russiske, Svenske, Pommerske","nee","21404"
"0","214","5","167","212","Stor Britanniske og Franske skibe","Stor Brittaniske, Frandske","nee","21405"
"0","214","6","213","275","Hollandske skibe kommen fra Wester og Nord Søen","Hollandske, fra Nord og Westersøen","nee","21406"
"0","214","7","276","333","Hollandske skibe kommen fra Øster Søen","Hollandske, fra Østersøen","nee","21407"
"0","214","8","334","365","Lybske, Dantziger samt Embder og Bræmer","Lubecker, Dantziger, Embder, Bremer","nee","21408"
"0","214","9","366","408","Danske, Norske, Wender og Rostocker","Danske, Norske, Wender, Rostocker","nee","21409"
"0","214","10","409","457","Rusiske, Swenske og Pommerske skibe","Russiske, Svenske, Pommerske","nee","21410"
"0","214","11","458","505","Stor Britanniske og Franske skibe","Stor Brittaniske, Frandske","nee","21411"
"0","215","1","123","175","Hollandske skibe kommen fra Wester og Nord Søen","Hollandske, fra Nord og Westersøen","nee","21501"
"0","215","2","176","231","Hollandske skibe kommen fra Øster Søen","Hollandske, fra Østersøen","nee","21502"
"0","215","3","232","264","Lybske, Dantziger samt Embder og Bræmer","Lubecker, Dantziger, Embder, Bremer","nee","21503"
"0","215","4","265","312","Danske og Norske samt Wender og Rostocker","Danske, Norske, Wender, Rostocker","nee","21504"
"0","215","5","313","370","Rusiske, Swendske og Pommerske skibe","Russiske, Svenske, Pommerske","nee","21505"
"0","215","6","371","419","Stor Britanniske og Franske skibe","Stor Brittaniske, Frandske","nee","21506"
"0","215","7","420","450","Hollandske skibe kommen fra Wester og Nord Søen","Hollandske, fra Nord og Westersøen","nee","21507"
"0","215","8","451","486","Hollandske skibe kommen fra Øster Søen","Hollandske, fra Østersøen","nee","21508"
"0","216","1","9","33","Lybske, Dantziger, Embder og Bremer","Lubecker, Dantziger, Embder, Bremer","nee","21601"
"0","216","2","34","80","Danske, Norske, Wender og Rostocker","Danske, Norske, Wender, Rostocker","nee","21602"
"0","216","3","81","113","Russiske, Svenske og Pommerske","Russiske, Svenske, Pommerske","nee","21603"
"0","216","4","114","234","Stor Britanniske og Franske","Stor Brittaniske, Frandske","nee","21604"
"0","216","6","235","298","Hollandske skibe kommen fra Wester og Nord Søen","Hollandske, fra Nord og Westersøen","nee","21606"
"0","216","7","299","362","Hollandske skibe kommen fra Øster Søen","Hollandske, fra Østersøen","nee","21607"
"0","216","8","363","401","Lybske, Dantziger samt Embder og Bræmer","Lubecker, Dantziger, Embder, Bremer","nee","21608"
"0","216","10","402","451","Danske, Norske samt Wender og Rostocker","Danske, Norske, Wender, Rostocker","nee","21610"
"0","216","11","452","516","Rusiske, Swendske og Pommerske skibe","Russiske, Svenske, Pommerske","nee","21611"
"0","216","12","517","521","Stor Britanniske og Franske skibe","Stor Brittaniske, Frandske","nee","21612"
"0","217","1","8","59","Stor Britanniske og Franske skibe","Stor Brittaniske, Frandske","nee","21701"
"0","217","2","60","92","Hollandske skibe kommen fra Wester og Nord Søen","Hollandske, fra Nord og Westersøen","nee","21702"
"0","217","3","93","130","Hollandske skibe kommen fra Øster Søen","Hollandske, fra Østersøen","nee","21703"
"0","217","4","131","154","Lubske, Dantziger, Embder og Bremer","Lubecker, Dantziger, Embder, Bremer","nee","21704"
"0","217","5","155","198","Danske, Norske, Wender og Rostocker","Danske, Norske, Wender, Rostocker","nee","21705"
"0","217","6","199","243","Russiske, Svenske og Pommerske","Russiske, Svenske, Pommerske","nee","21706"
"0","217","7","244","386","Stor Britanniske og Franske","Stor Brittaniske, Frandske","nee","21707"
"0","217","8","387","437","Hollandske skibe kommen fra Wester og Nord Søen","Hollandske, fra Nord og Westersøen","nee","21708"
"0","217","9","438","505","Hollandske skibe kommen fra Øster Søen","Hollandske, fra Østersøen","nee","21709"
"0","217","10","506","542","Lybske, Dantziger samt Embder og Brehmer","Lubecker, Dantziger, Embder, Bremer","nee","21710"
"0","218","1","7","10","Lybske, Dantziger samt Embder og Brehmer","Lubecker, Dantziger, Embder, Bremer","nee","21801"
"0","218","2","11","61","Danske, Norske samt Wender og Rostocker","Danske, Norske, Wender, Rostocker","nee","21802"
"0","218","3","62","129","Rusiske, Swendske og Pommerske skibe","Russiske, Svenske, Pommerske","nee","21803"
"0","218","4","130","182","Stor Britanniske og Franske skibe","Stor Brittaniske, Frandske","nee","21804"
"0","218","5","183","217","Hollandske skibe kommen fra Wester og Nord Søen","Hollandske, fra Nord og Westersøen","nee","21805"
"0","218","6","218","252","Hollandske skibe kommen fra Øster Søen","Hollandske, fra Østersøen","nee","21806"
"0","218","7","253","282","Lybske, Dantziger, Embder og Bremer","Lubecker, Dantziger, Embder, Bremer","nee","21807"
"0","218","8","283","330","Danske, Norske, Wender og Rostocker","Danske, Norske, Wender, Rostocker","nee","21808"
"0","218","9","331","372","Russiske, Svenske og Pommerske","Russiske, Svenske, Pommerske","nee","21809"
"0","218","10","373","414","Stor Britaniske og Franske","Stor Brittaniske, Frandske","nee","21810"
"0","219","1","40","65","Hollandske skibe kommen fra Vester og Nord Søen","Hollandske, fra Nord og Westersøen","nee","21901"
"0","219","2","66","99","Hollandske skibe kommen fra Øster Søen","Hollandske, fra Østersøen","nee","21902"
"0","219","3","100","125","Lybske, Dantziger, Embder og Bremer","Lubecker, Dantziger, Embder, Bremer","nee","21903"
"0","219","4","126","177","Danske, Norske, Vender og Rostocker","Danske, Norske, Wender, Rostocker","nee","21904"
"0","219","5","178","219","Russiske, Svenske og Pommerske","Russiske, Svenske, Pommerske","nee","21905"
"0","219","6","220","258","Stor Britaniske og Franske","Stor Brittaniske, Frandske","nee","21906"
"0","219","7","259","298","Hollandske skibe kommen fra Wester og Nord Søen","Hollandske, fra Nord og Westersøen","nee","21907"
"0","219","8","299","346","Hollandske skibe kommen fra Øster Søen","Hollandske, fra Østersøen","nee","21908"
"0","219","9","347","388","Lybske, Dantziger samt Embder og Bræmer","Lubecker, Dantziger, Embder, Bremer","nee","21909"
"0","219","10","389","435","Danske, Norske samt Wender og Rostocker","Danske, Norske, Wender, Rostocker","nee","21910"
"0","219","11","436","455","Rusiske, Swendske og Pommerske skibe","Russiske, Svenske, Pommerske","nee","21911"
"0","220","1","9","50","Rusiske, Swendske og Pommerske skibe","Russiske, Svenske, Pommerske","nee","22001"
"0","220","2","51","106","Stor Britanniske og Franske skibe","Stor Brittaniske, Frandske","nee","22002"
"0","220","3","107","156","Hollandske skibe kommen fra Vester og Nord Søen","Hollandske, fra Nord og Westersøen","nee","22003"
"0","220","4","157","214","Hollandske skibe kommen fra Øster Søen","Hollandske, fra Østersøen","nee","22004"
"0","220","5","215","251","Lybske, Dantziger, Kønigsberger og Bremer","Lubecker, Dantziger, Kønigsberger, Bremer","nee","22005"
"0","220","6","252","300","Danske og Norske samt Vender og Rostocker","Danske, Norske, Wender, Rostocker","nee","22006"
"0","220","7","301","355","Russiske, Svenske og Pommerske skibe","Russiske, Svenske, Pommerske","nee","22007"
"0","220","8","356","515","Stor Britanniske og Franske skibe","Stor Brittaniske, Frandske","nee","22008"
"0","220","9","516","526","Hollandske skibe kommen fra Vester og Nord Søen","Hollandske, fra Nord og Westersøen","nee","22009"
"0","221","1","10","54","Hollandske skibe kommen fra Vester og Nord Søen","Hollandske, fra Nord og Westersøen","nee","22101"
"0","221","2","55","108","Hollandske skibe kommen fra Øster Søen","Hollandske, fra Østersøen","nee","22102"
"0","221","3","109","146","Lybske, Dantziger, Embder og Bremer","Lubecker, Dantziger, Embder, Bremer","nee","22103"
"0","221","4","147","203","Danske, Norske, Vender og Rostocker","Danske, Norske, Wender, Rostocker","nee","22104"
"0","221","5","204","253","Russiske, Svenske og Pommerske","Russiske, Svenske, Pommerske","nee","22105"
"0","221","6","254","295","Stor Britanniske og Franske","Stor Brittaniske, Frandske","nee","22106"
"0","222","1","4","46","Hollandske skibe kommen fra Vester og Nord Søen","Hollandske, fra Nord og Westersøen","nee","22201"
"0","222","2","47","127","Hollandske skibe kommen fra Øster Søen","Hollandske, fra Østersøen","nee","22202"
"0","222","3","128","167","Lybske, Dantziger, Embder og Bremer","Lubecker, Dantziger, Embder, Bremer","nee","22203"
"0","222","4","168","223","Danske, Norske, Vender og Rostocker","Danske, Norske, Wender, Rostocker","nee","22204"
"0","222","5","224","273","Russiskse, Svenske og Pommerske","Russiske, Svenske, Pommerske","nee","22205"
"0","222","6","274","324","Stor Britanniske og Franske","Stor Brittaniske, Frandske","nee","22206"
"0","223","1","6","50","Hollandske skibe kommen fra Nord og Wester Søen","Hollandske, fra Nord og Westersøen","nee","22301"
"0","223","2","51","113","Hollandske skibe kommen fra Øster Søen","Hollandske, fra Østersøen","nee","22302"
"0","223","3","114","151","Lubske, Dantziger, Kønigsberger og Brehmer","Lubecker, Dantziger, Koningsberger, Bremer","nee","22303"
"0","223","4","152","196","Danske, Norske samt Wender og Rostocker","Danske, Norske, Wender, Rostocker","nee","22304"
"0","223","5","197","250","Rusiske, Swenske samt Pommerske skibe","Russiske, Svenske, Pommerske","nee","22305"
"0","223","6","251","308","Stor Britaniske og Franske skibe","Stor Brittaniske, Frandske","nee","22306"
"0","223","7","309","358","Hollandske skibe kommen fra Vester og Nord Søen","Hollandske, fra Nord og Westersøen","nee","22307"
"0","223","8","359","423","Hollandske skibe kommen fra Øster Søen","Hollandske, fra Østersøen","nee","22308"
"0","223","9","424","459","Lubske, Dantziger, Kønigsberger, Embder og Brehmer","Lubecker, Dantziger, Koningsberger, Embder, Bremer","nee","22309"
"0","223","10","460","541","Danske, Norske, Wender og Rostocker","Danske, Norske, Wender, Rostocker","nee","22310"
"0","223","11","542","599","Russiske, Swenske og Pommerske skibe","Russiske, Svenske, Pommerske","nee","22311"
"0","223","12","600","653","Stor Britanniske og Franske skibe","Stor Brittaniske, Frandske","nee","22312"
"0","224","1","4","47","Hollandske skibe kommen fra Nord og Wester Søen","Hollandske, fra Nord og Westersøen","nee","22401"
"0","224","2","48","106","Hollandske skibe kommen fra Øster Søen","Hollandske, fra Østersøen","nee","22402"
"0","224","3","107","134","Lybske, Dantziger samt Kønigsberger og Bremer","Lubecker, Dantziger, Kønigsberger, Bremer","nee","22403"
"0","224","4","135","176","Danske og Norske samt Wender og Rostocker","Danske, Norske, Wender, Rostocker","nee","22404"
"0","224","5","177","216","Russiske, Svenske og Pommerske skibe","Russiske, Svenske, Pommerske","nee","22405"
"0","224","6","217","272","Stor Brittanniske og Franske skibe","Stor Brittaniske, Frandske","nee","22406"
"0","224","7","273","318","Hollandske skibe kommen fra Wester og Nord Søen","Hollandske, fra Nord og Westersøen","nee","22407"
"0","224","8","319","381","Hollandske skibe kommen fra Øster Søen","Hollandske, fra Østersøen","nee","22408"
"0","224","9","382","412","Lybske, Dantziger, Kønigsberger, Embder og Bremer","Lubecker, Dantziger, Kønigsberger, Bremer","nee","22409"
"0","224","10","413","472","Danske, Norske, Wender og Rostocker","Danske, Norske, Wender, Rostocker","nee","22410"
"0","224","11","473","515","Russiske, Svenske og Pommerske","Russiske, Svenske, Pommerske","nee","22411"
"0","224","12","516","576","Stor Britanniske og Franske","Stor Brittaniske, Frandske","nee","22412"
"0","224","13","577","627","Hollandske skibe kommen fra Nord og Wester Søen","Hollandske, fra Nord og Westersøen","nee","22413"
"0","224","14","628","651","Hollandske skibe kommen fra Øster Søen","Hollandske, fra Østersøen","nee","22414"
"0","225","1","3","48","Hollandske skibe kommen fra Øster Søen","Hollandske, fra Østersøen","nee","22501"
"0","225","2","49","79","Lybske, Dantziger samt Kønigsberger og Bræmer","Lubecker, Dantziger, Kønigsberger, Bremer","nee","22502"
"0","225","4","80","125","Danske og Norske samt Wender og Rostocker","Danske, Norske, Wender, Rostocker","nee","22504"
"0","225","5","126","176","Russiske, Swendske og Pommerske skibe","Russiske, Svenske, Pommerske","nee","22505"
"0","225","6","177","239","Stor Britanniske og Franske skibe","Stor Brittaniske, Frandske","nee","22506"
"0","225","7","240","291","Hollandske skibe kommen fra Nord og Vester Søen","Hollandske, fra Nord og Westersøen","nee","22507"
"0","225","8","292","357","Hollandske skibe kommen fra Øster Søen","Hollandske, fra Østersøen","nee","22508"
"0","225","9","358","387","Lybske, Dantziger samt Kønigsberger og Bremer","Lubecker, Dantziger, Kønigsberger, Bremer","nee","22509"
"0","225","10","388","431","Danske og Norske samt Wender og Rostocker","Danske, Norske, Wender, Rostocker","nee","22510"
"0","225","11","432","478","Rusiske, Swendske og Pommerske skibe","Russiske, Svenske, Pommerske","nee","22511"
"0","225","12","479","539","Stor Britanniske og Franske skibe","Stor Brittaniske, Frandske","nee","22512"
"0","225","13","540","587","Hollandske skibe kommen fra Wester og Nord Søen","Hollandske, fra Nord og Westersøen","nee","22513"
"0","225","14","588","632","Hollandske skibe kommen fra Øster Søen","Hollandske, fra Østersøen","nee","22514"
"0","226","1","3","19","Hollandske skibe kommen fra Øster Søen","Hollandske, fra Østersøen","nee","22601"
"0","226","2","22","56","Lybske, Dantziger, Kønigsberger, Embder og Bremer skibe","Lubecker, Dantziger, Kønigsberger, Embder, Bremer","nee","22602"
"0","226","3","57","110","Danske, Norske, Wender og Rostocker","Danske, Norske, Wender, Rostocker","nee","22603"
"0","226","4","111","157","Russiske, Svenske og Pommerske","Russiske, Svenske, Pommerske","nee","22604"
"0","226","5","158","220","Stor Britanniske og Franske","Stor Brittaniske, Frandske","nee","22605"
"0","226","6","221","279","Hollandske skibe kommen fra Nord og Wester Søen","Hollandske, fra Nord og Westersøen","nee","22606"
"0","226","7","280","349","Hollandske skibe kommen fra Øster Søen","Hollandske, fra Østersøen","nee","22607"
"0","226","8","350","384","Lubecker, Dantziger, Konigsberger og Bremer","Lubecker, Dantziger, Konigsberger, Bremer","nee","22608"
"0","226","9","385","430","Danske og Norske sampt Wender og Rostockere","Danske, Norske, Wender, Rostocker","nee","22609"
"0","226","10","431","478","Rusiske og Svwenske samt Pommerske skibe","Russiske, Svenske, Pommerske","nee","22610"
"0","226","11","479","548","Stor Britanniske og Franske","Stor Brittaniske, Frandske","nee","22611"
"0","226","12","549","597","Hollandske skibe kommen fra Vester og Nord Søen","Hollandske, fra Nord og Westersøen","nee","22612"
"0","226","13","598","646","Hollandske skibe kommen fra Øster Søen","Hollandske, fra Østersøen","nee","22613"
"0","227","1","4","49","Hollandske skibe kommen fra Vester og Nord Søen","Hollandske, fra Nord og Westersøen","nee","22701"
"0","227","2","50","116","Hollandske skibe kommen fra Øster Søen","Hollandske, fra Østersøen","nee","22702"
"0","227","3","117","151","Lybske, Dantziger, Kønigsberger, Embder og Bremer","Lubecker, Dantziger, Kønigsberger, Embder, Bremer","nee","22703"
"0","227","4","152","196","Danske, Norske, Wender og Rostocker","Danske, Norske, Wender, Rostocker","nee","22704"
"0","227","5","197","246","Russiske, Svenske og Pommerske","Russiske, Svenske, Pommerske","nee","22705"
"0","227","6","247","307","Stor Brittanniske og Franske skibe","Stor Brittaniske, Frandske","nee","22706"
"0","227","7","308","346","Hollandske skibe kommen fra Nord og Wester Søen","Hollandske, fra Nord og Westersøen","nee","22707"
"0","227","8","347","396","Hollandske skibe kommen fra Øster Søen","Hollandske, fra Østersøen","nee","22708"
"0","227","9","397","425","Lybske, Dantziger samt Kønigsberger og Bremer","Lubecker, Dantziger, Kønigsberger, Bremer","nee","22709"
"0","227","10","426","461","Danske og Norske samt Wender og Rostocker","Danske, Norske, Wender, Rostocker","nee","22710"
"0","227","11","462","513","Russiske og Svenske samt Pommerske skibe","Russiske, Svenske, Pommerske","nee","22711"
"0","227","12","514","579","Stor Britanniske og Franske skibe","Stor Brittaniske, Frandske","nee","22712"
"0","227","13","580","632","Hollandske skibe kommen fra Vester og Nord Søen","Hollandske, fra Nord og Westersøen","nee","22713"
"0","227","14","633","639","Stor Britanniske og Franske skibe","Stor Brittaniske, Frandske","nee","22714"
"0","227","15","640","697","Hollandske skibe kommen fra Øster Søen","Hollandske, fra Østersøen","nee","22715"
"0","227","16","698","701","Lybske, Dantziger, Kønigsberger, Embder og Bremer","Lubecker, Dantziger, Kønigsberger, Embder, Bremer","nee","22716"
"0","227","17","702","742","Lybske, Dantziger, Kønigsberger, Embder og Bremer","Lubecker, Dantziger, Kønigsberger, Embder, Bremer","nee","22717"
"0","228","1","5","60","Danske, Norske, Wender og Rostocker","Danske, Norske, Wender, Rostocker","nee","22801"
"0","228","2","61","120","Russiske, Svenske og Pommerske","Russiske, Svenske, Pommerske","nee","22802"
"0","228","3","120","191","Stor Brittanniske og Franske","Stor Brittaniske, Frandske","nee","22803"
"0","228","4","192","194","Hollandske skibe kommen fra Vester og Nord Søen","Hollandske, fra Nord og Westersøen","nee","22804"
"0","228","5","195","237","Hollandske skibe kommen fra Vester og Nord Søen","Hollandske, fra Nord og Westersøen","nee","22805"
"0","228","6","238","288","Hollandske skibe kommen fra Øster Søen","Hollandske, fra Østersøen","nee","22806"
"0","228","7","289","322","Lybske, Dantziger, Kønigsberger, Embder og Bremer","Lubecker, Dantziger, Kønigsberger, Embder, Bremer","nee","22807"
"0","228","8","323","378","Danske, Norske, Wender og Rostocker","Danske, Norske, Wender, Rostocker","nee","22808"
"0","228","9","379","439","Russiske, Svenske og Pommerske","Russiske, Svenske, Pommerske","nee","22809"
"0","228","10","440","496","Stor Brittanniske og Franske","Stor Brittaniske, Frandske","nee","22810"
"0","228","11","497","548","Hollandske skibe kommen fra Nord og Vester Søen","Hollandske, fra Nord og Westersøen","nee","22811"
"0","228","12","549","598","Hollandske skibe kommen fra Øster Søen","Hollandske, fra Østersøen","nee","22812"
"0","228","13","599","15","Lybske, Dantziger, Kønigsberger og Bremer","Lubecker, Dantziger, Kønigsberger, Bremer","nee","22813"
"0","229","1","3","15","Lybske, Dantziger, Kønigsberger og Bremer","Lubecker, Dantziger, Kønigsberger, Bremer","nee","22901"
"0","229","2","16","60","Danske, Norske, Wender og Rostocker","Danske, Norske, Wender, Rostocker","nee","22902"
"0","229","3","61","117","Russiske, Svenske og Pommerske skibe","Russiske, Svenske, Pommerske","nee","22903"
"0","229","5","118","185","Stor Britanniske og Franske skibe","Stor Brittaniske, Frandske","nee","22905"
"0","229","6","186","231","Hollandske skibe kommen fra Nord og Vester Søen","Hollandske, fra Nord og Westersøen","nee","22906"
"0","229","7","232","290","Hollandske skibe kommen fra Øster Søen","Hollandske, fra Østersøen","nee","22907"
"0","229","8","291","328","Lybecker og Dantziger samt Kønigsberger og Bremer","Lubecker, Dantziger, Koningsberger, Bremer","nee","22908"
"0","229","9","329","372","Danske og Norske samt Wender og Rostocker","Danske, Norske, Wender, Rostocker","nee","22909"
"0","229","10","373","428","Russiske og Svenske samt Pommerske skibe","Russiske, Svenske, Pommerske","nee","22910"
"0","229","11","429","483","Stor Britanske og Franske skibe","Stor Brittaniske, Frandske","nee","22911"
"0","229","12","484","525","Hollandske skibe kommen fra Wester og Nord Søen","Hollandske, fra Nord og Westersøen","nee","22912"
"0","229","13","526","572","Hollandske skibe kommen fra Øster Søen","Hollandske, fra Østersøen","nee","22913"
"0","229","14","573","606","Lybske, Dantziger, Kønigsberger, Embder og Bremer","Lubecker, Dantziger, Kønigsberger, Embder, Bremer","nee","22914"
"0","229","15","607","637","Danske, Norske, Wender og Rostocker","Danske, Norske, Wender, Rostocker","nee","22915"
"0","230","1","3","25","Danske, Norske, Wender og Rostocker","Danske, Norske, Wender, Rostocker","nee","23001"
"0","230","2","28","89","Russiske, Svenske og Pommerske","Russiske, Svenske, Pommerske","nee","23002"
"0","230","3","90","136","Stor Brittanniske og Franske","Stor Brittaniske, Frandske","nee","23003"
"0","230","4","137","187","Hollandske skibe kommen fra Nord og Vester Søen","Hollandske, fra Nord og Westersøen","nee","23004"
"0","230","5","188","243","Hollandske skibe kommen fra Øster Søen","Hollandske, fra Østersøen","nee","23005"
"0","230","6","244","282","Lybecker, Dantziger samt Kønigsberger og Bremmer","Lubecker, Dantziger, Koningsberger, Bremer","nee","23006"
"0","230","7","283","329","Danske og Norske samt Wender og Rostocker","Danske, Norske, Wender, Rostocker","nee","23007"
"0","230","8","330","380","Rusiske og Svenske samt Pommerske skibe","Russiske, Svenske, Pommerske","nee","23008"
"0","230","9","381","432","Stor Britanniske og Franske skibe","Stor Brittaniske, Frandske","nee","23009"
"0","230","10","433","482","Hollandske skibe kommen fra Vester og Nord Søen","Hollandske, fra Nord og Westersøen","nee","23010"
"0","230","11","483","531","Hollandske skibe kommen fra Øster Søen","Hollandske, fra Østersøen","nee","23011"
"0","230","12","532","568","Lybske, Dantziger, Kønigsberger, Embder og Bremer","Lubecker, Dantziger, Kønigsberger, Embder, Bremer","nee","23012"
"0","230","13","569","628","Danske, Norske, Wender og Rostocker","Danske, Norske, Wender, Rostocker","nee","23013"
"0","230","14","629","640","Russiske, Svenske og Pommerske","Russiske, Svenske, Pommerske","nee","23014"
"0","231","1","3","49","Russiske, Svenske og Pommerske","Russiske, Svenske, Pommerske","nee","23101"
"0","231","2","50","104","Stor Brittanniske og Franske","Stor Brittaniske, Frandske","nee","23102"
"0","231","3","105","154","Hollandske skibe kommen fra Vester og Nord Søen","Hollandske, fra Nord og Westersøen","nee","23103"
"0","231","4","155","209","Hollandske skibe kommen fra Øster Søen","Hollandske, fra Østersøen","nee","23104"
"0","231","5","210","248","Lubske, Dantziger, Kønigsberger, Embder og Bremer","Lubecker, Dantziger, Koningsberger, Embder, Bremer","nee","23105"
"0","231","6","249","304","Danske, Norske, Wender og Rostocker","Danske, Norske, Wender, Rostocker","nee","23106"
"0","231","7","305","357","Russiske, Svenske og Pommerske","Russiske, Svenske, Pommerske","nee","23107"
"0","231","8","358","415","Stor Brittanniske og Franske","Stor Brittaniske, Frandske","nee","23108"
"0","231","9","416","469","Hollandske skibe kommen fra Nord og Wester Søen","Hollandske, fra Nord og Westersøen","nee","23109"
"0","231","10","470","528","Hollandske skibe kommen fra Øster Søen","Hollandske, fra Østersøen","nee","23110"
"0","231","11","529","568","Lybecker, Dantziger samt Kønigsberger og Brehmer","Lubecker, Dantziger, Koningsberger, Bremer","nee","23111"
"0","231","12","569","620","Danske og Norske samt Wender og Rostocker","Danske, Norske, Wender, Rostocker","nee","23112"
"0","231","13","621","648","Rusiske og Svenske samt Pommerske skibe","Russiske, Svenske, Pommerske","nee","23113"
"0","232","1","3","24","Rusiske og Svenske samt Pommerske skibe","Russiske, Svenske, Pommerske","nee","23201"
"0","232","2","25","80","Stor Britanniske og Franske skibe","Stor Brittaniske, Frandske","nee","23202"
"0","232","3","81","81","Hollandske skibe kommen fra Nord og Vester Søen","Hollandske, fra Nord og Westersøen","nee","23203"
"0","232","4","82","132","Hollandske skibe kommen fra Nord og Vester Søen","Hollandske, fra Nord og Westersøen","nee","23204"
"0","232","5","133","189","Hollandske skibe kommen fra Øster Søen","Hollandske, fra Østersøen","nee","23205"
"0","232","6","190","230","Lybecker, Dantziger samt Kønigsberger og Bræmer","Lubecker, Dantziger, Koningsberger, Bremer","nee","23206"
"0","232","7","231","277","Danske og Norske samt Wender og Rostocker","Danske, Norske, Wender, Rostocker","nee","23207"
"0","232","8","278","327","Rusiske og Svenske samt Pommerske skibe","Russiske, Svenske, Pommerske","nee","23208"
"0","232","9","328","375","Stor Britanniske og Franske skibe","Stor Brittaniske, Frandske","nee","23209"
"0","232","10","376","422","Hollandske skibe kommen fra Vester og Nord Søen","Hollandske, fra Nord og Westersøen","nee","23210"
"0","232","11","423","478","Hollandske skibe kommen fra Øster Søen","Hollandske, fra Østersøen","nee","23211"
"0","232","12","479","515","Lubske, Dantziger, Kønigsberger, Embder og Bremer","Lubecker, Dantziger, Koningsberger, Embder, Bremer","nee","23212"
"0","232","13","516","573","Danske, Norske, Wender og Rostocker","Danske, Norske, Wender, Rostocker","nee","23213"
"0","232","14","574","630","Russiske, Svenske og Pommerske","Russiske, Svenske, Pommerske","nee","23214"
"0","232","15","631","636","Stor Brittanniske og Franske","Stor Brittaniske, Frandske","nee","23215"
"0","233","1","3","36","Stor Brittanniske og Franske","Stor Brittaniske, Frandske","nee","23301"
"0","233","2","44","97","Hollandske skibe kommen fra Nord og Vest Søen","Hollandske, fra Nord og Westersøen","nee","23302"
"0","233","3","98","158","Hollandske skibe kommen fra Øster Søen","Hollandske, fra Østersøen","nee","23303"
"0","233","4","159","197","Lubske, Dantziger, Kønigsberger, Embder og Bremer","Lubecker, Dantziger, Koningsberger, Embder, Bremer","nee","23304"
"0","233","5","198","256","Danske, Norske, Wender og Rostocker","Danske, Norske, Wender, Rostocker","nee","23305"
"0","233","6","257","311","Russiske, Svenske og Pommerske","Russiske, Svenske, Pommerske","nee","23306"
"0","233","7","312","360","Stor Brittanniske og Franske","Stor Brittaniske, Frandske","nee","23307"
"0","233","8","361","361","Hollandske skibe kommen fra Nord og Vester Søen","Hollandske, fra Nord og Westersøen","nee","23308"
"0","233","9","362","415","Hollandske skibe kommen fra Nord og Vester Søen","Hollandske, fra Nord og Westersøen","nee","23309"
"0","233","10","416","480","Hollandske skibe kommen fra Øster Søen","Hollandske, fra Østersøen","nee","23310"
"0","233","11","481","520","Lybecker, Dantziger samt Kønigsberger og Bræmer","Lubecker, Dantziger, Koningsberger, Bremer","nee","23311"
"0","233","12","521","568","Danske og Norske samt Vender og Rostocker","Danske, Norske, Wender, Rostocker","nee","23312"
"0","233","13","569","623","Rusiske og Svenske samt Pommerske skibe","Russiske, Svenske, Pommerske","nee","23313"
"0","233","14","624","630","Stor Britanniske og Franske skibe","Stor Brittaniske, Frandske","nee","23314"
"0","234","1","3","31","Stor Britanniske og Franske skibe","Stor Brittaniske, Frandske","nee","23401"
"0","234","2","38","81","Hollandske skibe kommen fra Vester og Nord Søen","Hollandske, fra Nord og Westersøen","nee","23402"
"0","234","3","82","137","Hollandske skibe kommen fra Øster Søen","Hollandske, fra Østersøen","nee","23403"
"0","234","4","138","168","Lybske, Dantziger, Kønigsberger, Embder og Bremer","Lubecker, Dantziger, Kønigsberger, Embder, Bremer","nee","23404"
"0","234","5","169","216","Danske, Norske, Wender og Rostocker","Danske, Norske, Wender, Rostocker","nee","23405"
"0","234","6","217","269","Russiske, Svenske og Pommerske","Russiske, Svenske, Pommerske","nee","23406"
"0","234","7","270","312","Stor Brittanniske og Franske","Stor Brittaniske, Frandske","nee","23407"
"0","234","8","313","373","Hollandske skibe kommen fra Nord og Wester Søen","Hollandske, fra Nord og Westersøen","nee","23408"
"0","234","9","374","431","Hollandske skibe kommen fra Øster Søen","Hollandske, fra Østersøen","nee","23409"
"0","234","10","432","473","Lybske, Dantziger samt Kønigsberger og Brehmer","Lubecker, Dantziger, Kønigsberger, Bremer","nee","23410"
"0","234","11","474","522","Danske og Norske samt Wender og Rostocker","Danske, Norske, Wender, Rostocker","nee","23411"
"0","234","12","523","579","Rusiske, Swenske samt Pommerske skibe","Russiske, Svenske, Pommerske","nee","23412"
"0","234","13","580","615","Stor Britanniske og Franske skibe","Stor Brittaniske, Frandske","nee","23413"
"0","235","1","4","65","Hollandske skibe kommen fra Wester og Nord Søen","Hollandske, fra Nord og Westersøen","nee","23501"
"0","235","2","66","138","Hollandske skibe kommen fra Øster Søen","Hollandske, fra Østersøen","nee","23502"
"0","235","3","139","177","Lybske, Dantziger samt Kønigsberger og Bremer","Lubecker, Dantziger, Kønigsberger, Bremer","nee","23503"
"0","235","4","178","233","Danske, Norske, Wender og Rostocker","Danske, Norske, Wender, Rostocker","nee","23504"
"0","235","5","234","295","Russiske, Svenske og Pommerske","Russiske, Svenske, Pommerske","nee","23505"
"0","235","6","296","356","Stor Brittanniske og Franske skibe","Stor Brittaniske, Frandske","nee","23506"
"0","235","7","357","414","Hollandske skibe kommen fra Nord Søen","Hollandske, fra Nordsøen","nee","23507"
"0","235","8","415","479","Hollandske skibe kommen fra Øster Søen","Hollandske, fra Østersøen","nee","23508"
"0","235","9","480","521","Lybecker, Dantziger, Preussiske samt andre Rigsstæder","Lubecker, Dantziger, Preussiske etc.","nee","23509"
"0","235","10","522","559","Danske og Norske skibe","Danske, Norske","nee","23510"
"0","235","11","560","635","Russiske, Svenske og Pommerske skibe","Russiske, Svenske, Pommerske","nee","23511"
"0","235","12","636","651","Stor Brittanniske og Franske skibe","Stor Brittaniske, Frandske","nee","23512"
"0","236","1","3","46","Stor Brittanniske og Franske skibe","Stor Brittaniske, Frandske","nee","23601"
"0","236","2","47","98","Hollandske skibe destinerende fra Nord Søen til Øster Søen","Hollandske, fra Nordsøen","nee","23602"
"0","236","3","99","157","Hollandske skibe retournerende fra Øster Søen til Nord Søen","Hollandske, fra Østersøen","nee","23603"
"0","236","4","158","179","Russiske, Preussiske, Rigstæder samt andere ufrie skibe","Russiske, Preussiske, Rigstæder etc.","nee","23604"
"0","236","5","180","181","Hollandere kommendes fra Øster Søen","Hollandske, Ladde, fra Østersøen","nee","23605"
"0","236","6","181","203","Russiske, Preussiske, Rigstæder samt andere ufrie skibe","Russiske, Preussiske, Rigstæder etc.","nee","23606"
"0","236","7","204","244","Danske og Norske skibe","Danske, Norske","nee","23607"
"0","236","8","245","300","Svenske og Pommerske skibe","Svenske, Pommerske","nee","23608"
"0","236","9","301","357","Stor Brittanniske og Franske skibe","Stor Brittaniske, Frandske","nee","23609"
"0","236","10","358","405","Hollandske skibe kommen fra Vester og Nord Søen","Hollandske, fra Nord og Westersøen","nee","23610"
"0","236","11","406","463","Hollandske skibe kommen fra Øster Søen","Hollandske, fra Østersøen","nee","23611"
"0","236","12","464","498","Lybske, Dantziger, Kønigsberger, og Bremer","Lubecker, Dantziger, Kønigsberger, Bremer","nee","23612"
"0","236","13","499","544","Danske, Norske, Vender og Rostocker","Danske, Norske, Wender, Rostocker","nee","23613"
"0","236","14","545","605","Russiske, Svenske og Pommerske","Russiske, Svenske, Pommerske","nee","23614"
"0","236","15","606","632","Stor Brittanniske og Franske skibe","Stor Brittaniske, Frandske","nee","23615"
"0","237","1","3","33","Stor Brittanniske og Franske skibe","Stor Brittaniske, Frandske","nee","23701"
"0","237","2","39","81","Hollandske skibe destinerede fra Nord Søen til Øster Søen","Hollandske, fra Nordsøen","nee","23702"
"0","237","3","82","131","Hollandske skibe retourn. fra Øster Søen til Nord Søen","Hollandske, fra Østersøen","nee","23703"
"0","237","4","132","171","Russiske, Preussiske, Hanseatiske, Rigstæder og andre ufrie skibe","Russiske, Preussiske, Hanseatiske, Rigstæder etc.","nee","23704"
"0","237","5","172","206","Danske og Norske skibe","Danske, Norske","nee","23705"
"0","237","6","207","249","Svenske og Pommerske skibe","Svenske, Pommerske","nee","23706"
"0","237","7","250","303","Stor Britanniske skibe","Stor Brittaniske","nee","23707"
"0","237","8","304","360","Hollandske skibe kommen fra Vester og Nord Søen","Hollandske, fra Nord og Westersøen","nee","23708"
"0","237","9","361","422","Hollandske skibe kommen fra Øster Søen","Hollandske, fra Østersøen","nee","23709"
"0","237","10","423","462","Lybske, Dantziger, Kønigsberger og Bremer","Lubecker, Dantziger, Embder, Bremer","nee","23710"
"0","237","11","463","512","Danske, Norske, Vender og Rostocker","Danske, Norske, Wender, Rostocker","nee","23711"
"0","237","12","513","575","Russiske, Svenske og Pommerske","Russiske, Svenske, Pommerske","nee","23712"
"0","237","13","576","638","Stor Brittanniske og Franske skibe","Stor Brittaniske, Frandske","nee","23713"
"0","238","1","4","53","Hollandske skibe fra Nord Søen til Øster Søen","Hollandske, fra Nordsøen","nee","23801"
"0","238","2","54","111","Hollandske skibe fra Øster Søen til Nord Søen","Hollandske, fra Østersøen","nee","23802"
"0","238","3","112","161","Russiske, Preussiske, Hanseatiske, Rigstæders og andre ufrie skibe","Russiske, Preussiske, Hanseatiske, Rigstæder etc.","nee","23803"
"0","238","4","162","201","Danske og Norske skiibe","Danske, Norske","nee","23804"
"0","238","5","202","245","Svenske og Pommerske skibe","Svenske, Pommerske","nee","23805"
"0","238","6","246","300","Stor Brittanniske skibe","Stor Brittaniske","nee","23806"
"0","239","1","4","64","Hollandske skibe kommen fra Vester og Nord Søen","Hollandske, fra Nord og Westersøen","nee","23901"
"0","239","2","65","132","Hollandske skibe kommen fra Øster Søen","Hollandske, fra Østersøen","nee","23902"
"0","239","3","133","175","Lybske, Dantziger, Kønigsberger, og Bremer","Lubecker, Dantziger, Kønigsberger, Bremer","nee","23903"
"0","239","4","176","223","Danske, Norske, Vender og Rostocker","Danske, Norske, Wender, Rostocker","nee","23904"
"0","239","5","224","285","Russiske, Svenske og Pommerske","Russiske, Svenske, Pommerske","nee","23905"
"0","239","6","286","358","Stor Brittanniske og Franske","Stor Brittaniske, Frandske","nee","23906"
"0","239","7","359","420","Hollandske skibe kommen fra Vester og Nord Søen","Hollandske, fra Nord og Westersøen","nee","23907"
"0","239","8","421","486","Hollandske skibe kommen fra Øster Søen","Hollandske, fra Østersøen","nee","23908"
"0","239","9","487","532","Lybske, Dantziger, Kønigsberger, og Bremer","Lubecker, Dantziger, Kønigsberger, Bremer","nee","23909"
"0","239","10","533","581","Danske, Norske, Vender og Rostocker","Danske, Norske, Wender, Rostocker","nee","23910"
"0","239","11","582","586","Svenske skippers","Svenske","nee","23911"
"0","239","12","587","637","Russiske, Svenske og Pommerske","Russiske, Svenske, Pommerske","nee","23912"
"0","239","13","638","644","Engelske skippers","Engelske","nee","23913"
"0","239","14","645","659","Stor Brittanniske og Franske","Stor Brittaniske, Frandske","nee","23914"
"0","240","1","3","62","Stor Brittanniske og Franske","Stor Brittaniske, Frandske","nee","24001"
"0","240","2","63","118","Hollandske skibe til Øster Søen","Hollandske, fra Østersøen","nee","24002"
"0","240","3","119","189","Hollandske skibe fra Øster- til Nord Søen","Hollandske, fra Østersøen","nee","24003"
"0","240","4","190","239","Russisske, Preussiske, Hanseatiske, Rigstæder og alle ufrie skibe","Russiske, Preussiske, Hanseatiske, Rigstæder etc.","nee","24004"
"0","240","5","240","246","Engelske skippers","Engelske","nee","24005"
"0","240","6","247","291","Danske og Norske skibe","Danske, Norske","nee","24006"
"0","240","7","292","334","Svenske og Pommerske skibe","Svenske, Pommerske","nee","24007"
"0","240","8","335","339","Engelske skippers","Engelske","nee","24008"
"0","240","9","340","406","Stor Brittanniske skibe","Stor Brittaniske","nee","24009"
"0","240","10","407","458","Hollandske skibe fra Nord- til Øster Søen","Hollandske, fra Nordsøen","nee","24010"
"0","240","11","459","521","Hollandske skibe fra Øster- til Nord Søen","Hollandske, fra Østersøen","nee","24011"
"0","240","12","522","573","Russisske, Preussiske, Hanseatiske, Rigstæders og alle andre ufrie skibe","Russiske, Preussiske, Hanseatiske, Rigstæder etc.","nee","24012"
"0","240","13","574","610","Danske og Norske skibe","Danske, Norske","nee","24013"
"0","240","14","611","636","Svenske og Pommerske skibe","Svenske, Pommerske","nee","24014"
"0","241","1","3","30","Svenske og Pommerske skibe","Svenske, Pommerske","nee","24101"
"0","241","2","31","113","Stor Brittanniske skibe","Stor Brittaniske","nee","24102"
"0","241","3","114","165","Hollandske skibe kommen fra Vester og Nord Søen","Hollandske, fra Nord og Westersøen","nee","24103"
"0","241","4","166","222","Hollandske skibe kommen fra Øster Søen","Hollandske, fra Østersøen","nee","24104"
"0","241","5","223","259","Lybske, Dantziger, Kønigsberger, Embder og Bremer","Lubecker, Dantziger, Kønigsberger, Embder, Bremer","nee","24105"
"0","241","6","260","304","Danske, Norske, Wender og Rostocker","Danske, Norske, Wender, Rostocker","nee","24106"
"0","241","7","305","312","Stor Britanniske og Franske","Stor Brittaniske, Frandske","nee","24107"
"0","241","8","313","371","Russiske, Svenske og Pommerske","Russiske, Svenske, Pommerske","nee","24108"
"0","241","9","372","446","Stor Brittanniske og Franske","Stor Brittaniske, Frandske","nee","24109"
"0","241","10","447","499","Hollandske skibe fra Nord- til Øster Søen","Hollandske, fra Nordsøen","nee","24110"
"0","241","11","500","566","Hollandske skibe fra Øster- til Nord Søen","Hollandske, fra Østersøen","nee","24111"
"0","241","12","567","618","Russisske, Preussiske, Hanseatiske, Rigstæders og alle andre ufrie skibe","Russiske, Preussiske, Hanseatiske, Rigstæder etc.","nee","24112"
"0","241","13","619","650","Danske og Norske skibe","Danske, Norske","nee","24113"
"0","242","1","3","12","Danske og Norske skibe","Danske, Norske","nee","24201"
"0","242","2","13","69","Svenske og Pommerske skibe","Svenske, Pommerske","nee","24202"
"0","242","3","70","153","Stor Brittanniske og Franske skibe","Stor Brittaniske, Frandske","nee","24203"
"0","242","4","154","206","Hollandske skibe kommen fra Vester og Nord Søen","Hollandske, fra Nord og Westersøen","nee","24204"
"0","242","5","207","267","Hollandske skibe kommen fra Øster Søen","Hollandske, fra Østersøen","nee","24205"
"0","242","6","268","307","Lybske, Dantziger, Kønigsberger, Embder og Bremer","Lubecker, Dantziger, Kønigsberger, Embder, Bremer","nee","24206"
"0","242","7","308","349","Danske, Norske, Wender og Rostocker","Danske, Norske, Wender, Rostocker","nee","24207"
"0","242","8","350","412","Russiske, Svenske og Pommerske","Russiske, Svenske, Pommerske","nee","24208"
"0","242","9","413","495","Stor Brittanniske og Franske","Stor Brittaniske, Frandske","nee","24209"
"0","242","10","496","545","Hollandske skibe fra Nord- til Øster Søen","Hollandske, fra Nordsøen","nee","24210"
"0","242","11","546","615","Hollandske skibe fra Øster- til Nord Søen","Hollandske, fra Østersøen","nee","24211"
"0","242","12","616","656","Russiske, Preussiske, Hanseatiske, Rigstæder og alle ufrie skibe","Russiske, Preussiske, Hanseatiske, Rigstæder etc.","nee","24212"
"0","243","1","3","18","Russiske, Preussiske, Hanseatiske, Rigstæder og alle ufrie skibe","Russiske, Preussiske, Hanseatiske, Rigstæder etc.","nee","24301"
"0","243","2","18","54","Danske og Norske skibe","Danske, Norske","nee","24302"
"0","243","3","55","103","Svenske og Pommerske skibe","Svenske, Pommerske","nee","24303"
"0","243","4","104","110","Russiske, Preussiske, Hanseatiske, Rigstæders og alle ufrie skibe","Russiske, Preussiske, Hanseatiske, Rigstæder etc.","nee","24304"
"0","243","5","111","201","Stor Brittanniske og Franske skibe","Stor Brittaniske, Frandske","nee","24305"
"0","243","6","202","252","Hollandske skibe kommen fra Vester og Nord Søen","Hollandske, fra Nord og Westersøen","nee","24306"
"0","243","7","253","312","Hollandske skibe kommen fra Øster Søen","Hollandske, fra Østersøen","nee","24307"
"0","243","8","313","347","Lybske, Dantziger, Kønigsberger, Embder og Bremer","Lubecker, Dantziger, Kønigsberger, Embder, Bremer","nee","24308"
"0","243","9","348","392","Danske, Norske, Wender og Rostocker","Danske, Norske, Wender, Rostocker","nee","24309"
"0","243","10","393","444","Russiske, Svenske og Pommerske","Russiske, Svenske, Pommerske","nee","24310"
"0","243","11","445","520","Stor Brittanniske og Franske skibe","Stor Brittaniske, Frandske","nee","24311"
"0","243","12","521","570","Hollandske skibe kommen fra Vester og Nord Søen","Hollandske, fra Nord og Westersøen","nee","24312"
"0","243","13","571","626","Hollandske skibe kommen fra Øster Søen","Hollandske, fra Østersøen","nee","24313"
"0","243","14","627","651","Russiske, Preussiske, Hanseatiske, Rigstæders og alle ufrie skibe","Russiske, Preussiske, Hanseatiske, Rigstæder etc.","nee","24314"
"0","244","1","3","26","Russiske, Preussiske, Hanseatiske, Rigstæders og alle ufrie skibe","Russiske, Preussiske, Hanseatiske, Rigstæder etc.","nee","24401"
"0","244","2","30","70","Danske og Norske skibe","Danske, Norske","nee","24402"
"0","244","3","71","119","Svenske og Pommerske skibe","Svenske, Pommerske","nee","24403"
"0","244","4","120","205","Storbrittanniske og Franske skibe","Stor Brittaniske, Frandske","nee","24404"
"0","244","5","206","252","Hollandske skibe kommen fra Vester og Nord Søen","Hollandske, fra Nord og Westersøen","nee","24405"
"0","244","6","253","306","Hollandske skibe kommen fra Øster Søen","Hollandske, fra Østersøen","nee","24406"
"0","244","7","307","343","Lybske, Dantziger, Kønigsberger, Embder og Bremer","Lubecker, Dantziger, Kønigsberger, Embder, Bremer","nee","24407"
"0","244","8","344","386","Danske, Norske, Wender og Rostocker","Danske, Norske, Wender, Rostocker","nee","24408"
"0","244","9","387","441","Russiske, Svenske og Pommerske","Russiske, Svenske, Pommerske","nee","24409"
"0","244","10","442","519","Stor Brittanniske og Franske","Stor Brittaniske, Frandske","nee","24410"
"0","245","1","4","57","Hollandske skibe kommen fra Vester og Nord Søen","Hollandske, fra Nord og Westersøen","nee","24501"
"0","245","2","58","116","Hollandske skibe kommen fra Øster Søen","Hollandske, fra Østersøen","nee","24502"
"0","245","3","117","159","Lybske, Dantziger, Kønigsberger, Embder og Bremer","Lubecker, Dantziger, Kønigsberger, Embder, Bremer","nee","24503"
"0","245","4","160","209","Danske, Norske, Wender og Rostocker","Danske, Norske, Wender, Rostocker","nee","24504"
"0","245","5","210","273","Russiske, Svenske og Pommerske","Russiske, Svenske, Pommerske","nee","24505"
"0","245","6","274","364","Stor Brittanniske og Franske","Stor Brittaniske, Frandske","nee","24506"
"0","245","7","365","414","Hollandske skibe kommen fra Vester og Nord Søen","Hollandske, fra Nord og Westersøen","nee","24507"
"0","245","8","415","469","Hollandske skibe kommen fra Øster Søen","Hollandske, fra Østersøen","nee","24508"
"0","245","9","470","528","Russiske, Preussiske, Rigsteders, Anseatiske og alle ufrie skibe","Russiske, Preussiske, Hanseatiske, Rigstæder etc.","nee","24509"
"0","245","10","529","568","Danske og Norske skibe","Danske, Norske","nee","24510"
"0","245","11","569","617","Svenske og Pommerske skibe","Svenske, Pommerske","nee","24511"
"0","245","12","618","620","Stor Brittanniske og Franske","Stor Brittaniske, Frandske","nee","24512"
"0","246","1","3","69","Stor Brittanniske og Franske","Stor Brittaniske, Frandske","nee","24601"
"0","246","2","77","126","Hollandske skibe kommen fra Vester og Nord Søen","Hollandske, fra Nord og Westersøen","nee","24602"
"0","246","3","127","180","Hollandske skibe kommen fra Øster Søen","Hollandske, fra Østersøen","nee","24603"
"0","246","4","181","237","Russiske, Preussiske, Rigsteders, Anseatiske og alle ufrie skibe","Russiske, Preussiske, Hanseatiske, Rigstæder etc.","nee","24604"
"0","246","5","238","276","Danske og Norske skibe","Danske, Norske","nee","24605"
"0","246","6","277","329","Svenske og Pommerske skibe","Svenske, Pommerske","nee","24606"
"0","246","7","329","413","Stor Brittanniske og Franske","Stor Brittaniske, Frandske","nee","24607"
"0","246","8","414","461","Hollandske skibe kommen fra Vester og Nord Søen","Hollandske, fra Nord og Westersøen","nee","24608"
"0","246","9","462","513","Hollandske skibe kommen fra Øster Søen","Hollandske, fra Østersøen","nee","24609"
"0","246","10","514","548","Lybske, Dantziger, Kønigsberger, Embder og Bremer skibe","Lubecker, Dantziger, Kønigsberger, Embder, Bremer","nee","24610"
"0","246","11","549","594","Danske, Norske, Wender og Rostocker","Danske, Norske, Wender, Rostocker","nee","24611"
"0","246","12","595","650","Russiske, Svenske og Pommerske","Russiske, Svenske, Pommerske","nee","24612"
"0","247","1","3","11","Russiske, Svenske og Pommerske","Russiske, Svenske, Pommerske","nee","24701"
"0","247","2","12","94","Stor Britanniske og Franske skibe","Stor Brittaniske, Frandske","nee","24702"
"0","247","3","95","148","Hollandske skibe kommen fra Vester og Nord Søen","Hollandske, fra Nord og Westersøen","nee","24703"
"0","247","4","149","203","Hollandske skibe kommen fra Øster Søen","Hollandske, fra Østersøen","nee","24704"
"0","247","5","204","264","Russiske, Preussiske, Rigsteders, Anseatiske og alle ufri skibe","Russiske, Preussiske, Hanseatiske, Rigstæder etc.","nee","24705"
"0","247","6","265","299","Danske og Norske skibe","Danske, Norske","nee","24706"
"0","247","7","300","309","Stor Brittaniske og Franske","Stor Brittaniske, Frandske","nee","24707"
"0","247","8","310","363","Svenske og Pommerske skibe","Svenske, Pommerske","nee","24708"
"0","247","9","364","442","Stor Brittaniske og Franske","Stor Brittaniske, Frandske","nee","24709"
"0","247","10","443","491","Hollandske skibe kommen fra Vester og Nord Søen","Hollandske, fra Nord og Westersøen","nee","24710"
"0","247","11","492","502","Stor Brittaniske og Franske","Stor Brittaniske, Frandske","nee","24711"
"0","247","13","503","555","Hollandske skibe kommen fra Øster Søen","Hollandske, fra Østersøen","nee","24713"
"0","247","14","556","592","Lubske, Dantziger, Kønigsberger, Embder og Brehmer skibe","Lubecker, Dantziger, Koningsberger, Embder, Bremer","nee","24714"
"0","247","15","593","632","Danske, Norske, Wender og Rostocker skibe","Danske, Norske, Wender, Rostocker","nee","24715"
"0","247","16","633","648","Russiske, Swenske og Pommerske","Russiske, Svenske, Pommerske","nee","24716"
"0","248","1","3","47","Russiske, Swenske og Pommerske","Russiske, Svenske, Pommerske","nee","24801"
"0","248","2","48","133","Stor Brittanniske og Franske","Stor Brittaniske, Frandske","nee","24802"
"0","248","3","134","202","Danske og Norske skiibe","Danske, Norske","nee","24803"
"0","248","4","203","210","Preussiske, Portugisiske, Lybske, Dantziger, Embder og Bremer samt andre ufrie skibe","Preussiske, Portugiser, Lubecker, Dantziger, Embder, Bremer etc.","nee","24804"
"0","248","5","211","394","Hollandske skiibe","Hollandske","nee","24805"
"0","248","6","395","473","Preusziske, Portugisiske, Lybske, Dantziger, Embder og Bremer samt andre ufrie skiibe","Preussiske, Portugiser, Lubecker, Dantziger, Embder, Bremer etc.","nee","24806"
"0","248","7","474","543","Danske og Norske skiibe","Danske, Norske","nee","24807"
"0","248","8","544","637","Hollandske skiibe","Hollandske","nee","24808"
"0","249","1","3","68","Hollandske skiibe","Hollandske","nee","24901"
"0","249","2","71","157","Preussiske, Portugisiske, Lybske, Dantziger, Embder og Bremer samt andre ufrie skibe","Preussiske, Portugiser, Lubecker, Dantziger, Embder, Bremer etc.","nee","24902"
"0","249","3","164","188","Franske, Hamborgske, Russiske, Spanske, Colbergske, Caminske og Rostocker skibe","Frandske, Hamborger, Russiske, Spanske, Colberger, Caminer, Rostocker","nee","24903"
"0","249","4","190","358","Stor Brittaniske skibe","Stor Brittaniske","nee","24904"
"0","249","5","360","465","Svenske skibe","Svenske","nee","24905"
"0","249","6","473","498","Franske, Hamborgske, Russiske, Spanske, Colbergske, Caminske og Rostocker skibe","Frandske, Hamborger, Russiske, Spanske, Colberger, Caminer, Rostocker","nee","24906"
"0","249","7","500","636","Stor Brittaniske skibe","Stor Brittaniske","nee","24907"
"0","250","1","3","31","Stor Brittaniske skibe","Stor Brittaniske","nee","25001"
"0","250","2","32","146","Svenske skibe","Svenske","nee","25002"
"0","250","3","147","226","Danske og Norske skibe","Danske, Norske","nee","25003"
"0","250","4","227","422","Hollandske skiibe","Hollandske","nee","25004"
"0","250","5","423","525","Preusiske, Portugisiske, Lybske, Dantziger, Embder og Bremer, samt andre ufrie skibe","Preussiske, Portugiser, Lubecker, Dantziger, Embder, Bremer etc.","nee","25005"
"0","250","6","526","553","Franske, Hamborger, Russiske, Spanske, Colbergske, Caminske, og Rostocker skibe","Frandske, Hamborger, Russiske, Spanske, Colberger, Caminer, Rostocker","nee","25006"
"0","250","7","554","639","Stor Brittaniske skibe","Stor Brittaniske","nee","25007"
"0","251","1","3","104","Stor Brittaniske skibe","Stor Brittaniske","nee","25101"
"0","251","2","105","252","Svenske skibe","Svenske","nee","25102"
"0","251","3","253","277","Hollandske skibe","Hollandske","nee","25103"
"0","251","4","278","300","Preusiske, Portugisiske, Lybske, Dantziger, Embder, Bremer samt andre ufrie skibe","Preussiske, Portugiser, Lubecker, Dantziger, Embder, Bremer etc.","nee","25104"
"0","251","5","301","320","Svenske skibe","Svenske","nee","25105"
"0","251","6","321","409","Danske og Norske skibe","Danske, Norske","nee","25106"
"0","251","7","409","589","Hollandske skibe","Hollandske","nee","25107"
"0","252","1","3","52","Hollandske skibe","Hollandske","nee","25201"
"0","252","2","53","56","Danske og Norske skibe","Danske, Norske","nee","25202"
"0","252","3","57","176","Preusiske, Portugisiske, Lybske, Dantziger, Embder og Bremer, samt andre ufrie skibe","Preussiske, Portugiser, Lubecker, Dantziger, Embder, Bremer etc.","nee","25203"
"0","252","4","177","205","Franske, Hamborger, Russiske, Spanske, Colberger, Caminer, og Rostocker skibe","Frandske, Hamborger, Russiske, Spanske, Colberger, Caminer, Rostocker","nee","25204"
"0","252","5","206","386","Stor Brittaniske skibe","Stor Brittaniske","nee","25205"
"0","252","6","387","562","Svenske skibe","Svenske","nee","25206"
"0","252","7","563","643","Danske og Norske skibe","Danske, Norske","nee","25207"
"0","253","1","3","12","Danske og Norske skibe","Danske, Norske","nee","25301"
"0","253","2","13","177","Hollandske skibe","Hollandske","nee","25302"
"0","253","3","178","294","Preusiske, Portugisiske, Lybske, Dantziger, Embder og Bremer, samt andre ufrie skibe","Preussiske, Portugiser, Lubecker, Dantziger, Embder, Bremer etc.","nee","25303"
"0","253","4","295","322","Franske, Hamborger, Russiske, Spanske, Colberger, Caminer, og Rostocker skibe","Frandske, Hamborger, Russiske, Spanske, Colberger, Caminer, Rostocker","nee","25304"
"0","253","5","323","472","Stor Brittaniske skibe","Stor Brittaniske","nee","25305"
"0","253","6","473","662","Svenske skibe","Svenske","nee","25306"
"0","254","1","4","101","Danske og Norske skibe","Danske, Norske","nee","25401"
"0","254","2","102","279","Hollandske skibe","Hollandske","nee","25402"
"0","254","3","280","298","Preusiske, Portugisiske, Lybske, Dantziger, Embder, Bremer samt andre ufrie skibe","Preussiske, Portugiser, Lubecker, Dantziger, Embder, Bremer etc.","nee","25403"
"0","254","4","299","424","Preusiske, Portugisiske, Lybske, Dantziger, Embder og Bremer, samt andre ufrie skibe","Preussiske, Portugiser, Lubecker, Dantziger, Embder, Bremer etc.","nee","25404"
"0","254","5","425","455","Franske, Hamborger, Russiske, Spanske, Colberger, Caminer, og Rostocker skibe","Frandske, Hamborger, Russiske, Spanske, Colberger, Caminer, Rostocker","nee","25405"
"0","254","6","456","614","Stor Brittaniske skibe","Stor Brittaniske","nee","25406"
"0","254","7","615","625","Svenske skibe","Svenske","nee","25407"
"0","255","1","3","183","Svenske skibe","Svenske","nee","25501"
"0","255","2","192","295","Danske og Norske skibe","Danske, Norske","nee","25502"
"0","255","3","295","303","Hollandske skibe","Hollandske","nee","25503"
"0","255","4","304","326","Danske og Norske skibe","Danske, Norske","nee","25504"
"0","255","5","327","400","Preusiske, Portugiske, Lybske, Dantziger, Embder og Bremer, samt andre ufrie skibe","Preussiske, Portugiser, Lubecker, Dantziger, Embder, Bremer etc.","nee","25505"
"0","255","6","401","549","Preusiske, Portugisiske, Lybske, Dantziger, Embder og Bremer, samt andre ufrie skibe","Preussiske, Portugiser, Lubecker, Dantziger, Embder, Bremer etc.","nee","25506"
"0","255","7","550","589","Franske, Hamborger, Russiske, Spanske, Colberger, Caminer, og Rostocker skibe","Frandske, Hamborger, Russiske, Spanske, Colberger, Caminer, Rostocker","nee","25507"
"0","255","8","590","639","Stor Brittaniske skibe","Stor Brittaniske","nee","25508"
"0","256","1","125","139","Svenske skibe","Svenske","nee","25601"
"0","256","2","140","335","Svenske skibe","Svenske","nee","25602"
"0","256","3","342","464","Danske og Norske skibe","Danske, Norske","nee","25603"
"0","256","4","465","469","Hollandske skibe","Hollandske","nee","25604"
"0","256","5","470","469","Preusiske, Portugisiske, Lybske, Dantziger, Embder og andre ufrie skibe","Preussiske, Portugiser, Lubecker, Dantziger, Embder etc.","nee","25605"
"0","256","6","470","567","Preusiske, Portugisiske, Lybske, Dantziger, Embder og andre ufrie skibe","Preussiske, Portugiser, Lubecker, Dantziger, Embder etc.","nee","25606"
"0","256","7","568","648","Preusiske, Portugisiske, Lybske, Dantziger, Embder og Bremer, samt andre ufrie skibe","Preussiske, Portugiser, Lubecker, Dantziger, Embder, Bremer etc.","nee","25607"
"0","257","1","3","91","Preusiske, Portugisiske, Lybske, Dantziger, Embder og Bremer, samt andre ufrie skibe","Preussiske, Portugiser, Lubecker, Dantziger, Embder, Bremer etc.","nee","25701"
"0","257","2","92","128","Franske, Hamborger, Russiske, Spanske, Colberger, Caminer, og Rostocker skibe","Frandske, Hamborger, Russiske, Spanske, Colberger, Caminer, Rostocker","nee","25702"
"0","257","3","129","221","Stor Brittaniske skibe","Stor Brittaniske","nee","25703"
"0","257","4","222","398","Svenske skibe","Svenske","nee","25704"
"0","257","5","399","521","Danske og Norske skibe","Danske, Norske","nee","25705"
"0","257","6","522","562","Hollandske skibe","Hollandske","nee","25706"
"0","257","7","563","640","Preusiske, Portugisiske, Lybske, Dantziger, Embder og andre ufrie skibe","Preussiske, Portugiser, Lubecker, Dantziger, Embder etc.","nee","25707"
"0","258","1","3","33","Preusiske, Portugisiske, Lybske, Dantziger, Embder og andre ufrie skibe","Preussiske, Portugiser, Lubecker, Dantziger, Embder etc.","nee","25801"
"0","258","2","34","162","Preusiske, Portugisiske, Lybske, Dantziger, Embder og Bremer, samt andre ufrie skibe","Preussiske, Portugiser, Lubecker, Dantziger, Embder, Bremer etc.","nee","25802"
"0","258","3","163","200","Franske, Hamborger, Russiske, Spanske, Colberger, Caminer, og Rostocker skibe","Frandske, Hamborger, Russiske, Spanske, Colberger, Caminer, Rostocker","nee","25803"
"0","258","4","201","383","Stor Brittaniske skibe","Stor Brittaniske","nee","25804"
"0","258","5","384","576","Svenske skibe","Svenske","nee","25805"
"0","258","6","577","644","Danske og Norske skibe","Danske, Norske","nee","25806"
"0","259","1","3","51","Danske og Norske skibe","Danske, Norske","nee","25901"
"0","259","2","52","157","Hollandske skibe","Hollandske","nee","25902"
"0","259","3","158","202","Preusiske, Portugisiske, Lybske, Dantziger, Embder og andre ufrie skibe","Preussiske, Portugiser, Lubecker, Dantziger, Embder etc.","nee","25903"
"0","259","4","203","334","Preusiske, Portugisiske, Lybske, Dantziger, Embder og Bremer, samt andre ufrie skibe","Preussiske, Portugiser, Lubecker, Dantziger, Embder, Bremer etc.","nee","25904"
"0","259","5","335","368","Franske, Hamborger, Russiske, Spanske, Colberger, Caminer, og Rostocker skibe","Frandske, Hamborger, Russiske, Spanske, Colberger, Caminer, Rostocker","nee","25905"
"0","259","6","369","548","Stor Brittaniske skibe","Stor Brittaniske","nee","25906"
"0","259","7","549","638","Svenske skibe","Svenske","nee","25907"
"0","260","1","3","59","Svenske skibe","Svenske","nee","26001"
"0","260","2","66","182","Danske og Norske skibe","Danske, Norske","nee","26002"
"0","260","3","183","289","Hollandske skibe","Hollandske","nee","26003"
"0","260","4","290","460","Preusiske, Portugisiske, Lybske, Dantziger, Embder og Bremer, samt andre ufrie skibe","Preussiske, Portugiser, Lubecker, Dantziger, Embder, Bremer etc.","nee","26004"
"0","260","5","461","500","Franske, Hamborger, Russiske, Spanske, Colberger, Caminer, og Rostocker skibe","Frandske, Hamborger, Russiske, Spanske, Colberger, Caminer, Rostocker","nee","26005"
"0","260","6","501","624","Stor Brittaniske skibe","Stor Brittaniske","nee","26006"
"0","261","1","3","70","Stor Brittaniske skibe","Stor Brittaniske","nee","26101"
"0","261","2","71","250","Svenske skibe","Svenske","nee","26102"
"0","261","3","251","367","Danske og Norske skibe","Danske, Norske","nee","26103"
"0","261","4","368","484","Hollandske skibe","Hollandske","nee","26104"
"0","261","5","485","626","Preusiske, Portugisiske, Lybske, Dantziger, Embder og Bremer, samt andre ufrie skibe","Preussiske, Portugiser, Lubecker, Dantziger, Embder, Bremer etc.","nee","26105"
"0","262","1","4","38","Franske, Hamborger, Russiske, Spanske, Colberger, Caminer, og Rostocker skibe","Frandske, Hamborger, Russiske, Spanske, Colberger, Caminer, Rostocker","nee","26201"
"0","262","2","39","45","Stor Brittaniske skibe","Stor Brittaniske","nee","26202"
"0","262","3","46","244","Stor Brittaniske skibe","Stor Brittaniske","nee","26203"
"0","262","4","244","406","Svenske skibe","Svenske","nee","26204"
"0","262","5","407","510","Danske og Norske skibe","Danske, Norske","nee","26205"
"0","262","6","511","629","Hollandske skibe","Hollandske","nee","26206"
"0","262","7","630","632","Preusiske, Portugisiske, Lybske, Dantziger, Embder og Bremer samt andre ufrie skibe","Preussiske, Portugiser, Lubecker, Dantziger, Embder, Bremer etc.","nee","26207"
"0","263","1","3","149","Preusiske, Portugisiske, Lybske, Dantziger, Embder og Bremer samt andre ufrie skibe","Preussiske, Portugiser, Lubecker, Dantziger, Embder, Bremer etc.","nee","26301"
"0","263","2","156","192","Franske, Hamborger, Russiske, Spanske, Colberger, Caminer og Rostocker skibe","Frandske, Hamborger, Russiske, Spanske, Colberger, Caminer, Rostocker","nee","26302"
"0","263","3","193","398","Stor Brittaniske skibe","Stor Brittaniske","nee","26303"
"0","263","4","399","587","Svenske skibe","Svenske","nee","26304"
"0","264","1","4","118","Danske og Norske skibe","Danske, Norske","nee","26401"
"0","264","2","119","124","Preusiske, Portugisiske, Lybske, Dantziger, Embder og Bremer samt andre ufrie skibe","Preussiske, Portugiser, Lubecker, Dantziger, Embder, Bremer etc.","nee","26402"
"0","264","3","125","290","Hollandske skibe","Hollandske","nee","26403"
"0","264","4","291","471","Preusiske, Portugisiske, Lybske, Dantziger, Embder og Bremer samt andre ufrie skibe","Preussiske, Portugiser, Lubecker, Dantziger, Embder, Bremer etc.","nee","26404"
"0","264","5","472","515","Franske, Hamborger, Russiske, Spanske, Colberger, Caminer og Rostocker skibe","Frandske, Hamborger, Russiske, Spanske, Colberger, Caminer, Rostocker","nee","26405"
"0","264","6","516","626","Stor Brittaniske skibe","Stor Brittaniske","nee","26406"
"0","265","1","3","122","Stor Brittaniske skibe","Stor Brittaniske","nee","26501"
"0","265","2","123","229","Svenske skibe","Svenske","nee","26502"
"0","265","3","230","327","Danske og Norske skibe","Danske, Norske","nee","26503"
"0","265","4","328","333","Hollandske skibe","Hollandske","nee","26504"
"0","265","5","334","505","Hollandske skibe","Hollandske","nee","26505"
"0","265","6","505","625","Preusiske, Portugisiske, Lybske, Dantziger, Embder og Bremer samt andre ufrie skibe","Preussiske, Portugiser, Lubecker, Dantziger, Embder, Bremer etc.","nee","26506"
"0","266","1","3","57","Preusiske, Portugisiske, Lybske, Dantziger, Embder og Bremer samt andre ufrie skibe","Preussiske, Portugiser, Lubecker, Dantziger, Embder, Bremer etc.","nee","26601"
"0","266","2","65","105","Franske, Hamborger, Russiske, Spanske, Colberger, Caminer, og Rostocker skibe","Frandske, Hamborger, Russiske, Spanske, Colberger, Caminer, Rostocker","nee","26602"
"0","266","3","106","342","Stor Brittaniske skibe","Stor Brittaniske","nee","26603"
"0","266","4","343","357","Svenske skibe","Svenske","nee","26604"
"0","266","5","358","381","Stor Brittaniske skibe","Stor Brittaniske","nee","26605"
"0","266","6","382","482","Danske og Norske skibe","Danske, Norske","nee","26606"
"0","266","8","482","651","Hollandske skibe","Hollandske","nee","26608"
"0","267","1","3","4","Hollandske skibe","Hollandske","nee","26701"
"0","267","2","4","153","Preusiske, Portugisiske, Lybske, Dantziger, Embder og Bremer, samt andre ufrie skibe","Preussiske, Portugiser, Lubecker, Dantziger, Embder, Bremer etc.","nee","26702"
"0","267","3","154","178","Danske og Norske skibe","Danske, Norske","nee","26703"
"0","267","4","179","188","Hollandske skibe","Hollandske","nee","26704"
"0","267","5","189","232","Franske, Hamborger, Russiske, Spanske, Colberger, Caminer og Rostocker skibe","Frandske, Hamborger, Russiske, Spanske, Colberger, Caminer, Rostocker","nee","26705"
"0","267","6","233","489","Stor Brittaniske skibe","Stor Brittaniske","nee","26706"
"0","267","7","489","529","Svenske skibe","Svenske","nee","26707"
"0","267","8","530","544","Stor Brittaniske skibe","Stor Brittaniske","nee","26708"
"0","267","9","545","637","Danske og Norske skibe","Danske, Norske","nee","26709"
"0","267","10","638","649","Hollandske skibe","Hollandske","nee","26710"
"0","268","1","3","130","Hollandske skibe","Hollandske","nee","26801"
"0","268","2","131","271","Preusiske, Portugisiske, Lubske, Dantziger, Embder og Bremer, samt andre ufrie skibe","Preussiske, Portugiser, Lubecker, Dantziger, Embder, Bremer etc.","nee","26802"
"0","268","3","272","312","Franske, Hamborger, Russiske, Spanske, Colberger, Caminer, og Rostocker skibe","Frandske, Hamborger, Russiske, Spanske, Colberger, Caminer, Rostocker","nee","26803"
"0","268","4","313","545","Stor Brittaniske skibe","Stor Brittaniske","nee","26804"
"0","268","5","546","652","Svenske skibe","Svenske","nee","26805"
"0","269","1","3","41","Svenske skibe","Svenske","nee","26901"
"0","269","2","42","147","Danske og Norske skibe","Danske, Norske","nee","26902"
"0","269","3","148","151","Hollandske skibe","Hollandske","nee","26903"
"0","269","4","152","321","Hollandske skibe","Hollandske","nee","26904"
"0","269","5","322","490","Preusiske, Portugisiske, Lybske, Dantziger, Embder og Bremer samt andre ufrie skibe","Preussiske, Portugiser, Lubecker, Dantziger, Embder, Bremer etc.","nee","26905"
"0","269","6","491","526","Franske, Hamborger, Rusiske, Spanske, Colberger, Caminer, og Rostocker skibe","Frandske, Hamborger, Russiske, Spanske, Colberger, Caminer, Rostocker","nee","26906"
"0","269","7","527","539","Stor Brittaniske skibe","Stor Brittaniske","nee","26907"
"0","269","8","540","640","Stor Brittaniske skibe","Stor Brittaniske","nee","26908"
"0","270","1","3","163","Stor Brittaniske skibe","Stor Brittaniske","nee","27001"
"0","270","2","163","317","Svenske skibe","Svenske","nee","27002"
"0","270","3","318","430","Danske og Norske skibe","Danske, Norske","nee","27003"
"0","270","4","431","508","Hollandske skibe","Hollandske","nee","27004"
"0","270","5","509","652","Preusiske, Portugisiske, Lybske, Dantziger, Embder og Bremer samt andre ufrie skibe","Preussiske, Portugiser, Lubecker, Dantziger, Embder, Bremer etc.","nee","27005"
"0","271","1","4","30","Franske, Hamborger, Rusiske, Spanske, Colberger, Caminer, og Rostocker skibe","Frandske, Hamborger, Russiske, Spanske, Colberger, Caminer, Rostocker","nee","27101"
"0","271","2","31","238","Stor Brittaniske skibe","Stor Brittaniske","nee","27102"
"0","271","3","239","243","Svenske skibe","Svenske","nee","27103"
"0","271","4","244","401","Svenske skibe","Svenske","nee","27104"
"0","271","5","402","530","Danske og Norske skibe","Danske, Norske","nee","27105"
"0","271","6","531","630","Hollandske skibe","Hollandske","nee","27106"
"0","272","1","5","159","Preusiske, Portugisiske, Lybske, Dantziger, Embder og Bremer, samt andre ufrie skibe","Preussiske, Portugiser, Lubecker, Dantziger, Embder, Bremer etc.","nee","27201"
"0","272","2","160","185","Franske, Hamborger, Russiske, Spanske, Colberger, Caminer, og Rostocker skibe","Frandske, Hamborger, Russiske, Spanske, Colberger, Caminer, Rostocker","nee","27202"
"0","272","3","186","410","Stor Brittaniske skibe","Stor Brittaniske","nee","27203"
"0","272","4","411","421","Svenske skibe","Svenske","nee","27204"
"0","272","5","422","590","Svenske skibe","Svenske","nee","27205"
"0","273","1","4","130","Danske og Norske skibe","Danske, Norske","nee","27301"
"0","273","2","131","133","Hollandske skibe","Hollandske","nee","27302"
"0","273","3","134","134","Preusiske, Portugisiske, Lybske, Dantziger, Embder, Bremer, samt andre ufrie skibe","Preussiske, Portugiser, Lubecker, Dantziger, Embder, Bremer etc.","nee","27303"
"0","273","4","135","285","Preusiske, Portugisiske, Lybske, Dantziger, Embder, Bremer, samt andre ufrie skibe","Preussiske, Portugiser, Lubecker, Dantziger, Embder, Bremer etc.","nee","27304"
"0","273","5","286","304","Franske, Hamborger, Russiske, Spanske, Colberger, Caminer og Rostocker skibe","Frandske, Hamborger, Russiske, Spanske, Colberger, Caminer, Rostocker","nee","27305"
"0","273","6","305","473","Stor Brittaniske skibe","Stor Brittaniske","nee","27306"
"0","273","7","474","640","Svenske skibe","Svenske","nee","27307"
"0","274","1","4","142","Danske og Norske skibe","Danske, Norske","nee","27401"
"0","274","2","142","143","Hollandske skibe","Hollandske","nee","27402"
"0","274","3","144","164","Danske og Norske skibe","Danske, Norske","nee","27403"
"0","274","4","165","242","Preusiske, Portugisiske, Lybske, Dantziger, Embder og andre ufrie skibe","Preussiske, Portugiser, Lubecker, Dantziger, Embder etc.","nee","27404"
"0","274","5","243","420","Preusiske, Portugisiske, Lybske, Dantziger, Embder og Bremer, samt andre ufrie skibe","Preussiske, Portugiser, Lubecker, Dantziger, Embder, Bremer etc.","nee","27405"
"0","274","6","421","446","Franske, Hamborger, Russiske, Spanske, Colberger, Camminer, og Rostocker skibe","Frandske, Hamborger, Russiske, Spanske, Colberger, Caminer, Rostocker","nee","27406"
"0","274","7","447","643","Stor Brittaniske skibe","Stor Brittaniske","nee","27407"
"0","275","1","3","46","Stor Brittaniske skibe","Stor Brittaniske","nee","27501"
"0","275","2","46","219","Svenske skibe","Svenske","nee","27502"
"0","275","3","220","246","Stor Brittaniske skibe","Stor Brittaniske","nee","27503"
"0","275","4","247","375","Danske og Norske skibe","Danske, Norske","nee","27504"
"0","275","5","378","380","Hollandske skibe","Hollandske","nee","27505"
"0","275","6","381","406","Preusiske, Portugiske, Lybecker, Dantziger, Embder og Bremer, samt andre ufrie skibe","Preusiske, Portugiske, Lybecker, Dantziger, Embder, Bremer etc.","nee","27506"
"0","275","7","407","587","Preusiske, Portugiske, Lybecker, Dantziger, Embder og Bremer, samt andre ufrie skibe","Preussiske, Portugiser, Lubecker, Dantziger, Embder, Bremer etc.","nee","27507"
"0","275","8","588","615","Franske, Hamborger, Rusiske, Spanske, Colberger, Caminer og Rostocker skibe","Frandske, Hamborger, Russiske, Spanske, Colberger, Caminer, Rostocker","nee","27508"
"0","275","9","616","638","Stor Brittaniske skibe","Stor Brittaniske","nee","27509"
"0","276","1","3","164","Stor Brittaniske skibe","Stor Brittaniske","nee","27601"
"0","276","2","165","174","Svenske skibe","Svenske","nee","27602"
"0","276","3","175","368","Swenske skibe","Svenske","nee","27603"
"0","276","4","369","521","Danske og Norske skibe","Danske, Norske","nee","27604"
"0","276","5","522","718","Preusiske, Portugisiske, Lybske, Dantziger, Embder, Bremmer samt andre ufrie skibe","Preussiske, Portugiser, Lubecker, Dantziger, Embder, Bremer etc.","nee","27605"
"0","277","1","3","24","Franske, Hamborger, Russiske, Spanske, Colberger, Caminer, og Rostocker skibe","Frandske, Hamborger, Russiske, Spanske, Colberger, Caminer, Rostocker","nee","27701"
"0","277","2","25","285","Stor Brittaniske skibe","Stor Brittaniske","nee","27702"
"0","277","3","285","286","Svenske skibe","Svenske","nee","27703"
"0","277","4","287","478","Svenske skibe","Svenske","nee","27704"
"0","277","5","479","488","Stor Brittaniske skibe","Stor Brittaniske","nee","27705"
"0","278","1","4","126","Danske og Norske skibe","Danske, Norske","nee","27801"
"0","278","2","127","318","Preusiske, Portugisiske, Lybske, Dantziger, Embder og Bremer, samt andre ufrie skibe","Preussiske, Portugiser, Lubecker, Dantziger, Embder, Bremer etc.","nee","27802"
"0","278","3","319","335","Franske, Hamborger, Rusziske, Spanske, Colberger, Caminer, og Rostocker skibe","Frandske, Hamborger, Russiske, Spanske, Colberger, Caminer, Rostocker","nee","27803"
"0","278","4","336","552","Stor Brittaniske skibe","Stor Brittaniske","nee","27804"
"0","278","5","553","702","Svenske skibe","Svenske","nee","27805"
"0","279","1","4","122","Danske og Norske skibe","Danske, Norske","nee","27901"
"0","279","2","123","333","Preusiske, Portugisiske, Lybske, Dantziger, Embder og Bremer, sampt andre ufrie skibe","Preussiske, Portugiser, Lubecker, Dantziger, Embder, Bremer etc.","nee","27902"
"0","279","3","334","360","Franske, Hamborger, Rusziske, Spanske, Colberger, Caminer og Rostocker skibe","Frandske, Hamborger, Russiske, Spanske, Colberger, Caminer, Rostocker","nee","27903"
"0","279","4","361","559","Stor Brittanniske skibe","Stor Brittaniske","nee","27904"
"0","280","1","6","173","Svenske skibe","Svenske","nee","28001"
"0","280","2","174","280","Danske og Norske skibe","Danske, Norske","nee","28002"
"0","280","3","283","285","Preusiske, Portogisiske, Lubecker, Dantziger, Embder og Bremer sampt andre ufrie skibe","Preusiske, Portogisiske, Lubecker, Dantziger, Embder, Bremer, etc.","nee","28003"
"0","280","4","288","526","Preusiske, Portogisiske, Lybske, Danziger, Embder og Bremer sampt andre ufrie skibe","Preussiske, Portugiser, Lubecker, Dantziger, Embder, Bremer etc.","nee","28004"
"0","281","1","4","34","Franske, Hamborger, Rusziske, Spanske, Colberger, Caminer og Rostocker skibe","Frandske, Hamborger, Russiske, Spanske, Colberger, Caminer, Rostocker","nee","28101"
"0","281","2","37","211","Stor Brittanniske skibe","Stor Brittaniske","nee","28102"
"0","281","3","214","338","Svenske skibe","Svenske","nee","28103"
"0","281","4","346","469","Danske og Norske skibe","Danske, Norske","nee","28104"
"0","281","5","470","518","Hollandske skibe","Hollandske","nee","28105"
"0","281","6","522","532","Preusiske, Portogisiske, Lybske, Danziger, Embder og Bremer sampt andre ufrie skibe","Preussiske, Portugiser, Lubecker, Dantziger, Embder, Bremer etc.","nee","28106"
"0","281","7","533","636","Preusiske, Portogisiske, Lybske, Danziger, Embder og Bremer sampt andre ufrie skibe","Preussiske, Portugiser, Lubecker, Dantziger, Embder, Bremer etc.","nee","28107"
"0","282","1","3","136","Preusiske, Portogisiske, Lybske, Danziger, Embder og Bremer sampt andre ufrie skibe","Preussiske, Portugiser, Lubecker, Dantziger, Embder, Bremer etc.","nee","28201"
"0","282","2","143","180","Franske, Hamborger, Russiske, Spanske, Colberger, Caminer og Rostocker skibe","Frandske, Hamborger, Russiske, Spanske, Colberger, Caminer, Rostocker","nee","28202"
"0","282","3","181","435","Stor Brittaniske skibe","Stor Brittaniske","nee","28203"
"0","282","4","435","604","Svenske skibe","Svenske","nee","28204"
"0","283","1","4","51","Stor Brittaniske skibe","Stor Brittaniske","nee","28301"
"0","283","2","55","80","Svenske skibe","Svenske","nee","28302"
"0","283","3","81","215","Danske og Norske skibe","Danske, Norske","nee","28303"
"0","283","4","216","232","Hollandse skiibe","Hollandske, Ballaster, fra Westersøen","nee","28304"
"0","283","5","233","474","Preusiske, Portugisiske, Lybske, Dantziger, Embder og Bremer sampt andre ufrie skibe","Preussiske, Portugiser, Lubecker, Dantziger, Embder, Bremer etc.","nee","28305"
"0","283","6","475","515","Franske, Hamborger, Russiske, Spanske, Colberger, Caminer og Rostocker skibe","Frandske, Hamborger, Russiske, Spanske, Colberger, Caminer, Rostocker","nee","28306"
"0","283","7","518","526","Stor Brittaniske skibe","Stor Brittaniske","nee","28307"
"0","283","8","528","634","Stor Brittaniske skibe","Stor Brittaniske","nee","28308"
"0","284","1","3","141","Stor Brittaniske skibe","Stor Brittaniske","nee","28401"
"0","284","2","141","315","Svenske skibe","Svenske","nee","28402"
"0","284","3","321","383","Stor Brittaniske skibe","Stor Brittaniske","nee","28403"
"0","284","4","383","399","Svenske skibe","Svenske","nee","28404"
"0","284","5","406","579","Danske og Norske skibe","Danske, Norske","nee","28405"
"0","284","6","580","626","Preusiske, Portugisiske, Lybecker, Dantziger, Embder og Bremer, sampt andre ufrie skibe","Preussiske, Portugiser, Lubecker, Dantziger, Embder, Bremer etc.","nee","28406"
"0","285","1","3","198","Preusiske, Portugisiske, Lybecker, Dantziger, Embder og Bremer, sampt andre ufrie skibe","Preussiske, Portugiser, Lubecker, Dantziger, Embder, Bremer etc.","nee","28501"
"0","285","2","203","245","Franske, Hamborger, Russiske, Spanske, Colberger, Caminer og Rostocker skibe","Frandske, Hamborger, Russiske, Spanske, Colberger, Caminer, Rostocker","nee","28502"
"0","285","3","245","498","Stor Brittaniske skibe","Stor Brittaniske","nee","28503"
"0","285","4","500","643","Svenske skibe","Svenske","nee","28504"
"0","286","1","3","47","Svenske skibe","Svenske","nee","28601"
"0","286","2","50","53","Preusiske, Portugisiske, Lybecker, Dantziger, Embder og Bremer, sampt andre ufrie skibe","Preussiske, Portugiser, Lubecker, Dantziger, Embder, Bremer etc.","nee","28602"
"0","286","3","61","206","Danske og Norske skibe","Danske, Norske","nee","28603"
"0","286","4","207","500","Preusiske, Portugisiske, Lybecker, Dantziger, Embder og Bremer, sampt andre ufrie skibe","Preussiske, Portugiser, Lubecker, Dantziger, Embder, Bremer etc.","nee","28604"
"0","286","5","503","535","Franske, Hamborger, Russiske, Spanske, Colberger, Caminer og Rostocker skibe","Frandske, Hamborger, Russiske, Spanske, Colberger, Caminer, Rostocker","nee","28605"
"0","286","6","537","644","Stor Brittaniske skibe","Stor Brittaniske","nee","28606"
"0","287","1","3","194","Stor Brittaniske skibe","Stor Brittaniske","nee","28701"
"0","287","2","196","515","Svenske skibe","Svenske","nee","28702"
"0","287","3","516","646","Danske og Norske skibe","Danske, Norske","nee","28703"
"0","288","1","3","22","Danske og Norske skibe","Danske, Norske","nee","28801"
"0","288","2","23","126","Preusiske, Portugisiske, Lybecker, Dantziger, Embder og Bremer samt andre ufrie skibe","Preussiske, Portugiser, Lubecker, Dantziger, Embder, Bremer etc.","nee","28802"
"0","288","3","127","156","Franske, Hamborger, Russiske, Spanske, Colberger, Caminer og Rostocker skibe","Frandske, Hamborger, Russiske, Spanske, Colberger, Caminer, Rostocker","nee","28803"
"0","288","4","157","372","Stor Brittaniske skibe","Stor Brittaniske","nee","28804"
"0","288","5","373","538","Svendske skibe","Svenske","nee","28805"
"0","288","6","539","560","Franske, Hamborger, Russiske, Spanske, Colberger, Caminer og Rostocker skibe","Frandske, Hamborger, Russiske, Spanske, Colberger, Caminer, Rostocker","nee","28806"
"0","288","7","561","656","Stor Brittaniske skibe","Stor Brittaniske","nee","28807"
"0","289","1","3","110","Stor Brittaniske skibe","Stor Brittaniske","nee","28901"
"0","289","2","112","260","Svenske skibe","Svenske","nee","28902"
"0","289","3","261","269","Danske og Norske skibe","Danske, Norske","nee","28903"
"0","289","4","270","280","Danske og Norske skibe","Danske, Norske","nee","28904"
"0","289","5","281","311","Danske og Norske skibe","Danske, Norske","nee","28905"
"0","289","6","312","337","Danske og Norske skibe","Danske, Norske","nee","28906"
"0","289","7","338","343","Hollandske skibe","Hollandske","nee","28907"
"0","289","8","344","349","Hollandske skibe","Hollandske","nee","28908"
"0","289","9","350","386","Danske og Norske skibe","Danske, Norske","nee","28909"
"0","289","10","387","394","Hollandske skibe","Hollandske","nee","28910"
"0","289","11","395","403","Preusiske, Portugisiske, Lybske, Dantziger, Embder og Bremer samt andre ufrie skibe","Preussiske, Portugiser, Lubecker, Dantziger, Embder, Bremer etc.","nee","28911"
"0","289","12","404","422","Preusiske, Portugisiske, Lybske, Dantziger, Embder og Bremer samt andre ufrie skibe","Preussiske, Portugiser, Lubecker, Dantziger, Embder, Bremer etc.","nee","28912"
"0","289","13","423","466","Preusiske, Portugisiske, Lybske, Dantziger, Embder og Bremer samt andre ufrie skibe","Preussiske, Portugiser, Lubecker, Dantziger, Embder, Bremer etc.","nee","28913"
"0","289","14","467","510","Preusiske, Portugisiske, Lybske, Dantziger, Embder og Bremer samt andre ufrie skibe","Preussiske, Portugiser, Lubecker, Dantziger, Embder, Bremer etc.","nee","28914"
"0","289","15","511","535","Preusiske, Portugisiske, Lybske, Dantziger, Embder og Bremer samt andre ufrie skibe","Preussiske, Portugiser, Lubecker, Dantziger, Embder, Bremer etc.","nee","28915"
"0","289","16","536","541","Franske, Hamborger, Russiske, Spanske, Colberger, Caminer og Rostocker skibe","Frandske, Hamborger, Russiske, Spanske, Colberger, Caminer, Rostocker","nee","28916"
"0","289","17","542","548","Franske, Hamborger, Russiske, Spanske, Colberger, Caminer og Rostocker skibe","Frandske, Hamborger, Russiske, Spanske, Colberger, Caminer, Rostocker","nee","28917"
"0","289","18","549","553","Franske, Hamborger, Russiske, Spanske, Colberger, Caminer og Rostocker skibe","Frandske, Hamborger, Russiske, Spanske, Colberger, Caminer, Rostocker","nee","28918"
"0","289","19","553","554","Stor Brittaniske skibe","Stor Brittaniske","nee","28919"
"0","289","20","556","566","Franske, Hamborger, Russiske, Spanske, Colberger, Caminer og Rostocker skibe","Frandske, Hamborger, Russiske, Spanske, Colberger, Caminer, Rostocker","nee","28920"
"0","289","21","567","580","Franske, Hamborger, Russiske, Spanske, Colberger, Caminer og Rostocker skibe","Frandske, Hamborger, Russiske, Spanske, Colberger, Caminer, Rostocker","nee","28921"
"0","289","22","582","644","Svenske skibe","Svenske","nee","28922"
"0","290","1","7","87","Svenske skibe","Svenske","nee","29001"
"0","290","2","88","137","Svenske skibe","Svenske","nee","29002"
"0","290","3","138","146","Svenske skibe","Svenske","nee","29003"
"0","290","4","147","163","Svenske skibe","Svenske","nee","29004"
"0","290","5","164","287","Svenske skibe","Svenske","nee","29005"
"0","290","6","288","332","Svenske skibe","Svenske","nee","29006"
"0","290","7","333","349","Danske og Norske skibe","Danske, Norske","nee","29007"
"0","290","8","350","392","Danske skibe","Danske","nee","29008"
"0","290","9","392","412","Preusiske, Portugisiske, Lubske, Dantziger og andre ufrie skibe","Preussiske, Portugiser, Lubecker, Dantziger etc.","nee","29009"
"0","290","10","412","426","Norske skibe","Norske","nee","29010"
"0","290","11","427","450","Hollandske skibe","Hollandske","nee","29011"
"0","290","12","451","473","Preusiske, Portugisiske, Lybske, Dantziger, Embder og Bremer samt andre ufrie skibe","Preussiske, Portugiser, Lubecker, Dantziger, Embder, Bremer etc.","nee","29012"
"0","290","13","474","581","Preusiske, Portugisiske, Lybske, Dantziger, Embder og Bremer samt andre ufrie skibe","Preussiske, Portugiser, Lubecker, Dantziger, Embder, Bremer etc.","nee","29013"
"0","290","14","582","607","Franske, Hamborger, Russiske, Spanske, Colberger, Caminer og Rostocker skibe","Frandske, Hamborger, Russiske, Spanske, Colberger, Caminer, Rostocker","nee","29014"
"0","290","15","607","632","Stor Brittaniske skibe","Stor Brittaniske","nee","29015"
"0","291","1","3","43","Stor Brittaniske skibe","Stor Brittaniske","nee","29101"
"0","291","2","43","164","Svenske skibe","Svenske","nee","29102"
"0","291","3","165","215","Svenske skibe","Svenske","nee","29103"
"0","291","4","216","226","Various nations","unknown","nee","29104"
"0","291","5","236","244","Danske skibe","Danske","nee","29105"
"0","291","6","245","251","Hollandske skibe","Hollandske","nee","29106"
"0","291","7","254","314","(..) Preusische, Portugisiske, Lybske, Dantziger, Embder, Bremer, samt ande ufrie skibe","Preussiske, Portugiser, Lubecker, Dantziger, Embder, Bremer etc.","nee","29107"
"0","291","8","317","328","Svenske skibe","Svenske","nee","29108"
"0","291","9","335","390","Franske, Hamborger, Russiske, Spanske, Colberger, Caminer og Rostocker skibe","Frandske, Hamborger, Russiske, Spanske, Colberger, Caminer, Rostocker","nee","29109"
"0","291","10","393","507","Storbrittaniske skibe","Stor Brittaniske","nee","29110"
"0","291","11","507","612","Svenske skibe","Svenske","nee","29111"
"0","292","1","4","75","Danske skibe","Danske","nee","29201"
"0","292","2","76","132","Norske skibe","Norske","nee","29202"
"0","292","3","133","173","Hollandske skibe","Hollandske","nee","29203"
"0","292","4","174","356","Preusiske, Portugisiske, Lybske, Dantziger, Embder og Bremer samt andre ufrie skibe","Preussiske, Portugiser, Lubecker, Dantziger, Embder, Bremer etc.","nee","29204"
"0","292","5","357","425","Franske, Hamborger, Russiske, Spanske, Colberger, Caminer og Rostocker skibe","Frandske, Hamborger, Russiske, Spanske, Colberger, Caminer, Rostocker","nee","29205"
"0","292","6","426","603","Stor Brittaniske skibe","Stor Brittaniske","nee","29206"
"0","292","7","604","636","Svenske skibe","Svenske","nee","29207"
"0","293","1","3","172","Svenske skibe","Svenske","nee","29301"
"0","293","2","173","247","Danske skibe","Danske","nee","29302"
"0","293","3","248","318","Norske skibe","Norske","nee","29303"
"0","293","4","318","383","Hollandske skibe","Hollandske","nee","29304"
"0","293","5","384","574","Preusiske, Portugisiske, Lybekker, Dantziger, Embder, Bremer, Rostokker, Colberger og Caminer, samt andre ufrie skibe","Preussiske, Portugiser, Lubecker, Dantziger, Embder, Bremer, Rostocker, Colberger, Caminer etc.","nee","29305"
"0","293","6","579","589","Norske skibe","Norske","nee","29306"
"0","294","1","4","49","Franske, Hamborger, Russiske og Spanske skibe","Frandske, Hamborger, Russiske, Spanske","nee","29401"
"0","294","2","50","207","Stor Brittaniske skibe","Stor Brittaniske","nee","29402"
"0","294","3","208","381","Svenske skibe","Svenske","nee","29403"
"0","294","4","382","464","Danske skibe","Danske","nee","29404"
"0","294","5","465","561","Norske skibe","Norske","nee","29405"
"0","294","6","561","649","Hollandske skibe","Hollandske","nee","29406"
"0","294","7","650","650","Preusiske, Portugisiske, Lybekker, Dantziger, Embder, Bremer, Rostokker, Colberger og Caminer, samt andre ufrie skibe","Preussiske, Portugiser, Lubecker, Dantziger, Embder, Bremer, Rostocker, Colberger, Caminer etc.","nee","29407"
"0","295","1","3","284","Preusiske, Portugisiske, Lybekker, Dantziger, Embder, Bremer, Rostokker, Colberger og Caminer, samt andre ufrie skibe","Preussiske, Portugiser, Lubecker, Dantziger, Embder, Bremer, Rostocker, Colberger, Caminer etc.","nee","29501"
"0","295","2","285","329","Franske, Hamborger, Russiske og Spanske skibe","Frandske, Hamborger, Russiske, Spanske","nee","29502"
"0","295","3","330","562","Storbrittaniske skibe","Stor Brittaniske","nee","29503"
"0","295","4","562","642","Svenske skibe","Svenske","nee","29504"
"0","296","1","3","79","Svenske skibe","Svenske","nee","29601"
"0","296","2","81","130","Storbrittaniske skibe","Stor Brittaniske","nee","29602"
"0","296","3","135","136","Storbrittaniske skibe","Stor Brittaniske","nee","29603"
"0","296","4","143","221","Danske skibe","Danske","nee","29604"
"0","296","5","222","312","Norske skibe","Norske","nee","29605"
"0","296","6","313","369","Hollandske skibe","Hollandske","nee","29606"
"0","296","7","370","616","Preusiske, Portugisiske, Lybekker, Danziger, Embder, Bremer, Rostokker, Colberger og Caminer, samt andre ufrie skibe","Preussiske, Portugiser, Lubecker, Dantziger, Embder, Bremer, Rostocker, Colberger, Caminer etc.","nee","29607"
"0","297","1","4","47","Franske, Hamborger, Russiske og Spanske skibe","Frandske, Hamborger, Russiske, Spanske","nee","29701"
"0","297","2","48","308","Storbrittaniske skibe","Stor Brittaniske","nee","29702"
"0","297","3","309","462","Svenske skibe","Svenske","nee","29703"
"0","297","6","549","621","Danske skibe","Danske","nee","29706"
"0","297","7","622","646","Norske skibe","Norske","nee","29707"
"0","298","1","3","59","Norske skibe","Norske","nee","29801"
"0","298","2","60","227","Hollandske og Preusiske skibe","Hollandske, Preussiske","nee","29802"
"0","298","3","228","321","Portugisiske, Lybekker, Embder, Bremer, Rostokker og andre ufrie skibe","Portugiser, Lubecker, Embder, Bremer, Rostocker etc.","nee","29803"
"0","298","4","322","373","Franske, Hamborger, Russiske og Spanske skibe","Frandske, Hamborger, Russiske, Spanske","nee","29804"
"0","298","5","374","643","Storbrittaniske skibe","Stor Brittaniske","nee","29805"
"0","298","6","643","647","Svenske skibe","Svenske","nee","29806"
"0","299","1","3","171","Svenske skibe","Svenske","nee","29901"
"0","299","2","175","198","Storbrittaniske skibe","Stor Brittaniske","nee","29902"
"0","299","3","206","291","Danske skibe","Danske","nee","29903"
"0","299","4","294","395","Norske skibe","Norske","nee","29904"
"0","299","5","395","604","Hollandske og Preusiske skibe","Hollandske, Preussiske","nee","29905"
"0","299","6","605","650","Portugisiske, Lybecker, Embder, Bremer, Rostocker og andre ufrie skibe","Portugiser, Lubecker, Embder, Bremer, Rostocker etc.","nee","29906"
"0","300","2","91","94","Norske skibe","Norske","nee","30002"
"0","300","3","102","146","Franske, Hamborger, Russiske og Spanske skibe","Frandske, Hamborger, Russiske, Spanske","nee","30003"
"0","300","4","149","451","Storbrittaniske skibe","Stor Brittaniske","nee","30004"
"0","300","5","451","612","Svenske skibe","Svenske","nee","30005"
"0","301","1","4","26","Storbrittaniske skibe","Stor Brittaniske","nee","30101"
"0","301","2","33","121","Danske skibe","Danske","nee","30102"
"0","301","3","124","227","Norske skibe","Norske","nee","30103"
"0","301","4","229","396","Hollandske og Preussiske skibe","Hollandske, Preussiske","nee","30104"
"0","301","5","399","521","Portugisiske, Lubecker, Embder, Bremer, Rostocker, andre ufrie skibe","Portugiser, Lubecker, Embder, Bremer, Rostocker etc.","nee","30105"
"0","301","6","527","573","Franske, Hamborger, Russiske og Spanske skibe","Frandske, Hamborger, Russiske, Spanske","nee","30106"
"0","301","7","575","666","Storbrittaniske skibe","Stor Brittaniske","nee","30107"
"0","302","2","160","324","Svenske skibe","Svenske","nee","30202"
"0","302","3","332","411","Danske skibe","Danske","nee","30203"
"0","302","4","414","493","Norske skibe","Norske","nee","30204"
"0","302","5","495","651","Hollandske og Preussiske skibe","Hollandske, Preussiske","nee","30205"
"0","303","5","12","121","Portugisiske, Lubecker, Embder, Bremer, Rostocker, andre ufrie skibe","Portugiser, Lubecker, Embder, Bremer, Rostocker etc.","nee","30305"
"0","303","6","129","166","Franske, Hamborger, Russiske og Spanske skibe","Frandske, Hamborger, Russiske, Spanske","nee","30306"
"0","303","7","168","420","Storbrittaniske skibe","Stor Brittaniske","nee","30307"
"0","303","8","422","559","Svenske skibe","Svenske","nee","30308"
"0","304","1","4","75","Danske skibe","Danske","nee","30401"
"0","304","2","77","168","Norske skibe","Norske","nee","30402"
"0","304","3","171","358","Hollandske og Preussiske skibe","Hollandske, Preussiske","nee","30403"
"0","304","4","360","471","Portugisiske, Lubecker, Embder, Bremer, Rostocker og andre ufrie skibe","Portugiser, Lubecker, Embder, Bremer, Rostocker etc.","nee","30404"
"0","304","5","478","516","Franske, Hamborger, Russiske og Spanske skibe","Frandske, Hamborger, Russiske, Spanske","nee","30405"
"0","304","6","519","634","Storbrittaniske skibe","Stor Brittaniske","nee","30406"
"0","305","1","3","137","Storbrittaniske skibe","Storbrittaniske","nee","30501"
"0","305","2","140","274","Svenske skibe","Svenske","nee","30502"
"0","305","3","281","358","Danske skibe","Danske","nee","30503"
"0","305","4","361","437","Norske skibe","Norske","nee","30504"
"0","305","5","440","445","Hollandske og Preusiske skibe","Hollandske, Preussiske","nee","30505"
"0","305","6","448","652","Hollandske og Preusiske skibe","Hollandske, Preussiske","nee","30506"
"0","306","1","3","11","Hollandske og Preusiske skibe","Hollandske, Preusiske","nee","30601"
"0","306","2","11","138","Portugisiske, Lubecker, Embder, Bremer, Rostocker og andre ufrie skibe","Portugiser, Lubecker, Embder, Bremer, Rostocker etc.","nee","30602"
"0","306","3","144","192","Franske, Hamborger, Russiske og Spanske skibe","Frandske, Hamborger, Russiske, Spanske","nee","30603"
"0","306","4","194","473","Storbrittaniske skibe","Stor Brittaniske","nee","30604"
"0","306","5","475","618","Svenske sibe","Svenske","nee","30605"
"0","307","1","4","84","Danske skibe","Danske","nee","30701"
"0","307","2","87","93","Hollandske og Preussiske skibe","Hollandske, Preussiske","nee","30702"
"0","307","3","93","188","Norske skibe","Norske","nee","30703"
"0","307","4","191","401","Hollandske og Preusiske skibe","Hollandske, Preussiske","nee","30704"
"0","307","5","401","538","Portugisiske, Lubecker, Embder, Bremer, Rostocker og andre ufrie skibe","Portugiser, Lubecker, Embder, Bremer, Rostocker etc.","nee","30705"
"0","307","6","545","591","Franske, Hamborger, Russiske og Spanske skibe","Frandske, Hamborger, Russiske, Spanske","nee","30706"
"0","307","7","594","645","Storbrittaniske skibe","Stor Brittaniske","nee","30707"
"0","308","1","3","229","Storbrittaniske skibe","Stor Brittaniske","nee","30801"
"0","308","2","229","368","Svenske sibe","Svenske","nee","30802"
"0","308","3","369","440","Storbrittaniske skibe","Stor Brittaniske","nee","30803"
"0","309","1","4","47","Hollandske og Preussiske skibe","Hollandske, Preussiske","nee","30901"
"0","309","2","52","79","Storbrittaniske skibe","Stor Brittaniske","nee","30902"
"0","309","3","86","165","Danske skibe","Danske","nee","30903"
"0","309","4","167","253","Norske skibe","Norske","nee","30904"
"0","309","5","254","474","Hollandske og Preusiske skibe","Hollandske, Preussiske","nee","30905"
"0","309","6","474","604","Portugisiske, Lubecker, Embder, Bremer, Rostocker og andre ufrie skibe","Portugiser, Lubecker, Embder, Bremer, Rostocker etc.","nee","30906"
"0","309","7","606","613","Hollandske og Preusiske skibe","Hollandske, Preussiske","nee","30907"
"0","310","1","4","49","Franske, Hamborger, Russiske og Spanske skibe","Frandske, Hamborger, Russiske, Spanske","nee","31001"
"0","310","2","51","319","Storbrittaniske skibe","Stor Brittaniske","nee","31002"
"0","310","3","323","459","Svenske sibe","Svenske","nee","31003"
"0","310","4","467","550","Danske skibe","Danske","nee","31004"
"0","310","5","553","632","Norske skibe","Norske","nee","31005"
"0","311","1","4","247","Nord-Amerikanske, Hollandske og Preusiske skibe","NordAmerikanske, Hollandske, Preussiske","nee","31101"
"0","311","2","250","349","Portugisiske, Lubecker, Embder, Bremer, Rostocker og andre ufrie skibe","Portugiser, Lubecker, Embder, Bremer, Rostocker etc.","nee","31102"
"0","311","3","355","406","Franske, Hamborger, Russiske og Spanske skibe","Frandske, Hamborger, Russiske, Spanske","nee","31103"
"0","311","4","409","639","Storbrittaniske skibe","Stor Brittaniske","nee","31104"
"0","312","1","3","47","Storbrittaniske skibe","Stor Brittaniske","nee","31201"
"0","312","2","47","187","Svenske skibe","Svenske","nee","31202"
"0","312","3","187","279","Storbrittaniske skibe","Stor Brittaniske","nee","31203"
"0","312","4","281","289","Svenske skibe","Svenske","nee","31204"
"0","312","5","295","381","Danske skibe","Danske","nee","31205"
"0","312","6","384","474","Norske skibe","Norske","nee","31206"
"0","312","7","474","628","Nord-Amerikanske, Hollandske og Preusiske skibe","NordAmerikanske, Hollandske, Preussiske","nee","31207"
"0","313","1","3","107","Nord-Amerikanske, Hollandske og Preusiske skibe","Nord-Amerikanske, Hollandske, Preusiske","nee","31301"
"0","313","2","107","218","Portugisiske, Lubecker, Embder, Bremer, Rostocker og andre ufrie skibe","Portugiser, Lubecker, Embder, Bremer, Rostocker etc.","nee","31302"
"0","313","3","223","237","Nord-Amerikanske, Hollandske og Preusiske skibe","NordAmerikanske, Hollandske, Preussiske","nee","31303"
"0","313","4","240","242","Portugisiske, Lubecker, Embder, Bremer, Rostocker og andre ufrie skibe","Portugiser, Lubecker, Embder, Bremer, Rostocker etc.","nee","31304"
"0","313","5","245","249","Norske skibe","Norske","nee","31305"
"0","313","6","256","311","Franske, Hamborger, Russiske og Spanske skibe","Frandske, Hamborger, Russiske, Spanske","nee","31306"
"0","313","7","314","591","Storbrittaniske skibe","Stor Brittaniske","nee","31307"
"0","313","8","591","601","Svenske skibe","Svenske","nee","31308"
"0","314","1","3","131","Svenske skibe","Svenske","nee","31401"
"0","314","2","134","188","Storbrittaniske skibe","Stor Brittaniske","nee","31402"
"0","314","3","196","283","Danske skibe","Danske","nee","31403"
"0","314","4","285","376","Norske skibe","Norske","nee","31404"
"0","314","5","376","626","Nord-Amerikanske, Hollandske og Preusiske skibe","NordAmerikanske, Hollandske, Preussiske","nee","31405"
"0","315","1","3","13","Nord-Amerikanske, Hollandske og Preusiske skibe","NordAmerikanske, Hollandske, Preussiske","nee","31501"
"0","315","2","13","119","Portugisiske, Lubecker, Embder, Bremer, Rostocker og andre ufrie skibe","Portugiser, Lubecker, Embder, Bremer, Rostocker etc.","nee","31502"
"0","315","3","124","179","Franske, Hamborger, Russiske og Spanske skibe","Frandske, Hamborger, Russiske, Spanske","nee","31503"
"0","315","4","182","469","Storbrittaniske skibe","Stor Brittaniske","nee","31504"
"0","315","5","469","583","Svenske skibe","Svenske","nee","31505"
"0","315","6","585","637","Storbrittaniske skibe","Stor Brittaniske","nee","31506"
"0","316","1","4","21","Norske skibe","Norske","nee","31601"
"0","316","2","23","37","Nord-Amerikanske, Hollandske og Preusiske skibe","NordAmerikanske, Hollandske, Preussiske","nee","31602"
"0","316","3","38","45","Portugisiske, Lubecker, Embder, Bremer, Rostocker og andre ufrie skibe","Portugiser, Lubecker, Embder, Bremer, Rostocker etc.","nee","31603"
"0","316","4","52","125","Danske skibe","Danske","nee","31604"
"0","316","5","128","220","Norske skibe","Norske","nee","31605"
"0","316","6","220","480","Nord-Amerikanske, Hollandske og Preusiske skibe","NordAmerikanske, Hollandske, Preussiske","nee","31606"
"0","316","7","480","595","Portugisiske, Lubecker, Embder, Bremer, Rostocker og andre ufrie skibe","Portugiser, Lubecker, Embder, Bremer, Rostocker etc.","nee","31607"
"0","317","1","4","67","Franske, Hamborger, Russiske og Spanske skibe","Frandske, Hamborger, Russiske, Spanske","nee","31701"
"0","317","2","67","354","Storbrittaniske skibe","Stor Brittaniske","nee","31702"
"0","317","3","354","481","Svenske skibe","Svenske","nee","31703"
"0","317","4","488","527","Storbrittaniske skibe","Stor Brittaniske","nee","31704"
"0","318","1","4","21","Norske skibe","Norske","nee","31801"
"0","318","2","24","32","Nord-Amerikanske, Hollandske og Preusiske skibe","NordAmerikanske, Hollandske, Preussiske","nee","31802"
"0","318","3","34","45","Portugisiske, Lubecker, Embder, Bremer, Rostocker og andre ufrie skibe","Portugiser, Lubecker, Embder, Bremer, Rostocker etc.","nee","31803"
"0","318","4","50","117","Danske skibe","Danske","nee","31804"
"0","318","5","118","135","Norske skibe","Norske","nee","31805"
"0","318","6","136","235","Norske skibe","Norske","nee","31806"
"0","318","7","235","471","Nord-Amerikanske, Hollandske og Preusiske skibe","NordAmerikanske, Hollandske, Preussiske","nee","31807"
"0","318","8","474","584","Portugisiske, Lubecker, Embder, Bremer, Rostocker og andre ufrie skibe","Portugiser, Lubecker, Embder, Bremer, Rostocker etc.","nee","31808"
"0","319","1","3","24","Portugisiske, Lubecker, Embder, Bremer, Rostocker og andre ufrie skibe","Portugiser, Lubecker, Embder, Bremer, Rostocker etc.","nee","31901"
"0","319","2","28","32","Various nations","unknown","nee","31902"
"0","319","3","39","87","Franske, Hamborger, Russiske og Spanske skibe","Frandske, Hamborger, Russiske, Spanske","nee","31903"
"0","319","4","90","375","Storbrittaniske skibe","Stor Brittaniske","nee","31904"
"0","319","5","375","507","Svenske skibe","Svenske","nee","31905"
"0","319","6","510","545","Storbrittaniske skibe","Stor Brittaniske","nee","31906"
"0","319","7","549","549","Various nations","unknown","nee","31907"
"0","320","1","4","79","Danske skibe","Danske","nee","32001"
"0","320","2","82","186","Norske skibe","Norske","nee","32002"
"0","320","3","186","436","Nord-Amerikanske, Hollandske og Preusiske skibe","NordAmerikanske, Hollandske, Preussiske","nee","32003"
"0","320","4","439","497","Portugisiske, Lubecker, Embder, Bremer, Rostocker og andre ufrie skibe","Portugiser, Lubecker, Embder, Bremer, Rostocker etc.","nee","32004"
"0","321","1","3","51","Portugisiske, Lubecker, Embder, Bremer, Rostocker og andre ufrie skibe","Portugiser, Lubecker, Embder, Bremer, Rostocker etc.","nee","32101"
"0","321","2","58","121","Franske, Hamborger, Russiske og Spanske skibe","Frandske, Hamborger, Russiske, Spanske","nee","32102"
"0","321","3","121","379","Storbrittaniske skibe","Stor Brittaniske","nee","32103"
"0","321","4","382","490","Svenske skibe","Svenske","nee","32104"
"0","321","5","493","500","Franske, Hamborger, Russiske og Spanske skibe","Frandske, Hamborger, Russiske, Spanske","nee","32105"
"0","321","6","508","530","Norske skibe","Norske","nee","32106"
"0","322","1","4","77","Danske skibe","Danske","nee","32201"
"0","322","2","79","189","Norske skibe","Norske","nee","32202"
"0","322","3","190","402","Nord-Amerikanske, Hollandske og Preusiske skibe","NordAmerikanske, Hollandske, Preussiske","nee","32203"
"0","322","4","405","417","Norske skibe","Norske","nee","32204"
"0","322","5","420","511","Portugisiske, Lubecker, Embder, Bremer, Rostocker og andre ufrie skibe","Portugiser, Lubecker, Embder, Bremer, Rostocker etc.","nee","32205"
"0","323","1","5","68","Franske, Hamborger, Russiske og Spanske skibe","Frandske, Hamborger, Russiske, Spanske","nee","32301"
"0","323","2","68","315","Storbrittaniske skibe","Stor Brittaniske","nee","32302"
"0","323","3","318","326","Franske, Hamborger, Russiske og Spanske skibe","Frandske, Hamborger, Russiske, Spanske","nee","32303"
"0","323","4","329","451","Svenske skibe","Svenske","nee","32304"
"0","324","5","4","80","Danske skibe","Danske","nee","32405"
"0","324","6","80","199","Norske skibe","Norske","nee","32406"
"0","324","7","199","339","Nord-Amerikanske, Hollandske og Preusiske skibe","NordAmerikanske, Hollandske, Preussiske","nee","32407"
"0","324","8","339","445","Portugisiske, Lubecker, Embder, Bremer, Rostocker og andre ufrie skibe","Portugiser, Lubecker, Embder, Bremer, Rostocker etc.","nee","32408"
"0","324","9","445","552","Nord-Amerikanske, Hollandske og Preusiske skibe","NordAmerikanske, Hollandske, Preussiske","nee","32409"
"0","324","10","557","589","Nord-Amerikanske, Hollandske og Preusiske skibe","NordAmerikanske, Hollandske, Preussiske","nee","32410"
"0","324","11","591","600","Portugisiske, Lubecker, Embder, Bremer, Rostocker og andre ufrie skibe","Portugiser, Lubecker, Embder, Bremer, Rostocker etc.","nee","32411"
"0","324","12","602","604","Danske skibe","Danske","nee","32412"
"0","324","13","607","629","Norske skibe","Norske","nee","32413"
"0","325","1","4","68","Franske, Hamborger, Russiske og Spanske skibe","Frandske, Hamborger, Russiske, Spanske","nee","32501"
"0","325","2","68","330","Storbrittaniske skibe","Stor Brittaniske","nee","32502"
"0","325","3","333","342","Franske, Hamborger, Russiske og Spanske skibe","Frandske, Hamborger, Russiske, Spanske","nee","32503"
"0","325","4","345","452","Svenske skibe","Svenske","nee","32504"
"0","325","5","459","499","Danske skibe","Danske","nee","32505"
"0","326","1","3","37","Danske skibe","Danske","nee","32601"
"0","326","2","40","119","Franske, Hamborger, Russiske og Spanske skibe","Frandske, Hamborger, Russiske, Spanske","nee","32602"
"0","326","3","120","237","Svenske skibe","Svenske","nee","32603"
"0","326","4","249","450","Storbrittaniske skibe","Stor Brittaniske","nee","32604"
"0","326","5","476","480","Norske skibe","Norske","nee","32605"
"0","326","6","483","638","Nord-Amerikanske, Hollandske og Preusiske skibe","NordAmerikanske, Hollandske, Preussiske","nee","32606"
"0","327","1","3","95","Nord-Amerikanske, Hollandske og Preusiske skibe","NordAmerikanske, Hollandske, Preussiske","nee","32701"
"0","327","2","103","225","Norske skibe","Norske","nee","32702"
"0","327","3","226","332","Portugisiske, Lubecker, Embder, Bremer, Rostocker og andre ufrie skibe","Portugiser, Lubecker, Embder, Bremer, Rostocker etc.","nee","32703"
"0","327","4","340","425","Danske skibe","Danske","nee","32704"
"0","327","5","425","509","Franske, Hamborger, Russiske og Spanske skibe","Frandske, Hamborger, Russiske, Spanske","nee","32705"
"0","327","6","510","618","Svenske skibe","Svenske","nee","32706"
"0","327","7","621","624","Danske skibe","Danske","nee","32707"
"0","328","1","5","283","Storbrittaniske skibe","Stor Brittaniske","nee","32801"
"0","328","2","290","571","Nord-Amerikanske, Belgiske, Bremiske, Hollandske og Preussiske samt Østerrigske skibe","NordAmerikanske, Belgiske, Bremer, Hamborger, Hollandske, Preussiske, Østerrigske","nee","32802"
"0","329","1","4","138","Norske skibe","Norske","nee","32901"
"0","329","2","141","260","Hanoveraner, Italiener, Lubecker, Mecklenburger, Oldenburger, Portugiser og andre ufrie skibe","Hanoveraner, Italiener, Lubecker, Mecklenburger, Oldenborger, Portugiser etc.","nee","32902"
"0","329","3","270","363","Danske skibe","Danske","nee","32903"
"0","329","4","363","453","Franske, Hamburger, Russiske og Spanske skibe","Frandske, Hamburger, Russiske, Spanske","nee","32904"
"0","329","5","454","578","Svenske skibe","Svenske","nee","32905"
"0","329","6","583","593","Danske skibe","Danske","nee","32906"
"0","329","7","594","600","Franske, Hamborger, Russiske og Spanske skibe","Frandske, Hamborger, Russiske, Spanske","nee","32907"
"0","330","1","6","309","Storbrittaniske skibe","Stor Brittaniske","nee","33001"
"0","330","2","316","590","Nord-Amerikanske, Belgiske, Bremiske, Hollandske og Preussiske samt Østerrigske skibe","NordAmerikanske, Belgiske, Bremer, Hamborger, Hollandske, Preussiske, Østerrigske","nee","33002"
"0","330","3","595","643","Norske skibe","Norske","nee","33003"
"0","331","1","3","107","Norske skibe","Norske","nee","33101"
"0","331","2","107","222","Hanoveraner, Italiener, Lubecker, Mecklenburger, Oldenburger, Portugiser og andre ufrie skibe","Hanoveraner, Italiener, Lubecker, Mecklenburger, Oldenborger, Portugiser etc.","nee","33102"
"0","331","3","226","227","Norske skibe","Norske","nee","33103"
"0","331","4","236","317","Danske skibe","Danske","nee","33104"
"0","331","5","320","411","Franske, Hamborger, Russiske og Spanske skibe","Frandske, Hamborger, Russiske, Spanske","nee","33105"
"0","331","6","412","528","Svenske skibe","Svenske","nee","33106"
"0","331","7","536","644","Storbrittaniske skibe","Stor Brittaniske","nee","33107"
"0","332","1","3","196","Storbrittaniske skibe","Stor Brittaniske","nee","33201"
"0","332","2","201","235","Storbrittaniske skibe","Stor Brittaniske","nee","33202"
"0","332","3","243","552","Nord-Amerikanske, Belgiske, Bremiske, Hollandske og Preussiske samt Østerrigske skibe","NordAmerikanske, Belgiske, Bremer, Hamborger, Hollandske, Preussiske, Østerrigske","nee","33203"
"0","332","4","557","577","Nord-Amerikanske, Belgiske, Bremiske, Hollandske og Preussiske samt Østerrigske skibe","NordAmerikanske, Belgiske, Bremer, Hamborger, Hollandske, Preussiske, Østerrigske","nee","33204"
"0","333","1","4","132","Norske skibe","Norske","nee","33301"
"0","333","2","135","264","Hanoveraner, Italiener, Lubecker, Mecklenburger, Oldenburger, Portugiser og andre ufrie skibe","Hanoveraner, Italiener, Lubecker, Mecklenburger, Oldenborger, Portugiser etc.","nee","33302"
"0","333","3","270","353","Danske skibe","Danske","nee","33303"
"0","333","4","353","449","Franske, Hamborger, Russiske og Spanske skibe","Frandske, Hamborger, Russiske, Spanske","nee","33304"
"0","333","5","451","567","Svenske skibe","Svenske","nee","33305"
"0","333","6","568","571","Danske skibe","Danske","nee","33306"
"0","333","7","577","645","Storbrittaniske skibe","Stor Brittaniske","nee","33307"
"0","334","1","3","288","Storbrittaniske skibe","Stor Brittaniske","nee","33401"
"0","334","2","291","293","Storbrittaniske skibe","Stor Brittaniske","nee","33402"
"0","334","3","300","604","Nord-Amerikanske, Belgiske, Bremiske, Hollandske og Preussiske samt Østerrigske skibe","NordAmerikanske, Belgiske, Bremer, Hamborger, Hollandske, Preussiske, Østerrigske","nee","33403"
"0","335","1","4","56","Nord-Amerikanske, Belgiske, Bremiske, Hollandske og Preussiske samt Østerrigske skibe","NordAmerikanske, Belgiske, Bremer, Hamborger, Hollandske, Preussiske, Østerrigske","nee","33501"
"0","335","2","63","198","Norske skibe","Norske","nee","33502"
"0","335","3","201","204","Hanoveraner, Italiener, Lubecker, Mecklenburger, Oldenburger, Portugiser og andre ufrie skibe","Hanoveraner, Italiener, Lubecker, Mecklenburger, Oldenborger, Portugiser etc.","nee","33503"
"0","335","4","208","362","Hanoveraner, Italiener, Lubecker, Mecklenburger, Oldenburger, Portugiser og andre ufrie skibe","Hanoveraner, Italiener, Lubecker, Mecklenburger, Oldenborger, Portugiser etc.","nee","33504"
"0","336","1","5","87","Danske skibe","Danske","nee","33601"
"0","336","2","88","183","Franske, Hamborger, Russiske og Spanske skibe","Frandske, Hamborger, Russiske, Spanske","nee","33602"
"0","336","3","183","320","Svenske skibe","Svenske","nee","33603"
"0","337","3","4","404","Storbritaniske skibe","Stor Brittaniske","nee","33703"
"0","337","4","409","660","Nord-Amerikanske, Belgiske, Bremiske, Hollandske og Preussiske samt Østerrigske skibe","NordAmerikanske, Belgiske, Bremer, Hamborger, Hollandske, Preussiske, Østerrigske","nee","33704"
"0","338","1","3","141","Nord-Amerikanske, Belgiske, Bremiske, Hollandske og Preussiske samt Østerrigske skibe","NordAmerikanske, Belgiske, Bremer, Hamborger, Hollandske, Preussiske, Østerrigske","nee","33801"
"0","338","2","146","295","Norske skibe","Norske","nee","33802"
"0","338","3","295","450","Hanoveraner, Italiener, Lubecker, Mecklenburger, Oldenburger, Portugiser og andre ufrie skibe","Hanoveraner, Italiener, Lubecker, Mecklenburger, Oldenborger, Portugiser etc.","nee","33803"
"0","338","4","454","466","Norske skibe","Norske","nee","33804"
"0","338","5","467","470","Hanoveraner, Italiener, Lubecker, Mecklenburger, Oldenburger, Portugiser og andre ufrie skibe","Hanoveraner, Italiener, Lubecker, Mecklenburger, Oldenborger, Portugiser etc.","nee","33805"
"0","338","6","477","565","Danske skibe","Danske","nee","33806"
"0","338","7","565","649","Franske, Hamborgere, Lubeckske, Russiske og Spanske skibe","Frandske, Hamborger, Lubecker, Russiske, Spanske","nee","33807"
"0","339","1","3","14","Franske, Hamborgere, Lubeckske, Russiske og Spanske skibe","Frandske, Hamborger, Lubecker, Russiske, Spanske","nee","33901"
"0","339","2","14","138","Svenske skibe","Svenske","nee","33902"
"0","339","3","146","163","Franske, Hamborgere, Lubeckske, Russiske og Spanske skibe","Frandske, Hamborger, Lubecker, Russiske, Spanske","nee","33903"
"0","339","4","166","171","Danske skibe","Danske","nee","33904"
"0","339","5","178","557","Storbritaniske skibe","Stor Brittaniske","nee","33905"
"0","339","6","563","570","Divers","divers","nee","33906"
"0","340","1","4","438","Nord-Amerikanske, Belgiske, Bremiske, Hollandske og Preussiske samt Østerrigske skibe","NordAmerikanske, Belgiske, Bremer, Hamborger, Hollandske, Preussiske, Østerrigske","nee","34001"
"0","340","2","444","597","Norske skibe","Norske","nee","34002"
"0","340","3","599","635","Hanoveraner, Italiener, Lubecker, Mecklenburger, Oldenburger, Portugiser og andre ufrie skibe","Hanoveraner, Italiener, Lubecker, Mecklenburger, Oldenborger, Portugiser etc.","nee","34003"
"0","341","1","3","142","Hanoveraner, Italiener, Lubecker, Mecklenburger, Oldenburger, Portugiser og andre ufrie skibe","Hanoveraner, Italiener, Lubecker, Mecklenburger, Oldenborger, Portugiser etc.","nee","34101"
"0","341","2","149","530","Danske, Franske, Hamborgske, Lubeckske, Russiske, Spanske og Svenske skibe","Danske, Frandske, Hamborger, Lubecker, Russiske, Spanske, Svenske","nee","34102"
"0","342","1","4","362","Storbritaniske skibe","Stor Brittaniske","nee","34201"
"0","342","2","367","661","Nord-Amerikanske, Bremiske, Belgiske, Hollandske, Preussiske og Østerrigske skibe","NordAmerikanske, Belgiske, Bremer, Hamborger, Hollandske, Preussiske, Østerrigske","nee","34202"
"0","343","1","3","94","Nord-Amerikanske, Bremiske, Belgiske, Hollandske, Preussiske og Østerrigske skibe","NordAmerikanske, Belgiske, Bremer, Hamborger, Hollandske, Preussiske, Østerrigske","nee","34301"
"0","343","2","100","437","Norske og Oldenborgske samt Hanoveranske, Italienske, Mecklenburgske, Portugisiske og andre ufrie skibe","Norske, Oldenborger, Hannover, Italiener, Mecklenburger, Portugiser etc.","nee","34302"
"0","343","3","447","646","Danske, Franske, Hamborgske, Lubeckske, Russiske, Spanske og Svenske skibe","Danske, Frandske, Hamborger, Lubecker, Russiske, Spanske, Svenske","nee","34303"
"0","344","1","3","279","Danske, Franske, Hamborgske, Lubeckske, Russiske, Spanske og Svenske skibe","Danske, Frandske, Hamborger, Lubecker, Russiske, Spanske, Svenske","nee","34401"
"0","344","2","284","621","Storbritaniske skibe","Stor Brittaniske","nee","34402"
"0","345","1","4","428","Nord-Amerikanske, Bremiske, Belgiske, Hollandske, Preussiske og Østerrigske skibe","NordAmerikanske, Belgiske, Bremer, Hamborger, Hollandske, Preussiske, Østerrigske","nee","34501"
"0","346","1","4","533","Norske og Oldenborgske samt Hanoveranske, Italienske, Mecklenburgske, Portugisiske og andre ufrie skibe","Norske, Oldenborger, Hannover, Italiener, Mecklenburger, Portugiser etc.","nee","34601"
"0","346","2","541","641","Fra Nordsøen Storbritaniske skibe","Stor Brittaniske, fra Nordsøen","nee","34602"
"0","347","1","4","165","Nord-Amerikanske, Bremiske, Belgiske, Hollandske, Preussiske og Østerrigske skibe fra Nordsøen","NordAmerikanske, Belgiske, Bremer, Hamborger, Hollandske, Preussiske, Østerrigske, fra Nordsøen","nee","34701"
"0","347","2","171","303","Fra Nordsøen Norske og Oldenborgske samt Hanoveranske, Italienske, Mecklenburgske, Portugisiske og andre ufrie skibe","Norske, Oldenborger, Hannover, Italienske, Mecklenburger, Portugiser etc, fra Nordsøen","nee","34702"
"0","347","3","309","538","Fra Østersøen Danske, Franske, Hamborgske, Lubeckske, Russiske, Spanske og Svenske skibe","Danske, Frandske, Hamborger, Lubecker, Russiske, Spanske, Svenske, fra Østersøen ","nee","34703"
"0","347","4","543","682","Fra Østersøen Storbritaniske skibe","Stor Brittaniske, fra Østersøen","nee","34704"
"0","348","1","3","71","Fra Østersøen Storbritaniske skibe","Stor Brittaniske, fra Østersøen","nee","34801"
"0","348","2","77","301","Nord-Amerikanske, Bremiske, Belgiske, Hollandske, Preussiske og Østerrigske skibe fra Østersøen","NordAmerikanske, Belgiske, Bremer, Hamborger, Hollandske, Preussiske, Østerrigske, fra Østersøen","nee","34802"
"0","348","3","307","555","Fra Østersøen Norske og Oldenborgske samt Hanoveranske, Italienske, Mecklenburgske, Portugisiske og andre ufrie skibe","Norske, Oldenborger, Hannover, Italienske, Mecklenburger, Portugiser etc.","nee","34803"
"0","348","4","563","612","Ballastede skibe fra Nordsøen af folgende nationer: Danske, Franske, Hamborgske, Lubeckske, Russiske, Spanske og Svenske skibe samt Norske, Oldenborgske, Hannoveranske, Italienske, Mecklenborgske, Portugisiske, Kniphausiske og andre ufrie skibe","Ballaster, Westen af","nee","34804"
"0","348","5","616","628","Fra Østersøen ballastede skibe af folgende nationer: Danske, Franske, Hamborgske, Lubeckske, Russiske, Spanske og Svenske skibe samt Norske, Oldenborgske og Hannoveranske, Italienske, Mecklenborgske, Portugisiske, Kniphausiske og andre ufrie skibe","Danske, Frandske, Hamborger, Lubecker, Russiske, Spanske, Svenske, Norske, Oldenborger, Hannover, Italienske, Mecklenburger, Portugiser, Kniphaussiske etc, fra Nordsøen","nee","34805"
"0","349","1","4","84","Fra Nordsøen, ballastede skibe af folgende nationer: Storbritaniske, Nordamerikanske, Bremiske, Belgiske, Hollandske, Preusiske og Østerrigske","Stor Brittaniske, NordAmerikanske, Bremer, Belgiske, Hollandske, Preussiske, Østerrigske, fra Nordsøen","nee","34901"
"0","349","2","87","91","Fra Østersøen, ballastede skibe af folgende nationer: Storbritaniske, Nordamerikanske, Bremiske, Belgiske, Hollandske, Preusiske og Østerrigske","Stor Brittaniske, NordAmerikanske, Bremer, Belgiske, Hollandske, Preussiske, Østerrigske, fra Østersøen","nee","34902"
"0","349","3","98","387","Fra Nordsøen: Danske, Franske, Russiske, Spanske & Svenske skibe","Danske, Frandske, Russiske, Spanske, Svenske, fra Nordsøen","nee","34903"
"0","349","4","396","530","Storbritaniske skibe fra  Nordsøen","Stor Brittaniske, fra Nordsøen","nee","34904"
"0","349","5","538","716","Nordamerikanske, Bremer, Belgiske, Hamburger, Hollandske, Lubecker, Preussiske og Østerrigske skibe","NordAmerikanske, Belgiske, Bremer, Hamborger, Hollandske, Lubecker, Preussiske, Østerrigske","nee","34905"
"0","350","1","3","178","Fra Nordsøen Norske, Oldenborgske og Hanoveranske samt Italienske, Meklenborgske, Portugisiske og andre ufrie skibe","Norske, Oldenborger, Hannover, Italienske, Mecklenburger, Portugiser etc, fra Nordsøen","nee","35001"
"0","350","2","184","397","Fra Østersøen Danske, Franske, Russiske, Spanske og Svenske skibe","Danske, Frandske, Russiske, Spanske, Svenske, fra Østersøen ","nee","35002"
"0","350","3","403","562","Storbritaniske skibe fra Østersøen","Stor Brittaniske, fra Østersøen","nee","35003"
"0","350","4","569","618","Nordamericanske Belgiske Bremiske, Hamborgske, Hollandske, Lubeckske, Preusiske & Østerrigske skibe fra Østersøen","NordAmerikanske, Belgiske, Bremer, Hamborger, Hollandske, Lubecker, Preussiske, Østerrigske, fra Østersøen","nee","35004"
"0","351","1","3","163","Nordamericanske Belgiske Bremiske, Hamborgske, Hollandske, Lubeckske, Preusiske & Østerrigske skibe fra Østersøen","NordAmerikanske, Belgiske, Bremer, Hamborger, Hollandske, Lubecker, Preussiske, Østerrigske, fra Østersøen","nee","35101"
"0","351","2","170","399","Fra Østersøen Norske, Oldenborgske og Hanoveranske samt Italienske, Mecklenborgske, Portugisiske og andre ufrie skibe","Norske, Oldenborger, Hannover, Italienske, Mecklenburger, Portugiser etc.","nee","35102"
"0","351","3","412","483","Ballastede skibe fra Nordsøen af folgende nationer: Danske, Franske, Russiske, Spanske, Svenske, Norske, Oldenborgske, Hannoveranske, samt Italienske, Mecklenborgske, Portugisiske, Kniphausiske, etc.","Ballaster, Westen af","nee","35103"
"0","351","4","491","541","Ballastede skibe af folgende nationer: Storbritaniske, Nordamerikanske, Bremiske, Belgiske, Hollandske, Preusiske, Østerriske samt Hamborgske og Lybekske","Ballaster, Westen af","nee","35104"
"0","351","5","548","551","Fra Østersøen","Fra Østersøen","nee","35105"
"0","351","6","557","620","Fra Nordsøen Danske, Franske, Russiske, Spanske og Svenske skibe","Danske, Frandske, Russiske, Spanske, Svenske, fra Nordsøen","nee","35106"
"0","352","1","3","234","Fra Nordsøen Danske, Franske, Russiske, Spanske og Svenske skibe","Danske, Frandske, Russiske, Spanske, Svenske, fra Nordsøen","nee","35201"
"0","352","2","242","347","Storbritaniske skibe fra Nordsøen","Stor Brittaniske, fra Nordsøen","nee","35202"
"0","352","3","355","488","Nordamericanske Belgiske Bremiske, Hamborgske Hollandske Lubeckske Preusiske & Østerrigske skibe","NordAmerikanske, Belgiske, Bremer, Hamborger, Hollandske, Lubecker, Preussiske, Østerrigske","nee","35203"
"0","352","4","496","657","Fra Nordsøen Norske, Oldenborgske og Hanoveranske samt Italienske, Meklenborgske, Portugisiske og andre ufrie skibe","Norske, Oldenborger, Hannover, Italienske, Mecklenburger, Portugiser etc, fra Nordsøen","nee","35204"
"0","353","1","4","211","Fra Østersøen Danske, Franske, Russiske, Spanske, of Svenske skibe","Danske, Frandske, Russiske, Spanske, Svenske, fra Østersøen ","nee","35301"
"0","353","2","218","431","Storbritaniske skibe fra Østersøen","Stor Brittaniske, fra Østersøen","nee","35302"
"0","353","3","438","661","Nordamerikanske, Belgiske Bremiske, Hamborgske, Hollandske, Lubeckske Preussiske & Østerrigske skibe fra Østersøen","NordAmerikanske, Belgiske, Bremer, Hamborger, Hollandske, Lubecker, Preussiske, Østerrigske, fra Østersøen","nee","35303"
"0","354","1","4","249","Fra Østersøen Norske, Oldenborgske og Hanoveranske samt Italienske, Mecklenborgske, Portugisiske og andre ufrie skibe","Norske, Oldenborger, Hannover, Italienske, Mecklenburger, Portugiser etc.","nee","35401"
"0","354","2","257","320","Ballastede skibe fra Nordsøen af folgende nationer: Danske, Franske, Russiske, Spanske, Svenske, Norske, Oldenborgske, Hannoveranske, Mecklenborgske, Italienske, Portugisiske, Kniphausiske, etc.","Ballaster, Westen af","nee","35402"
"0","354","3","324","351","Ballastede skibe fra Østersøen af folgende nationer: Danske, Franske, Russiske, Spanske, Svenske, Norske, Oldenborgske, Hannoveranske, Mecklenborgske, Italienske, Portugisiske, Kniphausiske, etc.","Ballaster, Westen af","nee","35403"
"0","354","4","357","426","Ballastede skibe af folgende nationer: Storbritaniske, Nordamerikanske, Bremiske, Belgiske, Hollandske, Preusiske, Østerrigske samt Hamborgske og Lybske","Ballaster, Westen af","nee","35404"
"0","354","5","429","434","Fra Østersøen","Fra Østersøen","nee","35405"
"0","354","6","439","675","Fra Nordsøen Danske, Franske, Russiske, Spanske og Svenske skibe","Danske, Frandske, Russiske, Spanske, Svenske, fra Nordsøen","nee","35406"
"0","355","1","3","40","Fra Nordsøen Danske, Franske, Russiske, Spanske og Svenske skibe","Danske, Frandske, Russiske, Spanske, Svenske, fra Nordsøen","nee","35501"
"0","355","2","43","44","Fra Nordsøen Danske, Franske, Russiske, Spanske og Svenske skibe","Danske, Frandske, Russiske, Spanske, Svenske, fra Nordsøen","nee","35502"
"0","355","3","48","178","Storbritaniske skibe fra Nordsøen","Stor Brittaniske, fra Nordsøen","nee","35503"
"0","355","4","184","333","Nordamerikanske, Belgiske, Bremer, Hamborger, Hollandske, Lubecker, Preussiske, Brasilianske og Østerrigske skibe","NordAmerikanske, Belgiske, Bremer, Hamborger, Hollandske, Lubecker, Preussiske, Brasilianske, Østerrigske","nee","35504"
"0","355","5","339","482","Norske, Oldenborgske, Hanoveranske, Mecklenborgske, Italienske samt ufrie skibe","Norske, Oldenborger, Hannover, Mecklenburger, Italiener etc.","nee","35505"
"0","356","1","4","268","Fra Østersøen Danske, Franske, Russiske, Spanske og Svenske skibe","Danske, Frandske, Russiske, Spanske, Svenske, fra Østersøen ","nee","35601"
"0","356","2","275","469","Storbritaniske skibe fra Østersøen","Stor Brittaniske, fra Østersøen","nee","35602"
"0","356","3","476","648","Sydamericanske & Nordamericanske Belgiske Bremiske, Hamborgske, Hollandske, Lubeckske Preusiske & Østerrigske skibe fra Østersøen","Syd Amerikanske, Nord Amerikanske, Beliske, Bremer, Hamborger, Hollandske, Lubecker, Preussiske, Østerrigske, fra Østersøen","nee","35603"
"0","357","1","3","282","Fra Østersøen Norske, Oldenburgske, Hanoveranske, Mecklenburgske, Italienske, Portugisiske, Kniphausere, samt andre ufrie skibe","Norske, Oldenborger, Hannover, Italienske, Mecklenburger, Portugiser, Kniphaussiske etc.","nee","35701"
"0","357","2","292","405","Ballastede skibe fra Nordsøen af folgende nationer: Danske, Franske, Russiske, Spanske, Svenske, Norske, Oldenburgske, Hannoveranske, Mecklenborgske, Italienske, Portugisiske, Kniphausiske etc.","Ballaster, Westen af","nee","35702"
"0","357","3","411","487","Ballastede skibe af folgende nationer: Storbritaniske, Nordamerikanske, Belgiske, Hollandske, Preussiske, Østerrigske, Bremer, Hamborger, og Lubecker","Ballaster, Westen af","nee","35703"
"0","357","4","490","494","Fra Østersøen","Fra Østersøen","nee","35704"
"0","357","5","500","662","Fra Nordsøen Danske, Franske, Russiske, Spanske og Svenske skibe","Danske, Frandske, Russiske, Spanske, Svenske, fra Nordsøen","nee","35705"
"0","358","1","3","83","Fra Nordsøen Danske, Franske, Russiske, Spanske og Svenske skibe","Danske, Frandske, Russiske, Spanske, Svenske, fra Nordsøen","nee","35801"
"0","358","2","88","241","Storbritaniske skibe fra Nordsøen","Stor Brittaniske, fra Nordsøen","nee","35802"
"0","358","3","247","346","Nordamericanske, Belgiske, Bremer, Hamborger, Hollandske, Lubecker, Preussiske, Brasilianske, Østerrigske skibe","NordAmerikanske, Belgiske, Bremer, Hamborger, Hollandske, Lubecker, Preussiske, Brasilianske, Østerrigske","nee","35803"
"0","358","4","352","442","Fra Nordsøen Norske, Oldenborgske, Hanoveranske, Italienske, Meklenborgske, Portugisiske, Kniphaussiske og andre ufrie skibe","Norske, Oldenborger, Hannover, Italienske, Mecklenburger, Portugiser, Kniphaussiske etc, fra Nordsøen","nee","35804"
"0","358","5","449","599","Fra Østersøen Danske, Franske, Russiske, Spanske og Svenske skibe","Danske, Frandske, Russiske, Spanske, Svenske, fra Østersøen ","nee","35805"
"0","359","1","4","303","Storbritaniske skibe fra Østersøen","Stor Brittaniske, fra Østersøen","nee","35901"
"0","359","2","311","448","Nordamerikanske, Belgiske, Bremer, Hamborger, Hollandske, Lubecker, Preussiske, Brasilianske, og Østerrigske skibe","NordAmerikanske, Belgiske, Bremer, Hamborger, Hollandske, Lubecker, Preussiske, Brasilianske, Østerrigske","nee","35902"
"0","359","3","456","580","Fra Østersøen Norske, Oldenborgske, Hanoveranske, Italienske, Mecklenborgske, Portugisiske, Kniphausiske og andre ufrie skibe","Norske, Oldenborger, Hannover, Italienske, Mecklenburger, Portugiser, Kniphaussiske etc.","nee","35903"
"0","359","4","589","620","Ballastede skibe fra Nordsøen af folgende nationer: Danske, Franske, Russiske, Spanske, Svenske, Norske, Oldenburgske, Hannoveranske, Mecklenborgske, Italienske, Portugisiske, Kniphausiske & andre ufrie skibe","Ballaster, Westen af","nee","35904"
"0","359","5","624","638","Ballastede skibe fra Østersøen af folgende nationer: Danske, Franske, Russiske, Spanske, Svenske, Norske, Oldenborgske, Hannoveranske, Mecklenborgske, Italienske, Portugisiske, Kniphausiske og andre ufrie skibe","Ballaster, Westen af","nee","35905"
"0","360","1","4","53","Fra Nordsøen","Fra Nordsøen","nee","36001"
"0","360","2","57","62","Fra Østersøen","Fra Østersøen","nee","36002"
"0","360","3","70","249","Fra Nordsøen Danske, Franske, Russiske, Spanske og Svenske skibe","Danske, Frandske, Russiske, Spanske, Svenske, fra Nordsøen","nee","36003"
"0","360","4","255","412","Storbritanniske skibe fra Nordsøen","Stor Brittaniske, fra Nordsøen","nee","36004"
"0","360","5","418","551","Nordamerikanske, Belgiske, Bremer, Hamborger, Hollandske, Lubecker, Preussiske, Brasilianske, og Østerrigske skibe","NordAmerikanske, Belgiske, Bremer, Hamborger, Hollandske, Lubecker, Preussiske, Brasilianske, Østerrigske","nee","36005"
"0","360","6","557","667","Fra Nordsøen Norske, Oldenborgske, Hanoveranske, Meklenborgske, Italienske, Portugisiske, Kniphaussiske og andre ufrie skibe","Norske, Oldenborger, Hannover, Italienske, Mecklenburger, Portugiser, Kniphaussiske etc, fra Nordsøen","nee","36006"
"0","361","1","4","227","Fra Østersøen Danske, Franske, Russiske, Spanske og Svenske skibe","Danske, Frandske, Russiske, Spanske, Svenske, fra Østersøen ","nee","36101"
"0","361","2","232","451","Storbritaniske skibe fra Østersøen","Stor Brittaniske, fra Østersøen","nee","36102"
"0","361","3","459","563","Brasilianske Nordamerikanske Belgiske Bremiske Hamborgske Hollandske Lubeckske Preussiske og Østerrigske skibe","Brasilianske, NordAmerikanske, Belgiske, Bremer, Hamborger, Hollandske, Lubecker, Preussiske, Østerrigske","nee","36103"
"0","362","1","4","164","Fra Østersøen Norske, Oldenborgske, Hanoveranske, Italienske, Meklenborgske, Portugisiske, Kniphausiske og andre ufrie skibe","Norske, Oldenborger, Hannover, Italienske, Mecklenburger, Portugiser, Kniphaussiske etc.","nee","36201"
"0","362","2","174","219","Ballastede skibe fra Nordsøen af folgende nationer: Danske, Franske, Russiske, Spanske, Svenske, Norske, Oldenburgske, Hannoveranske, Mecklenborgske, Italienske, Portugisiske, Kniphausiske & andre ufrie skibe","Ballaster, Westen af","nee","36202"
"0","362","3","223","239","Ballastede skibe fra Østersøen af folgende nationer: Danske, Franske, Russiske, Spanske, Svenske, Norske, Oldenburgske, Hannoveranske, Mecklenborgske, Italienske, Portugisiske, Kniphausiske & andre ufrie skibe","Ballaster, Westen af","nee","36203"
"0","362","4","247","307","Ballastede skibe af folgende nationer: Storbritaniske, Nordamerikanske, Belgiske, Hollandske, Preusiske, Østerrigske, Bremer, Hamborger, Lybecker, Østerrigske, Brasilianske","Ballaster, Westen af","nee","36204"
"0","362","5","315","614","Fra Nordsøen","Fra Nordsøen","nee","36205"
"0","363","1","4","332","Fra Nordsøen","Fra Nordsøen","nee","36301"
"0","363","2","342","640","Fra Østersøen","Fra Østersøen","nee","36302"
"0","364","1","4","361","Fra Østersøen","Fra Østersøen","nee","36401"
"0","365","1","6","646","Fra Nordsøen","Fra Nordsøen","nee","36501"
"0","366","1","0","661","Fra Østersøen","Fra Østersøen","nee","36601"
"0","367","1","6","656","Fra Nordsøen","Fra Nordsøen","nee","36701"
"0","368","1","7","592","Fra Østersøen","Fra Østersøen","nee","36801"
"0","369","1","6","70","Fra Nordsøen","Fra Nordsøen","nee","36901"
"0","369","2","76","697","Fra Nordsøen","Fra Nordsøen","nee","36902"
"0","370","1","5","57","Fra Nordsøen","Fra Nordsøen","nee","37001"
"0","370","2","63","669","Fra Østersøen","Fra Østersøen","nee","37002"
"0","371","1","5","131","Fra Østersøen","Fra Østersøen","nee","37101"
"0","371","2","138","191","Fra Nordsøen","Fra Nordsøen","nee","37102"
"0","371","3","203","251","Fra Østersøen","Fra Østersøen","nee","37103"
"0","371","4","262","696","Fra Nordsøen","Fra Nordsøen","nee","37104"
"0","372","1","5","149","Fra Nordsøen","Fra Nordsøen","nee","37201"
"0","372","2","155","657","Fra Østersøen","Fra Østersøen","nee","37202"
"0","373","1","6","41","Fra Østersøen","Fra Østersøen","nee","37301"
"0","373","2","51","115","Fra Nordsøen","Fra Nordsøen","nee","37302"
"0","373","3","122","169","Fra Østersøen","Fra Østersøen","nee","37303"
"0","373","4","176","678","Fra Nordsøen","Fra Nordsøen","nee","37304"
"0","374","1","6","14","Fra Nordsøen","Fra Nordsøen","nee","37401"
"0","374","2","21","491","Fra Østersøen","Fra Østersøen","nee","37402"
"0","374","3","498","568","Fra Nordsøen, Svensk indenrigsk fart","Svensk indenrigsk fart, fra Nordsøen","nee","37403"
"0","374","4","574","623","Fra Østersøen, Svensk indenrigsk fart","Svensk indenrigsk fart, fra Østersøen","nee","37404"
"0","374","5","624","625","Fra Østersøen","Fra Østersøen","nee","37405"
"0","375","1","6","699","Fra Nordsøen","Fra Nordsøen","nee","37501"
"0","376","1","5","32","Fra Nordsøen","Fra Nordsøen","nee","37601"
"0","376","2","39","683","Fra Østersøen","Fra Østersøen","nee","37602"
"0","377","1","6","77","Fra Nordsøen, Svensk indenrigsk fart","Svensk indenrigsk fart, fra Nordsøen","nee","37701"
"0","377","2","83","159","Fra Østersøen, Svensk indenrigsk fart","Svensk indenrigsk fart, fra Østersøen","nee","37702"
"0","377","3","165","208","Fra Nordsøen","Fra Nordsøen","nee","37703"
"0","377","4","215","250","Fra Østersøen","Fra Østersøen","nee","37704"
"0","377","5","257","263","Fra Nordsøen, Svensk indenrigsk fart","Svensk indenrigsk fart, fra Nordsøen","nee","37705"
"0","377","6","269","275","Fra Østersøen, Svensk indenrigsk fart","Svensk indenrigsk fart, fra Østersøen","nee","37706"
"0","377","7","282","414","Fra Østersøen","Fra Østersøen","nee","37707"
"0","297","4","463","534","Storbrittaniske skibe","Stor Brittaniske","nee","29704"
"0","297","5","538","539","Svenske skibe","Svenske","nee","29705"
"0","300","1","3","89","Portugisiske, Lybecker, Embder, Bremer, Rostocker og andre ufrie skibe","Portugiser, Lubecker, Embder, Bremer, Rostocker etc.","nee","30001"
"0","302","1","3","157","Storbrittaniske skibe","Stor Brittaniske","nee","30201"
