city_id,year,pop_pers,pop_pers_lag,log_pop,log_pop_lag,buringh_city,country,transport,p_lat,p_lon,elev_m,legal_capacity_cont,legal_capacity_score,merchant_capital_cont,merchant_capital_score,trade_access_cont,trade_access_score,agricultural_surplus_cont,agricultural_surplus_score,noble_extraction_cont,noble_extraction_score,conflict_risk_cont,conflict_risk_score,yr_1400,yr_1500,pred_lag_only,residual_lag_only,z_legal_capacity_cont,z_merchant_capital_cont,z_trade_access_cont,z_agricultural_surplus_cont,z_noble_extraction_cont,z_conflict_risk_cont
2001,1300,2000.0,1000.0,7.600902459542082,6.907755278982137,Anklam,Germany,river baltic,53.85,13.68,6,2.5,3,1.0,2,3.0838,2,2.8521,1,0.0,1,0.0,0,0,0,7.281551122584915,0.3193513369571672,-0.08143585334883845,-0.050788418976354825,0.4840903448407836,-0.9831930700773235,-0.16981822983744027,-0.37234730701128815
2009,1300,8000.0,1000.0,8.987196820661973,6.907755278982137,Greifswald,Germany,baltic + river,54.08,13.38,7,3.5,3,4.3,3,3.1307,3,3.0551,2,0.0,1,0.0,0,0,0,7.281551122584915,1.705645698077058,0.3710396379155492,2.076464975840967,0.5136709865035135,-0.7287040342761237,-0.16981822983744027,-0.37234730701128815
2018,1300,12000.0,2000.0,9.392661928770137,7.600902459542082,Stralsund,Germany,baltic,54.32,13.13,9,2.8,3,1.0,2,2.4845,2,3.0449,3,0.0,1,0.0,0,0,0,7.904236977768518,1.488424951001619,0.054306794030477765,-0.050788418976354825,0.10610146321020714,-0.7414911680947059,-0.16981822983744027,-0.37234730701128815
4015,1300,1000.0,1000.0,6.907755278982137,6.907755278982137,Guestrow,Germany,river baltic,53.8,12.17,13,1.8,2,0.0,0,2.3629,2,2.5609,1,0.0,1,0.0,0,0,0,7.281551122584915,-0.3737958436027782,-0.3981686972339098,-0.6954106598300887,0.029406238771231254,-1.3482532041921482,-0.16981822983744027,-0.37234730701128815
4026,1300,2000.0,1000.0,7.600902459542082,6.907755278982137,Neubrandenburg,Germany,river baltic,53.55,13.25,18,2.8,3,0.0,0,1.9787,2,2.01,0,0.0,1,0.0,0,0,0,7.281551122584915,0.3193513369571672,0.054306794030477765,-0.6954106598300887,-0.21291535028678218,-2.0388837944526466,-0.16981822983744027,-0.37234730701128815
4037,1300,10000.0,3000.0,9.210340371976184,8.006367567650246,Rostock,Germany,baltic + river,54.08,12.12,14,2.5,3,1.0,2,2.4982,2,3.2386,3,0.0,1,0.0,0,0,0,8.268484852780409,0.9418555191957747,-0.08143585334883845,-0.050788418976354825,0.11474229030571675,-0.49866098959868443,-0.16981822983744027,-0.37234730701128815
4040,1300,2000.0,2000.0,7.600902459542082,7.600902459542082,Schwerin,Germany,river baltic,53.63,11.42,38,1.8,2,1.8,1,3.338,2,3.5777,1,0.0,1,0.0,0,0,0,7.904236977768518,-0.30333451822643553,-0.3981686972339098,0.46490937370663227,0.6444186840873922,-0.07355147215933985,-0.16981822983744027,-0.37234730701128815
4051,1300,8000.0,3000.0,8.987196820661973,8.006367567650246,Wismar,Germany,baltic,53.88,11.47,13,1.0,1,1.0,2,2.767,2,2.8768,2,0.0,1,0.0,0,0,0,8.268484852780409,0.7187119678815641,-0.76014909024542,-0.050788418976354825,0.2842791022234522,-0.9522281479872271,-0.16981822983744027,-0.37234730701128815
5011,1300,2000.0,1000.0,7.600902459542082,6.907755278982137,Flensburg,Germany,baltic,54.78,9.43,26,1.8,2,0.0,0,1.9988,2,3.5451,0,0.0,1,6.0,3,0,0,7.281551122584915,0.3193513369571672,-0.3981686972339098,-0.6954106598300887,-0.2002379324313265,-0.11442015475598571,-0.16981822983744027,5.5852096051693225
5023,1300,2000.0,1000.0,7.600902459542082,6.907755278982137,Kiel,Germany,baltic + river,54.33,10.13,5,2.5,3,1.0,2,2.2124,2,3.0222,0,0.0,1,0.0,0,0,0,7.281551122584915,0.3193513369571672,-0.08143585334883845,-0.050788418976354825,-0.06551671581812571,-0.7699488090439041,-0.16981822983744027,-0.37234730701128815
5024,1300,1000.0,1000.0,6.907755278982137,6.907755278982137,Krempe,Germany,land north sea,53.83,9.48,6,2.5,3,0.0,0,3.8351,2,2.3857,1,0.0,1,0.0,0,0,0,7.281551122584915,-0.3737958436027782,-0.08143585334883845,-0.6954106598300887,0.9579482570200798,-1.567891032134859,-0.16981822983744027,-0.37234730701128815
5026,1300,15000.0,11000.0,9.615805480084347,9.305650551780507,Luebeck,Germany,baltic + river,53.87,10.67,15,7.5,3,1.0,2,2.6972,2,3.2961,3,-2.0,0,1.0,2,0,0,9.435690258485277,0.18011522159907045,2.1809416029730997,-0.050788418976354825,0.2402550342477903,-0.4265766567978518,-0.3984363464977372,0.6205788450188136
5041,1300,1000.0,1000.0,6.907755278982137,6.907755278982137,Rendsburg,Germany,river north sea,54.3,9.67,6,2.5,3,0.0,0,2.6949,2,3.1939,1,0.0,1,0.0,0,0,0,7.281551122584915,-0.3737958436027782,-0.08143585334883845,-0.6954106598300887,0.2388043844434347,-0.554698723097766,-0.16981822983744027,-0.37234730701128815
5042,1300,3000.0,2000.0,8.006367567650246,7.600902459542082,Schleswig,Germany,baltic,54.52,9.55,1,1.8,2,0.0,0,2.3191,2,4.2345,2,1.0,2,0.0,0,0,0,7.904236977768518,0.10213058988172818,-0.3981686972339098,-0.6954106598300887,0.0017808207578504636,0.7498396545117342,-0.055509171507291795,-0.37234730701128815
5045,1300,1000.0,1000.0,6.907755278982137,6.907755278982137,Toenning,Germany,north sea,54.32,8.93,2,0.3,1,0.0,0,0.6859,0,2.7389,1,1.0,2,0.0,0,0,0,7.281551122584915,-0.3737958436027782,-1.0768819341304914,-0.6954106598300887,-1.0283066837958916,-1.1251051826521798,-0.055509171507291795,-0.37234730701128815
6001,1300,5000.0,2000.0,8.517193191416238,7.600902459542082,Hamburg,Germany,north sea + river,53.55,9.98,3,2.8,3,4.3,3,4.1503,2,3.578,2,0.0,1,0.0,0,0,0,7.904236977768518,0.6129562136477205,0.054306794030477765,2.076464975840967,1.1567503519474243,-0.0731753799882054,-0.16981822983744027,-0.37234730701128815
7010,1300,4000.0,3000.0,8.294049640102028,8.006367567650246,Berlin,Germany,river north sea,52.52,13.4,35,3.5,3,0.0,0,2.695,2,2.5012,2,0.0,1,0.0,0,0,0,8.268484852780409,0.02556478732161871,0.3710396379155492,-0.6954106598300887,0.2388674561740587,-1.4230955462479693,-0.16981822983744027,-0.37234730701128815
7016,1300,1000.0,1000.0,6.907755278982137,6.907755278982137,Spandau,Germany,river north sea,52.53,13.2,35,3.5,3,0.0,0,2.6954,2,3.9801,1,0.0,1,0.0,0,0,0,7.281551122584915,-0.3737958436027782,0.3710396379155492,-0.6954106598300887,0.23911974309655532,0.4309134933894428,-0.16981822983744027,-0.37234730701128815
7027,1300,1000.0,2000.0,6.907755278982137,7.600902459542082,Brandenburg,Germany,river north sea,52.4,12.53,29,1.8,2,1.0,2,2.6932,2,4.1866,1,0.0,1,0.0,0,0,0,7.904236977768518,-0.9964816987863809,-0.3981686972339098,-0.050788418976354825,0.237732165022824,0.6897902711872154,-0.16981822983744027,-0.37234730701128815
7033,1300,1000.0,1000.0,6.907755278982137,6.907755278982137,Cottbus,Germany,river north sea,51.72,14.35,75,0.3,1,0.0,0,1.9951,2,4.4265,0,0.0,1,0.0,0,0,0,7.281551122584915,-0.3737958436027782,-1.0768819341304914,-0.6954106598300887,-0.20257158646442022,0.9905386440379924,-0.16981822983744027,-0.37234730701128815
7045,1300,5000.0,1000.0,8.517193191416238,6.907755278982137,Frankfurt am Oder,Germany,river north sea,52.33,14.55,23,2.8,3,2.5,3,2.5995,3,4.8011,2,0.0,1,0.0,0,0,0,7.281551122584915,1.2356420688313232,0.054306794030477765,0.9161449423042459,0.17863395342798824,1.4601524017282856,-0.16981822983744027,-0.37234730701128815
7091,1300,1000.0,1000.0,6.907755278982137,6.907755278982137,Nauen,Germany,land north sea,52.6,12.87,35,0.3,1,0.0,0,0.1586,0,2.659,0,0.0,1,0.5,1,0,0,7.281551122584915,-0.3737958436027782,-1.0768819341304914,-0.6954106598300887,-1.3608839193770748,-1.225271064231076,-0.16981822983744027,0.12411576900376273
7093,1300,2000.0,1000.0,7.600902459542082,6.907755278982137,Neuruppin,Germany,river north sea,52.92,12.8,44,2.8,3,0.0,0,1.9869,2,2.1791,0,0.0,1,0.0,0,0,0,7.281551122584915,0.3193513369571672,0.054306794030477765,-0.6954106598300887,-0.20774346837560115,-1.826893173989676,-0.16981822983744027,-0.37234730701128815
7102,1300,1000.0,1000.0,6.907755278982137,6.907755278982137,Potsdam,Germany,river north sea,52.4,13.07,31,0.3,1,0.0,0,0.4904,0,4.474,1,0.0,1,0.0,0,0,0,7.281551122584915,-0.3737958436027782,-1.0768819341304914,-0.6954106598300887,-1.1516119171661199,1.0500865711343328,-0.16981822983744027,-0.37234730701128815
7104,1300,4000.0,3000.0,8.294049640102028,8.006367567650246,Prenzlau,Germany,river north sea,53.32,13.87,34,3.5,3,1.0,2,2.5311,2,3.8888,2,0.0,1,0.0,0,0,0,8.268484852780409,0.02556478732161871,0.3710396379155492,-0.050788418976354825,0.13549288968106443,0.3164561093074248,-0.16981822983744027,-0.37234730701128815
8034,1300,5000.0,2000.0,8.517193191416238,7.600902459542082,Goerlitz,Germany,river baltic,51.15,14.99,201,2.5,3,0.0,0,1.995,2,2.8678,2,0.0,1,0.0,0,0,0,7.904236977768518,0.6129562136477205,-0.08143585334883845,-0.6954106598300887,-0.20263465819504436,-0.9635109131212704,-0.16981822983744027,-0.37234730701128815
9008,1300,3000.0,7000.0,8.006367567650246,8.85366542803745,Bautzen,Germany,river north sea,51.18,14.48,205,2.8,3,0.0,0,1.9925,2,3.3051,1,0.0,1,0.0,0,0,0,9.02965132303025,-1.023283755380005,0.054306794030477765,-0.6954106598300887,-0.20421145146064842,-0.4152938916638086,-0.16981822983744027,-0.37234730701128815
9017,1300,2000.0,1000.0,7.600902459542082,6.907755278982137,Chemnitz,Germany,river north sea,50.83,12.92,297,0.3,1,0.3,1,1.9938,2,2.4905,0,1.0,2,0.0,0,0,0,7.281551122584915,0.3193513369571672,-1.0768819341304914,-0.5020239875739685,-0.20339151896253432,-1.4365095003517765,-0.055509171507291795,-0.37234730701128815
9023,1300,1000.0,1000.0,6.907755278982137,6.907755278982137,Doebeln,Germany,river north sea,51.12,13.12,158,0.3,1,0.0,0,2.1797,2,3.1066,0,0.0,1,0.0,0,0,0,7.281551122584915,-0.3737958436027782,-1.0768819341304914,-0.6954106598300887,-0.08614117173222535,-0.664141544897987,-0.16981822983744027,-0.37234730701128815
9025,1300,5000.0,1000.0,8.517193191416238,6.907755278982137,Dresden,Germany,river north sea,51.05,13.73,111,0.3,1,0.0,0,2.498,2,2.491,2,1.0,2,0.0,0,0,0,7.281551122584915,1.2356420688313232,-1.0768819341304914,-0.6954106598300887,0.11461614684446846,-1.4358826800665516,-0.055509171507291795,-0.37234730701128815
9035,1300,1000.0,1000.0,6.907755278982137,6.907755278982137,Frankenberg,Germany,river north sea,50.9,13.02,262,0.3,1,0.0,0,0.0,0,2.1147,0,0.0,1,0.0,0,0,0,7.281551122584915,-0.3737958436027782,-1.0768819341304914,-0.6954106598300887,-1.4609156841469886,-1.9076276267266086,-0.16981822983744027,-0.37234730701128815
9037,1300,6000.0,1000.0,8.699514748210191,6.907755278982137,Freiberg,Germany,land north sea,50.9,13.33,348,1.8,2,0.3,1,2.0344,2,2.5911,2,1.0,2,4.0,3,0,0,7.281551122584915,1.4179636256252763,-0.3981686972339098,-0.5020239875739685,-0.1777843963291262,-1.3103932589645808,-0.055509171507291795,3.599357301109119
9045,1300,1000.0,1000.0,6.907755278982137,6.907755278982137,Glauchau,Germany,land north sea,50.82,12.53,266,0.3,1,0.0,0,0.4852,0,2.0775,0,0.0,1,0.0,0,0,0,7.281551122584915,-0.3737958436027782,-1.0768819341304914,-0.6954106598300887,-1.154891647158576,-1.9542630559473209,-0.16981822983744027,-0.37234730701128815
9047,1300,1000.0,1000.0,6.907755278982137,6.907755278982137,Grimma,Germany,river north sea,51.23,12.72,128,3.5,3,0.0,0,3.1012,2,2.381,0,0.0,1,1.0,2,0,0,7.281551122584915,-0.3737958436027782,0.3710396379155492,-0.6954106598300887,0.49506482596938695,-1.5737831428159708,-0.16981822983744027,0.6205788450188136
9049,1300,1000.0,1000.0,6.907755278982137,6.907755278982137,Grossenhain,Germany,river north sea,51.28,13.52,115,0.3,1,0.0,0,2.397,2,2.8345,2,0.0,1,0.0,0,0,0,7.281551122584915,-0.3737958436027782,-1.0768819341304914,-0.6954106598300887,0.05091369891406901,-1.0052571441172309,-0.16981822983744027,-0.37234730701128815
9070,1300,4000.0,3000.0,8.294049640102028,8.006367567650246,Leipzig,Germany,river north sea,51.32,12.37,110,2.5,3,4.5,3,3.6424,3,3.1957,2,0.0,1,0.0,0,0,0,8.268484852780409,0.02556478732161871,-0.08143585334883845,2.2053894240117136,0.8364090321073279,-0.5524421700709576,-0.16981822983744027,-0.37234730701128815
9087,1300,2000.0,1000.0,7.600902459542082,6.907755278982137,Meissen,Germany,river north sea,51.17,13.47,106,0.3,1,0.0,0,2.4349,2,3.5294,2,0.0,1,0.5,1,0,0,7.281551122584915,0.3193513369571672,-1.0768819341304914,-0.6954106598300887,0.07481788482062476,-0.13410231171203946,-0.16981822983744027,0.12411576900376273
9088,1300,2000.0,1000.0,7.600902459542082,6.907755278982137,Mittweida,Germany,river north sea,50.98,12.98,280,0.3,1,0.0,0,0.0,0,2.151,0,0.0,1,0.5,1,0,0,7.281551122584915,0.3193513369571672,-1.0768819341304914,-0.6954106598300887,-1.4609156841469886,-1.8621204740193007,-0.16981822983744027,0.12411576900376273
9115,1300,1000.0,1000.0,6.907755278982137,6.907755278982137,Plauen,Germany,river north sea,50.5,12.13,412,0.3,1,0.0,0,1.9994,2,2.5518,0,0.0,1,0.0,0,0,0,7.281551122584915,-0.3737958436027782,-1.0768819341304914,-0.6954106598300887,-0.19985950204758146,-1.3596613333832366,-0.16981822983744027,-0.37234730701128815
9122,1300,1000.0,1000.0,6.907755278982137,6.907755278982137,Reichenbach,Germany,land north sea,50.62,12.3,380,1.0,1,0.3,1,2.4831,2,2.1549,0,0.0,1,0.5,1,0,0,7.281551122584915,-0.3737958436027782,-0.76014909024542,-0.5020239875739685,0.10521845898146875,-1.8572312757945482,-0.16981822983744027,0.12411576900376273
9159,1300,2000.0,1000.0,7.600902459542082,6.907755278982137,Zittau,Germany,river baltic,50.9,14.83,242,0.3,1,0.0,0,1.9884,2,3.6685,0,1.0,2,1.0,2,0,0,7.281551122584915,0.3193513369571672,-1.0768819341304914,-0.6954106598300887,-0.20679739241623887,0.04027909163745273,-0.055509171507291795,0.6205788450188136
9163,1300,3000.0,2000.0,8.006367567650246,7.600902459542082,Zwickau,Germany,river north sea,50.73,12.48,267,5.8,3,0.0,0,2.4756,2,2.1938,2,-2.0,0,0.5,1,0,0,7.904236977768518,0.10213058988172818,1.4117332678236407,-0.6954106598300887,0.10048807918465703,-1.808464657604072,-0.3984363464977372,0.12411576900376273
10002,1300,1000.0,2000.0,6.907755278982137,7.600902459542082,Altenburg,Germany,river north sea,50.98,12.43,227,5.8,3,0.0,0,2.967,2,2.9701,0,-2.0,0,0.0,0,0,0,7.904236977768518,-0.9964816987863809,1.4117332678236407,-0.6954106598300887,0.41042256347176753,-0.835263482764311,-0.3984363464977372,-0.37234730701128815
10019,1300,2000.0,1000.0,7.600902459542082,6.907755278982137,Eisenach,Germany,river north sea,50.98,10.32,215,1.5,2,1.5,0,3.5772,2,2.2888,0,0.0,1,0.0,0,0,0,7.281551122584915,0.3193513369571672,-0.5339113446132261,0.2715227014505121,0.7952862637403771,-1.689368803411392,-0.16981822983744027,-0.37234730701128815
10028,1300,5000.0,4000.0,8.517193191416238,8.294049640102028,Gotha,Germany,land north sea,50.95,10.72,290,2.8,3,0.0,0,3.534,2,3.7688,2,0.0,1,0.0,0,0,0,8.52692283295212,-0.009729641535882294,0.054306794030477765,-0.6954106598300887,0.768039276110741,0.16601924085351394,-0.16981822983744027,-0.37234730701128815
10053,1300,2000.0,2000.0,7.600902459542082,7.600902459542082,Meiningen,Germany,river north sea,50.57,10.42,287,1.8,2,1.5,0,3.5307,2,3.1498,0,0.0,1,0.0,0,0,0,7.904236977768518,-0.30333451822643553,-0.3981686972339098,0.2715227014505121,0.7659579090001439,-0.6099842722545787,-0.16981822983744027,-0.37234730701128815
10098,1300,2000.0,1000.0,7.600902459542082,6.907755278982137,Weimar,Germany,river north sea,50.98,11.32,208,1.3,2,0.0,0,2.4806,2,2.8413,0,0.0,1,2.0,3,0,0,7.281551122584915,0.3193513369571672,-0.6244064428661036,-0.6954106598300887,0.10364166571586485,-0.9967323882381757,-0.16981822983744027,1.6135049970489155
11008,1300,2000.0,2000.0,7.600902459542082,7.600902459542082,Aschersleben,Germany,land north sea,51.75,11.45,114,1.8,2,1.0,2,3.4327,2,3.6442,0,0.0,1,0.0,0,0,0,7.904236977768518,-0.30333451822643553,-0.3981686972339098,-0.050788418976354825,0.7041476129884695,0.009815625775535988,-0.16981822983744027,-0.37234730701128815
11013,1300,2000.0,2000.0,7.600902459542082,7.600902459542082,Bernburg,Germany,river north sea,51.8,11.73,85,2.5,3,0.0,0,3.8229,2,2.5616,1,0.0,1,0.0,0,0,0,7.904236977768518,-0.30333451822643553,-0.08143585334883845,-0.6954106598300887,0.9502535058839325,-1.347375655792834,-0.16981822983744027,-0.37234730701128815
11020,1300,2000.0,2000.0,7.600902459542082,7.600902459542082,Burg,Germany,river north sea,52.28,11.85,54,2.5,3,0.0,0,3.0277,2,3.5606,1,0.0,1,1.0,2,0,0,7.904236977768518,-0.30333451822643553,-0.08143585334883845,-0.6954106598300887,0.44870710396063107,-0.09498872591402237,-0.16981822983744027,0.6205788450188136
11028,1300,1000.0,1000.0,6.907755278982137,6.907755278982137,Dessau,Germany,river north sea,51.83,12.23,60,0.3,1,0.0,0,1.0821,0,2.4658,1,0.0,1,0.0,0,0,0,7.281551122584915,-0.3737958436027782,-1.0768819341304914,-0.6954106598300887,-0.7784164870629792,-1.4674744224418728,-0.16981822983744027,-0.37234730701128815
11034,1300,1000.0,1000.0,6.907755278982137,6.907755278982137,Eilenburg,Germany,river north sea,51.45,12.62,106,1.8,2,0.0,0,3.0272,2,3.281,0,0.0,1,0.0,0,0,0,7.281551122584915,-0.3737958436027782,-0.3981686972339098,-0.6954106598300887,0.4483917453075104,-0.4455066294116355,-0.16981822983744027,-0.37234730701128815
11035,1300,4000.0,2000.0,8.294049640102028,7.600902459542082,Eisleben,Germany,river north sea,51.52,11.53,114,0.3,1,0.0,0,3.3441,2,4.3541,2,0.0,1,0.0,0,0,0,7.904236977768518,0.38981266233350986,-1.0768819341304914,-0.6954106598300887,0.6482660596554659,0.8997750667374659,-0.16981822983744027,-0.37234730701128815
11039,1300,16000.0,15000.0,9.680344001221918,9.615805480084347,Erfurt,Germany,river north sea,50.97,11.02,194,1.3,2,2.8,3,3.1249,3,3.9155,2,1.5,2,0.0,0,0,0,9.714316634220182,-0.03397263299826392,-0.6244064428661036,1.109531614560366,0.5100128261273122,0.34992831253842055,0.0016453576577824412,-0.37234730701128815
11058,1300,6000.0,8000.0,8.699514748210191,8.987196820661973,Halberstadt,Germany,river north sea,51.9,11.07,120,2.8,3,2.8,2,3.3559,2,2.7694,1,0.0,1,0.0,0,0,0,9.149608688135725,-0.4500939399255337,0.054306794030477765,1.109531614560366,0.6557085238691165,-1.0868691452534773,-0.16981822983744027,-0.37234730701128815
11060,1300,4000.0,3000.0,8.294049640102028,8.006367567650246,Halle,Germany,river north sea,51.48,11.97,105,1.8,2,2.5,2,3.4607,2,4.7109,2,0.0,1,0.0,0,0,0,8.268484852780409,0.02556478732161871,-0.3981686972339098,0.9161449423042459,0.7218076975632337,1.3470740222737618,-0.16981822983744027,-0.37234730701128815
11081,1300,1000.0,1000.0,6.907755278982137,6.907755278982137,Koethen,Germany,land north sea,51.75,11.97,80,0.3,1,0.0,0,1.0962,2,2.6953,0,0.0,1,0.0,0,0,0,7.281551122584915,-0.3737958436027782,-1.0768819341304914,-0.6954106598300887,-0.769523373044973,-1.1797639115237677,-0.16981822983744027,-0.37234730701128815
11084,1300,4000.0,3000.0,8.294049640102028,8.006367567650246,Langensalza,Germany,river north sea,51.12,10.67,185,1.8,2,0.0,0,3.4542,2,3.5846,2,0.0,1,0.0,0,0,0,8.268484852780409,0.02556478732161871,-0.3981686972339098,-0.6954106598300887,0.7177080350726635,-0.06490135222324007,-0.16981822983744027,-0.37234730701128815
11094,1300,15000.0,16000.0,9.615805480084347,9.680344001221918,Magdeburg,Germany,river north sea,52.12,11.63,42,3.5,3,5.0,3,3.6182,2,3.6604,2,0.0,1,0.5,1,0,0,9.772294543319328,-0.15648906323498046,0.3710396379155492,2.5277005444385803,0.8211456732962817,0.030124603016814,-0.16981822983744027,0.12411576900376273
11096,1300,5000.0,5000.0,8.517193191416238,8.517193191416238,Merseburg,Germany,river north sea,51.35,11.98,88,0.3,1,1.3,2,3.2901,2,3.3186,1,0.0,1,0.0,0,0,0,8.727382904024687,-0.21018971260844843,-1.0768819341304914,0.14259825327976536,0.6142073251184206,-0.3983697439627435,-0.16981822983744027,-0.37234730701128815
11101,1300,2000.0,2000.0,7.600902459542082,7.600902459542082,Naumburg,Germany,river north sea,51.15,11.8,130,2.8,3,1.0,2,3.2496,2,2.6028,0,0.0,1,0.5,1,0,0,7.904236977768518,-0.30333451822643553,0.054306794030477765,-0.050788418976354825,0.5886632742156369,-1.2957256642903245,-0.16981822983744027,0.12411576900376273
11104,1300,4000.0,3000.0,8.294049640102028,8.006367567650246,Nordhausen,Germany,river north sea,51.5,10.78,180,6.8,3,2.8,2,3.2469,2,3.0274,2,-2.0,0,4.5,3,0,0,8.268484852780409,0.02556478732161871,1.8642087590880285,1.109531614560366,0.5869603374887847,-0.7634298780775681,-0.3984363464977372,4.09582037712417
11114,1300,3000.0,2000.0,8.006367567650246,7.600902459542082,Quedlinburg,Germany,land north sea,51.8,11.15,123,2.8,3,1.3,2,1.3621,2,2.717,2,0.0,1,0.0,0,0,0,7.904236977768518,0.10213058988172818,0.054306794030477765,0.14259825327976536,-0.6018156413153378,-1.1525599111450187,-0.16981822983744027,-0.37234730701128815
11121,1300,3000.0,3000.0,8.006367567650246,8.006367567650246,Salzwedel,Germany,river north sea,52.86,11.15,19,1.8,2,1.0,2,3.0828,2,3.0695,2,0.0,1,0.0,0,0,0,8.268484852780409,-0.26211728513016297,-0.3981686972339098,-0.050788418976354825,0.48345962753454214,-0.7106516100616542,-0.16981822983744027,-0.37234730701128815
11145,1300,2000.0,1000.0,7.600902459542082,6.907755278982137,Stendal,Germany,river north sea,52.6,11.85,32,3.5,3,1.3,2,2.4921,2,3.2461,1,0.0,1,0.0,0,0,0,7.281551122584915,0.3193513369571672,0.3710396379155492,0.14259825327976536,0.11089491473764315,-0.48925868532031463,-0.16981822983744027,-0.37234730701128815
11155,1300,1000.0,2000.0,6.907755278982137,7.600902459542082,Torgau,Germany,river north sea,51.57,13.0,78,2.8,3,0.0,0,3.3183,2,3.244,1,0.0,1,0.0,0,0,0,7.904236977768518,-0.9964816987863809,0.054306794030477765,-0.6954106598300887,0.6319935531544331,-0.49189133051825806,-0.16981822983744027,-0.37234730701128815
11161,1300,2000.0,1000.0,7.600902459542082,6.907755278982137,Weissenfels,Germany,river north sea,51.2,11.97,100,1.8,2,3.3,3,3.2594,3,2.4521,0,0.0,1,0.0,0,0,0,7.281551122584915,0.3193513369571672,-0.3981686972339098,1.4318427349872327,0.5948443038168042,-1.4846492982570276,-0.16981822983744027,-0.37234730701128815
11167,1300,3000.0,2000.0,8.006367567650246,7.600902459542082,Wittenberg,Germany,river north sea,51.87,12.65,75,2.5,3,0.0,0,2.5412,2,2.689,2,0.0,1,0.0,0,0,0,7.904236977768518,0.10213058988172818,-0.08143585334883845,-0.6954106598300887,0.14186313447410434,-1.187661847117598,-0.16981822983744027,-0.37234730701128815
11172,1300,2000.0,1000.0,7.600902459542082,6.907755278982137,Zeitz,Germany,river north sea,51.05,12.13,160,3.5,3,3.3,3,3.245,3,3.1543,0,0.0,1,0.5,1,0,0,7.281551122584915,0.3193513369571672,0.3710396379155492,1.4318427349872327,0.5857619746069257,-0.6043428896875569,-0.16981822983744027,0.12411576900376273
11173,1300,9000.0,4000.0,9.104979856318357,8.294049640102028,Zerbst,Germany,river north sea,51.97,12.1,67,2.5,3,0.0,0,2.9534,2,3.2195,2,0.0,1,0.0,0,0,0,8.52692283295212,0.5780570233662363,-0.08143585334883845,-0.6954106598300887,0.40184480810688195,-0.5226055244942651,-0.16981822983744027,-0.37234730701128815
12016,1300,12000.0,11000.0,9.392661928770137,9.305650551780507,Braunschweig,Germany,river north sea,52.25,10.5,71,2.8,3,1.3,2,3.8007,2,3.4112,2,0.0,1,0.5,1,0,0,9.435690258485277,-0.043028329715140146,0.054306794030477765,0.14259825327976536,0.9362515816853695,-0.2822826271391419,-0.16981822983744027,0.12411576900376273
12017,1300,13000.0,8000.0,9.472704636443673,8.987196820661973,Bremen,Germany,river north sea,53.08,8.8,3,1.8,2,4.3,3,4.0579,2,4.0725,3,0.0,1,0.0,0,0,0,9.149608688135725,0.3230959483079481,-0.3981686972339098,2.076464975840967,1.098472072850703,0.546749882098954,-0.16981822983744027,-0.37234730701128815
12024,1300,1000.0,1000.0,6.907755278982137,6.907755278982137,Celle,Germany,river north sea,52.62,10.08,40,1.8,2,0.0,0,2.6939,2,4.0299,1,0.0,1,0.0,0,0,0,7.281551122584915,-0.3737958436027782,-0.3981686972339098,-0.6954106598300887,0.23817366713719318,0.49334479379781526,-0.16981822983744027,-0.37234730701128815
12033,1300,2000.0,1000.0,7.600902459542082,6.907755278982137,Einbeck,Germany,land north sea,51.82,9.87,112,1.8,2,2.5,2,3.5349,2,2.5102,0,0.0,1,0.0,0,0,0,7.281551122584915,0.3193513369571672,-0.3981686972339098,0.9161449423042459,0.7686069216863585,-1.4118127811139256,-0.16981822983744027,-0.37234730701128815
12037,1300,3000.0,2000.0,8.006367567650246,7.600902459542082,Emden,Germany,north sea + river,53.37,7.2,2,0.3,1,0.0,0,1.2261,2,4.4191,2,0.0,1,0.0,0,0,0,7.904236977768518,0.10213058988172818,-1.0768819341304914,-0.6954106598300887,-0.6875931949641922,0.9812617038166683,-0.16981822983744027,-0.37234730701128815
12048,1300,8000.0,4000.0,8.987196820661973,8.294049640102028,Goettingen,Germany,land north sea,51.53,9.95,150,1.8,2,1.0,2,3.1801,2,3.3551,2,0.0,1,0.0,0,0,0,8.52692283295212,0.4602739877098525,-0.3981686972339098,-0.050788418976354825,0.5448284214318473,-0.3526118631413452,-0.16981822983744027,-0.37234730701128815
12049,1300,9000.0,4000.0,9.104979856318357,8.294049640102028,Goslar,Germany,river north sea,51.9,10.42,406,6.8,3,1.0,2,3.9421,2,3.0299,2,-2.0,0,0.5,1,0,0,8.52692283295212,0.5780570233662363,1.8642087590880285,-0.050788418976354825,1.0254350087879283,-0.760295776651445,-0.3984363464977372,0.12411576900376273
12052,1300,1000.0,1000.0,6.907755278982137,6.907755278982137,Hameln,Germany,river north sea,52.1,9.35,68,2.8,3,1.3,2,4.4223,2,3.9866,1,0.0,1,1.0,1,0,0,7.281551122584915,-0.3737958436027782,0.054306794030477765,0.14259825327976536,1.328305459245133,0.4390621570973629,-0.16981822983744027,0.6205788450188136
12053,1300,5000.0,2000.0,8.517193191416238,7.600902459542082,Hannover,Germany,river north sea,52.4,9.73,53,0.3,1,1.3,2,3.9703,2,3.2821,2,0.0,1,1.0,1,0,0,7.904236977768518,0.6129562136477205,-1.0768819341304914,0.14259825327976536,1.0432212368239406,-0.44412762478414175,-0.16981822983744027,0.6205788450188136
12059,1300,2000.0,3000.0,7.600902459542082,8.006367567650246,Helmstedt,Germany,land north sea,52.22,11.0,123,1.3,2,1.3,2,3.2652,2,3.3913,0,0.0,1,0.0,0,0,0,8.268484852780409,-0.6675823932383267,-0.6244064428661036,0.14259825327976536,0.5985024641930056,-0.307230074491082,-0.16981822983744027,-0.37234730701128815
12062,1300,8000.0,5000.0,8.987196820661973,8.517193191416238,Hildesheim,Germany,river north sea,52.15,9.95,129,1.8,2,2.8,2,3.2526,2,3.4956,2,0.0,1,0.0,0,0,0,8.727382904024687,0.25981391663728637,-0.3981686972339098,1.109531614560366,0.5905554261343617,-0.17647536299322425,-0.16981822983744027,-0.37234730701128815
12071,1300,2000.0,2000.0,7.600902459542082,7.600902459542082,Leer,Germany,river north sea,53.23,7.43,3,0.3,1,0.0,0,1.4338,2,4.3336,1,0.0,1,0.0,0,0,0,7.904236977768518,-0.30333451822643553,-1.0768819341304914,-0.6954106598300887,-0.556593210457817,0.8740754350432558,-0.16981822983744027,-0.37234730701128815
12076,1300,8000.0,8000.0,8.987196820661973,8.987196820661973,Lueneburg,Germany,river north sea,53.25,10.42,16,2.8,3,4.0,3,3.8279,2,3.7752,2,0.0,1,0.0,0,0,0,9.149608688135725,-0.16241186747375203,0.054306794030477765,1.8830783035848466,0.9534070924151403,0.1740425405043889,-0.16981822983744027,-0.37234730701128815
12085,1300,2000.0,1000.0,7.600902459542082,6.907755278982137,Norden,Germany,north sea,53.6,7.2,7,0.3,1,0.0,0,0.4852,0,2.5871,0,0.0,1,0.0,0,0,0,7.281551122584915,0.3193513369571672,-1.0768819341304914,-0.6954106598300887,-1.154891647158576,-1.3154078212463778,-0.16981822983744027,-0.37234730701128815
12091,1300,3000.0,2000.0,8.006367567650246,7.600902459542082,Oldenburg,Germany,river north sea,53.15,8.22,5,0.3,1,4.8,3,1.4209,2,3.3009,2,0.0,1,3.0,3,0,0,7.904236977768518,0.10213058988172818,-1.0768819341304914,2.3987760962678335,-0.5647294637083332,-0.42055918205969545,-0.16981822983744027,2.6064311490790173
12092,1300,9000.0,10000.0,9.104979856318357,9.210340371976184,Osnabrueck,Germany,river north sea,52.27,8.03,65,1.3,2,4.3,3,3.6756,3,3.8209,1,0.0,1,0.5,1,0,0,9.350068759208291,-0.24508890288993435,-0.6244064428661036,2.076464975840967,0.8573488466745484,0.2313339145739202,-0.16981822983744027,0.12411576900376273
12118,1300,2000.0,2000.0,7.600902459542082,7.600902459542082,Stade,Germany,north sea + river,53.6,9.47,9,2.8,3,5.8,3,3.9101,3,3.6786,1,0.0,1,0.5,1,0,0,7.904236977768518,-0.30333451822643553,0.054306794030477765,3.0433983371215674,1.0052520549881978,0.05294086139899026,-0.16981822983744027,0.12411576900376273
12127,1300,2000.0,2000.0,7.600902459542082,7.600902459542082,Verden,Germany,river north sea,52.92,9.22,20,1.8,2,3.3,2,3.6198,2,5.0109,1,0.0,1,0.5,1,0,0,7.904236977768518,-0.30333451822643553,-0.3981686972339098,1.4318427349872327,0.8221548209862685,1.723166193408541,-0.16981822983744027,0.12411576900376273
12138,1300,2000.0,2000.0,7.600902459542082,7.600902459542082,Wolfenbuettel,Germany,land north sea,52.17,10.53,77,0.3,1,0.0,0,1.9144,2,2.9661,1,0.0,1,0.0,0,0,0,7.904236977768518,-0.30333451822643553,-1.0768819341304914,-0.6954106598300887,-0.2534704730781154,-0.8402780450461079,-0.16981822983744027,-0.37234730701128815
13009,1300,2000.0,1000.0,7.600902459542082,6.907755278982137,Beckum,Germany,land north sea,51.75,8.03,100,1.8,2,1.0,2,3.7257,2,2.581,0,0.0,1,0.0,0,0,0,7.281551122584915,0.3193513369571672,-0.3981686972339098,-0.050788418976354825,0.8889477837172511,-1.3230550287261182,-0.16981822983744027,-0.37234730701128815
13014,1300,1000.0,1000.0,6.907755278982137,6.907755278982137,Bielefeld,Germany,land north sea,52.02,8.52,118,0.3,1,1.3,2,3.5767,2,2.8152,0,0.0,1,0.0,0,0,0,7.281551122584915,-0.3737958436027782,-1.0768819341304914,0.14259825327976536,0.7949709050872565,-1.0294524071269013,-0.16981822983744027,-0.37234730701128815
13019,1300,1000.0,1000.0,6.907755278982137,6.907755278982137,Bochum,Germany,land north sea,51.47,7.08,100,0.3,1,1.3,2,2.0035,2,3.0092,0,0.0,1,0.0,0,0,0,7.281551122584915,-0.3737958436027782,-1.0768819341304914,0.14259825327976536,-0.19727356109199115,-0.786246136459745,-0.16981822983744027,-0.37234730701128815
13034,1300,2000.0,1000.0,7.600902459542082,6.907755278982137,Coesfeld,Germany,river north sea,51.93,7.17,89,1.8,2,1.0,2,3.656,2,3.5717,0,0.0,1,0.0,0,0,0,7.281551122584915,0.3193513369571672,-0.3981686972339098,-0.050788418976354825,0.8449867874722135,-0.0810733155820357,-0.16981822983744027,-0.37234730701128815
13039,1300,7000.0,4000.0,8.85366542803745,8.294049640102028,Dortmund,Germany,land north sea,51.52,7.47,86,6.8,3,5.0,3,3.8771,3,3.2523,2,-2.0,0,2.5,3,0,0,8.52692283295212,0.32674259508532977,1.8642087590880285,2.5277005444385803,0.9844383838822258,-0.4814861137835295,-0.3984363464977372,2.1099680730639663
13055,1300,1000.0,1000.0,6.907755278982137,6.907755278982137,Gelsenkirchen,Germany,land north sea,51.52,7.1,48,0.8,1,0.0,0,2.1179,2,2.209,0,0.0,1,0.0,0,0,0,7.281551122584915,-0.3737958436027782,-0.8506441884982975,-0.6954106598300887,-0.12511950125795468,-1.7894093209332431,-0.16981822983744027,-0.37234730701128815
13067,1300,3000.0,2000.0,8.006367567650246,7.600902459542082,Hamm,Germany,river north sea,51.67,7.82,63,1.8,2,1.0,2,4.0578,2,2.4051,2,0.0,1,0.0,0,0,0,7.904236977768518,0.10213058988172818,-0.3981686972339098,-0.050788418976354825,1.0984090011200789,-1.5435704050681431,-0.16981822983744027,-0.37234730701128815
13069,1300,1000.0,1000.0,6.907755278982137,6.907755278982137,Hattingen,Germany,river north sea,51.4,7.18,90,0.3,1,1.0,2,1.9804,2,2.78,0,0.0,1,0.0,0,0,0,7.281551122584915,-0.3737958436027782,-1.0768819341304914,-0.050788418976354825,-0.2118431308661715,-1.0735805552067155,-0.16981822983744027,-0.37234730701128815
13073,1300,4000.0,2000.0,8.294049640102028,7.600902459542082,Herford,Germany,river north sea,52.1,8.67,65,5.8,3,1.3,2,3.8152,2,3.3702,2,-2.0,0,0.5,1,0,0,7.904236977768518,0.38981266233350986,1.4117332678236407,0.14259825327976536,0.9453969826258722,-0.3336818905275615,-0.3984363464977372,0.12411576900376273
13074,1300,1000.0,1000.0,6.907755278982137,6.907755278982137,Herne,Germany,land north sea,51.55,7.22,65,0.3,1,0.0,0,1.8776,2,3.0773,0,0.0,1,0.0,0,0,0,7.281551122584915,-0.3737958436027782,-1.0768819341304914,-0.6954106598300887,-0.2766808699478055,-0.7008732136121499,-0.16981822983744027,-0.37234730701128815
13082,1300,2000.0,1000.0,7.600902459542082,6.907755278982137,Ibbenbueren,Germany,river north sea,52.27,7.72,70,0.3,1,0.0,0,1.9982,2,2.7442,0,0.0,1,0.0,0,0,0,7.281551122584915,0.3193513369571672,-1.0768819341304914,-0.6954106598300887,-0.20061636281507142,-1.1184608876287987,-0.16981822983744027,-0.37234730701128815
13083,1300,2000.0,1000.0,7.600902459542082,6.907755278982137,Iserlohn,Germany,land north sea,51.37,7.68,247,1.8,2,1.0,2,3.5122,2,2.6364,0,0.0,1,0.0,0,0,0,7.281551122584915,0.3193513369571672,-0.3981686972339098,-0.050788418976354825,0.7542896388346747,-1.253603341123229,-0.16981822983744027,-0.37234730701128815
13094,1300,2000.0,1000.0,7.600902459542082,6.907755278982137,Lippstadt,Germany,river north sea,51.67,8.32,79,2.8,3,2.5,2,2.9657,2,2.3432,0,0.0,1,0.0,0,0,0,7.281551122584915,0.3193513369571672,0.054306794030477765,0.9161449423042459,0.40960263097365346,-1.6211707563789526,-0.16981822983744027,-0.37234730701128815
13104,1300,3000.0,2000.0,8.006367567650246,7.600902459542082,Minden,Germany,river north sea,52.28,8.92,42,1.3,2,5.0,3,3.7669,3,3.769,2,0.0,1,0.5,1,0,0,7.904236977768518,0.10213058988172818,-0.6244064428661036,2.5277005444385803,0.9149333367344042,0.16626996896760377,-0.16981822983744027,0.12411576900376273
13105,1300,16000.0,10000.0,9.680344001221918,9.210340371976184,Muenster,Germany,river north sea,51.95,7.62,55,1.3,2,1.3,2,3.6342,2,3.6896,3,0.0,1,0.0,0,0,0,9.350068759208291,0.33027524201362723,-0.6244064428661036,0.14259825327976536,0.831237150196147,0.06673090767393228,-0.16981822983744027,-0.37234730701128815
13117,1300,7000.0,7000.0,8.85366542803745,8.85366542803745,Paderborn,Germany,land north sea,51.72,8.75,110,1.3,2,2.8,2,3.3583,2,3.4555,1,0.0,1,0.0,0,0,0,9.02965132303025,-0.1759858949928006,-0.6244064428661036,1.109531614560366,0.6572222454040961,-0.2267463498682399,-0.16981822983744027,-0.37234730701128815
13123,1300,1000.0,1000.0,6.907755278982137,6.907755278982137,Recklinghausen,Germany,land north sea,51.58,7.2,85,2.8,3,1.0,2,4.2664,2,2.7418,1,0.0,1,4.5,3,0,0,7.281551122584915,-0.3737958436027782,0.054306794030477765,-0.050788418976354825,1.2299766312020715,-1.121469624997877,-0.16981822983744027,4.09582037712417
13125,1300,2000.0,2000.0,7.600902459542082,7.600902459542082,Rheine,Germany,river north sea,52.28,7.43,35,0.3,1,1.0,2,2.4916,2,3.8737,1,0.0,1,0.0,0,0,0,7.904236977768518,-0.30333451822643553,-1.0768819341304914,-0.050788418976354825,0.11057955608452226,0.2975261366936411,-0.16981822983744027,-0.37234730701128815
13137,1300,2000.0,1000.0,7.600902459542082,6.907755278982137,Siegen,Germany,land north sea,50.87,8.03,267,0.3,1,0.0,0,1.9931,2,2.8726,0,0.0,1,0.0,0,0,0,7.281551122584915,0.3193513369571672,-1.0768819341304914,-0.6954106598300887,-0.20383302107690338,-0.957493438383114,-0.16981822983744027,-0.37234730701128815
13138,1300,12000.0,12000.0,9.392661928770137,9.392661928770137,Soest,Germany,land north sea,51.57,8.12,101,1.8,2,2.5,2,3.2527,2,3.5662,2,0.0,1,0.0,0,0,0,9.513856563147616,-0.12119463437747946,-0.3981686972339098,0.9161449423042459,0.5906184978649858,-0.08796833871950673,-0.16981822983744027,-0.37234730701128815
13143,1300,2000.0,2000.0,7.600902459542082,7.600902459542082,Unna,Germany,land north sea,51.53,7.68,100,1.8,2,1.0,2,4.2486,2,2.9857,1,0.0,1,6.0,3,0,0,7.904236977768518,-0.30333451822643553,-0.3981686972339098,-0.050788418976354825,1.2187498631509712,-0.8157066898653024,-0.16981822983744027,5.5852096051693225
13150,1300,2000.0,2000.0,7.600902459542082,7.600902459542082,Warburg,Germany,river north sea,51.48,9.17,230,1.8,2,1.3,2,3.233,2,2.8932,0,0.0,1,0.0,0,0,0,7.904236977768518,-0.30333451822643553,-0.3981686972339098,0.14259825327976536,0.5781933669320268,-0.9316684426318588,-0.16981822983744027,-0.37234730701128815
14001,1300,18000.0,13000.0,9.798127036878302,9.472704636443673,Aachen,Germany,land north sea,50.78,6.08,176,5.8,3,0.3,1,3.316,2,4.8811,3,-2.0,0,2.5,3,0,0,9.585762593030971,0.21236444384733133,1.4117332678236407,-0.5020239875739685,0.6305429033500775,1.5604436473642265,-0.3984363464977372,2.1099680730639663
14012,1300,5000.0,4000.0,8.517193191416238,8.294049640102028,Bonn,Germany,river north sea,50.73,7.08,54,1.8,2,0.3,1,1.1497,1,4.8353,2,0.0,1,0.5,1,0,0,8.52692283295212,-0.009729641535882294,-0.3981686972339098,-0.5020239875739685,-0.7357799971610487,1.5030269092376505,-0.16981822983744027,0.12411576900376273
14018,1300,3000.0,3000.0,8.006367567650246,8.006367567650246,Dueren,Germany,river north sea,50.8,6.5,125,0.3,1,0.0,0,1.1266,2,3.7586,1,0.0,1,0.0,0,0,0,8.268484852780409,-0.26211728513016297,-1.0768819341304914,-0.6954106598300887,-0.750349566935229,0.1532321070349312,-0.16981822983744027,-0.37234730701128815
14019,1300,2000.0,1000.0,7.600902459542082,6.907755278982137,Duesseldorf,Germany,river north sea,51.2,6.78,37,1.8,2,0.3,1,4.346,2,2.6885,2,0.0,1,0.0,0,0,0,7.281551122584915,0.3193513369571672,-0.3981686972339098,-0.5020239875739685,1.280181728778901,-1.1882886674028228,-0.16981822983744027,-0.37234730701128815
14022,1300,1000.0,1000.0,6.907755278982137,6.907755278982137,Duisburg,Germany,river north sea,51.42,6.77,33,1.8,2,3.5,3,4.5781,3,3.4595,2,0.0,1,1.5,3,0,0,7.281551122584915,-0.3737958436027782,-0.3981686972339098,1.5607671831579797,1.4265712155575707,-0.22173178758644288,-0.16981822983744027,1.1170419210338645
14026,1300,3000.0,2000.0,8.006367567650246,7.600902459542082,Emmerich,Germany,river north sea,51.83,6.27,17,1.8,2,1.0,2,4.503,2,5.1638,2,0.0,1,0.0,0,0,0,7.904236977768518,0.10213058988172818,-0.3981686972339098,-0.050788418976354825,1.3792043458588283,1.9148478366302328,-0.16981822983744027,-0.37234730701128815
14028,1300,2000.0,2000.0,7.600902459542082,7.600902459542082,Eschweiler,Germany,river north sea,50.82,6.27,135,0.3,1,0.0,0,1.2542,2,3.3775,0,0.0,1,0.0,0,0,0,7.904236977768518,-0.30333451822643553,-1.0768819341304914,-0.6954106598300887,-0.669870038658804,-0.32453031436328206,-0.16981822983744027,-0.37234730701128815
14029,1300,1000.0,2000.0,6.907755278982137,7.600902459542082,Essen,Germany,land north sea,51.47,7.02,116,0.3,1,4.3,3,4.3142,3,3.3935,2,0.0,1,0.5,1,0,0,7.904236977768518,-0.9964816987863809,-1.0768819341304914,2.076464975840967,1.2601249184404184,-0.3044720652360939,-0.16981822983744027,0.12411576900376273
14031,1300,2000.0,2000.0,7.600902459542082,7.600902459542082,Werden,Germany,river north sea,51.38,7.0,58,0.3,1,0.0,0,2.2544,2,2.9909,2,0.0,1,0.5,1,0,0,7.904236977768518,-0.30333451822643553,-1.0768819341304914,-0.6954106598300887,-0.03902658895597964,-0.8091877588989663,-0.16981822983744027,0.12411576900376273
14048,1300,2000.0,1000.0,7.600902459542082,6.907755278982137,Hueckeswagen,Germany,river north sea,51.13,7.33,308,0.3,1,0.0,0,1.7394,2,2.5098,0,0.0,1,0.0,0,0,0,7.281551122584915,0.3193513369571672,-1.0768819341304914,-0.6954106598300887,-0.3638460016703912,-1.4123142373421058,-0.16981822983744027,-0.37234730701128815
14059,1300,2000.0,2000.0,7.600902459542082,7.600902459542082,Kleve,Germany,river north sea,51.8,6.18,12,1.8,2,0.0,0,2.4856,2,3.4648,1,0.0,1,0.0,0,0,0,7.904236977768518,-0.30333451822643553,-0.3981686972339098,-0.6954106598300887,0.10679525224707266,-0.21508749256306167,-0.16981822983744027,-0.37234730701128815
14060,1300,44000.0,40000.0,10.691944912900398,10.596634733096073,Koeln,Germany,river north sea,50.92,6.95,46,8.8,3,2.5,3,1.7024,2,4.5917,3,-3.0,0,0.0,0,0,0,10.595440469575495,0.09650444332490338,2.769159741616804,0.9161449423042459,-0.3871825420013296,1.1976400662762108,-0.5127454048278857,-0.37234730701128815
14064,1300,3000.0,2000.0,8.006367567650246,7.600902459542082,Koenigswinter,Germany,river north sea,50.67,7.18,80,0.3,1,0.0,0,1.0865,1,2.846,2,0.0,1,0.0,0,0,0,7.904236977768518,0.10213058988172818,-1.0768819341304914,-0.6954106598300887,-0.7756413309155162,-0.990840277557064,-0.16981822983744027,-0.37234730701128815
14070,1300,1000.0,1000.0,6.907755278982137,6.907755278982137,Leverkusen,Germany,river north sea,51.03,6.98,60,0.3,1,0.0,0,2.2362,2,2.5096,2,0.0,1,0.0,0,0,0,7.281551122584915,-0.3737958436027782,-1.0768819341304914,-0.6954106598300887,-0.050505643929576176,-1.4125649654561956,-0.16981822983744027,-0.37234730701128815
14073,1300,2000.0,2000.0,7.600902459542082,7.600902459542082,Mettmann,Germany,land north sea,51.25,6.97,140,0.3,1,0.0,0,2.0705,2,3.044,0,0.0,1,0.0,0,0,0,7.904236977768518,-0.30333451822643553,-1.0768819341304914,-0.6954106598300887,-0.15501550157380545,-0.7426194446081105,-0.16981822983744027,-0.37234730701128815
14077,1300,1000.0,1000.0,6.907755278982137,6.907755278982137,Muelheim an der Ruhr,Germany,river north sea,51.42,6.83,63,0.3,1,0.3,1,2.4554,2,3.0358,2,0.0,1,0.0,0,0,0,7.281551122584915,-0.3737958436027782,-1.0768819341304914,-0.5020239875739685,0.08774758959857719,-0.7528992972857943,-0.16981822983744027,-0.37234730701128815
14079,1300,3000.0,2000.0,8.006367567650246,7.600902459542082,Neuss,Germany,river north sea,51.2,6.68,40,1.8,2,4.3,3,4.4305,2,4.8765,2,0.0,1,0.0,0,0,0,7.904236977768518,0.10213058988172818,-0.3981686972339098,2.076464975840967,1.3334773411563143,1.55467690074016,-0.16981822983744027,-0.37234730701128815
14091,1300,1000.0,1000.0,6.907755278982137,6.907755278982137,Remscheid,Germany,land north sea,51.18,7.18,365,0.3,1,0.0,0,1.8316,2,1.7914,0,0.0,1,0.0,0,0,0,7.281551122584915,-0.3737958436027782,-1.0768819341304914,-0.6954106598300887,-0.30569386603491805,-2.312929623152854,-0.16981822983744027,-0.37234730701128815
14097,1300,1000.0,1000.0,6.907755278982137,6.907755278982137,Rheydt,Germany,land north sea,51.3,6.45,70,0.3,1,0.0,0,1.641,2,2.9645,0,0.0,1,0.0,0,0,0,7.281551122584915,-0.3737958436027782,-1.0768819341304914,-0.6954106598300887,-0.4259085846045624,-0.8422838699588265,-0.16981822983744027,-0.37234730701128815
14100,1300,2000.0,1000.0,7.600902459542082,6.907755278982137,Solingen,Germany,land north sea,51.17,7.08,221,0.3,1,1.0,2,1.9742,2,2.7374,0,0.0,1,0.0,0,0,0,7.281551122584915,0.3193513369571672,-1.0768819341304914,-0.050788418976354825,-0.21575357816486926,-1.1269856435078538,-0.16981822983744027,-0.37234730701128815
14104,1300,2000.0,2000.0,7.600902459542082,7.600902459542082,Velbert,Germany,land north sea,51.37,7.03,230,0.3,1,0.0,0,2.1384,2,3.0498,2,0.0,1,0.0,0,0,0,7.904236977768518,-0.30333451822643553,-1.0768819341304914,-0.6954106598300887,-0.11218979648000252,-0.735348329299505,-0.16981822983744027,-0.37234730701128815
14107,1300,3000.0,2000.0,8.006367567650246,7.600902459542082,Wesel,Germany,river north sea,51.67,6.63,23,1.8,2,1.3,2,4.3669,2,3.3192,2,0.0,1,1.0,2,0,0,7.904236977768518,0.10213058988172818,-0.3981686972339098,0.14259825327976536,1.29336372047935,-0.397617559620474,-0.16981822983744027,0.6205788450188136
14110,1300,1000.0,1000.0,6.907755278982137,6.907755278982137,Wuelfrath,Germany,land north sea,51.28,7.03,262,0.3,1,0.0,0,2.0182,2,2.4293,0,0.0,1,0.0,0,0,0,7.281551122584915,-0.3737958436027782,-1.0768819341304914,-0.6954106598300887,-0.18800201669023975,-1.513232303263271,-0.16981822983744027,-0.37234730701128815
14113,1300,1000.0,1000.0,6.907755278982137,6.907755278982137,Barmen,Germany,river north sea,51.28,7.22,191,0.3,1,0.0,0,1.8291,2,2.4612,0,0.0,1,0.0,0,0,0,7.281551122584915,-0.3737958436027782,-1.0768819341304914,-0.6954106598300887,-0.30727065930052194,-1.47324116906594,-0.16981822983744027,-0.37234730701128815
14115,1300,2000.0,1000.0,7.600902459542082,6.907755278982137,Cronenberg,Germany,river north sea,51.2,7.13,100,0.3,1,0.0,0,1.8738,2,2.4402,0,0.0,1,0.0,0,0,0,7.281551122584915,0.3193513369571672,-1.0768819341304914,-0.6954106598300887,-0.2790775957115235,-1.4995676210453743,-0.16981822983744027,-0.37234730701128815
14116,1300,1000.0,1000.0,6.907755278982137,6.907755278982137,Elberfeld,Germany,river north sea,51.27,7.13,210,0.3,1,1.0,2,1.8615,2,2.0034,0,0.0,1,0.5,1,0,0,7.281551122584915,-0.3737958436027782,-1.0768819341304914,-0.050788418976354825,-0.28683541857829487,-2.0471578222176112,-0.16981822983744027,0.12411576900376273
15015,1300,2000.0,1000.0,7.600902459542082,6.907755278982137,Darmstadt,Germany,land north sea,49.88,8.67,144,0.3,1,0.0,0,0.7637,0,3.043,0,0.0,1,0.0,0,0,0,7.281551122584915,0.3193513369571672,-1.0768819341304914,-0.6954106598300887,-0.979236877370297,-0.7438730851785595,-0.16981822983744027,-0.37234730701128815
15027,1300,13000.0,4000.0,9.472704636443673,8.294049640102028,Frankfurt am Main,Germany,river north sea,50.1,8.67,119,2.8,3,5.5,3,3.1231,2,3.4252,3,0.0,1,0.0,0,0,0,8.52692283295212,0.9457818034915526,0.054306794030477765,2.8500116648654474,0.5088775349760775,-0.2647316591528525,-0.16981822983744027,-0.37234730701128815
15036,1300,3000.0,2000.0,8.006367567650246,7.600902459542082,Fulda,Germany,river north sea,50.55,9.68,261,1.8,2,0.3,1,3.1201,2,4.0232,2,0.0,1,0.0,0,0,0,7.904236977768518,0.10213058988172818,-0.3981686972339098,-0.5020239875739685,0.5069853830573527,0.4849454019758058,-0.16981822983744027,-0.37234730701128815
15043,1300,1000.0,1000.0,6.907755278982137,6.907755278982137,Giessen,Germany,land north sea,50.58,8.7,159,1.8,2,0.0,0,1.9807,2,2.4989,0,0.0,1,0.0,0,0,0,7.281551122584915,-0.3737958436027782,-0.3981686972339098,-0.6954106598300887,-0.21165391567429903,-1.4259789195600026,-0.16981822983744027,-0.37234730701128815
15055,1300,2000.0,2000.0,7.600902459542082,7.600902459542082,Hanau,Germany,river north sea,50.13,8.92,103,0.3,1,0.0,0,1.8121,2,2.5479,2,0.0,1,0.0,0,0,0,7.904236977768518,-0.30333451822643553,-1.0768819341304914,-0.6954106598300887,-0.31799285350662865,-1.364550531607989,-0.16981822983744027,-0.37234730701128815
15061,1300,2000.0,1000.0,7.600902459542082,6.907755278982137,Bad Hersfeld,Germany,river north sea,50.87,9.7,212,1.8,2,0.3,1,1.5917,2,4.4247,2,0.0,1,0.0,0,0,0,7.281551122584915,0.3193513369571672,-0.3981686972339098,-0.5020239875739685,-0.45700294780227213,0.9882820910111835,-0.16981822983744027,-0.37234730701128815
15075,1300,4000.0,3000.0,8.294049640102028,8.006367567650246,Kassel,Germany,river north sea,51.32,9.48,152,2.5,2,0.0,0,2.6939,2,3.801,2,0.0,1,0.0,0,0,0,8.268484852780409,0.02556478732161871,-0.08143585334883845,-0.6954106598300887,0.23817366713719318,0.20638646722198015,-0.16981822983744027,-0.37234730701128815
15092,1300,2000.0,1000.0,7.600902459542082,6.907755278982137,Marburg,Germany,river north sea,50.82,8.77,186,0.3,1,0.0,0,0.0,0,2.7131,0,0.0,1,0.0,0,0,0,7.281551122584915,0.3193513369571672,-1.0768819341304914,-0.6954106598300887,-1.4609156841469886,-1.157449109369771,-0.16981822983744027,-0.37234730701128815
15106,1300,1000.0,1000.0,6.907755278982137,6.907755278982137,Offenbach,Germany,river north sea,50.13,8.78,98,0.3,1,0.0,0,1.1173,1,3.6777,2,0.0,1,0.5,1,0,0,7.281551122584915,-0.3737958436027782,-1.0768819341304914,-0.6954106598300887,-0.7562152378832757,0.05181258488558633,-0.16981822983744027,0.12411576900376273
15150,1300,6000.0,4000.0,8.699514748210191,8.294049640102028,Wetzlar,Germany,river north sea,50.55,8.55,148,5.8,3,0.3,1,1.998,2,2.7447,2,-1.0,1,3.0,3,0,0,8.52692283295212,0.17259191525807083,1.4117332678236407,-0.5020239875739685,-0.2007425062763197,-1.1178340673435743,-0.2841272881675887,2.6064311490790173
15151,1300,1000.0,1000.0,6.907755278982137,6.907755278982137,Wiesbaden,Germany,river north sea,50.08,8.23,117,0.3,1,0.0,0,2.9588,2,4.6522,2,0.0,1,3.0,3,0,0,7.281551122584915,-0.3737958436027782,-1.0768819341304914,-0.6954106598300887,0.40525068156058663,1.2734853207883903,-0.16981822983744027,2.6064311490790173
16017,1300,5000.0,4000.0,8.517193191416238,8.294049640102028,Esslingen,Germany,river north sea,48.75,9.32,241,7.8,3,0.3,1,0.4656,1,3.5685,2,-3.0,0,0.0,0,0,0,8.52692283295212,-0.009729641535882294,2.316684250352416,-0.5020239875739685,-1.1672537063609107,-0.08508496540747346,-0.5127454048278857,-0.37234730701128815
16026,1300,1000.0,1000.0,6.907755278982137,6.907755278982137,Goeppingen,Germany,river north sea,48.7,9.67,323,0.3,1,0.0,0,0.0,0,2.6309,0,0.0,1,0.0,0,0,0,7.281551122584915,-0.3737958436027782,-1.0768819341304914,-0.6954106598300887,-1.4609156841469886,-1.2604983642607002,-0.16981822983744027,-0.37234730701128815
16033,1300,5000.0,4000.0,8.517193191416238,8.294049640102028,Heilbronn,Germany,river north sea,49.13,9.22,157,6.8,3,0.3,1,0.6867,1,3.0956,2,-2.0,0,0.0,0,0,0,8.52692283295212,-0.009729641535882294,1.8642087590880285,-0.5020239875739685,-1.0278021099508983,-0.6779315911729284,-0.3984363464977372,-0.37234730701128815
16074,1300,1000.0,1000.0,6.907755278982137,6.907755278982137,Schorndorf,Germany,river north sea,48.8,9.55,256,0.3,1,0.0,0,0.1103,0,4.6528,0,0.0,1,0.0,0,0,0,7.281551122584915,-0.3737958436027782,-1.0768819341304914,-0.6954106598300887,-1.3913475652685428,1.2742375051306603,-0.16981822983744027,-0.37234730701128815
16075,1300,2000.0,1000.0,7.600902459542082,6.907755278982137,Schwaebisch Gmuend,Germany,river north sea,48.82,9.8,321,4.3,3,0.3,1,0.0,1,4.0544,0,-2.0,0,0.0,0,0,0,7.281551122584915,0.3193513369571672,0.7330200309270593,-0.5020239875739685,-1.4609156841469886,0.5240589877738229,-0.3984363464977372,-0.37234730701128815
16076,1300,2000.0,1000.0,7.600902459542082,6.907755278982137,Schwaebisch Hall,Germany,river north sea,49.12,9.73,304,5.8,3,0.3,1,0.0,1,2.8221,0,-2.0,0,0.0,0,0,0,7.281551122584915,0.3193513369571672,1.4117332678236407,-0.5020239875739685,-1.4609156841469886,-1.0208022871908016,-0.3984363464977372,-0.37234730701128815
16081,1300,5000.0,4000.0,8.517193191416238,8.294049640102028,Stuttgart,Germany,river north sea,48.77,9.18,253,1.8,2,0.0,0,0.6907,0,3.9051,2,0.0,1,1.0,1,0,0,8.52692283295212,-0.009729641535882294,-0.3981686972339098,-0.6954106598300887,-1.0252792407259321,0.336890450605748,-0.16981822983744027,0.6205788450188136
16085,1300,7000.0,2000.0,8.85366542803745,7.600902459542082,Ulm,Germany,river black sea,48.4,10.0,585,7.8,3,0.3,1,0.6915,1,4.58,2,-3.0,0,1.0,2,0,0,7.904236977768518,0.9494284502689325,2.316684250352416,-0.5020239875739685,-1.0247746668809388,1.1829724716019543,-0.5127454048278857,0.6205788450188136
17006,1300,2000.0,2000.0,7.600902459542082,7.600902459542082,Biberach,Germany,river black sea,48.1,9.97,238,7.8,3,0.0,0,0.0,0,4.762,0,-3.0,0,0.0,0,0,0,7.904236977768518,-0.30333451822643553,2.316684250352416,-0.6954106598300887,-1.4609156841469886,1.411135055423719,-0.5127454048278857,-0.37234730701128815
17041,1300,1000.0,1000.0,6.907755278982137,6.907755278982137,Ravensburg,Germany,land north sea,47.78,9.62,450,7.5,3,0.3,1,0.0,1,3.0424,0,-2.0,0,0.0,0,0,0,7.281551122584915,-0.3737958436027782,2.1809416029730997,-0.5020239875739685,-1.4609156841469886,-0.744625269520829,-0.3984363464977372,-0.37234730701128815
17042,1300,5000.0,3000.0,8.517193191416238,8.006367567650246,Reutlingen,Germany,land north sea,48.48,9.18,382,5.8,3,0.0,0,0.4238,0,3.2082,2,-2.0,0,0.5,1,0,0,8.268484852780409,0.2487083386358293,1.4117332678236407,-0.6954106598300887,-1.1936176897618087,-0.5367716629403416,-0.3984363464977372,0.12411576900376273
17045,1300,3000.0,3000.0,8.006367567650246,8.006367567650246,Rottenburg am Neckar,Germany,river north sea,48.47,8.93,349,1.8,2,0.0,0,0.4647,0,4.6476,1,0.0,1,1.0,2,0,0,8.268484852780409,-0.26211728513016297,-0.3981686972339098,-0.6954106598300887,-1.1678213519365281,1.2677185741643238,-0.16981822983744027,0.6205788450188136
17061,1300,2000.0,1000.0,7.600902459542082,6.907755278982137,Tuebingen,Germany,river north sea,48.52,9.07,341,1.8,2,0.0,0,0.6991,0,4.4158,0,0.0,1,0.5,1,0,0,7.281551122584915,0.3193513369571672,-0.3981686972339098,-0.6954106598300887,-1.0199812153535028,0.9771246899341854,-0.16981822983744027,0.12411576900376273
18005,1300,3000.0,3000.0,8.006367567650246,8.006367567650246,Andernach,Germany,river north sea,50.43,7.4,60,0.3,1,0.0,0,1.1767,0,4.9392,2,0.0,1,0.5,1,0,0,8.268484852780409,-0.26211728513016297,-1.0768819341304914,-0.6954106598300887,-0.718750629892526,1.633280164507328,-0.16981822983744027,0.12411576900376273
18010,1300,3000.0,2000.0,8.006367567650246,7.600902459542082,Bad Kreuznach,Germany,river north sea,49.87,7.85,104,2.8,3,0.0,0,0.3657,0,4.8657,2,0.0,1,0.0,0,0,0,7.904236977768518,0.10213058988172818,0.054306794030477765,-0.6954106598300887,-1.2302623652544444,1.5411375825793083,-0.16981822983744027,-0.37234730701128815
18017,1300,2000.0,2000.0,7.600902459542082,7.600902459542082,Bingen,Germany,river north sea,49.97,7.9,89,0.3,1,0.0,0,0.683,0,4.618,2,0.0,1,0.0,0,0,0,7.904236977768518,-0.30333451822643553,-1.0768819341304914,-0.6954106598300887,-1.030135763983992,1.2306108132790263,-0.16981822983744027,-0.37234730701128815
18039,1300,1000.0,1000.0,6.907755278982137,6.907755278982137,Kaiserslautern,Germany,river north sea,49.43,7.77,251,5.8,3,0.3,1,0.0,1,3.8317,0,-2.0,0,0.0,0,0,0,7.281551122584915,-0.3737958436027782,1.4117332678236407,-0.5020239875739685,-1.4609156841469886,0.24487323273477238,-0.3984363464977372,-0.37234730701128815
18045,1300,4000.0,3000.0,8.294049640102028,8.006367567650246,Koblenz,Germany,river north sea,50.35,7.58,73,0.3,1,1.0,2,2.686,2,4.3195,2,0.0,1,0.0,0,0,0,8.268484852780409,0.02556478732161871,-1.0768819341304914,-0.050788418976354825,0.23319100041788457,0.8563991029999213,-0.16981822983744027,-0.37234730701128815
18058,1300,13000.0,9000.0,9.472704636443673,9.104979856318357,Mainz,Germany,river north sea,50.02,8.27,106,4.8,3,0.3,1,3.1675,2,4.843,3,-1.0,1,1.0,2,0,0,9.255418582975906,0.21728605346776675,0.9592577765592532,-0.5020239875739685,0.5368813833732035,1.5126799416301098,-0.2841272881675887,0.6205788450188136
18067,1300,2000.0,2000.0,7.600902459542082,7.600902459542082,Neuwied,Germany,river north sea,50.42,7.45,60,0.3,1,0.0,0,1.1622,0,2.9743,2,0.0,1,0.0,0,0,0,7.904236977768518,-0.30333451822643553,-1.0768819341304914,-0.6954106598300887,-0.727896030833029,-0.829998192368424,-0.16981822983744027,-0.37234730701128815
18073,1300,3000.0,2000.0,8.006367567650246,7.600902459542082,Oppenheim,Germany,river north sea,49.85,8.35,87,5.8,3,0.3,1,1.0397,1,4.4406,2,-2.0,0,0.5,1,0,0,7.904236977768518,0.10213058988172818,1.4117332678236407,-0.5020239875739685,-0.805158900847622,1.008214976081327,-0.3984363464977372,0.12411576900376273
18076,1300,2000.0,2000.0,7.600902459542082,7.600902459542082,Pirmasens,Germany,land north sea,49.2,7.6,387,0.3,1,0.0,0,0.0,0,4.2014,0,0.0,1,0.0,0,0,0,7.904236977768518,-0.30333451822643553,-1.0768819341304914,-0.6954106598300887,-1.4609156841469886,0.7083441516298634,-0.16981822983744027,-0.37234730701128815
18077,1300,1000.0,1000.0,6.907755278982137,6.907755278982137,Moenchengladbach,Germany,land north sea,50.18,6.45,70,0.3,1,0.3,1,0.0,1,4.3353,0,0.0,1,0.0,0,0,0,7.281551122584915,-0.3737958436027782,-1.0768819341304914,-0.5020239875739685,-1.4609156841469886,0.8762066240130202,-0.16981822983744027,-0.37234730701128815
18087,1300,9000.0,7000.0,9.104979856318357,8.85366542803745,Speyer,Germany,river north sea,49.32,8.43,102,5.8,3,1.0,2,0.4889,2,4.5975,2,-2.0,0,1.0,2,0,0,9.02965132303025,0.07532853328810596,1.4117332678236407,-0.050788418976354825,-1.1525579931254821,1.2049111815848164,-0.3984363464977372,0.6205788450188136
18090,1300,11000.0,13000.0,9.305650551780507,9.472704636443673,Trier,Germany,river north sea,49.75,6.63,50,2.8,3,0.0,0,0.0,0,4.9477,2,0.0,1,0.0,0,0,0,9.585762593030971,-0.2801120412504634,0.054306794030477765,-0.6954106598300887,-1.4609156841469886,1.6439361093561475,-0.16981822983744027,-0.37234730701128815
18097,1300,17000.0,12000.0,9.740968623038354,9.392661928770137,Worms,Germany,river north sea,49.63,8.37,96,5.3,3,1.0,2,0.6729,2,4.7894,3,-2.0,0,0.0,0,0,0,9.513856563147616,0.22711205989073768,1.185495522191447,-0.050788418976354825,-1.0365060087770321,1.445484807054029,-0.3984363464977372,-0.37234730701128815
18099,1300,1000.0,1000.0,6.907755278982137,6.907755278982137,Zweibruecken,Germany,land north sea,49.25,7.35,300,0.3,1,0.0,0,0.0,0,2.2934,0,0.0,1,0.0,0,0,0,7.281551122584915,-0.3737958436027782,-1.0768819341304914,-0.6954106598300887,-1.4609156841469886,-1.6836020567873256,-0.16981822983744027,-0.37234730701128815
19011,1300,3000.0,3000.0,8.006367567650246,8.006367567650246,Saarbruecken,Germany,river north sea,49.23,6.98,230,0.3,1,0.0,0,0.0,0,4.1416,1,0.0,1,0.0,0,0,0,8.268484852780409,-0.26211728513016297,-1.0768819341304914,-0.6954106598300887,-1.4609156841469886,0.6333764455169987,-0.16981822983744027,-0.37234730701128815
20005,1300,1000.0,1000.0,6.907755278982137,6.907755278982137,Bruchsal,Germany,land north sea,49.12,8.58,114,2.8,3,0.3,1,0.0,1,2.8958,0,0.0,1,0.0,0,0,0,7.281551122584915,-0.3737958436027782,0.054306794030477765,-0.5020239875739685,-1.4609156841469886,-0.928408977148691,-0.16981822983744027,-0.37234730701128815
20013,1300,10000.0,3000.0,9.210340371976184,8.006367567650246,Heidelberg,Germany,river north sea,49.42,8.72,311,1.8,2,0.0,0,0.5836,0,2.595,3,0.0,1,0.0,0,0,0,8.268484852780409,0.9418555191957747,-0.3981686972339098,-0.6954106598300887,-1.0928290642244047,-1.3055040607398283,-0.16981822983744027,-0.37234730701128815
20024,1300,1000.0,1000.0,6.907755278982137,6.907755278982137,Mannheim,Germany,river north sea,49.48,8.48,95,0.3,1,0.0,0,0.6768,0,3.7749,2,0.0,1,0.0,0,0,0,7.281551122584915,-0.3737958436027782,-1.0768819341304914,-0.6954106598300887,-1.03404621128269,0.17366644833325443,-0.16981822983744027,-0.37234730701128815
20031,1300,2000.0,2000.0,7.600902459542082,7.600902459542082,Pforzheim,Germany,river north sea,48.9,8.7,261,1.8,2,0.0,0,0.0,0,4.6049,0,0.0,1,0.0,0,0,0,7.904236977768518,-0.30333451822643553,-0.3981686972339098,-0.6954106598300887,-1.4609156841469886,1.2141881218061403,-0.16981822983744027,-0.37234730701128815
21003,1300,2000.0,1000.0,7.600902459542082,6.907755278982137,Baden-Baden,Germany,river north sea,48.77,8.23,161,0.3,1,0.0,0,0.0,0,2.8458,0,0.0,1,0.5,1,0,0,7.281551122584915,0.3193513369571672,-1.0768819341304914,-0.6954106598300887,-1.4609156841469886,-0.9910910056711538,-0.16981822983744027,0.12411576900376273
21009,1300,3000.0,2000.0,8.006367567650246,7.600902459542082,Breisach am Rhein,Germany,river north sea,48.02,7.6,225,1.8,2,0.0,0,0.0,0,4.3215,2,0.0,1,0.0,0,0,0,7.904236977768518,0.10213058988172818,-0.3981686972339098,-0.6954106598300887,-1.4609156841469886,0.8589063841408207,-0.16981822983744027,-0.37234730701128815
21018,1300,10000.0,8000.0,9.210340371976184,8.987196820661973,Freiburg,Germany,river north sea,47.98,7.85,273,1.8,2,0.3,1,0.0,1,2.9364,3,0.0,1,0.0,0,0,0,9.149608688135725,0.06073168384045857,-0.3981686972339098,-0.5020239875739685,-1.4609156841469886,-0.877511169988451,-0.16981822983744027,-0.37234730701128815
21037,1300,2000.0,2000.0,7.600902459542082,7.600902459542082,Konstanz,Germany,river north sea,47.67,9.17,405,6.8,3,1.0,2,0.0,2,6.0792,0,-2.0,0,0.0,0,0,0,7.904236977768518,-0.30333451822643553,1.8642087590880285,-0.050788418976354825,-1.4609156841469886,3.0624304148194863,-0.3984363464977372,-0.37234730701128815
21039,1300,1000.0,1000.0,6.907755278982137,6.907755278982137,Lahr,Germany,land north sea,48.4,7.87,170,0.3,1,0.0,0,0.0,0,2.5766,0,0.0,1,0.0,0,0,0,7.281551122584915,-0.3737958436027782,-1.0768819341304914,-0.6954106598300887,-1.4609156841469886,-1.328571047236095,-0.16981822983744027,-0.37234730701128815
22006,1300,1000.0,1000.0,6.907755278982137,6.907755278982137,Ansbach,Germany,river north sea,49.28,10.6,406,0.3,1,0.0,0,0.0,0,3.8684,0,0.0,1,0.0,0,0,0,7.281551122584915,-0.3737958436027782,-1.0768819341304914,-0.6954106598300887,-1.4609156841469886,0.29088184167025993,-0.16981822983744027,-0.37234730701128815
22009,1300,2000.0,1000.0,7.600902459542082,6.907755278982137,Aschaffenburg,Germany,river north sea,49.98,9.15,138,1.8,2,0.3,1,3.7883,2,4.529,2,0.0,1,0.0,0,0,0,7.281551122584915,0.3193513369571672,-0.3981686972339098,-0.5020239875739685,0.9284306870879739,1.1190368025090418,-0.16981822983744027,-0.37234730701128815
22016,1300,8000.0,8000.0,8.987196820661973,8.987196820661973,Bamberg,Germany,river north sea,49.88,10.88,293,0.3,1,0.3,1,0.669,1,4.5287,1,1.5,2,0.0,0,0,0,9.149608688135725,-0.16241186747375203,-1.0768819341304914,-0.5020239875739685,-1.0389658062713742,1.1186607103379067,0.0016453576577824412,-0.37234730701128815
22018,1300,1000.0,1000.0,6.907755278982137,6.907755278982137,Bayreuth,Germany,river north sea,49.95,11.58,343,1.8,2,0.0,0,1.994,2,2.615,0,0.0,1,0.0,0,0,0,7.281551122584915,-0.3737958436027782,-0.3981686972339098,-0.6954106598300887,-0.203265375501286,-1.2804312493308432,-0.16981822983744027,-0.37234730701128815
22024,1300,3000.0,2000.0,8.006367567650246,7.600902459542082,Coburg,Germany,river north sea,50.25,10.97,292,0.3,1,0.0,0,0.0,0,2.7773,2,0.0,1,0.0,0,0,0,7.904236977768518,0.10213058988172818,-1.0768819341304914,-0.6954106598300887,-1.4609156841469886,-1.0769653847469285,-0.16981822983744027,-0.37234730701128815
22027,1300,2000.0,1000.0,7.600902459542082,6.907755278982137,Dinkelsbuehl,Germany,river black sea,49.07,10.35,442,4.3,3,0.3,1,0.0,1,4.0365,0,-2.0,0,0.0,0,0,0,7.281551122584915,0.3193513369571672,0.7330200309270593,-0.5020239875739685,-1.4609156841469886,0.5016188215627811,-0.3984363464977372,-0.37234730701128815
22032,1300,2000.0,2000.0,7.600902459542082,7.600902459542082,Eichstaett,Germany,river black sea,48.9,11.22,393,1.8,2,1.0,2,0.0,2,4.0494,0,0.0,1,0.5,1,0,0,7.904236977768518,-0.30333451822643553,-0.3981686972339098,-0.050788418976354825,-1.4609156841469886,0.5177907849215767,-0.16981822983744027,0.12411576900376273
22035,1300,1000.0,1000.0,6.907755278982137,6.907755278982137,Erlangen,Germany,river north sea,49.6,11.02,279,0.3,1,0.0,0,0.0,0,4.2483,0,0.0,1,0.0,0,0,0,7.281551122584915,-0.3737958436027782,-1.0768819341304914,-0.6954106598300887,-1.4609156841469886,0.7671398943839348,-0.16981822983744027,-0.37234730701128815
22039,1300,2000.0,1000.0,7.600902459542082,6.907755278982137,Fuerth,Germany,river north sea,49.47,10.98,304,0.3,1,0.3,1,0.0,1,3.358,0,0.0,1,0.0,0,0,0,7.281551122584915,0.3193513369571672,-1.0768819341304914,-0.5020239875739685,-1.4609156841469886,-0.34897630548704245,-0.16981822983744027,-0.37234730701128815
22058,1300,2000.0,1000.0,7.600902459542082,6.907755278982137,Hof,Germany,river north sea,50.3,11.92,500,0.3,1,0.0,0,0.0,0,2.4045,0,0.0,1,0.0,0,0,0,7.281551122584915,0.3193513369571672,-1.0768819341304914,-0.6954106598300887,-1.4609156841469886,-1.5443225894104127,-0.16981822983744027,-0.37234730701128815
22094,1300,14000.0,7000.0,9.546812608597396,8.85366542803745,Nuernberg,Germany,river north sea,49.45,11.07,301,2.8,3,1.0,2,1.9981,2,2.8255,3,0.0,1,2.0,2,0,0,9.02965132303025,0.5171612855671448,0.054306794030477765,-0.050788418976354825,-0.20067943454569556,-1.0165399092512741,-0.16981822983744027,1.6135049970489155
22109,1300,5000.0,3000.0,8.517193191416238,8.006367567650246,Rothenburg ob der Tauber,Germany,river north sea,49.38,10.17,430,8.8,3,1.0,2,0.0,2,4.5582,2,-3.0,0,0.5,1,0,0,8.268484852780409,0.2487083386358293,2.769159741616804,-0.050788418976354825,-1.4609156841469886,1.1556431071661606,-0.5127454048278857,0.12411576900376273
22121,1300,2000.0,1000.0,7.600902459542082,6.907755278982137,Schweinfurt,Germany,river north sea,50.05,10.27,226,7.8,3,0.0,0,0.0,0,4.1617,0,-3.0,0,0.0,0,0,0,7.281551122584915,0.3193513369571672,2.316684250352416,-0.6954106598300887,-1.4609156841469886,0.658574620983028,-0.5127454048278857,-0.37234730701128815
22145,1300,7000.0,5000.0,8.85366542803745,8.517193191416238,Wuerzburg,Germany,river north sea,49.8,9.93,186,2.8,3,1.0,2,0.6617,2,4.6731,2,1.5,2,4.0,3,0,0,8.727382904024687,0.12628252401276363,0.054306794030477765,-0.050788418976354825,-1.0435700426069379,1.29968640871078,0.0016453576577824412,3.599357301109119
23004,1300,3000.0,1000.0,8.006367567650246,6.907755278982137,Amberg,Germany,river north sea,49.45,11.87,373,0.3,1,0.0,0,0.0,0,2.9097,2,0.0,1,0.0,0,0,0,7.281551122584915,0.7248164450653309,-1.0768819341304914,-0.6954106598300887,-1.4609156841469886,-0.9109833732194462,-0.16981822983744027,-0.37234730701128815
23006,1300,19000.0,13000.0,9.852194258148577,9.472704636443673,Augsburg,Germany,river black sea,48.35,10.88,474,4.3,3,0.3,1,0.6905,1,3.9863,3,-2.0,0,0.0,0,0,0,9.585762593030971,0.2664316651176062,0.7330200309270593,-0.5020239875739685,-1.0254053841871804,0.4386860649262279,-0.3984363464977372,-0.37234730701128815
23055,1300,1000.0,1000.0,6.907755278982137,6.907755278982137,Harburg,Germany,river north sea,48.78,10.68,440,0.8,1,0.0,0,0.4709,0,2.8842,0,0.0,1,0.0,0,0,0,7.281551122584915,-0.3737958436027782,-0.8506441884982975,-0.6954106598300887,-1.1639109046378306,-0.9429512077659025,-0.16981822983744027,-0.37234730701128815
23063,1300,6000.0,4000.0,8.699514748210191,8.294049640102028,Ingolstadt,Germany,river black sea,48.77,11.45,374,1.8,2,0.0,0,0.0,0,4.1,2,0.0,1,0.0,0,0,0,8.52692283295212,0.17259191525807083,-0.3981686972339098,-0.6954106598300887,-1.4609156841469886,0.5812249977863084,-0.16981822983744027,-0.37234730701128815
23064,1300,2000.0,1000.0,7.600902459542082,6.907755278982137,Kaufbeuren,Germany,river black sea,47.88,10.62,678,5.8,3,0.3,1,0.0635,1,2.784,0,-2.0,0,0.0,0,0,0,7.281551122584915,0.3193513369571672,1.4117332678236407,-0.5020239875739685,-1.4208651352006487,-1.0685659929249185,-0.3984363464977372,-0.37234730701128815
23067,1300,4000.0,3000.0,8.294049640102028,8.006367567650246,Kempten,Germany,river black sea,47.72,10.32,674,6.3,3,0.0,0,0.0,0,4.9115,1,-3.0,0,0.0,0,0,0,8.268484852780409,0.02556478732161871,1.6379710134558345,-0.6954106598300887,-1.4609156841469886,1.5985543207058843,-0.5127454048278857,-0.37234730701128815
23074,1300,3000.0,1000.0,8.006367567650246,6.907755278982137,Landshut,Germany,river black sea,48.52,12.17,393,1.8,2,0.0,0,0.0,0,2.9627,2,0.0,1,0.0,0,0,0,7.281551122584915,0.7248164450653309,-0.3981686972339098,-0.6954106598300887,-1.4609156841469886,-0.8445404229856355,-0.16981822983744027,-0.37234730701128815
23076,1300,3000.0,2000.0,8.006367567650246,7.600902459542082,Lauingen,Germany,river black sea,48.57,10.42,439,1.8,2,0.0,0,0.0,0,3.6699,2,0.0,1,0.0,0,0,0,7.904236977768518,0.10213058988172818,-0.3981686972339098,-0.6954106598300887,-1.4609156841469886,0.04203418843608206,-0.16981822983744027,-0.37234730701128815
23084,1300,3000.0,2000.0,8.006367567650246,7.600902459542082,Memmingen,Germany,river black sea,47.98,10.18,601,8.5,3,0.3,1,0.0,1,2.9325,1,-3.0,0,0.0,0,0,0,7.904236977768518,0.10213058988172818,2.6334170942374877,-0.5020239875739685,-1.4609156841469886,-0.8824003682132029,-0.5127454048278857,-0.37234730701128815
23092,1300,10000.0,5000.0,9.210340371976184,8.517193191416238,Muenchen,Germany,river black sea,48.13,11.57,514,1.8,2,0.3,1,0.0,1,3.1135,3,0.0,1,0.5,1,0,0,8.727382904024687,0.48295746795149697,-0.3981686972339098,-0.5020239875739685,-1.4609156841469886,-0.6554914249618866,-0.16981822983744027,0.12411576900376273
23095,1300,2000.0,2000.0,7.600902459542082,7.600902459542082,Neuburg,Germany,river black sea,48.73,11.18,383,0.3,1,0.0,0,0.006,0,4.0693,0,0.0,1,0.0,0,0,0,7.904236977768518,-0.30333451822643553,-1.0768819341304914,-0.6954106598300887,-1.4571313803095394,0.5427382322735168,-0.16981822983744027,-0.37234730701128815
23105,1300,6000.0,4000.0,8.699514748210191,8.294049640102028,Noerdlingen,Germany,river black sea,48.85,10.5,430,6.8,3,1.0,2,0.1024,2,4.0724,2,-2.0,0,0.0,0,0,0,8.52692283295212,0.17259191525807083,1.8642087590880285,-0.050788418976354825,-1.3963302319878514,0.5466245180419094,-0.3984363464977372,-0.37234730701128815
23112,1300,3000.0,2000.0,8.006367567650246,7.600902459542082,Passau,Germany,river black sea,48.58,13.47,310,3.5,3,0.3,1,0.6478,1,6.0825,2,0.0,1,6.5,3,0,0,7.904236977768518,0.10213058988172818,0.3710396379155492,-0.5020239875739685,-1.0523370131636955,3.0665674287019677,-0.16981822983744027,6.081672681184373
23123,1300,12000.0,16000.0,9.392661928770137,9.680344001221918,Regensburg,Germany,river black sea,49.02,12.1,332,4.8,3,0.3,1,0.6873,1,4.5132,2,-1.0,1,3.5,3,0,0,9.772294543319328,-0.37963261454919106,0.9592577765592532,-0.5020239875739685,-1.0274236795671534,1.099229281495944,-0.2841272881675887,3.102894225094068
23139,1300,1000.0,1000.0,6.907755278982137,6.907755278982137,Straubing,Germany,river black sea,48.88,12.57,322,0.3,1,0.3,1,0.0,1,3.697,0,0.0,1,0.0,0,0,0,7.281551122584915,-0.3737958436027782,-1.0768819341304914,-0.5020239875739685,-1.4609156841469886,0.0760078478952569,-0.16981822983744027,-0.37234730701128815
2001,1400,1000.0,2000.0,6.907755278982137,7.600902459542082,Anklam,Germany,river baltic,53.85,13.68,6,2.5,3,1.0,2,3.0838,2,3.1521,1,0.0,1,0.0,0,1,0,7.390729187113451,-0.48297390813131447,-0.08143585334883845,-0.050788418976354825,0.4840903448407836,-0.6071008989425455,-0.16981822983744027,-0.37234730701128815
2009,1400,5000.0,8000.0,8.517193191416238,8.987196820661973,Greifswald,Germany,baltic + river,54.08,13.38,7,3.5,3,4.3,3,3.1307,3,3.3551,2,0.0,1,0.0,0,1,0,8.63610089748066,-0.11890770606442125,0.3710396379155492,2.076464975840967,0.5136709865035135,-0.3526118631413452,-0.16981822983744027,-0.37234730701128815
2018,1400,15000.0,12000.0,9.615805480084347,9.392661928770137,Stralsund,Germany,baltic,54.32,13.13,9,4.8,3,1.0,2,2.4845,2,3.3449,3,-1.0,1,0.0,0,1,0,9.00034877249255,0.6154567075917967,0.9592577765592532,-0.050788418976354825,0.10610146321020714,-0.36539899695992795,-0.2841272881675887,-0.37234730701128815
4015,1400,1000.0,1000.0,6.907755278982137,6.907755278982137,Guestrow,Germany,river baltic,53.8,12.17,13,2.8,3,0.0,0,3.1319,2,2.8609,1,0.0,1,0.0,0,1,0,6.7680433319298485,0.1397119470522883,0.054306794030477765,-0.6954106598300887,0.5144278472710033,-0.9721610330573701,-0.16981822983744027,-0.37234730701128815
4026,1400,1000.0,2000.0,6.907755278982137,7.600902459542082,Neubrandenburg,Germany,river baltic,53.55,13.25,18,2.8,3,0.0,0,1.9787,2,2.31,0,0.0,1,0.0,0,1,0,7.390729187113451,-0.48297390813131447,0.054306794030477765,-0.6954106598300887,-0.21291535028678218,-1.662791623317868,-0.16981822983744027,-0.37234730701128815
4037,1400,13000.0,10000.0,9.472704636443673,9.210340371976184,Rostock,Germany,baltic + river,54.08,12.12,14,2.5,3,5.0,3,3.2672,3,3.5386,3,0.0,1,1.0,1,1,0,8.836560968553226,0.6361436678904475,-0.08143585334883845,2.5277005444385803,0.5997638988054885,-0.12256881846390585,-0.16981822983744027,0.6205788450188136
4040,1400,1000.0,2000.0,6.907755278982137,7.600902459542082,Schwerin,Germany,river baltic,53.63,11.42,38,2.8,3,1.8,1,3.5394,2,3.8777,1,2.0,2,3.0,3,1,0,7.390729187113451,-0.48297390813131447,0.054306794030477765,0.46490937370663227,0.7714451495644457,0.30254069897543817,0.058799886822856674,2.6064311490790173
4051,1400,6000.0,8000.0,8.699514748210191,8.987196820661973,Wismar,Germany,baltic,53.88,11.47,13,1.0,1,4.0,3,3.1245,3,3.1768,1,0.0,1,0.0,0,1,0,8.63610089748066,0.06341385072953187,-0.76014909024542,1.8830783035848466,0.5097605392048156,-0.5761359768524486,-0.16981822983744027,-0.37234730701128815
5011,1400,2000.0,2000.0,7.600902459542082,7.600902459542082,Flensburg,Germany,baltic,54.78,9.43,26,1.8,2,0.0,0,1.9988,2,3.8451,0,13.0,2,0.0,0,1,0,7.390729187113451,0.21017327242863093,-0.3981686972339098,-0.6954106598300887,-0.2002379324313265,0.2616720163787923,1.3161995284544896,-0.37234730701128815
5019,1400,1000.0,1000.0,6.907755278982137,6.907755278982137,Husum,Germany,north sea,54.47,9.05,14,0.3,1,0.0,0,1.4099,2,3.0015,1,53.0,2,0.0,0,1,0,6.7680433319298485,0.1397119470522883,-1.0768819341304914,-0.6954106598300887,-0.5716673540769907,-0.795899168852204,5.8885618616604285,-0.37234730701128815
5023,1400,1000.0,2000.0,6.907755278982137,7.600902459542082,Kiel,Germany,baltic + river,54.33,10.13,5,3.5,3,1.0,2,2.9815,2,3.3222,0,0.0,1,0.0,0,1,0,7.390729187113451,-0.48297390813131447,0.3710396379155492,-0.050788418976354825,0.41956796441227034,-0.39385663790912606,-0.16981822983744027,-0.37234730701128815
5024,1400,1000.0,1000.0,6.907755278982137,6.907755278982137,Krempe,Germany,land north sea,53.83,9.48,6,2.5,3,0.0,0,4.4765,2,2.6857,1,0.0,1,0.0,0,1,0,6.7680433319298485,0.1397119470522883,-0.08143585334883845,-0.6954106598300887,1.3624903372434263,-1.1917988610000805,-0.16981822983744027,-0.37234730701128815
5026,1400,17000.0,15000.0,9.740968623038354,9.615805480084347,Luebeck,Germany,baltic + river,53.87,10.67,15,7.5,3,1.0,2,3.1824,2,3.5961,3,-2.0,0,0.0,0,1,0,9.200808843565117,0.5401597794732371,2.1809416029730997,-0.050788418976354825,0.5462790712362029,-0.05048448566307377,-0.3984363464977372,-0.37234730701128815
5041,1400,1000.0,1000.0,6.907755278982137,6.907755278982137,Rendsburg,Germany,river north sea,54.3,9.67,6,2.5,3,0.0,0,4.233,2,3.4939,1,0.0,1,0.0,0,1,0,6.7680433319298485,0.1397119470522883,-0.08143585334883845,-0.6954106598300887,1.2089106731736026,-0.17860655196298802,-0.16981822983744027,-0.37234730701128815
5042,1400,2000.0,3000.0,7.600902459542082,8.006367567650246,Schleswig,Germany,baltic,54.52,9.55,1,1.8,2,0.0,0,2.8043,2,4.5345,0,53.0,2,0.0,0,1,0,7.754977062125342,-0.15407460258326022,-0.3981686972339098,-0.6954106598300887,0.3078048577462631,1.1259318256465132,5.8885618616604285,-0.37234730701128815
5045,1400,1000.0,1000.0,6.907755278982137,6.907755278982137,Toenning,Germany,north sea,54.32,8.93,2,0.3,1,0.0,0,1.6563,2,3.0389,1,53.0,2,0.0,0,1,0,6.7680433319298485,0.1397119470522883,-1.0768819341304914,-0.6954106598300887,-0.4162586098190662,-0.7490130115174017,5.8885618616604285,-0.37234730701128815
6001,1400,8000.0,5000.0,8.987196820661973,8.517193191416238,Hamburg,Germany,north sea + river,53.55,9.98,3,2.8,3,4.3,3,4.1503,2,3.878,2,0.0,1,0.0,0,1,0,8.213875113369621,0.773321707292352,0.054306794030477765,2.076464975840967,1.1567503519474243,0.30291679114657316,-0.16981822983744027,-0.37234730701128815
7010,1400,5000.0,4000.0,8.517193191416238,8.294049640102028,Berlin,Germany,river north sea,52.52,13.4,35,3.5,3,3.0,3,3.6654,3,2.8012,2,5.0,3,0.0,0,1,0,8.013415042297055,0.5037781491191833,0.3710396379155492,1.2384560627311128,0.8509155301508842,-1.0470033751131909,0.4017270618133021,-0.37234730701128815
7016,1400,1000.0,1000.0,6.907755278982137,6.907755278982137,Spandau,Germany,river north sea,52.53,13.2,35,3.5,3,0.0,0,3.6658,2,4.2801,1,3.0,3,3.0,3,1,0,6.7680433319298485,0.1397119470522883,0.3710396379155492,-0.6954106598300887,0.8511678170733809,0.8070056645242208,0.17310894515300515,2.6064311490790173
7027,1400,2000.0,1000.0,7.600902459542082,6.907755278982137,Brandenburg,Germany,river north sea,52.4,12.53,29,2.823,3,1.0,2,3.6636,2,4.4866,1,3.0,3,0.0,0,1,0,6.7680433319298485,0.8328591276122337,0.06471373032955874,-0.050788418976354825,0.8497802389996495,1.0658824423219933,0.17310894515300515,-0.37234730701128815
7033,1400,2000.0,1000.0,7.600902459542082,6.907755278982137,Cottbus,Germany,river north sea,51.72,14.35,75,1.8351,2,0.0,0,1.9951,2,4.4265,0,0.0,1,0.0,0,1,0,6.7680433319298485,0.8328591276122337,-0.38228680749052985,-0.6954106598300887,-0.20257158646442022,0.9905386440379924,-0.16981822983744027,-0.37234730701128815
7045,1400,3000.0,5000.0,8.006367567650246,8.517193191416238,Frankfurt am Oder,Germany,river north sea,52.33,14.55,23,2.8,3,2.8,3,2.5995,3,4.8011,2,2.0,2,3.0,3,1,0,8.213875113369621,-0.20750754571937513,0.054306794030477765,1.109531614560366,0.17863395342798824,1.4601524017282856,0.058799886822856674,2.6064311490790173
7091,1400,1000.0,1000.0,6.907755278982137,6.907755278982137,Nauen,Germany,land north sea,52.6,12.87,35,1.8,2,0.3,1,3.1262,2,2.959,0,3.0,3,0.0,0,1,0,6.7680433319298485,0.1397119470522883,-0.3981686972339098,-0.5020239875739685,0.5108327586254263,-0.8491788930962976,0.17310894515300515,-0.37234730701128815
7093,1400,1000.0,2000.0,6.907755278982137,7.600902459542082,Neuruppin,Germany,river north sea,52.92,12.8,44,2.8,3,0.0,0,1.9869,2,2.4791,0,0.0,1,0.0,0,1,0,7.390729187113451,-0.48297390813131447,0.054306794030477765,-0.6954106598300887,-0.20774346837560115,-1.450801002854898,-0.16981822983744027,-0.37234730701128815
7102,1400,1000.0,1000.0,6.907755278982137,6.907755278982137,Potsdam,Germany,river north sea,52.4,13.07,31,1.8,2,0.0,0,3.4546,2,4.474,1,3.0,3,0.0,0,1,0,6.7680433319298485,0.1397119470522883,-0.3981686972339098,-0.6954106598300887,0.71796032199516,1.0500865711343328,0.17310894515300515,-0.37234730701128815
7104,1400,1000.0,4000.0,6.907755278982137,8.294049640102028,Prenzlau,Germany,river north sea,53.32,13.87,34,3.5,3,1.0,2,2.5311,2,4.1888,1,1.0,2,0.0,0,1,0,8.013415042297055,-1.105659763314918,0.3710396379155492,-0.050788418976354825,0.13549288968106443,0.6925482804422028,-0.055509171507291795,-0.37234730701128815
8034,1400,8000.0,5000.0,8.987196820661973,8.517193191416238,Goerlitz,Germany,river baltic,51.15,14.99,201,3.6868,3,1.5,3,1.995,3,3.1678,2,35.0,2,0.0,0,1,0,8.213875113369621,0.773321707292352,0.45556205968373675,0.2715227014505121,-0.20263465819504436,-0.5874187419864918,3.8309988117177562,-0.37234730701128815
9008,1400,5000.0,3000.0,8.517193191416238,8.006367567650246,Bautzen,Germany,river north sea,51.18,14.48,205,2.9961,3,0.3,1,1.9925,2,3.6051,2,51.0,2,0.0,0,1,0,7.754977062125342,0.7622161292908958,0.14303723786742437,-0.5020239875739685,-0.20421145146064842,-0.03920172052903,5.659943745000132,-0.37234730701128815
9017,1400,1000.0,2000.0,6.907755278982137,7.600902459542082,Chemnitz,Germany,river north sea,50.83,12.92,297,0.466,1,0.3,1,2.7628,2,2.7905,0,1.0,2,0.5,1,1,0,7.390729187113451,-0.48297390813131447,-1.0017710025806028,-0.5020239875739685,0.2816300895372376,-1.0604173292169978,-0.055509171507291795,0.12411576900376273
9023,1400,1000.0,1000.0,6.907755278982137,6.907755278982137,Doebeln,Germany,river north sea,51.12,13.12,158,1.4341,2,0.3,1,2.9487,2,3.4066,0,0.0,1,0.0,0,1,0,6.7680433319298485,0.1397119470522883,-0.5637294794875493,-0.5020239875739685,0.3988804367675467,-0.28804937376320844,-0.16981822983744027,-0.37234730701128815
9025,1400,4000.0,5000.0,8.294049640102028,8.517193191416238,Dresden,Germany,river north sea,51.05,13.73,111,0.506,1,0.0,0,2.498,2,2.791,2,0.0,1,0.5,1,1,0,8.213875113369621,0.08017452673240655,-0.9836719829300273,-0.6954106598300887,0.11461614684446846,-1.0597905089317736,-0.16981822983744027,0.12411576900376273
9035,1400,1000.0,1000.0,6.907755278982137,6.907755278982137,Frankenberg,Germany,river north sea,50.9,13.02,262,0.4642,1,0.0,0,0.769,2,2.4147,0,0.0,1,0.0,0,1,0,6.7680433319298485,0.1397119470522883,-1.0025854584648788,-0.6954106598300887,-0.9758940756472166,-1.5315354555918306,-0.16981822983744027,-0.37234730701128815
9037,1400,4000.0,6000.0,8.294049640102028,8.699514748210191,Freiberg,Germany,land north sea,50.9,13.33,348,2.0014,2,1.8,3,2.0344,3,2.8911,1,0.0,1,0.5,1,1,0,8.377662917308948,-0.08361327720692024,-0.3070401332932622,0.46490937370663227,-0.1777843963291262,-0.9343010878298027,-0.16981822983744027,0.12411576900376273
9045,1400,1000.0,1000.0,6.907755278982137,6.907755278982137,Glauchau,Germany,land north sea,50.82,12.53,266,0.5316,1,0.0,0,0.9704,2,2.3775,0,0.0,1,0.0,0,1,0,6.7680433319298485,0.1397119470522883,-0.9720886103536591,-0.6954106598300887,-0.8488676101701632,-1.5781708848125429,-0.16981822983744027,-0.37234730701128815
9047,1400,1000.0,1000.0,6.907755278982137,6.907755278982137,Grimma,Germany,river north sea,51.23,12.72,128,3.6958,3,1.8,1,3.5864,2,2.681,0,0.0,1,0.0,0,1,0,6.7680433319298485,0.1397119470522883,0.4596343391051164,0.46490937370663227,0.8010888629577996,-1.197690971681192,-0.16981822983744027,-0.37234730701128815
9049,1400,1000.0,1000.0,6.907755278982137,6.907755278982137,Grossenhain,Germany,river north sea,51.28,13.52,115,0.4302,1,0.3,1,2.397,2,3.1345,2,0.0,1,0.0,0,1,0,6.7680433319298485,0.1397119470522883,-1.017969625167868,-0.5020239875739685,0.05091369891406901,-0.6291649729824523,-0.16981822983744027,-0.37234730701128815
9070,1400,3000.0,4000.0,8.006367567650246,8.294049640102028,Leipzig,Germany,river north sea,51.32,12.37,110,3.7453,3,4.5,3,4.2552,3,3.4957,2,0.0,1,0.0,0,1,0,8.013415042297055,-0.007047474646808993,0.48203187592270347,2.2053894240117136,1.222912597372166,-0.1763499989361796,-0.16981822983744027,-0.37234730701128815
9082,1400,1000.0,1000.0,6.907755278982137,6.907755278982137,Marienberg,Germany,land north sea,50.65,13.17,620,0.2268,0,0.0,0,0.0,0,1.6427,0,0.0,1,0.0,0,1,0,6.7680433319298485,0.1397119470522883,-1.1100031400910446,-0.6954106598300887,-1.4609156841469886,-2.4993459759786596,-0.16981822983744027,-0.37234730701128815
9087,1400,1000.0,2000.0,6.907755278982137,7.600902459542082,Meissen,Germany,river north sea,51.17,13.47,106,1.4578,2,0.0,0,2.4349,2,3.8294,2,0.0,1,0.0,0,1,0,7.390729187113451,-0.48297390813131447,-0.5530058103445833,-0.6954106598300887,0.07481788482062476,0.24198985942273912,-0.16981822983744027,-0.37234730701128815
9088,1400,1000.0,2000.0,6.907755278982137,7.600902459542082,Mittweida,Germany,river north sea,50.98,12.98,280,0.46,1,0.0,0,0.769,2,2.451,0,0.0,1,0.5,1,1,0,7.390729187113451,-0.48297390813131447,-1.0044858555281893,-0.6954106598300887,-0.9758940756472166,-1.486028302884522,-0.16981822983744027,0.12411576900376273
9113,1400,1000.0,1000.0,6.907755278982137,6.907755278982137,Pirna,Germany,river north sea,50.97,13.97,118,3.0428,3,1.8,3,2.5172,3,2.6484,2,51.0,2,0.5,1,1,0,6.7680433319298485,0.1397119470522883,0.16416784330947126,0.46490937370663227,0.1267259191243065,-1.2385596542778379,5.659943745000132,0.12411576900376273
9115,1400,1000.0,1000.0,6.907755278982137,6.907755278982137,Plauen,Germany,river north sea,50.5,12.13,412,1.5641,2,0.0,0,1.9994,2,2.8518,0,51.0,2,0.0,0,1,0,6.7680433319298485,0.1397119470522883,-0.5049076656231788,-0.6954106598300887,-0.19985950204758146,-0.9835691622484586,5.659943745000132,-0.37234730701128815
9122,1400,1000.0,1000.0,6.907755278982137,6.907755278982137,Reichenbach,Germany,land north sea,50.62,12.3,380,2.7558,3,0.3,1,2.4831,2,2.4549,0,44.0,2,0.0,0,1,0,6.7680433319298485,0.1397119470522883,0.03430737731659182,-0.5020239875739685,0.10521845898146875,-1.4811391046597702,4.859780336689092,-0.37234730701128815
9159,1400,5000.0,2000.0,8.517193191416238,7.600902459542082,Zittau,Germany,river baltic,50.9,14.83,242,1.5651,2,0.0,0,1.9884,2,3.9685,2,51.0,2,0.0,0,1,0,7.390729187113451,1.126464004302787,-0.5044551901319145,-0.6954106598300887,-0.20679739241623887,0.4163712627722313,5.659943745000132,-0.37234730701128815
9163,1400,2000.0,3000.0,7.600902459542082,8.006367567650246,Zwickau,Germany,river north sea,50.73,12.48,267,3.0339,3,0.0,0,2.4756,2,2.4938,0,1.0,2,1.5,3,1,0,7.754977062125342,-0.15407460258326022,0.16014081143721814,-0.6954106598300887,0.10048807918465703,-1.432372486469294,-0.055509171507291795,1.1170419210338645
10002,1400,3000.0,1000.0,8.006367567650246,6.907755278982137,Altenburg,Germany,river north sea,50.98,12.43,227,2.0542,2,0.0,0,3.5347,2,3.2701,2,0.0,1,0.0,0,1,0,6.7680433319298485,1.2383242357203974,-0.28314942735450255,-0.6954106598300887,0.7684807782251102,-0.4591713116295329,-0.16981822983744027,-0.37234730701128815
10019,1400,1000.0,2000.0,6.907755278982137,7.600902459542082,Eisenach,Germany,river north sea,50.98,10.32,215,1.8756,2,1.5,0,4.0624,2,2.2888,0,0.0,1,0.0,0,1,0,7.390729187113451,-0.48297390813131447,-0.36396155009432213,0.2715227014505121,1.10131030072879,-1.689368803411392,-0.16981822983744027,-0.37234730701128815
10028,1400,3000.0,5000.0,8.006367567650246,8.517193191416238,Gotha,Germany,land north sea,50.95,10.72,290,3.2417,3,0.0,0,4.093,2,4.0688,1,1.0,2,0.0,0,1,0,8.213875113369621,-0.20750754571937513,0.2541652185219578,-0.6954106598300887,1.1206102502997821,0.5421114119882925,-0.055509171507291795,-0.37234730701128815
10039,1400,1000.0,1000.0,6.907755278982137,6.907755278982137,Iena,Germany,river north sea,50.93,11.58,143,3.2012,3,1.8,1,3.6769,2,3.3346,0,0.0,1,0.0,0,1,0,6.7680433319298485,0.1397119470522883,0.2358399611257502,0.46490937370663227,0.8581687791726622,-0.37831149483555526,-0.16981822983744027,-0.37234730701128815
10053,1400,1000.0,2000.0,6.907755278982137,7.600902459542082,Meiningen,Germany,river north sea,50.57,10.42,287,2.1436,2,1.5,0,4.0538,2,3.4498,0,0.0,1,0.0,0,1,0,7.390729187113451,-0.48297390813131447,-0.24269811843546613,0.2715227014505121,1.0958861318951123,-0.2338921011198002,-0.16981822983744027,-0.37234730701128815
10098,1400,1000.0,2000.0,6.907755278982137,7.600902459542082,Weimar,Germany,river north sea,50.98,11.32,208,3.248,3,0.0,0,3.6072,2,3.1413,0,0.0,1,0.0,0,1,0,7.390729187113451,-0.48297390813131447,0.25701581411692365,-0.6954106598300887,0.8142077829276246,-0.6206402171033971,-0.16981822983744027,-0.37234730701128815
11008,1400,1000.0,2000.0,6.907755278982137,7.600902459542082,Aschersleben,Germany,land north sea,51.75,11.45,114,2.0719,2,1.0,2,3.9846,2,3.9442,0,0.0,1,0.0,0,1,0,7.390729187113451,-0.48297390813131447,-0.27514061115912286,-0.050788418976354825,1.0522404943031953,0.385907796910314,-0.16981822983744027,-0.37234730701128815
11013,1400,1000.0,2000.0,6.907755278982137,7.600902459542082,Bernburg,Germany,river north sea,51.8,11.73,85,3.7425,3,0.0,0,4.2343,2,2.8616,1,0.0,1,0.0,0,1,0,7.390729187113451,-0.48297390813131447,0.4807649445471633,-0.6954106598300887,1.209730605671717,-0.9712834846580555,-0.16981822983744027,-0.37234730701128815
11020,1400,1000.0,2000.0,6.907755278982137,7.600902459542082,Burg,Germany,river north sea,52.28,11.85,54,2.6141,3,0.0,0,3.7967,2,3.8606,1,0.0,1,0.5,1,1,0,7.390729187113451,-0.48297390813131447,-0.029808399795571778,-0.6954106598300887,0.9337287124604031,0.28110344522075564,-0.16981822983744027,0.12411576900376273
11028,1400,1000.0,1000.0,6.907755278982137,6.907755278982137,Dessau,Germany,river north sea,51.83,12.23,60,0.4837,1,0.0,0,3.7257,2,2.7658,1,1.0,2,0.0,0,1,0,6.7680433319298485,0.1397119470522883,-0.9937621863852234,-0.6954106598300887,0.8889477837172511,-1.0913822513070948,-0.055509171507291795,-0.37234730701128815
11034,1400,1000.0,1000.0,6.907755278982137,6.907755278982137,Eilenburg,Germany,river north sea,51.45,12.62,106,1.9909,2,0.0,0,3.5124,2,3.581,0,15.0,3,0.0,0,1,0,6.7680433319298485,0.1397119470522883,-0.31179112595153824,-0.6954106598300887,0.7544157822959231,-0.06941445827685748,1.5448176451147866,-0.37234730701128815
11035,1400,4000.0,4000.0,8.294049640102028,8.294049640102028,Eisleben,Germany,river north sea,51.52,11.53,114,0.6229,1,0.0,0,4.0129,2,4.3541,1,0.0,1,0.0,0,1,0,8.013415042297055,0.2806345978049727,-0.9307775980012205,-0.6954106598300887,1.070089794069832,0.8997750667374659,-0.16981822983744027,-0.37234730701128815
11039,1400,11000.0,16000.0,9.305650551780507,9.680344001221918,Erfurt,Germany,river north sea,50.97,11.02,194,1.7989,2,8.0,3,3.8457,3,4.2155,2,1.5,2,0.0,0,1,0,9.258786752664262,0.046863799116245275,-0.39866642027430066,4.461567266999782,0.9646338604662403,0.726020483673198,0.0016453576577824412,-0.37234730701128815
11058,1400,4000.0,6000.0,8.294049640102028,8.699514748210191,Halberstadt,Germany,river north sea,51.9,11.07,120,3.045,3,2.8,2,3.6723,2,3.0694,1,0.0,1,0.0,0,1,0,8.377662917308948,-0.08361327720692024,0.1651632893902528,1.109531614560366,0.855267479563951,-0.7107769741186993,-0.16981822983744027,-0.37234730701128815
11060,1400,3000.0,4000.0,8.006367567650246,8.294049640102028,Halle,Germany,river north sea,51.48,11.97,105,3.085,3,2.5,2,3.9459,2,4.7109,1,0.0,1,0.0,0,1,0,8.013415042297055,-0.007047474646808993,0.18326230904082833,0.9161449423042459,1.0278317345516463,1.3470740222737618,-0.16981822983744027,-0.37234730701128815
11081,1400,1000.0,1000.0,6.907755278982137,6.907755278982137,Koethen,Germany,land north sea,51.75,11.97,80,0.5303,1,0.0,0,3.4465,2,2.9953,0,0.0,1,0.0,0,1,0,6.7680433319298485,0.1397119470522883,-0.9726768284923029,-0.6954106598300887,0.7128515118146032,-0.8036717403889897,-0.16981822983744027,-0.37234730701128815
11084,1400,5000.0,4000.0,8.517193191416238,8.294049640102028,Langensalza,Germany,river north sea,51.12,10.67,185,3.2241,3,0.0,0,4.0597,2,3.8846,2,1.0,2,0.0,0,1,0,8.013415042297055,0.5037781491191833,0.24620164987570464,-0.6954106598300887,1.099607364001938,0.31119081891153794,-0.055509171507291795,-0.37234730701128815
11094,1400,10000.0,15000.0,9.210340371976184,9.615805480084347,Magdeburg,Germany,river north sea,52.12,11.63,42,3.6646,3,6.5,3,4.2596,3,3.9604,2,0.0,1,0.0,0,1,0,9.200808843565117,0.009531528411066859,0.44551710377766746,3.4946339057191813,1.2256877535196287,0.406216774151592,-0.16981822983744027,-0.37234730701128815
11096,1400,3000.0,5000.0,8.006367567650246,8.517193191416238,Merseburg,Germany,river north sea,51.35,11.98,88,0.6022,1,1.3,2,3.7144,2,3.6186,1,0.0,1,0.0,0,1,0,8.213875113369621,-0.20750754571937513,-0.9401438406703935,0.14259825327976536,0.8818206781567214,-0.022277572827965452,-0.16981822983744027,-0.37234730701128815
11101,1400,1000.0,2000.0,6.907755278982137,7.600902459542082,Naumburg,Germany,river north sea,51.15,11.8,130,3.156,3,5.5,3,3.6072,3,2.9028,0,0.0,1,1.0,2,1,0,7.390729187113451,-0.48297390813131447,0.21538806892059992,2.8500116648654474,0.8142077829276246,-0.919633493155546,-0.16981822983744027,0.6205788450188136
11104,1400,3000.0,4000.0,8.006367567650246,8.294049640102028,Nordhausen,Germany,river north sea,51.5,10.78,180,7.149,3,2.8,2,3.9335,2,3.3274,1,-2.0,0,1.5,2,1,0,8.013415042297055,-0.007047474646808993,2.0221227055393,1.109531614560366,1.0200108399542507,-0.38733770694279007,-0.3984363464977372,1.1170419210338645
11114,1400,2000.0,3000.0,7.600902459542082,8.006367567650246,Quedlinburg,Germany,land north sea,51.8,11.15,123,3.0739,3,1.3,2,3.7944,2,3.017,0,0.0,1,0.0,0,1,0,7.754977062125342,-0.15407460258326022,0.17823983108779368,0.14259825327976536,0.9322780626560475,-0.7764677400102407,-0.16981822983744027,-0.37234730701128815
11121,1400,2000.0,3000.0,7.600902459542082,8.006367567650246,Salzwedel,Germany,river north sea,52.86,11.15,19,1.8,2,2.5,2,3.9597,2,3.3695,1,3.0,3,0.0,0,1,0,7.754977062125342,-0.15407460258326022,-0.3981686972339098,0.9161449423042459,1.0365356333777802,-0.3345594389268762,0.17310894515300515,-0.37234730701128815
11145,1400,6000.0,2000.0,8.699514748210191,7.600902459542082,Stendal,Germany,river north sea,52.6,11.85,32,3.5261,3,1.3,2,3.7464,2,3.5461,2,0.0,1,0.0,0,1,0,7.390729187113451,1.30878556109674,0.38284924823754973,0.14259825327976536,0.9020036319564518,-0.1131665141855366,-0.16981822983744027,-0.37234730701128815
11148,1400,1000.0,1000.0,6.907755278982137,6.907755278982137,Suhl,Germany,land north sea,50.62,10.72,422,0.6807,1,0.0,0,1.9832,2,3.2033,0,0.0,1,0.0,0,1,0,6.7680433319298485,0.1397119470522883,-0.904624514606139,-0.6954106598300887,-0.210077122408695,-0.5429145017355432,-0.16981822983744027,-0.37234730701128815
11155,1400,2000.0,1000.0,7.600902459542082,6.907755278982137,Torgau,Germany,river north sea,51.57,13.0,78,2.9212,3,0.0,0,3.9114,2,3.544,1,0.0,1,0.0,0,1,0,6.7680433319298485,0.8328591276122337,0.10914682357172154,-0.6954106598300887,1.006071987486312,-0.11579915938348002,-0.16981822983744027,-0.37234730701128815
11161,1400,1000.0,2000.0,6.907755278982137,7.600902459542082,Weissenfels,Germany,river north sea,51.2,11.97,100,2.1251,2,3.3,3,3.7446,3,2.7521,0,0.0,1,0.0,0,1,0,7.390729187113451,-0.48297390813131447,-0.2510689150238573,1.4318427349872327,0.9008683408052172,-1.1085571271222496,-0.16981822983744027,-0.37234730701128815
11167,1400,2000.0,3000.0,7.600902459542082,8.006367567650246,Wittenberg,Germany,river north sea,51.87,12.65,75,2.6271,3,0.0,0,3.3103,2,2.989,1,0.0,1,0.0,0,1,0,7.754977062125342,-0.15407460258326022,-0.023926218409134784,-0.6954106598300887,0.6269478147045005,-0.8115696759828199,-0.16981822983744027,-0.37234730701128815
11172,1400,1000.0,2000.0,6.907755278982137,7.600902459542082,Zeitz,Germany,river north sea,51.05,12.13,160,3.8063,3,3.3,3,3.7302,3,3.4543,0,0.0,1,0.5,1,1,0,7.390729187113451,-0.48297390813131447,0.509632880889831,1.4318427349872327,0.8917860115953383,-0.22825071855277887,-0.16981822983744027,0.12411576900376273
11173,1400,5000.0,9000.0,8.517193191416238,9.104979856318357,Zerbst,Germany,river north sea,51.97,12.1,67,2.671,3,0.0,0,3.5948,2,3.5195,2,1.0,2,0.5,1,1,0,8.74191079232084,-0.22471760090460258,-0.004062544342628243,-0.6954106598300887,0.8063868883302291,-0.14651335335948715,-0.055509171507291795,0.12411576900376273
12016,1400,18000.0,12000.0,9.798127036878302,9.392661928770137,Braunschweig,Germany,river north sea,52.25,10.5,71,2.9324,3,4.3,3,4.5697,2,3.7112,3,0.0,1,0.0,0,1,0,9.00034877249255,0.7977782643857516,0.11421454907388273,2.076464975840967,1.4212731901851414,0.09380954399563612,-0.16981822983744027,-0.37234730701128815
12017,1400,7000.0,13000.0,8.85366542803745,9.472704636443673,Bremen,Germany,river north sea,53.08,8.8,3,2.8,3,5.8,3,4.2338,3,4.3725,2,0.0,1,0.0,0,1,0,9.072254802375905,-0.21858937433845504,0.054306794030477765,3.0433983371215674,1.2094152470185957,0.922842053233732,-0.16981822983744027,-0.37234730701128815
12024,1400,1000.0,1000.0,6.907755278982137,6.907755278982137,Celle,Germany,river north sea,52.62,10.08,40,2.8137,3,1.8,1,4.4861,2,4.3299,1,2.0,2,1.0,1,1,0,6.7680433319298485,0.1397119470522883,0.0605057082607999,0.46490937370663227,1.368545223383346,0.8694369649325944,0.058799886822856674,0.6205788450188136
12033,1400,3000.0,2000.0,8.006367567650246,7.600902459542082,Einbeck,Germany,land north sea,51.82,9.87,112,1.9915,2,2.5,2,4.3293,2,2.8102,2,0.0,1,0.0,0,1,0,7.390729187113451,0.6156383805367946,-0.31151964065677956,0.9161449423042459,1.2696487497646665,-1.0357206099791476,-0.16981822983744027,-0.37234730701128815
12037,1400,2000.0,3000.0,7.600902459542082,8.006367567650246,Emden,Germany,north sea + river,53.37,7.2,2,0.3,1,0.0,0,1.51,2,4.7191,0,1.0,2,0.0,0,1,0,7.754977062125342,-0.15407460258326022,-1.0768819341304914,-0.6954106598300887,-0.5085325517222088,1.3573538749514464,-0.055509171507291795,-0.37234730701128815
12048,1400,5000.0,8000.0,8.517193191416238,8.987196820661973,Goettingen,Germany,land north sea,51.53,9.95,150,3.0546,3,4.0,3,4.4046,2,3.6551,1,0.0,1,0.0,0,1,0,8.63610089748066,-0.11890770606442125,0.16950705410639105,1.8830783035848466,1.3171417629246573,0.023480307993432818,-0.16981822983744027,-0.37234730701128815
12049,1400,6000.0,9000.0,8.699514748210191,9.104979856318357,Goslar,Germany,river north sea,51.9,10.42,406,7.0217,3,1.0,2,4.6176,2,3.3299,2,-2.0,0,0.0,0,1,0,8.74191079232084,-0.042396044110649456,1.9645225755013433,-0.050788418976354825,1.451484549154113,-0.384203605516667,-0.3984363464977372,-0.37234730701128815
12052,1400,1000.0,1000.0,6.907755278982137,6.907755278982137,Hameln,Germany,river north sea,52.1,9.35,68,2.8735,3,4.3,3,5.0077,2,4.2866,1,0.0,1,0.5,1,1,0,6.7680433319298485,0.1397119470522883,0.08756374263841031,2.076464975840967,1.6975273703189517,0.815154328232141,-0.16981822983744027,0.12411576900376273
12053,1400,5000.0,5000.0,8.517193191416238,8.517193191416238,Hannover,Germany,river north sea,52.4,9.73,53,1.353,2,2.8,2,4.7719,2,3.5821,2,2.0,2,0.0,0,1,0,8.213875113369621,0.30331807804661715,-0.6004252418290911,1.109531614560366,1.5488042295071878,-0.06803545364936317,0.058799886822856674,-0.37234730701128815
12059,1400,1000.0,2000.0,6.907755278982137,7.600902459542082,Helmstedt,Germany,land north sea,52.22,11.0,123,1.4528,2,1.3,2,3.878,2,3.6913,0,0.0,1,0.0,0,1,0,7.390729187113451,-0.48297390813131447,-0.5552681878009051,0.14259825327976536,0.9850060294578433,0.06886209664369607,-0.16981822983744027,-0.37234730701128815
12062,1400,6000.0,8000.0,8.699514748210191,8.987196820661973,Hildesheim,Germany,river north sea,52.15,9.95,129,1.9239,2,2.8,2,4.3055,2,3.7956,1,0.0,1,0.5,1,1,0,8.63610089748066,0.06341385072953187,-0.3421069838662522,1.109531614560366,1.2546376778761172,0.19961680814155378,-0.16981822983744027,0.12411576900376273
12071,1400,1000.0,2000.0,6.907755278982137,7.600902459542082,Leer,Germany,river north sea,53.23,7.43,3,0.3,1,0.0,0,2.027,2,4.6336,1,0.0,1,0.0,0,1,0,7.390729187113451,-0.48297390813131447,-1.0768819341304914,-0.6954106598300887,-0.1824517043953139,1.250167606178035,-0.16981822983744027,-0.37234730701128815
12076,1400,5000.0,8000.0,8.517193191416238,8.987196820661973,Lueneburg,Germany,river north sea,53.25,10.42,16,8.8,3,5.5,3,3.9214,3,4.0752,2,-2.0,0,0.0,0,1,0,8.63610089748066,-0.11890770606442125,2.769159741616804,2.8500116648654474,1.0123791605487278,0.5501347116391669,-0.3984363464977372,-0.37234730701128815
12085,1400,1000.0,2000.0,6.907755278982137,7.600902459542082,Norden,Germany,north sea,53.6,7.2,7,0.3,1,0.0,0,0.9704,2,2.8871,0,0.0,1,0.0,0,1,0,7.390729187113451,-0.48297390813131447,-1.0768819341304914,-0.6954106598300887,-0.8488676101701632,-0.9393156501115992,-0.16981822983744027,-0.37234730701128815
12091,1400,2000.0,3000.0,7.600902459542082,8.006367567650246,Oldenburg,Germany,river north sea,53.15,8.22,5,1.8,2,4.8,3,3.729,3,3.6009,0,0.0,1,1.0,2,1,0,7.754977062125342,-0.15407460258326022,-0.3981686972339098,2.3987760962678335,0.8910291508278485,-0.044467010924916874,-0.16981822983744027,0.6205788450188136
12092,1400,5000.0,9000.0,8.517193191416238,9.104979856318357,Osnabrueck,Germany,river north sea,52.27,8.03,65,1.3834,2,4.3,3,3.7926,3,4.1209,1,0.0,1,0.0,0,1,0,8.74191079232084,-0.22471760090460258,-0.5866699868946538,2.076464975840967,0.9311427715048128,0.6074260857086982,-0.16981822983744027,-0.37234730701128815
12109,1400,1000.0,1000.0,6.907755278982137,6.907755278982137,Salzgitter,Germany,land north sea,52.15,10.4,90,1.9819,2,0.0,0,4.486,2,3.8647,1,0.0,1,0.0,0,1,0,6.7680433319298485,0.1397119470522883,-0.3158634053729177,-0.6954106598300887,1.3684821516527215,0.2862433715595979,-0.16981822983744027,-0.37234730701128815
12118,1400,1000.0,2000.0,6.907755278982137,7.600902459542082,Stade,Germany,north sea + river,53.6,9.47,9,2.8,3,5.8,3,4.3344,3,3.9786,1,0.0,1,0.0,0,1,0,7.390729187113451,-0.48297390813131447,0.054306794030477765,3.0433983371215674,1.2728654080264983,0.42903303253376884,-0.16981822983744027,-0.37234730701128815
12127,1400,1000.0,2000.0,6.907755278982137,7.600902459542082,Verden,Germany,river north sea,52.92,9.22,20,2.8,3,3.3,2,3.6198,2,5.0109,1,0.0,1,0.5,1,1,0,7.390729187113451,-0.48297390813131447,0.054306794030477765,1.4318427349872327,0.8221548209862685,1.723166193408541,-0.16981822983744027,0.12411576900376273
12138,1400,1000.0,2000.0,6.907755278982137,7.600902459542082,Wolfenbuettel,Germany,land north sea,52.17,10.53,77,0.4598,1,0.0,0,2.601,2,3.2661,1,0.0,1,0.0,0,1,0,7.390729187113451,-0.48297390813131447,-1.0045763506264422,-0.6954106598300887,0.17958002938735063,-0.4641858739113299,-0.16981822983744027,-0.37234730701128815
13009,1400,1000.0,2000.0,6.907755278982137,7.600902459542082,Beckum,Germany,land north sea,51.75,8.03,100,3.005,3,1.0,2,3.8426,2,2.881,0,0.0,1,0.0,0,1,0,7.390729187113451,-0.48297390813131447,0.14706426973967726,-0.050788418976354825,0.9626786368168915,-0.9469628575913402,-0.16981822983744027,-0.37234730701128815
13014,1400,1000.0,1000.0,6.907755278982137,6.907755278982137,Bielefeld,Germany,land north sea,52.02,8.52,118,1.3942,2,2.8,2,3.9482,2,3.1152,0,0.0,1,0.0,0,1,0,6.7680433319298485,0.1397119470522883,-0.5817832515889982,1.109531614560366,1.029282384356002,-0.6533602359921229,-0.16981822983744027,-0.37234730701128815
13019,1400,1000.0,1000.0,6.907755278982137,6.907755278982137,Bochum,Germany,land north sea,51.47,7.08,100,0.642,1,1.3,2,2.305,2,3.3092,0,0.0,1,0.0,0,1,0,6.7680433319298485,0.1397119470522883,-0.9221353161180708,0.14259825327976536,-0.00711229326015576,-0.41015396532496634,-0.16981822983744027,-0.37234730701128815
13034,1400,1000.0,2000.0,6.907755278982137,7.600902459542082,Coesfeld,Germany,river north sea,51.93,7.17,89,2.0177,2,1.0,2,3.9653,2,3.8717,0,0.0,1,0.0,0,1,0,7.390729187113451,-0.48297390813131447,-0.2996647827856526,-0.050788418976354825,1.0400676502927328,0.2950188555527429,-0.16981822983744027,-0.37234730701128815
13039,1400,9000.0,7000.0,9.104979856318357,8.85366542803745,Dortmund,Germany,land north sea,51.52,7.47,86,7.1173,3,5.0,3,4.1864,3,3.5523,2,-2.0,0,3.5,3,1,0,8.516143532375185,0.5888363239431715,2.007779232466219,2.5277005444385803,1.1795192467027453,-0.10539394264875147,-0.3984363464977372,3.102894225094068
13055,1400,1000.0,1000.0,6.907755278982137,6.907755278982137,Gelsenkirchen,Germany,land north sea,51.52,7.1,48,1.1387,1,0.0,0,2.4194,2,2.509,0,0.0,1,0.0,0,1,0,6.7680433319298485,0.1397119470522883,-0.6973907396070493,-0.6954106598300887,0.06504176657388044,-1.4133171497984651,-0.16981822983744027,-0.37234730701128815
13067,1400,2000.0,3000.0,7.600902459542082,8.006367567650246,Hamm,Germany,river north sea,51.67,7.82,63,3.046,3,1.0,2,4.3416,2,2.7051,1,0.0,1,0.5,1,1,0,7.754977062125342,-0.15407460258326022,0.16561576488151714,-0.050788418976354825,1.2774065726314376,-1.1674782339333651,-0.16981822983744027,0.12411576900376273
13069,1400,1000.0,1000.0,6.907755278982137,6.907755278982137,Hattingen,Germany,river north sea,51.4,7.18,90,2.1659,2,1.3,2,2.3252,2,3.08,0,0.0,1,0.0,0,1,0,6.7680433319298485,0.1397119470522883,-0.2326079149802703,0.14259825327976536,0.0056281963259240736,-0.697488384071937,-0.16981822983744027,-0.37234730701128815
13073,1400,2000.0,4000.0,7.600902459542082,8.294049640102028,Herford,Germany,river north sea,52.1,8.67,65,5.8584,3,1.3,2,4.3382,2,3.6702,0,-2.0,0,0.0,0,1,0,8.013415042297055,-0.4125125827549727,1.4381578365134808,0.14259825327976536,1.2752621337902164,0.04241028060721652,-0.3984363464977372,-0.37234730701128815
13074,1400,1000.0,1000.0,6.907755278982137,6.907755278982137,Herne,Germany,land north sea,51.55,7.22,65,0.6263,1,0.0,0,2.1614,2,3.3773,0,0.0,1,0.0,0,1,0,6.7680433319298485,0.1397119470522883,-0.9292391813309215,-0.6954106598300887,-0.09768329843644619,-0.3247810424773719,-0.16981822983744027,-0.37234730701128815
13082,1400,1000.0,2000.0,6.907755278982137,7.600902459542082,Ibbenbueren,Germany,river north sea,52.27,7.72,70,0.406,1,0.0,0,2.1152,2,3.0442,0,0.0,1,0.0,0,1,0,7.390729187113451,-0.48297390813131447,-1.0289195320564661,-0.6954106598300887,-0.12682243798480689,-0.7423687164940206,-0.16981822983744027,-0.37234730701128815
13083,1400,1000.0,2000.0,6.907755278982137,7.600902459542082,Iserlohn,Germany,land north sea,51.37,7.68,247,2.1229,2,1.0,2,3.5859,2,2.9364,0,0.0,1,0.0,0,1,0,7.390729187113451,-0.48297390813131447,-0.25206436110463903,-0.050788418976354825,0.800773504304679,-0.877511169988451,-0.16981822983744027,-0.37234730701128815
13094,1400,1000.0,2000.0,6.907755278982137,7.600902459542082,Lippstadt,Germany,river north sea,51.67,8.32,79,2.9843,3,2.5,2,3.3574,2,2.6432,0,0.0,1,0.0,0,1,0,7.390729187113451,-0.48297390813131447,0.13769802707050458,0.9161449423042459,0.6566545998284788,-1.245078585244174,-0.16981822983744027,-0.37234730701128815
13104,1400,2000.0,3000.0,7.600902459542082,8.006367567650246,Minden,Germany,river north sea,52.28,8.92,42,1.3,2,5.0,3,4.5359,3,4.069,1,0.0,1,0.5,1,1,0,7.754977062125342,-0.15407460258326022,-0.6244064428661036,2.5277005444385803,1.399954945234176,0.5423621401023818,-0.16981822983744027,0.12411576900376273
13105,1400,11000.0,16000.0,9.305650551780507,9.680344001221918,Muenster,Germany,river north sea,51.95,7.62,55,1.4928,2,1.3,2,3.9435,2,3.9896,2,0.0,1,0.0,0,1,0,9.258786752664262,0.046863799116245275,-0.5371691681503298,0.14259825327976536,1.0263180130166665,0.4428230788087103,-0.16981822983744027,-0.37234730701128815
13117,1400,4000.0,7000.0,8.294049640102028,8.85366542803745,Paderborn,Germany,land north sea,51.72,8.75,110,1.4197,2,2.8,2,3.9794,2,3.7555,1,0.0,1,0.0,0,1,0,8.516143532375185,-0.22209389227315768,-0.5702451265617564,1.109531614560366,1.048960764310739,0.14934582126653867,-0.16981822983744027,-0.37234730701128815
13123,1400,1000.0,1000.0,6.907755278982137,6.907755278982137,Recklinghausen,Germany,land north sea,51.58,7.2,85,3.1074,3,1.0,2,4.4802,2,3.0418,1,0.0,1,0.0,0,1,0,6.7680433319298485,0.1397119470522883,0.1933977600451507,-0.050788418976354825,1.3648239912765203,-0.7453774538630991,-0.16981822983744027,-0.37234730701128815
13125,1400,1000.0,2000.0,6.907755278982137,7.600902459542082,Rheine,Germany,river north sea,52.28,7.43,35,1.918,2,1.0,2,4.6361,2,4.1737,1,1.0,2,0.0,0,1,0,7.390729187113451,-0.48297390813131447,-0.3447765892647121,-0.050788418976354825,1.463152819319582,0.6736183078284197,-0.055509171507291795,-0.37234730701128815
13137,1400,2000.0,2000.0,7.600902459542082,7.600902459542082,Siegen,Germany,land north sea,50.87,8.03,267,0.6126,1,0.0,0,1.9931,2,3.1726,0,0.0,1,0.0,0,1,0,7.390729187113451,0.21017327242863093,-0.9354380955612437,-0.6954106598300887,-0.20383302107690338,-0.5814012672483354,-0.16981822983744027,-0.37234730701128815
13138,1400,8000.0,12000.0,8.987196820661973,9.392661928770137,Soest,Germany,land north sea,51.57,8.12,101,2.0337,2,2.5,2,3.3606,2,3.8662,1,0.0,1,0.0,0,1,0,9.00034877249255,-0.013151951830577602,-0.2924251749254224,0.9161449423042459,0.6586728952084517,0.28812383241527184,-0.16981822983744027,-0.37234730701128815
13143,1400,1000.0,2000.0,6.907755278982137,7.600902459542082,Unna,Germany,land north sea,51.53,7.68,100,3.091,3,1.3,2,4.4624,2,3.2857,1,0.0,1,0.0,0,1,0,7.390729187113451,-0.48297390813131447,0.18597716198841474,0.14259825327976536,1.35359722322542,-0.4396145187305243,-0.16981822983744027,-0.37234730701128815
13150,1400,1000.0,2000.0,6.907755278982137,7.600902459542082,Warburg,Germany,river north sea,51.48,9.17,230,1.9423,2,2.8,2,3.9019,2,3.1932,0,0.0,1,0.0,0,1,0,7.390729187113451,-0.48297390813131447,-0.33378143482698747,1.109531614560366,1.0000801730770168,-0.5555762714970807,-0.16981822983744027,-0.37234730701128815
14001,1400,10000.0,18000.0,9.210340371976184,9.798127036878302,Aachen,Germany,land north sea,50.78,6.08,176,7.1397,3,0.3,1,3.8012,2,4.8811,2,-2.0,0,3.0,3,1,0,9.364596647504444,-0.15425627552825993,2.0179146834705413,-0.5020239875739685,0.9365669403384903,1.5604436473642265,-0.3984363464977372,2.6064311490790173
14012,1400,3000.0,5000.0,8.006367567650246,8.517193191416238,Bonn,Germany,river north sea,50.73,7.08,54,2.2384,2,0.3,1,1.4335,2,4.8353,2,0.0,1,0.0,0,1,0,8.213875113369621,-0.20750754571937513,-0.1998034418636023,-0.5020239875739685,-0.5567824256496894,1.5030269092376505,-0.16981822983744027,-0.37234730701128815
14018,1400,2000.0,3000.0,7.600902459542082,8.006367567650246,Dueren,Germany,river north sea,50.8,6.5,125,1.7081,2,0.3,1,1.2542,2,4.0586,0,0.0,1,0.0,0,1,0,7.754977062125342,-0.15407460258326022,-0.4397511948811071,-0.5020239875739685,-0.669870038658804,0.5293242781697098,-0.16981822983744027,-0.37234730701128815
14019,1400,2000.0,2000.0,7.600902459542082,7.600902459542082,Duesseldorf,Germany,river north sea,51.2,6.78,37,2.2143,2,0.3,1,4.6908,2,2.9885,2,0.0,1,0.0,0,1,0,7.390729187113451,0.21017327242863093,-0.21070810120307393,-0.5020239875739685,1.4976530559709964,-0.8121964962680442,-0.16981822983744027,-0.37234730701128815
14022,1400,1000.0,1000.0,6.907755278982137,6.907755278982137,Duisburg,Germany,river north sea,51.42,6.77,33,3.1581,3,3.5,3,4.8462,3,3.7595,2,1.0,2,0.0,0,1,0,6.7680433319298485,0.1397119470522883,0.21633826745225512,1.5607671831579797,1.595666525360937,0.1543603835483357,-0.055509171507291795,-0.37234730701128815
14026,1400,2000.0,3000.0,7.600902459542082,8.006367567650246,Emmerich,Germany,river north sea,51.83,6.27,17,2.0221,2,1.0,2,4.8803,2,5.4638,1,1.0,2,0.0,0,1,0,7.754977062125342,-0.15407460258326022,-0.29767389062408933,-0.050788418976354825,1.617173985503775,2.290940007765011,-0.055509171507291795,-0.37234730701128815
14028,1400,1000.0,2000.0,6.907755278982137,7.600902459542082,Eschweiler,Germany,river north sea,50.82,6.27,135,0.6738,1,0.0,0,1.7394,2,3.6775,0,0.0,1,0.0,0,1,0,7.390729187113451,-0.48297390813131447,-0.9077465954958632,-0.6954106598300887,-0.3638460016703912,0.05156185677149651,-0.16981822983744027,-0.37234730701128815
14029,1400,3000.0,1000.0,8.006367567650246,6.907755278982137,Essen,Germany,land north sea,51.47,7.02,116,0.6556,1,4.3,3,4.6825,3,3.6935,2,2.0,2,0.0,0,1,0,6.7680433319298485,1.2383242357203974,-0.9159816494368752,2.076464975840967,1.4924181023291914,0.07162010589868414,0.058799886822856674,-0.37234730701128815
14031,1400,1000.0,2000.0,6.907755278982137,7.600902459542082,Werden,Germany,river north sea,51.38,7.0,58,0.6744,1,0.0,0,2.4715,2,3.2909,2,0.0,1,0.0,0,1,0,7.390729187113451,-0.48297390813131447,-0.9074751102011046,-0.6954106598300887,0.09790213822906643,-0.4330955877641878,-0.16981822983744027,-0.37234730701128815
14048,1400,1000.0,2000.0,6.907755278982137,7.600902459542082,Hueckeswagen,Germany,river north sea,51.13,7.33,308,0.7121,1,0.0,0,1.7955,2,2.8098,0,0.0,1,0.0,0,1,0,7.390729187113451,-0.48297390813131447,-0.8904167841804371,-0.6954106598300887,-0.3284627607902388,-1.0362220662073272,-0.16981822983744027,-0.37234730701128815
14059,1400,1000.0,2000.0,6.907755278982137,7.600902459542082,Kleve,Germany,river north sea,51.8,6.18,12,2.0239,2,0.0,0,2.7537,2,3.7648,1,1.0,2,0.0,0,1,0,7.390729187113451,-0.48297390813131447,-0.2968594347398135,-0.6954106598300887,0.2758905620504392,0.16100467857171688,-0.055509171507291795,-0.37234730701128815
14060,1400,40000.0,44000.0,10.596634733096073,10.691944912900398,Koeln,Germany,river north sea,50.92,6.95,46,9.2994,3,2.5,3,1.9038,2,4.5917,3,-3.0,0,0.0,0,1,0,10.167554178197417,0.4290805548986558,2.9951260019542394,0.9161449423042459,-0.2601560765242762,1.1976400662762108,-0.5127454048278857,-0.37234730701128815
14064,1400,3000.0,3000.0,8.006367567650246,8.006367567650246,Koenigswinter,Germany,river north sea,50.67,7.18,80,0.7169,1,0.0,0,1.3703,2,3.146,2,0.0,1,0.0,0,1,0,7.754977062125342,0.2513905055249035,-0.8882449018223681,-0.6954106598300887,-0.5966437594041569,-0.614748106422286,-0.16981822983744027,-0.37234730701128815
14070,1400,1000.0,1000.0,6.907755278982137,6.907755278982137,Leverkusen,Germany,river north sea,51.03,6.98,60,0.7741,1,0.0,0,2.4533,2,2.8096,2,0.0,1,0.0,0,1,0,6.7680433319298485,0.1397119470522883,-0.8623633037220452,-0.6954106598300887,0.08642308325546989,-1.0364727943214171,-0.16981822983744027,-0.37234730701128815
14073,1400,1000.0,2000.0,6.907755278982137,7.600902459542082,Mettmann,Germany,land north sea,51.25,6.97,140,0.7126,1,0.0,0,2.2267,2,3.344,0,0.0,1,0.0,0,1,0,7.390729187113451,-0.48297390813131447,-0.8901905464348049,-0.6954106598300887,-0.05649745833887119,-0.3665272734733324,-0.16981822983744027,-0.37234730701128815
14077,1400,1000.0,1000.0,6.907755278982137,6.907755278982137,Muelheim an der Ruhr,Germany,river north sea,51.42,6.83,63,0.6621,1,0.3,1,2.705,2,3.3358,2,1.0,2,0.0,0,1,0,6.7680433319298485,0.1397119470522883,-0.9130405587436565,-0.5020239875739685,0.2451746292364746,-0.3768071261510163,-0.055509171507291795,-0.37234730701128815
14079,1400,2000.0,3000.0,7.600902459542082,8.006367567650246,Neuss,Germany,river north sea,51.2,6.68,40,2.2135,2,4.3,3,4.8222,2,4.8765,2,0.0,1,0.0,0,1,0,7.754977062125342,-0.15407460258326022,-0.21107008159608562,2.076464975840967,1.580529310011139,1.55467690074016,-0.16981822983744027,-0.37234730701128815
14088,1400,1000.0,1000.0,6.907755278982137,6.907755278982137,Radevormwald,Germany,land north sea,51.2,7.35,421,2.1989,2,0.3,1,1.7955,2,2.2967,0,0.0,1,0.0,0,1,0,6.7680433319298485,0.1397119470522883,-0.21767622376854553,-0.5020239875739685,-0.3284627607902388,-1.6794650429048432,-0.16981822983744027,-0.37234730701128815
14091,1400,1000.0,1000.0,6.907755278982137,6.907755278982137,Remscheid,Germany,land north sea,51.18,7.18,365,0.7212,1,0.0,0,1.9878,2,2.0914,0,0.0,1,0.0,0,1,0,6.7680433319298485,0.1397119470522883,-0.8862992572099312,-0.6954106598300887,-0.20717582279998378,-1.9368374520180762,-0.16981822983744027,-0.37234730701128815
14097,1400,1000.0,1000.0,6.907755278982137,6.907755278982137,Rheydt,Germany,land north sea,51.3,6.45,70,0.6893,1,0.0,0,2.3758,2,3.2645,0,0.0,1,0.0,0,1,0,6.7680433319298485,0.1397119470522883,-0.9007332253812652,-0.6954106598300887,0.03754249202174767,-0.46619169882404854,-0.16981822983744027,-0.37234730701128815
14100,1400,1000.0,2000.0,6.907755278982137,7.600902459542082,Solingen,Germany,land north sea,51.17,7.08,221,0.7315,1,1.3,2,2.1304,2,3.0374,0,1.0,2,0.0,0,1,0,7.390729187113451,-0.48297390813131447,-0.881638759649908,0.14259825327976536,-0.11723553492993513,-0.7508934723730758,-0.055509171507291795,-0.37234730701128815
14104,1400,1000.0,2000.0,6.907755278982137,7.600902459542082,Velbert,Germany,land north sea,51.37,7.03,230,0.6872,1,0.0,0,2.2553,2,3.3498,2,0.0,1,0.0,0,1,0,7.390729187113451,-0.48297390813131447,-0.9016834239129204,-0.6954106598300887,-0.03845894338036214,-0.3592561581647264,-0.16981822983744027,-0.37234730701128815
14105,1400,1000.0,1000.0,6.907755278982137,6.907755278982137,Viersen,Germany,land north sea,51.25,6.38,41,0.6678,1,0.0,0,2.503,2,2.4945,0,1.0,2,0.0,0,1,0,6.7680433319298485,0.1397119470522883,-0.9104614484434497,-0.6954106598300887,0.11776973337567627,-1.4314949380699793,-0.055509171507291795,-0.37234730701128815
14107,1400,6000.0,3000.0,8.699514748210191,8.006367567650246,Wesel,Germany,river north sea,51.67,6.63,23,3.0912,3,1.3,2,4.8433,2,3.6192,2,1.0,2,2.0,3,1,0,7.754977062125342,0.9445376860848489,0.18606765708666761,0.14259825327976536,1.5938374451728368,-0.02152538848569542,-0.055509171507291795,1.6135049970489155
14110,1400,1000.0,1000.0,6.907755278982137,6.907755278982137,Wuelfrath,Germany,land north sea,51.28,7.03,262,0.7037,1,0.0,0,2.1351,2,2.7293,0,0.0,1,0.0,0,1,0,6.7680433319298485,0.1397119470522883,-0.8942175783070581,-0.6954106598300887,-0.11427116359059963,-1.137140132128493,-0.16981822983744027,-0.37234730701128815
14113,1400,1000.0,1000.0,6.907755278982137,6.907755278982137,Barmen,Germany,river north sea,51.28,7.22,191,0.698,1,0.0,0,1.9461,2,2.7612,0,0.0,1,0.0,0,1,0,6.7680433319298485,0.1397119470522883,-0.896796688607265,-0.6954106598300887,-0.23347673447025755,-1.0971489979311613,-0.16981822983744027,-0.37234730701128815
14115,1400,1000.0,2000.0,6.907755278982137,7.600902459542082,Cronenberg,Germany,river north sea,51.2,7.13,100,0.7199,1,0.0,0,2.03,2,2.7402,0,1.0,2,0.0,0,1,0,7.390729187113451,-0.48297390813131447,-0.8868874753485749,-0.6954106598300887,-0.1805595524765894,-1.1234754499105957,-0.055509171507291795,-0.37234730701128815
14116,1400,1000.0,1000.0,6.907755278982137,6.907755278982137,Elberfeld,Germany,river north sea,51.27,7.13,210,0.7056,1,1.0,2,1.9785,2,2.3034,0,1.0,2,0.0,0,1,0,6.7680433319298485,0.1397119470522883,-0.8933578748736557,-0.050788418976354825,-0.2130414937480305,-1.6710656510828332,-0.055509171507291795,-0.37234730701128815
15015,1400,1000.0,2000.0,6.907755278982137,7.600902459542082,Darmstadt,Germany,land north sea,49.88,8.67,144,2.1712,2,0.3,1,1.0476,2,3.343,0,0.0,1,0.0,0,1,0,7.390729187113451,-0.48297390813131447,-0.2302097948765692,-0.5020239875739685,-0.8001762341283135,-0.36778091404378155,-0.16981822983744027,-0.37234730701128815
15027,1400,9000.0,13000.0,9.104979856318357,9.472704636443673,Frankfurt am Main,Germany,river north sea,50.1,8.67,119,9.1054,3,5.5,3,3.6083,2,3.7252,2,-2.0,0,1.0,1,1,0,9.072254802375905,0.03272505394245151,2.907345756648948,2.8500116648654474,0.8149015719644901,0.11136051198192606,-0.3984363464977372,0.6205788450188136
15036,1400,2000.0,3000.0,7.600902459542082,8.006367567650246,Fulda,Germany,river north sea,50.55,9.68,261,2.0336,2,0.3,1,3.4491,2,4.3232,0,0.0,1,0.0,0,1,0,7.754977062125342,-0.15407460258326022,-0.2924704224745489,-0.5020239875739685,0.7144913768108313,0.8610375731105838,-0.16981822983744027,-0.37234730701128815
15043,1400,1000.0,1000.0,6.907755278982137,6.907755278982137,Giessen,Germany,land north sea,50.58,8.7,159,1.9831,2,0.3,1,1.9807,2,2.7989,0,2.0,2,0.0,0,1,0,6.7680433319298485,0.1397119470522883,-0.3153204347834004,-0.5020239875739685,-0.21165391567429903,-1.0498867484252241,0.058799886822856674,-0.37234730701128815
15055,1400,1000.0,2000.0,6.907755278982137,7.600902459542082,Hanau,Germany,river north sea,50.13,8.92,103,2.0952,2,0.3,1,3.9983,2,2.8479,2,0.0,1,0.0,0,1,0,7.390729187113451,-0.48297390813131447,-0.2645979322126625,-0.5020239875739685,1.060881321398705,-0.9884583604732103,-0.16981822983744027,-0.37234730701128815
15061,1400,1000.0,2000.0,6.907755278982137,7.600902459542082,Bad Hersfeld,Germany,river north sea,50.87,9.7,212,3.0654,3,0.3,1,1.9834,2,4.7247,2,0.0,1,3.0,3,1,0,7.390729187113451,-0.48297390813131447,0.17439378941204628,-0.5020239875739685,-0.2099509789474467,1.3643742621459625,-0.16981822983744027,2.6064311490790173
15075,1400,2000.0,4000.0,7.600902459542082,8.294049640102028,Kassel,Germany,river north sea,51.32,9.48,152,2.7161,2,3.0,3,4.6772,3,4.101,2,0.0,1,3.0,3,1,0,8.013415042297055,-0.4125125827549727,0.016344100313395706,1.2384560627311128,1.4890753006061108,0.5824786383567582,-0.16981822983744027,2.6064311490790173
15092,1400,1000.0,2000.0,6.907755278982137,7.600902459542082,Marburg,Germany,river north sea,50.82,8.77,186,2.9801,3,0.0,0,1.9969,2,3.0131,0,0.0,1,0.0,0,1,0,7.390729187113451,-0.48297390813131447,0.13579763000719416,-0.6954106598300887,-0.20143629531318552,-0.7813569382349925,-0.16981822983744027,-0.37234730701128815
15106,1400,1000.0,1000.0,6.907755278982137,6.907755278982137,Offenbach,Germany,river north sea,50.13,8.78,98,0.6066,1,0.0,0,1.6025,2,3.9777,2,0.0,1,0.0,0,1,0,6.7680433319298485,0.1397119470522883,-0.9381529485088299,-0.6954106598300887,-0.45019120089486303,0.4279047560203644,-0.16981822983744027,-0.37234730701128815
15150,1400,4000.0,6000.0,8.294049640102028,8.699514748210191,Wetzlar,Germany,river north sea,50.55,8.55,148,7.0088,3,0.3,1,1.998,2,3.0447,1,49.0,1,0.0,0,1,0,8.377662917308948,-0.08361327720692024,1.9586856416640326,-0.5020239875739685,-0.2007425062763197,-0.7417418962087957,5.431325628339835,-0.37234730701128815
15151,1400,1000.0,1000.0,6.907755278982137,6.907755278982137,Wiesbaden,Germany,river north sea,50.08,8.23,117,0.5952,1,0.3,1,3.2426,2,4.6522,2,0.0,1,0.0,0,1,0,6.7680433319298485,0.1397119470522883,-0.943311169109244,-0.5020239875739685,0.5842482530719458,1.2734853207883903,-0.16981822983744027,-0.37234730701128815
16017,1400,10000.0,5000.0,9.210340371976184,8.517193191416238,Esslingen,Germany,river north sea,48.75,9.32,241,9.0842,3,0.3,1,0.4656,1,3.8685,3,-3.0,0,0.5,1,1,0,8.213875113369621,0.9964652586065625,2.8977532762341425,-0.5020239875739685,-1.1672537063609107,0.2910072057273051,-0.5127454048278857,0.12411576900376273
16026,1400,1000.0,1000.0,6.907755278982137,6.907755278982137,Goeppingen,Germany,river north sea,48.7,9.67,323,0.5387,1,0.0,0,0.0,0,2.9309,0,0.0,1,0.0,0,1,0,6.7680433319298485,0.1397119470522883,-0.968876034365682,-0.6954106598300887,-1.4609156841469886,-0.8844061931259221,-0.16981822983744027,-0.37234730701128815
16033,1400,6000.0,5000.0,8.699514748210191,8.517193191416238,Heilbronn,Germany,river north sea,49.13,9.22,157,7.1811,3,0.3,1,0.6867,1,3.3956,2,-2.0,0,3.0,3,1,0,8.213875113369621,0.48563963484057027,2.0366471688088867,-0.5020239875739685,-1.0278021099508983,-0.30183942003815045,-0.3984363464977372,2.6064311490790173
16074,1400,1000.0,1000.0,6.907755278982137,6.907755278982137,Schorndorf,Germany,river north sea,48.8,9.55,256,2.0756,2,0.0,0,0.1103,0,4.6528,0,0.0,1,0.0,0,1,0,6.7680433319298485,0.1397119470522883,-0.2734664518414445,-0.6954106598300887,-1.3913475652685428,1.2742375051306603,-0.16981822983744027,-0.37234730701128815
16075,1400,1000.0,2000.0,6.907755278982137,7.600902459542082,Schwaebisch Gmuend,Germany,river north sea,48.82,9.8,321,4.5398,3,0.3,1,0.0,1,4.3544,0,-2.0,0,0.0,0,1,0,7.390729187113451,-0.48297390813131447,0.8415236537322593,-0.5020239875739685,-1.4609156841469886,0.900151158908601,-0.3984363464977372,-0.37234730701128815
16076,1400,6000.0,2000.0,8.699514748210191,7.600902459542082,Schwaebisch Hall,Germany,river north sea,49.12,9.73,304,6.0955,3,0.3,1,0.0,1,3.1221,2,-2.0,0,0.0,0,1,0,7.390729187113451,1.30878556109674,1.5454397754922675,-0.5020239875739685,-1.4609156841469886,-0.6447101160560231,-0.3984363464977372,-0.37234730701128815
16081,1400,4000.0,5000.0,8.294049640102028,8.517193191416238,Stuttgart,Germany,river north sea,48.77,9.18,253,3.1039,3,0.0,0,0.6907,0,4.2051,1,0.0,1,0.0,0,1,0,8.213875113369621,0.08017452673240655,0.1918140958257252,-0.6954106598300887,-1.0252792407259321,0.7129826217405261,-0.16981822983744027,-0.37234730701128815
16085,1400,9000.0,7000.0,9.104979856318357,8.85366542803745,Ulm,Germany,river black sea,48.4,10.0,585,8.934,3,0.3,1,0.6915,1,4.58,2,-3.0,0,1.0,2,1,0,8.516143532375185,0.5888363239431715,2.8297914574462313,-0.5020239875739685,-1.0247746668809388,1.1829724716019543,-0.5127454048278857,0.6205788450188136
17006,1400,1000.0,2000.0,6.907755278982137,7.600902459542082,Biberach,Germany,river black sea,48.1,9.97,238,8.585,3,0.0,0,0.0,0,4.762,0,-3.0,0,0.0,0,1,0,7.390729187113451,-0.48297390813131447,2.671877510994961,-0.6954106598300887,-1.4609156841469886,1.411135055423719,-0.5127454048278857,-0.37234730701128815
17041,1400,3000.0,1000.0,8.006367567650246,6.907755278982137,Ravensburg,Germany,land north sea,47.78,9.62,450,7.518,3,0.3,1,0.0,1,3.3424,2,-2.0,0,0.0,0,1,0,6.7680433319298485,1.2383242357203974,2.1890861618158586,-0.5020239875739685,-1.4609156841469886,-0.36853309838605103,-0.3984363464977372,-0.37234730701128815
17042,1400,3000.0,5000.0,8.006367567650246,8.517193191416238,Reutlingen,Germany,land north sea,48.48,9.18,382,6.0286,3,0.0,0,0.4238,0,3.5082,1,-2.0,0,1.0,1,1,0,8.213875113369621,-0.20750754571937513,1.5151691651266799,-0.6954106598300887,-1.1936176897618087,-0.16067949180556362,-0.3984363464977372,0.6205788450188136
17045,1400,4000.0,3000.0,8.294049640102028,8.006367567650246,Rottenburg am Neckar,Germany,river north sea,48.47,8.93,349,2.0378,2,0.0,0,0.4647,0,4.6476,2,1.0,2,0.0,0,1,0,7.754977062125342,0.5390725779766852,-0.2905700254112385,-0.6954106598300887,-1.1678213519365281,1.2677185741643238,-0.055509171507291795,-0.37234730701128815
17061,1400,1000.0,2000.0,6.907755278982137,7.600902459542082,Tuebingen,Germany,river north sea,48.52,9.07,341,2.0449,2,0.0,0,0.6991,0,4.7158,0,0.0,1,0.0,0,1,0,7.390729187113451,-0.48297390813131447,-0.2873574494232612,-0.6954106598300887,-1.0199812153535028,1.3532168610689634,-0.16981822983744027,-0.37234730701128815
18005,1400,2000.0,3000.0,7.600902459542082,8.006367567650246,Andernach,Germany,river north sea,50.43,7.4,60,3.1415,3,0.3,1,1.4605,2,4.9392,2,0.0,1,4.0,3,1,0,7.754977062125342,-0.15407460258326022,0.20882717429726633,-0.5020239875739685,-0.5397530583811669,1.633280164507328,-0.16981822983744027,3.599357301109119
18010,1400,2000.0,3000.0,7.600902459542082,8.006367567650246,Bad Kreuznach,Germany,river north sea,49.87,7.85,104,3.1054,3,0.3,1,0.3657,1,4.8657,2,0.0,1,0.0,0,1,0,7.754977062125342,-0.15407460258326022,0.1924928090626218,-0.5020239875739685,-1.2302623652544444,1.5411375825793083,-0.16981822983744027,-0.37234730701128815
18017,1400,1000.0,2000.0,6.907755278982137,7.600902459542082,Bingen,Germany,river north sea,49.97,7.9,89,0.5869,1,0.0,0,0.683,0,4.618,2,0.0,1,0.0,0,1,0,7.390729187113451,-0.48297390813131447,-0.9470667156867385,-0.6954106598300887,-1.030135763983992,1.2306108132790263,-0.16981822983744027,-0.37234730701128815
18039,1400,1000.0,1000.0,6.907755278982137,6.907755278982137,Kaiserslautern,Germany,river north sea,49.43,7.77,251,6.1298,3,0.3,1,0.0,1,4.1317,0,-2.0,0,0.0,0,1,0,6.7680433319298485,0.1397119470522883,1.5609596848426361,-0.5020239875739685,-1.4609156841469886,0.620965403869551,-0.3984363464977372,-0.37234730701128815
18045,1400,2000.0,4000.0,7.600902459542082,8.294049640102028,Koblenz,Germany,river north sea,50.35,7.58,73,3.1046,3,1.0,2,2.686,2,4.3195,2,0.0,1,3.0,3,1,0,8.013415042297055,-0.4125125827549727,0.19213082866961034,-0.050788418976354825,0.23319100041788457,0.8563991029999213,-0.16981822983744027,2.6064311490790173
18051,1400,1000.0,1000.0,6.907755278982137,6.907755278982137,Landau,Germany,river north sea,49.2,8.12,142,8.1763,3,0.3,1,0.0,1,2.5313,0,-3.0,0,0.0,0,1,0,6.7680433319298485,0.1397119470522883,2.486950777715205,-0.5020239875739685,-1.4609156841469886,-1.3853609650774465,-0.5127454048278857,-0.37234730701128815
18058,1400,9000.0,13000.0,9.104979856318357,9.472704636443673,Mainz,Germany,river north sea,50.02,8.27,106,5.1178,3,0.3,1,3.4513,2,4.843,2,-1.0,1,1.0,2,1,0,9.072254802375905,0.03272505394245151,1.1030544876830755,-0.5020239875739685,0.7158789548845627,1.5126799416301098,-0.2841272881675887,0.6205788450188136
18067,1400,1000.0,2000.0,6.907755278982137,7.600902459542082,Neuwied,Germany,river north sea,50.42,7.45,60,0.6335,1,0.0,0,1.4461,2,3.2743,2,0.0,1,0.0,0,1,0,7.390729187113451,-0.48297390813131447,-0.9259813577938182,-0.6954106598300887,-0.5488353875910456,-0.45390602123364543,-0.16981822983744027,-0.37234730701128815
18073,1400,2000.0,3000.0,7.600902459542082,8.006367567650246,Oppenheim,Germany,river north sea,49.85,8.35,87,2.1626,2,0.3,1,1.3235,2,4.7406,2,1.0,2,0.5,1,1,0,7.754977062125342,-0.15407460258326022,-0.23410108410144292,-0.5020239875739685,-0.6261613293362628,1.384307147216105,-0.055509171507291795,0.12411576900376273
18076,1400,1000.0,2000.0,6.907755278982137,7.600902459542082,Pirmasens,Germany,land north sea,49.2,7.6,387,0.5916,1,0.0,0,0.0,0,4.5014,0,0.0,1,0.0,0,1,0,7.390729187113451,-0.48297390813131447,-0.9449400808777958,-0.6954106598300887,-1.4609156841469886,1.0844363227646425,-0.16981822983744027,-0.37234730701128815
18077,1400,1000.0,1000.0,6.907755278982137,6.907755278982137,Moenchengladbach,Germany,land north sea,50.18,6.45,70,0.5758,1,0.3,1,0.0,1,4.6353,0,0.0,1,0.0,0,1,0,6.7680433319298485,0.1397119470522883,-0.9520891936397732,-0.5020239875739685,-1.4609156841469886,1.2522987951477982,-0.16981822983744027,-0.37234730701128815
18087,1400,5000.0,9000.0,8.517193191416238,9.104979856318357,Speyer,Germany,river north sea,49.32,8.43,102,7.2439,3,1.0,2,0.4889,2,4.5975,2,-2.0,0,0.5,1,1,0,8.74191079232084,-0.22471760090460258,2.0650626296602903,-0.050788418976354825,-1.1525579931254821,1.2049111815848164,-0.3984363464977372,0.12411576900376273
18090,1400,10000.0,11000.0,9.210340371976184,9.305650551780507,Trier,Germany,river north sea,49.75,6.63,50,2.9669,3,0.0,0,0.0,0,4.9477,2,0.0,1,0.0,0,1,0,8.922182467830211,0.2881579041459723,0.1298249535225041,-0.6954106598300887,-1.4609156841469886,1.6439361093561475,-0.16981822983744027,-0.37234730701128815
18097,1400,10000.0,17000.0,9.210340371976184,9.740968623038354,Worms,Germany,river north sea,49.63,8.37,96,5.7125,3,1.0,2,0.6729,2,4.7894,2,-2.0,0,0.0,0,1,0,9.313248626765018,-0.1029082547888347,1.3721416623380072,-0.050788418976354825,-1.0365060087770321,1.445484807054029,-0.3984363464977372,-0.37234730701128815
18099,1400,1000.0,1000.0,6.907755278982137,6.907755278982137,Zweibruecken,Germany,land north sea,49.25,7.35,300,2.0519,2,0.0,0,0.0,0,2.5934,0,1.0,2,0.0,0,1,0,6.7680433319298485,0.1397119470522883,-0.28419012098441065,-0.6954106598300887,-1.4609156841469886,-1.3075098856525476,-0.055509171507291795,-0.37234730701128815
19011,1400,2000.0,3000.0,7.600902459542082,8.006367567650246,Saarbruecken,Germany,river north sea,49.23,6.98,230,1.9856,2,0.0,0,0.0,0,4.1416,0,1.0,2,0.0,0,1,0,7.754977062125342,-0.15407460258326022,-0.31418924605523946,-0.6954106598300887,-1.4609156841469886,0.6333764455169987,-0.055509171507291795,-0.37234730701128815
20005,1400,1000.0,1000.0,6.907755278982137,6.907755278982137,Bruchsal,Germany,land north sea,49.12,8.58,114,3.2181,3,0.3,1,0.0,1,3.1958,0,0.0,1,0.0,0,1,0,6.7680433319298485,0.1397119470522883,0.24348679692811842,-0.5020239875739685,-1.4609156841469886,-0.5523168060139124,-0.16981822983744027,-0.37234730701128815
20013,1400,5000.0,10000.0,8.517193191416238,9.210340371976184,Heidelberg,Germany,river north sea,49.42,8.72,311,3.2989,3,0.0,0,0.5836,0,2.895,2,0.0,1,0.0,0,1,0,8.836560968553226,-0.3193677771369874,0.2800468166222809,-0.6954106598300887,-1.0928290642244047,-0.9294118896050503,-0.16981822983744027,-0.37234730701128815
20024,1400,1000.0,1000.0,6.907755278982137,6.907755278982137,Mannheim,Germany,river north sea,49.48,8.48,95,0.7503,1,0.0,0,0.6768,0,4.0749,2,0.0,1,0.0,0,1,0,6.7680433319298485,0.1397119470522883,-0.8731322204141375,-0.6954106598300887,-1.03404621128269,0.549758619468033,-0.16981822983744027,-0.37234730701128815
20031,1400,1000.0,2000.0,6.907755278982137,7.600902459542082,Pforzheim,Germany,river north sea,48.9,8.7,261,2.1555,2,0.0,0,0.0,0,4.6049,0,0.0,1,0.0,0,1,0,7.390729187113451,-0.48297390813131447,-0.23731366008942,-0.6954106598300887,-1.4609156841469886,1.2141881218061403,-0.16981822983744027,-0.37234730701128815
21003,1400,1000.0,2000.0,6.907755278982137,7.600902459542082,Baden-Baden,Germany,river north sea,48.77,8.23,161,1.6002,2,0.0,0,0.0,0,3.1458,0,0.0,1,0.5,1,1,0,7.390729187113451,-0.48297390813131447,-0.48857330038853447,-0.6954106598300887,-1.4609156841469886,-0.6149988345363758,-0.16981822983744027,0.12411576900376273
21009,1400,2000.0,3000.0,7.600902459542082,8.006367567650246,Breisach am Rhein,Germany,river north sea,48.02,7.6,225,1.8643,2,0.0,0,0.0,0,4.6215,0,0.0,1,0.0,0,1,0,7.754977062125342,-0.15407460258326022,-0.3690745231456097,-0.6954106598300887,-1.4609156841469886,1.2349985552755987,-0.16981822983744027,-0.37234730701128815
21018,1400,9000.0,10000.0,9.104979856318357,9.210340371976184,Freiburg,Germany,river north sea,47.98,7.85,273,1.8759,2,0.3,1,0.0,1,3.2364,1,2.0,2,3.0,3,1,0,8.836560968553226,0.26841888776513123,-0.3638258074469428,-0.5020239875739685,-1.4609156841469886,-0.5014189988536725,0.058799886822856674,2.6064311490790173
21037,1400,1000.0,2000.0,6.907755278982137,7.600902459542082,Konstanz,Germany,river north sea,47.67,9.17,405,6.8065,3,1.0,2,0.0,2,6.0792,0,-2.0,0,0.0,0,1,0,7.390729187113451,-0.48297390813131447,1.8671498497812469,-0.050788418976354825,-1.4609156841469886,3.0624304148194863,-0.3984363464977372,-0.37234730701128815
21039,1400,1000.0,1000.0,6.907755278982137,6.907755278982137,Lahr,Germany,land north sea,48.4,7.87,170,1.9651,2,0.0,0,0.0,0,2.8766,0,0.0,1,0.0,0,1,0,6.7680433319298485,0.1397119470522883,-0.3234649936261594,-0.6954106598300887,-1.4609156841469886,-0.952478876101317,-0.16981822983744027,-0.37234730701128815
22006,1400,1000.0,1000.0,6.907755278982137,6.907755278982137,Ansbach,Germany,river north sea,49.28,10.6,406,0.4616,1,0.0,0,0.0,0,4.1684,0,1.0,2,0.5,1,1,0,6.7680433319298485,0.1397119470522883,-1.0037618947421663,-0.6954106598300887,-1.4609156841469886,0.6669740128050385,-0.055509171507291795,0.12411576900376273
22009,1400,1000.0,2000.0,6.907755278982137,7.600902459542082,Aschaffenburg,Germany,river north sea,49.98,9.15,138,3.125,3,0.3,1,3.9897,2,4.829,2,0.0,1,0.0,0,1,0,7.390729187113451,-0.48297390813131447,0.20136132869140383,-0.5020239875739685,1.0554571525650274,1.4951289736438198,-0.16981822983744027,-0.37234730701128815
22016,1400,5000.0,8000.0,8.517193191416238,8.987196820661973,Bamberg,Germany,river north sea,49.88,10.88,293,2.9972,3,1.0,2,1.4381,2,4.5287,1,1.5,2,0.0,0,1,0,8.63610089748066,-0.11890770606442125,0.14353496090781503,-0.050788418976354825,-0.5538811260409782,1.1186607103379067,0.0016453576577824412,-0.37234730701128815
22018,1400,1000.0,1000.0,6.907755278982137,6.907755278982137,Bayreuth,Germany,river north sea,49.95,11.58,343,2.9965,3,0.3,1,1.994,2,2.915,0,0.0,1,0.0,0,1,0,6.7680433319298485,0.1397119470522883,0.1432182280639301,-0.5020239875739685,-0.203265375501286,-0.9043390781960651,-0.16981822983744027,-0.37234730701128815
22024,1400,4000.0,3000.0,8.294049640102028,8.006367567650246,Coburg,Germany,river north sea,50.25,10.97,292,2.0996,2,0.0,0,3.1133,2,3.0773,2,0.0,1,0.0,0,1,0,7.754977062125342,0.5390725779766852,-0.2626070400510992,-0.6954106598300887,0.5026965053749102,-0.7008732136121499,-0.16981822983744027,-0.37234730701128815
22027,1400,4000.0,2000.0,8.294049640102028,7.600902459542082,Dinkelsbuehl,Germany,river black sea,49.07,10.35,442,6.9927,3,1.0,2,0.0,2,4.3365,2,-2.0,0,0.0,0,1,0,7.390729187113451,0.9033204529885763,1.951400786254676,-0.050788418976354825,-1.4609156841469886,0.8777109926975591,-0.3984363464977372,-0.37234730701128815
22032,1400,1000.0,2000.0,6.907755278982137,7.600902459542082,Eichstaett,Germany,river black sea,48.9,11.22,393,1.8274,2,1.0,2,0.0,2,4.3494,0,0.0,1,0.0,0,1,0,7.390729187113451,-0.48297390813131447,-0.3857708687732656,-0.050788418976354825,-1.4609156841469886,0.8938829560563548,-0.16981822983744027,-0.37234730701128815
22035,1400,1000.0,1000.0,6.907755278982137,6.907755278982137,Erlangen,Germany,river north sea,49.6,11.02,279,1.9153,2,0.3,1,1.9925,2,4.2483,0,41.0,2,0.0,0,1,0,6.7680433319298485,0.1397119470522883,-0.3459982730911259,-0.5020239875739685,-0.20421145146064842,0.7671398943839348,4.516853161698647,-0.37234730701128815
22039,1400,2000.0,2000.0,7.600902459542082,7.600902459542082,Fuerth,Germany,river north sea,49.47,10.98,304,0.3876,1,0.3,1,0.0,1,3.658,0,1.0,2,0.0,0,1,0,7.390729187113451,0.21017327242863093,-1.037245081095731,-0.5020239875739685,-1.4609156841469886,0.027115865647735552,-0.055509171507291795,-0.37234730701128815
22058,1400,1000.0,2000.0,6.907755278982137,7.600902459542082,Hof,Germany,river north sea,50.3,11.92,500,2.7592,2,0.0,0,0.0,0,2.7045,0,1.0,2,0.5,1,1,0,7.390729187113451,-0.48297390813131447,0.03584579398689077,-0.6954106598300887,-1.4609156841469886,-1.1682304182756347,-0.055509171507291795,0.12411576900376273
22094,1400,6000.0,14000.0,8.699514748210191,9.546812608597396,Nuernberg,Germany,river north sea,49.45,11.07,301,2.8752,3,1.0,2,1.9981,2,3.1255,1,0.0,1,0.0,0,1,0,9.13882938755879,-0.4393146393485985,0.0883329509735598,-0.050788418976354825,-0.20067943454569556,-0.6404477381164955,-0.16981822983744027,-0.37234730701128815
22109,1400,6000.0,5000.0,8.699514748210191,8.517193191416238,Rothenburg ob der Tauber,Germany,river north sea,49.38,10.17,430,9.034,3,1.0,2,0.0,2,4.5582,2,-3.0,0,0.5,1,1,0,8.213875113369621,0.48563963484057027,2.875039006572671,-0.050788418976354825,-1.4609156841469886,1.1556431071661606,-0.5127454048278857,0.12411576900376273
22121,1400,3000.0,2000.0,8.006367567650246,7.600902459542082,Schweinfurt,Germany,river north sea,50.05,10.27,226,8.0049,3,0.3,1,0.9704,2,4.4617,2,-3.0,0,3.0,3,1,0,7.390729187113451,0.6156383805367946,2.409396478512489,-0.5020239875739685,-0.8488676101701632,1.0346667921178072,-0.5127454048278857,2.6064311490790173
22145,1400,6000.0,7000.0,8.699514748210191,8.85366542803745,Wuerzburg,Germany,river north sea,49.8,9.93,186,3.0557,3,1.0,2,0.6617,2,4.6731,1,1.5,2,4.5,3,1,0,8.516143532375185,0.18337121583500604,0.17000477714678172,-0.050788418976354825,-1.0435700426069379,1.29968640871078,0.0016453576577824412,4.09582037712417
23004,1400,3000.0,3000.0,8.006367567650246,8.006367567650246,Amberg,Germany,river north sea,49.45,11.87,373,1.3492,2,0.3,1,0.0,1,3.2097,1,0.0,1,1.0,2,1,0,7.754977062125342,0.2513905055249035,-0.6021446486958958,-0.5020239875739685,-1.4609156841469886,-0.5348912020846677,-0.16981822983744027,0.6205788450188136
23006,1400,12000.0,19000.0,9.392661928770137,9.852194258148577,Augsburg,Germany,river black sea,48.35,10.88,474,4.3071,3,0.3,1,0.6905,1,3.9863,2,-2.0,0,0.5,1,1,0,9.413167708396426,-0.020505779626288856,0.7362326069150366,-0.5020239875739685,-1.0254053841871804,0.4386860649262279,-0.3984363464977372,0.12411576900376273
23055,1400,1000.0,1000.0,6.907755278982137,6.907755278982137,Harburg,Germany,river north sea,48.78,10.68,440,0.9003,1,0.0,0,0.4709,0,3.1842,0,0.0,1,0.0,0,1,0,6.7680433319298485,0.1397119470522883,-0.8052608967244793,-0.6954106598300887,-1.1639109046378306,-0.5668590366311239,-0.16981822983744027,-0.37234730701128815
23063,1400,3000.0,6000.0,8.006367567650246,8.699514748210191,Ingolstadt,Germany,river black sea,48.77,11.45,374,1.8,2,0.3,1,0.0,1,4.4,1,2.0,2,0.0,0,1,0,8.377662917308948,-0.3712953496587019,-0.3981686972339098,-0.5020239875739685,-1.4609156841469886,0.9573171689210876,0.058799886822856674,-0.37234730701128815
23064,1400,1000.0,2000.0,6.907755278982137,7.600902459542082,Kaufbeuren,Germany,river black sea,47.88,10.62,678,6.8,3,0.3,1,0.0635,1,3.084,0,-2.0,0,6.0,3,1,0,7.390729187113451,-0.48297390813131447,1.8642087590880285,-0.5020239875739685,-1.4208651352006487,-0.6924738217901399,-0.3984363464977372,5.5852096051693225
23067,1400,3000.0,4000.0,8.006367567650246,8.294049640102028,Kempten,Germany,river black sea,47.72,10.32,674,8.8,3,0.0,0,0.0,0,4.9115,0,-3.0,0,0.0,0,1,0,8.013415042297055,-0.007047474646808993,2.769159741616804,-0.6954106598300887,-1.4609156841469886,1.5985543207058843,-0.5127454048278857,-0.37234730701128815
23074,1400,9000.0,3000.0,9.104979856318357,8.006367567650246,Landshut,Germany,river black sea,48.52,12.17,393,2.8,3,0.3,1,0.0,1,3.2627,2,0.0,1,0.0,0,1,0,7.754977062125342,1.3500027941930144,0.054306794030477765,-0.5020239875739685,-1.4609156841469886,-0.4684482518508569,-0.16981822983744027,-0.37234730701128815
23076,1400,2000.0,3000.0,7.600902459542082,8.006367567650246,Lauingen,Germany,river black sea,48.57,10.42,439,1.9089,2,0.0,0,0.0,0,3.9699,0,2.0,2,0.0,0,1,0,7.754977062125342,-0.15407460258326022,-0.348894116235218,-0.6954106598300887,-1.4609156841469886,0.4181263595708601,0.058799886822856674,-0.37234730701128815
23084,1400,4000.0,3000.0,8.294049640102028,8.006367567650246,Memmingen,Germany,river black sea,47.98,10.18,601,8.5204,3,0.3,1,0.0,1,3.2325,1,-3.0,0,0.0,0,1,0,7.754977062125342,0.5390725779766852,2.642647594259281,-0.5020239875739685,-1.4609156841469886,-0.5063081970784249,-0.5127454048278857,-0.37234730701128815
23092,1400,7000.0,10000.0,8.85366542803745,9.210340371976184,Muenchen,Germany,river black sea,48.13,11.57,514,1.8,2,1.0,2,0.0,2,3.4135,1,2.0,2,0.5,1,1,0,8.836560968553226,0.017104459484224677,-0.3981686972339098,-0.050788418976354825,-1.4609156841469886,-0.2793992538271086,0.058799886822856674,0.12411576900376273
23095,1400,1000.0,2000.0,6.907755278982137,7.600902459542082,Neuburg,Germany,river black sea,48.73,11.18,383,1.8126,2,0.0,0,0.006,0,4.3693,0,2.0,2,0.0,0,1,0,7.390729187113451,-0.48297390813131447,-0.39246750604397856,-0.6954106598300887,-1.4571313803095394,0.9188304034082948,0.058799886822856674,-0.37234730701128815
23105,1400,4000.0,6000.0,8.294049640102028,8.699514748210191,Noerdlingen,Germany,river black sea,48.85,10.5,430,6.9409,3,1.0,2,0.1024,2,4.3724,1,-2.0,0,0.5,1,1,0,8.377662917308948,-0.08361327720692024,1.9279625558071807,-0.050788418976354825,-1.3963302319878514,0.9227166891766874,-0.3984363464977372,0.12411576900376273
23112,1400,4000.0,3000.0,8.294049640102028,8.006367567650246,Passau,Germany,river black sea,48.58,13.47,310,3.5446,3,0.3,1,0.6478,1,6.0825,2,0.0,1,6.0,3,1,0,7.754977062125342,0.5390725779766852,0.3912200448259409,-0.5020239875739685,-1.0523370131636955,3.0665674287019677,-0.16981822983744027,5.5852096051693225
23123,1400,8000.0,12000.0,8.987196820661973,9.392661928770137,Regensburg,Germany,river black sea,49.02,12.1,332,4.8,3,0.3,1,0.6873,1,4.5132,1,-1.0,1,0.5,1,1,0,9.00034877249255,-0.013151951830577602,0.9592577765592532,-0.5020239875739685,-1.0274236795671534,1.099229281495944,-0.2841272881675887,0.12411576900376273
23139,1400,1000.0,1000.0,6.907755278982137,6.907755278982137,Straubing,Germany,river black sea,48.88,12.57,322,0.3265,1,0.3,1,0.0,1,3.997,0,1.0,2,0.0,0,1,0,6.7680433319298485,0.1397119470522883,-1.064891333611985,-0.5020239875739685,-1.4609156841469886,0.45210001903003494,-0.055509171507291795,-0.37234730701128815
2001,1500,2000.0,1000.0,7.600902459542082,6.907755278982137,Anklam,Germany,river baltic,53.85,13.68,6,2.917,3,1.0,2,3.0838,2,3.4521,1,0.0,1,0.0,0,0,1,7.339117107450821,0.26178535209126164,0.10724642650841112,-0.050788418976354825,0.4840903448407836,-0.23100872780776693,-0.16981822983744027,-0.37234730701128815
2009,1500,2000.0,5000.0,7.600902459542082,8.517193191416238,Greifswald,Germany,baltic + river,54.08,13.38,7,3.9986,3,4.3,3,3.1307,3,3.6551,1,0.0,1,0.0,0,0,1,8.784948888890591,-1.1840464293485091,0.596643917859973,2.076464975840967,0.5136709865035135,0.023480307993432818,-0.16981822983744027,-0.37234730701128815
2018,1500,11000.0,15000.0,9.305650551780507,9.615805480084347,Stralsund,Germany,baltic,54.32,13.13,9,5.222,3,2.5,3,2.4845,3,3.6449,2,-1.0,1,0.0,0,0,1,9.771882619086087,-0.46623206730557953,1.150202433872825,0.9161449423042459,0.10610146321020714,0.010693174174850094,-0.2841272881675887,-0.37234730701128815
4015,1500,1000.0,1000.0,6.907755278982137,6.907755278982137,Guestrow,Germany,river baltic,53.8,12.17,13,3.218,3,0.0,0,3.1319,2,3.1609,1,0.0,1,0.0,0,0,1,7.339117107450821,-0.43136182846868376,0.24344154937899187,-0.6954106598300887,0.5144278472710033,-0.5960688619225921,-0.16981822983744027,-0.37234730701128815
4026,1500,2000.0,1000.0,7.600902459542082,6.907755278982137,Neubrandenburg,Germany,river baltic,53.55,13.25,18,3.1493,3,0.0,0,1.9787,2,2.61,0,0.0,1,3.0,3,0,1,7.339117107450821,0.26178535209126164,0.21235648312912855,-0.6954106598300887,-0.21291535028678218,-1.28669945218309,-0.16981822983744027,2.6064311490790173
4037,1500,10000.0,13000.0,9.210340371976184,9.472704636443673,Rostock,Germany,baltic + river,54.08,12.12,14,2.9993,3,6.5,3,3.2672,3,3.8386,2,0.0,1,0.0,0,0,1,9.643328577896876,-0.432988205920692,0.14448515943947024,3.4946339057191813,0.5997638988054885,0.25352335267087217,-0.16981822983744027,-0.37234730701128815
4040,1500,3000.0,1000.0,8.006367567650246,6.907755278982137,Schwerin,Germany,river baltic,53.63,11.42,38,3.1252,3,1.8,1,3.5394,2,4.1777,2,0.0,1,0.0,0,0,1,7.339117107450821,0.6672504601994254,0.2014518237896567,0.46490937370663227,0.7714451495644457,0.6786328701102162,-0.16981822983744027,-0.37234730701128815
4051,1500,9000.0,6000.0,9.104979856318357,8.699514748210191,Wismar,Germany,baltic,53.88,11.47,13,1.3769,1,5.5,3,3.2522,3,3.4768,2,0.0,1,0.0,0,0,1,8.948736692829918,0.1562431634884387,-0.5896110775878722,2.8500116648654474,0.5903031392118651,-0.20004380571767055,-0.16981822983744027,-0.37234730701128815
5011,1500,3000.0,2000.0,8.006367567650246,7.600902459542082,Flensburg,Germany,baltic,54.78,9.43,26,1.8224,2,0.0,0,2.9692,2,4.1451,2,43.0,2,0.0,0,0,1,7.961802962634423,0.0445646050158226,-0.3880332462295875,-0.6954106598300887,0.41181014154549883,0.6377641875135709,4.745471278358944,-0.37234730701128815
5019,1500,3000.0,1000.0,8.006367567650246,6.907755278982137,Husum,Germany,north sea,54.47,9.05,14,0.3,1,3.0,2,1.8016,2,3.3015,2,52.0,2,0.0,0,0,1,7.339117107450821,0.6672504601994254,-1.0768819341304914,1.2384560627311128,-0.3246153852221652,-0.41980699771742597,5.77425280333028,-0.37234730701128815
5023,1500,3000.0,1000.0,8.006367567650246,6.907755278982137,Kiel,Germany,baltic + river,54.33,10.13,5,3.668,3,5.8,3,3.9519,2,3.6222,2,28.0,2,0.0,0,0,1,7.339117107450821,0.6672504601994254,0.4470555204479664,3.0433983371215674,1.0316160383890958,-0.017764466774348054,3.030835403406717,-0.37234730701128815
5024,1500,1000.0,1000.0,6.907755278982137,6.907755278982137,Krempe,Germany,land north sea,53.83,9.48,6,2.5606,3,0.0,0,4.938,2,2.9857,1,1.0,2,0.0,0,0,1,7.339117107450821,-0.43136182846868376,-0.05401583857821657,-0.6954106598300887,1.6535663740739137,-0.8157066898653024,-0.055509171507291795,-0.37234730701128815
5026,1500,25000.0,17000.0,10.126631103850338,9.740968623038354,Luebeck,Germany,baltic + river,53.87,10.67,15,7.754,3,2.5,3,3.8238,3,3.8961,3,-2.0,0,0.0,0,0,1,9.884322402285989,0.24230870156434925,2.295870377754254,0.9161449423042459,0.9508211514595498,0.3256076854717048,-0.3984363464977372,-0.37234730701128815
5041,1500,1000.0,1000.0,6.907755278982137,6.907755278982137,Rendsburg,Germany,river north sea,54.3,9.67,6,3.5927,3,0.0,0,4.9196,2,3.7939,1,1.0,2,0.0,0,0,1,7.339117107450821,-0.43136182846868376,0.41298411595575785,-0.6954106598300887,1.6419611756390688,0.19748561917178997,-0.055509171507291795,-0.37234730701128815
5042,1500,2000.0,2000.0,7.600902459542082,7.600902459542082,Schleswig,Germany,baltic,54.52,9.55,1,1.8661,2,0.0,0,4.0585,2,4.8345,0,52.0,2,0.0,0,0,1,7.961802962634423,-0.3609005030923411,-0.36826006726133376,-0.6954106598300887,1.098850503234448,1.5020239967812914,5.77425280333028,-0.37234730701128815
5045,1500,2000.0,1000.0,7.600902459542082,6.907755278982137,Toenning,Germany,north sea,54.32,8.93,2,0.3,1,0.0,0,2.0481,2,3.3389,1,52.0,2,0.0,0,0,1,7.339117107450821,0.26178535209126164,-1.0768819341304914,-0.6954106598300887,-0.16914356923361687,-0.3729208403826232,5.77425280333028,-0.37234730701128815
6001,1500,30000.0,8000.0,10.308952660644293,8.987196820661973,Hamburg,Germany,north sea + river,53.55,9.98,3,8.9174,3,5.8,3,4.5904,3,4.178,3,-2.0,0,0.0,0,0,1,9.20717467300163,1.101777987642663,2.822280364291243,3.0433983371215674,1.434329038424342,0.6790089622813512,-0.3984363464977372,-0.37234730701128815
7010,1500,9000.0,5000.0,9.104979856318357,8.517193191416238,Berlin,Germany,river north sea,52.52,13.4,35,3.6278,3,3.0,3,3.6654,3,3.1012,2,2.0,2,0.0,0,0,1,8.784948888890591,0.3200309674277655,0.428866005699138,1.2384560627311128,0.8509155301508842,-0.6709112039784129,0.058799886822856674,-0.37234730701128815
7016,1500,1000.0,1000.0,6.907755278982137,6.907755278982137,Spandau,Germany,river north sea,52.53,13.2,35,3.6376,3,0.0,0,4.0576,2,4.5801,1,2.0,2,0.0,0,0,1,7.339117107450821,-0.43136182846868376,0.4333002655135289,-0.6954106598300887,1.0982828576588302,1.1830978356589987,0.058799886822856674,-0.37234730701128815
7027,1500,5000.0,2000.0,8.517193191416238,7.600902459542082,Brandenburg,Germany,river north sea,52.4,12.53,29,3.0011,3,4.3,3,4.0553,3,4.7866,2,2.0,2,0.0,0,0,1,7.961802962634423,0.5553902287818149,0.14529961532374625,2.076464975840967,1.0968322078544746,1.4419746134567712,0.058799886822856674,-0.37234730701128815
7033,1500,3000.0,2000.0,8.006367567650246,7.600902459542082,Cottbus,Germany,river north sea,51.72,14.35,75,1.9414,2,0.3,1,1.9951,2,4.4265,2,2.0,2,0.0,0,0,1,7.961802962634423,0.0445646050158226,-0.3341886627691254,-0.5020239875739685,-0.20257158646442022,0.9905386440379924,0.058799886822856674,-0.37234730701128815
7045,1500,11000.0,3000.0,9.305650551780507,8.006367567650246,Frankfurt am Oder,Germany,river north sea,52.33,14.55,23,2.8337,3,2.8,3,2.5995,3,4.8011,3,2.0,2,6.0,3,0,1,8.326050837646314,0.9795997141341939,0.06955521808608767,1.109531614560366,0.17863395342798824,1.4601524017282856,0.058799886822856674,5.5852096051693225
7091,1500,1000.0,1000.0,6.907755278982137,6.907755278982137,Nauen,Germany,land north sea,52.6,12.87,35,1.9373,2,0.3,1,3.5179,2,3.259,0,2.0,2,0.5,1,0,1,7.339117107450821,-0.43136182846868376,-0.3360438122833094,-0.5020239875739685,0.7578847274802517,-0.4730867219615195,0.058799886822856674,0.12411576900376273
7093,1500,4000.0,1000.0,8.294049640102028,6.907755278982137,Neuruppin,Germany,river north sea,52.92,12.8,44,2.9607,3,0.0,0,1.9869,2,2.7791,2,0.0,1,0.0,0,0,1,7.339117107450821,0.954932532651207,0.127019605476665,-0.6954106598300887,-0.20774346837560115,-1.0747088317201194,-0.16981822983744027,-0.37234730701128815
7102,1500,1000.0,1000.0,6.907755278982137,6.907755278982137,Potsdam,Germany,river north sea,52.4,13.07,31,2.9829,3,0.3,1,3.8464,2,4.474,1,2.0,2,0.0,0,0,1,7.339117107450821,-0.43136182846868376,0.1370645613827343,-0.5020239875739685,0.9650753625806096,1.0500865711343328,0.058799886822856674,-0.37234730701128815
7104,1500,1000.0,1000.0,6.907755278982137,6.907755278982137,Prenzlau,Germany,river north sea,53.32,13.87,34,3.7703,3,1.0,2,2.5311,2,4.4888,1,2.0,2,0.0,0,0,1,7.339117107450821,-0.43136182846868376,0.4933437632043133,-0.050788418976354825,0.13549288968106443,1.068640451576982,0.058799886822856674,-0.37234730701128815
8034,1500,8000.0,8000.0,8.987196820661973,8.987196820661973,Goerlitz,Germany,river baltic,51.15,14.99,201,3.6868,3,1.5,3,1.995,3,3.4678,1,54.0,3,1.0,1,0,1,9.20717467300163,-0.21997785233965672,0.45556205968373675,0.2715227014505121,-0.20263465819504436,-0.21132657085171375,6.002870919990577,0.6205788450188136
9008,1500,5000.0,5000.0,8.517193191416238,8.517193191416238,Bautzen,Germany,river north sea,51.18,14.48,205,2.9961,3,0.3,1,1.9925,2,3.9051,1,55.0,3,0.0,0,0,1,8.784948888890591,-0.2677556974743531,0.14303723786742437,-0.5020239875739685,-0.20421145146064842,0.336890450605748,6.117179978320726,-0.37234730701128815
9017,1500,3000.0,1000.0,8.006367567650246,6.907755278982137,Chemnitz,Germany,river north sea,50.83,12.92,297,1.6292,2,0.3,1,3.1204,2,3.0905,2,1.0,2,0.5,1,0,1,7.339117107450821,0.6672504601994254,-0.47545151114186723,-0.5020239875739685,0.5071745982492253,-0.6843251580822198,-0.055509171507291795,0.12411576900376273
9023,1500,2000.0,1000.0,7.600902459542082,6.907755278982137,Doebeln,Germany,river north sea,51.12,13.12,158,1.6572,2,0.3,1,3.1501,2,3.7066,0,1.0,2,0.0,0,0,1,7.339117107450821,0.26178535209126164,-0.46278219738646437,-0.5020239875739685,0.5259069022446001,0.0880427973715696,-0.055509171507291795,-0.37234730701128815
9025,1500,5000.0,4000.0,8.517193191416238,8.294049640102028,Dresden,Germany,river north sea,51.05,13.73,111,1.5493,2,1.8,3,2.9832,3,3.091,2,1.0,2,0.5,1,0,1,8.584488817818025,-0.06729562640178699,-0.5116043028938918,0.46490937370663227,0.42064018383288104,-0.683698337796995,-0.055509171507291795,0.12411576900376273
9035,1500,1000.0,1000.0,6.907755278982137,6.907755278982137,Frankenberg,Germany,river north sea,50.9,13.02,262,0.6344,1,0.0,0,1.2542,2,2.7147,0,1.0,2,0.0,0,0,1,7.339117107450821,-0.43136182846868376,-0.9255741298516802,-0.6954106598300887,-0.669870038658804,-1.155443284457052,-0.055509171507291795,-0.37234730701128815
9037,1500,8000.0,4000.0,8.987196820661973,8.294049640102028,Freiberg,Germany,land north sea,50.9,13.33,348,3.0935,3,1.8,3,2.5196,3,3.1911,2,1.0,2,1.5,3,0,1,8.584488817818025,0.4027080028439478,0.1871083507165757,0.46490937370663227,0.1282396406592864,-0.5582089166950241,-0.055509171507291795,1.1170419210338645
9045,1500,1000.0,1000.0,6.907755278982137,6.907755278982137,Glauchau,Germany,land north sea,50.82,12.53,266,1.6519,2,0.0,0,1.4556,2,2.6775,0,0.0,1,0.0,0,0,1,7.339117107450821,-0.43136182846868376,-0.46518031749016564,-0.6954106598300887,-0.5428435731817506,-1.2020787136777642,-0.16981822983744027,-0.37234730701128815
9047,1500,2000.0,1000.0,7.600902459542082,6.907755278982137,Grimma,Germany,river north sea,51.23,12.72,128,3.932,3,1.8,1,3.9781,2,2.981,0,0.0,1,0.0,0,0,1,7.339117107450821,0.26178535209126164,0.5665090501417647,0.46490937370663227,1.048140831812625,-0.8215988005464141,-0.16981822983744027,-0.37234730701128815
9049,1500,2000.0,1000.0,7.600902459542082,6.907755278982137,Grossenhain,Germany,river north sea,51.28,13.52,115,3.0985,3,1.8,3,2.8822,3,3.4345,2,1.0,2,0.5,1,0,1,7.339117107450821,0.26178535209126164,0.18937072817289757,0.46490937370663227,0.3569377359024819,-0.2530728018476743,-0.055509171507291795,0.12411576900376273
9070,1500,7000.0,3000.0,8.85366542803745,8.006367567650246,Leipzig,Germany,river north sea,51.32,12.37,110,3.9996,3,4.5,3,4.6645,2,3.7957,2,1.0,2,0.0,0,0,1,8.326050837646314,0.5276145903911367,0.5970963933512373,2.2053894240117136,1.481065190816843,0.19974217219859897,-0.055509171507291795,-0.37234730701128815
9082,1500,3000.0,1000.0,8.006367567650246,6.907755278982137,Marienberg,Germany,land north sea,50.65,13.17,620,0.2643,0,0.0,0,0.0,0,1.6427,1,1.0,2,0.0,0,0,1,7.339117107450821,0.6672504601994254,-1.09303530916863,-0.6954106598300887,-1.4609156841469886,-2.4993459759786596,-0.055509171507291795,-0.37234730701128815
9087,1500,2000.0,1000.0,7.600902459542082,6.907755278982137,Meissen,Germany,river north sea,51.17,13.47,106,1.6029,2,1.5,0,2.9201,2,4.1294,2,1.0,2,0.5,1,0,1,7.339117107450821,0.26178535209126164,-0.4873516165621206,0.2715227014505121,0.38084192180903764,0.6180820305575176,-0.055509171507291795,0.12411576900376273
9088,1500,3000.0,1000.0,8.006367567650246,6.907755278982137,Mittweida,Germany,river north sea,50.98,12.98,280,1.6562,2,0.3,1,1.2542,2,2.751,2,1.0,2,2.0,3,0,1,7.339117107450821,0.6672504601994254,-0.4632346728777288,-0.5020239875739685,-0.669870038658804,-1.109936131749744,-0.055509171507291795,1.6135049970489155
9113,1500,1000.0,1000.0,6.907755278982137,6.907755278982137,Pirna,Germany,river north sea,50.97,13.97,118,3.0428,3,1.8,3,3.0024,3,2.9484,2,1.0,2,2.0,3,0,1,7.339117107450821,-0.43136182846868376,0.16416784330947126,0.46490937370663227,0.4327499561127194,-0.8624674831430599,-0.055509171507291795,1.6135049970489155
9115,1500,1000.0,1000.0,6.907755278982137,6.907755278982137,Plauen,Germany,river north sea,50.5,12.13,412,1.5641,2,0.0,0,3.126,2,3.1518,0,0.0,1,0.0,0,0,1,7.339117107450821,-0.43136182846868376,-0.5049076656231788,-0.6954106598300887,0.510706615164178,-0.6074769911136799,-0.16981822983744027,-0.37234730701128815
9122,1500,1000.0,1000.0,6.907755278982137,6.907755278982137,Reichenbach,Germany,land north sea,50.62,12.3,380,2.8,3,0.3,1,3.2522,2,2.7549,0,53.0,2,0.5,1,0,1,7.339117107450821,-0.43136182846868376,0.054306794030477765,-0.5020239875739685,0.5903031392118651,-1.1050469335249915,5.8885618616604285,0.12411576900376273
9133,1500,2000.0,1000.0,7.600902459542082,6.907755278982137,Schneeberg,Germany,land north sea,50.6,12.63,470,2.0878,2,0.0,0,0.769,2,1.3456,0,1.0,2,0.0,0,0,1,7.339117107450821,0.26178535209126164,-0.267946250848019,-0.6954106598300887,-0.9758940756472166,-2.8718025894591355,-0.055509171507291795,-0.37234730701128815
9159,1500,5000.0,5000.0,8.517193191416238,8.517193191416238,Zittau,Germany,river baltic,50.9,14.83,242,1.5651,2,1.5,3,1.9884,3,4.2685,1,53.0,2,0.5,1,0,1,8.784948888890591,-0.2677556974743531,-0.5044551901319145,0.2715227014505121,-0.20679739241623887,0.7924634339070099,5.8885618616604285,0.12411576900376273
9163,1500,4000.0,2000.0,8.294049640102028,7.600902459542082,Zwickau,Germany,river north sea,50.73,12.48,267,3.1262,3,0.0,0,3.2447,2,2.7938,2,0.0,1,1.5,3,0,1,7.961802962634423,0.3322466774676043,0.20190429928092105,-0.6954106598300887,0.5855727594150532,-1.0562803153345155,-0.16981822983744027,1.1170419210338645
10002,1500,3000.0,3000.0,8.006367567650246,8.006367567650246,Altenburg,Germany,river north sea,50.98,12.43,227,2.2013,2,3.0,2,3.844,3,3.5701,1,0.0,1,0.0,0,0,1,8.326050837646314,-0.31968326999606766,-0.21659028258951113,1.2384560627311128,0.9635616410456296,-0.0830791404947543,-0.16981822983744027,-0.37234730701128815
10019,1500,4000.0,1000.0,8.294049640102028,6.907755278982137,Eisenach,Germany,river north sea,50.98,10.32,215,2.1756,2,1.8,1,4.234,2,2.2888,2,0.0,1,0.0,0,0,1,7.339117107450821,0.954932532651207,-0.22821890271500572,0.46490937370663227,1.2095413904798444,-1.689368803411392,-0.16981822983744027,-0.37234730701128815
10028,1500,3000.0,3000.0,8.006367567650246,8.006367567650246,Gotha,Germany,land north sea,50.95,10.72,290,3.2417,3,0.0,0,4.1908,2,4.3688,1,0.0,1,0.0,0,0,1,8.326050837646314,-0.31968326999606766,0.2541652185219578,-0.6954106598300887,1.1822944028502085,0.9182035831230705,-0.16981822983744027,-0.37234730701128815
10039,1500,1000.0,1000.0,6.907755278982137,6.907755278982137,Iena,Germany,river north sea,50.93,11.58,143,3.2012,3,3.3,2,4.3555,3,3.6346,0,0.0,1,0.0,0,0,1,7.339117107450821,-0.43136182846868376,0.2358399611257502,1.4318427349872327,1.286173543188196,-0.002219323700777261,-0.16981822983744027,-0.37234730701128815
10053,1500,2000.0,1000.0,7.600902459542082,6.907755278982137,Meiningen,Germany,river north sea,50.57,10.42,287,2.1436,2,1.5,0,4.2173,2,3.7498,0,0.0,1,0.0,0,0,1,7.339117107450821,0.26178535209126164,-0.24269811843546613,0.2715227014505121,1.1990084114656099,0.14220007001497784,-0.16981822983744027,-0.37234730701128815
10098,1500,2000.0,1000.0,7.600902459542082,6.907755278982137,Weimar,Germany,river north sea,50.98,11.32,208,3.248,3,1.8,1,4.2761,2,3.4413,0,0.0,1,1.0,2,0,1,7.339117107450821,0.26178535209126164,0.25701581411692365,0.46490937370663227,1.2360945890726145,-0.24454804596861912,-0.16981822983744027,0.6205788450188136
11008,1500,1000.0,1000.0,6.907755278982137,6.907755278982137,Aschersleben,Germany,land north sea,51.75,11.45,114,2.1036,2,1.0,2,4.5307,2,4.2442,0,0.0,1,0.0,0,0,1,7.339117107450821,-0.43136182846868376,-0.26079713808604166,-0.050788418976354825,1.3966752152417201,0.7619999680450926,-0.16981822983744027,-0.37234730701128815
11013,1500,3000.0,1000.0,8.006367567650246,6.907755278982137,Bernburg,Germany,river north sea,51.8,11.73,85,3.8325,3,0.0,0,4.7195,2,3.1616,2,1.0,2,0.0,0,0,1,7.339117107450821,0.6672504601994254,0.5214877387609581,-0.6954106598300887,1.5157546426601296,-0.5951913135232775,-0.055509171507291795,-0.37234730701128815
11020,1500,2000.0,1000.0,7.600902459542082,6.907755278982137,Burg,Germany,river north sea,52.28,11.85,54,2.7265,3,0.0,0,4.3379,2,4.1606,1,0.0,1,0.0,0,0,1,7.339117107450821,0.26178535209126164,0.02104984542254542,-0.6954106598300887,1.2750729185983443,0.6571956163555337,-0.16981822983744027,-0.37234730701128815
11028,1500,2000.0,1000.0,7.600902459542082,6.907755278982137,Dessau,Germany,river north sea,51.83,12.23,60,0.6616,1,0.0,0,4.3385,2,3.0658,1,0.0,1,0.0,0,0,1,7.339117107450821,0.26178535209126164,-0.9132667964892888,-0.6954106598300887,1.275451348982089,-0.7152900801723168,-0.16981822983744027,-0.37234730701128815
11034,1500,1000.0,1000.0,6.907755278982137,6.907755278982137,Eilenburg,Germany,river north sea,51.45,12.62,106,2.2438,2,0.0,0,3.7962,2,3.881,0,0.0,1,0.5,1,0,1,7.339117107450821,-0.43136182846868376,-0.19736007421077467,-0.6954106598300887,0.9334133538072822,0.30667771285792056,-0.16981822983744027,0.12411576900376273
11035,1500,9000.0,4000.0,9.104979856318357,8.294049640102028,Eisleben,Germany,river north sea,51.52,11.53,114,0.6477,1,1.5,0,4.4981,2,4.3541,2,0.0,1,0.0,0,0,1,8.584488817818025,0.5204910385003316,-0.9195562058178638,0.2715227014505121,1.3761138310582446,0.8997750667374659,-0.16981822983744027,-0.37234730701128815
11039,1500,19000.0,11000.0,9.852194258148577,9.305650551780507,Erfurt,Germany,river north sea,50.97,11.02,194,1.7989,2,6.5,3,4.2469,3,4.5155,3,1.5,2,0.0,0,0,1,9.493256243351182,0.3589380147973955,-0.39866642027430066,3.4946339057191813,1.2176776437303607,1.1021126548079772,0.0016453576577824412,-0.37234730701128815
11058,1500,10000.0,4000.0,9.210340371976184,8.294049640102028,Halberstadt,Germany,river north sea,51.9,11.07,120,3.045,3,2.8,2,4.017,2,3.3694,3,0.0,1,0.5,1,0,1,8.584488817818025,0.6258515541581584,0.1651632893902528,1.109531614560366,1.0726757350254226,-0.3346848029839208,-0.16981822983744027,0.12411576900376273
11060,1500,7000.0,3000.0,8.85366542803745,8.006367567650246,Halle,Germany,river north sea,51.48,11.97,105,3.2197,3,4.3,3,4.5587,2,4.7109,2,0.0,1,0.0,0,0,1,8.326050837646314,0.5276145903911367,0.24421075771414136,2.076464975840967,1.414335299816484,1.3470740222737618,-0.16981822983744027,-0.37234730701128815
11081,1500,1000.0,1000.0,6.907755278982137,6.907755278982137,Koethen,Germany,land north sea,51.75,11.97,80,1.6664,2,0.0,0,4.2155,2,3.2953,0,0.0,1,0.0,0,0,1,7.339117107450821,-0.43136182846868376,-0.45861942286683194,-0.6954106598300887,1.1978731203143749,-0.4275795692542111,-0.16981822983744027,-0.37234730701128815
11084,1500,4000.0,5000.0,8.294049640102028,8.517193191416238,Langensalza,Germany,river north sea,51.12,10.67,185,3.2241,3,0.3,1,4.3057,2,4.1846,1,1.0,2,0.0,0,0,1,8.784948888890591,-0.4908992487885637,0.24620164987570464,-0.5020239875739685,1.2547638213373653,0.687282990046316,-0.055509171507291795,-0.37234730701128815
11094,1500,18000.0,10000.0,9.798127036878302,9.210340371976184,Magdeburg,Germany,river north sea,52.12,11.63,42,3.7469,3,6.5,3,4.631,3,4.2604,3,0.0,1,0.0,0,0,1,9.407634744074196,0.39049229280410636,0.48275583670872657,3.4946339057191813,1.4599361610577501,0.7823089452863701,-0.16981822983744027,-0.37234730701128815
11096,1500,5000.0,3000.0,8.517193191416238,8.006367567650246,Merseburg,Germany,river north sea,51.35,11.98,88,1.7338,2,1.3,2,4.3685,2,3.9186,2,0.0,1,0.5,1,0,1,8.326050837646314,0.1911423537699246,-0.4281225747556123,0.14259825327976536,1.2943728681693363,0.3538145983068131,-0.16981822983744027,0.12411576900376273
11101,1500,5000.0,1000.0,8.517193191416238,6.907755278982137,Naumburg,Germany,river north sea,51.15,11.8,130,3.1889,3,5.5,3,4.3992,3,3.2028,2,0.0,1,1.5,3,0,1,7.339117107450821,1.1780760839654176,0.23027451258319814,2.8500116648654474,1.313735889470953,-0.543541322020768,-0.16981822983744027,1.1170419210338645
11104,1500,6000.0,3000.0,8.699514748210191,8.006367567650246,Nordhausen,Germany,river north sea,51.5,10.78,180,7.149,3,2.8,2,4.2459,2,3.6274,2,-2.0,0,0.0,0,0,1,8.326050837646314,0.37346391056387773,2.0221227055393,1.109531614560366,1.217046926424119,-0.0112455358080115,-0.3984363464977372,-0.37234730701128815
11114,1500,5000.0,2000.0,8.517193191416238,7.600902459542082,Quedlinburg,Germany,land north sea,51.8,11.15,123,3.0739,3,1.3,2,4.1627,2,3.317,2,0.0,1,0.0,0,0,1,7.961802962634423,0.5553902287818149,0.17823983108779368,0.14259825327976536,1.16457124654482,-0.40037556887546205,-0.16981822983744027,-0.37234730701128815
11121,1500,5000.0,2000.0,8.517193191416238,7.600902459542082,Salzwedel,Germany,river north sea,52.86,11.15,19,1.9196,2,2.5,2,4.5808,2,3.6695,2,2.0,2,0.0,0,0,1,7.961802962634423,0.5553902287818149,-0.34405262847868906,0.9161449423042459,1.428274152284423,0.04153273220790241,0.058799886822856674,-0.37234730701128815
11145,1500,6000.0,6000.0,8.699514748210191,8.699514748210191,Stendal,Germany,river north sea,52.6,11.85,32,3.6374,3,1.3,2,4.2876,2,3.8461,2,2.0,2,0.0,0,0,1,8.948736692829918,-0.2492219446197268,0.4332097704152761,0.14259825327976536,1.243347838094393,0.2629256569492414,0.058799886822856674,-0.37234730701128815
11148,1500,2000.0,1000.0,7.600902459542082,6.907755278982137,Suhl,Germany,land north sea,50.62,10.72,422,1.6807,2,0.0,0,2.1948,2,3.5033,0,0.0,1,0.0,0,0,1,7.339117107450821,0.26178535209126164,-0.4521490233417512,-0.6954106598300887,-0.07661734040797763,-0.16682233060076518,-0.16981822983744027,-0.37234730701128815
11155,1500,3000.0,2000.0,8.006367567650246,7.600902459542082,Torgau,Germany,river north sea,51.57,13.0,78,3.1749,3,0.0,0,4.0874,2,3.844,2,0.0,1,0.5,1,0,1,7.961802962634423,0.0445646050158226,0.22393985570549682,-0.6954106598300887,1.117078233384829,0.260293011751298,-0.16981822983744027,0.12411576900376273
11161,1500,1000.0,1000.0,6.907755278982137,6.907755278982137,Weissenfels,Germany,river north sea,51.2,11.97,100,2.2199,2,3.3,3,4.4312,3,3.0521,0,1.0,2,0.0,0,0,1,7.339117107450821,-0.43136182846868376,-0.20817423845199345,1.4318427349872327,1.333918843270683,-0.7324649559874717,-0.055509171507291795,-0.37234730701128815
11167,1500,2000.0,2000.0,7.600902459542082,7.600902459542082,Wittenberg,Germany,river north sea,51.87,12.65,75,2.8461,3,1.5,3,3.9034,3,3.289,1,0.0,1,0.0,0,0,1,7.961802962634423,-0.3609005030923411,0.07516591417776605,0.2715227014505121,1.0010262490363793,-0.4354775048480414,-0.16981822983744027,-0.37234730701128815
11172,1500,2000.0,1000.0,7.600902459542082,6.907755278982137,Zeitz,Germany,river north sea,51.05,12.13,160,3.9094,3,4.8,3,4.2154,3,3.7543,0,0.0,1,0.0,0,0,1,7.339117107450821,0.26178535209126164,0.5562831040391896,2.3987760962678335,1.1978100485837508,0.1478414525819997,-0.16981822983744027,-0.37234730701128815
11173,1500,6000.0,5000.0,8.699514748210191,8.517193191416238,Zerbst,Germany,river north sea,51.97,12.1,67,3.8195,3,3.0,2,4.0062,2,3.8195,2,0.0,1,0.0,0,0,1,8.784948888890591,-0.0854341406804,0.5156055573745211,1.2384560627311128,1.0658639881180132,0.22957881777529143,-0.16981822983744027,-0.37234730701128815
12016,1500,18000.0,18000.0,9.798127036878302,9.798127036878302,Braunschweig,Germany,river north sea,52.25,10.5,71,2.9324,3,4.3,3,4.7352,2,4.0112,2,0.0,1,1.0,1,0,1,9.935670423025414,-0.1375433861471116,0.11421454907388273,2.076464975840967,1.5256569043681223,0.4699017151304141,-0.16981822983744027,0.6205788450188136
12017,1500,18000.0,7000.0,9.798127036878302,8.85366542803745,Bremen,Germany,river north sea,53.08,8.8,3,2.8,3,5.8,3,4.3743,3,4.6725,3,0.0,1,0.0,0,0,1,9.087217307896156,0.7109097289821467,0.054306794030477765,3.0433983371215674,1.2980310285455374,1.2989342243685111,-0.16981822983744027,-0.37234730701128815
12024,1500,1000.0,1000.0,6.907755278982137,6.907755278982137,Celle,Germany,river north sea,52.62,10.08,40,2.8137,3,4.0,3,4.6739,3,4.6299,1,0.0,1,0.0,0,0,1,7.339117107450821,-0.43136182846868376,0.0605057082607999,1.8830783035848466,1.4869939334955136,1.2455291360673724,-0.16981822983744027,-0.37234730701128815
12033,1500,7000.0,3000.0,8.85366542803745,8.006367567650246,Einbeck,Germany,land north sea,51.82,9.87,112,2.9915,3,2.5,2,4.4855,2,3.1102,2,0.0,1,1.0,1,0,1,8.326050837646314,0.5276145903911367,0.140955850607608,0.9161449423042459,1.3681667929996009,-0.6596284388443696,-0.16981822983744027,0.6205788450188136
12037,1500,5000.0,2000.0,8.517193191416238,7.600902459542082,Emden,Germany,north sea + river,53.37,7.2,2,1.8,2,4.5,3,4.3496,3,5.0191,2,1.0,2,0.0,0,0,1,7.961802962634423,0.5553902287818149,-0.3981686972339098,2.2053894240117136,1.2824523110813704,1.7334460460862244,-0.055509171507291795,-0.37234730701128815
12048,1500,7000.0,5000.0,8.85366542803745,8.517193191416238,Goettingen,Germany,land north sea,51.53,9.95,150,3.0546,3,4.0,3,4.5906,2,3.9551,2,1.0,2,0.0,0,0,1,8.784948888890591,0.06871653914685893,0.16950705410639105,1.8830783035848466,1.4344551818855906,0.3995724791282108,-0.055509171507291795,-0.37234730701128815
12049,1500,12000.0,6000.0,9.392661928770137,8.699514748210191,Goslar,Germany,river north sea,51.9,10.42,406,7.0217,3,4.0,3,4.934,2,3.6299,3,-2.0,0,0.5,1,0,1,8.948736692829918,0.4439252359402186,1.9645225755013433,1.8830783035848466,1.6510435048489478,-0.008111434381888416,-0.3984363464977372,0.12411576900376273
12052,1500,1000.0,1000.0,6.907755278982137,6.907755278982137,Hameln,Germany,river north sea,52.1,9.35,68,2.8735,3,4.3,3,5.0953,2,4.5866,1,0.0,1,0.0,0,0,1,7.339117107450821,-0.43136182846868376,0.08756374263841031,2.076464975840967,1.7527782063457138,1.191246499366919,-0.16981822983744027,-0.37234730701128815
12053,1500,6000.0,5000.0,8.699514748210191,8.517193191416238,Hannover,Germany,river north sea,52.4,9.73,53,1.353,2,2.8,2,4.8328,2,3.8821,2,0.0,1,3.0,2,0,1,8.784948888890591,-0.0854341406804,-0.6004252418290911,1.109531614560366,1.5872149134573,0.30805671748541485,-0.16981822983744027,2.6064311490790173
12059,1500,2000.0,1000.0,7.600902459542082,6.907755278982137,Helmstedt,Germany,land north sea,52.22,11.0,123,1.4597,2,1.3,2,4.3334,2,3.9913,0,2.0,2,0.0,0,0,1,7.339117107450821,0.26178535209126164,-0.5521461069111809,0.14259825327976536,1.272234690720257,0.4449542677784741,0.058799886822856674,-0.37234730701128815
12062,1500,10000.0,6000.0,9.210340371976184,8.699514748210191,Hildesheim,Germany,river north sea,52.15,9.95,129,1.9239,2,4.3,3,4.4669,3,4.0956,3,0.0,1,0.0,0,0,1,8.948736692829918,0.2616036791462655,-0.3421069838662522,2.076464975840967,1.3564354511035073,0.5757089792763324,-0.16981822983744027,-0.37234730701128815
12071,1500,3000.0,1000.0,8.006367567650246,6.907755278982137,Leer,Germany,river north sea,53.23,7.43,3,0.3,1,0.0,0,2.6056,2,4.9336,2,1.0,2,0.0,0,0,1,7.339117107450821,0.6672504601994254,-1.0768819341304914,-0.6954106598300887,0.18248132899606184,1.626259777312813,-0.055509171507291795,-0.37234730701128815
12076,1500,12000.0,5000.0,9.392661928770137,8.517193191416238,Lueneburg,Germany,river north sea,53.25,10.42,16,8.9315,3,5.5,3,4.3614,3,4.3752,3,-3.0,0,0.0,0,0,1,8.784948888890591,0.6077130398795454,2.8286602687180706,2.8500116648654474,1.289894775295021,0.926226882773946,-0.5127454048278857,-0.37234730701128815
12085,1500,2000.0,1000.0,7.600902459542082,6.907755278982137,Norden,Germany,north sea,53.6,7.2,7,0.3,1,1.5,0,3.5912,2,3.1871,0,0.0,1,0.0,0,0,1,7.339117107450821,0.26178535209126164,-1.0768819341304914,0.2715227014505121,0.8041163060277594,-0.5632234789768212,-0.16981822983744027,-0.37234730701128815
12091,1500,2000.0,2000.0,7.600902459542082,7.600902459542082,Oldenburg,Germany,river north sea,53.15,8.22,5,1.8,2,4.8,3,3.7899,3,3.9009,0,0.0,1,3.5,3,0,1,7.961802962634423,-0.3609005030923411,-0.3981686972339098,2.3987760962678335,0.9294398347779603,0.33162516020986116,-0.16981822983744027,3.102894225094068
12092,1500,6000.0,5000.0,8.699514748210191,8.517193191416238,Osnabrueck,Germany,river north sea,52.27,8.03,65,1.3834,2,4.3,3,4.0941,3,4.4209,2,0.0,1,0.0,0,0,1,8.784948888890591,-0.0854341406804,-0.5866699868946538,2.076464975840967,1.121304039336648,0.9835182568434763,-0.16981822983744027,-0.37234730701128815
12109,1500,1000.0,1000.0,6.907755278982137,6.907755278982137,Salzgitter,Germany,land north sea,52.15,10.4,90,1.9819,2,0.3,1,4.7928,2,4.1647,1,0.0,1,3.0,3,0,1,7.339117107450821,-0.43136182846868376,-0.3158634053729177,-0.5020239875739685,1.561986221207637,0.6623355426943759,-0.16981822983744027,2.6064311490790173
12118,1500,2000.0,1000.0,7.600902459542082,6.907755278982137,Stade,Germany,north sea + river,53.6,9.47,9,2.8425,3,5.8,3,4.8805,3,4.2786,1,0.0,1,0.0,0,0,1,7.339117107450821,0.26178535209126164,0.07353700240921424,3.0433983371215674,1.617300128965023,0.8051252036685469,-0.16981822983744027,-0.37234730701128815
12127,1500,2000.0,1000.0,7.600902459542082,6.907755278982137,Verden,Germany,river north sea,52.92,9.22,20,6.8,3,3.3,2,4.0115,2,5.0109,1,-2.0,0,0.5,1,0,1,7.339117107450821,0.26178535209126164,1.8642087590880285,1.4318427349872327,1.0692067898410935,1.723166193408541,-0.3984363464977372,0.12411576900376273
12138,1500,2000.0,1000.0,7.600902459542082,6.907755278982137,Wolfenbuettel,Germany,land north sea,52.17,10.53,77,0.4598,1,0.0,0,2.8848,2,3.5661,1,2.0,2,0.0,0,0,1,7.339117107450821,0.26178535209126164,-1.0045763506264422,-0.6954106598300887,0.3585776008987098,-0.08809370277655135,0.058799886822856674,-0.37234730701128815
13009,1500,1000.0,1000.0,6.907755278982137,6.907755278982137,Beckum,Germany,land north sea,51.75,8.03,100,3.005,3,1.0,2,4.1083,2,3.181,0,0.0,1,0.0,0,0,1,7.339117107450821,-0.43136182846868376,0.14706426973967726,-0.050788418976354825,1.1302602250852782,-0.5708706864565617,-0.16981822983744027,-0.37234730701128815
13014,1500,2000.0,1000.0,7.600902459542082,6.907755278982137,Bielefeld,Germany,land north sea,52.02,8.52,118,1.3942,2,2.8,2,4.0961,2,3.4152,0,0.0,1,0.0,0,0,1,7.339117107450821,0.26178535209126164,-0.5817832515889982,1.109531614560366,1.1225654739491309,-0.27726806485734484,-0.16981822983744027,-0.37234730701128815
13019,1500,1000.0,1000.0,6.907755278982137,6.907755278982137,Bochum,Germany,land north sea,51.47,7.08,100,0.642,1,1.3,2,4.3903,2,3.6092,0,0.0,1,0.0,0,0,1,7.339117107450821,-0.43136182846868376,-0.9221353161180708,0.14259825327976536,1.3081225054454027,-0.034061794190188316,-0.16981822983744027,-0.37234730701128815
13025,1500,1000.0,1000.0,6.907755278982137,6.907755278982137,Bottrop,Germany,land north sea,51.52,6.92,55,0.637,1,0.3,1,2.7459,2,3.0461,1,0.0,1,0.0,0,0,1,7.339117107450821,-0.43136182846868376,-0.9243976935743927,-0.5020239875739685,0.2709709670617549,-0.739986799410167,-0.16981822983744027,-0.37234730701128815
13034,1500,1000.0,1000.0,6.907755278982137,6.907755278982137,Coesfeld,Germany,river north sea,51.93,7.17,89,2.0177,2,1.0,2,4.2149,2,4.1717,0,0.0,1,0.0,0,0,1,7.339117107450821,-0.43136182846868376,-0.2996647827856526,-0.050788418976354825,1.1974946899306302,0.6711110266875214,-0.16981822983744027,-0.37234730701128815
13039,1500,8000.0,9000.0,8.987196820661973,9.104979856318357,Dortmund,Germany,land north sea,51.52,7.47,86,7.1173,3,5.0,3,4.3223,3,3.8523,1,-2.0,0,0.0,0,0,1,9.312984567841811,-0.32578774717983805,2.007779232466219,2.5277005444385803,1.2652337286209756,0.2706982284860271,-0.3984363464977372,-0.37234730701128815
13067,1500,2000.0,2000.0,7.600902459542082,7.600902459542082,Hamm,Germany,river north sea,51.67,7.82,63,3.046,3,1.0,2,4.4692,2,3.0051,1,0.0,1,0.0,0,0,1,7.961802962634423,-0.3609005030923411,0.16561576488151714,-0.050788418976354825,1.3578861009078629,-0.7913860627985866,-0.16981822983744027,-0.37234730701128815
13069,1500,1000.0,1000.0,6.907755278982137,6.907755278982137,Hattingen,Germany,river north sea,51.4,7.18,90,2.1659,2,1.3,2,2.4656,2,3.38,0,0.0,1,0.5,1,0,1,7.339117107450821,-0.43136182846868376,-0.2326079149802703,0.14259825327976536,0.09418090612224113,-0.321396212937159,-0.16981822983744027,0.12411576900376273
13073,1500,2000.0,2000.0,7.600902459542082,7.600902459542082,Herford,Germany,river north sea,52.1,8.67,65,6.8584,3,1.3,2,4.5018,2,3.9702,0,-2.0,0,0.0,0,0,1,7.961802962634423,-0.3609005030923411,1.8906333277778686,0.14259825327976536,1.3784474850913386,0.4185024517419951,-0.3984363464977372,-0.37234730701128815
13082,1500,1000.0,1000.0,6.907755278982137,6.907755278982137,Ibbenbueren,Germany,river north sea,52.27,7.72,70,0.406,1,0.0,0,2.3808,2,3.3442,0,0.0,1,0.0,0,0,1,7.339117107450821,-0.43136182846868376,-1.0289195320564661,-0.6954106598300887,0.040696078552955484,-0.3662765453592426,-0.16981822983744027,-0.37234730701128815
13083,1500,2000.0,1000.0,7.600902459542082,6.907755278982137,Iserlohn,Germany,land north sea,51.37,7.68,247,2.1229,2,1.0,2,3.7136,2,3.2364,0,0.0,1,0.0,0,0,1,7.339117107450821,0.26178535209126164,-0.25206436110463903,-0.050788418976354825,0.8813161043117281,-0.5014189988536725,-0.16981822983744027,-0.37234730701128815
13094,1500,3000.0,1000.0,8.006367567650246,6.907755278982137,Lippstadt,Germany,river north sea,51.67,8.32,79,2.9843,3,2.8,2,3.7907,2,2.9432,2,0.0,1,0.0,0,0,1,7.339117107450821,0.6672504601994254,0.13769802707050458,1.109531614560366,0.9299444086229538,-0.8689864141093959,-0.16981822983744027,-0.37234730701128815
13104,1500,4000.0,2000.0,8.294049640102028,7.600902459542082,Minden,Germany,river north sea,52.28,8.92,42,1.3,2,6.5,3,4.7373,3,4.369,2,0.0,1,0.0,0,0,1,7.961802962634423,0.3322466774676043,-0.6244064428661036,3.4946339057191813,1.5269814107112298,0.9184543112371598,-0.16981822983744027,-0.37234730701128815
13105,1500,10000.0,11000.0,9.210340371976184,9.305650551780507,Muenster,Germany,river north sea,51.95,7.62,55,1.4928,2,1.3,2,4.1194,2,4.2896,2,0.0,1,0.0,0,0,1,9.493256243351182,-0.28291587137499796,-0.5371691681503298,0.14259825327976536,1.1372611871845595,0.8189152499434889,-0.16981822983744027,-0.37234730701128815
13117,1500,4000.0,4000.0,8.294049640102028,8.294049640102028,Paderborn,Germany,land north sea,51.72,8.75,110,1.4197,2,2.8,2,4.2208,2,4.0555,1,0.0,1,0.0,0,0,1,8.584488817818025,-0.2904391777159976,-0.5702451265617564,1.109531614560366,1.2012159220374554,0.5254379924013173,-0.16981822983744027,-0.37234730701128815
13123,1500,1000.0,1000.0,6.907755278982137,6.907755278982137,Recklinghausen,Germany,land north sea,51.58,7.2,85,3.1074,3,1.3,2,4.5161,2,3.3418,1,0.0,1,0.0,0,0,1,7.339117107450821,-0.43136182846868376,0.1933977600451507,0.14259825327976536,1.3874667425705929,-0.3692852827283205,-0.16981822983744027,-0.37234730701128815
13125,1500,1000.0,1000.0,6.907755278982137,6.907755278982137,Rheine,Germany,river north sea,52.28,7.43,35,1.918,2,2.8,2,4.9199,2,4.4737,1,0.0,1,0.0,0,0,1,7.339117107450821,-0.43136182846868376,-0.3447765892647121,1.109531614560366,1.6421503908309414,1.0497104789631977,-0.16981822983744027,-0.37234730701128815
13137,1500,3000.0,2000.0,8.006367567650246,7.600902459542082,Siegen,Germany,land north sea,50.87,8.03,267,0.6126,1,0.0,0,1.9931,2,3.4726,2,0.0,1,0.0,0,0,1,7.961802962634423,0.0445646050158226,-0.9354380955612437,-0.6954106598300887,-0.20383302107690338,-0.2053090961135574,-0.16981822983744027,-0.37234730701128815
13138,1500,10000.0,8000.0,9.210340371976184,8.987196820661973,Soest,Germany,land north sea,51.57,8.12,101,4.0337,2,4.0,3,3.6103,3,4.1662,3,-1.0,1,0.0,0,0,1,9.20717467300163,0.0031656989745538766,0.6125258076033527,1.8830783035848466,0.8161630065769734,0.6642160035500498,-0.2841272881675887,-0.37234730701128815
13143,1500,3000.0,1000.0,8.006367567650246,6.907755278982137,Unna,Germany,land north sea,51.53,7.68,100,3.091,3,1.3,2,4.5325,2,3.5857,2,0.0,1,0.5,1,0,1,7.339117107450821,0.6672504601994254,0.18597716198841474,0.14259825327976536,1.3978105063929547,-0.06352234759574577,-0.16981822983744027,0.12411576900376273
13150,1500,2000.0,1000.0,7.600902459542082,6.907755278982137,Warburg,Germany,river north sea,51.48,9.17,230,1.9423,2,2.8,2,4.0472,2,3.4932,0,0.0,1,0.0,0,0,1,7.339117107450821,0.26178535209126164,-0.33378143482698747,1.109531614560366,1.091723397673918,-0.1794841003623027,-0.16981822983744027,-0.37234730701128815
14001,1500,18000.0,10000.0,9.798127036878302,9.210340371976184,Aachen,Germany,land north sea,50.78,6.08,176,7.1397,3,0.3,1,3.9574,2,4.8811,3,-2.0,0,2.0,3,0,1,9.407634744074196,0.39049229280410636,2.0179146834705413,-0.5020239875739685,1.0350849835734244,1.5604436473642265,-0.3984363464977372,1.6135049970489155
14012,1500,3000.0,3000.0,8.006367567650246,8.006367567650246,Bonn,Germany,river north sea,50.73,7.08,54,2.2384,2,0.3,1,1.6349,2,4.8353,2,0.0,1,0.5,1,0,1,8.326050837646314,-0.31968326999606766,-0.1998034418636023,-0.5020239875739685,-0.42975596017263595,1.5030269092376505,-0.16981822983744027,0.12411576900376273
14018,1500,3000.0,2000.0,8.006367567650246,7.600902459542082,Dueren,Germany,river north sea,50.8,6.5,125,1.7081,2,0.3,1,1.6785,2,4.3586,2,0.0,1,0.5,1,0,1,7.961802962634423,0.0445646050158226,-0.4397511948811071,-0.5020239875739685,-0.4022566856205032,0.9054164493044878,-0.16981822983744027,0.12411576900376273
14019,1500,2000.0,2000.0,7.600902459542082,7.600902459542082,Duesseldorf,Germany,river north sea,51.2,6.78,37,2.2143,2,3.3,2,5.0,2,3.2885,2,0.0,1,0.5,1,0,1,7.961802962634423,-0.3609005030923411,-0.21070810120307393,1.4318427349872327,1.6926708470608915,-0.43610432513326625,-0.16981822983744027,0.12411576900376273
14022,1500,2000.0,1000.0,7.600902459542082,6.907755278982137,Duisburg,Germany,river north sea,51.42,6.77,33,3.1581,3,3.5,3,5.0862,3,4.0595,2,0.0,1,0.0,0,0,1,7.339117107450821,0.26178535209126164,0.21633826745225512,1.5607671831579797,1.7470386788589154,0.5304525546831137,-0.16981822983744027,-0.37234730701128815
14026,1500,4000.0,2000.0,8.294049640102028,7.600902459542082,Emmerich,Germany,river north sea,51.83,6.27,17,2.0221,2,1.0,2,5.2551,2,5.7548,2,0.0,1,0.0,0,0,1,7.961802962634423,0.3322466774676043,-0.29767389062408933,-0.050788418976354825,1.8535668318831175,2.6557494137657462,-0.16981822983744027,-0.37234730701128815
14028,1500,1000.0,1000.0,6.907755278982137,6.907755278982137,Eschweiler,Germany,river north sea,50.82,6.27,135,0.6738,1,0.0,0,1.8956,2,3.9775,0,0.0,1,0.0,0,0,1,7.339117107450821,-0.43136182846868376,-0.9077465954958632,-0.6954106598300887,-0.26532795843545715,0.42765402790627455,-0.16981822983744027,-0.37234730701128815
14029,1500,3000.0,3000.0,8.006367567650246,8.006367567650246,Essen,Germany,land north sea,51.47,7.02,116,1.6556,2,4.3,3,4.7994,3,3.9935,2,0.0,1,1.0,2,0,1,8.326050837646314,-0.31968326999606766,-0.4635061581724874,2.076464975840967,1.5661489554288317,0.4477122770334627,-0.16981822983744027,0.6205788450188136
14031,1500,2000.0,1000.0,7.600902459542082,6.907755278982137,Werden,Germany,river north sea,51.38,7.0,58,2.1744,2,0.0,0,2.637,2,3.5909,2,0.0,1,0.0,0,0,1,7.339117107450821,0.26178535209126164,-0.22876187330452313,-0.6954106598300887,0.20228585241204738,-0.05700341662940977,-0.16981822983744027,-0.37234730701128815
14048,1500,2000.0,1000.0,7.600902459542082,6.907755278982137,Hueckeswagen,Germany,river north sea,51.13,7.33,308,0.7121,1,0.0,0,1.9832,2,3.1098,0,0.0,1,0.0,0,0,1,7.339117107450821,0.26178535209126164,-0.8904167841804371,-0.6954106598300887,-0.210077122408695,-0.6601298950725493,-0.16981822983744027,-0.37234730701128815
14059,1500,4000.0,1000.0,8.294049640102028,6.907755278982137,Kleve,Germany,river north sea,51.8,6.18,12,2.0239,2,0.3,1,3.2228,2,4.0648,2,0.0,1,0.0,0,0,1,7.339117107450821,0.954932532651207,-0.2968594347398135,-0.5020239875739685,0.5717600504083625,0.537096849706495,-0.16981822983744027,-0.37234730701128815
14060,1500,45000.0,40000.0,10.714417768752456,10.596634733096073,Koeln,Germany,river north sea,50.92,6.95,46,9.2994,3,3.5,3,4.3484,3,4.5917,3,-3.0,0,0.0,0,0,1,10.6530064544414,0.06141131431105684,2.9951260019542394,1.5607671831579797,1.2816954503138804,1.1976400662762108,-0.5127454048278857,-0.37234730701128815
14064,1500,2000.0,3000.0,7.600902459542082,8.006367567650246,Koenigswinter,Germany,river north sea,50.67,7.18,80,0.7169,1,0.0,0,1.5717,2,3.446,2,0.0,1,0.0,0,0,1,8.326050837646314,-0.7251483781042314,-0.8882449018223681,-0.6954106598300887,-0.4696172939271035,-0.23865593528750742,-0.16981822983744027,-0.37234730701128815
14070,1500,2000.0,1000.0,7.600902459542082,6.907755278982137,Leverkusen,Germany,river north sea,51.03,6.98,60,0.7741,1,0.0,0,2.7214,2,3.1096,2,0.0,1,0.0,0,0,1,7.339117107450821,0.26178535209126164,-0.8623633037220452,-0.6954106598300887,0.25551839305883645,-0.660380623186639,-0.16981822983744027,-0.37234730701128815
14073,1500,3000.0,1000.0,8.006367567650246,6.907755278982137,Mettmann,Germany,land north sea,51.25,6.97,140,0.7126,1,0.3,1,2.4948,2,3.644,2,0.0,1,0.0,0,0,1,7.339117107450821,0.6672504601994254,-0.8901905464348049,-0.5020239875739685,0.11259785146449536,0.009564897661446163,-0.16981822983744027,-0.37234730701128815
14077,1500,1000.0,1000.0,6.907755278982137,6.907755278982137,Muelheim an der Ruhr,Germany,river north sea,51.42,6.83,63,0.6621,1,0.3,1,2.9151,2,3.6358,2,0.0,1,0.0,0,0,1,7.339117107450821,-0.43136182846868376,-0.9130405587436565,-0.5020239875739685,0.3776883352778296,-0.0007149550162377569,-0.16981822983744027,-0.37234730701128815
14079,1500,2000.0,2000.0,7.600902459542082,7.600902459542082,Neuss,Germany,river north sea,51.2,6.68,40,2.2135,2,4.3,3,5.0948,2,4.8765,2,0.0,1,1.0,2,0,1,7.961802962634423,-0.3609005030923411,-0.21107008159608562,2.076464975840967,1.7524628476925932,1.55467690074016,-0.16981822983744027,0.6205788450188136
14088,1500,1000.0,1000.0,6.907755278982137,6.907755278982137,Radevormwald,Germany,land north sea,51.2,7.35,421,2.1989,2,0.3,1,2.0233,2,2.5967,0,0.0,1,0.0,0,0,1,7.339117107450821,-0.43136182846868376,-0.21767622376854553,-0.5020239875739685,-0.1847853584284079,-1.303372871770065,-0.16981822983744027,-0.37234730701128815
14091,1500,1000.0,1000.0,6.907755278982137,6.907755278982137,Remscheid,Germany,land north sea,51.18,7.18,365,0.7212,1,0.0,0,2.1892,2,2.3914,0,0.0,1,0.0,0,0,1,7.339117107450821,-0.43136182846868376,-0.8862992572099312,-0.6954106598300887,-0.08014935732293034,-1.560745280883298,-0.16981822983744027,-0.37234730701128815
14097,1500,1000.0,1000.0,6.907755278982137,6.907755278982137,Rheydt,Germany,land north sea,51.3,6.45,70,0.6893,1,0.0,0,2.6359,2,3.5645,0,0.0,1,3.0,3,0,1,7.339117107450821,-0.43136182846868376,-0.9007332253812652,-0.6954106598300887,0.2015920633751816,-0.0900995276892705,-0.16981822983744027,2.6064311490790173
14100,1500,1000.0,1000.0,6.907755278982137,6.907755278982137,Solingen,Germany,land north sea,51.17,7.08,221,2.2315,2,1.3,2,2.3318,2,3.3374,0,0.0,1,0.0,0,0,1,7.339117107450821,-0.43136182846868376,-0.2029255227533265,0.14259825327976536,0.009790930547118298,-0.3748013012382972,-0.16981822983744027,-0.37234730701128815
14104,1500,1000.0,1000.0,6.907755278982137,6.907755278982137,Velbert,Germany,land north sea,51.37,7.03,230,0.6872,1,0.0,0,2.4431,2,3.6498,2,0.0,1,0.0,0,0,1,7.339117107450821,-0.43136182846868376,-0.9016834239129204,-0.6954106598300887,0.07998976673180569,0.01683601297005163,-0.16981822983744027,-0.37234730701128815
14105,1500,2000.0,1000.0,7.600902459542082,6.907755278982137,Viersen,Germany,land north sea,51.25,6.38,41,0.6678,1,0.0,0,2.7687,2,2.7945,0,3.0,3,0.0,0,0,1,7.339117107450821,0.26178535209126164,-0.9104614484434497,-0.6954106598300887,0.2853513216440629,-1.0554027669352009,0.17310894515300515,-0.37234730701128815
14107,1500,6000.0,6000.0,8.699514748210191,8.699514748210191,Wesel,Germany,river north sea,51.67,6.63,23,3.0912,3,1.3,2,5.0367,2,3.9192,2,0.0,1,1.0,2,0,1,8.948736692829918,-0.2492219446197268,0.18606765708666761,0.14259825327976536,1.7158181721999572,0.3545667826490826,-0.16981822983744027,0.6205788450188136
14110,1500,1000.0,1000.0,6.907755278982137,6.907755278982137,Wuelfrath,Germany,land north sea,51.28,7.03,262,0.7037,1,0.0,0,2.3229,2,3.0293,0,0.0,1,0.0,0,0,1,7.339117107450821,-0.43136182846868376,-0.8942175783070581,-0.6954106598300887,0.004177546521568469,-0.7610479609937145,-0.16981822983744027,-0.37234730701128815
14113,1500,1000.0,1000.0,6.907755278982137,6.907755278982137,Barmen,Germany,river north sea,51.28,7.22,191,0.698,1,0.0,0,2.1339,2,3.0612,0,0.0,1,0.0,0,0,1,7.339117107450821,-0.43136182846868376,-0.896796688607265,-0.6954106598300887,-0.11502802435808944,-0.7210568267963833,-0.16981822983744027,-0.37234730701128815
14115,1500,2000.0,1000.0,7.600902459542082,6.907755278982137,Cronenberg,Germany,river north sea,51.2,7.13,100,0.7199,1,0.0,0,2.2314,2,3.0402,0,0.0,1,0.0,0,0,1,7.339117107450821,0.26178535209126164,-0.8868874753485749,-0.6954106598300887,-0.05353308699953597,-0.7473832787758177,-0.16981822983744027,-0.37234730701128815
14116,1500,1000.0,1000.0,6.907755278982137,6.907755278982137,Elberfeld,Germany,river north sea,51.27,7.13,210,0.7056,1,1.0,2,2.1663,2,2.6034,0,0.0,1,0.0,0,0,1,7.339117107450821,-0.43136182846868376,-0.8933578748736557,-0.050788418976354825,-0.09459278363586239,-1.2949734799480546,-0.16981822983744027,-0.37234730701128815
15015,1500,1000.0,1000.0,6.907755278982137,6.907755278982137,Darmstadt,Germany,land north sea,49.88,8.67,144,2.2225,2,0.3,1,1.0476,2,3.643,0,2.0,2,0.0,0,0,1,7.339117107450821,-0.43136182846868376,-0.20699780217470595,-0.5020239875739685,-0.8001762341283135,0.008311257090996484,0.058799886822856674,-0.37234730701128815
15027,1500,12000.0,9000.0,9.392661928770137,9.104979856318357,Frankfurt am Main,Germany,river north sea,50.1,8.67,119,9.2206,3,5.5,3,3.6083,2,4.0252,3,-3.0,0,0.0,0,0,1,9.312984567841811,0.07967736092832567,2.959470933242605,2.8500116648654474,0.8149015719644901,0.4874526831167041,-0.5127454048278857,-0.37234730701128815
15036,1500,4000.0,2000.0,8.294049640102028,7.600902459542082,Fulda,Germany,river north sea,50.55,9.68,261,2.0825,2,0.3,1,3.4491,2,4.6232,2,0.0,1,0.0,0,0,1,7.961802962634423,0.3322466774676043,-0.2703443709517203,-0.5020239875739685,0.7144913768108313,1.237129744245362,-0.16981822983744027,-0.37234730701128815
15043,1500,2000.0,1000.0,7.600902459542082,6.907755278982137,Giessen,Germany,land north sea,50.58,8.7,159,3.1222,3,0.3,1,1.9984,2,3.0989,0,0.0,1,0.0,0,0,1,7.339117107450821,0.26178535209126164,0.20009439731586348,-0.5020239875739685,-0.2004902193538231,-0.6737945772904461,-0.16981822983744027,-0.37234730701128815
15055,1500,1000.0,1000.0,6.907755278982137,6.907755278982137,Hanau,Germany,river north sea,50.13,8.92,103,3.1792,3,1.0,2,3.9983,2,3.1479,2,0.0,1,0.0,0,0,1,7.339117107450821,-0.43136182846868376,0.22588550031793356,-0.050788418976354825,1.060881321398705,-0.6123661893384323,-0.16981822983744027,-0.37234730701128815
15061,1500,2000.0,1000.0,7.600902459542082,6.907755278982137,Bad Hersfeld,Germany,river north sea,50.87,9.7,212,3.0654,3,0.3,1,1.9834,2,5.0247,2,0.0,1,3.0,3,0,1,7.339117107450821,0.26178535209126164,0.17439378941204628,-0.5020239875739685,-0.2099509789474467,1.7404664332807407,-0.16981822983744027,2.6064311490790173
15075,1500,4000.0,2000.0,8.294049640102028,7.600902459542082,Kassel,Germany,river north sea,51.32,9.48,152,3.7161,3,3.0,3,4.9186,3,4.401,2,0.0,1,0.0,0,0,1,7.961802962634423,0.3322466774676043,0.46881959157778336,1.2384560627311128,1.6413304583328272,0.9585708094915362,-0.16981822983744027,-0.37234730701128815
15092,1500,2000.0,1000.0,7.600902459542082,6.907755278982137,Marburg,Germany,river north sea,50.82,8.77,186,3.0588,3,0.0,0,1.9969,2,3.3131,0,0.0,1,0.0,0,0,1,7.339117107450821,0.26178535209126164,0.17140745116970146,-0.6954106598300887,-0.20143629531318552,-0.4052647671002145,-0.16981822983744027,-0.37234730701128815
15106,1500,1000.0,1000.0,6.907755278982137,6.907755278982137,Offenbach,Germany,river north sea,50.13,8.78,98,0.7074,1,0.0,0,1.6025,2,4.2777,2,1.0,2,0.0,0,0,1,7.339117107450821,-0.43136182846868376,-0.8925434189893797,-0.6954106598300887,-0.45019120089486303,0.8039969271551429,-0.055509171507291795,-0.37234730701128815
15150,1500,2000.0,4000.0,7.600902459542082,8.294049640102028,Wetzlar,Germany,river north sea,50.55,8.55,148,7.1408,3,0.3,1,1.998,2,3.3447,0,49.0,1,0.0,0,0,1,8.584488817818025,-0.983586358275943,2.0184124065109317,-0.5020239875739685,-0.2007425062763197,-0.3656497250740178,5.431325628339835,-0.37234730701128815
15151,1500,1000.0,1000.0,6.907755278982137,6.907755278982137,Wiesbaden,Germany,river north sea,50.08,8.23,117,0.7767,1,0.3,1,3.2426,2,4.6522,2,1.0,2,0.0,0,0,1,7.339117107450821,-0.43136182846868376,-0.8611868674447577,-0.5020239875739685,0.5842482530719458,1.2734853207883903,-0.055509171507291795,-0.37234730701128815
16017,1500,7000.0,10000.0,8.85366542803745,9.210340371976184,Esslingen,Germany,river north sea,48.75,9.32,241,9.2234,3,0.3,1,0.4656,1,4.1685,1,-3.0,0,0.5,1,0,1,9.407634744074196,-0.5539693160367456,2.9607378646181455,-0.5020239875739685,-1.1672537063609107,0.6670993768620831,-0.5127454048278857,0.12411576900376273
16026,1500,1000.0,1000.0,6.907755278982137,6.907755278982137,Goeppingen,Germany,river north sea,48.7,9.67,323,1.6794,2,0.0,0,0.0,0,3.2309,0,0.0,1,0.0,0,0,1,7.339117107450821,-0.43136182846868376,-0.45273724148039496,-0.6954106598300887,-1.4609156841469886,-0.5083140219911435,-0.16981822983744027,-0.37234730701128815
16033,1500,6000.0,6000.0,8.699514748210191,8.699514748210191,Heilbronn,Germany,river north sea,49.13,9.22,157,7.1811,3,0.3,1,0.6867,1,3.6956,1,-2.0,0,3.0,3,0,1,8.948736692829918,-0.2492219446197268,2.0366471688088867,-0.5020239875739685,-1.0278021099508983,0.07425275109662813,-0.3984363464977372,2.6064311490790173
16074,1500,3000.0,1000.0,8.006367567650246,6.907755278982137,Schorndorf,Germany,river north sea,48.8,9.55,256,3.1835,3,0.3,1,0.1103,1,4.6528,2,0.0,1,0.0,0,0,1,7.339117107450821,0.6672504601994254,0.22783114493037052,-0.5020239875739685,-1.3913475652685428,1.2742375051306603,-0.16981822983744027,-0.37234730701128815
16075,1500,1000.0,1000.0,6.907755278982137,6.907755278982137,Schwaebisch Gmuend,Germany,river north sea,48.82,9.8,321,4.6436,3,0.3,1,0.0,1,4.6544,0,-2.0,0,0.0,0,0,1,7.339117107450821,-0.43136182846868376,0.888490609725503,-0.5020239875739685,-1.4609156841469886,1.2762433300433789,-0.3984363464977372,-0.37234730701128815
16076,1500,6000.0,6000.0,8.699514748210191,8.699514748210191,Schwaebisch Hall,Germany,river north sea,49.12,9.73,304,6.1071,3,0.3,1,0.0,1,3.4221,1,-2.0,0,0.0,0,0,1,8.948736692829918,-0.2492219446197268,1.5506884911909342,-0.5020239875739685,-1.4609156841469886,-0.2686179449212451,-0.3984363464977372,-0.37234730701128815
16081,1500,6000.0,4000.0,8.699514748210191,8.294049640102028,Stuttgart,Germany,river north sea,48.77,9.18,253,3.226,3,0.0,0,0.6907,0,4.2051,2,0.0,1,0.0,0,0,1,8.584488817818025,0.11502593039216613,0.24706135330910697,-0.6954106598300887,-1.0252792407259321,0.7129826217405261,-0.16981822983744027,-0.37234730701128815
16085,1500,16000.0,9000.0,9.680344001221918,9.104979856318357,Ulm,Germany,river black sea,48.4,10.0,585,9.1247,3,1.0,2,0.6915,2,4.58,3,-3.0,0,0.5,1,0,1,9.312984567841811,0.36735943338010735,2.9160785336303507,-0.050788418976354825,-1.0247746668809388,1.1829724716019543,-0.5127454048278857,0.12411576900376273
17006,1500,3000.0,1000.0,8.006367567650246,6.907755278982137,Biberach,Germany,river black sea,48.1,9.97,238,9.8208,3,0.3,1,0.0,1,4.762,2,-3.0,0,0.0,0,0,1,7.339117107450821,0.6672504601994254,3.231046723099491,-0.5020239875739685,-1.4609156841469886,1.411135055423719,-0.5127454048278857,-0.37234730701128815
17041,1500,5000.0,3000.0,8.517193191416238,8.006367567650246,Ravensburg,Germany,land north sea,47.78,9.62,450,7.7703,3,0.3,1,0.0,1,3.6424,2,-2.0,0,0.0,0,0,1,8.326050837646314,0.1911423537699246,2.3032457282618637,-0.5020239875739685,-1.4609156841469886,0.00755907274872701,-0.3984363464977372,-0.37234730701128815
17042,1500,5000.0,3000.0,8.517193191416238,8.006367567650246,Reutlingen,Germany,land north sea,48.48,9.18,382,6.2704,3,0.3,1,0.4238,1,3.8082,2,-2.0,0,0.5,1,0,1,8.326050837646314,0.1911423537699246,1.624577738914409,-0.5020239875739685,-1.1936176897618087,0.21541267932921437,-0.3984363464977372,0.12411576900376273
17045,1500,3000.0,4000.0,8.006367567650246,8.294049640102028,Rottenburg am Neckar,Germany,river north sea,48.47,8.93,349,3.2748,3,0.0,0,0.4647,0,4.6476,1,1.0,2,1.5,3,0,1,8.584488817818025,-0.5781212501677793,0.2691421572828091,-0.6954106598300887,-1.1678213519365281,1.2677185741643238,-0.055509171507291795,1.1170419210338645
17061,1500,4000.0,1000.0,8.294049640102028,6.907755278982137,Tuebingen,Germany,river north sea,48.52,9.07,341,3.2999,3,0.0,0,0.6991,0,4.7158,2,0.0,1,0.0,0,0,1,7.339117107450821,0.954932532651207,0.28049929211354524,-0.6954106598300887,-1.0199812153535028,1.3532168610689634,-0.16981822983744027,-0.37234730701128815
18005,1500,3000.0,2000.0,8.006367567650246,7.600902459542082,Andernach,Germany,river north sea,50.43,7.4,60,3.1415,3,0.3,1,1.6619,2,4.9392,2,0.0,1,0.5,1,0,1,7.961802962634423,0.0445646050158226,0.20882717429726633,-0.5020239875739685,-0.41272659290411345,1.633280164507328,-0.16981822983744027,0.12411576900376273
18010,1500,3000.0,2000.0,8.006367567650246,7.600902459542082,Bad Kreuznach,Germany,river north sea,49.87,7.85,104,3.2147,3,0.3,1,0.3657,1,4.8657,2,0.0,1,0.0,0,0,1,7.961802962634423,0.0445646050158226,0.24194838025781945,-0.5020239875739685,-1.2302623652544444,1.5411375825793083,-0.16981822983744027,-0.37234730701128815
18017,1500,1000.0,1000.0,6.907755278982137,6.907755278982137,Bingen,Germany,river north sea,49.97,7.9,89,0.7323,1,0.0,0,0.683,0,4.618,2,0.0,1,0.5,1,0,1,7.339117107450821,-0.43136182846868376,-0.8812767792568965,-0.6954106598300887,-1.030135763983992,1.2306108132790263,-0.16981822983744027,0.12411576900376273
18039,1500,2000.0,1000.0,7.600902459542082,6.907755278982137,Kaiserslautern,Germany,river north sea,49.43,7.77,251,7.1298,3,0.3,1,0.0,1,4.4317,0,-2.0,0,0.0,0,0,1,7.339117107450821,0.26178535209126164,2.013435176107024,-0.5020239875739685,-1.4609156841469886,0.997057575004329,-0.3984363464977372,-0.37234730701128815
18045,1500,1000.0,2000.0,6.907755278982137,7.600902459542082,Koblenz,Germany,river north sea,50.35,7.58,73,3.1432,3,2.5,3,2.686,3,4.3195,2,0.0,1,0.0,0,0,1,7.961802962634423,-1.0540476836522865,0.20959638263241578,0.9161449423042459,0.23319100041788457,0.8563991029999213,-0.16981822983744027,-0.37234730701128815
18051,1500,2000.0,1000.0,7.600902459542082,6.907755278982137,Landau,Germany,river north sea,49.2,8.12,142,9.1763,3,0.3,1,0.0,1,2.8313,0,-3.0,0,0.0,0,0,1,7.339117107450821,0.26178535209126164,2.9394262689795925,-0.5020239875739685,-1.4609156841469886,-1.009268793942668,-0.5127454048278857,-0.37234730701128815
18058,1500,6000.0,9000.0,8.699514748210191,9.104979856318357,Mainz,Germany,river north sea,50.02,8.27,106,3.2997,3,1.8,3,3.4513,3,4.843,2,1.0,2,8.5,3,0,1,9.312984567841811,-0.6134698196316197,0.2804087970152924,0.46490937370663227,0.7158789548845627,1.5126799416301098,-0.055509171507291795,8.067524985244576
18067,1500,1000.0,1000.0,6.907755278982137,6.907755278982137,Neuwied,Germany,river north sea,50.42,7.45,60,0.6335,1,0.0,0,1.6474,2,3.5743,2,0.0,1,0.0,0,0,1,7.339117107450821,-0.43136182846868376,-0.9259813577938182,-0.6954106598300887,-0.42187199384461627,-0.07781385009886743,-0.16981822983744027,-0.37234730701128815
18073,1500,4000.0,2000.0,8.294049640102028,7.600902459542082,Oppenheim,Germany,river north sea,49.85,8.35,87,2.2552,2,0.3,1,1.3235,2,5.0406,2,0.0,1,0.5,1,0,1,7.961802962634423,0.3322466774676043,-0.1922018536103606,-0.5020239875739685,-0.6261613293362628,1.7603993183508841,-0.16981822983744027,0.12411576900376273
18076,1500,1000.0,1000.0,6.907755278982137,6.907755278982137,Pirmasens,Germany,land north sea,49.2,7.6,387,0.5916,1,0.0,0,0.0,0,4.8014,0,0.0,1,0.0,0,0,1,7.339117107450821,-0.43136182846868376,-0.9449400808777958,-0.6954106598300887,-1.4609156841469886,1.4605284938994205,-0.16981822983744027,-0.37234730701128815
18077,1500,1000.0,1000.0,6.907755278982137,6.907755278982137,Moenchengladbach,Germany,land north sea,50.18,6.45,70,0.6685,1,0.3,1,0.0,1,4.9353,0,0.0,1,0.0,0,0,1,7.339117107450821,-0.43136182846868376,-0.9101447155995646,-0.5020239875739685,-1.4609156841469886,1.6283909662825762,-0.16981822983744027,-0.37234730701128815
18087,1500,13000.0,5000.0,9.472704636443673,8.517193191416238,Speyer,Germany,river north sea,49.32,8.43,102,7.2439,3,1.0,2,0.4889,2,4.5975,3,-2.0,0,1.0,2,0,1,8.784948888890591,0.6877557475530818,2.0650626296602903,-0.050788418976354825,-1.1525579931254821,1.2049111815848164,-0.3984363464977372,0.6205788450188136
18090,1500,8000.0,10000.0,8.987196820661973,9.210340371976184,Trier,Germany,river north sea,49.75,6.63,50,3.2999,3,0.0,0,0.0,0,4.9477,1,0.0,1,0.0,0,0,1,9.407634744074196,-0.42043792341222286,0.28049929211354524,-0.6954106598300887,-1.4609156841469886,1.6439361093561475,-0.16981822983744027,-0.37234730701128815
18097,1500,6000.0,10000.0,8.699514748210191,9.210340371976184,Worms,Germany,river north sea,49.63,8.37,96,7.2125,3,1.0,2,0.6729,2,4.7894,2,-2.0,0,0.0,0,0,1,9.407634744074196,-0.7081199958640045,2.0508548992345887,-0.050788418976354825,-1.0365060087770321,1.445484807054029,-0.3984363464977372,-0.37234730701128815
18099,1500,1000.0,1000.0,6.907755278982137,6.907755278982137,Zweibruecken,Germany,land north sea,49.25,7.35,300,2.108,2,0.0,0,0.0,0,2.8934,0,1.0,2,0.0,0,0,1,7.339117107450821,-0.43136182846868376,-0.2588062459244784,-0.6954106598300887,-1.4609156841469886,-0.9314177145177689,-0.055509171507291795,-0.37234730701128815
19011,1500,1000.0,2000.0,6.907755278982137,7.600902459542082,Saarbruecken,Germany,river north sea,49.23,6.98,230,2.1409,2,0.3,1,0.0,1,4.1416,0,0.0,1,0.0,0,0,1,7.961802962634423,-1.0540476836522865,-0.24391980226188015,-0.5020239875739685,-1.4609156841469886,0.6333764455169987,-0.16981822983744027,-0.37234730701128815
20005,1500,1000.0,1000.0,6.907755278982137,6.907755278982137,Bruchsal,Germany,land north sea,49.12,8.58,114,3.2181,3,0.3,1,0.0,1,3.4958,0,0.0,1,0.0,0,0,1,7.339117107450821,-0.43136182846868376,0.24348679692811842,-0.5020239875739685,-1.4609156841469886,-0.17622463487913442,-0.16981822983744027,-0.37234730701128815
20013,1500,8000.0,5000.0,8.987196820661973,8.517193191416238,Heidelberg,Germany,river north sea,49.42,8.72,311,3.2989,3,0.0,0,0.5836,0,3.195,2,0.0,1,0.0,0,0,1,8.784948888890591,0.20224793177138167,0.2800468166222809,-0.6954106598300887,-1.0928290642244047,-0.5533197184702723,-0.16981822983744027,-0.37234730701128815
20024,1500,1000.0,1000.0,6.907755278982137,6.907755278982137,Mannheim,Germany,river north sea,49.48,8.48,95,0.7503,1,0.0,0,0.6768,0,4.3749,2,0.0,1,0.0,0,0,1,7.339117107450821,-0.43136182846868376,-0.8731322204141375,-0.6954106598300887,-1.03404621128269,0.9258507906028111,-0.16981822983744027,-0.37234730701128815
20031,1500,3000.0,1000.0,8.006367567650246,6.907755278982137,Pforzheim,Germany,river north sea,48.9,8.7,261,2.178,2,0.0,0,0.0,0,4.6049,2,1.0,2,0.0,0,0,1,7.339117107450821,0.6672504601994254,-0.22713296153597132,-0.6954106598300887,-1.4609156841469886,1.2141881218061403,-0.055509171507291795,-0.37234730701128815
21003,1500,1000.0,1000.0,6.907755278982137,6.907755278982137,Baden-Baden,Germany,river north sea,48.77,8.23,161,1.6356,2,0.0,0,0.0,0,3.4458,0,0.0,1,0.0,0,0,1,7.339117107450821,-0.43136182846868376,-0.47255566799777515,-0.6954106598300887,-1.4609156841469886,-0.23890666340159725,-0.16981822983744027,-0.37234730701128815
21009,1500,3000.0,2000.0,8.006367567650246,7.600902459542082,Breisach am Rhein,Germany,river north sea,48.02,7.6,225,2.251,2,0.3,1,0.0,1,4.9215,2,1.0,2,0.0,0,0,1,7.961802962634423,0.0445646050158226,-0.19410225067367104,-0.5020239875739685,-1.4609156841469886,1.6110907264103767,-0.055509171507291795,-0.37234730701128815
21018,1500,6000.0,9000.0,8.699514748210191,9.104979856318357,Freiburg,Germany,river north sea,47.98,7.85,273,3.2981,3,0.3,1,0.0,1,3.5364,1,1.0,2,0.0,0,0,1,9.312984567841811,-0.6134698196316197,0.27968483622926926,-0.5020239875739685,-1.4609156841469886,-0.12532682771889447,-0.055509171507291795,-0.37234730701128815
21037,1500,1000.0,1000.0,6.907755278982137,6.907755278982137,Konstanz,Germany,river north sea,47.67,9.17,405,7.0602,3,1.0,2,0.0,2,6.0792,0,-2.0,0,0.0,0,0,1,7.339117107450821,-0.43136182846868376,1.9819428819150222,-0.050788418976354825,-1.4609156841469886,3.0624304148194863,-0.3984363464977372,-0.37234730701128815
21039,1500,1000.0,1000.0,6.907755278982137,6.907755278982137,Lahr,Germany,land north sea,48.4,7.87,170,2.2053,2,0.0,0,0.0,0,3.1766,0,0.0,1,0.0,0,0,1,7.339117107450821,-0.43136182846868376,-0.2147803806244536,-0.6954106598300887,-1.4609156841469886,-0.5763867049665384,-0.16981822983744027,-0.37234730701128815
22006,1500,2000.0,1000.0,7.600902459542082,6.907755278982137,Ansbach,Germany,river north sea,49.28,10.6,406,2.1242,2,0.3,1,0.0,1,4.4684,0,1.0,2,0.0,0,0,1,7.339117107450821,0.26178535209126164,-0.2514761429659953,-0.5020239875739685,-1.4609156841469886,1.0430661839398165,-0.055509171507291795,-0.37234730701128815
22009,1500,1000.0,1000.0,6.907755278982137,6.907755278982137,Aschaffenburg,Germany,river north sea,49.98,9.15,138,3.1471,3,0.3,1,3.9897,2,5.129,2,0.0,1,3.0,3,0,1,7.339117107450821,-0.43136182846868376,0.2113610370483468,-0.5020239875739685,1.0554571525650274,1.8712211447785978,-0.16981822983744027,2.6064311490790173
22016,1500,7000.0,5000.0,8.85366542803745,8.517193191416238,Bamberg,Germany,river north sea,49.88,10.88,293,3.1304,3,1.0,2,1.4381,2,4.5287,2,1.5,2,0.0,0,0,1,8.784948888890591,0.06871653914685893,0.20380469634423146,-0.050788418976354825,-0.5538811260409782,1.1186607103379067,0.0016453576577824412,-0.37234730701128815
22018,1500,2000.0,1000.0,7.600902459542082,6.907755278982137,Bayreuth,Germany,river north sea,49.95,11.58,343,3.0059,3,0.3,1,1.994,2,3.215,0,2.0,2,0.0,0,0,1,7.339117107450821,0.26178535209126164,0.14747149768181528,-0.5020239875739685,-0.203265375501286,-0.5282469070612871,0.058799886822856674,-0.37234730701128815
22024,1500,3000.0,4000.0,8.006367567650246,8.294049640102028,Coburg,Germany,river north sea,50.25,10.97,292,3.0996,3,0.3,1,3.5985,2,3.3773,1,0.0,1,0.0,0,0,1,8.584488817818025,-0.5781212501677793,0.18986845121328846,-0.5020239875739685,0.8087205423633228,-0.3247810424773719,-0.16981822983744027,-0.37234730701128815
22027,1500,3000.0,4000.0,8.006367567650246,8.294049640102028,Dinkelsbuehl,Germany,river black sea,49.07,10.35,442,7.0885,3,1.0,2,0.0,2,4.6365,1,-2.0,0,3.0,3,0,1,8.584488817818025,-0.5781212501677793,1.9947479383178042,-0.050788418976354825,-1.4609156841469886,1.2538031638323373,-0.3984363464977372,2.6064311490790173
22032,1500,2000.0,1000.0,7.600902459542082,6.907755278982137,Eichstaett,Germany,river black sea,48.9,11.22,393,3.244,3,1.0,2,0.0,2,4.6494,0,0.0,1,1.0,2,0,1,7.339117107450821,0.26178535209126164,0.25520591215186605,-0.050788418976354825,-1.4609156841469886,1.2699751271911328,-0.16981822983744027,0.6205788450188136
22035,1500,1000.0,1000.0,6.907755278982137,6.907755278982137,Erlangen,Germany,river north sea,49.6,11.02,279,2.1032,2,0.3,1,1.9925,2,4.2483,0,2.0,2,0.0,0,0,1,7.339117107450821,-0.43136182846868376,-0.2609781282825474,-0.5020239875739685,-0.20421145146064842,0.7671398943839348,0.058799886822856674,-0.37234730701128815
22039,1500,2000.0,2000.0,7.600902459542082,7.600902459542082,Fuerth,Germany,river north sea,49.47,10.98,304,0.594,1,0.3,1,0.0,1,3.958,0,1.0,2,0.0,0,0,1,7.961802962634423,-0.3609005030923411,-0.9438541396987614,-0.5020239875739685,-1.4609156841469886,0.4032080367825141,-0.055509171507291795,-0.37234730701128815
22058,1500,2000.0,1000.0,7.600902459542082,6.907755278982137,Hof,Germany,river north sea,50.3,11.92,500,2.7592,2,0.0,0,1.1266,2,3.0045,0,2.0,2,0.0,0,0,1,7.339117107450821,0.26178535209126164,0.03584579398689077,-0.6954106598300887,-0.750349566935229,-0.792138247140856,0.058799886822856674,-0.37234730701128815
22094,1500,38000.0,6000.0,10.545341438708522,8.699514748210191,Nuernberg,Germany,river north sea,49.45,11.07,301,9.0993,3,1.0,2,1.9981,2,3.4255,3,-3.0,0,0.0,0,0,1,8.948736692829918,1.5966047458786043,2.9045856561522347,-0.050788418976354825,-0.20067943454569556,-0.26435556698171747,-0.5127454048278857,-0.37234730701128815
22109,1500,6000.0,6000.0,8.699514748210191,8.699514748210191,Rothenburg ob der Tauber,Germany,river north sea,49.38,10.17,430,9.1778,3,1.0,2,0.0,2,4.5582,1,-3.0,0,0.0,0,0,1,8.948736692829918,-0.2492219446197268,2.9401049822164893,-0.050788418976354825,-1.4609156841469886,1.1556431071661606,-0.5127454048278857,-0.37234730701128815
22121,1500,4000.0,3000.0,8.294049640102028,8.006367567650246,Schweinfurt,Germany,river north sea,50.05,10.27,226,8.2131,3,1.0,2,1.5381,2,4.7617,2,-3.0,0,0.0,0,0,1,8.326050837646314,-0.032001197544285986,2.503601875793735,-0.050788418976354825,-0.4908093954168205,1.4107589632525852,-0.5127454048278857,-0.37234730701128815
22145,1500,7000.0,6000.0,8.85366542803745,8.699514748210191,Wuerzburg,Germany,river north sea,49.8,9.93,186,3.2959,3,1.0,2,0.6617,2,4.6731,2,1.5,2,0.5,1,0,1,8.948736692829918,-0.09507126479246786,0.2786893901484877,-0.050788418976354825,-1.0435700426069379,1.29968640871078,0.0016453576577824412,0.12411576900376273
23004,1500,4000.0,3000.0,8.294049640102028,8.006367567650246,Amberg,Germany,river north sea,49.45,11.87,373,1.596,2,0.3,1,0.0,1,3.5097,2,0.0,1,0.0,0,0,1,8.326050837646314,-0.032001197544285986,-0.4904736974518449,-0.5020239875739685,-1.4609156841469886,-0.15879903094988967,-0.16981822983744027,-0.37234730701128815
23006,1500,30000.0,12000.0,10.308952660644293,9.392661928770137,Augsburg,Germany,river black sea,48.35,10.88,474,4.6523,3,0.3,1,0.6905,1,3.9863,3,-2.0,0,0.5,1,0,1,9.57142254801352,0.7375301126307718,0.8924271464995033,-0.5020239875739685,-1.0254053841871804,0.4386860649262279,-0.3984363464977372,0.12411576900376273
23055,1500,2000.0,1000.0,7.600902459542082,6.907755278982137,Harburg,Germany,river north sea,48.78,10.68,440,1.1646,1,0.0,0,0.4709,0,3.4842,0,0.0,1,0.0,0,0,1,7.339117107450821,0.26178535209126164,-0.6856716243833018,-0.6954106598300887,-1.1639109046378306,-0.19076686549634592,-0.16981822983744027,-0.37234730701128815
23063,1500,4000.0,3000.0,8.294049640102028,8.006367567650246,Ingolstadt,Germany,river black sea,48.77,11.45,374,2.2994,2,0.3,1,0.0,1,4.7,2,0.0,1,0.0,0,0,1,8.326050837646314,-0.032001197544285986,-0.17220243689647466,-0.5020239875739685,-1.4609156841469886,1.3334093400558655,-0.16981822983744027,-0.37234730701128815
23064,1500,1000.0,1000.0,6.907755278982137,6.907755278982137,Kaufbeuren,Germany,river black sea,47.88,10.62,678,7.012,3,0.3,1,0.0635,1,3.384,0,-2.0,0,0.0,0,0,1,7.339117107450821,-0.43136182846868376,1.9601335632360786,-0.5020239875739685,-1.4208651352006487,-0.31638165065536195,-0.3984363464977372,-0.37234730701128815
23067,1500,4000.0,3000.0,8.294049640102028,8.006367567650246,Kempten,Germany,river black sea,47.72,10.32,674,8.9778,3,0.0,0,0.0,0,4.9115,1,-3.0,0,0.0,0,0,1,8.326050837646314,-0.032001197544285986,2.849609883963612,-0.6954106598300887,-1.4609156841469886,1.5985543207058843,-0.5127454048278857,-0.37234730701128815
23074,1500,8000.0,9000.0,8.987196820661973,9.104979856318357,Landshut,Germany,river black sea,48.52,12.17,393,3.1521,3,0.3,1,0.0,1,3.5627,1,0.0,1,0.0,0,0,1,9.312984567841811,-0.32578774717983805,0.2136234145046687,-0.5020239875739685,-1.4609156841469886,-0.09235608071607893,-0.16981822983744027,-0.37234730701128815
23076,1500,3000.0,2000.0,8.006367567650246,7.600902459542082,Lauingen,Germany,river black sea,48.57,10.42,439,2.1093,2,0.3,1,0.0,1,4.2699,2,0.0,1,0.0,0,0,1,7.961802962634423,0.0445646050158226,-0.25821802778583464,-0.5020239875739685,-1.4609156841469886,0.7942185307056381,-0.16981822983744027,-0.37234730701128815
23084,1500,5000.0,4000.0,8.517193191416238,8.294049640102028,Memmingen,Germany,river black sea,47.98,10.18,601,9.744,3,0.3,1,0.0,1,3.5325,1,-3.0,0,0.0,0,0,1,8.584488817818025,-0.06729562640178699,3.1962966053703856,-0.5020239875739685,-1.4609156841469886,-0.13021602594364634,-0.5127454048278857,-0.37234730701128815
23092,1500,13000.0,7000.0,9.472704636443673,8.85366542803745,Muenchen,Germany,river black sea,48.13,11.57,514,3.1228,3,1.0,2,0.0,2,3.7135,3,0.0,1,0.0,0,0,1,9.087217307896156,0.38548732854751755,0.2003658826106221,-0.050788418976354825,-1.4609156841469886,0.09669291730766938,-0.16981822983744027,-0.37234730701128815
23095,1500,2000.0,1000.0,7.600902459542082,6.907755278982137,Neuburg,Germany,river black sea,48.73,11.18,383,2.254,2,0.0,0,0.006,0,4.6693,0,0.0,1,0.0,0,0,1,7.339117107450821,0.26178535209126164,-0.19274482419987782,-0.6954106598300887,-1.4571313803095394,1.2949225745430728,-0.16981822983744027,-0.37234730701128815
23105,1500,6000.0,4000.0,8.699514748210191,8.294049640102028,Noerdlingen,Germany,river black sea,48.85,10.5,430,7.1271,3,1.0,2,0.1024,2,4.6724,2,-2.0,0,1.0,1,0,1,8.584488817818025,0.11502593039216613,2.01221349228061,-0.050788418976354825,-1.3963302319878514,1.2988088603114654,-0.3984363464977372,0.6205788450188136
23112,1500,4000.0,4000.0,8.294049640102028,8.294049640102028,Passau,Germany,river black sea,48.58,13.47,310,3.6227,3,0.3,1,0.6478,1,6.0825,1,0.0,1,5.5,3,0,1,8.584488817818025,-0.2904391777159976,0.4265583806936896,-0.5020239875739685,-1.0523370131636955,3.0665674287019677,-0.16981822983744027,5.088746529154272
23123,1500,22000.0,8000.0,9.998797732340453,8.987196820661973,Regensburg,Germany,river black sea,49.02,12.1,332,7.1589,3,1.0,2,0.6873,2,4.5132,3,0.0,0,0.5,1,0,1,9.20717467300163,0.7916230593388232,2.026602212902817,-0.050788418976354825,-1.0274236795671534,1.099229281495944,-0.16981822983744027,0.12411576900376273
23139,1500,1000.0,1000.0,6.907755278982137,6.907755278982137,Straubing,Germany,river black sea,48.88,12.57,322,0.5882,1,0.3,1,0.0,1,4.297,0,0.0,1,0.0,0,0,1,7.339117107450821,-0.43136182846868376,-0.9464784975480948,-0.5020239875739685,-1.4609156841469886,0.8281921901648129,-0.16981822983744027,-0.37234730701128815
