city_id,name,lat,lon,nodesid,lat_band_1250,lat_band_1300,lat_band_1350,lat_band_1400,lat_band_1450,lat_band_1500,dist_river_km_1250,dist_river_km_1300,dist_river_km_1350,dist_river_km_1400,dist_river_km_1450,dist_river_km_1500,elev_m_1250,elev_m_1300,elev_m_1350,elev_m_1400,elev_m_1450,elev_m_1500,voronoi_area_km2_1250,voronoi_area_km2_1300,voronoi_area_km2_1350,voronoi_area_km2_1400,voronoi_area_km2_1450,voronoi_area_km2_1500,centuries_since_first_mention_1250,centuries_since_first_mention_1300,centuries_since_first_mention_1350,centuries_since_first_mention_1400,centuries_since_first_mention_1450,centuries_since_first_mention_1500,population_1250,population_1300,population_1350,population_1400,population_1450,population_1500,pop_growth_50yr_1250,pop_growth_50yr_1300,pop_growth_50yr_1350,pop_growth_50yr_1400,pop_growth_50yr_1450,pop_growth_50yr_1500,agricultural_surplus_continuous_1250,agricultural_surplus_continuous_1300,agricultural_surplus_continuous_1350,agricultural_surplus_continuous_1400,agricultural_surplus_continuous_1450,agricultural_surplus_continuous_1500,agricultural_surplus_score_1250,agricultural_surplus_score_1300,agricultural_surplus_score_1350,agricultural_surplus_score_1400,agricultural_surplus_score_1450,agricultural_surplus_score_1500
1001,Allenburg,54.4925,21.192223,127.0,north,north,north,north,north,north,15.9,15.9,15.9,15.9,15.9,15.9,,,,,,,244.3,244.3,244.3,244.3,244.3,244.3,0.0,0.44,0.94,1.44,1.94,2.44,,,,,,,,,,,,,2.3024,2.4344,2.5844,2.7344,2.8844,3.0344,0,0,0,0,0,0
1002,Allenstein,53.783333,20.483334,132.0,north,north,north,north,north,north,83.5,83.5,83.5,83.5,83.5,83.5,90.0,90.0,90.0,90.0,90.0,90.0,529.4,529.4,529.4,529.4,529.4,529.4,0.0,0.0,0.02,0.52,1.02,1.52,0.0,0.0,500.0,1000.0,1000.0,1000.0,,,,2.0,1.0,1.0,2.3095,2.3095,2.3155,2.4655,2.6155,2.7655,0,0,0,0,0,0
1003,Angerapp,54.416668,22.016666,,north,north,north,north,north,north,40.1,40.1,40.1,40.1,40.1,40.1,,,,,,,681.8,681.8,681.8,681.8,681.8,681.8,0.0,0.0,0.0,0.0,0.0,0.0,,,,,,,,,,,,,2.4105,2.4105,2.4105,2.4105,2.4105,2.4105,0,0,0,0,0,0
1004,Angerburg,54.216667,21.75,,north,north,north,north,north,north,48.5,48.5,48.5,48.5,48.5,48.5,,,,,,,522.4,522.4,522.4,522.4,522.4,522.4,0.0,0.0,0.15,0.65,1.15,1.65,,,,,,,,,,,,,2.3041,2.3041,2.3491,2.4991,2.6491,2.7991,0,0,0,0,0,0
1005,Arys,53.805557,21.945833,,north,north,north,north,north,north,96.0,96.0,96.0,96.0,96.0,96.0,,,,,,,705.8,705.8,705.8,705.8,705.8,705.8,0.0,0.0,0.0,0.0,0.07,0.57,,,,,,,,,,,,,2.4243,2.4243,2.4243,2.4243,2.4453,2.5953,0,0,0,0,0,0
1006,Barten,54.216667,21.35,445.0,north,north,north,north,north,north,47.4,47.4,47.4,47.4,47.4,47.4,,,,,,,235.9,235.9,235.9,235.9,235.9,235.9,0.0,0.0,0.0,0.43,0.93,1.43,,,,,,,,,,,,,1.987,1.987,1.987,2.116,2.266,2.416,0,0,0,0,0,0
1007,Bartenstein (Ostpreussen),54.250278,20.816668,446.0,north,north,north,north,north,north,47.5,47.5,47.5,47.5,47.5,47.5,,,,,,,288.2,288.2,288.2,288.2,288.2,288.2,0.09,0.59,1.09,1.59,2.09,2.59,,,,,,,,,,,,,2.0939,2.2439,2.3939,2.5439,2.6939,2.8439,0,0,0,0,0,0
1008,Bischofsburg,53.863609,20.954721,690.0,north,north,north,north,north,north,86.5,86.5,86.5,86.5,86.5,86.5,,,,,,,493.2,493.2,493.2,493.2,493.2,493.2,0.0,0.0,0.0,0.11,0.61,1.11,,,,,,,,,,,,,2.2812,2.2812,2.2812,2.3142,2.4642,2.6142,0,0,0,0,0,0
1009,Bischofstein,54.084721,20.901945,,north,north,north,north,north,north,63.1,63.1,63.1,63.1,63.1,63.1,,,,,,,282.6,282.6,282.6,282.6,282.6,282.6,0.0,0.0,0.04,0.54,1.04,1.54,,,,,,,,,,,,,2.0591,2.0591,2.0711,2.2211,2.3711,2.5211,0,0,0,0,0,0
1010,Bischofswerder,53.501667,19.349167,,north,north,north,north,north,north,41.0,41.0,41.0,41.0,41.0,41.0,,,,,,,6039.8,6039.8,6039.8,6039.8,6039.8,6039.8,0.0,0.0,0.19,0.69,1.19,1.69,,,,,,,,,,,,,3.2825,3.2825,3.3395,3.4895,3.6395,3.7895,0,0,0,0,0,0
1011,Braunsberg,54.38361,19.816668,941.0,north,north,north,north,north,north,36.7,36.7,36.7,36.7,36.7,36.7,14.0,14.0,14.0,14.0,14.0,14.0,328.5,328.5,328.5,328.5,328.5,328.5,0.1,0.6,1.1,1.6,2.1,2.6,500.0,1000.0,1500.0,2000.0,2500.0,3000.0,,2.0,1.5,1.333,1.25,1.2,2.1902,2.3402,2.4902,2.6402,2.7902,2.9402,0,0,0,0,0,2
1012,Christburg,53.916668,19.35,1214.0,north,north,north,north,north,north,25.0,25.0,25.0,25.0,25.0,25.0,,,,,,,438.1,438.1,438.1,438.1,438.1,438.1,0.02,0.52,1.02,1.52,2.02,2.52,,,,,,,,,,,,,2.4273,2.5773,2.7273,2.8773,3.0273,3.1773,0,0,0,0,0,0
1013,Danzig,54.350555,18.652779,1333.0,north,north,north,north,north,north,0.6,0.6,0.6,0.6,0.6,0.6,15.0,15.0,15.0,15.0,15.0,15.0,2068.8,2068.8,2068.8,2068.8,2068.8,2068.8,2.53,3.03,3.53,4.03,4.53,5.03,7000.0,9000.0,14500.0,20000.0,25000.0,30000.0,1.4,1.286,1.611,1.379,1.25,1.2,4.1055,4.2555,4.4055,4.5555,4.7055,4.8555,2,2,3,3,3,3
1014,Dt. Eylau,53.599998,19.566668,1411.0,north,north,north,north,north,north,51.7,51.7,51.7,51.7,51.7,51.7,,,,,,,913.0,913.0,913.0,913.0,913.0,913.0,0.0,0.0,0.33,0.83,1.33,1.83,,,,,,,,,,,,,2.5271,2.5271,2.6261,2.7761,2.9261,3.0761,0,0,0,0,0,0
1015,Domnau,54.426109,20.826666,1512.0,north,north,north,north,north,north,28.0,28.0,28.0,28.0,28.0,28.0,,,,,,,437.5,437.5,437.5,437.5,437.5,437.5,0.0,0.0,0.26,0.76,1.26,1.76,,,,,,,,,,,,,2.3833,2.3833,2.4613,2.6113,2.7613,2.9113,0,0,0,0,0,0
1016,Drengfurt,54.213612,21.519167,,north,north,north,north,north,north,46.5,46.5,46.5,46.5,46.5,46.5,,,,,,,251.5,251.5,251.5,251.5,251.5,251.5,0.0,0.0,0.0,0.03,0.53,1.03,,,,,,,,,,,,,2.0126,2.0126,2.0126,2.0216,2.1716,2.3216,0,0,0,0,0,0
1017,Ebenrode,54.633335,22.566668,,north,north,north,north,north,north,48.3,48.3,48.3,48.3,48.3,48.3,,,,,,,554.0,554.0,554.0,554.0,554.0,554.0,0.0,0.0,0.0,0.0,0.0,0.0,,,,,,,,,,,,,2.3276,2.3276,2.3276,2.3276,2.3276,2.3276,0,0,0,0,0,0
1018,Elbing,54.166668,19.4,1750.0,north,north,north,north,north,north,0.9,0.9,0.9,0.9,0.9,0.9,10.0,10.0,10.0,10.0,10.0,10.0,472.7,472.7,472.7,472.7,472.7,472.7,0.08,0.58,1.08,1.58,2.08,2.58,2500.0,3000.0,4000.0,5000.0,7500.0,10000.0,1.25,1.2,1.333,1.25,1.5,1.333,2.7774,2.9274,3.0774,3.2274,3.3774,3.5274,1,2,2,2,2,3
1019,Eydtkau,54.633335,22.733334,,north,north,north,north,north,north,51.7,51.7,51.7,51.7,51.7,51.7,,,,,,,2393.6,2393.6,2393.6,2393.6,2393.6,2393.6,0.0,0.0,0.0,0.0,0.0,0.0,,,,,,,,,,,,,2.9124,2.9124,2.9124,2.9124,2.9124,2.9124,0,0,0,0,0,0
1020,Fischhausen,54.733334,20.0,1955.0,north,north,north,north,north,north,51.0,51.0,51.0,51.0,51.0,51.0,,,,,,,332.4,332.4,332.4,332.4,332.4,332.4,0.0,0.36,0.86,1.36,1.86,2.36,,,,,,,,,,,,,2.1238,2.2318,2.3818,2.5318,2.6818,2.8318,0,0,0,0,0,0
1021,Frauenburg,54.349998,19.683332,1991.0,north,north,north,north,north,north,27.9,27.9,27.9,27.9,27.9,27.9,,,,,,,419.9,419.9,419.9,419.9,419.9,419.9,0.0,0.22,0.72,1.22,1.72,2.22,,,,,,,,,,,,,2.3688,2.4348,2.5848,2.7348,2.8848,3.0348,0,0,0,0,0,0
1022,Freystadt in Westpreussen,53.599998,19.266666,,north,north,north,north,north,north,32.2,32.2,32.2,32.2,32.2,32.2,,,,,,,321.9,321.9,321.9,321.9,321.9,321.9,0.0,0.15,0.65,1.15,1.65,2.15,,,,,,,,,,,,,2.2081,2.2531,2.4031,2.5531,2.7031,2.8531,0,0,0,0,0,0
1023,Friedland in Ostpreussen,54.450001,21.016666,,north,north,north,north,north,north,22.1,22.1,22.1,22.1,22.1,22.1,,,,,,,286.2,286.2,286.2,286.2,286.2,286.2,0.0,0.0,0.15,0.65,1.15,1.65,,,,,,,,,,,,,2.2878,2.2878,2.3328,2.4828,2.6328,2.7828,0,0,0,0,0,0
1024,Garnsee,53.607224,18.941111,2098.0,north,north,north,north,north,north,11.7,11.7,11.7,11.7,11.7,11.7,,,,,,,6039.8,6039.8,6039.8,6039.8,6039.8,6039.8,0.0,0.15,0.65,1.15,1.65,2.15,,,,,,,,,,,,,3.6363,3.6813,3.8313,3.9813,4.1313,4.2813,1,1,1,1,1,1
1025,Gehlenburg,53.616665,22.066668,,north,north,north,north,north,north,118.4,118.4,118.4,118.4,118.4,118.4,,,,,,,332.4,332.4,332.4,332.4,332.4,332.4,0.0,0.0,0.0,0.0,0.22,0.72,,,,,,,,,,,,,2.1238,2.1238,2.1238,2.1238,2.1898,2.3398,0,0,0,0,0,0
1026,Gerdauen,54.358334,21.322222,2167.0,north,north,north,north,north,north,32.5,32.5,32.5,32.5,32.5,32.5,,,,,,,364.7,364.7,364.7,364.7,364.7,364.7,0.0,0.0,0.25,0.75,1.25,1.75,,,,,,,,,,,,,2.2539,2.2539,2.3289,2.4789,2.6289,2.7789,0,0,0,0,0,0
1027,Gilgenburg,53.433334,20.033333,2202.0,north,north,north,north,north,north,86.0,86.0,86.0,86.0,86.0,86.0,,,,,,,5683.8,5683.8,5683.8,5683.8,5683.8,5683.8,0.0,0.0,0.34,0.84,1.34,1.84,,,,,,,,,,,,,3.2582,3.2582,3.3602,3.5102,3.6602,3.8102,0,0,0,0,0,0
1028,Goldap,54.299999,22.299999,2265.0,north,north,north,north,north,north,62.5,62.5,62.5,62.5,62.5,62.5,,,,,,,1012.7,1012.7,1012.7,1012.7,1012.7,1012.7,0.0,0.0,0.0,0.0,0.0,0.0,,,,,,,,,,,,,2.5685,2.5685,2.5685,2.5685,2.5685,2.5685,0,0,0,0,0,0
1029,Gumbinnen,54.583332,22.183332,,north,north,north,north,north,north,43.1,43.1,43.1,43.1,43.1,43.1,45.0,45.0,45.0,45.0,45.0,45.0,815.7,815.7,815.7,815.7,815.7,815.7,0.0,0.0,0.0,0.0,0.0,0.0,0.0,0.0,0.0,0.0,0.0,0.0,,,,,,,2.4821,2.4821,2.4821,2.4821,2.4821,2.4821,0,0,0,0,0,0
1030,Guttstadt,53.985832,20.396111,2710.0,north,north,north,north,north,north,68.9,68.9,68.9,68.9,68.9,68.9,,,,,,,533.3,533.3,533.3,533.3,533.3,533.3,0.0,0.0,0.25,0.75,1.25,1.75,,,,,,,,,,,,,2.3124,2.3124,2.3874,2.5374,2.6874,2.8374,0,0,0,0,0,0
1031,Heiligenbeil,54.466667,19.933332,2909.0,north,north,north,north,north,north,48.5,48.5,48.5,48.5,48.5,48.5,,,,,,,399.4,399.4,399.4,399.4,399.4,399.4,0.0,0.4,0.9,1.4,1.9,2.4,,,,,,,,,,,,,2.197,2.317,2.467,2.617,2.767,2.917,0,0,0,0,0,0
1032,Heilsberg,54.116665,20.583334,2921.0,north,north,north,north,north,north,63.7,63.7,63.7,63.7,63.7,63.7,,,,,,,369.8,369.8,369.8,369.8,369.8,369.8,0.09,0.59,1.09,1.59,2.09,2.59,,,,,,,,,,,,,2.1933,2.3433,2.4933,2.6433,2.7933,2.9433,0,0,0,0,0,0
1033,Hohenstein,53.583332,20.283333,3124.0,north,north,north,north,north,north,87.7,87.7,87.7,87.7,87.7,87.7,,,,,,,661.3,661.3,661.3,661.3,661.3,661.3,0.0,0.0,0.0,0.5,1.0,1.5,,,,,,,,,,,,,2.3983,2.3983,2.3983,2.5483,2.6983,2.8483,0,0,0,0,0,0
1034,Insterburg,54.633335,21.816668,3325.0,north,north,north,north,north,north,19.2,19.2,19.2,19.2,19.2,19.2,30.0,30.0,30.0,30.0,30.0,30.0,1252.4,1252.4,1252.4,1252.4,1252.4,1252.4,0.0,0.0,0.14,0.64,1.14,1.64,0.0,0.0,500.0,1000.0,1000.0,1000.0,,,,2.0,1.0,1.0,2.9136,2.9136,2.9556,3.1056,3.2556,3.4056,0,0,0,0,0,0
1035,Johannisburg,53.616665,21.799999,3434.0,north,north,north,north,north,north,114.3,114.3,114.3,114.3,114.3,114.3,,,,,,,4696.3,4696.3,4696.3,4696.3,4696.3,4696.3,0.0,0.0,0.08,0.58,1.08,1.58,,,,,,,,,,,,,3.1819,3.1819,3.2059,3.3559,3.5059,3.6559,0,0,0,0,0,0
1036,Koenigsberg Pr.,54.710278,20.509445,3911.0,north,north,north,north,north,north,18.3,18.3,18.3,18.3,18.3,18.3,5.0,5.0,5.0,5.0,5.0,5.0,4065.0,4065.0,4065.0,4065.0,4065.0,4065.0,0.0,0.44,0.94,1.44,1.94,2.44,2000.0,3000.0,6500.0,10000.0,9500.0,9000.0,2.0,1.5,2.167,1.538,0.95,0.947,3.396,3.528,3.678,3.828,3.978,4.128,0,2,2,3,1,1
1037,Kreuzburg,54.493332,20.440277,,north,north,north,north,north,north,30.3,30.3,30.3,30.3,30.3,30.3,,,,,,,327.4,327.4,327.4,327.4,327.4,327.4,0.1,0.6,1.1,1.6,2.1,2.6,,,,,,,,,,,,,2.269,2.419,2.569,2.719,2.869,3.019,0,0,0,0,0,0
1038,Labiau,54.866665,21.1,4190.0,north,north,north,north,north,north,12.5,12.5,12.5,12.5,12.5,12.5,,,,,,,332.4,332.4,332.4,332.4,332.4,332.4,0.0,0.42,0.92,1.42,1.92,2.42,,,,,,,,,,,,,2.467,2.593,2.743,2.893,3.043,3.193,1,1,1,1,1,1
1039,Landsberg,54.284721,20.49361,,north,north,north,north,north,north,47.6,47.6,47.6,47.6,47.6,47.6,,,,,,,380.0,380.0,380.0,380.0,380.0,380.0,0.0,0.0,0.15,0.65,1.15,1.65,,,,,,,,,,,,,2.1771,2.1771,2.2221,2.3721,2.5221,2.6721,0,0,0,0,0,0
1040,Liebemuehl,53.75,19.85,,north,north,north,north,north,north,55.6,55.6,55.6,55.6,55.6,55.6,,,,,,,392.0,392.0,392.0,392.0,392.0,392.0,0.0,0.0,0.15,0.65,1.15,1.65,,,,,,,,,,,,,2.1895,2.1895,2.2345,2.3845,2.5345,2.6845,0,0,0,0,0,0
1041,Liebstadt (Ostpreussen),54.0,20.066668,10031.0,north,north,north,north,north,north,48.1,48.1,48.1,48.1,48.1,48.1,,,,,,,397.2,397.2,397.2,397.2,397.2,397.2,0.0,0.0,0.36,0.86,1.36,1.86,,,,,,,,,,,,,2.1948,2.1948,2.3028,2.4528,2.6028,2.7528,0,0,0,0,0,0
1042,Loetzen,54.033333,21.766666,4586.0,north,north,north,north,north,north,68.4,68.4,68.4,68.4,68.4,68.4,,,,,,,566.2,566.2,566.2,566.2,566.2,566.2,0.0,0.0,0.1,0.6,1.1,1.6,,,,,,,,,,,,,2.3363,2.3363,2.3663,2.5163,2.6663,2.8163,0,0,0,0,0,0
1043,Lyck,53.816666,22.35,,north,north,north,north,north,north,105.5,105.5,105.5,105.5,105.5,105.5,,,,,,,332.4,332.4,332.4,332.4,332.4,332.4,0.0,0.0,0.25,0.75,1.25,1.75,,,,,,,,,,,,,2.1238,2.1238,2.1988,2.3488,2.4988,2.6488,0,0,0,0,0,0
1044,Marienburg,54.033333,19.041666,4754.0,north,north,north,north,north,north,9.0,9.0,9.0,9.0,9.0,9.0,6.0,6.0,6.0,6.0,6.0,6.0,252.6,252.6,252.6,252.6,252.6,252.6,0.0,0.26,0.76,1.26,1.76,2.26,500.0,1000.0,500.0,0.0,500.0,1000.0,,2.0,0.5,0.0,,2.0,2.402,2.48,2.63,2.78,2.93,3.08,1,1,1,1,1,1
1045,Marienwerder,53.735832,18.922222,4769.0,north,north,north,north,north,north,12.1,12.1,12.1,12.1,12.1,12.1,42.0,42.0,42.0,42.0,42.0,42.0,1737.7,1737.7,1737.7,1737.7,1737.7,1737.7,0.17,0.67,1.17,1.67,2.17,2.67,500.0,1000.0,1000.0,1000.0,1500.0,2000.0,,2.0,1.0,1.0,1.5,1.333,3.1846,3.3346,3.4846,3.6346,3.7846,3.9346,1,1,1,1,1,1
1046,Mehlsack,54.216667,20.116667,4837.0,north,north,north,north,north,north,47.8,47.8,47.8,47.8,47.8,47.8,,,,,,,480.6,480.6,480.6,480.6,480.6,480.6,0.0,0.18,0.68,1.18,1.68,2.18,,,,,,,,,,,,,2.2708,2.3248,2.4748,2.6248,2.7748,2.9248,0,0,0,0,0,0
1047,Mohrungen,53.916668,19.933332,5010.0,north,north,north,north,north,north,45.4,45.4,45.4,45.4,45.4,45.4,,,,,,,369.5,369.5,369.5,369.5,369.5,369.5,0.0,0.2,0.7,1.2,1.7,2.2,,,,,,,,,,,,,2.1659,2.2259,2.3759,2.5259,2.6759,2.8259,0,0,0,0,0,0
1048,Muehlhausen,54.166668,19.733334,5093.0,north,north,north,north,north,north,22.5,22.5,22.5,22.5,22.5,22.5,,,,,,,363.1,363.1,363.1,363.1,363.1,363.1,0.0,0.0,0.0,0.0,0.36,0.86,,,,,,,,,,,,,2.3773,2.3773,2.3773,2.3773,2.4853,2.6353,0,0,0,0,0,0
1049,Neidenburg,53.358334,20.424999,5193.0,north,north,north,north,north,north,113.0,113.0,113.0,113.0,113.0,113.0,,,,,,,6039.8,6039.8,6039.8,6039.8,6039.8,6039.8,0.0,0.0,0.0,0.24,0.74,1.24,,,,,,,,,,,,,3.2825,3.2825,3.2825,3.3545,3.5045,3.6545,0,0,0,0,0,0
1050,Neuteich,54.133335,19.0,,north,north,north,north,north,north,9.2,9.2,9.2,9.2,9.2,9.2,,,,,,,557.2,557.2,557.2,557.2,557.2,557.2,0.0,0.0,0.4,0.9,1.4,1.9,,,,,,,,,,,,,2.7153,2.7153,2.8353,2.9853,3.1353,3.2853,1,1,1,1,1,1
1051,Nikolaiken,53.799999,21.583334,,north,north,north,north,north,north,92.6,92.6,92.6,92.6,92.6,92.6,,,,,,,776.0,776.0,776.0,776.0,776.0,776.0,0.0,0.0,0.0,0.0,0.06,0.56,,,,,,,,,,,,,2.4622,2.4622,2.4622,2.4622,2.4802,2.6302,0,0,0,0,0,0
1052,Nordenburg,54.333332,21.549999,5454.0,north,north,north,north,north,north,33.2,33.2,33.2,33.2,33.2,33.2,,,,,,,529.0,529.0,529.0,529.0,529.0,529.0,0.0,0.0,0.0,0.34,0.84,1.34,,,,,,,,,,,,,2.3939,2.3939,2.3939,2.4959,2.6459,2.7959,0,0,0,0,0,0
1053,Ortelsburg,53.562778,20.985277,,north,north,north,north,north,north,119.5,119.5,119.5,119.5,119.5,119.5,,,,,,,785.8,785.8,785.8,785.8,785.8,785.8,0.0,0.0,0.0,0.5,1.0,1.5,,,,,,,,,,,,,2.4672,2.4672,2.4672,2.6172,2.7672,2.9172,0,0,0,0,0,0
1054,Osterode in Ostpreussen,53.700001,19.966667,5733.0,north,north,north,north,north,north,64.5,64.5,64.5,64.5,64.5,64.5,,,,,,,468.3,468.3,468.3,468.3,468.3,468.3,0.0,0.0,0.18,0.68,1.18,1.68,,,,,,,,,,,,,2.2605,2.2605,2.3145,2.4645,2.6145,2.7645,0,0,0,0,0,0
1055,Passenheim,53.633335,20.783333,5849.0,north,north,north,north,north,north,109.1,109.1,109.1,109.1,109.1,109.1,,,,,,,610.0,610.0,610.0,610.0,610.0,610.0,0.0,0.0,0.0,0.16,0.66,1.16,,,,,,,,,,,,,2.366,2.366,2.366,2.414,2.564,2.714,0,0,0,0,0,0
1056,Pillau,54.650002,19.916666,,north,north,north,north,north,north,56.1,56.1,56.1,56.1,56.1,56.1,,,,,,,2116.4,2116.4,2116.4,2116.4,2116.4,2116.4,0.0,0.0,0.0,0.0,0.2,0.7,,,,,,,,,,,,,2.8632,2.8632,2.8632,2.8632,2.9232,3.0732,0,0,0,0,0,0
1057,Pr. Eylau,54.383335,20.65,6109.0,north,north,north,north,north,north,33.8,33.8,33.8,33.8,33.8,33.8,,,,,,,352.1,352.1,352.1,352.1,352.1,352.1,0.0,0.0,0.25,0.75,1.25,1.75,,,,,,,,,,,,,2.2238,2.2238,2.2988,2.4488,2.5988,2.7488,0,0,0,0,0,0
1058,Pr. Holland,54.065277,19.656944,6111.0,north,north,north,north,north,north,21.0,21.0,21.0,21.0,21.0,21.0,,,,,,,362.9,362.9,362.9,362.9,362.9,362.9,0.0,0.03,0.53,1.03,1.53,2.03,,,,,,,,,,,,,2.396,2.405,2.555,2.705,2.855,3.005,0,0,0,0,0,0
1059,Ragnit,55.033333,22.033333,,north,north,north,north,north,north,5.1,5.1,5.1,5.1,5.1,5.1,,,,,,,332.4,332.4,332.4,332.4,332.4,332.4,0.0,0.11,0.61,1.11,1.61,2.11,,,,,,,,,,,,,2.5604,2.5934,2.7434,2.8934,3.0434,3.1934,1,1,1,1,1,1
1060,Rastenburg,54.083332,21.383333,6267.0,north,north,north,north,north,north,61.6,61.6,61.6,61.6,61.6,61.6,,,,,,,267.2,267.2,267.2,267.2,267.2,267.2,0.0,0.0,0.21,0.71,1.21,1.71,,,,,,,,,,,,,2.0368,2.0368,2.0998,2.2498,2.3998,2.5498,0,0,0,0,0,0
1061,Rhein,53.93861,21.545834,,north,north,north,north,north,north,77.1,77.1,77.1,77.1,77.1,77.1,,,,,,,320.2,320.2,320.2,320.2,320.2,320.2,0.0,0.0,0.13,0.63,1.13,1.63,,,,,,,,,,,,,2.1089,2.1089,2.1479,2.2979,2.4479,2.5979,0,0,0,0,0,0
1062,Riesenburg,53.755833,19.1975,6418.0,north,north,north,north,north,north,25.3,25.3,25.3,25.3,25.3,25.3,,,,,,,310.6,310.6,310.6,310.6,310.6,310.6,0.14,0.64,1.14,1.64,2.14,2.64,,,,,,,,,,,,,2.323,2.473,2.623,2.773,2.923,3.073,0,0,0,0,0,0
1063,Roessel,54.049999,21.15,,north,north,north,north,north,north,64.9,64.9,64.9,64.9,64.9,64.9,,,,,,,403.8,403.8,403.8,403.8,403.8,403.8,0.09,0.59,1.09,1.59,2.09,2.59,,,,,,,,,,,,,2.2284,2.3784,2.5284,2.6784,2.8284,2.9784,0,0,0,0,0,0
1064,Rosenberg,53.719723,19.336945,6525.0,north,north,north,north,north,north,35.2,35.2,35.2,35.2,35.2,35.2,,,,,,,261.3,261.3,261.3,261.3,261.3,261.3,0.0,0.0,0.45,0.95,1.45,1.95,,,,,,,,,,,,,2.0873,2.0873,2.2223,2.3723,2.5223,2.6723,0,0,0,0,0,0
1065,Saalfeld (Ostpreussen),53.849998,19.6,6660.0,north,north,north,north,north,north,38.1,38.1,38.1,38.1,38.1,38.1,,,,,,,443.9,443.9,443.9,443.9,443.9,443.9,0.0,0.01,0.51,1.01,1.51,2.01,,,,,,,,,,,,,2.2631,2.2661,2.4161,2.5661,2.7161,2.8661,0,0,0,0,0,0
1066,Schippenbeil,54.25,21.016666,6855.0,north,north,north,north,north,north,43.5,43.5,43.5,43.5,43.5,43.5,,,,,,,348.9,348.9,348.9,348.9,348.9,348.9,0.0,0.0,0.31,0.81,1.31,1.81,,,,,,,,,,,,,2.1431,2.1431,2.2361,2.3861,2.5361,2.6861,0,0,0,0,0,0
1067,Schirwindt,54.781944,22.844723,,north,north,north,north,north,north,41.6,41.6,41.6,41.6,41.6,41.6,,,,,,,332.4,332.4,332.4,332.4,332.4,332.4,0.0,0.0,0.0,0.0,0.0,0.0,,,,,,,,,,,,,2.1238,2.1238,2.1238,2.1238,2.1238,2.1238,0,0,0,0,0,0
1068,Schlossberg,54.766666,22.516666,,north,north,north,north,north,north,33.2,33.2,33.2,33.2,33.2,33.2,,,,,,,1518.3,1518.3,1518.3,1518.3,1518.3,1518.3,0.0,0.0,0.0,0.0,0.0,0.0,,,,,,,,,,,,,2.8159,2.8159,2.8159,2.8159,2.8159,2.8159,0,0,0,0,0,0
1069,Seeburg,53.976665,20.762501,,north,north,north,north,north,north,77.2,77.2,77.2,77.2,77.2,77.2,,,,,,,283.2,283.2,283.2,283.2,283.2,283.2,0.0,0.0,0.12,0.62,1.12,1.62,,,,,,,,,,,,,2.0598,2.0598,2.0958,2.2458,2.3958,2.5458,0,0,0,0,0,0
1070,Sensburg,53.866665,21.299999,,north,north,north,north,north,north,85.8,85.8,85.8,85.8,85.8,85.8,,,,,,,746.1,746.1,746.1,746.1,746.1,746.1,0.0,0.0,0.02,0.52,1.02,1.52,,,,,,,,,,,,,2.4465,2.4465,2.4525,2.6025,2.7525,2.9025,0,0,0,0,0,0
1071,Stuhm,53.921665,19.033611,7509.0,north,north,north,north,north,north,7.3,7.3,7.3,7.3,7.3,7.3,,,,,,,373.8,373.8,373.8,373.8,373.8,373.8,0.0,0.0,0.24,0.74,1.24,1.74,,,,,,,,,,,,,2.5792,2.5792,2.6512,2.8012,2.9512,3.1012,1,1,1,1,1,1
1072,Tapiau,54.650002,21.066668,,north,north,north,north,north,north,5.6,5.6,5.6,5.6,5.6,5.6,,,,,,,475.2,475.2,475.2,475.2,475.2,475.2,0.0,0.35,0.85,1.35,1.85,2.35,,,,,,,,,,,,,2.696,2.801,2.951,3.101,3.251,3.401,1,1,1,1,1,1
1073,Tiegenhof,54.216667,19.116667,,north,north,north,north,north,north,5.2,5.2,5.2,5.2,5.2,5.2,,,,,,,1437.3,1437.3,1437.3,1437.3,1437.3,1437.3,0.0,0.0,0.0,0.0,0.0,0.0,,,,,,,,,,,,,3.1432,3.1432,3.1432,3.1432,3.1432,3.1432,1,1,1,1,1,1
1074,Tilsit,55.083332,21.883333,7722.0,north,north,north,north,north,north,5.6,5.6,5.6,5.6,5.6,5.6,10.0,10.0,10.0,10.0,10.0,10.0,332.4,332.4,332.4,332.4,332.4,332.4,0.0,0.0,0.0,0.35,0.85,1.35,500.0,1000.0,1000.0,1000.0,1500.0,2000.0,,2.0,1.0,1.0,1.5,1.333,2.5537,2.5537,2.5537,2.6587,2.8087,2.9587,1,1,1,1,1,1
1075,Tolkemit,54.320278,19.514999,7739.0,north,north,north,north,north,north,17.7,17.7,17.7,17.7,17.7,17.7,,,,,,,1672.5,1672.5,1672.5,1672.5,1672.5,1672.5,0.0,0.0,0.0,0.0,0.0,0.46,,,,,,,,,,,,,3.0472,3.0472,3.0472,3.0472,3.0472,3.1852,0,0,0,0,0,0
1076,Treuburg,54.033333,22.5,,north,north,north,north,north,north,92.0,92.0,92.0,92.0,92.0,92.0,,,,,,,332.4,332.4,332.4,332.4,332.4,332.4,0.0,0.0,0.0,0.0,0.0,0.0,,,,,,,,,,,,,2.1238,2.1238,2.1238,2.1238,2.1238,2.1238,0,0,0,0,0,0
1077,Wartenburg,53.833332,20.683332,,north,north,north,north,north,north,92.6,92.6,92.6,92.6,92.6,92.6,,,,,,,341.4,341.4,341.4,341.4,341.4,341.4,0.0,0.0,0.25,0.75,1.25,1.75,,,,,,,,,,,,,2.1344,2.1344,2.2094,2.3594,2.5094,2.6594,0,0,0,0,0,0
1078,Wehlau,54.616665,21.216667,8253.0,north,north,north,north,north,north,4.7,4.7,4.7,4.7,4.7,4.7,,,,,,,703.0,703.0,703.0,703.0,703.0,703.0,0.0,0.45,0.95,1.45,1.95,2.45,,,,,,,,,,,,,2.8638,2.9988,3.1488,3.2988,3.4488,3.5988,1,1,1,1,1,1
1079,Willenberg,53.383335,20.950001,,north,north,north,north,north,north,134.8,134.8,134.8,134.8,134.8,134.8,,,,,,,6039.8,6039.8,6039.8,6039.8,6039.8,6039.8,0.0,0.0,0.0,0.39,0.89,1.39,,,,,,,,,,,,,3.2825,3.2825,3.2825,3.3995,3.5495,3.6995,0,0,0,0,0,0
1080,Wormditt,54.099998,20.133333,8615.0,north,north,north,north,north,north,49.2,49.2,49.2,49.2,49.2,49.2,,,,,,,270.3,270.3,270.3,270.3,270.3,270.3,0.0,0.0,0.42,0.92,1.42,1.92,,,,,,,,,,,,,2.0413,2.0413,2.1673,2.3173,2.4673,2.6173,0,0,0,0,0,0
1081,Zinten,54.450001,20.299999,,north,north,north,north,north,north,40.3,40.3,40.3,40.3,40.3,40.3,,,,,,,563.2,563.2,563.2,563.2,563.2,563.2,0.0,0.1,0.6,1.1,1.6,2.1,,,,,,,,,,,,,2.3342,2.3642,2.5142,2.6642,2.8142,2.9642,0,0,0,0,0,0
1082,Zoppot,54.433334,18.549999,,north,north,north,north,north,north,10.1,10.1,10.1,10.1,10.1,10.1,,,,,,,6039.8,6039.8,6039.8,6039.8,6039.8,6039.8,2.5,3.0,3.5,4.0,4.5,5.0,,,,,,,,,,,,,4.4061,4.5561,4.7061,4.8561,5.0061,5.1561,1,1,1,1,1,1
2001,Anklam,53.855278,13.692778,258.0,north,north,north,north,north,north,4.1,4.1,4.1,4.1,4.1,4.1,6.0,6.0,6.0,6.0,6.0,6.0,432.8,432.8,432.8,432.8,432.8,432.8,0.08,0.58,1.08,1.58,2.08,2.58,1500.0,2000.0,1500.0,1000.0,1500.0,2000.0,1.5,1.333,0.75,0.667,1.5,1.333,2.7021,2.8521,3.0021,3.1521,3.3021,3.4521,1,1,1,1,1,1
2002,Barth,54.36861,12.726389,448.0,north,north,north,north,north,north,53.1,53.1,53.1,53.1,53.1,53.1,,,,,,,332.4,332.4,332.4,332.4,332.4,332.4,0.91,1.41,1.91,2.41,2.91,3.41,,,,,,,,,,,,,2.3968,2.5468,2.6968,2.8468,2.9968,3.1468,0,0,0,0,0,0
2003,Bergen,54.418335,13.432777,14429.0,north,north,north,north,north,north,35.8,35.8,35.8,35.8,35.8,35.8,,,,,,,332.4,332.4,332.4,332.4,332.4,332.4,0.57,1.07,1.57,2.07,2.57,3.07,,,,,,,,,,,,,2.3472,2.4972,2.6472,2.7972,2.9472,3.0972,0,0,0,0,0,0
2004,Damgarten,54.255001,12.473333,1321.0,north,north,north,north,north,north,35.0,35.0,35.0,35.0,35.0,35.0,,,,,,,734.1,734.1,734.1,734.1,734.1,734.1,0.0,0.42,0.92,1.42,1.92,2.42,,,,,,,,,,,,,2.5019,2.6279,2.7779,2.9279,3.0779,3.2279,0,0,0,0,0,0
2005,Demmin,53.905277,13.038055,1385.0,north,north,north,north,north,north,4.6,4.6,4.6,4.6,4.6,4.6,,,,,,,344.9,344.9,344.9,344.9,344.9,344.9,1.8,2.3,2.8,3.3,3.8,4.3,,,,,,,,,,,,,3.1212,3.2712,3.4212,3.5712,3.7212,3.8712,1,1,1,1,1,1
2006,Franzburg,54.186943,12.8775,13942.0,north,north,north,north,north,north,30.7,30.7,30.7,30.7,30.7,30.7,,,,,,,142.6,142.6,142.6,142.6,142.6,142.6,0.19,0.69,1.19,1.69,2.19,2.69,,,,,,,,,,,,,1.9603,2.1103,2.2603,2.4103,2.5603,2.7103,0,0,0,0,0,0
2007,Gartz (Oder),53.208611,14.388611,2106.0,north,north,north,north,north,north,4.0,4.0,4.0,4.0,4.0,4.0,,,,,,,140.8,140.8,140.8,140.8,140.8,140.8,0.14,0.64,1.14,1.64,2.14,2.64,,,,,,,,,,,,,2.2735,2.4235,2.5735,2.7235,2.8735,3.0235,1,1,1,1,1,1
2008,Garz (Ruegen),54.316387,13.352222,14394.0,north,north,north,north,north,north,24.8,24.8,24.8,24.8,24.8,24.8,,,,,,,390.6,390.6,390.6,390.6,390.6,390.6,0.0,0.0,0.31,0.81,1.31,1.81,,,,,,,,,,,,,2.3782,2.3782,2.4712,2.6212,2.7712,2.9212,0,0,0,0,0,0
2009,Greifswald,54.095554,13.379444,2409.0,north,north,north,north,north,north,2.3,2.3,2.3,2.3,2.3,2.3,7.0,7.0,7.0,7.0,7.0,7.0,471.3,471.3,471.3,471.3,471.3,471.3,0.57,1.07,1.57,2.07,2.57,3.07,4500.0,8000.0,6500.0,5000.0,3500.0,2000.0,4.5,1.778,0.812,0.769,0.7,0.571,2.9051,3.0551,3.2051,3.3551,3.5051,3.6551,2,2,2,2,2,1
2010,Grimmen,54.113056,13.043056,2431.0,north,north,north,north,north,north,19.6,19.6,19.6,19.6,19.6,19.6,,,,,,,304.8,304.8,304.8,304.8,304.8,304.8,0.0,0.33,0.83,1.33,1.83,2.33,,,,,,,,,,,,,2.3441,2.4431,2.5931,2.7431,2.8931,3.0431,0,0,0,0,0,0
2011,Guetzkow,53.9375,13.409445,13943.0,north,north,north,north,north,north,2.6,2.6,2.6,2.6,2.6,2.6,,,,,,,301.9,301.9,301.9,301.9,301.9,301.9,1.22,1.72,2.22,2.72,3.22,3.72,,,,,,,,,,,,,2.9189,3.0689,3.2189,3.3689,3.5189,3.6689,1,1,1,1,1,1
2012,Jarmen,53.923889,13.34,13944.0,north,north,north,north,north,north,4.8,4.8,4.8,4.8,4.8,4.8,,,,,,,239.2,239.2,239.2,239.2,239.2,239.2,0.0,0.43,0.93,1.43,1.93,2.43,,,,,,,,,,,,,2.4328,2.5618,2.7118,2.8618,3.0118,3.1618,1,1,1,1,1,1
2013,Lassan,53.945557,13.845,13945.0,north,north,north,north,north,north,11.3,11.3,11.3,11.3,11.3,11.3,,,,,,,256.1,256.1,256.1,256.1,256.1,256.1,2.5,3.0,3.5,4.0,4.5,5.0,,,,,,,,,,,,,3.1291,3.2791,3.4291,3.5791,3.7291,3.8791,1,1,1,1,1,1
2014,Loitz,53.97361,13.129444,4558.0,north,north,north,north,north,north,5.1,5.1,5.1,5.1,5.1,5.1,,,,,,,261.4,261.4,261.4,261.4,261.4,261.4,0.01,0.51,1.01,1.51,2.01,2.51,,,,,,,,,,,,,2.4673,2.6173,2.7673,2.9173,3.0673,3.2173,1,1,1,1,1,1
2015,Pasewalk,53.503887,13.997222,5844.0,north,north,north,north,north,north,4.6,4.6,4.6,4.6,4.6,4.6,,,,,,,373.3,373.3,373.3,373.3,373.3,373.3,1.0,1.5,2.0,2.5,3.0,3.5,,,,,,,,,,,,,2.9129,3.0629,3.2129,3.3629,3.5129,3.6629,1,1,1,1,1,1
2016,Penkun,53.297779,14.235556,13946.0,north,north,north,north,north,north,15.5,15.5,15.5,15.5,15.5,15.5,,,,,,,389.1,389.1,389.1,389.1,389.1,389.1,0.1,0.6,1.1,1.6,2.1,2.6,,,,,,,,,,,,,2.5233,2.6733,2.8233,2.9733,3.1233,3.2733,0,0,0,0,0,0
2017,Richtenberg,54.200554,12.89,6407.0,north,north,north,north,north,north,31.7,31.7,31.7,31.7,31.7,31.7,,,,,,,188.5,188.5,188.5,188.5,188.5,188.5,0.19,0.69,1.19,1.69,2.19,2.69,,,,,,,,,,,,,2.0583,2.2083,2.3583,2.5083,2.6583,2.8083,0,0,0,0,0,0
2018,Stralsund,54.313889,13.089723,7461.0,north,north,north,north,north,north,32.1,32.1,32.1,32.1,32.1,32.1,9.0,9.0,9.0,9.0,9.0,9.0,1230.6,1230.6,1230.6,1230.6,1230.6,1230.6,0.5,1.0,1.5,2.0,2.5,3.0,7000.0,12000.0,13500.0,15000.0,13000.0,11000.0,3.5,1.714,1.125,1.111,0.867,0.846,2.8949,3.0449,3.1949,3.3449,3.4949,3.6449,2,3,3,3,2,2
2019,Treptow (Tollense),53.69278,13.250834,,north,north,north,north,north,north,26.8,26.8,26.8,26.8,26.8,26.8,,,,,,,399.6,399.6,399.6,399.6,399.6,399.6,0.75,1.25,1.75,2.25,2.75,3.25,,,,,,,,,,,,,2.5875,2.7375,2.8875,3.0375,3.1875,3.3375,0,0,0,0,0,0
2020,Tribsees,54.094444,12.757778,7810.0,north,north,north,north,north,north,27.3,27.3,27.3,27.3,27.3,27.3,,,,,,,196.3,196.3,196.3,196.3,196.3,196.3,1.14,1.64,2.14,2.64,3.14,3.64,,,,,,,,,,,,,2.4142,2.5642,2.7142,2.8642,3.0142,3.1642,0,0,0,0,0,0
2021,Ueckermuende,53.736389,14.046389,7885.0,north,north,north,north,north,north,1.3,1.3,1.3,1.3,1.3,1.3,,,,,,,412.6,412.6,412.6,412.6,412.6,412.6,0.72,1.22,1.72,2.22,2.72,3.22,,,,,,,,,,,,,2.9096,3.0596,3.2096,3.3596,3.5096,3.6596,1,1,1,1,1,1
2022,Usedom,53.87389,13.920278,13947.0,north,north,north,north,north,north,11.0,11.0,11.0,11.0,11.0,11.0,,,,,,,377.1,377.1,377.1,377.1,377.1,377.1,1.35,1.85,2.35,2.85,3.35,3.85,,,,,,,,,,,,,2.9417,3.0917,3.2417,3.3917,3.5417,3.6917,1,1,1,1,1,1
2023,Wolgast,54.052776,13.774445,8590.0,north,north,north,north,north,north,21.5,21.5,21.5,21.5,21.5,21.5,,,,,,,1759.4,1759.4,1759.4,1759.4,1759.4,1759.4,3.31,3.81,4.31,4.81,5.31,5.81,,,,,,,,,,,,,4.0132,4.1632,4.3132,4.4632,4.6132,4.7632,0,0,0,0,0,0
3001,Arnhausen,53.8325,15.939167,,north,north,north,north,north,north,107.0,107.0,107.0,107.0,107.0,107.0,,,,,,,262.0,262.0,262.0,262.0,262.0,262.0,4.5,5.0,5.5,6.0,6.5,7.0,,,,,,,,,,,,,3.3789,3.5289,3.6789,3.8289,3.9789,4.1289,0,0,0,0,0,0
3002,Arnswalde,53.166668,15.4,303.0,north,north,north,north,north,north,42.2,42.2,42.2,42.2,42.2,42.2,,,,,,,192.7,192.7,192.7,192.7,192.7,192.7,0.0,0.36,0.86,1.36,1.86,2.36,,,,,,,,,,,,,1.9065,2.0145,2.1645,2.3145,2.4645,2.6145,0,0,0,0,0,0
3003,Baerwalde,53.745277,16.35111,,north,north,north,north,north,north,116.5,116.5,116.5,116.5,116.5,116.5,,,,,,,670.6,670.6,670.6,670.6,670.6,670.6,0.0,0.14,0.64,1.14,1.64,2.14,,,,,,,,,,,,,2.4039,2.4459,2.5959,2.7459,2.8959,3.0459,0,0,0,0,0,0
3004,Bahn,53.099998,14.65,16379.0,north,north,north,north,north,north,18.1,18.1,18.1,18.1,18.1,18.1,,,,,,,344.5,344.5,344.5,344.5,344.5,344.5,0.16,0.66,1.16,1.66,2.16,2.66,,,,,,,,,,,,,2.4594,2.6094,2.7594,2.9094,3.0594,3.2094,0,0,0,0,0,0
3005,Baldenburg,53.897499,16.834444,16395.0,north,north,north,north,north,north,125.0,125.0,125.0,125.0,125.0,125.0,,,,,,,343.3,343.3,343.3,343.3,343.3,343.3,0.0,0.0,0.0,0.17,0.67,1.17,,,,,,,,,,,,,2.1366,2.1366,2.1366,2.1876,2.3376,2.4876,0,0,0,0,0,0
3006,Belgard,54.0,15.983334,517.0,north,north,north,north,north,north,119.9,119.9,119.9,119.9,119.9,119.9,,,,,,,343.3,343.3,343.3,343.3,343.3,343.3,6.5,7.0,7.5,8.0,8.0,8.0,,,,,,,,,,,,,4.0866,4.2366,4.3866,4.5366,4.5366,4.5366,0,0,0,0,0,0
3007,Bublitz,53.950001,16.583334,16380.0,north,north,north,north,north,north,142.2,142.2,142.2,142.2,142.2,142.2,,,,,,,544.7,544.7,544.7,544.7,544.7,544.7,0.0,0.0,0.11,0.61,1.11,1.61,,,,,,,,,,,,,2.3208,2.3208,2.3538,2.5038,2.6538,2.8038,0,0,0,0,0,0
3008,Buetow,54.16861,17.491667,16381.0,north,north,north,north,north,north,78.6,78.6,78.6,78.6,78.6,78.6,,,,,,,2805.6,2805.6,2805.6,2805.6,2805.6,2805.6,0.0,0.0,0.21,0.71,1.21,1.71,,,,,,,,,,,,,2.9759,2.9759,3.0389,3.1889,3.3389,3.4889,0,0,0,0,0,0
3009,Daber,53.586666,15.309167,16382.0,north,north,north,north,north,north,57.4,57.4,57.4,57.4,57.4,57.4,,,,,,,256.9,256.9,256.9,256.9,256.9,256.9,0.0,0.05,0.55,1.05,1.55,2.05,,,,,,,,,,,,,2.021,2.036,2.186,2.336,2.486,2.636,0,0,0,0,0,0
3010,Deutsch Krone,53.266666,16.466667,1413.0,north,north,north,north,north,north,76.8,76.8,76.8,76.8,76.8,76.8,,,,,,,732.1,732.1,732.1,732.1,732.1,732.1,0.0,0.0,0.47,0.97,1.47,1.97,,,,,,,,,,,,,2.4389,2.4389,2.5799,2.7299,2.8799,3.0299,0,0,0,0,0,0
3011,Dramburg,53.533333,15.8,1552.0,north,north,north,north,north,north,83.5,83.5,83.5,83.5,83.5,83.5,,,,,,,386.2,386.2,386.2,386.2,386.2,386.2,0.0,0.03,0.53,1.03,1.53,2.03,,,,,,,,,,,,,2.1836,2.1926,2.3426,2.4926,2.6426,2.7926,0,0,0,0,0,0
3012,Driesen (Neumark),52.833332,15.833333,1581.0,north,north,north,north,north,north,14.1,14.1,14.1,14.1,14.1,14.1,,,,,,,493.1,493.1,493.1,493.1,493.1,493.1,1.58,2.08,2.58,3.08,3.58,4.08,,,,,,,,,,,,,3.0787,3.2287,3.3787,3.5287,3.6787,3.8287,1,1,1,1,1,1
3013,Falkenburg,53.534443,16.008888,1902.0,north,north,north,north,north,north,86.5,86.5,86.5,86.5,86.5,86.5,,,,,,,360.4,360.4,360.4,360.4,360.4,360.4,0.0,0.0,0.39,0.89,1.39,1.89,,,,,,,,,,,,,2.156,2.156,2.273,2.423,2.573,2.723,0,0,0,0,0,0
3014,Fiddichow,53.127777,14.388889,16383.0,north,north,north,north,north,north,1.5,1.5,1.5,1.5,1.5,1.5,,,,,,,139.1,139.1,139.1,139.1,139.1,139.1,0.91,1.41,1.91,2.41,2.91,3.41,,,,,,,,,,,,,2.531,2.681,2.831,2.981,3.131,3.281,1,1,1,1,1,1
3015,Flatow,53.362499,17.033056,16372.0,north,north,north,north,north,north,94.9,94.9,94.9,94.9,94.9,94.9,,,,,,,521.4,521.4,521.4,521.4,521.4,521.4,5.5,6.0,6.5,7.0,7.5,8.0,,,,,,,,,,,,,3.9534,4.1034,4.2534,4.4034,4.5534,4.7034,0,0,0,0,0,0
3016,Freienwalde i. Pomm.,53.466667,15.35,16384.0,north,north,north,north,north,north,54.8,54.8,54.8,54.8,54.8,54.8,,,,,,,232.3,232.3,232.3,232.3,232.3,232.3,0.0,0.5,1.0,1.5,2.0,2.5,,,,,,,,,,,,,1.981,2.131,2.281,2.431,2.581,2.731,0,0,0,0,0,0
3017,Friedeberg (Neumark),52.883335,15.516666,2020.0,north,north,north,north,north,north,11.4,11.4,11.4,11.4,11.4,11.4,,,,,,,446.7,446.7,446.7,446.7,446.7,446.7,0.0,0.4,0.9,1.4,1.9,2.4,,,,,,,,,,,,,2.5994,2.7194,2.8694,3.0194,3.1694,3.3194,1,1,1,1,1,1
3018,Gollnow,53.56361,14.828055,2281.0,north,north,north,north,north,north,31.4,31.4,31.4,31.4,31.4,31.4,,,,,,,465.4,465.4,465.4,465.4,465.4,465.4,0.5,1.0,1.5,2.0,2.5,3.0,,,,,,,,,,,,,2.5153,2.6653,2.8153,2.9653,3.1153,3.2653,0,0,0,0,0,0
3019,Greifenberg i. Pomm.,53.916111,15.199722,2406.0,north,north,north,north,north,north,77.1,77.1,77.1,77.1,77.1,77.1,,,,,,,325.2,325.2,325.2,325.2,325.2,325.2,0.0,0.38,0.88,1.38,1.88,2.38,,,,,,,,,,,,,2.1151,2.2291,2.3791,2.5291,2.6791,2.8291,0,0,0,0,0,0
3020,Greifenhagen,53.252777,14.487778,2407.0,north,north,north,north,north,north,4.2,4.2,4.2,4.2,4.2,4.2,,,,,,,255.2,255.2,255.2,255.2,255.2,255.2,0.0,0.46,0.96,1.46,1.96,2.46,,,,,,,,,,,,,2.4659,2.6039,2.7539,2.9039,3.0539,3.2039,1,1,1,1,1,1
3021,Guelzow,53.824165,14.979445,,north,north,north,north,north,north,61.0,61.0,61.0,61.0,61.0,61.0,,,,,,,500.3,500.3,500.3,500.3,500.3,500.3,0.0,0.0,0.46,0.96,1.46,1.96,,,,,,,,,,,,,2.2869,2.2869,2.4249,2.5749,2.7249,2.8749,0,0,0,0,0,0
3022,Hammerstein,53.683056,16.941944,2789.0,north,north,north,north,north,north,108.2,108.2,108.2,108.2,108.2,108.2,,,,,,,457.7,457.7,457.7,457.7,457.7,457.7,0.0,0.0,0.0,0.2,0.7,1.2,,,,,,,,,,,,,2.2514,2.2514,2.2514,2.3114,2.4614,2.6114,0,0,0,0,0,0
3023,Hochzeit,53.0,15.95,,north,north,north,north,north,north,31.5,31.5,31.5,31.5,31.5,31.5,,,,,,,275.1,275.1,275.1,275.1,275.1,275.1,0.12,0.62,1.12,1.62,2.12,2.62,,,,,,,,,,,,,2.1905,2.3405,2.4905,2.6405,2.7905,2.9405,0,0,0,0,0,0
3024,Jacobshagen,53.356945,15.428611,16385.0,north,north,north,north,north,north,58.1,58.1,58.1,58.1,58.1,58.1,,,,,,,143.6,143.6,143.6,143.6,143.6,143.6,0.0,0.0,0.14,0.64,1.14,1.64,,,,,,,,,,,,,1.7897,1.7897,1.8317,1.9817,2.1317,2.2817,0,0,0,0,0,0
3025,Jastrow,53.416668,16.816668,3392.0,north,north,north,north,north,north,105.3,105.3,105.3,105.3,105.3,105.3,,,,,,,424.6,424.6,424.6,424.6,424.6,424.6,0.0,0.0,0.0,0.37,0.87,1.37,,,,,,,,,,,,,2.2214,2.2214,2.2214,2.3324,2.4824,2.6324,0,0,0,0,0,0
3026,Kallies,53.283333,15.9,3500.0,north,north,north,north,north,north,57.7,57.7,57.7,57.7,57.7,57.7,,,,,,,349.1,349.1,349.1,349.1,349.1,349.1,0.0,0.0,0.47,0.97,1.47,1.97,,,,,,,,,,,,,2.1433,2.1433,2.2843,2.4343,2.5843,2.7343,0,0,0,0,0,0
3027,Kammin,53.9725,14.768611,3538.0,north,north,north,north,north,north,52.9,52.9,52.9,52.9,52.9,52.9,,,,,,,5112.2,5112.2,5112.2,5112.2,5112.2,5112.2,4.5,5.0,5.5,6.0,6.5,7.0,,,,,,,,,,,,,4.5658,4.7158,4.8658,5.0158,5.1658,5.3158,0,0,0,0,0,0
3028,Koerlin,54.038055,15.876667,3958.0,north,north,north,north,north,north,117.2,117.2,117.2,117.2,117.2,117.2,,,,,,,647.5,647.5,647.5,647.5,647.5,647.5,0.0,0.01,0.51,1.01,1.51,2.01,,,,,,,,,,,,,2.3899,2.3929,2.5429,2.6929,2.8429,2.9929,0,0,0,0,0,0
3029,Koeslin,54.190277,16.181667,3976.0,north,north,north,north,north,north,143.3,143.3,143.3,143.3,143.3,143.3,30.0,30.0,30.0,30.0,30.0,30.0,1085.6,1085.6,1085.6,1085.6,1085.6,1085.6,0.36,0.86,1.36,1.86,2.36,2.86,1000.0,1000.0,1000.0,1000.0,2000.0,3000.0,1.0,1.0,1.0,1.0,2.0,1.5,2.7043,2.8543,3.0043,3.1543,3.3043,3.4543,0,0,0,0,0,2
3030,Kolberg,54.175835,15.574722,3880.0,north,north,north,north,north,north,110.0,110.0,110.0,110.0,110.0,110.0,6.0,6.0,6.0,6.0,6.0,6.0,6039.8,6039.8,6039.8,6039.8,6039.8,6039.8,2.5,3.0,3.5,4.0,4.5,5.0,2500.0,3000.0,3500.0,4000.0,4500.0,5000.0,1.25,1.2,1.167,1.143,1.125,1.111,4.0325,4.1825,4.3325,4.4825,4.6325,4.7825,0,2,2,2,2,2
3031,Kreuz,52.866665,16.016666,,north,north,north,north,north,north,27.0,27.0,27.0,27.0,27.0,27.0,,,,,,,1056.3,1056.3,1056.3,1056.3,1056.3,1056.3,0.0,0.0,0.0,0.0,0.0,0.0,,,,,,,,,,,,,2.7485,2.7485,2.7485,2.7485,2.7485,2.7485,0,0,0,0,0,0
3032,Krojanke,53.283333,16.983334,16386.0,north,north,north,north,north,north,96.5,96.5,96.5,96.5,96.5,96.5,,,,,,,3090.3,3090.3,3090.3,3090.3,3090.3,3090.3,0.0,0.0,0.0,0.0,0.3,0.8,,,,,,,,,,,,,3.0145,3.0145,3.0145,3.0145,3.1045,3.2545,0,0,0,0,0,0
3033,Kuertow,53.150002,15.55,,north,north,north,north,north,north,40.6,40.6,40.6,40.6,40.6,40.6,,,,,,,259.4,259.4,259.4,259.4,259.4,259.4,0.13,0.63,1.13,1.63,2.13,2.63,,,,,,,,,,,,,2.0639,2.2139,2.3639,2.5139,2.6639,2.8139,0,0,0,0,0,0
3034,Labes,53.633335,15.616667,16387.0,north,north,north,north,north,north,77.8,77.8,77.8,77.8,77.8,77.8,,,,,,,201.9,201.9,201.9,201.9,201.9,201.9,0.0,0.29,0.79,1.29,1.79,2.29,,,,,,,,,,,,,1.9251,2.0121,2.1621,2.3121,2.4621,2.6121,0,0,0,0,0,0
3035,Landeck,53.535831,16.953888,,north,north,north,north,north,north,102.6,102.6,102.6,102.6,102.6,102.6,,,,,,,223.1,223.1,223.1,223.1,223.1,223.1,0.0,0.0,0.0,0.21,0.71,1.21,,,,,,,,,,,,,1.9648,1.9648,1.9648,2.0278,2.1778,2.3278,0,0,0,0,0,0
3036,Lauenburg,54.543056,17.745832,4279.0,north,north,north,north,north,north,61.9,61.9,61.9,61.9,61.9,61.9,,,,,,,2829.9,2829.9,2829.9,2829.9,2829.9,2829.9,0.0,0.15,0.65,1.15,1.65,2.15,,,,,,,,,,,,,2.9793,3.0243,3.1743,3.3243,3.4743,3.6243,0,0,0,0,0,0
3037,Leba,54.75639,17.555555,16388.0,north,north,north,north,north,north,83.1,83.1,83.1,83.1,83.1,83.1,,,,,,,332.4,332.4,332.4,332.4,332.4,332.4,0.0,0.0,0.0,0.43,0.93,1.43,,,,,,,,,,,,,2.1238,2.1238,2.1238,2.2528,2.4028,2.5528,0,0,0,0,0,0
3038,Maerkisch Friedland,53.341389,16.084999,4775.0,north,north,north,north,north,north,68.3,68.3,68.3,68.3,68.3,68.3,,,,,,,334.5,334.5,334.5,334.5,334.5,334.5,0.0,0.0,0.47,0.97,1.47,1.97,,,,,,,,,,,,,2.1262,2.1262,2.2672,2.4172,2.5672,2.7172,0,0,0,0,0,0
3039,Massow,53.496387,15.060278,4804.0,north,north,north,north,north,north,38.2,38.2,38.2,38.2,38.2,38.2,,,,,,,321.9,321.9,321.9,321.9,321.9,321.9,0.18,0.68,1.18,1.68,2.18,2.68,,,,,,,,,,,,,2.1881,2.3381,2.4881,2.6381,2.7881,2.9381,0,0,0,0,0,0
3040,Naugard,53.666668,15.116667,5161.0,north,north,north,north,north,north,52.5,52.5,52.5,52.5,52.5,52.5,,,,,,,302.8,302.8,302.8,302.8,302.8,302.8,0.0,0.4,0.9,1.4,1.9,2.4,,,,,,,,,,,,,2.0865,2.2065,2.3565,2.5065,2.6565,2.8065,0,0,0,0,0,0
3041,Neustettin,53.716667,16.683332,5317.0,north,north,north,north,north,north,124.5,124.5,124.5,124.5,124.5,124.5,,,,,,,582.8,582.8,582.8,582.8,582.8,582.8,0.0,0.0,0.4,0.9,1.4,1.9,,,,,,,,,,,,,2.3478,2.3478,2.4678,2.6178,2.7678,2.9178,0,0,0,0,0,0
3042,Neuwarp,53.725277,14.279445,14449.0,north,north,north,north,north,north,14.5,14.5,14.5,14.5,14.5,14.5,,,,,,,563.3,563.3,563.3,563.3,563.3,563.3,0.67,1.17,1.67,2.17,2.67,3.17,,,,,,,,,,,,,2.8539,3.0039,3.1539,3.3039,3.4539,3.6039,1,1,1,1,1,1
3043,Neuwedell,53.216667,15.75,16390.0,north,north,north,north,north,north,48.2,48.2,48.2,48.2,48.2,48.2,,,,,,,344.8,344.8,344.8,344.8,344.8,344.8,0.0,0.0,0.37,0.87,1.37,1.87,,,,,,,,,,,,,2.1383,2.1383,2.2493,2.3993,2.5493,2.6993,0,0,0,0,0,0
3044,Noerenberg,53.383335,15.55,16391.0,north,north,north,north,north,north,66.3,66.3,66.3,66.3,66.3,66.3,,,,,,,214.1,214.1,214.1,214.1,214.1,214.1,0.02,0.52,1.02,1.52,2.02,2.52,,,,,,,,,,,,,1.9545,2.1045,2.2545,2.4045,2.5545,2.7045,0,0,0,0,0,0
3045,Plathe,53.803612,15.27,5964.0,north,north,north,north,north,north,70.5,70.5,70.5,70.5,70.5,70.5,,,,,,,220.2,220.2,220.2,220.2,220.2,220.2,3.5,4.0,4.5,5.0,5.5,6.0,,,,,,,,,,,,,3.0095,3.1595,3.3095,3.4595,3.6095,3.7595,0,0,0,0,0,0
3046,Pollnow,54.099998,16.700001,16393.0,north,north,north,north,north,north,130.4,130.4,130.4,130.4,130.4,130.4,,,,,,,513.1,513.1,513.1,513.1,513.1,513.1,0.0,0.0,0.43,0.93,1.43,1.93,,,,,,,,,,,,,2.297,2.297,2.426,2.576,2.726,2.876,0,0,0,0,0,0
3047,Bad Polzin,53.765556,16.092777,6039.0,north,north,north,north,north,north,112.5,112.5,112.5,112.5,112.5,112.5,,,,,,,425.6,425.6,425.6,425.6,425.6,425.6,0.0,0.1,0.6,1.1,1.6,2.1,,,,,,,,,,,,,2.2223,2.2523,2.4023,2.5523,2.7023,2.8523,0,0,0,0,0,0
3048,Preussisch Friedland,53.536388,17.235277,6110.0,north,north,north,north,north,north,84.7,84.7,84.7,84.7,84.7,84.7,,,,,,,2114.2,2114.2,2114.2,2114.2,2114.2,2114.2,0.0,0.0,0.04,0.54,1.04,1.54,,,,,,,,,,,,,2.8628,2.8628,2.8748,3.0248,3.1748,3.3248,0,0,0,0,0,0
3049,Pyritz,53.143055,14.893056,6185.0,north,north,north,north,north,north,30.9,30.9,30.9,30.9,30.9,30.9,,,,,,,236.9,236.9,236.9,236.9,236.9,236.9,1.1,1.6,2.1,2.6,3.1,3.6,,,,,,,,,,,,,2.4325,2.5825,2.7325,2.8825,3.0325,3.1825,0,0,0,0,0,0
3050,Radolin,53.0,16.549999,,north,north,north,north,north,north,65.6,65.6,65.6,65.6,65.6,65.6,,,,,,,2603.0,2603.0,2603.0,2603.0,2603.0,2603.0,0.0,0.0,0.0,0.0,0.0,0.0,,,,,,,,,,,,,2.9459,2.9459,2.9459,2.9459,2.9459,2.9459,0,0,0,0,0,0
3051,Ratzebuhr i. Pomm.,53.533333,16.85,,north,north,north,north,north,north,109.3,109.3,109.3,109.3,109.3,109.3,,,,,,,212.8,212.8,212.8,212.8,212.8,212.8,0.0,0.0,0.0,0.0,0.0,0.0,,,,,,,,,,,,,1.9461,1.9461,1.9461,1.9461,1.9461,1.9461,0,0,0,0,0,0
3052,Reetz (Neumark),53.260277,15.546389,6312.0,north,north,north,north,north,north,52.8,52.8,52.8,52.8,52.8,52.8,,,,,,,158.4,158.4,158.4,158.4,158.4,158.4,0.0,0.31,0.81,1.31,1.81,2.31,,,,,,,,,,,,,1.8285,1.9215,2.0715,2.2215,2.3715,2.5215,0,0,0,0,0,0
3053,Regenwalde,53.772778,15.405833,6315.0,north,north,north,north,north,north,74.5,74.5,74.5,74.5,74.5,74.5,,,,,,,416.2,416.2,416.2,416.2,416.2,416.2,0.23,0.73,1.23,1.73,2.23,2.73,,,,,,,,,,,,,2.2824,2.4324,2.5824,2.7324,2.8824,3.0324,0,0,0,0,0,0
3054,Ruegenwalde,54.422222,16.411112,8875.0,north,north,north,north,north,north,145.3,145.3,145.3,145.3,145.3,145.3,,,,,,,332.4,332.4,332.4,332.4,332.4,332.4,0.0,0.29,0.79,1.29,1.79,2.29,,,,,,,,,,,,,2.1238,2.2108,2.3608,2.5108,2.6608,2.8108,0,0,0,0,0,0
3055,Rummelsburg i. Pomm.,53.999722,16.976389,,north,north,north,north,north,north,116.4,116.4,116.4,116.4,116.4,116.4,,,,,,,976.6,976.6,976.6,976.6,976.6,976.6,0.0,0.0,0.0,0.0,0.0,0.22,,,,,,,,,,,,,2.5541,2.5541,2.5541,2.5541,2.5541,2.6201,0,0,0,0,0,0
3056,Schivelbein,53.766666,15.783334,6859.0,north,north,north,north,north,north,94.4,94.4,94.4,94.4,94.4,94.4,,,,,,,461.7,461.7,461.7,461.7,461.7,461.7,0.0,0.34,0.84,1.34,1.84,2.34,,,,,,,,,,,,,2.2548,2.3568,2.5068,2.6568,2.8068,2.9568,0,0,0,0,0,0
3057,Schlawe,54.349998,16.666666,6872.0,north,north,north,north,north,north,128.8,128.8,128.8,128.8,128.8,128.8,,,,,,,1012.9,1012.9,1012.9,1012.9,1012.9,1012.9,0.27,0.77,1.27,1.77,2.27,2.77,,,,,,,,,,,,,2.6496,2.7996,2.9496,3.0996,3.2496,3.3996,0,0,0,0,0,0
3058,Schlochau,53.650002,17.366667,6887.0,north,north,north,north,north,north,81.1,81.1,81.1,81.1,81.1,81.1,,,,,,,4711.0,4711.0,4711.0,4711.0,4711.0,4711.0,0.5,1.0,1.5,2.0,2.5,3.0,,,,,,,,,,,,,3.3331,3.4831,3.6331,3.7831,3.9331,4.0831,0,0,0,0,0,0
3059,Schloppe,53.083332,16.1,6889.0,north,north,north,north,north,north,45.1,45.1,45.1,45.1,45.1,45.1,,,,,,,359.3,359.3,359.3,359.3,359.3,359.3,2.5,3.0,3.5,4.0,4.5,5.0,,,,,,,,,,,,,2.9048,3.0548,3.2048,3.3548,3.5048,3.6548,0,0,0,0,0,0
3060,Schneidemuehl,53.150002,16.733334,6915.0,north,north,north,north,north,north,83.7,83.7,83.7,83.7,83.7,83.7,,,,,,,1374.3,1374.3,1374.3,1374.3,1374.3,1374.3,0.0,0.0,0.0,0.0,0.0,0.44,,,,,,,,,,,,,2.6906,2.6906,2.6906,2.6906,2.6906,2.8226,0,0,0,0,0,0
3061,Schoenlanke,53.033333,16.466667,,north,north,north,north,north,north,61.9,61.9,61.9,61.9,61.9,61.9,,,,,,,615.9,615.9,615.9,615.9,615.9,615.9,0.0,0.0,0.0,0.0,0.0,0.0,,,,,,,,,,,,,2.3699,2.3699,2.3699,2.3699,2.3699,2.3699,0,0,0,0,0,0
3062,Stargard in Pommern,53.336945,15.046667,7343.0,north,north,north,north,north,north,32.7,32.7,32.7,32.7,32.7,32.7,20.0,20.0,20.0,20.0,20.0,20.0,378.8,378.8,378.8,378.8,378.8,378.8,1.1,1.6,2.1,2.6,3.1,3.6,1500.0,2000.0,1500.0,1000.0,2500.0,4000.0,1.5,1.333,0.75,0.667,2.5,1.6,2.597,2.747,2.897,3.047,3.197,3.347,0,0,0,0,0,2
3063,Stepenitz,53.650002,14.616667,,north,north,north,north,north,north,35.5,35.5,35.5,35.5,35.5,35.5,,,,,,,307.1,307.1,307.1,307.1,307.1,307.1,0.0,0.22,0.72,1.22,1.72,2.22,,,,,,,,,,,,,2.1484,2.2144,2.3644,2.5144,2.6644,2.8144,0,0,0,0,0,0
3064,Stettin,53.424721,14.555278,7413.0,north,north,north,north,north,north,10.2,10.2,10.2,10.2,10.2,10.2,1.0,1.0,1.0,1.0,1.0,1.0,222.0,222.0,222.0,222.0,222.0,222.0,1.59,2.09,2.59,3.09,3.59,4.09,5000.0,6000.0,5000.0,4000.0,6500.0,9000.0,1.25,1.2,0.833,0.8,1.625,1.385,2.8123,2.9623,3.1123,3.2623,3.4123,3.5623,2,2,2,2,2,2
3065,Stettin-Altdamm,53.395,14.665,175.0,north,north,north,north,north,north,10.1,10.1,10.1,10.1,10.1,10.1,,,,,,,320.0,320.0,320.0,320.0,320.0,320.0,1.29,1.79,2.29,2.79,3.29,3.79,,,,,,,,,,,,,2.8695,3.0195,3.1695,3.3195,3.4695,3.6195,1,1,1,1,1,1
3066,Stettin-Grabow,53.433334,14.583333,,north,north,north,north,north,north,11.3,11.3,11.3,11.3,11.3,11.3,,,,,,,60.3,60.3,60.3,60.3,60.3,60.3,0.07,0.57,1.07,1.57,2.07,2.57,,,,,,,,,,,,,1.8255,1.9755,2.1255,2.2755,2.4255,2.5755,1,1,1,1,1,1
3067,Stettin-Poelitz,53.549999,14.570833,16373.0,north,north,north,north,north,north,24.2,24.2,24.2,24.2,24.2,24.2,,,,,,,268.0,268.0,268.0,268.0,268.0,268.0,0.01,0.51,1.01,1.51,2.01,2.51,,,,,,,,,,,,,2.2388,2.3888,2.5388,2.6888,2.8388,2.9888,0,0,0,0,0,0
3068,Stolp,54.46611,17.030834,7442.0,north,north,north,north,north,north,105.6,105.6,105.6,105.6,105.6,105.6,18.0,18.0,18.0,18.0,18.0,18.0,3684.0,3684.0,3684.0,3684.0,3684.0,3684.0,0.14,0.64,1.14,1.64,2.14,2.64,2000.0,2000.0,1500.0,1000.0,2500.0,4000.0,1.0,1.0,0.75,0.667,2.5,1.6,3.1268,3.2768,3.4268,3.5768,3.7268,3.8768,0,0,0,0,0,2
3069,Stramehl,53.65139,15.525833,,north,north,north,north,north,north,73.4,73.4,73.4,73.4,73.4,73.4,,,,,,,200.6,200.6,200.6,200.6,200.6,200.6,0.0,0.18,0.68,1.18,1.68,2.18,,,,,,,,,,,,,1.9225,1.9765,2.1265,2.2765,2.4265,2.5765,0,0,0,0,0,0
3070,Swinemuende,53.916668,14.25,,north,north,north,north,north,north,22.8,22.8,22.8,22.8,22.8,22.8,,,,,,,2450.5,2450.5,2450.5,2450.5,2450.5,2450.5,0.69,1.19,1.69,2.19,2.69,3.19,,,,,,,,,,,,,3.3434,3.4934,3.6434,3.7934,3.9434,4.0934,0,0,0,0,0,0
3071,Tankow,52.933334,15.35,,north,north,north,north,north,north,17.5,17.5,17.5,17.5,17.5,17.5,,,,,,,245.6,245.6,245.6,245.6,245.6,245.6,0.0,0.0,0.5,1.0,1.5,2.0,,,,,,,,,,,,,2.2848,2.2848,2.4348,2.5848,2.7348,2.8848,0,0,0,0,0,0
3072,Tempelburg,53.549999,16.233334,7643.0,north,north,north,north,north,north,93.5,93.5,93.5,93.5,93.5,93.5,,,,,,,529.3,529.3,529.3,529.3,529.3,529.3,0.0,0.14,0.64,1.14,1.64,2.14,,,,,,,,,,,,,2.3094,2.3514,2.5014,2.6514,2.8014,2.9514,0,0,0,0,0,0
3073,Treptow (Rega),54.063889,15.266666,7806.0,north,north,north,north,north,north,86.6,86.6,86.6,86.6,86.6,86.6,,,,,,,3763.0,3763.0,3763.0,3763.0,3763.0,3763.0,0.7,1.2,1.7,2.2,2.7,3.2,,,,,,,,,,,,,3.3033,3.4533,3.6033,3.7533,3.9033,4.0533,0,0,0,0,0,0
3074,Tuetz,53.183334,16.15,7858.0,north,north,north,north,north,north,55.7,55.7,55.7,55.7,55.7,55.7,,,,,,,349.1,349.1,349.1,349.1,349.1,349.1,0.0,0.0,0.44,0.94,1.44,1.94,,,,,,,,,,,,,2.1433,2.1433,2.2753,2.4253,2.5753,2.7253,0,0,0,0,0,0
3075,Wangerin,53.536945,15.5575,16392.0,north,north,north,north,north,north,70.2,70.2,70.2,70.2,70.2,70.2,,,,,,,192.5,192.5,192.5,192.5,192.5,192.5,0.0,0.0,0.02,0.52,1.02,1.52,,,,,,,,,,,,,1.906,1.906,1.912,2.062,2.212,2.362,0,0,0,0,0,0
3076,Werben (Pommern),53.233055,14.9125,,north,north,north,north,north,north,26.3,26.3,26.3,26.3,26.3,26.3,,,,,,,299.8,299.8,299.8,299.8,299.8,299.8,0.3,0.8,1.3,1.8,2.3,2.8,,,,,,,,,,,,,2.3441,2.4941,2.6441,2.7941,2.9441,3.0941,0,0,0,0,0,0
3077,Woldenberg (Neumark),52.966667,15.75,8576.0,north,north,north,north,north,north,21.2,21.2,21.2,21.2,21.2,21.2,,,,,,,339.2,339.2,339.2,339.2,339.2,339.2,0.0,0.5,1.0,1.5,2.0,2.5,,,,,,,,,,,,,2.367,2.517,2.667,2.817,2.967,3.117,0,0,0,0,0,0
3078,Wollin,53.843334,14.615556,8597.0,north,north,north,north,north,north,38.0,38.0,38.0,38.0,38.0,38.0,10.0,10.0,10.0,10.0,10.0,10.0,594.8,594.8,594.8,594.8,594.8,594.8,1.1,1.6,2.1,2.6,3.1,3.6,1000.0,1000.0,1000.0,1000.0,1000.0,1000.0,1.0,1.0,1.0,1.0,1.0,1.0,2.7104,2.8604,3.0104,3.1604,3.3104,3.4604,0,0,0,0,0,0
3079,Zachan,53.279446,15.318055,,north,north,north,north,north,north,51.1,51.1,51.1,51.1,51.1,51.1,,,,,,,294.8,294.8,294.8,294.8,294.8,294.8,0.0,0.31,0.81,1.31,1.81,2.31,,,,,,,,,,,,,2.0759,2.1689,2.3189,2.4689,2.6189,2.7689,0,0,0,0,0,0
3080,Zanow,54.227779,16.291666,8709.0,north,north,north,north,north,north,151.4,151.4,151.4,151.4,151.4,151.4,,,,,,,519.6,519.6,519.6,519.6,519.6,519.6,0.0,0.0,0.07,0.57,1.07,1.57,,,,,,,,,,,,,2.302,2.302,2.323,2.473,2.623,2.773,0,0,0,0,0,0
4001,Boizenburg,53.374168,10.7225,792.0,north,north,north,north,north,north,1.1,1.1,1.1,1.1,1.1,1.1,,,,,,,329.3,329.3,329.3,329.3,329.3,329.3,0.8,1.3,1.8,2.3,2.8,3.3,,,,,,,,,,,,,2.8469,2.9969,3.1469,3.2969,3.4469,3.5969,1,1,1,1,1,1
4002,Brueel,53.736946,11.713056,1035.0,north,north,north,north,north,north,23.5,23.5,23.5,23.5,23.5,23.5,,,,,,,149.9,149.9,149.9,149.9,149.9,149.9,0.28,0.78,1.28,1.78,2.28,2.78,,,,,,,,,,,,,2.0968,2.2468,2.3968,2.5468,2.6968,2.8468,0,0,0,0,0,0
4003,Buetzow,53.8475,11.984445,11825.0,north,north,north,north,north,north,6.6,6.6,6.6,6.6,6.6,6.6,,,,,,,332.1,332.1,332.1,332.1,332.1,332.1,0.79,1.29,1.79,2.29,2.79,3.29,,,,,,,,,,,,,2.7778,2.9278,3.0778,3.2278,3.3778,3.5278,1,1,1,1,1,1
4004,Crivitz,53.577778,11.648056,1258.0,north,north,north,north,north,north,10.0,10.0,10.0,10.0,10.0,10.0,,,,,,,329.8,329.8,329.8,329.8,329.8,329.8,0.0,0.0,0.48,0.98,1.48,1.98,,,,,,,,,,,,,2.495,2.495,2.639,2.789,2.939,3.089,1,1,1,1,1,1
4005,Bad Doberan,54.106667,11.899167,,north,north,north,north,north,north,18.4,18.4,18.4,18.4,18.4,18.4,,,,,,,1741.2,1741.2,1741.2,1741.2,1741.2,1741.2,0.79,1.29,1.79,2.29,2.79,3.29,,,,,,,,,,,,,3.2925,3.4425,3.5925,3.7425,3.8925,4.0425,0,0,0,0,0,0
4006,Doemitz,53.141666,11.248889,12212.0,north,north,north,north,north,north,0.2,0.2,0.2,0.2,0.2,0.2,,,,,,,384.6,384.6,384.6,384.6,384.6,384.6,0.2,0.7,1.2,1.7,2.2,2.7,,,,,,,,,,,,,2.7396,2.8896,3.0396,3.1896,3.3396,3.4896,1,1,1,1,1,1
4007,Feldberg,53.335556,13.439722,,north,north,north,north,north,north,29.8,29.8,29.8,29.8,29.8,29.8,,,,,,,262.8,262.8,262.8,262.8,262.8,262.8,0.0,0.44,0.94,1.44,1.94,2.44,,,,,,,,,,,,,2.1574,2.2894,2.4394,2.5894,2.7394,2.8894,0,0,0,0,0,0
4008,Friedland (Mecklenburg),53.669167,13.55,2024.0,north,north,north,north,north,north,25.1,25.1,25.1,25.1,25.1,25.1,,,,,,,446.3,446.3,446.3,446.3,446.3,446.3,0.06,0.56,1.06,1.56,2.06,2.56,,,,,,,,,,,,,2.4458,2.5958,2.7458,2.8958,3.0458,3.1958,0,0,0,0,0,0
4009,Fuerstenberg/Havel,53.185276,13.144722,2051.0,north,north,north,north,north,north,38.9,38.9,38.9,38.9,38.9,38.9,,,,,,,246.6,246.6,246.6,246.6,246.6,246.6,0.0,0.22,0.72,1.22,1.72,2.22,,,,,,,,,,,,,2.018,2.084,2.234,2.384,2.534,2.684,0,0,0,0,0,0
4010,Gadebusch,53.701668,11.118333,2065.0,north,north,north,north,north,north,17.0,17.0,17.0,17.0,17.0,17.0,,,,,,,282.4,282.4,282.4,282.4,282.4,282.4,0.96,1.46,1.96,2.46,2.96,3.46,,,,,,,,,,,,,2.6347,2.7847,2.9347,3.0847,3.2347,3.3847,0,0,0,0,0,0
4011,Gnoien,53.968887,12.71,2248.0,north,north,north,north,north,north,24.5,24.5,24.5,24.5,24.5,24.5,,,,,,,249.0,249.0,249.0,249.0,249.0,249.0,0.12,0.62,1.12,1.62,2.12,2.62,,,,,,,,,,,,,2.2386,2.3886,2.5386,2.6886,2.8386,2.9886,0,0,0,0,0,0
4012,Goldberg (Mecklenburg),53.590832,12.088889,13718.0,north,north,north,north,north,north,33.8,33.8,33.8,33.8,33.8,33.8,,,,,,,292.8,292.8,292.8,292.8,292.8,292.8,0.23,0.73,1.23,1.73,2.23,2.73,,,,,,,,,,,,,2.2202,2.3702,2.5202,2.6702,2.8202,2.9702,0,0,0,0,0,0
4013,Grabow,53.27861,11.564445,2362.0,north,north,north,north,north,north,5.5,5.5,5.5,5.5,5.5,5.5,,,,,,,266.7,266.7,266.7,266.7,266.7,266.7,0.64,1.14,1.64,2.14,2.64,3.14,,,,,,,,,,,,,2.6597,2.8097,2.9597,3.1097,3.2597,3.4097,1,1,1,1,1,1
4014,Grevesmuehlen,53.864445,11.184722,2423.0,north,north,north,north,north,north,31.0,31.0,31.0,31.0,31.0,31.0,,,,,,,672.9,672.9,672.9,672.9,672.9,672.9,0.2,0.7,1.2,1.7,2.2,2.7,,,,,,,,,,,,,2.5775,2.7275,2.8775,3.0275,3.1775,3.3275,0,0,0,0,0,0
4015,Guestrow,53.794445,12.175555,2705.0,north,north,north,north,north,north,13.8,13.8,13.8,13.8,13.8,13.8,13.0,13.0,13.0,13.0,13.0,13.0,250.9,250.9,250.9,250.9,250.9,250.9,0.24,0.74,1.24,1.74,2.24,2.74,1000.0,1000.0,1000.0,1000.0,1000.0,1000.0,1.0,1.0,1.0,1.0,1.0,1.0,2.4109,2.5609,2.7109,2.8609,3.0109,3.1609,1,1,1,1,1,1
4016,Hagenow,53.431667,11.191667,2743.0,north,north,north,north,north,north,18.4,18.4,18.4,18.4,18.4,18.4,,,,,,,462.2,462.2,462.2,462.2,462.2,462.2,0.6,1.1,1.6,2.1,2.6,3.1,,,,,,,,,,,,,2.7053,2.8553,3.0053,3.1553,3.3053,3.4553,0,0,0,0,0,0
4017,Krakow,53.652222,12.267777,4017.0,north,north,north,north,north,north,30.5,30.5,30.5,30.5,30.5,30.5,,,,,,,333.1,333.1,333.1,333.1,333.1,333.1,0.0,0.02,0.52,1.02,1.52,2.02,,,,,,,,,,,,,2.2439,2.2499,2.3999,2.5499,2.6999,2.8499,0,0,0,0,0,0
4018,Kroepelin,54.070835,11.795834,4079.0,north,north,north,north,north,north,22.8,22.8,22.8,22.8,22.8,22.8,,,,,,,503.8,503.8,503.8,503.8,503.8,503.8,0.64,1.14,1.64,2.14,2.64,3.14,,,,,,,,,,,,,2.6968,2.8468,2.9968,3.1468,3.2968,3.4468,0,0,0,0,0,0
4019,Laage,53.927223,12.346111,4181.0,north,north,north,north,north,north,17.0,17.0,17.0,17.0,17.0,17.0,,,,,,,351.6,351.6,351.6,351.6,351.6,351.6,0.34,0.84,1.34,1.84,2.34,2.84,,,,,,,,,,,,,2.5358,2.6858,2.8358,2.9858,3.1358,3.2858,0,0,0,0,0,0
4020,Ludwigslust,53.325279,11.496944,,north,north,north,north,north,north,5.1,5.1,5.1,5.1,5.1,5.1,,,,,,,301.0,301.0,301.0,301.0,301.0,301.0,0.0,0.0,0.5,1.0,1.5,2.0,,,,,,,,,,,,,2.5209,2.5209,2.6709,2.8209,2.9709,3.1209,1,1,1,1,1,1
4021,Luebz,53.462776,12.026389,11483.0,north,north,north,north,north,north,31.5,31.5,31.5,31.5,31.5,31.5,,,,,,,276.0,276.0,276.0,276.0,276.0,276.0,0.0,0.0,0.42,0.92,1.42,1.92,,,,,,,,,,,,,2.1562,2.1562,2.2822,2.4322,2.5822,2.7322,0,0,0,0,0,0
4022,Malchin,53.739166,12.761945,4723.0,north,north,north,north,north,north,30.4,30.4,30.4,30.4,30.4,30.4,,,,,,,200.8,200.8,200.8,200.8,200.8,200.8,0.14,0.64,1.14,1.64,2.14,2.64,,,,,,,,,,,,,2.0846,2.2346,2.3846,2.5346,2.6846,2.8346,0,0,0,0,0,0
4023,Malchow,53.474998,12.423333,13719.0,north,north,north,north,north,north,52.7,52.7,52.7,52.7,52.7,52.7,,,,,,,338.7,338.7,338.7,338.7,338.7,338.7,1.03,1.53,2.03,2.53,3.03,3.53,,,,,,,,,,,,,2.4402,2.5902,2.7402,2.8902,3.0402,3.1902,0,0,0,0,0,0
4024,Marlow,54.154167,12.571111,13720.0,north,north,north,north,north,north,32.8,32.8,32.8,32.8,32.8,32.8,,,,,,,173.8,173.8,173.8,173.8,173.8,173.8,0.4,0.9,1.4,1.9,2.4,2.9,,,,,,,,,,,,,2.0753,2.2253,2.3753,2.5253,2.6753,2.8253,0,0,0,0,0,0
4025,Mirow,53.274445,12.815278,,north,north,north,north,north,north,59.3,59.3,59.3,59.3,59.3,59.3,,,,,,,387.2,387.2,387.2,387.2,387.2,387.2,0.24,0.74,1.24,1.74,2.24,2.74,,,,,,,,,,,,,2.2566,2.4066,2.5566,2.7066,2.8566,3.0066,0,0,0,0,0,0
4026,Neubrandenburg,53.55722,13.259722,5224.0,north,north,north,north,north,north,40.9,40.9,40.9,40.9,40.9,40.9,18.0,18.0,18.0,18.0,18.0,18.0,163.9,163.9,163.9,163.9,163.9,163.9,0.06,0.56,1.06,1.56,2.06,2.56,1500.0,2000.0,1500.0,1000.0,1500.0,2000.0,1.5,1.333,0.75,0.667,1.5,1.333,1.86,2.01,2.16,2.31,2.46,2.61,0,0,0,0,0,0
4027,Neubukow,54.031387,11.671389,5227.0,north,north,north,north,north,north,29.0,29.0,29.0,29.0,29.0,29.0,,,,,,,713.1,713.1,713.1,713.1,713.1,713.1,0.0,0.5,1.0,1.5,2.0,2.5,,,,,,,,,,,,,2.5654,2.7154,2.8654,3.0154,3.1654,3.3154,0,0,0,0,0,0
4028,Neukalen,53.823055,12.790833,5280.0,north,north,north,north,north,north,22.9,22.9,22.9,22.9,22.9,22.9,,,,,,,217.7,217.7,217.7,217.7,217.7,217.7,0.76,1.26,1.76,2.26,2.76,3.26,,,,,,,,,,,,,2.3969,2.5469,2.6969,2.8469,2.9969,3.1469,0,0,0,0,0,0
4029,Neustadt-Gleve,53.383057,11.585278,5314.0,north,north,north,north,north,north,5.8,5.8,5.8,5.8,5.8,5.8,,,,,,,256.2,256.2,256.2,256.2,256.2,256.2,0.02,0.52,1.02,1.52,2.02,2.52,,,,,,,,,,,,,2.4533,2.6033,2.7533,2.9033,3.0533,3.2033,1,1,1,1,1,1
4030,Neustrelitz,53.362221,13.063334,,north,north,north,north,north,north,54.4,54.4,54.4,54.4,54.4,54.4,73.0,73.0,73.0,73.0,73.0,73.0,132.7,132.7,132.7,132.7,132.7,132.7,0.5,1.0,1.5,2.0,2.5,3.0,0.0,0.0,0.0,0.0,0.0,0.0,,,,,,,1.9082,2.0582,2.2082,2.3582,2.5082,2.6582,0,0,0,0,0,0
4031,Parchim,53.425556,11.8475,5831.0,north,north,north,north,north,north,19.9,19.9,19.9,19.9,19.9,19.9,,,,,,,445.9,445.9,445.9,445.9,445.9,445.9,0.25,0.75,1.25,1.75,2.25,2.75,,,,,,,,,,,,,2.5677,2.7177,2.8677,3.0177,3.1677,3.3177,0,0,0,0,0,0
4032,Penzlin,53.50528,13.088889,13721.0,north,north,north,north,north,north,48.1,48.1,48.1,48.1,48.1,48.1,,,,,,,346.4,346.4,346.4,346.4,346.4,346.4,0.8,1.3,1.8,2.3,2.8,3.3,,,,,,,,,,,,,2.3802,2.5302,2.6802,2.8302,2.9802,3.1302,0,0,0,0,0,0
4033,Plau,53.459167,12.264444,5968.0,north,north,north,north,north,north,47.2,47.2,47.2,47.2,47.2,47.2,,,,,,,226.4,226.4,226.4,226.4,226.4,226.4,0.25,0.75,1.25,1.75,2.25,2.75,,,,,,,,,,,,,2.0457,2.1957,2.3457,2.4957,2.6457,2.7957,0,0,0,0,0,0
4034,Rehna,53.779724,11.049444,,north,north,north,north,north,north,20.8,20.8,20.8,20.8,20.8,20.8,,,,,,,197.7,197.7,197.7,197.7,197.7,197.7,0.2,0.7,1.2,1.7,2.2,2.7,,,,,,,,,,,,,2.2164,2.3664,2.5164,2.6664,2.8164,2.9664,0,0,0,0,0,0
4035,Ribnitz,54.242779,12.431666,6404.0,north,north,north,north,north,north,32.3,32.3,32.3,32.3,32.3,32.3,,,,,,,2335.0,2335.0,2335.0,2335.0,2335.0,2335.0,0.4,0.9,1.4,1.9,2.4,2.9,,,,,,,,,,,,,3.1188,3.2688,3.4188,3.5688,3.7188,3.8688,0,0,0,0,0,0
4036,Roebel,53.37611,12.605833,6457.0,north,north,north,north,north,north,65.5,65.5,65.5,65.5,65.5,65.5,,,,,,,323.8,323.8,323.8,323.8,323.8,323.8,0.23,0.73,1.23,1.73,2.23,2.73,,,,,,,,,,,,,2.1823,2.3323,2.4823,2.6323,2.7823,2.9323,0,0,0,0,0,0
4037,Rostock,54.088333,12.135834,6545.0,north,north,north,north,north,north,8.5,8.5,8.5,8.5,8.5,8.5,14.0,14.0,14.0,14.0,14.0,14.0,706.1,706.1,706.1,706.1,706.1,706.1,0.9,1.4,1.9,2.4,2.9,3.4,6500.0,10000.0,11500.0,13000.0,11500.0,10000.0,2.167,1.538,1.15,1.13,0.885,0.87,3.0886,3.2386,3.3886,3.5386,3.6886,3.8386,2,3,3,3,2,2
4038,Schoenberg (Mecklenburg),53.846943,10.934444,,north,north,north,north,north,north,15.0,15.0,15.0,15.0,15.0,15.0,,,,,,,372.8,372.8,372.8,372.8,372.8,372.8,0.31,0.81,1.31,1.81,2.31,2.81,,,,,,,,,,,,,2.5747,2.7247,2.8747,3.0247,3.1747,3.3247,0,0,0,0,0,0
4039,Schwaan,53.939445,12.1125,6989.0,north,north,north,north,north,north,6.6,6.6,6.6,6.6,6.6,6.6,,,,,,,223.2,223.2,223.2,223.2,223.2,223.2,0.8,1.3,1.8,2.3,2.8,3.3,,,,,,,,,,,,,2.6223,2.7723,2.9223,3.0723,3.2223,3.3723,1,1,1,1,1,1
4040,Schwerin,53.628334,11.414166,7018.0,north,north,north,north,north,north,5.7,5.7,5.7,5.7,5.7,5.7,38.0,38.0,38.0,38.0,38.0,38.0,520.9,520.9,520.9,520.9,520.9,520.9,2.32,2.82,3.32,3.82,4.32,4.82,2000.0,2000.0,1500.0,1000.0,2000.0,3000.0,1.0,1.0,0.75,0.667,2.0,1.5,3.4277,3.5777,3.7277,3.8777,4.0277,4.1777,1,1,1,1,1,2
4041,Stargard in Mecklenburg,53.495277,13.31,7342.0,north,north,north,north,north,north,40.2,40.2,40.2,40.2,40.2,40.2,,,,,,,281.1,281.1,281.1,281.1,281.1,281.1,0.14,0.64,1.14,1.64,2.14,2.64,,,,,,,,,,,,,2.0988,2.2488,2.3988,2.5488,2.6988,2.8488,0,0,0,0,0,0
4042,Stavenhagen,53.698891,12.908055,13722.0,north,north,north,north,north,north,28.9,28.9,28.9,28.9,28.9,28.9,,,,,,,393.4,393.4,393.4,393.4,393.4,393.4,0.0,0.48,0.98,1.48,1.98,2.48,,,,,,,,,,,,,2.3297,2.4737,2.6237,2.7737,2.9237,3.0737,0,0,0,0,0,0
4043,Sternberg,53.711113,11.828055,7411.0,north,north,north,north,north,north,24.9,24.9,24.9,24.9,24.9,24.9,,,,,,,308.6,308.6,308.6,308.6,308.6,308.6,0.12,0.62,1.12,1.62,2.12,2.62,,,,,,,,,,,,,2.3187,2.4687,2.6187,2.7687,2.9187,3.0687,0,0,0,0,0,0
4044,Strelitz,53.3325,13.092778,7485.0,north,north,north,north,north,north,52.7,52.7,52.7,52.7,52.7,52.7,,,,,,,165.9,165.9,165.9,165.9,165.9,165.9,0.0,0.22,0.72,1.22,1.72,2.22,,,,,,,,,,,,,1.8469,1.9129,2.0629,2.2129,2.3629,2.5129,0,0,0,0,0,0
4045,Bad Suelze,54.109722,12.658889,7543.0,north,north,north,north,north,north,33.5,33.5,33.5,33.5,33.5,33.5,,,,,,,150.6,150.6,150.6,150.6,150.6,150.6,0.21,0.71,1.21,1.71,2.21,2.71,,,,,,,,,,,,,1.9526,2.1026,2.2526,2.4026,2.5526,2.7026,0,0,0,0,0,0
4046,Tessin,54.02861,12.463056,7669.0,north,north,north,north,north,north,21.8,21.8,21.8,21.8,21.8,21.8,,,,,,,295.8,295.8,295.8,295.8,295.8,295.8,0.0,0.0,0.49,0.99,1.49,1.99,,,,,,,,,,,,,2.3046,2.3046,2.4516,2.6016,2.7516,2.9016,0,0,0,0,0,0
4047,Teterow,53.773335,12.575833,7671.0,north,north,north,north,north,north,37.1,37.1,37.1,37.1,37.1,37.1,,,,,,,444.8,444.8,444.8,444.8,444.8,444.8,0.79,1.29,1.79,2.29,2.79,3.29,,,,,,,,,,,,,2.5132,2.6632,2.8132,2.9632,3.1132,3.2632,0,0,0,0,0,0
4048,Waren,53.513054,12.686111,8191.0,north,north,north,north,north,north,53.9,53.9,53.9,53.9,53.9,53.9,,,,,,,422.8,422.8,422.8,422.8,422.8,422.8,0.32,0.82,1.32,1.82,2.32,2.82,,,,,,,,,,,,,2.3157,2.4657,2.6157,2.7657,2.9157,3.0657,0,0,0,0,0,0
4049,Warin,53.800278,11.704445,8193.0,north,north,north,north,north,north,24.8,24.8,24.8,24.8,24.8,24.8,,,,,,,262.0,262.0,262.0,262.0,262.0,262.0,0.21,0.71,1.21,1.71,2.21,2.71,,,,,,,,,,,,,2.2815,2.4315,2.5815,2.7315,2.8815,3.0315,0,0,0,0,0,0
4050,Wesenberg,53.281387,12.970278,8347.0,north,north,north,north,north,north,53.9,53.9,53.9,53.9,53.9,53.9,,,,,,,227.5,227.5,227.5,227.5,227.5,227.5,0.0,0.5,1.0,1.5,2.0,2.5,,,,,,,,,,,,,1.9727,2.1227,2.2727,2.4227,2.5727,2.7227,0,0,0,0,0,0
4051,Wismar,53.891388,11.465834,8505.0,north,north,north,north,north,north,34.0,34.0,34.0,34.0,34.0,34.0,13.0,13.0,13.0,13.0,13.0,13.0,668.0,668.0,668.0,668.0,668.0,668.0,0.83,1.33,1.83,2.33,2.83,3.33,5500.0,8000.0,7000.0,6000.0,7500.0,9000.0,1.833,1.455,0.875,0.857,1.25,1.2,2.7268,2.8768,3.0268,3.1768,3.3268,3.4768,2,2,1,1,2,2
4052,Wittenburg,53.511391,11.074166,8516.0,north,north,north,north,north,north,9.3,9.3,9.3,9.3,9.3,9.3,,,,,,,465.4,465.4,465.4,465.4,465.4,465.4,0.96,1.46,1.96,2.46,2.96,3.46,,,,,,,,,,,,,2.9302,3.0802,3.2302,3.3802,3.5302,3.6802,1,1,1,1,1,1
4053,Woldegk,53.458889,13.583055,8575.0,north,north,north,north,north,north,21.9,21.9,21.9,21.9,21.9,21.9,,,,,,,201.9,201.9,201.9,201.9,201.9,201.9,0.0,0.02,0.52,1.02,1.52,2.02,,,,,,,,,,,,,2.1511,2.1571,2.3071,2.4571,2.6071,2.7571,0,0,0,0,0,0
5001,Altona,53.549999,9.9333334,9687.0,north,north,north,north,north,north,1.4,1.4,1.4,1.4,1.4,1.4,,,,,,,172.9,172.9,172.9,172.9,172.9,172.9,0.04,0.54,1.04,1.54,2.04,2.54,,,,,,,,,,,,,2.3574,2.5074,2.6574,2.8074,2.9574,3.1074,1,1,1,1,1,1
5002,Barmstedt,53.790279,9.7683334,,north,north,north,north,north,north,14.8,14.8,14.8,14.8,14.8,14.8,,,,,,,176.2,176.2,176.2,176.2,176.2,176.2,1.1,1.6,2.1,2.6,3.1,3.6,,,,,,,,,,,,,2.5152,2.6652,2.8152,2.9652,3.1152,3.2652,1,1,1,1,1,1
5003,Bergedorf,53.487499,10.209723,561.0,north,north,north,north,north,north,5.0,5.0,5.0,5.0,5.0,5.0,,,,,,,278.8,278.8,278.8,278.8,278.8,278.8,0.88,1.38,1.88,2.38,2.88,3.38,,,,,,,,,,,,,2.7546,2.9046,3.0546,3.2046,3.3546,3.5046,1,1,1,1,1,1
5004,Bad Bramstedt,53.91861,9.8819447,,north,north,north,north,north,north,10.4,10.4,10.4,10.4,10.4,10.4,,,,,,,404.9,404.9,404.9,404.9,404.9,404.9,0.0,0.0,0.0,0.0,0.02,0.52,,,,,,,,,,,,,2.572,2.572,2.572,2.572,2.578,2.728,1,1,1,1,1,1
5005,Bredstedt,54.619999,8.9608335,,north,north,north,north,north,north,27.7,27.7,27.7,27.7,27.7,27.7,,,,,,,1685.4,1685.4,1685.4,1685.4,1685.4,1685.4,0.19,0.69,1.19,1.69,2.19,2.69,,,,,,,,,,,,,2.983,3.133,3.283,3.433,3.583,3.733,0,0,0,0,0,0
5006,Burg auf Fehmarn,54.43861,11.1975,10676.0,north,north,north,north,north,north,71.9,71.9,71.9,71.9,71.9,71.9,,,,,,,332.4,332.4,332.4,332.4,332.4,332.4,0.0,0.0,0.3,0.8,1.3,1.8,,,,,,,,,,,,,2.1238,2.1238,2.2138,2.3638,2.5138,2.6638,0,0,0,0,0,0
5007,Cuxhaven,53.864445,8.6972218,,north,north,north,north,north,north,0.4,0.4,0.4,0.4,0.4,0.4,,,,,,,1611.8,1611.8,1611.8,1611.8,1611.8,1611.8,0.0,0.0,0.4,0.9,1.4,1.9,,,,,,,,,,,,,3.2494,3.2494,3.3694,3.5194,3.6694,3.8194,1,1,1,1,1,1
5008,Eckernfoerde,54.472778,9.8369446,1676.0,north,north,north,north,north,north,17.6,17.6,17.6,17.6,17.6,17.6,,,,,,,492.1,492.1,492.1,492.1,492.1,492.1,0.53,1.03,1.53,2.03,2.53,3.03,,,,,,,,,,,,,2.7196,2.8696,3.0196,3.1696,3.3196,3.4696,0,0,0,0,0,0
5009,Elmshorn,53.754723,9.6549997,,north,north,north,north,north,north,6.4,6.4,6.4,6.4,6.4,6.4,,,,,,,146.2,146.2,146.2,146.2,146.2,146.2,1.09,1.59,2.09,2.59,3.09,3.59,,,,,,,,,,,,,2.5433,2.6933,2.8433,2.9933,3.1433,3.2933,1,1,1,1,1,1
5010,Eutin,54.138611,10.614445,10668.0,north,north,north,north,north,north,30.5,30.5,30.5,30.5,30.5,30.5,,,,,,,302.8,302.8,302.8,302.8,302.8,302.8,1.07,1.57,2.07,2.57,3.07,3.57,,,,,,,,,,,,,2.5264,2.6764,2.8264,2.9764,3.1264,3.2764,0,0,0,0,0,0
5011,Flensburg,54.782501,9.4375,1962.0,north,north,north,north,north,north,33.9,33.9,33.9,33.9,33.9,33.9,26.0,26.0,26.0,26.0,26.0,26.0,2144.5,2144.5,2144.5,2144.5,2144.5,2144.5,1.5,2.0,2.5,3.0,3.5,4.0,1500.0,2000.0,2000.0,2000.0,2500.0,3000.0,1.5,1.333,1.0,1.0,1.25,1.2,3.3951,3.5451,3.6951,3.8451,3.9951,4.1451,0,0,0,0,0,2
5012,Friedrichstadt (Eider),54.373333,9.0877781,11585.0,north,north,north,north,north,north,0.2,0.2,0.2,0.2,0.2,0.2,,,,,,,406.6,406.6,406.6,406.6,406.6,406.6,0.0,0.0,0.0,0.0,0.0,0.0,,,,,,,,,,,,,2.7022,2.7022,2.7022,2.7022,2.7022,2.7022,1,1,1,1,1,1
5013,Garding,54.329445,8.7788887,10689.0,north,north,north,north,north,north,2.6,2.6,2.6,2.6,2.6,2.6,,,,,,,1233.7,1233.7,1233.7,1233.7,1233.7,1233.7,0.63,1.13,1.63,2.13,2.63,3.13,,,,,,,,,,,,,3.3034,3.4534,3.6034,3.7534,3.9034,4.0534,1,1,1,1,1,1
5014,Geesthacht,53.433334,10.371388,,north,north,north,north,north,north,0.8,0.8,0.8,0.8,0.8,0.8,,,,,,,360.7,360.7,360.7,360.7,360.7,360.7,0.34,0.84,1.34,1.84,2.34,2.84,,,,,,,,,,,,,2.7488,2.8988,3.0488,3.1988,3.3488,3.4988,1,1,1,1,1,1
5015,Gluecksburg,54.836666,9.5508337,,north,north,north,north,north,north,41.7,41.7,41.7,41.7,41.7,41.7,,,,,,,332.4,332.4,332.4,332.4,332.4,332.4,0.4,0.9,1.4,1.9,2.4,2.9,,,,,,,,,,,,,2.2438,2.3938,2.5438,2.6938,2.8438,2.9938,0,0,0,0,0,0
5016,Glueckstadt,53.787777,9.4236107,10691.0,north,north,north,north,north,north,0.6,0.6,0.6,0.6,0.6,0.6,2.0,2.0,2.0,2.0,2.0,2.0,323.1,323.1,323.1,323.1,323.1,323.1,0.0,0.0,0.0,0.0,0.0,0.0,0.0,0.0,0.0,0.0,0.0,0.0,,,,,,,2.6049,2.6049,2.6049,2.6049,2.6049,2.6049,1,1,1,1,1,1
5017,Heide,54.195835,9.0952778,,north,north,north,north,north,north,16.3,16.3,16.3,16.3,16.3,16.3,,,,,,,406.2,406.2,406.2,406.2,406.2,406.2,0.0,0.0,0.0,0.0,0.46,0.96,,,,,,,,,,,,,2.4995,2.4995,2.4995,2.4995,2.6375,2.7875,0,0,0,0,0,0
5018,Heiligenhafen,54.372776,10.974444,2911.0,north,north,north,north,north,north,59.4,59.4,59.4,59.4,59.4,59.4,,,,,,,2067.8,2067.8,2067.8,2067.8,2067.8,2067.8,0.5,1.0,1.5,2.0,2.5,3.0,,,,,,,,,,,,,3.0039,3.1539,3.3039,3.4539,3.6039,3.7539,0,0,0,0,0,0
5019,Husum,54.476387,9.0500002,3280.0,north,north,north,north,north,north,11.2,11.2,11.2,11.2,11.2,11.2,14.0,14.0,14.0,14.0,14.0,14.0,399.5,399.5,399.5,399.5,399.5,399.5,0.0,0.48,0.98,1.48,1.98,2.48,500.0,1000.0,1000.0,1000.0,2000.0,3000.0,,2.0,1.0,1.0,2.0,1.5,2.5575,2.7015,2.8515,3.0015,3.1515,3.3015,1,1,1,1,1,2
5020,Itzehoe,53.924999,9.5163889,3344.0,north,north,north,north,north,north,3.7,3.7,3.7,3.7,3.7,3.7,,,,,,,319.3,319.3,319.3,319.3,319.3,319.3,4.4,4.9,5.4,5.9,6.4,6.9,,,,,,,,,,,,,3.8815,4.0315,4.1815,4.3315,4.4815,4.6315,1,1,1,1,1,1
5021,Kappeln,54.661667,9.9324999,,north,north,north,north,north,north,39.2,39.2,39.2,39.2,39.2,39.2,,,,,,,6039.8,6039.8,6039.8,6039.8,6039.8,6039.8,0.0,0.0,0.0,0.43,0.93,1.43,,,,,,,,,,,,,3.292,3.292,3.292,3.421,3.571,3.721,0,0,0,0,0,0
5022,Kellinghusen,53.949444,9.7138891,,north,north,north,north,north,north,6.7,6.7,6.7,6.7,6.7,6.7,,,,,,,327.7,327.7,327.7,327.7,327.7,327.7,1.01,1.51,2.01,2.51,3.01,3.51,,,,,,,,,,,,,2.8373,2.9873,3.1373,3.2873,3.4373,3.5873,1,1,1,1,1,1
5023,Kiel,54.321667,10.137222,3646.0,north,north,north,north,north,north,20.7,20.7,20.7,20.7,20.7,20.7,5.0,5.0,5.0,5.0,5.0,5.0,814.5,814.5,814.5,814.5,814.5,814.5,0.5,1.0,1.5,2.0,2.5,3.0,1500.0,2000.0,1500.0,1000.0,2000.0,3000.0,1.5,1.333,0.75,0.667,2.0,1.5,2.8722,3.0222,3.1722,3.3222,3.4722,3.6222,0,0,0,0,0,2
5024,Krempe,53.837776,9.4872227,10692.0,north,north,north,north,north,north,1.6,1.6,1.6,1.6,1.6,1.6,6.0,6.0,6.0,6.0,6.0,6.0,117.0,117.0,117.0,117.0,117.0,117.0,0.16,0.66,1.16,1.66,2.16,2.66,1000.0,1000.0,1000.0,1000.0,1000.0,1000.0,1.0,1.0,1.0,1.0,1.0,1.0,2.2357,2.3857,2.5357,2.6857,2.8357,2.9857,1,1,1,1,1,1
5025,Lauenburg (Elbe),53.374168,10.554167,9181.0,north,north,north,north,north,north,0.7,0.7,0.7,0.7,0.7,0.7,,,,,,,323.4,323.4,323.4,323.4,323.4,323.4,0.68,1.18,1.68,2.18,2.68,3.18,,,,,,,,,,,,,2.8085,2.9585,3.1085,3.2585,3.4085,3.5585,1,1,1,1,1,1
5026,Luebeck,53.866112,10.683888,12046.0,north,north,north,north,north,north,0.2,0.2,0.2,0.2,0.2,0.2,15.0,15.0,15.0,15.0,15.0,15.0,189.1,189.1,189.1,189.1,189.1,189.1,2.5,3.0,3.5,4.0,4.5,5.0,13000.0,15000.0,16000.0,17000.0,21000.0,25000.0,1.182,1.154,1.067,1.062,1.235,1.19,3.1461,3.2961,3.4461,3.5961,3.7461,3.8961,3,3,3,3,3,3
5027,Luetjenburg,54.294724,10.592222,10693.0,north,north,north,north,north,north,47.9,47.9,47.9,47.9,47.9,47.9,,,,,,,1606.9,1606.9,1606.9,1606.9,1606.9,1606.9,1.37,1.87,2.37,2.87,3.37,3.87,,,,,,,,,,,,,3.1641,3.3141,3.4641,3.6141,3.7641,3.9141,0,0,0,0,0,0
5028,Marne,53.953609,9.0086107,,north,north,north,north,north,north,16.4,16.4,16.4,16.4,16.4,16.4,,,,,,,468.3,468.3,468.3,468.3,468.3,468.3,1.1,1.6,2.1,2.6,3.1,3.6,,,,,,,,,,,,,2.885,3.035,3.185,3.335,3.485,3.635,0,0,0,0,0,0
5029,Meldorf,54.090832,9.0686111,4858.0,north,north,north,north,north,north,26.2,26.2,26.2,26.2,26.2,26.2,,,,,,,274.7,274.7,274.7,274.7,274.7,274.7,4.36,4.86,5.36,5.86,6.36,6.86,,,,,,,,,,,,,3.5288,3.6788,3.8288,3.9788,4.1288,4.2788,0,0,0,0,0,0
5030,Moelln,53.629444,10.690833,5026.0,north,north,north,north,north,north,1.9,1.9,1.9,1.9,1.9,1.9,,,,,,,401.2,401.2,401.2,401.2,401.2,401.2,0.62,1.12,1.62,2.12,2.62,3.12,,,,,,,,,,,,,2.861,3.011,3.161,3.311,3.461,3.611,1,1,1,1,1,1
5031,Neumuenster,54.073891,9.9847221,,north,north,north,north,north,north,15.9,15.9,15.9,15.9,15.9,15.9,,,,,,,422.2,422.2,422.2,422.2,422.2,422.2,1.5,2.0,2.5,3.0,3.5,4.0,,,,,,,,,,,,,2.9708,3.1208,3.2708,3.4208,3.5708,3.7208,0,0,0,0,0,0
5032,Neustadt (Holstein),54.105556,10.816112,5310.0,north,north,north,north,north,north,28.0,28.0,28.0,28.0,28.0,28.0,,,,,,,443.2,443.2,443.2,443.2,443.2,443.2,0.06,0.56,1.06,1.56,2.06,2.56,,,,,,,,,,,,,2.4071,2.5571,2.7071,2.8571,3.0071,3.1571,0,0,0,0,0,0
5033,Nortorf,54.167221,9.8558331,,north,north,north,north,north,north,16.6,16.6,16.6,16.6,16.6,16.6,,,,,,,401.7,401.7,401.7,401.7,401.7,401.7,1.0,1.5,2.0,2.5,3.0,3.5,,,,,,,,,,,,,2.7914,2.9414,3.0914,3.2414,3.3914,3.5414,0,0,0,0,0,0
5034,Oldenburg (Holstein),54.292778,10.888056,5622.0,north,north,north,north,north,north,49.2,49.2,49.2,49.2,49.2,49.2,8.0,8.0,8.0,8.0,8.0,8.0,444.0,444.0,444.0,444.0,444.0,444.0,0.87,1.37,1.87,2.37,2.87,3.37,1000.0,1000.0,1000.0,1000.0,1000.0,1000.0,1.0,1.0,1.0,1.0,1.0,1.0,2.5003,2.6503,2.8003,2.9503,3.1003,3.2503,0,0,0,0,0,0
5035,Bad Oldesloe,53.810001,10.373055,5632.0,north,north,north,north,north,north,3.0,3.0,3.0,3.0,3.0,3.0,,,,,,,393.1,393.1,393.1,393.1,393.1,393.1,0.99,1.49,1.99,2.49,2.99,3.49,,,,,,,,,,,,,2.9507,3.1007,3.2507,3.4007,3.5507,3.7007,1,1,1,1,1,1
5036,Pinneberg,53.660557,9.792778,,north,north,north,north,north,north,11.9,11.9,11.9,11.9,11.9,11.9,,,,,,,196.2,196.2,196.2,196.2,196.2,196.2,0.0,0.0,0.0,0.49,0.99,1.49,,,,,,,,,,,,,2.2653,2.2653,2.2653,2.4123,2.5623,2.7123,1,1,1,1,1,1
5037,Ploen,54.158054,10.416111,5984.0,north,north,north,north,north,north,36.7,36.7,36.7,36.7,36.7,36.7,,,,,,,327.2,327.2,327.2,327.2,327.2,327.2,1.11,1.61,2.11,2.61,3.11,3.61,,,,,,,,,,,,,2.492,2.642,2.792,2.942,3.092,3.242,0,0,0,0,0,0
5038,Preetz,54.231667,10.280278,,north,north,north,north,north,north,31.4,31.4,31.4,31.4,31.4,31.4,,,,,,,460.7,460.7,460.7,460.7,460.7,460.7,1.0,1.5,2.0,2.5,3.0,3.5,,,,,,,,,,,,,2.6609,2.8109,2.9609,3.1109,3.2609,3.4109,0,0,0,0,0,0
5039,Ratzeburg,53.698891,10.774445,6277.0,north,north,north,north,north,north,8.7,8.7,8.7,8.7,8.7,8.7,,,,,,,317.8,317.8,317.8,317.8,317.8,317.8,1.88,2.38,2.88,3.38,3.88,4.38,,,,,,,,,,,,,3.0609,3.2109,3.3609,3.5109,3.6609,3.8109,1,1,1,1,1,1
5040,Reinfeld,53.83139,10.488334,,north,north,north,north,north,north,1.8,1.8,1.8,1.8,1.8,1.8,,,,,,,349.0,349.0,349.0,349.0,349.0,349.0,0.64,1.14,1.64,2.14,2.64,3.14,,,,,,,,,,,,,2.8124,2.9624,3.1124,3.2624,3.4124,3.5624,1,1,1,1,1,1
5041,Rendsburg,54.306389,9.6630554,6364.0,north,north,north,north,north,north,0.1,0.1,0.1,0.1,0.1,0.1,6.0,6.0,6.0,6.0,6.0,6.0,650.4,650.4,650.4,650.4,650.4,650.4,0.51,1.01,1.51,2.01,2.51,3.01,1000.0,1000.0,1000.0,1000.0,1000.0,1000.0,1.0,1.0,1.0,1.0,1.0,1.0,3.0439,3.1939,3.3439,3.4939,3.6439,3.7939,1,1,1,1,1,1
5042,Schleswig,54.514721,9.5663891,6880.0,north,north,north,north,north,north,16.1,16.1,16.1,16.1,16.1,16.1,1.0,1.0,1.0,1.0,1.0,1.0,748.7,748.7,748.7,748.7,748.7,748.7,4.46,4.96,5.46,5.96,6.46,6.96,2500.0,3000.0,2500.0,2000.0,2000.0,2000.0,1.25,1.2,0.833,0.8,1.0,1.0,4.0845,4.2345,4.3845,4.5345,4.6845,4.8345,0,2,0,0,0,0
5043,Bad Schwartau,53.920277,10.695833,,north,north,north,north,north,north,6.0,6.0,6.0,6.0,6.0,6.0,,,,,,,235.3,235.3,235.3,235.3,235.3,235.3,0.35,0.85,1.35,1.85,2.35,2.85,,,,,,,,,,,,,2.5161,2.6661,2.8161,2.9661,3.1161,3.2661,1,1,1,1,1,1
5044,Bad Segeberg,53.936668,10.303889,7061.0,north,north,north,north,north,north,15.6,15.6,15.6,15.6,15.6,15.6,,,,,,,502.6,502.6,502.6,502.6,502.6,502.6,1.19,1.69,2.19,2.69,3.19,3.69,,,,,,,,,,,,,2.9512,3.1012,3.2512,3.4012,3.5512,3.7012,0,0,0,0,0,0
5045,Toenning,54.319721,8.9433336,10690.0,north,north,north,north,north,north,0.6,0.6,0.6,0.6,0.6,0.6,2.0,2.0,2.0,2.0,2.0,2.0,191.7,191.7,191.7,191.7,191.7,191.7,0.64,1.14,1.64,2.14,2.64,3.14,1000.0,1000.0,1000.0,1000.0,1500.0,2000.0,1.0,1.0,1.0,1.0,1.5,1.333,2.5889,2.7389,2.8889,3.0389,3.1889,3.3389,1,1,1,1,1,1
5046,Uetersen,53.684166,9.6622219,,north,north,north,north,north,north,8.3,8.3,8.3,8.3,8.3,8.3,,,,,,,121.5,121.5,121.5,121.5,121.5,121.5,1.5,2.0,2.5,3.0,3.5,4.0,,,,,,,,,,,,,2.569,2.719,2.869,3.019,3.169,3.319,1,1,1,1,1,1
5047,Wandsbek,53.572498,10.071389,,north,north,north,north,north,north,4.4,4.4,4.4,4.4,4.4,4.4,,,,,,,368.3,368.3,368.3,368.3,368.3,368.3,0.0,0.04,0.54,1.04,1.54,2.04,,,,,,,,,,,,,2.6103,2.6223,2.7723,2.9223,3.0723,3.2223,1,1,1,1,1,1
5048,Wedel,53.577221,9.7052774,,north,north,north,north,north,north,1.6,1.6,1.6,1.6,1.6,1.6,,,,,,,139.9,139.9,139.9,139.9,139.9,139.9,0.38,0.88,1.38,1.88,2.38,2.88,,,,,,,,,,,,,2.3733,2.5233,2.6733,2.8233,2.9733,3.1233,1,1,1,1,1,1
5049,Wesselburen,54.211945,8.9205551,,north,north,north,north,north,north,11.6,11.6,11.6,11.6,11.6,11.6,,,,,,,330.3,330.3,330.3,330.3,330.3,330.3,0.0,0.19,0.69,1.19,1.69,2.19,,,,,,,,,,,,,2.4756,2.5326,2.6826,2.8326,2.9826,3.1326,1,1,1,1,1,1
5050,Westerland,54.907776,8.3086109,,north,north,north,north,north,north,73.5,73.5,73.5,73.5,73.5,73.5,,,,,,,332.4,332.4,332.4,332.4,332.4,332.4,0.0,0.0,0.0,0.0,0.0,0.5,,,,,,,,,,,,,2.1238,2.1238,2.1238,2.1238,2.1238,2.2738,0,0,0,0,0,0
5051,Wilster,53.922501,9.374444,10645.0,north,north,north,north,north,north,1.3,1.3,1.3,1.3,1.3,1.3,,,,,,,547.2,547.2,547.2,547.2,547.2,547.2,0.86,1.36,1.86,2.36,2.86,3.36,,,,,,,,,,,,,3.0641,3.2141,3.3641,3.5141,3.6641,3.8141,1,1,1,1,1,1
5052,Wyk auf Foehr,54.690277,8.5683336,,north,north,north,north,north,north,44.7,44.7,44.7,44.7,44.7,44.7,,,,,,,2295.3,2295.3,2295.3,2295.3,2295.3,2295.3,4.5,5.0,5.5,6.0,6.5,7.0,,,,,,,,,,,,,4.2456,4.3956,4.5456,4.6956,4.8456,4.9956,0,0,0,0,0,0
6001,Hamburg,53.550556,9.9941664,2777.0,north,north,north,north,north,north,0.4,0.4,0.4,0.4,0.4,0.4,3.0,3.0,3.0,3.0,3.0,3.0,92.6,92.6,92.6,92.6,92.6,92.6,4.39,4.89,5.39,5.89,6.39,6.89,3500.0,5000.0,6500.0,8000.0,19000.0,30000.0,1.75,1.429,1.3,1.231,2.375,1.579,3.428,3.578,3.728,3.878,4.028,4.178,2,2,2,2,3,3
7001,Altlandsberg,52.566666,13.728056,13795.0,north,north,north,north,north,north,12.8,12.8,12.8,12.8,12.8,12.8,,,,,,,141.2,141.2,141.2,141.2,141.2,141.2,0.5,1.0,1.5,2.0,2.5,3.0,,,,,,,,,,,,,2.2729,2.4229,2.5729,2.7229,2.8729,3.0229,1,1,1,1,1,1
7002,Alt Ruppin,52.949722,12.842778,,north,north,north,north,north,north,37.9,37.9,37.9,37.9,37.9,37.9,,,,,,,142.3,142.3,142.3,142.3,142.3,142.3,0.0,0.44,0.94,1.44,1.94,2.44,,,,,,,,,,,,,1.8127,1.9447,2.0947,2.2447,2.3947,2.5447,0,0,0,0,0,0
7003,Angermuende,53.018055,14.004444,255.0,north,north,north,north,north,north,12.7,12.7,12.7,12.7,12.7,12.7,,,,,,,239.7,239.7,239.7,239.7,239.7,239.7,2.5,3.0,3.5,4.0,4.5,5.0,,,,,,,,,,,,,3.0846,3.2346,3.3846,3.5346,3.6846,3.8346,1,1,1,1,1,1
7004,Babelsberg,52.392502,13.090834,,north,north,north,north,north,north,8.5,8.5,8.5,8.5,8.5,8.5,,,,,,,82.6,82.6,82.6,82.6,82.6,82.6,0.0,0.0,0.0,0.25,0.75,1.25,,,,,,,,,,,,,1.9641,1.9641,1.9641,2.0391,2.1891,2.3391,1,1,1,1,1,1
7005,Baerwalde (Neumark),52.785278,14.495,457.0,north,north,north,north,north,north,16.6,16.6,16.6,16.6,16.6,16.6,,,,,,,203.5,203.5,203.5,203.5,203.5,203.5,0.0,0.02,0.52,1.02,1.52,2.02,,,,,,,,,,,,,2.2209,2.2269,2.3769,2.5269,2.6769,2.8269,0,0,0,0,0,0
7006,Baruth,52.045277,13.501945,455.0,north,north,north,north,north,north,44.2,44.2,44.2,44.2,44.2,44.2,,,,,,,240.8,240.8,240.8,240.8,240.8,240.8,0.75,1.25,1.75,2.25,2.75,3.25,,,,,,,,,,,,,2.2202,2.3702,2.5202,2.6702,2.8202,2.9702,0,0,0,0,0,0
7007,Beelitz,52.232224,12.9775,494.0,north,north,north,north,north,north,21.8,21.8,21.8,21.8,21.8,21.8,,,,,,,242.8,242.8,242.8,242.8,242.8,242.8,2.53,3.03,3.53,4.03,4.53,5.03,,,,,,,,,,,,,2.9849,3.1349,3.2849,3.4349,3.5849,3.7349,0,0,0,0,0,0
7008,Beeskow,52.172222,14.246667,500.0,north,north,north,north,north,north,18.9,18.9,18.9,18.9,18.9,18.9,,,,,,,310.0,310.0,310.0,310.0,310.0,310.0,3.5,4.0,4.5,5.0,5.5,6.0,,,,,,,,,,,,,3.4101,3.5601,3.7101,3.8601,4.0101,4.1601,0,0,0,0,0,0
7009,Belzig,52.141945,12.588056,,north,north,north,north,north,north,29.5,29.5,29.5,29.5,29.5,29.5,,,,,,,313.0,313.0,313.0,313.0,313.0,313.0,0.89,1.39,1.89,2.39,2.89,3.39,,,,,,,,,,,,,2.4979,2.6479,2.7979,2.9479,3.0979,3.2479,0,0,0,0,0,0
7010,Berlin,52.517502,13.405278,579.0,north,north,north,north,north,north,0.3,0.3,0.3,0.3,0.3,0.3,35.0,35.0,35.0,35.0,35.0,35.0,115.9,115.9,115.9,115.9,115.9,115.9,0.5,1.0,1.5,2.0,2.5,3.0,3500.0,4000.0,4500.0,5000.0,7000.0,9000.0,1.167,1.143,1.125,1.111,1.4,1.286,2.3512,2.5012,2.6512,2.8012,2.9512,3.1012,2,2,2,2,2,2
7011,Berlin-Charlottenburg,52.518333,13.311389,,north,north,north,north,north,north,1.4,1.4,1.4,1.4,1.4,1.4,,,,,,,90.9,90.9,90.9,90.9,90.9,90.9,0.11,0.61,1.11,1.61,2.11,2.61,,,,,,,,,,,,,2.1232,2.2732,2.4232,2.5732,2.7232,2.8732,1,1,1,1,1,1
7012,Berlin-Koepenick,52.444443,13.573611,14167.0,north,north,north,north,north,north,5.4,5.4,5.4,5.4,5.4,5.4,,,,,,,183.2,183.2,183.2,183.2,183.2,183.2,5.95,6.45,6.95,7.45,7.95,8.0,,,,,,,,,,,,,4.1046,4.2546,4.4046,4.5546,4.7046,4.7196,1,1,1,1,1,1
7013,Berlin-Lichtenberg,52.516666,13.479722,,north,north,north,north,north,north,4.1,4.1,4.1,4.1,4.1,4.1,,,,,,,123.0,123.0,123.0,123.0,123.0,123.0,0.0,0.0,0.25,0.75,1.25,1.75,,,,,,,,,,,,,2.1771,2.1771,2.2521,2.4021,2.5521,2.7021,1,1,1,1,1,1
7014,Berlin-Neukoelln,52.471943,13.441667,,north,north,north,north,north,north,3.7,3.7,3.7,3.7,3.7,3.7,,,,,,,112.0,112.0,112.0,112.0,112.0,112.0,0.75,1.25,1.75,2.25,2.75,3.25,,,,,,,,,,,,,2.3703,2.5203,2.6703,2.8203,2.9703,3.1203,1,1,1,1,1,1
7015,Berlin-Schoeneberg,52.483055,13.349167,,north,north,north,north,north,north,5.1,5.1,5.1,5.1,5.1,5.1,,,,,,,48.8,48.8,48.8,48.8,48.8,48.8,0.0,0.36,0.86,1.36,1.86,2.36,,,,,,,,,,,,,1.7993,1.9073,2.0573,2.2073,2.3573,2.5073,1,1,1,1,1,1
7016,Berlin-Spandau,52.538334,13.205277,7281.0,north,north,north,north,north,north,0.2,0.2,0.2,0.2,0.2,0.2,35.0,35.0,35.0,35.0,35.0,35.0,109.7,109.7,109.7,109.7,109.7,109.7,5.5,6.0,6.5,7.0,7.5,8.0,1000.0,1000.0,1000.0,1000.0,1000.0,1000.0,1.0,1.0,1.0,1.0,1.0,1.0,3.8301,3.9801,4.1301,4.2801,4.4301,4.5801,1,1,1,1,1,1
7017,Berlin-Wilmersdorf,52.484722,13.324445,,north,north,north,north,north,north,5.2,5.2,5.2,5.2,5.2,5.2,,,,,,,29.9,29.9,29.9,29.9,29.9,29.9,0.0,0.25,0.75,1.25,1.75,2.25,,,,,,,,,,,,,1.6075,1.6825,1.8325,1.9825,2.1325,2.2825,1,1,1,1,1,1
7018,Berlinchen,52.991665,15.215278,580.0,north,north,north,north,north,north,27.6,27.6,27.6,27.6,27.6,27.6,,,,,,,336.3,336.3,336.3,336.3,336.3,336.3,0.0,0.22,0.72,1.22,1.72,2.22,,,,,,,,,,,,,2.2837,2.3497,2.4997,2.6497,2.7997,2.9497,0,0,0,0,0,0
7019,Bernau,52.679165,13.587222,584.0,north,north,north,north,north,north,17.7,17.7,17.7,17.7,17.7,17.7,,,,,,,236.3,236.3,236.3,236.3,236.3,236.3,0.5,1.0,1.5,2.0,2.5,3.0,,,,,,,,,,,,,2.4164,2.5664,2.7164,2.8664,3.0164,3.1664,0,0,0,0,0,0
7020,Bernstein,53.044445,15.302778,597.0,north,north,north,north,north,north,30.1,30.1,30.1,30.1,30.1,30.1,,,,,,,188.6,188.6,188.6,188.6,188.6,188.6,0.0,0.1,0.6,1.1,1.6,2.1,,,,,,,,,,,,,2.0213,2.0513,2.2013,2.3513,2.5013,2.6513,0,0,0,0,0,0
7021,Betsche,52.466667,15.766666,612.0,north,north,north,north,north,north,30.9,30.9,30.9,30.9,30.9,30.9,,,,,,,464.2,464.2,464.2,464.2,464.2,464.2,0.0,0.41,0.91,1.41,1.91,2.41,,,,,,,,,,,,,2.3712,2.4942,2.6442,2.7942,2.9442,3.0942,0,0,0,0,0,0
7022,Biesenthal,52.765556,13.631111,13797.0,north,north,north,north,north,north,8.4,8.4,8.4,8.4,8.4,8.4,,,,,,,265.4,265.4,265.4,265.4,265.4,265.4,0.75,1.25,1.75,2.25,2.75,3.25,,,,,,,,,,,,,2.6543,2.8043,2.9543,3.1043,3.2543,3.4043,1,1,1,1,1,1
7023,Blesen,52.516666,15.4,720.0,north,north,north,north,north,north,17.2,17.2,17.2,17.2,17.2,17.2,,,,,,,223.4,223.4,223.4,223.4,223.4,223.4,0.0,0.0,0.38,0.88,1.38,1.88,,,,,,,,,,,,,2.2503,2.2503,2.3643,2.5143,2.6643,2.8143,0,0,0,0,0,0
7024,Bobersberg,51.950001,15.083333,,north,north,north,north,north,north,12.2,12.2,12.2,12.2,12.2,12.2,,,,,,,298.2,298.2,298.2,298.2,298.2,298.2,0.0,0.0,0.0,0.0,0.37,0.87,,,,,,,,,,,,,2.4285,2.4285,2.4285,2.4285,2.5395,2.6895,1,1,1,1,1,1
7025,Bomst,52.150002,15.833333,368.0,north,north,north,north,north,north,38.0,38.0,38.0,38.0,38.0,38.0,,,,,,,287.3,287.3,287.3,287.3,287.3,287.3,2.5,3.0,3.5,4.0,4.5,5.0,,,,,,,,,,,,,2.8408,2.9908,3.1408,3.2908,3.4408,3.5908,0,0,0,0,0,0
7026,Braetz,52.316113,15.673889,937.0,north,north,north,north,north,north,41.9,41.9,41.9,41.9,41.9,41.9,,,,,,,241.0,241.0,241.0,241.0,241.0,241.0,0.0,0.0,0.0,0.0,0.22,0.72,,,,,,,,,,,,,1.9956,1.9956,1.9956,1.9956,2.0616,2.2116,0,0,0,0,0,0
7027,Brandenburg,52.408611,12.563334,928.0,north,north,north,north,north,north,0.1,0.1,0.1,0.1,0.1,0.1,29.0,29.0,29.0,29.0,29.0,29.0,390.3,390.3,390.3,390.3,390.3,390.3,4.5,5.0,5.5,6.0,6.5,7.0,1500.0,1000.0,1500.0,2000.0,3500.0,5000.0,0.75,0.667,1.5,1.333,1.75,1.429,4.0366,4.1866,4.3366,4.4866,4.6366,4.7866,1,1,1,1,2,2
7028,Brueck,52.196667,12.762222,,north,north,north,north,north,north,23.1,23.1,23.1,23.1,23.1,23.1,,,,,,,287.2,287.2,287.2,287.2,287.2,287.2,0.01,0.51,1.01,1.51,2.01,2.51,,,,,,,,,,,,,2.2802,2.4302,2.5802,2.7302,2.8802,3.0302,0,0,0,0,0,0
7029,Bruessow,53.400276,14.126111,1051.0,north,north,north,north,north,north,14.2,14.2,14.2,14.2,14.2,14.2,,,,,,,397.1,397.1,397.1,397.1,397.1,397.1,2.5,3.0,3.5,4.0,4.5,5.0,,,,,,,,,,,,,3.2667,3.4167,3.5667,3.7167,3.8667,4.0167,1,1,1,1,1,1
7030,Buckow,52.56778,14.073889,,north,north,north,north,north,north,22.0,22.0,22.0,22.0,22.0,22.0,,,,,,,203.5,203.5,203.5,203.5,203.5,203.5,4.75,5.25,5.75,6.25,6.75,7.25,,,,,,,,,,,,,3.5785,3.7285,3.8785,4.0285,4.1785,4.3285,0,0,0,0,0,0
7031,Calau,51.746666,13.949166,1159.0,north,north,north,north,north,north,61.6,61.6,61.6,61.6,61.6,61.6,,,,,,,240.9,240.9,240.9,240.9,240.9,240.9,0.5,1.0,1.5,2.0,2.5,3.0,,,,,,,,,,,,,2.1454,2.2954,2.4454,2.5954,2.7454,2.8954,0,0,0,0,0,0
7032,Christianstadt,51.798332,15.234722,,north,north,north,north,north,north,18.8,18.8,18.8,18.8,18.8,18.8,,,,,,,161.0,161.0,161.0,161.0,161.0,161.0,0.0,0.0,0.0,0.0,0.0,0.0,,,,,,,,,,,,,2.0999,2.0999,2.0999,2.0999,2.0999,2.0999,0,0,0,0,0,0
7033,Cottbus,51.759167,14.335,1251.0,north,north,north,north,north,north,39.4,39.4,39.4,39.4,39.4,39.4,75.0,75.0,75.0,75.0,75.0,75.0,255.5,255.5,255.5,255.5,255.5,255.5,8.0,8.0,8.0,8.0,8.0,8.0,1000.0,1000.0,1500.0,2000.0,2500.0,3000.0,1.0,1.0,1.5,1.333,1.25,1.2,4.4265,4.4265,4.4265,4.4265,4.4265,4.4265,0,0,0,0,0,2
7034,Crossen,52.046665,15.099167,1260.0,north,north,north,north,north,north,2.3,2.3,2.3,2.3,2.3,2.3,,,,,,,485.5,485.5,485.5,485.5,485.5,485.5,2.45,2.95,3.45,3.95,4.45,4.95,,,,,,,,,,,,,3.4806,3.6306,3.7806,3.9306,4.0806,4.2306,1,1,1,1,1,1
7035,Dahme,51.869167,13.424723,1306.0,north,north,north,north,north,north,43.5,43.5,43.5,43.5,43.5,43.5,,,,,,,317.9,317.9,317.9,317.9,317.9,317.9,1.0,1.5,2.0,2.5,3.0,3.5,,,,,,,,,,,,,2.406,2.556,2.706,2.856,3.006,3.156,0,0,0,0,0,0
7036,Doberlug,51.610001,13.545834,,north,north,north,north,north,north,30.9,30.9,30.9,30.9,30.9,30.9,,,,,,,129.9,129.9,129.9,129.9,129.9,129.9,2.45,2.95,3.45,3.95,4.45,4.95,,,,,,,,,,,,,2.5987,2.7487,2.8987,3.0487,3.1987,3.3487,0,0,0,0,0,0
7037,Drebkau,51.656944,14.2175,,north,north,north,north,north,north,53.2,53.2,53.2,53.2,53.2,53.2,,,,,,,174.5,174.5,174.5,174.5,174.5,174.5,0.5,1.0,1.5,2.0,2.5,3.0,,,,,,,,,,,,,2.0172,2.1672,2.3172,2.4672,2.6172,2.7672,0,0,0,0,0,0
7038,Drossen,52.450001,14.866667,1588.0,north,north,north,north,north,north,18.6,18.6,18.6,18.6,18.6,18.6,,,,,,,224.0,224.0,224.0,224.0,224.0,224.0,0.0,0.48,0.98,1.48,1.98,2.48,,,,,,,,,,,,,2.2346,2.3786,2.5286,2.6786,2.8286,2.9786,0,0,0,0,0,0
7039,Eberswalde,52.834446,13.820278,1665.0,north,north,north,north,north,north,0.2,0.2,0.2,0.2,0.2,0.2,,,,,,,215.1,215.1,215.1,215.1,215.1,215.1,0.5,1.0,1.5,2.0,2.5,3.0,,,,,,,,,,,,,2.5979,2.7479,2.8979,3.0479,3.1979,3.3479,1,1,1,1,1,1
7040,Erkner,52.419445,13.754167,,north,north,north,north,north,north,1.3,1.3,1.3,1.3,1.3,1.3,,,,,,,276.0,276.0,276.0,276.0,276.0,276.0,0.0,0.0,0.0,0.0,0.0,0.0,,,,,,,,,,,,,2.5334,2.5334,2.5334,2.5334,2.5334,2.5334,1,1,1,1,1,1
7041,Fehrbellin,52.813332,12.763889,1923.0,north,north,north,north,north,north,36.9,36.9,36.9,36.9,36.9,36.9,,,,,,,300.6,300.6,300.6,300.6,300.6,300.6,0.34,0.84,1.34,1.84,2.34,2.84,,,,,,,,,,,,,2.224,2.374,2.524,2.674,2.824,2.974,0,0,0,0,0,0
7042,Finow,52.833611,13.928056,5356.0,north,north,north,north,north,north,1.6,1.6,1.6,1.6,1.6,1.6,,,,,,,166.3,166.3,166.3,166.3,166.3,166.3,0.0,0.06,0.56,1.06,1.56,2.06,,,,,,,,,,,,,2.3283,2.3463,2.4963,2.6463,2.7963,2.9463,1,1,1,1,1,1
7043,Finsterwalde,51.629166,13.707778,1947.0,north,north,north,north,north,north,41.6,41.6,41.6,41.6,41.6,41.6,,,,,,,213.4,213.4,213.4,213.4,213.4,213.4,0.75,1.25,1.75,2.25,2.75,3.25,,,,,,,,,,,,,2.1722,2.3222,2.4722,2.6222,2.7722,2.9222,0,0,0,0,0,0
7044,Forst,51.743889,14.648056,1977.0,north,north,north,north,north,north,30.4,30.4,30.4,30.4,30.4,30.4,,,,,,,265.2,265.2,265.2,265.2,265.2,265.2,4.5,5.0,5.5,6.0,6.5,7.0,,,,,,,,,,,,,3.5043,3.6543,3.8043,3.9543,4.1043,4.2543,0,0,0,0,0,0
7045,Frankfurt (Oder),52.341667,14.550834,1988.0,north,north,north,north,north,north,4.8,4.8,4.8,4.8,4.8,4.8,23.0,23.0,23.0,23.0,23.0,23.0,221.1,221.1,221.1,221.1,221.1,221.1,8.0,8.0,8.0,8.0,8.0,8.0,3000.0,5000.0,4000.0,3000.0,7000.0,11000.0,3.0,1.667,0.8,0.75,2.333,1.571,4.8011,4.8011,4.8011,4.8011,4.8011,4.8011,2,2,2,2,2,3
7046,Freienwalde,52.788055,14.030833,2004.0,north,north,north,north,north,north,3.5,3.5,3.5,3.5,3.5,3.5,,,,,,,138.6,138.6,138.6,138.6,138.6,138.6,0.75,1.25,1.75,2.25,2.75,3.25,,,,,,,,,,,,,2.4561,2.6061,2.7561,2.9061,3.0561,3.2061,1,1,1,1,1,1
7047,Freyenstein,53.287498,12.353333,2015.0,north,north,north,north,north,north,46.2,46.2,46.2,46.2,46.2,46.2,,,,,,,241.6,241.6,241.6,241.6,241.6,241.6,0.0,0.37,0.87,1.37,1.87,2.37,,,,,,,,,,,,,1.9966,2.1076,2.2576,2.4076,2.5576,2.7076,0,0,0,0,0,0
7048,Friedland (Niederlausitz),52.102501,14.264444,14312.0,north,north,north,north,north,north,26.6,26.6,26.6,26.6,26.6,26.6,,,,,,,237.1,237.1,237.1,237.1,237.1,237.1,1.5,2.0,2.5,3.0,3.5,4.0,,,,,,,,,,,,,2.6064,2.7564,2.9064,3.0564,3.2064,3.3564,0,0,0,0,0,0
7049,Friesack,52.737499,12.579722,2034.0,north,north,north,north,north,north,22.0,22.0,22.0,22.0,22.0,22.0,,,,,,,403.8,403.8,403.8,403.8,403.8,403.8,0.34,0.84,1.34,1.84,2.34,2.84,,,,,,,,,,,,,2.5282,2.6782,2.8282,2.9782,3.1282,3.2782,0,0,0,0,0,0
7050,Fuerstenberg (Oder),52.143333,14.664444,2052.0,north,north,north,north,north,north,5.3,5.3,5.3,5.3,5.3,5.3,,,,,,,277.7,277.7,277.7,277.7,277.7,277.7,3.5,4.0,4.5,5.0,5.5,6.0,,,,,,,,,,,,,3.5363,3.6863,3.8363,3.9863,4.1363,4.2863,1,1,1,1,1,1
7051,Fuerstenfelde,52.716667,14.566667,,north,north,north,north,north,north,14.1,14.1,14.1,14.1,14.1,14.1,,,,,,,171.2,171.2,171.2,171.2,171.2,171.2,0.0,0.48,0.98,1.48,1.98,2.48,,,,,,,,,,,,,2.183,2.327,2.477,2.627,2.777,2.927,1,1,1,1,1,1
7052,Fuerstenwalde,52.359444,14.064445,11856.0,north,north,north,north,north,north,0.5,0.5,0.5,0.5,0.5,0.5,,,,,,,340.9,340.9,340.9,340.9,340.9,340.9,4.5,5.0,5.5,6.0,6.5,7.0,,,,,,,,,,,,,3.9778,4.1278,4.2778,4.4278,4.5778,4.7278,1,1,1,1,1,1
7053,Fuerstenwerder,53.393333,13.585,13800.0,north,north,north,north,north,north,19.9,19.9,19.9,19.9,19.9,19.9,,,,,,,259.1,259.1,259.1,259.1,259.1,259.1,0.0,0.0,0.27,0.77,1.27,1.77,,,,,,,,,,,,,2.2757,2.2757,2.3567,2.5067,2.6567,2.8067,0,0,0,0,0,0
7054,Gassen,51.75,15.0,14226.0,north,north,north,north,north,north,34.1,34.1,34.1,34.1,34.1,34.1,,,,,,,192.9,192.9,192.9,192.9,192.9,192.9,0.0,0.0,0.0,0.0,0.0,0.0,,,,,,,,,,,,,1.9804,1.9804,1.9804,1.9804,1.9804,1.9804,0,0,0,0,0,0
7055,Goeritz,52.49472,14.652223,,north,north,north,north,north,north,4.5,4.5,4.5,4.5,4.5,4.5,,,,,,,173.4,173.4,173.4,173.4,173.4,173.4,0.0,0.48,0.98,1.48,1.98,2.48,,,,,,,,,,,,,2.3087,2.4527,2.6027,2.7527,2.9027,3.0527,1,1,1,1,1,1
7056,Golssen,51.970276,13.602777,2286.0,north,north,north,north,north,north,50.3,50.3,50.3,50.3,50.3,50.3,,,,,,,220.3,220.3,220.3,220.3,220.3,220.3,0.0,0.24,0.74,1.24,1.74,2.24,,,,,,,,,,,,,1.9598,2.0318,2.1818,2.3318,2.4818,2.6318,0,0,0,0,0,0
7057,Gransee,53.006943,13.158055,2388.0,north,north,north,north,north,north,22.0,22.0,22.0,22.0,22.0,22.0,,,,,,,279.3,279.3,279.3,279.3,279.3,279.3,0.8,1.3,1.8,2.3,2.8,3.3,,,,,,,,,,,,,2.5198,2.6698,2.8198,2.9698,3.1198,3.2698,0,0,0,0,0,0
7058,Greiffenberg (Uckermark),53.086945,13.954166,,north,north,north,north,north,north,20.1,20.1,20.1,20.1,20.1,20.1,,,,,,,340.1,340.1,340.1,340.1,340.1,340.1,0.0,0.5,1.0,1.5,2.0,2.5,,,,,,,,,,,,,2.3815,2.5315,2.6815,2.8315,2.9815,3.1315,0,0,0,0,0,0
7059,Guben,51.953888,14.711945,2671.0,north,north,north,north,north,north,6.6,6.6,6.6,6.6,6.6,6.6,45.0,45.0,45.0,45.0,45.0,45.0,443.0,443.0,443.0,443.0,443.0,443.0,8.0,8.0,8.0,8.0,8.0,8.0,500.0,1000.0,1000.0,1000.0,1500.0,2000.0,,2.0,1.0,1.0,1.5,1.333,5.0556,5.0556,5.0556,5.0556,5.0556,5.0556,1,1,1,1,1,1
7060,Havelberg,52.830555,12.075277,2873.0,north,north,north,north,north,north,2.4,2.4,2.4,2.4,2.4,2.4,,,,,,,269.0,269.0,269.0,269.0,269.0,269.0,3.21,3.71,4.21,4.71,5.21,5.71,,,,,,,,,,,,,3.4725,3.6225,3.7725,3.9225,4.0725,4.2225,1,1,1,1,1,1
7061,Joachimsthal,52.979168,13.744722,2432.0,north,north,north,north,north,north,15.2,15.2,15.2,15.2,15.2,15.2,,,,,,,438.9,438.9,438.9,438.9,438.9,438.9,0.0,0.0,0.0,0.0,0.0,0.0,,,,,,,,,,,,,2.5442,2.5442,2.5442,2.5442,2.5442,2.5442,0,0,0,0,0,0
7062,Jueterbog,51.991943,13.081388,3455.0,north,north,north,north,north,north,33.0,33.0,33.0,33.0,33.0,33.0,,,,,,,188.0,188.0,188.0,188.0,188.0,188.0,2.43,2.93,3.43,3.93,4.43,4.93,,,,,,,,,,,,,2.7129,2.8629,3.0129,3.1629,3.3129,3.4629,0,0,0,0,0,0
7063,Ketzin,52.477222,12.843333,,north,north,north,north,north,north,8.6,8.6,8.6,8.6,8.6,8.6,,,,,,,312.0,312.0,312.0,312.0,312.0,312.0,3.5,4.0,4.5,5.0,5.5,6.0,,,,,,,,,,,,,3.5407,3.6907,3.8407,3.9907,4.1407,4.2907,1,1,1,1,1,1
7064,Koenigsberg (Neumark),52.963055,14.43,3913.0,north,north,north,north,north,north,8.3,8.3,8.3,8.3,8.3,8.3,,,,,,,188.1,188.1,188.1,188.1,188.1,188.1,0.06,0.56,1.06,1.56,2.06,2.56,,,,,,,,,,,,,2.3108,2.4608,2.6108,2.7608,2.9108,3.0608,1,1,1,1,1,1
7065,Koenigswalde,52.512222,15.245277,,north,north,north,north,north,north,22.2,22.2,22.2,22.2,22.2,22.2,,,,,,,204.0,204.0,204.0,204.0,204.0,204.0,0.0,0.0,0.28,0.78,1.28,1.78,,,,,,,,,,,,,2.1517,2.1517,2.2357,2.3857,2.5357,2.6857,0,0,0,0,0,0
7066,Koenigswusterhausen,52.299168,13.624444,,north,north,north,north,north,north,14.9,14.9,14.9,14.9,14.9,14.9,,,,,,,187.8,187.8,187.8,187.8,187.8,187.8,0.0,0.0,0.3,0.8,1.3,1.8,,,,,,,,,,,,,2.2101,2.2101,2.3001,2.4501,2.6001,2.7501,1,1,1,1,1,1
7067,Kremmen,52.762779,13.026111,4044.0,north,north,north,north,north,north,19.7,19.7,19.7,19.7,19.7,19.7,,,,,,,313.2,313.2,313.2,313.2,313.2,313.2,0.34,0.84,1.34,1.84,2.34,2.84,,,,,,,,,,,,,2.4558,2.6058,2.7558,2.9058,3.0558,3.2058,0,0,0,0,0,0
7068,Kuestrin,52.566666,14.606667,14116.0,north,north,north,north,north,north,7.4,7.4,7.4,7.4,7.4,7.4,,,,,,,174.1,174.1,174.1,174.1,174.1,174.1,0.18,0.68,1.18,1.68,2.18,2.68,,,,,,,,,,,,,2.3282,2.4782,2.6282,2.7782,2.9282,3.0782,1,1,1,1,1,1
7069,Kyritz,52.940556,12.396667,4178.0,north,north,north,north,north,north,24.7,24.7,24.7,24.7,24.7,24.7,,,,,,,317.1,317.1,317.1,317.1,317.1,317.1,8.0,8.0,8.0,8.0,8.0,8.0,,,,,,,,,,,,,4.6962,4.6962,4.6962,4.6962,4.6962,4.6962,0,0,0,0,0,0
7070,Lagow,52.3325,15.293612,,north,north,north,north,north,north,34.0,34.0,34.0,34.0,34.0,34.0,,,,,,,228.7,228.7,228.7,228.7,228.7,228.7,0.0,0.42,0.92,1.42,1.92,2.42,,,,,,,,,,,,,2.0501,2.1761,2.3261,2.4761,2.6261,2.7761,0,0,0,0,0,0
7071,Landsberg (Warthe),52.733334,15.233334,4220.0,north,north,north,north,north,north,6.0,6.0,6.0,6.0,6.0,6.0,19.0,19.0,19.0,19.0,19.0,19.0,526.8,526.8,526.8,526.8,526.8,526.8,0.0,0.43,0.93,1.43,1.93,2.43,1500.0,2000.0,1500.0,1000.0,1500.0,2000.0,1.5,1.333,0.75,0.667,1.5,1.333,2.7322,2.8612,3.0112,3.1612,3.3112,3.4612,1,1,1,1,1,1
7072,Lebus,52.425556,14.539722,4303.0,north,north,north,north,north,north,4.6,4.6,4.6,4.6,4.6,4.6,,,,,,,165.2,165.2,165.2,165.2,165.2,165.2,5.5,6.0,6.5,7.0,7.5,8.0,,,,,,,,,,,,,3.9382,4.0882,4.2382,4.3882,4.5382,4.6882,1,1,1,1,1,1
7073,Lenzen,53.090832,11.474722,4377.0,north,north,north,north,north,north,4.5,4.5,4.5,4.5,4.5,4.5,,,,,,,283.0,283.0,283.0,283.0,283.0,283.0,4.5,5.0,5.5,6.0,6.5,7.0,,,,,,,,,,,,,3.8536,4.0036,4.1536,4.3036,4.4536,4.6036,1,1,1,1,1,1
7074,Liebenau b. Schwiebus,52.305557,15.376111,8908.0,north,north,north,north,north,north,34.4,34.4,34.4,34.4,34.4,34.4,,,,,,,248.4,248.4,248.4,248.4,248.4,248.4,0.0,0.0,0.31,0.81,1.31,1.81,,,,,,,,,,,,,2.0777,2.0777,2.1707,2.3207,2.4707,2.6207,0,0,0,0,0,0
7075,Liebenwalde,52.871666,13.393056,,north,north,north,north,north,north,0.4,0.4,0.4,0.4,0.4,0.4,,,,,,,340.4,340.4,340.4,340.4,340.4,340.4,0.75,1.25,1.75,2.25,2.75,3.25,,,,,,,,,,,,,2.8526,3.0026,3.1526,3.3026,3.4526,3.6026,1,1,1,1,1,1
7076,Lieberose,51.988056,14.300555,4433.0,north,north,north,north,north,north,30.1,30.1,30.1,30.1,30.1,30.1,,,,,,,346.2,346.2,346.2,346.2,346.2,346.2,6.5,7.0,7.5,8.0,8.0,8.0,,,,,,,,,,,,,4.2138,4.3638,4.5138,4.6638,4.6638,4.6638,0,0,0,0,0,0
7077,Lindow,52.970833,12.988055,4472.0,north,north,north,north,north,north,29.3,29.3,29.3,29.3,29.3,29.3,,,,,,,235.1,235.1,235.1,235.1,235.1,235.1,2.5,3.0,3.5,4.0,4.5,5.0,,,,,,,,,,,,,2.8691,3.0191,3.1691,3.3191,3.4691,3.6191,0,0,0,0,0,0
7078,Lippehne,53.003056,14.969444,4495.0,north,north,north,north,north,north,36.5,36.5,36.5,36.5,36.5,36.5,,,,,,,336.8,336.8,336.8,336.8,336.8,336.8,0.0,0.31,0.81,1.31,1.81,2.31,,,,,,,,,,,,,2.1732,2.2662,2.4162,2.5662,2.7162,2.8662,0,0,0,0,0,0
7079,Luckau,51.852501,13.715834,4625.0,north,north,north,north,north,north,57.7,57.7,57.7,57.7,57.7,57.7,,,,,,,287.2,287.2,287.2,287.2,287.2,287.2,2.5,3.0,3.5,4.0,4.5,5.0,,,,,,,,,,,,,2.8155,2.9655,3.1155,3.2655,3.4155,3.5655,0,0,0,0,0,0
7080,Luckenwalde,52.089169,13.172778,4626.0,north,north,north,north,north,north,41.8,41.8,41.8,41.8,41.8,41.8,,,,,,,264.2,264.2,264.2,264.2,264.2,264.2,4.5,5.0,5.5,6.0,6.5,7.0,,,,,,,,,,,,,3.3822,3.5322,3.6822,3.8322,3.9822,4.1322,0,0,0,0,0,0
7081,Luebben,51.941944,13.896389,4598.0,north,north,north,north,north,north,46.9,46.9,46.9,46.9,46.9,46.9,,,,,,,324.0,324.0,324.0,324.0,324.0,324.0,5.5,6.0,6.5,7.0,7.5,8.0,,,,,,,,,,,,,3.7636,3.9136,4.0636,4.2136,4.3636,4.5136,0,0,0,0,0,0
7082,Luebbenau,51.868332,13.968611,,north,north,north,north,north,north,53.2,53.2,53.2,53.2,53.2,53.2,,,,,,,220.2,220.2,220.2,220.2,220.2,220.2,5.5,6.0,6.5,7.0,7.5,8.0,,,,,,,,,,,,,3.6097,3.7597,3.9097,4.0597,4.2097,4.3597,0,0,0,0,0,0
7083,Lychen,53.210835,13.315278,4686.0,north,north,north,north,north,north,38.5,38.5,38.5,38.5,38.5,38.5,,,,,,,289.4,289.4,289.4,289.4,289.4,289.4,2.5,3.0,3.5,4.0,4.5,5.0,,,,,,,,,,,,,2.8377,2.9877,3.1377,3.2877,3.4377,3.5877,0,0,0,0,0,0
7084,Maerk.  Buchholz,52.109722,13.761666,,north,north,north,north,north,north,32.0,32.0,32.0,32.0,32.0,32.0,,,,,,,313.5,313.5,313.5,313.5,313.5,313.5,0.0,0.0,0.49,0.99,1.49,1.99,,,,,,,,,,,,,2.2001,2.2001,2.3471,2.4971,2.6471,2.7971,0,0,0,0,0,0
7085,Meseritz,52.433334,15.566667,4903.0,north,north,north,north,north,north,27.2,27.2,27.2,27.2,27.2,27.2,,,,,,,244.4,244.4,244.4,244.4,244.4,244.4,2.53,3.03,3.53,4.03,4.53,5.03,,,,,,,,,,,,,2.9199,3.0699,3.2199,3.3699,3.5199,3.6699,0,0,0,0,0,0
7086,Meyenburg,53.314999,12.241111,4914.0,north,north,north,north,north,north,42.7,42.7,42.7,42.7,42.7,42.7,,,,,,,195.7,195.7,195.7,195.7,195.7,195.7,0.0,0.15,0.65,1.15,1.65,2.15,,,,,,,,,,,,,1.9128,1.9578,2.1078,2.2578,2.4078,2.5578,0,0,0,0,0,0
7087,Mittenwalde,52.264721,13.536111,4975.0,north,north,north,north,north,north,20.2,20.2,20.2,20.2,20.2,20.2,,,,,,,134.6,134.6,134.6,134.6,134.6,134.6,6.5,7.0,7.5,8.0,8.0,8.0,,,,,,,,,,,,,3.9618,4.1118,4.2618,4.4118,4.4118,4.4118,0,0,0,0,0,0
7088,Mohrin,52.858055,14.393056,5008.0,north,north,north,north,north,north,18.9,18.9,18.9,18.9,18.9,18.9,,,,,,,224.6,224.6,224.6,224.6,224.6,224.6,0.0,0.37,0.87,1.37,1.87,2.37,,,,,,,,,,,,,2.2317,2.3427,2.4927,2.6427,2.7927,2.9427,0,0,0,0,0,0
7089,Muellrose,52.245277,14.414166,5103.0,north,north,north,north,north,north,13.8,13.8,13.8,13.8,13.8,13.8,,,,,,,368.3,368.3,368.3,368.3,368.3,368.3,0.0,0.4,0.9,1.4,1.9,2.4,,,,,,,,,,,,,2.4924,2.6124,2.7624,2.9124,3.0624,3.2124,1,1,1,1,1,1
7090,Muencheberg,52.503056,14.140278,5106.0,north,north,north,north,north,north,17.3,17.3,17.3,17.3,17.3,17.3,,,,,,,271.2,271.2,271.2,271.2,271.2,271.2,2.5,3.0,3.5,4.0,4.5,5.0,,,,,,,,,,,,,3.0769,3.2269,3.3769,3.5269,3.6769,3.8269,0,0,0,0,0,0
7091,Nauen,52.606945,12.876111,5160.0,north,north,north,north,north,north,23.2,23.2,23.2,23.2,23.2,23.2,35.0,35.0,35.0,35.0,35.0,35.0,318.8,318.8,318.8,318.8,318.8,318.8,0.64,1.14,1.64,2.14,2.64,3.14,1000.0,1000.0,1000.0,1000.0,1000.0,1000.0,1.0,1.0,1.0,1.0,1.0,1.0,2.509,2.659,2.809,2.959,3.109,3.259,0,0,0,0,0,0
7092,Neudamm,52.733334,14.7,5230.0,north,north,north,north,north,north,14.9,14.9,14.9,14.9,14.9,14.9,,,,,,,265.5,265.5,265.5,265.5,265.5,265.5,0.0,0.39,0.89,1.39,1.89,2.39,,,,,,,,,,,,,2.3475,2.4645,2.6145,2.7645,2.9145,3.0645,1,1,1,1,1,1
7093,Neu Ruppin,52.923332,12.806389,5297.0,north,north,north,north,north,north,39.7,39.7,39.7,39.7,39.7,39.7,44.0,44.0,44.0,44.0,44.0,44.0,237.1,237.1,237.1,237.1,237.1,237.1,0.12,0.62,1.12,1.62,2.12,2.62,1500.0,2000.0,1500.0,1000.0,2500.0,4000.0,1.5,1.333,0.75,0.667,2.5,1.6,2.0291,2.1791,2.3291,2.4791,2.6291,2.7791,0,0,0,0,0,2
7094,Neustadt (Dosse),52.856945,12.438611,19886.0,north,north,north,north,north,north,22.6,22.6,22.6,22.6,22.6,22.6,,,,,,,109.2,109.2,109.2,109.2,109.2,109.2,0.0,0.0,0.0,0.25,0.75,1.25,,,,,,,,,,,,,1.8982,1.8982,1.8982,1.9732,2.1232,2.2732,0,0,0,0,0,0
7095,Niemegk,52.076668,12.688056,5387.0,north,north,north,north,north,north,25.0,25.0,25.0,25.0,25.0,25.0,,,,,,,198.9,198.9,198.9,198.9,198.9,198.9,0.89,1.39,1.89,2.39,2.89,3.39,,,,,,,,,,,,,2.3738,2.5238,2.6738,2.8238,2.9738,3.1238,0,0,0,0,0,0
7096,Oderberg,52.86639,14.044444,5574.0,north,north,north,north,north,north,2.8,2.8,2.8,2.8,2.8,2.8,,,,,,,131.5,131.5,131.5,131.5,131.5,131.5,0.36,0.86,1.36,1.86,2.36,2.86,,,,,,,,,,,,,2.3278,2.4778,2.6278,2.7778,2.9278,3.0778,1,1,1,1,1,1
7097,Oranienburg,52.753887,13.236389,,north,north,north,north,north,north,7.1,7.1,7.1,7.1,7.1,7.1,,,,,,,257.1,257.1,257.1,257.1,257.1,257.1,0.75,1.25,1.75,2.25,2.75,3.25,,,,,,,,,,,,,2.657,2.807,2.957,3.107,3.257,3.407,1,1,1,1,1,1
7098,Peitz,51.858334,14.411389,5872.0,north,north,north,north,north,north,28.1,28.1,28.1,28.1,28.1,28.1,,,,,,,343.9,343.9,343.9,343.9,343.9,343.9,0.0,0.0,0.49,0.99,1.49,1.99,,,,,,,,,,,,,2.2856,2.2856,2.4326,2.5826,2.7326,2.8826,0,0,0,0,0,0
7099,Perleberg,53.075832,11.864166,5887.0,north,north,north,north,north,north,6.1,6.1,6.1,6.1,6.1,6.1,,,,,,,349.4,349.4,349.4,349.4,349.4,349.4,1.5,2.0,2.5,3.0,3.5,4.0,,,,,,,,,,,,,3.017,3.167,3.317,3.467,3.617,3.767,1,1,1,1,1,1
7100,Pfoerten,51.799999,14.783334,5917.0,north,north,north,north,north,north,23.7,23.7,23.7,23.7,23.7,23.7,,,,,,,233.8,233.8,233.8,233.8,233.8,233.8,0.0,0.0,0.04,0.54,1.04,1.54,,,,,,,,,,,,,2.1876,2.1876,2.1996,2.3496,2.4996,2.6496,0,0,0,0,0,0
7101,Plaue (Havel),52.406944,12.4125,5971.0,north,north,north,north,north,north,4.9,4.9,4.9,4.9,4.9,4.9,,,,,,,199.6,199.6,199.6,199.6,199.6,199.6,0.52,1.02,1.52,2.02,2.52,3.02,,,,,,,,,,,,,2.5158,2.6658,2.8158,2.9658,3.1158,3.2658,1,1,1,1,1,1
7102,Potsdam,52.400276,13.053333,11875.0,north,north,north,north,north,north,9.0,9.0,9.0,9.0,9.0,9.0,31.0,31.0,31.0,31.0,31.0,31.0,110.7,110.7,110.7,110.7,110.7,110.7,8.0,8.0,8.0,8.0,8.0,8.0,1000.0,1000.0,1000.0,1000.0,1000.0,1000.0,1.0,1.0,1.0,1.0,1.0,1.0,4.474,4.474,4.474,4.474,4.474,4.474,1,1,1,1,1,1
7103,Premnitz,52.530556,12.336945,,north,north,north,north,north,north,3.9,3.9,3.9,3.9,3.9,3.9,,,,,,,167.9,167.9,167.9,167.9,167.9,167.9,0.75,1.25,1.75,2.25,2.75,3.25,,,,,,,,,,,,,2.5277,2.6777,2.8277,2.9777,3.1277,3.2777,1,1,1,1,1,1
7104,Prenzlau,53.316666,13.861944,6104.0,north,north,north,north,north,north,6.8,6.8,6.8,6.8,6.8,6.8,34.0,34.0,34.0,34.0,34.0,34.0,484.3,484.3,484.3,484.3,484.3,484.3,3.5,4.0,4.5,5.0,5.5,6.0,3500.0,4000.0,2500.0,1000.0,1000.0,1000.0,1.167,1.143,0.625,0.4,1.0,1.0,3.7388,3.8888,4.0388,4.1888,4.3388,4.4888,2,2,1,1,1,1
7105,Pritzerbe,52.495556,12.455277,,north,north,north,north,north,north,6.7,6.7,6.7,6.7,6.7,6.7,,,,,,,193.8,193.8,193.8,193.8,193.8,193.8,3.02,3.52,4.02,4.52,5.02,5.52,,,,,,,,,,,,,3.2309,3.3809,3.5309,3.6809,3.8309,3.9809,1,1,1,1,1,1
7106,Pritzwalk,53.149166,12.174444,6122.0,north,north,north,north,north,north,27.8,27.8,27.8,27.8,27.8,27.8,,,,,,,402.4,402.4,402.4,402.4,402.4,402.4,2.5,3.0,3.5,4.0,4.5,5.0,,,,,,,,,,,,,3.1029,3.2529,3.4029,3.5529,3.7029,3.8529,0,0,0,0,0,0
7107,Putlitz,53.24889,12.043056,13807.0,north,north,north,north,north,north,28.7,28.7,28.7,28.7,28.7,28.7,,,,,,,338.2,338.2,338.2,338.2,338.2,338.2,3.04,3.54,4.04,4.54,5.04,5.54,,,,,,,,,,,,,3.1835,3.3335,3.4835,3.6335,3.7835,3.9335,0,0,0,0,0,0
7108,Rathenow,52.60611,12.338611,6271.0,north,north,north,north,north,north,0.3,0.3,0.3,0.3,0.3,0.3,,,,,,,232.8,232.8,232.8,232.8,232.8,232.8,0.5,1.0,1.5,2.0,2.5,3.0,,,,,,,,,,,,,2.6286,2.7786,2.9286,3.0786,3.2286,3.3786,1,1,1,1,1,1
7109,Reppen,52.343334,14.838611,6373.0,north,north,north,north,north,north,18.6,18.6,18.6,18.6,18.6,18.6,,,,,,,384.0,384.0,384.0,384.0,384.0,384.0,0.0,0.0,0.21,0.71,1.21,1.71,,,,,,,,,,,,,2.4484,2.4484,2.5114,2.6614,2.8114,2.9614,0,0,0,0,0,0
7110,Rheinsberg,53.098888,12.891945,13808.0,north,north,north,north,north,north,42.1,42.1,42.1,42.1,42.1,42.1,,,,,,,290.3,290.3,290.3,290.3,290.3,290.3,2.5,3.0,3.5,4.0,4.5,5.0,,,,,,,,,,,,,2.8197,2.9697,3.1197,3.2697,3.4197,3.5697,0,0,0,0,0,0
7111,Rhinow,52.750832,12.341945,13809.0,north,north,north,north,north,north,10.6,10.6,10.6,10.6,10.6,10.6,,,,,,,295.8,295.8,295.8,295.8,295.8,295.8,0.34,0.84,1.34,1.84,2.34,2.84,,,,,,,,,,,,,2.5463,2.6963,2.8463,2.9963,3.1463,3.2963,1,1,1,1,1,1
7112,Saarmund,52.31889,13.1275,,north,north,north,north,north,north,16.2,16.2,16.2,16.2,16.2,16.2,,,,,,,131.7,131.7,131.7,131.7,131.7,131.7,1.1,1.6,2.1,2.6,3.1,3.6,,,,,,,,,,,,,2.3826,2.5326,2.6826,2.8326,2.9826,3.1326,0,0,0,0,0,0
7113,Schermeisel,52.444443,15.242222,,north,north,north,north,north,north,28.6,28.6,28.6,28.6,28.6,28.6,,,,,,,116.9,116.9,116.9,116.9,116.9,116.9,0.0,0.0,0.0,0.0,0.0,0.0,,,,,,,,,,,,,1.8497,1.8497,1.8497,1.8497,1.8497,1.8497,0,0,0,0,0,0
7114,Schoenfliess,52.965279,14.6075,6947.0,north,north,north,north,north,north,15.9,15.9,15.9,15.9,15.9,15.9,,,,,,,277.3,277.3,277.3,277.3,277.3,277.3,0.0,0.19,0.69,1.19,1.69,2.19,,,,,,,,,,,,,2.3525,2.4095,2.5595,2.7095,2.8595,3.0095,0,0,0,0,0,0
7115,Schwedt,53.055279,14.287778,7010.0,north,north,north,north,north,north,3.9,3.9,3.9,3.9,3.9,3.9,,,,,,,179.0,179.0,179.0,179.0,179.0,179.0,2.5,3.0,3.5,4.0,4.5,5.0,,,,,,,,,,,,,3.0779,3.2279,3.3779,3.5279,3.6779,3.8279,1,1,1,1,1,1
7116,Schwerin (Warthe),52.599724,15.502222,7019.0,north,north,north,north,north,north,8.3,8.3,8.3,8.3,8.3,8.3,,,,,,,417.2,417.2,417.2,417.2,417.2,417.2,0.0,0.05,0.55,1.05,1.55,2.05,,,,,,,,,,,,,2.6105,2.6255,2.7755,2.9255,3.0755,3.2255,1,1,1,1,1,1
7117,Schwiebus,52.25,15.533334,7026.0,north,north,north,north,north,north,36.9,36.9,36.9,36.9,36.9,36.9,,,,,,,244.7,244.7,244.7,244.7,244.7,244.7,0.22,0.72,1.22,1.72,2.22,2.72,,,,,,,,,,,,,2.1066,2.2566,2.4066,2.5566,2.7066,2.8566,0,0,0,0,0,0
7118,Seelow,52.533611,14.380834,,north,north,north,north,north,north,13.1,13.1,13.1,13.1,13.1,13.1,,,,,,,439.3,439.3,439.3,439.3,439.3,439.3,8.0,8.0,8.0,8.0,8.0,8.0,,,,,,,,,,,,,4.9714,4.9714,4.9714,4.9714,4.9714,4.9714,1,1,1,1,1,1
7119,Senftenberg,51.518612,14.004167,13810.0,north,north,north,north,north,north,53.3,53.3,53.3,53.3,53.3,53.3,,,,,,,202.1,202.1,202.1,202.1,202.1,202.1,2.5,3.0,3.5,4.0,4.5,5.0,,,,,,,,,,,,,2.6755,2.8255,2.9755,3.1255,3.2755,3.4255,0,0,0,0,0,0
7120,Soldin,52.933334,14.866667,7241.0,north,north,north,north,north,north,31.2,31.2,31.2,31.2,31.2,31.2,,,,,,,337.8,337.8,337.8,337.8,337.8,337.8,0.0,0.4,0.9,1.4,1.9,2.4,,,,,,,,,,,,,2.2401,2.3601,2.5101,2.6601,2.8101,2.9601,0,0,0,0,0,0
7121,Sommerfeld,51.787777,14.971945,13811.0,north,north,north,north,north,north,29.5,29.5,29.5,29.5,29.5,29.5,,,,,,,203.1,203.1,203.1,203.1,203.1,203.1,0.3,0.8,1.3,1.8,2.3,2.8,,,,,,,,,,,,,2.1482,2.2982,2.4482,2.5982,2.7482,2.8982,0,0,0,0,0,0
7122,Sonnenburg,52.563889,14.802778,,north,north,north,north,north,north,5.2,5.2,5.2,5.2,5.2,5.2,,,,,,,186.4,186.4,186.4,186.4,186.4,186.4,0.0,0.05,0.55,1.05,1.55,2.05,,,,,,,,,,,,,2.3278,2.3428,2.4928,2.6428,2.7928,2.9428,1,1,1,1,1,1
7123,Sonnewalde,51.695278,13.644722,,north,north,north,north,north,north,42.0,42.0,42.0,42.0,42.0,42.0,,,,,,,166.6,166.6,166.6,166.6,166.6,166.6,3.5,4.0,4.5,5.0,5.5,6.0,,,,,,,,,,,,,2.8986,3.0486,3.1986,3.3486,3.4986,3.6486,0,0,0,0,0,0
7124,Sorau,51.633335,15.133333,7271.0,north,north,north,north,north,north,37.9,37.9,37.9,37.9,37.9,37.9,,,,,,,241.3,241.3,241.3,241.3,241.3,241.3,2.48,2.98,3.48,3.98,4.48,4.98,,,,,,,,,,,,,2.7666,2.9166,3.0666,3.2166,3.3666,3.5166,0,0,0,0,0,0
7125,Spremberg,51.571667,14.379723,7312.0,north,north,north,north,north,north,54.7,54.7,54.7,54.7,54.7,54.7,,,,,,,359.4,359.4,359.4,359.4,359.4,359.4,2.5,3.0,3.5,4.0,4.5,5.0,,,,,,,,,,,,,2.9049,3.0549,3.2049,3.3549,3.5049,3.6549,0,0,0,0,0,0
7126,Sternberg (Neumark),52.313057,15.072222,,north,north,north,north,north,north,28.2,28.2,28.2,28.2,28.2,28.2,,,,,,,354.7,354.7,354.7,354.7,354.7,354.7,0.0,0.0,0.5,1.0,1.5,2.0,,,,,,,,,,,,,2.2966,2.2966,2.4466,2.5966,2.7466,2.8966,0,0,0,0,0,0
7127,Storkow,52.25528,13.931389,14315.0,north,north,north,north,north,north,14.2,14.2,14.2,14.2,14.2,14.2,,,,,,,427.5,427.5,427.5,427.5,427.5,427.5,3.5,4.0,4.5,5.0,5.5,6.0,,,,,,,,,,,,,3.5961,3.7461,3.8961,4.0461,4.1961,4.3461,1,1,1,1,1,1
7128,Strasburg,53.509998,13.745,7463.0,north,north,north,north,north,north,14.2,14.2,14.2,14.2,14.2,14.2,,,,,,,414.9,414.9,414.9,414.9,414.9,414.9,0.0,0.23,0.73,1.23,1.73,2.23,,,,,,,,,,,,,2.5352,2.6042,2.7542,2.9042,3.0542,3.2042,1,1,1,1,1,1
7129,Strausberg,52.579445,13.881945,7476.0,north,north,north,north,north,north,15.7,15.7,15.7,15.7,15.7,15.7,,,,,,,297.6,297.6,297.6,297.6,297.6,297.6,0.25,0.75,1.25,1.75,2.25,2.75,,,,,,,,,,,,,2.4579,2.6079,2.7579,2.9079,3.0579,3.2079,0,0,0,0,0,0
7130,Teltow,52.400555,13.268333,7640.0,north,north,north,north,north,north,11.6,11.6,11.6,11.6,11.6,11.6,,,,,,,133.7,133.7,133.7,133.7,133.7,133.7,0.18,0.68,1.18,1.68,2.18,2.68,,,,,,,,,,,,,2.1706,2.3206,2.4706,2.6206,2.7706,2.9206,1,1,1,1,1,1
7131,Templin,53.120556,13.498889,7645.0,north,north,north,north,north,north,29.0,29.0,29.0,29.0,29.0,29.0,,,,,,,451.7,451.7,451.7,451.7,451.7,451.7,0.0,0.5,1.0,1.5,2.0,2.5,,,,,,,,,,,,,2.3834,2.5334,2.6834,2.8334,2.9834,3.1334,0,0,0,0,0,0
7132,Teupitz,52.136112,13.610556,,north,north,north,north,north,north,33.0,33.0,33.0,33.0,33.0,33.0,,,,,,,172.1,172.1,172.1,172.1,172.1,172.1,0.0,0.0,0.43,0.93,1.43,1.93,,,,,,,,,,,,,1.9486,1.9486,2.0776,2.2276,2.3776,2.5276,0,0,0,0,0,0
7133,Tirschtiegel,52.366665,15.883333,13812.0,north,north,north,north,north,north,44.4,44.4,44.4,44.4,44.4,44.4,,,,,,,1418.1,1418.1,1418.1,1418.1,1418.1,1418.1,0.0,0.48,0.98,1.48,1.98,2.48,,,,,,,,,,,,,2.7031,2.8471,2.9971,3.1471,3.2971,3.4471,0,0,0,0,0,0
7134,Trebbin,52.218056,13.217222,7783.0,north,north,north,north,north,north,28.0,28.0,28.0,28.0,28.0,28.0,,,,,,,175.7,175.7,175.7,175.7,175.7,175.7,2.5,3.0,3.5,4.0,4.5,5.0,,,,,,,,,,,,,2.77,2.92,3.07,3.22,3.37,3.52,0,0,0,0,0,0
7135,Trebschen,52.019444,15.733889,,north,north,north,north,north,north,24.3,24.3,24.3,24.3,24.3,24.3,,,,,,,122.2,122.2,122.2,122.2,122.2,122.2,0.0,0.0,0.0,0.0,0.0,0.0,,,,,,,,,,,,,1.9223,1.9223,1.9223,1.9223,1.9223,1.9223,0,0,0,0,0,0
7136,Treuenbrietzen,52.094444,12.870556,7807.0,north,north,north,north,north,north,33.4,33.4,33.4,33.4,33.4,33.4,,,,,,,241.7,241.7,241.7,241.7,241.7,241.7,4.5,5.0,5.5,6.0,6.5,7.0,,,,,,,,,,,,,3.4296,3.5796,3.7296,3.8796,4.0296,4.1796,0,0,0,0,0,0
7137,Triebel,51.634167,14.818889,7811.0,north,north,north,north,north,north,42.3,42.3,42.3,42.3,42.3,42.3,,,,,,,230.8,230.8,230.8,230.8,230.8,230.8,0.0,0.0,0.49,0.99,1.49,1.99,,,,,,,,,,,,,1.9783,1.9783,2.1253,2.2753,2.4253,2.5753,0,0,0,0,0,0
7138,Unruhstadt,52.066666,15.866667,13813.0,north,north,north,north,north,north,33.7,33.7,33.7,33.7,33.7,33.7,,,,,,,297.3,297.3,297.3,297.3,297.3,297.3,0.0,0.0,0.0,0.0,0.0,0.0,,,,,,,,,,,,,2.1576,2.1576,2.1576,2.1576,2.1576,2.1576,0,0,0,0,0,0
7139,Velten,52.690277,13.178611,,north,north,north,north,north,north,8.4,8.4,8.4,8.4,8.4,8.4,,,,,,,100.1,100.1,100.1,100.1,100.1,100.1,1.5,2.0,2.5,3.0,3.5,4.0,,,,,,,,,,,,,2.4913,2.6413,2.7913,2.9413,3.0913,3.2413,1,1,1,1,1,1
7140,Vetschau,51.783054,14.076667,8008.0,north,north,north,north,north,north,52.0,52.0,52.0,52.0,52.0,52.0,,,,,,,277.4,277.4,277.4,277.4,277.4,277.4,0.0,0.0,0.48,0.98,1.48,1.98,,,,,,,,,,,,,2.0517,2.0517,2.1957,2.3457,2.4957,2.6457,0,0,0,0,0,0
7141,Vierraden,53.096668,14.297778,8016.0,north,north,north,north,north,north,2.9,2.9,2.9,2.9,2.9,2.9,,,,,,,140.0,140.0,140.0,140.0,140.0,140.0,0.2,0.7,1.2,1.7,2.2,2.7,,,,,,,,,,,,,2.3032,2.4532,2.6032,2.7532,2.9032,3.0532,1,1,1,1,1,1
7142,Vietz,52.683334,14.883333,,north,north,north,north,north,north,11.8,11.8,11.8,11.8,11.8,11.8,,,,,,,423.6,423.6,423.6,423.6,423.6,423.6,0.0,0.39,0.89,1.39,1.89,2.39,,,,,,,,,,,,,2.5725,2.6895,2.8395,2.9895,3.1395,3.2895,1,1,1,1,1,1
7143,Werder,52.376389,12.933888,,north,north,north,north,north,north,8.5,8.5,8.5,8.5,8.5,8.5,,,,,,,191.1,191.1,191.1,191.1,191.1,191.1,0.0,0.0,0.33,0.83,1.33,1.83,,,,,,,,,,,,,2.2968,2.2968,2.3958,2.5458,2.6958,2.8458,1,1,1,1,1,1
7144,Werneuchen,52.630833,13.730833,,north,north,north,north,north,north,19.8,19.8,19.8,19.8,19.8,19.8,,,,,,,152.0,152.0,152.0,152.0,152.0,152.0,0.5,1.0,1.5,2.0,2.5,3.0,,,,,,,,,,,,,2.2147,2.3647,2.5147,2.6647,2.8147,2.9647,0,0,0,0,0,0
7145,Wilsnack,52.954723,11.948055,8467.0,north,north,north,north,north,north,6.1,6.1,6.1,6.1,6.1,6.1,,,,,,,235.7,235.7,235.7,235.7,235.7,235.7,0.0,0.0,0.5,1.0,1.5,2.0,,,,,,,,,,,,,2.4102,2.4102,2.5602,2.7102,2.8602,3.0102,1,1,1,1,1,1
7146,Wittenberge,52.993332,11.751389,8515.0,north,north,north,north,north,north,3.8,3.8,3.8,3.8,3.8,3.8,,,,,,,205.0,205.0,205.0,205.0,205.0,205.0,1.0,1.5,2.0,2.5,3.0,3.5,,,,,,,,,,,,,2.6837,2.8337,2.9837,3.1337,3.2837,3.4337,1,1,1,1,1,1
7147,Wittstock,53.163055,12.485,8527.0,north,north,north,north,north,north,44.9,44.9,44.9,44.9,44.9,44.9,,,,,,,479.2,479.2,479.2,479.2,479.2,479.2,8.0,8.0,8.0,8.0,8.0,8.0,,,,,,,,,,,,,4.6697,4.6697,4.6697,4.6697,4.6697,4.6697,0,0,0,0,0,0
7148,Wriezen,52.721111,14.133611,8630.0,north,north,north,north,north,north,5.6,5.6,5.6,5.6,5.6,5.6,,,,,,,267.9,267.9,267.9,267.9,267.9,267.9,0.03,0.53,1.03,1.53,2.03,2.53,,,,,,,,,,,,,2.477,2.627,2.777,2.927,3.077,3.227,1,1,1,1,1,1
7149,Wusterhausen,52.891109,12.461945,8660.0,north,north,north,north,north,north,26.4,26.4,26.4,26.4,26.4,26.4,,,,,,,211.6,211.6,211.6,211.6,211.6,211.6,6.5,7.0,7.5,8.0,8.0,8.0,,,,,,,,,,,,,4.0637,4.2137,4.3637,4.5137,4.5137,4.5137,0,0,0,0,0,0
7150,Zehden,52.883335,14.2,,north,north,north,north,north,north,8.7,8.7,8.7,8.7,8.7,8.7,,,,,,,254.9,254.9,254.9,254.9,254.9,254.9,0.63,1.13,1.63,2.13,2.63,3.13,,,,,,,,,,,,,2.5978,2.7478,2.8978,3.0478,3.1978,3.3478,1,1,1,1,1,1
7151,Zehdenick,52.979168,13.332222,8745.0,north,north,north,north,north,north,13.0,13.0,13.0,13.0,13.0,13.0,,,,,,,248.0,248.0,248.0,248.0,248.0,248.0,0.34,0.84,1.34,1.84,2.34,2.84,,,,,,,,,,,,,2.4468,2.5968,2.7468,2.8968,3.0468,3.1968,1,1,1,1,1,1
7152,Zielenzig,52.433334,15.1,8784.0,north,north,north,north,north,north,27.6,27.6,27.6,27.6,27.6,27.6,,,,,,,280.8,280.8,280.8,280.8,280.8,280.8,0.09,0.59,1.09,1.59,2.09,2.59,,,,,,,,,,,,,2.2388,2.3888,2.5388,2.6888,2.8388,2.9888,0,0,0,0,0,0
7153,Zinna,52.024445,13.104722,,north,north,north,north,north,north,36.7,36.7,36.7,36.7,36.7,36.7,,,,,,,127.5,127.5,127.5,127.5,127.5,127.5,0.8,1.3,1.8,2.3,2.8,3.3,,,,,,,,,,,,,2.0237,2.1737,2.3237,2.4737,2.6237,2.7737,0,0,0,0,0,0
7154,Zossen,52.21611,13.449166,,north,north,north,north,north,north,27.6,27.6,27.6,27.6,27.6,27.6,,,,,,,242.4,242.4,242.4,242.4,242.4,242.4,0.5,1.0,1.5,2.0,2.5,3.0,,,,,,,,,,,,,2.3024,2.4524,2.6024,2.7524,2.9024,3.0524,0,0,0,0,0,0
7155,Zuellichau,52.083332,15.616667,8844.0,north,north,north,north,north,north,22.3,22.3,22.3,22.3,22.3,22.3,85.0,85.0,85.0,85.0,85.0,85.0,240.4,240.4,240.4,240.4,240.4,240.4,0.0,0.5,1.0,1.5,2.0,2.5,500.0,1000.0,1000.0,1000.0,1000.0,1000.0,,2.0,1.0,1.0,1.0,1.0,2.2158,2.3658,2.5158,2.6658,2.8158,2.9658,0,0,0,0,0,0
7156,Doebern,51.615002,14.598056,,north,north,north,north,north,north,45.1,45.1,45.1,45.1,45.1,45.1,,,,,,,221.9,221.9,221.9,221.9,221.9,221.9,0.0,0.0,0.0,0.0,0.0,0.36,,,,,,,,,,,,,1.9627,1.9627,1.9627,1.9627,1.9627,2.0707,0,0,0,0,0,0
7157,Eisenhuettenstadt,52.145557,14.631111,,north,north,north,north,north,north,7.1,7.1,7.1,7.1,7.1,7.1,,,,,,,261.7,261.7,261.7,261.7,261.7,261.7,0.01,0.51,1.01,1.51,2.01,2.51,,,,,,,,,,,,,2.4424,2.5924,2.7424,2.8924,3.0424,3.1924,1,1,1,1,1,1
7158,Falkensee,52.562778,13.095555,,north,north,north,north,north,north,8.0,8.0,8.0,8.0,8.0,8.0,,,,,,,198.2,198.2,198.2,198.2,198.2,198.2,0.0,0.35,0.85,1.35,1.85,2.35,,,,,,,,,,,,,2.3175,2.4225,2.5725,2.7225,2.8725,3.0225,1,1,1,1,1,1
7159,Grossraeschen,51.588055,14.010555,,north,north,north,north,north,north,58.4,58.4,58.4,58.4,58.4,58.4,,,,,,,172.4,172.4,172.4,172.4,172.4,172.4,0.0,0.0,0.0,0.0,0.29,0.79,,,,,,,,,,,,,1.8622,1.8622,1.8622,1.8622,1.9492,2.0992,0,0,0,0,0,0
7160,Hennigsdorf,52.638889,13.208889,,north,north,north,north,north,north,9.5,9.5,9.5,9.5,9.5,9.5,,,,,,,108.8,108.8,108.8,108.8,108.8,108.8,0.0,0.0,0.0,0.25,0.75,1.25,,,,,,,,,,,,,2.061,2.061,2.061,2.136,2.286,2.436,1,1,1,1,1,1
7161,Ludwigsfelde,52.299999,13.261945,,north,north,north,north,north,north,20.3,20.3,20.3,20.3,20.3,20.3,,,,,,,139.6,139.6,139.6,139.6,139.6,139.6,0.0,0.0,0.0,0.25,0.75,1.25,,,,,,,,,,,,,2.025,2.025,2.025,2.1,2.25,2.4,0,0,0,0,0,0
7162,Schwarzheide,51.477222,13.855833,,middle,middle,middle,middle,middle,middle,42.4,42.4,42.4,42.4,42.4,42.4,,,,,,,119.4,119.4,119.4,119.4,119.4,119.4,0.0,0.0,0.0,0.0,0.29,0.79,,,,,,,,,,,,,1.9163,1.9163,1.9163,1.9163,2.0033,2.1533,0,0,0,0,0,0
7163,Welzow,51.58139,14.171667,,north,north,north,north,north,north,61.7,61.7,61.7,61.7,61.7,61.7,,,,,,,169.4,169.4,169.4,169.4,169.4,169.4,0.0,0.2,0.7,1.2,1.7,2.2,,,,,,,,,,,,,1.8554,1.9154,2.0654,2.2154,2.3654,2.5154,0,0,0,0,0,0
7164,Lauchhammer,51.490276,13.738334,,middle,middle,middle,middle,middle,middle,37.0,37.0,37.0,37.0,37.0,37.0,,,,,,,169.7,169.7,169.7,169.7,169.7,169.7,0.0,0.0,0.0,0.47,0.97,1.47,,,,,,,,,,,,,2.0931,2.0931,2.0931,2.2341,2.3841,2.5341,0,0,0,0,0,0
7165,Falkenberg/Elster,51.586945,13.236111,,north,north,north,north,north,north,13.5,13.5,13.5,13.5,13.5,13.5,,,,,,,119.5,119.5,119.5,119.5,119.5,119.5,0.0,0.49,0.99,1.49,1.99,2.49,,,,,,,,,,,,,2.0473,2.1943,2.3443,2.4943,2.6443,2.7943,1,1,1,1,1,1
7166,Kirchhain (Niederlausitz),51.639446,13.560555,14272.0,north,north,north,north,north,north,33.6,33.6,33.6,33.6,33.6,33.6,,,,,,,108.0,108.0,108.0,108.0,108.0,108.0,0.16,0.66,1.16,1.66,2.16,2.66,,,,,,,,,,,,,1.8049,1.9549,2.1049,2.2549,2.4049,2.5549,0,0,0,0,0,0
8001,Auras,51.245834,16.850834,,middle,middle,middle,middle,middle,middle,79.6,79.6,79.6,79.6,79.6,79.6,,,,,,,148.1,148.1,148.1,148.1,148.1,148.1,0.47,0.97,1.47,1.97,2.47,2.97,,,,,,,,,,,,,2.1428,2.2928,2.4428,2.5928,2.7428,2.8928,0,0,0,0,0,0
8002,Bauerwitz,50.15139,17.995001,,middle,middle,middle,middle,middle,middle,223.4,223.4,223.4,223.4,223.4,223.4,,,,,,,219.9,219.9,219.9,219.9,219.9,219.9,0.0,0.04,0.54,1.04,1.54,2.04,,,,,,,,,,,,,2.1591,2.1711,2.3211,2.4711,2.6211,2.7711,0,0,0,0,0,0
8003,Bernstadt an der Weide,51.133335,17.533333,,middle,middle,middle,middle,middle,middle,125.8,125.8,125.8,125.8,125.8,125.8,,,,,,,358.4,358.4,358.4,358.4,358.4,358.4,0.0,0.34,0.84,1.34,1.84,2.34,,,,,,,,,,,,,2.3538,2.4558,2.6058,2.7558,2.9058,3.0558,0,0,0,0,0,0
8004,Beuthen O.S.,50.348057,18.92,626.0,middle,middle,middle,middle,middle,middle,255.7,255.7,255.7,255.7,255.7,255.7,,,,,,,332.4,332.4,332.4,332.4,332.4,332.4,2.5,3.0,3.5,4.0,4.5,5.0,,,,,,,,,,,,,3.0738,3.2238,3.3738,3.5238,3.6738,3.8238,0,0,0,0,0,0
8005,Beuthen/Oder,51.733334,15.816667,,north,north,north,north,north,north,4.8,4.8,4.8,4.8,4.8,4.8,,,,,,,262.0,262.0,262.0,262.0,262.0,262.0,2.45,2.95,3.45,3.95,4.45,4.95,,,,,,,,,,,,,3.2043,3.3543,3.5043,3.6543,3.8043,3.9543,1,1,1,1,1,1
8006,Bolkenhain,50.920277,16.099722,,middle,middle,middle,middle,middle,middle,87.1,87.1,87.1,87.1,87.1,87.1,,,,,,,172.7,172.7,172.7,172.7,172.7,172.7,0.95,1.45,1.95,2.45,2.95,3.45,,,,,,,,,,,,,2.348,2.498,2.648,2.798,2.948,3.098,0,0,0,0,0,0
8007,Breslau,51.110001,17.032223,,middle,middle,middle,middle,middle,middle,99.0,99.0,99.0,99.0,99.0,99.0,118.0,118.0,118.0,118.0,118.0,118.0,101.7,101.7,101.7,101.7,101.7,101.7,2.5,3.0,3.5,4.0,4.5,5.0,8500.0,12000.0,11000.0,10000.0,17500.0,25000.0,1.7,1.412,0.917,0.909,1.75,1.429,2.6028,2.7528,2.9028,3.0528,3.2028,3.3528,2,3,2,2,3,3
8008,Breslau-Deutsch Lissa,51.150002,16.866667,,middle,middle,middle,middle,middle,middle,87.5,87.5,87.5,87.5,87.5,87.5,,,,,,,189.8,189.8,189.8,189.8,189.8,189.8,1.18,1.68,2.18,2.68,3.18,3.68,,,,,,,,,,,,,2.4546,2.6046,2.7546,2.9046,3.0546,3.2046,0,0,0,0,0,0
8009,Breslau-Hundsfeld,51.136944,17.041945,,middle,middle,middle,middle,middle,middle,97.6,97.6,97.6,97.6,97.6,97.6,,,,,,,138.5,138.5,138.5,138.5,138.5,138.5,1.46,1.96,2.46,2.96,3.46,3.96,,,,,,,,,,,,,2.4132,2.5632,2.7132,2.8632,3.0132,3.1632,0,0,0,0,0,0
8010,Brieg,50.866665,17.483334,989.0,middle,middle,middle,middle,middle,middle,140.6,140.6,140.6,140.6,140.6,140.6,134.0,134.0,134.0,134.0,134.0,134.0,324.5,324.5,324.5,324.5,324.5,324.5,0.5,1.0,1.5,2.0,2.5,3.0,500.0,1000.0,1000.0,1000.0,1500.0,2000.0,,2.0,1.0,1.0,1.5,1.333,2.4641,2.6141,2.7641,2.9141,3.0641,3.2141,0,0,0,0,0,0
8011,Brockau,51.063332,17.080555,,middle,middle,middle,middle,middle,middle,105.0,105.0,105.0,105.0,105.0,105.0,,,,,,,271.9,271.9,271.9,271.9,271.9,271.9,0.57,1.07,1.57,2.07,2.57,3.07,,,,,,,,,,,,,2.4146,2.5646,2.7146,2.8646,3.0146,3.1646,0,0,0,0,0,0
8012,Broslawitz,50.416668,18.75,,middle,middle,middle,middle,middle,middle,241.4,241.4,241.4,241.4,241.4,241.4,,,,,,,877.2,877.2,877.2,877.2,877.2,877.2,0.0,0.0,0.5,1.0,1.5,2.0,,,,,,,,,,,,,2.7111,2.7111,2.8611,3.0111,3.1611,3.3111,0,0,0,0,0,0
8013,Bunzlau,51.266666,15.566667,,middle,middle,middle,middle,middle,middle,55.3,55.3,55.3,55.3,55.3,55.3,,,,,,,460.0,460.0,460.0,460.0,460.0,460.0,0.48,0.98,1.48,1.98,2.48,2.98,,,,,,,,,,,,,2.5974,2.7474,2.8974,3.0474,3.1974,3.3474,0,0,0,0,0,0
8014,Carlsruhe O.S.,50.900002,17.833334,,middle,middle,middle,middle,middle,middle,157.6,157.6,157.6,157.6,157.6,157.6,,,,,,,277.2,277.2,277.2,277.2,277.2,277.2,0.0,0.0,0.0,0.0,0.0,0.0,,,,,,,,,,,,,2.2513,2.2513,2.2513,2.2513,2.2513,2.2513,0,0,0,0,0,0
8015,Cosel,50.333611,18.145834,,middle,middle,middle,middle,middle,middle,215.4,215.4,215.4,215.4,215.4,215.4,,,,,,,292.4,292.4,292.4,292.4,292.4,292.4,1.46,1.96,2.46,2.96,3.46,3.96,,,,,,,,,,,,,2.7107,2.8607,3.0107,3.1607,3.3107,3.4607,0,0,0,0,0,0
8016,Deutsch Neukirch,50.083332,17.933332,,middle,middle,middle,middle,middle,middle,226.7,226.7,226.7,226.7,226.7,226.7,,,,,,,5940.0,5940.0,5940.0,5940.0,5940.0,5940.0,0.16,0.66,1.16,1.66,2.16,2.66,,,,,,,,,,,,,3.5239,3.6739,3.8239,3.9739,4.1239,4.2739,0,0,0,0,0,0
8017,Deutsch Wartenberg,51.849998,15.716666,,north,north,north,north,north,north,10.0,10.0,10.0,10.0,10.0,10.0,,,,,,,117.0,117.0,117.0,117.0,117.0,117.0,0.0,0.0,0.0,0.0,0.5,1.0,,,,,,,,,,,,,2.0834,2.0834,2.0834,2.0834,2.2334,2.3834,1,1,1,1,1,1
8018,Dyhernfurth,51.270832,16.720833,,middle,middle,middle,middle,middle,middle,70.9,70.9,70.9,70.9,70.9,70.9,,,,,,,167.2,167.2,167.2,167.2,167.2,167.2,0.0,0.0,0.45,0.95,1.45,1.95,,,,,,,,,,,,,2.05,2.05,2.185,2.335,2.485,2.635,0,0,0,0,0,0
8019,Falkenberg O.S.,50.633335,17.6,,middle,middle,middle,middle,middle,middle,164.6,164.6,164.6,164.6,164.6,164.6,,,,,,,242.2,242.2,242.2,242.2,242.2,242.2,0.26,0.76,1.26,1.76,2.26,2.76,,,,,,,,,,,,,2.2755,2.4255,2.5755,2.7255,2.8755,3.0255,0,0,0,0,0,0
8020,Festenberg,51.366665,17.466667,,middle,middle,middle,middle,middle,middle,110.5,110.5,110.5,110.5,110.5,110.5,,,,,,,184.5,184.5,184.5,184.5,184.5,184.5,0.0,0.07,0.57,1.07,1.57,2.07,,,,,,,,,,,,,2.0891,2.1101,2.2601,2.4101,2.5601,2.7101,0,0,0,0,0,0
8021,Frankenberg (Schlesien),50.516666,16.783333,,middle,middle,middle,middle,middle,middle,143.4,143.4,143.4,143.4,143.4,143.4,,,,,,,68.4,68.4,68.4,68.4,68.4,68.4,0.61,1.11,1.61,2.11,2.61,3.11,,,,,,,,,,,,,1.8787,2.0287,2.1787,2.3287,2.4787,2.6287,0,0,0,0,0,0
8022,Frankenstein i. Schles.,50.583332,16.816668,,middle,middle,middle,middle,middle,middle,137.7,137.7,137.7,137.7,137.7,137.7,,,,,,,137.6,137.6,137.6,137.6,137.6,137.6,2.0,2.5,3.0,3.5,4.0,4.5,,,,,,,,,,,,,2.5727,2.7227,2.8727,3.0227,3.1727,3.3227,0,0,0,0,0,0
8023,Fraustadt,51.799999,16.299999,,north,north,north,north,north,north,25.9,25.9,25.9,25.9,25.9,25.9,93.0,93.0,93.0,93.0,93.0,93.0,1181.9,1181.9,1181.9,1181.9,1181.9,1181.9,0.02,0.52,1.02,1.52,2.02,2.52,500.0,1000.0,1000.0,1000.0,1000.0,1000.0,,2.0,1.0,1.0,1.0,1.0,2.8131,2.9631,3.1131,3.2631,3.4131,3.5631,0,0,0,0,0,0
8024,Freiburg,50.859444,16.319723,,middle,middle,middle,middle,middle,middle,96.6,96.6,96.6,96.6,96.6,96.6,,,,,,,108.1,108.1,108.1,108.1,108.1,108.1,0.29,0.79,1.29,1.79,2.29,2.79,,,,,,,,,,,,,1.9638,2.1138,2.2638,2.4138,2.5638,2.7138,0,0,0,0,0,0
8025,Freiwaldau,51.437778,15.096945,,middle,middle,middle,middle,middle,middle,58.6,58.6,58.6,58.6,58.6,58.6,,,,,,,285.3,285.3,285.3,285.3,285.3,285.3,0.0,0.1,0.6,1.1,1.6,2.1,,,,,,,,,,,,,2.2628,2.2928,2.4428,2.5928,2.7428,2.8928,0,0,0,0,0,0
8026,Freyhan,51.633335,17.35,,north,north,north,north,north,north,96.0,96.0,96.0,96.0,96.0,96.0,,,,,,,6039.8,6039.8,6039.8,6039.8,6039.8,6039.8,0.0,0.39,0.89,1.39,1.89,2.39,,,,,,,,,,,,,3.2825,3.3995,3.5495,3.6995,3.8495,3.9995,0,0,0,0,0,0
8027,Freystadt (Schlesien),51.75,15.6,2017.0,north,north,north,north,north,north,12.3,12.3,12.3,12.3,12.3,12.3,,,,,,,273.1,273.1,273.1,273.1,273.1,273.1,0.3,0.8,1.3,1.8,2.3,2.8,,,,,,,,,,,,,2.4811,2.6311,2.7811,2.9311,3.0811,3.2311,1,1,1,1,1,1
8028,Friedeberg (Isergeb.),50.966667,15.383333,,middle,middle,middle,middle,middle,middle,90.8,90.8,90.8,90.8,90.8,90.8,,,,,,,112.5,112.5,112.5,112.5,112.5,112.5,0.0,0.0,0.13,0.63,1.13,1.63,,,,,,,,,,,,,1.8929,1.8929,1.9319,2.0819,2.2319,2.3819,0,0,0,0,0,0
8029,Friedland (O.S.),50.5,17.6,,middle,middle,middle,middle,middle,middle,175.7,175.7,175.7,175.7,175.7,175.7,,,,,,,229.2,229.2,229.2,229.2,229.2,229.2,0.0,0.0,0.27,0.77,1.27,1.77,,,,,,,,,,,,,2.1755,2.1755,2.2565,2.4065,2.5565,2.7065,0,0,0,0,0,0
8030,Friedland N.S.,50.683334,16.183332,,middle,middle,middle,middle,middle,middle,114.0,114.0,114.0,114.0,114.0,114.0,,,,,,,208.9,208.9,208.9,208.9,208.9,208.9,0.0,0.5,1.0,1.5,2.0,2.5,,,,,,,,,,,,,2.1387,2.2887,2.4387,2.5887,2.7387,2.8887,0,0,0,0,0,0
8031,Glatz,50.433334,16.666666,,middle,middle,middle,middle,middle,middle,149.1,149.1,149.1,149.1,149.1,149.1,292.0,292.0,292.0,292.0,292.0,292.0,209.7,209.7,209.7,209.7,209.7,209.7,2.69,3.19,3.69,4.19,4.69,5.19,1000.0,1000.0,1000.0,1000.0,2500.0,4000.0,1.0,1.0,1.0,1.0,2.5,1.6,2.9471,3.0971,3.2471,3.3971,3.5471,3.6971,0,0,0,0,0,2
8032,Gleiwitz,50.283333,18.666666,,middle,middle,middle,middle,middle,middle,246.2,246.2,246.2,246.2,246.2,246.2,200.0,200.0,200.0,200.0,200.0,200.0,208.5,208.5,208.5,208.5,208.5,208.5,0.0,0.24,0.74,1.24,1.74,2.24,1000.0,1000.0,1000.0,1000.0,1000.0,1000.0,1.0,1.0,1.0,1.0,1.0,1.0,2.1379,2.2099,2.3599,2.5099,2.6599,2.8099,0,0,0,0,0,0
8033,Glogau,51.662498,16.085556,,north,north,north,north,north,north,9.5,9.5,9.5,9.5,9.5,9.5,232.0,232.0,232.0,232.0,232.0,232.0,320.8,320.8,320.8,320.8,320.8,320.8,2.4,2.9,3.4,3.9,4.4,4.9,2500.0,3000.0,2500.0,2000.0,5500.0,9000.0,1.25,1.2,0.833,0.8,2.75,1.636,3.2114,3.3614,3.5114,3.6614,3.8114,3.9614,1,2,1,1,2,2
8034,Goerlitz,51.155277,14.987778,2313.0,middle,middle,middle,middle,middle,middle,70.0,70.0,70.0,70.0,70.0,70.0,201.0,201.0,201.0,201.0,201.0,201.0,232.2,232.2,232.2,232.2,232.2,232.2,1.79,2.29,2.79,3.29,3.79,4.29,3500.0,5000.0,6500.0,8000.0,8000.0,8000.0,1.75,1.429,1.3,1.231,1.0,1.0,2.7178,2.8678,3.0178,3.1678,3.3178,3.4678,2,2,2,2,1,1
8035,Goldberg in Niederschlesien,51.133335,15.916667,,middle,middle,middle,middle,middle,middle,63.0,63.0,63.0,63.0,63.0,63.0,276.0,276.0,276.0,276.0,276.0,276.0,285.3,285.3,285.3,285.3,285.3,285.3,0.39,0.89,1.39,1.89,2.39,2.89,1500.0,2000.0,1500.0,1000.0,1000.0,1000.0,1.5,1.333,0.75,0.667,1.0,1.0,2.3798,2.5298,2.6798,2.8298,2.9798,3.1298,0,0,0,0,0,0
8036,Goldentraum,51.016666,15.35,,middle,middle,middle,middle,middle,middle,87.0,87.0,87.0,87.0,87.0,87.0,,,,,,,51.2,51.2,51.2,51.2,51.2,51.2,0.0,0.0,0.0,0.0,0.0,0.0,,,,,,,,,,,,,1.582,1.582,1.582,1.582,1.582,1.582,0,0,0,0,0,0
8037,Goschuetz,51.397221,17.477222,,middle,middle,middle,middle,middle,middle,110.0,110.0,110.0,110.0,110.0,110.0,,,,,,,246.5,246.5,246.5,246.5,246.5,246.5,0.95,1.45,1.95,2.45,2.95,3.45,,,,,,,,,,,,,2.4896,2.6396,2.7896,2.9396,3.0896,3.2396,0,0,0,0,0,0
8038,Gottesberg,50.75,16.200001,,middle,middle,middle,middle,middle,middle,106.8,106.8,106.8,106.8,106.8,106.8,,,,,,,59.1,59.1,59.1,59.1,59.1,59.1,0.5,1.0,1.5,2.0,2.5,3.0,,,,,,,,,,,,,1.7886,1.9386,2.0886,2.2386,2.3886,2.5386,0,0,0,0,0,0
8039,Greiffenberg,51.033333,15.416667,,middle,middle,middle,middle,middle,middle,83.1,83.1,83.1,83.1,83.1,83.1,,,,,,,91.5,91.5,91.5,91.5,91.5,91.5,0.0,0.46,0.96,1.46,1.96,2.46,,,,,,,,,,,,,1.8107,1.9487,2.0987,2.2487,2.3987,2.5487,0,0,0,0,0,0
8040,Gross Strehlitz,50.5,18.283333,,middle,middle,middle,middle,middle,middle,209.9,209.9,209.9,209.9,209.9,209.9,,,,,,,382.4,382.4,382.4,382.4,382.4,382.4,0.0,0.29,0.79,1.29,1.79,2.29,,,,,,,,,,,,,2.3797,2.4667,2.6167,2.7667,2.9167,3.0667,0,0,0,0,0,0
8041,Gross Wartenberg,51.316666,17.716667,,middle,middle,middle,middle,middle,middle,128.7,128.7,128.7,128.7,128.7,128.7,,,,,,,852.0,852.0,852.0,852.0,852.0,852.0,0.0,0.24,0.74,1.24,1.74,2.24,,,,,,,,,,,,,2.6995,2.7715,2.9215,3.0715,3.2215,3.3715,0,0,0,0,0,0
8042,Grottkau,50.700001,17.383333,,middle,middle,middle,middle,middle,middle,148.8,148.8,148.8,148.8,148.8,148.8,,,,,,,364.5,364.5,364.5,364.5,364.5,364.5,0.4,0.9,1.4,1.9,2.4,2.9,,,,,,,,,,,,,2.4805,2.6305,2.7805,2.9305,3.0805,3.2305,0,0,0,0,0,0
8043,Gruenberg (Schlesien),51.933334,15.5,,north,north,north,north,north,north,6.0,6.0,6.0,6.0,6.0,6.0,,,,,,,273.8,273.8,273.8,273.8,273.8,273.8,0.28,0.78,1.28,1.78,2.28,2.78,,,,,,,,,,,,,2.5556,2.7056,2.8556,3.0056,3.1556,3.3056,1,1,1,1,1,1
8044,Guhrau,51.666668,16.549999,,north,north,north,north,north,north,40.7,40.7,40.7,40.7,40.7,40.7,,,,,,,226.9,226.9,226.9,226.9,226.9,226.9,0.95,1.45,1.95,2.45,2.95,3.45,,,,,,,,,,,,,2.2566,2.4066,2.5566,2.7066,2.8566,3.0066,0,0,0,0,0,0
8045,Guttentag,50.727779,18.444445,,middle,middle,middle,middle,middle,middle,203.9,203.9,203.9,203.9,203.9,203.9,,,,,,,837.1,837.1,837.1,837.1,837.1,837.1,0.0,0.0,0.39,0.89,1.39,1.89,,,,,,,,,,,,,2.6925,2.6925,2.8095,2.9595,3.1095,3.2595,0,0,0,0,0,0
8046,Habelschwerdt,50.299999,16.65,,middle,middle,middle,middle,middle,middle,162.9,162.9,162.9,162.9,162.9,162.9,,,,,,,293.3,293.3,293.3,293.3,293.3,293.3,2.5,3.0,3.5,4.0,4.5,5.0,,,,,,,,,,,,,3.0239,3.1739,3.3239,3.4739,3.6239,3.7739,0,0,0,0,0,0
8047,Halbau,51.501945,15.205833,,north,north,north,north,north,north,49.3,49.3,49.3,49.3,49.3,49.3,,,,,,,303.8,303.8,303.8,303.8,303.8,303.8,0.0,0.0,0.0,0.44,0.94,1.44,,,,,,,,,,,,,2.0879,2.0879,2.0879,2.2199,2.3699,2.5199,0,0,0,0,0,0
8048,Haynau,51.266666,15.933333,,middle,middle,middle,middle,middle,middle,48.1,48.1,48.1,48.1,48.1,48.1,,,,,,,318.2,318.2,318.2,318.2,318.2,318.2,0.0,0.28,0.78,1.28,1.78,2.28,,,,,,,,,,,,,2.3063,2.3903,2.5403,2.6903,2.8403,2.9903,0,0,0,0,0,0
8049,Herrnstadt,51.549999,16.700001,,north,north,north,north,north,north,53.6,53.6,53.6,53.6,53.6,53.6,,,,,,,315.9,315.9,315.9,315.9,315.9,315.9,0.0,0.1,0.6,1.1,1.6,2.1,,,,,,,,,,,,,2.1035,2.1335,2.2835,2.4335,2.5835,2.7335,0,0,0,0,0,0
8050,Hindenburg O.S.,50.299999,18.783333,,middle,middle,middle,middle,middle,middle,251.3,251.3,251.3,251.3,251.3,251.3,258.0,258.0,258.0,258.0,258.0,258.0,6039.8,6039.8,6039.8,6039.8,6039.8,6039.8,0.0,0.0,0.45,0.95,1.45,1.95,500.0,1000.0,1000.0,1000.0,1000.0,1000.0,,2.0,1.0,1.0,1.0,1.0,3.4825,3.4825,3.6175,3.7675,3.9175,4.0675,0,0,0,0,0,0
8051,Hirschberg im Riesengebirge,50.900002,15.733334,,middle,middle,middle,middle,middle,middle,90.3,90.3,90.3,90.3,90.3,90.3,350.0,350.0,350.0,350.0,350.0,350.0,133.4,133.4,133.4,133.4,133.4,133.4,1.42,1.92,2.42,2.92,3.42,3.92,1500.0,2000.0,1500.0,1000.0,1500.0,2000.0,1.5,1.333,0.75,0.667,1.5,1.333,2.3862,2.5362,2.6862,2.8362,2.9862,3.1362,0,0,0,0,0,0
8052,Hohenfriedeberg,50.916668,16.233334,,middle,middle,middle,middle,middle,middle,89.0,89.0,89.0,89.0,89.0,89.0,,,,,,,105.5,105.5,105.5,105.5,105.5,105.5,0.0,0.11,0.61,1.11,1.61,2.11,,,,,,,,,,,,,1.8673,1.9003,2.0503,2.2003,2.3503,2.5003,0,0,0,0,0,0
8053,Hoyerswerda,51.438889,14.243889,,middle,middle,middle,middle,middle,middle,55.4,55.4,55.4,55.4,55.4,55.4,,,,,,,178.8,178.8,178.8,178.8,178.8,178.8,0.0,0.32,0.82,1.32,1.82,2.32,,,,,,,,,,,,,2.0767,2.1727,2.3227,2.4727,2.6227,2.7727,0,0,0,0,0,0
8054,Jauer,51.053055,16.193611,,middle,middle,middle,middle,middle,middle,73.6,73.6,73.6,73.6,73.6,73.6,,,,,,,191.1,191.1,191.1,191.1,191.1,191.1,0.08,0.58,1.08,1.58,2.08,2.58,,,,,,,,,,,,,2.1272,2.2772,2.4272,2.5772,2.7272,2.8772,0,0,0,0,0,0
8055,Juliusburg,51.25,17.333334,,middle,middle,middle,middle,middle,middle,107.3,107.3,107.3,107.3,107.3,107.3,,,,,,,256.9,256.9,256.9,256.9,256.9,256.9,0.0,0.0,0.0,0.0,0.45,0.95,,,,,,,,,,,,,2.221,2.221,2.221,2.221,2.356,2.506,0,0,0,0,0,0
8056,Kanth,51.033333,16.766666,,middle,middle,middle,middle,middle,middle,92.7,92.7,92.7,92.7,92.7,92.7,,,,,,,229.6,229.6,229.6,229.6,229.6,229.6,0.0,0.02,0.52,1.02,1.52,2.02,,,,,,,,,,,,,2.1763,2.1823,2.3323,2.4823,2.6323,2.7823,0,0,0,0,0,0
8057,Karlsmarkt,50.883335,17.716667,,middle,middle,middle,middle,middle,middle,152.0,152.0,152.0,152.0,152.0,152.0,,,,,,,179.2,179.2,179.2,179.2,179.2,179.2,0.0,0.0,0.14,0.64,1.14,1.64,,,,,,,,,,,,,2.0777,2.0777,2.1197,2.2697,2.4197,2.5697,0,0,0,0,0,0
8058,Katscher,50.066666,18.0,,middle,middle,middle,middle,middle,middle,231.1,231.1,231.1,231.1,231.1,231.1,,,,,,,280.7,280.7,280.7,280.7,280.7,280.7,0.0,0.33,0.83,1.33,1.83,2.33,,,,,,,,,,,,,2.2563,2.3553,2.5053,2.6553,2.8053,2.9553,0,0,0,0,0,0
8059,Kieferstaedtel,50.228333,18.475834,,middle,middle,middle,middle,middle,middle,240.3,240.3,240.3,240.3,240.3,240.3,,,,,,,371.5,371.5,371.5,371.5,371.5,371.5,0.0,0.0,0.5,1.0,1.5,2.0,,,,,,,,,,,,,2.3681,2.3681,2.5181,2.6681,2.8181,2.9681,0,0,0,0,0,0
8060,Klein Strehlitz,50.451111,17.900278,,middle,middle,middle,middle,middle,middle,193.9,193.9,193.9,193.9,193.9,193.9,,,,,,,117.3,117.3,117.3,117.3,117.3,117.3,0.04,0.54,1.04,1.54,2.04,2.54,,,,,,,,,,,,,1.9214,2.0714,2.2214,2.3714,2.5214,2.6714,0,0,0,0,0,0
8061,Koeben,51.549999,16.450001,,north,north,north,north,north,north,37.6,37.6,37.6,37.6,37.6,37.6,,,,,,,236.6,236.6,236.6,236.6,236.6,236.6,0.12,0.62,1.12,1.62,2.12,2.62,,,,,,,,,,,,,2.0548,2.2048,2.3548,2.5048,2.6548,2.8048,0,0,0,0,0,0
8062,Konstadt,51.016666,18.049999,,middle,middle,middle,middle,middle,middle,163.6,163.6,163.6,163.6,163.6,163.6,,,,,,,701.3,701.3,701.3,701.3,701.3,701.3,0.0,0.39,0.89,1.39,1.89,2.39,,,,,,,,,,,,,2.6217,2.7387,2.8887,3.0387,3.1887,3.3387,0,0,0,0,0,0
8063,Kontopp,51.93222,15.903055,,north,north,north,north,north,north,20.2,20.2,20.2,20.2,20.2,20.2,,,,,,,260.6,260.6,260.6,260.6,260.6,260.6,0.5,1.0,1.5,2.0,2.5,3.0,,,,,,,,,,,,,2.4245,2.5745,2.7245,2.8745,3.0245,3.1745,0,0,0,0,0,0
8064,Kostenblut,51.045555,16.611389,,middle,middle,middle,middle,middle,middle,85.5,85.5,85.5,85.5,85.5,85.5,,,,,,,246.4,246.4,246.4,246.4,246.4,246.4,1.01,1.51,2.01,2.51,3.01,3.51,,,,,,,,,,,,,2.5074,2.6574,2.8074,2.9574,3.1074,3.2574,0,0,0,0,0,0
8065,Kotzenau,51.416668,15.916667,,middle,middle,middle,middle,middle,middle,31.6,31.6,31.6,31.6,31.6,31.6,,,,,,,271.4,271.4,271.4,271.4,271.4,271.4,0.0,0.0,0.39,0.89,1.39,1.89,,,,,,,,,,,,,2.3486,2.3486,2.4656,2.6156,2.7656,2.9156,0,0,0,0,0,0
8066,Kranowitz,50.016666,18.116667,,middle,middle,middle,middle,middle,middle,240.6,240.6,240.6,240.6,240.6,240.6,,,,,,,332.4,332.4,332.4,332.4,332.4,332.4,0.0,0.35,0.85,1.35,1.85,2.35,,,,,,,,,,,,,2.3238,2.4288,2.5788,2.7288,2.8788,3.0288,0,0,0,0,0,0
8067,Krappitz,50.466667,17.966667,,middle,middle,middle,middle,middle,middle,195.9,195.9,195.9,195.9,195.9,195.9,,,,,,,235.7,235.7,235.7,235.7,235.7,235.7,0.0,0.06,0.56,1.06,1.56,2.06,,,,,,,,,,,,,2.1867,2.2047,2.3547,2.5047,2.6547,2.8047,0,0,0,0,0,0
8068,Kreuzburg O.S.,50.966667,18.216667,4054.0,middle,middle,middle,middle,middle,middle,176.6,176.6,176.6,176.6,176.6,176.6,,,,,,,441.6,441.6,441.6,441.6,441.6,441.6,0.08,0.58,1.08,1.58,2.08,2.58,,,,,,,,,,,,,2.4611,2.6111,2.7611,2.9111,3.0611,3.2111,0,0,0,0,0,0
8069,Kupferberg (Tarnau),50.877499,15.943055,,middle,middle,middle,middle,middle,middle,91.4,91.4,91.4,91.4,91.4,91.4,,,,,,,110.6,110.6,110.6,110.6,110.6,110.6,0.0,0.0,0.39,0.89,1.39,1.89,,,,,,,,,,,,,1.8859,1.8859,2.0029,2.1529,2.3029,2.4529,0,0,0,0,0,0
8070,Laehn,51.016666,15.666667,,middle,middle,middle,middle,middle,middle,78.6,78.6,78.6,78.6,78.6,78.6,,,,,,,228.2,228.2,228.2,228.2,228.2,228.2,0.95,1.45,1.95,2.45,2.95,3.45,,,,,,,,,,,,,2.4589,2.6089,2.7589,2.9089,3.0589,3.2089,0,0,0,0,0,0
8071,Bad Landeck,50.349998,16.866667,,middle,middle,middle,middle,middle,middle,162.8,162.8,162.8,162.8,162.8,162.8,,,,,,,148.8,148.8,148.8,148.8,148.8,148.8,0.0,0.3,0.8,1.3,1.8,2.3,,,,,,,,,,,,,2.0037,2.0937,2.2437,2.3937,2.5437,2.6937,0,0,0,0,0,0
8072,Landeshut,50.783333,16.033333,,middle,middle,middle,middle,middle,middle,101.9,101.9,101.9,101.9,101.9,101.9,,,,,,,116.8,116.8,116.8,116.8,116.8,116.8,0.08,0.58,1.08,1.58,2.08,2.58,,,,,,,,,,,,,1.9316,2.0816,2.2316,2.3816,2.5316,2.6816,0,0,0,0,0,0
8073,Landsberg O.S.,51.033333,18.433332,,middle,middle,middle,middle,middle,middle,186.9,186.9,186.9,186.9,186.9,186.9,,,,,,,6039.8,6039.8,6039.8,6039.8,6039.8,6039.8,0.0,0.26,0.76,1.26,1.76,2.26,,,,,,,,,,,,,3.4825,3.5605,3.7105,3.8605,4.0105,4.1605,0,0,0,0,0,0
8074,Langenbielau,50.700001,16.616667,,middle,middle,middle,middle,middle,middle,120.1,120.1,120.1,120.1,120.1,120.1,,,,,,,133.1,133.1,133.1,133.1,133.1,133.1,0.0,0.12,0.62,1.12,1.62,2.12,,,,,,,,,,,,,1.9595,1.9955,2.1455,2.2955,2.4455,2.5955,0,0,0,0,0,0
8075,Lauban,51.116665,15.3,,middle,middle,middle,middle,middle,middle,79.4,79.4,79.4,79.4,79.4,79.4,72.0,72.0,72.0,72.0,72.0,72.0,226.2,226.2,226.2,226.2,226.2,226.2,0.5,1.0,1.5,2.0,2.5,3.0,500.0,1000.0,1000.0,1000.0,1500.0,2000.0,,2.0,1.0,1.0,1.5,1.333,2.3203,2.4703,2.6203,2.7703,2.9203,3.0703,0,0,0,0,0,0
8076,Leobschuetz,50.200001,17.833334,,middle,middle,middle,middle,middle,middle,212.1,212.1,212.1,212.1,212.1,212.1,,,,,,,561.2,561.2,561.2,561.2,561.2,561.2,0.3,0.8,1.3,1.8,2.3,2.8,,,,,,,,,,,,,2.6227,2.7727,2.9227,3.0727,3.2227,3.3727,0,0,0,0,0,0
8077,Leschnitz,50.433334,18.183332,,middle,middle,middle,middle,middle,middle,209.5,209.5,209.5,209.5,209.5,209.5,,,,,,,220.6,220.6,220.6,220.6,220.6,220.6,0.33,0.83,1.33,1.83,2.33,2.83,,,,,,,,,,,,,2.2594,2.4094,2.5594,2.7094,2.8594,3.0094,0,0,0,0,0,0
8078,Leubus,51.266666,16.483334,,middle,middle,middle,middle,middle,middle,60.1,60.1,60.1,60.1,60.1,60.1,,,,,,,202.2,202.2,202.2,202.2,202.2,202.2,0.87,1.37,1.87,2.37,2.87,3.37,,,,,,,,,,,,,2.3866,2.5366,2.6866,2.8366,2.9866,3.1366,0,0,0,0,0,0
8079,Lewin,50.416668,16.283333,,middle,middle,middle,middle,middle,middle,144.4,144.4,144.4,144.4,144.4,144.4,,,,,,,6039.8,6039.8,6039.8,6039.8,6039.8,6039.8,0.0,0.0,0.1,0.6,1.1,1.6,,,,,,,,,,,,,3.4825,3.4825,3.5125,3.6625,3.8125,3.9625,0,0,0,0,0,0
8080,Liebau,50.708057,15.993889,,middle,middle,middle,middle,middle,middle,110.2,110.2,110.2,110.2,110.2,110.2,,,,,,,754.1,754.1,754.1,754.1,754.1,754.1,0.08,0.58,1.08,1.58,2.08,2.58,,,,,,,,,,,,,2.6747,2.8247,2.9747,3.1247,3.2747,3.4247,0,0,0,0,0,0
8081,Liebenthal,51.012501,15.510834,,middle,middle,middle,middle,middle,middle,82.5,82.5,82.5,82.5,82.5,82.5,,,,,,,149.3,149.3,149.3,149.3,149.3,149.3,0.0,0.49,0.99,1.49,1.99,2.49,,,,,,,,,,,,,2.005,2.152,2.302,2.452,2.602,2.752,0,0,0,0,0,0
8082,Liegnitz,51.208332,16.160278,,middle,middle,middle,middle,middle,middle,56.3,56.3,56.3,56.3,56.3,56.3,108.0,108.0,108.0,108.0,108.0,108.0,277.4,277.4,277.4,277.4,277.4,277.4,1.01,1.51,2.01,2.51,3.01,3.51,2500.0,3000.0,2500.0,2000.0,2000.0,2000.0,1.25,1.2,0.833,0.8,1.0,1.0,2.5546,2.7046,2.8546,3.0046,3.1546,3.3046,0,2,0,0,0,0
8083,Loewen,50.766666,17.616667,,middle,middle,middle,middle,middle,middle,155.0,155.0,155.0,155.0,155.0,155.0,,,,,,,148.0,148.0,148.0,148.0,148.0,148.0,0.0,0.43,0.93,1.43,1.93,2.43,,,,,,,,,,,,,2.0016,2.1306,2.2806,2.4306,2.5806,2.7306,0,0,0,0,0,0
8084,Loewenberg,51.116665,15.583333,,middle,middle,middle,middle,middle,middle,69.9,69.9,69.9,69.9,69.9,69.9,,,,,,,213.3,213.3,213.3,213.3,213.3,213.3,0.49,0.99,1.49,1.99,2.49,2.99,,,,,,,,,,,,,2.2939,2.4439,2.5939,2.7439,2.8939,3.0439,0,0,0,0,0,0
8085,Loewenstein (Niederschlesien),50.653057,16.744444,,middle,middle,middle,middle,middle,middle,128.5,128.5,128.5,128.5,128.5,128.5,,,,,,,93.8,93.8,93.8,93.8,93.8,93.8,0.0,0.38,0.88,1.38,1.88,2.38,,,,,,,,,,,,,1.8205,1.9345,2.0845,2.2345,2.3845,2.5345,0,0,0,0,0,0
8086,Lueben,51.400002,16.200001,,middle,middle,middle,middle,middle,middle,37.1,37.1,37.1,37.1,37.1,37.1,,,,,,,238.2,238.2,238.2,238.2,238.2,238.2,0.2,0.7,1.2,1.7,2.2,2.7,,,,,,,,,,,,,2.2871,2.4371,2.5871,2.7371,2.8871,3.0371,0,0,0,0,0,0
8087,Marklissa,51.023335,15.263611,,middle,middle,middle,middle,middle,middle,85.7,85.7,85.7,85.7,85.7,85.7,,,,,,,122.1,122.1,122.1,122.1,122.1,122.1,1.06,1.56,2.06,2.56,3.06,3.56,,,,,,,,,,,,,2.2431,2.3931,2.5431,2.6931,2.8431,2.9931,0,0,0,0,0,0
8088,Markt Bohrau,50.866665,16.983334,,middle,middle,middle,middle,middle,middle,116.7,116.7,116.7,116.7,116.7,116.7,,,,,,,295.7,295.7,295.7,295.7,295.7,295.7,1.12,1.62,2.12,2.62,3.12,3.62,,,,,,,,,,,,,2.6132,2.7632,2.9132,3.0632,3.2132,3.3632,0,0,0,0,0,0
8089,Militsch,51.533333,17.283333,,north,north,north,north,north,north,93.1,93.1,93.1,93.1,93.1,93.1,,,,,,,239.4,239.4,239.4,239.4,239.4,239.4,1.14,1.64,2.14,2.64,3.14,3.64,,,,,,,,,,,,,2.3348,2.4848,2.6348,2.7848,2.9348,3.0848,0,0,0,0,0,0
8090,Mittelwalde,50.166668,16.666666,,middle,middle,middle,middle,middle,middle,177.4,177.4,177.4,177.4,177.4,177.4,,,,,,,6039.8,6039.8,6039.8,6039.8,6039.8,6039.8,2.15,2.65,3.15,3.65,4.15,4.65,,,,,,,,,,,,,4.1275,4.2775,4.4275,4.5775,4.7275,4.8775,0,0,0,0,0,0
8091,Muensterberg,50.616665,17.049999,,middle,middle,middle,middle,middle,middle,142.3,142.3,142.3,142.3,142.3,142.3,,,,,,,304.2,304.2,304.2,304.2,304.2,304.2,0.09,0.59,1.09,1.59,2.09,2.59,,,,,,,,,,,,,2.3153,2.4653,2.6153,2.7653,2.9153,3.0653,0,0,0,0,0,0
8092,Muskau,51.544998,14.721666,,north,north,north,north,north,north,51.8,51.8,51.8,51.8,51.8,51.8,,,,,,,186.5,186.5,186.5,186.5,186.5,186.5,0.5,1.0,1.5,2.0,2.5,3.0,,,,,,,,,,,,,2.0435,2.1935,2.3435,2.4935,2.6435,2.7935,0,0,0,0,0,0
8093,Namslau,51.076111,17.723333,,middle,middle,middle,middle,middle,middle,140.5,140.5,140.5,140.5,140.5,140.5,,,,,,,386.5,386.5,386.5,386.5,386.5,386.5,0.17,0.67,1.17,1.67,2.17,2.67,,,,,,,,,,,,,2.4349,2.5849,2.7349,2.8849,3.0349,3.1849,0,0,0,0,0,0
8094,Naumburg am Bober,51.800278,15.2475,,north,north,north,north,north,north,18.1,18.1,18.1,18.1,18.1,18.1,,,,,,,243.6,243.6,243.6,243.6,243.6,243.6,0.48,0.98,1.48,1.98,2.48,2.98,,,,,,,,,,,,,2.4179,2.5679,2.7179,2.8679,3.0179,3.1679,0,0,0,0,0,0
8095,Naumburg (Queis),51.200001,15.4,,middle,middle,middle,middle,middle,middle,67.8,67.8,67.8,67.8,67.8,67.8,,,,,,,347.2,347.2,347.2,347.2,347.2,347.2,0.49,0.99,1.49,1.99,2.49,2.99,,,,,,,,,,,,,2.4881,2.6381,2.7881,2.9381,3.0881,3.2381,0,0,0,0,0,0
8096,Neisse,50.483334,17.333334,,middle,middle,middle,middle,middle,middle,165.7,165.7,165.7,165.7,165.7,165.7,185.0,185.0,185.0,185.0,185.0,185.0,307.9,307.9,307.9,307.9,307.9,307.9,0.27,0.77,1.27,1.77,2.27,2.77,2500.0,3000.0,3500.0,4000.0,4500.0,5000.0,1.25,1.2,1.167,1.143,1.125,1.111,2.3743,2.5243,2.6743,2.8243,2.9743,3.1243,0,2,2,2,2,2
8097,Neumarkt,51.150002,16.583334,,middle,middle,middle,middle,middle,middle,74.7,74.7,74.7,74.7,74.7,74.7,,,,,,,226.6,226.6,226.6,226.6,226.6,226.6,0.27,0.77,1.27,1.77,2.27,2.77,,,,,,,,,,,,,2.252,2.402,2.552,2.702,2.852,3.002,0,0,0,0,0,0
8098,Neumittelwalde,51.399166,17.665556,,middle,middle,middle,middle,middle,middle,122.4,122.4,122.4,122.4,122.4,122.4,,,,,,,3482.0,3482.0,3482.0,3482.0,3482.0,3482.0,0.0,0.0,0.1,0.6,1.1,1.6,,,,,,,,,,,,,3.2623,3.2623,3.2923,3.4423,3.5923,3.7423,0,0,0,0,0,0
8099,Neurode,50.579723,16.501667,,middle,middle,middle,middle,middle,middle,130.0,130.0,130.0,130.0,130.0,130.0,,,,,,,259.3,259.3,259.3,259.3,259.3,259.3,0.0,0.0,0.14,0.64,1.14,1.64,,,,,,,,,,,,,2.2248,2.2248,2.2668,2.4168,2.5668,2.7168,0,0,0,0,0,0
8100,Neusalz (Oder),51.799999,15.716666,,north,north,north,north,north,north,5.4,5.4,5.4,5.4,5.4,5.4,,,,,,,79.2,79.2,79.2,79.2,79.2,79.2,0.0,0.0,0.0,0.0,0.0,0.0,,,,,,,,,,,,,1.9857,1.9857,1.9857,1.9857,1.9857,1.9857,1,1,1,1,1,1
8101,Neustadt O.S.,50.316666,17.6,,middle,middle,middle,middle,middle,middle,191.7,191.7,191.7,191.7,191.7,191.7,,,,,,,555.3,555.3,555.3,555.3,555.3,555.3,0.0,0.38,0.88,1.38,1.88,2.38,,,,,,,,,,,,,2.5286,2.6426,2.7926,2.9426,3.0926,3.2426,0,0,0,0,0,0
8102,Neustaedtel in Schlesien,51.683334,15.733334,,north,north,north,north,north,north,9.9,9.9,9.9,9.9,9.9,9.9,,,,,,,174.2,174.2,174.2,174.2,174.2,174.2,2.5,3.0,3.5,4.0,4.5,5.0,,,,,,,,,,,,,2.9923,3.1423,3.2923,3.4423,3.5923,3.7423,1,1,1,1,1,1
8103,Niesky,51.29361,14.823055,,middle,middle,middle,middle,middle,middle,66.9,66.9,66.9,66.9,66.9,66.9,,,,,,,276.4,276.4,276.4,276.4,276.4,276.4,0.11,0.61,1.11,1.61,2.11,2.61,,,,,,,,,,,,,2.2831,2.4331,2.5831,2.7331,2.8831,3.0331,0,0,0,0,0,0
8104,Nikolstadt,51.129166,16.283333,,middle,middle,middle,middle,middle,middle,67.2,67.2,67.2,67.2,67.2,67.2,,,,,,,218.3,218.3,218.3,218.3,218.3,218.3,0.0,0.0,0.35,0.85,1.35,1.85,,,,,,,,,,,,,2.1561,2.1561,2.2611,2.4111,2.5611,2.7111,0,0,0,0,0,0
8105,Nimptsch,50.716667,16.833334,,middle,middle,middle,middle,middle,middle,125.0,125.0,125.0,125.0,125.0,125.0,,,,,,,230.2,230.2,230.2,230.2,230.2,230.2,8.0,8.0,8.0,8.0,8.0,8.0,,,,,,,,,,,,,4.5774,4.5774,4.5774,4.5774,4.5774,4.5774,0,0,0,0,0,0
8106,Oberglogau O.S.,50.366665,17.866667,,middle,middle,middle,middle,middle,middle,199.2,199.2,199.2,199.2,199.2,199.2,,,,,,,265.3,265.3,265.3,265.3,265.3,265.3,1.74,2.24,2.74,3.24,3.74,4.24,,,,,,,,,,,,,2.7559,2.9059,3.0559,3.2059,3.3559,3.5059,0,0,0,0,0,0
8107,Oels,51.200001,17.383333,,middle,middle,middle,middle,middle,middle,113.1,113.1,113.1,113.1,113.1,113.1,,,,,,,221.6,221.6,221.6,221.6,221.6,221.6,0.2,0.7,1.2,1.7,2.2,2.7,,,,,,,,,,,,,2.2222,2.3722,2.5222,2.6722,2.8222,2.9722,0,0,0,0,0,0
8108,Ohlau,50.950001,17.299999,,middle,middle,middle,middle,middle,middle,124.8,124.8,124.8,124.8,124.8,124.8,,,,,,,363.4,363.4,363.4,363.4,363.4,363.4,1.26,1.76,2.26,2.76,3.26,3.76,,,,,,,,,,,,,2.7373,2.8873,3.0373,3.1873,3.3373,3.4873,0,0,0,0,0,0
8109,Oppeln,50.666668,17.933332,,middle,middle,middle,middle,middle,middle,179.1,179.1,179.1,179.1,179.1,179.1,176.0,176.0,176.0,176.0,176.0,176.0,497.8,497.8,497.8,497.8,497.8,497.8,4.05,4.55,5.05,5.55,6.05,6.55,1500.0,2000.0,1500.0,1000.0,2500.0,4000.0,1.5,1.333,0.75,0.667,2.5,1.6,3.6999,3.8499,3.9999,4.1499,4.2999,4.4499,0,0,0,0,0,2
8110,Ottmachau,50.465279,17.171112,,middle,middle,middle,middle,middle,middle,161.1,161.1,161.1,161.1,161.1,161.1,,,,,,,399.7,399.7,399.7,399.7,399.7,399.7,0.95,1.45,1.95,2.45,2.95,3.45,,,,,,,,,,,,,2.6823,2.8323,2.9823,3.1323,3.2823,3.4323,0,0,0,0,0,0
8111,Parchwitz,51.273335,16.364166,,middle,middle,middle,middle,middle,middle,54.9,54.9,54.9,54.9,54.9,54.9,,,,,,,200.6,200.6,200.6,200.6,200.6,200.6,0.33,0.83,1.33,1.83,2.33,2.83,,,,,,,,,,,,,2.2215,2.3715,2.5215,2.6715,2.8215,2.9715,0,0,0,0,0,0
8112,Patschkau,50.450001,17.0,,middle,middle,middle,middle,middle,middle,156.7,156.7,156.7,156.7,156.7,156.7,,,,,,,270.9,270.9,270.9,270.9,270.9,270.9,0.0,0.46,0.96,1.46,1.96,2.46,,,,,,,,,,,,,2.2421,2.3801,2.5301,2.6801,2.8301,2.9801,0,0,0,0,0,0
8113,Peiskretscham,50.397499,18.629444,,middle,middle,middle,middle,middle,middle,236.0,236.0,236.0,236.0,236.0,236.0,,,,,,,183.0,183.0,183.0,183.0,183.0,183.0,0.0,0.44,0.94,1.44,1.94,2.44,,,,,,,,,,,,,2.0859,2.2179,2.3679,2.5179,2.6679,2.8179,0,0,0,0,0,0
8114,Pilchowitz,50.215832,18.559444,,middle,middle,middle,middle,middle,middle,245.5,245.5,245.5,245.5,245.5,245.5,,,,,,,6039.8,6039.8,6039.8,6039.8,6039.8,6039.8,0.0,0.0,0.5,1.0,1.5,2.0,,,,,,,,,,,,,3.4825,3.4825,3.6325,3.7825,3.9325,4.0825,0,0,0,0,0,0
8115,Pitschen,51.116665,18.299999,,middle,middle,middle,middle,middle,middle,174.6,174.6,174.6,174.6,174.6,174.6,,,,,,,5107.9,5107.9,5107.9,5107.9,5107.9,5107.9,0.22,0.72,1.22,1.72,2.22,2.72,,,,,,,,,,,,,3.4815,3.6315,3.7815,3.9315,4.0815,4.2315,0,0,0,0,0,0
8116,Polkwitz,51.5,16.066668,,north,north,north,north,north,north,23.3,23.3,23.3,23.3,23.3,23.3,,,,,,,262.0,262.0,262.0,262.0,262.0,262.0,0.0,0.09,0.59,1.09,1.59,2.09,,,,,,,,,,,,,2.2378,2.2648,2.4148,2.5648,2.7148,2.8648,0,0,0,0,0,0
8117,Prausnitz,51.366665,16.966667,,middle,middle,middle,middle,middle,middle,78.7,78.7,78.7,78.7,78.7,78.7,,,,,,,171.3,171.3,171.3,171.3,171.3,171.3,0.0,0.47,0.97,1.47,1.97,2.47,,,,,,,,,,,,,2.0597,2.2007,2.3507,2.5007,2.6507,2.8007,0,0,0,0,0,0
8118,Priebus,51.483334,14.95,,middle,middle,middle,middle,middle,middle,58.7,58.7,58.7,58.7,58.7,58.7,,,,,,,268.3,268.3,268.3,268.3,268.3,268.3,8.0,8.0,8.0,8.0,8.0,8.0,,,,,,,,,,,,,4.6383,4.6383,4.6383,4.6383,4.6383,4.6383,0,0,0,0,0,0
8119,Primkenau,51.516666,15.783334,,north,north,north,north,north,north,23.7,23.7,23.7,23.7,23.7,23.7,,,,,,,398.3,398.3,398.3,398.3,398.3,398.3,0.0,0.0,0.45,0.95,1.45,1.95,,,,,,,,,,,,,2.3993,2.3993,2.5343,2.6843,2.8343,2.9843,0,0,0,0,0,0
8120,Proskau,50.583332,17.866667,,middle,middle,middle,middle,middle,middle,181.8,181.8,181.8,181.8,181.8,181.8,,,,,,,241.1,241.1,241.1,241.1,241.1,241.1,0.0,0.0,0.0,0.0,0.0,0.0,,,,,,,,,,,,,2.1958,2.1958,2.1958,2.1958,2.1958,2.1958,0,0,0,0,0,0
8121,Ratibor,50.092224,18.219723,,middle,middle,middle,middle,middle,middle,238.7,238.7,238.7,238.7,238.7,238.7,,,,,,,1001.3,1001.3,1001.3,1001.3,1001.3,1001.3,1.42,1.92,2.42,2.92,3.42,3.92,,,,,,,,,,,,,3.19,3.34,3.49,3.64,3.79,3.94,0,0,0,0,0,0
8122,Raudten,51.509998,16.265556,,north,north,north,north,north,north,29.7,29.7,29.7,29.7,29.7,29.7,,,,,,,229.4,229.4,229.4,229.4,229.4,229.4,0.5,1.0,1.5,2.0,2.5,3.0,,,,,,,,,,,,,2.2546,2.4046,2.5546,2.7046,2.8546,3.0046,0,0,0,0,0,0
8123,Reichenbach (Eulengeb.),50.728054,16.651388,,middle,middle,middle,middle,middle,middle,118.2,118.2,118.2,118.2,118.2,118.2,,,,,,,141.4,141.4,141.4,141.4,141.4,141.4,0.0,0.5,1.0,1.5,2.0,2.5,,,,,,,,,,,,,1.9834,2.1334,2.2834,2.4334,2.5834,2.7334,0,0,0,0,0,0
8124,Reichenbach,51.141388,14.802778,,middle,middle,middle,middle,middle,middle,57.4,57.4,57.4,57.4,57.4,57.4,,,,,,,148.4,148.4,148.4,148.4,148.4,148.4,0.5,1.0,1.5,2.0,2.5,3.0,,,,,,,,,,,,,2.1528,2.3028,2.4528,2.6028,2.7528,2.9028,0,0,0,0,0,0
8125,Reichenstein,50.433334,16.866667,,middle,middle,middle,middle,middle,middle,154.3,154.3,154.3,154.3,154.3,154.3,,,,,,,126.8,126.8,126.8,126.8,126.8,126.8,0.0,0.27,0.77,1.27,1.77,2.27,,,,,,,,,,,,,1.9402,2.0212,2.1712,2.3212,2.4712,2.6212,0,0,0,0,0,0
8126,Bad Reinerz,50.400002,16.383333,,middle,middle,middle,middle,middle,middle,147.4,147.4,147.4,147.4,147.4,147.4,,,,,,,503.1,503.1,503.1,503.1,503.1,503.1,0.0,0.0,0.26,0.76,1.26,1.76,,,,,,,,,,,,,2.4891,2.4891,2.5671,2.7171,2.8671,3.0171,0,0,0,0,0,0
8127,Rosenberg O.S.,50.875,18.416666,,middle,middle,middle,middle,middle,middle,193.7,193.7,193.7,193.7,193.7,193.7,,,,,,,490.8,490.8,490.8,490.8,490.8,490.8,1.5,2.0,2.5,3.0,3.5,4.0,,,,,,,,,,,,,2.9292,3.0792,3.2292,3.3792,3.5292,3.6792,0,0,0,0,0,0
8128,Rothenburg,51.335835,14.966666,,middle,middle,middle,middle,middle,middle,72.6,72.6,72.6,72.6,72.6,72.6,,,,,,,224.4,224.4,224.4,224.4,224.4,224.4,0.0,0.36,0.86,1.36,1.86,2.36,,,,,,,,,,,,,2.1671,2.2751,2.4251,2.5751,2.7251,2.8751,0,0,0,0,0,0
8129,Rothenburg (Oder),52.012779,15.423056,,north,north,north,north,north,north,9.6,9.6,9.6,9.6,9.6,9.6,,,,,,,385.1,385.1,385.1,385.1,385.1,385.1,0.0,0.0,0.45,0.95,1.45,1.95,,,,,,,,,,,,,2.5623,2.5623,2.6973,2.8473,2.9973,3.1473,1,1,1,1,1,1
8130,Rudelstadt,50.891109,15.988334,,middle,middle,middle,middle,middle,middle,89.9,89.9,89.9,89.9,89.9,89.9,,,,,,,91.6,91.6,91.6,91.6,91.6,91.6,0.0,0.22,0.72,1.22,1.72,2.22,,,,,,,,,,,,,1.8113,1.8773,2.0273,2.1773,2.3273,2.4773,0,0,0,0,0,0
8131,Ruhland,51.458889,13.866111,,middle,middle,middle,middle,middle,middle,41.9,41.9,41.9,41.9,41.9,41.9,,,,,,,118.9,118.9,118.9,118.9,118.9,118.9,0.0,0.0,0.33,0.83,1.33,1.83,,,,,,,,,,,,,1.9147,1.9147,2.0137,2.1637,2.3137,2.4637,0,0,0,0,0,0
8132,Saabor,51.950001,15.716666,,north,north,north,north,north,north,20.6,20.6,20.6,20.6,20.6,20.6,,,,,,,128.8,128.8,128.8,128.8,128.8,128.8,0.0,0.0,0.0,0.0,0.0,0.0,,,,,,,,,,,,,1.9887,1.9887,1.9887,1.9887,1.9887,1.9887,0,0,0,0,0,0
8133,Sagan,51.616665,15.316667,,north,north,north,north,north,north,35.1,35.1,35.1,35.1,35.1,35.1,100.0,100.0,100.0,100.0,100.0,100.0,288.6,288.6,288.6,288.6,288.6,288.6,0.48,0.98,1.48,1.98,2.48,2.98,1500.0,2000.0,1500.0,1000.0,1500.0,2000.0,1.5,1.333,0.75,0.667,1.5,1.333,2.2727,2.4227,2.5727,2.7227,2.8727,3.0227,0,0,0,0,0,0
8134,Schlawa,51.883335,16.083334,,north,north,north,north,north,north,22.1,22.1,22.1,22.1,22.1,22.1,,,,,,,744.4,744.4,744.4,744.4,744.4,744.4,0.0,0.0,0.38,0.88,1.38,1.88,,,,,,,,,,,,,2.6689,2.6689,2.7829,2.9329,3.0829,3.2329,0,0,0,0,0,0
8135,Schlichtingsheim,51.716667,16.25,,north,north,north,north,north,north,20.0,20.0,20.0,20.0,20.0,20.0,,,,,,,230.3,230.3,230.3,230.3,230.3,230.3,0.0,0.0,0.0,0.0,0.0,0.0,,,,,,,,,,,,,2.2279,2.2279,2.2279,2.2279,2.2279,2.2279,0,0,0,0,0,0
8136,Schmiedeberg i. Rsgb.,50.79361,15.834723,,middle,middle,middle,middle,middle,middle,101.1,101.1,101.1,101.1,101.1,101.1,,,,,,,636.6,636.6,636.6,636.6,636.6,636.6,0.0,0.0,0.45,0.95,1.45,1.95,,,,,,,,,,,,,2.5831,2.5831,2.7181,2.8681,3.0181,3.1681,0,0,0,0,0,0
8137,Schoemberg (Niederschlesien),50.666668,16.066668,,middle,middle,middle,middle,middle,middle,115.0,115.0,115.0,115.0,115.0,115.0,,,,,,,536.7,536.7,536.7,536.7,536.7,536.7,0.0,0.11,0.61,1.11,1.61,2.11,,,,,,,,,,,,,2.5149,2.5479,2.6979,2.8479,2.9979,3.1479,0,0,0,0,0,0
8138,Schoenau (Katzbach),51.016666,15.9,,middle,middle,middle,middle,middle,middle,76.0,76.0,76.0,76.0,76.0,76.0,,,,,,,220.2,220.2,220.2,220.2,220.2,220.2,0.0,0.32,0.82,1.32,1.82,2.32,,,,,,,,,,,,,2.1596,2.2556,2.4056,2.5556,2.7056,2.8556,0,0,0,0,0,0
8139,Schoenberg  (Niederschlesien),51.075832,15.099444,,middle,middle,middle,middle,middle,middle,75.2,75.2,75.2,75.2,75.2,75.2,,,,,,,192.0,192.0,192.0,192.0,192.0,192.0,0.5,1.0,1.5,2.0,2.5,3.0,,,,,,,,,,,,,2.255,2.405,2.555,2.705,2.855,3.005,0,0,0,0,0,0
8140,Schreiberhau,50.827499,15.5275,,middle,middle,middle,middle,middle,middle,101.5,101.5,101.5,101.5,101.5,101.5,,,,,,,4690.6,4690.6,4690.6,4690.6,4690.6,4690.6,0.0,0.0,0.0,0.34,0.84,1.34,,,,,,,,,,,,,3.3814,3.3814,3.3814,3.4834,3.6334,3.7834,0,0,0,0,0,0
8141,Schurgast,50.759167,17.681944,,middle,middle,middle,middle,middle,middle,159.0,159.0,159.0,159.0,159.0,159.0,,,,,,,185.2,185.2,185.2,185.2,185.2,185.2,0.27,0.77,1.27,1.77,2.27,2.77,,,,,,,,,,,,,2.1716,2.3216,2.4716,2.6216,2.7716,2.9216,0,0,0,0,0,0
8142,Schweidnitz,50.849998,16.483334,,middle,middle,middle,middle,middle,middle,101.1,101.1,101.1,101.1,101.1,101.1,203.0,203.0,203.0,203.0,203.0,203.0,320.0,320.0,320.0,320.0,320.0,320.0,0.01,0.51,1.01,1.51,2.01,2.51,0.0,0.0,500.0,1000.0,1500.0,2000.0,,,,2.0,1.5,1.333,2.3116,2.4616,2.6116,2.7616,2.9116,3.0616,0,0,0,0,0,0
8143,Seidenberg,51.023613,15.063334,,middle,middle,middle,middle,middle,middle,71.8,71.8,71.8,71.8,71.8,71.8,,,,,,,322.9,322.9,322.9,322.9,322.9,322.9,0.64,1.14,1.64,2.14,2.64,3.14,,,,,,,,,,,,,2.5041,2.6541,2.8041,2.9541,3.1041,3.2541,0,0,0,0,0,0
8144,Silberberg,50.583332,16.666666,,middle,middle,middle,middle,middle,middle,133.5,133.5,133.5,133.5,133.5,133.5,,,,,,,119.6,119.6,119.6,119.6,119.6,119.6,0.0,0.0,0.19,0.69,1.19,1.69,,,,,,,,,,,,,1.9169,1.9169,1.9739,2.1239,2.2739,2.4239,0,0,0,0,0,0
8145,Slawentzitz,50.37389,18.324167,,middle,middle,middle,middle,middle,middle,221.3,221.3,221.3,221.3,221.3,221.3,,,,,,,177.6,177.6,177.6,177.6,177.6,177.6,0.0,0.4,0.9,1.4,1.9,2.4,,,,,,,,,,,,,2.0741,2.1941,2.3441,2.4941,2.6441,2.7941,0,0,0,0,0,0
8146,Sprottau,51.566666,15.5,,north,north,north,north,north,north,29.5,29.5,29.5,29.5,29.5,29.5,,,,,,,242.6,242.6,242.6,242.6,242.6,242.6,0.0,0.4,0.9,1.4,1.9,2.4,,,,,,,,,,,,,2.1301,2.2501,2.4001,2.5501,2.7001,2.8501,0,0,0,0,0,0
8147,Sprottau Eulau,51.566387,15.488611,,north,north,north,north,north,north,30.0,30.0,30.0,30.0,30.0,30.0,,,,,,,238.0,238.0,238.0,238.0,238.0,238.0,2.5,3.0,3.5,4.0,4.5,5.0,,,,,,,,,,,,,2.8656,3.0156,3.1656,3.3156,3.4656,3.6156,0,0,0,0,0,0
8148,Staedtel,50.946388,17.776945,,middle,middle,middle,middle,middle,middle,151.4,151.4,151.4,151.4,151.4,151.4,,,,,,,131.4,131.4,131.4,131.4,131.4,131.4,0.0,0.06,0.56,1.06,1.56,2.06,,,,,,,,,,,,,1.9543,1.9723,2.1223,2.2723,2.4223,2.5723,0,0,0,0,0,0
8149,Steinau (Oder),51.416668,16.416666,,middle,middle,middle,middle,middle,middle,44.4,44.4,44.4,44.4,44.4,44.4,,,,,,,203.7,203.7,203.7,203.7,203.7,203.7,0.48,0.98,1.48,1.98,2.48,2.98,,,,,,,,,,,,,2.2726,2.4226,2.5726,2.7226,2.8726,3.0226,0,0,0,0,0,0
8150,Steinau O.S.,50.421944,17.544722,,middle,middle,middle,middle,middle,middle,180.0,180.0,180.0,180.0,180.0,180.0,,,,,,,156.3,156.3,156.3,156.3,156.3,156.3,0.14,0.64,1.14,1.64,2.14,2.64,,,,,,,,,,,,,2.0653,2.2153,2.3653,2.5153,2.6653,2.8153,0,0,0,0,0,0
8151,Strehlen,50.783333,17.066668,,middle,middle,middle,middle,middle,middle,127.6,127.6,127.6,127.6,127.6,127.6,,,,,,,198.7,198.7,198.7,198.7,198.7,198.7,0.0,0.49,0.99,1.49,1.99,2.49,,,,,,,,,,,,,2.1188,2.2658,2.4158,2.5658,2.7158,2.8658,0,0,0,0,0,0
8152,Striegau,50.950001,16.333334,,middle,middle,middle,middle,middle,middle,87.2,87.2,87.2,87.2,87.2,87.2,,,,,,,204.7,204.7,204.7,204.7,204.7,204.7,0.95,1.45,1.95,2.45,2.95,3.45,,,,,,,,,,,,,2.4156,2.5656,2.7156,2.8656,3.0156,3.1656,0,0,0,0,0,0
8153,Stroppen,51.388332,16.810556,,middle,middle,middle,middle,middle,middle,68.1,68.1,68.1,68.1,68.1,68.1,,,,,,,165.3,165.3,165.3,165.3,165.3,165.3,0.01,0.51,1.01,1.51,2.01,2.51,,,,,,,,,,,,,2.0484,2.1984,2.3484,2.4984,2.6484,2.7984,0,0,0,0,0,0
8154,Sulau,51.499168,17.168612,,middle,middle,middle,middle,middle,middle,86.3,86.3,86.3,86.3,86.3,86.3,,,,,,,540.6,540.6,540.6,540.6,540.6,540.6,0.0,0.0,0.0,0.49,0.99,1.49,,,,,,,,,,,,,2.5178,2.5178,2.5178,2.6648,2.8148,2.9648,0,0,0,0,0,0
8155,Tost,50.450001,18.516666,,middle,middle,middle,middle,middle,middle,226.1,226.1,226.1,226.1,226.1,226.1,,,,,,,349.2,349.2,349.2,349.2,349.2,349.2,0.49,0.99,1.49,1.99,2.49,2.99,,,,,,,,,,,,,2.4904,2.6404,2.7904,2.9404,3.0904,3.2404,0,0,0,0,0,0
8156,Trachenberg,51.468887,16.906389,,middle,middle,middle,middle,middle,middle,70.1,70.1,70.1,70.1,70.1,70.1,,,,,,,491.1,491.1,491.1,491.1,491.1,491.1,0.95,1.45,1.95,2.45,2.95,3.45,,,,,,,,,,,,,2.7645,2.9145,3.0645,3.2145,3.3645,3.5145,0,0,0,0,0,0
8157,Trebnitz,51.299999,17.066668,,middle,middle,middle,middle,middle,middle,88.4,88.4,88.4,88.4,88.4,88.4,,,,,,,129.8,129.8,129.8,129.8,129.8,129.8,0.95,1.45,1.95,2.45,2.95,3.45,,,,,,,,,,,,,2.2345,2.3845,2.5345,2.6845,2.8345,2.9845,0,0,0,0,0,0
8158,Tschirnau,51.720833,16.615833,,north,north,north,north,north,north,45.1,45.1,45.1,45.1,45.1,45.1,,,,,,,2440.3,2440.3,2440.3,2440.3,2440.3,2440.3,0.0,0.0,0.5,1.0,1.5,2.0,,,,,,,,,,,,,2.9201,2.9201,3.0701,3.2201,3.3701,3.5201,0,0,0,0,0,0
8159,Ujest,50.400002,18.35,,middle,middle,middle,middle,middle,middle,220.7,220.7,220.7,220.7,220.7,220.7,,,,,,,127.4,127.4,127.4,127.4,127.4,127.4,1.05,1.55,2.05,2.55,3.05,3.55,,,,,,,,,,,,,2.2572,2.4072,2.5572,2.7072,2.8572,3.0072,0,0,0,0,0,0
8160,Waldenburg (Schles.),50.764999,16.281111,,middle,middle,middle,middle,middle,middle,106.2,106.2,106.2,106.2,106.2,106.2,450.0,450.0,450.0,450.0,450.0,450.0,184.1,184.1,184.1,184.1,184.1,184.1,0.75,1.25,1.75,2.25,2.75,3.25,500.0,1000.0,1000.0,1000.0,1000.0,1000.0,,2.0,1.0,1.0,1.0,1.0,2.2801,2.4301,2.5801,2.7301,2.8801,3.0301,0,0,0,0,0,0
8161,Wansen,50.815277,17.203611,,middle,middle,middle,middle,middle,middle,130.9,130.9,130.9,130.9,130.9,130.9,,,,,,,291.8,291.8,291.8,291.8,291.8,291.8,0.95,1.45,1.95,2.45,2.95,3.45,,,,,,,,,,,,,2.5568,2.7068,2.8568,3.0068,3.1568,3.3068,0,0,0,0,0,0
8162,Bad Warmbrunn,50.861668,15.690833,,middle,middle,middle,middle,middle,middle,95.0,95.0,95.0,95.0,95.0,95.0,,,,,,,218.3,218.3,218.3,218.3,218.3,218.3,0.0,0.39,0.89,1.39,1.89,2.39,,,,,,,,,,,,,2.1562,2.2732,2.4232,2.5732,2.7232,2.8732,0,0,0,0,0,0
8163,Wartha,50.516666,16.733334,,middle,middle,middle,middle,middle,middle,142.1,142.1,142.1,142.1,142.1,142.1,,,,,,,67.7,67.7,67.7,67.7,67.7,67.7,1.54,2.04,2.54,3.04,3.54,4.04,,,,,,,,,,,,,2.1538,2.3038,2.4538,2.6038,2.7538,2.9038,0,0,0,0,0,0
8164,Weisswasser,51.506943,14.642777,,north,north,north,north,north,north,56.4,56.4,56.4,56.4,56.4,56.4,,,,,,,321.7,321.7,321.7,321.7,321.7,321.7,0.0,0.0,0.0,0.19,0.69,1.19,,,,,,,,,,,,,2.1106,2.1106,2.1106,2.1676,2.3176,2.4676,0,0,0,0,0,0
8165,Wigandsthal,50.936943,15.295834,,middle,middle,middle,middle,middle,middle,87.6,87.6,87.6,87.6,87.6,87.6,,,,,,,943.6,943.6,943.6,943.6,943.6,943.6,0.0,0.0,0.0,0.0,0.0,0.0,,,,,,,,,,,,,2.7403,2.7403,2.7403,2.7403,2.7403,2.7403,0,0,0,0,0,0
8166,Wilhelmsthal,50.255833,16.890833,,middle,middle,middle,middle,middle,middle,173.2,173.2,173.2,173.2,173.2,173.2,,,,,,,2109.9,2109.9,2109.9,2109.9,2109.9,2109.9,0.0,0.0,0.0,0.0,0.0,0.0,,,,,,,,,,,,,3.0619,3.0619,3.0619,3.0619,3.0619,3.0619,0,0,0,0,0,0
8167,Winzig,51.466667,16.633333,,middle,middle,middle,middle,middle,middle,53.1,53.1,53.1,53.1,53.1,53.1,,,,,,,175.9,175.9,175.9,175.9,175.9,175.9,0.32,0.82,1.32,1.82,2.32,2.82,,,,,,,,,,,,,2.1663,2.3163,2.4663,2.6163,2.7663,2.9163,0,0,0,0,0,0
8168,Wittichenau,51.385277,14.243333,,middle,middle,middle,middle,middle,middle,50.3,50.3,50.3,50.3,50.3,50.3,,,,,,,260.0,260.0,260.0,260.0,260.0,260.0,0.02,0.52,1.02,1.52,2.02,2.52,,,,,,,,,,,,,2.2318,2.3818,2.5318,2.6818,2.8318,2.9818,0,0,0,0,0,0
8169,Wohlau,51.349998,16.65,,middle,middle,middle,middle,middle,middle,61.4,61.4,61.4,61.4,61.4,61.4,,,,,,,161.5,161.5,161.5,161.5,161.5,161.5,0.48,0.98,1.48,1.98,2.48,2.98,,,,,,,,,,,,,2.1802,2.3302,2.4802,2.6302,2.7802,2.9302,0,0,0,0,0,0
8170,Wuenschelburg,50.503887,16.401112,,middle,middle,middle,middle,middle,middle,136.4,136.4,136.4,136.4,136.4,136.4,,,,,,,222.3,222.3,222.3,222.3,222.3,222.3,0.0,0.0,0.18,0.68,1.18,1.68,,,,,,,,,,,,,2.1634,2.1634,2.2174,2.3674,2.5174,2.6674,0,0,0,0,0,0
8171,Ziegenhals,50.316666,17.383333,,middle,middle,middle,middle,middle,middle,183.1,183.1,183.1,183.1,183.1,183.1,,,,,,,2049.8,2049.8,2049.8,2049.8,2049.8,2049.8,0.01,0.51,1.01,1.51,2.01,2.51,,,,,,,,,,,,,3.0534,3.2034,3.3534,3.5034,3.6534,3.8034,0,0,0,0,0,0
8172,Zirkwitz,51.313057,17.128334,,middle,middle,middle,middle,middle,middle,91.4,91.4,91.4,91.4,91.4,91.4,,,,,,,221.6,221.6,221.6,221.6,221.6,221.6,0.95,1.45,1.95,2.45,2.95,3.45,,,,,,,,,,,,,2.4472,2.5972,2.7472,2.8972,3.0472,3.1972,0,0,0,0,0,0
8173,Zobten,50.899166,16.742222,,middle,middle,middle,middle,middle,middle,104.2,104.2,104.2,104.2,104.2,104.2,,,,,,,271.3,271.3,271.3,271.3,271.3,271.3,0.27,0.77,1.27,1.77,2.27,2.77,,,,,,,,,,,,,2.3238,2.4738,2.6238,2.7738,2.9238,3.0738,0,0,0,0,0,0
8174,Zuelz,50.366665,17.6,,middle,middle,middle,middle,middle,middle,187.3,187.3,187.3,187.3,187.3,187.3,,,,,,,120.8,120.8,120.8,120.8,120.8,120.8,0.25,0.75,1.25,1.75,2.25,2.75,,,,,,,,,,,,,1.996,2.146,2.296,2.446,2.596,2.746,0,0,0,0,0,0
8175,Liebersdorf,50.804722,16.203333,,middle,middle,middle,middle,middle,middle,100.9,100.9,100.9,100.9,100.9,100.9,,,,,,,86.0,86.0,86.0,86.0,86.0,86.0,0.0,0.0,0.0,0.0,0.0,0.0,,,,,,,,,,,,,1.7864,1.7864,1.7864,1.7864,1.7864,1.7864,0,0,0,0,0,0
9001,Adorf,50.320557,12.254444,,middle,middle,middle,middle,middle,middle,106.1,106.1,106.1,106.1,106.1,106.1,,,,,,,59.2,59.2,59.2,59.2,59.2,59.2,0.5,1.0,1.5,2.0,2.5,3.0,,,,,,,,,,,,,1.7892,1.9392,2.0892,2.2392,2.3892,2.5392,0,0,0,0,0,0
9002,Altenberg,50.766388,13.757222,,middle,middle,middle,middle,middle,middle,27.6,27.6,27.6,27.6,27.6,27.6,,,,,,,343.9,343.9,343.9,343.9,343.9,343.9,0.0,0.0,0.0,0.0,0.04,0.54,,,,,,,,,,,,,2.4922,2.4922,2.4922,2.4922,2.5042,2.6542,0,0,0,0,0,0
9003,Annaberg,50.580555,13.003056,,middle,middle,middle,middle,middle,middle,72.4,72.4,72.4,72.4,72.4,72.4,,,,,,,36.7,36.7,36.7,36.7,36.7,36.7,0.0,0.0,0.0,0.0,0.0,0.08,,,,,,,,,,,,,1.4522,1.4522,1.4522,1.4522,1.4522,1.4762,0,0,0,0,0,0
9004,Aue,50.585278,12.700833,,middle,middle,middle,middle,middle,middle,79.5,79.5,79.5,79.5,79.5,79.5,,,,,,,52.4,52.4,52.4,52.4,52.4,52.4,0.77,1.27,1.77,2.27,2.77,3.27,,,,,,,,,,,,,1.8224,1.9724,2.1224,2.2724,2.4224,2.5724,0,0,0,0,0,0
9005,Auerbach,50.50528,12.402778,,middle,middle,middle,middle,middle,middle,85.2,85.2,85.2,85.2,85.2,85.2,,,,,,,56.0,56.0,56.0,56.0,56.0,56.0,0.5,1.0,1.5,2.0,2.5,3.0,,,,,,,,,,,,,1.7676,1.9176,2.0676,2.2176,2.3676,2.5176,0,0,0,0,0,0
9006,Augustusburg,50.810555,13.101666,,middle,middle,middle,middle,middle,middle,48.5,48.5,48.5,48.5,48.5,48.5,,,,,,,50.6,50.6,50.6,50.6,50.6,50.6,1.5,2.0,2.5,3.0,3.5,4.0,,,,,,,,,,,,,2.0274,2.1774,2.3274,2.4774,2.6274,2.7774,0,0,0,0,0,0
9007,Baerenstein,50.499443,13.028611,,middle,middle,middle,middle,middle,middle,79.0,79.0,79.0,79.0,79.0,79.0,,,,,,,42.6,42.6,42.6,42.6,42.6,42.6,0.0,0.0,0.26,0.76,1.26,1.76,,,,,,,,,,,,,1.5101,1.5101,1.5881,1.7381,1.8881,2.0381,0,0,0,0,0,0
9008,Bautzen,51.180832,14.4275,476.0,middle,middle,middle,middle,middle,middle,37.7,37.7,37.7,37.7,37.7,37.7,205.0,205.0,205.0,205.0,205.0,205.0,385.2,385.2,385.2,385.2,385.2,385.2,2.48,2.98,3.48,3.98,4.48,4.98,5000.0,3000.0,4000.0,5000.0,5000.0,5000.0,0.714,0.6,1.333,1.25,1.0,1.0,3.1551,3.3051,3.4551,3.6051,3.7551,3.9051,1,1,2,2,1,1
9009,Berggiesshuebel,50.874443,13.948334,568.0,middle,middle,middle,middle,middle,middle,10.1,10.1,10.1,10.1,10.1,10.1,,,,,,,50.4,50.4,50.4,50.4,50.4,50.4,0.0,0.0,0.0,0.0,0.0,0.5,,,,,,,,,,,,,1.9498,1.9498,1.9498,1.9498,1.9498,2.0998,2,2,2,2,2,2
9010,Bernstadt auf dem Eigen,51.046665,14.823611,,middle,middle,middle,middle,middle,middle,55.7,55.7,55.7,55.7,55.7,55.7,,,,,,,95.1,95.1,95.1,95.1,95.1,95.1,1.75,2.25,2.75,3.25,3.75,4.25,,,,,,,,,,,,,2.3511,2.5011,2.6511,2.8011,2.9511,3.1011,0,0,0,0,0,0
9011,Bischofswerda,51.127499,14.179444,695.0,middle,middle,middle,middle,middle,middle,22.8,22.8,22.8,22.8,22.8,22.8,,,,,,,165.0,165.0,165.0,165.0,165.0,165.0,0.23,0.73,1.23,1.73,2.23,2.73,,,,,,,,,,,,,2.3294,2.4794,2.6294,2.7794,2.9294,3.0794,0,0,0,0,0,0
9012,Borna,51.123055,12.497222,848.0,middle,middle,middle,middle,middle,middle,18.3,18.3,18.3,18.3,18.3,18.3,,,,,,,90.9,90.9,90.9,90.9,90.9,90.9,2.5,3.0,3.5,4.0,4.5,5.0,,,,,,,,,,,,,2.8296,2.9796,3.1296,3.2796,3.4296,3.5796,0,0,0,0,0,0
9013,Brand-Erbisdorf,50.869167,13.321944,,middle,middle,middle,middle,middle,middle,33.3,33.3,33.3,33.3,33.3,33.3,,,,,,,150.2,150.2,150.2,150.2,150.2,150.2,0.41,0.91,1.41,1.91,2.41,2.91,,,,,,,,,,,,,2.2143,2.3643,2.5143,2.6643,2.8143,2.9643,0,0,0,0,0,0
9014,Brandis,51.333889,12.609445,,middle,middle,middle,middle,middle,middle,17.1,17.1,17.1,17.1,17.1,17.1,,,,,,,86.9,86.9,86.9,86.9,86.9,86.9,0.81,1.31,1.81,2.31,2.81,3.31,,,,,,,,,,,,,2.3193,2.4693,2.6193,2.7693,2.9193,3.0693,0,0,0,0,0,0
9015,Buchholz,50.566944,12.996111,,middle,middle,middle,middle,middle,middle,74.0,74.0,74.0,74.0,74.0,74.0,,,,,,,19.4,19.4,19.4,19.4,19.4,19.4,0.0,0.0,0.0,0.0,0.0,0.03,,,,,,,,,,,,,1.2069,1.2069,1.2069,1.2069,1.2069,1.2159,0,0,0,0,0,0
9016,Burgstaedt,50.918056,12.806666,,middle,middle,middle,middle,middle,middle,49.1,49.1,49.1,49.1,49.1,49.1,,,,,,,89.6,89.6,89.6,89.6,89.6,89.6,0.0,0.3,0.8,1.3,1.8,2.3,,,,,,,,,,,,,1.8027,1.8927,2.0427,2.1927,2.3427,2.4927,0,0,0,0,0,0
9017,Chemnitz,50.832222,12.924167,1190.0,middle,middle,middle,middle,middle,middle,56.1,56.1,56.1,56.1,56.1,56.1,297.0,297.0,297.0,297.0,297.0,297.0,135.1,135.1,135.1,135.1,135.1,135.1,1.25,1.75,2.25,2.75,3.25,3.75,1500.0,2000.0,1500.0,1000.0,2000.0,3000.0,1.5,1.333,0.75,0.667,2.0,1.5,2.3405,2.4905,2.6405,2.7905,2.9405,3.0905,0,0,0,0,0,2
9018,Colditz,51.125557,12.806666,1242.0,middle,middle,middle,middle,middle,middle,33.6,33.6,33.6,33.6,33.6,33.6,,,,,,,99.8,99.8,99.8,99.8,99.8,99.8,2.35,2.85,3.35,3.85,4.35,4.85,,,,,,,,,,,,,2.6302,2.7802,2.9302,3.0802,3.2302,3.3802,0,0,0,0,0,0
9019,Coswig,51.126667,13.580277,,middle,middle,middle,middle,middle,middle,2.9,2.9,2.9,2.9,2.9,2.9,,,,,,,99.5,99.5,99.5,99.5,99.5,99.5,0.0,0.0,0.01,0.51,1.01,1.51,,,,,,,,,,,,,2.3077,2.3077,2.3107,2.4607,2.6107,2.7607,2,2,2,2,2,2
9020,Crimmitschau,50.812222,12.386666,17525.0,middle,middle,middle,middle,middle,middle,51.1,51.1,51.1,51.1,51.1,51.1,,,,,,,79.3,79.3,79.3,79.3,79.3,79.3,0.29,0.79,1.29,1.79,2.29,2.79,,,,,,,,,,,,,1.8414,1.9914,2.1414,2.2914,2.4414,2.5914,0,0,0,0,0,0
9021,Dahlen,51.365833,12.996388,1301.0,middle,middle,middle,middle,middle,middle,15.9,15.9,15.9,15.9,15.9,15.9,,,,,,,143.1,143.1,143.1,143.1,143.1,143.1,0.62,1.12,1.62,2.12,2.62,3.12,,,,,,,,,,,,,2.475,2.625,2.775,2.925,3.075,3.225,0,0,0,0,0,0
9022,Dippoldiswalde,50.896389,13.666667,,middle,middle,middle,middle,middle,middle,17.5,17.5,17.5,17.5,17.5,17.5,,,,,,,130.0,130.0,130.0,130.0,130.0,130.0,0.5,1.0,1.5,2.0,2.5,3.0,,,,,,,,,,,,,2.3811,2.5311,2.6811,2.8311,2.9811,3.1311,0,0,0,0,0,0
9023,Doebeln,51.119999,13.114722,1467.0,middle,middle,middle,middle,middle,middle,22.8,22.8,22.8,22.8,22.8,22.8,158.0,158.0,158.0,158.0,158.0,158.0,124.9,124.9,124.9,124.9,124.9,124.9,2.69,3.19,3.69,4.19,4.69,5.19,1000.0,1000.0,1000.0,1000.0,1500.0,2000.0,1.0,1.0,1.0,1.0,1.5,1.333,2.9566,3.1066,3.2566,3.4066,3.5566,3.7066,0,0,0,0,0,0
9024,Dohna,50.954445,13.858055,,middle,middle,middle,middle,middle,middle,6.2,6.2,6.2,6.2,6.2,6.2,,,,,,,60.2,60.2,60.2,60.2,60.2,60.2,2.1,2.6,3.1,3.6,4.1,4.6,,,,,,,,,,,,,2.6989,2.8489,2.9989,3.1489,3.2989,3.4489,2,2,2,2,2,2
9025,Dresden,51.051666,13.736667,1570.0,middle,middle,middle,middle,middle,middle,8.7,8.7,8.7,8.7,8.7,8.7,111.0,111.0,111.0,111.0,111.0,111.0,93.2,93.2,93.2,93.2,93.2,93.2,0.44,0.94,1.44,1.94,2.44,2.94,3000.0,5000.0,4500.0,4000.0,4500.0,5000.0,3.0,1.667,0.9,0.889,1.125,1.111,2.341,2.491,2.641,2.791,2.941,3.091,2,2,2,2,2,2
9026,Ebersbach,51.007221,14.581388,,middle,middle,middle,middle,middle,middle,38.2,38.2,38.2,38.2,38.2,38.2,382.0,382.0,382.0,382.0,382.0,382.0,70.0,70.0,70.0,70.0,70.0,70.0,0.0,0.0,0.44,0.94,1.44,1.94,0.0,0.0,0.0,0.0,0.0,0.0,,,,,,,1.7277,1.7277,1.8597,2.0097,2.1597,2.3097,0,0,0,0,0,0
9027,Ehrenfriedersdorf,50.646667,12.969722,,middle,middle,middle,middle,middle,middle,68.1,68.1,68.1,68.1,68.1,68.1,,,,,,,32.7,32.7,32.7,32.7,32.7,32.7,0.0,0.0,0.11,0.61,1.11,1.61,,,,,,,,,,,,,1.4073,1.4073,1.4403,1.5903,1.7403,1.8903,0,0,0,0,0,0
9028,Eibenstock,50.49361,12.599167,,middle,middle,middle,middle,middle,middle,87.8,87.8,87.8,87.8,87.8,87.8,,,,,,,170.6,170.6,170.6,170.6,170.6,170.6,0.5,1.0,1.5,2.0,2.5,3.0,,,,,,,,,,,,,2.2081,2.3581,2.5081,2.6581,2.8081,2.9581,0,0,0,0,0,0
9029,Bad Elster,50.282501,12.238055,,middle,middle,middle,middle,middle,middle,110.5,110.5,110.5,110.5,110.5,110.5,,,,,,,131.9,131.9,131.9,131.9,131.9,131.9,0.0,0.0,0.26,0.76,1.26,1.76,,,,,,,,,,,,,1.9557,1.9557,2.0337,2.1837,2.3337,2.4837,0,0,0,0,0,0
9030,Elsterberg i. V.,50.608612,12.169723,17543.0,middle,middle,middle,middle,middle,middle,75.2,75.2,75.2,75.2,75.2,75.2,,,,,,,87.9,87.9,87.9,87.9,87.9,87.9,0.52,1.02,1.52,2.02,2.52,3.02,,,,,,,,,,,,,1.951,2.101,2.251,2.401,2.551,2.701,0,0,0,0,0,0
9031,Elstra,51.221943,14.133333,17357.0,middle,middle,middle,middle,middle,middle,31.2,31.2,31.2,31.2,31.2,31.2,,,,,,,120.1,120.1,120.1,120.1,120.1,120.1,0.25,0.75,1.25,1.75,2.25,2.75,,,,,,,,,,,,,2.1032,2.2532,2.4032,2.5532,2.7032,2.8532,0,0,0,0,0,0
9032,Elterlein,50.576946,12.868611,,middle,middle,middle,middle,middle,middle,78.7,78.7,78.7,78.7,78.7,78.7,,,,,,,39.9,39.9,39.9,39.9,39.9,39.9,0.0,0.0,0.0,0.0,0.44,0.94,,,,,,,,,,,,,1.484,1.484,1.484,1.484,1.616,1.766,0,0,0,0,0,0
9033,Falkenstein,50.476112,12.37,,middle,middle,middle,middle,middle,middle,88.5,88.5,88.5,88.5,88.5,88.5,,,,,,,61.3,61.3,61.3,61.3,61.3,61.3,0.5,1.0,1.5,2.0,2.5,3.0,,,,,,,,,,,,,1.803,1.953,2.103,2.253,2.403,2.553,0,0,0,0,0,0
9034,Floeha,50.858334,13.072778,,middle,middle,middle,middle,middle,middle,46.7,46.7,46.7,46.7,46.7,46.7,,,,,,,60.3,60.3,60.3,60.3,60.3,60.3,1.0,1.5,2.0,2.5,3.0,3.5,,,,,,,,,,,,,1.9461,2.0961,2.2461,2.3961,2.5461,2.6961,0,0,0,0,0,0
9035,Frankenberg/Sa,50.91,13.030556,,middle,middle,middle,middle,middle,middle,44.9,44.9,44.9,44.9,44.9,44.9,262.0,262.0,262.0,262.0,262.0,262.0,76.4,76.4,76.4,76.4,76.4,76.4,0.75,1.25,1.75,2.25,2.75,3.25,1000.0,1000.0,1000.0,1000.0,1000.0,1000.0,1.0,1.0,1.0,1.0,1.0,1.0,1.9647,2.1147,2.2647,2.4147,2.5647,2.7147,0,0,0,0,0,0
9036,Frauenstein,50.801945,13.533889,1995.0,middle,middle,middle,middle,middle,middle,31.5,31.5,31.5,31.5,31.5,31.5,,,,,,,294.3,294.3,294.3,294.3,294.3,294.3,0.5,1.0,1.5,2.0,2.5,3.0,,,,,,,,,,,,,2.5309,2.6809,2.8309,2.9809,3.1309,3.2809,0,0,0,0,0,0
9037,Freiberg,50.914722,13.344167,2002.0,middle,middle,middle,middle,middle,middle,28.4,28.4,28.4,28.4,28.4,28.4,348.0,348.0,348.0,348.0,348.0,348.0,152.6,152.6,152.6,152.6,152.6,152.6,0.94,1.44,1.94,2.44,2.94,3.44,3500.0,6000.0,5000.0,4000.0,6000.0,8000.0,3.5,1.714,0.833,0.8,1.5,1.333,2.4411,2.5911,2.7411,2.8911,3.0411,3.1911,2,2,1,1,2,2
9038,Freital,50.996944,13.648056,,middle,middle,middle,middle,middle,middle,12.6,12.6,12.6,12.6,12.6,12.6,,,,,,,52.0,52.0,52.0,52.0,52.0,52.0,0.41,0.91,1.41,1.91,2.41,2.91,,,,,,,,,,,,,2.0536,2.2036,2.3536,2.5036,2.6536,2.8036,2,2,2,2,2,2
9039,Frohburg,51.05722,12.556389,2038.0,middle,middle,middle,middle,middle,middle,26.7,26.7,26.7,26.7,26.7,26.7,,,,,,,76.5,76.5,76.5,76.5,76.5,76.5,0.78,1.28,1.78,2.28,2.78,3.28,,,,,,,,,,,,,2.1404,2.2904,2.4404,2.5904,2.7404,2.8904,0,0,0,0,0,0
9040,Geising,50.757221,13.792778,,middle,middle,middle,middle,middle,middle,27.1,27.1,27.1,27.1,27.1,27.1,,,,,,,3861.0,3861.0,3861.0,3861.0,3861.0,3861.0,0.0,0.0,0.0,0.0,0.0,0.38,,,,,,,,,,,,,3.4651,3.4651,3.4651,3.4651,3.4651,3.5791,0,0,0,0,0,0
9041,Geithain,51.05389,12.695,2146.0,middle,middle,middle,middle,middle,middle,32.5,32.5,32.5,32.5,32.5,32.5,,,,,,,84.5,84.5,84.5,84.5,84.5,84.5,0.64,1.14,1.64,2.14,2.64,3.14,,,,,,,,,,,,,2.0653,2.2153,2.3653,2.5153,2.6653,2.8153,0,0,0,0,0,0
9042,Geringswalde,51.076946,12.903334,,middle,middle,middle,middle,middle,middle,37.4,37.4,37.4,37.4,37.4,37.4,,,,,,,78.2,78.2,78.2,78.2,78.2,78.2,1.0,1.5,2.0,2.5,3.0,3.5,,,,,,,,,,,,,2.081,2.231,2.381,2.531,2.681,2.831,0,0,0,0,0,0
9043,Geyer,50.623611,12.924167,,middle,middle,middle,middle,middle,middle,72.2,72.2,72.2,72.2,72.2,72.2,,,,,,,38.0,38.0,38.0,38.0,38.0,38.0,0.0,0.0,0.0,0.0,0.43,0.93,,,,,,,,,,,,,1.4656,1.4656,1.4656,1.4656,1.5946,1.7446,0,0,0,0,0,0
9044,Glashuette,50.851665,13.781111,,middle,middle,middle,middle,middle,middle,18.0,18.0,18.0,18.0,18.0,18.0,,,,,,,82.6,82.6,82.6,82.6,82.6,82.6,0.0,0.0,0.0,0.0,0.05,0.55,,,,,,,,,,,,,2.0456,2.0456,2.0456,2.0456,2.0606,2.2106,0,0,0,0,0,0
9045,Glauchau,50.81778,12.542222,,middle,middle,middle,middle,middle,middle,51.7,51.7,51.7,51.7,51.7,51.7,266.0,266.0,266.0,266.0,266.0,266.0,72.2,72.2,72.2,72.2,72.2,72.2,0.7,1.2,1.7,2.2,2.7,3.2,1000.0,1000.0,1000.0,1000.0,1000.0,1000.0,1.0,1.0,1.0,1.0,1.0,1.0,1.9275,2.0775,2.2275,2.3775,2.5275,2.6775,0,0,0,0,0,0
9046,Bad Gottleuba,50.851665,13.943055,2350.0,middle,middle,middle,middle,middle,middle,12.3,12.3,12.3,12.3,12.3,12.3,,,,,,,533.5,533.5,533.5,533.5,533.5,533.5,0.5,1.0,1.5,2.0,2.5,3.0,,,,,,,,,,,,,3.0092,3.1592,3.3092,3.4592,3.6092,3.7592,2,2,2,2,2,2
9047,Grimma,51.235279,12.726944,2430.0,middle,middle,middle,middle,middle,middle,24.2,24.2,24.2,24.2,24.2,24.2,128.0,128.0,128.0,128.0,128.0,128.0,87.5,87.5,87.5,87.5,87.5,87.5,0.8,1.3,1.8,2.3,2.8,3.3,1000.0,1000.0,1000.0,1000.0,1500.0,2000.0,1.0,1.0,1.0,1.0,1.5,1.333,2.231,2.381,2.531,2.681,2.831,2.981,0,0,0,0,0,0
9048,Groitzsch,51.154167,12.280833,14374.0,middle,middle,middle,middle,middle,middle,14.9,14.9,14.9,14.9,14.9,14.9,,,,,,,41.6,41.6,41.6,41.6,41.6,41.6,3.5,4.0,4.5,5.0,5.5,6.0,,,,,,,,,,,,,2.8641,3.0141,3.1641,3.3141,3.4641,3.6141,2,2,2,2,2,2
9049,Grossenhain,51.291943,13.530278,2602.0,middle,middle,middle,middle,middle,middle,12.7,12.7,12.7,12.7,12.7,12.7,115.0,115.0,115.0,115.0,115.0,115.0,248.7,248.7,248.7,248.7,248.7,248.7,0.45,0.95,1.45,1.95,2.45,2.95,1000.0,1000.0,1000.0,1000.0,1500.0,2000.0,1.0,1.0,1.0,1.0,1.5,1.333,2.6845,2.8345,2.9845,3.1345,3.2845,3.4345,2,2,2,2,2,2
9050,Grossroehrsdorf,51.143055,14.024167,,middle,middle,middle,middle,middle,middle,19.6,19.6,19.6,19.6,19.6,19.6,,,,,,,71.6,71.6,71.6,71.6,71.6,71.6,0.0,0.0,0.01,0.51,1.01,1.51,,,,,,,,,,,,,1.9687,1.9687,1.9717,2.1217,2.2717,2.4217,0,0,0,0,0,0
9051,Gruenhain,50.578335,12.808333,,middle,middle,middle,middle,middle,middle,81.4,81.4,81.4,81.4,81.4,81.4,,,,,,,28.3,28.3,28.3,28.3,28.3,28.3,0.17,0.67,1.17,1.67,2.17,2.67,,,,,,,,,,,,,1.4018,1.5518,1.7018,1.8518,2.0018,2.1518,0,0,0,0,0,0
9052,Hainichen,50.968613,13.123889,,middle,middle,middle,middle,middle,middle,36.0,36.0,36.0,36.0,36.0,36.0,,,,,,,118.2,118.2,118.2,118.2,118.2,118.2,0.15,0.65,1.15,1.65,2.15,2.65,,,,,,,,,,,,,2.007,2.157,2.307,2.457,2.607,2.757,0,0,0,0,0,0
9053,Hartenstein,50.661945,12.670834,,middle,middle,middle,middle,middle,middle,70.7,70.7,70.7,70.7,70.7,70.7,,,,,,,38.5,38.5,38.5,38.5,38.5,38.5,0.8,1.3,1.8,2.3,2.8,3.3,,,,,,,,,,,,,1.7107,1.8607,2.0107,2.1607,2.3107,2.4607,0,0,0,0,0,0
9054,Hartha,51.098057,12.973889,,middle,middle,middle,middle,middle,middle,32.0,32.0,32.0,32.0,32.0,32.0,,,,,,,51.9,51.9,51.9,51.9,51.9,51.9,0.17,0.67,1.17,1.67,2.17,2.67,,,,,,,,,,,,,1.7379,1.8879,2.0379,2.1879,2.3379,2.4879,0,0,0,0,0,0
9055,Heidenau,50.980835,13.863334,,middle,middle,middle,middle,middle,middle,3.5,3.5,3.5,3.5,3.5,3.5,,,,,,,71.9,71.9,71.9,71.9,71.9,71.9,0.0,0.12,0.62,1.12,1.62,2.12,,,,,,,,,,,,,2.1724,2.2084,2.3584,2.5084,2.6584,2.8084,2,2,2,2,2,2
9056,Herrnhut,51.015278,14.743889,,middle,middle,middle,middle,middle,middle,49.5,49.5,49.5,49.5,49.5,49.5,,,,,,,109.8,109.8,109.8,109.8,109.8,109.8,0.0,0.0,0.0,0.0,0.0,0.0,,,,,,,,,,,,,1.8829,1.8829,1.8829,1.8829,1.8829,1.8829,0,0,0,0,0,0
9057,Hohenstein-Ernstthal,50.800835,12.713056,,middle,middle,middle,middle,middle,middle,57.2,57.2,57.2,57.2,57.2,57.2,,,,,,,44.8,44.8,44.8,44.8,44.8,44.8,0.0,0.0,0.0,0.0,0.0,0.07,,,,,,,,,,,,,1.5294,1.5294,1.5294,1.5294,1.5294,1.5504,0,0,0,0,0,0
9058,Hohnstein,50.979443,14.110556,,middle,middle,middle,middle,middle,middle,6.2,6.2,6.2,6.2,6.2,6.2,,,,,,,52.1,52.1,52.1,52.1,52.1,52.1,0.5,1.0,1.5,2.0,2.5,3.0,,,,,,,,,,,,,2.1607,2.3107,2.4607,2.6107,2.7607,2.9107,2,2,2,2,2,2
9059,Joehstadt,50.514168,13.089723,,middle,middle,middle,middle,middle,middle,75.4,75.4,75.4,75.4,75.4,75.4,,,,,,,767.5,767.5,767.5,767.5,767.5,767.5,0.0,0.0,0.0,0.14,0.64,1.14,,,,,,,,,,,,,2.6578,2.6578,2.6578,2.6998,2.8498,2.9998,0,0,0,0,0,0
9060,Johanngeorgenstadt,50.429443,12.721666,,middle,middle,middle,middle,middle,middle,96.6,96.6,96.6,96.6,96.6,96.6,,,,,,,665.4,665.4,665.4,665.4,665.4,665.4,0.0,0.0,0.0,0.0,0.0,0.0,,,,,,,,,,,,,2.6007,2.6007,2.6007,2.6007,2.6007,2.6007,0,0,0,0,0,0
9061,Kamenz,51.270557,14.098056,3515.0,middle,middle,middle,middle,middle,middle,34.2,34.2,34.2,34.2,34.2,34.2,,,,,,,183.7,183.7,183.7,183.7,183.7,183.7,0.25,0.75,1.25,1.75,2.25,2.75,,,,,,,,,,,,,2.2355,2.3855,2.5355,2.6855,2.8355,2.9855,0,0,0,0,0,0
9062,Kirchberg (Sachsen),50.622776,12.525833,,middle,middle,middle,middle,middle,middle,72.8,72.8,72.8,72.8,72.8,72.8,,,,,,,86.2,86.2,86.2,86.2,86.2,86.2,1.32,1.82,2.32,2.82,3.32,3.82,,,,,,,,,,,,,2.1833,2.3333,2.4833,2.6333,2.7833,2.9333,0,0,0,0,0,0
9063,Klingental,50.358612,12.469722,,middle,middle,middle,middle,middle,middle,101.7,101.7,101.7,101.7,101.7,101.7,,,,,,,530.7,530.7,530.7,530.7,530.7,530.7,0.0,0.0,0.0,0.0,0.0,0.0,,,,,,,,,,,,,2.5104,2.5104,2.5104,2.5104,2.5104,2.5104,0,0,0,0,0,0
9064,Klotzsche,51.116112,13.780278,,middle,middle,middle,middle,middle,middle,12.0,12.0,12.0,12.0,12.0,12.0,,,,,,,111.1,111.1,111.1,111.1,111.1,111.1,1.0,1.5,2.0,2.5,3.0,3.5,,,,,,,,,,,,,2.538,2.688,2.838,2.988,3.138,3.288,2,2,2,2,2,2
9065,Koenigsbrueck,51.264446,13.904445,3914.0,middle,middle,middle,middle,middle,middle,27.0,27.0,27.0,27.0,27.0,27.0,,,,,,,221.0,221.0,221.0,221.0,221.0,221.0,0.02,0.52,1.02,1.52,2.02,2.52,,,,,,,,,,,,,2.3302,2.4802,2.6302,2.7802,2.9302,3.0802,0,0,0,0,0,0
9066,Koenigstein (Saechsische Schweiz),50.916943,14.073611,,middle,middle,middle,middle,middle,middle,3.3,3.3,3.3,3.3,3.3,3.3,,,,,,,126.5,126.5,126.5,126.5,126.5,126.5,0.5,1.0,1.5,2.0,2.5,3.0,,,,,,,,,,,,,2.5482,2.6982,2.8482,2.9982,3.1482,3.2982,2,2,2,2,2,2
9067,Kohren-Sahlis,51.016945,12.605,,middle,middle,middle,middle,middle,middle,32.2,32.2,32.2,32.2,32.2,32.2,,,,,,,90.0,90.0,90.0,90.0,90.0,90.0,2.76,3.26,3.76,4.26,4.76,5.26,,,,,,,,,,,,,2.7293,2.8793,3.0293,3.1793,3.3293,3.4793,0,0,0,0,0,0
9068,Lauenstein,50.783611,13.822778,4282.0,middle,middle,middle,middle,middle,middle,23.5,23.5,23.5,23.5,23.5,23.5,,,,,,,167.7,167.7,167.7,167.7,167.7,167.7,0.09,0.59,1.09,1.59,2.09,2.59,,,,,,,,,,,,,2.2848,2.4348,2.5848,2.7348,2.8848,3.0348,0,0,0,0,0,0
9069,Bad Lausick,51.142776,12.638889,,middle,middle,middle,middle,middle,middle,22.8,22.8,22.8,22.8,22.8,22.8,,,,,,,114.7,114.7,114.7,114.7,114.7,114.7,1.45,1.95,2.45,2.95,3.45,3.95,,,,,,,,,,,,,2.5506,2.7006,2.8506,3.0006,3.1506,3.3006,0,0,0,0,0,0
9070,Leipzig,51.340557,12.375,4337.0,middle,middle,middle,middle,middle,middle,7.7,7.7,7.7,7.7,7.7,7.7,110.0,110.0,110.0,110.0,110.0,110.0,125.8,125.8,125.8,125.8,125.8,125.8,2.35,2.85,3.35,3.85,4.35,4.85,3500.0,4000.0,3500.0,3000.0,5000.0,7000.0,1.167,1.143,0.875,0.857,1.667,1.4,3.0457,3.1957,3.3457,3.4957,3.6457,3.7957,2,2,2,2,2,2
9071,Leisnig,51.159168,12.926389,4339.0,middle,middle,middle,middle,middle,middle,31.9,31.9,31.9,31.9,31.9,31.9,,,,,,,84.0,84.0,84.0,84.0,84.0,84.0,2.04,2.54,3.04,3.54,4.04,4.54,,,,,,,,,,,,,2.4902,2.6402,2.7902,2.9402,3.0902,3.2402,0,0,0,0,0,0
9072,Lengefeld i. Erzgeb.,50.720001,13.1925,,middle,middle,middle,middle,middle,middle,52.1,52.1,52.1,52.1,52.1,52.1,,,,,,,104.3,104.3,104.3,104.3,104.3,104.3,0.0,0.0,0.0,0.31,0.81,1.31,,,,,,,,,,,,,1.8628,1.8628,1.8628,1.9558,2.1058,2.2558,0,0,0,0,0,0
9073,Lengenfeld i. V.,50.569721,12.364445,,middle,middle,middle,middle,middle,middle,78.1,78.1,78.1,78.1,78.1,78.1,,,,,,,60.2,60.2,60.2,60.2,60.2,60.2,0.75,1.25,1.75,2.25,2.75,3.25,,,,,,,,,,,,,1.8706,2.0206,2.1706,2.3206,2.4706,2.6206,0,0,0,0,0,0
9074,Lichtenstein,50.756111,12.630834,4424.0,middle,middle,middle,middle,middle,middle,59.9,59.9,59.9,59.9,59.9,59.9,,,,,,,71.6,71.6,71.6,71.6,71.6,71.6,0.0,0.39,0.89,1.39,1.89,2.39,,,,,,,,,,,,,1.7141,1.8311,1.9811,2.1311,2.2811,2.4311,0,0,0,0,0,0
9075,Liebstadt,50.863335,13.856389,,middle,middle,middle,middle,middle,middle,15.9,15.9,15.9,15.9,15.9,15.9,,,,,,,58.6,58.6,58.6,58.6,58.6,58.6,0.0,0.14,0.64,1.14,1.64,2.14,,,,,,,,,,,,,1.9369,1.9789,2.1289,2.2789,2.4289,2.5789,0,0,0,0,0,0
9076,Limbach,50.582222,12.251389,,middle,middle,middle,middle,middle,middle,77.2,77.2,77.2,77.2,77.2,77.2,,,,,,,48.0,48.0,48.0,48.0,48.0,48.0,0.0,0.0,0.0,0.0,0.19,0.69,,,,,,,,,,,,,1.5564,1.5564,1.5564,1.5564,1.6134,1.7634,0,0,0,0,0,0
9077,Loebau,51.09639,14.664166,4523.0,middle,middle,middle,middle,middle,middle,46.6,46.6,46.6,46.6,46.6,46.6,,,,,,,112.3,112.3,112.3,112.3,112.3,112.3,0.29,0.79,1.29,1.79,2.29,2.79,,,,,,,,,,,,,1.9789,2.1289,2.2789,2.4289,2.5789,2.7289,0,0,0,0,0,0
9078,Loessnitz,50.622501,12.731667,,middle,middle,middle,middle,middle,middle,76.2,76.2,76.2,76.2,76.2,76.2,,,,,,,40.8,40.8,40.8,40.8,40.8,40.8,0.9,1.4,1.9,2.4,2.9,3.4,,,,,,,,,,,,,1.7629,1.9129,2.0629,2.2129,2.3629,2.5129,0,0,0,0,0,0
9079,Lommatzsch,51.196388,13.308611,17900.0,middle,middle,middle,middle,middle,middle,7.6,7.6,7.6,7.6,7.6,7.6,,,,,,,171.6,171.6,171.6,171.6,171.6,171.6,0.44,0.94,1.44,1.94,2.44,2.94,,,,,,,,,,,,,2.5974,2.7474,2.8974,3.0474,3.1974,3.3474,2,2,2,2,2,2
9080,Lugau,50.740555,12.746388,,middle,middle,middle,middle,middle,middle,64.3,64.3,64.3,64.3,64.3,64.3,,,,,,,27.0,27.0,27.0,27.0,27.0,27.0,0.0,0.0,0.0,0.0,0.12,0.62,,,,,,,,,,,,,1.3327,1.3327,1.3327,1.3327,1.3687,1.5187,0,0,0,0,0,0
9081,Lunzenau,50.959721,12.753889,,middle,middle,middle,middle,middle,middle,43.2,43.2,43.2,43.2,43.2,43.2,,,,,,,48.7,48.7,48.7,48.7,48.7,48.7,0.0,0.0,0.23,0.73,1.23,1.73,,,,,,,,,,,,,1.5622,1.5622,1.6312,1.7812,1.9312,2.0812,0,0,0,0,0,0
9082,Marienberg i. S.,50.65139,13.159722,4753.0,middle,middle,middle,middle,middle,middle,59.8,59.8,59.8,59.8,59.8,59.8,620.0,620.0,620.0,620.0,620.0,620.0,86.7,86.7,86.7,86.7,86.7,86.7,0.0,0.0,0.0,0.0,0.0,0.0,500.0,1000.0,1000.0,1000.0,2000.0,3000.0,,2.0,1.0,1.0,2.0,1.5,1.6427,1.6427,1.6427,1.6427,1.6427,1.6427,0,0,0,0,0,1
9083,Markkleeberg,51.279999,12.374444,,middle,middle,middle,middle,middle,middle,1.2,1.2,1.2,1.2,1.2,1.2,,,,,,,71.5,71.5,71.5,71.5,71.5,71.5,1.0,1.5,2.0,2.5,3.0,3.5,,,,,,,,,,,,,2.4991,2.6491,2.7991,2.9491,3.0991,3.2491,2,2,2,2,2,2
9084,Markneukirchen,50.311668,12.327778,,middle,middle,middle,middle,middle,middle,106.8,106.8,106.8,106.8,106.8,106.8,,,,,,,190.3,190.3,190.3,190.3,190.3,190.3,0.0,0.26,0.76,1.26,1.76,2.26,,,,,,,,,,,,,2.1015,2.1795,2.3295,2.4795,2.6295,2.7795,0,0,0,0,0,0
9085,Markranstaedt,51.301109,12.22,4779.0,middle,middle,middle,middle,middle,middle,11.9,11.9,11.9,11.9,11.9,11.9,,,,,,,100.0,100.0,100.0,100.0,100.0,100.0,0.0,0.0,0.0,0.5,1.0,1.5,,,,,,,,,,,,,2.1976,2.1976,2.1976,2.3476,2.4976,2.6476,2,2,2,2,2,2
9086,Meerane,50.849167,12.463889,4827.0,middle,middle,middle,middle,middle,middle,47.3,47.3,47.3,47.3,47.3,47.3,,,,,,,61.7,61.7,61.7,61.7,61.7,61.7,0.76,1.26,1.76,2.26,2.76,3.26,,,,,,,,,,,,,1.8835,2.0335,2.1835,2.3335,2.4835,2.6335,0,0,0,0,0,0
9087,Meissen,51.159721,13.468611,4853.0,middle,middle,middle,middle,middle,middle,11.4,11.4,11.4,11.4,11.4,11.4,106.0,106.0,106.0,106.0,106.0,106.0,169.6,169.6,169.6,169.6,169.6,169.6,3.22,3.72,4.22,4.72,5.22,5.72,1500.0,2000.0,1500.0,1000.0,1500.0,2000.0,1.5,1.333,0.75,0.667,1.5,1.333,3.3794,3.5294,3.6794,3.8294,3.9794,4.1294,2,2,2,2,2,2
9088,Mittweida,50.986668,12.975833,,middle,middle,middle,middle,middle,middle,40.2,40.2,40.2,40.2,40.2,40.2,280.0,280.0,280.0,280.0,280.0,280.0,108.4,108.4,108.4,108.4,108.4,108.4,0.41,0.91,1.41,1.91,2.41,2.91,1500.0,2000.0,1500.0,1000.0,2000.0,3000.0,1.5,1.333,0.75,0.667,2.0,1.5,2.001,2.151,2.301,2.451,2.601,2.751,0,0,0,0,0,2
9089,Muegeln,51.236668,13.045834,,middle,middle,middle,middle,middle,middle,21.3,21.3,21.3,21.3,21.3,21.3,,,,,,,118.3,118.3,118.3,118.3,118.3,118.3,2.66,3.16,3.66,4.16,4.66,5.16,,,,,,,,,,,,,2.9445,3.0945,3.2445,3.3945,3.5445,3.6945,0,0,0,0,0,0
9090,Muehltroff,50.540833,11.93,17542.0,middle,middle,middle,middle,middle,middle,87.3,87.3,87.3,87.3,87.3,87.3,,,,,,,119.8,119.8,119.8,119.8,119.8,119.8,1.0,1.5,2.0,2.5,3.0,3.5,,,,,,,,,,,,,2.2175,2.3675,2.5175,2.6675,2.8175,2.9675,0,0,0,0,0,0
9091,Mutzschen,51.260555,12.887222,,middle,middle,middle,middle,middle,middle,27.6,27.6,27.6,27.6,27.6,27.6,,,,,,,130.7,130.7,130.7,130.7,130.7,130.7,2.2,2.7,3.2,3.7,4.2,4.7,,,,,,,,,,,,,2.7667,2.9167,3.0667,3.2167,3.3667,3.5167,0,0,0,0,0,0
9092,Mylau,50.618889,12.261945,5127.0,middle,middle,middle,middle,middle,middle,73.1,73.1,73.1,73.1,73.1,73.1,,,,,,,22.8,22.8,22.8,22.8,22.8,22.8,1.0,1.5,2.0,2.5,3.0,3.5,,,,,,,,,,,,,1.5685,1.7185,1.8685,2.0185,2.1685,2.3185,0,0,0,0,0,0
9093,Naunhof,51.275276,12.593611,5168.0,middle,middle,middle,middle,middle,middle,14.6,14.6,14.6,14.6,14.6,14.6,,,,,,,121.3,121.3,121.3,121.3,121.3,121.3,0.4,0.9,1.4,1.9,2.4,2.9,,,,,,,,,,,,,2.3605,2.5105,2.6605,2.8105,2.9605,3.1105,2,2,2,2,2,2
9094,Nerchau,51.269444,12.789444,,middle,middle,middle,middle,middle,middle,28.2,28.2,28.2,28.2,28.2,28.2,,,,,,,70.1,70.1,70.1,70.1,70.1,70.1,2.76,3.26,3.76,4.26,4.76,5.26,,,,,,,,,,,,,2.6815,2.8315,2.9815,3.1315,3.2815,3.4315,0,0,0,0,0,0
9095,Netzschkau,50.612499,12.248055,,middle,middle,middle,middle,middle,middle,73.9,73.9,73.9,73.9,73.9,73.9,,,,,,,14.0,14.0,14.0,14.0,14.0,14.0,1.5,2.0,2.5,3.0,3.5,4.0,,,,,,,,,,,,,1.5329,1.6829,1.8329,1.9829,2.1329,2.2829,0,0,0,0,0,0
9096,Neugersdorf,50.980278,14.61,,middle,middle,middle,middle,middle,middle,39.7,39.7,39.7,39.7,39.7,39.7,,,,,,,637.8,637.8,637.8,637.8,637.8,637.8,0.0,0.0,0.44,0.94,1.44,1.94,,,,,,,,,,,,,2.5872,2.5872,2.7192,2.8692,3.0192,3.1692,0,0,0,0,0,0
9097,Neusalza-Spremberg,51.037224,14.531389,,middle,middle,middle,middle,middle,middle,35.6,35.6,35.6,35.6,35.6,35.6,,,,,,,167.9,167.9,167.9,167.9,167.9,167.9,0.5,1.0,1.5,2.0,2.5,3.0,,,,,,,,,,,,,2.2566,2.4066,2.5566,2.7066,2.8566,3.0066,0,0,0,0,0,0
9098,Neustadt in Sachsen,51.025555,14.215,,middle,middle,middle,middle,middle,middle,15.1,15.1,15.1,15.1,15.1,15.1,,,,,,,104.7,104.7,104.7,104.7,104.7,104.7,0.0,0.0,0.17,0.67,1.17,1.67,,,,,,,,,,,,,2.1753,2.1753,2.2263,2.3763,2.5263,2.6763,0,0,0,0,0,0
9099,Neustaedtel in Sachsen,50.583889,12.6325,,middle,middle,middle,middle,middle,middle,78.4,78.4,78.4,78.4,78.4,78.4,,,,,,,45.6,45.6,45.6,45.6,45.6,45.6,0.5,1.0,1.5,2.0,2.5,3.0,,,,,,,,,,,,,1.6865,1.8365,1.9865,2.1365,2.2865,2.4365,0,0,0,0,0,0
9100,Nossen,51.058613,13.299444,,middle,middle,middle,middle,middle,middle,22.3,22.3,22.3,22.3,22.3,22.3,,,,,,,92.3,92.3,92.3,92.3,92.3,92.3,0.65,1.15,1.65,2.15,2.65,3.15,,,,,,,,,,,,,2.2302,2.3802,2.5302,2.6802,2.8302,2.9802,0,0,0,0,0,0
9101,Oberfrohna,50.858334,12.766945,,middle,middle,middle,middle,middle,middle,53.2,53.2,53.2,53.2,53.2,53.2,,,,,,,50.7,50.7,50.7,50.7,50.7,50.7,0.0,0.0,0.0,0.0,0.0,0.0,,,,,,,,,,,,,1.5785,1.5785,1.5785,1.5785,1.5785,1.5785,0,0,0,0,0,0
9102,Oberlungwitz,50.786945,12.721945,,middle,middle,middle,middle,middle,middle,58.8,58.8,58.8,58.8,58.8,58.8,,,,,,,23.4,23.4,23.4,23.4,23.4,23.4,1.5,2.0,2.5,3.0,3.5,4.0,,,,,,,,,,,,,1.7279,1.8779,2.0279,2.1779,2.3279,2.4779,0,0,0,0,0,0
9103,Kurort Oberwiesenthal,50.419167,12.968889,,middle,middle,middle,middle,middle,middle,88.8,88.8,88.8,88.8,88.8,88.8,,,,,,,1494.3,1494.3,1494.3,1494.3,1494.3,1494.3,0.0,0.0,0.0,0.0,0.0,0.0,,,,,,,,,,,,,2.924,2.924,2.924,2.924,2.924,2.924,0,0,0,0,0,0
9104,Oederan,50.859444,13.167222,5582.0,middle,middle,middle,middle,middle,middle,41.5,41.5,41.5,41.5,41.5,41.5,,,,,,,118.4,118.4,118.4,118.4,118.4,118.4,0.34,0.84,1.34,1.84,2.34,2.84,,,,,,,,,,,,,2.015,2.165,2.315,2.465,2.615,2.765,0,0,0,0,0,0
9105,Oelsnitz i. Erzgeb.,50.724167,12.705833,,middle,middle,middle,middle,middle,middle,64.9,64.9,64.9,64.9,64.9,64.9,,,,,,,35.8,35.8,35.8,35.8,35.8,35.8,0.31,0.81,1.31,1.81,2.31,2.81,,,,,,,,,,,,,1.5354,1.6854,1.8354,1.9854,2.1354,2.2854,0,0,0,0,0,0
9106,Oelsnitz i. V.,50.416943,12.175,5591.0,middle,middle,middle,middle,middle,middle,96.2,96.2,96.2,96.2,96.2,96.2,,,,,,,167.5,167.5,167.5,167.5,167.5,167.5,1.5,2.0,2.5,3.0,3.5,4.0,,,,,,,,,,,,,2.5007,2.6507,2.8007,2.9507,3.1007,3.2507,0,0,0,0,0,0
9107,Olbernhau,50.659168,13.339167,,middle,middle,middle,middle,middle,middle,52.5,52.5,52.5,52.5,52.5,52.5,,,,,,,1323.4,1323.4,1323.4,1323.4,1323.4,1323.4,0.0,0.0,0.27,0.77,1.27,1.77,,,,,,,,,,,,,2.8755,2.8755,2.9565,3.1065,3.2565,3.4065,0,0,0,0,0,0
9108,Oschatz,51.297222,13.109167,5692.0,middle,middle,middle,middle,middle,middle,13.3,13.3,13.3,13.3,13.3,13.3,,,,,,,140.2,140.2,140.2,140.2,140.2,140.2,0.43,0.93,1.43,1.93,2.43,2.93,,,,,,,,,,,,,2.4434,2.5934,2.7434,2.8934,3.0434,3.1934,2,2,2,2,2,2
9109,Ostritz,51.013889,14.931111,5745.0,middle,middle,middle,middle,middle,middle,62.5,62.5,62.5,62.5,62.5,62.5,,,,,,,206.5,206.5,206.5,206.5,206.5,206.5,0.05,0.55,1.05,1.55,2.05,2.55,,,,,,,,,,,,,2.1491,2.2991,2.4491,2.5991,2.7491,2.8991,0,0,0,0,0,0
9110,Pausa,50.580555,11.996944,12692.0,middle,middle,middle,middle,middle,middle,81.5,81.5,81.5,81.5,81.5,81.5,,,,,,,103.4,103.4,103.4,103.4,103.4,103.4,0.5,1.0,1.5,2.0,2.5,3.0,,,,,,,,,,,,,2.0092,2.1592,2.3092,2.4592,2.6092,2.7592,0,0,0,0,0,0
9111,Pegau,51.1675,12.2475,5867.0,middle,middle,middle,middle,middle,middle,15.0,15.0,15.0,15.0,15.0,15.0,,,,,,,85.8,85.8,85.8,85.8,85.8,85.8,2.5,3.0,3.5,4.0,4.5,5.0,,,,,,,,,,,,,2.8481,2.9981,3.1481,3.2981,3.4481,3.5981,2,2,2,2,2,2
9112,Penig,50.933334,12.705833,5877.0,middle,middle,middle,middle,middle,middle,43.8,43.8,43.8,43.8,43.8,43.8,,,,,,,73.6,73.6,73.6,73.6,73.6,73.6,0.0,0.0,0.37,0.87,1.37,1.87,,,,,,,,,,,,,1.7247,1.7247,1.8357,1.9857,2.1357,2.2857,0,0,0,0,0,0
9113,Pirna,50.960556,13.938889,5949.0,middle,middle,middle,middle,middle,middle,7.8,7.8,7.8,7.8,7.8,7.8,118.0,118.0,118.0,118.0,118.0,118.0,77.5,77.5,77.5,77.5,77.5,77.5,0.17,0.67,1.17,1.67,2.17,2.67,500.0,1000.0,1000.0,1000.0,1000.0,1000.0,,2.0,1.0,1.0,1.0,1.0,2.1984,2.3484,2.4984,2.6484,2.7984,2.9484,2,2,2,2,2,2
9114,Planitz,50.679722,12.476111,,middle,middle,middle,middle,middle,middle,66.1,66.1,66.1,66.1,66.1,66.1,,,,,,,57.7,57.7,57.7,57.7,57.7,57.7,2.5,3.0,3.5,4.0,4.5,5.0,,,,,,,,,,,,,2.3788,2.5288,2.6788,2.8288,2.9788,3.1288,0,0,0,0,0,0
9115,Plauen,50.495834,12.135278,5972.0,middle,middle,middle,middle,middle,middle,88.0,88.0,88.0,88.0,88.0,88.0,412.0,412.0,412.0,412.0,412.0,412.0,157.3,157.3,157.3,157.3,157.3,157.3,1.28,1.78,2.28,2.78,3.28,3.78,1000.0,1000.0,1000.0,1000.0,1000.0,1000.0,1.0,1.0,1.0,1.0,1.0,1.0,2.4018,2.5518,2.7018,2.8518,3.0018,3.1518,0,0,0,0,0,0
9116,Pulsnitz,51.18222,14.014722,17352.0,middle,middle,middle,middle,middle,middle,22.8,22.8,22.8,22.8,22.8,22.8,,,,,,,80.5,80.5,80.5,80.5,80.5,80.5,0.25,0.75,1.25,1.75,2.25,2.75,,,,,,,,,,,,,2.0507,2.2007,2.3507,2.5007,2.6507,2.8007,0,0,0,0,0,0
9117,Rabenau,50.965279,13.641945,,middle,middle,middle,middle,middle,middle,14.8,14.8,14.8,14.8,14.8,14.8,,,,,,,41.6,41.6,41.6,41.6,41.6,41.6,0.15,0.65,1.15,1.65,2.15,2.65,,,,,,,,,,,,,1.8606,2.0106,2.1606,2.3106,2.4606,2.6106,2,2,2,2,2,2
9118,Radeberg,51.11639,13.921945,17346.0,middle,middle,middle,middle,middle,middle,13.2,13.2,13.2,13.2,13.2,13.2,,,,,,,134.3,134.3,134.3,134.3,134.3,134.3,1.5,2.0,2.5,3.0,3.5,4.0,,,,,,,,,,,,,2.7479,2.8979,3.0479,3.1979,3.3479,3.4979,2,2,2,2,2,2
9119,Radebeul,51.105835,13.659166,,middle,middle,middle,middle,middle,middle,3.5,3.5,3.5,3.5,3.5,3.5,,,,,,,81.5,81.5,81.5,81.5,81.5,81.5,1.5,2.0,2.5,3.0,3.5,4.0,,,,,,,,,,,,,2.6715,2.8215,2.9715,3.1215,3.2715,3.4215,2,2,2,2,2,2
9120,Radeburg,51.215279,13.723611,6215.0,middle,middle,middle,middle,middle,middle,14.4,14.4,14.4,14.4,14.4,14.4,,,,,,,177.6,177.6,177.6,177.6,177.6,177.6,1.5,2.0,2.5,3.0,3.5,4.0,,,,,,,,,,,,,2.8444,2.9944,3.1444,3.2944,3.4444,3.5944,2,2,2,2,2,2
9121,Regis-Breitingen,51.087776,12.434167,,middle,middle,middle,middle,middle,middle,20.7,20.7,20.7,20.7,20.7,20.7,,,,,,,73.0,73.0,73.0,73.0,73.0,73.0,2.07,2.57,3.07,3.57,4.07,4.57,,,,,,,,,,,,,2.5833,2.7333,2.8833,3.0333,3.1833,3.3333,0,0,0,0,0,0
9122,Reichenbach i. V.,50.621666,12.302778,6331.0,middle,middle,middle,middle,middle,middle,72.5,72.5,72.5,72.5,72.5,72.5,380.0,380.0,380.0,380.0,380.0,380.0,64.8,64.8,64.8,64.8,64.8,64.8,1.1,1.6,2.1,2.6,3.1,3.6,1000.0,1000.0,1000.0,1000.0,1000.0,1000.0,1.0,1.0,1.0,1.0,1.0,1.0,2.0049,2.1549,2.3049,2.4549,2.6049,2.7549,0,0,0,0,0,0
9123,Riesa,51.302502,13.304444,6416.0,middle,middle,middle,middle,middle,middle,6.1,6.1,6.1,6.1,6.1,6.1,,,,,,,178.6,178.6,178.6,178.6,178.6,178.6,1.31,1.81,2.31,2.81,3.31,3.81,,,,,,,,,,,,,2.8926,3.0426,3.1926,3.3426,3.4926,3.6426,2,2,2,2,2,2
9124,Rochlitz,51.045555,12.795834,,middle,middle,middle,middle,middle,middle,38.1,38.1,38.1,38.1,38.1,38.1,,,,,,,79.2,79.2,79.2,79.2,79.2,79.2,2.55,3.05,3.55,4.05,4.55,5.05,,,,,,,,,,,,,2.5422,2.6922,2.8422,2.9922,3.1422,3.2922,0,0,0,0,0,0
9125,Rodewisch,50.530834,12.406389,,middle,middle,middle,middle,middle,middle,82.4,82.4,82.4,82.4,82.4,82.4,,,,,,,59.8,59.8,59.8,59.8,59.8,59.8,0.0,0.0,0.0,0.0,0.39,0.89,,,,,,,,,,,,,1.6428,1.6428,1.6428,1.6428,1.7598,1.9098,0,0,0,0,0,0
9126,Roetha,51.197777,12.415,11290.0,middle,middle,middle,middle,middle,middle,8.5,8.5,8.5,8.5,8.5,8.5,,,,,,,102.0,102.0,102.0,102.0,102.0,102.0,0.0,0.45,0.95,1.45,1.95,2.45,,,,,,,,,,,,,2.2479,2.3829,2.5329,2.6829,2.8329,2.9829,2,2,2,2,2,2
9127,Rosswein,51.065556,13.1825,6544.0,middle,middle,middle,middle,middle,middle,24.6,24.6,24.6,24.6,24.6,24.6,,,,,,,111.3,111.3,111.3,111.3,111.3,111.3,0.3,0.8,1.3,1.8,2.3,2.8,,,,,,,,,,,,,2.1711,2.3211,2.4711,2.6211,2.7711,2.9211,0,0,0,0,0,0
9128,Sayda,50.711113,13.423056,6787.0,middle,middle,middle,middle,middle,middle,44.3,44.3,44.3,44.3,44.3,44.3,,,,,,,508.7,508.7,508.7,508.7,508.7,508.7,0.0,0.5,1.0,1.5,2.0,2.5,,,,,,,,,,,,,2.4935,2.6435,2.7935,2.9435,3.0935,3.2435,0,0,0,0,0,0
9129,Bad Schandau,50.917221,14.154445,17995.0,middle,middle,middle,middle,middle,middle,8.0,8.0,8.0,8.0,8.0,8.0,,,,,,,1592.3,1592.3,1592.3,1592.3,1592.3,1592.3,0.0,0.0,0.0,0.0,0.5,1.0,,,,,,,,,,,,,3.349,3.349,3.349,3.349,3.499,3.649,2,2,2,2,2,2
9130,Scheibenberg,50.541111,12.9125,,middle,middle,middle,middle,middle,middle,79.8,79.8,79.8,79.8,79.8,79.8,,,,,,,69.6,69.6,69.6,69.6,69.6,69.6,0.0,0.0,0.0,0.0,0.44,0.94,,,,,,,,,,,,,1.703,1.703,1.703,1.703,1.835,1.985,0,0,0,0,0,0
9131,Schirgiswalde,51.077221,14.430833,,middle,middle,middle,middle,middle,middle,30.9,30.9,30.9,30.9,30.9,30.9,,,,,,,185.2,185.2,185.2,185.2,185.2,185.2,0.0,0.0,0.04,0.54,1.04,1.54,,,,,,,,,,,,,2.2045,2.2045,2.2165,2.3665,2.5165,2.6665,0,0,0,0,0,0
9132,Schlettau,50.559166,12.951944,,middle,middle,middle,middle,middle,middle,76.5,76.5,76.5,76.5,76.5,76.5,,,,,,,30.3,30.3,30.3,30.3,30.3,30.3,0.5,1.0,1.5,2.0,2.5,3.0,,,,,,,,,,,,,1.5274,1.6774,1.8274,1.9774,2.1274,2.2774,0,0,0,0,0,0
9133,Schneeberg,50.595001,12.640555,,middle,middle,middle,middle,middle,middle,77.3,77.3,77.3,77.3,77.3,77.3,470.0,470.0,470.0,470.0,470.0,470.0,21.8,21.8,21.8,21.8,21.8,21.8,0.0,0.0,0.0,0.0,0.0,0.47,0.0,0.0,500.0,1000.0,1500.0,2000.0,,,,2.0,1.5,1.333,1.2046,1.2046,1.2046,1.2046,1.2046,1.3456,0,0,0,0,0,0
9134,Schoeneck,50.394722,12.331111,,middle,middle,middle,middle,middle,middle,97.6,97.6,97.6,97.6,97.6,97.6,,,,,,,96.4,96.4,96.4,96.4,96.4,96.4,0.5,1.0,1.5,2.0,2.5,3.0,,,,,,,,,,,,,1.9815,2.1315,2.2815,2.4315,2.5815,2.7315,0,0,0,0,0,0
9135,Schwarzenberg i. Erzgeb.,50.537777,12.784722,,middle,middle,middle,middle,middle,middle,85.9,85.9,85.9,85.9,85.9,85.9,,,,,,,90.0,90.0,90.0,90.0,90.0,90.0,0.38,0.88,1.38,1.88,2.38,2.88,,,,,,,,,,,,,1.9183,2.0683,2.2183,2.3683,2.5183,2.6683,0,0,0,0,0,0
9136,Sebnitz,50.972778,14.269167,,middle,middle,middle,middle,middle,middle,16.0,16.0,16.0,16.0,16.0,16.0,,,,,,,533.4,533.4,533.4,533.4,533.4,533.4,0.27,0.77,1.27,1.77,2.27,2.77,,,,,,,,,,,,,2.8932,3.0432,3.1932,3.3432,3.4932,3.6432,0,0,0,0,0,0
9137,Siebenlehn,51.029167,13.306666,,middle,middle,middle,middle,middle,middle,22.9,22.9,22.9,22.9,22.9,22.9,,,,,,,114.3,114.3,114.3,114.3,114.3,114.3,0.0,0.0,0.04,0.54,1.04,1.54,,,,,,,,,,,,,2.1128,2.1128,2.1248,2.2748,2.4248,2.5748,0,0,0,0,0,0
9138,Siegmar-Schoenau,50.812222,12.828333,,middle,middle,middle,middle,middle,middle,59.8,59.8,59.8,59.8,59.8,59.8,,,,,,,73.3,73.3,73.3,73.3,73.3,73.3,0.0,0.05,0.55,1.05,1.55,2.05,,,,,,,,,,,,,1.7235,1.7385,1.8885,2.0385,2.1885,2.3385,0,0,0,0,0,0
9139,Stollberg,50.708057,12.779722,,middle,middle,middle,middle,middle,middle,68.5,68.5,68.5,68.5,68.5,68.5,,,,,,,42.0,42.0,42.0,42.0,42.0,42.0,1.0,1.5,2.0,2.5,3.0,3.5,,,,,,,,,,,,,1.8044,1.9544,2.1044,2.2544,2.4044,2.5544,0,0,0,0,0,0
9140,Stolpen,51.048332,14.078889,,middle,middle,middle,middle,middle,middle,12.2,12.2,12.2,12.2,12.2,12.2,,,,,,,91.9,91.9,91.9,91.9,91.9,91.9,1.5,2.0,2.5,3.0,3.5,4.0,,,,,,,,,,,,,2.6103,2.7603,2.9103,3.0603,3.2103,3.3603,2,2,2,2,2,2
9141,Strehla,51.352501,13.225555,7480.0,middle,middle,middle,middle,middle,middle,4.4,4.4,4.4,4.4,4.4,4.4,,,,,,,102.5,102.5,102.5,102.5,102.5,102.5,2.48,2.98,3.48,3.98,4.48,4.98,,,,,,,,,,,,,3.0444,3.1944,3.3444,3.4944,3.6444,3.7944,2,2,2,2,2,2
9142,Taucha,51.381668,12.501667,7626.0,middle,middle,middle,middle,middle,middle,14.7,14.7,14.7,14.7,14.7,14.7,,,,,,,185.9,185.9,185.9,185.9,185.9,185.9,2.71,3.21,3.71,4.21,4.71,5.21,,,,,,,,,,,,,3.2214,3.3714,3.5214,3.6714,3.8214,3.9714,2,2,2,2,2,2
9143,Thalheim i. Erzgeb.,50.700832,12.849722,,middle,middle,middle,middle,middle,middle,69.9,69.9,69.9,69.9,69.9,69.9,,,,,,,71.5,71.5,71.5,71.5,71.5,71.5,0.0,0.0,0.0,0.0,0.03,0.53,,,,,,,,,,,,,1.7134,1.7134,1.7134,1.7134,1.7224,1.8724,0,0,0,0,0,0
9144,Tharandt,50.985832,13.580833,,middle,middle,middle,middle,middle,middle,13.7,13.7,13.7,13.7,13.7,13.7,,,,,,,107.9,107.9,107.9,107.9,107.9,107.9,0.44,0.94,1.44,1.94,2.44,2.94,,,,,,,,,,,,,2.3368,2.4868,2.6368,2.7868,2.9368,3.0868,2,2,2,2,2,2
9145,Thum,50.670277,12.951111,,middle,middle,middle,middle,middle,middle,67.1,67.1,67.1,67.1,67.1,67.1,,,,,,,66.1,66.1,66.1,66.1,66.1,66.1,0.0,0.0,0.25,0.75,1.25,1.75,,,,,,,,,,,,,1.6828,1.6828,1.7578,1.9078,2.0578,2.2078,0,0,0,0,0,0
9146,Trebsen,51.288887,12.754723,,middle,middle,middle,middle,middle,middle,25.8,25.8,25.8,25.8,25.8,25.8,,,,,,,45.2,45.2,45.2,45.2,45.2,45.2,0.78,1.28,1.78,2.28,2.78,3.28,,,,,,,,,,,,,1.9444,2.0944,2.2444,2.3944,2.5444,2.6944,0,0,0,0,0,0
9147,Treuen i. V.,50.5425,12.307222,,middle,middle,middle,middle,middle,middle,81.2,81.2,81.2,81.2,81.2,81.2,,,,,,,68.1,68.1,68.1,68.1,68.1,68.1,0.5,1.0,1.5,2.0,2.5,3.0,,,,,,,,,,,,,1.844,1.994,2.144,2.294,2.444,2.594,0,0,0,0,0,0
9148,Unterwiesenthal,50.444721,13.011666,,middle,middle,middle,middle,middle,middle,84.9,84.9,84.9,84.9,84.9,84.9,,,,,,,1003.7,1003.7,1003.7,1003.7,1003.7,1003.7,0.0,0.0,0.5,1.0,1.5,2.0,,,,,,,,,,,,,2.765,2.765,2.915,3.065,3.215,3.365,0,0,0,0,0,0
9149,Waldenburg i. Sachsen,50.874443,12.602777,,middle,middle,middle,middle,middle,middle,46.7,46.7,46.7,46.7,46.7,46.7,,,,,,,108.3,108.3,108.3,108.3,108.3,108.3,0.85,1.35,1.85,2.35,2.85,3.35,,,,,,,,,,,,,2.1326,2.2826,2.4326,2.5826,2.7326,2.8826,0,0,0,0,0,0
9150,Waldheim,51.072777,13.017777,,middle,middle,middle,middle,middle,middle,31.3,31.3,31.3,31.3,31.3,31.3,,,,,,,72.5,72.5,72.5,72.5,72.5,72.5,3.5,4.0,4.5,5.0,5.5,6.0,,,,,,,,,,,,,2.8774,3.0274,3.1774,3.3274,3.4774,3.6274,0,0,0,0,0,0
9151,Wehlen,50.957222,14.033611,,middle,middle,middle,middle,middle,middle,2.0,2.0,2.0,2.0,2.0,2.0,,,,,,,62.6,62.6,62.6,62.6,62.6,62.6,0.75,1.25,1.75,2.25,2.75,3.25,,,,,,,,,,,,,2.3606,2.5106,2.6606,2.8106,2.9606,3.1106,2,2,2,2,2,2
9152,Weissenberg,51.196667,14.659166,8271.0,middle,middle,middle,middle,middle,middle,51.4,51.4,51.4,51.4,51.4,51.4,,,,,,,290.5,290.5,290.5,290.5,290.5,290.5,1.5,2.0,2.5,3.0,3.5,4.0,,,,,,,,,,,,,2.72,2.87,3.02,3.17,3.32,3.47,0,0,0,0,0,0
9153,Werdau,50.735832,12.378612,14380.0,middle,middle,middle,middle,middle,middle,59.6,59.6,59.6,59.6,59.6,59.6,,,,,,,118.2,118.2,118.2,118.2,118.2,118.2,0.7,1.2,1.7,2.2,2.7,3.2,,,,,,,,,,,,,2.1222,2.2722,2.4222,2.5722,2.7222,2.8722,0,0,0,0,0,0
9154,Wildenfels,50.66861,12.608611,,middle,middle,middle,middle,middle,middle,68.9,68.9,68.9,68.9,68.9,68.9,,,,,,,53.4,53.4,53.4,53.4,53.4,53.4,0.0,0.0,0.0,0.37,0.87,1.37,,,,,,,,,,,,,1.5984,1.5984,1.5984,1.7094,1.8594,2.0094,0,0,0,0,0,0
9155,Wilkau-Hasslau,50.673611,12.515278,,middle,middle,middle,middle,middle,middle,67.1,67.1,67.1,67.1,67.1,67.1,,,,,,,31.7,31.7,31.7,31.7,31.7,31.7,0.5,1.0,1.5,2.0,2.5,3.0,,,,,,,,,,,,,1.5452,1.6952,1.8452,1.9952,2.1452,2.2952,0,0,0,0,0,0
9156,Wilsdruff,51.051945,13.537222,14385.0,middle,middle,middle,middle,middle,middle,8.0,8.0,8.0,8.0,8.0,8.0,,,,,,,125.5,125.5,125.5,125.5,125.5,125.5,0.75,1.25,1.75,2.25,2.75,3.25,,,,,,,,,,,,,2.5612,2.7112,2.8612,3.0112,3.1612,3.3112,2,2,2,2,2,2
9157,Wolkenstein,50.656113,13.0675,8594.0,middle,middle,middle,middle,middle,middle,63.0,63.0,63.0,63.0,63.0,63.0,,,,,,,76.2,76.2,76.2,76.2,76.2,76.2,0.0,0.0,0.27,0.77,1.27,1.77,,,,,,,,,,,,,1.7386,1.7386,1.8196,1.9696,2.1196,2.2696,0,0,0,0,0,0
9158,Wurzen,51.36972,12.735,8655.0,middle,middle,middle,middle,middle,middle,26.7,26.7,26.7,26.7,26.7,26.7,,,,,,,167.2,167.2,167.2,167.2,167.2,167.2,2.89,3.39,3.89,4.39,4.89,5.39,,,,,,,,,,,,,3.0833,3.2333,3.3833,3.5333,3.6833,3.8333,0,0,0,0,0,0
9159,Zittau,50.896111,14.806111,8807.0,middle,middle,middle,middle,middle,middle,53.5,53.5,53.5,53.5,53.5,53.5,242.0,242.0,242.0,242.0,242.0,242.0,6039.8,6039.8,6039.8,6039.8,6039.8,6039.8,0.12,0.62,1.12,1.62,2.12,2.62,1500.0,2000.0,3500.0,5000.0,5000.0,5000.0,1.5,1.333,1.75,1.429,1.0,1.0,3.5185,3.6685,3.8185,3.9685,4.1185,4.2685,0,0,2,2,1,1
9160,Zoeblitz,50.657501,13.233611,,middle,middle,middle,middle,middle,middle,56.6,56.6,56.6,56.6,56.6,56.6,,,,,,,140.0,140.0,140.0,140.0,140.0,140.0,0.0,0.0,0.27,0.77,1.27,1.77,,,,,,,,,,,,,1.9796,1.9796,2.0606,2.2106,2.3606,2.5106,0,0,0,0,0,0
9161,Zschopau,50.747501,13.072222,,middle,middle,middle,middle,middle,middle,55.0,55.0,55.0,55.0,55.0,55.0,,,,,,,89.9,89.9,89.9,89.9,89.9,89.9,0.0,0.08,0.58,1.08,1.58,2.08,,,,,,,,,,,,,1.804,1.828,1.978,2.128,2.278,2.428,0,0,0,0,0,0
9162,Zwenkau,51.217499,12.327222,8860.0,middle,middle,middle,middle,middle,middle,7.2,7.2,7.2,7.2,7.2,7.2,,,,,,,67.8,67.8,67.8,67.8,67.8,67.8,2.79,3.29,3.79,4.29,4.79,5.29,,,,,,,,,,,,,2.9391,3.0891,3.2391,3.3891,3.5391,3.6891,2,2,2,2,2,2
9163,Zwickau,50.718887,12.492222,8862.0,middle,middle,middle,middle,middle,middle,61.9,61.9,61.9,61.9,61.9,61.9,267.0,267.0,267.0,267.0,267.0,267.0,60.5,60.5,60.5,60.5,60.5,60.5,1.32,1.82,2.32,2.82,3.32,3.82,2500.0,3000.0,2500.0,2000.0,3000.0,4000.0,1.25,1.2,0.833,0.8,1.5,1.333,2.0438,2.1938,2.3438,2.4938,2.6438,2.7938,0,2,0,0,2,2
9164,Zwoenitz,50.630001,12.810833,,middle,middle,middle,middle,middle,middle,77.2,77.2,77.2,77.2,77.2,77.2,,,,,,,41.6,41.6,41.6,41.6,41.6,41.6,0.0,0.0,0.0,0.0,0.19,0.69,,,,,,,,,,,,,1.5003,1.5003,1.5003,1.5003,1.5573,1.7073,0,0,0,0,0,0
10001,Allstedt,51.401669,11.384444,140.0,middle,middle,middle,middle,middle,middle,36.9,36.9,36.9,36.9,36.9,36.9,,,,,,,158.6,158.6,158.6,158.6,158.6,158.6,4.5,5.0,5.5,6.0,6.5,7.0,,,,,,,,,,,,,3.4174,3.5674,3.7174,3.8674,4.0174,4.1674,0,0,0,0,0,0
10002,Altenburg,50.986946,12.437222,186.0,middle,middle,middle,middle,middle,middle,31.9,31.9,31.9,31.9,31.9,31.9,227.0,227.0,227.0,227.0,227.0,227.0,113.6,113.6,113.6,113.6,113.6,113.6,2.74,3.24,3.74,4.24,4.74,5.24,1500.0,1000.0,2000.0,3000.0,3000.0,3000.0,0.75,0.667,2.0,1.5,1.0,1.0,2.8201,2.9701,3.1201,3.2701,3.4201,3.5701,0,0,0,2,1,1
10003,Apolda,51.025276,11.517222,12408.0,middle,middle,middle,middle,middle,middle,66.4,66.4,66.4,66.4,66.4,66.4,,,,,,,119.6,119.6,119.6,119.6,119.6,119.6,1.31,1.81,2.31,2.81,3.31,3.81,,,,,,,,,,,,,2.31,2.46,2.61,2.76,2.91,3.06,0,0,0,0,0,0
10004,Arnstadt,50.833057,10.946389,301.0,middle,middle,middle,middle,middle,middle,70.5,70.5,70.5,70.5,70.5,70.5,,,,,,,181.0,181.0,181.0,181.0,181.0,181.0,5.46,5.96,6.46,6.96,7.46,7.96,,,,,,,,,,,,,3.7196,3.8696,4.0196,4.1696,4.3196,4.4696,0,0,0,0,0,0
10005,Auma,50.699722,11.900833,350.0,middle,middle,middle,middle,middle,middle,72.0,72.0,72.0,72.0,72.0,72.0,,,,,,,81.4,81.4,81.4,81.4,81.4,81.4,0.0,0.0,0.22,0.72,1.22,1.72,,,,,,,,,,,,,1.7648,1.7648,1.8308,1.9808,2.1308,2.2808,0,0,0,0,0,0
10006,Berga a. d. Elster,50.753056,12.164444,12409.0,middle,middle,middle,middle,middle,middle,59.7,59.7,59.7,59.7,59.7,59.7,,,,,,,117.8,117.8,117.8,117.8,117.8,117.8,0.0,0.0,0.44,0.94,1.44,1.94,,,,,,,,,,,,,1.9108,1.9108,2.0428,2.1928,2.3428,2.4928,0,0,0,0,0,0
10007,Bad Berka,50.899445,11.283055,12410.0,middle,middle,middle,middle,middle,middle,85.7,85.7,85.7,85.7,85.7,85.7,,,,,,,71.3,71.3,71.3,71.3,71.3,71.3,1.31,1.81,2.31,2.81,3.31,3.81,,,,,,,,,,,,,2.1054,2.2554,2.4054,2.5554,2.7054,2.8554,0,0,0,0,0,0
10008,Berla a. d. Werra,50.939167,10.068334,,middle,middle,middle,middle,middle,middle,21.2,21.2,21.2,21.2,21.2,21.2,,,,,,,247.2,247.2,247.2,247.2,247.2,247.2,4.5,5.0,5.5,6.0,6.5,7.0,,,,,,,,,,,,,3.7907,3.9407,4.0907,4.2407,4.3907,4.5407,0,0,0,0,0,0
10009,Bad Blankenburg,50.684723,11.261389,12411.0,middle,middle,middle,middle,middle,middle,98.1,98.1,98.1,98.1,98.1,98.1,,,,,,,100.3,100.3,100.3,100.3,100.3,100.3,1.13,1.63,2.13,2.63,3.13,3.63,,,,,,,,,,,,,2.1862,2.3362,2.4862,2.6362,2.7862,2.9362,0,0,0,0,0,0
10010,Blankenhain,50.859722,11.342222,713.0,middle,middle,middle,middle,middle,middle,86.0,86.0,86.0,86.0,86.0,86.0,,,,,,,81.1,81.1,81.1,81.1,81.1,81.1,0.0,0.48,0.98,1.48,1.98,2.48,,,,,,,,,,,,,1.7633,1.9073,2.0573,2.2073,2.3573,2.5073,0,0,0,0,0,0
10011,Buergel,50.942223,11.759167,12412.0,middle,middle,middle,middle,middle,middle,57.0,57.0,57.0,57.0,57.0,57.0,,,,,,,106.6,106.6,106.6,106.6,106.6,106.6,1.17,1.67,2.17,2.67,3.17,3.67,,,,,,,,,,,,,2.2224,2.3724,2.5224,2.6724,2.8224,2.9724,0,0,0,0,0,0
10012,Buttelstedt,51.075554,11.344722,1150.0,middle,middle,middle,middle,middle,middle,66.3,66.3,66.3,66.3,66.3,66.3,,,,,,,89.7,89.7,89.7,89.7,89.7,89.7,1.31,1.81,2.31,2.81,3.31,3.81,,,,,,,,,,,,,2.1959,2.3459,2.4959,2.6459,2.7959,2.9459,0,0,0,0,0,0
10013,Buttstaedt,51.121113,11.416389,11575.0,middle,middle,middle,middle,middle,middle,59.5,59.5,59.5,59.5,59.5,59.5,,,,,,,77.6,77.6,77.6,77.6,77.6,77.6,1.83,2.33,2.83,3.33,3.83,4.33,,,,,,,,,,,,,2.2946,2.4446,2.5946,2.7446,2.8946,3.0446,0,0,0,0,0,0
10014,Camburg,51.053612,11.711389,1166.0,middle,middle,middle,middle,middle,middle,52.8,52.8,52.8,52.8,52.8,52.8,,,,,,,60.4,60.4,60.4,60.4,60.4,60.4,0.84,1.34,1.84,2.34,2.84,3.34,,,,,,,,,,,,,1.8989,2.0489,2.1989,2.3489,2.4989,2.6489,0,0,0,0,0,0
10015,Clingen,51.233891,10.930555,,middle,middle,middle,middle,middle,middle,57.4,57.4,57.4,57.4,57.4,57.4,,,,,,,65.7,65.7,65.7,65.7,65.7,65.7,0.0,0.0,0.15,0.65,1.15,1.65,,,,,,,,,,,,,1.6803,1.6803,1.7253,1.8753,2.0253,2.1753,0,0,0,0,0,0
10016,Creuzburg,51.051666,10.242222,1257.0,middle,middle,middle,middle,middle,middle,17.6,17.6,17.6,17.6,17.6,17.6,,,,,,,169.2,169.2,169.2,169.2,169.2,169.2,2.77,3.27,3.77,4.27,4.77,5.27,,,,,,,,,,,,,3.1657,3.3157,3.4657,3.6157,3.7657,3.9157,0,0,0,0,0,0
10017,Dornburg,51.00639,11.665277,1529.0,middle,middle,middle,middle,middle,middle,58.2,58.2,58.2,58.2,58.2,58.2,,,,,,,72.1,72.1,72.1,72.1,72.1,72.1,3.13,3.63,4.13,4.63,5.13,5.63,,,,,,,,,,,,,2.656,2.806,2.956,3.106,3.256,3.406,0,0,0,0,0,0
10018,Ebeleben,51.287224,10.739445,,middle,middle,middle,middle,middle,middle,45.2,45.2,45.2,45.2,45.2,45.2,,,,,,,148.3,148.3,148.3,148.3,148.3,148.3,0.0,0.47,0.97,1.47,1.97,2.47,,,,,,,,,,,,,2.0025,2.1435,2.2935,2.4435,2.5935,2.7435,0,0,0,0,0,0
10019,Eisenach,50.977222,10.322222,1737.0,middle,middle,middle,middle,middle,middle,27.6,27.6,27.6,27.6,27.6,27.6,215.0,215.0,215.0,215.0,215.0,215.0,206.3,206.3,206.3,206.3,206.3,206.3,0.0,0.0,0.0,0.0,0.0,0.0,1500.0,2000.0,1500.0,1000.0,2500.0,4000.0,1.5,1.333,0.75,0.667,2.5,1.6,2.2888,2.2888,2.2888,2.2888,2.2888,2.2888,0,0,0,0,0,2
10020,Eisenberg,50.967499,11.901111,12413.0,middle,middle,middle,middle,middle,middle,47.8,47.8,47.8,47.8,47.8,47.8,,,,,,,119.4,119.4,119.4,119.4,119.4,119.4,0.79,1.29,1.79,2.29,2.79,3.29,,,,,,,,,,,,,2.1532,2.3032,2.4532,2.6032,2.7532,2.9032,0,0,0,0,0,0
10021,Eisfeld,50.427223,10.907222,1740.0,middle,middle,middle,middle,middle,middle,97.4,97.4,97.4,97.4,97.4,97.4,,,,,,,181.8,181.8,181.8,181.8,181.8,181.8,4.5,5.0,5.5,6.0,6.5,7.0,,,,,,,,,,,,,3.4333,3.5833,3.7333,3.8833,4.0333,4.1833,0,0,0,0,0,0
10022,Bad Frankenhausen,51.354443,11.104722,10036.0,middle,middle,middle,middle,middle,middle,55.7,55.7,55.7,55.7,55.7,55.7,,,,,,,134.5,134.5,134.5,134.5,134.5,134.5,3.5,4.0,4.5,5.0,5.5,6.0,,,,,,,,,,,,,3.0137,3.1637,3.3137,3.4637,3.6137,3.7637,0,0,0,0,0,0
10023,Friedrichsroda,50.860001,10.573889,12414.0,middle,middle,middle,middle,middle,middle,48.7,48.7,48.7,48.7,48.7,48.7,,,,,,,97.7,97.7,97.7,97.7,97.7,97.7,0.41,0.91,1.41,1.91,2.41,2.91,,,,,,,,,,,,,1.9599,2.1099,2.2599,2.4099,2.5599,2.7099,0,0,0,0,0,0
10024,Gehren,50.648613,11.003333,,middle,middle,middle,middle,middle,middle,86.6,86.6,86.6,86.6,86.6,86.6,,,,,,,48.4,48.4,48.4,48.4,48.4,48.4,0.0,0.01,0.51,1.01,1.51,2.01,,,,,,,,,,,,,1.5596,1.5626,1.7126,1.8626,2.0126,2.1626,0,0,0,0,0,0
10025,Geisa,50.716667,9.9497223,12415.0,middle,middle,middle,middle,middle,middle,24.6,24.6,24.6,24.6,24.6,24.6,,,,,,,212.6,212.6,212.6,212.6,212.6,212.6,5.06,5.56,6.06,6.56,7.06,7.56,,,,,,,,,,,,,3.8566,4.0066,4.1566,4.3066,4.4566,4.6066,0,0,0,0,0,0
10026,Gera,50.87611,12.080277,2164.0,middle,middle,middle,middle,middle,middle,48.8,48.8,48.8,48.8,48.8,48.8,,,,,,,74.0,74.0,74.0,74.0,74.0,74.0,1.44,1.94,2.44,2.94,3.44,3.94,,,,,,,,,,,,,2.1592,2.3092,2.4592,2.6092,2.7592,2.9092,0,0,0,0,0,0
10027,Goessnitz,50.888332,12.433611,,middle,middle,middle,middle,middle,middle,42.8,42.8,42.8,42.8,42.8,42.8,,,,,,,58.3,58.3,58.3,58.3,58.3,58.3,0.0,0.49,0.99,1.49,1.99,2.49,,,,,,,,,,,,,1.6333,1.7803,1.9303,2.0803,2.2303,2.3803,0,0,0,0,0,0
10028,Gotha,50.948612,10.703333,2347.0,middle,middle,middle,middle,middle,middle,49.2,49.2,49.2,49.2,49.2,49.2,290.0,290.0,290.0,290.0,290.0,290.0,239.9,239.9,239.9,239.9,239.9,239.9,4.75,5.25,5.75,6.25,6.75,7.25,4500.0,5000.0,4000.0,3000.0,3000.0,3000.0,1.125,1.111,0.8,0.75,1.0,1.0,3.6188,3.7688,3.9188,4.0688,4.2188,4.3688,2,2,1,1,1,1
10029,Graefenthal,50.525002,11.307777,2375.0,middle,middle,middle,middle,middle,middle,111.7,111.7,111.7,111.7,111.7,111.7,,,,,,,147.7,147.7,147.7,147.7,147.7,147.7,0.0,0.0,0.13,0.63,1.13,1.63,,,,,,,,,,,,,2.0007,2.0007,2.0397,2.1897,2.3397,2.4897,0,0,0,0,0,0
10030,Greiz,50.654724,12.201389,12416.0,middle,middle,middle,middle,middle,middle,69.8,69.8,69.8,69.8,69.8,69.8,,,,,,,70.1,70.1,70.1,70.1,70.1,70.1,0.12,0.62,1.12,1.62,2.12,2.62,,,,,,,,,,,,,1.7419,1.8919,2.0419,2.1919,2.3419,2.4919,0,0,0,0,0,0
10031,Greussen,51.228054,10.943889,2417.0,middle,middle,middle,middle,middle,middle,58.2,58.2,58.2,58.2,58.2,58.2,,,,,,,75.1,75.1,75.1,75.1,75.1,75.1,3.9,4.4,4.9,5.4,5.9,6.4,,,,,,,,,,,,,2.9028,3.0528,3.2028,3.3528,3.5028,3.6528,0,0,0,0,0,0
10032,Grossbreitenbach,50.580833,11.004723,12420.0,middle,middle,middle,middle,middle,middle,92.1,92.1,92.1,92.1,92.1,92.1,,,,,,,145.6,145.6,145.6,145.6,145.6,145.6,0.0,0.0,0.0,0.01,0.51,1.01,,,,,,,,,,,,,1.9951,1.9951,1.9951,1.9981,2.1481,2.2981,0,0,0,0,0,0
10033,Grossenehrich,51.25,10.829722,12424.0,middle,middle,middle,middle,middle,middle,50.6,50.6,50.6,50.6,50.6,50.6,,,,,,,88.2,88.2,88.2,88.2,88.2,88.2,5.0,5.5,6.0,6.5,7.0,7.5,,,,,,,,,,,,,3.2964,3.4464,3.5964,3.7464,3.8964,4.0464,0,0,0,0,0,0
10034,Heldburg,50.279999,10.725278,12425.0,middle,middle,middle,middle,middle,middle,97.5,97.5,97.5,97.5,97.5,97.5,,,,,,,195.1,195.1,195.1,195.1,195.1,195.1,4.13,4.63,5.13,5.63,6.13,6.63,,,,,,,,,,,,,3.3505,3.5005,3.6505,3.8005,3.9505,4.1005,0,0,0,0,0,0
10035,Hildburghausen,50.425556,10.728889,3048.0,middle,middle,middle,middle,middle,middle,87.1,87.1,87.1,87.1,87.1,87.1,,,,,,,119.4,119.4,119.4,119.4,119.4,119.4,0.16,0.66,1.16,1.66,2.16,2.66,,,,,,,,,,,,,1.9645,2.1145,2.2645,2.4145,2.5645,2.7145,0,0,0,0,0,0
10036,Hirschberg (Saale),50.405834,11.818611,,middle,middle,middle,middle,middle,middle,104.1,104.1,104.1,104.1,104.1,104.1,,,,,,,52.1,52.1,52.1,52.1,52.1,52.1,0.5,1.0,1.5,2.0,2.5,3.0,,,,,,,,,,,,,1.7391,1.8891,2.0391,2.1891,2.3391,2.4891,0,0,0,0,0,0
10037,Hohenleuben,50.711666,12.051111,,middle,middle,middle,middle,middle,middle,66.5,66.5,66.5,66.5,66.5,66.5,,,,,,,58.9,58.9,58.9,58.9,58.9,58.9,0.0,0.33,0.83,1.33,1.83,2.33,,,,,,,,,,,,,1.6373,1.7363,1.8863,2.0363,2.1863,2.3363,0,0,0,0,0,0
10038,Ilmenau,50.685833,10.915556,3305.0,middle,middle,middle,middle,middle,middle,79.3,79.3,79.3,79.3,79.3,79.3,,,,,,,152.5,152.5,152.5,152.5,152.5,152.5,0.0,0.0,0.5,1.0,1.5,2.0,,,,,,,,,,,,,2.0136,2.0136,2.1636,2.3136,2.4636,2.6136,0,0,0,0,0,0
10039,Jena,50.93,11.591666,3411.0,middle,middle,middle,middle,middle,middle,67.1,67.1,67.1,67.1,67.1,67.1,143.0,143.0,143.0,143.0,143.0,143.0,84.1,84.1,84.1,84.1,84.1,84.1,3.69,4.19,4.69,5.19,5.69,6.19,500.0,1000.0,1000.0,1000.0,1000.0,1000.0,,2.0,1.0,1.0,1.0,1.0,2.8846,3.0346,3.1846,3.3346,3.4846,3.6346,0,0,0,0,0,0
10040,Kahla,50.800278,11.583333,3474.0,middle,middle,middle,middle,middle,middle,76.7,76.7,76.7,76.7,76.7,76.7,,,,,,,87.0,87.0,87.0,87.0,87.0,87.0,3.9,4.4,4.9,5.4,5.9,6.4,,,,,,,,,,,,,2.9609,3.1109,3.2609,3.4109,3.5609,3.7109,0,0,0,0,0,0
10041,Kaltennordheim,50.626667,10.156111,17721.0,middle,middle,middle,middle,middle,middle,41.7,41.7,41.7,41.7,41.7,41.7,,,,,,,179.9,179.9,179.9,179.9,179.9,179.9,4.55,5.05,5.55,6.05,6.55,7.05,,,,,,,,,,,,,3.4443,3.5943,3.7443,3.8943,4.0443,4.1943,0,0,0,0,0,0
10042,Koenigsee,50.662777,11.1025,12426.0,middle,middle,middle,middle,middle,middle,90.7,90.7,90.7,90.7,90.7,90.7,,,,,,,97.1,97.1,97.1,97.1,97.1,97.1,0.51,1.01,1.51,2.01,2.51,3.01,,,,,,,,,,,,,1.9874,2.1374,2.2874,2.4374,2.5874,2.7374,0,0,0,0,0,0
10043,Bad Koestritz,50.93,12.010834,,middle,middle,middle,middle,middle,middle,46.1,46.1,46.1,46.1,46.1,46.1,,,,,,,92.8,92.8,92.8,92.8,92.8,92.8,0.0,0.0,0.3,0.8,1.3,1.8,,,,,,,,,,,,,1.8164,1.8164,1.9064,2.0564,2.2064,2.3564,0,0,0,0,0,0
10044,Kranichfeld,50.854443,11.201667,17425.0,middle,middle,middle,middle,middle,middle,84.8,84.8,84.8,84.8,84.8,84.8,,,,,,,127.7,127.7,127.7,127.7,127.7,127.7,1.07,1.57,2.07,2.57,3.07,3.57,,,,,,,,,,,,,2.2641,2.4141,2.5641,2.7141,2.8641,3.0141,0,0,0,0,0,0
10045,Langenberg (Gera),50.919724,12.0525,,middle,middle,middle,middle,middle,middle,45.5,45.5,45.5,45.5,45.5,45.5,,,,,,,61.7,61.7,61.7,61.7,61.7,61.7,1.9,2.4,2.9,3.4,3.9,4.4,,,,,,,,,,,,,2.2254,2.3754,2.5254,2.6754,2.8254,2.9754,0,0,0,0,0,0
10046,Langewiesen,50.671391,10.97,,middle,middle,middle,middle,middle,middle,83.1,83.1,83.1,83.1,83.1,83.1,,,,,,,58.5,58.5,58.5,58.5,58.5,58.5,0.52,1.02,1.52,2.02,2.52,3.02,,,,,,,,,,,,,1.7902,1.9402,2.0902,2.2402,2.3902,2.5402,0,0,0,0,0,0
10047,Lehesten,50.475555,11.448055,10617.0,middle,middle,middle,middle,middle,middle,110.2,110.2,110.2,110.2,110.2,110.2,,,,,,,64.6,64.6,64.6,64.6,64.6,64.6,1.79,2.29,2.79,3.29,3.79,4.29,,,,,,,,,,,,,2.2106,2.3606,2.5106,2.6606,2.8106,2.9606,0,0,0,0,0,0
10048,Leutenberg,50.562778,11.456944,10616.0,middle,middle,middle,middle,middle,middle,102.2,102.2,102.2,102.2,102.2,102.2,,,,,,,118.7,118.7,118.7,118.7,118.7,118.7,0.63,1.13,1.63,2.13,2.63,3.13,,,,,,,,,,,,,2.1029,2.2529,2.4029,2.5529,2.7029,2.8529,0,0,0,0,0,0
10049,Lobeda,50.882221,11.623333,12427.0,middle,middle,middle,middle,middle,middle,68.6,68.6,68.6,68.6,68.6,68.6,,,,,,,69.8,69.8,69.8,69.8,69.8,69.8,0.94,1.44,1.94,2.44,2.94,3.44,,,,,,,,,,,,,1.9857,2.1357,2.2857,2.4357,2.5857,2.7357,0,0,0,0,0,0
10050,Lobenstein,50.447777,11.64,4526.0,middle,middle,middle,middle,middle,middle,105.5,105.5,105.5,105.5,105.5,105.5,,,,,,,94.9,94.9,94.9,94.9,94.9,94.9,0.0,0.5,1.0,1.5,2.0,2.5,,,,,,,,,,,,,1.8255,1.9755,2.1255,2.2755,2.4255,2.5755,0,0,0,0,0,0
10051,Lucka,51.097778,12.331111,12428.0,middle,middle,middle,middle,middle,middle,19.7,19.7,19.7,19.7,19.7,19.7,,,,,,,62.9,62.9,62.9,62.9,62.9,62.9,0.0,0.0,0.43,0.93,1.43,1.93,,,,,,,,,,,,,1.917,1.917,2.046,2.196,2.346,2.496,0,0,0,0,0,0
10052,Magdala,50.906666,11.447778,12429.0,middle,middle,middle,middle,middle,middle,77.0,77.0,77.0,77.0,77.0,77.0,,,,,,,137.6,137.6,137.6,137.6,137.6,137.6,3.76,4.26,4.76,5.26,5.76,6.26,,,,,,,,,,,,,3.1005,3.2505,3.4005,3.5505,3.7005,3.8505,0,0,0,0,0,0
10053,Meiningen,50.57111,10.419444,4850.0,middle,middle,middle,middle,middle,middle,59.9,59.9,59.9,59.9,59.9,59.9,287.0,287.0,287.0,287.0,287.0,287.0,241.1,241.1,241.1,241.1,241.1,241.1,2.68,3.18,3.68,4.18,4.68,5.18,2000.0,2000.0,1500.0,1000.0,1500.0,2000.0,1.0,1.0,0.75,0.667,1.5,1.333,2.9998,3.1498,3.2998,3.4498,3.5998,3.7498,0,0,0,0,0,0
10054,Meuselwitz,51.042221,12.297778,,middle,middle,middle,middle,middle,middle,26.2,26.2,26.2,26.2,26.2,26.2,,,,,,,133.8,133.8,133.8,133.8,133.8,133.8,1.11,1.61,2.11,2.61,3.11,3.61,,,,,,,,,,,,,2.4668,2.6168,2.7668,2.9168,3.0668,3.2168,0,0,0,0,0,0
10055,Muenchenbernsdorf,50.82,11.931945,,middle,middle,middle,middle,middle,middle,59.3,59.3,59.3,59.3,59.3,59.3,,,,,,,139.7,139.7,139.7,139.7,139.7,139.7,0.0,0.5,1.0,1.5,2.0,2.5,,,,,,,,,,,,,1.9787,2.1287,2.2787,2.4287,2.5787,2.7287,0,0,0,0,0,0
10056,Neuhaus am Rennweg,50.508335,11.134444,,middle,middle,middle,middle,middle,middle,104.2,104.2,104.2,104.2,104.2,104.2,,,,,,,100.3,100.3,100.3,100.3,100.3,100.3,0.0,0.0,0.0,0.0,0.0,0.0,,,,,,,,,,,,,1.8473,1.8473,1.8473,1.8473,1.8473,1.8473,0,0,0,0,0,0
10057,Neumark,51.078888,11.245,,middle,middle,middle,middle,middle,middle,69.7,69.7,69.7,69.7,69.7,69.7,,,,,,,154.4,154.4,154.4,154.4,154.4,154.4,0.02,0.52,1.02,1.52,2.02,2.52,,,,,,,,,,,,,2.0245,2.1745,2.3245,2.4745,2.6245,2.7745,0,0,0,0,0,0
10058,Neustadt an der Orla,50.735554,11.7425,12430.0,middle,middle,middle,middle,middle,middle,74.6,74.6,74.6,74.6,74.6,74.6,,,,,,,144.8,144.8,144.8,144.8,144.8,144.8,0.0,0.13,0.63,1.13,1.63,2.13,,,,,,,,,,,,,1.9928,2.0318,2.1818,2.3318,2.4818,2.6318,0,0,0,0,0,0
10059,Oberlind,50.341389,11.181945,,middle,middle,middle,middle,middle,middle,119.0,119.0,119.0,119.0,119.0,119.0,,,,,,,98.9,98.9,98.9,98.9,98.9,98.9,0.25,0.75,1.25,1.75,2.25,2.75,,,,,,,,,,,,,1.9167,2.0667,2.2167,2.3667,2.5167,2.6667,0,0,0,0,0,0
10060,Oberweissbach,50.582779,11.144167,,middle,middle,middle,middle,middle,middle,98.8,98.8,98.8,98.8,98.8,98.8,,,,,,,100.9,100.9,100.9,100.9,100.9,100.9,0.0,0.0,0.0,0.0,0.0,0.22,,,,,,,,,,,,,1.8494,1.8494,1.8494,1.8494,1.8494,1.9154,0,0,0,0,0,0
10061,Ohrdruf,50.827778,10.733055,10107.0,middle,middle,middle,middle,middle,middle,59.1,59.1,59.1,59.1,59.1,59.1,,,,,,,195.8,195.8,195.8,195.8,195.8,195.8,5.26,5.76,6.26,6.76,7.26,7.76,,,,,,,,,,,,,3.6909,3.8409,3.9909,4.1409,4.2909,4.4409,0,0,0,0,0,0
10062,Orlamuende,50.774166,11.52,5683.0,middle,middle,middle,middle,middle,middle,81.9,81.9,81.9,81.9,81.9,81.9,,,,,,,127.3,127.3,127.3,127.3,127.3,127.3,1.79,2.29,2.79,3.29,3.79,4.29,,,,,,,,,,,,,2.4789,2.6289,2.7789,2.9289,3.0789,3.2289,0,0,0,0,0,0
10064,Plaue,50.778889,10.898056,5970.0,middle,middle,middle,middle,middle,middle,71.4,71.4,71.4,71.4,71.4,71.4,,,,,,,124.4,124.4,124.4,124.4,124.4,124.4,0.28,0.78,1.28,1.78,2.28,2.78,,,,,,,,,,,,,2.0167,2.1667,2.3167,2.4667,2.6167,2.7667,0,0,0,0,0,0
10065,Poessneck,50.693333,11.593056,10699.0,middle,middle,middle,middle,middle,middle,84.9,84.9,84.9,84.9,84.9,84.9,,,,,,,70.1,70.1,70.1,70.1,70.1,70.1,0.0,0.0,0.26,0.76,1.26,1.76,,,,,,,,,,,,,1.7057,1.7057,1.7837,1.9337,2.0837,2.2337,0,0,0,0,0,0
10066,Rastenberg,51.175556,11.419723,12431.0,middle,middle,middle,middle,middle,middle,54.1,54.1,54.1,54.1,54.1,54.1,,,,,,,91.9,91.9,91.9,91.9,91.9,91.9,0.0,0.48,0.98,1.48,1.98,2.48,,,,,,,,,,,,,1.8127,1.9567,2.1067,2.2567,2.4067,2.5567,0,0,0,0,0,0
10067,Remda,50.759167,11.228333,12432.0,middle,middle,middle,middle,middle,middle,91.6,91.6,91.6,91.6,91.6,91.6,,,,,,,82.3,82.3,82.3,82.3,82.3,82.3,4.5,5.0,5.5,6.0,6.5,7.0,,,,,,,,,,,,,3.1189,3.2689,3.4189,3.5689,3.7189,3.8689,0,0,0,0,0,0
10068,Roemhild,50.398335,10.540277,6505.0,middle,middle,middle,middle,middle,middle,78.9,78.9,78.9,78.9,78.9,78.9,,,,,,,210.6,210.6,210.6,210.6,210.6,210.6,4.5,5.0,5.5,6.0,6.5,7.0,,,,,,,,,,,,,3.4919,3.6419,3.7919,3.9419,4.0919,4.2419,0,0,0,0,0,0
10069,Ronneburg,50.863335,12.184722,12433.0,middle,middle,middle,middle,middle,middle,47.5,47.5,47.5,47.5,47.5,47.5,,,,,,,161.7,161.7,161.7,161.7,161.7,161.7,0.41,0.91,1.41,1.91,2.41,2.91,,,,,,,,,,,,,2.1596,2.3096,2.4596,2.6096,2.7596,2.9096,0,0,0,0,0,0
10070,Rudolstadt,50.721111,11.343611,6599.0,middle,middle,middle,middle,middle,middle,95.1,95.1,95.1,95.1,95.1,95.1,,,,,,,84.8,84.8,84.8,84.8,84.8,84.8,4.5,5.0,5.5,6.0,6.5,7.0,,,,,,,,,,,,,3.1308,3.2808,3.4308,3.5808,3.7308,3.8808,0,0,0,0,0,0
10071,Ruhla,50.892502,10.365556,,middle,middle,middle,middle,middle,middle,37.3,37.3,37.3,37.3,37.3,37.3,,,,,,,212.4,212.4,212.4,212.4,212.4,212.4,0.0,0.0,0.0,0.22,0.72,1.22,,,,,,,,,,,,,2.1794,2.1794,2.1794,2.2454,2.3954,2.5454,0,0,0,0,0,0
10072,Saalburg,50.502499,11.733611,6658.0,middle,middle,middle,middle,middle,middle,96.9,96.9,96.9,96.9,96.9,96.9,,,,,,,94.9,94.9,94.9,94.9,94.9,94.9,0.34,0.84,1.34,1.84,2.34,2.84,,,,,,,,,,,,,1.9274,2.0774,2.2274,2.3774,2.5274,2.6774,0,0,0,0,0,0
10073,Saalfeld/Saale,50.648056,11.360833,6661.0,middle,middle,middle,middle,middle,middle,99.7,99.7,99.7,99.7,99.7,99.7,,,,,,,110.9,110.9,110.9,110.9,110.9,110.9,3.51,4.01,4.51,5.01,5.51,6.01,,,,,,,,,,,,,2.94,3.09,3.24,3.39,3.54,3.69,0,0,0,0,0,0
10074,Bad Salzungen,50.811668,10.231944,6711.0,middle,middle,middle,middle,middle,middle,35.2,35.2,35.2,35.2,35.2,35.2,,,,,,,204.9,204.9,204.9,204.9,204.9,204.9,4.75,5.25,5.75,6.25,6.75,7.25,,,,,,,,,,,,,3.6165,3.7665,3.9165,4.0665,4.2165,4.3665,0,0,0,0,0,0
10075,Schalkau,50.393612,11.005,6803.0,middle,middle,middle,middle,middle,middle,105.2,105.2,105.2,105.2,105.2,105.2,,,,,,,141.8,141.8,141.8,141.8,141.8,141.8,0.18,0.68,1.18,1.68,2.18,2.68,,,,,,,,,,,,,2.0387,2.1887,2.3387,2.4887,2.6387,2.7887,0,0,0,0,0,0
10076,Schleiz,50.577221,11.807222,6878.0,middle,middle,middle,middle,middle,middle,87.2,87.2,87.2,87.2,87.2,87.2,,,,,,,123.8,123.8,123.8,123.8,123.8,123.8,0.18,0.68,1.18,1.68,2.18,2.68,,,,,,,,,,,,,1.9846,2.1346,2.2846,2.4346,2.5846,2.7346,0,0,0,0,0,0
10077,Schlotheim,51.246113,10.658334,6890.0,middle,middle,middle,middle,middle,middle,38.7,38.7,38.7,38.7,38.7,38.7,,,,,,,164.0,164.0,164.0,164.0,164.0,164.0,3.76,4.26,4.76,5.26,5.76,6.26,,,,,,,,,,,,,3.1863,3.3363,3.4863,3.6363,3.7863,3.9363,0,0,0,0,0,0
10078,Schmoelln,50.892776,12.350278,12644.0,middle,middle,middle,middle,middle,middle,42.2,42.2,42.2,42.2,42.2,42.2,,,,,,,122.7,122.7,122.7,122.7,122.7,122.7,1.5,2.0,2.5,3.0,3.5,4.0,,,,,,,,,,,,,2.3773,2.5273,2.6773,2.8273,2.9773,3.1273,0,0,0,0,0,0
10079,Sondershausen,51.370277,10.869722,7261.0,middle,middle,middle,middle,middle,middle,56.6,56.6,56.6,56.6,56.6,56.6,,,,,,,133.8,133.8,133.8,133.8,133.8,133.8,0.76,1.26,1.76,2.26,2.76,3.26,,,,,,,,,,,,,2.1895,2.3395,2.4895,2.6395,2.7895,2.9395,0,0,0,0,0,0
10080,Sonneberg,50.357498,11.175555,12437.0,middle,middle,middle,middle,middle,middle,117.6,117.6,117.6,117.6,117.6,117.6,,,,,,,46.6,46.6,46.6,46.6,46.6,46.6,0.0,0.4,0.9,1.4,1.9,2.4,,,,,,,,,,,,,1.545,1.665,1.815,1.965,2.115,2.265,0,0,0,0,0,0
10081,Stadtilm,50.775002,11.081388,12438.0,middle,middle,middle,middle,middle,middle,82.0,82.0,82.0,82.0,82.0,82.0,,,,,,,151.8,151.8,151.8,151.8,151.8,151.8,1.36,1.86,2.36,2.86,3.36,3.86,,,,,,,,,,,,,2.4196,2.5696,2.7196,2.8696,3.0196,3.1696,0,0,0,0,0,0
10082,Stadtlengsfeld,50.782223,10.130834,12439.0,middle,middle,middle,middle,middle,middle,30.3,30.3,30.3,30.3,30.3,30.3,,,,,,,140.3,140.3,140.3,140.3,140.3,140.3,0.95,1.45,1.95,2.45,2.95,3.45,,,,,,,,,,,,,2.3868,2.5368,2.6868,2.8368,2.9868,3.1368,0,0,0,0,0,0
10083,Stadtroda,50.857777,11.7275,12440.0,middle,middle,middle,middle,middle,middle,65.0,65.0,65.0,65.0,65.0,65.0,,,,,,,117.4,117.4,117.4,117.4,117.4,117.4,0.22,0.72,1.22,1.72,2.22,2.72,,,,,,,,,,,,,1.9755,2.1255,2.2755,2.4255,2.5755,2.7255,0,0,0,0,0,0
10084,Steinach,50.43222,11.158055,,middle,middle,middle,middle,middle,middle,111.6,111.6,111.6,111.6,111.6,111.6,,,,,,,102.4,102.4,102.4,102.4,102.4,102.4,0.0,0.0,0.0,0.0,0.0,0.0,,,,,,,,,,,,,1.8556,1.8556,1.8556,1.8556,1.8556,1.8556,0,0,0,0,0,0
10085,Bad Sulza,51.086945,11.623611,12441.0,middle,middle,middle,middle,middle,middle,56.9,56.9,56.9,56.9,56.9,56.9,,,,,,,69.5,69.5,69.5,69.5,69.5,69.5,3.69,4.19,4.69,5.19,5.69,6.19,,,,,,,,,,,,,2.8093,2.9593,3.1093,3.2593,3.4093,3.5593,0,0,0,0,0,0
10086,Tambach-Dietharz,50.791943,10.608055,,middle,middle,middle,middle,middle,middle,56.0,56.0,56.0,56.0,56.0,56.0,,,,,,,159.5,159.5,159.5,159.5,159.5,159.5,0.5,1.0,1.5,2.0,2.5,3.0,,,,,,,,,,,,,2.1813,2.3313,2.4813,2.6313,2.7813,2.9313,0,0,0,0,0,0
10087,Tanna,50.493332,11.856389,12442.0,middle,middle,middle,middle,middle,middle,94.1,94.1,94.1,94.1,94.1,94.1,,,,,,,60.1,60.1,60.1,60.1,60.1,60.1,0.18,0.68,1.18,1.68,2.18,2.68,,,,,,,,,,,,,1.6991,1.8491,1.9991,2.1491,2.2991,2.4491,0,0,0,0,0,0
10088,Tannroda,50.858612,11.2475,,middle,middle,middle,middle,middle,middle,87.5,87.5,87.5,87.5,87.5,87.5,,,,,,,38.6,38.6,38.6,38.6,38.6,38.6,1.4,1.9,2.4,2.9,3.4,3.9,,,,,,,,,,,,,1.8919,2.0419,2.1919,2.3419,2.4919,2.6419,0,0,0,0,0,0
10089,Teichel,50.786667,11.311944,12443.0,middle,middle,middle,middle,middle,middle,92.4,92.4,92.4,92.4,92.4,92.4,,,,,,,59.2,59.2,59.2,59.2,59.2,59.2,1.74,2.24,2.74,3.24,3.74,4.24,,,,,,,,,,,,,2.1611,2.3111,2.4611,2.6111,2.7611,2.9111,0,0,0,0,0,0
10090,Themar,50.504444,10.617222,7682.0,middle,middle,middle,middle,middle,middle,75.5,75.5,75.5,75.5,75.5,75.5,,,,,,,164.7,164.7,164.7,164.7,164.7,164.7,4.54,5.04,5.54,6.04,6.54,7.04,,,,,,,,,,,,,3.406,3.556,3.706,3.856,4.006,4.156,0,0,0,0,0,0
10091,Triebes,50.684166,12.019722,,middle,middle,middle,middle,middle,middle,70.1,70.1,70.1,70.1,70.1,70.1,,,,,,,56.1,56.1,56.1,56.1,56.1,56.1,0.41,0.91,1.41,1.91,2.41,2.91,,,,,,,,,,,,,1.741,1.891,2.041,2.191,2.341,2.491,0,0,0,0,0,0
10092,Triptis,50.734722,11.865,12444.0,middle,middle,middle,middle,middle,middle,69.9,69.9,69.9,69.9,69.9,69.9,,,,,,,92.8,92.8,92.8,92.8,92.8,92.8,0.0,0.0,0.23,0.73,1.23,1.73,,,,,,,,,,,,,1.8163,1.8163,1.8853,2.0353,2.1853,2.3353,0,0,0,0,0,0
10093,Ummerstadt,50.259167,10.811111,12445.0,middle,middle,middle,middle,middle,middle,103.5,103.5,103.5,103.5,103.5,103.5,,,,,,,87.7,87.7,87.7,87.7,87.7,87.7,4.13,4.63,5.13,5.63,6.13,6.63,,,,,,,,,,,,,3.0331,3.1831,3.3331,3.4831,3.6331,3.7831,0,0,0,0,0,0
10094,Vacha,50.823055,10.023889,7949.0,middle,middle,middle,middle,middle,middle,21.5,21.5,21.5,21.5,21.5,21.5,,,,,,,179.1,179.1,179.1,179.1,179.1,179.1,4.64,5.14,5.64,6.14,6.64,7.14,,,,,,,,,,,,,3.7002,3.8502,4.0002,4.1502,4.3002,4.4502,0,0,0,0,0,0
10095,Waltershausen,50.897778,10.555833,12278.0,middle,middle,middle,middle,middle,middle,44.7,44.7,44.7,44.7,44.7,44.7,,,,,,,195.8,195.8,195.8,195.8,195.8,195.8,7.19,7.69,8.0,8.0,8.0,8.0,,,,,,,,,,,,,4.2698,4.4198,4.5128,4.5128,4.5128,4.5128,0,0,0,0,0,0
10096,Wasungen,50.663334,10.368611,8226.0,middle,middle,middle,middle,middle,middle,51.2,51.2,51.2,51.2,51.2,51.2,,,,,,,271.7,271.7,271.7,271.7,271.7,271.7,2.76,3.26,3.76,4.26,4.76,5.26,,,,,,,,,,,,,3.0714,3.2214,3.3714,3.5214,3.6714,3.8214,0,0,0,0,0,0
10097,Weida,50.773335,12.061389,12446.0,middle,middle,middle,middle,middle,middle,59.8,59.8,59.8,59.8,59.8,59.8,,,,,,,78.7,78.7,78.7,78.7,78.7,78.7,1.28,1.78,2.28,2.78,3.28,3.78,,,,,,,,,,,,,2.1351,2.2851,2.4351,2.5851,2.7351,2.8851,0,0,0,0,0,0
10098,Weimar,50.980556,11.329722,10547.0,middle,middle,middle,middle,middle,middle,76.2,76.2,76.2,76.2,76.2,76.2,208.0,208.0,208.0,208.0,208.0,208.0,105.3,105.3,105.3,105.3,105.3,105.3,2.75,3.25,3.75,4.25,4.75,5.25,1500.0,2000.0,1500.0,1000.0,1500.0,2000.0,1.5,1.333,0.75,0.667,1.5,1.333,2.6913,2.8413,2.9913,3.1413,3.2913,3.4413,0,0,0,0,0,0
10099,Wurzbach,50.463612,11.536667,,middle,middle,middle,middle,middle,middle,107.7,107.7,107.7,107.7,107.7,107.7,,,,,,,137.6,137.6,137.6,137.6,137.6,137.6,0.0,0.5,1.0,1.5,2.0,2.5,,,,,,,,,,,,,1.9727,2.1227,2.2727,2.4227,2.5727,2.7227,0,0,0,0,0,0
10100,Zella-Mehlis,50.66,10.652778,,middle,middle,middle,middle,middle,middle,69.1,69.1,69.1,69.1,69.1,69.1,,,,,,,172.6,172.6,172.6,172.6,172.6,172.6,1.5,2.0,2.5,3.0,3.5,4.0,,,,,,,,,,,,,2.5128,2.6628,2.8128,2.9628,3.1128,3.2628,0,0,0,0,0,0
10101,Zeulenroda,50.649166,11.979445,12447.0,middle,middle,middle,middle,middle,middle,74.8,74.8,74.8,74.8,74.8,74.8,,,,,,,53.7,53.7,53.7,53.7,53.7,53.7,0.0,0.5,1.0,1.5,2.0,2.5,,,,,,,,,,,,,1.6011,1.7511,1.9011,2.0511,2.2011,2.3511,0,0,0,0,0,0
11001,Aken,51.852501,12.043889,112.0,north,north,north,north,north,north,5.8,5.8,5.8,5.8,5.8,5.8,,,,,,,183.6,183.6,183.6,183.6,183.6,183.6,0.88,1.38,1.88,2.38,2.88,3.38,,,,,,,,,,,,,2.5791,2.7291,2.8791,3.0291,3.1791,3.3291,1,1,1,1,1,1
11002,Alsleben,51.700279,11.677222,148.0,north,north,north,north,north,north,0.5,0.5,0.5,0.5,0.5,0.5,,,,,,,76.5,76.5,76.5,76.5,76.5,76.5,2.89,3.39,3.89,4.39,4.89,5.39,,,,,,,,,,,,,2.9014,3.0514,3.2014,3.3514,3.5014,3.6514,1,1,1,1,1,1
11003,Ammendorf,51.423611,11.993055,,middle,middle,middle,middle,middle,middle,22.3,22.3,22.3,22.3,22.3,22.3,,,,,,,92.9,92.9,92.9,92.9,92.9,92.9,3.5,4.0,4.5,5.0,5.5,6.0,,,,,,,,,,,,,3.0885,3.2385,3.3885,3.5385,3.6885,3.8385,0,0,0,0,0,0
11004,Annaburg,51.73111,13.046667,,north,north,north,north,north,north,13.8,13.8,13.8,13.8,13.8,13.8,,,,,,,150.2,150.2,150.2,150.2,150.2,150.2,0.5,1.0,1.5,2.0,2.5,3.0,,,,,,,,,,,,,2.285,2.435,2.585,2.735,2.885,3.035,1,1,1,1,1,1
11005,Arendsee,52.881668,11.488889,285.0,north,north,north,north,north,north,18.9,18.9,18.9,18.9,18.9,18.9,,,,,,,367.0,367.0,367.0,367.0,367.0,367.0,0.66,1.16,1.66,2.16,2.66,3.16,,,,,,,,,,,,,2.6246,2.7746,2.9246,3.0746,3.2246,3.3746,0,0,0,0,0,0
11006,Arneburg,52.675278,12.002222,295.0,north,north,north,north,north,north,6.1,6.1,6.1,6.1,6.1,6.1,,,,,,,236.9,236.9,236.9,236.9,236.9,236.9,3.25,3.75,4.25,4.75,5.25,5.75,,,,,,,,,,,,,3.3878,3.5378,3.6878,3.8378,3.9878,4.1378,1,1,1,1,1,1
11007,Artern,51.366112,11.292778,10039.0,middle,middle,middle,middle,middle,middle,44.4,44.4,44.4,44.4,44.4,44.4,,,,,,,112.6,112.6,112.6,112.6,112.6,112.6,4.64,5.14,5.64,6.14,6.64,7.14,,,,,,,,,,,,,3.2851,3.4351,3.5851,3.7351,3.8851,4.0351,0,0,0,0,0,0
11008,Aschersleben,51.755833,11.455,322.0,north,north,north,north,north,north,16.6,16.6,16.6,16.6,16.6,16.6,114.0,114.0,114.0,114.0,114.0,114.0,113.3,113.3,113.3,113.3,113.3,113.3,5.02,5.52,6.02,6.52,7.02,7.52,2000.0,2000.0,1500.0,1000.0,1000.0,1000.0,1.0,1.0,0.75,0.667,1.0,1.0,3.4942,3.6442,3.7942,3.9442,4.0942,4.2442,0,0,0,0,0,0
11009,Ballenstedt,51.720276,11.2375,17404.0,north,north,north,north,north,north,30.6,30.6,30.6,30.6,30.6,30.6,,,,,,,121.4,121.4,121.4,121.4,121.4,121.4,3.5,4.0,4.5,5.0,5.5,6.0,,,,,,,,,,,,,2.8905,3.0405,3.1905,3.3405,3.4905,3.6405,0,0,0,0,0,0
11010,Barby,51.952499,11.869166,9404.0,north,north,north,north,north,north,2.5,2.5,2.5,2.5,2.5,2.5,,,,,,,186.3,186.3,186.3,186.3,186.3,186.3,4.36,4.86,5.36,5.86,6.36,6.86,,,,,,,,,,,,,3.6701,3.8201,3.9701,4.1201,4.2701,4.4201,1,1,1,1,1,1
11011,Belgern,51.483055,13.124166,519.0,middle,middle,middle,middle,middle,middle,4.4,4.4,4.4,4.4,4.4,4.4,,,,,,,156.8,156.8,156.8,156.8,156.8,156.8,3.5,4.0,4.5,5.0,5.5,6.0,,,,,,,,,,,,,3.5199,3.6699,3.8199,3.9699,4.1199,4.2699,2,2,2,2,2,2
11012,Benneckenstein,51.667221,10.716945,,north,north,north,north,north,north,36.1,36.1,36.1,36.1,36.1,36.1,,,,,,,145.1,145.1,145.1,145.1,145.1,145.1,0.0,0.0,0.31,0.81,1.31,1.81,,,,,,,,,,,,,1.8428,1.8428,1.9358,2.0858,2.2358,2.3858,0,0,0,0,0,0
11013,Bernburg,51.794167,11.736944,586.0,north,north,north,north,north,north,0.3,0.3,0.3,0.3,0.3,0.3,85.0,85.0,85.0,85.0,85.0,85.0,84.5,84.5,84.5,84.5,84.5,84.5,1.12,1.62,2.12,2.62,3.12,3.62,2000.0,2000.0,1500.0,1000.0,2000.0,3000.0,1.0,1.0,0.75,0.667,2.0,1.5,2.4116,2.5616,2.7116,2.8616,3.0116,3.1616,1,1,1,1,1,2
11014,Bad Bibra,51.208057,11.585278,,middle,middle,middle,middle,middle,middle,45.8,45.8,45.8,45.8,45.8,45.8,,,,,,,81.6,81.6,81.6,81.6,81.6,81.6,4.64,5.14,5.64,6.14,6.64,7.14,,,,,,,,,,,,,3.1575,3.3075,3.4575,3.6075,3.7575,3.9075,0,0,0,0,0,0
11015,Bismark,52.661667,11.556111,,north,north,north,north,north,north,30.1,30.1,30.1,30.1,30.1,30.1,,,,,,,287.2,287.2,287.2,287.2,287.2,287.2,0.41,0.91,1.41,1.91,2.41,2.91,,,,,,,,,,,,,2.3127,2.4627,2.6127,2.7627,2.9127,3.0627,0,0,0,0,0,0
11016,Bitterfeld,51.625,12.324722,705.0,north,north,north,north,north,north,28.0,28.0,28.0,28.0,28.0,28.0,,,,,,,111.1,111.1,111.1,111.1,111.1,111.1,0.97,1.47,1.97,2.47,2.97,3.47,,,,,,,,,,,,,2.1288,2.2788,2.4288,2.5788,2.7288,2.8788,0,0,0,0,0,0
11017,Bleicherode,51.440277,10.574445,12448.0,middle,middle,middle,middle,middle,middle,42.8,42.8,42.8,42.8,42.8,42.8,,,,,,,285.0,285.0,285.0,285.0,285.0,285.0,2.5,3.0,3.5,4.0,4.5,5.0,,,,,,,,,,,,,3.0124,3.1624,3.3124,3.4624,3.6124,3.7624,0,0,0,0,0,0
11018,Brehna,51.55722,12.211667,961.0,north,north,north,north,north,north,27.3,27.3,27.3,27.3,27.3,27.3,,,,,,,93.8,93.8,93.8,93.8,93.8,93.8,1.97,2.47,2.97,3.47,3.97,4.47,,,,,,,,,,,,,2.3708,2.5208,2.6708,2.8208,2.9708,3.1208,0,0,0,0,0,0
11019,Buckau,52.110554,11.632778,,north,north,north,north,north,north,1.9,1.9,1.9,1.9,1.9,1.9,,,,,,,105.3,105.3,105.3,105.3,105.3,105.3,3.13,3.63,4.13,4.63,5.13,5.63,,,,,,,,,,,,,3.0815,3.2315,3.3815,3.5315,3.6815,3.8315,1,1,1,1,1,1
11020,Burg b. M.,52.269722,11.854722,16773.0,north,north,north,north,north,north,6.6,6.6,6.6,6.6,6.6,6.6,54.0,54.0,54.0,54.0,54.0,54.0,305.9,305.9,305.9,305.9,305.9,305.9,3.01,3.51,4.01,4.51,5.01,5.51,2000.0,2000.0,1500.0,1000.0,1500.0,2000.0,1.0,1.0,0.75,0.667,1.5,1.333,3.4106,3.5606,3.7106,3.8606,4.0106,4.1606,1,1,1,1,1,1
11021,Calbe a. d. Milde,52.655834,11.388889,3487.0,north,north,north,north,north,north,31.1,31.1,31.1,31.1,31.1,31.1,,,,,,,251.4,251.4,251.4,251.4,251.4,251.4,2.67,3.17,3.67,4.17,4.67,5.17,,,,,,,,,,,,,2.9251,3.0751,3.2251,3.3751,3.5251,3.6751,0,0,0,0,0,0
11022,Calbe a. d. Saale,51.902779,11.774722,1160.0,north,north,north,north,north,north,0.6,0.6,0.6,0.6,0.6,0.6,,,,,,,88.8,88.8,88.8,88.8,88.8,88.8,3.14,3.64,4.14,4.64,5.14,5.64,,,,,,,,,,,,,3.0334,3.1834,3.3334,3.4834,3.6334,3.7834,1,1,1,1,1,1
11023,Cochstedt,51.880833,11.406944,12449.0,north,north,north,north,north,north,24.4,24.4,24.4,24.4,24.4,24.4,,,,,,,87.8,87.8,87.8,87.8,87.8,87.8,3.09,3.59,4.09,4.59,5.09,5.59,,,,,,,,,,,,,2.7161,2.8661,3.0161,3.1661,3.3161,3.4661,0,0,0,0,0,0
11024,Coswig (Anahlt),51.885555,12.4575,1250.0,north,north,north,north,north,north,6.6,6.6,6.6,6.6,6.6,6.6,,,,,,,255.3,255.3,255.3,255.3,255.3,255.3,0.63,1.13,1.63,2.13,2.63,3.13,,,,,,,,,,,,,2.6252,2.7752,2.9252,3.0752,3.2252,3.3752,1,1,1,1,1,1
11025,Dardesheim,51.976112,10.838056,,north,north,north,north,north,north,21.3,21.3,21.3,21.3,21.3,21.3,,,,,,,184.1,184.1,184.1,184.1,184.1,184.1,0.56,1.06,1.56,2.06,2.56,3.06,,,,,,,,,,,,,2.2897,2.4397,2.5897,2.7397,2.8897,3.0397,0,0,0,0,0,0
11026,Delitzsch,51.522778,12.3325,1377.0,north,north,north,north,north,north,28.2,28.2,28.2,28.2,28.2,28.2,,,,,,,191.9,191.9,191.9,191.9,191.9,191.9,3.5,4.0,4.5,5.0,5.5,6.0,,,,,,,,,,,,,3.1028,3.2528,3.4028,3.5528,3.7028,3.8528,0,0,0,0,0,0
11027,Derenburg,51.870834,10.908334,1397.0,north,north,north,north,north,north,29.0,29.0,29.0,29.0,29.0,29.0,,,,,,,157.6,157.6,157.6,157.6,157.6,157.6,3.13,3.63,4.13,4.63,5.13,5.63,,,,,,,,,,,,,2.9028,3.0528,3.2028,3.3528,3.5028,3.6528,0,0,0,0,0,0
11028,Dessau,51.830833,12.241667,1401.0,north,north,north,north,north,north,4.4,4.4,4.4,4.4,4.4,4.4,60.0,60.0,60.0,60.0,60.0,60.0,133.3,133.3,133.3,133.3,133.3,133.3,0.37,0.87,1.37,1.87,2.37,2.87,1000.0,1000.0,1000.0,1000.0,1500.0,2000.0,1.0,1.0,1.0,1.0,1.5,1.333,2.3158,2.4658,2.6158,2.7658,2.9158,3.0658,1,1,1,1,1,1
11029,Dingelstaedt,51.314999,10.314722,,middle,middle,middle,middle,middle,middle,20.1,20.1,20.1,20.1,20.1,20.1,,,,,,,208.7,208.7,208.7,208.7,208.7,208.7,4.5,5.0,5.5,6.0,6.5,7.0,,,,,,,,,,,,,3.7364,3.8864,4.0364,4.1864,4.3364,4.4864,0,0,0,0,0,0
11030,Dommitzsch,51.639721,12.883333,1511.0,north,north,north,north,north,north,2.1,2.1,2.1,2.1,2.1,2.1,,,,,,,135.9,135.9,135.9,135.9,135.9,135.9,2.85,3.35,3.85,4.35,4.85,5.35,,,,,,,,,,,,,3.0959,3.2459,3.3959,3.5459,3.6959,3.8459,1,1,1,1,1,1
11031,Dueben,51.59111,12.584723,,north,north,north,north,north,north,23.3,23.3,23.3,23.3,23.3,23.3,,,,,,,244.7,244.7,244.7,244.7,244.7,244.7,3.5,4.0,4.5,5.0,5.5,6.0,,,,,,,,,,,,,3.2599,3.4099,3.5599,3.7099,3.8599,4.0099,0,0,0,0,0,0
11032,Eckartsberga,51.122501,11.561111,1672.0,middle,middle,middle,middle,middle,middle,55.3,55.3,55.3,55.3,55.3,55.3,,,,,,,79.0,79.0,79.0,79.0,79.0,79.0,2.52,3.02,3.52,4.02,4.52,5.02,,,,,,,,,,,,,2.5088,2.6588,2.8088,2.9588,3.1088,3.2588,0,0,0,0,0,0
11033,Egeln,51.941387,11.425278,1686.0,north,north,north,north,north,north,22.9,22.9,22.9,22.9,22.9,22.9,,,,,,,106.5,106.5,106.5,106.5,106.5,106.5,4.36,4.86,5.36,5.86,6.36,6.86,,,,,,,,,,,,,3.1927,3.3427,3.4927,3.6427,3.7927,3.9427,0,0,0,0,0,0
11034,Eilenburg,51.459999,12.633333,1721.0,middle,middle,middle,middle,middle,middle,27.2,27.2,27.2,27.2,27.2,27.2,106.0,106.0,106.0,106.0,106.0,106.0,191.3,191.3,191.3,191.3,191.3,191.3,2.89,3.39,3.89,4.39,4.89,5.39,1000.0,1000.0,1000.0,1000.0,1000.0,1000.0,1.0,1.0,1.0,1.0,1.0,1.0,3.131,3.281,3.431,3.581,3.731,3.881,0,0,0,0,0,0
11035,Eisleben,51.528332,11.547778,1741.0,north,north,north,north,north,north,20.2,20.2,20.2,20.2,20.2,20.2,114.0,114.0,114.0,114.0,114.0,114.0,116.5,116.5,116.5,116.5,116.5,116.5,8.0,8.0,8.0,8.0,8.0,8.0,3000.0,4000.0,4000.0,4000.0,6500.0,9000.0,1.5,1.333,1.0,1.0,1.625,1.385,4.3541,4.3541,4.3541,4.3541,4.3541,4.3541,2,2,1,1,2,2
11036,Elbingerode,51.769444,10.803056,,north,north,north,north,north,north,29.5,29.5,29.5,29.5,29.5,29.5,,,,,,,153.1,153.1,153.1,153.1,153.1,153.1,0.0,0.0,0.0,0.0,0.0,0.0,,,,,,,,,,,,,1.9457,1.9457,1.9457,1.9457,1.9457,1.9457,0,0,0,0,0,0
11037,Ellrich,51.587502,10.665556,1770.0,north,north,north,north,north,north,43.4,43.4,43.4,43.4,43.4,43.4,,,,,,,130.0,130.0,130.0,130.0,130.0,130.0,3.76,4.26,4.76,5.26,5.76,6.26,,,,,,,,,,,,,2.8779,3.0279,3.1779,3.3279,3.4779,3.6279,0,0,0,0,0,0
11038,Elsterwerda,51.460556,13.52,,middle,middle,middle,middle,middle,middle,21.9,21.9,21.9,21.9,21.9,21.9,,,,,,,224.9,224.9,224.9,224.9,224.9,224.9,2.5,3.0,3.5,4.0,4.5,5.0,,,,,,,,,,,,,3.1448,3.2948,3.4448,3.5948,3.7448,3.8948,0,0,0,0,0,0
11039,Erfurt,50.976944,11.027223,1826.0,middle,middle,middle,middle,middle,middle,68.2,68.2,68.2,68.2,68.2,68.2,194.0,194.0,194.0,194.0,194.0,194.0,270.5,270.5,270.5,270.5,270.5,270.5,5.08,5.58,6.08,6.58,7.08,7.58,15500.0,16000.0,13500.0,11000.0,15000.0,19000.0,1.033,1.032,0.844,0.815,1.364,1.267,3.7655,3.9155,4.0655,4.2155,4.3655,4.5155,2,2,2,2,3,3
11040,Ermsleben,51.731945,11.343889,1837.0,north,north,north,north,north,north,23.4,23.4,23.4,23.4,23.4,23.4,,,,,,,115.1,115.1,115.1,115.1,115.1,115.1,2.05,2.55,3.05,3.55,4.05,4.55,,,,,,,,,,,,,2.5242,2.6742,2.8242,2.9742,3.1242,3.2742,0,0,0,0,0,0
11041,Freyburg,51.212502,11.768888,2014.0,middle,middle,middle,middle,middle,middle,42.4,42.4,42.4,42.4,42.4,42.4,,,,,,,67.6,67.6,67.6,67.6,67.6,67.6,1.74,2.24,2.74,3.24,3.74,4.24,,,,,,,,,,,,,2.2131,2.3631,2.5131,2.6631,2.8131,2.9631,0,0,0,0,0,0
11042,Gardelegen,52.526943,11.393056,2094.0,north,north,north,north,north,north,36.1,36.1,36.1,36.1,36.1,36.1,,,,,,,409.6,409.6,409.6,409.6,409.6,409.6,1.29,1.79,2.29,2.79,3.29,3.79,,,,,,,,,,,,,2.6427,2.7927,2.9427,3.0927,3.2427,3.3927,0,0,0,0,0,0
11043,Gebesee,51.115276,10.930278,2124.0,middle,middle,middle,middle,middle,middle,57.7,57.7,57.7,57.7,57.7,57.7,,,,,,,181.0,181.0,181.0,181.0,181.0,181.0,5.5,6.0,6.5,7.0,7.5,8.0,,,,,,,,,,,,,3.7316,3.8816,4.0316,4.1816,4.3316,4.4816,0,0,0,0,0,0
11044,Gefell,50.438057,11.858334,2129.0,middle,middle,middle,middle,middle,middle,99.8,99.8,99.8,99.8,99.8,99.8,,,,,,,75.7,75.7,75.7,75.7,75.7,75.7,2.5,3.0,3.5,4.0,4.5,5.0,,,,,,,,,,,,,2.4859,2.6359,2.7859,2.9359,3.0859,3.2359,0,0,0,0,0,0
11045,Genthin,52.405834,12.154166,,north,north,north,north,north,north,15.1,15.1,15.1,15.1,15.1,15.1,,,,,,,346.9,346.9,346.9,346.9,346.9,346.9,6.5,7.0,7.5,8.0,8.0,8.0,,,,,,,,,,,,,4.4017,4.5517,4.7017,4.8517,4.8517,4.8517,0,0,0,0,0,0
11046,Gerbstedt,51.63139,11.627778,12456.0,north,north,north,north,north,north,8.9,8.9,8.9,8.9,8.9,8.9,,,,,,,107.2,107.2,107.2,107.2,107.2,107.2,2.65,3.15,3.65,4.15,4.65,5.15,,,,,,,,,,,,,2.858,3.008,3.158,3.308,3.458,3.608,1,1,1,1,1,1
11047,Gernrode,51.724998,11.143333,12458.0,north,north,north,north,north,north,37.1,37.1,37.1,37.1,37.1,37.1,,,,,,,58.9,58.9,58.9,58.9,58.9,58.9,2.9,3.4,3.9,4.4,4.9,5.4,,,,,,,,,,,,,2.3435,2.4935,2.6435,2.7935,2.9435,3.0935,0,0,0,0,0,0
11048,Goerzke,52.171944,12.374166,2325.0,north,north,north,north,north,north,27.3,27.3,27.3,27.3,27.3,27.3,,,,,,,364.7,364.7,364.7,364.7,364.7,364.7,0.89,1.39,1.89,2.39,2.89,3.39,,,,,,,,,,,,,2.5867,2.7367,2.8867,3.0367,3.1867,3.3367,0,0,0,0,0,0
11049,Gommern,52.073055,11.825277,,north,north,north,north,north,north,3.9,3.9,3.9,3.9,3.9,3.9,,,,,,,161.0,161.0,161.0,161.0,161.0,161.0,3.13,3.63,4.13,4.63,5.13,5.63,,,,,,,,,,,,,3.2249,3.3749,3.5249,3.6749,3.8249,3.9749,1,1,1,1,1,1
11050,Graefenhainichen,51.729168,12.455556,2374.0,north,north,north,north,north,north,16.8,16.8,16.8,16.8,16.8,16.8,,,,,,,174.3,174.3,174.3,174.3,174.3,174.3,0.0,0.0,0.25,0.75,1.25,1.75,,,,,,,,,,,,,2.1564,2.1564,2.2314,2.3814,2.5314,2.6814,0,0,0,0,0,0
11051,Groebzig,51.682499,11.874722,12461.0,north,north,north,north,north,north,10.7,10.7,10.7,10.7,10.7,10.7,,,,,,,92.7,92.7,92.7,92.7,92.7,92.7,0.74,1.24,1.74,2.24,2.74,3.24,,,,,,,,,,,,,2.2051,2.3551,2.5051,2.6551,2.8051,2.9551,1,1,1,1,1,1
11052,Groeningen,51.936943,11.218611,,north,north,north,north,north,north,35.6,35.6,35.6,35.6,35.6,35.6,,,,,,,49.1,49.1,49.1,49.1,49.1,49.1,3.16,3.66,4.16,4.66,5.16,5.66,,,,,,,,,,,,,2.369,2.519,2.669,2.819,2.969,3.119,0,0,0,0,0,0
11053,Grossalsleben,51.980556,11.226111,,north,north,north,north,north,north,32.9,32.9,32.9,32.9,32.9,32.9,,,,,,,31.0,31.0,31.0,31.0,31.0,31.0,2.89,3.39,3.89,4.39,4.89,5.39,,,,,,,,,,,,,2.1421,2.2921,2.4421,2.5921,2.7421,2.8921,0,0,0,0,0,0
11054,Gross Apenburg,52.708332,11.203333,12469.0,north,north,north,north,north,north,20.7,20.7,20.7,20.7,20.7,20.7,,,,,,,212.6,212.6,212.6,212.6,212.6,212.6,0.5,1.0,1.5,2.0,2.5,3.0,,,,,,,,,,,,,2.3369,2.4869,2.6369,2.7869,2.9369,3.0869,0,0,0,0,0,0
11055,Guentersberge,51.644722,10.981112,2694.0,north,north,north,north,north,north,48.1,48.1,48.1,48.1,48.1,48.1,,,,,,,145.1,145.1,145.1,145.1,145.1,145.1,0.0,0.5,1.0,1.5,2.0,2.5,,,,,,,,,,,,,1.7937,1.9437,2.0937,2.2437,2.3937,2.5437,0,0,0,0,0,0
11056,Guesten,51.794445,11.605278,12471.0,north,north,north,north,north,north,8.5,8.5,8.5,8.5,8.5,8.5,,,,,,,76.8,76.8,76.8,76.8,76.8,76.8,2.69,3.19,3.69,4.19,4.69,5.19,,,,,,,,,,,,,2.7422,2.8922,3.0422,3.1922,3.3422,3.4922,1,1,1,1,1,1
11057,Hadmersleben,51.991943,11.301389,2736.0,north,north,north,north,north,north,27.8,27.8,27.8,27.8,27.8,27.8,,,,,,,62.2,62.2,62.2,62.2,62.2,62.2,2.89,3.39,3.89,4.39,4.89,5.39,,,,,,,,,,,,,2.4786,2.6286,2.7786,2.9286,3.0786,3.2286,0,0,0,0,0,0
11058,Halberstadt,51.896111,11.047222,2758.0,north,north,north,north,north,north,37.3,37.3,37.3,37.3,37.3,37.3,120.0,120.0,120.0,120.0,120.0,120.0,148.6,148.6,148.6,148.6,148.6,148.6,2.61,3.11,3.61,4.11,4.61,5.11,7000.0,6000.0,5000.0,4000.0,7000.0,10000.0,0.875,0.857,0.833,0.8,1.75,1.429,2.6194,2.7694,2.9194,3.0694,3.2194,3.3694,1,1,1,1,2,3
11059,Haldensleben,52.291111,11.410833,2760.0,north,north,north,north,north,north,22.0,22.0,22.0,22.0,22.0,22.0,,,,,,,479.8,479.8,479.8,479.8,479.8,479.8,2.84,3.34,3.84,4.34,4.84,5.34,,,,,,,,,,,,,3.3471,3.4971,3.6471,3.7971,3.9471,4.0971,0,0,0,0,0,0
11060,Halle a. d. S.,51.482224,11.970555,2765.0,middle,middle,middle,middle,middle,middle,16.1,16.1,16.1,16.1,16.1,16.1,105.0,105.0,105.0,105.0,105.0,105.0,151.8,151.8,151.8,151.8,151.8,151.8,7.5,8.0,8.0,8.0,8.0,8.0,3500.0,4000.0,3500.0,3000.0,5000.0,7000.0,1.167,1.143,0.875,0.857,1.667,1.4,4.5609,4.7109,4.7109,4.7109,4.7109,4.7109,2,2,1,1,2,2
11061,Harzgerode,51.640556,11.139167,12472.0,north,north,north,north,north,north,38.0,38.0,38.0,38.0,38.0,38.0,,,,,,,194.4,194.4,194.4,194.4,194.4,194.4,2.57,3.07,3.57,4.07,4.57,5.07,,,,,,,,,,,,,2.7059,2.8559,3.0059,3.1559,3.3059,3.4559,0,0,0,0,0,0
11062,Hecklingen,51.847221,11.533334,,north,north,north,north,north,north,15.0,15.0,15.0,15.0,15.0,15.0,,,,,,,89.1,89.1,89.1,89.1,89.1,89.1,2.0,2.5,3.0,3.5,4.0,4.5,,,,,,,,,,,,,2.5131,2.6631,2.8131,2.9631,3.1131,3.2631,1,1,1,1,1,1
11063,Heiligenstadt,51.378334,10.137777,59.0,middle,middle,middle,middle,middle,middle,16.5,16.5,16.5,16.5,16.5,16.5,,,,,,,293.4,293.4,293.4,293.4,293.4,293.4,5.5,6.0,6.5,7.0,7.5,8.0,,,,,,,,,,,,,4.2183,4.3683,4.5183,4.6683,4.8183,4.9683,0,0,0,0,0,0
11064,Heldrungen,51.299446,11.215278,12474.0,middle,middle,middle,middle,middle,middle,53.2,53.2,53.2,53.2,53.2,53.2,,,,,,,113.5,113.5,113.5,113.5,113.5,113.5,4.73,5.23,5.73,6.23,6.73,7.23,,,,,,,,,,,,,3.3152,3.4652,3.6152,3.7652,3.9152,4.0652,0,0,0,0,0,0
11065,Heringen,51.446945,10.875556,12479.0,middle,middle,middle,middle,middle,middle,60.5,60.5,60.5,60.5,60.5,60.5,,,,,,,106.1,106.1,106.1,106.1,106.1,106.1,3.76,4.26,4.76,5.26,5.76,6.26,,,,,,,,,,,,,2.9976,3.1476,3.2976,3.4476,3.5976,3.7476,0,0,0,0,0,0
11066,Herzberg (Elster),51.692223,13.235278,3008.0,north,north,north,north,north,north,22.1,22.1,22.1,22.1,22.1,22.1,,,,,,,142.8,142.8,142.8,142.8,142.8,142.8,8.0,8.0,8.0,8.0,8.0,8.0,,,,,,,,,,,,,4.411,4.411,4.411,4.411,4.411,4.411,0,0,0,0,0,0
11067,Hettstedt,51.644722,11.514444,3029.0,north,north,north,north,north,north,13.2,13.2,13.2,13.2,13.2,13.2,,,,,,,60.8,60.8,60.8,60.8,60.8,60.8,2.04,2.54,3.04,3.54,4.04,4.54,,,,,,,,,,,,,2.3965,2.5465,2.6965,2.8465,2.9965,3.1465,1,1,1,1,1,1
11068,Hohenmoelsen,51.156113,12.099722,,middle,middle,middle,middle,middle,middle,23.6,23.6,23.6,23.6,23.6,23.6,,,,,,,96.5,96.5,96.5,96.5,96.5,96.5,7.5,8.0,8.0,8.0,8.0,8.0,,,,,,,,,,,,,4.2867,4.4367,4.4367,4.4367,4.4367,4.4367,0,0,0,0,0,0
11069,Hornburg (Mansfelder Land),51.452499,11.591111,,middle,middle,middle,middle,middle,middle,22.3,22.3,22.3,22.3,22.3,22.3,,,,,,,82.8,82.8,82.8,82.8,82.8,82.8,3.73,4.23,4.73,5.23,5.73,6.23,,,,,,,,,,,,,3.1122,3.2622,3.4122,3.5622,3.7122,3.8622,0,0,0,0,0,0
11070,Hoym,51.784721,11.3125,9792.0,north,north,north,north,north,north,26.9,26.9,26.9,26.9,26.9,26.9,,,,,,,97.2,97.2,97.2,97.2,97.2,97.2,2.89,3.39,3.89,4.39,4.89,5.39,,,,,,,,,,,,,2.6654,2.8154,2.9654,3.1154,3.2654,3.4154,0,0,0,0,0,0
11071,Jerichow,52.498333,12.024722,3413.0,north,north,north,north,north,north,2.7,2.7,2.7,2.7,2.7,2.7,,,,,,,236.7,236.7,236.7,236.7,236.7,236.7,1.06,1.56,2.06,2.56,3.06,3.56,,,,,,,,,,,,,2.7725,2.9225,3.0725,3.2225,3.3725,3.5225,1,1,1,1,1,1
11072,Jessen,51.790001,12.954722,3422.0,north,north,north,north,north,north,15.3,15.3,15.3,15.3,15.3,15.3,,,,,,,96.0,96.0,96.0,96.0,96.0,96.0,1.5,2.0,2.5,3.0,3.5,4.0,,,,,,,,,,,,,2.3885,2.5385,2.6885,2.8385,2.9885,3.1385,0,0,0,0,0,0
11073,Jessnitz,51.684166,12.301111,,north,north,north,north,north,north,21.2,21.2,21.2,21.2,21.2,21.2,,,,,,,62.0,62.0,62.0,62.0,62.0,62.0,0.0,0.41,0.91,1.41,1.91,2.41,,,,,,,,,,,,,1.6922,1.8152,1.9652,2.1152,2.2652,2.4152,0,0,0,0,0,0
11074,Kelbra,51.435555,11.041389,3612.0,middle,middle,middle,middle,middle,middle,53.3,53.3,53.3,53.3,53.3,53.3,,,,,,,202.0,202.0,202.0,202.0,202.0,202.0,3.5,4.0,4.5,5.0,5.5,6.0,,,,,,,,,,,,,3.1753,3.3253,3.4753,3.6253,3.7753,3.9253,0,0,0,0,0,0
11075,Kemberg,51.772221,12.633611,3616.0,north,north,north,north,north,north,7.0,7.0,7.0,7.0,7.0,7.0,,,,,,,161.3,161.3,161.3,161.3,161.3,161.3,2.85,3.35,3.85,4.35,4.85,5.35,,,,,,,,,,,,,3.1033,3.2533,3.4033,3.5533,3.7033,3.8533,1,1,1,1,1,1
11076,Kindelbrueck,51.259445,11.089444,3657.0,middle,middle,middle,middle,middle,middle,62.8,62.8,62.8,62.8,62.8,62.8,,,,,,,92.8,92.8,92.8,92.8,92.8,92.8,4.64,5.14,5.64,6.14,6.64,7.14,,,,,,,,,,,,,3.2085,3.3585,3.5085,3.6585,3.8085,3.9585,0,0,0,0,0,0
11077,Kloetze,52.62611,11.161389,,north,north,north,north,north,north,29.4,29.4,29.4,29.4,29.4,29.4,,,,,,,425.4,425.4,425.4,425.4,425.4,425.4,0.0,0.0,0.39,0.89,1.39,1.89,,,,,,,,,,,,,2.3545,2.3545,2.4715,2.6215,2.7715,2.9215,0,0,0,0,0,0
11078,Koelleda,51.18861,11.2475,12493.0,middle,middle,middle,middle,middle,middle,60.0,60.0,60.0,60.0,60.0,60.0,,,,,,,129.7,129.7,129.7,129.7,129.7,129.7,4.48,4.98,5.48,5.98,6.48,6.98,,,,,,,,,,,,,3.2931,3.4431,3.5931,3.7431,3.8931,4.0431,0,0,0,0,0,0
11079,Koennern,51.669998,11.7675,3934.0,north,north,north,north,north,north,7.1,7.1,7.1,7.1,7.1,7.1,,,,,,,91.5,91.5,91.5,91.5,91.5,91.5,2.77,3.27,3.77,4.27,4.77,5.27,,,,,,,,,,,,,2.8537,3.0037,3.1537,3.3037,3.4537,3.6037,1,1,1,1,1,1
11080,Bad Koesen,51.13361,11.719444,,middle,middle,middle,middle,middle,middle,48.8,48.8,48.8,48.8,48.8,48.8,,,,,,,65.9,65.9,65.9,65.9,65.9,65.9,2.1,2.6,3.1,3.6,4.1,4.6,,,,,,,,,,,,,2.3112,2.4612,2.6112,2.7612,2.9112,3.0612,0,0,0,0,0,0
11081,Koethen,51.75111,11.973333,3990.0,north,north,north,north,north,north,16.0,16.0,16.0,16.0,16.0,16.0,80.0,80.0,80.0,80.0,80.0,80.0,163.0,163.0,163.0,163.0,163.0,163.0,1.35,1.85,2.35,2.85,3.35,3.85,1000.0,1000.0,1000.0,1000.0,1000.0,1000.0,1.0,1.0,1.0,1.0,1.0,1.0,2.5453,2.6953,2.8453,2.9953,3.1453,3.2953,0,0,0,0,0,0
11082,Kroppenstedt,51.941944,11.308611,12495.0,north,north,north,north,north,north,29.7,29.7,29.7,29.7,29.7,29.7,,,,,,,72.1,72.1,72.1,72.1,72.1,72.1,3.16,3.66,4.16,4.66,5.16,5.66,,,,,,,,,,,,,2.5928,2.7428,2.8928,3.0428,3.1928,3.3428,0,0,0,0,0,0
11083,Landsberg bei Halle,51.525276,12.158611,4222.0,north,north,north,north,north,north,24.5,24.5,24.5,24.5,24.5,24.5,,,,,,,124.8,124.8,124.8,124.8,124.8,124.8,0.76,1.26,1.76,2.26,2.76,3.26,,,,,,,,,,,,,2.1555,2.3055,2.4555,2.6055,2.7555,2.9055,0,0,0,0,0,0
11084,Langensalza,51.106667,10.649445,4249.0,middle,middle,middle,middle,middle,middle,38.6,38.6,38.6,38.6,38.6,38.6,185.0,185.0,185.0,185.0,185.0,185.0,174.7,174.7,174.7,174.7,174.7,174.7,4.5,5.0,5.5,6.0,6.5,7.0,3500.0,4000.0,4500.0,5000.0,4500.0,4000.0,1.167,1.143,1.125,1.111,0.9,0.889,3.4346,3.5846,3.7346,3.8846,4.0346,4.1846,2,2,2,2,1,1
11085,Laucha,51.22361,11.676111,12499.0,middle,middle,middle,middle,middle,middle,42.3,42.3,42.3,42.3,42.3,42.3,,,,,,,96.7,96.7,96.7,96.7,96.7,96.7,1.26,1.76,2.26,2.76,3.26,3.76,,,,,,,,,,,,,2.2107,2.3607,2.5107,2.6607,2.8107,2.9607,0,0,0,0,0,0
11086,Bad Lauchstaedt,51.386944,11.866944,,middle,middle,middle,middle,middle,middle,23.1,23.1,23.1,23.1,23.1,23.1,,,,,,,124.4,124.4,124.4,124.4,124.4,124.4,3.51,4.01,4.51,5.01,5.51,6.01,,,,,,,,,,,,,3.1969,3.3469,3.4969,3.6469,3.7969,3.9469,0,0,0,0,0,0
11087,Leimbach,51.604443,11.463889,4333.0,north,north,north,north,north,north,18.6,18.6,18.6,18.6,18.6,18.6,,,,,,,44.1,44.1,44.1,44.1,44.1,44.1,2.76,3.26,3.76,4.26,4.76,5.26,,,,,,,,,,,,,2.4192,2.5692,2.7192,2.8692,3.0192,3.1692,0,0,0,0,0,0
11088,Leopoldshall,51.848888,11.598889,,north,north,north,north,north,north,11.0,11.0,11.0,11.0,11.0,11.0,,,,,,,69.0,69.0,69.0,69.0,69.0,69.0,0.0,0.0,0.0,0.0,0.0,0.0,,,,,,,,,,,,,1.8616,1.8616,1.8616,1.8616,1.8616,1.8616,1,1,1,1,1,1
11089,Bad Liebenwerda,51.515835,13.393888,10765.0,north,north,north,north,north,north,16.6,16.6,16.6,16.6,16.6,16.6,,,,,,,143.6,143.6,143.6,143.6,143.6,143.6,0.19,0.69,1.19,1.69,2.19,2.69,,,,,,,,,,,,,2.1388,2.2888,2.4388,2.5888,2.7388,2.8888,0,0,0,0,0,0
11090,Lindau,52.035831,12.101944,,north,north,north,north,north,north,15.5,15.5,15.5,15.5,15.5,15.5,,,,,,,160.1,160.1,160.1,160.1,160.1,160.1,0.71,1.21,1.71,2.21,2.71,3.21,,,,,,,,,,,,,2.3526,2.5026,2.6526,2.8026,2.9526,3.1026,0,0,0,0,0,0
11091,Loburg,52.115833,12.079166,4532.0,north,north,north,north,north,north,19.1,19.1,19.1,19.1,19.1,19.1,,,,,,,232.9,232.9,232.9,232.9,232.9,232.9,2.85,3.35,3.85,4.35,4.85,5.35,,,,,,,,,,,,,3.0978,3.2478,3.3978,3.5478,3.6978,3.8478,0,0,0,0,0,0
11092,Loebejuen,51.637222,11.901667,4525.0,north,north,north,north,north,north,7.5,7.5,7.5,7.5,7.5,7.5,,,,,,,113.5,113.5,113.5,113.5,113.5,113.5,2.89,3.39,3.89,4.39,4.89,5.39,,,,,,,,,,,,,2.9702,3.1202,3.2702,3.4202,3.5702,3.7202,1,1,1,1,1,1
11093,Luetzen,51.255833,12.141111,4683.0,middle,middle,middle,middle,middle,middle,17.0,17.0,17.0,17.0,17.0,17.0,,,,,,,131.9,131.9,131.9,131.9,131.9,131.9,0.0,0.31,0.81,1.31,1.81,2.31,,,,,,,,,,,,,2.2431,2.3361,2.4861,2.6361,2.7861,2.9361,0,0,0,0,0,0
11094,Magdeburg,52.12611,11.6325,4705.0,north,north,north,north,north,north,2.8,2.8,2.8,2.8,2.8,2.8,42.0,42.0,42.0,42.0,42.0,42.0,117.5,117.5,117.5,117.5,117.5,117.5,4.45,4.95,5.45,5.95,6.45,6.95,15500.0,15000.0,12500.0,10000.0,14000.0,18000.0,0.969,0.968,0.833,0.8,1.4,1.286,3.5104,3.6604,3.8104,3.9604,4.1104,4.2604,2,2,2,2,3,3
11095,Mansfeld,51.593334,11.452778,4742.0,north,north,north,north,north,north,20.0,20.0,20.0,20.0,20.0,20.0,,,,,,,123.1,123.1,123.1,123.1,123.1,123.1,2.77,3.27,3.77,4.27,4.77,5.27,,,,,,,,,,,,,2.81,2.96,3.11,3.26,3.41,3.56,0,0,0,0,0,0
11096,Merseburg,51.358055,11.992778,4891.0,middle,middle,middle,middle,middle,middle,28.7,28.7,28.7,28.7,28.7,28.7,88.0,88.0,88.0,88.0,88.0,88.0,139.1,139.1,139.1,139.1,139.1,139.1,3.5,4.0,4.5,5.0,5.5,6.0,5000.0,5000.0,4000.0,3000.0,4000.0,5000.0,1.0,1.0,0.8,0.75,1.333,1.25,3.1686,3.3186,3.4686,3.6186,3.7686,3.9186,1,1,1,1,2,2
11097,Moeckern,52.139721,11.9525,16297.0,north,north,north,north,north,north,14.1,14.1,14.1,14.1,14.1,14.1,,,,,,,214.2,214.2,214.2,214.2,214.2,214.2,3.02,3.52,4.02,4.52,5.02,5.52,,,,,,,,,,,,,3.1783,3.3283,3.4783,3.6283,3.7783,3.9283,1,1,1,1,1,1
11098,Muecheln,51.301945,11.804167,12508.0,middle,middle,middle,middle,middle,middle,32.4,32.4,32.4,32.4,32.4,32.4,,,,,,,110.0,110.0,110.0,110.0,110.0,110.0,3.51,4.01,4.51,5.01,5.51,6.01,,,,,,,,,,,,,3.0324,3.1824,3.3324,3.4824,3.6324,3.7824,0,0,0,0,0,0
11099,Muehlberg,51.433613,13.216389,14326.0,middle,middle,middle,middle,middle,middle,4.1,4.1,4.1,4.1,4.1,4.1,,,,,,,127.1,127.1,127.1,127.1,127.1,127.1,1.0,1.5,2.0,2.5,3.0,3.5,,,,,,,,,,,,,2.6905,2.8405,2.9905,3.1405,3.2905,3.4405,2,2,2,2,2,2
11100,Muehlhausen i. Thuer.,51.209721,10.458333,9507.0,middle,middle,middle,middle,middle,middle,24.4,24.4,24.4,24.4,24.4,24.4,,,,,,,344.1,344.1,344.1,344.1,344.1,344.1,4.75,5.25,5.75,6.25,6.75,7.25,,,,,,,,,,,,,3.9578,4.1078,4.2578,4.4078,4.5578,4.7078,0,0,0,0,0,0
11101,Naumburg (Saale),51.151943,11.809722,5165.0,middle,middle,middle,middle,middle,middle,42.2,42.2,42.2,42.2,42.2,42.2,130.0,130.0,130.0,130.0,130.0,130.0,86.1,86.1,86.1,86.1,86.1,86.1,2.22,2.72,3.22,3.72,4.22,4.72,2000.0,2000.0,1500.0,1000.0,3000.0,5000.0,1.0,1.0,0.75,0.667,3.0,1.667,2.4528,2.6028,2.7528,2.9028,3.0528,3.2028,0,0,0,0,2,2
11102,Nebra,51.288887,11.5775,10543.0,middle,middle,middle,middle,middle,middle,37.8,37.8,37.8,37.8,37.8,37.8,,,,,,,109.9,109.9,109.9,109.9,109.9,109.9,5.5,6.0,6.5,7.0,7.5,8.0,,,,,,,,,,,,,3.5613,3.7113,3.8613,4.0113,4.1613,4.3113,0,0,0,0,0,0
11103,Nienburg (Saale),51.836388,11.766111,5397.0,north,north,north,north,north,north,2.1,2.1,2.1,2.1,2.1,2.1,,,,,,,93.3,93.3,93.3,93.3,93.3,93.3,2.89,3.39,3.89,4.39,4.89,5.39,,,,,,,,,,,,,2.9589,3.1089,3.2589,3.4089,3.5589,3.7089,1,1,1,1,1,1
11104,Nordhausen,51.500278,10.791389,5460.0,north,north,north,north,north,north,55.2,55.2,55.2,55.2,55.2,55.2,180.0,180.0,180.0,180.0,180.0,180.0,196.5,196.5,196.5,196.5,196.5,196.5,3.21,3.71,4.21,4.71,5.21,5.71,3500.0,4000.0,3500.0,3000.0,4500.0,6000.0,1.167,1.143,0.875,0.857,1.5,1.333,2.8774,3.0274,3.1774,3.3274,3.4774,3.6274,2,2,1,1,2,2
11105,Oebisfelde,52.435001,10.987223,5579.0,north,north,north,north,north,north,36.5,36.5,36.5,36.5,36.5,36.5,,,,,,,505.6,505.6,505.6,505.6,505.6,505.6,3.5,4.0,4.5,5.0,5.5,6.0,,,,,,,,,,,,,3.3847,3.5347,3.6847,3.8347,3.9847,4.1347,0,0,0,0,0,0
11106,Oranienbaum (Anhalt),51.797779,12.404722,,north,north,north,north,north,north,10.1,10.1,10.1,10.1,10.1,10.1,,,,,,,80.6,80.6,80.6,80.6,80.6,80.6,0.71,1.21,1.71,2.21,2.71,3.21,,,,,,,,,,,,,2.1475,2.2975,2.4475,2.5975,2.7475,2.8975,1,1,1,1,1,1
11107,Ortrand,51.375557,13.756945,5688.0,middle,middle,middle,middle,middle,middle,30.8,30.8,30.8,30.8,30.8,30.8,,,,,,,195.5,195.5,195.5,195.5,195.5,195.5,0.5,1.0,1.5,2.0,2.5,3.0,,,,,,,,,,,,,2.3776,2.5276,2.6776,2.8276,2.9776,3.1276,0,0,0,0,0,0
11108,Oschersleben,52.02639,11.226944,11493.0,north,north,north,north,north,north,31.0,31.0,31.0,31.0,31.0,31.0,,,,,,,115.7,115.7,115.7,115.7,115.7,115.7,4.36,4.86,5.36,5.86,6.36,6.86,,,,,,,,,,,,,3.1242,3.2742,3.4242,3.5742,3.7242,3.8742,0,0,0,0,0,0
11109,Osterburg,52.787777,11.753612,5724.0,north,north,north,north,north,north,17.6,17.6,17.6,17.6,17.6,17.6,,,,,,,240.1,240.1,240.1,240.1,240.1,240.1,0.93,1.43,1.93,2.43,2.93,3.43,,,,,,,,,,,,,2.5531,2.7031,2.8531,3.0031,3.1531,3.3031,0,0,0,0,0,0
11110,Osterfeld,51.080555,11.932222,17453.0,middle,middle,middle,middle,middle,middle,38.0,38.0,38.0,38.0,38.0,38.0,,,,,,,69.3,69.3,69.3,69.3,69.3,69.3,0.0,0.2,0.7,1.2,1.7,2.2,,,,,,,,,,,,,1.7263,1.7863,1.9363,2.0863,2.2363,2.3863,0,0,0,0,0,0
11111,Osterwieck,51.9725,10.706667,5735.0,north,north,north,north,north,north,13.2,13.2,13.2,13.2,13.2,13.2,,,,,,,154.0,154.0,154.0,154.0,154.0,154.0,4.5,5.0,5.5,6.0,6.5,7.0,,,,,,,,,,,,,3.5029,3.6529,3.8029,3.9529,4.1029,4.2529,1,1,1,1,1,1
11112,Prettin,51.661667,12.923333,12512.0,north,north,north,north,north,north,2.7,2.7,2.7,2.7,2.7,2.7,,,,,,,87.9,87.9,87.9,87.9,87.9,87.9,3.5,4.0,4.5,5.0,5.5,6.0,,,,,,,,,,,,,3.1111,3.2611,3.4111,3.5611,3.7111,3.8611,1,1,1,1,1,1
11113,Pretzsch,51.715,12.807222,,north,north,north,north,north,north,9.6,9.6,9.6,9.6,9.6,9.6,,,,,,,132.7,132.7,132.7,132.7,132.7,132.7,2.85,3.35,3.85,4.35,4.85,5.35,,,,,,,,,,,,,2.9934,3.1434,3.2934,3.4434,3.5934,3.7434,1,1,1,1,1,1
11114,Quedlinburg,51.789165,11.143888,6195.0,north,north,north,north,north,north,38.2,38.2,38.2,38.2,38.2,38.2,123.0,123.0,123.0,123.0,123.0,123.0,80.4,80.4,80.4,80.4,80.4,80.4,3.28,3.78,4.28,4.78,5.28,5.78,2500.0,3000.0,2500.0,2000.0,3500.0,5000.0,1.25,1.2,0.833,0.8,1.75,1.429,2.567,2.717,2.867,3.017,3.167,3.317,0,2,0,0,2,2
11115,Querfurt,51.38028,11.601111,6200.0,middle,middle,middle,middle,middle,middle,28.1,28.1,28.1,28.1,28.1,28.1,,,,,,,101.7,101.7,101.7,101.7,101.7,101.7,3.51,4.01,4.51,5.01,5.51,6.01,,,,,,,,,,,,,3.0546,3.2046,3.3546,3.5046,3.6546,3.8046,0,0,0,0,0,0
11116,Radegast,51.655277,12.0925,,north,north,north,north,north,north,20.0,20.0,20.0,20.0,20.0,20.0,,,,,,,146.6,146.6,146.6,146.6,146.6,146.6,0.06,0.56,1.06,1.56,2.06,2.56,,,,,,,,,,,,,2.0657,2.2157,2.3657,2.5157,2.6657,2.8157,0,0,0,0,0,0
11117,Raguhn,51.708057,12.268611,12513.0,north,north,north,north,north,north,18.2,18.2,18.2,18.2,18.2,18.2,,,,,,,106.8,106.8,106.8,106.8,106.8,106.8,0.0,0.15,0.65,1.15,1.65,2.15,,,,,,,,,,,,,1.945,1.99,2.14,2.29,2.44,2.59,0,0,0,0,0,0
11118,Ranis,50.660831,11.565556,11494.0,middle,middle,middle,middle,middle,middle,88.9,88.9,88.9,88.9,88.9,88.9,,,,,,,97.0,97.0,97.0,97.0,97.0,97.0,2.5,3.0,3.5,4.0,4.5,5.0,,,,,,,,,,,,,2.584,2.734,2.884,3.034,3.184,3.334,0,0,0,0,0,0
11119,Rosslau,51.889721,12.243055,6541.0,north,north,north,north,north,north,2.6,2.6,2.6,2.6,2.6,2.6,,,,,,,219.3,219.3,219.3,219.3,219.3,219.3,0.35,0.85,1.35,1.85,2.35,2.85,,,,,,,,,,,,,2.5307,2.6807,2.8307,2.9807,3.1307,3.2807,1,1,1,1,1,1
11120,Bad Sachsa,51.594444,10.551945,10421.0,north,north,north,north,north,north,41.5,41.5,41.5,41.5,41.5,41.5,,,,,,,119.1,119.1,119.1,119.1,119.1,119.1,3.9,4.4,4.9,5.4,5.9,6.4,,,,,,,,,,,,,2.8852,3.0352,3.1852,3.3352,3.4852,3.6352,0,0,0,0,0,0
11121,Salzwedel,52.852779,11.153334,6712.0,north,north,north,north,north,north,4.3,4.3,4.3,4.3,4.3,4.3,19.0,19.0,19.0,19.0,19.0,19.0,282.7,282.7,282.7,282.7,282.7,282.7,1.38,1.88,2.38,2.88,3.38,3.88,3000.0,3000.0,2500.0,2000.0,3500.0,5000.0,1.0,1.0,0.833,0.8,1.75,1.429,2.9195,3.0695,3.2195,3.3695,3.5195,3.6695,2,2,1,1,2,2
11122,Sandau,52.789722,12.046111,6718.0,north,north,north,north,north,north,5.0,5.0,5.0,5.0,5.0,5.0,,,,,,,121.7,121.7,121.7,121.7,121.7,121.7,3.5,4.0,4.5,5.0,5.5,6.0,,,,,,,,,,,,,3.2107,3.3607,3.5107,3.6607,3.8107,3.9607,1,1,1,1,1,1
11123,Sandersleben,51.676388,11.5675,6723.0,north,north,north,north,north,north,8.4,8.4,8.4,8.4,8.4,8.4,,,,,,,66.8,66.8,66.8,66.8,66.8,66.8,2.04,2.54,3.04,3.54,4.04,4.54,,,,,,,,,,,,,2.4936,2.6436,2.7936,2.9436,3.0936,3.2436,1,1,1,1,1,1
11124,Sangerhausen,51.47361,11.298333,6731.0,middle,middle,middle,middle,middle,middle,36.8,36.8,36.8,36.8,36.8,36.8,,,,,,,227.9,227.9,227.9,227.9,227.9,227.9,4.86,5.36,5.86,6.36,6.86,7.36,,,,,,,,,,,,,3.6714,3.8214,3.9714,4.1214,4.2714,4.4214,0,0,0,0,0,0
11125,Schafstaedt,51.383057,11.774167,6799.0,middle,middle,middle,middle,middle,middle,23.5,23.5,23.5,23.5,23.5,23.5,,,,,,,117.9,117.9,117.9,117.9,117.9,117.9,3.51,4.01,4.51,5.01,5.51,6.01,,,,,,,,,,,,,3.17,3.32,3.47,3.62,3.77,3.92,0,0,0,0,0,0
11126,Schildau,51.45639,12.927222,12516.0,middle,middle,middle,middle,middle,middle,12.3,12.3,12.3,12.3,12.3,12.3,,,,,,,203.1,203.1,203.1,203.1,203.1,203.1,0.66,1.16,1.66,2.16,2.66,3.16,,,,,,,,,,,,,2.6715,2.8215,2.9715,3.1215,3.2715,3.4215,2,2,2,2,2,2
11127,Schkeuditz,51.396111,12.221666,6860.0,middle,middle,middle,middle,middle,middle,17.9,17.9,17.9,17.9,17.9,17.9,,,,,,,160.1,160.1,160.1,160.1,160.1,160.1,2.69,3.19,3.69,4.19,4.69,5.19,,,,,,,,,,,,,3.1165,3.2665,3.4165,3.5665,3.7165,3.8665,0,0,0,0,0,0
11128,Schkoelen,51.041943,11.821667,17724.0,middle,middle,middle,middle,middle,middle,46.8,46.8,46.8,46.8,46.8,46.8,,,,,,,89.5,89.5,89.5,89.5,89.5,89.5,0.0,0.0,0.0,0.0,0.5,1.0,,,,,,,,,,,,,1.8022,1.8022,1.8022,1.8022,1.9522,2.1022,0,0,0,0,0,0
11129,Schleusingen,50.508888,10.749166,6881.0,middle,middle,middle,middle,middle,middle,83.1,83.1,83.1,83.1,83.1,83.1,,,,,,,157.2,157.2,157.2,157.2,157.2,157.2,2.5,3.0,3.5,4.0,4.5,5.0,,,,,,,,,,,,,2.7756,2.9256,3.0756,3.2256,3.3756,3.5256,0,0,0,0,0,0
11130,Schlieben,51.722221,13.384722,6885.0,north,north,north,north,north,north,31.1,31.1,31.1,31.1,31.1,31.1,,,,,,,202.6,202.6,202.6,202.6,202.6,202.6,0.75,1.25,1.75,2.25,2.75,3.25,,,,,,,,,,,,,2.2627,2.4127,2.5627,2.7127,2.8627,3.0127,0,0,0,0,0,0
11131,Bad Schmiedeberg,51.683887,12.7325,12517.0,north,north,north,north,north,north,11.5,11.5,11.5,11.5,11.5,11.5,,,,,,,171.2,171.2,171.2,171.2,171.2,171.2,0.75,1.25,1.75,2.25,2.75,3.25,,,,,,,,,,,,,2.4404,2.5904,2.7404,2.8904,3.0404,3.1904,1,1,1,1,1,1
11132,Schoenebeck,52.724167,11.583055,,north,north,north,north,north,north,29.5,29.5,29.5,29.5,29.5,29.5,,,,,,,192.1,192.1,192.1,192.1,192.1,192.1,0.56,1.06,1.56,2.06,2.56,3.06,,,,,,,,,,,,,2.204,2.354,2.504,2.654,2.804,2.954,0,0,0,0,0,0
11133,Schoenebeck-Frohse,52.03611,11.713333,,north,north,north,north,north,north,1.4,1.4,1.4,1.4,1.4,1.4,,,,,,,98.2,98.2,98.2,98.2,98.2,98.2,3.14,3.64,4.14,4.64,5.14,5.64,,,,,,,,,,,,,3.064,3.214,3.364,3.514,3.664,3.814,1,1,1,1,1,1
11134,Schoenebeck-Bad Salzelmen,52.0,11.733334,,north,north,north,north,north,north,2.8,2.8,2.8,2.8,2.8,2.8,,,,,,,88.1,88.1,88.1,88.1,88.1,88.1,1.26,1.76,2.26,2.76,3.26,3.76,,,,,,,,,,,,,2.4394,2.5894,2.7394,2.8894,3.0394,3.1894,1,1,1,1,1,1
11135,Schoenewalde,51.813889,13.228333,,north,north,north,north,north,north,29.2,29.2,29.2,29.2,29.2,29.2,,,,,,,265.2,265.2,265.2,265.2,265.2,265.2,0.0,0.0,0.0,0.0,0.0,0.26,,,,,,,,,,,,,2.1691,2.1691,2.1691,2.1691,2.1691,2.2471,0,0,0,0,0,0
11136,Schraplau,51.439445,11.666945,,middle,middle,middle,middle,middle,middle,20.1,20.1,20.1,20.1,20.1,20.1,,,,,,,124.2,124.2,124.2,124.2,124.2,124.2,3.5,4.0,4.5,5.0,5.5,6.0,,,,,,,,,,,,,3.2309,3.3809,3.5309,3.6809,3.8309,3.9809,0,0,0,0,0,0
11137,Schwanebeck,51.967224,11.120833,,north,north,north,north,north,north,36.0,36.0,36.0,36.0,36.0,36.0,,,,,,,145.8,145.8,145.8,145.8,145.8,145.8,2.75,3.25,3.75,4.25,4.75,5.25,,,,,,,,,,,,,2.6706,2.8206,2.9706,3.1206,3.2706,3.4206,0,0,0,0,0,0
11138,Schweinitz,51.7925,13.027223,,north,north,north,north,north,north,18.9,18.9,18.9,18.9,18.9,18.9,,,,,,,121.9,121.9,121.9,121.9,121.9,121.9,0.68,1.18,1.68,2.18,2.68,3.18,,,,,,,,,,,,,2.1929,2.3429,2.4929,2.6429,2.7929,2.9429,0,0,0,0,0,0
11139,Seehausen i. Altmark,52.890278,11.753056,7049.0,north,north,north,north,north,north,8.8,8.8,8.8,8.8,8.8,8.8,,,,,,,178.3,178.3,178.3,178.3,178.3,178.3,3.5,4.0,4.5,5.0,5.5,6.0,,,,,,,,,,,,,3.3156,3.4656,3.6156,3.7656,3.9156,4.0656,1,1,1,1,1,1
11140,Seehausen b. Magdeburg,52.100555,11.296667,7051.0,north,north,north,north,north,north,24.9,24.9,24.9,24.9,24.9,24.9,,,,,,,256.5,256.5,256.5,256.5,256.5,256.5,2.84,3.34,3.84,4.34,4.84,5.34,,,,,,,,,,,,,3.0616,3.2116,3.3616,3.5116,3.6616,3.8116,0,0,0,0,0,0
11141,Seyda,51.881668,12.906389,,north,north,north,north,north,north,15.9,15.9,15.9,15.9,15.9,15.9,,,,,,,178.1,178.1,178.1,178.1,178.1,178.1,1.5,2.0,2.5,3.0,3.5,4.0,,,,,,,,,,,,,2.6265,2.7765,2.9265,3.0765,3.2265,3.3765,0,0,0,0,0,0
11142,Soemmerda,51.159168,11.118889,11495.0,middle,middle,middle,middle,middle,middle,68.5,68.5,68.5,68.5,68.5,68.5,,,,,,,130.6,130.6,130.6,130.6,130.6,130.6,4.64,5.14,5.64,6.14,6.64,7.14,,,,,,,,,,,,,3.3438,3.4938,3.6438,3.7938,3.9438,4.0938,0,0,0,0,0,0
11143,Sparnberg,50.411945,11.771111,,middle,middle,middle,middle,middle,middle,104.8,104.8,104.8,104.8,104.8,104.8,,,,,,,55.8,55.8,55.8,55.8,55.8,55.8,1.5,2.0,2.5,3.0,3.5,4.0,,,,,,,,,,,,,2.0655,2.2155,2.3655,2.5155,2.6655,2.8155,0,0,0,0,0,0
11144,Stassfurt,51.853333,11.583611,7352.0,north,north,north,north,north,north,12.2,12.2,12.2,12.2,12.2,12.2,,,,,,,65.1,65.1,65.1,65.1,65.1,65.1,4.45,4.95,5.45,5.95,6.45,6.95,,,,,,,,,,,,,3.159,3.309,3.459,3.609,3.759,3.909,1,1,1,1,1,1
11145,Stendal,52.605,11.859167,7405.0,north,north,north,north,north,north,9.0,9.0,9.0,9.0,9.0,9.0,32.0,32.0,32.0,32.0,32.0,32.0,259.0,259.0,259.0,259.0,259.0,259.0,2.28,2.78,3.28,3.78,4.28,4.78,1500.0,2000.0,4000.0,6000.0,6000.0,6000.0,1.5,1.333,2.0,1.5,1.0,1.0,3.0961,3.2461,3.3961,3.5461,3.6961,3.8461,1,1,2,2,2,2
11146,Stoessen,51.113888,11.922778,17454.0,middle,middle,middle,middle,middle,middle,36.6,36.6,36.6,36.6,36.6,36.6,,,,,,,59.9,59.9,59.9,59.9,59.9,59.9,3.17,3.67,4.17,4.67,5.17,5.67,,,,,,,,,,,,,2.6366,2.7866,2.9366,3.0866,3.2366,3.3866,0,0,0,0,0,0
11147,Stolberg (Harz),51.573055,10.954722,7441.0,north,north,north,north,north,north,52.2,52.2,52.2,52.2,52.2,52.2,,,,,,,160.9,160.9,160.9,160.9,160.9,160.9,1.5,2.0,2.5,3.0,3.5,4.0,,,,,,,,,,,,,2.2848,2.4348,2.5848,2.7348,2.8848,3.0348,0,0,0,0,0,0
11148,Suhl,50.609444,10.686666,7529.0,middle,middle,middle,middle,middle,middle,73.8,73.8,73.8,73.8,73.8,73.8,422.0,422.0,422.0,422.0,422.0,422.0,129.6,129.6,129.6,129.6,129.6,129.6,2.73,3.23,3.73,4.23,4.73,5.23,500.0,1000.0,1000.0,1000.0,1500.0,2000.0,,2.0,1.0,1.0,1.5,1.333,2.7533,2.9033,3.0533,3.2033,3.3533,3.5033,0,0,0,0,0,0
11149,Tangerhuette,52.434723,11.805278,,north,north,north,north,north,north,8.9,8.9,8.9,8.9,8.9,8.9,,,,,,,369.2,369.2,369.2,369.2,369.2,369.2,1.9,2.4,2.9,3.4,3.9,4.4,,,,,,,,,,,,,3.1238,3.2738,3.4238,3.5738,3.7238,3.8738,1,1,1,1,1,1
11150,Tangermuende,52.540833,11.970834,11446.0,north,north,north,north,north,north,3.3,3.3,3.3,3.3,3.3,3.3,,,,,,,122.2,122.2,122.2,122.2,122.2,122.2,2.41,2.91,3.41,3.91,4.41,4.91,,,,,,,,,,,,,2.9078,3.0578,3.2078,3.3578,3.5078,3.6578,1,1,1,1,1,1
11151,Bad Tennstedt,51.15361,10.838611,7651.0,middle,middle,middle,middle,middle,middle,50.9,50.9,50.9,50.9,50.9,50.9,,,,,,,161.7,161.7,161.7,161.7,161.7,161.7,5.5,6.0,6.5,7.0,7.5,8.0,,,,,,,,,,,,,3.6868,3.8368,3.9868,4.1368,4.2868,4.4368,0,0,0,0,0,0
11152,Teuchern,51.118332,12.021944,12519.0,middle,middle,middle,middle,middle,middle,30.5,30.5,30.5,30.5,30.5,30.5,,,,,,,88.5,88.5,88.5,88.5,88.5,88.5,3.17,3.67,4.17,4.67,5.17,5.67,,,,,,,,,,,,,2.8679,3.0179,3.1679,3.3179,3.4679,3.6179,0,0,0,0,0,0
11153,Thale,51.750832,11.036944,,north,north,north,north,north,north,43.1,43.1,43.1,43.1,43.1,43.1,,,,,,,134.2,134.2,134.2,134.2,134.2,134.2,4.5,5.0,5.5,6.0,6.5,7.0,,,,,,,,,,,,,3.1128,3.2628,3.4128,3.5628,3.7128,3.8628,0,0,0,0,0,0
11154,Thamsbrueck,51.139721,10.639167,10205.0,middle,middle,middle,middle,middle,middle,37.2,37.2,37.2,37.2,37.2,37.2,,,,,,,113.1,113.1,113.1,113.1,113.1,113.1,4.5,5.0,5.5,6.0,6.5,7.0,,,,,,,,,,,,,3.2794,3.4294,3.5794,3.7294,3.8794,4.0294,0,0,0,0,0,0
11155,Torgau,51.558334,13.004167,7760.0,north,north,north,north,north,north,6.2,6.2,6.2,6.2,6.2,6.2,78.0,78.0,78.0,78.0,78.0,78.0,163.0,163.0,163.0,163.0,163.0,163.0,2.77,3.27,3.77,4.27,4.77,5.27,1500.0,1000.0,1500.0,2000.0,2500.0,3000.0,0.75,0.667,1.5,1.333,1.25,1.2,3.094,3.244,3.394,3.544,3.694,3.844,1,1,1,1,1,2
11156,Treffurt,51.136944,10.23,12520.0,middle,middle,middle,middle,middle,middle,10.0,10.0,10.0,10.0,10.0,10.0,,,,,,,140.2,140.2,140.2,140.2,140.2,140.2,1.46,1.96,2.46,2.96,3.46,3.96,,,,,,,,,,,,,2.793,2.943,3.093,3.243,3.393,3.543,2,2,2,2,2,2
11157,Uebigau,51.593056,13.297222,7877.0,north,north,north,north,north,north,17.3,17.3,17.3,17.3,17.3,17.3,,,,,,,78.6,78.6,78.6,78.6,78.6,78.6,0.15,0.65,1.15,1.65,2.15,2.65,,,,,,,,,,,,,1.879,2.029,2.179,2.329,2.479,2.629,0,0,0,0,0,0
11158,Wahrenbrueck,51.549446,13.363334,,north,north,north,north,north,north,16.7,16.7,16.7,16.7,16.7,16.7,,,,,,,89.8,89.8,89.8,89.8,89.8,89.8,0.51,1.01,1.51,2.01,2.51,3.01,,,,,,,,,,,,,2.0479,2.1979,2.3479,2.4979,2.6479,2.7979,0,0,0,0,0,0
11159,Wanzleben,52.060555,11.445278,8181.0,north,north,north,north,north,north,15.6,15.6,15.6,15.6,15.6,15.6,,,,,,,222.3,222.3,222.3,222.3,222.3,222.3,3.6,4.1,4.6,5.1,5.6,6.1,,,,,,,,,,,,,3.3479,3.4979,3.6479,3.7979,3.9479,4.0979,0,0,0,0,0,0
11160,Wegeleben,51.884998,11.172778,12521.0,north,north,north,north,north,north,39.6,39.6,39.6,39.6,39.6,39.6,,,,,,,80.9,80.9,80.9,80.9,80.9,80.9,3.5,4.0,4.5,5.0,5.5,6.0,,,,,,,,,,,,,2.6167,2.7667,2.9167,3.0667,3.2167,3.3667,0,0,0,0,0,0
11161,Weissenfels,51.200554,11.97,8272.0,middle,middle,middle,middle,middle,middle,29.9,29.9,29.9,29.9,29.9,29.9,100.0,100.0,100.0,100.0,100.0,100.0,140.5,140.5,140.5,140.5,140.5,140.5,0.65,1.15,1.65,2.15,2.65,3.15,1500.0,2000.0,1500.0,1000.0,1000.0,1000.0,1.5,1.333,0.75,0.667,1.0,1.0,2.3021,2.4521,2.6021,2.7521,2.9021,3.0521,0,0,0,0,0,0
11162,Weissensee,51.195278,11.068055,,middle,middle,middle,middle,middle,middle,66.7,66.7,66.7,66.7,66.7,66.7,,,,,,,78.5,78.5,78.5,78.5,78.5,78.5,0.82,1.32,1.82,2.32,2.82,3.32,,,,,,,,,,,,,1.9961,2.1461,2.2961,2.4461,2.5961,2.7461,0,0,0,0,0,0
11163,Werben (Elbe),52.859722,11.982223,8322.0,north,north,north,north,north,north,2.7,2.7,2.7,2.7,2.7,2.7,,,,,,,150.1,150.1,150.1,150.1,150.1,150.1,2.45,2.95,3.45,3.95,4.45,4.95,,,,,,,,,,,,,3.0082,3.1582,3.3082,3.4582,3.6082,3.7582,1,1,1,1,1,1
11164,Wernigerode,51.834446,10.784166,8336.0,north,north,north,north,north,north,23.6,23.6,23.6,23.6,23.6,23.6,,,,,,,132.6,132.6,132.6,132.6,132.6,132.6,4.5,5.0,5.5,6.0,6.5,7.0,,,,,,,,,,,,,3.3129,3.4629,3.6129,3.7629,3.9129,4.0629,0,0,0,0,0,0
11165,Wettin,51.585835,11.8075,,north,north,north,north,north,north,1.2,1.2,1.2,1.2,1.2,1.2,,,,,,,159.5,159.5,159.5,159.5,159.5,159.5,2.89,3.39,3.89,4.39,4.89,5.39,,,,,,,,,,,,,3.1833,3.3333,3.4833,3.6333,3.7833,3.9333,1,1,1,1,1,1
11166,Wiehe,51.267223,11.411944,11538.0,middle,middle,middle,middle,middle,middle,46.0,46.0,46.0,46.0,46.0,46.0,,,,,,,146.3,146.3,146.3,146.3,146.3,146.3,4.64,5.14,5.64,6.14,6.64,7.14,,,,,,,,,,,,,3.3891,3.5391,3.6891,3.8391,3.9891,4.1391,0,0,0,0,0,0
11167,Wittenberg,51.866943,12.645278,8513.0,north,north,north,north,north,north,6.6,6.6,6.6,6.6,6.6,6.6,75.0,75.0,75.0,75.0,75.0,75.0,195.0,195.0,195.0,195.0,195.0,195.0,0.7,1.2,1.7,2.2,2.7,3.2,2500.0,3000.0,2500.0,2000.0,2000.0,2000.0,1.25,1.2,0.833,0.8,1.0,1.0,2.539,2.689,2.839,2.989,3.139,3.289,1,2,1,1,1,1
11168,Woerlitz,51.842499,12.418612,12523.0,north,north,north,north,north,north,6.6,6.6,6.6,6.6,6.6,6.6,,,,,,,76.1,76.1,76.1,76.1,76.1,76.1,2.84,3.34,3.84,4.34,4.84,5.34,,,,,,,,,,,,,2.8073,2.9573,3.1073,3.2573,3.4073,3.5573,1,1,1,1,1,1
11169,Wolmirstedt,52.250278,11.627778,8600.0,north,north,north,north,north,north,7.7,7.7,7.7,7.7,7.7,7.7,,,,,,,350.3,350.3,350.3,350.3,350.3,350.3,2.41,2.91,3.41,3.91,4.41,4.91,,,,,,,,,,,,,3.2709,3.4209,3.5709,3.7209,3.8709,4.0209,1,1,1,1,1,1
11170,Worbis,51.421944,10.358889,8611.0,middle,middle,middle,middle,middle,middle,31.3,31.3,31.3,31.3,31.3,31.3,,,,,,,218.4,218.4,218.4,218.4,218.4,218.4,0.0,0.11,0.61,1.11,1.61,2.11,,,,,,,,,,,,,2.2646,2.2976,2.4476,2.5976,2.7476,2.8976,0,0,0,0,0,0
11171,Zahna,51.916111,12.785556,8690.0,north,north,north,north,north,north,14.8,14.8,14.8,14.8,14.8,14.8,,,,,,,194.7,194.7,194.7,194.7,194.7,194.7,2.85,3.35,3.85,4.35,4.85,5.35,,,,,,,,,,,,,3.0811,3.2311,3.3811,3.5311,3.6811,3.8311,1,1,1,1,1,1
11172,Zeitz,51.050278,12.134444,8752.0,middle,middle,middle,middle,middle,middle,30.2,30.2,30.2,30.2,30.2,30.2,160.0,160.0,160.0,160.0,160.0,160.0,159.9,159.9,159.9,159.9,159.9,159.9,2.83,3.33,3.83,4.33,4.83,5.33,1500.0,2000.0,1500.0,1000.0,1500.0,2000.0,1.5,1.333,0.75,0.667,1.5,1.333,3.0043,3.1543,3.3043,3.4543,3.6043,3.7543,0,0,0,0,0,0
11173,Zerbst,51.96389,12.085278,8763.0,north,north,north,north,north,north,9.7,9.7,9.7,9.7,9.7,9.7,67.0,67.0,67.0,67.0,67.0,67.0,141.8,141.8,141.8,141.8,141.8,141.8,3.02,3.52,4.02,4.52,5.02,5.52,6500.0,9000.0,7000.0,5000.0,5500.0,6000.0,1.625,1.385,0.778,0.714,1.1,1.091,3.0695,3.2195,3.3695,3.5195,3.6695,3.8195,2,2,2,2,2,2
11174,Ziegenrueck,50.614445,11.648889,12524.0,middle,middle,middle,middle,middle,middle,89.4,89.4,89.4,89.4,89.4,89.4,,,,,,,134.7,134.7,134.7,134.7,134.7,134.7,0.0,0.0,0.23,0.73,1.23,1.73,,,,,,,,,,,,,1.9643,1.9643,2.0333,2.1833,2.3333,2.4833,0,0,0,0,0,0
11175,Ziesar,52.266945,12.289444,8789.0,north,north,north,north,north,north,20.5,20.5,20.5,20.5,20.5,20.5,,,,,,,265.6,265.6,265.6,265.6,265.6,265.6,3.02,3.52,4.02,4.52,5.02,5.52,,,,,,,,,,,,,3.1839,3.3339,3.4839,3.6339,3.7839,3.9339,0,0,0,0,0,0
11176,Zoerbig,51.628334,12.1225,8830.0,north,north,north,north,north,north,21.2,21.2,21.2,21.2,21.2,21.2,,,,,,,90.2,90.2,90.2,90.2,90.2,90.2,2.89,3.39,3.89,4.39,4.89,5.39,,,,,,,,,,,,,2.7073,2.8573,3.0073,3.1573,3.3073,3.4573,0,0,0,0,0,0
12001,Achim,53.012779,9.0327778,,north,north,north,north,north,north,2.2,2.2,2.2,2.2,2.2,2.2,,,,,,,525.1,525.1,525.1,525.1,525.1,525.1,1.62,2.12,2.62,3.12,3.62,4.12,,,,,,,,,,,,,3.2642,3.4142,3.5642,3.7142,3.8642,4.0142,1,1,1,1,1,1
12002,Alfeld,51.987221,9.8269444,122.0,north,north,north,north,north,north,24.5,24.5,24.5,24.5,24.5,24.5,,,,,,,208.9,208.9,208.9,208.9,208.9,208.9,0.36,0.86,1.36,1.86,2.36,2.86,,,,,,,,,,,,,2.2407,2.3907,2.5407,2.6907,2.8407,2.9907,0,0,0,0,0,0
12003,Altenau,51.803333,10.4475,10951.0,north,north,north,north,north,north,18.7,18.7,18.7,18.7,18.7,18.7,,,,,,,112.5,112.5,112.5,112.5,112.5,112.5,0.0,0.02,0.52,1.02,1.52,2.02,,,,,,,,,,,,,1.9586,1.9646,2.1146,2.2646,2.4146,2.5646,0,0,0,0,0,0
12004,St. Andreasberg,51.708889,10.517777,10950.0,north,north,north,north,north,north,28.7,28.7,28.7,28.7,28.7,28.7,,,,,,,94.5,94.5,94.5,94.5,94.5,94.5,0.0,0.0,0.0,0.0,0.0,0.13,,,,,,,,,,,,,1.7655,1.7655,1.7655,1.7655,1.7655,1.8045,0,0,0,0,0,0
12005,Aurich,53.469723,7.4822221,351.0,north,north,north,north,north,north,27.9,27.9,27.9,27.9,27.9,27.9,,,,,,,553.9,553.9,553.9,553.9,553.9,553.9,1.0,1.5,2.0,2.5,3.0,3.5,,,,,,,,,,,,,2.7784,2.9284,3.0784,3.2284,3.3784,3.5284,0,0,0,0,0,0
12006,Bassum,52.847778,8.7252779,,north,north,north,north,north,north,21.8,21.8,21.8,21.8,21.8,21.8,,,,,,,336.3,336.3,336.3,336.3,336.3,336.3,3.92,4.42,4.92,5.42,5.92,6.42,,,,,,,,,,,,,3.5322,3.6822,3.8322,3.9822,4.1322,4.2822,0,0,0,0,0,0
12007,Bentheim,52.302502,7.1594443,,north,north,north,north,north,north,8.5,8.5,8.5,8.5,8.5,8.5,,,,,,,115.8,115.8,115.8,115.8,115.8,115.8,1.34,1.84,2.34,2.84,3.34,3.84,,,,,,,,,,,,,2.5005,2.6505,2.8005,2.9505,3.1005,3.2505,1,1,1,1,1,1
12008,Bevensen,53.079166,10.579722,,north,north,north,north,north,north,0.7,0.7,0.7,0.7,0.7,0.7,,,,,,,437.6,437.6,437.6,437.6,437.6,437.6,0.88,1.38,1.88,2.38,2.88,3.38,,,,,,,,,,,,,2.9889,3.1389,3.2889,3.4389,3.5889,3.7389,1,1,1,1,1,1
12009,Bleckede,53.291111,10.7325,,north,north,north,north,north,north,4.3,4.3,4.3,4.3,4.3,4.3,,,,,,,411.8,411.8,411.8,411.8,411.8,411.8,0.41,0.91,1.41,1.91,2.41,2.91,,,,,,,,,,,,,2.7789,2.9289,3.0789,3.2289,3.3789,3.5289,1,1,1,1,1,1
12010,Bockenem,52.007778,10.129167,757.0,north,north,north,north,north,north,26.8,26.8,26.8,26.8,26.8,26.8,,,,,,,261.1,261.1,261.1,261.1,261.1,261.1,1.19,1.69,2.19,2.69,3.19,3.69,,,,,,,,,,,,,2.5495,2.6995,2.8495,2.9995,3.1495,3.2995,0,0,0,0,0,0
12011,Bodenwerder,51.975834,9.5119448,12833.0,north,north,north,north,north,north,3.7,3.7,3.7,3.7,3.7,3.7,,,,,,,234.8,234.8,234.8,234.8,234.8,234.8,1.04,1.54,2.04,2.54,3.04,3.54,,,,,,,,,,,,,2.7503,2.9003,3.0503,3.2003,3.3503,3.5003,1,1,1,1,1,1
12012,Borkum,53.587776,6.6644444,,north,north,north,north,north,north,29.2,29.2,29.2,29.2,29.2,29.2,,,,,,,332.4,332.4,332.4,332.4,332.4,332.4,0.0,0.0,0.0,0.0,0.0,0.0,,,,,,,,,,,,,2.2588,2.2588,2.2588,2.2588,2.2588,2.2588,0,0,0,0,0,0
12013,Brake,53.328056,8.4772224,,north,north,north,north,north,north,0.5,0.5,0.5,0.5,0.5,0.5,,,,,,,286.0,286.0,286.0,286.0,286.0,286.0,1.11,1.61,2.11,2.61,3.11,3.61,,,,,,,,,,,,,2.89,3.04,3.19,3.34,3.49,3.64,1,1,1,1,1,1
12014,Bramsche,52.406666,7.978889,,north,north,north,north,north,north,39.2,39.2,39.2,39.2,39.2,39.2,,,,,,,476.9,476.9,476.9,476.9,476.9,476.9,1.53,2.03,2.53,3.03,3.53,4.03,,,,,,,,,,,,,2.7365,2.8865,3.0365,3.1865,3.3365,3.4865,0,0,0,0,0,0
12015,Braunlage,51.727779,10.610556,,north,north,north,north,north,north,27.4,27.4,27.4,27.4,27.4,27.4,,,,,,,138.2,138.2,138.2,138.2,138.2,138.2,0.0,0.0,0.0,0.0,0.0,0.0,,,,,,,,,,,,,1.9324,1.9324,1.9324,1.9324,1.9324,1.9324,0,0,0,0,0,0
12016,Braunschweig,52.262222,10.520278,942.0,north,north,north,north,north,north,1.8,1.8,1.8,1.8,1.8,1.8,71.0,71.0,71.0,71.0,71.0,71.0,334.9,334.9,334.9,334.9,334.9,334.9,2.19,2.69,3.19,3.69,4.19,4.69,11500.0,12000.0,15000.0,18000.0,18000.0,18000.0,1.045,1.043,1.25,1.2,1.0,1.0,3.2612,3.4112,3.5612,3.7112,3.8612,4.0112,2,2,3,3,2,2
12017,Bremen,53.075832,8.8072224,973.0,north,north,north,north,north,north,0.2,0.2,0.2,0.2,0.2,0.2,3.0,3.0,3.0,3.0,3.0,3.0,253.2,253.2,253.2,253.2,253.2,253.2,4.7,5.2,5.7,6.2,6.7,7.2,10500.0,13000.0,10000.0,7000.0,12500.0,18000.0,1.312,1.238,0.769,0.7,1.786,1.44,3.9225,4.0725,4.2225,4.3725,4.5225,4.6725,3,3,2,2,3,3
12018,Bremen-Vegesack,53.168335,8.623889,,north,north,north,north,north,north,15.6,15.6,15.6,15.6,15.6,15.6,,,,,,,229.5,229.5,229.5,229.5,229.5,229.5,0.0,0.0,0.0,0.0,0.0,0.3,,,,,,,,,,,,,2.2811,2.2811,2.2811,2.2811,2.2811,2.3711,0,0,0,0,0,0
12019,Bremerhaven,53.543335,8.5775003,,north,north,north,north,north,north,0.1,0.1,0.1,0.1,0.1,0.1,2.0,2.0,2.0,2.0,2.0,2.0,719.1,719.1,719.1,719.1,719.1,719.1,0.0,0.0,0.0,0.0,0.0,0.0,0.0,0.0,0.0,0.0,0.0,0.0,,,,,,,2.9301,2.9301,2.9301,2.9301,2.9301,2.9301,1,1,1,1,1,1
12020,Bremervoerde,53.485279,9.146389,,north,north,north,north,north,north,7.6,7.6,7.6,7.6,7.6,7.6,,,,,,,925.9,925.9,925.9,925.9,925.9,925.9,4.5,5.0,5.5,6.0,6.5,7.0,,,,,,,,,,,,,4.2874,4.4374,4.5874,4.7374,4.8874,5.0374,1,1,1,1,1,1
12021,Bueckeburg,52.260277,9.0502777,1082.0,north,north,north,north,north,north,8.8,8.8,8.8,8.8,8.8,8.8,,,,,,,89.9,89.9,89.9,89.9,89.9,89.9,0.0,0.44,0.94,1.44,1.94,2.44,,,,,,,,,,,,,1.9944,2.1264,2.2764,2.4264,2.5764,2.7264,1,1,1,1,1,1
12022,Burgdorf,52.446667,10.008611,1131.0,north,north,north,north,north,north,19.6,19.6,19.6,19.6,19.6,19.6,,,,,,,286.8,286.8,286.8,286.8,286.8,286.8,0.0,0.5,1.0,1.5,2.0,2.5,,,,,,,,,,,,,2.3203,2.4703,2.6203,2.7703,2.9203,3.0703,0,0,0,0,0,0
12023,Buxtehude,53.475834,9.6986113,1154.0,north,north,north,north,north,north,5.6,5.6,5.6,5.6,5.6,5.6,,,,,,,625.0,625.0,625.0,625.0,625.0,625.0,2.91,3.41,3.91,4.41,4.91,5.41,,,,,,,,,,,,,3.6789,3.8289,3.9789,4.1289,4.2789,4.4289,1,1,1,1,1,1
12024,Celle,52.62611,10.080556,1177.0,north,north,north,north,north,north,0.2,0.2,0.2,0.2,0.2,0.2,40.0,40.0,40.0,40.0,40.0,40.0,1100.5,1100.5,1100.5,1100.5,1100.5,1100.5,2.6,3.1,3.6,4.1,4.6,5.1,1000.0,1000.0,1000.0,1000.0,1000.0,1000.0,1.0,1.0,1.0,1.0,1.0,1.0,3.8799,4.0299,4.1799,4.3299,4.4799,4.6299,1,1,1,1,1,1
12025,Clausthal-Zellerfeld,51.803612,10.333055,8757.0,north,north,north,north,north,north,22.0,22.0,22.0,22.0,22.0,22.0,560.0,560.0,560.0,560.0,560.0,560.0,81.8,81.8,81.8,81.8,81.8,81.8,1.0,1.5,2.0,2.5,3.0,3.5,0.0,0.0,0.0,0.0,500.0,1000.0,,,,,,2.0,1.9851,2.1351,2.2851,2.4351,2.5851,2.7351,0,0,0,0,0,0
12026,Cloppenburg,52.846111,8.0433331,1236.0,north,north,north,north,north,north,34.8,34.8,34.8,34.8,34.8,34.8,,,,,,,495.6,495.6,495.6,495.6,495.6,495.6,0.0,0.04,0.54,1.04,1.54,2.04,,,,,,,,,,,,,2.3485,2.3605,2.5105,2.6605,2.8105,2.9605,0,0,0,0,0,0
12027,Dannenberg,53.098888,11.096389,1330.0,north,north,north,north,north,north,3.4,3.4,3.4,3.4,3.4,3.4,,,,,,,163.6,163.6,163.6,163.6,163.6,163.6,0.92,1.42,1.92,2.42,2.92,3.42,,,,,,,,,,,,,2.5747,2.7247,2.8747,3.0247,3.1747,3.3247,1,1,1,1,1,1
12028,Dassel,51.801945,9.686944,1341.0,north,north,north,north,north,north,18.8,18.8,18.8,18.8,18.8,18.8,,,,,,,185.7,185.7,185.7,185.7,185.7,185.7,3.96,4.46,4.96,5.46,5.96,6.46,,,,,,,,,,,,,3.3445,3.4945,3.6445,3.7945,3.9445,4.0945,0,0,0,0,0,0
12029,Delmenhorst,53.049721,8.6338892,1379.0,north,north,north,north,north,north,11.6,11.6,11.6,11.6,11.6,11.6,,,,,,,278.5,278.5,278.5,278.5,278.5,278.5,0.0,0.46,0.96,1.46,1.96,2.46,,,,,,,,,,,,,2.4087,2.5467,2.6967,2.8467,2.9967,3.1467,1,1,1,1,1,1
12030,Diepholz,52.60611,8.3702774,1429.0,north,north,north,north,north,north,48.4,48.4,48.4,48.4,48.4,48.4,,,,,,,612.1,612.1,612.1,612.1,612.1,612.1,1.3,1.8,2.3,2.8,3.3,3.8,,,,,,,,,,,,,2.7574,2.9074,3.0574,3.2074,3.3574,3.5074,0,0,0,0,0,0
12031,Dransfeld,51.502224,9.7624998,35.0,north,north,north,north,north,north,11.2,11.2,11.2,11.2,11.2,11.2,,,,,,,178.7,178.7,178.7,178.7,178.7,178.7,2.9,3.4,3.9,4.4,4.9,5.4,,,,,,,,,,,,,3.1062,3.2562,3.4062,3.5562,3.7062,3.8562,1,1,1,1,1,1
12032,Duderstadt,51.512222,10.256945,1610.0,north,north,north,north,north,north,32.9,32.9,32.9,32.9,32.9,32.9,,,,,,,268.8,268.8,268.8,268.8,268.8,268.8,3.23,3.73,4.23,4.73,5.23,5.73,,,,,,,,,,,,,3.0971,3.2471,3.3971,3.5471,3.6971,3.8471,0,0,0,0,0,0
12033,Einbeck,51.816387,9.8658333,50.0,north,north,north,north,north,north,30.7,30.7,30.7,30.7,30.7,30.7,112.0,112.0,112.0,112.0,112.0,112.0,187.5,187.5,187.5,187.5,187.5,187.5,1.16,1.66,2.16,2.66,3.16,3.66,1500.0,2000.0,2500.0,3000.0,5000.0,7000.0,1.5,1.333,1.25,1.2,1.667,1.4,2.3602,2.5102,2.6602,2.8102,2.9602,3.1102,0,0,0,2,2,2
12034,Eldagsen,52.171112,9.6602774,10987.0,north,north,north,north,north,north,22.2,22.2,22.2,22.2,22.2,22.2,,,,,,,174.6,174.6,174.6,174.6,174.6,174.6,0.5,1.0,1.5,2.0,2.5,3.0,,,,,,,,,,,,,2.2403,2.3903,2.5403,2.6903,2.8403,2.9903,0,0,0,0,0,0
12035,Elsfleth,53.236946,8.4569445,,north,north,north,north,north,north,10.4,10.4,10.4,10.4,10.4,10.4,,,,,,,312.9,312.9,312.9,312.9,312.9,312.9,0.3,0.8,1.3,1.8,2.3,2.8,,,,,,,,,,,,,2.5599,2.7099,2.8599,3.0099,3.1599,3.3099,1,1,1,1,1,1
12036,Elze,52.581112,9.7388887,,north,north,north,north,north,north,12.1,12.1,12.1,12.1,12.1,12.1,,,,,,,566.2,566.2,566.2,566.2,566.2,566.2,4.82,5.32,5.82,6.32,6.82,7.32,,,,,,,,,,,,,4.1306,4.2806,4.4306,4.5806,4.7306,4.8806,1,1,1,1,1,1
12037,Emden,53.370556,7.2058334,1790.0,north,north,north,north,north,north,19.0,19.0,19.0,19.0,19.0,19.0,2.0,2.0,2.0,2.0,2.0,2.0,1263.8,1263.8,1263.8,1263.8,1263.8,1263.8,4.5,5.0,5.5,6.0,6.5,7.0,2500.0,3000.0,2500.0,2000.0,3500.0,5000.0,1.25,1.2,0.833,0.8,1.75,1.429,4.2691,4.4191,4.5691,4.7191,4.8691,5.0191,0,2,0,0,2,2
12038,Eschershausen,51.929443,9.6338892,,north,north,north,north,north,north,11.8,11.8,11.8,11.8,11.8,11.8,,,,,,,154.1,154.1,154.1,154.1,154.1,154.1,2.1,2.6,3.1,3.6,4.1,4.6,,,,,,,,,,,,,2.7999,2.9499,3.0999,3.2499,3.3999,3.5499,1,1,1,1,1,1
12039,Esens,53.642502,7.6122222,9595.0,north,north,north,north,north,north,23.9,23.9,23.9,23.9,23.9,23.9,,,,,,,2462.2,2462.2,2462.2,2462.2,2462.2,2462.2,1.5,2.0,2.5,3.0,3.5,4.0,,,,,,,,,,,,,3.5755,3.7255,3.8755,4.0255,4.1755,4.3255,0,0,0,0,0,0
12040,Fallersleben,52.415833,10.716666,,north,north,north,north,north,north,20.1,20.1,20.1,20.1,20.1,20.1,,,,,,,235.3,235.3,235.3,235.3,235.3,235.3,2.53,3.03,3.53,4.03,4.53,5.03,,,,,,,,,,,,,2.9936,3.1436,3.2936,3.4436,3.5936,3.7436,0,0,0,0,0,0
12041,Fallingbostel,52.865833,9.6938887,,north,north,north,north,north,north,14.4,14.4,14.4,14.4,14.4,14.4,,,,,,,316.9,316.9,316.9,316.9,316.9,316.9,2.5,3.0,3.5,4.0,4.5,5.0,,,,,,,,,,,,,3.1749,3.3249,3.4749,3.6249,3.7749,3.9249,1,1,1,1,1,1
12042,Freren,52.486668,7.543889,,north,north,north,north,north,north,15.5,15.5,15.5,15.5,15.5,15.5,,,,,,,267.5,267.5,267.5,267.5,267.5,267.5,3.59,4.09,4.59,5.09,5.59,6.09,,,,,,,,,,,,,3.4201,3.5701,3.7201,3.8701,4.0201,4.1701,0,0,0,0,0,0
12043,Friesoythe,53.020557,7.8594446,2036.0,north,north,north,north,north,north,11.8,11.8,11.8,11.8,11.8,11.8,,,,,,,1115.2,1115.2,1115.2,1115.2,1115.2,1115.2,0.61,1.11,1.61,2.11,2.61,3.11,,,,,,,,,,,,,3.1427,3.2927,3.4427,3.5927,3.7427,3.8927,1,1,1,1,1,1
12044,Fuerstenau,52.516388,7.6747222,2049.0,north,north,north,north,north,north,24.6,24.6,24.6,24.6,24.6,24.6,,,,,,,469.1,469.1,469.1,469.1,469.1,469.1,0.0,0.0,0.0,0.5,1.0,1.5,,,,,,,,,,,,,2.4537,2.4537,2.4537,2.6037,2.7537,2.9037,0,0,0,0,0,0
12045,Bad Gandersheim,51.870556,10.024445,2084.0,north,north,north,north,north,north,35.3,35.3,35.3,35.3,35.3,35.3,,,,,,,214.3,214.3,214.3,214.3,214.3,214.3,3.94,4.44,4.94,5.44,5.94,6.44,,,,,,,,,,,,,3.1897,3.3397,3.4897,3.6397,3.7897,3.9397,0,0,0,0,0,0
12046,Gehrden,52.314999,9.5988894,,north,north,north,north,north,north,10.1,10.1,10.1,10.1,10.1,10.1,,,,,,,207.3,207.3,207.3,207.3,207.3,207.3,0.0,0.02,0.52,1.02,1.52,2.02,,,,,,,,,,,,,2.31,2.316,2.466,2.616,2.766,2.916,1,1,1,1,1,1
12047,Gifhorn,52.481945,10.544723,,north,north,north,north,north,north,15.6,15.6,15.6,15.6,15.6,15.6,,,,,,,709.6,709.6,709.6,709.6,709.6,709.6,0.37,0.87,1.37,1.87,2.37,2.87,,,,,,,,,,,,,2.842,2.992,3.142,3.292,3.442,3.592,0,0,0,0,0,0
12048,Goettingen,51.532776,9.9350004,0.0,north,north,north,north,north,north,21.0,21.0,21.0,21.0,21.0,21.0,150.0,150.0,150.0,150.0,150.0,150.0,295.4,295.4,295.4,295.4,295.4,295.4,2.97,3.47,3.97,4.47,4.97,5.47,6000.0,8000.0,6500.0,5000.0,6000.0,7000.0,1.5,1.333,0.812,0.769,1.2,1.167,3.2051,3.3551,3.5051,3.6551,3.8051,3.9551,2,2,1,1,2,2
12049,Goslar,51.906387,10.428889,2337.0,north,north,north,north,north,north,8.9,8.9,8.9,8.9,8.9,8.9,406.0,406.0,406.0,406.0,406.0,406.0,133.4,133.4,133.4,133.4,133.4,133.4,2.45,2.95,3.45,3.95,4.45,4.95,6500.0,9000.0,7500.0,6000.0,9000.0,12000.0,1.625,1.385,0.833,0.8,1.5,1.333,2.8799,3.0299,3.1799,3.3299,3.4799,3.6299,2,2,2,2,2,3
12050,Gronau in Niedersachsen,52.086666,9.7863894,10441.0,north,north,north,north,north,north,23.8,23.8,23.8,23.8,23.8,23.8,,,,,,,171.3,171.3,171.3,171.3,171.3,171.3,0.0,0.02,0.52,1.02,1.52,2.02,,,,,,,,,,,,,2.0619,2.0679,2.2179,2.3679,2.5179,2.6679,0,0,0,0,0,0
12051,Bad Grund,51.809723,10.236667,10945.0,north,north,north,north,north,north,25.9,25.9,25.9,25.9,25.9,25.9,,,,,,,80.9,80.9,80.9,80.9,80.9,80.9,0.0,0.0,0.33,0.83,1.33,1.83,,,,,,,,,,,,,1.7392,1.7392,1.8382,1.9882,2.1382,2.2882,0,0,0,0,0,0
12052,Hameln,52.104168,9.3561115,2778.0,north,north,north,north,north,north,3.2,3.2,3.2,3.2,3.2,3.2,68.0,68.0,68.0,68.0,68.0,68.0,178.6,178.6,178.6,178.6,178.6,178.6,5.0,5.5,6.0,6.5,7.0,7.5,1000.0,1000.0,1000.0,1000.0,1000.0,1000.0,1.0,1.0,1.0,1.0,1.0,1.0,3.8366,3.9866,4.1366,4.2866,4.4366,4.5866,1,1,1,1,1,1
12053,Hannover,52.371387,9.7366667,2795.0,north,north,north,north,north,north,4.2,4.2,4.2,4.2,4.2,4.2,53.0,53.0,53.0,53.0,53.0,53.0,244.3,244.3,244.3,244.3,244.3,244.3,2.28,2.78,3.28,3.78,4.28,4.78,3500.0,5000.0,5000.0,5000.0,5500.0,6000.0,1.75,1.429,1.0,1.0,1.1,1.091,3.1321,3.2821,3.4321,3.5821,3.7321,3.8821,2,2,2,2,2,2
12054,Harburg (Elbe),53.460278,9.976944,2802.0,north,north,north,north,north,north,1.3,1.3,1.3,1.3,1.3,1.3,,,,,,,452.9,452.9,452.9,452.9,452.9,452.9,1.08,1.58,2.08,2.58,3.08,3.58,,,,,,,,,,,,,3.0548,3.2048,3.3548,3.5048,3.6548,3.8048,1,1,1,1,1,1
12055,Hardegsen,51.651943,9.8249998,9616.0,north,north,north,north,north,north,19.1,19.1,19.1,19.1,19.1,19.1,,,,,,,148.2,148.2,148.2,148.2,148.2,148.2,0.0,0.0,0.4,0.9,1.4,1.9,,,,,,,,,,,,,2.0635,2.0635,2.1835,2.3335,2.4835,2.6335,0,0,0,0,0,0
12056,Bad Harzburg,51.879723,10.564445,,north,north,north,north,north,north,10.2,10.2,10.2,10.2,10.2,10.2,,,,,,,132.1,132.1,132.1,132.1,132.1,132.1,1.85,2.35,2.85,3.35,3.85,4.35,,,,,,,,,,,,,2.6835,2.8335,2.9835,3.1335,3.2835,3.4335,1,1,1,1,1,1
12057,Haseluenne,52.673332,7.4866667,2840.0,north,north,north,north,north,north,6.7,6.7,6.7,6.7,6.7,6.7,,,,,,,624.7,624.7,624.7,624.7,624.7,624.7,4.16,4.66,5.16,5.66,6.16,6.66,,,,,,,,,,,,,4.0397,4.1897,4.3397,4.4897,4.6397,4.7897,1,1,1,1,1,1
12058,Hedemuenden,51.389446,9.7647219,10989.0,middle,middle,middle,middle,middle,middle,1.2,1.2,1.2,1.2,1.2,1.2,,,,,,,116.2,116.2,116.2,116.2,116.2,116.2,2.33,2.83,3.33,3.83,4.33,4.83,,,,,,,,,,,,,3.0897,3.2397,3.3897,3.5397,3.6897,3.8397,2,2,2,2,2,2
12059,Helmstedt,52.227501,11.010278,2945.0,north,north,north,north,north,north,23.6,23.6,23.6,23.6,23.6,23.6,123.0,123.0,123.0,123.0,123.0,123.0,348.4,348.4,348.4,348.4,348.4,348.4,2.98,3.48,3.98,4.48,4.98,5.48,2500.0,2000.0,1500.0,1000.0,1500.0,2000.0,0.833,0.8,0.75,0.667,1.5,1.333,3.2413,3.3913,3.5413,3.6913,3.8413,3.9913,0,0,0,0,0,0
12060,Herzberg am Harz,51.655834,10.339444,,north,north,north,north,north,north,36.6,36.6,36.6,36.6,36.6,36.6,,,,,,,157.0,157.0,157.0,157.0,157.0,157.0,2.21,2.71,3.21,3.71,4.21,4.71,,,,,,,,,,,,,2.5305,2.6805,2.8305,2.9805,3.1305,3.2805,0,0,0,0,0,0
12061,Hessisch-Oldendorf,52.168335,9.2524996,3026.0,north,north,north,north,north,north,0.5,0.5,0.5,0.5,0.5,0.5,,,,,,,181.0,181.0,181.0,181.0,181.0,181.0,0.25,0.75,1.25,1.75,2.25,2.75,,,,,,,,,,,,,2.4505,2.6005,2.7505,2.9005,3.0505,3.2005,1,1,1,1,1,1
12062,Hildesheim,52.152779,9.9513893,3050.0,north,north,north,north,north,north,32.1,32.1,32.1,32.1,32.1,32.1,129.0,129.0,129.0,129.0,129.0,129.0,210.6,210.6,210.6,210.6,210.6,210.6,4.35,4.85,5.35,5.85,6.35,6.85,6500.0,8000.0,7000.0,6000.0,8000.0,10000.0,1.3,1.231,0.875,0.857,1.333,1.25,3.3456,3.4956,3.6456,3.7956,3.9456,4.0956,2,2,1,1,2,3
12063,Hitzacker,53.148888,11.036667,9287.0,north,north,north,north,north,north,3.5,3.5,3.5,3.5,3.5,3.5,,,,,,,549.7,549.7,549.7,549.7,549.7,549.7,0.7,1.2,1.7,2.2,2.7,3.2,,,,,,,,,,,,,2.991,3.141,3.291,3.441,3.591,3.741,1,1,1,1,1,1
12064,Holzminden,51.827778,9.4505558,3175.0,north,north,north,north,north,north,4.0,4.0,4.0,4.0,4.0,4.0,,,,,,,194.3,194.3,194.3,194.3,194.3,194.3,4.28,4.78,5.28,5.78,6.28,6.78,,,,,,,,,,,,,3.6441,3.7941,3.9441,4.0941,4.2441,4.3941,1,1,1,1,1,1
12065,Hornburg (Schladen-Werla),52.030277,10.605833,3213.0,north,north,north,north,north,north,4.7,4.7,4.7,4.7,4.7,4.7,,,,,,,145.1,145.1,145.1,145.1,145.1,145.1,3.18,3.68,4.18,4.68,5.18,5.68,,,,,,,,,,,,,3.1894,3.3394,3.4894,3.6394,3.7894,3.9394,1,1,1,1,1,1
12066,Hoya,52.805557,9.1355553,,north,north,north,north,north,north,4.0,4.0,4.0,4.0,4.0,4.0,,,,,,,372.4,372.4,372.4,372.4,372.4,372.4,4.82,5.32,5.82,6.32,6.82,7.32,,,,,,,,,,,,,4.0656,4.2156,4.3656,4.5156,4.6656,4.8156,1,1,1,1,1,1
12067,Jever,53.575554,7.9002776,9594.0,north,north,north,north,north,north,5.3,5.3,5.3,5.3,5.3,5.3,,,,,,,1417.8,1417.8,1417.8,1417.8,1417.8,1417.8,2.11,2.61,3.11,3.61,4.11,4.61,,,,,,,,,,,,,3.7697,3.9197,4.0697,4.2197,4.3697,4.5197,1,1,1,1,1,1
12068,Koenigslutter,52.252224,10.816667,3921.0,north,north,north,north,north,north,14.3,14.3,14.3,14.3,14.3,14.3,,,,,,,227.0,227.0,227.0,227.0,227.0,227.0,2.94,3.44,3.94,4.44,4.94,5.44,,,,,,,,,,,,,3.1747,3.3247,3.4747,3.6247,3.7747,3.9247,1,1,1,1,1,1
12069,Lautenthal,51.869167,10.286667,10947.0,north,north,north,north,north,north,19.0,19.0,19.0,19.0,19.0,19.0,,,,,,,103.9,103.9,103.9,103.9,103.9,103.9,0.0,0.0,0.0,0.0,0.0,0.0,,,,,,,,,,,,,1.9233,1.9233,1.9233,1.9233,1.9233,1.9233,0,0,0,0,0,0
12070,Bad Lauterberg,51.626667,10.465278,,north,north,north,north,north,north,38.0,38.0,38.0,38.0,38.0,38.0,,,,,,,138.3,138.3,138.3,138.3,138.3,138.3,0.6,1.1,1.6,2.1,2.6,3.1,,,,,,,,,,,,,1.9802,2.1302,2.2802,2.4302,2.5802,2.7302,0,0,0,0,0,0
12071,Leer,53.229443,7.4513888,,north,north,north,north,north,north,1.5,1.5,1.5,1.5,1.5,1.5,3.0,3.0,3.0,3.0,3.0,3.0,534.7,534.7,534.7,534.7,534.7,534.7,4.63,5.13,5.63,6.13,6.63,7.13,2000.0,2000.0,1500.0,1000.0,2000.0,3000.0,1.0,1.0,0.75,0.667,2.0,1.5,4.1836,4.3336,4.4836,4.6336,4.7836,4.9336,1,1,1,1,1,2
12072,Lehrte,52.372501,9.976944,,north,north,north,north,north,north,20.1,20.1,20.1,20.1,20.1,20.1,,,,,,,245.8,245.8,245.8,245.8,245.8,245.8,1.03,1.53,2.03,2.53,3.03,3.53,,,,,,,,,,,,,2.5612,2.7112,2.8612,3.0112,3.1612,3.3112,0,0,0,0,0,0
12073,Lingen,52.522221,7.3166666,4475.0,north,north,north,north,north,north,0.5,0.5,0.5,0.5,0.5,0.5,,,,,,,340.4,340.4,340.4,340.4,340.4,340.4,2.75,3.25,3.75,4.25,4.75,5.25,,,,,,,,,,,,,3.4516,3.6016,3.7516,3.9016,4.0516,4.2016,1,1,1,1,1,1
12074,Lohne,52.665554,8.2375002,,north,north,north,north,north,north,57.3,57.3,57.3,57.3,57.3,57.3,,,,,,,339.0,339.0,339.0,339.0,339.0,339.0,2.7,3.2,3.7,4.2,4.7,5.2,,,,,,,,,,,,,2.9415,3.0915,3.2415,3.3915,3.5415,3.6915,0,0,0,0,0,0
12075,Luechow,52.967499,11.161667,4622.0,north,north,north,north,north,north,2.8,2.8,2.8,2.8,2.8,2.8,,,,,,,198.3,198.3,198.3,198.3,198.3,198.3,0.92,1.42,1.92,2.42,2.92,3.42,,,,,,,,,,,,,2.6584,2.8084,2.9584,3.1084,3.2584,3.4084,1,1,1,1,1,1
12076,Lueneburg,53.24889,10.408611,11788.0,north,north,north,north,north,north,10.1,10.1,10.1,10.1,10.1,10.1,16.0,16.0,16.0,16.0,16.0,16.0,592.8,592.8,592.8,592.8,592.8,592.8,2.99,3.49,3.99,4.49,4.99,5.49,8000.0,8000.0,6500.0,5000.0,8500.0,12000.0,1.0,1.0,0.812,0.769,1.7,1.412,3.6252,3.7752,3.9252,4.0752,4.2252,4.3752,2,2,2,2,2,3
12077,Melle,52.201668,8.335556,,north,north,north,north,north,north,38.0,38.0,38.0,38.0,38.0,38.0,,,,,,,346.2,346.2,346.2,346.2,346.2,346.2,0.81,1.31,1.81,2.31,2.81,3.31,,,,,,,,,,,,,2.4084,2.5584,2.7084,2.8584,3.0084,3.1584,0,0,0,0,0,0
12078,Meppen,52.690556,7.2916665,4881.0,north,north,north,north,north,north,5.9,5.9,5.9,5.9,5.9,5.9,,,,,,,900.0,900.0,900.0,900.0,900.0,900.0,4.41,4.91,5.41,5.91,6.41,6.91,,,,,,,,,,,,,4.2701,4.4201,4.5701,4.7201,4.8701,5.0201,1,1,1,1,1,1
12079,Moringen,51.696945,9.8708334,47.0,north,north,north,north,north,north,23.5,23.5,23.5,23.5,23.5,23.5,,,,,,,104.8,104.8,104.8,104.8,104.8,104.8,0.93,1.43,1.93,2.43,2.93,3.43,,,,,,,,,,,,,2.1492,2.2992,2.4492,2.5992,2.7492,2.8992,0,0,0,0,0,0
12080,Hann. Muenden,51.417221,9.6511106,17.0,middle,middle,middle,middle,middle,middle,3.9,3.9,3.9,3.9,3.9,3.9,,,,,,,216.5,216.5,216.5,216.5,216.5,216.5,4.13,4.63,5.13,5.63,6.13,6.63,,,,,,,,,,,,,3.8429,3.9929,4.1429,4.2929,4.4429,4.5929,2,2,2,2,2,2
12081,Muender,52.197498,9.4636106,,north,north,north,north,north,north,12.8,12.8,12.8,12.8,12.8,12.8,,,,,,,163.2,163.2,163.2,163.2,163.2,163.2,4.2,4.7,5.2,5.7,6.2,6.7,,,,,,,,,,,,,3.4405,3.5905,3.7405,3.8905,4.0405,4.1905,1,1,1,1,1,1
12082,Neuenhaus,52.498055,6.9663887,5250.0,north,north,north,north,north,north,0.5,0.5,0.5,0.5,0.5,0.5,,,,,,,3699.0,3699.0,3699.0,3699.0,3699.0,3699.0,0.0,0.0,0.33,0.83,1.33,1.83,,,,,,,,,,,,,3.5797,3.5797,3.6787,3.8287,3.9787,4.1287,1,1,1,1,1,1
12083,Neustadt am Ruebenberge,52.504723,9.4575005,5307.0,north,north,north,north,north,north,0.4,0.4,0.4,0.4,0.4,0.4,,,,,,,367.4,367.4,367.4,367.4,367.4,367.4,0.35,0.85,1.35,1.85,2.35,2.85,,,,,,,,,,,,,2.7635,2.9135,3.0635,3.2135,3.3635,3.5135,1,1,1,1,1,1
12084,Nienburg (Weser),52.640278,9.206111,5398.0,north,north,north,north,north,north,5.1,5.1,5.1,5.1,5.1,5.1,,,,,,,318.8,318.8,318.8,318.8,318.8,318.8,2.25,2.75,3.25,3.75,4.25,4.75,,,,,,,,,,,,,3.2186,3.3686,3.5186,3.6686,3.8186,3.9686,1,1,1,1,1,1
12085,Norden,53.594723,7.2022223,5453.0,north,north,north,north,north,north,34.6,34.6,34.6,34.6,34.6,34.6,7.0,7.0,7.0,7.0,7.0,7.0,510.3,510.3,510.3,510.3,510.3,510.3,0.25,0.75,1.25,1.75,2.25,2.75,1500.0,2000.0,1500.0,1000.0,1500.0,2000.0,1.5,1.333,0.75,0.667,1.5,1.333,2.4371,2.5871,2.7371,2.8871,3.0371,3.1871,0,0,0,0,0,0
12086,Nordenham,53.484722,8.4838886,,north,north,north,north,north,north,9.1,9.1,9.1,9.1,9.1,9.1,,,,,,,477.6,477.6,477.6,477.6,477.6,477.6,0.0,0.0,0.38,0.88,1.38,1.88,,,,,,,,,,,,,2.655,2.655,2.769,2.919,3.069,3.219,1,1,1,1,1,1
12087,Norderney,53.707222,7.145278,,north,north,north,north,north,north,44.4,44.4,44.4,44.4,44.4,44.4,,,,,,,6039.8,6039.8,6039.8,6039.8,6039.8,6039.8,0.0,0.0,0.0,0.02,0.52,1.02,,,,,,,,,,,,,3.2825,3.2825,3.2825,3.2885,3.4385,3.5885,0,0,0,0,0,0
12088,Nordhorn,52.437778,7.0702777,5461.0,north,north,north,north,north,north,5.1,5.1,5.1,5.1,5.1,5.1,,,,,,,290.0,290.0,290.0,290.0,290.0,290.0,3.5,4.0,4.5,5.0,5.5,6.0,,,,,,,,,,,,,3.5553,3.7053,3.8553,4.0053,4.1553,4.3053,1,1,1,1,1,1
12089,Northeim,51.705555,10.000278,1.0,north,north,north,north,north,north,32.3,32.3,32.3,32.3,32.3,32.3,,,,,,,269.1,269.1,269.1,269.1,269.1,269.1,4.5,5.0,5.5,6.0,6.5,7.0,,,,,,,,,,,,,3.486,3.636,3.786,3.936,4.086,4.236,0,0,0,0,0,0
12090,Obernkirchen,52.27,9.1277781,8899.0,north,north,north,north,north,north,9.8,9.8,9.8,9.8,9.8,9.8,,,,,,,97.2,97.2,97.2,97.2,97.2,97.2,4.75,5.25,5.75,6.25,6.75,7.25,,,,,,,,,,,,,3.4371,3.5871,3.7371,3.8871,4.0371,4.1871,1,1,1,1,1,1
12091,Oldenburg,53.143055,8.2127781,5623.0,north,north,north,north,north,north,27.5,27.5,27.5,27.5,27.5,27.5,5.0,5.0,5.0,5.0,5.0,5.0,655.0,655.0,655.0,655.0,655.0,655.0,2.0,2.5,3.0,3.5,4.0,4.5,2500.0,3000.0,2500.0,2000.0,2000.0,2000.0,1.25,1.2,0.833,0.8,1.0,1.0,3.1509,3.3009,3.4509,3.6009,3.7509,3.9009,0,2,0,0,0,0
12092,Osnabrueck,52.276669,8.0436115,5704.0,north,north,north,north,north,north,36.8,36.8,36.8,36.8,36.8,36.8,65.0,65.0,65.0,65.0,65.0,65.0,423.7,423.7,423.7,423.7,423.7,423.7,4.7,5.2,5.7,6.2,6.7,7.2,9500.0,9000.0,7000.0,5000.0,5500.0,6000.0,0.95,0.947,0.778,0.714,1.1,1.091,3.6709,3.8209,3.9709,4.1209,4.2709,4.4209,1,1,1,1,2,2
12093,Osterholz-Scharmbeck,53.230278,8.7827778,,north,north,north,north,north,north,17.1,17.1,17.1,17.1,17.1,17.1,,,,,,,631.3,631.3,631.3,631.3,631.3,631.3,2.07,2.57,3.07,3.57,4.07,4.57,,,,,,,,,,,,,3.2866,3.4366,3.5866,3.7366,3.8866,4.0366,0,0,0,0,0,0
12094,Osterode am Harz,51.727501,10.250834,5734.0,north,north,north,north,north,north,32.2,32.2,32.2,32.2,32.2,32.2,,,,,,,175.3,175.3,175.3,175.3,175.3,175.3,1.14,1.64,2.14,2.64,3.14,3.64,,,,,,,,,,,,,2.3086,2.4586,2.6086,2.7586,2.9086,3.0586,0,0,0,0,0,0
12095,Otterndorf,53.807777,8.8999996,11020.0,north,north,north,north,north,north,9.0,9.0,9.0,9.0,9.0,9.0,,,,,,,647.3,647.3,647.3,647.3,647.3,647.3,0.0,0.39,0.89,1.39,1.89,2.39,,,,,,,,,,,,,2.777,2.894,3.044,3.194,3.344,3.494,1,1,1,1,1,1
12096,Papenburg,53.078056,7.3930554,,north,north,north,north,north,north,5.1,5.1,5.1,5.1,5.1,5.1,,,,,,,716.3,716.3,716.3,716.3,716.3,716.3,0.0,0.0,0.0,0.21,0.71,1.21,,,,,,,,,,,,,2.8667,2.8667,2.8667,2.9297,3.0797,3.2297,1,1,1,1,1,1
12097,Pattensen,52.263889,9.7613888,5855.0,north,north,north,north,north,north,15.0,15.0,15.0,15.0,15.0,15.0,,,,,,,120.5,120.5,120.5,120.5,120.5,120.5,2.28,2.78,3.28,3.78,4.28,4.78,,,,,,,,,,,,,2.7164,2.8664,3.0164,3.1664,3.3164,3.4664,1,1,1,1,1,1
12098,Peine,52.321667,10.226944,5869.0,north,north,north,north,north,north,14.7,14.7,14.7,14.7,14.7,14.7,,,,,,,640.8,640.8,640.8,640.8,640.8,640.8,3.2,3.7,4.2,4.7,5.2,5.7,,,,,,,,,,,,,3.6624,3.8124,3.9624,4.1124,4.2624,4.4124,1,1,1,1,1,1
12099,Bad Pyrmont,51.984444,9.2605553,,north,north,north,north,north,north,11.6,11.6,11.6,11.6,11.6,11.6,,,,,,,137.7,137.7,137.7,137.7,137.7,137.7,0.66,1.16,1.66,2.16,2.66,3.16,,,,,,,,,,,,,2.3257,2.4757,2.6257,2.7757,2.9257,3.0757,1,1,1,1,1,1
12100,Quakenbrueck,52.675835,7.956111,6188.0,north,north,north,north,north,north,38.3,38.3,38.3,38.3,38.3,38.3,,,,,,,585.9,585.9,585.9,585.9,585.9,585.9,0.15,0.65,1.15,1.65,2.15,2.65,,,,,,,,,,,,,2.4165,2.5665,2.7165,2.8665,3.0165,3.1665,0,0,0,0,0,0
12101,Rehburg,52.470001,9.2255554,,north,north,north,north,north,north,10.4,10.4,10.4,10.4,10.4,10.4,,,,,,,174.3,174.3,174.3,174.3,174.3,174.3,0.0,0.0,0.19,0.69,1.19,1.69,,,,,,,,,,,,,2.2362,2.2362,2.2932,2.4432,2.5932,2.7432,1,1,1,1,1,1
12102,Rethem,52.78611,9.3836107,,north,north,north,north,north,north,4.9,4.9,4.9,4.9,4.9,4.9,,,,,,,414.5,414.5,414.5,414.5,414.5,414.5,0.0,0.42,0.92,1.42,1.92,2.42,,,,,,,,,,,,,2.6507,2.7767,2.9267,3.0767,3.2267,3.3767,1,1,1,1,1,1
12103,Rinteln,52.186943,9.0797224,8884.0,north,north,north,north,north,north,3.2,3.2,3.2,3.2,3.2,3.2,,,,,,,168.6,168.6,168.6,168.6,168.6,168.6,0.97,1.47,1.97,2.47,2.97,3.47,,,,,,,,,,,,,2.605,2.755,2.905,3.055,3.205,3.355,1,1,1,1,1,1
12104,Rodenberg,52.311668,9.351944,11009.0,north,north,north,north,north,north,17.6,17.6,17.6,17.6,17.6,17.6,,,,,,,158.8,158.8,158.8,158.8,158.8,158.8,0.0,0.29,0.79,1.29,1.79,2.29,,,,,,,,,,,,,2.1096,2.1966,2.3466,2.4966,2.6466,2.7966,0,0,0,0,0,0
12105,Rotenburg,53.111389,9.4091663,,north,north,north,north,north,north,24.1,24.1,24.1,24.1,24.1,24.1,,,,,,,550.2,550.2,550.2,550.2,550.2,550.2,0.55,1.05,1.55,2.05,2.55,3.05,,,,,,,,,,,,,2.6888,2.8388,2.9888,3.1388,3.2888,3.4388,0,0,0,0,0,0
12107,Sachsenhagen,52.396389,9.2647219,,north,north,north,north,north,north,16.7,16.7,16.7,16.7,16.7,16.7,,,,,,,97.1,97.1,97.1,97.1,97.1,97.1,0.0,0.47,0.97,1.47,1.97,2.47,,,,,,,,,,,,,1.9251,2.0661,2.2161,2.3661,2.5161,2.6661,0,0,0,0,0,0
12108,Bad Salzdetfurth,52.063332,10.0075,,north,north,north,north,north,north,36.3,36.3,36.3,36.3,36.3,36.3,,,,,,,198.0,198.0,198.0,198.0,198.0,198.0,0.55,1.05,1.55,2.05,2.55,3.05,,,,,,,,,,,,,2.1279,2.2779,2.4279,2.5779,2.7279,2.8779,0,0,0,0,0,0
12109,Salzgitter,52.046665,10.371944,6705.0,north,north,north,north,north,north,12.8,12.8,12.8,12.8,12.8,12.8,90.0,90.0,90.0,90.0,90.0,90.0,339.9,339.9,339.9,339.9,339.9,339.9,3.14,3.64,4.14,4.64,5.14,5.64,500.0,1000.0,1000.0,1000.0,1000.0,1000.0,,2.0,1.0,1.0,1.0,1.0,3.4147,3.5647,3.7147,3.8647,4.0147,4.1647,1,1,1,1,1,1
12110,Sarstedt,52.234165,9.8555555,6774.0,north,north,north,north,north,north,20.9,20.9,20.9,20.9,20.9,20.9,,,,,,,152.1,152.1,152.1,152.1,152.1,152.1,0.34,0.84,1.34,1.84,2.34,2.84,,,,,,,,,,,,,2.1526,2.3026,2.4526,2.6026,2.7526,2.9026,0,0,0,0,0,0
12111,Schnackenburg,53.037224,11.565833,,north,north,north,north,north,north,3.1,3.1,3.1,3.1,3.1,3.1,,,,,,,237.9,237.9,237.9,237.9,237.9,237.9,0.32,0.82,1.32,1.82,2.32,2.82,,,,,,,,,,,,,2.548,2.698,2.848,2.998,3.148,3.298,1,1,1,1,1,1
12112,Schoeningen,52.138889,10.969722,6954.0,north,north,north,north,north,north,19.3,19.3,19.3,19.3,19.3,19.3,,,,,,,233.6,233.6,233.6,233.6,233.6,233.6,5.03,5.53,6.03,6.53,7.03,7.53,,,,,,,,,,,,,3.7505,3.9005,4.0505,4.2005,4.3505,4.5005,0,0,0,0,0,0
12113,Schoeppenstedt,52.144444,10.774445,6965.0,north,north,north,north,north,north,6.0,6.0,6.0,6.0,6.0,6.0,,,,,,,223.5,223.5,223.5,223.5,223.5,223.5,1.99,2.49,2.99,3.49,3.99,4.49,,,,,,,,,,,,,2.9875,3.1375,3.2875,3.4375,3.5875,3.7375,1,1,1,1,1,1
12114,Schuettorf,52.322224,7.2249999,6987.0,north,north,north,north,north,north,8.2,8.2,8.2,8.2,8.2,8.2,,,,,,,196.1,196.1,196.1,196.1,196.1,196.1,0.96,1.46,1.96,2.46,2.96,3.46,,,,,,,,,,,,,2.5992,2.7492,2.8992,3.0492,3.1992,3.3492,1,1,1,1,1,1
12115,Seesen,51.890835,10.175834,7060.0,north,north,north,north,north,north,24.7,24.7,24.7,24.7,24.7,24.7,,,,,,,137.9,137.9,137.9,137.9,137.9,137.9,2.77,3.27,3.77,4.27,4.77,5.27,,,,,,,,,,,,,2.7954,2.9454,3.0954,3.2454,3.3954,3.5454,0,0,0,0,0,0
12116,Soltau,52.986668,9.8374996,,north,north,north,north,north,north,30.9,30.9,30.9,30.9,30.9,30.9,,,,,,,1089.9,1089.9,1089.9,1089.9,1089.9,1089.9,3.13,3.63,4.13,4.63,5.13,5.63,,,,,,,,,,,,,3.6508,3.8008,3.9508,4.1008,4.2508,4.4008,0,0,0,0,0,0
12117,Springe,52.209167,9.5547218,7314.0,north,north,north,north,north,north,18.8,18.8,18.8,18.8,18.8,18.8,,,,,,,121.7,121.7,121.7,121.7,121.7,121.7,3.5,4.0,4.5,5.0,5.5,6.0,,,,,,,,,,,,,3.0386,3.1886,3.3386,3.4886,3.6386,3.7886,0,0,0,0,0,0
12118,Stade,53.601112,9.4758329,7321.0,north,north,north,north,north,north,2.0,2.0,2.0,2.0,2.0,2.0,9.0,9.0,9.0,9.0,9.0,9.0,499.2,499.2,499.2,499.2,499.2,499.2,2.56,3.06,3.56,4.06,4.56,5.06,2000.0,2000.0,1500.0,1000.0,1500.0,2000.0,1.0,1.0,0.75,0.667,1.5,1.333,3.5286,3.6786,3.8286,3.9786,4.1286,4.2786,1,1,1,1,1,1
12119,Stadthagen,52.323612,9.2027779,7322.0,north,north,north,north,north,north,16.5,16.5,16.5,16.5,16.5,16.5,,,,,,,120.5,120.5,120.5,120.5,120.5,120.5,0.3,0.8,1.3,1.8,2.3,2.8,,,,,,,,,,,,,2.1044,2.2544,2.4044,2.5544,2.7044,2.8544,0,0,0,0,0,0
12120,Stadtoldendorf,51.882221,9.6225004,7324.0,north,north,north,north,north,north,12.5,12.5,12.5,12.5,12.5,12.5,,,,,,,105.8,105.8,105.8,105.8,105.8,105.8,1.71,2.21,2.71,3.21,3.71,4.21,,,,,,,,,,,,,2.5247,2.6747,2.8247,2.9747,3.1247,3.2747,1,1,1,1,1,1
12121,Sulingen,52.681946,8.8011112,7535.0,north,north,north,north,north,north,25.5,25.5,25.5,25.5,25.5,25.5,,,,,,,690.9,690.9,690.9,690.9,690.9,690.9,2.21,2.71,3.21,3.71,4.21,4.71,,,,,,,,,,,,,3.2596,3.4096,3.5596,3.7096,3.8596,4.0096,0,0,0,0,0,0
12122,Syke,52.914444,8.8161116,,north,north,north,north,north,north,12.2,12.2,12.2,12.2,12.2,12.2,,,,,,,276.7,276.7,276.7,276.7,276.7,276.7,0.0,0.5,1.0,1.5,2.0,2.5,,,,,,,,,,,,,2.3981,2.5481,2.6981,2.8481,2.9981,3.1481,1,1,1,1,1,1
12123,Uelzen,52.964722,10.560555,7894.0,north,north,north,north,north,north,6.4,6.4,6.4,6.4,6.4,6.4,,,,,,,864.8,864.8,864.8,864.8,864.8,864.8,2.44,2.94,3.44,3.94,4.44,4.94,,,,,,,,,,,,,3.6569,3.8069,3.9569,4.1069,4.2569,4.4069,1,1,1,1,1,1
12124,Uslar,51.65889,9.6344442,9613.0,north,north,north,north,north,north,7.1,7.1,7.1,7.1,7.1,7.1,,,,,,,255.9,255.9,255.9,255.9,255.9,255.9,2.39,2.89,3.39,3.89,4.39,4.89,,,,,,,,,,,,,3.1474,3.2974,3.4474,3.5974,3.7474,3.8974,1,1,1,1,1,1
12125,Varel,53.394722,8.1350002,,north,north,north,north,north,north,24.4,24.4,24.4,24.4,24.4,24.4,,,,,,,571.4,571.4,571.4,571.4,571.4,571.4,1.26,1.76,2.26,2.76,3.26,3.76,,,,,,,,,,,,,2.9132,3.0632,3.2132,3.3632,3.5132,3.6632,0,0,0,0,0,0
12126,Vechta,52.727501,8.2847223,7973.0,north,north,north,north,north,north,51.6,51.6,51.6,51.6,51.6,51.6,,,,,,,265.3,265.3,265.3,265.3,265.3,265.3,0.62,1.12,1.62,2.12,2.62,3.12,,,,,,,,,,,,,2.2198,2.3698,2.5198,2.6698,2.8198,2.9698,0,0,0,0,0,0
12127,Verden,52.923332,9.2308331,8005.0,north,north,north,north,north,north,2.1,2.1,2.1,2.1,2.1,2.1,20.0,20.0,20.0,20.0,20.0,20.0,343.4,343.4,343.4,343.4,343.4,343.4,8.0,8.0,8.0,8.0,8.0,8.0,2000.0,2000.0,1500.0,1000.0,1500.0,2000.0,1.0,1.0,0.75,0.667,1.5,1.333,5.0109,5.0109,5.0109,5.0109,5.0109,5.0109,1,1,1,1,1,1
12128,Vienenburg,51.950554,10.563889,,north,north,north,north,north,north,3.8,3.8,3.8,3.8,3.8,3.8,,,,,,,102.5,102.5,102.5,102.5,102.5,102.5,0.76,1.26,1.76,2.26,2.76,3.26,,,,,,,,,,,,,2.3362,2.4862,2.6362,2.7862,2.9362,3.0862,1,1,1,1,1,1
12129,Visselhoevede,52.985554,9.5802774,,north,north,north,north,north,north,23.6,23.6,23.6,23.6,23.6,23.6,,,,,,,419.3,419.3,419.3,419.3,419.3,419.3,0.0,0.42,0.92,1.42,1.92,2.42,,,,,,,,,,,,,2.4217,2.5477,2.6977,2.8477,2.9977,3.1477,0,0,0,0,0,0
12130,Walsrode,52.860279,9.5950003,,north,north,north,north,north,north,10.7,10.7,10.7,10.7,10.7,10.7,,,,,,,261.2,261.2,261.2,261.2,261.2,261.2,2.64,3.14,3.64,4.14,4.64,5.14,,,,,,,,,,,,,3.1863,3.3363,3.4863,3.6363,3.7863,3.9363,1,1,1,1,1,1
12131,Weener,53.165279,7.3497224,,north,north,north,north,north,north,2.9,2.9,2.9,2.9,2.9,2.9,,,,,,,535.7,535.7,535.7,535.7,535.7,535.7,4.5,5.0,5.5,6.0,6.5,7.0,,,,,,,,,,,,,4.1277,4.2777,4.4277,4.5777,4.7277,4.8777,1,1,1,1,1,1
12132,Wildemann,51.827221,10.282778,10949.0,north,north,north,north,north,north,22.2,22.2,22.2,22.2,22.2,22.2,,,,,,,24.6,24.6,24.6,24.6,24.6,24.6,0.5,1.0,1.5,2.0,2.5,3.0,,,,,,,,,,,,,1.4696,1.6196,1.7696,1.9196,2.0696,2.2196,0,0,0,0,0,0
12133,Wildeshausen,52.894444,8.4316664,8447.0,north,north,north,north,north,north,32.0,32.0,32.0,32.0,32.0,32.0,,,,,,,565.2,565.2,565.2,565.2,565.2,565.2,4.0,4.5,5.0,5.5,6.0,6.5,,,,,,,,,,,,,3.6361,3.7861,3.9361,4.0861,4.2361,4.3861,0,0,0,0,0,0
12134,Wilhelmshaven,53.521946,8.1075001,,north,north,north,north,north,north,12.8,12.8,12.8,12.8,12.8,12.8,,,,,,,1018.1,1018.1,1018.1,1018.1,1018.1,1018.1,0.0,0.0,0.0,0.0,0.3,0.8,,,,,,,,,,,,,2.9103,2.9103,2.9103,2.9103,3.0003,3.1503,1,1,1,1,1,1
12135,Winsen,53.364445,10.206944,8486.0,north,north,north,north,north,north,1.1,1.1,1.1,1.1,1.1,1.1,,,,,,,542.4,542.4,542.4,542.4,542.4,542.4,0.92,1.42,1.92,2.42,2.92,3.42,,,,,,,,,,,,,3.0812,3.2312,3.3812,3.5312,3.6812,3.8312,1,1,1,1,1,1
12136,Wittingen,52.728611,10.74,8523.0,north,north,north,north,north,north,32.2,32.2,32.2,32.2,32.2,32.2,,,,,,,861.1,861.1,861.1,861.1,861.1,861.1,4.69,5.19,5.69,6.19,6.69,7.19,,,,,,,,,,,,,4.0084,4.1584,4.3084,4.4584,4.6084,4.7584,0,0,0,0,0,0
12137,Wittmund,53.575279,7.7800002,9596.0,north,north,north,north,north,north,12.7,12.7,12.7,12.7,12.7,12.7,,,,,,,568.3,568.3,568.3,568.3,568.3,568.3,3.66,4.16,4.66,5.16,5.66,6.16,,,,,,,,,,,,,3.7768,3.9268,4.0768,4.2268,4.3768,4.5268,1,1,1,1,1,1
12138,Wolfenbuettel,52.162777,10.536111,9005.0,north,north,north,north,north,north,1.7,1.7,1.7,1.7,1.7,1.7,77.0,77.0,77.0,77.0,77.0,77.0,210.4,210.4,210.4,210.4,210.4,210.4,1.32,1.82,2.32,2.82,3.32,3.82,2000.0,2000.0,1500.0,1000.0,1500.0,2000.0,1.0,1.0,0.75,0.667,1.5,1.333,2.8161,2.9661,3.1161,3.2661,3.4161,3.5661,1,1,1,1,1,1
12139,Wolfsburg,52.421665,10.784722,,north,north,north,north,north,north,24.1,24.1,24.1,24.1,24.1,24.1,63.0,63.0,63.0,63.0,63.0,63.0,246.5,246.5,246.5,246.5,246.5,246.5,0.0,0.0,0.0,0.0,0.0,0.0,0.0,0.0,0.0,0.0,0.0,0.0,,,,,,,2.2032,2.2032,2.2032,2.2032,2.2032,2.2032,0,0,0,0,0,0
12140,Wunstorf,52.425278,9.4241667,8649.0,north,north,north,north,north,north,6.3,6.3,6.3,6.3,6.3,6.3,,,,,,,161.8,161.8,161.8,161.8,161.8,161.8,3.97,4.47,4.97,5.47,5.97,6.47,,,,,,,,,,,,,3.4488,3.5988,3.7488,3.8988,4.0488,4.1988,1,1,1,1,1,1
12141,Wustrow,52.923889,11.119166,8665.0,north,north,north,north,north,north,2.8,2.8,2.8,2.8,2.8,2.8,,,,,,,281.7,281.7,281.7,281.7,281.7,281.7,0.33,0.83,1.33,1.83,2.33,2.83,,,,,,,,,,,,,2.6219,2.7719,2.9219,3.0719,3.2219,3.3719,1,1,1,1,1,1
12142,Zeven,53.295555,9.2786112,,north,north,north,north,north,north,29.1,29.1,29.1,29.1,29.1,29.1,,,,,,,648.3,648.3,648.3,648.3,648.3,648.3,2.64,3.14,3.64,4.14,4.64,5.14,,,,,,,,,,,,,3.3183,3.4683,3.6183,3.7683,3.9183,4.0683,0,0,0,0,0,0
13001,Ahaus,52.075832,7.0050001,98.0,north,north,north,north,north,north,19.4,19.4,19.4,19.4,19.4,19.4,,,,,,,215.4,215.4,215.4,215.4,215.4,215.4,1.11,1.61,2.11,2.61,3.11,3.61,,,,,,,,,,,,,2.5413,2.6913,2.8413,2.9913,3.1413,3.2913,0,0,0,0,0,0
13002,Ahlen,51.762779,7.8897223,101.0,north,north,north,north,north,north,19.8,19.8,19.8,19.8,19.8,19.8,,,,,,,141.6,141.6,141.6,141.6,141.6,141.6,4.5,5.0,5.5,6.0,6.5,7.0,,,,,,,,,,,,,3.3871,3.5371,3.6871,3.8371,3.9871,4.1371,0,0,0,0,0,0
13003,Altena,51.298054,7.668889,,middle,middle,middle,middle,middle,middle,39.1,39.1,39.1,39.1,39.1,39.1,,,,,,,65.4,65.4,65.4,65.4,65.4,65.4,1.3,1.8,2.3,2.8,3.3,3.8,,,,,,,,,,,,,2.08,2.23,2.38,2.53,2.68,2.83,0,0,0,0,0,0
13004,Anholt,51.846111,6.4274998,257.0,north,north,north,north,north,north,3.1,3.1,3.1,3.1,3.1,3.1,,,,,,,814.4,814.4,814.4,814.4,814.4,814.4,0.16,0.66,1.16,1.66,2.16,2.66,,,,,,,,,,,,,2.9911,3.1411,3.2911,3.4411,3.5911,3.7411,1,1,1,1,1,1
13005,Arnsberg,51.395557,8.0647221,298.0,middle,middle,middle,middle,middle,middle,39.3,39.3,39.3,39.3,39.3,39.3,,,,,,,216.7,216.7,216.7,216.7,216.7,216.7,1.9,2.4,2.9,3.4,3.9,4.4,,,,,,,,,,,,,2.7318,2.8818,3.0318,3.1818,3.3318,3.4818,0,0,0,0,0,0
13006,Attendorn,51.125,7.9050002,338.0,middle,middle,middle,middle,middle,middle,60.6,60.6,60.6,60.6,60.6,60.6,,,,,,,225.9,225.9,225.9,225.9,225.9,225.9,4.7,5.2,5.7,6.2,6.7,7.2,,,,,,,,,,,,,3.5797,3.7297,3.8797,4.0297,4.1797,4.3297,0,0,0,0,0,0
13007,Balve,51.330276,7.8641667,402.0,middle,middle,middle,middle,middle,middle,38.0,38.0,38.0,38.0,38.0,38.0,,,,,,,144.3,144.3,144.3,144.3,144.3,144.3,3.86,4.36,4.86,5.36,5.86,6.36,,,,,,,,,,,,,3.1749,3.3249,3.4749,3.6249,3.7749,3.9249,0,0,0,0,0,0
13008,Barntrup,51.990002,9.1158333,12189.0,north,north,north,north,north,north,20.2,20.2,20.2,20.2,20.2,20.2,,,,,,,151.3,151.3,151.3,151.3,151.3,151.3,0.0,0.0,0.33,0.83,1.33,1.83,,,,,,,,,,,,,2.0584,2.0584,2.1574,2.3074,2.4574,2.6074,0,0,0,0,0,0
13009,Beckum,51.755554,8.0424995,485.0,north,north,north,north,north,north,28.3,28.3,28.3,28.3,28.3,28.3,100.0,100.0,100.0,100.0,100.0,100.0,208.0,208.0,208.0,208.0,208.0,208.0,1.16,1.66,2.16,2.66,3.16,3.66,1500.0,2000.0,1500.0,1000.0,1000.0,1000.0,1.5,1.333,0.75,0.667,1.0,1.0,2.431,2.581,2.731,2.881,3.031,3.181,0,0,0,0,0,0
13010,Belecke,51.481945,8.332778,516.0,middle,middle,middle,middle,middle,middle,49.5,49.5,49.5,49.5,49.5,49.5,,,,,,,78.7,78.7,78.7,78.7,78.7,78.7,3.12,3.62,4.12,4.62,5.12,5.62,,,,,,,,,,,,,2.6874,2.8374,2.9874,3.1374,3.2874,3.4374,0,0,0,0,0,0
13011,Berleburg,51.050278,8.3927774,,middle,middle,middle,middle,middle,middle,79.0,79.0,79.0,79.0,79.0,79.0,,,,,,,206.6,206.6,206.6,206.6,206.6,206.6,0.0,0.42,0.92,1.42,1.92,2.42,,,,,,,,,,,,,2.1343,2.2603,2.4103,2.5603,2.7103,2.8603,0,0,0,0,0,0
13012,Bevergern,52.272499,7.5819445,628.0,north,north,north,north,north,north,9.7,9.7,9.7,9.7,9.7,9.7,,,,,,,176.2,176.2,176.2,176.2,176.2,176.2,0.0,0.0,0.0,0.5,1.0,1.5,,,,,,,,,,,,,2.2495,2.2495,2.2495,2.3995,2.5495,2.6995,1,1,1,1,1,1
13013,Beverungen,51.662777,9.3725004,10897.0,north,north,north,north,north,north,0.4,0.4,0.4,0.4,0.4,0.4,,,,,,,98.4,98.4,98.4,98.4,98.4,98.4,4.14,4.64,5.14,5.64,6.14,6.64,,,,,,,,,,,,,3.3762,3.5262,3.6762,3.8262,3.9762,4.1262,1,1,1,1,1,1
13014,Bielefeld,52.020557,8.5319443,652.0,north,north,north,north,north,north,31.8,31.8,31.8,31.8,31.8,31.8,118.0,118.0,118.0,118.0,118.0,118.0,170.6,170.6,170.6,170.6,170.6,170.6,2.35,2.85,3.35,3.85,4.35,4.85,1000.0,1000.0,1000.0,1000.0,1500.0,2000.0,1.0,1.0,1.0,1.0,1.5,1.333,2.6652,2.8152,2.9652,3.1152,3.2652,3.4152,0,0,0,0,0,0
13015,Billerbeck,51.977501,7.2908335,671.0,north,north,north,north,north,north,28.2,28.2,28.2,28.2,28.2,28.2,,,,,,,199.1,199.1,199.1,199.1,199.1,199.1,4.41,4.91,5.41,5.91,6.41,6.91,,,,,,,,,,,,,3.3901,3.5401,3.6901,3.8401,3.9901,4.1401,0,0,0,0,0,0
13016,Blankenstein,51.405834,7.2261109,,middle,middle,middle,middle,middle,middle,20.0,20.0,20.0,20.0,20.0,20.0,,,,,,,61.7,61.7,61.7,61.7,61.7,61.7,0.24,0.74,1.24,1.74,2.24,2.74,,,,,,,,,,,,,1.9776,2.1276,2.2776,2.4276,2.5776,2.7276,0,0,0,0,0,0
13017,Blomberg,51.943333,9.0908337,728.0,north,north,north,north,north,north,24.1,24.1,24.1,24.1,24.1,24.1,,,,,,,87.0,87.0,87.0,87.0,87.0,87.0,0.2,0.7,1.2,1.7,2.2,2.7,,,,,,,,,,,,,1.8503,2.0003,2.1503,2.3003,2.4503,2.6003,0,0,0,0,0,0
13018,Bocholt,51.837776,6.6155558,11170.0,north,north,north,north,north,north,8.6,8.6,8.6,8.6,8.6,8.6,,,,,,,388.4,388.4,388.4,388.4,388.4,388.4,4.71,5.21,5.71,6.21,6.71,7.21,,,,,,,,,,,,,3.9911,4.1411,4.2911,4.4411,4.5911,4.7411,1,1,1,1,1,1
13019,Bochum,51.482498,7.2169442,755.0,middle,middle,middle,middle,middle,middle,21.1,21.1,21.1,21.1,21.1,21.1,100.0,100.0,100.0,100.0,100.0,100.0,50.0,50.0,50.0,50.0,50.0,50.0,3.5,4.0,4.5,5.0,5.5,6.0,1000.0,1000.0,1000.0,1000.0,1000.0,1000.0,1.0,1.0,1.0,1.0,1.0,1.0,2.8592,3.0092,3.1592,3.3092,3.4592,3.6092,0,0,0,0,0,0
13020,Borgentreich,51.571388,9.2402782,10936.0,north,north,north,north,north,north,14.0,14.0,14.0,14.0,14.0,14.0,,,,,,,65.6,65.6,65.6,65.6,65.6,65.6,0.0,0.2,0.7,1.2,1.7,2.2,,,,,,,,,,,,,1.8043,1.8643,2.0143,2.1643,2.3143,2.4643,1,1,1,1,1,1
13021,Borgholz,51.621666,9.2591667,,north,north,north,north,north,north,9.5,9.5,9.5,9.5,9.5,9.5,,,,,,,90.8,90.8,90.8,90.8,90.8,90.8,0.0,0.09,0.59,1.09,1.59,2.09,,,,,,,,,,,,,1.9895,2.0165,2.1665,2.3165,2.4665,2.6165,1,1,1,1,1,1
13022,Borgholzhausen,52.101665,8.3005552,,north,north,north,north,north,north,42.0,42.0,42.0,42.0,42.0,42.0,,,,,,,128.6,128.6,128.6,128.6,128.6,128.6,0.54,1.04,1.54,2.04,2.54,3.04,,,,,,,,,,,,,1.9078,2.0578,2.2078,2.3578,2.5078,2.6578,0,0,0,0,0,0
13023,Borghorst,52.125,7.395,,north,north,north,north,north,north,11.2,11.2,11.2,11.2,11.2,11.2,,,,,,,159.1,159.1,159.1,159.1,159.1,159.1,3.15,3.65,4.15,4.65,5.15,5.65,,,,,,,,,,,,,3.1358,3.2858,3.4358,3.5858,3.7358,3.8858,1,1,1,1,1,1
13024,Borken (Westfalen),51.843887,6.855,839.0,north,north,north,north,north,north,19.9,19.9,19.9,19.9,19.9,19.9,,,,,,,215.0,215.0,215.0,215.0,215.0,215.0,4.6,5.1,5.6,6.1,6.6,7.1,,,,,,,,,,,,,3.5816,3.7316,3.8816,4.0316,4.1816,4.3316,0,0,0,0,0,0
13025,Bottrop,51.523613,6.9297223,,north,north,north,north,north,north,12.3,12.3,12.3,12.3,12.3,12.3,55.0,55.0,55.0,55.0,55.0,55.0,65.0,65.0,65.0,65.0,65.0,65.0,1.58,2.08,2.58,3.08,3.58,4.08,0.0,0.0,500.0,1000.0,1000.0,1000.0,,,,2.0,1.0,1.0,2.2961,2.4461,2.5961,2.7461,2.8961,3.0461,1,1,1,1,1,1
13026,Brakel,51.716667,9.1841669,917.0,north,north,north,north,north,north,13.5,13.5,13.5,13.5,13.5,13.5,,,,,,,93.0,93.0,93.0,93.0,93.0,93.0,4.14,4.64,5.14,5.64,6.14,6.64,,,,,,,,,,,,,3.1904,3.3404,3.4904,3.6404,3.7904,3.9404,1,1,1,1,1,1
13027,Breckerfeld,51.261391,7.4650002,948.0,middle,middle,middle,middle,middle,middle,40.0,40.0,40.0,40.0,40.0,40.0,,,,,,,136.0,136.0,136.0,136.0,136.0,136.0,0.45,0.95,1.45,1.95,2.45,2.95,,,,,,,,,,,,,2.1032,2.2532,2.4032,2.5532,2.7032,2.8532,0,0,0,0,0,0
13028,Bredenborn,51.810555,9.1822224,,north,north,north,north,north,north,15.9,15.9,15.9,15.9,15.9,15.9,,,,,,,39.3,39.3,39.3,39.3,39.3,39.3,1.22,1.72,2.22,2.72,3.22,3.72,,,,,,,,,,,,,1.9451,2.0951,2.2451,2.3951,2.5451,2.6951,0,0,0,0,0,0
13029,Brilon,51.395279,8.5680552,999.0,middle,middle,middle,middle,middle,middle,63.5,63.5,63.5,63.5,63.5,63.5,,,,,,,262.4,262.4,262.4,262.4,262.4,262.4,2.77,3.27,3.77,4.27,4.77,5.27,,,,,,,,,,,,,3.0605,3.2105,3.3605,3.5105,3.6605,3.8105,0,0,0,0,0,0
13030,Buende,52.197498,8.5836115,,north,north,north,north,north,north,21.1,21.1,21.1,21.1,21.1,21.1,,,,,,,95.5,95.5,95.5,95.5,95.5,95.5,3.97,4.47,4.97,5.47,5.97,6.47,,,,,,,,,,,,,3.0555,3.2055,3.3555,3.5055,3.6555,3.8055,0,0,0,0,0,0
13031,Bueren,51.553612,8.5591669,1125.0,north,north,north,north,north,north,57.9,57.9,57.9,57.9,57.9,57.9,,,,,,,127.2,127.2,127.2,127.2,127.2,127.2,2.35,2.85,3.35,3.85,4.35,4.85,,,,,,,,,,,,,2.4464,2.5964,2.7464,2.8964,3.0464,3.1964,0,0,0,0,0,0
13032,Burgsteinfurt,52.147778,7.3394446,1136.0,north,north,north,north,north,north,13.3,13.3,13.3,13.3,13.3,13.3,,,,,,,103.7,103.7,103.7,103.7,103.7,103.7,1.21,1.71,2.21,2.71,3.21,3.71,,,,,,,,,,,,,2.3572,2.5072,2.6572,2.8072,2.9572,3.1072,1,1,1,1,1,1
13033,Castrop-Rauxel,51.555557,7.3125,1175.0,north,north,north,north,north,north,13.6,13.6,13.6,13.6,13.6,13.6,,,,,,,90.5,90.5,90.5,90.5,90.5,90.5,4.16,4.66,5.16,5.66,6.16,6.66,,,,,,,,,,,,,3.1842,3.3342,3.4842,3.6342,3.7842,3.9342,1,1,1,1,1,1
13034,Coesfeld,51.944721,7.1666665,1239.0,north,north,north,north,north,north,24.9,24.9,24.9,24.9,24.9,24.9,89.0,89.0,89.0,89.0,89.0,89.0,264.3,264.3,264.3,264.3,264.3,264.3,4.0,4.5,5.0,5.5,6.0,6.5,1500.0,2000.0,1500.0,1000.0,1000.0,1000.0,1.5,1.333,0.75,0.667,1.0,1.0,3.4217,3.5717,3.7217,3.8717,4.0217,4.1717,0,0,0,0,0,0
13035,Datteln,51.653057,7.3425002,,north,north,north,north,north,north,4.1,4.1,4.1,4.1,4.1,4.1,,,,,,,78.8,78.8,78.8,78.8,78.8,78.8,1.03,1.53,2.03,2.53,3.03,3.53,,,,,,,,,,,,,2.3098,2.4598,2.6098,2.7598,2.9098,3.0598,1,1,1,1,1,1
13036,Delbrueck,51.764999,8.5625,,north,north,north,north,north,north,51.6,51.6,51.6,51.6,51.6,51.6,,,,,,,187.5,187.5,187.5,187.5,187.5,187.5,0.31,0.81,1.31,1.81,2.31,2.81,,,,,,,,,,,,,1.9885,2.1385,2.2885,2.4385,2.5885,2.7385,0,0,0,0,0,0
13037,Detmold,51.935276,8.8786116,1406.0,north,north,north,north,north,north,26.4,26.4,26.4,26.4,26.4,26.4,,,,,,,98.7,98.7,98.7,98.7,98.7,98.7,4.67,5.17,5.67,6.17,6.67,7.17,,,,,,,,,,,,,3.2115,3.3615,3.5115,3.6615,3.8115,3.9615,0,0,0,0,0,0
13038,Dorsten,51.660831,6.9644446,1542.0,north,north,north,north,north,north,4.5,4.5,4.5,4.5,4.5,4.5,,,,,,,221.9,221.9,221.9,221.9,221.9,221.9,3.61,4.11,4.61,5.11,5.61,6.11,,,,,,,,,,,,,3.4897,3.6397,3.7897,3.9397,4.0897,4.2397,1,1,1,1,1,1
13039,Dortmund,51.514168,7.4638891,1545.0,north,north,north,north,north,north,15.1,15.1,15.1,15.1,15.1,15.1,86.0,86.0,86.0,86.0,86.0,86.0,109.2,109.2,109.2,109.2,109.2,109.2,3.7,4.2,4.7,5.2,5.7,6.2,5500.0,7000.0,8000.0,9000.0,8500.0,8000.0,1.375,1.273,1.143,1.125,0.944,0.941,3.1023,3.2523,3.4023,3.5523,3.7023,3.8523,2,2,2,2,1,1
13040,Drensteinfurt,51.796944,7.7413888,,north,north,north,north,north,north,17.2,17.2,17.2,17.2,17.2,17.2,,,,,,,185.6,185.6,185.6,185.6,185.6,185.6,3.99,4.49,4.99,5.49,5.99,6.49,,,,,,,,,,,,,3.3741,3.5241,3.6741,3.8241,3.9741,4.1241,0,0,0,0,0,0
13041,Bad Driburg,51.736111,9.0169449,1576.0,north,north,north,north,north,north,25.1,25.1,25.1,25.1,25.1,25.1,,,,,,,124.5,124.5,124.5,124.5,124.5,124.5,0.0,0.5,1.0,1.5,2.0,2.5,,,,,,,,,,,,,1.9192,2.0692,2.2192,2.3692,2.5192,2.6692,0,0,0,0,0,0
13042,Dringenberg,51.670277,9.0550003,,north,north,north,north,north,north,22.3,22.3,22.3,22.3,22.3,22.3,,,,,,,43.6,43.6,43.6,43.6,43.6,43.6,1.84,2.34,2.84,3.34,3.84,4.34,,,,,,,,,,,,,2.0921,2.2421,2.3921,2.5421,2.6921,2.8421,0,0,0,0,0,0
13043,Drolshagen,51.024723,7.7758331,1585.0,middle,middle,middle,middle,middle,middle,51.9,51.9,51.9,51.9,51.9,51.9,,,,,,,174.0,174.0,174.0,174.0,174.0,174.0,2.5,3.0,3.5,4.0,4.5,5.0,,,,,,,,,,,,,2.816,2.966,3.116,3.266,3.416,3.566,0,0,0,0,0,0
13044,Duelmen,51.828335,7.2788887,1615.0,north,north,north,north,north,north,12.7,12.7,12.7,12.7,12.7,12.7,,,,,,,173.2,173.2,173.2,173.2,173.2,173.2,3.61,4.11,4.61,5.11,5.61,6.11,,,,,,,,,,,,,3.2879,3.4379,3.5879,3.7379,3.8879,4.0379,1,1,1,1,1,1
13045,Emsdetten,52.171944,7.5275002,,north,north,north,north,north,north,1.7,1.7,1.7,1.7,1.7,1.7,,,,,,,130.0,130.0,130.0,130.0,130.0,130.0,0.72,1.22,1.72,2.22,2.72,3.22,,,,,,,,,,,,,2.4452,2.5952,2.7452,2.8952,3.0452,3.1952,1,1,1,1,1,1
13046,Enger,52.139168,8.5591669,,north,north,north,north,north,north,23.9,23.9,23.9,23.9,23.9,23.9,,,,,,,108.7,108.7,108.7,108.7,108.7,108.7,3.02,3.52,4.02,4.52,5.02,5.52,,,,,,,,,,,,,2.7862,2.9362,3.0862,3.2362,3.3862,3.5362,0,0,0,0,0,0
13047,Ennepetal,51.297501,7.356111,,middle,middle,middle,middle,middle,middle,31.4,31.4,31.4,31.4,31.4,31.4,,,,,,,45.0,45.0,45.0,45.0,45.0,45.0,1.5,2.0,2.5,3.0,3.5,4.0,,,,,,,,,,,,,2.0884,2.2384,2.3884,2.5384,2.6884,2.8384,0,0,0,0,0,0
13048,Erwitte,51.611389,8.3361111,,north,north,north,north,north,north,46.2,46.2,46.2,46.2,46.2,46.2,,,,,,,147.3,147.3,147.3,147.3,147.3,147.3,4.5,5.0,5.5,6.0,6.5,7.0,,,,,,,,,,,,,3.1497,3.2997,3.4497,3.5997,3.7497,3.8997,0,0,0,0,0,0
13049,Eversberg,51.366943,8.3347225,,middle,middle,middle,middle,middle,middle,55.8,55.8,55.8,55.8,55.8,55.8,,,,,,,115.4,115.4,115.4,115.4,115.4,115.4,0.05,0.55,1.05,1.55,2.05,2.55,,,,,,,,,,,,,1.9177,2.0677,2.2177,2.3677,2.5177,2.6677,0,0,0,0,0,0
13050,Freckenhorst,51.920277,7.9661112,,north,north,north,north,north,north,36.4,36.4,36.4,36.4,36.4,36.4,,,,,,,127.1,127.1,127.1,127.1,127.1,127.1,3.99,4.49,4.99,5.49,5.99,6.49,,,,,,,,,,,,,2.9832,3.1332,3.2832,3.4332,3.5832,3.7332,0,0,0,0,0,0
13051,Fredeburg,51.191387,8.3105555,,middle,middle,middle,middle,middle,middle,67.6,67.6,67.6,67.6,67.6,67.6,,,,,,,161.1,161.1,161.1,161.1,161.1,161.1,0.0,0.09,0.59,1.09,1.59,2.09,,,,,,,,,,,,,2.0353,2.0623,2.2123,2.3623,2.5123,2.6623,0,0,0,0,0,0
13052,Freienohl,51.375,8.1711111,,middle,middle,middle,middle,middle,middle,46.2,46.2,46.2,46.2,46.2,46.2,,,,,,,198.5,198.5,198.5,198.5,198.5,198.5,0.0,0.28,0.78,1.28,1.78,2.28,,,,,,,,,,,,,2.1183,2.2023,2.3523,2.5023,2.6523,2.8023,0,0,0,0,0,0
13053,Freudenberg,50.90139,7.8827777,,middle,middle,middle,middle,middle,middle,53.4,53.4,53.4,53.4,53.4,53.4,,,,,,,187.7,187.7,187.7,187.7,187.7,187.7,0.0,0.0,0.0,0.11,0.61,1.11,,,,,,,,,,,,,2.0961,2.0961,2.0961,2.1291,2.2791,2.4291,0,0,0,0,0,0
13054,Gehrden (Brakel,51.654999,9.1183329,,north,north,north,north,north,north,18.0,18.0,18.0,18.0,18.0,18.0,,,,,,,50.6,50.6,50.6,50.6,50.6,50.6,3.82,4.32,4.82,5.32,5.82,6.32,,,,,,,,,,,,,2.7989,2.9489,3.0989,3.2489,3.3989,3.5489,0,0,0,0,0,0
13055,Gelsenkirchen,51.511112,7.1005554,,north,north,north,north,north,north,16.2,16.2,16.2,16.2,16.2,16.2,48.0,48.0,48.0,48.0,48.0,48.0,42.7,42.7,42.7,42.7,42.7,42.7,1.5,2.0,2.5,3.0,3.5,4.0,1000.0,1000.0,1000.0,1000.0,500.0,0.0,1.0,1.0,1.0,1.0,0.5,0.0,2.059,2.209,2.359,2.509,2.659,2.809,0,0,0,0,0,0
13056,Gemen,51.859444,6.8644443,,north,north,north,north,north,north,21.5,21.5,21.5,21.5,21.5,21.5,,,,,,,63.7,63.7,63.7,63.7,63.7,63.7,2.33,2.83,3.33,3.83,4.33,4.83,,,,,,,,,,,,,2.3979,2.5479,2.6979,2.8479,2.9979,3.1479,0,0,0,0,0,0
13057,Geseke,51.639721,8.5086107,2176.0,north,north,north,north,north,north,57.9,57.9,57.9,57.9,57.9,57.9,,,,,,,128.3,128.3,128.3,128.3,128.3,128.3,4.17,4.67,5.17,5.67,6.17,6.67,,,,,,,,,,,,,2.9959,3.1459,3.2959,3.4459,3.5959,3.7459,0,0,0,0,0,0
13058,Gevelsberg,51.324165,7.3372221,,middle,middle,middle,middle,middle,middle,29.2,29.2,29.2,29.2,29.2,29.2,,,,,,,42.3,42.3,42.3,42.3,42.3,42.3,0.25,0.75,1.25,1.75,2.25,2.75,,,,,,,,,,,,,1.7177,1.8677,2.0177,2.1677,2.3177,2.4677,0,0,0,0,0,0
13059,Gladbeck,51.573334,6.9924998,,north,north,north,north,north,north,12.2,12.2,12.2,12.2,12.2,12.2,,,,,,,72.5,72.5,72.5,72.5,72.5,72.5,3.5,4.0,4.5,5.0,5.5,6.0,,,,,,,,,,,,,2.9158,3.0658,3.2158,3.3658,3.5158,3.6658,1,1,1,1,1,1
13060,Greven,52.092499,7.6130557,,north,north,north,north,north,north,12.1,12.1,12.1,12.1,12.1,12.1,,,,,,,206.4,206.4,206.4,206.4,206.4,206.4,3.6,4.1,4.6,5.1,5.6,6.1,,,,,,,,,,,,,3.3625,3.5125,3.6625,3.8125,3.9625,4.1125,1,1,1,1,1,1
13061,Gronau in Westfalen,52.212223,7.018889,,north,north,north,north,north,north,20.4,20.4,20.4,20.4,20.4,20.4,,,,,,,376.6,376.6,376.6,376.6,376.6,376.6,0.0,0.0,0.0,0.29,0.79,1.29,,,,,,,,,,,,,2.4183,2.4183,2.4183,2.5053,2.6553,2.8053,0,0,0,0,0,0
13062,Guetersloh,51.909443,8.3808336,,north,north,north,north,north,north,47.4,47.4,47.4,47.4,47.4,47.4,,,,,,,139.6,139.6,139.6,139.6,139.6,139.6,1.4,1.9,2.4,2.9,3.4,3.9,,,,,,,,,,,,,2.1984,2.3484,2.4984,2.6484,2.7984,2.9484,0,0,0,0,0,0
13063,Hagen,51.360001,7.4672222,,middle,middle,middle,middle,middle,middle,32.2,32.2,32.2,32.2,32.2,32.2,106.0,106.0,106.0,106.0,106.0,106.0,57.3,57.3,57.3,57.3,57.3,57.3,1.75,2.25,2.75,3.25,3.75,4.25,0.0,0.0,0.0,0.0,500.0,1000.0,,,,,,2.0,2.2492,2.3992,2.5492,2.6992,2.8492,2.9992,0,0,0,0,0,0
13064,Halle,52.060833,8.3619442,,north,north,north,north,north,north,39.6,39.6,39.6,39.6,39.6,39.6,,,,,,,75.4,75.4,75.4,75.4,75.4,75.4,1.04,1.54,2.04,2.54,3.04,3.54,,,,,,,,,,,,,1.8512,2.0012,2.1512,2.3012,2.4512,2.6012,0,0,0,0,0,0
13065,Hallenberg,51.111946,8.6211109,2768.0,middle,middle,middle,middle,middle,middle,61.8,61.8,61.8,61.8,61.8,61.8,,,,,,,117.9,117.9,117.9,117.9,117.9,117.9,2.48,2.98,3.48,3.98,4.48,4.98,,,,,,,,,,,,,2.6554,2.8054,2.9554,3.1054,3.2554,3.4054,0,0,0,0,0,0
13066,Haltern,51.74361,7.1869445,2774.0,north,north,north,north,north,north,3.3,3.3,3.3,3.3,3.3,3.3,,,,,,,183.9,183.9,183.9,183.9,183.9,183.9,3.02,3.52,4.02,4.52,5.02,5.52,,,,,,,,,,,,,3.2527,3.4027,3.5527,3.7027,3.8527,4.0027,1,1,1,1,1,1
13067,Hamm,51.678055,7.8169446,2781.0,north,north,north,north,north,north,10.7,10.7,10.7,10.7,10.7,10.7,63.0,63.0,63.0,63.0,63.0,63.0,164.6,164.6,164.6,164.6,164.6,164.6,0.15,0.65,1.15,1.65,2.15,2.65,2500.0,3000.0,2500.0,2000.0,2000.0,2000.0,1.25,1.2,0.833,0.8,1.0,1.0,2.2551,2.4051,2.5551,2.7051,2.8551,3.0051,1,2,1,1,1,1
13068,Harsewinkel,51.963055,8.2275,,north,north,north,north,north,north,51.9,51.9,51.9,51.9,51.9,51.9,,,,,,,137.2,137.2,137.2,137.2,137.2,137.2,2.0,2.5,3.0,3.5,4.0,4.5,,,,,,,,,,,,,2.3716,2.5216,2.6716,2.8216,2.9716,3.1216,0,0,0,0,0,0
13069,Hattingen,51.398888,7.1838889,,middle,middle,middle,middle,middle,middle,17.1,17.1,17.1,17.1,17.1,17.1,90.0,90.0,90.0,90.0,90.0,90.0,48.8,48.8,48.8,48.8,48.8,48.8,2.6,3.1,3.6,4.1,4.6,5.1,1000.0,1000.0,1000.0,1000.0,1000.0,1000.0,1.0,1.0,1.0,1.0,1.0,1.0,2.63,2.78,2.93,3.08,3.23,3.38,0,0,0,0,0,0
13070,Hausberge,52.238888,8.9263887,,north,north,north,north,north,north,3.1,3.1,3.1,3.1,3.1,3.1,,,,,,,86.7,86.7,86.7,86.7,86.7,86.7,2.32,2.82,3.32,3.82,4.32,4.82,,,,,,,,,,,,,2.7467,2.8967,3.0467,3.1967,3.3467,3.4967,1,1,1,1,1,1
13071,Hemer,51.385277,7.7649999,,middle,middle,middle,middle,middle,middle,30.1,30.1,30.1,30.1,30.1,30.1,,,,,,,120.6,120.6,120.6,120.6,120.6,120.6,1.78,2.28,2.78,3.28,3.78,4.28,,,,,,,,,,,,,2.578,2.728,2.878,3.028,3.178,3.328,0,0,0,0,0,0
13072,Herdecke,51.399166,7.4299998,,middle,middle,middle,middle,middle,middle,27.8,27.8,27.8,27.8,27.8,27.8,,,,,,,45.3,45.3,45.3,45.3,45.3,45.3,4.4,4.9,5.4,5.9,6.4,6.9,,,,,,,,,,,,,3.0063,3.1563,3.3063,3.4563,3.6063,3.7563,0,0,0,0,0,0
13073,Herford,52.115555,8.6733332,2978.0,north,north,north,north,north,north,18.0,18.0,18.0,18.0,18.0,18.0,65.0,65.0,65.0,65.0,65.0,65.0,117.2,117.2,117.2,117.2,117.2,117.2,4.12,4.62,5.12,5.62,6.12,6.62,3000.0,4000.0,3000.0,2000.0,2000.0,2000.0,1.5,1.333,0.75,0.667,1.0,1.0,3.2202,3.3702,3.5202,3.6702,3.8202,3.9702,2,2,1,0,0,0
13074,Herne,51.540279,7.2227778,,north,north,north,north,north,north,18.6,18.6,18.6,18.6,18.6,18.6,65.0,65.0,65.0,65.0,65.0,65.0,42.6,42.6,42.6,42.6,42.6,42.6,4.5,5.0,5.5,6.0,6.5,7.0,1000.0,1000.0,1000.0,1000.0,500.0,0.0,1.0,1.0,1.0,1.0,0.5,0.0,2.9273,3.0773,3.2273,3.3773,3.5273,3.6773,0,0,0,0,0,0
13075,Herten,51.594444,7.1399999,,north,north,north,north,north,north,12.3,12.3,12.3,12.3,12.3,12.3,,,,,,,30.9,30.9,30.9,30.9,30.9,30.9,1.33,1.83,2.33,2.83,3.33,3.83,,,,,,,,,,,,,1.93,2.08,2.23,2.38,2.53,2.68,1,1,1,1,1,1
13076,Hilchenbach,50.995834,8.1130552,,middle,middle,middle,middle,middle,middle,71.9,71.9,71.9,71.9,71.9,71.9,,,,,,,209.3,209.3,209.3,209.3,209.3,209.3,0.0,0.08,0.58,1.08,1.58,2.08,,,,,,,,,,,,,2.1395,2.1635,2.3135,2.4635,2.6135,2.7635,0,0,0,0,0,0
13077,Hirschberg,51.429165,8.2758331,3074.0,middle,middle,middle,middle,middle,middle,48.6,48.6,48.6,48.6,48.6,48.6,,,,,,,96.6,96.6,96.6,96.6,96.6,96.6,2.5,3.0,3.5,4.0,4.5,5.0,,,,,,,,,,,,,2.5825,2.7325,2.8825,3.0325,3.1825,3.3325,0,0,0,0,0,0
13078,Hoexter,51.775555,9.3813887,3240.0,north,north,north,north,north,north,3.5,3.5,3.5,3.5,3.5,3.5,,,,,,,133.3,133.3,133.3,133.3,133.3,133.3,4.28,4.78,5.28,5.78,6.28,6.78,,,,,,,,,,,,,3.4999,3.6499,3.7999,3.9499,4.0999,4.2499,1,1,1,1,1,1
13079,Hohenlimburg,51.344166,7.5783334,,middle,middle,middle,middle,middle,middle,34.5,34.5,34.5,34.5,34.5,34.5,,,,,,,67.7,67.7,67.7,67.7,67.7,67.7,0.08,0.58,1.08,1.58,2.08,2.58,,,,,,,,,,,,,1.7847,1.9347,2.0847,2.2347,2.3847,2.5347,0,0,0,0,0,0
13080,Horn,51.872776,8.9452782,3208.0,north,north,north,north,north,north,33.0,33.0,33.0,33.0,33.0,33.0,,,,,,,139.9,139.9,139.9,139.9,139.9,139.9,2.19,2.69,3.19,3.69,4.19,4.69,,,,,,,,,,,,,2.5238,2.6738,2.8238,2.9738,3.1238,3.2738,0,0,0,0,0,0
13081,Horstmar,52.080555,7.3049998,3228.0,north,north,north,north,north,north,19.0,19.0,19.0,19.0,19.0,19.0,,,,,,,124.0,124.0,124.0,124.0,124.0,124.0,2.25,2.75,3.25,3.75,4.25,4.75,,,,,,,,,,,,,2.6683,2.8183,2.9683,3.1183,3.2683,3.4183,0,0,0,0,0,0
13082,Ibbenbueren,52.275276,7.7147222,,north,north,north,north,north,north,16.3,16.3,16.3,16.3,16.3,16.3,70.0,70.0,70.0,70.0,70.0,70.0,235.2,235.2,235.2,235.2,235.2,235.2,1.04,1.54,2.04,2.54,3.04,3.54,1500.0,2000.0,1500.0,1000.0,1000.0,1000.0,1.5,1.333,0.75,0.667,1.0,1.0,2.5942,2.7442,2.8942,3.0442,3.1942,3.3442,0,0,0,0,0,0
13083,Iserlohn,51.374443,7.6991668,3339.0,middle,middle,middle,middle,middle,middle,30.6,30.6,30.6,30.6,30.6,30.6,247.0,247.0,247.0,247.0,247.0,247.0,72.4,72.4,72.4,72.4,72.4,72.4,2.17,2.67,3.17,3.67,4.17,4.67,1500.0,2000.0,1500.0,1000.0,1500.0,2000.0,1.5,1.333,0.75,0.667,1.5,1.333,2.4864,2.6364,2.7864,2.9364,3.0864,3.2364,0,0,0,0,0,0
13084,Kallenhardt,51.451389,8.4238892,3497.0,middle,middle,middle,middle,middle,middle,56.6,56.6,56.6,56.6,56.6,56.6,,,,,,,84.9,84.9,84.9,84.9,84.9,84.9,1.78,2.28,2.78,3.28,3.78,4.28,,,,,,,,,,,,,2.3154,2.4654,2.6154,2.7654,2.9154,3.0654,0,0,0,0,0,0
13085,Kamen,51.592224,7.6622224,3514.0,north,north,north,north,north,north,6.4,6.4,6.4,6.4,6.4,6.4,,,,,,,89.2,89.2,89.2,89.2,89.2,89.2,2.5,3.0,3.5,4.0,4.5,5.0,,,,,,,,,,,,,2.7713,2.9213,3.0713,3.2213,3.3713,3.5213,1,1,1,1,1,1
13086,Kleinenberg,51.583611,8.9761114,3773.0,north,north,north,north,north,north,29.2,29.2,29.2,29.2,29.2,29.2,,,,,,,79.9,79.9,79.9,79.9,79.9,79.9,0.3,0.8,1.3,1.8,2.3,2.8,,,,,,,,,,,,,1.7824,1.9324,2.0824,2.2324,2.3824,2.5324,0,0,0,0,0,0
13087,Laasphe,50.927223,8.4122219,4186.0,middle,middle,middle,middle,middle,middle,81.4,81.4,81.4,81.4,81.4,81.4,,,,,,,250.8,250.8,250.8,250.8,250.8,250.8,4.7,5.2,5.7,6.2,6.7,7.2,,,,,,,,,,,,,3.6215,3.7715,3.9215,4.0715,4.2215,4.3715,0,0,0,0,0,0
13088,Lage,51.991112,8.7924995,,north,north,north,north,north,north,22.1,22.1,22.1,22.1,22.1,22.1,,,,,,,106.4,106.4,106.4,106.4,106.4,106.4,0.0,0.26,0.76,1.26,1.76,2.26,,,,,,,,,,,,,1.8948,1.9728,2.1228,2.2728,2.4228,2.5728,0,0,0,0,0,0
13089,Lemgo,52.027779,8.9008331,4353.0,north,north,north,north,north,north,16.1,16.1,16.1,16.1,16.1,16.1,,,,,,,165.0,165.0,165.0,165.0,165.0,165.0,1.01,1.51,2.01,2.51,3.01,3.51,,,,,,,,,,,,,2.447,2.597,2.747,2.897,3.047,3.197,0,0,0,0,0,0
13090,Lengerich,52.189724,7.8525,,north,north,north,north,north,north,22.4,22.4,22.4,22.4,22.4,22.4,,,,,,,229.1,229.1,229.1,229.1,229.1,229.1,1.03,1.53,2.03,2.53,3.03,3.53,,,,,,,,,,,,,2.5044,2.6544,2.8044,2.9544,3.1044,3.2544,0,0,0,0,0,0
13091,Letmathe,51.365555,7.6102777,,middle,middle,middle,middle,middle,middle,31.8,31.8,31.8,31.8,31.8,31.8,,,,,,,45.3,45.3,45.3,45.3,45.3,45.3,2.14,2.64,3.14,3.64,4.14,4.64,,,,,,,,,,,,,2.2781,2.4281,2.5781,2.7281,2.8781,3.0281,0,0,0,0,0,0
13092,Lichtenau (Westfalen),51.616665,8.8955555,4419.0,north,north,north,north,north,north,33.7,33.7,33.7,33.7,33.7,33.7,,,,,,,167.3,167.3,167.3,167.3,167.3,167.3,0.0,0.0,0.24,0.74,1.24,1.74,,,,,,,,,,,,,1.9284,1.9284,2.0004,2.1504,2.3004,2.4504,0,0,0,0,0,0
13093,Bad Lippspringe,51.782501,8.8186111,4501.0,north,north,north,north,north,north,39.3,39.3,39.3,39.3,39.3,39.3,,,,,,,175.9,175.9,175.9,175.9,175.9,175.9,4.74,5.24,5.74,6.24,6.74,7.24,,,,,,,,,,,,,3.3006,3.4506,3.6006,3.7506,3.9006,4.0506,0,0,0,0,0,0
13094,Lippstadt,51.671391,8.3466663,4502.0,north,north,north,north,north,north,46.8,46.8,46.8,46.8,46.8,46.8,79.0,79.0,79.0,79.0,79.0,79.0,159.0,159.0,159.0,159.0,159.0,159.0,1.21,1.71,2.21,2.71,3.21,3.71,1500.0,2000.0,1500.0,1000.0,2000.0,3000.0,1.5,1.333,0.75,0.667,2.0,1.5,2.1932,2.3432,2.4932,2.6432,2.7932,2.9432,0,0,0,0,0,2
13095,Luebbecke,52.303333,8.6172218,4597.0,north,north,north,north,north,north,21.0,21.0,21.0,21.0,21.0,21.0,,,,,,,398.0,398.0,398.0,398.0,398.0,398.0,4.75,5.25,5.75,6.25,6.75,7.25,,,,,,,,,,,,,3.8577,4.0077,4.1577,4.3077,4.4577,4.6077,0,0,0,0,0,0
13096,Luedenscheid,51.215557,7.6333332,4628.0,middle,middle,middle,middle,middle,middle,48.3,48.3,48.3,48.3,48.3,48.3,,,,,,,183.8,183.8,183.8,183.8,183.8,183.8,1.83,2.33,2.83,3.33,3.83,4.33,,,,,,,,,,,,,2.6367,2.7867,2.9367,3.0867,3.2367,3.3867,0,0,0,0,0,0
13097,Luedinghausen,51.768333,7.4441667,4632.0,north,north,north,north,north,north,11.1,11.1,11.1,11.1,11.1,11.1,,,,,,,264.0,264.0,264.0,264.0,264.0,264.0,4.5,5.0,5.5,6.0,6.5,7.0,,,,,,,,,,,,,3.7429,3.8929,4.0429,4.1929,4.3429,4.4929,1,1,1,1,1,1
13098,Luegde,51.957779,9.2458334,12827.0,north,north,north,north,north,north,14.1,14.1,14.1,14.1,14.1,14.1,,,,,,,83.3,83.3,83.3,83.3,83.3,83.3,4.66,5.16,5.66,6.16,6.66,7.16,,,,,,,,,,,,,3.2955,3.4455,3.5955,3.7455,3.8955,4.0455,1,1,1,1,1,1
13099,Luenen,51.614166,7.5233335,11207.0,north,north,north,north,north,north,6.9,6.9,6.9,6.9,6.9,6.9,,,,,,,134.5,134.5,134.5,134.5,134.5,134.5,3.7,4.2,4.7,5.2,5.7,6.2,,,,,,,,,,,,,3.2867,3.4367,3.5867,3.7367,3.8867,4.0367,1,1,1,1,1,1
13100,Marl,51.658054,7.1016665,,north,north,north,north,north,north,5.2,5.2,5.2,5.2,5.2,5.2,,,,,,,108.9,108.9,108.9,108.9,108.9,108.9,3.5,4.0,4.5,5.0,5.5,6.0,,,,,,,,,,,,,3.1646,3.3146,3.4646,3.6146,3.7646,3.9146,1,1,1,1,1,1
13101,Medebach,51.198055,8.7047224,,middle,middle,middle,middle,middle,middle,54.5,54.5,54.5,54.5,54.5,54.5,,,,,,,201.7,201.7,201.7,201.7,201.7,201.7,1.06,1.56,2.06,2.56,3.06,3.56,,,,,,,,,,,,,2.4427,2.5927,2.7427,2.8927,3.0427,3.1927,0,0,0,0,0,0
13102,Menden,50.790001,7.1655555,,middle,middle,middle,middle,middle,middle,1.8,1.8,1.8,1.8,1.8,1.8,,,,,,,88.0,88.0,88.0,88.0,88.0,88.0,1.86,2.36,2.86,3.36,3.86,4.36,,,,,,,,,,,,,2.8308,2.9808,3.1308,3.2808,3.4308,3.5808,2,2,2,2,2,2
13103,Meschede,51.346668,8.2849998,4899.0,middle,middle,middle,middle,middle,middle,54.3,54.3,54.3,54.3,54.3,54.3,,,,,,,96.3,96.3,96.3,96.3,96.3,96.3,3.37,3.87,4.37,4.87,5.37,5.87,,,,,,,,,,,,,2.8422,2.9922,3.1422,3.2922,3.4422,3.5922,0,0,0,0,0,0
13104,Minden,52.288055,8.914444,4958.0,north,north,north,north,north,north,2.4,2.4,2.4,2.4,2.4,2.4,42.0,42.0,42.0,42.0,42.0,42.0,145.0,145.0,145.0,145.0,145.0,145.0,4.52,5.02,5.52,6.02,6.52,7.02,2500.0,3000.0,2500.0,2000.0,3000.0,4000.0,1.25,1.2,0.833,0.8,1.5,1.333,3.619,3.769,3.919,4.069,4.219,4.369,1,2,1,1,2,2
13105,Muenster,51.961666,7.6266665,9237.0,north,north,north,north,north,north,26.0,26.0,26.0,26.0,26.0,26.0,55.0,55.0,55.0,55.0,55.0,55.0,291.5,291.5,291.5,291.5,291.5,291.5,4.31,4.81,5.31,5.81,6.31,6.81,13000.0,16000.0,13500.0,11000.0,10500.0,10000.0,1.3,1.231,0.844,0.815,0.955,0.952,3.5396,3.6896,3.8396,3.9896,4.1396,4.2896,3,3,2,2,2,2
13106,Neheim-Huesten,51.451111,7.9644446,5190.0,middle,middle,middle,middle,middle,middle,30.0,30.0,30.0,30.0,30.0,30.0,,,,,,,151.2,151.2,151.2,151.2,151.2,151.2,4.48,4.98,5.48,5.98,6.48,6.98,,,,,,,,,,,,,3.4785,3.6285,3.7785,3.9285,4.0785,4.2285,0,0,0,0,0,0
13107,Neuenrade,51.281666,7.7794442,,middle,middle,middle,middle,middle,middle,41.6,41.6,41.6,41.6,41.6,41.6,,,,,,,49.2,49.2,49.2,49.2,49.2,49.2,3.46,3.96,4.46,4.96,5.46,5.96,,,,,,,,,,,,,2.6042,2.7542,2.9042,3.0542,3.2042,3.3542,0,0,0,0,0,0
13108,Niedermarsberg,51.460278,8.854167,5365.0,middle,middle,middle,middle,middle,middle,42.7,42.7,42.7,42.7,42.7,42.7,,,,,,,96.3,96.3,96.3,96.3,96.3,96.3,3.5,4.0,4.5,5.0,5.5,6.0,,,,,,,,,,,,,2.8811,3.0311,3.1811,3.3311,3.4811,3.6311,0,0,0,0,0,0
13109,Nieheim,51.80389,9.1099997,5381.0,north,north,north,north,north,north,20.9,20.9,20.9,20.9,20.9,20.9,,,,,,,66.1,66.1,66.1,66.1,66.1,66.1,2.14,2.64,3.14,3.64,4.14,4.64,,,,,,,,,,,,,2.3641,2.5141,2.6641,2.8141,2.9641,3.1141,0,0,0,0,0,0
13110,Obermarsberg,51.452778,8.851944,5534.0,middle,middle,middle,middle,middle,middle,43.3,43.3,43.3,43.3,43.3,43.3,,,,,,,134.5,134.5,134.5,134.5,134.5,134.5,4.78,5.28,5.78,6.28,6.78,7.28,,,,,,,,,,,,,3.3975,3.5475,3.6975,3.8475,3.9975,4.1475,0,0,0,0,0,0
13111,Ochtrup,52.208332,7.188611,,north,north,north,north,north,north,18.9,18.9,18.9,18.9,18.9,18.9,,,,,,,180.7,180.7,180.7,180.7,180.7,180.7,1.16,1.66,2.16,2.66,3.16,3.66,,,,,,,,,,,,,2.4928,2.6428,2.7928,2.9428,3.0928,3.2428,0,0,0,0,0,0
13112,Oelde,51.827221,8.145833,,north,north,north,north,north,north,38.3,38.3,38.3,38.3,38.3,38.3,,,,,,,211.1,211.1,211.1,211.1,211.1,211.1,4.5,5.0,5.5,6.0,6.5,7.0,,,,,,,,,,,,,3.3138,3.4638,3.6138,3.7638,3.9138,4.0638,0,0,0,0,0,0
13113,Oerlinghausen,51.952221,8.6611109,,north,north,north,north,north,north,30.4,30.4,30.4,30.4,30.4,30.4,,,,,,,213.4,213.4,213.4,213.4,213.4,213.4,2.14,2.64,3.14,3.64,4.14,4.64,,,,,,,,,,,,,2.7088,2.8588,3.0088,3.1588,3.3088,3.4588,0,0,0,0,0,0
13114,Bad Oeynhausen,52.208057,8.8038893,,north,north,north,north,north,north,6.1,6.1,6.1,6.1,6.1,6.1,,,,,,,163.4,163.4,163.4,163.4,163.4,163.4,4.97,5.47,5.97,6.47,6.97,7.47,,,,,,,,,,,,,3.7562,3.9062,4.0562,4.2062,4.3562,4.5062,1,1,1,1,1,1
13115,Olfen,51.708611,7.3800001,,north,north,north,north,north,north,3.2,3.2,3.2,3.2,3.2,3.2,,,,,,,83.6,83.6,83.6,83.6,83.6,83.6,3.61,4.11,4.61,5.11,5.61,6.11,,,,,,,,,,,,,3.1178,3.2678,3.4178,3.5678,3.7178,3.8678,1,1,1,1,1,1
13116,Olpe,51.0275,7.8433332,5642.0,middle,middle,middle,middle,middle,middle,56.1,56.1,56.1,56.1,56.1,56.1,,,,,,,117.5,117.5,117.5,117.5,117.5,117.5,1.3,1.8,2.3,2.8,3.3,3.8,,,,,,,,,,,,,2.3001,2.4501,2.6001,2.7501,2.9001,3.0501,0,0,0,0,0,0
13117,Paderborn,51.719444,8.7572222,5801.0,north,north,north,north,north,north,42.9,42.9,42.9,42.9,42.9,42.9,110.0,110.0,110.0,110.0,110.0,110.0,183.2,183.2,183.2,183.2,183.2,183.2,4.73,5.23,5.73,6.23,6.73,7.23,7000.0,7000.0,5500.0,4000.0,4000.0,4000.0,1.0,1.0,0.786,0.727,1.0,1.0,3.3055,3.4555,3.6055,3.7555,3.9055,4.0555,1,1,1,1,1,1
13118,Peckelsheim,51.598331,9.1283331,5863.0,north,north,north,north,north,north,18.7,18.7,18.7,18.7,18.7,18.7,,,,,,,75.4,75.4,75.4,75.4,75.4,75.4,2.25,2.75,3.25,3.75,4.25,4.75,,,,,,,,,,,,,2.475,2.625,2.775,2.925,3.075,3.225,0,0,0,0,0,0
13119,Petershagen,52.378056,8.9697218,,north,north,north,north,north,north,5.0,5.0,5.0,5.0,5.0,5.0,,,,,,,269.3,269.3,269.3,269.3,269.3,269.3,0.0,0.0,0.43,0.93,1.43,1.93,,,,,,,,,,,,,2.4768,2.4768,2.6058,2.7558,2.9058,3.0558,1,1,1,1,1,1
13120,Plettenberg,51.212223,7.873889,,middle,middle,middle,middle,middle,middle,50.6,50.6,50.6,50.6,50.6,50.6,,,,,,,161.1,161.1,161.1,161.1,161.1,161.1,1.78,2.28,2.78,3.28,3.78,4.28,,,,,,,,,,,,,2.5693,2.7193,2.8693,3.0193,3.1693,3.3193,0,0,0,0,0,0
13121,Preussisch-Oldendorf,52.305557,8.4905558,,north,north,north,north,north,north,29.5,29.5,29.5,29.5,29.5,29.5,,,,,,,346.5,346.5,346.5,346.5,346.5,346.5,2.81,3.31,3.81,4.31,4.81,5.31,,,,,,,,,,,,,3.114,3.264,3.414,3.564,3.714,3.864,0,0,0,0,0,0
13122,Ramsdorf,51.885277,6.918889,11184.0,north,north,north,north,north,north,23.6,23.6,23.6,23.6,23.6,23.6,,,,,,,180.6,180.6,180.6,180.6,180.6,180.6,2.0,2.5,3.0,3.5,4.0,4.5,,,,,,,,,,,,,2.6857,2.8357,2.9857,3.1357,3.2857,3.4357,0,0,0,0,0,0
13123,Recklinghausen,51.614445,7.1975002,6297.0,north,north,north,north,north,north,12.0,12.0,12.0,12.0,12.0,12.0,85.0,85.0,85.0,85.0,85.0,85.0,76.9,76.9,76.9,76.9,76.9,76.9,2.33,2.83,3.33,3.83,4.33,4.83,1000.0,1000.0,1000.0,1000.0,1000.0,1000.0,1.0,1.0,1.0,1.0,1.0,1.0,2.5918,2.7418,2.8918,3.0418,3.1918,3.3418,1,1,1,1,1,1
13124,Rheda,51.855278,8.2930555,6390.0,north,north,north,north,north,north,48.7,48.7,48.7,48.7,48.7,48.7,,,,,,,69.1,69.1,69.1,69.1,69.1,69.1,1.68,2.18,2.68,3.18,3.68,4.18,,,,,,,,,,,,,2.004,2.154,2.304,2.454,2.604,2.754,0,0,0,0,0,0
13125,Rheine,52.279167,7.438611,6398.0,north,north,north,north,north,north,0.2,0.2,0.2,0.2,0.2,0.2,35.0,35.0,35.0,35.0,35.0,35.0,237.5,237.5,237.5,237.5,237.5,237.5,4.12,4.62,5.12,5.62,6.12,6.62,2000.0,2000.0,1500.0,1000.0,1000.0,1000.0,1.0,1.0,0.75,0.667,1.0,1.0,3.7237,3.8737,4.0237,4.1737,4.3237,4.4737,1,1,1,1,1,1
13126,Rietberg,51.808056,8.4272223,,north,north,north,north,north,north,53.0,53.0,53.0,53.0,53.0,53.0,,,,,,,155.2,155.2,155.2,155.2,155.2,155.2,3.99,4.49,4.99,5.49,5.99,6.49,,,,,,,,,,,,,3.0173,3.1673,3.3173,3.4673,3.6173,3.7673,0,0,0,0,0,0
13127,Ruethen,51.49139,8.4311113,6633.0,middle,middle,middle,middle,middle,middle,55.5,55.5,55.5,55.5,55.5,55.5,,,,,,,92.6,92.6,92.6,92.6,92.6,92.6,0.57,1.07,1.57,2.07,2.57,3.07,,,,,,,,,,,,,1.9868,2.1368,2.2868,2.4368,2.5868,2.7368,0,0,0,0,0,0
13128,Salzkotten,51.671112,8.6049995,6709.0,north,north,north,north,north,north,53.4,53.4,53.4,53.4,53.4,53.4,,,,,,,127.0,127.0,127.0,127.0,127.0,127.0,0.9,1.4,1.9,2.4,2.9,3.4,,,,,,,,,,,,,2.011,2.161,2.311,2.461,2.611,2.761,0,0,0,0,0,0
13129,Bad Salzuflen,52.083889,8.7469444,6710.0,north,north,north,north,north,north,15.7,15.7,15.7,15.7,15.7,15.7,,,,,,,51.3,51.3,51.3,51.3,51.3,51.3,4.71,5.21,5.71,6.21,6.71,7.21,,,,,,,,,,,,,3.0995,3.2495,3.3995,3.5495,3.6995,3.8495,0,0,0,0,0,0
13130,Schluesselburg,52.481945,9.0694447,,north,north,north,north,north,north,1.8,1.8,1.8,1.8,1.8,1.8,,,,,,,317.5,317.5,317.5,317.5,317.5,317.5,0.0,0.0,0.15,0.65,1.15,1.65,,,,,,,,,,,,,2.5827,2.5827,2.6277,2.7777,2.9277,3.0777,1,1,1,1,1,1
13131,Schmallenberg,51.15361,8.2852774,,middle,middle,middle,middle,middle,middle,69.8,69.8,69.8,69.8,69.8,69.8,,,,,,,173.5,173.5,173.5,173.5,173.5,173.5,0.22,0.72,1.22,1.72,2.22,2.72,,,,,,,,,,,,,2.1308,2.2808,2.4308,2.5808,2.7308,2.8808,0,0,0,0,0,0
13132,Schoetmar,52.07111,8.7583332,,north,north,north,north,north,north,16.1,16.1,16.1,16.1,16.1,16.1,,,,,,,56.7,56.7,56.7,56.7,56.7,56.7,4.14,4.64,5.14,5.64,6.14,6.64,,,,,,,,,,,,,2.963,3.113,3.263,3.413,3.563,3.713,0,0,0,0,0,0
13133,Schwalenberg,51.876945,9.1986113,,north,north,north,north,north,north,15.7,15.7,15.7,15.7,15.7,15.7,,,,,,,62.9,62.9,62.9,62.9,62.9,62.9,0.22,0.72,1.22,1.72,2.22,2.72,,,,,,,,,,,,,1.8329,1.9829,2.1329,2.2829,2.4329,2.5829,0,0,0,0,0,0
13134,Schwelm,51.28389,7.2916665,7015.0,middle,middle,middle,middle,middle,middle,28.1,28.1,28.1,28.1,28.1,28.1,,,,,,,41.3,41.3,41.3,41.3,41.3,41.3,3.5,4.0,4.5,5.0,5.5,6.0,,,,,,,,,,,,,2.6965,2.8465,2.9965,3.1465,3.2965,3.4465,0,0,0,0,0,0
13135,Schwerte,51.441113,7.5688887,7020.0,middle,middle,middle,middle,middle,middle,24.2,24.2,24.2,24.2,24.2,24.2,,,,,,,87.5,87.5,87.5,87.5,87.5,87.5,2.88,3.38,3.88,4.38,4.88,5.38,,,,,,,,,,,,,2.8549,3.0049,3.1549,3.3049,3.4549,3.6049,0,0,0,0,0,0
13136,Sendenhorst,51.844444,7.8272223,7084.0,north,north,north,north,north,north,24.3,24.3,24.3,24.3,24.3,24.3,,,,,,,117.7,117.7,117.7,117.7,117.7,117.7,3.6,4.1,4.6,5.1,5.6,6.1,,,,,,,,,,,,,2.9872,3.1372,3.2872,3.4372,3.5872,3.7372,0,0,0,0,0,0
13137,Siegen,50.874443,8.0244446,7115.0,middle,middle,middle,middle,middle,middle,62.0,62.0,62.0,62.0,62.0,62.0,267.0,267.0,267.0,267.0,267.0,267.0,249.7,249.7,249.7,249.7,249.7,249.7,1.71,2.21,2.71,3.21,3.71,4.21,1500.0,2000.0,2000.0,2000.0,2500.0,3000.0,1.5,1.333,1.0,1.0,1.25,1.2,2.7226,2.8726,3.0226,3.1726,3.3226,3.4726,0,0,0,0,0,2
13138,Soest,51.572498,8.1061115,7230.0,north,north,north,north,north,north,31.4,31.4,31.4,31.4,31.4,31.4,101.0,101.0,101.0,101.0,101.0,101.0,287.8,287.8,287.8,287.8,287.8,287.8,4.14,4.64,5.14,5.64,6.14,6.64,12000.0,12000.0,10000.0,8000.0,9000.0,10000.0,1.0,1.0,0.833,0.8,1.125,1.111,3.4162,3.5662,3.7162,3.8662,4.0162,4.1662,2,2,2,1,2,3
13139,Stadtlohn,51.9925,6.917778,7323.0,north,north,north,north,north,north,16.8,16.8,16.8,16.8,16.8,16.8,,,,,,,123.4,123.4,123.4,123.4,123.4,123.4,1.13,1.63,2.13,2.63,3.13,3.63,,,,,,,,,,,,,2.358,2.508,2.658,2.808,2.958,3.108,0,0,0,0,0,0
13140,Steinheim (Westfalen),51.866665,9.0963888,7397.0,north,north,north,north,north,north,22.6,22.6,22.6,22.6,22.6,22.6,,,,,,,70.1,70.1,70.1,70.1,70.1,70.1,3.14,3.64,4.14,4.64,5.14,5.64,,,,,,,,,,,,,2.6647,2.8147,2.9647,3.1147,3.2647,3.4147,0,0,0,0,0,0
13141,Tecklenburg,52.219166,7.8141665,7634.0,north,north,north,north,north,north,20.1,20.1,20.1,20.1,20.1,20.1,,,,,,,154.6,154.6,154.6,154.6,154.6,154.6,1.0,1.5,2.0,2.5,3.0,3.5,,,,,,,,,,,,,2.3676,2.5176,2.6676,2.8176,2.9676,3.1176,0,0,0,0,0,0
13142,Telgte,51.982777,7.7838888,7638.0,north,north,north,north,north,north,28.8,28.8,28.8,28.8,28.8,28.8,,,,,,,238.6,238.6,238.6,238.6,238.6,238.6,0.0,0.1,0.6,1.1,1.6,2.1,,,,,,,,,,,,,2.1316,2.1616,2.3116,2.4616,2.6116,2.7616,0,0,0,0,0,0
13143,Unna,51.534721,7.6897221,7919.0,north,north,north,north,north,north,12.8,12.8,12.8,12.8,12.8,12.8,100.0,100.0,100.0,100.0,100.0,100.0,148.5,148.5,148.5,148.5,148.5,148.5,2.31,2.81,3.31,3.81,4.31,4.81,2000.0,2000.0,1500.0,1000.0,2000.0,3000.0,1.0,1.0,0.75,0.667,2.0,1.5,2.8357,2.9857,3.1357,3.2857,3.4357,3.5857,1,1,1,1,1,2
13144,Versmold,52.040001,8.1552782,,north,north,north,north,north,north,46.1,46.1,46.1,46.1,46.1,46.1,,,,,,,252.4,252.4,252.4,252.4,252.4,252.4,1.82,2.32,2.82,3.32,3.82,4.32,,,,,,,,,,,,,2.56,2.71,2.86,3.01,3.16,3.31,0,0,0,0,0,0
13145,Vlotho,52.165279,8.8599997,8045.0,north,north,north,north,north,north,4.7,4.7,4.7,4.7,4.7,4.7,,,,,,,101.4,101.4,101.4,101.4,101.4,101.4,0.52,1.02,1.52,2.02,2.52,3.02,,,,,,,,,,,,,2.249,2.399,2.549,2.699,2.849,2.999,1,1,1,1,1,1
13146,Voerden,51.819168,9.2294445,,north,north,north,north,north,north,12.8,12.8,12.8,12.8,12.8,12.8,,,,,,,93.4,93.4,93.4,93.4,93.4,93.4,0.0,0.01,0.51,1.01,1.51,2.01,,,,,,,,,,,,,1.9591,1.9621,2.1121,2.2621,2.4121,2.5621,1,1,1,1,1,1
13147,Vreden,52.035831,6.8238888,8090.0,north,north,north,north,north,north,8.8,8.8,8.8,8.8,8.8,8.8,,,,,,,960.2,960.2,960.2,960.2,960.2,960.2,4.11,4.61,5.11,5.61,6.11,6.61,,,,,,,,,,,,,4.1702,4.3202,4.4702,4.6202,4.7702,4.9202,1,1,1,1,1,1
13148,Waltrop,51.621944,7.4005556,,north,north,north,north,north,north,4.0,4.0,4.0,4.0,4.0,4.0,,,,,,,80.3,80.3,80.3,80.3,80.3,80.3,1.03,1.53,2.03,2.53,3.03,3.53,,,,,,,,,,,,,2.3177,2.4677,2.6177,2.7677,2.9177,3.0677,1,1,1,1,1,1
13149,Wanne-Eickel,51.532501,7.1616669,,north,north,north,north,north,north,19.1,19.1,19.1,19.1,19.1,19.1,,,,,,,30.4,30.4,30.4,30.4,30.4,30.4,4.5,5.0,5.5,6.0,6.5,7.0,,,,,,,,,,,,,2.79,2.94,3.09,3.24,3.39,3.54,0,0,0,0,0,0
13150,Warburg,51.488888,9.145833,8185.0,middle,middle,middle,middle,middle,middle,25.2,25.2,25.2,25.2,25.2,25.2,230.0,230.0,230.0,230.0,230.0,230.0,98.2,98.2,98.2,98.2,98.2,98.2,2.4,2.9,3.4,3.9,4.4,4.9,2000.0,2000.0,1500.0,1000.0,1500.0,2000.0,1.0,1.0,0.75,0.667,1.5,1.333,2.7432,2.8932,3.0432,3.1932,3.3432,3.4932,0,0,0,0,0,0
13151,Warendorf,51.950554,7.9883332,8192.0,north,north,north,north,north,north,40.0,40.0,40.0,40.0,40.0,40.0,,,,,,,204.6,204.6,204.6,204.6,204.6,204.6,2.0,2.5,3.0,3.5,4.0,4.5,,,,,,,,,,,,,2.5303,2.6803,2.8303,2.9803,3.1303,3.2803,0,0,0,0,0,0
13152,Warstein,51.44278,8.353611,8208.0,middle,middle,middle,middle,middle,middle,52.6,52.6,52.6,52.6,52.6,52.6,,,,,,,36.7,36.7,36.7,36.7,36.7,36.7,1.78,2.28,2.78,3.28,3.78,4.28,,,,,,,,,,,,,1.9856,2.1356,2.2856,2.4356,2.5856,2.7356,0,0,0,0,0,0
13153,Wattenscheid,51.482498,7.1347222,14202.0,middle,middle,middle,middle,middle,middle,16.0,16.0,16.0,16.0,16.0,16.0,,,,,,,34.1,34.1,34.1,34.1,34.1,34.1,4.5,5.0,5.5,6.0,6.5,7.0,,,,,,,,,,,,,3.0725,3.2225,3.3725,3.5225,3.6725,3.8225,0,0,0,0,0,0
13154,Werdohl,51.259445,7.7666669,,middle,middle,middle,middle,middle,middle,43.9,43.9,43.9,43.9,43.9,43.9,,,,,,,92.3,92.3,92.3,92.3,92.3,92.3,1.49,1.99,2.49,2.99,3.49,3.99,,,,,,,,,,,,,2.2611,2.4111,2.5611,2.7111,2.8611,3.0111,0,0,0,0,0,0
13155,Werl,51.552776,7.9144444,8329.0,north,north,north,north,north,north,20.1,20.1,20.1,20.1,20.1,20.1,,,,,,,216.1,216.1,216.1,216.1,216.1,216.1,2.26,2.76,3.26,3.76,4.26,4.76,,,,,,,,,,,,,2.8794,3.0294,3.1794,3.3294,3.4794,3.6294,0,0,0,0,0,0
13156,Werne,51.663055,7.6350002,8333.0,north,north,north,north,north,north,2.8,2.8,2.8,2.8,2.8,2.8,,,,,,,161.9,161.9,161.9,161.9,161.9,161.9,4.47,4.97,5.47,5.97,6.47,6.97,,,,,,,,,,,,,3.6433,3.7933,3.9433,4.0933,4.2433,4.3933,1,1,1,1,1,1
13157,Werth,51.819168,6.5094442,8342.0,north,north,north,north,north,north,5.3,5.3,5.3,5.3,5.3,5.3,,,,,,,115.3,115.3,115.3,115.3,115.3,115.3,0.0,0.4,0.9,1.4,1.9,2.4,,,,,,,,,,,,,2.1365,2.2565,2.4065,2.5565,2.7065,2.8565,1,1,1,1,1,1
13158,Werther,52.072498,8.4111109,,north,north,north,north,north,north,36.0,36.0,36.0,36.0,36.0,36.0,,,,,,,113.4,113.4,113.4,113.4,113.4,113.4,2.0,2.5,3.0,3.5,4.0,4.5,,,,,,,,,,,,,2.3455,2.4955,2.6455,2.7955,2.9455,3.0955,0,0,0,0,0,0
13159,Westerholt,51.600555,7.0916667,,north,north,north,north,north,north,10.2,10.2,10.2,10.2,10.2,10.2,,,,,,,45.2,45.2,45.2,45.2,45.2,45.2,2.5,3.0,3.5,4.0,4.5,5.0,,,,,,,,,,,,,2.4556,2.6056,2.7556,2.9056,3.0556,3.2056,1,1,1,1,1,1
13160,Westhofen,51.422501,7.5275002,8367.0,middle,middle,middle,middle,middle,middle,25.9,25.9,25.9,25.9,25.9,25.9,,,,,,,50.7,50.7,50.7,50.7,50.7,50.7,2.07,2.57,3.07,3.57,4.07,4.57,,,,,,,,,,,,,2.3758,2.5258,2.6758,2.8258,2.9758,3.1258,0,0,0,0,0,0
13161,Wetter (Ruhr),51.38361,7.3905554,8375.0,middle,middle,middle,middle,middle,middle,29.7,29.7,29.7,29.7,29.7,29.7,,,,,,,40.7,40.7,40.7,40.7,40.7,40.7,0.36,0.86,1.36,1.86,2.36,2.86,,,,,,,,,,,,,1.729,1.879,2.029,2.179,2.329,2.479,0,0,0,0,0,0
13162,Wiedenbrueck,51.833332,8.3047218,8404.0,north,north,north,north,north,north,48.3,48.3,48.3,48.3,48.3,48.3,,,,,,,98.8,98.8,98.8,98.8,98.8,98.8,2.98,3.48,3.98,4.48,4.98,5.48,,,,,,,,,,,,,2.5352,2.6852,2.8352,2.9852,3.1352,3.2852,0,0,0,0,0,0
13163,Willebadessen,51.624722,9.0294447,,north,north,north,north,north,north,24.5,24.5,24.5,24.5,24.5,24.5,,,,,,,59.4,59.4,59.4,59.4,59.4,59.4,1.84,2.34,2.84,3.34,3.84,4.34,,,,,,,,,,,,,2.1863,2.3363,2.4863,2.6363,2.7863,2.9363,0,0,0,0,0,0
13164,Winterberg,51.194168,8.5338888,8487.0,middle,middle,middle,middle,middle,middle,66.4,66.4,66.4,66.4,66.4,66.4,,,,,,,248.7,248.7,248.7,248.7,248.7,248.7,0.0,0.24,0.74,1.24,1.74,2.24,,,,,,,,,,,,,2.2081,2.2801,2.4301,2.5801,2.7301,2.8801,0,0,0,0,0,0
13165,Witten,51.43861,7.3369446,,middle,middle,middle,middle,middle,middle,24.5,24.5,24.5,24.5,24.5,24.5,,,,,,,88.4,88.4,88.4,88.4,88.4,88.4,2.34,2.84,3.34,3.84,4.34,4.84,,,,,,,,,,,,,2.6938,2.8438,2.9938,3.1438,3.2938,3.4438,0,0,0,0,0,0
13166,Wuennenberg,51.517223,8.6975002,,north,north,north,north,north,north,49.8,49.8,49.8,49.8,49.8,49.8,,,,,,,231.8,231.8,231.8,231.8,231.8,231.8,0.0,0.0,0.22,0.72,1.22,1.72,,,,,,,,,,,,,1.98,1.98,2.046,2.196,2.346,2.496,0,0,0,0,0,0
14001,Aachen,50.773335,6.084722,65.0,middle,middle,middle,middle,middle,middle,27.4,27.4,27.4,27.4,27.4,27.4,195.0,195.0,195.0,195.0,195.0,195.0,332.4,332.4,332.4,332.4,332.4,332.4,8.0,8.0,8.0,8.0,8.0,8.0,15500.0,18000.0,14000.0,10000.0,14000.0,18000.0,1.192,1.161,0.778,0.714,1.4,1.286,4.8811,4.8811,4.8811,4.8811,4.8811,4.8811,3,3,2,2,3,3
14002,Aachen-Burtscheid,50.763889,6.0944443,,middle,middle,middle,middle,middle,middle,28.0,28.0,28.0,28.0,28.0,28.0,,,,,,,393.1,393.1,393.1,393.1,393.1,393.1,2.5,3.0,3.5,4.0,4.5,5.0,,,,,,,,,,,,,3.29,3.44,3.59,3.74,3.89,4.04,0,0,0,0,0,0
14003,Alsdorf,50.874722,6.166389,,middle,middle,middle,middle,middle,middle,31.9,31.9,31.9,31.9,31.9,31.9,,,,,,,74.9,74.9,74.9,74.9,74.9,74.9,0.0,0.08,0.58,1.08,1.58,2.08,,,,,,,,,,,,,1.8332,1.8572,2.0072,2.1572,2.3072,2.4572,0,0,0,0,0,0
14004,Angermund,51.328888,6.7794442,,middle,middle,middle,middle,middle,middle,6.0,6.0,6.0,6.0,6.0,6.0,,,,,,,53.9,53.9,53.9,53.9,53.9,53.9,0.82,1.32,1.82,2.32,2.82,3.32,,,,,,,,,,,,,2.2733,2.4233,2.5733,2.7233,2.8733,3.0233,2,2,2,2,2,2
14005,Bedburg,50.991943,6.5719442,,middle,middle,middle,middle,middle,middle,23.8,23.8,23.8,23.8,23.8,23.8,,,,,,,67.8,67.8,67.8,67.8,67.8,67.8,3.57,4.07,4.57,5.07,5.57,6.07,,,,,,,,,,,,,2.9654,3.1154,3.2654,3.4154,3.5654,3.7154,0,0,0,0,0,0
14006,Bensberg,50.965279,7.1536112,,middle,middle,middle,middle,middle,middle,15.7,15.7,15.7,15.7,15.7,15.7,,,,,,,194.6,194.6,194.6,194.6,194.6,194.6,2.47,2.97,3.47,3.97,4.47,4.97,,,,,,,,,,,,,3.1551,3.3051,3.4551,3.6051,3.7551,3.9051,0,0,0,0,0,0
14007,Bergheim,50.955002,6.6399999,,middle,middle,middle,middle,middle,middle,20.5,20.5,20.5,20.5,20.5,20.5,,,,,,,155.8,155.8,155.8,155.8,155.8,155.8,0.17,0.67,1.17,1.67,2.17,2.67,,,,,,,,,,,,,2.3169,2.4669,2.6169,2.7669,2.9169,3.0669,0,0,0,0,0,0
14008,Bergisch Gladbach,50.991665,7.1361113,,middle,middle,middle,middle,middle,middle,16.6,16.6,16.6,16.6,16.6,16.6,100.0,100.0,100.0,100.0,100.0,100.0,71.1,71.1,71.1,71.1,71.1,71.1,0.0,0.29,0.79,1.29,1.79,2.29,0.0,0.0,0.0,0.0,500.0,1000.0,,,,,,2.0,2.0043,2.0913,2.2413,2.3913,2.5413,2.6913,0,0,0,0,0,0
14009,Bergisch Neukirchen,51.076668,7.0330558,,middle,middle,middle,middle,middle,middle,10.2,10.2,10.2,10.2,10.2,10.2,,,,,,,34.8,34.8,34.8,34.8,34.8,34.8,0.27,0.77,1.27,1.77,2.27,2.77,,,,,,,,,,,,,1.8847,2.0347,2.1847,2.3347,2.4847,2.6347,2,2,2,2,2,2
14010,Bergneustadt,51.020832,7.6480556,,middle,middle,middle,middle,middle,middle,44.3,44.3,44.3,44.3,44.3,44.3,,,,,,,222.6,222.6,222.6,222.6,222.6,222.6,0.0,0.23,0.73,1.23,1.73,2.23,,,,,,,,,,,,,2.1639,2.2329,2.3829,2.5329,2.6829,2.8329,0,0,0,0,0,0
14011,Blankenberg,50.761391,7.3647223,,middle,middle,middle,middle,middle,middle,15.4,15.4,15.4,15.4,15.4,15.4,,,,,,,467.0,467.0,467.0,467.0,467.0,467.0,0.7,1.2,1.7,2.2,2.7,3.2,,,,,,,,,,,,,2.9768,3.1268,3.2768,3.4268,3.5768,3.7268,0,0,0,0,0,0
14012,Bonn,50.734165,7.0991669,,middle,middle,middle,middle,middle,middle,1.5,1.5,1.5,1.5,1.5,1.5,54.0,54.0,54.0,54.0,54.0,54.0,131.4,131.4,131.4,131.4,131.4,131.4,8.0,8.0,8.0,8.0,8.0,8.0,4500.0,5000.0,4000.0,3000.0,3000.0,3000.0,1.125,1.111,0.8,0.75,1.0,1.0,4.8353,4.8353,4.8353,4.8353,4.8353,4.8353,2,2,2,2,2,2
14013,Bruehl,50.829445,6.9022222,,middle,middle,middle,middle,middle,middle,9.0,9.0,9.0,9.0,9.0,9.0,,,,,,,212.3,212.3,212.3,212.3,212.3,212.3,4.5,5.0,5.5,6.0,6.5,7.0,,,,,,,,,,,,,3.8823,4.0323,4.1823,4.3323,4.4823,4.6323,2,2,2,2,2,2
14014,Burg a. d. Wupper,51.137779,7.1547222,,middle,middle,middle,middle,middle,middle,21.0,21.0,21.0,21.0,21.0,21.0,,,,,,,36.4,36.4,36.4,36.4,36.4,36.4,1.2,1.7,2.2,2.7,3.2,3.7,,,,,,,,,,,,,2.0457,2.1957,2.3457,2.4957,2.6457,2.7957,0,0,0,0,0,0
14015,Burscheid,51.083057,7.1188889,,middle,middle,middle,middle,middle,middle,15.9,15.9,15.9,15.9,15.9,15.9,,,,,,,62.7,62.7,62.7,62.7,62.7,62.7,0.7,1.2,1.7,2.2,2.7,3.2,,,,,,,,,,,,,2.1723,2.3223,2.4723,2.6223,2.7723,2.9223,0,0,0,0,0,0
14016,Dinslaken,51.562222,6.7347221,,north,north,north,north,north,north,6.7,6.7,6.7,6.7,6.7,6.7,,,,,,,131.6,131.6,131.6,131.6,131.6,131.6,0.87,1.37,1.87,2.37,2.87,3.37,,,,,,,,,,,,,2.4324,2.5824,2.7324,2.8824,3.0324,3.1824,1,1,1,1,1,1
14017,Duelken,51.250832,6.3308334,,middle,middle,middle,middle,middle,middle,16.9,16.9,16.9,16.9,16.9,16.9,,,,,,,123.8,123.8,123.8,123.8,123.8,123.8,1.15,1.65,2.15,2.65,3.15,3.65,,,,,,,,,,,,,2.5646,2.7146,2.8646,3.0146,3.1646,3.3146,0,0,0,0,0,0
14018,Dueren,50.801666,6.4827776,,middle,middle,middle,middle,middle,middle,38.6,38.6,38.6,38.6,38.6,38.6,125.0,125.0,125.0,125.0,125.0,125.0,223.7,223.7,223.7,223.7,223.7,223.7,4.75,5.25,5.75,6.25,6.75,7.25,3000.0,3000.0,2500.0,2000.0,2500.0,3000.0,1.0,1.0,0.833,0.8,1.25,1.2,3.6086,3.7586,3.9086,4.0586,4.2086,4.3586,1,1,0,0,0,2
14019,Duesseldorf,51.224167,6.7800002,1639.0,middle,middle,middle,middle,middle,middle,1.9,1.9,1.9,1.9,1.9,1.9,37.0,37.0,37.0,37.0,37.0,37.0,72.3,72.3,72.3,72.3,72.3,72.3,1.15,1.65,2.15,2.65,3.15,3.65,1500.0,2000.0,2000.0,2000.0,2000.0,2000.0,1.5,1.333,1.0,1.0,1.0,1.0,2.5385,2.6885,2.8385,2.9885,3.1385,3.2885,2,2,2,2,2,2
14020,Duesseldorf-Gerresheim,51.236946,6.8619447,,middle,middle,middle,middle,middle,middle,7.8,7.8,7.8,7.8,7.8,7.8,,,,,,,60.0,60.0,60.0,60.0,60.0,60.0,3.8,4.3,4.8,5.3,5.8,6.3,,,,,,,,,,,,,3.1867,3.3367,3.4867,3.6367,3.7867,3.9367,2,2,2,2,2,2
14021,Duesseldorf-Kaiserswerth,51.300835,6.7388887,,middle,middle,middle,middle,middle,middle,4.3,4.3,4.3,4.3,4.3,4.3,,,,,,,75.8,75.8,75.8,75.8,75.8,75.8,5.55,6.05,6.55,7.05,7.55,8.0,,,,,,,,,,,,,3.848,3.998,4.148,4.298,4.448,4.583,2,2,2,2,2,2
14022,Duisburg,51.433056,6.7652779,1611.0,middle,middle,middle,middle,middle,middle,0.9,0.9,0.9,0.9,0.9,0.9,33.0,33.0,33.0,33.0,33.0,33.0,33.2,33.2,33.2,33.2,33.2,33.2,4.69,5.19,5.69,6.19,6.69,7.19,1000.0,1000.0,1000.0,1000.0,1500.0,2000.0,1.0,1.0,1.0,1.0,1.5,1.333,3.3095,3.4595,3.6095,3.7595,3.9095,4.0595,2,2,2,2,2,2
14023,Duisburg-Hamborn,51.488056,6.7727776,,middle,middle,middle,middle,middle,middle,4.4,4.4,4.4,4.4,4.4,4.4,,,,,,,20.1,20.1,20.1,20.1,20.1,20.1,1.14,1.64,2.14,2.64,3.14,3.64,,,,,,,,,,,,,2.0078,2.1578,2.3078,2.4578,2.6078,2.7578,2,2,2,2,2,2
14024,Duisburg-Meiderich,51.465,6.7925,,middle,middle,middle,middle,middle,middle,3.4,3.4,3.4,3.4,3.4,3.4,,,,,,,25.9,25.9,25.9,25.9,25.9,25.9,3.76,4.26,4.76,5.26,5.76,6.26,,,,,,,,,,,,,2.9027,3.0527,3.2027,3.3527,3.5027,3.6527,2,2,2,2,2,2
14025,Duisburg-Ruhrort,51.452778,6.7358332,6610.0,middle,middle,middle,middle,middle,middle,1.0,1.0,1.0,1.0,1.0,1.0,,,,,,,14.5,14.5,14.5,14.5,14.5,14.5,0.0,0.0,0.0,0.29,0.79,1.29,,,,,,,,,,,,,1.5849,1.5849,1.5849,1.6719,1.8219,1.9719,2,2,2,2,2,2
14026,Emmerich,51.83139,6.2424998,1793.0,north,north,north,north,north,north,2.0,2.0,2.0,2.0,2.0,2.0,17.0,17.0,17.0,17.0,17.0,17.0,2209.4,2209.4,2209.4,2209.4,2209.4,2209.4,5.53,6.03,6.53,7.03,7.53,8.0,2500.0,3000.0,2500.0,2000.0,3000.0,4000.0,1.25,1.2,0.833,0.8,1.5,1.333,5.0138,5.1638,5.3138,5.4638,5.6138,5.7548,1,2,1,1,2,2
14027,Erkelenz,51.078609,6.313889,1828.0,middle,middle,middle,middle,middle,middle,26.5,26.5,26.5,26.5,26.5,26.5,,,,,,,234.2,234.2,234.2,234.2,234.2,234.2,2.84,3.34,3.84,4.34,4.84,5.34,,,,,,,,,,,,,3.2044,3.3544,3.5044,3.6544,3.8044,3.9544,0,0,0,0,0,0
14028,Eschweiler,50.817223,6.2666669,,middle,middle,middle,middle,middle,middle,40.0,40.0,40.0,40.0,40.0,40.0,135.0,135.0,135.0,135.0,135.0,135.0,135.8,135.8,135.8,135.8,135.8,135.8,4.2,4.7,5.2,5.7,6.2,6.7,2000.0,2000.0,1500.0,1000.0,1000.0,1000.0,1.0,1.0,0.75,0.667,1.0,1.0,3.2275,3.3775,3.5275,3.6775,3.8275,3.9775,0,0,0,0,0,0
14029,Essen,51.455833,7.0124998,1865.0,middle,middle,middle,middle,middle,middle,7.5,7.5,7.5,7.5,7.5,7.5,116.0,116.0,116.0,116.0,116.0,116.0,59.9,59.9,59.9,59.9,59.9,59.9,3.98,4.48,4.98,5.48,5.98,6.48,1500.0,1000.0,2000.0,3000.0,3000.0,3000.0,0.75,0.667,2.0,1.5,1.0,1.0,3.2435,3.3935,3.5435,3.6935,3.8435,3.9935,2,2,2,2,2,2
14030,Essen-Steele,51.449444,7.0763888,,middle,middle,middle,middle,middle,middle,10.7,10.7,10.7,10.7,10.7,10.7,,,,,,,46.6,46.6,46.6,46.6,46.6,46.6,4.49,4.99,5.49,5.99,6.49,6.99,,,,,,,,,,,,,3.2586,3.4086,3.5586,3.7086,3.8586,4.0086,2,2,2,2,2,2
14031,Essen-Werden,51.388332,7.0091667,,middle,middle,middle,middle,middle,middle,5.3,5.3,5.3,5.3,5.3,5.3,58.0,58.0,58.0,58.0,58.0,58.0,38.6,38.6,38.6,38.6,38.6,38.6,3.12,3.62,4.12,4.62,5.12,5.62,2000.0,2000.0,1500.0,1000.0,1500.0,2000.0,1.0,1.0,0.75,0.667,1.5,1.333,2.8409,2.9909,3.1409,3.2909,3.4409,3.5909,2,2,2,2,2,2
14032,Euskirchen,50.660831,6.7858334,,middle,middle,middle,middle,middle,middle,24.1,24.1,24.1,24.1,24.1,24.1,,,,,,,150.3,150.3,150.3,150.3,150.3,150.3,1.96,2.46,2.96,3.46,3.96,4.46,,,,,,,,,,,,,2.7942,2.9442,3.0942,3.2442,3.3942,3.5442,0,0,0,0,0,0
14033,Geilenkirchen,50.964443,6.1197224,,middle,middle,middle,middle,middle,middle,26.1,26.1,26.1,26.1,26.1,26.1,,,,,,,1991.7,1991.7,1991.7,1991.7,1991.7,1991.7,0.49,0.99,1.49,1.99,2.49,2.99,,,,,,,,,,,,,3.3597,3.5097,3.6597,3.8097,3.9597,4.1097,0,0,0,0,0,0
14034,Geldern,51.517502,6.3233333,2148.0,north,north,north,north,north,north,13.4,13.4,13.4,13.4,13.4,13.4,,,,,,,155.4,155.4,155.4,155.4,155.4,155.4,2.49,2.99,3.49,3.99,4.49,4.99,,,,,,,,,,,,,2.901,3.051,3.201,3.351,3.501,3.651,1,1,1,1,1,1
14035,Gemuend,50.574165,6.4972224,,middle,middle,middle,middle,middle,middle,46.6,46.6,46.6,46.6,46.6,46.6,,,,,,,157.1,157.1,157.1,157.1,157.1,157.1,0.37,0.87,1.37,1.87,2.37,2.87,,,,,,,,,,,,,2.1363,2.2863,2.4363,2.5863,2.7363,2.8863,0,0,0,0,0,0
14036,Goch,51.674446,6.1586113,2250.0,north,north,north,north,north,north,11.6,11.6,11.6,11.6,11.6,11.6,,,,,,,2150.9,2150.9,2150.9,2150.9,2150.9,2150.9,0.75,1.25,1.75,2.25,2.75,3.25,,,,,,,,,,,,,3.4491,3.5991,3.7491,3.8991,4.0491,4.1991,1,1,1,1,1,1
14037,Bad Godesberg,50.685555,7.1527777,,middle,middle,middle,middle,middle,middle,2.1,2.1,2.1,2.1,2.1,2.1,,,,,,,54.8,54.8,54.8,54.8,54.8,54.8,5.28,5.78,6.28,6.78,7.28,7.78,,,,,,,,,,,,,3.6665,3.8165,3.9665,4.1165,4.2665,4.4165,2,2,2,2,2,2
14038,Grevenbroich,51.09111,6.5830555,2420.0,middle,middle,middle,middle,middle,middle,14.4,14.4,14.4,14.4,14.4,14.4,,,,,,,88.3,88.3,88.3,88.3,88.3,88.3,0.0,0.32,0.82,1.32,1.82,2.32,,,,,,,,,,,,,2.1166,2.2126,2.3626,2.5126,2.6626,2.8126,2,2,2,2,2,2
14039,Gummersbach,51.026943,7.5677776,,middle,middle,middle,middle,middle,middle,40.4,40.4,40.4,40.4,40.4,40.4,,,,,,,310.2,310.2,310.2,310.2,310.2,310.2,0.76,1.26,1.76,2.26,2.76,3.26,,,,,,,,,,,,,2.5242,2.6742,2.8242,2.9742,3.1242,3.2742,0,0,0,0,0,0
14040,Haan,51.192223,7.0105557,,middle,middle,middle,middle,middle,middle,15.8,15.8,15.8,15.8,15.8,15.8,,,,,,,40.9,40.9,40.9,40.9,40.9,40.9,3.0,3.5,4.0,4.5,5.0,5.5,,,,,,,,,,,,,2.6967,2.8467,2.9967,3.1467,3.2967,3.4467,0,0,0,0,0,0
14041,Heiligenhaus,51.325832,6.9663887,,middle,middle,middle,middle,middle,middle,9.2,9.2,9.2,9.2,9.2,9.2,,,,,,,40.5,40.5,40.5,40.5,40.5,40.5,3.75,4.25,4.75,5.25,5.75,6.25,,,,,,,,,,,,,3.0009,3.1509,3.3009,3.4509,3.6009,3.7509,2,2,2,2,2,2
14042,Heinsberg,51.038612,8.1502781,,middle,middle,middle,middle,middle,middle,75.7,75.7,75.7,75.7,75.7,75.7,,,,,,,264.6,264.6,264.6,264.6,264.6,264.6,2.5,3.0,3.5,4.0,4.5,5.0,,,,,,,,,,,,,2.9828,3.1328,3.2828,3.4328,3.5828,3.7328,0,0,0,0,0,0
14043,Herzogenrath,50.865555,6.0891666,3018.0,middle,middle,middle,middle,middle,middle,27.0,27.0,27.0,27.0,27.0,27.0,,,,,,,332.4,332.4,332.4,332.4,332.4,332.4,1.42,1.92,2.42,2.92,3.42,3.92,,,,,,,,,,,,,2.9124,3.0624,3.2124,3.3624,3.5124,3.6624,0,0,0,0,0,0
14044,Hilden,51.168056,6.9336109,,middle,middle,middle,middle,middle,middle,10.1,10.1,10.1,10.1,10.1,10.1,,,,,,,51.5,51.5,51.5,51.5,51.5,51.5,0.81,1.31,1.81,2.31,2.81,3.31,,,,,,,,,,,,,2.2017,2.3517,2.5017,2.6517,2.8017,2.9517,2,2,2,2,2,2
14045,Hitdorf,51.060555,6.9183335,,middle,middle,middle,middle,middle,middle,3.5,3.5,3.5,3.5,3.5,3.5,,,,,,,100.1,100.1,100.1,100.1,100.1,100.1,0.0,0.19,0.69,1.19,1.69,2.19,,,,,,,,,,,,,2.3028,2.3598,2.5098,2.6598,2.8098,2.9598,2,2,2,2,2,2
14046,Homberg,51.450554,6.7091665,,middle,middle,middle,middle,middle,middle,2.8,2.8,2.8,2.8,2.8,2.8,,,,,,,23.7,23.7,23.7,23.7,23.7,23.7,4.5,5.0,5.5,6.0,6.5,7.0,,,,,,,,,,,,,3.0973,3.2473,3.3973,3.5473,3.6973,3.8473,2,2,2,2,2,2
14047,Bad Honnef,50.643333,7.228889,,middle,middle,middle,middle,middle,middle,2.2,2.2,2.2,2.2,2.2,2.2,,,,,,,68.1,68.1,68.1,68.1,68.1,68.1,4.5,5.0,5.5,6.0,6.5,7.0,,,,,,,,,,,,,3.5162,3.6662,3.8162,3.9662,4.1162,4.2662,2,2,2,2,2,2
14048,Hueckeswagen,51.148335,7.334722,,middle,middle,middle,middle,middle,middle,32.6,32.6,32.6,32.6,32.6,32.6,308.0,308.0,308.0,308.0,308.0,308.0,83.1,83.1,83.1,83.1,83.1,83.1,1.65,2.15,2.65,3.15,3.65,4.15,1500.0,2000.0,1500.0,1000.0,1500.0,2000.0,1.5,1.333,0.75,0.667,1.5,1.333,2.3598,2.5098,2.6598,2.8098,2.9598,3.1098,0,0,0,0,0,0
14049,Isselburg,51.830833,6.4655557,,north,north,north,north,north,north,4.6,4.6,4.6,4.6,4.6,4.6,,,,,,,67.8,67.8,67.8,67.8,67.8,67.8,0.0,0.0,0.0,0.42,0.92,1.42,,,,,,,,,,,,,1.9355,1.9355,1.9355,2.0615,2.2115,2.3615,1,1,1,1,1,1
14050,Juelich,50.922501,6.3575001,,middle,middle,middle,middle,middle,middle,38.8,38.8,38.8,38.8,38.8,38.8,,,,,,,182.8,182.8,182.8,182.8,182.8,182.8,8.0,8.0,8.0,8.0,8.0,8.0,,,,,,,,,,,,,4.5,4.5,4.5,4.5,4.5,4.5,0,0,0,0,0,0
14051,Kaldenkirchen,51.319721,6.1980557,10587.0,middle,middle,middle,middle,middle,middle,5.0,5.0,5.0,5.0,5.0,5.0,,,,,,,1578.4,1578.4,1578.4,1578.4,1578.4,1578.4,0.2,0.7,1.2,1.7,2.2,2.7,,,,,,,,,,,,,3.4436,3.5936,3.7436,3.8936,4.0436,4.1936,2,2,2,2,2,2
14052,Kalkar,51.737221,6.2874999,,north,north,north,north,north,north,2.7,2.7,2.7,2.7,2.7,2.7,,,,,,,129.1,129.1,129.1,129.1,129.1,129.1,0.2,0.7,1.2,1.7,2.2,2.7,,,,,,,,,,,,,2.2741,2.4241,2.5741,2.7241,2.8741,3.0241,1,1,1,1,1,1
14053,Kamp-Lintfort,51.503056,6.5447221,,north,north,north,north,north,north,8.0,8.0,8.0,8.0,8.0,8.0,,,,,,,147.4,147.4,147.4,147.4,147.4,147.4,1.27,1.77,2.27,2.77,3.27,3.77,,,,,,,,,,,,,2.5809,2.7309,2.8809,3.0309,3.1809,3.3309,1,1,1,1,1,1
14054,Kaster,51.005833,6.5505557,,middle,middle,middle,middle,middle,middle,23.9,23.9,23.9,23.9,23.9,23.9,,,,,,,120.3,120.3,120.3,120.3,120.3,120.3,1.02,1.52,2.02,2.52,3.02,3.52,,,,,,,,,,,,,2.4273,2.5773,2.7273,2.8773,3.0273,3.1773,0,0,0,0,0,0
14055,Kempen,51.364445,6.418611,,middle,middle,middle,middle,middle,middle,18.3,18.3,18.3,18.3,18.3,18.3,,,,,,,157.3,157.3,157.3,157.3,157.3,157.3,3.6,4.1,4.6,5.1,5.6,6.1,,,,,,,,,,,,,3.3766,3.5266,3.6766,3.8266,3.9766,4.1266,0,0,0,0,0,0
14056,Kerpen,50.86972,6.6947222,,middle,middle,middle,middle,middle,middle,23.2,23.2,23.2,23.2,23.2,23.2,,,,,,,180.7,180.7,180.7,180.7,180.7,180.7,3.57,4.07,4.57,5.07,5.57,6.07,,,,,,,,,,,,,3.3618,3.5118,3.6618,3.8118,3.9618,4.1118,0,0,0,0,0,0
14057,Kettwig,51.365276,6.9436111,,middle,middle,middle,middle,middle,middle,4.6,4.6,4.6,4.6,4.6,4.6,,,,,,,50.2,50.2,50.2,50.2,50.2,50.2,4.54,5.04,5.54,6.04,6.54,7.04,,,,,,,,,,,,,3.3789,3.5289,3.6789,3.8289,3.9789,4.1289,2,2,2,2,2,2
14058,Kevelaer,51.581665,6.2469444,,north,north,north,north,north,north,12.4,12.4,12.4,12.4,12.4,12.4,,,,,,,185.2,185.2,185.2,185.2,185.2,185.2,0.0,0.0,0.5,1.0,1.5,2.0,,,,,,,,,,,,,2.2361,2.2361,2.3861,2.5361,2.6861,2.8361,1,1,1,1,1,1
14059,Kleve,51.787777,6.1386113,,north,north,north,north,north,north,4.7,4.7,4.7,4.7,4.7,4.7,12.0,12.0,12.0,12.0,12.0,12.0,332.4,332.4,332.4,332.4,332.4,332.4,2.5,3.0,3.5,4.0,4.5,5.0,2000.0,2000.0,1500.0,1000.0,2500.0,4000.0,1.0,1.0,0.75,0.667,2.5,1.6,3.3148,3.4648,3.6148,3.7648,3.9148,4.0648,1,1,1,1,1,2
14060,Koeln,50.938057,6.9569445,3888.0,middle,middle,middle,middle,middle,middle,10.8,10.8,10.8,10.8,10.8,10.8,46.0,46.0,46.0,46.0,46.0,46.0,95.2,95.2,95.2,95.2,95.2,95.2,8.0,8.0,8.0,8.0,8.0,8.0,42000.0,44000.0,42000.0,40000.0,42500.0,45000.0,1.05,1.048,0.955,0.952,1.062,1.059,4.5917,4.5917,4.5917,4.5917,4.5917,4.5917,3,3,3,3,3,3
14061,Koeln-Deutz,50.934723,6.9877777,,middle,middle,middle,middle,middle,middle,9.9,9.9,9.9,9.9,9.9,9.9,,,,,,,41.8,41.8,41.8,41.8,41.8,41.8,8.0,8.0,8.0,8.0,8.0,8.0,,,,,,,,,,,,,4.2781,4.2781,4.2781,4.2781,4.2781,4.2781,2,2,2,2,2,2
14062,Koeln-Kalk,50.94278,7.0063887,,middle,middle,middle,middle,middle,middle,10.6,10.6,10.6,10.6,10.6,10.6,,,,,,,66.0,66.0,66.0,66.0,66.0,66.0,0.0,0.02,0.52,1.02,1.52,2.02,,,,,,,,,,,,,2.0502,2.0562,2.2062,2.3562,2.5062,2.6562,2,2,2,2,2,2
14063,Koeln-Muelheim,50.961113,6.9994445,,middle,middle,middle,middle,middle,middle,10.0,10.0,10.0,10.0,10.0,10.0,,,,,,,28.3,28.3,28.3,28.3,28.3,28.3,4.5,5.0,5.5,6.0,6.5,7.0,,,,,,,,,,,,,3.076,3.226,3.376,3.526,3.676,3.826,2,2,2,2,2,2
14064,Koenigswinter,50.676666,7.1913891,,middle,middle,middle,middle,middle,middle,4.2,4.2,4.2,4.2,4.2,4.2,80.0,80.0,80.0,80.0,80.0,80.0,46.5,46.5,46.5,46.5,46.5,46.5,2.35,2.85,3.35,3.85,4.35,4.85,2500.0,3000.0,3000.0,3000.0,2500.0,2000.0,1.25,1.2,1.0,1.0,0.833,0.8,2.696,2.846,2.996,3.146,3.296,3.446,2,2,2,2,2,2
14065,Krefeld,51.3325,6.5608335,,middle,middle,middle,middle,middle,middle,9.2,9.2,9.2,9.2,9.2,9.2,,,,,,,193.2,193.2,193.2,193.2,193.2,193.2,8.0,8.0,8.0,8.0,8.0,8.0,,,,,,,,,,,,,4.8928,4.8928,4.8928,4.8928,4.8928,4.8928,2,2,2,2,2,2
14066,Langenberg (Rheinland),51.351112,7.1197224,,middle,middle,middle,middle,middle,middle,14.0,14.0,14.0,14.0,14.0,14.0,,,,,,,50.8,50.8,50.8,50.8,50.8,50.8,0.0,0.2,0.7,1.2,1.7,2.2,,,,,,,,,,,,,1.9036,1.9636,2.1136,2.2636,2.4136,2.5636,2,2,2,2,2,2
14067,Langenfeld,51.110001,6.9488888,,middle,middle,middle,middle,middle,middle,9.4,9.4,9.4,9.4,9.4,9.4,,,,,,,33.7,33.7,33.7,33.7,33.7,33.7,2.5,3.0,3.5,4.0,4.5,5.0,,,,,,,,,,,,,2.5517,2.7017,2.8517,3.0017,3.1517,3.3017,2,2,2,2,2,2
14068,Lechenich,50.799999,6.7647223,,middle,middle,middle,middle,middle,middle,19.2,19.2,19.2,19.2,19.2,19.2,,,,,,,143.1,143.1,143.1,143.1,143.1,143.1,1.12,1.62,2.12,2.62,3.12,3.62,,,,,,,,,,,,,2.5841,2.7341,2.8841,3.0341,3.1841,3.3341,0,0,0,0,0,0
14069,Leichlingen,51.105835,7.0141668,,middle,middle,middle,middle,middle,middle,11.3,11.3,11.3,11.3,11.3,11.3,,,,,,,30.3,30.3,30.3,30.3,30.3,30.3,2.5,3.0,3.5,4.0,4.5,5.0,,,,,,,,,,,,,2.4871,2.6371,2.7871,2.9371,3.0871,3.2371,2,2,2,2,2,2
14070,Leverkusen,51.028057,6.9944444,,middle,middle,middle,middle,middle,middle,6.1,6.1,6.1,6.1,6.1,6.1,60.0,60.0,60.0,60.0,60.0,60.0,42.3,42.3,42.3,42.3,42.3,42.3,1.43,1.93,2.43,2.93,3.43,3.93,1000.0,1000.0,1000.0,1000.0,1500.0,2000.0,1.0,1.0,1.0,1.0,1.5,1.333,2.3596,2.5096,2.6596,2.8096,2.9596,3.1096,2,2,2,2,2,2
14071,Linnich,50.978889,6.2672224,,middle,middle,middle,middle,middle,middle,31.3,31.3,31.3,31.3,31.3,31.3,,,,,,,132.1,132.1,132.1,132.1,132.1,132.1,3.62,4.12,4.62,5.12,5.62,6.12,,,,,,,,,,,,,3.1515,3.3015,3.4515,3.6015,3.7515,3.9015,0,0,0,0,0,0
14072,Meckenheim,50.625557,7.0397224,,middle,middle,middle,middle,middle,middle,11.7,11.7,11.7,11.7,11.7,11.7,,,,,,,103.7,103.7,103.7,103.7,103.7,103.7,3.97,4.47,4.97,5.47,5.97,6.47,,,,,,,,,,,,,3.4052,3.5552,3.7052,3.8552,4.0052,4.1552,2,2,2,2,2,2
14073,Mettmann,51.251667,6.978611,,middle,middle,middle,middle,middle,middle,15.8,15.8,15.8,15.8,15.8,15.8,140.0,140.0,140.0,140.0,140.0,140.0,47.6,47.6,47.6,47.6,47.6,47.6,3.46,3.96,4.46,4.96,5.46,5.96,2000.0,2000.0,1500.0,1000.0,2000.0,3000.0,1.0,1.0,0.75,0.667,2.0,1.5,2.894,3.044,3.194,3.344,3.494,3.644,0,0,0,0,0,2
14074,Moenchen Gladbach,51.194443,6.4313889,,middle,middle,middle,middle,middle,middle,18.3,18.3,18.3,18.3,18.3,18.3,,,,,,,72.4,72.4,72.4,72.4,72.4,72.4,1.65,2.15,2.65,3.15,3.65,4.15,,,,,,,,,,,,,2.4846,2.6346,2.7846,2.9346,3.0846,3.2346,0,0,0,0,0,0
14075,Moers,51.453335,6.6277776,,middle,middle,middle,middle,middle,middle,6.9,6.9,6.9,6.9,6.9,6.9,,,,,,,78.1,78.1,78.1,78.1,78.1,78.1,0.0,0.13,0.63,1.13,1.63,2.13,,,,,,,,,,,,,2.1616,2.2006,2.3506,2.5006,2.6506,2.8006,2,2,2,2,2,2
14076,Monschau,50.555279,6.2391667,,middle,middle,middle,middle,middle,middle,43.6,43.6,43.6,43.6,43.6,43.6,,,,,,,1451.5,1451.5,1451.5,1451.5,1451.5,1451.5,0.33,0.83,1.33,1.83,2.33,2.83,,,,,,,,,,,,,3.0114,3.1614,3.3114,3.4614,3.6114,3.7614,0,0,0,0,0,0
14077,Muelheim a. d. Ruhr,51.43111,6.8797221,,middle,middle,middle,middle,middle,middle,3.9,3.9,3.9,3.9,3.9,3.9,63.0,63.0,63.0,63.0,63.0,63.0,66.5,66.5,66.5,66.5,66.5,66.5,2.5,3.0,3.5,4.0,4.5,5.0,1000.0,1000.0,1000.0,1000.0,1000.0,1000.0,1.0,1.0,1.0,1.0,1.0,1.0,2.8858,3.0358,3.1858,3.3358,3.4858,3.6358,2,2,2,2,2,2
14078,Muenstereifel,50.556667,6.7649999,,middle,middle,middle,middle,middle,middle,31.7,31.7,31.7,31.7,31.7,31.7,,,,,,,354.3,354.3,354.3,354.3,354.3,354.3,4.2,4.7,5.2,5.7,6.2,6.7,,,,,,,,,,,,,3.7126,3.8626,4.0126,4.1626,4.3126,4.4626,0,0,0,0,0,0
14079,Neuss,51.198612,6.6913891,5304.0,middle,middle,middle,middle,middle,middle,0.3,0.3,0.3,0.3,0.3,0.3,40.0,40.0,40.0,40.0,40.0,40.0,140.2,140.2,140.2,140.2,140.2,140.2,8.0,8.0,8.0,8.0,8.0,8.0,2500.0,3000.0,2500.0,2000.0,2000.0,2000.0,1.25,1.2,0.833,0.8,1.0,1.0,4.8765,4.8765,4.8765,4.8765,4.8765,4.8765,2,2,2,2,2,2
14080,Neviges,51.310833,7.0888891,,middle,middle,middle,middle,middle,middle,14.9,14.9,14.9,14.9,14.9,14.9,,,,,,,30.3,30.3,30.3,30.3,30.3,30.3,1.05,1.55,2.05,2.55,3.05,3.55,,,,,,,,,,,,,2.0063,2.1563,2.3063,2.4563,2.6063,2.7563,2,2,2,2,2,2
14081,Nideggen,50.690834,6.4850001,,middle,middle,middle,middle,middle,middle,42.0,42.0,42.0,42.0,42.0,42.0,,,,,,,198.0,198.0,198.0,198.0,198.0,198.0,0.73,1.23,1.73,2.23,2.73,3.23,,,,,,,,,,,,,2.3363,2.4863,2.6363,2.7863,2.9363,3.0863,0,0,0,0,0,0
14082,Oberhausen,51.484444,6.8733335,,middle,middle,middle,middle,middle,middle,6.5,6.5,6.5,6.5,6.5,6.5,42.0,42.0,42.0,42.0,42.0,42.0,18.8,18.8,18.8,18.8,18.8,18.8,3.03,3.53,4.03,4.53,5.03,5.53,0.0,0.0,0.0,0.0,0.0,0.0,,,,,,,2.523,2.673,2.823,2.973,3.123,3.273,2,2,2,2,2,2
14083,Oberhausen-Holten,51.52861,6.793889,,north,north,north,north,north,north,7.3,7.3,7.3,7.3,7.3,7.3,,,,,,,53.0,53.0,53.0,53.0,53.0,53.0,0.62,1.12,1.62,2.12,2.62,3.12,,,,,,,,,,,,,1.9904,2.1404,2.2904,2.4404,2.5904,2.7404,1,1,1,1,1,1
14084,Oberhausen-Osterfeld,51.500557,6.8833332,,north,north,north,north,north,north,8.4,8.4,8.4,8.4,8.4,8.4,,,,,,,18.1,18.1,18.1,18.1,18.1,18.1,2.0,2.5,3.0,3.5,4.0,4.5,,,,,,,,,,,,,1.9751,2.1251,2.2751,2.4251,2.5751,2.7251,1,1,1,1,1,1
14085,Oberhausen-Sterkrade,51.516666,6.8463888,,north,north,north,north,north,north,9.2,9.2,9.2,9.2,9.2,9.2,,,,,,,50.8,50.8,50.8,50.8,50.8,50.8,3.0,3.5,4.0,4.5,5.0,5.5,,,,,,,,,,,,,2.6638,2.8138,2.9638,3.1138,3.2638,3.4138,1,1,1,1,1,1
14086,Opladen,51.06778,7.0027776,,middle,middle,middle,middle,middle,middle,7.9,7.9,7.9,7.9,7.9,7.9,,,,,,,17.3,17.3,17.3,17.3,17.3,17.3,1.15,1.65,2.15,2.65,3.15,3.65,,,,,,,,,,,,,1.9083,2.0583,2.2083,2.3583,2.5083,2.6583,2,2,2,2,2,2
14087,Orsoy,51.523056,6.687222,,north,north,north,north,north,north,3.3,3.3,3.3,3.3,3.3,3.3,,,,,,,49.4,49.4,49.4,49.4,49.4,49.4,0.17,0.67,1.17,1.67,2.17,2.67,,,,,,,,,,,,,1.8785,2.0285,2.1785,2.3285,2.4785,2.6285,1,1,1,1,1,1
14088,Radevormwald,51.203335,7.355,,middle,middle,middle,middle,middle,middle,36.7,36.7,36.7,36.7,36.7,36.7,421.0,421.0,421.0,421.0,421.0,421.0,57.1,57.1,57.1,57.1,57.1,57.1,0.65,1.15,1.65,2.15,2.65,3.15,500.0,1000.0,1000.0,1000.0,1000.0,1000.0,,2.0,1.0,1.0,1.0,1.0,1.8467,1.9967,2.1467,2.2967,2.4467,2.5967,0,0,0,0,0,0
14089,Ratingen,51.296944,6.8494444,,middle,middle,middle,middle,middle,middle,7.7,7.7,7.7,7.7,7.7,7.7,,,,,,,62.7,62.7,62.7,62.7,62.7,62.7,1.5,2.0,2.5,3.0,3.5,4.0,,,,,,,,,,,,,2.5148,2.6648,2.8148,2.9648,3.1148,3.2648,2,2,2,2,2,2
14090,Rees,51.759445,6.396111,6308.0,north,north,north,north,north,north,2.4,2.4,2.4,2.4,2.4,2.4,,,,,,,98.8,98.8,98.8,98.8,98.8,98.8,1.08,1.58,2.08,2.58,3.08,3.58,,,,,,,,,,,,,2.4354,2.5854,2.7354,2.8854,3.0354,3.1854,1,1,1,1,1,1
14091,Remscheid,51.179722,7.1941667,,middle,middle,middle,middle,middle,middle,26.1,26.1,26.1,26.1,26.1,26.1,365.0,365.0,365.0,365.0,365.0,365.0,21.0,21.0,21.0,21.0,21.0,21.0,0.77,1.27,1.77,2.27,2.77,3.27,1000.0,1000.0,1000.0,1000.0,1000.0,1000.0,1.0,1.0,1.0,1.0,1.0,1.0,1.6414,1.7914,1.9414,2.0914,2.2414,2.3914,0,0,0,0,0,0
14092,Remscheid-Lennep,51.192501,7.2577777,,middle,middle,middle,middle,middle,middle,30.4,30.4,30.4,30.4,30.4,30.4,,,,,,,30.2,30.2,30.2,30.2,30.2,30.2,1.24,1.74,2.24,2.74,3.24,3.74,,,,,,,,,,,,,1.8685,2.0185,2.1685,2.3185,2.4685,2.6185,0,0,0,0,0,0
14093,Remscheid-Luettringhausen,51.211945,7.2402778,,middle,middle,middle,middle,middle,middle,30.1,30.1,30.1,30.1,30.1,30.1,,,,,,,19.8,19.8,19.8,19.8,19.8,19.8,1.0,1.5,2.0,2.5,3.0,3.5,,,,,,,,,,,,,1.6367,1.7867,1.9367,2.0867,2.2367,2.3867,0,0,0,0,0,0
14094,Rheinbach,50.626389,6.9469442,,middle,middle,middle,middle,middle,middle,16.7,16.7,16.7,16.7,16.7,16.7,,,,,,,212.9,212.9,212.9,212.9,212.9,212.9,4.88,5.38,5.88,6.38,6.88,7.38,,,,,,,,,,,,,3.9013,4.0513,4.2013,4.3513,4.5013,4.6513,0,0,0,0,0,0
14095,Rheinberg,51.544998,6.6025,,north,north,north,north,north,north,3.1,3.1,3.1,3.1,3.1,3.1,,,,,,,75.4,75.4,75.4,75.4,75.4,75.4,2.47,2.97,3.47,3.97,4.47,4.97,,,,,,,,,,,,,2.7362,2.8862,3.0362,3.1862,3.3362,3.4862,1,1,1,1,1,1
14096,Rheinhausen,51.407223,6.7119446,,middle,middle,middle,middle,middle,middle,1.5,1.5,1.5,1.5,1.5,1.5,,,,,,,60.0,60.0,60.0,60.0,60.0,60.0,0.32,0.82,1.32,1.82,2.32,2.82,,,,,,,,,,,,,2.2216,2.3716,2.5216,2.6716,2.8216,2.9716,2,2,2,2,2,2
14097,Rheydt,51.165833,6.4411111,,middle,middle,middle,middle,middle,middle,18.1,18.1,18.1,18.1,18.1,18.1,70.0,70.0,70.0,70.0,70.0,70.0,126.8,126.8,126.8,126.8,126.8,126.8,2.0,2.5,3.0,3.5,4.0,4.5,1000.0,1000.0,1000.0,1000.0,1000.0,1000.0,1.0,1.0,1.0,1.0,1.0,1.0,2.8145,2.9645,3.1145,3.2645,3.4145,3.5645,0,0,0,0,0,0
14098,Schleiden,50.529999,6.4763889,,middle,middle,middle,middle,middle,middle,50.2,50.2,50.2,50.2,50.2,50.2,,,,,,,379.9,379.9,379.9,379.9,379.9,379.9,0.52,1.02,1.52,2.02,2.52,3.02,,,,,,,,,,,,,2.533,2.683,2.833,2.983,3.133,3.283,0,0,0,0,0,0
14099,Siegburg,50.796391,7.2049999,7114.0,middle,middle,middle,middle,middle,middle,4.5,4.5,4.5,4.5,4.5,4.5,,,,,,,145.3,145.3,145.3,145.3,145.3,145.3,1.9,2.4,2.9,3.4,3.9,4.4,,,,,,,,,,,,,3.0078,3.1578,3.3078,3.4578,3.6078,3.7578,2,2,2,2,2,2
14100,Solingen,51.171391,7.082778,,middle,middle,middle,middle,middle,middle,19.9,19.9,19.9,19.9,19.9,19.9,221.0,221.0,221.0,221.0,221.0,221.0,39.6,39.6,39.6,39.6,39.6,39.6,2.85,3.35,3.85,4.35,4.85,5.35,1500.0,2000.0,1500.0,1000.0,1000.0,1000.0,1.5,1.333,0.75,0.667,1.0,1.0,2.5874,2.7374,2.8874,3.0374,3.1874,3.3374,0,0,0,0,0,0
14101,Stolberg,50.771667,6.2272224,,middle,middle,middle,middle,middle,middle,37.4,37.4,37.4,37.4,37.4,37.4,,,,,,,159.1,159.1,159.1,159.1,159.1,159.1,1.32,1.82,2.32,2.82,3.32,3.82,,,,,,,,,,,,,2.4587,2.6087,2.7587,2.9087,3.0587,3.2087,0,0,0,0,0,0
14102,Straelen,51.44278,6.2652779,,middle,middle,middle,middle,middle,middle,6.8,6.8,6.8,6.8,6.8,6.8,,,,,,,194.2,194.2,194.2,194.2,194.2,194.2,6.5,7.0,7.5,8.0,8.0,8.0,,,,,,,,,,,,,4.4745,4.6245,4.7745,4.9245,4.9245,4.9245,2,2,2,2,2,2
14103,Suechteln,51.285557,6.3686113,,middle,middle,middle,middle,middle,middle,17.4,17.4,17.4,17.4,17.4,17.4,,,,,,,57.6,57.6,57.6,57.6,57.6,57.6,1.27,1.77,2.27,2.77,3.27,3.77,,,,,,,,,,,,,2.2917,2.4417,2.5917,2.7417,2.8917,3.0417,0,0,0,0,0,0
14104,Velbert,51.34,7.041389,,middle,middle,middle,middle,middle,middle,10.3,10.3,10.3,10.3,10.3,10.3,230.0,230.0,230.0,230.0,230.0,230.0,32.4,32.4,32.4,32.4,32.4,32.4,3.75,4.25,4.75,5.25,5.75,6.25,2000.0,2000.0,1500.0,1000.0,1000.0,1000.0,1.0,1.0,0.75,0.667,1.0,1.0,2.8998,3.0498,3.1998,3.3498,3.4998,3.6498,2,2,2,2,2,2
14105,Viersen,51.252777,6.3933334,,middle,middle,middle,middle,middle,middle,20.5,20.5,20.5,20.5,20.5,20.5,41.0,41.0,41.0,41.0,41.0,41.0,53.1,53.1,53.1,53.1,53.1,53.1,0.68,1.18,1.68,2.18,2.68,3.18,500.0,1000.0,1000.0,1000.0,1500.0,2000.0,,2.0,1.0,1.0,1.5,1.333,2.0445,2.1945,2.3445,2.4945,2.6445,2.7945,0,0,0,0,0,0
14106,Wermelskirchen,51.140278,7.2180557,,middle,middle,middle,middle,middle,middle,24.9,24.9,24.9,24.9,24.9,24.9,,,,,,,85.9,85.9,85.9,85.9,85.9,85.9,0.2,0.7,1.2,1.7,2.2,2.7,,,,,,,,,,,,,2.0341,2.1841,2.3341,2.4841,2.6341,2.7841,0,0,0,0,0,0
14107,Wesel,51.657223,6.6172223,8345.0,north,north,north,north,north,north,0.9,0.9,0.9,0.9,0.9,0.9,23.0,23.0,23.0,23.0,23.0,23.0,204.7,204.7,204.7,204.7,204.7,204.7,2.5,3.0,3.5,4.0,4.5,5.0,2500.0,3000.0,4500.0,6000.0,6000.0,6000.0,1.25,1.2,1.5,1.333,1.0,1.0,3.1692,3.3192,3.4692,3.6192,3.7692,3.9192,1,2,2,2,2,2
14108,Wevelinghoven,51.103611,6.6188889,,middle,middle,middle,middle,middle,middle,12.0,12.0,12.0,12.0,12.0,12.0,,,,,,,120.1,120.1,120.1,120.1,120.1,120.1,1.54,2.04,2.54,3.04,3.54,4.04,,,,,,,,,,,,,2.731,2.881,3.031,3.181,3.331,3.481,2,2,2,2,2,2
14109,Wipperfuerth,51.116943,7.3986111,,middle,middle,middle,middle,middle,middle,35.7,35.7,35.7,35.7,35.7,35.7,,,,,,,243.8,243.8,243.8,243.8,243.8,243.8,1.19,1.69,2.19,2.69,3.19,3.69,,,,,,,,,,,,,2.6113,2.7613,2.9113,3.0613,3.2113,3.3613,0,0,0,0,0,0
14110,Wuelfrath,51.280834,7.0330558,,middle,middle,middle,middle,middle,middle,15.4,15.4,15.4,15.4,15.4,15.4,262.0,262.0,262.0,262.0,262.0,262.0,29.9,29.9,29.9,29.9,29.9,29.9,2.0,2.5,3.0,3.5,4.0,4.5,1000.0,1000.0,1000.0,1000.0,1000.0,1000.0,1.0,1.0,1.0,1.0,1.0,1.0,2.2793,2.4293,2.5793,2.7293,2.8793,3.0293,0,0,0,0,0,0
14111,Wuerselen,50.821388,6.1300001,,middle,middle,middle,middle,middle,middle,30.4,30.4,30.4,30.4,30.4,30.4,,,,,,,42.7,42.7,42.7,42.7,42.7,42.7,3.8,4.3,4.8,5.3,5.8,6.3,,,,,,,,,,,,,2.7709,2.9209,3.0709,3.2209,3.3709,3.5209,0,0,0,0,0,0
14113,Wuppertal-Barmen,51.271946,7.1999998,,middle,middle,middle,middle,middle,middle,23.5,23.5,23.5,23.5,23.5,23.5,160.0,160.0,160.0,160.0,160.0,160.0,49.1,49.1,49.1,49.1,49.1,49.1,1.8,2.3,2.8,3.3,3.8,4.3,1000.0,1000.0,1000.0,1000.0,1000.0,1000.0,1.0,1.0,1.0,1.0,1.0,1.0,2.3112,2.4612,2.6112,2.7612,2.9112,3.0612,0,0,0,0,0,0
14114,Wuppertal-Beyenburg,51.250278,7.3011112,,middle,middle,middle,middle,middle,middle,30.6,30.6,30.6,30.6,30.6,30.6,,,,,,,29.1,29.1,29.1,29.1,29.1,29.1,0.61,1.11,1.61,2.11,2.61,3.11,,,,,,,,,,,,,1.662,1.812,1.962,2.112,2.262,2.412,0,0,0,0,0,0
14115,Wuppertal-Cronenberg,51.205276,7.1302776,,middle,middle,middle,middle,middle,middle,24.2,24.2,24.2,24.2,24.2,24.2,100.0,100.0,100.0,100.0,100.0,100.0,27.7,27.7,27.7,27.7,27.7,27.7,2.5,3.0,3.5,4.0,4.5,5.0,1500.0,2000.0,1500.0,1000.0,1500.0,2000.0,1.5,1.333,0.75,0.667,1.5,1.333,2.2902,2.4402,2.5902,2.7402,2.8902,3.0402,0,0,0,0,0,0
14116,Wuppertal-Elberfeld,51.256111,7.1475,,middle,middle,middle,middle,middle,middle,22.2,22.2,22.2,22.2,22.2,22.2,210.0,210.0,210.0,210.0,210.0,210.0,32.8,32.8,32.8,32.8,32.8,32.8,0.74,1.24,1.74,2.24,2.74,3.24,1000.0,1000.0,1000.0,1000.0,1000.0,1000.0,1.0,1.0,1.0,1.0,1.0,1.0,1.8534,2.0034,2.1534,2.3034,2.4534,2.6034,0,0,0,0,0,0
14117,Wuppertal-Ronsdorf,51.226112,7.1977777,,middle,middle,middle,middle,middle,middle,27.0,27.0,27.0,27.0,27.0,27.0,,,,,,,18.9,18.9,18.9,18.9,18.9,18.9,0.04,0.54,1.04,1.54,2.04,2.54,,,,,,,,,,,,,1.3713,1.5213,1.6713,1.8213,1.9713,2.1213,0,0,0,0,0,0
14118,Wuppertal-Vohwinkel,51.230278,7.0688887,,middle,middle,middle,middle,middle,middle,20.9,20.9,20.9,20.9,20.9,20.9,,,,,,,32.7,32.7,32.7,32.7,32.7,32.7,8.0,8.0,8.0,8.0,8.0,8.0,,,,,,,,,,,,,4.0459,4.0459,4.0459,4.0459,4.0459,4.0459,0,0,0,0,0,0
14119,Xanten,51.662224,6.4530554,8677.0,north,north,north,north,north,north,5.1,5.1,5.1,5.1,5.1,5.1,,,,,,,188.6,188.6,188.6,188.6,188.6,188.6,8.0,8.0,8.0,8.0,8.0,8.0,,,,,,,,,,,,,4.7335,4.7335,4.7335,4.7335,4.7335,4.7335,1,1,1,1,1,1
14120,Zons,51.120556,6.8497224,,middle,middle,middle,middle,middle,middle,6.2,6.2,6.2,6.2,6.2,6.2,,,,,,,153.0,153.0,153.0,153.0,153.0,153.0,6.5,7.0,7.5,8.0,8.0,8.0,,,,,,,,,,,,,4.3879,4.5379,4.6879,4.8379,4.8379,4.8379,2,2,2,2,2,2
14121,Zuelpich,50.69278,6.6516666,,middle,middle,middle,middle,middle,middle,31.6,31.6,31.6,31.6,31.6,31.6,,,,,,,210.3,210.3,210.3,210.3,210.3,210.3,8.0,8.0,8.0,8.0,8.0,8.0,,,,,,,,,,,,,4.6466,4.6466,4.6466,4.6466,4.6466,4.6466,0,0,0,0,0,0
15001,Alsfeld,50.750832,9.271389,147.0,middle,middle,middle,middle,middle,middle,36.2,36.2,36.2,36.2,36.2,36.2,,,,,,,224.6,224.6,224.6,224.6,224.6,224.6,1.74,2.24,2.74,3.24,3.74,4.24,,,,,,,,,,,,,2.7372,2.8872,3.0372,3.1872,3.3372,3.4872,0,0,0,0,0,0
15002,Amoeneburg,50.796944,8.9247227,247.0,middle,middle,middle,middle,middle,middle,56.7,56.7,56.7,56.7,56.7,56.7,,,,,,,65.9,65.9,65.9,65.9,65.9,65.9,5.29,5.79,6.29,6.79,7.29,7.79,,,,,,,,,,,,,3.2682,3.4182,3.5682,3.7182,3.8682,4.0182,0,0,0,0,0,0
15003,Arolsen,51.380001,9.0169449,,middle,middle,middle,middle,middle,middle,34.7,34.7,34.7,34.7,34.7,34.7,,,,,,,42.7,42.7,42.7,42.7,42.7,42.7,1.19,1.69,2.19,2.69,3.19,3.69,,,,,,,,,,,,,1.934,2.084,2.234,2.384,2.534,2.684,0,0,0,0,0,0
15004,Babenhausen,49.962776,8.9522219,366.0,middle,middle,middle,middle,middle,middle,9.2,9.2,9.2,9.2,9.2,9.2,,,,,,,132.5,132.5,132.5,132.5,132.5,132.5,0.14,0.64,1.14,1.64,2.14,2.64,,,,,,,,,,,,,2.3846,2.5346,2.6846,2.8346,2.9846,3.1346,2,2,2,2,2,2
15005,Battenberg,51.013611,8.6475,,middle,middle,middle,middle,middle,middle,62.8,62.8,62.8,62.8,62.8,62.8,,,,,,,118.3,118.3,118.3,118.3,118.3,118.3,0.56,1.06,1.56,2.06,2.56,3.06,,,,,,,,,,,,,2.0807,2.2307,2.3807,2.5307,2.6807,2.8307,0,0,0,0,0,0
15006,Bebra,50.970001,9.7941666,,middle,middle,middle,middle,middle,middle,2.9,2.9,2.9,2.9,2.9,2.9,,,,,,,199.5,199.5,199.5,199.5,199.5,199.5,4.81,5.31,5.81,6.31,6.81,7.31,,,,,,,,,,,,,4.0274,4.1774,4.3274,4.4774,4.6274,4.7774,2,2,2,2,2,2
15007,Beerfelden,49.567223,8.9736109,,middle,middle,middle,middle,middle,middle,26.2,26.2,26.2,26.2,26.2,26.2,,,,,,,175.7,175.7,175.7,175.7,175.7,175.7,2.18,2.68,3.18,3.68,4.18,4.68,,,,,,,,,,,,,2.8961,3.0461,3.1961,3.3461,3.4961,3.6461,0,0,0,0,0,0
15008,Bensheim,49.679722,8.6188889,,middle,middle,middle,middle,middle,middle,13.2,13.2,13.2,13.2,13.2,13.2,,,,,,,61.5,61.5,61.5,61.5,61.5,61.5,4.85,5.35,5.85,6.35,6.85,7.35,,,,,,,,,,,,,3.444,3.594,3.744,3.894,4.044,4.194,2,2,2,2,2,2
15009,Biedenkopf,50.91,8.5319443,647.0,middle,middle,middle,middle,middle,middle,74.3,74.3,74.3,74.3,74.3,74.3,,,,,,,264.8,264.8,264.8,264.8,264.8,264.8,0.18,0.68,1.18,1.68,2.18,2.68,,,,,,,,,,,,,2.2871,2.4371,2.5871,2.7371,2.8871,3.0371,0,0,0,0,0,0
15010,Borken (Hessen),51.045834,9.2869444,,middle,middle,middle,middle,middle,middle,20.7,20.7,20.7,20.7,20.7,20.7,,,,,,,130.7,130.7,130.7,130.7,130.7,130.7,1.42,1.92,2.42,2.92,3.42,3.92,,,,,,,,,,,,,2.619,2.769,2.919,3.069,3.219,3.369,0,0,0,0,0,0
15011,Braunfels,50.514446,8.3894444,,middle,middle,middle,middle,middle,middle,48.4,48.4,48.4,48.4,48.4,48.4,,,,,,,213.4,213.4,213.4,213.4,213.4,213.4,0.0,0.36,0.86,1.36,1.86,2.36,,,,,,,,,,,,,2.1471,2.2551,2.4051,2.5551,2.7051,2.8551,0,0,0,0,0,0
15012,Buedingen,50.2925,9.1138887,,middle,middle,middle,middle,middle,middle,26.9,26.9,26.9,26.9,26.9,26.9,,,,,,,158.3,158.3,158.3,158.3,158.3,158.3,1.19,1.69,2.19,2.69,3.19,3.69,,,,,,,,,,,,,2.5495,2.6995,2.8495,2.9995,3.1495,3.2995,0,0,0,0,0,0
15013,Butzbach,50.433334,8.6719446,1152.0,middle,middle,middle,middle,middle,middle,36.3,36.3,36.3,36.3,36.3,36.3,,,,,,,116.3,116.3,116.3,116.3,116.3,116.3,4.77,5.27,5.77,6.27,6.77,7.27,,,,,,,,,,,,,3.3831,3.5331,3.6831,3.8331,3.9831,4.1331,0,0,0,0,0,0
15014,Camberg,50.298054,8.2658329,1165.0,middle,middle,middle,middle,middle,middle,31.7,31.7,31.7,31.7,31.7,31.7,,,,,,,214.3,214.3,214.3,214.3,214.3,214.3,2.5,3.0,3.5,4.0,4.5,5.0,,,,,,,,,,,,,3.002,3.152,3.302,3.452,3.602,3.752,0,0,0,0,0,0
15015,Darmstadt,49.873055,8.6563892,,middle,middle,middle,middle,middle,middle,18.1,18.1,18.1,18.1,18.1,18.1,144.0,144.0,144.0,144.0,144.0,144.0,154.5,154.5,154.5,154.5,154.5,154.5,2.0,2.5,3.0,3.5,4.0,4.5,1500.0,2000.0,1500.0,1000.0,1000.0,1000.0,1.5,1.333,0.75,0.667,1.0,1.0,2.893,3.043,3.193,3.343,3.493,3.643,0,0,0,0,0,0
15016,Dieburg,49.899166,8.8400002,,middle,middle,middle,middle,middle,middle,19.8,19.8,19.8,19.8,19.8,19.8,,,,,,,125.0,125.0,125.0,125.0,125.0,125.0,0.81,1.31,1.81,2.31,2.81,3.31,,,,,,,,,,,,,2.4294,2.5794,2.7294,2.8794,3.0294,3.1794,0,0,0,0,0,0
15017,Dillenburg,50.739166,8.2872219,1441.0,middle,middle,middle,middle,middle,middle,63.2,63.2,63.2,63.2,63.2,63.2,,,,,,,169.1,169.1,169.1,169.1,169.1,169.1,0.1,0.6,1.1,1.6,2.1,2.6,,,,,,,,,,,,,2.0846,2.2346,2.3846,2.5346,2.6846,2.8346,0,0,0,0,0,0
15018,Dreieichenhain,50.000832,8.7108335,,middle,middle,middle,middle,middle,middle,12.0,12.0,12.0,12.0,12.0,12.0,,,,,,,75.6,75.6,75.6,75.6,75.6,75.6,1.86,2.36,2.86,3.36,3.86,4.36,,,,,,,,,,,,,2.6436,2.7936,2.9436,3.0936,3.2436,3.3936,2,2,2,2,2,2
15019,Eltville,50.024723,8.1194448,,middle,middle,middle,middle,middle,middle,3.8,3.8,3.8,3.8,3.8,3.8,,,,,,,110.9,110.9,110.9,110.9,110.9,110.9,1.9,2.4,2.9,3.4,3.9,4.4,,,,,,,,,,,,,2.9097,3.0597,3.2097,3.3597,3.5097,3.6597,2,2,2,2,2,2
15020,Eppstein,50.140278,8.3927774,,middle,middle,middle,middle,middle,middle,12.0,12.0,12.0,12.0,12.0,12.0,,,,,,,101.4,101.4,101.4,101.4,101.4,101.4,1.5,2.0,2.5,3.0,3.5,4.0,,,,,,,,,,,,,2.6511,2.8011,2.9511,3.1011,3.2511,3.4011,2,2,2,2,2,2
15021,Erbach,49.657501,8.9925003,,middle,middle,middle,middle,middle,middle,18.4,18.4,18.4,18.4,18.4,18.4,,,,,,,103.3,103.3,103.3,103.3,103.3,103.3,1.55,2.05,2.55,3.05,3.55,4.05,,,,,,,,,,,,,2.5943,2.7443,2.8943,3.0443,3.1943,3.3443,0,0,0,0,0,0
15022,Eschwege,51.185555,10.057777,,middle,middle,middle,middle,middle,middle,0.5,0.5,0.5,0.5,0.5,0.5,,,,,,,182.8,182.8,182.8,182.8,182.8,182.8,2.76,3.26,3.76,4.26,4.76,5.26,,,,,,,,,,,,,3.4077,3.5577,3.7077,3.8577,4.0077,4.1577,2,2,2,2,2,2
15023,Felsberg,51.134445,9.4213886,,middle,middle,middle,middle,middle,middle,7.3,7.3,7.3,7.3,7.3,7.3,,,,,,,97.7,97.7,97.7,97.7,97.7,97.7,1.6,2.1,2.6,3.1,3.6,4.1,,,,,,,,,,,,,2.7253,2.8753,3.0253,3.1753,3.3253,3.4753,2,2,2,2,2,2
15024,Floersheim,50.013611,8.4300003,,middle,middle,middle,middle,middle,middle,5.2,5.2,5.2,5.2,5.2,5.2,,,,,,,45.2,45.2,45.2,45.2,45.2,45.2,0.66,1.16,1.66,2.16,2.66,3.16,,,,,,,,,,,,,2.1655,2.3155,2.4655,2.6155,2.7655,2.9155,2,2,2,2,2,2
15025,Frankenau,51.090279,8.9347219,,middle,middle,middle,middle,middle,middle,41.3,41.3,41.3,41.3,41.3,41.3,,,,,,,149.2,149.2,149.2,149.2,149.2,149.2,4.97,5.47,5.97,6.47,6.97,7.47,,,,,,,,,,,,,3.4957,3.6457,3.7957,3.9457,4.0957,4.2457,0,0,0,0,0,0
15026,Frankenberg (Eder),51.058613,8.7991667,1985.0,middle,middle,middle,middle,middle,middle,51.3,51.3,51.3,51.3,51.3,51.3,,,,,,,104.4,104.4,104.4,104.4,104.4,104.4,0.07,0.57,1.07,1.57,2.07,2.57,,,,,,,,,,,,,1.8841,2.0341,2.1841,2.3341,2.4841,2.6341,0,0,0,0,0,0
15027,Frankfurt,50.110832,8.6822224,1987.0,middle,middle,middle,middle,middle,middle,3.0,3.0,3.0,3.0,3.0,3.0,96.0,96.0,96.0,96.0,96.0,96.0,36.0,36.0,36.0,36.0,36.0,36.0,4.56,5.06,5.56,6.06,6.56,7.06,8500.0,13000.0,11000.0,9000.0,10500.0,12000.0,2.125,1.529,0.846,0.818,1.167,1.143,3.2752,3.4252,3.5752,3.7252,3.8752,4.0252,2,3,2,2,3,3
15028,Frankfurt-Bockenheim,50.12389,8.6391668,,middle,middle,middle,middle,middle,middle,2.8,2.8,2.8,2.8,2.8,2.8,,,,,,,33.5,33.5,33.5,33.5,33.5,33.5,4.83,5.33,5.83,6.33,6.83,7.33,,,,,,,,,,,,,3.3308,3.4808,3.6308,3.7808,3.9308,4.0808,2,2,2,2,2,2
15029,Frankfurt-Hoechst,50.099998,8.5491667,3081.0,middle,middle,middle,middle,middle,middle,4.8,4.8,4.8,4.8,4.8,4.8,,,,,,,36.9,36.9,36.9,36.9,36.9,36.9,4.6,5.1,5.6,6.1,6.6,7.1,,,,,,,,,,,,,3.2747,3.4247,3.5747,3.7247,3.8747,4.0247,2,2,2,2,2,2
15030,Frankfurt-Roedelheim,50.124722,8.6130552,,middle,middle,middle,middle,middle,middle,2.3,2.3,2.3,2.3,2.3,2.3,,,,,,,37.7,37.7,37.7,37.7,37.7,37.7,4.62,5.12,5.62,6.12,6.62,7.12,,,,,,,,,,,,,3.3194,3.4694,3.6194,3.7694,3.9194,4.0694,2,2,2,2,2,2
15031,Freienhagen,51.27861,9.0663891,,middle,middle,middle,middle,middle,middle,29.5,29.5,29.5,29.5,29.5,29.5,,,,,,,48.6,48.6,48.6,48.6,48.6,48.6,0.0,0.49,0.99,1.49,1.99,2.49,,,,,,,,,,,,,1.6931,1.8401,1.9901,2.1401,2.2901,2.4401,0,0,0,0,0,0
15032,Friedberg (Hessen),50.337502,8.7538891,2019.0,middle,middle,middle,middle,middle,middle,25.6,25.6,25.6,25.6,25.6,25.6,,,,,,,125.4,125.4,125.4,125.4,125.4,125.4,0.34,0.84,1.34,1.84,2.34,2.84,,,,,,,,,,,,,2.2185,2.3685,2.5185,2.6685,2.8185,2.9685,0,0,0,0,0,0
15033,Friedrichsdorf,50.256668,8.6416664,,middle,middle,middle,middle,middle,middle,17.1,17.1,17.1,17.1,17.1,17.1,,,,,,,88.1,88.1,88.1,88.1,88.1,88.1,0.58,1.08,1.58,2.08,2.58,3.08,,,,,,,,,,,,,2.2562,2.4062,2.5562,2.7062,2.8562,3.0062,0,0,0,0,0,0
15034,Fritzlar,51.130833,9.2752781,2037.0,middle,middle,middle,middle,middle,middle,17.1,17.1,17.1,17.1,17.1,17.1,,,,,,,67.8,67.8,67.8,67.8,67.8,67.8,5.26,5.76,6.26,6.76,7.26,7.76,,,,,,,,,,,,,3.5571,3.7071,3.8571,4.0071,4.1571,4.3071,0,0,0,0,0,0
15035,Fuerstenberg (Hessen),51.168056,8.8319445,,middle,middle,middle,middle,middle,middle,46.1,46.1,46.1,46.1,46.1,46.1,,,,,,,92.0,92.0,92.0,92.0,92.0,92.0,0.0,0.48,0.98,1.48,1.98,2.48,,,,,,,,,,,,,1.8129,1.9569,2.1069,2.2569,2.4069,2.5569,0,0,0,0,0,0
15036,Fulda,50.553055,9.6750002,2048.0,middle,middle,middle,middle,middle,middle,37.9,37.9,37.9,37.9,37.9,37.9,261.0,261.0,261.0,261.0,261.0,261.0,336.5,336.5,336.5,336.5,336.5,336.5,5.06,5.56,6.06,6.56,7.06,7.56,2500.0,3000.0,2500.0,2000.0,3000.0,4000.0,1.25,1.2,0.833,0.8,1.5,1.333,3.8732,4.0232,4.1732,4.3232,4.4732,4.6232,0,2,0,0,2,2
15037,Gedern,50.424168,9.1977777,,middle,middle,middle,middle,middle,middle,42.6,42.6,42.6,42.6,42.6,42.6,,,,,,,195.2,195.2,195.2,195.2,195.2,195.2,5.5,6.0,6.5,7.0,7.5,8.0,,,,,,,,,,,,,3.7617,3.9117,4.0617,4.2117,4.3617,4.5117,0,0,0,0,0,0
15038,Geisenheim,49.983055,7.9661112,,middle,middle,middle,middle,middle,middle,1.5,1.5,1.5,1.5,1.5,1.5,,,,,,,78.4,78.4,78.4,78.4,78.4,78.4,4.81,5.31,5.81,6.31,6.81,7.31,,,,,,,,,,,,,3.6739,3.8239,3.9739,4.1239,4.2739,4.4239,2,2,2,2,2,2
15039,Gelnhausen,50.203056,9.1913891,2151.0,middle,middle,middle,middle,middle,middle,22.4,22.4,22.4,22.4,22.4,22.4,,,,,,,199.5,199.5,199.5,199.5,199.5,199.5,1.17,1.67,2.17,2.67,3.17,3.67,,,,,,,,,,,,,2.6914,2.8414,2.9914,3.1414,3.2914,3.4414,0,0,0,0,0,0
15040,Gemuenden,50.97139,8.9691668,,middle,middle,middle,middle,middle,middle,43.8,43.8,43.8,43.8,43.8,43.8,,,,,,,156.4,156.4,156.4,156.4,156.4,156.4,0.27,0.77,1.27,1.77,2.27,2.77,,,,,,,,,,,,,2.1045,2.2545,2.4045,2.5545,2.7045,2.8545,0,0,0,0,0,0
15041,Gernsheim,49.752224,8.4930553,,middle,middle,middle,middle,middle,middle,1.1,1.1,1.1,1.1,1.1,1.1,,,,,,,165.2,165.2,165.2,165.2,165.2,165.2,4.77,5.27,5.77,6.27,6.77,7.27,,,,,,,,,,,,,3.9624,4.1124,4.2624,4.4124,4.5624,4.7124,2,2,2,2,2,2
15042,Gersfeld,50.450001,9.9202776,,middle,middle,middle,middle,middle,middle,50.8,50.8,50.8,50.8,50.8,50.8,,,,,,,272.5,272.5,272.5,272.5,272.5,272.5,3.06,3.56,4.06,4.56,5.06,5.56,,,,,,,,,,,,,3.1625,3.3125,3.4625,3.6125,3.7625,3.9125,0,0,0,0,0,0
15043,Giessen,50.586113,8.6747227,2194.0,middle,middle,middle,middle,middle,middle,53.2,53.2,53.2,53.2,53.2,53.2,159.0,159.0,159.0,159.0,159.0,159.0,237.6,237.6,237.6,237.6,237.6,237.6,0.53,1.03,1.53,2.03,2.53,3.03,1000.0,1000.0,1000.0,1000.0,1500.0,2000.0,1.0,1.0,1.0,1.0,1.5,1.333,2.3489,2.4989,2.6489,2.7989,2.9489,3.0989,0,0,0,0,0,0
15044,Grebenstein,51.446667,9.414444,2401.0,middle,middle,middle,middle,middle,middle,14.0,14.0,14.0,14.0,14.0,14.0,,,,,,,74.5,74.5,74.5,74.5,74.5,74.5,0.0,0.28,0.78,1.28,1.78,2.28,,,,,,,,,,,,,2.0544,2.1384,2.2884,2.4384,2.5884,2.7384,2,2,2,2,2,2
15045,Grossalmerode,51.2575,9.7852774,,middle,middle,middle,middle,middle,middle,10.6,10.6,10.6,10.6,10.6,10.6,,,,,,,115.9,115.9,115.9,115.9,115.9,115.9,0.0,0.0,0.0,0.0,0.0,0.25,,,,,,,,,,,,,2.2725,2.2725,2.2725,2.2725,2.2725,2.3475,2,2,2,2,2,2
15046,Grossauheim,50.104721,8.9447222,,middle,middle,middle,middle,middle,middle,3.3,3.3,3.3,3.3,3.3,3.3,,,,,,,55.8,55.8,55.8,55.8,55.8,55.8,4.44,4.94,5.44,5.94,6.44,6.94,,,,,,,,,,,,,3.4068,3.5568,3.7068,3.8568,4.0068,4.1568,2,2,2,2,2,2
15047,Grossenlinden,50.529999,8.6525002,2597.0,middle,middle,middle,middle,middle,middle,47.1,47.1,47.1,47.1,47.1,47.1,,,,,,,86.1,86.1,86.1,86.1,86.1,86.1,8.0,8.0,8.0,8.0,8.0,8.0,,,,,,,,,,,,,4.1869,4.1869,4.1869,4.1869,4.1869,4.1869,0,0,0,0,0,0
15048,Gross-Gerau,49.921391,8.4822226,,middle,middle,middle,middle,middle,middle,11.3,11.3,11.3,11.3,11.3,11.3,,,,,,,154.0,154.0,154.0,154.0,154.0,154.0,4.6,5.1,5.6,6.1,6.6,7.1,,,,,,,,,,,,,3.7554,3.9054,4.0554,4.2054,4.3554,4.5054,2,2,2,2,2,2
15049,Gross-Umstadt,49.867779,8.9258337,,middle,middle,middle,middle,middle,middle,16.3,16.3,16.3,16.3,16.3,16.3,,,,,,,149.2,149.2,149.2,149.2,149.2,149.2,4.84,5.34,5.84,6.34,6.84,7.34,,,,,,,,,,,,,3.7527,3.9027,4.0527,4.2027,4.3527,4.5027,0,0,0,0,0,0
15050,Gruenberg (Hessen),50.592499,8.958889,2648.0,middle,middle,middle,middle,middle,middle,54.5,54.5,54.5,54.5,54.5,54.5,,,,,,,153.8,153.8,153.8,153.8,153.8,153.8,0.64,1.14,1.64,2.14,2.64,3.14,,,,,,,,,,,,,2.2088,2.3588,2.5088,2.6588,2.8088,2.9588,0,0,0,0,0,0
15051,Grueningen,50.509445,8.729722,,middle,middle,middle,middle,middle,middle,44.6,44.6,44.6,44.6,44.6,44.6,,,,,,,78.0,78.0,78.0,78.0,78.0,78.0,4.51,5.01,5.51,6.01,6.51,7.01,,,,,,,,,,,,,3.1005,3.2505,3.4005,3.5505,3.7005,3.8505,0,0,0,0,0,0
15052,Gudensberg,51.178333,9.3658333,2674.0,middle,middle,middle,middle,middle,middle,10.4,10.4,10.4,10.4,10.4,10.4,,,,,,,81.7,81.7,81.7,81.7,81.7,81.7,1.29,1.79,2.29,2.79,3.29,3.79,,,,,,,,,,,,,2.5237,2.6737,2.8237,2.9737,3.1237,3.2737,2,2,2,2,2,2
15053,Hadamar,50.448612,8.0458336,2731.0,middle,middle,middle,middle,middle,middle,32.5,32.5,32.5,32.5,32.5,32.5,,,,,,,142.2,142.2,142.2,142.2,142.2,142.2,0.6,1.1,1.6,2.1,2.6,3.1,,,,,,,,,,,,,2.2588,2.4088,2.5588,2.7088,2.8588,3.0088,0,0,0,0,0,0
15054,Haiger,50.743057,8.2049999,2749.0,middle,middle,middle,middle,middle,middle,58.9,58.9,58.9,58.9,58.9,58.9,,,,,,,298.7,298.7,298.7,298.7,298.7,298.7,4.72,5.22,5.72,6.22,6.72,7.22,,,,,,,,,,,,,3.6971,3.8471,3.9971,4.1471,4.2971,4.4471,0,0,0,0,0,0
15055,Hanau,50.135555,8.915,2791.0,middle,middle,middle,middle,middle,middle,6.1,6.1,6.1,6.1,6.1,6.1,103.0,103.0,103.0,103.0,103.0,103.0,61.3,61.3,61.3,61.3,61.3,61.3,1.07,1.57,2.07,2.57,3.07,3.57,2000.0,2000.0,1500.0,1000.0,1000.0,1000.0,1.0,1.0,0.75,0.667,1.0,1.0,2.3979,2.5479,2.6979,2.8479,2.9979,3.1479,2,2,2,2,2,2
15056,Hatzfeld,50.9925,8.5472221,,middle,middle,middle,middle,middle,middle,70.2,70.2,70.2,70.2,70.2,70.2,,,,,,,118.7,118.7,118.7,118.7,118.7,118.7,1.12,1.62,2.12,2.62,3.12,3.62,,,,,,,,,,,,,2.25,2.4,2.55,2.7,2.85,3.0,0,0,0,0,0,0
15057,Helmarshausen,51.630554,9.46,10923.0,north,north,north,north,north,north,2.2,2.2,2.2,2.2,2.2,2.2,,,,,,,71.8,71.8,71.8,71.8,71.8,71.8,3.06,3.56,4.06,4.56,5.06,5.56,,,,,,,,,,,,,2.9058,3.0558,3.2058,3.3558,3.5058,3.6558,1,1,1,1,1,1
15058,Heppenheim,49.642223,8.6386108,,middle,middle,middle,middle,middle,middle,16.6,16.6,16.6,16.6,16.6,16.6,,,,,,,77.0,77.0,77.0,77.0,77.0,77.0,4.95,5.45,5.95,6.45,6.95,7.45,,,,,,,,,,,,,3.5199,3.6699,3.8199,3.9699,4.1199,4.2699,0,0,0,0,0,0
15059,Herborn,50.682499,8.3027782,2970.0,middle,middle,middle,middle,middle,middle,60.5,60.5,60.5,60.5,60.5,60.5,,,,,,,216.9,216.9,216.9,216.9,216.9,216.9,3.36,3.86,4.36,4.86,5.36,5.86,,,,,,,,,,,,,3.1617,3.3117,3.4617,3.6117,3.7617,3.9117,0,0,0,0,0,0
15060,Herbstein,50.562222,9.3486109,,middle,middle,middle,middle,middle,middle,45.6,45.6,45.6,45.6,45.6,45.6,,,,,,,242.3,242.3,242.3,242.3,242.3,242.3,2.38,2.88,3.38,3.88,4.38,4.88,,,,,,,,,,,,,2.9118,3.0618,3.2118,3.3618,3.5118,3.6618,0,0,0,0,0,0
15061,Hersfeld,50.867779,9.7058334,,middle,middle,middle,middle,middle,middle,3.4,3.4,3.4,3.4,3.4,3.4,212.0,212.0,212.0,212.0,212.0,212.0,294.1,294.1,294.1,294.1,294.1,294.1,5.14,5.64,6.14,6.64,7.14,7.64,1500.0,2000.0,1500.0,1000.0,1500.0,2000.0,1.5,1.333,0.75,0.667,1.5,1.333,4.2747,4.4247,4.5747,4.7247,4.8747,5.0247,2,2,2,2,2,2
15062,Hessisch-Lichtenau,51.198055,9.7213888,4418.0,middle,middle,middle,middle,middle,middle,14.9,14.9,14.9,14.9,14.9,14.9,,,,,,,157.2,157.2,157.2,157.2,157.2,157.2,0.0,0.11,0.61,1.11,1.61,2.11,,,,,,,,,,,,,2.3391,2.3721,2.5221,2.6721,2.8221,2.9721,2,2,2,2,2,2
15063,Hirschhorn,49.447224,8.8966665,,middle,middle,middle,middle,middle,middle,17.6,17.6,17.6,17.6,17.6,17.6,,,,,,,106.2,106.2,106.2,106.2,106.2,106.2,0.0,0.0,0.33,0.83,1.33,1.83,,,,,,,,,,,,,2.1505,2.1505,2.2495,2.3995,2.5495,2.6995,0,0,0,0,0,0
15064,Hochheim,50.011112,8.353056,,middle,middle,middle,middle,middle,middle,1.7,1.7,1.7,1.7,1.7,1.7,,,,,,,80.2,80.2,80.2,80.2,80.2,80.2,4.96,5.46,5.96,6.46,6.96,7.46,,,,,,,,,,,,,3.7259,3.8759,4.0259,4.1759,4.3259,4.4759,2,2,2,2,2,2
15065,Hofgeismar,51.494167,9.3833332,3092.0,middle,middle,middle,middle,middle,middle,15.2,15.2,15.2,15.2,15.2,15.2,,,,,,,69.2,69.2,69.2,69.2,69.2,69.2,1.68,2.18,2.68,3.18,3.68,4.18,,,,,,,,,,,,,2.5152,2.6652,2.8152,2.9652,3.1152,3.2652,0,0,0,0,0,0
15066,Hofheim,50.087502,8.4461107,3093.0,middle,middle,middle,middle,middle,middle,5.0,5.0,5.0,5.0,5.0,5.0,,,,,,,43.6,43.6,43.6,43.6,43.6,43.6,8.0,8.0,8.0,8.0,8.0,8.0,,,,,,,,,,,,,4.3558,4.3558,4.3558,4.3558,4.3558,4.3558,2,2,2,2,2,2
15067,Homberg/Efze,51.032776,9.4069443,3179.0,middle,middle,middle,middle,middle,middle,14.0,14.0,14.0,14.0,14.0,14.0,,,,,,,137.0,137.0,137.0,137.0,137.0,137.0,0.88,1.38,1.88,2.38,2.88,3.38,,,,,,,,,,,,,2.5599,2.7099,2.8599,3.0099,3.1599,3.3099,2,2,2,2,2,2
15068,Homberg/Ohm,50.730835,9.001111,,middle,middle,middle,middle,middle,middle,54.6,54.6,54.6,54.6,54.6,54.6,,,,,,,163.1,163.1,163.1,163.1,163.1,163.1,1.85,2.35,2.85,3.35,3.85,4.35,,,,,,,,,,,,,2.5952,2.7452,2.8952,3.0452,3.1952,3.3452,0,0,0,0,0,0
15069,Bad Homburg,50.228333,8.6127777,3180.0,middle,middle,middle,middle,middle,middle,13.8,13.8,13.8,13.8,13.8,13.8,,,,,,,40.4,40.4,40.4,40.4,40.4,40.4,4.81,5.31,5.81,6.31,6.81,7.31,,,,,,,,,,,,,3.2597,3.4097,3.5597,3.7097,3.8597,4.0097,2,2,2,2,2,2
15070,Huenfeld,50.672779,9.7688885,3267.0,middle,middle,middle,middle,middle,middle,24.4,24.4,24.4,24.4,24.4,24.4,,,,,,,288.6,288.6,288.6,288.6,288.6,288.6,4.69,5.19,5.69,6.19,6.69,7.19,,,,,,,,,,,,,3.869,4.019,4.169,4.319,4.469,4.619,0,0,0,0,0,0
15071,Hungen,50.475555,8.9013891,3268.0,middle,middle,middle,middle,middle,middle,41.1,41.1,41.1,41.1,41.1,41.1,,,,,,,135.0,135.0,135.0,135.0,135.0,135.0,4.68,5.18,5.68,6.18,6.68,7.18,,,,,,,,,,,,,3.3691,3.5191,3.6691,3.8191,3.9691,4.1191,0,0,0,0,0,0
15072,Idstein,50.220833,8.2705555,,middle,middle,middle,middle,middle,middle,24.4,24.4,24.4,24.4,24.4,24.4,,,,,,,156.5,156.5,156.5,156.5,156.5,156.5,2.5,3.0,3.5,4.0,4.5,5.0,,,,,,,,,,,,,2.9691,3.1191,3.2691,3.4191,3.5691,3.7191,0,0,0,0,0,0
15073,Immenhausen,51.427223,9.4799995,3312.0,middle,middle,middle,middle,middle,middle,9.4,9.4,9.4,9.4,9.4,9.4,,,,,,,135.5,135.5,135.5,135.5,135.5,135.5,1.07,1.57,2.07,2.57,3.07,3.57,,,,,,,,,,,,,2.6707,2.8207,2.9707,3.1207,3.2707,3.4207,2,2,2,2,2,2
15074,Karlshafen,51.643612,9.4536114,,north,north,north,north,north,north,2.3,2.3,2.3,2.3,2.3,2.3,,,,,,,78.6,78.6,78.6,78.6,78.6,78.6,2.2,2.7,3.2,3.7,4.2,4.7,,,,,,,,,,,,,2.6817,2.8317,2.9817,3.1317,3.2817,3.4317,1,1,1,1,1,1
15075,Kassel,51.314445,9.4949999,3580.0,middle,middle,middle,middle,middle,middle,0.9,0.9,0.9,0.9,0.9,0.9,152.0,152.0,152.0,152.0,152.0,152.0,215.6,215.6,215.6,215.6,215.6,215.6,3.37,3.87,4.37,4.87,5.37,5.87,3500.0,4000.0,3000.0,2000.0,3000.0,4000.0,1.167,1.143,0.75,0.667,1.5,1.333,3.651,3.801,3.951,4.101,4.251,4.401,2,2,2,2,2,2
15076,Kelkheim,50.134724,8.4536114,,middle,middle,middle,middle,middle,middle,9.8,9.8,9.8,9.8,9.8,9.8,,,,,,,21.1,21.1,21.1,21.1,21.1,21.1,3.98,4.48,4.98,5.48,5.98,6.48,,,,,,,,,,,,,2.8095,2.9595,3.1095,3.2595,3.4095,3.5595,2,2,2,2,2,2
15077,Kelsterbach,50.063332,8.5288887,,middle,middle,middle,middle,middle,middle,3.9,3.9,3.9,3.9,3.9,3.9,,,,,,,83.1,83.1,83.1,83.1,83.1,83.1,4.2,4.7,5.2,5.7,6.2,6.7,,,,,,,,,,,,,3.4847,3.6347,3.7847,3.9347,4.0847,4.2347,2,2,2,2,2,2
15078,Kirchhain,50.820557,8.9205551,3676.0,middle,middle,middle,middle,middle,middle,55.4,55.4,55.4,55.4,55.4,55.4,,,,,,,51.9,51.9,51.9,51.9,51.9,51.9,1.04,1.54,2.04,2.54,3.04,3.54,,,,,,,,,,,,,1.8996,2.0496,2.1996,2.3496,2.4996,2.6496,0,0,0,0,0,0
15079,Koenigstein im Taunus,50.182499,8.4647226,3924.0,middle,middle,middle,middle,middle,middle,13.9,13.9,13.9,13.9,13.9,13.9,,,,,,,91.0,91.0,91.0,91.0,91.0,91.0,0.25,0.75,1.25,1.75,2.25,2.75,,,,,,,,,,,,,2.2105,2.3605,2.5105,2.6605,2.8105,2.9605,2,2,2,2,2,2
15080,Korbach,51.271667,8.8730555,3951.0,middle,middle,middle,middle,middle,middle,42.7,42.7,42.7,42.7,42.7,42.7,,,,,,,178.7,178.7,178.7,178.7,178.7,178.7,2.7,3.2,3.7,4.2,4.7,5.2,,,,,,,,,,,,,2.8865,3.0365,3.1865,3.3365,3.4865,3.6365,0,0,0,0,0,0
15081,Kronberg,50.179443,8.5105553,,middle,middle,middle,middle,middle,middle,11.3,11.3,11.3,11.3,11.3,11.3,,,,,,,42.2,42.2,42.2,42.2,42.2,42.2,0.2,0.7,1.2,1.7,2.2,2.7,,,,,,,,,,,,,1.9254,2.0754,2.2254,2.3754,2.5254,2.6754,2,2,2,2,2,2
15082,Lampertheim,49.595554,8.4624996,,middle,middle,middle,middle,middle,middle,4.4,4.4,4.4,4.4,4.4,4.4,,,,,,,117.5,117.5,117.5,117.5,117.5,117.5,1.82,2.32,2.82,3.32,3.82,4.32,,,,,,,,,,,,,2.9015,3.0515,3.2015,3.3515,3.5015,3.6515,2,2,2,2,2,2
15083,Landau ueber Arolsen,51.341946,9.0852776,,middle,middle,middle,middle,middle,middle,29.2,29.2,29.2,29.2,29.2,29.2,,,,,,,45.5,45.5,45.5,45.5,45.5,45.5,0.0,0.1,0.6,1.1,1.6,2.1,,,,,,,,,,,,,1.6712,1.7012,1.8512,2.0012,2.1512,2.3012,0,0,0,0,0,0
15084,Langen,49.989445,8.6791668,,middle,middle,middle,middle,middle,middle,13.5,13.5,13.5,13.5,13.5,13.5,,,,,,,81.7,81.7,81.7,81.7,81.7,81.7,4.16,4.66,5.16,5.66,6.16,6.66,,,,,,,,,,,,,3.3453,3.4953,3.6453,3.7953,3.9453,4.0953,2,2,2,2,2,2
15085,Laubach,50.5425,8.9899998,,middle,middle,middle,middle,middle,middle,49.5,49.5,49.5,49.5,49.5,49.5,,,,,,,102.1,102.1,102.1,102.1,102.1,102.1,5.5,6.0,6.5,7.0,7.5,8.0,,,,,,,,,,,,,3.5043,3.6543,3.8043,3.9543,4.1043,4.2543,0,0,0,0,0,0
15086,Lauterbach,50.635555,9.3977776,16925.0,middle,middle,middle,middle,middle,middle,37.1,37.1,37.1,37.1,37.1,37.1,,,,,,,209.9,209.9,209.9,209.9,209.9,209.9,4.38,4.88,5.38,5.88,6.38,6.88,,,,,,,,,,,,,3.491,3.641,3.791,3.941,4.091,4.241,0,0,0,0,0,0
15087,Lich,50.519165,8.8188887,,middle,middle,middle,middle,middle,middle,45.8,45.8,45.8,45.8,45.8,45.8,,,,,,,151.9,151.9,151.9,151.9,151.9,151.9,4.62,5.12,5.62,6.12,6.62,7.12,,,,,,,,,,,,,3.398,3.548,3.698,3.848,3.998,4.148,0,0,0,0,0,0
15088,Liebenau,51.494167,9.2836113,,middle,middle,middle,middle,middle,middle,19.4,19.4,19.4,19.4,19.4,19.4,,,,,,,100.4,100.4,100.4,100.4,100.4,100.4,0.0,0.07,0.57,1.07,1.57,2.07,,,,,,,,,,,,,2.1047,2.1257,2.2757,2.4257,2.5757,2.7257,0,0,0,0,0,0
15089,Limburg,50.387222,8.0638885,4453.0,middle,middle,middle,middle,middle,middle,32.5,32.5,32.5,32.5,32.5,32.5,,,,,,,91.2,91.2,91.2,91.2,91.2,91.2,3.4,3.9,4.4,4.9,5.4,5.9,,,,,,,,,,,,,2.9232,3.0732,3.2232,3.3732,3.5232,3.6732,0,0,0,0,0,0
15090,Lindenfels,49.682777,8.7797222,,middle,middle,middle,middle,middle,middle,23.1,23.1,23.1,23.1,23.1,23.1,,,,,,,241.4,241.4,241.4,241.4,241.4,241.4,1.27,1.77,2.27,2.77,3.27,3.77,,,,,,,,,,,,,2.7885,2.9385,3.0885,3.2385,3.3885,3.5385,0,0,0,0,0,0
15091,Lorch (Rheingau),50.045555,7.8038888,,middle,middle,middle,middle,middle,middle,1.1,1.1,1.1,1.1,1.1,1.1,,,,,,,86.4,86.4,86.4,86.4,86.4,86.4,1.65,2.15,2.65,3.15,3.65,4.15,,,,,,,,,,,,,2.7691,2.9191,3.0691,3.2191,3.3691,3.5191,2,2,2,2,2,2
15092,Marburg,50.807499,8.7722225,4746.0,middle,middle,middle,middle,middle,middle,65.1,65.1,65.1,65.1,65.1,65.1,186.0,186.0,186.0,186.0,186.0,186.0,260.8,260.8,260.8,260.8,260.8,260.8,1.12,1.62,2.12,2.62,3.12,3.62,1500.0,2000.0,1500.0,1000.0,1500.0,2000.0,1.5,1.333,0.75,0.667,1.5,1.333,2.5631,2.7131,2.8631,3.0131,3.1631,3.3131,0,0,0,0,0,0
15093,Melsungen,51.130833,9.5436115,12236.0,middle,middle,middle,middle,middle,middle,4.3,4.3,4.3,4.3,4.3,4.3,,,,,,,195.8,195.8,195.8,195.8,195.8,195.8,2.77,3.27,3.77,4.27,4.77,5.27,,,,,,,,,,,,,3.3898,3.5398,3.6898,3.8398,3.9898,4.1398,2,2,2,2,2,2
15094,Mengeringhausen,51.36639,8.9861107,4875.0,middle,middle,middle,middle,middle,middle,36.5,36.5,36.5,36.5,36.5,36.5,,,,,,,86.6,86.6,86.6,86.6,86.6,86.6,0.16,0.66,1.16,1.66,2.16,2.66,,,,,,,,,,,,,1.8812,2.0312,2.1812,2.3312,2.4812,2.6312,0,0,0,0,0,0
15095,Michelstadt,49.679165,9.0038891,,middle,middle,middle,middle,middle,middle,16.4,16.4,16.4,16.4,16.4,16.4,,,,,,,166.4,166.4,166.4,166.4,166.4,166.4,4.77,5.27,5.77,6.27,6.77,7.27,,,,,,,,,,,,,3.7738,3.9238,4.0738,4.2238,4.3738,4.5238,0,0,0,0,0,0
15096,Muehlheim,50.122501,8.8352776,,middle,middle,middle,middle,middle,middle,1.7,1.7,1.7,1.7,1.7,1.7,,,,,,,82.1,82.1,82.1,82.1,82.1,82.1,4.35,4.85,5.35,5.85,6.35,6.85,,,,,,,,,,,,,3.5519,3.7019,3.8519,4.0019,4.1519,4.3019,2,2,2,2,2,2
15097,Bad Nauheim,50.363335,8.7347221,,middle,middle,middle,middle,middle,middle,28.3,28.3,28.3,28.3,28.3,28.3,,,,,,,80.2,80.2,80.2,80.2,80.2,80.2,1.5,2.0,2.5,3.0,3.5,4.0,,,,,,,,,,,,,2.3546,2.5046,2.6546,2.8046,2.9546,3.1046,0,0,0,0,0,0
15098,Naumburg,51.247223,9.1647224,5166.0,middle,middle,middle,middle,middle,middle,22.3,22.3,22.3,22.3,22.3,22.3,,,,,,,77.8,77.8,77.8,77.8,77.8,77.8,0.8,1.3,1.8,2.3,2.8,3.3,,,,,,,,,,,,,2.2079,2.3579,2.5079,2.6579,2.8079,2.9579,0,0,0,0,0,0
15099,Neckarsteinach,49.407776,8.8388891,,middle,middle,middle,middle,middle,middle,13.9,13.9,13.9,13.9,13.9,13.9,,,,,,,46.9,46.9,46.9,46.9,46.9,46.9,1.08,1.58,2.08,2.58,3.08,3.58,,,,,,,,,,,,,2.1977,2.3477,2.4977,2.6477,2.7977,2.9477,2,2,2,2,2,2
15100,Neu-Isenburg,50.050278,8.6952782,,middle,middle,middle,middle,middle,middle,6.8,6.8,6.8,6.8,6.8,6.8,,,,,,,40.9,40.9,40.9,40.9,40.9,40.9,0.0,0.0,0.0,0.0,0.0,0.0,,,,,,,,,,,,,1.9091,1.9091,1.9091,1.9091,1.9091,1.9091,2,2,2,2,2,2
15101,Neukirchen,50.870834,9.3427782,,middle,middle,middle,middle,middle,middle,27.7,27.7,27.7,27.7,27.7,27.7,,,,,,,154.4,154.4,154.4,154.4,154.4,154.4,1.08,1.58,2.08,2.58,3.08,3.58,,,,,,,,,,,,,2.4964,2.6464,2.7964,2.9464,3.0964,3.2464,0,0,0,0,0,0
15102,Neustadt (Hessen),50.852501,9.1152782,,middle,middle,middle,middle,middle,middle,42.4,42.4,42.4,42.4,42.4,42.4,,,,,,,189.9,189.9,189.9,189.9,189.9,189.9,0.0,0.06,0.56,1.06,1.56,2.06,,,,,,,,,,,,,2.1007,2.1187,2.2687,2.4187,2.5687,2.7187,0,0,0,0,0,0
15103,Niedenstein,51.235554,9.3125,,middle,middle,middle,middle,middle,middle,12.0,12.0,12.0,12.0,12.0,12.0,,,,,,,108.9,108.9,108.9,108.9,108.9,108.9,0.0,0.46,0.96,1.46,1.96,2.46,,,,,,,,,,,,,2.23,2.368,2.518,2.668,2.818,2.968,2,2,2,2,2,2
15104,Nidda,50.413612,9.0063887,17018.0,middle,middle,middle,middle,middle,middle,36.0,36.0,36.0,36.0,36.0,36.0,,,,,,,127.0,127.0,127.0,127.0,127.0,127.0,4.4,4.9,5.4,5.9,6.4,6.9,,,,,,,,,,,,,3.3109,3.4609,3.6109,3.7609,3.9109,4.0609,0,0,0,0,0,0
15105,Oberursel,50.200554,8.582222,,middle,middle,middle,middle,middle,middle,11.0,11.0,11.0,11.0,11.0,11.0,,,,,,,46.2,46.2,46.2,46.2,46.2,46.2,4.59,5.09,5.59,6.09,6.59,7.09,,,,,,,,,,,,,3.2812,3.4312,3.5812,3.7312,3.8812,4.0312,2,2,2,2,2,2
15106,Offenbach,50.105556,8.7641668,,middle,middle,middle,middle,middle,middle,2.9,2.9,2.9,2.9,2.9,2.9,98.0,98.0,98.0,98.0,98.0,98.0,67.4,67.4,67.4,67.4,67.4,67.4,4.58,5.08,5.58,6.08,6.58,7.08,1000.0,1000.0,1000.0,1000.0,1000.0,1000.0,1.0,1.0,1.0,1.0,1.0,1.0,3.5277,3.6777,3.8277,3.9777,4.1277,4.2777,2,2,2,2,2,2
15107,Bad Orb,50.227779,9.3480558,,middle,middle,middle,middle,middle,middle,31.9,31.9,31.9,31.9,31.9,31.9,,,,,,,258.2,258.2,258.2,258.2,258.2,258.2,1.86,2.36,2.86,3.36,3.86,4.36,,,,,,,,,,,,,2.8818,3.0318,3.1818,3.3318,3.4818,3.6318,0,0,0,0,0,0
15108,Ortenberg,50.35611,9.0536108,,middle,middle,middle,middle,middle,middle,31.5,31.5,31.5,31.5,31.5,31.5,,,,,,,123.3,123.3,123.3,123.3,123.3,123.3,0.84,1.34,1.84,2.34,2.84,3.34,,,,,,,,,,,,,2.2878,2.4378,2.5878,2.7378,2.8878,3.0378,0,0,0,0,0,0
15109,Pfungstadt,49.801666,8.5974998,,middle,middle,middle,middle,middle,middle,9.8,9.8,9.8,9.8,9.8,9.8,,,,,,,96.9,96.9,96.9,96.9,96.9,96.9,4.5,5.0,5.5,6.0,6.5,7.0,,,,,,,,,,,,,3.5614,3.7114,3.8614,4.0114,4.1614,4.3114,2,2,2,2,2,2
15110,Rauschenberg,50.883335,8.9147224,,middle,middle,middle,middle,middle,middle,52.2,52.2,52.2,52.2,52.2,52.2,,,,,,,91.1,91.1,91.1,91.1,91.1,91.1,0.31,0.81,1.31,1.81,2.31,2.81,,,,,,,,,,,,,1.9022,2.0522,2.2022,2.3522,2.5022,2.6522,0,0,0,0,0,0
15111,Reinheim,49.825832,8.8347225,,middle,middle,middle,middle,middle,middle,22.9,22.9,22.9,22.9,22.9,22.9,,,,,,,146.7,146.7,146.7,146.7,146.7,146.7,0.0,0.24,0.74,1.24,1.74,2.24,,,,,,,,,,,,,2.2114,2.2834,2.4334,2.5834,2.7334,2.8834,0,0,0,0,0,0
15112,Rhoden,51.473057,9.0108337,,middle,middle,middle,middle,middle,middle,33.1,33.1,33.1,33.1,33.1,33.1,,,,,,,110.3,110.3,110.3,110.3,110.3,110.3,2.72,3.22,3.72,4.22,4.72,5.22,,,,,,,,,,,,,2.7871,2.9371,3.0871,3.2371,3.3871,3.5371,0,0,0,0,0,0
15113,Rosenthal,50.974445,8.8677778,,middle,middle,middle,middle,middle,middle,49.9,49.9,49.9,49.9,49.9,49.9,,,,,,,105.1,105.1,105.1,105.1,105.1,105.1,0.0,0.0,0.07,0.57,1.07,1.57,,,,,,,,,,,,,1.8659,1.8659,1.8869,2.0369,2.1869,2.3369,0,0,0,0,0,0
15114,Rotenburg a. d. Fulda,50.996387,9.7244444,12235.0,middle,middle,middle,middle,middle,middle,3.7,3.7,3.7,3.7,3.7,3.7,,,,,,,158.9,158.9,158.9,158.9,158.9,158.9,1.0,1.5,2.0,2.5,3.0,3.5,,,,,,,,,,,,,2.7831,2.9331,3.0831,3.2331,3.3831,3.5331,2,2,2,2,2,2
15115,Ruedesheim,49.979168,7.9263887,,middle,middle,middle,middle,middle,middle,1.4,1.4,1.4,1.4,1.4,1.4,,,,,,,58.8,58.8,58.8,58.8,58.8,58.8,1.6,2.1,2.6,3.1,3.6,4.1,,,,,,,,,,,,,2.5993,2.7493,2.8993,3.0493,3.1993,3.3493,2,2,2,2,2,2
15116,Ruesselsheim,49.99472,8.4113894,,middle,middle,middle,middle,middle,middle,4.4,4.4,4.4,4.4,4.4,4.4,,,,,,,46.6,46.6,46.6,46.6,46.6,46.6,4.2,4.7,5.2,5.7,6.2,6.7,,,,,,,,,,,,,3.2505,3.4005,3.5505,3.7005,3.8505,4.0005,2,2,2,2,2,2
15117,Runkel,50.405277,8.1566668,,middle,middle,middle,middle,middle,middle,39.3,39.3,39.3,39.3,39.3,39.3,,,,,,,152.1,152.1,152.1,152.1,152.1,152.1,0.91,1.41,1.91,2.41,2.91,3.41,,,,,,,,,,,,,2.2947,2.4447,2.5947,2.7447,2.8947,3.0447,0,0,0,0,0,0
15118,Sachsenberg,51.126667,8.7897224,6675.0,middle,middle,middle,middle,middle,middle,50.0,50.0,50.0,50.0,50.0,50.0,,,,,,,65.8,65.8,65.8,65.8,65.8,65.8,0.0,0.49,0.99,1.49,1.99,2.49,,,,,,,,,,,,,1.6808,1.8278,1.9778,2.1278,2.2778,2.4278,0,0,0,0,0,0
15119,Sachsenhausen,51.24472,9.0055552,,middle,middle,middle,middle,middle,middle,33.4,33.4,33.4,33.4,33.4,33.4,,,,,,,90.4,90.4,90.4,90.4,90.4,90.4,1.53,2.03,2.53,3.03,3.53,4.03,,,,,,,,,,,,,2.3478,2.4978,2.6478,2.7978,2.9478,3.0978,0,0,0,0,0,0
15120,Salmuenster,50.274723,9.3716669,6701.0,middle,middle,middle,middle,middle,middle,37.1,37.1,37.1,37.1,37.1,37.1,,,,,,,38.0,38.0,38.0,38.0,38.0,38.0,3.75,4.25,4.75,5.25,5.75,6.25,,,,,,,,,,,,,2.6276,2.7776,2.9276,3.0776,3.2276,3.3776,0,0,0,0,0,0
15121,Schlitz,50.675278,9.5583334,,middle,middle,middle,middle,middle,middle,27.1,27.1,27.1,27.1,27.1,27.1,,,,,,,312.6,312.6,312.6,312.6,312.6,312.6,4.38,4.88,5.38,5.88,6.38,6.88,,,,,,,,,,,,,3.7747,3.9247,4.0747,4.2247,4.3747,4.5247,0,0,0,0,0,0
15122,Schluechtern,50.346943,9.5241671,6891.0,middle,middle,middle,middle,middle,middle,50.1,50.1,50.1,50.1,50.1,50.1,,,,,,,329.2,329.2,329.2,329.2,329.2,329.2,3.7,4.2,4.7,5.2,5.7,6.2,,,,,,,,,,,,,3.4298,3.5798,3.7298,3.8798,4.0298,4.1798,0,0,0,0,0,0
15123,Schotten,50.502224,9.1241665,,middle,middle,middle,middle,middle,middle,48.2,48.2,48.2,48.2,48.2,48.2,,,,,,,121.3,121.3,121.3,121.3,121.3,121.3,4.72,5.22,5.72,6.22,6.72,7.22,,,,,,,,,,,,,3.3386,3.4886,3.6386,3.7886,3.9386,4.0886,0,0,0,0,0,0
15124,Bad Schwalbach,50.139999,8.0697222,,middle,middle,middle,middle,middle,middle,17.0,17.0,17.0,17.0,17.0,17.0,,,,,,,271.7,271.7,271.7,271.7,271.7,271.7,0.0,0.0,0.0,0.48,0.98,1.48,,,,,,,,,,,,,2.5304,2.5304,2.5304,2.6744,2.8244,2.9744,0,0,0,0,0,0
15125,Schwarzenborn,50.909721,9.4455557,,middle,middle,middle,middle,middle,middle,20.5,20.5,20.5,20.5,20.5,20.5,,,,,,,263.5,263.5,263.5,263.5,263.5,263.5,1.5,2.0,2.5,3.0,3.5,4.0,,,,,,,,,,,,,2.9254,3.0754,3.2254,3.3754,3.5254,3.6754,0,0,0,0,0,0
15126,Schweinsberg,50.768333,8.9608335,,middle,middle,middle,middle,middle,middle,56.1,56.1,56.1,56.1,56.1,56.1,,,,,,,76.6,76.6,76.6,76.6,76.6,76.6,0.35,0.85,1.35,1.85,2.35,2.85,,,,,,,,,,,,,1.8459,1.9959,2.1459,2.2959,2.4459,2.5959,0,0,0,0,0,0
15127,Seligenstadt,50.044167,8.9724998,7071.0,middle,middle,middle,middle,middle,middle,3.9,3.9,3.9,3.9,3.9,3.9,,,,,,,77.5,77.5,77.5,77.5,77.5,77.5,4.22,4.72,5.22,5.72,6.22,6.72,,,,,,,,,,,,,3.4623,3.6123,3.7623,3.9123,4.0623,4.2123,2,2,2,2,2,2
15128,Bad Soden/Salmuenster,50.293056,9.3661108,,middle,middle,middle,middle,middle,middle,38.4,38.4,38.4,38.4,38.4,38.4,,,,,,,105.6,105.6,105.6,105.6,105.6,105.6,0.6,1.1,1.6,2.1,2.6,3.1,,,,,,,,,,,,,2.0683,2.2183,2.3683,2.5183,2.6683,2.8183,0,0,0,0,0,0
15129,Bad Soden/Taunus,50.140556,8.499444,,middle,middle,middle,middle,middle,middle,9.3,9.3,9.3,9.3,9.3,9.3,,,,,,,24.3,24.3,24.3,24.3,24.3,24.3,0.59,1.09,1.59,2.09,2.59,3.09,,,,,,,,,,,,,1.8535,2.0035,2.1535,2.3035,2.4535,2.6035,2,2,2,2,2,2
15130,Sontra,51.06889,9.9327774,7267.0,middle,middle,middle,middle,middle,middle,15.9,15.9,15.9,15.9,15.9,15.9,,,,,,,191.8,191.8,191.8,191.8,191.8,191.8,0.18,0.68,1.18,1.68,2.18,2.68,,,,,,,,,,,,,2.4606,2.6106,2.7606,2.9106,3.0606,3.2106,0,0,0,0,0,0
15131,Bad Sooden-Allendorf,51.279724,9.9663887,7268.0,middle,middle,middle,middle,middle,middle,0.9,0.9,0.9,0.9,0.9,0.9,,,,,,,189.0,189.0,189.0,189.0,189.0,189.0,4.74,5.24,5.74,6.24,6.74,7.24,,,,,,,,,,,,,4.0092,4.1592,4.3092,4.4592,4.6092,4.7592,2,2,2,2,2,2
15132,Spangenberg,51.116665,9.6583338,7286.0,middle,middle,middle,middle,middle,middle,6.0,6.0,6.0,6.0,6.0,6.0,,,,,,,143.0,143.0,143.0,143.0,143.0,143.0,0.36,0.86,1.36,1.86,2.36,2.86,,,,,,,,,,,,,2.5214,2.6714,2.8214,2.9714,3.1214,3.2714,2,2,2,2,2,2
15133,Sprendlingen,50.018055,8.6952782,,middle,middle,middle,middle,middle,middle,10.3,10.3,10.3,10.3,10.3,10.3,,,,,,,13.0,13.0,13.0,13.0,13.0,13.0,4.16,4.66,5.16,5.66,6.16,6.66,,,,,,,,,,,,,2.6747,2.8247,2.9747,3.1247,3.2747,3.4247,2,2,2,2,2,2
15134,Steinau,50.312778,9.46,7374.0,middle,middle,middle,middle,middle,middle,44.3,44.3,44.3,44.3,44.3,44.3,,,,,,,174.9,174.9,174.9,174.9,174.9,174.9,3.5,4.0,4.5,5.0,5.5,6.0,,,,,,,,,,,,,3.118,3.268,3.418,3.568,3.718,3.868,0,0,0,0,0,0
15135,Steinheim (Hessen),50.106388,8.9136114,7396.0,middle,middle,middle,middle,middle,middle,4.2,4.2,4.2,4.2,4.2,4.2,,,,,,,43.9,43.9,43.9,43.9,43.9,43.9,0.27,0.77,1.27,1.77,2.27,2.77,,,,,,,,,,,,,2.0504,2.2004,2.3504,2.5004,2.6504,2.8004,2,2,2,2,2,2
15136,Tann,50.643612,10.023334,,middle,middle,middle,middle,middle,middle,34.2,34.2,34.2,34.2,34.2,34.2,,,,,,,186.3,186.3,186.3,186.3,186.3,186.3,0.53,1.03,1.53,2.03,2.53,3.03,,,,,,,,,,,,,2.3248,2.4748,2.6248,2.7748,2.9248,3.0748,0,0,0,0,0,0
15137,Trendelburg,51.575279,9.4302778,,north,north,north,north,north,north,8.2,8.2,8.2,8.2,8.2,8.2,,,,,,,97.4,97.4,97.4,97.4,97.4,97.4,0.47,0.97,1.47,1.97,2.47,2.97,,,,,,,,,,,,,2.1734,2.3234,2.4734,2.6234,2.7734,2.9234,1,1,1,1,1,1
15138,Treysa,50.911945,9.1883335,7809.0,middle,middle,middle,middle,middle,middle,34.3,34.3,34.3,34.3,34.3,34.3,,,,,,,118.5,118.5,118.5,118.5,118.5,118.5,5.5,6.0,6.5,7.0,7.5,8.0,,,,,,,,,,,,,3.6351,3.7851,3.9351,4.0851,4.2351,4.3851,0,0,0,0,0,0
15139,Ulrichstein,50.576389,9.1922226,17016.0,middle,middle,middle,middle,middle,middle,51.9,51.9,51.9,51.9,51.9,51.9,,,,,,,205.8,205.8,205.8,205.8,205.8,205.8,0.0,0.21,0.71,1.21,1.71,2.21,,,,,,,,,,,,,2.1327,2.1957,2.3457,2.4957,2.6457,2.7957,0,0,0,0,0,0
15140,Usingen,50.333611,8.5369444,7938.0,middle,middle,middle,middle,middle,middle,26.2,26.2,26.2,26.2,26.2,26.2,,,,,,,240.0,240.0,240.0,240.0,240.0,240.0,5.5,6.0,6.5,7.0,7.5,8.0,,,,,,,,,,,,,4.0169,4.1669,4.3169,4.4669,4.6169,4.7669,0,0,0,0,0,0
15141,Viernheim,49.536945,8.5819445,,middle,middle,middle,middle,middle,middle,6.9,6.9,6.9,6.9,6.9,6.9,,,,,,,86.8,86.8,86.8,86.8,86.8,86.8,4.73,5.23,5.73,6.23,6.73,7.23,,,,,,,,,,,,,3.6227,3.7727,3.9227,4.0727,4.2227,4.3727,2,2,2,2,2,2
15142,Bad Vilbel,50.177502,8.7352781,,middle,middle,middle,middle,middle,middle,7.7,7.7,7.7,7.7,7.7,7.7,,,,,,,95.9,95.9,95.9,95.9,95.9,95.9,4.76,5.26,5.76,6.26,6.76,7.26,,,,,,,,,,,,,3.6608,3.8108,3.9608,4.1108,4.2608,4.4108,2,2,2,2,2,2
15143,Volkmarsen,51.411945,9.1199999,8062.0,middle,middle,middle,middle,middle,middle,29.0,29.0,29.0,29.0,29.0,29.0,,,,,,,74.6,74.6,74.6,74.6,74.6,74.6,0.95,1.45,1.95,2.45,2.95,3.45,,,,,,,,,,,,,2.1531,2.3031,2.4531,2.6031,2.7531,2.9031,0,0,0,0,0,0
15144,Waechtersbach,50.2575,9.292222,,middle,middle,middle,middle,middle,middle,31.8,31.8,31.8,31.8,31.8,31.8,,,,,,,107.8,107.8,107.8,107.8,107.8,107.8,0.14,0.64,1.14,1.64,2.14,2.64,,,,,,,,,,,,,2.0205,2.1705,2.3205,2.4705,2.6205,2.7705,0,0,0,0,0,0
15145,Waldeck,51.20639,9.0616665,,middle,middle,middle,middle,middle,middle,29.7,29.7,29.7,29.7,29.7,29.7,,,,,,,77.9,77.9,77.9,77.9,77.9,77.9,1.3,1.8,2.3,2.8,3.3,3.8,,,,,,,,,,,,,2.2665,2.4165,2.5665,2.7165,2.8665,3.0165,0,0,0,0,0,0
15146,Waldkappel,51.143612,9.873333,,middle,middle,middle,middle,middle,middle,13.6,13.6,13.6,13.6,13.6,13.6,,,,,,,157.2,157.2,157.2,157.2,157.2,157.2,0.24,0.74,1.24,1.74,2.24,2.74,,,,,,,,,,,,,2.4275,2.5775,2.7275,2.8775,3.0275,3.1775,2,2,2,2,2,2
15147,Wanfried,51.183056,10.17,8176.0,middle,middle,middle,middle,middle,middle,4.2,4.2,4.2,4.2,4.2,4.2,,,,,,,146.0,146.0,146.0,146.0,146.0,146.0,0.5,1.0,1.5,2.0,2.5,3.0,,,,,,,,,,,,,2.5939,2.7439,2.8939,3.0439,3.1939,3.3439,2,2,2,2,2,2
15148,Weilburg,50.484165,8.2636108,16985.0,middle,middle,middle,middle,middle,middle,48.4,48.4,48.4,48.4,48.4,48.4,,,,,,,233.5,233.5,233.5,233.5,233.5,233.5,3.44,3.94,4.44,4.94,5.44,5.94,,,,,,,,,,,,,3.215,3.365,3.515,3.665,3.815,3.965,0,0,0,0,0,0
15149,Wetter,50.903057,8.7238894,8374.0,middle,middle,middle,middle,middle,middle,62.5,62.5,62.5,62.5,62.5,62.5,,,,,,,171.2,171.2,171.2,171.2,171.2,171.2,4.0,4.5,5.0,5.5,6.0,6.5,,,,,,,,,,,,,3.2594,3.4094,3.5594,3.7094,3.8594,4.0094,0,0,0,0,0,0
15150,Wetzlar,50.554165,8.5008335,8379.0,middle,middle,middle,middle,middle,middle,50.7,50.7,50.7,50.7,50.7,50.7,148.0,148.0,148.0,148.0,148.0,148.0,288.8,288.8,288.8,288.8,288.8,288.8,1.09,1.59,2.09,2.59,3.09,3.59,5000.0,6000.0,5000.0,4000.0,3000.0,2000.0,1.25,1.2,0.833,0.8,0.75,0.667,2.5947,2.7447,2.8947,3.0447,3.1947,3.3447,2,2,1,1,1,0
15151,Wiesbaden,50.081665,8.2388887,8428.0,middle,middle,middle,middle,middle,middle,9.8,9.8,9.8,9.8,9.8,9.8,117.0,117.0,117.0,117.0,117.0,117.0,107.4,107.4,107.4,107.4,107.4,107.4,8.0,8.0,8.0,8.0,8.0,8.0,1000.0,1000.0,1000.0,1000.0,1000.0,1000.0,1.0,1.0,1.0,1.0,1.0,1.0,4.6522,4.6522,4.6522,4.6522,4.6522,4.6522,2,2,2,2,2,2
15152,Wiesbaden-Biebrich,50.047501,8.2408333,,middle,middle,middle,middle,middle,middle,6.2,6.2,6.2,6.2,6.2,6.2,,,,,,,46.8,46.8,46.8,46.8,46.8,46.8,3.76,4.26,4.76,5.26,5.76,6.26,,,,,,,,,,,,,3.0967,3.2467,3.3967,3.5467,3.6967,3.8467,2,2,2,2,2,2
15153,Bad Wildungen,51.119446,9.1252775,,middle,middle,middle,middle,middle,middle,27.6,27.6,27.6,27.6,27.6,27.6,,,,,,,132.8,132.8,132.8,132.8,132.8,132.8,4.5,5.0,5.5,6.0,6.5,7.0,,,,,,,,,,,,,3.4639,3.6139,3.7639,3.9139,4.0639,4.2139,0,0,0,0,0,0
15154,Bad Wildungen-Alt Wildungen,51.126945,9.1274996,,middle,middle,middle,middle,middle,middle,27.3,27.3,27.3,27.3,27.3,27.3,,,,,,,46.4,46.4,46.4,46.4,46.4,46.4,0.0,0.0,0.0,0.5,1.0,1.5,,,,,,,,,,,,,1.7025,1.7025,1.7025,1.8525,2.0025,2.1525,0,0,0,0,0,0
15155,Windecken,50.220833,8.8758335,,middle,middle,middle,middle,middle,middle,12.8,12.8,12.8,12.8,12.8,12.8,,,,,,,185.7,185.7,185.7,185.7,185.7,185.7,4.0,4.5,5.0,5.5,6.0,6.5,,,,,,,,,,,,,3.6317,3.7817,3.9317,4.0817,4.2317,4.3817,2,2,2,2,2,2
15156,Witzenhausen,51.341389,9.8586111,8528.0,middle,middle,middle,middle,middle,middle,5.3,5.3,5.3,5.3,5.3,5.3,,,,,,,144.7,144.7,144.7,144.7,144.7,144.7,0.25,0.75,1.25,1.75,2.25,2.75,,,,,,,,,,,,,2.501,2.651,2.801,2.951,3.101,3.251,2,2,2,2,2,2
15157,Wolfhagen,51.325832,9.1694441,8583.0,middle,middle,middle,middle,middle,middle,23.1,23.1,23.1,23.1,23.1,23.1,,,,,,,85.5,85.5,85.5,85.5,85.5,85.5,0.19,0.69,1.19,1.69,2.19,2.69,,,,,,,,,,,,,2.0523,2.2023,2.3523,2.5023,2.6523,2.8023,0,0,0,0,0,0
15158,Ziegenhain,50.910557,9.2347221,8783.0,middle,middle,middle,middle,middle,middle,31.8,31.8,31.8,31.8,31.8,31.8,,,,,,,94.7,94.7,94.7,94.7,94.7,94.7,2.0,2.5,3.0,3.5,4.0,4.5,,,,,,,,,,,,,2.5264,2.6764,2.8264,2.9764,3.1264,3.2764,0,0,0,0,0,0
15159,Zierenberg,51.3675,9.3000002,,middle,middle,middle,middle,middle,middle,15.5,15.5,15.5,15.5,15.5,15.5,,,,,,,144.7,144.7,144.7,144.7,144.7,144.7,0.0,0.07,0.57,1.07,1.57,2.07,,,,,,,,,,,,,2.2986,2.3196,2.4696,2.6196,2.7696,2.9196,0,0,0,0,0,0
15160,Zueschen,51.171665,9.228611,8849.0,middle,middle,middle,middle,middle,middle,19.3,19.3,19.3,19.3,19.3,19.3,,,,,,,68.8,68.8,68.8,68.8,68.8,68.8,0.0,0.0,0.28,0.78,1.28,1.78,,,,,,,,,,,,,1.9567,1.9567,2.0407,2.1907,2.3407,2.4907,0,0,0,0,0,0
15161,Zwingenberg,49.725834,8.6122227,,middle,middle,middle,middle,middle,middle,10.1,10.1,10.1,10.1,10.1,10.1,,,,,,,79.6,79.6,79.6,79.6,79.6,79.6,0.0,0.27,0.77,1.27,1.77,2.27,,,,,,,,,,,,,2.129,2.21,2.36,2.51,2.66,2.81,2,2,2,2,2,2
16001,Aalen,48.834999,10.092222,,south,south,south,south,south,south,120.3,120.3,120.3,120.3,120.3,120.3,,,,,,,139.3,139.3,139.3,139.3,139.3,139.3,8.0,8.0,8.0,8.0,8.0,8.0,,,,,,,,,,,,,4.5775,4.5775,4.5775,4.5775,4.5775,4.5775,0,0,0,0,0,0
16002,Asperg,48.905834,9.1352777,,south,south,south,south,south,south,69.1,69.1,69.1,69.1,69.1,69.1,,,,,,,31.0,31.0,31.0,31.0,31.0,31.0,8.0,8.0,8.0,8.0,8.0,8.0,,,,,,,,,,,,,3.9861,3.9861,3.9861,3.9861,3.9861,3.9861,0,0,0,0,0,0
16003,Backnang,48.946667,9.4244442,,south,south,south,south,south,south,78.5,78.5,78.5,78.5,78.5,78.5,,,,,,,139.9,139.9,139.9,139.9,139.9,139.9,1.83,2.33,2.83,3.33,3.83,4.33,,,,,,,,,,,,,2.7282,2.8782,3.0282,3.1782,3.3282,3.4782,0,0,0,0,0,0
16004,Bartenstein (Schrozberg),49.355835,9.8888893,,middle,middle,middle,middle,middle,middle,65.9,65.9,65.9,65.9,65.9,65.9,,,,,,,110.1,110.1,110.1,110.1,110.1,110.1,0.03,0.53,1.03,1.53,2.03,2.53,,,,,,,,,,,,,1.893,2.043,2.193,2.343,2.493,2.643,0,0,0,0,0,0
16005,Beilstein,49.040833,9.313611,,middle,middle,middle,middle,middle,middle,65.4,65.4,65.4,65.4,65.4,65.4,,,,,,,70.1,70.1,70.1,70.1,70.1,70.1,1.5,2.0,2.5,3.0,3.5,4.0,,,,,,,,,,,,,2.1556,2.3056,2.4556,2.6056,2.7556,2.9056,0,0,0,0,0,0
16006,Besigheim,49.0,9.1405554,,middle,middle,middle,middle,middle,middle,60.5,60.5,60.5,60.5,60.5,60.5,,,,,,,50.2,50.2,50.2,50.2,50.2,50.2,0.97,1.47,1.97,2.47,2.97,3.47,,,,,,,,,,,,,1.8655,2.0155,2.1655,2.3155,2.4655,2.6155,0,0,0,0,0,0
16007,Bietigheim,48.959999,9.126111,,south,south,south,south,south,south,63.6,63.6,63.6,63.6,63.6,63.6,,,,,,,31.2,31.2,31.2,31.2,31.2,31.2,4.61,5.11,5.61,6.11,6.61,7.11,,,,,,,,,,,,,2.9713,3.1213,3.2713,3.4213,3.5713,3.7213,0,0,0,0,0,0
16008,Blaubeuren,48.412498,9.7836113,,south,south,south,south,south,south,141.1,141.1,141.1,141.1,141.1,141.1,,,,,,,188.6,188.6,188.6,188.6,188.6,188.6,1.65,2.15,2.65,3.15,3.65,4.15,,,,,,,,,,,,,2.793,2.943,3.093,3.243,3.393,3.543,0,0,0,0,0,0
16009,Boeblingen,48.685276,9.0094442,,south,south,south,south,south,south,88.0,88.0,88.0,88.0,88.0,88.0,,,,,,,98.1,98.1,98.1,98.1,98.1,98.1,1.5,2.0,2.5,3.0,3.5,4.0,,,,,,,,,,,,,2.4884,2.6384,2.7884,2.9384,3.0884,3.2384,0,0,0,0,0,0
16010,Boennigheim,49.040833,9.0961113,,middle,middle,middle,middle,middle,middle,54.9,54.9,54.9,54.9,54.9,54.9,,,,,,,35.3,35.3,35.3,35.3,35.3,35.3,4.57,5.07,5.57,6.07,6.57,7.07,,,,,,,,,,,,,2.8073,2.9573,3.1073,3.2573,3.4073,3.5573,0,0,0,0,0,0
16011,Bopfingen,48.857777,10.351389,,south,south,south,south,south,south,129.4,129.4,129.4,129.4,129.4,129.4,,,,,,,161.3,161.3,161.3,161.3,161.3,161.3,8.0,8.0,8.0,8.0,8.0,8.0,,,,,,,,,,,,,4.6358,4.6358,4.6358,4.6358,4.6358,4.6358,0,0,0,0,0,0
16012,Brackenheim,49.078335,9.0669441,,middle,middle,middle,middle,middle,middle,50.3,50.3,50.3,50.3,50.3,50.3,,,,,,,36.3,36.3,36.3,36.3,36.3,36.3,0.04,0.54,1.04,1.54,2.04,2.54,,,,,,,,,,,,,1.4593,1.6093,1.7593,1.9093,2.0593,2.2093,0,0,0,0,0,0
16013,Crailsheim,49.135555,10.071111,,middle,middle,middle,middle,middle,middle,92.6,92.6,92.6,92.6,92.6,92.6,,,,,,,274.9,274.9,274.9,274.9,274.9,274.9,7.5,8.0,8.0,8.0,8.0,8.0,,,,,,,,,,,,,4.498,4.648,4.648,4.648,4.648,4.648,0,0,0,0,0,0
16014,Creglingen,49.470276,10.0325,,middle,middle,middle,middle,middle,middle,67.2,67.2,67.2,67.2,67.2,67.2,,,,,,,136.3,136.3,136.3,136.3,136.3,136.3,2.05,2.55,3.05,3.55,4.05,4.55,,,,,,,,,,,,,2.584,2.734,2.884,3.034,3.184,3.334,0,0,0,0,0,0
16015,Eislingen/Fils,48.700832,9.7075005,,south,south,south,south,south,south,112.6,112.6,112.6,112.6,112.6,112.6,,,,,,,102.4,102.4,102.4,102.4,102.4,102.4,3.89,4.39,4.89,5.39,5.89,6.39,,,,,,,,,,,,,3.2225,3.3725,3.5225,3.6725,3.8225,3.9725,0,0,0,0,0,0
16016,Ellwangen/Jagst,48.962776,10.131945,,south,south,south,south,south,south,110.2,110.2,110.2,110.2,110.2,110.2,,,,,,,233.4,233.4,233.4,233.4,233.4,233.4,4.86,5.36,5.86,6.36,6.86,7.36,,,,,,,,,,,,,3.8408,3.9908,4.1408,4.2908,4.4408,4.5908,0,0,0,0,0,0
16017,Esslingen/Neckar,48.741112,9.3094444,,south,south,south,south,south,south,91.3,91.3,91.3,91.3,91.3,91.3,241.0,241.0,241.0,241.0,241.0,241.0,88.9,88.9,88.9,88.9,88.9,88.9,4.73,5.23,5.73,6.23,6.73,7.23,4500.0,5000.0,7500.0,10000.0,8500.0,7000.0,1.125,1.111,1.5,1.333,0.85,0.824,3.4185,3.5685,3.7185,3.8685,4.0185,4.1685,2,2,2,3,1,1
16018,Fellbach,48.806667,9.2783337,,south,south,south,south,south,south,84.0,84.0,84.0,84.0,84.0,84.0,,,,,,,40.2,40.2,40.2,40.2,40.2,40.2,1.29,1.79,2.29,2.79,3.29,3.79,,,,,,,,,,,,,2.0742,2.2242,2.3742,2.5242,2.6742,2.8242,0,0,0,0,0,0
16019,Forchtenberg,49.287224,9.5622225,,middle,middle,middle,middle,middle,middle,57.5,57.5,57.5,57.5,57.5,57.5,,,,,,,54.9,54.9,54.9,54.9,54.9,54.9,4.71,5.21,5.71,6.21,6.71,7.21,,,,,,,,,,,,,3.0224,3.1724,3.3224,3.4724,3.6224,3.7724,0,0,0,0,0,0
16020,Bad Friedrichshall,49.220554,9.228056,,middle,middle,middle,middle,middle,middle,48.3,48.3,48.3,48.3,48.3,48.3,,,,,,,37.2,37.2,37.2,37.2,37.2,37.2,4.83,5.33,5.83,6.33,6.83,7.33,,,,,,,,,,,,,2.9057,3.0557,3.2057,3.3557,3.5057,3.6557,0,0,0,0,0,0
16021,Gaildorf,49.000278,9.769722,,middle,middle,middle,middle,middle,middle,92.8,92.8,92.8,92.8,92.8,92.8,,,,,,,218.2,218.2,218.2,218.2,218.2,218.2,0.0,0.45,0.95,1.45,1.95,2.45,,,,,,,,,,,,,2.156,2.291,2.441,2.591,2.741,2.891,0,0,0,0,0,0
16022,Geislingen/Steige,48.624722,9.8269444,,south,south,south,south,south,south,124.7,124.7,124.7,124.7,124.7,124.7,,,,,,,239.6,239.6,239.6,239.6,239.6,239.6,1.47,1.97,2.47,2.97,3.47,3.97,,,,,,,,,,,,,2.8343,2.9843,3.1343,3.2843,3.4343,3.5843,0,0,0,0,0,0
16023,Gerabronn,49.251667,9.9224997,,middle,middle,middle,middle,middle,middle,75.8,75.8,75.8,75.8,75.8,75.8,,,,,,,84.7,84.7,84.7,84.7,84.7,84.7,0.24,0.74,1.24,1.74,2.24,2.74,,,,,,,,,,,,,1.8525,2.0025,2.1525,2.3025,2.4525,2.6025,0,0,0,0,0,0
16024,Gerlingen,48.800556,9.061944,,south,south,south,south,south,south,77.2,77.2,77.2,77.2,77.2,77.2,,,,,,,43.6,43.6,43.6,43.6,43.6,43.6,4.53,5.03,5.53,6.03,6.53,7.03,,,,,,,,,,,,,3.0781,3.2281,3.3781,3.5281,3.6781,3.8281,0,0,0,0,0,0
16025,Giengen/Brenz,48.620556,10.244722,,south,south,south,south,south,south,146.5,146.5,146.5,146.5,146.5,146.5,,,,,,,121.7,121.7,121.7,121.7,121.7,121.7,1.72,2.22,2.72,3.22,3.72,4.22,,,,,,,,,,,,,2.6401,2.7901,2.9401,3.0901,3.2401,3.3901,0,0,0,0,0,0
16026,Goeppingen,48.703056,9.6538887,,south,south,south,south,south,south,109.8,109.8,109.8,109.8,109.8,109.8,323.0,323.0,323.0,323.0,323.0,323.0,103.8,103.8,103.8,103.8,103.8,103.8,1.4,1.9,2.4,2.9,3.4,3.9,1000.0,1000.0,1000.0,1000.0,1000.0,1000.0,1.0,1.0,1.0,1.0,1.0,1.0,2.4809,2.6309,2.7809,2.9309,3.0809,3.2309,0,0,0,0,0,0
16027,Groetzingen,48.627499,9.2633333,,south,south,south,south,south,south,100.8,100.8,100.8,100.8,100.8,100.8,,,,,,,99.6,99.6,99.6,99.6,99.6,99.6,1.75,2.25,2.75,3.25,3.75,4.25,,,,,,,,,,,,,2.5695,2.7195,2.8695,3.0195,3.1695,3.3195,0,0,0,0,0,0
16028,Grossbottwar,48.999443,9.292222,,south,south,south,south,south,south,67.6,67.6,67.6,67.6,67.6,67.6,,,,,,,51.1,51.1,51.1,51.1,51.1,51.1,4.71,5.21,5.71,6.21,6.71,7.21,,,,,,,,,,,,,3.194,3.344,3.494,3.644,3.794,3.944,0,0,0,0,0,0
16029,Grosssachsenheim,48.959446,9.0633335,,south,south,south,south,south,south,61.3,61.3,61.3,61.3,61.3,61.3,,,,,,,42.2,42.2,42.2,42.2,42.2,42.2,8.0,8.0,8.0,8.0,8.0,8.0,,,,,,,,,,,,,4.1059,4.1059,4.1059,4.1059,4.1059,4.1059,0,0,0,0,0,0
16030,Gueglingen,49.066666,8.998333,,middle,middle,middle,middle,middle,middle,48.6,48.6,48.6,48.6,48.6,48.6,,,,,,,77.8,77.8,77.8,77.8,77.8,77.8,4.73,5.23,5.73,6.23,6.73,7.23,,,,,,,,,,,,,3.1656,3.3156,3.4656,3.6156,3.7656,3.9156,0,0,0,0,0,0
16031,Gundelsheim,49.28389,9.1605558,,middle,middle,middle,middle,middle,middle,40.7,40.7,40.7,40.7,40.7,40.7,,,,,,,73.8,73.8,73.8,73.8,73.8,73.8,4.84,5.34,5.84,6.34,6.84,7.34,,,,,,,,,,,,,3.1778,3.3278,3.4778,3.6278,3.7778,3.9278,0,0,0,0,0,0
16032,Heidenheim,48.677502,10.154445,,south,south,south,south,south,south,137.7,137.7,137.7,137.7,137.7,137.7,,,,,,,243.6,243.6,243.6,243.6,243.6,243.6,8.0,8.0,8.0,8.0,8.0,8.0,,,,,,,,,,,,,4.7998,4.7998,4.7998,4.7998,4.7998,4.7998,0,0,0,0,0,0
16033,Heilbronn,49.140278,9.2177782,,middle,middle,middle,middle,middle,middle,52.9,52.9,52.9,52.9,52.9,52.9,157.0,157.0,157.0,157.0,157.0,157.0,62.7,62.7,62.7,62.7,62.7,62.7,4.28,4.78,5.28,5.78,6.28,6.78,4500.0,5000.0,5500.0,6000.0,6000.0,6000.0,1.125,1.111,1.1,1.091,1.0,1.0,2.9456,3.0956,3.2456,3.3956,3.5456,3.6956,2,2,2,2,1,1
16034,Heimsheim,48.805557,8.8636112,,south,south,south,south,south,south,72.1,72.1,72.1,72.1,72.1,72.1,,,,,,,119.4,119.4,119.4,119.4,119.4,119.4,2.85,3.35,3.85,4.35,4.85,5.35,,,,,,,,,,,,,2.9712,3.1212,3.2712,3.4212,3.5712,3.7212,0,0,0,0,0,0
16035,Herrenberg,48.595554,8.8672218,,south,south,south,south,south,south,94.0,94.0,94.0,94.0,94.0,94.0,,,,,,,169.2,169.2,169.2,169.2,169.2,169.2,4.77,5.27,5.77,6.27,6.77,7.27,,,,,,,,,,,,,3.6859,3.8359,3.9859,4.1359,4.2859,4.4359,0,0,0,0,0,0
16036,Heubach,48.788612,9.9344444,,south,south,south,south,south,south,118.1,118.1,118.1,118.1,118.1,118.1,,,,,,,235.4,235.4,235.4,235.4,235.4,235.4,0.0,0.09,0.59,1.09,1.59,2.09,,,,,,,,,,,,,2.3863,2.4133,2.5633,2.7133,2.8633,3.0133,0,0,0,0,0,0
16037,Ilshofen,49.169724,9.9208336,,middle,middle,middle,middle,middle,middle,82.6,82.6,82.6,82.6,82.6,82.6,,,,,,,80.6,80.6,80.6,80.6,80.6,80.6,0.34,0.84,1.34,1.84,2.34,2.84,,,,,,,,,,,,,1.8629,2.0129,2.1629,2.3129,2.4629,2.6129,0,0,0,0,0,0
16038,Ingelfingen,49.300835,9.6505556,,middle,middle,middle,middle,middle,middle,59.3,59.3,59.3,59.3,59.3,59.3,,,,,,,34.2,34.2,34.2,34.2,34.2,34.2,1.7,2.2,2.7,3.2,3.7,4.2,,,,,,,,,,,,,1.9347,2.0847,2.2347,2.3847,2.5347,2.6847,0,0,0,0,0,0
16039,Kirchberg/Jagst,49.202221,9.9811115,,middle,middle,middle,middle,middle,middle,82.7,82.7,82.7,82.7,82.7,82.7,,,,,,,127.8,127.8,127.8,127.8,127.8,127.8,0.13,0.63,1.13,1.63,2.13,2.63,,,,,,,,,,,,,1.9823,2.1323,2.2823,2.4323,2.5823,2.7323,0,0,0,0,0,0
16040,Kirchheim unter Teck,48.645832,9.4536114,,south,south,south,south,south,south,105.9,105.9,105.9,105.9,105.9,105.9,,,,,,,64.9,64.9,64.9,64.9,64.9,64.9,2.9,3.4,3.9,4.4,4.9,5.4,,,,,,,,,,,,,2.7451,2.8951,3.0451,3.1951,3.3451,3.4951,0,0,0,0,0,0
16041,Kleingartach,49.100277,8.9736109,,middle,middle,middle,middle,middle,middle,44.5,44.5,44.5,44.5,44.5,44.5,,,,,,,61.3,61.3,61.3,61.3,61.3,61.3,4.62,5.12,5.62,6.12,6.62,7.12,,,,,,,,,,,,,3.0387,3.1887,3.3387,3.4887,3.6387,3.7887,0,0,0,0,0,0
16042,Knittlingen,49.024445,8.7605553,,middle,middle,middle,middle,middle,middle,46.9,46.9,46.9,46.9,46.9,46.9,,,,,,,54.5,54.5,54.5,54.5,54.5,54.5,4.08,4.58,5.08,5.58,6.08,6.58,,,,,,,,,,,,,2.8302,2.9802,3.1302,3.2802,3.4302,3.5802,0,0,0,0,0,0
16043,Korntal,48.825832,9.1236115,,south,south,south,south,south,south,76.5,76.5,76.5,76.5,76.5,76.5,,,,,,,33.8,33.8,33.8,33.8,33.8,33.8,0.0,0.03,0.53,1.03,1.53,2.03,,,,,,,,,,,,,1.6201,1.6291,1.7791,1.9291,2.0791,2.2291,0,0,0,0,0,0
16044,Kornwestheim,48.865276,9.185833,,south,south,south,south,south,south,74.8,74.8,74.8,74.8,74.8,74.8,,,,,,,20.2,20.2,20.2,20.2,20.2,20.2,1.7,2.2,2.7,3.2,3.7,4.2,,,,,,,,,,,,,1.9322,2.0822,2.2322,2.3822,2.5322,2.6822,0,0,0,0,0,0
16045,Kuenzelsau,49.279167,9.6916666,,middle,middle,middle,middle,middle,middle,63.0,63.0,63.0,63.0,63.0,63.0,,,,,,,122.4,122.4,122.4,122.4,122.4,122.4,1.52,2.02,2.52,3.02,3.52,4.02,,,,,,,,,,,,,2.3821,2.5321,2.6821,2.8321,2.9821,3.1321,0,0,0,0,0,0
16046,Langenau,48.499443,10.120833,,south,south,south,south,south,south,149.8,149.8,149.8,149.8,149.8,149.8,,,,,,,229.2,229.2,229.2,229.2,229.2,229.2,2.47,2.97,3.47,3.97,4.47,4.97,,,,,,,,,,,,,3.1166,3.2666,3.4166,3.5666,3.7166,3.8666,0,0,0,0,0,0
16047,Langenburg,49.253613,9.8497219,,middle,middle,middle,middle,middle,middle,72.1,72.1,72.1,72.1,72.1,72.1,,,,,,,126.0,126.0,126.0,126.0,126.0,126.0,0.5,1.0,1.5,2.0,2.5,3.0,,,,,,,,,,,,,2.0878,2.2378,2.3878,2.5378,2.6878,2.8378,0,0,0,0,0,0
16048,Lauchheim,48.871666,10.245,,south,south,south,south,south,south,123.3,123.3,123.3,123.3,123.3,123.3,,,,,,,175.3,175.3,175.3,175.3,175.3,175.3,0.02,0.52,1.02,1.52,2.02,2.52,,,,,,,,,,,,,2.2748,2.4248,2.5748,2.7248,2.8748,3.0248,0,0,0,0,0,0
16049,Lauffen/Neckar,49.076111,9.1502781,,middle,middle,middle,middle,middle,middle,54.3,54.3,54.3,54.3,54.3,54.3,,,,,,,72.7,72.7,72.7,72.7,72.7,72.7,5.09,5.59,6.09,6.59,7.09,7.59,,,,,,,,,,,,,3.247,3.397,3.547,3.697,3.847,3.997,0,0,0,0,0,0
16050,Leonberg,48.800278,9.0166664,,south,south,south,south,south,south,76.0,76.0,76.0,76.0,76.0,76.0,,,,,,,86.2,86.2,86.2,86.2,86.2,86.2,0.01,0.51,1.01,1.51,2.01,2.51,,,,,,,,,,,,,1.9905,2.1405,2.2905,2.4405,2.5905,2.7405,0,0,0,0,0,0
16051,Loewenstein (Nordwuerttemberg),49.095833,9.3811111,,middle,middle,middle,middle,middle,middle,65.3,65.3,65.3,65.3,65.3,65.3,,,,,,,147.6,147.6,147.6,147.6,147.6,147.6,1.27,1.77,2.27,2.77,3.27,3.77,,,,,,,,,,,,,2.3814,2.5314,2.6814,2.8314,2.9814,3.1314,0,0,0,0,0,0
16052,Lorch (Wuerttemberg),48.796944,9.689167,,south,south,south,south,south,south,104.0,104.0,104.0,104.0,104.0,104.0,,,,,,,96.3,96.3,96.3,96.3,96.3,96.3,1.48,1.98,2.48,2.98,3.48,3.98,,,,,,,,,,,,,2.4749,2.6249,2.7749,2.9249,3.0749,3.2249,0,0,0,0,0,0
16053,Ludwigsburg,48.889168,9.1941671,,south,south,south,south,south,south,72.9,72.9,72.9,72.9,72.9,72.9,295.0,295.0,295.0,295.0,295.0,295.0,38.1,38.1,38.1,38.1,38.1,38.1,7.5,8.0,8.0,8.0,8.0,8.0,0.0,0.0,0.0,0.0,0.0,0.0,,,,,,,3.9164,4.0664,4.0664,4.0664,4.0664,4.0664,0,0,0,0,0,0
16054,Marbach/Neckar,48.939999,9.2569447,,south,south,south,south,south,south,70.9,70.9,70.9,70.9,70.9,70.9,,,,,,,57.7,57.7,57.7,57.7,57.7,57.7,2.78,3.28,3.78,4.28,4.78,5.28,,,,,,,,,,,,,2.6629,2.8129,2.9629,3.1129,3.2629,3.4129,0,0,0,0,0,0
16055,Markgroeningen,48.904999,9.0808334,,south,south,south,south,south,south,67.2,67.2,67.2,67.2,67.2,67.2,,,,,,,38.1,38.1,38.1,38.1,38.1,38.1,4.71,5.21,5.71,6.21,6.71,7.21,,,,,,,,,,,,,3.0793,3.2293,3.3793,3.5293,3.6793,3.8293,0,0,0,0,0,0
16056,Maulbronn,49.000278,8.8144445,,middle,middle,middle,middle,middle,middle,50.4,50.4,50.4,50.4,50.4,50.4,,,,,,,84.6,84.6,84.6,84.6,84.6,84.6,1.03,1.53,2.03,2.53,3.03,3.53,,,,,,,,,,,,,2.089,2.239,2.389,2.539,2.689,2.839,0,0,0,0,0,0
16057,Bad Mergentheim,49.490833,9.773056,,middle,middle,middle,middle,middle,middle,50.0,50.0,50.0,50.0,50.0,50.0,,,,,,,141.5,141.5,141.5,141.5,141.5,141.5,1.92,2.42,2.92,3.42,3.92,4.42,,,,,,,,,,,,,2.5599,2.7099,2.8599,3.0099,3.1599,3.3099,0,0,0,0,0,0
16058,Moeckmuehl,49.323055,9.3597221,,middle,middle,middle,middle,middle,middle,48.7,48.7,48.7,48.7,48.7,48.7,,,,,,,65.9,65.9,65.9,65.9,65.9,65.9,5.0,5.5,6.0,6.5,7.0,7.5,,,,,,,,,,,,,3.1812,3.3312,3.4812,3.6312,3.7812,3.9312,0,0,0,0,0,0
16059,Muehlacker,48.945557,8.8416662,,south,south,south,south,south,south,56.8,56.8,56.8,56.8,56.8,56.8,,,,,,,139.3,139.3,139.3,139.3,139.3,139.3,4.71,5.21,5.71,6.21,6.71,7.21,,,,,,,,,,,,,3.5906,3.7406,3.8906,4.0406,4.1906,4.3406,0,0,0,0,0,0
16060,Murrhardt,48.980835,9.5794449,,south,south,south,south,south,south,84.5,84.5,84.5,84.5,84.5,84.5,,,,,,,223.4,223.4,223.4,223.4,223.4,223.4,8.0,8.0,8.0,8.0,8.0,8.0,,,,,,,,,,,,,4.7653,4.7653,4.7653,4.7653,4.7653,4.7653,0,0,0,0,0,0
16061,Neckarsulm,49.189999,9.2238894,,middle,middle,middle,middle,middle,middle,49.9,49.9,49.9,49.9,49.9,49.9,,,,,,,26.2,26.2,26.2,26.2,26.2,26.2,4.79,5.29,5.79,6.29,6.79,7.29,,,,,,,,,,,,,2.7587,2.9087,3.0587,3.2087,3.3587,3.5087,0,0,0,0,0,0
16062,Neresheim,48.752499,10.336667,,south,south,south,south,south,south,137.9,137.9,137.9,137.9,137.9,137.9,,,,,,,207.5,207.5,207.5,207.5,207.5,207.5,1.55,2.05,2.55,3.05,3.55,4.05,,,,,,,,,,,,,2.8009,2.9509,3.1009,3.2509,3.4009,3.5509,0,0,0,0,0,0
16063,Neuenstadt/Kocher,49.236946,9.3308334,,middle,middle,middle,middle,middle,middle,54.1,54.1,54.1,54.1,54.1,54.1,,,,,,,89.8,89.8,89.8,89.8,89.8,89.8,4.54,5.04,5.54,6.04,6.54,7.04,,,,,,,,,,,,,3.1656,3.3156,3.4656,3.6156,3.7656,3.9156,0,0,0,0,0,0
16064,Neuenstein,49.205276,9.5825005,,middle,middle,middle,middle,middle,middle,66.4,66.4,66.4,66.4,66.4,66.4,,,,,,,71.4,71.4,71.4,71.4,71.4,71.4,0.2,0.7,1.2,1.7,2.2,2.7,,,,,,,,,,,,,1.7731,1.9231,2.0731,2.2231,2.3731,2.5231,0,0,0,0,0,0
16065,Neuffen,48.555557,9.3741665,,south,south,south,south,south,south,111.7,111.7,111.7,111.7,111.7,111.7,,,,,,,51.7,51.7,51.7,51.7,51.7,51.7,8.0,8.0,8.0,8.0,8.0,8.0,,,,,,,,,,,,,4.1857,4.1857,4.1857,4.1857,4.1857,4.1857,0,0,0,0,0,0
16066,Niedernhall,49.295555,9.6141663,,middle,middle,middle,middle,middle,middle,58.5,58.5,58.5,58.5,58.5,58.5,,,,,,,36.3,36.3,36.3,36.3,36.3,36.3,2.13,2.63,3.13,3.63,4.13,4.63,,,,,,,,,,,,,2.0868,2.2368,2.3868,2.5368,2.6868,2.8368,0,0,0,0,0,0
16067,Niederstetten,49.401669,9.917222,,middle,middle,middle,middle,middle,middle,64.3,64.3,64.3,64.3,64.3,64.3,,,,,,,97.2,97.2,97.2,97.2,97.2,97.2,0.0,0.1,0.6,1.1,1.6,2.1,,,,,,,,,,,,,1.8348,1.8648,2.0148,2.1648,2.3148,2.4648,0,0,0,0,0,0
16068,Niederstotzingen,48.536388,10.236667,,south,south,south,south,south,south,153.2,153.2,153.2,153.2,153.2,153.2,,,,,,,85.1,85.1,85.1,85.1,85.1,85.1,1.07,1.57,2.07,2.57,3.07,3.57,,,,,,,,,,,,,2.3032,2.4532,2.6032,2.7532,2.9032,3.0532,0,0,0,0,0,0
16069,Nuertingen,48.625832,9.3427782,,south,south,south,south,south,south,103.7,103.7,103.7,103.7,103.7,103.7,,,,,,,68.9,68.9,68.9,68.9,68.9,68.9,5.5,6.0,6.5,7.0,7.5,8.0,,,,,,,,,,,,,3.549,3.699,3.849,3.999,4.149,4.299,0,0,0,0,0,0
16070,Oberriexingen,48.926945,9.0294447,,south,south,south,south,south,south,63.4,63.4,63.4,63.4,63.4,63.4,,,,,,,101.0,101.0,101.0,101.0,101.0,101.0,8.0,8.0,8.0,8.0,8.0,8.0,,,,,,,,,,,,,4.4501,4.4501,4.4501,4.4501,4.4501,4.4501,0,0,0,0,0,0
16071,Oehringen,49.201389,9.5055552,,middle,middle,middle,middle,middle,middle,64.7,64.7,64.7,64.7,64.7,64.7,,,,,,,126.1,126.1,126.1,126.1,126.1,126.1,8.0,8.0,8.0,8.0,8.0,8.0,,,,,,,,,,,,,4.338,4.338,4.338,4.338,4.338,4.338,0,0,0,0,0,0
16072,Owen,48.586666,9.4513893,,south,south,south,south,south,south,111.4,111.4,111.4,111.4,111.4,111.4,,,,,,,74.8,74.8,74.8,74.8,74.8,74.8,1.5,2.0,2.5,3.0,3.5,4.0,,,,,,,,,,,,,2.3814,2.5314,2.6814,2.8314,2.9814,3.1314,0,0,0,0,0,0
16073,Plochingen,48.713055,9.4169445,,south,south,south,south,south,south,98.2,98.2,98.2,98.2,98.2,98.2,,,,,,,105.1,105.1,105.1,105.1,105.1,105.1,8.0,8.0,8.0,8.0,8.0,8.0,,,,,,,,,,,,,4.4656,4.4656,4.4656,4.4656,4.4656,4.4656,0,0,0,0,0,0
16074,Schorndorf,48.805279,9.5249996,,south,south,south,south,south,south,95.0,95.0,95.0,95.0,95.0,95.0,256.0,256.0,256.0,256.0,256.0,256.0,168.4,168.4,168.4,168.4,168.4,168.4,8.0,8.0,8.0,8.0,8.0,8.0,1000.0,1000.0,1000.0,1000.0,2000.0,3000.0,1.0,1.0,1.0,1.0,2.0,1.5,4.6528,4.6528,4.6528,4.6528,4.6528,4.6528,0,0,0,0,0,2
16075,Schwaebisch Gmuend,48.801945,9.7961111,,south,south,south,south,south,south,109.4,109.4,109.4,109.4,109.4,109.4,321.0,321.0,321.0,321.0,321.0,321.0,169.0,169.0,169.0,169.0,169.0,169.0,5.5,6.0,6.5,7.0,7.5,8.0,1500.0,2000.0,1500.0,1000.0,1000.0,1000.0,1.5,1.333,0.75,0.667,1.0,1.0,3.9044,4.0544,4.2044,4.3544,4.5044,4.6544,0,0,0,0,0,0
16076,Schwaebisch Hall,49.111389,9.7397223,,middle,middle,middle,middle,middle,middle,80.8,80.8,80.8,80.8,80.8,80.8,304.0,304.0,304.0,304.0,304.0,304.0,160.2,160.2,160.2,160.2,160.2,160.2,2.13,2.63,3.13,3.63,4.13,4.63,1500.0,2000.0,4000.0,6000.0,6000.0,6000.0,1.5,1.333,2.0,1.5,1.0,1.0,2.6721,2.8221,2.9721,3.1221,3.2721,3.4221,0,0,2,2,1,1
16077,Schwaigern,49.141666,9.0569448,,middle,middle,middle,middle,middle,middle,44.3,44.3,44.3,44.3,44.3,44.3,,,,,,,109.3,109.3,109.3,109.3,109.3,109.3,4.85,5.35,5.85,6.35,6.85,7.35,,,,,,,,,,,,,3.3364,3.4864,3.6364,3.7864,3.9364,4.0864,0,0,0,0,0,0
16078,Sindelfingen,48.709721,9.0019445,,south,south,south,south,south,south,85.2,85.2,85.2,85.2,85.2,85.2,,,,,,,62.9,62.9,62.9,62.9,62.9,62.9,2.0,2.5,3.0,3.5,4.0,4.5,,,,,,,,,,,,,2.4631,2.6131,2.7631,2.9131,3.0631,3.2131,0,0,0,0,0,0
16079,Sindringen,49.280277,9.4766665,,middle,middle,middle,middle,middle,middle,55.7,55.7,55.7,55.7,55.7,55.7,,,,,,,70.5,70.5,70.5,70.5,70.5,70.5,2.13,2.63,3.13,3.63,4.13,4.63,,,,,,,,,,,,,2.3468,2.4968,2.6468,2.7968,2.9468,3.0968,0,0,0,0,0,0
16080,Steinheim/Murr,48.965557,9.2780552,,south,south,south,south,south,south,69.7,69.7,69.7,69.7,69.7,69.7,,,,,,,41.8,41.8,41.8,41.8,41.8,41.8,7.5,8.0,8.0,8.0,8.0,8.0,,,,,,,,,,,,,3.9525,4.1025,4.1025,4.1025,4.1025,4.1025,0,0,0,0,0,0
16081,Stuttgart,48.775555,9.1774998,,south,south,south,south,south,south,83.3,83.3,83.3,83.3,83.3,83.3,253.0,253.0,253.0,253.0,253.0,253.0,54.3,54.3,54.3,54.3,54.3,54.3,6.5,7.0,7.5,8.0,8.0,8.0,4500.0,5000.0,4500.0,4000.0,5000.0,6000.0,1.125,1.111,0.9,0.889,1.25,1.2,3.7551,3.9051,4.0551,4.2051,4.2051,4.2051,2,2,1,1,2,2
16082,Stuttgart-Bad Cannstatt,48.805,9.2147226,,south,south,south,south,south,south,81.7,81.7,81.7,81.7,81.7,81.7,,,,,,,35.4,35.4,35.4,35.4,35.4,35.4,5.42,5.92,6.42,6.92,7.42,7.92,,,,,,,,,,,,,3.2633,3.4133,3.5633,3.7133,3.8633,4.0133,0,0,0,0,0,0
16083,Stuttgart-Feuerbach,48.808613,9.1569443,,south,south,south,south,south,south,79.3,79.3,79.3,79.3,79.3,79.3,,,,,,,15.0,15.0,15.0,15.0,15.0,15.0,6.5,7.0,7.5,8.0,8.0,8.0,,,,,,,,,,,,,3.2595,3.4095,3.5595,3.7095,3.7095,3.7095,0,0,0,0,0,0
16084,Stuttgart-Zuffenhausen,48.829723,9.1744442,,south,south,south,south,south,south,77.9,77.9,77.9,77.9,77.9,77.9,,,,,,,14.1,14.1,14.1,14.1,14.1,14.1,1.0,1.5,2.0,2.5,3.0,3.5,,,,,,,,,,,,,1.587,1.737,1.887,2.037,2.187,2.337,0,0,0,0,0,0
16085,Ulm,48.398335,9.9902782,,south,south,south,south,south,south,151.6,151.6,151.6,151.6,151.6,151.6,585.0,585.0,585.0,585.0,585.0,585.0,191.2,191.2,191.2,191.2,191.2,191.2,8.0,8.0,8.0,8.0,8.0,8.0,4500.0,7000.0,8000.0,9000.0,12500.0,16000.0,2.25,1.556,1.143,1.125,1.389,1.28,4.58,4.58,4.58,4.58,4.58,4.58,2,2,2,2,3,3
16086,Vaihingen,48.729721,9.1097221,,south,south,south,south,south,south,85.8,85.8,85.8,85.8,85.8,85.8,,,,,,,68.9,68.9,68.9,68.9,68.9,68.9,4.71,5.21,5.71,6.21,6.71,7.21,,,,,,,,,,,,,3.312,3.462,3.612,3.762,3.912,4.062,0,0,0,0,0,0
16087,Vellberg,49.086388,9.8805552,,middle,middle,middle,middle,middle,middle,88.4,88.4,88.4,88.4,88.4,88.4,,,,,,,218.7,218.7,218.7,218.7,218.7,218.7,1.48,1.98,2.48,2.98,3.48,3.98,,,,,,,,,,,,,2.6009,2.7509,2.9009,3.0509,3.2009,3.3509,0,0,0,0,0,0
16088,Waiblingen,48.832222,9.3158331,,south,south,south,south,south,south,83.1,83.1,83.1,83.1,83.1,83.1,,,,,,,68.6,68.6,68.6,68.6,68.6,68.6,8.0,8.0,8.0,8.0,8.0,8.0,,,,,,,,,,,,,4.2972,4.2972,4.2972,4.2972,4.2972,4.2972,0,0,0,0,0,0
16089,Waldenbuch,48.636665,9.1313887,,south,south,south,south,south,south,96.0,96.0,96.0,96.0,96.0,96.0,,,,,,,127.2,127.2,127.2,127.2,127.2,127.2,0.0,0.04,0.54,1.04,1.54,2.04,,,,,,,,,,,,,2.1414,2.1534,2.3034,2.4534,2.6034,2.7534,0,0,0,0,0,0
16090,Waldenburg,49.18639,9.6422224,,middle,middle,middle,middle,middle,middle,70.1,70.1,70.1,70.1,70.1,70.1,,,,,,,107.6,107.6,107.6,107.6,107.6,107.6,0.5,1.0,1.5,2.0,2.5,3.0,,,,,,,,,,,,,2.025,2.175,2.325,2.475,2.625,2.775,0,0,0,0,0,0
16091,Wasseralfingen,48.865833,10.104167,,south,south,south,south,south,south,117.9,117.9,117.9,117.9,117.9,117.9,,,,,,,108.8,108.8,108.8,108.8,108.8,108.8,0.62,1.12,1.62,2.12,2.62,3.12,,,,,,,,,,,,,2.2653,2.4153,2.5653,2.7153,2.8653,3.0153,0,0,0,0,0,0
16092,Weikersheim,49.482777,9.9022226,,middle,middle,middle,middle,middle,middle,58.3,58.3,58.3,58.3,58.3,58.3,,,,,,,110.9,110.9,110.9,110.9,110.9,110.9,4.5,5.0,5.5,6.0,6.5,7.0,,,,,,,,,,,,,3.2369,3.3869,3.5369,3.6869,3.8369,3.9869,0,0,0,0,0,0
16093,Weil der Stadt,48.751945,8.8699999,,south,south,south,south,south,south,77.8,77.8,77.8,77.8,77.8,77.8,,,,,,,107.2,107.2,107.2,107.2,107.2,107.2,1.75,2.25,2.75,3.25,3.75,4.25,,,,,,,,,,,,,2.5988,2.7488,2.8988,3.0488,3.1988,3.3488,0,0,0,0,0,0
16094,Weilheim/Teck,48.615555,9.5372219,,south,south,south,south,south,south,112.2,112.2,112.2,112.2,112.2,112.2,,,,,,,113.4,113.4,113.4,113.4,113.4,113.4,8.0,8.0,8.0,8.0,8.0,8.0,,,,,,,,,,,,,4.4958,4.4958,4.4958,4.4958,4.4958,4.4958,0,0,0,0,0,0
16095,Weinsberg,49.151669,9.2883329,,middle,middle,middle,middle,middle,middle,56.2,56.2,56.2,56.2,56.2,56.2,,,,,,,67.6,67.6,67.6,67.6,67.6,67.6,2.5,3.0,3.5,4.0,4.5,5.0,,,,,,,,,,,,,2.4416,2.5916,2.7416,2.8916,3.0416,3.1916,0,0,0,0,0,0
16096,Weissenstein,48.705833,9.8858337,,south,south,south,south,south,south,121.4,121.4,121.4,121.4,121.4,121.4,,,,,,,177.3,177.3,177.3,177.3,177.3,177.3,0.09,0.59,1.09,1.59,2.09,2.59,,,,,,,,,,,,,2.3004,2.4504,2.6004,2.7504,2.9004,3.0504,0,0,0,0,0,0
16097,Welzheim,48.874168,9.6344442,,south,south,south,south,south,south,95.2,95.2,95.2,95.2,95.2,95.2,,,,,,,134.9,134.9,134.9,134.9,134.9,134.9,0.69,1.19,1.69,2.19,2.69,3.19,,,,,,,,,,,,,2.3719,2.5219,2.6719,2.8219,2.9719,3.1219,0,0,0,0,0,0
16098,Widdern,49.31778,9.4213886,,middle,middle,middle,middle,middle,middle,50.5,50.5,50.5,50.5,50.5,50.5,,,,,,,61.1,61.1,61.1,61.1,61.1,61.1,4.75,5.25,5.75,6.25,6.75,7.25,,,,,,,,,,,,,3.0766,3.2266,3.3766,3.5266,3.6766,3.8266,0,0,0,0,0,0
16099,Wiesensteig,48.561943,9.625,,south,south,south,south,south,south,120.8,120.8,120.8,120.8,120.8,120.8,,,,,,,137.6,137.6,137.6,137.6,137.6,137.6,3.89,4.39,4.89,5.39,5.89,6.39,,,,,,,,,,,,,3.3395,3.4895,3.6395,3.7895,3.9395,4.0895,0,0,0,0,0,0
16100,Bad Wimpfen,49.228054,9.1630554,,middle,middle,middle,middle,middle,middle,43.9,43.9,43.9,43.9,43.9,43.9,,,,,,,72.5,72.5,72.5,72.5,72.5,72.5,4.21,4.71,5.21,5.71,6.21,6.71,,,,,,,,,,,,,2.9816,3.1316,3.2816,3.4316,3.5816,3.7316,0,0,0,0,0,0
16101,Winnenden,48.876945,9.3961115,,south,south,south,south,south,south,82.8,82.8,82.8,82.8,82.8,82.8,,,,,,,101.8,101.8,101.8,101.8,101.8,101.8,2.87,3.37,3.87,4.37,4.87,5.37,,,,,,,,,,,,,2.9141,3.0641,3.2141,3.3641,3.5141,3.6641,0,0,0,0,0,0
17001,Alpirsbach,48.345001,8.4027777,,south,south,south,south,south,south,117.0,117.0,117.0,117.0,117.0,117.0,,,,,,,112.0,112.0,112.0,112.0,112.0,112.0,1.51,2.01,2.51,3.01,3.51,4.01,,,,,,,,,,,,,2.5438,2.6938,2.8438,2.9938,3.1438,3.2938,0,0,0,0,0,0
17002,Altensteig-Stadt,48.584167,8.601944,,south,south,south,south,south,south,91.0,91.0,91.0,91.0,91.0,91.0,,,,,,,108.6,108.6,108.6,108.6,108.6,108.6,1.65,2.15,2.65,3.15,3.65,4.15,,,,,,,,,,,,,2.5739,2.7239,2.8739,3.0239,3.1739,3.3239,0,0,0,0,0,0
17003,Aulendorf,47.951111,9.6383333,,south,south,south,south,south,south,180.8,180.8,180.8,180.8,180.8,180.8,,,,,,,125.7,125.7,125.7,125.7,125.7,125.7,3.15,3.65,4.15,4.65,5.15,5.65,,,,,,,,,,,,,3.0816,3.2316,3.3816,3.5316,3.6816,3.8316,0,0,0,0,0,0
17004,Balingen,48.275833,8.8511114,,south,south,south,south,south,south,127.9,127.9,127.9,127.9,127.9,127.9,,,,,,,143.7,143.7,143.7,143.7,143.7,143.7,3.87,4.37,4.87,5.37,5.87,6.37,,,,,,,,,,,,,3.3508,3.5008,3.6508,3.8008,3.9508,4.1008,0,0,0,0,0,0
17005,Berneck,48.602779,8.6166668,,south,south,south,south,south,south,89.0,89.0,89.0,89.0,89.0,89.0,,,,,,,66.5,66.5,66.5,66.5,66.5,66.5,1.0,1.5,2.0,2.5,3.0,3.5,,,,,,,,,,,,,2.1847,2.3347,2.4847,2.6347,2.7847,2.9347,0,0,0,0,0,0
17006,Biberach,48.098057,9.7883329,,south,south,south,south,south,south,171.0,171.0,171.0,171.0,171.0,171.0,238.0,238.0,238.0,238.0,238.0,238.0,221.5,221.5,221.5,221.5,221.5,221.5,8.0,8.0,8.0,8.0,8.0,8.0,2000.0,2000.0,1500.0,1000.0,2000.0,3000.0,1.0,1.0,0.75,0.667,2.0,1.5,4.762,4.762,4.762,4.762,4.762,4.762,0,0,0,0,0,2
17007,Binsdorf,48.304443,8.7602777,,south,south,south,south,south,south,123.5,123.5,123.5,123.5,123.5,123.5,,,,,,,51.8,51.8,51.8,51.8,51.8,51.8,4.07,4.57,5.07,5.57,6.07,6.57,,,,,,,,,,,,,3.0077,3.1577,3.3077,3.4577,3.6077,3.7577,0,0,0,0,0,0
17008,Buchau,48.063889,9.6116667,,south,south,south,south,south,south,168.5,168.5,168.5,168.5,168.5,168.5,,,,,,,141.0,141.0,141.0,141.0,141.0,141.0,4.8,5.3,5.8,6.3,6.8,7.3,,,,,,,,,,,,,3.6223,3.7723,3.9223,4.0723,4.2223,4.3723,0,0,0,0,0,0
17009,Calw,48.713333,8.7411108,,south,south,south,south,south,south,78.8,78.8,78.8,78.8,78.8,78.8,,,,,,,58.7,58.7,58.7,58.7,58.7,58.7,1.75,2.25,2.75,3.25,3.75,4.25,,,,,,,,,,,,,2.3606,2.5106,2.6606,2.8106,2.9606,3.1106,0,0,0,0,0,0
17010,Dornhan,48.350834,8.5102777,,south,south,south,south,south,south,116.3,116.3,116.3,116.3,116.3,116.3,,,,,,,105.8,105.8,105.8,105.8,105.8,105.8,4.73,5.23,5.73,6.23,6.73,7.23,,,,,,,,,,,,,3.4874,3.6374,3.7874,3.9374,4.0874,4.2374,0,0,0,0,0,0
17011,Dornstetten,48.470276,8.499444,,south,south,south,south,south,south,103.0,103.0,103.0,103.0,103.0,103.0,,,,,,,154.0,154.0,154.0,154.0,154.0,154.0,4.83,5.33,5.83,6.33,6.83,7.33,,,,,,,,,,,,,3.6665,3.8165,3.9665,4.1165,4.2665,4.4165,0,0,0,0,0,0
17012,Ebingen,48.212223,9.0216665,,south,south,south,south,south,south,138.1,138.1,138.1,138.1,138.1,138.1,,,,,,,194.9,194.9,194.9,194.9,194.9,194.9,4.57,5.07,5.57,6.07,6.57,7.07,,,,,,,,,,,,,3.682,3.832,3.982,4.132,4.282,4.432,0,0,0,0,0,0
17013,Ehingen/Donau,48.283611,9.7250004,,south,south,south,south,south,south,150.7,150.7,150.7,150.7,150.7,150.7,,,,,,,132.5,132.5,132.5,132.5,132.5,132.5,8.0,8.0,8.0,8.0,8.0,8.0,,,,,,,,,,,,,4.5577,4.5577,4.5577,4.5577,4.5577,4.5577,0,0,0,0,0,0
17014,Freudenstadt,48.463612,8.4111109,,south,south,south,south,south,south,103.8,103.8,103.8,103.8,103.8,103.8,,,,,,,271.8,271.8,271.8,271.8,271.8,271.8,0.0,0.0,0.0,0.0,0.0,0.0,,,,,,,,,,,,,2.4435,2.4435,2.4435,2.4435,2.4435,2.4435,0,0,0,0,0,0
17015,Fridingen/Donau,48.021667,8.9327774,,south,south,south,south,south,south,156.8,156.8,156.8,156.8,156.8,156.8,,,,,,,173.6,173.6,173.6,173.6,173.6,173.6,4.0,4.5,5.0,5.5,6.0,6.5,,,,,,,,,,,,,3.4651,3.6151,3.7651,3.9151,4.0651,4.2151,0,0,0,0,0,0
17016,Friedrichshafen,47.651943,9.4794445,,south,south,south,south,south,south,208.1,208.1,208.1,208.1,208.1,208.1,,,,,,,666.4,666.4,666.4,666.4,666.4,666.4,4.12,4.62,5.12,5.62,6.12,6.62,,,,,,,,,,,,,4.0374,4.1874,4.3374,4.4874,4.6374,4.7874,0,0,0,0,0,0
17017,Gammertingen,48.250278,9.2155552,,south,south,south,south,south,south,138.7,138.7,138.7,138.7,138.7,138.7,,,,,,,90.4,90.4,90.4,90.4,90.4,90.4,6.5,7.0,7.5,8.0,8.0,8.0,,,,,,,,,,,,,3.9562,4.1062,4.2562,4.4062,4.4062,4.4062,0,0,0,0,0,0
17018,Haigerloch,48.36639,8.8041668,,south,south,south,south,south,south,117.4,117.4,117.4,117.4,117.4,117.4,,,,,,,132.1,132.1,132.1,132.1,132.1,132.1,1.75,2.25,2.75,3.25,3.75,4.25,,,,,,,,,,,,,2.6815,2.8315,2.9815,3.1315,3.2815,3.4315,0,0,0,0,0,0
17019,Haiterbach,48.524166,8.6497221,,south,south,south,south,south,south,98.0,98.0,98.0,98.0,98.0,98.0,,,,,,,78.0,78.0,78.0,78.0,78.0,78.0,1.51,2.01,2.51,3.01,3.51,4.01,,,,,,,,,,,,,2.4009,2.5509,2.7009,2.8509,3.0009,3.1509,0,0,0,0,0,0
17020,Hayingen,48.274166,9.4752779,,south,south,south,south,south,south,143.0,143.0,143.0,143.0,143.0,143.0,,,,,,,219.9,219.9,219.9,219.9,219.9,219.9,4.65,5.15,5.65,6.15,6.65,7.15,,,,,,,,,,,,,3.7541,3.9041,4.0541,4.2041,4.3541,4.5041,0,0,0,0,0,0
17021,Hechingen,48.351387,8.9627781,,south,south,south,south,south,south,122.0,122.0,122.0,122.0,122.0,122.0,,,,,,,172.2,172.2,172.2,172.2,172.2,172.2,4.64,5.14,5.64,6.14,6.64,7.14,,,,,,,,,,,,,3.6538,3.8038,3.9538,4.1038,4.2538,4.4038,0,0,0,0,0,0
17022,Herrenalb,48.797501,8.438056,,south,south,south,south,south,south,66.6,66.6,66.6,66.6,66.6,66.6,,,,,,,157.6,157.6,157.6,157.6,157.6,157.6,1.02,1.52,2.02,2.52,3.02,3.52,,,,,,,,,,,,,2.5326,2.6826,2.8326,2.9826,3.1326,3.2826,0,0,0,0,0,0
17023,Hettingen,48.218887,9.2344446,,south,south,south,south,south,south,142.4,142.4,142.4,142.4,142.4,142.4,,,,,,,86.8,86.8,86.8,86.8,86.8,86.8,1.54,2.04,2.54,3.04,3.54,4.04,,,,,,,,,,,,,2.4521,2.6021,2.7521,2.9021,3.0521,3.2021,0,0,0,0,0,0
17024,Horb/Neckar,48.445,8.6913891,,south,south,south,south,south,south,107.2,107.2,107.2,107.2,107.2,107.2,,,,,,,107.2,107.2,107.2,107.2,107.2,107.2,2.5,3.0,3.5,4.0,4.5,5.0,,,,,,,,,,,,,2.8237,2.9737,3.1237,3.2737,3.4237,3.5737,0,0,0,0,0,0
17025,Isny,47.692223,10.039166,,south,south,south,south,south,south,219.6,219.6,219.6,219.6,219.6,219.6,,,,,,,323.5,323.5,323.5,323.5,323.5,323.5,8.0,8.0,8.0,8.0,8.0,8.0,,,,,,,,,,,,,4.913,4.913,4.913,4.913,4.913,4.913,0,0,0,0,0,0
17026,Laichingen,48.489445,9.6855555,,south,south,south,south,south,south,129.9,129.9,129.9,129.9,129.9,129.9,,,,,,,164.4,164.4,164.4,164.4,164.4,164.4,0.91,1.41,1.91,2.41,2.91,3.41,,,,,,,,,,,,,2.5164,2.6664,2.8164,2.9664,3.1164,3.2664,0,0,0,0,0,0
17027,Laupheim,48.23,9.8836107,,south,south,south,south,south,south,162.0,162.0,162.0,162.0,162.0,162.0,,,,,,,250.8,250.8,250.8,250.8,250.8,250.8,6.5,7.0,7.5,8.0,8.0,8.0,,,,,,,,,,,,,4.3614,4.5114,4.6614,4.8114,4.8114,4.8114,0,0,0,0,0,0
17028,Leutkirch,47.825001,10.024167,,south,south,south,south,south,south,206.0,206.0,206.0,206.0,206.0,206.0,,,,,,,292.3,292.3,292.3,292.3,292.3,292.3,6.5,7.0,7.5,8.0,8.0,8.0,,,,,,,,,,,,,4.4224,4.5724,4.7224,4.8724,4.8724,4.8724,0,0,0,0,0,0
17029,Bad Liebenzell,48.771111,8.7333336,,south,south,south,south,south,south,72.4,72.4,72.4,72.4,72.4,72.4,,,,,,,99.8,99.8,99.8,99.8,99.8,99.8,1.9,2.4,2.9,3.4,3.9,4.4,,,,,,,,,,,,,2.6151,2.7651,2.9151,3.0651,3.2151,3.3651,0,0,0,0,0,0
17030,Mengen,48.048611,9.3288889,,south,south,south,south,south,south,162.6,162.6,162.6,162.6,162.6,162.6,,,,,,,142.3,142.3,142.3,142.3,142.3,142.3,0.9,1.4,1.9,2.4,2.9,3.4,,,,,,,,,,,,,2.4561,2.6061,2.7561,2.9061,3.0561,3.2061,0,0,0,0,0,0
17031,Metzingen,48.538887,9.2844448,,south,south,south,south,south,south,110.4,110.4,110.4,110.4,110.4,110.4,,,,,,,78.5,78.5,78.5,78.5,78.5,78.5,1.71,2.21,2.71,3.21,3.71,4.21,,,,,,,,,,,,,2.4635,2.6135,2.7635,2.9135,3.0635,3.2135,0,0,0,0,0,0
17032,Muehlheim/Donau,48.029446,8.8866663,,south,south,south,south,south,south,155.3,155.3,155.3,155.3,155.3,155.3,,,,,,,116.7,116.7,116.7,116.7,116.7,116.7,4.5,5.0,5.5,6.0,6.5,7.0,,,,,,,,,,,,,3.4574,3.6074,3.7574,3.9074,4.0574,4.2074,0,0,0,0,0,0
17033,Muensingen,48.41111,9.4947224,,south,south,south,south,south,south,130.0,130.0,130.0,130.0,130.0,130.0,,,,,,,223.6,223.6,223.6,223.6,223.6,223.6,8.0,8.0,8.0,8.0,8.0,8.0,,,,,,,,,,,,,4.7657,4.7657,4.7657,4.7657,4.7657,4.7657,0,0,0,0,0,0
17034,Munderkingen,48.236668,9.6475,,south,south,south,south,south,south,152.4,152.4,152.4,152.4,152.4,152.4,,,,,,,198.0,198.0,198.0,198.0,198.0,198.0,4.58,5.08,5.58,6.08,6.58,7.08,,,,,,,,,,,,,3.6913,3.8413,3.9913,4.1413,4.2913,4.4413,0,0,0,0,0,0
17035,Nagold,48.550278,8.7241669,,south,south,south,south,south,south,96.1,96.1,96.1,96.1,96.1,96.1,,,,,,,101.3,101.3,101.3,101.3,101.3,101.3,4.64,5.14,5.64,6.14,6.64,7.14,,,,,,,,,,,,,3.4432,3.5932,3.7432,3.8932,4.0432,4.1932,0,0,0,0,0,0
17036,Neubulach,48.66111,8.6919441,,south,south,south,south,south,south,83.6,83.6,83.6,83.6,83.6,83.6,,,,,,,40.6,40.6,40.6,40.6,40.6,40.6,0.26,0.76,1.26,1.76,2.26,2.76,,,,,,,,,,,,,1.7695,1.9195,2.0695,2.2195,2.3695,2.5195,0,0,0,0,0,0
17037,Neuenbuerg,48.848057,8.5897226,,south,south,south,south,south,south,61.8,61.8,61.8,61.8,61.8,61.8,,,,,,,165.2,165.2,165.2,165.2,165.2,165.2,0.31,0.81,1.31,1.81,2.31,2.81,,,,,,,,,,,,,2.3382,2.4882,2.6382,2.7882,2.9382,3.0882,0,0,0,0,0,0
17038,Oberndorf,48.289722,8.5730553,,south,south,south,south,south,south,123.4,123.4,123.4,123.4,123.4,123.4,,,,,,,129.1,129.1,129.1,129.1,129.1,129.1,4.68,5.18,5.68,6.18,6.68,7.18,,,,,,,,,,,,,3.5514,3.7014,3.8514,4.0014,4.1514,4.3014,0,0,0,0,0,0
17039,Ochsenhausen,48.069443,9.9516668,,south,south,south,south,south,south,179.8,179.8,179.8,179.8,179.8,179.8,,,,,,,286.0,286.0,286.0,286.0,286.0,286.0,1.13,1.63,2.13,2.63,3.13,3.63,,,,,,,,,,,,,2.8028,2.9528,3.1028,3.2528,3.4028,3.5528,0,0,0,0,0,0
17040,Pfullingen,48.46611,9.2263889,,south,south,south,south,south,south,116.2,116.2,116.2,116.2,116.2,116.2,,,,,,,137.1,137.1,137.1,137.1,137.1,137.1,2.5,3.0,3.5,4.0,4.5,5.0,,,,,,,,,,,,,2.9212,3.0712,3.2212,3.3712,3.5212,3.6712,0,0,0,0,0,0
17041,Ravensburg,47.783611,9.6149998,,south,south,south,south,south,south,197.4,197.4,197.4,197.4,197.4,197.4,450.0,450.0,450.0,450.0,450.0,450.0,161.3,161.3,161.3,161.3,161.3,161.3,2.3,2.8,3.3,3.8,4.3,4.8,1000.0,1000.0,2000.0,3000.0,4000.0,5000.0,1.0,1.0,2.0,1.5,1.333,1.25,2.8924,3.0424,3.1924,3.3424,3.4924,3.6424,0,0,0,2,2,2
17042,Reutlingen,48.491943,9.2119446,,south,south,south,south,south,south,113.2,113.2,113.2,113.2,113.2,113.2,382.0,382.0,382.0,382.0,382.0,382.0,90.9,90.9,90.9,90.9,90.9,90.9,3.5,4.0,4.5,5.0,5.5,6.0,4000.0,5000.0,4000.0,3000.0,4000.0,5000.0,1.333,1.25,0.8,0.75,1.333,1.25,3.0582,3.2082,3.3582,3.5082,3.6582,3.8082,2,2,1,1,2,2
17043,Riedlingen,48.153057,9.4750004,,south,south,south,south,south,south,155.4,155.4,155.4,155.4,155.4,155.4,,,,,,,196.3,196.3,196.3,196.3,196.3,196.3,4.15,4.65,5.15,5.65,6.15,6.65,,,,,,,,,,,,,3.5589,3.7089,3.8589,4.0089,4.1589,4.3089,0,0,0,0,0,0
17044,Rosenfeld,48.285831,8.7227774,,south,south,south,south,south,south,125.0,125.0,125.0,125.0,125.0,125.0,,,,,,,75.2,75.2,75.2,75.2,75.2,75.2,2.5,3.0,3.5,4.0,4.5,5.0,,,,,,,,,,,,,2.6833,2.8333,2.9833,3.1333,3.2833,3.4333,0,0,0,0,0,0
17045,Rottenburg,48.479443,8.936389,,south,south,south,south,south,south,107.9,107.9,107.9,107.9,107.9,107.9,349.0,349.0,349.0,349.0,349.0,349.0,166.1,166.1,166.1,166.1,166.1,166.1,8.0,8.0,8.0,8.0,8.0,8.0,3000.0,3000.0,3500.0,4000.0,3500.0,3000.0,1.0,1.0,1.167,1.143,0.875,0.857,4.6476,4.6476,4.6476,4.6476,4.6476,4.6476,1,1,2,2,1,1
17046,Rottweil,48.167778,8.6272221,,south,south,south,south,south,south,137.2,137.2,137.2,137.2,137.2,137.2,,,,,,,139.0,139.0,139.0,139.0,139.0,139.0,8.0,8.0,8.0,8.0,8.0,8.0,,,,,,,,,,,,,4.5767,4.5767,4.5767,4.5767,4.5767,4.5767,0,0,0,0,0,0
17047,Saulgau,48.013611,9.4991665,,south,south,south,south,south,south,170.5,170.5,170.5,170.5,170.5,170.5,,,,,,,252.0,252.0,252.0,252.0,252.0,252.0,4.31,4.81,5.31,5.81,6.31,6.81,,,,,,,,,,,,,3.7064,3.8564,4.0064,4.1564,4.3064,4.4564,0,0,0,0,0,0
17048,Scheer,48.074444,9.2969446,,south,south,south,south,south,south,159.2,159.2,159.2,159.2,159.2,159.2,,,,,,,95.4,95.4,95.4,95.4,95.4,95.4,0.0,0.41,0.91,1.41,1.91,2.41,,,,,,,,,,,,,2.0275,2.1505,2.3005,2.4505,2.6005,2.7505,0,0,0,0,0,0
17049,Schelklingen,48.372501,9.7347221,,south,south,south,south,south,south,142.7,142.7,142.7,142.7,142.7,142.7,,,,,,,112.3,112.3,112.3,112.3,112.3,112.3,7.5,8.0,8.0,8.0,8.0,8.0,,,,,,,,,,,,,4.342,4.492,4.492,4.492,4.492,4.492,0,0,0,0,0,0
17050,Schoemberg,48.211666,8.7605553,,south,south,south,south,south,south,133.6,133.6,133.6,133.6,133.6,133.6,,,,,,,128.6,128.6,128.6,128.6,128.6,128.6,6.5,7.0,7.5,8.0,8.0,8.0,,,,,,,,,,,,,4.0959,4.2459,4.3959,4.5459,4.5459,4.5459,0,0,0,0,0,0
17051,Schramberg,48.225277,8.3861113,,south,south,south,south,south,south,130.3,130.3,130.3,130.3,130.3,130.3,,,,,,,145.6,145.6,145.6,145.6,145.6,145.6,1.5,2.0,2.5,3.0,3.5,4.0,,,,,,,,,,,,,2.645,2.795,2.945,3.095,3.245,3.395,0,0,0,0,0,0
17052,Schussenried,48.004723,9.6572218,,south,south,south,south,south,south,175.9,175.9,175.9,175.9,175.9,175.9,,,,,,,83.7,83.7,83.7,83.7,83.7,83.7,5.5,6.0,6.5,7.0,7.5,8.0,,,,,,,,,,,,,3.6256,3.7756,3.9256,4.0756,4.2256,4.3756,0,0,0,0,0,0
17053,Schwenningen/Neckar,48.063889,8.5375004,,south,south,south,south,south,south,148.3,148.3,148.3,148.3,148.3,148.3,,,,,,,113.1,113.1,113.1,113.1,113.1,113.1,7.5,8.0,8.0,8.0,8.0,8.0,,,,,,,,,,,,,4.3448,4.4948,4.4948,4.4948,4.4948,4.4948,0,0,0,0,0,0
17054,Sigmaringen,48.086388,9.2147226,,south,south,south,south,south,south,156.0,156.0,156.0,156.0,156.0,156.0,,,,,,,122.0,122.0,122.0,122.0,122.0,122.0,1.73,2.23,2.73,3.23,3.73,4.23,,,,,,,,,,,,,2.644,2.794,2.944,3.094,3.244,3.394,0,0,0,0,0,0
17055,Spaichingen,48.073055,8.7391663,,south,south,south,south,south,south,148.6,148.6,148.6,148.6,148.6,148.6,,,,,,,133.0,133.0,133.0,133.0,133.0,133.0,4.59,5.09,5.59,6.09,6.59,7.09,,,,,,,,,,,,,3.536,3.686,3.836,3.986,4.136,4.286,0,0,0,0,0,0
17056,Sulz,48.366112,8.6324997,,south,south,south,south,south,south,115.3,115.3,115.3,115.3,115.3,115.3,,,,,,,106.7,106.7,106.7,106.7,106.7,106.7,4.6,5.1,5.6,6.1,6.6,7.1,,,,,,,,,,,,,3.4517,3.6017,3.7517,3.9017,4.0517,4.2017,0,0,0,0,0,0
17057,Tailfingen,48.254444,9.0177774,,south,south,south,south,south,south,133.5,133.5,133.5,133.5,133.5,133.5,,,,,,,133.9,133.9,133.9,133.9,133.9,133.9,8.0,8.0,8.0,8.0,8.0,8.0,,,,,,,,,,,,,4.5619,4.5619,4.5619,4.5619,4.5619,4.5619,0,0,0,0,0,0
17058,Tettnang,47.671391,9.5894442,,south,south,south,south,south,south,208.5,208.5,208.5,208.5,208.5,208.5,,,,,,,176.5,176.5,176.5,176.5,176.5,176.5,3.68,4.18,4.68,5.18,5.68,6.18,,,,,,,,,,,,,3.3755,3.5255,3.6755,3.8255,3.9755,4.1255,0,0,0,0,0,0
17059,Trochtelfingen,48.308613,9.2469444,,south,south,south,south,south,south,133.2,133.2,133.2,133.2,133.2,133.2,,,,,,,208.2,208.2,208.2,208.2,208.2,208.2,0.89,1.39,1.89,2.39,2.89,3.39,,,,,,,,,,,,,2.6042,2.7542,2.9042,3.0542,3.2042,3.3542,0,0,0,0,0,0
17060,Trossingen,48.074165,8.6324997,,south,south,south,south,south,south,147.6,147.6,147.6,147.6,147.6,147.6,,,,,,,100.9,100.9,100.9,100.9,100.9,100.9,4.53,5.03,5.53,6.03,6.53,7.03,,,,,,,,,,,,,3.4086,3.5586,3.7086,3.8586,4.0086,4.1586,0,0,0,0,0,0
17061,Tuebingen,48.521946,9.0577774,,south,south,south,south,south,south,106.4,106.4,106.4,106.4,106.4,106.4,341.0,341.0,341.0,341.0,341.0,341.0,197.3,197.3,197.3,197.3,197.3,197.3,6.5,7.0,7.5,8.0,8.0,8.0,1500.0,2000.0,1500.0,1000.0,2500.0,4000.0,1.5,1.333,0.75,0.667,2.5,1.6,4.2658,4.4158,4.5658,4.7158,4.7158,4.7158,0,0,0,0,0,2
17062,Tuttlingen,47.983612,8.8186111,,south,south,south,south,south,south,159.4,159.4,159.4,159.4,159.4,159.4,,,,,,,83.4,83.4,83.4,83.4,83.4,83.4,4.53,5.03,5.53,6.03,6.53,7.03,,,,,,,,,,,,,3.3332,3.4832,3.6332,3.7832,3.9332,4.0832,0,0,0,0,0,0
17063,Urach,48.493057,9.3994446,,south,south,south,south,south,south,118.7,118.7,118.7,118.7,118.7,118.7,,,,,,,139.0,139.0,139.0,139.0,139.0,139.0,2.5,3.0,3.5,4.0,4.5,5.0,,,,,,,,,,,,,2.9267,3.0767,3.2267,3.3767,3.5267,3.6767,0,0,0,0,0,0
17064,Veringenstadt,48.178055,9.2138891,,south,south,south,south,south,south,146.4,146.4,146.4,146.4,146.4,146.4,,,,,,,98.2,98.2,98.2,98.2,98.2,98.2,0.0,0.49,0.99,1.49,1.99,2.49,,,,,,,,,,,,,2.039,2.186,2.336,2.486,2.636,2.786,0,0,0,0,0,0
17065,Waldsee,47.920834,9.7547226,,south,south,south,south,south,south,187.4,187.4,187.4,187.4,187.4,187.4,,,,,,,192.8,192.8,192.8,192.8,192.8,192.8,3.99,4.49,4.99,5.49,5.99,6.49,,,,,,,,,,,,,3.5038,3.6538,3.8038,3.9538,4.1038,4.2538,0,0,0,0,0,0
17066,Wangen/Allgaeu,47.685833,9.832222,,south,south,south,south,south,south,213.6,213.6,213.6,213.6,213.6,213.6,,,,,,,267.2,267.2,267.2,267.2,267.2,267.2,5.5,6.0,6.5,7.0,7.5,8.0,,,,,,,,,,,,,4.0868,4.2368,4.3868,4.5368,4.6868,4.8368,0,0,0,0,0,0
17067,Weingarten,47.80722,9.6405554,,south,south,south,south,south,south,195.7,195.7,195.7,195.7,195.7,195.7,,,,,,,145.0,145.0,145.0,145.0,145.0,145.0,7.5,8.0,8.0,8.0,8.0,8.0,,,,,,,,,,,,,4.4435,4.5935,4.5935,4.5935,4.5935,4.5935,0,0,0,0,0,0
17068,Wildbad,48.749168,8.5508337,,south,south,south,south,south,south,72.3,72.3,72.3,72.3,72.3,72.3,,,,,,,174.6,174.6,174.6,174.6,174.6,174.6,0.0,0.0,0.05,0.55,1.05,1.55,,,,,,,,,,,,,2.2672,2.2672,2.2822,2.4322,2.5822,2.7322,0,0,0,0,0,0
17069,Wildberg,48.625,8.7466669,,south,south,south,south,south,south,88.4,88.4,88.4,88.4,88.4,88.4,,,,,,,71.2,71.2,71.2,71.2,71.2,71.2,0.13,0.63,1.13,1.63,2.13,2.63,,,,,,,,,,,,,1.9509,2.1009,2.2509,2.4009,2.5509,2.7009,0,0,0,0,0,0
17070,Wurzach,47.908333,9.896389,,south,south,south,south,south,south,193.4,193.4,193.4,193.4,193.4,193.4,,,,,,,237.3,237.3,237.3,237.3,237.3,237.3,4.4,4.9,5.4,5.9,6.4,6.9,,,,,,,,,,,,,3.7095,3.8595,4.0095,4.1595,4.3095,4.4595,0,0,0,0,0,0
17071,Zavelstein,48.69389,8.688611,,south,south,south,south,south,south,80.0,80.0,80.0,80.0,80.0,80.0,,,,,,,60.6,60.6,60.6,60.6,60.6,60.6,0.0,0.16,0.66,1.16,1.66,2.16,,,,,,,,,,,,,1.8485,1.8965,2.0465,2.1965,2.3465,2.4965,0,0,0,0,0,0
18001,Adenau,50.382221,6.9299998,,middle,middle,middle,middle,middle,middle,31.2,31.2,31.2,31.2,31.2,31.2,,,,,,,451.1,451.1,451.1,451.1,451.1,451.1,0.34,0.84,1.34,1.84,2.34,2.84,,,,,,,,,,,,,2.6576,2.8076,2.9576,3.1076,3.2576,3.4076,0,0,0,0,0,0
18002,Ahrweiler,50.542221,7.0944443,,middle,middle,middle,middle,middle,middle,11.7,11.7,11.7,11.7,11.7,11.7,,,,,,,154.1,154.1,154.1,154.1,154.1,154.1,3.57,4.07,4.57,5.07,5.57,6.07,,,,,,,,,,,,,3.4418,3.5918,3.7418,3.8918,4.0418,4.1918,2,2,2,2,2,2
18003,Altenkirchen,50.686943,7.6455555,197.0,middle,middle,middle,middle,middle,middle,29.9,29.9,29.9,29.9,29.9,29.9,,,,,,,421.2,421.2,421.2,421.2,421.2,421.2,1.19,1.69,2.19,2.69,3.19,3.69,,,,,,,,,,,,,2.9016,3.0516,3.2016,3.3516,3.5016,3.6516,0,0,0,0,0,0
18004,Alzey,49.744999,8.1122227,,middle,middle,middle,middle,middle,middle,22.4,22.4,22.4,22.4,22.4,22.4,,,,,,,300.1,300.1,300.1,300.1,300.1,300.1,8.0,8.0,8.0,8.0,8.0,8.0,,,,,,,,,,,,,4.9024,4.9024,4.9024,4.9024,4.9024,4.9024,0,0,0,0,0,0
18005,Andernach,50.439445,7.3983335,,middle,middle,middle,middle,middle,middle,0.4,0.4,0.4,0.4,0.4,0.4,60.0,60.0,60.0,60.0,60.0,60.0,164.6,164.6,164.6,164.6,164.6,164.6,8.0,8.0,8.0,8.0,8.0,8.0,3000.0,3000.0,2500.0,2000.0,2500.0,3000.0,1.0,1.0,0.833,0.8,1.25,1.2,4.9392,4.9392,4.9392,4.9392,4.9392,4.9392,2,2,2,2,2,2
18006,Annweiler,49.202778,7.9661112,,middle,middle,middle,middle,middle,middle,41.5,41.5,41.5,41.5,41.5,41.5,,,,,,,367.5,367.5,367.5,367.5,367.5,367.5,6.5,7.0,7.5,8.0,8.0,8.0,,,,,,,,,,,,,4.3137,4.4637,4.6137,4.7637,4.7637,4.7637,0,0,0,0,0,0
18007,Bacharach,50.060001,7.7649999,,middle,middle,middle,middle,middle,middle,1.5,1.5,1.5,1.5,1.5,1.5,,,,,,,52.3,52.3,52.3,52.3,52.3,52.3,6.27,6.77,7.27,7.77,8.0,8.0,,,,,,,,,,,,,3.9532,4.1032,4.2532,4.4032,4.4722,4.4722,2,2,2,2,2,2
18008,Bad Duerkheim,49.460278,8.1691666,,middle,middle,middle,middle,middle,middle,21.1,21.1,21.1,21.1,21.1,21.1,,,,,,,91.4,91.4,91.4,91.4,91.4,91.4,4.72,5.22,5.72,6.22,6.72,7.22,,,,,,,,,,,,,3.463,3.613,3.763,3.913,4.063,4.213,0,0,0,0,0,0
18009,Bad Ems,50.334721,7.7122221,,middle,middle,middle,middle,middle,middle,8.0,8.0,8.0,8.0,8.0,8.0,,,,,,,83.7,83.7,83.7,83.7,83.7,83.7,8.0,8.0,8.0,8.0,8.0,8.0,,,,,,,,,,,,,4.5752,4.5752,4.5752,4.5752,4.5752,4.5752,2,2,2,2,2,2
18010,Bad Kreuznach,49.844444,7.8616667,,middle,middle,middle,middle,middle,middle,14.3,14.3,14.3,14.3,14.3,14.3,104.0,104.0,104.0,104.0,104.0,104.0,212.1,212.1,212.1,212.1,212.1,212.1,8.0,8.0,8.0,8.0,8.0,8.0,2500.0,3000.0,2500.0,2000.0,2500.0,3000.0,1.25,1.2,0.833,0.8,1.25,1.2,4.8657,4.8657,4.8657,4.8657,4.8657,4.8657,2,2,2,2,2,2
18011,Bad Neuenahr,50.546112,7.1399999,,middle,middle,middle,middle,middle,middle,8.6,8.6,8.6,8.6,8.6,8.6,,,,,,,96.9,96.9,96.9,96.9,96.9,96.9,2.58,3.08,3.58,4.08,4.58,5.08,,,,,,,,,,,,,3.0007,3.1507,3.3007,3.4507,3.6007,3.7507,2,2,2,2,2,2
18012,Baumholder,49.615555,7.3366666,,middle,middle,middle,middle,middle,middle,56.0,56.0,56.0,56.0,56.0,56.0,,,,,,,165.4,165.4,165.4,165.4,165.4,165.4,0.94,1.44,1.94,2.44,2.94,3.44,,,,,,,,,,,,,2.3277,2.4777,2.6277,2.7777,2.9277,3.0777,0,0,0,0,0,0
18013,Bendorf,50.423332,7.5755553,,middle,middle,middle,middle,middle,middle,3.2,3.2,3.2,3.2,3.2,3.2,,,,,,,43.6,43.6,43.6,43.6,43.6,43.6,8.0,8.0,8.0,8.0,8.0,8.0,,,,,,,,,,,,,4.3787,4.3787,4.3787,4.3787,4.3787,4.3787,2,2,2,2,2,2
18014,Bergzabern,49.100277,7.998889,,middle,middle,middle,middle,middle,middle,46.7,46.7,46.7,46.7,46.7,46.7,,,,,,,552.4,552.4,552.4,552.4,552.4,552.4,0.5,1.0,1.5,2.0,2.5,3.0,,,,,,,,,,,,,2.6764,2.8264,2.9764,3.1264,3.2764,3.4264,0,0,0,0,0,0
18015,Bernkastel-Cues,49.915279,7.0752778,,middle,middle,middle,middle,middle,middle,51.5,51.5,51.5,51.5,51.5,51.5,,,,,,,355.2,355.2,355.2,355.2,355.2,355.2,4.5,5.0,5.5,6.0,6.5,7.0,,,,,,,,,,,,,3.7002,3.8502,4.0002,4.1502,4.3002,4.4502,0,0,0,0,0,0
18016,Betzdorf,50.785278,7.873611,,middle,middle,middle,middle,middle,middle,48.3,48.3,48.3,48.3,48.3,48.3,,,,,,,206.7,206.7,206.7,206.7,206.7,206.7,0.0,0.0,0.0,0.18,0.68,1.18,,,,,,,,,,,,,2.1344,2.1344,2.1344,2.1884,2.3384,2.4884,0,0,0,0,0,0
18017,Bingen,49.968334,7.896389,,middle,middle,middle,middle,middle,middle,0.7,0.7,0.7,0.7,0.7,0.7,89.0,89.0,89.0,89.0,89.0,89.0,74.0,74.0,74.0,74.0,74.0,74.0,8.0,8.0,8.0,8.0,8.0,8.0,2000.0,2000.0,1500.0,1000.0,1000.0,1000.0,1.0,1.0,0.75,0.667,1.0,1.0,4.618,4.618,4.618,4.618,4.618,4.618,2,2,2,2,2,2
18018,Birkenfeld,49.650002,7.1680555,,middle,middle,middle,middle,middle,middle,62.7,62.7,62.7,62.7,62.7,62.7,,,,,,,545.9,545.9,545.9,545.9,545.9,545.9,5.5,6.0,6.5,7.0,7.5,8.0,,,,,,,,,,,,,4.1717,4.3217,4.4717,4.6217,4.7717,4.9217,0,0,0,0,0,0
18019,Bitburg,49.975555,6.5247221,,middle,middle,middle,middle,middle,middle,80.9,80.9,80.9,80.9,80.9,80.9,,,,,,,360.1,360.1,360.1,360.1,360.1,360.1,5.35,5.85,6.35,6.85,7.35,7.85,,,,,,,,,,,,,3.9607,4.1107,4.2607,4.4107,4.5607,4.7107,0,0,0,0,0,0
18020,Boppard,50.231388,7.5905557,826.0,middle,middle,middle,middle,middle,middle,3.1,3.1,3.1,3.1,3.1,3.1,,,,,,,277.0,277.0,277.0,277.0,277.0,277.0,8.0,8.0,8.0,8.0,8.0,8.0,,,,,,,,,,,,,5.1119,5.1119,5.1119,5.1119,5.1119,5.1119,2,2,2,2,2,2
18021,Braubach,50.274445,7.6480556,,middle,middle,middle,middle,middle,middle,3.2,3.2,3.2,3.2,3.2,3.2,,,,,,,64.2,64.2,64.2,64.2,64.2,64.2,8.0,8.0,8.0,8.0,8.0,8.0,,,,,,,,,,,,,4.5309,4.5309,4.5309,4.5309,4.5309,4.5309,2,2,2,2,2,2
18022,Cochem,50.144444,7.1636109,,middle,middle,middle,middle,middle,middle,33.9,33.9,33.9,33.9,33.9,33.9,,,,,,,416.4,416.4,416.4,416.4,416.4,416.4,3.84,4.34,4.84,5.34,5.84,6.34,,,,,,,,,,,,,3.6422,3.7922,3.9422,4.0922,4.2422,4.3922,0,0,0,0,0,0
18023,Daun,50.196667,6.8302779,,middle,middle,middle,middle,middle,middle,48.6,48.6,48.6,48.6,48.6,48.6,,,,,,,394.9,394.9,394.9,394.9,394.9,394.9,1.43,1.93,2.43,2.93,3.43,3.93,,,,,,,,,,,,,2.8215,2.9715,3.1215,3.2715,3.4215,3.5715,0,0,0,0,0,0
18024,Deidesheim,49.409168,8.1866665,,middle,middle,middle,middle,middle,middle,19.5,19.5,19.5,19.5,19.5,19.5,,,,,,,94.3,94.3,94.3,94.3,94.3,94.3,5.51,6.01,6.51,7.01,7.51,8.0,,,,,,,,,,,,,3.7322,3.8822,4.0322,4.1822,4.3322,4.4792,0,0,0,0,0,0
18025,Dierdorf,50.547501,7.6591668,,middle,middle,middle,middle,middle,middle,18.0,18.0,18.0,18.0,18.0,18.0,,,,,,,212.2,212.2,212.2,212.2,212.2,212.2,0.46,0.96,1.46,1.96,2.46,2.96,,,,,,,,,,,,,2.558,2.708,2.858,3.008,3.158,3.308,0,0,0,0,0,0
18026,Diez,50.372501,8.0091667,,middle,middle,middle,middle,middle,middle,28.6,28.6,28.6,28.6,28.6,28.6,,,,,,,179.5,179.5,179.5,179.5,179.5,179.5,4.6,5.1,5.6,6.1,6.6,7.1,,,,,,,,,,,,,3.6013,3.7513,3.9013,4.0513,4.2013,4.3513,0,0,0,0,0,0
18027,Edenkoben,49.282501,8.1269445,,middle,middle,middle,middle,middle,middle,27.0,27.0,27.0,27.0,27.0,27.0,,,,,,,128.0,128.0,128.0,128.0,128.0,128.0,4.81,5.31,5.81,6.31,6.81,7.31,,,,,,,,,,,,,3.55,3.7,3.85,4.0,4.15,4.3,0,0,0,0,0,0
18028,Engers,50.424999,7.5450001,,middle,middle,middle,middle,middle,middle,4.1,4.1,4.1,4.1,4.1,4.1,,,,,,,84.3,84.3,84.3,84.3,84.3,84.3,8.0,8.0,8.0,8.0,8.0,8.0,,,,,,,,,,,,,4.6277,4.6277,4.6277,4.6277,4.6277,4.6277,2,2,2,2,2,2
18029,Frankenthal,49.535557,8.354167,,middle,middle,middle,middle,middle,middle,5.9,5.9,5.9,5.9,5.9,5.9,,,,,,,76.6,76.6,76.6,76.6,76.6,76.6,8.0,8.0,8.0,8.0,8.0,8.0,,,,,,,,,,,,,4.5668,4.5668,4.5668,4.5668,4.5668,4.5668,2,2,2,2,2,2
18030,Gau-Algesheim,49.9575,8.0147219,,middle,middle,middle,middle,middle,middle,5.5,5.5,5.5,5.5,5.5,5.5,,,,,,,113.7,113.7,113.7,113.7,113.7,113.7,4.84,5.34,5.84,6.34,6.84,7.34,,,,,,,,,,,,,3.7806,3.9306,4.0806,4.2306,4.3806,4.5306,2,2,2,2,2,2
18031,Germersheim,49.217499,8.3741665,,middle,middle,middle,middle,middle,middle,20.8,20.8,20.8,20.8,20.8,20.8,,,,,,,229.7,229.7,229.7,229.7,229.7,229.7,1.95,2.45,2.95,3.45,3.95,4.45,,,,,,,,,,,,,3.002,3.152,3.302,3.452,3.602,3.752,0,0,0,0,0,0
18032,Gerolstein,50.221943,6.6597223,,middle,middle,middle,middle,middle,middle,57.3,57.3,57.3,57.3,57.3,57.3,,,,,,,440.9,440.9,440.9,440.9,440.9,440.9,4.88,5.38,5.88,6.38,6.88,7.38,,,,,,,,,,,,,3.9004,4.0504,4.2004,4.3504,4.5004,4.6504,0,0,0,0,0,0
18033,Gruenstadt,49.564724,8.1622219,,middle,middle,middle,middle,middle,middle,17.2,17.2,17.2,17.2,17.2,17.2,,,,,,,188.1,188.1,188.1,188.1,188.1,188.1,3.75,4.25,4.75,5.25,5.75,6.25,,,,,,,,,,,,,3.5064,3.6564,3.8064,3.9564,4.1064,4.2564,0,0,0,0,0,0
18034,Hachenburg,50.661388,7.8216667,,middle,middle,middle,middle,middle,middle,34.4,34.4,34.4,34.4,34.4,34.4,,,,,,,205.4,205.4,205.4,205.4,205.4,205.4,0.75,1.25,1.75,2.25,2.75,3.25,,,,,,,,,,,,,2.4273,2.5773,2.7273,2.8773,3.0273,3.1773,0,0,0,0,0,0
18035,Hoehr-Grenzhausen,50.433887,7.6683335,,middle,middle,middle,middle,middle,middle,7.8,7.8,7.8,7.8,7.8,7.8,,,,,,,90.9,90.9,90.9,90.9,90.9,90.9,0.37,0.87,1.37,1.87,2.37,2.87,,,,,,,,,,,,,2.3213,2.4713,2.6213,2.7713,2.9213,3.0713,2,2,2,2,2,2
18036,Hornbach,49.187222,7.3680553,,middle,middle,middle,middle,middle,middle,82.2,82.2,82.2,82.2,82.2,82.2,,,,,,,1306.3,1306.3,1306.3,1306.3,1306.3,1306.3,5.1,5.6,6.1,6.6,7.1,7.6,,,,,,,,,,,,,4.4003,4.5503,4.7003,4.8503,5.0003,5.1503,0,0,0,0,0,0
18037,Idar-Oberstein,49.713333,7.3119445,,middle,middle,middle,middle,middle,middle,50.4,50.4,50.4,50.4,50.4,50.4,,,,,,,244.2,244.2,244.2,244.2,244.2,244.2,3.53,4.03,4.53,5.03,5.53,6.03,,,,,,,,,,,,,3.2598,3.4098,3.5598,3.7098,3.8598,4.0098,0,0,0,0,0,0
18038,Ingelheim,49.977779,8.0722218,,middle,middle,middle,middle,middle,middle,3.9,3.9,3.9,3.9,3.9,3.9,,,,,,,124.2,124.2,124.2,124.2,124.2,124.2,4.78,5.28,5.78,6.28,6.78,7.28,,,,,,,,,,,,,3.8176,3.9676,4.1176,4.2676,4.4176,4.5676,2,2,2,2,2,2
18039,Kaiserslautern,49.443611,7.77,,middle,middle,middle,middle,middle,middle,48.6,48.6,48.6,48.6,48.6,48.6,251.0,251.0,251.0,251.0,251.0,251.0,339.1,339.1,339.1,339.1,339.1,339.1,4.5,5.0,5.5,6.0,6.5,7.0,1000.0,1000.0,1000.0,1000.0,1500.0,2000.0,1.0,1.0,1.0,1.0,1.5,1.333,3.6817,3.8317,3.9817,4.1317,4.2817,4.4317,0,0,0,0,0,0
18040,Kandel,49.081112,8.1925001,,middle,middle,middle,middle,middle,middle,39.9,39.9,39.9,39.9,39.9,39.9,,,,,,,309.8,309.8,309.8,309.8,309.8,309.8,1.0,1.5,2.0,2.5,3.0,3.5,,,,,,,,,,,,,2.5966,2.7466,2.8966,3.0466,3.1966,3.3466,0,0,0,0,0,0
18041,Kaub,50.089169,7.7649999,,middle,middle,middle,middle,middle,middle,1.7,1.7,1.7,1.7,1.7,1.7,,,,,,,40.0,40.0,40.0,40.0,40.0,40.0,2.67,3.17,3.67,4.17,4.67,5.17,,,,,,,,,,,,,2.7658,2.9158,3.0658,3.2158,3.3658,3.5158,2,2,2,2,2,2
18042,Kirchberg (Hunsrueck),49.942223,7.4047222,,middle,middle,middle,middle,middle,middle,29.7,29.7,29.7,29.7,29.7,29.7,,,,,,,340.1,340.1,340.1,340.1,340.1,340.1,8.0,8.0,8.0,8.0,8.0,8.0,,,,,,,,,,,,,4.8615,4.8615,4.8615,4.8615,4.8615,4.8615,0,0,0,0,0,0
18043,Kirchheimbolanden,49.663887,8.0113888,,middle,middle,middle,middle,middle,middle,26.3,26.3,26.3,26.3,26.3,26.3,,,,,,,294.3,294.3,294.3,294.3,294.3,294.3,5.36,5.86,6.36,6.86,7.36,7.86,,,,,,,,,,,,,4.054,4.204,4.354,4.504,4.654,4.804,0,0,0,0,0,0
18044,Kirn,49.786667,7.4575,,middle,middle,middle,middle,middle,middle,37.1,37.1,37.1,37.1,37.1,37.1,,,,,,,251.8,251.8,251.8,251.8,251.8,251.8,4.09,4.59,5.09,5.59,6.09,6.59,,,,,,,,,,,,,3.4761,3.6261,3.7761,3.9261,4.0761,4.2261,0,0,0,0,0,0
18045,Koblenz,50.360001,7.5925002,3852.0,middle,middle,middle,middle,middle,middle,0.9,0.9,0.9,0.9,0.9,0.9,73.0,73.0,73.0,73.0,73.0,73.0,34.8,34.8,34.8,34.8,34.8,34.8,8.0,8.0,8.0,8.0,8.0,8.0,3500.0,4000.0,3000.0,2000.0,1500.0,1000.0,1.167,1.143,0.75,0.667,0.75,0.667,4.3195,4.3195,4.3195,4.3195,4.3195,4.3195,2,2,2,2,2,2
18046,Koblenz-Ehrenbreitstein,50.359165,7.6172223,,middle,middle,middle,middle,middle,middle,0.8,0.8,0.8,0.8,0.8,0.8,,,,,,,23.4,23.4,23.4,23.4,23.4,23.4,0.17,0.67,1.17,1.67,2.17,2.67,,,,,,,,,,,,,1.819,1.969,2.119,2.269,2.419,2.569,2,2,2,2,2,2
18047,Konz,49.694443,6.5763888,,middle,middle,middle,middle,middle,middle,94.9,94.9,94.9,94.9,94.9,94.9,,,,,,,301.4,301.4,301.4,301.4,301.4,301.4,8.0,8.0,8.0,8.0,8.0,8.0,,,,,,,,,,,,,4.6846,4.6846,4.6846,4.6846,4.6846,4.6846,0,0,0,0,0,0
18048,Kusel,49.537498,7.4002776,,middle,middle,middle,middle,middle,middle,59.7,59.7,59.7,59.7,59.7,59.7,,,,,,,256.1,256.1,256.1,256.1,256.1,256.1,4.0,4.5,5.0,5.5,6.0,6.5,,,,,,,,,,,,,3.4198,3.5698,3.7198,3.8698,4.0198,4.1698,0,0,0,0,0,0
18049,Kyllburg,50.041943,6.5913887,,middle,middle,middle,middle,middle,middle,72.5,72.5,72.5,72.5,72.5,72.5,,,,,,,315.8,315.8,315.8,315.8,315.8,315.8,4.5,5.0,5.5,6.0,6.5,7.0,,,,,,,,,,,,,3.6533,3.8033,3.9533,4.1033,4.2533,4.4033,0,0,0,0,0,0
18050,Lambrecht,49.372223,8.0708332,,middle,middle,middle,middle,middle,middle,28.0,28.0,28.0,28.0,28.0,28.0,,,,,,,265.7,265.7,265.7,265.7,265.7,265.7,3.5,4.0,4.5,5.0,5.5,6.0,,,,,,,,,,,,,3.435,3.585,3.735,3.885,4.035,4.185,0,0,0,0,0,0
18051,Landau,49.196388,8.1122227,,middle,middle,middle,middle,middle,middle,33.4,33.4,33.4,33.4,33.4,33.4,142.0,142.0,142.0,142.0,142.0,142.0,146.9,146.9,146.9,146.9,146.9,146.9,0.0,0.5,1.0,1.5,2.0,2.5,500.0,1000.0,1000.0,1000.0,1500.0,2000.0,,2.0,1.0,1.0,1.5,1.333,2.0813,2.2313,2.3813,2.5313,2.6813,2.8313,0,0,0,0,0,0
18052,Landstuhl,49.41,7.5686111,,middle,middle,middle,middle,middle,middle,63.4,63.4,63.4,63.4,63.4,63.4,,,,,,,326.1,326.1,326.1,326.1,326.1,326.1,8.0,8.0,8.0,8.0,8.0,8.0,,,,,,,,,,,,,4.7161,4.7161,4.7161,4.7161,4.7161,4.7161,0,0,0,0,0,0
18053,Lauterecken,49.649445,7.5919442,,middle,middle,middle,middle,middle,middle,41.7,41.7,41.7,41.7,41.7,41.7,,,,,,,141.2,141.2,141.2,141.2,141.2,141.2,0.0,0.0,0.07,0.57,1.07,1.57,,,,,,,,,,,,,1.9828,1.9828,2.0038,2.1538,2.3038,2.4538,0,0,0,0,0,0
18054,Linz,50.568611,7.2830558,,middle,middle,middle,middle,middle,middle,2.1,2.1,2.1,2.1,2.1,2.1,,,,,,,146.6,146.6,146.6,146.6,146.6,146.6,3.77,4.27,4.77,5.27,5.77,6.27,,,,,,,,,,,,,3.6022,3.7522,3.9022,4.0522,4.2022,4.3522,2,2,2,2,2,2
18055,Ludwigshafen,49.483055,8.4477777,,middle,middle,middle,middle,middle,middle,1.0,1.0,1.0,1.0,1.0,1.0,95.0,95.0,95.0,95.0,95.0,95.0,46.0,46.0,46.0,46.0,46.0,46.0,0.0,0.0,0.0,0.0,0.0,0.0,0.0,0.0,0.0,0.0,0.0,0.0,,,,,,,2.0276,2.0276,2.0276,2.0276,2.0276,2.0276,2,2,2,2,2,2
18056,Ludwigshafen-Oggersheim,49.491665,8.3758335,,middle,middle,middle,middle,middle,middle,5.8,5.8,5.8,5.8,5.8,5.8,,,,,,,61.1,61.1,61.1,61.1,61.1,61.1,4.86,5.36,5.86,6.36,6.86,7.36,,,,,,,,,,,,,3.5373,3.6873,3.8373,3.9873,4.1373,4.2873,2,2,2,2,2,2
18057,Ludwigshafen-Oppau-Edigheim,49.529167,8.3894444,,middle,middle,middle,middle,middle,middle,5.0,5.0,5.0,5.0,5.0,5.0,,,,,,,33.6,33.6,33.6,33.6,33.6,33.6,4.78,5.28,5.78,6.28,6.78,7.28,,,,,,,,,,,,,3.2893,3.4393,3.5893,3.7393,3.8893,4.0393,2,2,2,2,2,2
18058,Mainz,50.001945,8.2716665,4716.0,middle,middle,middle,middle,middle,middle,0.9,0.9,0.9,0.9,0.9,0.9,106.0,106.0,106.0,106.0,106.0,106.0,131.3,131.3,131.3,131.3,131.3,131.3,8.0,8.0,8.0,8.0,8.0,8.0,11000.0,13000.0,11000.0,9000.0,7500.0,6000.0,1.222,1.182,0.846,0.818,0.833,0.8,4.843,4.843,4.843,4.843,4.843,4.843,3,3,2,2,2,2
18059,Marienberg,50.65139,7.9505553,,middle,middle,middle,middle,middle,middle,38.9,38.9,38.9,38.9,38.9,38.9,,,,,,,195.2,195.2,195.2,195.2,195.2,195.2,1.5,2.0,2.5,3.0,3.5,4.0,,,,,,,,,,,,,2.575,2.725,2.875,3.025,3.175,3.325,0,0,0,0,0,0
18060,Mayen,50.328609,7.2222223,,middle,middle,middle,middle,middle,middle,17.7,17.7,17.7,17.7,17.7,17.7,,,,,,,296.0,296.0,296.0,296.0,296.0,296.0,2.09,2.59,3.09,3.59,4.09,4.59,,,,,,,,,,,,,3.1834,3.3334,3.4834,3.6334,3.7834,3.9334,0,0,0,0,0,0
18061,Meisenheim,49.705555,7.6705556,,middle,middle,middle,middle,middle,middle,33.5,33.5,33.5,33.5,33.5,33.5,,,,,,,98.2,98.2,98.2,98.2,98.2,98.2,6.5,7.0,7.5,8.0,8.0,8.0,,,,,,,,,,,,,3.8699,4.0199,4.1699,4.3199,4.3199,4.3199,0,0,0,0,0,0
18062,Montabaur,50.436111,7.8269444,,middle,middle,middle,middle,middle,middle,17.6,17.6,17.6,17.6,17.6,17.6,,,,,,,212.7,212.7,212.7,212.7,212.7,212.7,3.1,3.6,4.1,4.6,5.1,5.6,,,,,,,,,,,,,3.3559,3.5059,3.6559,3.8059,3.9559,4.1059,0,0,0,0,0,0
18063,Nassau,50.315277,7.8013887,,middle,middle,middle,middle,middle,middle,13.8,13.8,13.8,13.8,13.8,13.8,,,,,,,137.5,137.5,137.5,137.5,137.5,137.5,3.35,3.85,4.35,4.85,5.35,5.85,,,,,,,,,,,,,3.3051,3.4551,3.6051,3.7551,3.9051,4.0551,2,2,2,2,2,2
18064,Nastaetten,50.199444,7.8569446,,middle,middle,middle,middle,middle,middle,11.2,11.2,11.2,11.2,11.2,11.2,,,,,,,221.0,221.0,221.0,221.0,221.0,221.0,3.57,4.07,4.57,5.07,5.57,6.07,,,,,,,,,,,,,3.5918,3.7418,3.8918,4.0418,4.1918,4.3418,2,2,2,2,2,2
18065,Neuerburg,50.011391,6.2947221,,middle,middle,middle,middle,middle,middle,86.6,86.6,86.6,86.6,86.6,86.6,,,,,,,332.4,332.4,332.4,332.4,332.4,332.4,1.18,1.68,2.18,2.68,3.18,3.68,,,,,,,,,,,,,2.6778,2.8278,2.9778,3.1278,3.2778,3.4278,0,0,0,0,0,0
18066,Neustadt an der Weinstrasse,49.351944,8.1405554,,middle,middle,middle,middle,middle,middle,23.3,23.3,23.3,23.3,23.3,23.3,,,,,,,69.1,69.1,69.1,69.1,69.1,69.1,0.94,1.44,1.94,2.44,2.94,3.44,,,,,,,,,,,,,2.1906,2.3406,2.4906,2.6406,2.7906,2.9406,0,0,0,0,0,0
18067,Neuwied,50.42889,7.4594445,,middle,middle,middle,middle,middle,middle,1.0,1.0,1.0,1.0,1.0,1.0,60.0,60.0,60.0,60.0,60.0,60.0,177.0,177.0,177.0,177.0,177.0,177.0,0.88,1.38,1.88,2.38,2.88,3.38,2000.0,2000.0,1500.0,1000.0,1000.0,1000.0,1.0,1.0,0.75,0.667,1.0,1.0,2.8243,2.9743,3.1243,3.2743,3.4243,3.5743,2,2,2,2,2,2
18068,Niederlahnstein,50.310276,7.5952778,,middle,middle,middle,middle,middle,middle,1.0,1.0,1.0,1.0,1.0,1.0,,,,,,,58.1,58.1,58.1,58.1,58.1,58.1,8.0,8.0,8.0,8.0,8.0,8.0,,,,,,,,,,,,,4.5196,4.5196,4.5196,4.5196,4.5196,4.5196,2,2,2,2,2,2
18069,Niedermendig,50.372776,7.2802777,,middle,middle,middle,middle,middle,middle,11.3,11.3,11.3,11.3,11.3,11.3,,,,,,,212.7,212.7,212.7,212.7,212.7,212.7,2.09,2.59,3.09,3.59,4.09,4.59,,,,,,,,,,,,,3.1316,3.2816,3.4316,3.5816,3.7316,3.8816,2,2,2,2,2,2
18070,Oberlahnstein,50.300278,7.6072221,,middle,middle,middle,middle,middle,middle,0.7,0.7,0.7,0.7,0.7,0.7,,,,,,,18.2,18.2,18.2,18.2,18.2,18.2,3.5,4.0,4.5,5.0,5.5,6.0,,,,,,,,,,,,,2.7229,2.8729,3.0229,3.1729,3.3229,3.4729,2,2,2,2,2,2
18071,Obermoschel,49.727501,7.7736111,,middle,middle,middle,middle,middle,middle,28.4,28.4,28.4,28.4,28.4,28.4,,,,,,,138.2,138.2,138.2,138.2,138.2,138.2,1.38,1.88,2.38,2.88,3.38,3.88,,,,,,,,,,,,,2.533,2.683,2.833,2.983,3.133,3.283,0,0,0,0,0,0
18072,Oberwesel,50.105835,7.7227778,,middle,middle,middle,middle,middle,middle,1.9,1.9,1.9,1.9,1.9,1.9,,,,,,,91.8,91.8,91.8,91.8,91.8,91.8,8.0,8.0,8.0,8.0,8.0,8.0,,,,,,,,,,,,,4.6887,4.6887,4.6887,4.6887,4.6887,4.6887,2,2,2,2,2,2
18073,Oppenheim,49.848888,8.3561115,,middle,middle,middle,middle,middle,middle,6.2,6.2,6.2,6.2,6.2,6.2,87.0,87.0,87.0,87.0,87.0,87.0,255.3,255.3,255.3,255.3,255.3,255.3,5.5,6.0,6.5,7.0,7.5,8.0,2500.0,3000.0,2500.0,2000.0,3000.0,4000.0,1.25,1.2,0.833,0.8,1.5,1.333,4.2906,4.4406,4.5906,4.7406,4.8906,5.0406,2,2,2,2,2,2
18074,Otterberg,49.504444,7.771111,,middle,middle,middle,middle,middle,middle,45.9,45.9,45.9,45.9,45.9,45.9,,,,,,,175.7,175.7,175.7,175.7,175.7,175.7,3.5,4.0,4.5,5.0,5.5,6.0,,,,,,,,,,,,,3.1198,3.2698,3.4198,3.5698,3.7198,3.8698,0,0,0,0,0,0
18075,Pfeddersheim,49.637779,8.2772226,,middle,middle,middle,middle,middle,middle,7.0,7.0,7.0,7.0,7.0,7.0,,,,,,,172.8,172.8,172.8,172.8,172.8,172.8,4.96,5.46,5.96,6.46,6.96,7.46,,,,,,,,,,,,,3.9635,4.1135,4.2635,4.4135,4.5635,4.7135,2,2,2,2,2,2
18076,Pirmasens,49.197224,7.6080556,,middle,middle,middle,middle,middle,middle,65.3,65.3,65.3,65.3,65.3,65.3,387.0,387.0,387.0,387.0,387.0,387.0,994.7,994.7,994.7,994.7,994.7,994.7,4.3,4.8,5.3,5.8,6.3,6.8,2000.0,2000.0,1500.0,1000.0,1000.0,1000.0,1.0,1.0,0.75,0.667,1.0,1.0,4.0514,4.2014,4.3514,4.5014,4.6514,4.8014,0,0,0,0,0,0
18077,Pruem,50.207779,6.4200001,,middle,middle,middle,middle,middle,middle,71.7,71.7,71.7,71.7,71.7,71.7,70.0,70.0,70.0,70.0,70.0,70.0,661.3,661.3,661.3,661.3,661.3,661.3,5.29,5.79,6.29,6.79,7.29,7.79,1000.0,1000.0,1000.0,1000.0,1000.0,1000.0,1.0,1.0,1.0,1.0,1.0,1.0,4.1853,4.3353,4.4853,4.6353,4.7853,4.9353,0,0,0,0,0,0
18078,Remagen,50.577778,7.2341666,,middle,middle,middle,middle,middle,middle,1.5,1.5,1.5,1.5,1.5,1.5,,,,,,,18.7,18.7,18.7,18.7,18.7,18.7,8.0,8.0,8.0,8.0,8.0,8.0,,,,,,,,,,,,,4.0737,4.0737,4.0737,4.0737,4.0737,4.0737,2,2,2,2,2,2
18079,Rockenhausen,49.628887,7.8219442,,middle,middle,middle,middle,middle,middle,38.5,38.5,38.5,38.5,38.5,38.5,,,,,,,211.3,211.3,211.3,211.3,211.3,211.3,8.0,8.0,8.0,8.0,8.0,8.0,,,,,,,,,,,,,4.5624,4.5624,4.5624,4.5624,4.5624,4.5624,0,0,0,0,0,0
18080,Saarburg,49.608334,6.5486112,,middle,middle,middle,middle,middle,middle,101.5,101.5,101.5,101.5,101.5,101.5,,,,,,,6039.8,6039.8,6039.8,6039.8,6039.8,6039.8,2.86,3.36,3.86,4.36,4.86,5.36,,,,,,,,,,,,,4.3405,4.4905,4.6405,4.7905,4.9405,5.0905,0,0,0,0,0,0
18081,St. Goar,50.150555,7.7144446,,middle,middle,middle,middle,middle,middle,0.3,0.3,0.3,0.3,0.3,0.3,,,,,,,62.7,62.7,62.7,62.7,62.7,62.7,8.0,8.0,8.0,8.0,8.0,8.0,,,,,,,,,,,,,4.5578,4.5578,4.5578,4.5578,4.5578,4.5578,2,2,2,2,2,2
18082,St. Goarshausen,50.15139,7.7230554,,middle,middle,middle,middle,middle,middle,0.3,0.3,0.3,0.3,0.3,0.3,,,,,,,55.9,55.9,55.9,55.9,55.9,55.9,0.5,1.0,1.5,2.0,2.5,3.0,,,,,,,,,,,,,2.2622,2.4122,2.5622,2.7122,2.8622,3.0122,2,2,2,2,2,2
18083,Schifferstadt,49.385555,8.374444,,middle,middle,middle,middle,middle,middle,6.0,6.0,6.0,6.0,6.0,6.0,,,,,,,149.2,149.2,149.2,149.2,149.2,149.2,7.5,8.0,8.0,8.0,8.0,8.0,,,,,,,,,,,,,4.6802,4.8302,4.8302,4.8302,4.8302,4.8302,2,2,2,2,2,2
18084,Simmern,49.985001,7.5219445,,middle,middle,middle,middle,middle,middle,20.1,20.1,20.1,20.1,20.1,20.1,,,,,,,344.8,344.8,344.8,344.8,344.8,344.8,2.18,2.68,3.18,3.68,4.18,4.68,,,,,,,,,,,,,3.2415,3.3915,3.5415,3.6915,3.8415,3.9915,0,0,0,0,0,0
18085,Sinzig,50.54361,7.248889,,middle,middle,middle,middle,middle,middle,3.3,3.3,3.3,3.3,3.3,3.3,,,,,,,81.3,81.3,81.3,81.3,81.3,81.3,4.88,5.38,5.88,6.38,6.88,7.38,,,,,,,,,,,,,3.6873,3.8373,3.9873,4.1373,4.2873,4.4373,2,2,2,2,2,2
18086,Sobernheim,49.783611,7.6538887,,middle,middle,middle,middle,middle,middle,26.9,26.9,26.9,26.9,26.9,26.9,,,,,,,203.4,203.4,203.4,203.4,203.4,203.4,7.5,8.0,8.0,8.0,8.0,8.0,,,,,,,,,,,,,4.5423,4.6923,4.6923,4.6923,4.6923,4.6923,0,0,0,0,0,0
18087,Speyer,49.316113,8.436389,,middle,middle,middle,middle,middle,middle,9.0,9.0,9.0,9.0,9.0,9.0,102.0,102.0,102.0,102.0,102.0,102.0,91.4,91.4,91.4,91.4,91.4,91.4,8.0,8.0,8.0,8.0,8.0,8.0,8000.0,9000.0,7000.0,5000.0,9000.0,13000.0,1.143,1.125,0.778,0.714,1.8,1.444,4.5975,4.5975,4.5975,4.5975,4.5975,4.5975,2,2,2,2,2,3
18088,Stromberg,49.943611,7.7738891,,middle,middle,middle,middle,middle,middle,8.6,8.6,8.6,8.6,8.6,8.6,,,,,,,182.3,182.3,182.3,182.3,182.3,182.3,1.94,2.44,2.94,3.44,3.94,4.44,,,,,,,,,,,,,3.0592,3.2092,3.3592,3.5092,3.6592,3.8092,2,2,2,2,2,2
18089,Traben-Trarbach,49.951111,7.1166668,,middle,middle,middle,middle,middle,middle,46.7,46.7,46.7,46.7,46.7,46.7,,,,,,,184.7,184.7,184.7,184.7,184.7,184.7,4.1,4.6,5.1,5.6,6.1,6.6,,,,,,,,,,,,,3.3196,3.4696,3.6196,3.7696,3.9196,4.0696,0,0,0,0,0,0
18090,Trier,49.756668,6.6411109,,middle,middle,middle,middle,middle,middle,87.1,87.1,87.1,87.1,87.1,87.1,50.0,50.0,50.0,50.0,50.0,50.0,582.6,582.6,582.6,582.6,582.6,582.6,8.0,8.0,8.0,8.0,8.0,8.0,12000.0,11000.0,10500.0,10000.0,9000.0,8000.0,0.923,0.917,0.955,0.952,0.9,0.889,4.9477,4.9477,4.9477,4.9477,4.9477,4.9477,2,2,2,2,1,1
18091,Unkel,50.5975,7.2169442,,middle,middle,middle,middle,middle,middle,3.3,3.3,3.3,3.3,3.3,3.3,,,,,,,30.9,30.9,30.9,30.9,30.9,30.9,3.64,4.14,4.64,5.14,5.64,6.14,,,,,,,,,,,,,2.9356,3.0856,3.2356,3.3856,3.5356,3.6856,2,2,2,2,2,2
18092,Vallendar,50.398056,7.6224999,,middle,middle,middle,middle,middle,middle,3.3,3.3,3.3,3.3,3.3,3.3,,,,,,,25.6,25.6,25.6,25.6,25.6,25.6,4.14,4.64,5.14,5.64,6.14,6.64,,,,,,,,,,,,,3.0132,3.1632,3.3132,3.4632,3.6132,3.7632,2,2,2,2,2,2
18093,Wachenheim,49.439724,8.1805553,,middle,middle,middle,middle,middle,middle,20.4,20.4,20.4,20.4,20.4,20.4,,,,,,,43.4,43.4,43.4,43.4,43.4,43.4,4.84,5.34,5.84,6.34,6.84,7.34,,,,,,,,,,,,,3.2134,3.3634,3.5134,3.6634,3.8134,3.9634,0,0,0,0,0,0
18094,Westerburg,50.563057,7.9699998,,middle,middle,middle,middle,middle,middle,33.6,33.6,33.6,33.6,33.6,33.6,,,,,,,201.2,201.2,201.2,201.2,201.2,201.2,1.5,2.0,2.5,3.0,3.5,4.0,,,,,,,,,,,,,2.6542,2.8042,2.9542,3.1042,3.2542,3.4042,0,0,0,0,0,0
18095,Wittlich,49.986111,6.8888888,,middle,middle,middle,middle,middle,middle,59.2,59.2,59.2,59.2,59.2,59.2,,,,,,,554.2,554.2,554.2,554.2,554.2,554.2,1.36,1.86,2.36,2.86,3.36,3.86,,,,,,,,,,,,,2.9357,3.0857,3.2357,3.3857,3.5357,3.6857,0,0,0,0,0,0
18096,Wolfstein,49.583611,7.606111,,middle,middle,middle,middle,middle,middle,47.7,47.7,47.7,47.7,47.7,47.7,,,,,,,176.6,176.6,176.6,176.6,176.6,176.6,0.0,0.25,0.75,1.25,1.75,2.25,,,,,,,,,,,,,2.0717,2.1467,2.2967,2.4467,2.5967,2.7467,0,0,0,0,0,0
18097,Worms,49.629723,8.3616667,,middle,middle,middle,middle,middle,middle,1.2,1.2,1.2,1.2,1.2,1.2,96.0,96.0,96.0,96.0,96.0,96.0,115.7,115.7,115.7,115.7,115.7,115.7,8.0,8.0,8.0,8.0,8.0,8.0,14500.0,17000.0,13500.0,10000.0,8000.0,6000.0,1.208,1.172,0.794,0.741,0.8,0.75,4.7894,4.7894,4.7894,4.7894,4.7894,4.7894,3,3,2,2,2,2
18098,Zell,50.027222,7.1819444,,middle,middle,middle,middle,middle,middle,38.3,38.3,38.3,38.3,38.3,38.3,,,,,,,230.0,230.0,230.0,230.0,230.0,230.0,5.6,6.1,6.6,7.1,7.6,8.0,,,,,,,,,,,,,3.8783,4.0283,4.1783,4.3283,4.4783,4.5983,0,0,0,0,0,0
18099,Zweibruecken,49.249168,7.3630557,,middle,middle,middle,middle,middle,middle,80.8,80.8,80.8,80.8,80.8,80.8,300.0,300.0,300.0,300.0,300.0,300.0,115.6,115.6,115.6,115.6,115.6,115.6,0.8,1.3,1.8,2.3,2.8,3.3,1000.0,1000.0,1000.0,1000.0,1000.0,1000.0,1.0,1.0,1.0,1.0,1.0,1.0,2.1434,2.2934,2.4434,2.5934,2.7434,2.8934,0,0,0,0,0,0
19001,Blieskastel,49.236946,7.2580557,,middle,middle,middle,middle,middle,middle,88.6,88.6,88.6,88.6,88.6,88.6,,,,,,,352.3,352.3,352.3,352.3,352.3,352.3,3.5,4.0,4.5,5.0,5.5,6.0,,,,,,,,,,,,,3.3969,3.5469,3.6969,3.8469,3.9969,4.1469,0,0,0,0,0,0
19002,Dillingen,49.351387,6.7266665,,middle,middle,middle,middle,middle,middle,108.4,108.4,108.4,108.4,108.4,108.4,,,,,,,371.7,371.7,371.7,371.7,371.7,371.7,3.0,3.5,4.0,4.5,5.0,5.5,,,,,,,,,,,,,3.2683,3.4183,3.5683,3.7183,3.8683,4.0183,0,0,0,0,0,0
19003,Dudweiler,49.275555,7.0358334,,middle,middle,middle,middle,middle,middle,98.8,98.8,98.8,98.8,98.8,98.8,,,,,,,63.0,63.0,63.0,63.0,63.0,63.0,4.5,5.0,5.5,6.0,6.5,7.0,,,,,,,,,,,,,3.0136,3.1636,3.3136,3.4636,3.6136,3.7636,0,0,0,0,0,0
19004,Homburg,49.323612,7.3400002,,middle,middle,middle,middle,middle,middle,81.2,81.2,81.2,81.2,81.2,81.2,,,,,,,204.5,204.5,204.5,204.5,204.5,204.5,0.78,1.28,1.78,2.28,2.78,3.28,,,,,,,,,,,,,2.3641,2.5141,2.6641,2.8141,2.9641,3.1141,0,0,0,0,0,0
19005,Merzig,49.443333,6.6424999,,middle,middle,middle,middle,middle,middle,106.3,106.3,106.3,106.3,106.3,106.3,,,,,,,332.4,332.4,332.4,332.4,332.4,332.4,8.0,8.0,8.0,8.0,8.0,8.0,,,,,,,,,,,,,4.7238,4.7238,4.7238,4.7238,4.7238,4.7238,0,0,0,0,0,0
19006,Neunkirchen,49.345276,7.1780558,,middle,middle,middle,middle,middle,middle,86.4,86.4,86.4,86.4,86.4,86.4,,,,,,,92.2,92.2,92.2,92.2,92.2,92.2,4.83,5.33,5.83,6.33,6.83,7.33,,,,,,,,,,,,,3.2629,3.4129,3.5629,3.7129,3.8629,4.0129,0,0,0,0,0,0
19007,Ottweiler,49.402222,7.1619444,,middle,middle,middle,middle,middle,middle,82.1,82.1,82.1,82.1,82.1,82.1,,,,,,,108.7,108.7,108.7,108.7,108.7,108.7,0.0,0.0,0.0,0.07,0.57,1.07,,,,,,,,,,,,,1.8792,1.8792,1.8792,1.9002,2.0502,2.2002,0,0,0,0,0,0
19008,Alt-Saarbruecken,49.230278,6.9924998,,middle,middle,middle,middle,middle,middle,104.7,104.7,104.7,104.7,104.7,104.7,,,,,,,1396.2,1396.2,1396.2,1396.2,1396.2,1396.2,8.0,8.0,8.0,8.0,8.0,8.0,,,,,,,,,,,,,5.2969,5.2969,5.2969,5.2969,5.2969,5.2969,0,0,0,0,0,0
19010,"Saarbruecken, Malstatt-Burbach",49.241943,6.9738889,,middle,middle,middle,middle,middle,middle,104.6,104.6,104.6,104.6,104.6,104.6,,,,,,,101.6,101.6,101.6,101.6,101.6,101.6,2.9,3.4,3.9,4.4,4.9,5.4,,,,,,,,,,,,,2.7225,2.8725,3.0225,3.1725,3.3225,3.4725,0,0,0,0,0,0
19011,"Saarbruecken, St. Johann",49.232777,6.9963889,,middle,middle,middle,middle,middle,middle,104.3,104.3,104.3,104.3,104.3,104.3,230.0,230.0,230.0,230.0,230.0,230.0,76.8,76.8,76.8,76.8,76.8,76.8,8.0,8.0,8.0,8.0,8.0,8.0,3000.0,3000.0,2500.0,2000.0,1500.0,1000.0,1.0,1.0,0.833,0.8,0.75,0.667,4.1416,4.1416,4.1416,4.1416,4.1416,4.1416,1,1,0,0,0,0
19012,Saarlouis,49.314724,6.749722,,middle,middle,middle,middle,middle,middle,109.8,109.8,109.8,109.8,109.8,109.8,181.0,181.0,181.0,181.0,181.0,181.0,6039.8,6039.8,6039.8,6039.8,6039.8,6039.8,0.0,0.0,0.0,0.0,0.0,0.0,0.0,0.0,0.0,0.0,0.0,0.0,,,,,,,3.4825,3.4825,3.4825,3.4825,3.4825,3.4825,0,0,0,0,0,0
19013,St. Ingbert,49.278889,7.1149998,,middle,middle,middle,middle,middle,middle,95.1,95.1,95.1,95.1,95.1,95.1,,,,,,,142.1,142.1,142.1,142.1,142.1,142.1,8.0,8.0,8.0,8.0,8.0,8.0,,,,,,,,,,,,,4.3855,4.3855,4.3855,4.3855,4.3855,4.3855,0,0,0,0,0,0
19014,St. Wendel,49.468056,7.1725001,,middle,middle,middle,middle,middle,middle,76.1,76.1,76.1,76.1,76.1,76.1,,,,,,,310.2,310.2,310.2,310.2,310.2,310.2,0.7,1.2,1.7,2.2,2.7,3.2,,,,,,,,,,,,,2.5061,2.6561,2.8061,2.9561,3.1061,3.2561,0,0,0,0,0,0
19015,Sulzbach,49.298889,7.0599999,,middle,middle,middle,middle,middle,middle,95.7,95.7,95.7,95.7,95.7,95.7,,,,,,,165.0,165.0,165.0,165.0,165.0,165.0,0.0,0.0,0.04,0.54,1.04,1.54,,,,,,,,,,,,,2.0447,2.0447,2.0567,2.2067,2.3567,2.5067,0,0,0,0,0,0
19016,Voelklingen,49.249443,6.8541665,,middle,middle,middle,middle,middle,middle,109.6,109.6,109.6,109.6,109.6,109.6,,,,,,,3714.2,3714.2,3714.2,3714.2,3714.2,3714.2,4.28,4.78,5.28,5.78,6.28,6.78,,,,,,,,,,,,,4.5721,4.7221,4.8721,5.0221,5.1721,5.3221,0,0,0,0,0,0
20001,Adelsheim,49.401943,9.3913889,,middle,middle,middle,middle,middle,middle,40.9,40.9,40.9,40.9,40.9,40.9,,,,,,,76.6,76.6,76.6,76.6,76.6,76.6,0.11,0.61,1.11,1.61,2.11,2.61,,,,,,,,,,,,,1.7735,1.9235,2.0735,2.2235,2.3735,2.5235,0,0,0,0,0,0
20002,Ballenberg,49.403057,9.5500002,,middle,middle,middle,middle,middle,middle,45.8,45.8,45.8,45.8,45.8,45.8,,,,,,,122.3,122.3,122.3,122.3,122.3,122.3,0.38,0.88,1.38,1.88,2.38,2.88,,,,,,,,,,,,,2.0398,2.1898,2.3398,2.4898,2.6398,2.7898,0,0,0,0,0,0
20003,Boxberg,49.484722,9.6427774,,middle,middle,middle,middle,middle,middle,43.1,43.1,43.1,43.1,43.1,43.1,,,,,,,135.3,135.3,135.3,135.3,135.3,135.3,0.37,0.87,1.37,1.87,2.37,2.87,,,,,,,,,,,,,2.0768,2.2268,2.3768,2.5268,2.6768,2.8268,0,0,0,0,0,0
20004,Bretten,49.036945,8.7066669,,middle,middle,middle,middle,middle,middle,44.0,44.0,44.0,44.0,44.0,44.0,,,,,,,80.7,80.7,80.7,80.7,80.7,80.7,4.84,5.34,5.84,6.34,6.84,7.34,,,,,,,,,,,,,3.2132,3.3632,3.5132,3.6632,3.8132,3.9632,0,0,0,0,0,0
20005,Bruchsal,49.125557,8.5974998,,middle,middle,middle,middle,middle,middle,31.9,31.9,31.9,31.9,31.9,31.9,114.0,114.0,114.0,114.0,114.0,114.0,94.1,94.1,94.1,94.1,94.1,94.1,2.74,3.24,3.74,4.24,4.74,5.24,1000.0,1000.0,1000.0,1000.0,1000.0,1000.0,1.0,1.0,1.0,1.0,1.0,1.0,2.7458,2.8958,3.0458,3.1958,3.3458,3.4958,0,0,0,0,0,0
20006,Buchen,49.521667,9.3230553,,middle,middle,middle,middle,middle,middle,26.7,26.7,26.7,26.7,26.7,26.7,,,,,,,180.4,180.4,180.4,180.4,180.4,180.4,4.76,5.26,5.76,6.26,6.76,7.26,,,,,,,,,,,,,3.6746,3.8246,3.9746,4.1246,4.2746,4.4246,0,0,0,0,0,0
20007,Eberbach,49.462502,8.9877777,,middle,middle,middle,middle,middle,middle,24.2,24.2,24.2,24.2,24.2,24.2,,,,,,,177.9,177.9,177.9,177.9,177.9,177.9,6.14,6.64,7.14,7.64,8.0,8.0,,,,,,,,,,,,,4.1138,4.2638,4.4138,4.5638,4.6718,4.6718,0,0,0,0,0,0
20008,Eppingen,49.137501,8.9088888,,middle,middle,middle,middle,middle,middle,38.5,38.5,38.5,38.5,38.5,38.5,,,,,,,102.3,102.3,102.3,102.3,102.3,102.3,3.5,4.0,4.5,5.0,5.5,6.0,,,,,,,,,,,,,2.9234,3.0734,3.2234,3.3734,3.5234,3.6734,0,0,0,0,0,0
20009,Ettlingen,48.941944,8.4058332,,south,south,south,south,south,south,50.7,50.7,50.7,50.7,50.7,50.7,,,,,,,140.6,140.6,140.6,140.6,140.6,140.6,4.62,5.12,5.62,6.12,6.62,7.12,,,,,,,,,,,,,3.5673,3.7173,3.8673,4.0173,4.1673,4.3173,0,0,0,0,0,0
20010,Freudenberg am Main,49.74139,9.3230553,,middle,middle,middle,middle,middle,middle,8.5,8.5,8.5,8.5,8.5,8.5,,,,,,,134.4,134.4,134.4,134.4,134.4,134.4,0.55,1.05,1.55,2.05,2.55,3.05,,,,,,,,,,,,,2.5219,2.6719,2.8219,2.9719,3.1219,3.2719,2,2,2,2,2,2
20011,Gochsheim,49.102222,8.7416668,,middle,middle,middle,middle,middle,middle,38.3,38.3,38.3,38.3,38.3,38.3,,,,,,,91.3,91.3,91.3,91.3,91.3,91.3,3.82,4.32,4.82,5.32,5.82,6.32,,,,,,,,,,,,,2.9778,3.1278,3.2778,3.4278,3.5778,3.7278,0,0,0,0,0,0
20012,Gruensfeld,49.607498,9.7444448,,middle,middle,middle,middle,middle,middle,41.9,41.9,41.9,41.9,41.9,41.9,,,,,,,204.9,204.9,204.9,204.9,204.9,204.9,5.5,6.0,6.5,7.0,7.5,8.0,,,,,,,,,,,,,3.781,3.931,4.081,4.231,4.381,4.531,0,0,0,0,0,0
20013,Heidelberg,49.410557,8.7038889,,middle,middle,middle,middle,middle,middle,5.0,5.0,5.0,5.0,5.0,5.0,311.0,311.0,311.0,311.0,311.0,311.0,99.8,99.8,99.8,99.8,99.8,99.8,0.54,1.04,1.54,2.04,2.54,3.04,6500.0,10000.0,7500.0,5000.0,6500.0,8000.0,2.167,1.538,0.75,0.667,1.3,1.231,2.445,2.595,2.745,2.895,3.045,3.195,2,3,2,2,2,2
20014,Heidelsheim,49.101112,8.643611,,middle,middle,middle,middle,middle,middle,35.6,35.6,35.6,35.6,35.6,35.6,,,,,,,37.4,37.4,37.4,37.4,37.4,37.4,4.8,5.3,5.8,6.3,6.8,7.3,,,,,,,,,,,,,2.954,3.104,3.254,3.404,3.554,3.704,0,0,0,0,0,0
20015,Hilsbach,49.19611,8.8599997,,middle,middle,middle,middle,middle,middle,31.1,31.1,31.1,31.1,31.1,31.1,,,,,,,85.6,85.6,85.6,85.6,85.6,85.6,4.52,5.02,5.52,6.02,6.52,7.02,,,,,,,,,,,,,3.2516,3.4016,3.5516,3.7016,3.8516,4.0016,0,0,0,0,0,0
20016,Hockenheim,49.31889,8.5472221,,middle,middle,middle,middle,middle,middle,10.9,10.9,10.9,10.9,10.9,10.9,,,,,,,94.1,94.1,94.1,94.1,94.1,94.1,4.81,5.31,5.81,6.31,6.81,7.31,,,,,,,,,,,,,3.6286,3.7786,3.9286,4.0786,4.2286,4.3786,2,2,2,2,2,2
20017,Karlsruhe,49.009445,8.4047222,,middle,middle,middle,middle,middle,middle,43.2,43.2,43.2,43.2,43.2,43.2,115.0,115.0,115.0,115.0,115.0,115.0,162.1,162.1,162.1,162.1,162.1,162.1,0.0,0.0,0.0,0.0,0.0,0.0,0.0,0.0,0.0,0.0,0.0,0.0,,,,,,,2.0376,2.0376,2.0376,2.0376,2.0376,2.0376,0,0,0,0,0,0
20018,Karlsruhe-Durlach,48.999443,8.4705553,,south,south,south,south,south,south,44.2,44.2,44.2,44.2,44.2,44.2,,,,,,,137.4,137.4,137.4,137.4,137.4,137.4,1.4,1.9,2.4,2.9,3.4,3.9,,,,,,,,,,,,,2.592,2.742,2.892,3.042,3.192,3.342,0,0,0,0,0,0
20019,Koenigshofen,49.548332,9.7299995,,middle,middle,middle,middle,middle,middle,43.9,43.9,43.9,43.9,43.9,43.9,,,,,,,41.2,41.2,41.2,41.2,41.2,41.2,4.27,4.77,5.27,5.77,6.27,6.77,,,,,,,,,,,,,2.7779,2.9279,3.0779,3.2279,3.3779,3.5279,0,0,0,0,0,0
20020,Krautheim,49.384724,9.6341667,,middle,middle,middle,middle,middle,middle,51.0,51.0,51.0,51.0,51.0,51.0,,,,,,,93.6,93.6,93.6,93.6,93.6,93.6,0.0,0.0,0.0,0.35,0.85,1.35,,,,,,,,,,,,,1.8197,1.8197,1.8197,1.9247,2.0747,2.2247,0,0,0,0,0,0
20021,Kuelsheim,49.670834,9.5174999,,middle,middle,middle,middle,middle,middle,24.1,24.1,24.1,24.1,24.1,24.1,,,,,,,186.5,186.5,186.5,186.5,186.5,186.5,4.95,5.45,5.95,6.45,6.95,7.45,,,,,,,,,,,,,3.7773,3.9273,4.0773,4.2273,4.3773,4.5273,0,0,0,0,0,0
20022,Ladenburg,49.471943,8.6102781,,middle,middle,middle,middle,middle,middle,4.6,4.6,4.6,4.6,4.6,4.6,,,,,,,75.0,75.0,75.0,75.0,75.0,75.0,8.0,8.0,8.0,8.0,8.0,8.0,,,,,,,,,,,,,4.5747,4.5747,4.5747,4.5747,4.5747,4.5747,2,2,2,2,2,2
20023,Lauda,49.57,9.7008333,,middle,middle,middle,middle,middle,middle,40.9,40.9,40.9,40.9,40.9,40.9,,,,,,,36.4,36.4,36.4,36.4,36.4,36.4,1.0,1.5,2.0,2.5,3.0,3.5,,,,,,,,,,,,,1.7488,1.8988,2.0488,2.1988,2.3488,2.4988,0,0,0,0,0,0
20024,Mannheim,49.488888,8.4624996,,middle,middle,middle,middle,middle,middle,1.0,1.0,1.0,1.0,1.0,1.0,95.0,95.0,95.0,95.0,95.0,95.0,66.6,66.6,66.6,66.6,66.6,66.6,4.84,5.34,5.84,6.34,6.84,7.34,1000.0,1000.0,1000.0,1000.0,1000.0,1000.0,1.0,1.0,1.0,1.0,1.0,1.0,3.6249,3.7749,3.9249,4.0749,4.2249,4.3749,2,2,2,2,2,2
20025,Mosbach,49.352501,9.1477776,,middle,middle,middle,middle,middle,middle,37.1,37.1,37.1,37.1,37.1,37.1,,,,,,,222.0,222.0,222.0,222.0,222.0,222.0,5.14,5.64,6.14,6.64,7.14,7.64,,,,,,,,,,,,,3.7414,3.8914,4.0414,4.1914,4.3414,4.4914,0,0,0,0,0,0
20026,Neckarbischofsheim,49.294445,8.9608335,,middle,middle,middle,middle,middle,middle,27.6,27.6,27.6,27.6,27.6,27.6,,,,,,,141.3,141.3,141.3,141.3,141.3,141.3,2.62,3.12,3.62,4.12,4.62,5.12,,,,,,,,,,,,,2.9244,3.0744,3.2244,3.3744,3.5244,3.6744,0,0,0,0,0,0
20027,Neckargemuend,49.394444,8.7972221,,middle,middle,middle,middle,middle,middle,11.6,11.6,11.6,11.6,11.6,11.6,,,,,,,66.6,66.6,66.6,66.6,66.6,66.6,2.62,3.12,3.62,4.12,4.62,5.12,,,,,,,,,,,,,2.8265,2.9765,3.1265,3.2765,3.4265,3.5765,2,2,2,2,2,2
20028,Neudenau,49.2925,9.2705555,,middle,middle,middle,middle,middle,middle,47.6,47.6,47.6,47.6,47.6,47.6,,,,,,,97.4,97.4,97.4,97.4,97.4,97.4,0.0,0.49,0.99,1.49,1.99,2.49,,,,,,,,,,,,,1.8356,1.9826,2.1326,2.2826,2.4326,2.5826,0,0,0,0,0,0
20029,Obergrombach,49.077221,8.5847225,,middle,middle,middle,middle,middle,middle,36.7,36.7,36.7,36.7,36.7,36.7,,,,,,,116.6,116.6,116.6,116.6,116.6,116.6,4.61,5.11,5.61,6.11,6.61,7.11,,,,,,,,,,,,,3.3308,3.4808,3.6308,3.7808,3.9308,4.0808,0,0,0,0,0,0
20030,Osterburken,49.428333,9.4261112,,middle,middle,middle,middle,middle,middle,39.1,39.1,39.1,39.1,39.1,39.1,,,,,,,117.9,117.9,117.9,117.9,117.9,117.9,4.74,5.24,5.74,6.24,6.74,7.24,,,,,,,,,,,,,3.3447,3.4947,3.6447,3.7947,3.9447,4.0947,0,0,0,0,0,0
20031,Pforzheim,48.891109,8.6988888,,south,south,south,south,south,south,58.9,58.9,58.9,58.9,58.9,58.9,261.0,261.0,261.0,261.0,261.0,261.0,149.2,149.2,149.2,149.2,149.2,149.2,8.0,8.0,8.0,8.0,8.0,8.0,2000.0,2000.0,1500.0,1000.0,2000.0,3000.0,1.0,1.0,0.75,0.667,2.0,1.5,4.6049,4.6049,4.6049,4.6049,4.6049,4.6049,0,0,0,0,0,2
20032,Philippsburg,49.236111,8.4533329,,middle,middle,middle,middle,middle,middle,17.8,17.8,17.8,17.8,17.8,17.8,,,,,,,126.7,126.7,126.7,126.7,126.7,126.7,0.59,1.09,1.59,2.09,2.59,3.09,,,,,,,,,,,,,2.3937,2.5437,2.6937,2.8437,2.9937,3.1437,0,0,0,0,0,0
20033,Rotenberg,49.258335,8.7155552,,middle,middle,middle,middle,middle,middle,20.9,20.9,20.9,20.9,20.9,20.9,,,,,,,96.6,96.6,96.6,96.6,96.6,96.6,2.5,3.0,3.5,4.0,4.5,5.0,,,,,,,,,,,,,2.8217,2.9717,3.1217,3.2717,3.4217,3.5717,0,0,0,0,0,0
20034,Schoenau,49.435833,8.8094444,,middle,middle,middle,middle,middle,middle,11.3,11.3,11.3,11.3,11.3,11.3,,,,,,,96.3,96.3,96.3,96.3,96.3,96.3,1.08,1.58,2.08,2.58,3.08,3.58,,,,,,,,,,,,,2.5146,2.6646,2.8146,2.9646,3.1146,3.2646,2,2,2,2,2,2
20035,Schwetzingen,49.384445,8.5741663,,middle,middle,middle,middle,middle,middle,8.6,8.6,8.6,8.6,8.6,8.6,,,,,,,89.1,89.1,89.1,89.1,89.1,89.1,4.85,5.35,5.85,6.35,6.85,7.35,,,,,,,,,,,,,3.6481,3.7981,3.9481,4.0981,4.2481,4.3981,2,2,2,2,2,2
20036,Sinsheim,49.252777,8.8786116,,middle,middle,middle,middle,middle,middle,26.6,26.6,26.6,26.6,26.6,26.6,,,,,,,78.9,78.9,78.9,78.9,78.9,78.9,4.8,5.3,5.8,6.3,6.8,7.3,,,,,,,,,,,,,3.3601,3.5101,3.6601,3.8101,3.9601,4.1101,0,0,0,0,0,0
20037,Tauberbischofsheim,49.621944,9.6625004,,middle,middle,middle,middle,middle,middle,35.8,35.8,35.8,35.8,35.8,35.8,,,,,,,160.3,160.3,160.3,160.3,160.3,160.3,5.5,6.0,6.5,7.0,7.5,8.0,,,,,,,,,,,,,3.7356,3.8856,4.0356,4.1856,4.3356,4.4856,0,0,0,0,0,0
20038,Unteroewisheim,49.143055,8.6683331,,middle,middle,middle,middle,middle,middle,32.1,32.1,32.1,32.1,32.1,32.1,,,,,,,70.5,70.5,70.5,70.5,70.5,70.5,4.79,5.29,5.79,6.29,6.79,7.29,,,,,,,,,,,,,3.2428,3.3928,3.5428,3.6928,3.8428,3.9928,0,0,0,0,0,0
20039,Waibstadt,49.299721,8.9200001,,middle,middle,middle,middle,middle,middle,24.9,24.9,24.9,24.9,24.9,24.9,,,,,,,61.6,61.6,61.6,61.6,61.6,61.6,4.55,5.05,5.55,6.05,6.55,7.05,,,,,,,,,,,,,3.2085,3.3585,3.5085,3.6585,3.8085,3.9585,0,0,0,0,0,0
20040,Walldorf,49.303055,8.6424999,,middle,middle,middle,middle,middle,middle,15.4,15.4,15.4,15.4,15.4,15.4,,,,,,,86.0,86.0,86.0,86.0,86.0,86.0,4.81,5.31,5.81,6.31,6.81,7.31,,,,,,,,,,,,,3.5365,3.6865,3.8365,3.9865,4.1365,4.2865,0,0,0,0,0,0
20041,Wallduern,49.582222,9.3680553,,middle,middle,middle,middle,middle,middle,22.0,22.0,22.0,22.0,22.0,22.0,,,,,,,162.0,162.0,162.0,162.0,162.0,162.0,4.55,5.05,5.55,6.05,6.55,7.05,,,,,,,,,,,,,3.628,3.778,3.928,4.078,4.228,4.378,0,0,0,0,0,0
20042,Weinheim,49.550556,8.6705551,,middle,middle,middle,middle,middle,middle,12.2,12.2,12.2,12.2,12.2,12.2,,,,,,,126.2,126.2,126.2,126.2,126.2,126.2,7.5,8.0,8.0,8.0,8.0,8.0,,,,,,,,,,,,,4.536,4.686,4.686,4.686,4.686,4.686,2,2,2,2,2,2
20043,Wertheim,49.759445,9.5166664,,middle,middle,middle,middle,middle,middle,22.4,22.4,22.4,22.4,22.4,22.4,,,,,,,120.2,120.2,120.2,120.2,120.2,120.2,4.5,5.0,5.5,6.0,6.5,7.0,,,,,,,,,,,,,3.4889,3.6389,3.7889,3.9389,4.0889,4.2389,0,0,0,0,0,0
20044,Wiesloch,49.293335,8.7011108,,middle,middle,middle,middle,middle,middle,16.8,16.8,16.8,16.8,16.8,16.8,,,,,,,53.2,53.2,53.2,53.2,53.2,53.2,4.49,4.99,5.49,5.99,6.49,6.99,,,,,,,,,,,,,3.2334,3.3834,3.5334,3.6834,3.8334,3.9834,0,0,0,0,0,0
21001,Aach,47.843056,8.8525,,south,south,south,south,south,south,175.2,175.2,175.2,175.2,175.2,175.2,,,,,,,116.7,116.7,116.7,116.7,116.7,116.7,0.66,1.16,1.66,2.16,2.66,3.16,,,,,,,,,,,,,2.3053,2.4553,2.6053,2.7553,2.9053,3.0553,0,0,0,0,0,0
21002,Achern,48.628613,8.0741663,,south,south,south,south,south,south,89.8,89.8,89.8,89.8,89.8,89.8,,,,,,,86.3,86.3,86.3,86.3,86.3,86.3,2.0,2.5,3.0,3.5,4.0,4.5,,,,,,,,,,,,,2.5879,2.7379,2.8879,3.0379,3.1879,3.3379,0,0,0,0,0,0
21003,Baden-Baden,48.761665,8.2397223,,south,south,south,south,south,south,72.3,72.3,72.3,72.3,72.3,72.3,161.0,161.0,161.0,161.0,161.0,161.0,110.0,110.0,110.0,110.0,110.0,110.0,2.04,2.54,3.04,3.54,4.04,4.54,1500.0,2000.0,1500.0,1000.0,1000.0,1000.0,1.5,1.333,0.75,0.667,1.0,1.0,2.6958,2.8458,2.9958,3.1458,3.2958,3.4458,0,0,0,0,0,0
21004,St. Blasien,47.761391,8.125556,,south,south,south,south,south,south,183.4,183.4,183.4,183.4,183.4,183.4,,,,,,,277.9,277.9,277.9,277.9,277.9,277.9,3.92,4.42,4.92,5.42,5.92,6.42,,,,,,,,,,,,,3.6283,3.7783,3.9283,4.0783,4.2283,4.3783,0,0,0,0,0,0
21005,Blumberg,47.839443,8.5341663,,south,south,south,south,south,south,173.2,173.2,173.2,173.2,173.2,173.2,,,,,,,115.8,115.8,115.8,115.8,115.8,115.8,0.0,0.4,0.9,1.4,1.9,2.4,,,,,,,,,,,,,2.1041,2.2241,2.3741,2.5241,2.6741,2.8241,0,0,0,0,0,0
21006,Blumenfeld,47.813889,8.6830559,,south,south,south,south,south,south,176.8,176.8,176.8,176.8,176.8,176.8,,,,,,,219.0,219.0,219.0,219.0,219.0,219.0,0.0,0.25,0.75,1.25,1.75,2.25,,,,,,,,,,,,,2.3575,2.4325,2.5825,2.7325,2.8825,3.0325,0,0,0,0,0,0
21007,Bonndorf,47.819443,8.3430557,,south,south,south,south,south,south,175.6,175.6,175.6,175.6,175.6,175.6,,,,,,,171.2,171.2,171.2,171.2,171.2,171.2,0.27,0.77,1.27,1.77,2.27,2.77,,,,,,,,,,,,,2.3405,2.4905,2.6405,2.7905,2.9405,3.0905,0,0,0,0,0,0
21008,Braeunlingen,47.93,8.4486113,,south,south,south,south,south,south,163.1,163.1,163.1,163.1,163.1,163.1,,,,,,,90.0,90.0,90.0,90.0,90.0,90.0,0.69,1.19,1.69,2.19,2.69,3.19,,,,,,,,,,,,,2.2111,2.3611,2.5111,2.6611,2.8111,2.9611,0,0,0,0,0,0
21009,Breisach,48.031113,7.5830555,,south,south,south,south,south,south,164.8,164.8,164.8,164.8,164.8,164.8,225.0,225.0,225.0,225.0,225.0,225.0,1974.9,1974.9,1974.9,1974.9,1974.9,1974.9,3.12,3.62,4.12,4.62,5.12,5.62,2500.0,3000.0,2500.0,2000.0,2500.0,3000.0,1.25,1.2,0.833,0.8,1.25,1.2,4.1715,4.3215,4.4715,4.6215,4.7715,4.9215,0,2,0,0,0,2
21010,Buehl,48.69611,8.1363888,,south,south,south,south,south,south,81.3,81.3,81.3,81.3,81.3,81.3,,,,,,,114.1,114.1,114.1,114.1,114.1,114.1,0.0,0.17,0.67,1.17,1.67,2.17,,,,,,,,,,,,,2.0983,2.1493,2.2993,2.4493,2.5993,2.7493,0,0,0,0,0,0
21011,Burkheim,48.100277,7.5972223,,south,south,south,south,south,south,157.3,157.3,157.3,157.3,157.3,157.3,,,,,,,2412.2,2412.2,2412.2,2412.2,2412.2,2412.2,0.19,0.69,1.19,1.69,2.19,2.69,,,,,,,,,,,,,3.3725,3.5225,3.6725,3.8225,3.9725,4.1225,0,0,0,0,0,0
21012,Donaueschingen,47.951389,8.4975004,,south,south,south,south,south,south,160.7,160.7,160.7,160.7,160.7,160.7,,,,,,,58.7,58.7,58.7,58.7,58.7,58.7,3.61,4.11,4.61,5.11,5.61,6.11,,,,,,,,,,,,,2.9186,3.0686,3.2186,3.3686,3.5186,3.6686,0,0,0,0,0,0
21013,Elzach,48.172222,8.0691671,,south,south,south,south,south,south,139.0,139.0,139.0,139.0,139.0,139.0,,,,,,,184.0,184.0,184.0,184.0,184.0,184.0,0.72,1.22,1.72,2.22,2.72,3.22,,,,,,,,,,,,,2.5041,2.6541,2.8041,2.9541,3.1041,3.2541,0,0,0,0,0,0
21014,Emmendingen,48.11972,7.8488889,,south,south,south,south,south,south,148.8,148.8,148.8,148.8,148.8,148.8,,,,,,,137.4,137.4,137.4,137.4,137.4,137.4,1.56,2.06,2.56,3.06,3.56,4.06,,,,,,,,,,,,,2.6401,2.7901,2.9401,3.0901,3.2401,3.3901,0,0,0,0,0,0
21015,Endingen,48.140556,7.7030554,,south,south,south,south,south,south,150.1,150.1,150.1,150.1,150.1,150.1,,,,,,,176.8,176.8,176.8,176.8,176.8,176.8,4.87,5.37,5.87,6.37,6.87,7.37,,,,,,,,,,,,,3.7332,3.8832,4.0332,4.1832,4.3332,4.4832,0,0,0,0,0,0
21016,Engen,47.853889,8.771944,,south,south,south,south,south,south,173.1,173.1,173.1,173.1,173.1,173.1,,,,,,,84.6,84.6,84.6,84.6,84.6,84.6,2.11,2.61,3.11,3.61,4.11,4.61,,,,,,,,,,,,,2.613,2.763,2.913,3.063,3.213,3.363,0,0,0,0,0,0
21017,Ettenheim,48.254444,7.812778,,south,south,south,south,south,south,135.4,135.4,135.4,135.4,135.4,135.4,,,,,,,70.3,70.3,70.3,70.3,70.3,70.3,6.1,6.6,7.1,7.6,8.0,8.0,,,,,,,,,,,,,3.7365,3.8865,4.0365,4.1865,4.3065,4.3065,0,0,0,0,0,0
21018,Freiburg/Br.,47.99472,7.8497224,,south,south,south,south,south,south,162.1,162.1,162.1,162.1,162.1,162.1,273.0,273.0,273.0,273.0,273.0,273.0,194.1,194.1,194.1,194.1,194.1,194.1,1.59,2.09,2.59,3.09,3.59,4.09,9000.0,10000.0,9500.0,9000.0,7500.0,6000.0,1.125,1.111,0.95,0.947,0.833,0.8,2.7864,2.9364,3.0864,3.2364,3.3864,3.5364,2,3,1,1,1,1
21019,Freistett,48.664165,7.9397221,,south,south,south,south,south,south,89.7,89.7,89.7,89.7,89.7,89.7,,,,,,,334.1,334.1,334.1,334.1,334.1,334.1,4.22,4.72,5.22,5.72,6.22,6.72,,,,,,,,,,,,,3.7917,3.9417,4.0917,4.2417,4.3917,4.5417,0,0,0,0,0,0
21020,Fuerstenberg (Suedbaden),47.891945,8.5522223,,south,south,south,south,south,south,167.5,167.5,167.5,167.5,167.5,167.5,,,,,,,61.0,61.0,61.0,61.0,61.0,61.0,0.75,1.25,1.75,2.25,2.75,3.25,,,,,,,,,,,,,2.0756,2.2256,2.3756,2.5256,2.6756,2.8256,0,0,0,0,0,0
21021,Furtwangen,48.051388,8.2052774,,south,south,south,south,south,south,150.7,150.7,150.7,150.7,150.7,150.7,,,,,,,162.1,162.1,162.1,162.1,162.1,162.1,0.71,1.21,1.71,2.21,2.71,3.21,,,,,,,,,,,,,2.4508,2.6008,2.7508,2.9008,3.0508,3.2008,0,0,0,0,0,0
21022,Gaggenau,48.803612,8.3194447,,south,south,south,south,south,south,66.7,66.7,66.7,66.7,66.7,66.7,,,,,,,68.4,68.4,68.4,68.4,68.4,68.4,0.0,0.12,0.62,1.12,1.62,2.12,,,,,,,,,,,,,1.896,1.932,2.082,2.232,2.382,2.532,0,0,0,0,0,0
21023,Geisingen,47.922779,8.6497221,,south,south,south,south,south,south,164.5,164.5,164.5,164.5,164.5,164.5,,,,,,,115.3,115.3,115.3,115.3,115.3,115.3,4.86,5.36,5.86,6.36,6.86,7.36,,,,,,,,,,,,,3.5605,3.7105,3.8605,4.0105,4.1605,4.3105,0,0,0,0,0,0
21024,Gengenbach,48.405556,8.0133333,,south,south,south,south,south,south,114.8,114.8,114.8,114.8,114.8,114.8,,,,,,,106.2,106.2,106.2,106.2,106.2,106.2,4.5,5.0,5.5,6.0,6.5,7.0,,,,,,,,,,,,,3.42,3.57,3.72,3.87,4.02,4.17,0,0,0,0,0,0
21025,St. Georgen,48.12611,8.332222,,south,south,south,south,south,south,141.6,141.6,141.6,141.6,141.6,141.6,,,,,,,100.8,100.8,100.8,100.8,100.8,100.8,1.66,2.16,2.66,3.16,3.66,4.16,,,,,,,,,,,,,2.5472,2.6972,2.8472,2.9972,3.1472,3.2972,0,0,0,0,0,0
21026,Gernsbach,48.763611,8.3374996,,south,south,south,south,south,south,70.9,70.9,70.9,70.9,70.9,70.9,,,,,,,178.3,178.3,178.3,178.3,178.3,178.3,0.31,0.81,1.31,1.81,2.31,2.81,,,,,,,,,,,,,2.3685,2.5185,2.6685,2.8185,2.9685,3.1185,0,0,0,0,0,0
21027,Haslach,48.2775,8.0880556,,south,south,south,south,south,south,127.3,127.3,127.3,127.3,127.3,127.3,,,,,,,95.7,95.7,95.7,95.7,95.7,95.7,1.51,2.01,2.51,3.01,3.51,4.01,,,,,,,,,,,,,2.4816,2.6316,2.7816,2.9316,3.0816,3.2316,0,0,0,0,0,0
21028,Hauenstein,47.581944,8.1072226,,south,south,south,south,south,south,203.4,203.4,203.4,203.4,203.4,203.4,,,,,,,1679.3,1679.3,1679.3,1679.3,1679.3,1679.3,1.42,1.92,2.42,2.92,3.42,3.92,,,,,,,,,,,,,3.5967,3.7467,3.8967,4.0467,4.1967,4.3467,0,0,0,0,0,0
21029,Hausach,48.28389,8.1711111,,south,south,south,south,south,south,125.5,125.5,125.5,125.5,125.5,125.5,,,,,,,74.9,74.9,74.9,74.9,74.9,74.9,1.64,2.14,2.64,3.14,3.64,4.14,,,,,,,,,,,,,2.4238,2.5738,2.7238,2.8738,3.0238,3.1738,0,0,0,0,0,0
21030,Heitersheim,47.871666,7.6647224,,south,south,south,south,south,south,179.2,179.2,179.2,179.2,179.2,179.2,,,,,,,83.4,83.4,83.4,83.4,83.4,83.4,4.73,5.23,5.73,6.23,6.73,7.23,,,,,,,,,,,,,3.3934,3.5434,3.6934,3.8434,3.9934,4.1434,0,0,0,0,0,0
21031,Herbolzheim,48.224167,7.7775002,,south,south,south,south,south,south,139.5,139.5,139.5,139.5,139.5,139.5,,,,,,,123.5,123.5,123.5,123.5,123.5,123.5,3.5,4.0,4.5,5.0,5.5,6.0,,,,,,,,,,,,,3.1799,3.3299,3.4799,3.6299,3.7799,3.9299,0,0,0,0,0,0
21032,Hornberg,48.212502,8.2299995,,south,south,south,south,south,south,132.7,132.7,132.7,132.7,132.7,132.7,,,,,,,92.4,92.4,92.4,92.4,92.4,92.4,0.0,0.25,0.75,1.25,1.75,2.25,,,,,,,,,,,,,2.0149,2.0899,2.2399,2.3899,2.5399,2.6899,0,0,0,0,0,0
21033,Huefingen,47.925278,8.4888887,,south,south,south,south,south,south,163.6,163.6,163.6,163.6,163.6,163.6,,,,,,,29.2,29.2,29.2,29.2,29.2,29.2,8.0,8.0,8.0,8.0,8.0,8.0,,,,,,,,,,,,,3.9627,3.9627,3.9627,3.9627,3.9627,3.9627,0,0,0,0,0,0
21034,Kandern,47.714722,7.6627779,,south,south,south,south,south,south,195.9,195.9,195.9,195.9,195.9,195.9,,,,,,,146.4,146.4,146.4,146.4,146.4,146.4,4.6,5.1,5.6,6.1,6.6,7.1,,,,,,,,,,,,,3.5772,3.7272,3.8772,4.0272,4.1772,4.3272,0,0,0,0,0,0
21035,Kehl,48.572224,7.8130555,,south,south,south,south,south,south,102.9,102.9,102.9,102.9,102.9,102.9,140.0,140.0,140.0,140.0,140.0,140.0,1614.9,1614.9,1614.9,1614.9,1614.9,1614.9,0.0,0.01,0.51,1.01,1.51,2.01,12500.0,15000.0,16000.0,17000.0,18500.0,20000.0,1.25,1.2,1.067,1.062,1.088,1.081,3.1551,3.1581,3.3081,3.4581,3.6081,3.7581,3,3,3,3,3,3
21036,Kenzingen,48.19278,7.769722,,south,south,south,south,south,south,143.0,143.0,143.0,143.0,143.0,143.0,,,,,,,57.3,57.3,57.3,57.3,57.3,57.3,4.77,5.27,5.77,6.27,6.77,7.27,,,,,,,,,,,,,3.257,3.407,3.557,3.707,3.857,4.007,0,0,0,0,0,0
21037,Konstanz,47.662498,9.1758337,,south,south,south,south,south,south,200.0,200.0,200.0,200.0,200.0,200.0,405.0,405.0,405.0,405.0,405.0,405.0,6039.8,6039.8,6039.8,6039.8,6039.8,6039.8,8.0,8.0,8.0,8.0,8.0,8.0,2000.0,2000.0,1500.0,1000.0,1000.0,1000.0,1.0,1.0,0.75,0.667,1.0,1.0,6.0792,6.0792,6.0792,6.0792,6.0792,6.0792,0,0,0,0,0,0
21038,Kuppenheim,48.827499,8.2541666,,south,south,south,south,south,south,64.9,64.9,64.9,64.9,64.9,64.9,,,,,,,66.4,66.4,66.4,66.4,66.4,66.4,1.75,2.25,2.75,3.25,3.75,4.25,,,,,,,,,,,,,2.4095,2.5595,2.7095,2.8595,3.0095,3.1595,0,0,0,0,0,0
21039,Lahr,48.33889,7.8741665,,south,south,south,south,south,south,125.0,125.0,125.0,125.0,125.0,125.0,170.0,170.0,170.0,170.0,170.0,170.0,200.1,200.1,200.1,200.1,200.1,200.1,0.35,0.85,1.35,1.85,2.35,2.85,1000.0,1000.0,1000.0,1000.0,1000.0,1000.0,1.0,1.0,1.0,1.0,1.0,1.0,2.4266,2.5766,2.7266,2.8766,3.0266,3.1766,0,0,0,0,0,0
21040,Laufenburg,47.564999,8.0605555,,south,south,south,south,south,south,205.7,205.7,205.7,205.7,205.7,205.7,,,,,,,6039.8,6039.8,6039.8,6039.8,6039.8,6039.8,0.43,0.93,1.43,1.93,2.43,2.93,,,,,,,,,,,,,3.8115,3.9615,4.1115,4.2615,4.4115,4.5615,0,0,0,0,0,0
21041,Lichtenau (Baden),48.725834,8.0086107,,south,south,south,south,south,south,81.4,81.4,81.4,81.4,81.4,81.4,,,,,,,350.4,350.4,350.4,350.4,350.4,350.4,0.0,0.0,0.5,1.0,1.5,2.0,,,,,,,,,,,,,2.5447,2.5447,2.6947,2.8447,2.9947,3.1447,0,0,0,0,0,0
21042,Loeffingen,47.88361,8.3436108,,south,south,south,south,south,south,168.4,168.4,168.4,168.4,168.4,168.4,,,,,,,108.8,108.8,108.8,108.8,108.8,108.8,4.31,4.81,5.31,5.81,6.31,6.81,,,,,,,,,,,,,3.3726,3.5226,3.6726,3.8226,3.9726,4.1226,0,0,0,0,0,0
21043,Loerrach,47.611946,7.6597223,,south,south,south,south,south,south,206.9,206.9,206.9,206.9,206.9,206.9,,,,,,,83.6,83.6,83.6,83.6,83.6,83.6,1.48,1.98,2.48,2.98,3.48,3.98,,,,,,,,,,,,,2.4189,2.5689,2.7189,2.8689,3.0189,3.1689,0,0,0,0,0,0
21044,Mahlberg,48.288055,7.8097224,,south,south,south,south,south,south,132.0,132.0,132.0,132.0,132.0,132.0,,,,,,,264.6,264.6,264.6,264.6,264.6,264.6,0.33,0.83,1.33,1.83,2.33,2.83,,,,,,,,,,,,,2.5318,2.6818,2.8318,2.9818,3.1318,3.2818,0,0,0,0,0,0
21045,Markdorf,47.720276,9.3888893,,south,south,south,south,south,south,198.7,198.7,198.7,198.7,198.7,198.7,,,,,,,259.9,259.9,259.9,259.9,259.9,259.9,4.43,4.93,5.43,5.93,6.43,6.93,,,,,,,,,,,,,3.7547,3.9047,4.0547,4.2047,4.3547,4.5047,0,0,0,0,0,0
21046,Meersburg,47.695,9.2733335,,south,south,south,south,south,south,198.6,198.6,198.6,198.6,198.6,198.6,,,,,,,263.5,263.5,263.5,263.5,263.5,263.5,1.37,1.87,2.37,2.87,3.37,3.87,,,,,,,,,,,,,2.8422,2.9922,3.1422,3.2922,3.4422,3.5922,0,0,0,0,0,0
21047,Messkirch,47.9925,9.1111107,,south,south,south,south,south,south,163.4,163.4,163.4,163.4,163.4,163.4,,,,,,,230.9,230.9,230.9,230.9,230.9,230.9,2.5,3.0,3.5,4.0,4.5,5.0,,,,,,,,,,,,,3.1286,3.2786,3.4286,3.5786,3.7286,3.8786,0,0,0,0,0,0
21048,Moehringen,47.957779,8.7633333,,south,south,south,south,south,south,161.6,161.6,161.6,161.6,161.6,161.6,,,,,,,82.7,82.7,82.7,82.7,82.7,82.7,3.68,4.18,4.68,5.18,5.68,6.18,,,,,,,,,,,,,3.075,3.225,3.375,3.525,3.675,3.825,0,0,0,0,0,0
21049,Muellheim,47.808056,7.6308331,,south,south,south,south,south,south,186.7,186.7,186.7,186.7,186.7,186.7,,,,,,,61.5,61.5,61.5,61.5,61.5,61.5,4.92,5.42,5.92,6.42,6.92,7.42,,,,,,,,,,,,,3.3302,3.4802,3.6302,3.7802,3.9302,4.0802,0,0,0,0,0,0
21050,Neuenburg,47.813889,7.5597224,,south,south,south,south,south,south,187.9,187.9,187.9,187.9,187.9,187.9,,,,,,,6039.8,6039.8,6039.8,6039.8,6039.8,6039.8,0.8,1.3,1.8,2.3,2.8,3.3,,,,,,,,,,,,,3.9225,4.0725,4.2225,4.3725,4.5225,4.6725,0,0,0,0,0,0
21051,Neustadt/Sch.,47.915833,8.2122221,,south,south,south,south,south,south,165.6,165.6,165.6,165.6,165.6,165.6,,,,,,,238.7,238.7,238.7,238.7,238.7,238.7,0.0,0.25,0.75,1.25,1.75,2.25,,,,,,,,,,,,,2.3917,2.4667,2.6167,2.7667,2.9167,3.0667,0,0,0,0,0,0
21052,Oberkirch,48.531666,8.0769444,,south,south,south,south,south,south,100.1,100.1,100.1,100.1,100.1,100.1,,,,,,,103.3,103.3,103.3,103.3,103.3,103.3,0.25,0.75,1.25,1.75,2.25,2.75,,,,,,,,,,,,,2.1338,2.2838,2.4338,2.5838,2.7338,2.8838,0,0,0,0,0,0
21053,Offenburg,48.472221,7.9433331,,south,south,south,south,south,south,109.4,109.4,109.4,109.4,109.4,109.4,,,,,,,152.7,152.7,152.7,152.7,152.7,152.7,3.24,3.74,4.24,4.74,5.24,5.74,,,,,,,,,,,,,3.1861,3.3361,3.4861,3.6361,3.7861,3.9361,0,0,0,0,0,0
21054,Oppenau,48.474445,8.165,,south,south,south,south,south,south,104.7,104.7,104.7,104.7,104.7,104.7,,,,,,,269.0,269.0,269.0,269.0,269.0,269.0,1.78,2.28,2.78,3.28,3.78,4.28,,,,,,,,,,,,,2.9734,3.1234,3.2734,3.4234,3.5734,3.7234,0,0,0,0,0,0
21055,Pfullendorf,47.923611,9.2552776,,south,south,south,south,south,south,174.0,174.0,174.0,174.0,174.0,174.0,,,,,,,268.9,268.9,268.9,268.9,268.9,268.9,1.03,1.53,2.03,2.53,3.03,3.53,,,,,,,,,,,,,2.7483,2.8983,3.0483,3.1983,3.3483,3.4983,0,0,0,0,0,0
21056,Radolfzell,47.738888,8.9686108,,south,south,south,south,south,south,188.2,188.2,188.2,188.2,188.2,188.2,,,,,,,737.2,737.2,737.2,737.2,737.2,737.2,4.5,5.0,5.5,6.0,6.5,7.0,,,,,,,,,,,,,4.1917,4.3417,4.4917,4.6417,4.7917,4.9417,0,0,0,0,0,0
21057,Rastatt,48.857498,8.2025003,,south,south,south,south,south,south,62.7,62.7,62.7,62.7,62.7,62.7,,,,,,,255.7,255.7,255.7,255.7,255.7,255.7,1.65,2.15,2.65,3.15,3.65,4.15,,,,,,,,,,,,,2.9142,3.0642,3.2142,3.3642,3.5142,3.6642,0,0,0,0,0,0
21058,Renchen,48.587776,8.0133333,,south,south,south,south,south,south,95.5,95.5,95.5,95.5,95.5,95.5,,,,,,,86.0,86.0,86.0,86.0,86.0,86.0,1.35,1.85,2.35,2.85,3.35,3.85,,,,,,,,,,,,,2.3915,2.5415,2.6915,2.8415,2.9915,3.1415,0,0,0,0,0,0
21059,Rheinfelden,47.561111,7.7836113,,south,south,south,south,south,south,210.0,210.0,210.0,210.0,210.0,210.0,,,,,,,332.4,332.4,332.4,332.4,332.4,332.4,0.0,0.0,0.0,0.0,0.0,0.0,,,,,,,,,,,,,2.5238,2.5238,2.5238,2.5238,2.5238,2.5238,0,0,0,0,0,0
21060,Saeckingen,47.552502,7.9486113,,south,south,south,south,south,south,208.4,208.4,208.4,208.4,208.4,208.4,,,,,,,332.4,332.4,332.4,332.4,332.4,332.4,3.72,4.22,4.72,5.22,5.72,6.22,,,,,,,,,,,,,3.6398,3.7898,3.9398,4.0898,4.2398,4.3898,0,0,0,0,0,0
21061,Schiltach,48.290001,8.3422222,,south,south,south,south,south,south,123.3,123.3,123.3,123.3,123.3,123.3,,,,,,,97.3,97.3,97.3,97.3,97.3,97.3,3.5,4.0,4.5,5.0,5.5,6.0,,,,,,,,,,,,,3.0853,3.2353,3.3853,3.5353,3.6853,3.8353,0,0,0,0,0,0
21062,Schoenau i. W.,47.785831,7.893889,,south,south,south,south,south,south,183.8,183.8,183.8,183.8,183.8,183.8,,,,,,,128.9,128.9,128.9,128.9,128.9,128.9,1.36,1.86,2.36,2.86,3.36,3.86,,,,,,,,,,,,,2.5548,2.7048,2.8548,3.0048,3.1548,3.3048,0,0,0,0,0,0
21063,Schopfheim,47.650002,7.8227777,,south,south,south,south,south,south,199.7,199.7,199.7,199.7,199.7,199.7,,,,,,,87.2,87.2,87.2,87.2,87.2,87.2,4.43,4.93,5.43,5.93,6.43,6.93,,,,,,,,,,,,,3.3208,3.4708,3.6208,3.7708,3.9208,4.0708,0,0,0,0,0,0
21064,Singen,47.759445,8.835,,south,south,south,south,south,south,184.2,184.2,184.2,184.2,184.2,184.2,,,,,,,1255.6,1255.6,1255.6,1255.6,1255.6,1255.6,4.63,5.13,5.63,6.13,6.63,7.13,,,,,,,,,,,,,4.4435,4.5935,4.7435,4.8935,5.0435,5.1935,0,0,0,0,0,0
21065,Staufen,47.88028,7.729722,,south,south,south,south,south,south,176.8,176.8,176.8,176.8,176.8,176.8,,,,,,,95.3,95.3,95.3,95.3,95.3,95.3,4.8,5.3,5.8,6.3,6.8,7.3,,,,,,,,,,,,,3.4672,3.6172,3.7672,3.9172,4.0672,4.2172,0,0,0,0,0,0
21066,Steinbach,48.728054,8.1594448,,south,south,south,south,south,south,77.4,77.4,77.4,77.4,77.4,77.4,,,,,,,92.9,92.9,92.9,92.9,92.9,92.9,1.8,2.3,2.8,3.3,3.8,4.3,,,,,,,,,,,,,2.5568,2.7068,2.8568,3.0068,3.1568,3.3068,0,0,0,0,0,0
21067,Stockach,47.84861,9.0088892,,south,south,south,south,south,south,176.9,176.9,176.9,176.9,176.9,176.9,,,,,,,194.9,194.9,194.9,194.9,194.9,194.9,1.0,1.5,2.0,2.5,3.0,3.5,,,,,,,,,,,,,2.611,2.761,2.911,3.061,3.211,3.361,0,0,0,0,0,0
21068,Stuehlingen,47.745277,8.4458332,,south,south,south,south,south,south,183.6,183.6,183.6,183.6,183.6,183.6,,,,,,,972.3,972.3,972.3,972.3,972.3,972.3,1.67,2.17,2.67,3.17,3.67,4.17,,,,,,,,,,,,,3.4533,3.6033,3.7533,3.9033,4.0533,4.2033,0,0,0,0,0,0
21069,Sulzburg,47.839722,7.71,,south,south,south,south,south,south,181.6,181.6,181.6,181.6,181.6,181.6,,,,,,,81.2,81.2,81.2,81.2,81.2,81.2,4.1,4.6,5.1,5.6,6.1,6.6,,,,,,,,,,,,,3.1938,3.3438,3.4938,3.6438,3.7938,3.9438,0,0,0,0,0,0
21070,Tengen,47.82111,8.6608334,,south,south,south,south,south,south,175.8,175.8,175.8,175.8,175.8,175.8,,,,,,,114.8,114.8,114.8,114.8,114.8,114.8,1.6,2.1,2.6,3.1,3.6,4.1,,,,,,,,,,,,,2.5806,2.7306,2.8806,3.0306,3.1806,3.3306,0,0,0,0,0,0
21071,Tiengen,47.981945,7.7144446,,south,south,south,south,south,south,166.4,166.4,166.4,166.4,166.4,166.4,,,,,,,139.3,139.3,139.3,139.3,139.3,139.3,3.92,4.42,4.92,5.42,5.92,6.42,,,,,,,,,,,,,3.3535,3.5035,3.6535,3.8035,3.9535,4.1035,0,0,0,0,0,0
21072,Todtnau,47.829166,7.9475002,,south,south,south,south,south,south,178.2,178.2,178.2,178.2,178.2,178.2,,,,,,,246.9,246.9,246.9,246.9,246.9,246.9,0.0,0.12,0.62,1.12,1.62,2.12,,,,,,,,,,,,,2.4053,2.4413,2.5913,2.7413,2.8913,3.0413,0,0,0,0,0,0
21073,Triberg,48.128887,8.2311115,,south,south,south,south,south,south,141.9,141.9,141.9,141.9,141.9,141.9,,,,,,,84.1,84.1,84.1,84.1,84.1,84.1,0.11,0.61,1.11,1.61,2.11,2.61,,,,,,,,,,,,,2.0108,2.1608,2.3108,2.4608,2.6108,2.7608,0,0,0,0,0,0
21074,Ueberlingen,47.768333,9.1591663,,south,south,south,south,south,south,188.3,188.3,188.3,188.3,188.3,188.3,,,,,,,196.8,196.8,196.8,196.8,196.8,196.8,6.37,6.87,7.37,7.87,8.0,8.0,,,,,,,,,,,,,4.2259,4.3759,4.5259,4.6759,4.7149,4.7149,0,0,0,0,0,0
21075,Villingen,48.058056,8.459444,,south,south,south,south,south,south,148.8,148.8,148.8,148.8,148.8,148.8,,,,,,,130.0,130.0,130.0,130.0,130.0,130.0,4.33,4.83,5.33,5.83,6.33,6.83,,,,,,,,,,,,,3.449,3.599,3.749,3.899,4.049,4.199,0,0,0,0,0,0
21076,Voehrenbach,48.045277,8.3044443,,south,south,south,south,south,south,150.7,150.7,150.7,150.7,150.7,150.7,,,,,,,120.3,120.3,120.3,120.3,120.3,120.3,0.06,0.56,1.06,1.56,2.06,2.56,,,,,,,,,,,,,2.1375,2.2875,2.4375,2.5875,2.7375,2.8875,0,0,0,0,0,0
21077,Waldkirch,48.093887,7.9611111,,south,south,south,south,south,south,149.3,149.3,149.3,149.3,149.3,149.3,,,,,,,240.6,240.6,240.6,240.6,240.6,240.6,3.24,3.74,4.24,4.74,5.24,5.74,,,,,,,,,,,,,3.3669,3.5169,3.6669,3.8169,3.9669,4.1169,0,0,0,0,0,0
21078,Waldshut,47.623333,8.2136106,,south,south,south,south,south,south,198.0,198.0,198.0,198.0,198.0,198.0,,,,,,,2688.7,2688.7,2688.7,2688.7,2688.7,2688.7,0.1,0.6,1.1,1.6,2.1,2.6,,,,,,,,,,,,,3.3889,3.5389,3.6889,3.8389,3.9889,4.1389,0,0,0,0,0,0
21079,Wehr,47.629723,7.9044442,,south,south,south,south,south,south,200.6,200.6,200.6,200.6,200.6,200.6,,,,,,,126.7,126.7,126.7,126.7,126.7,126.7,1.58,2.08,2.58,3.08,3.58,4.08,,,,,,,,,,,,,2.6138,2.7638,2.9138,3.0638,3.2138,3.3638,0,0,0,0,0,0
21080,Weil,47.594166,7.6294446,,south,south,south,south,south,south,209.4,209.4,209.4,209.4,209.4,209.4,,,,,,,332.4,332.4,332.4,332.4,332.4,332.4,4.64,5.14,5.64,6.14,6.64,7.14,,,,,,,,,,,,,3.9158,4.0658,4.2158,4.3658,4.5158,4.6658,0,0,0,0,0,0
21081,Wolfach,48.298611,8.2213888,,south,south,south,south,south,south,123.3,123.3,123.3,123.3,123.3,123.3,,,,,,,113.4,113.4,113.4,113.4,113.4,113.4,2.2,2.7,3.2,3.7,4.2,4.7,,,,,,,,,,,,,2.7559,2.9059,3.0559,3.2059,3.3559,3.5059,0,0,0,0,0,0
21082,Zell a. H.,48.346111,8.061944,,south,south,south,south,south,south,120.3,120.3,120.3,120.3,120.3,120.3,,,,,,,107.6,107.6,107.6,107.6,107.6,107.6,1.11,1.61,2.11,2.61,3.11,3.61,,,,,,,,,,,,,2.4079,2.5579,2.7079,2.8579,3.0079,3.1579,0,0,0,0,0,0
21083,Zell i. W.,47.7075,7.8519444,,south,south,south,south,south,south,193.0,193.0,193.0,193.0,193.0,193.0,,,,,,,97.0,97.0,97.0,97.0,97.0,97.0,0.0,0.0,0.29,0.79,1.29,1.79,,,,,,,,,,,,,2.0342,2.0342,2.1212,2.2712,2.4212,2.5712,0,0,0,0,0,0
22001,Abenberg,49.24139,10.963333,,middle,middle,middle,middle,middle,middle,139.0,139.0,139.0,139.0,139.0,139.0,,,,,,,112.1,112.1,112.1,112.1,112.1,112.1,1.93,2.43,2.93,3.43,3.93,4.43,,,,,,,,,,,,,2.4703,2.6203,2.7703,2.9203,3.0703,3.2203,0,0,0,0,0,0
22002,Allersberg,49.251389,11.236389,,middle,middle,middle,middle,middle,middle,156.8,156.8,156.8,156.8,156.8,156.8,,,,,,,153.0,153.0,153.0,153.0,153.0,153.0,2.5,3.0,3.5,4.0,4.5,5.0,,,,,,,,,,,,,2.7648,2.9148,3.0648,3.2148,3.3648,3.5148,0,0,0,0,0,0
22003,Altdorf,49.385834,11.355278,,middle,middle,middle,middle,middle,middle,160.2,160.2,160.2,160.2,160.2,160.2,,,,,,,188.6,188.6,188.6,188.6,188.6,188.6,6.5,7.0,7.5,8.0,8.0,8.0,,,,,,,,,,,,,4.0479,4.1979,4.3479,4.4979,4.4979,4.4979,0,0,0,0,0,0
22004,Alzenau,50.086666,9.0716667,,middle,middle,middle,middle,middle,middle,8.8,8.8,8.8,8.8,8.8,8.8,,,,,,,172.0,172.0,172.0,172.0,172.0,172.0,2.97,3.47,3.97,4.47,4.97,5.47,,,,,,,,,,,,,3.3421,3.4921,3.6421,3.7921,3.9421,4.0921,2,2,2,2,2,2
22005,Amorbach,49.644444,9.2180557,,middle,middle,middle,middle,middle,middle,11.7,11.7,11.7,11.7,11.7,11.7,,,,,,,214.5,214.5,214.5,214.5,214.5,214.5,8.0,8.0,8.0,8.0,8.0,8.0,,,,,,,,,,,,,4.903,4.903,4.903,4.903,4.903,4.903,2,2,2,2,2,2
22006,Ansbach,49.302502,10.571667,,middle,middle,middle,middle,middle,middle,110.4,110.4,110.4,110.4,110.4,110.4,406.0,406.0,406.0,406.0,406.0,406.0,253.9,253.9,253.9,253.9,253.9,253.9,5.02,5.52,6.02,6.52,7.02,7.52,1000.0,1000.0,1000.0,1000.0,1500.0,2000.0,1.0,1.0,1.0,1.0,1.5,1.333,3.7184,3.8684,4.0184,4.1684,4.3184,4.4684,0,0,0,0,0,0
22007,Arnstein,49.978611,9.9666662,,middle,middle,middle,middle,middle,middle,59.3,59.3,59.3,59.3,59.3,59.3,,,,,,,320.9,320.9,320.9,320.9,320.9,320.9,5.5,6.0,6.5,7.0,7.5,8.0,,,,,,,,,,,,,3.9597,4.1097,4.2597,4.4097,4.5597,4.7097,0,0,0,0,0,0
22008,Arzberg,50.056946,12.185278,,middle,middle,middle,middle,middle,middle,135.8,135.8,135.8,135.8,135.8,135.8,,,,,,,58.7,58.7,58.7,58.7,58.7,58.7,0.0,0.32,0.82,1.32,1.82,2.32,,,,,,,,,,,,,1.6358,1.7318,1.8818,2.0318,2.1818,2.3318,0,0,0,0,0,0
22009,Aschaffenburg,49.973331,9.1477776,317.0,middle,middle,middle,middle,middle,middle,7.3,7.3,7.3,7.3,7.3,7.3,138.0,138.0,138.0,138.0,138.0,138.0,330.0,330.0,330.0,330.0,330.0,330.0,5.5,6.0,6.5,7.0,7.5,8.0,1500.0,2000.0,1500.0,1000.0,1000.0,1000.0,1.5,1.333,0.75,0.667,1.0,1.0,4.379,4.529,4.679,4.829,4.979,5.129,2,2,2,2,2,2
22010,Aub,49.551666,10.064167,,middle,middle,middle,middle,middle,middle,65.6,65.6,65.6,65.6,65.6,65.6,,,,,,,120.6,120.6,120.6,120.6,120.6,120.6,1.14,1.64,2.14,2.64,3.14,3.64,,,,,,,,,,,,,2.2624,2.4124,2.5624,2.7124,2.8624,3.0124,0,0,0,0,0,0
22011,Bad Berneck i. Fichtelgeb.,50.04361,11.666945,,middle,middle,middle,middle,middle,middle,145.6,145.6,145.6,145.6,145.6,145.6,,,,,,,76.7,76.7,76.7,76.7,76.7,76.7,2.5,3.0,3.5,4.0,4.5,5.0,,,,,,,,,,,,,2.4913,2.6413,2.7913,2.9413,3.0913,3.2413,0,0,0,0,0,0
22012,Bad Kissingen,50.199722,10.078889,,middle,middle,middle,middle,middle,middle,74.2,74.2,74.2,74.2,74.2,74.2,,,,,,,287.1,287.1,287.1,287.1,287.1,287.1,4.49,4.99,5.49,5.99,6.49,6.99,,,,,,,,,,,,,3.6123,3.7623,3.9123,4.0623,4.2123,4.3623,0,0,0,0,0,0
22013,Bad Neustadt a. d. Saale,50.322777,10.215555,,middle,middle,middle,middle,middle,middle,71.7,71.7,71.7,71.7,71.7,71.7,,,,,,,169.6,169.6,169.6,169.6,169.6,169.6,5.08,5.58,6.08,6.58,7.08,7.58,,,,,,,,,,,,,3.5796,3.7296,3.8796,4.0296,4.1796,4.3296,0,0,0,0,0,0
22014,Bad Windsheim,49.502499,10.416945,,middle,middle,middle,middle,middle,middle,91.5,91.5,91.5,91.5,91.5,91.5,,,,,,,239.3,239.3,239.3,239.3,239.3,239.3,4.59,5.09,5.59,6.09,6.59,7.09,,,,,,,,,,,,,3.5697,3.7197,3.8697,4.0197,4.1697,4.3197,0,0,0,0,0,0
22015,Baiersdorf,49.656944,11.031111,,middle,middle,middle,middle,middle,middle,131.7,131.7,131.7,131.7,131.7,131.7,,,,,,,92.6,92.6,92.6,92.6,92.6,92.6,1.88,2.38,2.88,3.38,3.88,4.38,,,,,,,,,,,,,2.3796,2.5296,2.6796,2.8296,2.9796,3.1296,0,0,0,0,0,0
22016,Bamberg,49.893612,10.886111,,middle,middle,middle,middle,middle,middle,121.7,121.7,121.7,121.7,121.7,121.7,293.0,293.0,293.0,293.0,293.0,293.0,203.7,203.7,203.7,203.7,203.7,203.7,8.0,8.0,8.0,8.0,8.0,8.0,8000.0,8000.0,6500.0,5000.0,6000.0,7000.0,1.0,1.0,0.812,0.769,1.2,1.167,4.5287,4.5287,4.5287,4.5287,4.5287,4.5287,1,1,1,1,2,2
22017,Baunach,49.988056,10.85,473.0,middle,middle,middle,middle,middle,middle,120.8,120.8,120.8,120.8,120.8,120.8,,,,,,,137.4,137.4,137.4,137.4,137.4,137.4,4.46,4.96,5.46,5.96,6.46,6.96,,,,,,,,,,,,,3.3102,3.4602,3.6102,3.7602,3.9102,4.0602,0,0,0,0,0,0
22018,Bayreuth,49.943333,11.577778,479.0,middle,middle,middle,middle,middle,middle,158.3,158.3,158.3,158.3,158.3,158.3,343.0,343.0,343.0,343.0,343.0,343.0,210.2,210.2,210.2,210.2,210.2,210.2,1.08,1.58,2.08,2.58,3.08,3.58,1000.0,1000.0,1000.0,1000.0,1500.0,2000.0,1.0,1.0,1.0,1.0,1.5,1.333,2.465,2.615,2.765,2.915,3.065,3.215,0,0,0,0,0,0
22019,Betzenstein,49.68222,11.418056,,middle,middle,middle,middle,middle,middle,159.3,159.3,159.3,159.3,159.3,159.3,,,,,,,123.0,123.0,123.0,123.0,123.0,123.0,0.63,1.13,1.63,2.13,2.63,3.13,,,,,,,,,,,,,2.1172,2.2672,2.4172,2.5672,2.7172,2.8672,0,0,0,0,0,0
22020,Bischofsheim a. d. Rhoen,50.400833,10.009167,,middle,middle,middle,middle,middle,middle,57.9,57.9,57.9,57.9,57.9,57.9,,,,,,,244.3,244.3,244.3,244.3,244.3,244.3,0.0,0.3,0.8,1.3,1.8,2.3,,,,,,,,,,,,,2.201,2.291,2.441,2.591,2.741,2.891,0,0,0,0,0,0
22021,Brueckenau,50.310276,9.790556,,middle,middle,middle,middle,middle,middle,62.0,62.0,62.0,62.0,62.0,62.0,,,,,,,402.9,402.9,402.9,402.9,402.9,402.9,0.0,0.06,0.56,1.06,1.56,2.06,,,,,,,,,,,,,2.4005,2.4185,2.5685,2.7185,2.8685,3.0185,0,0,0,0,0,0
22022,Burgbernheim,49.450279,10.324445,,middle,middle,middle,middle,middle,middle,87.2,87.2,87.2,87.2,87.2,87.2,,,,,,,154.0,154.0,154.0,154.0,154.0,154.0,5.09,5.59,6.09,6.59,7.09,7.59,,,,,,,,,,,,,3.5443,3.6943,3.8443,3.9943,4.1443,4.2943,0,0,0,0,0,0
22023,Burgkunstadt,50.141109,11.251667,,middle,middle,middle,middle,middle,middle,135.8,135.8,135.8,135.8,135.8,135.8,,,,,,,141.1,141.1,141.1,141.1,141.1,141.1,1.91,2.41,2.91,3.41,3.91,4.41,,,,,,,,,,,,,2.5556,2.7056,2.8556,3.0056,3.1556,3.3056,0,0,0,0,0,0
22024,Coburg,50.259167,10.96,1238.0,middle,middle,middle,middle,middle,middle,111.4,111.4,111.4,111.4,111.4,111.4,292.0,292.0,292.0,292.0,292.0,292.0,166.5,166.5,166.5,166.5,166.5,166.5,1.93,2.43,2.93,3.43,3.93,4.43,2500.0,3000.0,3500.0,4000.0,3500.0,3000.0,1.25,1.2,1.167,1.143,0.875,0.857,2.6273,2.7773,2.9273,3.0773,3.2273,3.3773,0,2,2,2,1,1
22025,Creussen,49.844166,11.624444,1256.0,middle,middle,middle,middle,middle,middle,167.5,167.5,167.5,167.5,167.5,167.5,,,,,,,177.0,177.0,177.0,177.0,177.0,177.0,2.5,3.0,3.5,4.0,4.5,5.0,,,,,,,,,,,,,2.8228,2.9728,3.1228,3.2728,3.4228,3.5728,0,0,0,0,0,0
22026,Dettelbach,49.801388,10.160277,,middle,middle,middle,middle,middle,middle,68.8,68.8,68.8,68.8,68.8,68.8,,,,,,,145.5,145.5,145.5,145.5,145.5,145.5,3.61,4.11,4.61,5.11,5.61,6.11,,,,,,,,,,,,,3.0777,3.2277,3.3777,3.5277,3.6777,3.8277,0,0,0,0,0,0
22027,Dinkelsbuehl,49.068611,10.32,,middle,middle,middle,middle,middle,middle,110.6,110.6,110.6,110.6,110.6,110.6,442.0,442.0,442.0,442.0,442.0,442.0,286.5,286.5,286.5,286.5,286.5,286.5,5.5,6.0,6.5,7.0,7.5,8.0,1500.0,2000.0,3000.0,4000.0,3500.0,3000.0,1.5,1.333,1.5,1.333,0.875,0.857,3.8865,4.0365,4.1865,4.3365,4.4865,4.6365,0,0,2,2,1,1
22028,Ebermannstadt,49.779167,11.184722,,middle,middle,middle,middle,middle,middle,142.2,142.2,142.2,142.2,142.2,142.2,,,,,,,226.2,226.2,226.2,226.2,226.2,226.2,7.19,7.69,8.0,8.0,8.0,8.0,,,,,,,,,,,,,4.3272,4.4772,4.5702,4.5702,4.5702,4.5702,0,0,0,0,0,0
22029,Ebern,50.098331,10.794723,1661.0,middle,middle,middle,middle,middle,middle,115.7,115.7,115.7,115.7,115.7,115.7,,,,,,,180.0,180.0,180.0,180.0,180.0,180.0,0.99,1.49,1.99,2.49,2.99,3.49,,,,,,,,,,,,,2.3763,2.5263,2.6763,2.8263,2.9763,3.1263,0,0,0,0,0,0
22030,Ebrach,49.847778,10.497222,,middle,middle,middle,middle,middle,middle,93.4,93.4,93.4,93.4,93.4,93.4,,,,,,,203.4,203.4,203.4,203.4,203.4,203.4,1.23,1.73,2.23,2.73,3.23,3.73,,,,,,,,,,,,,2.4971,2.6471,2.7971,2.9471,3.0971,3.2471,0,0,0,0,0,0
22031,Eibelstadt,49.724724,10.000834,,middle,middle,middle,middle,middle,middle,57.2,57.2,57.2,57.2,57.2,57.2,,,,,,,163.6,163.6,163.6,163.6,163.6,163.6,4.7,5.2,5.7,6.2,6.7,7.2,,,,,,,,,,,,,3.4513,3.6013,3.7513,3.9013,4.0513,4.2013,0,0,0,0,0,0
22032,Eichstaett,48.890835,11.185,,south,south,south,south,south,south,172.3,172.3,172.3,172.3,172.3,172.3,393.0,393.0,393.0,393.0,393.0,393.0,351.8,351.8,351.8,351.8,351.8,351.8,4.51,5.01,5.51,6.01,6.51,7.01,2000.0,2000.0,1500.0,1000.0,1500.0,2000.0,1.0,1.0,0.75,0.667,1.5,1.333,3.8994,4.0494,4.1994,4.3494,4.4994,4.6494,0,0,0,0,0,0
22033,Ellingen,49.060555,10.967778,,middle,middle,middle,middle,middle,middle,148.8,148.8,148.8,148.8,148.8,148.8,,,,,,,113.1,113.1,113.1,113.1,113.1,113.1,3.51,4.01,4.51,5.01,5.51,6.01,,,,,,,,,,,,,2.9479,3.0979,3.2479,3.3979,3.5479,3.6979,0,0,0,0,0,0
22034,Eltmann,49.97139,10.664444,,middle,middle,middle,middle,middle,middle,107.5,107.5,107.5,107.5,107.5,107.5,,,,,,,215.3,215.3,215.3,215.3,215.3,215.3,4.75,5.25,5.75,6.25,6.75,7.25,,,,,,,,,,,,,3.5756,3.7256,3.8756,4.0256,4.1756,4.3256,0,0,0,0,0,0
22035,Erlangen,49.595001,11.004723,1831.0,middle,middle,middle,middle,middle,middle,130.6,130.6,130.6,130.6,130.6,130.6,279.0,279.0,279.0,279.0,279.0,279.0,100.6,100.6,100.6,100.6,100.6,100.6,8.0,8.0,8.0,8.0,8.0,8.0,1000.0,1000.0,1000.0,1000.0,1000.0,1000.0,1.0,1.0,1.0,1.0,1.0,1.0,4.2483,4.2483,4.2483,4.2483,4.2483,4.2483,0,0,0,0,0,0
22036,Feuchtwangen,49.1675,10.331388,,middle,middle,middle,middle,middle,middle,104.0,104.0,104.0,104.0,104.0,104.0,,,,,,,181.9,181.9,181.9,181.9,181.9,181.9,4.33,4.83,5.33,5.83,6.33,6.83,,,,,,,,,,,,,3.3826,3.5326,3.6826,3.8326,3.9826,4.1326,0,0,0,0,0,0
22037,Fladungen,50.522221,10.143056,,middle,middle,middle,middle,middle,middle,50.1,50.1,50.1,50.1,50.1,50.1,,,,,,,157.7,157.7,157.7,157.7,157.7,157.7,4.61,5.11,5.61,6.11,6.61,7.11,,,,,,,,,,,,,3.4098,3.5598,3.7098,3.8598,4.0098,4.1598,0,0,0,0,0,0
22038,Forchheim,49.720001,11.058056,1973.0,middle,middle,middle,middle,middle,middle,133.2,133.2,133.2,133.2,133.2,133.2,,,,,,,187.7,187.7,187.7,187.7,187.7,187.7,7.5,8.0,8.0,8.0,8.0,8.0,,,,,,,,,,,,,4.346,4.496,4.496,4.496,4.496,4.496,0,0,0,0,0,0
22039,Fuerth,49.477222,10.989722,,middle,middle,middle,middle,middle,middle,132.1,132.1,132.1,132.1,132.1,132.1,304.0,304.0,304.0,304.0,304.0,304.0,70.5,70.5,70.5,70.5,70.5,70.5,5.0,5.5,6.0,6.5,7.0,7.5,1500.0,2000.0,2000.0,2000.0,2000.0,2000.0,1.5,1.333,1.0,1.0,1.0,1.0,3.208,3.358,3.508,3.658,3.808,3.958,0,0,0,0,0,0
22040,Gefrees,50.094723,11.738611,,middle,middle,middle,middle,middle,middle,138.5,138.5,138.5,138.5,138.5,138.5,,,,,,,124.1,124.1,124.1,124.1,124.1,124.1,0.0,0.0,0.0,0.34,0.84,1.34,,,,,,,,,,,,,1.9315,1.9315,1.9315,2.0335,2.1835,2.3335,0,0,0,0,0,0
22041,Gemuenden a. Main,50.051109,9.7005558,,middle,middle,middle,middle,middle,middle,42.8,42.8,42.8,42.8,42.8,42.8,,,,,,,134.5,134.5,134.5,134.5,134.5,134.5,0.07,0.57,1.07,1.57,2.07,2.57,,,,,,,,,,,,,1.9847,2.1347,2.2847,2.4347,2.5847,2.7347,0,0,0,0,0,0
22042,Gerolzhofen,49.899723,10.350833,,middle,middle,middle,middle,middle,middle,83.9,83.9,83.9,83.9,83.9,83.9,,,,,,,170.3,170.3,170.3,170.3,170.3,170.3,5.0,5.5,6.0,6.5,7.0,7.5,,,,,,,,,,,,,3.5575,3.7075,3.8575,4.0075,4.1575,4.3075,0,0,0,0,0,0
22043,Goldkronach,50.010834,11.686666,,middle,middle,middle,middle,middle,middle,148.6,148.6,148.6,148.6,148.6,148.6,,,,,,,138.3,138.3,138.3,138.3,138.3,138.3,2.43,2.93,3.43,3.93,4.43,4.93,,,,,,,,,,,,,2.7035,2.8535,3.0035,3.1535,3.3035,3.4535,0,0,0,0,0,0
22044,Graefenberg,49.645832,11.248611,,middle,middle,middle,middle,middle,middle,147.4,147.4,147.4,147.4,147.4,147.4,,,,,,,155.9,155.9,155.9,155.9,155.9,155.9,3.5,4.0,4.5,5.0,5.5,6.0,,,,,,,,,,,,,3.0723,3.2223,3.3723,3.5223,3.6723,3.8223,0,0,0,0,0,0
22045,Greding,49.046391,11.353056,,middle,middle,middle,middle,middle,middle,174.0,174.0,174.0,174.0,174.0,174.0,,,,,,,251.5,251.5,251.5,251.5,251.5,251.5,7.5,8.0,8.0,8.0,8.0,8.0,,,,,,,,,,,,,4.4625,4.6125,4.6125,4.6125,4.6125,4.6125,0,0,0,0,0,0
22046,Gunzenhausen,49.113335,10.759167,,middle,middle,middle,middle,middle,middle,132.8,132.8,132.8,132.8,132.8,132.8,,,,,,,208.3,208.3,208.3,208.3,208.3,208.3,4.27,4.77,5.27,5.77,6.27,6.77,,,,,,,,,,,,,3.4184,3.5684,3.7184,3.8684,4.0184,4.1684,0,0,0,0,0,0
22047,Hallstadt,49.928333,10.875,,middle,middle,middle,middle,middle,middle,121.4,121.4,121.4,121.4,121.4,121.4,,,,,,,80.3,80.3,80.3,80.3,80.3,80.3,5.09,5.59,6.09,6.59,7.09,7.59,,,,,,,,,,,,,3.2861,3.4361,3.5861,3.7361,3.8861,4.0361,0,0,0,0,0,0
22048,Hammelburg,50.115276,9.8908329,,middle,middle,middle,middle,middle,middle,58.1,58.1,58.1,58.1,58.1,58.1,,,,,,,290.9,290.9,290.9,290.9,290.9,290.9,5.34,5.84,6.34,6.84,7.34,7.84,,,,,,,,,,,,,3.8725,4.0225,4.1725,4.3225,4.4725,4.6225,0,0,0,0,0,0
22049,Hassfurt,50.031387,10.506389,,middle,middle,middle,middle,middle,middle,98.3,98.3,98.3,98.3,98.3,98.3,,,,,,,177.8,177.8,177.8,177.8,177.8,177.8,0.2,0.7,1.2,1.7,2.2,2.7,,,,,,,,,,,,,2.1344,2.2844,2.4344,2.5844,2.7344,2.8844,0,0,0,0,0,0
22050,Heideck,49.132221,11.126389,,middle,middle,middle,middle,middle,middle,154.9,154.9,154.9,154.9,154.9,154.9,,,,,,,204.6,204.6,204.6,204.6,204.6,204.6,0.75,1.25,1.75,2.25,2.75,3.25,,,,,,,,,,,,,2.3555,2.5055,2.6555,2.8055,2.9555,3.1055,0,0,0,0,0,0
22051,Heilsbronn,49.337776,10.790277,,middle,middle,middle,middle,middle,middle,123.2,123.2,123.2,123.2,123.2,123.2,,,,,,,196.0,196.0,196.0,196.0,196.0,196.0,1.18,1.68,2.18,2.68,3.18,3.68,,,,,,,,,,,,,2.4673,2.6173,2.7673,2.9173,3.0673,3.2173,0,0,0,0,0,0
22052,Helmbrechts,50.236668,11.715834,,middle,middle,middle,middle,middle,middle,124.3,124.3,124.3,124.3,124.3,124.3,,,,,,,75.9,75.9,75.9,75.9,75.9,75.9,0.18,0.68,1.18,1.68,2.18,2.68,,,,,,,,,,,,,1.7911,1.9411,2.0911,2.2411,2.3911,2.5411,0,0,0,0,0,0
22053,Herrieden,49.232777,10.497222,,middle,middle,middle,middle,middle,middle,109.6,109.6,109.6,109.6,109.6,109.6,,,,,,,178.3,178.3,178.3,178.3,178.3,178.3,5.5,6.0,6.5,7.0,7.5,8.0,,,,,,,,,,,,,3.7256,3.8756,4.0256,4.1756,4.3256,4.4756,0,0,0,0,0,0
22054,Hersbruck,49.509445,11.4325,,middle,middle,middle,middle,middle,middle,162.6,162.6,162.6,162.6,162.6,162.6,,,,,,,219.1,219.1,219.1,219.1,219.1,219.1,2.74,3.24,3.74,4.24,4.74,5.24,,,,,,,,,,,,,2.9797,3.1297,3.2797,3.4297,3.5797,3.7297,0,0,0,0,0,0
22055,Herzogenaurach,49.568333,10.883611,,middle,middle,middle,middle,middle,middle,122.5,122.5,122.5,122.5,122.5,122.5,,,,,,,147.0,147.0,147.0,147.0,147.0,147.0,2.48,2.98,3.48,3.98,4.48,4.98,,,,,,,,,,,,,2.7429,2.8929,3.0429,3.1929,3.3429,3.4929,0,0,0,0,0,0
22056,Hilpoltstein,49.189167,11.191667,,middle,middle,middle,middle,middle,middle,156.5,156.5,156.5,156.5,156.5,156.5,,,,,,,104.7,104.7,104.7,104.7,104.7,104.7,0.81,1.31,1.81,2.31,2.81,3.31,,,,,,,,,,,,,2.1071,2.2571,2.4071,2.5571,2.7071,2.8571,0,0,0,0,0,0
22057,Hoechstadt a. d. Aisch,49.702778,10.805555,,middle,middle,middle,middle,middle,middle,115.2,115.2,115.2,115.2,115.2,115.2,,,,,,,297.6,297.6,297.6,297.6,297.6,297.6,4.5,5.0,5.5,6.0,6.5,7.0,,,,,,,,,,,,,3.6296,3.7796,3.9296,4.0796,4.2296,4.3796,0,0,0,0,0,0
22058,Hof,50.316387,11.913333,,middle,middle,middle,middle,middle,middle,111.3,111.3,111.3,111.3,111.3,111.3,500.0,500.0,500.0,500.0,500.0,500.0,167.7,167.7,167.7,167.7,167.7,167.7,0.9,1.4,1.9,2.4,2.9,3.4,1500.0,2000.0,1500.0,1000.0,1500.0,2000.0,1.5,1.333,0.75,0.667,1.5,1.333,2.2545,2.4045,2.5545,2.7045,2.8545,3.0045,0,0,0,0,0,0
22059,Hofheim i. Ufr.,50.139168,10.524445,,middle,middle,middle,middle,middle,middle,100.5,100.5,100.5,100.5,100.5,100.5,,,,,,,218.6,218.6,218.6,218.6,218.6,218.6,1.5,2.0,2.5,3.0,3.5,4.0,,,,,,,,,,,,,2.6068,2.7568,2.9068,3.0568,3.2068,3.3568,0,0,0,0,0,0
22060,Hohenberg a. d. Eger,50.096668,12.222777,,middle,middle,middle,middle,middle,middle,131.1,131.1,131.1,131.1,131.1,131.1,,,,,,,146.1,146.1,146.1,146.1,146.1,146.1,0.28,0.78,1.28,1.78,2.28,2.78,,,,,,,,,,,,,2.0805,2.2305,2.3805,2.5305,2.6805,2.8305,0,0,0,0,0,0
22061,Hollfeld,49.936668,11.293056,,middle,middle,middle,middle,middle,middle,151.2,151.2,151.2,151.2,151.2,151.2,,,,,,,236.6,236.6,236.6,236.6,236.6,236.6,2.33,2.83,3.33,3.83,4.33,4.83,,,,,,,,,,,,,2.8873,3.0373,3.1873,3.3373,3.4873,3.6373,0,0,0,0,0,0
22062,Iphofen,49.703609,10.259167,,middle,middle,middle,middle,middle,middle,75.9,75.9,75.9,75.9,75.9,75.9,,,,,,,137.7,137.7,137.7,137.7,137.7,137.7,5.09,5.59,6.09,6.59,7.09,7.59,,,,,,,,,,,,,3.4998,3.6498,3.7998,3.9498,4.0998,4.2498,0,0,0,0,0,0
22063,Karlstadt,49.961945,9.7638893,,middle,middle,middle,middle,middle,middle,44.7,44.7,44.7,44.7,44.7,44.7,,,,,,,258.6,258.6,258.6,258.6,258.6,258.6,6.26,6.76,7.26,7.76,8.0,8.0,,,,,,,,,,,,,4.1016,4.2516,4.4016,4.5516,4.6236,4.6236,0,0,0,0,0,0
22064,Kirchenlamitz,50.151669,11.950556,,middle,middle,middle,middle,middle,middle,128.2,128.2,128.2,128.2,128.2,128.2,,,,,,,49.1,49.1,49.1,49.1,49.1,49.1,0.0,0.0,0.26,0.76,1.26,1.76,,,,,,,,,,,,,1.5656,1.5656,1.6436,1.7936,1.9436,2.0936,0,0,0,0,0,0
22065,Kitzingen,49.736946,10.161111,,middle,middle,middle,middle,middle,middle,68.7,68.7,68.7,68.7,68.7,68.7,,,,,,,41.0,41.0,41.0,41.0,41.0,41.0,5.05,5.55,6.05,6.55,7.05,7.55,,,,,,,,,,,,,3.01,3.16,3.31,3.46,3.61,3.76,0,0,0,0,0,0
22066,Klingenberg a. Main,49.783333,9.1830559,,middle,middle,middle,middle,middle,middle,4.1,4.1,4.1,4.1,4.1,4.1,,,,,,,103.9,103.9,103.9,103.9,103.9,103.9,4.74,5.24,5.74,6.24,6.74,7.24,,,,,,,,,,,,,3.7318,3.8818,4.0318,4.1818,4.3318,4.4818,2,2,2,2,2,2
22067,Koenigsberg i. Bay.,50.080833,10.569167,,middle,middle,middle,middle,middle,middle,103.6,103.6,103.6,103.6,103.6,103.6,,,,,,,110.1,110.1,110.1,110.1,110.1,110.1,0.16,0.66,1.16,1.66,2.16,2.66,,,,,,,,,,,,,1.9323,2.0823,2.2323,2.3823,2.5323,2.6823,0,0,0,0,0,0
22068,Koenigshofen i. Grabfeld,50.299168,10.467222,,middle,middle,middle,middle,middle,middle,83.7,83.7,83.7,83.7,83.7,83.7,,,,,,,280.3,280.3,280.3,280.3,280.3,280.3,4.28,4.78,5.28,5.78,6.28,6.78,,,,,,,,,,,,,3.5397,3.6897,3.8397,3.9897,4.1397,4.2897,0,0,0,0,0,0
22069,Kronach,50.238888,11.325277,,middle,middle,middle,middle,middle,middle,133.7,133.7,133.7,133.7,133.7,133.7,,,,,,,179.5,179.5,179.5,179.5,179.5,179.5,2.47,2.97,3.47,3.97,4.47,4.97,,,,,,,,,,,,,2.8194,2.9694,3.1194,3.2694,3.4194,3.5694,0,0,0,0,0,0
22070,Kulmbach,50.108055,11.455556,,middle,middle,middle,middle,middle,middle,145.0,145.0,145.0,145.0,145.0,145.0,,,,,,,209.9,209.9,209.9,209.9,209.9,209.9,3.5,4.0,4.5,5.0,5.5,6.0,,,,,,,,,,,,,3.1905,3.3405,3.4905,3.6405,3.7905,3.9405,0,0,0,0,0,0
22071,Kupferberg,50.139446,11.576667,,middle,middle,middle,middle,middle,middle,138.1,138.1,138.1,138.1,138.1,138.1,,,,,,,130.5,130.5,130.5,130.5,130.5,130.5,0.0,0.08,0.58,1.08,1.58,2.08,,,,,,,,,,,,,1.9516,1.9756,2.1256,2.2756,2.4256,2.5756,0,0,0,0,0,0
22072,Langenzenn,49.495277,10.795555,,middle,middle,middle,middle,middle,middle,118.0,118.0,118.0,118.0,118.0,118.0,,,,,,,227.7,227.7,227.7,227.7,227.7,227.7,3.47,3.97,4.47,4.97,5.47,5.97,,,,,,,,,,,,,3.214,3.364,3.514,3.664,3.814,3.964,0,0,0,0,0,0
22073,Lauf a. d. Pegnitz,49.511391,11.277778,,middle,middle,middle,middle,middle,middle,151.6,151.6,151.6,151.6,151.6,151.6,,,,,,,75.5,75.5,75.5,75.5,75.5,75.5,1.0,1.5,2.0,2.5,3.0,3.5,,,,,,,,,,,,,2.0347,2.1847,2.3347,2.4847,2.6347,2.7847,0,0,0,0,0,0
22074,Leutershausen,49.299999,10.4075,,middle,middle,middle,middle,middle,middle,100.1,100.1,100.1,100.1,100.1,100.1,,,,,,,177.1,177.1,177.1,177.1,177.1,177.1,2.5,3.0,3.5,4.0,4.5,5.0,,,,,,,,,,,,,2.8229,2.9729,3.1229,3.2729,3.4229,3.5729,0,0,0,0,0,0
22075,Lichtenberg,50.383057,11.675278,,middle,middle,middle,middle,middle,middle,110.6,110.6,110.6,110.6,110.6,110.6,,,,,,,63.9,63.9,63.9,63.9,63.9,63.9,0.0,0.0,0.13,0.63,1.13,1.63,,,,,,,,,,,,,1.6689,1.6689,1.7079,1.8579,2.0079,2.1579,0,0,0,0,0,0
22076,Lichtenfels,50.146946,11.068334,,middle,middle,middle,middle,middle,middle,125.4,125.4,125.4,125.4,125.4,125.4,,,,,,,173.4,173.4,173.4,173.4,173.4,173.4,1.08,1.58,2.08,2.58,3.08,3.58,,,,,,,,,,,,,2.3884,2.5384,2.6884,2.8384,2.9884,3.1384,0,0,0,0,0,0
22077,Lohr a. Main,49.993057,9.5758333,,middle,middle,middle,middle,middle,middle,32.2,32.2,32.2,32.2,32.2,32.2,,,,,,,301.5,301.5,301.5,301.5,301.5,301.5,4.11,4.61,5.11,5.61,6.11,6.61,,,,,,,,,,,,,3.6148,3.7648,3.9148,4.0648,4.2148,4.3648,0,0,0,0,0,0
22078,Ludwigsstadt,50.484722,11.388611,,middle,middle,middle,middle,middle,middle,112.0,112.0,112.0,112.0,112.0,112.0,,,,,,,61.4,61.4,61.4,61.4,61.4,61.4,0.0,0.0,0.0,0.31,0.81,1.31,,,,,,,,,,,,,1.6536,1.6536,1.6536,1.7466,1.8966,2.0466,0,0,0,0,0,0
22079,Mainbernheim,49.707779,10.218333,,middle,middle,middle,middle,middle,middle,73.0,73.0,73.0,73.0,73.0,73.0,,,,,,,51.5,51.5,51.5,51.5,51.5,51.5,0.78,1.28,1.78,2.28,2.78,3.28,,,,,,,,,,,,,1.8181,1.9681,2.1181,2.2681,2.4181,2.5681,0,0,0,0,0,0
22080,Marktbreit,49.666389,10.143333,,middle,middle,middle,middle,middle,middle,68.1,68.1,68.1,68.1,68.1,68.1,,,,,,,68.4,68.4,68.4,68.4,68.4,68.4,0.0,0.44,0.94,1.44,1.94,2.44,,,,,,,,,,,,,1.6962,1.8282,1.9782,2.1282,2.2782,2.4282,0,0,0,0,0,0
22081,Marktheidenfeld,49.843887,9.6002779,,middle,middle,middle,middle,middle,middle,30.2,30.2,30.2,30.2,30.2,30.2,,,,,,,181.0,181.0,181.0,181.0,181.0,181.0,4.5,5.0,5.5,6.0,6.5,7.0,,,,,,,,,,,,,3.5536,3.7036,3.8536,4.0036,4.1536,4.3036,0,0,0,0,0,0
22082,Marktleuthen,50.129444,12.001111,,middle,middle,middle,middle,middle,middle,129.8,129.8,129.8,129.8,129.8,129.8,,,,,,,61.6,61.6,61.6,61.6,61.6,61.6,0.0,0.0,0.36,0.86,1.36,1.86,,,,,,,,,,,,,1.6546,1.6546,1.7626,1.9126,2.0626,2.2126,0,0,0,0,0,0
22083,Marktredwitz,50.000832,12.086111,,middle,middle,middle,middle,middle,middle,142.9,142.9,142.9,142.9,142.9,142.9,,,,,,,63.4,63.4,63.4,63.4,63.4,63.4,2.5,3.0,3.5,4.0,4.5,5.0,,,,,,,,,,,,,2.416,2.566,2.716,2.866,3.016,3.166,0,0,0,0,0,0
22084,Marktsteft,49.696667,10.135,,middle,middle,middle,middle,middle,middle,67.1,67.1,67.1,67.1,67.1,67.1,,,,,,,35.3,35.3,35.3,35.3,35.3,35.3,0.34,0.84,1.34,1.84,2.34,2.84,,,,,,,,,,,,,1.5383,1.6883,1.8383,1.9883,2.1383,2.2883,0,0,0,0,0,0
22085,Mellrichstadt,50.426666,10.3025,,middle,middle,middle,middle,middle,middle,65.3,65.3,65.3,65.3,65.3,65.3,,,,,,,185.3,185.3,185.3,185.3,185.3,185.3,5.09,5.59,6.09,6.59,7.09,7.59,,,,,,,,,,,,,3.618,3.768,3.918,4.068,4.218,4.368,0,0,0,0,0,0
22086,Merkendorf,49.203335,10.701389,,middle,middle,middle,middle,middle,middle,124.0,124.0,124.0,124.0,124.0,124.0,,,,,,,42.4,42.4,42.4,42.4,42.4,42.4,0.01,0.51,1.01,1.51,2.01,2.51,,,,,,,,,,,,,1.511,1.661,1.811,1.961,2.111,2.261,0,0,0,0,0,0
22087,Miltenberg,49.701111,9.2572222,4955.0,middle,middle,middle,middle,middle,middle,6.5,6.5,6.5,6.5,6.5,6.5,,,,,,,75.3,75.3,75.3,75.3,75.3,75.3,8.0,8.0,8.0,8.0,8.0,8.0,,,,,,,,,,,,,4.5522,4.5522,4.5522,4.5522,4.5522,4.5522,2,2,2,2,2,2
22088,Muenchberg,50.191387,11.789444,,middle,middle,middle,middle,middle,middle,127.2,127.2,127.2,127.2,127.2,127.2,,,,,,,104.8,104.8,104.8,104.8,104.8,104.8,2.75,3.25,3.75,4.25,4.75,5.25,,,,,,,,,,,,,2.6897,2.8397,2.9897,3.1397,3.2897,3.4397,0,0,0,0,0,0
22089,Muennerstadt,50.249722,10.194722,,middle,middle,middle,middle,middle,middle,78.4,78.4,78.4,78.4,78.4,78.4,,,,,,,199.6,199.6,199.6,199.6,199.6,199.6,7.75,8.0,8.0,8.0,8.0,8.0,,,,,,,,,,,,,4.4456,4.5206,4.5206,4.5206,4.5206,4.5206,0,0,0,0,0,0
22090,Naila,50.330276,11.706667,,middle,middle,middle,middle,middle,middle,115.0,115.0,115.0,115.0,115.0,115.0,,,,,,,38.2,38.2,38.2,38.2,38.2,38.2,0.0,0.0,0.07,0.57,1.07,1.57,,,,,,,,,,,,,1.4672,1.4672,1.4882,1.6382,1.7882,1.9382,0,0,0,0,0,0
22091,Neunkirchen a. Brand,49.612778,11.129444,,middle,middle,middle,middle,middle,middle,139.3,139.3,139.3,139.3,139.3,139.3,,,,,,,140.3,140.3,140.3,140.3,140.3,140.3,3.5,4.0,4.5,5.0,5.5,6.0,,,,,,,,,,,,,3.0305,3.1805,3.3305,3.4805,3.6305,3.7805,0,0,0,0,0,0
22092,Neustadt a. d. Aisch,49.580555,10.608611,,middle,middle,middle,middle,middle,middle,102.7,102.7,102.7,102.7,102.7,102.7,,,,,,,308.3,308.3,308.3,308.3,308.3,308.3,5.08,5.58,6.08,6.58,7.08,7.58,,,,,,,,,,,,,3.8177,3.9677,4.1177,4.2677,4.4177,4.5677,0,0,0,0,0,0
22093,Neustadt b. Coburg,50.326946,11.121944,,middle,middle,middle,middle,middle,middle,116.2,116.2,116.2,116.2,116.2,116.2,,,,,,,127.5,127.5,127.5,127.5,127.5,127.5,1.0,1.5,2.0,2.5,3.0,3.5,,,,,,,,,,,,,2.2423,2.3923,2.5423,2.6923,2.8423,2.9923,0,0,0,0,0,0
22094,Nuernberg,49.450832,11.075,5492.0,middle,middle,middle,middle,middle,middle,138.8,138.8,138.8,138.8,138.8,138.8,301.0,301.0,301.0,301.0,301.0,301.0,164.1,164.1,164.1,164.1,164.1,164.1,2.11,2.61,3.11,3.61,4.11,4.61,10500.0,14000.0,10000.0,6000.0,22000.0,38000.0,1.5,1.333,0.714,0.6,3.667,1.727,2.6755,2.8255,2.9755,3.1255,3.2755,3.4255,3,3,2,1,3,3
22095,Obernburg a. Main,49.842499,9.143611,,middle,middle,middle,middle,middle,middle,2.6,2.6,2.6,2.6,2.6,2.6,,,,,,,156.6,156.6,156.6,156.6,156.6,156.6,8.0,8.0,8.0,8.0,8.0,8.0,,,,,,,,,,,,,4.8909,4.8909,4.8909,4.8909,4.8909,4.8909,2,2,2,2,2,2
22096,Ochsenfurt,49.664722,10.062222,,middle,middle,middle,middle,middle,middle,62.3,62.3,62.3,62.3,62.3,62.3,,,,,,,86.7,86.7,86.7,86.7,86.7,86.7,5.25,5.75,6.25,6.75,7.25,7.75,,,,,,,,,,,,,3.3644,3.5144,3.6644,3.8144,3.9644,4.1144,0,0,0,0,0,0
22097,Ornbau,49.175835,10.655833,,middle,middle,middle,middle,middle,middle,122.7,122.7,122.7,122.7,122.7,122.7,,,,,,,117.4,117.4,117.4,117.4,117.4,117.4,4.5,5.0,5.5,6.0,6.5,7.0,,,,,,,,,,,,,3.2598,3.4098,3.5598,3.7098,3.8598,4.0098,0,0,0,0,0,0
22098,Ostheim v. d. Rhoen,50.457779,10.230278,,middle,middle,middle,middle,middle,middle,59.5,59.5,59.5,59.5,59.5,59.5,,,,,,,137.9,137.9,137.9,137.9,137.9,137.9,4.46,4.96,5.46,5.96,6.46,6.96,,,,,,,,,,,,,3.3114,3.4614,3.6114,3.7614,3.9114,4.0614,0,0,0,0,0,0
22099,Pappenheim,48.934723,10.974444,,south,south,south,south,south,south,156.9,156.9,156.9,156.9,156.9,156.9,,,,,,,194.9,194.9,194.9,194.9,194.9,194.9,4.48,4.98,5.48,5.98,6.48,6.98,,,,,,,,,,,,,3.6549,3.8049,3.9549,4.1049,4.2549,4.4049,0,0,0,0,0,0
22100,Pegnitz,49.75639,11.541111,,middle,middle,middle,middle,middle,middle,167.8,167.8,167.8,167.8,167.8,167.8,,,,,,,135.3,135.3,135.3,135.3,135.3,135.3,1.31,1.81,2.31,2.81,3.31,3.81,,,,,,,,,,,,,2.359,2.509,2.659,2.809,2.959,3.109,0,0,0,0,0,0
22101,Pottenstein,49.770832,11.408055,,middle,middle,middle,middle,middle,middle,158.2,158.2,158.2,158.2,158.2,158.2,,,,,,,132.0,132.0,132.0,132.0,132.0,132.0,2.0,2.5,3.0,3.5,4.0,4.5,,,,,,,,,,,,,2.5561,2.7061,2.8561,3.0061,3.1561,3.3061,0,0,0,0,0,0
22102,Prichsenstadt,49.81778,10.350278,,middle,middle,middle,middle,middle,middle,82.6,82.6,82.6,82.6,82.6,82.6,,,,,,,137.8,137.8,137.8,137.8,137.8,137.8,0.0,0.42,0.92,1.42,1.92,2.42,,,,,,,,,,,,,1.9731,2.0991,2.2491,2.3991,2.5491,2.6991,0,0,0,0,0,0
22103,Rehau,50.248333,12.035556,,middle,middle,middle,middle,middle,middle,116.4,116.4,116.4,116.4,116.4,116.4,,,,,,,140.6,140.6,140.6,140.6,140.6,140.6,0.04,0.54,1.04,1.54,2.04,2.54,,,,,,,,,,,,,1.9933,2.1433,2.2933,2.4433,2.5933,2.7433,0,0,0,0,0,0
22104,Rieneck,50.093056,9.648056,,middle,middle,middle,middle,middle,middle,41.5,41.5,41.5,41.5,41.5,41.5,,,,,,,254.6,254.6,254.6,254.6,254.6,254.6,1.35,1.85,2.35,2.85,3.35,3.85,,,,,,,,,,,,,2.6225,2.7725,2.9225,3.0725,3.2225,3.3725,0,0,0,0,0,0
22105,Rodach b. Coburg,50.341389,10.778889,,middle,middle,middle,middle,middle,middle,95.7,95.7,95.7,95.7,95.7,95.7,,,,,,,92.6,92.6,92.6,92.6,92.6,92.6,3.7,4.2,4.7,5.2,5.7,6.2,,,,,,,,,,,,,2.9254,3.0754,3.2254,3.3754,3.5254,3.6754,0,0,0,0,0,0
22106,Roethenbach a. d. Pegnitz,49.481945,11.238611,,middle,middle,middle,middle,middle,middle,149.5,149.5,149.5,149.5,149.5,149.5,,,,,,,151.4,151.4,151.4,151.4,151.4,151.4,0.0,0.0,0.39,0.89,1.39,1.89,,,,,,,,,,,,,2.0105,2.0105,2.1275,2.2775,2.4275,2.5775,0,0,0,0,0,0
22107,Roettingen,49.510277,9.9694443,,middle,middle,middle,middle,middle,middle,61.1,61.1,61.1,61.1,61.1,61.1,,,,,,,110.6,110.6,110.6,110.6,110.6,110.6,1.36,1.86,2.36,2.86,3.36,3.86,,,,,,,,,,,,,2.2941,2.4441,2.5941,2.7441,2.8941,3.0441,0,0,0,0,0,0
22108,Roth b. Nuernberg,49.246113,11.091666,,middle,middle,middle,middle,middle,middle,147.3,147.3,147.3,147.3,147.3,147.3,,,,,,,136.9,136.9,136.9,136.9,136.9,136.9,1.93,2.43,2.93,3.43,3.93,4.43,,,,,,,,,,,,,2.5497,2.6997,2.8497,2.9997,3.1497,3.2997,0,0,0,0,0,0
22109,Rothenburg o. d. Tauber,49.376945,10.179167,,middle,middle,middle,middle,middle,middle,81.5,81.5,81.5,81.5,81.5,81.5,430.0,430.0,430.0,430.0,430.0,430.0,230.7,230.7,230.7,230.7,230.7,230.7,8.0,8.0,8.0,8.0,8.0,8.0,4000.0,5000.0,5500.0,6000.0,6000.0,6000.0,1.333,1.25,1.1,1.091,1.0,1.0,4.5582,4.5582,4.5582,4.5582,4.5582,4.5582,2,2,2,2,1,1
22110,Rothenfels,49.890556,9.5897226,,middle,middle,middle,middle,middle,middle,31.7,31.7,31.7,31.7,31.7,31.7,,,,,,,127.1,127.1,127.1,127.1,127.1,127.1,1.02,1.52,2.02,2.52,3.02,3.52,,,,,,,,,,,,,2.3504,2.5004,2.6504,2.8004,2.9504,3.1004,0,0,0,0,0,0
22111,Schauenstein,50.2775,11.740833,,middle,middle,middle,middle,middle,middle,119.4,119.4,119.4,119.4,119.4,119.4,,,,,,,39.1,39.1,39.1,39.1,39.1,39.1,0.2,0.7,1.2,1.7,2.2,2.7,,,,,,,,,,,,,1.5363,1.6863,1.8363,1.9863,2.1363,2.2863,0,0,0,0,0,0
22112,Scheinfeld,49.665001,10.462222,,middle,middle,middle,middle,middle,middle,90.9,90.9,90.9,90.9,90.9,90.9,,,,,,,234.9,234.9,234.9,234.9,234.9,234.9,4.74,5.24,5.74,6.24,6.74,7.24,,,,,,,,,,,,,3.6074,3.7574,3.9074,4.0574,4.2074,4.3574,0,0,0,0,0,0
22113,Schesslitz,49.974724,11.036111,,middle,middle,middle,middle,middle,middle,133.6,133.6,133.6,133.6,133.6,133.6,,,,,,,271.2,271.2,271.2,271.2,271.2,271.2,8.0,8.0,8.0,8.0,8.0,8.0,,,,,,,,,,,,,4.6426,4.6426,4.6426,4.6426,4.6426,4.6426,0,0,0,0,0,0
22114,Schillingsfuerst,49.286388,10.259722,,middle,middle,middle,middle,middle,middle,91.9,91.9,91.9,91.9,91.9,91.9,,,,,,,195.4,195.4,195.4,195.4,195.4,195.4,2.5,3.0,3.5,4.0,4.5,5.0,,,,,,,,,,,,,2.862,3.012,3.162,3.312,3.462,3.612,0,0,0,0,0,0
22115,Schluesselfeld,49.756668,10.619166,,middle,middle,middle,middle,middle,middle,101.6,101.6,101.6,101.6,101.6,101.6,,,,,,,256.2,256.2,256.2,256.2,256.2,256.2,0.0,0.0,0.14,0.64,1.14,1.64,,,,,,,,,,,,,2.2199,2.2199,2.2619,2.4119,2.5619,2.7119,0,0,0,0,0,0
22116,Schnaittach,49.559444,11.340834,,middle,middle,middle,middle,middle,middle,155.2,155.2,155.2,155.2,155.2,155.2,,,,,,,100.8,100.8,100.8,100.8,100.8,100.8,2.39,2.89,3.39,3.89,4.39,4.89,,,,,,,,,,,,,2.5661,2.7161,2.8661,3.0161,3.1661,3.3161,0,0,0,0,0,0
22117,Schoenwald,50.198612,12.088333,,middle,middle,middle,middle,middle,middle,121.1,121.1,121.1,121.1,121.1,121.1,,,,,,,67.9,67.9,67.9,67.9,67.9,67.9,1.25,1.75,2.25,2.75,3.25,3.75,,,,,,,,,,,,,2.0679,2.2179,2.3679,2.5179,2.6679,2.8179,0,0,0,0,0,0
22118,Schwabach,49.329445,11.020555,,middle,middle,middle,middle,middle,middle,139.1,139.1,139.1,139.1,139.1,139.1,,,,,,,126.1,126.1,126.1,126.1,126.1,126.1,5.5,6.0,6.5,7.0,7.5,8.0,,,,,,,,,,,,,3.5879,3.7379,3.8879,4.0379,4.1879,4.3379,0,0,0,0,0,0
22119,Schwarzenbach am Wald,50.285,11.623889,,middle,middle,middle,middle,middle,middle,122.0,122.0,122.0,122.0,122.0,122.0,,,,,,,129.5,129.5,129.5,129.5,129.5,129.5,0.0,0.0,0.0,0.12,0.62,1.12,,,,,,,,,,,,,1.9485,1.9485,1.9485,1.9845,2.1345,2.2845,0,0,0,0,0,0
22120,Schwarzenbach an der Saale,50.220833,11.938056,,middle,middle,middle,middle,middle,middle,121.0,121.0,121.0,121.0,121.0,121.0,,,,,,,82.7,82.7,82.7,82.7,82.7,82.7,3.5,4.0,4.5,5.0,5.5,6.0,,,,,,,,,,,,,2.821,2.971,3.121,3.271,3.421,3.571,0,0,0,0,0,0
22121,Schweinfurt,50.046665,10.233611,,middle,middle,middle,middle,middle,middle,79.3,79.3,79.3,79.3,79.3,79.3,226.0,226.0,226.0,226.0,226.0,226.0,365.6,365.6,365.6,365.6,365.6,365.6,5.5,6.0,6.5,7.0,7.5,8.0,1500.0,2000.0,2500.0,3000.0,3500.0,4000.0,1.5,1.333,1.25,1.2,1.167,1.143,4.0117,4.1617,4.3117,4.4617,4.6117,4.7617,0,0,0,2,2,2
22122,Selb,50.169724,12.130555,,middle,middle,middle,middle,middle,middle,123.8,123.8,123.8,123.8,123.8,123.8,,,,,,,72.9,72.9,72.9,72.9,72.9,72.9,0.2,0.7,1.2,1.7,2.2,2.7,,,,,,,,,,,,,1.7811,1.9311,2.0811,2.2311,2.3811,2.5311,0,0,0,0,0,0
22123,Selbitz,50.314999,11.748055,,middle,middle,middle,middle,middle,middle,115.4,115.4,115.4,115.4,115.4,115.4,,,,,,,50.1,50.1,50.1,50.1,50.1,50.1,0.0,0.0,0.0,0.26,0.76,1.26,,,,,,,,,,,,,1.5734,1.5734,1.5734,1.6514,1.8014,1.9514,0,0,0,0,0,0
22124,Sesslach,50.1875,10.843056,,middle,middle,middle,middle,middle,middle,110.7,110.7,110.7,110.7,110.7,110.7,,,,,,,113.0,113.0,113.0,113.0,113.0,113.0,4.51,5.01,5.51,6.01,6.51,7.01,,,,,,,,,,,,,3.2474,3.3974,3.5474,3.6974,3.8474,3.9974,0,0,0,0,0,0
22125,Spalt,49.176388,10.924723,,middle,middle,middle,middle,middle,middle,139.6,139.6,139.6,139.6,139.6,139.6,,,,,,,122.5,122.5,122.5,122.5,122.5,122.5,4.58,5.08,5.58,6.08,6.58,7.08,,,,,,,,,,,,,3.3005,3.4505,3.6005,3.7505,3.9005,4.0505,0,0,0,0,0,0
22126,Stadtprozelten,49.783054,9.4083338,,middle,middle,middle,middle,middle,middle,15.1,15.1,15.1,15.1,15.1,15.1,,,,,,,258.0,258.0,258.0,258.0,258.0,258.0,1.23,1.73,2.23,2.73,3.23,3.73,,,,,,,,,,,,,2.9034,3.0534,3.2034,3.3534,3.5034,3.6534,0,0,0,0,0,0
22127,Stadtsteinach,50.163055,11.503889,,middle,middle,middle,middle,middle,middle,138.0,138.0,138.0,138.0,138.0,138.0,,,,,,,77.9,77.9,77.9,77.9,77.9,77.9,1.5,2.0,2.5,3.0,3.5,4.0,,,,,,,,,,,,,2.1971,2.3471,2.4971,2.6471,2.7971,2.9471,0,0,0,0,0,0
22128,Staffelstein,50.101387,10.999722,,middle,middle,middle,middle,middle,middle,125.3,125.3,125.3,125.3,125.3,125.3,,,,,,,146.1,146.1,146.1,146.1,146.1,146.1,1.8,2.3,2.8,3.3,3.8,4.3,,,,,,,,,,,,,2.5366,2.6866,2.8366,2.9866,3.1366,3.2866,0,0,0,0,0,0
22129,Teuschnitz,50.398335,11.380834,,middle,middle,middle,middle,middle,middle,120.0,120.0,120.0,120.0,120.0,120.0,,,,,,,156.2,156.2,156.2,156.2,156.2,156.2,0.63,1.13,1.63,2.13,2.63,3.13,,,,,,,,,,,,,2.2121,2.3621,2.5121,2.6621,2.8121,2.9621,0,0,0,0,0,0
22130,Thiersheim,50.075832,12.128889,,middle,middle,middle,middle,middle,middle,134.2,134.2,134.2,134.2,134.2,134.2,,,,,,,37.5,37.5,37.5,37.5,37.5,37.5,0.68,1.18,1.68,2.18,2.68,3.18,,,,,,,,,,,,,1.6644,1.8144,1.9644,2.1144,2.2644,2.4144,0,0,0,0,0,0
22131,Thierstein,50.106667,12.103611,,middle,middle,middle,middle,middle,middle,131.0,131.0,131.0,131.0,131.0,131.0,,,,,,,46.3,46.3,46.3,46.3,46.3,46.3,0.0,0.0,0.1,0.6,1.1,1.6,,,,,,,,,,,,,1.5423,1.5423,1.5723,1.7223,1.8723,2.0223,0,0,0,0,0,0
22132,Treuchtlingen,48.955002,10.909166,,south,south,south,south,south,south,151.8,151.8,151.8,151.8,151.8,151.8,,,,,,,139.6,139.6,139.6,139.6,139.6,139.6,3.57,4.07,4.57,5.07,5.57,6.07,,,,,,,,,,,,,3.2493,3.3993,3.5493,3.6993,3.8493,3.9993,0,0,0,0,0,0
22133,Uffenheim,49.543888,10.234167,,middle,middle,middle,middle,middle,middle,77.5,77.5,77.5,77.5,77.5,77.5,,,,,,,190.9,190.9,190.9,190.9,190.9,190.9,8.0,8.0,8.0,8.0,8.0,8.0,,,,,,,,,,,,,4.5028,4.5028,4.5028,4.5028,4.5028,4.5028,0,0,0,0,0,0
22134,Velden,49.612778,11.511111,,middle,middle,middle,middle,middle,middle,166.6,166.6,166.6,166.6,166.6,166.6,,,,,,,192.5,192.5,192.5,192.5,192.5,192.5,3.61,4.11,4.61,5.11,5.61,6.11,,,,,,,,,,,,,3.1891,3.3391,3.4891,3.6391,3.7891,3.9391,0,0,0,0,0,0
22135,Volkach,49.864166,10.226666,,middle,middle,middle,middle,middle,middle,74.4,74.4,74.4,74.4,74.4,74.4,,,,,,,165.2,165.2,165.2,165.2,165.2,165.2,3.61,4.11,4.61,5.11,5.61,6.11,,,,,,,,,,,,,3.1283,3.2783,3.4283,3.5783,3.7283,3.8783,0,0,0,0,0,0
22136,Waischenfeld,49.845833,11.344167,,middle,middle,middle,middle,middle,middle,153.9,153.9,153.9,153.9,153.9,153.9,,,,,,,169.2,169.2,169.2,169.2,169.2,169.2,1.75,2.25,2.75,3.25,3.75,4.25,,,,,,,,,,,,,2.5798,2.7298,2.8798,3.0298,3.1798,3.3298,0,0,0,0,0,0
22137,Wallenfels,50.268333,11.471111,,middle,middle,middle,middle,middle,middle,128.7,128.7,128.7,128.7,128.7,128.7,,,,,,,162.6,162.6,162.6,162.6,162.6,162.6,0.02,0.52,1.02,1.52,2.02,2.52,,,,,,,,,,,,,2.0451,2.1951,2.3451,2.4951,2.6451,2.7951,0,0,0,0,0,0
22138,Wassertruedingen,49.041111,10.596945,,middle,middle,middle,middle,middle,middle,127.8,127.8,127.8,127.8,127.8,127.8,,,,,,,220.2,220.2,220.2,220.2,220.2,220.2,4.15,4.65,5.15,5.65,6.15,6.65,,,,,,,,,,,,,3.4046,3.5546,3.7046,3.8546,4.0046,4.1546,0,0,0,0,0,0
22139,Weismain,50.084721,11.239166,,middle,middle,middle,middle,middle,middle,139.1,139.1,139.1,139.1,139.1,139.1,,,,,,,174.3,174.3,174.3,174.3,174.3,174.3,4.5,5.0,5.5,6.0,6.5,7.0,,,,,,,,,,,,,3.4166,3.5666,3.7166,3.8666,4.0166,4.1666,0,0,0,0,0,0
22140,Weissenburg i. Bay.,49.029724,10.971945,,middle,middle,middle,middle,middle,middle,150.8,150.8,150.8,150.8,150.8,150.8,,,,,,,89.2,89.2,89.2,89.2,89.2,89.2,3.83,4.33,4.83,5.33,5.83,6.33,,,,,,,,,,,,,2.9497,3.0997,3.2497,3.3997,3.5497,3.6997,0,0,0,0,0,0
22141,Weissenstadt,50.101112,11.885,,middle,middle,middle,middle,middle,middle,134.8,134.8,134.8,134.8,134.8,134.8,,,,,,,150.6,150.6,150.6,150.6,150.6,150.6,0.51,1.01,1.51,2.01,2.51,3.01,,,,,,,,,,,,,2.1615,2.3115,2.4615,2.6115,2.7615,2.9115,0,0,0,0,0,0
22142,Windsbach,49.248333,10.826667,,middle,middle,middle,middle,middle,middle,129.7,129.7,129.7,129.7,129.7,129.7,,,,,,,114.3,114.3,114.3,114.3,114.3,114.3,0.99,1.49,1.99,2.49,2.99,3.49,,,,,,,,,,,,,2.1959,2.3459,2.4959,2.6459,2.7959,2.9459,0,0,0,0,0,0
22143,Woerth a. Main,49.796112,9.1580553,,middle,middle,middle,middle,middle,middle,2.6,2.6,2.6,2.6,2.6,2.6,,,,,,,71.3,71.3,71.3,71.3,71.3,71.3,7.5,8.0,8.0,8.0,8.0,8.0,,,,,,,,,,,,,4.4295,4.5795,4.5795,4.5795,4.5795,4.5795,2,2,2,2,2,2
22144,Wolframs-Eschenbach,49.226112,10.723056,,middle,middle,middle,middle,middle,middle,124.1,124.1,124.1,124.1,124.1,124.1,,,,,,,84.8,84.8,84.8,84.8,84.8,84.8,1.93,2.43,2.93,3.43,3.93,4.43,,,,,,,,,,,,,2.3596,2.5096,2.6596,2.8096,2.9596,3.1096,0,0,0,0,0,0
22145,Wuerzburg,49.79361,9.9308329,,middle,middle,middle,middle,middle,middle,52.3,52.3,52.3,52.3,52.3,52.3,186.0,186.0,186.0,186.0,186.0,186.0,292.7,292.7,292.7,292.7,292.7,292.7,7.5,8.0,8.0,8.0,8.0,8.0,6000.0,7000.0,6500.0,6000.0,6500.0,7000.0,1.2,1.167,0.929,0.923,1.083,1.077,4.5231,4.6731,4.6731,4.6731,4.6731,4.6731,2,2,1,1,2,2
22146,Wunsiedel,50.038612,12.004723,,middle,middle,middle,middle,middle,middle,139.7,139.7,139.7,139.7,139.7,139.7,,,,,,,111.8,111.8,111.8,111.8,111.8,111.8,0.87,1.37,1.87,2.37,2.87,3.37,,,,,,,,,,,,,2.1512,2.3012,2.4512,2.6012,2.7512,2.9012,0,0,0,0,0,0
22147,Zeil a. Main,50.008335,10.595,,middle,middle,middle,middle,middle,middle,103.7,103.7,103.7,103.7,103.7,103.7,,,,,,,92.5,92.5,92.5,92.5,92.5,92.5,2.35,2.85,3.35,3.85,4.35,4.85,,,,,,,,,,,,,2.52,2.67,2.82,2.97,3.12,3.27,0,0,0,0,0,0
22148,Zirndorf,49.441387,10.956388,,middle,middle,middle,middle,middle,middle,130.8,130.8,130.8,130.8,130.8,130.8,,,,,,,123.9,123.9,123.9,123.9,123.9,123.9,2.44,2.94,3.44,3.94,4.44,4.94,,,,,,,,,,,,,2.6631,2.8131,2.9631,3.1131,3.2631,3.4131,0,0,0,0,0,0
23001,Abensberg,48.815556,11.848333,,south,south,south,south,south,south,218.0,218.0,218.0,218.0,218.0,218.0,,,,,,,171.6,171.6,171.6,171.6,171.6,171.6,1.07,1.57,2.07,2.57,3.07,3.57,,,,,,,,,,,,,2.5813,2.7313,2.8813,3.0313,3.1813,3.3313,0,0,0,0,0,0
23002,Aichach,48.459167,11.13,,south,south,south,south,south,south,200.5,200.5,200.5,200.5,200.5,200.5,,,,,,,430.5,430.5,430.5,430.5,430.5,430.5,1.3,1.8,2.3,2.8,3.3,3.8,,,,,,,,,,,,,3.0169,3.1669,3.3169,3.4669,3.6169,3.7669,0,0,0,0,0,0
23003,Altoetting,48.227779,12.678889,,south,south,south,south,south,south,304.7,304.7,304.7,304.7,304.7,304.7,,,,,,,142.6,142.6,142.6,142.6,142.6,142.6,5.02,5.52,6.02,6.52,7.02,7.52,,,,,,,,,,,,,3.6928,3.8428,3.9928,4.1428,4.2928,4.4428,0,0,0,0,0,0
23004,Amberg,49.444721,11.854445,,middle,middle,middle,middle,middle,middle,193.9,193.9,193.9,193.9,193.9,193.9,373.0,373.0,373.0,373.0,373.0,373.0,306.8,306.8,306.8,306.8,306.8,306.8,1.56,2.06,2.56,3.06,3.56,4.06,2000.0,3000.0,3000.0,3000.0,3500.0,4000.0,2.0,1.5,1.0,1.0,1.167,1.143,2.7597,2.9097,3.0597,3.2097,3.3597,3.5097,0,2,1,1,2,2
23005,Auerbach i. d. Opf.,49.691666,11.628889,,middle,middle,middle,middle,middle,middle,174.4,174.4,174.4,174.4,174.4,174.4,,,,,,,204.5,204.5,204.5,204.5,204.5,204.5,1.31,1.81,2.31,2.81,3.31,3.81,,,,,,,,,,,,,2.5232,2.6732,2.8232,2.9732,3.1232,3.2732,0,0,0,0,0,0
23006,Augsburg,48.369446,10.8925,,south,south,south,south,south,south,196.6,196.6,196.6,196.6,196.6,196.6,474.0,474.0,474.0,474.0,474.0,474.0,35.2,35.2,35.2,35.2,35.2,35.2,8.0,8.0,8.0,8.0,8.0,8.0,16000.0,19000.0,15500.0,12000.0,21000.0,30000.0,1.231,1.188,0.816,0.774,1.75,1.429,3.9863,3.9863,3.9863,3.9863,3.9863,3.9863,3,3,2,2,3,3
23007,Bad Abbach,48.935276,12.043612,,south,south,south,south,south,south,224.7,224.7,224.7,224.7,224.7,224.7,,,,,,,304.1,304.1,304.1,304.1,304.1,304.1,2.43,2.93,3.43,3.93,4.43,4.93,,,,,,,,,,,,,3.2173,3.3673,3.5173,3.6673,3.8173,3.9673,0,0,0,0,0,0
23008,Bad Aibling,47.863335,12.010278,,south,south,south,south,south,south,293.5,293.5,293.5,293.5,293.5,293.5,,,,,,,219.2,219.2,219.2,219.2,219.2,219.2,4.46,4.96,5.46,5.96,6.46,6.96,,,,,,,,,,,,,3.6958,3.8458,3.9958,4.1458,4.2958,4.4458,0,0,0,0,0,0
23009,Bad Reichenhall,47.725834,12.876667,,south,south,south,south,south,south,350.8,350.8,350.8,350.8,350.8,350.8,,,,,,,332.4,332.4,332.4,332.4,332.4,332.4,5.5,6.0,6.5,7.0,7.5,8.0,,,,,,,,,,,,,4.1738,4.3238,4.4738,4.6238,4.7738,4.9238,0,0,0,0,0,0
23010,Bad Toelz,47.761665,11.56,,south,south,south,south,south,south,280.4,280.4,280.4,280.4,280.4,280.4,,,,,,,599.7,599.7,599.7,599.7,599.7,599.7,0.7,1.2,1.7,2.2,2.7,3.2,,,,,,,,,,,,,2.9692,3.1192,3.2692,3.4192,3.5692,3.7192,0,0,0,0,0,0
23011,Bad Woerishofen,48.002777,10.5925,,south,south,south,south,south,south,214.0,214.0,214.0,214.0,214.0,214.0,,,,,,,182.8,182.8,182.8,182.8,182.8,182.8,1.83,2.33,2.83,3.33,3.83,4.33,,,,,,,,,,,,,2.8345,2.9845,3.1345,3.2845,3.4345,3.5845,0,0,0,0,0,0
23012,Baernau,49.809166,12.429722,,middle,middle,middle,middle,middle,middle,162.6,162.6,162.6,162.6,162.6,162.6,,,,,,,1136.5,1136.5,1136.5,1136.5,1136.5,1136.5,0.0,0.0,0.38,0.88,1.38,1.88,,,,,,,,,,,,,2.8146,2.8146,2.9286,3.0786,3.2286,3.3786,0,0,0,0,0,0
23013,Beilngries,49.036388,11.470834,,middle,middle,middle,middle,middle,middle,182.1,182.1,182.1,182.1,182.1,182.1,,,,,,,178.6,178.6,178.6,178.6,178.6,178.6,2.43,2.93,3.43,3.93,4.43,4.93,,,,,,,,,,,,,2.8053,2.9553,3.1053,3.2553,3.4053,3.5553,0,0,0,0,0,0
23014,Berching,49.10611,11.440278,,middle,middle,middle,middle,middle,middle,176.8,176.8,176.8,176.8,176.8,176.8,,,,,,,144.3,144.3,144.3,144.3,144.3,144.3,3.67,4.17,4.67,5.17,5.67,6.17,,,,,,,,,,,,,3.0926,3.2426,3.3926,3.5426,3.6926,3.8426,0,0,0,0,0,0
23015,Bobingen,48.267776,10.830556,,south,south,south,south,south,south,203.0,203.0,203.0,203.0,203.0,203.0,,,,,,,156.0,156.0,156.0,156.0,156.0,156.0,2.6,3.1,3.6,4.1,4.6,5.1,,,,,,,,,,,,,3.0025,3.1525,3.3025,3.4525,3.6025,3.7525,0,0,0,0,0,0
23016,Bogen,48.909168,12.693055,,south,south,south,south,south,south,245.8,245.8,245.8,245.8,245.8,245.8,,,,,,,369.1,369.1,369.1,369.1,369.1,369.1,4.5,5.0,5.5,6.0,6.5,7.0,,,,,,,,,,,,,3.9155,4.0655,4.2155,4.3655,4.5155,4.6655,0,0,0,0,0,0
23017,Buchloe,48.036667,10.729445,,south,south,south,south,south,south,218.1,218.1,218.1,218.1,218.1,218.1,,,,,,,231.2,231.2,231.2,231.2,231.2,231.2,1.0,1.5,2.0,2.5,3.0,3.5,,,,,,,,,,,,,2.679,2.829,2.979,3.129,3.279,3.429,0,0,0,0,0,0
23018,Burgau,48.431667,10.406111,,south,south,south,south,south,south,170.3,170.3,170.3,170.3,170.3,170.3,,,,,,,193.8,193.8,193.8,193.8,193.8,193.8,1.03,1.53,2.03,2.53,3.03,3.53,,,,,,,,,,,,,2.6178,2.7678,2.9178,3.0678,3.2178,3.3678,0,0,0,0,0,0
23019,Burghausen,48.16861,12.831111,,south,south,south,south,south,south,317.7,317.7,317.7,317.7,317.7,317.7,,,,,,,296.8,296.8,296.8,296.8,296.8,296.8,2.25,2.75,3.25,3.75,4.25,4.75,,,,,,,,,,,,,3.1536,3.3036,3.4536,3.6036,3.7536,3.9036,0,0,0,0,0,0
23020,Burglengenfeld,49.205555,12.041945,,middle,middle,middle,middle,middle,middle,213.7,213.7,213.7,213.7,213.7,213.7,,,,,,,284.1,284.1,284.1,284.1,284.1,284.1,1.0,1.5,2.0,2.5,3.0,3.5,,,,,,,,,,,,,2.5612,2.7112,2.8612,3.0112,3.1612,3.3112,0,0,0,0,0,0
23021,Cham,49.218887,12.666945,,middle,middle,middle,middle,middle,middle,215.3,215.3,215.3,215.3,215.3,215.3,,,,,,,287.2,287.2,287.2,287.2,287.2,287.2,4.31,4.81,5.31,5.81,6.31,6.81,,,,,,,,,,,,,3.5584,3.7084,3.8584,4.0084,4.1584,4.3084,0,0,0,0,0,0
23022,Dachau,48.263054,11.437222,,south,south,south,south,south,south,232.0,232.0,232.0,232.0,232.0,232.0,,,,,,,473.5,473.5,473.5,473.5,473.5,473.5,4.45,4.95,5.45,5.95,6.45,6.95,,,,,,,,,,,,,3.9999,4.1499,4.2999,4.4499,4.5999,4.7499,0,0,0,0,0,0
23023,Deggendorf,48.833057,12.961945,,south,south,south,south,south,south,246.9,246.9,246.9,246.9,246.9,246.9,,,,,,,264.6,264.6,264.6,264.6,264.6,264.6,2.48,2.98,3.48,3.98,4.48,4.98,,,,,,,,,,,,,3.1768,3.3268,3.4768,3.6268,3.7768,3.9268,0,0,0,0,0,0
23024,Diessen am Ammersee,47.947777,11.103333,,south,south,south,south,south,south,243.7,243.7,243.7,243.7,243.7,243.7,,,,,,,378.9,378.9,378.9,378.9,378.9,378.9,2.11,2.61,3.11,3.61,4.11,4.61,,,,,,,,,,,,,3.209,3.359,3.509,3.659,3.809,3.959,0,0,0,0,0,0
23025,Dietfurt a. d. Altmuehl,49.034168,11.59,,middle,middle,middle,middle,middle,middle,190.0,190.0,190.0,190.0,190.0,190.0,,,,,,,204.9,204.9,204.9,204.9,204.9,204.9,1.44,1.94,2.44,2.94,3.44,3.94,,,,,,,,,,,,,2.563,2.713,2.863,3.013,3.163,3.313,0,0,0,0,0,0
23026,Dillingen a. d. Donau,48.580555,10.495277,,south,south,south,south,south,south,160.3,160.3,160.3,160.3,160.3,160.3,,,,,,,149.9,149.9,149.9,149.9,149.9,149.9,2.77,3.27,3.77,4.27,4.77,5.27,,,,,,,,,,,,,3.0377,3.1877,3.3377,3.4877,3.6377,3.7877,0,0,0,0,0,0
23027,Dingolfing,48.629444,12.496667,,south,south,south,south,south,south,269.6,269.6,269.6,269.6,269.6,269.6,,,,,,,439.2,439.2,439.2,439.2,439.2,439.2,4.9,5.4,5.9,6.4,6.9,7.4,,,,,,,,,,,,,4.1049,4.2549,4.4049,4.5549,4.7049,4.8549,0,0,0,0,0,0
23028,Donauwoerth,48.718887,10.777778,,south,south,south,south,south,south,161.8,161.8,161.8,161.8,161.8,161.8,,,,,,,184.6,184.6,184.6,184.6,184.6,184.6,2.2,2.7,3.2,3.7,4.2,4.7,,,,,,,,,,,,,2.9494,3.0994,3.2494,3.3994,3.5494,3.6994,0,0,0,0,0,0
23029,Dorfen,48.273613,12.153055,,south,south,south,south,south,south,270.4,270.4,270.4,270.4,270.4,270.4,,,,,,,460.1,460.1,460.1,460.1,460.1,460.1,4.77,5.27,5.77,6.27,6.77,7.27,,,,,,,,,,,,,4.0845,4.2345,4.3845,4.5345,4.6845,4.8345,0,0,0,0,0,0
23030,Ebersberg,48.078335,11.968611,,south,south,south,south,south,south,274.4,274.4,274.4,274.4,274.4,274.4,,,,,,,201.9,201.9,201.9,201.9,201.9,201.9,4.0,4.5,5.0,5.5,6.0,6.5,,,,,,,,,,,,,3.5251,3.6751,3.8251,3.9751,4.1251,4.2751,0,0,0,0,0,0
23031,Eggenfelden,48.403332,12.762222,,south,south,south,south,south,south,296.9,296.9,296.9,296.9,296.9,296.9,,,,,,,393.6,393.6,393.6,393.6,393.6,393.6,1.3,1.8,2.3,2.8,3.3,3.8,,,,,,,,,,,,,2.9812,3.1312,3.2812,3.4312,3.5812,3.7312,0,0,0,0,0,0
23032,Erbendorf,49.838055,12.048056,,middle,middle,middle,middle,middle,middle,161.2,161.2,161.2,161.2,161.2,161.2,,,,,,,157.7,157.7,157.7,157.7,157.7,157.7,1.41,1.91,2.41,2.91,3.41,3.91,,,,,,,,,,,,,2.4499,2.5999,2.7499,2.8999,3.0499,3.1999,0,0,0,0,0,0
23033,Erding,48.30611,11.906944,,south,south,south,south,south,south,254.1,254.1,254.1,254.1,254.1,254.1,,,,,,,261.5,261.5,261.5,261.5,261.5,261.5,4.44,4.94,5.44,5.94,6.44,6.94,,,,,,,,,,,,,3.7601,3.9101,4.0601,4.2101,4.3601,4.5101,0,0,0,0,0,0
23034,Eschenbach i. d. Opf.,49.753056,11.834444,,middle,middle,middle,middle,middle,middle,173.3,173.3,173.3,173.3,173.3,173.3,,,,,,,114.9,114.9,114.9,114.9,114.9,114.9,0.8,1.3,1.8,2.3,2.8,3.3,,,,,,,,,,,,,2.1411,2.2911,2.4411,2.5911,2.7411,2.8911,0,0,0,0,0,0
23035,Freilassing,47.841946,12.978056,,south,south,south,south,south,south,348.3,348.3,348.3,348.3,348.3,348.3,,,,,,,6039.8,6039.8,6039.8,6039.8,6039.8,6039.8,4.62,5.12,5.62,6.12,6.62,7.12,,,,,,,,,,,,,5.0685,5.2185,5.3685,5.5185,5.6685,5.8185,0,0,0,0,0,0
23036,Freising,48.406387,11.746111,,south,south,south,south,south,south,237.8,237.8,237.8,237.8,237.8,237.8,,,,,,,454.4,454.4,454.4,454.4,454.4,454.4,5.06,5.56,6.06,6.56,7.06,7.56,,,,,,,,,,,,,4.1665,4.3165,4.4665,4.6165,4.7665,4.9165,0,0,0,0,0,0
23037,Freystadt (Bayern),49.199165,11.328333,,middle,middle,middle,middle,middle,middle,165.1,165.1,165.1,165.1,165.1,165.1,,,,,,,154.0,154.0,154.0,154.0,154.0,154.0,0.0,0.02,0.52,1.02,1.52,2.02,,,,,,,,,,,,,2.0173,2.0233,2.1733,2.3233,2.4733,2.6233,0,0,0,0,0,0
23038,Freyung,48.808887,13.5475,,south,south,south,south,south,south,239.7,239.7,239.7,239.7,239.7,239.7,,,,,,,6039.8,6039.8,6039.8,6039.8,6039.8,6039.8,0.0,0.0,0.0,0.0,0.48,0.98,,,,,,,,,,,,,3.6825,3.6825,3.6825,3.6825,3.8265,3.9765,0,0,0,0,0,0
23039,Friedberg (Bayern),48.354721,10.979167,,south,south,south,south,south,south,201.9,201.9,201.9,201.9,201.9,201.9,,,,,,,260.5,260.5,260.5,260.5,260.5,260.5,0.0,0.36,0.86,1.36,1.86,2.36,,,,,,,,,,,,,2.4266,2.5346,2.6846,2.8346,2.9846,3.1346,0,0,0,0,0,0
23040,Fuerstenfeldbruck,48.182499,11.253056,,south,south,south,south,south,south,229.6,229.6,229.6,229.6,229.6,229.6,,,,,,,511.9,511.9,511.9,511.9,511.9,511.9,0.0,0.37,0.87,1.37,1.87,2.37,,,,,,,,,,,,,2.696,2.807,2.957,3.107,3.257,3.407,0,0,0,0,0,0
23041,Fuessen,47.567501,10.699722,,south,south,south,south,south,south,257.2,257.2,257.2,257.2,257.2,257.2,,,,,,,1735.4,1735.4,1735.4,1735.4,1735.4,1735.4,5.04,5.54,6.04,6.54,7.04,7.54,,,,,,,,,,,,,4.6958,4.8458,4.9958,5.1458,5.2958,5.4458,0,0,0,0,0,0
23042,Furth i. Wald,49.307777,12.842778,,middle,middle,middle,middle,middle,middle,200.8,200.8,200.8,200.8,200.8,200.8,,,,,,,2050.2,2050.2,2050.2,2050.2,2050.2,2050.2,1.64,2.14,2.64,3.14,3.64,4.14,,,,,,,,,,,,,3.5425,3.6925,3.8425,3.9925,4.1425,4.2925,0,0,0,0,0,0
23043,Garmisch-Partenkirchen,47.492222,11.086111,,south,south,south,south,south,south,281.3,281.3,281.3,281.3,281.3,281.3,,,,,,,2420.1,2420.1,2420.1,2420.1,2420.1,2420.1,4.48,4.98,5.48,5.98,6.48,6.98,,,,,,,,,,,,,4.6608,4.8108,4.9608,5.1108,5.2608,5.4108,0,0,0,0,0,0
23044,Geiselhoering,48.824722,12.391111,,south,south,south,south,south,south,252.9,252.9,252.9,252.9,252.9,252.9,,,,,,,483.9,483.9,483.9,483.9,483.9,483.9,1.5,2.0,2.5,3.0,3.5,4.0,,,,,,,,,,,,,3.1236,3.2736,3.4236,3.5736,3.7236,3.8736,0,0,0,0,0,0
23045,Geisenfeld,48.683887,11.611944,,south,south,south,south,south,south,211.2,211.2,211.2,211.2,211.2,211.2,,,,,,,221.8,221.8,221.8,221.8,221.8,221.8,2.13,2.63,3.13,3.63,4.13,4.63,,,,,,,,,,,,,3.0015,3.1515,3.3015,3.4515,3.6015,3.7515,0,0,0,0,0,0
23046,Gersthofen,48.424721,10.878889,,south,south,south,south,south,south,191.2,191.2,191.2,191.2,191.2,191.2,,,,,,,273.9,273.9,273.9,273.9,273.9,273.9,2.81,3.31,3.81,4.31,4.81,5.31,,,,,,,,,,,,,3.2896,3.4396,3.5896,3.7396,3.8896,4.0396,0,0,0,0,0,0
23047,Goeggingen,48.338055,10.867778,,south,south,south,south,south,south,198.3,198.3,198.3,198.3,198.3,198.3,,,,,,,80.9,80.9,80.9,80.9,80.9,80.9,2.81,3.31,3.81,4.31,4.81,5.31,,,,,,,,,,,,,2.805,2.955,3.105,3.255,3.405,3.555,0,0,0,0,0,0
23048,Grafenau,48.858612,13.3975,,south,south,south,south,south,south,236.1,236.1,236.1,236.1,236.1,236.1,,,,,,,607.0,607.0,607.0,607.0,607.0,607.0,0.0,0.0,0.0,0.24,0.74,1.24,,,,,,,,,,,,,2.7641,2.7641,2.7641,2.8361,2.9861,3.1361,0,0,0,0,0,0
23049,Grafenwoehr,49.720833,11.906111,,middle,middle,middle,middle,middle,middle,175.7,175.7,175.7,175.7,175.7,175.7,,,,,,,111.9,111.9,111.9,111.9,111.9,111.9,0.0,0.0,0.0,0.39,0.89,1.39,,,,,,,,,,,,,1.8906,1.8906,1.8906,2.0076,2.1576,2.3076,0,0,0,0,0,0
23050,Grafing b. Muenchen,48.045277,11.965834,,south,south,south,south,south,south,276.8,276.8,276.8,276.8,276.8,276.8,,,,,,,280.5,280.5,280.5,280.5,280.5,280.5,1.5,2.0,2.5,3.0,3.5,4.0,,,,,,,,,,,,,2.9061,3.0561,3.2061,3.3561,3.5061,3.6561,0,0,0,0,0,0
23051,Griesbach i. Rottal,48.452778,13.192778,,south,south,south,south,south,south,283.4,283.4,283.4,283.4,283.4,283.4,,,,,,,920.4,920.4,920.4,920.4,920.4,920.4,1.28,1.78,2.28,2.78,3.28,3.78,,,,,,,,,,,,,3.3143,3.4643,3.6143,3.7643,3.9143,4.0643,0,0,0,0,0,0
23052,Guenzburg,48.455002,10.276389,,south,south,south,south,south,south,161.5,161.5,161.5,161.5,161.5,161.5,,,,,,,67.4,67.4,67.4,67.4,67.4,67.4,1.85,2.35,2.85,3.35,3.85,4.35,,,,,,,,,,,,,2.4453,2.5953,2.7453,2.8953,3.0453,3.1953,0,0,0,0,0,0
23053,Gundelfingen a. d. Donau,48.554722,10.366389,,south,south,south,south,south,south,157.4,157.4,157.4,157.4,157.4,157.4,,,,,,,109.3,109.3,109.3,109.3,109.3,109.3,5.0,5.5,6.0,6.5,7.0,7.5,,,,,,,,,,,,,3.5812,3.7312,3.8812,4.0312,4.1812,4.3312,0,0,0,0,0,0
23054,Hals,48.591667,13.461945,,south,south,south,south,south,south,264.6,264.6,264.6,264.6,264.6,264.6,,,,,,,380.0,380.0,380.0,380.0,380.0,380.0,1.38,1.88,2.38,2.88,3.38,3.88,,,,,,,,,,,,,2.9911,3.1411,3.2911,3.4411,3.5911,3.7411,0,0,0,0,0,0
23055,Harburg (Schwaben),48.784721,10.686944,,south,south,south,south,south,south,151.9,151.9,151.9,151.9,151.9,151.9,440.0,440.0,440.0,440.0,440.0,440.0,183.4,183.4,183.4,183.4,183.4,183.4,1.58,2.08,2.58,3.08,3.58,4.08,1000.0,1000.0,1000.0,1000.0,1500.0,2000.0,1.0,1.0,1.0,1.0,1.5,1.333,2.7342,2.8842,3.0342,3.1842,3.3342,3.4842,0,0,0,0,0,0
23056,Haunstetten,48.308056,10.905,,south,south,south,south,south,south,202.6,202.6,202.6,202.6,202.6,202.6,,,,,,,44.6,44.6,44.6,44.6,44.6,44.6,2.38,2.88,3.38,3.88,4.38,4.88,,,,,,,,,,,,,2.4422,2.5922,2.7422,2.8922,3.0422,3.1922,0,0,0,0,0,0
23057,Hemau,49.051388,11.783055,,middle,middle,middle,middle,middle,middle,202.0,202.0,202.0,202.0,202.0,202.0,,,,,,,246.4,246.4,246.4,246.4,246.4,246.4,1.25,1.75,2.25,2.75,3.25,3.75,,,,,,,,,,,,,2.5794,2.7294,2.8794,3.0294,3.1794,3.3294,0,0,0,0,0,0
23058,Hirschau,49.544167,11.9425,,middle,middle,middle,middle,middle,middle,194.6,194.6,194.6,194.6,194.6,194.6,,,,,,,129.0,129.0,129.0,129.0,129.0,129.0,0.0,0.29,0.79,1.29,1.79,2.29,,,,,,,,,,,,,1.9471,2.0341,2.1841,2.3341,2.4841,2.6341,0,0,0,0,0,0
23059,Hoechstadt a. d. Donau,48.611668,10.567223,,south,south,south,south,south,south,160.6,160.6,160.6,160.6,160.6,160.6,,,,,,,190.0,190.0,190.0,190.0,190.0,190.0,1.69,2.19,2.69,3.19,3.69,4.19,,,,,,,,,,,,,2.808,2.958,3.108,3.258,3.408,3.558,0,0,0,0,0,0
23060,Ichenhausen,48.372501,10.305278,,south,south,south,south,south,south,169.4,169.4,169.4,169.4,169.4,169.4,,,,,,,128.0,128.0,128.0,128.0,128.0,128.0,2.18,2.68,3.18,3.68,4.18,4.68,,,,,,,,,,,,,2.7979,2.9479,3.0979,3.2479,3.3979,3.5479,0,0,0,0,0,0
23061,Illertissen,48.222778,10.105278,,south,south,south,south,south,south,172.2,172.2,172.2,172.2,172.2,172.2,,,,,,,288.9,288.9,288.9,288.9,288.9,288.9,2.96,3.46,3.96,4.46,4.96,5.46,,,,,,,,,,,,,3.3558,3.5058,3.6558,3.8058,3.9558,4.1058,0,0,0,0,0,0
23062,Immenstadt im Allgaeu,47.56139,10.221111,,south,south,south,south,south,south,238.8,238.8,238.8,238.8,238.8,238.8,,,,,,,332.1,332.1,332.1,332.1,332.1,332.1,0.0,0.31,0.81,1.31,1.81,2.31,,,,,,,,,,,,,2.5234,2.6164,2.7664,2.9164,3.0664,3.2164,0,0,0,0,0,0
23063,Ingolstadt,48.764999,11.423333,,south,south,south,south,south,south,194.7,194.7,194.7,194.7,194.7,194.7,374.0,374.0,374.0,374.0,374.0,374.0,421.0,421.0,421.0,421.0,421.0,421.0,4.44,4.94,5.44,5.94,6.44,6.94,5000.0,6000.0,4500.0,3000.0,3500.0,4000.0,1.25,1.2,0.75,0.667,1.167,1.143,3.95,4.1,4.25,4.4,4.55,4.7,2,2,1,1,2,2
23064,Kaufbeuren,47.879723,10.620277,,south,south,south,south,south,south,225.9,225.9,225.9,225.9,225.9,225.9,678.0,678.0,678.0,678.0,678.0,678.0,254.5,254.5,254.5,254.5,254.5,254.5,1.34,1.84,2.34,2.84,3.34,3.84,1500.0,2000.0,1500.0,1000.0,1000.0,1000.0,1.5,1.333,0.75,0.667,1.0,1.0,2.634,2.784,2.934,3.084,3.234,3.384,0,0,0,0,0,0
23065,Kelheim,48.918888,11.869722,,south,south,south,south,south,south,214.0,214.0,214.0,214.0,214.0,214.0,,,,,,,205.6,205.6,205.6,205.6,205.6,205.6,3.87,4.37,4.87,5.37,5.87,6.37,,,,,,,,,,,,,3.4933,3.6433,3.7933,3.9433,4.0933,4.2433,0,0,0,0,0,0
23066,Kemnath,49.869999,11.886945,,middle,middle,middle,middle,middle,middle,159.8,159.8,159.8,159.8,159.8,159.8,,,,,,,173.5,173.5,173.5,173.5,173.5,173.5,2.41,2.91,3.41,3.91,4.41,4.91,,,,,,,,,,,,,2.7877,2.9377,3.0877,3.2377,3.3877,3.5377,0,0,0,0,0,0
23067,Kempten (Allgaeu),47.723888,10.3175,,south,south,south,south,south,south,226.8,226.8,226.8,226.8,226.8,226.8,674.0,674.0,674.0,674.0,674.0,674.0,509.5,509.5,509.5,509.5,509.5,509.5,8.0,8.0,8.0,8.0,8.0,8.0,3500.0,4000.0,3500.0,3000.0,3500.0,4000.0,1.167,1.143,0.875,0.857,1.167,1.143,4.9115,4.9115,4.9115,4.9115,4.9115,4.9115,1,1,0,0,1,1
23068,Koenigsbrunn,48.266666,10.886666,,south,south,south,south,south,south,205.5,205.5,205.5,205.5,205.5,205.5,,,,,,,162.3,162.3,162.3,162.3,162.3,162.3,0.0,0.0,0.0,0.0,0.0,0.0,,,,,,,,,,,,,2.2383,2.2383,2.2383,2.2383,2.2383,2.2383,0,0,0,0,0,0
23069,Koetzting,49.174721,12.854722,,middle,middle,middle,middle,middle,middle,214.0,214.0,214.0,214.0,214.0,214.0,,,,,,,286.8,286.8,286.8,286.8,286.8,286.8,1.77,2.27,2.77,3.27,3.77,4.27,,,,,,,,,,,,,2.796,2.946,3.096,3.246,3.396,3.546,0,0,0,0,0,0
23070,Kolbermoor,47.851112,12.060833,,south,south,south,south,south,south,297.1,297.1,297.1,297.1,297.1,297.1,,,,,,,373.2,373.2,373.2,373.2,373.2,373.2,0.0,0.0,0.0,0.0,0.0,0.0,,,,,,,,,,,,,2.5699,2.5699,2.5699,2.5699,2.5699,2.5699,0,0,0,0,0,0
23071,Krumbach (Schwaben),48.243057,10.363055,,south,south,south,south,south,south,182.8,182.8,182.8,182.8,182.8,182.8,,,,,,,288.4,288.4,288.4,288.4,288.4,288.4,0.94,1.44,1.94,2.44,2.94,3.44,,,,,,,,,,,,,2.7491,2.8991,3.0491,3.1991,3.3491,3.4991,0,0,0,0,0,0
23072,Landau a. d. Isar,48.668888,12.693889,,south,south,south,south,south,south,270.6,270.6,270.6,270.6,270.6,270.6,,,,,,,432.6,432.6,432.6,432.6,432.6,432.6,0.26,0.76,1.26,1.76,2.26,2.76,,,,,,,,,,,,,2.7069,2.8569,3.0069,3.1569,3.3069,3.4569,0,0,0,0,0,0
23073,Landsberg a. Lech,48.049446,10.877778,,south,south,south,south,south,south,224.8,224.8,224.8,224.8,224.8,224.8,,,,,,,364.8,364.8,364.8,364.8,364.8,364.8,0.88,1.38,1.88,2.38,2.88,3.38,,,,,,,,,,,,,2.8248,2.9748,3.1248,3.2748,3.4248,3.5748,0,0,0,0,0,0
23074,Landshut,48.537224,12.152223,,south,south,south,south,south,south,253.2,253.2,253.2,253.2,253.2,253.2,393.0,393.0,393.0,393.0,393.0,393.0,470.8,470.8,470.8,470.8,470.8,470.8,0.5,1.0,1.5,2.0,2.5,3.0,2000.0,3000.0,6000.0,9000.0,8500.0,8000.0,2.0,1.5,2.0,1.5,0.944,0.941,2.8127,2.9627,3.1127,3.2627,3.4127,3.5627,0,2,2,2,1,1
23075,Laufen,47.936668,12.9325,,south,south,south,south,south,south,339.1,339.1,339.1,339.1,339.1,339.1,,,,,,,469.7,469.7,469.7,469.7,469.7,469.7,5.15,5.65,6.15,6.65,7.15,7.65,,,,,,,,,,,,,4.2067,4.3567,4.5067,4.6567,4.8067,4.9567,0,0,0,0,0,0
23076,Lauingen (Donau),48.570835,10.430278,,south,south,south,south,south,south,158.4,158.4,158.4,158.4,158.4,158.4,439.0,439.0,439.0,439.0,439.0,439.0,100.0,100.0,100.0,100.0,100.0,100.0,5.0,5.5,6.0,6.5,7.0,7.5,2500.0,3000.0,2500.0,2000.0,2500.0,3000.0,1.25,1.2,0.833,0.8,1.25,1.2,3.5199,3.6699,3.8199,3.9699,4.1199,4.2699,0,2,0,0,0,2
23077,Leipheim,48.447777,10.223056,,south,south,south,south,south,south,159.2,159.2,159.2,159.2,159.2,159.2,,,,,,,89.0,89.0,89.0,89.0,89.0,89.0,0.8,1.3,1.8,2.3,2.8,3.3,,,,,,,,,,,,,2.2397,2.3897,2.5397,2.6897,2.8397,2.9897,0,0,0,0,0,0
23078,Lindau (Bodensee),47.546391,9.6841669,,south,south,south,south,south,south,224.0,224.0,224.0,224.0,224.0,224.0,,,,,,,6039.8,6039.8,6039.8,6039.8,6039.8,6039.8,4.33,4.83,5.33,5.83,6.33,6.83,,,,,,,,,,,,,4.9815,5.1315,5.2815,5.4315,5.5815,5.7315,0,0,0,0,0,0
23079,Lindenberg im Allgaeu,47.602222,9.8847218,,south,south,south,south,south,south,223.7,223.7,223.7,223.7,223.7,223.7,,,,,,,656.3,656.3,656.3,656.3,656.3,656.3,3.93,4.43,4.93,5.43,5.93,6.43,,,,,,,,,,,,,3.9742,4.1242,4.2742,4.4242,4.5742,4.7242,0,0,0,0,0,0
23080,Mainburg,48.641666,11.785556,,south,south,south,south,south,south,224.3,224.3,224.3,224.3,224.3,224.3,,,,,,,321.6,321.6,321.6,321.6,321.6,321.6,0.0,0.13,0.63,1.13,1.63,2.13,,,,,,,,,,,,,2.5106,2.5496,2.6996,2.8496,2.9996,3.1496,0,0,0,0,0,0
23081,Marktoberdorf,47.779446,10.618333,,south,south,south,south,south,south,234.5,234.5,234.5,234.5,234.5,234.5,,,,,,,408.9,408.9,408.9,408.9,408.9,408.9,1.5,2.0,2.5,3.0,3.5,4.0,,,,,,,,,,,,,3.0564,3.2064,3.3564,3.5064,3.6564,3.8064,0,0,0,0,0,0
23082,Markt Schwaben,48.190834,11.865278,,south,south,south,south,south,south,260.2,260.2,260.2,260.2,260.2,260.2,,,,,,,356.6,356.6,356.6,356.6,356.6,356.6,1.65,2.15,2.65,3.15,3.65,4.15,,,,,,,,,,,,,3.0467,3.1967,3.3467,3.4967,3.6467,3.7967,0,0,0,0,0,0
23083,Maxhuette-Haidhof,49.201946,12.093611,,middle,middle,middle,middle,middle,middle,217.4,217.4,217.4,217.4,217.4,217.4,,,,,,,105.2,105.2,105.2,105.2,105.2,105.2,0.0,0.0,0.0,0.0,0.0,0.0,,,,,,,,,,,,,1.8663,1.8663,1.8663,1.8663,1.8663,1.8663,0,0,0,0,0,0
23084,Memmingen,47.984722,10.181389,,south,south,south,south,south,south,197.0,197.0,197.0,197.0,197.0,197.0,601.0,601.0,601.0,601.0,601.0,601.0,355.5,355.5,355.5,355.5,355.5,355.5,1.22,1.72,2.22,2.72,3.22,3.72,2500.0,3000.0,3500.0,4000.0,4500.0,5000.0,1.25,1.2,1.167,1.143,1.125,1.111,2.7825,2.9325,3.0825,3.2325,3.3825,3.5325,0,1,1,1,1,1
23085,Miesbach,47.788612,11.834167,,south,south,south,south,south,south,290.9,290.9,290.9,290.9,290.9,290.9,,,,,,,510.6,510.6,510.6,510.6,510.6,510.6,1.36,1.86,2.36,2.86,3.36,3.86,,,,,,,,,,,,,3.103,3.253,3.403,3.553,3.703,3.853,0,0,0,0,0,0
23086,Mindelheim,48.045834,10.491389,,south,south,south,south,south,south,205.5,205.5,205.5,205.5,205.5,205.5,,,,,,,332.6,332.6,332.6,332.6,332.6,332.6,2.04,2.54,3.04,3.54,4.04,4.54,,,,,,,,,,,,,3.136,3.286,3.436,3.586,3.736,3.886,0,0,0,0,0,0
23087,Mittenwald,47.441113,11.2625,,south,south,south,south,south,south,294.1,294.1,294.1,294.1,294.1,294.1,,,,,,,332.4,332.4,332.4,332.4,332.4,332.4,1.52,2.02,2.52,3.02,3.52,4.02,,,,,,,,,,,,,2.9798,3.1298,3.2798,3.4298,3.5798,3.7298,0,0,0,0,0,0
23088,Mitterteich,49.951111,12.243333,,middle,middle,middle,middle,middle,middle,147.2,147.2,147.2,147.2,147.2,147.2,,,,,,,124.1,124.1,124.1,124.1,124.1,124.1,0.65,1.15,1.65,2.15,2.65,3.15,,,,,,,,,,,,,2.1267,2.2767,2.4267,2.5767,2.7267,2.8767,0,0,0,0,0,0
23089,Monheim,48.841389,10.855278,,south,south,south,south,south,south,156.6,156.6,156.6,156.6,156.6,156.6,,,,,,,169.8,169.8,169.8,169.8,169.8,169.8,3.8,4.3,4.8,5.3,5.8,6.3,,,,,,,,,,,,,3.3962,3.5462,3.6962,3.8462,3.9962,4.1462,0,0,0,0,0,0
23090,Moosburg a. d. Isar,48.466946,11.934722,,south,south,south,south,south,south,244.5,244.5,244.5,244.5,244.5,244.5,,,,,,,346.3,346.3,346.3,346.3,346.3,346.3,4.5,5.0,5.5,6.0,6.5,7.0,,,,,,,,,,,,,3.8901,4.0401,4.1901,4.3401,4.4901,4.6401,0,0,0,0,0,0
23091,Muehldorf am Inn,48.24472,12.519444,,south,south,south,south,south,south,294.0,294.0,294.0,294.0,294.0,294.0,,,,,,,187.0,187.0,187.0,187.0,187.0,187.0,3.15,3.65,4.15,4.65,5.15,5.65,,,,,,,,,,,,,3.2397,3.3897,3.5397,3.6897,3.8397,3.9897,0,0,0,0,0,0
23092,Muenchen,48.136944,11.575277,,south,south,south,south,south,south,249.2,249.2,249.2,249.2,249.2,249.2,514.0,514.0,514.0,514.0,514.0,514.0,606.1,606.1,606.1,606.1,606.1,606.1,0.92,1.42,1.92,2.42,2.92,3.42,7500.0,10000.0,8500.0,7000.0,10000.0,13000.0,1.5,1.333,0.85,0.824,1.429,1.3,2.9635,3.1135,3.2635,3.4135,3.5635,3.7135,2,3,1,1,3,3
23093,Murnau,47.681389,11.201944,,south,south,south,south,south,south,271.0,271.0,271.0,271.0,271.0,271.0,,,,,,,376.4,376.4,376.4,376.4,376.4,376.4,0.04,0.54,1.04,1.54,2.04,2.54,,,,,,,,,,,,,2.5853,2.7353,2.8853,3.0353,3.1853,3.3353,0,0,0,0,0,0
23094,Nabburg,49.451668,12.179444,,middle,middle,middle,middle,middle,middle,202.9,202.9,202.9,202.9,202.9,202.9,,,,,,,169.5,169.5,169.5,169.5,169.5,169.5,3.21,3.71,4.21,4.71,5.21,5.71,,,,,,,,,,,,,3.0185,3.1685,3.3185,3.4685,3.6185,3.7685,0,0,0,0,0,0
23095,Neuburg a. d. Donau,48.734165,11.179444,,south,south,south,south,south,south,182.4,182.4,182.4,182.4,182.4,182.4,383.0,383.0,383.0,383.0,383.0,383.0,367.1,367.1,367.1,367.1,367.1,367.1,4.52,5.02,5.52,6.02,6.52,7.02,2000.0,2000.0,1500.0,1000.0,1500.0,2000.0,1.0,1.0,0.75,0.667,1.5,1.333,3.9193,4.0693,4.2193,4.3693,4.5193,4.6693,0,0,0,0,0,0
23096,Neumarkt i. d. Opf.,49.279446,11.458889,,middle,middle,middle,middle,middle,middle,170.9,170.9,170.9,170.9,170.9,170.9,,,,,,,286.7,286.7,286.7,286.7,286.7,286.7,0.9,1.4,1.9,2.4,2.9,3.4,,,,,,,,,,,,,2.5347,2.6847,2.8347,2.9847,3.1347,3.2847,0,0,0,0,0,0
23097,Neumarkt-St. Veit,48.361946,12.508056,,south,south,south,south,south,south,285.8,285.8,285.8,285.8,285.8,285.8,,,,,,,307.1,307.1,307.1,307.1,307.1,307.1,4.62,5.12,5.62,6.12,6.62,7.12,,,,,,,,,,,,,3.8782,4.0282,4.1782,4.3282,4.4782,4.6282,0,0,0,0,0,0
23098,Neunburg vorm Wald,49.346943,12.388056,,middle,middle,middle,middle,middle,middle,211.8,211.8,211.8,211.8,211.8,211.8,,,,,,,224.0,224.0,224.0,224.0,224.0,224.0,2.33,2.83,3.33,3.83,4.33,4.83,,,,,,,,,,,,,2.8655,3.0155,3.1655,3.3155,3.4655,3.6155,0,0,0,0,0,0
23099,Neuoetting,48.240002,12.690556,,south,south,south,south,south,south,304.6,304.6,304.6,304.6,304.6,304.6,,,,,,,140.4,140.4,140.4,140.4,140.4,140.4,0.19,0.69,1.19,1.69,2.19,2.69,,,,,,,,,,,,,2.2377,2.3877,2.5377,2.6877,2.8377,2.9877,0,0,0,0,0,0
23100,Neustadt a. d. Donau,48.808887,11.763333,,south,south,south,south,south,south,213.0,213.0,213.0,213.0,213.0,213.0,,,,,,,157.6,157.6,157.6,157.6,157.6,157.6,0.0,0.27,0.77,1.27,1.77,2.27,,,,,,,,,,,,,2.2265,2.3075,2.4575,2.6075,2.7575,2.9075,0,0,0,0,0,0
23101,Neustadt a. Kulm,49.826111,11.834444,,middle,middle,middle,middle,middle,middle,165.4,165.4,165.4,165.4,165.4,165.4,,,,,,,126.5,126.5,126.5,126.5,126.5,126.5,0.0,0.19,0.69,1.19,1.69,2.19,,,,,,,,,,,,,1.9391,1.9961,2.1461,2.2961,2.4461,2.5961,0,0,0,0,0,0
23102,Neustadt a. d. Waldnaab,49.732498,12.175555,,middle,middle,middle,middle,middle,middle,171.8,171.8,171.8,171.8,171.8,171.8,,,,,,,117.3,117.3,117.3,117.3,117.3,117.3,0.18,0.68,1.18,1.68,2.18,2.68,,,,,,,,,,,,,1.9632,2.1132,2.2632,2.4132,2.5632,2.7132,0,0,0,0,0,0
23103,Neu-Ulm,48.394444,9.9997225,,south,south,south,south,south,south,152.4,152.4,152.4,152.4,152.4,152.4,,,,,,,128.3,128.3,128.3,128.3,128.3,128.3,0.0,0.45,0.95,1.45,1.95,2.45,,,,,,,,,,,,,2.1448,2.2798,2.4298,2.5798,2.7298,2.8798,0,0,0,0,0,0
23104,Nittenau,49.196945,12.271111,,middle,middle,middle,middle,middle,middle,229.9,229.9,229.9,229.9,229.9,229.9,,,,,,,337.7,337.7,337.7,337.7,337.7,337.7,2.43,2.93,3.43,3.93,4.43,4.93,,,,,,,,,,,,,3.0591,3.2091,3.3591,3.5091,3.6591,3.8091,0,0,0,0,0,0
23105,Noerdlingen,48.851665,10.49,,south,south,south,south,south,south,136.5,136.5,136.5,136.5,136.5,136.5,430.0,430.0,430.0,430.0,430.0,430.0,271.1,271.1,271.1,271.1,271.1,271.1,5.0,5.5,6.0,6.5,7.0,7.5,5000.0,6000.0,5000.0,4000.0,5000.0,6000.0,1.25,1.2,0.833,0.8,1.25,1.2,3.9224,4.0724,4.2224,4.3724,4.5224,4.6724,2,2,1,1,2,2
23106,Oberstdorf,47.409443,10.2775,,south,south,south,south,south,south,255.7,255.7,255.7,255.7,255.7,255.7,,,,,,,332.4,332.4,332.4,332.4,332.4,332.4,1.09,1.59,2.09,2.59,3.09,3.59,,,,,,,,,,,,,2.8508,3.0008,3.1508,3.3008,3.4508,3.6008,0,0,0,0,0,0
23107,Oberviechtach,49.458057,12.418333,,middle,middle,middle,middle,middle,middle,200.0,200.0,200.0,200.0,200.0,200.0,,,,,,,190.3,190.3,190.3,190.3,190.3,190.3,0.13,0.63,1.13,1.63,2.13,2.63,,,,,,,,,,,,,2.1406,2.2906,2.4406,2.5906,2.7406,2.8906,0,0,0,0,0,0
23108,Oettingen i. Bay.,48.955276,10.605278,,south,south,south,south,south,south,134.5,134.5,134.5,134.5,134.5,134.5,,,,,,,167.2,167.2,167.2,167.2,167.2,167.2,1.97,2.47,2.97,3.47,3.97,4.47,,,,,,,,,,,,,2.841,2.991,3.141,3.291,3.441,3.591,0,0,0,0,0,0
23109,Osterhofen,48.700001,13.0225,,south,south,south,south,south,south,259.8,259.8,259.8,259.8,259.8,259.8,,,,,,,351.9,351.9,351.9,351.9,351.9,351.9,5.5,6.0,6.5,7.0,7.5,8.0,,,,,,,,,,,,,4.1964,4.3464,4.4964,4.6464,4.7964,4.9464,0,0,0,0,0,0
23110,Ottobeuren,47.941113,10.296111,,south,south,south,south,south,south,205.8,205.8,205.8,205.8,205.8,205.8,,,,,,,360.3,360.3,360.3,360.3,360.3,360.3,4.86,5.36,5.86,6.36,6.86,7.36,,,,,,,,,,,,,4.0139,4.1639,4.3139,4.4639,4.6139,4.7639,0,0,0,0,0,0
23111,Parsberg,49.16,11.714723,,middle,middle,middle,middle,middle,middle,192.9,192.9,192.9,192.9,192.9,192.9,,,,,,,219.3,219.3,219.3,219.3,219.3,219.3,0.45,0.95,1.45,1.95,2.45,2.95,,,,,,,,,,,,,2.2929,2.4429,2.5929,2.7429,2.8929,3.0429,0,0,0,0,0,0
23112,Passau,48.573891,13.460278,,south,south,south,south,south,south,266.5,266.5,266.5,266.5,266.5,266.5,310.0,310.0,310.0,310.0,310.0,310.0,6039.8,6039.8,6039.8,6039.8,6039.8,6039.8,8.0,8.0,8.0,8.0,8.0,8.0,2500.0,3000.0,3500.0,4000.0,4000.0,4000.0,1.25,1.2,1.167,1.143,1.0,1.0,6.0825,6.0825,6.0825,6.0825,6.0825,6.0825,0,2,2,2,1,1
23113,Penzberg,47.751667,11.376111,,south,south,south,south,south,south,273.2,273.2,273.2,273.2,273.2,273.2,,,,,,,396.7,396.7,396.7,396.7,396.7,396.7,0.0,0.25,0.75,1.25,1.75,2.25,,,,,,,,,,,,,2.5943,2.6693,2.8193,2.9693,3.1193,3.2693,0,0,0,0,0,0
23114,Pfaffenhofen a. d. Ilm,48.529724,11.503612,,south,south,south,south,south,south,215.3,215.3,215.3,215.3,215.3,215.3,,,,,,,452.7,452.7,452.7,452.7,452.7,452.7,1.1,1.6,2.1,2.6,3.1,3.6,,,,,,,,,,,,,2.977,3.127,3.277,3.427,3.577,3.727,0,0,0,0,0,0
23115,Pfarrkirchen,48.431946,12.937778,,south,south,south,south,south,south,290.1,290.1,290.1,290.1,290.1,290.1,,,,,,,414.9,414.9,414.9,414.9,414.9,414.9,3.76,4.26,4.76,5.26,5.76,6.26,,,,,,,,,,,,,3.7402,3.8902,4.0402,4.1902,4.3402,4.4902,0,0,0,0,0,0
23116,Pfreimd,49.493889,12.181945,,middle,middle,middle,middle,middle,middle,198.2,198.2,198.2,198.2,198.2,198.2,,,,,,,167.7,167.7,167.7,167.7,167.7,167.7,2.28,2.78,3.28,3.78,4.28,4.78,,,,,,,,,,,,,2.7352,2.8852,3.0352,3.1852,3.3352,3.4852,0,0,0,0,0,0
23117,Plattling,48.77639,12.873333,,south,south,south,south,south,south,254.9,254.9,254.9,254.9,254.9,254.9,,,,,,,285.1,285.1,285.1,285.1,285.1,285.1,3.82,4.32,4.82,5.32,5.82,6.32,,,,,,,,,,,,,3.6085,3.7585,3.9085,4.0585,4.2085,4.3585,0,0,0,0,0,0
23118,Pleystein,49.645279,12.409722,,middle,middle,middle,middle,middle,middle,180.8,180.8,180.8,180.8,180.8,180.8,,,,,,,215.6,215.6,215.6,215.6,215.6,215.6,0.0,0.39,0.89,1.39,1.89,2.39,,,,,,,,,,,,,2.1513,2.2683,2.4183,2.5683,2.7183,2.8683,0,0,0,0,0,0
23119,Pressath,49.769165,11.935,,middle,middle,middle,middle,middle,middle,170.1,170.1,170.1,170.1,170.1,170.1,,,,,,,107.0,107.0,107.0,107.0,107.0,107.0,0.06,0.56,1.06,1.56,2.06,2.56,,,,,,,,,,,,,1.891,2.041,2.191,2.341,2.491,2.641,0,0,0,0,0,0
23120,Prien a. Chiemsee,47.855835,12.343889,,south,south,south,south,south,south,311.7,311.7,311.7,311.7,311.7,311.7,,,,,,,2269.7,2269.7,2269.7,2269.7,2269.7,2269.7,0.7,1.2,1.7,2.2,2.7,3.2,,,,,,,,,,,,,3.5011,3.6511,3.8011,3.9511,4.1011,4.2511,0,0,0,0,0,0
23121,Rain,48.690277,10.920834,,south,south,south,south,south,south,171.4,171.4,171.4,171.4,171.4,171.4,,,,,,,385.0,385.0,385.0,385.0,385.0,385.0,0.02,0.52,1.02,1.52,2.02,2.52,,,,,,,,,,,,,2.5883,2.7383,2.8883,3.0383,3.1883,3.3383,0,0,0,0,0,0
23122,Regen,48.970001,13.126111,,south,south,south,south,south,south,228.8,228.8,228.8,228.8,228.8,228.8,,,,,,,416.1,416.1,416.1,416.1,416.1,416.1,1.02,1.52,2.02,2.52,3.02,3.52,,,,,,,,,,,,,2.9193,3.0693,3.2193,3.3693,3.5193,3.6693,0,0,0,0,0,0
23123,Regensburg,49.017223,12.096945,,middle,middle,middle,middle,middle,middle,224.6,224.6,224.6,224.6,224.6,224.6,332.0,332.0,332.0,332.0,332.0,332.0,196.0,196.0,196.0,196.0,196.0,196.0,8.0,8.0,8.0,8.0,8.0,8.0,14000.0,12000.0,10000.0,8000.0,15000.0,22000.0,0.875,0.857,0.833,0.8,1.875,1.467,4.5132,4.5132,4.5132,4.5132,4.5132,4.5132,2,2,2,1,3,3
23124,Regensburg-Stadtamhof,49.025555,12.089723,,middle,middle,middle,middle,middle,middle,223.7,223.7,223.7,223.7,223.7,223.7,,,,,,,147.7,147.7,147.7,147.7,147.7,147.7,2.69,3.19,3.69,4.19,4.69,5.19,,,,,,,,,,,,,2.8078,2.9578,3.1078,3.2578,3.4078,3.5578,0,0,0,0,0,0
23125,Riedenburg,48.963612,11.6875,,south,south,south,south,south,south,199.9,199.9,199.9,199.9,199.9,199.9,,,,,,,192.2,192.2,192.2,192.2,192.2,192.2,1.39,1.89,2.39,2.89,3.39,3.89,,,,,,,,,,,,,2.7225,2.8725,3.0225,3.1725,3.3225,3.4725,0,0,0,0,0,0
23126,Roding,49.195278,12.516389,,middle,middle,middle,middle,middle,middle,222.7,222.7,222.7,222.7,222.7,222.7,,,,,,,303.9,303.9,303.9,303.9,303.9,303.9,3.54,4.04,4.54,5.04,5.54,6.04,,,,,,,,,,,,,3.35,3.5,3.65,3.8,3.95,4.1,0,0,0,0,0,0
23127,Roetz,49.342224,12.530833,,middle,middle,middle,middle,middle,middle,207.5,207.5,207.5,207.5,207.5,207.5,,,,,,,187.3,187.3,187.3,187.3,187.3,187.3,2.33,2.83,3.33,3.83,4.33,4.83,,,,,,,,,,,,,2.7943,2.9443,3.0943,3.2443,3.3943,3.5443,0,0,0,0,0,0
23128,Rosenheim,47.855556,12.124722,,south,south,south,south,south,south,300.1,300.1,300.1,300.1,300.1,300.1,,,,,,,807.6,807.6,807.6,807.6,807.6,807.6,0.18,0.68,1.18,1.68,2.18,2.68,,,,,,,,,,,,,2.9321,3.0821,3.2321,3.3821,3.5321,3.6821,0,0,0,0,0,0
23129,Rottenburg a. d. Laaber,48.703056,12.026944,,south,south,south,south,south,south,235.6,235.6,235.6,235.6,235.6,235.6,,,,,,,446.2,446.2,446.2,446.2,446.2,446.2,0.77,1.27,1.77,2.27,2.77,3.27,,,,,,,,,,,,,2.8722,3.0222,3.1722,3.3222,3.4722,3.6222,0,0,0,0,0,0
23130,Schnaittenbach,49.548054,12.003612,,middle,middle,middle,middle,middle,middle,193.5,193.5,193.5,193.5,193.5,193.5,,,,,,,208.0,208.0,208.0,208.0,208.0,208.0,0.0,0.29,0.79,1.29,1.79,2.29,,,,,,,,,,,,,2.1369,2.2239,2.3739,2.5239,2.6739,2.8239,0,0,0,0,0,0
23131,Schoensee,49.509998,12.547222,,middle,middle,middle,middle,middle,middle,190.4,190.4,190.4,190.4,190.4,190.4,,,,,,,640.9,640.9,640.9,640.9,640.9,640.9,0.0,0.0,0.17,0.67,1.17,1.67,,,,,,,,,,,,,2.5858,2.5858,2.6368,2.7868,2.9368,3.0868,0,0,0,0,0,0
23132,Schongau,47.812778,10.896389,,south,south,south,south,south,south,244.8,244.8,244.8,244.8,244.8,244.8,,,,,,,579.6,579.6,579.6,579.6,579.6,579.6,1.8,2.3,2.8,3.3,3.8,4.3,,,,,,,,,,,,,3.2856,3.4356,3.5856,3.7356,3.8856,4.0356,0,0,0,0,0,0
23133,Schrobenhausen,48.558887,11.264722,,south,south,south,south,south,south,199.9,199.9,199.9,199.9,199.9,199.9,,,,,,,391.6,391.6,391.6,391.6,391.6,391.6,4.6,5.1,5.6,6.1,6.6,7.1,,,,,,,,,,,,,3.9692,4.1192,4.2692,4.4192,4.5692,4.7192,0,0,0,0,0,0
23134,Schwabmuenchen,48.17889,10.7575,,south,south,south,south,south,south,208.2,208.2,208.2,208.2,208.2,208.2,,,,,,,292.7,292.7,292.7,292.7,292.7,292.7,2.96,3.46,3.96,4.46,4.96,5.46,,,,,,,,,,,,,3.361,3.511,3.661,3.811,3.961,4.111,0,0,0,0,0,0
23135,Schwandorf i. Bay.,49.327221,12.108889,,middle,middle,middle,middle,middle,middle,214.7,214.7,214.7,214.7,214.7,214.7,,,,,,,244.0,244.0,244.0,244.0,244.0,244.0,2.44,2.94,3.44,3.94,4.44,4.94,,,,,,,,,,,,,2.9325,3.0825,3.2325,3.3825,3.5325,3.6825,0,0,0,0,0,0
23136,Simbach a. Inn,48.267502,13.027223,,south,south,south,south,south,south,306.2,306.2,306.2,306.2,306.2,306.2,,,,,,,918.5,918.5,918.5,918.5,918.5,918.5,3.23,3.73,4.23,4.73,5.23,5.73,,,,,,,,,,,,,3.8985,4.0485,4.1985,4.3485,4.4985,4.6485,0,0,0,0,0,0
23137,Sonthofen,47.512222,10.281111,,south,south,south,south,south,south,245.8,245.8,245.8,245.8,245.8,245.8,,,,,,,292.6,292.6,292.6,292.6,292.6,292.6,1.5,2.0,2.5,3.0,3.5,4.0,,,,,,,,,,,,,2.9229,3.0729,3.2229,3.3729,3.5229,3.6729,0,0,0,0,0,0
23138,Starnberg,47.996387,11.338333,,south,south,south,south,south,south,249.6,249.6,249.6,249.6,249.6,249.6,,,,,,,325.5,325.5,325.5,325.5,325.5,325.5,0.07,0.57,1.07,1.57,2.07,2.57,,,,,,,,,,,,,2.5364,2.6864,2.8364,2.9864,3.1364,3.2864,0,0,0,0,0,0
23139,Straubing,48.881668,12.569445,,south,south,south,south,south,south,252.2,252.2,252.2,252.2,252.2,252.2,322.0,322.0,322.0,322.0,322.0,322.0,303.9,303.9,303.9,303.9,303.9,303.9,3.53,4.03,4.53,5.03,5.53,6.03,1000.0,1000.0,1000.0,1000.0,1000.0,1000.0,1.0,1.0,1.0,1.0,1.0,1.0,3.547,3.697,3.847,3.997,4.147,4.297,0,0,0,0,0,0
23140,Sulzbach-Rosenberg,49.495556,11.756111,,middle,middle,middle,middle,middle,middle,185.9,185.9,185.9,185.9,185.9,185.9,,,,,,,298.8,298.8,298.8,298.8,298.8,298.8,1.46,1.96,2.46,2.96,3.46,3.96,,,,,,,,,,,,,2.7193,2.8693,3.0193,3.1693,3.3193,3.4693,0,0,0,0,0,0
23141,Tegernsee,47.708611,11.756945,,south,south,south,south,south,south,294.1,294.1,294.1,294.1,294.1,294.1,,,,,,,4544.7,4544.7,4544.7,4544.7,4544.7,4544.7,5.04,5.54,6.04,6.54,7.04,7.54,,,,,,,,,,,,,5.0808,5.2308,5.3808,5.5308,5.6808,5.8308,0,0,0,0,0,0
23142,Teublitz,49.22139,12.086111,,middle,middle,middle,middle,middle,middle,216.2,216.2,216.2,216.2,216.2,216.2,,,,,,,49.3,49.3,49.3,49.3,49.3,49.3,0.5,1.0,1.5,2.0,2.5,3.0,,,,,,,,,,,,,1.7172,1.8672,2.0172,2.1672,2.3172,2.4672,0,0,0,0,0,0
23143,Thannhausen,48.282501,10.47,,south,south,south,south,south,south,185.1,185.1,185.1,185.1,185.1,185.1,,,,,,,374.1,374.1,374.1,374.1,374.1,374.1,1.41,1.91,2.41,2.91,3.41,3.91,,,,,,,,,,,,,2.9939,3.1439,3.2939,3.4439,3.5939,3.7439,0,0,0,0,0,0
23144,Tirschenreuth,49.878056,12.336667,,middle,middle,middle,middle,middle,middle,155.0,155.0,155.0,155.0,155.0,155.0,,,,,,,193.1,193.1,193.1,193.1,193.1,193.1,1.1,1.6,2.1,2.6,3.1,3.6,,,,,,,,,,,,,2.4374,2.5874,2.7374,2.8874,3.0374,3.1874,0,0,0,0,0,0
23145,Tittmoning,48.060276,12.768888,,south,south,south,south,south,south,321.1,321.1,321.1,321.1,321.1,321.1,,,,,,,270.2,270.2,270.2,270.2,270.2,270.2,5.5,6.0,6.5,7.0,7.5,8.0,,,,,,,,,,,,,4.0911,4.2411,4.3911,4.5411,4.6911,4.8411,0,0,0,0,0,0
23146,Traunreut,47.961388,12.593333,,south,south,south,south,south,south,317.7,317.7,317.7,317.7,317.7,317.7,,,,,,,180.7,180.7,180.7,180.7,180.7,180.7,0.0,0.0,0.0,0.0,0.0,0.0,,,,,,,,,,,,,2.281,2.281,2.281,2.281,2.281,2.281,0,0,0,0,0,0
23147,Traunstein,47.869446,12.648611,,south,south,south,south,south,south,327.5,327.5,327.5,327.5,327.5,327.5,,,,,,,706.1,706.1,706.1,706.1,706.1,706.1,1.5,2.0,2.5,3.0,3.5,4.0,,,,,,,,,,,,,3.2745,3.4245,3.5745,3.7245,3.8745,4.0245,0,0,0,0,0,0
23148,Trostberg,48.027222,12.556666,,south,south,south,south,south,south,310.9,310.9,310.9,310.9,310.9,310.9,,,,,,,289.9,289.9,289.9,289.9,289.9,289.9,0.05,0.55,1.05,1.55,2.05,2.55,,,,,,,,,,,,,2.4841,2.6341,2.7841,2.9341,3.0841,3.2341,0,0,0,0,0,0
23149,Velburg,49.233055,11.671667,,middle,middle,middle,middle,middle,middle,187.2,187.2,187.2,187.2,187.2,187.2,,,,,,,327.6,327.6,327.6,327.6,327.6,327.6,1.21,1.71,2.21,2.71,3.21,3.71,,,,,,,,,,,,,2.6809,2.8309,2.9809,3.1309,3.2809,3.4309,0,0,0,0,0,0
23150,Viechtach,49.081665,12.883889,,middle,middle,middle,middle,middle,middle,222.8,222.8,222.8,222.8,222.8,222.8,,,,,,,383.0,383.0,383.0,383.0,383.0,383.0,1.5,2.0,2.5,3.0,3.5,4.0,,,,,,,,,,,,,2.8303,2.9803,3.1303,3.2803,3.4303,3.5803,0,0,0,0,0,0
23151,Vilsbiburg,48.450001,12.353889,,south,south,south,south,south,south,270.9,270.9,270.9,270.9,270.9,270.9,,,,,,,394.1,394.1,394.1,394.1,394.1,394.1,2.6,3.1,3.6,4.1,4.6,5.1,,,,,,,,,,,,,3.3716,3.5216,3.6716,3.8216,3.9716,4.1216,0,0,0,0,0,0
23152,Vilseck,49.610832,11.805278,,middle,middle,middle,middle,middle,middle,187.7,187.7,187.7,187.7,187.7,187.7,,,,,,,175.6,175.6,175.6,175.6,175.6,175.6,0.75,1.25,1.75,2.25,2.75,3.25,,,,,,,,,,,,,2.2946,2.4446,2.5946,2.7446,2.8946,3.0446,0,0,0,0,0,0
23153,Vilshofen,48.63028,13.19,,south,south,south,south,south,south,264.2,264.2,264.2,264.2,264.2,264.2,,,,,,,430.9,430.9,430.9,430.9,430.9,430.9,4.74,5.24,5.74,6.24,6.74,7.24,,,,,,,,,,,,,4.0493,4.1993,4.3493,4.4993,4.6493,4.7993,0,0,0,0,0,0
23154,Vohburg,48.768055,11.618889,,south,south,south,south,south,south,206.4,206.4,206.4,206.4,206.4,206.4,,,,,,,212.1,212.1,212.1,212.1,212.1,212.1,3.55,4.05,4.55,5.05,5.55,6.05,,,,,,,,,,,,,3.4097,3.5597,3.7097,3.8597,4.0097,4.1597,0,0,0,0,0,0
23155,Vohenstrauss,49.622776,12.341945,,middle,middle,middle,middle,middle,middle,183.4,183.4,183.4,183.4,183.4,183.4,,,,,,,196.1,196.1,196.1,196.1,196.1,196.1,0.0,0.31,0.81,1.31,1.81,2.31,,,,,,,,,,,,,2.1134,2.2064,2.3564,2.5064,2.6564,2.8064,0,0,0,0,0,0
23156,Waldershof,49.977501,12.063334,,middle,middle,middle,middle,middle,middle,145.7,145.7,145.7,145.7,145.7,145.7,,,,,,,92.7,92.7,92.7,92.7,92.7,92.7,0.0,0.37,0.87,1.37,1.87,2.37,,,,,,,,,,,,,1.8159,1.9269,2.0769,2.2269,2.3769,2.5269,0,0,0,0,0,0
23157,Waldkraiburg,48.208057,12.400278,,south,south,south,south,south,south,289.3,289.3,289.3,289.3,289.3,289.3,,,,,,,333.9,333.9,333.9,333.9,333.9,333.9,0.0,0.0,0.0,0.0,0.0,0.0,,,,,,,,,,,,,2.5255,2.5255,2.5255,2.5255,2.5255,2.5255,0,0,0,0,0,0
23158,Waldmuenchen,49.375557,12.705556,,middle,middle,middle,middle,middle,middle,198.5,198.5,198.5,198.5,198.5,198.5,,,,,,,608.2,608.2,608.2,608.2,608.2,608.2,0.0,0.35,0.85,1.35,1.85,2.35,,,,,,,,,,,,,2.5648,2.6698,2.8198,2.9698,3.1198,3.2698,0,0,0,0,0,0
23159,Waldsassen,50.003056,12.305278,,middle,middle,middle,middle,middle,middle,141.2,141.2,141.2,141.2,141.2,141.2,,,,,,,376.6,376.6,376.6,376.6,376.6,376.6,1.17,1.67,2.17,2.67,3.17,3.67,,,,,,,,,,,,,2.7245,2.8745,3.0245,3.1745,3.3245,3.4745,0,0,0,0,0,0
23160,Wasserburg,48.060833,12.232223,,south,south,south,south,south,south,290.1,290.1,290.1,290.1,290.1,290.1,,,,,,,422.8,422.8,422.8,422.8,422.8,422.8,1.13,1.63,2.13,2.63,3.13,3.63,,,,,,,,,,,,,2.9587,3.1087,3.2587,3.4087,3.5587,3.7087,0,0,0,0,0,0
23161,Weiden,49.675556,12.163611,,middle,middle,middle,middle,middle,middle,178.2,178.2,178.2,178.2,178.2,178.2,,,,,,,185.2,185.2,185.2,185.2,185.2,185.2,0.09,0.59,1.09,1.59,2.09,2.59,,,,,,,,,,,,,2.1178,2.2678,2.4178,2.5678,2.7178,2.8678,0,0,0,0,0,0
23162,Weilheim,47.839443,11.141389,,south,south,south,south,south,south,255.2,255.2,255.2,255.2,255.2,255.2,,,,,,,298.9,298.9,298.9,298.9,298.9,298.9,2.4,2.9,3.4,3.9,4.4,4.9,,,,,,,,,,,,,3.2014,3.3514,3.5014,3.6514,3.8014,3.9514,0,0,0,0,0,0
23163,Weissenhorn,48.303333,10.160277,,south,south,south,south,south,south,167.8,167.8,167.8,167.8,167.8,167.8,,,,,,,190.6,190.6,190.6,190.6,190.6,190.6,0.78,1.28,1.78,2.28,2.78,3.28,,,,,,,,,,,,,2.5361,2.6861,2.8361,2.9861,3.1361,3.2861,0,0,0,0,0,0
23164,Wemding,48.874443,10.723333,,south,south,south,south,south,south,146.9,146.9,146.9,146.9,146.9,146.9,,,,,,,172.3,172.3,172.3,172.3,172.3,172.3,4.57,5.07,5.57,6.07,6.57,7.07,,,,,,,,,,,,,3.633,3.783,3.933,4.083,4.233,4.383,0,0,0,0,0,0
23165,Wertingen,48.561943,10.682222,,south,south,south,south,south,south,170.2,170.2,170.2,170.2,170.2,170.2,,,,,,,375.2,375.2,375.2,375.2,375.2,375.2,7.5,8.0,8.0,8.0,8.0,8.0,,,,,,,,,,,,,4.8221,4.9721,4.9721,4.9721,4.9721,4.9721,0,0,0,0,0,0
23166,Windisch-Eschenbach,49.803333,12.155556,,middle,middle,middle,middle,middle,middle,164.1,164.1,164.1,164.1,164.1,164.1,,,,,,,135.4,135.4,135.4,135.4,135.4,135.4,2.07,2.57,3.07,3.57,4.07,4.57,,,,,,,,,,,,,2.5874,2.7374,2.8874,3.0374,3.1874,3.3374,0,0,0,0,0,0
23167,Woerth a. d. Donau,49.000278,12.400556,,middle,middle,middle,middle,middle,middle,245.8,245.8,245.8,245.8,245.8,245.8,,,,,,,387.2,387.2,387.2,387.2,387.2,387.2,4.85,5.35,5.85,6.35,6.85,7.35,,,,,,,,,,,,,3.8396,3.9896,4.1396,4.2896,4.4396,4.5896,0,0,0,0,0,0
23168,Wolfratshausen,47.912498,11.420555,,south,south,south,south,south,south,260.8,260.8,260.8,260.8,260.8,260.8,,,,,,,305.3,305.3,305.3,305.3,305.3,305.3,2.47,2.97,3.47,3.97,4.47,4.97,,,,,,,,,,,,,3.2309,3.3809,3.5309,3.6809,3.8309,3.9809,0,0,0,0,0,0
23169,Zwiesel,49.014446,13.233334,,middle,middle,middle,middle,middle,middle,221.9,221.9,221.9,221.9,221.9,221.9,,,,,,,2934.0,2934.0,2934.0,2934.0,2934.0,2934.0,0.0,0.05,0.55,1.05,1.55,2.05,,,,,,,,,,,,,3.1938,3.2088,3.3588,3.5088,3.6588,3.8088,0,0,0,0,0,0
