city_id,name,lat,lon,town_from,town_to,distance_river_km,distance_road_km,on_trade_route,population_1300,population_1400,population_1500,population_1550,population_1600,population_1650,distance_fair_km_1300,distance_fair_km_1350,distance_fair_km_1400,distance_fair_km_1450,distance_fair_km_1500,distance_fair_km_1550,distance_fair_km_1600,distance_fair_km_1650,num_fairs_50km_1300,num_fairs_50km_1350,num_fairs_50km_1400,num_fairs_50km_1450,num_fairs_50km_1500,num_fairs_50km_1550,num_fairs_50km_1600,num_fairs_50km_1650,num_fairs_100km_1300,num_fairs_100km_1350,num_fairs_100km_1400,num_fairs_100km_1450,num_fairs_100km_1500,num_fairs_100km_1550,num_fairs_100km_1600,num_fairs_100km_1650,has_own_fair_1300,has_own_fair_1350,has_own_fair_1400,has_own_fair_1450,has_own_fair_1500,has_own_fair_1550,has_own_fair_1600,has_own_fair_1650,own_fair_category_1300,own_fair_category_1350,own_fair_category_1400,own_fair_category_1450,own_fair_category_1500,own_fair_category_1550,own_fair_category_1600,own_fair_category_1650,has_own_toll_1300,has_own_toll_1350,has_own_toll_1400,has_own_toll_1450,has_own_toll_1500,has_own_toll_1550,has_own_toll_1600,has_own_toll_1650,has_own_staple_1300,has_own_staple_1350,has_own_staple_1400,has_own_staple_1450,has_own_staple_1500,has_own_staple_1550,has_own_staple_1600,has_own_staple_1650,has_own_bridge_1300,has_own_bridge_1350,has_own_bridge_1400,has_own_bridge_1450,has_own_bridge_1500,has_own_bridge_1550,has_own_bridge_1600,has_own_bridge_1650,has_own_ferry_1300,has_own_ferry_1350,has_own_ferry_1400,has_own_ferry_1450,has_own_ferry_1500,has_own_ferry_1550,has_own_ferry_1600,has_own_ferry_1650,has_own_harbour_1300,has_own_harbour_1350,has_own_harbour_1400,has_own_harbour_1450,has_own_harbour_1500,has_own_harbour_1550,has_own_harbour_1600,has_own_harbour_1650,trade_access_score_1300,trade_access_score_1350,trade_access_score_1400,trade_access_score_1450,trade_access_score_1500,trade_access_score_1550,trade_access_score_1600,trade_access_score_1650
11911,Oostburg,51.327136,3.489656,1174,1650,4.885,0.197,1,,,,,,,6.59,6.59,6.59,20.835,20.835,20.835,20.835,20.835,2.0,6.0,7.0,6.0,8.0,8.0,8.0,8.0,2.0,12.0,13.0,12.0,14.0,14.0,14.0,14.0,0.0,0.0,0.0,0.0,0.0,0.0,0.0,0.0,,,,,,,,,1.0,1.0,1.0,1.0,1.0,0.0,0.0,0.0,0.0,0.0,0.0,0.0,0.0,0.0,0.0,0.0,0.0,0.0,0.0,0.0,0.0,0.0,0.0,0.0,0.0,0.0,0.0,0.0,0.0,0.0,0.0,0.0,0.0,0.0,0.0,0.0,0.0,0.0,0.0,0.0,2.0,2.0,2.0,2.0,2.0,2.0,2.0,2.0
6712,Salzwedel,52.850548,11.151767,1197,1650,4.512,0.326,1,3000.0,2000.0,5000.0,6000.0,7000.0,5000.0,27.839,27.839,0.0,0.0,0.0,0.0,0.0,0.0,1.0,1.0,6.0,11.0,16.0,16.0,18.0,18.0,7.0,13.0,30.0,38.0,43.0,46.0,72.0,78.0,0.0,0.0,1.0,1.0,1.0,1.0,1.0,1.0,,,local,local,local,local,local,local,0.0,1.0,1.0,1.0,1.0,1.0,1.0,1.0,0.0,0.0,0.0,0.0,0.0,0.0,0.0,0.0,0.0,0.0,0.0,0.0,0.0,0.0,0.0,0.0,0.0,0.0,0.0,0.0,0.0,0.0,0.0,0.0,0.0,0.0,0.0,0.0,0.0,0.0,0.0,0.0,2.0,2.0,2.0,2.0,2.0,2.0,2.0,2.0
1036,Brugge,51.20876,3.224332,1127,1650,0.114,0.029,1,40000.0,37000.0,35000.0,31000.0,27000.0,31000.0,0.0,0.0,0.0,0.0,0.0,0.0,0.0,0.0,2.0,5.0,6.0,4.0,6.0,6.0,6.0,6.0,2.0,8.0,9.0,8.0,10.0,10.0,10.0,10.0,1.0,1.0,1.0,1.0,1.0,1.0,1.0,1.0,interregional,interregional,interregional,interregional,interregional,interregional,interregional,interregional,1.0,1.0,1.0,1.0,1.0,1.0,1.0,1.0,1.0,1.0,1.0,1.0,1.0,0.0,0.0,0.0,0.0,0.0,0.0,0.0,0.0,0.0,0.0,0.0,0.0,0.0,0.0,0.0,0.0,0.0,0.0,0.0,0.0,0.0,0.0,0.0,0.0,0.0,0.0,0.0,3.0,3.0,3.0,3.0,3.0,3.0,3.0,3.0
2456,Groningen,53.218044,6.566612,1245,1650,0.09,0.019,1,4000.0,5000.0,14000.0,13000.0,19000.0,21000.0,0.0,0.0,0.0,0.0,0.0,0.0,0.0,0.0,3.0,5.0,5.0,13.0,13.0,17.0,16.0,16.0,10.0,20.0,35.0,50.0,60.0,69.0,71.0,68.0,1.0,1.0,1.0,1.0,1.0,1.0,1.0,1.0,regional,regional,regional,regional,regional,regional,regional,regional,0.0,1.0,1.0,1.0,1.0,1.0,1.0,1.0,0.0,0.0,0.0,0.0,1.0,1.0,1.0,0.0,0.0,0.0,0.0,0.0,0.0,0.0,0.0,0.0,0.0,0.0,0.0,0.0,0.0,0.0,0.0,0.0,0.0,0.0,0.0,0.0,0.0,0.0,0.0,0.0,3.0,3.0,3.0,3.0,3.0,3.0,3.0,3.0
20547,,53.216851,6.573825,1245,1650,0.038,0.008,1,,,,,,,0.498,0.498,0.498,0.498,0.498,0.498,0.498,0.498,3.0,5.0,5.0,13.0,13.0,17.0,16.0,16.0,10.0,20.0,35.0,50.0,60.0,69.0,71.0,68.0,0.0,0.0,0.0,0.0,0.0,0.0,0.0,0.0,,,,,,,,,0.0,0.0,0.0,0.0,0.0,0.0,0.0,0.0,0.0,0.0,0.0,0.0,1.0,1.0,1.0,0.0,0.0,0.0,0.0,0.0,0.0,0.0,0.0,0.0,0.0,0.0,0.0,0.0,0.0,0.0,0.0,0.0,0.0,0.0,0.0,0.0,0.0,0.0,0.0,0.0,2.0,2.0,2.0,2.0,3.0,3.0,3.0,2.0
20548,,53.217631,6.573445,1245,1650,0.053,0.091,1,,,,,,,0.457,0.457,0.457,0.457,0.457,0.457,0.457,0.457,3.0,5.0,5.0,13.0,13.0,17.0,16.0,16.0,10.0,20.0,35.0,50.0,60.0,69.0,71.0,68.0,0.0,0.0,0.0,0.0,0.0,0.0,0.0,0.0,,,,,,,,,0.0,0.0,0.0,0.0,0.0,0.0,0.0,0.0,0.0,0.0,0.0,0.0,1.0,1.0,1.0,0.0,0.0,0.0,0.0,0.0,0.0,0.0,0.0,0.0,0.0,0.0,0.0,0.0,0.0,0.0,0.0,0.0,0.0,0.0,0.0,0.0,0.0,0.0,0.0,0.0,2.0,2.0,2.0,2.0,3.0,3.0,3.0,2.0
20544,Steentilbrug,53.216887,6.574072,1245,1650,0.041,0.008,1,,,,,,,0.513,0.513,0.513,0.513,0.513,0.513,0.513,0.513,3.0,5.0,5.0,13.0,13.0,17.0,16.0,16.0,10.0,20.0,35.0,50.0,60.0,69.0,71.0,68.0,0.0,0.0,0.0,0.0,0.0,0.0,0.0,0.0,,,,,,,,,0.0,0.0,0.0,0.0,0.0,0.0,0.0,0.0,0.0,0.0,0.0,0.0,1.0,1.0,1.0,0.0,0.0,0.0,0.0,0.0,0.0,0.0,0.0,0.0,0.0,0.0,0.0,0.0,0.0,0.0,0.0,0.0,0.0,0.0,0.0,0.0,0.0,0.0,0.0,0.0,2.0,2.0,2.0,2.0,3.0,3.0,3.0,2.0
20203,,51.864696,12.652601,1293,1650,7.099,0.337,1,,,,,,,61.433,61.433,43.997,43.997,40.588,29.848,29.848,28.057,0.0,0.0,2.0,2.0,6.0,9.0,12.0,15.0,6.0,12.0,23.0,33.0,44.0,58.0,76.0,90.0,0.0,0.0,0.0,0.0,0.0,0.0,0.0,0.0,,,,,,,,,0.0,0.0,0.0,0.0,0.0,0.0,0.0,0.0,0.0,0.0,0.0,1.0,1.0,0.0,0.0,0.0,0.0,0.0,0.0,0.0,0.0,0.0,0.0,0.0,0.0,0.0,0.0,0.0,0.0,0.0,0.0,0.0,0.0,0.0,0.0,0.0,0.0,0.0,0.0,0.0,2.0,2.0,2.0,3.0,3.0,2.0,2.0,2.0
20545,A-brug,53.216613,6.559369,1245,1650,0.454,0.009,1,,,,,,,0.508,0.508,0.508,0.508,0.508,0.508,0.508,0.508,3.0,5.0,5.0,13.0,13.0,17.0,16.0,16.0,10.0,20.0,35.0,50.0,60.0,69.0,71.0,68.0,0.0,0.0,0.0,0.0,0.0,0.0,0.0,0.0,,,,,,,,,0.0,0.0,0.0,0.0,0.0,0.0,0.0,0.0,0.0,0.0,0.0,0.0,1.0,1.0,1.0,0.0,0.0,0.0,0.0,0.0,0.0,0.0,0.0,0.0,0.0,0.0,0.0,0.0,0.0,0.0,0.0,0.0,0.0,0.0,0.0,0.0,0.0,0.0,0.0,0.0,2.0,2.0,2.0,2.0,3.0,3.0,3.0,2.0
20546,Boteringebrug,53.221307,6.562786,1245,1650,0.363,0.221,1,,,,,,,0.443,0.443,0.443,0.443,0.443,0.443,0.443,0.443,3.0,5.0,5.0,13.0,13.0,17.0,16.0,16.0,10.0,20.0,35.0,50.0,60.0,69.0,71.0,68.0,0.0,0.0,0.0,0.0,0.0,0.0,0.0,0.0,,,,,,,,,0.0,0.0,0.0,0.0,0.0,0.0,0.0,0.0,0.0,0.0,0.0,0.0,1.0,1.0,1.0,0.0,0.0,0.0,0.0,0.0,0.0,0.0,0.0,0.0,0.0,0.0,0.0,0.0,0.0,0.0,0.0,0.0,0.0,0.0,0.0,0.0,0.0,0.0,0.0,0.0,2.0,2.0,2.0,2.0,3.0,3.0,3.0,2.0
255,Angermünde,53.017316,14.004271,1267,1650,12.673,0.121,1,,,,,,,126.82,126.82,40.783,40.783,40.783,40.783,40.783,40.783,0.0,0.0,1.0,1.0,2.0,4.0,4.0,4.0,0.0,0.0,4.0,4.0,5.0,7.0,9.0,10.0,0.0,0.0,0.0,0.0,0.0,0.0,0.0,0.0,,,,,,,,,0.0,0.0,0.0,0.0,0.0,0.0,0.0,0.0,0.0,0.0,0.0,0.0,0.0,0.0,0.0,0.0,0.0,0.0,0.0,0.0,0.0,0.0,0.0,0.0,0.0,0.0,0.0,0.0,0.0,0.0,0.0,0.0,0.0,0.0,0.0,0.0,0.0,0.0,0.0,0.0,2.0,2.0,2.0,2.0,2.0,2.0,2.0,2.0
941,Braniewo,54.381613,19.823706,1254,1650,36.918,0.205,1,1000.0,2000.0,3000.0,4000.0,5000.0,5000.0,400.958,400.958,377.884,377.884,377.884,377.884,276.652,276.652,0.0,0.0,0.0,0.0,0.0,0.0,0.0,0.0,0.0,0.0,0.0,0.0,0.0,0.0,0.0,0.0,0.0,0.0,0.0,0.0,0.0,0.0,0.0,0.0,,,,,,,,,0.0,0.0,0.0,0.0,0.0,0.0,0.0,0.0,0.0,0.0,0.0,0.0,0.0,0.0,0.0,0.0,0.0,0.0,0.0,0.0,0.0,0.0,0.0,0.0,0.0,0.0,0.0,0.0,0.0,0.0,0.0,0.0,0.0,0.0,0.0,0.0,0.0,0.0,0.0,0.0,2.0,2.0,2.0,2.0,2.0,2.0,2.0,2.0
1239,Coesfeld,51.945492,7.167782,1197,1650,24.939,0.043,1,2000.0,1000.0,1000.0,1000.0,2000.0,2000.0,23.977,14.911,14.911,14.911,14.911,14.911,14.911,14.911,8.0,12.0,13.0,16.0,19.0,21.0,25.0,26.0,45.0,69.0,78.0,93.0,109.0,115.0,123.0,121.0,0.0,0.0,0.0,0.0,0.0,0.0,0.0,0.0,,,,,,,,,0.0,0.0,0.0,0.0,0.0,0.0,0.0,0.0,0.0,0.0,0.0,0.0,0.0,0.0,0.0,0.0,0.0,0.0,0.0,0.0,0.0,0.0,0.0,0.0,0.0,0.0,0.0,0.0,0.0,0.0,0.0,0.0,0.0,0.0,0.0,0.0,0.0,0.0,0.0,0.0,2.0,2.0,2.0,2.0,2.0,2.0,2.0,2.0
2048,Fulda,50.55032,9.677818,1150,1650,38.153,0.23,1,3000.0,2000.0,4000.0,4000.0,5000.0,6000.0,30.565,15.034,15.034,15.034,15.034,15.034,15.034,15.034,4.0,7.0,7.0,7.0,7.0,7.0,12.0,12.0,13.0,28.0,32.0,32.0,41.0,46.0,54.0,60.0,0.0,0.0,0.0,0.0,0.0,0.0,0.0,0.0,,,,,,,,,0.0,0.0,0.0,0.0,0.0,0.0,0.0,0.0,0.0,0.0,0.0,0.0,0.0,0.0,0.0,0.0,0.0,0.0,0.0,0.0,0.0,0.0,0.0,0.0,0.0,0.0,0.0,0.0,0.0,0.0,0.0,0.0,0.0,0.0,0.0,0.0,0.0,0.0,0.0,0.0,2.0,2.0,2.0,2.0,2.0,2.0,2.0,2.0
1260,Krosno Odrzańskie,52.046621,15.098408,1201,1650,2.304,0.126,1,,,,,,,203.517,203.517,107.365,107.365,107.365,107.365,107.365,107.365,0.0,0.0,0.0,0.0,0.0,0.0,0.0,0.0,0.0,0.0,0.0,0.0,0.0,0.0,0.0,0.0,0.0,0.0,0.0,0.0,0.0,0.0,0.0,0.0,,,,,,,,,0.0,0.0,0.0,0.0,0.0,0.0,0.0,0.0,0.0,0.0,0.0,0.0,0.0,0.0,0.0,0.0,0.0,0.0,0.0,0.0,0.0,0.0,0.0,0.0,0.0,0.0,0.0,0.0,0.0,0.0,0.0,0.0,0.0,0.0,0.0,0.0,0.0,0.0,0.0,0.0,2.0,2.0,2.0,2.0,2.0,2.0,2.0,2.0
2970,Herborn,50.683159,8.303189,1251,1650,60.562,0.086,1,,,,,,,69.122,69.122,69.122,69.122,69.122,69.122,69.122,69.122,0.0,0.0,0.0,0.0,0.0,0.0,0.0,0.0,7.0,9.0,10.0,12.0,13.0,13.0,16.0,16.0,0.0,0.0,0.0,0.0,0.0,0.0,0.0,0.0,,,,,,,,,0.0,0.0,0.0,0.0,0.0,0.0,0.0,0.0,0.0,0.0,0.0,0.0,0.0,0.0,0.0,0.0,0.0,0.0,0.0,0.0,0.0,0.0,0.0,0.0,0.0,0.0,0.0,0.0,0.0,0.0,0.0,0.0,0.0,0.0,0.0,0.0,0.0,0.0,0.0,0.0,2.0,2.0,2.0,2.0,2.0,2.0,2.0,2.0
9679,,52.261515,9.764217,1214,1650,15.314,0.174,1,,,,,,,17.591,17.591,12.394,12.394,12.394,12.394,12.394,12.394,6.0,14.0,25.0,24.0,27.0,28.0,32.0,36.0,16.0,33.0,59.0,71.0,83.0,84.0,109.0,116.0,0.0,0.0,0.0,0.0,0.0,0.0,0.0,0.0,,,,,,,,,0.0,0.0,0.0,0.0,0.0,0.0,0.0,0.0,0.0,0.0,0.0,0.0,0.0,0.0,0.0,0.0,0.0,0.0,0.0,0.0,0.0,0.0,0.0,0.0,0.0,0.0,0.0,0.0,0.0,0.0,0.0,0.0,0.0,0.0,0.0,0.0,0.0,0.0,0.0,0.0,2.0,2.0,2.0,2.0,2.0,2.0,2.0,2.0
2019,Friedberg,50.336756,8.753571,1216,1650,25.47,0.123,1,,,,,,,25.678,25.678,25.678,25.678,25.678,25.678,25.678,25.678,1.0,3.0,3.0,3.0,3.0,3.0,5.0,5.0,5.0,10.0,10.0,10.0,10.0,10.0,12.0,12.0,0.0,0.0,0.0,0.0,0.0,0.0,0.0,0.0,,,,,,,,,0.0,0.0,1.0,1.0,1.0,1.0,1.0,1.0,0.0,0.0,0.0,0.0,0.0,0.0,0.0,0.0,0.0,0.0,0.0,0.0,0.0,0.0,0.0,0.0,0.0,0.0,0.0,0.0,0.0,0.0,0.0,0.0,0.0,0.0,0.0,0.0,0.0,0.0,0.0,0.0,2.0,2.0,2.0,2.0,2.0,2.0,2.0,2.0
3312,Immenhausen,51.427298,9.480362,1298,1650,9.348,4.109,0,,,,,,,39.155,12.518,12.518,12.518,12.518,12.518,12.518,12.518,3.0,11.0,23.0,26.0,30.0,30.0,34.0,34.0,19.0,46.0,60.0,65.0,80.0,85.0,100.0,113.0,0.0,0.0,0.0,0.0,0.0,0.0,0.0,0.0,,,,,,,,,0.0,0.0,0.0,0.0,0.0,0.0,0.0,0.0,0.0,0.0,0.0,0.0,0.0,0.0,0.0,0.0,0.0,0.0,0.0,0.0,0.0,0.0,0.0,0.0,0.0,0.0,0.0,0.0,0.0,0.0,0.0,0.0,0.0,0.0,0.0,0.0,0.0,0.0,0.0,0.0,2.0,2.0,2.0,2.0,2.0,2.0,2.0,2.0
3951,Korbach,51.27119,8.873668,1188,1650,42.689,0.136,1,,,,,,,50.376,44.201,30.797,30.797,30.797,30.797,30.797,30.797,0.0,3.0,8.0,8.0,8.0,8.0,8.0,8.0,6.0,29.0,42.0,47.0,56.0,60.0,70.0,74.0,0.0,0.0,0.0,0.0,0.0,0.0,0.0,0.0,,,,,,,,,0.0,0.0,0.0,0.0,0.0,0.0,0.0,0.0,0.0,0.0,0.0,0.0,0.0,0.0,0.0,0.0,0.0,0.0,0.0,0.0,0.0,0.0,0.0,0.0,0.0,0.0,0.0,0.0,0.0,0.0,0.0,0.0,0.0,0.0,0.0,0.0,0.0,0.0,0.0,0.0,2.0,2.0,2.0,2.0,2.0,2.0,2.0,2.0
4418,Hessisch Lichtenau,51.196971,9.721036,1289,1650,14.819,0.149,1,,,,,,,48.572,19.999,19.999,19.999,19.999,19.999,19.999,19.999,3.0,7.0,11.0,11.0,15.0,17.0,17.0,23.0,18.0,45.0,58.0,61.0,76.0,83.0,98.0,109.0,0.0,0.0,0.0,0.0,0.0,0.0,0.0,0.0,,,,,,,,,0.0,0.0,0.0,0.0,0.0,0.0,0.0,0.0,0.0,0.0,0.0,0.0,0.0,0.0,0.0,0.0,0.0,0.0,0.0,0.0,0.0,0.0,0.0,0.0,0.0,0.0,0.0,0.0,0.0,0.0,0.0,0.0,0.0,0.0,0.0,0.0,0.0,0.0,0.0,0.0,2.0,2.0,2.0,2.0,2.0,2.0,2.0,2.0
3029,Hettstedt,51.645736,11.512438,1283,1650,13.287,1.325,1,,,,,,,35.735,35.735,35.735,13.269,13.269,13.269,7.223,7.223,5.0,10.0,11.0,18.0,19.0,26.0,35.0,41.0,13.0,29.0,41.0,60.0,86.0,97.0,120.0,134.0,0.0,0.0,0.0,0.0,0.0,0.0,0.0,0.0,,,,,,,,,0.0,0.0,0.0,0.0,0.0,0.0,0.0,0.0,0.0,0.0,0.0,0.0,0.0,0.0,0.0,0.0,0.0,0.0,0.0,0.0,0.0,0.0,0.0,0.0,0.0,0.0,0.0,0.0,0.0,0.0,0.0,0.0,0.0,0.0,0.0,0.0,0.0,0.0,0.0,0.0,2.0,2.0,2.0,2.0,2.0,2.0,2.0,2.0
5365,Niedermarsberg,51.457647,8.857712,1104,1650,42.684,0.19,1,,,,,,,29.823,29.823,20.39,20.39,20.39,20.39,20.39,20.39,2.0,5.0,10.0,10.0,11.0,13.0,17.0,17.0,14.0,34.0,49.0,54.0,68.0,69.0,83.0,86.0,0.0,0.0,0.0,0.0,0.0,0.0,0.0,0.0,,,,,,,,,0.0,0.0,0.0,0.0,0.0,0.0,0.0,0.0,0.0,0.0,0.0,0.0,0.0,0.0,0.0,0.0,0.0,0.0,0.0,0.0,0.0,0.0,0.0,0.0,0.0,0.0,0.0,0.0,0.0,0.0,0.0,0.0,0.0,0.0,0.0,0.0,0.0,0.0,0.0,0.0,2.0,2.0,2.0,2.0,2.0,2.0,2.0,2.0
3876,Koknese,56.63887,25.420517,1277,1650,8.167,0.063,0,,,,,,,732.184,409.361,409.361,409.361,409.361,409.361,387.731,387.731,0.0,0.0,0.0,0.0,0.0,0.0,0.0,0.0,0.0,0.0,0.0,0.0,0.0,0.0,0.0,0.0,0.0,0.0,0.0,0.0,0.0,0.0,0.0,0.0,,,,,,,,,0.0,0.0,0.0,0.0,0.0,0.0,0.0,0.0,0.0,0.0,0.0,0.0,0.0,0.0,0.0,0.0,0.0,0.0,0.0,0.0,0.0,0.0,0.0,0.0,0.0,0.0,0.0,0.0,0.0,0.0,0.0,0.0,0.0,0.0,0.0,0.0,0.0,0.0,0.0,0.0,1.0,1.0,1.0,1.0,1.0,1.0,1.0,1.0
6111,Pasłęk,54.06548,19.659172,1297,1650,21.128,0.294,1,,,,,,,404.126,404.126,355.641,355.641,355.641,355.641,266.327,266.327,0.0,0.0,0.0,0.0,0.0,0.0,0.0,0.0,0.0,0.0,0.0,0.0,0.0,0.0,0.0,0.0,0.0,0.0,0.0,0.0,0.0,0.0,0.0,0.0,,,,,,,,,0.0,0.0,0.0,0.0,0.0,0.0,0.0,0.0,0.0,0.0,0.0,0.0,0.0,0.0,0.0,0.0,0.0,0.0,0.0,0.0,0.0,0.0,0.0,0.0,0.0,0.0,0.0,0.0,0.0,0.0,0.0,0.0,0.0,0.0,0.0,0.0,0.0,0.0,0.0,0.0,2.0,2.0,2.0,2.0,2.0,2.0,2.0,2.0
4178,Kyritz,52.942615,12.397703,1237,1650,24.861,0.209,1,,,,,,,88.824,29.297,29.297,29.297,29.297,29.297,25.311,25.311,0.0,2.0,2.0,2.0,2.0,2.0,5.0,5.0,1.0,4.0,14.0,17.0,25.0,29.0,41.0,46.0,0.0,0.0,0.0,0.0,0.0,0.0,0.0,0.0,,,,,,,,,0.0,0.0,0.0,0.0,0.0,0.0,0.0,0.0,0.0,0.0,0.0,0.0,0.0,0.0,0.0,0.0,0.0,0.0,0.0,0.0,0.0,0.0,0.0,0.0,0.0,0.0,0.0,0.0,0.0,0.0,0.0,0.0,0.0,0.0,0.0,0.0,0.0,0.0,0.0,0.0,2.0,2.0,2.0,2.0,2.0,2.0,2.0,2.0
6297,Recklinghausen,51.61491,7.198298,1230,1650,11.884,0.109,1,1000.0,1000.0,1000.0,1000.0,1000.0,2000.0,21.666,21.666,21.666,21.441,21.441,21.441,21.441,21.441,13.0,17.0,18.0,19.0,19.0,19.0,23.0,23.0,39.0,52.0,59.0,74.0,86.0,90.0,98.0,99.0,0.0,0.0,0.0,0.0,0.0,0.0,0.0,0.0,,,,,,,,,0.0,0.0,0.0,0.0,0.0,0.0,0.0,0.0,0.0,0.0,0.0,0.0,0.0,0.0,0.0,0.0,0.0,0.0,0.0,0.0,0.0,0.0,0.0,0.0,0.0,0.0,0.0,0.0,0.0,0.0,0.0,0.0,0.0,0.0,0.0,0.0,0.0,0.0,0.0,0.0,2.0,2.0,2.0,2.0,2.0,2.0,2.0,2.0
6633,Rüthen,51.490925,8.433014,1200,1650,55.66,0.145,1,,,,,,,21.459,21.459,21.459,21.459,21.459,21.459,21.459,21.459,3.0,3.0,8.0,10.0,11.0,13.0,17.0,17.0,25.0,40.0,50.0,54.0,60.0,61.0,76.0,77.0,0.0,0.0,0.0,0.0,0.0,0.0,0.0,0.0,,,,,,,,,0.0,0.0,0.0,0.0,0.0,0.0,0.0,0.0,0.0,0.0,0.0,0.0,0.0,0.0,0.0,0.0,0.0,0.0,0.0,0.0,0.0,0.0,0.0,0.0,0.0,0.0,0.0,0.0,0.0,0.0,0.0,0.0,0.0,0.0,0.0,0.0,0.0,0.0,0.0,0.0,2.0,2.0,2.0,2.0,2.0,2.0,2.0,2.0
6675,Sachsenberg,51.125436,8.787741,1262,1650,50.169,0.193,1,,,,,,,65.951,54.274,47.546,47.546,47.546,47.546,47.546,47.546,0.0,0.0,5.0,5.0,5.0,5.0,5.0,5.0,6.0,14.0,27.0,32.0,38.0,40.0,48.0,52.0,0.0,0.0,0.0,0.0,0.0,0.0,0.0,0.0,,,,,,,,,0.0,0.0,0.0,0.0,0.0,0.0,0.0,0.0,0.0,0.0,0.0,0.0,0.0,0.0,0.0,0.0,0.0,0.0,0.0,0.0,0.0,0.0,0.0,0.0,0.0,0.0,0.0,0.0,0.0,0.0,0.0,0.0,0.0,0.0,0.0,0.0,0.0,0.0,0.0,0.0,2.0,2.0,2.0,2.0,2.0,2.0,2.0,2.0
4628,Lüdenscheid,51.215851,7.633099,1250,1650,48.264,0.393,1,,,,,,,35.138,35.138,35.138,35.138,35.138,35.138,35.138,35.138,2.0,2.0,3.0,3.0,3.0,3.0,3.0,3.0,22.0,29.0,33.0,42.0,48.0,50.0,59.0,60.0,0.0,0.0,0.0,0.0,0.0,0.0,0.0,0.0,,,,,,,,,0.0,0.0,1.0,1.0,1.0,1.0,1.0,1.0,0.0,0.0,0.0,0.0,0.0,0.0,0.0,0.0,0.0,0.0,0.0,0.0,0.0,0.0,0.0,0.0,0.0,0.0,0.0,0.0,0.0,0.0,0.0,0.0,0.0,0.0,0.0,0.0,0.0,0.0,0.0,0.0,2.0,2.0,2.0,2.0,2.0,2.0,2.0,2.0
4686,Lychen,53.21045,13.315652,1248,1650,38.418,0.37,1,,,,,,,98.572,97.243,77.197,77.197,77.197,77.197,46.528,46.528,0.0,0.0,0.0,0.0,0.0,0.0,1.0,1.0,1.0,3.0,7.0,7.0,8.0,11.0,15.0,16.0,0.0,0.0,0.0,0.0,0.0,0.0,0.0,0.0,,,,,,,,,0.0,0.0,0.0,0.0,0.0,0.0,0.0,0.0,0.0,0.0,0.0,0.0,0.0,0.0,0.0,0.0,0.0,0.0,0.0,0.0,0.0,0.0,0.0,0.0,0.0,0.0,0.0,0.0,0.0,0.0,0.0,0.0,0.0,0.0,0.0,0.0,0.0,0.0,0.0,0.0,2.0,2.0,2.0,2.0,2.0,2.0,2.0,2.0
7115,Siegen,50.874588,8.024642,1170,1650,62.04,0.207,1,2000.0,2000.0,3000.0,3000.0,3000.0,3000.0,58.0,58.0,58.0,58.0,58.0,58.0,58.0,58.0,0.0,0.0,0.0,0.0,0.0,0.0,0.0,0.0,14.0,15.0,17.0,20.0,23.0,24.0,27.0,27.0,0.0,0.0,0.0,0.0,0.0,0.0,0.0,0.0,,,,,,,,,0.0,0.0,0.0,0.0,0.0,0.0,0.0,0.0,0.0,0.0,0.0,0.0,0.0,0.0,0.0,0.0,0.0,0.0,0.0,0.0,0.0,0.0,0.0,0.0,0.0,0.0,0.0,0.0,0.0,0.0,0.0,0.0,0.0,0.0,0.0,0.0,0.0,0.0,0.0,0.0,2.0,2.0,2.0,2.0,2.0,2.0,2.0,2.0
5622,Oldenburg (Holstein),54.292143,10.886782,1233,1650,49.135,0.137,1,1000.0,1000.0,1000.0,2000.0,2000.0,2000.0,81.452,81.452,0.0,0.0,0.0,0.0,0.0,0.0,0.0,0.0,1.0,3.0,10.0,8.0,12.0,13.0,2.0,7.0,12.0,14.0,27.0,29.0,44.0,46.0,0.0,0.0,1.0,1.0,1.0,1.0,1.0,1.0,,,local,local,local,local,local,local,0.0,0.0,0.0,0.0,0.0,0.0,0.0,0.0,0.0,0.0,0.0,0.0,0.0,0.0,0.0,0.0,0.0,0.0,0.0,0.0,0.0,0.0,0.0,0.0,0.0,0.0,0.0,0.0,0.0,0.0,0.0,0.0,0.0,0.0,0.0,0.0,0.0,0.0,0.0,0.0,2.0,2.0,2.0,2.0,2.0,2.0,2.0,2.0
8208,Warstein,51.447222,8.350129,1276,1650,52.181,0.105,1,,,,,,,21.89,21.89,21.89,21.89,21.89,21.89,21.89,21.89,3.0,3.0,3.0,5.0,6.0,8.0,12.0,12.0,21.0,33.0,41.0,46.0,51.0,53.0,65.0,66.0,0.0,0.0,0.0,0.0,0.0,0.0,0.0,0.0,,,,,,,,,0.0,0.0,0.0,0.0,0.0,0.0,0.0,0.0,0.0,0.0,0.0,0.0,0.0,0.0,0.0,0.0,0.0,0.0,0.0,0.0,0.0,0.0,0.0,0.0,0.0,0.0,0.0,0.0,0.0,0.0,0.0,0.0,0.0,0.0,0.0,0.0,0.0,0.0,0.0,0.0,2.0,2.0,2.0,2.0,2.0,2.0,2.0,2.0
8487,Winterberg,51.194241,8.533238,1250,1650,66.452,0.36,1,,,,,,,51.46,51.46,51.46,51.46,51.46,51.46,51.46,51.46,0.0,0.0,0.0,0.0,0.0,0.0,0.0,0.0,8.0,16.0,22.0,26.0,31.0,33.0,41.0,41.0,0.0,0.0,0.0,0.0,0.0,0.0,0.0,0.0,,,,,,,,,0.0,0.0,0.0,0.0,0.0,0.0,0.0,0.0,0.0,0.0,0.0,0.0,0.0,0.0,0.0,0.0,0.0,0.0,0.0,0.0,0.0,0.0,0.0,0.0,0.0,0.0,0.0,0.0,0.0,0.0,0.0,0.0,0.0,0.0,0.0,0.0,0.0,0.0,0.0,0.0,2.0,2.0,2.0,2.0,2.0,2.0,2.0,2.0
5964,Płoty,53.801587,15.266751,1277,1650,70.214,0.233,1,,,,,,,127.669,127.669,102.818,102.818,102.818,102.818,39.151,39.151,0.0,0.0,0.0,0.0,0.0,0.0,2.0,2.0,0.0,0.0,0.0,0.0,0.0,0.0,2.0,2.0,0.0,0.0,0.0,0.0,0.0,0.0,0.0,0.0,,,,,,,,,0.0,0.0,0.0,0.0,0.0,0.0,0.0,0.0,0.0,0.0,0.0,0.0,0.0,0.0,0.0,0.0,0.0,0.0,0.0,0.0,0.0,0.0,0.0,0.0,0.0,0.0,0.0,0.0,0.0,0.0,0.0,0.0,0.0,0.0,0.0,0.0,0.0,0.0,0.0,0.0,2.0,2.0,2.0,2.0,2.0,2.0,2.0,2.0
9265,,51.343926,9.857182,1225,1650,5.602,0.026,1,,,,,,,52.213,19.869,19.869,19.869,19.869,19.869,19.869,19.869,0.0,11.0,18.0,21.0,25.0,27.0,30.0,38.0,21.0,53.0,66.0,73.0,85.0,90.0,107.0,118.0,0.0,0.0,0.0,0.0,0.0,0.0,0.0,0.0,,,,,,,,,0.0,0.0,0.0,0.0,0.0,0.0,0.0,0.0,0.0,0.0,0.0,0.0,0.0,0.0,0.0,0.0,0.0,0.0,0.0,0.0,0.0,0.0,0.0,0.0,0.0,0.0,0.0,0.0,0.0,0.0,0.0,0.0,0.0,0.0,0.0,0.0,0.0,0.0,0.0,0.0,2.0,2.0,2.0,2.0,2.0,2.0,2.0,2.0
6678,Sachsenhausen,50.106594,8.687617,1142,1650,2.576,0.113,1,,,,,,,0.574,0.574,0.574,0.574,0.574,0.574,0.574,0.574,1.0,3.0,3.0,3.0,3.0,3.0,5.0,5.0,5.0,10.0,10.0,10.0,10.0,10.0,12.0,12.0,0.0,0.0,0.0,0.0,0.0,0.0,0.0,0.0,,,,,,,,,0.0,0.0,0.0,0.0,0.0,0.0,0.0,0.0,0.0,0.0,0.0,0.0,0.0,0.0,0.0,0.0,0.0,0.0,0.0,0.0,0.0,0.0,0.0,0.0,0.0,0.0,0.0,0.0,0.0,0.0,0.0,0.0,0.0,0.0,0.0,0.0,0.0,0.0,0.0,0.0,2.0,2.0,2.0,2.0,2.0,2.0,2.0,2.0
10335,Kalundborg,55.680338,11.084167,1200,1650,171.959,0.103,1,,,,,,,76.029,39.629,39.629,39.629,39.629,39.084,39.084,0.0,0.0,2.0,2.0,3.0,3.0,5.0,7.0,15.0,3.0,7.0,11.0,16.0,16.0,20.0,26.0,35.0,0.0,0.0,0.0,0.0,0.0,0.0,0.0,1.0,,,,,,,,local,0.0,0.0,0.0,0.0,0.0,0.0,0.0,0.0,0.0,0.0,0.0,0.0,0.0,0.0,0.0,0.0,0.0,0.0,0.0,0.0,0.0,0.0,0.0,0.0,0.0,0.0,0.0,0.0,0.0,0.0,0.0,0.0,0.0,0.0,0.0,0.0,0.0,0.0,0.0,0.0,2.0,2.0,2.0,2.0,2.0,2.0,2.0,2.0
14190,,51.869262,13.424746,1265,1650,43.545,0.113,1,,,,,,,93.41,93.41,72.191,72.191,72.191,45.131,27.241,27.241,0.0,0.0,0.0,0.0,0.0,4.0,7.0,9.0,2.0,2.0,9.0,10.0,18.0,22.0,25.0,30.0,0.0,0.0,0.0,0.0,0.0,0.0,0.0,0.0,,,,,,,,,0.0,0.0,0.0,0.0,0.0,0.0,0.0,0.0,0.0,0.0,0.0,0.0,0.0,0.0,0.0,0.0,0.0,0.0,0.0,0.0,0.0,0.0,0.0,0.0,0.0,0.0,0.0,0.0,0.0,0.0,0.0,0.0,0.0,0.0,0.0,0.0,0.0,0.0,0.0,0.0,2.0,2.0,2.0,2.0,2.0,2.0,2.0,2.0
10779,Ronneby,56.2109568,15.2745957,1292,1650,263.114,56.505,0,,,,,,,125.727,125.727,125.727,125.727,125.727,125.727,141.342,141.342,0.0,0.0,0.0,0.0,0.0,0.0,0.0,0.0,0.0,0.0,0.0,0.0,0.0,0.0,0.0,0.0,0.0,0.0,0.0,0.0,0.0,0.0,0.0,0.0,,,,,,,,,0.0,0.0,0.0,0.0,0.0,0.0,0.0,0.0,0.0,0.0,0.0,0.0,0.0,0.0,0.0,0.0,0.0,0.0,0.0,0.0,0.0,0.0,0.0,0.0,0.0,0.0,0.0,0.0,0.0,0.0,0.0,0.0,0.0,0.0,0.0,0.0,0.0,0.0,0.0,0.0,0.0,0.0,0.0,0.0,0.0,0.0,0.0,0.0
10936,Borgentreich,51.569773,9.240804,1283,1650,14.134,2.07,1,,,,,,,24.687,24.687,11.049,11.049,11.049,11.049,11.049,11.049,4.0,8.0,20.0,23.0,25.0,26.0,32.0,32.0,15.0,39.0,56.0,60.0,74.0,78.0,94.0,107.0,0.0,0.0,0.0,0.0,0.0,0.0,0.0,0.0,,,,,,,,,0.0,0.0,0.0,0.0,0.0,0.0,0.0,0.0,0.0,0.0,0.0,0.0,0.0,0.0,0.0,0.0,0.0,0.0,0.0,0.0,0.0,0.0,0.0,0.0,0.0,0.0,0.0,0.0,0.0,0.0,0.0,0.0,0.0,0.0,0.0,0.0,0.0,0.0,0.0,0.0,2.0,2.0,2.0,2.0,2.0,2.0,2.0,2.0
12236,Melsungen,51.131279,9.543776,1201,1650,4.354,0.109,1,,,,,,,56.957,20.693,20.693,20.693,20.693,20.693,20.693,20.693,0.0,4.0,9.0,9.0,13.0,15.0,15.0,19.0,22.0,43.0,56.0,59.0,71.0,77.0,91.0,102.0,0.0,0.0,0.0,0.0,0.0,0.0,0.0,0.0,,,,,,,,,0.0,0.0,0.0,0.0,0.0,0.0,0.0,0.0,0.0,0.0,0.0,0.0,0.0,0.0,0.0,0.0,0.0,0.0,0.0,0.0,0.0,0.0,0.0,0.0,0.0,0.0,0.0,0.0,0.0,0.0,0.0,0.0,0.0,0.0,0.0,0.0,0.0,0.0,0.0,0.0,2.0,2.0,2.0,2.0,2.0,2.0,2.0,2.0
9181,,53.370396,10.55808,1250,1650,0.264,0.179,1,,,,,,,16.663,16.663,16.663,16.663,16.663,16.663,11.004,11.004,6.0,6.0,7.0,10.0,14.0,14.0,20.0,20.0,10.0,13.0,24.0,32.0,44.0,49.0,74.0,75.0,0.0,0.0,0.0,0.0,0.0,0.0,0.0,0.0,,,,,,,,,0.0,0.0,0.0,0.0,0.0,0.0,0.0,0.0,0.0,0.0,0.0,0.0,0.0,0.0,0.0,0.0,0.0,0.0,0.0,0.0,0.0,0.0,0.0,0.0,0.0,0.0,0.0,0.0,0.0,0.0,0.0,0.0,0.0,1.0,1.0,1.0,1.0,1.0,1.0,1.0,2.0,2.0,2.0,2.0,2.0,2.0,2.0,2.0
9305,,51.81663,9.865916,1279,1650,30.671,0.096,1,,,,,,,19.157,0.192,0.192,0.192,0.192,0.192,0.192,0.192,8.0,20.0,27.0,30.0,34.0,35.0,41.0,45.0,23.0,52.0,78.0,87.0,102.0,105.0,131.0,148.0,0.0,0.0,0.0,0.0,0.0,0.0,0.0,0.0,,,,,,,,,0.0,0.0,0.0,0.0,0.0,0.0,0.0,0.0,0.0,0.0,0.0,0.0,0.0,0.0,0.0,0.0,0.0,0.0,0.0,0.0,0.0,0.0,0.0,0.0,0.0,0.0,0.0,0.0,0.0,0.0,0.0,0.0,0.0,0.0,0.0,0.0,0.0,0.0,0.0,0.0,2.0,2.0,2.0,2.0,2.0,2.0,2.0,2.0
9542,,52.127033,11.651974,1188,1650,2.17,0.049,1,,,,,,,1.023,1.023,1.023,1.023,1.023,1.023,1.023,1.023,3.0,6.0,9.0,9.0,16.0,23.0,30.0,37.0,9.0,17.0,29.0,44.0,60.0,71.0,98.0,111.0,0.0,0.0,0.0,0.0,0.0,0.0,0.0,0.0,,,,,,,,,0.0,0.0,0.0,0.0,0.0,0.0,0.0,0.0,0.0,1.0,1.0,1.0,1.0,1.0,1.0,1.0,0.0,0.0,0.0,1.0,1.0,1.0,1.0,1.0,0.0,1.0,1.0,0.0,0.0,0.0,0.0,0.0,0.0,0.0,0.0,0.0,0.0,0.0,0.0,0.0,2.0,3.0,3.0,3.0,3.0,3.0,3.0,3.0
9548,,52.856301,11.153692,1197,1650,3.924,0.326,1,,,,,,,27.224,27.224,0.653,0.653,0.653,0.653,0.653,0.653,1.0,1.0,6.0,11.0,16.0,16.0,18.0,18.0,7.0,13.0,30.0,38.0,43.0,46.0,72.0,78.0,0.0,0.0,0.0,0.0,0.0,0.0,0.0,0.0,,,,,,,,,0.0,0.0,0.0,0.0,0.0,0.0,0.0,0.0,0.0,0.0,0.0,0.0,0.0,0.0,0.0,0.0,0.0,0.0,0.0,0.0,0.0,0.0,0.0,0.0,0.0,0.0,0.0,0.0,0.0,0.0,0.0,0.0,1.0,1.0,1.0,1.0,1.0,1.0,1.0,1.0,2.0,2.0,2.0,2.0,2.0,2.0,2.0,2.0
9664,,53.92515,9.516506,1238,1650,3.71,0.149,1,,,,,,,35.913,0.578,0.578,0.578,0.578,0.578,0.578,0.578,1.0,5.0,9.0,9.0,16.0,17.0,31.0,31.0,7.0,13.0,18.0,22.0,44.0,45.0,74.0,77.0,0.0,0.0,0.0,0.0,0.0,0.0,0.0,0.0,,,,,,,,,0.0,0.0,0.0,0.0,0.0,0.0,0.0,0.0,1.0,1.0,1.0,1.0,1.0,1.0,1.0,1.0,0.0,0.0,0.0,0.0,0.0,0.0,0.0,0.0,0.0,0.0,0.0,0.0,0.0,0.0,0.0,0.0,0.0,0.0,0.0,0.0,0.0,0.0,0.0,0.0,3.0,3.0,3.0,3.0,3.0,3.0,3.0,3.0
9693,,53.549938,9.99918,1150,1650,0.303,0.101,1,,,,,,,0.457,0.457,0.457,0.457,0.457,0.457,0.457,0.457,7.0,7.0,7.0,9.0,14.0,18.0,29.0,29.0,13.0,19.0,24.0,31.0,50.0,51.0,81.0,89.0,0.0,0.0,0.0,0.0,0.0,0.0,0.0,0.0,,,,,,,,,0.0,0.0,0.0,0.0,0.0,0.0,0.0,0.0,0.0,0.0,0.0,0.0,1.0,1.0,1.0,1.0,0.0,0.0,0.0,0.0,0.0,0.0,0.0,0.0,0.0,0.0,0.0,0.0,0.0,0.0,0.0,0.0,0.0,0.0,0.0,0.0,0.0,0.0,0.0,0.0,2.0,2.0,2.0,2.0,3.0,3.0,3.0,3.0
9678,,52.264634,9.764538,1214,1650,15.0,0.132,1,,,,,,,17.815,17.815,12.055,12.055,12.055,12.055,12.055,12.055,6.0,10.0,21.0,20.0,23.0,24.0,28.0,32.0,16.0,33.0,59.0,71.0,83.0,84.0,109.0,116.0,0.0,0.0,0.0,0.0,0.0,0.0,0.0,0.0,,,,,,,,,0.0,0.0,0.0,0.0,0.0,0.0,0.0,0.0,0.0,0.0,0.0,0.0,0.0,0.0,0.0,0.0,0.0,0.0,0.0,0.0,0.0,0.0,0.0,0.0,0.0,0.0,0.0,0.0,0.0,0.0,0.0,0.0,0.0,0.0,0.0,0.0,0.0,0.0,0.0,0.0,2.0,2.0,2.0,2.0,2.0,2.0,2.0,2.0
9953,,53.504993,13.990324,1276,1650,4.371,0.086,1,,,,,,,76.949,76.949,72.765,72.765,72.765,72.765,55.768,34.334,0.0,0.0,0.0,0.0,0.0,0.0,0.0,1.0,1.0,1.0,2.0,2.0,3.0,6.0,8.0,9.0,0.0,0.0,0.0,0.0,0.0,0.0,0.0,0.0,,,,,,,,,0.0,0.0,0.0,0.0,0.0,0.0,0.0,0.0,0.0,0.0,0.0,0.0,0.0,0.0,0.0,0.0,0.0,0.0,0.0,0.0,0.0,0.0,0.0,0.0,0.0,0.0,0.0,0.0,0.0,0.0,0.0,0.0,0.0,0.0,0.0,0.0,0.0,0.0,0.0,0.0,2.0,2.0,2.0,2.0,2.0,2.0,2.0,2.0
11081,,51.944044,4.851725,1280,1650,0.597,0.125,1,,,,,,,24.584,12.227,12.227,12.227,12.227,12.227,12.227,12.227,9.0,18.0,21.0,26.0,29.0,31.0,31.0,30.0,21.0,42.0,52.0,65.0,78.0,82.0,82.0,81.0,0.0,0.0,0.0,0.0,0.0,0.0,0.0,0.0,,,,,,,,,0.0,0.0,1.0,1.0,1.0,1.0,1.0,1.0,0.0,0.0,0.0,0.0,0.0,0.0,0.0,0.0,0.0,0.0,0.0,0.0,0.0,0.0,0.0,0.0,0.0,0.0,0.0,0.0,0.0,0.0,0.0,0.0,0.0,1.0,1.0,1.0,1.0,1.0,1.0,1.0,2.0,2.0,2.0,2.0,2.0,2.0,2.0,2.0
10401,,51.904708,11.782599,1160,1650,0.243,0.036,1,,,,,,,27.075,27.075,27.075,27.075,21.824,21.824,21.824,21.824,3.0,6.0,7.0,12.0,16.0,21.0,34.0,42.0,13.0,24.0,35.0,54.0,75.0,89.0,117.0,130.0,0.0,0.0,0.0,0.0,0.0,0.0,0.0,0.0,,,,,,,,,0.0,0.0,0.0,0.0,0.0,0.0,0.0,0.0,0.0,0.0,0.0,0.0,0.0,0.0,0.0,0.0,0.0,0.0,0.0,0.0,0.0,0.0,0.0,0.0,0.0,0.0,0.0,0.0,0.0,0.0,0.0,0.0,0.0,0.0,0.0,0.0,0.0,0.0,0.0,0.0,2.0,2.0,2.0,2.0,2.0,2.0,2.0,2.0
10402,,51.905754,11.784409,1160,1650,0.358,0.085,1,,,,,,,27.012,27.012,27.012,27.012,21.67,21.67,21.67,21.67,3.0,6.0,7.0,12.0,16.0,21.0,34.0,42.0,13.0,24.0,35.0,54.0,75.0,89.0,117.0,130.0,0.0,0.0,0.0,0.0,0.0,0.0,0.0,0.0,,,,,,,,,0.0,0.0,0.0,0.0,0.0,0.0,0.0,0.0,0.0,0.0,0.0,0.0,0.0,0.0,0.0,0.0,0.0,0.0,0.0,0.0,0.0,0.0,0.0,0.0,0.0,0.0,0.0,0.0,0.0,0.0,0.0,0.0,0.0,1.0,1.0,1.0,1.0,1.0,1.0,1.0,2.0,2.0,2.0,2.0,2.0,2.0,2.0,2.0
10499,,53.809948,10.377709,1249,1650,3.227,0.15,1,,,,,,,38.603,38.603,38.603,38.603,38.603,34.574,0.301,0.301,3.0,3.0,3.0,4.0,9.0,10.0,20.0,21.0,10.0,15.0,22.0,28.0,47.0,49.0,81.0,82.0,0.0,0.0,0.0,0.0,0.0,0.0,0.0,0.0,,,,,,,,,0.0,0.0,0.0,0.0,0.0,0.0,0.0,0.0,0.0,0.0,0.0,0.0,0.0,0.0,0.0,0.0,0.0,0.0,0.0,0.0,0.0,0.0,0.0,0.0,0.0,0.0,0.0,0.0,0.0,0.0,0.0,0.0,0.0,1.0,1.0,1.0,1.0,1.0,1.0,1.0,2.0,2.0,2.0,2.0,2.0,2.0,2.0,2.0
7651,Bad Tennstedt,51.154602,10.83576,1275,1650,50.698,0.086,1,,,,,,,32.669,3.916,3.916,3.916,3.916,3.916,3.916,3.916,7.0,17.0,17.0,17.0,24.0,27.0,29.0,31.0,17.0,47.0,60.0,79.0,101.0,115.0,137.0,151.0,0.0,0.0,0.0,0.0,0.0,0.0,0.0,0.0,,,,,,,,,0.0,0.0,0.0,0.0,0.0,0.0,0.0,0.0,0.0,0.0,0.0,0.0,0.0,0.0,0.0,0.0,0.0,0.0,0.0,0.0,0.0,0.0,0.0,0.0,0.0,0.0,0.0,0.0,0.0,0.0,0.0,0.0,0.0,0.0,0.0,0.0,0.0,0.0,0.0,0.0,2.0,2.0,2.0,2.0,2.0,2.0,2.0,2.0
10618,,51.196675,6.694815,1200,1650,0.425,0.101,1,,,,,,,0.202,0.202,0.202,0.202,0.202,0.202,0.202,0.202,11.0,16.0,20.0,27.0,30.0,30.0,30.0,30.0,25.0,38.0,45.0,56.0,63.0,64.0,66.0,66.0,0.0,0.0,0.0,0.0,0.0,0.0,0.0,0.0,,,,,,,,,0.0,0.0,0.0,0.0,0.0,0.0,0.0,0.0,0.0,0.0,0.0,0.0,0.0,0.0,0.0,0.0,0.0,0.0,0.0,0.0,0.0,0.0,0.0,0.0,0.0,0.0,0.0,0.0,0.0,0.0,0.0,0.0,0.0,0.0,0.0,0.0,0.0,0.0,0.0,0.0,2.0,2.0,2.0,2.0,2.0,2.0,2.0,2.0
10810,,53.216251,6.557344,1245,1650,0.593,0.07,1,,,,,,,0.648,0.648,0.648,0.648,0.648,0.648,0.648,0.648,3.0,5.0,5.0,13.0,13.0,17.0,16.0,16.0,10.0,20.0,35.0,50.0,60.0,69.0,71.0,68.0,0.0,0.0,0.0,0.0,0.0,0.0,0.0,0.0,,,,,,,,,0.0,0.0,0.0,0.0,0.0,0.0,0.0,0.0,0.0,0.0,0.0,0.0,1.0,1.0,1.0,0.0,0.0,0.0,0.0,0.0,0.0,0.0,0.0,0.0,0.0,0.0,0.0,0.0,0.0,0.0,0.0,0.0,0.0,1.0,1.0,1.0,1.0,1.0,1.0,1.0,2.0,2.0,2.0,2.0,3.0,3.0,3.0,2.0
10944,,51.126676,12.503951,1264,1650,18.14,0.163,1,,,,,,,25.367,25.367,19.951,16.482,16.482,16.482,16.482,0.61,3.0,5.0,10.0,12.0,16.0,16.0,17.0,19.0,5.0,7.0,13.0,30.0,44.0,56.0,64.0,71.0,0.0,0.0,0.0,0.0,0.0,0.0,0.0,0.0,,,,,,,,,0.0,0.0,0.0,0.0,0.0,0.0,0.0,0.0,0.0,0.0,0.0,0.0,0.0,0.0,0.0,0.0,0.0,0.0,0.0,0.0,0.0,0.0,0.0,0.0,0.0,0.0,0.0,0.0,0.0,0.0,0.0,0.0,0.0,0.0,0.0,0.0,0.0,0.0,0.0,0.0,2.0,2.0,2.0,2.0,2.0,2.0,2.0,2.0
19390,,56.411126,10.875049,1250,1650,117.387,0.118,1,,,,,,,49.852,49.852,49.852,49.852,49.852,49.852,49.852,0.235,1.0,1.0,1.0,1.0,1.0,1.0,1.0,2.0,2.0,8.0,10.0,11.0,13.0,14.0,15.0,23.0,0.0,0.0,0.0,0.0,0.0,0.0,0.0,0.0,,,,,,,,,0.0,0.0,0.0,0.0,0.0,0.0,0.0,0.0,0.0,0.0,0.0,0.0,0.0,0.0,0.0,0.0,1.0,1.0,1.0,1.0,1.0,1.0,1.0,1.0,0.0,0.0,0.0,0.0,0.0,0.0,0.0,0.0,0.0,0.0,0.0,0.0,0.0,0.0,0.0,0.0,2.0,2.0,2.0,2.0,2.0,2.0,2.0,2.0
15741,,57.048166,9.917301,1000,1650,41.428,0.042,1,,,,,,,36.527,18.365,0.191,0.191,0.191,0.191,0.191,0.191,1.0,3.0,4.0,4.0,4.0,4.0,7.0,12.0,1.0,6.0,8.0,9.0,12.0,15.0,15.0,21.0,0.0,0.0,0.0,0.0,0.0,0.0,0.0,0.0,,,,,,,,,0.0,0.0,0.0,0.0,0.0,0.0,0.0,0.0,0.0,0.0,0.0,0.0,0.0,0.0,0.0,0.0,0.0,0.0,0.0,0.0,0.0,0.0,0.0,0.0,0.0,0.0,0.0,0.0,0.0,0.0,0.0,0.0,0.0,0.0,0.0,0.0,0.0,0.0,0.0,0.0,2.0,2.0,2.0,2.0,2.0,2.0,2.0,2.0
848,Borna (Leipzig),51.123367,12.496985,1264,1650,18.253,0.145,1,,,,,,,25.545,25.545,20.561,15.989,15.989,15.989,15.989,0.0,3.0,5.0,10.0,12.0,16.0,16.0,17.0,19.0,5.0,7.0,13.0,30.0,44.0,56.0,64.0,71.0,0.0,0.0,0.0,0.0,0.0,0.0,0.0,1.0,,,,,,,,local,0.0,0.0,0.0,0.0,1.0,1.0,1.0,1.0,0.0,0.0,0.0,0.0,0.0,0.0,0.0,0.0,0.0,0.0,0.0,0.0,0.0,0.0,0.0,0.0,0.0,0.0,0.0,0.0,0.0,0.0,0.0,0.0,0.0,0.0,0.0,0.0,0.0,0.0,0.0,0.0,2.0,2.0,2.0,2.0,2.0,2.0,2.0,2.0
19396,,54.801399,11.6373,1240,1650,93.369,0.117,1,,,,,,,28.873,27.809,27.809,27.809,27.809,27.809,27.809,27.809,1.0,2.0,3.0,5.0,5.0,7.0,8.0,8.0,1.0,3.0,9.0,14.0,17.0,20.0,28.0,31.0,0.0,0.0,0.0,0.0,0.0,0.0,0.0,0.0,,,,,,,,,0.0,0.0,0.0,0.0,0.0,0.0,0.0,0.0,0.0,0.0,0.0,0.0,0.0,0.0,0.0,0.0,0.0,0.0,0.0,0.0,1.0,1.0,1.0,1.0,0.0,0.0,0.0,0.0,0.0,0.0,0.0,0.0,0.0,0.0,0.0,0.0,0.0,0.0,0.0,0.0,2.0,2.0,2.0,2.0,2.0,2.0,2.0,2.0
10318,Schmalkalden,50.721343,10.451045,1227,1650,53.321,3.001,1,2000.0,1000.0,1000.0,1000.0,2000.0,2000.0,17.272,17.272,17.272,17.272,17.272,17.272,17.272,17.272,8.0,15.0,17.0,17.0,23.0,28.0,34.0,39.0,17.0,37.0,46.0,53.0,70.0,77.0,86.0,93.0,0.0,0.0,0.0,0.0,0.0,0.0,0.0,0.0,,,,,,,,,0.0,0.0,0.0,0.0,1.0,1.0,1.0,1.0,0.0,0.0,0.0,0.0,0.0,0.0,0.0,0.0,0.0,0.0,0.0,0.0,0.0,0.0,0.0,0.0,0.0,0.0,0.0,0.0,0.0,0.0,0.0,0.0,0.0,0.0,0.0,0.0,0.0,0.0,0.0,0.0,2.0,2.0,2.0,2.0,2.0,2.0,2.0,2.0
9561,Holstebro,56.358153,8.617244,1250,1650,78.438,0.1,1,,,,,,,0.0,0.0,0.0,0.0,0.0,0.0,0.0,0.0,1.0,5.0,6.0,10.0,10.0,7.0,10.0,10.0,1.0,8.0,9.0,13.0,15.0,15.0,17.0,20.0,1.0,1.0,1.0,1.0,1.0,1.0,1.0,1.0,local,local,local,local,local,local,local,local,0.0,0.0,0.0,0.0,0.0,0.0,0.0,0.0,0.0,0.0,0.0,0.0,0.0,0.0,0.0,0.0,0.0,0.0,0.0,0.0,0.0,0.0,0.0,0.0,0.0,0.0,0.0,0.0,0.0,0.0,0.0,0.0,0.0,0.0,0.0,0.0,0.0,0.0,0.0,0.0,2.0,2.0,2.0,2.0,2.0,2.0,2.0,2.0
15044,Kalundborg Færge,55.677792,11.085439,1200,1650,171.748,0.184,1,,,,,,,76.284,39.581,39.581,39.581,39.581,38.795,38.795,0.294,0.0,2.0,2.0,3.0,3.0,5.0,7.0,15.0,3.0,7.0,11.0,16.0,16.0,20.0,26.0,35.0,0.0,0.0,0.0,0.0,0.0,0.0,0.0,0.0,,,,,,,,,0.0,0.0,0.0,0.0,0.0,0.0,0.0,0.0,0.0,0.0,0.0,0.0,0.0,0.0,0.0,0.0,0.0,0.0,0.0,0.0,0.0,0.0,0.0,0.0,1.0,1.0,1.0,1.0,1.0,1.0,1.0,1.0,0.0,1.0,1.0,1.0,1.0,1.0,1.0,1.0,2.0,2.0,2.0,2.0,2.0,2.0,2.0,2.0
5831,Parchim,53.428167,11.848376,1225,1650,19.869,0.141,1,,,,,,,36.311,36.311,36.311,36.311,36.311,36.311,0.0,0.0,2.0,2.0,2.0,2.0,2.0,2.0,5.0,5.0,5.0,8.0,15.0,18.0,19.0,21.0,35.0,38.0,0.0,0.0,0.0,0.0,0.0,0.0,1.0,1.0,,,,,,,local,local,0.0,0.0,1.0,1.0,1.0,1.0,1.0,1.0,0.0,0.0,0.0,0.0,0.0,0.0,0.0,0.0,0.0,0.0,0.0,0.0,0.0,0.0,0.0,0.0,0.0,0.0,0.0,0.0,0.0,0.0,0.0,0.0,0.0,0.0,0.0,0.0,0.0,0.0,0.0,0.0,2.0,2.0,2.0,2.0,2.0,2.0,2.0,2.0
14904,Aalborg Færge,57.051558,9.918966,1000,1650,41.603,0.195,1,,,,,,,36.177,18.61,0.389,0.389,0.389,0.389,0.389,0.389,1.0,3.0,4.0,4.0,4.0,4.0,7.0,12.0,1.0,6.0,8.0,9.0,12.0,15.0,15.0,21.0,0.0,0.0,0.0,0.0,0.0,0.0,0.0,0.0,,,,,,,,,0.0,0.0,0.0,0.0,0.0,0.0,0.0,0.0,0.0,0.0,0.0,0.0,0.0,0.0,0.0,0.0,0.0,0.0,0.0,0.0,0.0,0.0,0.0,0.0,1.0,1.0,1.0,1.0,1.0,1.0,1.0,1.0,0.0,0.0,0.0,0.0,0.0,0.0,0.0,0.0,2.0,2.0,2.0,2.0,2.0,2.0,2.0,2.0
19521,,55.507301,9.727589,1300,1650,116.54,0.043,1,,,,,,,64.106,16.094,16.094,16.094,16.094,16.094,16.094,16.094,0.0,2.0,2.0,3.0,3.0,3.0,5.0,7.0,2.0,6.0,7.0,9.0,10.0,11.0,15.0,23.0,0.0,0.0,0.0,0.0,0.0,0.0,0.0,0.0,,,,,,,,,0.0,0.0,0.0,0.0,0.0,0.0,0.0,0.0,0.0,0.0,0.0,0.0,0.0,0.0,0.0,0.0,0.0,0.0,0.0,0.0,0.0,0.0,0.0,0.0,0.0,0.0,0.0,0.0,0.0,0.0,0.0,0.0,1.0,1.0,1.0,1.0,1.0,1.0,1.0,1.0,2.0,2.0,2.0,2.0,2.0,2.0,2.0,2.0
19398,Storebro,56.357131,8.618337,1250,1650,78.505,0.222,1,,,,,,,0.132,0.132,0.132,0.132,0.132,0.132,0.132,0.132,1.0,5.0,6.0,10.0,10.0,7.0,10.0,10.0,1.0,8.0,9.0,13.0,15.0,15.0,17.0,20.0,0.0,0.0,0.0,0.0,0.0,0.0,0.0,0.0,,,,,,,,,0.0,0.0,0.0,0.0,0.0,0.0,0.0,0.0,0.0,0.0,0.0,0.0,0.0,0.0,0.0,0.0,1.0,1.0,1.0,1.0,1.0,1.0,1.0,1.0,0.0,0.0,0.0,0.0,0.0,0.0,0.0,0.0,0.0,0.0,0.0,0.0,0.0,0.0,0.0,0.0,2.0,2.0,2.0,2.0,2.0,2.0,2.0,2.0
11138,,52.253295,6.157331,1123,1650,0.224,0.129,1,,,,,,,12.703,0.259,0.259,0.259,0.259,0.259,0.259,0.259,17.0,25.0,37.0,40.0,48.0,50.0,51.0,48.0,31.0,56.0,72.0,94.0,113.0,120.0,122.0,118.0,0.0,0.0,0.0,0.0,0.0,0.0,0.0,0.0,,,,,,,,,0.0,0.0,0.0,0.0,0.0,0.0,0.0,0.0,0.0,0.0,0.0,0.0,0.0,0.0,0.0,0.0,0.0,0.0,0.0,0.0,0.0,0.0,0.0,0.0,0.0,0.0,0.0,0.0,0.0,0.0,0.0,0.0,0.0,0.0,0.0,0.0,0.0,0.0,0.0,0.0,2.0,2.0,2.0,2.0,2.0,2.0,2.0,2.0
11408,,51.9799448,5.8990024,1233,1650,0.399,0.055,1,,,,,,,0.832,0.832,0.832,0.832,0.832,0.832,0.832,0.832,14.0,20.0,23.0,35.0,45.0,47.0,47.0,47.0,37.0,64.0,87.0,106.0,120.0,128.0,130.0,126.0,0.0,0.0,0.0,0.0,0.0,0.0,0.0,0.0,,,,,,,,,0.0,0.0,0.0,0.0,0.0,0.0,0.0,0.0,0.0,0.0,0.0,1.0,1.0,1.0,1.0,1.0,0.0,0.0,0.0,0.0,0.0,0.0,0.0,1.0,0.0,1.0,1.0,1.0,1.0,1.0,1.0,0.0,0.0,0.0,0.0,0.0,0.0,0.0,0.0,0.0,2.0,2.0,2.0,3.0,3.0,3.0,3.0,3.0
11519,,52.128172,11.642789,1188,1650,2.525,0.141,1,,,,,,,0.461,0.461,0.461,0.461,0.461,0.461,0.461,0.461,3.0,6.0,9.0,9.0,16.0,23.0,30.0,37.0,9.0,17.0,29.0,44.0,60.0,71.0,98.0,111.0,0.0,0.0,0.0,0.0,0.0,0.0,0.0,0.0,,,,,,,,,0.0,0.0,0.0,0.0,0.0,0.0,0.0,0.0,0.0,1.0,1.0,1.0,1.0,1.0,1.0,1.0,1.0,1.0,1.0,1.0,1.0,1.0,1.0,1.0,0.0,0.0,0.0,0.0,0.0,0.0,0.0,0.0,0.0,0.0,0.0,0.0,0.0,0.0,0.0,0.0,2.0,3.0,3.0,3.0,3.0,3.0,3.0,3.0
11647,,52.871731,11.981392,1196,1650,2.293,0.588,1,,,,,,,64.459,1.176,1.176,1.176,1.176,1.176,1.176,1.176,0.0,3.0,3.0,3.0,3.0,3.0,6.0,10.0,4.0,7.0,15.0,20.0,28.0,31.0,48.0,53.0,0.0,0.0,0.0,0.0,0.0,0.0,0.0,0.0,,,,,,,,,0.0,0.0,0.0,0.0,0.0,0.0,0.0,0.0,0.0,0.0,0.0,0.0,0.0,0.0,0.0,0.0,0.0,0.0,0.0,0.0,0.0,0.0,0.0,0.0,0.0,0.0,1.0,1.0,1.0,1.0,1.0,1.0,0.0,1.0,1.0,1.0,1.0,1.0,1.0,1.0,2.0,2.0,2.0,2.0,2.0,2.0,2.0,2.0
11701,,51.760701,5.741658,1279,1650,3.684,0.061,1,,,,,,,12.827,12.827,12.827,0.122,0.122,0.122,0.122,0.122,12.0,16.0,18.0,27.0,33.0,33.0,33.0,33.0,40.0,65.0,81.0,100.0,114.0,120.0,122.0,118.0,0.0,0.0,0.0,0.0,0.0,0.0,0.0,0.0,,,,,,,,,0.0,0.0,1.0,1.0,1.0,1.0,1.0,1.0,0.0,0.0,0.0,0.0,1.0,1.0,1.0,1.0,0.0,0.0,0.0,0.0,0.0,0.0,0.0,0.0,0.0,0.0,1.0,1.0,1.0,1.0,1.0,1.0,0.0,1.0,1.0,1.0,1.0,1.0,1.0,1.0,2.0,2.0,2.0,2.0,3.0,3.0,3.0,3.0
11702,,50.974384,11.046882,1167,1650,69.548,0.188,1,,,,,,,47.283,1.326,1.326,1.326,1.326,1.326,1.326,1.326,1.0,9.0,10.0,17.0,24.0,28.0,30.0,29.0,15.0,34.0,44.0,64.0,84.0,97.0,114.0,123.0,0.0,0.0,0.0,0.0,0.0,0.0,0.0,0.0,,,,,,,,,0.0,0.0,0.0,0.0,0.0,0.0,0.0,0.0,1.0,1.0,1.0,1.0,1.0,0.0,0.0,0.0,0.0,0.0,0.0,0.0,0.0,0.0,0.0,0.0,0.0,0.0,0.0,0.0,0.0,0.0,0.0,0.0,0.0,0.0,0.0,0.0,0.0,0.0,0.0,0.0,3.0,3.0,3.0,3.0,3.0,2.0,2.0,2.0
15925,,54.830924,11.143366,1240,1650,102.918,0.179,1,,,,,,,52.838,52.838,52.838,52.838,52.838,0.5,0.5,0.5,0.0,0.0,0.0,0.0,0.0,2.0,3.0,4.0,1.0,4.0,7.0,14.0,21.0,22.0,33.0,39.0,0.0,0.0,0.0,0.0,0.0,0.0,0.0,0.0,,,,,,,,,0.0,0.0,0.0,0.0,0.0,0.0,0.0,0.0,0.0,0.0,0.0,0.0,0.0,0.0,0.0,0.0,0.0,0.0,0.0,0.0,0.0,0.0,0.0,0.0,0.0,0.0,0.0,0.0,0.0,0.0,0.0,0.0,0.0,0.0,0.0,0.0,0.0,0.0,0.0,0.0,2.0,2.0,2.0,2.0,2.0,2.0,2.0,2.0
11788,,53.247458,10.413513,1247,1650,10.189,0.041,1,,,,,,,0.415,0.415,0.415,0.415,0.415,0.415,0.415,0.415,6.0,6.0,7.0,10.0,14.0,14.0,20.0,20.0,11.0,14.0,27.0,35.0,49.0,54.0,79.0,81.0,0.0,0.0,0.0,0.0,0.0,0.0,0.0,0.0,,,,,,,,,0.0,0.0,0.0,0.0,0.0,0.0,0.0,0.0,0.0,0.0,1.0,1.0,1.0,1.0,1.0,1.0,0.0,0.0,0.0,0.0,0.0,0.0,0.0,0.0,0.0,0.0,0.0,0.0,0.0,0.0,0.0,0.0,0.0,0.0,0.0,0.0,0.0,0.0,0.0,0.0,2.0,2.0,3.0,3.0,3.0,3.0,3.0,3.0
12028,Bolbrücke,53.629061,11.412005,1160,1650,5.854,0.039,1,,,,,,,0.194,0.194,0.194,0.194,0.194,0.194,0.194,0.194,2.0,2.0,3.0,3.0,3.0,4.0,9.0,10.0,8.0,10.0,18.0,21.0,29.0,31.0,51.0,52.0,0.0,0.0,0.0,0.0,0.0,0.0,0.0,0.0,,,,,,,,,0.0,0.0,0.0,0.0,0.0,0.0,0.0,0.0,0.0,0.0,0.0,0.0,0.0,0.0,0.0,0.0,0.0,1.0,1.0,1.0,1.0,1.0,1.0,1.0,0.0,0.0,0.0,0.0,0.0,0.0,0.0,0.0,0.0,0.0,0.0,0.0,0.0,0.0,0.0,0.0,2.0,2.0,2.0,2.0,2.0,2.0,2.0,2.0
68,Aalborg,57.048152,9.920454,1000,1650,41.615,0.057,1,2000.0,1000.0,2000.0,3000.0,6000.0,5000.0,36.566,18.54,0.0,0.0,0.0,0.0,0.0,0.0,1.0,3.0,4.0,4.0,4.0,4.0,7.0,12.0,1.0,6.0,8.0,9.0,12.0,15.0,15.0,21.0,0.0,0.0,1.0,1.0,1.0,1.0,1.0,1.0,,,local,local,local,local,local,local,0.0,1.0,1.0,1.0,1.0,1.0,1.0,1.0,0.0,0.0,0.0,0.0,0.0,0.0,0.0,0.0,0.0,0.0,0.0,0.0,0.0,0.0,0.0,0.0,0.0,0.0,0.0,0.0,0.0,0.0,0.0,0.0,0.0,0.0,0.0,0.0,0.0,0.0,0.0,0.0,2.0,2.0,2.0,2.0,2.0,2.0,2.0,2.0
10536,Middelfart,55.506567,9.727154,1300,1650,116.454,0.043,1,,,,,,,64.056,16.058,16.058,16.058,16.058,16.058,16.058,16.058,0.0,2.0,2.0,3.0,3.0,3.0,5.0,7.0,2.0,6.0,7.0,9.0,10.0,11.0,15.0,23.0,0.0,0.0,0.0,0.0,0.0,0.0,0.0,0.0,,,,,,,,,1.0,1.0,1.0,1.0,1.0,1.0,1.0,1.0,0.0,0.0,0.0,0.0,0.0,0.0,0.0,0.0,0.0,0.0,0.0,0.0,0.0,0.0,0.0,0.0,1.0,1.0,1.0,1.0,1.0,1.0,1.0,1.0,0.0,0.0,0.0,0.0,0.0,0.0,0.0,0.0,2.0,2.0,2.0,2.0,2.0,2.0,2.0,2.0
12072,,50.64984,11.366864,1208,1650,99.282,0.273,1,,,,,,,51.014,43.528,34.638,16.518,16.518,16.518,16.518,16.518,0.0,1.0,2.0,7.0,11.0,15.0,17.0,17.0,12.0,27.0,33.0,47.0,61.0,75.0,84.0,90.0,0.0,0.0,0.0,0.0,0.0,0.0,0.0,0.0,,,,,,,,,0.0,0.0,0.0,0.0,0.0,0.0,0.0,0.0,0.0,0.0,0.0,0.0,0.0,0.0,0.0,0.0,1.0,1.0,1.0,1.0,1.0,1.0,1.0,1.0,0.0,0.0,0.0,0.0,0.0,0.0,0.0,0.0,0.0,0.0,0.0,0.0,0.0,0.0,0.0,0.0,2.0,2.0,2.0,2.0,2.0,2.0,2.0,2.0
19397,,54.889595,12.044299,1240,1650,97.716,0.041,1,,,,,,,15.71,0.083,0.083,0.083,0.083,0.083,0.083,0.083,1.0,2.0,3.0,5.0,5.0,5.0,5.0,4.0,2.0,5.0,10.0,15.0,17.0,20.0,25.0,30.0,0.0,0.0,0.0,0.0,0.0,0.0,0.0,0.0,,,,,,,,,0.0,0.0,0.0,0.0,0.0,0.0,0.0,0.0,0.0,0.0,0.0,0.0,0.0,0.0,0.0,0.0,0.0,0.0,0.0,0.0,0.0,0.0,0.0,0.0,0.0,0.0,0.0,0.0,0.0,0.0,0.0,0.0,0.0,0.0,0.0,0.0,0.0,0.0,0.0,0.0,2.0,2.0,2.0,2.0,2.0,2.0,2.0,2.0
19522,Kongebro,55.5121,9.710939,1300,1650,116.83,0.596,1,,,,,,,63.275,15.129,15.129,15.129,15.129,15.129,15.129,15.129,0.0,2.0,2.0,3.0,3.0,3.0,5.0,7.0,2.0,6.0,7.0,9.0,10.0,11.0,15.0,23.0,0.0,0.0,0.0,0.0,0.0,0.0,0.0,0.0,,,,,,,,,0.0,0.0,0.0,0.0,0.0,0.0,0.0,0.0,0.0,0.0,0.0,0.0,0.0,0.0,0.0,0.0,0.0,0.0,0.0,0.0,0.0,0.0,0.0,0.0,1.0,1.0,1.0,1.0,1.0,1.0,1.0,1.0,0.0,0.0,0.0,0.0,0.0,0.0,0.0,0.0,2.0,2.0,2.0,2.0,2.0,2.0,2.0,2.0
12041,,53.383544,11.583179,1248,1650,5.851,0.046,1,,,,,,,29.453,29.453,29.453,29.453,29.453,29.453,18.266,18.266,3.0,3.0,4.0,4.0,4.0,4.0,7.0,7.0,5.0,8.0,15.0,20.0,26.0,28.0,44.0,47.0,0.0,0.0,0.0,0.0,0.0,0.0,0.0,0.0,,,,,,,,,0.0,0.0,0.0,0.0,0.0,0.0,0.0,0.0,0.0,0.0,0.0,0.0,0.0,0.0,0.0,0.0,0.0,0.0,0.0,0.0,0.0,0.0,0.0,0.0,0.0,0.0,0.0,0.0,0.0,0.0,0.0,0.0,0.0,0.0,0.0,0.0,0.0,0.0,0.0,0.0,2.0,2.0,2.0,2.0,2.0,2.0,2.0,2.0
12173,,52.3801,4.63971,1245,1650,2.335,0.07,1,,,,,,,45.74,17.182,17.182,17.182,17.182,17.182,17.182,17.182,4.0,9.0,10.0,10.0,11.0,13.0,13.0,12.0,19.0,30.0,40.0,46.0,50.0,53.0,54.0,50.0,0.0,0.0,0.0,0.0,0.0,0.0,0.0,0.0,,,,,,,,,0.0,0.0,0.0,0.0,0.0,0.0,0.0,0.0,0.0,0.0,0.0,0.0,0.0,1.0,1.0,1.0,0.0,0.0,0.0,0.0,0.0,0.0,0.0,0.0,0.0,0.0,0.0,0.0,0.0,0.0,0.0,0.0,0.0,1.0,1.0,1.0,1.0,1.0,1.0,1.0,2.0,2.0,2.0,2.0,2.0,3.0,3.0,3.0
12046,,53.864913,10.693473,1143,1650,0.876,0.275,1,,,,,,,54.22,54.22,49.151,49.151,28.131,28.131,21.889,19.058,0.0,0.0,1.0,1.0,4.0,4.0,11.0,12.0,10.0,13.0,19.0,23.0,41.0,44.0,71.0,72.0,0.0,0.0,0.0,0.0,0.0,0.0,0.0,0.0,,,,,,,,,0.0,0.0,0.0,0.0,0.0,0.0,0.0,0.0,0.0,0.0,0.0,1.0,1.0,1.0,1.0,1.0,0.0,0.0,0.0,0.0,0.0,0.0,0.0,0.0,0.0,0.0,0.0,0.0,0.0,0.0,0.0,0.0,1.0,1.0,1.0,1.0,1.0,1.0,1.0,1.0,2.0,2.0,2.0,3.0,3.0,3.0,3.0,3.0
10395,Skælskør,55.2539129,11.28803946,1240,1650,140.664,0.108,1,,,,,,,48.089,48.089,48.089,32.03,32.03,12.803,12.803,12.803,1.0,1.0,2.0,7.0,7.0,10.0,14.0,19.0,2.0,8.0,12.0,17.0,17.0,21.0,27.0,35.0,0.0,0.0,0.0,0.0,0.0,0.0,0.0,0.0,,,,,,,,,0.0,0.0,0.0,0.0,0.0,0.0,0.0,0.0,0.0,0.0,0.0,0.0,0.0,0.0,0.0,0.0,0.0,0.0,0.0,0.0,0.0,0.0,0.0,0.0,0.0,0.0,0.0,0.0,0.0,0.0,0.0,0.0,0.0,0.0,0.0,0.0,0.0,0.0,0.0,0.0,2.0,2.0,2.0,2.0,2.0,2.0,2.0,2.0
16131,,55.701593468464345,13.192614303182522,1000,1650,179.047,0.082,1,,,,,,,38.096,0.164,0.164,0.164,0.164,0.164,0.164,0.164,2.0,5.0,5.0,5.0,5.0,5.0,2.0,2.0,3.0,8.0,10.0,12.0,12.0,14.0,13.0,14.0,0.0,0.0,0.0,0.0,0.0,0.0,0.0,0.0,,,,,,,,,0.0,0.0,0.0,0.0,0.0,0.0,0.0,0.0,0.0,0.0,0.0,0.0,0.0,0.0,0.0,0.0,0.0,0.0,0.0,0.0,0.0,0.0,0.0,0.0,0.0,0.0,0.0,0.0,0.0,0.0,0.0,0.0,0.0,0.0,0.0,0.0,0.0,0.0,0.0,0.0,2.0,2.0,2.0,2.0,2.0,2.0,2.0,2.0
11006,Cölln (Berlin),52.513976,13.405676,1237,1650,0.121,0.072,1,,,,,,,127.375,97.103,0.502,0.502,0.502,0.502,0.502,0.502,0.0,0.0,3.0,3.0,3.0,3.0,5.0,5.0,0.0,1.0,7.0,7.0,11.0,17.0,22.0,25.0,0.0,0.0,0.0,0.0,0.0,0.0,0.0,0.0,,,,,,,,,0.0,0.0,0.0,0.0,0.0,0.0,0.0,0.0,0.0,0.0,0.0,0.0,0.0,0.0,0.0,0.0,0.0,0.0,0.0,0.0,0.0,0.0,0.0,0.0,0.0,0.0,0.0,0.0,0.0,0.0,0.0,0.0,0.0,0.0,0.0,0.0,0.0,0.0,0.0,0.0,2.0,2.0,2.0,2.0,2.0,2.0,2.0,2.0
0,Göttingen,51.532781,9.935188,1230,1650,21.013,0.053,1,8000.0,5000.0,7000.0,7000.0,7000.0,5000.0,46.69,19.734,0.0,0.0,0.0,0.0,0.0,0.0,3.0,15.0,22.0,25.0,29.0,29.0,35.0,42.0,18.0,51.0,71.0,80.0,93.0,100.0,120.0,134.0,0.0,0.0,1.0,1.0,1.0,1.0,1.0,1.0,,,regional,regional,regional,regional,regional,regional,1.0,1.0,1.0,1.0,1.0,1.0,1.0,1.0,0.0,0.0,0.0,0.0,0.0,0.0,0.0,0.0,0.0,0.0,0.0,0.0,0.0,0.0,0.0,0.0,0.0,0.0,0.0,0.0,0.0,0.0,0.0,0.0,0.0,0.0,0.0,0.0,0.0,0.0,0.0,0.0,2.0,2.0,3.0,3.0,3.0,3.0,3.0,3.0
12056,,51.284795,11.572691,1259,1650,38.317,0.197,1,,,,,,,27.414,22.139,22.139,10.067,10.067,10.067,10.067,10.067,3.0,10.0,12.0,22.0,31.0,35.0,42.0,42.0,15.0,30.0,37.0,57.0,73.0,88.0,104.0,115.0,0.0,0.0,0.0,0.0,0.0,0.0,0.0,0.0,,,,,,,,,0.0,0.0,0.0,0.0,0.0,0.0,0.0,0.0,0.0,0.0,0.0,0.0,0.0,0.0,0.0,0.0,1.0,1.0,1.0,1.0,1.0,1.0,1.0,1.0,0.0,0.0,0.0,0.0,0.0,0.0,0.0,0.0,0.0,0.0,0.0,0.0,0.0,0.0,0.0,0.0,2.0,2.0,2.0,2.0,2.0,2.0,2.0,2.0
12212,,53.137525,11.246522,1259,1650,0.63,0.551,1,,,,,,,10.983,10.983,10.983,10.983,10.983,10.983,10.983,10.983,1.0,1.0,6.0,11.0,12.0,12.0,17.0,17.0,8.0,11.0,20.0,26.0,35.0,36.0,54.0,59.0,0.0,0.0,0.0,0.0,0.0,0.0,0.0,0.0,,,,,,,,,1.0,1.0,1.0,1.0,1.0,1.0,1.0,1.0,0.0,0.0,0.0,0.0,0.0,0.0,0.0,0.0,0.0,0.0,0.0,0.0,0.0,0.0,0.0,0.0,0.0,0.0,0.0,0.0,0.0,0.0,0.0,0.0,0.0,0.0,0.0,0.0,0.0,0.0,0.0,0.0,2.0,2.0,2.0,2.0,2.0,2.0,2.0,2.0
12213,,53.375986,10.718836,1267,1650,0.856,0.055,1,,,,,,,24.909,24.909,24.909,24.909,24.909,24.909,0.399,0.399,3.0,3.0,4.0,6.0,6.0,6.0,12.0,12.0,10.0,12.0,22.0,30.0,42.0,47.0,71.0,72.0,0.0,0.0,0.0,0.0,0.0,0.0,0.0,0.0,,,,,,,,,0.0,0.0,0.0,0.0,0.0,0.0,0.0,0.0,0.0,0.0,0.0,0.0,0.0,0.0,0.0,0.0,0.0,0.0,0.0,0.0,0.0,0.0,0.0,0.0,0.0,0.0,0.0,0.0,0.0,0.0,0.0,0.0,1.0,1.0,1.0,1.0,1.0,1.0,1.0,1.0,2.0,2.0,2.0,2.0,2.0,2.0,2.0,2.0
12223,,51.273666,3.440791,1187,1650,2.535,0.241,1,,,,,,,0.6,0.6,0.6,16.708,16.708,16.708,16.708,16.708,2.0,6.0,7.0,6.0,8.0,8.0,8.0,8.0,2.0,10.0,11.0,10.0,12.0,12.0,12.0,12.0,0.0,0.0,0.0,0.0,0.0,0.0,0.0,0.0,,,,,,,,,0.0,0.0,0.0,0.0,0.0,0.0,0.0,0.0,0.0,0.0,0.0,0.0,0.0,0.0,0.0,0.0,0.0,0.0,0.0,0.0,0.0,0.0,0.0,0.0,0.0,0.0,0.0,0.0,0.0,0.0,0.0,0.0,1.0,1.0,1.0,1.0,1.0,1.0,1.0,1.0,2.0,2.0,2.0,2.0,2.0,2.0,2.0,2.0
14938,,54.938006,10.706187,1241,1650,89.829,0.168,1,,,,,,,77.256,34.395,34.395,34.395,34.395,29.96,29.96,29.96,0.0,1.0,2.0,3.0,3.0,5.0,5.0,8.0,1.0,5.0,8.0,16.0,23.0,24.0,37.0,44.0,0.0,0.0,0.0,0.0,0.0,0.0,0.0,0.0,,,,,,,,,0.0,0.0,0.0,0.0,0.0,0.0,0.0,0.0,0.0,0.0,0.0,0.0,0.0,0.0,0.0,0.0,0.0,0.0,0.0,0.0,0.0,0.0,0.0,0.0,0.0,0.0,0.0,0.0,1.0,1.0,1.0,1.0,0.0,1.0,1.0,1.0,1.0,1.0,1.0,1.0,2.0,2.0,2.0,2.0,2.0,2.0,2.0,2.0
11019,,52.608789,11.856682,1160,1650,9.149,0.197,1,,,,,,,55.082,10.798,10.798,10.798,10.798,10.798,0.416,0.416,0.0,3.0,5.0,8.0,12.0,15.0,21.0,26.0,5.0,11.0,22.0,30.0,41.0,47.0,64.0,75.0,0.0,0.0,0.0,0.0,0.0,0.0,0.0,0.0,,,,,,,,,0.0,0.0,0.0,0.0,0.0,0.0,0.0,0.0,0.0,0.0,0.0,0.0,0.0,1.0,0.0,0.0,0.0,0.0,0.0,0.0,0.0,0.0,0.0,0.0,0.0,0.0,0.0,0.0,0.0,0.0,0.0,0.0,0.0,0.0,0.0,0.0,0.0,0.0,0.0,0.0,2.0,2.0,2.0,2.0,2.0,3.0,2.0,2.0
11021,,52.603648,11.863692,1160,1650,8.675,0.163,1,,,,,,,54.663,10.06,10.06,10.06,10.06,10.06,0.326,0.326,0.0,3.0,5.0,8.0,12.0,15.0,21.0,26.0,5.0,11.0,22.0,30.0,41.0,47.0,64.0,75.0,0.0,0.0,0.0,0.0,0.0,0.0,0.0,0.0,,,,,,,,,0.0,0.0,0.0,0.0,0.0,0.0,0.0,0.0,0.0,0.0,0.0,0.0,0.0,1.0,0.0,0.0,0.0,0.0,0.0,0.0,0.0,0.0,0.0,0.0,0.0,0.0,0.0,0.0,0.0,0.0,0.0,0.0,0.0,0.0,0.0,0.0,0.0,0.0,0.0,0.0,2.0,2.0,2.0,2.0,2.0,3.0,2.0,2.0
11026,Freiburg (Elbe),53.82571,9.288543,1271,1650,7.825,0.102,1,,,,,,,27.66,18.22,12.119,12.119,12.119,12.119,12.119,12.119,2.0,7.0,11.0,12.0,20.0,23.0,36.0,37.0,9.0,15.0,19.0,24.0,43.0,44.0,76.0,84.0,0.0,0.0,0.0,0.0,0.0,0.0,0.0,0.0,,,,,,,,,0.0,0.0,0.0,0.0,0.0,0.0,0.0,0.0,0.0,0.0,0.0,0.0,0.0,0.0,0.0,0.0,0.0,0.0,0.0,0.0,0.0,0.0,0.0,0.0,0.0,0.0,0.0,0.0,0.0,0.0,0.0,0.0,0.0,0.0,0.0,0.0,0.0,0.0,0.0,0.0,2.0,2.0,2.0,2.0,2.0,2.0,2.0,2.0
19424,,57.047916,9.91861,1000,1650,41.5,0.042,1,,,,,,,36.57,18.427,0.115,0.115,0.115,0.115,0.115,0.115,1.0,3.0,4.0,4.0,4.0,4.0,7.0,12.0,1.0,6.0,8.0,9.0,12.0,15.0,15.0,21.0,0.0,0.0,0.0,0.0,0.0,0.0,0.0,0.0,,,,,,,,,0.0,0.0,0.0,0.0,0.0,0.0,0.0,0.0,0.0,0.0,0.0,0.0,0.0,0.0,0.0,0.0,0.0,0.0,0.0,0.0,0.0,0.0,0.0,0.0,0.0,0.0,0.0,0.0,0.0,0.0,0.0,0.0,0.0,0.0,0.0,0.0,0.0,0.0,0.0,0.0,2.0,2.0,2.0,2.0,2.0,2.0,2.0,2.0
12235,,50.996671,9.72853,1200,1650,3.621,0.099,1,,,,,,,41.447,36.041,36.041,36.041,36.041,36.041,36.041,24.565,3.0,9.0,9.0,9.0,9.0,11.0,11.0,15.0,19.0,46.0,60.0,63.0,74.0,80.0,94.0,103.0,0.0,0.0,0.0,0.0,0.0,0.0,0.0,0.0,,,,,,,,,0.0,0.0,0.0,0.0,0.0,0.0,0.0,0.0,0.0,0.0,0.0,0.0,0.0,0.0,0.0,0.0,0.0,1.0,1.0,1.0,1.0,1.0,1.0,1.0,0.0,0.0,0.0,0.0,0.0,0.0,0.0,0.0,0.0,0.0,0.0,0.0,0.0,0.0,0.0,1.0,2.0,2.0,2.0,2.0,2.0,2.0,2.0,2.0
12058,,51.198457,6.695451,1200,1650,0.242,0.1,1,,,,,,,0.199,0.199,0.199,0.199,0.199,0.199,0.199,0.199,11.0,16.0,20.0,27.0,30.0,30.0,30.0,30.0,25.0,38.0,45.0,56.0,63.0,64.0,66.0,66.0,0.0,0.0,0.0,0.0,0.0,0.0,0.0,0.0,,,,,,,,,0.0,0.0,0.0,0.0,0.0,0.0,0.0,0.0,0.0,0.0,0.0,0.0,0.0,0.0,0.0,0.0,0.0,0.0,0.0,0.0,0.0,0.0,0.0,0.0,0.0,0.0,0.0,0.0,0.0,0.0,0.0,0.0,0.0,1.0,1.0,1.0,1.0,1.0,1.0,1.0,2.0,2.0,2.0,2.0,2.0,2.0,2.0,2.0
19441,Mindrebro,56.154412,10.211317,1300,1650,108.489,0.014,1,,,,,,,0.318,0.318,0.318,0.318,0.318,0.318,0.318,0.318,1.0,3.0,3.0,3.0,5.0,5.0,5.0,5.0,1.0,8.0,9.0,11.0,12.0,13.0,17.0,25.0,0.0,0.0,0.0,0.0,0.0,0.0,0.0,0.0,,,,,,,,,0.0,0.0,0.0,0.0,0.0,0.0,0.0,0.0,0.0,0.0,0.0,0.0,0.0,0.0,0.0,0.0,0.0,0.0,0.0,0.0,0.0,0.0,0.0,1.0,0.0,0.0,0.0,0.0,0.0,0.0,0.0,0.0,0.0,0.0,0.0,0.0,0.0,0.0,0.0,0.0,2.0,2.0,2.0,2.0,2.0,2.0,2.0,2.0
19443,,56.154544,10.21169,1300,1650,108.489,0.014,1,,,,,,,0.313,0.313,0.313,0.313,0.313,0.313,0.313,0.313,1.0,3.0,3.0,3.0,5.0,5.0,5.0,5.0,1.0,8.0,9.0,11.0,12.0,13.0,17.0,25.0,0.0,0.0,0.0,0.0,0.0,0.0,0.0,0.0,,,,,,,,,0.0,0.0,0.0,0.0,0.0,0.0,0.0,0.0,0.0,0.0,0.0,0.0,0.0,0.0,0.0,0.0,0.0,0.0,0.0,0.0,0.0,0.0,0.0,0.0,0.0,0.0,0.0,0.0,0.0,0.0,0.0,0.0,0.0,0.0,0.0,0.0,0.0,0.0,0.0,0.0,2.0,2.0,2.0,2.0,2.0,2.0,2.0,2.0
19449,,55.620892,8.482963,1150,1650,137.108,0.009,1,,,,,,,37.002,37.002,37.002,37.002,37.002,37.002,37.002,37.002,1.0,2.0,2.0,2.0,3.0,3.0,3.0,3.0,2.0,4.0,4.0,8.0,9.0,9.0,9.0,10.0,0.0,0.0,0.0,0.0,0.0,0.0,0.0,0.0,,,,,,,,,0.0,0.0,0.0,0.0,0.0,0.0,0.0,0.0,0.0,0.0,0.0,0.0,0.0,0.0,0.0,0.0,0.0,0.0,0.0,0.0,0.0,0.0,0.0,0.0,0.0,0.0,0.0,0.0,0.0,0.0,0.0,0.0,0.0,0.0,0.0,0.0,0.0,0.0,0.0,0.0,2.0,2.0,2.0,2.0,2.0,2.0,2.0,2.0
5224,Neubrandenburg,53.557107,13.261152,1248,1650,40.913,0.64,1,2000.0,1000.0,2000.0,2000.0,2000.0,2000.0,60.445,60.445,60.445,60.445,60.445,60.445,41.764,22.707,0.0,0.0,0.0,0.0,0.0,0.0,1.0,2.0,1.0,1.0,2.0,2.0,2.0,4.0,10.0,11.0,0.0,0.0,0.0,0.0,0.0,0.0,0.0,0.0,,,,,,,,,1.0,1.0,1.0,1.0,1.0,1.0,1.0,1.0,0.0,0.0,0.0,0.0,0.0,0.0,0.0,0.0,0.0,0.0,0.0,0.0,0.0,0.0,0.0,0.0,0.0,0.0,0.0,0.0,0.0,0.0,0.0,0.0,0.0,0.0,0.0,0.0,0.0,0.0,0.0,0.0,2.0,2.0,2.0,2.0,2.0,2.0,2.0,2.0
11135,,52.252267,6.152102,1123,1650,0.327,0.06,1,,,,,,,12.669,0.558,0.558,0.558,0.558,0.558,0.558,0.558,17.0,25.0,37.0,40.0,48.0,50.0,51.0,48.0,31.0,56.0,72.0,94.0,113.0,120.0,122.0,118.0,0.0,0.0,0.0,0.0,0.0,0.0,0.0,0.0,,,,,,,,,1.0,1.0,1.0,1.0,1.0,1.0,1.0,1.0,0.0,0.0,0.0,0.0,0.0,0.0,0.0,0.0,0.0,0.0,0.0,0.0,0.0,0.0,0.0,0.0,0.0,0.0,0.0,0.0,0.0,0.0,0.0,0.0,1.0,1.0,1.0,1.0,1.0,1.0,1.0,1.0,2.0,2.0,2.0,2.0,2.0,2.0,2.0,2.0
11094,,52.415057,12.555364,1170,1650,0.805,0.08,1,,,,,,,69.865,41.981,33.088,33.088,0.16,0.16,0.16,0.16,0.0,1.0,3.0,3.0,6.0,10.0,12.0,16.0,1.0,4.0,10.0,13.0,24.0,30.0,47.0,55.0,0.0,0.0,0.0,0.0,0.0,0.0,0.0,0.0,,,,,,,,,0.0,0.0,0.0,0.0,0.0,0.0,0.0,0.0,0.0,0.0,0.0,0.0,1.0,1.0,1.0,1.0,0.0,0.0,0.0,0.0,0.0,0.0,0.0,0.0,0.0,0.0,0.0,0.0,0.0,0.0,0.0,0.0,0.0,0.0,0.0,0.0,0.0,0.0,0.0,0.0,2.0,2.0,2.0,2.0,3.0,3.0,3.0,3.0
11120,,51.945017,7.166781,1197,1650,24.884,0.043,1,,,,,,,23.891,14.9,14.9,14.9,14.9,14.9,14.9,14.9,8.0,12.0,13.0,16.0,19.0,21.0,25.0,26.0,45.0,69.0,78.0,93.0,109.0,115.0,123.0,121.0,0.0,0.0,0.0,0.0,0.0,0.0,0.0,0.0,,,,,,,,,0.0,0.0,0.0,0.0,0.0,0.0,0.0,0.0,0.0,0.0,0.0,0.0,0.0,0.0,0.0,0.0,0.0,0.0,0.0,0.0,0.0,0.0,0.0,0.0,0.0,0.0,0.0,0.0,0.0,0.0,0.0,0.0,0.0,0.0,0.0,0.0,0.0,0.0,0.0,0.0,2.0,2.0,2.0,2.0,2.0,2.0,2.0,2.0
11125,,52.114968,6.521241,1190,1650,0.037,0.038,1,,,,,,,13.669,13.669,13.669,13.669,13.669,13.669,13.669,13.669,11.0,18.0,19.0,21.0,26.0,29.0,30.0,30.0,43.0,66.0,85.0,107.0,128.0,135.0,140.0,137.0,0.0,0.0,0.0,0.0,0.0,0.0,0.0,0.0,,,,,,,,,0.0,0.0,0.0,0.0,0.0,0.0,0.0,0.0,0.0,0.0,0.0,0.0,0.0,0.0,0.0,0.0,0.0,0.0,0.0,0.0,0.0,0.0,0.0,0.0,0.0,0.0,0.0,0.0,0.0,0.0,0.0,0.0,0.0,0.0,0.0,0.0,0.0,0.0,1.0,1.0,2.0,2.0,2.0,2.0,2.0,2.0,2.0,2.0
11130,,52.142186,6.190038,1191,1650,0.118,0.031,1,,,,,,,0.37,0.37,0.37,0.37,0.37,0.37,0.37,0.37,17.0,25.0,33.0,36.0,42.0,46.0,47.0,44.0,35.0,57.0,75.0,97.0,115.0,122.0,124.0,120.0,0.0,0.0,0.0,0.0,0.0,0.0,0.0,0.0,,,,,,,,,1.0,1.0,1.0,1.0,1.0,1.0,1.0,1.0,0.0,0.0,0.0,0.0,0.0,0.0,0.0,0.0,0.0,0.0,0.0,0.0,0.0,0.0,0.0,0.0,0.0,0.0,0.0,0.0,0.0,0.0,0.0,0.0,0.0,1.0,1.0,1.0,1.0,1.0,1.0,1.0,2.0,2.0,2.0,2.0,2.0,2.0,2.0,2.0
12059,,51.202487,6.692795,1200,1650,0.242,0.254,1,,,,,,,0.507,0.507,0.507,0.507,0.507,0.507,0.507,0.507,11.0,16.0,20.0,27.0,30.0,30.0,30.0,30.0,25.0,38.0,45.0,56.0,63.0,64.0,66.0,66.0,0.0,0.0,0.0,0.0,0.0,0.0,0.0,0.0,,,,,,,,,0.0,0.0,0.0,0.0,0.0,0.0,0.0,0.0,0.0,0.0,0.0,0.0,0.0,0.0,0.0,0.0,0.0,0.0,0.0,0.0,0.0,0.0,0.0,0.0,0.0,0.0,0.0,0.0,0.0,0.0,0.0,0.0,0.0,1.0,1.0,1.0,1.0,1.0,1.0,1.0,2.0,2.0,2.0,2.0,2.0,2.0,2.0,2.0
12060,,51.199086,6.728289,1200,1650,1.145,0.651,1,,,,,,,2.482,2.482,2.482,2.482,2.482,2.482,2.482,2.482,10.0,15.0,17.0,24.0,27.0,27.0,27.0,27.0,24.0,37.0,44.0,55.0,62.0,63.0,65.0,65.0,0.0,0.0,0.0,0.0,0.0,0.0,0.0,0.0,,,,,,,,,0.0,0.0,0.0,0.0,0.0,0.0,0.0,0.0,0.0,0.0,0.0,0.0,0.0,0.0,0.0,0.0,0.0,0.0,0.0,0.0,0.0,0.0,0.0,0.0,1.0,1.0,1.0,1.0,1.0,1.0,1.0,1.0,0.0,0.0,1.0,1.0,1.0,1.0,1.0,1.0,2.0,2.0,2.0,2.0,2.0,2.0,2.0,2.0
11149,,51.980727,5.899969,1233,1650,0.383,0.055,1,,,,,,,0.787,0.787,0.787,0.787,0.787,0.787,0.787,0.787,14.0,20.0,23.0,35.0,45.0,47.0,47.0,47.0,37.0,64.0,87.0,106.0,120.0,128.0,130.0,126.0,0.0,0.0,0.0,0.0,0.0,0.0,0.0,0.0,,,,,,,,,0.0,0.0,0.0,0.0,1.0,1.0,1.0,1.0,0.0,0.0,0.0,1.0,1.0,1.0,1.0,1.0,0.0,0.0,0.0,0.0,0.0,0.0,0.0,0.0,0.0,0.0,0.0,0.0,0.0,0.0,0.0,0.0,0.0,1.0,1.0,1.0,1.0,1.0,1.0,1.0,2.0,2.0,2.0,3.0,3.0,3.0,3.0,3.0
11151,Neustadt,52.408777,12.563131,1170,1650,0.104,0.187,1,,,,,,,70.031,42.715,33.465,33.465,0.858,0.858,0.858,0.858,0.0,1.0,3.0,3.0,6.0,10.0,10.0,13.0,1.0,4.0,12.0,15.0,27.0,35.0,52.0,60.0,0.0,0.0,0.0,0.0,0.0,0.0,0.0,0.0,,,,,,,,,0.0,0.0,0.0,0.0,0.0,0.0,0.0,0.0,0.0,0.0,0.0,0.0,1.0,1.0,1.0,1.0,0.0,0.0,0.0,0.0,0.0,0.0,0.0,0.0,0.0,0.0,0.0,0.0,0.0,0.0,0.0,0.0,0.0,0.0,0.0,0.0,0.0,0.0,0.0,0.0,2.0,2.0,2.0,2.0,3.0,3.0,3.0,3.0
11159,,52.014599,6.130509,1237,1650,0.097,0.129,1,,,,,,,0.258,0.258,0.258,0.258,0.258,0.258,0.258,0.258,13.0,19.0,20.0,30.0,38.0,39.0,39.0,39.0,40.0,63.0,85.0,108.0,126.0,134.0,136.0,132.0,0.0,0.0,0.0,0.0,0.0,0.0,0.0,0.0,,,,,,,,,0.0,0.0,0.0,0.0,0.0,0.0,0.0,0.0,0.0,0.0,0.0,0.0,0.0,0.0,0.0,0.0,0.0,0.0,0.0,0.0,0.0,0.0,0.0,0.0,0.0,0.0,0.0,0.0,0.0,0.0,0.0,0.0,0.0,1.0,1.0,1.0,1.0,1.0,1.0,0.0,2.0,2.0,2.0,2.0,2.0,2.0,2.0,2.0
12644,,50.896479,12.348515,1238,1650,41.783,0.141,1,,,,,,,22.733,22.733,22.733,11.522,11.522,11.522,11.522,11.522,4.0,6.0,9.0,11.0,14.0,15.0,16.0,18.0,5.0,11.0,17.0,34.0,46.0,58.0,66.0,70.0,0.0,0.0,0.0,0.0,0.0,0.0,0.0,0.0,,,,,,,,,0.0,0.0,0.0,0.0,0.0,0.0,0.0,0.0,0.0,0.0,0.0,0.0,0.0,0.0,0.0,0.0,0.0,0.0,0.0,0.0,0.0,0.0,0.0,0.0,0.0,0.0,0.0,0.0,0.0,0.0,0.0,0.0,0.0,0.0,0.0,0.0,0.0,0.0,0.0,0.0,2.0,2.0,2.0,2.0,2.0,2.0,2.0,2.0
11160,,51.964332,6.286168,1229,1650,2.424,0.121,1,,,,,,,0.243,0.243,0.243,0.243,0.243,0.243,0.243,0.243,15.0,24.0,25.0,31.0,39.0,40.0,41.0,41.0,45.0,65.0,87.0,112.0,131.0,138.0,143.0,139.0,0.0,0.0,0.0,0.0,0.0,0.0,0.0,0.0,,,,,,,,,0.0,0.0,0.0,0.0,1.0,1.0,1.0,1.0,0.0,0.0,0.0,0.0,0.0,0.0,0.0,0.0,0.0,1.0,1.0,1.0,1.0,1.0,1.0,1.0,0.0,0.0,0.0,0.0,0.0,0.0,1.0,0.0,0.0,0.0,0.0,0.0,0.0,0.0,1.0,1.0,2.0,2.0,2.0,2.0,2.0,2.0,2.0,2.0
11170,,51.838479,6.610741,1222,1650,8.283,0.066,1,,,,,,,17.084,17.084,17.084,17.084,17.084,17.084,17.084,17.084,8.0,17.0,17.0,25.0,29.0,32.0,33.0,33.0,41.0,61.0,81.0,104.0,122.0,128.0,133.0,131.0,0.0,0.0,0.0,0.0,0.0,0.0,0.0,0.0,,,,,,,,,0.0,0.0,0.0,0.0,0.0,0.0,0.0,0.0,0.0,0.0,0.0,0.0,0.0,0.0,0.0,0.0,0.0,0.0,0.0,0.0,0.0,0.0,0.0,0.0,0.0,0.0,0.0,0.0,0.0,0.0,0.0,0.0,0.0,0.0,0.0,0.0,0.0,0.0,1.0,1.0,2.0,2.0,2.0,2.0,2.0,2.0,2.0,2.0
11227,,52.815923,12.765155,1294,1650,37.173,0.137,1,,,,,,,107.742,52.824,52.824,52.824,46.916,46.916,12.466,12.466,0.0,0.0,0.0,0.0,3.0,3.0,5.0,5.0,0.0,3.0,8.0,8.0,15.0,19.0,32.0,37.0,0.0,0.0,0.0,0.0,0.0,0.0,0.0,0.0,,,,,,,,,0.0,0.0,0.0,0.0,0.0,0.0,0.0,0.0,0.0,0.0,0.0,0.0,0.0,0.0,0.0,0.0,0.0,0.0,0.0,0.0,0.0,0.0,0.0,1.0,0.0,0.0,0.0,1.0,1.0,1.0,1.0,0.0,0.0,0.0,0.0,0.0,0.0,0.0,0.0,0.0,2.0,2.0,2.0,2.0,2.0,2.0,2.0,2.0
12074,,51.054136,11.708711,1149,1650,52.953,0.075,1,,,,,,,0.15,0.15,0.15,0.15,0.15,0.15,0.15,0.15,2.0,8.0,10.0,19.0,28.0,31.0,34.0,34.0,12.0,25.0,31.0,47.0,60.0,74.0,84.0,89.0,0.0,0.0,0.0,0.0,0.0,0.0,0.0,0.0,,,,,,,,,0.0,0.0,0.0,0.0,0.0,0.0,0.0,0.0,0.0,0.0,0.0,0.0,0.0,0.0,0.0,0.0,0.0,0.0,0.0,0.0,0.0,0.0,0.0,0.0,0.0,0.0,0.0,0.0,0.0,0.0,0.0,0.0,0.0,0.0,0.0,0.0,0.0,0.0,0.0,0.0,2.0,2.0,2.0,2.0,2.0,2.0,2.0,2.0
12073,,50.800615,11.590624,1290,1650,76.303,0.159,1,,,,,,,29.405,29.405,14.185,12.033,12.033,12.033,12.033,12.033,2.0,4.0,6.0,15.0,24.0,25.0,27.0,27.0,17.0,32.0,42.0,58.0,76.0,90.0,99.0,103.0,0.0,0.0,0.0,0.0,0.0,0.0,0.0,0.0,,,,,,,,,0.0,0.0,0.0,0.0,0.0,0.0,0.0,0.0,0.0,0.0,0.0,0.0,0.0,0.0,0.0,0.0,0.0,0.0,1.0,1.0,1.0,1.0,1.0,1.0,0.0,0.0,0.0,0.0,0.0,0.0,0.0,0.0,0.0,0.0,0.0,0.0,0.0,0.0,0.0,0.0,2.0,2.0,2.0,2.0,2.0,2.0,2.0,2.0
11206,,51.663964,6.965388,1251,1650,4.495,0.025,1,,,,,,,21.342,21.342,21.342,15.93,15.93,15.93,15.93,15.93,9.0,15.0,18.0,19.0,19.0,19.0,20.0,20.0,37.0,55.0,63.0,81.0,96.0,100.0,107.0,108.0,0.0,0.0,0.0,0.0,0.0,0.0,0.0,0.0,,,,,,,,,0.0,0.0,0.0,0.0,0.0,0.0,0.0,0.0,0.0,0.0,0.0,0.0,0.0,0.0,0.0,0.0,0.0,0.0,0.0,0.0,0.0,0.0,0.0,0.0,0.0,0.0,0.0,0.0,0.0,0.0,0.0,0.0,0.0,1.0,1.0,1.0,1.0,1.0,1.0,1.0,2.0,2.0,2.0,2.0,2.0,2.0,2.0,2.0
11207,,51.615064,7.52376,1265,1650,6.91,0.102,1,,,,,,,11.88,11.88,9.341,9.341,9.341,9.341,9.341,9.341,12.0,16.0,17.0,20.0,21.0,21.0,24.0,25.0,30.0,41.0,45.0,56.0,66.0,70.0,80.0,81.0,0.0,0.0,0.0,0.0,0.0,0.0,0.0,0.0,,,,,,,,,0.0,0.0,0.0,0.0,0.0,0.0,0.0,0.0,0.0,0.0,0.0,0.0,0.0,0.0,0.0,0.0,0.0,0.0,0.0,0.0,0.0,0.0,0.0,0.0,0.0,0.0,0.0,0.0,0.0,0.0,0.0,0.0,0.0,1.0,1.0,1.0,1.0,1.0,1.0,1.0,2.0,2.0,2.0,2.0,2.0,2.0,2.0,2.0
11208,,51.683584,7.814357,1279,1650,10.721,0.172,1,,,,,,,23.63,23.63,12.556,12.556,12.556,12.556,12.556,12.556,9.0,13.0,14.0,16.0,17.0,18.0,23.0,24.0,26.0,36.0,44.0,51.0,61.0,65.0,75.0,76.0,0.0,0.0,0.0,0.0,0.0,0.0,0.0,0.0,,,,,,,,,0.0,0.0,0.0,0.0,0.0,0.0,0.0,0.0,0.0,0.0,0.0,0.0,0.0,0.0,0.0,0.0,0.0,0.0,0.0,0.0,0.0,0.0,0.0,0.0,0.0,0.0,0.0,0.0,0.0,0.0,0.0,0.0,0.0,1.0,1.0,1.0,1.0,1.0,1.0,1.0,2.0,2.0,2.0,2.0,2.0,2.0,2.0,2.0
19608,,55.918162,11.672769,1250,1650,189.656,0.11,1,,,,,,,33.774,0.519,0.519,0.519,0.519,0.519,0.519,0.519,1.0,3.0,5.0,5.0,5.0,6.0,6.0,10.0,3.0,9.0,11.0,14.0,14.0,17.0,21.0,30.0,0.0,0.0,0.0,0.0,0.0,0.0,0.0,0.0,,,,,,,,,0.0,0.0,0.0,0.0,0.0,0.0,0.0,0.0,0.0,0.0,0.0,0.0,0.0,0.0,0.0,0.0,0.0,0.0,0.0,0.0,0.0,0.0,0.0,0.0,0.0,0.0,0.0,0.0,0.0,0.0,0.0,0.0,1.0,1.0,1.0,1.0,1.0,1.0,1.0,1.0,2.0,2.0,2.0,2.0,2.0,2.0,2.0,2.0
19613,,54.982751,12.282779,1250,1650,108.365,0.029,1,,,,,,,23.913,18.437,18.437,18.437,18.437,18.437,18.437,18.437,1.0,2.0,3.0,5.0,5.0,5.0,5.0,4.0,2.0,7.0,11.0,15.0,15.0,18.0,23.0,26.0,0.0,0.0,0.0,0.0,0.0,0.0,0.0,0.0,,,,,,,,,0.0,0.0,0.0,0.0,0.0,0.0,0.0,0.0,0.0,0.0,0.0,0.0,0.0,0.0,0.0,0.0,0.0,0.0,0.0,0.0,0.0,0.0,0.0,0.0,0.0,0.0,0.0,0.0,0.0,0.0,0.0,0.0,0.0,0.0,0.0,0.0,0.0,0.0,0.0,0.0,2.0,2.0,2.0,2.0,2.0,2.0,2.0,2.0
11238,,51.838557,6.612647,1222,1650,8.402,0.066,1,,,,,,,16.953,16.953,16.953,16.953,16.953,16.953,16.953,16.953,8.0,17.0,17.0,25.0,29.0,32.0,33.0,33.0,41.0,61.0,81.0,104.0,122.0,128.0,133.0,131.0,0.0,0.0,0.0,0.0,0.0,0.0,0.0,0.0,,,,,,,,,0.0,0.0,0.0,0.0,0.0,0.0,0.0,0.0,0.0,0.0,0.0,0.0,0.0,0.0,0.0,0.0,0.0,0.0,0.0,0.0,0.0,0.0,0.0,0.0,0.0,0.0,0.0,0.0,0.0,0.0,0.0,0.0,0.0,0.0,0.0,0.0,0.0,0.0,0.0,0.0,2.0,2.0,2.0,2.0,2.0,2.0,2.0,2.0
19610,,55.920134,11.672512,1250,1650,189.505,0.11,1,,,,,,,33.77,0.306,0.306,0.306,0.306,0.306,0.306,0.306,1.0,3.0,5.0,5.0,5.0,6.0,6.0,10.0,3.0,9.0,11.0,14.0,14.0,17.0,21.0,30.0,0.0,0.0,0.0,0.0,0.0,0.0,0.0,0.0,,,,,,,,,0.0,0.0,0.0,0.0,0.0,0.0,0.0,0.0,0.0,0.0,0.0,0.0,0.0,0.0,0.0,0.0,0.0,0.0,0.0,0.0,0.0,0.0,0.0,0.0,0.0,0.0,0.0,0.0,0.0,0.0,0.0,0.0,0.0,0.0,0.0,0.0,0.0,0.0,0.0,0.0,2.0,2.0,2.0,2.0,2.0,2.0,2.0,2.0
11272,,52.234595,9.856595,1296,1650,20.938,0.112,1,,,,,,,11.172,11.172,11.172,11.172,11.172,11.172,11.172,11.172,6.0,14.0,26.0,28.0,31.0,32.0,40.0,42.0,16.0,37.0,63.0,75.0,91.0,92.0,119.0,131.0,0.0,0.0,0.0,0.0,0.0,0.0,0.0,0.0,,,,,,,,,0.0,0.0,0.0,0.0,0.0,0.0,0.0,0.0,0.0,0.0,0.0,0.0,0.0,0.0,0.0,0.0,0.0,0.0,0.0,0.0,0.0,0.0,0.0,0.0,0.0,0.0,0.0,0.0,0.0,0.0,0.0,0.0,0.0,0.0,0.0,0.0,0.0,0.0,0.0,0.0,2.0,2.0,2.0,2.0,2.0,2.0,2.0,2.0
11290,Rötha,51.197979,12.41003,1291,1650,8.376,0.299,1,,,,,,,15.975,15.975,15.975,15.975,15.975,15.975,15.975,10.276,4.0,6.0,11.0,15.0,19.0,21.0,22.0,25.0,5.0,13.0,19.0,36.0,51.0,65.0,74.0,81.0,0.0,0.0,0.0,0.0,0.0,0.0,0.0,0.0,,,,,,,,,0.0,0.0,0.0,0.0,0.0,0.0,0.0,0.0,0.0,0.0,0.0,0.0,0.0,0.0,0.0,0.0,0.0,0.0,0.0,0.0,0.0,0.0,0.0,0.0,0.0,0.0,0.0,0.0,0.0,0.0,0.0,0.0,0.0,0.0,0.0,0.0,0.0,0.0,0.0,0.0,2.0,2.0,2.0,2.0,2.0,2.0,2.0,2.0
11291,,51.198984,12.398793,1291,1650,8.133,0.395,1,,,,,,,15.762,15.762,15.762,15.762,15.762,15.762,15.762,10.844,4.0,6.0,11.0,15.0,19.0,21.0,22.0,25.0,5.0,13.0,19.0,36.0,51.0,65.0,74.0,81.0,0.0,0.0,0.0,0.0,0.0,0.0,0.0,0.0,,,,,,,,,0.0,0.0,0.0,0.0,0.0,0.0,0.0,0.0,0.0,0.0,0.0,0.0,0.0,0.0,0.0,0.0,0.0,0.0,0.0,0.0,0.0,0.0,0.0,0.0,0.0,0.0,0.0,0.0,0.0,0.0,0.0,0.0,0.0,1.0,1.0,1.0,1.0,1.0,1.0,1.0,2.0,2.0,2.0,2.0,2.0,2.0,2.0,2.0
11296,,51.344147,12.369851,1170,1650,8.133,0.285,1,,,,,,,0.57,0.57,0.57,0.57,0.57,0.57,0.57,0.57,4.0,6.0,11.0,17.0,21.0,25.0,29.0,32.0,6.0,13.0,19.0,36.0,50.0,64.0,78.0,85.0,0.0,0.0,0.0,0.0,0.0,0.0,0.0,0.0,,,,,,,,,0.0,0.0,0.0,0.0,0.0,0.0,0.0,0.0,0.0,0.0,0.0,0.0,0.0,1.0,1.0,1.0,0.0,0.0,0.0,0.0,0.0,0.0,0.0,0.0,0.0,0.0,0.0,0.0,0.0,0.0,0.0,0.0,0.0,1.0,1.0,1.0,1.0,1.0,1.0,1.0,2.0,2.0,2.0,2.0,2.0,3.0,3.0,3.0
11314,,53.258564,15.541577,1284,1650,52.579,0.164,1,,,,,,,170.059,170.059,70.398,70.398,70.398,70.398,58.193,58.193,0.0,0.0,0.0,0.0,0.0,0.0,0.0,0.0,0.0,0.0,1.0,1.0,2.0,4.0,5.0,5.0,0.0,0.0,0.0,0.0,0.0,0.0,0.0,0.0,,,,,,,,,0.0,0.0,0.0,0.0,0.0,0.0,0.0,0.0,0.0,0.0,0.0,0.0,0.0,0.0,0.0,0.0,0.0,0.0,0.0,0.0,0.0,0.0,0.0,0.0,0.0,0.0,0.0,0.0,0.0,0.0,0.0,0.0,0.0,0.0,0.0,0.0,0.0,0.0,0.0,0.0,2.0,2.0,2.0,2.0,2.0,2.0,2.0,2.0
9237,,51.961521,7.632301,1170,1650,26.111,0.162,1,,,,,,,0.323,0.323,0.323,0.323,0.323,0.323,0.323,0.323,8.0,12.0,13.0,15.0,17.0,17.0,20.0,21.0,33.0,49.0,55.0,62.0,73.0,80.0,90.0,90.0,0.0,0.0,0.0,0.0,0.0,0.0,0.0,0.0,,,,,,,,,0.0,0.0,0.0,0.0,0.0,0.0,0.0,0.0,0.0,0.0,0.0,0.0,0.0,0.0,0.0,0.0,0.0,0.0,0.0,0.0,0.0,0.0,0.0,0.0,0.0,0.0,0.0,0.0,0.0,0.0,0.0,0.0,0.0,0.0,0.0,0.0,0.0,0.0,0.0,0.0,2.0,2.0,2.0,2.0,2.0,2.0,2.0,2.0
11328,,51.202681,11.966501,1280,1650,30.08,0.226,1,,,,,,,20.61,0.453,0.453,0.453,0.453,0.453,0.453,0.453,5.0,7.0,11.0,23.0,31.0,34.0,39.0,42.0,11.0,20.0,26.0,43.0,58.0,74.0,85.0,93.0,0.0,0.0,0.0,0.0,0.0,0.0,0.0,0.0,,,,,,,,,0.0,0.0,0.0,0.0,0.0,0.0,0.0,0.0,1.0,1.0,1.0,1.0,1.0,1.0,1.0,1.0,0.0,0.0,0.0,0.0,0.0,0.0,0.0,0.0,0.0,0.0,0.0,0.0,0.0,0.0,0.0,0.0,0.0,0.0,0.0,0.0,0.0,0.0,0.0,0.0,3.0,3.0,3.0,3.0,3.0,3.0,3.0,3.0
11329,,51.357415,12.002692,981,1650,28.19,0.19,1,,,,,,,14.112,14.112,14.112,14.112,14.112,14.112,14.112,14.112,5.0,7.0,10.0,19.0,27.0,30.0,37.0,40.0,12.0,24.0,31.0,52.0,67.0,80.0,93.0,104.0,0.0,0.0,0.0,0.0,0.0,0.0,0.0,0.0,,,,,,,,,0.0,0.0,0.0,0.0,0.0,0.0,0.0,0.0,0.0,0.0,0.0,0.0,0.0,0.0,0.0,0.0,0.0,1.0,1.0,1.0,1.0,1.0,1.0,1.0,0.0,0.0,0.0,0.0,0.0,0.0,0.0,0.0,0.0,0.0,0.0,0.0,0.0,0.0,0.0,0.0,2.0,2.0,2.0,2.0,2.0,2.0,2.0,2.0
11351,,58.36313,25.584763,1224,1650,77.629,0.052,1,,,,,,,784.047,226.983,226.983,226.983,226.983,226.983,207.604,203.835,0.0,0.0,0.0,0.0,0.0,0.0,0.0,0.0,0.0,0.0,0.0,0.0,0.0,0.0,0.0,0.0,0.0,0.0,0.0,0.0,0.0,0.0,0.0,0.0,,,,,,,,,0.0,0.0,0.0,0.0,0.0,0.0,0.0,0.0,0.0,0.0,0.0,0.0,0.0,0.0,0.0,0.0,0.0,0.0,0.0,0.0,0.0,0.0,0.0,0.0,0.0,0.0,0.0,0.0,0.0,0.0,0.0,0.0,0.0,0.0,0.0,0.0,0.0,0.0,0.0,0.0,2.0,2.0,2.0,2.0,2.0,2.0,2.0,2.0
19525,,52.36923,4.891019,1300,1650,0.841,0.043,1,,,,,,,34.529,0.44,0.44,0.44,0.44,0.44,0.44,0.44,5.0,10.0,11.0,12.0,13.0,16.0,16.0,15.0,23.0,40.0,54.0,66.0,80.0,84.0,85.0,81.0,0.0,0.0,0.0,0.0,0.0,0.0,0.0,0.0,,,,,,,,,0.0,0.0,0.0,0.0,0.0,0.0,0.0,0.0,0.0,1.0,1.0,1.0,1.0,1.0,1.0,1.0,0.0,0.0,0.0,0.0,0.0,0.0,0.0,0.0,0.0,0.0,0.0,0.0,0.0,0.0,0.0,0.0,0.0,0.0,0.0,0.0,0.0,0.0,0.0,0.0,2.0,3.0,3.0,3.0,3.0,3.0,3.0,3.0
10795,Gendt,51.874321,5.973201,1233,1650,2.038,2.314,1,,,,,,,8.021,8.021,8.021,8.021,8.021,8.021,8.021,8.021,11.0,20.0,23.0,34.0,42.0,43.0,43.0,43.0,41.0,70.0,89.0,108.0,124.0,130.0,132.0,128.0,0.0,0.0,0.0,0.0,0.0,0.0,0.0,0.0,,,,,,,,,0.0,0.0,0.0,0.0,0.0,0.0,0.0,0.0,0.0,0.0,0.0,0.0,0.0,0.0,0.0,0.0,0.0,0.0,0.0,0.0,0.0,0.0,0.0,0.0,0.0,0.0,0.0,0.0,0.0,0.0,0.0,0.0,0.0,0.0,0.0,0.0,0.0,0.0,0.0,0.0,2.0,2.0,2.0,2.0,2.0,2.0,2.0,2.0
11374,,51.484473,13.131655,1300,1650,4.106,0.261,1,,,,,,,54.918,54.918,39.199,34.253,39.199,0.523,0.523,0.523,0.0,0.0,2.0,3.0,3.0,6.0,6.0,8.0,4.0,6.0,11.0,16.0,24.0,30.0,37.0,44.0,0.0,0.0,0.0,0.0,0.0,0.0,0.0,0.0,,,,,,,,,0.0,0.0,0.0,0.0,0.0,0.0,0.0,0.0,0.0,0.0,0.0,0.0,0.0,0.0,0.0,0.0,0.0,0.0,0.0,0.0,0.0,0.0,0.0,0.0,0.0,0.0,0.0,1.0,1.0,1.0,1.0,1.0,0.0,1.0,1.0,1.0,1.0,1.0,1.0,1.0,2.0,2.0,2.0,2.0,2.0,2.0,2.0,2.0
11379,,54.005669,15.984292,1107,1650,120.296,0.2,1,,,,,,,170.229,170.229,147.295,147.295,147.295,147.295,32.651,32.651,0.0,0.0,0.0,0.0,0.0,0.0,1.0,1.0,0.0,0.0,0.0,0.0,0.0,0.0,2.0,2.0,0.0,0.0,0.0,0.0,0.0,0.0,0.0,0.0,,,,,,,,,0.0,0.0,0.0,0.0,0.0,0.0,0.0,0.0,0.0,1.0,1.0,1.0,1.0,1.0,1.0,1.0,0.0,0.0,0.0,0.0,0.0,0.0,0.0,0.0,0.0,0.0,0.0,0.0,0.0,0.0,0.0,0.0,0.0,0.0,0.0,0.0,0.0,0.0,0.0,0.0,2.0,3.0,3.0,3.0,3.0,3.0,3.0,3.0
11380,,54.003887,15.993314,1107,1650,120.641,0.111,1,,,,,,,170.832,170.832,147.511,147.511,147.511,147.511,33.246,33.246,0.0,0.0,0.0,0.0,0.0,0.0,1.0,1.0,0.0,0.0,0.0,0.0,0.0,0.0,2.0,2.0,0.0,0.0,0.0,0.0,0.0,0.0,0.0,0.0,,,,,,,,,0.0,0.0,0.0,0.0,0.0,0.0,0.0,0.0,0.0,1.0,1.0,1.0,1.0,1.0,1.0,1.0,0.0,0.0,0.0,0.0,0.0,0.0,0.0,0.0,0.0,0.0,0.0,0.0,0.0,0.0,0.0,0.0,0.0,0.0,0.0,0.0,0.0,0.0,0.0,0.0,2.0,3.0,3.0,3.0,3.0,3.0,3.0,3.0
19668,,51.232738,2.916333,1267,1650,3.224,0.046,1,,,,,,,21.615,21.615,21.615,21.615,21.615,21.615,21.615,21.615,2.0,2.0,3.0,2.0,2.0,2.0,2.0,2.0,2.0,6.0,7.0,6.0,8.0,8.0,8.0,8.0,0.0,0.0,0.0,0.0,0.0,0.0,0.0,0.0,,,,,,,,,0.0,0.0,0.0,0.0,0.0,0.0,0.0,0.0,0.0,0.0,0.0,0.0,0.0,0.0,0.0,0.0,0.0,0.0,0.0,0.0,0.0,0.0,0.0,0.0,0.0,0.0,0.0,0.0,0.0,0.0,0.0,0.0,0.0,0.0,0.0,0.0,0.0,0.0,0.0,0.0,2.0,2.0,2.0,2.0,2.0,2.0,2.0,2.0
11435,,51.558728,13.010101,1255,1650,5.892,0.127,1,,,,,,,50.32,50.32,40.737,40.737,40.737,0.424,0.424,0.424,0.0,0.0,4.0,5.0,5.0,8.0,9.0,11.0,4.0,6.0,11.0,18.0,26.0,32.0,42.0,48.0,0.0,0.0,0.0,0.0,0.0,0.0,0.0,0.0,,,,,,,,,0.0,0.0,0.0,0.0,0.0,1.0,1.0,1.0,0.0,0.0,0.0,0.0,0.0,0.0,0.0,0.0,0.0,0.0,0.0,1.0,1.0,1.0,1.0,1.0,0.0,1.0,1.0,0.0,0.0,0.0,0.0,0.0,0.0,1.0,1.0,1.0,1.0,1.0,1.0,1.0,2.0,2.0,2.0,2.0,2.0,2.0,2.0,2.0
11439,,51.879848,12.452752,1215,1650,6.749,0.109,1,,,,,,,55.31,55.31,40.601,40.601,27.045,27.045,27.045,14.979,0.0,0.0,2.0,2.0,6.0,7.0,13.0,16.0,7.0,13.0,24.0,34.0,44.0,58.0,77.0,92.0,0.0,0.0,0.0,0.0,0.0,0.0,0.0,0.0,,,,,,,,,0.0,0.0,1.0,1.0,1.0,1.0,1.0,1.0,0.0,0.0,0.0,0.0,0.0,0.0,1.0,1.0,0.0,0.0,0.0,0.0,0.0,0.0,0.0,0.0,0.0,0.0,0.0,0.0,0.0,0.0,0.0,0.0,0.0,1.0,1.0,1.0,1.0,1.0,1.0,1.0,2.0,2.0,2.0,2.0,2.0,2.0,3.0,3.0
11443,,51.858351,12.044306,1271,1650,5.272,0.171,1,,,,,,,41.15,41.15,41.15,41.15,12.385,12.385,12.385,12.385,2.0,2.0,5.0,7.0,12.0,14.0,21.0,25.0,13.0,24.0,32.0,45.0,64.0,78.0,97.0,113.0,0.0,0.0,0.0,0.0,0.0,0.0,0.0,0.0,,,,,,,,,1.0,1.0,1.0,1.0,1.0,1.0,1.0,1.0,0.0,1.0,1.0,1.0,0.0,0.0,0.0,0.0,0.0,0.0,0.0,0.0,0.0,0.0,0.0,0.0,0.0,0.0,0.0,0.0,0.0,0.0,0.0,0.0,0.0,1.0,1.0,1.0,1.0,1.0,1.0,1.0,2.0,3.0,3.0,3.0,2.0,2.0,2.0,2.0
12413,Eisenberg (Thüringen),50.968101,11.905274,1219,1650,47.503,2.638,1,,,,,,,16.619,16.619,16.619,16.619,16.619,16.619,16.619,16.619,2.0,4.0,6.0,17.0,25.0,28.0,30.0,31.0,9.0,18.0,24.0,40.0,53.0,67.0,76.0,81.0,0.0,0.0,0.0,0.0,0.0,0.0,0.0,0.0,,,,,,,,,0.0,0.0,0.0,0.0,0.0,0.0,0.0,0.0,0.0,0.0,0.0,0.0,0.0,0.0,0.0,0.0,0.0,0.0,0.0,0.0,0.0,0.0,0.0,0.0,0.0,0.0,0.0,0.0,0.0,0.0,0.0,0.0,0.0,0.0,0.0,0.0,0.0,0.0,0.0,0.0,2.0,2.0,2.0,2.0,2.0,2.0,2.0,2.0
11446,,52.541114,11.975653,1200,1650,3.097,0.104,1,,,,,,,50.96,0.319,0.319,0.319,0.319,0.319,0.319,0.319,0.0,3.0,5.0,5.0,12.0,15.0,23.0,28.0,5.0,11.0,22.0,25.0,37.0,45.0,63.0,74.0,0.0,0.0,0.0,0.0,0.0,0.0,0.0,0.0,,,,,,,,,1.0,1.0,1.0,1.0,1.0,1.0,1.0,1.0,0.0,0.0,0.0,0.0,0.0,1.0,0.0,0.0,0.0,0.0,0.0,0.0,0.0,0.0,0.0,0.0,0.0,0.0,0.0,0.0,0.0,0.0,0.0,0.0,0.0,1.0,1.0,1.0,1.0,1.0,1.0,1.0,2.0,2.0,2.0,2.0,2.0,3.0,2.0,2.0
11447,,52.785983,12.034698,1272,1650,5.093,0.389,1,,,,,,,71.908,9.072,9.072,9.072,9.072,9.072,5.118,5.118,0.0,3.0,5.0,5.0,5.0,8.0,11.0,15.0,2.0,5.0,16.0,19.0,30.0,34.0,48.0,53.0,0.0,0.0,0.0,0.0,0.0,0.0,0.0,0.0,,,,,,,,,0.0,0.0,0.0,1.0,1.0,1.0,1.0,1.0,0.0,0.0,0.0,0.0,0.0,0.0,0.0,0.0,0.0,0.0,0.0,0.0,0.0,0.0,0.0,0.0,1.0,1.0,1.0,1.0,1.0,1.0,1.0,1.0,0.0,0.0,0.0,0.0,0.0,0.0,0.0,0.0,2.0,2.0,2.0,2.0,2.0,2.0,2.0,2.0
12446,Weida,50.773175,12.061207,1209,1650,59.849,0.366,1,,,,,,,31.243,31.243,31.243,31.243,31.243,27.962,27.962,27.962,2.0,4.0,6.0,13.0,16.0,21.0,23.0,25.0,5.0,12.0,18.0,35.0,45.0,57.0,64.0,68.0,0.0,0.0,0.0,0.0,0.0,0.0,0.0,0.0,,,,,,,,,0.0,0.0,0.0,0.0,0.0,0.0,0.0,0.0,0.0,0.0,0.0,0.0,0.0,0.0,0.0,0.0,0.0,0.0,0.0,0.0,0.0,0.0,0.0,0.0,0.0,0.0,0.0,0.0,0.0,0.0,0.0,0.0,0.0,0.0,0.0,0.0,0.0,0.0,0.0,0.0,2.0,2.0,2.0,2.0,2.0,2.0,2.0,2.0
11493,Oschersleben,52.026643,11.226761,1235,1650,31.006,0.266,1,,,,,,,11.011,0.0,0.0,0.0,0.0,0.0,0.0,0.0,4.0,7.0,8.0,12.0,12.0,16.0,26.0,29.0,14.0,32.0,45.0,62.0,77.0,89.0,116.0,133.0,0.0,1.0,1.0,1.0,1.0,1.0,1.0,1.0,,local,local,local,local,local,local,local,0.0,0.0,0.0,0.0,0.0,0.0,0.0,0.0,0.0,0.0,0.0,0.0,0.0,0.0,0.0,0.0,0.0,0.0,0.0,0.0,0.0,0.0,0.0,0.0,0.0,0.0,0.0,0.0,0.0,0.0,0.0,0.0,0.0,0.0,0.0,0.0,0.0,0.0,0.0,0.0,2.0,2.0,2.0,2.0,2.0,2.0,2.0,2.0
11964,Hughevliet,51.35382,3.657722,1200,1404,11.103,3.189,0,,,,,,,17.013,3.411,3.411,,,,,,2.0,6.0,7.0,,,,,,5.0,15.0,16.0,,,,,,0.0,0.0,0.0,,,,,,,,,,,,,,0.0,0.0,0.0,,,,,,0.0,0.0,1.0,,,,,,0.0,0.0,0.0,,,,,,0.0,0.0,0.0,,,,,,1.0,1.0,1.0,,,,,,2.0,2.0,3.0,,,,,
11547,,52.55894,5.917383,1230,1650,0.312,0.028,1,,,,,,,12.947,12.947,0.056,0.056,0.056,0.056,0.056,0.056,5.0,11.0,26.0,29.0,32.0,33.0,34.0,31.0,31.0,47.0,63.0,85.0,102.0,111.0,111.0,107.0,0.0,0.0,0.0,0.0,0.0,0.0,0.0,0.0,,,,,,,,,1.0,1.0,1.0,1.0,1.0,1.0,1.0,1.0,0.0,0.0,0.0,0.0,0.0,0.0,0.0,0.0,0.0,0.0,0.0,0.0,0.0,0.0,0.0,0.0,0.0,1.0,1.0,1.0,1.0,1.0,1.0,1.0,1.0,1.0,1.0,1.0,1.0,1.0,1.0,1.0,2.0,2.0,2.0,2.0,2.0,2.0,2.0,2.0
11558,,51.238313,12.733397,1220,1650,24.573,0.147,1,,,,,,,27.397,27.397,0.294,0.294,0.294,0.294,0.294,0.294,3.0,3.0,7.0,10.0,13.0,16.0,17.0,18.0,5.0,7.0,13.0,26.0,38.0,50.0,60.0,67.0,0.0,0.0,0.0,0.0,0.0,0.0,0.0,0.0,,,,,,,,,0.0,0.0,1.0,1.0,1.0,1.0,1.0,1.0,0.0,0.0,0.0,0.0,0.0,0.0,0.0,0.0,0.0,0.0,1.0,1.0,1.0,1.0,1.0,1.0,0.0,0.0,0.0,0.0,0.0,0.0,0.0,0.0,0.0,0.0,0.0,0.0,0.0,0.0,0.0,0.0,2.0,2.0,2.0,2.0,2.0,2.0,2.0,2.0
11588,,51.983416,9.822826,1220,1650,24.216,0.216,1,,,,,,,0.444,0.444,0.444,0.444,0.444,0.444,0.444,0.444,8.0,20.0,26.0,28.0,33.0,34.0,42.0,49.0,19.0,46.0,72.0,81.0,96.0,97.0,123.0,136.0,0.0,0.0,0.0,0.0,0.0,0.0,0.0,0.0,,,,,,,,,0.0,0.0,0.0,0.0,0.0,0.0,0.0,0.0,0.0,0.0,0.0,0.0,0.0,0.0,0.0,0.0,0.0,0.0,0.0,1.0,1.0,1.0,1.0,1.0,0.0,0.0,0.0,0.0,0.0,0.0,0.0,0.0,0.0,0.0,0.0,0.0,0.0,0.0,0.0,0.0,2.0,2.0,2.0,2.0,2.0,2.0,2.0,2.0
11594,,51.377411,10.137693,1227,1650,16.377,0.058,1,,,,,,,46.549,0.117,0.117,0.117,0.117,0.117,0.117,0.117,5.0,16.0,23.0,26.0,31.0,33.0,36.0,44.0,21.0,52.0,65.0,75.0,90.0,100.0,123.0,135.0,0.0,0.0,0.0,0.0,0.0,0.0,0.0,0.0,,,,,,,,,0.0,0.0,0.0,0.0,0.0,0.0,0.0,0.0,0.0,0.0,0.0,0.0,0.0,0.0,0.0,0.0,0.0,0.0,0.0,0.0,0.0,0.0,0.0,0.0,0.0,0.0,0.0,0.0,0.0,0.0,0.0,0.0,0.0,0.0,0.0,0.0,0.0,0.0,0.0,0.0,2.0,2.0,2.0,2.0,2.0,2.0,2.0,2.0
11597,,51.380496,11.597668,1198,1650,28.208,0.109,1,,,,,,,28.189,28.189,28.189,16.812,16.812,12.046,0.219,0.219,2.0,9.0,10.0,19.0,25.0,31.0,37.0,39.0,15.0,30.0,37.0,57.0,75.0,86.0,104.0,118.0,0.0,0.0,0.0,0.0,0.0,0.0,0.0,0.0,,,,,,,,,0.0,0.0,0.0,0.0,0.0,0.0,0.0,0.0,0.0,0.0,0.0,0.0,0.0,0.0,0.0,0.0,0.0,0.0,0.0,0.0,0.0,0.0,0.0,0.0,0.0,0.0,0.0,0.0,0.0,0.0,0.0,0.0,0.0,0.0,0.0,0.0,0.0,0.0,0.0,0.0,2.0,2.0,2.0,2.0,2.0,2.0,2.0,2.0
19942,,52.131943,11.63686,1188,1650,3.091,0.074,1,,,,,,,0.149,0.149,0.149,0.149,0.149,0.149,0.149,0.149,3.0,6.0,9.0,9.0,16.0,23.0,30.0,37.0,9.0,17.0,29.0,44.0,60.0,71.0,98.0,111.0,0.0,0.0,0.0,0.0,0.0,0.0,0.0,0.0,,,,,,,,,0.0,0.0,0.0,0.0,0.0,0.0,0.0,0.0,0.0,1.0,1.0,1.0,1.0,1.0,1.0,1.0,0.0,0.0,0.0,0.0,0.0,0.0,0.0,0.0,0.0,0.0,0.0,0.0,0.0,0.0,0.0,0.0,0.0,0.0,0.0,0.0,0.0,0.0,0.0,0.0,2.0,3.0,3.0,3.0,3.0,3.0,3.0,3.0
11613,,58.380678,26.725453,1248,1650,11.087,0.09,1,,,,,,,847.79,256.965,256.965,256.965,256.965,244.857,226.672,222.757,0.0,0.0,0.0,0.0,0.0,0.0,0.0,0.0,0.0,0.0,0.0,0.0,0.0,0.0,0.0,0.0,0.0,0.0,0.0,0.0,0.0,0.0,0.0,0.0,,,,,,,,,0.0,0.0,0.0,0.0,0.0,0.0,0.0,0.0,0.0,0.0,0.0,0.0,0.0,0.0,1.0,1.0,0.0,1.0,1.0,1.0,1.0,1.0,1.0,1.0,0.0,0.0,0.0,0.0,0.0,0.0,0.0,0.0,0.0,1.0,1.0,1.0,1.0,1.0,1.0,1.0,2.0,2.0,2.0,2.0,2.0,2.0,3.0,3.0
11770,,54.158661,19.399598,1246,1650,1.393,0.116,1,,,,,,,384.45,384.45,343.133,343.133,343.133,343.133,248.862,248.862,0.0,0.0,0.0,0.0,0.0,0.0,0.0,0.0,0.0,0.0,0.0,0.0,0.0,0.0,0.0,0.0,0.0,0.0,0.0,0.0,0.0,0.0,0.0,0.0,,,,,,,,,0.0,0.0,0.0,0.0,0.0,0.0,0.0,0.0,0.0,0.0,1.0,0.0,0.0,0.0,0.0,0.0,0.0,0.0,0.0,0.0,0.0,0.0,0.0,0.0,0.0,0.0,0.0,0.0,0.0,0.0,0.0,0.0,0.0,0.0,0.0,0.0,0.0,0.0,0.0,0.0,2.0,2.0,3.0,2.0,2.0,2.0,2.0,2.0
11636,,51.316143,9.508501,1180,1650,0.051,0.155,1,,,,,,,51.666,0.224,0.224,0.224,0.224,0.224,0.224,0.224,0.0,4.0,16.0,19.0,23.0,23.0,24.0,24.0,17.0,44.0,56.0,59.0,71.0,76.0,96.0,106.0,0.0,0.0,0.0,0.0,0.0,0.0,0.0,0.0,,,,,,,,,0.0,0.0,0.0,0.0,0.0,0.0,0.0,0.0,0.0,1.0,1.0,1.0,1.0,1.0,1.0,1.0,0.0,0.0,0.0,0.0,0.0,0.0,0.0,0.0,0.0,0.0,0.0,0.0,0.0,0.0,0.0,0.0,0.0,0.0,0.0,0.0,0.0,0.0,0.0,0.0,2.0,3.0,3.0,3.0,3.0,3.0,3.0,3.0
11637,Schlagd,51.316049,9.507041,1180,1650,0.051,0.061,1,,,,,,,51.66,0.122,0.122,0.122,0.122,0.122,0.122,0.122,0.0,4.0,16.0,19.0,23.0,23.0,24.0,24.0,17.0,44.0,56.0,59.0,71.0,76.0,96.0,106.0,0.0,0.0,0.0,0.0,0.0,0.0,0.0,0.0,,,,,,,,,0.0,0.0,0.0,0.0,0.0,0.0,0.0,0.0,0.0,1.0,1.0,1.0,1.0,1.0,1.0,1.0,0.0,0.0,0.0,0.0,0.0,0.0,0.0,0.0,0.0,0.0,0.0,0.0,0.0,0.0,0.0,0.0,0.0,1.0,1.0,1.0,1.0,1.0,1.0,1.0,2.0,3.0,3.0,3.0,3.0,3.0,3.0,3.0
11640,,51.344366,9.856945,1225,1650,5.648,0.026,1,,,,,,,52.262,19.875,19.875,19.875,19.875,19.875,19.875,19.875,0.0,11.0,18.0,21.0,25.0,27.0,30.0,38.0,21.0,53.0,66.0,73.0,85.0,90.0,107.0,118.0,0.0,0.0,0.0,0.0,0.0,0.0,0.0,0.0,,,,,,,,,0.0,0.0,0.0,0.0,0.0,0.0,0.0,0.0,0.0,0.0,0.0,0.0,0.0,0.0,0.0,0.0,1.0,1.0,1.0,1.0,1.0,1.0,1.0,1.0,0.0,0.0,0.0,0.0,0.0,0.0,0.0,0.0,0.0,0.0,0.0,0.0,0.0,0.0,0.0,0.0,2.0,2.0,2.0,2.0,2.0,2.0,2.0,2.0
11641,,51.27079,9.973638,1212,1650,0.193,0.111,1,,,,,,,40.836,16.543,16.543,16.543,16.543,16.543,16.543,16.543,3.0,14.0,21.0,22.0,26.0,28.0,31.0,39.0,21.0,49.0,62.0,69.0,82.0,90.0,108.0,119.0,0.0,0.0,0.0,0.0,0.0,0.0,0.0,0.0,,,,,,,,,0.0,0.0,0.0,0.0,0.0,0.0,0.0,0.0,0.0,0.0,0.0,0.0,0.0,0.0,0.0,0.0,0.0,1.0,1.0,1.0,1.0,1.0,1.0,1.0,0.0,0.0,0.0,0.0,0.0,0.0,0.0,0.0,0.0,0.0,0.0,0.0,0.0,0.0,0.0,0.0,2.0,2.0,2.0,2.0,2.0,2.0,2.0,2.0
11643,,52.539648,11.967641,1200,1650,3.282,0.132,1,,,,,,,50.572,0.264,0.264,0.264,0.264,0.264,0.264,0.264,0.0,3.0,5.0,5.0,12.0,15.0,23.0,28.0,5.0,11.0,22.0,25.0,37.0,45.0,63.0,74.0,0.0,0.0,0.0,0.0,0.0,0.0,0.0,0.0,,,,,,,,,0.0,0.0,0.0,0.0,0.0,0.0,0.0,0.0,0.0,0.0,0.0,0.0,0.0,1.0,0.0,0.0,0.0,0.0,0.0,0.0,0.0,0.0,0.0,0.0,0.0,0.0,0.0,0.0,0.0,0.0,0.0,0.0,0.0,0.0,0.0,0.0,0.0,0.0,0.0,0.0,2.0,2.0,2.0,2.0,2.0,3.0,2.0,2.0
19526,,52.372476,4.893958,1300,1650,0.429,0.012,1,,,,,,,34.763,0.115,0.115,0.115,0.115,0.115,0.115,0.115,5.0,10.0,11.0,12.0,13.0,16.0,16.0,15.0,23.0,40.0,54.0,66.0,80.0,84.0,85.0,81.0,0.0,0.0,0.0,0.0,0.0,0.0,0.0,0.0,,,,,,,,,0.0,0.0,0.0,0.0,0.0,0.0,0.0,0.0,0.0,1.0,1.0,1.0,1.0,1.0,1.0,1.0,0.0,0.0,0.0,0.0,0.0,0.0,0.0,0.0,0.0,0.0,0.0,0.0,0.0,0.0,0.0,0.0,0.0,0.0,0.0,0.0,0.0,0.0,0.0,0.0,2.0,3.0,3.0,3.0,3.0,3.0,3.0,3.0
19537,Paulusbroedersluis,52.371494,4.896887,1300,1650,0.481,0.04,1,,,,,,,34.577,0.342,0.342,0.342,0.342,0.342,0.342,0.342,5.0,10.0,11.0,12.0,13.0,16.0,16.0,15.0,23.0,40.0,54.0,66.0,80.0,84.0,85.0,81.0,0.0,0.0,0.0,0.0,0.0,0.0,0.0,0.0,,,,,,,,,0.0,0.0,0.0,0.0,0.0,0.0,0.0,0.0,0.0,1.0,1.0,1.0,1.0,1.0,1.0,1.0,0.0,0.0,0.0,0.0,1.0,1.0,1.0,1.0,0.0,0.0,0.0,0.0,0.0,0.0,0.0,0.0,0.0,0.0,0.0,0.0,0.0,0.0,0.0,0.0,2.0,3.0,3.0,3.0,3.0,3.0,3.0,3.0
11652,,52.542692,11.973991,1200,1650,3.305,0.104,1,,,,,,,51.066,0.286,0.286,0.286,0.286,0.286,0.286,0.286,0.0,3.0,5.0,5.0,12.0,15.0,23.0,28.0,5.0,11.0,22.0,25.0,37.0,45.0,63.0,74.0,0.0,0.0,0.0,0.0,0.0,0.0,0.0,0.0,,,,,,,,,0.0,0.0,0.0,0.0,0.0,0.0,0.0,0.0,0.0,0.0,0.0,0.0,0.0,1.0,0.0,0.0,0.0,0.0,0.0,0.0,0.0,0.0,0.0,0.0,0.0,0.0,0.0,0.0,0.0,0.0,0.0,0.0,0.0,0.0,0.0,0.0,0.0,0.0,0.0,0.0,2.0,2.0,2.0,2.0,2.0,3.0,2.0,2.0
11665,,51.732132,7.190917,1288,1650,2.733,0.204,1,,,,,,,26.001,12.38,12.38,12.38,12.38,12.38,12.38,12.38,14.0,18.0,19.0,20.0,21.0,21.0,25.0,26.0,37.0,56.0,60.0,78.0,94.0,98.0,105.0,106.0,0.0,0.0,0.0,0.0,0.0,0.0,0.0,0.0,,,,,,,,,0.0,0.0,0.0,0.0,0.0,0.0,0.0,0.0,0.0,0.0,0.0,0.0,0.0,0.0,0.0,0.0,0.0,0.0,0.0,0.0,0.0,0.0,0.0,0.0,0.0,0.0,0.0,0.0,0.0,0.0,0.0,0.0,0.0,1.0,1.0,1.0,1.0,1.0,1.0,1.0,2.0,2.0,2.0,2.0,2.0,2.0,2.0,2.0
19535,Varkenssluis,52.371851,4.895852,1300,1650,0.449,0.04,1,,,,,,,34.643,0.261,0.261,0.261,0.261,0.261,0.261,0.261,5.0,10.0,11.0,12.0,13.0,16.0,16.0,15.0,23.0,40.0,54.0,66.0,80.0,84.0,85.0,81.0,0.0,0.0,0.0,0.0,0.0,0.0,0.0,0.0,,,,,,,,,0.0,0.0,0.0,0.0,0.0,0.0,0.0,0.0,0.0,1.0,1.0,1.0,1.0,1.0,1.0,1.0,0.0,0.0,0.0,1.0,1.0,1.0,1.0,1.0,0.0,0.0,0.0,0.0,0.0,0.0,0.0,0.0,0.0,0.0,0.0,0.0,0.0,0.0,0.0,0.0,2.0,3.0,3.0,3.0,3.0,3.0,3.0,3.0
19527,,52.37622,4.899628,1300,1650,0.176,0.044,1,,,,,,,34.97,0.593,0.593,0.593,0.593,0.593,0.593,0.593,5.0,10.0,11.0,12.0,13.0,16.0,16.0,15.0,23.0,40.0,54.0,66.0,80.0,84.0,85.0,81.0,0.0,0.0,0.0,0.0,0.0,0.0,0.0,0.0,,,,,,,,,0.0,0.0,0.0,0.0,0.0,0.0,0.0,0.0,0.0,1.0,1.0,1.0,1.0,1.0,1.0,1.0,0.0,0.0,0.0,0.0,0.0,0.0,0.0,0.0,0.0,0.0,0.0,0.0,0.0,0.0,0.0,0.0,0.0,0.0,0.0,0.0,0.0,0.0,0.0,0.0,2.0,3.0,3.0,3.0,3.0,3.0,3.0,3.0
19538,,52.371052,4.898518,1300,1650,0.538,0.009,1,,,,,,,34.484,0.462,0.462,0.462,0.462,0.462,0.462,0.462,5.0,10.0,11.0,12.0,13.0,16.0,16.0,15.0,23.0,40.0,54.0,66.0,80.0,84.0,85.0,81.0,0.0,0.0,0.0,0.0,0.0,0.0,0.0,0.0,,,,,,,,,0.0,0.0,0.0,0.0,0.0,0.0,0.0,0.0,0.0,1.0,1.0,1.0,1.0,1.0,1.0,1.0,0.0,0.0,0.0,0.0,0.0,0.0,0.0,0.0,0.0,0.0,0.0,0.0,0.0,0.0,0.0,0.0,0.0,0.0,0.0,0.0,0.0,0.0,0.0,0.0,2.0,3.0,3.0,3.0,3.0,3.0,3.0,3.0
15664,,56.44978217140501,9.413042830285528,1060,1650,59.03,0.073,1,,,,,,,50.012,0.147,0.147,0.147,0.147,0.147,0.147,0.147,0.0,3.0,4.0,5.0,7.0,7.0,9.0,12.0,2.0,9.0,11.0,15.0,18.0,18.0,20.0,24.0,0.0,0.0,0.0,0.0,0.0,0.0,0.0,0.0,,,,,,,,,0.0,0.0,0.0,0.0,0.0,0.0,0.0,0.0,0.0,0.0,0.0,0.0,0.0,0.0,0.0,0.0,0.0,0.0,0.0,0.0,0.0,0.0,0.0,0.0,0.0,0.0,0.0,0.0,0.0,0.0,0.0,0.0,0.0,0.0,0.0,0.0,0.0,0.0,0.0,0.0,2.0,2.0,2.0,2.0,2.0,2.0,2.0,2.0
19988,Ammerbrücke,51.217341,10.45141,1135,1650,24.002,0.031,1,,,,,,,28.516,1.264,1.264,1.264,1.264,1.264,1.264,1.264,7.0,18.0,18.0,18.0,24.0,27.0,29.0,37.0,20.0,49.0,65.0,84.0,106.0,117.0,136.0,150.0,0.0,0.0,0.0,0.0,0.0,0.0,0.0,0.0,,,,,,,,,0.0,0.0,0.0,0.0,0.0,0.0,0.0,0.0,0.0,0.0,0.0,0.0,0.0,0.0,1.0,1.0,1.0,1.0,1.0,1.0,1.0,1.0,1.0,1.0,0.0,0.0,0.0,0.0,0.0,0.0,0.0,0.0,0.0,0.0,0.0,0.0,0.0,0.0,0.0,0.0,2.0,2.0,2.0,2.0,2.0,2.0,3.0,3.0
11669,,51.653904,6.608606,1241,1650,0.22,0.193,1,,,,,,,27.311,24.953,24.953,24.953,24.953,24.953,24.953,24.953,10.0,15.0,17.0,23.0,24.0,24.0,25.0,25.0,36.0,56.0,66.0,86.0,102.0,105.0,109.0,110.0,0.0,0.0,0.0,0.0,0.0,0.0,0.0,0.0,,,,,,,,,1.0,1.0,1.0,1.0,1.0,1.0,1.0,1.0,0.0,0.0,0.0,0.0,0.0,0.0,0.0,0.0,0.0,0.0,0.0,0.0,0.0,0.0,0.0,0.0,0.0,0.0,0.0,0.0,0.0,0.0,0.0,0.0,0.0,1.0,1.0,1.0,1.0,1.0,1.0,1.0,2.0,2.0,2.0,2.0,2.0,2.0,2.0,2.0
12148,,52.629356,4.755565,1254,1650,0.63,0.228,1,,,,,,,64.661,29.968,29.968,29.968,29.968,29.968,29.968,29.968,0.0,3.0,3.0,3.0,3.0,3.0,3.0,3.0,12.0,21.0,34.0,42.0,48.0,51.0,52.0,48.0,0.0,0.0,0.0,0.0,0.0,0.0,0.0,0.0,,,,,,,,,0.0,0.0,0.0,0.0,0.0,0.0,0.0,0.0,0.0,1.0,1.0,1.0,1.0,1.0,1.0,1.0,0.0,0.0,0.0,0.0,0.0,0.0,0.0,0.0,0.0,0.0,0.0,0.0,0.0,0.0,0.0,0.0,0.0,1.0,1.0,1.0,1.0,1.0,1.0,1.0,2.0,3.0,3.0,3.0,3.0,3.0,3.0,3.0
11671,Aardenburg,51.273475,3.44941,1187,1650,2.776,0.072,1,,,,,,,0.0,0.0,0.0,17.242,17.242,17.242,17.242,17.242,2.0,6.0,7.0,6.0,8.0,8.0,8.0,8.0,2.0,10.0,11.0,10.0,12.0,12.0,12.0,12.0,1.0,1.0,1.0,0.0,0.0,0.0,0.0,0.0,local,local,local,,,,,,0.0,0.0,0.0,0.0,0.0,0.0,0.0,0.0,0.0,0.0,0.0,0.0,0.0,0.0,0.0,0.0,0.0,0.0,0.0,0.0,0.0,0.0,0.0,0.0,0.0,0.0,0.0,0.0,0.0,0.0,0.0,0.0,0.0,0.0,0.0,0.0,0.0,0.0,0.0,0.0,2.0,2.0,2.0,2.0,2.0,2.0,2.0,2.0
11690,,51.849767,5.865526,1230,1650,0.285,0.139,1,,,,,,,0.278,0.278,0.278,0.278,0.278,0.278,0.278,0.278,13.0,22.0,25.0,36.0,46.0,47.0,47.0,47.0,41.0,70.0,89.0,108.0,124.0,130.0,132.0,128.0,0.0,0.0,0.0,0.0,0.0,0.0,0.0,0.0,,,,,,,,,1.0,1.0,1.0,1.0,1.0,1.0,1.0,1.0,0.0,1.0,1.0,1.0,1.0,0.0,0.0,0.0,0.0,0.0,0.0,0.0,0.0,0.0,0.0,0.0,1.0,1.0,1.0,1.0,1.0,1.0,1.0,1.0,0.0,1.0,1.0,1.0,1.0,1.0,1.0,1.0,2.0,3.0,3.0,3.0,3.0,2.0,2.0,2.0
11691,,51.829681,6.242033,1233,1650,1.859,0.03,1,,,,,,,15.443,15.443,15.443,15.443,15.443,15.443,15.443,15.443,13.0,22.0,23.0,32.0,40.0,41.0,42.0,42.0,48.0,69.0,88.0,110.0,128.0,135.0,140.0,136.0,0.0,0.0,0.0,0.0,0.0,0.0,0.0,0.0,,,,,,,,,0.0,0.0,0.0,0.0,0.0,0.0,0.0,0.0,0.0,0.0,0.0,0.0,0.0,0.0,0.0,0.0,0.0,0.0,0.0,0.0,0.0,0.0,0.0,0.0,0.0,0.0,0.0,0.0,0.0,0.0,0.0,0.0,0.0,1.0,1.0,1.0,1.0,1.0,1.0,1.0,2.0,2.0,2.0,2.0,2.0,2.0,2.0,2.0
11692,,51.830317,6.23829,1233,1650,1.959,0.043,1,,,,,,,15.43,15.43,15.43,15.43,15.43,15.43,15.43,15.43,13.0,22.0,23.0,32.0,40.0,41.0,42.0,42.0,48.0,69.0,88.0,110.0,128.0,135.0,140.0,136.0,0.0,0.0,0.0,0.0,0.0,0.0,0.0,0.0,,,,,,,,,0.0,0.0,0.0,0.0,0.0,0.0,0.0,0.0,0.0,0.0,0.0,0.0,0.0,0.0,0.0,0.0,0.0,0.0,0.0,0.0,0.0,0.0,0.0,0.0,0.0,1.0,1.0,1.0,1.0,1.0,1.0,1.0,0.0,0.0,0.0,0.0,0.0,0.0,0.0,0.0,2.0,2.0,2.0,2.0,2.0,2.0,2.0,2.0
11694,,51.830926,6.239053,1233,1650,2.017,0.043,1,,,,,,,15.352,15.352,15.352,15.352,15.352,15.352,15.352,15.352,13.0,22.0,23.0,32.0,40.0,41.0,42.0,42.0,48.0,69.0,88.0,110.0,128.0,135.0,140.0,136.0,0.0,0.0,0.0,0.0,0.0,0.0,0.0,0.0,,,,,,,,,0.0,0.0,0.0,0.0,0.0,0.0,0.0,0.0,0.0,0.0,0.0,0.0,0.0,0.0,0.0,0.0,0.0,0.0,0.0,0.0,0.0,0.0,0.0,0.0,0.0,0.0,0.0,0.0,0.0,0.0,0.0,0.0,0.0,0.0,0.0,0.0,0.0,0.0,0.0,0.0,2.0,2.0,2.0,2.0,2.0,2.0,2.0,2.0
11695,,51.756798,6.396203,1228,1650,2.481,0.037,1,,,,,,,18.867,18.867,18.867,18.867,18.867,18.867,18.867,18.867,13.0,20.0,22.0,32.0,40.0,41.0,42.0,42.0,45.0,66.0,85.0,106.0,123.0,128.0,133.0,130.0,0.0,0.0,0.0,0.0,0.0,0.0,0.0,0.0,,,,,,,,,0.0,0.0,0.0,0.0,0.0,0.0,0.0,0.0,0.0,0.0,0.0,0.0,0.0,0.0,0.0,0.0,0.0,0.0,0.0,0.0,0.0,0.0,0.0,0.0,0.0,1.0,1.0,1.0,1.0,1.0,1.0,1.0,0.0,1.0,1.0,1.0,1.0,1.0,1.0,1.0,2.0,2.0,2.0,2.0,2.0,2.0,2.0,2.0
19524,,55.25389,11.291445,1240,1650,140.808,0.025,1,,,,,,,47.909,47.909,47.909,32.242,32.242,12.967,12.967,12.967,1.0,1.0,2.0,7.0,7.0,10.0,14.0,19.0,2.0,8.0,12.0,17.0,17.0,21.0,27.0,35.0,0.0,0.0,0.0,0.0,0.0,0.0,0.0,0.0,,,,,,,,,0.0,0.0,0.0,0.0,0.0,0.0,0.0,0.0,0.0,0.0,0.0,0.0,0.0,0.0,0.0,0.0,0.0,1.0,1.0,1.0,1.0,1.0,1.0,1.0,1.0,1.0,1.0,1.0,1.0,1.0,1.0,1.0,1.0,1.0,1.0,1.0,1.0,1.0,1.0,1.0,2.0,2.0,2.0,2.0,2.0,2.0,2.0,2.0
19528,Nieuwe Brug,52.376816,4.898797,1300,1650,0.159,0.028,1,,,,,,,35.054,0.593,0.593,0.593,0.593,0.593,0.593,0.593,5.0,10.0,11.0,12.0,13.0,16.0,16.0,15.0,23.0,40.0,54.0,66.0,80.0,84.0,85.0,81.0,0.0,0.0,0.0,0.0,0.0,0.0,0.0,0.0,,,,,,,,,0.0,0.0,0.0,0.0,0.0,0.0,0.0,0.0,0.0,1.0,1.0,1.0,1.0,1.0,1.0,1.0,0.0,0.0,1.0,1.0,1.0,1.0,1.0,1.0,0.0,0.0,0.0,0.0,0.0,0.0,0.0,0.0,0.0,0.0,0.0,0.0,0.0,0.0,0.0,0.0,2.0,3.0,3.0,3.0,3.0,3.0,3.0,3.0
19539,Bushuissluis,52.370986,4.898754,1300,1650,0.548,0.009,1,,,,,,,34.471,0.48,0.48,0.48,0.48,0.48,0.48,0.48,5.0,10.0,11.0,12.0,13.0,16.0,16.0,15.0,23.0,40.0,54.0,66.0,80.0,84.0,85.0,81.0,0.0,0.0,0.0,0.0,0.0,0.0,0.0,0.0,,,,,,,,,0.0,0.0,0.0,0.0,0.0,0.0,0.0,0.0,0.0,1.0,1.0,1.0,1.0,1.0,1.0,1.0,0.0,0.0,0.0,0.0,0.0,0.0,1.0,1.0,0.0,0.0,0.0,0.0,0.0,0.0,0.0,0.0,0.0,0.0,0.0,0.0,0.0,0.0,0.0,0.0,2.0,3.0,3.0,3.0,3.0,3.0,3.0,3.0
11722,Hezelpoort,51.848398,5.85704,1230,1650,0.172,0.161,1,,,,,,,0.553,0.553,0.553,0.553,0.553,0.553,0.553,0.553,13.0,22.0,25.0,36.0,46.0,47.0,47.0,47.0,41.0,71.0,91.0,110.0,126.0,132.0,134.0,130.0,0.0,0.0,0.0,0.0,0.0,0.0,0.0,0.0,,,,,,,,,0.0,0.0,0.0,0.0,0.0,0.0,0.0,0.0,0.0,1.0,1.0,1.0,1.0,0.0,0.0,0.0,0.0,0.0,0.0,0.0,0.0,0.0,0.0,0.0,0.0,0.0,0.0,0.0,0.0,0.0,0.0,0.0,0.0,1.0,1.0,1.0,1.0,1.0,1.0,1.0,2.0,3.0,3.0,3.0,3.0,2.0,2.0,2.0
11724,,51.899422,11.782465,1160,1650,0.358,0.558,1,,,,,,,27.621,27.621,27.621,27.621,22.027,22.027,22.027,22.027,3.0,6.0,7.0,12.0,16.0,21.0,34.0,42.0,13.0,24.0,35.0,54.0,75.0,89.0,117.0,130.0,0.0,0.0,0.0,0.0,0.0,0.0,0.0,0.0,,,,,,,,,0.0,0.0,1.0,1.0,1.0,1.0,1.0,1.0,0.0,0.0,0.0,0.0,0.0,0.0,0.0,0.0,0.0,0.0,0.0,0.0,0.0,0.0,0.0,0.0,0.0,0.0,0.0,0.0,0.0,0.0,0.0,0.0,0.0,0.0,0.0,0.0,0.0,0.0,0.0,0.0,2.0,2.0,2.0,2.0,2.0,2.0,2.0,2.0
11725,,53.079724,11.462895,1237,1650,4.211,0.856,1,,,,,,,24.64,24.64,23.9,23.9,23.9,23.9,23.9,23.9,1.0,3.0,8.0,11.0,12.0,12.0,15.0,15.0,5.0,8.0,16.0,21.0,26.0,30.0,50.0,56.0,0.0,0.0,0.0,0.0,0.0,0.0,0.0,0.0,,,,,,,,,1.0,1.0,1.0,1.0,1.0,1.0,1.0,1.0,0.0,0.0,0.0,0.0,0.0,0.0,0.0,0.0,0.0,0.0,0.0,0.0,0.0,0.0,0.0,0.0,0.0,0.0,0.0,0.0,0.0,0.0,0.0,0.0,0.0,0.0,0.0,0.0,0.0,0.0,0.0,0.0,2.0,2.0,2.0,2.0,2.0,2.0,2.0,2.0
11734,,51.796595,11.734265,1278,1650,0.099,0.226,1,,,,,,,33.395,33.395,33.395,32.519,14.324,14.324,14.324,14.324,4.0,7.0,8.0,13.0,17.0,24.0,35.0,42.0,13.0,25.0,37.0,54.0,78.0,92.0,118.0,132.0,0.0,0.0,0.0,0.0,0.0,0.0,0.0,0.0,,,,,,,,,0.0,0.0,0.0,0.0,0.0,0.0,0.0,0.0,0.0,0.0,0.0,0.0,0.0,0.0,0.0,0.0,0.0,0.0,0.0,0.0,0.0,0.0,0.0,0.0,0.0,0.0,0.0,0.0,0.0,0.0,0.0,0.0,0.0,0.0,0.0,0.0,0.0,0.0,0.0,0.0,2.0,2.0,2.0,2.0,2.0,2.0,2.0,2.0
11739,,51.79649,11.738007,1278,1650,0.165,0.043,1,,,,,,,33.626,33.626,33.626,32.612,14.27,14.27,14.27,14.27,4.0,7.0,8.0,13.0,17.0,24.0,35.0,42.0,13.0,25.0,37.0,54.0,78.0,92.0,118.0,132.0,0.0,0.0,0.0,0.0,0.0,0.0,0.0,0.0,,,,,,,,,0.0,0.0,0.0,0.0,0.0,0.0,0.0,0.0,0.0,0.0,0.0,0.0,0.0,0.0,0.0,0.0,0.0,0.0,0.0,0.0,0.0,0.0,0.0,0.0,0.0,0.0,0.0,0.0,0.0,0.0,0.0,0.0,0.0,0.0,0.0,0.0,0.0,0.0,0.0,0.0,2.0,2.0,2.0,2.0,2.0,2.0,2.0,2.0
11740,,51.797007,11.737063,1278,1650,0.099,0.043,1,,,,,,,33.541,33.541,33.541,32.638,14.337,14.337,14.337,14.337,4.0,7.0,8.0,13.0,17.0,24.0,35.0,42.0,13.0,25.0,37.0,54.0,78.0,92.0,118.0,132.0,0.0,0.0,0.0,0.0,0.0,0.0,0.0,0.0,,,,,,,,,0.0,0.0,0.0,0.0,0.0,0.0,0.0,0.0,0.0,0.0,0.0,0.0,0.0,0.0,0.0,0.0,0.0,0.0,0.0,0.0,0.0,0.0,0.0,0.0,0.0,0.0,0.0,0.0,0.0,0.0,0.0,0.0,0.0,1.0,1.0,1.0,1.0,1.0,1.0,1.0,2.0,2.0,2.0,2.0,2.0,2.0,2.0,2.0
11745,,54.306722,9.663119,1253,1650,0.054,0.114,1,,,,,,,79.195,23.972,23.972,23.972,23.972,23.972,0.227,0.227,0.0,4.0,8.0,10.0,23.0,19.0,31.0,31.0,5.0,10.0,16.0,20.0,42.0,43.0,71.0,73.0,0.0,0.0,0.0,0.0,0.0,0.0,0.0,0.0,,,,,,,,,0.0,0.0,0.0,0.0,0.0,0.0,0.0,0.0,0.0,0.0,0.0,0.0,0.0,0.0,0.0,0.0,1.0,1.0,1.0,1.0,1.0,1.0,1.0,0.0,0.0,0.0,0.0,0.0,0.0,0.0,0.0,0.0,0.0,0.0,0.0,0.0,0.0,0.0,1.0,1.0,2.0,2.0,2.0,2.0,2.0,2.0,2.0,2.0
11752,,51.461841,12.641128,1200,1650,27.208,0.294,1,,,,,,,22.934,22.934,22.411,22.411,22.411,22.411,22.411,22.411,3.0,3.0,7.0,9.0,11.0,14.0,14.0,18.0,5.0,7.0,13.0,26.0,38.0,49.0,61.0,68.0,0.0,0.0,0.0,0.0,0.0,0.0,0.0,0.0,,,,,,,,,0.0,0.0,0.0,0.0,0.0,0.0,0.0,0.0,0.0,0.0,0.0,0.0,0.0,0.0,0.0,0.0,0.0,0.0,0.0,1.0,1.0,1.0,1.0,1.0,0.0,0.0,0.0,0.0,0.0,0.0,0.0,0.0,0.0,0.0,0.0,0.0,0.0,0.0,0.0,0.0,2.0,2.0,2.0,2.0,2.0,2.0,2.0,2.0
11755,,52.602186,12.322431,1288,1650,0.035,0.555,1,,,,,,,69.94,24.712,24.712,24.712,24.712,24.484,24.484,23.223,0.0,3.0,5.0,5.0,8.0,11.0,17.0,22.0,2.0,8.0,19.0,22.0,33.0,39.0,54.0,61.0,0.0,0.0,0.0,0.0,0.0,0.0,0.0,0.0,,,,,,,,,0.0,0.0,0.0,0.0,0.0,0.0,1.0,1.0,0.0,0.0,0.0,0.0,0.0,0.0,0.0,0.0,0.0,0.0,0.0,0.0,0.0,0.0,0.0,0.0,0.0,0.0,0.0,0.0,0.0,0.0,0.0,0.0,0.0,0.0,0.0,0.0,0.0,0.0,0.0,0.0,2.0,2.0,2.0,2.0,2.0,2.0,2.0,2.0
11757,,52.535424,13.205809,1240,1650,0.179,0.082,1,,,,,,,115.543,83.518,13.75,13.75,13.75,13.75,13.75,13.75,0.0,0.0,3.0,3.0,6.0,6.0,8.0,8.0,0.0,3.0,8.0,8.0,14.0,18.0,29.0,34.0,0.0,0.0,0.0,0.0,0.0,0.0,0.0,0.0,,,,,,,,,0.0,0.0,0.0,0.0,0.0,0.0,0.0,0.0,0.0,0.0,0.0,1.0,0.0,0.0,0.0,0.0,0.0,0.0,0.0,1.0,1.0,1.0,1.0,1.0,0.0,0.0,0.0,0.0,0.0,0.0,0.0,0.0,0.0,1.0,1.0,1.0,1.0,1.0,1.0,1.0,2.0,2.0,2.0,3.0,2.0,2.0,2.0,2.0
11758,Mühlendamm,52.515043,13.406904,1244,1650,0.062,0.072,1,,,,,,,127.492,97.181,0.374,0.374,0.374,0.374,0.374,0.374,0.0,0.0,3.0,3.0,3.0,3.0,5.0,5.0,0.0,1.0,7.0,7.0,11.0,17.0,22.0,25.0,0.0,0.0,0.0,0.0,0.0,0.0,0.0,0.0,,,,,,,,,0.0,0.0,0.0,0.0,0.0,0.0,0.0,0.0,0.0,1.0,1.0,1.0,1.0,1.0,1.0,1.0,1.0,1.0,1.0,1.0,1.0,1.0,1.0,1.0,0.0,0.0,0.0,0.0,0.0,0.0,0.0,0.0,0.0,0.0,0.0,0.0,0.0,0.0,0.0,0.0,2.0,3.0,3.0,3.0,3.0,3.0,3.0,3.0
11759,,52.517186,13.404293,1244,1650,0.263,0.117,1,,,,,,,127.402,96.995,0.235,0.235,0.235,0.235,0.235,0.235,0.0,0.0,3.0,3.0,3.0,3.0,3.0,3.0,0.0,1.0,7.0,7.0,11.0,17.0,22.0,25.0,0.0,0.0,0.0,0.0,0.0,0.0,0.0,0.0,,,,,,,,,0.0,0.0,0.0,0.0,0.0,0.0,0.0,0.0,0.0,1.0,1.0,1.0,1.0,1.0,1.0,1.0,1.0,1.0,1.0,1.0,1.0,1.0,1.0,1.0,0.0,0.0,0.0,0.0,0.0,0.0,0.0,0.0,0.0,1.0,1.0,1.0,1.0,1.0,1.0,1.0,2.0,3.0,3.0,3.0,3.0,3.0,3.0,3.0
11760,,52.515828,13.399801,1237,1650,0.427,0.352,1,,,,,,,127.065,96.697,0.573,0.573,0.573,0.573,0.573,0.573,0.0,0.0,3.0,3.0,3.0,3.0,5.0,5.0,0.0,1.0,7.0,7.0,11.0,17.0,22.0,25.0,0.0,0.0,0.0,0.0,0.0,0.0,0.0,0.0,,,,,,,,,0.0,0.0,0.0,0.0,0.0,1.0,1.0,1.0,0.0,0.0,0.0,0.0,0.0,0.0,0.0,0.0,0.0,0.0,0.0,0.0,0.0,0.0,0.0,0.0,0.0,0.0,0.0,0.0,0.0,0.0,0.0,0.0,0.0,0.0,0.0,0.0,0.0,0.0,0.0,0.0,2.0,2.0,2.0,2.0,2.0,2.0,2.0,2.0
11772,,54.709378,20.508352,1286,1650,18.305,0.083,1,,,,,,,433.12,433.12,432.886,432.886,432.886,432.886,324.32,324.32,0.0,0.0,0.0,0.0,0.0,0.0,0.0,0.0,0.0,0.0,0.0,0.0,0.0,0.0,0.0,0.0,0.0,0.0,0.0,0.0,0.0,0.0,0.0,0.0,,,,,,,,,0.0,0.0,0.0,0.0,0.0,0.0,0.0,0.0,0.0,0.0,0.0,0.0,0.0,1.0,1.0,1.0,0.0,0.0,0.0,0.0,0.0,0.0,0.0,0.0,0.0,0.0,0.0,0.0,0.0,0.0,0.0,0.0,0.0,0.0,0.0,0.0,0.0,0.0,0.0,0.0,2.0,2.0,2.0,2.0,2.0,3.0,3.0,3.0
7165,Sittard,50.998257,5.870506,1243,1650,9.349,0.204,1,,,,,,,20.647,4.348,4.348,4.348,4.348,4.348,4.348,4.348,6.0,11.0,14.0,16.0,17.0,18.0,18.0,18.0,18.0,26.0,32.0,43.0,50.0,51.0,52.0,52.0,0.0,0.0,0.0,0.0,0.0,0.0,0.0,0.0,,,,,,,,,0.0,0.0,0.0,0.0,1.0,1.0,1.0,1.0,0.0,0.0,0.0,0.0,0.0,0.0,0.0,0.0,0.0,0.0,0.0,0.0,0.0,0.0,0.0,0.0,0.0,0.0,0.0,0.0,0.0,0.0,0.0,0.0,0.0,0.0,0.0,0.0,0.0,0.0,0.0,0.0,2.0,2.0,2.0,2.0,2.0,2.0,2.0,2.0
11789,,53.246835,10.414162,1247,1650,10.107,0.041,1,,,,,,,0.494,0.494,0.494,0.494,0.494,0.494,0.494,0.494,6.0,6.0,7.0,10.0,14.0,14.0,20.0,20.0,11.0,14.0,27.0,35.0,49.0,54.0,79.0,81.0,0.0,0.0,0.0,0.0,0.0,0.0,0.0,0.0,,,,,,,,,0.0,0.0,0.0,0.0,0.0,0.0,0.0,0.0,0.0,0.0,1.0,1.0,1.0,1.0,1.0,1.0,0.0,0.0,0.0,0.0,0.0,0.0,0.0,0.0,0.0,0.0,0.0,0.0,0.0,0.0,0.0,0.0,0.0,1.0,1.0,1.0,1.0,1.0,1.0,1.0,2.0,2.0,3.0,3.0,3.0,3.0,3.0,3.0
11797,,53.467175,9.984105,1297,1650,0.545,0.123,1,,,,,,,9.005,9.005,9.005,9.005,9.005,9.005,0.246,0.246,7.0,7.0,7.0,9.0,14.0,17.0,24.0,24.0,13.0,19.0,27.0,34.0,53.0,56.0,86.0,94.0,0.0,0.0,0.0,0.0,0.0,0.0,0.0,0.0,,,,,,,,,0.0,0.0,0.0,0.0,0.0,0.0,0.0,0.0,0.0,0.0,0.0,0.0,0.0,0.0,0.0,0.0,0.0,0.0,0.0,0.0,0.0,0.0,0.0,0.0,0.0,0.0,0.0,0.0,0.0,0.0,0.0,0.0,0.0,1.0,1.0,1.0,1.0,1.0,1.0,1.0,2.0,2.0,2.0,2.0,2.0,2.0,2.0,2.0
12165,,52.486615,4.658646,1298,1650,8.014,0.098,1,,,,,,,53.915,20.271,20.271,20.271,20.271,20.271,20.271,20.271,0.0,4.0,5.0,5.0,5.0,5.0,5.0,5.0,15.0,24.0,34.0,42.0,46.0,49.0,50.0,46.0,0.0,0.0,0.0,0.0,0.0,0.0,0.0,0.0,,,,,,,,,0.0,0.0,0.0,0.0,0.0,0.0,0.0,0.0,0.0,0.0,0.0,0.0,0.0,0.0,0.0,0.0,0.0,0.0,0.0,0.0,0.0,0.0,0.0,0.0,0.0,0.0,0.0,0.0,0.0,0.0,0.0,0.0,0.0,0.0,0.0,0.0,0.0,0.0,0.0,0.0,2.0,2.0,2.0,2.0,2.0,2.0,2.0,2.0
11805,,52.289841,8.922175,1230,1650,2.592,0.052,1,,,,,,,0.415,0.415,0.415,0.415,0.415,0.415,0.415,0.415,4.0,12.0,14.0,14.0,19.0,18.0,26.0,29.0,30.0,49.0,69.0,74.0,85.0,89.0,109.0,119.0,0.0,0.0,0.0,0.0,0.0,0.0,0.0,0.0,,,,,,,,,0.0,0.0,0.0,0.0,0.0,0.0,0.0,0.0,0.0,0.0,0.0,0.0,1.0,1.0,1.0,1.0,0.0,0.0,0.0,0.0,0.0,0.0,0.0,0.0,0.0,0.0,0.0,0.0,0.0,0.0,0.0,0.0,0.0,0.0,0.0,0.0,0.0,0.0,0.0,0.0,2.0,2.0,2.0,2.0,3.0,3.0,3.0,3.0
11811,,51.43515,6.762927,1145,1650,0.636,0.081,1,,,,,,,17.475,17.475,17.475,14.906,14.906,14.906,14.906,14.906,14.0,19.0,21.0,28.0,30.0,30.0,31.0,31.0,39.0,57.0,65.0,80.0,93.0,97.0,102.0,103.0,0.0,0.0,0.0,0.0,0.0,0.0,0.0,0.0,,,,,,,,,0.0,0.0,0.0,0.0,0.0,0.0,0.0,0.0,1.0,1.0,1.0,1.0,1.0,1.0,1.0,1.0,0.0,0.0,0.0,0.0,0.0,0.0,0.0,0.0,0.0,0.0,0.0,0.0,0.0,0.0,0.0,0.0,0.0,0.0,0.0,0.0,0.0,0.0,0.0,0.0,3.0,3.0,3.0,3.0,3.0,3.0,3.0,3.0
12655,,52.010829,4.358154,1246,1650,2.986,0.021,1,,,,,,,48.677,18.724,18.724,18.724,18.724,18.724,18.724,18.724,3.0,7.0,9.0,9.0,9.0,10.0,10.0,10.0,11.0,26.0,30.0,38.0,45.0,48.0,48.0,47.0,0.0,0.0,0.0,0.0,0.0,0.0,0.0,0.0,,,,,,,,,0.0,0.0,0.0,0.0,0.0,0.0,0.0,0.0,0.0,0.0,0.0,0.0,0.0,0.0,0.0,0.0,0.0,0.0,0.0,0.0,0.0,0.0,0.0,0.0,0.0,0.0,0.0,0.0,0.0,0.0,0.0,0.0,0.0,0.0,0.0,0.0,0.0,0.0,0.0,0.0,2.0,2.0,2.0,2.0,2.0,2.0,2.0,2.0
11823,,53.939627,12.109869,1276,1650,6.525,0.086,1,,,,,,,57.264,57.264,16.683,16.683,16.683,15.481,15.481,15.481,0.0,0.0,2.0,2.0,2.0,4.0,6.0,6.0,3.0,3.0,6.0,6.0,9.0,12.0,21.0,23.0,0.0,0.0,0.0,0.0,0.0,0.0,0.0,0.0,,,,,,,,,0.0,0.0,0.0,0.0,0.0,0.0,0.0,0.0,0.0,0.0,0.0,0.0,0.0,0.0,0.0,0.0,0.0,0.0,0.0,0.0,0.0,0.0,0.0,0.0,0.0,0.0,0.0,0.0,0.0,0.0,0.0,0.0,0.0,1.0,1.0,1.0,1.0,1.0,1.0,1.0,2.0,2.0,2.0,2.0,2.0,2.0,2.0,2.0
11824,,54.084849,12.150596,1218,1650,8.183,0.34,1,,,,,,,69.996,69.996,0.814,0.814,0.814,0.814,0.814,0.814,0.0,0.0,2.0,2.0,2.0,4.0,6.0,6.0,3.0,4.0,7.0,7.0,10.0,13.0,22.0,23.0,0.0,0.0,0.0,0.0,0.0,0.0,0.0,0.0,,,,,,,,,0.0,0.0,0.0,0.0,0.0,0.0,0.0,0.0,0.0,0.0,0.0,1.0,1.0,1.0,1.0,1.0,0.0,0.0,0.0,0.0,0.0,0.0,0.0,0.0,0.0,0.0,0.0,0.0,0.0,0.0,0.0,0.0,0.0,1.0,1.0,1.0,1.0,1.0,1.0,1.0,2.0,2.0,2.0,3.0,3.0,3.0,3.0,3.0
11825,,53.847329,11.986774,1229,1650,6.528,0.136,1,,,,,,,44.778,44.778,28.639,28.639,28.639,25.195,18.291,18.291,2.0,2.0,4.0,4.0,4.0,6.0,10.0,10.0,3.0,3.0,6.0,6.0,9.0,12.0,24.0,25.0,0.0,0.0,0.0,0.0,0.0,0.0,0.0,0.0,,,,,,,,,0.0,0.0,0.0,0.0,0.0,0.0,0.0,0.0,0.0,0.0,0.0,0.0,0.0,0.0,0.0,0.0,0.0,0.0,0.0,0.0,0.0,0.0,0.0,0.0,0.0,0.0,0.0,0.0,0.0,0.0,0.0,0.0,0.0,1.0,1.0,1.0,1.0,1.0,1.0,1.0,2.0,2.0,2.0,2.0,2.0,2.0,2.0,2.0
19405,,56.570067,9.028626,1200,1650,46.719,0.201,1,,,,,,,34.553,26.972,26.972,26.972,26.972,26.972,26.972,26.972,1.0,5.0,6.0,9.0,10.0,10.0,12.0,15.0,2.0,9.0,11.0,15.0,18.0,18.0,20.0,23.0,0.0,0.0,0.0,0.0,0.0,0.0,0.0,0.0,,,,,,,,,0.0,0.0,0.0,0.0,0.0,0.0,0.0,0.0,0.0,0.0,0.0,0.0,0.0,0.0,0.0,0.0,0.0,0.0,0.0,0.0,0.0,0.0,0.0,0.0,0.0,0.0,0.0,0.0,0.0,0.0,0.0,0.0,0.0,0.0,0.0,0.0,0.0,0.0,0.0,0.0,2.0,2.0,2.0,2.0,2.0,2.0,2.0,2.0
11832,,53.143614,11.246016,1259,1650,0.13,0.153,1,,,,,,,11.237,11.237,11.237,11.237,11.237,11.237,11.237,11.237,1.0,1.0,6.0,11.0,12.0,12.0,17.0,17.0,8.0,11.0,20.0,26.0,35.0,36.0,54.0,59.0,0.0,0.0,0.0,0.0,0.0,0.0,0.0,0.0,,,,,,,,,0.0,0.0,0.0,0.0,0.0,0.0,0.0,0.0,0.0,0.0,0.0,0.0,0.0,0.0,0.0,0.0,0.0,0.0,0.0,0.0,0.0,0.0,0.0,0.0,0.0,0.0,0.0,0.0,0.0,0.0,0.0,0.0,0.0,0.0,0.0,0.0,0.0,0.0,0.0,0.0,2.0,2.0,2.0,2.0,2.0,2.0,2.0,2.0
11833,,53.280017,11.562488,1252,1650,5.421,0.076,1,,,,,,,37.094,37.094,37.094,37.094,37.094,37.094,25.127,25.127,3.0,3.0,6.0,6.0,6.0,6.0,8.0,8.0,5.0,8.0,15.0,20.0,25.0,27.0,42.0,47.0,0.0,0.0,0.0,0.0,0.0,0.0,0.0,0.0,,,,,,,,,0.0,0.0,0.0,0.0,0.0,0.0,0.0,0.0,0.0,0.0,0.0,0.0,0.0,0.0,0.0,0.0,0.0,0.0,0.0,0.0,0.0,0.0,0.0,0.0,0.0,0.0,0.0,0.0,0.0,0.0,0.0,0.0,0.0,0.0,0.0,0.0,0.0,0.0,1.0,1.0,2.0,2.0,2.0,2.0,2.0,2.0,2.0,2.0
11834,,53.382608,11.582551,1248,1650,5.743,0.056,1,,,,,,,29.534,29.534,29.534,29.534,29.534,29.534,18.335,18.335,3.0,3.0,4.0,4.0,4.0,4.0,7.0,7.0,5.0,8.0,15.0,20.0,26.0,28.0,44.0,47.0,0.0,0.0,0.0,0.0,0.0,0.0,0.0,0.0,,,,,,,,,0.0,0.0,0.0,0.0,0.0,0.0,0.0,0.0,0.0,0.0,0.0,0.0,0.0,0.0,0.0,0.0,0.0,0.0,0.0,0.0,0.0,0.0,0.0,0.0,0.0,0.0,0.0,0.0,0.0,0.0,0.0,0.0,0.0,0.0,0.0,0.0,0.0,0.0,1.0,1.0,2.0,2.0,2.0,2.0,2.0,2.0,2.0,2.0
11849,Oudewater,52.022978,4.872386,1257,1650,0.096,0.096,1,,,,,,,18.513,11.166,11.166,11.166,11.166,11.166,11.166,11.166,9.0,18.0,21.0,26.0,29.0,31.0,31.0,30.0,25.0,45.0,56.0,69.0,80.0,84.0,85.0,81.0,0.0,0.0,0.0,0.0,0.0,0.0,0.0,0.0,,,,,,,,,0.0,1.0,1.0,1.0,1.0,1.0,1.0,1.0,0.0,1.0,1.0,1.0,1.0,1.0,1.0,1.0,0.0,0.0,0.0,0.0,0.0,0.0,0.0,0.0,0.0,0.0,0.0,0.0,0.0,0.0,0.0,0.0,0.0,1.0,1.0,1.0,1.0,1.0,1.0,1.0,2.0,3.0,3.0,3.0,3.0,3.0,3.0,3.0
11856,,52.354122,14.065869,1252,1650,0.278,0.158,1,,,,,,,161.909,143.483,48.247,48.247,48.247,48.247,48.247,48.247,0.0,0.0,3.0,3.0,3.0,3.0,3.0,3.0,0.0,0.0,4.0,4.0,5.0,8.0,11.0,11.0,0.0,0.0,0.0,0.0,0.0,0.0,0.0,0.0,,,,,,,,,0.0,0.0,0.0,0.0,0.0,0.0,1.0,1.0,0.0,0.0,0.0,0.0,0.0,0.0,0.0,0.0,0.0,0.0,0.0,0.0,0.0,0.0,0.0,0.0,0.0,0.0,0.0,0.0,0.0,0.0,0.0,0.0,0.0,0.0,0.0,0.0,0.0,0.0,0.0,0.0,2.0,2.0,2.0,2.0,2.0,2.0,2.0,2.0
12656,,53.219279,6.557448,1245,1650,0.54,0.166,1,,,,,,,0.625,0.625,0.625,0.625,0.625,0.625,0.625,0.625,3.0,5.0,5.0,13.0,13.0,17.0,16.0,16.0,10.0,20.0,35.0,50.0,60.0,69.0,71.0,68.0,0.0,0.0,0.0,0.0,0.0,0.0,0.0,0.0,,,,,,,,,0.0,0.0,0.0,0.0,0.0,0.0,0.0,0.0,0.0,0.0,0.0,0.0,1.0,1.0,1.0,0.0,0.0,0.0,0.0,0.0,0.0,0.0,0.0,0.0,0.0,0.0,0.0,0.0,0.0,0.0,0.0,0.0,0.0,1.0,1.0,1.0,1.0,1.0,1.0,1.0,2.0,2.0,2.0,2.0,3.0,3.0,3.0,2.0
17598,Enghien,50.693516,4.039493,1300,1650,32.05,6.435,1,2000.0,1000.0,5000.0,5000.0,5000.0,5000.0,76.583,63.19,63.19,63.19,63.19,63.19,63.19,63.19,0.0,0.0,0.0,0.0,0.0,0.0,0.0,0.0,2.0,8.0,8.0,7.0,9.0,9.0,9.0,9.0,0.0,0.0,0.0,0.0,0.0,0.0,0.0,0.0,,,,,,,,,0.0,0.0,0.0,0.0,0.0,0.0,0.0,0.0,0.0,0.0,0.0,0.0,0.0,0.0,0.0,0.0,0.0,0.0,0.0,0.0,0.0,0.0,0.0,0.0,0.0,0.0,0.0,0.0,0.0,0.0,0.0,0.0,0.0,0.0,0.0,0.0,0.0,0.0,0.0,0.0,1.0,1.0,1.0,1.0,1.0,1.0,1.0,1.0
12182,,52.167771,8.861695,1250,1368,4.542,0.102,1,,,,,,,13.892,13.892,,,,,,,4.0,12.0,,,,,,,28.0,47.0,,,,,,,0.0,0.0,,,,,,,,,,,,,,,0.0,0.0,,,,,,,0.0,0.0,,,,,,,0.0,0.0,,,,,,,0.0,0.0,,,,,,,0.0,0.0,,,,,,,2.0,2.0,,,,,,
11860,Beverwijk,52.4849,4.657963,1298,1650,7.841,0.098,1,,,,,,,53.788,20.19,20.19,20.19,20.19,20.19,20.19,20.19,0.0,4.0,5.0,5.0,5.0,5.0,5.0,5.0,15.0,24.0,34.0,42.0,46.0,49.0,50.0,46.0,0.0,0.0,0.0,0.0,0.0,0.0,0.0,0.0,,,,,,,,,0.0,0.0,0.0,0.0,0.0,0.0,0.0,0.0,0.0,0.0,0.0,0.0,0.0,0.0,0.0,0.0,0.0,0.0,0.0,0.0,0.0,0.0,0.0,0.0,0.0,0.0,0.0,0.0,0.0,0.0,0.0,0.0,0.0,0.0,0.0,0.0,0.0,0.0,0.0,0.0,2.0,2.0,2.0,2.0,2.0,2.0,2.0,2.0
12657,,53.216754,6.574033,1245,1650,0.053,0.009,1,,,,,,,0.515,0.515,0.515,0.515,0.515,0.515,0.515,0.515,3.0,5.0,5.0,13.0,13.0,17.0,16.0,16.0,10.0,20.0,35.0,50.0,60.0,69.0,71.0,68.0,0.0,0.0,0.0,0.0,0.0,0.0,0.0,0.0,,,,,,,,,0.0,0.0,0.0,0.0,0.0,0.0,0.0,0.0,0.0,0.0,0.0,0.0,1.0,1.0,1.0,0.0,0.0,0.0,0.0,0.0,0.0,0.0,0.0,0.0,0.0,0.0,0.0,0.0,0.0,0.0,0.0,0.0,0.0,0.0,1.0,1.0,1.0,1.0,1.0,1.0,2.0,2.0,2.0,2.0,3.0,3.0,3.0,2.0
101,Ahlen,51.763127,7.889927,1224,1650,19.793,4.204,1,,,,,,,25.91,25.91,20.797,20.797,20.797,20.797,20.797,20.797,9.0,13.0,14.0,16.0,17.0,18.0,23.0,24.0,26.0,37.0,45.0,51.0,60.0,65.0,75.0,75.0,0.0,0.0,0.0,0.0,0.0,0.0,0.0,0.0,,,,,,,,,0.0,0.0,0.0,0.0,0.0,0.0,0.0,0.0,0.0,0.0,0.0,0.0,0.0,0.0,0.0,0.0,0.0,0.0,0.0,0.0,0.0,0.0,0.0,0.0,0.0,0.0,0.0,0.0,0.0,0.0,0.0,0.0,0.0,0.0,0.0,0.0,0.0,0.0,0.0,0.0,2.0,2.0,2.0,2.0,2.0,2.0,2.0,2.0
4453,Limburg an der Lahn,50.388703,8.063799,1232,1650,32.53,0.12,1,,,,,,,53.767,53.767,53.767,53.767,53.767,53.767,53.767,53.767,0.0,0.0,0.0,0.0,0.0,0.0,0.0,0.0,6.0,8.0,9.0,9.0,10.0,10.0,13.0,13.0,0.0,0.0,0.0,0.0,0.0,0.0,0.0,0.0,,,,,,,,,0.0,1.0,1.0,1.0,1.0,1.0,1.0,1.0,0.0,0.0,0.0,0.0,0.0,0.0,0.0,0.0,0.0,0.0,0.0,0.0,0.0,0.0,0.0,0.0,0.0,0.0,0.0,0.0,0.0,0.0,0.0,0.0,0.0,0.0,0.0,0.0,0.0,0.0,0.0,0.0,2.0,2.0,2.0,2.0,2.0,2.0,2.0,2.0
19486,Sint Jansbrug,52.159597,4.491413,1266,1650,0.345,0.027,1,,,,,,,43.494,0.16,0.16,0.16,0.16,0.16,0.16,0.16,4.0,11.0,12.0,12.0,13.0,15.0,15.0,14.0,15.0,26.0,31.0,40.0,46.0,49.0,49.0,48.0,0.0,0.0,0.0,0.0,0.0,0.0,0.0,0.0,,,,,,,,,0.0,0.0,0.0,0.0,0.0,0.0,0.0,0.0,0.0,0.0,0.0,0.0,0.0,0.0,0.0,0.0,1.0,1.0,1.0,1.0,1.0,1.0,1.0,1.0,0.0,0.0,0.0,0.0,0.0,0.0,0.0,0.0,0.0,0.0,0.0,0.0,0.0,0.0,0.0,0.0,2.0,2.0,2.0,2.0,2.0,2.0,2.0,2.0
16951,Alte Lahnbrücke,50.390767,8.06478,1232,1650,32.62,0.12,1,,,,,,,53.842,53.842,53.842,53.842,53.842,53.842,53.842,53.842,0.0,0.0,0.0,0.0,0.0,0.0,0.0,0.0,6.0,8.0,9.0,9.0,10.0,10.0,13.0,13.0,0.0,0.0,0.0,0.0,0.0,0.0,0.0,0.0,,,,,,,,,1.0,1.0,1.0,1.0,1.0,1.0,1.0,1.0,0.0,0.0,0.0,0.0,0.0,0.0,0.0,0.0,1.0,1.0,1.0,1.0,1.0,1.0,1.0,1.0,0.0,0.0,0.0,0.0,0.0,0.0,0.0,0.0,0.0,0.0,0.0,0.0,0.0,0.0,0.0,0.0,2.0,2.0,2.0,2.0,2.0,2.0,2.0,2.0
15659,,55.711604,9.536352,1200,1650,137.031,0.239,1,,,,,,,64.756,24.928,24.928,24.928,24.928,24.928,24.928,24.928,0.0,1.0,1.0,2.0,2.0,2.0,2.0,3.0,3.0,10.0,12.0,18.0,21.0,21.0,23.0,29.0,0.0,0.0,0.0,0.0,0.0,0.0,0.0,0.0,,,,,,,,,0.0,0.0,0.0,0.0,0.0,0.0,0.0,0.0,0.0,0.0,0.0,0.0,0.0,0.0,0.0,0.0,0.0,0.0,0.0,0.0,0.0,0.0,0.0,0.0,0.0,0.0,0.0,0.0,0.0,0.0,0.0,0.0,0.0,0.0,0.0,0.0,0.0,0.0,0.0,0.0,2.0,2.0,2.0,2.0,2.0,2.0,2.0,2.0
15681,,55.25000480440746,9.48801988335116,1250,1650,85.684,0.065,1,,,,,,,46.776,26.726,26.726,26.726,26.726,26.726,26.726,26.726,1.0,3.0,3.0,4.0,5.0,5.0,5.0,6.0,1.0,5.0,6.0,8.0,12.0,12.0,18.0,22.0,0.0,0.0,0.0,0.0,0.0,0.0,0.0,0.0,,,,,,,,,0.0,0.0,0.0,0.0,0.0,0.0,0.0,0.0,0.0,0.0,0.0,0.0,0.0,0.0,0.0,0.0,0.0,0.0,0.0,0.0,0.0,0.0,0.0,0.0,0.0,0.0,0.0,0.0,0.0,0.0,0.0,0.0,0.0,0.0,0.0,0.0,0.0,0.0,0.0,0.0,2.0,2.0,2.0,2.0,2.0,2.0,2.0,2.0
15712,,55.504548,9.735206,1300,1650,116.351,0.184,1,,,,,,,64.472,16.539,16.539,16.539,16.539,16.539,16.539,16.539,0.0,2.0,2.0,3.0,3.0,3.0,5.0,7.0,2.0,6.0,7.0,9.0,10.0,11.0,15.0,23.0,0.0,0.0,0.0,0.0,0.0,0.0,0.0,0.0,,,,,,,,,0.0,0.0,0.0,0.0,0.0,0.0,0.0,0.0,0.0,0.0,0.0,0.0,0.0,0.0,0.0,0.0,0.0,0.0,0.0,0.0,0.0,0.0,0.0,0.0,0.0,0.0,0.0,0.0,0.0,0.0,0.0,0.0,0.0,0.0,0.0,0.0,0.0,0.0,0.0,0.0,2.0,2.0,2.0,2.0,2.0,2.0,2.0,2.0
15685,,55.269993,9.896332,1200,1650,94.664,0.073,1,,,,,,,72.088,29.29,29.29,29.29,29.29,29.29,29.29,29.29,0.0,3.0,4.0,5.0,5.0,5.0,7.0,9.0,1.0,5.0,6.0,8.0,9.0,12.0,18.0,27.0,0.0,0.0,0.0,0.0,0.0,0.0,0.0,0.0,,,,,,,,,0.0,0.0,0.0,0.0,0.0,0.0,0.0,0.0,0.0,0.0,0.0,0.0,1.0,1.0,1.0,1.0,0.0,0.0,0.0,0.0,0.0,0.0,0.0,0.0,0.0,0.0,0.0,0.0,0.0,0.0,0.0,0.0,0.0,0.0,0.0,0.0,0.0,0.0,0.0,0.0,2.0,2.0,2.0,2.0,3.0,3.0,3.0,3.0
15694,,55.861998,9.845542,1150,1650,128.88,0.2,1,,,,,,,39.858,39.858,39.858,39.858,39.858,39.858,39.858,39.858,1.0,2.0,2.0,3.0,3.0,3.0,3.0,4.0,3.0,10.0,12.0,17.0,20.0,20.0,24.0,34.0,0.0,0.0,0.0,0.0,0.0,0.0,0.0,0.0,,,,,,,,,0.0,0.0,0.0,0.0,0.0,0.0,0.0,0.0,0.0,0.0,0.0,0.0,0.0,0.0,0.0,0.0,0.0,0.0,0.0,0.0,0.0,0.0,0.0,0.0,0.0,0.0,0.0,0.0,0.0,0.0,0.0,0.0,0.0,0.0,0.0,0.0,0.0,0.0,0.0,0.0,2.0,2.0,2.0,2.0,2.0,2.0,2.0,2.0
1521,Dordrecht,51.81514,4.667133,1220,1650,0.294,0.018,1,8000.0,8000.0,10000.0,10000.0,18000.0,20000.0,18.31,6.051,6.051,6.051,6.051,6.051,6.051,6.051,9.0,15.0,18.0,19.0,22.0,24.0,24.0,23.0,17.0,32.0,36.0,44.0,53.0,56.0,56.0,55.0,0.0,0.0,0.0,0.0,0.0,0.0,0.0,0.0,,,,,,,,,1.0,1.0,1.0,1.0,1.0,1.0,1.0,1.0,1.0,1.0,1.0,1.0,1.0,1.0,1.0,1.0,0.0,0.0,0.0,0.0,0.0,0.0,0.0,0.0,0.0,0.0,0.0,0.0,0.0,0.0,0.0,0.0,0.0,1.0,1.0,1.0,1.0,1.0,1.0,1.0,3.0,3.0,3.0,3.0,3.0,3.0,3.0,3.0
15749,,55.27005470298344,9.90079591012785,1200,1650,94.782,0.356,0,,,,,,,72.369,29.083,29.083,29.083,29.083,29.083,29.083,29.083,0.0,3.0,4.0,5.0,5.0,5.0,7.0,9.0,1.0,5.0,6.0,8.0,9.0,12.0,18.0,27.0,0.0,0.0,0.0,0.0,0.0,0.0,0.0,0.0,,,,,,,,,0.0,0.0,0.0,0.0,0.0,0.0,0.0,0.0,0.0,0.0,0.0,0.0,1.0,1.0,1.0,1.0,0.0,0.0,0.0,0.0,0.0,0.0,0.0,0.0,0.0,0.0,0.0,0.0,0.0,0.0,0.0,0.0,0.0,0.0,0.0,0.0,0.0,0.0,0.0,0.0,1.0,2.0,2.0,2.0,3.0,3.0,3.0,3.0
15775,,56.46124890851377,10.039667608725022,1200,1650,74.658,0.096,1,,,,,,,35.406,0.191,0.191,0.191,0.191,0.191,0.191,0.191,1.0,4.0,5.0,6.0,8.0,8.0,10.0,13.0,2.0,6.0,8.0,11.0,14.0,17.0,16.0,20.0,0.0,0.0,0.0,0.0,0.0,0.0,0.0,0.0,,,,,,,,,0.0,0.0,0.0,0.0,0.0,0.0,0.0,0.0,0.0,0.0,0.0,0.0,0.0,0.0,0.0,0.0,0.0,0.0,0.0,0.0,0.0,0.0,0.0,0.0,0.0,0.0,0.0,0.0,0.0,0.0,0.0,0.0,0.0,0.0,0.0,0.0,0.0,0.0,0.0,0.0,2.0,2.0,2.0,2.0,2.0,2.0,2.0,2.0
15788,,56.15757995965645,10.207330623203768,1300,1650,108.059,0.022,1,,,,,,,0.146,0.146,0.146,0.146,0.146,0.146,0.146,0.146,1.0,3.0,3.0,3.0,5.0,5.0,5.0,5.0,1.0,8.0,9.0,11.0,12.0,13.0,17.0,25.0,0.0,0.0,0.0,0.0,0.0,0.0,0.0,0.0,,,,,,,,,0.0,0.0,0.0,0.0,0.0,0.0,0.0,0.0,0.0,0.0,0.0,0.0,0.0,0.0,0.0,0.0,0.0,0.0,0.0,0.0,0.0,0.0,0.0,0.0,0.0,0.0,0.0,0.0,0.0,0.0,0.0,0.0,0.0,0.0,0.0,0.0,0.0,0.0,0.0,0.0,2.0,2.0,2.0,2.0,2.0,2.0,2.0,2.0
15789,,56.157495765332705,10.208014889955631,1300,1650,108.09,0.022,1,,,,,,,0.104,0.104,0.104,0.104,0.104,0.104,0.104,0.104,1.0,3.0,3.0,3.0,5.0,5.0,5.0,5.0,1.0,8.0,9.0,11.0,12.0,13.0,17.0,25.0,0.0,0.0,0.0,0.0,0.0,0.0,0.0,0.0,,,,,,,,,0.0,0.0,0.0,0.0,0.0,0.0,0.0,0.0,0.0,0.0,0.0,0.0,0.0,0.0,0.0,0.0,0.0,0.0,0.0,0.0,0.0,0.0,0.0,0.0,0.0,0.0,0.0,0.0,0.0,0.0,0.0,0.0,0.0,0.0,0.0,0.0,0.0,0.0,0.0,0.0,2.0,2.0,2.0,2.0,2.0,2.0,2.0,2.0
15793,,55.09674709320171,10.239984091511149,1200,1650,89.913,0.095,1,,,,,,,97.221,0.191,0.191,0.191,0.191,0.191,0.191,0.191,0.0,2.0,3.0,4.0,4.0,4.0,6.0,9.0,1.0,5.0,7.0,11.0,18.0,19.0,28.0,37.0,0.0,0.0,0.0,0.0,0.0,0.0,0.0,0.0,,,,,,,,,0.0,0.0,0.0,0.0,0.0,0.0,0.0,0.0,0.0,0.0,0.0,0.0,0.0,0.0,0.0,0.0,0.0,0.0,0.0,0.0,0.0,0.0,0.0,0.0,0.0,0.0,0.0,0.0,0.0,0.0,0.0,0.0,0.0,0.0,0.0,0.0,0.0,0.0,0.0,0.0,2.0,2.0,2.0,2.0,2.0,2.0,2.0,2.0
15807,,55.39791433409059,10.394736423096836,1000,1650,122.431,0.08,1,,,,,,,85.208,0.359,0.359,0.359,0.359,0.359,0.359,0.359,0.0,2.0,3.0,4.0,4.0,5.0,9.0,14.0,1.0,6.0,7.0,11.0,11.0,15.0,21.0,31.0,0.0,0.0,0.0,0.0,0.0,0.0,0.0,0.0,,,,,,,,,0.0,0.0,0.0,0.0,0.0,0.0,0.0,0.0,0.0,0.0,0.0,0.0,0.0,0.0,0.0,0.0,0.0,0.0,0.0,0.0,0.0,0.0,0.0,0.0,0.0,0.0,0.0,0.0,0.0,0.0,0.0,0.0,0.0,0.0,0.0,0.0,0.0,0.0,0.0,0.0,2.0,2.0,2.0,2.0,2.0,2.0,2.0,2.0
15774,,56.45928,10.0363,1200,1650,74.693,0.081,1,,,,,,,35.26,0.163,0.163,0.163,0.163,0.163,0.163,0.163,1.0,4.0,5.0,6.0,8.0,8.0,10.0,13.0,2.0,6.0,8.0,11.0,14.0,17.0,16.0,20.0,0.0,0.0,0.0,0.0,0.0,0.0,0.0,0.0,,,,,,,,,0.0,0.0,0.0,0.0,0.0,0.0,0.0,0.0,0.0,0.0,0.0,0.0,0.0,0.0,0.0,0.0,0.0,0.0,0.0,0.0,0.0,0.0,0.0,0.0,0.0,0.0,0.0,0.0,0.0,0.0,0.0,0.0,0.0,0.0,0.0,0.0,0.0,0.0,0.0,0.0,2.0,2.0,2.0,2.0,2.0,2.0,2.0,2.0
15790,,56.16042911791912,10.213436031563464,1300,1650,107.997,0.042,1,,,,,,,0.443,0.443,0.443,0.443,0.443,0.443,0.443,0.443,1.0,3.0,3.0,3.0,5.0,5.0,5.0,6.0,1.0,8.0,9.0,11.0,12.0,13.0,17.0,25.0,0.0,0.0,0.0,0.0,0.0,0.0,0.0,0.0,,,,,,,,,0.0,0.0,0.0,0.0,0.0,0.0,0.0,0.0,0.0,0.0,0.0,0.0,0.0,0.0,0.0,0.0,0.0,0.0,0.0,0.0,0.0,0.0,0.0,0.0,0.0,0.0,0.0,0.0,0.0,0.0,0.0,0.0,0.0,0.0,0.0,0.0,0.0,0.0,0.0,0.0,2.0,2.0,2.0,2.0,2.0,2.0,2.0,2.0
15780,,56.160989,10.212527,1300,1650,107.914,0.042,1,,,,,,,0.472,0.472,0.472,0.472,0.472,0.472,0.472,0.472,1.0,3.0,3.0,3.0,5.0,5.0,5.0,6.0,1.0,8.0,9.0,11.0,12.0,13.0,17.0,25.0,0.0,0.0,0.0,0.0,0.0,0.0,0.0,0.0,,,,,,,,,0.0,0.0,0.0,0.0,0.0,0.0,0.0,0.0,0.0,0.0,0.0,0.0,0.0,0.0,0.0,0.0,0.0,0.0,0.0,0.0,0.0,0.0,0.0,0.0,0.0,0.0,0.0,0.0,0.0,0.0,0.0,0.0,0.0,0.0,0.0,0.0,0.0,0.0,0.0,0.0,2.0,2.0,2.0,2.0,2.0,2.0,2.0,2.0
15853,,55.68094203942527,11.08728460759992,1200,1650,172.111,0.103,1,,,,,,,76.121,39.427,39.427,39.427,39.427,39.135,39.135,0.207,0.0,2.0,2.0,3.0,3.0,5.0,7.0,15.0,3.0,7.0,11.0,16.0,16.0,20.0,26.0,35.0,0.0,0.0,0.0,0.0,0.0,0.0,0.0,0.0,,,,,,,,,0.0,0.0,0.0,0.0,0.0,0.0,0.0,0.0,0.0,0.0,0.0,0.0,0.0,0.0,0.0,0.0,0.0,0.0,0.0,0.0,0.0,0.0,0.0,0.0,0.0,0.0,0.0,0.0,0.0,0.0,0.0,0.0,0.0,0.0,0.0,0.0,0.0,0.0,0.0,0.0,2.0,2.0,2.0,2.0,2.0,2.0,2.0,2.0
15888,,55.008150971204984,11.911996323421649,1200,1650,111.633,0.047,1,,,,,,,0.095,0.095,0.095,0.095,0.095,0.095,0.095,0.095,1.0,2.0,3.0,7.0,7.0,7.0,9.0,7.0,2.0,5.0,8.0,13.0,13.0,16.0,20.0,27.0,0.0,0.0,0.0,0.0,0.0,0.0,0.0,0.0,,,,,,,,,0.0,0.0,0.0,0.0,0.0,0.0,0.0,0.0,0.0,0.0,0.0,0.0,0.0,0.0,0.0,0.0,0.0,0.0,0.0,0.0,0.0,0.0,0.0,0.0,0.0,0.0,0.0,0.0,0.0,0.0,0.0,0.0,0.0,0.0,0.0,0.0,0.0,0.0,0.0,0.0,2.0,2.0,2.0,2.0,2.0,2.0,2.0,2.0
15902,,55.4020862,11.3535174,1240,1650,155.791,0.029,1,,,,,,,56.282,41.728,41.728,27.907,27.907,15.885,15.885,15.885,0.0,1.0,1.0,4.0,4.0,5.0,9.0,16.0,3.0,9.0,13.0,18.0,18.0,22.0,26.0,34.0,0.0,0.0,0.0,0.0,0.0,0.0,0.0,0.0,,,,,,,,,0.0,0.0,0.0,0.0,0.0,0.0,0.0,0.0,0.0,0.0,0.0,0.0,0.0,0.0,0.0,0.0,0.0,0.0,0.0,0.0,0.0,0.0,0.0,0.0,0.0,0.0,0.0,0.0,0.0,0.0,0.0,0.0,0.0,0.0,0.0,0.0,0.0,0.0,0.0,0.0,2.0,2.0,2.0,2.0,2.0,2.0,2.0,2.0
15903,,55.4023771,11.3542922,1240,1650,155.847,0.023,1,,,,,,,56.277,41.675,41.675,27.853,27.853,15.943,15.943,15.943,0.0,1.0,1.0,4.0,4.0,5.0,9.0,16.0,3.0,9.0,13.0,18.0,18.0,22.0,26.0,34.0,0.0,0.0,0.0,0.0,0.0,0.0,0.0,0.0,,,,,,,,,0.0,0.0,0.0,0.0,0.0,0.0,0.0,0.0,0.0,0.0,0.0,0.0,0.0,0.0,0.0,0.0,0.0,0.0,0.0,0.0,0.0,0.0,0.0,0.0,0.0,0.0,0.0,0.0,0.0,0.0,0.0,0.0,0.0,0.0,0.0,0.0,0.0,0.0,0.0,0.0,2.0,2.0,2.0,2.0,2.0,2.0,2.0,2.0
15931,,54.66694320366299,11.728702639727787,1286,1650,77.313,0.188,1,,,,,,,39.688,31.987,31.987,31.987,31.987,31.987,31.987,31.987,1.0,2.0,3.0,5.0,5.0,7.0,8.0,8.0,1.0,2.0,6.0,11.0,14.0,19.0,29.0,33.0,0.0,0.0,0.0,0.0,0.0,0.0,0.0,0.0,,,,,,,,,0.0,0.0,0.0,0.0,0.0,0.0,0.0,0.0,0.0,0.0,0.0,0.0,0.0,0.0,0.0,0.0,0.0,0.0,0.0,0.0,0.0,0.0,0.0,0.0,0.0,0.0,0.0,0.0,0.0,0.0,0.0,0.0,0.0,0.0,0.0,0.0,0.0,0.0,0.0,0.0,2.0,2.0,2.0,2.0,2.0,2.0,2.0,2.0
8583,Wolfhagen,51.324889,9.168362,1264,1650,23.171,1.599,1,,,,,,,52.062,23.439,18.304,18.304,18.304,18.304,18.304,18.304,0.0,3.0,8.0,10.0,10.0,10.0,10.0,10.0,11.0,37.0,51.0,56.0,69.0,73.0,88.0,98.0,0.0,0.0,0.0,0.0,0.0,0.0,0.0,0.0,,,,,,,,,0.0,0.0,0.0,0.0,0.0,0.0,0.0,0.0,0.0,0.0,0.0,0.0,0.0,0.0,0.0,0.0,0.0,0.0,0.0,0.0,0.0,0.0,0.0,0.0,0.0,0.0,0.0,0.0,0.0,0.0,0.0,0.0,0.0,0.0,0.0,0.0,0.0,0.0,0.0,0.0,2.0,2.0,2.0,2.0,2.0,2.0,2.0,2.0
15967,,55.641094752631126,12.083127568154072,1000,1650,181.146,0.046,1,,,,,,,34.803,24.702,0.174,0.174,0.174,0.174,0.174,0.174,1.0,4.0,6.0,8.0,8.0,9.0,10.0,11.0,3.0,9.0,12.0,17.0,17.0,20.0,22.0,28.0,0.0,0.0,0.0,0.0,0.0,0.0,0.0,0.0,,,,,,,,,0.0,0.0,0.0,0.0,0.0,0.0,0.0,0.0,0.0,0.0,0.0,0.0,0.0,0.0,0.0,0.0,0.0,0.0,0.0,0.0,0.0,0.0,0.0,0.0,0.0,0.0,0.0,0.0,0.0,0.0,0.0,0.0,0.0,0.0,0.0,0.0,0.0,0.0,0.0,0.0,2.0,2.0,2.0,2.0,2.0,2.0,2.0,2.0
15968,,55.64063730295966,12.07586448604222,1000,1650,181.103,0.143,1,,,,,,,34.96,24.293,0.286,0.286,0.286,0.286,0.286,0.286,1.0,4.0,6.0,8.0,8.0,9.0,10.0,11.0,3.0,9.0,12.0,17.0,17.0,20.0,22.0,28.0,0.0,0.0,0.0,0.0,0.0,0.0,0.0,0.0,,,,,,,,,0.0,0.0,0.0,0.0,0.0,0.0,0.0,0.0,0.0,0.0,0.0,0.0,0.0,0.0,0.0,0.0,0.0,0.0,0.0,0.0,0.0,0.0,0.0,0.0,0.0,0.0,0.0,0.0,0.0,0.0,0.0,0.0,0.0,0.0,0.0,0.0,0.0,0.0,0.0,0.0,2.0,2.0,2.0,2.0,2.0,2.0,2.0,2.0
15969,,55.641106841869394,12.084591633821514,1000,1650,181.146,0.046,1,,,,,,,34.78,24.788,0.265,0.265,0.265,0.265,0.265,0.265,1.0,4.0,6.0,8.0,8.0,9.0,10.0,11.0,3.0,9.0,12.0,17.0,17.0,20.0,22.0,28.0,0.0,0.0,0.0,0.0,0.0,0.0,0.0,0.0,,,,,,,,,0.0,0.0,0.0,0.0,0.0,0.0,0.0,0.0,0.0,0.0,0.0,0.0,0.0,0.0,0.0,0.0,0.0,0.0,0.0,0.0,0.0,0.0,0.0,0.0,0.0,0.0,0.0,0.0,0.0,0.0,0.0,0.0,0.0,0.0,0.0,0.0,0.0,0.0,0.0,0.0,2.0,2.0,2.0,2.0,2.0,2.0,2.0,2.0
15951,,55.253694,11.292154,1240,1650,140.823,0.025,1,,,,,,,47.86,47.86,47.86,32.29,32.29,13.015,13.015,13.015,1.0,1.0,2.0,7.0,7.0,10.0,14.0,19.0,2.0,8.0,12.0,17.0,17.0,21.0,27.0,35.0,0.0,0.0,0.0,0.0,0.0,0.0,0.0,0.0,,,,,,,,,0.0,0.0,0.0,0.0,0.0,0.0,0.0,0.0,0.0,0.0,0.0,0.0,0.0,0.0,0.0,0.0,0.0,0.0,0.0,0.0,0.0,0.0,0.0,0.0,0.0,0.0,0.0,0.0,0.0,0.0,0.0,0.0,0.0,0.0,0.0,0.0,0.0,0.0,0.0,0.0,2.0,2.0,2.0,2.0,2.0,2.0,2.0,2.0
338,Attendorn,51.126049,7.903323,1222,1650,60.414,2.548,1,,,,,,,51.624,51.624,51.624,51.624,51.624,51.624,51.624,51.624,0.0,0.0,0.0,0.0,0.0,0.0,0.0,0.0,18.0,22.0,31.0,35.0,40.0,42.0,50.0,51.0,0.0,0.0,0.0,0.0,0.0,0.0,0.0,0.0,,,,,,,,,0.0,0.0,0.0,0.0,0.0,0.0,0.0,0.0,0.0,0.0,0.0,0.0,0.0,0.0,0.0,0.0,0.0,0.0,0.0,0.0,0.0,0.0,0.0,0.0,0.0,0.0,0.0,0.0,0.0,0.0,0.0,0.0,0.0,0.0,0.0,0.0,0.0,0.0,0.0,0.0,1.0,1.0,1.0,1.0,1.0,1.0,1.0,1.0
18414,,49.998383,8.272887,297,1650,0.71,0.069,1,,,,,,,31.764,31.764,31.764,31.764,31.764,31.764,31.764,31.764,1.0,2.0,2.0,2.0,2.0,2.0,2.0,2.0,5.0,7.0,7.0,7.0,7.0,7.0,9.0,9.0,0.0,0.0,0.0,0.0,0.0,0.0,0.0,0.0,,,,,,,,,0.0,0.0,0.0,0.0,0.0,0.0,0.0,0.0,0.0,0.0,0.0,0.0,1.0,1.0,1.0,1.0,0.0,0.0,0.0,0.0,0.0,0.0,0.0,0.0,0.0,0.0,0.0,0.0,0.0,0.0,0.0,0.0,0.0,0.0,0.0,0.0,0.0,0.0,0.0,0.0,2.0,2.0,2.0,2.0,3.0,3.0,3.0,3.0
366,Babenhausen,49.962245,8.952945,1295,1650,9.188,3.38,1,,,,,,,25.404,25.404,25.404,25.404,25.404,25.404,25.404,25.404,1.0,3.0,3.0,3.0,3.0,3.0,5.0,5.0,5.0,10.0,10.0,10.0,10.0,10.0,12.0,12.0,0.0,0.0,0.0,0.0,0.0,0.0,0.0,0.0,,,,,,,,,0.0,0.0,0.0,0.0,0.0,0.0,0.0,0.0,0.0,0.0,0.0,0.0,0.0,0.0,0.0,0.0,0.0,0.0,0.0,0.0,0.0,0.0,0.0,0.0,0.0,0.0,0.0,0.0,0.0,0.0,0.0,0.0,0.0,0.0,0.0,0.0,0.0,0.0,0.0,0.0,1.0,2.0,2.0,2.0,2.0,2.0,2.0,2.0
19485,Kippenbrug,52.160242,4.488811,1266,1650,0.508,0.031,1,,,,,,,43.681,0.217,0.217,0.217,0.217,0.217,0.217,0.217,4.0,11.0,12.0,12.0,13.0,15.0,15.0,14.0,15.0,26.0,31.0,40.0,46.0,49.0,49.0,48.0,0.0,0.0,0.0,0.0,0.0,0.0,0.0,0.0,,,,,,,,,0.0,0.0,0.0,0.0,0.0,0.0,0.0,0.0,0.0,0.0,0.0,0.0,0.0,0.0,0.0,0.0,0.0,1.0,1.0,1.0,1.0,1.0,1.0,1.0,0.0,0.0,0.0,0.0,0.0,0.0,0.0,0.0,0.0,0.0,0.0,0.0,0.0,0.0,0.0,0.0,2.0,2.0,2.0,2.0,2.0,2.0,2.0,2.0
516,Belecke,51.484286,8.339095,1296,1650,49.815,0.26,1,,,,,,,18.862,18.862,18.862,18.862,18.862,18.862,18.862,18.862,3.0,3.0,3.0,5.0,6.0,8.0,12.0,12.0,24.0,39.0,47.0,52.0,58.0,59.0,74.0,75.0,0.0,0.0,0.0,0.0,0.0,0.0,0.0,0.0,,,,,,,,,0.0,0.0,0.0,0.0,0.0,0.0,0.0,0.0,0.0,0.0,0.0,0.0,0.0,0.0,0.0,0.0,0.0,0.0,0.0,0.0,0.0,0.0,0.0,0.0,0.0,0.0,0.0,0.0,0.0,0.0,0.0,0.0,0.0,0.0,0.0,0.0,0.0,0.0,0.0,0.0,2.0,2.0,2.0,2.0,2.0,2.0,2.0,2.0
12452,Haven,52.161519,4.501988,1266,1650,0.408,0.361,1,,,,,,,42.82,0.885,0.885,0.885,0.885,0.885,0.885,0.885,4.0,11.0,12.0,12.0,13.0,15.0,15.0,14.0,17.0,28.0,33.0,42.0,49.0,52.0,52.0,51.0,0.0,0.0,0.0,0.0,0.0,0.0,0.0,0.0,,,,,,,,,0.0,0.0,0.0,0.0,0.0,0.0,0.0,0.0,0.0,0.0,0.0,0.0,0.0,0.0,0.0,0.0,0.0,0.0,0.0,0.0,0.0,0.0,0.0,0.0,0.0,0.0,0.0,0.0,0.0,0.0,0.0,0.0,0.0,0.0,0.0,0.0,0.0,0.0,1.0,1.0,2.0,2.0,2.0,2.0,2.0,2.0,2.0,2.0
1,Northeim,51.705568,10.00041,1252,1650,32.291,0.26,1,,,,,,,33.534,0.0,0.0,0.0,0.0,0.0,0.0,0.0,8.0,18.0,25.0,28.0,36.0,37.0,44.0,51.0,23.0,55.0,78.0,87.0,100.0,106.0,131.0,148.0,0.0,1.0,1.0,1.0,1.0,1.0,1.0,1.0,,local,local,local,local,local,local,local,1.0,1.0,1.0,1.0,1.0,1.0,1.0,1.0,0.0,0.0,0.0,0.0,0.0,0.0,0.0,0.0,0.0,0.0,0.0,0.0,0.0,0.0,0.0,0.0,0.0,0.0,0.0,0.0,0.0,0.0,0.0,0.0,0.0,0.0,0.0,0.0,0.0,0.0,0.0,0.0,2.0,2.0,2.0,2.0,2.0,2.0,2.0,2.0
17,,51.41919,9.6528,1183,1650,4.148,0.03,1,,,,,,,43.685,15.393,15.393,15.393,15.393,15.393,15.393,15.393,3.0,15.0,27.0,30.0,34.0,34.0,40.0,45.0,17.0,46.0,60.0,67.0,80.0,85.0,107.0,117.0,0.0,0.0,0.0,0.0,0.0,0.0,0.0,0.0,,,,,,,,,0.0,0.0,0.0,0.0,0.0,0.0,0.0,0.0,1.0,1.0,1.0,1.0,1.0,1.0,1.0,1.0,0.0,1.0,1.0,1.0,1.0,1.0,1.0,1.0,0.0,0.0,0.0,0.0,0.0,0.0,0.0,0.0,0.0,0.0,0.0,0.0,0.0,0.0,0.0,0.0,3.0,3.0,3.0,3.0,3.0,3.0,3.0,3.0
18,Hann. Münden,51.417743,9.65191,1183,1650,4.0,0.062,1,,,,,,,43.805,15.232,15.232,15.232,15.232,15.232,15.232,15.232,3.0,15.0,27.0,30.0,34.0,34.0,40.0,45.0,17.0,46.0,60.0,67.0,80.0,85.0,107.0,117.0,0.0,0.0,0.0,0.0,0.0,0.0,0.0,0.0,,,,,,,,,0.0,0.0,0.0,0.0,0.0,0.0,0.0,0.0,1.0,1.0,1.0,1.0,1.0,1.0,1.0,1.0,0.0,0.0,0.0,0.0,0.0,0.0,0.0,0.0,0.0,0.0,0.0,0.0,0.0,0.0,0.0,0.0,0.0,0.0,0.0,0.0,0.0,0.0,0.0,0.0,3.0,3.0,3.0,3.0,3.0,3.0,3.0,3.0
626,Bytom,50.346983,18.923447,1254,1650,255.927,2.737,0,,,,,,,472.716,247.118,247.118,247.118,247.118,247.118,247.118,247.118,0.0,0.0,0.0,0.0,0.0,0.0,0.0,0.0,0.0,0.0,0.0,0.0,0.0,0.0,0.0,0.0,0.0,0.0,0.0,0.0,0.0,0.0,0.0,0.0,,,,,,,,,0.0,0.0,0.0,0.0,0.0,0.0,0.0,0.0,0.0,0.0,0.0,0.0,0.0,0.0,0.0,0.0,0.0,0.0,0.0,0.0,0.0,0.0,0.0,0.0,0.0,0.0,0.0,0.0,0.0,0.0,0.0,0.0,0.0,0.0,0.0,0.0,0.0,0.0,0.0,0.0,1.0,1.0,1.0,1.0,1.0,1.0,1.0,1.0
11910,Hulst,51.280035,4.053671,1180,1650,4.335,0.198,1,,,,,,,42.038,2.036,2.036,2.036,2.036,2.036,2.036,2.036,1.0,7.0,7.0,6.0,8.0,8.0,8.0,8.0,5.0,16.0,18.0,17.0,19.0,20.0,20.0,20.0,0.0,0.0,0.0,0.0,0.0,0.0,0.0,0.0,,,,,,,,,0.0,1.0,1.0,1.0,1.0,1.0,1.0,1.0,0.0,0.0,0.0,0.0,0.0,0.0,0.0,0.0,0.0,0.0,0.0,0.0,0.0,0.0,0.0,0.0,0.0,0.0,0.0,0.0,0.0,0.0,0.0,0.0,0.0,0.0,0.0,0.0,0.0,0.0,0.0,0.0,2.0,2.0,2.0,2.0,2.0,2.0,2.0,2.0
647,Biedenkopf,50.911357,8.530669,1254,1650,74.329,1.603,1,,,,,,,79.244,79.244,77.293,77.293,77.293,77.293,77.293,77.293,0.0,0.0,0.0,0.0,0.0,0.0,0.0,0.0,11.0,19.0,25.0,27.0,29.0,31.0,38.0,38.0,0.0,0.0,0.0,0.0,0.0,0.0,0.0,0.0,,,,,,,,,0.0,0.0,0.0,0.0,0.0,0.0,0.0,0.0,0.0,0.0,0.0,0.0,0.0,0.0,0.0,0.0,0.0,0.0,0.0,0.0,0.0,0.0,0.0,0.0,0.0,0.0,0.0,0.0,0.0,0.0,0.0,0.0,0.0,0.0,0.0,0.0,0.0,0.0,0.0,0.0,2.0,2.0,2.0,2.0,2.0,2.0,2.0,2.0
50,Einbeck,51.81823,9.86698,1279,1650,30.714,0.096,1,2000.0,3000.0,7000.0,5000.0,4000.0,4000.0,18.992,0.0,0.0,0.0,0.0,0.0,0.0,0.0,8.0,20.0,27.0,30.0,34.0,35.0,41.0,45.0,23.0,52.0,78.0,87.0,102.0,105.0,131.0,148.0,0.0,1.0,1.0,1.0,1.0,1.0,1.0,1.0,,local,local,local,local,local,local,local,0.0,0.0,0.0,1.0,1.0,1.0,1.0,1.0,0.0,0.0,0.0,0.0,0.0,0.0,0.0,0.0,0.0,0.0,0.0,0.0,0.0,0.0,0.0,0.0,0.0,0.0,0.0,0.0,0.0,0.0,0.0,0.0,0.0,0.0,0.0,0.0,0.0,0.0,0.0,0.0,2.0,2.0,2.0,2.0,2.0,2.0,2.0,2.0
59,Heilbad Heiligenstadt,51.37845,10.137951,1227,1650,16.472,0.058,1,,,,,,,46.655,0.0,0.0,0.0,0.0,0.0,0.0,0.0,5.0,16.0,23.0,26.0,31.0,33.0,36.0,44.0,21.0,52.0,65.0,75.0,90.0,100.0,123.0,135.0,0.0,1.0,1.0,1.0,1.0,1.0,1.0,1.0,,local,local,local,local,local,local,local,1.0,1.0,1.0,1.0,1.0,1.0,1.0,1.0,0.0,0.0,0.0,0.0,0.0,0.0,0.0,0.0,0.0,0.0,0.0,0.0,0.0,0.0,0.0,0.0,0.0,0.0,0.0,0.0,0.0,0.0,0.0,0.0,0.0,0.0,0.0,0.0,0.0,0.0,0.0,0.0,2.0,2.0,2.0,2.0,2.0,2.0,2.0,2.0
65,Aachen,50.776489,6.083815,1166,1650,27.373,0.079,1,18000.0,10000.0,18000.0,20000.0,23000.0,19000.0,28.854,28.854,28.854,28.854,28.854,14.184,14.184,14.184,5.0,8.0,11.0,13.0,14.0,15.0,15.0,15.0,15.0,23.0,29.0,35.0,39.0,40.0,41.0,41.0,0.0,0.0,0.0,0.0,0.0,0.0,0.0,0.0,,,,,,,,,0.0,0.0,0.0,0.0,0.0,0.0,0.0,0.0,0.0,0.0,0.0,0.0,0.0,0.0,0.0,0.0,0.0,0.0,0.0,0.0,0.0,0.0,0.0,0.0,0.0,0.0,0.0,0.0,0.0,0.0,0.0,0.0,0.0,0.0,0.0,0.0,0.0,0.0,0.0,0.0,2.0,2.0,2.0,2.0,2.0,2.0,2.0,2.0
12522,,51.888388,11.183513,1267,1650,39.104,0.277,1,,,,,,,9.05,9.05,9.05,9.05,9.05,9.05,9.05,0.814,4.0,7.0,8.0,15.0,16.0,21.0,28.0,33.0,15.0,40.0,56.0,76.0,97.0,109.0,137.0,154.0,0.0,0.0,0.0,0.0,0.0,0.0,0.0,0.0,,,,,,,,,0.0,1.0,1.0,1.0,1.0,1.0,1.0,1.0,0.0,0.0,0.0,0.0,0.0,0.0,0.0,0.0,0.0,1.0,1.0,1.0,1.0,1.0,1.0,1.0,0.0,0.0,0.0,0.0,0.0,0.0,0.0,0.0,0.0,0.0,0.0,0.0,0.0,0.0,0.0,0.0,2.0,2.0,2.0,2.0,2.0,2.0,2.0,2.0
69,Aalst (Vlaanderen),50.938341,4.039006,1174,1650,5.762,0.132,1,4000.0,4000.0,5000.0,6000.0,7000.0,7000.0,55.526,35.973,35.973,35.973,35.973,35.973,35.973,35.973,0.0,4.0,4.0,3.0,5.0,5.0,5.0,5.0,2.0,10.0,11.0,10.0,12.0,12.0,12.0,12.0,0.0,0.0,0.0,0.0,0.0,0.0,0.0,0.0,,,,,,,,,0.0,0.0,0.0,0.0,0.0,0.0,0.0,0.0,0.0,0.0,0.0,0.0,0.0,0.0,0.0,0.0,0.0,0.0,0.0,0.0,0.0,0.0,0.0,0.0,0.0,0.0,0.0,0.0,0.0,0.0,0.0,0.0,0.0,0.0,0.0,0.0,0.0,0.0,0.0,0.0,2.0,2.0,2.0,2.0,2.0,2.0,2.0,2.0
112,Aken,51.855297,12.044939,1271,1650,5.57,0.171,1,,,,,,,41.431,41.431,41.431,41.113,12.707,12.707,12.707,12.707,2.0,2.0,5.0,7.0,12.0,14.0,21.0,25.0,13.0,24.0,32.0,45.0,64.0,78.0,97.0,113.0,0.0,0.0,0.0,0.0,0.0,0.0,0.0,0.0,,,,,,,,,1.0,1.0,1.0,1.0,1.0,1.0,1.0,1.0,0.0,1.0,1.0,1.0,0.0,0.0,0.0,0.0,0.0,0.0,0.0,0.0,0.0,0.0,0.0,0.0,0.0,0.0,0.0,0.0,0.0,0.0,0.0,0.0,0.0,0.0,0.0,0.0,0.0,0.0,0.0,0.0,2.0,3.0,3.0,3.0,2.0,2.0,2.0,2.0
122,Alfeld ,51.987089,9.825358,1220,1650,24.365,0.158,1,,,,,,,0.0,0.0,0.0,0.0,0.0,0.0,0.0,0.0,8.0,20.0,26.0,28.0,33.0,34.0,42.0,49.0,19.0,46.0,72.0,81.0,96.0,97.0,123.0,136.0,1.0,1.0,1.0,1.0,1.0,1.0,1.0,1.0,local,local,local,local,local,local,local,local,0.0,0.0,0.0,0.0,0.0,0.0,0.0,0.0,0.0,0.0,0.0,0.0,0.0,0.0,0.0,0.0,0.0,0.0,0.0,0.0,0.0,0.0,0.0,0.0,0.0,0.0,0.0,0.0,0.0,0.0,0.0,0.0,0.0,0.0,0.0,0.0,0.0,0.0,0.0,0.0,2.0,2.0,2.0,2.0,2.0,2.0,2.0,2.0
142,Almelo,52.35587,6.665282,1157,1650,3.709,0.062,1,,,,,,,14.886,14.886,14.886,14.886,14.886,14.886,14.886,14.886,8.0,17.0,23.0,27.0,33.0,38.0,39.0,36.0,36.0,57.0,72.0,96.0,113.0,119.0,123.0,121.0,0.0,0.0,0.0,0.0,0.0,0.0,0.0,0.0,,,,,,,,,0.0,0.0,0.0,0.0,0.0,0.0,0.0,0.0,0.0,0.0,0.0,0.0,0.0,0.0,0.0,0.0,0.0,0.0,0.0,0.0,0.0,0.0,0.0,0.0,0.0,0.0,0.0,0.0,0.0,0.0,0.0,0.0,0.0,0.0,0.0,0.0,0.0,0.0,0.0,0.0,2.0,2.0,2.0,2.0,2.0,2.0,2.0,2.0
147,Alsfeld,50.750914,9.271114,1231,1650,36.195,0.097,1,,,,,,,50.543,35.893,35.893,35.893,35.893,35.893,35.893,35.893,0.0,3.0,3.0,3.0,3.0,3.0,3.0,3.0,13.0,27.0,38.0,38.0,47.0,49.0,56.0,62.0,0.0,0.0,0.0,0.0,0.0,0.0,0.0,0.0,,,,,,,,,0.0,0.0,0.0,0.0,0.0,0.0,0.0,0.0,0.0,0.0,0.0,0.0,0.0,0.0,0.0,0.0,0.0,0.0,0.0,0.0,0.0,0.0,0.0,0.0,0.0,0.0,0.0,0.0,0.0,0.0,0.0,0.0,0.0,0.0,0.0,0.0,0.0,0.0,0.0,0.0,2.0,2.0,2.0,2.0,2.0,2.0,2.0,2.0
175,Dąbie (Szczecin),53.396627,14.666529,1260,1650,10.284,0.192,1,,,,,,,114.866,114.866,48.185,48.185,48.185,48.185,21.45,21.45,0.0,0.0,1.0,1.0,2.0,4.0,5.0,5.0,0.0,0.0,1.0,1.0,2.0,4.0,5.0,6.0,0.0,0.0,0.0,0.0,0.0,0.0,0.0,0.0,,,,,,,,,0.0,1.0,1.0,1.0,1.0,1.0,1.0,1.0,0.0,0.0,0.0,0.0,0.0,0.0,0.0,0.0,0.0,0.0,0.0,0.0,0.0,0.0,0.0,0.0,0.0,0.0,0.0,0.0,0.0,0.0,0.0,0.0,0.0,0.0,0.0,0.0,0.0,0.0,0.0,0.0,2.0,2.0,2.0,2.0,2.0,2.0,2.0,2.0
244,Amersfoort,52.156362,5.389577,1259,1650,4.925,0.136,1,3000.0,2000.0,7000.0,6000.0,7000.0,9000.0,19.822,19.822,19.822,19.822,19.822,19.822,19.822,19.822,14.0,18.0,22.0,28.0,33.0,36.0,36.0,35.0,27.0,47.0,65.0,82.0,96.0,100.0,101.0,97.0,0.0,0.0,0.0,0.0,0.0,0.0,0.0,0.0,,,,,,,,,0.0,1.0,1.0,1.0,1.0,1.0,1.0,1.0,0.0,0.0,0.0,0.0,0.0,0.0,0.0,0.0,0.0,0.0,0.0,0.0,0.0,0.0,0.0,0.0,0.0,0.0,0.0,0.0,0.0,0.0,0.0,0.0,0.0,0.0,0.0,0.0,0.0,0.0,0.0,0.0,2.0,2.0,2.0,2.0,2.0,2.0,2.0,2.0
247,Amöneburg,50.797532,8.922945,1260,1650,56.791,0.903,1,,,,,,,65.964,60.912,60.912,60.912,60.912,60.912,60.912,60.912,0.0,0.0,0.0,0.0,0.0,0.0,0.0,0.0,8.0,16.0,21.0,21.0,21.0,23.0,30.0,34.0,0.0,0.0,0.0,0.0,0.0,0.0,0.0,0.0,,,,,,,,,0.0,0.0,0.0,0.0,0.0,0.0,0.0,0.0,0.0,0.0,0.0,0.0,0.0,0.0,0.0,0.0,0.0,0.0,0.0,0.0,0.0,0.0,0.0,0.0,0.0,0.0,0.0,0.0,0.0,0.0,0.0,0.0,0.0,0.0,0.0,0.0,0.0,0.0,0.0,0.0,2.0,2.0,2.0,2.0,2.0,2.0,2.0,2.0
19488,,56.795135,8.86366,1250,1650,30.546,0.115,1,,,,,,,50.88,33.416,33.416,33.416,0.229,0.229,0.229,0.229,0.0,3.0,3.0,3.0,4.0,4.0,4.0,4.0,2.0,9.0,11.0,15.0,18.0,18.0,20.0,23.0,0.0,0.0,0.0,0.0,0.0,0.0,0.0,0.0,,,,,,,,,0.0,0.0,0.0,0.0,0.0,0.0,0.0,0.0,0.0,0.0,0.0,0.0,0.0,0.0,0.0,0.0,0.0,0.0,0.0,0.0,0.0,0.0,0.0,0.0,0.0,0.0,0.0,0.0,0.0,0.0,0.0,0.0,1.0,1.0,1.0,1.0,1.0,1.0,1.0,1.0,2.0,2.0,2.0,2.0,2.0,2.0,2.0,2.0
999,Brilon,51.395534,8.567905,1220,1650,63.519,2.279,1,,,,,,,34.77,34.77,34.77,34.77,34.77,34.77,34.77,34.77,3.0,3.0,8.0,10.0,11.0,13.0,17.0,17.0,12.0,23.0,38.0,43.0,50.0,52.0,68.0,69.0,0.0,0.0,0.0,0.0,0.0,0.0,0.0,0.0,,,,,,,,,0.0,0.0,0.0,0.0,0.0,0.0,0.0,0.0,0.0,0.0,0.0,0.0,0.0,0.0,0.0,0.0,0.0,0.0,0.0,0.0,0.0,0.0,0.0,0.0,0.0,0.0,0.0,0.0,0.0,0.0,0.0,0.0,0.0,0.0,0.0,0.0,0.0,0.0,0.0,0.0,2.0,2.0,2.0,2.0,2.0,2.0,2.0,2.0
274,Aabenraa,55.042232,9.418897,1200,1650,62.231,0.222,1,,,,,,,52.432,49.936,49.936,49.936,49.936,49.936,49.936,49.936,0.0,1.0,1.0,2.0,2.0,2.0,2.0,3.0,1.0,5.0,6.0,10.0,18.0,16.0,26.0,30.0,0.0,0.0,0.0,0.0,0.0,0.0,0.0,0.0,,,,,,,,,0.0,0.0,0.0,0.0,0.0,0.0,0.0,0.0,0.0,0.0,0.0,0.0,0.0,0.0,0.0,0.0,0.0,0.0,0.0,0.0,0.0,0.0,0.0,0.0,0.0,0.0,0.0,0.0,0.0,0.0,0.0,0.0,1.0,1.0,1.0,1.0,1.0,1.0,1.0,1.0,2.0,2.0,2.0,2.0,2.0,2.0,2.0,2.0
285,Arendsee,52.881627,11.486042,1289,1650,19.016,0.113,1,,,,,,,35.583,33.385,22.703,22.703,22.703,22.703,22.703,22.703,1.0,3.0,8.0,11.0,16.0,16.0,19.0,20.0,7.0,13.0,27.0,35.0,43.0,46.0,68.0,75.0,0.0,0.0,0.0,0.0,0.0,0.0,0.0,0.0,,,,,,,,,0.0,0.0,0.0,0.0,0.0,0.0,0.0,0.0,0.0,0.0,0.0,0.0,0.0,0.0,0.0,0.0,0.0,0.0,0.0,0.0,0.0,0.0,0.0,0.0,0.0,0.0,0.0,0.0,0.0,0.0,0.0,0.0,0.0,0.0,0.0,0.0,0.0,0.0,0.0,0.0,2.0,2.0,2.0,2.0,2.0,2.0,2.0,2.0
322,Aschersleben,51.755573,11.455672,1266,1650,16.53,0.247,1,2000.0,1000.0,1000.0,1000.0,2000.0,3000.0,22.997,22.997,22.997,22.997,22.997,8.126,8.126,8.126,4.0,9.0,10.0,19.0,23.0,30.0,39.0,43.0,13.0,29.0,39.0,56.0,78.0,89.0,116.0,133.0,0.0,0.0,0.0,0.0,0.0,0.0,0.0,0.0,,,,,,,,,0.0,0.0,0.0,0.0,0.0,0.0,0.0,0.0,0.0,0.0,0.0,0.0,0.0,0.0,0.0,0.0,0.0,0.0,0.0,0.0,0.0,0.0,0.0,0.0,0.0,0.0,0.0,0.0,0.0,0.0,0.0,0.0,0.0,0.0,0.0,0.0,0.0,0.0,0.0,0.0,2.0,2.0,2.0,2.0,2.0,2.0,2.0,2.0
296,Arnhem,51.978705,5.910977,1233,1650,0.37,0.14,1,2000.0,3000.0,6000.0,5000.0,7000.0,7000.0,0.0,0.0,0.0,0.0,0.0,0.0,0.0,0.0,14.0,20.0,23.0,35.0,45.0,47.0,47.0,47.0,37.0,64.0,87.0,106.0,120.0,128.0,130.0,126.0,1.0,1.0,1.0,1.0,1.0,1.0,1.0,1.0,regional,regional,regional,regional,regional,regional,regional,regional,0.0,1.0,1.0,1.0,1.0,1.0,1.0,1.0,0.0,0.0,0.0,1.0,1.0,1.0,1.0,1.0,0.0,0.0,0.0,0.0,0.0,0.0,0.0,0.0,0.0,0.0,0.0,0.0,0.0,0.0,0.0,0.0,0.0,0.0,0.0,0.0,0.0,0.0,0.0,0.0,3.0,3.0,3.0,3.0,3.0,3.0,3.0,3.0
298,Arnsberg,51.397174,8.064169,1237,1650,39.158,0.187,1,,,,,,,19.73,19.73,19.73,19.73,19.73,19.73,19.73,19.73,4.0,4.0,5.0,7.0,7.0,8.0,10.0,10.0,24.0,33.0,40.0,44.0,52.0,54.0,65.0,66.0,0.0,0.0,0.0,0.0,0.0,0.0,0.0,0.0,,,,,,,,,0.0,0.0,0.0,0.0,0.0,0.0,0.0,0.0,0.0,0.0,0.0,0.0,0.0,0.0,0.0,0.0,0.0,0.0,0.0,0.0,0.0,0.0,0.0,0.0,0.0,0.0,0.0,0.0,0.0,0.0,0.0,0.0,0.0,0.0,0.0,0.0,0.0,0.0,0.0,0.0,2.0,2.0,2.0,2.0,2.0,2.0,2.0,2.0
303,Choszczno,53.168794,15.41904,1284,1650,42.309,0.288,1,,,,,,,169.368,169.368,58.791,58.791,58.791,58.791,58.791,58.791,0.0,0.0,0.0,0.0,0.0,0.0,0.0,0.0,0.0,0.0,1.0,1.0,2.0,4.0,5.0,5.0,0.0,0.0,0.0,0.0,0.0,0.0,0.0,0.0,,,,,,,,,0.0,0.0,0.0,0.0,0.0,0.0,0.0,0.0,0.0,0.0,0.0,0.0,0.0,0.0,0.0,0.0,0.0,0.0,0.0,0.0,0.0,0.0,0.0,0.0,0.0,0.0,0.0,0.0,0.0,0.0,0.0,0.0,0.0,0.0,0.0,0.0,0.0,0.0,0.0,0.0,2.0,2.0,2.0,2.0,2.0,2.0,2.0,2.0
317,Aschaffenburg,49.974495,9.146622,1161,1650,7.205,0.212,1,2000.0,1000.0,1000.0,1000.0,2000.0,2000.0,36.447,25.574,25.574,25.574,25.574,25.574,25.574,25.574,5.0,7.0,7.0,7.0,7.0,7.0,9.0,9.0,5.0,10.0,10.0,10.0,13.0,13.0,15.0,15.0,0.0,0.0,0.0,0.0,0.0,0.0,0.0,0.0,,,,,,,,,0.0,0.0,0.0,0.0,0.0,0.0,0.0,0.0,0.0,0.0,0.0,0.0,0.0,0.0,0.0,0.0,0.0,0.0,0.0,0.0,0.0,0.0,0.0,0.0,0.0,0.0,0.0,0.0,0.0,0.0,0.0,0.0,0.0,0.0,0.0,0.0,0.0,0.0,0.0,0.0,2.0,2.0,2.0,2.0,2.0,2.0,2.0,2.0
12256,Jägerbrücke,51.399617,8.05903,1237,1650,38.715,0.035,1,,,,,,,19.518,19.518,19.518,19.518,19.518,19.518,19.518,19.518,4.0,4.0,5.0,7.0,7.0,8.0,10.0,10.0,24.0,33.0,40.0,44.0,52.0,54.0,65.0,66.0,0.0,0.0,0.0,0.0,0.0,0.0,0.0,0.0,,,,,,,,,0.0,0.0,0.0,0.0,0.0,0.0,0.0,0.0,0.0,0.0,0.0,0.0,0.0,0.0,0.0,0.0,0.0,0.0,0.0,0.0,0.0,0.0,1.0,0.0,0.0,0.0,0.0,0.0,0.0,0.0,0.0,0.0,0.0,0.0,0.0,0.0,0.0,0.0,0.0,0.0,2.0,2.0,2.0,2.0,2.0,2.0,2.0,2.0
1165,Bad Camberg ,50.298163,8.269594,1281,1650,31.628,0.084,1,,,,,,,36.03,36.03,36.03,36.03,36.03,36.03,36.03,36.03,1.0,2.0,2.0,2.0,2.0,2.0,2.0,2.0,6.0,8.0,9.0,9.0,10.0,10.0,13.0,13.0,0.0,0.0,0.0,0.0,0.0,0.0,0.0,0.0,,,,,,,,,0.0,0.0,0.0,0.0,0.0,0.0,0.0,0.0,0.0,0.0,0.0,0.0,0.0,0.0,0.0,0.0,0.0,0.0,0.0,0.0,0.0,0.0,0.0,0.0,0.0,0.0,0.0,0.0,0.0,0.0,0.0,0.0,0.0,0.0,0.0,0.0,0.0,0.0,0.0,0.0,2.0,2.0,2.0,2.0,2.0,2.0,2.0,2.0
448,Barth,54.368785,12.725255,1255,1650,53.188,0.229,1,,,,,,,52.305,52.305,49.175,49.175,49.175,49.175,41.439,41.439,0.0,0.0,1.0,1.0,1.0,1.0,3.0,3.0,2.0,3.0,6.0,8.0,8.0,11.0,16.0,16.0,0.0,0.0,0.0,0.0,0.0,0.0,0.0,0.0,,,,,,,,,0.0,0.0,0.0,0.0,0.0,0.0,0.0,0.0,0.0,0.0,0.0,0.0,0.0,0.0,0.0,0.0,0.0,0.0,0.0,0.0,0.0,0.0,0.0,0.0,0.0,0.0,0.0,0.0,0.0,0.0,0.0,0.0,0.0,0.0,0.0,0.0,0.0,0.0,0.0,0.0,2.0,2.0,2.0,2.0,2.0,2.0,2.0,2.0
456,Barwice,53.743187,16.355334,1286,1650,116.379,0.383,1,,,,,,,198.673,198.673,144.741,144.741,144.741,144.741,70.086,70.086,0.0,0.0,0.0,0.0,0.0,0.0,0.0,0.0,0.0,0.0,0.0,0.0,0.0,0.0,1.0,1.0,0.0,0.0,0.0,0.0,0.0,0.0,0.0,0.0,,,,,,,,,0.0,0.0,0.0,0.0,0.0,0.0,0.0,0.0,0.0,0.0,0.0,0.0,0.0,0.0,0.0,0.0,0.0,0.0,0.0,0.0,0.0,0.0,0.0,0.0,0.0,0.0,0.0,0.0,0.0,0.0,0.0,0.0,0.0,0.0,0.0,0.0,0.0,0.0,0.0,0.0,2.0,2.0,2.0,2.0,2.0,2.0,2.0,2.0
457,Mieszkowice,52.784962,14.494922,1298,1650,16.543,4.165,1,,,,,,,163.391,163.391,21.367,21.367,21.367,21.367,21.367,21.367,0.0,0.0,1.0,1.0,2.0,4.0,4.0,4.0,0.0,0.0,4.0,4.0,5.0,7.0,8.0,8.0,0.0,0.0,0.0,0.0,0.0,0.0,0.0,0.0,,,,,,,,,0.0,0.0,0.0,0.0,0.0,1.0,1.0,1.0,0.0,0.0,0.0,0.0,0.0,0.0,0.0,0.0,0.0,0.0,0.0,0.0,0.0,0.0,0.0,0.0,0.0,0.0,0.0,0.0,0.0,0.0,0.0,0.0,0.0,0.0,0.0,0.0,0.0,0.0,0.0,0.0,1.0,1.0,1.0,1.0,2.0,2.0,2.0,2.0
476,Bautzen,51.181365,14.423985,1200,1650,37.585,0.224,1,3000.0,5000.0,5000.0,5000.0,5000.0,4000.0,143.693,143.693,118.164,77.718,66.509,66.509,66.509,66.509,0.0,0.0,0.0,0.0,0.0,0.0,0.0,0.0,0.0,0.0,0.0,1.0,1.0,2.0,2.0,4.0,0.0,0.0,0.0,0.0,0.0,0.0,0.0,0.0,,,,,,,,,0.0,0.0,0.0,0.0,0.0,0.0,0.0,0.0,0.0,0.0,0.0,0.0,0.0,0.0,0.0,0.0,0.0,0.0,0.0,0.0,0.0,0.0,0.0,0.0,0.0,0.0,0.0,0.0,0.0,0.0,0.0,0.0,0.0,0.0,0.0,0.0,0.0,0.0,0.0,0.0,2.0,2.0,2.0,2.0,2.0,2.0,2.0,2.0
479,Bayreuth,49.944915,11.57351,1231,1650,158.222,0.179,1,1000.0,1000.0,2000.0,2000.0,2000.0,3000.0,107.581,80.472,64.607,64.607,64.607,64.607,64.607,64.607,0.0,0.0,0.0,0.0,0.0,0.0,0.0,0.0,0.0,1.0,4.0,8.0,10.0,18.0,20.0,20.0,0.0,0.0,0.0,0.0,0.0,0.0,0.0,0.0,,,,,,,,,1.0,1.0,1.0,1.0,1.0,1.0,1.0,1.0,0.0,0.0,0.0,0.0,0.0,0.0,0.0,0.0,0.0,0.0,0.0,0.0,0.0,0.0,0.0,0.0,0.0,0.0,0.0,0.0,0.0,0.0,0.0,0.0,0.0,0.0,0.0,0.0,0.0,0.0,0.0,0.0,2.0,2.0,2.0,2.0,2.0,2.0,2.0,2.0
485,Beckum (Werse),51.754833,8.040517,1224,1650,28.159,0.144,1,2000.0,1000.0,1000.0,1000.0,2000.0,2000.0,20.76,20.76,20.76,20.76,20.76,20.76,20.76,20.76,10.0,11.0,12.0,14.0,18.0,20.0,27.0,28.0,30.0,43.0,52.0,58.0,67.0,72.0,88.0,88.0,0.0,0.0,0.0,0.0,0.0,0.0,0.0,0.0,,,,,,,,,0.0,0.0,0.0,0.0,0.0,0.0,0.0,0.0,0.0,0.0,0.0,0.0,0.0,0.0,0.0,0.0,0.0,0.0,0.0,0.0,0.0,0.0,0.0,0.0,0.0,0.0,0.0,0.0,0.0,0.0,0.0,0.0,0.0,0.0,0.0,0.0,0.0,0.0,0.0,0.0,2.0,2.0,2.0,2.0,2.0,2.0,2.0,2.0
500,Beeskow,52.17187,14.246516,1272,1650,18.892,0.438,1,,,,,,,158.616,158.616,68.817,68.817,68.817,68.817,68.817,68.817,0.0,0.0,0.0,0.0,0.0,0.0,0.0,0.0,0.0,0.0,4.0,4.0,5.0,8.0,11.0,13.0,0.0,0.0,0.0,0.0,0.0,0.0,0.0,0.0,,,,,,,,,0.0,0.0,0.0,0.0,0.0,0.0,0.0,0.0,0.0,1.0,1.0,1.0,1.0,1.0,1.0,1.0,0.0,0.0,0.0,0.0,0.0,0.0,0.0,0.0,0.0,0.0,0.0,0.0,0.0,0.0,0.0,0.0,0.0,0.0,0.0,0.0,0.0,0.0,0.0,0.0,2.0,3.0,3.0,3.0,3.0,3.0,3.0,3.0
517,Białogard,54.004568,15.990118,1107,1650,120.522,0.111,1,,,,,,,170.618,170.618,147.439,147.439,147.439,147.439,33.032,33.032,0.0,0.0,0.0,0.0,0.0,0.0,1.0,1.0,0.0,0.0,0.0,0.0,0.0,0.0,2.0,2.0,0.0,0.0,0.0,0.0,0.0,0.0,0.0,0.0,,,,,,,,,0.0,0.0,0.0,0.0,0.0,0.0,0.0,0.0,0.0,1.0,1.0,1.0,1.0,1.0,1.0,1.0,0.0,0.0,0.0,0.0,0.0,0.0,0.0,0.0,0.0,0.0,0.0,0.0,0.0,0.0,0.0,0.0,0.0,0.0,0.0,0.0,0.0,0.0,0.0,0.0,2.0,3.0,3.0,3.0,3.0,3.0,3.0,3.0
519,Belgern (Elbe),51.482767,13.124619,1300,1650,4.332,0.261,1,,,,,,,54.397,54.397,38.719,34.256,38.719,0.0,0.0,0.0,0.0,0.0,2.0,3.0,3.0,6.0,6.0,8.0,4.0,6.0,11.0,16.0,24.0,30.0,37.0,44.0,0.0,0.0,0.0,0.0,0.0,1.0,1.0,1.0,,,,,,local,local,local,1.0,1.0,1.0,1.0,1.0,1.0,1.0,1.0,0.0,0.0,0.0,0.0,0.0,0.0,0.0,0.0,0.0,0.0,0.0,0.0,0.0,0.0,0.0,0.0,0.0,0.0,0.0,0.0,0.0,0.0,0.0,0.0,0.0,0.0,0.0,0.0,0.0,0.0,0.0,0.0,2.0,2.0,2.0,2.0,2.0,2.0,2.0,2.0
565,Bergen op Zoom,51.494526,4.287204,1198,1650,11.088,0.083,1,1000.0,1000.0,1000.0,1000.0,2000.0,2000.0,45.697,30.586,30.586,27.499,27.499,27.499,27.499,27.499,3.0,13.0,13.0,13.0,15.0,15.0,15.0,15.0,11.0,23.0,27.0,31.0,36.0,38.0,38.0,37.0,0.0,0.0,0.0,0.0,0.0,0.0,0.0,0.0,,,,,,,,,0.0,1.0,1.0,1.0,1.0,1.0,1.0,1.0,0.0,0.0,0.0,0.0,0.0,0.0,0.0,0.0,0.0,0.0,0.0,0.0,0.0,0.0,0.0,0.0,0.0,0.0,0.0,0.0,0.0,0.0,0.0,0.0,0.0,0.0,0.0,0.0,0.0,0.0,0.0,0.0,2.0,2.0,2.0,2.0,2.0,2.0,2.0,2.0
580,Barlinek,52.992039,15.216798,1278,1650,27.551,4.094,1,,,,,,,172.569,172.569,40.92,40.92,40.92,40.92,40.92,40.92,0.0,0.0,1.0,1.0,2.0,4.0,4.0,4.0,0.0,0.0,1.0,1.0,2.0,4.0,5.0,5.0,0.0,0.0,0.0,0.0,0.0,0.0,0.0,0.0,,,,,,,,,0.0,0.0,0.0,0.0,0.0,0.0,0.0,0.0,0.0,0.0,0.0,0.0,0.0,0.0,0.0,0.0,0.0,0.0,0.0,0.0,0.0,0.0,0.0,0.0,0.0,0.0,0.0,0.0,0.0,0.0,0.0,0.0,0.0,0.0,0.0,0.0,0.0,0.0,0.0,0.0,1.0,1.0,1.0,1.0,2.0,2.0,2.0,2.0
584,Bernau bei Berlin,52.677802,13.588344,1230,1650,17.863,0.197,1,,,,,,,145.516,109.953,21.54,21.54,21.54,21.54,21.54,21.54,0.0,0.0,3.0,3.0,3.0,3.0,3.0,3.0,0.0,0.0,4.0,4.0,8.0,11.0,15.0,15.0,0.0,0.0,0.0,0.0,0.0,0.0,0.0,0.0,,,,,,,,,0.0,0.0,0.0,0.0,0.0,1.0,1.0,1.0,0.0,0.0,0.0,0.0,0.0,0.0,0.0,0.0,0.0,0.0,0.0,0.0,0.0,0.0,0.0,0.0,0.0,0.0,0.0,0.0,0.0,0.0,0.0,0.0,0.0,0.0,0.0,0.0,0.0,0.0,0.0,0.0,2.0,2.0,2.0,2.0,2.0,2.0,2.0,2.0
586,Bernburg,51.798839,11.735776,1278,1650,0.227,0.094,1,2000.0,1000.0,3000.0,3000.0,4000.0,4000.0,33.366,33.366,33.366,32.789,14.552,14.552,14.552,14.552,4.0,7.0,8.0,13.0,17.0,24.0,35.0,42.0,13.0,25.0,37.0,54.0,78.0,92.0,118.0,132.0,0.0,0.0,0.0,0.0,0.0,0.0,0.0,0.0,,,,,,,,,1.0,1.0,1.0,1.0,1.0,1.0,1.0,1.0,0.0,0.0,0.0,0.0,0.0,0.0,0.0,0.0,0.0,0.0,0.0,0.0,0.0,0.0,0.0,0.0,0.0,0.0,0.0,0.0,0.0,0.0,0.0,0.0,0.0,0.0,0.0,0.0,0.0,0.0,0.0,0.0,2.0,2.0,2.0,2.0,2.0,2.0,2.0,2.0
597,Pełczyce,53.04314,15.304915,1290,1650,29.944,4.093,1,,,,,,,172.754,172.754,47.486,47.486,47.486,47.486,47.486,47.486,0.0,0.0,1.0,1.0,2.0,4.0,4.0,4.0,0.0,0.0,1.0,1.0,2.0,4.0,5.0,5.0,0.0,0.0,0.0,0.0,0.0,0.0,0.0,0.0,,,,,,,,,0.0,0.0,0.0,0.0,0.0,0.0,0.0,0.0,0.0,0.0,0.0,0.0,0.0,0.0,0.0,0.0,0.0,0.0,0.0,0.0,0.0,0.0,0.0,0.0,0.0,0.0,0.0,0.0,0.0,0.0,0.0,0.0,0.0,0.0,0.0,0.0,0.0,0.0,0.0,0.0,1.0,1.0,1.0,1.0,2.0,2.0,2.0,2.0
652,Bielefeld,52.020467,8.531712,1214,1650,31.841,1.052,1,1000.0,1000.0,2000.0,2000.0,3000.0,3000.0,36.952,0.0,0.0,0.0,0.0,0.0,0.0,0.0,9.0,14.0,16.0,16.0,20.0,21.0,27.0,27.0,29.0,49.0,64.0,71.0,82.0,86.0,106.0,109.0,0.0,1.0,1.0,1.0,1.0,1.0,1.0,1.0,,local,local,local,local,local,local,local,1.0,1.0,1.0,1.0,1.0,1.0,1.0,1.0,0.0,0.0,0.0,0.0,0.0,0.0,0.0,0.0,0.0,0.0,0.0,0.0,0.0,0.0,0.0,0.0,0.0,0.0,0.0,0.0,0.0,0.0,0.0,0.0,0.0,0.0,0.0,0.0,0.0,0.0,0.0,0.0,2.0,2.0,2.0,2.0,2.0,2.0,2.0,2.0
12553,,52.160189,4.491638,1266,1650,0.317,0.034,1,,,,,,,43.49,0.223,0.223,0.223,0.223,0.223,0.223,0.223,4.0,11.0,12.0,12.0,13.0,15.0,15.0,14.0,15.0,26.0,31.0,40.0,46.0,49.0,49.0,48.0,0.0,0.0,0.0,0.0,0.0,0.0,0.0,0.0,,,,,,,,,0.0,0.0,0.0,0.0,0.0,0.0,0.0,0.0,0.0,0.0,0.0,0.0,0.0,0.0,0.0,0.0,0.0,0.0,0.0,0.0,0.0,0.0,0.0,0.0,0.0,0.0,0.0,0.0,0.0,0.0,0.0,0.0,0.0,0.0,0.0,0.0,0.0,0.0,0.0,0.0,2.0,2.0,2.0,2.0,2.0,2.0,2.0,2.0
670,Bílina,50.547761,13.774784,1263,1650,47.695,5.519,0,,,,,,,128.095,128.095,106.014,79.25,71.679,71.679,71.679,71.679,0.0,0.0,0.0,0.0,0.0,0.0,0.0,0.0,0.0,0.0,0.0,1.0,1.0,1.0,1.0,2.0,0.0,0.0,0.0,0.0,0.0,0.0,0.0,0.0,,,,,,,,,0.0,0.0,0.0,0.0,0.0,0.0,0.0,0.0,0.0,0.0,0.0,0.0,0.0,0.0,0.0,0.0,0.0,0.0,0.0,0.0,0.0,0.0,0.0,0.0,0.0,0.0,0.0,0.0,0.0,0.0,0.0,0.0,0.0,0.0,0.0,0.0,0.0,0.0,0.0,0.0,1.0,1.0,1.0,1.0,1.0,1.0,1.0,1.0
710,Blankenburg (Harz),51.78849,10.954506,1250,1650,36.103,2.492,1,,,,,,,13.638,13.638,13.638,12.705,12.705,12.705,12.705,12.705,6.0,11.0,12.0,16.0,19.0,23.0,30.0,36.0,15.0,40.0,59.0,78.0,102.0,113.0,140.0,154.0,0.0,0.0,0.0,0.0,0.0,0.0,0.0,0.0,,,,,,,,,0.0,0.0,0.0,0.0,0.0,0.0,0.0,0.0,0.0,0.0,0.0,0.0,0.0,0.0,0.0,0.0,0.0,0.0,0.0,0.0,0.0,0.0,0.0,0.0,0.0,0.0,0.0,0.0,0.0,0.0,0.0,0.0,0.0,0.0,0.0,0.0,0.0,0.0,0.0,0.0,2.0,2.0,2.0,2.0,2.0,2.0,2.0,2.0
728,Blomberg,51.943487,9.090953,1260,1650,24.042,0.257,1,,,,,,,27.433,14.557,14.557,14.557,14.557,14.557,14.557,14.557,8.0,16.0,18.0,20.0,26.0,26.0,36.0,39.0,20.0,41.0,62.0,66.0,80.0,84.0,101.0,109.0,0.0,0.0,0.0,0.0,0.0,0.0,0.0,0.0,,,,,,,,,0.0,0.0,0.0,0.0,0.0,0.0,0.0,0.0,0.0,0.0,0.0,0.0,0.0,0.0,0.0,0.0,0.0,0.0,0.0,0.0,0.0,0.0,0.0,0.0,0.0,0.0,0.0,0.0,0.0,0.0,0.0,0.0,0.0,0.0,0.0,0.0,0.0,0.0,0.0,0.0,2.0,2.0,2.0,2.0,2.0,2.0,2.0,2.0
753,Bocholt (Münsterland),51.838374,6.615114,1222,1650,8.567,0.085,1,,,,,,,16.784,16.784,16.784,16.784,16.784,16.784,16.784,16.784,8.0,17.0,17.0,25.0,29.0,32.0,33.0,33.0,41.0,61.0,81.0,104.0,122.0,128.0,133.0,131.0,0.0,0.0,0.0,0.0,0.0,0.0,0.0,0.0,,,,,,,,,0.0,0.0,0.0,0.0,0.0,0.0,0.0,0.0,0.0,0.0,0.0,0.0,0.0,0.0,0.0,0.0,0.0,0.0,0.0,0.0,0.0,0.0,0.0,0.0,0.0,0.0,0.0,0.0,0.0,0.0,0.0,0.0,0.0,0.0,0.0,0.0,0.0,0.0,0.0,0.0,2.0,2.0,2.0,2.0,2.0,2.0,2.0,2.0
757,Bockenem,52.008598,10.129077,1300,1650,26.821,0.171,1,,,,,,,20.097,20.097,20.097,20.097,20.097,20.097,20.097,18.994,5.0,14.0,26.0,33.0,37.0,38.0,46.0,49.0,20.0,48.0,75.0,84.0,97.0,102.0,130.0,143.0,0.0,0.0,0.0,0.0,0.0,0.0,0.0,0.0,,,,,,,,,0.0,0.0,0.0,0.0,0.0,0.0,0.0,0.0,0.0,0.0,0.0,0.0,0.0,0.0,0.0,0.0,0.0,0.0,0.0,0.0,0.0,0.0,0.0,0.0,0.0,0.0,0.0,0.0,0.0,0.0,0.0,0.0,0.0,0.0,0.0,0.0,0.0,0.0,0.0,0.0,2.0,2.0,2.0,2.0,2.0,2.0,2.0,2.0
771,,51.975394,9.515831,1287,1650,3.985,0.103,1,,,,,,,21.238,18.027,18.027,18.027,18.027,18.027,17.156,17.156,9.0,25.0,33.0,35.0,39.0,40.0,49.0,52.0,15.0,36.0,62.0,71.0,85.0,87.0,115.0,125.0,0.0,0.0,0.0,0.0,0.0,0.0,0.0,0.0,,,,,,,,,0.0,0.0,1.0,0.0,0.0,0.0,0.0,0.0,0.0,0.0,0.0,0.0,0.0,0.0,0.0,0.0,1.0,1.0,1.0,1.0,1.0,1.0,1.0,1.0,0.0,1.0,1.0,1.0,1.0,1.0,1.0,1.0,0.0,1.0,1.0,1.0,1.0,1.0,1.0,1.0,2.0,2.0,2.0,2.0,2.0,2.0,2.0,2.0
792,Boizenburg,53.373992,10.723842,1267,1650,1.137,0.2,1,,,,,,,25.062,25.062,25.062,25.062,25.062,25.062,0.0,0.0,3.0,3.0,4.0,6.0,6.0,6.0,11.0,11.0,10.0,10.0,19.0,27.0,34.0,39.0,63.0,64.0,0.0,0.0,0.0,0.0,0.0,0.0,1.0,1.0,,,,,,,local,local,1.0,1.0,1.0,1.0,1.0,1.0,1.0,1.0,0.0,0.0,0.0,0.0,0.0,0.0,0.0,0.0,0.0,0.0,0.0,0.0,0.0,0.0,0.0,0.0,0.0,0.0,0.0,0.0,0.0,0.0,0.0,0.0,0.0,0.0,0.0,0.0,0.0,0.0,0.0,0.0,2.0,2.0,2.0,2.0,2.0,2.0,2.0,2.0
11862,Alkmaar,52.630722,4.749201,1254,1650,1.063,0.228,1,3000.0,2000.0,5000.0,8000.0,12000.0,14000.0,64.967,30.248,30.248,30.248,30.248,30.248,30.248,30.248,0.0,3.0,3.0,3.0,3.0,3.0,3.0,3.0,12.0,21.0,34.0,42.0,48.0,51.0,52.0,48.0,0.0,0.0,0.0,0.0,0.0,0.0,0.0,0.0,,,,,,,,,0.0,0.0,0.0,0.0,0.0,0.0,0.0,0.0,0.0,1.0,1.0,1.0,1.0,1.0,1.0,1.0,0.0,0.0,0.0,0.0,0.0,0.0,0.0,0.0,0.0,0.0,0.0,0.0,0.0,0.0,0.0,0.0,0.0,0.0,0.0,0.0,0.0,0.0,0.0,0.0,2.0,3.0,3.0,3.0,3.0,3.0,3.0,3.0
826,Boppard,50.231702,7.591199,1216,1650,3.082,0.066,1,,,,,,,68.464,68.464,68.464,68.464,68.464,68.464,68.464,68.464,0.0,0.0,0.0,0.0,0.0,0.0,0.0,0.0,2.0,3.0,4.0,4.0,5.0,5.0,6.0,6.0,0.0,0.0,0.0,0.0,0.0,0.0,0.0,0.0,,,,,,,,,1.0,1.0,1.0,1.0,1.0,1.0,1.0,1.0,0.0,0.0,0.0,0.0,0.0,0.0,0.0,0.0,0.0,0.0,0.0,0.0,0.0,0.0,0.0,0.0,0.0,0.0,0.0,0.0,0.0,0.0,0.0,0.0,0.0,0.0,0.0,0.0,0.0,0.0,0.0,0.0,2.0,2.0,2.0,2.0,2.0,2.0,2.0,2.0
829,Borculo,52.115265,6.523654,1190,1650,0.162,0.084,1,,,,,,,13.589,13.589,13.589,13.589,13.589,13.589,13.589,13.589,11.0,18.0,19.0,21.0,26.0,29.0,30.0,30.0,43.0,66.0,85.0,107.0,128.0,135.0,140.0,137.0,0.0,0.0,0.0,0.0,0.0,0.0,0.0,0.0,,,,,,,,,0.0,0.0,0.0,0.0,0.0,0.0,0.0,0.0,0.0,0.0,0.0,0.0,0.0,0.0,0.0,0.0,0.0,0.0,0.0,0.0,0.0,0.0,0.0,0.0,0.0,0.0,0.0,0.0,0.0,0.0,0.0,0.0,0.0,0.0,0.0,0.0,0.0,0.0,0.0,0.0,2.0,2.0,2.0,2.0,2.0,2.0,2.0,2.0
917,Brakel,51.717326,9.183744,1200,1650,13.545,0.184,1,,,,,,,14.985,14.985,14.985,14.985,14.985,14.985,14.985,14.985,4.0,18.0,26.0,29.0,31.0,32.0,40.0,40.0,18.0,39.0,59.0,63.0,76.0,78.0,97.0,108.0,0.0,0.0,0.0,0.0,0.0,0.0,0.0,0.0,,,,,,,,,0.0,0.0,0.0,0.0,0.0,0.0,0.0,0.0,0.0,0.0,0.0,0.0,0.0,0.0,0.0,0.0,0.0,0.0,0.0,0.0,0.0,0.0,0.0,0.0,0.0,0.0,0.0,0.0,0.0,0.0,0.0,0.0,0.0,0.0,0.0,0.0,0.0,0.0,0.0,0.0,2.0,2.0,2.0,2.0,2.0,2.0,2.0,2.0
1750,Elbląg,54.158416,19.396069,1246,1650,1.298,0.116,1,3000.0,5000.0,10000.0,12000.0,15000.0,15000.0,384.25,384.25,342.909,342.909,342.909,342.909,248.633,248.633,0.0,0.0,0.0,0.0,0.0,0.0,0.0,0.0,0.0,0.0,0.0,0.0,0.0,0.0,0.0,0.0,0.0,0.0,0.0,0.0,0.0,0.0,0.0,0.0,,,,,,,,,0.0,0.0,0.0,0.0,0.0,0.0,0.0,0.0,0.0,0.0,1.0,0.0,0.0,0.0,0.0,0.0,0.0,0.0,0.0,0.0,0.0,0.0,0.0,0.0,0.0,0.0,0.0,0.0,0.0,0.0,0.0,0.0,0.0,0.0,0.0,0.0,0.0,0.0,0.0,0.0,2.0,2.0,3.0,2.0,2.0,2.0,2.0,2.0
928,Brandenburg (Havel),52.413985,12.553797,1170,1650,0.719,0.066,1,1000.0,2000.0,5000.0,6000.0,7000.0,7000.0,69.717,41.921,32.959,32.959,0.0,0.0,0.0,0.0,0.0,1.0,3.0,3.0,6.0,10.0,12.0,16.0,2.0,5.0,11.0,14.0,25.0,31.0,48.0,56.0,0.0,0.0,0.0,0.0,1.0,1.0,1.0,1.0,,,,,local,local,local,local,0.0,0.0,0.0,1.0,1.0,1.0,1.0,1.0,0.0,0.0,0.0,0.0,1.0,1.0,1.0,1.0,0.0,0.0,0.0,0.0,0.0,0.0,0.0,0.0,0.0,0.0,0.0,0.0,0.0,0.0,0.0,0.0,0.0,0.0,0.0,0.0,0.0,0.0,0.0,0.0,2.0,2.0,2.0,2.0,3.0,3.0,3.0,3.0
942,Braunschweig,52.262815,10.517142,1204,1650,1.71,0.217,1,12000.0,18000.0,18000.0,17000.0,16000.0,16000.0,20.481,20.481,0.0,0.0,0.0,0.0,0.0,0.0,4.0,5.0,14.0,17.0,18.0,19.0,28.0,29.0,17.0,34.0,60.0,74.0,85.0,90.0,122.0,136.0,0.0,0.0,1.0,1.0,1.0,1.0,1.0,1.0,,,regional,regional,regional,regional,regional,regional,1.0,1.0,1.0,1.0,1.0,1.0,1.0,1.0,0.0,0.0,0.0,0.0,0.0,0.0,0.0,0.0,0.0,0.0,0.0,0.0,0.0,0.0,0.0,0.0,0.0,0.0,0.0,0.0,0.0,0.0,0.0,0.0,0.0,0.0,0.0,0.0,0.0,0.0,0.0,0.0,2.0,2.0,3.0,3.0,3.0,3.0,3.0,3.0
949,Breda,51.588294,4.776283,1198,1650,9.14,0.036,1,2000.0,1000.0,6000.0,6000.0,7000.0,8000.0,13.788,0.0,0.0,0.0,0.0,0.0,0.0,0.0,5.0,12.0,13.0,13.0,15.0,16.0,16.0,16.0,20.0,40.0,47.0,55.0,64.0,66.0,66.0,65.0,0.0,1.0,1.0,1.0,1.0,1.0,1.0,1.0,,regional,regional,regional,regional,regional,regional,regional,1.0,1.0,1.0,1.0,1.0,1.0,1.0,1.0,0.0,0.0,1.0,1.0,1.0,1.0,1.0,1.0,0.0,0.0,0.0,0.0,0.0,0.0,0.0,0.0,0.0,0.0,0.0,0.0,0.0,0.0,0.0,0.0,0.0,0.0,0.0,0.0,0.0,0.0,0.0,0.0,2.0,3.0,3.0,3.0,3.0,3.0,3.0,3.0
989,Brzeg,50.861908,17.470135,1246,1650,140.254,1.753,0,1000.0,1000.0,2000.0,3000.0,3000.0,4000.0,359.677,359.677,305.292,293.33,281.773,281.773,281.773,281.773,0.0,0.0,0.0,0.0,0.0,0.0,0.0,0.0,0.0,0.0,0.0,0.0,0.0,0.0,0.0,0.0,0.0,0.0,0.0,0.0,0.0,0.0,0.0,0.0,,,,,,,,,0.0,1.0,1.0,1.0,1.0,1.0,1.0,1.0,0.0,0.0,0.0,0.0,0.0,0.0,0.0,0.0,0.0,0.0,0.0,0.0,0.0,0.0,0.0,0.0,0.0,0.0,0.0,0.0,0.0,0.0,0.0,0.0,0.0,0.0,0.0,0.0,0.0,0.0,0.0,0.0,1.0,1.0,1.0,1.0,1.0,1.0,1.0,1.0
2014,Freyburg (Unstrut),51.212626,11.769675,1203,1650,42.411,0.114,1,,,,,,,18.113,7.274,7.274,6.412,6.412,6.412,6.412,6.412,5.0,10.0,12.0,22.0,31.0,35.0,42.0,44.0,11.0,26.0,33.0,53.0,69.0,85.0,96.0,104.0,0.0,0.0,0.0,0.0,0.0,0.0,0.0,0.0,,,,,,,,,0.0,0.0,0.0,1.0,1.0,1.0,1.0,1.0,0.0,0.0,0.0,0.0,0.0,0.0,0.0,0.0,0.0,0.0,0.0,0.0,0.0,0.0,0.0,0.0,0.0,0.0,0.0,0.0,0.0,0.0,0.0,0.0,0.0,0.0,0.0,0.0,0.0,0.0,0.0,0.0,2.0,2.0,2.0,2.0,2.0,2.0,2.0,2.0
1051,Brüssow,53.399621,14.126504,1260,1650,14.297,1.614,0,,,,,,,91.653,91.653,58.006,58.006,58.006,58.006,49.9,48.482,0.0,0.0,0.0,0.0,0.0,0.0,1.0,2.0,1.0,1.0,2.0,2.0,3.0,6.0,8.0,9.0,0.0,0.0,0.0,0.0,0.0,0.0,0.0,0.0,,,,,,,,,1.0,1.0,1.0,1.0,1.0,1.0,1.0,1.0,0.0,0.0,0.0,0.0,0.0,0.0,0.0,0.0,0.0,0.0,0.0,0.0,0.0,0.0,0.0,0.0,0.0,0.0,0.0,0.0,0.0,0.0,0.0,0.0,0.0,0.0,0.0,0.0,0.0,0.0,0.0,0.0,1.0,1.0,1.0,1.0,1.0,1.0,1.0,2.0
1125,Büren,51.552509,8.559189,1194,1650,57.922,2.25,0,,,,,,,20.125,20.125,20.125,20.125,20.125,20.125,20.125,20.125,3.0,4.0,9.0,11.0,13.0,15.0,19.0,19.0,22.0,41.0,56.0,61.0,70.0,71.0,87.0,88.0,0.0,0.0,0.0,0.0,0.0,0.0,0.0,0.0,,,,,,,,,0.0,0.0,0.0,0.0,0.0,0.0,0.0,0.0,0.0,0.0,0.0,0.0,0.0,0.0,0.0,0.0,0.0,0.0,0.0,0.0,0.0,0.0,0.0,0.0,0.0,0.0,0.0,0.0,0.0,0.0,0.0,0.0,0.0,0.0,0.0,0.0,0.0,0.0,0.0,0.0,2.0,2.0,2.0,2.0,2.0,2.0,2.0,2.0
1127,Burg (bei Magdeburg),52.270597,11.858961,1250,1650,6.71,0.094,1,2000.0,1000.0,2000.0,3000.0,3000.0,3000.0,21.534,21.534,17.461,17.461,17.461,17.461,0.0,0.0,1.0,2.0,5.0,5.0,15.0,20.0,28.0,33.0,5.0,11.0,23.0,38.0,51.0,62.0,91.0,102.0,0.0,0.0,0.0,0.0,0.0,0.0,1.0,1.0,,,,,,,regional,regional,0.0,0.0,0.0,0.0,1.0,1.0,1.0,1.0,0.0,0.0,0.0,0.0,0.0,0.0,0.0,0.0,0.0,0.0,0.0,0.0,0.0,0.0,0.0,0.0,0.0,0.0,0.0,0.0,0.0,0.0,0.0,0.0,0.0,0.0,0.0,0.0,0.0,0.0,0.0,0.0,2.0,2.0,2.0,2.0,2.0,2.0,3.0,3.0
1153,Bützow,53.848004,11.982787,1229,1650,6.635,0.136,1,,,,,,,44.599,44.599,28.661,28.661,28.661,25.412,18.207,18.207,2.0,2.0,4.0,4.0,4.0,6.0,10.0,10.0,3.0,3.0,6.0,6.0,9.0,12.0,24.0,25.0,0.0,0.0,0.0,0.0,0.0,0.0,0.0,0.0,,,,,,,,,0.0,0.0,0.0,0.0,0.0,0.0,0.0,0.0,0.0,0.0,0.0,0.0,0.0,0.0,0.0,0.0,0.0,0.0,0.0,0.0,0.0,0.0,0.0,0.0,0.0,0.0,0.0,0.0,0.0,0.0,0.0,0.0,0.0,0.0,0.0,0.0,0.0,0.0,0.0,0.0,2.0,2.0,2.0,2.0,2.0,2.0,2.0,2.0
1154,Buxtehude,53.476376,9.700347,1280,1650,5.474,0.084,1,,,,,,,0.0,0.0,0.0,0.0,0.0,0.0,0.0,0.0,5.0,6.0,6.0,8.0,13.0,16.0,24.0,24.0,10.0,16.0,23.0,30.0,48.0,49.0,77.0,86.0,1.0,1.0,1.0,1.0,1.0,1.0,1.0,1.0,local,local,local,regional,regional,regional,regional,regional,0.0,0.0,1.0,1.0,1.0,1.0,1.0,1.0,0.0,0.0,0.0,0.0,0.0,0.0,0.0,0.0,0.0,0.0,0.0,0.0,0.0,0.0,0.0,0.0,0.0,0.0,0.0,0.0,0.0,0.0,0.0,0.0,0.0,0.0,0.0,0.0,0.0,0.0,0.0,0.0,2.0,2.0,2.0,3.0,3.0,3.0,3.0,3.0
1159,Calau,51.746686,13.949255,1279,1650,61.642,0.129,1,,,,,,,117.92,117.92,93.448,75.505,72.881,64.055,64.055,45.988,0.0,0.0,0.0,0.0,0.0,0.0,0.0,2.0,0.0,0.0,3.0,4.0,4.0,8.0,11.0,13.0,0.0,0.0,0.0,0.0,0.0,0.0,0.0,0.0,,,,,,,,,0.0,0.0,0.0,0.0,0.0,0.0,0.0,0.0,0.0,0.0,0.0,0.0,0.0,0.0,0.0,0.0,0.0,0.0,0.0,0.0,0.0,0.0,0.0,0.0,0.0,0.0,0.0,0.0,0.0,0.0,0.0,0.0,0.0,0.0,0.0,0.0,0.0,0.0,0.0,0.0,2.0,2.0,2.0,2.0,2.0,2.0,2.0,2.0
1160,Calbe,51.903387,11.776012,1160,1650,0.517,0.238,1,,,,,,,27.053,27.053,27.053,27.053,22.299,22.299,22.299,22.299,4.0,7.0,8.0,13.0,17.0,22.0,35.0,43.0,13.0,24.0,35.0,54.0,75.0,89.0,117.0,129.0,0.0,0.0,0.0,0.0,0.0,0.0,0.0,0.0,,,,,,,,,0.0,0.0,1.0,1.0,1.0,1.0,1.0,1.0,0.0,0.0,0.0,0.0,0.0,0.0,0.0,0.0,0.0,0.0,0.0,0.0,0.0,0.0,0.0,0.0,0.0,0.0,0.0,0.0,0.0,0.0,0.0,0.0,0.0,0.0,0.0,0.0,0.0,0.0,0.0,0.0,2.0,2.0,2.0,2.0,2.0,2.0,2.0,2.0
1177,Celle,52.624105,10.081862,1292,1650,0.358,0.029,1,1000.0,1000.0,1000.0,2000.0,3000.0,3000.0,53.151,53.151,0.0,0.0,0.0,0.0,0.0,0.0,0.0,0.0,12.0,16.0,16.0,16.0,21.0,22.0,17.0,25.0,44.0,53.0,66.0,68.0,93.0,103.0,0.0,0.0,1.0,1.0,1.0,1.0,1.0,1.0,,,local,local,local,local,local,local,1.0,1.0,1.0,1.0,1.0,1.0,1.0,1.0,0.0,0.0,0.0,0.0,1.0,1.0,1.0,0.0,0.0,0.0,0.0,0.0,0.0,0.0,0.0,0.0,0.0,0.0,0.0,0.0,0.0,0.0,0.0,0.0,0.0,0.0,0.0,0.0,0.0,0.0,0.0,0.0,2.0,2.0,2.0,2.0,3.0,3.0,3.0,2.0
1214,Dzierzgoń,53.923065,19.346759,1288,1650,24.274,0.134,1,,,,,,,390.185,390.185,331.407,331.407,331.407,331.407,247.713,247.713,0.0,0.0,0.0,0.0,0.0,0.0,0.0,0.0,0.0,0.0,0.0,0.0,0.0,0.0,0.0,0.0,0.0,0.0,0.0,0.0,0.0,0.0,0.0,0.0,,,,,,,,,0.0,0.0,0.0,0.0,0.0,0.0,0.0,0.0,0.0,0.0,0.0,0.0,0.0,0.0,0.0,0.0,0.0,0.0,0.0,0.0,0.0,0.0,0.0,0.0,0.0,0.0,0.0,0.0,0.0,0.0,0.0,0.0,0.0,0.0,0.0,0.0,0.0,0.0,0.0,0.0,2.0,2.0,2.0,2.0,2.0,2.0,2.0,2.0
1250,Coswig (Anhalt),51.882229,12.456696,1215,1650,6.538,0.119,1,,,,,,,55.685,55.685,40.917,40.917,27.204,27.204,27.204,15.323,0.0,0.0,2.0,2.0,6.0,7.0,13.0,16.0,7.0,13.0,24.0,34.0,44.0,58.0,77.0,92.0,0.0,0.0,0.0,0.0,0.0,0.0,0.0,0.0,,,,,,,,,0.0,0.0,1.0,1.0,1.0,1.0,1.0,1.0,0.0,0.0,0.0,0.0,0.0,0.0,1.0,1.0,0.0,0.0,0.0,0.0,0.0,0.0,0.0,0.0,0.0,0.0,0.0,0.0,0.0,0.0,0.0,0.0,0.0,0.0,0.0,0.0,0.0,0.0,0.0,0.0,2.0,2.0,2.0,2.0,2.0,2.0,3.0,3.0
1251,Cottbus,51.760836,14.335247,1156,1650,39.248,0.148,1,1000.0,2000.0,3000.0,4000.0,4000.0,3000.0,143.422,143.422,105.392,94.761,89.482,89.111,87.643,71.047,0.0,0.0,0.0,0.0,0.0,0.0,0.0,0.0,0.0,0.0,0.0,1.0,1.0,4.0,7.0,9.0,0.0,0.0,0.0,0.0,0.0,0.0,0.0,0.0,,,,,,,,,0.0,0.0,0.0,0.0,0.0,0.0,0.0,0.0,0.0,0.0,0.0,0.0,0.0,0.0,0.0,0.0,0.0,0.0,0.0,0.0,0.0,0.0,0.0,0.0,0.0,0.0,0.0,0.0,0.0,0.0,0.0,0.0,0.0,0.0,0.0,0.0,0.0,0.0,0.0,0.0,2.0,2.0,2.0,2.0,2.0,2.0,2.0,2.0
1301,Dahlen,51.365998,12.997199,1228,1650,15.872,0.122,1,,,,,,,43.341,43.341,23.487,23.487,23.487,15.705,15.705,15.705,2.0,2.0,6.0,7.0,9.0,12.0,12.0,15.0,5.0,7.0,12.0,19.0,27.0,33.0,41.0,48.0,0.0,0.0,0.0,0.0,0.0,0.0,0.0,0.0,,,,,,,,,0.0,0.0,0.0,0.0,0.0,1.0,1.0,1.0,0.0,0.0,0.0,0.0,0.0,0.0,0.0,0.0,0.0,0.0,0.0,0.0,0.0,0.0,0.0,0.0,0.0,0.0,0.0,0.0,0.0,0.0,0.0,0.0,0.0,0.0,0.0,0.0,0.0,0.0,0.0,0.0,2.0,2.0,2.0,2.0,2.0,2.0,2.0,2.0
1303,Dahlenburg,53.186646,10.743111,1289,1650,10.671,1.403,1,,,,,,,23.34,23.34,23.34,23.34,23.34,23.34,20.871,20.871,3.0,3.0,8.0,10.0,11.0,11.0,16.0,16.0,10.0,12.0,24.0,32.0,42.0,47.0,72.0,75.0,0.0,0.0,0.0,0.0,0.0,0.0,0.0,0.0,,,,,,,,,0.0,0.0,0.0,0.0,0.0,0.0,0.0,0.0,0.0,0.0,0.0,0.0,0.0,0.0,0.0,0.0,0.0,0.0,0.0,0.0,0.0,0.0,0.0,0.0,0.0,0.0,0.0,0.0,0.0,0.0,0.0,0.0,0.0,0.0,0.0,0.0,0.0,0.0,0.0,0.0,2.0,2.0,2.0,2.0,2.0,2.0,2.0,2.0
1306,Dahme,51.869474,13.428032,1265,1650,43.741,0.113,1,,,,,,,93.601,93.601,72.171,72.171,72.171,45.295,27.425,27.425,0.0,0.0,0.0,0.0,0.0,4.0,7.0,9.0,2.0,2.0,9.0,10.0,18.0,22.0,25.0,30.0,0.0,0.0,0.0,0.0,0.0,0.0,0.0,0.0,,,,,,,,,1.0,1.0,1.0,1.0,1.0,1.0,1.0,1.0,0.0,0.0,0.0,0.0,0.0,0.0,0.0,0.0,0.0,0.0,0.0,0.0,0.0,0.0,0.0,0.0,0.0,0.0,0.0,0.0,0.0,0.0,0.0,0.0,0.0,0.0,0.0,0.0,0.0,0.0,0.0,0.0,2.0,2.0,2.0,2.0,2.0,2.0,2.0,2.0
2194,Gießen,50.586324,8.674582,1248,1650,53.245,0.579,1,1000.0,1000.0,2000.0,3000.0,3000.0,4000.0,52.924,52.924,52.924,52.924,52.924,52.924,52.924,52.924,0.0,0.0,0.0,0.0,0.0,0.0,0.0,0.0,5.0,13.0,13.0,13.0,13.0,13.0,15.0,15.0,0.0,0.0,0.0,0.0,0.0,0.0,0.0,0.0,,,,,,,,,0.0,0.0,0.0,0.0,0.0,0.0,0.0,0.0,0.0,0.0,0.0,0.0,0.0,0.0,0.0,0.0,0.0,0.0,0.0,0.0,0.0,0.0,0.0,0.0,0.0,0.0,0.0,0.0,0.0,0.0,0.0,0.0,0.0,0.0,0.0,0.0,0.0,0.0,0.0,0.0,2.0,2.0,2.0,2.0,2.0,2.0,2.0,2.0
1321,Damgarten,54.252219,12.473376,1258,1650,34.812,0.333,1,,,,,,,61.57,61.57,28.322,28.322,28.322,28.322,24.962,24.962,0.0,0.0,1.0,1.0,1.0,2.0,3.0,3.0,4.0,5.0,8.0,10.0,10.0,13.0,21.0,21.0,0.0,0.0,0.0,0.0,0.0,0.0,0.0,0.0,,,,,,,,,0.0,0.0,0.0,0.0,0.0,0.0,0.0,0.0,0.0,0.0,0.0,0.0,0.0,0.0,0.0,0.0,0.0,0.0,0.0,0.0,0.0,0.0,0.0,0.0,0.0,0.0,0.0,0.0,0.0,0.0,0.0,0.0,0.0,0.0,0.0,0.0,0.0,0.0,0.0,0.0,2.0,2.0,2.0,2.0,2.0,2.0,2.0,2.0
1330,Dannenberg,53.098588,11.095268,1293,1650,3.405,0.193,1,,,,,,,0.0,0.0,0.0,0.0,0.0,0.0,0.0,0.0,3.0,3.0,8.0,13.0,14.0,14.0,19.0,19.0,9.0,12.0,21.0,27.0,36.0,37.0,55.0,61.0,1.0,1.0,1.0,1.0,1.0,1.0,1.0,1.0,local,local,local,local,local,local,local,local,0.0,0.0,0.0,0.0,1.0,1.0,1.0,1.0,0.0,0.0,0.0,0.0,0.0,0.0,0.0,0.0,0.0,0.0,0.0,0.0,0.0,0.0,0.0,0.0,0.0,0.0,0.0,0.0,0.0,0.0,0.0,0.0,0.0,1.0,1.0,1.0,1.0,1.0,1.0,1.0,2.0,2.0,2.0,2.0,2.0,2.0,2.0,2.0
1333,Gdańsk,54.349211,18.650284,1224,1650,0.814,0.095,1,9000.0,20000.0,30000.0,35000.0,40000.0,45000.0,331.363,331.363,307.629,307.629,307.629,307.629,200.559,200.559,0.0,0.0,0.0,0.0,0.0,0.0,0.0,0.0,0.0,0.0,0.0,0.0,0.0,0.0,0.0,0.0,0.0,0.0,0.0,0.0,0.0,0.0,0.0,0.0,,,,,,,,,0.0,0.0,0.0,0.0,0.0,0.0,0.0,0.0,0.0,0.0,0.0,1.0,1.0,1.0,1.0,1.0,0.0,0.0,0.0,0.0,0.0,0.0,0.0,0.0,0.0,0.0,0.0,0.0,0.0,0.0,0.0,0.0,0.0,0.0,0.0,0.0,0.0,0.0,0.0,0.0,2.0,2.0,2.0,3.0,3.0,3.0,3.0,3.0
1374,Delft,52.011187,4.358343,1246,1650,2.95,0.021,1,6000.0,7000.0,12000.0,15000.0,20000.0,25000.0,48.696,18.683,18.683,18.683,18.683,18.683,18.683,18.683,3.0,7.0,9.0,9.0,9.0,10.0,10.0,10.0,11.0,26.0,30.0,38.0,45.0,48.0,48.0,47.0,0.0,0.0,0.0,0.0,0.0,0.0,0.0,0.0,,,,,,,,,0.0,0.0,0.0,0.0,0.0,0.0,0.0,0.0,0.0,0.0,0.0,0.0,0.0,0.0,0.0,0.0,0.0,0.0,0.0,0.0,0.0,0.0,0.0,0.0,0.0,0.0,0.0,0.0,0.0,0.0,0.0,0.0,0.0,0.0,0.0,0.0,0.0,0.0,0.0,0.0,2.0,2.0,2.0,2.0,2.0,2.0,2.0,2.0
1737,Eisenach,50.974621,10.319604,1189,1650,27.743,0.406,1,2000.0,1000.0,4000.0,4000.0,5000.0,6000.0,0.0,0.0,0.0,0.0,0.0,0.0,0.0,0.0,8.0,16.0,17.0,17.0,22.0,27.0,35.0,42.0,17.0,45.0,62.0,74.0,91.0,97.0,108.0,119.0,1.0,1.0,1.0,1.0,1.0,1.0,1.0,1.0,local,local,local,local,local,local,local,local,0.0,1.0,1.0,1.0,1.0,1.0,1.0,1.0,0.0,0.0,0.0,0.0,0.0,0.0,0.0,0.0,0.0,0.0,0.0,0.0,0.0,0.0,0.0,0.0,0.0,0.0,0.0,0.0,0.0,0.0,0.0,0.0,0.0,0.0,0.0,0.0,0.0,0.0,0.0,0.0,2.0,2.0,2.0,2.0,2.0,2.0,2.0,2.0
1397,Derenburg,51.871455,10.910677,1289,1650,29.141,0.252,1,,,,,,,10.063,10.063,10.063,9.642,9.642,9.642,9.642,9.642,7.0,12.0,13.0,17.0,20.0,24.0,35.0,40.0,14.0,37.0,56.0,77.0,98.0,107.0,134.0,148.0,0.0,0.0,0.0,0.0,0.0,0.0,0.0,0.0,,,,,,,,,0.0,0.0,0.0,0.0,0.0,0.0,0.0,0.0,0.0,0.0,0.0,0.0,0.0,0.0,0.0,0.0,0.0,0.0,0.0,0.0,0.0,0.0,0.0,0.0,0.0,0.0,0.0,0.0,0.0,0.0,0.0,0.0,0.0,0.0,0.0,0.0,0.0,0.0,0.0,0.0,2.0,2.0,2.0,2.0,2.0,2.0,2.0,2.0
1406,Detmold,51.935094,8.879044,1265,1650,26.463,1.461,1,,,,,,,25.57,0.0,0.0,0.0,0.0,0.0,0.0,0.0,9.0,17.0,19.0,19.0,25.0,26.0,37.0,37.0,26.0,47.0,69.0,73.0,81.0,85.0,105.0,112.0,0.0,1.0,1.0,1.0,1.0,1.0,1.0,1.0,,local,local,local,local,local,local,regional,0.0,0.0,0.0,0.0,0.0,0.0,0.0,0.0,0.0,0.0,0.0,0.0,0.0,0.0,0.0,0.0,0.0,0.0,0.0,0.0,0.0,0.0,0.0,0.0,0.0,0.0,0.0,0.0,0.0,0.0,0.0,0.0,0.0,0.0,0.0,0.0,0.0,0.0,0.0,0.0,2.0,2.0,2.0,2.0,2.0,2.0,2.0,3.0
1417,Deventer,52.251815,6.160268,1123,1650,0.252,0.086,1,6000.0,5000.0,7000.0,8000.0,7000.0,7000.0,12.502,0.0,0.0,0.0,0.0,0.0,0.0,0.0,17.0,25.0,37.0,40.0,48.0,50.0,51.0,48.0,31.0,56.0,72.0,94.0,113.0,120.0,122.0,118.0,0.0,1.0,1.0,1.0,1.0,1.0,1.0,1.0,,regional,regional,regional,regional,regional,regional,regional,1.0,1.0,1.0,1.0,1.0,1.0,1.0,1.0,0.0,0.0,0.0,0.0,0.0,0.0,0.0,0.0,0.0,0.0,0.0,0.0,0.0,0.0,0.0,0.0,0.0,0.0,0.0,0.0,0.0,0.0,0.0,0.0,0.0,0.0,0.0,0.0,0.0,0.0,0.0,0.0,2.0,3.0,3.0,3.0,3.0,3.0,3.0,3.0
1467,Döbeln,51.122234,13.123306,1200,1650,22.159,0.099,1,1000.0,1000.0,2000.0,1000.0,1000.0,1000.0,57.484,57.484,30.228,15.397,24.64,24.64,24.64,24.64,0.0,0.0,2.0,3.0,3.0,6.0,6.0,7.0,5.0,7.0,12.0,17.0,21.0,27.0,29.0,36.0,0.0,0.0,0.0,0.0,0.0,0.0,0.0,0.0,,,,,,,,,0.0,0.0,0.0,1.0,1.0,1.0,1.0,1.0,0.0,0.0,0.0,0.0,0.0,0.0,0.0,0.0,0.0,0.0,0.0,0.0,0.0,0.0,0.0,0.0,0.0,0.0,0.0,0.0,0.0,0.0,0.0,0.0,0.0,0.0,0.0,0.0,0.0,0.0,0.0,0.0,2.0,2.0,2.0,2.0,2.0,2.0,2.0,2.0
2352,Gouda,52.011189,4.710352,1272,1650,0.127,0.038,1,2000.0,4000.0,11000.0,9000.0,14000.0,15000.0,29.341,0.0,0.0,0.0,0.0,0.0,0.0,0.0,9.0,18.0,21.0,22.0,25.0,27.0,27.0,26.0,18.0,33.0,38.0,47.0,56.0,59.0,59.0,58.0,0.0,1.0,1.0,1.0,1.0,1.0,1.0,1.0,,regional,regional,regional,regional,regional,regional,regional,0.0,0.0,0.0,0.0,0.0,0.0,0.0,0.0,0.0,0.0,0.0,0.0,0.0,0.0,0.0,0.0,0.0,0.0,0.0,0.0,0.0,0.0,0.0,0.0,0.0,0.0,0.0,0.0,0.0,0.0,0.0,0.0,0.0,0.0,0.0,0.0,0.0,0.0,0.0,0.0,2.0,3.0,3.0,3.0,3.0,3.0,3.0,3.0
6407,Richtenberg,54.200605,12.885701,1297,1650,31.84,0.428,1,,,,,,,34.286,34.286,34.286,34.286,34.286,34.286,33.305,33.305,1.0,1.0,1.0,1.0,1.0,3.0,6.0,6.0,1.0,2.0,4.0,4.0,4.0,7.0,11.0,12.0,0.0,0.0,0.0,0.0,0.0,0.0,0.0,0.0,,,,,,,,,0.0,0.0,0.0,0.0,0.0,0.0,0.0,0.0,0.0,0.0,0.0,0.0,0.0,0.0,0.0,0.0,0.0,0.0,0.0,0.0,0.0,0.0,0.0,0.0,0.0,0.0,0.0,0.0,0.0,0.0,0.0,0.0,0.0,0.0,0.0,0.0,0.0,0.0,0.0,0.0,2.0,2.0,2.0,2.0,2.0,2.0,2.0,2.0
1484,Doesburg,52.01499,6.134222,1237,1650,0.089,0.129,1,,,,,,,0.0,0.0,0.0,0.0,0.0,0.0,0.0,0.0,13.0,19.0,20.0,30.0,38.0,39.0,39.0,39.0,40.0,63.0,85.0,108.0,126.0,134.0,136.0,132.0,1.0,1.0,1.0,1.0,1.0,1.0,1.0,1.0,regional,regional,regional,regional,regional,regional,regional,regional,0.0,1.0,1.0,1.0,1.0,1.0,1.0,0.0,0.0,0.0,0.0,0.0,0.0,0.0,0.0,0.0,0.0,0.0,0.0,0.0,0.0,0.0,0.0,0.0,0.0,0.0,0.0,0.0,0.0,0.0,0.0,0.0,0.0,0.0,0.0,0.0,0.0,0.0,0.0,0.0,3.0,3.0,3.0,3.0,3.0,3.0,3.0,3.0
1485,Doetinchem,51.965479,6.289181,1229,1650,2.518,0.121,1,,,,,,,0.0,0.0,0.0,0.0,0.0,0.0,0.0,0.0,15.0,24.0,25.0,31.0,39.0,40.0,41.0,41.0,45.0,65.0,87.0,112.0,131.0,138.0,143.0,139.0,1.0,1.0,1.0,1.0,1.0,1.0,1.0,1.0,local,local,local,local,local,local,local,local,0.0,0.0,0.0,0.0,0.0,0.0,0.0,0.0,0.0,0.0,0.0,0.0,0.0,0.0,0.0,0.0,0.0,0.0,0.0,0.0,0.0,0.0,0.0,0.0,0.0,0.0,0.0,0.0,0.0,0.0,0.0,0.0,0.0,0.0,0.0,0.0,0.0,0.0,0.0,0.0,2.0,2.0,2.0,2.0,2.0,2.0,2.0,2.0
1492,Dokkum,53.325115,5.997001,1298,1650,0.208,5.762,1,,,,,,,39.283,39.283,39.283,39.283,39.283,11.518,11.518,11.518,2.0,2.0,2.0,8.0,8.0,10.0,9.0,9.0,7.0,11.0,25.0,37.0,43.0,52.0,52.0,49.0,0.0,0.0,0.0,0.0,0.0,0.0,0.0,0.0,,,,,,,,,0.0,0.0,0.0,0.0,0.0,0.0,0.0,0.0,0.0,0.0,0.0,0.0,0.0,0.0,0.0,0.0,0.0,0.0,0.0,0.0,0.0,0.0,0.0,0.0,0.0,0.0,0.0,0.0,0.0,0.0,0.0,0.0,0.0,0.0,0.0,0.0,0.0,0.0,0.0,0.0,2.0,2.0,2.0,2.0,2.0,2.0,2.0,2.0
12562,,50.831818,10.95528,1220,1650,71.071,0.353,1,,,,,,,47.319,17.038,17.038,17.038,17.038,17.038,17.038,17.038,8.0,16.0,18.0,23.0,30.0,34.0,36.0,37.0,14.0,33.0,39.0,51.0,70.0,84.0,97.0,104.0,0.0,0.0,0.0,0.0,0.0,0.0,0.0,0.0,,,,,,,,,0.0,0.0,0.0,0.0,0.0,0.0,0.0,0.0,0.0,0.0,0.0,0.0,0.0,0.0,0.0,0.0,0.0,0.0,0.0,0.0,0.0,0.0,0.0,0.0,0.0,0.0,0.0,0.0,0.0,0.0,0.0,0.0,0.0,0.0,0.0,0.0,0.0,0.0,0.0,0.0,2.0,2.0,2.0,2.0,2.0,2.0,2.0,2.0
19423,,57.050671,9.922875,1000,1650,41.814,0.158,1,,,,,,,36.321,18.785,0.316,0.316,0.316,0.316,0.316,0.316,1.0,3.0,4.0,4.0,4.0,4.0,7.0,12.0,1.0,6.0,8.0,9.0,12.0,15.0,15.0,21.0,0.0,0.0,0.0,0.0,0.0,0.0,0.0,0.0,,,,,,,,,0.0,0.0,0.0,0.0,0.0,0.0,0.0,0.0,0.0,0.0,0.0,0.0,0.0,0.0,0.0,0.0,0.0,0.0,0.0,0.0,0.0,0.0,0.0,0.0,0.0,0.0,0.0,0.0,0.0,0.0,0.0,0.0,1.0,1.0,1.0,1.0,1.0,1.0,1.0,1.0,2.0,2.0,2.0,2.0,2.0,2.0,2.0,2.0
250,Amsterdam,52.373074,4.89257,1300,1650,0.434,0.044,1,1000.0,3000.0,12000.0,27000.0,60000.0,104000.0,34.864,0.0,0.0,0.0,0.0,0.0,0.0,0.0,5.0,10.0,11.0,12.0,13.0,16.0,16.0,15.0,23.0,40.0,54.0,66.0,80.0,84.0,85.0,81.0,0.0,1.0,1.0,1.0,1.0,1.0,1.0,1.0,,regional,regional,regional,regional,regional,regional,regional,0.0,1.0,1.0,1.0,1.0,1.0,1.0,1.0,0.0,1.0,1.0,1.0,1.0,1.0,1.0,1.0,0.0,0.0,0.0,0.0,0.0,0.0,0.0,0.0,0.0,0.0,0.0,0.0,0.0,0.0,0.0,0.0,0.0,0.0,0.0,0.0,0.0,0.0,0.0,0.0,2.0,3.0,3.0,3.0,3.0,3.0,3.0,3.0
1542,Dorsten,51.660332,6.963916,1251,1650,4.447,0.208,1,,,,,,,21.688,21.688,21.688,15.515,15.515,15.515,15.515,15.515,9.0,15.0,18.0,19.0,19.0,19.0,20.0,20.0,37.0,55.0,63.0,81.0,96.0,100.0,107.0,108.0,0.0,0.0,0.0,0.0,0.0,0.0,0.0,0.0,,,,,,,,,0.0,1.0,1.0,1.0,1.0,1.0,1.0,1.0,0.0,0.0,0.0,0.0,0.0,0.0,0.0,0.0,0.0,0.0,0.0,0.0,0.0,0.0,0.0,0.0,0.0,0.0,0.0,0.0,0.0,0.0,0.0,0.0,0.0,0.0,0.0,0.0,0.0,0.0,0.0,0.0,2.0,2.0,2.0,2.0,2.0,2.0,2.0,2.0
1545,Dortmund,51.514287,7.466708,1138,1650,15.091,0.264,1,7000.0,9000.0,8000.0,7000.0,7000.0,5000.0,0.0,0.0,0.0,0.0,0.0,0.0,0.0,0.0,8.0,12.0,13.0,16.0,16.0,16.0,16.0,16.0,29.0,40.0,44.0,57.0,66.0,70.0,80.0,81.0,1.0,1.0,1.0,1.0,1.0,1.0,1.0,1.0,regional,regional,regional,regional,regional,regional,regional,regional,1.0,1.0,1.0,1.0,1.0,1.0,1.0,1.0,0.0,0.0,0.0,0.0,0.0,0.0,0.0,0.0,0.0,0.0,0.0,0.0,0.0,0.0,0.0,0.0,0.0,0.0,0.0,0.0,0.0,0.0,0.0,0.0,0.0,0.0,0.0,0.0,0.0,0.0,0.0,0.0,3.0,3.0,3.0,3.0,3.0,3.0,3.0,3.0
1552,Drawsko Pomorskie,53.531377,15.812617,1297,1650,83.39,0.074,1,,,,,,,171.533,171.533,101.983,101.983,101.983,101.983,65.127,65.127,0.0,0.0,0.0,0.0,0.0,0.0,0.0,0.0,0.0,0.0,0.0,0.0,0.0,0.0,2.0,2.0,0.0,0.0,0.0,0.0,0.0,0.0,0.0,0.0,,,,,,,,,0.0,0.0,0.0,0.0,0.0,0.0,0.0,0.0,0.0,0.0,0.0,0.0,0.0,0.0,0.0,0.0,0.0,0.0,0.0,0.0,0.0,0.0,0.0,0.0,0.0,0.0,0.0,0.0,0.0,0.0,0.0,0.0,0.0,0.0,0.0,0.0,0.0,0.0,0.0,0.0,2.0,2.0,2.0,2.0,2.0,2.0,2.0,2.0
1570,Dresden,51.049734,13.737918,1200,1650,8.557,0.123,1,5000.0,4000.0,5000.0,8000.0,12000.0,22000.0,100.337,100.337,73.323,34.119,22.53,22.53,22.53,22.53,0.0,0.0,0.0,1.0,1.0,1.0,1.0,1.0,0.0,0.0,2.0,5.0,5.0,8.0,8.0,12.0,0.0,0.0,0.0,0.0,0.0,0.0,0.0,0.0,,,,,,,,,0.0,1.0,1.0,1.0,1.0,1.0,1.0,1.0,0.0,0.0,0.0,0.0,1.0,1.0,1.0,1.0,0.0,0.0,0.0,0.0,0.0,0.0,0.0,0.0,0.0,0.0,0.0,0.0,0.0,0.0,0.0,0.0,0.0,0.0,0.0,0.0,0.0,0.0,0.0,0.0,2.0,2.0,2.0,2.0,3.0,3.0,3.0,3.0
1576,Bad Driburg,51.735746,9.017924,1290,1650,25.036,2.4,1,,,,,,,18.188,18.188,18.188,18.188,18.188,18.188,18.188,18.188,5.0,13.0,18.0,20.0,25.0,27.0,36.0,36.0,22.0,43.0,61.0,65.0,79.0,81.0,103.0,112.0,0.0,0.0,0.0,0.0,0.0,0.0,0.0,0.0,,,,,,,,,0.0,0.0,0.0,0.0,0.0,0.0,0.0,0.0,0.0,0.0,0.0,0.0,0.0,0.0,0.0,0.0,0.0,0.0,0.0,0.0,0.0,0.0,0.0,0.0,0.0,0.0,0.0,0.0,0.0,0.0,0.0,0.0,0.0,0.0,0.0,0.0,0.0,0.0,0.0,0.0,2.0,2.0,2.0,2.0,2.0,2.0,2.0,2.0
8844,Sulechów,52.085174,15.625421,1250,1650,22.842,0.228,1,1000.0,1000.0,1000.0,2000.0,2000.0,3000.0,238.794,238.794,119.622,119.622,119.622,119.622,119.622,119.622,0.0,0.0,0.0,0.0,0.0,0.0,0.0,0.0,0.0,0.0,0.0,0.0,0.0,0.0,0.0,0.0,0.0,0.0,0.0,0.0,0.0,0.0,0.0,0.0,,,,,,,,,0.0,0.0,0.0,0.0,0.0,0.0,0.0,0.0,0.0,0.0,0.0,0.0,0.0,0.0,0.0,0.0,0.0,0.0,0.0,0.0,0.0,0.0,0.0,0.0,0.0,0.0,0.0,0.0,0.0,0.0,0.0,0.0,0.0,0.0,0.0,0.0,0.0,0.0,0.0,0.0,2.0,2.0,2.0,2.0,2.0,2.0,2.0,2.0
1588,Ośno Lubuskie,52.454365,14.870881,1252,1650,18.214,4.578,1,,,,,,,207.687,196.533,59.465,59.465,59.465,59.465,59.465,59.465,0.0,0.0,0.0,0.0,0.0,0.0,0.0,0.0,0.0,0.0,4.0,4.0,5.0,7.0,7.0,7.0,0.0,0.0,0.0,0.0,0.0,0.0,0.0,0.0,,,,,,,,,0.0,0.0,0.0,1.0,1.0,1.0,1.0,1.0,0.0,0.0,0.0,0.0,0.0,0.0,0.0,0.0,0.0,0.0,0.0,0.0,0.0,0.0,0.0,0.0,0.0,0.0,0.0,0.0,0.0,0.0,0.0,0.0,0.0,0.0,0.0,0.0,0.0,0.0,0.0,0.0,1.0,1.0,1.0,1.0,1.0,1.0,1.0,1.0
19302,Amsterdamse Verlaat,52.010677,4.706022,1272,1650,0.155,0.284,1,,,,,,,29.641,0.302,0.302,0.302,0.302,0.302,0.302,0.302,9.0,18.0,21.0,22.0,25.0,27.0,27.0,26.0,18.0,33.0,38.0,47.0,56.0,59.0,59.0,58.0,0.0,0.0,0.0,0.0,0.0,0.0,0.0,0.0,,,,,,,,,0.0,0.0,0.0,0.0,0.0,0.0,0.0,0.0,0.0,0.0,0.0,0.0,0.0,0.0,0.0,0.0,0.0,0.0,0.0,0.0,0.0,0.0,0.0,0.0,0.0,0.0,0.0,0.0,0.0,0.0,0.0,0.0,0.0,0.0,0.0,0.0,0.0,0.0,0.0,0.0,2.0,2.0,2.0,2.0,2.0,2.0,2.0,2.0
19489,,55.100118,14.693774,1300,1650,138.705,0.059,1,,,,,,,66.375,66.375,66.375,66.375,66.375,66.375,110.884,110.884,0.0,0.0,0.0,0.0,0.0,0.0,0.0,0.0,1.0,1.0,1.0,1.0,1.0,1.0,0.0,0.0,0.0,0.0,0.0,0.0,0.0,0.0,0.0,0.0,,,,,,,,,0.0,0.0,0.0,0.0,0.0,0.0,0.0,0.0,0.0,0.0,0.0,0.0,0.0,0.0,0.0,0.0,0.0,0.0,0.0,0.0,0.0,0.0,0.0,0.0,0.0,0.0,0.0,0.0,0.0,0.0,0.0,0.0,1.0,1.0,1.0,1.0,1.0,1.0,1.0,1.0,2.0,2.0,2.0,2.0,2.0,2.0,2.0,2.0
2648,Grünberg,50.591398,8.960404,1186,1650,54.44,2.37,1,,,,,,,47.079,46.196,46.196,46.196,46.196,46.196,46.196,46.196,4.0,5.0,5.0,5.0,5.0,5.0,7.0,7.0,5.0,13.0,13.0,13.0,13.0,13.0,20.0,24.0,0.0,0.0,0.0,0.0,0.0,0.0,0.0,0.0,,,,,,,,,0.0,0.0,0.0,0.0,0.0,0.0,0.0,0.0,0.0,0.0,0.0,0.0,0.0,0.0,0.0,0.0,0.0,0.0,0.0,0.0,0.0,0.0,0.0,0.0,0.0,0.0,0.0,0.0,0.0,0.0,0.0,0.0,0.0,0.0,0.0,0.0,0.0,0.0,0.0,0.0,2.0,2.0,2.0,2.0,2.0,2.0,2.0,2.0
1610,Duderstadt,51.512287,10.259632,1247,1650,33.018,0.361,1,,,,,,,37.042,17.105,17.105,17.105,17.105,17.105,12.197,11.367,4.0,16.0,23.0,24.0,31.0,31.0,34.0,40.0,18.0,50.0,65.0,78.0,93.0,102.0,127.0,140.0,0.0,0.0,0.0,0.0,0.0,0.0,0.0,0.0,,,,,,,,,0.0,0.0,0.0,0.0,0.0,0.0,0.0,0.0,0.0,0.0,0.0,0.0,0.0,0.0,0.0,0.0,0.0,0.0,0.0,0.0,0.0,0.0,0.0,0.0,0.0,0.0,0.0,0.0,0.0,0.0,0.0,0.0,0.0,0.0,0.0,0.0,0.0,0.0,0.0,0.0,2.0,2.0,2.0,2.0,2.0,2.0,2.0,2.0
1639,Düsseldorf,51.225891,6.772236,1288,1650,1.421,0.043,1,2000.0,2000.0,2000.0,3000.0,5000.0,7000.0,6.352,6.352,6.352,6.352,0.0,0.0,0.0,0.0,10.0,15.0,17.0,24.0,27.0,27.0,27.0,27.0,25.0,38.0,45.0,56.0,63.0,64.0,66.0,66.0,0.0,0.0,0.0,0.0,1.0,1.0,1.0,1.0,,,,,regional,regional,regional,regional,0.0,0.0,1.0,1.0,1.0,1.0,1.0,1.0,0.0,0.0,0.0,0.0,0.0,0.0,0.0,0.0,0.0,0.0,0.0,0.0,0.0,0.0,0.0,0.0,0.0,0.0,0.0,0.0,0.0,0.0,0.0,0.0,0.0,0.0,0.0,0.0,0.0,0.0,0.0,0.0,2.0,2.0,2.0,2.0,3.0,3.0,3.0,3.0
2674,Gudensberg,51.178357,9.36549,1254,1650,10.392,2.133,1,,,,,,,66.241,18.12,18.12,18.12,18.12,18.12,18.12,18.12,0.0,3.0,8.0,8.0,8.0,8.0,8.0,8.0,15.0,37.0,49.0,54.0,63.0,67.0,83.0,93.0,0.0,0.0,0.0,0.0,0.0,0.0,0.0,0.0,,,,,,,,,0.0,0.0,0.0,0.0,0.0,0.0,0.0,0.0,0.0,0.0,0.0,0.0,0.0,0.0,0.0,0.0,0.0,0.0,0.0,0.0,0.0,0.0,0.0,0.0,0.0,0.0,0.0,0.0,0.0,0.0,0.0,0.0,0.0,0.0,0.0,0.0,0.0,0.0,0.0,0.0,1.0,2.0,2.0,2.0,2.0,2.0,2.0,2.0
19303,IJsselhavensluis,52.007157,4.71373,1272,1650,0.014,0.05,1,,,,,,,29.264,0.504,0.504,0.504,0.504,0.504,0.504,0.504,9.0,18.0,21.0,22.0,25.0,27.0,27.0,26.0,18.0,33.0,38.0,47.0,56.0,59.0,59.0,58.0,0.0,0.0,0.0,0.0,0.0,0.0,0.0,0.0,,,,,,,,,0.0,0.0,0.0,0.0,0.0,0.0,0.0,0.0,0.0,0.0,0.0,0.0,0.0,0.0,0.0,0.0,0.0,0.0,0.0,0.0,0.0,0.0,0.0,0.0,0.0,0.0,0.0,0.0,0.0,0.0,0.0,0.0,0.0,0.0,0.0,0.0,0.0,0.0,0.0,0.0,2.0,2.0,2.0,2.0,2.0,2.0,2.0,2.0
1665,Eberswalde,52.833374,13.821509,1300,1650,0.275,0.128,1,,,,,,,143.402,123.548,44.801,44.801,44.801,44.801,44.801,44.801,0.0,0.0,3.0,3.0,3.0,3.0,3.0,3.0,0.0,0.0,4.0,4.0,8.0,10.0,13.0,14.0,0.0,0.0,0.0,0.0,0.0,0.0,0.0,0.0,,,,,,,,,0.0,1.0,1.0,1.0,1.0,1.0,1.0,1.0,0.0,1.0,1.0,1.0,1.0,1.0,1.0,1.0,0.0,0.0,0.0,0.0,0.0,0.0,0.0,0.0,0.0,0.0,0.0,0.0,0.0,0.0,0.0,0.0,0.0,0.0,0.0,0.0,0.0,0.0,0.0,0.0,2.0,3.0,3.0,3.0,3.0,3.0,3.0,3.0
11715,Rønne,55.100439,14.695539,1300,1650,138.801,0.059,1,,,,,,,66.448,66.448,66.448,66.448,66.448,66.448,110.991,110.991,0.0,0.0,0.0,0.0,0.0,0.0,0.0,0.0,1.0,1.0,1.0,1.0,1.0,1.0,0.0,0.0,0.0,0.0,0.0,0.0,0.0,0.0,0.0,0.0,,,,,,,,,0.0,0.0,0.0,0.0,0.0,0.0,0.0,0.0,0.0,0.0,0.0,0.0,0.0,0.0,0.0,0.0,0.0,0.0,0.0,0.0,0.0,0.0,0.0,0.0,0.0,0.0,0.0,0.0,0.0,0.0,0.0,0.0,0.0,0.0,0.0,0.0,0.0,0.0,0.0,0.0,2.0,2.0,2.0,2.0,2.0,2.0,2.0,2.0
19559,,55.230103,11.754298,1140,1650,137.566,0.057,1,,,,,,,26.603,26.603,26.603,24.083,24.083,24.083,24.083,24.083,1.0,2.0,3.0,7.0,7.0,8.0,12.0,12.0,3.0,9.0,13.0,18.0,18.0,22.0,27.0,35.0,0.0,0.0,0.0,0.0,0.0,0.0,0.0,0.0,,,,,,,,,0.0,0.0,0.0,0.0,0.0,0.0,0.0,0.0,0.0,0.0,0.0,0.0,0.0,0.0,0.0,0.0,0.0,0.0,1.0,1.0,1.0,1.0,1.0,1.0,0.0,0.0,0.0,0.0,0.0,0.0,0.0,0.0,0.0,0.0,0.0,0.0,0.0,0.0,0.0,0.0,2.0,2.0,2.0,2.0,2.0,2.0,2.0,2.0
1721,Eilenburg,51.459806,12.633292,1200,1650,27.146,0.294,1,1000.0,1000.0,1000.0,1000.0,2000.0,2000.0,22.363,22.363,21.965,21.965,21.965,21.965,21.965,21.965,3.0,3.0,7.0,9.0,11.0,14.0,14.0,18.0,5.0,7.0,13.0,26.0,38.0,49.0,61.0,68.0,0.0,0.0,0.0,0.0,0.0,0.0,0.0,0.0,,,,,,,,,0.0,0.0,0.0,0.0,0.0,1.0,1.0,1.0,0.0,0.0,0.0,0.0,0.0,0.0,0.0,0.0,0.0,0.0,0.0,0.0,0.0,0.0,0.0,0.0,0.0,0.0,0.0,0.0,0.0,0.0,0.0,0.0,0.0,0.0,0.0,0.0,0.0,0.0,0.0,0.0,2.0,2.0,2.0,2.0,2.0,2.0,2.0,2.0
1728,Eindhoven,51.439449,5.478408,1232,1650,33.465,0.032,1,1000.0,1000.0,1000.0,1000.0,1000.0,2000.0,44.474,42.843,42.843,39.967,39.967,39.967,39.967,39.967,4.0,7.0,10.0,16.0,20.0,20.0,20.0,20.0,29.0,46.0,53.0,70.0,84.0,88.0,88.0,87.0,0.0,0.0,0.0,0.0,0.0,0.0,0.0,0.0,,,,,,,,,0.0,0.0,0.0,0.0,0.0,0.0,0.0,0.0,0.0,0.0,0.0,0.0,0.0,0.0,0.0,0.0,0.0,0.0,0.0,0.0,0.0,0.0,0.0,0.0,0.0,0.0,0.0,0.0,0.0,0.0,0.0,0.0,0.0,0.0,0.0,0.0,0.0,0.0,0.0,0.0,2.0,2.0,2.0,2.0,2.0,2.0,2.0,2.0
1741,Lutherstadt Eisleben,51.528307,11.546615,1180,1650,20.269,0.288,1,4000.0,4000.0,9000.0,8000.0,8000.0,6000.0,29.726,29.726,29.726,0.0,0.0,0.0,0.0,0.0,4.0,11.0,12.0,21.0,25.0,32.0,39.0,42.0,13.0,29.0,38.0,58.0,80.0,88.0,112.0,126.0,0.0,0.0,0.0,1.0,1.0,1.0,1.0,1.0,,,,local,local,local,local,local,0.0,0.0,0.0,0.0,1.0,1.0,1.0,1.0,0.0,0.0,0.0,0.0,0.0,0.0,0.0,0.0,0.0,0.0,0.0,0.0,0.0,0.0,0.0,0.0,0.0,0.0,0.0,0.0,0.0,0.0,0.0,0.0,0.0,0.0,0.0,0.0,0.0,0.0,0.0,0.0,2.0,2.0,2.0,2.0,2.0,2.0,2.0,2.0
6711,Bad Salzungen,50.812954,10.235517,1289,1650,35.338,0.119,1,,,,,,,18.919,18.919,18.919,18.919,18.919,18.919,18.919,18.919,8.0,16.0,17.0,17.0,20.0,25.0,31.0,35.0,16.0,36.0,47.0,54.0,71.0,77.0,86.0,95.0,0.0,0.0,0.0,0.0,0.0,0.0,0.0,0.0,,,,,,,,,0.0,0.0,0.0,0.0,0.0,0.0,0.0,0.0,0.0,0.0,0.0,0.0,0.0,0.0,0.0,0.0,0.0,0.0,0.0,0.0,0.0,0.0,0.0,0.0,0.0,0.0,0.0,0.0,0.0,0.0,0.0,0.0,0.0,0.0,0.0,0.0,0.0,0.0,0.0,0.0,2.0,2.0,2.0,2.0,2.0,2.0,2.0,2.0
1753,Elburg,52.448446,5.833982,1233,1650,13.719,0.1,1,,,,,,,18.26,16.219,0.0,0.0,0.0,0.0,0.0,0.0,6.0,13.0,24.0,29.0,36.0,38.0,39.0,36.0,29.0,43.0,61.0,82.0,96.0,106.0,107.0,103.0,0.0,0.0,1.0,1.0,1.0,1.0,1.0,1.0,,,regional,regional,regional,regional,regional,regional,0.0,0.0,0.0,0.0,0.0,0.0,0.0,0.0,0.0,0.0,0.0,0.0,0.0,1.0,1.0,1.0,0.0,0.0,0.0,0.0,0.0,0.0,0.0,0.0,0.0,0.0,0.0,0.0,0.0,0.0,0.0,0.0,0.0,0.0,0.0,0.0,0.0,0.0,0.0,0.0,2.0,2.0,3.0,3.0,3.0,3.0,3.0,3.0
1793,Emmerich,51.830158,6.24245,1233,1650,1.911,0.03,1,3000.0,2000.0,4000.0,4000.0,5000.0,5000.0,15.385,15.385,15.385,15.385,15.385,15.385,15.385,15.385,13.0,22.0,23.0,32.0,40.0,41.0,42.0,42.0,48.0,69.0,88.0,110.0,128.0,135.0,140.0,136.0,0.0,0.0,0.0,0.0,0.0,0.0,0.0,0.0,,,,,,,,,0.0,1.0,1.0,1.0,1.0,1.0,1.0,0.0,0.0,0.0,0.0,0.0,0.0,0.0,0.0,0.0,0.0,0.0,0.0,0.0,0.0,0.0,0.0,0.0,0.0,0.0,0.0,0.0,0.0,0.0,0.0,0.0,0.0,0.0,0.0,0.0,0.0,0.0,0.0,0.0,2.0,2.0,2.0,2.0,2.0,2.0,2.0,2.0
7949,Vacha,50.827581,10.020919,1186,1650,21.087,0.111,1,,,,,,,26.572,24.812,24.812,24.812,24.812,24.812,24.377,16.107,8.0,13.0,14.0,14.0,14.0,16.0,21.0,26.0,16.0,41.0,57.0,60.0,73.0,79.0,90.0,99.0,0.0,0.0,0.0,0.0,0.0,0.0,0.0,0.0,,,,,,,,,0.0,0.0,1.0,1.0,1.0,1.0,1.0,1.0,0.0,0.0,0.0,0.0,0.0,0.0,0.0,0.0,0.0,0.0,0.0,0.0,0.0,0.0,0.0,0.0,0.0,0.0,0.0,0.0,0.0,0.0,0.0,0.0,0.0,0.0,0.0,0.0,0.0,0.0,0.0,0.0,2.0,2.0,2.0,2.0,2.0,2.0,2.0,2.0
1826,Erfurt,50.977868,11.028775,1167,1650,68.224,0.085,1,16000.0,11000.0,19000.0,19000.0,19000.0,18000.0,48.457,0.0,0.0,0.0,0.0,0.0,0.0,0.0,4.0,12.0,13.0,16.0,23.0,27.0,28.0,27.0,15.0,34.0,44.0,64.0,84.0,97.0,114.0,123.0,0.0,1.0,1.0,1.0,1.0,1.0,1.0,1.0,,interregional,interregional,interregional,regional,regional,regional,regional,1.0,1.0,1.0,1.0,1.0,1.0,1.0,1.0,1.0,1.0,1.0,1.0,1.0,0.0,0.0,0.0,0.0,0.0,0.0,0.0,0.0,0.0,0.0,0.0,0.0,0.0,0.0,0.0,0.0,0.0,0.0,0.0,0.0,0.0,0.0,0.0,0.0,0.0,0.0,0.0,3.0,3.0,3.0,3.0,3.0,3.0,3.0,3.0
2777,Hamburg,53.54798,9.9931,1150,1650,0.239,0.042,1,5000.0,8000.0,30000.0,35000.0,40000.0,53000.0,0.0,0.0,0.0,0.0,0.0,0.0,0.0,0.0,7.0,7.0,7.0,9.0,14.0,18.0,29.0,29.0,13.0,19.0,24.0,31.0,50.0,51.0,81.0,89.0,1.0,1.0,1.0,1.0,1.0,1.0,1.0,1.0,regional,regional,regional,regional,regional,regional,regional,regional,1.0,1.0,1.0,1.0,1.0,1.0,1.0,1.0,0.0,0.0,0.0,0.0,1.0,1.0,1.0,1.0,0.0,0.0,0.0,0.0,0.0,0.0,0.0,0.0,0.0,0.0,0.0,0.0,0.0,0.0,0.0,0.0,1.0,1.0,1.0,1.0,1.0,1.0,1.0,1.0,3.0,3.0,3.0,3.0,3.0,3.0,3.0,3.0
1837,Ermsleben,51.731708,11.344125,1300,1650,23.394,0.371,1,,,,,,,23.423,23.423,23.423,23.423,23.423,0.0,0.0,0.0,7.0,12.0,13.0,20.0,22.0,29.0,38.0,42.0,13.0,34.0,48.0,65.0,91.0,102.0,128.0,144.0,0.0,0.0,0.0,0.0,0.0,1.0,1.0,1.0,,,,,,local,local,local,0.0,0.0,0.0,0.0,0.0,0.0,0.0,0.0,0.0,0.0,0.0,0.0,0.0,0.0,0.0,0.0,0.0,0.0,0.0,0.0,0.0,0.0,0.0,0.0,0.0,0.0,0.0,0.0,0.0,0.0,0.0,0.0,0.0,0.0,0.0,0.0,0.0,0.0,0.0,0.0,2.0,2.0,2.0,2.0,2.0,2.0,2.0,2.0
1865,Essen,51.456963,7.012649,1244,1650,7.625,0.101,1,1000.0,3000.0,3000.0,3000.0,3000.0,2000.0,0.0,0.0,0.0,0.0,0.0,0.0,0.0,0.0,12.0,18.0,21.0,23.0,25.0,25.0,26.0,26.0,36.0,50.0,57.0,74.0,89.0,93.0,100.0,101.0,1.0,1.0,1.0,1.0,1.0,1.0,1.0,1.0,regional,regional,regional,regional,regional,regional,regional,regional,0.0,0.0,0.0,0.0,0.0,1.0,1.0,1.0,0.0,0.0,0.0,0.0,0.0,0.0,0.0,0.0,0.0,0.0,0.0,0.0,0.0,0.0,0.0,0.0,0.0,0.0,0.0,0.0,0.0,0.0,0.0,0.0,0.0,0.0,0.0,0.0,0.0,0.0,0.0,0.0,3.0,3.0,3.0,3.0,3.0,3.0,3.0,3.0
14910,Rokin,52.372306,4.892819,1300,1650,0.487,0.044,1,,,,,,,34.78,0.087,0.087,0.087,0.087,0.087,0.087,0.087,5.0,10.0,11.0,12.0,13.0,16.0,16.0,15.0,23.0,40.0,54.0,66.0,80.0,84.0,85.0,81.0,0.0,0.0,0.0,0.0,0.0,0.0,0.0,0.0,,,,,,,,,0.0,0.0,0.0,0.0,0.0,0.0,0.0,0.0,0.0,1.0,1.0,1.0,1.0,1.0,1.0,1.0,0.0,0.0,0.0,0.0,0.0,0.0,0.0,0.0,0.0,0.0,0.0,0.0,0.0,0.0,0.0,0.0,1.0,1.0,1.0,1.0,1.0,1.0,1.0,1.0,2.0,3.0,3.0,3.0,3.0,3.0,3.0,3.0
3092,Hofgeismar,51.495751,9.379685,1220,1650,15.384,2.005,1,,,,,,,30.94,21.824,16.073,16.073,16.073,16.073,16.073,16.073,4.0,15.0,27.0,30.0,31.0,32.0,38.0,38.0,20.0,47.0,61.0,66.0,81.0,85.0,100.0,113.0,0.0,0.0,0.0,0.0,0.0,0.0,0.0,0.0,,,,,,,,,0.0,0.0,0.0,0.0,0.0,0.0,0.0,0.0,0.0,0.0,0.0,0.0,0.0,0.0,0.0,0.0,0.0,0.0,0.0,0.0,0.0,0.0,0.0,0.0,0.0,0.0,0.0,0.0,0.0,0.0,0.0,0.0,0.0,0.0,0.0,0.0,0.0,0.0,0.0,0.0,2.0,2.0,2.0,2.0,2.0,2.0,2.0,2.0
1923,Fehrbellin,52.813543,12.764139,1294,1650,36.955,0.137,1,,,,,,,107.508,52.783,52.783,52.783,46.643,46.643,12.739,12.739,0.0,0.0,0.0,0.0,3.0,3.0,5.0,5.0,0.0,3.0,8.0,8.0,15.0,19.0,32.0,37.0,0.0,0.0,0.0,0.0,0.0,0.0,0.0,0.0,,,,,,,,,0.0,0.0,0.0,0.0,0.0,0.0,0.0,0.0,0.0,0.0,0.0,0.0,0.0,0.0,0.0,0.0,0.0,0.0,0.0,0.0,0.0,0.0,0.0,0.0,0.0,0.0,0.0,0.0,0.0,0.0,0.0,0.0,0.0,0.0,0.0,0.0,0.0,0.0,0.0,0.0,2.0,2.0,2.0,2.0,2.0,2.0,2.0,2.0
1930,Viljandi,58.363146,25.599395,1224,1650,76.776,0.427,1,,,,,,,784.852,227.298,227.298,227.298,227.298,227.298,207.964,203.982,0.0,0.0,0.0,0.0,0.0,0.0,0.0,0.0,0.0,0.0,0.0,0.0,0.0,0.0,0.0,0.0,0.0,0.0,0.0,0.0,0.0,0.0,0.0,0.0,,,,,,,,,0.0,0.0,0.0,0.0,0.0,0.0,0.0,0.0,0.0,0.0,0.0,0.0,0.0,0.0,0.0,0.0,0.0,0.0,0.0,0.0,0.0,0.0,0.0,0.0,0.0,0.0,0.0,0.0,0.0,0.0,0.0,0.0,0.0,0.0,0.0,0.0,0.0,0.0,0.0,0.0,2.0,2.0,2.0,2.0,2.0,2.0,2.0,2.0
1947,Finsterwalde,51.630167,13.708495,1282,1650,41.73,0.083,1,,,,,,,97.846,97.846,80.713,55.557,54.499,43.567,43.567,25.477,0.0,0.0,0.0,0.0,0.0,3.0,3.0,5.0,2.0,2.0,6.0,7.0,9.0,13.0,16.0,18.0,0.0,0.0,0.0,0.0,0.0,0.0,0.0,0.0,,,,,,,,,0.0,0.0,0.0,0.0,0.0,0.0,0.0,0.0,0.0,0.0,0.0,0.0,0.0,0.0,0.0,0.0,0.0,0.0,0.0,0.0,0.0,0.0,0.0,0.0,0.0,0.0,0.0,0.0,0.0,0.0,0.0,0.0,0.0,0.0,0.0,0.0,0.0,0.0,0.0,0.0,2.0,2.0,2.0,2.0,2.0,2.0,2.0,2.0
3228,Horstmar,52.080091,7.302372,1260,1650,19.221,2.286,1,,,,,,,21.237,21.237,21.237,21.237,21.237,21.237,21.237,21.237,8.0,14.0,14.0,17.0,20.0,22.0,26.0,27.0,39.0,61.0,71.0,82.0,96.0,104.0,112.0,109.0,0.0,0.0,0.0,0.0,0.0,0.0,0.0,0.0,,,,,,,,,0.0,0.0,0.0,0.0,0.0,0.0,0.0,0.0,0.0,0.0,0.0,0.0,0.0,0.0,0.0,0.0,0.0,0.0,0.0,0.0,0.0,0.0,0.0,0.0,0.0,0.0,0.0,0.0,0.0,0.0,0.0,0.0,0.0,0.0,0.0,0.0,0.0,0.0,0.0,0.0,2.0,2.0,2.0,2.0,2.0,2.0,2.0,2.0
1962,Flensburg,54.782514,9.436726,1200,1650,33.855,0.035,1,2000.0,2000.0,3000.0,4000.0,6000.0,6000.0,74.344,62.076,62.076,62.076,42.07,42.07,31.104,31.104,0.0,0.0,0.0,0.0,3.0,3.0,7.0,7.0,1.0,9.0,14.0,17.0,31.0,26.0,41.0,43.0,0.0,0.0,0.0,0.0,0.0,0.0,0.0,0.0,,,,,,,,,1.0,1.0,1.0,1.0,1.0,1.0,1.0,1.0,0.0,0.0,0.0,0.0,0.0,0.0,0.0,0.0,0.0,0.0,0.0,0.0,0.0,0.0,0.0,0.0,0.0,0.0,0.0,0.0,0.0,0.0,0.0,0.0,1.0,1.0,1.0,1.0,1.0,1.0,1.0,1.0,2.0,2.0,2.0,2.0,2.0,2.0,2.0,2.0
1973,Forchheim,49.720153,11.057884,1300,1650,133.189,3.029,1,,,,,,,104.772,81.92,62.476,62.476,62.476,62.476,62.476,62.476,0.0,0.0,0.0,0.0,0.0,0.0,0.0,0.0,0.0,1.0,4.0,4.0,9.0,9.0,9.0,9.0,0.0,0.0,0.0,0.0,0.0,0.0,0.0,0.0,,,,,,,,,0.0,0.0,0.0,0.0,0.0,0.0,0.0,0.0,0.0,0.0,0.0,0.0,0.0,0.0,0.0,0.0,0.0,0.0,0.0,0.0,0.0,0.0,0.0,0.0,0.0,0.0,0.0,0.0,0.0,0.0,0.0,0.0,0.0,0.0,0.0,0.0,0.0,0.0,0.0,0.0,1.0,1.0,1.0,1.0,1.0,1.0,1.0,1.0
1985,Frankenberg,51.05931,8.801991,1243,1650,51.064,0.133,1,,,,,,,73.337,56.712,53.492,53.492,53.492,53.492,53.492,53.492,0.0,0.0,0.0,0.0,0.0,0.0,0.0,0.0,10.0,19.0,30.0,34.0,40.0,42.0,51.0,55.0,0.0,0.0,0.0,0.0,0.0,0.0,0.0,0.0,,,,,,,,,0.0,0.0,0.0,0.0,0.0,0.0,0.0,0.0,0.0,0.0,0.0,0.0,0.0,0.0,0.0,0.0,0.0,0.0,0.0,0.0,0.0,0.0,0.0,0.0,0.0,0.0,0.0,0.0,0.0,0.0,0.0,0.0,0.0,0.0,0.0,0.0,0.0,0.0,0.0,0.0,2.0,2.0,2.0,2.0,2.0,2.0,2.0,2.0
1987,Frankfurt am Main,50.110394,8.682175,1142,1650,2.962,0.076,1,13000.0,9000.0,12000.0,15000.0,20000.0,24000.0,0.0,0.0,0.0,0.0,0.0,0.0,0.0,0.0,1.0,3.0,3.0,3.0,3.0,3.0,5.0,5.0,5.0,10.0,10.0,10.0,10.0,10.0,12.0,12.0,1.0,1.0,1.0,1.0,1.0,1.0,1.0,1.0,interregional,interregional,interregional,interregional,interregional,interregional,interregional,interregional,0.0,0.0,0.0,0.0,0.0,0.0,0.0,0.0,0.0,0.0,0.0,0.0,0.0,0.0,0.0,0.0,0.0,0.0,0.0,0.0,0.0,0.0,0.0,0.0,0.0,0.0,0.0,0.0,0.0,0.0,0.0,0.0,0.0,0.0,0.0,0.0,0.0,0.0,0.0,0.0,3.0,3.0,3.0,3.0,3.0,3.0,3.0,3.0
3179,Homberg,51.033463,9.405479,1231,1650,14.052,2.159,1,,,,,,,64.296,32.158,32.158,32.158,32.158,32.158,32.158,32.158,0.0,6.0,6.0,6.0,6.0,6.0,6.0,10.0,16.0,37.0,50.0,53.0,61.0,64.0,79.0,88.0,0.0,0.0,0.0,0.0,0.0,0.0,0.0,0.0,,,,,,,,,0.0,0.0,0.0,0.0,0.0,0.0,0.0,0.0,0.0,0.0,0.0,0.0,0.0,0.0,0.0,0.0,0.0,0.0,0.0,0.0,0.0,0.0,0.0,0.0,0.0,0.0,0.0,0.0,0.0,0.0,0.0,0.0,0.0,0.0,0.0,0.0,0.0,0.0,0.0,0.0,1.0,2.0,2.0,2.0,2.0,2.0,2.0,2.0
839,Borken,51.844299,6.859231,1222,1650,19.877,0.138,1,,,,,,,0.0,0.0,0.0,0.0,0.0,0.0,0.0,0.0,10.0,14.0,14.0,15.0,15.0,17.0,18.0,18.0,43.0,63.0,77.0,100.0,116.0,121.0,126.0,124.0,1.0,1.0,1.0,1.0,1.0,1.0,1.0,1.0,regional,regional,regional,regional,regional,regional,regional,regional,0.0,0.0,0.0,0.0,0.0,0.0,0.0,0.0,0.0,0.0,0.0,0.0,0.0,0.0,0.0,0.0,0.0,0.0,0.0,0.0,0.0,0.0,0.0,0.0,0.0,0.0,0.0,0.0,0.0,0.0,0.0,0.0,0.0,0.0,0.0,0.0,0.0,0.0,0.0,0.0,3.0,3.0,3.0,3.0,3.0,3.0,3.0,3.0
1991,Frombork,54.358316,19.682164,1287,1650,28.475,0.082,1,,,,,,,393.196,393.196,368.426,368.426,368.426,368.426,267.366,267.366,0.0,0.0,0.0,0.0,0.0,0.0,0.0,0.0,0.0,0.0,0.0,0.0,0.0,0.0,0.0,0.0,0.0,0.0,0.0,0.0,0.0,0.0,0.0,0.0,,,,,,,,,0.0,0.0,0.0,0.0,1.0,1.0,1.0,1.0,0.0,0.0,0.0,0.0,0.0,0.0,0.0,0.0,0.0,0.0,0.0,0.0,0.0,0.0,0.0,0.0,0.0,0.0,0.0,0.0,0.0,0.0,0.0,0.0,0.0,0.0,0.0,0.0,0.0,0.0,0.0,0.0,2.0,2.0,2.0,2.0,2.0,2.0,2.0,2.0
2002,Freiberg,50.916999,13.343914,1170,1650,28.192,0.234,1,6000.0,4000.0,8000.0,8000.0,12000.0,10000.0,82.389,82.389,55.709,31.237,28.759,28.759,28.759,28.759,0.0,0.0,0.0,1.0,1.0,1.0,1.0,1.0,3.0,3.0,7.0,10.0,14.0,21.0,22.0,26.0,0.0,0.0,0.0,0.0,0.0,0.0,0.0,0.0,,,,,,,,,0.0,1.0,1.0,1.0,1.0,1.0,1.0,1.0,0.0,1.0,1.0,1.0,1.0,1.0,1.0,1.0,0.0,0.0,0.0,0.0,0.0,0.0,0.0,0.0,0.0,0.0,0.0,0.0,0.0,0.0,0.0,0.0,0.0,0.0,0.0,0.0,0.0,0.0,0.0,0.0,2.0,3.0,3.0,3.0,3.0,3.0,3.0,3.0
2015,Freyenstein,53.286596,12.354096,1287,1650,46.133,0.239,1,,,,,,,72.898,53.429,53.429,53.429,53.429,53.429,37.07,37.07,0.0,0.0,0.0,0.0,0.0,0.0,1.0,1.0,3.0,6.0,13.0,13.0,17.0,22.0,31.0,36.0,0.0,0.0,0.0,0.0,0.0,0.0,0.0,0.0,,,,,,,,,0.0,0.0,0.0,0.0,0.0,0.0,0.0,0.0,0.0,0.0,0.0,0.0,0.0,0.0,0.0,0.0,0.0,0.0,0.0,0.0,0.0,0.0,0.0,0.0,0.0,0.0,0.0,0.0,0.0,0.0,0.0,0.0,0.0,0.0,0.0,0.0,0.0,0.0,0.0,0.0,2.0,2.0,2.0,2.0,2.0,2.0,2.0,2.0
2020,Strzelce Krajeńskie,52.878961,15.533469,1260,1650,11.43,0.164,1,,,,,,,196.445,196.445,62.819,62.819,62.819,62.819,62.819,62.819,0.0,0.0,0.0,0.0,0.0,0.0,0.0,0.0,0.0,0.0,1.0,1.0,2.0,4.0,5.0,5.0,0.0,0.0,0.0,0.0,0.0,0.0,0.0,0.0,,,,,,,,,0.0,0.0,0.0,0.0,0.0,0.0,0.0,0.0,0.0,0.0,0.0,0.0,0.0,0.0,0.0,0.0,0.0,0.0,0.0,0.0,0.0,0.0,0.0,0.0,0.0,0.0,0.0,0.0,0.0,0.0,0.0,0.0,0.0,0.0,0.0,0.0,0.0,0.0,0.0,0.0,2.0,2.0,2.0,2.0,2.0,2.0,2.0,2.0
12349,,52.882776,11.491696,1289,1650,18.736,0.087,1,,,,,,,35.776,33.015,23.098,23.098,23.098,23.098,23.098,23.098,1.0,4.0,9.0,12.0,17.0,17.0,20.0,22.0,7.0,13.0,27.0,35.0,43.0,46.0,68.0,75.0,0.0,0.0,0.0,0.0,0.0,0.0,0.0,0.0,,,,,,,,,0.0,0.0,0.0,0.0,0.0,0.0,0.0,0.0,0.0,0.0,0.0,0.0,0.0,0.0,0.0,0.0,0.0,0.0,0.0,0.0,0.0,0.0,0.0,0.0,0.0,0.0,0.0,0.0,0.0,0.0,0.0,0.0,0.0,0.0,0.0,0.0,0.0,0.0,0.0,0.0,2.0,2.0,2.0,2.0,2.0,2.0,2.0,2.0
2037,Fritzlar,51.13185,9.274862,1180,1650,17.072,0.13,1,,,,,,,71.783,26.0,26.0,26.0,26.0,26.0,26.0,26.0,0.0,3.0,8.0,8.0,8.0,8.0,8.0,8.0,13.0,32.0,44.0,49.0,55.0,59.0,74.0,82.0,0.0,0.0,0.0,0.0,0.0,0.0,0.0,0.0,,,,,,,,,0.0,0.0,0.0,0.0,0.0,0.0,0.0,0.0,0.0,0.0,0.0,0.0,0.0,0.0,0.0,0.0,0.0,0.0,0.0,0.0,0.0,0.0,0.0,0.0,0.0,0.0,0.0,0.0,0.0,0.0,0.0,0.0,0.0,0.0,0.0,0.0,0.0,0.0,0.0,0.0,2.0,2.0,2.0,2.0,2.0,2.0,2.0,2.0
2038,Frohburg,51.056303,12.559354,1229,1650,26.868,1.087,1,,,,,,,29.693,29.693,23.329,11.838,11.838,11.838,11.838,8.636,3.0,4.0,6.0,8.0,11.0,11.0,12.0,14.0,5.0,7.0,13.0,30.0,41.0,52.0,60.0,67.0,0.0,0.0,0.0,0.0,0.0,0.0,0.0,0.0,,,,,,,,,0.0,0.0,0.0,0.0,0.0,0.0,0.0,0.0,0.0,0.0,0.0,0.0,0.0,0.0,0.0,0.0,0.0,0.0,0.0,0.0,0.0,0.0,0.0,0.0,0.0,0.0,0.0,0.0,0.0,0.0,0.0,0.0,0.0,0.0,0.0,0.0,0.0,0.0,0.0,0.0,2.0,2.0,2.0,2.0,2.0,2.0,2.0,2.0
3339,Iserlohn,51.374437,7.69752,1278,1650,30.629,0.776,1,2000.0,1000.0,2000.0,2000.0,2000.0,2000.0,22.309,22.309,22.309,22.309,22.309,22.309,22.309,22.309,8.0,8.0,9.0,11.0,11.0,11.0,11.0,11.0,21.0,28.0,32.0,39.0,46.0,48.0,57.0,58.0,0.0,0.0,0.0,0.0,0.0,0.0,0.0,0.0,,,,,,,,,0.0,0.0,0.0,0.0,0.0,0.0,0.0,0.0,0.0,0.0,0.0,0.0,0.0,0.0,0.0,0.0,0.0,0.0,0.0,0.0,0.0,0.0,0.0,0.0,0.0,0.0,0.0,0.0,0.0,0.0,0.0,0.0,0.0,0.0,0.0,0.0,0.0,0.0,0.0,0.0,2.0,2.0,2.0,2.0,2.0,2.0,2.0,2.0
2052,Fürstenberg (Oder),52.145719,14.673847,1293,1650,5.082,0.07,1,,,,,,,181.899,181.899,91.183,91.183,91.183,91.183,91.183,91.183,0.0,0.0,0.0,0.0,0.0,0.0,0.0,0.0,0.0,0.0,4.0,4.0,5.0,7.0,7.0,7.0,0.0,0.0,0.0,0.0,0.0,0.0,0.0,0.0,,,,,,,,,1.0,1.0,1.0,1.0,1.0,1.0,1.0,1.0,0.0,0.0,0.0,0.0,0.0,0.0,0.0,0.0,0.0,0.0,0.0,0.0,0.0,0.0,0.0,0.0,0.0,0.0,0.0,0.0,0.0,0.0,0.0,0.0,0.0,0.0,0.0,0.0,0.0,0.0,0.0,0.0,2.0,2.0,2.0,2.0,2.0,2.0,2.0,2.0
2057,Fürstenwalde,52.358301,14.063805,1252,1650,0.351,0.086,1,,,,,,,162.128,143.271,47.941,47.941,47.941,47.941,47.941,47.941,0.0,0.0,3.0,3.0,3.0,3.0,3.0,3.0,0.0,0.0,4.0,4.0,5.0,8.0,11.0,11.0,0.0,0.0,0.0,0.0,0.0,0.0,0.0,0.0,,,,,,,,,0.0,0.0,0.0,0.0,0.0,0.0,0.0,0.0,0.0,0.0,0.0,0.0,0.0,0.0,0.0,0.0,0.0,0.0,0.0,0.0,0.0,0.0,0.0,0.0,0.0,0.0,0.0,0.0,0.0,0.0,0.0,0.0,0.0,0.0,0.0,0.0,0.0,0.0,0.0,0.0,2.0,2.0,2.0,2.0,2.0,2.0,2.0,2.0
2084,Bad Gandersheim,51.870247,10.025543,1200,1650,35.223,0.692,1,,,,,,,18.9,12.333,12.333,12.333,12.333,12.333,12.333,12.333,8.0,17.0,24.0,27.0,31.0,32.0,43.0,45.0,20.0,48.0,75.0,84.0,97.0,104.0,132.0,145.0,0.0,0.0,0.0,0.0,0.0,0.0,0.0,0.0,,,,,,,,,1.0,1.0,1.0,1.0,1.0,1.0,1.0,1.0,0.0,0.0,0.0,0.0,0.0,0.0,0.0,0.0,0.0,0.0,0.0,0.0,0.0,0.0,0.0,0.0,0.0,0.0,0.0,0.0,0.0,0.0,0.0,0.0,0.0,0.0,0.0,0.0,0.0,0.0,0.0,0.0,2.0,2.0,2.0,2.0,2.0,2.0,2.0,2.0
2086,Gangelt,50.992788,5.99743,1300,1650,17.211,2.088,1,,,,,,,22.569,10.784,10.784,10.784,10.784,10.784,10.784,10.784,6.0,11.0,14.0,16.0,17.0,18.0,18.0,18.0,18.0,26.0,32.0,43.0,50.0,51.0,52.0,52.0,0.0,0.0,0.0,0.0,0.0,0.0,0.0,0.0,,,,,,,,,0.0,0.0,1.0,1.0,1.0,1.0,1.0,1.0,0.0,0.0,0.0,0.0,0.0,0.0,0.0,0.0,0.0,0.0,0.0,0.0,0.0,0.0,0.0,0.0,0.0,0.0,0.0,0.0,0.0,0.0,0.0,0.0,0.0,0.0,0.0,0.0,0.0,0.0,0.0,0.0,2.0,2.0,2.0,2.0,2.0,2.0,2.0,2.0
2094,Gardelegen,52.526638,11.391921,1241,1650,36.143,0.326,1,,,,,,,47.026,39.197,39.197,23.948,0.0,0.0,0.0,0.0,2.0,3.0,5.0,8.0,13.0,13.0,20.0,26.0,5.0,11.0,28.0,40.0,54.0,61.0,83.0,93.0,0.0,0.0,0.0,0.0,1.0,1.0,1.0,1.0,,,,,regional,regional,regional,regional,0.0,0.0,0.0,0.0,1.0,1.0,1.0,1.0,0.0,0.0,0.0,0.0,0.0,0.0,0.0,0.0,0.0,0.0,0.0,0.0,0.0,0.0,0.0,0.0,0.0,0.0,0.0,0.0,0.0,0.0,0.0,0.0,0.0,0.0,0.0,0.0,0.0,0.0,0.0,0.0,2.0,2.0,2.0,2.0,3.0,3.0,3.0,3.0
2106,Gartz,53.208154,14.391804,1249,1650,3.891,0.106,1,,,,,,,119.102,119.102,30.654,30.654,30.654,30.654,30.654,30.654,0.0,0.0,1.0,1.0,2.0,4.0,5.0,5.0,0.0,0.0,1.0,1.0,2.0,4.0,5.0,6.0,0.0,0.0,0.0,0.0,0.0,0.0,0.0,0.0,,,,,,,,,0.0,1.0,1.0,1.0,1.0,1.0,1.0,1.0,0.0,0.0,1.0,1.0,1.0,1.0,1.0,1.0,0.0,0.0,0.0,0.0,0.0,0.0,0.0,0.0,0.0,0.0,0.0,0.0,0.0,0.0,0.0,0.0,0.0,0.0,0.0,0.0,0.0,0.0,0.0,0.0,2.0,2.0,3.0,3.0,3.0,3.0,3.0,3.0
2126,Geertruidenberg,51.701142,4.859105,1213,1650,13.732,0.061,1,,,,,,,0.0,0.0,0.0,0.0,0.0,0.0,0.0,0.0,9.0,14.0,16.0,21.0,24.0,26.0,26.0,25.0,21.0,40.0,47.0,57.0,66.0,69.0,69.0,68.0,1.0,1.0,1.0,1.0,1.0,1.0,1.0,1.0,local,local,local,local,local,local,local,local,0.0,1.0,1.0,1.0,1.0,1.0,1.0,1.0,0.0,0.0,0.0,0.0,0.0,0.0,0.0,0.0,0.0,0.0,0.0,0.0,0.0,0.0,0.0,0.0,0.0,0.0,0.0,0.0,0.0,0.0,0.0,0.0,0.0,0.0,0.0,0.0,0.0,0.0,0.0,0.0,2.0,2.0,2.0,2.0,2.0,2.0,2.0,2.0
3514,Kamen ,51.591912,7.664565,1243,1650,6.391,0.277,1,,,,,,,16.175,16.175,8.102,8.102,8.102,8.102,8.102,8.102,13.0,17.0,18.0,20.0,21.0,22.0,27.0,28.0,25.0,36.0,40.0,49.0,59.0,63.0,74.0,75.0,0.0,0.0,0.0,0.0,0.0,0.0,0.0,0.0,,,,,,,,,0.0,0.0,0.0,0.0,0.0,0.0,0.0,0.0,0.0,0.0,0.0,0.0,0.0,0.0,0.0,0.0,0.0,0.0,0.0,0.0,0.0,0.0,0.0,0.0,0.0,0.0,0.0,0.0,0.0,0.0,0.0,0.0,0.0,0.0,0.0,0.0,0.0,0.0,0.0,0.0,2.0,2.0,2.0,2.0,2.0,2.0,2.0,2.0
2148,Geldern,51.517228,6.322164,1200,1650,13.283,0.145,1,,,,,,,19.442,0.0,0.0,0.0,0.0,0.0,0.0,0.0,15.0,21.0,26.0,37.0,43.0,43.0,43.0,43.0,34.0,52.0,61.0,79.0,92.0,96.0,97.0,97.0,0.0,1.0,1.0,1.0,1.0,1.0,1.0,1.0,,local,local,local,local,local,local,local,0.0,0.0,1.0,1.0,1.0,1.0,1.0,1.0,0.0,0.0,0.0,0.0,0.0,0.0,0.0,0.0,0.0,0.0,0.0,0.0,0.0,0.0,0.0,0.0,0.0,0.0,0.0,0.0,0.0,0.0,0.0,0.0,0.0,0.0,0.0,0.0,0.0,0.0,0.0,0.0,2.0,2.0,2.0,2.0,2.0,2.0,2.0,2.0
2151,Gelnhausen,50.202744,9.190682,1170,1650,22.339,5.685,1,,,,,,,22.773,0.0,0.0,0.0,0.0,0.0,0.0,0.0,5.0,7.0,7.0,7.0,7.0,7.0,9.0,9.0,10.0,17.0,19.0,19.0,24.0,24.0,31.0,32.0,0.0,1.0,1.0,1.0,1.0,1.0,1.0,1.0,,regional,regional,regional,regional,regional,regional,regional,1.0,1.0,1.0,1.0,1.0,1.0,1.0,1.0,0.0,0.0,0.0,0.0,0.0,0.0,0.0,0.0,0.0,0.0,0.0,0.0,0.0,0.0,0.0,0.0,0.0,0.0,0.0,0.0,0.0,0.0,0.0,0.0,0.0,0.0,0.0,0.0,0.0,0.0,0.0,0.0,2.0,3.0,3.0,3.0,3.0,3.0,3.0,3.0
2156,Genemuiden,52.622679,6.040893,1275,1650,0.491,0.07,1,,,,,,,12.769,12.769,11.003,11.003,11.003,11.003,11.003,11.003,5.0,11.0,26.0,30.0,33.0,36.0,37.0,34.0,28.0,47.0,63.0,83.0,98.0,109.0,109.0,105.0,0.0,0.0,0.0,0.0,0.0,0.0,0.0,0.0,,,,,,,,,0.0,0.0,0.0,0.0,0.0,0.0,0.0,0.0,0.0,0.0,0.0,0.0,0.0,0.0,0.0,0.0,0.0,0.0,0.0,0.0,0.0,0.0,0.0,0.0,0.0,0.0,0.0,0.0,0.0,0.0,0.0,0.0,0.0,0.0,0.0,0.0,0.0,0.0,0.0,0.0,2.0,2.0,2.0,2.0,2.0,2.0,2.0,2.0
2176,Geseke,51.6368,8.512053,1220,1650,58.186,3.01,1,,,,,,,12.233,12.233,12.233,12.233,12.233,12.233,12.233,12.233,3.0,5.0,10.0,12.0,16.0,18.0,22.0,22.0,22.0,41.0,56.0,61.0,70.0,71.0,88.0,92.0,0.0,0.0,0.0,0.0,0.0,0.0,0.0,0.0,,,,,,,,,0.0,0.0,0.0,0.0,0.0,0.0,0.0,0.0,0.0,0.0,0.0,0.0,0.0,0.0,0.0,0.0,0.0,0.0,0.0,0.0,0.0,0.0,0.0,0.0,0.0,0.0,0.0,0.0,0.0,0.0,0.0,0.0,0.0,0.0,0.0,0.0,0.0,0.0,0.0,0.0,2.0,2.0,2.0,2.0,2.0,2.0,2.0,2.0
2164,Gera,50.876431,12.083345,1237,1650,48.71,0.138,1,1000.0,1000.0,1000.0,2000.0,2000.0,3000.0,19.665,19.665,19.665,19.665,19.665,19.665,19.665,19.665,2.0,4.0,6.0,17.0,20.0,22.0,24.0,26.0,5.0,14.0,20.0,37.0,48.0,60.0,68.0,72.0,0.0,0.0,0.0,0.0,0.0,0.0,0.0,0.0,,,,,,,,,0.0,0.0,0.0,0.0,0.0,0.0,0.0,0.0,0.0,0.0,0.0,0.0,0.0,0.0,0.0,0.0,0.0,0.0,0.0,0.0,0.0,0.0,0.0,0.0,0.0,0.0,0.0,0.0,0.0,0.0,0.0,0.0,0.0,0.0,0.0,0.0,0.0,0.0,0.0,0.0,2.0,2.0,2.0,2.0,2.0,2.0,2.0,2.0
3582,Kastel,50.00752,8.283357,1237,1650,1.018,0.102,1,,,,,,,30.683,30.683,30.683,30.683,30.683,30.683,30.683,30.683,1.0,2.0,2.0,2.0,2.0,2.0,2.0,2.0,5.0,7.0,7.0,7.0,7.0,7.0,9.0,9.0,0.0,0.0,0.0,0.0,0.0,0.0,0.0,0.0,,,,,,,,,0.0,0.0,0.0,0.0,0.0,0.0,0.0,0.0,0.0,0.0,0.0,0.0,0.0,0.0,0.0,0.0,0.0,0.0,0.0,0.0,0.0,0.0,0.0,0.0,0.0,0.0,0.0,0.0,0.0,0.0,0.0,0.0,0.0,0.0,0.0,0.0,0.0,0.0,0.0,0.0,2.0,2.0,2.0,2.0,2.0,2.0,2.0,2.0
2250,Goch,51.676004,6.155381,1261,1650,11.671,0.235,1,,,,,,,0.0,0.0,0.0,0.0,0.0,0.0,0.0,0.0,11.0,17.0,19.0,26.0,30.0,30.0,30.0,30.0,46.0,69.0,83.0,102.0,116.0,122.0,124.0,120.0,1.0,1.0,1.0,1.0,1.0,1.0,1.0,1.0,local,local,local,local,local,local,local,local,0.0,0.0,1.0,1.0,1.0,1.0,1.0,1.0,0.0,0.0,0.0,0.0,0.0,0.0,0.0,0.0,0.0,0.0,0.0,0.0,0.0,0.0,0.0,0.0,0.0,0.0,0.0,0.0,0.0,0.0,0.0,0.0,0.0,0.0,0.0,0.0,0.0,0.0,0.0,0.0,2.0,2.0,2.0,2.0,2.0,2.0,2.0,2.0
2281,Goleniów,53.563778,14.828354,1268,1650,31.443,4.945,1,,,,,,,111.914,111.914,68.212,68.212,68.212,68.212,0.0,0.0,0.0,0.0,0.0,0.0,0.0,0.0,1.0,1.0,0.0,0.0,1.0,1.0,2.0,4.0,6.0,7.0,0.0,0.0,0.0,0.0,0.0,0.0,1.0,1.0,,,,,,,regional,regional,0.0,0.0,0.0,0.0,0.0,0.0,0.0,0.0,0.0,0.0,0.0,0.0,0.0,0.0,0.0,0.0,0.0,0.0,0.0,0.0,0.0,0.0,0.0,0.0,0.0,0.0,0.0,0.0,0.0,0.0,0.0,0.0,0.0,0.0,0.0,0.0,0.0,0.0,0.0,0.0,1.0,1.0,1.0,1.0,1.0,1.0,3.0,3.0
2297,Goor,52.23225,6.581283,1263,1650,2.038,0.052,1,,,,,,,0.0,0.0,0.0,0.0,0.0,0.0,0.0,0.0,12.0,21.0,27.0,30.0,34.0,39.0,41.0,38.0,39.0,62.0,80.0,102.0,119.0,125.0,130.0,128.0,1.0,1.0,1.0,1.0,1.0,1.0,1.0,1.0,local,local,local,local,local,local,local,local,0.0,0.0,1.0,1.0,1.0,1.0,1.0,1.0,0.0,0.0,0.0,0.0,0.0,0.0,0.0,0.0,0.0,0.0,0.0,0.0,0.0,0.0,0.0,0.0,0.0,0.0,0.0,0.0,0.0,0.0,0.0,0.0,0.0,0.0,0.0,0.0,0.0,0.0,0.0,0.0,2.0,2.0,2.0,2.0,2.0,2.0,2.0,2.0
2325,Görzke,52.171618,12.366115,1283,1650,27.477,0.286,1,,,,,,,49.81,49.055,27.958,27.958,27.958,27.958,27.958,27.958,1.0,2.0,4.0,4.0,10.0,14.0,18.0,23.0,6.0,12.0,20.0,28.0,41.0,55.0,75.0,89.0,0.0,0.0,0.0,0.0,0.0,0.0,0.0,0.0,,,,,,,,,0.0,0.0,0.0,1.0,1.0,1.0,1.0,1.0,0.0,0.0,0.0,0.0,0.0,0.0,0.0,0.0,0.0,0.0,0.0,0.0,0.0,0.0,0.0,0.0,0.0,0.0,0.0,0.0,0.0,0.0,0.0,0.0,0.0,0.0,0.0,0.0,0.0,0.0,0.0,0.0,2.0,2.0,2.0,2.0,2.0,2.0,2.0,2.0
2337,Goslar ,51.905882,10.428955,1219,1650,8.956,0.266,1,9000.0,6000.0,12000.0,10000.0,8000.0,7000.0,42.345,36.936,36.936,25.711,0.0,0.0,0.0,0.0,7.0,16.0,20.0,28.0,32.0,33.0,41.0,44.0,17.0,45.0,72.0,84.0,99.0,108.0,134.0,147.0,0.0,0.0,0.0,0.0,1.0,1.0,1.0,1.0,,,,,regional,regional,regional,regional,0.0,0.0,0.0,0.0,0.0,0.0,0.0,0.0,0.0,0.0,0.0,0.0,0.0,0.0,0.0,0.0,0.0,0.0,0.0,0.0,0.0,0.0,0.0,0.0,0.0,0.0,0.0,0.0,0.0,0.0,0.0,0.0,0.0,0.0,0.0,0.0,0.0,0.0,0.0,0.0,2.0,2.0,2.0,2.0,3.0,3.0,3.0,3.0
17108,,50.23288,7.591252,1216,1650,2.958,0.066,1,,,,,,,68.345,68.345,68.345,68.345,68.345,68.345,68.345,68.345,0.0,0.0,0.0,0.0,0.0,0.0,0.0,0.0,2.0,3.0,4.0,4.0,5.0,5.0,6.0,6.0,0.0,0.0,0.0,0.0,0.0,0.0,0.0,0.0,,,,,,,,,0.0,0.0,0.0,0.0,0.0,0.0,0.0,0.0,0.0,0.0,0.0,0.0,0.0,0.0,0.0,0.0,0.0,0.0,0.0,0.0,0.0,0.0,0.0,0.0,0.0,0.0,0.0,0.0,0.0,0.0,0.0,0.0,0.0,1.0,1.0,1.0,1.0,1.0,1.0,1.0,2.0,2.0,2.0,2.0,2.0,2.0,2.0,2.0
2347,Gotha,50.949588,10.701229,1168,1650,48.984,0.122,1,5000.0,3000.0,3000.0,3000.0,4000.0,5000.0,26.871,21.167,21.167,21.167,21.167,21.167,21.167,21.167,8.0,18.0,19.0,19.0,22.0,28.0,29.0,35.0,13.0,39.0,51.0,67.0,84.0,96.0,109.0,119.0,0.0,0.0,0.0,0.0,0.0,0.0,0.0,0.0,,,,,,,,,0.0,0.0,0.0,0.0,1.0,1.0,1.0,1.0,0.0,0.0,0.0,0.0,0.0,0.0,0.0,0.0,0.0,0.0,0.0,0.0,0.0,0.0,0.0,0.0,0.0,0.0,0.0,0.0,0.0,0.0,0.0,0.0,0.0,0.0,0.0,0.0,0.0,0.0,0.0,0.0,2.0,2.0,2.0,2.0,2.0,2.0,2.0,2.0
2362,Grabow (Elde),53.278957,11.563934,1252,1650,5.446,0.076,1,,,,,,,37.111,37.111,37.111,37.111,37.111,37.111,25.133,25.133,3.0,3.0,6.0,6.0,6.0,6.0,8.0,8.0,5.0,8.0,15.0,20.0,25.0,27.0,42.0,47.0,0.0,0.0,0.0,0.0,0.0,0.0,0.0,0.0,,,,,,,,,0.0,0.0,1.0,1.0,1.0,1.0,1.0,1.0,0.0,0.0,0.0,0.0,0.0,0.0,0.0,0.0,0.0,0.0,0.0,0.0,0.0,0.0,0.0,0.0,0.0,0.0,0.0,0.0,0.0,0.0,0.0,0.0,0.0,0.0,0.0,0.0,0.0,0.0,0.0,0.0,2.0,2.0,2.0,2.0,2.0,2.0,2.0,2.0
2406,Gryfice,53.91466,15.19863,1262,1650,77.012,0.298,1,,,,,,,120.481,120.481,112.653,112.653,112.653,112.653,38.093,38.093,0.0,0.0,0.0,0.0,0.0,0.0,2.0,2.0,0.0,0.0,0.0,0.0,0.0,0.0,2.0,2.0,0.0,0.0,0.0,0.0,0.0,0.0,0.0,0.0,,,,,,,,,0.0,0.0,0.0,0.0,0.0,0.0,0.0,0.0,0.0,0.0,0.0,0.0,0.0,0.0,0.0,0.0,0.0,0.0,0.0,0.0,0.0,0.0,0.0,0.0,0.0,0.0,0.0,0.0,0.0,0.0,0.0,0.0,0.0,0.0,0.0,0.0,0.0,0.0,0.0,0.0,2.0,2.0,2.0,2.0,2.0,2.0,2.0,2.0
2374,Gräfenhainichen,51.732055,12.459432,1300,1650,16.421,0.243,1,,,,,,,43.73,43.73,24.906,24.906,24.906,24.906,24.906,18.591,3.0,3.0,5.0,7.0,13.0,16.0,19.0,22.0,8.0,14.0,22.0,34.0,48.0,62.0,80.0,94.0,0.0,0.0,0.0,0.0,0.0,0.0,0.0,0.0,,,,,,,,,0.0,0.0,0.0,0.0,0.0,1.0,1.0,1.0,0.0,0.0,0.0,0.0,0.0,0.0,0.0,0.0,0.0,0.0,0.0,0.0,0.0,0.0,0.0,0.0,0.0,0.0,0.0,0.0,0.0,0.0,0.0,0.0,0.0,0.0,0.0,0.0,0.0,0.0,0.0,0.0,2.0,2.0,2.0,2.0,2.0,2.0,2.0,2.0
2384,Gramzow,53.210501,14.005782,1288,1586,20.168,0.206,1,,,,,,,106.733,106.733,48.584,48.584,48.584,48.584,,,0.0,0.0,1.0,1.0,2.0,4.0,,,0.0,0.0,4.0,4.0,5.0,7.0,,,0.0,0.0,0.0,0.0,0.0,0.0,,,,,,,,,,,0.0,0.0,0.0,0.0,0.0,0.0,,,0.0,0.0,0.0,0.0,0.0,0.0,,,0.0,0.0,0.0,0.0,0.0,0.0,,,0.0,0.0,0.0,0.0,0.0,0.0,,,0.0,0.0,0.0,0.0,0.0,0.0,,,2.0,2.0,2.0,2.0,2.0,2.0,,
2396,Grave,51.759622,5.741361,1279,1650,3.736,0.061,1,,,,,,,12.931,12.931,12.931,0.0,0.0,0.0,0.0,0.0,12.0,16.0,18.0,27.0,33.0,33.0,33.0,33.0,40.0,65.0,81.0,100.0,114.0,120.0,122.0,118.0,0.0,0.0,0.0,1.0,1.0,1.0,1.0,1.0,,,,regional,local,local,local,local,0.0,0.0,0.0,0.0,0.0,0.0,0.0,0.0,0.0,0.0,0.0,0.0,1.0,1.0,1.0,1.0,0.0,0.0,0.0,0.0,0.0,0.0,0.0,0.0,0.0,0.0,0.0,0.0,0.0,0.0,0.0,0.0,0.0,0.0,0.0,0.0,0.0,0.0,0.0,0.0,2.0,2.0,2.0,3.0,3.0,3.0,3.0,3.0
2407,Gryfino,53.252431,14.487304,1254,1650,4.15,0.129,1,,,,,,,118.785,118.785,32.976,32.976,32.976,32.976,32.976,32.976,0.0,0.0,1.0,1.0,2.0,4.0,5.0,5.0,0.0,0.0,1.0,1.0,2.0,4.0,5.0,6.0,0.0,0.0,0.0,0.0,0.0,0.0,0.0,0.0,,,,,,,,,0.0,0.0,0.0,0.0,0.0,0.0,0.0,0.0,0.0,0.0,0.0,0.0,0.0,0.0,0.0,0.0,0.0,0.0,0.0,0.0,0.0,0.0,0.0,0.0,0.0,0.0,0.0,0.0,0.0,0.0,0.0,0.0,0.0,0.0,0.0,0.0,0.0,0.0,0.0,0.0,2.0,2.0,2.0,2.0,2.0,2.0,2.0,2.0
2388,Gransee,53.006872,13.157326,1262,1650,21.989,0.21,1,,,,,,,122.012,80.4,56.857,56.857,56.857,56.857,25.217,25.217,0.0,0.0,0.0,0.0,0.0,0.0,1.0,1.0,0.0,3.0,7.0,7.0,11.0,16.0,21.0,26.0,0.0,0.0,0.0,0.0,0.0,0.0,0.0,0.0,,,,,,,,,1.0,1.0,1.0,1.0,1.0,1.0,1.0,1.0,0.0,0.0,0.0,0.0,0.0,1.0,1.0,1.0,0.0,0.0,0.0,0.0,0.0,0.0,0.0,0.0,0.0,0.0,0.0,0.0,0.0,0.0,0.0,0.0,0.0,0.0,0.0,0.0,0.0,0.0,0.0,0.0,2.0,2.0,2.0,2.0,2.0,3.0,3.0,3.0
2420,Grevenbroich,51.088689,6.589691,1300,1650,14.407,0.132,1,,,,,,,14.114,14.114,14.114,14.114,14.114,14.114,14.114,14.114,6.0,9.0,14.0,20.0,23.0,23.0,23.0,23.0,23.0,35.0,42.0,53.0,60.0,61.0,63.0,63.0,0.0,0.0,0.0,0.0,0.0,0.0,0.0,0.0,,,,,,,,,1.0,1.0,1.0,1.0,1.0,1.0,1.0,1.0,0.0,0.0,0.0,0.0,0.0,0.0,0.0,0.0,0.0,0.0,0.0,0.0,0.0,0.0,0.0,0.0,0.0,0.0,0.0,0.0,0.0,0.0,0.0,0.0,0.0,0.0,0.0,0.0,0.0,0.0,0.0,0.0,2.0,2.0,2.0,2.0,2.0,2.0,2.0,2.0
2423,Grevesmühlen,53.864762,11.185051,1262,1650,31.05,0.71,1,,,,,,,30.281,30.281,18.666,18.666,18.666,18.666,0.0,0.0,2.0,2.0,3.0,3.0,4.0,5.0,10.0,11.0,8.0,8.0,14.0,17.0,28.0,29.0,47.0,48.0,0.0,0.0,0.0,0.0,0.0,0.0,1.0,1.0,,,,,,,local,local,0.0,0.0,0.0,0.0,1.0,1.0,1.0,1.0,0.0,0.0,0.0,0.0,0.0,0.0,0.0,0.0,0.0,0.0,0.0,0.0,0.0,0.0,0.0,0.0,0.0,0.0,0.0,0.0,0.0,0.0,0.0,0.0,0.0,0.0,0.0,0.0,0.0,0.0,0.0,0.0,2.0,2.0,2.0,2.0,2.0,2.0,2.0,2.0
2431,Grimmen,54.113007,13.043325,1287,1650,19.605,0.365,1,,,,,,,22.094,22.094,22.094,22.094,22.094,22.094,22.094,22.094,1.0,1.0,1.0,1.0,1.0,3.0,6.0,6.0,1.0,1.0,2.0,2.0,2.0,4.0,8.0,9.0,0.0,0.0,0.0,0.0,0.0,0.0,0.0,0.0,,,,,,,,,0.0,0.0,0.0,0.0,0.0,0.0,0.0,0.0,0.0,0.0,0.0,0.0,0.0,0.0,0.0,0.0,0.0,0.0,0.0,0.0,0.0,0.0,0.0,0.0,0.0,0.0,0.0,0.0,0.0,0.0,0.0,0.0,0.0,0.0,0.0,0.0,0.0,0.0,0.0,0.0,2.0,2.0,2.0,2.0,2.0,2.0,2.0,2.0
2449,Groenlo,52.042482,6.61721,1277,1650,7.498,0.243,1,,,,,,,21.243,21.243,21.243,21.243,21.243,21.243,21.243,21.243,11.0,18.0,19.0,21.0,26.0,29.0,30.0,30.0,42.0,65.0,85.0,108.0,130.0,136.0,141.0,139.0,0.0,0.0,0.0,0.0,0.0,0.0,0.0,0.0,,,,,,,,,0.0,0.0,0.0,0.0,0.0,0.0,0.0,0.0,0.0,0.0,0.0,0.0,0.0,0.0,0.0,0.0,0.0,0.0,0.0,0.0,0.0,0.0,0.0,0.0,0.0,0.0,0.0,0.0,0.0,0.0,0.0,0.0,0.0,0.0,0.0,0.0,0.0,0.0,0.0,0.0,2.0,2.0,2.0,2.0,2.0,2.0,2.0,2.0
12568,,52.114746,8.673271,1170,1650,18.041,0.058,1,,,,,,,25.433,14.266,14.266,14.266,6.171,6.171,6.171,6.171,8.0,16.0,18.0,18.0,23.0,23.0,30.0,30.0,28.0,43.0,61.0,67.0,80.0,84.0,104.0,108.0,0.0,0.0,0.0,0.0,0.0,0.0,0.0,0.0,,,,,,,,,0.0,0.0,0.0,0.0,0.0,0.0,0.0,0.0,0.0,0.0,0.0,0.0,0.0,0.0,0.0,0.0,0.0,0.0,0.0,0.0,0.0,0.0,0.0,0.0,0.0,0.0,0.0,0.0,0.0,0.0,0.0,0.0,0.0,0.0,0.0,0.0,0.0,0.0,0.0,0.0,2.0,2.0,2.0,2.0,2.0,2.0,2.0,2.0
2556,Bad Salzelmen,52.004913,11.724472,1291,1650,2.438,0.097,1,,,,,,,15.251,15.251,15.251,15.251,15.251,15.251,15.251,15.251,3.0,6.0,9.0,9.0,13.0,17.0,30.0,36.0,11.0,21.0,30.0,49.0,65.0,76.0,105.0,118.0,0.0,0.0,0.0,0.0,0.0,0.0,0.0,0.0,,,,,,,,,0.0,1.0,1.0,1.0,1.0,1.0,1.0,1.0,0.0,0.0,0.0,0.0,0.0,0.0,0.0,0.0,0.0,0.0,0.0,0.0,0.0,0.0,0.0,0.0,0.0,0.0,0.0,0.0,0.0,0.0,0.0,0.0,0.0,0.0,0.0,0.0,0.0,0.0,0.0,0.0,2.0,2.0,2.0,2.0,2.0,2.0,2.0,2.0
2602,Großenhain,51.291728,13.530913,1200,1650,12.718,0.186,1,1000.0,1000.0,2000.0,2000.0,2000.0,2000.0,80.55,80.55,56.06,18.688,14.911,14.911,14.911,14.911,0.0,0.0,0.0,1.0,1.0,4.0,4.0,6.0,2.0,2.0,6.0,9.0,11.0,14.0,17.0,23.0,0.0,0.0,0.0,0.0,0.0,0.0,0.0,0.0,,,,,,,,,0.0,1.0,1.0,1.0,1.0,1.0,1.0,1.0,0.0,0.0,0.0,0.0,1.0,1.0,1.0,1.0,0.0,0.0,0.0,0.0,0.0,0.0,0.0,0.0,0.0,0.0,0.0,0.0,0.0,0.0,0.0,0.0,0.0,0.0,0.0,0.0,0.0,0.0,0.0,0.0,2.0,2.0,2.0,2.0,3.0,3.0,3.0,3.0
2671,Gubin,51.951893,14.725474,1235,1650,6.641,0.118,1,1000.0,1000.0,2000.0,3000.0,4000.0,4000.0,175.9,175.9,109.669,109.669,109.669,109.669,107.295,103.894,0.0,0.0,0.0,0.0,0.0,0.0,0.0,0.0,0.0,0.0,0.0,0.0,0.0,0.0,0.0,0.0,0.0,0.0,0.0,0.0,0.0,0.0,0.0,0.0,,,,,,,,,0.0,0.0,0.0,0.0,0.0,1.0,1.0,1.0,0.0,0.0,0.0,0.0,0.0,0.0,0.0,0.0,0.0,0.0,0.0,0.0,0.0,0.0,0.0,0.0,0.0,0.0,0.0,0.0,0.0,0.0,0.0,0.0,0.0,0.0,0.0,0.0,0.0,0.0,0.0,0.0,2.0,2.0,2.0,2.0,2.0,2.0,2.0,2.0
2735,Haderslev,55.248845,9.487946,1250,1650,85.556,0.065,1,,,,,,,46.796,26.855,26.855,26.855,26.855,26.855,26.855,26.855,1.0,3.0,3.0,4.0,5.0,5.0,5.0,6.0,1.0,5.0,6.0,8.0,12.0,12.0,18.0,22.0,0.0,0.0,0.0,0.0,0.0,0.0,0.0,0.0,,,,,,,,,1.0,1.0,1.0,1.0,1.0,1.0,1.0,1.0,0.0,0.0,0.0,0.0,0.0,0.0,0.0,0.0,0.0,1.0,1.0,1.0,1.0,1.0,1.0,1.0,0.0,0.0,0.0,0.0,0.0,0.0,0.0,0.0,1.0,1.0,1.0,1.0,1.0,1.0,1.0,1.0,2.0,2.0,2.0,2.0,2.0,2.0,2.0,2.0
2758,Halberstadt,51.895294,11.052109,1105,1650,37.685,0.188,1,6000.0,4000.0,10000.0,11000.0,12000.0,11000.0,0.0,0.0,0.0,0.0,0.0,0.0,0.0,0.0,6.0,9.0,10.0,14.0,17.0,21.0,32.0,36.0,14.0,38.0,57.0,77.0,98.0,110.0,138.0,156.0,1.0,1.0,1.0,1.0,1.0,1.0,1.0,1.0,local,local,local,local,local,local,local,local,0.0,0.0,0.0,0.0,0.0,0.0,0.0,0.0,0.0,0.0,0.0,0.0,0.0,0.0,0.0,0.0,0.0,0.0,0.0,0.0,0.0,0.0,0.0,0.0,0.0,0.0,0.0,0.0,0.0,0.0,0.0,0.0,0.0,0.0,0.0,0.0,0.0,0.0,0.0,0.0,2.0,2.0,2.0,2.0,2.0,2.0,2.0,2.0
2760,Haldensleben,52.291092,11.411666,1223,1650,21.959,2.101,1,,,,,,,23.545,23.545,23.545,23.545,23.545,23.545,15.455,15.455,3.0,7.0,10.0,13.0,17.0,19.0,30.0,40.0,8.0,16.0,33.0,50.0,65.0,73.0,100.0,114.0,0.0,0.0,0.0,0.0,0.0,0.0,0.0,0.0,,,,,,,,,1.0,1.0,1.0,1.0,1.0,1.0,1.0,1.0,0.0,0.0,0.0,0.0,0.0,0.0,0.0,0.0,0.0,0.0,0.0,0.0,0.0,0.0,0.0,0.0,0.0,0.0,0.0,0.0,0.0,0.0,0.0,0.0,0.0,0.0,0.0,0.0,0.0,0.0,0.0,0.0,2.0,2.0,2.0,2.0,2.0,2.0,2.0,2.0
2765,Halle (Saale),51.482658,11.969805,1170,1650,15.991,0.061,1,4000.0,3000.0,7000.0,8000.0,10000.0,7000.0,0.0,0.0,0.0,0.0,0.0,0.0,0.0,0.0,4.0,6.0,9.0,18.0,23.0,26.0,33.0,36.0,12.0,24.0,33.0,54.0,69.0,81.0,98.0,110.0,1.0,1.0,1.0,1.0,1.0,1.0,1.0,1.0,local,local,local,regional,regional,regional,regional,regional,1.0,1.0,1.0,1.0,1.0,1.0,1.0,1.0,0.0,0.0,0.0,0.0,0.0,0.0,0.0,0.0,0.0,0.0,0.0,0.0,0.0,0.0,0.0,0.0,0.0,0.0,0.0,0.0,0.0,0.0,0.0,0.0,0.0,0.0,0.0,0.0,0.0,0.0,0.0,0.0,2.0,2.0,2.0,3.0,3.0,3.0,3.0,3.0
2774,Haltern am See,51.743042,7.186956,1288,1650,3.253,0.089,1,,,,,,,25.195,11.476,11.476,11.476,11.476,11.476,11.476,11.476,14.0,18.0,19.0,20.0,21.0,21.0,25.0,26.0,37.0,56.0,60.0,78.0,94.0,98.0,105.0,106.0,0.0,0.0,0.0,0.0,0.0,0.0,0.0,0.0,,,,,,,,,0.0,1.0,1.0,1.0,1.0,1.0,1.0,1.0,0.0,0.0,0.0,0.0,0.0,0.0,0.0,0.0,0.0,0.0,0.0,0.0,0.0,0.0,0.0,0.0,0.0,0.0,0.0,0.0,0.0,0.0,0.0,0.0,0.0,0.0,0.0,0.0,0.0,0.0,0.0,0.0,2.0,2.0,2.0,2.0,2.0,2.0,2.0,2.0
2778,Hameln,52.104508,9.356435,1200,1650,3.199,0.095,1,1000.0,1000.0,1000.0,2000.0,2000.0,2000.0,24.186,0.0,0.0,0.0,0.0,0.0,0.0,0.0,12.0,24.0,29.0,28.0,33.0,33.0,44.0,47.0,18.0,39.0,66.0,72.0,87.0,91.0,117.0,122.0,0.0,1.0,1.0,1.0,1.0,1.0,1.0,1.0,,regional,regional,regional,regional,regional,regional,regional,0.0,0.0,0.0,0.0,0.0,0.0,0.0,0.0,0.0,0.0,0.0,0.0,0.0,0.0,0.0,1.0,0.0,0.0,0.0,0.0,0.0,0.0,0.0,0.0,0.0,0.0,0.0,0.0,0.0,0.0,0.0,0.0,0.0,0.0,0.0,0.0,0.0,0.0,0.0,0.0,2.0,3.0,3.0,3.0,3.0,3.0,3.0,3.0
2781,Hamm (Lippe),51.681393,7.818742,1279,1650,10.922,0.059,1,3000.0,2000.0,2000.0,2000.0,2000.0,3000.0,23.245,23.245,12.811,12.811,12.811,12.811,12.811,12.811,9.0,13.0,14.0,16.0,17.0,18.0,23.0,24.0,26.0,36.0,44.0,51.0,61.0,65.0,75.0,76.0,0.0,0.0,0.0,0.0,0.0,0.0,0.0,0.0,,,,,,,,,0.0,1.0,1.0,1.0,1.0,1.0,1.0,1.0,0.0,0.0,0.0,0.0,0.0,0.0,0.0,0.0,0.0,0.0,0.0,0.0,0.0,0.0,0.0,0.0,0.0,0.0,0.0,0.0,0.0,0.0,0.0,0.0,0.0,0.0,0.0,0.0,0.0,0.0,0.0,0.0,2.0,2.0,2.0,2.0,2.0,2.0,2.0,2.0
19496,,56.087918,8.241425,1300,1650,116.123,0.147,1,,,,,,,37.983,37.983,37.983,0.294,0.294,0.294,0.294,0.294,1.0,1.0,1.0,4.0,4.0,4.0,4.0,4.0,2.0,7.0,8.0,12.0,14.0,11.0,14.0,14.0,0.0,0.0,0.0,0.0,0.0,0.0,0.0,0.0,,,,,,,,,0.0,0.0,0.0,0.0,0.0,0.0,0.0,0.0,0.0,0.0,0.0,0.0,0.0,0.0,0.0,0.0,0.0,0.0,0.0,0.0,0.0,0.0,0.0,0.0,0.0,0.0,0.0,0.0,0.0,0.0,0.0,0.0,0.0,1.0,1.0,1.0,1.0,1.0,1.0,1.0,2.0,2.0,2.0,2.0,2.0,2.0,2.0,2.0
2795,Hannover,52.371646,9.736082,1241,1650,4.179,0.119,1,5000.0,5000.0,6000.0,6000.0,7000.0,9000.0,28.42,28.42,0.0,0.0,0.0,0.0,0.0,0.0,6.0,10.0,21.0,20.0,23.0,24.0,31.0,35.0,15.0,32.0,54.0,66.0,78.0,81.0,106.0,112.0,0.0,0.0,1.0,1.0,1.0,1.0,1.0,1.0,,,local,local,local,local,local,local,1.0,1.0,1.0,1.0,1.0,1.0,1.0,1.0,0.0,0.0,0.0,0.0,0.0,0.0,0.0,0.0,0.0,0.0,0.0,0.0,0.0,0.0,0.0,0.0,0.0,0.0,0.0,0.0,0.0,0.0,0.0,0.0,0.0,0.0,0.0,0.0,0.0,0.0,0.0,0.0,2.0,2.0,2.0,2.0,2.0,2.0,2.0,2.0
2801,Haapsalu,58.948275,23.539135,1279,1650,205.149,0.462,1,,,,,,,703.259,147.932,147.932,147.932,147.932,147.932,124.849,124.849,0.0,0.0,0.0,0.0,0.0,0.0,0.0,0.0,0.0,0.0,0.0,0.0,0.0,0.0,0.0,0.0,0.0,0.0,0.0,0.0,0.0,0.0,0.0,0.0,,,,,,,,,0.0,0.0,0.0,0.0,0.0,0.0,0.0,0.0,0.0,0.0,0.0,0.0,0.0,0.0,0.0,0.0,0.0,0.0,0.0,0.0,0.0,0.0,0.0,0.0,0.0,0.0,0.0,0.0,0.0,0.0,0.0,0.0,0.0,0.0,0.0,0.0,0.0,0.0,0.0,0.0,2.0,2.0,2.0,2.0,2.0,2.0,2.0,2.0
12576,,50.79608,7.203904,1180,1650,4.438,0.151,1,,,,,,,0.302,0.302,0.302,0.302,0.302,0.302,0.302,0.302,1.0,1.0,2.0,2.0,3.0,3.0,4.0,4.0,14.0,19.0,25.0,32.0,36.0,37.0,38.0,38.0,0.0,0.0,0.0,0.0,0.0,0.0,0.0,0.0,,,,,,,,,0.0,0.0,0.0,0.0,0.0,0.0,0.0,0.0,0.0,0.0,0.0,0.0,0.0,0.0,0.0,0.0,0.0,0.0,0.0,0.0,0.0,0.0,0.0,0.0,0.0,0.0,0.0,0.0,0.0,0.0,0.0,0.0,1.0,1.0,1.0,1.0,1.0,1.0,1.0,1.0,2.0,2.0,2.0,2.0,2.0,2.0,2.0,2.0
2802,Harburg,53.465017,9.983257,1297,1650,0.764,0.123,1,1000.0,1000.0,2000.0,2000.0,2000.0,2000.0,9.248,9.248,9.248,9.248,9.248,9.248,0.0,0.0,7.0,7.0,7.0,9.0,14.0,17.0,24.0,24.0,13.0,19.0,27.0,34.0,53.0,56.0,84.0,92.0,0.0,0.0,0.0,0.0,0.0,0.0,1.0,1.0,,,,,,,local,local,0.0,0.0,1.0,1.0,1.0,1.0,1.0,1.0,0.0,0.0,0.0,0.0,0.0,0.0,0.0,0.0,0.0,0.0,0.0,0.0,0.0,0.0,0.0,0.0,0.0,0.0,0.0,0.0,0.0,0.0,0.0,0.0,0.0,0.0,0.0,0.0,0.0,0.0,0.0,0.0,2.0,2.0,2.0,2.0,2.0,2.0,2.0,2.0
2807,Harderwijk,52.350136,5.618408,1231,1650,19.975,0.118,1,2000.0,2000.0,4000.0,3000.0,3000.0,3000.0,0.0,0.0,0.0,0.0,0.0,0.0,0.0,0.0,14.0,24.0,31.0,35.0,41.0,44.0,45.0,41.0,28.0,45.0,63.0,78.0,92.0,100.0,101.0,97.0,1.0,1.0,1.0,1.0,1.0,1.0,1.0,1.0,regional,regional,regional,regional,regional,regional,regional,regional,0.0,1.0,1.0,1.0,1.0,1.0,1.0,1.0,0.0,0.0,0.0,1.0,1.0,1.0,1.0,1.0,0.0,0.0,0.0,0.0,0.0,0.0,0.0,0.0,0.0,0.0,0.0,0.0,0.0,0.0,0.0,0.0,0.0,0.0,0.0,0.0,0.0,0.0,0.0,0.0,3.0,3.0,3.0,3.0,3.0,3.0,3.0,3.0
2840,Haselünne,52.673601,7.486447,1220,1650,6.69,0.116,1,,,,,,,13.257,0.0,0.0,0.0,0.0,0.0,0.0,0.0,5.0,11.0,12.0,15.0,22.0,22.0,22.0,22.0,29.0,45.0,55.0,68.0,77.0,88.0,97.0,102.0,0.0,1.0,1.0,1.0,1.0,1.0,1.0,1.0,,regional,regional,regional,regional,regional,regional,regional,1.0,1.0,1.0,1.0,1.0,1.0,1.0,1.0,0.0,0.0,0.0,0.0,0.0,0.0,0.0,0.0,0.0,0.0,0.0,0.0,0.0,0.0,0.0,0.0,0.0,0.0,0.0,0.0,0.0,0.0,0.0,0.0,0.0,0.0,0.0,0.0,0.0,0.0,0.0,0.0,2.0,3.0,3.0,3.0,3.0,3.0,3.0,3.0
2854,Hasselt (Zwolle),52.590792,6.089244,1252,1650,1.925,0.043,1,,,,,,,8.736,8.736,8.736,8.736,8.736,8.736,8.736,8.736,5.0,11.0,26.0,30.0,33.0,36.0,37.0,34.0,30.0,49.0,65.0,87.0,104.0,115.0,116.0,112.0,0.0,0.0,0.0,0.0,0.0,0.0,0.0,0.0,,,,,,,,,0.0,0.0,0.0,0.0,0.0,0.0,0.0,0.0,0.0,0.0,0.0,0.0,0.0,0.0,0.0,0.0,0.0,0.0,0.0,0.0,0.0,0.0,0.0,0.0,0.0,0.0,0.0,0.0,0.0,0.0,0.0,0.0,0.0,0.0,0.0,0.0,0.0,0.0,0.0,0.0,2.0,2.0,2.0,2.0,2.0,2.0,2.0,2.0
2862,Hattem,52.474399,6.069561,1299,1650,0.442,0.087,1,,,,,,,4.493,0.0,0.0,0.0,0.0,0.0,0.0,0.0,8.0,15.0,30.0,36.0,43.0,47.0,48.0,45.0,32.0,49.0,65.0,89.0,108.0,117.0,118.0,114.0,0.0,1.0,1.0,1.0,1.0,1.0,1.0,1.0,,local,local,local,local,local,local,local,0.0,1.0,1.0,1.0,1.0,1.0,1.0,1.0,0.0,0.0,0.0,0.0,0.0,0.0,0.0,0.0,0.0,0.0,0.0,0.0,0.0,0.0,0.0,0.0,0.0,0.0,0.0,0.0,0.0,0.0,0.0,0.0,0.0,0.0,0.0,0.0,0.0,0.0,0.0,0.0,2.0,2.0,2.0,2.0,2.0,2.0,2.0,2.0
2873,Havelberg,52.825209,12.074538,1179,1650,2.921,0.122,1,,,,,,,72.291,7.374,7.374,7.374,7.374,7.374,0.0,0.0,0.0,3.0,3.0,3.0,3.0,6.0,9.0,13.0,4.0,7.0,18.0,21.0,32.0,36.0,48.0,53.0,0.0,0.0,0.0,0.0,0.0,0.0,1.0,1.0,,,,,,,regional,regional,0.0,1.0,1.0,1.0,1.0,1.0,1.0,1.0,0.0,0.0,0.0,0.0,0.0,0.0,0.0,0.0,0.0,0.0,0.0,0.0,0.0,0.0,0.0,0.0,0.0,0.0,0.0,0.0,0.0,0.0,0.0,0.0,0.0,0.0,0.0,0.0,0.0,0.0,0.0,0.0,2.0,2.0,2.0,2.0,2.0,2.0,3.0,3.0
2911,Heiligenhafen,54.37253,10.978773,1262,1650,59.462,0.118,1,,,,,,,87.475,87.475,10.746,10.746,10.746,10.746,10.746,10.746,0.0,0.0,1.0,1.0,4.0,4.0,8.0,8.0,3.0,6.0,11.0,15.0,23.0,25.0,40.0,41.0,0.0,0.0,0.0,0.0,0.0,0.0,0.0,0.0,,,,,,,,,0.0,1.0,1.0,1.0,1.0,1.0,1.0,1.0,0.0,0.0,0.0,0.0,0.0,0.0,0.0,0.0,0.0,0.0,0.0,0.0,0.0,0.0,0.0,0.0,0.0,0.0,0.0,0.0,0.0,0.0,0.0,0.0,0.0,0.0,0.0,0.0,0.0,0.0,0.0,0.0,2.0,2.0,2.0,2.0,2.0,2.0,2.0,2.0
2920,,54.106643,10.81035,1244,1650,27.95,0.148,1,,,,,,,66.291,66.291,21.217,21.217,0.296,0.296,0.296,0.296,0.0,0.0,2.0,4.0,11.0,10.0,18.0,19.0,7.0,10.0,15.0,18.0,35.0,38.0,63.0,65.0,0.0,0.0,0.0,0.0,0.0,0.0,0.0,0.0,,,,,,,,,0.0,0.0,0.0,0.0,0.0,0.0,1.0,1.0,0.0,0.0,0.0,0.0,0.0,0.0,0.0,0.0,0.0,1.0,1.0,1.0,1.0,1.0,1.0,1.0,0.0,0.0,0.0,0.0,0.0,0.0,0.0,0.0,0.0,0.0,0.0,0.0,0.0,0.0,0.0,0.0,2.0,2.0,2.0,2.0,2.0,2.0,2.0,2.0
2945,Helmstedt,52.227697,11.010533,1247,1650,23.643,0.319,1,2000.0,1000.0,2000.0,2000.0,3000.0,3000.0,13.408,13.408,13.408,13.408,13.408,13.408,13.408,13.408,4.0,7.0,11.0,18.0,22.0,24.0,37.0,40.0,14.0,31.0,52.0,67.0,81.0,90.0,119.0,133.0,0.0,0.0,0.0,0.0,0.0,0.0,0.0,0.0,,,,,,,,,0.0,0.0,0.0,0.0,0.0,0.0,0.0,0.0,0.0,0.0,0.0,0.0,0.0,0.0,0.0,0.0,0.0,0.0,0.0,0.0,0.0,0.0,0.0,0.0,0.0,0.0,0.0,0.0,0.0,0.0,0.0,0.0,0.0,0.0,0.0,0.0,0.0,0.0,0.0,0.0,2.0,2.0,2.0,2.0,2.0,2.0,2.0,2.0
2978,Herford,52.114175,8.671844,1170,1650,18.157,0.058,1,4000.0,2000.0,2000.0,2000.0,2000.0,3000.0,25.545,14.154,14.154,14.154,6.216,6.216,6.216,6.216,8.0,16.0,18.0,18.0,23.0,23.0,30.0,30.0,28.0,43.0,61.0,67.0,80.0,84.0,104.0,108.0,0.0,0.0,0.0,0.0,0.0,0.0,0.0,0.0,,,,,,,,,0.0,0.0,0.0,0.0,0.0,0.0,0.0,0.0,0.0,0.0,0.0,0.0,0.0,0.0,0.0,0.0,0.0,0.0,0.0,0.0,0.0,0.0,0.0,0.0,0.0,0.0,0.0,0.0,0.0,0.0,0.0,0.0,0.0,0.0,0.0,0.0,0.0,0.0,0.0,0.0,2.0,2.0,2.0,2.0,2.0,2.0,2.0,2.0
3002,Herve,50.639362,5.794158,1270,1650,11.459,0.332,1,,,,,,,24.663,24.663,24.663,24.663,24.663,20.756,20.756,20.756,3.0,5.0,5.0,5.0,5.0,6.0,6.0,6.0,9.0,14.0,19.0,25.0,28.0,29.0,29.0,29.0,0.0,0.0,0.0,0.0,0.0,0.0,0.0,0.0,,,,,,,,,0.0,0.0,1.0,1.0,1.0,1.0,1.0,1.0,0.0,0.0,0.0,0.0,0.0,0.0,0.0,0.0,0.0,0.0,0.0,0.0,0.0,0.0,0.0,0.0,0.0,0.0,0.0,0.0,0.0,0.0,0.0,0.0,0.0,0.0,0.0,0.0,0.0,0.0,0.0,0.0,2.0,2.0,2.0,2.0,2.0,2.0,2.0,2.0
3017,&#39;s-Hertogenbosch,51.688763,5.303699,1195,1650,3.236,0.12,1,3000.0,9000.0,16000.0,18000.0,13000.0,10000.0,14.41,14.41,14.41,14.41,14.41,14.41,14.41,14.41,13.0,15.0,16.0,23.0,29.0,30.0,30.0,29.0,27.0,53.0,64.0,82.0,94.0,98.0,98.0,97.0,0.0,0.0,0.0,0.0,0.0,0.0,0.0,0.0,,,,,,,,,0.0,1.0,1.0,1.0,1.0,1.0,1.0,1.0,0.0,0.0,0.0,0.0,0.0,0.0,1.0,1.0,0.0,0.0,0.0,0.0,0.0,0.0,0.0,0.0,0.0,1.0,1.0,1.0,1.0,1.0,1.0,1.0,0.0,0.0,0.0,0.0,0.0,0.0,0.0,0.0,2.0,2.0,2.0,2.0,2.0,2.0,3.0,3.0
3050,Hildesheim,52.152756,9.951685,1300,1650,32.109,0.048,1,8000.0,6000.0,10000.0,9000.0,9000.0,9000.0,0.0,0.0,0.0,0.0,0.0,0.0,0.0,0.0,5.0,17.0,26.0,28.0,33.0,34.0,44.0,48.0,19.0,43.0,69.0,81.0,98.0,99.0,129.0,143.0,1.0,1.0,1.0,1.0,1.0,1.0,1.0,1.0,local,local,local,local,regional,local,local,local,0.0,0.0,1.0,1.0,1.0,1.0,1.0,1.0,0.0,0.0,0.0,0.0,0.0,0.0,0.0,0.0,0.0,0.0,0.0,0.0,0.0,0.0,0.0,0.0,0.0,0.0,0.0,0.0,0.0,0.0,0.0,0.0,0.0,0.0,0.0,0.0,0.0,0.0,0.0,0.0,2.0,2.0,2.0,2.0,3.0,2.0,2.0,2.0
4754,Malbork,54.037262,19.026117,1276,1650,8.775,0.062,1,1000.0,0.0,1000.0,3000.0,5000.0,4000.0,368.23,368.23,315.587,315.587,315.587,315.587,225.407,225.407,0.0,0.0,0.0,0.0,0.0,0.0,0.0,0.0,0.0,0.0,0.0,0.0,0.0,0.0,0.0,0.0,0.0,0.0,0.0,0.0,0.0,0.0,0.0,0.0,,,,,,,,,0.0,0.0,0.0,0.0,0.0,0.0,0.0,0.0,0.0,0.0,0.0,0.0,0.0,0.0,0.0,0.0,0.0,0.0,0.0,0.0,0.0,0.0,0.0,0.0,0.0,0.0,0.0,0.0,0.0,0.0,0.0,0.0,0.0,0.0,0.0,0.0,0.0,0.0,0.0,0.0,2.0,2.0,2.0,2.0,2.0,2.0,2.0,2.0
4837,Pieniężno,54.2327,20.125172,1295,1650,48.524,0.149,1,,,,,,,425.011,425.011,390.323,390.323,390.323,390.323,295.868,295.868,0.0,0.0,0.0,0.0,0.0,0.0,0.0,0.0,0.0,0.0,0.0,0.0,0.0,0.0,0.0,0.0,0.0,0.0,0.0,0.0,0.0,0.0,0.0,0.0,,,,,,,,,0.0,0.0,0.0,0.0,0.0,0.0,0.0,0.0,0.0,0.0,0.0,0.0,0.0,0.0,0.0,0.0,0.0,0.0,0.0,0.0,0.0,0.0,0.0,0.0,0.0,0.0,0.0,0.0,0.0,0.0,0.0,0.0,0.0,0.0,0.0,0.0,0.0,0.0,0.0,0.0,2.0,2.0,2.0,2.0,2.0,2.0,2.0,2.0
3175,Holzminden,51.82771,9.44346,1245,1650,3.679,0.244,1,,,,,,,7.348,7.348,7.348,7.348,7.348,7.348,0.0,0.0,6.0,21.0,35.0,38.0,44.0,45.0,56.0,56.0,17.0,41.0,67.0,78.0,93.0,95.0,120.0,128.0,0.0,0.0,0.0,0.0,0.0,0.0,1.0,1.0,,,,,,,local,local,0.0,0.0,0.0,0.0,0.0,1.0,1.0,1.0,0.0,0.0,0.0,0.0,0.0,0.0,0.0,0.0,0.0,0.0,0.0,0.0,0.0,0.0,0.0,0.0,0.0,0.0,0.0,0.0,0.0,0.0,0.0,0.0,0.0,1.0,1.0,1.0,1.0,1.0,1.0,1.0,2.0,2.0,2.0,2.0,2.0,2.0,2.0,2.0
3208,Horn (Lippe),51.872314,8.944086,1248,1650,33.083,1.791,1,,,,,,,21.496,8.285,8.285,8.285,8.285,8.285,8.285,8.285,9.0,17.0,24.0,26.0,32.0,33.0,44.0,44.0,25.0,46.0,68.0,72.0,84.0,88.0,108.0,116.0,0.0,0.0,0.0,0.0,0.0,0.0,0.0,0.0,,,,,,,,,0.0,0.0,0.0,0.0,1.0,1.0,1.0,1.0,0.0,0.0,0.0,0.0,0.0,0.0,0.0,0.0,0.0,0.0,0.0,0.0,0.0,0.0,0.0,0.0,0.0,0.0,0.0,0.0,0.0,0.0,0.0,0.0,0.0,0.0,0.0,0.0,0.0,0.0,0.0,0.0,2.0,2.0,2.0,2.0,2.0,2.0,2.0,2.0
19568,,55.456652,12.182757,1250,1650,160.647,0.042,1,,,,,,,42.274,34.505,21.493,21.493,21.493,21.493,21.493,21.493,1.0,3.0,5.0,7.0,7.0,7.0,8.0,9.0,3.0,9.0,12.0,17.0,17.0,22.0,24.0,31.0,0.0,0.0,0.0,0.0,0.0,0.0,0.0,0.0,,,,,,,,,0.0,0.0,0.0,0.0,0.0,0.0,0.0,0.0,0.0,0.0,0.0,0.0,0.0,0.0,0.0,0.0,0.0,0.0,0.0,0.0,0.0,0.0,0.0,0.0,0.0,0.0,0.0,0.0,0.0,0.0,0.0,0.0,0.0,0.0,0.0,0.0,0.0,0.0,0.0,0.0,2.0,2.0,2.0,2.0,2.0,2.0,2.0,2.0
3240,Höxter,51.773997,9.381219,1150,1650,3.67,0.075,1,,,,,,,0.0,0.0,0.0,0.0,0.0,0.0,0.0,0.0,6.0,21.0,33.0,36.0,42.0,43.0,54.0,54.0,15.0,39.0,62.0,73.0,87.0,89.0,114.0,122.0,1.0,1.0,1.0,1.0,1.0,1.0,1.0,1.0,regional,regional,regional,regional,regional,regional,regional,regional,0.0,0.0,0.0,0.0,0.0,0.0,0.0,0.0,0.0,0.0,0.0,0.0,0.0,0.0,0.0,0.0,0.0,0.0,0.0,0.0,0.0,0.0,0.0,0.0,0.0,0.0,0.0,0.0,0.0,0.0,0.0,0.0,0.0,0.0,0.0,0.0,0.0,0.0,0.0,0.0,3.0,3.0,3.0,3.0,3.0,3.0,3.0,3.0
3286,Bad Iburg,52.156547,8.04528,1254,1650,35.706,0.115,1,,,,,,,13.419,13.419,13.419,13.419,13.419,13.419,13.419,13.419,10.0,11.0,11.0,13.0,19.0,19.0,23.0,24.0,27.0,47.0,52.0,57.0,70.0,75.0,91.0,94.0,0.0,0.0,0.0,0.0,0.0,0.0,0.0,0.0,,,,,,,,,0.0,0.0,0.0,0.0,0.0,0.0,0.0,0.0,0.0,0.0,0.0,0.0,0.0,0.0,0.0,0.0,0.0,0.0,0.0,0.0,0.0,0.0,0.0,0.0,0.0,0.0,0.0,0.0,0.0,0.0,0.0,0.0,0.0,0.0,0.0,0.0,0.0,0.0,0.0,0.0,2.0,2.0,2.0,2.0,2.0,2.0,2.0,2.0
3298,Drylts,53.010189,5.623388,1268,1650,0.057,0.324,1,,,,,,,63.741,63.741,41.347,31.501,31.501,31.501,31.501,31.501,0.0,0.0,3.0,5.0,6.0,8.0,8.0,8.0,8.0,19.0,34.0,44.0,47.0,54.0,54.0,51.0,0.0,0.0,0.0,0.0,0.0,0.0,0.0,0.0,,,,,,,,,0.0,0.0,0.0,0.0,0.0,0.0,0.0,0.0,0.0,0.0,0.0,0.0,0.0,0.0,0.0,0.0,0.0,0.0,0.0,0.0,0.0,0.0,0.0,0.0,0.0,0.0,0.0,0.0,0.0,0.0,0.0,0.0,0.0,1.0,1.0,1.0,1.0,1.0,1.0,1.0,2.0,2.0,2.0,2.0,2.0,2.0,2.0,2.0
11912,Westkapelle,51.527703,3.441499,1223,1650,13.506,2.77,1,,,,,,,28.274,12.209,0.0,0.0,0.0,0.0,0.0,0.0,2.0,5.0,6.0,5.0,7.0,7.0,7.0,7.0,5.0,15.0,16.0,15.0,17.0,17.0,17.0,17.0,0.0,0.0,1.0,1.0,1.0,1.0,1.0,1.0,,,regional,regional,regional,regional,regional,regional,0.0,0.0,0.0,0.0,0.0,0.0,0.0,0.0,0.0,0.0,0.0,0.0,0.0,0.0,0.0,0.0,0.0,0.0,0.0,0.0,0.0,0.0,0.0,0.0,0.0,0.0,0.0,0.0,0.0,0.0,0.0,0.0,0.0,1.0,1.0,1.0,1.0,1.0,1.0,1.0,2.0,2.0,3.0,3.0,3.0,3.0,3.0,3.0
3344,Itzehoe,53.919961,9.515891,1238,1650,3.523,0.154,1,,,,,,,35.334,0.0,0.0,0.0,0.0,0.0,0.0,0.0,1.0,5.0,9.0,9.0,16.0,17.0,31.0,32.0,7.0,13.0,18.0,22.0,44.0,45.0,74.0,77.0,0.0,1.0,1.0,1.0,1.0,1.0,1.0,1.0,,regional,regional,regional,regional,regional,regional,regional,0.0,0.0,0.0,0.0,1.0,1.0,1.0,1.0,1.0,1.0,1.0,1.0,1.0,1.0,1.0,1.0,0.0,0.0,0.0,0.0,0.0,0.0,0.0,0.0,0.0,0.0,0.0,0.0,0.0,0.0,0.0,0.0,0.0,0.0,0.0,0.0,0.0,0.0,0.0,0.0,3.0,3.0,3.0,3.0,3.0,3.0,3.0,3.0
7230,Soest (Westfalen),51.572658,8.106354,1144,1650,31.376,0.045,1,12000.0,8000.0,10000.0,10000.0,10000.0,7000.0,0.0,0.0,0.0,0.0,0.0,0.0,0.0,0.0,5.0,5.0,6.0,8.0,9.0,11.0,15.0,15.0,26.0,35.0,43.0,48.0,55.0,56.0,69.0,70.0,1.0,1.0,1.0,1.0,1.0,1.0,1.0,1.0,local,local,local,regional,regional,regional,regional,regional,0.0,1.0,1.0,1.0,1.0,1.0,1.0,1.0,0.0,0.0,0.0,0.0,0.0,0.0,0.0,0.0,0.0,0.0,0.0,0.0,0.0,0.0,0.0,0.0,0.0,0.0,0.0,0.0,0.0,0.0,0.0,0.0,0.0,0.0,0.0,0.0,0.0,0.0,0.0,0.0,2.0,2.0,2.0,3.0,3.0,3.0,3.0,3.0
3455,Jüterbog ,51.991308,13.080261,1174,1650,32.92,0.284,1,,,,,,,87.268,87.268,62.691,62.691,59.128,18.53,0.0,0.0,0.0,0.0,0.0,0.0,0.0,3.0,6.0,6.0,4.0,5.0,14.0,17.0,26.0,33.0,43.0,52.0,0.0,0.0,0.0,0.0,0.0,0.0,1.0,1.0,,,,,,,local,local,1.0,1.0,1.0,1.0,1.0,1.0,1.0,1.0,0.0,0.0,0.0,0.0,0.0,0.0,0.0,0.0,0.0,0.0,0.0,0.0,0.0,0.0,0.0,0.0,0.0,0.0,0.0,0.0,0.0,0.0,0.0,0.0,0.0,0.0,0.0,0.0,0.0,0.0,0.0,0.0,2.0,2.0,2.0,2.0,2.0,2.0,2.0,2.0
3487,Kalbe,52.650702,11.389281,1200,1650,31.566,0.223,1,,,,,,,53.569,41.141,27.374,14.108,13.796,13.796,13.796,13.796,0.0,3.0,7.0,10.0,15.0,15.0,18.0,22.0,7.0,13.0,30.0,42.0,53.0,58.0,84.0,93.0,0.0,0.0,0.0,0.0,0.0,0.0,0.0,0.0,,,,,,,,,0.0,0.0,0.0,0.0,1.0,1.0,1.0,1.0,0.0,0.0,0.0,0.0,0.0,0.0,0.0,0.0,0.0,0.0,0.0,0.0,0.0,0.0,0.0,0.0,0.0,0.0,0.0,0.0,0.0,0.0,0.0,0.0,0.0,0.0,0.0,0.0,0.0,0.0,0.0,0.0,2.0,2.0,2.0,2.0,2.0,2.0,2.0,2.0
3474,Kahla ,50.802638,11.5886,1290,1650,76.251,0.041,1,,,,,,,29.231,29.231,13.959,12.259,12.259,12.259,12.259,12.259,2.0,4.0,6.0,15.0,24.0,25.0,27.0,27.0,17.0,32.0,42.0,58.0,76.0,90.0,99.0,103.0,0.0,0.0,0.0,0.0,0.0,0.0,0.0,0.0,,,,,,,,,0.0,0.0,0.0,0.0,0.0,0.0,0.0,0.0,0.0,0.0,0.0,0.0,0.0,0.0,0.0,0.0,0.0,0.0,0.0,0.0,0.0,0.0,0.0,0.0,0.0,0.0,0.0,0.0,0.0,0.0,0.0,0.0,0.0,0.0,0.0,0.0,0.0,0.0,0.0,0.0,2.0,2.0,2.0,2.0,2.0,2.0,2.0,2.0
3515,Kamenz ,51.269705,14.095641,1190,1650,33.987,0.302,1,,,,,,,119.901,119.901,95.111,55.356,45.13,45.13,45.13,45.13,0.0,0.0,0.0,0.0,1.0,1.0,1.0,1.0,0.0,0.0,2.0,3.0,3.0,6.0,6.0,8.0,0.0,0.0,0.0,0.0,0.0,0.0,0.0,0.0,,,,,,,,,0.0,0.0,0.0,0.0,0.0,0.0,0.0,0.0,0.0,0.0,0.0,0.0,0.0,0.0,0.0,0.0,0.0,0.0,0.0,0.0,0.0,0.0,0.0,0.0,0.0,0.0,0.0,0.0,0.0,0.0,0.0,0.0,0.0,0.0,0.0,0.0,0.0,0.0,0.0,0.0,2.0,2.0,2.0,2.0,2.0,2.0,2.0,2.0
3538,Kamień Pomorski,53.972486,14.769204,1274,1650,52.917,0.089,1,,,,,,,91.692,91.692,91.692,91.692,91.692,91.692,45.612,45.612,0.0,0.0,0.0,0.0,0.0,0.0,1.0,1.0,1.0,1.0,1.0,1.0,1.0,2.0,4.0,5.0,0.0,0.0,0.0,0.0,0.0,0.0,0.0,0.0,,,,,,,,,0.0,0.0,0.0,0.0,0.0,0.0,0.0,0.0,0.0,0.0,0.0,0.0,0.0,0.0,0.0,0.0,0.0,0.0,0.0,0.0,0.0,0.0,0.0,0.0,0.0,0.0,0.0,0.0,0.0,0.0,0.0,0.0,0.0,0.0,0.0,0.0,0.0,0.0,0.0,0.0,2.0,2.0,2.0,2.0,2.0,2.0,2.0,2.0
3541,Kampen ,52.55863,5.916728,1230,1650,0.33,0.028,1,2000.0,5000.0,7000.0,6000.0,7000.0,7000.0,12.974,12.974,0.0,0.0,0.0,0.0,0.0,0.0,5.0,11.0,26.0,29.0,32.0,33.0,34.0,31.0,31.0,47.0,63.0,85.0,102.0,111.0,111.0,107.0,0.0,0.0,1.0,1.0,1.0,1.0,1.0,1.0,,,regional,regional,regional,regional,regional,regional,0.0,0.0,0.0,0.0,0.0,0.0,0.0,0.0,0.0,0.0,0.0,0.0,0.0,0.0,0.0,0.0,0.0,0.0,0.0,0.0,0.0,0.0,0.0,0.0,0.0,0.0,0.0,0.0,0.0,0.0,0.0,0.0,0.0,0.0,0.0,0.0,0.0,0.0,0.0,0.0,2.0,2.0,3.0,3.0,3.0,3.0,3.0,3.0
19529,,52.377477,4.89759,1300,1650,0.188,0.008,1,,,,,,,35.155,0.597,0.597,0.597,0.597,0.597,0.597,0.597,5.0,10.0,11.0,12.0,13.0,16.0,16.0,15.0,23.0,40.0,54.0,66.0,80.0,84.0,85.0,81.0,0.0,0.0,0.0,0.0,0.0,0.0,0.0,0.0,,,,,,,,,0.0,0.0,0.0,0.0,0.0,0.0,0.0,0.0,0.0,1.0,1.0,1.0,1.0,1.0,1.0,1.0,0.0,0.0,0.0,0.0,0.0,0.0,0.0,0.0,0.0,0.0,0.0,0.0,0.0,0.0,0.0,0.0,0.0,0.0,0.0,0.0,0.0,0.0,0.0,0.0,2.0,3.0,3.0,3.0,3.0,3.0,3.0,3.0
1257,Creuzburg,51.052583,10.248421,1170,1650,17.754,0.216,1,,,,,,,9.997,9.997,9.997,9.997,9.997,0.0,0.0,0.0,3.0,8.0,8.0,8.0,12.0,14.0,21.0,27.0,16.0,44.0,61.0,71.0,90.0,96.0,105.0,116.0,0.0,0.0,0.0,0.0,0.0,1.0,1.0,1.0,,,,,,local,local,local,0.0,0.0,0.0,0.0,1.0,1.0,1.0,1.0,0.0,0.0,0.0,0.0,0.0,0.0,0.0,0.0,0.0,0.0,0.0,0.0,0.0,0.0,0.0,0.0,0.0,0.0,0.0,0.0,0.0,0.0,0.0,0.0,0.0,0.0,0.0,0.0,0.0,0.0,0.0,0.0,2.0,2.0,2.0,2.0,2.0,2.0,2.0,2.0
5381,Nieheim,51.804193,9.111212,1228,1650,20.768,1.146,1,,,,,,,18.872,18.872,18.872,18.872,18.872,18.872,18.872,18.872,4.0,12.0,19.0,21.0,27.0,28.0,37.0,37.0,18.0,39.0,59.0,63.0,77.0,79.0,98.0,110.0,0.0,0.0,0.0,0.0,0.0,0.0,0.0,0.0,,,,,,,,,0.0,0.0,0.0,0.0,0.0,0.0,0.0,0.0,0.0,0.0,0.0,0.0,0.0,0.0,0.0,0.0,0.0,0.0,0.0,0.0,0.0,0.0,0.0,0.0,0.0,0.0,0.0,0.0,0.0,0.0,0.0,0.0,0.0,0.0,0.0,0.0,0.0,0.0,0.0,0.0,2.0,2.0,2.0,2.0,2.0,2.0,2.0,2.0
12694,,50.577272,11.80747,1297,1650,87.148,0.132,1,,,,,,,53.439,53.439,41.96,19.901,19.901,0.264,0.264,0.264,0.0,0.0,1.0,6.0,7.0,12.0,13.0,13.0,9.0,19.0,27.0,38.0,50.0,61.0,65.0,68.0,0.0,0.0,0.0,0.0,0.0,0.0,0.0,0.0,,,,,,,,,0.0,0.0,0.0,0.0,0.0,0.0,0.0,0.0,0.0,0.0,0.0,0.0,0.0,0.0,0.0,0.0,0.0,0.0,0.0,0.0,0.0,0.0,0.0,0.0,0.0,0.0,0.0,0.0,0.0,0.0,0.0,0.0,0.0,0.0,0.0,0.0,0.0,0.0,0.0,0.0,2.0,2.0,2.0,2.0,2.0,2.0,2.0,2.0
12462,,52.009987,4.710968,1272,1650,0.019,0.018,1,,,,,,,29.342,0.14,0.14,0.14,0.14,0.14,0.14,0.14,9.0,18.0,21.0,22.0,25.0,27.0,27.0,26.0,18.0,33.0,38.0,47.0,56.0,59.0,59.0,58.0,0.0,0.0,0.0,0.0,0.0,0.0,0.0,0.0,,,,,,,,,0.0,0.0,0.0,0.0,0.0,0.0,0.0,0.0,0.0,0.0,0.0,0.0,0.0,0.0,0.0,0.0,0.0,0.0,0.0,0.0,0.0,0.0,0.0,0.0,0.0,0.0,0.0,0.0,0.0,0.0,0.0,0.0,1.0,1.0,1.0,1.0,1.0,1.0,1.0,1.0,2.0,2.0,2.0,2.0,2.0,2.0,2.0,2.0
17056,Werrabrücke,51.049376,10.251907,1170,1650,18.185,0.216,1,,,,,,,9.567,9.567,9.567,9.567,9.567,0.432,0.432,0.432,3.0,8.0,8.0,8.0,12.0,14.0,21.0,27.0,16.0,44.0,61.0,71.0,90.0,96.0,105.0,116.0,0.0,0.0,0.0,0.0,0.0,0.0,0.0,0.0,,,,,,,,,0.0,0.0,0.0,0.0,0.0,0.0,0.0,0.0,0.0,0.0,0.0,0.0,0.0,0.0,0.0,0.0,1.0,1.0,1.0,1.0,1.0,1.0,1.0,1.0,0.0,0.0,0.0,0.0,0.0,0.0,0.0,0.0,0.0,0.0,0.0,0.0,0.0,0.0,0.0,0.0,2.0,2.0,2.0,2.0,2.0,2.0,2.0,2.0
3580,Kassel,51.315808,9.50533,1180,1650,0.173,0.061,1,4000.0,2000.0,4000.0,5000.0,6000.0,8000.0,51.666,0.0,0.0,0.0,0.0,0.0,0.0,0.0,0.0,4.0,16.0,19.0,23.0,23.0,24.0,24.0,17.0,44.0,56.0,59.0,71.0,76.0,96.0,106.0,0.0,1.0,1.0,1.0,1.0,1.0,1.0,1.0,,local,local,local,local,local,local,local,0.0,0.0,0.0,0.0,0.0,0.0,0.0,1.0,0.0,1.0,1.0,1.0,1.0,1.0,1.0,1.0,0.0,0.0,0.0,0.0,0.0,0.0,0.0,0.0,0.0,0.0,0.0,0.0,0.0,0.0,0.0,0.0,0.0,0.0,0.0,0.0,0.0,0.0,0.0,0.0,2.0,3.0,3.0,3.0,3.0,3.0,3.0,3.0
12412,Bürgel,50.941745,11.754481,1234,1650,57.259,0.209,1,,,,,,,12.847,12.847,11.756,11.756,11.756,11.756,11.756,11.756,2.0,4.0,6.0,17.0,25.0,28.0,31.0,31.0,9.0,22.0,28.0,44.0,57.0,71.0,80.0,83.0,0.0,0.0,0.0,0.0,0.0,0.0,0.0,0.0,,,,,,,,,0.0,0.0,0.0,0.0,0.0,0.0,0.0,0.0,0.0,0.0,0.0,0.0,0.0,0.0,0.0,0.0,0.0,0.0,0.0,0.0,0.0,0.0,0.0,0.0,0.0,0.0,0.0,0.0,0.0,0.0,0.0,0.0,0.0,0.0,0.0,0.0,0.0,0.0,0.0,0.0,2.0,2.0,2.0,2.0,2.0,2.0,2.0,2.0
3634,Kessel (Maas),51.291578,6.058277,1279,1650,1.704,0.033,1,,,,,,,11.695,11.695,11.695,11.695,11.695,11.695,11.695,11.695,7.0,15.0,20.0,28.0,30.0,30.0,30.0,30.0,33.0,45.0,53.0,71.0,85.0,87.0,89.0,89.0,0.0,0.0,0.0,0.0,0.0,0.0,0.0,0.0,,,,,,,,,0.0,0.0,1.0,1.0,1.0,1.0,1.0,1.0,0.0,0.0,0.0,0.0,0.0,0.0,0.0,0.0,0.0,0.0,0.0,0.0,0.0,0.0,0.0,0.0,0.0,0.0,0.0,0.0,0.0,0.0,0.0,0.0,0.0,0.0,0.0,0.0,0.0,0.0,0.0,0.0,2.0,2.0,2.0,2.0,2.0,2.0,2.0,2.0
5534,Obermarsberg,51.449376,8.851422,820,1650,43.551,0.264,1,,,,,,,30.62,30.62,20.995,20.995,20.995,20.995,20.995,20.995,2.0,5.0,10.0,10.0,11.0,13.0,17.0,17.0,14.0,34.0,49.0,54.0,68.0,69.0,83.0,86.0,0.0,0.0,0.0,0.0,0.0,0.0,0.0,0.0,,,,,,,,,0.0,0.0,0.0,0.0,0.0,0.0,0.0,0.0,0.0,0.0,0.0,0.0,0.0,0.0,0.0,0.0,0.0,0.0,0.0,0.0,0.0,0.0,0.0,0.0,0.0,0.0,0.0,0.0,0.0,0.0,0.0,0.0,0.0,0.0,0.0,0.0,0.0,0.0,0.0,0.0,2.0,2.0,2.0,2.0,2.0,2.0,2.0,2.0
3646,Kiel,54.323309,10.139494,1242,1650,20.9,0.248,1,2000.0,1000.0,3000.0,3000.0,4000.0,4000.0,86.744,41.017,41.017,0.0,0.0,0.0,0.0,0.0,0.0,1.0,2.0,4.0,11.0,10.0,19.0,19.0,5.0,10.0,17.0,21.0,43.0,47.0,76.0,78.0,0.0,0.0,0.0,1.0,1.0,1.0,1.0,1.0,,,,regional,interregional,interregional,interregional,interregional,0.0,0.0,0.0,0.0,0.0,0.0,0.0,0.0,0.0,0.0,0.0,0.0,0.0,0.0,0.0,0.0,0.0,0.0,0.0,0.0,0.0,0.0,0.0,0.0,0.0,0.0,0.0,0.0,0.0,0.0,0.0,0.0,0.0,0.0,0.0,0.0,0.0,0.0,0.0,0.0,2.0,2.0,2.0,3.0,3.0,3.0,3.0,3.0
3657,Kindelbrück ,51.261025,11.090873,1291,1650,62.626,0.049,1,,,,,,,25.317,6.938,6.938,6.938,6.938,6.938,6.938,6.938,5.0,15.0,15.0,22.0,29.0,33.0,36.0,35.0,19.0,42.0,55.0,76.0,95.0,109.0,131.0,149.0,0.0,0.0,0.0,0.0,0.0,0.0,0.0,0.0,,,,,,,,,0.0,0.0,0.0,0.0,0.0,0.0,0.0,0.0,0.0,0.0,0.0,0.0,0.0,0.0,0.0,0.0,1.0,1.0,1.0,1.0,1.0,1.0,1.0,1.0,0.0,0.0,0.0,0.0,0.0,0.0,0.0,0.0,0.0,0.0,0.0,0.0,0.0,0.0,0.0,0.0,2.0,2.0,2.0,2.0,2.0,2.0,2.0,2.0
12699,,53.21659,6.559636,1245,1650,0.439,0.009,1,,,,,,,0.492,0.492,0.492,0.492,0.492,0.492,0.492,0.492,3.0,5.0,5.0,13.0,13.0,17.0,16.0,16.0,10.0,20.0,35.0,50.0,60.0,69.0,71.0,68.0,0.0,0.0,0.0,0.0,0.0,0.0,0.0,0.0,,,,,,,,,0.0,0.0,0.0,0.0,0.0,0.0,0.0,0.0,0.0,0.0,0.0,0.0,1.0,1.0,1.0,0.0,0.0,0.0,0.0,0.0,0.0,0.0,0.0,0.0,0.0,0.0,0.0,0.0,0.0,0.0,0.0,0.0,0.0,0.0,0.0,0.0,0.0,0.0,0.0,0.0,2.0,2.0,2.0,2.0,3.0,3.0,3.0,2.0
1242,Colditz,51.129601,12.806502,1265,1650,33.383,0.15,1,,,,,,,38.1,38.1,13.052,13.052,13.052,13.052,13.052,13.052,3.0,3.0,5.0,8.0,11.0,14.0,15.0,16.0,5.0,7.0,13.0,30.0,39.0,50.0,57.0,64.0,0.0,0.0,0.0,0.0,0.0,0.0,0.0,0.0,,,,,,,,,0.0,0.0,0.0,0.0,1.0,1.0,1.0,1.0,0.0,0.0,0.0,0.0,0.0,0.0,0.0,0.0,0.0,0.0,0.0,0.0,0.0,0.0,0.0,0.0,0.0,0.0,0.0,0.0,0.0,0.0,0.0,0.0,0.0,0.0,0.0,0.0,0.0,0.0,0.0,0.0,2.0,2.0,2.0,2.0,2.0,2.0,2.0,2.0
3773,Kleinenberg,51.583581,8.976569,1249,1650,29.151,2.031,1,,,,,,,21.377,21.377,15.838,15.838,15.838,15.838,15.838,15.838,5.0,12.0,17.0,19.0,21.0,23.0,31.0,31.0,15.0,36.0,51.0,56.0,69.0,71.0,87.0,98.0,0.0,0.0,0.0,0.0,0.0,0.0,0.0,0.0,,,,,,,,,0.0,0.0,0.0,0.0,0.0,0.0,0.0,0.0,0.0,0.0,0.0,0.0,0.0,0.0,0.0,0.0,0.0,0.0,0.0,0.0,0.0,0.0,0.0,0.0,0.0,0.0,0.0,0.0,0.0,0.0,0.0,0.0,0.0,0.0,0.0,0.0,0.0,0.0,0.0,0.0,2.0,2.0,2.0,2.0,2.0,2.0,2.0,2.0
3934,Könnern,51.669783,11.770864,1300,1650,7.281,1.34,1,,,,,,,24.939,24.939,24.939,22.077,0.0,0.0,0.0,0.0,2.0,2.0,5.0,10.0,15.0,22.0,31.0,37.0,13.0,26.0,35.0,51.0,76.0,91.0,109.0,123.0,0.0,0.0,0.0,0.0,1.0,1.0,1.0,1.0,,,,,local,local,local,local,0.0,0.0,0.0,0.0,0.0,0.0,0.0,0.0,0.0,0.0,0.0,0.0,0.0,0.0,0.0,0.0,0.0,0.0,0.0,0.0,0.0,0.0,0.0,0.0,0.0,0.0,0.0,0.0,0.0,0.0,0.0,0.0,0.0,0.0,0.0,0.0,0.0,0.0,0.0,0.0,2.0,2.0,2.0,2.0,2.0,2.0,2.0,2.0
3852,Koblenz,50.360368,7.595445,1276,1650,0.758,0.042,1,4000.0,2000.0,1000.0,1000.0,1000.0,1000.0,55.744,55.744,55.744,55.744,55.744,55.744,55.744,55.744,0.0,0.0,0.0,0.0,0.0,0.0,0.0,0.0,2.0,3.0,4.0,4.0,5.0,5.0,6.0,6.0,0.0,0.0,0.0,0.0,0.0,0.0,0.0,0.0,,,,,,,,,1.0,1.0,1.0,1.0,1.0,1.0,1.0,1.0,0.0,0.0,0.0,0.0,1.0,1.0,1.0,1.0,0.0,0.0,0.0,0.0,0.0,0.0,0.0,0.0,0.0,0.0,0.0,0.0,0.0,0.0,0.0,0.0,0.0,0.0,0.0,0.0,0.0,0.0,0.0,0.0,2.0,2.0,2.0,2.0,3.0,3.0,3.0,3.0
3880,Kołobrzeg,54.175813,15.576246,1255,1650,110.122,0.069,1,3000.0,4000.0,5000.0,5000.0,6000.0,5000.0,143.28,143.28,143.28,143.28,143.28,143.28,0.0,0.0,0.0,0.0,0.0,0.0,0.0,0.0,1.0,1.0,0.0,0.0,0.0,0.0,0.0,0.0,2.0,2.0,0.0,0.0,0.0,0.0,0.0,0.0,1.0,1.0,,,,,,,local,local,0.0,0.0,0.0,0.0,0.0,0.0,0.0,0.0,0.0,0.0,0.0,0.0,0.0,0.0,0.0,0.0,0.0,0.0,0.0,0.0,0.0,0.0,0.0,0.0,0.0,0.0,0.0,0.0,0.0,0.0,0.0,0.0,0.0,0.0,0.0,0.0,0.0,0.0,0.0,0.0,2.0,2.0,2.0,2.0,2.0,2.0,2.0,2.0
3913,Chojna,52.963513,14.427399,1270,1650,8.243,0.135,1,,,,,,,143.674,143.674,12.049,12.049,12.049,12.049,12.049,12.049,0.0,0.0,1.0,1.0,2.0,4.0,4.0,4.0,0.0,0.0,4.0,4.0,5.0,7.0,8.0,9.0,0.0,0.0,0.0,0.0,0.0,0.0,0.0,0.0,,,,,,,,,0.0,0.0,0.0,0.0,0.0,0.0,0.0,0.0,0.0,0.0,0.0,0.0,0.0,0.0,0.0,0.0,0.0,0.0,0.0,0.0,0.0,0.0,0.0,0.0,0.0,0.0,0.0,0.0,0.0,0.0,0.0,0.0,0.0,0.0,0.0,0.0,0.0,0.0,0.0,0.0,2.0,2.0,2.0,2.0,2.0,2.0,2.0,2.0
5972,Plauen,50.493533,12.136025,1230,1650,88.249,0.145,1,1000.0,1000.0,1000.0,1000.0,2000.0,2000.0,61.911,61.911,61.84,44.349,44.349,0.0,0.0,0.0,0.0,0.0,0.0,4.0,4.0,9.0,10.0,11.0,4.0,8.0,14.0,25.0,35.0,40.0,42.0,44.0,0.0,0.0,0.0,0.0,0.0,1.0,1.0,1.0,,,,,,local,local,local,0.0,0.0,0.0,0.0,1.0,1.0,1.0,1.0,0.0,0.0,0.0,0.0,0.0,0.0,0.0,0.0,0.0,0.0,0.0,0.0,0.0,0.0,0.0,0.0,0.0,0.0,0.0,0.0,0.0,0.0,0.0,0.0,0.0,0.0,0.0,0.0,0.0,0.0,0.0,0.0,2.0,2.0,2.0,2.0,2.0,2.0,2.0,2.0
3911,Kaliningrad,54.708932,20.51082,1286,1650,18.139,0.022,1,3000.0,10000.0,9000.0,12000.0,15000.0,23000.0,433.286,433.286,433.01,433.01,433.01,433.01,324.469,324.469,0.0,0.0,0.0,0.0,0.0,0.0,0.0,0.0,0.0,0.0,0.0,0.0,0.0,0.0,0.0,0.0,0.0,0.0,0.0,0.0,0.0,0.0,0.0,0.0,,,,,,,,,0.0,0.0,0.0,0.0,0.0,0.0,0.0,0.0,0.0,0.0,0.0,0.0,0.0,1.0,1.0,1.0,0.0,0.0,0.0,0.0,0.0,0.0,0.0,0.0,0.0,0.0,0.0,0.0,0.0,0.0,0.0,0.0,0.0,0.0,0.0,0.0,0.0,0.0,0.0,0.0,2.0,2.0,2.0,2.0,2.0,3.0,3.0,3.0
3958,Karlino,54.033224,15.877268,1299,1650,116.856,0.359,1,,,,,,,163.042,163.042,145.499,145.499,145.499,145.499,25.229,25.229,0.0,0.0,0.0,0.0,0.0,0.0,1.0,1.0,0.0,0.0,0.0,0.0,0.0,0.0,2.0,2.0,0.0,0.0,0.0,0.0,0.0,0.0,0.0,0.0,,,,,,,,,0.0,0.0,0.0,0.0,0.0,0.0,0.0,0.0,0.0,0.0,0.0,0.0,0.0,0.0,0.0,0.0,0.0,0.0,0.0,0.0,0.0,0.0,0.0,0.0,0.0,0.0,0.0,0.0,0.0,0.0,0.0,0.0,0.0,0.0,0.0,0.0,0.0,0.0,0.0,0.0,2.0,2.0,2.0,2.0,2.0,2.0,2.0,2.0
3976,Koszalin,54.19001,16.182474,1266,1650,143.308,0.135,1,1000.0,1000.0,3000.0,3000.0,3000.0,3000.0,182.759,182.759,171.388,171.388,171.388,171.388,39.48,39.48,0.0,0.0,0.0,0.0,0.0,0.0,1.0,1.0,0.0,0.0,0.0,0.0,0.0,0.0,1.0,1.0,0.0,0.0,0.0,0.0,0.0,0.0,0.0,0.0,,,,,,,,,0.0,0.0,0.0,0.0,0.0,0.0,0.0,0.0,0.0,0.0,0.0,0.0,0.0,0.0,0.0,0.0,0.0,0.0,0.0,0.0,0.0,0.0,0.0,0.0,0.0,0.0,0.0,0.0,0.0,0.0,0.0,0.0,0.0,0.0,0.0,0.0,0.0,0.0,0.0,0.0,2.0,2.0,2.0,2.0,2.0,2.0,2.0,2.0
4017,Krakow am See,53.652221,12.269533,1235,1650,30.512,0.82,1,,,,,,,56.398,56.398,49.264,49.264,49.264,31.14,29.733,29.733,0.0,0.0,1.0,1.0,1.0,2.0,6.0,6.0,4.0,6.0,9.0,9.0,9.0,12.0,22.0,24.0,0.0,0.0,0.0,0.0,0.0,0.0,0.0,0.0,,,,,,,,,0.0,0.0,0.0,0.0,0.0,0.0,0.0,0.0,0.0,0.0,0.0,0.0,0.0,0.0,0.0,0.0,0.0,0.0,0.0,0.0,0.0,0.0,0.0,0.0,0.0,0.0,0.0,0.0,0.0,0.0,0.0,0.0,0.0,0.0,0.0,0.0,0.0,0.0,0.0,0.0,2.0,2.0,2.0,2.0,2.0,2.0,2.0,2.0
4044,Kremmen,52.760559,13.024312,1232,1650,19.723,1.884,1,,,,,,,117.073,70.923,37.314,37.314,37.314,37.314,23.462,23.462,0.0,0.0,3.0,3.0,6.0,6.0,7.0,7.0,0.0,3.0,8.0,8.0,11.0,15.0,24.0,29.0,0.0,0.0,0.0,0.0,0.0,0.0,0.0,0.0,,,,,,,,,0.0,0.0,0.0,0.0,0.0,0.0,0.0,0.0,0.0,0.0,0.0,0.0,0.0,0.0,0.0,0.0,0.0,0.0,0.0,0.0,0.0,0.0,0.0,0.0,0.0,0.0,0.0,0.0,0.0,0.0,0.0,0.0,0.0,0.0,0.0,0.0,0.0,0.0,0.0,0.0,2.0,2.0,2.0,2.0,2.0,2.0,2.0,2.0
4079,Kröpelin,54.071215,11.794931,1240,1650,22.854,3.939,1,,,,,,,55.15,55.15,22.586,22.586,22.586,22.586,22.586,22.586,0.0,0.0,2.0,2.0,2.0,4.0,8.0,8.0,2.0,3.0,6.0,6.0,9.0,13.0,26.0,28.0,0.0,0.0,0.0,0.0,0.0,0.0,0.0,0.0,,,,,,,,,0.0,0.0,0.0,0.0,0.0,0.0,0.0,0.0,0.0,0.0,0.0,0.0,0.0,0.0,0.0,0.0,0.0,0.0,0.0,0.0,0.0,0.0,0.0,0.0,0.0,0.0,0.0,0.0,0.0,0.0,0.0,0.0,0.0,0.0,0.0,0.0,0.0,0.0,0.0,0.0,1.0,1.0,2.0,2.0,2.0,2.0,2.0,2.0
4168,Kostrzyn nad Odrą,52.579019,14.637092,1300,1650,9.088,0.152,1,2000.0,1000.0,2000.0,2000.0,3000.0,3000.0,188.172,180.268,42.938,42.938,42.938,42.938,42.938,42.938,0.0,0.0,1.0,1.0,2.0,4.0,4.0,4.0,0.0,0.0,4.0,4.0,5.0,7.0,7.0,7.0,0.0,0.0,0.0,0.0,0.0,0.0,0.0,0.0,,,,,,,,,0.0,1.0,1.0,1.0,1.0,1.0,1.0,1.0,0.0,0.0,0.0,1.0,1.0,1.0,1.0,1.0,0.0,0.0,0.0,0.0,0.0,0.0,0.0,0.0,0.0,0.0,0.0,0.0,0.0,0.0,0.0,0.0,0.0,0.0,0.0,0.0,0.0,0.0,0.0,0.0,2.0,2.0,2.0,3.0,3.0,3.0,3.0,3.0
4186,Bad Laasphe,50.927237,8.41022,1260,1650,81.571,0.075,1,,,,,,,74.819,74.819,74.819,74.819,74.819,74.819,74.819,74.819,0.0,0.0,0.0,0.0,0.0,0.0,0.0,0.0,7.0,15.0,22.0,24.0,26.0,28.0,35.0,35.0,0.0,0.0,0.0,0.0,0.0,0.0,0.0,0.0,,,,,,,,,0.0,0.0,0.0,0.0,0.0,0.0,0.0,0.0,0.0,0.0,0.0,0.0,0.0,0.0,0.0,0.0,0.0,0.0,0.0,0.0,0.0,0.0,0.0,0.0,0.0,0.0,0.0,0.0,0.0,0.0,0.0,0.0,0.0,0.0,0.0,0.0,0.0,0.0,0.0,0.0,2.0,2.0,2.0,2.0,2.0,2.0,2.0,2.0
12707,,52.021649,4.870602,1257,1650,0.096,0.077,1,,,,,,,18.685,11.028,11.028,11.028,11.028,11.028,11.028,11.028,9.0,18.0,21.0,26.0,29.0,31.0,31.0,30.0,25.0,45.0,56.0,69.0,80.0,84.0,85.0,81.0,0.0,0.0,0.0,0.0,0.0,0.0,0.0,0.0,,,,,,,,,0.0,0.0,0.0,0.0,0.0,0.0,0.0,0.0,0.0,1.0,1.0,1.0,1.0,1.0,1.0,1.0,0.0,0.0,0.0,0.0,0.0,0.0,0.0,0.0,0.0,0.0,0.0,0.0,0.0,0.0,0.0,0.0,0.0,0.0,0.0,0.0,0.0,0.0,0.0,0.0,2.0,3.0,3.0,3.0,3.0,3.0,3.0,3.0
4220,Gorzów Wielkopolski,52.731058,15.240125,1257,1650,5.565,0.082,1,2000.0,1000.0,2000.0,3000.0,3000.0,3000.0,195.487,195.487,49.812,49.812,49.812,49.812,49.812,49.812,0.0,0.0,1.0,1.0,2.0,4.0,4.0,4.0,0.0,0.0,1.0,1.0,2.0,4.0,5.0,5.0,0.0,0.0,0.0,0.0,0.0,0.0,0.0,0.0,,,,,,,,,0.0,0.0,0.0,0.0,0.0,0.0,0.0,0.0,0.0,0.0,1.0,1.0,1.0,1.0,1.0,1.0,0.0,0.0,0.0,0.0,0.0,0.0,0.0,0.0,0.0,0.0,0.0,0.0,0.0,0.0,0.0,0.0,0.0,0.0,0.0,0.0,0.0,0.0,0.0,0.0,2.0,2.0,3.0,3.0,3.0,3.0,3.0,3.0
4278,Lauenburg,53.370369,10.552678,1250,1650,0.623,0.179,1,,,,,,,16.449,16.449,16.449,16.449,16.449,16.449,11.362,11.362,6.0,6.0,7.0,10.0,14.0,14.0,20.0,20.0,10.0,14.0,25.0,33.0,46.0,51.0,76.0,77.0,0.0,0.0,0.0,0.0,0.0,0.0,0.0,0.0,,,,,,,,,1.0,1.0,1.0,1.0,1.0,1.0,1.0,1.0,0.0,0.0,0.0,0.0,0.0,0.0,0.0,0.0,0.0,0.0,0.0,0.0,0.0,0.0,0.0,0.0,0.0,0.0,0.0,0.0,0.0,0.0,0.0,0.0,0.0,0.0,0.0,0.0,0.0,0.0,0.0,0.0,2.0,2.0,2.0,2.0,2.0,2.0,2.0,2.0
4303,Lebus,52.424947,14.541721,1226,1650,4.474,0.261,1,,,,,,,191.518,174.554,60.186,60.186,60.186,60.186,60.186,60.186,0.0,0.0,0.0,0.0,0.0,0.0,0.0,0.0,0.0,0.0,4.0,4.0,5.0,7.0,7.0,7.0,0.0,0.0,0.0,0.0,0.0,0.0,0.0,0.0,,,,,,,,,1.0,1.0,1.0,1.0,1.0,1.0,1.0,1.0,0.0,0.0,0.0,0.0,0.0,0.0,0.0,0.0,0.0,0.0,0.0,0.0,0.0,0.0,0.0,0.0,0.0,0.0,0.0,0.0,0.0,0.0,0.0,0.0,1.0,1.0,1.0,1.0,1.0,1.0,1.0,1.0,2.0,2.0,2.0,2.0,2.0,2.0,2.0,2.0
4339,Leisnig,51.159715,12.926684,1286,1650,31.854,0.354,1,,,,,,,43.343,43.343,16.161,16.161,16.161,16.161,16.161,16.161,2.0,2.0,4.0,7.0,8.0,11.0,11.0,12.0,5.0,7.0,13.0,23.0,29.0,38.0,44.0,51.0,0.0,0.0,0.0,0.0,0.0,0.0,0.0,0.0,,,,,,,,,0.0,0.0,0.0,0.0,0.0,1.0,1.0,1.0,0.0,0.0,0.0,0.0,0.0,0.0,0.0,0.0,0.0,0.0,0.0,0.0,0.0,0.0,0.0,0.0,0.0,0.0,0.0,0.0,0.0,0.0,0.0,0.0,0.0,0.0,0.0,0.0,0.0,0.0,0.0,0.0,2.0,2.0,2.0,2.0,2.0,2.0,2.0,2.0
4314,Ljouwert,53.201009,5.796778,1285,1650,0.197,0.336,1,3000.0,2000.0,4000.0,7000.0,11000.0,16000.0,51.301,51.301,50.768,43.836,43.836,25.142,25.142,25.142,0.0,0.0,0.0,2.0,3.0,5.0,5.0,5.0,8.0,12.0,26.0,38.0,41.0,48.0,48.0,45.0,0.0,0.0,0.0,0.0,0.0,0.0,0.0,0.0,,,,,,,,,0.0,0.0,0.0,0.0,0.0,1.0,1.0,1.0,0.0,0.0,0.0,0.0,0.0,0.0,0.0,0.0,0.0,0.0,0.0,0.0,0.0,0.0,0.0,0.0,0.0,0.0,0.0,0.0,0.0,0.0,0.0,0.0,0.0,1.0,1.0,1.0,1.0,1.0,1.0,1.0,2.0,2.0,2.0,2.0,2.0,2.0,2.0,2.0
4337,Leipzig,51.339915,12.374475,1170,1650,7.631,0.185,1,4000.0,3000.0,7000.0,11000.0,17000.0,18000.0,0.0,0.0,0.0,0.0,0.0,0.0,0.0,0.0,4.0,6.0,11.0,15.0,19.0,23.0,27.0,30.0,6.0,13.0,19.0,36.0,50.0,64.0,78.0,85.0,1.0,1.0,1.0,1.0,1.0,1.0,1.0,1.0,interregional,interregional,interregional,interregional,interregional,interregional,interregional,interregional,0.0,0.0,0.0,0.0,1.0,1.0,1.0,1.0,0.0,0.0,0.0,0.0,0.0,1.0,1.0,1.0,0.0,0.0,0.0,0.0,0.0,0.0,0.0,0.0,0.0,0.0,0.0,0.0,0.0,0.0,0.0,0.0,0.0,0.0,0.0,0.0,0.0,0.0,0.0,0.0,3.0,3.0,3.0,3.0,3.0,3.0,3.0,3.0
4342,Litoměřice,50.53409,14.131664,1220,1650,45.625,5.522,0,,,,,,,151.647,151.647,125.585,93.632,83.944,83.944,83.944,83.944,0.0,0.0,0.0,0.0,0.0,0.0,0.0,0.0,0.0,0.0,0.0,1.0,1.0,1.0,1.0,1.0,0.0,0.0,0.0,0.0,0.0,0.0,0.0,0.0,,,,,,,,,1.0,1.0,1.0,1.0,1.0,1.0,1.0,1.0,0.0,1.0,1.0,1.0,1.0,1.0,1.0,1.0,0.0,0.0,0.0,0.0,0.0,0.0,0.0,0.0,0.0,0.0,0.0,0.0,0.0,0.0,0.0,0.0,0.0,0.0,0.0,0.0,0.0,0.0,0.0,0.0,1.0,3.0,3.0,3.0,3.0,3.0,3.0,3.0
4353,Lemgo,52.028386,8.901262,1190,1650,15.982,0.206,1,,,,,,,28.894,0.0,0.0,0.0,0.0,0.0,0.0,0.0,8.0,16.0,18.0,18.0,24.0,24.0,34.0,37.0,26.0,47.0,69.0,73.0,82.0,86.0,106.0,111.0,0.0,1.0,1.0,1.0,1.0,1.0,1.0,1.0,,regional,regional,regional,regional,regional,regional,regional,0.0,0.0,0.0,1.0,1.0,1.0,1.0,1.0,0.0,0.0,0.0,0.0,0.0,0.0,0.0,0.0,0.0,0.0,0.0,0.0,0.0,0.0,0.0,0.0,0.0,0.0,0.0,0.0,0.0,0.0,0.0,0.0,0.0,0.0,0.0,0.0,0.0,0.0,0.0,0.0,2.0,3.0,3.0,3.0,3.0,3.0,3.0,3.0
12719,,50.977008,11.327804,1254,1650,76.57,0.226,1,,,,,,,28.129,20.936,19.025,19.025,0.452,0.452,0.452,0.452,1.0,7.0,9.0,18.0,25.0,26.0,28.0,28.0,17.0,33.0,41.0,57.0,79.0,95.0,112.0,123.0,0.0,0.0,0.0,0.0,0.0,0.0,0.0,0.0,,,,,,,,,0.0,0.0,0.0,0.0,0.0,0.0,0.0,0.0,0.0,0.0,0.0,0.0,0.0,0.0,0.0,0.0,0.0,0.0,0.0,0.0,0.0,0.0,0.0,0.0,0.0,0.0,0.0,0.0,0.0,0.0,0.0,0.0,0.0,0.0,0.0,0.0,0.0,0.0,0.0,0.0,2.0,2.0,2.0,2.0,2.0,2.0,2.0,2.0
6547,Rotenburg an der Fulda,50.994947,9.727088,1200,1650,3.505,0.108,1,,,,,,,41.538,35.858,35.858,35.858,35.858,35.858,35.858,24.642,3.0,9.0,9.0,9.0,9.0,11.0,11.0,15.0,19.0,46.0,60.0,63.0,74.0,80.0,94.0,103.0,0.0,0.0,0.0,0.0,0.0,0.0,0.0,0.0,,,,,,,,,0.0,0.0,0.0,0.0,0.0,0.0,0.0,0.0,0.0,0.0,0.0,0.0,0.0,0.0,0.0,0.0,0.0,0.0,0.0,0.0,0.0,0.0,0.0,0.0,0.0,0.0,0.0,0.0,0.0,0.0,0.0,0.0,0.0,0.0,0.0,0.0,0.0,0.0,0.0,0.0,2.0,2.0,2.0,2.0,2.0,2.0,2.0,2.0
13519,,52.890482,11.753245,1196,1650,8.78,0.032,1,,,,,,,49.746,15.713,15.713,15.713,15.713,15.713,15.713,15.713,1.0,4.0,9.0,12.0,17.0,17.0,20.0,24.0,7.0,10.0,18.0,23.0,31.0,34.0,54.0,60.0,0.0,0.0,0.0,0.0,0.0,0.0,0.0,0.0,,,,,,,,,0.0,0.0,0.0,0.0,0.0,0.0,0.0,0.0,0.0,0.0,0.0,0.0,0.0,0.0,0.0,0.0,0.0,0.0,0.0,0.0,0.0,0.0,0.0,0.0,0.0,0.0,0.0,0.0,0.0,0.0,0.0,0.0,0.0,0.0,0.0,0.0,0.0,0.0,0.0,0.0,2.0,2.0,2.0,2.0,2.0,2.0,2.0,2.0
4479,Linne,51.157621,5.939164,1255,1650,1.657,0.163,1,,,,,,,5.326,5.326,2.009,2.009,2.009,2.009,2.009,2.009,6.0,14.0,19.0,24.0,25.0,26.0,26.0,26.0,32.0,43.0,51.0,67.0,77.0,78.0,80.0,80.0,0.0,0.0,0.0,0.0,0.0,0.0,0.0,0.0,,,,,,,,,0.0,0.0,0.0,0.0,0.0,0.0,0.0,0.0,0.0,0.0,0.0,0.0,0.0,0.0,0.0,0.0,0.0,0.0,0.0,0.0,0.0,0.0,0.0,0.0,0.0,0.0,0.0,0.0,0.0,0.0,0.0,0.0,0.0,0.0,0.0,0.0,0.0,0.0,0.0,0.0,2.0,2.0,2.0,2.0,2.0,2.0,2.0,2.0
4533,Lochem,52.161361,6.416343,1233,1650,4.415,0.123,1,,,,,,,13.73,13.73,13.73,13.73,13.73,13.73,13.73,13.73,16.0,25.0,31.0,33.0,38.0,41.0,43.0,40.0,41.0,64.0,82.0,104.0,125.0,132.0,137.0,134.0,0.0,0.0,0.0,0.0,0.0,0.0,0.0,0.0,,,,,,,,,0.0,0.0,0.0,0.0,0.0,0.0,0.0,0.0,0.0,0.0,0.0,0.0,0.0,0.0,0.0,0.0,0.0,0.0,0.0,0.0,0.0,0.0,0.0,0.0,0.0,0.0,0.0,0.0,0.0,0.0,0.0,0.0,0.0,0.0,0.0,0.0,0.0,0.0,0.0,0.0,2.0,2.0,2.0,2.0,2.0,2.0,2.0,2.0
4502,Lippstadt,51.676271,8.346519,1220,1650,46.822,0.142,1,2000.0,1000.0,3000.0,3000.0,2000.0,2000.0,0.0,0.0,0.0,0.0,0.0,0.0,0.0,0.0,3.0,5.0,6.0,8.0,12.0,14.0,18.0,18.0,27.0,42.0,50.0,57.0,65.0,66.0,81.0,85.0,1.0,1.0,1.0,1.0,1.0,1.0,1.0,1.0,local,local,local,local,local,local,local,local,0.0,0.0,0.0,0.0,1.0,1.0,1.0,1.0,0.0,0.0,0.0,0.0,0.0,0.0,0.0,0.0,0.0,0.0,0.0,0.0,0.0,0.0,0.0,0.0,0.0,0.0,0.0,0.0,0.0,0.0,0.0,0.0,0.0,0.0,0.0,0.0,0.0,0.0,0.0,0.0,2.0,2.0,2.0,2.0,2.0,2.0,2.0,2.0
13521,,51.151621,11.805314,1033,1650,42.48,0.164,1,,,,,,,12.705,0.328,0.328,0.328,0.328,0.328,0.328,0.328,5.0,7.0,9.0,21.0,30.0,34.0,36.0,37.0,11.0,23.0,29.0,45.0,61.0,80.0,92.0,99.0,0.0,0.0,0.0,0.0,0.0,0.0,0.0,0.0,,,,,,,,,0.0,0.0,0.0,0.0,0.0,0.0,0.0,0.0,0.0,0.0,0.0,0.0,0.0,0.0,0.0,0.0,0.0,0.0,0.0,0.0,0.0,0.0,0.0,0.0,0.0,0.0,0.0,0.0,0.0,0.0,0.0,0.0,0.0,0.0,0.0,0.0,0.0,0.0,0.0,0.0,2.0,2.0,2.0,2.0,2.0,2.0,2.0,2.0
4526,Bad Lobenstein,50.447554,11.639987,1278,1650,105.473,0.274,1,,,,,,,67.615,64.552,53.568,27.441,27.441,18.884,18.884,18.884,0.0,0.0,0.0,4.0,4.0,9.0,10.0,10.0,7.0,17.0,23.0,34.0,48.0,57.0,60.0,63.0,0.0,0.0,0.0,0.0,0.0,0.0,0.0,0.0,,,,,,,,,0.0,0.0,0.0,0.0,0.0,0.0,0.0,0.0,0.0,0.0,0.0,0.0,0.0,0.0,0.0,0.0,0.0,0.0,0.0,0.0,0.0,0.0,0.0,0.0,0.0,0.0,0.0,0.0,0.0,0.0,0.0,0.0,0.0,0.0,0.0,0.0,0.0,0.0,0.0,0.0,2.0,2.0,2.0,2.0,2.0,2.0,2.0,2.0
4597,Lübbecke,52.302891,8.617959,1279,1650,20.975,1.135,1,,,,,,,20.39,20.39,20.39,20.39,20.39,20.39,20.39,20.39,9.0,14.0,17.0,17.0,21.0,22.0,29.0,28.0,33.0,46.0,62.0,69.0,85.0,89.0,108.0,120.0,0.0,0.0,0.0,0.0,0.0,0.0,0.0,0.0,,,,,,,,,0.0,0.0,0.0,0.0,0.0,0.0,0.0,0.0,0.0,0.0,0.0,0.0,0.0,0.0,0.0,0.0,0.0,0.0,0.0,0.0,0.0,0.0,0.0,0.0,0.0,0.0,0.0,0.0,0.0,0.0,0.0,0.0,0.0,0.0,0.0,0.0,0.0,0.0,0.0,0.0,2.0,2.0,2.0,2.0,2.0,2.0,2.0,2.0
4532,Loburg,52.115508,12.074474,1246,1650,18.836,4.081,1,,,,,,,29.786,29.786,26.243,26.243,16.535,16.535,8.77,8.77,1.0,2.0,5.0,5.0,11.0,16.0,21.0,26.0,7.0,13.0,18.0,30.0,43.0,56.0,79.0,92.0,0.0,0.0,0.0,0.0,0.0,0.0,0.0,0.0,,,,,,,,,0.0,0.0,0.0,0.0,0.0,0.0,0.0,0.0,0.0,0.0,0.0,0.0,0.0,0.0,0.0,0.0,0.0,0.0,0.0,0.0,0.0,0.0,0.0,0.0,0.0,0.0,0.0,0.0,0.0,0.0,0.0,0.0,0.0,0.0,0.0,0.0,0.0,0.0,0.0,0.0,1.0,2.0,2.0,2.0,2.0,2.0,2.0,2.0
4558,Loitz,53.969367,13.128414,1242,1650,4.689,0.124,1,,,,,,,21.693,21.693,21.693,21.693,21.693,21.693,9.252,9.252,1.0,1.0,1.0,1.0,1.0,2.0,4.0,5.0,1.0,1.0,2.0,2.0,2.0,4.0,8.0,9.0,0.0,0.0,0.0,0.0,0.0,0.0,0.0,0.0,,,,,,,,,0.0,0.0,0.0,0.0,0.0,0.0,0.0,0.0,0.0,0.0,0.0,0.0,0.0,0.0,0.0,0.0,0.0,0.0,0.0,0.0,0.0,0.0,0.0,0.0,0.0,0.0,0.0,0.0,0.0,0.0,0.0,0.0,0.0,0.0,0.0,0.0,0.0,0.0,0.0,0.0,2.0,2.0,2.0,2.0,2.0,2.0,2.0,2.0
12721,,51.531799,9.937684,1230,1650,21.03,0.08,1,,,,,,,46.894,19.802,0.204,0.204,0.204,0.204,0.204,0.204,3.0,15.0,22.0,25.0,29.0,29.0,35.0,42.0,18.0,51.0,71.0,80.0,93.0,100.0,120.0,134.0,0.0,0.0,0.0,0.0,0.0,0.0,0.0,0.0,,,,,,,,,0.0,0.0,0.0,0.0,0.0,0.0,0.0,0.0,0.0,0.0,0.0,0.0,0.0,0.0,0.0,0.0,0.0,0.0,0.0,0.0,0.0,0.0,0.0,0.0,0.0,0.0,0.0,0.0,0.0,0.0,0.0,0.0,0.0,0.0,0.0,0.0,0.0,0.0,0.0,0.0,2.0,2.0,2.0,2.0,2.0,2.0,2.0,2.0
13278,,51.701932,4.855399,1213,1650,13.597,0.135,1,,,,,,,0.27,0.27,0.27,0.27,0.27,0.27,0.27,0.27,9.0,14.0,16.0,21.0,24.0,26.0,26.0,25.0,21.0,40.0,47.0,57.0,66.0,69.0,69.0,68.0,0.0,0.0,0.0,0.0,0.0,0.0,0.0,0.0,,,,,,,,,0.0,0.0,0.0,0.0,0.0,0.0,0.0,0.0,0.0,0.0,0.0,0.0,0.0,0.0,0.0,0.0,0.0,1.0,1.0,1.0,1.0,1.0,1.0,1.0,0.0,0.0,0.0,0.0,0.0,0.0,0.0,0.0,0.0,0.0,0.0,0.0,0.0,0.0,0.0,0.0,2.0,2.0,2.0,2.0,2.0,2.0,2.0,2.0
4598,Lübben,51.941455,13.896772,1150,1650,46.958,0.127,1,,,,,,,124.532,124.532,72.303,72.303,72.303,72.302,52.162,52.162,0.0,0.0,0.0,0.0,0.0,0.0,0.0,0.0,0.0,0.0,3.0,4.0,4.0,8.0,11.0,13.0,0.0,0.0,0.0,0.0,0.0,0.0,0.0,0.0,,,,,,,,,0.0,0.0,0.0,0.0,1.0,1.0,1.0,1.0,0.0,0.0,0.0,0.0,0.0,0.0,0.0,0.0,0.0,0.0,0.0,0.0,0.0,0.0,0.0,0.0,0.0,0.0,0.0,0.0,0.0,0.0,0.0,0.0,0.0,0.0,0.0,0.0,0.0,0.0,0.0,0.0,2.0,2.0,2.0,2.0,2.0,2.0,2.0,2.0
19503,,55.094313,10.24113,1200,1650,89.758,0.059,1,,,,,,,97.365,0.118,0.118,0.118,0.118,0.118,0.118,0.118,0.0,2.0,3.0,4.0,4.0,4.0,6.0,9.0,1.0,5.0,7.0,11.0,18.0,19.0,28.0,37.0,0.0,0.0,0.0,0.0,0.0,0.0,0.0,0.0,,,,,,,,,0.0,0.0,0.0,0.0,0.0,0.0,0.0,0.0,0.0,0.0,0.0,0.0,0.0,0.0,0.0,0.0,0.0,0.0,0.0,0.0,0.0,0.0,0.0,0.0,0.0,0.0,0.0,0.0,0.0,0.0,0.0,0.0,1.0,1.0,1.0,1.0,1.0,1.0,1.0,1.0,2.0,2.0,2.0,2.0,2.0,2.0,2.0,2.0
4622,Lüchow,52.967433,11.158193,1293,1650,2.715,0.268,1,,,,,,,15.179,15.179,0.0,0.0,0.0,0.0,0.0,0.0,1.0,1.0,6.0,11.0,12.0,12.0,14.0,14.0,7.0,10.0,26.0,34.0,39.0,42.0,66.0,71.0,0.0,0.0,1.0,1.0,1.0,1.0,1.0,1.0,,,local,local,local,local,local,local,1.0,1.0,1.0,1.0,1.0,1.0,1.0,1.0,0.0,0.0,0.0,0.0,0.0,0.0,0.0,0.0,0.0,0.0,0.0,0.0,0.0,0.0,0.0,0.0,0.0,0.0,0.0,0.0,0.0,0.0,0.0,0.0,0.0,1.0,1.0,1.0,1.0,1.0,1.0,1.0,2.0,2.0,2.0,2.0,2.0,2.0,2.0,2.0
4625,Luckau,51.852601,13.715322,1250,1650,57.691,0.134,1,,,,,,,108.754,108.754,76.957,76.957,76.957,57.885,45.506,41.517,0.0,0.0,0.0,0.0,0.0,0.0,3.0,5.0,0.0,0.0,5.0,6.0,6.0,10.0,13.0,15.0,0.0,0.0,0.0,0.0,0.0,0.0,0.0,0.0,,,,,,,,,0.0,0.0,0.0,0.0,0.0,0.0,0.0,0.0,0.0,0.0,1.0,1.0,1.0,1.0,1.0,1.0,0.0,0.0,0.0,0.0,0.0,0.0,0.0,0.0,0.0,0.0,0.0,0.0,0.0,0.0,0.0,0.0,0.0,0.0,0.0,0.0,0.0,0.0,0.0,0.0,2.0,2.0,3.0,3.0,3.0,3.0,3.0,3.0
4654,Lünen,51.613236,7.523574,1265,1650,7.012,0.102,1,,,,,,,11.684,11.684,9.468,9.468,9.468,9.468,9.468,9.468,12.0,16.0,17.0,20.0,21.0,21.0,24.0,25.0,30.0,41.0,45.0,56.0,66.0,70.0,80.0,81.0,0.0,0.0,0.0,0.0,0.0,0.0,0.0,0.0,,,,,,,,,0.0,1.0,1.0,1.0,1.0,1.0,1.0,1.0,0.0,0.0,0.0,0.0,0.0,0.0,0.0,0.0,0.0,0.0,0.0,0.0,0.0,0.0,0.0,0.0,0.0,0.0,0.0,0.0,0.0,0.0,0.0,0.0,0.0,0.0,0.0,0.0,0.0,0.0,0.0,0.0,2.0,2.0,2.0,2.0,2.0,2.0,2.0,2.0
4716,Mainz,49.999541,8.27359,297,1650,0.672,0.069,1,13000.0,9000.0,6000.0,9000.0,13000.0,18000.0,31.668,31.668,31.668,31.668,31.668,31.668,31.668,31.668,1.0,2.0,2.0,2.0,2.0,2.0,2.0,2.0,5.0,7.0,7.0,7.0,7.0,7.0,9.0,9.0,0.0,0.0,0.0,0.0,0.0,0.0,0.0,0.0,,,,,,,,,0.0,0.0,0.0,0.0,0.0,0.0,0.0,0.0,0.0,0.0,0.0,0.0,1.0,1.0,1.0,1.0,0.0,0.0,0.0,0.0,0.0,0.0,0.0,0.0,0.0,0.0,0.0,0.0,0.0,0.0,0.0,0.0,0.0,0.0,0.0,0.0,0.0,0.0,0.0,0.0,2.0,2.0,2.0,2.0,3.0,3.0,3.0,3.0
11437,,51.857834,12.646113,1293,1650,6.751,0.037,1,,,,,,,60.569,60.569,43.113,43.113,40.386,30.732,30.732,27.537,0.0,0.0,2.0,2.0,6.0,9.0,12.0,15.0,6.0,12.0,23.0,33.0,44.0,58.0,76.0,90.0,0.0,0.0,0.0,0.0,0.0,0.0,0.0,0.0,,,,,,,,,0.0,0.0,0.0,1.0,1.0,1.0,1.0,1.0,0.0,0.0,0.0,1.0,1.0,0.0,0.0,0.0,0.0,0.0,0.0,0.0,0.0,0.0,0.0,0.0,0.0,0.0,0.0,0.0,0.0,0.0,0.0,0.0,0.0,1.0,1.0,1.0,1.0,1.0,1.0,1.0,2.0,2.0,2.0,3.0,3.0,2.0,2.0,2.0
13522,,50.928735,11.589206,1230,1650,67.347,0.049,1,,,,,,,16.322,16.322,0.099,0.099,0.099,0.099,0.099,0.099,2.0,8.0,10.0,19.0,28.0,30.0,32.0,32.0,17.0,32.0,42.0,58.0,73.0,89.0,98.0,104.0,0.0,0.0,0.0,0.0,0.0,0.0,0.0,0.0,,,,,,,,,0.0,0.0,0.0,0.0,0.0,0.0,0.0,0.0,0.0,0.0,0.0,0.0,0.0,0.0,0.0,0.0,0.0,0.0,0.0,0.0,0.0,0.0,0.0,0.0,0.0,0.0,0.0,0.0,0.0,0.0,0.0,0.0,0.0,0.0,0.0,0.0,0.0,0.0,0.0,0.0,2.0,2.0,2.0,2.0,2.0,2.0,2.0,2.0
4769,Kwidzyn,53.734843,18.921858,1233,1650,11.968,0.179,1,1000.0,1000.0,2000.0,2000.0,3000.0,3000.0,365.001,365.001,298.854,298.854,298.854,298.854,224.301,224.301,0.0,0.0,0.0,0.0,0.0,0.0,0.0,0.0,0.0,0.0,0.0,0.0,0.0,0.0,0.0,0.0,0.0,0.0,0.0,0.0,0.0,0.0,0.0,0.0,,,,,,,,,0.0,0.0,0.0,0.0,0.0,0.0,0.0,0.0,0.0,0.0,0.0,0.0,0.0,0.0,0.0,0.0,0.0,0.0,0.0,0.0,0.0,0.0,0.0,0.0,0.0,0.0,0.0,0.0,0.0,0.0,0.0,0.0,0.0,0.0,0.0,0.0,0.0,0.0,0.0,0.0,2.0,2.0,2.0,2.0,2.0,2.0,2.0,2.0
12415,Geisa,50.714151,9.949703,1300,1650,24.79,0.141,1,,,,,,,36.656,13.712,13.712,13.712,13.712,13.712,13.712,13.712,8.0,13.0,14.0,14.0,17.0,19.0,24.0,29.0,12.0,31.0,39.0,39.0,49.0,55.0,65.0,72.0,0.0,0.0,0.0,0.0,0.0,0.0,0.0,0.0,,,,,,,,,0.0,0.0,0.0,0.0,0.0,0.0,0.0,0.0,0.0,0.0,0.0,0.0,0.0,0.0,0.0,0.0,0.0,0.0,0.0,0.0,0.0,0.0,0.0,0.0,0.0,0.0,0.0,0.0,0.0,0.0,0.0,0.0,0.0,0.0,0.0,0.0,0.0,0.0,0.0,0.0,2.0,2.0,2.0,2.0,2.0,2.0,2.0,2.0
8516,Wittenburg,53.512395,11.071876,1226,1650,9.131,0.227,1,,,,,,,26.088,26.088,26.088,26.088,26.088,26.088,26.088,26.088,3.0,3.0,5.0,5.0,5.0,6.0,12.0,13.0,9.0,11.0,19.0,26.0,35.0,41.0,63.0,64.0,0.0,0.0,0.0,0.0,0.0,0.0,0.0,0.0,,,,,,,,,0.0,0.0,0.0,0.0,0.0,0.0,0.0,0.0,0.0,0.0,0.0,0.0,0.0,0.0,0.0,0.0,0.0,0.0,0.0,0.0,0.0,0.0,0.0,0.0,0.0,0.0,0.0,0.0,0.0,0.0,0.0,0.0,0.0,0.0,0.0,0.0,0.0,0.0,0.0,0.0,2.0,2.0,2.0,2.0,2.0,2.0,2.0,2.0
8513,Lutherstadt Wittenberg,51.866385,12.643187,1293,1650,6.443,0.266,1,3000.0,2000.0,2000.0,2000.0,3000.0,4000.0,61.412,61.412,43.838,43.838,39.915,30.016,30.016,27.438,0.0,0.0,2.0,2.0,6.0,9.0,12.0,15.0,6.0,12.0,23.0,33.0,44.0,58.0,76.0,90.0,0.0,0.0,0.0,0.0,0.0,0.0,0.0,0.0,,,,,,,,,0.0,0.0,0.0,1.0,1.0,1.0,1.0,1.0,0.0,0.0,0.0,1.0,1.0,0.0,0.0,0.0,0.0,0.0,0.0,0.0,0.0,0.0,0.0,0.0,0.0,0.0,0.0,0.0,0.0,0.0,0.0,0.0,0.0,0.0,0.0,0.0,0.0,0.0,0.0,0.0,2.0,2.0,2.0,3.0,3.0,2.0,2.0,2.0
4804,Maszewo,53.496345,15.061358,1278,1650,38.212,3.242,1,,,,,,,128.943,128.943,66.389,66.389,66.389,66.389,17.129,17.129,0.0,0.0,0.0,0.0,0.0,0.0,1.0,1.0,0.0,0.0,1.0,1.0,2.0,4.0,6.0,6.0,0.0,0.0,0.0,0.0,0.0,0.0,0.0,0.0,,,,,,,,,0.0,0.0,0.0,0.0,0.0,0.0,0.0,0.0,0.0,0.0,0.0,0.0,0.0,0.0,0.0,0.0,0.0,0.0,0.0,0.0,0.0,0.0,0.0,0.0,0.0,0.0,0.0,0.0,0.0,0.0,0.0,0.0,0.0,0.0,0.0,0.0,0.0,0.0,0.0,0.0,1.0,1.0,1.0,1.0,1.0,1.0,1.0,1.0
4853,Meißen,51.163089,13.470449,1150,1650,11.474,0.205,1,2000.0,1000.0,2000.0,2000.0,3000.0,3000.0,78.769,78.769,52.237,11.865,0.0,0.0,0.0,0.0,0.0,0.0,0.0,1.0,1.0,2.0,2.0,4.0,3.0,3.0,7.0,10.0,14.0,17.0,19.0,25.0,0.0,0.0,0.0,0.0,1.0,1.0,1.0,1.0,,,,,local,local,local,local,1.0,1.0,1.0,1.0,1.0,1.0,1.0,1.0,0.0,0.0,0.0,0.0,0.0,0.0,0.0,0.0,0.0,0.0,0.0,0.0,0.0,0.0,0.0,0.0,0.0,0.0,0.0,0.0,0.0,0.0,0.0,0.0,0.0,0.0,0.0,0.0,0.0,0.0,0.0,0.0,2.0,2.0,2.0,2.0,2.0,2.0,2.0,2.0
11438,,51.857211,12.646503,1293,1650,6.79,0.037,1,,,,,,,60.512,60.512,43.067,43.067,40.433,30.779,30.779,27.558,0.0,0.0,2.0,2.0,6.0,9.0,12.0,15.0,6.0,12.0,23.0,33.0,44.0,58.0,76.0,90.0,0.0,0.0,0.0,0.0,0.0,0.0,0.0,0.0,,,,,,,,,0.0,0.0,0.0,0.0,1.0,1.0,1.0,1.0,0.0,0.0,0.0,1.0,1.0,0.0,0.0,0.0,0.0,0.0,0.0,1.0,1.0,1.0,1.0,1.0,0.0,0.0,0.0,1.0,1.0,1.0,1.0,1.0,0.0,0.0,0.0,0.0,0.0,0.0,0.0,0.0,2.0,2.0,2.0,3.0,3.0,2.0,2.0,2.0
4871,Klaipėda,55.708979,21.135143,1253,1650,75.385,0.07,1,1000.0,1000.0,2000.0,2000.0,3000.0,3000.0,460.744,460.744,460.744,460.744,460.744,460.744,393.705,393.705,0.0,0.0,0.0,0.0,0.0,0.0,0.0,0.0,0.0,0.0,0.0,0.0,0.0,0.0,0.0,0.0,0.0,0.0,0.0,0.0,0.0,0.0,0.0,0.0,,,,,,,,,0.0,0.0,0.0,0.0,0.0,0.0,0.0,0.0,0.0,0.0,0.0,0.0,0.0,1.0,1.0,1.0,0.0,0.0,0.0,0.0,0.0,0.0,0.0,0.0,0.0,0.0,0.0,0.0,0.0,0.0,0.0,0.0,0.0,0.0,0.0,0.0,0.0,0.0,0.0,0.0,2.0,2.0,2.0,2.0,2.0,3.0,3.0,3.0
4868,,51.131733,9.546805,1201,1650,4.286,0.054,1,,,,,,,56.771,20.671,20.671,20.671,20.671,20.671,20.671,20.671,0.0,4.0,9.0,9.0,13.0,15.0,15.0,19.0,22.0,43.0,56.0,59.0,71.0,77.0,91.0,102.0,0.0,0.0,0.0,0.0,0.0,0.0,0.0,0.0,,,,,,,,,0.0,0.0,0.0,0.0,0.0,0.0,0.0,0.0,0.0,0.0,0.0,0.0,0.0,0.0,0.0,0.0,0.0,0.0,1.0,1.0,1.0,1.0,1.0,1.0,0.0,0.0,0.0,0.0,0.0,0.0,0.0,0.0,0.0,0.0,0.0,0.0,0.0,0.0,0.0,1.0,2.0,2.0,2.0,2.0,2.0,2.0,2.0,2.0
13523,,51.246145,10.658144,1277,1650,38.719,0.059,1,,,,,,,27.165,14.462,14.462,14.462,14.462,14.462,14.462,14.462,7.0,18.0,18.0,18.0,24.0,27.0,29.0,31.0,16.0,49.0,60.0,81.0,101.0,114.0,135.0,150.0,0.0,0.0,0.0,0.0,0.0,0.0,0.0,0.0,,,,,,,,,0.0,0.0,0.0,0.0,0.0,0.0,0.0,0.0,0.0,0.0,0.0,0.0,0.0,0.0,0.0,0.0,0.0,0.0,0.0,0.0,0.0,0.0,0.0,0.0,0.0,0.0,0.0,0.0,0.0,0.0,0.0,0.0,0.0,0.0,0.0,0.0,0.0,0.0,0.0,0.0,2.0,2.0,2.0,2.0,2.0,2.0,2.0,2.0
4891,Merseburg,51.354851,11.999072,981,1650,28.333,0.19,1,5000.0,3000.0,5000.0,4000.0,5000.0,4000.0,14.356,14.356,14.356,14.356,14.356,14.356,14.356,14.356,5.0,7.0,10.0,19.0,27.0,30.0,37.0,40.0,12.0,24.0,31.0,52.0,67.0,80.0,93.0,104.0,0.0,0.0,0.0,0.0,0.0,0.0,0.0,0.0,,,,,,,,,0.0,0.0,0.0,0.0,1.0,1.0,1.0,1.0,0.0,0.0,0.0,0.0,0.0,0.0,0.0,0.0,0.0,0.0,0.0,0.0,0.0,0.0,0.0,0.0,0.0,0.0,0.0,0.0,0.0,0.0,0.0,0.0,0.0,0.0,0.0,0.0,0.0,0.0,0.0,0.0,2.0,2.0,2.0,2.0,2.0,2.0,2.0,2.0
4903,Międzyrzecz,52.444498,15.577958,1248,1650,26.269,0.101,1,,,,,,,234.648,234.648,87.312,87.312,87.312,87.312,87.312,87.312,0.0,0.0,0.0,0.0,0.0,0.0,0.0,0.0,0.0,0.0,1.0,1.0,2.0,4.0,4.0,4.0,0.0,0.0,0.0,0.0,0.0,0.0,0.0,0.0,,,,,,,,,0.0,0.0,0.0,0.0,0.0,0.0,0.0,0.0,0.0,0.0,0.0,0.0,0.0,0.0,0.0,0.0,0.0,0.0,0.0,0.0,0.0,0.0,0.0,0.0,0.0,0.0,0.0,0.0,0.0,0.0,0.0,0.0,0.0,0.0,0.0,0.0,0.0,0.0,0.0,0.0,2.0,2.0,2.0,2.0,2.0,2.0,2.0,2.0
19504,,55.059646,10.610784,1225,1650,97.228,0.029,1,,,,,,,83.021,23.829,23.829,23.829,23.829,23.829,23.829,23.829,0.0,2.0,3.0,4.0,4.0,7.0,11.0,17.0,1.0,5.0,8.0,16.0,22.0,23.0,33.0,40.0,0.0,0.0,0.0,0.0,0.0,0.0,0.0,0.0,,,,,,,,,0.0,0.0,0.0,0.0,0.0,0.0,0.0,0.0,0.0,0.0,0.0,0.0,0.0,0.0,0.0,0.0,0.0,0.0,0.0,0.0,0.0,0.0,0.0,0.0,0.0,0.0,0.0,0.0,0.0,0.0,0.0,0.0,0.0,0.0,0.0,0.0,0.0,0.0,0.0,0.0,2.0,2.0,2.0,2.0,2.0,2.0,2.0,2.0
4955,Miltenberg,49.699422,9.252039,1225,1650,6.49,0.045,1,,,,,,,61.269,56.139,56.139,56.139,56.139,56.139,56.139,56.139,0.0,0.0,0.0,0.0,0.0,0.0,0.0,0.0,5.0,7.0,7.0,7.0,7.0,7.0,9.0,9.0,0.0,0.0,0.0,0.0,0.0,0.0,0.0,0.0,,,,,,,,,0.0,0.0,0.0,0.0,0.0,0.0,0.0,0.0,0.0,0.0,1.0,1.0,1.0,1.0,1.0,1.0,0.0,0.0,0.0,0.0,0.0,0.0,0.0,0.0,0.0,0.0,0.0,0.0,0.0,0.0,0.0,0.0,0.0,0.0,0.0,0.0,0.0,0.0,0.0,0.0,2.0,2.0,3.0,3.0,3.0,3.0,3.0,3.0
19505,,55.05881,10.609191,1225,1650,97.095,0.043,1,,,,,,,83.117,23.745,23.745,23.745,23.745,23.745,23.745,23.745,0.0,2.0,3.0,4.0,4.0,7.0,11.0,17.0,1.0,5.0,8.0,16.0,22.0,23.0,33.0,40.0,0.0,0.0,0.0,0.0,0.0,0.0,0.0,0.0,,,,,,,,,0.0,0.0,0.0,0.0,0.0,0.0,0.0,0.0,0.0,0.0,0.0,0.0,0.0,0.0,0.0,0.0,0.0,0.0,0.0,0.0,0.0,0.0,0.0,0.0,0.0,0.0,0.0,0.0,0.0,0.0,0.0,0.0,0.0,0.0,0.0,0.0,0.0,0.0,0.0,0.0,2.0,2.0,2.0,2.0,2.0,2.0,2.0,2.0
4958,Minden,52.28806,8.916805,1230,1650,2.405,0.108,1,3000.0,2000.0,4000.0,4000.0,4000.0,3000.0,0.0,0.0,0.0,0.0,0.0,0.0,0.0,0.0,4.0,12.0,14.0,14.0,19.0,18.0,26.0,29.0,30.0,49.0,69.0,74.0,85.0,89.0,109.0,119.0,1.0,1.0,1.0,1.0,1.0,1.0,1.0,1.0,regional,regional,regional,regional,regional,regional,regional,regional,1.0,1.0,0.0,0.0,0.0,0.0,0.0,0.0,0.0,0.0,0.0,0.0,1.0,1.0,1.0,1.0,0.0,0.0,0.0,0.0,0.0,0.0,0.0,0.0,0.0,0.0,0.0,0.0,0.0,0.0,0.0,0.0,0.0,0.0,0.0,0.0,0.0,0.0,0.0,0.0,3.0,3.0,3.0,3.0,3.0,3.0,3.0,3.0
7286,Spangenberg,51.116857,9.666456,1261,1650,6.511,0.275,1,,,,,,,48.322,24.806,24.806,24.806,24.806,24.806,24.806,24.806,3.0,10.0,14.0,14.0,18.0,20.0,20.0,24.0,22.0,47.0,60.0,63.0,76.0,82.0,96.0,107.0,0.0,0.0,0.0,0.0,0.0,0.0,0.0,0.0,,,,,,,,,0.0,0.0,0.0,0.0,0.0,0.0,0.0,0.0,0.0,0.0,0.0,0.0,0.0,0.0,0.0,0.0,0.0,0.0,0.0,0.0,0.0,0.0,0.0,0.0,0.0,0.0,0.0,0.0,0.0,0.0,0.0,0.0,0.0,0.0,0.0,0.0,0.0,0.0,0.0,0.0,2.0,2.0,2.0,2.0,2.0,2.0,2.0,2.0
19506,,55.058657,10.610526,1225,1650,97.126,0.043,1,,,,,,,83.031,23.832,23.832,23.832,23.832,23.832,23.832,23.832,0.0,2.0,3.0,4.0,4.0,7.0,11.0,17.0,1.0,5.0,8.0,16.0,22.0,23.0,33.0,40.0,0.0,0.0,0.0,0.0,0.0,0.0,0.0,0.0,,,,,,,,,0.0,0.0,0.0,0.0,0.0,0.0,0.0,0.0,0.0,0.0,0.0,0.0,0.0,0.0,0.0,0.0,0.0,0.0,0.0,0.0,0.0,0.0,0.0,0.0,0.0,0.0,0.0,0.0,0.0,0.0,0.0,0.0,0.0,0.0,0.0,0.0,0.0,0.0,0.0,0.0,2.0,2.0,2.0,2.0,2.0,2.0,2.0,2.0
5026,Mölln,53.630604,10.692889,1202,1650,1.974,0.101,1,,,,,,,46.319,46.319,46.319,46.319,46.319,46.319,28.607,28.607,7.0,7.0,7.0,8.0,12.0,12.0,19.0,20.0,10.0,13.0,22.0,28.0,47.0,50.0,77.0,78.0,0.0,0.0,0.0,0.0,0.0,0.0,0.0,0.0,,,,,,,,,1.0,1.0,1.0,1.0,1.0,1.0,1.0,1.0,0.0,0.0,0.0,0.0,0.0,0.0,0.0,0.0,0.0,0.0,0.0,0.0,0.0,0.0,0.0,0.0,0.0,0.0,0.0,0.0,0.0,0.0,0.0,0.0,0.0,0.0,0.0,0.0,0.0,0.0,0.0,0.0,2.0,2.0,2.0,2.0,2.0,2.0,2.0,2.0
7397,Steinheim (Westfalen),51.865943,9.094328,1275,1650,22.753,3.482,1,,,,,,,22.212,16.652,16.652,16.652,16.652,16.652,16.652,16.652,8.0,16.0,23.0,25.0,31.0,31.0,40.0,40.0,18.0,39.0,60.0,64.0,78.0,82.0,99.0,107.0,0.0,0.0,0.0,0.0,0.0,0.0,0.0,0.0,,,,,,,,,0.0,0.0,0.0,0.0,0.0,0.0,0.0,0.0,0.0,0.0,0.0,0.0,0.0,0.0,0.0,0.0,0.0,0.0,0.0,0.0,0.0,0.0,0.0,0.0,0.0,0.0,0.0,0.0,0.0,0.0,0.0,0.0,0.0,0.0,0.0,0.0,0.0,0.0,0.0,0.0,2.0,2.0,2.0,2.0,2.0,2.0,2.0,2.0
5097,Muiden,52.329933,5.069393,1258,1650,1.541,0.046,1,,,,,,,26.688,12.932,12.932,12.932,12.932,12.932,12.932,12.932,5.0,10.0,13.0,15.0,16.0,19.0,19.0,18.0,24.0,41.0,55.0,67.0,81.0,85.0,86.0,82.0,0.0,0.0,0.0,0.0,0.0,0.0,0.0,0.0,,,,,,,,,0.0,0.0,0.0,0.0,0.0,0.0,0.0,0.0,0.0,0.0,0.0,0.0,0.0,0.0,0.0,0.0,0.0,1.0,1.0,1.0,1.0,1.0,1.0,1.0,0.0,0.0,0.0,0.0,0.0,0.0,0.0,0.0,0.0,1.0,1.0,1.0,1.0,1.0,1.0,1.0,2.0,2.0,2.0,2.0,2.0,2.0,2.0,2.0
5103,Müllrose,52.245673,14.414527,1260,1650,13.751,0.201,1,,,,,,,172.7,169.02,74.797,74.797,74.797,74.797,74.797,74.797,0.0,0.0,0.0,0.0,0.0,0.0,0.0,0.0,0.0,0.0,4.0,4.0,5.0,7.0,10.0,10.0,0.0,0.0,0.0,0.0,0.0,0.0,0.0,0.0,,,,,,,,,0.0,0.0,0.0,0.0,1.0,1.0,1.0,1.0,0.0,0.0,0.0,0.0,0.0,0.0,0.0,0.0,0.0,0.0,0.0,0.0,0.0,0.0,0.0,0.0,0.0,0.0,0.0,0.0,0.0,0.0,0.0,0.0,0.0,0.0,0.0,0.0,0.0,0.0,0.0,0.0,2.0,2.0,2.0,2.0,2.0,2.0,2.0,2.0
5106,Müncheberg,52.503504,14.139808,1245,1650,17.299,0.168,1,,,,,,,174.936,146.792,49.611,49.611,49.611,49.611,49.611,49.611,0.0,0.0,3.0,3.0,3.0,3.0,3.0,3.0,0.0,0.0,4.0,4.0,5.0,8.0,11.0,11.0,0.0,0.0,0.0,0.0,0.0,0.0,0.0,0.0,,,,,,,,,0.0,1.0,1.0,1.0,1.0,1.0,1.0,1.0,0.0,0.0,0.0,0.0,0.0,0.0,0.0,0.0,0.0,0.0,0.0,0.0,0.0,0.0,0.0,0.0,0.0,0.0,0.0,0.0,0.0,0.0,0.0,0.0,0.0,0.0,0.0,0.0,0.0,0.0,0.0,0.0,2.0,2.0,2.0,2.0,2.0,2.0,2.0,2.0
5113,Münster (Westfalen),51.963078,7.628321,1170,1650,25.869,0.155,1,16000.0,11000.0,10000.0,10000.0,11000.0,9000.0,0.0,0.0,0.0,0.0,0.0,0.0,0.0,0.0,8.0,12.0,13.0,15.0,17.0,17.0,20.0,21.0,34.0,51.0,57.0,66.0,81.0,89.0,99.0,99.0,1.0,1.0,1.0,1.0,1.0,1.0,1.0,1.0,regional,regional,regional,regional,regional,regional,regional,regional,0.0,0.0,0.0,0.0,0.0,0.0,0.0,0.0,0.0,0.0,0.0,0.0,0.0,0.0,0.0,0.0,0.0,0.0,0.0,0.0,0.0,0.0,0.0,0.0,0.0,0.0,0.0,0.0,0.0,0.0,0.0,0.0,0.0,0.0,0.0,0.0,0.0,0.0,0.0,0.0,3.0,3.0,3.0,3.0,3.0,3.0,3.0,3.0
5161,Nowogard,53.671789,15.119178,1274,1650,53.068,0.162,1,,,,,,,123.301,123.301,85.656,85.656,85.656,85.656,22.632,22.632,0.0,0.0,0.0,0.0,0.0,0.0,1.0,1.0,0.0,0.0,1.0,1.0,2.0,4.0,6.0,6.0,0.0,0.0,0.0,0.0,0.0,0.0,0.0,0.0,,,,,,,,,0.0,0.0,0.0,0.0,0.0,0.0,0.0,0.0,0.0,0.0,0.0,0.0,0.0,0.0,0.0,0.0,0.0,0.0,0.0,0.0,0.0,0.0,0.0,0.0,0.0,0.0,0.0,0.0,0.0,0.0,0.0,0.0,0.0,0.0,0.0,0.0,0.0,0.0,0.0,0.0,2.0,2.0,2.0,2.0,2.0,2.0,2.0,2.0
5166,Naumburg (Hessen),51.24726,9.165078,1230,1650,22.278,0.069,1,,,,,,,59.558,24.862,24.862,24.862,24.862,24.862,24.862,24.862,0.0,3.0,8.0,8.0,8.0,8.0,8.0,8.0,11.0,37.0,49.0,54.0,66.0,70.0,87.0,95.0,0.0,0.0,0.0,0.0,0.0,0.0,0.0,0.0,,,,,,,,,0.0,0.0,0.0,0.0,0.0,0.0,0.0,0.0,0.0,0.0,0.0,0.0,0.0,0.0,0.0,0.0,0.0,0.0,0.0,0.0,0.0,0.0,0.0,0.0,0.0,0.0,0.0,0.0,0.0,0.0,0.0,0.0,0.0,0.0,0.0,0.0,0.0,0.0,0.0,0.0,2.0,2.0,2.0,2.0,2.0,2.0,2.0,2.0
5227,Neubukow,54.031598,11.672531,1260,1650,28.986,2.896,1,,,,,,,47.875,47.875,20.623,20.623,20.623,20.623,20.623,20.623,2.0,2.0,4.0,4.0,4.0,6.0,9.0,10.0,2.0,3.0,6.0,6.0,9.0,13.0,29.0,31.0,0.0,0.0,0.0,0.0,0.0,0.0,0.0,0.0,,,,,,,,,0.0,0.0,0.0,0.0,0.0,0.0,0.0,0.0,0.0,0.0,0.0,0.0,0.0,0.0,0.0,0.0,0.0,0.0,0.0,0.0,0.0,0.0,0.0,0.0,0.0,0.0,0.0,0.0,0.0,0.0,0.0,0.0,0.0,0.0,0.0,0.0,0.0,0.0,0.0,0.0,2.0,2.0,2.0,2.0,2.0,2.0,2.0,2.0
5280,Neukalen,53.822667,12.791047,1281,1650,22.899,1.834,1,,,,,,,49.131,49.131,49.131,49.131,49.131,31.487,18.497,18.497,1.0,1.0,1.0,1.0,1.0,3.0,5.0,5.0,3.0,3.0,5.0,5.0,5.0,8.0,15.0,16.0,0.0,0.0,0.0,0.0,0.0,0.0,0.0,0.0,,,,,,,,,0.0,0.0,0.0,0.0,0.0,0.0,0.0,0.0,0.0,0.0,0.0,0.0,0.0,0.0,0.0,0.0,0.0,0.0,0.0,0.0,0.0,0.0,0.0,0.0,0.0,0.0,0.0,0.0,0.0,0.0,0.0,0.0,0.0,0.0,0.0,0.0,0.0,0.0,0.0,0.0,2.0,2.0,2.0,2.0,2.0,2.0,2.0,2.0
5297,Neuruppin,52.925287,12.806009,1238,1650,39.742,0.393,1,2000.0,1000.0,4000.0,4000.0,3000.0,3000.0,116.057,55.716,55.716,55.716,55.716,55.716,0.0,0.0,0.0,0.0,0.0,0.0,0.0,0.0,1.0,1.0,0.0,3.0,8.0,8.0,11.0,15.0,24.0,30.0,0.0,0.0,0.0,0.0,0.0,0.0,1.0,1.0,,,,,,,local,local,0.0,0.0,0.0,0.0,0.0,0.0,0.0,0.0,0.0,0.0,0.0,0.0,0.0,0.0,0.0,0.0,0.0,0.0,0.0,0.0,0.0,0.0,0.0,0.0,0.0,0.0,0.0,0.0,0.0,0.0,0.0,0.0,0.0,0.0,0.0,0.0,0.0,0.0,0.0,0.0,2.0,2.0,2.0,2.0,2.0,2.0,2.0,2.0
5304,Neuss,51.197927,6.692717,1200,1650,0.299,0.1,1,3000.0,2000.0,2000.0,2000.0,3000.0,3000.0,0.0,0.0,0.0,0.0,0.0,0.0,0.0,0.0,11.0,16.0,20.0,27.0,30.0,30.0,30.0,30.0,25.0,38.0,45.0,56.0,63.0,64.0,66.0,66.0,1.0,1.0,1.0,1.0,1.0,1.0,1.0,1.0,regional,regional,regional,regional,regional,regional,regional,regional,1.0,1.0,1.0,1.0,1.0,1.0,1.0,1.0,0.0,0.0,0.0,0.0,0.0,0.0,0.0,0.0,0.0,0.0,0.0,0.0,0.0,0.0,0.0,0.0,0.0,0.0,0.0,0.0,0.0,0.0,0.0,0.0,0.0,0.0,0.0,0.0,0.0,0.0,0.0,0.0,3.0,3.0,3.0,3.0,3.0,3.0,3.0,3.0
5307,Neustadt am Rübenberge,52.50451,9.4631,1249,1650,0.079,2.854,1,,,,,,,34.539,34.539,23.679,23.679,23.679,23.679,23.679,22.306,5.0,8.0,19.0,18.0,21.0,20.0,26.0,30.0,24.0,43.0,61.0,69.0,80.0,83.0,109.0,119.0,0.0,0.0,0.0,0.0,0.0,0.0,0.0,0.0,,,,,,,,,0.0,0.0,1.0,1.0,1.0,1.0,1.0,1.0,0.0,0.0,0.0,0.0,0.0,0.0,0.0,0.0,0.0,0.0,0.0,0.0,0.0,0.0,0.0,0.0,0.0,0.0,0.0,0.0,0.0,0.0,0.0,0.0,0.0,1.0,1.0,1.0,1.0,1.0,1.0,1.0,2.0,2.0,2.0,2.0,2.0,2.0,2.0,2.0
5310,Neustadt in Holstein,54.107681,10.814535,1244,1650,28.144,0.148,1,,,,,,,66.22,66.22,21.043,21.043,0.0,0.0,0.0,0.0,0.0,0.0,2.0,2.0,5.0,6.0,14.0,15.0,7.0,10.0,15.0,18.0,35.0,38.0,63.0,65.0,0.0,0.0,0.0,0.0,1.0,1.0,1.0,1.0,,,,,local,local,local,local,0.0,0.0,0.0,0.0,0.0,0.0,0.0,0.0,0.0,0.0,0.0,0.0,0.0,0.0,0.0,0.0,0.0,0.0,0.0,0.0,0.0,0.0,0.0,0.0,0.0,0.0,0.0,0.0,0.0,0.0,0.0,0.0,0.0,0.0,0.0,0.0,0.0,0.0,0.0,0.0,2.0,2.0,2.0,2.0,2.0,2.0,2.0,2.0
5311,Neustadt (Magdeburg),52.144302,11.64756,1230,1886,4.027,0.483,1,,,,,,,1.53,1.53,1.53,1.53,1.53,1.53,1.53,1.53,3.0,7.0,10.0,10.0,17.0,22.0,29.0,37.0,9.0,17.0,29.0,44.0,60.0,71.0,98.0,111.0,0.0,0.0,0.0,0.0,0.0,0.0,0.0,0.0,,,,,,,,,0.0,0.0,0.0,1.0,1.0,1.0,1.0,1.0,0.0,0.0,0.0,0.0,0.0,0.0,0.0,0.0,0.0,0.0,0.0,0.0,0.0,0.0,0.0,0.0,0.0,0.0,0.0,0.0,0.0,0.0,0.0,0.0,0.0,0.0,0.0,0.0,0.0,0.0,0.0,0.0,2.0,2.0,2.0,2.0,2.0,2.0,2.0,2.0
5314,Neustadt-Glewe,53.383093,11.585349,1248,1650,5.82,0.076,1,,,,,,,29.554,29.554,29.554,29.554,29.554,29.554,18.142,18.142,3.0,3.0,4.0,4.0,4.0,4.0,7.0,7.0,5.0,8.0,15.0,20.0,26.0,28.0,44.0,47.0,0.0,0.0,0.0,0.0,0.0,0.0,0.0,0.0,,,,,,,,,0.0,1.0,1.0,1.0,1.0,1.0,1.0,1.0,0.0,0.0,0.0,0.0,0.0,0.0,0.0,0.0,0.0,0.0,0.0,0.0,0.0,0.0,0.0,0.0,0.0,0.0,0.0,0.0,0.0,0.0,0.0,0.0,0.0,0.0,0.0,0.0,0.0,0.0,0.0,0.0,2.0,2.0,2.0,2.0,2.0,2.0,2.0,2.0
5398,Nienburg (Weser),52.639108,9.205423,1235,1650,4.938,0.08,1,,,,,,,31.273,31.273,31.273,31.273,31.273,31.273,16.715,16.715,5.0,5.0,8.0,8.0,10.0,9.0,12.0,15.0,25.0,37.0,53.0,59.0,69.0,73.0,88.0,99.0,0.0,0.0,0.0,0.0,0.0,0.0,0.0,0.0,,,,,,,,,0.0,0.0,0.0,0.0,0.0,0.0,0.0,0.0,0.0,0.0,0.0,0.0,0.0,0.0,0.0,0.0,0.0,0.0,0.0,0.0,0.0,0.0,0.0,0.0,0.0,0.0,0.0,0.0,0.0,0.0,0.0,0.0,0.0,0.0,0.0,0.0,0.0,0.0,0.0,0.0,2.0,2.0,2.0,2.0,2.0,2.0,2.0,2.0
12765,,51.908807,4.344082,1273,1650,2.49,0.058,1,,,,,,,42.275,18.653,18.653,18.653,18.653,18.653,18.653,18.653,3.0,9.0,11.0,11.0,11.0,12.0,12.0,12.0,12.0,27.0,31.0,38.0,45.0,48.0,48.0,47.0,0.0,0.0,0.0,0.0,0.0,0.0,0.0,0.0,,,,,,,,,0.0,0.0,0.0,0.0,0.0,0.0,0.0,0.0,0.0,0.0,0.0,0.0,0.0,0.0,0.0,0.0,0.0,0.0,0.0,0.0,0.0,0.0,0.0,0.0,0.0,0.0,0.0,0.0,0.0,0.0,0.0,0.0,0.0,1.0,1.0,1.0,1.0,1.0,1.0,1.0,2.0,2.0,2.0,2.0,2.0,2.0,2.0,2.0
7809,Treysa,50.912709,9.187832,1270,1650,34.229,1.992,1,,,,,,,69.448,48.573,48.573,48.573,48.573,48.573,48.573,48.573,0.0,3.0,3.0,3.0,3.0,3.0,3.0,3.0,17.0,31.0,44.0,47.0,52.0,55.0,67.0,74.0,0.0,0.0,0.0,0.0,0.0,0.0,0.0,0.0,,,,,,,,,0.0,0.0,0.0,0.0,0.0,0.0,0.0,0.0,0.0,0.0,0.0,0.0,0.0,0.0,0.0,0.0,0.0,0.0,0.0,0.0,0.0,0.0,0.0,0.0,0.0,0.0,0.0,0.0,0.0,0.0,0.0,0.0,0.0,0.0,0.0,0.0,0.0,0.0,0.0,0.0,2.0,2.0,2.0,2.0,2.0,2.0,2.0,2.0
5387,Niemegk,52.074524,12.689059,1228,1650,24.79,0.123,1,,,,,,,72.002,71.224,51.726,51.726,38.854,12.671,12.671,12.671,0.0,0.0,0.0,0.0,6.0,7.0,10.0,11.0,5.0,8.0,18.0,23.0,32.0,46.0,63.0,73.0,0.0,0.0,0.0,0.0,0.0,0.0,0.0,0.0,,,,,,,,,0.0,1.0,1.0,1.0,1.0,1.0,1.0,1.0,0.0,0.0,0.0,0.0,0.0,0.0,0.0,0.0,0.0,0.0,0.0,0.0,0.0,0.0,0.0,0.0,0.0,0.0,0.0,0.0,0.0,0.0,0.0,0.0,0.0,0.0,0.0,0.0,0.0,0.0,0.0,0.0,2.0,2.0,2.0,2.0,2.0,2.0,2.0,2.0
10205,Thamsbrück,51.139882,10.6357768,1193,1650,37.003,0.133,1,,,,,,,28.74,14.293,14.293,14.293,14.293,14.293,14.293,14.293,7.0,18.0,18.0,18.0,24.0,27.0,29.0,35.0,14.0,44.0,57.0,76.0,96.0,107.0,123.0,137.0,0.0,0.0,0.0,0.0,0.0,0.0,0.0,0.0,,,,,,,,,0.0,0.0,0.0,0.0,0.0,0.0,0.0,0.0,0.0,0.0,0.0,0.0,0.0,0.0,0.0,0.0,0.0,0.0,0.0,0.0,0.0,0.0,0.0,0.0,0.0,0.0,0.0,0.0,0.0,0.0,0.0,0.0,0.0,0.0,0.0,0.0,0.0,0.0,0.0,0.0,2.0,2.0,2.0,2.0,2.0,2.0,2.0,2.0
12426,Königsee,50.661525,11.097296,1257,1650,90.525,3.194,1,,,,,,,49.233,35.504,35.504,34.987,34.987,29.057,29.057,29.057,5.0,9.0,14.0,19.0,25.0,28.0,30.0,31.0,14.0,32.0,38.0,47.0,62.0,75.0,86.0,94.0,0.0,0.0,0.0,0.0,0.0,0.0,0.0,0.0,,,,,,,,,0.0,0.0,0.0,0.0,0.0,0.0,0.0,0.0,0.0,0.0,0.0,0.0,0.0,0.0,0.0,0.0,0.0,0.0,0.0,0.0,0.0,0.0,0.0,0.0,0.0,0.0,0.0,0.0,0.0,0.0,0.0,0.0,0.0,0.0,0.0,0.0,0.0,0.0,0.0,0.0,2.0,2.0,2.0,2.0,2.0,2.0,2.0,2.0
19315,,52.010072,4.71042,1272,1650,0.021,0.005,1,,,,,,,29.375,0.124,0.124,0.124,0.124,0.124,0.124,0.124,9.0,18.0,21.0,22.0,25.0,27.0,27.0,26.0,18.0,33.0,38.0,47.0,56.0,59.0,59.0,58.0,0.0,0.0,0.0,0.0,0.0,0.0,0.0,0.0,,,,,,,,,0.0,0.0,0.0,0.0,0.0,0.0,0.0,0.0,0.0,0.0,0.0,0.0,0.0,0.0,0.0,0.0,0.0,0.0,0.0,0.0,0.0,0.0,0.0,0.0,0.0,0.0,0.0,0.0,0.0,0.0,0.0,0.0,0.0,0.0,0.0,0.0,0.0,0.0,0.0,0.0,2.0,2.0,2.0,2.0,2.0,2.0,2.0,2.0
5430,Nijmegen,51.847301,5.864896,1230,1650,0.432,0.139,1,3000.0,6000.0,12000.0,10000.0,12000.0,9000.0,0.0,0.0,0.0,0.0,0.0,0.0,0.0,0.0,13.0,22.0,25.0,36.0,46.0,47.0,47.0,47.0,41.0,70.0,89.0,108.0,124.0,130.0,132.0,128.0,1.0,1.0,1.0,1.0,1.0,1.0,1.0,1.0,regional,regional,regional,regional,regional,regional,regional,regional,0.0,0.0,0.0,0.0,0.0,0.0,0.0,0.0,0.0,1.0,1.0,1.0,1.0,0.0,0.0,0.0,0.0,0.0,0.0,0.0,0.0,0.0,0.0,0.0,0.0,0.0,0.0,0.0,0.0,0.0,0.0,0.0,0.0,0.0,0.0,0.0,0.0,0.0,0.0,0.0,3.0,3.0,3.0,3.0,3.0,3.0,3.0,3.0
12429,Magdala,50.906848,11.448317,1284,1650,76.93,0.735,1,,,,,,,24.605,24.605,10.083,10.083,10.083,10.083,10.083,10.083,1.0,8.0,10.0,19.0,26.0,28.0,29.0,29.0,17.0,32.0,42.0,58.0,76.0,92.0,108.0,119.0,0.0,0.0,0.0,0.0,0.0,0.0,0.0,0.0,,,,,,,,,0.0,0.0,0.0,0.0,0.0,0.0,0.0,0.0,0.0,0.0,0.0,0.0,0.0,0.0,0.0,0.0,0.0,0.0,0.0,0.0,0.0,0.0,0.0,0.0,0.0,0.0,0.0,0.0,0.0,0.0,0.0,0.0,0.0,0.0,0.0,0.0,0.0,0.0,0.0,0.0,2.0,2.0,2.0,2.0,2.0,2.0,2.0,2.0
5460,Nordhausen,51.501815,10.794585,1220,1650,55.158,0.22,1,4000.0,3000.0,6000.0,6000.0,7000.0,7000.0,0.0,0.0,0.0,0.0,0.0,0.0,0.0,0.0,5.0,15.0,15.0,19.0,24.0,27.0,32.0,38.0,18.0,46.0,59.0,79.0,96.0,110.0,133.0,148.0,1.0,1.0,1.0,1.0,1.0,1.0,1.0,1.0,local,local,local,local,local,local,local,local,0.0,0.0,0.0,0.0,0.0,0.0,0.0,0.0,0.0,0.0,0.0,0.0,0.0,0.0,0.0,0.0,0.0,0.0,0.0,0.0,0.0,0.0,0.0,0.0,0.0,0.0,0.0,0.0,0.0,0.0,0.0,0.0,0.0,0.0,0.0,0.0,0.0,0.0,0.0,0.0,2.0,2.0,2.0,2.0,2.0,2.0,2.0,2.0
5492,Nürnberg,49.453915,11.077314,1219,1650,138.855,0.056,1,14000.0,6000.0,38000.0,39000.0,40000.0,40000.0,132.568,110.928,91.552,91.552,91.552,91.552,91.552,91.552,0.0,0.0,0.0,0.0,0.0,0.0,0.0,0.0,0.0,0.0,2.0,2.0,2.0,2.0,2.0,2.0,0.0,0.0,0.0,0.0,0.0,0.0,0.0,0.0,,,,,,,,,0.0,0.0,0.0,0.0,0.0,0.0,0.0,0.0,0.0,0.0,0.0,0.0,0.0,0.0,0.0,0.0,0.0,0.0,0.0,0.0,0.0,0.0,0.0,0.0,0.0,0.0,0.0,0.0,0.0,0.0,0.0,0.0,0.0,0.0,0.0,0.0,0.0,0.0,0.0,0.0,2.0,2.0,2.0,2.0,2.0,2.0,2.0,2.0
5574,Oderberg,52.865779,14.044556,1259,1650,2.743,0.056,1,,,,,,,143.676,138.436,39.304,39.304,39.304,39.304,39.304,39.304,0.0,0.0,1.0,1.0,2.0,4.0,4.0,4.0,0.0,0.0,4.0,4.0,5.0,7.0,9.0,10.0,0.0,0.0,0.0,0.0,0.0,0.0,0.0,0.0,,,,,,,,,0.0,0.0,0.0,1.0,1.0,1.0,1.0,1.0,0.0,1.0,1.0,0.0,0.0,0.0,0.0,0.0,0.0,0.0,0.0,0.0,0.0,0.0,0.0,0.0,0.0,0.0,0.0,0.0,0.0,0.0,0.0,0.0,0.0,0.0,0.0,0.0,0.0,0.0,0.0,0.0,2.0,3.0,3.0,2.0,2.0,2.0,2.0,2.0
12840,,52.385612,4.882023,1300,1650,1.496,0.688,1,,,,,,,36.431,1.567,1.567,1.567,1.567,1.567,1.567,1.567,4.0,9.0,10.0,10.0,11.0,13.0,13.0,12.0,23.0,40.0,54.0,66.0,80.0,84.0,85.0,81.0,0.0,0.0,0.0,0.0,0.0,0.0,0.0,0.0,,,,,,,,,0.0,0.0,0.0,0.0,0.0,0.0,0.0,0.0,0.0,1.0,1.0,1.0,1.0,1.0,1.0,1.0,0.0,0.0,0.0,0.0,0.0,0.0,0.0,0.0,0.0,0.0,0.0,0.0,0.0,0.0,0.0,0.0,0.0,0.0,0.0,0.0,0.0,0.0,0.0,1.0,2.0,3.0,3.0,3.0,3.0,3.0,3.0,3.0
5579,Oebisfelde,52.42817,10.985896,1226,1650,36.077,0.529,1,,,,,,,22.74,22.74,22.74,22.74,22.74,22.74,18.312,18.312,1.0,4.0,9.0,15.0,20.0,20.0,28.0,28.0,12.0,19.0,39.0,50.0,63.0,71.0,96.0,107.0,0.0,0.0,0.0,0.0,0.0,0.0,0.0,0.0,,,,,,,,,0.0,0.0,0.0,0.0,1.0,1.0,1.0,1.0,0.0,0.0,0.0,0.0,0.0,0.0,0.0,0.0,0.0,0.0,0.0,0.0,0.0,0.0,0.0,0.0,0.0,0.0,0.0,0.0,0.0,0.0,0.0,0.0,0.0,0.0,0.0,0.0,0.0,0.0,0.0,0.0,2.0,2.0,2.0,2.0,2.0,2.0,2.0,2.0
5582,Oederan,50.861761,13.166677,1286,1650,41.333,3.466,1,,,,,,,75.265,75.265,51.675,38.591,39.677,39.677,39.677,39.677,0.0,0.0,0.0,1.0,1.0,1.0,1.0,2.0,3.0,4.0,8.0,11.0,15.0,22.0,23.0,27.0,0.0,0.0,0.0,0.0,0.0,0.0,0.0,0.0,,,,,,,,,0.0,0.0,0.0,0.0,0.0,0.0,1.0,1.0,0.0,0.0,0.0,0.0,0.0,0.0,0.0,0.0,0.0,0.0,0.0,0.0,0.0,0.0,0.0,0.0,0.0,0.0,0.0,0.0,0.0,0.0,0.0,0.0,0.0,0.0,0.0,0.0,0.0,0.0,0.0,0.0,1.0,1.0,1.0,1.0,1.0,1.0,1.0,2.0
8062,Volkmarsen,51.41272,9.115035,1233,1650,29.307,0.218,1,,,,,,,42.094,29.161,8.78,8.78,8.78,8.78,8.78,8.78,4.0,7.0,12.0,14.0,15.0,16.0,18.0,18.0,15.0,41.0,55.0,60.0,73.0,76.0,91.0,101.0,0.0,0.0,0.0,0.0,0.0,0.0,0.0,0.0,,,,,,,,,0.0,0.0,0.0,0.0,0.0,0.0,0.0,0.0,0.0,0.0,0.0,0.0,0.0,0.0,0.0,0.0,0.0,0.0,0.0,0.0,0.0,0.0,0.0,0.0,0.0,0.0,0.0,0.0,0.0,0.0,0.0,0.0,0.0,0.0,0.0,0.0,0.0,0.0,0.0,0.0,2.0,2.0,2.0,2.0,2.0,2.0,2.0,2.0
5615,Oisterwijk,51.580622,5.194647,1230,1650,16.031,0.097,1,,,,,,,26.169,26.169,26.169,26.169,26.169,26.169,26.169,26.169,5.0,7.0,9.0,16.0,20.0,20.0,20.0,20.0,27.0,53.0,62.0,80.0,94.0,99.0,99.0,98.0,0.0,0.0,0.0,0.0,0.0,0.0,0.0,0.0,,,,,,,,,0.0,0.0,0.0,0.0,0.0,0.0,0.0,0.0,0.0,0.0,0.0,0.0,0.0,0.0,0.0,0.0,0.0,0.0,0.0,0.0,0.0,0.0,0.0,0.0,0.0,0.0,0.0,0.0,0.0,0.0,0.0,0.0,0.0,0.0,0.0,0.0,0.0,0.0,0.0,0.0,2.0,2.0,2.0,2.0,2.0,2.0,2.0,2.0
12841,,52.380874,4.647114,1245,1650,1.99,0.287,1,,,,,,,45.443,16.684,16.684,16.684,16.684,16.684,16.684,16.684,4.0,9.0,10.0,10.0,11.0,13.0,13.0,12.0,19.0,30.0,40.0,46.0,50.0,53.0,54.0,50.0,0.0,0.0,0.0,0.0,0.0,0.0,0.0,0.0,,,,,,,,,0.0,0.0,0.0,0.0,0.0,0.0,0.0,0.0,0.0,0.0,0.0,0.0,0.0,1.0,1.0,1.0,0.0,0.0,0.0,0.0,0.0,0.0,0.0,0.0,0.0,0.0,0.0,0.0,0.0,0.0,0.0,0.0,0.0,0.0,0.0,0.0,0.0,0.0,0.0,1.0,2.0,2.0,2.0,2.0,2.0,3.0,3.0,3.0
11870,Medemblik,52.773617,5.106325,1289,1650,21.019,1.648,1,,,,,,,58.442,46.822,46.822,46.822,46.822,46.822,46.822,46.822,0.0,3.0,3.0,3.0,3.0,3.0,3.0,3.0,10.0,21.0,35.0,39.0,43.0,48.0,49.0,45.0,0.0,0.0,0.0,0.0,0.0,0.0,0.0,0.0,,,,,,,,,1.0,0.0,0.0,0.0,0.0,0.0,0.0,0.0,0.0,0.0,0.0,0.0,0.0,0.0,0.0,0.0,0.0,0.0,0.0,0.0,0.0,0.0,0.0,0.0,0.0,0.0,0.0,0.0,0.0,0.0,0.0,0.0,0.0,1.0,1.0,1.0,1.0,1.0,1.0,1.0,2.0,2.0,2.0,2.0,2.0,2.0,2.0,2.0
5630,Oldenzaal,52.312104,6.927801,1249,1650,16.61,0.121,1,,,,,,,0.0,0.0,0.0,0.0,0.0,0.0,0.0,0.0,4.0,6.0,10.0,14.0,18.0,22.0,22.0,22.0,42.0,62.0,78.0,90.0,105.0,112.0,118.0,116.0,1.0,1.0,1.0,1.0,1.0,1.0,1.0,1.0,local,local,local,local,local,local,local,local,0.0,0.0,0.0,0.0,0.0,0.0,0.0,0.0,0.0,0.0,0.0,0.0,0.0,0.0,0.0,0.0,0.0,0.0,0.0,0.0,0.0,0.0,0.0,0.0,0.0,0.0,0.0,0.0,0.0,0.0,0.0,0.0,0.0,0.0,0.0,0.0,0.0,0.0,0.0,0.0,2.0,2.0,2.0,2.0,2.0,2.0,2.0,2.0
12957,,50.777685,6.082615,1166,1650,27.3,0.079,1,,,,,,,28.734,28.734,28.734,28.734,28.734,14.064,14.064,14.064,5.0,8.0,11.0,13.0,14.0,15.0,15.0,15.0,15.0,23.0,29.0,35.0,39.0,40.0,41.0,41.0,0.0,0.0,0.0,0.0,0.0,0.0,0.0,0.0,,,,,,,,,0.0,0.0,0.0,0.0,0.0,0.0,0.0,0.0,0.0,0.0,0.0,0.0,0.0,0.0,0.0,0.0,0.0,0.0,0.0,0.0,0.0,0.0,0.0,0.0,0.0,0.0,0.0,0.0,0.0,0.0,0.0,0.0,0.0,0.0,0.0,0.0,0.0,0.0,0.0,0.0,2.0,2.0,2.0,2.0,2.0,2.0,2.0,2.0
5632,Bad Oldesloe,53.809975,10.37313,1249,1650,2.958,0.085,1,,,,,,,38.408,38.408,38.408,38.408,38.408,34.291,0.0,0.0,3.0,3.0,3.0,4.0,9.0,10.0,20.0,21.0,10.0,15.0,22.0,28.0,47.0,49.0,81.0,82.0,0.0,0.0,0.0,0.0,0.0,0.0,1.0,1.0,,,,,,,local,local,1.0,1.0,1.0,1.0,1.0,1.0,1.0,1.0,0.0,0.0,0.0,0.0,0.0,0.0,0.0,0.0,0.0,0.0,0.0,0.0,0.0,0.0,0.0,0.0,0.0,0.0,0.0,0.0,0.0,0.0,0.0,0.0,0.0,0.0,0.0,0.0,0.0,0.0,0.0,0.0,2.0,2.0,2.0,2.0,2.0,2.0,2.0,2.0
5649,Ommen,52.518726,6.423116,1248,1650,1.833,0.069,1,,,,,,,22.366,22.366,14.54,14.54,14.54,14.54,14.54,14.54,8.0,16.0,31.0,36.0,43.0,48.0,49.0,46.0,28.0,48.0,63.0,87.0,104.0,115.0,116.0,113.0,0.0,0.0,0.0,0.0,0.0,0.0,0.0,0.0,,,,,,,,,0.0,0.0,0.0,1.0,1.0,1.0,1.0,1.0,0.0,0.0,0.0,0.0,0.0,0.0,0.0,0.0,0.0,0.0,0.0,0.0,0.0,0.0,0.0,0.0,0.0,0.0,0.0,0.0,0.0,0.0,0.0,0.0,0.0,0.0,0.0,0.0,0.0,0.0,0.0,0.0,2.0,2.0,2.0,2.0,2.0,2.0,2.0,2.0
8192,Warendorf,51.952104,7.989496,1200,1650,40.237,0.214,1,,,,,,,24.779,24.779,24.779,24.779,14.409,14.409,14.409,14.409,10.0,11.0,12.0,14.0,16.0,17.0,23.0,24.0,32.0,48.0,57.0,63.0,74.0,79.0,95.0,95.0,0.0,0.0,0.0,0.0,0.0,0.0,0.0,0.0,,,,,,,,,0.0,0.0,0.0,0.0,0.0,0.0,0.0,0.0,0.0,0.0,0.0,0.0,0.0,0.0,0.0,0.0,0.0,0.0,0.0,0.0,0.0,0.0,0.0,0.0,0.0,0.0,0.0,0.0,0.0,0.0,0.0,0.0,0.0,0.0,0.0,0.0,0.0,0.0,0.0,0.0,2.0,2.0,2.0,2.0,2.0,2.0,2.0,2.0
5692,Oschatz,51.297485,13.108974,1246,1650,13.246,1.382,1,,,,,,,51.262,51.262,27.218,17.852,27.218,20.631,20.631,20.631,0.0,0.0,2.0,3.0,3.0,6.0,6.0,9.0,4.0,6.0,11.0,18.0,22.0,28.0,35.0,42.0,0.0,0.0,0.0,0.0,0.0,0.0,0.0,0.0,,,,,,,,,0.0,0.0,1.0,1.0,1.0,1.0,1.0,1.0,0.0,0.0,0.0,0.0,0.0,0.0,0.0,0.0,0.0,0.0,0.0,0.0,0.0,0.0,0.0,0.0,0.0,0.0,0.0,0.0,0.0,0.0,0.0,0.0,0.0,0.0,0.0,0.0,0.0,0.0,0.0,0.0,2.0,2.0,2.0,2.0,2.0,2.0,2.0,2.0
5704,Osnabrück,52.2772,8.041195,1171,1650,36.63,0.087,1,9000.0,5000.0,6000.0,4000.0,3000.0,4000.0,0.0,0.0,0.0,0.0,0.0,0.0,0.0,0.0,10.0,11.0,12.0,14.0,19.0,21.0,25.0,25.0,31.0,51.0,56.0,62.0,75.0,82.0,98.0,104.0,1.0,1.0,1.0,1.0,1.0,1.0,1.0,1.0,regional,regional,regional,regional,regional,regional,regional,regional,1.0,1.0,1.0,1.0,1.0,1.0,1.0,1.0,0.0,0.0,0.0,0.0,0.0,0.0,0.0,0.0,0.0,0.0,0.0,0.0,0.0,0.0,0.0,0.0,0.0,0.0,0.0,0.0,0.0,0.0,0.0,0.0,0.0,0.0,0.0,0.0,0.0,0.0,0.0,0.0,3.0,3.0,3.0,3.0,3.0,3.0,3.0,3.0
5724,Osterburg,52.790585,11.753873,1164,1650,17.312,0.092,1,,,,,,,55.86,17.238,17.238,17.238,17.238,17.238,17.238,17.238,0.0,3.0,7.0,10.0,15.0,15.0,18.0,22.0,6.0,12.0,20.0,25.0,36.0,41.0,62.0,69.0,0.0,0.0,0.0,0.0,0.0,0.0,0.0,0.0,,,,,,,,,1.0,1.0,1.0,1.0,1.0,1.0,1.0,1.0,0.0,0.0,0.0,0.0,0.0,0.0,0.0,0.0,0.0,0.0,0.0,0.0,0.0,0.0,0.0,0.0,0.0,0.0,0.0,0.0,0.0,0.0,0.0,0.0,0.0,0.0,0.0,0.0,0.0,0.0,0.0,0.0,2.0,2.0,2.0,2.0,2.0,2.0,2.0,2.0
5734,Osterode am Harz,51.727765,10.251132,1239,1650,32.145,0.026,1,,,,,,,41.067,17.448,17.448,17.448,17.448,17.448,17.448,11.853,4.0,13.0,20.0,27.0,37.0,37.0,42.0,49.0,19.0,52.0,76.0,88.0,100.0,109.0,134.0,151.0,0.0,0.0,0.0,0.0,0.0,0.0,0.0,0.0,,,,,,,,,0.0,1.0,1.0,1.0,1.0,1.0,1.0,0.0,0.0,0.0,0.0,0.0,0.0,0.0,0.0,0.0,0.0,0.0,0.0,0.0,0.0,0.0,0.0,0.0,0.0,0.0,0.0,0.0,0.0,0.0,0.0,0.0,0.0,0.0,0.0,0.0,0.0,0.0,0.0,0.0,2.0,2.0,2.0,2.0,2.0,2.0,2.0,2.0
5735,Osterwieck,51.970251,10.709105,1215,1650,13.319,0.313,1,,,,,,,24.95,24.95,24.95,16.076,16.076,16.076,9.714,9.714,3.0,6.0,9.0,16.0,18.0,20.0,32.0,37.0,16.0,41.0,61.0,76.0,93.0,102.0,133.0,147.0,0.0,0.0,0.0,0.0,0.0,0.0,0.0,0.0,,,,,,,,,1.0,1.0,1.0,1.0,1.0,1.0,1.0,1.0,0.0,0.0,0.0,0.0,0.0,0.0,0.0,0.0,0.0,0.0,0.0,0.0,0.0,0.0,0.0,0.0,0.0,0.0,0.0,0.0,0.0,0.0,0.0,0.0,0.0,0.0,0.0,0.0,0.0,0.0,0.0,0.0,2.0,2.0,2.0,2.0,2.0,2.0,2.0,2.0
5745,Ostritz,51.014746,14.932836,1241,1650,62.62,0.664,1,,,,,,,181.96,181.96,155.694,115.162,103.459,103.459,103.459,103.459,0.0,0.0,0.0,0.0,0.0,0.0,0.0,0.0,0.0,0.0,0.0,0.0,0.0,0.0,0.0,0.0,0.0,0.0,0.0,0.0,0.0,0.0,0.0,0.0,,,,,,,,,0.0,0.0,0.0,0.0,0.0,0.0,0.0,0.0,0.0,0.0,0.0,0.0,0.0,0.0,0.0,0.0,0.0,0.0,0.0,0.0,0.0,0.0,0.0,0.0,0.0,0.0,0.0,0.0,0.0,0.0,0.0,0.0,0.0,0.0,0.0,0.0,0.0,0.0,0.0,0.0,2.0,2.0,2.0,2.0,2.0,2.0,2.0,2.0
13405,,52.129381,11.643691,1188,1650,2.616,0.106,1,,,,,,,0.406,0.406,0.406,0.406,0.406,0.406,0.406,0.406,3.0,6.0,9.0,9.0,16.0,23.0,30.0,37.0,9.0,17.0,29.0,44.0,60.0,71.0,98.0,111.0,0.0,0.0,0.0,0.0,0.0,0.0,0.0,0.0,,,,,,,,,0.0,0.0,0.0,0.0,0.0,0.0,0.0,0.0,0.0,1.0,1.0,1.0,1.0,1.0,1.0,1.0,0.0,0.0,0.0,0.0,0.0,0.0,0.0,0.0,0.0,0.0,0.0,0.0,0.0,0.0,0.0,0.0,0.0,1.0,1.0,1.0,1.0,1.0,1.0,1.0,2.0,3.0,3.0,3.0,3.0,3.0,3.0,3.0
12430,Neustadt an der Orla,50.736721,11.746649,1287,1650,74.348,1.856,1,,,,,,,35.366,35.366,24.025,11.989,11.989,11.989,11.989,11.989,2.0,3.0,5.0,12.0,20.0,25.0,27.0,27.0,12.0,24.0,34.0,50.0,63.0,75.0,81.0,86.0,0.0,0.0,0.0,0.0,0.0,0.0,0.0,0.0,,,,,,,,,0.0,0.0,0.0,0.0,0.0,0.0,0.0,0.0,0.0,0.0,0.0,0.0,0.0,0.0,0.0,0.0,0.0,0.0,0.0,0.0,0.0,0.0,0.0,0.0,0.0,0.0,0.0,0.0,0.0,0.0,0.0,0.0,0.0,0.0,0.0,0.0,0.0,0.0,0.0,0.0,2.0,2.0,2.0,2.0,2.0,2.0,2.0,2.0
5801,Paderborn,51.718207,8.755377,1238,1650,43.054,0.114,1,7000.0,4000.0,4000.0,4000.0,5000.0,4000.0,0.0,0.0,0.0,0.0,0.0,0.0,0.0,0.0,6.0,11.0,16.0,18.0,23.0,25.0,33.0,33.0,27.0,47.0,65.0,69.0,77.0,79.0,99.0,103.0,1.0,1.0,1.0,1.0,1.0,1.0,1.0,1.0,local,local,local,local,local,regional,regional,regional,1.0,1.0,1.0,1.0,1.0,1.0,1.0,1.0,0.0,0.0,0.0,0.0,0.0,0.0,0.0,0.0,0.0,0.0,0.0,0.0,0.0,0.0,0.0,0.0,0.0,0.0,0.0,0.0,0.0,0.0,0.0,0.0,0.0,0.0,0.0,0.0,0.0,0.0,0.0,0.0,2.0,2.0,2.0,2.0,2.0,3.0,3.0,3.0
8374,Wetter (Hessen),50.901157,8.722544,1180,1650,62.671,0.178,1,,,,,,,83.648,71.5,71.5,71.5,71.5,71.5,71.5,71.5,0.0,0.0,0.0,0.0,0.0,0.0,0.0,0.0,8.0,16.0,21.0,23.0,24.0,26.0,32.0,36.0,0.0,0.0,0.0,0.0,0.0,0.0,0.0,0.0,,,,,,,,,0.0,0.0,0.0,0.0,0.0,0.0,0.0,0.0,0.0,0.0,0.0,0.0,0.0,0.0,0.0,0.0,0.0,0.0,0.0,0.0,0.0,0.0,0.0,0.0,0.0,0.0,0.0,0.0,0.0,0.0,0.0,0.0,0.0,0.0,0.0,0.0,0.0,0.0,0.0,0.0,2.0,2.0,2.0,2.0,2.0,2.0,2.0,2.0
2065,Gadebusch,53.701557,11.117989,1225,1650,16.943,0.247,1,,,,,,,21.17,21.17,21.17,21.17,21.17,21.17,18.675,18.675,2.0,2.0,3.0,3.0,4.0,5.0,12.0,13.0,9.0,9.0,17.0,23.0,36.0,40.0,63.0,64.0,0.0,0.0,0.0,0.0,0.0,0.0,0.0,0.0,,,,,,,,,0.0,0.0,0.0,0.0,0.0,0.0,0.0,0.0,0.0,0.0,0.0,0.0,0.0,0.0,0.0,0.0,0.0,0.0,0.0,0.0,0.0,0.0,0.0,0.0,0.0,0.0,0.0,0.0,0.0,0.0,0.0,0.0,0.0,0.0,0.0,0.0,0.0,0.0,0.0,0.0,2.0,2.0,2.0,2.0,2.0,2.0,2.0,2.0
19305,Donkere Sluis,52.010152,4.710479,1272,1650,0.019,0.005,1,,,,,,,29.369,0.116,0.116,0.116,0.116,0.116,0.116,0.116,9.0,18.0,21.0,22.0,25.0,27.0,27.0,26.0,18.0,33.0,38.0,47.0,56.0,59.0,59.0,58.0,0.0,0.0,0.0,0.0,0.0,0.0,0.0,0.0,,,,,,,,,0.0,0.0,0.0,0.0,0.0,0.0,0.0,0.0,0.0,0.0,0.0,0.0,0.0,0.0,0.0,0.0,1.0,1.0,1.0,1.0,1.0,1.0,1.0,1.0,0.0,0.0,0.0,0.0,0.0,0.0,0.0,0.0,0.0,0.0,0.0,0.0,0.0,0.0,0.0,0.0,2.0,2.0,2.0,2.0,2.0,2.0,2.0,2.0
8404,Wiedenbrück,51.834633,8.310313,1200,1650,48.723,0.127,1,,,,,,,17.785,17.785,17.785,17.785,17.785,17.785,17.785,17.785,7.0,12.0,12.0,14.0,20.0,22.0,31.0,32.0,30.0,43.0,52.0,58.0,67.0,70.0,89.0,92.0,0.0,0.0,0.0,0.0,0.0,0.0,0.0,0.0,,,,,,,,,0.0,0.0,0.0,0.0,0.0,0.0,0.0,0.0,0.0,0.0,0.0,0.0,0.0,0.0,0.0,0.0,0.0,0.0,0.0,0.0,0.0,0.0,0.0,0.0,0.0,0.0,0.0,0.0,0.0,0.0,0.0,0.0,0.0,0.0,0.0,0.0,0.0,0.0,0.0,0.0,2.0,2.0,2.0,2.0,2.0,2.0,2.0,2.0
5844,Pasewalk,53.503672,13.988961,1276,1650,4.2,0.086,1,,,,,,,77.028,77.028,72.695,72.695,72.695,72.695,55.875,34.337,0.0,0.0,0.0,0.0,0.0,0.0,0.0,1.0,1.0,1.0,2.0,2.0,3.0,6.0,8.0,9.0,0.0,0.0,0.0,0.0,0.0,0.0,0.0,0.0,,,,,,,,,0.0,0.0,0.0,0.0,0.0,0.0,0.0,0.0,0.0,0.0,0.0,0.0,0.0,0.0,0.0,0.0,0.0,0.0,0.0,0.0,0.0,0.0,0.0,0.0,0.0,0.0,0.0,0.0,0.0,0.0,0.0,0.0,0.0,0.0,0.0,0.0,0.0,0.0,0.0,0.0,2.0,2.0,2.0,2.0,2.0,2.0,2.0,2.0
5855,Pattensen (Hannover),52.263957,9.760805,1214,1650,14.977,0.132,1,,,,,,,17.946,17.946,12.092,12.092,12.092,12.092,12.092,12.092,6.0,10.0,21.0,20.0,23.0,24.0,28.0,32.0,16.0,33.0,59.0,71.0,83.0,84.0,109.0,116.0,0.0,0.0,0.0,0.0,0.0,0.0,0.0,0.0,,,,,,,,,0.0,0.0,0.0,0.0,0.0,0.0,0.0,0.0,0.0,0.0,0.0,0.0,0.0,0.0,0.0,0.0,0.0,0.0,0.0,0.0,0.0,0.0,0.0,0.0,0.0,0.0,0.0,0.0,0.0,0.0,0.0,0.0,0.0,0.0,0.0,0.0,0.0,0.0,0.0,0.0,2.0,2.0,2.0,2.0,2.0,2.0,2.0,2.0
14896,,52.00683,4.712768,1272,1650,0.064,0.027,1,,,,,,,29.338,0.512,0.512,0.512,0.512,0.512,0.512,0.512,9.0,18.0,21.0,22.0,25.0,27.0,27.0,26.0,18.0,33.0,38.0,47.0,56.0,59.0,59.0,58.0,0.0,0.0,0.0,0.0,0.0,0.0,0.0,0.0,,,,,,,,,0.0,0.0,0.0,0.0,0.0,0.0,0.0,0.0,0.0,0.0,0.0,0.0,0.0,0.0,0.0,0.0,0.0,0.0,0.0,0.0,0.0,0.0,0.0,0.0,0.0,0.0,1.0,1.0,1.0,1.0,1.0,1.0,0.0,0.0,0.0,0.0,0.0,0.0,0.0,0.0,2.0,2.0,2.0,2.0,2.0,2.0,2.0,2.0
2717,Haarlem,52.381385,4.636145,1245,1650,2.387,0.07,1,5000.0,8000.0,12000.0,16000.0,39000.0,38000.0,46.014,17.431,17.431,17.431,17.431,17.431,17.431,17.431,4.0,9.0,10.0,10.0,11.0,13.0,13.0,12.0,19.0,30.0,40.0,46.0,50.0,53.0,54.0,50.0,0.0,0.0,0.0,0.0,0.0,0.0,0.0,0.0,,,,,,,,,0.0,0.0,0.0,0.0,0.0,0.0,0.0,0.0,0.0,0.0,0.0,0.0,0.0,1.0,1.0,1.0,0.0,0.0,0.0,0.0,0.0,0.0,0.0,0.0,0.0,0.0,0.0,0.0,0.0,0.0,0.0,0.0,0.0,0.0,0.0,0.0,0.0,0.0,0.0,0.0,2.0,2.0,2.0,2.0,2.0,3.0,3.0,3.0
5867,Pegau,51.166945,12.25489,1226,1650,14.717,0.25,1,,,,,,,15.449,15.449,15.449,15.449,15.449,15.449,15.449,15.449,5.0,7.0,12.0,20.0,24.0,26.0,27.0,30.0,5.0,14.0,20.0,37.0,52.0,66.0,74.0,81.0,0.0,0.0,0.0,0.0,0.0,0.0,0.0,0.0,,,,,,,,,0.0,0.0,0.0,0.0,0.0,0.0,0.0,1.0,0.0,0.0,0.0,0.0,0.0,0.0,0.0,0.0,0.0,0.0,0.0,0.0,0.0,0.0,0.0,0.0,0.0,0.0,0.0,0.0,0.0,0.0,0.0,0.0,0.0,0.0,0.0,0.0,0.0,0.0,0.0,0.0,2.0,2.0,2.0,2.0,2.0,2.0,2.0,2.0
5869,Peine,52.323333,10.225704,1220,1650,14.695,0.581,1,,,,,,,26.607,26.607,20.153,20.153,20.153,20.153,20.153,20.153,6.0,7.0,19.0,21.0,25.0,26.0,36.0,36.0,19.0,37.0,63.0,78.0,91.0,93.0,120.0,131.0,0.0,0.0,0.0,0.0,0.0,0.0,0.0,0.0,,,,,,,,,0.0,0.0,0.0,0.0,0.0,0.0,0.0,0.0,0.0,0.0,0.0,0.0,0.0,0.0,0.0,0.0,0.0,0.0,0.0,0.0,0.0,0.0,0.0,0.0,0.0,0.0,0.0,0.0,0.0,0.0,0.0,0.0,0.0,0.0,0.0,0.0,0.0,0.0,0.0,0.0,2.0,2.0,2.0,2.0,2.0,2.0,2.0,2.0
5877,Penig,50.933655,12.705545,1227,1650,43.759,0.181,1,,,,,,,42.009,42.009,33.745,19.912,19.912,19.912,19.912,19.912,1.0,1.0,3.0,5.0,7.0,7.0,8.0,10.0,5.0,7.0,13.0,27.0,37.0,47.0,53.0,59.0,0.0,0.0,0.0,0.0,0.0,0.0,0.0,0.0,,,,,,,,,0.0,0.0,0.0,0.0,0.0,0.0,0.0,0.0,0.0,0.0,0.0,0.0,0.0,0.0,0.0,0.0,0.0,0.0,0.0,0.0,0.0,0.0,0.0,0.0,0.0,0.0,0.0,0.0,0.0,0.0,0.0,0.0,0.0,0.0,0.0,0.0,0.0,0.0,0.0,0.0,2.0,2.0,2.0,2.0,2.0,2.0,2.0,2.0
8428,Wiesbaden,50.081953,8.241527,1241,1650,9.751,0.083,1,1000.0,1000.0,1000.0,1000.0,1000.0,1000.0,31.591,31.591,31.591,31.591,31.591,31.591,31.591,31.591,1.0,2.0,2.0,2.0,2.0,2.0,2.0,2.0,5.0,7.0,7.0,7.0,7.0,7.0,9.0,9.0,0.0,0.0,0.0,0.0,0.0,0.0,0.0,0.0,,,,,,,,,0.0,0.0,0.0,0.0,0.0,0.0,0.0,0.0,0.0,0.0,0.0,0.0,0.0,0.0,0.0,0.0,0.0,0.0,0.0,0.0,0.0,0.0,0.0,0.0,0.0,0.0,0.0,0.0,0.0,0.0,0.0,0.0,0.0,0.0,0.0,0.0,0.0,0.0,0.0,0.0,2.0,2.0,2.0,2.0,2.0,2.0,2.0,2.0
5887,Perleberg,53.075855,11.86297,1200,1650,6.084,0.142,1,,,,,,,51.332,25.174,25.174,25.174,25.174,25.174,25.174,25.174,0.0,2.0,4.0,4.0,4.0,4.0,7.0,7.0,5.0,8.0,16.0,21.0,29.0,33.0,50.0,55.0,0.0,0.0,0.0,0.0,0.0,0.0,0.0,0.0,,,,,,,,,0.0,0.0,0.0,0.0,0.0,0.0,0.0,0.0,0.0,0.0,0.0,0.0,0.0,0.0,0.0,0.0,0.0,0.0,0.0,0.0,0.0,0.0,0.0,0.0,0.0,0.0,0.0,0.0,0.0,0.0,0.0,0.0,0.0,1.0,1.0,1.0,1.0,1.0,1.0,1.0,2.0,2.0,2.0,2.0,2.0,2.0,2.0,2.0
19313,,52.380711,4.637893,1245,1650,2.361,0.07,1,,,,,,,45.876,17.308,17.308,17.308,17.308,17.308,17.308,17.308,4.0,9.0,10.0,10.0,11.0,13.0,13.0,12.0,19.0,30.0,40.0,46.0,50.0,53.0,54.0,50.0,0.0,0.0,0.0,0.0,0.0,0.0,0.0,0.0,,,,,,,,,0.0,0.0,0.0,0.0,0.0,0.0,0.0,0.0,0.0,0.0,0.0,0.0,0.0,1.0,1.0,1.0,0.0,0.0,0.0,0.0,0.0,0.0,0.0,0.0,0.0,0.0,0.0,0.0,0.0,0.0,0.0,0.0,0.0,0.0,0.0,0.0,0.0,0.0,0.0,0.0,2.0,2.0,2.0,2.0,2.0,3.0,3.0,3.0
2430,Grimma,51.236741,12.729999,1220,1650,24.366,0.098,1,1000.0,1000.0,2000.0,2000.0,2000.0,3000.0,27.256,27.256,0.0,0.0,0.0,0.0,0.0,0.0,3.0,3.0,7.0,10.0,13.0,16.0,17.0,18.0,5.0,7.0,13.0,26.0,38.0,50.0,60.0,67.0,0.0,0.0,1.0,1.0,1.0,1.0,1.0,1.0,,,local,local,local,local,local,local,0.0,0.0,1.0,1.0,1.0,1.0,1.0,1.0,0.0,0.0,0.0,0.0,0.0,0.0,0.0,0.0,0.0,0.0,0.0,0.0,0.0,0.0,0.0,0.0,0.0,0.0,0.0,0.0,0.0,0.0,0.0,0.0,0.0,0.0,0.0,0.0,0.0,0.0,0.0,0.0,2.0,2.0,2.0,2.0,2.0,2.0,2.0,2.0
13407,,52.130336,11.635913,1188,1650,2.976,0.095,1,,,,,,,0.25,0.25,0.25,0.25,0.25,0.25,0.25,0.25,3.0,6.0,9.0,9.0,16.0,23.0,30.0,37.0,9.0,17.0,29.0,44.0,60.0,71.0,98.0,111.0,0.0,0.0,0.0,0.0,0.0,0.0,0.0,0.0,,,,,,,,,0.0,0.0,0.0,0.0,0.0,0.0,0.0,0.0,0.0,1.0,1.0,1.0,1.0,1.0,1.0,1.0,0.0,0.0,0.0,0.0,0.0,0.0,0.0,0.0,0.0,0.0,0.0,0.0,0.0,0.0,0.0,0.0,0.0,0.0,0.0,0.0,0.0,0.0,0.0,0.0,2.0,3.0,3.0,3.0,3.0,3.0,3.0,3.0
19314,,52.379008,4.639224,1245,1650,2.452,0.105,1,,,,,,,45.679,17.21,17.21,17.21,17.21,17.21,17.21,17.21,4.0,9.0,10.0,10.0,11.0,13.0,13.0,12.0,19.0,30.0,40.0,46.0,50.0,53.0,54.0,50.0,0.0,0.0,0.0,0.0,0.0,0.0,0.0,0.0,,,,,,,,,0.0,0.0,0.0,0.0,0.0,0.0,0.0,0.0,0.0,0.0,0.0,0.0,0.0,1.0,1.0,1.0,0.0,0.0,0.0,0.0,0.0,0.0,0.0,0.0,0.0,0.0,0.0,0.0,0.0,0.0,0.0,0.0,0.0,0.0,0.0,0.0,0.0,0.0,0.0,0.0,2.0,2.0,2.0,2.0,2.0,3.0,3.0,3.0
5949,Pirna,50.962273,13.941934,1240,1650,7.68,0.109,1,1000.0,1000.0,1000.0,1000.0,2000.0,2000.0,117.113,117.113,89.96,51.342,39.802,39.802,39.802,39.802,0.0,0.0,0.0,0.0,1.0,1.0,1.0,1.0,0.0,0.0,2.0,3.0,3.0,6.0,6.0,8.0,0.0,0.0,0.0,0.0,0.0,0.0,0.0,0.0,,,,,,,,,1.0,1.0,1.0,1.0,1.0,1.0,1.0,1.0,1.0,1.0,1.0,1.0,1.0,1.0,1.0,1.0,0.0,0.0,0.0,0.0,0.0,0.0,0.0,0.0,0.0,0.0,0.0,0.0,0.0,0.0,0.0,0.0,0.0,0.0,0.0,0.0,0.0,0.0,0.0,0.0,3.0,3.0,3.0,3.0,3.0,3.0,3.0,3.0
5968,Plau am See,53.457995,12.26491,1225,1650,47.248,2.74,1,,,,,,,59.286,59.286,59.286,59.286,59.286,52.603,27.786,27.786,0.0,0.0,0.0,0.0,0.0,0.0,3.0,3.0,3.0,5.0,10.0,10.0,10.0,12.0,23.0,26.0,0.0,0.0,0.0,0.0,0.0,0.0,0.0,0.0,,,,,,,,,0.0,0.0,0.0,0.0,0.0,0.0,0.0,0.0,0.0,0.0,0.0,0.0,0.0,0.0,0.0,0.0,0.0,0.0,0.0,0.0,0.0,0.0,0.0,0.0,0.0,0.0,0.0,0.0,0.0,0.0,0.0,0.0,0.0,0.0,0.0,0.0,0.0,0.0,0.0,0.0,1.0,1.0,1.0,1.0,1.0,1.0,2.0,2.0
19678,,51.209221,3.222862,1127,1650,0.157,0.057,1,,,,,,,0.115,0.115,0.115,0.115,0.115,0.115,0.115,0.115,2.0,5.0,6.0,4.0,6.0,6.0,6.0,6.0,2.0,8.0,9.0,8.0,10.0,10.0,10.0,10.0,0.0,0.0,0.0,0.0,0.0,0.0,0.0,0.0,,,,,,,,,0.0,0.0,0.0,0.0,0.0,0.0,0.0,0.0,1.0,1.0,1.0,1.0,1.0,0.0,0.0,0.0,0.0,0.0,0.0,0.0,0.0,0.0,0.0,0.0,0.0,0.0,0.0,0.0,0.0,0.0,0.0,0.0,0.0,0.0,0.0,0.0,0.0,0.0,0.0,0.0,3.0,3.0,3.0,3.0,3.0,2.0,2.0,2.0
5984,Plön,54.158142,10.417496,1236,1650,36.644,0.254,1,,,,,,,73.335,50.615,33.95,25.761,25.761,25.761,0.0,0.0,0.0,0.0,1.0,3.0,10.0,9.0,16.0,17.0,7.0,11.0,17.0,21.0,42.0,44.0,75.0,77.0,0.0,0.0,0.0,0.0,0.0,0.0,1.0,1.0,,,,,,,local,local,0.0,0.0,0.0,0.0,0.0,0.0,0.0,0.0,0.0,0.0,0.0,0.0,0.0,0.0,0.0,0.0,0.0,0.0,0.0,0.0,0.0,0.0,0.0,0.0,0.0,0.0,0.0,0.0,0.0,0.0,0.0,0.0,0.0,0.0,0.0,0.0,0.0,0.0,0.0,0.0,2.0,2.0,2.0,2.0,2.0,2.0,2.0,2.0
19679,,51.070925,2.658728,1180,1650,0.16,0.248,1,,,,,,,42.332,42.332,42.332,42.332,42.332,42.332,42.332,42.332,1.0,1.0,1.0,1.0,1.0,1.0,1.0,1.0,2.0,6.0,7.0,6.0,8.0,8.0,8.0,8.0,0.0,0.0,0.0,0.0,0.0,0.0,0.0,0.0,,,,,,,,,0.0,0.0,0.0,0.0,0.0,0.0,0.0,0.0,0.0,0.0,0.0,0.0,0.0,0.0,0.0,0.0,0.0,0.0,0.0,0.0,0.0,0.0,0.0,0.0,0.0,0.0,0.0,0.0,0.0,0.0,0.0,0.0,0.0,0.0,0.0,0.0,0.0,0.0,0.0,0.0,2.0,2.0,2.0,2.0,2.0,2.0,2.0,2.0
6122,Pritzwalk,53.149555,12.177073,1256,1650,27.935,0.101,1,,,,,,,72.406,34.614,34.614,34.614,34.614,34.614,34.614,34.614,0.0,2.0,2.0,2.0,2.0,2.0,6.0,6.0,3.0,6.0,14.0,17.0,25.0,30.0,41.0,45.0,0.0,0.0,0.0,0.0,0.0,0.0,0.0,0.0,,,,,,,,,0.0,0.0,0.0,0.0,0.0,0.0,0.0,0.0,0.0,0.0,0.0,0.0,0.0,0.0,0.0,0.0,0.0,0.0,0.0,0.0,0.0,0.0,0.0,0.0,0.0,0.0,0.0,0.0,0.0,0.0,0.0,0.0,0.0,0.0,0.0,0.0,0.0,0.0,0.0,0.0,2.0,2.0,2.0,2.0,2.0,2.0,2.0,2.0
8783,Ziegenhain,50.911153,9.234996,1240,1650,31.774,0.246,1,,,,,,,68.431,45.736,45.736,45.736,45.736,45.736,45.736,45.736,0.0,6.0,6.0,6.0,6.0,6.0,6.0,6.0,17.0,31.0,44.0,47.0,55.0,58.0,70.0,77.0,0.0,0.0,0.0,0.0,0.0,0.0,0.0,0.0,,,,,,,,,0.0,0.0,0.0,0.0,0.0,0.0,0.0,0.0,0.0,0.0,0.0,0.0,0.0,0.0,0.0,0.0,0.0,0.0,0.0,0.0,0.0,0.0,0.0,0.0,0.0,0.0,0.0,0.0,0.0,0.0,0.0,0.0,0.0,0.0,0.0,0.0,0.0,0.0,0.0,0.0,2.0,2.0,2.0,2.0,2.0,2.0,2.0,2.0
6200,Querfurt,51.378527,11.597706,1198,1650,28.39,0.109,1,,,,,,,28.276,28.276,28.276,17.027,17.027,12.048,0.0,0.0,2.0,9.0,10.0,19.0,25.0,31.0,37.0,39.0,15.0,30.0,37.0,57.0,75.0,86.0,104.0,118.0,0.0,0.0,0.0,0.0,0.0,0.0,1.0,1.0,,,,,,,local,local,0.0,0.0,0.0,0.0,0.0,1.0,1.0,1.0,0.0,0.0,0.0,0.0,0.0,0.0,0.0,0.0,0.0,0.0,0.0,0.0,0.0,0.0,0.0,0.0,0.0,0.0,0.0,0.0,0.0,0.0,0.0,0.0,0.0,0.0,0.0,0.0,0.0,0.0,0.0,0.0,2.0,2.0,2.0,2.0,2.0,2.0,2.0,2.0
6215,Radeburg,51.214963,13.723804,1289,1650,14.344,1.483,1,,,,,,,94.878,94.878,69.247,28.96,18.575,18.575,18.575,18.575,0.0,0.0,0.0,1.0,1.0,1.0,1.0,3.0,2.0,2.0,4.0,7.0,8.0,11.0,12.0,15.0,0.0,0.0,0.0,0.0,0.0,0.0,0.0,0.0,,,,,,,,,0.0,0.0,0.0,0.0,0.0,0.0,0.0,0.0,0.0,0.0,0.0,0.0,0.0,0.0,0.0,0.0,0.0,0.0,0.0,0.0,0.0,0.0,0.0,0.0,0.0,0.0,0.0,0.0,0.0,0.0,0.0,0.0,0.0,0.0,0.0,0.0,0.0,0.0,0.0,0.0,2.0,2.0,2.0,2.0,2.0,2.0,2.0,2.0
13524,,51.483736,11.96949,1170,1650,15.886,0.061,1,,,,,,,0.122,0.122,0.122,0.122,0.122,0.122,0.122,0.122,4.0,6.0,9.0,18.0,23.0,26.0,33.0,36.0,12.0,24.0,33.0,54.0,69.0,81.0,98.0,110.0,0.0,0.0,0.0,0.0,0.0,0.0,0.0,0.0,,,,,,,,,0.0,0.0,0.0,0.0,0.0,0.0,0.0,0.0,0.0,0.0,0.0,0.0,0.0,0.0,0.0,0.0,0.0,0.0,0.0,0.0,0.0,0.0,0.0,0.0,0.0,0.0,0.0,0.0,0.0,0.0,0.0,0.0,0.0,0.0,0.0,0.0,0.0,0.0,0.0,0.0,2.0,2.0,2.0,2.0,2.0,2.0,2.0,2.0
6271,Rathenow,52.607698,12.332608,1288,1650,0.198,0.086,1,,,,,,,70.855,25.544,25.544,25.544,25.544,25.346,25.346,24.122,0.0,3.0,5.0,5.0,8.0,11.0,17.0,22.0,2.0,8.0,19.0,22.0,33.0,39.0,54.0,61.0,0.0,0.0,0.0,0.0,0.0,0.0,0.0,0.0,,,,,,,,,0.0,0.0,1.0,1.0,1.0,1.0,1.0,1.0,0.0,0.0,0.0,0.0,0.0,0.0,0.0,0.0,0.0,0.0,0.0,0.0,0.0,0.0,0.0,0.0,0.0,0.0,0.0,0.0,0.0,0.0,0.0,0.0,0.0,0.0,0.0,0.0,0.0,0.0,0.0,0.0,2.0,2.0,2.0,2.0,2.0,2.0,2.0,2.0
6277,Ratzeburg,53.699294,10.774168,1250,1650,8.694,0.151,1,,,,,,,42.937,42.937,42.937,42.937,42.937,42.937,29.097,26.671,2.0,2.0,2.0,2.0,3.0,3.0,11.0,12.0,10.0,13.0,23.0,29.0,48.0,51.0,79.0,80.0,0.0,0.0,0.0,0.0,0.0,0.0,0.0,0.0,,,,,,,,,0.0,0.0,0.0,0.0,0.0,0.0,0.0,0.0,0.0,0.0,0.0,0.0,0.0,0.0,0.0,0.0,0.0,0.0,0.0,0.0,0.0,0.0,0.0,0.0,0.0,0.0,0.0,0.0,0.0,0.0,0.0,0.0,0.0,0.0,0.0,0.0,0.0,0.0,0.0,0.0,2.0,2.0,2.0,2.0,2.0,2.0,2.0,2.0
6308,Rees,51.757265,6.396968,1228,1650,2.515,0.037,1,,,,,,,18.938,18.938,18.938,18.938,18.938,18.938,18.938,18.938,13.0,20.0,22.0,32.0,40.0,41.0,42.0,42.0,45.0,66.0,85.0,106.0,123.0,128.0,133.0,130.0,0.0,0.0,0.0,0.0,0.0,0.0,0.0,0.0,,,,,,,,,1.0,1.0,1.0,1.0,1.0,1.0,1.0,1.0,0.0,0.0,0.0,0.0,0.0,0.0,0.0,0.0,0.0,0.0,0.0,0.0,0.0,0.0,0.0,0.0,0.0,0.0,0.0,0.0,0.0,0.0,0.0,0.0,0.0,0.0,0.0,0.0,0.0,0.0,0.0,0.0,2.0,2.0,2.0,2.0,2.0,2.0,2.0,2.0
6312,Recz,53.259754,15.54608,1284,1650,52.708,0.164,1,,,,,,,170.233,170.233,70.725,70.725,70.725,70.725,58.358,58.358,0.0,0.0,0.0,0.0,0.0,0.0,0.0,0.0,0.0,0.0,1.0,1.0,2.0,4.0,5.0,5.0,0.0,0.0,0.0,0.0,0.0,0.0,0.0,0.0,,,,,,,,,0.0,0.0,1.0,1.0,1.0,1.0,1.0,1.0,0.0,0.0,0.0,0.0,0.0,0.0,0.0,0.0,0.0,0.0,0.0,0.0,0.0,0.0,0.0,0.0,0.0,0.0,0.0,0.0,0.0,0.0,0.0,0.0,0.0,0.0,0.0,0.0,0.0,0.0,0.0,0.0,2.0,2.0,2.0,2.0,2.0,2.0,2.0,2.0
6315,Resko,53.77303,15.406004,1255,1650,74.574,4.159,1,,,,,,,137.336,137.336,104.334,104.334,104.334,104.334,44.604,44.604,0.0,0.0,0.0,0.0,0.0,0.0,2.0,2.0,0.0,0.0,0.0,0.0,0.0,0.0,2.0,2.0,0.0,0.0,0.0,0.0,0.0,0.0,0.0,0.0,,,,,,,,,0.0,0.0,0.0,0.0,0.0,0.0,0.0,0.0,0.0,0.0,0.0,0.0,0.0,0.0,0.0,0.0,0.0,0.0,0.0,0.0,0.0,0.0,0.0,0.0,0.0,0.0,0.0,0.0,0.0,0.0,0.0,0.0,0.0,0.0,0.0,0.0,0.0,0.0,0.0,0.0,1.0,1.0,1.0,1.0,1.0,1.0,2.0,2.0
6331,Reichenbach,50.620794,12.303231,1240,1650,72.585,0.062,1,1000.0,1000.0,1000.0,1000.0,1000.0,2000.0,49.205,49.205,49.205,41.545,41.545,18.433,18.433,17.403,1.0,1.0,1.0,3.0,5.0,10.0,11.0,12.0,5.0,8.0,12.0,26.0,35.0,42.0,45.0,47.0,0.0,0.0,0.0,0.0,0.0,0.0,0.0,0.0,,,,,,,,,0.0,0.0,0.0,0.0,0.0,0.0,0.0,0.0,0.0,0.0,0.0,0.0,0.0,0.0,0.0,0.0,0.0,0.0,0.0,0.0,0.0,0.0,0.0,0.0,0.0,0.0,0.0,0.0,0.0,0.0,0.0,0.0,0.0,0.0,0.0,0.0,0.0,0.0,0.0,0.0,2.0,2.0,2.0,2.0,2.0,2.0,2.0,2.0
6364,Rendsburg,54.304771,9.664155,1253,1650,0.2,0.09,1,1000.0,1000.0,1000.0,1000.0,2000.0,2000.0,78.991,23.758,23.758,23.758,23.758,23.758,0.0,0.0,0.0,4.0,8.0,10.0,23.0,19.0,31.0,31.0,5.0,10.0,16.0,20.0,42.0,43.0,71.0,73.0,0.0,0.0,0.0,0.0,0.0,0.0,1.0,1.0,,,,,,,local,local,0.0,0.0,0.0,1.0,1.0,1.0,1.0,1.0,0.0,0.0,0.0,0.0,0.0,0.0,0.0,0.0,0.0,0.0,0.0,0.0,0.0,0.0,0.0,0.0,0.0,0.0,0.0,0.0,0.0,0.0,0.0,0.0,0.0,0.0,0.0,0.0,0.0,0.0,0.0,0.0,2.0,2.0,2.0,2.0,2.0,2.0,2.0,2.0
6387,Tallinn,59.437308,24.745038,1248,1650,171.219,0.169,1,2000.0,3000.0,5000.0,6000.0,8000.0,10000.0,789.829,98.173,98.173,98.173,98.173,98.173,79.378,79.378,0.0,0.0,0.0,0.0,0.0,0.0,0.0,0.0,0.0,1.0,1.0,1.0,1.0,1.0,6.0,6.0,0.0,0.0,0.0,0.0,0.0,0.0,0.0,0.0,,,,,,,,,0.0,0.0,0.0,0.0,0.0,0.0,0.0,0.0,0.0,0.0,0.0,0.0,0.0,0.0,0.0,0.0,0.0,0.0,0.0,0.0,0.0,0.0,0.0,0.0,0.0,0.0,0.0,0.0,0.0,0.0,0.0,0.0,0.0,0.0,0.0,0.0,0.0,0.0,0.0,0.0,2.0,2.0,2.0,2.0,2.0,2.0,2.0,2.0
12432,Remda,50.759298,11.228178,1286,1650,91.562,0.134,1,,,,,,,47.106,28.044,28.044,26.629,25.649,25.649,25.649,25.649,1.0,3.0,4.0,11.0,18.0,23.0,25.0,25.0,15.0,30.0,36.0,52.0,67.0,81.0,94.0,103.0,0.0,0.0,0.0,0.0,0.0,0.0,0.0,0.0,,,,,,,,,0.0,0.0,0.0,0.0,0.0,0.0,0.0,0.0,0.0,0.0,0.0,0.0,0.0,0.0,0.0,0.0,0.0,0.0,0.0,0.0,0.0,0.0,0.0,0.0,0.0,0.0,0.0,0.0,0.0,0.0,0.0,0.0,0.0,0.0,0.0,0.0,0.0,0.0,0.0,0.0,2.0,2.0,2.0,2.0,2.0,2.0,2.0,2.0
6399,Rhenen,51.957938,5.565314,1250,1650,2.506,0.102,1,,,,,,,6.686,6.686,6.686,6.686,6.686,6.686,6.686,6.686,17.0,19.0,20.0,30.0,41.0,44.0,44.0,43.0,31.0,53.0,76.0,93.0,107.0,113.0,115.0,111.0,0.0,0.0,0.0,0.0,0.0,0.0,0.0,0.0,,,,,,,,,0.0,0.0,0.0,0.0,0.0,0.0,0.0,0.0,0.0,0.0,0.0,0.0,0.0,0.0,0.0,0.0,0.0,0.0,0.0,0.0,0.0,0.0,0.0,0.0,0.0,0.0,0.0,0.0,0.0,0.0,0.0,0.0,0.0,0.0,0.0,0.0,0.0,0.0,0.0,0.0,2.0,2.0,2.0,2.0,2.0,2.0,2.0,2.0
6404,Ribnitz,54.243302,12.432117,1235,1650,32.358,0.157,1,,,,,,,63.896,63.896,25.646,25.646,25.646,25.646,24.085,24.085,0.0,0.0,1.0,1.0,1.0,2.0,3.0,3.0,4.0,5.0,8.0,10.0,10.0,13.0,22.0,22.0,0.0,0.0,0.0,0.0,0.0,0.0,0.0,0.0,,,,,,,,,0.0,0.0,0.0,0.0,1.0,1.0,1.0,1.0,0.0,0.0,0.0,0.0,0.0,0.0,0.0,0.0,0.0,0.0,0.0,0.0,0.0,0.0,0.0,0.0,0.0,0.0,0.0,0.0,0.0,0.0,0.0,0.0,0.0,0.0,0.0,0.0,0.0,0.0,0.0,0.0,2.0,2.0,2.0,2.0,2.0,2.0,2.0,2.0
6418,Prabuty,53.758686,19.19863,1285,1650,25.173,0.103,1,,,,,,,382.631,382.631,317.134,317.134,317.134,317.134,241.409,241.409,0.0,0.0,0.0,0.0,0.0,0.0,0.0,0.0,0.0,0.0,0.0,0.0,0.0,0.0,0.0,0.0,0.0,0.0,0.0,0.0,0.0,0.0,0.0,0.0,,,,,,,,,0.0,0.0,0.0,0.0,0.0,0.0,0.0,0.0,0.0,0.0,0.0,0.0,0.0,0.0,0.0,0.0,0.0,0.0,0.0,0.0,0.0,0.0,0.0,0.0,0.0,0.0,0.0,0.0,0.0,0.0,0.0,0.0,0.0,0.0,0.0,0.0,0.0,0.0,0.0,0.0,2.0,2.0,2.0,2.0,2.0,2.0,2.0,2.0
6428,Rijssen,52.308009,6.521151,1243,1650,5.416,0.309,1,,,,,,,9.365,9.365,9.365,9.365,9.365,9.365,9.365,9.365,10.0,19.0,31.0,34.0,40.0,45.0,46.0,43.0,34.0,55.0,71.0,93.0,112.0,119.0,124.0,121.0,0.0,0.0,0.0,0.0,0.0,0.0,0.0,0.0,,,,,,,,,0.0,0.0,0.0,0.0,0.0,0.0,0.0,0.0,0.0,0.0,0.0,0.0,0.0,0.0,0.0,0.0,0.0,0.0,0.0,0.0,0.0,0.0,0.0,0.0,0.0,0.0,0.0,0.0,0.0,0.0,0.0,0.0,0.0,0.0,0.0,0.0,0.0,0.0,0.0,0.0,2.0,2.0,2.0,2.0,2.0,2.0,2.0,2.0
6457,Röbel/Müritz,53.37678,12.606397,1261,1650,65.571,1.218,1,,,,,,,83.634,70.864,70.864,70.864,70.864,63.725,50.575,50.575,0.0,0.0,0.0,0.0,0.0,0.0,0.0,0.0,3.0,5.0,7.0,7.0,7.0,10.0,19.0,21.0,0.0,0.0,0.0,0.0,0.0,0.0,0.0,0.0,,,,,,,,,0.0,0.0,0.0,0.0,0.0,0.0,0.0,0.0,0.0,0.0,0.0,0.0,0.0,0.0,0.0,0.0,0.0,0.0,0.0,0.0,0.0,0.0,0.0,0.0,0.0,0.0,0.0,0.0,0.0,0.0,0.0,0.0,0.0,0.0,0.0,0.0,0.0,0.0,0.0,0.0,2.0,2.0,2.0,2.0,2.0,2.0,2.0,2.0
6544,Roßwein,51.064899,13.184034,1286,1650,24.589,1.071,1,,,,,,,64.159,64.159,36.987,17.091,22.78,22.78,22.78,22.78,0.0,0.0,2.0,3.0,3.0,4.0,4.0,5.0,4.0,6.0,11.0,16.0,20.0,24.0,25.0,31.0,0.0,0.0,0.0,0.0,0.0,0.0,0.0,0.0,,,,,,,,,0.0,0.0,0.0,0.0,0.0,0.0,0.0,0.0,0.0,0.0,0.0,0.0,0.0,0.0,0.0,0.0,0.0,0.0,0.0,0.0,0.0,0.0,0.0,0.0,0.0,0.0,0.0,0.0,0.0,0.0,0.0,0.0,0.0,0.0,0.0,0.0,0.0,0.0,0.0,0.0,2.0,2.0,2.0,2.0,2.0,2.0,2.0,2.0
6545,Rostock,54.088618,12.139895,1218,1650,8.516,0.093,1,10000.0,13000.0,10000.0,12000.0,15000.0,11000.0,69.819,69.819,0.0,0.0,0.0,0.0,0.0,0.0,0.0,0.0,2.0,2.0,2.0,4.0,6.0,6.0,3.0,4.0,7.0,7.0,10.0,13.0,23.0,24.0,0.0,0.0,1.0,1.0,1.0,1.0,1.0,1.0,,,regional,regional,regional,regional,regional,regional,0.0,0.0,0.0,0.0,0.0,0.0,0.0,0.0,0.0,0.0,0.0,1.0,1.0,1.0,1.0,1.0,0.0,0.0,0.0,0.0,0.0,0.0,0.0,0.0,0.0,0.0,0.0,0.0,0.0,0.0,0.0,0.0,0.0,0.0,0.0,0.0,0.0,0.0,0.0,0.0,2.0,2.0,3.0,3.0,3.0,3.0,3.0,3.0
6660,Zalewo,53.845934,19.606004,1299,1650,38.65,3.31,1,,,,,,,407.96,407.96,345.457,345.457,345.457,345.457,265.817,265.817,0.0,0.0,0.0,0.0,0.0,0.0,0.0,0.0,0.0,0.0,0.0,0.0,0.0,0.0,0.0,0.0,0.0,0.0,0.0,0.0,0.0,0.0,0.0,0.0,,,,,,,,,0.0,0.0,0.0,0.0,0.0,0.0,0.0,0.0,0.0,0.0,0.0,0.0,0.0,0.0,0.0,0.0,0.0,0.0,0.0,0.0,0.0,0.0,0.0,0.0,0.0,0.0,0.0,0.0,0.0,0.0,0.0,0.0,0.0,0.0,0.0,0.0,0.0,0.0,0.0,0.0,1.0,1.0,1.0,1.0,1.0,1.0,1.0,1.0
6709,Salzkotten,51.671819,8.604644,1247,1650,53.383,0.18,1,,,,,,,11.599,11.599,11.599,11.599,11.599,11.599,11.599,11.599,3.0,8.0,13.0,15.0,20.0,22.0,27.0,27.0,24.0,47.0,62.0,67.0,76.0,77.0,97.0,101.0,0.0,0.0,0.0,0.0,0.0,0.0,0.0,0.0,,,,,,,,,0.0,0.0,0.0,0.0,0.0,0.0,0.0,0.0,0.0,0.0,0.0,0.0,0.0,0.0,0.0,0.0,0.0,0.0,0.0,0.0,0.0,0.0,0.0,0.0,0.0,0.0,0.0,0.0,0.0,0.0,0.0,0.0,0.0,0.0,0.0,0.0,0.0,0.0,0.0,0.0,2.0,2.0,2.0,2.0,2.0,2.0,2.0,2.0
6718,Sandau,52.788035,12.045764,1272,1650,5.199,0.389,1,,,,,,,72.448,9.183,9.183,9.183,9.183,9.183,4.564,4.564,0.0,3.0,5.0,5.0,5.0,8.0,11.0,15.0,2.0,5.0,16.0,19.0,30.0,34.0,48.0,53.0,0.0,0.0,0.0,0.0,0.0,0.0,0.0,0.0,,,,,,,,,0.0,0.0,0.0,1.0,1.0,1.0,1.0,1.0,0.0,0.0,0.0,0.0,0.0,0.0,0.0,0.0,0.0,0.0,0.0,0.0,0.0,0.0,0.0,0.0,0.0,0.0,0.0,0.0,0.0,0.0,0.0,0.0,0.0,0.0,0.0,0.0,0.0,0.0,0.0,0.0,2.0,2.0,2.0,2.0,2.0,2.0,2.0,2.0
6723,Sandersleben,51.676806,11.566973,1300,1650,8.401,1.41,1,,,,,,,34.369,34.369,34.369,16.572,14.081,14.081,12.265,12.265,3.0,8.0,9.0,14.0,18.0,25.0,34.0,40.0,13.0,29.0,41.0,60.0,82.0,93.0,116.0,133.0,0.0,0.0,0.0,0.0,0.0,0.0,0.0,0.0,,,,,,,,,0.0,0.0,0.0,0.0,0.0,0.0,0.0,0.0,0.0,0.0,0.0,0.0,0.0,0.0,0.0,0.0,0.0,0.0,0.0,0.0,0.0,0.0,0.0,0.0,0.0,0.0,0.0,0.0,0.0,0.0,0.0,0.0,0.0,0.0,0.0,0.0,0.0,0.0,0.0,0.0,2.0,2.0,2.0,2.0,2.0,2.0,2.0,2.0
6774,Sarstedt,52.234124,9.853393,1296,1650,20.859,0.112,1,,,,,,,11.258,11.258,11.258,11.258,11.258,11.258,11.258,11.258,6.0,14.0,26.0,28.0,31.0,32.0,40.0,42.0,16.0,37.0,63.0,75.0,91.0,92.0,119.0,131.0,0.0,0.0,0.0,0.0,0.0,0.0,0.0,0.0,,,,,,,,,0.0,0.0,1.0,1.0,1.0,1.0,1.0,1.0,0.0,0.0,0.0,0.0,0.0,0.0,0.0,0.0,0.0,0.0,0.0,0.0,0.0,0.0,0.0,0.0,0.0,0.0,0.0,0.0,0.0,0.0,0.0,0.0,0.0,0.0,0.0,0.0,0.0,0.0,0.0,0.0,2.0,2.0,2.0,2.0,2.0,2.0,2.0,2.0
10545,Svendborg,55.059726,10.609883,1225,1650,97.205,0.029,1,1000.0,1000.0,1000.0,1000.0,1000.0,2000.0,83.079,23.771,23.771,23.771,23.771,23.771,23.771,23.771,0.0,2.0,3.0,4.0,4.0,7.0,11.0,17.0,1.0,5.0,8.0,16.0,22.0,23.0,33.0,40.0,0.0,0.0,0.0,0.0,0.0,0.0,0.0,0.0,,,,,,,,,0.0,0.0,0.0,0.0,0.0,0.0,0.0,0.0,0.0,0.0,0.0,0.0,0.0,0.0,0.0,0.0,0.0,0.0,0.0,0.0,0.0,0.0,0.0,0.0,0.0,0.0,0.0,0.0,0.0,0.0,0.0,0.0,0.0,0.0,0.0,0.0,0.0,0.0,0.0,0.0,2.0,2.0,2.0,2.0,2.0,2.0,2.0,2.0
19819,Mühlenbrücke,53.860829,10.689606,1143,1650,0.914,0.152,1,,,,,,,54.227,54.227,49.655,49.655,28.638,28.638,21.522,19.422,0.0,0.0,1.0,1.0,4.0,4.0,11.0,12.0,10.0,13.0,19.0,25.0,43.0,46.0,75.0,76.0,0.0,0.0,0.0,0.0,0.0,0.0,0.0,0.0,,,,,,,,,0.0,0.0,0.0,0.0,0.0,0.0,0.0,0.0,0.0,0.0,0.0,1.0,1.0,1.0,1.0,1.0,1.0,1.0,1.0,1.0,1.0,1.0,1.0,1.0,0.0,0.0,0.0,0.0,0.0,0.0,0.0,0.0,0.0,0.0,0.0,0.0,0.0,0.0,0.0,0.0,2.0,2.0,2.0,3.0,3.0,3.0,3.0,3.0
6787,Sayda,50.712155,13.420819,1250,1650,44.283,0.952,1,,,,,,,97.752,97.752,75.776,54.484,50.262,50.262,50.262,50.262,0.0,0.0,0.0,0.0,0.0,0.0,0.0,0.0,1.0,1.0,3.0,6.0,8.0,15.0,16.0,20.0,0.0,0.0,0.0,0.0,0.0,0.0,0.0,0.0,,,,,,,,,0.0,1.0,1.0,1.0,1.0,1.0,1.0,1.0,0.0,0.0,0.0,0.0,0.0,0.0,0.0,0.0,0.0,0.0,0.0,0.0,0.0,0.0,0.0,0.0,0.0,0.0,0.0,0.0,0.0,0.0,0.0,0.0,0.0,0.0,0.0,0.0,0.0,0.0,0.0,0.0,2.0,2.0,2.0,2.0,2.0,2.0,2.0,2.0
6840,Schiedam,51.91812,4.398575,1275,1650,0.786,0.046,1,1000.0,2000.0,4000.0,4000.0,5000.0,7000.0,39.806,15.702,15.702,15.702,15.702,15.702,15.702,15.702,3.0,9.0,11.0,11.0,11.0,12.0,12.0,12.0,13.0,28.0,32.0,39.0,46.0,49.0,49.0,48.0,0.0,0.0,0.0,0.0,0.0,0.0,0.0,0.0,,,,,,,,,0.0,0.0,0.0,0.0,0.0,0.0,0.0,0.0,0.0,0.0,0.0,0.0,0.0,0.0,0.0,0.0,0.0,0.0,0.0,0.0,0.0,0.0,0.0,0.0,0.0,0.0,0.0,0.0,0.0,0.0,0.0,0.0,0.0,0.0,0.0,0.0,0.0,0.0,0.0,0.0,2.0,2.0,2.0,2.0,2.0,2.0,2.0,2.0
6859,Świdwin,53.773176,15.77115,1296,1650,94.123,0.154,1,,,,,,,160.522,160.522,118.501,118.501,118.501,118.501,46.55,46.55,0.0,0.0,0.0,0.0,0.0,0.0,1.0,1.0,0.0,0.0,0.0,0.0,0.0,0.0,2.0,2.0,0.0,0.0,0.0,0.0,0.0,0.0,0.0,0.0,,,,,,,,,0.0,0.0,0.0,0.0,0.0,0.0,0.0,0.0,0.0,0.0,0.0,0.0,0.0,0.0,0.0,0.0,0.0,0.0,0.0,0.0,0.0,0.0,0.0,0.0,0.0,0.0,0.0,0.0,0.0,0.0,0.0,0.0,0.0,0.0,0.0,0.0,0.0,0.0,0.0,0.0,2.0,2.0,2.0,2.0,2.0,2.0,2.0,2.0
19316,,52.010221,4.710592,1272,1650,0.019,0.005,1,,,,,,,29.359,0.109,0.109,0.109,0.109,0.109,0.109,0.109,9.0,18.0,21.0,22.0,25.0,27.0,27.0,26.0,18.0,33.0,38.0,47.0,56.0,59.0,59.0,58.0,0.0,0.0,0.0,0.0,0.0,0.0,0.0,0.0,,,,,,,,,0.0,0.0,0.0,0.0,0.0,0.0,0.0,0.0,0.0,0.0,0.0,0.0,0.0,0.0,0.0,0.0,0.0,0.0,0.0,0.0,0.0,0.0,0.0,0.0,0.0,0.0,0.0,0.0,0.0,0.0,0.0,0.0,0.0,0.0,0.0,0.0,0.0,0.0,0.0,0.0,2.0,2.0,2.0,2.0,2.0,2.0,2.0,2.0
6860,Schkeuditz,51.393867,12.220381,1200,1650,17.739,2.185,1,,,,,,,12.265,12.265,12.265,12.265,12.265,12.265,12.265,12.265,4.0,6.0,11.0,20.0,25.0,28.0,33.0,37.0,12.0,23.0,30.0,47.0,63.0,76.0,90.0,101.0,0.0,0.0,0.0,0.0,0.0,0.0,0.0,0.0,,,,,,,,,0.0,0.0,0.0,0.0,0.0,1.0,1.0,1.0,0.0,0.0,0.0,0.0,0.0,0.0,0.0,0.0,0.0,0.0,0.0,0.0,0.0,0.0,0.0,0.0,0.0,0.0,0.0,0.0,0.0,0.0,0.0,0.0,0.0,0.0,0.0,0.0,0.0,0.0,0.0,0.0,2.0,2.0,2.0,2.0,2.0,2.0,2.0,2.0
6880,Schleswig,54.513788,9.570986,1196,1650,16.38,0.189,1,3000.0,2000.0,2000.0,3000.0,3000.0,4000.0,101.457,47.252,47.252,42.445,33.795,33.795,0.0,0.0,0.0,1.0,1.0,3.0,11.0,9.0,17.0,17.0,0.0,5.0,11.0,13.0,30.0,28.0,51.0,52.0,0.0,0.0,0.0,0.0,0.0,0.0,1.0,1.0,,,,,,,regional,regional,0.0,0.0,0.0,0.0,0.0,0.0,0.0,0.0,0.0,0.0,0.0,0.0,0.0,0.0,0.0,0.0,0.0,0.0,0.0,0.0,0.0,0.0,0.0,0.0,0.0,0.0,0.0,0.0,0.0,0.0,0.0,0.0,0.0,0.0,0.0,0.0,0.0,0.0,0.0,0.0,2.0,2.0,2.0,2.0,2.0,2.0,3.0,3.0
6881,Schleusingen,50.509745,10.752507,1268,1650,83.235,0.116,1,,,,,,,24.68,9.455,9.455,9.455,9.455,9.455,9.455,9.455,5.0,8.0,12.0,12.0,17.0,20.0,26.0,27.0,13.0,27.0,32.0,39.0,51.0,59.0,66.0,72.0,0.0,0.0,0.0,0.0,0.0,0.0,0.0,0.0,,,,,,,,,0.0,0.0,0.0,0.0,0.0,0.0,0.0,0.0,0.0,0.0,0.0,0.0,0.0,0.0,0.0,0.0,0.0,0.0,0.0,0.0,0.0,0.0,0.0,0.0,0.0,0.0,0.0,0.0,0.0,0.0,0.0,0.0,0.0,0.0,0.0,0.0,0.0,0.0,0.0,0.0,2.0,2.0,2.0,2.0,2.0,2.0,2.0,2.0
14028,,53.149424,12.17405,1256,1650,27.75,0.059,1,,,,,,,72.204,34.525,34.525,34.525,34.525,34.525,34.525,34.525,0.0,2.0,2.0,2.0,2.0,2.0,6.0,6.0,3.0,6.0,14.0,17.0,25.0,30.0,43.0,48.0,0.0,0.0,0.0,0.0,0.0,0.0,0.0,0.0,,,,,,,,,0.0,0.0,0.0,0.0,0.0,0.0,0.0,0.0,0.0,0.0,0.0,0.0,0.0,0.0,0.0,0.0,0.0,0.0,0.0,0.0,0.0,0.0,0.0,0.0,0.0,0.0,0.0,0.0,0.0,0.0,0.0,0.0,0.0,0.0,0.0,0.0,0.0,0.0,0.0,0.0,2.0,2.0,2.0,2.0,2.0,2.0,2.0,2.0
19317,,52.010505,4.710179,1272,1650,0.061,0.013,1,,,,,,,29.376,0.077,0.077,0.077,0.077,0.077,0.077,0.077,9.0,18.0,21.0,22.0,25.0,27.0,27.0,26.0,18.0,33.0,38.0,47.0,56.0,59.0,59.0,58.0,0.0,0.0,0.0,0.0,0.0,0.0,0.0,0.0,,,,,,,,,0.0,0.0,0.0,0.0,0.0,0.0,0.0,0.0,0.0,0.0,0.0,0.0,0.0,0.0,0.0,0.0,0.0,0.0,0.0,0.0,0.0,0.0,0.0,0.0,0.0,0.0,0.0,0.0,0.0,0.0,0.0,0.0,0.0,0.0,0.0,0.0,0.0,0.0,0.0,0.0,2.0,2.0,2.0,2.0,2.0,2.0,2.0,2.0
6987,Schüttorf,52.321914,7.222553,1295,1650,8.097,0.048,1,,,,,,,20.065,20.065,20.065,15.41,15.41,15.41,15.41,15.41,9.0,12.0,16.0,20.0,25.0,29.0,32.0,32.0,37.0,57.0,75.0,82.0,98.0,106.0,112.0,109.0,0.0,0.0,0.0,0.0,0.0,0.0,0.0,0.0,,,,,,,,,0.0,0.0,0.0,0.0,1.0,1.0,1.0,1.0,0.0,0.0,0.0,0.0,0.0,0.0,0.0,0.0,0.0,0.0,0.0,0.0,0.0,0.0,0.0,0.0,0.0,0.0,0.0,0.0,0.0,0.0,0.0,0.0,0.0,0.0,0.0,0.0,0.0,0.0,0.0,0.0,2.0,2.0,2.0,2.0,2.0,2.0,2.0,2.0
7010,Schwedt,53.0554,14.287757,1265,1650,3.932,0.103,1,,,,,,,130.285,130.285,23.635,23.635,23.635,23.635,23.635,23.635,0.0,0.0,1.0,1.0,2.0,4.0,4.0,4.0,0.0,0.0,4.0,4.0,5.0,7.0,8.0,9.0,0.0,0.0,0.0,0.0,0.0,0.0,0.0,0.0,,,,,,,,,1.0,1.0,1.0,1.0,1.0,1.0,1.0,1.0,0.0,0.0,0.0,0.0,0.0,0.0,0.0,0.0,0.0,0.0,0.0,0.0,0.0,0.0,0.0,0.0,0.0,0.0,0.0,0.0,0.0,0.0,0.0,0.0,0.0,0.0,0.0,0.0,0.0,0.0,0.0,0.0,2.0,2.0,2.0,2.0,2.0,2.0,2.0,2.0
7018,Schwerin,53.628788,11.414916,1160,1650,5.721,0.097,1,2000.0,1000.0,3000.0,1000.0,2000.0,2000.0,0.0,0.0,0.0,0.0,0.0,0.0,0.0,0.0,2.0,2.0,3.0,3.0,3.0,4.0,9.0,10.0,8.0,10.0,18.0,21.0,29.0,31.0,51.0,52.0,1.0,1.0,1.0,1.0,1.0,1.0,1.0,1.0,local,local,local,local,local,local,local,local,0.0,0.0,0.0,0.0,0.0,0.0,0.0,0.0,0.0,0.0,0.0,0.0,0.0,0.0,0.0,0.0,0.0,0.0,0.0,0.0,0.0,0.0,0.0,0.0,0.0,0.0,0.0,0.0,0.0,0.0,0.0,0.0,0.0,0.0,0.0,0.0,0.0,0.0,0.0,0.0,2.0,2.0,2.0,2.0,2.0,2.0,2.0,2.0
7019,Skwierzyna,52.599844,15.501834,1295,1650,8.286,0.082,1,,,,,,,217.923,217.923,72.566,72.566,72.566,72.566,72.566,72.566,0.0,0.0,0.0,0.0,0.0,0.0,0.0,0.0,0.0,0.0,1.0,1.0,2.0,4.0,4.0,4.0,0.0,0.0,0.0,0.0,0.0,0.0,0.0,0.0,,,,,,,,,0.0,0.0,1.0,1.0,1.0,1.0,1.0,1.0,0.0,0.0,0.0,0.0,0.0,0.0,0.0,0.0,0.0,0.0,0.0,0.0,0.0,0.0,0.0,0.0,0.0,0.0,0.0,0.0,0.0,0.0,0.0,0.0,0.0,0.0,0.0,0.0,0.0,0.0,0.0,0.0,2.0,2.0,2.0,2.0,2.0,2.0,2.0,2.0
7049,Seehausen (Altmark),52.891054,11.753284,1196,1650,8.745,0.032,1,,,,,,,49.719,15.724,15.724,15.724,15.724,15.724,15.724,15.724,1.0,4.0,9.0,12.0,17.0,17.0,20.0,24.0,7.0,10.0,18.0,23.0,31.0,34.0,54.0,60.0,0.0,0.0,0.0,0.0,0.0,0.0,0.0,0.0,,,,,,,,,0.0,0.0,0.0,0.0,0.0,0.0,0.0,0.0,0.0,0.0,0.0,0.0,0.0,0.0,0.0,0.0,0.0,0.0,0.0,0.0,0.0,0.0,0.0,0.0,0.0,0.0,0.0,0.0,0.0,0.0,0.0,0.0,0.0,0.0,0.0,0.0,0.0,0.0,0.0,0.0,2.0,2.0,2.0,2.0,2.0,2.0,2.0,2.0
7051,Seehausen (Wanzleben),52.100093,11.292705,1197,1563,25.137,1.979,1,,,,,,,17.702,9.329,9.329,9.329,9.329,9.329,,,4.0,7.0,8.0,12.0,16.0,20.0,,,12.0,25.0,40.0,55.0,70.0,81.0,,,0.0,0.0,0.0,0.0,0.0,0.0,,,,,,,,,,,0.0,0.0,0.0,0.0,0.0,0.0,,,0.0,0.0,0.0,0.0,0.0,0.0,,,0.0,0.0,0.0,0.0,0.0,0.0,,,0.0,0.0,0.0,0.0,0.0,0.0,,,0.0,0.0,0.0,0.0,0.0,0.0,,,2.0,2.0,2.0,2.0,2.0,2.0,,
7061,Bad Segeberg,53.936368,10.309914,1244,1650,15.48,0.082,1,,,,,,,47.95,46.481,46.481,44.436,38.072,28.037,0.0,0.0,3.0,4.0,4.0,7.0,17.0,16.0,26.0,27.0,9.0,14.0,20.0,24.0,43.0,45.0,76.0,77.0,0.0,0.0,0.0,0.0,0.0,0.0,1.0,1.0,,,,,,,local,local,0.0,0.0,0.0,0.0,1.0,1.0,1.0,1.0,0.0,0.0,0.0,0.0,0.0,0.0,0.0,0.0,0.0,0.0,0.0,0.0,0.0,0.0,0.0,0.0,0.0,0.0,0.0,0.0,0.0,0.0,0.0,0.0,0.0,0.0,0.0,0.0,0.0,0.0,0.0,0.0,2.0,2.0,2.0,2.0,2.0,2.0,2.0,2.0
7071,Seligenstadt,50.044153,8.975316,1175,1650,3.997,0.123,1,,,,,,,22.177,22.177,22.177,22.177,22.177,22.177,22.177,22.177,5.0,7.0,7.0,7.0,7.0,7.0,9.0,9.0,5.0,10.0,10.0,10.0,10.0,10.0,12.0,12.0,0.0,0.0,0.0,0.0,0.0,0.0,0.0,0.0,,,,,,,,,0.0,0.0,0.0,0.0,0.0,0.0,0.0,0.0,0.0,0.0,0.0,0.0,0.0,0.0,0.0,0.0,0.0,0.0,0.0,0.0,0.0,0.0,0.0,0.0,0.0,0.0,0.0,0.0,0.0,0.0,0.0,0.0,0.0,0.0,0.0,0.0,0.0,0.0,0.0,0.0,2.0,2.0,2.0,2.0,2.0,2.0,2.0,2.0
7114,Siegburg,50.797116,7.207879,1180,1650,4.739,0.151,1,,,,,,,0.0,0.0,0.0,0.0,0.0,0.0,0.0,0.0,1.0,1.0,2.0,2.0,3.0,3.0,4.0,4.0,14.0,19.0,25.0,32.0,36.0,37.0,38.0,38.0,1.0,1.0,1.0,1.0,1.0,1.0,1.0,1.0,local,local,local,local,local,local,local,local,1.0,1.0,1.0,0.0,0.0,0.0,0.0,0.0,0.0,0.0,0.0,0.0,0.0,0.0,0.0,0.0,0.0,0.0,0.0,0.0,0.0,0.0,0.0,0.0,0.0,0.0,0.0,0.0,0.0,0.0,0.0,0.0,0.0,0.0,0.0,0.0,0.0,0.0,0.0,0.0,2.0,2.0,2.0,2.0,2.0,2.0,2.0,2.0
7152,Sint-Oedenrode,51.564285,5.46055,1232,1650,20.77,0.147,1,,,,,,,31.367,31.367,31.367,29.102,29.102,29.102,29.102,29.102,10.0,13.0,15.0,24.0,29.0,29.0,29.0,29.0,30.0,55.0,64.0,82.0,96.0,101.0,101.0,100.0,0.0,0.0,0.0,0.0,0.0,0.0,0.0,0.0,,,,,,,,,0.0,0.0,0.0,0.0,0.0,0.0,0.0,0.0,0.0,0.0,0.0,0.0,0.0,0.0,0.0,0.0,0.0,0.0,0.0,0.0,0.0,0.0,0.0,0.0,0.0,0.0,0.0,0.0,0.0,0.0,0.0,0.0,0.0,0.0,0.0,0.0,0.0,0.0,0.0,0.0,2.0,2.0,2.0,2.0,2.0,2.0,2.0,2.0
19318,Hoornbrug,52.010274,4.71012,1272,1650,0.047,0.013,1,,,,,,,29.388,0.103,0.103,0.103,0.103,0.103,0.103,0.103,9.0,18.0,21.0,22.0,25.0,27.0,27.0,26.0,18.0,33.0,38.0,47.0,56.0,59.0,59.0,58.0,0.0,0.0,0.0,0.0,0.0,0.0,0.0,0.0,,,,,,,,,0.0,0.0,0.0,0.0,0.0,0.0,0.0,0.0,0.0,0.0,0.0,0.0,0.0,0.0,0.0,0.0,0.0,1.0,1.0,1.0,1.0,1.0,1.0,1.0,0.0,0.0,0.0,0.0,0.0,0.0,0.0,0.0,0.0,0.0,0.0,0.0,0.0,0.0,0.0,0.0,2.0,2.0,2.0,2.0,2.0,2.0,2.0,2.0
10146,Nysted,54.664287,11.732313,1286,1650,76.956,0.087,1,,,,,,,39.903,32.073,32.073,32.073,32.073,32.073,32.073,32.073,1.0,2.0,3.0,5.0,5.0,7.0,8.0,8.0,1.0,2.0,6.0,11.0,14.0,19.0,29.0,33.0,0.0,0.0,0.0,0.0,0.0,0.0,0.0,0.0,,,,,,,,,0.0,0.0,0.0,0.0,0.0,0.0,0.0,0.0,0.0,0.0,0.0,0.0,0.0,0.0,0.0,0.0,0.0,0.0,0.0,0.0,0.0,0.0,0.0,0.0,0.0,0.0,0.0,0.0,0.0,0.0,0.0,0.0,0.0,0.0,0.0,0.0,0.0,0.0,0.0,0.0,2.0,2.0,2.0,2.0,2.0,2.0,2.0,2.0
10233,Store Heddinge ,55.312708,12.39092,1240,1650,145.574,4.828,1,,,,,,,31.314,31.314,31.314,31.314,31.314,31.314,40.803,40.803,2.0,3.0,6.0,10.0,10.0,10.0,11.0,9.0,4.0,10.0,13.0,17.0,17.0,22.0,23.0,28.0,0.0,0.0,0.0,0.0,0.0,0.0,0.0,0.0,,,,,,,,,0.0,0.0,0.0,0.0,0.0,0.0,0.0,0.0,0.0,0.0,0.0,0.0,0.0,0.0,0.0,0.0,0.0,0.0,0.0,0.0,0.0,0.0,0.0,0.0,0.0,0.0,0.0,0.0,0.0,0.0,0.0,0.0,0.0,0.0,0.0,0.0,0.0,0.0,0.0,0.0,2.0,2.0,2.0,2.0,2.0,2.0,2.0,2.0
7241,Myślibórz,52.924936,14.866848,1262,1650,30.362,0.075,1,,,,,,,163.125,163.125,17.946,17.946,17.946,17.946,17.946,17.946,0.0,0.0,1.0,1.0,2.0,4.0,4.0,4.0,0.0,0.0,1.0,1.0,2.0,4.0,5.0,5.0,0.0,0.0,0.0,0.0,0.0,0.0,0.0,0.0,,,,,,,,,0.0,0.0,0.0,0.0,0.0,1.0,1.0,1.0,0.0,0.0,0.0,0.0,0.0,0.0,0.0,0.0,0.0,0.0,0.0,0.0,0.0,0.0,0.0,0.0,0.0,0.0,0.0,0.0,0.0,0.0,0.0,0.0,0.0,0.0,0.0,0.0,0.0,0.0,0.0,0.0,2.0,2.0,2.0,2.0,2.0,2.0,2.0,2.0
5688,Ortrand,51.375944,13.757082,1238,1650,30.795,2.041,1,,,,,,,96.085,96.085,73.055,36.964,30.949,30.949,30.949,30.949,0.0,0.0,0.0,1.0,1.0,2.0,2.0,4.0,2.0,2.0,4.0,5.0,6.0,9.0,12.0,15.0,0.0,0.0,0.0,0.0,0.0,0.0,0.0,0.0,,,,,,,,,0.0,0.0,0.0,0.0,0.0,0.0,0.0,0.0,0.0,0.0,0.0,0.0,0.0,0.0,0.0,0.0,0.0,0.0,0.0,0.0,0.0,0.0,0.0,0.0,0.0,0.0,0.0,0.0,0.0,0.0,0.0,0.0,0.0,0.0,0.0,0.0,0.0,0.0,0.0,0.0,1.0,1.0,1.0,1.0,1.0,2.0,2.0,2.0
7268,Allendorf (Werra),51.272727,9.974409,1212,1650,0.14,0.055,1,,,,,,,40.978,16.35,16.35,16.35,16.35,16.35,16.35,16.35,3.0,14.0,21.0,24.0,28.0,30.0,33.0,41.0,21.0,49.0,62.0,69.0,82.0,90.0,108.0,119.0,0.0,0.0,0.0,0.0,0.0,0.0,0.0,0.0,,,,,,,,,0.0,0.0,0.0,0.0,0.0,0.0,0.0,0.0,0.0,0.0,0.0,0.0,0.0,0.0,0.0,0.0,0.0,0.0,0.0,0.0,0.0,0.0,0.0,0.0,0.0,0.0,0.0,0.0,0.0,0.0,0.0,0.0,0.0,0.0,0.0,0.0,0.0,0.0,0.0,0.0,2.0,2.0,2.0,2.0,2.0,2.0,2.0,2.0
7271,Żary,51.638619,15.143361,1260,1650,37.016,0.361,1,,,,,,,194.553,194.553,151.896,136.341,127.526,127.526,127.526,123.361,0.0,0.0,0.0,0.0,0.0,0.0,0.0,0.0,0.0,0.0,0.0,0.0,0.0,0.0,0.0,0.0,0.0,0.0,0.0,0.0,0.0,0.0,0.0,0.0,,,,,,,,,0.0,0.0,0.0,0.0,0.0,0.0,0.0,0.0,0.0,0.0,0.0,0.0,0.0,0.0,0.0,0.0,0.0,0.0,0.0,0.0,0.0,0.0,0.0,0.0,0.0,0.0,0.0,0.0,0.0,0.0,0.0,0.0,0.0,0.0,0.0,0.0,0.0,0.0,0.0,0.0,2.0,2.0,2.0,2.0,2.0,2.0,2.0,2.0
7281,Spandau,52.537525,13.20375,1240,1650,0.276,0.064,1,1000.0,1000.0,1000.0,1000.0,2000.0,2000.0,115.502,83.375,13.922,13.922,13.922,13.922,13.922,13.922,0.0,0.0,3.0,3.0,6.0,6.0,8.0,8.0,0.0,3.0,8.0,8.0,14.0,18.0,29.0,34.0,0.0,0.0,0.0,0.0,0.0,0.0,0.0,0.0,,,,,,,,,0.0,1.0,1.0,1.0,1.0,1.0,1.0,1.0,0.0,0.0,0.0,1.0,0.0,0.0,0.0,0.0,0.0,0.0,0.0,0.0,0.0,0.0,0.0,0.0,0.0,0.0,0.0,0.0,0.0,0.0,0.0,0.0,0.0,0.0,0.0,0.0,0.0,0.0,0.0,0.0,2.0,2.0,2.0,3.0,2.0,2.0,2.0,2.0
7314,Springe,52.209097,9.555055,1300,1650,18.843,0.29,1,,,,,,,27.759,17.856,17.856,17.856,17.856,17.856,17.856,17.672,12.0,23.0,31.0,30.0,33.0,33.0,44.0,48.0,15.0,35.0,62.0,72.0,84.0,87.0,111.0,117.0,0.0,0.0,0.0,0.0,0.0,0.0,0.0,0.0,,,,,,,,,0.0,0.0,1.0,1.0,1.0,1.0,1.0,1.0,0.0,0.0,0.0,0.0,0.0,0.0,0.0,0.0,0.0,0.0,0.0,0.0,0.0,0.0,0.0,0.0,0.0,0.0,0.0,0.0,0.0,0.0,0.0,0.0,0.0,0.0,0.0,0.0,0.0,0.0,0.0,0.0,2.0,2.0,2.0,2.0,2.0,2.0,2.0,2.0
7321,Stade,53.603069,9.476003,1209,1650,1.87,0.016,1,2000.0,1000.0,2000.0,2000.0,2000.0,3000.0,0.0,0.0,0.0,0.0,0.0,0.0,0.0,0.0,5.0,8.0,10.0,12.0,23.0,29.0,41.0,41.0,12.0,18.0,22.0,27.0,45.0,46.0,77.0,87.0,1.0,1.0,1.0,1.0,1.0,1.0,1.0,1.0,regional,regional,regional,regional,regional,regional,regional,regional,1.0,1.0,1.0,1.0,1.0,1.0,1.0,1.0,1.0,1.0,1.0,1.0,1.0,1.0,1.0,1.0,0.0,0.0,0.0,0.0,0.0,0.0,0.0,0.0,0.0,1.0,1.0,1.0,1.0,1.0,1.0,1.0,1.0,1.0,1.0,1.0,1.0,1.0,1.0,1.0,3.0,3.0,3.0,3.0,3.0,3.0,3.0,3.0
7323,Stadtlohn,51.993016,6.917081,1200,1650,16.762,0.103,1,,,,,,,17.006,17.006,17.006,17.006,17.006,17.006,17.006,17.006,11.0,16.0,16.0,18.0,20.0,22.0,26.0,26.0,46.0,69.0,84.0,102.0,120.0,126.0,132.0,130.0,0.0,0.0,0.0,0.0,0.0,0.0,0.0,0.0,,,,,,,,,0.0,0.0,0.0,0.0,0.0,0.0,0.0,0.0,0.0,0.0,0.0,0.0,0.0,0.0,0.0,0.0,0.0,0.0,0.0,0.0,0.0,0.0,0.0,0.0,0.0,0.0,0.0,0.0,0.0,0.0,0.0,0.0,0.0,0.0,0.0,0.0,0.0,0.0,0.0,0.0,2.0,2.0,2.0,2.0,2.0,2.0,2.0,2.0
7324,Stadtoldendorf,51.884203,9.625755,1255,1650,12.637,3.171,1,,,,,,,17.836,17.836,17.836,17.836,17.836,17.836,14.007,14.007,8.0,20.0,27.0,30.0,33.0,34.0,42.0,44.0,20.0,44.0,70.0,79.0,94.0,96.0,124.0,133.0,0.0,0.0,0.0,0.0,0.0,0.0,0.0,0.0,,,,,,,,,1.0,1.0,1.0,1.0,1.0,1.0,1.0,1.0,0.0,0.0,0.0,0.0,0.0,0.0,0.0,0.0,0.0,0.0,0.0,0.0,0.0,0.0,0.0,0.0,0.0,0.0,0.0,0.0,0.0,0.0,0.0,0.0,0.0,0.0,0.0,0.0,0.0,0.0,0.0,0.0,2.0,2.0,2.0,2.0,2.0,2.0,2.0,2.0
7343,Stargard,53.336981,15.045666,1253,1650,32.639,0.669,1,2000.0,1000.0,4000.0,4000.0,5000.0,2000.0,138.283,138.283,50.672,50.672,50.672,50.672,29.035,29.035,0.0,0.0,0.0,0.0,0.0,0.0,1.0,1.0,0.0,0.0,1.0,1.0,2.0,4.0,6.0,6.0,0.0,0.0,0.0,0.0,0.0,0.0,0.0,0.0,,,,,,,,,0.0,0.0,0.0,0.0,0.0,0.0,0.0,0.0,0.0,0.0,0.0,0.0,0.0,0.0,0.0,0.0,0.0,0.0,0.0,0.0,0.0,0.0,0.0,0.0,0.0,0.0,0.0,0.0,0.0,0.0,0.0,0.0,0.0,0.0,0.0,0.0,0.0,0.0,0.0,0.0,2.0,2.0,2.0,2.0,2.0,2.0,2.0,2.0
7342,Burg Stargard,53.495378,13.31024,1259,1650,40.215,0.035,1,,,,,,,66.957,66.957,66.957,66.957,66.957,66.957,49.337,24.918,0.0,0.0,0.0,0.0,0.0,0.0,1.0,2.0,1.0,1.0,1.0,1.0,1.0,3.0,7.0,8.0,0.0,0.0,0.0,0.0,0.0,0.0,0.0,0.0,,,,,,,,,0.0,0.0,0.0,0.0,0.0,0.0,0.0,0.0,0.0,0.0,0.0,0.0,0.0,0.0,0.0,0.0,0.0,0.0,0.0,0.0,0.0,0.0,0.0,0.0,0.0,0.0,0.0,0.0,0.0,0.0,0.0,0.0,0.0,0.0,0.0,0.0,0.0,0.0,0.0,0.0,2.0,2.0,2.0,2.0,2.0,2.0,2.0,2.0
7206,Sluis,51.308755,3.386123,1290,1650,0.209,0.04,1,,,,,,,5.895,5.895,5.895,15.824,15.824,15.824,15.824,15.824,2.0,6.0,7.0,6.0,8.0,8.0,8.0,8.0,2.0,8.0,9.0,8.0,10.0,10.0,10.0,10.0,0.0,0.0,0.0,0.0,0.0,0.0,0.0,0.0,,,,,,,,,1.0,1.0,1.0,1.0,1.0,1.0,1.0,1.0,0.0,0.0,0.0,0.0,1.0,1.0,1.0,1.0,0.0,0.0,0.0,0.0,0.0,0.0,0.0,0.0,0.0,0.0,0.0,0.0,0.0,0.0,0.0,0.0,0.0,0.0,0.0,0.0,0.0,0.0,0.0,0.0,2.0,2.0,2.0,2.0,3.0,3.0,3.0,3.0
13719,Malchow (Mecklenburg),53.475554,12.43102,1235,1650,52.865,0.102,1,,,,,,,69.252,69.252,69.252,69.252,69.252,50.694,38.939,38.939,0.0,0.0,0.0,0.0,0.0,0.0,2.0,2.0,4.0,6.0,9.0,9.0,9.0,12.0,22.0,23.0,0.0,0.0,0.0,0.0,0.0,0.0,0.0,0.0,,,,,,,,,0.0,0.0,0.0,0.0,0.0,0.0,0.0,0.0,0.0,0.0,0.0,0.0,0.0,0.0,0.0,0.0,0.0,0.0,0.0,0.0,0.0,0.0,0.0,0.0,0.0,0.0,0.0,0.0,0.0,0.0,0.0,0.0,0.0,0.0,0.0,0.0,0.0,0.0,0.0,0.0,2.0,2.0,2.0,2.0,2.0,2.0,2.0,2.0
7352,Staßfurt,51.8517278,11.5843163,1265,1650,12.062,0.196,1,,,,,,,21.414,21.414,21.414,21.414,21.414,14.602,14.602,14.602,4.0,7.0,8.0,13.0,17.0,22.0,33.0,38.0,13.0,25.0,34.0,53.0,76.0,88.0,115.0,131.0,0.0,0.0,0.0,0.0,0.0,0.0,0.0,0.0,,,,,,,,,0.0,0.0,0.0,0.0,0.0,0.0,0.0,0.0,0.0,0.0,0.0,0.0,0.0,0.0,0.0,0.0,0.0,0.0,0.0,0.0,0.0,0.0,0.0,0.0,0.0,0.0,0.0,0.0,0.0,0.0,0.0,0.0,0.0,0.0,0.0,0.0,0.0,0.0,0.0,0.0,2.0,2.0,2.0,2.0,2.0,2.0,2.0,2.0
7356,Starum,52.88286,5.359373,1068,1650,0.159,0.183,1,,,,,,,61.764,61.764,51.956,41.814,41.814,41.814,41.814,41.814,0.0,0.0,0.0,2.0,3.0,3.0,3.0,3.0,13.0,24.0,39.0,51.0,59.0,66.0,66.0,62.0,0.0,0.0,0.0,0.0,0.0,0.0,0.0,0.0,,,,,,,,,0.0,1.0,1.0,1.0,1.0,1.0,1.0,1.0,0.0,0.0,0.0,0.0,0.0,0.0,0.0,0.0,0.0,0.0,0.0,0.0,0.0,0.0,0.0,0.0,0.0,0.0,0.0,0.0,0.0,0.0,0.0,0.0,1.0,1.0,1.0,1.0,1.0,1.0,1.0,1.0,2.0,2.0,2.0,2.0,2.0,2.0,2.0,2.0
7369,Steenwijk,52.78694,6.116357,1296,1650,0.932,0.137,1,,,,,,,30.585,30.585,0.0,0.0,0.0,0.0,0.0,0.0,4.0,6.0,20.0,23.0,26.0,28.0,29.0,26.0,22.0,41.0,56.0,71.0,82.0,93.0,93.0,90.0,0.0,0.0,1.0,1.0,1.0,1.0,1.0,1.0,,,regional,regional,regional,regional,regional,regional,0.0,0.0,0.0,0.0,0.0,0.0,0.0,0.0,0.0,0.0,0.0,0.0,0.0,0.0,0.0,0.0,0.0,0.0,0.0,0.0,0.0,0.0,0.0,0.0,0.0,0.0,0.0,0.0,0.0,0.0,0.0,0.0,0.0,0.0,0.0,0.0,0.0,0.0,0.0,0.0,2.0,2.0,3.0,3.0,3.0,3.0,3.0,3.0
7374,Steinau an der Straße,50.312679,9.460959,1290,1650,44.323,2.964,1,,,,,,,0.0,0.0,0.0,0.0,0.0,0.0,0.0,0.0,4.0,8.0,8.0,8.0,8.0,8.0,10.0,10.0,13.0,21.0,25.0,25.0,30.0,35.0,43.0,48.0,1.0,1.0,1.0,1.0,1.0,1.0,1.0,1.0,local,local,local,local,local,local,local,local,0.0,0.0,0.0,0.0,0.0,0.0,0.0,0.0,0.0,0.0,0.0,0.0,0.0,0.0,0.0,0.0,0.0,0.0,0.0,0.0,0.0,0.0,0.0,0.0,0.0,0.0,0.0,0.0,0.0,0.0,0.0,0.0,0.0,0.0,0.0,0.0,0.0,0.0,0.0,0.0,2.0,2.0,2.0,2.0,2.0,2.0,2.0,2.0
7405,Stendal,52.605896,11.860586,1160,1650,8.881,0.163,1,2000.0,6000.0,6000.0,5000.0,4000.0,4000.0,54.845,10.385,10.385,10.385,10.385,10.385,0.0,0.0,0.0,3.0,5.0,8.0,12.0,15.0,21.0,26.0,5.0,11.0,22.0,30.0,41.0,47.0,64.0,75.0,0.0,0.0,0.0,0.0,0.0,0.0,1.0,1.0,,,,,,,regional,regional,0.0,0.0,0.0,0.0,0.0,0.0,0.0,0.0,0.0,0.0,0.0,0.0,0.0,1.0,0.0,0.0,0.0,0.0,0.0,0.0,0.0,0.0,0.0,0.0,0.0,0.0,0.0,0.0,0.0,0.0,0.0,0.0,0.0,0.0,0.0,0.0,0.0,0.0,0.0,0.0,2.0,2.0,2.0,2.0,2.0,3.0,3.0,3.0
7411,Sternberg,53.711659,11.829353,1238,1650,24.809,0.149,1,,,,,,,28.814,28.814,28.814,28.814,28.814,28.814,0.0,0.0,2.0,2.0,4.0,4.0,4.0,6.0,11.0,11.0,3.0,5.0,11.0,11.0,14.0,16.0,31.0,32.0,0.0,0.0,0.0,0.0,0.0,0.0,1.0,1.0,,,,,,,regional,regional,0.0,1.0,1.0,1.0,1.0,1.0,1.0,1.0,0.0,0.0,0.0,0.0,0.0,0.0,0.0,0.0,0.0,0.0,0.0,0.0,0.0,0.0,0.0,0.0,0.0,0.0,0.0,0.0,0.0,0.0,0.0,0.0,0.0,0.0,0.0,0.0,0.0,0.0,0.0,0.0,2.0,2.0,2.0,2.0,2.0,2.0,3.0,3.0
7413,Szczecin,53.424101,14.559637,1243,1650,10.144,0.11,1,6000.0,4000.0,9000.0,10000.0,12000.0,11000.0,107.636,107.636,51.176,51.176,51.176,51.176,23.605,23.605,0.0,0.0,0.0,0.0,0.0,0.0,1.0,1.0,0.0,0.0,1.0,1.0,2.0,4.0,5.0,6.0,0.0,0.0,0.0,0.0,0.0,0.0,0.0,0.0,,,,,,,,,0.0,1.0,1.0,1.0,1.0,1.0,1.0,1.0,1.0,1.0,1.0,1.0,1.0,1.0,1.0,1.0,0.0,0.0,0.0,0.0,0.0,0.0,0.0,0.0,0.0,0.0,0.0,0.0,0.0,0.0,0.0,0.0,0.0,0.0,0.0,0.0,0.0,0.0,0.0,0.0,3.0,3.0,3.0,3.0,3.0,3.0,3.0,3.0
7442,Słupsk,54.466698,17.031335,1265,1650,105.589,3.002,1,2000.0,1000.0,4000.0,3000.0,3000.0,2000.0,231.309,231.309,230.921,230.921,230.921,230.921,99.755,99.755,0.0,0.0,0.0,0.0,0.0,0.0,0.0,0.0,0.0,0.0,0.0,0.0,0.0,0.0,1.0,1.0,0.0,0.0,0.0,0.0,0.0,0.0,0.0,0.0,,,,,,,,,0.0,0.0,0.0,0.0,0.0,0.0,0.0,0.0,0.0,0.0,0.0,0.0,0.0,0.0,0.0,0.0,0.0,0.0,0.0,0.0,0.0,0.0,0.0,0.0,0.0,0.0,0.0,0.0,0.0,0.0,0.0,0.0,0.0,0.0,0.0,0.0,0.0,0.0,0.0,0.0,1.0,1.0,1.0,1.0,1.0,1.0,1.0,1.0
7463,Strasburg,53.506544,13.745003,1250,1650,14.055,0.207,1,,,,,,,69.776,69.776,69.776,69.776,69.776,69.776,64.676,22.185,0.0,0.0,0.0,0.0,0.0,0.0,0.0,1.0,1.0,1.0,2.0,2.0,3.0,6.0,9.0,10.0,0.0,0.0,0.0,0.0,0.0,0.0,0.0,0.0,,,,,,,,,0.0,0.0,0.0,0.0,0.0,0.0,0.0,0.0,0.0,0.0,0.0,0.0,0.0,0.0,0.0,0.0,0.0,0.0,0.0,0.0,0.0,0.0,0.0,0.0,0.0,0.0,0.0,0.0,0.0,0.0,0.0,0.0,0.0,0.0,0.0,0.0,0.0,0.0,0.0,0.0,2.0,2.0,2.0,2.0,2.0,2.0,2.0,2.0
7476,Strausberg,52.580512,13.881565,1232,1650,15.826,0.064,1,,,,,,,160.265,129.225,32.814,32.814,32.814,32.814,32.814,32.814,0.0,0.0,3.0,3.0,3.0,3.0,3.0,3.0,0.0,0.0,4.0,4.0,8.0,11.0,15.0,15.0,0.0,0.0,0.0,0.0,0.0,0.0,0.0,0.0,,,,,,,,,0.0,0.0,0.0,0.0,0.0,0.0,0.0,0.0,0.0,0.0,0.0,0.0,0.0,0.0,0.0,0.0,0.0,0.0,0.0,0.0,0.0,0.0,0.0,0.0,0.0,0.0,0.0,0.0,0.0,0.0,0.0,0.0,0.0,0.0,0.0,0.0,0.0,0.0,0.0,0.0,2.0,2.0,2.0,2.0,2.0,2.0,2.0,2.0
7480,Strehla,51.352327,13.226468,1210,1650,4.451,0.184,1,,,,,,,59.19,59.19,36.835,18.196,27.038,16.132,16.132,16.132,0.0,0.0,2.0,3.0,3.0,6.0,6.0,8.0,4.0,5.0,9.0,14.0,18.0,22.0,29.0,36.0,0.0,0.0,0.0,0.0,0.0,0.0,0.0,0.0,,,,,,,,,0.0,0.0,0.0,0.0,0.0,1.0,1.0,1.0,0.0,0.0,0.0,0.0,0.0,0.0,0.0,0.0,0.0,0.0,0.0,0.0,0.0,0.0,0.0,0.0,0.0,0.0,0.0,0.0,0.0,0.0,0.0,0.0,0.0,0.0,0.0,0.0,0.0,0.0,0.0,0.0,2.0,2.0,2.0,2.0,2.0,2.0,2.0,2.0
7555,Susteren,51.063098,5.849666,1276,1650,5.324,0.309,1,,,,,,,17.528,3.013,3.013,3.013,3.013,3.013,3.013,3.013,6.0,11.0,14.0,16.0,17.0,18.0,18.0,18.0,24.0,34.0,40.0,55.0,64.0,65.0,66.0,66.0,0.0,0.0,0.0,0.0,0.0,0.0,0.0,0.0,,,,,,,,,0.0,0.0,0.0,0.0,0.0,0.0,0.0,0.0,0.0,0.0,0.0,0.0,0.0,0.0,0.0,0.0,0.0,0.0,0.0,0.0,0.0,0.0,0.0,0.0,0.0,0.0,0.0,0.0,0.0,0.0,0.0,0.0,0.0,0.0,0.0,0.0,0.0,0.0,0.0,0.0,2.0,2.0,2.0,2.0,2.0,2.0,2.0,2.0
7601,Tangermünde,52.540904,11.970946,1200,1650,3.253,0.132,1,,,,,,,50.796,0.0,0.0,0.0,0.0,0.0,0.0,0.0,0.0,3.0,5.0,5.0,12.0,15.0,23.0,28.0,5.0,11.0,22.0,25.0,37.0,45.0,63.0,74.0,0.0,1.0,1.0,1.0,1.0,1.0,1.0,1.0,,local,local,local,local,local,local,local,1.0,1.0,1.0,1.0,1.0,1.0,1.0,1.0,0.0,0.0,0.0,0.0,0.0,1.0,0.0,0.0,0.0,0.0,0.0,0.0,0.0,0.0,0.0,0.0,0.0,0.0,0.0,0.0,0.0,0.0,0.0,0.0,0.0,0.0,0.0,0.0,0.0,0.0,0.0,0.0,2.0,2.0,2.0,2.0,2.0,3.0,2.0,2.0
7626,Taucha,51.380737,12.500181,1170,1650,14.566,2.178,1,,,,,,,9.838,9.838,9.838,9.838,9.838,9.838,9.838,9.838,4.0,5.0,9.0,13.0,17.0,20.0,21.0,24.0,5.0,7.0,13.0,30.0,44.0,56.0,69.0,76.0,0.0,0.0,0.0,0.0,0.0,0.0,0.0,0.0,,,,,,,,,0.0,0.0,0.0,0.0,1.0,1.0,1.0,1.0,0.0,0.0,0.0,0.0,0.0,0.0,0.0,0.0,0.0,0.0,0.0,0.0,0.0,0.0,0.0,0.0,0.0,0.0,0.0,0.0,0.0,0.0,0.0,0.0,0.0,0.0,0.0,0.0,0.0,0.0,0.0,0.0,2.0,2.0,2.0,2.0,2.0,2.0,2.0,2.0
7638,Telgte,51.984275,7.785749,1238,1650,28.75,0.773,1,,,,,,,11.038,11.038,11.038,11.038,0.0,0.0,0.0,0.0,8.0,12.0,13.0,15.0,17.0,17.0,21.0,22.0,33.0,49.0,53.0,59.0,70.0,75.0,85.0,85.0,0.0,0.0,0.0,0.0,1.0,1.0,1.0,1.0,,,,,local,local,local,local,0.0,0.0,0.0,0.0,0.0,0.0,0.0,0.0,0.0,0.0,0.0,0.0,0.0,0.0,0.0,0.0,0.0,0.0,0.0,0.0,0.0,0.0,0.0,0.0,0.0,0.0,0.0,0.0,0.0,0.0,0.0,0.0,0.0,0.0,0.0,0.0,0.0,0.0,0.0,0.0,2.0,2.0,2.0,2.0,2.0,2.0,2.0,2.0
7640,Teltow,52.402572,13.263911,1265,1650,11.207,1.688,1,,,,,,,114.606,88.918,16.126,16.126,16.126,16.126,16.126,16.126,0.0,0.0,3.0,3.0,6.0,7.0,10.0,10.0,0.0,1.0,6.0,6.0,12.0,18.0,28.0,36.0,0.0,0.0,0.0,0.0,0.0,0.0,0.0,0.0,,,,,,,,,0.0,0.0,0.0,0.0,0.0,0.0,0.0,0.0,0.0,0.0,0.0,0.0,0.0,0.0,0.0,0.0,0.0,0.0,0.0,0.0,0.0,0.0,0.0,0.0,0.0,0.0,0.0,0.0,0.0,0.0,0.0,0.0,0.0,0.0,0.0,0.0,0.0,0.0,0.0,0.0,2.0,2.0,2.0,2.0,2.0,2.0,2.0,2.0
7645,Templin,53.119848,13.500445,1250,1650,28.959,0.232,1,,,,,,,108.838,105.606,67.171,67.171,67.171,67.171,51.238,51.238,0.0,0.0,0.0,0.0,0.0,0.0,0.0,0.0,0.0,0.0,4.0,4.0,5.0,7.0,9.0,10.0,0.0,0.0,0.0,0.0,0.0,0.0,0.0,0.0,,,,,,,,,0.0,0.0,0.0,0.0,0.0,0.0,0.0,0.0,0.0,0.0,0.0,0.0,0.0,0.0,0.0,0.0,0.0,0.0,0.0,0.0,0.0,0.0,0.0,0.0,0.0,0.0,0.0,0.0,0.0,0.0,0.0,0.0,0.0,0.0,0.0,0.0,0.0,0.0,0.0,0.0,2.0,2.0,2.0,2.0,2.0,2.0,2.0,2.0
7739,Tolkmicko,54.320249,19.527147,1296,1650,18.404,0.092,1,,,,,,,385.265,385.265,357.521,357.521,357.521,357.521,257.153,257.153,0.0,0.0,0.0,0.0,0.0,0.0,0.0,0.0,0.0,0.0,0.0,0.0,0.0,0.0,0.0,0.0,0.0,0.0,0.0,0.0,0.0,0.0,0.0,0.0,,,,,,,,,0.0,0.0,0.0,0.0,0.0,0.0,0.0,0.0,0.0,0.0,0.0,0.0,0.0,0.0,0.0,0.0,0.0,0.0,0.0,0.0,0.0,0.0,0.0,0.0,0.0,0.0,0.0,0.0,0.0,0.0,0.0,0.0,0.0,0.0,0.0,0.0,0.0,0.0,0.0,0.0,2.0,2.0,2.0,2.0,2.0,2.0,2.0,2.0
7750,Tønder,54.935943,8.87053,1100,1650,57.893,0.257,1,,,,,,,44.152,44.152,44.152,44.152,44.152,44.152,44.152,44.152,1.0,2.0,2.0,2.0,3.0,3.0,3.0,3.0,1.0,5.0,8.0,9.0,13.0,10.0,19.0,20.0,0.0,0.0,0.0,0.0,0.0,0.0,0.0,0.0,,,,,,,,,0.0,0.0,0.0,0.0,0.0,0.0,0.0,0.0,0.0,0.0,0.0,0.0,0.0,0.0,0.0,0.0,0.0,1.0,1.0,1.0,1.0,1.0,1.0,1.0,0.0,0.0,0.0,0.0,0.0,0.0,0.0,0.0,1.0,1.0,1.0,1.0,1.0,1.0,1.0,1.0,2.0,2.0,2.0,2.0,2.0,2.0,2.0,2.0
7760,Torgau,51.558158,13.00404,1255,1650,6.156,0.212,1,1000.0,2000.0,3000.0,4000.0,6000.0,5000.0,49.922,49.922,40.482,40.482,40.482,0.0,0.0,0.0,2.0,2.0,6.0,7.0,8.0,11.0,12.0,14.0,4.0,6.0,11.0,18.0,26.0,32.0,42.0,49.0,0.0,0.0,0.0,0.0,0.0,1.0,1.0,1.0,,,,,,local,local,local,0.0,0.0,1.0,1.0,1.0,1.0,1.0,1.0,0.0,0.0,0.0,0.0,0.0,0.0,0.0,0.0,0.0,0.0,0.0,0.0,0.0,0.0,0.0,0.0,0.0,0.0,0.0,0.0,0.0,0.0,0.0,0.0,0.0,0.0,0.0,0.0,0.0,0.0,0.0,0.0,2.0,2.0,2.0,2.0,2.0,2.0,2.0,2.0
9174,,51.94591,7.169089,1197,1650,24.989,0.05,1,,,,,,,24.078,14.906,14.906,14.906,14.906,14.906,14.906,14.906,8.0,12.0,13.0,16.0,19.0,21.0,25.0,26.0,45.0,69.0,78.0,93.0,109.0,115.0,123.0,121.0,0.0,0.0,0.0,0.0,0.0,0.0,0.0,0.0,,,,,,,,,0.0,0.0,0.0,0.0,0.0,0.0,0.0,0.0,0.0,0.0,0.0,0.0,0.0,0.0,0.0,0.0,0.0,0.0,0.0,0.0,0.0,0.0,0.0,0.0,0.0,0.0,0.0,0.0,0.0,0.0,0.0,0.0,0.0,0.0,0.0,0.0,0.0,0.0,0.0,0.0,2.0,2.0,2.0,2.0,2.0,2.0,2.0,2.0
10923,Helmarshausen,51.629634,9.457832,1241,1650,2.356,0.189,1,,,,,,,16.898,16.898,16.898,6.8,6.8,6.8,6.8,6.8,6.0,17.0,29.0,32.0,36.0,37.0,43.0,43.0,20.0,44.0,64.0,72.0,87.0,91.0,112.0,124.0,0.0,0.0,0.0,0.0,0.0,0.0,0.0,0.0,,,,,,,,,0.0,0.0,0.0,0.0,0.0,0.0,0.0,0.0,0.0,0.0,0.0,0.0,0.0,0.0,0.0,0.0,0.0,0.0,0.0,0.0,0.0,0.0,0.0,0.0,0.0,0.0,0.0,0.0,0.0,0.0,0.0,0.0,0.0,0.0,0.0,0.0,0.0,0.0,0.0,0.0,2.0,2.0,2.0,2.0,2.0,2.0,2.0,2.0
13039,,51.534265,7.689913,1243,1650,12.875,0.029,1,,,,,,,15.601,15.601,14.746,14.746,14.746,14.746,14.746,14.746,13.0,17.0,18.0,20.0,20.0,21.0,26.0,26.0,24.0,35.0,39.0,48.0,58.0,62.0,73.0,74.0,0.0,0.0,0.0,0.0,0.0,0.0,0.0,0.0,,,,,,,,,0.0,0.0,0.0,0.0,0.0,0.0,0.0,0.0,0.0,0.0,0.0,0.0,0.0,0.0,0.0,0.0,0.0,0.0,0.0,0.0,0.0,0.0,0.0,0.0,0.0,0.0,0.0,0.0,0.0,0.0,0.0,0.0,0.0,0.0,0.0,0.0,0.0,0.0,0.0,0.0,2.0,2.0,2.0,2.0,2.0,2.0,2.0,2.0
7806,Trzebiatów,54.062885,15.265714,1245,1650,86.498,0.39,1,,,,,,,123.0,123.0,123.0,123.0,123.0,123.0,23.817,23.817,0.0,0.0,0.0,0.0,0.0,0.0,1.0,1.0,0.0,0.0,0.0,0.0,0.0,0.0,2.0,2.0,0.0,0.0,0.0,0.0,0.0,0.0,0.0,0.0,,,,,,,,,0.0,0.0,0.0,0.0,0.0,0.0,0.0,0.0,0.0,1.0,1.0,1.0,1.0,1.0,1.0,1.0,0.0,0.0,0.0,0.0,0.0,0.0,0.0,0.0,0.0,0.0,0.0,0.0,0.0,0.0,0.0,0.0,0.0,0.0,0.0,0.0,0.0,0.0,0.0,0.0,2.0,3.0,3.0,3.0,3.0,3.0,3.0,3.0
7807,Treuenbrietzen,52.097044,12.870853,1290,1650,33.592,0.814,1,,,,,,,84.205,78.594,59.367,59.367,41.325,0.0,0.0,0.0,0.0,0.0,0.0,0.0,3.0,4.0,7.0,7.0,4.0,5.0,15.0,17.0,26.0,35.0,49.0,59.0,0.0,0.0,0.0,0.0,0.0,1.0,1.0,1.0,,,,,,local,local,local,0.0,0.0,0.0,0.0,0.0,1.0,0.0,0.0,0.0,0.0,0.0,0.0,0.0,0.0,0.0,0.0,0.0,0.0,0.0,0.0,0.0,0.0,0.0,0.0,0.0,0.0,0.0,0.0,0.0,0.0,0.0,0.0,0.0,0.0,0.0,0.0,0.0,0.0,0.0,0.0,2.0,2.0,2.0,2.0,2.0,2.0,2.0,2.0
7805,Altentreptow,53.692898,13.2501,1245,1650,26.784,1.063,1,,,,,,,45.645,45.645,45.645,45.645,45.645,45.645,27.802,19.891,1.0,1.0,1.0,1.0,1.0,2.0,3.0,4.0,1.0,1.0,2.0,2.0,2.0,4.0,10.0,11.0,0.0,0.0,0.0,0.0,0.0,0.0,0.0,0.0,,,,,,,,,0.0,0.0,0.0,0.0,0.0,0.0,0.0,0.0,0.0,0.0,0.0,0.0,0.0,0.0,0.0,0.0,0.0,0.0,0.0,0.0,0.0,0.0,0.0,0.0,0.0,0.0,0.0,0.0,0.0,0.0,0.0,0.0,0.0,0.0,0.0,0.0,0.0,0.0,0.0,0.0,2.0,2.0,2.0,2.0,2.0,2.0,2.0,2.0
7885,Ueckermünde,53.736958,14.045532,1260,1650,1.307,0.14,1,,,,,,,59.065,59.065,59.065,59.065,59.065,59.065,55.069,33.529,0.0,0.0,0.0,0.0,0.0,0.0,0.0,1.0,1.0,1.0,2.0,2.0,3.0,6.0,9.0,10.0,0.0,0.0,0.0,0.0,0.0,0.0,0.0,0.0,,,,,,,,,0.0,0.0,0.0,0.0,0.0,0.0,0.0,0.0,0.0,0.0,0.0,0.0,0.0,0.0,0.0,0.0,0.0,0.0,0.0,0.0,0.0,0.0,0.0,0.0,0.0,0.0,0.0,0.0,0.0,0.0,0.0,0.0,0.0,0.0,0.0,0.0,0.0,0.0,0.0,0.0,2.0,2.0,2.0,2.0,2.0,2.0,2.0,2.0
7894,Uelzen,52.964999,10.56054,1270,1650,6.413,0.159,1,,,,,,,33.263,33.263,33.263,0.0,0.0,0.0,0.0,0.0,3.0,3.0,11.0,13.0,14.0,14.0,19.0,19.0,14.0,17.0,34.0,44.0,55.0,59.0,76.0,77.0,0.0,0.0,0.0,1.0,1.0,1.0,1.0,1.0,,,,local,local,local,local,local,1.0,1.0,1.0,1.0,1.0,1.0,1.0,1.0,0.0,0.0,0.0,0.0,0.0,0.0,0.0,0.0,0.0,0.0,0.0,0.0,0.0,0.0,0.0,0.0,0.0,0.0,0.0,0.0,0.0,0.0,0.0,0.0,0.0,0.0,0.0,0.0,0.0,0.0,0.0,0.0,2.0,2.0,2.0,2.0,2.0,2.0,2.0,2.0
7919,Unna,51.534756,7.690157,1243,1650,12.823,0.029,1,2000.0,1000.0,3000.0,4000.0,5000.0,2000.0,15.626,15.626,14.698,14.698,14.698,14.698,14.698,14.698,13.0,17.0,18.0,20.0,20.0,21.0,26.0,26.0,24.0,35.0,39.0,48.0,58.0,62.0,73.0,74.0,0.0,0.0,0.0,0.0,0.0,0.0,0.0,0.0,,,,,,,,,0.0,0.0,0.0,0.0,1.0,1.0,1.0,1.0,0.0,0.0,0.0,0.0,0.0,0.0,0.0,0.0,0.0,0.0,0.0,0.0,0.0,0.0,0.0,0.0,0.0,0.0,0.0,0.0,0.0,0.0,0.0,0.0,0.0,0.0,0.0,0.0,0.0,0.0,0.0,0.0,2.0,2.0,2.0,2.0,2.0,2.0,2.0,2.0
7944,Utrecht,52.091844,5.118906,1114,1650,0.315,0.11,1,6000.0,13000.0,25000.0,27000.0,30000.0,30000.0,0.0,0.0,0.0,0.0,0.0,0.0,0.0,0.0,11.0,18.0,21.0,27.0,30.0,33.0,33.0,32.0,25.0,43.0,54.0,68.0,82.0,86.0,87.0,83.0,1.0,1.0,1.0,1.0,1.0,1.0,1.0,1.0,regional,regional,regional,regional,regional,regional,regional,regional,1.0,1.0,1.0,1.0,1.0,1.0,1.0,1.0,0.0,0.0,0.0,0.0,0.0,1.0,1.0,1.0,0.0,0.0,0.0,0.0,0.0,0.0,0.0,0.0,0.0,0.0,0.0,0.0,0.0,0.0,0.0,0.0,0.0,1.0,1.0,1.0,1.0,1.0,1.0,1.0,3.0,3.0,3.0,3.0,3.0,3.0,3.0,3.0
12895,,51.535895,7.690962,1243,1650,12.703,0.069,1,,,,,,,15.699,15.699,14.59,14.59,14.59,14.59,14.59,14.59,13.0,17.0,18.0,20.0,20.0,21.0,26.0,26.0,24.0,35.0,39.0,48.0,58.0,62.0,73.0,74.0,0.0,0.0,0.0,0.0,0.0,0.0,0.0,0.0,,,,,,,,,0.0,0.0,0.0,0.0,0.0,0.0,0.0,0.0,0.0,0.0,0.0,0.0,0.0,0.0,0.0,0.0,0.0,0.0,0.0,0.0,0.0,0.0,0.0,0.0,0.0,0.0,0.0,0.0,0.0,0.0,0.0,0.0,0.0,0.0,0.0,0.0,0.0,0.0,0.0,0.0,2.0,2.0,2.0,2.0,2.0,2.0,2.0,2.0
7973,Vechta,52.728249,8.285466,1269,1650,51.525,1.052,1,,,,,,,0.0,0.0,0.0,0.0,0.0,0.0,0.0,0.0,6.0,8.0,10.0,10.0,12.0,14.0,14.0,16.0,24.0,38.0,42.0,47.0,61.0,65.0,81.0,93.0,1.0,1.0,1.0,1.0,1.0,1.0,1.0,1.0,regional,regional,regional,regional,regional,regional,regional,regional,0.0,0.0,0.0,0.0,0.0,0.0,0.0,0.0,0.0,0.0,0.0,0.0,0.0,0.0,0.0,0.0,0.0,0.0,0.0,0.0,0.0,0.0,0.0,0.0,0.0,0.0,0.0,0.0,0.0,0.0,0.0,0.0,0.0,0.0,0.0,0.0,0.0,0.0,0.0,0.0,3.0,3.0,3.0,3.0,3.0,3.0,3.0,3.0
14242,,51.631651,13.708309,1282,1650,41.794,0.083,1,,,,,,,97.887,97.887,80.791,55.693,54.653,43.616,43.616,25.524,0.0,0.0,0.0,0.0,0.0,3.0,3.0,5.0,2.0,2.0,6.0,7.0,9.0,13.0,16.0,18.0,0.0,0.0,0.0,0.0,0.0,0.0,0.0,0.0,,,,,,,,,0.0,0.0,0.0,0.0,0.0,0.0,0.0,0.0,0.0,0.0,0.0,0.0,0.0,0.0,0.0,0.0,0.0,0.0,0.0,0.0,0.0,0.0,0.0,0.0,0.0,0.0,0.0,0.0,0.0,0.0,0.0,0.0,0.0,0.0,0.0,0.0,0.0,0.0,0.0,0.0,2.0,2.0,2.0,2.0,2.0,2.0,2.0,2.0
11881,Mühlberg (Elbe),51.434948,13.218394,1230,1650,4.064,0.067,1,,,,,,,59.506,59.506,40.458,27.192,34.942,8.395,8.395,8.395,0.0,0.0,2.0,3.0,3.0,6.0,6.0,8.0,4.0,5.0,9.0,14.0,21.0,25.0,32.0,39.0,0.0,0.0,0.0,0.0,0.0,0.0,0.0,0.0,,,,,,,,,0.0,0.0,0.0,0.0,0.0,0.0,0.0,0.0,0.0,0.0,0.0,0.0,0.0,0.0,0.0,0.0,0.0,0.0,0.0,0.0,0.0,0.0,0.0,0.0,0.0,0.0,0.0,0.0,0.0,0.0,0.0,0.0,0.0,0.0,0.0,0.0,0.0,0.0,0.0,0.0,2.0,2.0,2.0,2.0,2.0,2.0,2.0,2.0
8005,Verden,52.919986,9.22902,1259,1650,2.193,0.097,1,2000.0,1000.0,2000.0,3000.0,4000.0,4000.0,0.0,0.0,0.0,0.0,0.0,0.0,0.0,0.0,3.0,3.0,3.0,4.0,6.0,6.0,9.0,15.0,23.0,31.0,44.0,48.0,57.0,62.0,82.0,94.0,1.0,1.0,1.0,1.0,1.0,1.0,1.0,1.0,regional,regional,regional,regional,regional,regional,regional,regional,1.0,1.0,1.0,1.0,1.0,1.0,1.0,1.0,0.0,0.0,0.0,0.0,0.0,0.0,0.0,0.0,0.0,0.0,0.0,0.0,0.0,0.0,0.0,0.0,0.0,0.0,0.0,0.0,0.0,0.0,0.0,0.0,0.0,0.0,0.0,0.0,0.0,0.0,0.0,0.0,3.0,3.0,3.0,3.0,3.0,3.0,3.0,3.0
8010,Viborg,56.450688,9.411301,1060,1650,58.913,0.073,1,,,,,,,49.928,0.0,0.0,0.0,0.0,0.0,0.0,0.0,1.0,4.0,5.0,8.0,10.0,10.0,12.0,15.0,2.0,9.0,11.0,15.0,18.0,18.0,20.0,24.0,0.0,1.0,1.0,1.0,1.0,1.0,1.0,1.0,,regional,regional,interregional,interregional,interregional,interregional,interregional,1.0,1.0,1.0,1.0,1.0,1.0,1.0,1.0,0.0,0.0,0.0,0.0,0.0,0.0,0.0,0.0,0.0,0.0,0.0,0.0,0.0,0.0,0.0,0.0,0.0,0.0,0.0,0.0,0.0,0.0,0.0,0.0,0.0,0.0,0.0,0.0,0.0,0.0,0.0,0.0,2.0,3.0,3.0,3.0,3.0,3.0,3.0,3.0
8027,Vilvoorde,50.928745,4.423066,1192,1650,2.504,0.088,1,,,,,,,78.046,32.565,32.565,32.565,32.565,32.565,32.565,32.565,0.0,3.0,3.0,3.0,3.0,3.0,3.0,3.0,8.0,16.0,17.0,16.0,18.0,18.0,18.0,18.0,0.0,0.0,0.0,0.0,0.0,0.0,0.0,0.0,,,,,,,,,0.0,0.0,0.0,0.0,0.0,0.0,0.0,0.0,0.0,0.0,0.0,0.0,0.0,0.0,0.0,0.0,0.0,0.0,0.0,0.0,0.0,0.0,0.0,0.0,0.0,0.0,0.0,0.0,0.0,0.0,0.0,0.0,0.0,0.0,0.0,0.0,0.0,0.0,0.0,0.0,2.0,2.0,2.0,2.0,2.0,2.0,2.0,2.0
8091,Vreeland,52.229807,5.033258,1265,1560,1.473,0.012,1,,,,,,,16.416,16.416,16.416,16.416,16.416,16.416,,,7.0,12.0,15.0,21.0,24.0,27.0,,,25.0,42.0,56.0,70.0,84.0,88.0,,,0.0,0.0,0.0,0.0,0.0,0.0,,,,,,,,,,,0.0,0.0,0.0,0.0,0.0,0.0,,,0.0,0.0,0.0,0.0,0.0,0.0,,,0.0,0.0,0.0,0.0,0.0,0.0,,,0.0,0.0,0.0,0.0,0.0,0.0,,,0.0,0.0,0.0,0.0,0.0,0.0,,,2.0,2.0,2.0,2.0,2.0,2.0,,
8041,Vlaardingen,51.908238,4.342666,1273,1650,2.521,0.058,1,2000.0,1000.0,2000.0,2000.0,2000.0,3000.0,42.322,18.721,18.721,18.721,18.721,18.721,18.721,18.721,3.0,9.0,11.0,11.0,11.0,12.0,12.0,12.0,12.0,27.0,31.0,38.0,45.0,48.0,48.0,47.0,0.0,0.0,0.0,0.0,0.0,0.0,0.0,0.0,,,,,,,,,0.0,0.0,0.0,0.0,0.0,0.0,0.0,0.0,0.0,0.0,0.0,0.0,0.0,0.0,0.0,0.0,0.0,0.0,0.0,0.0,0.0,0.0,0.0,0.0,0.0,1.0,1.0,1.0,1.0,1.0,1.0,1.0,0.0,0.0,0.0,0.0,0.0,0.0,0.0,0.0,2.0,2.0,2.0,2.0,2.0,2.0,2.0,2.0
8045,Vlotho,52.169409,8.863052,1250,1368,4.438,0.102,1,,,,,,,13.692,13.692,,,,,,,4.0,12.0,,,,,,,28.0,47.0,,,,,,,0.0,0.0,,,,,,,,,,,,,,,1.0,1.0,,,,,,,0.0,0.0,,,,,,,0.0,0.0,,,,,,,0.0,0.0,,,,,,,0.0,0.0,,,,,,,2.0,2.0,,,,,,
8090,Vreden,52.035825,6.823436,1252,1650,8.779,0.191,1,,,,,,,21.438,21.438,21.438,21.438,21.438,21.123,21.123,21.123,8.0,15.0,15.0,19.0,25.0,28.0,29.0,29.0,45.0,68.0,86.0,106.0,124.0,130.0,135.0,133.0,0.0,0.0,0.0,0.0,0.0,0.0,0.0,0.0,,,,,,,,,0.0,0.0,0.0,0.0,0.0,0.0,0.0,0.0,0.0,0.0,0.0,0.0,0.0,0.0,0.0,0.0,0.0,0.0,0.0,0.0,0.0,0.0,0.0,0.0,0.0,0.0,0.0,0.0,0.0,0.0,0.0,0.0,0.0,0.0,0.0,0.0,0.0,0.0,0.0,0.0,2.0,2.0,2.0,2.0,2.0,2.0,2.0,2.0
8114,Wageningen,51.96522,5.662179,1263,1650,0.895,0.21,1,,,,,,,0.0,0.0,0.0,0.0,0.0,0.0,0.0,0.0,18.0,24.0,26.0,38.0,49.0,52.0,52.0,51.0,32.0,55.0,78.0,96.0,110.0,116.0,118.0,114.0,1.0,1.0,1.0,1.0,1.0,1.0,1.0,1.0,local,local,local,local,local,local,local,local,0.0,0.0,0.0,1.0,1.0,1.0,1.0,1.0,0.0,0.0,0.0,0.0,0.0,0.0,0.0,0.0,0.0,0.0,0.0,0.0,0.0,0.0,0.0,0.0,0.0,0.0,0.0,0.0,0.0,0.0,0.0,0.0,0.0,0.0,0.0,0.0,0.0,0.0,0.0,0.0,2.0,2.0,2.0,2.0,2.0,2.0,2.0,2.0
8185,Warburg,51.488996,9.147778,1195,1650,25.143,0.208,1,2000.0,1000.0,2000.0,3000.0,5000.0,4000.0,35.551,31.401,0.0,0.0,0.0,0.0,0.0,0.0,4.0,7.0,12.0,14.0,15.0,16.0,21.0,21.0,18.0,42.0,56.0,61.0,75.0,79.0,94.0,107.0,0.0,0.0,1.0,1.0,1.0,1.0,1.0,1.0,,,local,local,local,local,local,local,0.0,0.0,0.0,0.0,0.0,0.0,0.0,0.0,0.0,0.0,0.0,0.0,0.0,0.0,0.0,0.0,0.0,0.0,0.0,0.0,0.0,0.0,0.0,0.0,0.0,0.0,0.0,0.0,0.0,0.0,0.0,0.0,0.0,0.0,0.0,0.0,0.0,0.0,0.0,0.0,2.0,2.0,2.0,2.0,2.0,2.0,2.0,2.0
12902,,51.547706,7.905187,1246,1650,19.841,0.412,1,,,,,,,14.181,14.181,14.181,14.181,14.181,14.181,14.181,14.181,8.0,8.0,9.0,11.0,12.0,13.0,18.0,19.0,24.0,33.0,42.0,48.0,58.0,60.0,71.0,72.0,0.0,0.0,0.0,0.0,0.0,0.0,0.0,0.0,,,,,,,,,0.0,0.0,0.0,0.0,0.0,0.0,0.0,0.0,0.0,0.0,0.0,0.0,0.0,0.0,0.0,0.0,0.0,0.0,0.0,0.0,0.0,0.0,0.0,0.0,0.0,0.0,0.0,0.0,0.0,0.0,0.0,0.0,0.0,0.0,0.0,0.0,0.0,0.0,0.0,0.0,2.0,2.0,2.0,2.0,2.0,2.0,2.0,2.0
12903,,51.547859,7.923839,1246,1650,20.904,0.234,1,,,,,,,12.915,12.915,12.915,12.915,12.915,12.915,12.915,12.915,4.0,4.0,5.0,7.0,8.0,9.0,11.0,12.0,24.0,33.0,42.0,48.0,58.0,60.0,71.0,72.0,0.0,0.0,0.0,0.0,0.0,0.0,0.0,0.0,,,,,,,,,0.0,0.0,0.0,0.0,0.0,0.0,0.0,0.0,0.0,0.0,0.0,0.0,0.0,0.0,0.0,0.0,0.0,0.0,0.0,0.0,0.0,0.0,0.0,0.0,0.0,0.0,0.0,0.0,0.0,0.0,0.0,0.0,0.0,0.0,0.0,0.0,0.0,0.0,0.0,0.0,2.0,2.0,2.0,2.0,2.0,2.0,2.0,2.0
12904,,51.547385,7.917104,1246,1650,20.543,0.144,1,,,,,,,13.381,13.381,13.381,13.381,13.381,13.381,13.381,13.381,4.0,4.0,5.0,7.0,8.0,9.0,11.0,12.0,24.0,33.0,42.0,48.0,58.0,60.0,71.0,72.0,0.0,0.0,0.0,0.0,0.0,0.0,0.0,0.0,,,,,,,,,0.0,0.0,0.0,0.0,0.0,0.0,0.0,0.0,0.0,0.0,0.0,0.0,0.0,0.0,0.0,0.0,0.0,0.0,0.0,0.0,0.0,0.0,0.0,0.0,0.0,0.0,0.0,0.0,0.0,0.0,0.0,0.0,0.0,0.0,0.0,0.0,0.0,0.0,0.0,0.0,2.0,2.0,2.0,2.0,2.0,2.0,2.0,2.0
8271,Weißenberg,51.196834,14.658346,1228,1650,51.383,0.747,1,,,,,,,159.681,159.681,134.379,94.015,82.887,82.887,82.887,82.887,0.0,0.0,0.0,0.0,0.0,0.0,0.0,0.0,0.0,0.0,0.0,1.0,1.0,1.0,1.0,3.0,0.0,0.0,0.0,0.0,0.0,0.0,0.0,0.0,,,,,,,,,0.0,0.0,0.0,0.0,0.0,0.0,0.0,0.0,0.0,0.0,0.0,0.0,0.0,0.0,0.0,0.0,0.0,0.0,0.0,0.0,0.0,0.0,0.0,0.0,0.0,0.0,0.0,0.0,0.0,0.0,0.0,0.0,0.0,0.0,0.0,0.0,0.0,0.0,0.0,0.0,2.0,2.0,2.0,2.0,2.0,2.0,2.0,2.0
8272,Weißenfels,51.201045,11.972454,1280,1650,29.727,0.072,1,2000.0,1000.0,1000.0,2000.0,2000.0,3000.0,20.225,0.0,0.0,0.0,0.0,0.0,0.0,0.0,5.0,7.0,11.0,23.0,31.0,34.0,39.0,42.0,10.0,19.0,25.0,42.0,57.0,73.0,84.0,92.0,0.0,1.0,1.0,1.0,1.0,1.0,1.0,1.0,,local,local,local,local,local,local,local,0.0,0.0,0.0,0.0,0.0,0.0,0.0,0.0,1.0,1.0,1.0,1.0,1.0,1.0,1.0,1.0,0.0,0.0,0.0,0.0,0.0,0.0,0.0,0.0,0.0,0.0,0.0,0.0,0.0,0.0,0.0,0.0,0.0,0.0,0.0,0.0,0.0,0.0,0.0,0.0,3.0,3.0,3.0,3.0,3.0,3.0,3.0,3.0
2705,Güstrow,53.793417,12.176656,1228,1650,13.953,0.346,1,1000.0,1000.0,1000.0,2000.0,2000.0,2000.0,53.369,53.369,32.913,32.913,32.913,18.678,18.678,18.678,0.0,0.0,2.0,2.0,2.0,4.0,8.0,8.0,3.0,3.0,5.0,5.0,6.0,9.0,17.0,19.0,0.0,0.0,0.0,0.0,0.0,0.0,0.0,0.0,,,,,,,,,0.0,0.0,1.0,1.0,1.0,1.0,1.0,1.0,0.0,0.0,0.0,0.0,0.0,0.0,0.0,0.0,0.0,0.0,0.0,0.0,0.0,0.0,0.0,0.0,0.0,0.0,0.0,0.0,0.0,0.0,0.0,0.0,0.0,0.0,0.0,0.0,0.0,0.0,0.0,0.0,2.0,2.0,2.0,2.0,2.0,2.0,2.0,2.0
8274,Weißensee (Thüringen),51.200749,11.065115,1212,1650,66.547,0.138,1,,,,,,,30.238,0.0,0.0,0.0,0.0,0.0,0.0,0.0,5.0,15.0,16.0,24.0,32.0,34.0,35.0,34.0,19.0,42.0,56.0,77.0,98.0,112.0,134.0,151.0,0.0,1.0,1.0,1.0,1.0,1.0,1.0,1.0,,local,local,local,local,local,local,local,0.0,0.0,0.0,1.0,1.0,1.0,1.0,1.0,0.0,0.0,0.0,0.0,0.0,0.0,0.0,0.0,0.0,0.0,0.0,0.0,0.0,0.0,0.0,0.0,0.0,0.0,0.0,0.0,0.0,0.0,0.0,0.0,0.0,0.0,0.0,0.0,0.0,0.0,0.0,0.0,2.0,2.0,2.0,2.0,2.0,2.0,2.0,2.0
8275,Paide,58.887167,25.570212,1291,1650,96.055,1.549,1,,,,,,,804.623,173.762,173.762,173.762,173.762,173.762,151.262,146.575,0.0,0.0,0.0,0.0,0.0,0.0,0.0,0.0,0.0,0.0,0.0,0.0,0.0,0.0,0.0,0.0,0.0,0.0,0.0,0.0,0.0,0.0,0.0,0.0,,,,,,,,,0.0,0.0,0.0,0.0,0.0,0.0,0.0,0.0,0.0,0.0,0.0,0.0,0.0,0.0,0.0,0.0,0.0,0.0,0.0,0.0,0.0,0.0,0.0,0.0,0.0,0.0,0.0,0.0,0.0,0.0,0.0,0.0,0.0,0.0,0.0,0.0,0.0,0.0,0.0,0.0,2.0,2.0,2.0,2.0,2.0,2.0,2.0,2.0
12905,,51.549674,7.915184,1246,1650,20.292,0.144,1,,,,,,,13.46,13.46,13.46,13.46,13.46,13.46,13.46,13.46,4.0,4.0,5.0,7.0,8.0,9.0,11.0,12.0,24.0,33.0,42.0,48.0,58.0,60.0,71.0,72.0,0.0,0.0,0.0,0.0,0.0,0.0,0.0,0.0,,,,,,,,,0.0,0.0,0.0,0.0,0.0,0.0,0.0,0.0,0.0,0.0,0.0,0.0,0.0,0.0,0.0,0.0,0.0,0.0,0.0,0.0,0.0,0.0,0.0,0.0,0.0,0.0,0.0,0.0,0.0,0.0,0.0,0.0,0.0,0.0,0.0,0.0,0.0,0.0,0.0,0.0,2.0,2.0,2.0,2.0,2.0,2.0,2.0,2.0
8322,Werben,52.861172,11.982293,1196,1650,2.628,0.222,1,,,,,,,64.989,0.0,0.0,0.0,0.0,0.0,0.0,0.0,0.0,3.0,3.0,3.0,3.0,3.0,6.0,10.0,4.0,7.0,15.0,20.0,31.0,34.0,51.0,56.0,0.0,1.0,1.0,1.0,1.0,1.0,1.0,1.0,,local,local,local,local,local,local,local,1.0,1.0,1.0,1.0,1.0,1.0,1.0,1.0,0.0,0.0,0.0,0.0,0.0,0.0,0.0,0.0,0.0,0.0,0.0,0.0,0.0,0.0,0.0,0.0,0.0,0.0,0.0,0.0,0.0,0.0,0.0,0.0,0.0,0.0,0.0,0.0,0.0,0.0,0.0,0.0,2.0,2.0,2.0,2.0,2.0,2.0,2.0,2.0
8329,Werl,51.553168,7.913882,1246,1650,20.006,0.199,1,,,,,,,13.48,13.48,13.48,13.48,13.48,13.48,13.48,13.48,8.0,8.0,9.0,11.0,12.0,13.0,18.0,19.0,24.0,33.0,42.0,48.0,58.0,60.0,71.0,72.0,0.0,0.0,0.0,0.0,0.0,0.0,0.0,0.0,,,,,,,,,1.0,1.0,1.0,1.0,1.0,1.0,1.0,1.0,0.0,0.0,0.0,0.0,0.0,0.0,0.0,0.0,0.0,0.0,0.0,0.0,0.0,0.0,0.0,0.0,0.0,0.0,0.0,0.0,0.0,0.0,0.0,0.0,0.0,0.0,0.0,0.0,0.0,0.0,0.0,0.0,2.0,2.0,2.0,2.0,2.0,2.0,2.0,2.0
8336,Wernigerode,51.833374,10.784554,1229,1650,23.709,0.391,1,,,,,,,19.62,19.62,19.62,0.0,0.0,0.0,0.0,0.0,7.0,12.0,12.0,16.0,19.0,23.0,32.0,39.0,17.0,40.0,57.0,75.0,96.0,107.0,137.0,148.0,0.0,0.0,0.0,1.0,1.0,1.0,1.0,1.0,,,,local,local,local,local,local,1.0,1.0,1.0,1.0,1.0,1.0,1.0,1.0,0.0,0.0,0.0,0.0,0.0,0.0,0.0,0.0,0.0,0.0,0.0,0.0,0.0,0.0,0.0,0.0,0.0,0.0,0.0,0.0,0.0,0.0,0.0,0.0,0.0,0.0,0.0,0.0,0.0,0.0,0.0,0.0,2.0,2.0,2.0,2.0,2.0,2.0,2.0,2.0
8345,Wesel,51.656806,6.611749,1241,1650,0.606,0.189,1,3000.0,6000.0,6000.0,6000.0,6000.0,5000.0,26.924,25.321,25.321,25.321,25.321,25.321,25.321,25.321,10.0,19.0,21.0,27.0,28.0,28.0,29.0,29.0,36.0,56.0,66.0,86.0,102.0,105.0,109.0,110.0,0.0,0.0,0.0,0.0,0.0,0.0,0.0,0.0,,,,,,,,,1.0,1.0,1.0,1.0,1.0,1.0,1.0,1.0,0.0,0.0,0.0,0.0,0.0,0.0,0.0,0.0,0.0,0.0,0.0,0.0,0.0,0.0,0.0,0.0,0.0,0.0,0.0,0.0,0.0,0.0,0.0,0.0,0.0,0.0,0.0,0.0,0.0,0.0,0.0,0.0,2.0,2.0,2.0,2.0,2.0,2.0,2.0,2.0
12906,,51.569153,8.111325,1144,1650,31.815,0.142,1,,,,,,,0.52,0.52,0.52,0.52,0.52,0.52,0.52,0.52,5.0,5.0,6.0,8.0,9.0,11.0,15.0,15.0,26.0,35.0,43.0,48.0,55.0,56.0,69.0,70.0,0.0,0.0,0.0,0.0,0.0,0.0,0.0,0.0,,,,,,,,,0.0,0.0,0.0,0.0,0.0,0.0,0.0,0.0,0.0,0.0,0.0,0.0,0.0,0.0,0.0,0.0,0.0,0.0,0.0,0.0,0.0,0.0,0.0,0.0,0.0,0.0,0.0,0.0,0.0,0.0,0.0,0.0,0.0,0.0,0.0,0.0,0.0,0.0,0.0,0.0,2.0,2.0,2.0,2.0,2.0,2.0,2.0,2.0
12907,,51.570703,8.108042,1144,1650,31.549,0.093,1,,,,,,,0.247,0.247,0.247,0.247,0.247,0.247,0.247,0.247,5.0,5.0,6.0,8.0,9.0,11.0,15.0,15.0,26.0,35.0,43.0,48.0,55.0,56.0,69.0,70.0,0.0,0.0,0.0,0.0,0.0,0.0,0.0,0.0,,,,,,,,,0.0,0.0,0.0,0.0,0.0,0.0,0.0,0.0,0.0,0.0,0.0,0.0,0.0,0.0,0.0,0.0,0.0,0.0,0.0,0.0,0.0,0.0,0.0,0.0,0.0,0.0,0.0,0.0,0.0,0.0,0.0,0.0,0.0,0.0,0.0,0.0,0.0,0.0,0.0,0.0,2.0,2.0,2.0,2.0,2.0,2.0,2.0,2.0
8447,Wildeshausen,52.89731,8.43632,1270,1650,31.519,0.196,1,,,,,,,0.0,0.0,0.0,0.0,0.0,0.0,0.0,0.0,6.0,8.0,10.0,10.0,11.0,13.0,14.0,21.0,19.0,29.0,33.0,42.0,54.0,58.0,72.0,83.0,1.0,1.0,1.0,1.0,1.0,1.0,1.0,1.0,local,local,local,local,local,local,local,local,1.0,1.0,1.0,1.0,1.0,1.0,1.0,1.0,0.0,0.0,0.0,0.0,0.0,0.0,0.0,0.0,0.0,0.0,0.0,0.0,0.0,0.0,0.0,0.0,0.0,0.0,0.0,0.0,0.0,0.0,0.0,0.0,0.0,0.0,0.0,0.0,0.0,0.0,0.0,0.0,2.0,2.0,2.0,2.0,2.0,2.0,2.0,2.0
8505,Wismar,53.891371,11.466215,1226,1650,33.958,0.062,1,8000.0,6000.0,9000.0,5000.0,3000.0,4000.0,29.392,29.392,0.0,0.0,0.0,0.0,0.0,0.0,2.0,2.0,4.0,4.0,5.0,6.0,10.0,11.0,5.0,5.0,9.0,11.0,18.0,18.0,34.0,35.0,0.0,0.0,1.0,1.0,1.0,1.0,1.0,1.0,,,regional,regional,regional,regional,regional,regional,0.0,1.0,1.0,1.0,1.0,1.0,1.0,1.0,0.0,0.0,0.0,1.0,1.0,1.0,1.0,1.0,0.0,0.0,0.0,0.0,0.0,0.0,0.0,0.0,0.0,0.0,0.0,0.0,0.0,0.0,0.0,0.0,0.0,0.0,0.0,0.0,0.0,0.0,0.0,0.0,2.0,2.0,3.0,3.0,3.0,3.0,3.0,3.0
8515,Wittenberge,52.989989,11.750128,1264,1650,3.938,0.288,1,,,,,,,45.412,21.151,21.151,21.151,21.151,21.151,21.151,21.151,1.0,3.0,8.0,11.0,12.0,12.0,16.0,17.0,6.0,9.0,16.0,21.0,29.0,32.0,52.0,57.0,0.0,0.0,0.0,0.0,0.0,0.0,0.0,0.0,,,,,,,,,0.0,1.0,1.0,1.0,1.0,1.0,1.0,1.0,0.0,0.0,0.0,0.0,0.0,0.0,0.0,0.0,0.0,0.0,0.0,0.0,0.0,0.0,0.0,0.0,0.0,1.0,1.0,1.0,1.0,1.0,1.0,1.0,0.0,1.0,1.0,1.0,1.0,1.0,1.0,1.0,2.0,2.0,2.0,2.0,2.0,2.0,2.0,2.0
8523,Wittingen,52.728511,10.740244,1267,1650,32.179,1.384,1,,,,,,,47.54,47.54,30.821,28.933,28.933,28.933,28.933,28.933,1.0,1.0,9.0,14.0,19.0,19.0,24.0,24.0,10.0,17.0,37.0,49.0,55.0,58.0,82.0,91.0,0.0,0.0,0.0,0.0,0.0,0.0,0.0,0.0,,,,,,,,,0.0,0.0,0.0,1.0,1.0,1.0,1.0,1.0,0.0,0.0,0.0,0.0,0.0,0.0,0.0,0.0,0.0,0.0,0.0,0.0,0.0,0.0,0.0,0.0,0.0,0.0,0.0,0.0,0.0,0.0,0.0,0.0,0.0,0.0,0.0,0.0,0.0,0.0,0.0,0.0,2.0,2.0,2.0,2.0,2.0,2.0,2.0,2.0
8527,Wittstock,53.16314,12.485936,1248,1650,44.977,0.218,1,,,,,,,87.883,47.568,47.568,47.568,47.568,47.568,34.02,34.02,0.0,2.0,2.0,2.0,2.0,2.0,5.0,5.0,3.0,6.0,16.0,19.0,23.0,27.0,36.0,41.0,0.0,0.0,0.0,0.0,0.0,0.0,0.0,0.0,,,,,,,,,0.0,0.0,0.0,0.0,0.0,0.0,1.0,1.0,0.0,0.0,0.0,0.0,0.0,0.0,0.0,0.0,0.0,0.0,0.0,0.0,0.0,0.0,0.0,0.0,0.0,0.0,0.0,0.0,0.0,0.0,0.0,0.0,0.0,0.0,0.0,0.0,0.0,0.0,0.0,0.0,2.0,2.0,2.0,2.0,2.0,2.0,2.0,2.0
8528,Witzenhausen,51.342705,9.857671,1225,1650,5.482,0.07,1,,,,,,,52.086,19.862,19.862,19.862,19.862,19.862,19.862,19.862,0.0,11.0,18.0,21.0,25.0,27.0,30.0,38.0,21.0,53.0,66.0,73.0,85.0,90.0,107.0,118.0,0.0,0.0,0.0,0.0,0.0,0.0,0.0,0.0,,,,,,,,,0.0,0.0,0.0,0.0,0.0,0.0,0.0,0.0,0.0,0.0,0.0,0.0,0.0,0.0,0.0,0.0,0.0,0.0,0.0,0.0,0.0,0.0,0.0,0.0,0.0,0.0,0.0,0.0,0.0,0.0,0.0,0.0,0.0,0.0,0.0,0.0,0.0,0.0,0.0,0.0,2.0,2.0,2.0,2.0,2.0,2.0,2.0,2.0
8576,Dobiegniew,52.970013,15.758783,1298,1650,21.744,0.185,1,,,,,,,200.914,200.914,77.116,77.116,77.116,77.116,77.116,77.116,0.0,0.0,0.0,0.0,0.0,0.0,0.0,0.0,0.0,0.0,1.0,1.0,2.0,4.0,5.0,5.0,0.0,0.0,0.0,0.0,0.0,0.0,0.0,0.0,,,,,,,,,0.0,0.0,0.0,0.0,0.0,0.0,0.0,0.0,0.0,0.0,0.0,0.0,0.0,0.0,0.0,0.0,0.0,0.0,0.0,0.0,0.0,0.0,0.0,0.0,0.0,0.0,0.0,0.0,0.0,0.0,0.0,0.0,0.0,0.0,0.0,0.0,0.0,0.0,0.0,0.0,2.0,2.0,2.0,2.0,2.0,2.0,2.0,2.0
8590,Wolgast,54.054127,13.776702,1250,1650,21.689,0.092,1,,,,,,,26.235,26.235,26.235,26.235,26.235,26.235,26.235,26.235,1.0,1.0,1.0,1.0,1.0,2.0,3.0,4.0,1.0,1.0,1.0,1.0,1.0,3.0,7.0,8.0,0.0,0.0,0.0,0.0,0.0,0.0,0.0,0.0,,,,,,,,,0.0,0.0,0.0,0.0,0.0,0.0,0.0,0.0,0.0,0.0,0.0,0.0,0.0,0.0,0.0,0.0,0.0,0.0,0.0,0.0,0.0,0.0,0.0,0.0,0.0,0.0,0.0,0.0,0.0,0.0,0.0,0.0,0.0,0.0,0.0,0.0,0.0,0.0,0.0,0.0,2.0,2.0,2.0,2.0,2.0,2.0,2.0,2.0
8597,Wolin,53.843763,14.615364,1279,1650,38.044,0.104,1,1000.0,1000.0,1000.0,1000.0,1000.0,1000.0,85.471,85.471,85.471,85.471,85.471,85.471,34.144,34.144,0.0,0.0,0.0,0.0,0.0,0.0,1.0,1.0,1.0,1.0,2.0,2.0,3.0,6.0,8.0,9.0,0.0,0.0,0.0,0.0,0.0,0.0,0.0,0.0,,,,,,,,,0.0,0.0,0.0,0.0,0.0,0.0,0.0,0.0,0.0,0.0,0.0,0.0,0.0,0.0,0.0,0.0,0.0,0.0,0.0,0.0,0.0,0.0,0.0,0.0,0.0,0.0,0.0,0.0,0.0,0.0,0.0,0.0,0.0,0.0,0.0,0.0,0.0,0.0,0.0,0.0,2.0,2.0,2.0,2.0,2.0,2.0,2.0,2.0
8649,Wunstorf,52.426049,9.428713,1261,1650,6.023,4.633,1,,,,,,,26.751,26.751,21.714,21.714,21.714,21.714,21.714,13.302,7.0,11.0,22.0,21.0,21.0,21.0,28.0,32.0,24.0,43.0,61.0,69.0,80.0,83.0,109.0,119.0,0.0,0.0,0.0,0.0,0.0,0.0,0.0,0.0,,,,,,,,,0.0,0.0,0.0,0.0,0.0,0.0,0.0,0.0,0.0,0.0,0.0,0.0,0.0,0.0,0.0,0.0,0.0,0.0,0.0,0.0,0.0,0.0,0.0,0.0,0.0,0.0,0.0,0.0,0.0,0.0,0.0,0.0,0.0,0.0,0.0,0.0,0.0,0.0,0.0,0.0,2.0,2.0,2.0,2.0,2.0,2.0,2.0,2.0
8655,Wurzen,51.369761,12.735564,1300,1650,26.74,0.964,1,,,,,,,25.293,25.293,14.796,14.796,14.796,14.796,14.796,14.796,2.0,2.0,6.0,9.0,10.0,13.0,13.0,18.0,5.0,7.0,13.0,26.0,38.0,45.0,55.0,62.0,0.0,0.0,0.0,0.0,0.0,0.0,0.0,0.0,,,,,,,,,0.0,0.0,0.0,0.0,1.0,1.0,1.0,1.0,0.0,0.0,0.0,0.0,0.0,0.0,0.0,0.0,0.0,0.0,0.0,0.0,0.0,0.0,0.0,0.0,0.0,0.0,0.0,0.0,0.0,0.0,0.0,0.0,0.0,0.0,0.0,0.0,0.0,0.0,0.0,0.0,2.0,2.0,2.0,2.0,2.0,2.0,2.0,2.0
8677,Xanten,51.661259,6.453491,1228,1650,5.258,0.322,1,,,,,,,20.624,18.407,18.407,18.407,18.407,18.407,18.407,18.407,13.0,19.0,21.0,27.0,28.0,28.0,29.0,29.0,41.0,62.0,74.0,95.0,111.0,115.0,120.0,118.0,0.0,0.0,0.0,0.0,0.0,0.0,0.0,0.0,,,,,,,,,1.0,1.0,1.0,1.0,1.0,1.0,1.0,1.0,0.0,0.0,0.0,0.0,0.0,0.0,0.0,0.0,0.0,0.0,0.0,0.0,0.0,0.0,0.0,0.0,0.0,0.0,0.0,0.0,0.0,0.0,0.0,0.0,0.0,0.0,0.0,0.0,0.0,0.0,0.0,0.0,2.0,2.0,2.0,2.0,2.0,2.0,2.0,2.0
8701,Zaltbommel,51.813647,5.24781,1231,1650,3.822,0.072,1,,,,,,,0.0,0.0,0.0,0.0,0.0,0.0,0.0,0.0,16.0,21.0,23.0,30.0,37.0,39.0,39.0,38.0,27.0,53.0,67.0,83.0,94.0,98.0,99.0,95.0,1.0,1.0,1.0,1.0,1.0,1.0,1.0,1.0,local,local,local,local,local,local,local,local,0.0,0.0,0.0,0.0,0.0,0.0,0.0,0.0,0.0,0.0,0.0,0.0,0.0,1.0,1.0,1.0,0.0,0.0,0.0,0.0,0.0,0.0,0.0,0.0,0.0,0.0,0.0,0.0,0.0,0.0,0.0,0.0,0.0,0.0,0.0,0.0,0.0,0.0,0.0,0.0,2.0,2.0,2.0,2.0,2.0,3.0,3.0,3.0
8745,Zehdenick,52.979362,13.332409,1281,1650,12.995,0.174,1,,,,,,,124.215,91.463,51.503,51.503,51.503,51.503,35.774,35.774,0.0,0.0,0.0,0.0,0.0,0.0,1.0,1.0,0.0,2.0,6.0,6.0,10.0,12.0,17.0,18.0,0.0,0.0,0.0,0.0,0.0,0.0,0.0,0.0,,,,,,,,,0.0,0.0,0.0,0.0,1.0,1.0,1.0,1.0,0.0,0.0,0.0,0.0,0.0,0.0,0.0,0.0,0.0,0.0,0.0,0.0,0.0,0.0,0.0,0.0,0.0,0.0,0.0,0.0,0.0,0.0,0.0,0.0,0.0,0.0,0.0,0.0,0.0,0.0,0.0,0.0,2.0,2.0,2.0,2.0,2.0,2.0,2.0,2.0
8763,Zerbst,51.966935,12.084514,1200,1650,9.926,0.159,1,9000.0,5000.0,6000.0,6000.0,7000.0,7000.0,35.546,35.546,35.546,35.546,0.0,0.0,0.0,0.0,1.0,1.0,4.0,4.0,8.0,13.0,21.0,25.0,7.0,17.0,25.0,36.0,49.0,63.0,83.0,99.0,0.0,0.0,0.0,0.0,1.0,1.0,1.0,1.0,,,,,regional,local,local,local,0.0,0.0,0.0,0.0,0.0,0.0,0.0,0.0,0.0,0.0,0.0,0.0,0.0,0.0,0.0,0.0,0.0,0.0,0.0,0.0,0.0,0.0,0.0,0.0,0.0,0.0,0.0,0.0,0.0,0.0,0.0,0.0,0.0,0.0,0.0,0.0,0.0,0.0,0.0,0.0,2.0,2.0,2.0,2.0,3.0,2.0,2.0,2.0
8807,Zittau,50.896066,14.805737,1230,1650,53.48,0.348,1,2000.0,5000.0,5000.0,6000.0,6000.0,7000.0,176.722,176.722,149.906,109.847,97.985,97.985,97.985,97.985,0.0,0.0,0.0,0.0,0.0,0.0,0.0,0.0,0.0,0.0,0.0,0.0,1.0,1.0,1.0,1.0,0.0,0.0,0.0,0.0,0.0,0.0,0.0,0.0,,,,,,,,,0.0,1.0,1.0,1.0,1.0,1.0,1.0,1.0,0.0,0.0,0.0,1.0,1.0,1.0,1.0,1.0,0.0,0.0,0.0,0.0,0.0,0.0,0.0,0.0,0.0,0.0,0.0,0.0,0.0,0.0,0.0,0.0,0.0,0.0,0.0,0.0,0.0,0.0,0.0,0.0,2.0,2.0,2.0,3.0,3.0,3.0,3.0,3.0
8784,Sulęcin,52.4413,15.112818,1244,1650,26.777,0.21,1,,,,,,,217.06,212.992,67.438,67.438,67.438,67.438,67.438,67.438,0.0,0.0,0.0,0.0,0.0,0.0,0.0,0.0,0.0,0.0,1.0,1.0,2.0,4.0,4.0,4.0,0.0,0.0,0.0,0.0,0.0,0.0,0.0,0.0,,,,,,,,,0.0,0.0,0.0,0.0,0.0,0.0,0.0,0.0,0.0,0.0,0.0,0.0,0.0,0.0,0.0,0.0,0.0,0.0,0.0,0.0,0.0,0.0,0.0,0.0,0.0,0.0,0.0,0.0,0.0,0.0,0.0,0.0,0.0,0.0,0.0,0.0,0.0,0.0,0.0,0.0,2.0,2.0,2.0,2.0,2.0,2.0,2.0,2.0
9224,,52.275873,8.044905,1171,1650,36.834,0.115,1,,,,,,,0.292,0.292,0.292,0.292,0.292,0.292,0.292,0.292,10.0,11.0,12.0,14.0,19.0,21.0,25.0,25.0,31.0,51.0,56.0,62.0,75.0,82.0,98.0,104.0,0.0,0.0,0.0,0.0,0.0,0.0,0.0,0.0,,,,,,,,,0.0,0.0,0.0,0.0,0.0,0.0,0.0,0.0,0.0,0.0,0.0,0.0,0.0,0.0,0.0,0.0,0.0,0.0,0.0,0.0,0.0,0.0,0.0,0.0,0.0,0.0,0.0,0.0,0.0,0.0,0.0,0.0,0.0,0.0,0.0,0.0,0.0,0.0,0.0,0.0,2.0,2.0,2.0,2.0,2.0,2.0,2.0,2.0
9225,,52.153021,9.950356,1300,1650,32.033,0.048,1,,,,,,,0.095,0.095,0.095,0.095,0.095,0.095,0.095,0.095,5.0,17.0,26.0,28.0,33.0,34.0,44.0,48.0,19.0,43.0,69.0,81.0,98.0,99.0,129.0,143.0,0.0,0.0,0.0,0.0,0.0,0.0,0.0,0.0,,,,,,,,,0.0,0.0,0.0,0.0,0.0,0.0,0.0,0.0,0.0,0.0,0.0,0.0,0.0,0.0,0.0,0.0,0.0,0.0,0.0,0.0,0.0,0.0,0.0,0.0,0.0,0.0,0.0,0.0,0.0,0.0,0.0,0.0,0.0,0.0,0.0,0.0,0.0,0.0,0.0,0.0,2.0,2.0,2.0,2.0,2.0,2.0,2.0,2.0
8853,Zutphen,52.141452,6.195327,1191,1650,0.346,0.054,1,4000.0,6000.0,3000.0,6000.0,5000.0,5000.0,0.0,0.0,0.0,0.0,0.0,0.0,0.0,0.0,17.0,25.0,29.0,32.0,38.0,42.0,43.0,40.0,39.0,61.0,79.0,101.0,119.0,126.0,131.0,127.0,1.0,1.0,1.0,1.0,1.0,1.0,1.0,1.0,regional,regional,regional,regional,regional,regional,regional,regional,1.0,1.0,1.0,1.0,1.0,1.0,1.0,1.0,0.0,0.0,0.0,0.0,0.0,0.0,0.0,0.0,0.0,0.0,0.0,0.0,0.0,0.0,0.0,0.0,0.0,0.0,0.0,0.0,0.0,0.0,0.0,0.0,0.0,0.0,0.0,0.0,0.0,0.0,0.0,0.0,3.0,3.0,3.0,3.0,3.0,3.0,3.0,3.0
8918,,51.82768,9.45057,1245,1650,3.974,0.244,1,,,,,,,7.64,7.64,7.64,7.64,7.64,7.64,0.489,0.489,9.0,25.0,39.0,42.0,47.0,49.0,60.0,60.0,17.0,41.0,67.0,78.0,93.0,95.0,120.0,128.0,0.0,0.0,0.0,0.0,0.0,0.0,0.0,0.0,,,,,,,,,0.0,0.0,0.0,0.0,0.0,0.0,0.0,0.0,0.0,0.0,0.0,0.0,0.0,0.0,0.0,0.0,0.0,0.0,0.0,0.0,0.0,0.0,0.0,0.0,0.0,0.0,0.0,0.0,0.0,0.0,0.0,0.0,0.0,0.0,0.0,0.0,0.0,0.0,0.0,0.0,2.0,2.0,2.0,2.0,2.0,2.0,2.0,2.0
8860,Zwenkau,51.217499,12.324122,974,1650,7.328,1.186,1,,,,,,,14.055,14.055,14.055,14.055,14.055,14.055,14.055,14.055,5.0,7.0,12.0,18.0,22.0,24.0,25.0,28.0,5.0,13.0,19.0,36.0,51.0,65.0,73.0,80.0,0.0,0.0,0.0,0.0,0.0,0.0,0.0,0.0,,,,,,,,,0.0,0.0,0.0,0.0,0.0,0.0,0.0,1.0,0.0,0.0,0.0,0.0,0.0,0.0,0.0,0.0,0.0,0.0,0.0,0.0,0.0,0.0,0.0,0.0,0.0,0.0,0.0,0.0,0.0,0.0,0.0,0.0,0.0,0.0,0.0,0.0,0.0,0.0,0.0,0.0,2.0,2.0,2.0,2.0,2.0,2.0,2.0,2.0
8875,Darłowo,54.422131,16.410991,1271,1650,145.338,1.756,1,,,,,,,199.866,199.866,199.866,199.866,199.866,199.866,60.696,60.696,0.0,0.0,0.0,0.0,0.0,0.0,0.0,0.0,0.0,0.0,0.0,0.0,0.0,0.0,1.0,1.0,0.0,0.0,0.0,0.0,0.0,0.0,0.0,0.0,,,,,,,,,0.0,0.0,0.0,0.0,0.0,0.0,0.0,0.0,0.0,1.0,1.0,1.0,1.0,1.0,1.0,1.0,0.0,0.0,0.0,0.0,0.0,0.0,0.0,0.0,0.0,0.0,0.0,0.0,0.0,0.0,0.0,0.0,0.0,0.0,0.0,0.0,0.0,0.0,0.0,0.0,2.0,3.0,3.0,3.0,3.0,3.0,3.0,3.0
12445,Ummerstadt,50.25925,10.811673,1290,1650,103.503,3.263,1,,,,,,,44.324,19.447,0.0,0.0,0.0,0.0,0.0,0.0,5.0,8.0,12.0,12.0,17.0,20.0,21.0,22.0,12.0,20.0,25.0,30.0,39.0,49.0,56.0,61.0,0.0,0.0,1.0,1.0,1.0,1.0,1.0,1.0,,,local,local,local,local,local,local,0.0,0.0,0.0,0.0,0.0,0.0,0.0,0.0,0.0,0.0,0.0,0.0,0.0,0.0,0.0,0.0,0.0,0.0,0.0,0.0,0.0,0.0,0.0,0.0,0.0,0.0,0.0,0.0,0.0,0.0,0.0,0.0,0.0,0.0,0.0,0.0,0.0,0.0,0.0,0.0,2.0,2.0,2.0,2.0,2.0,2.0,2.0,2.0
8862,Zwickau,50.717666,12.497177,1200,1650,62.095,0.287,1,3000.0,2000.0,4000.0,5000.0,6000.0,5000.0,44.887,44.887,44.887,30.091,30.091,30.091,30.091,0.0,1.0,1.0,1.0,3.0,5.0,9.0,10.0,12.0,5.0,7.0,13.0,27.0,37.0,47.0,50.0,54.0,0.0,0.0,0.0,0.0,0.0,0.0,0.0,1.0,,,,,,,,local,1.0,1.0,1.0,1.0,1.0,1.0,1.0,1.0,0.0,0.0,0.0,0.0,0.0,0.0,0.0,0.0,0.0,0.0,0.0,0.0,0.0,0.0,0.0,0.0,0.0,0.0,0.0,0.0,0.0,0.0,0.0,0.0,0.0,0.0,0.0,0.0,0.0,0.0,0.0,0.0,2.0,2.0,2.0,2.0,2.0,2.0,2.0,2.0
8876,Middelburg (Walcheren),51.4984,3.611522,1217,1650,1.816,0.27,1,8000.0,5000.0,7000.0,7000.0,20000.0,27000.0,27.424,0.0,0.0,0.0,0.0,0.0,0.0,0.0,2.0,6.0,7.0,6.0,8.0,8.0,8.0,8.0,5.0,17.0,20.0,19.0,21.0,22.0,22.0,22.0,0.0,1.0,1.0,1.0,1.0,1.0,1.0,1.0,,regional,regional,regional,regional,regional,regional,regional,0.0,1.0,1.0,1.0,1.0,1.0,1.0,1.0,0.0,0.0,0.0,1.0,1.0,1.0,1.0,1.0,0.0,0.0,0.0,0.0,0.0,0.0,0.0,0.0,0.0,0.0,0.0,0.0,0.0,0.0,0.0,0.0,0.0,0.0,0.0,0.0,0.0,0.0,0.0,0.0,2.0,3.0,3.0,3.0,3.0,3.0,3.0,3.0
9226,Neustadt,53.072859,8.799608,965,1650,0.37,0.16,1,,,,,,,0.619,0.619,0.619,0.619,0.619,0.619,0.619,0.619,6.0,8.0,8.0,8.0,10.0,10.0,10.0,18.0,18.0,23.0,28.0,32.0,42.0,51.0,71.0,83.0,0.0,0.0,0.0,0.0,0.0,0.0,0.0,0.0,,,,,,,,,0.0,0.0,0.0,0.0,0.0,0.0,0.0,0.0,0.0,0.0,1.0,1.0,1.0,1.0,1.0,1.0,0.0,0.0,0.0,0.0,0.0,0.0,0.0,0.0,0.0,0.0,0.0,0.0,0.0,0.0,0.0,0.0,0.0,0.0,0.0,0.0,0.0,0.0,0.0,0.0,2.0,2.0,3.0,3.0,3.0,3.0,3.0,3.0
8884,Rinteln,52.187439,9.08,1239,1650,3.187,0.162,1,,,,,,,9.828,9.828,0.0,0.0,0.0,0.0,0.0,0.0,4.0,12.0,17.0,16.0,21.0,20.0,31.0,34.0,23.0,42.0,69.0,77.0,89.0,93.0,114.0,118.0,0.0,0.0,1.0,1.0,1.0,1.0,1.0,1.0,,,regional,regional,regional,regional,regional,regional,0.0,0.0,1.0,1.0,1.0,1.0,1.0,1.0,0.0,0.0,0.0,0.0,0.0,0.0,0.0,0.0,0.0,0.0,0.0,0.0,0.0,0.0,0.0,0.0,0.0,0.0,0.0,0.0,0.0,0.0,0.0,0.0,0.0,0.0,0.0,0.0,0.0,0.0,0.0,0.0,2.0,2.0,3.0,3.0,3.0,3.0,3.0,3.0
13089,,54.782437,9.435638,1200,1650,33.831,0.035,1,,,,,,,74.311,62.138,62.138,62.138,42.022,42.022,31.116,31.116,0.0,0.0,0.0,0.0,3.0,3.0,7.0,7.0,1.0,9.0,14.0,17.0,31.0,26.0,41.0,43.0,0.0,0.0,0.0,0.0,0.0,0.0,0.0,0.0,,,,,,,,,0.0,0.0,0.0,0.0,0.0,0.0,0.0,0.0,0.0,0.0,0.0,0.0,0.0,0.0,0.0,0.0,0.0,0.0,0.0,0.0,0.0,0.0,0.0,0.0,0.0,0.0,0.0,0.0,0.0,0.0,0.0,0.0,0.0,0.0,0.0,0.0,0.0,0.0,0.0,0.0,2.0,2.0,2.0,2.0,2.0,2.0,2.0,2.0
8967,,52.62741,10.07964,1292,1650,0.128,0.092,1,,,,,,,53.489,53.489,0.397,0.397,0.397,0.397,0.397,0.397,0.0,0.0,9.0,10.0,10.0,10.0,15.0,16.0,17.0,25.0,44.0,53.0,66.0,68.0,93.0,103.0,0.0,0.0,0.0,0.0,0.0,0.0,0.0,0.0,,,,,,,,,0.0,0.0,0.0,0.0,0.0,0.0,0.0,0.0,0.0,0.0,0.0,0.0,1.0,1.0,1.0,0.0,0.0,0.0,0.0,0.0,0.0,0.0,0.0,0.0,0.0,0.0,0.0,0.0,0.0,0.0,0.0,0.0,0.0,0.0,0.0,0.0,0.0,0.0,0.0,0.0,2.0,2.0,2.0,2.0,3.0,3.0,3.0,2.0
8915,,51.772904,9.383406,1150,1650,3.682,0.022,1,,,,,,,0.193,0.193,0.193,0.193,0.193,0.193,0.193,0.193,6.0,21.0,33.0,36.0,42.0,43.0,54.0,54.0,15.0,39.0,62.0,73.0,87.0,89.0,114.0,122.0,0.0,0.0,0.0,0.0,0.0,0.0,0.0,0.0,,,,,,,,,1.0,1.0,1.0,1.0,1.0,1.0,1.0,1.0,0.0,0.0,0.0,0.0,0.0,0.0,0.0,0.0,1.0,1.0,1.0,1.0,1.0,1.0,1.0,1.0,0.0,0.0,0.0,0.0,0.0,0.0,0.0,0.0,0.0,0.0,0.0,0.0,0.0,0.0,0.0,0.0,2.0,2.0,2.0,2.0,2.0,2.0,2.0,2.0
8969,,52.5058,9.4641,1249,1650,0.079,2.78,1,,,,,,,34.691,34.691,23.716,23.716,23.716,23.716,23.716,22.463,5.0,8.0,19.0,18.0,21.0,20.0,26.0,30.0,23.0,42.0,60.0,68.0,78.0,80.0,104.0,114.0,0.0,0.0,0.0,0.0,0.0,0.0,0.0,0.0,,,,,,,,,0.0,0.0,0.0,0.0,0.0,0.0,0.0,0.0,0.0,0.0,0.0,0.0,0.0,0.0,0.0,0.0,0.0,0.0,0.0,0.0,0.0,0.0,0.0,0.0,0.0,0.0,0.0,0.0,0.0,0.0,0.0,0.0,0.0,0.0,0.0,0.0,0.0,0.0,0.0,0.0,2.0,2.0,2.0,2.0,2.0,2.0,2.0,2.0
8923,Hamelner Loch,52.104212,9.353683,1200,1650,3.242,0.095,1,,,,,,,24.091,0.191,0.191,0.191,0.191,0.191,0.191,0.191,12.0,24.0,29.0,28.0,33.0,33.0,44.0,47.0,18.0,39.0,66.0,72.0,87.0,91.0,117.0,122.0,0.0,0.0,0.0,0.0,0.0,0.0,0.0,0.0,,,,,,,,,1.0,1.0,1.0,1.0,1.0,1.0,1.0,1.0,0.0,0.0,0.0,0.0,0.0,0.0,0.0,1.0,0.0,0.0,0.0,0.0,0.0,0.0,0.0,0.0,0.0,0.0,0.0,0.0,0.0,0.0,0.0,0.0,0.0,1.0,1.0,1.0,1.0,1.0,1.0,1.0,2.0,2.0,2.0,2.0,2.0,2.0,2.0,3.0
8954,,52.62567,10.07715,1292,1650,0.128,0.144,1,,,,,,,53.271,53.271,0.363,0.363,0.363,0.363,0.363,0.363,0.0,0.0,9.0,10.0,10.0,10.0,15.0,16.0,17.0,25.0,44.0,53.0,66.0,68.0,93.0,103.0,0.0,0.0,0.0,0.0,0.0,0.0,0.0,0.0,,,,,,,,,0.0,0.0,0.0,0.0,0.0,0.0,0.0,0.0,0.0,0.0,0.0,0.0,1.0,1.0,1.0,0.0,0.0,0.0,0.0,0.0,0.0,0.0,0.0,0.0,0.0,0.0,0.0,0.0,0.0,0.0,0.0,0.0,0.0,1.0,1.0,1.0,1.0,1.0,1.0,1.0,2.0,2.0,2.0,2.0,3.0,3.0,3.0,2.0
8964,,52.919879,9.226117,1259,1650,2.061,0.077,1,,,,,,,0.195,0.195,0.195,0.195,0.195,0.195,0.195,0.195,3.0,3.0,3.0,4.0,6.0,6.0,9.0,15.0,23.0,31.0,44.0,48.0,57.0,62.0,82.0,94.0,0.0,0.0,0.0,0.0,0.0,0.0,0.0,0.0,,,,,,,,,0.0,0.0,0.0,0.0,0.0,0.0,0.0,0.0,0.0,0.0,0.0,0.0,0.0,0.0,0.0,0.0,0.0,0.0,0.0,0.0,0.0,0.0,0.0,0.0,0.0,0.0,0.0,0.0,0.0,0.0,0.0,0.0,0.0,1.0,1.0,1.0,1.0,1.0,1.0,1.0,2.0,2.0,2.0,2.0,2.0,2.0,2.0,2.0
8931,,52.10181,9.35314,1200,1650,3.019,0.104,1,,,,,,,24.274,0.375,0.375,0.375,0.375,0.375,0.375,0.375,12.0,24.0,29.0,28.0,33.0,33.0,44.0,47.0,18.0,39.0,66.0,72.0,87.0,91.0,117.0,122.0,0.0,0.0,0.0,0.0,0.0,0.0,0.0,0.0,,,,,,,,,0.0,0.0,0.0,0.0,0.0,0.0,0.0,0.0,0.0,0.0,0.0,0.0,0.0,0.0,0.0,1.0,1.0,1.0,1.0,1.0,1.0,1.0,1.0,1.0,0.0,0.0,0.0,0.0,0.0,0.0,0.0,0.0,0.0,0.0,0.0,0.0,0.0,0.0,0.0,0.0,2.0,2.0,2.0,2.0,2.0,2.0,2.0,3.0
8932,,52.29,8.9166,1230,1650,2.621,0.108,1,,,,,,,0.216,0.216,0.216,0.216,0.216,0.216,0.216,0.216,4.0,12.0,14.0,14.0,19.0,18.0,26.0,29.0,30.0,49.0,69.0,74.0,85.0,89.0,109.0,119.0,0.0,0.0,0.0,0.0,0.0,0.0,0.0,0.0,,,,,,,,,0.0,0.0,0.0,0.0,0.0,0.0,0.0,0.0,0.0,0.0,0.0,0.0,1.0,1.0,1.0,1.0,0.0,0.0,0.0,0.0,0.0,0.0,0.0,0.0,0.0,0.0,0.0,0.0,0.0,0.0,0.0,0.0,0.0,0.0,0.0,0.0,0.0,0.0,0.0,0.0,2.0,2.0,2.0,2.0,3.0,3.0,3.0,3.0
8933,Bremer Schlagd,51.418997,9.650177,1183,1650,3.994,0.052,1,,,,,,,43.627,15.257,15.257,15.257,15.257,15.257,15.257,15.257,3.0,15.0,27.0,30.0,34.0,34.0,40.0,45.0,17.0,46.0,60.0,67.0,80.0,85.0,107.0,117.0,0.0,0.0,0.0,0.0,0.0,0.0,0.0,0.0,,,,,,,,,0.0,0.0,0.0,0.0,0.0,0.0,1.0,1.0,1.0,1.0,1.0,1.0,1.0,1.0,1.0,1.0,0.0,0.0,0.0,0.0,0.0,0.0,0.0,0.0,0.0,0.0,0.0,0.0,0.0,0.0,0.0,0.0,0.0,1.0,1.0,1.0,1.0,1.0,1.0,1.0,3.0,3.0,3.0,3.0,3.0,3.0,3.0,3.0
8935,Kleine Schlachte,53.07209,8.80893,965,1650,0.035,0.143,1,,,,,,,0.435,0.435,0.435,0.435,0.435,0.435,0.435,0.435,6.0,8.0,8.0,8.0,10.0,10.0,10.0,18.0,18.0,23.0,31.0,34.0,44.0,53.0,73.0,85.0,0.0,0.0,0.0,0.0,0.0,0.0,0.0,0.0,,,,,,,,,0.0,0.0,0.0,0.0,0.0,0.0,0.0,0.0,0.0,0.0,1.0,1.0,1.0,1.0,1.0,1.0,0.0,0.0,0.0,0.0,0.0,0.0,0.0,0.0,0.0,0.0,0.0,0.0,0.0,0.0,0.0,0.0,1.0,1.0,1.0,1.0,1.0,1.0,1.0,1.0,2.0,2.0,3.0,3.0,3.0,3.0,3.0,3.0
8936,,52.19081,9.07926,1239,1650,3.228,0.077,1,,,,,,,9.492,9.492,0.378,0.378,0.378,0.378,0.378,0.378,4.0,12.0,17.0,16.0,21.0,20.0,31.0,34.0,23.0,42.0,69.0,77.0,89.0,93.0,114.0,118.0,0.0,0.0,0.0,0.0,0.0,0.0,0.0,0.0,,,,,,,,,0.0,0.0,1.0,1.0,1.0,1.0,1.0,1.0,0.0,0.0,0.0,0.0,0.0,0.0,0.0,0.0,0.0,0.0,0.0,0.0,0.0,0.0,0.0,0.0,0.0,0.0,0.0,0.0,0.0,0.0,0.0,0.0,0.0,1.0,1.0,1.0,1.0,1.0,1.0,1.0,2.0,2.0,2.0,2.0,2.0,2.0,2.0,2.0
8937,,52.28973,8.92368,1230,1650,2.586,0.052,1,,,,,,,0.503,0.503,0.503,0.503,0.503,0.503,0.503,0.503,4.0,12.0,14.0,14.0,19.0,18.0,26.0,29.0,30.0,49.0,69.0,74.0,85.0,89.0,109.0,119.0,0.0,0.0,0.0,0.0,0.0,0.0,0.0,0.0,,,,,,,,,0.0,0.0,0.0,0.0,0.0,0.0,0.0,0.0,0.0,0.0,0.0,0.0,1.0,1.0,1.0,1.0,1.0,1.0,1.0,1.0,1.0,1.0,1.0,1.0,0.0,1.0,1.0,1.0,1.0,1.0,1.0,1.0,0.0,0.0,0.0,0.0,0.0,0.0,0.0,0.0,2.0,2.0,2.0,2.0,3.0,3.0,3.0,3.0
8939,Schlachte,53.077288,8.800285,965,1650,0.086,0.039,1,,,,,,,0.5,0.5,0.5,0.5,0.5,0.5,0.5,0.5,6.0,8.0,8.0,8.0,10.0,10.0,10.0,18.0,18.0,23.0,28.0,32.0,42.0,51.0,71.0,83.0,0.0,0.0,0.0,0.0,0.0,0.0,0.0,0.0,,,,,,,,,0.0,0.0,0.0,0.0,0.0,0.0,0.0,0.0,0.0,0.0,1.0,1.0,1.0,1.0,1.0,1.0,0.0,0.0,0.0,0.0,0.0,0.0,0.0,0.0,0.0,0.0,0.0,0.0,0.0,0.0,0.0,1.0,1.0,1.0,1.0,1.0,1.0,1.0,1.0,1.0,2.0,2.0,3.0,3.0,3.0,3.0,3.0,3.0
8940,Balge,53.07537,8.80635,965,1650,0.16,0.042,1,,,,,,,0.09,0.09,0.09,0.09,0.09,0.09,0.09,0.09,6.0,8.0,8.0,8.0,10.0,10.0,10.0,18.0,18.0,23.0,28.0,32.0,42.0,51.0,71.0,83.0,0.0,0.0,0.0,0.0,0.0,0.0,0.0,0.0,,,,,,,,,0.0,0.0,0.0,0.0,0.0,0.0,0.0,0.0,0.0,0.0,1.0,1.0,1.0,1.0,1.0,1.0,0.0,0.0,0.0,0.0,0.0,0.0,0.0,0.0,0.0,0.0,0.0,0.0,0.0,0.0,0.0,0.0,1.0,1.0,1.0,1.0,1.0,1.0,1.0,0.0,2.0,2.0,3.0,3.0,3.0,3.0,3.0,3.0
8941,,53.073386,8.804305,965,1650,0.079,0.16,1,,,,,,,0.346,0.346,0.346,0.346,0.346,0.346,0.346,0.346,6.0,8.0,8.0,8.0,10.0,10.0,10.0,18.0,18.0,23.0,28.0,32.0,42.0,51.0,71.0,83.0,0.0,0.0,0.0,0.0,0.0,0.0,0.0,0.0,,,,,,,,,0.0,0.0,1.0,1.0,1.0,1.0,1.0,1.0,0.0,0.0,1.0,1.0,1.0,1.0,1.0,1.0,1.0,1.0,1.0,1.0,1.0,1.0,1.0,1.0,0.0,0.0,0.0,0.0,0.0,0.0,0.0,0.0,0.0,0.0,0.0,0.0,0.0,0.0,0.0,0.0,2.0,2.0,3.0,3.0,3.0,3.0,3.0,3.0
12916,,51.681014,7.817134,1279,1650,10.804,0.059,1,,,,,,,23.318,23.318,12.695,12.695,12.695,12.695,12.695,12.695,9.0,13.0,14.0,16.0,17.0,18.0,23.0,24.0,26.0,36.0,44.0,51.0,61.0,65.0,75.0,76.0,0.0,0.0,0.0,0.0,0.0,0.0,0.0,0.0,,,,,,,,,0.0,0.0,0.0,0.0,0.0,0.0,0.0,0.0,0.0,0.0,0.0,0.0,0.0,0.0,0.0,0.0,0.0,0.0,0.0,0.0,0.0,0.0,0.0,0.0,0.0,0.0,0.0,0.0,0.0,0.0,0.0,0.0,0.0,0.0,0.0,0.0,0.0,0.0,0.0,0.0,2.0,2.0,2.0,2.0,2.0,2.0,2.0,2.0
8973,,52.37219,9.73081,1241,1650,3.838,0.068,1,,,,,,,28.659,28.659,0.363,0.363,0.363,0.363,0.363,0.363,6.0,10.0,21.0,20.0,23.0,24.0,31.0,35.0,17.0,34.0,56.0,68.0,80.0,83.0,108.0,119.0,0.0,0.0,0.0,0.0,0.0,0.0,0.0,0.0,,,,,,,,,0.0,0.0,0.0,0.0,0.0,0.0,0.0,0.0,0.0,0.0,0.0,0.0,0.0,0.0,0.0,0.0,0.0,0.0,0.0,0.0,0.0,0.0,0.0,0.0,0.0,0.0,0.0,0.0,0.0,0.0,0.0,0.0,0.0,1.0,1.0,1.0,1.0,1.0,1.0,1.0,2.0,2.0,2.0,2.0,2.0,2.0,2.0,2.0
9001,Schlagde,52.291049,8.923151,1230,1650,2.73,0.075,1,,,,,,,0.545,0.545,0.545,0.545,0.545,0.545,0.545,0.545,4.0,12.0,14.0,14.0,19.0,18.0,26.0,29.0,30.0,49.0,69.0,74.0,85.0,89.0,109.0,119.0,0.0,0.0,0.0,0.0,0.0,0.0,0.0,0.0,,,,,,,,,0.0,0.0,0.0,0.0,0.0,0.0,0.0,0.0,0.0,0.0,0.0,0.0,1.0,1.0,1.0,1.0,0.0,0.0,0.0,0.0,0.0,0.0,0.0,0.0,0.0,0.0,0.0,0.0,0.0,0.0,0.0,0.0,1.0,1.0,1.0,1.0,1.0,1.0,1.0,1.0,2.0,2.0,2.0,2.0,3.0,3.0,3.0,3.0
8980,,53.54469,9.98846,1150,1650,0.239,0.226,1,,,,,,,0.477,0.477,0.477,0.477,0.477,0.477,0.477,0.477,7.0,7.0,7.0,9.0,14.0,18.0,29.0,29.0,13.0,19.0,24.0,31.0,50.0,51.0,81.0,89.0,0.0,0.0,0.0,0.0,0.0,0.0,0.0,0.0,,,,,,,,,0.0,0.0,0.0,0.0,0.0,0.0,0.0,0.0,0.0,0.0,0.0,0.0,1.0,1.0,1.0,1.0,0.0,0.0,0.0,0.0,0.0,0.0,0.0,0.0,0.0,0.0,0.0,0.0,0.0,0.0,0.0,0.0,0.0,0.0,0.0,0.0,1.0,1.0,1.0,1.0,2.0,2.0,2.0,2.0,3.0,3.0,3.0,3.0
8981,,53.547151,10.000745,1150,1650,0.257,0.233,1,,,,,,,0.513,0.513,0.513,0.513,0.513,0.513,0.513,0.513,7.0,7.0,7.0,9.0,14.0,18.0,29.0,29.0,13.0,19.0,24.0,31.0,50.0,51.0,81.0,89.0,0.0,0.0,0.0,0.0,0.0,0.0,0.0,0.0,,,,,,,,,0.0,0.0,0.0,0.0,0.0,0.0,0.0,0.0,0.0,0.0,0.0,0.0,1.0,1.0,1.0,1.0,0.0,0.0,0.0,0.0,0.0,0.0,0.0,0.0,0.0,0.0,0.0,0.0,0.0,0.0,0.0,0.0,0.0,0.0,1.0,1.0,1.0,1.0,1.0,1.0,2.0,2.0,2.0,2.0,3.0,3.0,3.0,3.0
8982,Bäckerstraße,53.2488,10.40886,1247,1650,10.132,0.064,1,,,,,,,0.128,0.128,0.128,0.128,0.128,0.128,0.128,0.128,6.0,6.0,7.0,10.0,14.0,14.0,20.0,20.0,11.0,14.0,27.0,35.0,49.0,54.0,79.0,81.0,0.0,0.0,0.0,0.0,0.0,0.0,0.0,0.0,,,,,,,,,0.0,0.0,1.0,1.0,1.0,1.0,1.0,1.0,0.0,0.0,1.0,1.0,1.0,1.0,1.0,1.0,0.0,0.0,0.0,0.0,0.0,0.0,0.0,0.0,0.0,0.0,0.0,0.0,0.0,0.0,0.0,0.0,0.0,0.0,0.0,0.0,0.0,0.0,0.0,0.0,2.0,2.0,3.0,3.0,3.0,3.0,3.0,3.0
8983,,53.25136,10.41335,1247,1650,10.119,0.141,1,,,,,,,0.337,0.337,0.337,0.337,0.337,0.337,0.337,0.337,6.0,6.0,7.0,10.0,14.0,14.0,20.0,20.0,11.0,14.0,27.0,35.0,49.0,54.0,79.0,81.0,0.0,0.0,0.0,0.0,0.0,0.0,0.0,0.0,,,,,,,,,0.0,0.0,0.0,0.0,0.0,0.0,0.0,0.0,0.0,0.0,1.0,1.0,1.0,1.0,1.0,1.0,0.0,0.0,0.0,0.0,0.0,0.0,0.0,0.0,0.0,0.0,0.0,0.0,0.0,0.0,0.0,0.0,0.0,1.0,1.0,1.0,1.0,1.0,1.0,1.0,2.0,2.0,3.0,3.0,3.0,3.0,3.0,3.0
8991,,52.322245,7.223872,1295,1650,8.126,0.048,1,,,,,,,20.156,20.156,20.156,15.336,15.336,15.336,15.336,15.336,9.0,12.0,16.0,20.0,25.0,29.0,32.0,32.0,37.0,57.0,75.0,82.0,98.0,106.0,112.0,109.0,0.0,0.0,0.0,0.0,0.0,0.0,0.0,0.0,,,,,,,,,0.0,0.0,0.0,0.0,0.0,0.0,0.0,0.0,0.0,0.0,0.0,0.0,0.0,0.0,0.0,0.0,0.0,0.0,0.0,0.0,0.0,0.0,0.0,0.0,0.0,0.0,0.0,0.0,0.0,0.0,0.0,0.0,0.0,1.0,1.0,1.0,1.0,1.0,1.0,1.0,2.0,2.0,2.0,2.0,2.0,2.0,2.0,2.0
8997,,52.671096,7.48676,1220,1650,6.759,0.024,1,,,,,,,13.322,0.279,0.279,0.279,0.279,0.279,0.279,0.279,5.0,11.0,12.0,15.0,22.0,22.0,22.0,22.0,29.0,45.0,55.0,68.0,77.0,88.0,97.0,102.0,0.0,0.0,0.0,0.0,0.0,0.0,0.0,0.0,,,,,,,,,0.0,0.0,0.0,0.0,0.0,0.0,0.0,0.0,0.0,0.0,0.0,0.0,0.0,0.0,0.0,0.0,0.0,1.0,1.0,1.0,1.0,1.0,1.0,1.0,0.0,0.0,0.0,0.0,0.0,0.0,0.0,0.0,0.0,0.0,0.0,0.0,0.0,0.0,0.0,0.0,2.0,2.0,2.0,2.0,2.0,2.0,2.0,2.0
8998,,52.671171,7.485696,1220,1650,6.687,0.037,1,,,,,,,13.249,0.275,0.275,0.275,0.275,0.275,0.275,0.275,5.0,11.0,12.0,15.0,22.0,22.0,22.0,22.0,29.0,45.0,55.0,68.0,77.0,88.0,97.0,102.0,0.0,0.0,0.0,0.0,0.0,0.0,0.0,0.0,,,,,,,,,0.0,0.0,0.0,0.0,0.0,0.0,0.0,0.0,0.0,0.0,0.0,0.0,0.0,0.0,0.0,0.0,0.0,0.0,0.0,0.0,0.0,0.0,0.0,0.0,0.0,0.0,0.0,0.0,0.0,0.0,0.0,0.0,0.0,1.0,1.0,1.0,1.0,1.0,1.0,1.0,2.0,2.0,2.0,2.0,2.0,2.0,2.0,2.0
8999,,52.671517,7.486634,1220,1650,6.742,0.024,1,,,,,,,13.305,0.232,0.232,0.232,0.232,0.232,0.232,0.232,5.0,11.0,12.0,15.0,22.0,22.0,22.0,22.0,29.0,45.0,55.0,68.0,77.0,88.0,97.0,102.0,0.0,0.0,0.0,0.0,0.0,0.0,0.0,0.0,,,,,,,,,0.0,0.0,0.0,0.0,0.0,0.0,0.0,0.0,0.0,0.0,0.0,0.0,0.0,0.0,0.0,0.0,0.0,0.0,0.0,0.0,0.0,0.0,0.0,0.0,0.0,0.0,0.0,0.0,0.0,0.0,0.0,0.0,0.0,0.0,0.0,0.0,0.0,0.0,0.0,0.0,2.0,2.0,2.0,2.0,2.0,2.0,2.0,2.0
9102,,52.149998,9.952526,1300,1650,32.394,0.072,1,,,,,,,0.312,0.312,0.312,0.312,0.312,0.312,0.312,0.312,5.0,17.0,26.0,28.0,33.0,34.0,47.0,51.0,19.0,43.0,69.0,81.0,98.0,99.0,129.0,143.0,0.0,0.0,0.0,0.0,0.0,0.0,0.0,0.0,,,,,,,,,0.0,0.0,0.0,0.0,0.0,0.0,0.0,0.0,0.0,0.0,0.0,0.0,0.0,0.0,0.0,0.0,0.0,0.0,0.0,0.0,0.0,0.0,0.0,0.0,0.0,0.0,0.0,0.0,0.0,0.0,0.0,0.0,0.0,0.0,0.0,0.0,0.0,0.0,0.0,0.0,2.0,2.0,2.0,2.0,2.0,2.0,2.0,2.0
9121,,52.623592,10.082078,1292,1650,0.411,0.029,1,,,,,,,53.097,53.097,0.059,0.059,0.059,0.059,0.059,0.059,0.0,0.0,12.0,16.0,16.0,16.0,21.0,22.0,17.0,25.0,44.0,53.0,66.0,68.0,93.0,103.0,0.0,0.0,0.0,0.0,0.0,0.0,0.0,0.0,,,,,,,,,0.0,0.0,0.0,0.0,0.0,0.0,0.0,0.0,0.0,0.0,0.0,0.0,1.0,1.0,1.0,0.0,0.0,0.0,0.0,0.0,0.0,0.0,0.0,0.0,0.0,0.0,0.0,0.0,0.0,0.0,0.0,0.0,0.0,0.0,0.0,0.0,0.0,0.0,0.0,0.0,2.0,2.0,2.0,2.0,3.0,3.0,3.0,2.0
9227,,53.074656,8.809272,965,1650,0.177,0.093,1,,,,,,,0.186,0.186,0.186,0.186,0.186,0.186,0.186,0.186,6.0,8.0,8.0,8.0,10.0,10.0,10.0,18.0,18.0,23.0,28.0,32.0,42.0,51.0,71.0,83.0,0.0,0.0,0.0,0.0,0.0,0.0,0.0,0.0,,,,,,,,,0.0,0.0,0.0,0.0,0.0,0.0,0.0,0.0,0.0,0.0,1.0,1.0,1.0,1.0,1.0,1.0,0.0,0.0,0.0,0.0,0.0,0.0,0.0,0.0,0.0,0.0,0.0,0.0,0.0,0.0,0.0,0.0,0.0,0.0,0.0,0.0,0.0,0.0,0.0,0.0,2.0,2.0,3.0,3.0,3.0,3.0,3.0,3.0
9228,,52.102345,9.356069,1200,1650,2.986,0.104,1,,,,,,,24.355,0.242,0.242,0.242,0.242,0.242,0.242,0.242,12.0,24.0,29.0,28.0,33.0,33.0,44.0,47.0,18.0,39.0,66.0,72.0,87.0,91.0,117.0,122.0,0.0,0.0,0.0,0.0,0.0,0.0,0.0,0.0,,,,,,,,,0.0,0.0,0.0,0.0,0.0,0.0,0.0,0.0,0.0,0.0,0.0,0.0,0.0,0.0,0.0,1.0,0.0,0.0,0.0,0.0,0.0,0.0,0.0,0.0,0.0,0.0,0.0,0.0,0.0,0.0,0.0,0.0,0.0,0.0,0.0,0.0,0.0,0.0,0.0,0.0,2.0,2.0,2.0,2.0,2.0,2.0,2.0,3.0
9231,,52.626677,10.081072,1292,1650,0.181,0.075,1,,,,,,,53.424,53.424,0.291,0.291,0.291,0.291,0.291,0.291,0.0,0.0,9.0,10.0,10.0,10.0,15.0,16.0,17.0,25.0,44.0,53.0,66.0,68.0,93.0,103.0,0.0,0.0,0.0,0.0,0.0,0.0,0.0,0.0,,,,,,,,,0.0,0.0,0.0,0.0,0.0,0.0,0.0,0.0,0.0,0.0,0.0,0.0,1.0,1.0,1.0,0.0,0.0,0.0,0.0,0.0,0.0,0.0,0.0,0.0,0.0,0.0,0.0,0.0,0.0,0.0,0.0,0.0,0.0,0.0,0.0,0.0,0.0,0.0,0.0,0.0,2.0,2.0,2.0,2.0,3.0,3.0,3.0,2.0
9208,Hagen,52.267701,10.524588,1204,1650,1.333,0.134,1,,,,,,,20.016,20.016,0.743,0.743,0.743,0.743,0.743,0.743,4.0,5.0,14.0,17.0,18.0,19.0,28.0,29.0,17.0,34.0,60.0,74.0,85.0,90.0,122.0,136.0,0.0,0.0,0.0,0.0,0.0,0.0,0.0,0.0,,,,,,,,,0.0,0.0,0.0,0.0,0.0,0.0,0.0,0.0,0.0,0.0,0.0,0.0,0.0,0.0,0.0,0.0,0.0,0.0,0.0,0.0,0.0,0.0,0.0,0.0,0.0,0.0,0.0,0.0,0.0,0.0,0.0,0.0,0.0,0.0,0.0,0.0,0.0,0.0,0.0,0.0,2.0,2.0,2.0,2.0,2.0,2.0,2.0,2.0
9209,,52.266296,10.514266,1204,1650,1.316,0.217,1,,,,,,,20.703,20.703,0.434,0.434,0.434,0.434,0.434,0.434,4.0,5.0,14.0,17.0,18.0,19.0,28.0,29.0,17.0,34.0,60.0,74.0,85.0,90.0,122.0,136.0,0.0,0.0,0.0,0.0,0.0,0.0,0.0,0.0,,,,,,,,,0.0,0.0,0.0,0.0,0.0,0.0,0.0,0.0,0.0,0.0,0.0,0.0,0.0,0.0,0.0,0.0,0.0,0.0,0.0,0.0,0.0,0.0,0.0,0.0,0.0,0.0,0.0,0.0,0.0,0.0,0.0,0.0,0.0,0.0,0.0,0.0,0.0,0.0,0.0,0.0,2.0,2.0,2.0,2.0,2.0,2.0,2.0,2.0
9210,,52.265297,10.526133,1204,1650,1.618,0.144,1,,,,,,,19.889,19.889,0.671,0.671,0.671,0.671,0.671,0.671,4.0,5.0,14.0,17.0,18.0,19.0,28.0,29.0,17.0,34.0,60.0,74.0,85.0,90.0,122.0,136.0,0.0,0.0,0.0,0.0,0.0,0.0,0.0,0.0,,,,,,,,,0.0,0.0,0.0,0.0,0.0,0.0,0.0,0.0,0.0,0.0,0.0,0.0,0.0,0.0,0.0,0.0,0.0,0.0,0.0,0.0,0.0,0.0,0.0,0.0,0.0,0.0,0.0,0.0,0.0,0.0,0.0,0.0,0.0,0.0,0.0,0.0,0.0,0.0,0.0,0.0,2.0,2.0,2.0,2.0,2.0,2.0,2.0,2.0
9211,Altewiek,52.262126,10.525865,1204,1650,1.929,0.177,1,,,,,,,19.884,19.884,0.599,0.599,0.599,0.599,0.599,0.599,4.0,5.0,11.0,14.0,15.0,16.0,25.0,26.0,17.0,34.0,60.0,74.0,85.0,90.0,122.0,136.0,0.0,0.0,0.0,0.0,0.0,0.0,0.0,0.0,,,,,,,,,0.0,0.0,0.0,0.0,0.0,0.0,0.0,0.0,0.0,0.0,0.0,0.0,0.0,0.0,0.0,0.0,0.0,0.0,0.0,0.0,0.0,0.0,0.0,0.0,0.0,0.0,0.0,0.0,0.0,0.0,0.0,0.0,0.0,0.0,0.0,0.0,0.0,0.0,0.0,0.0,2.0,2.0,2.0,2.0,2.0,2.0,2.0,2.0
9212,,52.269974,10.523286,1204,1650,1.071,0.028,1,,,,,,,20.128,20.128,0.899,0.899,0.899,0.899,0.899,0.899,4.0,5.0,14.0,17.0,18.0,19.0,28.0,29.0,18.0,35.0,62.0,76.0,87.0,92.0,124.0,138.0,0.0,0.0,0.0,0.0,0.0,0.0,0.0,0.0,,,,,,,,,0.0,0.0,0.0,0.0,0.0,0.0,0.0,0.0,0.0,0.0,0.0,0.0,0.0,0.0,0.0,0.0,0.0,0.0,0.0,0.0,0.0,0.0,0.0,0.0,0.0,0.0,0.0,0.0,0.0,0.0,0.0,0.0,0.0,0.0,0.0,0.0,0.0,0.0,0.0,0.0,2.0,2.0,2.0,2.0,2.0,2.0,2.0,2.0
9222,,52.3716,9.732565,1241,1650,3.974,0.068,1,,,,,,,28.54,28.54,0.239,0.239,0.239,0.239,0.239,0.239,6.0,10.0,21.0,20.0,23.0,24.0,31.0,35.0,15.0,32.0,54.0,66.0,78.0,81.0,106.0,112.0,0.0,0.0,0.0,0.0,0.0,0.0,0.0,0.0,,,,,,,,,0.0,0.0,0.0,0.0,0.0,0.0,0.0,0.0,0.0,0.0,0.0,0.0,0.0,0.0,0.0,0.0,0.0,0.0,0.0,0.0,0.0,0.0,0.0,0.0,0.0,0.0,0.0,0.0,0.0,0.0,0.0,0.0,0.0,0.0,0.0,0.0,0.0,0.0,0.0,0.0,2.0,2.0,2.0,2.0,2.0,2.0,2.0,2.0
9234,,51.965207,7.621931,1170,1650,25.524,0.249,1,,,,,,,0.498,0.498,0.498,0.498,0.498,0.498,0.498,0.498,8.0,12.0,13.0,15.0,17.0,17.0,20.0,21.0,34.0,51.0,57.0,66.0,81.0,89.0,99.0,99.0,0.0,0.0,0.0,0.0,0.0,0.0,0.0,0.0,,,,,,,,,0.0,0.0,0.0,0.0,0.0,0.0,0.0,0.0,0.0,0.0,0.0,0.0,0.0,0.0,0.0,0.0,0.0,0.0,0.0,0.0,0.0,0.0,0.0,0.0,0.0,0.0,0.0,0.0,0.0,0.0,0.0,0.0,0.0,0.0,0.0,0.0,0.0,0.0,0.0,0.0,2.0,2.0,2.0,2.0,2.0,2.0,2.0,2.0
9236,,51.960642,7.626123,1170,1650,26.089,0.155,1,,,,,,,0.31,0.31,0.31,0.31,0.31,0.31,0.31,0.31,8.0,12.0,13.0,15.0,17.0,17.0,20.0,21.0,34.0,51.0,57.0,66.0,81.0,89.0,99.0,99.0,0.0,0.0,0.0,0.0,0.0,0.0,0.0,0.0,,,,,,,,,0.0,0.0,0.0,0.0,0.0,0.0,0.0,0.0,0.0,0.0,0.0,0.0,0.0,0.0,0.0,0.0,0.0,0.0,0.0,0.0,0.0,0.0,0.0,0.0,0.0,0.0,0.0,0.0,0.0,0.0,0.0,0.0,0.0,0.0,0.0,0.0,0.0,0.0,0.0,0.0,2.0,2.0,2.0,2.0,2.0,2.0,2.0,2.0
9238,Schlagd,51.343868,9.855846,1225,1650,5.663,0.047,1,,,,,,,52.266,19.961,19.961,19.961,19.961,19.961,19.961,19.961,0.0,11.0,18.0,21.0,25.0,27.0,30.0,38.0,21.0,53.0,66.0,73.0,85.0,90.0,107.0,118.0,0.0,0.0,0.0,0.0,0.0,0.0,0.0,0.0,,,,,,,,,0.0,0.0,0.0,0.0,0.0,0.0,0.0,0.0,0.0,0.0,0.0,0.0,0.0,0.0,0.0,0.0,0.0,0.0,0.0,0.0,0.0,0.0,0.0,0.0,0.0,0.0,0.0,0.0,0.0,0.0,0.0,0.0,0.0,1.0,1.0,1.0,1.0,1.0,1.0,1.0,2.0,2.0,2.0,2.0,2.0,2.0,2.0,2.0
9250,,52.277778,8.043569,1171,1650,36.803,0.087,1,,,,,,,0.174,0.174,0.174,0.174,0.174,0.174,0.174,0.174,10.0,11.0,12.0,14.0,19.0,21.0,25.0,25.0,31.0,51.0,56.0,62.0,75.0,82.0,98.0,104.0,0.0,0.0,0.0,0.0,0.0,0.0,0.0,0.0,,,,,,,,,0.0,0.0,0.0,0.0,0.0,0.0,0.0,0.0,0.0,0.0,0.0,0.0,0.0,0.0,0.0,0.0,0.0,0.0,0.0,0.0,0.0,0.0,0.0,0.0,0.0,0.0,0.0,0.0,0.0,0.0,0.0,0.0,0.0,0.0,0.0,0.0,0.0,0.0,0.0,0.0,2.0,2.0,2.0,2.0,2.0,2.0,2.0,2.0
9262,,51.377148,10.143523,1227,1650,16.643,0.203,1,,,,,,,46.412,0.413,0.413,0.413,0.413,0.413,0.413,0.413,5.0,16.0,23.0,26.0,31.0,33.0,36.0,44.0,21.0,52.0,65.0,75.0,90.0,100.0,123.0,135.0,0.0,0.0,0.0,0.0,0.0,0.0,0.0,0.0,,,,,,,,,0.0,0.0,0.0,0.0,0.0,0.0,0.0,0.0,0.0,0.0,0.0,0.0,0.0,0.0,0.0,0.0,0.0,0.0,0.0,0.0,0.0,0.0,0.0,0.0,0.0,0.0,0.0,0.0,0.0,0.0,0.0,0.0,0.0,0.0,0.0,0.0,0.0,0.0,0.0,0.0,2.0,2.0,2.0,2.0,2.0,2.0,2.0,2.0
9274,,51.10675,10.649442,1222,1650,38.638,0.117,1,,,,,,,27.343,13.236,13.236,13.236,13.236,13.236,13.236,13.236,7.0,18.0,18.0,18.0,26.0,29.0,31.0,37.0,14.0,44.0,57.0,76.0,96.0,107.0,121.0,133.0,0.0,0.0,0.0,0.0,0.0,0.0,0.0,0.0,,,,,,,,,0.0,0.0,0.0,0.0,0.0,0.0,0.0,0.0,0.0,0.0,0.0,0.0,0.0,0.0,0.0,0.0,0.0,0.0,0.0,0.0,0.0,0.0,0.0,0.0,0.0,0.0,0.0,0.0,0.0,0.0,0.0,0.0,0.0,0.0,0.0,0.0,0.0,0.0,0.0,0.0,2.0,2.0,2.0,2.0,2.0,2.0,2.0,2.0
9287,Hitzacker,53.152931,11.048198,1258,1650,3.405,2.946,1,,,,,,,6.81,6.81,6.81,6.81,6.81,6.81,6.81,6.81,3.0,3.0,8.0,10.0,11.0,11.0,16.0,16.0,9.0,12.0,21.0,29.0,39.0,42.0,61.0,66.0,0.0,0.0,0.0,0.0,0.0,0.0,0.0,0.0,,,,,,,,,1.0,1.0,1.0,1.0,1.0,1.0,1.0,1.0,0.0,0.0,0.0,0.0,0.0,0.0,0.0,0.0,0.0,0.0,0.0,0.0,0.0,0.0,0.0,0.0,0.0,0.0,0.0,0.0,0.0,0.0,0.0,0.0,0.0,1.0,1.0,1.0,1.0,1.0,1.0,1.0,2.0,2.0,2.0,2.0,2.0,2.0,2.0,2.0
9290,Kasseler Schlagd,51.417357,9.649215,1183,1650,3.826,0.096,1,,,,,,,43.764,15.076,15.076,15.076,15.076,15.076,15.076,15.076,3.0,15.0,27.0,30.0,34.0,34.0,40.0,45.0,17.0,46.0,60.0,67.0,80.0,85.0,107.0,117.0,0.0,0.0,0.0,0.0,0.0,0.0,0.0,0.0,,,,,,,,,0.0,0.0,0.0,0.0,0.0,0.0,0.0,0.0,1.0,1.0,1.0,1.0,1.0,1.0,1.0,1.0,0.0,0.0,0.0,0.0,0.0,0.0,0.0,0.0,0.0,0.0,0.0,0.0,0.0,0.0,0.0,0.0,0.0,1.0,1.0,1.0,1.0,1.0,1.0,1.0,3.0,3.0,3.0,3.0,3.0,3.0,3.0,3.0
9291,Wanfrieder Schlagd,51.418839,9.65165,1183,1650,4.061,0.052,1,,,,,,,43.687,15.311,15.311,15.311,15.311,15.311,15.311,15.311,3.0,15.0,27.0,30.0,34.0,34.0,40.0,45.0,17.0,46.0,60.0,67.0,80.0,85.0,107.0,117.0,0.0,0.0,0.0,0.0,0.0,0.0,0.0,0.0,,,,,,,,,0.0,0.0,0.0,0.0,0.0,0.0,0.0,0.0,1.0,1.0,1.0,1.0,1.0,1.0,1.0,1.0,0.0,0.0,0.0,0.0,0.0,0.0,0.0,0.0,0.0,0.0,0.0,0.0,0.0,0.0,0.0,0.0,0.0,1.0,1.0,1.0,1.0,1.0,1.0,1.0,3.0,3.0,3.0,3.0,3.0,3.0,3.0,3.0
9300,,54.2425,12.436748,1235,1650,32.472,0.157,1,,,,,,,63.582,63.582,25.811,25.811,25.811,25.811,23.968,23.968,0.0,0.0,1.0,1.0,1.0,2.0,3.0,3.0,4.0,5.0,8.0,10.0,10.0,13.0,22.0,22.0,0.0,0.0,0.0,0.0,0.0,0.0,0.0,0.0,,,,,,,,,0.0,0.0,0.0,0.0,0.0,0.0,0.0,0.0,0.0,0.0,0.0,0.0,0.0,0.0,0.0,0.0,0.0,0.0,0.0,0.0,0.0,0.0,0.0,0.0,0.0,0.0,0.0,0.0,0.0,0.0,0.0,0.0,0.0,0.0,0.0,0.0,0.0,0.0,0.0,0.0,2.0,2.0,2.0,2.0,2.0,2.0,2.0,2.0
9314,,51.910153,10.425435,1219,1650,8.771,0.266,1,,,,,,,42.008,37.032,37.032,26.091,0.533,0.533,0.533,0.533,7.0,16.0,20.0,28.0,32.0,33.0,41.0,44.0,17.0,45.0,72.0,84.0,99.0,108.0,133.0,146.0,0.0,0.0,0.0,0.0,0.0,0.0,0.0,0.0,,,,,,,,,0.0,0.0,0.0,0.0,0.0,0.0,0.0,0.0,0.0,0.0,0.0,0.0,0.0,0.0,0.0,0.0,0.0,0.0,0.0,0.0,0.0,0.0,0.0,0.0,0.0,0.0,0.0,0.0,0.0,0.0,0.0,0.0,0.0,0.0,0.0,0.0,0.0,0.0,0.0,0.0,2.0,2.0,2.0,2.0,2.0,2.0,2.0,2.0
9318,,52.639753,9.201959,1235,1650,4.866,0.043,1,,,,,,,31.214,31.214,31.214,31.214,31.214,31.214,16.657,16.657,5.0,5.0,8.0,8.0,10.0,9.0,12.0,15.0,25.0,37.0,53.0,59.0,69.0,73.0,88.0,99.0,0.0,0.0,0.0,0.0,0.0,0.0,0.0,0.0,,,,,,,,,0.0,0.0,0.0,0.0,0.0,0.0,0.0,0.0,0.0,0.0,0.0,0.0,0.0,0.0,0.0,0.0,0.0,0.0,0.0,0.0,0.0,0.0,1.0,1.0,0.0,1.0,1.0,1.0,1.0,1.0,0.0,0.0,0.0,0.0,0.0,0.0,0.0,0.0,0.0,0.0,2.0,2.0,2.0,2.0,2.0,2.0,2.0,2.0
9336,,53.477427,9.702158,1280,1650,5.309,0.084,1,,,,,,,0.167,0.167,0.167,0.167,0.167,0.167,0.167,0.167,5.0,6.0,6.0,8.0,13.0,16.0,24.0,24.0,10.0,16.0,23.0,30.0,48.0,49.0,77.0,86.0,0.0,0.0,0.0,0.0,0.0,0.0,0.0,0.0,,,,,,,,,0.0,0.0,0.0,0.0,0.0,0.0,0.0,0.0,0.0,0.0,0.0,0.0,0.0,0.0,0.0,0.0,0.0,0.0,0.0,0.0,0.0,0.0,0.0,0.0,0.0,0.0,0.0,0.0,0.0,0.0,0.0,0.0,0.0,1.0,1.0,1.0,1.0,1.0,1.0,1.0,2.0,2.0,2.0,2.0,2.0,2.0,2.0,2.0
9339,,52.964592,10.565246,1270,1650,6.42,0.052,1,,,,,,,33.403,33.403,33.403,0.318,0.318,0.318,0.318,0.318,3.0,3.0,11.0,13.0,14.0,14.0,19.0,19.0,14.0,17.0,34.0,44.0,55.0,59.0,77.0,78.0,0.0,0.0,0.0,0.0,0.0,0.0,0.0,0.0,,,,,,,,,0.0,0.0,0.0,0.0,0.0,0.0,0.0,0.0,0.0,0.0,0.0,0.0,0.0,0.0,0.0,0.0,0.0,0.0,0.0,0.0,0.0,0.0,0.0,0.0,0.0,0.0,0.0,0.0,0.0,0.0,0.0,0.0,0.0,1.0,1.0,1.0,1.0,1.0,0.0,0.0,2.0,2.0,2.0,2.0,2.0,2.0,2.0,2.0
9344,,51.316588,9.510959,1180,1650,0.089,0.174,1,,,,,,,51.647,0.401,0.401,0.401,0.401,0.401,0.401,0.401,0.0,4.0,16.0,19.0,23.0,23.0,24.0,24.0,17.0,44.0,56.0,59.0,71.0,76.0,96.0,106.0,0.0,0.0,0.0,0.0,0.0,0.0,0.0,0.0,,,,,,,,,0.0,0.0,0.0,0.0,0.0,0.0,0.0,0.0,0.0,1.0,1.0,1.0,1.0,1.0,1.0,1.0,0.0,0.0,0.0,0.0,0.0,0.0,0.0,0.0,0.0,0.0,0.0,0.0,0.0,0.0,0.0,0.0,0.0,1.0,1.0,1.0,1.0,1.0,1.0,1.0,2.0,3.0,3.0,3.0,3.0,3.0,3.0,3.0
9437,,53.89234,11.467337,1226,1650,34.066,0.065,1,,,,,,,29.508,29.508,0.13,0.13,0.13,0.13,0.13,0.13,2.0,2.0,4.0,4.0,5.0,6.0,10.0,11.0,5.0,5.0,9.0,11.0,18.0,18.0,34.0,35.0,0.0,0.0,0.0,0.0,0.0,0.0,0.0,0.0,,,,,,,,,0.0,0.0,0.0,0.0,0.0,0.0,0.0,0.0,0.0,0.0,0.0,1.0,1.0,1.0,1.0,1.0,0.0,0.0,0.0,0.0,0.0,0.0,0.0,0.0,0.0,0.0,0.0,0.0,0.0,0.0,0.0,0.0,0.0,0.0,0.0,0.0,0.0,0.0,0.0,0.0,2.0,2.0,2.0,3.0,3.0,3.0,3.0,3.0
9346,,51.314434,9.505886,1180,1650,0.227,0.079,1,,,,,,,51.823,0.158,0.158,0.158,0.158,0.158,0.158,0.158,0.0,4.0,16.0,19.0,23.0,23.0,24.0,24.0,17.0,44.0,56.0,59.0,71.0,76.0,96.0,106.0,0.0,0.0,0.0,0.0,0.0,0.0,0.0,0.0,,,,,,,,,0.0,1.0,1.0,1.0,1.0,1.0,1.0,1.0,0.0,1.0,1.0,1.0,1.0,1.0,1.0,1.0,1.0,1.0,1.0,1.0,1.0,1.0,1.0,1.0,0.0,0.0,0.0,0.0,0.0,0.0,0.0,0.0,0.0,0.0,0.0,0.0,0.0,0.0,0.0,0.0,2.0,3.0,3.0,3.0,3.0,3.0,3.0,3.0
9354,,52.919802,9.225505,1259,1650,2.039,0.118,1,,,,,,,0.237,0.237,0.237,0.237,0.237,0.237,0.237,0.237,3.0,3.0,3.0,4.0,6.0,6.0,9.0,15.0,23.0,31.0,44.0,48.0,57.0,62.0,82.0,94.0,0.0,0.0,0.0,0.0,0.0,0.0,0.0,0.0,,,,,,,,,0.0,0.0,0.0,0.0,0.0,0.0,1.0,1.0,0.0,0.0,0.0,0.0,0.0,0.0,0.0,0.0,1.0,1.0,1.0,1.0,1.0,1.0,1.0,1.0,0.0,0.0,0.0,0.0,0.0,0.0,0.0,0.0,0.0,0.0,0.0,0.0,0.0,0.0,0.0,0.0,2.0,2.0,2.0,2.0,2.0,2.0,2.0,2.0
9355,Stintbrücke,53.075689,8.806253,965,1650,0.15,0.01,1,,,,,,,0.079,0.079,0.079,0.079,0.079,0.079,0.079,0.079,6.0,8.0,8.0,8.0,10.0,10.0,10.0,18.0,18.0,23.0,28.0,32.0,42.0,51.0,71.0,83.0,0.0,0.0,0.0,0.0,0.0,0.0,0.0,0.0,,,,,,,,,0.0,1.0,1.0,1.0,1.0,1.0,1.0,1.0,0.0,0.0,1.0,1.0,1.0,1.0,1.0,1.0,0.0,0.0,0.0,0.0,0.0,0.0,0.0,0.0,0.0,0.0,0.0,0.0,0.0,0.0,0.0,0.0,0.0,0.0,0.0,0.0,0.0,0.0,0.0,0.0,2.0,2.0,3.0,3.0,3.0,3.0,3.0,3.0
9361,,51.718953,8.758469,1238,1650,42.841,0.114,1,,,,,,,0.229,0.229,0.229,0.229,0.229,0.229,0.229,0.229,6.0,11.0,16.0,18.0,23.0,25.0,33.0,33.0,27.0,47.0,65.0,69.0,77.0,79.0,99.0,103.0,0.0,0.0,0.0,0.0,0.0,0.0,0.0,0.0,,,,,,,,,0.0,0.0,0.0,0.0,0.0,0.0,0.0,0.0,0.0,0.0,0.0,0.0,0.0,0.0,0.0,0.0,0.0,0.0,0.0,0.0,0.0,0.0,0.0,0.0,0.0,0.0,0.0,0.0,0.0,0.0,0.0,0.0,0.0,0.0,0.0,0.0,0.0,0.0,0.0,0.0,2.0,2.0,2.0,2.0,2.0,2.0,2.0,2.0
9396,,52.190229,9.081323,1239,1650,3.344,0.077,1,,,,,,,9.505,9.505,0.323,0.323,0.323,0.323,0.323,0.323,4.0,12.0,17.0,16.0,21.0,20.0,31.0,34.0,23.0,42.0,69.0,77.0,89.0,93.0,114.0,118.0,0.0,0.0,0.0,0.0,0.0,0.0,0.0,0.0,,,,,,,,,0.0,0.0,0.0,0.0,0.0,0.0,0.0,0.0,0.0,0.0,0.0,0.0,0.0,0.0,0.0,0.0,1.0,1.0,1.0,1.0,1.0,1.0,1.0,0.0,0.0,0.0,0.0,0.0,0.0,0.0,0.0,1.0,0.0,0.0,0.0,0.0,0.0,0.0,0.0,0.0,2.0,2.0,2.0,2.0,2.0,2.0,2.0,2.0
9402,,51.128693,9.279752,1180,1650,16.824,0.084,1,,,,,,,72.098,26.071,26.071,26.071,26.071,26.071,26.071,26.071,0.0,3.0,8.0,8.0,8.0,8.0,8.0,8.0,13.0,32.0,44.0,49.0,55.0,59.0,74.0,82.0,0.0,0.0,0.0,0.0,0.0,0.0,0.0,0.0,,,,,,,,,0.0,0.0,0.0,0.0,0.0,0.0,0.0,0.0,0.0,0.0,0.0,0.0,0.0,0.0,0.0,0.0,0.0,1.0,1.0,1.0,1.0,1.0,1.0,1.0,0.0,0.0,0.0,0.0,0.0,0.0,0.0,0.0,0.0,0.0,0.0,0.0,0.0,0.0,0.0,0.0,2.0,2.0,2.0,2.0,2.0,2.0,2.0,2.0
9417,,53.247308,10.409138,1247,1650,10.27,0.083,1,,,,,,,0.294,0.294,0.294,0.294,0.294,0.294,0.294,0.294,6.0,6.0,7.0,10.0,14.0,14.0,20.0,20.0,11.0,14.0,26.0,34.0,48.0,52.0,77.0,79.0,0.0,0.0,0.0,0.0,0.0,0.0,0.0,0.0,,,,,,,,,0.0,0.0,0.0,0.0,0.0,0.0,0.0,0.0,0.0,0.0,1.0,1.0,1.0,1.0,1.0,1.0,0.0,0.0,0.0,0.0,0.0,0.0,0.0,0.0,0.0,0.0,0.0,0.0,0.0,0.0,0.0,0.0,0.0,0.0,0.0,0.0,0.0,0.0,0.0,0.0,2.0,2.0,3.0,3.0,3.0,3.0,3.0,3.0
9429,,51.419859,10.363299,1255,1650,31.326,0.135,1,,,,,,,31.238,16.297,16.297,16.297,16.297,16.297,0.343,0.343,7.0,18.0,25.0,26.0,31.0,33.0,36.0,41.0,23.0,54.0,70.0,87.0,102.0,116.0,141.0,155.0,0.0,0.0,0.0,0.0,0.0,0.0,0.0,0.0,,,,,,,,,0.0,0.0,0.0,0.0,0.0,0.0,0.0,0.0,0.0,0.0,0.0,0.0,0.0,0.0,0.0,0.0,0.0,0.0,0.0,0.0,0.0,0.0,0.0,0.0,0.0,0.0,0.0,0.0,0.0,0.0,0.0,0.0,0.0,0.0,0.0,0.0,0.0,0.0,0.0,0.0,2.0,2.0,2.0,2.0,2.0,2.0,2.0,2.0
9432,,51.531842,9.935362,1230,1650,20.937,0.053,1,,,,,,,46.76,19.833,0.105,0.105,0.105,0.105,0.105,0.105,3.0,15.0,22.0,25.0,29.0,29.0,35.0,42.0,18.0,51.0,71.0,80.0,93.0,100.0,120.0,134.0,0.0,0.0,0.0,0.0,0.0,0.0,0.0,0.0,,,,,,,,,0.0,0.0,0.0,0.0,0.0,0.0,0.0,0.0,0.0,0.0,0.0,0.0,0.0,0.0,0.0,0.0,0.0,0.0,0.0,0.0,0.0,0.0,0.0,0.0,0.0,0.0,0.0,0.0,0.0,0.0,0.0,0.0,0.0,0.0,0.0,0.0,0.0,0.0,0.0,0.0,2.0,2.0,2.0,2.0,2.0,2.0,2.0,2.0
9449,Kummerow (Malchin),53.768566,12.838895,1255,1650,24.619,0.178,1,,,,,,,50.849,50.849,50.849,50.849,50.849,36.929,20.061,20.061,0.0,0.0,0.0,0.0,0.0,1.0,3.0,4.0,3.0,3.0,5.0,5.0,5.0,8.0,15.0,16.0,0.0,0.0,0.0,0.0,0.0,0.0,0.0,0.0,,,,,,,,,0.0,0.0,0.0,0.0,0.0,0.0,0.0,0.0,0.0,0.0,0.0,0.0,0.0,0.0,0.0,0.0,0.0,0.0,0.0,0.0,0.0,0.0,0.0,0.0,0.0,0.0,0.0,0.0,0.0,0.0,0.0,0.0,0.0,0.0,0.0,0.0,0.0,0.0,0.0,0.0,2.0,2.0,2.0,2.0,2.0,2.0,2.0,2.0
9450,Stadersand,53.625845,9.517738,1209,1650,1.87,3.743,1,,,,,,,3.741,3.741,3.741,3.741,3.741,3.741,3.741,3.741,5.0,8.0,10.0,12.0,23.0,29.0,41.0,41.0,10.0,16.0,20.0,25.0,46.0,47.0,81.0,89.0,0.0,0.0,0.0,0.0,0.0,0.0,0.0,0.0,,,,,,,,,1.0,1.0,1.0,1.0,1.0,1.0,1.0,1.0,1.0,1.0,1.0,1.0,1.0,1.0,1.0,1.0,0.0,0.0,0.0,0.0,0.0,0.0,0.0,0.0,0.0,0.0,0.0,0.0,0.0,0.0,0.0,0.0,0.0,0.0,0.0,0.0,0.0,0.0,0.0,0.0,3.0,3.0,3.0,3.0,3.0,3.0,3.0,3.0
9455,,53.363687,10.717294,1267,1650,0.845,0.613,1,,,,,,,24.081,24.081,24.081,24.081,24.081,24.081,1.225,1.225,3.0,3.0,4.0,6.0,6.0,6.0,12.0,12.0,10.0,10.0,19.0,27.0,34.0,39.0,63.0,64.0,0.0,0.0,0.0,0.0,0.0,0.0,0.0,0.0,,,,,,,,,1.0,1.0,1.0,1.0,1.0,1.0,1.0,1.0,0.0,0.0,0.0,0.0,0.0,0.0,0.0,0.0,0.0,0.0,0.0,0.0,0.0,0.0,0.0,0.0,1.0,1.0,1.0,1.0,1.0,1.0,1.0,1.0,0.0,0.0,0.0,0.0,0.0,0.0,0.0,0.0,2.0,2.0,2.0,2.0,2.0,2.0,2.0,2.0
9479,Hjørring,57.4615,9.983886,1243,1650,70.145,0.479,1,,,,,,,15.026,0.0,0.0,0.0,0.0,0.0,0.0,0.0,1.0,2.0,3.0,3.0,4.0,4.0,5.0,7.0,1.0,3.0,4.0,4.0,4.0,7.0,7.0,12.0,0.0,1.0,1.0,1.0,1.0,1.0,1.0,1.0,,local,local,local,local,local,local,local,0.0,0.0,0.0,0.0,0.0,0.0,0.0,0.0,0.0,0.0,0.0,0.0,0.0,0.0,0.0,0.0,0.0,0.0,0.0,0.0,0.0,0.0,0.0,0.0,0.0,0.0,0.0,0.0,0.0,0.0,0.0,0.0,0.0,0.0,0.0,0.0,0.0,0.0,0.0,0.0,2.0,2.0,2.0,2.0,2.0,2.0,2.0,2.0
9507,,51.209279,10.463684,1135,1650,24.744,0.141,1,,,,,,,27.966,0.341,0.341,0.341,0.341,0.341,0.341,0.341,7.0,18.0,18.0,18.0,24.0,27.0,29.0,37.0,19.0,48.0,64.0,83.0,105.0,116.0,135.0,149.0,0.0,0.0,0.0,0.0,0.0,0.0,0.0,0.0,,,,,,,,,0.0,0.0,0.0,0.0,0.0,0.0,0.0,0.0,0.0,0.0,0.0,0.0,0.0,0.0,1.0,1.0,0.0,0.0,0.0,0.0,0.0,0.0,0.0,0.0,0.0,0.0,0.0,0.0,0.0,0.0,0.0,0.0,0.0,0.0,0.0,0.0,0.0,0.0,0.0,0.0,2.0,2.0,2.0,2.0,2.0,2.0,3.0,3.0
9508,,53.627472,10.686962,1202,1650,1.789,0.217,1,,,,,,,45.842,45.842,45.842,45.842,45.842,45.842,28.291,28.291,7.0,7.0,7.0,8.0,12.0,12.0,20.0,21.0,10.0,13.0,22.0,28.0,47.0,50.0,77.0,78.0,0.0,0.0,0.0,0.0,0.0,0.0,0.0,0.0,,,,,,,,,0.0,0.0,0.0,0.0,0.0,0.0,0.0,0.0,0.0,0.0,0.0,0.0,0.0,0.0,0.0,0.0,0.0,0.0,0.0,0.0,0.0,0.0,0.0,0.0,0.0,0.0,0.0,0.0,0.0,0.0,0.0,0.0,0.0,0.0,0.0,0.0,0.0,0.0,0.0,0.0,2.0,2.0,2.0,2.0,2.0,2.0,2.0,2.0
9660,,51.773141,9.382899,1150,1650,3.68,0.022,1,,,,,,,0.15,0.15,0.15,0.15,0.15,0.15,0.15,0.15,6.0,21.0,33.0,36.0,42.0,43.0,54.0,54.0,15.0,39.0,62.0,73.0,87.0,89.0,114.0,122.0,0.0,0.0,0.0,0.0,0.0,0.0,0.0,0.0,,,,,,,,,0.0,0.0,0.0,0.0,0.0,0.0,0.0,0.0,0.0,0.0,0.0,0.0,0.0,0.0,0.0,0.0,0.0,0.0,0.0,0.0,0.0,0.0,0.0,0.0,0.0,0.0,0.0,0.0,0.0,0.0,0.0,0.0,0.0,1.0,1.0,1.0,1.0,1.0,1.0,1.0,2.0,2.0,2.0,2.0,2.0,2.0,2.0,2.0
9661,,52.168745,8.867289,1250,1368,4.153,0.149,1,,,,,,,13.689,13.689,,,,,,,4.0,12.0,,,,,,,28.0,47.0,,,,,,,0.0,0.0,,,,,,,,,,,,,,,0.0,0.0,,,,,,,0.0,0.0,,,,,,,0.0,0.0,,,,,,,0.0,0.0,,,,,,,0.0,1.0,,,,,,,2.0,2.0,,,,,,
6989,Schwaan,53.940082,12.107348,1276,1650,6.465,0.086,1,,,,,,,57.162,57.162,16.653,16.653,16.653,15.65,15.65,15.65,0.0,0.0,2.0,2.0,2.0,4.0,6.0,6.0,3.0,3.0,6.0,6.0,9.0,12.0,21.0,23.0,0.0,0.0,0.0,0.0,0.0,0.0,0.0,0.0,,,,,,,,,0.0,0.0,0.0,0.0,0.0,0.0,0.0,0.0,0.0,0.0,0.0,0.0,0.0,0.0,0.0,0.0,0.0,0.0,0.0,0.0,0.0,0.0,0.0,0.0,0.0,0.0,0.0,0.0,0.0,0.0,0.0,0.0,0.0,0.0,0.0,0.0,0.0,0.0,0.0,0.0,2.0,2.0,2.0,2.0,2.0,2.0,2.0,2.0
9555,Nykøbing Mors,56.794879,8.859924,1250,1650,30.738,0.115,1,,,,,,,50.786,33.187,33.187,33.187,0.0,0.0,0.0,0.0,0.0,3.0,3.0,3.0,4.0,4.0,4.0,4.0,2.0,9.0,11.0,15.0,18.0,18.0,20.0,23.0,0.0,0.0,0.0,0.0,1.0,1.0,1.0,1.0,,,,,local,local,local,local,0.0,0.0,0.0,0.0,0.0,0.0,0.0,0.0,0.0,0.0,0.0,0.0,0.0,0.0,0.0,0.0,0.0,0.0,0.0,0.0,0.0,0.0,0.0,0.0,0.0,0.0,0.0,0.0,0.0,0.0,0.0,0.0,0.0,0.0,0.0,0.0,0.0,0.0,0.0,0.0,2.0,2.0,2.0,2.0,2.0,2.0,2.0,2.0
9576,,52.149445,9.941365,1300,1650,32.02,0.109,1,,,,,,,0.795,0.795,0.795,0.795,0.795,0.795,0.795,0.795,5.0,17.0,26.0,28.0,33.0,34.0,47.0,51.0,19.0,43.0,69.0,81.0,98.0,99.0,129.0,143.0,0.0,0.0,0.0,0.0,0.0,0.0,0.0,0.0,,,,,,,,,0.0,0.0,0.0,0.0,0.0,0.0,0.0,0.0,0.0,0.0,0.0,0.0,0.0,0.0,0.0,0.0,1.0,1.0,1.0,1.0,1.0,1.0,1.0,1.0,0.0,0.0,0.0,0.0,0.0,0.0,0.0,0.0,0.0,0.0,0.0,0.0,0.0,0.0,0.0,0.0,2.0,2.0,2.0,2.0,2.0,2.0,2.0,2.0
9577,,52.150887,9.950977,1300,1650,32.253,0.072,1,,,,,,,0.213,0.213,0.213,0.213,0.213,0.213,0.213,0.213,5.0,17.0,26.0,28.0,33.0,34.0,47.0,51.0,19.0,43.0,69.0,81.0,98.0,99.0,129.0,143.0,0.0,0.0,0.0,0.0,0.0,0.0,0.0,0.0,,,,,,,,,0.0,0.0,0.0,0.0,0.0,0.0,0.0,0.0,0.0,0.0,0.0,0.0,0.0,0.0,0.0,0.0,0.0,0.0,0.0,0.0,0.0,0.0,0.0,0.0,0.0,0.0,0.0,0.0,0.0,0.0,0.0,0.0,0.0,0.0,0.0,0.0,0.0,0.0,0.0,0.0,2.0,2.0,2.0,2.0,2.0,2.0,2.0,2.0
9588,,51.272331,9.972966,1212,1650,0.034,0.055,1,,,,,,,41.001,16.452,16.452,16.452,16.452,16.452,16.452,16.452,3.0,14.0,21.0,24.0,28.0,30.0,33.0,41.0,21.0,49.0,62.0,69.0,80.0,88.0,106.0,117.0,0.0,0.0,0.0,0.0,0.0,0.0,0.0,0.0,,,,,,,,,0.0,0.0,0.0,0.0,0.0,0.0,0.0,0.0,0.0,0.0,0.0,0.0,0.0,0.0,0.0,0.0,0.0,0.0,0.0,0.0,0.0,0.0,0.0,0.0,0.0,0.0,0.0,0.0,0.0,0.0,0.0,0.0,0.0,1.0,1.0,1.0,1.0,1.0,1.0,1.0,2.0,2.0,2.0,2.0,2.0,2.0,2.0,2.0
9589,,51.272412,9.971996,1212,1650,0.034,0.118,1,,,,,,,41.049,16.492,16.492,16.492,16.492,16.492,16.492,16.492,3.0,14.0,21.0,24.0,28.0,30.0,33.0,41.0,21.0,49.0,62.0,69.0,80.0,88.0,106.0,117.0,0.0,0.0,0.0,0.0,0.0,0.0,0.0,0.0,,,,,,,,,0.0,0.0,0.0,0.0,0.0,0.0,0.0,0.0,0.0,0.0,0.0,0.0,0.0,0.0,0.0,0.0,0.0,0.0,0.0,0.0,0.0,0.0,0.0,0.0,0.0,0.0,0.0,0.0,0.0,0.0,0.0,0.0,0.0,0.0,0.0,0.0,0.0,0.0,0.0,0.0,2.0,2.0,2.0,2.0,2.0,2.0,2.0,2.0
9697,,53.547316,9.993701,1150,1650,0.166,0.042,1,,,,,,,0.084,0.084,0.084,0.084,0.084,0.084,0.084,0.084,7.0,7.0,7.0,9.0,14.0,18.0,29.0,29.0,13.0,19.0,24.0,31.0,50.0,51.0,81.0,89.0,0.0,0.0,0.0,0.0,0.0,0.0,0.0,0.0,,,,,,,,,0.0,0.0,0.0,0.0,0.0,0.0,0.0,0.0,0.0,0.0,0.0,0.0,1.0,1.0,1.0,1.0,0.0,0.0,0.0,0.0,0.0,0.0,0.0,0.0,0.0,0.0,0.0,0.0,0.0,0.0,0.0,0.0,0.0,0.0,0.0,0.0,0.0,0.0,0.0,0.0,2.0,2.0,2.0,2.0,3.0,3.0,3.0,3.0
4377,Lenzen,53.090859,11.474693,1237,1650,4.489,0.232,1,,,,,,,25.349,25.349,25.226,25.226,25.226,25.226,25.226,25.226,1.0,3.0,8.0,11.0,12.0,12.0,15.0,15.0,5.0,8.0,16.0,21.0,26.0,30.0,50.0,56.0,0.0,0.0,0.0,0.0,0.0,0.0,0.0,0.0,,,,,,,,,1.0,1.0,1.0,1.0,1.0,1.0,1.0,1.0,0.0,0.0,0.0,0.0,0.0,0.0,0.0,0.0,0.0,0.0,0.0,0.0,0.0,0.0,0.0,0.0,0.0,0.0,0.0,0.0,0.0,0.0,0.0,0.0,0.0,0.0,0.0,0.0,0.0,0.0,0.0,0.0,2.0,2.0,2.0,2.0,2.0,2.0,2.0,2.0
12921,,51.194644,5.983897,1224,1650,0.195,0.083,1,,,,,,,0.165,0.165,0.165,0.165,0.165,0.165,0.165,0.165,9.0,17.0,22.0,28.0,30.0,31.0,31.0,31.0,32.0,43.0,51.0,67.0,77.0,78.0,80.0,80.0,0.0,0.0,0.0,0.0,0.0,0.0,0.0,0.0,,,,,,,,,0.0,0.0,0.0,0.0,0.0,0.0,0.0,0.0,0.0,0.0,1.0,1.0,1.0,0.0,0.0,0.0,0.0,0.0,0.0,0.0,0.0,0.0,0.0,0.0,0.0,0.0,0.0,0.0,0.0,0.0,0.0,0.0,0.0,1.0,1.0,1.0,1.0,1.0,1.0,1.0,2.0,2.0,3.0,3.0,3.0,2.0,2.0,2.0
9608,Randers,56.460725,10.036703,1200,1650,74.585,0.081,1,2000.0,1000.0,1000.0,1000.0,2000.0,2000.0,35.405,0.0,0.0,0.0,0.0,0.0,0.0,0.0,1.0,4.0,5.0,6.0,8.0,8.0,10.0,13.0,2.0,6.0,8.0,11.0,14.0,17.0,16.0,20.0,0.0,1.0,1.0,1.0,1.0,1.0,1.0,1.0,,local,local,local,local,local,local,local,0.0,0.0,0.0,0.0,0.0,0.0,0.0,0.0,0.0,0.0,0.0,0.0,0.0,0.0,0.0,0.0,0.0,0.0,0.0,0.0,0.0,0.0,0.0,0.0,0.0,0.0,0.0,0.0,0.0,0.0,0.0,0.0,0.0,0.0,0.0,0.0,0.0,0.0,0.0,0.0,2.0,2.0,2.0,2.0,2.0,2.0,2.0,2.0
9607,Ringkøbing,56.090081,8.244152,1300,1650,115.83,0.147,1,,,,,,,37.689,37.689,37.689,0.0,0.0,0.0,0.0,0.0,1.0,1.0,1.0,4.0,4.0,4.0,4.0,4.0,2.0,7.0,8.0,12.0,14.0,14.0,14.0,14.0,0.0,0.0,0.0,1.0,1.0,1.0,1.0,1.0,,,,local,local,local,local,local,0.0,0.0,0.0,0.0,0.0,0.0,0.0,0.0,0.0,0.0,0.0,0.0,0.0,0.0,0.0,0.0,0.0,0.0,0.0,0.0,0.0,0.0,0.0,0.0,0.0,0.0,0.0,0.0,0.0,0.0,0.0,0.0,0.0,0.0,0.0,0.0,0.0,0.0,0.0,0.0,2.0,2.0,2.0,2.0,2.0,2.0,2.0,2.0
14673,Oude Haven,51.947014,4.851454,1280,1650,0.813,0.031,1,,,,,,,24.378,12.013,12.013,12.013,12.013,12.013,12.013,12.013,9.0,18.0,21.0,26.0,29.0,31.0,31.0,30.0,21.0,42.0,52.0,65.0,78.0,82.0,82.0,81.0,0.0,0.0,0.0,0.0,0.0,0.0,0.0,0.0,,,,,,,,,0.0,0.0,0.0,0.0,0.0,0.0,0.0,0.0,0.0,0.0,0.0,0.0,0.0,0.0,0.0,0.0,0.0,0.0,0.0,0.0,0.0,0.0,0.0,0.0,0.0,0.0,0.0,0.0,0.0,0.0,0.0,0.0,0.0,1.0,1.0,1.0,1.0,1.0,1.0,1.0,2.0,2.0,2.0,2.0,2.0,2.0,2.0,2.0
9691,,53.552225,9.994677,1150,1650,0.539,0.133,1,,,,,,,0.483,0.483,0.483,0.483,0.483,0.483,0.483,0.483,7.0,7.0,7.0,9.0,14.0,18.0,29.0,29.0,13.0,19.0,24.0,31.0,50.0,51.0,81.0,89.0,0.0,0.0,0.0,0.0,0.0,0.0,0.0,0.0,,,,,,,,,0.0,0.0,0.0,0.0,0.0,0.0,0.0,0.0,0.0,0.0,0.0,0.0,1.0,1.0,1.0,1.0,0.0,0.0,0.0,0.0,0.0,0.0,0.0,0.0,0.0,0.0,0.0,0.0,0.0,0.0,0.0,0.0,0.0,1.0,1.0,1.0,1.0,1.0,1.0,1.0,2.0,2.0,2.0,2.0,3.0,3.0,3.0,3.0
9692,,53.549989,9.996123,1150,1650,0.275,0.101,1,,,,,,,0.3,0.3,0.3,0.3,0.3,0.3,0.3,0.3,7.0,7.0,7.0,9.0,14.0,18.0,29.0,29.0,13.0,19.0,24.0,31.0,50.0,51.0,81.0,89.0,0.0,0.0,0.0,0.0,0.0,0.0,0.0,0.0,,,,,,,,,0.0,0.0,0.0,0.0,0.0,0.0,0.0,0.0,0.0,0.0,0.0,0.0,1.0,1.0,1.0,1.0,0.0,0.0,0.0,0.0,0.0,0.0,0.0,0.0,0.0,0.0,0.0,0.0,0.0,0.0,0.0,0.0,0.0,0.0,0.0,0.0,0.0,0.0,0.0,0.0,2.0,2.0,2.0,2.0,3.0,3.0,3.0,3.0
9622,,50.982854,11.020513,1167,1650,67.49,0.286,1,,,,,,,48.931,0.801,0.801,0.801,0.801,0.801,0.801,0.801,4.0,12.0,13.0,16.0,23.0,27.0,28.0,27.0,15.0,34.0,44.0,64.0,84.0,97.0,114.0,123.0,0.0,0.0,0.0,0.0,0.0,0.0,0.0,0.0,,,,,,,,,0.0,0.0,0.0,0.0,0.0,0.0,0.0,0.0,1.0,1.0,1.0,1.0,1.0,0.0,0.0,0.0,0.0,0.0,0.0,0.0,0.0,0.0,0.0,0.0,0.0,0.0,0.0,0.0,0.0,0.0,0.0,0.0,0.0,0.0,0.0,0.0,0.0,0.0,0.0,0.0,3.0,3.0,3.0,3.0,3.0,2.0,2.0,2.0
9627,,50.97749,11.024909,1167,1650,67.985,0.05,1,,,,,,,48.731,0.274,0.274,0.274,0.274,0.274,0.274,0.274,4.0,12.0,13.0,16.0,23.0,27.0,28.0,27.0,15.0,34.0,44.0,64.0,84.0,97.0,114.0,123.0,0.0,0.0,0.0,0.0,0.0,0.0,0.0,0.0,,,,,,,,,0.0,0.0,0.0,0.0,0.0,0.0,0.0,0.0,1.0,1.0,1.0,1.0,1.0,0.0,0.0,0.0,0.0,0.0,0.0,0.0,0.0,0.0,0.0,0.0,0.0,0.0,0.0,0.0,0.0,0.0,0.0,0.0,0.0,0.0,0.0,0.0,0.0,0.0,0.0,0.0,3.0,3.0,3.0,3.0,3.0,2.0,2.0,2.0
9650,,53.075981,8.801675,965,1650,0.086,0.169,1,,,,,,,0.382,0.382,0.382,0.382,0.382,0.382,0.382,0.382,6.0,8.0,8.0,8.0,10.0,10.0,10.0,18.0,18.0,23.0,28.0,32.0,42.0,51.0,71.0,83.0,0.0,0.0,0.0,0.0,0.0,0.0,0.0,0.0,,,,,,,,,0.0,0.0,0.0,0.0,0.0,0.0,0.0,0.0,0.0,0.0,1.0,1.0,1.0,1.0,1.0,1.0,0.0,0.0,0.0,0.0,0.0,0.0,0.0,0.0,0.0,0.0,0.0,0.0,0.0,0.0,0.0,0.0,0.0,0.0,0.0,0.0,0.0,0.0,0.0,0.0,2.0,2.0,3.0,3.0,3.0,3.0,3.0,3.0
9651,,53.072094,8.807886,965,1650,0.035,0.164,1,,,,,,,0.423,0.423,0.423,0.423,0.423,0.423,0.423,0.423,6.0,8.0,8.0,8.0,10.0,10.0,10.0,18.0,18.0,23.0,31.0,34.0,44.0,53.0,73.0,85.0,0.0,0.0,0.0,0.0,0.0,0.0,0.0,0.0,,,,,,,,,0.0,0.0,0.0,0.0,0.0,0.0,0.0,0.0,0.0,0.0,1.0,1.0,1.0,1.0,1.0,1.0,0.0,0.0,0.0,0.0,0.0,0.0,0.0,0.0,0.0,0.0,0.0,0.0,0.0,0.0,0.0,0.0,0.0,0.0,0.0,0.0,0.0,0.0,0.0,0.0,2.0,2.0,3.0,3.0,3.0,3.0,3.0,3.0
9654,,52.640685,9.203087,1235,1650,4.994,0.058,1,,,,,,,31.106,31.106,31.106,31.106,31.106,31.106,16.785,16.785,5.0,5.0,8.0,8.0,10.0,9.0,12.0,15.0,25.0,37.0,53.0,59.0,69.0,73.0,88.0,99.0,0.0,0.0,0.0,0.0,0.0,0.0,0.0,0.0,,,,,,,,,0.0,0.0,1.0,1.0,1.0,1.0,1.0,1.0,0.0,0.0,0.0,0.0,0.0,0.0,0.0,0.0,0.0,0.0,0.0,0.0,0.0,0.0,0.0,0.0,0.0,0.0,0.0,0.0,0.0,0.0,0.0,0.0,0.0,1.0,1.0,1.0,1.0,1.0,1.0,1.0,2.0,2.0,2.0,2.0,2.0,2.0,2.0,2.0
9655,,53.251462,10.409071,1247,1650,9.918,0.084,1,,,,,,,0.169,0.169,0.169,0.169,0.169,0.169,0.169,0.169,6.0,6.0,7.0,10.0,14.0,14.0,20.0,20.0,11.0,14.0,27.0,35.0,49.0,54.0,79.0,81.0,0.0,0.0,0.0,0.0,0.0,0.0,0.0,0.0,,,,,,,,,0.0,0.0,0.0,0.0,0.0,0.0,0.0,0.0,0.0,0.0,1.0,1.0,1.0,1.0,1.0,1.0,0.0,0.0,0.0,0.0,0.0,0.0,0.0,0.0,0.0,0.0,0.0,0.0,0.0,0.0,0.0,0.0,0.0,0.0,0.0,0.0,0.0,0.0,0.0,0.0,2.0,2.0,3.0,3.0,3.0,3.0,3.0,3.0
2248,Gnoien,53.968648,12.710935,1290,1650,24.415,0.289,1,,,,,,,45.996,45.996,39.611,39.611,39.611,24.316,17.161,17.161,1.0,1.0,2.0,2.0,2.0,4.0,6.0,6.0,3.0,3.0,5.0,5.0,5.0,8.0,14.0,15.0,0.0,0.0,0.0,0.0,0.0,0.0,0.0,0.0,,,,,,,,,0.0,1.0,1.0,1.0,1.0,1.0,1.0,1.0,0.0,0.0,0.0,0.0,0.0,0.0,0.0,0.0,0.0,0.0,0.0,0.0,0.0,0.0,0.0,0.0,0.0,0.0,0.0,0.0,0.0,0.0,0.0,0.0,0.0,0.0,0.0,0.0,0.0,0.0,0.0,0.0,2.0,2.0,2.0,2.0,2.0,2.0,2.0,2.0
7810,Tribsees,54.094489,12.757519,1218,1650,27.344,0.173,1,,,,,,,40.656,40.656,40.284,40.284,40.284,32.625,20.276,20.276,1.0,1.0,2.0,2.0,2.0,4.0,6.0,6.0,1.0,2.0,4.0,4.0,4.0,7.0,13.0,14.0,0.0,0.0,0.0,0.0,0.0,0.0,0.0,0.0,,,,,,,,,0.0,0.0,0.0,0.0,0.0,0.0,0.0,0.0,0.0,0.0,0.0,0.0,0.0,0.0,0.0,0.0,0.0,0.0,0.0,0.0,0.0,0.0,0.0,0.0,0.0,0.0,0.0,0.0,0.0,0.0,0.0,0.0,0.0,0.0,0.0,0.0,0.0,0.0,0.0,0.0,2.0,2.0,2.0,2.0,2.0,2.0,2.0,2.0
9685,Altstadt,51.485061,9.146992,1195,1650,25.517,0.22,1,,,,,,,35.967,31.179,0.441,0.441,0.441,0.441,0.441,0.441,4.0,7.0,12.0,14.0,15.0,16.0,21.0,21.0,18.0,42.0,56.0,61.0,75.0,79.0,94.0,107.0,0.0,0.0,0.0,0.0,0.0,0.0,0.0,0.0,,,,,,,,,0.0,0.0,0.0,0.0,0.0,0.0,0.0,0.0,0.0,0.0,0.0,0.0,0.0,0.0,0.0,0.0,0.0,0.0,0.0,0.0,0.0,0.0,0.0,0.0,0.0,0.0,0.0,0.0,0.0,0.0,0.0,0.0,0.0,0.0,0.0,0.0,0.0,0.0,0.0,0.0,2.0,2.0,2.0,2.0,2.0,2.0,2.0,2.0
9714,,51.904459,11.783583,1160,1650,0.208,0.036,1,,,,,,,27.126,27.126,27.126,27.126,21.769,21.769,21.769,21.769,3.0,6.0,7.0,12.0,16.0,21.0,34.0,42.0,13.0,24.0,35.0,54.0,75.0,89.0,117.0,130.0,0.0,0.0,0.0,0.0,0.0,0.0,0.0,0.0,,,,,,,,,0.0,0.0,0.0,0.0,0.0,0.0,0.0,0.0,0.0,0.0,0.0,0.0,0.0,0.0,0.0,0.0,0.0,0.0,0.0,0.0,1.0,1.0,1.0,0.0,0.0,1.0,1.0,1.0,1.0,1.0,1.0,1.0,0.0,0.0,0.0,0.0,0.0,0.0,0.0,0.0,2.0,2.0,2.0,2.0,2.0,2.0,2.0,2.0
16254,,54.096568,12.751774,1218,1650,27.78,0.22,1,,,,,,,41.029,41.029,39.912,39.912,39.912,32.448,20.014,20.014,1.0,1.0,2.0,2.0,2.0,4.0,6.0,6.0,1.0,2.0,4.0,4.0,4.0,7.0,13.0,14.0,0.0,0.0,0.0,0.0,0.0,0.0,0.0,0.0,,,,,,,,,0.0,0.0,0.0,0.0,0.0,0.0,0.0,0.0,0.0,0.0,0.0,0.0,0.0,0.0,0.0,0.0,0.0,0.0,0.0,0.0,0.0,0.0,0.0,0.0,1.0,1.0,1.0,1.0,1.0,1.0,1.0,1.0,0.0,0.0,0.0,0.0,0.0,0.0,0.0,0.0,2.0,2.0,2.0,2.0,2.0,2.0,2.0,2.0
9755,,51.272378,8.870253,1188,1650,42.937,0.136,1,,,,,,,50.208,44.422,30.841,30.841,30.841,30.841,30.841,30.841,0.0,3.0,8.0,8.0,8.0,8.0,8.0,8.0,6.0,29.0,42.0,47.0,56.0,60.0,70.0,74.0,0.0,0.0,0.0,0.0,0.0,0.0,0.0,0.0,,,,,,,,,0.0,0.0,0.0,0.0,0.0,0.0,0.0,0.0,0.0,0.0,0.0,0.0,0.0,0.0,0.0,0.0,0.0,0.0,0.0,0.0,0.0,0.0,0.0,0.0,0.0,0.0,0.0,0.0,0.0,0.0,0.0,0.0,0.0,0.0,0.0,0.0,0.0,0.0,0.0,0.0,2.0,2.0,2.0,2.0,2.0,2.0,2.0,2.0
9823,,51.835436,8.313772,1200,1650,48.976,0.127,1,,,,,,,17.841,17.841,17.841,17.841,17.841,17.841,17.841,17.841,7.0,12.0,12.0,14.0,20.0,22.0,31.0,32.0,30.0,43.0,52.0,58.0,67.0,70.0,89.0,92.0,0.0,0.0,0.0,0.0,0.0,0.0,0.0,0.0,,,,,,,,,0.0,0.0,0.0,0.0,0.0,0.0,0.0,0.0,0.0,0.0,0.0,0.0,0.0,0.0,0.0,0.0,0.0,0.0,0.0,0.0,0.0,0.0,0.0,0.0,0.0,0.0,0.0,0.0,0.0,0.0,0.0,0.0,0.0,0.0,0.0,0.0,0.0,0.0,0.0,0.0,2.0,2.0,2.0,2.0,2.0,2.0,2.0,2.0
9830,,51.675946,8.342436,1220,1650,46.539,0.142,1,,,,,,,0.284,0.284,0.284,0.284,0.284,0.284,0.284,0.284,3.0,5.0,6.0,8.0,12.0,14.0,18.0,18.0,27.0,42.0,50.0,57.0,65.0,66.0,81.0,85.0,0.0,0.0,0.0,0.0,0.0,0.0,0.0,0.0,,,,,,,,,0.0,0.0,0.0,0.0,0.0,0.0,0.0,0.0,0.0,0.0,0.0,0.0,0.0,0.0,0.0,0.0,0.0,0.0,0.0,0.0,0.0,0.0,0.0,0.0,0.0,0.0,0.0,0.0,0.0,0.0,0.0,0.0,0.0,0.0,0.0,0.0,0.0,0.0,0.0,0.0,2.0,2.0,2.0,2.0,2.0,2.0,2.0,2.0
9836,,51.570156,8.105485,1144,1650,31.396,0.093,1,,,,,,,0.285,0.285,0.285,0.285,0.285,0.285,0.285,0.285,5.0,5.0,6.0,8.0,9.0,11.0,15.0,15.0,26.0,35.0,43.0,48.0,55.0,56.0,69.0,70.0,0.0,0.0,0.0,0.0,0.0,0.0,0.0,0.0,,,,,,,,,0.0,0.0,0.0,0.0,0.0,0.0,0.0,0.0,0.0,0.0,0.0,0.0,0.0,0.0,0.0,0.0,0.0,0.0,0.0,0.0,0.0,0.0,0.0,0.0,0.0,0.0,0.0,0.0,0.0,0.0,0.0,0.0,0.0,0.0,0.0,0.0,0.0,0.0,0.0,0.0,2.0,2.0,2.0,2.0,2.0,2.0,2.0,2.0
9837,,51.572043,8.105502,1144,1650,31.339,0.045,1,,,,,,,0.09,0.09,0.09,0.09,0.09,0.09,0.09,0.09,5.0,5.0,6.0,8.0,9.0,11.0,15.0,15.0,26.0,35.0,43.0,48.0,55.0,56.0,69.0,70.0,0.0,0.0,0.0,0.0,0.0,0.0,0.0,0.0,,,,,,,,,0.0,0.0,0.0,0.0,0.0,0.0,0.0,0.0,0.0,0.0,0.0,0.0,0.0,0.0,0.0,0.0,0.0,0.0,0.0,0.0,0.0,0.0,0.0,0.0,0.0,0.0,0.0,0.0,0.0,0.0,0.0,0.0,0.0,0.0,0.0,0.0,0.0,0.0,0.0,0.0,2.0,2.0,2.0,2.0,2.0,2.0,2.0,2.0
9840,Sønderborg,54.909281,9.789286,1250,1650,55.885,0.147,1,,,,,,,80.221,35.501,35.501,35.501,35.501,35.501,35.501,35.501,0.0,1.0,2.0,2.0,2.0,2.0,4.0,4.0,1.0,6.0,10.0,14.0,25.0,24.0,39.0,46.0,0.0,0.0,0.0,0.0,0.0,0.0,0.0,0.0,,,,,,,,,0.0,0.0,0.0,0.0,0.0,0.0,0.0,0.0,0.0,0.0,0.0,0.0,0.0,0.0,0.0,0.0,0.0,0.0,0.0,0.0,0.0,0.0,0.0,0.0,0.0,0.0,0.0,0.0,0.0,0.0,0.0,0.0,0.0,0.0,0.0,0.0,0.0,0.0,0.0,0.0,2.0,2.0,2.0,2.0,2.0,2.0,2.0,2.0
12923,,51.758592,5.740709,1279,1650,3.767,0.062,1,,,,,,,13.047,13.047,13.047,0.123,0.123,0.123,0.123,0.123,12.0,16.0,18.0,27.0,33.0,33.0,33.0,33.0,40.0,65.0,81.0,100.0,114.0,120.0,122.0,118.0,0.0,0.0,0.0,0.0,0.0,0.0,0.0,0.0,,,,,,,,,0.0,0.0,0.0,0.0,0.0,0.0,0.0,0.0,0.0,0.0,0.0,0.0,1.0,1.0,1.0,1.0,0.0,0.0,0.0,0.0,0.0,0.0,0.0,0.0,0.0,0.0,0.0,0.0,0.0,0.0,0.0,0.0,0.0,0.0,0.0,0.0,0.0,0.0,0.0,0.0,2.0,2.0,2.0,2.0,3.0,3.0,3.0,3.0
9845,Hohe Brücke,51.480917,11.953624,1170,1650,15.45,0.151,1,,,,,,,1.137,1.137,1.137,1.137,1.137,1.137,1.137,1.137,4.0,6.0,9.0,18.0,23.0,26.0,33.0,36.0,12.0,24.0,33.0,54.0,69.0,81.0,98.0,110.0,0.0,0.0,0.0,0.0,0.0,0.0,0.0,0.0,,,,,,,,,0.0,0.0,0.0,0.0,0.0,0.0,0.0,0.0,0.0,0.0,0.0,0.0,0.0,0.0,0.0,0.0,1.0,1.0,1.0,1.0,1.0,1.0,1.0,1.0,0.0,0.0,0.0,0.0,0.0,0.0,0.0,0.0,0.0,0.0,0.0,0.0,0.0,0.0,0.0,0.0,2.0,2.0,2.0,2.0,2.0,2.0,2.0,2.0
9846,,51.481903,11.962522,1170,1650,15.737,0.099,1,,,,,,,0.511,0.511,0.511,0.511,0.511,0.511,0.511,0.511,4.0,6.0,9.0,18.0,23.0,26.0,33.0,36.0,12.0,24.0,33.0,54.0,69.0,81.0,98.0,110.0,0.0,0.0,0.0,0.0,0.0,0.0,0.0,0.0,,,,,,,,,0.0,0.0,0.0,0.0,0.0,0.0,0.0,0.0,0.0,0.0,0.0,0.0,0.0,0.0,0.0,0.0,0.0,0.0,0.0,0.0,0.0,0.0,0.0,0.0,0.0,0.0,0.0,0.0,0.0,0.0,0.0,0.0,0.0,0.0,0.0,0.0,0.0,0.0,0.0,0.0,2.0,2.0,2.0,2.0,2.0,2.0,2.0,2.0
9847,,51.797462,11.737353,1278,1650,0.137,0.059,1,,,,,,,33.535,33.535,33.535,32.693,14.384,14.384,14.384,14.384,4.0,7.0,8.0,13.0,17.0,24.0,35.0,42.0,13.0,25.0,37.0,54.0,78.0,92.0,118.0,132.0,0.0,0.0,0.0,0.0,0.0,0.0,0.0,0.0,,,,,,,,,1.0,1.0,1.0,1.0,1.0,1.0,1.0,1.0,0.0,0.0,0.0,0.0,0.0,0.0,0.0,0.0,1.0,1.0,1.0,1.0,1.0,1.0,1.0,1.0,0.0,0.0,0.0,0.0,0.0,0.0,0.0,0.0,0.0,0.0,0.0,0.0,0.0,0.0,0.0,0.0,2.0,2.0,2.0,2.0,2.0,2.0,2.0,2.0
9886,,51.976552,5.908878,1233,1650,0.297,0.14,1,,,,,,,0.279,0.279,0.279,0.279,0.279,0.279,0.279,0.279,14.0,20.0,23.0,35.0,45.0,47.0,47.0,47.0,37.0,64.0,87.0,106.0,120.0,128.0,130.0,126.0,0.0,0.0,0.0,0.0,0.0,0.0,0.0,0.0,,,,,,,,,0.0,0.0,0.0,0.0,0.0,0.0,0.0,0.0,0.0,0.0,0.0,1.0,1.0,1.0,1.0,1.0,0.0,0.0,0.0,0.0,0.0,0.0,0.0,0.0,0.0,0.0,0.0,0.0,0.0,0.0,0.0,0.0,0.0,1.0,1.0,1.0,1.0,1.0,1.0,1.0,2.0,2.0,2.0,3.0,3.0,3.0,3.0,3.0
9978,Krämerbrücke,50.978748,11.031328,1167,1650,68.358,0.102,1,,,,,,,48.264,0.204,0.204,0.204,0.204,0.204,0.204,0.204,4.0,12.0,13.0,16.0,23.0,27.0,28.0,27.0,15.0,34.0,44.0,64.0,84.0,97.0,114.0,123.0,0.0,0.0,0.0,0.0,0.0,0.0,0.0,0.0,,,,,,,,,1.0,1.0,1.0,1.0,1.0,1.0,1.0,1.0,1.0,1.0,1.0,1.0,1.0,0.0,0.0,0.0,1.0,1.0,1.0,1.0,1.0,1.0,1.0,1.0,0.0,0.0,0.0,0.0,0.0,0.0,0.0,0.0,0.0,0.0,0.0,0.0,0.0,0.0,0.0,0.0,3.0,3.0,3.0,3.0,3.0,2.0,2.0,2.0
10036,Bad Frankenhausen,51.3581975,11.1002932,1282,1650,55.587,0.204,1,,,,,,,18.158,9.531,9.531,9.531,9.531,9.531,9.531,9.531,4.0,14.0,14.0,21.0,28.0,34.0,38.0,37.0,15.0,39.0,51.0,70.0,92.0,105.0,126.0,141.0,0.0,0.0,0.0,0.0,0.0,0.0,0.0,0.0,,,,,,,,,0.0,0.0,0.0,0.0,0.0,0.0,0.0,0.0,0.0,0.0,0.0,0.0,0.0,0.0,0.0,0.0,0.0,0.0,0.0,0.0,0.0,0.0,0.0,0.0,0.0,0.0,0.0,0.0,0.0,0.0,0.0,0.0,0.0,0.0,0.0,0.0,0.0,0.0,0.0,0.0,2.0,2.0,2.0,2.0,2.0,2.0,2.0,2.0
6963,Schoonhoven,51.946452,4.851526,1280,1650,0.765,0.031,1,,,,,,,24.416,12.054,12.054,12.054,12.054,12.054,12.054,12.054,9.0,18.0,21.0,26.0,29.0,31.0,31.0,30.0,21.0,42.0,52.0,65.0,78.0,82.0,82.0,81.0,0.0,0.0,0.0,0.0,0.0,0.0,0.0,0.0,,,,,,,,,0.0,0.0,0.0,0.0,0.0,0.0,0.0,0.0,0.0,0.0,0.0,0.0,0.0,0.0,0.0,0.0,0.0,0.0,0.0,0.0,0.0,0.0,0.0,0.0,0.0,0.0,0.0,0.0,0.0,0.0,0.0,0.0,0.0,0.0,0.0,0.0,0.0,0.0,0.0,0.0,2.0,2.0,2.0,2.0,2.0,2.0,2.0,2.0
10068,,51.2109202,11.7714679,1203,1650,42.589,0.105,1,,,,,,,17.957,7.051,7.051,6.572,6.572,6.572,6.572,6.572,5.0,10.0,12.0,22.0,31.0,35.0,42.0,44.0,11.0,26.0,33.0,53.0,69.0,85.0,96.0,104.0,0.0,0.0,0.0,0.0,0.0,0.0,0.0,0.0,,,,,,,,,0.0,0.0,0.0,0.0,0.0,0.0,0.0,0.0,0.0,0.0,0.0,0.0,0.0,0.0,0.0,0.0,0.0,0.0,0.0,0.0,0.0,0.0,0.0,0.0,0.0,0.0,0.0,0.0,0.0,0.0,0.0,0.0,0.0,0.0,0.0,0.0,0.0,0.0,0.0,0.0,2.0,2.0,2.0,2.0,2.0,2.0,2.0,2.0
10072,,51.209653,11.7692311,1203,1650,42.743,0.077,1,,,,,,,17.784,6.983,6.983,6.453,6.453,6.453,6.453,6.453,5.0,10.0,12.0,22.0,31.0,35.0,42.0,44.0,11.0,26.0,33.0,53.0,69.0,85.0,96.0,104.0,0.0,0.0,0.0,0.0,0.0,0.0,0.0,0.0,,,,,,,,,0.0,0.0,0.0,0.0,0.0,0.0,0.0,0.0,0.0,0.0,0.0,0.0,0.0,0.0,0.0,0.0,0.0,0.0,0.0,0.0,0.0,0.0,1.0,1.0,0.0,0.0,0.0,0.0,0.0,0.0,0.0,0.0,0.0,0.0,0.0,0.0,0.0,0.0,0.0,0.0,2.0,2.0,2.0,2.0,2.0,2.0,2.0,2.0
10074,,51.1520883,11.8138681,1033,1650,41.898,0.138,1,,,,,,,13.068,0.277,0.277,0.277,0.277,0.277,0.277,0.277,5.0,7.0,9.0,21.0,30.0,34.0,36.0,37.0,11.0,23.0,29.0,45.0,61.0,80.0,90.0,97.0,0.0,0.0,0.0,0.0,0.0,0.0,0.0,0.0,,,,,,,,,0.0,0.0,0.0,0.0,0.0,0.0,0.0,0.0,0.0,0.0,0.0,0.0,0.0,0.0,0.0,0.0,0.0,0.0,0.0,0.0,0.0,0.0,0.0,0.0,0.0,0.0,0.0,0.0,0.0,0.0,0.0,0.0,0.0,0.0,0.0,0.0,0.0,0.0,0.0,0.0,2.0,2.0,2.0,2.0,2.0,2.0,2.0,2.0
10075,Auebrücke,51.055019,12.137194,1147,1650,29.61,0.053,1,,,,,,,0.553,0.553,0.553,0.553,0.553,0.553,0.553,0.553,5.0,7.0,11.0,20.0,24.0,26.0,27.0,29.0,7.0,16.0,22.0,39.0,51.0,65.0,73.0,78.0,0.0,0.0,0.0,0.0,0.0,0.0,0.0,0.0,,,,,,,,,1.0,1.0,1.0,1.0,1.0,1.0,1.0,1.0,1.0,1.0,1.0,1.0,1.0,1.0,1.0,1.0,1.0,1.0,1.0,1.0,1.0,1.0,1.0,1.0,0.0,0.0,0.0,0.0,0.0,0.0,0.0,0.0,0.0,0.0,0.0,0.0,0.0,0.0,0.0,0.0,3.0,3.0,3.0,3.0,3.0,3.0,3.0,3.0
8191,Waren,53.514513,12.68913,1260,1650,53.671,0.298,1,,,,,,,79.029,79.029,73.322,73.322,73.322,51.296,49.247,49.247,0.0,0.0,0.0,0.0,0.0,0.0,1.0,1.0,3.0,5.0,7.0,7.0,7.0,10.0,18.0,19.0,0.0,0.0,0.0,0.0,0.0,0.0,0.0,0.0,,,,,,,,,0.0,0.0,0.0,0.0,0.0,0.0,0.0,0.0,0.0,0.0,0.0,0.0,0.0,0.0,0.0,0.0,0.0,0.0,0.0,0.0,0.0,0.0,0.0,0.0,0.0,0.0,0.0,0.0,0.0,0.0,0.0,0.0,0.0,0.0,0.0,0.0,0.0,0.0,0.0,0.0,2.0,2.0,2.0,2.0,2.0,2.0,2.0,2.0
17518,Camsdorfer Brücke,50.928479,11.59608,1230,1650,66.968,0.019,1,,,,,,,16.101,16.101,0.559,0.559,0.559,0.559,0.559,0.559,2.0,8.0,10.0,19.0,28.0,30.0,32.0,32.0,17.0,32.0,42.0,58.0,73.0,89.0,98.0,104.0,0.0,0.0,0.0,0.0,0.0,0.0,0.0,0.0,,,,,,,,,0.0,0.0,0.0,0.0,1.0,1.0,1.0,1.0,0.0,0.0,0.0,0.0,0.0,0.0,0.0,0.0,0.0,0.0,1.0,1.0,1.0,1.0,1.0,1.0,0.0,0.0,0.0,0.0,0.0,0.0,0.0,0.0,0.0,0.0,0.0,0.0,0.0,0.0,0.0,0.0,2.0,2.0,2.0,2.0,2.0,2.0,2.0,2.0
10248,,50.874143,8.018793,1170,1650,61.788,0.207,1,,,,,,,57.587,57.587,57.587,57.587,57.587,57.587,57.587,57.587,0.0,0.0,0.0,0.0,0.0,0.0,0.0,0.0,14.0,15.0,17.0,20.0,23.0,24.0,27.0,27.0,0.0,0.0,0.0,0.0,0.0,0.0,0.0,0.0,,,,,,,,,0.0,0.0,0.0,0.0,0.0,0.0,0.0,0.0,0.0,0.0,0.0,0.0,0.0,0.0,0.0,0.0,0.0,1.0,1.0,1.0,1.0,1.0,1.0,1.0,0.0,0.0,0.0,0.0,0.0,0.0,0.0,0.0,0.0,0.0,0.0,0.0,0.0,0.0,0.0,0.0,2.0,2.0,2.0,2.0,2.0,2.0,2.0,2.0
4723,Malchin,53.739502,12.76209,1236,1650,30.392,0.226,1,,,,,,,56.699,56.699,56.281,56.281,56.281,34.484,25.83,25.83,0.0,0.0,0.0,0.0,0.0,1.0,3.0,3.0,3.0,3.0,5.0,5.0,5.0,8.0,15.0,16.0,0.0,0.0,0.0,0.0,0.0,0.0,0.0,0.0,,,,,,,,,0.0,0.0,0.0,0.0,0.0,0.0,0.0,0.0,0.0,0.0,0.0,0.0,0.0,0.0,0.0,0.0,0.0,0.0,0.0,0.0,0.0,0.0,0.0,0.0,0.0,0.0,0.0,0.0,0.0,0.0,0.0,0.0,0.0,0.0,0.0,0.0,0.0,0.0,0.0,0.0,2.0,2.0,2.0,2.0,2.0,2.0,2.0,2.0
258,Anklam,53.855504,13.687515,1264,1650,4.417,0.152,1,2000.0,1000.0,2000.0,3000.0,5000.0,3000.0,33.428,33.428,33.428,33.428,33.428,33.428,33.428,22.662,1.0,1.0,1.0,1.0,1.0,2.0,3.0,4.0,1.0,1.0,1.0,1.0,1.0,3.0,7.0,8.0,0.0,0.0,0.0,0.0,0.0,0.0,0.0,0.0,,,,,,,,,1.0,1.0,1.0,1.0,1.0,1.0,1.0,1.0,0.0,0.0,0.0,0.0,0.0,0.0,1.0,1.0,0.0,0.0,0.0,0.0,0.0,0.0,0.0,0.0,0.0,0.0,0.0,0.0,0.0,0.0,0.0,0.0,0.0,0.0,0.0,0.0,0.0,0.0,0.0,0.0,2.0,2.0,2.0,2.0,2.0,2.0,3.0,3.0
10265,Ringsted,55.445783,11.789004,1080,1650,160.901,0.62,1,,,,,,,49.268,30.584,28.416,0.0,0.0,0.0,0.0,0.0,1.0,2.0,5.0,9.0,9.0,10.0,15.0,17.0,3.0,10.0,13.0,18.0,18.0,23.0,27.0,35.0,0.0,0.0,0.0,1.0,1.0,1.0,1.0,1.0,,,,local,local,local,local,local,0.0,0.0,0.0,0.0,0.0,0.0,0.0,0.0,0.0,0.0,0.0,0.0,0.0,0.0,0.0,0.0,0.0,0.0,0.0,0.0,0.0,0.0,0.0,0.0,0.0,0.0,0.0,0.0,0.0,0.0,0.0,0.0,0.0,0.0,0.0,0.0,0.0,0.0,0.0,0.0,2.0,2.0,2.0,2.0,2.0,2.0,2.0,2.0
10272,,53.865335,10.681162,1143,1650,0.202,0.051,1,,,,,,,54.952,54.952,49.318,49.318,28.323,28.323,21.128,19.829,0.0,0.0,1.0,1.0,4.0,4.0,11.0,12.0,10.0,13.0,19.0,23.0,41.0,44.0,71.0,72.0,0.0,0.0,0.0,0.0,0.0,0.0,0.0,0.0,,,,,,,,,0.0,0.0,0.0,0.0,0.0,0.0,0.0,0.0,0.0,0.0,0.0,1.0,1.0,1.0,1.0,1.0,0.0,0.0,0.0,0.0,0.0,0.0,0.0,0.0,0.0,0.0,0.0,0.0,0.0,0.0,0.0,0.0,0.0,1.0,1.0,1.0,1.0,1.0,1.0,1.0,2.0,2.0,2.0,3.0,3.0,3.0,3.0,3.0
10291,,53.142666,11.24958,1259,1650,0.13,0.056,1,,,,,,,11.404,11.404,11.404,11.404,11.404,11.404,11.404,11.404,1.0,1.0,6.0,9.0,10.0,10.0,13.0,13.0,8.0,11.0,20.0,26.0,35.0,36.0,54.0,59.0,0.0,0.0,0.0,0.0,0.0,0.0,0.0,0.0,,,,,,,,,0.0,0.0,0.0,0.0,0.0,0.0,0.0,0.0,0.0,0.0,0.0,0.0,0.0,0.0,0.0,0.0,0.0,0.0,0.0,0.0,0.0,0.0,0.0,0.0,0.0,0.0,0.0,0.0,0.0,0.0,0.0,0.0,0.0,1.0,1.0,1.0,1.0,1.0,1.0,1.0,2.0,2.0,2.0,2.0,2.0,2.0,2.0,2.0
10314,,50.338917,8.754247,1216,1650,25.713,0.123,1,,,,,,,25.923,25.923,25.923,25.923,25.923,25.923,25.923,25.923,1.0,3.0,3.0,3.0,3.0,3.0,5.0,5.0,5.0,10.0,10.0,10.0,10.0,10.0,12.0,12.0,0.0,0.0,0.0,0.0,0.0,0.0,0.0,0.0,,,,,,,,,0.0,0.0,0.0,0.0,0.0,0.0,0.0,0.0,0.0,0.0,0.0,0.0,0.0,0.0,0.0,0.0,0.0,0.0,0.0,0.0,0.0,0.0,0.0,0.0,0.0,0.0,0.0,0.0,0.0,0.0,0.0,0.0,0.0,0.0,0.0,0.0,0.0,0.0,0.0,0.0,2.0,2.0,2.0,2.0,2.0,2.0,2.0,2.0
10316,,53.69841,10.779669,1250,1650,9.061,0.188,1,,,,,,,42.564,42.564,42.564,42.564,42.564,42.564,29.466,26.58,2.0,2.0,3.0,3.0,4.0,5.0,13.0,14.0,10.0,13.0,23.0,29.0,48.0,51.0,79.0,80.0,0.0,0.0,0.0,0.0,0.0,0.0,0.0,0.0,,,,,,,,,0.0,0.0,0.0,0.0,0.0,0.0,1.0,1.0,0.0,0.0,0.0,0.0,0.0,0.0,0.0,0.0,1.0,1.0,1.0,1.0,1.0,1.0,1.0,1.0,0.0,0.0,0.0,0.0,0.0,0.0,0.0,0.0,0.0,0.0,0.0,0.0,0.0,0.0,0.0,0.0,2.0,2.0,2.0,2.0,2.0,2.0,2.0,2.0
10330,Wijk bij Duurstede,51.972613,5.345177,1300,1650,4.139,0.117,1,,,,,,,18.897,18.897,6.867,4.506,4.506,4.506,4.506,4.506,17.0,18.0,20.0,28.0,35.0,38.0,38.0,37.0,29.0,51.0,65.0,80.0,93.0,97.0,98.0,94.0,0.0,0.0,0.0,0.0,0.0,0.0,0.0,0.0,,,,,,,,,0.0,0.0,0.0,0.0,0.0,0.0,0.0,0.0,0.0,0.0,0.0,0.0,0.0,0.0,0.0,0.0,0.0,0.0,0.0,0.0,0.0,0.0,0.0,0.0,0.0,0.0,0.0,0.0,0.0,0.0,0.0,0.0,0.0,0.0,0.0,0.0,0.0,0.0,0.0,0.0,2.0,2.0,2.0,2.0,2.0,2.0,2.0,2.0
961,Brehna,51.557935,12.212277,1274,1650,27.319,2.081,1,,,,,,,18.749,18.749,9.198,9.198,9.198,9.198,9.198,0.0,3.0,4.0,6.0,11.0,17.0,20.0,24.0,27.0,12.0,22.0,31.0,44.0,62.0,77.0,95.0,107.0,0.0,0.0,0.0,0.0,0.0,0.0,0.0,1.0,,,,,,,,local,0.0,0.0,0.0,0.0,1.0,1.0,1.0,1.0,0.0,0.0,0.0,0.0,0.0,0.0,0.0,0.0,0.0,0.0,0.0,0.0,0.0,0.0,0.0,0.0,0.0,0.0,0.0,0.0,0.0,0.0,0.0,0.0,0.0,0.0,0.0,0.0,0.0,0.0,0.0,0.0,2.0,2.0,2.0,2.0,2.0,2.0,2.0,2.0
10390,,51.235474,12.728023,1220,1650,24.254,0.098,1,,,,,,,27.191,27.191,0.197,0.197,0.197,0.197,0.197,0.197,3.0,3.0,7.0,10.0,13.0,16.0,17.0,18.0,5.0,7.0,13.0,30.0,42.0,54.0,65.0,72.0,0.0,0.0,0.0,0.0,0.0,0.0,0.0,0.0,,,,,,,,,0.0,0.0,0.0,0.0,0.0,0.0,0.0,0.0,0.0,0.0,0.0,0.0,0.0,0.0,0.0,0.0,0.0,0.0,0.0,0.0,0.0,0.0,0.0,0.0,0.0,0.0,0.0,0.0,0.0,0.0,0.0,0.0,0.0,0.0,0.0,0.0,0.0,0.0,0.0,0.0,2.0,2.0,2.0,2.0,2.0,2.0,2.0,2.0
10464,,51.418596,10.366621,1255,1650,31.34,0.135,1,,,,,,,31.06,16.48,16.48,16.48,16.48,16.48,0.605,0.605,7.0,18.0,25.0,26.0,31.0,33.0,36.0,41.0,23.0,54.0,70.0,87.0,102.0,116.0,141.0,155.0,0.0,0.0,0.0,0.0,0.0,0.0,0.0,0.0,,,,,,,,,0.0,0.0,0.0,0.0,0.0,0.0,0.0,0.0,0.0,0.0,0.0,0.0,0.0,0.0,0.0,0.0,0.0,0.0,0.0,0.0,0.0,0.0,0.0,0.0,0.0,0.0,0.0,0.0,0.0,0.0,0.0,0.0,0.0,0.0,0.0,0.0,0.0,0.0,0.0,0.0,2.0,2.0,2.0,2.0,2.0,2.0,2.0,2.0
10412,,51.85834,12.05705,1271,1650,4.939,0.449,1,,,,,,,41.744,41.744,41.744,41.566,12.221,12.221,12.221,12.221,2.0,2.0,5.0,7.0,12.0,14.0,21.0,25.0,13.0,21.0,29.0,42.0,61.0,75.0,94.0,110.0,0.0,0.0,0.0,0.0,0.0,0.0,0.0,0.0,,,,,,,,,0.0,0.0,0.0,0.0,0.0,0.0,0.0,0.0,0.0,1.0,1.0,1.0,0.0,0.0,0.0,0.0,0.0,0.0,0.0,0.0,0.0,0.0,0.0,0.0,0.0,0.0,1.0,1.0,1.0,1.0,1.0,1.0,0.0,0.0,0.0,0.0,0.0,0.0,0.0,0.0,2.0,3.0,3.0,3.0,2.0,2.0,2.0,2.0
10441,Gronau (Leine),52.084135,9.774801,1298,1650,22.976,0.845,1,,,,,,,11.332,11.332,11.332,11.332,11.332,11.332,0.0,0.0,9.0,21.0,32.0,32.0,37.0,38.0,46.0,52.0,17.0,41.0,67.0,76.0,91.0,92.0,118.0,132.0,0.0,0.0,0.0,0.0,0.0,0.0,1.0,1.0,,,,,,,local,local,0.0,0.0,0.0,0.0,0.0,0.0,0.0,0.0,0.0,0.0,0.0,0.0,0.0,0.0,0.0,0.0,0.0,0.0,0.0,0.0,0.0,0.0,0.0,0.0,0.0,0.0,0.0,0.0,0.0,0.0,0.0,0.0,0.0,0.0,0.0,0.0,0.0,0.0,0.0,0.0,2.0,2.0,2.0,2.0,2.0,2.0,2.0,2.0
10489,,53.868134,10.686289,1143,1650,0.386,0.128,1,,,,,,,54.805,54.805,48.928,48.928,27.925,27.925,21.54,19.429,0.0,0.0,1.0,1.0,4.0,4.0,11.0,12.0,10.0,13.0,19.0,23.0,41.0,44.0,71.0,72.0,0.0,0.0,0.0,0.0,0.0,0.0,0.0,0.0,,,,,,,,,0.0,0.0,0.0,0.0,0.0,0.0,0.0,0.0,0.0,0.0,0.0,1.0,1.0,1.0,1.0,1.0,0.0,0.0,0.0,0.0,0.0,0.0,0.0,0.0,0.0,0.0,0.0,0.0,0.0,0.0,0.0,0.0,0.0,0.0,0.0,0.0,0.0,0.0,0.0,0.0,2.0,2.0,2.0,3.0,3.0,3.0,3.0,3.0
10490,,53.866235,10.680918,1143,1650,0.101,0.012,1,,,,,,,55.013,55.013,49.226,49.226,28.233,28.233,21.142,19.821,0.0,0.0,1.0,1.0,4.0,4.0,11.0,12.0,10.0,13.0,19.0,23.0,41.0,44.0,71.0,72.0,0.0,0.0,0.0,0.0,0.0,0.0,0.0,0.0,,,,,,,,,0.0,0.0,0.0,0.0,0.0,0.0,0.0,0.0,0.0,0.0,0.0,1.0,1.0,1.0,1.0,1.0,0.0,0.0,0.0,0.0,0.0,0.0,0.0,0.0,0.0,0.0,0.0,0.0,0.0,0.0,0.0,0.0,0.0,0.0,0.0,0.0,0.0,0.0,0.0,0.0,2.0,2.0,2.0,3.0,3.0,3.0,3.0,3.0
10498,,53.810879,10.37521,1249,1650,3.125,0.085,1,,,,,,,38.573,38.573,38.573,38.573,38.573,34.384,0.17,0.17,3.0,3.0,3.0,4.0,9.0,10.0,20.0,21.0,10.0,15.0,22.0,28.0,47.0,49.0,81.0,82.0,0.0,0.0,0.0,0.0,0.0,0.0,0.0,0.0,,,,,,,,,0.0,0.0,0.0,0.0,0.0,0.0,0.0,0.0,0.0,0.0,0.0,0.0,0.0,0.0,0.0,0.0,1.0,1.0,1.0,1.0,1.0,1.0,1.0,1.0,0.0,0.0,0.0,0.0,0.0,0.0,0.0,0.0,0.0,0.0,0.0,0.0,0.0,0.0,0.0,0.0,2.0,2.0,2.0,2.0,2.0,2.0,2.0,2.0
10504,Assens,55.269923,9.894024,1200,1650,94.6,0.073,1,,,,,,,71.943,29.395,29.395,29.395,29.395,29.395,29.395,29.395,0.0,3.0,4.0,5.0,5.0,5.0,7.0,9.0,1.0,5.0,6.0,8.0,9.0,12.0,18.0,27.0,0.0,0.0,0.0,0.0,0.0,0.0,0.0,0.0,,,,,,,,,1.0,1.0,1.0,1.0,1.0,1.0,1.0,1.0,0.0,0.0,0.0,0.0,1.0,1.0,1.0,1.0,0.0,0.0,0.0,0.0,0.0,0.0,0.0,0.0,0.0,0.0,0.0,0.0,0.0,0.0,0.0,0.0,0.0,0.0,0.0,0.0,0.0,0.0,0.0,0.0,2.0,2.0,2.0,2.0,3.0,3.0,3.0,3.0
10519,,50.927198,4.422508,1192,1650,2.631,0.088,1,,,,,,,78.098,32.735,32.735,32.735,32.735,32.735,32.735,32.735,0.0,3.0,3.0,3.0,3.0,3.0,3.0,3.0,8.0,16.0,17.0,16.0,18.0,18.0,18.0,18.0,0.0,0.0,0.0,0.0,0.0,0.0,0.0,0.0,,,,,,,,,0.0,0.0,0.0,0.0,0.0,0.0,0.0,0.0,0.0,0.0,0.0,0.0,0.0,0.0,0.0,0.0,0.0,0.0,0.0,0.0,0.0,0.0,0.0,0.0,0.0,0.0,0.0,0.0,0.0,0.0,0.0,0.0,0.0,1.0,1.0,1.0,1.0,1.0,1.0,1.0,2.0,2.0,2.0,2.0,2.0,2.0,2.0,2.0
10520,,55.270244,9.889977,1200,1650,94.533,0.129,1,,,,,,,71.684,29.611,29.611,29.611,29.611,29.611,29.611,29.611,0.0,3.0,4.0,5.0,5.0,5.0,7.0,9.0,1.0,5.0,6.0,8.0,9.0,12.0,18.0,27.0,0.0,0.0,0.0,0.0,0.0,0.0,0.0,0.0,,,,,,,,,0.0,0.0,0.0,0.0,0.0,0.0,0.0,0.0,0.0,0.0,0.0,0.0,1.0,1.0,1.0,1.0,0.0,0.0,0.0,0.0,0.0,0.0,0.0,0.0,1.0,1.0,1.0,1.0,1.0,1.0,1.0,1.0,1.0,1.0,1.0,1.0,1.0,1.0,1.0,1.0,2.0,2.0,2.0,2.0,3.0,3.0,3.0,3.0
10526,Fåborg,55.095327,10.241664,1200,1650,89.865,0.059,1,,,,,,,97.367,0.0,0.0,0.0,0.0,0.0,0.0,0.0,0.0,2.0,3.0,4.0,4.0,4.0,6.0,9.0,1.0,5.0,7.0,11.0,18.0,19.0,28.0,37.0,0.0,1.0,1.0,1.0,1.0,1.0,1.0,1.0,,local,local,local,local,local,local,local,0.0,0.0,0.0,0.0,0.0,0.0,0.0,0.0,0.0,0.0,0.0,0.0,0.0,0.0,0.0,0.0,0.0,0.0,0.0,0.0,0.0,0.0,0.0,0.0,0.0,0.0,0.0,0.0,0.0,0.0,0.0,0.0,0.0,0.0,0.0,0.0,0.0,0.0,0.0,0.0,2.0,2.0,2.0,2.0,2.0,2.0,2.0,2.0
1537,Tartu,58.38012,26.72255,1248,1650,11.257,0.09,1,2000.0,1000.0,2000.0,3000.0,5000.0,4000.0,847.61,256.92,256.92,256.92,256.92,244.937,226.656,222.738,0.0,0.0,0.0,0.0,0.0,0.0,0.0,0.0,0.0,0.0,0.0,0.0,0.0,0.0,0.0,0.0,0.0,0.0,0.0,0.0,0.0,0.0,0.0,0.0,,,,,,,,,0.0,0.0,0.0,0.0,0.0,0.0,0.0,0.0,0.0,0.0,0.0,0.0,0.0,0.0,1.0,1.0,0.0,0.0,0.0,0.0,0.0,0.0,0.0,0.0,0.0,0.0,0.0,0.0,0.0,0.0,0.0,0.0,0.0,0.0,0.0,0.0,0.0,0.0,0.0,0.0,2.0,2.0,2.0,2.0,2.0,2.0,3.0,3.0
10539,Odense,55.39671761,10.38945241,1000,1650,122.133,0.18,1,3000.0,2000.0,3000.0,4000.0,5000.0,4000.0,85.295,0.0,0.0,0.0,0.0,0.0,0.0,0.0,0.0,2.0,3.0,4.0,4.0,5.0,9.0,14.0,1.0,6.0,7.0,11.0,11.0,15.0,21.0,31.0,0.0,1.0,1.0,1.0,1.0,1.0,1.0,1.0,,local,local,local,local,local,local,local,0.0,0.0,0.0,0.0,0.0,0.0,0.0,0.0,0.0,0.0,0.0,0.0,0.0,0.0,0.0,0.0,0.0,0.0,0.0,0.0,0.0,0.0,0.0,0.0,0.0,0.0,0.0,0.0,0.0,0.0,0.0,0.0,0.0,0.0,0.0,0.0,0.0,0.0,0.0,0.0,2.0,2.0,2.0,2.0,2.0,2.0,2.0,2.0
10543,Nebra,51.286707,11.577455,1259,1650,37.979,0.197,1,,,,,,,27.499,22.036,22.036,9.973,9.973,9.973,9.973,9.973,3.0,10.0,12.0,22.0,31.0,35.0,42.0,42.0,15.0,30.0,37.0,57.0,73.0,88.0,104.0,115.0,0.0,0.0,0.0,0.0,0.0,0.0,0.0,0.0,,,,,,,,,0.0,0.0,0.0,0.0,0.0,0.0,0.0,1.0,0.0,0.0,0.0,0.0,0.0,0.0,0.0,0.0,0.0,0.0,0.0,0.0,0.0,0.0,0.0,0.0,0.0,0.0,0.0,0.0,0.0,0.0,0.0,0.0,0.0,0.0,0.0,0.0,0.0,0.0,0.0,0.0,2.0,2.0,2.0,2.0,2.0,2.0,2.0,2.0
5889,Pärnu,58.385892,24.49835,1300,1650,140.901,0.337,1,,,,,,,725.78,208.909,208.909,208.909,208.909,208.909,186.713,186.713,0.0,0.0,0.0,0.0,0.0,0.0,0.0,0.0,0.0,0.0,0.0,0.0,0.0,0.0,0.0,0.0,0.0,0.0,0.0,0.0,0.0,0.0,0.0,0.0,,,,,,,,,0.0,0.0,0.0,0.0,0.0,0.0,0.0,0.0,0.0,0.0,0.0,0.0,0.0,0.0,0.0,0.0,0.0,0.0,0.0,0.0,0.0,0.0,0.0,0.0,0.0,0.0,0.0,0.0,0.0,0.0,0.0,0.0,0.0,0.0,0.0,0.0,0.0,0.0,0.0,0.0,2.0,2.0,2.0,2.0,2.0,2.0,2.0,2.0
4249,Bad Langensalza,51.108436,10.646098,1222,1650,38.367,0.042,1,4000.0,5000.0,4000.0,4000.0,4000.0,4000.0,27.248,13.45,13.45,13.45,13.45,13.45,13.45,13.45,7.0,18.0,18.0,18.0,26.0,29.0,31.0,37.0,14.0,44.0,57.0,76.0,96.0,107.0,121.0,133.0,0.0,0.0,0.0,0.0,0.0,0.0,0.0,0.0,,,,,,,,,0.0,0.0,0.0,0.0,0.0,1.0,1.0,1.0,0.0,0.0,0.0,0.0,0.0,0.0,0.0,0.0,0.0,0.0,0.0,0.0,0.0,0.0,0.0,0.0,0.0,0.0,0.0,0.0,0.0,0.0,0.0,0.0,0.0,0.0,0.0,0.0,0.0,0.0,0.0,0.0,2.0,2.0,2.0,2.0,2.0,2.0,2.0,2.0
10557,,51.565441,5.465709,1232,1650,20.881,0.19,1,,,,,,,31.422,31.422,31.422,28.77,28.77,28.77,28.77,28.77,10.0,13.0,15.0,24.0,29.0,29.0,29.0,29.0,30.0,55.0,64.0,82.0,96.0,101.0,101.0,100.0,0.0,0.0,0.0,0.0,0.0,0.0,0.0,0.0,,,,,,,,,0.0,0.0,0.0,0.0,0.0,0.0,0.0,0.0,0.0,0.0,0.0,0.0,0.0,0.0,0.0,0.0,0.0,0.0,0.0,0.0,0.0,0.0,0.0,0.0,0.0,0.0,0.0,0.0,0.0,0.0,0.0,0.0,0.0,0.0,0.0,0.0,0.0,0.0,0.0,0.0,2.0,2.0,2.0,2.0,2.0,2.0,2.0,2.0
10581,Radewig,52.115031,8.666343,1170,1650,18.417,0.194,1,,,,,,,25.72,13.973,13.973,13.973,6.584,6.584,6.584,6.584,8.0,16.0,18.0,18.0,23.0,23.0,30.0,30.0,28.0,43.0,61.0,67.0,80.0,84.0,104.0,108.0,0.0,0.0,0.0,0.0,0.0,0.0,0.0,0.0,,,,,,,,,0.0,0.0,0.0,0.0,0.0,0.0,0.0,0.0,0.0,0.0,0.0,0.0,0.0,0.0,0.0,0.0,0.0,0.0,0.0,0.0,0.0,0.0,0.0,0.0,0.0,0.0,0.0,0.0,0.0,0.0,0.0,0.0,0.0,0.0,0.0,0.0,0.0,0.0,0.0,0.0,2.0,2.0,2.0,2.0,2.0,2.0,2.0,2.0
12525,,52.092846,5.11162,1114,1650,0.41,0.065,1,,,,,,,0.51,0.51,0.51,0.51,0.51,0.51,0.51,0.51,11.0,18.0,21.0,27.0,30.0,33.0,33.0,32.0,25.0,43.0,54.0,68.0,82.0,86.0,87.0,83.0,0.0,0.0,0.0,0.0,0.0,0.0,0.0,0.0,,,,,,,,,0.0,0.0,0.0,0.0,0.0,0.0,0.0,0.0,0.0,0.0,0.0,0.0,0.0,1.0,1.0,1.0,0.0,1.0,1.0,1.0,1.0,1.0,1.0,1.0,0.0,0.0,0.0,0.0,0.0,0.0,0.0,0.0,0.0,0.0,0.0,0.0,0.0,0.0,0.0,0.0,2.0,2.0,2.0,2.0,2.0,3.0,3.0,3.0
10624,,53.917185,9.515869,1238,1650,3.479,0.154,1,,,,,,,35.026,0.309,0.309,0.309,0.309,0.309,0.309,0.309,1.0,5.0,9.0,9.0,16.0,17.0,31.0,32.0,7.0,13.0,18.0,22.0,44.0,45.0,77.0,80.0,0.0,0.0,0.0,0.0,0.0,0.0,0.0,0.0,,,,,,,,,0.0,0.0,0.0,0.0,0.0,0.0,0.0,0.0,1.0,1.0,1.0,1.0,1.0,1.0,1.0,1.0,0.0,1.0,1.0,1.0,1.0,1.0,1.0,1.0,0.0,0.0,0.0,0.0,0.0,0.0,0.0,0.0,0.0,1.0,1.0,1.0,1.0,1.0,1.0,1.0,3.0,3.0,3.0,3.0,3.0,3.0,3.0,3.0
10625,,53.922846,9.518852,1238,1650,3.783,0.149,1,,,,,,,35.669,0.375,0.375,0.375,0.375,0.375,0.375,0.375,1.0,5.0,9.0,9.0,16.0,17.0,31.0,31.0,7.0,13.0,18.0,22.0,44.0,45.0,74.0,77.0,0.0,0.0,0.0,0.0,0.0,0.0,0.0,0.0,,,,,,,,,0.0,0.0,0.0,0.0,0.0,0.0,0.0,0.0,1.0,1.0,1.0,1.0,1.0,1.0,1.0,1.0,0.0,0.0,0.0,0.0,0.0,0.0,0.0,0.0,0.0,0.0,0.0,0.0,0.0,0.0,0.0,0.0,0.0,0.0,0.0,0.0,0.0,0.0,0.0,0.0,3.0,3.0,3.0,3.0,3.0,3.0,3.0,3.0
10656,Halmstad,56.67327,12.85645,1300,1650,222.104,46.579,0,,,,,,,90.14,90.14,90.14,90.14,90.14,72.53,72.53,72.53,0.0,0.0,0.0,0.0,0.0,0.0,0.0,0.0,1.0,1.0,1.0,1.0,1.0,2.0,1.0,1.0,0.0,0.0,0.0,0.0,0.0,0.0,0.0,0.0,,,,,,,,,0.0,0.0,0.0,0.0,0.0,0.0,0.0,0.0,0.0,0.0,0.0,0.0,0.0,0.0,0.0,0.0,0.0,1.0,1.0,1.0,1.0,1.0,1.0,1.0,0.0,0.0,0.0,0.0,0.0,0.0,0.0,0.0,0.0,1.0,1.0,1.0,1.0,1.0,1.0,1.0,0.0,0.0,0.0,0.0,0.0,0.0,0.0,0.0
10661,,54.320124,10.134145,1242,1650,20.542,0.248,1,,,,,,,86.354,40.525,40.525,0.496,0.496,0.496,0.496,0.496,0.0,1.0,2.0,4.0,11.0,10.0,19.0,19.0,5.0,10.0,17.0,21.0,43.0,47.0,76.0,78.0,0.0,0.0,0.0,0.0,0.0,0.0,0.0,0.0,,,,,,,,,0.0,0.0,0.0,0.0,0.0,0.0,0.0,0.0,0.0,0.0,0.0,0.0,0.0,0.0,0.0,0.0,0.0,0.0,0.0,0.0,0.0,0.0,0.0,0.0,0.0,0.0,0.0,0.0,0.0,0.0,0.0,0.0,0.0,0.0,0.0,0.0,0.0,0.0,0.0,0.0,2.0,2.0,2.0,2.0,2.0,2.0,2.0,2.0
10668,Eutin,54.136372,10.616694,1257,1650,30.229,0.146,1,,,,,,,76.958,63.262,24.666,24.666,13.282,13.282,0.0,0.0,0.0,0.0,1.0,3.0,10.0,8.0,16.0,17.0,9.0,12.0,17.0,21.0,39.0,44.0,72.0,74.0,0.0,0.0,0.0,0.0,0.0,0.0,1.0,1.0,,,,,,,local,local,0.0,0.0,0.0,0.0,0.0,0.0,0.0,0.0,0.0,0.0,0.0,0.0,0.0,0.0,0.0,0.0,0.0,0.0,0.0,0.0,0.0,0.0,0.0,0.0,0.0,0.0,0.0,0.0,0.0,0.0,0.0,0.0,0.0,0.0,0.0,0.0,0.0,0.0,0.0,0.0,2.0,2.0,2.0,2.0,2.0,2.0,2.0,2.0
1190,Chemnitz,50.832427,12.919155,1170,1650,56.318,0.187,1,2000.0,1000.0,3000.0,4000.0,5000.0,4000.0,60.069,60.069,46.863,38.068,38.068,38.068,38.068,32.299,0.0,0.0,2.0,5.0,4.0,4.0,4.0,6.0,5.0,7.0,13.0,25.0,30.0,38.0,40.0,46.0,0.0,0.0,0.0,0.0,0.0,0.0,0.0,0.0,,,,,,,,,0.0,0.0,0.0,1.0,1.0,1.0,1.0,1.0,0.0,0.0,0.0,0.0,0.0,0.0,0.0,0.0,0.0,0.0,0.0,0.0,0.0,0.0,0.0,0.0,0.0,0.0,0.0,0.0,0.0,0.0,0.0,0.0,0.0,0.0,0.0,0.0,0.0,0.0,0.0,0.0,2.0,2.0,2.0,2.0,2.0,2.0,2.0,2.0
10688,Lund,55.703052,13.193,1000,1650,179.207,0.082,1,2000.0,1000.0,2000.0,1000.0,1000.0,1000.0,38.244,0.0,0.0,0.0,0.0,0.0,0.0,0.0,2.0,5.0,5.0,5.0,5.0,5.0,2.0,2.0,3.0,8.0,10.0,12.0,12.0,14.0,13.0,14.0,0.0,1.0,1.0,1.0,1.0,1.0,1.0,1.0,,local,local,local,local,local,local,local,0.0,0.0,0.0,0.0,0.0,0.0,0.0,0.0,0.0,0.0,0.0,0.0,0.0,0.0,0.0,0.0,0.0,0.0,0.0,0.0,0.0,0.0,0.0,0.0,0.0,0.0,0.0,0.0,0.0,0.0,0.0,0.0,0.0,0.0,0.0,0.0,0.0,0.0,0.0,0.0,2.0,2.0,2.0,2.0,2.0,2.0,2.0,2.0
10692,Krempe,53.836629,9.489845,1240,1650,1.797,2.316,1,,,,,,,25.987,9.422,9.422,9.422,9.422,9.422,0.0,0.0,5.0,10.0,14.0,16.0,28.0,31.0,45.0,46.0,9.0,15.0,19.0,24.0,44.0,45.0,78.0,86.0,0.0,0.0,0.0,0.0,0.0,0.0,1.0,1.0,,,,,,,local,local,0.0,0.0,0.0,0.0,0.0,0.0,0.0,0.0,0.0,0.0,0.0,0.0,0.0,0.0,0.0,0.0,0.0,0.0,0.0,0.0,0.0,0.0,0.0,0.0,0.0,0.0,0.0,0.0,0.0,0.0,0.0,0.0,0.0,1.0,1.0,1.0,1.0,1.0,1.0,1.0,2.0,2.0,2.0,2.0,2.0,2.0,2.0,2.0
10693,Lütjenburg,54.292561,10.589869,1271,1650,47.675,0.145,1,,,,,,,91.437,65.162,19.269,19.269,19.269,19.269,0.0,0.0,0.0,0.0,1.0,3.0,10.0,8.0,14.0,15.0,5.0,9.0,14.0,17.0,34.0,37.0,57.0,59.0,0.0,0.0,0.0,0.0,0.0,0.0,1.0,1.0,,,,,,,local,local,0.0,0.0,0.0,0.0,0.0,0.0,0.0,0.0,0.0,0.0,0.0,0.0,0.0,0.0,0.0,0.0,0.0,0.0,0.0,0.0,0.0,0.0,0.0,0.0,0.0,0.0,0.0,0.0,0.0,0.0,0.0,0.0,0.0,0.0,0.0,0.0,0.0,0.0,0.0,0.0,2.0,2.0,2.0,2.0,2.0,2.0,2.0,2.0
10695,,54.289945,10.884905,1233,1650,48.867,0.137,1,,,,,,,81.284,81.284,0.273,0.273,0.273,0.273,0.273,0.273,0.0,0.0,1.0,3.0,10.0,8.0,12.0,13.0,2.0,6.0,11.0,13.0,26.0,28.0,43.0,45.0,0.0,0.0,0.0,0.0,0.0,0.0,0.0,0.0,,,,,,,,,0.0,0.0,0.0,0.0,0.0,0.0,0.0,0.0,0.0,0.0,0.0,0.0,0.0,0.0,0.0,0.0,0.0,0.0,0.0,0.0,0.0,0.0,0.0,0.0,0.0,0.0,0.0,0.0,0.0,0.0,0.0,0.0,0.0,0.0,0.0,0.0,0.0,0.0,0.0,0.0,2.0,2.0,2.0,2.0,2.0,2.0,2.0,2.0
10701,,54.292156,10.585465,1271,1650,47.667,0.145,1,,,,,,,91.389,64.878,19.555,19.555,19.555,19.555,0.289,0.289,0.0,0.0,1.0,3.0,10.0,8.0,14.0,15.0,5.0,9.0,14.0,17.0,34.0,37.0,57.0,59.0,0.0,0.0,0.0,0.0,0.0,0.0,0.0,0.0,,,,,,,,,0.0,0.0,0.0,0.0,0.0,0.0,0.0,0.0,0.0,0.0,0.0,0.0,0.0,0.0,0.0,0.0,0.0,0.0,0.0,0.0,0.0,0.0,0.0,0.0,0.0,0.0,0.0,0.0,0.0,0.0,0.0,0.0,0.0,0.0,0.0,0.0,0.0,0.0,0.0,0.0,2.0,2.0,2.0,2.0,2.0,2.0,2.0,2.0
10703,,54.138817,10.615074,1257,1650,30.513,0.146,1,,,,,,,77.229,63.177,24.551,24.551,13.451,13.451,0.292,0.292,0.0,0.0,1.0,3.0,10.0,8.0,16.0,17.0,9.0,12.0,17.0,21.0,39.0,44.0,72.0,74.0,0.0,0.0,0.0,0.0,0.0,0.0,0.0,0.0,,,,,,,,,0.0,0.0,0.0,0.0,0.0,0.0,0.0,0.0,0.0,0.0,0.0,0.0,0.0,0.0,0.0,0.0,0.0,0.0,0.0,0.0,0.0,0.0,0.0,0.0,0.0,0.0,0.0,0.0,0.0,0.0,0.0,0.0,0.0,0.0,0.0,0.0,0.0,0.0,0.0,0.0,2.0,2.0,2.0,2.0,2.0,2.0,2.0,2.0
12927,,52.159833,4.479659,1266,1650,0.547,0.289,1,,,,,,,44.289,0.724,0.724,0.724,0.724,0.724,0.724,0.724,4.0,11.0,12.0,12.0,13.0,15.0,15.0,14.0,15.0,26.0,31.0,40.0,46.0,49.0,49.0,48.0,0.0,0.0,0.0,0.0,0.0,0.0,0.0,0.0,,,,,,,,,0.0,0.0,0.0,0.0,0.0,0.0,0.0,0.0,0.0,0.0,0.0,0.0,0.0,0.0,0.0,0.0,0.0,0.0,0.0,0.0,0.0,0.0,0.0,0.0,0.0,0.0,0.0,0.0,0.0,0.0,0.0,0.0,0.0,0.0,0.0,0.0,0.0,0.0,0.0,1.0,2.0,2.0,2.0,2.0,2.0,2.0,2.0,2.0
10702,Trelleborg,55.374834,13.149347,1250,1650,143.167,0.075,1,,,,,,,19.556,19.556,19.556,19.556,19.556,19.556,36.599,36.599,2.0,5.0,5.0,5.0,5.0,5.0,2.0,2.0,4.0,9.0,12.0,16.0,16.0,17.0,16.0,16.0,0.0,0.0,0.0,0.0,0.0,0.0,0.0,0.0,,,,,,,,,0.0,0.0,0.0,0.0,0.0,0.0,0.0,0.0,0.0,0.0,0.0,0.0,0.0,0.0,0.0,0.0,0.0,0.0,0.0,0.0,0.0,0.0,0.0,0.0,0.0,0.0,0.0,0.0,0.0,0.0,0.0,0.0,0.0,0.0,0.0,0.0,0.0,0.0,0.0,0.0,2.0,2.0,2.0,2.0,2.0,2.0,2.0,2.0
10713,Skanör,55.419171,12.849655,1250,1650,151.483,0.597,1,,,,,,,0.0,0.0,0.0,0.0,0.0,0.0,38.244,38.244,1.0,4.0,4.0,4.0,4.0,4.0,2.0,2.0,4.0,10.0,13.0,17.0,17.0,19.0,18.0,18.0,1.0,1.0,1.0,1.0,1.0,1.0,0.0,0.0,interregional,interregional,interregional,interregional,interregional,interregional,,,1.0,1.0,1.0,1.0,1.0,1.0,1.0,1.0,0.0,0.0,0.0,0.0,1.0,1.0,1.0,1.0,0.0,0.0,0.0,0.0,0.0,0.0,0.0,0.0,0.0,0.0,0.0,0.0,0.0,0.0,0.0,0.0,0.0,1.0,1.0,1.0,1.0,1.0,1.0,1.0,3.0,3.0,3.0,3.0,3.0,3.0,3.0,3.0
10723,,50.771024,6.075522,1166,1650,26.75,0.421,1,,,,,,,28.482,28.482,28.482,28.482,28.482,13.837,13.837,13.837,5.0,8.0,11.0,13.0,14.0,15.0,15.0,15.0,10.0,18.0,24.0,30.0,34.0,35.0,36.0,36.0,0.0,0.0,0.0,0.0,0.0,0.0,0.0,0.0,,,,,,,,,0.0,0.0,0.0,0.0,0.0,0.0,0.0,0.0,0.0,0.0,0.0,0.0,0.0,0.0,0.0,0.0,0.0,0.0,0.0,0.0,0.0,0.0,0.0,0.0,0.0,0.0,0.0,0.0,0.0,0.0,0.0,0.0,0.0,0.0,0.0,0.0,0.0,0.0,0.0,0.0,2.0,2.0,2.0,2.0,2.0,2.0,2.0,2.0
10727,Wyck,50.849472,5.698374,1204,1650,3.378,0.086,1,,,,,,,0.584,0.584,0.584,0.584,0.584,0.584,0.584,0.584,4.0,6.0,9.0,9.0,9.0,10.0,10.0,10.0,10.0,20.0,25.0,33.0,36.0,37.0,37.0,37.0,0.0,0.0,0.0,0.0,0.0,0.0,0.0,0.0,,,,,,,,,0.0,0.0,0.0,0.0,0.0,0.0,0.0,0.0,0.0,0.0,0.0,0.0,1.0,1.0,1.0,1.0,0.0,0.0,0.0,0.0,0.0,0.0,0.0,0.0,0.0,0.0,0.0,0.0,0.0,0.0,0.0,0.0,0.0,0.0,0.0,0.0,0.0,0.0,0.0,0.0,2.0,2.0,2.0,2.0,3.0,3.0,3.0,3.0
10771,Ystad,55.429438,13.819992,1290,1650,150.48,0.36,1,,,,,,,0.0,0.0,0.0,0.0,0.0,0.0,49.797,49.797,1.0,3.0,3.0,3.0,3.0,3.0,2.0,2.0,2.0,5.0,5.0,5.0,5.0,5.0,2.0,2.0,1.0,1.0,1.0,1.0,1.0,1.0,0.0,0.0,local,local,local,local,local,local,,,0.0,0.0,0.0,0.0,0.0,0.0,0.0,0.0,0.0,0.0,0.0,0.0,0.0,0.0,0.0,0.0,0.0,0.0,0.0,0.0,0.0,0.0,0.0,0.0,0.0,0.0,0.0,0.0,0.0,0.0,0.0,0.0,0.0,1.0,1.0,1.0,1.0,1.0,1.0,1.0,2.0,2.0,2.0,2.0,2.0,2.0,2.0,2.0
10774,Åhus,55.923332,14.293199,1150,1650,210.711,0.609,0,,,,,,,62.42,62.42,62.42,62.42,62.42,62.42,72.973,72.973,0.0,0.0,0.0,0.0,0.0,0.0,0.0,0.0,1.0,3.0,3.0,3.0,3.0,3.0,2.0,2.0,0.0,0.0,0.0,0.0,0.0,0.0,0.0,0.0,,,,,,,,,0.0,0.0,0.0,0.0,0.0,0.0,0.0,0.0,0.0,0.0,0.0,0.0,0.0,0.0,0.0,0.0,0.0,0.0,0.0,1.0,1.0,1.0,1.0,0.0,0.0,0.0,0.0,0.0,0.0,0.0,0.0,0.0,1.0,1.0,1.0,1.0,1.0,1.0,1.0,1.0,1.0,1.0,1.0,1.0,1.0,1.0,1.0,1.0
10777,Vä,55.991711,14.087217,1200,1614,215.047,1.892,0,,,,,,,64.724,64.391,64.391,64.391,64.391,64.391,64.391,,0.0,0.0,0.0,0.0,0.0,0.0,0.0,,1.0,4.0,4.0,4.0,4.0,5.0,3.0,,0.0,0.0,0.0,0.0,0.0,0.0,0.0,,,,,,,,,,0.0,0.0,0.0,0.0,0.0,0.0,0.0,,0.0,0.0,0.0,0.0,0.0,0.0,0.0,,0.0,0.0,0.0,0.0,0.0,0.0,0.0,,0.0,0.0,0.0,0.0,0.0,0.0,0.0,,0.0,0.0,0.0,0.0,0.0,0.0,0.0,,1.0,1.0,1.0,1.0,1.0,1.0,1.0,
10785,,52.377087,4.896699,1300,1650,0.144,0.037,1,,,,,,,35.142,0.527,0.527,0.527,0.527,0.527,0.527,0.527,5.0,10.0,11.0,12.0,13.0,16.0,16.0,15.0,23.0,40.0,54.0,66.0,80.0,84.0,85.0,81.0,0.0,0.0,0.0,0.0,0.0,0.0,0.0,0.0,,,,,,,,,0.0,0.0,0.0,0.0,0.0,0.0,0.0,0.0,0.0,1.0,1.0,1.0,1.0,1.0,1.0,1.0,0.0,0.0,0.0,0.0,0.0,0.0,0.0,0.0,0.0,0.0,0.0,0.0,0.0,0.0,0.0,0.0,0.0,0.0,0.0,0.0,0.0,0.0,0.0,0.0,2.0,3.0,3.0,3.0,3.0,3.0,3.0,3.0
12928,,52.153612,4.488446,1266,1650,0.236,0.217,1,,,,,,,43.586,0.548,0.548,0.548,0.548,0.548,0.548,0.548,4.0,11.0,12.0,12.0,13.0,15.0,15.0,14.0,15.0,26.0,31.0,40.0,46.0,49.0,49.0,48.0,0.0,0.0,0.0,0.0,0.0,0.0,0.0,0.0,,,,,,,,,0.0,0.0,0.0,0.0,0.0,0.0,0.0,0.0,0.0,0.0,0.0,0.0,0.0,0.0,0.0,0.0,0.0,0.0,0.0,0.0,0.0,0.0,0.0,0.0,0.0,0.0,0.0,0.0,0.0,0.0,0.0,0.0,0.0,1.0,1.0,1.0,1.0,1.0,1.0,1.0,2.0,2.0,2.0,2.0,2.0,2.0,2.0,2.0
12929,,52.017968,4.351346,1246,1650,2.137,0.447,1,,,,,,,49.568,18.269,18.269,18.269,18.269,18.269,18.269,18.269,3.0,7.0,9.0,9.0,9.0,10.0,10.0,10.0,11.0,26.0,30.0,38.0,45.0,48.0,48.0,47.0,0.0,0.0,0.0,0.0,0.0,0.0,0.0,0.0,,,,,,,,,0.0,0.0,0.0,0.0,0.0,0.0,0.0,0.0,0.0,0.0,0.0,0.0,0.0,0.0,0.0,0.0,0.0,0.0,0.0,0.0,0.0,0.0,0.0,0.0,0.0,0.0,0.0,0.0,0.0,0.0,0.0,0.0,0.0,0.0,0.0,0.0,0.0,0.0,0.0,1.0,2.0,2.0,2.0,2.0,2.0,2.0,2.0,2.0
8379,Wetzlar,50.554355,8.501117,1180,1650,50.754,0.112,1,6000.0,4000.0,2000.0,3000.0,3000.0,3000.0,51.012,51.012,51.012,51.012,51.012,51.012,51.012,51.012,0.0,0.0,0.0,0.0,0.0,0.0,0.0,0.0,6.0,11.0,12.0,12.0,13.0,13.0,16.0,16.0,0.0,0.0,0.0,0.0,0.0,0.0,0.0,0.0,,,,,,,,,0.0,0.0,0.0,0.0,0.0,0.0,0.0,0.0,0.0,0.0,0.0,0.0,0.0,0.0,0.0,0.0,0.0,0.0,0.0,0.0,0.0,0.0,0.0,0.0,0.0,0.0,0.0,0.0,0.0,0.0,0.0,0.0,0.0,0.0,0.0,0.0,0.0,0.0,0.0,0.0,2.0,2.0,2.0,2.0,2.0,2.0,2.0,2.0
10816,,53.550134,10.005208,1150,1650,0.617,0.085,1,,,,,,,0.835,0.835,0.835,0.835,0.835,0.835,0.835,0.835,7.0,7.0,7.0,9.0,14.0,18.0,29.0,29.0,13.0,19.0,24.0,31.0,50.0,51.0,81.0,89.0,0.0,0.0,0.0,0.0,0.0,0.0,0.0,0.0,,,,,,,,,0.0,0.0,0.0,0.0,0.0,0.0,0.0,0.0,0.0,0.0,0.0,0.0,1.0,1.0,1.0,1.0,0.0,0.0,0.0,0.0,0.0,0.0,0.0,0.0,0.0,0.0,0.0,0.0,0.0,0.0,0.0,0.0,0.0,0.0,0.0,0.0,0.0,0.0,0.0,0.0,2.0,2.0,2.0,2.0,3.0,3.0,3.0,3.0
14381,Herrested ,55.280658,10.611655,1200,1415,118.818,2.373,1,,,,,,,87.925,19.079,19.079,,,,,,0.0,2.0,3.0,,,,,,1.0,6.0,8.0,,,,,,0.0,0.0,0.0,,,,,,,,,,,,,,0.0,0.0,0.0,,,,,,0.0,0.0,0.0,,,,,,0.0,0.0,0.0,,,,,,0.0,0.0,0.0,,,,,,0.0,0.0,0.0,,,,,,1.0,2.0,2.0,,,,,
10788,,52.093432,5.116996,1114,1650,0.111,0.11,1,,,,,,,0.22,0.22,0.22,0.22,0.22,0.22,0.22,0.22,11.0,18.0,21.0,27.0,30.0,33.0,33.0,32.0,25.0,43.0,54.0,68.0,82.0,86.0,87.0,83.0,0.0,0.0,0.0,0.0,0.0,0.0,0.0,0.0,,,,,,,,,0.0,0.0,0.0,0.0,0.0,0.0,0.0,0.0,0.0,0.0,0.0,0.0,0.0,1.0,1.0,1.0,0.0,0.0,0.0,0.0,0.0,0.0,0.0,0.0,0.0,0.0,0.0,0.0,0.0,0.0,0.0,0.0,0.0,0.0,0.0,0.0,0.0,0.0,0.0,0.0,2.0,2.0,2.0,2.0,2.0,3.0,3.0,3.0
10793,Staverden,52.285623,5.739056,1298,1650,25.026,0.349,1,,,,,,,10.895,10.895,10.895,10.895,10.895,10.895,10.895,10.895,18.0,26.0,35.0,43.0,50.0,53.0,54.0,50.0,30.0,49.0,67.0,82.0,96.0,104.0,106.0,102.0,0.0,0.0,0.0,0.0,0.0,0.0,0.0,0.0,,,,,,,,,0.0,0.0,0.0,0.0,0.0,0.0,0.0,0.0,0.0,0.0,0.0,0.0,0.0,0.0,0.0,0.0,0.0,0.0,0.0,0.0,0.0,0.0,0.0,0.0,0.0,0.0,0.0,0.0,0.0,0.0,0.0,0.0,0.0,0.0,0.0,0.0,0.0,0.0,0.0,0.0,2.0,2.0,2.0,2.0,2.0,2.0,2.0,2.0
10817,,53.551632,10.004629,1150,1650,0.681,0.044,1,,,,,,,0.863,0.863,0.863,0.863,0.863,0.863,0.863,0.863,7.0,7.0,7.0,9.0,14.0,18.0,29.0,29.0,13.0,19.0,24.0,31.0,50.0,51.0,81.0,89.0,0.0,0.0,0.0,0.0,0.0,0.0,0.0,0.0,,,,,,,,,0.0,0.0,0.0,0.0,0.0,0.0,0.0,0.0,0.0,0.0,0.0,0.0,1.0,1.0,1.0,1.0,0.0,0.0,0.0,0.0,0.0,0.0,0.0,0.0,0.0,0.0,0.0,0.0,0.0,0.0,0.0,0.0,0.0,0.0,0.0,0.0,0.0,0.0,0.0,0.0,2.0,2.0,2.0,2.0,3.0,3.0,3.0,3.0
10818,,53.55239,10.0042,1150,1650,0.72,0.044,1,,,,,,,0.882,0.882,0.882,0.882,0.882,0.882,0.882,0.882,7.0,7.0,7.0,9.0,14.0,18.0,29.0,29.0,13.0,19.0,24.0,31.0,50.0,51.0,81.0,89.0,0.0,0.0,0.0,0.0,0.0,0.0,0.0,0.0,,,,,,,,,0.0,0.0,0.0,0.0,0.0,0.0,0.0,0.0,0.0,0.0,0.0,0.0,1.0,1.0,1.0,1.0,0.0,0.0,0.0,0.0,0.0,0.0,0.0,0.0,0.0,0.0,0.0,0.0,0.0,0.0,0.0,0.0,0.0,0.0,0.0,0.0,0.0,0.0,0.0,0.0,2.0,2.0,2.0,2.0,3.0,3.0,3.0,3.0
12625,,51.815016,4.660896,1220,1650,0.623,0.214,1,,,,,,,18.613,5.728,5.728,5.728,5.728,5.728,5.728,5.728,9.0,15.0,18.0,19.0,22.0,24.0,24.0,23.0,17.0,32.0,36.0,44.0,53.0,56.0,56.0,55.0,0.0,0.0,0.0,0.0,0.0,0.0,0.0,0.0,,,,,,,,,0.0,0.0,0.0,0.0,0.0,0.0,0.0,0.0,1.0,1.0,1.0,1.0,1.0,1.0,1.0,1.0,0.0,0.0,0.0,0.0,0.0,0.0,0.0,0.0,0.0,1.0,1.0,1.0,1.0,1.0,1.0,1.0,0.0,0.0,0.0,0.0,0.0,0.0,0.0,0.0,3.0,3.0,3.0,3.0,3.0,3.0,3.0,3.0
10522,Bogense,55.566873,10.08885,1270,1650,129.807,0.163,1,,,,,,,66.06,26.772,26.772,26.772,26.772,26.772,26.772,26.772,0.0,2.0,2.0,3.0,3.0,3.0,5.0,7.0,2.0,8.0,9.0,11.0,14.0,15.0,19.0,27.0,0.0,0.0,0.0,0.0,0.0,0.0,0.0,0.0,,,,,,,,,0.0,0.0,0.0,0.0,0.0,0.0,0.0,0.0,0.0,0.0,0.0,0.0,0.0,0.0,0.0,0.0,0.0,0.0,0.0,0.0,0.0,0.0,0.0,0.0,0.0,0.0,0.0,0.0,0.0,0.0,0.0,0.0,0.0,0.0,0.0,0.0,0.0,0.0,0.0,0.0,2.0,2.0,2.0,2.0,2.0,2.0,2.0,2.0
10843,,53.936661,10.307465,1244,1650,15.529,0.082,1,,,,,,,47.909,46.32,46.32,44.364,38.194,27.879,0.164,0.164,3.0,4.0,4.0,7.0,17.0,16.0,26.0,27.0,9.0,14.0,20.0,24.0,43.0,45.0,76.0,77.0,0.0,0.0,0.0,0.0,0.0,0.0,0.0,0.0,,,,,,,,,0.0,0.0,0.0,0.0,0.0,0.0,0.0,0.0,0.0,0.0,0.0,0.0,0.0,0.0,0.0,0.0,0.0,0.0,0.0,0.0,0.0,0.0,0.0,0.0,0.0,0.0,0.0,0.0,0.0,0.0,0.0,0.0,0.0,0.0,0.0,0.0,0.0,0.0,0.0,0.0,2.0,2.0,2.0,2.0,2.0,2.0,2.0,2.0
10849,,54.305149,9.661443,1253,1650,0.224,0.09,1,,,,,,,79.005,23.793,23.793,23.793,23.793,23.793,0.181,0.181,0.0,4.0,8.0,10.0,23.0,19.0,31.0,31.0,5.0,10.0,16.0,20.0,42.0,43.0,71.0,73.0,0.0,0.0,0.0,0.0,0.0,0.0,0.0,0.0,,,,,,,,,0.0,0.0,0.0,0.0,0.0,0.0,0.0,0.0,0.0,0.0,0.0,0.0,0.0,0.0,0.0,0.0,0.0,0.0,0.0,0.0,0.0,0.0,0.0,0.0,0.0,0.0,0.0,0.0,0.0,0.0,0.0,0.0,0.0,1.0,1.0,1.0,1.0,1.0,1.0,1.0,2.0,2.0,2.0,2.0,2.0,2.0,2.0,2.0
10864,,52.15427,5.387491,1259,1650,5.042,0.136,1,,,,,,,19.606,19.606,19.606,19.606,19.606,19.606,19.606,19.606,14.0,18.0,22.0,28.0,33.0,36.0,36.0,35.0,27.0,47.0,65.0,82.0,96.0,100.0,101.0,97.0,0.0,0.0,0.0,0.0,0.0,0.0,0.0,0.0,,,,,,,,,0.0,0.0,0.0,0.0,0.0,0.0,0.0,0.0,0.0,0.0,0.0,0.0,0.0,0.0,0.0,0.0,0.0,0.0,0.0,0.0,0.0,0.0,0.0,0.0,0.0,0.0,0.0,0.0,0.0,0.0,0.0,0.0,0.0,0.0,0.0,0.0,0.0,0.0,0.0,0.0,2.0,2.0,2.0,2.0,2.0,2.0,2.0,2.0
10879,Stadsbrug,52.559609,5.918985,1230,1650,0.316,0.061,1,,,,,,,12.878,12.878,0.187,0.187,0.187,0.187,0.187,0.187,5.0,11.0,26.0,29.0,32.0,33.0,34.0,31.0,31.0,47.0,63.0,85.0,102.0,111.0,111.0,107.0,0.0,0.0,0.0,0.0,0.0,0.0,0.0,0.0,,,,,,,,,0.0,0.0,0.0,1.0,1.0,1.0,1.0,1.0,0.0,0.0,0.0,0.0,0.0,0.0,0.0,0.0,0.0,0.0,0.0,1.0,1.0,1.0,1.0,1.0,0.0,0.0,0.0,0.0,0.0,0.0,0.0,0.0,0.0,0.0,0.0,0.0,0.0,0.0,0.0,0.0,2.0,2.0,2.0,2.0,2.0,2.0,2.0,2.0
10873,,51.216847,10.450991,1135,1650,23.966,0.031,1,,,,,,,28.454,1.23,1.23,1.23,1.23,1.23,1.23,1.23,7.0,18.0,18.0,18.0,24.0,27.0,29.0,37.0,20.0,49.0,65.0,84.0,106.0,117.0,136.0,150.0,0.0,0.0,0.0,0.0,0.0,0.0,0.0,0.0,,,,,,,,,0.0,0.0,0.0,0.0,0.0,0.0,0.0,0.0,0.0,0.0,0.0,0.0,0.0,0.0,1.0,1.0,0.0,0.0,0.0,0.0,0.0,0.0,0.0,0.0,0.0,0.0,0.0,0.0,0.0,0.0,0.0,0.0,0.0,0.0,0.0,0.0,0.0,0.0,0.0,0.0,2.0,2.0,2.0,2.0,2.0,2.0,3.0,3.0
10331,,51.970635,5.348525,1300,1650,4.347,0.159,1,,,,,,,18.775,18.775,6.679,4.57,4.57,4.57,4.57,4.57,17.0,18.0,20.0,28.0,35.0,38.0,38.0,37.0,29.0,51.0,65.0,80.0,93.0,97.0,98.0,94.0,0.0,0.0,0.0,0.0,0.0,0.0,0.0,0.0,,,,,,,,,0.0,0.0,0.0,0.0,1.0,1.0,1.0,1.0,0.0,0.0,0.0,0.0,0.0,0.0,0.0,0.0,0.0,0.0,0.0,0.0,0.0,0.0,0.0,0.0,0.0,0.0,0.0,0.0,0.0,0.0,0.0,0.0,0.0,1.0,1.0,1.0,1.0,1.0,1.0,1.0,2.0,2.0,2.0,2.0,2.0,2.0,2.0,2.0
12674,,52.159047,4.491078,1266,1650,0.388,0.005,1,,,,,,,43.506,0.098,0.098,0.098,0.098,0.098,0.098,0.098,4.0,11.0,12.0,12.0,13.0,15.0,15.0,14.0,15.0,26.0,31.0,40.0,46.0,49.0,49.0,48.0,0.0,0.0,0.0,0.0,0.0,0.0,0.0,0.0,,,,,,,,,0.0,0.0,0.0,0.0,0.0,0.0,0.0,0.0,0.0,0.0,0.0,0.0,0.0,0.0,0.0,0.0,0.0,0.0,0.0,0.0,0.0,0.0,0.0,0.0,0.0,0.0,0.0,0.0,0.0,0.0,0.0,0.0,0.0,0.0,0.0,0.0,0.0,0.0,0.0,0.0,2.0,2.0,2.0,2.0,2.0,2.0,2.0,2.0
1988,Frankfurt (Oder),52.344244,14.553598,1253,1650,4.539,0.048,1,5000.0,3000.0,11000.0,12000.0,13000.0,11000.0,186.757,176.402,69.092,69.092,69.092,69.092,69.092,69.092,0.0,0.0,0.0,0.0,0.0,0.0,0.0,0.0,0.0,0.0,4.0,4.0,5.0,7.0,9.0,9.0,0.0,0.0,0.0,0.0,0.0,0.0,0.0,0.0,,,,,,,,,1.0,1.0,1.0,1.0,1.0,1.0,1.0,1.0,1.0,1.0,1.0,1.0,1.0,1.0,1.0,1.0,0.0,0.0,0.0,0.0,0.0,0.0,0.0,0.0,0.0,0.0,0.0,0.0,0.0,0.0,0.0,0.0,0.0,0.0,0.0,0.0,0.0,0.0,0.0,0.0,3.0,3.0,3.0,3.0,3.0,3.0,3.0,3.0
10935,,50.574276,10.414792,1230,1650,59.389,0.205,0,,,,,,,0.736,0.736,0.736,0.736,0.736,0.736,0.736,0.736,8.0,14.0,18.0,18.0,23.0,26.0,32.0,37.0,12.0,28.0,33.0,38.0,54.0,61.0,72.0,79.0,0.0,0.0,0.0,0.0,0.0,0.0,0.0,0.0,,,,,,,,,0.0,0.0,0.0,0.0,0.0,0.0,0.0,0.0,0.0,0.0,0.0,0.0,0.0,0.0,0.0,0.0,0.0,1.0,1.0,1.0,1.0,1.0,1.0,1.0,0.0,0.0,0.0,0.0,0.0,0.0,0.0,0.0,0.0,0.0,0.0,0.0,0.0,0.0,0.0,0.0,2.0,2.0,2.0,2.0,2.0,2.0,2.0,2.0
10940,,51.199756,11.972437,1280,1650,29.767,0.072,1,,,,,,,20.108,0.143,0.143,0.143,0.143,0.143,0.143,0.143,5.0,7.0,11.0,23.0,31.0,34.0,39.0,42.0,10.0,19.0,25.0,42.0,57.0,73.0,84.0,92.0,0.0,0.0,0.0,0.0,0.0,0.0,0.0,0.0,,,,,,,,,0.0,0.0,0.0,0.0,0.0,0.0,0.0,0.0,1.0,1.0,1.0,1.0,1.0,1.0,1.0,1.0,0.0,0.0,0.0,0.0,0.0,0.0,0.0,0.0,0.0,0.0,0.0,0.0,0.0,0.0,0.0,0.0,0.0,0.0,0.0,0.0,0.0,0.0,0.0,0.0,3.0,3.0,3.0,3.0,3.0,3.0,3.0,3.0
10941,,51.198936,11.974347,1280,1650,29.664,0.081,1,,,,,,,19.957,0.269,0.269,0.269,0.269,0.269,0.269,0.269,5.0,7.0,11.0,23.0,31.0,34.0,39.0,42.0,10.0,19.0,25.0,42.0,57.0,73.0,84.0,92.0,0.0,0.0,0.0,0.0,0.0,0.0,0.0,0.0,,,,,,,,,0.0,0.0,0.0,0.0,0.0,0.0,0.0,0.0,1.0,1.0,1.0,1.0,1.0,1.0,1.0,1.0,0.0,0.0,0.0,0.0,0.0,0.0,0.0,0.0,0.0,0.0,0.0,0.0,0.0,0.0,0.0,0.0,0.0,0.0,0.0,0.0,0.0,0.0,0.0,0.0,3.0,3.0,3.0,3.0,3.0,3.0,3.0,3.0
10942,,50.986662,12.436391,1205,1650,31.888,0.133,1,,,,,,,22.261,22.261,22.261,0.266,0.266,0.266,0.266,0.266,3.0,5.0,8.0,10.0,13.0,13.0,14.0,16.0,5.0,11.0,17.0,34.0,46.0,58.0,66.0,73.0,0.0,0.0,0.0,0.0,0.0,0.0,0.0,0.0,,,,,,,,,0.0,0.0,0.0,0.0,0.0,0.0,0.0,0.0,0.0,0.0,0.0,0.0,0.0,0.0,0.0,0.0,0.0,0.0,0.0,0.0,0.0,0.0,0.0,0.0,0.0,0.0,0.0,0.0,0.0,0.0,0.0,0.0,0.0,0.0,0.0,0.0,0.0,0.0,0.0,0.0,2.0,2.0,2.0,2.0,2.0,2.0,2.0,2.0
10943,,50.983482,12.432733,1205,1650,32.211,0.101,1,,,,,,,22.136,22.136,22.136,0.201,0.201,0.201,0.201,0.201,3.0,5.0,8.0,10.0,13.0,13.0,14.0,16.0,5.0,11.0,17.0,34.0,46.0,58.0,66.0,73.0,0.0,0.0,0.0,0.0,0.0,0.0,0.0,0.0,,,,,,,,,0.0,0.0,0.0,0.0,0.0,0.0,0.0,0.0,0.0,0.0,0.0,0.0,0.0,0.0,0.0,0.0,0.0,0.0,0.0,0.0,0.0,0.0,0.0,0.0,0.0,0.0,0.0,0.0,0.0,0.0,0.0,0.0,0.0,0.0,0.0,0.0,0.0,0.0,0.0,0.0,2.0,2.0,2.0,2.0,2.0,2.0,2.0,2.0
12632,,50.938949,4.043462,1174,1650,5.578,0.046,1,,,,,,,55.712,35.898,35.898,35.898,35.898,35.898,35.898,35.898,0.0,3.0,3.0,3.0,5.0,5.0,5.0,5.0,2.0,10.0,11.0,10.0,12.0,12.0,12.0,12.0,0.0,0.0,0.0,0.0,0.0,0.0,0.0,0.0,,,,,,,,,0.0,0.0,0.0,0.0,0.0,0.0,0.0,0.0,0.0,0.0,0.0,0.0,0.0,0.0,0.0,0.0,0.0,0.0,0.0,0.0,0.0,0.0,0.0,0.0,0.0,0.0,0.0,0.0,0.0,0.0,0.0,0.0,0.0,1.0,1.0,1.0,1.0,1.0,1.0,1.0,2.0,2.0,2.0,2.0,2.0,2.0,2.0,2.0
10397,Slagelse,55.40278142,11.354506,1240,1650,155.89,0.023,1,,,,,,,56.303,41.629,41.629,27.832,27.832,15.978,15.978,15.978,0.0,1.0,1.0,4.0,4.0,5.0,9.0,16.0,3.0,9.0,13.0,18.0,18.0,22.0,26.0,34.0,0.0,0.0,0.0,0.0,0.0,0.0,0.0,0.0,,,,,,,,,1.0,1.0,1.0,1.0,1.0,1.0,1.0,1.0,0.0,0.0,0.0,0.0,0.0,0.0,0.0,0.0,0.0,0.0,0.0,0.0,0.0,0.0,0.0,0.0,0.0,0.0,0.0,0.0,0.0,0.0,0.0,0.0,0.0,0.0,0.0,0.0,0.0,0.0,0.0,0.0,2.0,2.0,2.0,2.0,2.0,2.0,2.0,2.0
10993,,49.971755,9.142492,1161,1650,7.121,0.032,1,,,,,,,36.308,25.914,25.914,25.914,25.914,25.914,25.914,25.914,5.0,7.0,7.0,7.0,7.0,7.0,9.0,9.0,5.0,10.0,10.0,10.0,13.0,13.0,15.0,15.0,0.0,0.0,0.0,0.0,0.0,0.0,0.0,0.0,,,,,,,,,0.0,0.0,0.0,0.0,0.0,0.0,0.0,0.0,0.0,0.0,0.0,0.0,0.0,0.0,0.0,0.0,0.0,0.0,0.0,0.0,0.0,0.0,0.0,0.0,0.0,0.0,0.0,0.0,0.0,0.0,0.0,0.0,0.0,0.0,0.0,0.0,0.0,0.0,0.0,0.0,2.0,2.0,2.0,2.0,2.0,2.0,2.0,2.0
10963,,50.997771,9.730765,1200,1650,3.659,0.099,1,,,,,,,41.298,36.152,36.152,36.152,36.152,36.152,36.152,24.426,3.0,9.0,9.0,9.0,9.0,11.0,11.0,15.0,19.0,46.0,60.0,63.0,74.0,80.0,94.0,103.0,0.0,0.0,0.0,0.0,0.0,0.0,0.0,0.0,,,,,,,,,0.0,0.0,0.0,0.0,0.0,0.0,0.0,0.0,0.0,0.0,0.0,0.0,0.0,0.0,0.0,0.0,0.0,0.0,0.0,0.0,0.0,0.0,0.0,0.0,0.0,0.0,0.0,0.0,0.0,0.0,0.0,0.0,0.0,0.0,0.0,0.0,0.0,0.0,0.0,0.0,2.0,2.0,2.0,2.0,2.0,2.0,2.0,2.0
10975,,50.108617,8.687739,1142,1650,2.558,0.113,1,,,,,,,0.443,0.443,0.443,0.443,0.443,0.443,0.443,0.443,1.0,3.0,3.0,3.0,3.0,3.0,5.0,5.0,5.0,10.0,10.0,10.0,10.0,10.0,12.0,12.0,0.0,0.0,0.0,0.0,0.0,0.0,0.0,0.0,,,,,,,,,0.0,0.0,0.0,0.0,0.0,0.0,0.0,0.0,0.0,0.0,0.0,0.0,0.0,0.0,0.0,0.0,0.0,1.0,1.0,1.0,1.0,1.0,1.0,1.0,0.0,0.0,0.0,0.0,0.0,0.0,0.0,0.0,0.0,0.0,0.0,0.0,0.0,0.0,0.0,0.0,2.0,2.0,2.0,2.0,2.0,2.0,2.0,2.0
10976,,50.112381,8.685905,1142,1650,2.723,0.128,1,,,,,,,0.346,0.346,0.346,0.346,0.346,0.346,0.346,0.346,1.0,3.0,3.0,3.0,3.0,3.0,5.0,5.0,5.0,10.0,10.0,10.0,10.0,10.0,12.0,12.0,0.0,0.0,0.0,0.0,0.0,0.0,0.0,0.0,,,,,,,,,0.0,0.0,0.0,0.0,0.0,0.0,0.0,0.0,0.0,0.0,0.0,0.0,0.0,0.0,0.0,0.0,0.0,0.0,0.0,0.0,0.0,0.0,0.0,0.0,0.0,0.0,0.0,0.0,0.0,0.0,0.0,0.0,0.0,0.0,0.0,0.0,0.0,0.0,0.0,0.0,2.0,2.0,2.0,2.0,2.0,2.0,2.0,2.0
10977,,50.111706,8.681624,1142,1650,3.015,0.076,1,,,,,,,0.151,0.151,0.151,0.151,0.151,0.151,0.151,0.151,1.0,3.0,3.0,3.0,3.0,3.0,5.0,5.0,5.0,10.0,10.0,10.0,10.0,10.0,12.0,12.0,0.0,0.0,0.0,0.0,0.0,0.0,0.0,0.0,,,,,,,,,0.0,0.0,0.0,0.0,0.0,0.0,0.0,0.0,0.0,0.0,0.0,0.0,0.0,0.0,0.0,0.0,0.0,0.0,0.0,0.0,0.0,0.0,0.0,0.0,0.0,0.0,0.0,0.0,0.0,0.0,0.0,0.0,0.0,0.0,0.0,0.0,0.0,0.0,0.0,0.0,2.0,2.0,2.0,2.0,2.0,2.0,2.0,2.0
10997,Homeyenbrücke,52.416971,12.561836,1170,1650,1.017,0.244,1,,,,,,,70.353,42.323,33.562,33.562,0.638,0.638,0.638,0.638,0.0,1.0,3.0,3.0,6.0,10.0,10.0,13.0,1.0,4.0,10.0,13.0,24.0,30.0,47.0,55.0,0.0,0.0,0.0,0.0,0.0,0.0,0.0,0.0,,,,,,,,,0.0,0.0,0.0,0.0,0.0,0.0,0.0,0.0,0.0,0.0,0.0,0.0,1.0,1.0,1.0,1.0,1.0,1.0,1.0,1.0,1.0,1.0,1.0,1.0,0.0,0.0,0.0,0.0,0.0,0.0,0.0,0.0,0.0,0.0,0.0,0.0,0.0,0.0,0.0,0.0,2.0,2.0,2.0,2.0,3.0,3.0,3.0,3.0
11004,,52.539835,13.209232,1240,1650,0.088,0.101,1,,,,,,,115.943,83.743,13.598,13.598,13.598,13.598,13.598,13.598,0.0,0.0,3.0,3.0,6.0,6.0,6.0,6.0,0.0,3.0,8.0,8.0,14.0,18.0,29.0,34.0,0.0,0.0,0.0,0.0,0.0,0.0,0.0,0.0,,,,,,,,,0.0,0.0,0.0,0.0,0.0,0.0,0.0,0.0,0.0,0.0,0.0,1.0,0.0,0.0,0.0,0.0,0.0,0.0,0.0,0.0,0.0,0.0,0.0,0.0,0.0,0.0,0.0,0.0,0.0,0.0,0.0,0.0,0.0,0.0,0.0,0.0,0.0,0.0,0.0,0.0,2.0,2.0,2.0,3.0,2.0,2.0,2.0,2.0
11005,,52.406267,12.556468,1170,1650,0.202,0.063,1,,,,,,,69.503,42.39,32.97,32.97,0.877,0.877,0.877,0.877,0.0,1.0,3.0,3.0,6.0,10.0,12.0,16.0,2.0,8.0,16.0,19.0,31.0,39.0,56.0,65.0,0.0,0.0,0.0,0.0,0.0,0.0,0.0,0.0,,,,,,,,,0.0,0.0,0.0,0.0,0.0,1.0,1.0,1.0,0.0,0.0,0.0,0.0,1.0,1.0,1.0,1.0,0.0,0.0,0.0,0.0,0.0,0.0,0.0,0.0,0.0,0.0,0.0,0.0,0.0,0.0,0.0,0.0,0.0,1.0,1.0,1.0,1.0,1.0,1.0,1.0,2.0,2.0,2.0,2.0,3.0,3.0,3.0,3.0
15432,Malmø færge,55.607825350973634,12.99927131454415,1250,1650,170.148,0.104,1,,,,,,,22.995,16.119,16.119,16.119,16.119,16.119,16.119,16.119,1.0,4.0,4.0,4.0,4.0,4.0,2.0,2.0,4.0,9.0,12.0,16.0,16.0,18.0,17.0,17.0,0.0,0.0,0.0,0.0,0.0,0.0,0.0,0.0,,,,,,,,,0.0,0.0,0.0,0.0,0.0,0.0,0.0,0.0,0.0,0.0,0.0,0.0,0.0,0.0,0.0,0.0,0.0,0.0,0.0,0.0,0.0,0.0,0.0,0.0,1.0,1.0,1.0,1.0,1.0,1.0,1.0,1.0,1.0,1.0,1.0,1.0,1.0,1.0,1.0,1.0,2.0,2.0,2.0,2.0,2.0,2.0,2.0,2.0
15517,,55.62105,8.482915,1150,1650,137.126,0.009,1,,,,,,,37.019,37.019,37.019,37.019,37.019,37.019,37.019,37.019,1.0,2.0,2.0,2.0,3.0,3.0,3.0,3.0,2.0,4.0,4.0,8.0,9.0,9.0,9.0,10.0,0.0,0.0,0.0,0.0,0.0,0.0,0.0,0.0,,,,,,,,,0.0,0.0,0.0,0.0,0.0,0.0,0.0,0.0,0.0,0.0,0.0,0.0,0.0,0.0,0.0,0.0,0.0,0.0,0.0,0.0,0.0,0.0,0.0,0.0,0.0,0.0,0.0,0.0,0.0,0.0,0.0,0.0,0.0,0.0,0.0,0.0,0.0,0.0,0.0,0.0,2.0,2.0,2.0,2.0,2.0,2.0,2.0,2.0
12427,Lobeda,50.892455,11.60712,1284,1650,68.734,0.576,1,,,,,,,19.373,19.373,4.19,4.19,4.19,4.19,4.19,4.19,2.0,5.0,7.0,16.0,25.0,27.0,29.0,29.0,17.0,32.0,42.0,58.0,73.0,89.0,98.0,102.0,0.0,0.0,0.0,0.0,0.0,0.0,0.0,0.0,,,,,,,,,0.0,0.0,0.0,0.0,1.0,1.0,1.0,1.0,0.0,0.0,0.0,0.0,0.0,0.0,0.0,0.0,0.0,0.0,0.0,0.0,0.0,0.0,0.0,0.0,0.0,0.0,0.0,0.0,0.0,0.0,0.0,0.0,0.0,0.0,0.0,0.0,0.0,0.0,0.0,0.0,2.0,2.0,2.0,2.0,2.0,2.0,2.0,2.0
15515,,55.62401660665066,8.480462400499174,1150,1650,137.49,0.182,1,,,,,,,37.383,37.383,37.383,37.383,37.383,37.383,37.383,37.383,1.0,2.0,2.0,2.0,3.0,3.0,3.0,3.0,2.0,4.0,4.0,8.0,9.0,9.0,9.0,10.0,0.0,0.0,0.0,0.0,0.0,0.0,0.0,0.0,,,,,,,,,0.0,0.0,0.0,0.0,0.0,0.0,0.0,0.0,0.0,0.0,0.0,0.0,0.0,0.0,0.0,0.0,0.0,0.0,0.0,0.0,0.0,0.0,0.0,0.0,0.0,0.0,0.0,0.0,0.0,0.0,0.0,0.0,0.0,0.0,0.0,0.0,0.0,0.0,0.0,0.0,2.0,2.0,2.0,2.0,2.0,2.0,2.0,2.0
15516,,55.61947176693242,8.483537236215327,1150,1650,136.949,0.07,1,,,,,,,36.846,36.846,36.846,36.846,36.846,36.846,36.846,36.846,1.0,2.0,2.0,2.0,3.0,3.0,3.0,3.0,2.0,4.0,4.0,8.0,9.0,9.0,9.0,10.0,0.0,0.0,0.0,0.0,0.0,0.0,0.0,0.0,,,,,,,,,0.0,0.0,0.0,0.0,0.0,0.0,0.0,0.0,0.0,0.0,0.0,0.0,0.0,0.0,0.0,0.0,0.0,0.0,0.0,0.0,0.0,0.0,0.0,0.0,0.0,0.0,0.0,0.0,0.0,0.0,0.0,0.0,0.0,0.0,0.0,0.0,0.0,0.0,0.0,0.0,2.0,2.0,2.0,2.0,2.0,2.0,2.0,2.0
7981,Vejle,55.707767,9.532945,1200,1650,136.585,0.112,1,,,,,,,64.315,24.473,24.473,24.473,24.473,24.473,24.473,24.473,0.0,1.0,1.0,2.0,2.0,2.0,2.0,3.0,3.0,10.0,12.0,18.0,21.0,21.0,23.0,29.0,0.0,0.0,0.0,0.0,0.0,0.0,0.0,0.0,,,,,,,,,0.0,0.0,0.0,0.0,0.0,0.0,0.0,0.0,0.0,0.0,0.0,0.0,0.0,0.0,0.0,0.0,0.0,0.0,0.0,0.0,0.0,0.0,0.0,0.0,0.0,0.0,0.0,0.0,0.0,0.0,0.0,0.0,0.0,0.0,0.0,0.0,0.0,0.0,0.0,0.0,2.0,2.0,2.0,2.0,2.0,2.0,2.0,2.0
19570,,55.649959,12.076919,1000,1650,182.139,0.506,1,,,,,,,33.94,24.008,1.013,1.013,1.013,1.013,1.013,1.013,1.0,4.0,6.0,8.0,8.0,9.0,10.0,11.0,3.0,9.0,12.0,17.0,17.0,20.0,22.0,28.0,0.0,0.0,0.0,0.0,0.0,0.0,0.0,0.0,,,,,,,,,0.0,0.0,0.0,0.0,0.0,0.0,0.0,0.0,0.0,0.0,0.0,0.0,0.0,0.0,0.0,0.0,0.0,0.0,0.0,0.0,0.0,0.0,0.0,0.0,0.0,0.0,0.0,0.0,0.0,0.0,0.0,0.0,1.0,1.0,1.0,1.0,1.0,1.0,1.0,1.0,2.0,2.0,2.0,2.0,2.0,2.0,2.0,2.0
19577,,55.719964,11.707916,1240,1650,191.803,0.215,1,,,,,,,40.284,0.429,0.429,0.429,0.429,0.429,0.429,0.429,1.0,3.0,5.0,7.0,7.0,8.0,10.0,13.0,3.0,10.0,13.0,18.0,18.0,21.0,25.0,33.0,0.0,0.0,0.0,0.0,0.0,0.0,0.0,0.0,,,,,,,,,0.0,0.0,0.0,0.0,0.0,0.0,0.0,0.0,0.0,0.0,0.0,0.0,0.0,0.0,0.0,0.0,0.0,0.0,0.0,0.0,0.0,0.0,0.0,0.0,0.0,0.0,0.0,0.0,0.0,0.0,0.0,0.0,0.0,1.0,1.0,1.0,1.0,1.0,1.0,1.0,2.0,2.0,2.0,2.0,2.0,2.0,2.0,2.0
72,Aarhus,56.157091,10.209522,1300,1650,108.178,0.052,1,3000.0,2000.0,3000.0,4000.0,5000.0,4000.0,0.0,0.0,0.0,0.0,0.0,0.0,0.0,0.0,1.0,3.0,3.0,3.0,5.0,5.0,5.0,5.0,1.0,8.0,9.0,11.0,12.0,13.0,17.0,25.0,1.0,1.0,1.0,1.0,1.0,1.0,1.0,1.0,regional,regional,regional,regional,regional,regional,regional,regional,1.0,1.0,1.0,1.0,1.0,1.0,1.0,1.0,0.0,0.0,0.0,0.0,0.0,0.0,0.0,0.0,0.0,0.0,0.0,0.0,0.0,0.0,0.0,0.0,0.0,0.0,0.0,0.0,0.0,0.0,0.0,0.0,0.0,0.0,0.0,0.0,0.0,0.0,0.0,0.0,3.0,3.0,3.0,3.0,3.0,3.0,3.0,3.0
9609,Grenaa,56.413197,10.87585,1250,1650,117.304,0.118,1,,,,,,,50.023,50.023,50.023,50.023,50.023,50.023,50.023,0.0,0.0,0.0,0.0,0.0,0.0,0.0,0.0,1.0,2.0,8.0,10.0,11.0,13.0,14.0,15.0,23.0,0.0,0.0,0.0,0.0,0.0,0.0,0.0,1.0,,,,,,,,local,0.0,0.0,0.0,0.0,0.0,0.0,0.0,0.0,0.0,0.0,0.0,0.0,0.0,0.0,0.0,0.0,0.0,0.0,0.0,0.0,0.0,0.0,0.0,0.0,0.0,0.0,0.0,0.0,0.0,0.0,0.0,0.0,1.0,1.0,1.0,1.0,1.0,1.0,1.0,1.0,2.0,2.0,2.0,2.0,2.0,2.0,2.0,2.0
11923,Sint Anna ter Muiden,51.314348,3.364369,1242,1650,1.186,0.536,0,,,,,,,7.458,7.458,7.458,15.258,15.258,15.258,15.258,15.258,2.0,6.0,7.0,6.0,8.0,8.0,8.0,8.0,2.0,8.0,9.0,8.0,10.0,10.0,10.0,10.0,0.0,0.0,0.0,0.0,0.0,0.0,0.0,0.0,,,,,,,,,1.0,1.0,1.0,1.0,1.0,1.0,1.0,1.0,0.0,0.0,0.0,0.0,0.0,0.0,0.0,0.0,0.0,0.0,0.0,0.0,0.0,0.0,0.0,0.0,0.0,0.0,0.0,0.0,0.0,0.0,0.0,0.0,0.0,0.0,0.0,0.0,0.0,0.0,0.0,0.0,2.0,2.0,2.0,2.0,2.0,2.0,2.0,2.0
6185,Pyrzyce,53.143221,14.893788,1248,1650,30.917,0.167,1,,,,,,,145.532,145.532,27.577,27.577,27.577,27.577,27.577,27.577,0.0,0.0,1.0,1.0,2.0,4.0,5.0,5.0,0.0,0.0,1.0,1.0,2.0,4.0,5.0,5.0,0.0,0.0,0.0,0.0,0.0,0.0,0.0,0.0,,,,,,,,,0.0,1.0,1.0,1.0,1.0,1.0,1.0,1.0,0.0,0.0,0.0,0.0,0.0,0.0,0.0,0.0,0.0,0.0,0.0,0.0,0.0,0.0,0.0,0.0,0.0,0.0,0.0,0.0,0.0,0.0,0.0,0.0,0.0,0.0,0.0,0.0,0.0,0.0,0.0,0.0,2.0,2.0,2.0,2.0,2.0,2.0,2.0,2.0
3881,Kolding,55.490223,9.473839,1231,1650,112.154,0.127,1,,,,,,,48.408,0.0,0.0,0.0,0.0,0.0,0.0,0.0,1.0,3.0,3.0,4.0,5.0,5.0,5.0,6.0,2.0,6.0,7.0,9.0,10.0,10.0,12.0,16.0,0.0,1.0,1.0,1.0,1.0,1.0,1.0,1.0,,local,local,local,regional,regional,regional,regional,0.0,1.0,1.0,1.0,1.0,1.0,1.0,1.0,0.0,0.0,0.0,0.0,1.0,1.0,1.0,1.0,0.0,0.0,0.0,0.0,0.0,0.0,0.0,0.0,0.0,0.0,0.0,0.0,0.0,0.0,0.0,0.0,1.0,1.0,1.0,1.0,1.0,1.0,1.0,1.0,2.0,2.0,2.0,2.0,3.0,3.0,3.0,3.0
19402,,54.829663,11.138238,1240,1650,102.566,0.079,1,,,,,,,53.195,53.195,53.195,53.195,53.195,0.187,0.187,0.187,0.0,0.0,0.0,0.0,0.0,2.0,3.0,4.0,1.0,4.0,7.0,14.0,21.0,22.0,33.0,39.0,0.0,0.0,0.0,0.0,0.0,0.0,0.0,0.0,,,,,,,,,0.0,0.0,0.0,0.0,0.0,0.0,0.0,0.0,0.0,0.0,0.0,0.0,0.0,0.0,0.0,0.0,0.0,0.0,0.0,0.0,0.0,0.0,0.0,0.0,0.0,0.0,0.0,0.0,0.0,0.0,0.0,0.0,0.0,0.0,0.0,0.0,0.0,0.0,0.0,0.0,2.0,2.0,2.0,2.0,2.0,2.0,2.0,2.0
1377,Delitzsch,51.522412,12.332393,1250,1650,28.125,2.697,1,,,,,,,20.501,20.501,0.0,0.0,0.0,0.0,0.0,0.0,3.0,4.0,8.0,10.0,13.0,17.0,20.0,24.0,8.0,18.0,27.0,40.0,54.0,69.0,87.0,99.0,0.0,0.0,1.0,1.0,1.0,1.0,1.0,1.0,,,local,local,local,local,local,local,0.0,0.0,0.0,0.0,1.0,1.0,1.0,1.0,0.0,0.0,0.0,0.0,0.0,0.0,0.0,0.0,0.0,0.0,0.0,0.0,0.0,0.0,0.0,0.0,0.0,0.0,0.0,0.0,0.0,0.0,0.0,0.0,0.0,0.0,0.0,0.0,0.0,0.0,0.0,0.0,2.0,2.0,2.0,2.0,2.0,2.0,2.0,2.0
6890,Schlotheim,51.246645,10.656661,1277,1650,38.627,0.059,1,,,,,,,27.179,14.38,14.38,14.38,14.38,14.38,14.38,14.38,7.0,18.0,18.0,18.0,24.0,27.0,29.0,31.0,16.0,49.0,60.0,81.0,101.0,114.0,135.0,150.0,0.0,0.0,0.0,0.0,0.0,0.0,0.0,0.0,,,,,,,,,0.0,0.0,0.0,0.0,0.0,0.0,0.0,0.0,0.0,0.0,0.0,0.0,0.0,0.0,0.0,0.0,0.0,0.0,0.0,0.0,0.0,0.0,0.0,0.0,0.0,0.0,0.0,0.0,0.0,0.0,0.0,0.0,0.0,0.0,0.0,0.0,0.0,0.0,0.0,0.0,2.0,2.0,2.0,2.0,2.0,2.0,2.0,2.0
10144,Sakskøbing,54.799642,11.635273,1240,1650,93.231,0.117,1,,,,,,,29.107,28.0,28.0,28.0,28.0,28.0,28.0,28.0,1.0,2.0,3.0,5.0,5.0,7.0,8.0,8.0,1.0,3.0,9.0,14.0,17.0,20.0,28.0,31.0,0.0,0.0,0.0,0.0,0.0,0.0,0.0,0.0,,,,,,,,,0.0,0.0,0.0,0.0,0.0,0.0,0.0,0.0,0.0,0.0,0.0,0.0,0.0,0.0,0.0,0.0,0.0,0.0,0.0,0.0,0.0,0.0,0.0,0.0,0.0,0.0,0.0,0.0,0.0,0.0,0.0,0.0,0.0,0.0,0.0,0.0,0.0,0.0,0.0,0.0,2.0,2.0,2.0,2.0,2.0,2.0,2.0,2.0
11812,,51.436748,6.75724,1145,1650,0.629,0.14,1,,,,,,,17.842,17.842,17.842,15.092,15.092,15.092,15.092,15.092,14.0,19.0,21.0,28.0,30.0,30.0,31.0,31.0,39.0,57.0,65.0,80.0,93.0,97.0,102.0,103.0,0.0,0.0,0.0,0.0,0.0,0.0,0.0,0.0,,,,,,,,,0.0,0.0,0.0,0.0,0.0,0.0,0.0,0.0,1.0,1.0,1.0,1.0,1.0,1.0,1.0,1.0,0.0,0.0,0.0,0.0,0.0,0.0,0.0,0.0,0.0,0.0,0.0,0.0,0.0,0.0,0.0,0.0,1.0,1.0,1.0,1.0,1.0,1.0,1.0,0.0,3.0,3.0,3.0,3.0,3.0,3.0,3.0,3.0
19873,Turun silta,60.451175,22.273845,1300,1650,344.193,0.031,1,,,,,,,747.709,0.129,0.129,0.129,0.129,0.129,0.129,0.129,0.0,3.0,3.0,3.0,4.0,4.0,4.0,10.0,0.0,3.0,3.0,3.0,4.0,4.0,6.0,18.0,0.0,0.0,0.0,0.0,0.0,0.0,0.0,0.0,,,,,,,,,0.0,0.0,0.0,0.0,0.0,0.0,0.0,0.0,0.0,0.0,0.0,0.0,0.0,0.0,0.0,0.0,0.0,0.0,0.0,1.0,1.0,1.0,1.0,1.0,0.0,0.0,0.0,0.0,0.0,0.0,0.0,0.0,0.0,0.0,0.0,0.0,0.0,0.0,0.0,0.0,2.0,2.0,2.0,2.0,2.0,2.0,2.0,2.0
10181,Stubbekøbing,54.890129,12.043395,1240,1650,97.778,0.041,1,,,,,,,15.629,0.0,0.0,0.0,0.0,0.0,0.0,0.0,1.0,2.0,3.0,5.0,5.0,5.0,5.0,4.0,2.0,5.0,10.0,15.0,17.0,20.0,25.0,30.0,0.0,1.0,1.0,1.0,1.0,1.0,1.0,1.0,,local,local,local,local,local,local,local,0.0,0.0,0.0,0.0,0.0,0.0,0.0,0.0,0.0,0.0,0.0,0.0,0.0,0.0,0.0,0.0,0.0,0.0,0.0,0.0,0.0,0.0,0.0,0.0,0.0,0.0,0.0,0.0,0.0,0.0,0.0,0.0,0.0,1.0,1.0,1.0,1.0,1.0,1.0,1.0,2.0,2.0,2.0,2.0,2.0,2.0,2.0,2.0
11900,,52.792048,11.752614,1164,1650,17.203,0.046,1,,,,,,,55.693,17.24,17.24,17.24,17.24,17.24,17.24,17.24,0.0,3.0,7.0,10.0,15.0,15.0,18.0,22.0,6.0,12.0,20.0,25.0,36.0,41.0,62.0,69.0,0.0,0.0,0.0,0.0,0.0,0.0,0.0,0.0,,,,,,,,,0.0,0.0,0.0,0.0,0.0,0.0,0.0,0.0,0.0,0.0,0.0,0.0,0.0,0.0,0.0,0.0,0.0,1.0,1.0,1.0,1.0,1.0,1.0,1.0,0.0,0.0,0.0,0.0,0.0,0.0,0.0,0.0,0.0,0.0,0.0,0.0,0.0,0.0,0.0,0.0,2.0,2.0,2.0,2.0,2.0,2.0,2.0,2.0
11904,Nieuwpoort (Lek),51.935317,4.868541,1283,1650,0.223,0.565,1,,,,,,,24.424,13.733,13.733,13.733,13.733,13.733,13.733,13.733,9.0,18.0,21.0,26.0,29.0,31.0,31.0,30.0,21.0,42.0,52.0,65.0,78.0,82.0,82.0,81.0,0.0,0.0,0.0,0.0,0.0,0.0,0.0,0.0,,,,,,,,,0.0,0.0,0.0,0.0,0.0,0.0,0.0,0.0,0.0,0.0,0.0,0.0,0.0,0.0,0.0,0.0,0.0,0.0,0.0,0.0,0.0,0.0,0.0,0.0,0.0,0.0,0.0,0.0,0.0,0.0,0.0,0.0,0.0,1.0,1.0,1.0,1.0,1.0,1.0,1.0,2.0,2.0,2.0,2.0,2.0,2.0,2.0,2.0
11905,Woudrichem,51.81793,5.003807,1283,1650,1.13,0.037,1,,,,,,,16.365,16.365,16.365,16.365,16.365,16.365,16.365,16.365,10.0,15.0,17.0,22.0,25.0,27.0,27.0,26.0,23.0,46.0,55.0,71.0,84.0,88.0,88.0,87.0,0.0,0.0,0.0,0.0,0.0,0.0,0.0,0.0,,,,,,,,,0.0,0.0,0.0,0.0,0.0,0.0,0.0,0.0,0.0,0.0,0.0,0.0,0.0,0.0,0.0,0.0,0.0,0.0,0.0,0.0,0.0,0.0,0.0,0.0,0.0,0.0,0.0,0.0,0.0,0.0,0.0,0.0,0.0,0.0,0.0,0.0,0.0,0.0,0.0,0.0,2.0,2.0,2.0,2.0,2.0,2.0,2.0,2.0
11907,Heusden,51.734005,5.137868,1286,1650,1.355,0.059,1,,,,,,,11.647,11.647,11.647,11.647,11.647,11.647,11.647,11.647,10.0,15.0,17.0,24.0,29.0,31.0,31.0,30.0,23.0,48.0,57.0,73.0,86.0,90.0,90.0,89.0,0.0,0.0,0.0,0.0,0.0,0.0,0.0,0.0,,,,,,,,,0.0,1.0,1.0,1.0,1.0,1.0,1.0,1.0,0.0,0.0,1.0,1.0,0.0,0.0,0.0,0.0,0.0,0.0,0.0,0.0,0.0,0.0,0.0,0.0,0.0,0.0,0.0,0.0,0.0,0.0,0.0,0.0,0.0,0.0,0.0,0.0,0.0,0.0,0.0,0.0,2.0,2.0,3.0,3.0,2.0,2.0,2.0,2.0
11915,Zierikzee,51.649648,3.921261,1220,1650,0.325,0.103,1,2000.0,1000.0,4000.0,5000.0,7000.0,11000.0,53.087,27.222,27.222,16.271,16.271,16.271,16.271,16.271,0.0,4.0,5.0,5.0,7.0,7.0,7.0,7.0,11.0,23.0,25.0,25.0,30.0,32.0,32.0,31.0,0.0,0.0,0.0,0.0,0.0,0.0,0.0,0.0,,,,,,,,,0.0,0.0,0.0,0.0,0.0,0.0,0.0,0.0,0.0,0.0,0.0,0.0,0.0,1.0,1.0,1.0,0.0,0.0,0.0,0.0,0.0,0.0,0.0,0.0,0.0,0.0,0.0,0.0,0.0,0.0,0.0,0.0,0.0,0.0,0.0,0.0,0.0,0.0,0.0,0.0,2.0,2.0,2.0,2.0,2.0,3.0,3.0,3.0
11918,Helmond,51.478951,5.655727,1232,1650,30.912,0.208,1,2000.0,1000.0,2000.0,2000.0,2000.0,3000.0,37.6,29.861,29.861,29.861,29.861,29.861,29.861,29.861,7.0,12.0,15.0,26.0,31.0,31.0,31.0,31.0,37.0,58.0,66.0,85.0,99.0,104.0,105.0,104.0,0.0,0.0,0.0,0.0,0.0,0.0,0.0,0.0,,,,,,,,,0.0,0.0,0.0,0.0,0.0,0.0,0.0,0.0,0.0,0.0,0.0,0.0,0.0,0.0,0.0,0.0,0.0,0.0,0.0,0.0,0.0,0.0,0.0,0.0,0.0,0.0,0.0,0.0,0.0,0.0,0.0,0.0,0.0,0.0,0.0,0.0,0.0,0.0,0.0,0.0,2.0,2.0,2.0,2.0,2.0,2.0,2.0,2.0
19547,,52.377136,4.898164,1300,1650,0.163,0.027,1,,,,,,,35.104,0.59,0.59,0.59,0.59,0.59,0.59,0.59,5.0,10.0,11.0,12.0,13.0,16.0,16.0,15.0,23.0,40.0,54.0,66.0,80.0,84.0,85.0,81.0,0.0,0.0,0.0,0.0,0.0,0.0,0.0,0.0,,,,,,,,,0.0,0.0,0.0,0.0,0.0,0.0,0.0,0.0,0.0,1.0,1.0,1.0,1.0,1.0,1.0,1.0,0.0,0.0,0.0,0.0,0.0,0.0,0.0,0.0,0.0,0.0,0.0,0.0,0.0,0.0,0.0,0.0,0.0,0.0,0.0,0.0,0.0,0.0,0.0,0.0,2.0,3.0,3.0,3.0,3.0,3.0,3.0,3.0
11924,Biervliet,51.328489,3.685417,1183,1650,13.059,0.184,1,,,,,,,17.511,0.0,0.0,19.576,17.03,17.03,17.03,17.03,2.0,6.0,7.0,6.0,8.0,8.0,8.0,8.0,5.0,15.0,16.0,15.0,17.0,17.0,17.0,17.0,0.0,1.0,1.0,0.0,0.0,0.0,0.0,0.0,,local,local,,,,,,1.0,1.0,1.0,1.0,1.0,0.0,0.0,0.0,0.0,0.0,0.0,0.0,0.0,0.0,0.0,0.0,0.0,0.0,0.0,0.0,0.0,0.0,0.0,0.0,0.0,0.0,0.0,0.0,0.0,0.0,0.0,0.0,0.0,0.0,0.0,0.0,0.0,0.0,0.0,0.0,2.0,2.0,2.0,2.0,2.0,2.0,2.0,2.0
11935,,55.709908,21.133636,1253,1650,75.508,0.07,1,,,,,,,460.651,460.651,460.651,460.651,460.651,460.651,393.66,393.66,0.0,0.0,0.0,0.0,0.0,0.0,0.0,0.0,0.0,0.0,0.0,0.0,0.0,0.0,0.0,0.0,0.0,0.0,0.0,0.0,0.0,0.0,0.0,0.0,,,,,,,,,0.0,0.0,0.0,0.0,0.0,0.0,0.0,0.0,0.0,0.0,0.0,0.0,0.0,1.0,1.0,1.0,0.0,0.0,0.0,0.0,0.0,0.0,0.0,0.0,0.0,0.0,0.0,0.0,0.0,0.0,0.0,0.0,0.0,0.0,0.0,0.0,0.0,0.0,0.0,0.0,2.0,2.0,2.0,2.0,2.0,3.0,3.0,3.0
19530,Oude Brug,52.375525,4.897005,1300,1650,0.033,0.026,1,,,,,,,34.977,0.406,0.406,0.406,0.406,0.406,0.406,0.406,5.0,10.0,11.0,12.0,13.0,16.0,16.0,15.0,23.0,40.0,54.0,66.0,80.0,84.0,85.0,81.0,0.0,0.0,0.0,0.0,0.0,0.0,0.0,0.0,,,,,,,,,0.0,0.0,0.0,0.0,0.0,0.0,0.0,0.0,0.0,1.0,1.0,1.0,1.0,1.0,1.0,1.0,1.0,1.0,1.0,1.0,1.0,1.0,1.0,1.0,0.0,0.0,0.0,0.0,0.0,0.0,0.0,0.0,0.0,0.0,0.0,0.0,0.0,0.0,0.0,0.0,2.0,3.0,3.0,3.0,3.0,3.0,3.0,3.0
11937,Axel,51.265287,3.908526,1183,1650,0.288,2.094,0,,,,,,,31.954,10.021,10.021,10.021,0.0,0.0,0.0,0.0,2.0,8.0,9.0,8.0,10.0,10.0,10.0,10.0,5.0,16.0,18.0,17.0,19.0,20.0,20.0,20.0,0.0,0.0,0.0,0.0,1.0,1.0,1.0,1.0,,,,,local,local,local,local,1.0,1.0,1.0,1.0,1.0,1.0,1.0,1.0,1.0,1.0,1.0,1.0,1.0,1.0,1.0,1.0,0.0,0.0,0.0,0.0,0.0,0.0,0.0,0.0,0.0,0.0,0.0,0.0,0.0,0.0,0.0,0.0,0.0,1.0,1.0,1.0,1.0,1.0,0.0,0.0,3.0,3.0,3.0,3.0,3.0,3.0,3.0,3.0
12021,,51.225119,6.772381,1288,1650,1.419,0.043,1,,,,,,,6.32,6.32,6.32,6.32,0.086,0.086,0.086,0.086,10.0,15.0,17.0,24.0,27.0,27.0,27.0,27.0,24.0,37.0,44.0,55.0,62.0,63.0,65.0,65.0,0.0,0.0,0.0,0.0,0.0,0.0,0.0,0.0,,,,,,,,,0.0,0.0,0.0,0.0,0.0,0.0,0.0,0.0,0.0,0.0,0.0,0.0,0.0,0.0,0.0,0.0,0.0,0.0,0.0,0.0,0.0,0.0,0.0,0.0,0.0,0.0,0.0,0.0,0.0,0.0,0.0,0.0,0.0,0.0,0.0,0.0,0.0,0.0,0.0,0.0,2.0,2.0,2.0,2.0,2.0,2.0,2.0,2.0
11957,Domburg,51.563549,3.497125,1223,1650,12.193,2.769,1,,,,,,,32.424,10.728,5.539,5.539,5.539,5.539,5.539,5.539,2.0,5.0,6.0,5.0,7.0,7.0,7.0,7.0,5.0,17.0,20.0,19.0,21.0,22.0,22.0,22.0,0.0,0.0,0.0,0.0,0.0,0.0,0.0,0.0,,,,,,,,,0.0,0.0,0.0,0.0,0.0,0.0,0.0,0.0,0.0,0.0,0.0,0.0,0.0,0.0,0.0,0.0,0.0,0.0,0.0,0.0,0.0,0.0,0.0,0.0,0.0,0.0,0.0,0.0,0.0,0.0,0.0,0.0,0.0,0.0,0.0,0.0,0.0,0.0,0.0,0.0,2.0,2.0,2.0,2.0,2.0,2.0,2.0,2.0
12045,,53.701581,10.771687,1250,1650,8.52,0.151,1,,,,,,,43.144,43.144,43.144,43.144,43.144,43.144,28.841,26.531,2.0,2.0,2.0,2.0,3.0,3.0,11.0,12.0,10.0,13.0,23.0,29.0,48.0,51.0,79.0,80.0,0.0,0.0,0.0,0.0,0.0,0.0,0.0,0.0,,,,,,,,,0.0,0.0,0.0,0.0,0.0,0.0,0.0,0.0,0.0,0.0,0.0,0.0,0.0,0.0,0.0,0.0,0.0,0.0,0.0,0.0,0.0,0.0,0.0,0.0,0.0,0.0,0.0,0.0,0.0,0.0,0.0,0.0,1.0,1.0,1.0,1.0,1.0,1.0,1.0,1.0,2.0,2.0,2.0,2.0,2.0,2.0,2.0,2.0
19531,,52.376066,4.895621,1300,1650,0.106,0.03,1,,,,,,,35.072,0.392,0.392,0.392,0.392,0.392,0.392,0.392,5.0,10.0,11.0,12.0,13.0,16.0,16.0,15.0,23.0,40.0,54.0,66.0,80.0,84.0,85.0,81.0,0.0,0.0,0.0,0.0,0.0,0.0,0.0,0.0,,,,,,,,,0.0,0.0,0.0,0.0,0.0,0.0,0.0,0.0,0.0,1.0,1.0,1.0,1.0,1.0,1.0,1.0,0.0,0.0,0.0,0.0,0.0,0.0,0.0,0.0,0.0,0.0,0.0,0.0,0.0,0.0,0.0,0.0,0.0,0.0,0.0,0.0,0.0,0.0,0.0,0.0,2.0,3.0,3.0,3.0,3.0,3.0,3.0,3.0
14944,,55.618245,8.484058,1150,1650,136.811,0.07,1,,,,,,,36.711,36.711,36.711,36.711,36.711,36.711,36.711,36.711,1.0,2.0,2.0,2.0,3.0,3.0,3.0,3.0,2.0,4.0,4.0,8.0,9.0,9.0,9.0,10.0,0.0,0.0,0.0,0.0,0.0,0.0,0.0,0.0,,,,,,,,,0.0,0.0,0.0,0.0,0.0,0.0,0.0,0.0,0.0,0.0,0.0,0.0,0.0,0.0,0.0,0.0,0.0,0.0,1.0,1.0,1.0,1.0,1.0,1.0,0.0,0.0,0.0,0.0,0.0,0.0,0.0,0.0,1.0,1.0,1.0,1.0,1.0,1.0,1.0,1.0,2.0,2.0,2.0,2.0,2.0,2.0,2.0,2.0
12027,,53.625919,11.417799,1160,1650,5.35,0.186,1,,,,,,,0.371,0.371,0.371,0.371,0.371,0.371,0.371,0.371,2.0,2.0,3.0,3.0,3.0,4.0,9.0,10.0,8.0,10.0,18.0,21.0,29.0,31.0,51.0,52.0,0.0,0.0,0.0,0.0,0.0,0.0,0.0,0.0,,,,,,,,,0.0,0.0,0.0,0.0,0.0,0.0,0.0,0.0,0.0,0.0,0.0,0.0,0.0,0.0,0.0,0.0,0.0,0.0,0.0,0.0,0.0,0.0,0.0,0.0,0.0,0.0,0.0,0.0,0.0,0.0,0.0,0.0,0.0,0.0,0.0,0.0,0.0,0.0,1.0,1.0,2.0,2.0,2.0,2.0,2.0,2.0,2.0,2.0
12026,Kegelbrücke,50.981898,11.333052,1254,1650,75.92,0.138,1,,,,,,,27.615,21.306,18.838,18.838,0.277,0.277,0.277,0.277,1.0,7.0,9.0,18.0,25.0,26.0,28.0,28.0,17.0,33.0,41.0,57.0,79.0,95.0,112.0,123.0,0.0,0.0,0.0,0.0,0.0,0.0,0.0,0.0,,,,,,,,,0.0,0.0,0.0,0.0,0.0,0.0,0.0,0.0,0.0,0.0,0.0,0.0,0.0,0.0,0.0,0.0,0.0,0.0,0.0,1.0,1.0,1.0,1.0,1.0,0.0,0.0,0.0,0.0,0.0,0.0,0.0,0.0,0.0,0.0,0.0,0.0,0.0,0.0,0.0,0.0,2.0,2.0,2.0,2.0,2.0,2.0,2.0,2.0
12020,,51.224879,6.771064,1288,1650,1.325,0.048,1,,,,,,,6.226,6.226,6.226,6.226,0.139,0.139,0.139,0.139,10.0,15.0,17.0,24.0,27.0,27.0,27.0,27.0,24.0,37.0,44.0,55.0,62.0,63.0,65.0,65.0,0.0,0.0,0.0,0.0,0.0,0.0,0.0,0.0,,,,,,,,,0.0,0.0,0.0,0.0,0.0,0.0,0.0,0.0,0.0,0.0,0.0,0.0,0.0,0.0,0.0,0.0,0.0,0.0,0.0,0.0,0.0,0.0,0.0,0.0,0.0,0.0,0.0,0.0,0.0,0.0,0.0,0.0,0.0,1.0,1.0,1.0,1.0,1.0,1.0,1.0,2.0,2.0,2.0,2.0,2.0,2.0,2.0,2.0
19532,,52.375158,4.897885,1300,1650,0.089,0.036,1,,,,,,,34.914,0.429,0.429,0.429,0.429,0.429,0.429,0.429,5.0,10.0,11.0,12.0,13.0,16.0,16.0,15.0,23.0,40.0,54.0,66.0,80.0,84.0,85.0,81.0,0.0,0.0,0.0,0.0,0.0,0.0,0.0,0.0,,,,,,,,,0.0,0.0,0.0,0.0,0.0,0.0,0.0,0.0,0.0,1.0,1.0,1.0,1.0,1.0,1.0,1.0,0.0,0.0,0.0,0.0,0.0,0.0,0.0,0.0,0.0,0.0,0.0,0.0,0.0,0.0,0.0,0.0,0.0,0.0,0.0,0.0,0.0,0.0,0.0,0.0,2.0,3.0,3.0,3.0,3.0,3.0,3.0,3.0
12195,,52.017904,6.129253,1237,1650,0.314,0.028,1,,,,,,,0.47,0.47,0.47,0.47,0.47,0.47,0.47,0.47,13.0,19.0,20.0,30.0,38.0,39.0,39.0,39.0,40.0,63.0,85.0,108.0,126.0,134.0,136.0,132.0,0.0,0.0,0.0,0.0,0.0,0.0,0.0,0.0,,,,,,,,,0.0,0.0,0.0,0.0,0.0,0.0,0.0,0.0,0.0,0.0,0.0,0.0,0.0,0.0,0.0,0.0,0.0,0.0,0.0,0.0,0.0,0.0,0.0,0.0,0.0,0.0,0.0,0.0,0.0,0.0,1.0,0.0,0.0,0.0,0.0,0.0,0.0,0.0,0.0,1.0,2.0,2.0,2.0,2.0,2.0,2.0,2.0,2.0
15426,Nyborg færge,55.30981266611908,10.792025834192652,1200,1650,127.012,0.09,1,,,,,,,78.571,27.222,27.222,0.179,0.179,0.179,0.179,0.179,0.0,2.0,3.0,4.0,4.0,5.0,9.0,16.0,1.0,7.0,11.0,17.0,17.0,21.0,28.0,37.0,0.0,0.0,0.0,0.0,0.0,0.0,0.0,0.0,,,,,,,,,0.0,0.0,0.0,0.0,0.0,0.0,0.0,0.0,0.0,0.0,0.0,0.0,0.0,0.0,0.0,0.0,0.0,0.0,0.0,0.0,0.0,0.0,0.0,0.0,1.0,1.0,1.0,1.0,1.0,1.0,1.0,1.0,1.0,1.0,1.0,1.0,1.0,1.0,1.0,1.0,2.0,2.0,2.0,2.0,2.0,2.0,2.0,2.0
13928,,54.098761,13.381161,1250,1650,2.219,0.081,1,,,,,,,0.298,0.298,0.298,0.298,0.298,0.298,0.298,0.298,1.0,1.0,1.0,1.0,1.0,2.0,4.0,5.0,1.0,1.0,2.0,2.0,2.0,4.0,7.0,8.0,0.0,0.0,0.0,0.0,0.0,0.0,0.0,0.0,,,,,,,,,0.0,0.0,0.0,0.0,0.0,0.0,0.0,0.0,1.0,1.0,1.0,1.0,1.0,1.0,1.0,1.0,0.0,0.0,0.0,0.0,0.0,0.0,0.0,0.0,0.0,0.0,0.0,0.0,0.0,0.0,0.0,0.0,1.0,1.0,1.0,1.0,1.0,1.0,1.0,1.0,3.0,3.0,3.0,3.0,3.0,3.0,3.0,3.0
19533,Lange Brug,52.36923,4.89229,1300,1650,0.802,0.043,1,,,,,,,34.49,0.428,0.428,0.428,0.428,0.428,0.428,0.428,5.0,10.0,11.0,12.0,13.0,16.0,16.0,15.0,23.0,40.0,54.0,66.0,80.0,84.0,85.0,81.0,0.0,0.0,0.0,0.0,0.0,0.0,0.0,0.0,,,,,,,,,0.0,0.0,0.0,0.0,0.0,0.0,0.0,0.0,0.0,1.0,1.0,1.0,1.0,1.0,1.0,1.0,0.0,0.0,0.0,0.0,1.0,1.0,1.0,1.0,0.0,0.0,0.0,0.0,0.0,0.0,0.0,0.0,0.0,0.0,0.0,0.0,0.0,0.0,0.0,0.0,2.0,3.0,3.0,3.0,3.0,3.0,3.0,3.0
18370,,50.080489,8.242026,1241,1650,9.585,0.083,1,,,,,,,31.573,31.573,31.573,31.573,31.573,31.573,31.573,31.573,1.0,2.0,2.0,2.0,2.0,2.0,2.0,2.0,5.0,7.0,7.0,7.0,7.0,7.0,9.0,9.0,0.0,0.0,0.0,0.0,0.0,0.0,0.0,0.0,,,,,,,,,0.0,0.0,0.0,0.0,0.0,0.0,0.0,0.0,0.0,0.0,0.0,0.0,0.0,0.0,0.0,0.0,0.0,0.0,0.0,0.0,0.0,0.0,0.0,0.0,0.0,0.0,0.0,0.0,0.0,0.0,0.0,0.0,0.0,0.0,0.0,0.0,0.0,0.0,0.0,0.0,2.0,2.0,2.0,2.0,2.0,2.0,2.0,2.0
11835,Nyborg,55.311409,10.79244,1200,1650,127.179,0.09,1,,,,,,,78.622,27.184,27.184,0.0,0.0,0.0,0.0,0.0,0.0,2.0,3.0,4.0,4.0,5.0,9.0,16.0,1.0,7.0,11.0,17.0,17.0,21.0,28.0,37.0,0.0,0.0,0.0,1.0,1.0,1.0,1.0,1.0,,,,local,local,local,local,local,1.0,1.0,1.0,1.0,1.0,1.0,1.0,1.0,0.0,0.0,0.0,0.0,0.0,0.0,0.0,0.0,0.0,0.0,0.0,0.0,0.0,0.0,0.0,0.0,0.0,0.0,0.0,0.0,0.0,0.0,0.0,0.0,0.0,0.0,0.0,0.0,0.0,0.0,0.0,0.0,2.0,2.0,2.0,2.0,2.0,2.0,2.0,2.0
19484,,52.160749,4.489165,1266,1650,0.484,0.031,1,,,,,,,43.667,0.264,0.264,0.264,0.264,0.264,0.264,0.264,4.0,11.0,12.0,12.0,13.0,15.0,15.0,14.0,15.0,26.0,31.0,40.0,46.0,49.0,49.0,48.0,0.0,0.0,0.0,0.0,0.0,0.0,0.0,0.0,,,,,,,,,0.0,0.0,0.0,0.0,0.0,0.0,0.0,0.0,0.0,0.0,0.0,0.0,0.0,0.0,0.0,0.0,0.0,0.0,0.0,0.0,0.0,0.0,0.0,0.0,0.0,0.0,0.0,0.0,0.0,0.0,0.0,0.0,0.0,0.0,0.0,0.0,0.0,0.0,0.0,0.0,2.0,2.0,2.0,2.0,2.0,2.0,2.0,2.0
10035,Nakskov,54.830399,11.135609,1240,1650,102.471,0.073,1,,,,,,,53.32,53.32,53.32,53.32,53.32,0.0,0.0,0.0,0.0,0.0,0.0,0.0,0.0,2.0,3.0,4.0,1.0,4.0,7.0,14.0,21.0,22.0,33.0,39.0,0.0,0.0,0.0,0.0,0.0,1.0,1.0,1.0,,,,,,local,local,local,0.0,0.0,0.0,0.0,0.0,0.0,0.0,0.0,0.0,0.0,0.0,0.0,0.0,0.0,0.0,0.0,0.0,0.0,0.0,0.0,0.0,0.0,0.0,0.0,0.0,0.0,0.0,0.0,0.0,0.0,0.0,0.0,0.0,0.0,0.0,0.0,0.0,0.0,0.0,0.0,2.0,2.0,2.0,2.0,2.0,2.0,2.0,2.0
2409,Greifswald,54.09608,13.380983,1250,1650,2.216,0.149,1,8000.0,5000.0,2000.0,2000.0,2000.0,3000.0,0.0,0.0,0.0,0.0,0.0,0.0,0.0,0.0,1.0,1.0,1.0,1.0,1.0,2.0,4.0,5.0,1.0,1.0,2.0,2.0,2.0,4.0,7.0,8.0,1.0,1.0,1.0,1.0,1.0,1.0,1.0,1.0,local,local,local,local,local,local,local,local,1.0,1.0,1.0,1.0,1.0,1.0,1.0,1.0,1.0,1.0,1.0,1.0,1.0,1.0,1.0,1.0,0.0,0.0,0.0,0.0,0.0,0.0,0.0,0.0,0.0,0.0,0.0,0.0,0.0,0.0,0.0,0.0,0.0,0.0,0.0,0.0,0.0,0.0,0.0,0.0,3.0,3.0,3.0,3.0,3.0,3.0,3.0,3.0
19743,,54.099237,13.378756,1250,1650,2.381,0.017,1,,,,,,,0.38,0.38,0.38,0.38,0.38,0.38,0.38,0.38,1.0,1.0,1.0,1.0,1.0,2.0,4.0,5.0,1.0,1.0,2.0,2.0,2.0,4.0,7.0,8.0,0.0,0.0,0.0,0.0,0.0,0.0,0.0,0.0,,,,,,,,,0.0,0.0,0.0,0.0,0.0,0.0,0.0,0.0,1.0,1.0,1.0,1.0,1.0,1.0,1.0,1.0,0.0,0.0,0.0,0.0,0.0,0.0,0.0,0.0,0.0,0.0,0.0,0.0,0.0,0.0,0.0,0.0,0.0,0.0,0.0,0.0,0.0,0.0,0.0,0.0,3.0,3.0,3.0,3.0,3.0,3.0,3.0,3.0
19400,,54.828279,11.137712,1240,1650,102.454,0.061,1,,,,,,,53.285,53.285,53.285,53.285,53.285,0.272,0.272,0.272,0.0,0.0,0.0,0.0,0.0,2.0,3.0,4.0,1.0,4.0,7.0,14.0,21.0,22.0,33.0,39.0,0.0,0.0,0.0,0.0,0.0,0.0,0.0,0.0,,,,,,,,,0.0,0.0,0.0,0.0,0.0,0.0,0.0,0.0,0.0,0.0,0.0,0.0,0.0,0.0,0.0,0.0,0.0,0.0,0.0,0.0,0.0,0.0,0.0,1.0,0.0,1.0,1.0,1.0,1.0,1.0,1.0,0.0,0.0,0.0,0.0,0.0,0.0,0.0,0.0,0.0,2.0,2.0,2.0,2.0,2.0,2.0,2.0,2.0
10754,,56.564824,9.031877,1200,1650,47.223,0.189,1,,,,,,,34.307,26.516,26.516,26.516,26.516,26.516,26.516,26.516,1.0,5.0,6.0,9.0,10.0,10.0,12.0,15.0,2.0,9.0,11.0,15.0,18.0,18.0,20.0,23.0,0.0,0.0,0.0,0.0,0.0,0.0,0.0,0.0,,,,,,,,,0.0,0.0,0.0,0.0,0.0,0.0,0.0,0.0,0.0,0.0,0.0,0.0,0.0,0.0,0.0,0.0,1.0,1.0,1.0,1.0,1.0,1.0,1.0,1.0,0.0,0.0,0.0,0.0,0.0,0.0,0.0,0.0,1.0,1.0,1.0,1.0,1.0,1.0,1.0,0.0,2.0,2.0,2.0,2.0,2.0,2.0,2.0,2.0
7671,Teterow,53.773493,12.575493,1235,1650,37.077,0.332,1,,,,,,,63.772,63.772,45.178,45.178,45.178,22.912,22.912,22.912,0.0,0.0,1.0,1.0,1.0,2.0,5.0,5.0,3.0,3.0,5.0,5.0,5.0,8.0,17.0,18.0,0.0,0.0,0.0,0.0,0.0,0.0,0.0,0.0,,,,,,,,,0.0,0.0,0.0,0.0,0.0,0.0,0.0,0.0,0.0,0.0,0.0,0.0,0.0,0.0,0.0,0.0,0.0,0.0,0.0,0.0,0.0,0.0,0.0,0.0,0.0,0.0,0.0,0.0,0.0,0.0,0.0,0.0,0.0,0.0,0.0,0.0,0.0,0.0,0.0,0.0,2.0,2.0,2.0,2.0,2.0,2.0,2.0,2.0
7714,Tiel,51.887521,5.437217,1191,1650,5.321,0.135,1,3000.0,2000.0,3000.0,3000.0,2000.0,2000.0,15.386,15.386,7.568,0.0,0.0,0.0,0.0,0.0,17.0,18.0,19.0,26.0,33.0,34.0,34.0,33.0,31.0,55.0,71.0,86.0,97.0,101.0,103.0,99.0,0.0,0.0,0.0,1.0,1.0,1.0,1.0,1.0,,,,local,local,local,local,local,0.0,0.0,0.0,0.0,0.0,0.0,0.0,0.0,0.0,0.0,0.0,0.0,0.0,0.0,0.0,0.0,0.0,0.0,0.0,0.0,0.0,0.0,0.0,0.0,0.0,0.0,0.0,0.0,0.0,0.0,0.0,0.0,0.0,0.0,0.0,0.0,0.0,0.0,0.0,0.0,2.0,2.0,2.0,2.0,2.0,2.0,2.0,2.0
10400,Vordingborg,55.00815943,11.91050695,1200,1650,111.646,0.047,1,,,,,,,0.0,0.0,0.0,0.0,0.0,0.0,0.0,0.0,1.0,2.0,3.0,7.0,7.0,7.0,9.0,7.0,2.0,5.0,8.0,13.0,13.0,16.0,20.0,27.0,1.0,1.0,1.0,1.0,1.0,1.0,1.0,1.0,regional,regional,regional,regional,regional,regional,regional,regional,0.0,0.0,0.0,0.0,0.0,0.0,0.0,0.0,0.0,0.0,0.0,0.0,0.0,0.0,0.0,0.0,0.0,0.0,0.0,0.0,0.0,0.0,0.0,0.0,0.0,0.0,0.0,0.0,0.0,0.0,0.0,0.0,1.0,1.0,1.0,1.0,1.0,1.0,1.0,1.0,3.0,3.0,3.0,3.0,3.0,3.0,3.0,3.0
11718,Slangerup,55.845603,12.171867,1240,1650,203.879,0.19,1,,,,,,,11.395,11.395,11.395,11.395,11.395,11.395,23.454,23.454,1.0,4.0,6.0,6.0,6.0,8.0,7.0,9.0,3.0,8.0,11.0,15.0,15.0,18.0,20.0,24.0,0.0,0.0,0.0,0.0,0.0,0.0,0.0,0.0,,,,,,,,,0.0,0.0,0.0,0.0,0.0,0.0,0.0,0.0,0.0,0.0,0.0,0.0,0.0,0.0,0.0,0.0,0.0,0.0,0.0,0.0,0.0,0.0,0.0,0.0,0.0,0.0,0.0,0.0,0.0,0.0,0.0,0.0,0.0,0.0,0.0,0.0,0.0,0.0,0.0,0.0,2.0,2.0,2.0,2.0,2.0,2.0,2.0,2.0
10786,Damrak,52.374318,4.894645,1300,1650,0.237,0.047,1,,,,,,,34.926,0.197,0.197,0.197,0.197,0.197,0.197,0.197,5.0,10.0,11.0,12.0,13.0,16.0,16.0,15.0,23.0,40.0,54.0,66.0,80.0,84.0,85.0,81.0,0.0,0.0,0.0,0.0,0.0,0.0,0.0,0.0,,,,,,,,,0.0,0.0,0.0,0.0,0.0,0.0,0.0,0.0,0.0,1.0,1.0,1.0,1.0,1.0,1.0,1.0,0.0,0.0,0.0,0.0,0.0,0.0,0.0,0.0,0.0,0.0,0.0,0.0,0.0,0.0,0.0,0.0,1.0,1.0,1.0,1.0,1.0,1.0,1.0,1.0,2.0,3.0,3.0,3.0,3.0,3.0,3.0,3.0
19412,,55.842555,12.174638,1240,1650,203.542,0.19,1,,,,,,,11.689,11.689,11.689,11.689,11.689,11.689,23.169,23.169,1.0,4.0,6.0,6.0,6.0,8.0,7.0,9.0,3.0,8.0,11.0,15.0,15.0,18.0,20.0,24.0,0.0,0.0,0.0,0.0,0.0,0.0,0.0,0.0,,,,,,,,,0.0,0.0,0.0,0.0,0.0,0.0,0.0,0.0,0.0,0.0,0.0,0.0,0.0,0.0,0.0,0.0,0.0,0.0,0.0,0.0,0.0,1.0,1.0,1.0,0.0,0.0,0.0,0.0,0.0,0.0,0.0,0.0,0.0,0.0,0.0,0.0,0.0,0.0,0.0,0.0,2.0,2.0,2.0,2.0,2.0,2.0,2.0,2.0
19548,,52.377311,4.899601,1300,1650,0.237,0.085,1,,,,,,,35.08,0.671,0.671,0.671,0.671,0.671,0.671,0.671,5.0,10.0,11.0,12.0,13.0,16.0,16.0,15.0,23.0,40.0,54.0,66.0,80.0,84.0,85.0,81.0,0.0,0.0,0.0,0.0,0.0,0.0,0.0,0.0,,,,,,,,,0.0,0.0,0.0,0.0,0.0,0.0,0.0,0.0,0.0,1.0,1.0,1.0,1.0,1.0,1.0,1.0,0.0,0.0,0.0,0.0,0.0,0.0,0.0,0.0,0.0,0.0,0.0,0.0,0.0,0.0,0.0,0.0,0.0,0.0,0.0,0.0,0.0,0.0,0.0,0.0,2.0,3.0,3.0,3.0,3.0,3.0,3.0,3.0
14946,Randersbro,56.456556,10.039649,1200,1650,75.057,0.033,1,,,,,,,34.909,0.498,0.498,0.498,0.498,0.498,0.498,0.498,1.0,4.0,5.0,6.0,8.0,8.0,10.0,13.0,2.0,6.0,8.0,11.0,14.0,17.0,16.0,20.0,0.0,0.0,0.0,0.0,0.0,0.0,0.0,0.0,,,,,,,,,0.0,0.0,0.0,0.0,0.0,0.0,0.0,0.0,0.0,0.0,0.0,0.0,0.0,0.0,0.0,0.0,0.0,1.0,1.0,1.0,1.0,1.0,1.0,1.0,0.0,0.0,0.0,0.0,0.0,0.0,0.0,0.0,0.0,0.0,0.0,0.0,0.0,0.0,0.0,0.0,2.0,2.0,2.0,2.0,2.0,2.0,2.0,2.0
8660,Wusterhausen (Dosse),52.890175,12.461872,1250,1650,26.323,0.236,1,,,,,,,94.352,32.346,32.346,32.346,32.346,32.346,23.406,23.406,0.0,2.0,2.0,2.0,2.0,2.0,5.0,5.0,1.0,4.0,14.0,17.0,25.0,29.0,40.0,45.0,0.0,0.0,0.0,0.0,0.0,0.0,0.0,0.0,,,,,,,,,0.0,1.0,1.0,1.0,1.0,1.0,1.0,1.0,0.0,0.0,0.0,0.0,0.0,0.0,0.0,0.0,0.0,0.0,0.0,0.0,0.0,0.0,0.0,0.0,0.0,0.0,0.0,0.0,0.0,0.0,0.0,0.0,0.0,0.0,0.0,0.0,0.0,0.0,0.0,0.0,2.0,2.0,2.0,2.0,2.0,2.0,2.0,2.0
19448,,55.620087,8.480726,1150,1650,137.082,0.025,1,,,,,,,36.991,36.991,36.991,36.991,36.991,36.991,36.991,36.991,1.0,2.0,2.0,2.0,3.0,3.0,3.0,3.0,2.0,4.0,4.0,8.0,9.0,9.0,9.0,10.0,0.0,0.0,0.0,0.0,0.0,0.0,0.0,0.0,,,,,,,,,0.0,0.0,0.0,0.0,0.0,0.0,0.0,0.0,0.0,0.0,0.0,0.0,0.0,0.0,0.0,0.0,0.0,0.0,0.0,0.0,0.0,0.0,0.0,0.0,0.0,0.0,0.0,0.0,0.0,0.0,0.0,0.0,0.0,0.0,0.0,0.0,0.0,0.0,0.0,0.0,2.0,2.0,2.0,2.0,2.0,2.0,2.0,2.0
10540,Rudkøbing,54.936285,10.710498,1241,1650,89.86,0.168,1,,,,,,,77.003,34.73,34.73,34.73,34.73,29.631,29.631,29.631,0.0,1.0,2.0,3.0,3.0,5.0,5.0,8.0,1.0,5.0,8.0,16.0,23.0,24.0,37.0,44.0,0.0,0.0,0.0,0.0,0.0,0.0,0.0,0.0,,,,,,,,,0.0,0.0,0.0,0.0,0.0,0.0,0.0,0.0,0.0,0.0,0.0,0.0,0.0,0.0,0.0,0.0,0.0,0.0,0.0,0.0,0.0,0.0,0.0,0.0,0.0,0.0,0.0,0.0,0.0,0.0,0.0,0.0,0.0,0.0,0.0,0.0,0.0,0.0,0.0,0.0,2.0,2.0,2.0,2.0,2.0,2.0,2.0,2.0
10343,Tårnborg,55.350964,11.187091,1240,1425,144.771,0.719,1,,,,,,,59.688,50.653,50.653,,,,,,0.0,0.0,0.0,,,,,,2.0,8.0,12.0,,,,,,0.0,0.0,0.0,,,,,,,,,,,,,,0.0,1.0,1.0,,,,,,0.0,0.0,0.0,,,,,,0.0,0.0,0.0,,,,,,0.0,0.0,0.0,,,,,,1.0,1.0,1.0,,,,,,2.0,2.0,2.0,,,,,
11654,Helsingør,56.035001,12.613781,1241,1650,221.506,0.079,1,,,,,,,26.853,26.853,26.853,26.853,26.853,0.0,0.0,0.0,1.0,2.0,2.0,2.0,2.0,3.0,1.0,1.0,2.0,7.0,9.0,11.0,11.0,13.0,13.0,14.0,0.0,0.0,0.0,0.0,0.0,1.0,1.0,1.0,,,,,,local,local,local,0.0,0.0,0.0,0.0,0.0,0.0,0.0,0.0,0.0,0.0,0.0,0.0,0.0,0.0,0.0,0.0,0.0,0.0,0.0,0.0,0.0,0.0,0.0,0.0,0.0,0.0,0.0,0.0,0.0,0.0,0.0,0.0,0.0,0.0,0.0,0.0,0.0,0.0,0.0,0.0,2.0,2.0,2.0,2.0,2.0,2.0,2.0,2.0
6104,Prenzlau,53.313374,13.858617,1234,1650,7.216,0.036,1,4000.0,1000.0,1000.0,1000.0,1000.0,2000.0,92.537,92.537,63.219,63.219,63.219,63.219,63.219,44.501,0.0,0.0,0.0,0.0,0.0,0.0,0.0,1.0,1.0,1.0,5.0,5.0,6.0,9.0,12.0,13.0,0.0,0.0,0.0,0.0,0.0,0.0,0.0,0.0,,,,,,,,,0.0,0.0,0.0,0.0,0.0,0.0,0.0,0.0,0.0,0.0,0.0,0.0,0.0,0.0,0.0,0.0,0.0,0.0,0.0,0.0,0.0,0.0,0.0,0.0,0.0,0.0,0.0,0.0,0.0,0.0,0.0,0.0,0.0,0.0,0.0,0.0,0.0,0.0,0.0,0.0,2.0,2.0,2.0,2.0,2.0,2.0,2.0,2.0
9666,Horsens,55.861907,9.851947,1150,1650,129.002,0.188,1,,,,,,,39.641,39.641,39.641,39.641,39.641,39.641,39.641,39.641,1.0,2.0,2.0,3.0,3.0,3.0,3.0,4.0,3.0,10.0,12.0,17.0,20.0,20.0,24.0,34.0,0.0,0.0,0.0,0.0,0.0,0.0,0.0,0.0,,,,,,,,,0.0,0.0,0.0,0.0,0.0,0.0,0.0,0.0,0.0,0.0,0.0,0.0,0.0,0.0,0.0,0.0,0.0,0.0,0.0,0.0,0.0,0.0,0.0,0.0,0.0,0.0,0.0,0.0,0.0,0.0,0.0,0.0,0.0,0.0,0.0,0.0,0.0,0.0,0.0,0.0,2.0,2.0,2.0,2.0,2.0,2.0,2.0,2.0
973,Bremen,53.075887,8.807392,965,1650,0.227,0.031,1,13000.0,7000.0,18000.0,19000.0,21000.0,24000.0,0.0,0.0,0.0,0.0,0.0,0.0,0.0,0.0,6.0,8.0,8.0,8.0,10.0,10.0,10.0,18.0,18.0,23.0,28.0,32.0,42.0,51.0,71.0,83.0,1.0,1.0,1.0,1.0,1.0,1.0,1.0,1.0,regional,regional,regional,regional,regional,regional,regional,regional,1.0,1.0,1.0,1.0,1.0,1.0,1.0,1.0,0.0,0.0,1.0,1.0,1.0,1.0,1.0,1.0,0.0,0.0,0.0,0.0,0.0,0.0,0.0,0.0,0.0,0.0,0.0,0.0,0.0,0.0,0.0,0.0,0.0,0.0,0.0,0.0,0.0,0.0,0.0,0.0,3.0,3.0,3.0,3.0,3.0,3.0,3.0,3.0
10332,Næstved,55.230661,11.758234,1140,1650,137.583,0.129,1,,,,,,,26.568,26.568,26.568,24.0,24.0,24.0,24.0,24.0,1.0,2.0,5.0,9.0,9.0,10.0,15.0,15.0,3.0,9.0,13.0,18.0,18.0,22.0,27.0,35.0,0.0,0.0,0.0,0.0,0.0,0.0,0.0,0.0,,,,,,,,,0.0,0.0,0.0,0.0,0.0,0.0,0.0,0.0,0.0,0.0,0.0,0.0,0.0,0.0,0.0,0.0,0.0,0.0,0.0,0.0,0.0,0.0,0.0,0.0,0.0,0.0,0.0,0.0,0.0,0.0,0.0,0.0,0.0,0.0,0.0,0.0,0.0,0.0,0.0,0.0,2.0,2.0,2.0,2.0,2.0,2.0,2.0,2.0
19429,,55.859836,9.856721,1150,1650,129.308,0.188,1,,,,,,,39.668,39.668,39.668,39.668,39.668,39.668,39.668,39.668,1.0,2.0,2.0,3.0,3.0,3.0,3.0,4.0,3.0,10.0,12.0,17.0,20.0,21.0,27.0,39.0,0.0,0.0,0.0,0.0,0.0,0.0,0.0,0.0,,,,,,,,,0.0,0.0,0.0,0.0,0.0,0.0,0.0,0.0,0.0,0.0,0.0,0.0,0.0,0.0,0.0,0.0,0.0,0.0,0.0,0.0,0.0,0.0,0.0,0.0,0.0,0.0,0.0,0.0,0.0,0.0,0.0,0.0,1.0,1.0,1.0,1.0,1.0,1.0,1.0,1.0,2.0,2.0,2.0,2.0,2.0,2.0,2.0,2.0
12434,Schmölln,50.895061,12.352613,1238,1650,41.924,0.062,1,,,,,,,23.041,23.041,23.041,11.513,11.513,11.513,11.513,11.513,4.0,6.0,9.0,11.0,14.0,15.0,16.0,18.0,5.0,11.0,17.0,34.0,46.0,58.0,66.0,70.0,0.0,0.0,0.0,0.0,0.0,0.0,0.0,0.0,,,,,,,,,0.0,0.0,0.0,0.0,0.0,1.0,1.0,1.0,0.0,0.0,0.0,0.0,0.0,0.0,0.0,0.0,0.0,0.0,0.0,0.0,0.0,0.0,0.0,0.0,0.0,0.0,0.0,0.0,0.0,0.0,0.0,0.0,0.0,0.0,0.0,0.0,0.0,0.0,0.0,0.0,2.0,2.0,2.0,2.0,2.0,2.0,2.0,2.0
11343,,52.514304,6.089266,1230,1650,0.529,0.164,1,,,,,,,0.328,0.328,0.328,0.328,0.328,0.328,0.328,0.328,8.0,15.0,30.0,36.0,43.0,47.0,48.0,45.0,33.0,50.0,66.0,90.0,109.0,118.0,119.0,115.0,0.0,0.0,0.0,0.0,0.0,0.0,0.0,0.0,,,,,,,,,0.0,0.0,0.0,0.0,0.0,0.0,0.0,0.0,0.0,0.0,0.0,1.0,1.0,1.0,1.0,1.0,0.0,0.0,0.0,0.0,0.0,0.0,0.0,0.0,0.0,0.0,0.0,0.0,0.0,0.0,0.0,0.0,1.0,1.0,1.0,1.0,1.0,1.0,1.0,1.0,2.0,2.0,2.0,3.0,3.0,3.0,3.0,3.0
186,Altenburg ,50.985257,12.433309,1205,1650,32.019,0.101,1,1000.0,3000.0,3000.0,3000.0,4000.0,5000.0,22.108,22.108,22.108,0.0,0.0,0.0,0.0,0.0,3.0,5.0,8.0,10.0,13.0,13.0,14.0,16.0,5.0,11.0,17.0,34.0,46.0,58.0,66.0,73.0,0.0,0.0,0.0,1.0,1.0,1.0,1.0,1.0,,,,regional,regional,regional,regional,regional,0.0,0.0,1.0,1.0,1.0,1.0,1.0,1.0,0.0,0.0,0.0,0.0,0.0,0.0,0.0,0.0,0.0,0.0,0.0,0.0,0.0,0.0,0.0,0.0,0.0,0.0,0.0,0.0,0.0,0.0,0.0,0.0,0.0,0.0,0.0,0.0,0.0,0.0,0.0,0.0,2.0,2.0,2.0,3.0,3.0,3.0,3.0,3.0
12433,Ronneburg,50.862872,12.180818,1300,1650,47.617,0.142,1,,,,,,,21.091,21.091,21.091,21.091,21.091,21.091,21.091,21.091,2.0,4.0,6.0,13.0,16.0,21.0,23.0,25.0,5.0,12.0,18.0,35.0,47.0,59.0,67.0,71.0,0.0,0.0,0.0,0.0,0.0,0.0,0.0,0.0,,,,,,,,,0.0,0.0,0.0,0.0,0.0,0.0,0.0,0.0,0.0,0.0,0.0,0.0,0.0,0.0,0.0,0.0,0.0,0.0,0.0,0.0,0.0,0.0,0.0,0.0,0.0,0.0,0.0,0.0,0.0,0.0,0.0,0.0,0.0,0.0,0.0,0.0,0.0,0.0,0.0,0.0,2.0,2.0,2.0,2.0,2.0,2.0,2.0,2.0
19440,Frederiks Bro,56.156725,10.206894,1300,1650,108.125,0.017,1,,,,,,,0.168,0.168,0.168,0.168,0.168,0.168,0.168,0.168,1.0,3.0,3.0,3.0,5.0,5.0,5.0,5.0,1.0,8.0,9.0,11.0,12.0,13.0,17.0,25.0,0.0,0.0,0.0,0.0,0.0,0.0,0.0,0.0,,,,,,,,,0.0,0.0,0.0,0.0,0.0,0.0,0.0,0.0,0.0,0.0,0.0,0.0,0.0,0.0,0.0,0.0,1.0,1.0,1.0,1.0,1.0,1.0,1.0,1.0,0.0,0.0,0.0,0.0,0.0,0.0,0.0,0.0,0.0,0.0,0.0,0.0,0.0,0.0,0.0,0.0,2.0,2.0,2.0,2.0,2.0,2.0,2.0,2.0
8866,Zwolle,52.51226,6.092754,1230,1650,0.305,0.164,1,3000.0,3000.0,7000.0,7000.0,9000.0,11000.0,0.0,0.0,0.0,0.0,0.0,0.0,0.0,0.0,8.0,15.0,30.0,36.0,43.0,47.0,48.0,45.0,33.0,50.0,66.0,90.0,109.0,118.0,119.0,115.0,1.0,1.0,1.0,1.0,1.0,1.0,1.0,1.0,regional,regional,regional,regional,regional,regional,regional,regional,0.0,0.0,1.0,1.0,1.0,1.0,1.0,1.0,0.0,0.0,0.0,1.0,1.0,1.0,1.0,1.0,0.0,0.0,0.0,0.0,0.0,0.0,0.0,0.0,0.0,0.0,0.0,0.0,0.0,0.0,0.0,0.0,0.0,0.0,0.0,0.0,0.0,0.0,0.0,0.0,3.0,3.0,3.0,3.0,3.0,3.0,3.0,3.0
9683,Varde,55.620437,8.480215,1150,1650,137.13,0.025,1,,,,,,,37.041,37.041,37.041,37.041,37.041,37.041,37.041,37.041,1.0,2.0,2.0,2.0,3.0,3.0,3.0,3.0,2.0,4.0,4.0,8.0,9.0,9.0,9.0,10.0,0.0,0.0,0.0,0.0,0.0,0.0,0.0,0.0,,,,,,,,,0.0,0.0,0.0,0.0,0.0,0.0,0.0,0.0,0.0,0.0,0.0,0.0,0.0,0.0,0.0,0.0,0.0,0.0,0.0,0.0,0.0,0.0,0.0,0.0,0.0,0.0,0.0,0.0,0.0,0.0,0.0,0.0,0.0,0.0,0.0,0.0,0.0,0.0,0.0,0.0,2.0,2.0,2.0,2.0,2.0,2.0,2.0,2.0
19587,,55.329307,8.762924,800,1650,100.418,0.023,1,,,,,,,0.139,0.139,0.139,0.139,0.139,0.139,0.139,0.139,1.0,3.0,3.0,4.0,5.0,5.0,5.0,6.0,1.0,4.0,5.0,7.0,11.0,11.0,13.0,14.0,0.0,0.0,0.0,0.0,0.0,0.0,0.0,0.0,,,,,,,,,0.0,0.0,0.0,0.0,0.0,0.0,0.0,0.0,0.0,0.0,0.0,0.0,1.0,1.0,0.0,0.0,0.0,0.0,0.0,0.0,0.0,0.0,0.0,0.0,0.0,0.0,0.0,0.0,0.0,0.0,0.0,0.0,1.0,1.0,1.0,1.0,1.0,1.0,1.0,1.0,2.0,2.0,2.0,2.0,3.0,3.0,2.0,2.0
3946,København,55.678141,12.572183,1100,1650,183.945,0.211,1,3000.0,2000.0,3000.0,11000.0,40000.0,51000.0,33.673,11.347,11.347,11.347,11.347,11.347,31.124,31.124,2.0,5.0,7.0,7.0,7.0,8.0,6.0,6.0,4.0,10.0,13.0,17.0,17.0,20.0,21.0,25.0,0.0,0.0,0.0,0.0,0.0,0.0,0.0,0.0,,,,,,,,,0.0,0.0,0.0,1.0,1.0,1.0,1.0,1.0,0.0,0.0,0.0,0.0,0.0,0.0,0.0,0.0,0.0,0.0,0.0,0.0,0.0,0.0,0.0,0.0,0.0,0.0,0.0,0.0,0.0,0.0,0.0,0.0,0.0,0.0,0.0,0.0,0.0,0.0,0.0,0.0,2.0,2.0,2.0,2.0,2.0,2.0,2.0,2.0
19444,,56.15642,10.206784,1300,1650,108.15,0.017,1,,,,,,,0.185,0.185,0.185,0.185,0.185,0.185,0.185,0.185,1.0,3.0,3.0,3.0,5.0,5.0,5.0,5.0,1.0,8.0,9.0,11.0,12.0,13.0,17.0,25.0,0.0,0.0,0.0,0.0,0.0,0.0,0.0,0.0,,,,,,,,,0.0,0.0,0.0,0.0,0.0,0.0,0.0,0.0,0.0,0.0,0.0,0.0,0.0,0.0,0.0,0.0,0.0,0.0,0.0,0.0,0.0,0.0,0.0,0.0,0.0,0.0,0.0,0.0,0.0,0.0,0.0,0.0,0.0,0.0,0.0,0.0,0.0,0.0,0.0,0.0,2.0,2.0,2.0,2.0,2.0,2.0,2.0,2.0
1611,Duisburg,51.435337,6.760599,1145,1650,0.646,0.081,1,1000.0,1000.0,2000.0,2000.0,2000.0,3000.0,17.632,17.632,17.632,15.014,15.014,15.014,15.014,15.014,14.0,19.0,21.0,28.0,30.0,30.0,31.0,31.0,39.0,57.0,65.0,80.0,93.0,97.0,102.0,103.0,0.0,0.0,0.0,0.0,0.0,0.0,0.0,0.0,,,,,,,,,1.0,1.0,0.0,0.0,0.0,0.0,0.0,0.0,1.0,1.0,1.0,1.0,1.0,1.0,1.0,1.0,0.0,0.0,0.0,0.0,0.0,0.0,0.0,0.0,0.0,0.0,0.0,0.0,0.0,0.0,0.0,0.0,0.0,0.0,0.0,0.0,0.0,0.0,0.0,0.0,3.0,3.0,3.0,3.0,3.0,3.0,3.0,3.0
2024,Friedland (Vorpommern),53.668776,13.549359,1244,1650,25.133,0.169,1,,,,,,,48.779,48.779,48.779,48.779,48.779,48.779,43.062,0.0,1.0,1.0,1.0,1.0,1.0,2.0,3.0,4.0,1.0,1.0,1.0,1.0,1.0,3.0,8.0,9.0,0.0,0.0,0.0,0.0,0.0,0.0,0.0,1.0,,,,,,,,local,1.0,1.0,1.0,1.0,1.0,1.0,1.0,1.0,0.0,0.0,0.0,0.0,0.0,0.0,0.0,0.0,0.0,0.0,0.0,0.0,0.0,0.0,0.0,0.0,0.0,0.0,0.0,0.0,0.0,0.0,0.0,0.0,0.0,0.0,0.0,0.0,0.0,0.0,0.0,0.0,2.0,2.0,2.0,2.0,2.0,2.0,2.0,2.0
8575,Woldegk,53.458875,13.583439,1236,1650,21.9,0.625,1,,,,,,,72.092,72.092,72.092,72.092,72.092,72.092,61.665,23.448,0.0,0.0,0.0,0.0,0.0,0.0,0.0,1.0,1.0,1.0,2.0,2.0,3.0,7.0,11.0,12.0,0.0,0.0,0.0,0.0,0.0,0.0,0.0,0.0,,,,,,,,,0.0,0.0,0.0,0.0,0.0,0.0,0.0,0.0,0.0,0.0,0.0,0.0,0.0,0.0,0.0,0.0,0.0,0.0,0.0,0.0,0.0,0.0,0.0,0.0,0.0,0.0,0.0,0.0,0.0,0.0,0.0,0.0,0.0,0.0,0.0,0.0,0.0,0.0,0.0,0.0,2.0,2.0,2.0,2.0,2.0,2.0,2.0,2.0
19563,,54.662982,11.730802,1286,1650,76.853,0.087,1,,,,,,,40.07,32.247,32.247,32.247,32.247,32.247,32.247,32.247,1.0,2.0,3.0,5.0,5.0,7.0,8.0,8.0,1.0,2.0,6.0,11.0,14.0,19.0,29.0,33.0,0.0,0.0,0.0,0.0,0.0,0.0,0.0,0.0,,,,,,,,,0.0,0.0,0.0,0.0,0.0,0.0,0.0,0.0,0.0,0.0,0.0,0.0,0.0,0.0,0.0,0.0,0.0,0.0,0.0,0.0,0.0,0.0,0.0,0.0,0.0,0.0,0.0,0.0,0.0,0.0,0.0,0.0,1.0,1.0,1.0,1.0,1.0,1.0,1.0,1.0,2.0,2.0,2.0,2.0,2.0,2.0,2.0,2.0
8347,Wesenberg,53.281197,12.970588,1250,1650,53.85,0.175,1,,,,,,,94.554,80.874,80.874,80.874,80.874,80.874,41.072,41.072,0.0,0.0,0.0,0.0,0.0,0.0,1.0,1.0,1.0,3.0,6.0,6.0,6.0,8.0,16.0,17.0,0.0,0.0,0.0,0.0,0.0,0.0,0.0,0.0,,,,,,,,,0.0,0.0,0.0,0.0,0.0,0.0,0.0,0.0,0.0,0.0,0.0,0.0,0.0,0.0,0.0,0.0,0.0,0.0,0.0,0.0,0.0,0.0,0.0,0.0,0.0,0.0,0.0,0.0,0.0,0.0,0.0,0.0,0.0,0.0,0.0,0.0,0.0,0.0,0.0,0.0,2.0,2.0,2.0,2.0,2.0,2.0,2.0,2.0
19566,,55.454614,12.181389,1250,1650,160.419,0.102,1,,,,,,,42.34,34.684,21.684,21.684,21.684,21.684,21.684,21.684,1.0,3.0,5.0,7.0,7.0,7.0,8.0,9.0,3.0,9.0,12.0,17.0,17.0,22.0,24.0,31.0,0.0,0.0,0.0,0.0,0.0,0.0,0.0,0.0,,,,,,,,,0.0,0.0,0.0,0.0,0.0,0.0,0.0,0.0,0.0,0.0,0.0,0.0,0.0,0.0,0.0,0.0,1.0,1.0,1.0,1.0,1.0,1.0,1.0,1.0,0.0,0.0,0.0,0.0,0.0,0.0,0.0,0.0,0.0,0.0,0.0,0.0,0.0,0.0,0.0,0.0,2.0,2.0,2.0,2.0,2.0,2.0,2.0,2.0
19536,,52.372948,4.900213,1300,1650,0.382,0.12,1,,,,,,,34.624,0.519,0.519,0.519,0.519,0.519,0.519,0.519,5.0,10.0,11.0,12.0,13.0,16.0,16.0,15.0,23.0,40.0,54.0,66.0,80.0,84.0,85.0,81.0,0.0,0.0,0.0,0.0,0.0,0.0,0.0,0.0,,,,,,,,,0.0,0.0,0.0,0.0,0.0,0.0,0.0,0.0,0.0,1.0,1.0,1.0,1.0,1.0,1.0,1.0,0.0,0.0,0.0,0.0,0.0,0.0,0.0,0.0,0.0,0.0,0.0,0.0,0.0,0.0,0.0,0.0,0.0,0.0,0.0,0.0,0.0,0.0,0.0,0.0,2.0,3.0,3.0,3.0,3.0,3.0,3.0,3.0
10263,Køge,55.456577,12.181445,1250,1650,160.637,0.042,1,,,,,,,42.356,34.583,21.476,21.476,21.476,21.476,21.476,21.476,1.0,3.0,5.0,7.0,7.0,7.0,8.0,9.0,3.0,9.0,12.0,17.0,17.0,22.0,24.0,31.0,0.0,0.0,0.0,0.0,0.0,0.0,0.0,0.0,,,,,,,,,0.0,0.0,0.0,0.0,0.0,0.0,0.0,0.0,0.0,0.0,0.0,0.0,0.0,0.0,0.0,0.0,0.0,0.0,0.0,0.0,0.0,0.0,0.0,0.0,0.0,0.0,0.0,0.0,0.0,0.0,0.0,0.0,0.0,0.0,0.0,0.0,0.0,0.0,0.0,0.0,2.0,2.0,2.0,2.0,2.0,2.0,2.0,2.0
3008,Herzberg (Elster),51.692362,13.235309,1290,1650,22.124,0.312,1,,,,,,,71.302,71.302,61.579,55.312,61.069,21.853,21.853,18.163,0.0,0.0,0.0,0.0,0.0,3.0,6.0,8.0,3.0,3.0,10.0,15.0,23.0,27.0,33.0,39.0,0.0,0.0,0.0,0.0,0.0,0.0,0.0,0.0,,,,,,,,,0.0,0.0,0.0,0.0,1.0,1.0,1.0,1.0,0.0,0.0,0.0,0.0,0.0,0.0,0.0,0.0,0.0,0.0,0.0,0.0,0.0,0.0,0.0,0.0,0.0,0.0,0.0,0.0,0.0,0.0,0.0,0.0,0.0,0.0,0.0,0.0,0.0,0.0,0.0,0.0,2.0,2.0,2.0,2.0,2.0,2.0,2.0,2.0
11709,Roskilde,55.64106,12.080362,1000,1650,181.145,0.087,1,7000.0,5000.0,6000.0,7000.0,8000.0,4000.0,34.847,24.541,0.0,0.0,0.0,0.0,0.0,0.0,1.0,4.0,6.0,8.0,8.0,9.0,10.0,11.0,3.0,9.0,12.0,17.0,17.0,20.0,22.0,28.0,0.0,0.0,1.0,1.0,1.0,1.0,1.0,1.0,,,local,local,local,local,local,local,1.0,1.0,1.0,1.0,1.0,1.0,1.0,1.0,0.0,0.0,0.0,0.0,0.0,0.0,0.0,0.0,0.0,0.0,0.0,0.0,0.0,0.0,0.0,0.0,0.0,0.0,0.0,0.0,0.0,0.0,0.0,0.0,0.0,0.0,0.0,0.0,0.0,0.0,0.0,0.0,2.0,2.0,2.0,2.0,2.0,2.0,2.0,2.0
4604,Lübeck,53.865911,10.685259,1143,1650,0.331,0.128,1,15000.0,17000.0,25000.0,24000.0,23000.0,23000.0,54.746,54.746,49.184,49.184,28.181,28.181,21.403,19.553,0.0,0.0,1.0,1.0,4.0,4.0,11.0,12.0,10.0,13.0,19.0,23.0,41.0,44.0,71.0,72.0,0.0,0.0,0.0,0.0,0.0,0.0,0.0,0.0,,,,,,,,,1.0,1.0,1.0,1.0,1.0,1.0,1.0,1.0,0.0,0.0,0.0,1.0,1.0,1.0,1.0,1.0,0.0,0.0,0.0,0.0,0.0,0.0,0.0,0.0,0.0,0.0,0.0,0.0,0.0,0.0,0.0,0.0,0.0,0.0,0.0,0.0,0.0,0.0,0.0,0.0,2.0,2.0,2.0,3.0,3.0,3.0,3.0,3.0
7543,Bad Sülze,54.110067,12.660469,1262,1650,33.442,0.601,1,,,,,,,47.001,47.001,34.026,34.026,34.026,28.81,15.52,15.52,1.0,1.0,2.0,2.0,2.0,4.0,6.0,6.0,3.0,4.0,6.0,6.0,6.0,9.0,15.0,16.0,0.0,0.0,0.0,0.0,0.0,0.0,0.0,0.0,,,,,,,,,0.0,0.0,0.0,0.0,0.0,0.0,0.0,0.0,0.0,0.0,0.0,0.0,0.0,0.0,0.0,0.0,0.0,0.0,0.0,0.0,0.0,0.0,0.0,0.0,0.0,0.0,0.0,0.0,0.0,0.0,0.0,0.0,0.0,0.0,0.0,0.0,0.0,0.0,0.0,0.0,2.0,2.0,2.0,2.0,2.0,2.0,2.0,2.0
6947,Trzcińsko-Zdrój,52.964748,14.607297,1266,1650,15.932,0.343,1,,,,,,,149.643,149.643,0.0,0.0,0.0,0.0,0.0,0.0,0.0,0.0,1.0,1.0,2.0,4.0,4.0,4.0,0.0,0.0,4.0,4.0,5.0,7.0,8.0,8.0,0.0,0.0,1.0,1.0,1.0,1.0,1.0,1.0,,,local,local,local,local,local,local,0.0,0.0,0.0,1.0,1.0,1.0,1.0,1.0,0.0,0.0,0.0,0.0,0.0,0.0,0.0,0.0,0.0,0.0,0.0,0.0,0.0,0.0,0.0,0.0,0.0,0.0,0.0,0.0,0.0,0.0,0.0,0.0,0.0,0.0,0.0,0.0,0.0,0.0,0.0,0.0,2.0,2.0,2.0,2.0,2.0,2.0,2.0,2.0
19573,Knippelsbro,55.67455,12.586951,1100,1650,183.289,0.177,1,,,,,,,32.855,10.507,10.507,10.507,10.507,10.507,31.995,31.995,2.0,5.0,7.0,7.0,7.0,8.0,6.0,6.0,4.0,10.0,13.0,17.0,17.0,20.0,21.0,25.0,0.0,0.0,0.0,0.0,0.0,0.0,0.0,0.0,,,,,,,,,0.0,0.0,0.0,0.0,0.0,0.0,0.0,0.0,0.0,0.0,0.0,0.0,0.0,0.0,0.0,0.0,0.0,0.0,0.0,0.0,0.0,0.0,0.0,1.0,0.0,0.0,0.0,0.0,0.0,0.0,0.0,0.0,0.0,0.0,0.0,0.0,0.0,0.0,0.0,0.0,2.0,2.0,2.0,2.0,2.0,2.0,2.0,2.0
10334,Holbæk,55.717466,11.713137,1240,1650,191.481,0.215,1,,,,,,,40.205,0.0,0.0,0.0,0.0,0.0,0.0,0.0,1.0,3.0,5.0,7.0,7.0,8.0,10.0,13.0,3.0,10.0,13.0,18.0,18.0,21.0,25.0,33.0,0.0,1.0,1.0,1.0,1.0,1.0,1.0,1.0,,local,local,local,local,local,local,local,0.0,0.0,0.0,0.0,0.0,0.0,0.0,0.0,0.0,0.0,0.0,0.0,0.0,0.0,0.0,0.0,0.0,0.0,0.0,0.0,0.0,0.0,0.0,0.0,0.0,0.0,0.0,0.0,0.0,0.0,0.0,0.0,0.0,0.0,0.0,0.0,0.0,0.0,0.0,0.0,2.0,2.0,2.0,2.0,2.0,2.0,2.0,2.0
10698,Malmö,55.606106,13.00055,1250,1650,169.947,0.104,1,1000.0,3000.0,5000.0,5000.0,5000.0,5000.0,22.855,16.185,16.185,16.185,16.185,16.185,16.185,16.185,1.0,4.0,4.0,4.0,4.0,4.0,2.0,2.0,4.0,9.0,12.0,16.0,16.0,18.0,17.0,17.0,0.0,0.0,0.0,0.0,0.0,0.0,0.0,0.0,,,,,,,,,0.0,1.0,1.0,1.0,1.0,1.0,1.0,1.0,0.0,0.0,0.0,0.0,0.0,0.0,0.0,0.0,0.0,0.0,0.0,0.0,0.0,0.0,0.0,0.0,0.0,0.0,0.0,0.0,0.0,0.0,0.0,0.0,0.0,0.0,0.0,0.0,0.0,0.0,0.0,0.0,2.0,2.0,2.0,2.0,2.0,2.0,2.0,2.0
4858,Meldorf,54.089795,9.071814,1227,1559,26.327,1.581,1,,,,,,,60.267,0.0,0.0,0.0,0.0,27.237,,,0.0,4.0,8.0,8.0,18.0,17.0,,,5.0,11.0,15.0,19.0,38.0,39.0,,,0.0,1.0,1.0,1.0,1.0,0.0,,,,regional,regional,regional,regional,,,,0.0,0.0,0.0,0.0,0.0,0.0,,,0.0,0.0,0.0,0.0,0.0,0.0,,,0.0,0.0,0.0,0.0,0.0,0.0,,,0.0,0.0,0.0,0.0,0.0,0.0,,,0.0,0.0,0.0,0.0,0.0,0.0,,,2.0,3.0,3.0,3.0,3.0,2.0,,
8902,Ribe,55.328145,8.762129,800,1650,100.316,0.063,1,2000.0,2000.0,3000.0,4000.0,5000.0,3000.0,0.0,0.0,0.0,0.0,0.0,0.0,0.0,0.0,1.0,3.0,3.0,4.0,5.0,5.0,5.0,6.0,1.0,4.0,5.0,7.0,11.0,11.0,13.0,14.0,1.0,1.0,1.0,1.0,1.0,1.0,1.0,1.0,local,regional,regional,regional,regional,regional,regional,regional,1.0,1.0,1.0,1.0,1.0,1.0,1.0,1.0,0.0,0.0,0.0,0.0,1.0,1.0,0.0,0.0,0.0,0.0,0.0,0.0,0.0,0.0,0.0,0.0,0.0,0.0,0.0,0.0,0.0,0.0,0.0,0.0,0.0,0.0,0.0,0.0,0.0,0.0,0.0,0.0,2.0,3.0,3.0,3.0,3.0,3.0,3.0,3.0
9559,Skive,56.566626,9.026641,1200,1650,47.12,0.189,1,,,,,,,34.204,26.893,26.893,26.893,26.893,26.893,26.893,26.893,1.0,5.0,6.0,9.0,10.0,10.0,12.0,15.0,2.0,9.0,11.0,15.0,18.0,18.0,20.0,23.0,0.0,0.0,0.0,0.0,0.0,0.0,0.0,0.0,,,,,,,,,0.0,0.0,0.0,0.0,0.0,0.0,0.0,0.0,0.0,0.0,0.0,0.0,0.0,0.0,0.0,0.0,0.0,0.0,0.0,0.0,0.0,0.0,0.0,0.0,0.0,0.0,0.0,0.0,0.0,0.0,0.0,0.0,0.0,0.0,0.0,0.0,0.0,0.0,0.0,0.0,2.0,2.0,2.0,2.0,2.0,2.0,2.0,2.0
1385,Demmin,53.907722,13.033486,1236,1650,4.563,0.117,1,,,,,,,30.894,30.894,30.894,30.894,30.894,30.894,0.0,0.0,1.0,1.0,1.0,1.0,1.0,3.0,5.0,6.0,1.0,1.0,2.0,2.0,2.0,4.0,10.0,11.0,0.0,0.0,0.0,0.0,0.0,0.0,1.0,1.0,,,,,,,local,local,1.0,1.0,1.0,1.0,1.0,1.0,1.0,1.0,0.0,0.0,0.0,0.0,0.0,0.0,0.0,0.0,0.0,0.0,0.0,0.0,0.0,0.0,0.0,0.0,0.0,0.0,0.0,0.0,0.0,0.0,0.0,0.0,0.0,0.0,0.0,0.0,0.0,0.0,0.0,0.0,2.0,2.0,2.0,2.0,2.0,2.0,2.0,2.0
10180,Nykøbing Falster ,54.767823,11.866876,1240,1650,85.73,0.077,1,,,,,,,26.87,17.686,17.686,17.686,17.686,17.686,17.686,17.686,1.0,2.0,3.0,5.0,5.0,7.0,7.0,7.0,2.0,3.0,8.0,13.0,15.0,19.0,26.0,29.0,0.0,0.0,0.0,0.0,0.0,0.0,0.0,0.0,,,,,,,,,0.0,0.0,0.0,0.0,0.0,0.0,0.0,0.0,0.0,0.0,0.0,0.0,0.0,0.0,0.0,0.0,0.0,0.0,0.0,0.0,0.0,0.0,0.0,0.0,0.0,0.0,0.0,0.0,0.0,0.0,0.0,0.0,0.0,0.0,0.0,0.0,0.0,0.0,0.0,0.0,2.0,2.0,2.0,2.0,2.0,2.0,2.0,2.0
19612,Store Bro,54.9824,12.282092,1250,1650,108.322,0.029,1,,,,,,,23.874,18.379,18.379,18.379,18.379,18.379,18.379,18.379,1.0,2.0,3.0,5.0,5.0,5.0,5.0,4.0,2.0,7.0,11.0,15.0,15.0,18.0,23.0,26.0,0.0,0.0,0.0,0.0,0.0,0.0,0.0,0.0,,,,,,,,,0.0,0.0,0.0,0.0,0.0,0.0,0.0,0.0,0.0,0.0,0.0,0.0,0.0,0.0,0.0,0.0,0.0,0.0,0.0,0.0,0.0,0.0,1.0,1.0,1.0,1.0,1.0,1.0,1.0,1.0,0.0,0.0,0.0,0.0,0.0,0.0,0.0,0.0,0.0,0.0,2.0,2.0,2.0,2.0,2.0,2.0,2.0,2.0
19588,,55.329004,8.763436,800,1650,100.375,0.023,1,,,,,,,0.126,0.126,0.126,0.126,0.126,0.126,0.126,0.126,1.0,3.0,3.0,4.0,5.0,5.0,5.0,6.0,1.0,4.0,5.0,7.0,11.0,11.0,13.0,14.0,0.0,0.0,0.0,0.0,0.0,0.0,0.0,0.0,,,,,,,,,0.0,0.0,0.0,0.0,0.0,0.0,0.0,0.0,0.0,0.0,0.0,0.0,1.0,1.0,0.0,0.0,0.0,0.0,0.0,0.0,0.0,0.0,0.0,0.0,0.0,0.0,0.0,0.0,0.0,0.0,0.0,0.0,0.0,0.0,0.0,0.0,0.0,0.0,0.0,0.0,2.0,2.0,2.0,2.0,3.0,3.0,2.0,2.0
10350,Nykøbing Sjælland,55.922671,11.670623,1250,1650,189.235,0.153,1,,,,,,,33.864,0.0,0.0,0.0,0.0,0.0,0.0,0.0,1.0,3.0,5.0,5.0,5.0,6.0,6.0,10.0,3.0,9.0,11.0,14.0,14.0,17.0,21.0,30.0,0.0,1.0,1.0,1.0,1.0,1.0,1.0,1.0,,local,local,local,local,local,local,local,0.0,0.0,0.0,0.0,0.0,0.0,0.0,0.0,0.0,0.0,0.0,0.0,0.0,0.0,0.0,0.0,0.0,0.0,0.0,0.0,0.0,0.0,0.0,0.0,0.0,0.0,0.0,0.0,0.0,0.0,0.0,0.0,0.0,0.0,0.0,0.0,0.0,0.0,0.0,0.0,2.0,2.0,2.0,2.0,2.0,2.0,2.0,2.0
11753,Stege,54.98445238,12.2855408,1250,1650,108.57,0.129,1,,,,,,,24.066,18.689,18.689,18.689,18.689,18.689,18.689,18.689,1.0,2.0,3.0,5.0,5.0,5.0,5.0,4.0,2.0,7.0,10.0,14.0,14.0,17.0,22.0,25.0,0.0,0.0,0.0,0.0,0.0,0.0,0.0,0.0,,,,,,,,,0.0,0.0,0.0,0.0,0.0,0.0,0.0,0.0,0.0,0.0,0.0,0.0,0.0,0.0,0.0,0.0,0.0,0.0,0.0,0.0,0.0,0.0,0.0,0.0,0.0,0.0,0.0,0.0,0.0,0.0,0.0,0.0,0.0,0.0,0.0,0.0,0.0,0.0,0.0,0.0,2.0,2.0,2.0,2.0,2.0,2.0,2.0,2.0
19614,,54.982246,12.283702,1250,1650,108.314,0.089,0,,,,,,,23.979,18.454,18.454,18.454,18.454,18.454,18.454,18.454,1.0,2.0,3.0,5.0,5.0,5.0,5.0,4.0,2.0,7.0,11.0,15.0,15.0,18.0,23.0,26.0,0.0,0.0,0.0,0.0,0.0,0.0,0.0,0.0,,,,,,,,,0.0,0.0,0.0,0.0,0.0,0.0,0.0,0.0,0.0,0.0,0.0,0.0,0.0,0.0,0.0,0.0,0.0,0.0,0.0,0.0,0.0,0.0,0.0,0.0,0.0,0.0,0.0,0.0,0.0,0.0,0.0,0.0,1.0,1.0,1.0,1.0,1.0,1.0,1.0,1.0,1.0,2.0,2.0,2.0,2.0,2.0,2.0,2.0
12464,,52.006932,4.713537,1272,1650,0.014,0.027,1,,,,,,,29.284,0.521,0.521,0.521,0.521,0.521,0.521,0.521,9.0,18.0,21.0,22.0,25.0,27.0,27.0,26.0,18.0,33.0,38.0,47.0,56.0,59.0,59.0,58.0,0.0,0.0,0.0,0.0,0.0,0.0,0.0,0.0,,,,,,,,,0.0,1.0,1.0,1.0,1.0,1.0,1.0,1.0,0.0,0.0,0.0,0.0,0.0,0.0,0.0,0.0,0.0,0.0,0.0,0.0,0.0,0.0,0.0,0.0,0.0,0.0,0.0,0.0,0.0,0.0,0.0,0.0,0.0,1.0,1.0,1.0,1.0,1.0,1.0,1.0,2.0,2.0,2.0,2.0,2.0,2.0,2.0,2.0
1509,Dömitz,53.141756,11.248841,1259,1650,0.169,0.056,1,,,,,,,11.317,11.317,11.317,11.317,11.317,11.317,11.317,11.317,1.0,1.0,6.0,9.0,10.0,10.0,13.0,13.0,8.0,11.0,20.0,26.0,35.0,36.0,54.0,59.0,0.0,0.0,0.0,0.0,0.0,0.0,0.0,0.0,,,,,,,,,1.0,1.0,1.0,1.0,1.0,1.0,1.0,1.0,0.0,0.0,0.0,0.0,0.0,0.0,0.0,0.0,0.0,0.0,0.0,0.0,0.0,0.0,0.0,0.0,0.0,0.0,0.0,0.0,0.0,0.0,0.0,0.0,0.0,0.0,0.0,0.0,0.0,0.0,0.0,0.0,2.0,2.0,2.0,2.0,2.0,2.0,2.0,2.0
12802,,51.701718,4.863635,1213,1650,13.736,0.109,1,,,,,,,0.319,0.319,0.319,0.319,0.319,0.319,0.319,0.319,9.0,14.0,16.0,21.0,24.0,26.0,26.0,25.0,21.0,40.0,46.0,56.0,65.0,68.0,68.0,67.0,0.0,0.0,0.0,0.0,0.0,0.0,0.0,0.0,,,,,,,,,0.0,1.0,1.0,1.0,1.0,1.0,1.0,1.0,0.0,0.0,0.0,0.0,0.0,0.0,0.0,0.0,0.0,0.0,0.0,0.0,0.0,0.0,0.0,0.0,0.0,0.0,0.0,0.0,0.0,0.0,0.0,0.0,0.0,1.0,1.0,1.0,1.0,1.0,1.0,1.0,2.0,2.0,2.0,2.0,2.0,2.0,2.0,2.0
20307,,51.688541,5.314803,1195,1650,3.681,0.383,1,,,,,,,14.656,14.656,14.656,14.656,14.656,14.656,14.656,14.656,13.0,15.0,16.0,23.0,29.0,30.0,30.0,29.0,27.0,53.0,64.0,81.0,93.0,97.0,97.0,96.0,0.0,0.0,0.0,0.0,0.0,0.0,0.0,0.0,,,,,,,,,0.0,0.0,0.0,0.0,0.0,0.0,0.0,0.0,0.0,0.0,0.0,0.0,0.0,0.0,1.0,1.0,0.0,0.0,0.0,0.0,0.0,0.0,0.0,0.0,0.0,0.0,0.0,0.0,0.0,0.0,0.0,0.0,0.0,0.0,0.0,0.0,0.0,0.0,0.0,0.0,2.0,2.0,2.0,2.0,2.0,2.0,3.0,3.0
3411,Jena ,50.928178,11.588112,1230,1650,67.445,0.049,1,1000.0,1000.0,1000.0,2000.0,2000.0,3000.0,16.415,16.415,0.0,0.0,0.0,0.0,0.0,0.0,2.0,8.0,10.0,19.0,28.0,30.0,32.0,32.0,17.0,32.0,42.0,58.0,73.0,89.0,98.0,104.0,0.0,0.0,1.0,1.0,1.0,1.0,1.0,1.0,,,local,local,regional,regional,regional,regional,0.0,1.0,1.0,1.0,1.0,1.0,1.0,1.0,0.0,0.0,0.0,0.0,0.0,0.0,0.0,0.0,0.0,0.0,0.0,0.0,0.0,0.0,0.0,0.0,0.0,0.0,0.0,0.0,0.0,0.0,0.0,0.0,0.0,0.0,0.0,0.0,0.0,0.0,0.0,0.0,2.0,2.0,2.0,2.0,3.0,3.0,3.0,3.0
1672,Eckartsberga,51.122838,11.560138,1265,1650,55.294,1.052,1,,,,,,,13.017,13.017,13.017,0.0,0.0,0.0,0.0,0.0,3.0,9.0,11.0,25.0,34.0,38.0,41.0,41.0,14.0,27.0,33.0,53.0,66.0,84.0,98.0,108.0,0.0,0.0,0.0,1.0,1.0,1.0,1.0,1.0,,,,local,local,local,local,local,1.0,1.0,1.0,1.0,1.0,1.0,1.0,1.0,0.0,0.0,0.0,0.0,0.0,0.0,0.0,0.0,0.0,0.0,0.0,0.0,0.0,0.0,0.0,0.0,0.0,0.0,0.0,0.0,0.0,0.0,0.0,0.0,0.0,0.0,0.0,0.0,0.0,0.0,0.0,0.0,2.0,2.0,2.0,2.0,2.0,2.0,2.0,2.0
8752,Zeitz,51.050307,12.134652,1147,1650,30.14,0.277,1,2000.0,1000.0,2000.0,2000.0,2000.0,3000.0,0.0,0.0,0.0,0.0,0.0,0.0,0.0,0.0,5.0,7.0,11.0,19.0,23.0,25.0,26.0,28.0,7.0,16.0,22.0,39.0,51.0,65.0,73.0,78.0,1.0,1.0,1.0,1.0,1.0,1.0,1.0,1.0,local,local,local,local,regional,regional,regional,regional,0.0,0.0,0.0,0.0,0.0,0.0,0.0,0.0,1.0,1.0,1.0,1.0,1.0,1.0,1.0,1.0,0.0,0.0,0.0,0.0,0.0,0.0,0.0,0.0,0.0,0.0,0.0,0.0,0.0,0.0,0.0,0.0,0.0,0.0,0.0,0.0,0.0,0.0,0.0,0.0,3.0,3.0,3.0,3.0,3.0,3.0,3.0,3.0
6505,Römhild,50.396569,10.538234,1274,1650,78.925,0.136,1,,,,,,,20.917,13.92,0.0,0.0,0.0,0.0,0.0,0.0,5.0,8.0,12.0,12.0,17.0,20.0,26.0,27.0,12.0,27.0,32.0,37.0,46.0,53.0,62.0,66.0,0.0,0.0,1.0,1.0,1.0,1.0,1.0,1.0,,,local,local,local,local,local,local,0.0,0.0,0.0,0.0,0.0,0.0,0.0,0.0,0.0,0.0,0.0,0.0,0.0,0.0,0.0,0.0,0.0,0.0,0.0,0.0,0.0,0.0,0.0,0.0,0.0,0.0,0.0,0.0,0.0,0.0,0.0,0.0,0.0,0.0,0.0,0.0,0.0,0.0,0.0,0.0,2.0,2.0,2.0,2.0,2.0,2.0,2.0,2.0
7441,Stolberg,51.573295,10.954807,1300,1650,52.159,3.174,1,,,,,,,13.637,13.637,13.637,13.637,13.637,13.637,13.637,13.637,6.0,11.0,11.0,18.0,19.0,23.0,29.0,33.0,18.0,43.0,58.0,78.0,99.0,110.0,137.0,154.0,0.0,0.0,0.0,0.0,0.0,0.0,0.0,0.0,,,,,,,,,0.0,0.0,0.0,0.0,0.0,0.0,0.0,0.0,0.0,0.0,0.0,0.0,0.0,0.0,0.0,0.0,0.0,0.0,0.0,0.0,0.0,0.0,0.0,0.0,0.0,0.0,0.0,0.0,0.0,0.0,0.0,0.0,0.0,0.0,0.0,0.0,0.0,0.0,0.0,0.0,2.0,2.0,2.0,2.0,2.0,2.0,2.0,2.0
19540,,52.370508,4.900647,1300,1650,0.637,0.07,1,,,,,,,34.367,0.618,0.618,0.618,0.618,0.618,0.618,0.618,5.0,10.0,11.0,12.0,13.0,16.0,16.0,15.0,23.0,40.0,54.0,66.0,80.0,84.0,85.0,81.0,0.0,0.0,0.0,0.0,0.0,0.0,0.0,0.0,,,,,,,,,0.0,0.0,0.0,0.0,0.0,0.0,0.0,0.0,0.0,1.0,1.0,1.0,1.0,1.0,1.0,1.0,0.0,0.0,0.0,0.0,0.0,0.0,0.0,0.0,0.0,0.0,0.0,0.0,0.0,0.0,0.0,0.0,0.0,0.0,0.0,0.0,0.0,0.0,0.0,0.0,2.0,3.0,3.0,3.0,3.0,3.0,3.0,3.0
11896,&#39;s-Gravenzande,52.004091,4.160332,1246,1650,11.604,1.52,1,,,,,,,58.636,28.322,28.322,28.322,28.322,28.322,28.322,28.322,0.0,4.0,6.0,6.0,6.0,7.0,7.0,7.0,10.0,25.0,29.0,33.0,38.0,40.0,40.0,39.0,0.0,0.0,0.0,0.0,0.0,0.0,0.0,0.0,,,,,,,,,0.0,0.0,0.0,0.0,0.0,0.0,0.0,0.0,0.0,0.0,0.0,0.0,0.0,0.0,0.0,0.0,0.0,0.0,0.0,0.0,0.0,0.0,0.0,0.0,0.0,0.0,0.0,0.0,0.0,0.0,0.0,0.0,0.0,0.0,0.0,0.0,0.0,0.0,0.0,0.0,2.0,2.0,2.0,2.0,2.0,2.0,2.0,2.0
6731,Sangerhausen,51.472903,11.297883,1194,1650,36.871,0.16,1,,,,,,,29.047,18.23,18.23,18.23,18.23,18.23,17.062,17.062,6.0,11.0,11.0,20.0,25.0,31.0,38.0,39.0,16.0,36.0,45.0,65.0,87.0,97.0,121.0,135.0,0.0,0.0,0.0,0.0,0.0,0.0,0.0,0.0,,,,,,,,,0.0,0.0,0.0,0.0,1.0,1.0,1.0,1.0,0.0,0.0,0.0,0.0,0.0,0.0,0.0,0.0,0.0,0.0,0.0,0.0,0.0,0.0,0.0,0.0,0.0,0.0,0.0,0.0,0.0,0.0,0.0,0.0,0.0,0.0,0.0,0.0,0.0,0.0,0.0,0.0,2.0,2.0,2.0,2.0,2.0,2.0,2.0,2.0
561,Bergedorf,53.488919,10.210533,1275,1650,5.041,0.177,1,,,,,,,15.804,15.804,15.804,15.804,15.804,15.804,15.274,15.274,6.0,6.0,6.0,8.0,13.0,16.0,24.0,24.0,11.0,15.0,27.0,34.0,56.0,61.0,88.0,89.0,0.0,0.0,0.0,0.0,0.0,0.0,0.0,0.0,,,,,,,,,0.0,0.0,0.0,1.0,1.0,1.0,1.0,1.0,0.0,0.0,0.0,0.0,0.0,0.0,0.0,0.0,0.0,0.0,0.0,0.0,0.0,0.0,0.0,0.0,0.0,0.0,0.0,0.0,0.0,0.0,0.0,0.0,0.0,0.0,0.0,1.0,1.0,1.0,1.0,1.0,2.0,2.0,2.0,2.0,2.0,2.0,2.0,2.0
13943,Gützkow,53.937705,13.40964,1200,1650,2.618,0.333,1,,,,,,,17.71,17.71,17.71,17.71,17.71,17.71,17.71,17.71,1.0,1.0,1.0,1.0,1.0,2.0,3.0,4.0,1.0,1.0,2.0,2.0,2.0,4.0,7.0,8.0,0.0,0.0,0.0,0.0,0.0,0.0,0.0,0.0,,,,,,,,,0.0,0.0,0.0,0.0,0.0,0.0,0.0,0.0,0.0,0.0,0.0,0.0,0.0,0.0,0.0,0.0,0.0,0.0,0.0,0.0,0.0,0.0,0.0,0.0,0.0,0.0,0.0,0.0,0.0,0.0,0.0,0.0,0.0,0.0,0.0,0.0,0.0,0.0,0.0,0.0,2.0,2.0,2.0,2.0,2.0,2.0,2.0,2.0
10547,Weimar,50.980945,11.329398,1254,1650,76.128,0.138,1,2000.0,1000.0,2000.0,3000.0,4000.0,5000.0,27.891,21.049,19.048,19.048,0.0,0.0,0.0,0.0,1.0,7.0,9.0,18.0,25.0,26.0,28.0,28.0,17.0,33.0,41.0,57.0,79.0,95.0,112.0,123.0,0.0,0.0,0.0,0.0,1.0,1.0,1.0,1.0,,,,,local,local,local,local,0.0,0.0,0.0,0.0,0.0,1.0,1.0,1.0,0.0,0.0,0.0,0.0,0.0,0.0,0.0,0.0,0.0,0.0,0.0,0.0,0.0,0.0,0.0,0.0,0.0,0.0,0.0,0.0,0.0,0.0,0.0,0.0,0.0,0.0,0.0,0.0,0.0,0.0,0.0,0.0,2.0,2.0,2.0,2.0,2.0,2.0,2.0,2.0
579,Berlin,52.5184,13.407131,1244,1650,0.38,0.117,1,4000.0,5000.0,9000.0,9000.0,10000.0,23000.0,127.627,97.182,0.0,0.0,0.0,0.0,0.0,0.0,0.0,0.0,3.0,3.0,3.0,3.0,3.0,3.0,0.0,1.0,7.0,7.0,11.0,17.0,22.0,25.0,0.0,0.0,1.0,1.0,1.0,1.0,1.0,1.0,,,local,local,local,local,local,local,1.0,1.0,1.0,1.0,1.0,1.0,1.0,1.0,0.0,1.0,1.0,1.0,1.0,1.0,1.0,1.0,0.0,0.0,0.0,0.0,0.0,0.0,0.0,0.0,0.0,0.0,0.0,0.0,0.0,0.0,0.0,0.0,0.0,0.0,0.0,0.0,0.0,0.0,0.0,0.0,2.0,3.0,3.0,3.0,3.0,3.0,3.0,3.0
1136,Burgsteinfurt,52.147968,7.33943,1299,1650,13.306,0.476,1,,,,,,,19.621,19.621,19.621,16.031,16.031,16.031,16.031,16.031,11.0,17.0,17.0,20.0,23.0,25.0,29.0,30.0,39.0,61.0,69.0,80.0,96.0,104.0,112.0,109.0,0.0,0.0,0.0,0.0,0.0,0.0,0.0,0.0,,,,,,,,,0.0,0.0,0.0,0.0,0.0,0.0,0.0,0.0,0.0,0.0,0.0,0.0,0.0,0.0,0.0,0.0,0.0,0.0,0.0,0.0,0.0,0.0,0.0,0.0,0.0,0.0,0.0,0.0,0.0,0.0,0.0,0.0,0.0,0.0,0.0,0.0,0.0,0.0,0.0,0.0,2.0,2.0,2.0,2.0,2.0,2.0,2.0,2.0
10663,Helsingborg,56.04593144,12.69608385,1075,1650,221.547,0.099,0,,,,,,,32.063,32.063,32.063,32.063,32.063,5.255,5.255,5.255,1.0,3.0,3.0,3.0,3.0,4.0,3.0,3.0,3.0,8.0,10.0,12.0,12.0,14.0,13.0,14.0,0.0,0.0,0.0,0.0,0.0,0.0,0.0,0.0,,,,,,,,,0.0,0.0,0.0,0.0,0.0,0.0,0.0,0.0,0.0,0.0,0.0,0.0,0.0,0.0,0.0,0.0,0.0,0.0,0.0,0.0,0.0,0.0,0.0,0.0,0.0,0.0,0.0,0.0,0.0,0.0,0.0,0.0,0.0,0.0,0.0,0.0,0.0,0.0,0.0,0.0,1.0,2.0,2.0,2.0,2.0,2.0,2.0,2.0
10715,Falsterbo,55.390984,12.834298,1300,1650,148.689,1.046,1,,,,,,,3.281,3.281,3.281,3.281,3.281,3.281,41.392,41.392,1.0,4.0,4.0,4.0,4.0,4.0,2.0,2.0,4.0,10.0,13.0,17.0,17.0,19.0,18.0,18.0,0.0,0.0,0.0,0.0,0.0,0.0,0.0,0.0,,,,,,,,,1.0,1.0,1.0,1.0,1.0,1.0,1.0,1.0,0.0,0.0,0.0,0.0,1.0,1.0,1.0,1.0,0.0,0.0,0.0,0.0,0.0,0.0,0.0,0.0,0.0,0.0,0.0,0.0,0.0,0.0,0.0,0.0,1.0,1.0,1.0,1.0,1.0,1.0,1.0,1.0,2.0,2.0,2.0,2.0,3.0,3.0,3.0,3.0
12042,,51.137543,10.631579,1193,1650,36.752,0.196,1,,,,,,,28.349,14.261,14.261,14.261,14.261,14.261,14.261,14.261,7.0,18.0,18.0,18.0,24.0,27.0,29.0,35.0,14.0,44.0,57.0,76.0,96.0,107.0,123.0,137.0,0.0,0.0,0.0,0.0,0.0,0.0,0.0,0.0,,,,,,,,,0.0,0.0,0.0,0.0,0.0,0.0,0.0,0.0,0.0,0.0,0.0,0.0,0.0,0.0,0.0,0.0,1.0,1.0,1.0,1.0,1.0,1.0,1.0,1.0,0.0,0.0,0.0,0.0,0.0,0.0,0.0,0.0,0.0,0.0,0.0,0.0,0.0,0.0,0.0,0.0,2.0,2.0,2.0,2.0,2.0,2.0,2.0,2.0
6477,Roermond,51.195619,5.985689,1224,1650,0.208,0.083,1,2000.0,6000.0,7000.0,6000.0,5000.0,4000.0,0.0,0.0,0.0,0.0,0.0,0.0,0.0,0.0,9.0,17.0,22.0,28.0,30.0,31.0,31.0,31.0,32.0,43.0,51.0,67.0,77.0,78.0,80.0,80.0,1.0,1.0,1.0,1.0,1.0,1.0,1.0,1.0,local,local,regional,regional,regional,regional,regional,regional,1.0,1.0,1.0,1.0,1.0,1.0,1.0,1.0,0.0,0.0,1.0,1.0,1.0,0.0,0.0,0.0,0.0,0.0,0.0,0.0,0.0,0.0,0.0,0.0,0.0,0.0,0.0,0.0,0.0,0.0,0.0,0.0,0.0,0.0,0.0,0.0,0.0,0.0,0.0,0.0,2.0,2.0,3.0,3.0,3.0,3.0,3.0,3.0
9003,,52.269707,10.522579,1204,1650,1.072,0.028,1,,,,,,,20.173,20.173,0.851,0.851,0.851,0.851,0.851,0.851,4.0,5.0,14.0,17.0,18.0,19.0,28.0,29.0,18.0,35.0,62.0,76.0,87.0,92.0,124.0,138.0,0.0,0.0,0.0,0.0,0.0,0.0,0.0,0.0,,,,,,,,,0.0,0.0,0.0,0.0,0.0,0.0,0.0,0.0,0.0,0.0,0.0,0.0,0.0,0.0,0.0,0.0,0.0,0.0,0.0,0.0,0.0,0.0,0.0,0.0,0.0,0.0,0.0,0.0,0.0,0.0,0.0,0.0,1.0,1.0,1.0,1.0,1.0,1.0,1.0,1.0,2.0,2.0,2.0,2.0,2.0,2.0,2.0,2.0
14660,,51.197919,5.981903,1224,1650,0.195,0.184,1,,,,,,,0.367,0.367,0.367,0.367,0.367,0.367,0.367,0.367,9.0,17.0,22.0,28.0,30.0,31.0,31.0,31.0,32.0,43.0,51.0,67.0,77.0,78.0,80.0,80.0,0.0,0.0,0.0,0.0,0.0,0.0,0.0,0.0,,,,,,,,,1.0,1.0,1.0,1.0,1.0,1.0,1.0,1.0,0.0,0.0,1.0,1.0,1.0,0.0,0.0,0.0,0.0,0.0,0.0,0.0,0.0,0.0,0.0,0.0,0.0,1.0,1.0,1.0,1.0,1.0,1.0,1.0,0.0,0.0,0.0,0.0,0.0,0.0,0.0,0.0,2.0,2.0,3.0,3.0,3.0,2.0,2.0,2.0
17574,Oostende,51.232106,2.917664,1267,1650,3.112,0.058,1,1000.0,2000.0,3000.0,4000.0,5000.0,6000.0,21.515,21.515,21.515,21.515,21.515,21.515,21.515,21.515,2.0,2.0,3.0,2.0,2.0,2.0,2.0,2.0,2.0,6.0,7.0,6.0,8.0,8.0,8.0,8.0,0.0,0.0,0.0,0.0,0.0,0.0,0.0,0.0,,,,,,,,,0.0,0.0,0.0,0.0,0.0,0.0,0.0,0.0,0.0,0.0,0.0,0.0,0.0,0.0,0.0,0.0,0.0,0.0,0.0,0.0,0.0,0.0,0.0,0.0,0.0,0.0,0.0,0.0,0.0,0.0,0.0,0.0,0.0,0.0,0.0,0.0,0.0,0.0,0.0,0.0,2.0,2.0,2.0,2.0,2.0,2.0,2.0,2.0
2313,Görlitz,51.15621,14.990651,1200,1650,70.234,0.149,1,5000.0,8000.0,8000.0,9000.0,10000.0,7000.0,183.225,183.225,157.772,117.308,106.014,106.014,106.014,106.014,0.0,0.0,0.0,0.0,0.0,0.0,0.0,0.0,0.0,0.0,0.0,0.0,0.0,0.0,0.0,0.0,0.0,0.0,0.0,0.0,0.0,0.0,0.0,0.0,,,,,,,,,0.0,0.0,0.0,0.0,0.0,0.0,0.0,0.0,0.0,1.0,1.0,1.0,1.0,1.0,1.0,1.0,0.0,0.0,0.0,0.0,0.0,0.0,0.0,0.0,0.0,0.0,0.0,0.0,0.0,0.0,0.0,0.0,0.0,0.0,0.0,0.0,0.0,0.0,0.0,0.0,2.0,3.0,3.0,3.0,3.0,3.0,3.0,3.0
19669,,51.233436,2.915636,1267,1650,3.299,0.046,1,,,,,,,21.673,21.673,21.673,21.673,21.673,21.673,21.673,21.673,2.0,2.0,3.0,2.0,2.0,2.0,2.0,2.0,2.0,6.0,7.0,6.0,8.0,8.0,8.0,8.0,0.0,0.0,0.0,0.0,0.0,0.0,0.0,0.0,,,,,,,,,0.0,0.0,0.0,0.0,0.0,0.0,0.0,0.0,0.0,0.0,0.0,0.0,0.0,0.0,0.0,0.0,0.0,0.0,0.0,0.0,0.0,0.0,0.0,0.0,0.0,0.0,0.0,0.0,0.0,0.0,0.0,0.0,0.0,0.0,0.0,1.0,1.0,1.0,1.0,0.0,2.0,2.0,2.0,2.0,2.0,2.0,2.0,2.0
19787,Altstadtbrücke,51.157718,14.99417,1200,1650,70.521,0.038,1,,,,,,,183.446,183.446,158.004,117.545,106.257,106.257,106.257,106.257,0.0,0.0,0.0,0.0,0.0,0.0,0.0,0.0,0.0,0.0,0.0,0.0,0.0,0.0,0.0,0.0,0.0,0.0,0.0,0.0,0.0,0.0,0.0,0.0,,,,,,,,,0.0,0.0,0.0,0.0,0.0,0.0,0.0,0.0,0.0,1.0,1.0,1.0,1.0,1.0,1.0,1.0,0.0,1.0,1.0,1.0,1.0,1.0,1.0,1.0,0.0,0.0,0.0,0.0,0.0,0.0,0.0,0.0,0.0,0.0,0.0,0.0,0.0,0.0,0.0,0.0,2.0,3.0,3.0,3.0,3.0,3.0,3.0,3.0
19670,,51.234645,2.921268,1267,1650,3.001,0.189,1,,,,,,,21.301,21.301,21.301,21.301,21.301,21.301,21.301,21.301,2.0,2.0,3.0,2.0,2.0,2.0,2.0,2.0,2.0,6.0,7.0,6.0,8.0,8.0,8.0,8.0,0.0,0.0,0.0,0.0,0.0,0.0,0.0,0.0,,,,,,,,,0.0,0.0,0.0,0.0,0.0,0.0,0.0,0.0,0.0,0.0,0.0,0.0,0.0,0.0,0.0,0.0,0.0,0.0,0.0,0.0,0.0,0.0,0.0,0.0,0.0,0.0,0.0,0.0,0.0,0.0,0.0,0.0,0.0,0.0,0.0,0.0,0.0,0.0,0.0,1.0,2.0,2.0,2.0,2.0,2.0,2.0,2.0,2.0
10645,Wilster,53.921934,9.375357,1282,1650,1.245,3.068,1,,,,,,,36.068,9.205,0.0,0.0,0.0,0.0,0.0,0.0,1.0,5.0,9.0,9.0,16.0,17.0,32.0,33.0,5.0,11.0,15.0,19.0,39.0,40.0,70.0,72.0,0.0,0.0,1.0,1.0,1.0,1.0,1.0,1.0,,,local,local,local,local,local,local,0.0,0.0,0.0,0.0,0.0,0.0,0.0,0.0,0.0,0.0,0.0,0.0,0.0,0.0,0.0,0.0,0.0,0.0,0.0,0.0,0.0,0.0,0.0,0.0,0.0,0.0,0.0,0.0,0.0,0.0,0.0,0.0,0.0,1.0,1.0,1.0,1.0,1.0,1.0,1.0,2.0,2.0,2.0,2.0,2.0,2.0,2.0,2.0
17176,,54.315756,13.095564,1234,1650,32.032,0.022,1,,,,,,,30.679,30.679,30.679,30.679,30.679,30.679,24.635,24.635,1.0,1.0,1.0,1.0,1.0,2.0,4.0,4.0,1.0,2.0,3.0,3.0,3.0,5.0,8.0,9.0,0.0,0.0,0.0,0.0,0.0,0.0,0.0,0.0,,,,,,,,,0.0,0.0,0.0,0.0,0.0,0.0,0.0,0.0,0.0,0.0,0.0,1.0,1.0,1.0,1.0,1.0,0.0,0.0,0.0,0.0,0.0,0.0,0.0,0.0,0.0,0.0,0.0,0.0,0.0,0.0,0.0,0.0,1.0,1.0,1.0,1.0,1.0,1.0,1.0,1.0,2.0,2.0,2.0,3.0,3.0,3.0,3.0,3.0
19456,,56.462111,10.03511,1200,1650,74.404,0.091,1,,,,,,,35.582,0.183,0.183,0.183,0.183,0.183,0.183,0.183,1.0,4.0,5.0,6.0,8.0,8.0,10.0,13.0,2.0,6.0,8.0,11.0,14.0,17.0,16.0,20.0,0.0,0.0,0.0,0.0,0.0,0.0,0.0,0.0,,,,,,,,,0.0,0.0,0.0,0.0,0.0,0.0,0.0,0.0,0.0,0.0,0.0,0.0,0.0,0.0,0.0,0.0,0.0,0.0,0.0,0.0,0.0,0.0,0.0,0.0,0.0,0.0,0.0,0.0,0.0,0.0,0.0,0.0,0.0,0.0,0.0,0.0,0.0,0.0,0.0,0.0,2.0,2.0,2.0,2.0,2.0,2.0,2.0,2.0
7461,Stralsund,54.316002,13.090474,1234,1650,32.268,0.144,1,12000.0,15000.0,11000.0,13000.0,15000.0,12000.0,30.902,30.902,30.902,30.902,30.902,30.902,24.915,24.915,1.0,1.0,1.0,1.0,1.0,2.0,4.0,4.0,1.0,2.0,3.0,3.0,3.0,5.0,8.0,9.0,0.0,0.0,0.0,0.0,0.0,0.0,0.0,0.0,,,,,,,,,1.0,1.0,1.0,1.0,1.0,1.0,1.0,1.0,0.0,0.0,0.0,1.0,1.0,1.0,1.0,1.0,0.0,0.0,0.0,0.0,0.0,0.0,0.0,0.0,0.0,0.0,0.0,0.0,0.0,0.0,0.0,0.0,0.0,0.0,0.0,0.0,0.0,0.0,0.0,0.0,2.0,2.0,2.0,3.0,3.0,3.0,3.0,3.0
20195,,51.130909,12.80273,1265,1650,33.082,0.15,1,,,,,,,37.803,37.803,12.813,12.813,12.813,12.813,12.813,12.813,3.0,3.0,5.0,8.0,11.0,14.0,15.0,16.0,5.0,7.0,13.0,30.0,39.0,50.0,57.0,64.0,0.0,0.0,0.0,0.0,0.0,0.0,0.0,0.0,,,,,,,,,0.0,0.0,0.0,0.0,0.0,0.0,0.0,0.0,0.0,0.0,0.0,0.0,0.0,0.0,0.0,0.0,0.0,0.0,0.0,0.0,1.0,1.0,1.0,1.0,0.0,0.0,0.0,0.0,0.0,0.0,0.0,0.0,0.0,0.0,0.0,0.0,0.0,0.0,0.0,0.0,2.0,2.0,2.0,2.0,2.0,2.0,2.0,2.0
8611,Worbis,51.422204,10.360089,1255,1650,31.418,0.171,1,,,,,,,31.376,16.16,16.16,16.16,16.16,16.16,0.0,0.0,7.0,18.0,25.0,26.0,31.0,33.0,36.0,42.0,23.0,54.0,70.0,87.0,102.0,116.0,141.0,155.0,0.0,0.0,0.0,0.0,0.0,0.0,1.0,1.0,,,,,,,local,local,1.0,1.0,1.0,1.0,1.0,1.0,1.0,1.0,0.0,0.0,0.0,0.0,0.0,0.0,0.0,0.0,0.0,0.0,0.0,0.0,0.0,0.0,0.0,0.0,0.0,0.0,0.0,0.0,0.0,0.0,0.0,0.0,0.0,0.0,0.0,0.0,0.0,0.0,0.0,0.0,2.0,2.0,2.0,2.0,2.0,2.0,2.0,2.0
5165,Naumburg (Saale),51.152263,11.809909,1033,1650,42.154,0.138,1,2000.0,1000.0,5000.0,6000.0,8000.0,7000.0,12.934,0.0,0.0,0.0,0.0,0.0,0.0,0.0,5.0,7.0,9.0,21.0,30.0,34.0,36.0,37.0,11.0,23.0,29.0,45.0,61.0,80.0,92.0,99.0,0.0,1.0,1.0,1.0,1.0,1.0,1.0,1.0,,interregional,interregional,interregional,interregional,interregional,interregional,interregional,0.0,0.0,1.0,1.0,1.0,1.0,1.0,1.0,0.0,0.0,0.0,0.0,0.0,0.0,0.0,0.0,0.0,0.0,0.0,0.0,0.0,0.0,0.0,0.0,0.0,0.0,0.0,0.0,0.0,0.0,0.0,0.0,0.0,0.0,0.0,0.0,0.0,0.0,0.0,0.0,2.0,3.0,3.0,3.0,3.0,3.0,3.0,3.0
1770,Ellrich,51.587576,10.66545,1292,1650,43.403,0.174,1,,,,,,,13.065,13.065,13.065,13.065,13.065,13.065,13.065,13.065,5.0,15.0,15.0,19.0,26.0,28.0,33.0,40.0,21.0,48.0,61.0,81.0,98.0,109.0,135.0,148.0,0.0,0.0,0.0,0.0,0.0,0.0,0.0,0.0,,,,,,,,,0.0,0.0,0.0,0.0,0.0,0.0,0.0,0.0,0.0,0.0,0.0,0.0,0.0,0.0,0.0,0.0,0.0,0.0,0.0,0.0,0.0,0.0,0.0,0.0,0.0,0.0,0.0,0.0,0.0,0.0,0.0,0.0,0.0,0.0,0.0,0.0,0.0,0.0,0.0,0.0,2.0,2.0,2.0,2.0,2.0,2.0,2.0,2.0
5397,Nienburg (Saale),51.836327,11.768103,1233,1650,2.18,0.163,1,,,,,,,33.663,33.663,33.631,33.631,18.52,18.52,18.52,18.52,4.0,7.0,8.0,13.0,17.0,22.0,35.0,43.0,13.0,24.0,35.0,51.0,74.0,88.0,114.0,127.0,0.0,0.0,0.0,0.0,0.0,0.0,0.0,0.0,,,,,,,,,0.0,0.0,0.0,0.0,0.0,0.0,1.0,1.0,0.0,0.0,0.0,0.0,0.0,0.0,0.0,0.0,0.0,0.0,0.0,0.0,0.0,0.0,0.0,0.0,0.0,0.0,0.0,0.0,0.0,0.0,0.0,0.0,0.0,0.0,0.0,0.0,0.0,0.0,0.0,0.0,2.0,2.0,2.0,2.0,2.0,2.0,2.0,2.0
1166,Camburg,51.053971,11.710844,1149,1650,52.829,0.075,1,,,,,,,0.0,0.0,0.0,0.0,0.0,0.0,0.0,0.0,2.0,8.0,10.0,19.0,28.0,31.0,34.0,34.0,12.0,25.0,31.0,47.0,60.0,74.0,84.0,89.0,1.0,1.0,1.0,1.0,1.0,1.0,1.0,1.0,local,local,local,local,local,local,local,local,1.0,1.0,1.0,1.0,1.0,1.0,1.0,1.0,0.0,0.0,0.0,0.0,0.0,0.0,0.0,0.0,0.0,0.0,0.0,0.0,0.0,0.0,0.0,0.0,0.0,0.0,0.0,0.0,0.0,0.0,0.0,0.0,0.0,0.0,0.0,0.0,0.0,0.0,0.0,0.0,2.0,2.0,2.0,2.0,2.0,2.0,2.0,2.0
19818,Holstenbrücke,53.866251,10.68054,1143,1650,0.098,0.012,1,,,,,,,55.036,55.036,49.231,49.231,28.239,28.239,21.118,19.844,0.0,0.0,1.0,1.0,4.0,4.0,11.0,12.0,10.0,13.0,19.0,23.0,41.0,44.0,71.0,72.0,0.0,0.0,0.0,0.0,0.0,0.0,0.0,0.0,,,,,,,,,0.0,0.0,0.0,0.0,0.0,0.0,0.0,0.0,0.0,0.0,0.0,1.0,1.0,1.0,1.0,1.0,1.0,1.0,1.0,1.0,1.0,1.0,1.0,1.0,0.0,0.0,0.0,0.0,0.0,0.0,0.0,0.0,0.0,0.0,0.0,0.0,0.0,0.0,0.0,0.0,2.0,2.0,2.0,3.0,3.0,3.0,3.0,3.0
19820,Burgtorbrücke,53.874228,10.691355,1143,1650,1.056,0.282,1,,,,,,,54.845,54.845,48.187,48.187,27.179,27.179,22.066,18.96,0.0,0.0,1.0,1.0,4.0,4.0,11.0,12.0,10.0,13.0,19.0,23.0,41.0,44.0,71.0,72.0,0.0,0.0,0.0,0.0,0.0,0.0,0.0,0.0,,,,,,,,,0.0,0.0,0.0,0.0,0.0,0.0,0.0,0.0,0.0,0.0,0.0,1.0,1.0,1.0,1.0,1.0,1.0,1.0,1.0,1.0,1.0,1.0,1.0,1.0,0.0,0.0,0.0,0.0,0.0,0.0,0.0,0.0,0.0,0.0,0.0,0.0,0.0,0.0,0.0,0.0,2.0,2.0,2.0,3.0,3.0,3.0,3.0,3.0
4523,Löbau,51.095387,14.666052,1221,1650,46.644,0.235,1,,,,,,,161.897,161.897,135.902,95.329,83.77,83.77,83.77,83.77,0.0,0.0,0.0,0.0,0.0,0.0,0.0,0.0,0.0,0.0,0.0,1.0,1.0,1.0,1.0,1.0,0.0,0.0,0.0,0.0,0.0,0.0,0.0,0.0,,,,,,,,,0.0,0.0,0.0,0.0,0.0,0.0,0.0,0.0,0.0,0.0,0.0,0.0,0.0,0.0,0.0,0.0,0.0,0.0,0.0,0.0,0.0,0.0,0.0,0.0,0.0,0.0,0.0,0.0,0.0,0.0,0.0,0.0,0.0,0.0,0.0,0.0,0.0,0.0,0.0,0.0,2.0,2.0,2.0,2.0,2.0,2.0,2.0,2.0
10271,,53.868921,10.680143,1143,1650,0.202,0.206,1,,,,,,,55.201,55.201,48.953,48.953,27.965,27.965,21.183,19.802,0.0,0.0,1.0,1.0,4.0,4.0,11.0,12.0,10.0,13.0,19.0,23.0,41.0,44.0,71.0,72.0,0.0,0.0,0.0,0.0,0.0,0.0,0.0,0.0,,,,,,,,,0.0,0.0,0.0,0.0,0.0,0.0,0.0,0.0,0.0,0.0,0.0,1.0,1.0,1.0,1.0,1.0,0.0,0.0,0.0,0.0,0.0,0.0,0.0,0.0,0.0,0.0,0.0,0.0,0.0,0.0,0.0,0.0,1.0,1.0,1.0,1.0,1.0,1.0,1.0,1.0,2.0,2.0,2.0,3.0,3.0,3.0,3.0,3.0
6878,Schleiz,50.577977,11.811043,1297,1650,86.963,0.132,1,,,,,,,53.394,53.394,41.98,20.045,20.045,0.0,0.0,0.0,0.0,0.0,1.0,6.0,7.0,12.0,13.0,13.0,9.0,19.0,27.0,38.0,50.0,61.0,65.0,68.0,0.0,0.0,0.0,0.0,0.0,1.0,1.0,1.0,,,,,,local,local,local,0.0,0.0,0.0,0.0,0.0,0.0,0.0,0.0,0.0,0.0,0.0,0.0,0.0,0.0,0.0,0.0,0.0,0.0,0.0,0.0,0.0,0.0,0.0,0.0,0.0,0.0,0.0,0.0,0.0,0.0,0.0,0.0,0.0,0.0,0.0,0.0,0.0,0.0,0.0,0.0,2.0,2.0,2.0,2.0,2.0,2.0,2.0,2.0
6661,Saalfeld (Saale),50.64762,11.359971,1208,1650,99.802,0.273,1,,,,,,,51.462,43.474,35.078,17.055,17.055,17.055,17.055,17.055,0.0,1.0,2.0,7.0,11.0,15.0,17.0,17.0,12.0,27.0,33.0,47.0,61.0,75.0,84.0,90.0,0.0,0.0,0.0,0.0,0.0,0.0,0.0,0.0,,,,,,,,,1.0,1.0,1.0,1.0,1.0,1.0,1.0,1.0,0.0,0.0,0.0,0.0,0.0,0.0,0.0,0.0,0.0,0.0,0.0,0.0,0.0,0.0,0.0,0.0,0.0,0.0,0.0,0.0,0.0,0.0,0.0,0.0,0.0,0.0,0.0,0.0,0.0,0.0,0.0,0.0,2.0,2.0,2.0,2.0,2.0,2.0,2.0,2.0
18118,Turku,60.450667,22.275951,1300,1650,344.064,0.064,1,1000.0,1000.0,2000.0,3000.0,4000.0,4000.0,747.752,0.0,0.0,0.0,0.0,0.0,0.0,0.0,0.0,3.0,3.0,3.0,4.0,4.0,4.0,10.0,0.0,3.0,3.0,3.0,4.0,4.0,6.0,18.0,0.0,1.0,1.0,1.0,1.0,1.0,1.0,1.0,,regional,regional,regional,regional,regional,regional,regional,0.0,1.0,1.0,1.0,1.0,1.0,1.0,1.0,0.0,0.0,0.0,0.0,0.0,0.0,0.0,0.0,0.0,0.0,0.0,0.0,0.0,0.0,0.0,0.0,0.0,0.0,0.0,0.0,0.0,0.0,0.0,0.0,0.0,0.0,0.0,0.0,0.0,0.0,0.0,0.0,2.0,3.0,3.0,3.0,3.0,3.0,3.0,3.0
4850,Meiningen,50.567664,10.415375,1230,1650,59.864,0.221,1,2000.0,1000.0,2000.0,3000.0,5000.0,4000.0,0.0,0.0,0.0,0.0,0.0,0.0,0.0,0.0,8.0,14.0,18.0,18.0,23.0,26.0,32.0,33.0,12.0,28.0,33.0,38.0,54.0,61.0,72.0,79.0,1.0,1.0,1.0,1.0,1.0,1.0,1.0,1.0,local,local,local,local,local,local,local,local,0.0,1.0,1.0,1.0,1.0,1.0,1.0,1.0,0.0,0.0,0.0,0.0,0.0,0.0,0.0,0.0,0.0,0.0,0.0,0.0,0.0,0.0,0.0,0.0,0.0,0.0,0.0,0.0,0.0,0.0,0.0,0.0,0.0,0.0,0.0,0.0,0.0,0.0,0.0,0.0,2.0,2.0,2.0,2.0,2.0,2.0,2.0,2.0
301,Arnstadt,50.833639,10.945638,1220,1650,70.397,0.127,1,,,,,,,46.614,17.064,17.064,17.064,17.064,17.064,17.064,17.064,8.0,16.0,18.0,23.0,30.0,34.0,36.0,37.0,14.0,33.0,39.0,51.0,70.0,84.0,97.0,104.0,0.0,0.0,0.0,0.0,0.0,0.0,0.0,0.0,,,,,,,,,0.0,0.0,0.0,0.0,0.0,0.0,0.0,0.0,0.0,0.0,0.0,0.0,0.0,0.0,0.0,0.0,0.0,0.0,0.0,0.0,0.0,0.0,0.0,0.0,0.0,0.0,0.0,0.0,0.0,0.0,0.0,0.0,0.0,0.0,0.0,0.0,0.0,0.0,0.0,0.0,2.0,2.0,2.0,2.0,2.0,2.0,2.0,2.0
4329,Leiden,52.158439,4.490032,1266,1650,0.482,0.049,1,3000.0,6000.0,14000.0,13000.0,44000.0,67000.0,43.565,0.0,0.0,0.0,0.0,0.0,0.0,0.0,4.0,11.0,12.0,12.0,13.0,15.0,15.0,14.0,15.0,26.0,31.0,40.0,46.0,49.0,49.0,48.0,0.0,1.0,1.0,1.0,1.0,1.0,1.0,1.0,,regional,regional,regional,regional,regional,regional,regional,0.0,0.0,0.0,0.0,0.0,0.0,0.0,0.0,0.0,0.0,0.0,0.0,0.0,0.0,0.0,0.0,0.0,0.0,0.0,0.0,0.0,0.0,0.0,0.0,0.0,0.0,0.0,0.0,0.0,0.0,0.0,0.0,0.0,0.0,0.0,0.0,0.0,0.0,0.0,0.0,2.0,3.0,3.0,3.0,3.0,3.0,3.0,3.0
12438,Stadtilm,50.775269,11.081353,1280,1650,81.933,3.142,1,,,,,,,52.302,22.828,22.828,22.828,22.828,22.828,22.828,22.828,0.0,6.0,7.0,12.0,19.0,23.0,25.0,25.0,14.0,33.0,39.0,53.0,72.0,86.0,99.0,107.0,0.0,0.0,0.0,0.0,0.0,0.0,0.0,0.0,,,,,,,,,0.0,0.0,0.0,0.0,0.0,0.0,0.0,0.0,0.0,0.0,0.0,0.0,0.0,0.0,0.0,0.0,0.0,0.0,0.0,0.0,0.0,0.0,0.0,0.0,0.0,0.0,0.0,0.0,0.0,0.0,0.0,0.0,0.0,0.0,0.0,0.0,0.0,0.0,0.0,0.0,1.0,2.0,2.0,2.0,2.0,2.0,2.0,2.0
4705,Magdeburg,52.131591,11.638959,1188,1650,2.984,0.074,1,15000.0,10000.0,18000.0,21000.0,25000.0,16000.0,0.0,0.0,0.0,0.0,0.0,0.0,0.0,0.0,3.0,6.0,9.0,9.0,16.0,23.0,30.0,37.0,9.0,17.0,29.0,44.0,60.0,71.0,98.0,111.0,1.0,1.0,1.0,1.0,1.0,1.0,1.0,1.0,regional,regional,regional,regional,regional,regional,regional,regional,1.0,1.0,1.0,1.0,1.0,1.0,1.0,1.0,0.0,1.0,1.0,1.0,1.0,1.0,1.0,1.0,0.0,0.0,0.0,0.0,0.0,0.0,0.0,0.0,0.0,0.0,0.0,0.0,0.0,0.0,0.0,0.0,0.0,0.0,0.0,0.0,0.0,0.0,0.0,0.0,3.0,3.0,3.0,3.0,3.0,3.0,3.0,3.0
19946,,50.644236,5.800749,1270,1650,11.508,0.357,1,,,,,,,24.29,24.29,24.29,24.29,24.29,20.093,20.093,20.093,3.0,5.0,5.0,5.0,5.0,6.0,6.0,6.0,9.0,14.0,19.0,25.0,28.0,29.0,29.0,29.0,0.0,0.0,0.0,0.0,0.0,0.0,0.0,0.0,,,,,,,,,0.0,0.0,0.0,0.0,0.0,0.0,0.0,0.0,0.0,0.0,0.0,0.0,0.0,0.0,0.0,0.0,0.0,0.0,0.0,0.0,0.0,0.0,0.0,0.0,0.0,0.0,0.0,0.0,0.0,0.0,0.0,0.0,0.0,0.0,0.0,0.0,0.0,0.0,0.0,0.0,2.0,2.0,2.0,2.0,2.0,2.0,2.0,2.0
5092,Mühlhausen/Thüringen,51.207306,10.459939,1135,1650,24.464,0.157,1,,,,,,,27.668,0.0,0.0,0.0,0.0,0.0,0.0,0.0,7.0,18.0,18.0,18.0,24.0,27.0,29.0,37.0,19.0,48.0,64.0,83.0,105.0,116.0,135.0,149.0,0.0,1.0,1.0,1.0,1.0,1.0,1.0,1.0,,regional,regional,regional,regional,regional,regional,regional,1.0,1.0,1.0,1.0,1.0,1.0,1.0,1.0,0.0,0.0,0.0,0.0,0.0,0.0,1.0,1.0,0.0,0.0,0.0,0.0,0.0,0.0,0.0,0.0,0.0,0.0,0.0,0.0,0.0,0.0,0.0,0.0,0.0,0.0,0.0,0.0,0.0,0.0,0.0,0.0,2.0,3.0,3.0,3.0,3.0,3.0,3.0,3.0
20374,,60.451358,22.272763,1300,1650,344.255,0.031,1,,,,,,,747.681,0.191,0.191,0.191,0.191,0.191,0.191,0.191,0.0,3.0,3.0,3.0,4.0,4.0,4.0,10.0,0.0,3.0,3.0,3.0,4.0,4.0,6.0,18.0,0.0,0.0,0.0,0.0,0.0,0.0,0.0,0.0,,,,,,,,,0.0,0.0,0.0,0.0,0.0,0.0,0.0,0.0,0.0,0.0,0.0,0.0,0.0,0.0,0.0,0.0,0.0,0.0,0.0,0.0,0.0,0.0,0.0,0.0,0.0,0.0,0.0,0.0,0.0,0.0,0.0,0.0,0.0,0.0,0.0,0.0,0.0,0.0,0.0,0.0,2.0,2.0,2.0,2.0,2.0,2.0,2.0,2.0
3018,Herzogenrath,50.867704,6.091756,1282,1650,27.081,0.183,1,,,,,,,28.22,24.839,24.839,24.839,24.839,15.2,15.2,15.2,5.0,8.0,11.0,13.0,14.0,15.0,15.0,15.0,16.0,24.0,30.0,39.0,43.0,44.0,45.0,45.0,0.0,0.0,0.0,0.0,0.0,0.0,0.0,0.0,,,,,,,,,1.0,1.0,1.0,1.0,1.0,1.0,1.0,1.0,0.0,0.0,0.0,0.0,0.0,0.0,0.0,0.0,0.0,0.0,0.0,0.0,0.0,0.0,0.0,0.0,0.0,0.0,0.0,0.0,0.0,0.0,0.0,0.0,0.0,0.0,0.0,0.0,0.0,0.0,0.0,0.0,2.0,2.0,2.0,2.0,2.0,2.0,2.0,2.0
19987,Wagenstedter Brücke,51.213554,10.466558,1135,1650,24.995,0.258,1,,,,,,,28.481,0.834,0.834,0.834,0.834,0.834,0.834,0.834,7.0,18.0,18.0,18.0,24.0,27.0,29.0,37.0,20.0,49.0,65.0,84.0,106.0,117.0,136.0,150.0,0.0,0.0,0.0,0.0,0.0,0.0,0.0,0.0,,,,,,,,,0.0,0.0,0.0,0.0,0.0,0.0,0.0,0.0,0.0,0.0,0.0,0.0,0.0,0.0,1.0,1.0,1.0,1.0,1.0,1.0,1.0,1.0,1.0,1.0,0.0,0.0,0.0,0.0,0.0,0.0,0.0,0.0,0.0,0.0,0.0,0.0,0.0,0.0,0.0,0.0,2.0,2.0,2.0,2.0,2.0,2.0,3.0,3.0
13289,,50.849412,5.69456,1204,1650,3.387,0.048,1,,,,,,,0.348,0.348,0.348,0.348,0.348,0.348,0.348,0.348,4.0,6.0,9.0,9.0,9.0,10.0,10.0,10.0,10.0,20.0,25.0,33.0,36.0,37.0,37.0,37.0,0.0,0.0,0.0,0.0,0.0,0.0,0.0,0.0,,,,,,,,,0.0,0.0,0.0,0.0,0.0,0.0,0.0,0.0,0.0,0.0,0.0,0.0,1.0,1.0,1.0,1.0,0.0,0.0,0.0,0.0,0.0,0.0,0.0,0.0,0.0,0.0,0.0,0.0,0.0,0.0,0.0,0.0,1.0,1.0,1.0,1.0,1.0,1.0,1.0,1.0,2.0,2.0,2.0,2.0,3.0,3.0,3.0,3.0
5421,Nieuwstadt,51.036805,5.860058,1242,1650,6.448,1.053,1,,,,,,,19.717,0.0,0.0,0.0,0.0,0.0,0.0,0.0,6.0,11.0,14.0,16.0,17.0,18.0,18.0,18.0,21.0,31.0,37.0,52.0,61.0,62.0,63.0,63.0,0.0,1.0,1.0,1.0,1.0,1.0,1.0,1.0,,regional,regional,regional,regional,regional,regional,regional,0.0,0.0,0.0,0.0,0.0,0.0,0.0,0.0,0.0,0.0,0.0,0.0,0.0,0.0,0.0,0.0,0.0,0.0,0.0,0.0,0.0,0.0,0.0,0.0,0.0,0.0,0.0,0.0,0.0,0.0,0.0,0.0,0.0,0.0,0.0,0.0,0.0,0.0,0.0,0.0,2.0,3.0,3.0,3.0,3.0,3.0,3.0,3.0
12103,Sint Servaasbrug,50.849413,5.695923,1204,1650,3.384,0.048,1,,,,,,,0.429,0.429,0.429,0.429,0.429,0.429,0.429,0.429,4.0,6.0,9.0,9.0,9.0,10.0,10.0,10.0,10.0,20.0,25.0,33.0,36.0,37.0,37.0,37.0,0.0,0.0,0.0,0.0,0.0,0.0,0.0,0.0,,,,,,,,,0.0,0.0,0.0,0.0,0.0,0.0,0.0,0.0,0.0,0.0,0.0,0.0,1.0,1.0,1.0,1.0,1.0,1.0,1.0,1.0,1.0,1.0,1.0,1.0,0.0,0.0,0.0,0.0,0.0,0.0,0.0,0.0,0.0,0.0,0.0,0.0,0.0,0.0,0.0,0.0,2.0,2.0,2.0,2.0,3.0,3.0,3.0,3.0
14045,Nieuw-Mude,51.31569,3.379631,1242,1650,0.122,0.536,0,,,,,,,6.751,6.751,6.751,16.067,16.067,16.067,16.067,16.067,2.0,6.0,7.0,6.0,8.0,8.0,8.0,8.0,2.0,8.0,9.0,8.0,10.0,10.0,10.0,10.0,0.0,0.0,0.0,0.0,0.0,0.0,0.0,0.0,,,,,,,,,0.0,0.0,0.0,0.0,0.0,0.0,0.0,0.0,0.0,0.0,0.0,0.0,0.0,0.0,0.0,0.0,0.0,0.0,0.0,0.0,0.0,0.0,0.0,0.0,0.0,0.0,0.0,0.0,0.0,0.0,0.0,0.0,1.0,1.0,1.0,0.0,0.0,0.0,0.0,0.0,2.0,2.0,2.0,2.0,2.0,2.0,2.0,2.0
4698,Maastricht,50.85125,5.690547,1204,1650,3.21,0.174,1,10000.0,7000.0,10000.0,14000.0,18000.0,18000.0,0.0,0.0,0.0,0.0,0.0,0.0,0.0,0.0,4.0,6.0,9.0,9.0,9.0,10.0,10.0,10.0,10.0,20.0,25.0,33.0,36.0,37.0,37.0,37.0,1.0,1.0,1.0,1.0,1.0,1.0,1.0,1.0,regional,regional,regional,regional,regional,regional,regional,regional,1.0,1.0,1.0,1.0,1.0,1.0,1.0,1.0,0.0,0.0,0.0,0.0,1.0,1.0,1.0,1.0,0.0,0.0,0.0,0.0,0.0,0.0,0.0,0.0,0.0,0.0,0.0,0.0,0.0,0.0,0.0,0.0,0.0,0.0,0.0,0.0,0.0,0.0,0.0,0.0,3.0,3.0,3.0,3.0,3.0,3.0,3.0,3.0
19204,,50.773043,3.876532,1067,1650,24.124,0.073,1,,,,,,,63.157,55.716,55.716,55.716,54.781,54.781,54.781,54.781,0.0,0.0,0.0,0.0,0.0,0.0,0.0,0.0,2.0,8.0,9.0,8.0,10.0,10.0,10.0,10.0,0.0,0.0,0.0,0.0,0.0,0.0,0.0,0.0,,,,,,,,,0.0,0.0,0.0,0.0,0.0,0.0,0.0,0.0,0.0,0.0,0.0,0.0,0.0,0.0,0.0,0.0,0.0,0.0,0.0,0.0,0.0,0.0,0.0,0.0,0.0,0.0,0.0,0.0,0.0,0.0,0.0,0.0,0.0,0.0,0.0,0.0,0.0,0.0,0.0,0.0,2.0,2.0,2.0,2.0,2.0,2.0,2.0,2.0
19483,,52.159666,4.488114,1266,1650,0.563,0.04,1,,,,,,,43.717,0.189,0.189,0.189,0.189,0.189,0.189,0.189,4.0,11.0,12.0,12.0,13.0,15.0,15.0,14.0,15.0,26.0,31.0,40.0,46.0,49.0,49.0,48.0,0.0,0.0,0.0,0.0,0.0,0.0,0.0,0.0,,,,,,,,,0.0,0.0,0.0,0.0,0.0,0.0,0.0,0.0,0.0,0.0,0.0,0.0,0.0,0.0,0.0,0.0,0.0,0.0,0.0,0.0,0.0,0.0,0.0,0.0,0.0,0.0,0.0,0.0,0.0,0.0,0.0,0.0,0.0,0.0,0.0,0.0,0.0,0.0,0.0,0.0,2.0,2.0,2.0,2.0,2.0,2.0,2.0,2.0
11077,Montfort,51.125529,5.94744,1277,1650,4.514,0.218,1,,,,,,,8.237,8.237,5.115,5.115,5.115,5.115,5.115,5.115,6.0,12.0,17.0,22.0,23.0,24.0,24.0,24.0,30.0,41.0,49.0,64.0,74.0,75.0,76.0,76.0,0.0,0.0,0.0,0.0,0.0,0.0,0.0,0.0,,,,,,,,,0.0,0.0,0.0,0.0,0.0,0.0,0.0,0.0,0.0,0.0,0.0,0.0,0.0,0.0,0.0,0.0,0.0,0.0,0.0,0.0,0.0,0.0,0.0,0.0,0.0,0.0,0.0,0.0,0.0,0.0,0.0,0.0,0.0,0.0,0.0,0.0,0.0,0.0,0.0,0.0,2.0,2.0,2.0,2.0,2.0,2.0,2.0,2.0
15430,,55.05819,10.614482,1225,1650,97.216,0.129,1,,,,,,,82.777,24.089,24.089,24.089,24.089,24.089,24.089,24.089,0.0,2.0,3.0,4.0,4.0,7.0,11.0,17.0,1.0,5.0,8.0,16.0,22.0,23.0,33.0,40.0,0.0,0.0,0.0,0.0,0.0,0.0,0.0,0.0,,,,,,,,,0.0,0.0,0.0,0.0,0.0,0.0,0.0,0.0,0.0,0.0,0.0,0.0,0.0,0.0,0.0,0.0,0.0,0.0,0.0,0.0,0.0,0.0,0.0,0.0,1.0,1.0,1.0,1.0,1.0,1.0,1.0,1.0,1.0,1.0,1.0,1.0,1.0,1.0,1.0,1.0,2.0,2.0,2.0,2.0,2.0,2.0,2.0,2.0
12453,,52.159469,4.490515,1266,1650,0.408,0.03,1,,,,,,,43.552,0.119,0.119,0.119,0.119,0.119,0.119,0.119,4.0,11.0,12.0,12.0,13.0,15.0,15.0,14.0,15.0,26.0,31.0,40.0,46.0,49.0,49.0,48.0,0.0,0.0,0.0,0.0,0.0,0.0,0.0,0.0,,,,,,,,,0.0,0.0,0.0,0.0,0.0,0.0,0.0,0.0,0.0,0.0,0.0,0.0,0.0,0.0,0.0,0.0,0.0,0.0,0.0,0.0,0.0,0.0,0.0,0.0,0.0,0.0,0.0,0.0,0.0,0.0,0.0,0.0,1.0,1.0,1.0,1.0,1.0,1.0,1.0,1.0,2.0,2.0,2.0,2.0,2.0,2.0,2.0,2.0
19513,,53.474555,12.43361,1235,1650,53.044,0.102,1,,,,,,,69.446,69.446,69.446,69.446,69.446,50.823,39.094,39.094,0.0,0.0,0.0,0.0,0.0,0.0,2.0,2.0,4.0,6.0,9.0,9.0,9.0,12.0,22.0,23.0,0.0,0.0,0.0,0.0,0.0,0.0,0.0,0.0,,,,,,,,,0.0,0.0,0.0,0.0,0.0,0.0,0.0,0.0,0.0,0.0,0.0,0.0,0.0,0.0,0.0,0.0,1.0,1.0,1.0,1.0,1.0,1.0,1.0,0.0,0.0,0.0,0.0,0.0,0.0,0.0,0.0,1.0,0.0,0.0,0.0,0.0,0.0,0.0,0.0,0.0,2.0,2.0,2.0,2.0,2.0,2.0,2.0,2.0
10141,,50.830529,10.023512,1186,1650,21.07,0.053,1,,,,,,,26.226,25.17,25.17,25.17,25.17,25.17,24.606,15.745,8.0,13.0,14.0,14.0,14.0,16.0,21.0,26.0,16.0,41.0,57.0,60.0,73.0,79.0,90.0,99.0,0.0,0.0,0.0,0.0,0.0,0.0,0.0,0.0,,,,,,,,,0.0,0.0,0.0,0.0,0.0,0.0,0.0,0.0,0.0,0.0,0.0,0.0,0.0,0.0,0.0,0.0,1.0,1.0,1.0,1.0,1.0,1.0,1.0,1.0,0.0,0.0,0.0,0.0,0.0,0.0,0.0,0.0,0.0,0.0,0.0,0.0,0.0,0.0,0.0,0.0,2.0,2.0,2.0,2.0,2.0,2.0,2.0,2.0
19516,,55.566313,10.083766,1270,1650,129.628,0.163,1,,,,,,,66.159,26.956,26.956,26.956,26.956,26.956,26.956,26.956,0.0,2.0,2.0,3.0,3.0,3.0,5.0,7.0,2.0,8.0,9.0,11.0,14.0,15.0,19.0,27.0,0.0,0.0,0.0,0.0,0.0,0.0,0.0,0.0,,,,,,,,,0.0,0.0,0.0,0.0,0.0,0.0,0.0,0.0,0.0,0.0,0.0,0.0,0.0,0.0,0.0,0.0,0.0,0.0,0.0,0.0,0.0,0.0,0.0,0.0,0.0,0.0,0.0,0.0,0.0,0.0,0.0,0.0,1.0,1.0,1.0,1.0,1.0,1.0,1.0,1.0,2.0,2.0,2.0,2.0,2.0,2.0,2.0,2.0
19387,,55.705772,9.532415,1200,1650,136.361,0.112,1,,,,,,,64.146,24.249,24.249,24.249,24.249,24.249,24.249,24.249,0.0,1.0,1.0,2.0,2.0,2.0,2.0,3.0,3.0,10.0,12.0,18.0,21.0,21.0,23.0,29.0,0.0,0.0,0.0,0.0,0.0,0.0,0.0,0.0,,,,,,,,,0.0,0.0,0.0,0.0,0.0,0.0,0.0,0.0,0.0,0.0,0.0,0.0,0.0,0.0,0.0,0.0,0.0,0.0,1.0,1.0,1.0,1.0,1.0,1.0,0.0,0.0,0.0,0.0,0.0,0.0,0.0,0.0,0.0,1.0,1.0,1.0,1.0,1.0,1.0,1.0,2.0,2.0,2.0,2.0,2.0,2.0,2.0,2.0
19534,,52.372653,4.894141,1300,1650,0.406,0.012,1,,,,,,,34.775,0.116,0.116,0.116,0.116,0.116,0.116,0.116,5.0,10.0,11.0,12.0,13.0,16.0,16.0,15.0,23.0,40.0,54.0,66.0,80.0,84.0,85.0,81.0,0.0,0.0,0.0,0.0,0.0,0.0,0.0,0.0,,,,,,,,,0.0,0.0,0.0,0.0,0.0,0.0,0.0,0.0,0.0,1.0,1.0,1.0,1.0,1.0,1.0,1.0,0.0,0.0,0.0,0.0,0.0,0.0,0.0,0.0,0.0,0.0,0.0,0.0,0.0,0.0,0.0,0.0,0.0,0.0,0.0,0.0,0.0,0.0,0.0,0.0,2.0,3.0,3.0,3.0,3.0,3.0,3.0,3.0
19401,,54.829373,11.134204,1240,1650,102.333,0.073,1,,,,,,,53.446,53.446,53.446,53.446,53.446,0.145,0.145,0.145,0.0,0.0,0.0,0.0,0.0,2.0,3.0,4.0,1.0,4.0,7.0,14.0,21.0,22.0,33.0,39.0,0.0,0.0,0.0,0.0,0.0,0.0,0.0,0.0,,,,,,,,,0.0,0.0,0.0,0.0,0.0,0.0,0.0,0.0,0.0,0.0,0.0,0.0,0.0,0.0,0.0,0.0,0.0,0.0,0.0,0.0,0.0,0.0,0.0,0.0,0.0,0.0,0.0,0.0,0.0,0.0,0.0,0.0,1.0,1.0,1.0,1.0,1.0,1.0,1.0,1.0,2.0,2.0,2.0,2.0,2.0,2.0,2.0,2.0
12785,,51.886291,5.440623,1191,1650,5.32,0.135,1,,,,,,,15.513,15.513,7.835,0.271,0.271,0.271,0.271,0.271,17.0,18.0,19.0,26.0,33.0,34.0,34.0,33.0,31.0,55.0,71.0,86.0,97.0,101.0,103.0,99.0,0.0,0.0,0.0,0.0,0.0,0.0,0.0,0.0,,,,,,,,,1.0,1.0,1.0,1.0,1.0,1.0,1.0,1.0,0.0,0.0,0.0,0.0,0.0,0.0,0.0,0.0,0.0,0.0,0.0,0.0,0.0,0.0,0.0,0.0,0.0,0.0,0.0,0.0,0.0,0.0,0.0,0.0,1.0,1.0,1.0,1.0,1.0,1.0,1.0,1.0,2.0,2.0,2.0,2.0,2.0,2.0,2.0,2.0
19411,,56.359949,8.617406,1250,1650,78.259,0.1,1,,,,,,,0.2,0.2,0.2,0.2,0.2,0.2,0.2,0.2,1.0,5.0,6.0,10.0,10.0,7.0,10.0,10.0,1.0,8.0,9.0,13.0,15.0,15.0,17.0,20.0,0.0,0.0,0.0,0.0,0.0,0.0,0.0,0.0,,,,,,,,,0.0,0.0,0.0,0.0,0.0,0.0,0.0,0.0,0.0,0.0,0.0,0.0,0.0,0.0,0.0,0.0,0.0,0.0,0.0,0.0,0.0,0.0,0.0,0.0,0.0,0.0,0.0,0.0,0.0,0.0,0.0,0.0,0.0,0.0,0.0,0.0,0.0,0.0,0.0,0.0,2.0,2.0,2.0,2.0,2.0,2.0,2.0,2.0
19421,,56.457063,10.039122,1200,1650,74.993,0.033,1,,,,,,,34.972,0.433,0.433,0.433,0.433,0.433,0.433,0.433,1.0,4.0,5.0,6.0,8.0,8.0,10.0,13.0,2.0,6.0,8.0,11.0,14.0,17.0,16.0,20.0,0.0,0.0,0.0,0.0,0.0,0.0,0.0,0.0,,,,,,,,,0.0,0.0,0.0,0.0,0.0,0.0,0.0,0.0,0.0,0.0,0.0,0.0,0.0,0.0,0.0,0.0,0.0,0.0,0.0,0.0,0.0,0.0,0.0,0.0,0.0,0.0,0.0,0.0,0.0,0.0,0.0,0.0,1.0,1.0,1.0,1.0,1.0,1.0,1.0,1.0,2.0,2.0,2.0,2.0,2.0,2.0,2.0,2.0
19546,,52.375792,4.896372,1300,1650,0.051,0.026,1,,,,,,,35.022,0.397,0.397,0.397,0.397,0.397,0.397,0.397,5.0,10.0,11.0,12.0,13.0,16.0,16.0,15.0,23.0,40.0,54.0,66.0,80.0,84.0,85.0,81.0,0.0,0.0,0.0,0.0,0.0,0.0,0.0,0.0,,,,,,,,,0.0,0.0,0.0,0.0,0.0,0.0,0.0,0.0,0.0,1.0,1.0,1.0,1.0,1.0,1.0,1.0,0.0,0.0,0.0,0.0,0.0,0.0,0.0,0.0,0.0,0.0,0.0,0.0,0.0,0.0,0.0,0.0,0.0,0.0,0.0,0.0,0.0,0.0,0.0,0.0,2.0,3.0,3.0,3.0,3.0,3.0,3.0,3.0
15132,,56.034815,12.616306,1241,1650,221.449,0.079,1,,,,,,,26.992,26.992,26.992,26.992,26.992,0.158,0.158,0.158,1.0,2.0,2.0,2.0,2.0,3.0,1.0,1.0,2.0,7.0,9.0,11.0,11.0,13.0,13.0,14.0,0.0,0.0,0.0,0.0,0.0,0.0,0.0,0.0,,,,,,,,,0.0,0.0,0.0,1.0,1.0,1.0,1.0,1.0,0.0,0.0,0.0,0.0,0.0,0.0,0.0,0.0,0.0,0.0,0.0,0.0,0.0,0.0,0.0,0.0,1.0,1.0,1.0,1.0,1.0,1.0,1.0,1.0,1.0,1.0,1.0,1.0,1.0,1.0,1.0,1.0,2.0,2.0,2.0,2.0,2.0,2.0,2.0,2.0
19560,,55.226413,11.75757,1140,1650,137.125,0.237,1,,,,,,,26.145,26.145,26.145,24.474,24.474,24.474,24.474,24.474,1.0,2.0,3.0,7.0,7.0,8.0,12.0,12.0,3.0,9.0,13.0,18.0,18.0,22.0,27.0,35.0,0.0,0.0,0.0,0.0,0.0,0.0,0.0,0.0,,,,,,,,,0.0,0.0,0.0,0.0,0.0,0.0,0.0,0.0,0.0,0.0,0.0,0.0,0.0,0.0,0.0,0.0,0.0,0.0,0.0,0.0,0.0,0.0,0.0,0.0,0.0,0.0,0.0,0.0,0.0,0.0,0.0,0.0,1.0,1.0,1.0,1.0,1.0,1.0,1.0,1.0,2.0,2.0,2.0,2.0,2.0,2.0,2.0,2.0
19442,,56.155404,10.2115,1300,1650,108.402,0.048,1,,,,,,,0.224,0.224,0.224,0.224,0.224,0.224,0.224,0.224,1.0,3.0,3.0,3.0,5.0,5.0,5.0,5.0,1.0,8.0,9.0,11.0,12.0,13.0,17.0,25.0,0.0,0.0,0.0,0.0,0.0,0.0,0.0,0.0,,,,,,,,,0.0,0.0,0.0,0.0,0.0,0.0,0.0,0.0,0.0,0.0,0.0,0.0,0.0,0.0,0.0,0.0,0.0,0.0,0.0,0.0,0.0,0.0,0.0,0.0,0.0,0.0,0.0,0.0,0.0,0.0,0.0,0.0,0.0,0.0,0.0,0.0,0.0,0.0,0.0,0.0,2.0,2.0,2.0,2.0,2.0,2.0,2.0,2.0
15134,,55.67783057398162,12.57997820114322,1100,1650,183.767,0.064,1,,,,,,,33.392,11.048,11.048,11.048,11.048,11.048,31.605,31.605,2.0,5.0,7.0,7.0,7.0,8.0,6.0,6.0,4.0,10.0,13.0,17.0,17.0,20.0,21.0,25.0,0.0,0.0,0.0,0.0,0.0,0.0,0.0,0.0,,,,,,,,,0.0,0.0,0.0,0.0,0.0,0.0,0.0,0.0,0.0,0.0,0.0,0.0,0.0,0.0,0.0,0.0,0.0,0.0,0.0,0.0,0.0,0.0,0.0,0.0,1.0,1.0,1.0,1.0,1.0,1.0,1.0,1.0,1.0,1.0,1.0,1.0,1.0,1.0,1.0,1.0,2.0,2.0,2.0,2.0,2.0,2.0,2.0,2.0
19567,,55.454805,12.190012,1250,1650,160.452,0.251,1,,,,,,,41.8,34.189,21.829,21.829,21.829,21.829,21.829,21.829,1.0,3.0,5.0,7.0,7.0,7.0,8.0,9.0,3.0,9.0,12.0,17.0,17.0,22.0,24.0,31.0,0.0,0.0,0.0,0.0,0.0,0.0,0.0,0.0,,,,,,,,,0.0,0.0,0.0,0.0,0.0,0.0,0.0,0.0,0.0,0.0,0.0,0.0,0.0,0.0,0.0,0.0,0.0,0.0,0.0,0.0,0.0,0.0,0.0,0.0,0.0,0.0,0.0,0.0,0.0,0.0,0.0,0.0,1.0,1.0,1.0,1.0,1.0,1.0,1.0,1.0,2.0,2.0,2.0,2.0,2.0,2.0,2.0,2.0
19616,,53.740799,12.768597,1236,1650,29.994,0.156,1,,,,,,,56.293,56.293,56.293,56.293,56.293,34.736,25.432,25.432,0.0,0.0,0.0,0.0,0.0,1.0,3.0,3.0,3.0,3.0,5.0,5.0,5.0,8.0,15.0,16.0,0.0,0.0,0.0,0.0,0.0,0.0,0.0,0.0,,,,,,,,,0.0,0.0,0.0,0.0,0.0,0.0,0.0,0.0,0.0,0.0,0.0,0.0,0.0,0.0,0.0,0.0,1.0,1.0,1.0,1.0,1.0,1.0,1.0,1.0,0.0,0.0,0.0,0.0,0.0,0.0,0.0,0.0,0.0,0.0,0.0,0.0,0.0,0.0,0.0,0.0,2.0,2.0,2.0,2.0,2.0,2.0,2.0,2.0
19619,,55.373493,13.149605,1250,1650,143.017,0.075,1,,,,,,,19.61,19.61,19.61,19.61,19.61,19.61,36.747,36.747,2.0,5.0,5.0,5.0,5.0,5.0,2.0,2.0,4.0,9.0,12.0,16.0,16.0,17.0,16.0,16.0,0.0,0.0,0.0,0.0,0.0,0.0,0.0,0.0,,,,,,,,,0.0,0.0,0.0,0.0,0.0,0.0,0.0,0.0,0.0,0.0,0.0,0.0,0.0,0.0,0.0,0.0,0.0,0.0,0.0,0.0,0.0,0.0,0.0,0.0,0.0,0.0,0.0,0.0,0.0,0.0,0.0,0.0,0.0,1.0,1.0,1.0,1.0,1.0,1.0,1.0,2.0,2.0,2.0,2.0,2.0,2.0,2.0,2.0
15137,,56.153516,10.212589,1300,1650,108.615,0.064,1,,,,,,,0.441,0.441,0.441,0.441,0.441,0.441,0.441,0.441,1.0,3.0,3.0,3.0,5.0,5.0,5.0,5.0,1.0,8.0,9.0,11.0,12.0,13.0,17.0,25.0,0.0,0.0,0.0,0.0,0.0,0.0,0.0,0.0,,,,,,,,,0.0,0.0,0.0,0.0,0.0,0.0,0.0,0.0,0.0,0.0,0.0,0.0,0.0,0.0,0.0,0.0,0.0,0.0,0.0,0.0,0.0,0.0,0.0,0.0,1.0,1.0,1.0,1.0,1.0,1.0,1.0,1.0,1.0,1.0,1.0,1.0,1.0,1.0,1.0,1.0,2.0,2.0,2.0,2.0,2.0,2.0,2.0,2.0
4653,Lüneburg,53.24995,10.40887,1247,1650,10.035,0.064,1,8000.0,5000.0,12000.0,13000.0,14000.0,12000.0,0.0,0.0,0.0,0.0,0.0,0.0,0.0,0.0,6.0,6.0,7.0,10.0,14.0,14.0,20.0,20.0,11.0,14.0,27.0,35.0,49.0,54.0,79.0,81.0,1.0,1.0,1.0,1.0,1.0,1.0,1.0,1.0,regional,regional,regional,regional,regional,regional,regional,regional,0.0,0.0,0.0,0.0,0.0,0.0,0.0,0.0,0.0,0.0,1.0,1.0,1.0,1.0,1.0,1.0,0.0,0.0,0.0,0.0,0.0,0.0,0.0,0.0,0.0,0.0,0.0,0.0,0.0,0.0,0.0,0.0,0.0,0.0,0.0,0.0,0.0,0.0,0.0,0.0,3.0,3.0,3.0,3.0,3.0,3.0,3.0,3.0
12603,,51.308502,3.385044,1290,1650,0.156,0.04,1,,,,,,,5.933,5.933,5.933,15.75,15.75,15.75,15.75,15.75,2.0,6.0,7.0,6.0,8.0,8.0,8.0,8.0,2.0,8.0,9.0,8.0,10.0,10.0,10.0,10.0,0.0,0.0,0.0,0.0,0.0,0.0,0.0,0.0,,,,,,,,,0.0,0.0,0.0,0.0,0.0,0.0,0.0,0.0,0.0,0.0,0.0,0.0,1.0,1.0,1.0,1.0,0.0,0.0,0.0,0.0,0.0,0.0,0.0,0.0,0.0,0.0,0.0,0.0,0.0,0.0,0.0,0.0,1.0,1.0,1.0,1.0,1.0,1.0,1.0,1.0,2.0,2.0,2.0,2.0,3.0,3.0,3.0,3.0
12601,,51.210474,3.22483,1127,1650,0.086,0.097,1,,,,,,,0.194,0.194,0.194,0.194,0.194,0.194,0.194,0.194,2.0,5.0,6.0,4.0,6.0,6.0,6.0,6.0,2.0,8.0,9.0,8.0,10.0,10.0,10.0,10.0,0.0,0.0,0.0,0.0,0.0,0.0,0.0,0.0,,,,,,,,,0.0,0.0,0.0,0.0,0.0,0.0,0.0,0.0,1.0,1.0,1.0,1.0,1.0,0.0,0.0,0.0,0.0,0.0,0.0,0.0,0.0,0.0,0.0,0.0,0.0,0.0,0.0,0.0,0.0,0.0,0.0,0.0,1.0,1.0,1.0,1.0,1.0,1.0,1.0,1.0,3.0,3.0,3.0,3.0,3.0,2.0,2.0,2.0
12463,IJzendijke,51.322453,3.616143,1238,1404,13.212,2.43,0,,,,,,,12.808,4.86,4.86,,,,,,2.0,6.0,7.0,,,,,,5.0,15.0,16.0,,,,,,0.0,0.0,0.0,,,,,,,,,,,,,,0.0,0.0,0.0,,,,,,0.0,0.0,0.0,,,,,,0.0,0.0,0.0,,,,,,0.0,0.0,0.0,,,,,,0.0,1.0,1.0,,,,,,2.0,2.0,2.0,,,,,
12495,Kroppenstedt,51.941169,11.30794,1253,1650,29.816,2.765,1,,,,,,,0.0,0.0,0.0,0.0,0.0,0.0,0.0,0.0,4.0,7.0,8.0,15.0,16.0,21.0,31.0,36.0,14.0,35.0,44.0,63.0,81.0,93.0,119.0,137.0,1.0,1.0,1.0,1.0,1.0,1.0,1.0,1.0,local,local,local,local,local,local,local,local,0.0,0.0,0.0,0.0,0.0,0.0,0.0,0.0,0.0,0.0,0.0,0.0,0.0,0.0,0.0,0.0,0.0,0.0,0.0,0.0,0.0,0.0,0.0,0.0,0.0,0.0,0.0,0.0,0.0,0.0,0.0,0.0,0.0,0.0,0.0,0.0,0.0,0.0,0.0,0.0,2.0,2.0,2.0,2.0,2.0,2.0,2.0,2.0
12614,,50.927642,4.429155,1192,1650,2.854,0.222,1,,,,,,,78.478,32.712,32.712,32.712,32.712,32.712,32.712,32.712,0.0,3.0,3.0,3.0,3.0,3.0,3.0,3.0,8.0,16.0,17.0,16.0,18.0,18.0,18.0,18.0,0.0,0.0,0.0,0.0,0.0,0.0,0.0,0.0,,,,,,,,,0.0,0.0,0.0,0.0,0.0,0.0,0.0,0.0,0.0,0.0,0.0,0.0,0.0,0.0,0.0,0.0,0.0,0.0,0.0,0.0,0.0,0.0,0.0,0.0,0.0,0.0,0.0,0.0,0.0,0.0,0.0,0.0,0.0,0.0,0.0,0.0,0.0,0.0,0.0,0.0,2.0,2.0,2.0,2.0,2.0,2.0,2.0,2.0
12521,Wegeleben,51.884524,11.173433,1267,1650,39.581,0.407,1,,,,,,,8.412,8.412,8.412,8.412,8.412,8.412,8.412,0.0,6.0,9.0,10.0,17.0,19.0,24.0,31.0,36.0,15.0,40.0,56.0,76.0,97.0,109.0,137.0,154.0,0.0,0.0,0.0,0.0,0.0,0.0,0.0,1.0,,,,,,,,local,0.0,0.0,0.0,0.0,0.0,0.0,0.0,0.0,0.0,0.0,0.0,0.0,0.0,0.0,0.0,0.0,0.0,0.0,0.0,0.0,0.0,0.0,0.0,0.0,0.0,0.0,0.0,0.0,0.0,0.0,0.0,0.0,0.0,0.0,0.0,0.0,0.0,0.0,0.0,0.0,2.0,2.0,2.0,2.0,2.0,2.0,2.0,2.0
12616,,52.15627,4.493117,1266,1650,0.516,0.16,1,,,,,,,43.318,0.32,0.32,0.32,0.32,0.32,0.32,0.32,4.0,11.0,12.0,12.0,13.0,15.0,15.0,14.0,17.0,28.0,33.0,42.0,49.0,52.0,52.0,51.0,0.0,0.0,0.0,0.0,0.0,0.0,0.0,0.0,,,,,,,,,0.0,0.0,0.0,0.0,0.0,0.0,0.0,0.0,0.0,0.0,0.0,0.0,0.0,0.0,0.0,0.0,0.0,0.0,0.0,0.0,0.0,0.0,0.0,0.0,0.0,0.0,0.0,0.0,0.0,0.0,0.0,0.0,0.0,0.0,0.0,0.0,0.0,0.0,0.0,0.0,2.0,2.0,2.0,2.0,2.0,2.0,2.0,2.0
12751,,52.005685,4.360752,1246,1650,3.458,0.029,1,,,,,,,48.149,19.145,19.145,19.145,19.145,19.145,19.145,19.145,3.0,7.0,9.0,9.0,9.0,10.0,10.0,10.0,11.0,26.0,30.0,38.0,45.0,48.0,48.0,47.0,0.0,0.0,0.0,0.0,0.0,0.0,0.0,0.0,,,,,,,,,0.0,0.0,0.0,0.0,0.0,0.0,0.0,0.0,0.0,0.0,0.0,0.0,0.0,0.0,0.0,0.0,0.0,0.0,0.0,0.0,0.0,0.0,0.0,0.0,0.0,0.0,0.0,0.0,0.0,0.0,0.0,0.0,0.0,1.0,1.0,1.0,1.0,1.0,1.0,1.0,2.0,2.0,2.0,2.0,2.0,2.0,2.0,2.0
12752,,52.006176,4.361066,1246,1650,3.516,0.029,1,,,,,,,48.172,19.087,19.087,19.087,19.087,19.087,19.087,19.087,3.0,7.0,9.0,9.0,9.0,10.0,10.0,10.0,11.0,26.0,30.0,38.0,45.0,48.0,48.0,47.0,0.0,0.0,0.0,0.0,0.0,0.0,0.0,0.0,,,,,,,,,0.0,0.0,0.0,0.0,0.0,0.0,0.0,0.0,0.0,0.0,0.0,0.0,0.0,0.0,0.0,0.0,0.0,0.0,0.0,0.0,0.0,0.0,0.0,0.0,0.0,0.0,0.0,0.0,0.0,0.0,0.0,0.0,0.0,0.0,0.0,0.0,0.0,0.0,0.0,0.0,2.0,2.0,2.0,2.0,2.0,2.0,2.0,2.0
12755,,51.917649,4.39748,1275,1650,0.764,0.046,1,,,,,,,39.834,15.742,15.742,15.742,15.742,15.742,15.742,15.742,3.0,9.0,11.0,11.0,11.0,12.0,12.0,12.0,13.0,28.0,32.0,39.0,46.0,49.0,49.0,48.0,0.0,0.0,0.0,0.0,0.0,0.0,0.0,0.0,,,,,,,,,0.0,0.0,0.0,0.0,0.0,0.0,0.0,0.0,0.0,0.0,0.0,0.0,0.0,0.0,0.0,0.0,0.0,0.0,0.0,0.0,0.0,0.0,0.0,0.0,0.0,0.0,0.0,0.0,0.0,0.0,0.0,0.0,0.0,0.0,0.0,0.0,0.0,0.0,0.0,0.0,2.0,2.0,2.0,2.0,2.0,2.0,2.0,2.0
12756,,51.917794,4.395924,1275,1650,0.828,0.054,1,,,,,,,39.929,15.843,15.843,15.843,15.843,15.843,15.843,15.843,3.0,9.0,11.0,11.0,11.0,12.0,12.0,12.0,13.0,28.0,32.0,39.0,46.0,49.0,49.0,48.0,0.0,0.0,0.0,0.0,0.0,0.0,0.0,0.0,,,,,,,,,0.0,0.0,0.0,0.0,0.0,0.0,0.0,0.0,0.0,0.0,0.0,0.0,0.0,0.0,0.0,0.0,0.0,0.0,0.0,0.0,0.0,0.0,0.0,0.0,0.0,0.0,0.0,0.0,0.0,0.0,0.0,0.0,0.0,1.0,1.0,1.0,1.0,1.0,1.0,1.0,2.0,2.0,2.0,2.0,2.0,2.0,2.0,2.0
12757,,51.904982,4.408231,1275,1650,0.828,1.407,1,,,,,,,38.404,14.439,14.439,14.439,14.439,14.439,14.439,14.439,3.0,9.0,11.0,11.0,11.0,12.0,12.0,12.0,13.0,28.0,32.0,39.0,46.0,49.0,49.0,48.0,0.0,0.0,0.0,0.0,0.0,0.0,0.0,0.0,,,,,,,,,0.0,0.0,0.0,0.0,0.0,0.0,0.0,0.0,0.0,0.0,0.0,0.0,0.0,0.0,0.0,0.0,0.0,0.0,0.0,0.0,0.0,0.0,0.0,0.0,0.0,0.0,0.0,0.0,0.0,0.0,0.0,0.0,0.0,1.0,1.0,1.0,1.0,1.0,1.0,1.0,2.0,2.0,2.0,2.0,2.0,2.0,2.0,2.0
12824,,51.727349,10.25146,1239,1650,32.171,0.026,1,,,,,,,41.116,17.464,17.464,17.464,17.464,17.464,17.464,11.882,4.0,13.0,20.0,27.0,37.0,37.0,42.0,49.0,19.0,52.0,76.0,88.0,100.0,109.0,134.0,151.0,0.0,0.0,0.0,0.0,0.0,0.0,0.0,0.0,,,,,,,,,0.0,0.0,0.0,0.0,0.0,0.0,0.0,0.0,0.0,0.0,0.0,0.0,0.0,0.0,0.0,0.0,0.0,0.0,0.0,0.0,0.0,0.0,0.0,0.0,0.0,0.0,0.0,0.0,0.0,0.0,0.0,0.0,0.0,0.0,0.0,0.0,0.0,0.0,0.0,0.0,2.0,2.0,2.0,2.0,2.0,2.0,2.0,2.0
12833,Bodenwerder,51.977235,9.515587,1287,1650,3.849,0.103,1,,,,,,,21.243,17.854,17.854,17.854,17.854,17.854,17.347,17.347,9.0,25.0,33.0,35.0,39.0,40.0,49.0,52.0,15.0,36.0,62.0,71.0,85.0,87.0,115.0,125.0,0.0,0.0,0.0,0.0,0.0,0.0,0.0,0.0,,,,,,,,,0.0,0.0,0.0,0.0,0.0,0.0,0.0,0.0,0.0,0.0,0.0,0.0,0.0,0.0,0.0,0.0,0.0,0.0,0.0,0.0,0.0,0.0,0.0,0.0,0.0,0.0,0.0,0.0,0.0,0.0,0.0,0.0,0.0,0.0,0.0,0.0,0.0,0.0,0.0,0.0,2.0,2.0,2.0,2.0,2.0,2.0,2.0,2.0
12774,,51.495337,4.280294,1198,1650,11.325,0.166,1,,,,,,,46.065,30.41,30.41,27.018,27.018,27.018,27.018,27.018,3.0,13.0,13.0,13.0,15.0,15.0,15.0,15.0,11.0,23.0,27.0,31.0,36.0,38.0,38.0,37.0,0.0,0.0,0.0,0.0,0.0,0.0,0.0,0.0,,,,,,,,,0.0,0.0,0.0,0.0,1.0,1.0,1.0,1.0,0.0,0.0,0.0,0.0,0.0,0.0,0.0,0.0,0.0,0.0,0.0,0.0,0.0,0.0,0.0,0.0,0.0,1.0,1.0,1.0,1.0,1.0,1.0,1.0,0.0,1.0,1.0,1.0,1.0,1.0,1.0,1.0,2.0,2.0,2.0,2.0,2.0,2.0,2.0,2.0
12780,,51.819893,4.670869,1220,1650,0.294,0.226,1,,,,,,,18.499,5.955,5.955,5.955,5.955,5.955,5.955,5.955,9.0,15.0,18.0,19.0,22.0,24.0,24.0,23.0,17.0,32.0,36.0,44.0,53.0,56.0,56.0,55.0,0.0,0.0,0.0,0.0,0.0,0.0,0.0,0.0,,,,,,,,,0.0,0.0,0.0,0.0,0.0,0.0,0.0,0.0,1.0,1.0,1.0,1.0,1.0,1.0,1.0,1.0,0.0,0.0,0.0,0.0,0.0,0.0,0.0,0.0,0.0,0.0,0.0,0.0,0.0,0.0,0.0,0.0,0.0,0.0,0.0,0.0,0.0,0.0,0.0,0.0,3.0,3.0,3.0,3.0,3.0,3.0,3.0,3.0
12783,,51.818539,5.004217,1283,1650,1.127,0.037,1,,,,,,,16.436,16.436,16.436,16.436,16.436,16.436,16.436,16.436,10.0,15.0,17.0,22.0,25.0,27.0,27.0,26.0,23.0,46.0,55.0,71.0,84.0,88.0,88.0,87.0,0.0,0.0,0.0,0.0,0.0,0.0,0.0,0.0,,,,,,,,,0.0,0.0,1.0,0.0,0.0,0.0,0.0,0.0,0.0,0.0,0.0,0.0,0.0,0.0,0.0,0.0,0.0,0.0,0.0,0.0,0.0,0.0,0.0,0.0,0.0,0.0,0.0,1.0,1.0,1.0,1.0,1.0,0.0,1.0,1.0,1.0,1.0,1.0,1.0,1.0,2.0,2.0,2.0,2.0,2.0,2.0,2.0,2.0
12784,,51.814805,5.24686,1231,1650,3.861,0.072,1,,,,,,,0.144,0.144,0.144,0.144,0.144,0.144,0.144,0.144,16.0,21.0,23.0,30.0,37.0,39.0,39.0,38.0,27.0,53.0,67.0,83.0,94.0,98.0,99.0,95.0,0.0,0.0,0.0,0.0,0.0,0.0,0.0,0.0,,,,,,,,,1.0,1.0,1.0,1.0,1.0,1.0,1.0,1.0,0.0,0.0,0.0,0.0,0.0,1.0,1.0,1.0,0.0,0.0,0.0,0.0,0.0,0.0,0.0,0.0,0.0,1.0,1.0,1.0,1.0,1.0,1.0,1.0,0.0,1.0,1.0,1.0,1.0,1.0,1.0,1.0,2.0,2.0,2.0,2.0,2.0,3.0,3.0,3.0
12827,Lügde,51.957936,9.245853,1240,1650,14.09,2.92,1,,,,,,,22.466,17.968,17.968,17.968,17.968,17.968,17.968,17.968,10.0,22.0,24.0,26.0,35.0,35.0,45.0,48.0,18.0,39.0,66.0,73.0,86.0,90.0,115.0,121.0,0.0,0.0,0.0,0.0,0.0,0.0,0.0,0.0,,,,,,,,,0.0,0.0,0.0,0.0,0.0,0.0,0.0,0.0,0.0,0.0,0.0,0.0,0.0,0.0,0.0,0.0,0.0,0.0,0.0,0.0,0.0,0.0,0.0,0.0,0.0,0.0,0.0,0.0,0.0,0.0,0.0,0.0,0.0,0.0,0.0,0.0,0.0,0.0,0.0,0.0,2.0,2.0,2.0,2.0,2.0,2.0,2.0,2.0
12789,,51.690463,5.300092,1195,1650,2.954,0.051,1,,,,,,,14.162,14.162,14.162,14.162,14.162,14.162,14.162,14.162,13.0,15.0,16.0,23.0,29.0,30.0,30.0,29.0,27.0,53.0,64.0,82.0,94.0,98.0,98.0,97.0,0.0,0.0,0.0,0.0,0.0,0.0,0.0,0.0,,,,,,,,,0.0,0.0,0.0,0.0,0.0,0.0,0.0,0.0,0.0,0.0,0.0,0.0,0.0,0.0,1.0,1.0,0.0,0.0,0.0,0.0,0.0,0.0,0.0,0.0,0.0,0.0,0.0,0.0,0.0,0.0,0.0,0.0,0.0,1.0,1.0,1.0,1.0,1.0,1.0,1.0,2.0,2.0,2.0,2.0,2.0,2.0,3.0,3.0
12835,,52.590494,6.08806,1252,1650,1.919,0.043,1,,,,,,,8.705,8.705,8.705,8.705,8.705,8.705,8.705,8.705,5.0,11.0,26.0,30.0,33.0,36.0,37.0,34.0,30.0,49.0,65.0,87.0,104.0,115.0,116.0,112.0,0.0,0.0,0.0,0.0,0.0,0.0,0.0,0.0,,,,,,,,,0.0,0.0,0.0,0.0,0.0,0.0,0.0,0.0,0.0,0.0,0.0,0.0,0.0,0.0,0.0,0.0,0.0,0.0,0.0,0.0,0.0,0.0,0.0,0.0,0.0,1.0,1.0,1.0,1.0,1.0,1.0,1.0,0.0,1.0,1.0,1.0,1.0,1.0,1.0,1.0,2.0,2.0,2.0,2.0,2.0,2.0,2.0,2.0
13230,,51.439314,5.477498,1232,1650,33.453,0.032,1,,,,,,,44.515,42.908,42.908,40.009,40.009,40.009,40.009,40.009,4.0,7.0,10.0,16.0,20.0,20.0,20.0,20.0,29.0,46.0,53.0,70.0,84.0,88.0,88.0,87.0,0.0,0.0,0.0,0.0,0.0,0.0,0.0,0.0,,,,,,,,,0.0,0.0,0.0,0.0,0.0,0.0,0.0,0.0,0.0,0.0,0.0,0.0,0.0,0.0,0.0,0.0,0.0,0.0,0.0,0.0,0.0,0.0,0.0,0.0,0.0,0.0,0.0,0.0,0.0,0.0,0.0,0.0,0.0,0.0,0.0,0.0,0.0,0.0,0.0,0.0,2.0,2.0,2.0,2.0,2.0,2.0,2.0,2.0
12795,,51.735053,5.137616,1286,1650,1.238,0.059,1,,,,,,,11.57,11.57,11.57,11.57,11.57,11.57,11.57,11.57,10.0,15.0,17.0,24.0,29.0,31.0,31.0,30.0,23.0,48.0,57.0,73.0,86.0,90.0,90.0,89.0,0.0,0.0,0.0,0.0,0.0,0.0,0.0,0.0,,,,,,,,,1.0,1.0,1.0,1.0,1.0,1.0,1.0,1.0,0.0,0.0,1.0,1.0,0.0,0.0,0.0,0.0,0.0,0.0,0.0,0.0,0.0,0.0,0.0,0.0,0.0,1.0,1.0,1.0,1.0,1.0,1.0,1.0,0.0,1.0,1.0,1.0,1.0,1.0,1.0,1.0,2.0,2.0,3.0,3.0,2.0,2.0,2.0,2.0
12800,,51.589834,4.773145,1198,1650,8.905,0.138,1,,,,,,,13.725,0.276,0.276,0.276,0.276,0.276,0.276,0.276,5.0,12.0,13.0,13.0,15.0,16.0,16.0,16.0,20.0,40.0,47.0,55.0,64.0,66.0,66.0,65.0,0.0,0.0,0.0,0.0,0.0,0.0,0.0,0.0,,,,,,,,,0.0,0.0,0.0,0.0,0.0,0.0,0.0,0.0,0.0,0.0,1.0,1.0,1.0,1.0,1.0,1.0,0.0,0.0,0.0,0.0,0.0,0.0,0.0,0.0,0.0,0.0,0.0,0.0,0.0,0.0,0.0,0.0,0.0,1.0,1.0,1.0,1.0,1.0,1.0,1.0,2.0,2.0,3.0,3.0,3.0,3.0,3.0,3.0
12811,,51.20063,3.224534,1127,1650,1.01,0.108,1,,,,,,,0.904,0.904,0.904,0.904,0.904,0.904,0.904,0.904,2.0,5.0,6.0,4.0,6.0,6.0,6.0,6.0,2.0,8.0,9.0,8.0,10.0,10.0,10.0,10.0,0.0,0.0,0.0,0.0,0.0,0.0,0.0,0.0,,,,,,,,,0.0,0.0,0.0,0.0,0.0,0.0,0.0,0.0,1.0,1.0,1.0,1.0,1.0,0.0,0.0,0.0,0.0,0.0,0.0,0.0,0.0,0.0,0.0,0.0,0.0,0.0,0.0,0.0,0.0,0.0,0.0,0.0,0.0,0.0,0.0,0.0,0.0,0.0,0.0,1.0,3.0,3.0,3.0,3.0,3.0,2.0,2.0,2.0
12842,,52.377573,4.897774,1300,1650,0.2,0.008,1,,,,,,,35.16,0.612,0.612,0.612,0.612,0.612,0.612,0.612,5.0,10.0,11.0,12.0,13.0,16.0,16.0,15.0,23.0,40.0,54.0,66.0,80.0,84.0,85.0,81.0,0.0,0.0,0.0,0.0,0.0,0.0,0.0,0.0,,,,,,,,,0.0,0.0,0.0,0.0,0.0,0.0,0.0,0.0,0.0,1.0,1.0,1.0,1.0,1.0,1.0,1.0,0.0,0.0,0.0,0.0,0.0,0.0,0.0,0.0,0.0,1.0,1.0,1.0,1.0,1.0,1.0,1.0,0.0,0.0,0.0,0.0,0.0,0.0,0.0,0.0,2.0,3.0,3.0,3.0,3.0,3.0,3.0,3.0
12843,,52.480589,4.658598,1298,1650,7.367,0.241,1,,,,,,,53.374,19.864,19.864,19.864,19.864,19.864,19.864,19.864,0.0,4.0,5.0,5.0,5.0,5.0,5.0,5.0,15.0,26.0,36.0,44.0,48.0,51.0,52.0,48.0,0.0,0.0,0.0,0.0,0.0,0.0,0.0,0.0,,,,,,,,,0.0,1.0,1.0,1.0,1.0,1.0,1.0,1.0,0.0,0.0,0.0,0.0,0.0,0.0,0.0,0.0,0.0,0.0,0.0,0.0,0.0,0.0,0.0,0.0,0.0,0.0,0.0,0.0,0.0,0.0,0.0,0.0,0.0,1.0,1.0,1.0,1.0,1.0,1.0,1.0,2.0,2.0,2.0,2.0,2.0,2.0,2.0,2.0
12858,,51.957033,5.556804,1250,1650,3.077,0.202,1,,,,,,,7.277,7.277,7.277,7.277,7.277,7.277,7.277,7.277,16.0,18.0,19.0,29.0,40.0,43.0,43.0,42.0,31.0,53.0,76.0,91.0,104.0,110.0,112.0,108.0,0.0,0.0,0.0,0.0,0.0,0.0,0.0,0.0,,,,,,,,,1.0,1.0,1.0,1.0,0.0,0.0,0.0,0.0,0.0,0.0,0.0,0.0,0.0,0.0,0.0,0.0,0.0,0.0,0.0,0.0,0.0,0.0,0.0,0.0,0.0,1.0,1.0,1.0,1.0,1.0,1.0,1.0,0.0,1.0,1.0,1.0,1.0,1.0,1.0,1.0,2.0,2.0,2.0,2.0,2.0,2.0,2.0,2.0
13129,,51.754993,8.036345,1224,1650,27.905,0.052,1,,,,,,,20.842,20.842,20.842,20.842,20.842,20.842,20.842,20.842,10.0,11.0,12.0,14.0,18.0,20.0,27.0,28.0,30.0,43.0,52.0,58.0,67.0,72.0,88.0,88.0,0.0,0.0,0.0,0.0,0.0,0.0,0.0,0.0,,,,,,,,,0.0,0.0,0.0,0.0,0.0,0.0,0.0,0.0,0.0,0.0,0.0,0.0,0.0,0.0,0.0,0.0,0.0,0.0,0.0,0.0,0.0,0.0,0.0,0.0,0.0,0.0,0.0,0.0,0.0,0.0,0.0,0.0,0.0,0.0,0.0,0.0,0.0,0.0,0.0,0.0,2.0,2.0,2.0,2.0,2.0,2.0,2.0,2.0
13213,,51.561668,5.45988,1232,1650,20.977,0.147,1,,,,,,,31.603,31.603,31.603,29.351,29.351,29.351,29.351,29.351,10.0,13.0,15.0,24.0,29.0,29.0,29.0,29.0,30.0,55.0,64.0,82.0,96.0,101.0,101.0,100.0,0.0,0.0,0.0,0.0,0.0,0.0,0.0,0.0,,,,,,,,,0.0,0.0,0.0,0.0,0.0,0.0,0.0,0.0,0.0,0.0,0.0,0.0,0.0,0.0,0.0,0.0,0.0,0.0,0.0,0.0,0.0,0.0,0.0,0.0,0.0,0.0,0.0,0.0,0.0,0.0,0.0,0.0,0.0,0.0,0.0,0.0,0.0,0.0,0.0,0.0,2.0,2.0,2.0,2.0,2.0,2.0,2.0,2.0
13338,,51.648777,3.933342,1220,1650,0.091,0.385,1,,,,,,,53.531,27.825,27.825,16.306,16.306,16.306,16.306,16.306,0.0,4.0,5.0,5.0,7.0,7.0,7.0,7.0,11.0,23.0,25.0,25.0,30.0,32.0,32.0,31.0,0.0,0.0,0.0,0.0,0.0,0.0,0.0,0.0,,,,,,,,,0.0,0.0,0.0,0.0,0.0,0.0,0.0,0.0,0.0,0.0,0.0,0.0,0.0,1.0,1.0,1.0,0.0,0.0,0.0,0.0,0.0,0.0,0.0,0.0,0.0,1.0,1.0,1.0,1.0,1.0,1.0,1.0,0.0,0.0,0.0,0.0,0.0,0.0,0.0,0.0,2.0,2.0,2.0,2.0,2.0,3.0,3.0,3.0
13358,,52.232895,11.006538,1247,1650,23.606,0.319,1,,,,,,,13.037,13.037,13.037,13.037,13.037,13.037,13.037,13.037,4.0,7.0,11.0,18.0,22.0,24.0,36.0,39.0,14.0,31.0,52.0,67.0,81.0,90.0,119.0,133.0,0.0,0.0,0.0,0.0,0.0,0.0,0.0,0.0,,,,,,,,,0.0,0.0,0.0,0.0,0.0,0.0,0.0,0.0,0.0,0.0,0.0,0.0,0.0,0.0,0.0,0.0,0.0,0.0,0.0,0.0,0.0,0.0,0.0,0.0,0.0,0.0,0.0,0.0,0.0,0.0,0.0,0.0,0.0,0.0,0.0,0.0,0.0,0.0,0.0,0.0,2.0,2.0,2.0,2.0,2.0,2.0,2.0,2.0
13384,,51.283043,4.049587,1180,1650,4.62,0.219,1,,,,,,,41.76,2.377,2.377,2.377,2.377,2.377,2.377,2.377,1.0,7.0,7.0,6.0,8.0,8.0,8.0,8.0,5.0,16.0,18.0,17.0,19.0,20.0,20.0,20.0,0.0,0.0,0.0,0.0,0.0,0.0,0.0,0.0,,,,,,,,,0.0,0.0,0.0,0.0,0.0,0.0,0.0,0.0,0.0,0.0,0.0,0.0,0.0,0.0,0.0,0.0,0.0,0.0,0.0,0.0,0.0,0.0,0.0,0.0,0.0,0.0,0.0,0.0,0.0,0.0,0.0,0.0,0.0,1.0,1.0,1.0,1.0,1.0,0.0,0.0,2.0,2.0,2.0,2.0,2.0,2.0,2.0,2.0
13385,,51.814152,9.865415,1279,1650,30.531,0.139,1,,,,,,,19.425,0.466,0.466,0.466,0.466,0.466,0.466,0.466,8.0,20.0,27.0,30.0,34.0,35.0,41.0,45.0,22.0,51.0,77.0,86.0,101.0,104.0,130.0,147.0,0.0,0.0,0.0,0.0,0.0,0.0,0.0,0.0,,,,,,,,,0.0,0.0,0.0,0.0,0.0,0.0,0.0,0.0,0.0,0.0,0.0,0.0,0.0,0.0,0.0,0.0,0.0,0.0,0.0,0.0,0.0,0.0,0.0,0.0,0.0,0.0,0.0,0.0,0.0,0.0,0.0,0.0,0.0,0.0,0.0,0.0,0.0,0.0,0.0,0.0,2.0,2.0,2.0,2.0,2.0,2.0,2.0,2.0
13393,,52.51758,6.422333,1248,1650,1.762,0.069,1,,,,,,,22.31,22.31,14.644,14.644,14.644,14.644,14.644,14.644,8.0,16.0,31.0,36.0,43.0,48.0,49.0,46.0,28.0,48.0,63.0,87.0,104.0,115.0,116.0,113.0,0.0,0.0,0.0,0.0,0.0,0.0,0.0,0.0,,,,,,,,,0.0,0.0,0.0,0.0,0.0,0.0,0.0,0.0,0.0,0.0,0.0,0.0,0.0,0.0,0.0,0.0,0.0,0.0,0.0,0.0,1.0,1.0,1.0,1.0,0.0,1.0,1.0,1.0,0.0,0.0,0.0,0.0,0.0,1.0,1.0,1.0,1.0,1.0,1.0,1.0,2.0,2.0,2.0,2.0,2.0,2.0,2.0,2.0
13411,,52.536876,13.205316,1240,1650,0.154,0.064,1,,,,,,,115.573,83.482,13.806,13.806,13.806,13.806,13.806,13.806,0.0,0.0,3.0,3.0,6.0,6.0,8.0,8.0,0.0,3.0,8.0,8.0,14.0,18.0,29.0,34.0,0.0,0.0,0.0,0.0,0.0,0.0,0.0,0.0,,,,,,,,,0.0,0.0,0.0,0.0,0.0,0.0,0.0,0.0,0.0,0.0,0.0,1.0,0.0,0.0,0.0,0.0,0.0,0.0,0.0,0.0,0.0,0.0,0.0,0.0,0.0,0.0,0.0,0.0,0.0,0.0,0.0,0.0,0.0,0.0,0.0,0.0,0.0,0.0,0.0,0.0,2.0,2.0,2.0,3.0,2.0,2.0,2.0,2.0
13424,,51.483323,11.960804,1170,1650,15.54,0.099,1,,,,,,,0.628,0.628,0.628,0.628,0.628,0.628,0.628,0.628,4.0,6.0,9.0,18.0,23.0,26.0,33.0,36.0,12.0,24.0,33.0,54.0,69.0,81.0,98.0,110.0,0.0,0.0,0.0,0.0,0.0,0.0,0.0,0.0,,,,,,,,,0.0,0.0,0.0,0.0,0.0,0.0,0.0,0.0,0.0,0.0,0.0,0.0,0.0,0.0,0.0,0.0,0.0,0.0,0.0,0.0,0.0,0.0,0.0,0.0,0.0,0.0,0.0,0.0,0.0,0.0,0.0,0.0,0.0,1.0,1.0,1.0,1.0,1.0,1.0,1.0,2.0,2.0,2.0,2.0,2.0,2.0,2.0,2.0
13426,,52.623892,6.040333,1275,1650,0.353,0.07,1,,,,,,,12.909,12.909,11.062,11.062,11.062,11.062,11.062,11.062,5.0,11.0,26.0,30.0,33.0,36.0,37.0,34.0,28.0,47.0,63.0,83.0,98.0,109.0,109.0,105.0,0.0,0.0,0.0,0.0,0.0,0.0,0.0,0.0,,,,,,,,,0.0,0.0,0.0,0.0,0.0,0.0,0.0,0.0,0.0,0.0,0.0,0.0,0.0,0.0,0.0,0.0,0.0,0.0,0.0,0.0,0.0,0.0,0.0,0.0,0.0,1.0,1.0,1.0,1.0,1.0,1.0,1.0,0.0,1.0,1.0,1.0,1.0,1.0,1.0,1.0,2.0,2.0,2.0,2.0,2.0,2.0,2.0,2.0
13433,,52.008981,4.354617,1246,1650,3.152,0.159,1,,,,,,,48.705,19.021,19.021,19.021,19.021,19.021,19.021,19.021,3.0,7.0,9.0,9.0,9.0,10.0,10.0,10.0,11.0,26.0,30.0,38.0,45.0,48.0,48.0,47.0,0.0,0.0,0.0,0.0,0.0,0.0,0.0,0.0,,,,,,,,,0.0,0.0,0.0,0.0,0.0,0.0,0.0,0.0,0.0,0.0,0.0,0.0,0.0,0.0,0.0,0.0,0.0,0.0,0.0,0.0,0.0,0.0,0.0,0.0,0.0,0.0,0.0,0.0,0.0,0.0,0.0,0.0,0.0,1.0,1.0,1.0,1.0,1.0,1.0,1.0,2.0,2.0,2.0,2.0,2.0,2.0,2.0,2.0
13435,,51.913021,4.344456,1273,1650,2.061,0.273,1,,,,,,,42.51,18.802,18.802,18.802,18.802,18.802,18.802,18.802,3.0,9.0,11.0,11.0,11.0,12.0,12.0,12.0,12.0,27.0,31.0,38.0,45.0,48.0,48.0,47.0,0.0,0.0,0.0,0.0,0.0,0.0,0.0,0.0,,,,,,,,,0.0,1.0,1.0,1.0,1.0,1.0,1.0,1.0,0.0,0.0,0.0,0.0,0.0,0.0,0.0,0.0,0.0,0.0,0.0,0.0,0.0,0.0,0.0,0.0,0.0,0.0,0.0,0.0,0.0,0.0,0.0,0.0,0.0,1.0,1.0,1.0,1.0,1.0,1.0,1.0,2.0,2.0,2.0,2.0,2.0,2.0,2.0,2.0
13436,,51.942319,4.854055,1280,1650,0.382,0.125,1,,,,,,,24.595,12.471,12.471,12.471,12.471,12.471,12.471,12.471,9.0,18.0,21.0,26.0,29.0,31.0,31.0,30.0,21.0,42.0,52.0,65.0,78.0,82.0,82.0,81.0,0.0,0.0,0.0,0.0,0.0,0.0,0.0,0.0,,,,,,,,,0.0,0.0,0.0,0.0,0.0,0.0,0.0,0.0,0.0,0.0,0.0,0.0,0.0,0.0,0.0,0.0,0.0,0.0,0.0,0.0,0.0,0.0,0.0,0.0,0.0,1.0,1.0,1.0,1.0,1.0,1.0,1.0,0.0,0.0,0.0,0.0,0.0,0.0,0.0,0.0,2.0,2.0,2.0,2.0,2.0,2.0,2.0,2.0
13437,,51.818733,4.675438,1220,1650,0.463,0.167,1,,,,,,,18.187,6.29,6.29,6.29,6.29,6.29,6.29,6.29,9.0,15.0,18.0,19.0,22.0,24.0,24.0,23.0,17.0,32.0,36.0,44.0,53.0,56.0,56.0,55.0,0.0,0.0,0.0,0.0,0.0,0.0,0.0,0.0,,,,,,,,,0.0,0.0,0.0,0.0,0.0,0.0,0.0,0.0,1.0,1.0,1.0,1.0,1.0,1.0,1.0,1.0,0.0,0.0,0.0,0.0,0.0,0.0,0.0,0.0,0.0,1.0,1.0,1.0,1.0,1.0,1.0,1.0,0.0,0.0,0.0,0.0,0.0,0.0,0.0,0.0,3.0,3.0,3.0,3.0,3.0,3.0,3.0,3.0
13450,,53.217862,6.566126,1245,1650,0.08,0.019,1,,,,,,,0.038,0.038,0.038,0.038,0.038,0.038,0.038,0.038,3.0,5.0,5.0,13.0,13.0,17.0,16.0,16.0,10.0,20.0,35.0,50.0,60.0,69.0,71.0,68.0,0.0,0.0,0.0,0.0,0.0,0.0,0.0,0.0,,,,,,,,,0.0,0.0,0.0,0.0,0.0,0.0,0.0,0.0,0.0,0.0,0.0,0.0,1.0,1.0,1.0,0.0,0.0,0.0,0.0,0.0,0.0,0.0,0.0,0.0,0.0,0.0,0.0,0.0,0.0,0.0,0.0,0.0,0.0,0.0,0.0,0.0,0.0,0.0,0.0,0.0,2.0,2.0,2.0,2.0,3.0,3.0,3.0,2.0
13466,,52.555841,5.919365,1230,1650,0.682,0.179,1,,,,,,,12.69,12.69,0.358,0.358,0.358,0.358,0.358,0.358,6.0,13.0,28.0,33.0,40.0,42.0,43.0,40.0,31.0,47.0,63.0,85.0,102.0,111.0,111.0,107.0,0.0,0.0,0.0,0.0,0.0,0.0,0.0,0.0,,,,,,,,,0.0,0.0,0.0,0.0,0.0,0.0,0.0,0.0,0.0,0.0,0.0,0.0,0.0,0.0,0.0,0.0,0.0,0.0,0.0,0.0,0.0,0.0,0.0,0.0,0.0,0.0,0.0,0.0,0.0,0.0,0.0,0.0,0.0,0.0,0.0,0.0,0.0,0.0,0.0,0.0,2.0,2.0,2.0,2.0,2.0,2.0,2.0,2.0
13580,,54.517446,9.56718,1196,1650,16.222,0.071,1,,,,,,,101.848,47.684,47.684,42.86,33.602,33.602,0.475,0.475,0.0,1.0,1.0,3.0,11.0,9.0,17.0,17.0,0.0,5.0,11.0,13.0,30.0,28.0,51.0,52.0,0.0,0.0,0.0,0.0,0.0,0.0,0.0,0.0,,,,,,,,,0.0,0.0,0.0,0.0,0.0,0.0,0.0,0.0,0.0,0.0,0.0,0.0,0.0,0.0,0.0,0.0,0.0,0.0,0.0,0.0,0.0,0.0,0.0,0.0,0.0,0.0,0.0,0.0,0.0,0.0,0.0,0.0,0.0,0.0,0.0,0.0,0.0,0.0,0.0,0.0,2.0,2.0,2.0,2.0,2.0,2.0,2.0,2.0
13581,,54.517044,9.569278,1196,1650,16.345,0.071,1,,,,,,,101.812,47.624,47.624,42.72,33.731,33.731,0.378,0.378,0.0,1.0,1.0,3.0,11.0,9.0,17.0,17.0,0.0,5.0,11.0,13.0,30.0,28.0,51.0,52.0,0.0,0.0,0.0,0.0,0.0,0.0,0.0,0.0,,,,,,,,,0.0,0.0,0.0,0.0,0.0,0.0,0.0,0.0,0.0,0.0,0.0,0.0,0.0,0.0,0.0,0.0,0.0,0.0,0.0,0.0,0.0,0.0,0.0,0.0,0.0,0.0,0.0,0.0,0.0,0.0,0.0,0.0,0.0,0.0,0.0,0.0,0.0,0.0,0.0,0.0,2.0,2.0,2.0,2.0,2.0,2.0,2.0,2.0
13597,,52.142095,6.189144,1191,1650,0.131,0.031,1,,,,,,,0.428,0.428,0.428,0.428,0.428,0.428,0.428,0.428,17.0,25.0,33.0,36.0,42.0,46.0,47.0,44.0,35.0,57.0,75.0,97.0,115.0,122.0,124.0,120.0,0.0,0.0,0.0,0.0,0.0,0.0,0.0,0.0,,,,,,,,,0.0,0.0,0.0,0.0,0.0,0.0,0.0,0.0,0.0,0.0,0.0,0.0,0.0,0.0,0.0,0.0,0.0,0.0,0.0,0.0,1.0,1.0,1.0,1.0,0.0,1.0,1.0,1.0,0.0,0.0,0.0,0.0,0.0,0.0,0.0,0.0,0.0,0.0,0.0,0.0,2.0,2.0,2.0,2.0,2.0,2.0,2.0,2.0
13605,,51.32223,3.493137,1174,1650,5.06,0.019,1,,,,,,,6.216,6.216,6.216,21.24,21.24,21.24,21.24,21.24,2.0,6.0,7.0,6.0,8.0,8.0,8.0,8.0,2.0,12.0,13.0,12.0,14.0,14.0,14.0,14.0,0.0,0.0,0.0,0.0,0.0,0.0,0.0,0.0,,,,,,,,,0.0,0.0,0.0,0.0,0.0,0.0,0.0,0.0,0.0,0.0,0.0,0.0,0.0,0.0,0.0,0.0,0.0,0.0,0.0,0.0,0.0,0.0,0.0,0.0,0.0,0.0,0.0,0.0,0.0,1.0,1.0,1.0,0.0,0.0,0.0,0.0,0.0,0.0,0.0,0.0,2.0,2.0,2.0,2.0,2.0,2.0,2.0,2.0
13616,,52.010391,6.133633,1237,1650,0.178,0.497,1,,,,,,,0.513,0.513,0.513,0.513,0.513,0.513,0.513,0.513,13.0,19.0,20.0,30.0,38.0,39.0,39.0,39.0,40.0,63.0,85.0,108.0,126.0,134.0,136.0,132.0,0.0,0.0,0.0,0.0,0.0,0.0,0.0,0.0,,,,,,,,,0.0,0.0,0.0,0.0,0.0,0.0,0.0,0.0,0.0,0.0,0.0,0.0,0.0,0.0,0.0,0.0,0.0,0.0,0.0,0.0,0.0,0.0,0.0,0.0,0.0,0.0,0.0,0.0,0.0,0.0,0.0,0.0,0.0,0.0,0.0,0.0,0.0,0.0,0.0,0.0,2.0,2.0,2.0,2.0,2.0,2.0,2.0,2.0
13702,Niederlage,52.345024,14.557207,1253,1650,4.475,0.088,1,,,,,,,187.007,176.633,68.993,68.993,68.993,68.993,68.993,68.993,0.0,0.0,0.0,0.0,0.0,0.0,0.0,0.0,0.0,0.0,4.0,4.0,5.0,7.0,9.0,9.0,0.0,0.0,0.0,0.0,0.0,0.0,0.0,0.0,,,,,,,,,0.0,0.0,0.0,0.0,0.0,0.0,0.0,0.0,1.0,1.0,1.0,1.0,1.0,1.0,1.0,1.0,0.0,0.0,0.0,0.0,0.0,0.0,0.0,0.0,0.0,0.0,0.0,0.0,0.0,0.0,0.0,0.0,1.0,1.0,1.0,1.0,1.0,1.0,1.0,1.0,3.0,3.0,3.0,3.0,3.0,3.0,3.0,3.0
13703,,53.424398,14.563523,1243,1650,10.19,0.13,1,,,,,,,107.797,107.797,51.194,51.194,51.194,51.194,23.39,23.39,0.0,0.0,0.0,0.0,0.0,0.0,1.0,1.0,0.0,0.0,1.0,1.0,2.0,4.0,5.0,6.0,0.0,0.0,0.0,0.0,0.0,0.0,0.0,0.0,,,,,,,,,0.0,0.0,0.0,0.0,0.0,0.0,0.0,0.0,1.0,1.0,1.0,1.0,1.0,1.0,1.0,1.0,0.0,0.0,0.0,0.0,0.0,0.0,0.0,0.0,0.0,0.0,0.0,0.0,0.0,0.0,0.0,0.0,0.0,1.0,1.0,1.0,1.0,1.0,1.0,1.0,3.0,3.0,3.0,3.0,3.0,3.0,3.0,3.0
13626,,52.330327,5.068216,1258,1650,1.539,0.046,1,,,,,,,26.742,12.842,12.842,12.842,12.842,12.842,12.842,12.842,5.0,10.0,11.0,13.0,14.0,17.0,17.0,16.0,24.0,41.0,55.0,67.0,81.0,85.0,86.0,82.0,0.0,0.0,0.0,0.0,0.0,0.0,0.0,0.0,,,,,,,,,0.0,0.0,0.0,0.0,0.0,0.0,0.0,0.0,0.0,0.0,0.0,0.0,0.0,0.0,0.0,0.0,0.0,0.0,0.0,0.0,0.0,0.0,0.0,0.0,0.0,0.0,0.0,0.0,0.0,0.0,0.0,0.0,0.0,0.0,0.0,0.0,0.0,0.0,0.0,0.0,2.0,2.0,2.0,2.0,2.0,2.0,2.0,2.0
13628,,52.159354,5.385081,1259,1650,4.478,0.226,1,,,,,,,19.66,19.66,19.66,19.66,19.66,19.66,19.66,19.66,14.0,18.0,22.0,28.0,33.0,36.0,36.0,35.0,27.0,47.0,65.0,82.0,96.0,100.0,101.0,97.0,0.0,0.0,0.0,0.0,0.0,0.0,0.0,0.0,,,,,,,,,0.0,0.0,0.0,0.0,0.0,0.0,0.0,0.0,0.0,0.0,0.0,0.0,0.0,0.0,0.0,0.0,0.0,0.0,0.0,0.0,0.0,0.0,0.0,0.0,0.0,0.0,0.0,0.0,0.0,0.0,0.0,0.0,0.0,1.0,1.0,1.0,1.0,1.0,1.0,1.0,2.0,2.0,2.0,2.0,2.0,2.0,2.0,2.0
13664,,52.639637,9.203215,1235,1650,4.901,0.043,1,,,,,,,31.222,31.222,31.222,31.222,31.222,31.222,16.689,16.689,5.0,5.0,8.0,8.0,10.0,9.0,12.0,15.0,25.0,37.0,53.0,59.0,69.0,73.0,88.0,99.0,0.0,0.0,0.0,0.0,0.0,0.0,0.0,0.0,,,,,,,,,0.0,0.0,0.0,0.0,0.0,0.0,0.0,0.0,0.0,0.0,0.0,0.0,0.0,0.0,0.0,0.0,0.0,0.0,0.0,0.0,0.0,0.0,0.0,0.0,0.0,0.0,0.0,0.0,0.0,0.0,0.0,0.0,0.0,0.0,0.0,0.0,0.0,0.0,0.0,0.0,2.0,2.0,2.0,2.0,2.0,2.0,2.0,2.0
13718,Goldberg,53.58984,12.088587,1248,1650,33.867,1.681,1,,,,,,,44.653,44.653,44.653,44.653,44.653,41.289,21.803,21.803,2.0,2.0,2.0,2.0,2.0,3.0,6.0,6.0,3.0,5.0,10.0,10.0,10.0,12.0,25.0,27.0,0.0,0.0,0.0,0.0,0.0,0.0,0.0,0.0,,,,,,,,,0.0,0.0,0.0,0.0,0.0,0.0,0.0,0.0,0.0,0.0,0.0,0.0,0.0,0.0,0.0,0.0,0.0,0.0,0.0,0.0,0.0,0.0,0.0,0.0,0.0,0.0,0.0,0.0,0.0,0.0,0.0,0.0,0.0,0.0,0.0,0.0,0.0,0.0,0.0,0.0,2.0,2.0,2.0,2.0,2.0,2.0,2.0,2.0
13721,Penzlin,53.50537,13.089346,1263,1650,48.115,4.694,1,,,,,,,68.419,68.419,68.419,68.419,68.419,67.898,44.89,35.385,0.0,0.0,0.0,0.0,0.0,0.0,1.0,2.0,1.0,1.0,2.0,2.0,2.0,4.0,10.0,11.0,0.0,0.0,0.0,0.0,0.0,0.0,0.0,0.0,,,,,,,,,0.0,0.0,0.0,0.0,0.0,0.0,0.0,0.0,0.0,0.0,0.0,0.0,0.0,0.0,0.0,0.0,0.0,0.0,0.0,0.0,0.0,0.0,0.0,0.0,0.0,0.0,0.0,0.0,0.0,0.0,0.0,0.0,0.0,0.0,0.0,0.0,0.0,0.0,0.0,0.0,1.0,1.0,1.0,1.0,1.0,1.0,1.0,2.0
13729,,53.474487,12.425631,1235,1650,52.801,0.188,1,,,,,,,68.937,68.937,68.937,68.937,68.937,50.774,38.57,38.57,0.0,0.0,0.0,0.0,0.0,0.0,2.0,2.0,4.0,6.0,9.0,9.0,9.0,12.0,22.0,23.0,0.0,0.0,0.0,0.0,0.0,0.0,0.0,0.0,,,,,,,,,0.0,0.0,0.0,0.0,0.0,0.0,0.0,0.0,0.0,0.0,0.0,0.0,0.0,0.0,0.0,0.0,0.0,0.0,0.0,0.0,0.0,0.0,0.0,0.0,0.0,0.0,0.0,0.0,0.0,0.0,0.0,0.0,0.0,0.0,0.0,0.0,0.0,0.0,0.0,0.0,2.0,2.0,2.0,2.0,2.0,2.0,2.0,2.0
13722,Reuterstadt Stavenhagen,53.695455,12.908667,1252,1650,29.237,2.671,1,,,,,,,54.242,54.242,54.242,54.242,54.242,45.153,24.986,24.986,0.0,0.0,0.0,0.0,0.0,1.0,3.0,4.0,3.0,3.0,5.0,5.0,5.0,8.0,15.0,16.0,0.0,0.0,0.0,0.0,0.0,0.0,0.0,0.0,,,,,,,,,0.0,0.0,0.0,0.0,0.0,0.0,0.0,0.0,0.0,0.0,0.0,0.0,0.0,0.0,0.0,0.0,0.0,0.0,0.0,0.0,0.0,0.0,0.0,0.0,0.0,0.0,0.0,0.0,0.0,0.0,0.0,0.0,0.0,0.0,0.0,0.0,0.0,0.0,0.0,0.0,1.0,1.0,1.0,1.0,1.0,1.0,2.0,2.0
13747,,51.291041,6.05869,1279,1650,1.712,0.033,1,,,,,,,11.721,11.721,11.721,11.721,11.721,11.721,11.721,11.721,7.0,15.0,20.0,28.0,30.0,30.0,30.0,30.0,33.0,45.0,53.0,71.0,85.0,87.0,89.0,89.0,0.0,0.0,0.0,0.0,0.0,0.0,0.0,0.0,,,,,,,,,1.0,1.0,1.0,1.0,1.0,1.0,1.0,1.0,0.0,0.0,0.0,0.0,0.0,0.0,0.0,0.0,0.0,0.0,0.0,0.0,0.0,0.0,0.0,0.0,1.0,1.0,1.0,1.0,1.0,1.0,1.0,1.0,0.0,1.0,1.0,1.0,1.0,1.0,1.0,1.0,2.0,2.0,2.0,2.0,2.0,2.0,2.0,2.0
13750,,54.089953,12.138194,1218,1650,8.657,0.093,1,,,,,,,69.852,69.852,0.185,0.185,0.185,0.185,0.185,0.185,0.0,0.0,2.0,2.0,2.0,4.0,6.0,6.0,3.0,4.0,7.0,7.0,10.0,13.0,23.0,24.0,0.0,0.0,0.0,0.0,0.0,0.0,0.0,0.0,,,,,,,,,0.0,0.0,0.0,0.0,0.0,0.0,0.0,0.0,0.0,0.0,0.0,1.0,1.0,1.0,1.0,1.0,0.0,0.0,0.0,0.0,0.0,0.0,0.0,0.0,0.0,0.0,0.0,0.0,0.0,0.0,0.0,0.0,0.0,0.0,0.0,0.0,0.0,0.0,0.0,0.0,2.0,2.0,2.0,3.0,3.0,3.0,3.0,3.0
13751,,52.163136,6.41849,1233,1650,4.411,0.123,1,,,,,,,13.497,13.497,13.497,13.497,13.497,13.497,13.497,13.497,16.0,25.0,31.0,33.0,38.0,41.0,43.0,40.0,41.0,64.0,82.0,104.0,125.0,132.0,137.0,134.0,0.0,0.0,0.0,0.0,0.0,0.0,0.0,0.0,,,,,,,,,0.0,0.0,0.0,0.0,0.0,0.0,0.0,0.0,0.0,0.0,0.0,0.0,0.0,0.0,0.0,0.0,0.0,0.0,0.0,0.0,0.0,0.0,0.0,0.0,0.0,0.0,0.0,0.0,0.0,0.0,0.0,0.0,0.0,1.0,1.0,1.0,1.0,1.0,1.0,1.0,2.0,2.0,2.0,2.0,2.0,2.0,2.0,2.0
13752,,52.115629,6.521313,1190,1650,0.037,0.109,1,,,,,,,13.597,13.597,13.597,13.597,13.597,13.597,13.597,13.597,11.0,18.0,19.0,21.0,26.0,29.0,30.0,30.0,43.0,66.0,85.0,107.0,128.0,135.0,140.0,137.0,0.0,0.0,0.0,0.0,0.0,0.0,0.0,0.0,,,,,,,,,0.0,0.0,0.0,0.0,0.0,0.0,0.0,0.0,0.0,0.0,0.0,0.0,0.0,0.0,0.0,0.0,0.0,0.0,0.0,0.0,0.0,0.0,0.0,0.0,0.0,0.0,0.0,0.0,0.0,0.0,0.0,0.0,0.0,0.0,0.0,0.0,0.0,0.0,0.0,0.0,2.0,2.0,2.0,2.0,2.0,2.0,2.0,2.0
13755,,52.114338,6.521693,1190,1650,0.111,0.038,1,,,,,,,13.727,13.727,13.727,13.727,13.727,13.727,13.727,13.727,11.0,18.0,19.0,21.0,26.0,29.0,30.0,30.0,43.0,66.0,85.0,107.0,128.0,135.0,140.0,137.0,0.0,0.0,0.0,0.0,0.0,0.0,0.0,0.0,,,,,,,,,0.0,0.0,0.0,0.0,0.0,0.0,0.0,0.0,0.0,0.0,0.0,0.0,0.0,0.0,0.0,0.0,0.0,0.0,0.0,0.0,0.0,0.0,0.0,0.0,0.0,0.0,0.0,0.0,0.0,0.0,0.0,0.0,0.0,0.0,0.0,0.0,0.0,0.0,0.0,0.0,2.0,2.0,2.0,2.0,2.0,2.0,2.0,2.0
13749,,54.092547,12.138256,1218,1650,8.945,0.144,1,,,,,,,70.066,70.066,0.45,0.45,0.45,0.45,0.45,0.45,0.0,0.0,2.0,2.0,2.0,4.0,6.0,6.0,3.0,4.0,7.0,7.0,10.0,13.0,23.0,24.0,0.0,0.0,0.0,0.0,0.0,0.0,0.0,0.0,,,,,,,,,0.0,0.0,0.0,0.0,0.0,0.0,0.0,0.0,0.0,0.0,0.0,1.0,1.0,1.0,1.0,1.0,0.0,0.0,0.0,0.0,0.0,0.0,0.0,0.0,0.0,0.0,0.0,0.0,0.0,0.0,0.0,0.0,1.0,1.0,1.0,1.0,1.0,1.0,1.0,1.0,2.0,2.0,2.0,3.0,3.0,3.0,3.0,3.0
13761,,52.232507,6.582759,1263,1650,2.116,0.052,1,,,,,,,0.105,0.105,0.105,0.105,0.105,0.105,0.105,0.105,12.0,21.0,27.0,30.0,34.0,39.0,41.0,38.0,39.0,62.0,80.0,102.0,119.0,125.0,130.0,128.0,0.0,0.0,0.0,0.0,0.0,0.0,0.0,0.0,,,,,,,,,0.0,0.0,0.0,0.0,0.0,0.0,0.0,0.0,0.0,0.0,0.0,0.0,0.0,0.0,0.0,0.0,0.0,0.0,0.0,0.0,0.0,0.0,0.0,0.0,0.0,0.0,0.0,0.0,0.0,0.0,0.0,0.0,0.0,1.0,1.0,1.0,1.0,1.0,1.0,1.0,2.0,2.0,2.0,2.0,2.0,2.0,2.0,2.0
13766,,52.354849,6.664564,1157,1650,3.604,0.062,1,,,,,,,14.762,14.762,14.762,14.762,14.762,14.762,14.762,14.762,8.0,17.0,23.0,27.0,33.0,38.0,39.0,36.0,36.0,57.0,72.0,96.0,113.0,119.0,123.0,121.0,0.0,0.0,0.0,0.0,0.0,0.0,0.0,0.0,,,,,,,,,0.0,0.0,0.0,0.0,0.0,0.0,0.0,0.0,0.0,0.0,0.0,0.0,0.0,0.0,0.0,0.0,0.0,0.0,0.0,0.0,0.0,0.0,0.0,0.0,0.0,0.0,0.0,0.0,0.0,0.0,0.0,0.0,0.0,0.0,0.0,0.0,1.0,1.0,1.0,1.0,2.0,2.0,2.0,2.0,2.0,2.0,2.0,2.0
13801,Greiffenberg,53.088487,13.956006,1261,1650,20.146,3.718,1,,,,,,,118.291,118.291,45.678,45.678,45.678,45.678,45.678,45.678,0.0,0.0,1.0,1.0,2.0,4.0,4.0,4.0,0.0,0.0,4.0,4.0,5.0,7.0,9.0,10.0,0.0,0.0,0.0,0.0,0.0,0.0,0.0,0.0,,,,,,,,,0.0,0.0,0.0,0.0,0.0,0.0,0.0,0.0,0.0,0.0,0.0,0.0,0.0,0.0,0.0,0.0,0.0,0.0,0.0,0.0,0.0,0.0,0.0,0.0,0.0,0.0,0.0,0.0,0.0,0.0,0.0,0.0,0.0,0.0,0.0,0.0,0.0,0.0,0.0,0.0,1.0,1.0,1.0,1.0,2.0,2.0,2.0,2.0
13792,,52.161866,4.484758,1266,1650,0.779,0.163,1,,,,,,,43.984,0.524,0.524,0.524,0.524,0.524,0.524,0.524,4.0,11.0,12.0,12.0,13.0,15.0,15.0,14.0,15.0,26.0,31.0,40.0,46.0,49.0,49.0,48.0,0.0,0.0,0.0,0.0,0.0,0.0,0.0,0.0,,,,,,,,,0.0,0.0,0.0,0.0,0.0,0.0,0.0,0.0,0.0,0.0,0.0,0.0,0.0,0.0,0.0,0.0,0.0,0.0,0.0,0.0,0.0,0.0,0.0,0.0,0.0,0.0,0.0,0.0,0.0,0.0,0.0,0.0,0.0,0.0,0.0,0.0,0.0,0.0,0.0,0.0,2.0,2.0,2.0,2.0,2.0,2.0,2.0,2.0
13810,Senftenberg,51.519177,14.004677,1279,1650,53.363,0.226,1,,,,,,,114.76,114.76,93.877,60.13,54.266,54.266,54.266,44.496,0.0,0.0,0.0,0.0,0.0,0.0,0.0,2.0,0.0,0.0,2.0,3.0,3.0,6.0,9.0,11.0,0.0,0.0,0.0,0.0,0.0,0.0,0.0,0.0,,,,,,,,,0.0,0.0,0.0,0.0,0.0,0.0,0.0,0.0,0.0,0.0,0.0,0.0,0.0,0.0,0.0,0.0,0.0,0.0,0.0,0.0,0.0,0.0,0.0,0.0,0.0,0.0,0.0,0.0,0.0,0.0,0.0,0.0,0.0,0.0,0.0,0.0,0.0,0.0,0.0,0.0,2.0,2.0,2.0,2.0,2.0,2.0,2.0,2.0
13811,Lubsko,51.788244,14.971817,1253,1650,29.497,2.46,1,,,,,,,186.318,186.318,133.14,132.557,125.073,125.073,125.073,114.06,0.0,0.0,0.0,0.0,0.0,0.0,0.0,0.0,0.0,0.0,0.0,0.0,0.0,0.0,0.0,0.0,0.0,0.0,0.0,0.0,0.0,0.0,0.0,0.0,,,,,,,,,0.0,0.0,0.0,0.0,0.0,0.0,0.0,0.0,0.0,0.0,0.0,0.0,0.0,0.0,0.0,0.0,0.0,0.0,0.0,0.0,0.0,0.0,0.0,0.0,0.0,0.0,0.0,0.0,0.0,0.0,0.0,0.0,0.0,0.0,0.0,0.0,0.0,0.0,0.0,0.0,1.0,1.0,1.0,1.0,1.0,1.0,1.0,1.0
13817,,53.016973,14.000689,1267,1650,12.861,0.121,1,,,,,,,126.78,126.78,41.015,41.015,41.015,41.015,41.015,41.015,0.0,0.0,1.0,1.0,2.0,4.0,4.0,4.0,0.0,0.0,4.0,4.0,5.0,7.0,9.0,10.0,0.0,0.0,0.0,0.0,0.0,0.0,0.0,0.0,,,,,,,,,0.0,0.0,0.0,0.0,0.0,0.0,0.0,0.0,0.0,0.0,0.0,0.0,0.0,0.0,0.0,0.0,0.0,0.0,0.0,0.0,0.0,0.0,0.0,0.0,0.0,0.0,0.0,0.0,0.0,0.0,0.0,0.0,0.0,0.0,0.0,0.0,0.0,0.0,0.0,0.0,2.0,2.0,2.0,2.0,2.0,2.0,2.0,2.0
13819,,52.516341,13.408468,1244,1650,0.221,0.081,1,,,,,,,127.639,97.281,0.246,0.246,0.246,0.246,0.246,0.246,0.0,0.0,3.0,3.0,3.0,3.0,3.0,3.0,0.0,1.0,7.0,7.0,11.0,17.0,22.0,25.0,0.0,0.0,0.0,0.0,0.0,0.0,0.0,0.0,,,,,,,,,0.0,0.0,0.0,0.0,0.0,0.0,0.0,0.0,0.0,1.0,1.0,1.0,1.0,1.0,1.0,1.0,0.0,0.0,0.0,0.0,0.0,0.0,0.0,0.0,0.0,0.0,0.0,0.0,0.0,0.0,0.0,0.0,0.0,0.0,0.0,0.0,0.0,0.0,0.0,0.0,2.0,3.0,3.0,3.0,3.0,3.0,3.0,3.0
13862,,51.276967,4.050755,1180,1650,3.963,0.027,1,,,,,,,41.832,1.697,1.697,1.697,1.697,1.697,1.697,1.697,1.0,7.0,7.0,6.0,8.0,8.0,8.0,8.0,5.0,16.0,18.0,17.0,19.0,20.0,20.0,20.0,0.0,0.0,0.0,0.0,0.0,0.0,0.0,0.0,,,,,,,,,0.0,0.0,0.0,0.0,0.0,0.0,0.0,0.0,0.0,0.0,0.0,0.0,0.0,0.0,0.0,0.0,0.0,0.0,0.0,0.0,0.0,0.0,0.0,0.0,0.0,0.0,0.0,0.0,0.0,0.0,0.0,0.0,0.0,0.0,0.0,0.0,0.0,0.0,1.0,1.0,2.0,2.0,2.0,2.0,2.0,2.0,2.0,2.0
13842,,51.329421,3.69049,1183,1650,12.741,0.184,1,,,,,,,17.878,0.367,0.367,19.571,16.753,16.753,16.753,16.753,2.0,6.0,7.0,6.0,8.0,8.0,8.0,8.0,5.0,15.0,16.0,15.0,17.0,17.0,17.0,17.0,0.0,0.0,0.0,0.0,0.0,0.0,0.0,0.0,,,,,,,,,0.0,0.0,0.0,0.0,0.0,0.0,0.0,0.0,0.0,0.0,0.0,0.0,0.0,0.0,0.0,0.0,0.0,0.0,0.0,0.0,0.0,0.0,0.0,0.0,0.0,0.0,0.0,0.0,0.0,0.0,0.0,0.0,1.0,1.0,1.0,1.0,1.0,1.0,1.0,1.0,2.0,2.0,2.0,2.0,2.0,2.0,2.0,2.0
13889,Kahldenbrücke,53.907375,13.02883,1236,1650,4.801,0.079,1,,,,,,,31.145,31.145,31.145,31.145,31.145,31.145,0.307,0.307,1.0,1.0,1.0,1.0,1.0,3.0,5.0,6.0,1.0,1.0,2.0,2.0,2.0,4.0,10.0,11.0,0.0,0.0,0.0,0.0,0.0,0.0,0.0,0.0,,,,,,,,,0.0,0.0,0.0,0.0,0.0,0.0,0.0,0.0,0.0,0.0,0.0,0.0,0.0,0.0,0.0,0.0,0.0,1.0,1.0,1.0,1.0,1.0,1.0,1.0,0.0,0.0,0.0,0.0,0.0,0.0,0.0,0.0,0.0,1.0,1.0,1.0,1.0,1.0,1.0,1.0,2.0,2.0,2.0,2.0,2.0,2.0,2.0,2.0
13867,,51.325522,3.484619,1174,1650,4.51,0.197,0,,,,,,,6.284,6.284,6.284,21.142,21.142,21.142,21.142,21.142,2.0,6.0,7.0,6.0,8.0,8.0,8.0,8.0,2.0,12.0,13.0,12.0,14.0,14.0,14.0,14.0,0.0,0.0,0.0,0.0,0.0,0.0,0.0,0.0,,,,,,,,,0.0,0.0,0.0,0.0,0.0,0.0,0.0,0.0,0.0,0.0,0.0,0.0,0.0,0.0,0.0,0.0,0.0,0.0,0.0,0.0,0.0,0.0,0.0,0.0,0.0,0.0,0.0,0.0,0.0,0.0,0.0,0.0,0.0,1.0,1.0,0.0,0.0,0.0,0.0,0.0,2.0,2.0,2.0,2.0,2.0,2.0,2.0,2.0
13890,,53.858104,13.6889,1264,1650,4.306,0.099,1,,,,,,,33.252,33.252,33.252,33.252,33.252,33.252,33.252,22.964,1.0,1.0,1.0,1.0,1.0,2.0,3.0,4.0,1.0,1.0,1.0,1.0,1.0,3.0,7.0,8.0,0.0,0.0,0.0,0.0,0.0,0.0,0.0,0.0,,,,,,,,,0.0,0.0,0.0,0.0,0.0,0.0,0.0,0.0,0.0,0.0,0.0,0.0,0.0,0.0,1.0,1.0,0.0,0.0,0.0,0.0,0.0,0.0,0.0,0.0,0.0,0.0,0.0,0.0,0.0,0.0,0.0,0.0,0.0,0.0,0.0,0.0,0.0,0.0,0.0,0.0,2.0,2.0,2.0,2.0,2.0,2.0,3.0,3.0
13891,,53.859638,13.690429,1264,1650,4.203,0.099,1,,,,,,,33.177,33.177,33.177,33.177,33.177,33.177,33.177,23.16,1.0,1.0,1.0,1.0,1.0,2.0,3.0,4.0,1.0,1.0,1.0,1.0,1.0,3.0,7.0,8.0,0.0,0.0,0.0,0.0,0.0,0.0,0.0,0.0,,,,,,,,,0.0,0.0,0.0,0.0,0.0,0.0,0.0,0.0,0.0,0.0,0.0,0.0,0.0,0.0,1.0,1.0,0.0,0.0,0.0,0.0,0.0,0.0,0.0,0.0,0.0,0.0,0.0,0.0,0.0,0.0,0.0,0.0,0.0,1.0,1.0,1.0,1.0,1.0,1.0,1.0,2.0,2.0,2.0,2.0,2.0,2.0,3.0,3.0
13872,,51.500876,3.618246,1217,1650,1.49,0.121,1,,,,,,,27.868,0.541,0.541,0.541,0.541,0.541,0.541,0.541,2.0,6.0,7.0,6.0,8.0,8.0,8.0,8.0,5.0,17.0,20.0,19.0,21.0,22.0,22.0,22.0,0.0,0.0,0.0,0.0,0.0,0.0,0.0,0.0,,,,,,,,,0.0,1.0,1.0,1.0,1.0,1.0,1.0,1.0,0.0,0.0,0.0,1.0,1.0,1.0,1.0,1.0,0.0,0.0,0.0,0.0,0.0,0.0,0.0,0.0,0.0,0.0,0.0,0.0,0.0,0.0,0.0,0.0,0.0,1.0,1.0,1.0,1.0,1.0,1.0,1.0,2.0,2.0,2.0,3.0,3.0,3.0,3.0,3.0
13895,,51.979661,5.907061,1233,1650,0.213,0.144,1,,,,,,,0.289,0.289,0.289,0.289,0.289,0.289,0.289,0.289,14.0,20.0,23.0,35.0,45.0,47.0,47.0,47.0,37.0,64.0,87.0,106.0,120.0,128.0,130.0,126.0,0.0,0.0,0.0,0.0,0.0,0.0,0.0,0.0,,,,,,,,,0.0,0.0,0.0,0.0,0.0,0.0,0.0,0.0,0.0,0.0,0.0,1.0,1.0,1.0,1.0,1.0,0.0,0.0,0.0,0.0,0.0,0.0,0.0,0.0,0.0,0.0,0.0,0.0,0.0,0.0,0.0,0.0,0.0,0.0,0.0,0.0,0.0,0.0,0.0,0.0,2.0,2.0,2.0,3.0,3.0,3.0,3.0,3.0
13929,,54.053899,13.780809,1250,1650,21.683,0.135,1,,,,,,,26.503,26.503,26.503,26.503,26.503,26.503,26.503,26.503,1.0,1.0,1.0,1.0,1.0,2.0,3.0,4.0,1.0,1.0,1.0,1.0,1.0,3.0,7.0,8.0,0.0,0.0,0.0,0.0,0.0,0.0,0.0,0.0,,,,,,,,,0.0,0.0,0.0,0.0,0.0,0.0,0.0,0.0,0.0,0.0,0.0,0.0,0.0,0.0,0.0,0.0,0.0,0.0,0.0,0.0,0.0,0.0,0.0,0.0,0.0,0.0,0.0,0.0,0.0,0.0,0.0,0.0,0.0,1.0,1.0,1.0,1.0,1.0,1.0,1.0,2.0,2.0,2.0,2.0,2.0,2.0,2.0,2.0
13947,Usedom,53.872938,13.919812,1298,1650,10.94,0.266,1,,,,,,,43.091,43.091,43.091,43.091,43.091,43.091,43.091,33.288,1.0,1.0,1.0,1.0,1.0,2.0,2.0,3.0,1.0,1.0,1.0,1.0,1.0,2.0,6.0,7.0,0.0,0.0,0.0,0.0,0.0,0.0,0.0,0.0,,,,,,,,,0.0,0.0,0.0,0.0,0.0,0.0,0.0,0.0,0.0,0.0,0.0,0.0,0.0,0.0,0.0,0.0,0.0,0.0,0.0,0.0,0.0,0.0,0.0,0.0,0.0,0.0,0.0,0.0,0.0,0.0,0.0,0.0,0.0,0.0,0.0,0.0,0.0,0.0,0.0,0.0,2.0,2.0,2.0,2.0,2.0,2.0,2.0,2.0
13944,Jarmen,53.925441,13.342643,1290,1650,4.663,0.116,1,,,,,,,19.139,19.139,19.139,19.139,19.139,19.139,19.139,19.139,1.0,1.0,1.0,1.0,1.0,2.0,3.0,4.0,1.0,1.0,2.0,2.0,2.0,4.0,7.0,8.0,0.0,0.0,0.0,0.0,0.0,0.0,0.0,0.0,,,,,,,,,0.0,0.0,0.0,0.0,0.0,0.0,0.0,0.0,0.0,0.0,0.0,0.0,0.0,0.0,0.0,0.0,0.0,0.0,0.0,0.0,0.0,0.0,0.0,0.0,0.0,0.0,0.0,0.0,0.0,0.0,0.0,0.0,0.0,0.0,0.0,0.0,0.0,0.0,0.0,0.0,2.0,2.0,2.0,2.0,2.0,2.0,2.0,2.0
13945,Lassan,53.949062,13.851496,1270,1650,11.811,0.177,1,,,,,,,34.813,34.813,34.813,34.813,34.813,34.813,34.813,34.813,1.0,1.0,1.0,1.0,1.0,2.0,2.0,3.0,1.0,1.0,1.0,1.0,1.0,3.0,7.0,8.0,0.0,0.0,0.0,0.0,0.0,0.0,0.0,0.0,,,,,,,,,0.0,0.0,0.0,0.0,0.0,0.0,0.0,0.0,0.0,0.0,0.0,0.0,0.0,0.0,0.0,0.0,0.0,0.0,0.0,0.0,0.0,0.0,0.0,0.0,0.0,0.0,0.0,0.0,0.0,0.0,0.0,0.0,0.0,0.0,0.0,0.0,0.0,0.0,0.0,0.0,2.0,2.0,2.0,2.0,2.0,2.0,2.0,2.0
14022,,52.824228,12.071303,1179,1650,2.963,0.031,1,,,,,,,72.141,7.254,7.254,7.254,7.254,7.254,0.243,0.243,0.0,3.0,3.0,3.0,3.0,6.0,9.0,13.0,4.0,7.0,18.0,21.0,32.0,36.0,48.0,53.0,0.0,0.0,0.0,0.0,0.0,0.0,0.0,0.0,,,,,,,,,1.0,1.0,1.0,1.0,1.0,1.0,1.0,1.0,0.0,0.0,0.0,0.0,0.0,0.0,0.0,0.0,0.0,0.0,0.0,0.0,0.0,0.0,0.0,0.0,0.0,0.0,0.0,0.0,0.0,0.0,0.0,0.0,0.0,1.0,1.0,1.0,1.0,1.0,1.0,1.0,2.0,2.0,2.0,2.0,2.0,2.0,2.0,2.0
13946,Penkun,53.29686,14.23657,1284,1650,15.351,0.303,1,,,,,,,105.215,105.215,44.447,44.447,44.447,44.447,44.447,44.447,0.0,0.0,1.0,1.0,2.0,4.0,5.0,5.0,0.0,0.0,1.0,1.0,2.0,4.0,5.0,6.0,0.0,0.0,0.0,0.0,0.0,0.0,0.0,0.0,,,,,,,,,0.0,0.0,0.0,0.0,0.0,0.0,0.0,0.0,0.0,0.0,0.0,0.0,0.0,0.0,0.0,0.0,0.0,0.0,0.0,0.0,0.0,0.0,0.0,0.0,0.0,0.0,0.0,0.0,0.0,0.0,0.0,0.0,0.0,0.0,0.0,0.0,0.0,0.0,0.0,0.0,2.0,2.0,2.0,2.0,2.0,2.0,2.0,2.0
13949,,54.374305,10.980767,1262,1650,59.691,0.118,1,,,,,,,87.619,87.619,10.982,10.982,10.982,10.982,10.982,10.982,0.0,0.0,1.0,1.0,4.0,4.0,8.0,8.0,3.0,6.0,11.0,15.0,23.0,25.0,40.0,41.0,0.0,0.0,0.0,0.0,0.0,0.0,0.0,0.0,,,,,,,,,0.0,0.0,0.0,0.0,0.0,0.0,0.0,0.0,0.0,0.0,0.0,0.0,0.0,0.0,0.0,0.0,0.0,0.0,0.0,0.0,0.0,0.0,0.0,0.0,0.0,0.0,0.0,0.0,0.0,0.0,0.0,0.0,1.0,1.0,1.0,1.0,1.0,1.0,1.0,1.0,2.0,2.0,2.0,2.0,2.0,2.0,2.0,2.0
13958,,53.895276,11.46024,1226,1650,34.392,0.231,1,,,,,,,29.782,29.782,0.585,0.585,0.585,0.585,0.585,0.585,2.0,2.0,4.0,4.0,5.0,6.0,10.0,11.0,5.0,5.0,9.0,11.0,18.0,18.0,34.0,35.0,0.0,0.0,0.0,0.0,0.0,0.0,0.0,0.0,,,,,,,,,0.0,0.0,0.0,0.0,0.0,0.0,0.0,0.0,0.0,0.0,0.0,1.0,1.0,1.0,1.0,1.0,0.0,0.0,0.0,0.0,0.0,0.0,0.0,0.0,0.0,0.0,0.0,0.0,0.0,0.0,0.0,0.0,1.0,1.0,1.0,1.0,1.0,1.0,1.0,1.0,2.0,2.0,2.0,3.0,3.0,3.0,3.0,3.0
13959,,53.892216,11.464991,1226,1650,34.051,0.062,1,,,,,,,29.476,29.476,0.124,0.124,0.124,0.124,0.124,0.124,2.0,2.0,4.0,4.0,5.0,6.0,10.0,11.0,5.0,5.0,9.0,11.0,18.0,18.0,34.0,35.0,0.0,0.0,0.0,0.0,0.0,0.0,0.0,0.0,,,,,,,,,0.0,0.0,0.0,0.0,0.0,0.0,0.0,0.0,0.0,0.0,0.0,1.0,1.0,1.0,1.0,1.0,0.0,0.0,0.0,0.0,0.0,0.0,0.0,0.0,0.0,0.0,0.0,0.0,0.0,0.0,0.0,0.0,0.0,0.0,0.0,0.0,0.0,0.0,0.0,0.0,2.0,2.0,2.0,3.0,3.0,3.0,3.0,3.0
13982,,52.021493,4.870933,1257,1650,0.099,0.07,1,,,,,,,18.672,11.049,11.049,11.049,11.049,11.049,11.049,11.049,9.0,18.0,21.0,26.0,29.0,31.0,31.0,30.0,25.0,45.0,56.0,69.0,80.0,84.0,85.0,81.0,0.0,0.0,0.0,0.0,0.0,0.0,0.0,0.0,,,,,,,,,0.0,0.0,0.0,0.0,0.0,0.0,0.0,0.0,0.0,1.0,1.0,1.0,1.0,1.0,1.0,1.0,0.0,0.0,1.0,1.0,1.0,1.0,1.0,1.0,0.0,1.0,1.0,1.0,1.0,1.0,1.0,1.0,0.0,0.0,0.0,0.0,0.0,0.0,0.0,0.0,2.0,3.0,3.0,3.0,3.0,3.0,3.0,3.0
13983,,54.789208,9.431928,1200,1650,34.517,0.084,1,,,,,,,73.558,61.914,61.914,61.914,42.494,42.494,31.905,31.905,0.0,0.0,0.0,0.0,3.0,3.0,7.0,7.0,1.0,9.0,14.0,17.0,31.0,26.0,41.0,43.0,0.0,0.0,0.0,0.0,0.0,0.0,0.0,0.0,,,,,,,,,0.0,0.0,0.0,0.0,0.0,0.0,0.0,0.0,0.0,0.0,0.0,0.0,0.0,0.0,0.0,0.0,0.0,0.0,0.0,0.0,0.0,0.0,0.0,0.0,0.0,0.0,0.0,0.0,0.0,0.0,0.0,0.0,0.0,0.0,0.0,0.0,0.0,0.0,0.0,0.0,2.0,2.0,2.0,2.0,2.0,2.0,2.0,2.0
14116,,52.578178,14.632811,1300,1650,9.059,0.152,1,,,,,,,188.131,179.978,43.019,43.019,43.019,43.019,43.019,43.019,0.0,0.0,1.0,1.0,2.0,4.0,4.0,4.0,0.0,0.0,4.0,4.0,5.0,7.0,7.0,7.0,0.0,0.0,0.0,0.0,0.0,0.0,0.0,0.0,,,,,,,,,0.0,0.0,0.0,0.0,0.0,0.0,0.0,0.0,0.0,0.0,0.0,1.0,1.0,1.0,1.0,1.0,0.0,0.0,0.0,0.0,0.0,0.0,0.0,0.0,0.0,0.0,0.0,0.0,0.0,0.0,0.0,0.0,0.0,1.0,1.0,1.0,1.0,1.0,1.0,1.0,2.0,2.0,2.0,3.0,3.0,3.0,3.0,3.0
13984,,54.78948,9.434507,1200,1650,34.581,0.084,1,,,,,,,73.628,61.76,61.76,61.76,42.614,42.614,31.888,31.888,0.0,0.0,0.0,0.0,3.0,3.0,7.0,7.0,1.0,9.0,14.0,17.0,31.0,26.0,41.0,43.0,0.0,0.0,0.0,0.0,0.0,0.0,0.0,0.0,,,,,,,,,0.0,0.0,0.0,0.0,0.0,0.0,0.0,0.0,0.0,0.0,0.0,0.0,0.0,0.0,0.0,0.0,0.0,0.0,0.0,0.0,0.0,0.0,0.0,0.0,0.0,0.0,0.0,0.0,0.0,0.0,0.0,0.0,0.0,1.0,1.0,1.0,1.0,1.0,1.0,1.0,2.0,2.0,2.0,2.0,2.0,2.0,2.0,2.0
13994,,51.271027,3.452902,1187,1650,3.131,0.182,1,,,,,,,0.365,0.365,0.365,17.353,17.353,17.353,17.353,17.353,2.0,6.0,7.0,6.0,8.0,8.0,8.0,8.0,2.0,10.0,11.0,10.0,12.0,12.0,12.0,12.0,0.0,0.0,0.0,0.0,0.0,0.0,0.0,0.0,,,,,,,,,0.0,0.0,0.0,0.0,0.0,0.0,0.0,0.0,0.0,0.0,0.0,0.0,0.0,0.0,0.0,0.0,0.0,0.0,0.0,0.0,0.0,0.0,0.0,0.0,0.0,0.0,0.0,0.0,0.0,0.0,0.0,0.0,0.0,0.0,0.0,0.0,0.0,0.0,0.0,0.0,2.0,2.0,2.0,2.0,2.0,2.0,2.0,2.0
13995,,51.274182,3.447685,1187,1650,2.652,0.072,1,,,,,,,0.143,0.143,0.143,17.166,17.166,17.166,17.166,17.166,2.0,6.0,7.0,6.0,8.0,8.0,8.0,8.0,2.0,10.0,11.0,10.0,12.0,12.0,12.0,12.0,0.0,0.0,0.0,0.0,0.0,0.0,0.0,0.0,,,,,,,,,0.0,0.0,0.0,0.0,0.0,0.0,0.0,0.0,0.0,0.0,0.0,0.0,0.0,0.0,0.0,0.0,0.0,0.0,0.0,0.0,0.0,0.0,0.0,0.0,0.0,0.0,0.0,0.0,0.0,0.0,0.0,0.0,0.0,0.0,0.0,0.0,0.0,0.0,0.0,0.0,2.0,2.0,2.0,2.0,2.0,2.0,2.0,2.0
14093,,53.053821,14.289364,1265,1650,3.979,0.103,1,,,,,,,130.491,130.491,23.464,23.464,23.464,23.464,23.464,23.464,0.0,0.0,1.0,1.0,2.0,4.0,4.0,4.0,0.0,0.0,4.0,4.0,5.0,7.0,8.0,9.0,0.0,0.0,0.0,0.0,0.0,0.0,0.0,0.0,,,,,,,,,0.0,0.0,0.0,0.0,0.0,0.0,0.0,0.0,0.0,0.0,0.0,0.0,0.0,0.0,0.0,0.0,0.0,0.0,0.0,0.0,0.0,0.0,0.0,0.0,0.0,0.0,0.0,0.0,0.0,0.0,1.0,1.0,0.0,1.0,1.0,1.0,1.0,1.0,1.0,1.0,2.0,2.0,2.0,2.0,2.0,2.0,2.0,2.0
14036,,52.253911,6.148712,1123,1650,0.612,0.167,1,,,,,,,12.902,0.82,0.82,0.82,0.82,0.82,0.82,0.82,17.0,25.0,37.0,40.0,48.0,50.0,51.0,48.0,31.0,56.0,72.0,94.0,113.0,120.0,122.0,118.0,0.0,0.0,0.0,0.0,0.0,0.0,0.0,0.0,,,,,,,,,0.0,0.0,0.0,0.0,0.0,0.0,0.0,0.0,0.0,0.0,0.0,0.0,0.0,0.0,0.0,0.0,0.0,0.0,0.0,0.0,1.0,1.0,0.0,0.0,0.0,1.0,1.0,1.0,1.0,1.0,1.0,0.0,0.0,0.0,0.0,0.0,0.0,0.0,0.0,0.0,2.0,2.0,2.0,2.0,2.0,2.0,2.0,2.0
14048,,51.220369,3.232335,1127,1650,0.097,1.091,1,,,,,,,1.406,1.406,1.406,1.406,1.406,1.406,1.406,1.406,2.0,5.0,6.0,4.0,6.0,6.0,6.0,6.0,2.0,8.0,9.0,8.0,10.0,10.0,10.0,10.0,0.0,0.0,0.0,0.0,0.0,0.0,0.0,0.0,,,,,,,,,0.0,0.0,0.0,0.0,0.0,0.0,0.0,0.0,1.0,1.0,1.0,1.0,1.0,0.0,0.0,0.0,0.0,0.0,0.0,0.0,0.0,0.0,0.0,0.0,0.0,0.0,0.0,0.0,0.0,0.0,0.0,0.0,0.0,0.0,0.0,0.0,0.0,0.0,0.0,0.0,3.0,3.0,3.0,3.0,3.0,2.0,2.0,2.0
14084,,53.20631,14.392662,1249,1650,3.976,0.106,1,,,,,,,119.305,119.305,30.446,30.446,30.446,30.446,30.446,30.446,0.0,0.0,1.0,1.0,2.0,4.0,5.0,5.0,0.0,0.0,1.0,1.0,2.0,4.0,5.0,6.0,0.0,0.0,0.0,0.0,0.0,0.0,0.0,0.0,,,,,,,,,0.0,0.0,0.0,0.0,0.0,0.0,0.0,0.0,0.0,0.0,1.0,1.0,1.0,1.0,1.0,1.0,0.0,0.0,0.0,0.0,0.0,0.0,0.0,0.0,0.0,0.0,0.0,0.0,0.0,0.0,0.0,0.0,0.0,1.0,1.0,1.0,1.0,1.0,1.0,1.0,2.0,2.0,3.0,3.0,3.0,3.0,3.0,3.0
14085,,53.252746,14.483475,1254,1650,3.974,0.058,1,,,,,,,118.603,118.603,33.073,33.073,33.073,33.073,33.073,33.073,0.0,0.0,1.0,1.0,2.0,4.0,5.0,5.0,0.0,0.0,1.0,1.0,2.0,4.0,5.0,6.0,0.0,0.0,0.0,0.0,0.0,0.0,0.0,0.0,,,,,,,,,0.0,0.0,0.0,0.0,0.0,0.0,0.0,0.0,0.0,0.0,0.0,0.0,0.0,0.0,0.0,0.0,0.0,0.0,0.0,0.0,0.0,0.0,0.0,0.0,0.0,0.0,0.0,0.0,0.0,0.0,0.0,0.0,0.0,1.0,1.0,1.0,1.0,1.0,1.0,1.0,2.0,2.0,2.0,2.0,2.0,2.0,2.0,2.0
14094,,52.864845,14.045158,1259,1650,2.699,0.056,1,,,,,,,143.787,138.478,39.295,39.295,39.295,39.295,39.295,39.295,0.0,0.0,1.0,1.0,2.0,4.0,4.0,4.0,0.0,0.0,4.0,4.0,5.0,7.0,9.0,10.0,0.0,0.0,0.0,0.0,0.0,0.0,0.0,0.0,,,,,,,,,0.0,0.0,0.0,0.0,0.0,0.0,0.0,0.0,0.0,1.0,1.0,0.0,0.0,0.0,0.0,0.0,0.0,0.0,0.0,0.0,0.0,0.0,0.0,0.0,0.0,0.0,0.0,0.0,0.0,0.0,0.0,0.0,0.0,1.0,1.0,1.0,1.0,1.0,1.0,1.0,2.0,3.0,3.0,2.0,2.0,2.0,2.0,2.0
14098,,50.979265,11.034763,1167,1650,68.564,0.089,1,,,,,,,48.017,0.447,0.447,0.447,0.447,0.447,0.447,0.447,1.0,9.0,10.0,13.0,20.0,24.0,25.0,24.0,15.0,34.0,44.0,64.0,84.0,97.0,114.0,123.0,0.0,0.0,0.0,0.0,0.0,0.0,0.0,0.0,,,,,,,,,0.0,0.0,0.0,0.0,0.0,0.0,0.0,0.0,1.0,1.0,1.0,1.0,1.0,0.0,0.0,0.0,0.0,0.0,0.0,0.0,0.0,0.0,0.0,0.0,0.0,0.0,0.0,0.0,0.0,0.0,0.0,0.0,0.0,0.0,0.0,0.0,0.0,0.0,0.0,0.0,3.0,3.0,3.0,3.0,3.0,2.0,2.0,2.0
14101,,52.579365,13.881565,1232,1650,15.713,0.064,1,,,,,,,160.227,129.222,32.788,32.788,32.788,32.788,32.788,32.788,0.0,0.0,3.0,3.0,3.0,3.0,3.0,3.0,0.0,0.0,4.0,4.0,8.0,11.0,15.0,15.0,0.0,0.0,0.0,0.0,0.0,0.0,0.0,0.0,,,,,,,,,0.0,0.0,0.0,0.0,0.0,0.0,0.0,0.0,0.0,0.0,0.0,0.0,0.0,0.0,0.0,0.0,0.0,0.0,0.0,0.0,0.0,0.0,0.0,0.0,0.0,0.0,0.0,0.0,0.0,0.0,0.0,0.0,0.0,0.0,0.0,0.0,0.0,0.0,0.0,0.0,2.0,2.0,2.0,2.0,2.0,2.0,2.0,2.0
14122,,52.344834,14.554629,1253,1650,4.478,0.048,1,,,,,,,186.852,176.462,69.023,69.023,69.023,69.023,69.023,69.023,0.0,0.0,0.0,0.0,0.0,0.0,0.0,0.0,0.0,0.0,4.0,4.0,5.0,7.0,9.0,9.0,0.0,0.0,0.0,0.0,0.0,0.0,0.0,0.0,,,,,,,,,0.0,0.0,0.0,0.0,0.0,0.0,0.0,0.0,1.0,1.0,1.0,1.0,1.0,1.0,1.0,1.0,0.0,0.0,0.0,0.0,0.0,0.0,0.0,0.0,0.0,0.0,0.0,0.0,0.0,0.0,0.0,0.0,0.0,0.0,0.0,0.0,0.0,0.0,0.0,0.0,3.0,3.0,3.0,3.0,3.0,3.0,3.0,3.0
14123,,52.346428,14.554072,1253,1650,4.299,0.08,1,,,,,,,186.926,176.4,68.848,68.848,68.848,68.848,68.848,68.848,0.0,0.0,0.0,0.0,0.0,0.0,0.0,0.0,0.0,0.0,4.0,4.0,5.0,7.0,9.0,9.0,0.0,0.0,0.0,0.0,0.0,0.0,0.0,0.0,,,,,,,,,0.0,0.0,0.0,0.0,0.0,0.0,0.0,0.0,1.0,1.0,1.0,1.0,1.0,1.0,1.0,1.0,0.0,0.0,0.0,0.0,0.0,0.0,0.0,0.0,0.0,0.0,0.0,0.0,0.0,0.0,0.0,0.0,0.0,0.0,0.0,0.0,0.0,0.0,0.0,0.0,3.0,3.0,3.0,3.0,3.0,3.0,3.0,3.0
14124,,52.347265,14.556805,1253,1650,4.224,0.078,1,,,,,,,187.131,176.571,68.745,68.745,68.745,68.745,68.745,68.745,0.0,0.0,0.0,0.0,0.0,0.0,0.0,0.0,0.0,0.0,4.0,4.0,5.0,7.0,9.0,9.0,0.0,0.0,0.0,0.0,0.0,0.0,0.0,0.0,,,,,,,,,1.0,1.0,1.0,1.0,1.0,1.0,1.0,1.0,1.0,1.0,1.0,1.0,1.0,1.0,1.0,1.0,1.0,1.0,1.0,1.0,1.0,1.0,1.0,1.0,0.0,0.0,0.0,0.0,0.0,0.0,0.0,0.0,0.0,0.0,0.0,0.0,0.0,0.0,0.0,0.0,3.0,3.0,3.0,3.0,3.0,3.0,3.0,3.0
14125,,52.347306,14.552216,1253,1650,4.194,0.08,1,,,,,,,186.881,176.261,68.757,68.757,68.757,68.757,68.757,68.757,0.0,0.0,0.0,0.0,0.0,0.0,0.0,0.0,0.0,0.0,4.0,4.0,5.0,7.0,9.0,9.0,0.0,0.0,0.0,0.0,0.0,0.0,0.0,0.0,,,,,,,,,0.0,0.0,0.0,0.0,0.0,0.0,0.0,0.0,1.0,1.0,1.0,1.0,1.0,1.0,1.0,1.0,0.0,0.0,0.0,0.0,0.0,0.0,0.0,0.0,0.0,0.0,0.0,0.0,0.0,0.0,0.0,0.0,0.0,0.0,0.0,0.0,0.0,0.0,0.0,0.0,3.0,3.0,3.0,3.0,3.0,3.0,3.0,3.0
14129,,52.356462,14.058632,1252,1650,0.278,0.155,1,,,,,,,161.732,142.957,47.693,47.693,47.693,47.693,47.693,47.693,0.0,0.0,3.0,3.0,3.0,3.0,3.0,3.0,0.0,0.0,4.0,4.0,5.0,8.0,11.0,11.0,0.0,0.0,0.0,0.0,0.0,0.0,0.0,0.0,,,,,,,,,0.0,0.0,0.0,0.0,0.0,0.0,0.0,0.0,0.0,0.0,0.0,0.0,0.0,0.0,0.0,0.0,0.0,0.0,0.0,0.0,0.0,0.0,0.0,0.0,0.0,0.0,0.0,0.0,0.0,0.0,0.0,0.0,1.0,1.0,1.0,1.0,1.0,1.0,1.0,1.0,2.0,2.0,2.0,2.0,2.0,2.0,2.0,2.0
14130,,52.356794,14.063173,1252,1650,0.178,0.086,1,,,,,,,161.981,143.255,47.964,47.964,47.964,47.964,47.964,47.964,0.0,0.0,3.0,3.0,3.0,3.0,3.0,3.0,0.0,0.0,4.0,4.0,5.0,8.0,11.0,11.0,0.0,0.0,0.0,0.0,0.0,0.0,0.0,0.0,,,,,,,,,0.0,0.0,0.0,0.0,0.0,0.0,0.0,0.0,0.0,0.0,0.0,0.0,0.0,0.0,0.0,0.0,0.0,0.0,0.0,0.0,0.0,0.0,0.0,0.0,0.0,0.0,0.0,0.0,0.0,0.0,0.0,0.0,0.0,0.0,0.0,0.0,0.0,0.0,0.0,0.0,2.0,2.0,2.0,2.0,2.0,2.0,2.0,2.0
14134,,52.048581,15.100264,1201,1650,2.289,0.126,1,,,,,,,203.715,203.715,107.197,107.197,107.197,107.197,107.197,107.197,0.0,0.0,0.0,0.0,0.0,0.0,0.0,0.0,0.0,0.0,0.0,0.0,0.0,0.0,0.0,0.0,0.0,0.0,0.0,0.0,0.0,0.0,0.0,0.0,,,,,,,,,0.0,0.0,0.0,0.0,0.0,0.0,0.0,0.0,0.0,0.0,0.0,0.0,0.0,0.0,0.0,0.0,0.0,0.0,0.0,0.0,0.0,0.0,0.0,0.0,0.0,0.0,0.0,0.0,0.0,0.0,0.0,0.0,0.0,1.0,1.0,1.0,1.0,1.0,1.0,1.0,2.0,2.0,2.0,2.0,2.0,2.0,2.0,2.0
14148,,52.835851,13.822281,1300,1650,0.037,0.14,1,,,,,,,143.143,123.59,45.049,45.049,45.049,45.049,45.049,45.049,0.0,0.0,3.0,3.0,3.0,3.0,3.0,3.0,0.0,0.0,4.0,4.0,8.0,10.0,13.0,14.0,0.0,0.0,0.0,0.0,0.0,0.0,0.0,0.0,,,,,,,,,0.0,0.0,0.0,0.0,0.0,0.0,0.0,0.0,0.0,1.0,1.0,1.0,1.0,1.0,1.0,1.0,0.0,0.0,0.0,0.0,0.0,0.0,0.0,0.0,0.0,0.0,0.0,0.0,0.0,0.0,0.0,0.0,0.0,1.0,1.0,1.0,1.0,1.0,1.0,1.0,2.0,3.0,3.0,3.0,3.0,3.0,3.0,3.0
14161,,51.951793,14.721344,1235,1650,6.696,0.023,1,,,,,,,175.634,175.634,109.446,109.446,109.446,109.446,107.017,103.633,0.0,0.0,0.0,0.0,0.0,0.0,0.0,0.0,0.0,0.0,0.0,0.0,0.0,0.0,0.0,0.0,0.0,0.0,0.0,0.0,0.0,0.0,0.0,0.0,,,,,,,,,0.0,0.0,0.0,0.0,0.0,0.0,0.0,0.0,0.0,0.0,0.0,0.0,0.0,0.0,0.0,0.0,0.0,1.0,1.0,1.0,1.0,1.0,1.0,1.0,0.0,0.0,0.0,0.0,0.0,0.0,0.0,0.0,0.0,0.0,0.0,0.0,0.0,0.0,0.0,0.0,2.0,2.0,2.0,2.0,2.0,2.0,2.0,2.0
14162,,51.95184,14.72202,1235,1650,6.683,0.023,1,,,,,,,175.679,175.679,109.48,109.48,109.48,109.48,107.062,103.677,0.0,0.0,0.0,0.0,0.0,0.0,0.0,0.0,0.0,0.0,0.0,0.0,0.0,0.0,0.0,0.0,0.0,0.0,0.0,0.0,0.0,0.0,0.0,0.0,,,,,,,,,0.0,0.0,0.0,0.0,0.0,0.0,0.0,0.0,0.0,0.0,0.0,0.0,0.0,0.0,0.0,0.0,0.0,0.0,0.0,0.0,0.0,0.0,0.0,0.0,0.0,0.0,0.0,0.0,0.0,0.0,0.0,0.0,1.0,1.0,1.0,1.0,1.0,1.0,1.0,1.0,2.0,2.0,2.0,2.0,2.0,2.0,2.0,2.0
14164,,52.14533,14.675788,1293,1650,4.973,0.07,1,,,,,,,181.995,181.995,91.233,91.233,91.233,91.233,91.233,91.233,0.0,0.0,0.0,0.0,0.0,0.0,0.0,0.0,0.0,0.0,4.0,4.0,5.0,7.0,7.0,7.0,0.0,0.0,0.0,0.0,0.0,0.0,0.0,0.0,,,,,,,,,0.0,0.0,0.0,0.0,0.0,0.0,0.0,0.0,0.0,0.0,0.0,0.0,0.0,0.0,0.0,0.0,0.0,0.0,0.0,0.0,0.0,0.0,0.0,0.0,0.0,0.0,0.0,0.0,0.0,0.0,0.0,0.0,0.0,1.0,1.0,1.0,1.0,1.0,1.0,1.0,2.0,2.0,2.0,2.0,2.0,2.0,2.0,2.0
14168,,52.515021,13.409484,1244,1650,0.1,0.081,1,,,,,,,127.656,97.355,0.408,0.408,0.408,0.408,0.408,0.408,0.0,0.0,3.0,3.0,3.0,3.0,5.0,5.0,0.0,1.0,7.0,7.0,11.0,17.0,22.0,25.0,0.0,0.0,0.0,0.0,0.0,0.0,0.0,0.0,,,,,,,,,0.0,0.0,0.0,0.0,0.0,0.0,0.0,0.0,0.0,1.0,1.0,1.0,1.0,1.0,1.0,1.0,0.0,0.0,0.0,0.0,0.0,0.0,0.0,0.0,0.0,0.0,0.0,0.0,0.0,0.0,0.0,0.0,0.0,1.0,1.0,1.0,1.0,1.0,1.0,1.0,2.0,3.0,3.0,3.0,3.0,3.0,3.0,3.0
14172,,51.054846,13.739257,1200,1650,8.795,0.192,1,,,,,,,100.239,100.239,73.25,33.931,22.294,22.294,22.294,22.294,0.0,0.0,0.0,1.0,1.0,1.0,1.0,1.0,0.0,0.0,2.0,5.0,5.0,8.0,8.0,12.0,0.0,0.0,0.0,0.0,0.0,0.0,0.0,0.0,,,,,,,,,0.0,0.0,0.0,0.0,0.0,0.0,0.0,0.0,0.0,0.0,0.0,0.0,1.0,1.0,1.0,1.0,1.0,1.0,1.0,1.0,1.0,1.0,1.0,1.0,0.0,0.0,0.0,0.0,0.0,0.0,0.0,0.0,0.0,0.0,0.0,0.0,0.0,0.0,0.0,0.0,2.0,2.0,2.0,2.0,3.0,3.0,3.0,3.0
14208,,51.499663,3.625688,1217,1650,0.962,0.165,1,,,,,,,27.968,0.991,0.991,0.991,0.991,0.991,0.991,0.991,2.0,6.0,7.0,6.0,8.0,8.0,8.0,8.0,5.0,17.0,20.0,19.0,21.0,22.0,22.0,22.0,0.0,0.0,0.0,0.0,0.0,0.0,0.0,0.0,,,,,,,,,0.0,0.0,0.0,0.0,0.0,0.0,0.0,0.0,0.0,0.0,0.0,1.0,1.0,1.0,1.0,1.0,0.0,0.0,0.0,0.0,0.0,0.0,0.0,0.0,0.0,1.0,1.0,1.0,1.0,1.0,1.0,1.0,0.0,0.0,0.0,0.0,0.0,0.0,0.0,0.0,2.0,2.0,2.0,3.0,3.0,3.0,3.0,3.0
14261,,52.412922,12.552956,1170,1650,0.637,0.066,1,,,,,,,69.614,41.908,32.879,32.879,0.131,0.131,0.131,0.131,0.0,1.0,3.0,3.0,6.0,10.0,12.0,16.0,2.0,5.0,11.0,14.0,25.0,33.0,50.0,58.0,0.0,0.0,0.0,0.0,0.0,0.0,0.0,0.0,,,,,,,,,0.0,0.0,0.0,0.0,0.0,0.0,0.0,0.0,0.0,0.0,0.0,0.0,1.0,1.0,1.0,1.0,0.0,0.0,0.0,0.0,0.0,0.0,0.0,0.0,0.0,0.0,0.0,0.0,0.0,0.0,0.0,0.0,0.0,0.0,0.0,0.0,0.0,0.0,0.0,0.0,2.0,2.0,2.0,2.0,3.0,3.0,3.0,3.0
14298,,51.964124,12.085386,1200,1650,9.716,0.153,1,,,,,,,35.76,35.76,35.76,35.76,0.318,0.318,0.318,0.318,1.0,1.0,4.0,4.0,8.0,13.0,21.0,25.0,7.0,17.0,25.0,36.0,49.0,63.0,83.0,99.0,0.0,0.0,0.0,0.0,0.0,0.0,0.0,0.0,,,,,,,,,0.0,0.0,0.0,0.0,0.0,0.0,0.0,0.0,0.0,0.0,0.0,0.0,0.0,0.0,0.0,0.0,0.0,0.0,0.0,0.0,0.0,0.0,0.0,0.0,0.0,0.0,0.0,0.0,0.0,0.0,0.0,0.0,0.0,0.0,0.0,0.0,0.0,0.0,0.0,0.0,2.0,2.0,2.0,2.0,2.0,2.0,2.0,2.0
14301,,52.539189,11.977961,1200,1650,2.833,0.132,1,,,,,,,50.84,0.511,0.511,0.511,0.511,0.511,0.511,0.511,0.0,3.0,5.0,5.0,12.0,15.0,23.0,28.0,5.0,11.0,22.0,25.0,37.0,45.0,63.0,74.0,0.0,0.0,0.0,0.0,0.0,0.0,0.0,0.0,,,,,,,,,0.0,0.0,0.0,0.0,0.0,0.0,0.0,0.0,0.0,0.0,0.0,0.0,0.0,1.0,0.0,0.0,0.0,0.0,0.0,0.0,0.0,0.0,0.0,0.0,0.0,0.0,1.0,1.0,1.0,1.0,1.0,1.0,0.0,0.0,0.0,0.0,0.0,0.0,0.0,0.0,2.0,2.0,2.0,2.0,2.0,3.0,2.0,2.0
14305,,52.882138,11.489316,1289,1650,18.869,0.087,1,,,,,,,35.706,33.169,22.929,22.929,22.929,22.929,22.929,22.929,1.0,4.0,9.0,12.0,17.0,17.0,20.0,22.0,7.0,13.0,27.0,35.0,43.0,46.0,68.0,75.0,0.0,0.0,0.0,0.0,0.0,0.0,0.0,0.0,,,,,,,,,0.0,0.0,0.0,0.0,0.0,0.0,0.0,0.0,0.0,0.0,0.0,0.0,0.0,0.0,0.0,0.0,0.0,0.0,0.0,0.0,0.0,0.0,0.0,0.0,0.0,0.0,0.0,0.0,0.0,0.0,0.0,0.0,0.0,0.0,0.0,0.0,0.0,0.0,0.0,0.0,2.0,2.0,2.0,2.0,2.0,2.0,2.0,2.0
14374,Groitzsch,51.156692,12.278638,1200,1650,14.743,0.641,1,,,,,,,15.524,15.524,15.524,15.524,15.524,15.524,15.524,15.524,5.0,7.0,12.0,18.0,22.0,24.0,25.0,28.0,5.0,13.0,19.0,36.0,51.0,65.0,73.0,80.0,0.0,0.0,0.0,0.0,0.0,0.0,0.0,0.0,,,,,,,,,1.0,1.0,1.0,1.0,1.0,1.0,1.0,1.0,0.0,0.0,0.0,0.0,0.0,0.0,0.0,0.0,0.0,0.0,0.0,0.0,0.0,0.0,0.0,0.0,0.0,0.0,0.0,0.0,0.0,0.0,0.0,0.0,0.0,0.0,0.0,0.0,0.0,0.0,0.0,0.0,2.0,2.0,2.0,2.0,2.0,2.0,2.0,2.0
14326,,51.430985,13.213406,1230,1650,4.107,0.28,1,,,,,,,59.091,59.091,39.929,26.848,34.739,8.426,8.426,8.426,0.0,0.0,2.0,3.0,3.0,6.0,6.0,8.0,4.0,5.0,9.0,14.0,21.0,25.0,32.0,39.0,0.0,0.0,0.0,0.0,0.0,0.0,0.0,0.0,,,,,,,,,0.0,0.0,0.0,0.0,1.0,1.0,1.0,1.0,0.0,0.0,0.0,0.0,0.0,0.0,0.0,0.0,0.0,0.0,0.0,0.0,0.0,0.0,0.0,0.0,0.0,0.0,0.0,0.0,0.0,0.0,0.0,0.0,0.0,1.0,1.0,1.0,1.0,1.0,1.0,1.0,2.0,2.0,2.0,2.0,2.0,2.0,2.0,2.0
14332,,51.164433,13.475929,1150,1650,11.236,0.205,1,,,,,,,79.101,79.101,52.59,12.183,0.41,0.41,0.41,0.41,0.0,0.0,0.0,1.0,1.0,2.0,2.0,4.0,3.0,3.0,7.0,10.0,14.0,17.0,19.0,25.0,0.0,0.0,0.0,0.0,0.0,0.0,0.0,0.0,,,,,,,,,1.0,1.0,1.0,1.0,1.0,1.0,1.0,1.0,0.0,0.0,0.0,0.0,0.0,0.0,0.0,0.0,1.0,1.0,1.0,1.0,1.0,1.0,1.0,1.0,0.0,0.0,0.0,0.0,0.0,0.0,0.0,0.0,0.0,0.0,0.0,0.0,0.0,0.0,0.0,0.0,2.0,2.0,2.0,2.0,2.0,2.0,2.0,2.0
14333,,51.162031,13.477247,1150,1650,11.012,0.244,1,,,,,,,79.258,79.258,52.724,12.352,0.488,0.488,0.488,0.488,0.0,0.0,0.0,1.0,1.0,2.0,2.0,4.0,3.0,3.0,7.0,10.0,14.0,17.0,19.0,25.0,0.0,0.0,0.0,0.0,0.0,0.0,0.0,0.0,,,,,,,,,0.0,0.0,0.0,0.0,0.0,0.0,0.0,0.0,0.0,0.0,0.0,0.0,0.0,0.0,0.0,0.0,0.0,0.0,0.0,0.0,0.0,0.0,0.0,0.0,0.0,0.0,0.0,0.0,0.0,0.0,0.0,0.0,0.0,1.0,1.0,1.0,1.0,1.0,1.0,1.0,2.0,2.0,2.0,2.0,2.0,2.0,2.0,2.0
14339,,51.053558,13.741349,1200,1650,8.593,0.137,1,,,,,,,100.424,100.424,73.431,34.127,22.495,22.495,22.495,22.495,0.0,0.0,0.0,1.0,1.0,1.0,1.0,1.0,0.0,0.0,2.0,5.0,5.0,8.0,8.0,12.0,0.0,0.0,0.0,0.0,0.0,0.0,0.0,0.0,,,,,,,,,0.0,0.0,0.0,0.0,0.0,0.0,0.0,0.0,0.0,0.0,0.0,0.0,1.0,1.0,1.0,1.0,0.0,0.0,0.0,0.0,0.0,0.0,0.0,0.0,0.0,0.0,0.0,0.0,0.0,0.0,0.0,0.0,0.0,1.0,1.0,1.0,1.0,1.0,1.0,1.0,2.0,2.0,2.0,2.0,3.0,3.0,3.0,3.0
14369,,51.125259,12.499862,1264,1650,18.152,0.145,1,,,,,,,25.415,25.415,20.273,16.248,16.248,16.248,16.248,0.291,3.0,5.0,10.0,12.0,16.0,16.0,17.0,19.0,5.0,7.0,13.0,30.0,44.0,56.0,64.0,71.0,0.0,0.0,0.0,0.0,0.0,0.0,0.0,0.0,,,,,,,,,0.0,0.0,0.0,0.0,0.0,0.0,0.0,0.0,0.0,0.0,0.0,0.0,0.0,0.0,0.0,0.0,0.0,0.0,0.0,0.0,0.0,0.0,0.0,0.0,0.0,0.0,0.0,0.0,0.0,0.0,0.0,0.0,0.0,0.0,0.0,0.0,0.0,0.0,0.0,0.0,2.0,2.0,2.0,2.0,2.0,2.0,2.0,2.0
14370,,51.167787,12.247846,1226,1650,14.95,0.25,1,,,,,,,15.267,15.267,15.267,15.267,15.267,15.267,15.267,15.267,5.0,7.0,12.0,20.0,24.0,26.0,27.0,30.0,7.0,16.0,22.0,39.0,54.0,68.0,76.0,83.0,0.0,0.0,0.0,0.0,0.0,0.0,0.0,0.0,,,,,,,,,0.0,0.0,0.0,0.0,0.0,0.0,0.0,0.0,0.0,0.0,0.0,0.0,0.0,0.0,0.0,0.0,0.0,0.0,0.0,0.0,0.0,0.0,0.0,0.0,0.0,0.0,0.0,0.0,0.0,0.0,0.0,0.0,0.0,0.0,0.0,0.0,0.0,0.0,0.0,0.0,2.0,2.0,2.0,2.0,2.0,2.0,2.0,2.0
14385,Wilsdruff,51.05171,13.537449,1294,1650,8.005,2.182,1,,,,,,,87.143,87.143,59.967,22.699,13.239,13.239,13.239,13.239,0.0,0.0,0.0,1.0,1.0,1.0,1.0,1.0,3.0,3.0,7.0,10.0,14.0,17.0,18.0,22.0,0.0,0.0,0.0,0.0,0.0,0.0,0.0,0.0,,,,,,,,,0.0,0.0,0.0,0.0,1.0,1.0,1.0,1.0,0.0,0.0,0.0,0.0,0.0,0.0,0.0,0.0,0.0,0.0,0.0,0.0,0.0,0.0,0.0,0.0,0.0,0.0,0.0,0.0,0.0,0.0,0.0,0.0,0.0,0.0,0.0,0.0,0.0,0.0,0.0,0.0,1.0,1.0,1.0,1.0,1.0,1.0,1.0,1.0
14389,,53.968718,13.132026,1242,1650,4.799,0.124,1,,,,,,,21.562,21.562,21.562,21.562,21.562,21.562,9.36,9.36,1.0,1.0,1.0,1.0,1.0,2.0,4.0,5.0,1.0,1.0,2.0,2.0,2.0,4.0,8.0,9.0,0.0,0.0,0.0,0.0,0.0,0.0,0.0,0.0,,,,,,,,,1.0,1.0,1.0,1.0,1.0,1.0,1.0,1.0,0.0,0.0,0.0,0.0,0.0,0.0,0.0,0.0,1.0,1.0,1.0,1.0,1.0,1.0,1.0,1.0,0.0,0.0,0.0,0.0,0.0,0.0,0.0,0.0,0.0,1.0,1.0,1.0,1.0,1.0,1.0,1.0,2.0,2.0,2.0,2.0,2.0,2.0,2.0,2.0
14392,,52.966324,14.429304,1270,1650,7.968,0.169,1,,,,,,,143.46,143.46,11.922,11.922,11.922,11.922,11.922,11.922,0.0,0.0,1.0,1.0,2.0,4.0,4.0,4.0,0.0,0.0,4.0,4.0,5.0,7.0,8.0,9.0,0.0,0.0,0.0,0.0,0.0,0.0,0.0,0.0,,,,,,,,,0.0,0.0,0.0,0.0,0.0,0.0,0.0,0.0,0.0,0.0,0.0,0.0,0.0,0.0,0.0,0.0,0.0,0.0,0.0,0.0,0.0,0.0,0.0,0.0,0.0,0.0,0.0,0.0,0.0,0.0,0.0,0.0,1.0,1.0,1.0,1.0,1.0,1.0,1.0,1.0,2.0,2.0,2.0,2.0,2.0,2.0,2.0,2.0
14396,,53.422178,14.560474,1243,1650,9.933,0.11,1,,,,,,,107.826,107.826,50.96,50.96,50.96,50.96,23.705,23.705,0.0,0.0,0.0,0.0,0.0,0.0,1.0,1.0,0.0,0.0,1.0,1.0,2.0,4.0,5.0,6.0,0.0,0.0,0.0,0.0,0.0,0.0,0.0,0.0,,,,,,,,,0.0,0.0,0.0,0.0,0.0,0.0,0.0,0.0,1.0,1.0,1.0,1.0,1.0,1.0,1.0,1.0,1.0,1.0,1.0,1.0,1.0,1.0,1.0,1.0,0.0,0.0,0.0,0.0,0.0,0.0,0.0,0.0,0.0,0.0,0.0,0.0,0.0,0.0,0.0,0.0,3.0,3.0,3.0,3.0,3.0,3.0,3.0,3.0
14399,,53.39797,14.661177,1260,1650,10.136,0.192,1,,,,,,,114.505,114.505,48.306,48.306,48.306,48.306,21.501,21.501,0.0,0.0,1.0,1.0,2.0,4.0,5.0,5.0,0.0,0.0,1.0,1.0,2.0,4.0,5.0,6.0,0.0,0.0,0.0,0.0,0.0,0.0,0.0,0.0,,,,,,,,,0.0,0.0,0.0,0.0,0.0,0.0,0.0,0.0,0.0,0.0,0.0,0.0,0.0,0.0,0.0,0.0,0.0,0.0,0.0,0.0,0.0,0.0,0.0,0.0,0.0,0.0,0.0,0.0,0.0,0.0,0.0,0.0,0.0,1.0,1.0,1.0,1.0,1.0,1.0,1.0,2.0,2.0,2.0,2.0,2.0,2.0,2.0,2.0
14406,,53.908546,13.030196,1236,1650,4.645,0.079,1,,,,,,,30.991,30.991,30.991,30.991,30.991,30.991,0.234,0.234,1.0,1.0,1.0,1.0,1.0,3.0,5.0,6.0,1.0,1.0,2.0,2.0,2.0,4.0,10.0,11.0,0.0,0.0,0.0,0.0,0.0,0.0,0.0,0.0,,,,,,,,,0.0,0.0,0.0,0.0,0.0,0.0,0.0,0.0,0.0,0.0,0.0,0.0,0.0,0.0,0.0,0.0,0.0,0.0,0.0,0.0,0.0,0.0,0.0,0.0,0.0,0.0,0.0,0.0,0.0,0.0,0.0,0.0,0.0,0.0,0.0,0.0,0.0,0.0,0.0,0.0,2.0,2.0,2.0,2.0,2.0,2.0,2.0,2.0
14416,,54.054214,13.785058,1250,1650,21.742,0.14,1,,,,,,,26.77,26.77,26.77,26.77,26.77,26.77,26.77,26.77,1.0,1.0,1.0,1.0,1.0,2.0,3.0,4.0,1.0,1.0,1.0,1.0,1.0,3.0,7.0,8.0,0.0,0.0,0.0,0.0,0.0,0.0,0.0,0.0,,,,,,,,,0.0,0.0,0.0,0.0,0.0,0.0,0.0,0.0,0.0,0.0,0.0,0.0,0.0,0.0,0.0,0.0,0.0,0.0,0.0,0.0,0.0,0.0,0.0,0.0,0.0,1.0,1.0,1.0,1.0,1.0,1.0,1.0,0.0,0.0,0.0,0.0,0.0,0.0,0.0,0.0,2.0,2.0,2.0,2.0,2.0,2.0,2.0,2.0
14419,,54.052904,13.774793,1250,1650,21.545,0.092,1,,,,,,,26.138,26.138,26.138,26.138,26.138,26.138,26.138,26.138,1.0,1.0,1.0,1.0,1.0,2.0,3.0,4.0,1.0,1.0,1.0,1.0,1.0,3.0,7.0,8.0,0.0,0.0,0.0,0.0,0.0,0.0,0.0,0.0,,,,,,,,,0.0,0.0,0.0,0.0,0.0,0.0,0.0,0.0,0.0,0.0,0.0,0.0,0.0,0.0,0.0,0.0,0.0,0.0,0.0,0.0,0.0,0.0,0.0,0.0,0.0,0.0,0.0,0.0,0.0,0.0,0.0,0.0,0.0,0.0,0.0,0.0,0.0,0.0,0.0,0.0,2.0,2.0,2.0,2.0,2.0,2.0,2.0,2.0
14421,,53.951303,13.855322,1270,1650,12.156,0.177,1,,,,,,,34.917,34.917,34.917,34.917,34.917,34.917,34.917,34.917,1.0,1.0,1.0,1.0,1.0,2.0,2.0,3.0,1.0,1.0,1.0,1.0,1.0,3.0,7.0,8.0,0.0,0.0,0.0,0.0,0.0,0.0,0.0,0.0,,,,,,,,,0.0,0.0,0.0,0.0,0.0,0.0,0.0,0.0,0.0,0.0,0.0,0.0,0.0,0.0,0.0,0.0,0.0,0.0,0.0,0.0,0.0,0.0,0.0,0.0,0.0,0.0,0.0,0.0,0.0,0.0,0.0,0.0,0.0,1.0,1.0,1.0,1.0,1.0,1.0,1.0,2.0,2.0,2.0,2.0,2.0,2.0,2.0,2.0
14422,,53.946081,13.844509,1270,1650,11.288,0.282,1,,,,,,,34.57,34.57,34.57,34.57,34.57,34.57,34.57,34.57,1.0,1.0,1.0,1.0,1.0,2.0,2.0,3.0,1.0,1.0,1.0,1.0,1.0,3.0,7.0,8.0,0.0,0.0,0.0,0.0,0.0,0.0,0.0,0.0,,,,,,,,,0.0,0.0,0.0,0.0,0.0,0.0,0.0,0.0,0.0,0.0,0.0,0.0,0.0,0.0,0.0,0.0,0.0,0.0,0.0,0.0,0.0,0.0,0.0,0.0,0.0,0.0,0.0,0.0,0.0,0.0,0.0,0.0,0.0,0.0,0.0,0.0,0.0,0.0,0.0,0.0,2.0,2.0,2.0,2.0,2.0,2.0,2.0,2.0
14428,,54.316576,13.094791,1234,1650,32.134,0.103,1,,,,,,,30.782,30.782,30.782,30.782,30.782,30.782,24.637,24.637,1.0,1.0,1.0,1.0,1.0,2.0,4.0,4.0,1.0,2.0,3.0,3.0,3.0,5.0,8.0,9.0,0.0,0.0,0.0,0.0,0.0,0.0,0.0,0.0,,,,,,,,,0.0,0.0,0.0,0.0,0.0,0.0,0.0,0.0,0.0,0.0,0.0,1.0,1.0,1.0,1.0,1.0,0.0,0.0,0.0,0.0,0.0,0.0,0.0,0.0,1.0,1.0,1.0,1.0,1.0,1.0,1.0,1.0,0.0,0.0,0.0,0.0,0.0,0.0,0.0,0.0,2.0,2.0,2.0,3.0,3.0,3.0,3.0,3.0
14434,,53.670702,13.55332,1244,1650,24.813,0.153,1,,,,,,,48.63,48.63,48.63,48.63,48.63,48.63,43.135,0.338,1.0,1.0,1.0,1.0,1.0,2.0,3.0,4.0,1.0,1.0,1.0,1.0,1.0,3.0,8.0,9.0,0.0,0.0,0.0,0.0,0.0,0.0,0.0,0.0,,,,,,,,,0.0,0.0,0.0,0.0,0.0,0.0,0.0,0.0,0.0,0.0,0.0,0.0,0.0,0.0,0.0,0.0,0.0,0.0,0.0,0.0,0.0,0.0,0.0,0.0,0.0,0.0,0.0,0.0,0.0,0.0,0.0,0.0,0.0,0.0,0.0,0.0,0.0,0.0,0.0,0.0,2.0,2.0,2.0,2.0,2.0,2.0,2.0,2.0
14444,,53.871036,13.927258,1298,1650,11.399,0.266,1,,,,,,,43.611,43.611,43.611,43.611,43.611,43.611,43.611,33.505,1.0,1.0,1.0,1.0,1.0,2.0,2.0,3.0,1.0,1.0,1.0,1.0,1.0,2.0,6.0,7.0,0.0,0.0,0.0,0.0,0.0,0.0,0.0,0.0,,,,,,,,,0.0,0.0,0.0,0.0,0.0,0.0,0.0,0.0,0.0,0.0,0.0,0.0,0.0,0.0,0.0,0.0,0.0,0.0,0.0,0.0,0.0,0.0,0.0,0.0,0.0,0.0,0.0,0.0,0.0,0.0,0.0,0.0,0.0,1.0,1.0,1.0,1.0,1.0,1.0,1.0,2.0,2.0,2.0,2.0,2.0,2.0,2.0,2.0
14462,,53.495126,13.311212,1259,1650,40.145,0.035,1,,,,,,,66.98,66.98,66.98,66.98,66.98,66.98,49.387,24.899,0.0,0.0,0.0,0.0,0.0,0.0,1.0,2.0,1.0,1.0,1.0,1.0,1.0,3.0,7.0,8.0,0.0,0.0,0.0,0.0,0.0,0.0,0.0,0.0,,,,,,,,,0.0,0.0,0.0,0.0,0.0,0.0,0.0,0.0,0.0,0.0,0.0,0.0,0.0,0.0,0.0,0.0,0.0,0.0,0.0,0.0,0.0,0.0,0.0,0.0,0.0,0.0,0.0,0.0,0.0,0.0,0.0,0.0,0.0,0.0,0.0,0.0,0.0,0.0,0.0,0.0,2.0,2.0,2.0,2.0,2.0,2.0,2.0,2.0
14464,,53.973622,14.767306,1274,1650,52.868,0.089,1,,,,,,,91.549,91.549,91.549,91.549,91.549,91.549,45.749,45.749,0.0,0.0,0.0,0.0,0.0,0.0,1.0,1.0,1.0,1.0,1.0,1.0,1.0,2.0,5.0,6.0,0.0,0.0,0.0,0.0,0.0,0.0,0.0,0.0,,,,,,,,,0.0,0.0,0.0,0.0,0.0,0.0,0.0,0.0,0.0,0.0,0.0,0.0,0.0,0.0,0.0,0.0,0.0,0.0,0.0,0.0,0.0,0.0,0.0,0.0,0.0,0.0,0.0,0.0,0.0,0.0,0.0,0.0,0.0,1.0,1.0,1.0,1.0,1.0,1.0,1.0,2.0,2.0,2.0,2.0,2.0,2.0,2.0,2.0
14465,,53.843118,14.618346,1279,1650,38.211,0.104,1,,,,,,,85.679,85.679,85.679,85.679,85.679,85.679,33.998,33.998,0.0,0.0,0.0,0.0,0.0,0.0,1.0,1.0,1.0,1.0,2.0,2.0,3.0,6.0,8.0,9.0,0.0,0.0,0.0,0.0,0.0,0.0,0.0,0.0,,,,,,,,,0.0,0.0,0.0,0.0,0.0,0.0,0.0,0.0,0.0,0.0,0.0,0.0,0.0,0.0,0.0,0.0,0.0,0.0,0.0,0.0,0.0,0.0,0.0,0.0,0.0,0.0,0.0,0.0,0.0,0.0,0.0,0.0,0.0,1.0,1.0,1.0,1.0,1.0,1.0,1.0,2.0,2.0,2.0,2.0,2.0,2.0,2.0,2.0
14466,,53.841529,14.618142,1279,1650,38.148,0.154,1,,,,,,,85.726,85.726,85.726,85.726,85.726,85.726,33.843,33.843,0.0,0.0,0.0,0.0,0.0,0.0,1.0,1.0,1.0,1.0,2.0,2.0,3.0,6.0,8.0,9.0,0.0,0.0,0.0,0.0,0.0,0.0,0.0,0.0,,,,,,,,,0.0,0.0,0.0,0.0,0.0,0.0,0.0,0.0,0.0,0.0,0.0,0.0,0.0,0.0,0.0,0.0,0.0,1.0,1.0,1.0,1.0,1.0,1.0,1.0,0.0,0.0,0.0,0.0,0.0,0.0,0.0,0.0,0.0,0.0,0.0,0.0,0.0,0.0,0.0,0.0,2.0,2.0,2.0,2.0,2.0,2.0,2.0,2.0
14481,,53.122433,13.494987,1250,1650,29.148,0.07,1,,,,,,,108.526,105.33,67.424,67.424,67.424,67.424,51.029,51.029,0.0,0.0,0.0,0.0,0.0,0.0,0.0,0.0,0.0,0.0,4.0,4.0,5.0,7.0,9.0,10.0,0.0,0.0,0.0,0.0,0.0,0.0,0.0,0.0,,,,,,,,,0.0,1.0,1.0,1.0,1.0,1.0,1.0,1.0,0.0,0.0,0.0,0.0,0.0,0.0,0.0,0.0,0.0,1.0,1.0,1.0,1.0,1.0,1.0,1.0,0.0,0.0,0.0,0.0,0.0,0.0,0.0,0.0,0.0,0.0,0.0,0.0,0.0,0.0,0.0,0.0,2.0,2.0,2.0,2.0,2.0,2.0,2.0,2.0
14550,,51.647484,3.92669,1220,1650,0.121,0.197,1,,,,,,,53.131,27.372,27.372,16.087,16.087,16.087,16.087,16.087,0.0,4.0,5.0,5.0,7.0,7.0,7.0,7.0,11.0,23.0,25.0,25.0,30.0,32.0,32.0,31.0,0.0,0.0,0.0,0.0,0.0,0.0,0.0,0.0,,,,,,,,,0.0,0.0,0.0,0.0,0.0,0.0,0.0,0.0,0.0,0.0,0.0,0.0,0.0,1.0,1.0,1.0,0.0,0.0,0.0,0.0,0.0,0.0,0.0,0.0,0.0,0.0,0.0,0.0,0.0,0.0,0.0,0.0,0.0,0.0,0.0,0.0,0.0,0.0,0.0,0.0,2.0,2.0,2.0,2.0,2.0,3.0,3.0,3.0
14483,Mühlendamm,52.411866,12.565349,1170,1650,0.477,0.187,1,,,,,,,70.316,42.738,33.679,33.679,0.818,0.818,0.818,0.818,0.0,1.0,3.0,3.0,6.0,10.0,10.0,13.0,1.0,4.0,10.0,13.0,24.0,32.0,49.0,57.0,0.0,0.0,0.0,0.0,0.0,0.0,0.0,0.0,,,,,,,,,0.0,0.0,0.0,0.0,0.0,0.0,0.0,0.0,0.0,0.0,0.0,0.0,1.0,1.0,1.0,1.0,0.0,1.0,1.0,1.0,1.0,1.0,1.0,1.0,0.0,0.0,0.0,0.0,0.0,0.0,0.0,0.0,0.0,0.0,0.0,0.0,0.0,0.0,0.0,0.0,2.0,2.0,2.0,2.0,3.0,3.0,3.0,3.0
14484,,52.416709,12.568674,1170,1650,1.06,0.075,1,,,,,,,70.756,42.771,34.009,34.009,1.053,1.053,1.053,1.053,0.0,1.0,3.0,3.0,6.0,10.0,10.0,13.0,1.0,4.0,10.0,13.0,24.0,30.0,47.0,55.0,0.0,0.0,0.0,0.0,0.0,0.0,0.0,0.0,,,,,,,,,0.0,0.0,0.0,0.0,0.0,0.0,0.0,0.0,0.0,0.0,0.0,0.0,1.0,1.0,1.0,1.0,0.0,1.0,1.0,1.0,1.0,1.0,1.0,1.0,0.0,0.0,0.0,0.0,0.0,0.0,0.0,0.0,0.0,0.0,0.0,0.0,0.0,0.0,0.0,0.0,2.0,2.0,2.0,2.0,3.0,3.0,3.0,3.0
14485,,52.538731,13.207432,1240,1650,0.08,0.072,0,,,,,,,115.784,83.623,13.697,13.697,13.697,13.697,13.697,13.697,0.0,0.0,3.0,3.0,6.0,6.0,6.0,6.0,0.0,3.0,8.0,8.0,14.0,18.0,29.0,34.0,0.0,0.0,0.0,0.0,0.0,0.0,0.0,0.0,,,,,,,,,0.0,0.0,0.0,0.0,0.0,0.0,0.0,0.0,0.0,0.0,0.0,1.0,0.0,0.0,0.0,0.0,0.0,0.0,0.0,0.0,0.0,0.0,0.0,0.0,0.0,0.0,0.0,0.0,0.0,0.0,0.0,0.0,0.0,0.0,0.0,0.0,0.0,0.0,0.0,0.0,1.0,1.0,2.0,3.0,2.0,2.0,2.0,2.0
14486,,52.538506,13.207211,1240,1650,0.082,0.08,1,,,,,,,115.76,83.608,13.708,13.708,13.708,13.708,13.708,13.708,0.0,0.0,3.0,3.0,6.0,6.0,6.0,6.0,0.0,3.0,8.0,8.0,14.0,18.0,29.0,34.0,0.0,0.0,0.0,0.0,0.0,0.0,0.0,0.0,,,,,,,,,0.0,0.0,0.0,0.0,0.0,0.0,0.0,0.0,0.0,0.0,0.0,1.0,0.0,0.0,0.0,0.0,0.0,0.0,0.0,0.0,0.0,0.0,0.0,0.0,0.0,0.0,0.0,0.0,0.0,0.0,0.0,0.0,0.0,0.0,0.0,0.0,0.0,0.0,0.0,0.0,2.0,2.0,2.0,3.0,2.0,2.0,2.0,2.0
14497,,52.729008,15.240647,1257,1650,5.542,0.034,1,,,,,,,195.688,195.688,49.962,49.962,49.962,49.962,49.962,49.962,0.0,0.0,1.0,1.0,2.0,4.0,4.0,4.0,0.0,0.0,1.0,1.0,2.0,4.0,5.0,5.0,0.0,0.0,0.0,0.0,0.0,0.0,0.0,0.0,,,,,,,,,0.0,0.0,0.0,0.0,0.0,0.0,0.0,0.0,0.0,0.0,1.0,1.0,1.0,1.0,1.0,1.0,0.0,0.0,1.0,1.0,1.0,1.0,1.0,1.0,0.0,0.0,0.0,0.0,0.0,0.0,0.0,0.0,0.0,0.0,0.0,0.0,0.0,0.0,0.0,0.0,2.0,2.0,3.0,3.0,3.0,3.0,3.0,3.0
14498,,52.729577,15.240244,1257,1650,5.565,0.034,1,,,,,,,195.621,195.621,49.905,49.905,49.905,49.905,49.905,49.905,0.0,0.0,1.0,1.0,2.0,4.0,4.0,4.0,0.0,0.0,1.0,1.0,2.0,4.0,5.0,5.0,0.0,0.0,0.0,0.0,0.0,0.0,0.0,0.0,,,,,,,,,0.0,1.0,1.0,1.0,1.0,1.0,1.0,1.0,0.0,0.0,1.0,1.0,1.0,1.0,1.0,1.0,0.0,0.0,0.0,0.0,0.0,0.0,0.0,0.0,0.0,0.0,0.0,0.0,0.0,0.0,0.0,0.0,0.0,1.0,1.0,1.0,1.0,1.0,1.0,1.0,2.0,2.0,3.0,3.0,3.0,3.0,3.0,3.0
14499,,52.721413,15.25104,1257,1650,4.986,0.548,1,,,,,,,196.784,196.784,51.003,51.003,51.003,51.003,51.003,51.003,0.0,0.0,0.0,0.0,0.0,0.0,0.0,0.0,0.0,0.0,1.0,1.0,2.0,4.0,5.0,5.0,0.0,0.0,0.0,0.0,0.0,0.0,0.0,0.0,,,,,,,,,0.0,1.0,1.0,1.0,1.0,1.0,1.0,1.0,0.0,0.0,1.0,1.0,1.0,1.0,1.0,1.0,0.0,0.0,0.0,0.0,0.0,0.0,0.0,0.0,0.0,0.0,0.0,0.0,0.0,0.0,0.0,0.0,0.0,0.0,0.0,0.0,0.0,0.0,0.0,0.0,2.0,2.0,3.0,3.0,3.0,3.0,3.0,3.0
14501,,52.60135,15.500032,1295,1650,8.084,0.104,1,,,,,,,217.716,217.716,72.371,72.371,72.371,72.371,72.371,72.371,0.0,0.0,0.0,0.0,0.0,0.0,0.0,0.0,0.0,0.0,1.0,1.0,2.0,4.0,4.0,4.0,0.0,0.0,0.0,0.0,0.0,0.0,0.0,0.0,,,,,,,,,0.0,0.0,0.0,0.0,0.0,0.0,0.0,0.0,0.0,0.0,0.0,0.0,0.0,0.0,0.0,0.0,0.0,1.0,1.0,1.0,1.0,1.0,1.0,1.0,0.0,0.0,0.0,0.0,0.0,0.0,0.0,0.0,0.0,0.0,0.0,0.0,0.0,0.0,0.0,0.0,2.0,2.0,2.0,2.0,2.0,2.0,2.0,2.0
14502,,52.600535,15.499689,1295,1650,8.158,0.082,1,,,,,,,217.771,217.771,72.403,72.403,72.403,72.403,72.403,72.403,0.0,0.0,0.0,0.0,0.0,0.0,0.0,0.0,0.0,0.0,1.0,1.0,2.0,4.0,4.0,4.0,0.0,0.0,0.0,0.0,0.0,0.0,0.0,0.0,,,,,,,,,0.0,0.0,0.0,0.0,0.0,0.0,0.0,0.0,0.0,0.0,0.0,0.0,0.0,0.0,0.0,0.0,0.0,0.0,0.0,0.0,0.0,0.0,0.0,0.0,0.0,0.0,0.0,0.0,0.0,0.0,0.0,0.0,0.0,1.0,1.0,1.0,1.0,1.0,1.0,1.0,2.0,2.0,2.0,2.0,2.0,2.0,2.0,2.0
14531,Varberg,57.105256,12.250785,1300,1650,182.292,101.674,0,,,,,,,128.983,128.983,128.983,128.983,128.983,121.066,121.066,106.831,0.0,0.0,0.0,0.0,0.0,0.0,0.0,0.0,0.0,0.0,0.0,0.0,0.0,0.0,0.0,0.0,0.0,0.0,0.0,0.0,0.0,0.0,0.0,0.0,,,,,,,,,0.0,0.0,0.0,0.0,0.0,0.0,0.0,0.0,0.0,0.0,0.0,0.0,0.0,0.0,0.0,0.0,0.0,0.0,0.0,0.0,0.0,0.0,0.0,0.0,0.0,0.0,0.0,0.0,0.0,0.0,0.0,0.0,0.0,0.0,0.0,0.0,0.0,0.0,0.0,0.0,0.0,0.0,0.0,0.0,0.0,0.0,0.0,0.0
14540,Simrishamn,55.556773,14.34934,1300,1650,173.054,0.578,0,,,,,,,36.226,36.226,36.226,36.226,36.226,36.226,74.387,74.387,1.0,1.0,1.0,1.0,1.0,1.0,0.0,0.0,2.0,4.0,4.0,4.0,4.0,4.0,2.0,2.0,0.0,0.0,0.0,0.0,0.0,0.0,0.0,0.0,,,,,,,,,0.0,0.0,0.0,0.0,0.0,0.0,0.0,0.0,0.0,0.0,0.0,0.0,0.0,0.0,0.0,0.0,0.0,0.0,0.0,0.0,0.0,0.0,0.0,0.0,0.0,0.0,0.0,0.0,0.0,0.0,0.0,0.0,0.0,0.0,0.0,0.0,0.0,0.0,0.0,0.0,1.0,1.0,1.0,1.0,1.0,1.0,1.0,1.0
14549,,51.648501,3.923603,1220,1650,0.121,0.103,1,,,,,,,53.087,27.271,27.271,16.167,16.167,16.167,16.167,16.167,0.0,4.0,5.0,5.0,7.0,7.0,7.0,7.0,11.0,23.0,25.0,25.0,30.0,32.0,32.0,31.0,0.0,0.0,0.0,0.0,0.0,0.0,0.0,0.0,,,,,,,,,0.0,0.0,0.0,0.0,0.0,0.0,0.0,0.0,0.0,0.0,0.0,0.0,0.0,1.0,1.0,1.0,0.0,0.0,0.0,0.0,0.0,0.0,0.0,0.0,0.0,0.0,0.0,0.0,0.0,0.0,0.0,0.0,0.0,1.0,1.0,1.0,1.0,1.0,1.0,1.0,2.0,2.0,2.0,2.0,2.0,3.0,3.0,3.0
14663,,52.923758,14.867913,1262,1650,30.213,0.075,1,,,,,,,163.273,163.273,18.048,18.048,18.048,18.048,18.048,18.048,0.0,0.0,1.0,1.0,2.0,4.0,4.0,4.0,0.0,0.0,1.0,1.0,2.0,4.0,5.0,5.0,0.0,0.0,0.0,0.0,0.0,0.0,0.0,0.0,,,,,,,,,0.0,0.0,0.0,0.0,0.0,0.0,0.0,0.0,0.0,0.0,0.0,0.0,0.0,0.0,0.0,0.0,0.0,0.0,0.0,0.0,0.0,0.0,0.0,0.0,0.0,0.0,0.0,0.0,0.0,0.0,0.0,0.0,0.0,0.0,0.0,0.0,0.0,0.0,0.0,0.0,2.0,2.0,2.0,2.0,2.0,2.0,2.0,2.0
14704,,52.350668,5.615042,1231,1650,19.821,0.118,1,,,,,,,0.236,0.236,0.236,0.236,0.236,0.236,0.236,0.236,14.0,24.0,31.0,35.0,41.0,44.0,45.0,41.0,28.0,45.0,63.0,78.0,92.0,100.0,101.0,97.0,0.0,0.0,0.0,0.0,0.0,0.0,0.0,0.0,,,,,,,,,0.0,0.0,0.0,0.0,0.0,0.0,0.0,0.0,0.0,0.0,0.0,1.0,1.0,1.0,1.0,1.0,0.0,0.0,0.0,0.0,0.0,0.0,0.0,0.0,0.0,0.0,0.0,0.0,0.0,0.0,0.0,0.0,0.0,1.0,1.0,1.0,1.0,1.0,1.0,1.0,2.0,2.0,2.0,3.0,3.0,3.0,3.0,3.0
14755,,50.803305,11.589112,1290,1650,76.174,0.041,1,,,,,,,29.149,29.149,13.885,12.333,12.333,12.333,12.333,12.333,2.0,4.0,6.0,15.0,24.0,25.0,27.0,27.0,17.0,32.0,42.0,58.0,76.0,90.0,99.0,103.0,0.0,0.0,0.0,0.0,0.0,0.0,0.0,0.0,,,,,,,,,0.0,0.0,0.0,0.0,0.0,0.0,0.0,0.0,0.0,0.0,0.0,0.0,0.0,0.0,0.0,0.0,0.0,0.0,0.0,0.0,0.0,0.0,0.0,0.0,0.0,0.0,0.0,0.0,0.0,0.0,0.0,0.0,0.0,0.0,0.0,0.0,0.0,0.0,0.0,0.0,2.0,2.0,2.0,2.0,2.0,2.0,2.0,2.0
14798,,51.210138,10.459875,1135,1650,24.49,0.123,1,,,,,,,27.961,0.315,0.315,0.315,0.315,0.315,0.315,0.315,7.0,18.0,18.0,18.0,24.0,27.0,29.0,37.0,19.0,48.0,64.0,83.0,105.0,116.0,135.0,149.0,0.0,0.0,0.0,0.0,0.0,0.0,0.0,0.0,,,,,,,,,0.0,0.0,0.0,0.0,0.0,0.0,0.0,0.0,0.0,0.0,0.0,0.0,0.0,0.0,1.0,1.0,0.0,0.0,0.0,0.0,0.0,0.0,0.0,0.0,0.0,0.0,0.0,0.0,0.0,0.0,0.0,0.0,0.0,0.0,0.0,0.0,0.0,0.0,0.0,0.0,2.0,2.0,2.0,2.0,2.0,2.0,3.0,3.0
14842,,54.175,15.577828,1255,1650,110.176,0.069,1,,,,,,,143.378,143.378,143.378,143.378,143.378,143.378,0.137,0.137,0.0,0.0,0.0,0.0,0.0,0.0,1.0,1.0,0.0,0.0,0.0,0.0,0.0,0.0,2.0,2.0,0.0,0.0,0.0,0.0,0.0,0.0,0.0,0.0,,,,,,,,,0.0,0.0,0.0,0.0,0.0,0.0,0.0,0.0,0.0,0.0,0.0,0.0,0.0,0.0,0.0,0.0,0.0,0.0,0.0,0.0,0.0,0.0,0.0,0.0,0.0,0.0,0.0,0.0,0.0,0.0,0.0,0.0,0.0,0.0,0.0,0.0,0.0,0.0,0.0,0.0,2.0,2.0,2.0,2.0,2.0,2.0,2.0,2.0
14863,,51.818038,4.670721,1220,1650,0.132,0.167,1,,,,,,,18.359,6.06,6.06,6.06,6.06,6.06,6.06,6.06,9.0,15.0,18.0,19.0,22.0,24.0,24.0,23.0,17.0,32.0,36.0,44.0,53.0,56.0,56.0,55.0,0.0,0.0,0.0,0.0,0.0,0.0,0.0,0.0,,,,,,,,,0.0,0.0,0.0,0.0,0.0,0.0,0.0,0.0,1.0,1.0,1.0,1.0,1.0,1.0,1.0,1.0,0.0,0.0,0.0,0.0,0.0,0.0,0.0,0.0,0.0,0.0,0.0,0.0,0.0,0.0,0.0,0.0,0.0,0.0,0.0,0.0,0.0,0.0,0.0,0.0,3.0,3.0,3.0,3.0,3.0,3.0,3.0,3.0
14888,Visbrug,52.159133,4.491148,1266,1650,0.38,0.005,1,,,,,,,43.503,0.108,0.108,0.108,0.108,0.108,0.108,0.108,4.0,11.0,12.0,12.0,13.0,15.0,15.0,14.0,15.0,26.0,31.0,40.0,46.0,49.0,49.0,48.0,0.0,0.0,0.0,0.0,0.0,0.0,0.0,0.0,,,,,,,,,0.0,0.0,0.0,0.0,0.0,0.0,0.0,0.0,0.0,0.0,0.0,0.0,0.0,0.0,0.0,0.0,1.0,1.0,1.0,1.0,1.0,1.0,1.0,1.0,0.0,0.0,0.0,0.0,0.0,0.0,0.0,0.0,0.0,0.0,0.0,0.0,0.0,0.0,0.0,0.0,2.0,2.0,2.0,2.0,2.0,2.0,2.0,2.0
14900,,52.22978,5.032904,1265,1560,1.482,0.012,1,,,,,,,16.421,16.421,16.421,16.421,16.421,16.421,,,7.0,12.0,15.0,21.0,24.0,27.0,,,25.0,42.0,56.0,70.0,84.0,88.0,,,0.0,0.0,0.0,0.0,0.0,0.0,,,,,,,,,,,0.0,0.0,0.0,0.0,0.0,0.0,,,0.0,0.0,0.0,0.0,0.0,0.0,,,0.0,0.0,0.0,0.0,0.0,0.0,,,0.0,0.0,0.0,0.0,0.0,0.0,,,0.0,1.0,1.0,1.0,1.0,1.0,,,2.0,2.0,2.0,2.0,2.0,2.0,,
14903,,51.814815,4.667026,1220,1650,0.33,0.018,1,,,,,,,18.291,6.067,6.067,6.067,6.067,6.067,6.067,6.067,9.0,15.0,18.0,19.0,22.0,24.0,24.0,23.0,17.0,32.0,36.0,44.0,53.0,56.0,56.0,55.0,0.0,0.0,0.0,0.0,0.0,0.0,0.0,0.0,,,,,,,,,0.0,0.0,0.0,0.0,0.0,0.0,0.0,0.0,1.0,1.0,1.0,1.0,1.0,1.0,1.0,1.0,0.0,0.0,0.0,0.0,0.0,0.0,0.0,0.0,0.0,0.0,0.0,0.0,0.0,0.0,0.0,0.0,0.0,0.0,0.0,0.0,0.0,0.0,0.0,0.0,3.0,3.0,3.0,3.0,3.0,3.0,3.0,3.0
14911,,52.47444,6.072127,1299,1650,0.342,0.087,1,,,,,,,4.431,0.174,0.174,0.174,0.174,0.174,0.174,0.174,8.0,15.0,30.0,36.0,43.0,47.0,48.0,45.0,32.0,49.0,65.0,89.0,108.0,117.0,118.0,114.0,0.0,0.0,0.0,0.0,0.0,0.0,0.0,0.0,,,,,,,,,0.0,0.0,0.0,0.0,0.0,0.0,0.0,0.0,0.0,0.0,0.0,0.0,0.0,0.0,0.0,0.0,0.0,0.0,0.0,0.0,0.0,0.0,0.0,0.0,0.0,0.0,0.0,0.0,0.0,0.0,0.0,0.0,0.0,1.0,1.0,1.0,1.0,1.0,1.0,1.0,2.0,2.0,2.0,2.0,2.0,2.0,2.0,2.0
14913,Schipbrug,52.250817,6.152942,1123,1650,0.259,0.074,1,,,,,,,12.499,0.511,0.511,0.511,0.511,0.511,0.511,0.511,17.0,25.0,37.0,40.0,48.0,50.0,51.0,48.0,31.0,56.0,72.0,94.0,113.0,120.0,122.0,118.0,0.0,0.0,0.0,0.0,0.0,0.0,0.0,0.0,,,,,,,,,0.0,0.0,0.0,0.0,0.0,0.0,0.0,0.0,0.0,0.0,0.0,0.0,0.0,0.0,0.0,0.0,0.0,0.0,0.0,0.0,0.0,0.0,1.0,1.0,0.0,0.0,0.0,0.0,0.0,0.0,0.0,0.0,0.0,0.0,0.0,0.0,0.0,0.0,0.0,0.0,2.0,2.0,2.0,2.0,2.0,2.0,2.0,2.0
14914,,52.250385,6.16121,1123,1650,0.327,0.086,1,,,,,,,12.334,0.171,0.171,0.171,0.171,0.171,0.171,0.171,17.0,25.0,37.0,40.0,48.0,50.0,51.0,48.0,31.0,56.0,72.0,94.0,113.0,120.0,122.0,118.0,0.0,0.0,0.0,0.0,0.0,0.0,0.0,0.0,,,,,,,,,0.0,0.0,0.0,0.0,0.0,0.0,0.0,0.0,0.0,0.0,0.0,0.0,0.0,0.0,0.0,0.0,0.0,0.0,0.0,0.0,0.0,0.0,0.0,0.0,0.0,0.0,0.0,0.0,0.0,0.0,0.0,0.0,0.0,1.0,1.0,1.0,1.0,1.0,1.0,1.0,2.0,2.0,2.0,2.0,2.0,2.0,2.0,2.0
14924,,50.001281,8.27646,297,1650,0.558,0.141,1,,,,,,,31.403,31.403,31.403,31.403,31.403,31.403,31.403,31.403,1.0,2.0,2.0,2.0,2.0,2.0,2.0,2.0,5.0,7.0,7.0,7.0,7.0,7.0,9.0,9.0,0.0,0.0,0.0,0.0,0.0,0.0,0.0,0.0,,,,,,,,,0.0,0.0,0.0,0.0,0.0,0.0,0.0,0.0,0.0,0.0,0.0,0.0,1.0,1.0,1.0,1.0,0.0,0.0,0.0,0.0,0.0,0.0,0.0,0.0,0.0,0.0,0.0,0.0,0.0,0.0,0.0,0.0,0.0,1.0,1.0,1.0,1.0,1.0,1.0,1.0,2.0,2.0,2.0,2.0,3.0,3.0,3.0,3.0
14941,,54.90806225,9.78520089,1250,1650,55.631,0.147,1,,,,,,,80.089,35.792,35.792,35.792,35.792,35.792,35.792,35.792,0.0,1.0,2.0,2.0,2.0,2.0,4.0,4.0,1.0,6.0,10.0,14.0,25.0,24.0,39.0,46.0,0.0,0.0,0.0,0.0,0.0,0.0,0.0,0.0,,,,,,,,,0.0,0.0,0.0,0.0,0.0,0.0,0.0,0.0,0.0,0.0,0.0,0.0,0.0,0.0,0.0,0.0,0.0,0.0,0.0,0.0,0.0,0.0,0.0,0.0,1.0,1.0,1.0,1.0,1.0,1.0,1.0,1.0,1.0,1.0,1.0,1.0,1.0,1.0,1.0,1.0,2.0,2.0,2.0,2.0,2.0,2.0,2.0,2.0
14945,,55.488006,9.472925,1231,1650,111.903,0.127,1,,,,,,,48.264,0.253,0.253,0.253,0.253,0.253,0.253,0.253,1.0,3.0,3.0,4.0,5.0,5.0,5.0,6.0,2.0,6.0,7.0,9.0,10.0,10.0,12.0,16.0,0.0,0.0,0.0,0.0,0.0,0.0,0.0,0.0,,,,,,,,,0.0,0.0,0.0,0.0,0.0,0.0,0.0,0.0,0.0,0.0,0.0,0.0,1.0,1.0,1.0,1.0,1.0,1.0,1.0,1.0,1.0,1.0,1.0,1.0,0.0,0.0,0.0,0.0,0.0,0.0,0.0,0.0,0.0,0.0,0.0,0.0,0.0,0.0,0.0,0.0,2.0,2.0,2.0,2.0,3.0,3.0,3.0,3.0
15031,,54.767743,11.864473,1240,1650,85.752,0.077,1,,,,,,,26.895,17.791,17.791,17.791,17.791,17.791,17.791,17.791,1.0,2.0,3.0,5.0,5.0,7.0,7.0,7.0,2.0,3.0,8.0,13.0,16.0,20.0,27.0,30.0,0.0,0.0,0.0,0.0,0.0,0.0,0.0,0.0,,,,,,,,,0.0,0.0,0.0,0.0,0.0,0.0,0.0,0.0,0.0,0.0,0.0,0.0,0.0,0.0,0.0,0.0,0.0,0.0,0.0,0.0,0.0,0.0,0.0,0.0,1.0,1.0,1.0,1.0,1.0,1.0,1.0,1.0,1.0,1.0,1.0,1.0,1.0,1.0,1.0,1.0,2.0,2.0,2.0,2.0,2.0,2.0,2.0,2.0
16174,,50.492803,12.1417,1230,1650,88.251,0.018,1,,,,,,,61.994,61.994,61.994,44.737,44.737,0.41,0.41,0.41,0.0,0.0,0.0,4.0,4.0,9.0,10.0,11.0,4.0,7.0,13.0,24.0,34.0,39.0,41.0,43.0,0.0,0.0,0.0,0.0,0.0,0.0,0.0,0.0,,,,,,,,,0.0,0.0,0.0,0.0,1.0,1.0,1.0,1.0,0.0,0.0,0.0,0.0,0.0,0.0,0.0,0.0,1.0,1.0,1.0,1.0,1.0,1.0,1.0,1.0,0.0,0.0,0.0,0.0,0.0,0.0,0.0,0.0,0.0,0.0,0.0,0.0,0.0,0.0,0.0,0.0,2.0,2.0,2.0,2.0,2.0,2.0,2.0,2.0
15365,Viborg Færge,56.451075,9.42084,1060,1650,58.972,0.25,1,,,,,,,50.511,0.588,0.588,0.588,0.588,0.588,0.588,0.588,0.0,3.0,4.0,5.0,7.0,7.0,9.0,12.0,2.0,9.0,11.0,15.0,18.0,18.0,20.0,24.0,0.0,0.0,0.0,0.0,0.0,0.0,0.0,0.0,,,,,,,,,0.0,0.0,0.0,0.0,0.0,0.0,0.0,0.0,0.0,0.0,0.0,0.0,0.0,0.0,0.0,0.0,0.0,0.0,0.0,0.0,0.0,0.0,0.0,0.0,1.0,1.0,1.0,1.0,1.0,1.0,1.0,1.0,0.0,0.0,0.0,0.0,0.0,0.0,0.0,0.0,2.0,2.0,2.0,2.0,2.0,2.0,2.0,2.0
15964,,55.68107916878,12.576429669408,1100,1650,184.178,0.156,1,,,,,,,33.816,11.472,11.472,11.472,11.472,11.472,31.432,31.432,2.0,5.0,7.0,7.0,7.0,8.0,6.0,6.0,4.0,10.0,13.0,17.0,17.0,20.0,21.0,25.0,0.0,0.0,0.0,0.0,0.0,0.0,0.0,0.0,,,,,,,,,0.0,0.0,0.0,0.0,0.0,0.0,0.0,0.0,0.0,0.0,0.0,0.0,0.0,0.0,0.0,0.0,0.0,0.0,0.0,0.0,0.0,0.0,0.0,0.0,0.0,0.0,0.0,0.0,0.0,0.0,0.0,0.0,0.0,0.0,0.0,0.0,0.0,0.0,0.0,0.0,2.0,2.0,2.0,2.0,2.0,2.0,2.0,2.0
15965,,55.678972,12.5797,1100,1650,183.893,0.064,1,,,,,,,33.51,11.165,11.165,11.165,11.165,11.165,31.604,31.604,2.0,5.0,7.0,7.0,7.0,8.0,6.0,6.0,4.0,10.0,13.0,17.0,17.0,20.0,21.0,25.0,0.0,0.0,0.0,0.0,0.0,0.0,0.0,0.0,,,,,,,,,0.0,0.0,0.0,0.0,0.0,0.0,0.0,0.0,0.0,0.0,0.0,0.0,0.0,0.0,0.0,0.0,0.0,0.0,0.0,0.0,0.0,0.0,0.0,0.0,0.0,0.0,0.0,0.0,0.0,0.0,0.0,0.0,0.0,0.0,0.0,0.0,0.0,0.0,0.0,0.0,2.0,2.0,2.0,2.0,2.0,2.0,2.0,2.0
16161,,56.04535626,12.69308287,1075,1650,221.524,0.099,1,,,,,,,31.866,31.866,31.866,31.866,31.866,5.059,5.059,5.059,1.0,3.0,3.0,3.0,3.0,4.0,3.0,3.0,3.0,8.0,10.0,12.0,12.0,14.0,13.0,14.0,0.0,0.0,0.0,0.0,0.0,0.0,0.0,0.0,,,,,,,,,0.0,0.0,0.0,0.0,0.0,0.0,0.0,0.0,0.0,0.0,0.0,0.0,0.0,0.0,0.0,0.0,0.0,0.0,0.0,0.0,0.0,0.0,0.0,0.0,1.0,1.0,1.0,1.0,1.0,1.0,1.0,1.0,1.0,1.0,1.0,1.0,1.0,1.0,1.0,1.0,2.0,2.0,2.0,2.0,2.0,2.0,2.0,2.0
16165,Odense Bro,55.396718,10.396156,1000,1650,122.372,0.08,1,,,,,,,85.351,0.423,0.423,0.423,0.423,0.423,0.423,0.423,0.0,2.0,3.0,4.0,4.0,5.0,9.0,14.0,1.0,6.0,7.0,11.0,11.0,15.0,21.0,31.0,0.0,0.0,0.0,0.0,0.0,0.0,0.0,0.0,,,,,,,,,0.0,0.0,0.0,0.0,0.0,0.0,0.0,0.0,0.0,0.0,0.0,0.0,0.0,0.0,0.0,0.0,1.0,1.0,1.0,1.0,1.0,1.0,1.0,1.0,0.0,0.0,0.0,0.0,0.0,0.0,0.0,0.0,0.0,0.0,0.0,0.0,0.0,0.0,0.0,0.0,2.0,2.0,2.0,2.0,2.0,2.0,2.0,2.0
16168,,50.964226,13.941885,1240,1650,7.753,0.109,1,,,,,,,117.03,117.03,89.881,51.228,39.677,39.677,39.677,39.677,0.0,0.0,0.0,0.0,1.0,1.0,1.0,1.0,0.0,0.0,2.0,3.0,3.0,6.0,6.0,8.0,0.0,0.0,0.0,0.0,0.0,0.0,0.0,0.0,,,,,,,,,0.0,0.0,0.0,0.0,0.0,0.0,0.0,0.0,1.0,1.0,1.0,1.0,1.0,1.0,1.0,1.0,0.0,0.0,0.0,0.0,0.0,0.0,0.0,0.0,0.0,0.0,0.0,0.0,0.0,0.0,0.0,0.0,0.0,1.0,1.0,1.0,1.0,1.0,1.0,1.0,3.0,3.0,3.0,3.0,3.0,3.0,3.0,3.0
16186,,51.160405,5.940733,1255,1650,1.404,0.046,1,,,,,,,5.015,5.015,1.711,1.711,1.711,1.711,1.711,1.711,6.0,14.0,19.0,24.0,25.0,26.0,26.0,26.0,32.0,43.0,51.0,67.0,77.0,78.0,80.0,80.0,0.0,0.0,0.0,0.0,0.0,0.0,0.0,0.0,,,,,,,,,0.0,1.0,1.0,1.0,1.0,1.0,1.0,1.0,0.0,0.0,0.0,0.0,0.0,0.0,0.0,0.0,0.0,0.0,0.0,0.0,0.0,0.0,0.0,0.0,1.0,1.0,1.0,1.0,1.0,1.0,1.0,1.0,0.0,0.0,0.0,0.0,0.0,0.0,0.0,0.0,2.0,2.0,2.0,2.0,2.0,2.0,2.0,2.0
16221,,52.607994,12.328407,1288,1650,0.18,0.143,1,,,,,,,70.69,25.282,25.282,25.282,25.282,25.243,25.243,23.891,0.0,3.0,5.0,5.0,8.0,11.0,17.0,22.0,2.0,8.0,19.0,22.0,33.0,39.0,54.0,61.0,0.0,0.0,0.0,0.0,0.0,0.0,0.0,0.0,,,,,,,,,0.0,0.0,0.0,0.0,0.0,1.0,1.0,1.0,0.0,0.0,0.0,0.0,0.0,0.0,0.0,0.0,0.0,1.0,1.0,1.0,1.0,1.0,1.0,1.0,0.0,0.0,0.0,0.0,0.0,0.0,0.0,0.0,0.0,0.0,0.0,0.0,0.0,0.0,0.0,0.0,2.0,2.0,2.0,2.0,2.0,2.0,2.0,2.0
16208,,52.144483,6.197375,1191,1650,0.611,0.182,1,,,,,,,0.365,0.365,0.365,0.365,0.365,0.365,0.365,0.365,17.0,25.0,33.0,36.0,42.0,46.0,47.0,44.0,39.0,61.0,79.0,101.0,119.0,126.0,131.0,127.0,0.0,0.0,0.0,0.0,0.0,0.0,0.0,0.0,,,,,,,,,0.0,0.0,0.0,0.0,0.0,0.0,0.0,0.0,0.0,0.0,0.0,0.0,0.0,0.0,0.0,0.0,0.0,0.0,0.0,0.0,0.0,0.0,0.0,0.0,0.0,0.0,0.0,0.0,0.0,0.0,0.0,0.0,0.0,0.0,0.0,0.0,0.0,0.0,0.0,0.0,2.0,2.0,2.0,2.0,2.0,2.0,2.0,2.0
16211,,52.25204,6.153824,1123,1650,0.208,0.06,1,,,,,,,12.618,0.439,0.439,0.439,0.439,0.439,0.439,0.439,17.0,25.0,37.0,40.0,48.0,50.0,51.0,48.0,31.0,56.0,72.0,94.0,113.0,120.0,122.0,118.0,0.0,0.0,0.0,0.0,0.0,0.0,0.0,0.0,,,,,,,,,0.0,0.0,0.0,0.0,0.0,0.0,0.0,0.0,0.0,0.0,0.0,0.0,0.0,0.0,0.0,0.0,0.0,0.0,0.0,0.0,0.0,0.0,0.0,0.0,0.0,0.0,0.0,0.0,0.0,0.0,0.0,0.0,0.0,0.0,0.0,0.0,0.0,0.0,0.0,0.0,2.0,2.0,2.0,2.0,2.0,2.0,2.0,2.0
16924,,50.749713,9.269124,1231,1650,36.379,0.097,1,,,,,,,50.452,35.998,35.998,35.998,35.998,35.998,35.998,35.998,0.0,3.0,3.0,3.0,3.0,3.0,3.0,3.0,13.0,27.0,38.0,38.0,47.0,49.0,56.0,62.0,0.0,0.0,0.0,0.0,0.0,0.0,0.0,0.0,,,,,,,,,0.0,0.0,0.0,0.0,0.0,0.0,0.0,0.0,0.0,0.0,0.0,0.0,0.0,0.0,0.0,0.0,0.0,0.0,0.0,0.0,0.0,0.0,0.0,0.0,0.0,0.0,0.0,0.0,0.0,0.0,0.0,0.0,0.0,0.0,0.0,0.0,0.0,0.0,0.0,0.0,2.0,2.0,2.0,2.0,2.0,2.0,2.0,2.0
16216,,52.411598,12.556328,1170,1650,0.415,0.136,1,,,,,,,69.754,42.173,33.073,33.073,0.316,0.316,0.316,0.316,0.0,1.0,3.0,3.0,6.0,10.0,12.0,16.0,2.0,5.0,11.0,14.0,25.0,33.0,50.0,58.0,0.0,0.0,0.0,0.0,0.0,0.0,0.0,0.0,,,,,,,,,0.0,0.0,0.0,0.0,0.0,0.0,0.0,0.0,0.0,0.0,0.0,0.0,1.0,1.0,1.0,1.0,1.0,1.0,1.0,1.0,1.0,1.0,1.0,1.0,0.0,0.0,0.0,0.0,0.0,0.0,0.0,0.0,0.0,0.0,0.0,0.0,0.0,0.0,0.0,0.0,2.0,2.0,2.0,2.0,3.0,3.0,3.0,3.0
16219,,52.606711,12.335672,1288,1650,0.053,0.04,1,,,,,,,70.912,25.711,25.711,25.711,25.711,25.348,25.348,24.249,0.0,3.0,5.0,5.0,8.0,11.0,17.0,22.0,2.0,8.0,19.0,22.0,33.0,39.0,54.0,61.0,0.0,0.0,0.0,0.0,0.0,0.0,0.0,0.0,,,,,,,,,0.0,0.0,0.0,0.0,0.0,0.0,0.0,0.0,0.0,0.0,0.0,0.0,0.0,0.0,0.0,0.0,0.0,0.0,0.0,0.0,0.0,0.0,0.0,0.0,0.0,0.0,0.0,0.0,0.0,0.0,0.0,0.0,0.0,0.0,0.0,0.0,0.0,0.0,0.0,0.0,2.0,2.0,2.0,2.0,2.0,2.0,2.0,2.0
16227,,52.018074,6.12848,1237,1650,0.338,0.028,1,,,,,,,0.522,0.522,0.522,0.522,0.522,0.522,0.522,0.522,13.0,19.0,20.0,30.0,38.0,39.0,39.0,39.0,40.0,63.0,85.0,108.0,126.0,134.0,136.0,132.0,0.0,0.0,0.0,0.0,0.0,0.0,0.0,0.0,,,,,,,,,0.0,0.0,0.0,0.0,0.0,0.0,0.0,0.0,0.0,0.0,0.0,0.0,0.0,0.0,0.0,0.0,0.0,0.0,0.0,0.0,0.0,0.0,1.0,1.0,0.0,0.0,0.0,0.0,0.0,0.0,0.0,0.0,0.0,0.0,0.0,0.0,0.0,0.0,0.0,0.0,2.0,2.0,2.0,2.0,2.0,2.0,2.0,2.0
16228,,52.021826,6.123327,1237,1650,0.855,0.052,1,,,,,,,1.065,1.065,1.065,1.065,1.065,1.065,1.065,1.065,13.0,19.0,20.0,30.0,38.0,39.0,39.0,39.0,40.0,63.0,85.0,108.0,126.0,134.0,136.0,132.0,0.0,0.0,0.0,0.0,0.0,0.0,0.0,0.0,,,,,,,,,0.0,0.0,0.0,0.0,0.0,0.0,0.0,0.0,0.0,0.0,0.0,0.0,0.0,0.0,0.0,0.0,0.0,0.0,0.0,0.0,0.0,0.0,0.0,1.0,0.0,0.0,0.0,0.0,0.0,0.0,1.0,0.0,0.0,0.0,0.0,0.0,0.0,0.0,0.0,0.0,2.0,2.0,2.0,2.0,2.0,2.0,2.0,2.0
16245,,52.835831,13.821194,1300,1650,0.037,0.143,1,,,,,,,143.13,123.517,45.001,45.001,45.001,45.001,45.001,45.001,0.0,0.0,3.0,3.0,3.0,3.0,3.0,3.0,0.0,0.0,4.0,4.0,8.0,10.0,13.0,14.0,0.0,0.0,0.0,0.0,0.0,0.0,0.0,0.0,,,,,,,,,0.0,0.0,0.0,0.0,0.0,0.0,0.0,0.0,0.0,1.0,1.0,1.0,1.0,1.0,1.0,1.0,0.0,0.0,0.0,0.0,0.0,0.0,0.0,0.0,0.0,0.0,0.0,0.0,0.0,0.0,0.0,0.0,0.0,0.0,0.0,0.0,0.0,0.0,0.0,0.0,2.0,3.0,3.0,3.0,3.0,3.0,3.0,3.0
16252,,52.405536,12.55787,1170,1650,0.269,0.063,1,,,,,,,69.554,42.508,33.049,33.049,0.979,0.979,0.979,0.979,0.0,1.0,3.0,3.0,6.0,10.0,12.0,16.0,2.0,8.0,16.0,19.0,31.0,39.0,56.0,65.0,0.0,0.0,0.0,0.0,0.0,0.0,0.0,0.0,,,,,,,,,0.0,0.0,0.0,0.0,0.0,0.0,0.0,0.0,0.0,0.0,0.0,0.0,1.0,1.0,1.0,1.0,0.0,0.0,0.0,0.0,0.0,0.0,0.0,0.0,0.0,0.0,0.0,0.0,0.0,0.0,0.0,0.0,0.0,0.0,0.0,0.0,0.0,0.0,0.0,0.0,2.0,2.0,2.0,2.0,3.0,3.0,3.0,3.0
16257,,53.767047,12.84367,1255,1650,24.55,0.178,1,,,,,,,50.753,50.753,50.753,50.753,50.753,37.286,19.995,19.995,0.0,0.0,0.0,0.0,0.0,1.0,3.0,4.0,3.0,3.0,5.0,5.0,5.0,8.0,15.0,16.0,0.0,0.0,0.0,0.0,0.0,0.0,0.0,0.0,,,,,,,,,0.0,0.0,0.0,0.0,0.0,0.0,0.0,0.0,0.0,0.0,0.0,0.0,0.0,0.0,0.0,0.0,0.0,0.0,0.0,0.0,0.0,0.0,0.0,0.0,0.0,0.0,0.0,0.0,0.0,0.0,0.0,0.0,0.0,0.0,0.0,0.0,0.0,0.0,0.0,0.0,2.0,2.0,2.0,2.0,2.0,2.0,2.0,2.0
16278,,52.130509,11.641203,1188,1650,2.805,0.097,1,,,,,,,0.195,0.195,0.195,0.195,0.195,0.195,0.195,0.195,3.0,6.0,9.0,9.0,16.0,23.0,30.0,37.0,9.0,17.0,29.0,44.0,60.0,71.0,98.0,111.0,0.0,0.0,0.0,0.0,0.0,0.0,0.0,0.0,,,,,,,,,0.0,0.0,0.0,0.0,0.0,0.0,0.0,0.0,0.0,1.0,1.0,1.0,1.0,1.0,1.0,1.0,0.0,0.0,0.0,0.0,0.0,0.0,0.0,0.0,0.0,0.0,0.0,0.0,0.0,0.0,0.0,0.0,0.0,0.0,0.0,0.0,0.0,0.0,0.0,0.0,2.0,3.0,3.0,3.0,3.0,3.0,3.0,3.0
16289,,51.880142,12.455894,1215,1650,6.543,0.109,1,,,,,,,55.467,55.467,40.678,40.678,27.235,27.235,27.235,15.193,0.0,0.0,2.0,2.0,6.0,7.0,13.0,16.0,7.0,13.0,24.0,34.0,44.0,58.0,77.0,92.0,0.0,0.0,0.0,0.0,0.0,0.0,0.0,0.0,,,,,,,,,0.0,0.0,0.0,0.0,0.0,0.0,0.0,0.0,0.0,0.0,0.0,0.0,0.0,0.0,1.0,1.0,0.0,0.0,0.0,0.0,0.0,0.0,0.0,0.0,0.0,0.0,0.0,0.0,0.0,0.0,0.0,0.0,0.0,0.0,0.0,0.0,0.0,0.0,0.0,0.0,2.0,2.0,2.0,2.0,2.0,2.0,3.0,3.0
16290,,51.877066,12.45281,1215,1650,6.696,0.201,1,,,,,,,55.067,55.067,40.299,40.299,27.162,27.162,27.162,14.884,0.0,0.0,2.0,2.0,6.0,7.0,13.0,16.0,7.0,13.0,24.0,34.0,44.0,58.0,77.0,92.0,0.0,0.0,0.0,0.0,0.0,0.0,0.0,0.0,,,,,,,,,0.0,0.0,0.0,0.0,0.0,0.0,0.0,0.0,0.0,0.0,0.0,0.0,0.0,0.0,1.0,1.0,0.0,0.0,0.0,0.0,0.0,0.0,0.0,0.0,0.0,0.0,0.0,0.0,0.0,0.0,1.0,1.0,0.0,0.0,0.0,0.0,0.0,0.0,0.0,0.0,2.0,2.0,2.0,2.0,2.0,2.0,3.0,3.0
16335,,51.840434,11.771256,1233,1650,2.685,0.091,1,,,,,,,33.619,33.619,33.438,33.438,18.976,18.976,18.976,18.976,4.0,7.0,8.0,13.0,17.0,22.0,35.0,43.0,13.0,24.0,35.0,51.0,72.0,86.0,114.0,127.0,0.0,0.0,0.0,0.0,0.0,0.0,0.0,0.0,,,,,,,,,0.0,0.0,0.0,0.0,0.0,0.0,0.0,0.0,0.0,0.0,0.0,0.0,0.0,0.0,0.0,0.0,0.0,0.0,0.0,0.0,0.0,0.0,0.0,0.0,0.0,0.0,0.0,0.0,0.0,0.0,0.0,0.0,0.0,1.0,1.0,1.0,1.0,1.0,1.0,1.0,2.0,2.0,2.0,2.0,2.0,2.0,2.0,2.0
16336,,51.839075,11.76978,1233,1650,2.505,0.091,1,,,,,,,33.666,33.666,33.481,33.481,18.825,18.825,18.825,18.825,4.0,7.0,8.0,13.0,17.0,22.0,35.0,43.0,13.0,24.0,35.0,51.0,72.0,86.0,112.0,125.0,0.0,0.0,0.0,0.0,0.0,0.0,0.0,0.0,,,,,,,,,0.0,0.0,0.0,0.0,0.0,0.0,0.0,0.0,0.0,0.0,0.0,0.0,0.0,0.0,0.0,0.0,0.0,0.0,0.0,0.0,0.0,0.0,0.0,0.0,0.0,0.0,0.0,0.0,0.0,0.0,0.0,0.0,0.0,0.0,0.0,0.0,0.0,0.0,0.0,0.0,2.0,2.0,2.0,2.0,2.0,2.0,2.0,2.0
16341,,51.897822,11.048474,1105,1650,37.382,0.188,1,,,,,,,0.376,0.376,0.376,0.376,0.376,0.376,0.376,0.376,6.0,9.0,10.0,14.0,17.0,21.0,32.0,36.0,14.0,38.0,57.0,77.0,98.0,110.0,138.0,156.0,0.0,0.0,0.0,0.0,0.0,0.0,0.0,0.0,,,,,,,,,0.0,0.0,0.0,0.0,0.0,0.0,0.0,0.0,0.0,0.0,0.0,0.0,0.0,0.0,0.0,0.0,0.0,0.0,0.0,0.0,0.0,0.0,0.0,0.0,0.0,0.0,0.0,0.0,0.0,0.0,0.0,0.0,0.0,0.0,0.0,0.0,0.0,0.0,0.0,0.0,2.0,2.0,2.0,2.0,2.0,2.0,2.0,2.0
16346,,55.682437,12.570858,1100,1650,184.426,0.102,1,,,,,,,34.125,11.789,11.789,11.789,11.789,11.789,31.107,31.107,2.0,5.0,7.0,7.0,7.0,8.0,6.0,6.0,4.0,10.0,13.0,17.0,17.0,20.0,21.0,25.0,0.0,0.0,0.0,0.0,0.0,0.0,0.0,0.0,,,,,,,,,0.0,0.0,0.0,0.0,0.0,0.0,0.0,0.0,0.0,0.0,0.0,0.0,0.0,0.0,0.0,0.0,0.0,0.0,0.0,0.0,0.0,0.0,0.0,0.0,0.0,0.0,0.0,0.0,0.0,0.0,0.0,0.0,0.0,0.0,0.0,0.0,0.0,0.0,0.0,0.0,2.0,2.0,2.0,2.0,2.0,2.0,2.0,2.0
16355,Monnikerede,51.276175,3.309179,1266,1594,1.216,1.949,1,,,,,,,9.543,9.543,9.543,9.543,9.543,9.543,,,2.0,5.0,6.0,5.0,7.0,7.0,,,2.0,8.0,9.0,8.0,10.0,10.0,,,0.0,0.0,0.0,0.0,0.0,0.0,,,,,,,,,,,1.0,1.0,1.0,1.0,1.0,1.0,,,0.0,1.0,1.0,1.0,1.0,1.0,,,0.0,0.0,0.0,0.0,0.0,0.0,,,0.0,0.0,0.0,0.0,0.0,0.0,,,1.0,1.0,1.0,1.0,1.0,1.0,,,2.0,3.0,3.0,3.0,3.0,3.0,,
16360,,51.698395,4.854783,1213,1650,13.976,0.213,1,,,,,,,0.427,0.427,0.427,0.427,0.427,0.427,0.427,0.427,9.0,14.0,16.0,21.0,24.0,26.0,26.0,25.0,21.0,40.0,47.0,57.0,66.0,69.0,69.0,68.0,0.0,0.0,0.0,0.0,0.0,0.0,0.0,0.0,,,,,,,,,0.0,0.0,0.0,0.0,0.0,0.0,0.0,0.0,0.0,0.0,0.0,0.0,0.0,0.0,0.0,0.0,0.0,1.0,1.0,1.0,1.0,1.0,1.0,1.0,0.0,0.0,0.0,0.0,0.0,0.0,0.0,0.0,0.0,0.0,0.0,0.0,0.0,0.0,0.0,0.0,2.0,2.0,2.0,2.0,2.0,2.0,2.0,2.0
16362,,51.58835,4.771352,1198,1650,8.802,0.135,1,,,,,,,13.927,0.341,0.341,0.341,0.341,0.341,0.341,0.341,5.0,12.0,13.0,13.0,15.0,16.0,16.0,16.0,20.0,40.0,47.0,55.0,64.0,66.0,66.0,65.0,0.0,0.0,0.0,0.0,0.0,0.0,0.0,0.0,,,,,,,,,0.0,0.0,0.0,0.0,0.0,0.0,0.0,0.0,0.0,0.0,1.0,1.0,1.0,1.0,1.0,1.0,1.0,1.0,1.0,1.0,1.0,1.0,1.0,1.0,0.0,0.0,0.0,0.0,0.0,0.0,0.0,0.0,0.0,0.0,0.0,0.0,0.0,0.0,0.0,0.0,2.0,2.0,3.0,3.0,3.0,3.0,3.0,3.0
16367,,53.53011,15.813305,1297,1650,83.257,0.074,1,,,,,,,171.629,171.629,101.933,101.933,101.933,101.933,65.181,65.181,0.0,0.0,0.0,0.0,0.0,0.0,0.0,0.0,0.0,0.0,0.0,0.0,0.0,0.0,2.0,2.0,0.0,0.0,0.0,0.0,0.0,0.0,0.0,0.0,,,,,,,,,0.0,0.0,0.0,0.0,0.0,0.0,0.0,0.0,0.0,0.0,0.0,0.0,0.0,0.0,0.0,0.0,1.0,1.0,1.0,1.0,1.0,1.0,1.0,1.0,0.0,0.0,0.0,0.0,0.0,0.0,0.0,0.0,0.0,0.0,0.0,0.0,0.0,0.0,0.0,0.0,2.0,2.0,2.0,2.0,2.0,2.0,2.0,2.0
16373,Police,53.552163,14.573222,1260,1650,24.41,0.058,1,,,,,,,98.898,98.898,65.357,65.357,65.357,65.357,16.901,16.901,0.0,0.0,0.0,0.0,0.0,0.0,1.0,1.0,1.0,1.0,2.0,2.0,3.0,6.0,8.0,9.0,0.0,0.0,0.0,0.0,0.0,0.0,0.0,0.0,,,,,,,,,0.0,0.0,0.0,0.0,0.0,0.0,0.0,0.0,0.0,0.0,0.0,0.0,0.0,0.0,0.0,0.0,0.0,0.0,0.0,0.0,0.0,0.0,0.0,0.0,0.0,0.0,0.0,0.0,0.0,0.0,0.0,0.0,0.0,0.0,0.0,0.0,0.0,0.0,0.0,0.0,2.0,2.0,2.0,2.0,2.0,2.0,2.0,2.0
16379,Banie,53.100331,14.662516,1234,1650,18.91,0.302,1,,,,,,,139.318,139.318,15.522,15.522,15.522,15.522,15.522,15.522,0.0,0.0,1.0,1.0,2.0,4.0,4.0,4.0,0.0,0.0,1.0,1.0,2.0,4.0,5.0,6.0,0.0,0.0,0.0,0.0,0.0,0.0,0.0,0.0,,,,,,,,,0.0,0.0,0.0,0.0,0.0,0.0,0.0,0.0,0.0,0.0,0.0,0.0,0.0,0.0,0.0,0.0,0.0,0.0,0.0,0.0,0.0,0.0,0.0,0.0,0.0,0.0,0.0,0.0,0.0,0.0,0.0,0.0,0.0,0.0,0.0,0.0,0.0,0.0,0.0,0.0,2.0,2.0,2.0,2.0,2.0,2.0,2.0,2.0
16387,Łobez,53.639187,15.621293,1295,1650,78.388,0.184,1,,,,,,,155.419,155.419,100.816,100.816,100.816,100.816,52.988,52.988,0.0,0.0,0.0,0.0,0.0,0.0,0.0,0.0,0.0,0.0,0.0,0.0,0.0,0.0,2.0,2.0,0.0,0.0,0.0,0.0,0.0,0.0,0.0,0.0,,,,,,,,,0.0,0.0,0.0,0.0,0.0,0.0,0.0,0.0,0.0,0.0,0.0,0.0,0.0,0.0,0.0,0.0,0.0,0.0,0.0,0.0,0.0,0.0,0.0,0.0,0.0,0.0,0.0,0.0,0.0,0.0,0.0,0.0,0.0,0.0,0.0,0.0,0.0,0.0,0.0,0.0,2.0,2.0,2.0,2.0,2.0,2.0,2.0,2.0
16391,Ińsko,53.436365,15.546813,1300,1650,66.831,0.095,1,,,,,,,160.13,160.13,81.646,81.646,81.646,81.646,49.587,49.587,0.0,0.0,0.0,0.0,0.0,0.0,1.0,1.0,0.0,0.0,1.0,1.0,2.0,4.0,6.0,6.0,0.0,0.0,0.0,0.0,0.0,0.0,0.0,0.0,,,,,,,,,0.0,0.0,0.0,0.0,0.0,0.0,0.0,0.0,0.0,0.0,0.0,0.0,0.0,0.0,0.0,0.0,0.0,0.0,0.0,0.0,0.0,0.0,0.0,0.0,0.0,0.0,0.0,0.0,0.0,0.0,0.0,0.0,0.0,0.0,0.0,0.0,0.0,0.0,0.0,0.0,2.0,2.0,2.0,2.0,2.0,2.0,2.0,2.0
16398,,53.552562,14.574852,1260,1650,24.461,0.058,1,,,,,,,98.956,98.956,65.398,65.398,65.398,65.398,16.79,16.79,0.0,0.0,0.0,0.0,0.0,0.0,1.0,1.0,1.0,1.0,2.0,2.0,3.0,6.0,8.0,9.0,0.0,0.0,0.0,0.0,0.0,0.0,0.0,0.0,,,,,,,,,0.0,0.0,0.0,0.0,0.0,0.0,0.0,0.0,0.0,0.0,0.0,0.0,0.0,0.0,0.0,0.0,0.0,0.0,0.0,0.0,0.0,0.0,0.0,0.0,0.0,0.0,0.0,0.0,0.0,0.0,0.0,0.0,0.0,1.0,1.0,1.0,1.0,1.0,1.0,1.0,2.0,2.0,2.0,2.0,2.0,2.0,2.0,2.0
16408,,52.446278,15.578494,1248,1650,26.093,0.062,1,,,,,,,234.514,234.514,87.207,87.207,87.207,87.207,87.207,87.207,0.0,0.0,0.0,0.0,0.0,0.0,0.0,0.0,0.0,0.0,1.0,1.0,2.0,4.0,4.0,4.0,0.0,0.0,0.0,0.0,0.0,0.0,0.0,0.0,,,,,,,,,0.0,0.0,0.0,0.0,0.0,0.0,0.0,0.0,0.0,0.0,0.0,0.0,0.0,0.0,0.0,0.0,1.0,1.0,1.0,1.0,1.0,1.0,1.0,1.0,0.0,0.0,0.0,0.0,0.0,0.0,0.0,0.0,0.0,0.0,0.0,0.0,0.0,0.0,0.0,0.0,2.0,2.0,2.0,2.0,2.0,2.0,2.0,2.0
16412,,54.040658,19.02528,1276,1650,9.074,0.191,1,,,,,,,368.01,368.01,315.667,315.667,315.667,315.667,225.317,225.317,0.0,0.0,0.0,0.0,0.0,0.0,0.0,0.0,0.0,0.0,0.0,0.0,0.0,0.0,0.0,0.0,0.0,0.0,0.0,0.0,0.0,0.0,0.0,0.0,,,,,,,,,0.0,0.0,0.0,0.0,0.0,0.0,0.0,0.0,0.0,0.0,0.0,0.0,0.0,0.0,0.0,0.0,0.0,1.0,1.0,1.0,1.0,1.0,1.0,1.0,0.0,0.0,0.0,0.0,0.0,0.0,0.0,0.0,0.0,0.0,0.0,0.0,0.0,0.0,0.0,0.0,2.0,2.0,2.0,2.0,2.0,2.0,2.0,2.0
16443,,52.169138,14.25379,1272,1650,19.344,0.089,0,,,,,,,158.849,158.849,69.398,69.398,69.398,69.398,69.398,69.398,0.0,0.0,0.0,0.0,0.0,0.0,0.0,0.0,0.0,0.0,4.0,4.0,5.0,8.0,11.0,13.0,0.0,0.0,0.0,0.0,0.0,0.0,0.0,0.0,,,,,,,,,0.0,0.0,0.0,0.0,0.0,0.0,0.0,0.0,0.0,1.0,1.0,1.0,1.0,1.0,1.0,1.0,0.0,1.0,1.0,1.0,1.0,1.0,1.0,1.0,0.0,0.0,0.0,0.0,0.0,0.0,0.0,0.0,0.0,0.0,0.0,0.0,0.0,0.0,0.0,0.0,1.0,3.0,3.0,3.0,3.0,3.0,3.0,3.0
16534,,59.444146,24.757624,1248,1650,171.209,0.521,1,,,,,,,790.823,97.746,97.746,97.746,97.746,97.746,79.102,79.102,0.0,0.0,0.0,0.0,0.0,0.0,0.0,0.0,0.0,1.0,1.0,1.0,1.0,1.0,6.0,6.0,0.0,0.0,0.0,0.0,0.0,0.0,0.0,0.0,,,,,,,,,0.0,0.0,0.0,0.0,0.0,0.0,0.0,0.0,0.0,0.0,0.0,0.0,0.0,0.0,0.0,0.0,0.0,0.0,0.0,0.0,0.0,0.0,0.0,0.0,0.0,0.0,0.0,0.0,0.0,0.0,0.0,0.0,0.0,1.0,1.0,1.0,1.0,1.0,1.0,1.0,2.0,2.0,2.0,2.0,2.0,2.0,2.0,2.0
16447,,51.353683,13.235317,1210,1650,4.365,0.173,1,,,,,,,59.807,59.807,37.464,18.156,26.774,16.277,16.277,16.277,0.0,0.0,2.0,3.0,3.0,6.0,6.0,8.0,4.0,5.0,9.0,14.0,18.0,22.0,29.0,36.0,0.0,0.0,0.0,0.0,0.0,0.0,0.0,0.0,,,,,,,,,0.0,0.0,0.0,0.0,0.0,0.0,0.0,0.0,0.0,0.0,0.0,0.0,0.0,0.0,0.0,0.0,0.0,0.0,0.0,0.0,0.0,0.0,0.0,0.0,0.0,0.0,0.0,0.0,1.0,1.0,1.0,1.0,0.0,1.0,1.0,1.0,1.0,1.0,1.0,1.0,2.0,2.0,2.0,2.0,2.0,2.0,2.0,2.0
16448,,51.351592,13.231644,1210,1650,4.558,0.173,1,,,,,,,59.548,59.548,37.145,18.008,26.749,16.366,16.366,16.366,0.0,0.0,2.0,3.0,3.0,6.0,6.0,8.0,4.0,5.0,9.0,14.0,18.0,22.0,29.0,36.0,0.0,0.0,0.0,0.0,0.0,0.0,0.0,0.0,,,,,,,,,0.0,0.0,0.0,0.0,0.0,0.0,0.0,0.0,0.0,0.0,0.0,0.0,0.0,0.0,0.0,0.0,0.0,0.0,0.0,0.0,0.0,0.0,0.0,0.0,0.0,0.0,0.0,0.0,0.0,0.0,0.0,0.0,0.0,0.0,0.0,0.0,0.0,0.0,0.0,0.0,2.0,2.0,2.0,2.0,2.0,2.0,2.0,2.0
16466,,50.003798,8.274647,297,1650,0.84,0.154,1,,,,,,,31.415,31.415,31.415,31.415,31.415,31.415,31.415,31.415,1.0,2.0,2.0,2.0,2.0,2.0,2.0,2.0,5.0,7.0,7.0,7.0,7.0,7.0,9.0,9.0,0.0,0.0,0.0,0.0,0.0,0.0,0.0,0.0,,,,,,,,,0.0,0.0,0.0,0.0,0.0,0.0,0.0,0.0,0.0,0.0,0.0,0.0,1.0,1.0,1.0,1.0,0.0,0.0,0.0,0.0,0.0,0.0,0.0,0.0,1.0,1.0,1.0,1.0,1.0,1.0,1.0,1.0,0.0,0.0,0.0,0.0,0.0,0.0,0.0,0.0,2.0,2.0,2.0,2.0,3.0,3.0,3.0,3.0
16467,,50.006342,8.28117,1237,1650,0.894,0.102,1,,,,,,,30.877,30.877,30.877,30.877,30.877,30.877,30.877,30.877,1.0,2.0,2.0,2.0,2.0,2.0,2.0,2.0,5.0,7.0,7.0,7.0,7.0,7.0,9.0,9.0,0.0,0.0,0.0,0.0,0.0,0.0,0.0,0.0,,,,,,,,,0.0,0.0,0.0,0.0,0.0,0.0,0.0,0.0,0.0,0.0,0.0,0.0,0.0,0.0,0.0,0.0,0.0,0.0,0.0,0.0,0.0,0.0,0.0,0.0,1.0,1.0,1.0,1.0,1.0,1.0,1.0,1.0,0.0,0.0,0.0,0.0,0.0,0.0,0.0,0.0,2.0,2.0,2.0,2.0,2.0,2.0,2.0,2.0
16474,,53.920847,19.348347,1288,1650,24.54,0.134,1,,,,,,,390.311,390.311,331.435,331.435,331.435,331.435,247.85,247.85,0.0,0.0,0.0,0.0,0.0,0.0,0.0,0.0,0.0,0.0,0.0,0.0,0.0,0.0,0.0,0.0,0.0,0.0,0.0,0.0,0.0,0.0,0.0,0.0,,,,,,,,,0.0,0.0,0.0,0.0,0.0,0.0,0.0,0.0,0.0,0.0,0.0,0.0,0.0,0.0,0.0,0.0,0.0,0.0,0.0,0.0,0.0,0.0,0.0,0.0,0.0,0.0,0.0,0.0,0.0,0.0,0.0,0.0,0.0,0.0,0.0,0.0,0.0,0.0,0.0,0.0,2.0,2.0,2.0,2.0,2.0,2.0,2.0,2.0
16479,,54.350549,18.657577,1224,1650,0.341,0.207,1,,,,,,,331.739,331.739,308.116,308.116,308.116,308.116,201.042,201.042,0.0,0.0,0.0,0.0,0.0,0.0,0.0,0.0,0.0,0.0,0.0,0.0,0.0,0.0,0.0,0.0,0.0,0.0,0.0,0.0,0.0,0.0,0.0,0.0,,,,,,,,,0.0,0.0,0.0,0.0,0.0,0.0,0.0,0.0,0.0,0.0,0.0,1.0,1.0,1.0,1.0,1.0,0.0,0.0,0.0,0.0,0.0,0.0,0.0,0.0,0.0,0.0,0.0,0.0,0.0,0.0,0.0,0.0,0.0,1.0,1.0,1.0,1.0,1.0,1.0,1.0,2.0,2.0,2.0,3.0,3.0,3.0,3.0,3.0
16480,,54.35083,18.6512,1224,1650,0.689,0.095,1,,,,,,,331.347,331.347,307.767,307.767,307.767,307.767,200.632,200.632,0.0,0.0,0.0,0.0,0.0,0.0,0.0,0.0,0.0,0.0,0.0,0.0,0.0,0.0,0.0,0.0,0.0,0.0,0.0,0.0,0.0,0.0,0.0,0.0,,,,,,,,,0.0,0.0,0.0,0.0,0.0,0.0,0.0,0.0,0.0,0.0,0.0,1.0,1.0,1.0,1.0,1.0,0.0,0.0,0.0,0.0,0.0,0.0,0.0,0.0,0.0,0.0,0.0,0.0,0.0,0.0,0.0,0.0,0.0,0.0,0.0,0.0,0.0,0.0,0.0,0.0,2.0,2.0,2.0,3.0,3.0,3.0,3.0,3.0
16504,,55.709243,21.130975,1253,1650,75.476,0.091,1,,,,,,,460.483,460.483,460.483,460.483,460.483,460.483,393.477,393.477,0.0,0.0,0.0,0.0,0.0,0.0,0.0,0.0,0.0,0.0,0.0,0.0,0.0,0.0,0.0,0.0,0.0,0.0,0.0,0.0,0.0,0.0,0.0,0.0,,,,,,,,,0.0,0.0,0.0,0.0,0.0,0.0,0.0,0.0,0.0,0.0,0.0,0.0,0.0,1.0,1.0,1.0,0.0,0.0,0.0,0.0,0.0,0.0,0.0,0.0,0.0,1.0,1.0,1.0,1.0,1.0,1.0,1.0,0.0,1.0,1.0,1.0,1.0,1.0,1.0,1.0,2.0,2.0,2.0,2.0,2.0,3.0,3.0,3.0
16526,,51.46062,8.855022,1104,1650,42.664,0.15,1,,,,,,,29.458,29.458,20.52,20.52,20.52,20.52,20.52,20.52,2.0,5.0,10.0,10.0,11.0,13.0,17.0,17.0,14.0,34.0,49.0,54.0,68.0,69.0,83.0,86.0,0.0,0.0,0.0,0.0,0.0,0.0,0.0,0.0,,,,,,,,,0.0,0.0,0.0,0.0,0.0,0.0,0.0,0.0,0.0,0.0,0.0,0.0,0.0,0.0,0.0,0.0,0.0,0.0,0.0,0.0,0.0,0.0,0.0,0.0,0.0,0.0,0.0,0.0,0.0,0.0,0.0,0.0,0.0,0.0,0.0,0.0,0.0,0.0,0.0,0.0,2.0,2.0,2.0,2.0,2.0,2.0,2.0,2.0
16547,,54.037817,19.024487,1276,1650,8.774,0.062,1,,,,,,,368.107,368.107,315.508,315.508,315.508,315.508,225.295,225.295,0.0,0.0,0.0,0.0,0.0,0.0,0.0,0.0,0.0,0.0,0.0,0.0,0.0,0.0,0.0,0.0,0.0,0.0,0.0,0.0,0.0,0.0,0.0,0.0,,,,,,,,,0.0,0.0,0.0,0.0,0.0,0.0,0.0,0.0,0.0,0.0,0.0,0.0,0.0,0.0,0.0,0.0,0.0,0.0,0.0,0.0,0.0,0.0,0.0,0.0,0.0,0.0,0.0,0.0,0.0,0.0,0.0,0.0,0.0,1.0,1.0,1.0,1.0,1.0,1.0,1.0,2.0,2.0,2.0,2.0,2.0,2.0,2.0,2.0
16550,,54.159453,19.390792,1246,1650,1.072,0.086,1,,,,,,,383.889,383.889,342.629,342.629,342.629,342.629,248.286,248.286,0.0,0.0,0.0,0.0,0.0,0.0,0.0,0.0,0.0,0.0,0.0,0.0,0.0,0.0,0.0,0.0,0.0,0.0,0.0,0.0,0.0,0.0,0.0,0.0,,,,,,,,,0.0,0.0,0.0,0.0,0.0,0.0,0.0,0.0,0.0,0.0,1.0,0.0,0.0,0.0,0.0,0.0,0.0,0.0,0.0,0.0,0.0,0.0,0.0,0.0,0.0,0.0,0.0,0.0,0.0,0.0,0.0,0.0,0.0,1.0,1.0,1.0,1.0,1.0,1.0,1.0,2.0,2.0,3.0,2.0,2.0,2.0,2.0,2.0
16551,,54.157914,19.391167,1246,1650,1.245,0.086,1,,,,,,,383.981,383.981,342.59,342.59,342.59,342.59,248.316,248.316,0.0,0.0,0.0,0.0,0.0,0.0,0.0,0.0,0.0,0.0,0.0,0.0,0.0,0.0,0.0,0.0,0.0,0.0,0.0,0.0,0.0,0.0,0.0,0.0,,,,,,,,,0.0,0.0,0.0,0.0,0.0,0.0,0.0,0.0,0.0,0.0,1.0,0.0,0.0,0.0,0.0,0.0,0.0,0.0,0.0,0.0,0.0,0.0,0.0,0.0,0.0,0.0,0.0,0.0,0.0,0.0,0.0,0.0,0.0,0.0,0.0,0.0,0.0,0.0,0.0,0.0,2.0,2.0,3.0,2.0,2.0,2.0,2.0,2.0
16597,,56.639141,25.422531,1277,1650,8.293,0.063,1,,,,,,,732.31,409.354,409.354,409.354,409.354,409.354,387.727,387.727,0.0,0.0,0.0,0.0,0.0,0.0,0.0,0.0,0.0,0.0,0.0,0.0,0.0,0.0,0.0,0.0,0.0,0.0,0.0,0.0,0.0,0.0,0.0,0.0,,,,,,,,,0.0,0.0,0.0,0.0,0.0,0.0,0.0,0.0,0.0,0.0,0.0,0.0,0.0,0.0,0.0,0.0,0.0,0.0,0.0,0.0,0.0,0.0,0.0,0.0,0.0,0.0,0.0,0.0,0.0,0.0,0.0,0.0,0.0,0.0,0.0,0.0,0.0,0.0,0.0,0.0,2.0,2.0,2.0,2.0,2.0,2.0,2.0,2.0
16598,,56.637606,25.424408,1277,1650,8.377,0.103,1,,,,,,,732.407,409.543,409.543,409.543,409.543,409.543,387.917,387.917,0.0,0.0,0.0,0.0,0.0,0.0,0.0,0.0,0.0,0.0,0.0,0.0,0.0,0.0,0.0,0.0,0.0,0.0,0.0,0.0,0.0,0.0,0.0,0.0,,,,,,,,,0.0,0.0,0.0,0.0,0.0,0.0,0.0,0.0,0.0,0.0,0.0,0.0,0.0,0.0,0.0,0.0,0.0,0.0,0.0,0.0,0.0,0.0,0.0,0.0,0.0,0.0,0.0,0.0,0.0,0.0,0.0,0.0,0.0,1.0,1.0,1.0,1.0,1.0,1.0,1.0,2.0,2.0,2.0,2.0,2.0,2.0,2.0,2.0
17023,,50.11353,8.690271,1142,1650,2.442,0.155,1,,,,,,,0.674,0.674,0.674,0.674,0.674,0.674,0.674,0.674,1.0,3.0,3.0,3.0,3.0,3.0,5.0,5.0,5.0,10.0,10.0,10.0,10.0,10.0,12.0,12.0,0.0,0.0,0.0,0.0,0.0,0.0,0.0,0.0,,,,,,,,,0.0,0.0,0.0,0.0,0.0,0.0,0.0,0.0,0.0,0.0,0.0,0.0,0.0,0.0,0.0,0.0,0.0,0.0,0.0,0.0,0.0,0.0,0.0,0.0,0.0,0.0,0.0,0.0,0.0,0.0,0.0,0.0,0.0,0.0,0.0,0.0,0.0,0.0,0.0,0.0,2.0,2.0,2.0,2.0,2.0,2.0,2.0,2.0
16773,,52.270511,11.856201,1250,1650,6.617,0.094,1,,,,,,,21.396,21.396,17.627,17.627,17.627,17.627,0.188,0.188,1.0,2.0,5.0,5.0,12.0,17.0,25.0,30.0,5.0,11.0,23.0,38.0,51.0,62.0,91.0,102.0,0.0,0.0,0.0,0.0,0.0,0.0,0.0,0.0,,,,,,,,,0.0,0.0,0.0,0.0,0.0,0.0,0.0,0.0,0.0,0.0,0.0,0.0,0.0,0.0,0.0,0.0,0.0,0.0,0.0,0.0,0.0,0.0,0.0,0.0,0.0,0.0,0.0,0.0,0.0,0.0,0.0,0.0,0.0,0.0,0.0,0.0,0.0,0.0,0.0,0.0,2.0,2.0,2.0,2.0,2.0,2.0,2.0,2.0
16791,,52.823767,12.071797,1179,1650,3.021,0.026,1,,,,,,,72.193,7.31,7.31,7.31,7.31,7.31,0.244,0.244,0.0,3.0,3.0,3.0,3.0,6.0,9.0,13.0,4.0,7.0,18.0,21.0,32.0,36.0,47.0,52.0,0.0,0.0,0.0,0.0,0.0,0.0,0.0,0.0,,,,,,,,,0.0,0.0,0.0,0.0,0.0,0.0,0.0,0.0,0.0,0.0,0.0,0.0,0.0,0.0,0.0,0.0,0.0,0.0,0.0,0.0,0.0,0.0,0.0,0.0,0.0,0.0,0.0,0.0,0.0,0.0,0.0,0.0,0.0,0.0,0.0,0.0,0.0,0.0,0.0,0.0,2.0,2.0,2.0,2.0,2.0,2.0,2.0,2.0
16792,,52.823444,12.071239,1179,1650,3.047,0.026,1,,,,,,,72.174,7.3,7.3,7.3,7.3,7.3,0.296,0.296,0.0,3.0,3.0,3.0,3.0,6.0,9.0,13.0,4.0,7.0,18.0,21.0,32.0,36.0,47.0,52.0,0.0,0.0,0.0,0.0,0.0,0.0,0.0,0.0,,,,,,,,,0.0,0.0,0.0,0.0,0.0,0.0,0.0,0.0,0.0,0.0,0.0,0.0,0.0,0.0,0.0,0.0,0.0,1.0,1.0,1.0,1.0,1.0,1.0,1.0,0.0,0.0,0.0,0.0,0.0,0.0,0.0,0.0,0.0,0.0,0.0,0.0,0.0,0.0,0.0,0.0,2.0,2.0,2.0,2.0,2.0,2.0,2.0,2.0
16793,,52.60647,12.334154,1288,1650,0.053,0.086,1,,,,,,,70.823,25.605,25.605,25.605,25.605,25.276,25.276,24.146,0.0,3.0,5.0,5.0,8.0,11.0,17.0,22.0,2.0,8.0,19.0,22.0,33.0,39.0,54.0,61.0,0.0,0.0,0.0,0.0,0.0,0.0,0.0,0.0,,,,,,,,,0.0,0.0,0.0,0.0,0.0,0.0,0.0,0.0,0.0,0.0,0.0,0.0,0.0,0.0,0.0,0.0,0.0,0.0,0.0,0.0,0.0,0.0,0.0,0.0,0.0,0.0,0.0,0.0,0.0,0.0,0.0,0.0,0.0,1.0,1.0,1.0,1.0,1.0,1.0,1.0,2.0,2.0,2.0,2.0,2.0,2.0,2.0,2.0
16794,,53.3146,13.853052,1234,1650,7.179,0.151,1,,,,,,,92.284,92.284,63.595,63.595,63.595,63.595,63.595,44.211,0.0,0.0,0.0,0.0,0.0,0.0,0.0,1.0,1.0,1.0,5.0,5.0,6.0,9.0,12.0,13.0,0.0,0.0,0.0,0.0,0.0,0.0,0.0,0.0,,,,,,,,,0.0,0.0,0.0,0.0,0.0,0.0,0.0,0.0,0.0,0.0,0.0,0.0,0.0,0.0,0.0,0.0,0.0,0.0,0.0,0.0,0.0,0.0,0.0,0.0,0.0,0.0,0.0,0.0,0.0,0.0,0.0,0.0,1.0,1.0,1.0,1.0,1.0,0.0,0.0,0.0,2.0,2.0,2.0,2.0,2.0,2.0,2.0,2.0
16795,,53.313509,13.859671,1234,1650,7.186,0.036,1,,,,,,,92.546,92.546,63.173,63.173,63.173,63.173,63.173,44.519,0.0,0.0,0.0,0.0,0.0,0.0,0.0,1.0,1.0,1.0,5.0,5.0,6.0,9.0,12.0,13.0,0.0,0.0,0.0,0.0,0.0,0.0,0.0,0.0,,,,,,,,,0.0,0.0,0.0,0.0,0.0,0.0,0.0,0.0,0.0,0.0,0.0,0.0,0.0,0.0,0.0,0.0,0.0,0.0,0.0,0.0,0.0,0.0,0.0,0.0,0.0,0.0,0.0,0.0,0.0,0.0,0.0,0.0,0.0,0.0,0.0,0.0,0.0,0.0,0.0,0.0,2.0,2.0,2.0,2.0,2.0,2.0,2.0,2.0
16796,,53.313919,13.85745,1234,1650,7.176,0.049,1,,,,,,,92.454,92.454,63.317,63.317,63.317,63.317,63.317,44.411,0.0,0.0,0.0,0.0,0.0,0.0,0.0,1.0,1.0,1.0,5.0,5.0,6.0,9.0,12.0,13.0,0.0,0.0,0.0,0.0,0.0,0.0,0.0,0.0,,,,,,,,,0.0,0.0,0.0,0.0,0.0,0.0,0.0,0.0,0.0,0.0,0.0,0.0,0.0,0.0,0.0,0.0,0.0,0.0,0.0,0.0,0.0,0.0,0.0,0.0,0.0,0.0,0.0,0.0,0.0,0.0,0.0,0.0,0.0,0.0,0.0,0.0,0.0,0.0,0.0,0.0,2.0,2.0,2.0,2.0,2.0,2.0,2.0,2.0
16799,,51.699725,4.864877,1213,1650,13.972,0.043,1,,,,,,,0.428,0.428,0.428,0.428,0.428,0.428,0.428,0.428,9.0,14.0,16.0,21.0,24.0,26.0,26.0,25.0,21.0,40.0,46.0,56.0,65.0,68.0,68.0,67.0,0.0,0.0,0.0,0.0,0.0,0.0,0.0,0.0,,,,,,,,,0.0,0.0,0.0,0.0,0.0,0.0,0.0,0.0,0.0,0.0,0.0,0.0,0.0,0.0,0.0,0.0,0.0,0.0,0.0,0.0,0.0,0.0,0.0,0.0,0.0,1.0,1.0,1.0,1.0,1.0,1.0,1.0,0.0,0.0,0.0,0.0,0.0,0.0,0.0,0.0,2.0,2.0,2.0,2.0,2.0,2.0,2.0,2.0
16810,,53.736531,14.050376,1260,1650,1.108,0.094,1,,,,,,,59.331,59.331,59.331,59.331,59.331,59.331,54.754,33.829,0.0,0.0,0.0,0.0,0.0,0.0,0.0,1.0,1.0,1.0,2.0,2.0,3.0,6.0,9.0,10.0,0.0,0.0,0.0,0.0,0.0,0.0,0.0,0.0,,,,,,,,,0.0,0.0,0.0,0.0,0.0,0.0,0.0,0.0,0.0,0.0,0.0,0.0,0.0,0.0,0.0,0.0,0.0,0.0,0.0,0.0,0.0,0.0,0.0,0.0,0.0,0.0,0.0,0.0,0.0,0.0,0.0,0.0,0.0,1.0,1.0,1.0,1.0,1.0,1.0,1.0,2.0,2.0,2.0,2.0,2.0,2.0,2.0,2.0
16811,,53.735204,14.048585,1260,1650,1.297,0.094,1,,,,,,,59.345,59.345,59.345,59.345,59.345,59.345,54.814,33.682,0.0,0.0,0.0,0.0,0.0,0.0,0.0,1.0,1.0,1.0,2.0,2.0,3.0,6.0,9.0,10.0,0.0,0.0,0.0,0.0,0.0,0.0,0.0,0.0,,,,,,,,,0.0,0.0,0.0,0.0,0.0,0.0,0.0,0.0,0.0,0.0,0.0,0.0,0.0,0.0,0.0,0.0,0.0,0.0,0.0,0.0,0.0,0.0,0.0,0.0,0.0,0.0,0.0,0.0,0.0,0.0,0.0,0.0,0.0,0.0,0.0,0.0,0.0,0.0,0.0,0.0,2.0,2.0,2.0,2.0,2.0,2.0,2.0,2.0
16815,,53.509077,13.986154,1276,1650,4.591,0.264,1,,,,,,,76.417,76.417,73.295,73.295,73.295,73.295,55.987,33.86,0.0,0.0,0.0,0.0,0.0,0.0,0.0,1.0,1.0,1.0,2.0,2.0,3.0,6.0,8.0,9.0,0.0,0.0,0.0,0.0,0.0,0.0,0.0,0.0,,,,,,,,,0.0,0.0,0.0,0.0,0.0,0.0,0.0,0.0,0.0,0.0,0.0,0.0,0.0,0.0,0.0,0.0,0.0,0.0,0.0,0.0,0.0,0.0,0.0,0.0,0.0,0.0,0.0,0.0,0.0,0.0,0.0,0.0,1.0,1.0,1.0,1.0,0.0,0.0,0.0,0.0,2.0,2.0,2.0,2.0,2.0,2.0,2.0,2.0
16817,,52.443929,15.580856,1248,1650,26.392,0.103,1,,,,,,,234.818,234.818,87.5,87.5,87.5,87.5,87.5,87.5,0.0,0.0,0.0,0.0,0.0,0.0,0.0,0.0,0.0,0.0,1.0,1.0,2.0,4.0,4.0,4.0,0.0,0.0,0.0,0.0,0.0,0.0,0.0,0.0,,,,,,,,,0.0,0.0,0.0,0.0,0.0,0.0,0.0,0.0,0.0,0.0,0.0,0.0,0.0,0.0,0.0,0.0,0.0,0.0,0.0,0.0,0.0,0.0,0.0,0.0,0.0,0.0,0.0,0.0,0.0,0.0,0.0,0.0,0.0,0.0,0.0,0.0,0.0,0.0,0.0,0.0,2.0,2.0,2.0,2.0,2.0,2.0,2.0,2.0
16914,,50.829716,10.022739,1186,1650,21.071,0.053,1,,,,,,,26.325,25.068,25.068,25.068,25.068,25.068,24.544,15.846,8.0,13.0,14.0,14.0,14.0,16.0,21.0,26.0,16.0,41.0,57.0,60.0,73.0,79.0,90.0,99.0,0.0,0.0,0.0,0.0,0.0,0.0,0.0,0.0,,,,,,,,,0.0,0.0,0.0,0.0,0.0,0.0,0.0,0.0,0.0,0.0,0.0,0.0,0.0,0.0,0.0,0.0,0.0,0.0,0.0,0.0,0.0,0.0,0.0,0.0,0.0,0.0,0.0,0.0,0.0,0.0,0.0,0.0,0.0,0.0,0.0,0.0,0.0,0.0,0.0,0.0,2.0,2.0,2.0,2.0,2.0,2.0,2.0,2.0
16878,Neustadt,51.059353,8.796551,1243,1650,51.433,0.19,1,,,,,,,73.317,57.038,53.659,53.659,53.659,53.659,53.659,53.659,0.0,0.0,0.0,0.0,0.0,0.0,0.0,0.0,10.0,19.0,30.0,34.0,40.0,42.0,51.0,55.0,0.0,0.0,0.0,0.0,0.0,0.0,0.0,0.0,,,,,,,,,0.0,0.0,0.0,0.0,0.0,0.0,0.0,0.0,0.0,0.0,0.0,0.0,0.0,0.0,0.0,0.0,0.0,0.0,0.0,0.0,0.0,0.0,0.0,0.0,0.0,0.0,0.0,0.0,0.0,0.0,0.0,0.0,0.0,0.0,0.0,0.0,0.0,0.0,0.0,0.0,2.0,2.0,2.0,2.0,2.0,2.0,2.0,2.0
16920,,50.553856,9.674428,1150,1650,37.789,0.195,1,,,,,,,30.786,14.78,14.78,14.78,14.78,14.78,14.78,14.78,4.0,7.0,7.0,7.0,7.0,7.0,12.0,12.0,13.0,28.0,32.0,32.0,41.0,46.0,54.0,60.0,0.0,0.0,0.0,0.0,0.0,0.0,0.0,0.0,,,,,,,,,0.0,0.0,0.0,0.0,0.0,0.0,0.0,0.0,0.0,0.0,0.0,0.0,0.0,0.0,0.0,0.0,0.0,0.0,0.0,0.0,0.0,0.0,0.0,0.0,0.0,0.0,0.0,0.0,0.0,0.0,0.0,0.0,0.0,0.0,0.0,0.0,0.0,0.0,0.0,0.0,2.0,2.0,2.0,2.0,2.0,2.0,2.0,2.0
16925,Lauterbach,50.636397,9.395612,1266,1650,37.109,4.239,1,,,,,,,36.292,26.431,26.431,26.431,26.431,26.431,26.431,26.431,4.0,7.0,7.0,7.0,7.0,7.0,7.0,7.0,13.0,28.0,35.0,35.0,44.0,49.0,57.0,63.0,0.0,0.0,0.0,0.0,0.0,0.0,0.0,0.0,,,,,,,,,0.0,0.0,0.0,0.0,0.0,0.0,0.0,0.0,0.0,0.0,0.0,0.0,0.0,0.0,0.0,0.0,0.0,0.0,0.0,0.0,0.0,0.0,0.0,0.0,0.0,0.0,0.0,0.0,0.0,0.0,0.0,0.0,0.0,0.0,0.0,0.0,0.0,0.0,0.0,0.0,2.0,2.0,2.0,2.0,2.0,2.0,2.0,2.0
16927,,50.555637,9.669659,1150,1650,37.632,0.195,1,,,,,,,30.795,14.754,14.754,14.754,14.754,14.754,14.754,14.754,4.0,7.0,7.0,7.0,7.0,7.0,12.0,12.0,13.0,28.0,32.0,32.0,41.0,46.0,54.0,60.0,0.0,0.0,0.0,0.0,0.0,0.0,0.0,0.0,,,,,,,,,0.0,0.0,0.0,0.0,0.0,0.0,0.0,0.0,0.0,0.0,0.0,0.0,0.0,0.0,0.0,0.0,0.0,0.0,0.0,0.0,0.0,0.0,0.0,0.0,0.0,0.0,0.0,0.0,0.0,0.0,0.0,0.0,0.0,0.0,0.0,0.0,0.0,0.0,0.0,0.0,2.0,2.0,2.0,2.0,2.0,2.0,2.0,2.0
16928,,53.753736,12.754064,1236,1650,29.638,0.345,1,,,,,,,55.982,55.982,54.809,54.809,54.809,33.111,25.088,25.088,0.0,0.0,0.0,0.0,0.0,1.0,3.0,3.0,3.0,3.0,5.0,5.0,5.0,8.0,15.0,16.0,0.0,0.0,0.0,0.0,0.0,0.0,0.0,0.0,,,,,,,,,1.0,1.0,1.0,1.0,1.0,1.0,1.0,1.0,0.0,0.0,0.0,0.0,0.0,0.0,0.0,0.0,1.0,1.0,1.0,1.0,1.0,1.0,1.0,1.0,0.0,0.0,0.0,0.0,0.0,0.0,0.0,0.0,0.0,0.0,0.0,0.0,0.0,0.0,0.0,0.0,2.0,2.0,2.0,2.0,2.0,2.0,2.0,2.0
16946,,51.664334,6.964957,1251,1650,4.462,0.025,1,,,,,,,21.293,21.293,21.293,15.965,15.965,15.965,15.965,15.965,9.0,15.0,18.0,19.0,19.0,19.0,20.0,20.0,37.0,55.0,63.0,81.0,96.0,100.0,107.0,108.0,0.0,0.0,0.0,0.0,0.0,0.0,0.0,0.0,,,,,,,,,0.0,0.0,0.0,0.0,0.0,0.0,0.0,0.0,0.0,0.0,0.0,0.0,0.0,0.0,0.0,0.0,0.0,0.0,0.0,1.0,1.0,1.0,1.0,1.0,0.0,0.0,0.0,0.0,0.0,0.0,0.0,0.0,0.0,0.0,0.0,0.0,0.0,0.0,0.0,0.0,2.0,2.0,2.0,2.0,2.0,2.0,2.0,2.0
16981,,50.556414,8.497501,1180,1650,51.022,0.061,1,,,,,,,51.298,51.298,51.298,51.298,51.298,51.298,51.298,51.298,0.0,0.0,0.0,0.0,0.0,0.0,0.0,0.0,6.0,11.0,12.0,12.0,13.0,13.0,16.0,16.0,0.0,0.0,0.0,0.0,0.0,0.0,0.0,0.0,,,,,,,,,0.0,0.0,0.0,0.0,0.0,0.0,0.0,0.0,0.0,0.0,0.0,0.0,0.0,0.0,0.0,0.0,0.0,0.0,0.0,0.0,0.0,0.0,0.0,0.0,0.0,0.0,0.0,0.0,0.0,0.0,0.0,0.0,0.0,0.0,0.0,0.0,0.0,0.0,0.0,0.0,2.0,2.0,2.0,2.0,2.0,2.0,2.0,2.0
16949,Hinderdam Delft,52.016559,4.334681,1246,1650,2.505,1.397,0,,,,,,,50.27,19.015,19.015,19.015,19.015,19.015,19.015,19.015,0.0,4.0,6.0,6.0,6.0,7.0,7.0,7.0,11.0,26.0,30.0,36.0,41.0,44.0,44.0,43.0,0.0,0.0,0.0,0.0,0.0,0.0,0.0,0.0,,,,,,,,,0.0,0.0,0.0,0.0,0.0,0.0,0.0,0.0,0.0,0.0,0.0,0.0,0.0,0.0,0.0,0.0,0.0,0.0,0.0,0.0,0.0,0.0,0.0,0.0,0.0,0.0,0.0,0.0,0.0,0.0,0.0,0.0,0.0,0.0,0.0,0.0,0.0,0.0,0.0,0.0,1.0,2.0,2.0,2.0,2.0,2.0,2.0,2.0
16950,haven Westkapelle,51.522009,3.438624,1223,1650,13.196,3.377,0,,,,,,,27.646,12.25,0.664,0.664,0.664,0.664,0.664,0.664,2.0,5.0,6.0,5.0,7.0,7.0,7.0,7.0,2.0,12.0,13.0,12.0,14.0,14.0,14.0,14.0,0.0,0.0,0.0,0.0,0.0,0.0,0.0,0.0,,,,,,,,,0.0,0.0,0.0,0.0,0.0,0.0,0.0,0.0,0.0,0.0,0.0,0.0,0.0,0.0,0.0,0.0,0.0,0.0,0.0,0.0,0.0,0.0,0.0,0.0,0.0,0.0,0.0,0.0,0.0,0.0,0.0,0.0,0.0,0.0,0.0,0.0,0.0,0.0,0.0,0.0,2.0,2.0,2.0,2.0,2.0,2.0,2.0,2.0
16959,,50.108853,8.681742,1142,1650,2.986,0.087,1,,,,,,,0.174,0.174,0.174,0.174,0.174,0.174,0.174,0.174,1.0,3.0,3.0,3.0,3.0,3.0,5.0,5.0,5.0,10.0,10.0,10.0,10.0,10.0,12.0,12.0,0.0,0.0,0.0,0.0,0.0,0.0,0.0,0.0,,,,,,,,,0.0,0.0,0.0,0.0,0.0,0.0,0.0,0.0,0.0,0.0,0.0,0.0,0.0,0.0,0.0,0.0,0.0,0.0,0.0,0.0,0.0,0.0,0.0,0.0,0.0,0.0,0.0,0.0,0.0,0.0,0.0,0.0,0.0,1.0,1.0,1.0,1.0,1.0,1.0,1.0,2.0,2.0,2.0,2.0,2.0,2.0,2.0,2.0
16961,,52.886104,5.358528,1068,1650,0.076,0.183,1,,,,,,,62.126,62.126,52.085,41.928,41.928,41.928,41.928,41.928,0.0,0.0,0.0,2.0,3.0,3.0,3.0,3.0,12.0,22.0,37.0,47.0,51.0,57.0,57.0,53.0,0.0,0.0,0.0,0.0,0.0,0.0,0.0,0.0,,,,,,,,,0.0,0.0,0.0,0.0,0.0,0.0,0.0,0.0,0.0,0.0,0.0,0.0,0.0,0.0,0.0,0.0,0.0,0.0,0.0,0.0,0.0,0.0,0.0,0.0,0.0,0.0,0.0,0.0,0.0,0.0,0.0,0.0,1.0,1.0,1.0,1.0,1.0,1.0,1.0,1.0,2.0,2.0,2.0,2.0,2.0,2.0,2.0,2.0
16962,,50.297203,8.26778,1281,1650,31.596,0.084,1,,,,,,,36.074,36.074,36.074,36.074,36.074,36.074,36.074,36.074,1.0,2.0,2.0,2.0,2.0,2.0,2.0,2.0,6.0,8.0,9.0,9.0,10.0,10.0,13.0,13.0,0.0,0.0,0.0,0.0,0.0,0.0,0.0,0.0,,,,,,,,,0.0,0.0,0.0,0.0,0.0,0.0,0.0,0.0,0.0,0.0,0.0,0.0,0.0,0.0,0.0,0.0,0.0,0.0,0.0,0.0,0.0,0.0,0.0,0.0,0.0,0.0,0.0,0.0,0.0,0.0,0.0,0.0,0.0,0.0,0.0,0.0,0.0,0.0,0.0,0.0,2.0,2.0,2.0,2.0,2.0,2.0,2.0,2.0
16966,,50.114665,8.686302,1142,1650,2.747,0.128,1,,,,,,,0.559,0.559,0.559,0.559,0.559,0.559,0.559,0.559,1.0,3.0,3.0,3.0,3.0,3.0,5.0,5.0,5.0,10.0,10.0,10.0,10.0,10.0,12.0,12.0,0.0,0.0,0.0,0.0,0.0,0.0,0.0,0.0,,,,,,,,,0.0,0.0,0.0,0.0,0.0,0.0,0.0,0.0,0.0,0.0,0.0,0.0,0.0,0.0,0.0,0.0,0.0,0.0,0.0,0.0,0.0,0.0,0.0,0.0,0.0,0.0,0.0,0.0,0.0,0.0,0.0,0.0,0.0,0.0,0.0,0.0,0.0,0.0,0.0,0.0,2.0,2.0,2.0,2.0,2.0,2.0,2.0,2.0
16970,,50.043798,8.978727,1175,1650,4.155,0.123,1,,,,,,,22.42,22.42,22.42,22.42,22.42,22.42,22.42,22.42,5.0,7.0,7.0,7.0,7.0,7.0,9.0,9.0,5.0,10.0,10.0,10.0,10.0,10.0,12.0,12.0,0.0,0.0,0.0,0.0,0.0,0.0,0.0,0.0,,,,,,,,,0.0,0.0,0.0,0.0,0.0,0.0,0.0,0.0,0.0,0.0,0.0,0.0,0.0,0.0,0.0,0.0,0.0,0.0,0.0,0.0,0.0,0.0,0.0,0.0,0.0,0.0,0.0,0.0,0.0,0.0,0.0,0.0,0.0,1.0,1.0,1.0,1.0,1.0,1.0,1.0,2.0,2.0,2.0,2.0,2.0,2.0,2.0,2.0
16982,,50.555812,8.498933,1180,1650,50.939,0.061,1,,,,,,,51.208,51.208,51.208,51.208,51.208,51.208,51.208,51.208,0.0,0.0,0.0,0.0,0.0,0.0,0.0,0.0,6.0,11.0,12.0,12.0,13.0,13.0,16.0,16.0,0.0,0.0,0.0,0.0,0.0,0.0,0.0,0.0,,,,,,,,,0.0,0.0,0.0,0.0,0.0,0.0,0.0,0.0,0.0,0.0,0.0,0.0,0.0,0.0,0.0,0.0,0.0,1.0,1.0,1.0,1.0,1.0,1.0,1.0,0.0,0.0,0.0,0.0,0.0,0.0,0.0,0.0,0.0,0.0,0.0,0.0,0.0,0.0,0.0,0.0,2.0,2.0,2.0,2.0,2.0,2.0,2.0,2.0
16985,Weilburg,50.484938,8.261021,1295,1650,48.291,5.029,1,,,,,,,51.278,51.278,51.278,51.278,51.278,51.278,51.278,51.278,0.0,0.0,0.0,0.0,0.0,0.0,0.0,0.0,6.0,8.0,9.0,9.0,10.0,10.0,13.0,13.0,0.0,0.0,0.0,0.0,0.0,0.0,0.0,0.0,,,,,,,,,0.0,0.0,0.0,0.0,0.0,0.0,0.0,0.0,0.0,0.0,0.0,0.0,0.0,0.0,0.0,0.0,0.0,0.0,0.0,0.0,0.0,0.0,0.0,0.0,0.0,0.0,0.0,0.0,0.0,0.0,0.0,0.0,0.0,0.0,0.0,0.0,0.0,0.0,0.0,0.0,1.0,1.0,1.0,1.0,1.0,1.0,1.0,1.0
17014,Urmond,50.992261,5.76514,1300,1650,1.962,1.689,0,,,,,,,16.529,8.284,8.284,8.284,8.284,8.284,8.284,8.284,5.0,8.0,11.0,13.0,14.0,15.0,15.0,15.0,14.0,26.0,31.0,41.0,49.0,50.0,50.0,50.0,0.0,0.0,0.0,0.0,0.0,0.0,0.0,0.0,,,,,,,,,0.0,1.0,1.0,1.0,1.0,1.0,1.0,1.0,0.0,0.0,0.0,0.0,0.0,0.0,0.0,0.0,0.0,0.0,0.0,0.0,0.0,0.0,0.0,0.0,0.0,0.0,0.0,0.0,0.0,0.0,0.0,0.0,0.0,0.0,0.0,0.0,0.0,0.0,0.0,0.0,2.0,2.0,2.0,2.0,2.0,2.0,2.0,2.0
17036,Balduinbrücke,50.363891,7.593066,1276,1650,0.752,0.199,1,,,,,,,55.32,55.32,55.32,55.32,55.32,55.32,55.32,55.32,0.0,0.0,0.0,0.0,0.0,0.0,0.0,0.0,2.0,3.0,4.0,4.0,5.0,5.0,6.0,6.0,0.0,0.0,0.0,0.0,0.0,0.0,0.0,0.0,,,,,,,,,0.0,0.0,1.0,1.0,1.0,1.0,1.0,1.0,0.0,0.0,0.0,0.0,1.0,1.0,1.0,1.0,0.0,0.0,1.0,1.0,1.0,1.0,1.0,1.0,0.0,0.0,0.0,0.0,0.0,0.0,0.0,0.0,0.0,0.0,0.0,0.0,0.0,0.0,0.0,0.0,2.0,2.0,2.0,2.0,3.0,3.0,3.0,3.0
17037,,50.362734,7.598183,1276,1650,0.446,0.107,1,,,,,,,55.61,55.61,55.61,55.61,55.61,55.61,55.61,55.61,0.0,0.0,0.0,0.0,0.0,0.0,0.0,0.0,2.0,3.0,4.0,4.0,5.0,5.0,6.0,6.0,0.0,0.0,0.0,0.0,0.0,0.0,0.0,0.0,,,,,,,,,0.0,0.0,0.0,0.0,0.0,0.0,0.0,0.0,0.0,0.0,0.0,0.0,1.0,1.0,1.0,1.0,0.0,0.0,0.0,0.0,0.0,0.0,0.0,0.0,0.0,0.0,0.0,0.0,0.0,0.0,0.0,0.0,0.0,1.0,1.0,1.0,1.0,1.0,1.0,1.0,2.0,2.0,2.0,2.0,3.0,3.0,3.0,3.0
17038,,50.358678,7.604781,1276,1650,0.478,0.283,1,,,,,,,56.234,56.234,56.234,56.234,56.234,56.234,56.234,56.234,0.0,0.0,0.0,0.0,0.0,0.0,0.0,0.0,2.0,3.0,4.0,4.0,5.0,5.0,6.0,6.0,0.0,0.0,0.0,0.0,0.0,0.0,0.0,0.0,,,,,,,,,0.0,0.0,0.0,0.0,0.0,0.0,0.0,0.0,0.0,0.0,0.0,0.0,1.0,1.0,1.0,1.0,0.0,0.0,0.0,0.0,0.0,0.0,0.0,0.0,0.0,1.0,1.0,1.0,1.0,1.0,1.0,1.0,0.0,1.0,1.0,1.0,1.0,1.0,1.0,1.0,2.0,2.0,2.0,2.0,3.0,3.0,3.0,3.0
17039,,50.360396,7.594262,1276,1650,0.822,0.042,1,,,,,,,55.7,55.7,55.7,55.7,55.7,55.7,55.7,55.7,0.0,0.0,0.0,0.0,0.0,0.0,0.0,0.0,2.0,3.0,4.0,4.0,5.0,5.0,6.0,6.0,0.0,0.0,0.0,0.0,0.0,0.0,0.0,0.0,,,,,,,,,0.0,0.0,0.0,0.0,0.0,0.0,0.0,0.0,0.0,0.0,0.0,0.0,1.0,1.0,1.0,1.0,0.0,0.0,0.0,0.0,0.0,0.0,0.0,0.0,0.0,0.0,0.0,0.0,0.0,0.0,0.0,0.0,0.0,0.0,0.0,0.0,0.0,0.0,0.0,0.0,2.0,2.0,2.0,2.0,3.0,3.0,3.0,3.0
17064,,51.587246,10.66044,1292,1650,43.358,0.174,1,,,,,,,13.278,13.278,13.278,13.278,13.278,13.278,13.278,13.278,5.0,15.0,15.0,19.0,26.0,28.0,33.0,40.0,21.0,48.0,61.0,81.0,98.0,109.0,135.0,148.0,0.0,0.0,0.0,0.0,0.0,0.0,0.0,0.0,,,,,,,,,0.0,0.0,0.0,0.0,0.0,0.0,0.0,0.0,0.0,0.0,0.0,0.0,0.0,0.0,0.0,0.0,0.0,0.0,0.0,0.0,0.0,0.0,0.0,0.0,0.0,0.0,0.0,0.0,0.0,0.0,0.0,0.0,0.0,0.0,0.0,0.0,0.0,0.0,0.0,0.0,2.0,2.0,2.0,2.0,2.0,2.0,2.0,2.0
17040,,50.360858,7.597572,1276,1650,0.61,0.08,1,,,,,,,55.77,55.77,55.77,55.77,55.77,55.77,55.77,55.77,0.0,0.0,0.0,0.0,0.0,0.0,0.0,0.0,2.0,3.0,4.0,4.0,5.0,5.0,6.0,6.0,0.0,0.0,0.0,0.0,0.0,0.0,0.0,0.0,,,,,,,,,0.0,0.0,0.0,0.0,0.0,0.0,0.0,0.0,0.0,0.0,0.0,0.0,1.0,1.0,1.0,1.0,0.0,0.0,0.0,0.0,0.0,0.0,0.0,0.0,0.0,0.0,0.0,0.0,0.0,0.0,0.0,0.0,0.0,0.0,0.0,0.0,0.0,0.0,0.0,0.0,2.0,2.0,2.0,2.0,3.0,3.0,3.0,3.0
17046,,50.716674,9.949987,1300,1650,24.58,0.141,1,,,,,,,36.763,13.826,13.826,13.826,13.826,13.826,13.826,13.826,8.0,13.0,14.0,14.0,17.0,19.0,24.0,29.0,12.0,31.0,39.0,39.0,49.0,55.0,65.0,72.0,0.0,0.0,0.0,0.0,0.0,0.0,0.0,0.0,,,,,,,,,0.0,0.0,0.0,0.0,0.0,0.0,0.0,0.0,0.0,0.0,0.0,0.0,0.0,0.0,0.0,0.0,0.0,0.0,0.0,0.0,0.0,0.0,0.0,0.0,0.0,0.0,0.0,0.0,0.0,0.0,0.0,0.0,0.0,0.0,0.0,0.0,0.0,0.0,0.0,0.0,2.0,2.0,2.0,2.0,2.0,2.0,2.0,2.0
17047,,50.81189,10.232563,1289,1650,35.189,0.119,1,,,,,,,19.097,19.097,19.097,19.097,19.097,19.097,19.097,19.097,8.0,16.0,17.0,17.0,20.0,25.0,31.0,35.0,16.0,36.0,47.0,54.0,71.0,77.0,86.0,95.0,0.0,0.0,0.0,0.0,0.0,0.0,0.0,0.0,,,,,,,,,0.0,0.0,0.0,0.0,0.0,0.0,0.0,0.0,0.0,0.0,0.0,0.0,0.0,0.0,0.0,0.0,0.0,0.0,0.0,0.0,0.0,0.0,0.0,0.0,0.0,0.0,0.0,0.0,0.0,0.0,0.0,0.0,0.0,0.0,0.0,0.0,0.0,0.0,0.0,0.0,2.0,2.0,2.0,2.0,2.0,2.0,2.0,2.0
17049,,50.825684,10.019928,1186,1650,21.142,0.111,1,,,,,,,26.757,24.616,24.616,24.616,24.616,24.616,24.212,16.329,8.0,13.0,14.0,14.0,14.0,16.0,21.0,26.0,16.0,41.0,57.0,60.0,73.0,79.0,90.0,99.0,0.0,0.0,0.0,0.0,0.0,0.0,0.0,0.0,,,,,,,,,0.0,0.0,0.0,0.0,0.0,0.0,0.0,0.0,0.0,0.0,0.0,0.0,0.0,0.0,0.0,0.0,0.0,0.0,0.0,0.0,0.0,0.0,0.0,0.0,0.0,0.0,0.0,0.0,0.0,0.0,0.0,0.0,0.0,0.0,0.0,0.0,0.0,0.0,0.0,0.0,2.0,2.0,2.0,2.0,2.0,2.0,2.0,2.0
17098,,51.699889,4.863655,1213,1650,13.935,0.043,1,,,,,,,0.343,0.343,0.343,0.343,0.343,0.343,0.343,0.343,9.0,14.0,16.0,21.0,24.0,26.0,26.0,25.0,21.0,40.0,46.0,56.0,65.0,68.0,68.0,67.0,0.0,0.0,0.0,0.0,0.0,0.0,0.0,0.0,,,,,,,,,0.0,0.0,0.0,0.0,0.0,0.0,0.0,0.0,0.0,0.0,0.0,0.0,0.0,0.0,0.0,0.0,0.0,1.0,1.0,1.0,1.0,1.0,1.0,1.0,0.0,0.0,0.0,0.0,0.0,0.0,0.0,0.0,0.0,0.0,0.0,0.0,0.0,0.0,0.0,0.0,2.0,2.0,2.0,2.0,2.0,2.0,2.0,2.0
17175,,54.315619,13.094931,1234,1650,32.047,0.022,1,,,,,,,30.692,30.692,30.692,30.692,30.692,30.692,24.678,24.678,1.0,1.0,1.0,1.0,1.0,2.0,4.0,4.0,1.0,2.0,3.0,3.0,3.0,5.0,8.0,9.0,0.0,0.0,0.0,0.0,0.0,0.0,0.0,0.0,,,,,,,,,0.0,0.0,0.0,0.0,0.0,0.0,0.0,0.0,0.0,0.0,0.0,1.0,1.0,1.0,1.0,1.0,0.0,0.0,0.0,0.0,0.0,0.0,0.0,0.0,0.0,0.0,0.0,0.0,0.0,0.0,0.0,0.0,0.0,0.0,0.0,0.0,0.0,0.0,0.0,0.0,2.0,2.0,2.0,3.0,3.0,3.0,3.0,3.0
17253,,52.877111,15.529679,1260,1650,11.128,0.164,1,,,,,,,196.407,196.407,62.6,62.6,62.6,62.6,62.6,62.6,0.0,0.0,0.0,0.0,0.0,0.0,0.0,0.0,0.0,0.0,1.0,1.0,2.0,4.0,5.0,5.0,0.0,0.0,0.0,0.0,0.0,0.0,0.0,0.0,,,,,,,,,0.0,0.0,0.0,0.0,0.0,0.0,0.0,0.0,0.0,0.0,0.0,0.0,0.0,0.0,0.0,0.0,0.0,0.0,0.0,0.0,0.0,0.0,0.0,0.0,0.0,0.0,0.0,0.0,0.0,0.0,0.0,0.0,0.0,0.0,0.0,0.0,0.0,0.0,0.0,0.0,2.0,2.0,2.0,2.0,2.0,2.0,2.0,2.0
17254,,52.970201,15.753268,1298,1650,21.626,0.185,1,,,,,,,200.616,200.616,76.746,76.746,76.746,76.746,76.746,76.746,0.0,0.0,0.0,0.0,0.0,0.0,0.0,0.0,0.0,0.0,1.0,1.0,2.0,4.0,5.0,5.0,0.0,0.0,0.0,0.0,0.0,0.0,0.0,0.0,,,,,,,,,0.0,0.0,0.0,0.0,0.0,0.0,0.0,0.0,0.0,0.0,0.0,0.0,0.0,0.0,0.0,0.0,0.0,0.0,0.0,0.0,0.0,0.0,0.0,0.0,0.0,0.0,0.0,0.0,0.0,0.0,0.0,0.0,0.0,0.0,0.0,0.0,0.0,0.0,0.0,0.0,2.0,2.0,2.0,2.0,2.0,2.0,2.0,2.0
17282,,53.825023,9.29143,1271,1650,7.636,0.102,1,,,,,,,27.507,18.11,12.099,12.099,12.099,12.099,12.099,12.099,2.0,7.0,11.0,12.0,20.0,23.0,36.0,37.0,9.0,15.0,19.0,24.0,43.0,44.0,76.0,84.0,0.0,0.0,0.0,0.0,0.0,0.0,0.0,0.0,,,,,,,,,0.0,0.0,0.0,0.0,0.0,0.0,0.0,0.0,0.0,0.0,0.0,0.0,0.0,0.0,0.0,0.0,0.0,0.0,0.0,0.0,0.0,0.0,0.0,0.0,0.0,0.0,0.0,0.0,0.0,0.0,0.0,0.0,0.0,1.0,1.0,1.0,1.0,1.0,1.0,1.0,2.0,2.0,2.0,2.0,2.0,2.0,2.0,2.0
17325,Waterhalle,51.208938,3.225126,1127,1650,0.086,0.029,1,,,,,,,0.059,0.059,0.059,0.059,0.059,0.059,0.059,0.059,2.0,5.0,6.0,4.0,6.0,6.0,6.0,6.0,2.0,8.0,9.0,8.0,10.0,10.0,10.0,10.0,0.0,0.0,0.0,0.0,0.0,0.0,0.0,0.0,,,,,,,,,0.0,0.0,0.0,0.0,0.0,0.0,0.0,0.0,1.0,1.0,1.0,1.0,1.0,0.0,0.0,0.0,0.0,0.0,0.0,0.0,0.0,0.0,0.0,0.0,0.0,0.0,0.0,0.0,0.0,0.0,0.0,0.0,1.0,1.0,1.0,1.0,1.0,1.0,1.0,1.0,3.0,3.0,3.0,3.0,3.0,2.0,2.0,2.0
17326,,51.208454,3.225056,1127,1650,0.139,0.03,1,,,,,,,0.061,0.061,0.061,0.061,0.061,0.061,0.061,0.061,2.0,5.0,6.0,4.0,6.0,6.0,6.0,6.0,2.0,8.0,9.0,8.0,10.0,10.0,10.0,10.0,0.0,0.0,0.0,0.0,0.0,0.0,0.0,0.0,,,,,,,,,0.0,0.0,0.0,0.0,0.0,0.0,0.0,0.0,1.0,1.0,1.0,1.0,1.0,0.0,0.0,0.0,0.0,0.0,0.0,0.0,0.0,0.0,0.0,0.0,0.0,0.0,0.0,0.0,0.0,0.0,0.0,0.0,0.0,0.0,0.0,0.0,0.0,0.0,0.0,0.0,3.0,3.0,3.0,3.0,3.0,2.0,2.0,2.0
17349,,51.051143,13.7406321,1200,1650,8.482,0.123,1,,,,,,,100.464,100.464,73.46,34.21,22.6,22.6,22.6,22.6,0.0,0.0,0.0,1.0,1.0,1.0,1.0,1.0,0.0,0.0,2.0,5.0,5.0,8.0,8.0,12.0,0.0,0.0,0.0,0.0,0.0,0.0,0.0,0.0,,,,,,,,,0.0,0.0,0.0,0.0,0.0,0.0,0.0,0.0,0.0,0.0,0.0,0.0,1.0,1.0,1.0,1.0,0.0,0.0,0.0,0.0,0.0,0.0,0.0,0.0,0.0,0.0,0.0,0.0,0.0,0.0,0.0,0.0,0.0,0.0,0.0,0.0,0.0,0.0,0.0,0.0,2.0,2.0,2.0,2.0,3.0,3.0,3.0,3.0
17366,Heierstor,51.722555,8.758101,1238,1650,42.867,0.449,0,,,,,,,0.519,0.519,0.519,0.519,0.519,0.519,0.519,0.519,6.0,11.0,16.0,18.0,23.0,25.0,33.0,33.0,27.0,47.0,65.0,69.0,77.0,79.0,99.0,103.0,0.0,0.0,0.0,0.0,0.0,0.0,0.0,0.0,,,,,,,,,0.0,0.0,0.0,0.0,0.0,0.0,0.0,0.0,0.0,0.0,0.0,0.0,0.0,0.0,0.0,0.0,0.0,0.0,0.0,0.0,0.0,0.0,0.0,0.0,0.0,0.0,0.0,0.0,0.0,0.0,0.0,0.0,0.0,0.0,0.0,0.0,0.0,0.0,0.0,0.0,2.0,2.0,2.0,2.0,2.0,2.0,2.0,2.0
17400,,52.021872,11.226069,1235,1650,31.212,0.266,1,,,,,,,10.581,0.533,0.533,0.533,0.533,0.533,0.533,0.533,4.0,7.0,8.0,12.0,12.0,16.0,26.0,29.0,14.0,32.0,46.0,64.0,79.0,91.0,119.0,136.0,0.0,0.0,0.0,0.0,0.0,0.0,0.0,0.0,,,,,,,,,0.0,0.0,0.0,0.0,0.0,0.0,0.0,0.0,0.0,0.0,0.0,0.0,0.0,0.0,0.0,0.0,1.0,1.0,1.0,1.0,1.0,1.0,1.0,1.0,0.0,0.0,0.0,0.0,0.0,0.0,0.0,0.0,0.0,0.0,0.0,0.0,0.0,0.0,0.0,0.0,2.0,2.0,2.0,2.0,2.0,2.0,2.0,2.0
17391,Obermarkt,51.210079,10.456334,1135,1650,24.244,0.123,1,,,,,,,27.869,0.398,0.398,0.398,0.398,0.398,0.398,0.398,7.0,18.0,18.0,18.0,24.0,27.0,29.0,37.0,19.0,48.0,64.0,83.0,105.0,116.0,135.0,149.0,0.0,0.0,0.0,0.0,0.0,0.0,0.0,0.0,,,,,,,,,0.0,0.0,0.0,0.0,0.0,0.0,0.0,0.0,0.0,0.0,0.0,0.0,0.0,0.0,1.0,1.0,0.0,0.0,0.0,0.0,0.0,0.0,0.0,0.0,0.0,0.0,0.0,0.0,0.0,0.0,0.0,0.0,0.0,0.0,0.0,0.0,0.0,0.0,0.0,0.0,2.0,2.0,2.0,2.0,2.0,2.0,3.0,3.0
17410,,50.977738,11.035536,1167,1650,68.673,0.072,1,,,,,,,47.994,0.474,0.474,0.474,0.474,0.474,0.474,0.474,1.0,9.0,10.0,13.0,20.0,24.0,25.0,24.0,15.0,34.0,44.0,64.0,84.0,97.0,114.0,123.0,0.0,0.0,0.0,0.0,0.0,0.0,0.0,0.0,,,,,,,,,0.0,0.0,0.0,0.0,0.0,0.0,0.0,0.0,1.0,1.0,1.0,1.0,1.0,0.0,0.0,0.0,0.0,0.0,0.0,0.0,0.0,0.0,0.0,0.0,0.0,0.0,0.0,0.0,0.0,0.0,0.0,0.0,0.0,0.0,0.0,0.0,0.0,0.0,0.0,0.0,3.0,3.0,3.0,3.0,3.0,2.0,2.0,2.0
17411,,50.976524,11.034812,1167,1650,68.673,0.03,1,,,,,,,48.069,0.448,0.448,0.448,0.448,0.448,0.448,0.448,1.0,9.0,10.0,13.0,20.0,24.0,25.0,24.0,15.0,34.0,44.0,64.0,84.0,97.0,114.0,123.0,0.0,0.0,0.0,0.0,0.0,0.0,0.0,0.0,,,,,,,,,0.0,0.0,0.0,0.0,0.0,0.0,0.0,0.0,1.0,1.0,1.0,1.0,1.0,0.0,0.0,0.0,0.0,0.0,0.0,0.0,0.0,0.0,0.0,0.0,0.0,0.0,0.0,0.0,0.0,0.0,0.0,0.0,0.0,0.0,0.0,0.0,0.0,0.0,0.0,0.0,3.0,3.0,3.0,3.0,3.0,2.0,2.0,2.0
17412,,50.973855,11.027527,1167,1650,68.298,0.066,1,,,,,,,48.625,0.455,0.455,0.455,0.455,0.455,0.455,0.455,4.0,12.0,13.0,16.0,23.0,27.0,28.0,27.0,15.0,34.0,44.0,64.0,84.0,97.0,114.0,123.0,0.0,0.0,0.0,0.0,0.0,0.0,0.0,0.0,,,,,,,,,0.0,0.0,0.0,0.0,0.0,0.0,0.0,0.0,1.0,1.0,1.0,1.0,1.0,0.0,0.0,0.0,0.0,0.0,0.0,0.0,0.0,0.0,0.0,0.0,0.0,0.0,0.0,0.0,0.0,0.0,0.0,0.0,0.0,0.0,0.0,0.0,0.0,0.0,0.0,0.0,3.0,3.0,3.0,3.0,3.0,2.0,2.0,2.0
17413,,50.976078,11.03435,1167,1650,68.659,0.03,1,,,,,,,48.11,0.438,0.438,0.438,0.438,0.438,0.438,0.438,1.0,9.0,10.0,13.0,20.0,24.0,25.0,24.0,15.0,34.0,44.0,64.0,84.0,97.0,114.0,123.0,0.0,0.0,0.0,0.0,0.0,0.0,0.0,0.0,,,,,,,,,0.0,0.0,0.0,0.0,0.0,0.0,0.0,0.0,1.0,1.0,1.0,1.0,1.0,0.0,0.0,0.0,0.0,0.0,0.0,0.0,0.0,0.0,0.0,0.0,0.0,0.0,0.0,0.0,0.0,0.0,0.0,0.0,0.0,0.0,0.0,0.0,0.0,0.0,0.0,0.0,3.0,3.0,3.0,3.0,3.0,2.0,2.0,2.0
17420,,51.155344,10.833603,1275,1650,50.541,0.027,1,,,,,,,32.602,4.007,4.007,4.007,4.007,4.007,4.007,4.007,7.0,17.0,17.0,17.0,24.0,27.0,29.0,31.0,17.0,47.0,60.0,79.0,101.0,115.0,137.0,151.0,0.0,0.0,0.0,0.0,0.0,0.0,0.0,0.0,,,,,,,,,0.0,0.0,0.0,0.0,0.0,0.0,0.0,0.0,0.0,0.0,0.0,0.0,0.0,0.0,0.0,0.0,0.0,0.0,0.0,0.0,0.0,0.0,0.0,0.0,0.0,0.0,0.0,0.0,0.0,0.0,0.0,0.0,0.0,0.0,0.0,0.0,0.0,0.0,0.0,0.0,2.0,2.0,2.0,2.0,2.0,2.0,2.0,2.0
17421,,51.155514,10.832884,1275,1650,50.49,0.027,1,,,,,,,32.588,4.03,4.03,4.03,4.03,4.03,4.03,4.03,7.0,17.0,17.0,17.0,24.0,27.0,29.0,31.0,17.0,47.0,60.0,79.0,101.0,115.0,137.0,151.0,0.0,0.0,0.0,0.0,0.0,0.0,0.0,0.0,,,,,,,,,0.0,0.0,0.0,0.0,0.0,0.0,0.0,0.0,0.0,0.0,0.0,0.0,0.0,0.0,0.0,0.0,0.0,0.0,0.0,0.0,0.0,0.0,0.0,0.0,0.0,0.0,0.0,0.0,0.0,0.0,0.0,0.0,0.0,0.0,0.0,0.0,0.0,0.0,0.0,0.0,2.0,2.0,2.0,2.0,2.0,2.0,2.0,2.0
17422,,51.108376,10.647302,1222,1650,38.451,0.042,1,,,,,,,27.315,13.367,13.367,13.367,13.367,13.367,13.367,13.367,7.0,18.0,18.0,18.0,26.0,29.0,31.0,37.0,14.0,44.0,57.0,76.0,96.0,107.0,121.0,133.0,0.0,0.0,0.0,0.0,0.0,0.0,0.0,0.0,,,,,,,,,0.0,0.0,0.0,0.0,0.0,0.0,0.0,0.0,0.0,0.0,0.0,0.0,0.0,0.0,0.0,0.0,0.0,0.0,0.0,0.0,0.0,0.0,0.0,0.0,0.0,0.0,0.0,0.0,0.0,0.0,0.0,0.0,0.0,0.0,0.0,0.0,0.0,0.0,0.0,0.0,2.0,2.0,2.0,2.0,2.0,2.0,2.0,2.0
17454,Stößen,51.114114,11.9239,1287,1650,36.551,1.393,1,,,,,,,16.316,9.014,9.014,9.014,9.014,9.014,9.014,9.014,5.0,7.0,9.0,18.0,27.0,29.0,31.0,32.0,9.0,18.0,24.0,41.0,56.0,72.0,81.0,86.0,0.0,0.0,0.0,0.0,0.0,0.0,0.0,0.0,,,,,,,,,0.0,0.0,0.0,0.0,0.0,0.0,0.0,0.0,0.0,0.0,0.0,0.0,0.0,0.0,0.0,0.0,0.0,0.0,0.0,0.0,0.0,0.0,0.0,0.0,0.0,0.0,0.0,0.0,0.0,0.0,0.0,0.0,0.0,0.0,0.0,0.0,0.0,0.0,0.0,0.0,2.0,2.0,2.0,2.0,2.0,2.0,2.0,2.0
17453,Osterfeld,51.079755,11.930326,1250,1650,38.165,1.041,1,,,,,,,14.649,11.647,11.647,11.647,11.647,11.647,11.647,11.647,5.0,7.0,9.0,22.0,31.0,33.0,36.0,37.0,9.0,18.0,24.0,41.0,56.0,70.0,79.0,84.0,0.0,0.0,0.0,0.0,0.0,0.0,0.0,0.0,,,,,,,,,0.0,0.0,0.0,0.0,0.0,0.0,0.0,0.0,0.0,0.0,0.0,0.0,0.0,0.0,0.0,0.0,0.0,0.0,0.0,0.0,0.0,0.0,0.0,0.0,0.0,0.0,0.0,0.0,0.0,0.0,0.0,0.0,0.0,0.0,0.0,0.0,0.0,0.0,0.0,0.0,2.0,2.0,2.0,2.0,2.0,2.0,2.0,2.0
17463,Lehmannsbrücke,50.98071,11.027924,1167,1650,68.06,0.145,1,,,,,,,48.46,0.322,0.322,0.322,0.322,0.322,0.322,0.322,4.0,12.0,13.0,16.0,23.0,27.0,28.0,27.0,15.0,34.0,44.0,64.0,84.0,97.0,114.0,123.0,0.0,0.0,0.0,0.0,0.0,0.0,0.0,0.0,,,,,,,,,0.0,0.0,0.0,0.0,0.0,0.0,0.0,0.0,1.0,1.0,1.0,1.0,1.0,0.0,0.0,0.0,1.0,1.0,1.0,1.0,1.0,1.0,1.0,1.0,0.0,0.0,0.0,0.0,0.0,0.0,0.0,0.0,0.0,0.0,0.0,0.0,0.0,0.0,0.0,0.0,3.0,3.0,3.0,3.0,3.0,2.0,2.0,2.0
17464,Schlösserbrücke,50.97686,11.030585,1167,1650,68.382,0.085,1,,,,,,,48.353,0.169,0.169,0.169,0.169,0.169,0.169,0.169,4.0,12.0,13.0,16.0,23.0,27.0,28.0,27.0,15.0,34.0,44.0,64.0,84.0,97.0,114.0,123.0,0.0,0.0,0.0,0.0,0.0,0.0,0.0,0.0,,,,,,,,,0.0,0.0,0.0,0.0,0.0,0.0,0.0,0.0,1.0,1.0,1.0,1.0,1.0,0.0,0.0,0.0,1.0,1.0,1.0,1.0,1.0,1.0,1.0,1.0,0.0,0.0,0.0,0.0,0.0,0.0,0.0,0.0,0.0,0.0,0.0,0.0,0.0,0.0,0.0,0.0,3.0,3.0,3.0,3.0,3.0,2.0,2.0,2.0
17465,Lange Brücke,50.974948,11.026765,1167,1650,68.206,0.066,1,,,,,,,48.655,0.354,0.354,0.354,0.354,0.354,0.354,0.354,4.0,12.0,13.0,16.0,23.0,27.0,28.0,27.0,15.0,34.0,44.0,64.0,84.0,97.0,114.0,123.0,0.0,0.0,0.0,0.0,0.0,0.0,0.0,0.0,,,,,,,,,0.0,0.0,0.0,0.0,0.0,0.0,0.0,0.0,1.0,1.0,1.0,1.0,1.0,0.0,0.0,0.0,1.0,1.0,1.0,1.0,1.0,1.0,1.0,1.0,0.0,0.0,0.0,0.0,0.0,0.0,0.0,0.0,0.0,0.0,0.0,0.0,0.0,0.0,0.0,0.0,3.0,3.0,3.0,3.0,3.0,2.0,2.0,2.0
17466,Roßbrücke,50.97358,11.022602,1167,1650,67.986,0.173,1,,,,,,,48.97,0.644,0.644,0.644,0.644,0.644,0.644,0.644,4.0,12.0,13.0,16.0,23.0,27.0,28.0,27.0,15.0,34.0,44.0,64.0,84.0,97.0,114.0,123.0,0.0,0.0,0.0,0.0,0.0,0.0,0.0,0.0,,,,,,,,,0.0,0.0,0.0,0.0,0.0,0.0,0.0,0.0,1.0,1.0,1.0,1.0,1.0,0.0,0.0,0.0,1.0,1.0,1.0,1.0,1.0,1.0,1.0,1.0,0.0,0.0,0.0,0.0,0.0,0.0,0.0,0.0,0.0,0.0,0.0,0.0,0.0,0.0,0.0,0.0,3.0,3.0,3.0,3.0,3.0,2.0,2.0,2.0
17467,Löberbrücke,50.972204,11.030279,1167,1650,68.543,0.133,1,,,,,,,48.471,0.639,0.639,0.639,0.639,0.639,0.639,0.639,4.0,12.0,13.0,16.0,23.0,27.0,28.0,27.0,15.0,34.0,44.0,64.0,84.0,97.0,114.0,123.0,0.0,0.0,0.0,0.0,0.0,0.0,0.0,0.0,,,,,,,,,0.0,0.0,0.0,0.0,0.0,0.0,0.0,0.0,1.0,1.0,1.0,1.0,1.0,0.0,0.0,0.0,1.0,1.0,1.0,1.0,1.0,1.0,1.0,1.0,0.0,0.0,0.0,0.0,0.0,0.0,0.0,0.0,0.0,0.0,0.0,0.0,0.0,0.0,0.0,0.0,3.0,3.0,3.0,3.0,3.0,2.0,2.0,2.0
17468,Augustbrücke,50.974186,11.035831,1167,1650,68.83,0.117,1,,,,,,,48.047,0.642,0.642,0.642,0.642,0.642,0.642,0.642,1.0,9.0,10.0,13.0,20.0,24.0,25.0,24.0,15.0,34.0,44.0,64.0,84.0,97.0,114.0,123.0,0.0,0.0,0.0,0.0,0.0,0.0,0.0,0.0,,,,,,,,,0.0,0.0,0.0,0.0,0.0,0.0,0.0,0.0,1.0,1.0,1.0,1.0,1.0,0.0,0.0,0.0,1.0,1.0,1.0,1.0,1.0,1.0,1.0,1.0,0.0,0.0,0.0,0.0,0.0,0.0,0.0,0.0,0.0,0.0,0.0,0.0,0.0,0.0,0.0,0.0,3.0,3.0,3.0,3.0,3.0,2.0,2.0,2.0
17469,Krämpferbrücke,50.978604,11.037505,1167,1650,68.77,0.084,1,,,,,,,47.841,0.617,0.617,0.617,0.617,0.617,0.617,0.617,1.0,9.0,10.0,13.0,20.0,24.0,25.0,24.0,15.0,34.0,44.0,64.0,84.0,97.0,114.0,123.0,0.0,0.0,0.0,0.0,0.0,0.0,0.0,0.0,,,,,,,,,0.0,0.0,0.0,0.0,0.0,0.0,0.0,0.0,1.0,1.0,1.0,1.0,1.0,0.0,0.0,0.0,1.0,1.0,1.0,1.0,1.0,1.0,1.0,1.0,0.0,0.0,0.0,0.0,0.0,0.0,0.0,0.0,0.0,0.0,0.0,0.0,0.0,0.0,0.0,0.0,3.0,3.0,3.0,3.0,3.0,2.0,2.0,2.0
17470,Johannesbrücke,50.983446,11.029388,1167,1650,68.052,0.092,1,,,,,,,48.308,0.622,0.622,0.622,0.622,0.622,0.622,0.622,4.0,12.0,13.0,16.0,23.0,27.0,28.0,27.0,15.0,34.0,44.0,64.0,84.0,97.0,114.0,123.0,0.0,0.0,0.0,0.0,0.0,0.0,0.0,0.0,,,,,,,,,0.0,0.0,0.0,0.0,0.0,0.0,0.0,0.0,1.0,1.0,1.0,1.0,1.0,0.0,0.0,0.0,0.0,0.0,0.0,1.0,1.0,1.0,1.0,1.0,0.0,0.0,0.0,0.0,0.0,0.0,0.0,0.0,0.0,0.0,0.0,0.0,0.0,0.0,0.0,0.0,3.0,3.0,3.0,3.0,3.0,2.0,2.0,2.0
17471,Löbertorbrücke,50.969698,11.031218,1167,1650,68.704,0.143,1,,,,,,,48.461,0.924,0.924,0.924,0.924,0.924,0.924,0.924,4.0,12.0,13.0,20.0,27.0,31.0,33.0,32.0,15.0,34.0,44.0,64.0,84.0,97.0,114.0,123.0,0.0,0.0,0.0,0.0,0.0,0.0,0.0,0.0,,,,,,,,,0.0,0.0,0.0,0.0,0.0,0.0,0.0,0.0,1.0,1.0,1.0,1.0,1.0,0.0,0.0,0.0,0.0,0.0,1.0,1.0,1.0,1.0,1.0,1.0,0.0,0.0,0.0,0.0,0.0,0.0,0.0,0.0,0.0,0.0,0.0,0.0,0.0,0.0,0.0,0.0,3.0,3.0,3.0,3.0,3.0,2.0,2.0,2.0
17472,Schmidtstedtertorbrücke,50.974359,11.041507,1167,1650,69.196,0.188,1,,,,,,,47.653,0.973,0.973,0.973,0.973,0.973,0.973,0.973,1.0,9.0,10.0,17.0,24.0,28.0,30.0,29.0,15.0,34.0,44.0,64.0,84.0,97.0,114.0,123.0,0.0,0.0,0.0,0.0,0.0,0.0,0.0,0.0,,,,,,,,,0.0,0.0,0.0,0.0,0.0,0.0,0.0,0.0,1.0,1.0,1.0,1.0,1.0,0.0,0.0,0.0,0.0,0.0,1.0,1.0,1.0,1.0,1.0,1.0,0.0,0.0,0.0,0.0,0.0,0.0,0.0,0.0,0.0,0.0,0.0,0.0,0.0,0.0,0.0,0.0,3.0,3.0,3.0,3.0,3.0,2.0,2.0,2.0
17473,Krämpfertorbrücke,50.980327,11.039897,1167,1650,68.862,0.127,1,,,,,,,47.643,0.825,0.825,0.825,0.825,0.825,0.825,0.825,1.0,9.0,10.0,13.0,20.0,24.0,25.0,24.0,15.0,34.0,44.0,64.0,84.0,97.0,114.0,123.0,0.0,0.0,0.0,0.0,0.0,0.0,0.0,0.0,,,,,,,,,0.0,0.0,0.0,0.0,0.0,0.0,0.0,0.0,1.0,1.0,1.0,1.0,1.0,0.0,0.0,0.0,0.0,0.0,1.0,1.0,1.0,1.0,1.0,1.0,0.0,0.0,0.0,0.0,0.0,0.0,0.0,0.0,0.0,0.0,0.0,0.0,0.0,0.0,0.0,0.0,3.0,3.0,3.0,3.0,3.0,2.0,2.0,2.0
17474,Johannestorbrücke,50.986379,11.027945,1167,1650,67.848,0.171,1,,,,,,,48.354,0.948,0.948,0.948,0.948,0.948,0.948,0.948,4.0,14.0,15.0,18.0,25.0,29.0,30.0,29.0,15.0,34.0,44.0,64.0,84.0,97.0,114.0,123.0,0.0,0.0,0.0,0.0,0.0,0.0,0.0,0.0,,,,,,,,,0.0,0.0,0.0,0.0,0.0,0.0,0.0,0.0,1.0,1.0,1.0,1.0,1.0,0.0,0.0,0.0,0.0,0.0,1.0,1.0,1.0,1.0,1.0,1.0,0.0,0.0,0.0,0.0,0.0,0.0,0.0,0.0,0.0,0.0,0.0,0.0,0.0,0.0,0.0,0.0,3.0,3.0,3.0,3.0,3.0,2.0,2.0,2.0
17475,,50.982263,11.031239,1167,1650,68.219,0.092,1,,,,,,,48.202,0.518,0.518,0.518,0.518,0.518,0.518,0.518,4.0,12.0,13.0,16.0,23.0,27.0,28.0,27.0,15.0,34.0,44.0,64.0,84.0,97.0,114.0,123.0,0.0,0.0,0.0,0.0,0.0,0.0,0.0,0.0,,,,,,,,,0.0,0.0,0.0,0.0,0.0,0.0,0.0,0.0,1.0,1.0,1.0,1.0,1.0,0.0,0.0,0.0,0.0,0.0,0.0,0.0,0.0,0.0,0.0,0.0,0.0,0.0,0.0,0.0,0.0,0.0,0.0,0.0,0.0,0.0,0.0,0.0,0.0,0.0,0.0,0.0,3.0,3.0,3.0,3.0,3.0,2.0,2.0,2.0
17476,,50.978277,11.024222,1167,1650,67.909,0.05,1,,,,,,,48.763,0.322,0.322,0.322,0.322,0.322,0.322,0.322,4.0,12.0,13.0,16.0,23.0,27.0,28.0,27.0,15.0,34.0,44.0,64.0,84.0,97.0,114.0,123.0,0.0,0.0,0.0,0.0,0.0,0.0,0.0,0.0,,,,,,,,,0.0,0.0,0.0,0.0,0.0,0.0,0.0,0.0,1.0,1.0,1.0,1.0,1.0,0.0,0.0,0.0,0.0,0.0,0.0,0.0,0.0,0.0,0.0,0.0,0.0,0.0,0.0,0.0,0.0,0.0,0.0,0.0,0.0,0.0,0.0,0.0,0.0,0.0,0.0,0.0,3.0,3.0,3.0,3.0,3.0,2.0,2.0,2.0
17491,,50.508473,10.749907,1268,1650,83.15,0.116,1,,,,,,,24.541,9.285,9.285,9.285,9.285,9.285,9.285,9.285,5.0,8.0,12.0,12.0,17.0,20.0,26.0,27.0,13.0,27.0,32.0,39.0,51.0,59.0,66.0,72.0,0.0,0.0,0.0,0.0,0.0,0.0,0.0,0.0,,,,,,,,,0.0,0.0,0.0,0.0,0.0,0.0,0.0,0.0,0.0,0.0,0.0,0.0,0.0,0.0,0.0,0.0,0.0,0.0,0.0,0.0,0.0,0.0,0.0,0.0,0.0,0.0,0.0,0.0,0.0,0.0,0.0,0.0,0.0,0.0,0.0,0.0,0.0,0.0,0.0,0.0,2.0,2.0,2.0,2.0,2.0,2.0,2.0,2.0
17495,,50.563852,10.413634,1230,1650,60.024,0.221,1,,,,,,,0.441,0.441,0.441,0.441,0.441,0.441,0.441,0.441,8.0,14.0,18.0,18.0,23.0,26.0,32.0,33.0,12.0,28.0,33.0,38.0,54.0,61.0,72.0,79.0,0.0,0.0,0.0,0.0,0.0,0.0,0.0,0.0,,,,,,,,,0.0,0.0,0.0,0.0,0.0,0.0,0.0,0.0,0.0,0.0,0.0,0.0,0.0,0.0,0.0,0.0,1.0,1.0,1.0,1.0,1.0,1.0,1.0,1.0,0.0,0.0,0.0,0.0,0.0,0.0,0.0,0.0,0.0,0.0,0.0,0.0,0.0,0.0,0.0,0.0,2.0,2.0,2.0,2.0,2.0,2.0,2.0,2.0
17505,,50.510762,10.755851,1268,1650,83.379,0.131,1,,,,,,,24.879,9.61,9.61,9.61,9.61,9.61,9.61,9.61,5.0,8.0,12.0,12.0,17.0,20.0,26.0,27.0,13.0,27.0,32.0,39.0,51.0,59.0,66.0,72.0,0.0,0.0,0.0,0.0,0.0,0.0,0.0,0.0,,,,,,,,,0.0,0.0,0.0,0.0,0.0,0.0,0.0,0.0,0.0,0.0,0.0,0.0,0.0,0.0,0.0,0.0,0.0,0.0,0.0,0.0,0.0,0.0,0.0,0.0,0.0,0.0,0.0,0.0,0.0,0.0,0.0,0.0,0.0,0.0,0.0,0.0,0.0,0.0,0.0,0.0,2.0,2.0,2.0,2.0,2.0,2.0,2.0,2.0
17522,,50.863279,12.184825,1300,1650,47.491,0.142,1,,,,,,,21.091,21.091,21.091,21.091,21.091,21.091,21.091,21.091,2.0,4.0,6.0,13.0,16.0,21.0,23.0,25.0,5.0,12.0,18.0,35.0,47.0,59.0,67.0,71.0,0.0,0.0,0.0,0.0,0.0,0.0,0.0,0.0,,,,,,,,,0.0,0.0,0.0,0.0,0.0,0.0,0.0,0.0,0.0,0.0,0.0,0.0,0.0,0.0,0.0,0.0,0.0,0.0,0.0,0.0,0.0,0.0,0.0,0.0,0.0,0.0,0.0,0.0,0.0,0.0,0.0,0.0,0.0,0.0,0.0,0.0,0.0,0.0,0.0,0.0,2.0,2.0,2.0,2.0,2.0,2.0,2.0,2.0
17523,,50.878537,12.085444,1237,1650,48.435,0.138,1,,,,,,,19.408,19.408,19.408,19.408,19.408,19.408,19.408,19.408,2.0,4.0,6.0,17.0,20.0,22.0,24.0,26.0,5.0,14.0,20.0,37.0,48.0,60.0,68.0,72.0,0.0,0.0,0.0,0.0,0.0,0.0,0.0,0.0,,,,,,,,,0.0,0.0,0.0,0.0,0.0,0.0,0.0,0.0,0.0,0.0,0.0,0.0,0.0,0.0,0.0,0.0,0.0,0.0,0.0,0.0,0.0,0.0,0.0,0.0,0.0,0.0,0.0,0.0,0.0,0.0,0.0,0.0,0.0,0.0,0.0,0.0,0.0,0.0,0.0,0.0,2.0,2.0,2.0,2.0,2.0,2.0,2.0,2.0
17524,,50.621915,12.303325,1240,1650,72.46,0.062,1,,,,,,,49.086,49.086,49.086,41.422,41.422,18.533,18.533,17.32,1.0,1.0,1.0,3.0,5.0,10.0,11.0,12.0,5.0,8.0,12.0,26.0,35.0,42.0,45.0,47.0,0.0,0.0,0.0,0.0,0.0,0.0,0.0,0.0,,,,,,,,,0.0,0.0,0.0,0.0,0.0,0.0,0.0,0.0,0.0,0.0,0.0,0.0,0.0,0.0,0.0,0.0,0.0,0.0,0.0,0.0,0.0,0.0,0.0,0.0,0.0,0.0,0.0,0.0,0.0,0.0,0.0,0.0,0.0,0.0,0.0,0.0,0.0,0.0,0.0,0.0,2.0,2.0,2.0,2.0,2.0,2.0,2.0,2.0
17526,,50.894512,12.351063,1238,1650,41.991,0.062,1,,,,,,,23.016,23.016,23.016,11.62,11.62,11.62,11.62,11.62,4.0,6.0,9.0,11.0,14.0,15.0,16.0,18.0,5.0,11.0,17.0,34.0,46.0,58.0,66.0,70.0,0.0,0.0,0.0,0.0,0.0,0.0,0.0,0.0,,,,,,,,,0.0,0.0,0.0,0.0,0.0,0.0,0.0,0.0,0.0,0.0,0.0,0.0,0.0,0.0,0.0,0.0,0.0,0.0,0.0,0.0,0.0,0.0,0.0,0.0,0.0,0.0,0.0,0.0,0.0,0.0,0.0,0.0,0.0,0.0,0.0,0.0,0.0,0.0,0.0,0.0,2.0,2.0,2.0,2.0,2.0,2.0,2.0,2.0
17544,,50.49379,12.140118,1230,1650,88.165,0.078,1,,,,,,,61.883,61.883,61.883,44.586,44.586,0.291,0.291,0.291,0.0,0.0,0.0,4.0,4.0,9.0,10.0,11.0,4.0,7.0,13.0,24.0,34.0,39.0,41.0,43.0,0.0,0.0,0.0,0.0,0.0,0.0,0.0,0.0,,,,,,,,,0.0,0.0,0.0,0.0,0.0,0.0,0.0,0.0,0.0,0.0,0.0,0.0,0.0,0.0,0.0,0.0,0.0,0.0,0.0,0.0,0.0,0.0,0.0,0.0,0.0,0.0,0.0,0.0,0.0,0.0,0.0,0.0,0.0,0.0,0.0,0.0,0.0,0.0,0.0,0.0,2.0,2.0,2.0,2.0,2.0,2.0,2.0,2.0
17556,Saalebrücke,50.929501,11.592346,1230,1650,67.118,0.071,1,,,,,,,16.135,16.135,0.331,0.331,0.331,0.331,0.331,0.331,2.0,8.0,10.0,19.0,28.0,30.0,33.0,33.0,17.0,32.0,42.0,58.0,73.0,89.0,98.0,104.0,0.0,0.0,0.0,0.0,0.0,0.0,0.0,0.0,,,,,,,,,0.0,0.0,0.0,0.0,0.0,0.0,0.0,0.0,0.0,0.0,0.0,0.0,0.0,0.0,0.0,0.0,1.0,1.0,1.0,1.0,0.0,0.0,0.0,0.0,0.0,0.0,0.0,0.0,0.0,0.0,0.0,0.0,0.0,0.0,0.0,0.0,0.0,0.0,0.0,0.0,2.0,2.0,2.0,2.0,2.0,2.0,2.0,2.0
17557,Lachebrücke,50.928689,11.590775,1230,1650,67.259,0.055,1,,,,,,,16.269,16.269,0.195,0.195,0.195,0.195,0.195,0.195,2.0,8.0,10.0,19.0,28.0,30.0,32.0,32.0,17.0,32.0,42.0,58.0,73.0,89.0,98.0,104.0,0.0,0.0,0.0,0.0,0.0,0.0,0.0,0.0,,,,,,,,,0.0,0.0,0.0,0.0,0.0,0.0,0.0,0.0,0.0,0.0,0.0,0.0,0.0,0.0,0.0,0.0,0.0,0.0,1.0,1.0,1.0,1.0,1.0,1.0,0.0,0.0,0.0,0.0,0.0,0.0,0.0,0.0,0.0,0.0,0.0,0.0,0.0,0.0,0.0,0.0,2.0,2.0,2.0,2.0,2.0,2.0,2.0,2.0
17569,Kortrijk,50.828042,3.265182,1127,1650,2.06,0.042,1,5000.0,4000.0,6000.0,8000.0,10000.0,10000.0,42.43,42.43,42.43,42.43,42.43,42.43,42.43,42.43,1.0,1.0,1.0,1.0,1.0,1.0,1.0,1.0,2.0,8.0,9.0,8.0,10.0,10.0,10.0,10.0,0.0,0.0,0.0,0.0,0.0,0.0,0.0,0.0,,,,,,,,,0.0,0.0,0.0,0.0,0.0,0.0,0.0,0.0,0.0,0.0,0.0,0.0,0.0,0.0,0.0,0.0,0.0,0.0,0.0,0.0,0.0,0.0,0.0,0.0,0.0,0.0,0.0,0.0,0.0,0.0,0.0,0.0,0.0,0.0,0.0,0.0,0.0,0.0,0.0,0.0,2.0,2.0,2.0,2.0,2.0,2.0,2.0,2.0
17570,Nieuwpoort (Vlaanderen),51.129463,2.751689,1163,1650,1.775,0.15,1,5000.0,3000.0,6000.0,5000.0,5000.0,5000.0,34.113,34.113,34.113,34.113,34.113,34.113,34.113,34.113,1.0,1.0,1.0,1.0,1.0,1.0,1.0,1.0,2.0,6.0,7.0,6.0,8.0,8.0,8.0,8.0,0.0,0.0,0.0,0.0,0.0,0.0,0.0,0.0,,,,,,,,,0.0,0.0,0.0,0.0,0.0,0.0,0.0,0.0,0.0,0.0,0.0,0.0,0.0,0.0,0.0,0.0,0.0,0.0,0.0,0.0,0.0,0.0,0.0,0.0,0.0,0.0,0.0,0.0,0.0,0.0,0.0,0.0,0.0,0.0,0.0,0.0,0.0,0.0,0.0,0.0,2.0,2.0,2.0,2.0,2.0,2.0,2.0,2.0
17573,Poperinge,50.855548,2.727131,1147,1650,7.5,0.173,1,2000.0,1000.0,4000.0,4000.0,3000.0,3000.0,52.454,52.454,52.454,52.454,52.454,52.454,52.454,52.454,0.0,0.0,0.0,0.0,0.0,0.0,0.0,0.0,2.0,5.0,6.0,4.0,6.0,6.0,6.0,6.0,0.0,0.0,0.0,0.0,0.0,0.0,0.0,0.0,,,,,,,,,0.0,0.0,0.0,0.0,0.0,0.0,0.0,0.0,0.0,0.0,0.0,0.0,0.0,0.0,0.0,0.0,0.0,0.0,0.0,0.0,0.0,0.0,0.0,0.0,0.0,0.0,0.0,0.0,0.0,0.0,0.0,0.0,0.0,0.0,1.0,1.0,1.0,1.0,1.0,1.0,2.0,2.0,2.0,2.0,2.0,2.0,2.0,2.0
17578,Geraardsbergen ,50.771503,3.882894,1067,1650,24.531,0.121,1,4000.0,3000.0,5000.0,5000.0,4000.0,4000.0,63.52,55.787,55.787,55.787,54.936,54.936,54.936,54.936,0.0,0.0,0.0,0.0,0.0,0.0,0.0,0.0,2.0,8.0,9.0,8.0,10.0,10.0,10.0,10.0,0.0,0.0,0.0,0.0,0.0,0.0,0.0,0.0,,,,,,,,,0.0,0.0,0.0,0.0,0.0,0.0,0.0,0.0,0.0,0.0,0.0,0.0,0.0,0.0,0.0,0.0,0.0,0.0,0.0,0.0,0.0,0.0,0.0,0.0,0.0,0.0,0.0,0.0,0.0,0.0,0.0,0.0,0.0,0.0,0.0,0.0,0.0,0.0,0.0,0.0,2.0,2.0,2.0,2.0,2.0,2.0,2.0,2.0
17612,Veurne,51.072294,2.662111,1180,1650,0.129,0.026,1,2000.0,1000.0,2000.0,2000.0,2000.0,2000.0,42.056,42.056,42.056,42.056,42.056,42.056,42.056,42.056,1.0,1.0,1.0,1.0,1.0,1.0,1.0,1.0,2.0,6.0,7.0,6.0,8.0,8.0,8.0,8.0,0.0,0.0,0.0,0.0,0.0,0.0,0.0,0.0,,,,,,,,,0.0,0.0,0.0,0.0,0.0,0.0,0.0,0.0,0.0,0.0,0.0,0.0,0.0,0.0,0.0,0.0,0.0,0.0,0.0,0.0,0.0,0.0,0.0,0.0,0.0,0.0,0.0,0.0,0.0,0.0,0.0,0.0,0.0,0.0,0.0,0.0,0.0,0.0,0.0,0.0,2.0,2.0,2.0,2.0,2.0,2.0,2.0,2.0
17619,,51.133914,2.752805,1163,1650,1.559,0.098,1,,,,,,,33.911,33.911,33.911,33.911,33.911,33.911,33.911,33.911,1.0,1.0,1.0,1.0,1.0,1.0,1.0,1.0,2.0,6.0,7.0,6.0,8.0,8.0,8.0,8.0,0.0,0.0,0.0,0.0,0.0,0.0,0.0,0.0,,,,,,,,,0.0,1.0,1.0,1.0,1.0,1.0,1.0,1.0,0.0,0.0,0.0,0.0,0.0,0.0,0.0,0.0,0.0,0.0,0.0,0.0,0.0,0.0,0.0,0.0,0.0,0.0,0.0,0.0,0.0,0.0,0.0,0.0,1.0,1.0,1.0,1.0,1.0,1.0,1.0,1.0,2.0,2.0,2.0,2.0,2.0,2.0,2.0,2.0
17621,Diksmuide,51.033309,2.864454,1163,1650,0.516,0.145,1,,,,,,,31.804,31.804,31.804,31.804,31.804,31.804,31.804,31.804,2.0,2.0,2.0,1.0,1.0,1.0,1.0,1.0,2.0,6.0,7.0,6.0,8.0,8.0,8.0,8.0,0.0,0.0,0.0,0.0,0.0,0.0,0.0,0.0,,,,,,,,,0.0,1.0,1.0,1.0,1.0,1.0,1.0,1.0,0.0,0.0,0.0,0.0,0.0,0.0,0.0,0.0,0.0,0.0,0.0,0.0,0.0,0.0,0.0,0.0,0.0,0.0,0.0,0.0,0.0,0.0,0.0,0.0,0.0,0.0,0.0,0.0,0.0,0.0,0.0,0.0,2.0,2.0,2.0,2.0,2.0,2.0,2.0,2.0
17622,Dunkerque,51.037632,2.377102,1182,1650,0.4,0.072,1,4000.0,3000.0,7000.0,8000.0,10000.0,11000.0,62.115,62.115,62.115,62.115,62.115,62.115,62.115,62.115,0.0,0.0,0.0,0.0,0.0,0.0,0.0,0.0,2.0,3.0,4.0,2.0,2.0,2.0,2.0,2.0,0.0,0.0,0.0,0.0,0.0,0.0,0.0,0.0,,,,,,,,,0.0,0.0,0.0,0.0,0.0,0.0,0.0,0.0,0.0,0.0,0.0,0.0,0.0,0.0,0.0,0.0,0.0,0.0,0.0,0.0,0.0,0.0,0.0,0.0,0.0,0.0,0.0,0.0,0.0,0.0,0.0,0.0,0.0,0.0,0.0,0.0,0.0,0.0,0.0,0.0,2.0,2.0,2.0,2.0,2.0,2.0,2.0,2.0
17630,Comines,50.765278,3.006602,1276,1650,1.369,0.062,1,1000.0,1000.0,1000.0,1000.0,2000.0,2000.0,51.614,51.614,51.614,51.614,51.614,51.614,51.614,51.614,0.0,0.0,0.0,0.0,0.0,0.0,0.0,0.0,2.0,6.0,7.0,5.0,7.0,7.0,7.0,7.0,0.0,0.0,0.0,0.0,0.0,0.0,0.0,0.0,,,,,,,,,0.0,1.0,1.0,1.0,1.0,1.0,1.0,1.0,0.0,0.0,0.0,0.0,0.0,0.0,0.0,0.0,0.0,0.0,0.0,0.0,0.0,0.0,0.0,0.0,0.0,0.0,0.0,0.0,0.0,0.0,0.0,0.0,0.0,0.0,0.0,0.0,0.0,0.0,0.0,0.0,2.0,2.0,2.0,2.0,2.0,2.0,2.0,2.0
17691,Harelbeke,50.85672,3.310726,1100,1650,2.466,0.192,1,,,,,,,39.609,39.609,39.609,39.609,39.609,39.609,39.609,39.609,2.0,2.0,2.0,1.0,1.0,1.0,1.0,1.0,2.0,8.0,9.0,8.0,10.0,10.0,10.0,10.0,0.0,0.0,0.0,0.0,0.0,0.0,0.0,0.0,,,,,,,,,0.0,0.0,0.0,0.0,0.0,0.0,0.0,0.0,0.0,0.0,0.0,0.0,0.0,0.0,0.0,0.0,0.0,0.0,0.0,0.0,0.0,0.0,0.0,0.0,0.0,0.0,0.0,0.0,0.0,0.0,0.0,0.0,0.0,0.0,0.0,0.0,0.0,0.0,0.0,0.0,2.0,2.0,2.0,2.0,2.0,2.0,2.0,2.0
17751,Willigisbrücke,49.971839,9.140185,1161,1650,6.98,0.05,1,,,,,,,36.155,25.927,25.927,25.927,25.927,25.927,25.927,25.927,5.0,7.0,7.0,7.0,7.0,7.0,9.0,9.0,5.0,10.0,10.0,10.0,13.0,13.0,15.0,15.0,0.0,0.0,0.0,0.0,0.0,0.0,0.0,0.0,,,,,,,,,0.0,0.0,0.0,0.0,0.0,0.0,0.0,0.0,0.0,0.0,0.0,0.0,0.0,0.0,0.0,0.0,1.0,1.0,1.0,1.0,1.0,1.0,1.0,1.0,0.0,0.0,0.0,0.0,0.0,0.0,0.0,0.0,0.0,0.0,0.0,0.0,0.0,0.0,0.0,0.0,2.0,2.0,2.0,2.0,2.0,2.0,2.0,2.0
17752,,49.971791,9.141591,1161,1650,7.065,0.032,1,,,,,,,36.248,25.919,25.919,25.919,25.919,25.919,25.919,25.919,5.0,7.0,7.0,7.0,7.0,7.0,9.0,9.0,5.0,10.0,10.0,10.0,13.0,13.0,15.0,15.0,0.0,0.0,0.0,0.0,0.0,0.0,0.0,0.0,,,,,,,,,0.0,0.0,0.0,0.0,0.0,0.0,0.0,0.0,0.0,0.0,0.0,0.0,0.0,0.0,0.0,0.0,0.0,0.0,0.0,0.0,0.0,0.0,0.0,0.0,0.0,0.0,0.0,0.0,0.0,0.0,0.0,0.0,0.0,1.0,1.0,1.0,1.0,1.0,1.0,1.0,2.0,2.0,2.0,2.0,2.0,2.0,2.0,2.0
17756,,49.700383,9.244893,1225,1650,6.144,0.052,1,,,,,,,60.849,55.995,55.995,55.995,55.995,55.995,55.995,55.995,0.0,0.0,0.0,0.0,0.0,0.0,0.0,0.0,5.0,7.0,7.0,7.0,7.0,7.0,9.0,9.0,0.0,0.0,0.0,0.0,0.0,0.0,0.0,0.0,,,,,,,,,0.0,0.0,0.0,0.0,0.0,0.0,0.0,0.0,0.0,0.0,1.0,1.0,1.0,1.0,1.0,1.0,0.0,0.0,0.0,0.0,0.0,0.0,0.0,0.0,0.0,0.0,0.0,0.0,0.0,0.0,0.0,0.0,0.0,0.0,0.0,0.0,0.0,0.0,0.0,0.0,2.0,2.0,3.0,3.0,3.0,3.0,3.0,3.0
17757,,49.700231,9.251963,1225,1650,6.41,0.045,1,,,,,,,61.198,56.049,56.049,56.049,56.049,56.049,56.049,56.049,0.0,0.0,0.0,0.0,0.0,0.0,0.0,0.0,5.0,7.0,7.0,7.0,7.0,7.0,9.0,9.0,0.0,0.0,0.0,0.0,0.0,0.0,0.0,0.0,,,,,,,,,0.0,0.0,0.0,0.0,0.0,0.0,0.0,0.0,0.0,0.0,1.0,1.0,1.0,1.0,1.0,1.0,0.0,0.0,0.0,0.0,0.0,0.0,0.0,0.0,0.0,0.0,0.0,0.0,0.0,0.0,0.0,0.0,0.0,1.0,1.0,1.0,1.0,1.0,1.0,1.0,2.0,2.0,3.0,3.0,3.0,3.0,3.0,3.0
17758,,49.701304,9.245135,1225,1650,6.061,0.052,1,,,,,,,60.783,55.894,55.894,55.894,55.894,55.894,55.894,55.894,0.0,0.0,0.0,0.0,0.0,0.0,0.0,0.0,5.0,7.0,7.0,7.0,7.0,7.0,9.0,9.0,0.0,0.0,0.0,0.0,0.0,0.0,0.0,0.0,,,,,,,,,0.0,0.0,0.0,0.0,0.0,0.0,0.0,0.0,0.0,0.0,1.0,1.0,1.0,1.0,1.0,1.0,0.0,0.0,0.0,0.0,0.0,0.0,0.0,0.0,0.0,1.0,1.0,1.0,1.0,1.0,1.0,1.0,0.0,0.0,0.0,0.0,0.0,0.0,0.0,0.0,2.0,2.0,3.0,3.0,3.0,3.0,3.0,3.0
17767,,49.701101,9.257312,1225,1650,6.541,0.211,1,,,,,,,61.382,55.984,55.984,55.984,55.984,55.984,55.984,55.984,0.0,0.0,0.0,0.0,0.0,0.0,0.0,0.0,5.0,7.0,7.0,7.0,7.0,7.0,9.0,9.0,0.0,0.0,0.0,0.0,0.0,0.0,0.0,0.0,,,,,,,,,0.0,0.0,0.0,0.0,0.0,0.0,0.0,0.0,0.0,0.0,1.0,1.0,1.0,1.0,1.0,1.0,0.0,0.0,0.0,0.0,0.0,0.0,0.0,0.0,0.0,0.0,0.0,0.0,0.0,0.0,0.0,0.0,0.0,0.0,0.0,0.0,0.0,0.0,0.0,0.0,2.0,2.0,3.0,3.0,3.0,3.0,3.0,3.0
17772,,53.603244,9.475622,1209,1650,1.876,0.016,1,,,,,,,0.032,0.032,0.032,0.032,0.032,0.032,0.032,0.032,5.0,8.0,10.0,12.0,23.0,29.0,41.0,41.0,12.0,18.0,22.0,27.0,45.0,46.0,77.0,87.0,0.0,0.0,0.0,0.0,0.0,0.0,0.0,0.0,,,,,,,,,0.0,0.0,0.0,0.0,0.0,0.0,0.0,0.0,1.0,1.0,1.0,1.0,1.0,1.0,1.0,1.0,0.0,0.0,0.0,0.0,0.0,0.0,0.0,0.0,0.0,0.0,0.0,0.0,0.0,0.0,0.0,0.0,0.0,0.0,0.0,0.0,0.0,0.0,0.0,0.0,3.0,3.0,3.0,3.0,3.0,3.0,3.0,3.0
17797,,52.894221,12.459762,1250,1650,26.557,0.236,1,,,,,,,94.101,32.252,32.252,32.252,32.252,32.252,23.474,23.474,0.0,2.0,2.0,2.0,2.0,2.0,5.0,5.0,1.0,4.0,14.0,17.0,25.0,29.0,40.0,45.0,0.0,0.0,0.0,0.0,0.0,0.0,0.0,0.0,,,,,,,,,0.0,0.0,0.0,0.0,0.0,1.0,1.0,1.0,0.0,0.0,0.0,0.0,0.0,0.0,0.0,0.0,0.0,0.0,0.0,0.0,0.0,1.0,1.0,1.0,0.0,0.0,0.0,0.0,0.0,0.0,0.0,0.0,0.0,0.0,0.0,0.0,0.0,0.0,0.0,0.0,2.0,2.0,2.0,2.0,2.0,2.0,2.0,2.0
17802,,51.981705,5.901128,1233,1650,0.409,0.067,1,,,,,,,0.753,0.753,0.753,0.753,0.753,0.753,0.753,0.753,14.0,20.0,23.0,35.0,45.0,47.0,47.0,47.0,37.0,64.0,87.0,106.0,120.0,128.0,130.0,126.0,0.0,0.0,0.0,0.0,0.0,0.0,0.0,0.0,,,,,,,,,0.0,0.0,0.0,0.0,0.0,0.0,0.0,0.0,0.0,0.0,0.0,1.0,1.0,1.0,1.0,1.0,0.0,0.0,0.0,0.0,0.0,0.0,0.0,0.0,0.0,0.0,0.0,0.0,0.0,0.0,0.0,0.0,0.0,0.0,0.0,0.0,0.0,0.0,0.0,0.0,2.0,2.0,2.0,3.0,3.0,3.0,3.0,3.0
17807,,49.454897,11.076981,1219,1650,138.804,0.056,1,,,,,,,132.457,110.816,91.44,91.44,91.44,91.44,91.44,91.44,0.0,0.0,0.0,0.0,0.0,0.0,0.0,0.0,0.0,0.0,2.0,2.0,2.0,2.0,2.0,2.0,0.0,0.0,0.0,0.0,0.0,0.0,0.0,0.0,,,,,,,,,0.0,0.0,0.0,0.0,0.0,0.0,0.0,0.0,0.0,0.0,0.0,0.0,0.0,0.0,0.0,0.0,0.0,0.0,0.0,0.0,0.0,0.0,0.0,0.0,0.0,0.0,0.0,0.0,0.0,0.0,0.0,0.0,0.0,0.0,0.0,0.0,0.0,0.0,0.0,0.0,2.0,2.0,2.0,2.0,2.0,2.0,2.0,2.0
17828,,49.943401,11.577938,1231,1650,158.266,0.179,1,,,,,,,107.932,80.82,64.964,64.964,64.964,64.964,64.964,64.964,0.0,0.0,0.0,0.0,0.0,0.0,0.0,0.0,0.0,1.0,4.0,8.0,10.0,18.0,20.0,20.0,0.0,0.0,0.0,0.0,0.0,0.0,0.0,0.0,,,,,,,,,0.0,0.0,0.0,0.0,0.0,0.0,0.0,0.0,0.0,0.0,0.0,0.0,0.0,0.0,0.0,0.0,0.0,0.0,0.0,0.0,0.0,0.0,0.0,0.0,0.0,0.0,0.0,0.0,0.0,0.0,0.0,0.0,0.0,0.0,0.0,0.0,0.0,0.0,0.0,0.0,2.0,2.0,2.0,2.0,2.0,2.0,2.0,2.0
17833,,50.829437,3.262966,1127,1650,2.057,0.1,1,,,,,,,42.265,42.265,42.265,42.265,42.265,42.265,42.265,42.265,1.0,1.0,1.0,1.0,1.0,1.0,1.0,1.0,2.0,8.0,9.0,8.0,10.0,10.0,10.0,10.0,0.0,0.0,0.0,0.0,0.0,0.0,0.0,0.0,,,,,,,,,0.0,0.0,0.0,0.0,0.0,0.0,0.0,0.0,0.0,0.0,0.0,0.0,0.0,0.0,0.0,0.0,0.0,0.0,0.0,0.0,0.0,0.0,0.0,0.0,0.0,0.0,0.0,0.0,0.0,0.0,0.0,0.0,0.0,1.0,1.0,1.0,1.0,1.0,1.0,1.0,2.0,2.0,2.0,2.0,2.0,2.0,2.0,2.0
17834,,50.827778,3.264066,1127,1650,2.134,0.042,1,,,,,,,42.454,42.454,42.454,42.454,42.454,42.454,42.454,42.454,1.0,1.0,1.0,1.0,1.0,1.0,1.0,1.0,2.0,8.0,9.0,8.0,10.0,10.0,10.0,10.0,0.0,0.0,0.0,0.0,0.0,0.0,0.0,0.0,,,,,,,,,0.0,0.0,0.0,0.0,0.0,0.0,0.0,0.0,0.0,0.0,0.0,0.0,0.0,0.0,0.0,0.0,0.0,0.0,0.0,0.0,0.0,0.0,0.0,0.0,0.0,0.0,0.0,0.0,0.0,0.0,0.0,0.0,0.0,0.0,0.0,0.0,0.0,0.0,0.0,0.0,2.0,2.0,2.0,2.0,2.0,2.0,2.0,2.0
17843,,51.20145,3.227341,1127,1650,0.933,0.108,1,,,,,,,0.839,0.839,0.839,0.839,0.839,0.839,0.839,0.839,2.0,5.0,6.0,4.0,6.0,6.0,6.0,6.0,2.0,8.0,9.0,8.0,10.0,10.0,10.0,10.0,0.0,0.0,0.0,0.0,0.0,0.0,0.0,0.0,,,,,,,,,0.0,0.0,0.0,0.0,0.0,0.0,0.0,0.0,1.0,1.0,1.0,1.0,1.0,0.0,0.0,0.0,0.0,0.0,0.0,0.0,0.0,0.0,0.0,0.0,0.0,0.0,0.0,0.0,0.0,0.0,0.0,0.0,0.0,0.0,0.0,0.0,0.0,0.0,0.0,0.0,3.0,3.0,3.0,3.0,3.0,2.0,2.0,2.0
17844,,51.20676,3.222304,1127,1650,0.377,0.132,1,,,,,,,0.263,0.263,0.263,0.263,0.263,0.263,0.263,0.263,2.0,5.0,6.0,4.0,6.0,6.0,6.0,6.0,2.0,8.0,9.0,8.0,10.0,10.0,10.0,10.0,0.0,0.0,0.0,0.0,0.0,0.0,0.0,0.0,,,,,,,,,0.0,0.0,0.0,0.0,0.0,0.0,0.0,0.0,1.0,1.0,1.0,1.0,1.0,0.0,0.0,0.0,0.0,0.0,0.0,0.0,0.0,0.0,0.0,0.0,0.0,0.0,0.0,0.0,0.0,0.0,0.0,0.0,0.0,0.0,0.0,0.0,0.0,0.0,0.0,0.0,3.0,3.0,3.0,3.0,3.0,2.0,2.0,2.0
17882,,53.080478,8.79756,965,1650,0.485,0.191,1,,,,,,,0.832,0.832,0.832,0.832,0.832,0.832,0.832,0.832,6.0,8.0,8.0,8.0,10.0,10.0,10.0,18.0,18.0,23.0,25.0,29.0,39.0,48.0,68.0,80.0,0.0,0.0,0.0,0.0,0.0,0.0,0.0,0.0,,,,,,,,,0.0,0.0,0.0,0.0,0.0,0.0,0.0,0.0,0.0,0.0,1.0,1.0,1.0,1.0,1.0,1.0,0.0,0.0,0.0,0.0,0.0,0.0,0.0,0.0,0.0,0.0,0.0,0.0,0.0,0.0,0.0,0.0,0.0,0.0,0.0,0.0,0.0,0.0,0.0,0.0,2.0,2.0,3.0,3.0,3.0,3.0,3.0,3.0
17856,,52.78724,6.112304,1296,1650,0.667,0.024,1,,,,,,,30.605,30.605,0.275,0.275,0.275,0.275,0.275,0.275,4.0,6.0,20.0,23.0,26.0,28.0,29.0,26.0,22.0,41.0,56.0,71.0,82.0,93.0,93.0,90.0,0.0,0.0,0.0,0.0,0.0,0.0,0.0,0.0,,,,,,,,,0.0,0.0,0.0,0.0,0.0,0.0,0.0,0.0,0.0,0.0,0.0,0.0,0.0,0.0,0.0,0.0,0.0,0.0,0.0,0.0,0.0,0.0,0.0,0.0,0.0,0.0,0.0,0.0,0.0,0.0,0.0,0.0,0.0,1.0,1.0,1.0,1.0,1.0,1.0,0.0,2.0,2.0,2.0,2.0,2.0,2.0,2.0,2.0
17857,,52.787436,6.111655,1296,1650,0.629,0.015,1,,,,,,,30.625,30.625,0.321,0.321,0.321,0.321,0.321,0.321,4.0,6.0,20.0,23.0,26.0,28.0,29.0,26.0,22.0,41.0,56.0,71.0,82.0,93.0,93.0,90.0,0.0,0.0,0.0,0.0,0.0,0.0,0.0,0.0,,,,,,,,,0.0,0.0,0.0,0.0,0.0,0.0,0.0,0.0,0.0,0.0,0.0,0.0,0.0,0.0,0.0,0.0,0.0,0.0,0.0,0.0,0.0,0.0,0.0,0.0,0.0,0.0,0.0,0.0,0.0,0.0,0.0,0.0,0.0,0.0,0.0,0.0,0.0,0.0,0.0,0.0,2.0,2.0,2.0,2.0,2.0,2.0,2.0,2.0
17858,,52.787188,6.111445,1296,1650,0.61,0.015,1,,,,,,,30.597,30.597,0.331,0.331,0.331,0.331,0.331,0.331,4.0,6.0,20.0,23.0,26.0,28.0,29.0,26.0,22.0,41.0,56.0,71.0,82.0,93.0,93.0,90.0,0.0,0.0,0.0,0.0,0.0,0.0,0.0,0.0,,,,,,,,,0.0,0.0,0.0,0.0,0.0,0.0,0.0,1.0,0.0,0.0,0.0,0.0,0.0,0.0,0.0,0.0,0.0,0.0,0.0,0.0,0.0,0.0,0.0,0.0,0.0,0.0,0.0,0.0,0.0,0.0,0.0,0.0,0.0,0.0,0.0,0.0,0.0,0.0,0.0,1.0,2.0,2.0,2.0,2.0,2.0,2.0,2.0,2.0
17949,,50.832196,3.255011,1127,1650,2.336,0.155,1,,,,,,,41.927,41.927,41.927,41.927,41.927,41.927,41.927,41.927,1.0,1.0,1.0,1.0,1.0,1.0,1.0,1.0,2.0,8.0,9.0,8.0,10.0,10.0,10.0,10.0,0.0,0.0,0.0,0.0,0.0,0.0,0.0,0.0,,,,,,,,,0.0,0.0,0.0,0.0,0.0,0.0,0.0,0.0,0.0,0.0,0.0,0.0,0.0,0.0,0.0,0.0,0.0,0.0,0.0,0.0,0.0,0.0,0.0,0.0,0.0,0.0,0.0,0.0,0.0,0.0,0.0,0.0,0.0,0.0,0.0,0.0,0.0,0.0,0.0,0.0,2.0,2.0,2.0,2.0,2.0,2.0,2.0,2.0
17875,Oude Buitenhaven,52.562907,5.910902,1230,1650,0.112,0.09,1,,,,,,,13.527,13.527,0.617,0.617,0.617,0.617,0.617,0.617,5.0,11.0,26.0,29.0,32.0,33.0,34.0,31.0,30.0,46.0,62.0,82.0,99.0,108.0,108.0,104.0,0.0,0.0,0.0,0.0,0.0,0.0,0.0,0.0,,,,,,,,,0.0,0.0,0.0,0.0,0.0,0.0,0.0,0.0,0.0,0.0,0.0,0.0,0.0,0.0,0.0,0.0,0.0,0.0,0.0,0.0,0.0,0.0,0.0,0.0,0.0,0.0,0.0,0.0,0.0,0.0,0.0,0.0,0.0,0.0,0.0,0.0,1.0,1.0,1.0,1.0,2.0,2.0,2.0,2.0,2.0,2.0,2.0,2.0
17878,,51.962246,5.658388,1263,1650,0.645,0.21,1,,,,,,,0.421,0.421,0.421,0.421,0.421,0.421,0.421,0.421,18.0,24.0,26.0,38.0,49.0,52.0,52.0,51.0,32.0,55.0,78.0,95.0,109.0,115.0,117.0,113.0,0.0,0.0,0.0,0.0,0.0,0.0,0.0,0.0,,,,,,,,,0.0,0.0,0.0,0.0,0.0,0.0,0.0,0.0,0.0,0.0,0.0,0.0,0.0,0.0,0.0,0.0,0.0,0.0,0.0,0.0,0.0,0.0,0.0,0.0,0.0,0.0,0.0,0.0,0.0,0.0,0.0,0.0,1.0,1.0,1.0,1.0,1.0,1.0,1.0,1.0,2.0,2.0,2.0,2.0,2.0,2.0,2.0,2.0
17880,,53.077782,8.801122,965,1650,0.128,0.039,1,,,,,,,0.469,0.469,0.469,0.469,0.469,0.469,0.469,0.469,6.0,8.0,8.0,8.0,10.0,10.0,10.0,18.0,18.0,23.0,28.0,32.0,42.0,51.0,71.0,83.0,0.0,0.0,0.0,0.0,0.0,0.0,0.0,0.0,,,,,,,,,0.0,0.0,0.0,0.0,0.0,0.0,0.0,0.0,0.0,0.0,1.0,1.0,1.0,1.0,1.0,1.0,0.0,0.0,0.0,0.0,0.0,0.0,0.0,0.0,0.0,0.0,0.0,0.0,0.0,0.0,0.0,0.0,0.0,0.0,0.0,0.0,0.0,0.0,0.0,0.0,2.0,2.0,3.0,3.0,3.0,3.0,3.0,3.0
17881,,53.075815,8.806481,965,1650,0.166,0.01,1,,,,,,,0.061,0.061,0.061,0.061,0.061,0.061,0.061,0.061,6.0,8.0,8.0,8.0,10.0,10.0,10.0,18.0,18.0,23.0,28.0,32.0,42.0,51.0,71.0,83.0,0.0,0.0,0.0,0.0,0.0,0.0,0.0,0.0,,,,,,,,,0.0,0.0,0.0,0.0,0.0,0.0,0.0,0.0,0.0,0.0,1.0,1.0,1.0,1.0,1.0,1.0,0.0,0.0,0.0,0.0,0.0,0.0,0.0,0.0,0.0,0.0,0.0,0.0,0.0,0.0,0.0,0.0,0.0,0.0,0.0,0.0,0.0,0.0,0.0,0.0,2.0,2.0,3.0,3.0,3.0,3.0,3.0,3.0
17883,,53.076412,8.797216,965,1650,0.253,0.154,0,,,,,,,0.682,0.682,0.682,0.682,0.682,0.682,0.682,0.682,6.0,8.0,8.0,8.0,10.0,10.0,10.0,18.0,18.0,23.0,28.0,32.0,42.0,51.0,71.0,83.0,0.0,0.0,0.0,0.0,0.0,0.0,0.0,0.0,,,,,,,,,0.0,0.0,0.0,0.0,0.0,0.0,0.0,0.0,0.0,0.0,1.0,1.0,1.0,1.0,1.0,1.0,0.0,0.0,0.0,0.0,0.0,0.0,0.0,0.0,0.0,0.0,0.0,0.0,0.0,0.0,0.0,1.0,0.0,0.0,0.0,0.0,0.0,0.0,0.0,0.0,2.0,2.0,3.0,3.0,3.0,3.0,3.0,3.0
17884,,53.074417,8.79403,965,1650,0.526,0.154,1,,,,,,,0.907,0.907,0.907,0.907,0.907,0.907,0.907,0.907,6.0,8.0,8.0,8.0,10.0,10.0,10.0,18.0,18.0,23.0,28.0,32.0,42.0,51.0,71.0,83.0,0.0,0.0,0.0,0.0,0.0,0.0,0.0,0.0,,,,,,,,,0.0,0.0,0.0,0.0,0.0,0.0,0.0,0.0,0.0,0.0,1.0,1.0,1.0,1.0,1.0,1.0,0.0,0.0,0.0,0.0,0.0,0.0,0.0,0.0,0.0,0.0,0.0,0.0,0.0,0.0,0.0,0.0,0.0,0.0,0.0,0.0,0.0,0.0,0.0,0.0,2.0,2.0,3.0,3.0,3.0,3.0,3.0,3.0
17891,,51.071925,2.661502,1180,1650,0.07,0.03,1,,,,,,,42.111,42.111,42.111,42.111,42.111,42.111,42.111,42.111,1.0,1.0,1.0,1.0,1.0,1.0,1.0,1.0,2.0,6.0,7.0,6.0,8.0,8.0,8.0,8.0,0.0,0.0,0.0,0.0,0.0,0.0,0.0,0.0,,,,,,,,,0.0,0.0,0.0,0.0,0.0,0.0,0.0,0.0,0.0,0.0,0.0,0.0,0.0,0.0,0.0,0.0,0.0,0.0,0.0,0.0,0.0,0.0,0.0,0.0,0.0,0.0,0.0,0.0,0.0,0.0,0.0,0.0,0.0,0.0,0.0,0.0,0.0,0.0,0.0,0.0,2.0,2.0,2.0,2.0,2.0,2.0,2.0,2.0
17900,Lommatzsch,51.197062,13.309084,1286,1650,7.517,7.002,0,,,,,,,66.934,66.934,40.574,0.0,11.865,11.865,11.865,11.865,0.0,0.0,2.0,3.0,3.0,6.0,6.0,8.0,4.0,5.0,9.0,14.0,18.0,21.0,25.0,31.0,0.0,0.0,0.0,1.0,0.0,0.0,0.0,0.0,,,,local,,,,,0.0,0.0,0.0,0.0,0.0,0.0,0.0,0.0,0.0,0.0,0.0,0.0,0.0,0.0,0.0,0.0,0.0,0.0,0.0,0.0,0.0,0.0,0.0,0.0,0.0,0.0,0.0,0.0,0.0,0.0,0.0,0.0,0.0,0.0,0.0,0.0,0.0,0.0,0.0,0.0,1.0,1.0,2.0,2.0,2.0,2.0,2.0,2.0
17902,,51.072672,2.662532,1180,1650,0.18,0.026,1,,,,,,,42.014,42.014,42.014,42.014,42.014,42.014,42.014,42.014,1.0,1.0,1.0,1.0,1.0,1.0,1.0,1.0,2.0,6.0,7.0,6.0,8.0,8.0,8.0,8.0,0.0,0.0,0.0,0.0,0.0,0.0,0.0,0.0,,,,,,,,,0.0,0.0,0.0,0.0,0.0,0.0,0.0,0.0,0.0,0.0,0.0,0.0,0.0,0.0,0.0,0.0,0.0,0.0,0.0,0.0,0.0,0.0,0.0,0.0,0.0,0.0,0.0,0.0,0.0,0.0,0.0,0.0,0.0,0.0,0.0,0.0,0.0,0.0,0.0,0.0,2.0,2.0,2.0,2.0,2.0,2.0,2.0,2.0
17904,,51.03378,2.860136,1163,1650,0.221,0.024,1,,,,,,,32.011,32.011,32.011,32.011,32.011,32.011,32.011,32.011,2.0,2.0,2.0,1.0,1.0,1.0,1.0,1.0,2.0,6.0,7.0,6.0,8.0,8.0,8.0,8.0,0.0,0.0,0.0,0.0,0.0,0.0,0.0,0.0,,,,,,,,,0.0,0.0,0.0,0.0,0.0,0.0,0.0,0.0,0.0,0.0,0.0,0.0,0.0,0.0,0.0,0.0,0.0,0.0,0.0,0.0,0.0,0.0,0.0,0.0,0.0,0.0,0.0,0.0,0.0,0.0,0.0,0.0,0.0,1.0,1.0,1.0,1.0,1.0,1.0,1.0,2.0,2.0,2.0,2.0,2.0,2.0,2.0,2.0
17905,,51.033354,2.860302,1163,1650,0.259,0.024,1,,,,,,,32.03,32.03,32.03,32.03,32.03,32.03,32.03,32.03,2.0,2.0,2.0,1.0,1.0,1.0,1.0,1.0,2.0,6.0,7.0,6.0,8.0,8.0,8.0,8.0,0.0,0.0,0.0,0.0,0.0,0.0,0.0,0.0,,,,,,,,,0.0,0.0,0.0,0.0,0.0,0.0,0.0,0.0,0.0,0.0,0.0,0.0,0.0,0.0,0.0,0.0,0.0,0.0,0.0,0.0,0.0,0.0,0.0,0.0,0.0,0.0,0.0,0.0,0.0,0.0,0.0,0.0,0.0,0.0,0.0,0.0,0.0,0.0,0.0,0.0,2.0,2.0,2.0,2.0,2.0,2.0,2.0,2.0
17906,,51.035973,2.854879,1163,1650,0.221,0.459,1,,,,,,,32.156,32.156,32.156,32.156,32.156,32.156,32.156,32.156,2.0,2.0,2.0,1.0,1.0,1.0,1.0,1.0,2.0,6.0,7.0,6.0,8.0,8.0,8.0,8.0,0.0,0.0,0.0,0.0,0.0,0.0,0.0,0.0,,,,,,,,,0.0,0.0,0.0,0.0,0.0,0.0,0.0,0.0,0.0,0.0,0.0,0.0,0.0,0.0,0.0,0.0,0.0,0.0,0.0,0.0,0.0,0.0,0.0,0.0,0.0,0.0,0.0,0.0,0.0,0.0,0.0,0.0,0.0,0.0,0.0,0.0,0.0,0.0,0.0,0.0,2.0,2.0,2.0,2.0,2.0,2.0,2.0,2.0
17907,,51.132147,2.752204,1163,1650,1.682,0.1,1,,,,,,,34.001,34.001,34.001,34.001,34.001,34.001,34.001,34.001,1.0,1.0,1.0,1.0,1.0,1.0,1.0,1.0,2.0,6.0,7.0,6.0,8.0,8.0,8.0,8.0,0.0,0.0,0.0,0.0,0.0,0.0,0.0,0.0,,,,,,,,,0.0,0.0,0.0,0.0,0.0,0.0,0.0,0.0,0.0,0.0,0.0,0.0,0.0,0.0,0.0,0.0,0.0,0.0,0.0,0.0,0.0,0.0,0.0,0.0,0.0,0.0,0.0,0.0,0.0,0.0,0.0,0.0,0.0,0.0,0.0,0.0,0.0,0.0,0.0,0.0,2.0,2.0,2.0,2.0,2.0,2.0,2.0,2.0
17910,,50.833755,3.25868,1127,1650,2.028,0.155,1,,,,,,,41.768,41.768,41.768,41.768,41.768,41.768,41.768,41.768,1.0,1.0,1.0,1.0,1.0,1.0,1.0,1.0,2.0,8.0,9.0,8.0,10.0,10.0,10.0,10.0,0.0,0.0,0.0,0.0,0.0,0.0,0.0,0.0,,,,,,,,,0.0,0.0,0.0,0.0,0.0,0.0,0.0,0.0,0.0,0.0,0.0,0.0,0.0,0.0,0.0,0.0,0.0,0.0,0.0,0.0,0.0,0.0,0.0,0.0,0.0,0.0,0.0,0.0,0.0,0.0,0.0,0.0,0.0,0.0,0.0,0.0,0.0,0.0,0.0,0.0,2.0,2.0,2.0,2.0,2.0,2.0,2.0,2.0
17913,,50.826023,3.26707,1127,1650,2.157,0.13,1,,,,,,,42.663,42.663,42.663,42.663,42.663,42.663,42.663,42.663,1.0,1.0,1.0,1.0,1.0,1.0,1.0,1.0,2.0,8.0,9.0,8.0,10.0,10.0,10.0,10.0,0.0,0.0,0.0,0.0,0.0,0.0,0.0,0.0,,,,,,,,,0.0,0.0,0.0,0.0,0.0,0.0,0.0,0.0,0.0,0.0,0.0,0.0,0.0,0.0,0.0,0.0,0.0,0.0,0.0,0.0,0.0,0.0,0.0,0.0,0.0,0.0,0.0,0.0,0.0,0.0,0.0,0.0,0.0,0.0,0.0,0.0,0.0,0.0,0.0,0.0,2.0,2.0,2.0,2.0,2.0,2.0,2.0,2.0
17916,,50.854627,3.305855,1100,1650,2.056,0.062,1,,,,,,,39.788,39.788,39.788,39.788,39.788,39.788,39.788,39.788,2.0,2.0,2.0,1.0,1.0,1.0,1.0,1.0,2.0,8.0,9.0,8.0,10.0,10.0,10.0,10.0,0.0,0.0,0.0,0.0,0.0,0.0,0.0,0.0,,,,,,,,,0.0,0.0,0.0,0.0,0.0,0.0,0.0,0.0,0.0,0.0,0.0,0.0,0.0,0.0,0.0,0.0,0.0,0.0,0.0,0.0,0.0,0.0,0.0,0.0,0.0,0.0,0.0,0.0,0.0,0.0,0.0,0.0,1.0,1.0,1.0,1.0,1.0,1.0,1.0,1.0,2.0,2.0,2.0,2.0,2.0,2.0,2.0,2.0
17917,,50.854004,3.307335,1100,1650,2.089,0.062,1,,,,,,,39.872,39.872,39.872,39.872,39.872,39.872,39.872,39.872,2.0,2.0,2.0,1.0,1.0,1.0,1.0,1.0,2.0,8.0,9.0,8.0,10.0,10.0,10.0,10.0,0.0,0.0,0.0,0.0,0.0,0.0,0.0,0.0,,,,,,,,,0.0,0.0,0.0,0.0,0.0,0.0,0.0,0.0,0.0,0.0,0.0,0.0,0.0,0.0,0.0,0.0,0.0,0.0,0.0,0.0,0.0,0.0,0.0,0.0,0.0,0.0,0.0,0.0,0.0,0.0,0.0,0.0,0.0,0.0,0.0,0.0,0.0,0.0,0.0,0.0,2.0,2.0,2.0,2.0,2.0,2.0,2.0,2.0
17945,,50.768402,3.00048,1276,1650,1.662,0.024,1,,,,,,,51.411,51.411,51.411,51.411,51.411,51.411,51.411,51.411,0.0,0.0,0.0,0.0,0.0,0.0,0.0,0.0,2.0,6.0,7.0,5.0,7.0,7.0,7.0,7.0,0.0,0.0,0.0,0.0,0.0,0.0,0.0,0.0,,,,,,,,,0.0,0.0,0.0,0.0,0.0,0.0,0.0,0.0,0.0,0.0,0.0,0.0,0.0,0.0,0.0,0.0,0.0,0.0,0.0,0.0,0.0,0.0,0.0,0.0,0.0,0.0,0.0,0.0,0.0,0.0,0.0,0.0,0.0,0.0,0.0,0.0,0.0,0.0,0.0,0.0,2.0,2.0,2.0,2.0,2.0,2.0,2.0,2.0
17948,,50.768707,3.000008,1276,1650,1.689,0.024,1,,,,,,,51.389,51.389,51.389,51.389,51.389,51.389,51.389,51.389,0.0,0.0,0.0,0.0,0.0,0.0,0.0,0.0,2.0,6.0,7.0,5.0,7.0,7.0,7.0,7.0,0.0,0.0,0.0,0.0,0.0,0.0,0.0,0.0,,,,,,,,,0.0,0.0,0.0,0.0,0.0,0.0,0.0,0.0,0.0,0.0,0.0,0.0,0.0,0.0,0.0,0.0,0.0,0.0,0.0,0.0,0.0,0.0,0.0,0.0,0.0,0.0,0.0,0.0,0.0,0.0,0.0,0.0,0.0,0.0,0.0,0.0,0.0,0.0,0.0,0.0,2.0,2.0,2.0,2.0,2.0,2.0,2.0,2.0
18001,,50.771745,3.876269,1067,1650,24.228,0.073,1,,,,,,,63.276,55.861,55.861,55.861,54.926,54.926,54.926,54.926,0.0,0.0,0.0,0.0,0.0,0.0,0.0,0.0,2.0,8.0,9.0,8.0,10.0,10.0,10.0,10.0,0.0,0.0,0.0,0.0,0.0,0.0,0.0,0.0,,,,,,,,,0.0,0.0,0.0,0.0,0.0,0.0,0.0,0.0,0.0,0.0,0.0,0.0,0.0,0.0,0.0,0.0,0.0,0.0,0.0,0.0,0.0,0.0,0.0,0.0,0.0,0.0,0.0,0.0,0.0,0.0,0.0,0.0,0.0,0.0,0.0,0.0,0.0,0.0,0.0,0.0,2.0,2.0,2.0,2.0,2.0,2.0,2.0,2.0
18014,,51.038928,2.377263,1182,1650,0.538,0.072,1,,,,,,,62.06,62.06,62.06,62.06,62.06,62.06,62.06,62.06,0.0,0.0,0.0,0.0,0.0,0.0,0.0,0.0,2.0,5.0,6.0,4.0,4.0,4.0,4.0,4.0,0.0,0.0,0.0,0.0,0.0,0.0,0.0,0.0,,,,,,,,,0.0,0.0,0.0,0.0,0.0,0.0,0.0,0.0,0.0,0.0,0.0,0.0,0.0,0.0,0.0,0.0,0.0,0.0,0.0,0.0,0.0,0.0,0.0,0.0,0.0,0.0,0.0,0.0,0.0,0.0,0.0,0.0,0.0,1.0,1.0,1.0,1.0,1.0,1.0,1.0,2.0,2.0,2.0,2.0,2.0,2.0,2.0,2.0
18017,,50.854634,2.72241,1147,1650,7.721,0.173,1,,,,,,,52.749,52.749,52.749,52.749,52.749,52.749,52.749,52.749,0.0,0.0,0.0,0.0,0.0,0.0,0.0,0.0,2.0,5.0,6.0,4.0,6.0,6.0,6.0,6.0,0.0,0.0,0.0,0.0,0.0,0.0,0.0,0.0,,,,,,,,,0.0,0.0,0.0,0.0,0.0,0.0,0.0,0.0,0.0,0.0,0.0,0.0,0.0,0.0,0.0,0.0,0.0,0.0,0.0,0.0,0.0,0.0,0.0,0.0,0.0,0.0,0.0,0.0,0.0,0.0,0.0,0.0,0.0,0.0,0.0,0.0,0.0,0.0,0.0,0.0,2.0,2.0,2.0,2.0,2.0,2.0,2.0,2.0
18025,,50.939395,4.042368,1174,1650,5.561,0.046,1,,,,,,,55.622,35.85,35.85,35.85,35.85,35.85,35.85,35.85,0.0,4.0,4.0,3.0,5.0,5.0,5.0,5.0,2.0,10.0,11.0,10.0,12.0,12.0,12.0,12.0,0.0,0.0,0.0,0.0,0.0,0.0,0.0,0.0,,,,,,,,,0.0,0.0,0.0,0.0,0.0,0.0,0.0,0.0,0.0,0.0,0.0,0.0,0.0,0.0,0.0,0.0,0.0,0.0,0.0,0.0,0.0,0.0,0.0,0.0,0.0,0.0,0.0,0.0,0.0,0.0,0.0,0.0,0.0,0.0,0.0,0.0,0.0,0.0,0.0,0.0,2.0,2.0,2.0,2.0,2.0,2.0,2.0,2.0
18041,,50.773667,3.882658,1067,1650,24.331,0.121,1,,,,,,,63.3,55.555,55.555,55.555,54.696,54.696,54.696,54.696,0.0,0.0,0.0,0.0,0.0,0.0,0.0,0.0,2.0,8.0,9.0,8.0,10.0,10.0,10.0,10.0,0.0,0.0,0.0,0.0,0.0,0.0,0.0,0.0,,,,,,,,,0.0,0.0,0.0,0.0,0.0,0.0,0.0,0.0,0.0,0.0,0.0,0.0,0.0,0.0,0.0,0.0,0.0,0.0,0.0,0.0,0.0,0.0,0.0,0.0,0.0,0.0,0.0,0.0,0.0,0.0,0.0,0.0,0.0,0.0,0.0,0.0,0.0,0.0,0.0,0.0,2.0,2.0,2.0,2.0,2.0,2.0,2.0,2.0
18056,,51.134187,2.754886,1163,1650,1.414,0.147,1,,,,,,,33.763,33.763,33.763,33.763,33.763,33.763,33.763,33.763,1.0,1.0,1.0,1.0,1.0,1.0,1.0,1.0,2.0,6.0,7.0,6.0,8.0,8.0,8.0,8.0,0.0,0.0,0.0,0.0,0.0,0.0,0.0,0.0,,,,,,,,,0.0,0.0,0.0,0.0,0.0,0.0,0.0,0.0,0.0,0.0,0.0,0.0,0.0,0.0,0.0,0.0,0.0,0.0,0.0,0.0,0.0,0.0,0.0,0.0,0.0,0.0,0.0,0.0,0.0,0.0,0.0,0.0,0.0,0.0,0.0,0.0,0.0,0.0,0.0,0.0,2.0,2.0,2.0,2.0,2.0,2.0,2.0,2.0
18076,,50.11316,8.678899,1142,1650,3.23,0.126,1,,,,,,,0.386,0.386,0.386,0.386,0.386,0.386,0.386,0.386,1.0,3.0,3.0,3.0,3.0,3.0,5.0,5.0,5.0,10.0,10.0,10.0,10.0,10.0,12.0,12.0,0.0,0.0,0.0,0.0,0.0,0.0,0.0,0.0,,,,,,,,,0.0,0.0,0.0,0.0,0.0,0.0,0.0,0.0,0.0,0.0,0.0,0.0,0.0,0.0,0.0,0.0,0.0,0.0,0.0,0.0,0.0,0.0,0.0,0.0,0.0,0.0,0.0,0.0,0.0,0.0,0.0,0.0,0.0,0.0,0.0,0.0,0.0,0.0,0.0,0.0,2.0,2.0,2.0,2.0,2.0,2.0,2.0,2.0
18097,,50.76562,3.004911,1276,1650,1.458,0.062,1,,,,,,,51.613,51.613,51.613,51.613,51.613,51.613,51.613,51.613,0.0,0.0,0.0,0.0,0.0,0.0,0.0,0.0,2.0,6.0,7.0,5.0,7.0,7.0,7.0,7.0,0.0,0.0,0.0,0.0,0.0,0.0,0.0,0.0,,,,,,,,,0.0,0.0,0.0,0.0,0.0,0.0,0.0,0.0,0.0,0.0,0.0,0.0,0.0,0.0,0.0,0.0,0.0,1.0,1.0,1.0,1.0,1.0,1.0,1.0,0.0,0.0,0.0,0.0,0.0,0.0,0.0,0.0,0.0,1.0,1.0,1.0,1.0,1.0,1.0,1.0,2.0,2.0,2.0,2.0,2.0,2.0,2.0,2.0
18102,,51.071941,2.663004,1180,1650,0.16,0.037,1,,,,,,,42.012,42.012,42.012,42.012,42.012,42.012,42.012,42.012,1.0,1.0,1.0,1.0,1.0,1.0,1.0,1.0,2.0,6.0,7.0,6.0,8.0,8.0,8.0,8.0,0.0,0.0,0.0,0.0,0.0,0.0,0.0,0.0,,,,,,,,,0.0,0.0,0.0,0.0,0.0,0.0,0.0,0.0,0.0,0.0,0.0,0.0,0.0,0.0,0.0,0.0,0.0,0.0,0.0,0.0,0.0,0.0,0.0,0.0,0.0,0.0,0.0,0.0,0.0,0.0,0.0,0.0,0.0,1.0,1.0,1.0,1.0,1.0,1.0,1.0,2.0,2.0,2.0,2.0,2.0,2.0,2.0,2.0
18157,haven dordrecht,51.813839,4.659768,1220,1650,0.755,0.212,0,,,,,,,18.582,5.757,5.757,5.757,5.757,5.757,5.757,5.757,9.0,15.0,18.0,19.0,22.0,24.0,24.0,23.0,17.0,32.0,36.0,44.0,53.0,56.0,56.0,55.0,0.0,0.0,0.0,0.0,0.0,0.0,0.0,0.0,,,,,,,,,0.0,0.0,0.0,0.0,0.0,0.0,0.0,0.0,1.0,1.0,1.0,1.0,1.0,1.0,1.0,1.0,0.0,0.0,0.0,0.0,0.0,0.0,0.0,0.0,0.0,0.0,0.0,0.0,0.0,0.0,0.0,0.0,0.0,1.0,1.0,1.0,1.0,1.0,1.0,1.0,3.0,3.0,3.0,3.0,3.0,3.0,3.0,3.0
18164,,53.926887,13.345213,1290,1650,4.548,0.116,1,,,,,,,18.958,18.958,18.958,18.958,18.958,18.958,18.958,18.958,1.0,1.0,1.0,1.0,1.0,2.0,3.0,4.0,1.0,1.0,2.0,2.0,2.0,4.0,7.0,8.0,0.0,0.0,0.0,0.0,0.0,0.0,0.0,0.0,,,,,,,,,0.0,0.0,0.0,0.0,0.0,0.0,0.0,0.0,0.0,0.0,0.0,0.0,0.0,0.0,0.0,0.0,0.0,0.0,0.0,0.0,0.0,0.0,0.0,0.0,0.0,1.0,1.0,1.0,1.0,1.0,1.0,1.0,0.0,0.0,0.0,0.0,0.0,0.0,0.0,0.0,2.0,2.0,2.0,2.0,2.0,2.0,2.0,2.0
18165,Steinbecker Brücke,54.098937,13.378708,1250,1650,2.38,0.017,1,,,,,,,0.351,0.351,0.351,0.351,0.351,0.351,0.351,0.351,1.0,1.0,1.0,1.0,1.0,2.0,4.0,5.0,1.0,1.0,2.0,2.0,2.0,4.0,7.0,8.0,0.0,0.0,0.0,0.0,0.0,0.0,0.0,0.0,,,,,,,,,0.0,0.0,0.0,0.0,0.0,0.0,0.0,0.0,1.0,1.0,1.0,1.0,1.0,1.0,1.0,1.0,1.0,1.0,1.0,1.0,1.0,1.0,1.0,1.0,0.0,0.0,0.0,0.0,0.0,0.0,0.0,0.0,0.0,0.0,0.0,0.0,0.0,0.0,0.0,0.0,3.0,3.0,3.0,3.0,3.0,3.0,3.0,3.0
18166,,53.25285,14.48174,1254,1650,3.895,0.058,1,,,,,,,118.524,118.524,33.114,33.114,33.114,33.114,33.114,33.114,0.0,0.0,1.0,1.0,2.0,4.0,5.0,5.0,0.0,0.0,1.0,1.0,2.0,4.0,5.0,6.0,0.0,0.0,0.0,0.0,0.0,0.0,0.0,0.0,,,,,,,,,0.0,0.0,0.0,0.0,0.0,0.0,0.0,0.0,0.0,0.0,0.0,0.0,0.0,0.0,0.0,0.0,0.0,1.0,1.0,1.0,1.0,1.0,1.0,0.0,0.0,0.0,0.0,0.0,0.0,0.0,0.0,0.0,0.0,0.0,0.0,0.0,0.0,0.0,0.0,0.0,2.0,2.0,2.0,2.0,2.0,2.0,2.0,2.0
18176,,54.357459,19.680086,1287,1650,28.314,0.082,1,,,,,,,393.102,393.102,368.265,368.265,368.265,368.265,267.227,267.227,0.0,0.0,0.0,0.0,0.0,0.0,0.0,0.0,0.0,0.0,0.0,0.0,0.0,0.0,0.0,0.0,0.0,0.0,0.0,0.0,0.0,0.0,0.0,0.0,,,,,,,,,0.0,0.0,0.0,0.0,0.0,0.0,0.0,0.0,0.0,0.0,0.0,0.0,0.0,0.0,0.0,0.0,0.0,0.0,0.0,0.0,0.0,0.0,0.0,0.0,0.0,0.0,0.0,0.0,0.0,0.0,0.0,0.0,0.0,0.0,0.0,0.0,0.0,0.0,0.0,0.0,2.0,2.0,2.0,2.0,2.0,2.0,2.0,2.0
18183,Kneiphof,54.706998,20.507237,1286,1650,18.325,0.137,1,,,,,,,433.112,433.112,432.712,432.712,432.712,432.712,324.21,324.21,0.0,0.0,0.0,0.0,0.0,0.0,0.0,0.0,0.0,0.0,0.0,0.0,0.0,0.0,0.0,0.0,0.0,0.0,0.0,0.0,0.0,0.0,0.0,0.0,,,,,,,,,0.0,0.0,0.0,0.0,0.0,0.0,0.0,0.0,0.0,0.0,0.0,0.0,0.0,1.0,1.0,1.0,0.0,0.0,0.0,0.0,0.0,0.0,0.0,0.0,0.0,0.0,0.0,0.0,0.0,0.0,0.0,0.0,0.0,0.0,0.0,0.0,0.0,0.0,0.0,0.0,2.0,2.0,2.0,2.0,2.0,3.0,3.0,3.0
18185,,53.756871,19.198029,1285,1650,25.236,0.103,1,,,,,,,382.62,382.62,317.046,317.046,317.046,317.046,241.415,241.415,0.0,0.0,0.0,0.0,0.0,0.0,0.0,0.0,0.0,0.0,0.0,0.0,0.0,0.0,0.0,0.0,0.0,0.0,0.0,0.0,0.0,0.0,0.0,0.0,,,,,,,,,0.0,0.0,0.0,0.0,0.0,0.0,0.0,0.0,0.0,0.0,0.0,0.0,0.0,0.0,0.0,0.0,0.0,0.0,0.0,0.0,0.0,0.0,0.0,0.0,0.0,0.0,0.0,0.0,0.0,0.0,0.0,0.0,0.0,0.0,0.0,0.0,0.0,0.0,0.0,0.0,2.0,2.0,2.0,2.0,2.0,2.0,2.0,2.0
18186,,54.23386,20.129303,1295,1650,48.808,0.149,1,,,,,,,425.216,425.216,390.619,390.619,390.619,390.619,296.135,296.135,0.0,0.0,0.0,0.0,0.0,0.0,0.0,0.0,0.0,0.0,0.0,0.0,0.0,0.0,0.0,0.0,0.0,0.0,0.0,0.0,0.0,0.0,0.0,0.0,,,,,,,,,0.0,0.0,0.0,0.0,0.0,0.0,0.0,0.0,0.0,0.0,0.0,0.0,0.0,0.0,0.0,0.0,0.0,0.0,0.0,0.0,0.0,0.0,0.0,0.0,0.0,0.0,0.0,0.0,0.0,0.0,0.0,0.0,0.0,0.0,0.0,0.0,0.0,0.0,0.0,0.0,2.0,2.0,2.0,2.0,2.0,2.0,2.0,2.0
18228,,54.321463,19.525226,1296,1650,18.372,0.092,1,,,,,,,385.1,385.1,357.459,357.459,357.459,357.459,257.034,257.034,0.0,0.0,0.0,0.0,0.0,0.0,0.0,0.0,0.0,0.0,0.0,0.0,0.0,0.0,0.0,0.0,0.0,0.0,0.0,0.0,0.0,0.0,0.0,0.0,,,,,,,,,0.0,0.0,0.0,0.0,0.0,0.0,0.0,0.0,0.0,0.0,0.0,0.0,0.0,0.0,0.0,0.0,0.0,0.0,0.0,0.0,0.0,0.0,0.0,0.0,0.0,0.0,0.0,0.0,0.0,0.0,0.0,0.0,0.0,1.0,1.0,1.0,1.0,1.0,1.0,1.0,2.0,2.0,2.0,2.0,2.0,2.0,2.0,2.0
18229,,54.359179,19.677962,1287,1650,28.364,0.144,1,,,,,,,392.907,392.907,368.212,368.212,368.212,368.212,267.099,267.099,0.0,0.0,0.0,0.0,0.0,0.0,0.0,0.0,0.0,0.0,0.0,0.0,0.0,0.0,0.0,0.0,0.0,0.0,0.0,0.0,0.0,0.0,0.0,0.0,,,,,,,,,0.0,0.0,0.0,0.0,0.0,0.0,0.0,0.0,0.0,0.0,0.0,0.0,0.0,0.0,0.0,0.0,0.0,0.0,0.0,0.0,0.0,0.0,0.0,0.0,0.0,0.0,0.0,0.0,0.0,0.0,0.0,0.0,0.0,1.0,1.0,1.0,1.0,1.0,1.0,1.0,2.0,2.0,2.0,2.0,2.0,2.0,2.0,2.0
18232,,54.707642,20.505735,1286,1650,18.433,0.128,1,,,,,,,433.001,433.001,432.653,432.653,432.653,432.653,324.125,324.125,0.0,0.0,0.0,0.0,0.0,0.0,0.0,0.0,0.0,0.0,0.0,0.0,0.0,0.0,0.0,0.0,0.0,0.0,0.0,0.0,0.0,0.0,0.0,0.0,,,,,,,,,0.0,0.0,0.0,0.0,0.0,0.0,0.0,0.0,0.0,0.0,0.0,0.0,0.0,1.0,1.0,1.0,0.0,0.0,0.0,0.0,0.0,0.0,0.0,0.0,0.0,0.0,0.0,0.0,0.0,0.0,0.0,0.0,0.0,1.0,1.0,1.0,1.0,1.0,1.0,1.0,2.0,2.0,2.0,2.0,2.0,3.0,3.0,3.0
18255,,54.708832,20.511475,1286,1650,18.096,0.022,1,,,,,,,433.329,433.329,433.044,433.044,433.044,433.044,324.509,324.509,0.0,0.0,0.0,0.0,0.0,0.0,0.0,0.0,0.0,0.0,0.0,0.0,0.0,0.0,0.0,0.0,0.0,0.0,0.0,0.0,0.0,0.0,0.0,0.0,,,,,,,,,0.0,0.0,0.0,0.0,0.0,0.0,0.0,0.0,0.0,0.0,0.0,0.0,0.0,1.0,1.0,1.0,0.0,0.0,0.0,0.0,0.0,0.0,0.0,0.0,0.0,0.0,0.0,0.0,0.0,0.0,0.0,0.0,0.0,0.0,0.0,0.0,0.0,0.0,0.0,0.0,2.0,2.0,2.0,2.0,2.0,3.0,3.0,3.0
1017,Bydgoszcz,53.121971,18.000143,1346,1650,26.529,0.089,1,,1000.0,2000.0,3000.0,5000.0,3000.0,,323.336,227.469,227.469,227.469,227.469,198.107,198.107,,0.0,0.0,0.0,0.0,0.0,0.0,0.0,,0.0,0.0,0.0,0.0,0.0,0.0,0.0,,0.0,0.0,0.0,0.0,0.0,0.0,0.0,,,,,,,,,,1.0,1.0,1.0,1.0,1.0,1.0,1.0,,0.0,0.0,0.0,0.0,0.0,0.0,0.0,,0.0,0.0,0.0,0.0,0.0,0.0,0.0,,0.0,0.0,0.0,0.0,0.0,0.0,0.0,,0.0,0.0,0.0,0.0,0.0,0.0,0.0,,2.0,2.0,2.0,2.0,2.0,2.0,2.0
268,Antwerpen,51.221248,4.399862,1350,1650,6.117,0.041,1,,15000.0,30000.0,38000.0,47000.0,56000.0,,0.0,0.0,0.0,0.0,0.0,0.0,0.0,,5.0,5.0,6.0,8.0,8.0,8.0,8.0,,21.0,23.0,22.0,26.0,27.0,27.0,27.0,,1.0,1.0,1.0,1.0,1.0,1.0,1.0,,interregional,interregional,interregional,interregional,interregional,interregional,interregional,,0.0,0.0,0.0,0.0,0.0,0.0,0.0,,1.0,1.0,1.0,1.0,1.0,1.0,1.0,,0.0,0.0,0.0,0.0,0.0,0.0,0.0,,0.0,0.0,0.0,0.0,0.0,0.0,0.0,,0.0,0.0,0.0,0.0,0.0,0.0,0.0,,3.0,3.0,3.0,3.0,3.0,3.0,3.0
2017,Kożuchów,51.745447,15.594335,1320,1650,12.822,1.53,1,,,,,,,,227.172,151.243,151.243,151.243,151.243,151.243,151.243,,0.0,0.0,0.0,0.0,0.0,0.0,0.0,,0.0,0.0,0.0,0.0,0.0,0.0,0.0,,0.0,0.0,0.0,0.0,0.0,0.0,0.0,,,,,,,,,,0.0,0.0,0.0,0.0,0.0,0.0,0.0,,0.0,0.0,0.0,0.0,0.0,0.0,0.0,,0.0,0.0,0.0,0.0,0.0,0.0,0.0,,0.0,0.0,0.0,0.0,0.0,0.0,0.0,,0.0,0.0,0.0,0.0,0.0,0.0,0.0,,2.0,2.0,2.0,2.0,2.0,2.0,2.0
2710,Dobre Miasto,53.986802,20.397187,1329,1650,68.929,1.908,0,,,,,,,,451.741,399.536,399.536,399.536,399.536,315.115,315.115,,0.0,0.0,0.0,0.0,0.0,0.0,0.0,,0.0,0.0,0.0,0.0,0.0,0.0,0.0,,0.0,0.0,0.0,0.0,0.0,0.0,0.0,,,,,,,,,,0.0,0.0,0.0,0.0,0.0,0.0,0.0,,0.0,0.0,0.0,0.0,0.0,0.0,0.0,,0.0,0.0,0.0,0.0,0.0,0.0,0.0,,0.0,0.0,0.0,0.0,0.0,0.0,0.0,,0.0,0.0,0.0,0.0,0.0,0.0,0.0,,1.0,1.0,1.0,1.0,1.0,1.0,1.0
2791,Hanau,50.13654,8.917454,1303,1650,6.296,0.311,1,,1000.0,1000.0,1000.0,1000.0,2000.0,,17.023,17.023,17.023,17.023,17.023,17.023,17.023,,7.0,7.0,7.0,7.0,7.0,9.0,9.0,,10.0,10.0,10.0,10.0,10.0,12.0,12.0,,0.0,0.0,0.0,0.0,0.0,0.0,0.0,,,,,,,,,,0.0,0.0,0.0,0.0,0.0,0.0,0.0,,0.0,0.0,0.0,0.0,0.0,0.0,0.0,,0.0,0.0,0.0,0.0,0.0,0.0,0.0,,0.0,0.0,0.0,0.0,0.0,0.0,0.0,,0.0,0.0,0.0,0.0,0.0,0.0,0.0,,2.0,2.0,2.0,2.0,2.0,2.0,2.0
3074,Hirschberg,51.429855,8.276224,1308,1650,48.568,0.97,1,,,,,,,,19.758,19.758,19.758,19.758,19.758,19.758,19.758,,3.0,3.0,5.0,6.0,8.0,12.0,12.0,,33.0,39.0,44.0,49.0,51.0,63.0,64.0,,0.0,0.0,0.0,0.0,0.0,0.0,0.0,,,,,,,,,,0.0,0.0,0.0,0.0,0.0,0.0,0.0,,0.0,0.0,0.0,0.0,0.0,0.0,0.0,,0.0,0.0,0.0,0.0,0.0,0.0,0.0,,0.0,0.0,0.0,0.0,0.0,0.0,0.0,,0.0,0.0,0.0,0.0,0.0,0.0,0.0,,2.0,2.0,2.0,2.0,2.0,2.0,2.0
4054,Kluczbork,50.972808,18.214288,1315,1650,176.084,1.023,0,,,,,,,,332.109,331.768,331.768,331.768,331.768,331.768,331.768,,0.0,0.0,0.0,0.0,0.0,0.0,0.0,,0.0,0.0,0.0,0.0,0.0,0.0,0.0,,0.0,0.0,0.0,0.0,0.0,0.0,0.0,,,,,,,,,,0.0,0.0,0.0,0.0,0.0,0.0,0.0,,0.0,0.0,0.0,0.0,0.0,0.0,0.0,,0.0,0.0,0.0,0.0,0.0,0.0,0.0,,0.0,0.0,0.0,0.0,0.0,0.0,0.0,,0.0,0.0,0.0,0.0,0.0,0.0,0.0,,1.0,1.0,1.0,1.0,1.0,1.0,1.0
4419,Lichtenau,51.616427,8.899076,1350,1650,33.507,2.278,1,,,,,,,,15.043,15.043,15.043,15.043,15.043,15.043,15.043,,9.0,14.0,16.0,18.0,20.0,28.0,28.0,,45.0,60.0,65.0,77.0,79.0,96.0,103.0,,0.0,0.0,0.0,0.0,0.0,0.0,0.0,,,,,,,,,,0.0,0.0,0.0,0.0,0.0,0.0,0.0,,0.0,0.0,0.0,0.0,0.0,0.0,0.0,,0.0,0.0,0.0,0.0,0.0,0.0,0.0,,0.0,0.0,0.0,0.0,0.0,0.0,0.0,,0.0,0.0,0.0,0.0,0.0,0.0,0.0,,2.0,2.0,2.0,2.0,2.0,2.0,2.0
4632,Lüdinghausen,51.771713,7.444688,1308,1650,11.445,0.319,1,,,,,,,,13.185,13.185,13.185,13.185,13.185,13.185,13.185,,18.0,19.0,20.0,21.0,21.0,25.0,26.0,,47.0,50.0,64.0,77.0,82.0,91.0,92.0,,0.0,0.0,0.0,0.0,0.0,0.0,0.0,,,,,,,,,,0.0,0.0,0.0,0.0,0.0,0.0,0.0,,0.0,0.0,0.0,0.0,0.0,0.0,0.0,,0.0,0.0,0.0,0.0,0.0,0.0,0.0,,0.0,0.0,0.0,0.0,0.0,0.0,0.0,,0.0,0.0,0.0,0.0,0.0,0.0,0.0,,2.0,2.0,2.0,2.0,2.0,2.0,2.0
4746,Marburg,50.808961,8.770484,1311,1650,65.078,0.093,1,,1000.0,2000.0,2000.0,2000.0,3000.0,,71.652,71.652,71.652,71.652,71.652,71.652,71.652,,0.0,0.0,0.0,0.0,0.0,0.0,0.0,,14.0,19.0,21.0,21.0,21.0,28.0,32.0,,0.0,0.0,0.0,0.0,0.0,0.0,0.0,,,,,,,,,,0.0,0.0,0.0,0.0,0.0,0.0,0.0,,0.0,0.0,0.0,0.0,0.0,0.0,0.0,,0.0,0.0,0.0,0.0,0.0,0.0,0.0,,0.0,0.0,0.0,0.0,0.0,0.0,0.0,,0.0,0.0,0.0,0.0,0.0,0.0,0.0,,2.0,2.0,2.0,2.0,2.0,2.0,2.0
3267,Hünfeld,50.673408,9.765968,1310,1650,24.339,0.255,1,,,,,,,,0.0,0.0,0.0,0.0,0.0,0.0,0.0,,14.0,15.0,15.0,15.0,15.0,20.0,25.0,,30.0,38.0,38.0,48.0,53.0,63.0,70.0,,1.0,1.0,1.0,1.0,1.0,1.0,1.0,,local,local,local,local,local,local,local,,0.0,0.0,0.0,0.0,0.0,0.0,0.0,,0.0,0.0,0.0,0.0,0.0,0.0,0.0,,0.0,0.0,0.0,0.0,0.0,0.0,0.0,,0.0,0.0,0.0,0.0,0.0,0.0,0.0,,0.0,0.0,0.0,0.0,0.0,0.0,0.0,,2.0,2.0,2.0,2.0,2.0,2.0,2.0
5093,Młynary,54.187348,19.722401,1320,1650,21.913,0.086,1,,,,,,,,402.518,363.943,363.943,363.943,363.943,269.769,269.769,,0.0,0.0,0.0,0.0,0.0,0.0,0.0,,0.0,0.0,0.0,0.0,0.0,0.0,0.0,,0.0,0.0,0.0,0.0,0.0,0.0,0.0,,,,,,,,,,0.0,0.0,0.0,0.0,0.0,0.0,0.0,,0.0,0.0,0.0,0.0,0.0,0.0,0.0,,0.0,0.0,0.0,0.0,0.0,0.0,0.0,,0.0,0.0,0.0,0.0,0.0,0.0,0.0,,0.0,0.0,0.0,0.0,0.0,0.0,0.0,,2.0,2.0,2.0,2.0,2.0,2.0,2.0
6701,Salmünster,50.276563,9.367551,1320,1650,37.054,3.879,1,,,,,,,,7.756,7.756,7.756,7.756,7.756,7.756,7.756,,5.0,5.0,5.0,5.0,5.0,7.0,7.0,,18.0,20.0,20.0,25.0,25.0,32.0,37.0,,0.0,0.0,0.0,0.0,0.0,0.0,0.0,,,,,,,,,,0.0,0.0,0.0,0.0,0.0,0.0,0.0,,0.0,0.0,0.0,0.0,0.0,0.0,0.0,,0.0,0.0,0.0,0.0,0.0,0.0,0.0,,0.0,0.0,0.0,0.0,0.0,0.0,0.0,,0.0,0.0,0.0,0.0,0.0,0.0,0.0,,2.0,2.0,2.0,2.0,2.0,2.0,2.0
7084,Sendenhorst,51.844468,7.827345,1315,1650,24.282,2.017,1,,,,,,,,18.984,18.984,18.984,15.805,15.805,15.805,15.805,,13.0,14.0,16.0,17.0,18.0,23.0,24.0,,40.0,49.0,55.0,63.0,68.0,78.0,78.0,,0.0,0.0,0.0,0.0,0.0,0.0,0.0,,,,,,,,,,0.0,0.0,0.0,0.0,0.0,0.0,0.0,,0.0,0.0,0.0,0.0,0.0,0.0,0.0,,0.0,0.0,0.0,0.0,0.0,0.0,0.0,,0.0,0.0,0.0,0.0,0.0,0.0,0.0,,0.0,0.0,0.0,0.0,0.0,0.0,0.0,,2.0,2.0,2.0,2.0,2.0,2.0,2.0
5160,Nauen,52.606647,12.876269,1305,1650,23.173,0.106,1,,1000.0,1000.0,1000.0,2000.0,2000.0,,61.614,37.201,37.201,30.581,30.581,30.581,30.581,,0.0,3.0,3.0,6.0,6.0,7.0,7.0,,4.0,9.0,9.0,15.0,19.0,31.0,37.0,,0.0,0.0,0.0,0.0,0.0,0.0,0.0,,,,,,,,,,1.0,1.0,1.0,1.0,1.0,1.0,1.0,,0.0,0.0,0.0,0.0,0.0,0.0,0.0,,0.0,0.0,0.0,0.0,0.0,0.0,0.0,,0.0,0.0,0.0,0.0,0.0,0.0,0.0,,0.0,0.0,0.0,0.0,0.0,0.0,0.0,,2.0,2.0,2.0,2.0,2.0,2.0,2.0
6658,Saalburg,50.501255,11.730537,1313,1650,97.159,0.198,1,,,,,,,,61.475,48.519,23.413,23.413,10.254,10.254,10.254,,0.0,1.0,6.0,7.0,12.0,13.0,13.0,,17.0,23.0,34.0,48.0,59.0,63.0,66.0,,0.0,0.0,0.0,0.0,0.0,0.0,0.0,,,,,,,,,,0.0,0.0,0.0,0.0,0.0,0.0,0.0,,0.0,0.0,0.0,0.0,0.0,0.0,0.0,,0.0,0.0,0.0,0.0,0.0,0.0,0.0,,0.0,0.0,0.0,0.0,0.0,0.0,0.0,,0.0,0.0,0.0,0.0,0.0,0.0,0.0,,2.0,2.0,2.0,2.0,2.0,2.0,2.0
11710,Aakirkeby,55.070333,14.920388,1346,1650,145.38,6.752,1,,,,,,,,80.365,80.365,80.365,80.365,80.365,108.055,108.055,,0.0,0.0,0.0,0.0,0.0,0.0,0.0,,1.0,1.0,1.0,1.0,1.0,0.0,0.0,,0.0,0.0,0.0,0.0,0.0,0.0,0.0,,,,,,,,,,0.0,0.0,0.0,0.0,0.0,0.0,0.0,,0.0,0.0,0.0,0.0,0.0,0.0,0.0,,0.0,0.0,0.0,0.0,0.0,0.0,0.0,,0.0,0.0,0.0,0.0,0.0,0.0,0.0,,0.0,0.0,0.0,0.0,0.0,0.0,0.0,,1.0,1.0,1.0,1.0,1.0,1.0,1.0
9987,,51.370437,10.869416,1304,1650,56.61,0.098,1,,,,,,,,8.555,8.555,8.555,8.555,8.555,8.555,8.555,,14.0,14.0,14.0,19.0,20.0,24.0,26.0,,50.0,61.0,82.0,102.0,115.0,141.0,157.0,,0.0,0.0,0.0,0.0,0.0,0.0,0.0,,,,,,,,,,0.0,0.0,0.0,0.0,0.0,0.0,0.0,,0.0,0.0,0.0,0.0,0.0,0.0,0.0,,0.0,0.0,0.0,0.0,0.0,0.0,0.0,,0.0,0.0,0.0,0.0,0.0,0.0,0.0,,0.0,0.0,0.0,0.0,0.0,0.0,0.0,,2.0,2.0,2.0,2.0,2.0,2.0,2.0
10800,Maasbommel,51.8199,5.54424,1312,1650,0.833,0.333,1,,,,,,,,18.072,17.661,10.515,10.515,10.515,10.515,10.515,,20.0,21.0,30.0,37.0,38.0,38.0,37.0,,57.0,73.0,90.0,102.0,106.0,108.0,104.0,,0.0,0.0,0.0,0.0,0.0,0.0,0.0,,,,,,,,,,0.0,0.0,0.0,0.0,0.0,0.0,0.0,,0.0,0.0,0.0,0.0,0.0,0.0,0.0,,0.0,0.0,0.0,0.0,0.0,0.0,0.0,,1.0,1.0,1.0,1.0,1.0,1.0,1.0,,1.0,1.0,1.0,1.0,1.0,1.0,1.0,,2.0,2.0,2.0,2.0,2.0,2.0,2.0
10798,Asperen,51.880084,5.113413,1314,1650,0.181,0.113,1,,,,,,,,11.824,11.824,11.824,11.824,11.824,11.824,11.824,,15.0,17.0,24.0,29.0,31.0,31.0,30.0,,51.0,65.0,81.0,92.0,96.0,97.0,93.0,,0.0,0.0,0.0,0.0,0.0,0.0,0.0,,,,,,,,,,0.0,0.0,0.0,0.0,0.0,0.0,0.0,,0.0,0.0,0.0,0.0,0.0,0.0,0.0,,0.0,0.0,0.0,0.0,0.0,0.0,0.0,,0.0,0.0,0.0,0.0,0.0,0.0,0.0,,1.0,1.0,1.0,1.0,1.0,1.0,1.0,,2.0,2.0,2.0,2.0,2.0,2.0,2.0
11550,,59.350474,26.353611,1302,1650,87.916,0.177,1,,,,,,,,162.501,162.501,162.501,162.501,143.478,122.505,120.058,,0.0,0.0,0.0,0.0,0.0,0.0,0.0,,0.0,0.0,0.0,0.0,0.0,0.0,0.0,,0.0,0.0,0.0,0.0,0.0,0.0,0.0,,,,,,,,,,0.0,0.0,0.0,0.0,0.0,0.0,0.0,,0.0,0.0,0.0,0.0,0.0,0.0,0.0,,0.0,0.0,0.0,0.0,0.0,0.0,0.0,,0.0,0.0,0.0,0.0,0.0,0.0,0.0,,0.0,0.0,0.0,0.0,0.0,0.0,0.0,,2.0,2.0,2.0,2.0,2.0,2.0,2.0
12005,,50.7207,11.344181,1326,1650,95.134,0.081,1,,,,,,,,36.167,28.737,17.693,17.693,17.693,17.693,17.693,,2.0,3.0,10.0,17.0,21.0,23.0,23.0,,32.0,38.0,54.0,70.0,84.0,95.0,103.0,,0.0,0.0,0.0,0.0,0.0,0.0,0.0,,,,,,,,,,0.0,0.0,0.0,0.0,0.0,0.0,0.0,,0.0,0.0,0.0,0.0,0.0,0.0,0.0,,0.0,0.0,0.0,0.0,0.0,0.0,0.0,,0.0,0.0,0.0,0.0,0.0,0.0,0.0,,0.0,0.0,0.0,0.0,0.0,0.0,0.0,,2.0,2.0,2.0,2.0,2.0,2.0,2.0
11997,,52.673351,12.004384,1338,1650,6.25,0.107,1,,,,,,,,14.9,14.9,14.9,14.9,14.9,12.264,12.264,,3.0,5.0,5.0,12.0,15.0,20.0,25.0,,10.0,21.0,24.0,35.0,41.0,56.0,66.0,,0.0,0.0,0.0,0.0,0.0,0.0,0.0,,,,,,,,,,0.0,0.0,0.0,0.0,0.0,0.0,0.0,,0.0,0.0,0.0,0.0,0.0,0.0,0.0,,0.0,0.0,0.0,0.0,0.0,0.0,0.0,,0.0,0.0,0.0,0.0,0.0,0.0,0.0,,0.0,0.0,0.0,0.0,0.0,0.0,0.0,,2.0,2.0,2.0,2.0,2.0,2.0,2.0
7261,Sondershausen,51.371269,10.871889,1304,1650,56.803,0.098,1,,,,,,,,8.449,8.449,8.449,8.449,8.449,8.449,8.449,,14.0,14.0,17.0,22.0,24.0,28.0,30.0,,50.0,61.0,82.0,102.0,115.0,141.0,157.0,,0.0,0.0,0.0,0.0,0.0,0.0,0.0,,,,,,,,,,0.0,0.0,0.0,0.0,0.0,0.0,0.0,,0.0,0.0,0.0,0.0,0.0,0.0,0.0,,0.0,0.0,0.0,0.0,0.0,0.0,0.0,,0.0,0.0,0.0,0.0,0.0,0.0,0.0,,0.0,0.0,0.0,0.0,0.0,0.0,0.0,,2.0,2.0,2.0,2.0,2.0,2.0,2.0
3305,Ilmenau,50.687144,10.914421,1341,1650,79.118,0.11,1,,,,,,,,31.848,31.848,31.848,31.848,17.777,17.777,17.777,,10.0,14.0,18.0,23.0,26.0,28.0,29.0,,33.0,39.0,48.0,67.0,80.0,91.0,98.0,,0.0,0.0,0.0,0.0,0.0,0.0,0.0,,,,,,,,,,0.0,0.0,0.0,0.0,0.0,1.0,1.0,,0.0,0.0,0.0,0.0,0.0,0.0,0.0,,0.0,0.0,0.0,0.0,0.0,0.0,0.0,,0.0,0.0,0.0,0.0,0.0,0.0,0.0,,0.0,0.0,0.0,0.0,0.0,0.0,0.0,,2.0,2.0,2.0,2.0,2.0,2.0,2.0
8468,Wilsum,52.526845,5.967086,1321,1650,1.405,0.165,1,,,,,,,,8.656,4.908,4.908,4.908,4.908,4.908,4.908,,13.0,28.0,33.0,40.0,42.0,43.0,40.0,,49.0,65.0,87.0,104.0,113.0,114.0,110.0,,0.0,0.0,0.0,0.0,0.0,0.0,0.0,,,,,,,,,,0.0,0.0,0.0,0.0,0.0,0.0,0.0,,0.0,0.0,0.0,0.0,0.0,0.0,0.0,,0.0,0.0,0.0,0.0,0.0,0.0,0.0,,0.0,0.0,0.0,0.0,0.0,0.0,0.0,,0.0,0.0,0.0,0.0,0.0,0.0,0.0,,2.0,2.0,2.0,2.0,2.0,2.0,2.0
11070,Malá Strana,50.088502,14.404609,1350,1650,98.104,0.28,1,,,,,,,,192.701,173.87,145.469,136.452,136.452,136.452,136.452,,0.0,0.0,0.0,0.0,0.0,0.0,0.0,,0.0,0.0,0.0,0.0,0.0,0.0,0.0,,0.0,0.0,0.0,0.0,0.0,0.0,0.0,,,,,,,,,,0.0,0.0,0.0,0.0,0.0,0.0,0.0,,1.0,1.0,1.0,1.0,1.0,1.0,1.0,,0.0,0.0,0.0,0.0,0.0,0.0,0.0,,0.0,0.0,0.0,0.0,0.0,0.0,0.0,,0.0,0.0,0.0,0.0,0.0,0.0,0.0,,3.0,3.0,3.0,3.0,3.0,3.0,3.0
12641,,51.05941,3.724315,1350,1650,0.42,0.04,1,,,,,,,,30.043,30.043,32.089,26.25,26.25,26.25,26.25,,6.0,6.0,4.0,6.0,6.0,6.0,6.0,,10.0,11.0,10.0,12.0,12.0,12.0,12.0,,0.0,0.0,0.0,0.0,0.0,0.0,0.0,,,,,,,,,,0.0,0.0,0.0,0.0,0.0,0.0,0.0,,1.0,1.0,1.0,1.0,1.0,1.0,1.0,,0.0,0.0,0.0,0.0,0.0,0.0,0.0,,0.0,0.0,0.0,0.0,0.0,0.0,0.0,,1.0,1.0,1.0,1.0,1.0,1.0,1.0,,3.0,3.0,3.0,3.0,3.0,3.0,3.0
12642,,51.054649,3.72572,1350,1650,0.19,0.074,1,,,,,,,,30.579,30.579,32.394,26.666,26.666,26.666,26.666,,6.0,6.0,4.0,6.0,6.0,6.0,6.0,,10.0,11.0,10.0,12.0,12.0,12.0,12.0,,0.0,0.0,0.0,0.0,0.0,0.0,0.0,,,,,,,,,,0.0,0.0,0.0,0.0,0.0,0.0,0.0,,1.0,1.0,1.0,1.0,1.0,1.0,1.0,,0.0,0.0,0.0,0.0,0.0,0.0,0.0,,0.0,0.0,0.0,0.0,0.0,0.0,0.0,,0.0,0.0,0.0,0.0,0.0,0.0,0.0,,3.0,3.0,3.0,3.0,3.0,3.0,3.0
11173,,51.846353,6.424295,1349,1650,2.945,0.106,1,,,,,,,,16.167,16.167,16.167,16.167,16.167,16.167,16.167,,23.0,24.0,34.0,42.0,43.0,44.0,44.0,,67.0,86.0,109.0,128.0,135.0,140.0,137.0,,0.0,0.0,0.0,0.0,0.0,0.0,0.0,,,,,,,,,,0.0,0.0,0.0,0.0,0.0,0.0,0.0,,0.0,0.0,0.0,0.0,0.0,0.0,0.0,,0.0,0.0,0.0,0.0,0.0,0.0,0.0,,0.0,0.0,0.0,0.0,0.0,0.0,0.0,,0.0,0.0,0.0,0.0,0.0,1.0,1.0,,2.0,2.0,2.0,2.0,2.0,2.0,2.0
11895,Haastrecht,52.001605,4.774255,1301,1650,0.098,0.034,1,,,,,,,,4.502,4.502,4.502,4.502,4.502,4.502,4.502,,18.0,21.0,26.0,29.0,31.0,31.0,30.0,,39.0,49.0,60.0,71.0,75.0,75.0,74.0,,0.0,0.0,0.0,0.0,0.0,0.0,0.0,,,,,,,,,,0.0,0.0,0.0,0.0,0.0,0.0,0.0,,0.0,0.0,0.0,0.0,0.0,0.0,0.0,,0.0,0.0,0.0,0.0,0.0,0.0,0.0,,0.0,0.0,0.0,0.0,0.0,0.0,0.0,,0.0,0.0,0.0,0.0,0.0,0.0,0.0,,2.0,2.0,2.0,2.0,2.0,2.0,2.0
11309,,53.092519,16.123252,1350,1650,46.936,0.106,1,,,,,,,,212.59,102.367,102.367,102.367,102.367,100.699,100.699,,0.0,0.0,0.0,0.0,0.0,0.0,0.0,,0.0,0.0,0.0,0.0,0.0,0.0,0.0,,0.0,0.0,0.0,0.0,0.0,0.0,0.0,,,,,,,,,,0.0,0.0,0.0,0.0,0.0,0.0,0.0,,0.0,0.0,0.0,0.0,0.0,0.0,0.0,,0.0,0.0,0.0,0.0,0.0,0.0,0.0,,0.0,0.0,0.0,0.0,0.0,0.0,0.0,,0.0,0.0,0.0,0.0,0.0,0.0,0.0,,2.0,2.0,2.0,2.0,2.0,2.0,2.0
11342,,53.764202,16.095731,1335,1650,112.568,0.143,1,,,,,,,,181.509,132.872,132.872,132.872,132.872,57.002,57.002,,0.0,0.0,0.0,0.0,0.0,0.0,0.0,,0.0,0.0,0.0,0.0,0.0,2.0,2.0,,0.0,0.0,0.0,0.0,0.0,0.0,0.0,,,,,,,,,,0.0,0.0,0.0,0.0,0.0,0.0,0.0,,0.0,0.0,0.0,0.0,0.0,0.0,0.0,,0.0,0.0,0.0,0.0,0.0,0.0,0.0,,0.0,0.0,0.0,0.0,0.0,0.0,0.0,,0.0,0.0,0.0,0.0,0.0,0.0,0.0,,2.0,2.0,2.0,2.0,2.0,2.0,2.0
11445,,52.493323,12.022691,1336,1420,3.097,0.186,1,,,,,,,,6.344,6.344,,,,,,,4.0,6.0,,,,,,,11.0,22.0,,,,,,,0.0,0.0,,,,,,,,,,,,,,,0.0,0.0,,,,,,,0.0,0.0,,,,,,,0.0,0.0,,,,,,,0.0,0.0,,,,,,,1.0,1.0,,,,,,,2.0,2.0,,,,,
12440,Stadtroda,50.857167,11.72709,1340,1650,65.058,2.653,1,,,,,,,,21.913,12.545,12.545,12.545,12.545,12.545,12.545,,4.0,6.0,15.0,23.0,25.0,27.0,27.0,,32.0,42.0,58.0,73.0,85.0,94.0,98.0,,0.0,0.0,0.0,0.0,0.0,0.0,0.0,,,,,,,,,,0.0,0.0,0.0,0.0,0.0,0.0,0.0,,0.0,0.0,0.0,0.0,0.0,0.0,0.0,,0.0,0.0,0.0,0.0,0.0,0.0,0.0,,0.0,0.0,0.0,0.0,0.0,0.0,0.0,,0.0,0.0,0.0,0.0,0.0,0.0,0.0,,2.0,2.0,2.0,2.0,2.0,2.0,2.0
11512,,53.312547,12.242717,1332,1650,42.566,0.098,1,,,,,,,,53.119,53.119,53.119,53.119,53.119,29.15,29.15,,0.0,0.0,0.0,0.0,0.0,2.0,2.0,,6.0,13.0,16.0,17.0,19.0,30.0,35.0,,0.0,0.0,0.0,0.0,0.0,0.0,0.0,,,,,,,,,,0.0,0.0,0.0,0.0,0.0,0.0,0.0,,0.0,0.0,0.0,0.0,0.0,0.0,0.0,,0.0,0.0,0.0,0.0,0.0,0.0,0.0,,0.0,0.0,0.0,0.0,0.0,0.0,0.0,,0.0,0.0,0.0,0.0,0.0,0.0,0.0,,2.0,2.0,2.0,2.0,2.0,2.0,2.0
5970,Plaue (Gera),50.778657,10.897783,1335,1650,71.391,3.489,1,,,,,,,,23.982,23.982,23.982,23.982,23.615,23.615,23.615,,16.0,18.0,22.0,27.0,31.0,33.0,34.0,,33.0,39.0,51.0,70.0,84.0,97.0,104.0,,0.0,0.0,0.0,0.0,0.0,0.0,0.0,,,,,,,,,,1.0,1.0,1.0,1.0,1.0,1.0,1.0,,0.0,0.0,0.0,0.0,0.0,0.0,0.0,,0.0,0.0,0.0,0.0,0.0,0.0,0.0,,0.0,0.0,0.0,0.0,0.0,0.0,0.0,,0.0,0.0,0.0,0.0,0.0,0.0,0.0,,2.0,2.0,2.0,2.0,2.0,2.0,2.0
11551,,59.338249,26.359374,1302,1650,87.239,0.523,1,,,,,,,,163.614,163.614,163.614,163.614,144.662,123.898,121.309,,0.0,0.0,0.0,0.0,0.0,0.0,0.0,,0.0,0.0,0.0,0.0,0.0,0.0,0.0,,0.0,0.0,0.0,0.0,0.0,0.0,0.0,,,,,,,,,,0.0,0.0,0.0,0.0,0.0,0.0,0.0,,0.0,0.0,0.0,0.0,0.0,0.0,0.0,,0.0,0.0,0.0,0.0,0.0,0.0,0.0,,0.0,0.0,0.0,0.0,0.0,0.0,0.0,,0.0,0.0,0.0,0.0,0.0,0.0,0.0,,2.0,2.0,2.0,2.0,2.0,2.0,2.0
11575,,51.121726,11.416061,1331,1650,59.437,0.167,0,,,,,,,,21.924,21.924,10.056,0.078,0.078,0.078,0.078,,10.0,12.0,24.0,31.0,35.0,37.0,37.0,,35.0,42.0,62.0,79.0,97.0,111.0,128.0,,0.0,0.0,0.0,0.0,0.0,0.0,0.0,,,,,,,,,,0.0,0.0,0.0,0.0,0.0,0.0,0.0,,0.0,0.0,0.0,0.0,0.0,0.0,0.0,,0.0,0.0,0.0,0.0,0.0,0.0,0.0,,0.0,0.0,0.0,0.0,0.0,0.0,0.0,,0.0,0.0,0.0,0.0,0.0,0.0,0.0,,2.0,2.0,2.0,2.0,2.0,2.0,2.0
11559,,50.717863,11.341056,1326,1650,95.506,0.136,1,,,,,,,,36.284,29.122,17.857,17.857,17.857,17.857,17.857,,2.0,3.0,10.0,17.0,21.0,23.0,23.0,,30.0,36.0,52.0,67.0,81.0,92.0,100.0,,0.0,0.0,0.0,0.0,0.0,0.0,0.0,,,,,,,,,,0.0,0.0,0.0,0.0,0.0,0.0,0.0,,0.0,0.0,0.0,0.0,0.0,0.0,0.0,,0.0,0.0,1.0,1.0,0.0,0.0,0.0,,0.0,0.0,0.0,0.0,0.0,0.0,0.0,,0.0,0.0,0.0,0.0,0.0,0.0,0.0,,2.0,2.0,2.0,2.0,2.0,2.0,2.0
11769,,54.188734,19.724884,1320,1650,22.088,0.112,1,,,,,,,,402.609,364.147,364.147,364.147,364.147,269.927,269.927,,0.0,0.0,0.0,0.0,0.0,0.0,0.0,,0.0,0.0,0.0,0.0,0.0,0.0,0.0,,0.0,0.0,0.0,0.0,0.0,0.0,0.0,,,,,,,,,,0.0,0.0,0.0,0.0,0.0,0.0,0.0,,0.0,0.0,0.0,0.0,0.0,0.0,0.0,,0.0,0.0,0.0,0.0,0.0,0.0,0.0,,0.0,0.0,0.0,0.0,0.0,0.0,0.0,,0.0,0.0,0.0,0.0,0.0,0.0,0.0,,2.0,2.0,2.0,2.0,2.0,2.0,2.0
11642,Schweinitz (Jessen),51.792555,13.025952,1350,1650,18.83,0.367,1,,,,,,,,67.534,56.49,56.49,56.49,26.108,22.412,22.412,,0.0,0.0,0.0,0.0,4.0,7.0,9.0,,4.0,13.0,18.0,27.0,36.0,46.0,53.0,,0.0,0.0,0.0,0.0,0.0,0.0,0.0,,,,,,,,,,0.0,0.0,0.0,0.0,1.0,1.0,1.0,,0.0,0.0,0.0,0.0,0.0,0.0,0.0,,0.0,0.0,0.0,0.0,0.0,0.0,0.0,,0.0,0.0,0.0,0.0,0.0,0.0,0.0,,0.0,0.0,0.0,0.0,0.0,0.0,0.0,,2.0,2.0,2.0,2.0,2.0,2.0,2.0
11686,,57.513111,25.3421,1323,1650,92.461,2.871,1,,,,,,,,313.203,313.203,313.203,313.203,313.203,291.98,291.98,,0.0,0.0,0.0,0.0,0.0,0.0,0.0,,0.0,0.0,0.0,0.0,0.0,0.0,0.0,,0.0,0.0,0.0,0.0,0.0,0.0,0.0,,,,,,,,,,0.0,0.0,0.0,0.0,0.0,0.0,0.0,,0.0,0.0,0.0,0.0,0.0,0.0,0.0,,0.0,0.0,0.0,0.0,0.0,0.0,0.0,,0.0,0.0,0.0,0.0,0.0,0.0,0.0,,0.0,0.0,0.0,0.0,0.0,0.0,0.0,,1.0,1.0,1.0,1.0,1.0,1.0,1.0
11846,Vianen,51.995768,5.091814,1336,1650,0.402,0.042,1,,,,,,,,10.843,10.843,10.843,10.843,10.843,10.843,10.843,,17.0,20.0,25.0,28.0,30.0,30.0,29.0,,45.0,56.0,69.0,80.0,84.0,85.0,81.0,,0.0,0.0,0.0,0.0,0.0,0.0,0.0,,,,,,,,,,0.0,0.0,0.0,0.0,0.0,0.0,0.0,,0.0,0.0,0.0,0.0,0.0,0.0,0.0,,0.0,0.0,0.0,0.0,0.0,0.0,0.0,,0.0,0.0,0.0,0.0,0.0,0.0,0.0,,0.0,0.0,0.0,0.0,0.0,0.0,0.0,,2.0,2.0,2.0,2.0,2.0,2.0,2.0
15829,,56.197101,10.675562,1319,1650,122.836,0.041,1,,,,,,,,29.186,29.186,29.186,29.186,29.186,29.186,27.019,,3.0,3.0,3.0,5.0,5.0,5.0,6.0,,8.0,9.0,11.0,13.0,14.0,17.0,28.0,,0.0,0.0,0.0,0.0,0.0,0.0,0.0,,,,,,,,,,0.0,0.0,0.0,0.0,0.0,0.0,0.0,,0.0,0.0,0.0,0.0,0.0,0.0,0.0,,0.0,0.0,0.0,0.0,0.0,0.0,0.0,,0.0,0.0,0.0,0.0,0.0,0.0,0.0,,0.0,0.0,0.0,0.0,0.0,0.0,0.0,,2.0,2.0,2.0,2.0,2.0,2.0,2.0
47,Moringen,51.698832,9.870282,1350,1650,23.583,0.226,1,,,,,,,,8.999,0.0,0.0,0.0,0.0,0.0,0.0,,17.0,24.0,27.0,36.0,36.0,43.0,48.0,,52.0,75.0,84.0,99.0,102.0,125.0,141.0,,0.0,1.0,1.0,1.0,1.0,1.0,1.0,,,local,local,local,local,local,local,,0.0,0.0,0.0,0.0,1.0,1.0,1.0,,0.0,0.0,0.0,0.0,0.0,0.0,0.0,,0.0,0.0,0.0,0.0,0.0,0.0,0.0,,0.0,0.0,0.0,0.0,0.0,0.0,0.0,,0.0,0.0,0.0,0.0,0.0,0.0,0.0,,2.0,2.0,2.0,2.0,2.0,2.0,2.0
197,Altenkirchen,50.686835,7.645567,1314,1650,29.876,0.15,1,,,,,,,,33.15,33.15,33.15,33.15,33.15,33.15,33.15,,1.0,2.0,2.0,3.0,3.0,4.0,4.0,,13.0,14.0,15.0,18.0,18.0,19.0,19.0,,0.0,0.0,0.0,0.0,0.0,0.0,0.0,,,,,,,,,,0.0,0.0,0.0,0.0,0.0,0.0,0.0,,0.0,0.0,0.0,0.0,0.0,0.0,0.0,,0.0,0.0,0.0,0.0,0.0,0.0,0.0,,0.0,0.0,0.0,0.0,0.0,0.0,0.0,,0.0,0.0,0.0,0.0,0.0,0.0,0.0,,2.0,2.0,2.0,2.0,2.0,2.0,2.0
12547,,51.920433,4.483321,1340,1650,2.339,0.075,1,,,,,,,,11.199,11.199,11.199,11.199,11.199,11.199,11.199,,13.0,14.0,14.0,15.0,17.0,17.0,16.0,,32.0,36.0,44.0,53.0,56.0,56.0,55.0,,0.0,0.0,0.0,0.0,0.0,0.0,0.0,,,,,,,,,,0.0,0.0,0.0,0.0,0.0,0.0,0.0,,0.0,0.0,0.0,0.0,0.0,0.0,0.0,,0.0,0.0,0.0,0.0,0.0,0.0,0.0,,0.0,0.0,0.0,0.0,0.0,0.0,0.0,,0.0,0.0,0.0,0.0,0.0,0.0,0.0,,2.0,2.0,2.0,2.0,2.0,2.0,2.0
257,Anholt,51.846574,6.427365,1349,1650,3.021,0.106,1,,,,,,,,16.269,16.269,16.269,16.269,16.269,16.269,16.269,,23.0,24.0,34.0,42.0,43.0,44.0,44.0,,67.0,86.0,109.0,128.0,135.0,140.0,137.0,,0.0,0.0,0.0,0.0,0.0,0.0,0.0,,,,,,,,,,0.0,0.0,0.0,1.0,1.0,1.0,1.0,,0.0,0.0,0.0,0.0,0.0,0.0,0.0,,0.0,0.0,0.0,0.0,0.0,0.0,0.0,,0.0,0.0,0.0,0.0,0.0,0.0,0.0,,0.0,0.0,0.0,0.0,0.0,0.0,0.0,,2.0,2.0,2.0,2.0,2.0,2.0,2.0
280,Appingedam,53.321987,6.856009,1327,1650,2.334,0.051,1,,,,,,,,0.0,0.0,0.0,0.0,0.0,0.0,0.0,,5.0,5.0,14.0,17.0,24.0,23.0,23.0,,15.0,23.0,38.0,48.0,57.0,60.0,62.0,,1.0,1.0,1.0,1.0,1.0,1.0,1.0,,regional,regional,regional,regional,regional,regional,regional,,0.0,0.0,0.0,0.0,0.0,0.0,0.0,,0.0,0.0,0.0,0.0,0.0,0.0,0.0,,0.0,0.0,0.0,0.0,0.0,0.0,0.0,,0.0,0.0,0.0,0.0,0.0,0.0,0.0,,0.0,0.0,0.0,0.0,0.0,0.0,0.0,,3.0,3.0,3.0,3.0,3.0,3.0,3.0
295,Arneburg,52.675187,12.005312,1338,1650,6.038,0.106,1,,,,,,,,15.111,15.111,15.111,15.111,15.111,12.439,12.439,,3.0,5.0,5.0,12.0,15.0,20.0,25.0,,10.0,21.0,24.0,35.0,41.0,56.0,66.0,,0.0,0.0,0.0,0.0,0.0,0.0,0.0,,,,,,,,,,1.0,1.0,1.0,1.0,1.0,1.0,1.0,,0.0,0.0,0.0,0.0,0.0,0.0,0.0,,0.0,0.0,0.0,0.0,0.0,0.0,0.0,,0.0,0.0,0.0,0.0,0.0,0.0,0.0,,0.0,0.0,0.0,0.0,0.0,0.0,0.0,,2.0,2.0,2.0,2.0,2.0,2.0,2.0
330,Assen,52.993888,6.563629,1350,1650,22.71,2.124,1,,,,,,,,13.872,13.872,13.872,13.872,13.872,13.872,13.872,,8.0,15.0,24.0,27.0,33.0,32.0,32.0,,30.0,46.0,64.0,81.0,94.0,96.0,93.0,,0.0,0.0,0.0,0.0,0.0,0.0,0.0,,,,,,,,,,0.0,0.0,0.0,0.0,0.0,0.0,0.0,,0.0,0.0,0.0,0.0,0.0,0.0,0.0,,0.0,0.0,0.0,0.0,0.0,0.0,0.0,,0.0,0.0,0.0,0.0,0.0,0.0,0.0,,0.0,0.0,0.0,0.0,0.0,0.0,0.0,,2.0,2.0,2.0,2.0,2.0,2.0,2.0
350,Auma,50.699549,11.900843,1331,1650,72.048,0.09,1,,,,,,,,41.604,33.601,21.808,21.808,14.928,14.928,14.928,,2.0,3.0,10.0,13.0,18.0,20.0,21.0,,13.0,21.0,37.0,48.0,60.0,64.0,68.0,,0.0,0.0,0.0,0.0,0.0,0.0,0.0,,,,,,,,,,0.0,0.0,0.0,0.0,0.0,0.0,0.0,,0.0,0.0,0.0,0.0,0.0,0.0,0.0,,0.0,0.0,0.0,0.0,0.0,0.0,0.0,,0.0,0.0,0.0,0.0,0.0,0.0,0.0,,0.0,0.0,0.0,0.0,0.0,0.0,0.0,,2.0,2.0,2.0,2.0,2.0,2.0,2.0
362,Baarn,52.212042,5.292715,1308,1650,4.362,0.173,1,,,,,,,,17.868,17.868,17.868,17.868,17.868,17.868,17.868,,15.0,19.0,25.0,29.0,32.0,32.0,31.0,,45.0,63.0,77.0,91.0,95.0,96.0,92.0,,0.0,0.0,0.0,0.0,0.0,0.0,0.0,,,,,,,,,,0.0,0.0,0.0,0.0,0.0,0.0,0.0,,0.0,0.0,0.0,0.0,0.0,0.0,0.0,,0.0,0.0,0.0,0.0,0.0,0.0,0.0,,0.0,0.0,0.0,0.0,0.0,0.0,0.0,,0.0,0.0,0.0,0.0,0.0,0.0,0.0,,2.0,2.0,2.0,2.0,2.0,2.0,2.0
446,Bartoszyce,54.251529,20.811104,1326,1650,47.332,0.336,1,,,,,,,,466.193,433.396,433.396,433.396,433.396,340.412,340.412,,0.0,0.0,0.0,0.0,0.0,0.0,0.0,,0.0,0.0,0.0,0.0,0.0,0.0,0.0,,0.0,0.0,0.0,0.0,0.0,0.0,0.0,,,,,,,,,,0.0,0.0,0.0,0.0,0.0,0.0,0.0,,0.0,0.0,0.0,0.0,0.0,0.0,0.0,,0.0,0.0,0.0,0.0,0.0,0.0,0.0,,0.0,0.0,0.0,0.0,0.0,0.0,0.0,,0.0,0.0,0.0,0.0,0.0,0.0,0.0,,2.0,2.0,2.0,2.0,2.0,2.0,2.0
473,Baunach,49.985809,10.851712,1328,1650,120.904,0.109,1,,,,,,,,49.721,30.539,30.539,30.539,30.539,30.539,30.539,,1.0,3.0,3.0,3.0,3.0,3.0,3.0,,8.0,12.0,16.0,21.0,25.0,32.0,33.0,,0.0,0.0,0.0,0.0,0.0,0.0,0.0,,,,,,,,,,0.0,0.0,0.0,0.0,0.0,0.0,0.0,,0.0,0.0,0.0,0.0,0.0,0.0,0.0,,0.0,0.0,0.0,0.0,0.0,0.0,0.0,,0.0,0.0,0.0,0.0,0.0,0.0,0.0,,0.0,0.0,0.0,0.0,0.0,0.0,0.0,,2.0,2.0,2.0,2.0,2.0,2.0,2.0
494,Beelitz,52.233148,12.977821,1307,1650,21.742,1.617,1,,,,,,,,76.421,43.074,43.074,35.14,16.801,16.801,16.801,,0.0,3.0,3.0,6.0,7.0,10.0,10.0,,4.0,11.0,11.0,18.0,25.0,40.0,50.0,,0.0,0.0,0.0,0.0,0.0,0.0,0.0,,,,,,,,,,0.0,0.0,1.0,1.0,1.0,1.0,1.0,,0.0,0.0,0.0,0.0,0.0,0.0,0.0,,0.0,0.0,0.0,0.0,0.0,0.0,0.0,,0.0,0.0,0.0,0.0,0.0,0.0,0.0,,0.0,0.0,0.0,0.0,0.0,0.0,0.0,,2.0,2.0,2.0,2.0,2.0,2.0,2.0
1411,Iława,53.597928,19.559106,1305,1650,51.265,2.148,1,,,,,,,,408.91,336.576,336.576,336.576,336.576,268.775,268.775,,0.0,0.0,0.0,0.0,0.0,0.0,0.0,,0.0,0.0,0.0,0.0,0.0,0.0,0.0,,0.0,0.0,0.0,0.0,0.0,0.0,0.0,,,,,,,,,,0.0,0.0,0.0,0.0,0.0,0.0,0.0,,0.0,0.0,0.0,0.0,0.0,0.0,0.0,,0.0,0.0,0.0,0.0,0.0,0.0,0.0,,0.0,0.0,0.0,0.0,0.0,0.0,0.0,,0.0,0.0,0.0,0.0,0.0,0.0,0.0,,1.0,1.0,1.0,1.0,1.0,1.0,1.0
1441,Dillenburg,50.739142,8.287189,1344,1650,63.153,2.317,1,,,,,,,,75.305,75.305,75.305,75.305,75.305,75.305,75.305,,0.0,0.0,0.0,0.0,0.0,0.0,0.0,,9.0,10.0,12.0,13.0,13.0,16.0,16.0,,0.0,0.0,0.0,0.0,0.0,0.0,0.0,,,,,,,,,,0.0,0.0,0.0,0.0,0.0,0.0,0.0,,0.0,0.0,0.0,0.0,0.0,0.0,0.0,,0.0,0.0,0.0,0.0,0.0,0.0,0.0,,0.0,0.0,0.0,0.0,0.0,0.0,0.0,,0.0,0.0,0.0,0.0,0.0,0.0,0.0,,1.0,1.0,1.0,1.0,1.0,1.0,1.0
671,Billerbeck,51.977533,7.291476,1302,1650,28.17,1.644,1,,,,,,,,16.462,16.462,16.462,16.462,16.462,16.462,16.462,,12.0,13.0,15.0,18.0,20.0,24.0,25.0,,61.0,70.0,85.0,101.0,107.0,114.0,115.0,,0.0,0.0,0.0,0.0,0.0,0.0,0.0,,,,,,,,,,1.0,1.0,1.0,1.0,0.0,0.0,0.0,,0.0,0.0,0.0,0.0,0.0,0.0,0.0,,0.0,0.0,0.0,0.0,0.0,0.0,0.0,,0.0,0.0,0.0,0.0,0.0,0.0,0.0,,0.0,0.0,0.0,0.0,0.0,0.0,0.0,,2.0,2.0,2.0,2.0,2.0,2.0,2.0
809,Boalsert,53.061793,5.522715,1331,1650,0.145,1.052,1,,,,,,,,71.764,50.177,40.345,40.345,40.345,40.345,40.345,,0.0,0.0,2.0,3.0,5.0,5.0,5.0,,19.0,34.0,44.0,47.0,54.0,54.0,51.0,,0.0,0.0,0.0,0.0,0.0,0.0,0.0,,,,,,,,,,0.0,0.0,0.0,0.0,0.0,0.0,0.0,,0.0,0.0,0.0,0.0,0.0,0.0,0.0,,0.0,0.0,0.0,0.0,0.0,0.0,0.0,,0.0,0.0,0.0,0.0,0.0,0.0,0.0,,1.0,1.0,1.0,1.0,1.0,1.0,1.0,,2.0,2.0,2.0,2.0,2.0,2.0,2.0
12767,,51.90625,4.165864,1330,1650,8.868,0.225,1,,,,,,,,30.33,30.33,30.33,30.33,30.33,30.33,30.33,,4.0,6.0,7.0,7.0,8.0,8.0,8.0,,25.0,29.0,33.0,38.0,40.0,40.0,39.0,,0.0,0.0,0.0,0.0,0.0,0.0,0.0,,,,,,,,,,0.0,0.0,0.0,1.0,1.0,1.0,1.0,,1.0,1.0,1.0,1.0,1.0,1.0,1.0,,0.0,0.0,0.0,0.0,0.0,0.0,0.0,,1.0,1.0,1.0,1.0,1.0,1.0,1.0,,1.0,1.0,1.0,1.0,1.0,1.0,1.0,,3.0,3.0,3.0,3.0,3.0,3.0,3.0
991,Brielle,51.902257,4.164831,1330,1650,9.101,0.225,1,,,,,,,,30.311,30.311,30.311,30.311,30.311,30.311,30.311,,4.0,6.0,7.0,7.0,8.0,8.0,8.0,,25.0,29.0,33.0,38.0,40.0,40.0,39.0,,0.0,0.0,0.0,0.0,0.0,0.0,0.0,,,,,,,,,,0.0,0.0,0.0,0.0,0.0,0.0,0.0,,1.0,1.0,1.0,1.0,1.0,1.0,1.0,,0.0,0.0,0.0,0.0,0.0,0.0,0.0,,0.0,0.0,0.0,0.0,0.0,0.0,0.0,,0.0,0.0,0.0,0.0,0.0,0.0,0.0,,3.0,3.0,3.0,3.0,3.0,3.0,3.0
994,Wąbrzeźno,53.279902,18.946521,1331,1650,32.621,2.723,1,,,,,,,,377.438,291.619,291.619,291.619,291.619,243.035,243.035,,0.0,0.0,0.0,0.0,0.0,0.0,0.0,,0.0,0.0,0.0,0.0,0.0,0.0,0.0,,0.0,0.0,0.0,0.0,0.0,0.0,0.0,,,,,,,,,,0.0,0.0,0.0,0.0,0.0,0.0,0.0,,0.0,0.0,0.0,0.0,0.0,0.0,0.0,,0.0,0.0,0.0,0.0,0.0,0.0,0.0,,0.0,0.0,0.0,0.0,0.0,0.0,0.0,,0.0,0.0,0.0,0.0,0.0,0.0,0.0,,1.0,1.0,1.0,1.0,1.0,1.0,1.0
1035,Brüel,53.737933,11.714489,1340,1650,23.663,1.619,1,,,,,,,,23.162,23.162,23.162,23.162,23.162,8.102,8.102,,2.0,4.0,4.0,4.0,6.0,11.0,11.0,,5.0,11.0,11.0,14.0,16.0,33.0,34.0,,0.0,0.0,0.0,0.0,0.0,0.0,0.0,,,,,,,,,,0.0,0.0,0.0,0.0,0.0,0.0,0.0,,0.0,0.0,0.0,0.0,0.0,0.0,0.0,,0.0,0.0,0.0,0.0,0.0,0.0,0.0,,0.0,0.0,0.0,0.0,0.0,0.0,0.0,,0.0,0.0,0.0,0.0,0.0,0.0,0.0,,2.0,2.0,2.0,2.0,2.0,2.0,2.0
1955,Primorsk,54.728918,20.007799,1305,1650,50.434,0.085,1,,,,,,,,401.357,401.357,401.357,401.357,401.357,292.958,292.958,,0.0,0.0,0.0,0.0,0.0,0.0,0.0,,0.0,0.0,0.0,0.0,0.0,0.0,0.0,,0.0,0.0,0.0,0.0,0.0,0.0,0.0,,,,,,,,,,0.0,0.0,0.0,0.0,0.0,0.0,0.0,,0.0,0.0,0.0,0.0,0.0,0.0,0.0,,0.0,0.0,0.0,0.0,0.0,0.0,0.0,,0.0,0.0,0.0,0.0,0.0,0.0,0.0,,0.0,0.0,0.0,0.0,0.0,0.0,0.0,,2.0,2.0,2.0,2.0,2.0,2.0,2.0
10024,,53.331538,13.098139,1349,1650,52.371,0.085,1,,,,,,,,87.027,87.027,87.027,87.027,82.887,49.198,47.925,,0.0,0.0,0.0,0.0,0.0,1.0,2.0,,3.0,6.0,6.0,6.0,8.0,16.0,17.0,,0.0,0.0,0.0,0.0,0.0,0.0,0.0,,,,,,,,,,0.0,0.0,0.0,0.0,0.0,0.0,0.0,,0.0,0.0,0.0,0.0,0.0,0.0,0.0,,0.0,0.0,0.0,0.0,0.0,0.0,0.0,,0.0,0.0,0.0,0.0,0.0,0.0,0.0,,0.0,0.0,0.0,0.0,0.0,0.0,0.0,,2.0,2.0,2.0,2.0,2.0,2.0,2.0
1152,Butzbach,50.434071,8.671943,1321,1650,36.387,0.237,1,,,,,,,,35.999,35.999,35.999,35.999,35.999,35.999,35.999,,3.0,3.0,3.0,3.0,3.0,5.0,5.0,,10.0,10.0,10.0,10.0,10.0,12.0,12.0,,0.0,0.0,0.0,0.0,0.0,0.0,0.0,,,,,,,,,,1.0,1.0,1.0,1.0,1.0,1.0,1.0,,0.0,0.0,0.0,0.0,0.0,0.0,0.0,,0.0,0.0,0.0,0.0,0.0,0.0,0.0,,0.0,0.0,0.0,0.0,0.0,0.0,0.0,,0.0,0.0,0.0,0.0,0.0,0.0,0.0,,2.0,2.0,2.0,2.0,2.0,2.0,2.0
1164,Calvörde,52.396632,11.299571,1345,1650,32.964,0.237,1,,,,,,,,36.526,36.526,35.348,15.752,15.752,15.752,15.752,,6.0,7.0,10.0,14.0,14.0,23.0,28.0,,15.0,32.0,47.0,60.0,69.0,96.0,108.0,,0.0,0.0,0.0,0.0,0.0,0.0,0.0,,,,,,,,,,0.0,0.0,0.0,0.0,0.0,0.0,1.0,,0.0,0.0,0.0,0.0,0.0,0.0,0.0,,0.0,0.0,0.0,0.0,0.0,0.0,0.0,,0.0,0.0,0.0,0.0,0.0,0.0,0.0,,0.0,0.0,0.0,0.0,0.0,0.0,0.0,,2.0,2.0,2.0,2.0,2.0,2.0,2.0
2098,Gardeja,53.609649,18.942869,1328,1650,11.659,4.577,1,,,,,,,,368.69,296.933,296.933,296.933,296.933,229.386,229.386,,0.0,0.0,0.0,0.0,0.0,0.0,0.0,,0.0,0.0,0.0,0.0,0.0,0.0,0.0,,0.0,0.0,0.0,0.0,0.0,0.0,0.0,,,,,,,,,,0.0,0.0,0.0,0.0,0.0,0.0,0.0,,0.0,0.0,0.0,0.0,0.0,0.0,0.0,,0.0,0.0,0.0,0.0,0.0,0.0,0.0,,0.0,0.0,0.0,0.0,0.0,0.0,0.0,,0.0,0.0,0.0,0.0,0.0,0.0,0.0,,1.0,1.0,1.0,1.0,1.0,1.0,1.0
1238,Coburg,50.258278,10.964611,1331,1650,111.739,0.399,1,,4000.0,3000.0,2000.0,2000.0,3000.0,,25.042,10.873,10.873,10.873,10.873,10.873,10.873,,1.0,4.0,4.0,9.0,12.0,13.0,13.0,,16.0,21.0,26.0,35.0,43.0,50.0,51.0,,0.0,0.0,0.0,0.0,0.0,0.0,0.0,,,,,,,,,,0.0,0.0,0.0,1.0,1.0,1.0,1.0,,0.0,0.0,0.0,0.0,0.0,0.0,0.0,,0.0,0.0,0.0,0.0,0.0,0.0,0.0,,0.0,0.0,0.0,0.0,0.0,0.0,0.0,,0.0,0.0,0.0,0.0,0.0,0.0,0.0,,2.0,2.0,2.0,2.0,2.0,2.0,2.0
12304,,56.946622,24.104832,1350,1650,10.025,0.099,1,,,,,,,,367.512,367.512,367.512,367.512,367.512,344.677,344.677,,0.0,0.0,0.0,0.0,0.0,0.0,0.0,,0.0,0.0,0.0,0.0,0.0,0.0,0.0,,0.0,0.0,0.0,0.0,0.0,0.0,0.0,,,,,,,,,,0.0,0.0,0.0,0.0,0.0,0.0,0.0,,1.0,1.0,1.0,1.0,1.0,1.0,1.0,,0.0,0.0,0.0,0.0,0.0,0.0,0.0,,1.0,1.0,1.0,1.0,1.0,1.0,1.0,,1.0,1.0,1.0,1.0,1.0,1.0,1.0,,3.0,3.0,3.0,3.0,3.0,3.0,3.0
2202,Dąbrówno,53.43408,20.03529,1326,1650,86.126,9.323,0,,,,,,,,443.346,365.21,365.21,365.21,365.21,304.137,304.137,,0.0,0.0,0.0,0.0,0.0,0.0,0.0,,0.0,0.0,0.0,0.0,0.0,0.0,0.0,,0.0,0.0,0.0,0.0,0.0,0.0,0.0,,,,,,,,,,0.0,0.0,0.0,0.0,0.0,0.0,0.0,,0.0,0.0,0.0,0.0,0.0,0.0,0.0,,0.0,0.0,0.0,0.0,0.0,0.0,0.0,,0.0,0.0,0.0,0.0,0.0,0.0,0.0,,0.0,0.0,0.0,0.0,0.0,0.0,0.0,,1.0,1.0,1.0,1.0,1.0,1.0,1.0
1341,Dassel,51.801731,9.690711,1315,1650,19.084,1.365,1,,,,,,,,12.256,12.256,12.256,12.256,12.256,12.256,12.256,,20.0,27.0,30.0,32.0,33.0,39.0,43.0,,44.0,70.0,79.0,94.0,98.0,126.0,139.0,,0.0,0.0,0.0,0.0,0.0,0.0,0.0,,,,,,,,,,0.0,0.0,0.0,0.0,0.0,0.0,0.0,,0.0,0.0,0.0,0.0,0.0,0.0,0.0,,0.0,0.0,0.0,0.0,0.0,0.0,0.0,,0.0,0.0,0.0,0.0,0.0,0.0,0.0,,0.0,0.0,0.0,0.0,0.0,0.0,0.0,,2.0,2.0,2.0,2.0,2.0,2.0,2.0
1372,Delden,52.26266,6.712403,1333,1650,9.114,0.105,1,,,,,,,,9.546,9.546,9.546,9.546,9.546,9.546,9.546,,16.0,22.0,27.0,33.0,38.0,39.0,39.0,,63.0,79.0,100.0,117.0,123.0,128.0,126.0,,0.0,0.0,0.0,0.0,0.0,0.0,0.0,,,,,,,,,,0.0,0.0,0.0,0.0,0.0,0.0,0.0,,0.0,0.0,0.0,0.0,0.0,0.0,0.0,,0.0,0.0,0.0,0.0,0.0,0.0,0.0,,0.0,0.0,0.0,0.0,0.0,0.0,0.0,,0.0,0.0,0.0,0.0,0.0,0.0,0.0,,2.0,2.0,2.0,2.0,2.0,2.0,2.0
1413,Wałcz,53.270745,16.466665,1303,1650,77.145,0.098,1,,,,,,,,222.945,128.663,128.663,128.663,128.663,113.353,113.353,,0.0,0.0,0.0,0.0,0.0,0.0,0.0,,0.0,0.0,0.0,0.0,0.0,0.0,0.0,,0.0,0.0,0.0,0.0,0.0,0.0,0.0,,,,,,,,,,0.0,0.0,0.0,0.0,0.0,0.0,0.0,,0.0,0.0,0.0,0.0,0.0,0.0,0.0,,0.0,0.0,0.0,0.0,0.0,0.0,0.0,,0.0,0.0,0.0,0.0,0.0,0.0,0.0,,0.0,0.0,0.0,0.0,0.0,0.0,0.0,,2.0,2.0,2.0,2.0,2.0,2.0,2.0
2401,Grebenstein,51.447229,9.414328,1324,1650,14.074,1.298,1,,,,,,,,15.92,15.92,15.92,15.92,15.92,15.92,15.92,,10.0,22.0,25.0,25.0,25.0,29.0,29.0,,47.0,61.0,66.0,81.0,85.0,100.0,113.0,,0.0,0.0,0.0,0.0,0.0,0.0,0.0,,,,,,,,,,0.0,0.0,0.0,0.0,0.0,0.0,0.0,,0.0,0.0,0.0,0.0,0.0,0.0,0.0,,0.0,0.0,0.0,0.0,0.0,0.0,0.0,,0.0,0.0,0.0,0.0,0.0,0.0,0.0,,0.0,0.0,0.0,0.0,0.0,0.0,0.0,,2.0,2.0,2.0,2.0,2.0,2.0,2.0
1581,Drezdenko,52.839415,15.831273,1317,1650,14.234,0.117,1,,,,,,,,214.06,83.266,83.266,83.266,83.266,83.266,83.266,,0.0,0.0,0.0,0.0,0.0,0.0,0.0,,0.0,1.0,1.0,2.0,4.0,4.0,4.0,,0.0,0.0,0.0,0.0,0.0,0.0,0.0,,,,,,,,,,1.0,1.0,1.0,1.0,1.0,1.0,1.0,,0.0,0.0,0.0,0.0,0.0,0.0,0.0,,0.0,0.0,0.0,0.0,0.0,0.0,0.0,,0.0,0.0,0.0,0.0,0.0,0.0,0.0,,0.0,0.0,0.0,0.0,0.0,0.0,0.0,,2.0,2.0,2.0,2.0,2.0,2.0,2.0
1615,Dülmen,51.829741,7.277479,1311,1650,12.888,0.066,1,,,,,,,,0.0,0.0,0.0,0.0,0.0,0.0,0.0,,18.0,19.0,20.0,21.0,21.0,25.0,26.0,,58.0,66.0,81.0,96.0,102.0,109.0,110.0,,1.0,1.0,1.0,1.0,1.0,1.0,1.0,,local,local,local,local,local,local,local,,0.0,0.0,0.0,0.0,0.0,0.0,0.0,,0.0,0.0,0.0,0.0,0.0,0.0,0.0,,0.0,0.0,0.0,0.0,0.0,0.0,0.0,,0.0,0.0,0.0,0.0,0.0,0.0,0.0,,0.0,0.0,0.0,0.0,0.0,0.0,0.0,,2.0,2.0,2.0,2.0,2.0,2.0,2.0
1661,Ebern,50.094631,10.793512,1335,1650,115.964,1.031,1,,,,,,,,37.132,18.35,18.35,18.35,18.35,18.35,18.35,,1.0,4.0,4.0,9.0,9.0,9.0,9.0,,16.0,20.0,24.0,30.0,34.0,41.0,42.0,,0.0,0.0,0.0,0.0,0.0,0.0,0.0,,,,,,,,,,0.0,0.0,0.0,0.0,0.0,0.0,0.0,,0.0,0.0,0.0,0.0,0.0,0.0,0.0,,0.0,0.0,0.0,0.0,0.0,0.0,0.0,,0.0,0.0,0.0,0.0,0.0,0.0,0.0,,0.0,0.0,0.0,0.0,0.0,0.0,0.0,,2.0,2.0,2.0,2.0,2.0,2.0,2.0
2909,Mamonovo,54.460577,19.939247,1301,1650,48.317,4.49,1,,,,,,,,405.239,388.183,388.183,388.183,388.183,284.696,284.696,,0.0,0.0,0.0,0.0,0.0,0.0,0.0,,0.0,0.0,0.0,0.0,0.0,0.0,0.0,,0.0,0.0,0.0,0.0,0.0,0.0,0.0,,,,,,,,,,0.0,0.0,0.0,0.0,0.0,0.0,0.0,,0.0,0.0,0.0,0.0,0.0,0.0,0.0,,0.0,0.0,0.0,0.0,0.0,0.0,0.0,,0.0,0.0,0.0,0.0,0.0,0.0,0.0,,0.0,0.0,0.0,0.0,0.0,0.0,0.0,,1.0,1.0,1.0,1.0,1.0,1.0,1.0
2921,Lidzbark Warmiński,54.126201,20.580114,1308,1650,62.699,1.376,1,,,,,,,,456.894,415.07,415.07,415.07,415.07,325.838,325.838,,0.0,0.0,0.0,0.0,0.0,0.0,0.0,,0.0,0.0,0.0,0.0,0.0,0.0,0.0,,0.0,0.0,0.0,0.0,0.0,0.0,0.0,,,,,,,,,,0.0,0.0,0.0,0.0,0.0,0.0,0.0,,0.0,0.0,0.0,0.0,0.0,0.0,0.0,,0.0,0.0,0.0,0.0,0.0,0.0,0.0,,0.0,0.0,0.0,0.0,0.0,0.0,0.0,,0.0,0.0,0.0,0.0,0.0,0.0,0.0,,2.0,2.0,2.0,2.0,2.0,2.0,2.0
1828,Erkelenz,51.07998,6.316181,1326,1650,26.607,1.614,1,,,,,,,,0.0,0.0,0.0,0.0,0.0,0.0,0.0,,13.0,18.0,24.0,27.0,28.0,28.0,28.0,,32.0,38.0,49.0,56.0,57.0,59.0,59.0,,1.0,1.0,1.0,1.0,1.0,1.0,1.0,,local,local,local,local,local,local,local,,0.0,0.0,0.0,0.0,0.0,0.0,0.0,,0.0,0.0,0.0,0.0,0.0,0.0,0.0,,0.0,0.0,0.0,0.0,0.0,0.0,0.0,,0.0,0.0,0.0,0.0,0.0,0.0,0.0,,0.0,0.0,0.0,0.0,0.0,0.0,0.0,,2.0,2.0,2.0,2.0,2.0,2.0,2.0
1838,Erndtebrück,50.988728,8.256048,1344,1650,81.22,1.147,1,,,,,,,,65.76,65.76,65.76,65.76,65.76,65.76,65.76,,0.0,0.0,0.0,0.0,0.0,0.0,0.0,,9.0,16.0,18.0,20.0,22.0,27.0,27.0,,0.0,0.0,0.0,0.0,0.0,0.0,0.0,,,,,,,,,,1.0,1.0,1.0,1.0,1.0,1.0,1.0,,0.0,0.0,0.0,0.0,0.0,0.0,0.0,,0.0,0.0,0.0,0.0,0.0,0.0,0.0,,0.0,0.0,0.0,0.0,0.0,0.0,0.0,,0.0,0.0,0.0,0.0,0.0,0.0,0.0,,2.0,2.0,2.0,2.0,2.0,2.0,2.0
1896,Sokolov,50.1813,12.6401,1313,1650,122.562,1.849,0,,,,,,,,102.999,102.999,90.58,90.58,42.199,42.199,42.199,,0.0,0.0,0.0,0.0,4.0,4.0,4.0,,0.0,0.0,6.0,6.0,11.0,12.0,13.0,,0.0,0.0,0.0,0.0,0.0,0.0,0.0,,,,,,,,,,0.0,0.0,0.0,0.0,0.0,0.0,0.0,,0.0,0.0,0.0,0.0,0.0,0.0,0.0,,0.0,0.0,0.0,0.0,0.0,0.0,0.0,,0.0,0.0,0.0,0.0,0.0,0.0,0.0,,0.0,0.0,0.0,0.0,0.0,0.0,0.0,,1.0,1.0,1.0,1.0,2.0,2.0,2.0
1902,Złocieniec,53.534087,16.009115,1333,1650,86.503,0.05,1,,,,,,,,183.489,112.719,112.719,112.719,112.719,76.797,76.797,,0.0,0.0,0.0,0.0,0.0,0.0,0.0,,0.0,0.0,0.0,0.0,0.0,2.0,2.0,,0.0,0.0,0.0,0.0,0.0,0.0,0.0,,,,,,,,,,0.0,0.0,0.0,0.0,0.0,0.0,0.0,,0.0,0.0,0.0,0.0,0.0,0.0,0.0,,0.0,0.0,0.0,0.0,0.0,0.0,0.0,,0.0,0.0,0.0,0.0,0.0,0.0,0.0,,0.0,0.0,0.0,0.0,0.0,0.0,0.0,,2.0,2.0,2.0,2.0,2.0,2.0,2.0
1977,Forst,51.744112,14.647499,1346,1650,30.335,0.083,1,,,,,,,,163.486,120.748,110.878,104.045,104.045,104.045,91.21,,0.0,0.0,0.0,0.0,0.0,0.0,0.0,,0.0,0.0,0.0,0.0,0.0,0.0,2.0,,0.0,0.0,0.0,0.0,0.0,0.0,0.0,,,,,,,,,,0.0,0.0,0.0,0.0,0.0,0.0,0.0,,0.0,0.0,0.0,0.0,0.0,0.0,0.0,,0.0,0.0,0.0,0.0,0.0,0.0,0.0,,0.0,0.0,0.0,0.0,0.0,0.0,0.0,,0.0,0.0,0.0,0.0,0.0,0.0,0.0,,2.0,2.0,2.0,2.0,2.0,2.0,2.0
7877,Uebigau,51.594816,13.300347,1303,1650,17.622,1.501,1,,,,,,,,70.119,56.122,44.232,49.436,17.405,17.405,6.643,,0.0,0.0,1.0,1.0,4.0,5.0,7.0,,3.0,7.0,12.0,17.0,21.0,27.0,33.0,,0.0,0.0,0.0,0.0,0.0,0.0,0.0,,,,,,,,,,0.0,0.0,0.0,1.0,1.0,1.0,1.0,,0.0,0.0,0.0,0.0,0.0,0.0,0.0,,0.0,0.0,0.0,0.0,0.0,0.0,0.0,,0.0,0.0,0.0,0.0,0.0,0.0,0.0,,0.0,0.0,0.0,0.0,0.0,0.0,0.0,,2.0,2.0,2.0,2.0,2.0,2.0,2.0
2051,Fürstenberg (Havel),53.185262,13.145588,1318,1650,38.911,0.232,1,,,,,,,,85.744,76.203,76.203,76.203,76.203,36.752,36.752,,0.0,0.0,0.0,0.0,0.0,1.0,1.0,,2.0,5.0,5.0,8.0,9.0,14.0,15.0,,0.0,0.0,0.0,0.0,0.0,0.0,0.0,,,,,,,,,,0.0,0.0,0.0,0.0,0.0,0.0,0.0,,0.0,0.0,0.0,0.0,0.0,0.0,0.0,,0.0,0.0,0.0,0.0,0.0,0.0,0.0,,0.0,0.0,0.0,0.0,0.0,0.0,0.0,,0.0,0.0,0.0,0.0,0.0,0.0,0.0,,2.0,2.0,2.0,2.0,2.0,2.0,2.0
2159,Gent,51.05355,3.724503,1350,1650,0.309,0.074,1,,64000.0,45000.0,37000.0,31000.0,40000.0,,30.693,30.693,32.541,26.814,26.814,26.814,26.814,,4.0,4.0,2.0,4.0,4.0,4.0,4.0,,10.0,11.0,10.0,12.0,12.0,12.0,12.0,,0.0,0.0,0.0,0.0,0.0,0.0,0.0,,,,,,,,,,0.0,0.0,0.0,0.0,0.0,0.0,0.0,,1.0,1.0,1.0,1.0,1.0,1.0,1.0,,0.0,0.0,0.0,0.0,0.0,0.0,0.0,,0.0,0.0,0.0,0.0,0.0,0.0,0.0,,0.0,0.0,0.0,0.0,0.0,0.0,0.0,,3.0,3.0,3.0,3.0,3.0,3.0,3.0
2274,Kuldīga,56.970331,21.972882,1347,1650,114.063,0.139,1,,,,,,,,384.432,384.432,384.432,384.432,384.432,359.208,359.208,,0.0,0.0,0.0,0.0,0.0,0.0,0.0,,0.0,0.0,0.0,0.0,0.0,0.0,0.0,,0.0,0.0,0.0,0.0,0.0,0.0,0.0,,,,,,,,,,0.0,0.0,0.0,0.0,0.0,0.0,0.0,,0.0,0.0,0.0,0.0,0.0,0.0,0.0,,0.0,0.0,0.0,0.0,0.0,0.0,0.0,,0.0,0.0,0.0,0.0,0.0,0.0,0.0,,0.0,0.0,0.0,0.0,0.0,0.0,0.0,,2.0,2.0,2.0,2.0,2.0,2.0,2.0
18305,,51.937449,5.944526,1319,1650,1.412,0.039,1,,,,,,,,5.131,5.131,5.131,5.131,5.131,5.131,5.131,,20.0,23.0,34.0,44.0,45.0,45.0,45.0,,68.0,90.0,112.0,129.0,137.0,139.0,135.0,,0.0,0.0,0.0,0.0,0.0,0.0,0.0,,,,,,,,,,0.0,0.0,0.0,0.0,0.0,0.0,0.0,,0.0,0.0,0.0,0.0,0.0,0.0,0.0,,0.0,0.0,0.0,0.0,0.0,0.0,0.0,,0.0,0.0,0.0,0.0,0.0,0.0,0.0,,1.0,1.0,1.0,1.0,1.0,1.0,1.0,,2.0,2.0,2.0,2.0,2.0,2.0,2.0
2731,Hadamar,50.448529,8.046761,1324,1650,32.601,1.917,1,,,,,,,,58.756,58.756,58.756,58.756,58.756,58.756,58.756,,0.0,0.0,0.0,0.0,0.0,0.0,0.0,,4.0,5.0,5.0,6.0,6.0,9.0,9.0,,0.0,0.0,0.0,0.0,0.0,0.0,0.0,,,,,,,,,,0.0,0.0,0.0,1.0,1.0,1.0,1.0,,0.0,0.0,0.0,0.0,0.0,0.0,0.0,,0.0,0.0,0.0,0.0,0.0,0.0,0.0,,0.0,0.0,0.0,0.0,0.0,0.0,0.0,,0.0,0.0,0.0,0.0,0.0,0.0,0.0,,2.0,2.0,2.0,2.0,2.0,2.0,2.0
2768,Hallenberg,51.110358,8.62182,1338,1650,61.809,0.884,1,,,,,,,,62.646,55.765,55.765,55.765,55.765,55.765,55.765,,0.0,0.0,0.0,0.0,0.0,0.0,0.0,,15.0,21.0,25.0,27.0,29.0,36.0,36.0,,0.0,0.0,0.0,0.0,0.0,0.0,0.0,,,,,,,,,,0.0,0.0,0.0,0.0,0.0,0.0,0.0,,0.0,0.0,0.0,0.0,0.0,0.0,0.0,,0.0,0.0,0.0,0.0,0.0,0.0,0.0,,0.0,0.0,0.0,0.0,0.0,0.0,0.0,,0.0,0.0,0.0,0.0,0.0,0.0,0.0,,2.0,2.0,2.0,2.0,2.0,2.0,2.0
4427,Miłomłyn,53.764375,19.838043,1335,1650,53.783,2.485,1,,,,,,,,424.189,358.188,358.188,358.188,358.188,282.43,282.43,,0.0,0.0,0.0,0.0,0.0,0.0,0.0,,0.0,0.0,0.0,0.0,0.0,0.0,0.0,,0.0,0.0,0.0,0.0,0.0,0.0,0.0,,,,,,,,,,0.0,0.0,0.0,0.0,0.0,0.0,0.0,,0.0,0.0,0.0,0.0,0.0,0.0,0.0,,0.0,0.0,0.0,0.0,0.0,0.0,0.0,,0.0,0.0,0.0,0.0,0.0,0.0,0.0,,0.0,0.0,0.0,0.0,0.0,0.0,0.0,,1.0,1.0,1.0,1.0,1.0,1.0,1.0
2816,Harns,53.174886,5.415196,1317,1650,0.216,1.18,1,,1000.0,3000.0,3000.0,5000.0,9000.0,,76.85,63.752,54.238,54.238,50.363,50.363,50.363,,0.0,0.0,0.0,0.0,0.0,0.0,0.0,,15.0,25.0,34.0,37.0,42.0,42.0,39.0,,0.0,0.0,0.0,0.0,0.0,0.0,0.0,,,,,,,,,,0.0,0.0,0.0,0.0,0.0,0.0,0.0,,0.0,0.0,0.0,0.0,0.0,0.0,0.0,,0.0,0.0,0.0,0.0,0.0,0.0,0.0,,0.0,0.0,0.0,0.0,0.0,0.0,0.0,,1.0,1.0,1.0,1.0,1.0,1.0,1.0,,2.0,2.0,2.0,2.0,2.0,2.0,2.0
10532,Buttstädt,51.121325,11.416973,1331,1650,59.447,0.101,1,,,,,,,,21.849,21.849,9.993,0.0,0.0,0.0,0.0,,10.0,12.0,24.0,31.0,35.0,37.0,37.0,,35.0,42.0,62.0,79.0,97.0,111.0,128.0,,0.0,0.0,0.0,1.0,1.0,1.0,1.0,,,,,local,local,local,local,,0.0,0.0,0.0,0.0,0.0,0.0,0.0,,0.0,0.0,0.0,0.0,0.0,0.0,0.0,,0.0,0.0,0.0,0.0,0.0,0.0,0.0,,0.0,0.0,0.0,0.0,0.0,0.0,0.0,,0.0,0.0,0.0,0.0,0.0,0.0,0.0,,2.0,2.0,2.0,2.0,2.0,2.0,2.0
4875,Mengeringhausen,51.36565,8.988907,1301,1650,36.247,0.807,1,,,,,,,,36.297,17.591,17.591,17.591,17.591,17.591,17.591,,4.0,9.0,11.0,12.0,13.0,15.0,15.0,,31.0,46.0,51.0,64.0,68.0,83.0,92.0,,0.0,0.0,0.0,0.0,0.0,0.0,0.0,,,,,,,,,,0.0,0.0,0.0,0.0,0.0,0.0,0.0,,0.0,0.0,0.0,0.0,0.0,0.0,0.0,,0.0,0.0,0.0,0.0,0.0,0.0,0.0,,0.0,0.0,0.0,0.0,0.0,0.0,0.0,,0.0,0.0,0.0,0.0,0.0,0.0,0.0,,2.0,2.0,2.0,2.0,2.0,2.0,2.0
3180,Bad Homburg vor der Höhe,50.229293,8.610768,1318,1650,13.956,1.138,1,,,,,,,,14.165,14.165,14.165,14.165,14.165,14.165,14.165,,3.0,3.0,3.0,3.0,3.0,5.0,5.0,,10.0,10.0,10.0,10.0,10.0,12.0,12.0,,0.0,0.0,0.0,0.0,0.0,0.0,0.0,,,,,,,,,,0.0,0.0,0.0,0.0,0.0,0.0,0.0,,0.0,0.0,0.0,0.0,0.0,0.0,0.0,,0.0,0.0,0.0,0.0,0.0,0.0,0.0,,0.0,0.0,0.0,0.0,0.0,0.0,0.0,,0.0,0.0,0.0,0.0,0.0,0.0,0.0,,2.0,2.0,2.0,2.0,2.0,2.0,2.0
3413,Jerichow ,52.500653,12.022283,1336,1420,2.416,0.28,1,,,,,,,,5.665,5.665,,,,,,,4.0,6.0,,,,,,,11.0,22.0,,,,,,,0.0,0.0,,,,,,,,,,,,,,,0.0,0.0,,,,,,,0.0,0.0,,,,,,,0.0,0.0,,,,,,,0.0,0.0,,,,,,,0.0,0.0,,,,,,,2.0,2.0,,,,,
3422,Jessen,51.785791,12.957102,1350,1650,15.469,0.187,1,,,,,,,,63.875,52.105,52.105,52.105,25.518,24.365,24.365,,0.0,0.0,0.0,0.0,4.0,7.0,10.0,,6.0,15.0,20.0,31.0,40.0,51.0,58.0,,0.0,0.0,0.0,0.0,0.0,0.0,0.0,,,,,,,,,,0.0,0.0,0.0,0.0,1.0,1.0,1.0,,0.0,0.0,0.0,0.0,0.0,0.0,0.0,,0.0,0.0,0.0,0.0,0.0,0.0,0.0,,0.0,0.0,0.0,0.0,0.0,0.0,0.0,,0.0,0.0,0.0,0.0,0.0,0.0,0.0,,2.0,2.0,2.0,2.0,2.0,2.0,2.0
12692,Pausa,50.580706,11.995713,1350,1650,81.506,0.054,1,,,,,,,,53.122,48.114,31.1,31.1,13.043,13.043,13.043,,0.0,1.0,6.0,7.0,12.0,13.0,14.0,,11.0,17.0,28.0,38.0,49.0,53.0,55.0,,0.0,0.0,0.0,0.0,0.0,0.0,0.0,,,,,,,,,,0.0,0.0,0.0,0.0,0.0,0.0,0.0,,0.0,0.0,0.0,0.0,0.0,0.0,0.0,,0.0,0.0,0.0,0.0,0.0,0.0,0.0,,0.0,0.0,0.0,0.0,0.0,0.0,0.0,,0.0,0.0,0.0,0.0,0.0,0.0,0.0,,2.0,2.0,2.0,2.0,2.0,2.0,2.0
3500,Kalisz Pomorski ,53.297911,15.905313,1303,1650,59.382,0.092,1,,,,,,,,188.385,94.187,94.187,94.187,94.187,77.229,77.229,,0.0,0.0,0.0,0.0,0.0,0.0,0.0,,0.0,1.0,1.0,2.0,4.0,6.0,6.0,,0.0,0.0,0.0,0.0,0.0,0.0,0.0,,,,,,,,,,0.0,0.0,0.0,0.0,0.0,0.0,0.0,,1.0,1.0,1.0,1.0,1.0,1.0,1.0,,0.0,0.0,0.0,0.0,0.0,0.0,0.0,,0.0,0.0,0.0,0.0,0.0,0.0,0.0,,0.0,0.0,0.0,0.0,0.0,0.0,0.0,,3.0,3.0,3.0,3.0,3.0,3.0,3.0
12004,,50.718626,11.345068,1326,1650,95.236,0.119,1,,,,,,,,36.387,28.886,17.592,17.592,17.592,17.592,17.592,,2.0,3.0,10.0,17.0,21.0,23.0,23.0,,32.0,38.0,54.0,70.0,84.0,95.0,103.0,,0.0,0.0,0.0,0.0,0.0,0.0,0.0,,,,,,,,,,0.0,0.0,0.0,0.0,0.0,0.0,0.0,,0.0,0.0,0.0,0.0,0.0,0.0,0.0,,0.0,0.0,0.0,0.0,1.0,1.0,1.0,,0.0,0.0,0.0,0.0,0.0,0.0,0.0,,0.0,0.0,0.0,0.0,0.0,0.0,0.0,,2.0,2.0,2.0,2.0,2.0,2.0,2.0
3574,Košice,48.720509,21.257458,1347,1650,501.484,15.412,0,,,,,,,,0.0,0.0,0.0,0.0,0.0,0.0,0.0,,2.0,3.0,3.0,3.0,5.0,5.0,5.0,,2.0,3.0,3.0,3.0,5.0,5.0,5.0,,1.0,1.0,1.0,1.0,1.0,1.0,1.0,,regional,regional,regional,regional,regional,regional,regional,,1.0,1.0,1.0,1.0,1.0,1.0,1.0,,1.0,1.0,1.0,1.0,1.0,1.0,1.0,,0.0,0.0,0.0,0.0,0.0,0.0,0.0,,0.0,0.0,0.0,0.0,0.0,0.0,0.0,,0.0,0.0,0.0,0.0,0.0,0.0,0.0,,3.0,3.0,3.0,3.0,3.0,3.0,3.0
3676,Kirchhain (Hessen),50.820833,8.920158,1344,1352,55.456,0.26,1,,,,,,,,61.726,,,,,,,,0.0,,,,,,,,16.0,,,,,,,,0.0,,,,,,,,,,,,,,,,0.0,,,,,,,,0.0,,,,,,,,0.0,,,,,,,,0.0,,,,,,,,0.0,,,,,,,,2.0,,,,,,
5642,Olpe,51.029894,7.844644,1311,1650,56.33,0.783,1,,,,,,,,51.603,51.603,51.603,51.603,51.603,51.603,51.603,,0.0,0.0,0.0,0.0,0.0,0.0,0.0,,18.0,22.0,26.0,30.0,32.0,37.0,37.0,,0.0,0.0,0.0,0.0,0.0,0.0,0.0,,,,,,,,,,0.0,0.0,0.0,0.0,0.0,0.0,0.0,,0.0,0.0,0.0,0.0,0.0,0.0,0.0,,0.0,0.0,0.0,0.0,0.0,0.0,0.0,,0.0,0.0,0.0,0.0,0.0,0.0,0.0,,0.0,0.0,0.0,0.0,0.0,0.0,0.0,,2.0,2.0,2.0,2.0,2.0,2.0,2.0
3914,Königsbrück,51.263824,13.902895,1331,1650,26.828,1.217,1,,,,,,,,106.592,81.687,42.008,32.137,32.137,32.137,32.137,,0.0,0.0,1.0,1.0,1.0,1.0,3.0,,0.0,2.0,3.0,3.0,6.0,7.0,10.0,,0.0,0.0,0.0,0.0,0.0,0.0,0.0,,,,,,,,,,0.0,0.0,0.0,0.0,0.0,1.0,1.0,,0.0,0.0,0.0,0.0,0.0,0.0,0.0,,0.0,0.0,0.0,0.0,0.0,0.0,0.0,,0.0,0.0,0.0,0.0,0.0,0.0,0.0,,0.0,0.0,0.0,0.0,0.0,0.0,0.0,,2.0,2.0,2.0,2.0,2.0,2.0,2.0
3990,Köthen,51.750994,11.973732,1313,1650,15.972,0.224,1,,1000.0,1000.0,2000.0,2000.0,3000.0,,29.839,29.839,29.157,16.641,16.641,13.794,13.794,,2.0,4.0,9.0,14.0,21.0,29.0,32.0,,24.0,33.0,49.0,71.0,86.0,107.0,123.0,,0.0,0.0,0.0,0.0,0.0,0.0,0.0,,,,,,,,,,0.0,0.0,0.0,0.0,0.0,1.0,1.0,,0.0,0.0,0.0,0.0,0.0,0.0,0.0,,0.0,0.0,0.0,0.0,0.0,0.0,0.0,,0.0,0.0,0.0,0.0,0.0,0.0,0.0,,0.0,0.0,0.0,0.0,0.0,0.0,0.0,,2.0,2.0,2.0,2.0,2.0,2.0,2.0
12705,,52.045138,4.950733,1329,1650,0.1,0.06,1,,,,,,,,12.614,12.614,12.614,12.614,12.614,12.614,12.614,,17.0,20.0,25.0,28.0,30.0,30.0,29.0,,45.0,56.0,69.0,80.0,84.0,85.0,81.0,,0.0,0.0,0.0,0.0,0.0,0.0,0.0,,,,,,,,,,0.0,0.0,0.0,0.0,0.0,0.0,0.0,,0.0,0.0,0.0,0.0,0.0,0.0,0.0,,0.0,0.0,0.0,0.0,0.0,0.0,0.0,,0.0,0.0,0.0,0.0,0.0,0.0,0.0,,1.0,1.0,1.0,1.0,1.0,1.0,1.0,,2.0,2.0,2.0,2.0,2.0,2.0,2.0
4279,Lębork,54.543184,17.750255,1341,1650,61.671,0.125,1,,,,,,,,269.376,269.376,269.376,269.376,269.376,146.658,146.658,,0.0,0.0,0.0,0.0,0.0,0.0,0.0,,0.0,0.0,0.0,0.0,0.0,0.0,0.0,,0.0,0.0,0.0,0.0,0.0,0.0,0.0,,,,,,,,,,0.0,0.0,0.0,0.0,0.0,0.0,0.0,,0.0,0.0,0.0,0.0,0.0,0.0,0.0,,0.0,0.0,0.0,0.0,0.0,0.0,0.0,,0.0,0.0,0.0,0.0,0.0,0.0,0.0,,0.0,0.0,0.0,0.0,0.0,0.0,0.0,,2.0,2.0,2.0,2.0,2.0,2.0,2.0
11973,,59.376291,28.202587,1345,1650,12.181,0.068,1,,,,,,,,149.663,149.663,149.663,149.663,143.982,143.982,143.982,,0.0,0.0,0.0,0.0,0.0,0.0,0.0,,0.0,0.0,0.0,0.0,0.0,0.0,0.0,,0.0,0.0,0.0,0.0,0.0,0.0,0.0,,,,,,,,,,0.0,0.0,0.0,0.0,0.0,0.0,0.0,,0.0,0.0,0.0,0.0,0.0,0.0,0.0,,0.0,0.0,0.0,0.0,0.0,0.0,0.0,,0.0,0.0,0.0,0.0,0.0,0.0,0.0,,1.0,1.0,1.0,1.0,1.0,1.0,1.0,,2.0,2.0,2.0,2.0,2.0,2.0,2.0
4433,Lieberose,51.988255,14.300615,1302,1650,30.088,0.449,1,,,,,,,,151.141,84.699,84.699,84.699,84.699,77.914,77.914,,0.0,0.0,0.0,0.0,0.0,0.0,0.0,,0.0,3.0,3.0,3.0,5.0,8.0,10.0,,0.0,0.0,0.0,0.0,0.0,0.0,0.0,,,,,,,,,,0.0,0.0,0.0,0.0,0.0,0.0,0.0,,0.0,0.0,0.0,0.0,0.0,0.0,0.0,,0.0,0.0,0.0,0.0,0.0,0.0,0.0,,0.0,0.0,0.0,0.0,0.0,0.0,0.0,,0.0,0.0,0.0,0.0,0.0,0.0,0.0,,2.0,2.0,2.0,2.0,2.0,2.0,2.0
4475,Lingen,52.522354,7.316653,1306,1650,0.529,0.133,1,,,,,,,,0.0,0.0,0.0,0.0,0.0,0.0,0.0,,12.0,16.0,20.0,26.0,30.0,30.0,30.0,,54.0,70.0,86.0,102.0,114.0,121.0,120.0,,1.0,1.0,1.0,1.0,1.0,1.0,1.0,,local,local,local,local,local,local,local,,1.0,1.0,1.0,1.0,1.0,1.0,1.0,,0.0,0.0,0.0,0.0,0.0,0.0,0.0,,0.0,0.0,0.0,0.0,0.0,0.0,0.0,,0.0,0.0,0.0,0.0,0.0,0.0,0.0,,0.0,0.0,0.0,0.0,0.0,0.0,0.0,,2.0,2.0,2.0,2.0,2.0,2.0,2.0
4495,Lipiany,53.003211,14.969576,1302,1650,36.483,3.265,1,,,,,,,,160.559,24.626,24.626,24.626,24.626,24.626,24.626,,0.0,1.0,1.0,2.0,4.0,4.0,4.0,,0.0,1.0,1.0,2.0,4.0,5.0,5.0,,0.0,0.0,0.0,0.0,0.0,0.0,0.0,,,,,,,,,,0.0,0.0,0.0,0.0,0.0,0.0,0.0,,0.0,0.0,0.0,0.0,0.0,0.0,0.0,,0.0,0.0,0.0,0.0,0.0,0.0,0.0,,0.0,0.0,0.0,0.0,0.0,0.0,0.0,,0.0,0.0,0.0,0.0,0.0,0.0,0.0,,1.0,1.0,1.0,2.0,2.0,2.0,2.0
4775,Mirosławiec,53.341834,16.094332,1303,1650,68.669,0.146,1,,,,,,,,197.237,107.655,107.655,107.655,107.655,87.383,87.383,,0.0,0.0,0.0,0.0,0.0,0.0,0.0,,0.0,0.0,0.0,0.0,0.0,2.0,2.0,,0.0,0.0,0.0,0.0,0.0,0.0,0.0,,,,,,,,,,0.0,0.0,0.0,0.0,0.0,0.0,0.0,,0.0,0.0,0.0,0.0,0.0,0.0,0.0,,0.0,0.0,0.0,0.0,0.0,0.0,0.0,,0.0,0.0,0.0,0.0,0.0,0.0,0.0,,0.0,0.0,0.0,0.0,0.0,0.0,0.0,,2.0,2.0,2.0,2.0,2.0,2.0,2.0
4816,Mechelen,51.028057,4.479713,1350,1650,2.782,0.174,1,,10000.0,25000.0,17000.0,11000.0,15000.0,,22.193,22.193,22.193,22.193,22.193,22.193,22.193,,3.0,3.0,3.0,5.0,5.0,5.0,5.0,,20.0,21.0,20.0,22.0,22.0,22.0,22.0,,0.0,0.0,0.0,0.0,0.0,0.0,0.0,,,,,,,,,,0.0,0.0,0.0,0.0,0.0,0.0,0.0,,0.0,1.0,0.0,0.0,0.0,0.0,0.0,,0.0,0.0,0.0,0.0,0.0,0.0,0.0,,0.0,0.0,0.0,0.0,0.0,0.0,0.0,,0.0,0.0,0.0,0.0,0.0,0.0,0.0,,2.0,3.0,2.0,2.0,2.0,2.0,2.0
3616,Kemberg ,51.773539,12.635816,1346,1650,6.813,1.473,1,,,,,,,,51.491,34.9,34.9,34.9,34.9,34.9,27.609,,0.0,2.0,2.0,6.0,10.0,11.0,14.0,,9.0,20.0,30.0,41.0,55.0,72.0,84.0,,0.0,0.0,0.0,0.0,0.0,0.0,0.0,,,,,,,,,,0.0,0.0,0.0,1.0,1.0,1.0,1.0,,0.0,0.0,0.0,0.0,0.0,0.0,0.0,,0.0,0.0,0.0,0.0,0.0,0.0,0.0,,0.0,0.0,0.0,0.0,0.0,0.0,0.0,,0.0,0.0,0.0,0.0,0.0,0.0,0.0,,2.0,2.0,2.0,2.0,2.0,2.0,2.0
4914,Meyenburg (Brandenburg),53.314217,12.241767,1332,1650,42.659,0.098,1,,,,,,,,53.273,53.273,53.273,53.273,53.273,29.012,29.012,,0.0,0.0,0.0,0.0,0.0,2.0,2.0,,6.0,13.0,16.0,17.0,19.0,30.0,35.0,,0.0,0.0,0.0,0.0,0.0,0.0,0.0,,,,,,,,,,1.0,1.0,1.0,1.0,1.0,1.0,1.0,,0.0,0.0,0.0,0.0,0.0,0.0,0.0,,0.0,0.0,0.0,0.0,0.0,0.0,0.0,,0.0,0.0,0.0,0.0,0.0,0.0,0.0,,0.0,0.0,0.0,0.0,0.0,0.0,0.0,,2.0,2.0,2.0,2.0,2.0,2.0,2.0
4975,Mittenwalde,52.263991,13.536279,1307,1650,20.237,1.397,1,,,,,,,,110.566,29.615,29.615,29.615,29.615,29.615,29.615,,0.0,3.0,3.0,3.0,4.0,7.0,7.0,,0.0,5.0,5.0,8.0,15.0,19.0,21.0,,0.0,0.0,0.0,0.0,0.0,0.0,0.0,,,,,,,,,,0.0,1.0,1.0,1.0,1.0,1.0,1.0,,0.0,0.0,0.0,0.0,0.0,0.0,0.0,,0.0,0.0,0.0,0.0,0.0,0.0,0.0,,0.0,0.0,0.0,0.0,0.0,0.0,0.0,,0.0,0.0,0.0,0.0,0.0,0.0,0.0,,2.0,2.0,2.0,2.0,2.0,2.0,2.0
12517,Bad Schmiedeberg,51.687997,12.737457,1350,1650,11.077,0.203,1,,,,,,,,46.141,33.49,33.49,33.49,23.39,23.39,23.39,,2.0,4.0,4.0,6.0,10.0,11.0,16.0,,7.0,15.0,25.0,36.0,50.0,65.0,72.0,,0.0,0.0,0.0,0.0,0.0,0.0,0.0,,,,,,,,,,0.0,0.0,0.0,1.0,1.0,1.0,1.0,,0.0,0.0,0.0,0.0,0.0,0.0,0.0,,0.0,0.0,0.0,0.0,0.0,0.0,0.0,,0.0,0.0,0.0,0.0,0.0,0.0,0.0,,0.0,0.0,0.0,0.0,0.0,0.0,0.0,,2.0,2.0,2.0,2.0,2.0,2.0,2.0
5008,Moryń,52.85829,14.397971,1306,1650,19.121,3.046,1,,,,,,,,153.206,18.362,18.362,18.362,18.362,18.362,18.362,,0.0,1.0,1.0,2.0,4.0,4.0,4.0,,0.0,4.0,4.0,5.0,7.0,8.0,8.0,,0.0,0.0,0.0,0.0,0.0,0.0,0.0,,,,,,,,,,0.0,0.0,0.0,0.0,0.0,0.0,0.0,,0.0,0.0,0.0,0.0,0.0,0.0,0.0,,0.0,0.0,0.0,0.0,0.0,0.0,0.0,,0.0,0.0,0.0,0.0,0.0,0.0,0.0,,0.0,0.0,0.0,0.0,0.0,0.0,0.0,,1.0,1.0,1.0,2.0,2.0,2.0,2.0
5010,Morąg,53.91211,19.928022,1320,1650,45.411,0.091,1,,,,,,,,427.272,367.734,367.734,367.734,367.734,285.589,285.589,,0.0,0.0,0.0,0.0,0.0,0.0,0.0,,0.0,0.0,0.0,0.0,0.0,0.0,0.0,,0.0,0.0,0.0,0.0,0.0,0.0,0.0,,,,,,,,,,0.0,0.0,0.0,0.0,0.0,0.0,0.0,,0.0,0.0,0.0,0.0,0.0,0.0,0.0,,0.0,0.0,0.0,0.0,0.0,0.0,0.0,,0.0,0.0,0.0,0.0,0.0,0.0,0.0,,0.0,0.0,0.0,0.0,0.0,0.0,0.0,,2.0,2.0,2.0,2.0,2.0,2.0,2.0
5045,Montfoort,52.044918,4.949029,1329,1650,0.134,0.06,1,,,,,,,,12.73,12.73,12.73,12.73,12.73,12.73,12.73,,17.0,20.0,25.0,28.0,30.0,30.0,29.0,,45.0,56.0,69.0,80.0,84.0,85.0,81.0,,0.0,0.0,0.0,0.0,0.0,0.0,0.0,,,,,,,,,,0.0,0.0,0.0,0.0,0.0,0.0,0.0,,0.0,0.0,0.0,0.0,0.0,0.0,0.0,,0.0,0.0,0.0,0.0,0.0,0.0,0.0,,0.0,0.0,0.0,0.0,0.0,0.0,0.0,,0.0,0.0,0.0,0.0,0.0,0.0,0.0,,2.0,2.0,2.0,2.0,2.0,2.0,2.0
5127,Mylau,50.619726,12.263892,1350,1650,72.971,1.389,1,,,,,,,,48.731,48.731,42.353,42.353,16.688,16.688,16.688,,1.0,1.0,7.0,9.0,14.0,16.0,17.0,,8.0,12.0,26.0,35.0,42.0,45.0,47.0,,0.0,0.0,0.0,0.0,0.0,0.0,0.0,,,,,,,,,,0.0,0.0,0.0,0.0,0.0,0.0,0.0,,0.0,0.0,0.0,0.0,0.0,0.0,0.0,,0.0,0.0,0.0,0.0,0.0,0.0,0.0,,0.0,0.0,0.0,0.0,0.0,0.0,0.0,,0.0,0.0,0.0,0.0,0.0,0.0,0.0,,2.0,2.0,2.0,2.0,2.0,2.0,2.0
5153,Narva,59.376646,28.200066,1345,1650,12.111,0.074,1,,1000.0,1000.0,1000.0,1000.0,1000.0,,149.686,149.686,149.686,149.686,143.891,143.891,143.891,,0.0,0.0,0.0,0.0,0.0,0.0,0.0,,0.0,0.0,0.0,0.0,0.0,0.0,0.0,,0.0,0.0,0.0,0.0,0.0,0.0,0.0,,,,,,,,,,0.0,0.0,0.0,0.0,0.0,0.0,0.0,,0.0,0.0,0.0,0.0,0.0,0.0,0.0,,0.0,0.0,0.0,0.0,0.0,0.0,0.0,,0.0,0.0,0.0,0.0,0.0,0.0,0.0,,0.0,0.0,0.0,0.0,0.0,0.0,0.0,,2.0,2.0,2.0,2.0,2.0,2.0,2.0
12760,,51.92146,4.486679,1340,1650,2.49,0.02,1,,,,,,,,11.121,11.121,11.121,11.121,11.121,11.121,11.121,,13.0,14.0,14.0,15.0,17.0,17.0,16.0,,32.0,36.0,44.0,53.0,56.0,56.0,55.0,,0.0,0.0,0.0,0.0,0.0,0.0,0.0,,,,,,,,,,0.0,0.0,0.0,0.0,0.0,0.0,0.0,,0.0,0.0,0.0,0.0,0.0,0.0,0.0,,0.0,0.0,0.0,0.0,0.0,0.0,0.0,,0.0,0.0,0.0,0.0,0.0,0.0,0.0,,1.0,1.0,1.0,1.0,1.0,1.0,1.0,,2.0,2.0,2.0,2.0,2.0,2.0,2.0
5356,Niederfinow,52.833654,13.928611,1308,1573,1.615,0.038,1,,,,,,,,130.737,47.8,47.8,47.8,47.8,,,,0.0,4.0,4.0,5.0,7.0,,,,0.0,4.0,4.0,5.0,7.0,,,,0.0,0.0,0.0,0.0,0.0,,,,,,,,,,,,0.0,0.0,0.0,0.0,0.0,,,,0.0,0.0,0.0,0.0,0.0,,,,0.0,0.0,0.0,0.0,0.0,,,,0.0,0.0,0.0,0.0,0.0,,,,0.0,0.0,0.0,0.0,0.0,,,,2.0,2.0,2.0,2.0,2.0,,
5623,Oldenburg (Oldenburg),53.138916,8.214479,1345,1650,27.756,0.095,1,,2000.0,2000.0,2000.0,2000.0,3000.0,,0.0,0.0,0.0,0.0,0.0,0.0,0.0,,9.0,10.0,10.0,11.0,11.0,16.0,24.0,,27.0,29.0,36.0,46.0,55.0,69.0,78.0,,1.0,1.0,1.0,1.0,1.0,1.0,1.0,,regional,regional,regional,regional,regional,regional,regional,,1.0,1.0,1.0,1.0,1.0,1.0,1.0,,1.0,1.0,1.0,1.0,1.0,1.0,1.0,,0.0,0.0,0.0,0.0,0.0,0.0,0.0,,0.0,0.0,0.0,0.0,0.0,0.0,0.0,,0.0,0.0,0.0,0.0,0.0,0.0,0.0,,3.0,3.0,3.0,3.0,3.0,3.0,3.0
5660,Ootmarsum,52.408124,6.897136,1325,1650,10.676,0.114,1,,,,,,,,0.0,0.0,0.0,0.0,0.0,0.0,0.0,,9.0,13.0,17.0,22.0,26.0,26.0,26.0,,54.0,71.0,89.0,105.0,114.0,119.0,117.0,,1.0,1.0,1.0,1.0,1.0,1.0,1.0,,local,local,local,local,local,local,local,,0.0,0.0,0.0,0.0,0.0,0.0,0.0,,0.0,0.0,0.0,0.0,0.0,0.0,0.0,,0.0,0.0,0.0,0.0,0.0,0.0,0.0,,0.0,0.0,0.0,0.0,0.0,0.0,0.0,,0.0,0.0,0.0,0.0,0.0,0.0,0.0,,2.0,2.0,2.0,2.0,2.0,2.0,2.0
5733,Ostróda,53.702788,19.963285,1327,1650,64.093,0.089,1,,,,,,,,433.302,364.889,364.889,364.889,364.889,291.877,291.877,,0.0,0.0,0.0,0.0,0.0,0.0,0.0,,0.0,0.0,0.0,0.0,0.0,0.0,0.0,,0.0,0.0,0.0,0.0,0.0,0.0,0.0,,,,,,,,,,0.0,0.0,0.0,0.0,0.0,0.0,0.0,,0.0,0.0,0.0,0.0,0.0,0.0,0.0,,0.0,0.0,0.0,0.0,0.0,0.0,0.0,,0.0,0.0,0.0,0.0,0.0,0.0,0.0,,0.0,0.0,0.0,0.0,0.0,0.0,0.0,,2.0,2.0,2.0,2.0,2.0,2.0,2.0
5863,Peckelsheim,51.597381,9.128831,1318,1650,18.754,3.561,1,,,,,,,,26.238,12.123,12.123,12.123,12.123,12.123,12.123,,8.0,15.0,17.0,19.0,20.0,25.0,25.0,,36.0,53.0,57.0,71.0,75.0,91.0,105.0,,0.0,0.0,0.0,0.0,0.0,0.0,0.0,,,,,,,,,,0.0,0.0,0.0,0.0,0.0,0.0,0.0,,0.0,0.0,0.0,0.0,0.0,0.0,0.0,,0.0,0.0,0.0,0.0,0.0,0.0,0.0,,0.0,0.0,0.0,0.0,0.0,0.0,0.0,,0.0,0.0,0.0,0.0,0.0,0.0,0.0,,2.0,2.0,2.0,2.0,2.0,2.0,2.0
5872,Peitz,51.858397,14.411579,1301,1650,28.12,1.222,1,,,,,,,,152.049,100.37,100.37,100.37,98.086,88.613,79.984,,0.0,0.0,0.0,0.0,0.0,0.0,0.0,,0.0,0.0,0.0,0.0,1.0,4.0,6.0,,0.0,0.0,0.0,0.0,0.0,0.0,0.0,,,,,,,,,,0.0,0.0,0.0,0.0,0.0,0.0,0.0,,0.0,0.0,0.0,0.0,0.0,0.0,0.0,,0.0,0.0,0.0,0.0,0.0,0.0,0.0,,0.0,0.0,0.0,0.0,0.0,0.0,0.0,,0.0,0.0,0.0,0.0,0.0,0.0,0.0,,2.0,2.0,2.0,2.0,2.0,2.0,2.0
6039,Połczyn-Zdrój,53.76584,16.092361,1335,1650,112.443,0.143,1,,,,,,,,181.253,132.826,132.826,132.826,132.826,56.724,56.724,,0.0,0.0,0.0,0.0,0.0,0.0,0.0,,0.0,0.0,0.0,0.0,0.0,2.0,2.0,,0.0,0.0,0.0,0.0,0.0,0.0,0.0,,,,,,,,,,0.0,0.0,0.0,0.0,0.0,0.0,0.0,,0.0,0.0,0.0,0.0,0.0,0.0,0.0,,0.0,0.0,0.0,0.0,0.0,0.0,0.0,,0.0,0.0,0.0,0.0,0.0,0.0,0.0,,0.0,0.0,0.0,0.0,0.0,0.0,0.0,,2.0,2.0,2.0,2.0,2.0,2.0,2.0
6092,Praha,50.086745,14.420629,1350,1650,98.591,0.317,1,,40000.0,30000.0,42000.0,60000.0,54000.0,,193.753,174.783,146.237,137.172,137.172,137.172,137.172,,0.0,0.0,0.0,0.0,0.0,0.0,0.0,,0.0,0.0,0.0,0.0,0.0,0.0,0.0,,0.0,0.0,0.0,0.0,0.0,0.0,0.0,,,,,,,,,,1.0,1.0,1.0,1.0,1.0,1.0,1.0,,1.0,1.0,1.0,1.0,1.0,1.0,1.0,,0.0,0.0,0.0,0.0,0.0,0.0,0.0,,0.0,0.0,0.0,0.0,0.0,0.0,0.0,,0.0,0.0,0.0,0.0,0.0,0.0,0.0,,3.0,3.0,3.0,3.0,3.0,3.0,3.0
6195,Quedlinburg,51.789323,11.141566,1327,1650,38.315,0.418,1,,2000.0,5000.0,5000.0,6000.0,7000.0,,13.29,13.29,13.29,13.29,13.29,0.0,0.0,,11.0,12.0,19.0,21.0,26.0,33.0,37.0,,42.0,58.0,75.0,100.0,112.0,139.0,154.0,,0.0,0.0,0.0,0.0,0.0,1.0,1.0,,,,,,,local,local,,0.0,0.0,0.0,0.0,0.0,0.0,0.0,,0.0,0.0,0.0,0.0,0.0,0.0,0.0,,0.0,0.0,0.0,0.0,0.0,0.0,0.0,,0.0,0.0,0.0,0.0,0.0,0.0,0.0,,0.0,0.0,0.0,0.0,0.0,0.0,0.0,,2.0,2.0,2.0,2.0,2.0,2.0,2.0
3048,Hildburghausen,50.426024,10.729165,1331,1650,87.069,0.11,1,,,,,,,,0.0,0.0,0.0,0.0,0.0,0.0,0.0,,8.0,12.0,12.0,17.0,20.0,26.0,27.0,,27.0,32.0,39.0,51.0,59.0,66.0,70.0,,1.0,1.0,1.0,1.0,1.0,1.0,1.0,,local,local,local,local,local,local,local,,0.0,0.0,0.0,0.0,1.0,1.0,1.0,,0.0,0.0,0.0,0.0,0.0,0.0,0.0,,0.0,0.0,0.0,0.0,0.0,0.0,0.0,,0.0,0.0,0.0,0.0,0.0,0.0,0.0,,0.0,0.0,0.0,0.0,0.0,0.0,0.0,,2.0,2.0,2.0,2.0,2.0,2.0,2.0
8849,Züschen,51.171829,9.228751,1322,1650,19.291,2.624,1,,,,,,,,25.039,25.039,25.039,25.039,25.039,25.039,25.039,,3.0,8.0,8.0,8.0,8.0,8.0,8.0,,37.0,49.0,54.0,63.0,67.0,83.0,91.0,,0.0,0.0,0.0,0.0,0.0,0.0,0.0,,,,,,,,,,0.0,0.0,0.0,0.0,0.0,0.0,0.0,,0.0,0.0,0.0,0.0,0.0,0.0,0.0,,0.0,0.0,0.0,0.0,0.0,0.0,0.0,,0.0,0.0,0.0,0.0,0.0,0.0,0.0,,0.0,0.0,0.0,0.0,0.0,0.0,0.0,,2.0,2.0,2.0,2.0,2.0,2.0,2.0
6373,Rzepin,52.343759,14.839404,1329,1650,18.707,0.145,1,,,,,,,,195.643,70.804,70.804,70.804,70.804,70.804,70.804,,0.0,0.0,0.0,0.0,0.0,0.0,0.0,,0.0,4.0,4.0,5.0,7.0,7.0,7.0,,0.0,0.0,0.0,0.0,0.0,0.0,0.0,,,,,,,,,,1.0,1.0,1.0,1.0,0.0,0.0,0.0,,0.0,0.0,0.0,0.0,0.0,0.0,0.0,,0.0,0.0,0.0,0.0,0.0,0.0,0.0,,0.0,0.0,0.0,0.0,0.0,0.0,0.0,,0.0,0.0,0.0,0.0,0.0,0.0,0.0,,2.0,2.0,2.0,2.0,2.0,2.0,2.0
6398,Rheine,52.278889,7.437977,1327,1650,0.213,0.073,1,,1000.0,1000.0,1000.0,2000.0,2000.0,,23.855,23.855,0.0,0.0,0.0,0.0,0.0,,15.0,15.0,18.0,23.0,25.0,28.0,29.0,,57.0,66.0,75.0,91.0,100.0,108.0,105.0,,0.0,0.0,1.0,1.0,1.0,1.0,1.0,,,,local,local,local,local,local,,0.0,0.0,0.0,0.0,0.0,0.0,0.0,,0.0,0.0,0.0,0.0,0.0,0.0,0.0,,0.0,0.0,0.0,0.0,0.0,0.0,0.0,,0.0,0.0,0.0,0.0,0.0,0.0,0.0,,0.0,0.0,0.0,0.0,0.0,0.0,0.0,,2.0,2.0,2.0,2.0,2.0,2.0,2.0
6425,Rīga,56.947979,24.106951,1350,1650,9.988,0.099,1,,7000.0,13000.0,11000.0,10000.0,12000.0,,367.362,367.362,367.362,367.362,367.362,344.528,344.528,,0.0,0.0,0.0,0.0,0.0,0.0,0.0,,0.0,0.0,0.0,0.0,0.0,0.0,0.0,,0.0,0.0,0.0,0.0,0.0,0.0,0.0,,,,,,,,,,0.0,0.0,0.0,0.0,0.0,0.0,0.0,,1.0,1.0,1.0,1.0,1.0,1.0,1.0,,0.0,0.0,0.0,0.0,0.0,0.0,0.0,,0.0,0.0,0.0,0.0,0.0,0.0,0.0,,0.0,0.0,0.0,0.0,0.0,0.0,0.0,,3.0,3.0,3.0,3.0,3.0,3.0,3.0
6525,Susz,53.718136,19.338594,1314,1650,35.417,0.304,1,,,,,,,,392.388,325.014,325.014,325.014,325.014,251.388,251.388,,0.0,0.0,0.0,0.0,0.0,0.0,0.0,,0.0,0.0,0.0,0.0,0.0,0.0,0.0,,0.0,0.0,0.0,0.0,0.0,0.0,0.0,,,,,,,,,,0.0,0.0,0.0,0.0,0.0,0.0,0.0,,0.0,0.0,0.0,0.0,0.0,0.0,0.0,,0.0,0.0,0.0,0.0,0.0,0.0,0.0,,0.0,0.0,0.0,0.0,0.0,0.0,0.0,,0.0,0.0,0.0,0.0,0.0,0.0,0.0,,2.0,2.0,2.0,2.0,2.0,2.0,2.0
6562,Rotterdam,51.920836,4.485403,1340,1650,2.442,0.058,1,,2000.0,5000.0,7000.0,19000.0,45000.0,,11.131,11.131,11.131,11.131,11.131,11.131,11.131,,13.0,14.0,14.0,15.0,17.0,17.0,16.0,,32.0,36.0,44.0,53.0,56.0,56.0,55.0,,0.0,0.0,0.0,0.0,0.0,0.0,0.0,,,,,,,,,,0.0,0.0,0.0,0.0,0.0,0.0,0.0,,0.0,0.0,0.0,0.0,0.0,0.0,0.0,,0.0,0.0,0.0,0.0,0.0,0.0,0.0,,0.0,0.0,0.0,0.0,0.0,0.0,0.0,,0.0,0.0,0.0,0.0,0.0,0.0,0.0,,2.0,2.0,2.0,2.0,2.0,2.0,2.0
12623,Werf,51.22365,4.396928,1350,1650,6.243,0.168,1,,,,,,,,0.336,0.336,0.336,0.336,0.336,0.336,0.336,,5.0,5.0,6.0,8.0,8.0,8.0,8.0,,21.0,23.0,22.0,26.0,27.0,27.0,27.0,,0.0,0.0,0.0,0.0,0.0,0.0,0.0,,,,,,,,,,1.0,1.0,1.0,1.0,1.0,1.0,1.0,,1.0,1.0,1.0,1.0,1.0,1.0,1.0,,0.0,0.0,0.0,0.0,0.0,0.0,0.0,,0.0,0.0,0.0,0.0,0.0,0.0,0.0,,1.0,1.0,1.0,1.0,1.0,1.0,1.0,,3.0,3.0,3.0,3.0,3.0,3.0,3.0
6872,Sławno,54.362853,16.678859,1311,1650,127.954,0.093,1,,,,,,,,216.378,206.857,206.857,206.857,206.857,74.557,74.557,,0.0,0.0,0.0,0.0,0.0,0.0,0.0,,0.0,0.0,0.0,0.0,0.0,1.0,1.0,,0.0,0.0,0.0,0.0,0.0,0.0,0.0,,,,,,,,,,0.0,0.0,0.0,0.0,0.0,0.0,0.0,,0.0,0.0,0.0,0.0,0.0,0.0,0.0,,0.0,0.0,0.0,0.0,0.0,0.0,0.0,,0.0,0.0,0.0,0.0,0.0,0.0,0.0,,0.0,0.0,0.0,0.0,0.0,0.0,0.0,,2.0,2.0,2.0,2.0,2.0,2.0,2.0
6887,Człuchów,53.665197,17.358116,1348,1650,82.406,0.365,1,,,,,,,,265.014,198.625,198.625,198.625,198.625,129.759,129.759,,0.0,0.0,0.0,0.0,0.0,0.0,0.0,,0.0,0.0,0.0,0.0,0.0,0.0,0.0,,0.0,0.0,0.0,0.0,0.0,0.0,0.0,,,,,,,,,,0.0,0.0,0.0,0.0,0.0,0.0,0.0,,0.0,0.0,0.0,0.0,0.0,0.0,0.0,,0.0,0.0,0.0,0.0,0.0,0.0,0.0,,0.0,0.0,0.0,0.0,0.0,0.0,0.0,,0.0,0.0,0.0,0.0,0.0,0.0,0.0,,2.0,2.0,2.0,2.0,2.0,2.0,2.0
6889,Człopa,53.090696,16.122297,1350,1650,46.747,0.106,1,,,,,,,,212.646,102.278,102.278,102.278,102.278,100.752,100.752,,0.0,0.0,0.0,0.0,0.0,0.0,0.0,,0.0,0.0,0.0,0.0,0.0,0.0,0.0,,0.0,0.0,0.0,0.0,0.0,0.0,0.0,,,,,,,,,,0.0,0.0,0.0,0.0,0.0,0.0,0.0,,0.0,0.0,0.0,0.0,0.0,0.0,0.0,,0.0,0.0,0.0,0.0,0.0,0.0,0.0,,0.0,0.0,0.0,0.0,0.0,0.0,0.0,,0.0,0.0,0.0,0.0,0.0,0.0,0.0,,2.0,2.0,2.0,2.0,2.0,2.0,2.0
6954,Schöningen,52.139273,10.967816,1346,1650,19.197,2.142,1,,,,,,,,16.143,16.143,16.143,16.143,16.143,16.143,16.143,,7.0,11.0,18.0,20.0,22.0,35.0,38.0,,28.0,54.0,70.0,84.0,93.0,123.0,138.0,,0.0,0.0,0.0,0.0,0.0,0.0,0.0,,,,,,,,,,0.0,0.0,0.0,0.0,0.0,0.0,0.0,,0.0,0.0,0.0,0.0,0.0,0.0,0.0,,0.0,0.0,0.0,0.0,0.0,0.0,0.0,,0.0,0.0,0.0,0.0,0.0,0.0,0.0,,0.0,0.0,0.0,0.0,0.0,0.0,0.0,,2.0,2.0,2.0,2.0,2.0,2.0,2.0
7026,Świebodzin,52.249836,15.532497,1319,1650,36.856,0.16,1,,,,,,,,239.567,101.105,101.105,101.105,101.105,101.105,101.105,,0.0,0.0,0.0,0.0,0.0,0.0,0.0,,0.0,0.0,0.0,0.0,0.0,0.0,0.0,,0.0,0.0,0.0,0.0,0.0,0.0,0.0,,,,,,,,,,0.0,0.0,0.0,0.0,0.0,0.0,0.0,,0.0,0.0,0.0,0.0,0.0,0.0,0.0,,0.0,0.0,0.0,0.0,0.0,0.0,0.0,,0.0,0.0,0.0,0.0,0.0,0.0,0.0,,0.0,0.0,0.0,0.0,0.0,0.0,0.0,,2.0,2.0,2.0,2.0,2.0,2.0,2.0
5683,Orlamünde,50.774793,11.517798,1344,1650,82.002,1.256,1,,,,,,,,33.865,17.756,10.525,10.525,10.525,10.525,10.525,,3.0,5.0,12.0,19.0,20.0,21.0,21.0,,32.0,40.0,56.0,72.0,86.0,100.0,104.0,,0.0,0.0,0.0,0.0,0.0,0.0,0.0,,,,,,,,,,0.0,0.0,0.0,1.0,1.0,1.0,1.0,,0.0,0.0,0.0,0.0,0.0,0.0,0.0,,0.0,0.0,0.0,0.0,0.0,0.0,0.0,,0.0,0.0,0.0,0.0,0.0,0.0,0.0,,0.0,0.0,0.0,0.0,0.0,0.0,0.0,,2.0,2.0,2.0,2.0,2.0,2.0,2.0
7220,Snits,53.032128,5.661122,1317,1650,0.168,0.168,1,,2000.0,3000.0,3000.0,3000.0,4000.0,,63.857,40.93,31.432,31.432,31.432,31.432,31.432,,0.0,3.0,5.0,6.0,8.0,8.0,8.0,,19.0,34.0,44.0,47.0,54.0,54.0,51.0,,0.0,0.0,0.0,0.0,0.0,0.0,0.0,,,,,,,,,,0.0,0.0,0.0,0.0,0.0,0.0,0.0,,0.0,0.0,0.0,0.0,1.0,1.0,1.0,,0.0,0.0,0.0,0.0,0.0,0.0,0.0,,0.0,0.0,0.0,0.0,0.0,0.0,0.0,,1.0,1.0,1.0,1.0,1.0,1.0,1.0,,2.0,2.0,2.0,2.0,3.0,3.0,3.0
11875,Potsdam,52.395737,13.061349,1345,1650,9.087,0.112,1,,1000.0,1000.0,1000.0,1000.0,1000.0,,75.606,27.11,27.11,27.11,27.11,27.11,27.11,,0.0,3.0,3.0,6.0,7.0,10.0,10.0,,3.0,8.0,8.0,14.0,20.0,32.0,40.0,,0.0,0.0,0.0,0.0,0.0,0.0,0.0,,,,,,,,,,0.0,1.0,1.0,1.0,1.0,1.0,1.0,,0.0,0.0,0.0,0.0,0.0,0.0,0.0,,0.0,0.0,0.0,0.0,0.0,0.0,0.0,,0.0,0.0,0.0,0.0,0.0,0.0,0.0,,0.0,0.0,0.0,0.0,0.0,0.0,0.0,,2.0,2.0,2.0,2.0,2.0,2.0,2.0
7322,Stadthagen,52.323768,9.205827,1344,1650,16.532,2.735,1,,,,,,,,7.924,7.924,7.924,7.924,7.924,7.924,7.924,,11.0,16.0,15.0,18.0,17.0,25.0,28.0,,43.0,66.0,72.0,83.0,87.0,108.0,117.0,,0.0,0.0,0.0,0.0,0.0,0.0,0.0,,,,,,,,,,0.0,0.0,0.0,0.0,0.0,0.0,0.0,,0.0,0.0,0.0,0.0,0.0,0.0,0.0,,0.0,0.0,0.0,0.0,0.0,0.0,0.0,,0.0,0.0,0.0,0.0,0.0,0.0,0.0,,0.0,0.0,0.0,0.0,0.0,0.0,0.0,,2.0,2.0,2.0,2.0,2.0,2.0,2.0
3924,Königstein im Taunus,50.183159,8.463517,1313,1650,13.989,0.873,1,,,,,,,,17.556,17.556,17.556,17.556,17.556,17.556,17.556,,2.0,2.0,2.0,2.0,2.0,2.0,2.0,,7.0,7.0,7.0,7.0,7.0,9.0,9.0,,0.0,0.0,0.0,0.0,0.0,0.0,0.0,,,,,,,,,,0.0,0.0,0.0,0.0,0.0,0.0,0.0,,0.0,0.0,0.0,0.0,0.0,0.0,0.0,,0.0,0.0,0.0,0.0,0.0,0.0,0.0,,0.0,0.0,0.0,0.0,0.0,0.0,0.0,,0.0,0.0,0.0,0.0,0.0,0.0,0.0,,2.0,2.0,2.0,2.0,2.0,2.0,2.0
7396,Steinheim am Main,50.107311,8.915722,1320,1650,4.218,0.059,1,,,,,,,,16.658,16.658,16.658,16.658,16.658,16.658,16.658,,7.0,7.0,7.0,7.0,7.0,9.0,9.0,,10.0,10.0,10.0,10.0,10.0,12.0,12.0,,0.0,0.0,0.0,0.0,0.0,0.0,0.0,,,,,,,,,,1.0,1.0,1.0,1.0,1.0,1.0,1.0,,0.0,0.0,0.0,0.0,0.0,0.0,0.0,,0.0,0.0,0.0,0.0,0.0,0.0,0.0,,0.0,0.0,0.0,0.0,0.0,0.0,0.0,,0.0,0.0,0.0,0.0,0.0,0.0,0.0,,2.0,2.0,2.0,2.0,2.0,2.0,2.0
11877,Lange Brücke,52.393723,13.061355,1345,1650,9.276,0.112,1,,,,,,,,75.657,27.224,27.224,27.224,27.224,27.224,27.224,,0.0,3.0,3.0,6.0,7.0,10.0,10.0,,3.0,8.0,8.0,14.0,20.0,32.0,40.0,,0.0,0.0,0.0,0.0,0.0,0.0,0.0,,,,,,,,,,0.0,0.0,0.0,0.0,0.0,0.0,0.0,,0.0,0.0,0.0,0.0,0.0,0.0,0.0,,0.0,0.0,1.0,1.0,1.0,1.0,1.0,,1.0,1.0,0.0,0.0,0.0,0.0,0.0,,1.0,1.0,1.0,1.0,1.0,1.0,1.0,,2.0,2.0,2.0,2.0,2.0,2.0,2.0
7485,Strelitz-Alt,53.331209,13.095646,1349,1650,52.54,0.085,1,,,,,,,,87.098,87.098,87.098,87.098,82.818,49.099,48.057,,0.0,0.0,0.0,0.0,0.0,1.0,2.0,,3.0,6.0,6.0,6.0,8.0,16.0,17.0,,0.0,0.0,0.0,0.0,0.0,0.0,0.0,,,,,,,,,,0.0,0.0,0.0,0.0,0.0,0.0,0.0,,0.0,0.0,0.0,0.0,0.0,0.0,0.0,,0.0,0.0,0.0,0.0,0.0,0.0,0.0,,0.0,0.0,0.0,0.0,0.0,0.0,0.0,,0.0,0.0,0.0,0.0,0.0,0.0,0.0,,2.0,2.0,2.0,2.0,2.0,2.0,2.0
12437,Sonneberg,50.369273,11.176186,1317,1650,117.011,0.788,1,,,,,,,,32.308,28.628,28.628,28.628,28.628,28.628,28.628,,1.0,4.0,8.0,10.0,13.0,15.0,15.0,,18.0,24.0,31.0,43.0,52.0,59.0,60.0,,0.0,0.0,0.0,0.0,0.0,0.0,0.0,,,,,,,,,,0.0,0.0,0.0,0.0,0.0,0.0,0.0,,0.0,0.0,0.0,0.0,0.0,0.0,0.0,,0.0,0.0,0.0,0.0,0.0,0.0,0.0,,0.0,0.0,0.0,0.0,0.0,0.0,0.0,,0.0,0.0,0.0,0.0,0.0,0.0,0.0,,2.0,2.0,2.0,2.0,2.0,2.0,2.0
7643,Czaplinek,53.560472,16.231774,1334,1650,94.52,0.205,1,,,,,,,,196.327,126.731,126.731,126.731,126.731,80.801,80.801,,0.0,0.0,0.0,0.0,0.0,0.0,0.0,,0.0,0.0,0.0,0.0,0.0,2.0,2.0,,0.0,0.0,0.0,0.0,0.0,0.0,0.0,,,,,,,,,,0.0,0.0,0.0,0.0,0.0,0.0,0.0,,0.0,0.0,0.0,0.0,0.0,0.0,0.0,,0.0,0.0,0.0,0.0,0.0,0.0,0.0,,0.0,0.0,0.0,0.0,0.0,0.0,0.0,,0.0,0.0,0.0,0.0,0.0,0.0,0.0,,2.0,2.0,2.0,2.0,2.0,2.0,2.0
7654,Eembrugge,52.226448,5.31223,1336,1527,2.719,0.016,1,,,,,,,,19.948,19.948,19.948,19.948,,,,,15.0,19.0,25.0,29.0,,,,,45.0,63.0,77.0,91.0,,,,,0.0,0.0,0.0,0.0,,,,,,,,,,,,,0.0,0.0,0.0,0.0,,,,,0.0,0.0,0.0,0.0,,,,,0.0,0.0,0.0,0.0,,,,,0.0,0.0,0.0,0.0,,,,,0.0,0.0,0.0,0.0,,,,,2.0,2.0,2.0,2.0,,,
7682,Themar,50.503677,10.614011,1317,1650,75.397,1.046,1,,,,,,,,11.874,11.874,11.874,11.874,11.874,11.874,11.874,,8.0,12.0,12.0,17.0,20.0,26.0,27.0,,27.0,32.0,39.0,51.0,58.0,65.0,71.0,,0.0,0.0,0.0,0.0,0.0,0.0,0.0,,,,,,,,,,0.0,0.0,0.0,0.0,0.0,0.0,0.0,,0.0,0.0,0.0,0.0,0.0,0.0,0.0,,0.0,0.0,0.0,0.0,0.0,0.0,0.0,,0.0,0.0,0.0,0.0,0.0,0.0,0.0,,0.0,0.0,0.0,0.0,0.0,0.0,0.0,,2.0,2.0,2.0,2.0,2.0,2.0,2.0
7811,Trzebiel,51.634157,14.818976,1301,1650,42.274,0.097,1,,,,,,,,172.382,137.754,115.436,107.217,107.217,107.217,101.0,,0.0,0.0,0.0,0.0,0.0,0.0,0.0,,0.0,0.0,0.0,0.0,0.0,0.0,0.0,,0.0,0.0,0.0,0.0,0.0,0.0,0.0,,,,,,,,,,0.0,0.0,0.0,0.0,0.0,0.0,0.0,,0.0,0.0,0.0,0.0,0.0,0.0,0.0,,0.0,0.0,0.0,0.0,0.0,0.0,0.0,,0.0,0.0,0.0,0.0,0.0,0.0,0.0,,0.0,0.0,0.0,0.0,0.0,0.0,0.0,,2.0,2.0,2.0,2.0,2.0,2.0,2.0
7858,Tuczno,53.192179,16.152306,1306,1650,56.587,3.116,1,,,,,,,,208.479,106.253,106.253,106.253,106.253,97.053,97.053,,0.0,0.0,0.0,0.0,0.0,0.0,0.0,,0.0,0.0,0.0,0.0,0.0,1.0,1.0,,0.0,0.0,0.0,0.0,0.0,0.0,0.0,,,,,,,,,,0.0,0.0,0.0,0.0,0.0,0.0,0.0,,0.0,0.0,0.0,0.0,0.0,0.0,0.0,,0.0,0.0,0.0,0.0,0.0,0.0,0.0,,0.0,0.0,0.0,0.0,0.0,0.0,0.0,,0.0,0.0,0.0,0.0,0.0,0.0,0.0,,1.0,1.0,1.0,1.0,1.0,1.0,1.0
8000,Venlo,51.370573,6.169413,1343,1650,2.382,0.077,1,,1000.0,3000.0,4000.0,5000.0,6000.0,,0.0,0.0,0.0,0.0,0.0,0.0,0.0,,15.0,20.0,28.0,31.0,31.0,31.0,31.0,,57.0,66.0,84.0,98.0,100.0,102.0,102.0,,1.0,1.0,1.0,1.0,1.0,1.0,1.0,,regional,regional,regional,regional,regional,regional,regional,,1.0,1.0,1.0,1.0,1.0,1.0,1.0,,1.0,1.0,1.0,1.0,1.0,1.0,1.0,,0.0,0.0,0.0,0.0,0.0,0.0,0.0,,0.0,0.0,0.0,0.0,0.0,0.0,0.0,,0.0,0.0,0.0,0.0,0.0,0.0,0.0,,3.0,3.0,3.0,3.0,3.0,3.0,3.0
11882,,52.226232,5.311907,1336,1527,2.748,0.016,1,,,,,,,,19.916,19.916,19.916,19.916,,,,,15.0,19.0,25.0,29.0,,,,,45.0,63.0,77.0,91.0,,,,,0.0,0.0,0.0,0.0,,,,,,,,,,,,,1.0,1.0,1.0,1.0,,,,,0.0,0.0,0.0,0.0,,,,,1.0,1.0,1.0,1.0,,,,,0.0,0.0,0.0,0.0,,,,,0.0,0.0,0.0,0.0,,,,,2.0,2.0,2.0,2.0,,,
8193,Warin,53.800441,11.704208,1306,1650,24.831,3.294,1,,,,,,,,26.958,18.601,18.601,18.601,18.601,12.851,12.851,,2.0,4.0,4.0,4.0,6.0,11.0,12.0,,3.0,9.0,9.0,12.0,14.0,30.0,31.0,,0.0,0.0,0.0,0.0,0.0,0.0,0.0,,,,,,,,,,0.0,0.0,0.0,0.0,0.0,0.0,0.0,,0.0,0.0,0.0,0.0,0.0,0.0,0.0,,0.0,0.0,0.0,0.0,0.0,0.0,0.0,,0.0,0.0,0.0,0.0,0.0,0.0,0.0,,0.0,0.0,0.0,0.0,0.0,0.0,0.0,,2.0,2.0,2.0,2.0,2.0,2.0,2.0
8253,Znamensk,54.6189723,21.2330856,1336,1650,5.626,0.133,1,,,,,,,,480.786,472.254,472.254,472.254,472.254,369.383,369.383,,0.0,0.0,0.0,0.0,0.0,0.0,0.0,,0.0,0.0,0.0,0.0,0.0,0.0,0.0,,0.0,0.0,0.0,0.0,0.0,0.0,0.0,,,,,,,,,,0.0,0.0,0.0,0.0,0.0,0.0,0.0,,0.0,0.0,0.0,0.0,0.0,0.0,0.0,,0.0,0.0,0.0,0.0,0.0,0.0,0.0,,0.0,0.0,0.0,0.0,0.0,0.0,0.0,,0.0,0.0,0.0,0.0,0.0,0.0,0.0,,2.0,2.0,2.0,2.0,2.0,2.0,2.0
8301,Cēsis,57.312788,25.274698,1323,1650,72.512,6.286,1,,,,,,,,334.115,334.115,334.115,334.115,334.115,312.638,312.638,,0.0,0.0,0.0,0.0,0.0,0.0,0.0,,0.0,0.0,0.0,0.0,0.0,0.0,0.0,,0.0,0.0,0.0,0.0,0.0,0.0,0.0,,,,,,,,,,0.0,0.0,0.0,0.0,0.0,0.0,0.0,,0.0,0.0,0.0,0.0,0.0,0.0,0.0,,0.0,0.0,0.0,0.0,0.0,0.0,0.0,,0.0,0.0,0.0,0.0,0.0,0.0,0.0,,0.0,0.0,0.0,0.0,0.0,0.0,0.0,,1.0,1.0,1.0,1.0,1.0,1.0,1.0
8346,Rakvere,59.347442,26.355517,1302,1650,87.721,0.177,1,,,,,,,,162.798,162.798,162.798,162.798,143.763,122.859,120.386,,0.0,0.0,0.0,0.0,0.0,0.0,0.0,,0.0,0.0,0.0,0.0,0.0,0.0,0.0,,0.0,0.0,0.0,0.0,0.0,0.0,0.0,,,,,,,,,,0.0,0.0,0.0,0.0,0.0,0.0,0.0,,0.0,0.0,0.0,0.0,0.0,0.0,0.0,,0.0,0.0,0.0,0.0,0.0,0.0,0.0,,0.0,0.0,0.0,0.0,0.0,0.0,0.0,,0.0,0.0,0.0,0.0,0.0,0.0,0.0,,2.0,2.0,2.0,2.0,2.0,2.0,2.0
8486,Winsen (Luhe),53.36415,10.207365,1322,1650,1.154,0.087,1,,,,,,,,18.453,18.453,18.453,18.453,18.453,18.453,18.453,,6.0,6.0,8.0,13.0,16.0,20.0,20.0,,17.0,27.0,35.0,51.0,57.0,82.0,88.0,,0.0,0.0,0.0,0.0,0.0,0.0,0.0,,,,,,,,,,1.0,1.0,1.0,1.0,1.0,1.0,1.0,,0.0,0.0,0.0,0.0,0.0,0.0,0.0,,0.0,0.0,0.0,0.0,0.0,0.0,0.0,,0.0,0.0,0.0,0.0,0.0,0.0,0.0,,0.0,0.0,0.0,0.0,0.0,0.0,0.0,,2.0,2.0,2.0,2.0,2.0,2.0,2.0
4683,Lützen,51.256562,12.141446,1330,1650,16.981,0.171,1,,,,,,,,13.288,13.288,13.288,13.288,13.288,13.288,13.288,,7.0,12.0,20.0,24.0,26.0,31.0,34.0,,19.0,25.0,42.0,58.0,74.0,85.0,95.0,,0.0,0.0,0.0,0.0,0.0,0.0,0.0,,,,,,,,,,0.0,0.0,0.0,1.0,1.0,1.0,1.0,,0.0,0.0,0.0,0.0,0.0,0.0,0.0,,0.0,0.0,0.0,0.0,0.0,0.0,0.0,,0.0,0.0,0.0,0.0,0.0,0.0,0.0,,0.0,0.0,0.0,0.0,0.0,0.0,0.0,,2.0,2.0,2.0,2.0,2.0,2.0,2.0
8598,Valmiera,57.53857,25.425746,1323,1650,97.676,1.1,1,,,,,,,,311.612,311.612,311.612,311.612,311.612,290.562,290.562,,0.0,0.0,0.0,0.0,0.0,0.0,0.0,,0.0,0.0,0.0,0.0,0.0,0.0,0.0,,0.0,0.0,0.0,0.0,0.0,0.0,0.0,,,,,,,,,,0.0,0.0,0.0,0.0,0.0,0.0,0.0,,0.0,0.0,0.0,0.0,0.0,0.0,0.0,,0.0,0.0,0.0,0.0,0.0,0.0,0.0,,0.0,0.0,0.0,0.0,0.0,0.0,0.0,,0.0,0.0,0.0,0.0,0.0,0.0,0.0,,2.0,2.0,2.0,2.0,2.0,2.0,2.0
8615,Orneta,54.115411,20.130212,1312,1650,48.762,0.096,1,,,,,,,,430.118,386.603,386.603,386.603,386.603,296.624,296.624,,0.0,0.0,0.0,0.0,0.0,0.0,0.0,,0.0,0.0,0.0,0.0,0.0,0.0,0.0,,0.0,0.0,0.0,0.0,0.0,0.0,0.0,,,,,,,,,,0.0,0.0,0.0,0.0,0.0,0.0,0.0,,0.0,0.0,0.0,0.0,0.0,0.0,0.0,,0.0,0.0,0.0,0.0,0.0,0.0,0.0,,0.0,0.0,0.0,0.0,0.0,0.0,0.0,,0.0,0.0,0.0,0.0,0.0,0.0,0.0,,2.0,2.0,2.0,2.0,2.0,2.0,2.0
8630,Wriezen,52.716664,14.136035,1337,1650,6.099,0.141,1,,,,,,,,145.713,41.986,41.986,41.986,41.986,41.986,41.986,,0.0,1.0,1.0,2.0,4.0,4.0,4.0,,0.0,4.0,4.0,5.0,7.0,10.0,10.0,,0.0,0.0,0.0,0.0,0.0,0.0,0.0,,,,,,,,,,0.0,0.0,0.0,0.0,1.0,1.0,1.0,,0.0,0.0,0.0,0.0,0.0,0.0,0.0,,0.0,0.0,0.0,0.0,0.0,0.0,0.0,,0.0,0.0,0.0,0.0,0.0,0.0,0.0,,0.0,0.0,0.0,0.0,0.0,0.0,0.0,,2.0,2.0,2.0,2.0,2.0,2.0,2.0
8690,Zahna,51.912134,12.787138,1326,1650,14.356,0.371,1,,,,,,,,69.713,53.473,53.473,48.549,21.345,21.345,21.345,,0.0,0.0,0.0,3.0,6.0,9.0,10.0,,6.0,16.0,22.0,31.0,43.0,57.0,68.0,,0.0,0.0,0.0,0.0,0.0,0.0,0.0,,,,,,,,,,0.0,0.0,0.0,0.0,0.0,0.0,0.0,,0.0,0.0,0.0,0.0,0.0,0.0,0.0,,0.0,0.0,0.0,0.0,0.0,0.0,0.0,,0.0,0.0,0.0,0.0,0.0,0.0,0.0,,0.0,0.0,0.0,0.0,0.0,0.0,0.0,,2.0,2.0,2.0,2.0,2.0,2.0,2.0
8709,Sianów,54.226403,16.291627,1343,1650,151.329,0.204,1,,,,,,,,190.038,178.976,178.976,178.976,178.976,46.869,46.869,,0.0,0.0,0.0,0.0,0.0,1.0,1.0,,0.0,0.0,0.0,0.0,0.0,1.0,1.0,,0.0,0.0,0.0,0.0,0.0,0.0,0.0,,,,,,,,,,0.0,0.0,0.0,0.0,0.0,0.0,0.0,,0.0,0.0,0.0,0.0,0.0,0.0,0.0,,0.0,0.0,0.0,0.0,0.0,0.0,0.0,,0.0,0.0,0.0,0.0,0.0,0.0,0.0,,0.0,0.0,0.0,0.0,0.0,0.0,0.0,,2.0,2.0,2.0,2.0,2.0,2.0,2.0
8789,Ziesar,52.26686,12.289838,1337,1650,20.501,2.826,1,,,,,,,,37.371,17.142,17.142,17.142,17.142,17.142,17.142,,2.0,4.0,4.0,10.0,14.0,20.0,26.0,,10.0,18.0,26.0,38.0,49.0,69.0,81.0,,0.0,0.0,0.0,0.0,0.0,0.0,0.0,,,,,,,,,,0.0,0.0,0.0,0.0,0.0,0.0,0.0,,0.0,0.0,0.0,0.0,0.0,0.0,0.0,,0.0,0.0,0.0,0.0,0.0,0.0,0.0,,0.0,0.0,0.0,0.0,0.0,0.0,0.0,,0.0,0.0,0.0,0.0,0.0,0.0,0.0,,2.0,2.0,2.0,2.0,2.0,2.0,2.0
8901,Vlissingen,51.442123,3.572776,1315,1650,0.349,0.186,1,,1000.0,4000.0,4000.0,5000.0,6000.0,,6.809,6.809,6.809,6.809,6.809,6.809,6.809,,6.0,7.0,6.0,8.0,8.0,8.0,8.0,,15.0,16.0,15.0,17.0,17.0,17.0,17.0,,0.0,0.0,0.0,0.0,0.0,0.0,0.0,,,,,,,,,,1.0,1.0,1.0,1.0,1.0,1.0,1.0,,1.0,1.0,1.0,1.0,1.0,1.0,1.0,,0.0,0.0,0.0,0.0,0.0,0.0,0.0,,0.0,0.0,0.0,0.0,0.0,0.0,0.0,,1.0,1.0,1.0,1.0,1.0,1.0,1.0,,3.0,3.0,3.0,3.0,3.0,3.0,3.0
8908,Lubrza,52.30755,15.440522,1319,1615,37.372,2.211,1,,,,,,,,236.576,92.204,92.204,92.204,92.204,92.204,,,0.0,0.0,0.0,0.0,0.0,0.0,,,0.0,1.0,1.0,2.0,4.0,4.0,,,0.0,0.0,0.0,0.0,0.0,0.0,,,,,,,,,,,0.0,0.0,0.0,0.0,0.0,0.0,,,0.0,0.0,0.0,0.0,0.0,0.0,,,0.0,0.0,0.0,0.0,0.0,0.0,,,0.0,0.0,0.0,0.0,0.0,0.0,,,0.0,0.0,0.0,0.0,0.0,0.0,,,1.0,1.0,1.0,1.0,1.0,1.0,
8979,Stau,53.140241,8.217053,1345,1650,27.533,0.113,1,,,,,,,,0.226,0.226,0.226,0.226,0.226,0.226,0.226,,9.0,10.0,10.0,11.0,11.0,16.0,24.0,,27.0,29.0,36.0,46.0,55.0,69.0,78.0,,0.0,0.0,0.0,0.0,0.0,0.0,0.0,,,,,,,,,,0.0,0.0,0.0,0.0,0.0,0.0,0.0,,1.0,1.0,1.0,1.0,1.0,1.0,1.0,,0.0,0.0,0.0,0.0,0.0,0.0,0.0,,0.0,0.0,0.0,0.0,0.0,0.0,0.0,,1.0,1.0,1.0,1.0,1.0,1.0,1.0,,3.0,3.0,3.0,3.0,3.0,3.0,3.0
9040,,52.523973,7.313747,1306,1650,0.287,0.133,1,,,,,,,,0.267,0.267,0.267,0.267,0.267,0.267,0.267,,12.0,16.0,20.0,26.0,30.0,30.0,30.0,,53.0,69.0,85.0,99.0,111.0,118.0,117.0,,0.0,0.0,0.0,0.0,0.0,0.0,0.0,,,,,,,,,,0.0,0.0,0.0,0.0,0.0,0.0,0.0,,0.0,0.0,0.0,0.0,0.0,0.0,0.0,,0.0,0.0,0.0,0.0,0.0,0.0,0.0,,0.0,0.0,0.0,0.0,0.0,0.0,0.0,,1.0,1.0,1.0,1.0,1.0,1.0,1.0,,2.0,2.0,2.0,2.0,2.0,2.0,2.0
9184,,52.279832,7.440092,1327,1650,0.074,0.089,1,,,,,,,,23.874,23.874,0.178,0.178,0.178,0.178,0.178,,15.0,15.0,18.0,23.0,25.0,28.0,29.0,,57.0,66.0,75.0,91.0,100.0,108.0,105.0,,0.0,0.0,0.0,0.0,0.0,0.0,0.0,,,,,,,,,,0.0,0.0,0.0,0.0,0.0,0.0,0.0,,0.0,0.0,0.0,0.0,0.0,0.0,0.0,,0.0,0.0,0.0,0.0,0.0,0.0,0.0,,0.0,0.0,0.0,0.0,0.0,0.0,0.0,,1.0,1.0,1.0,1.0,1.0,1.0,1.0,,2.0,2.0,2.0,2.0,2.0,2.0,2.0
9338,,53.364513,10.204801,1322,1650,1.105,0.087,1,,,,,,,,18.604,18.604,18.604,18.604,18.604,18.452,18.452,,6.0,6.0,8.0,13.0,16.0,20.0,20.0,,17.0,27.0,35.0,51.0,57.0,82.0,88.0,,0.0,0.0,0.0,0.0,0.0,0.0,0.0,,,,,,,,,,0.0,0.0,0.0,0.0,0.0,0.0,0.0,,0.0,0.0,0.0,0.0,0.0,0.0,0.0,,0.0,0.0,0.0,0.0,0.0,0.0,0.0,,0.0,0.0,0.0,0.0,0.0,0.0,0.0,,1.0,1.0,1.0,1.0,1.0,1.0,1.0,,2.0,2.0,2.0,2.0,2.0,2.0,2.0
12448,Bleicherode,51.43967,10.571401,1326,1650,42.637,1.512,1,,,,,,,,16.933,16.933,16.933,16.933,16.933,14.777,14.777,,18.0,22.0,26.0,31.0,34.0,36.0,41.0,,54.0,73.0,93.0,110.0,124.0,152.0,166.0,,0.0,0.0,0.0,0.0,0.0,0.0,0.0,,,,,,,,,,0.0,0.0,0.0,0.0,0.0,0.0,0.0,,0.0,0.0,0.0,0.0,0.0,0.0,0.0,,0.0,0.0,0.0,0.0,0.0,0.0,0.0,,0.0,0.0,0.0,0.0,0.0,0.0,0.0,,0.0,0.0,0.0,0.0,0.0,0.0,0.0,,2.0,2.0,2.0,2.0,2.0,2.0,2.0
9539,Bad Münder,52.197824,9.462746,1302,1650,12.767,0.3,1,,,,,,,,12.66,12.66,12.66,12.66,12.66,12.66,12.66,,20.0,28.0,27.0,31.0,31.0,42.0,46.0,,41.0,68.0,78.0,89.0,93.0,119.0,125.0,,0.0,0.0,0.0,0.0,0.0,0.0,0.0,,,,,,,,,,0.0,0.0,0.0,0.0,0.0,0.0,0.0,,0.0,0.0,0.0,0.0,0.0,0.0,0.0,,0.0,0.0,0.0,0.0,0.0,0.0,0.0,,0.0,0.0,0.0,0.0,0.0,0.0,0.0,,0.0,0.0,0.0,0.0,0.0,0.0,0.0,,2.0,2.0,2.0,2.0,2.0,2.0,2.0
9606,,53.140346,8.212924,1345,1650,27.703,0.095,1,,,,,,,,0.19,0.19,0.19,0.19,0.19,0.19,0.19,,9.0,10.0,10.0,11.0,11.0,16.0,24.0,,27.0,29.0,36.0,46.0,55.0,69.0,78.0,,0.0,0.0,0.0,0.0,0.0,0.0,0.0,,,,,,,,,,0.0,0.0,0.0,0.0,0.0,0.0,0.0,,1.0,1.0,1.0,1.0,1.0,1.0,1.0,,0.0,0.0,0.0,0.0,0.0,0.0,0.0,,0.0,0.0,0.0,0.0,0.0,0.0,0.0,,0.0,0.0,0.0,0.0,0.0,0.0,0.0,,3.0,3.0,3.0,3.0,3.0,3.0,3.0
9613,Uslar,51.658908,9.634766,1345,1650,7.145,0.161,1,,,,,,,,21.653,13.407,5.951,5.951,5.951,5.951,5.951,,17.0,29.0,32.0,39.0,39.0,44.0,46.0,,45.0,68.0,77.0,92.0,96.0,117.0,129.0,,0.0,0.0,0.0,0.0,0.0,0.0,0.0,,,,,,,,,,0.0,0.0,0.0,0.0,0.0,0.0,0.0,,0.0,0.0,0.0,0.0,0.0,0.0,0.0,,0.0,0.0,0.0,0.0,0.0,0.0,0.0,,0.0,0.0,0.0,0.0,0.0,0.0,0.0,,0.0,0.0,0.0,0.0,0.0,0.0,0.0,,2.0,2.0,2.0,2.0,2.0,2.0,2.0
9610,Ebeltoft,56.197977,10.676933,1319,1650,122.827,0.065,1,,,,,,,,29.285,29.285,29.285,29.285,29.285,29.285,26.894,,3.0,3.0,3.0,5.0,5.0,5.0,6.0,,8.0,9.0,11.0,13.0,14.0,17.0,28.0,,0.0,0.0,0.0,0.0,0.0,0.0,0.0,,,,,,,,,,0.0,0.0,0.0,0.0,0.0,0.0,0.0,,0.0,0.0,0.0,0.0,0.0,0.0,0.0,,0.0,0.0,0.0,0.0,0.0,0.0,0.0,,0.0,0.0,0.0,0.0,0.0,0.0,0.0,,0.0,0.0,0.0,0.0,0.0,0.0,0.0,,2.0,2.0,2.0,2.0,2.0,2.0,2.0
1258,Crivitz,53.577241,11.649833,1302,1650,10.122,4.207,1,,,,,,,,16.526,16.526,16.526,16.526,16.526,0.0,0.0,,2.0,3.0,3.0,3.0,4.0,9.0,9.0,,7.0,15.0,17.0,21.0,23.0,40.0,41.0,,0.0,0.0,0.0,0.0,0.0,1.0,1.0,,,,,,,local,local,,0.0,0.0,0.0,0.0,0.0,0.0,0.0,,0.0,0.0,0.0,0.0,0.0,0.0,0.0,,0.0,0.0,0.0,0.0,0.0,0.0,0.0,,0.0,0.0,0.0,0.0,0.0,0.0,0.0,,0.0,0.0,0.0,0.0,0.0,0.0,0.0,,2.0,2.0,2.0,2.0,2.0,2.0,2.0
12520,Treffurt,51.136545,10.237005,1336,1650,10.442,2.482,1,,,,,,,,17.421,17.421,17.421,17.421,9.37,9.37,9.37,,8.0,12.0,12.0,16.0,18.0,20.0,26.0,,45.0,60.0,70.0,92.0,98.0,114.0,125.0,,0.0,0.0,0.0,0.0,0.0,0.0,0.0,,,,,,,,,,0.0,0.0,0.0,0.0,0.0,0.0,0.0,,0.0,0.0,0.0,0.0,0.0,0.0,0.0,,0.0,0.0,0.0,0.0,0.0,0.0,0.0,,0.0,0.0,0.0,0.0,0.0,0.0,0.0,,0.0,0.0,0.0,0.0,0.0,0.0,0.0,,2.0,2.0,2.0,2.0,2.0,2.0,2.0
9802,,51.828564,7.277728,1311,1650,12.759,0.066,1,,,,,,,,0.132,0.132,0.132,0.132,0.132,0.132,0.132,,18.0,19.0,20.0,21.0,21.0,25.0,26.0,,58.0,66.0,81.0,96.0,102.0,109.0,110.0,,0.0,0.0,0.0,0.0,0.0,0.0,0.0,,,,,,,,,,0.0,0.0,0.0,0.0,0.0,0.0,0.0,,0.0,0.0,0.0,0.0,0.0,0.0,0.0,,0.0,0.0,0.0,0.0,0.0,0.0,0.0,,0.0,0.0,0.0,0.0,0.0,0.0,0.0,,0.0,0.0,0.0,0.0,0.0,0.0,0.0,,2.0,2.0,2.0,2.0,2.0,2.0,2.0
9866,,51.790219,11.159213,1327,1650,37.164,0.032,1,,,,,,,,13.808,13.808,13.808,13.808,13.808,1.218,1.218,,11.0,12.0,19.0,21.0,26.0,33.0,37.0,,42.0,58.0,75.0,100.0,112.0,138.0,153.0,,0.0,0.0,0.0,0.0,0.0,0.0,0.0,,,,,,,,,,0.0,0.0,0.0,0.0,0.0,0.0,0.0,,0.0,0.0,0.0,0.0,0.0,0.0,0.0,,1.0,1.0,1.0,1.0,1.0,1.0,1.0,,0.0,0.0,0.0,0.0,0.0,0.0,0.0,,0.0,0.0,0.0,0.0,0.0,0.0,0.0,,2.0,2.0,2.0,2.0,2.0,2.0,2.0
9887,Huissen,51.937159,5.943496,1319,1650,1.431,0.039,1,,,,,,,,5.129,5.129,5.129,5.129,5.129,5.129,5.129,,20.0,23.0,34.0,44.0,45.0,45.0,45.0,,68.0,90.0,112.0,129.0,137.0,139.0,135.0,,0.0,0.0,0.0,0.0,0.0,0.0,0.0,,,,,,,,,,1.0,1.0,1.0,1.0,1.0,1.0,1.0,,0.0,0.0,0.0,0.0,0.0,0.0,0.0,,0.0,0.0,0.0,0.0,0.0,0.0,0.0,,0.0,0.0,0.0,0.0,0.0,0.0,0.0,,0.0,0.0,0.0,0.0,0.0,0.0,0.0,,2.0,2.0,2.0,2.0,2.0,2.0,2.0
10016,,52.278228,7.439831,1327,1650,0.249,0.073,1,,,,,,,,23.728,23.728,0.146,0.146,0.146,0.146,0.146,,15.0,15.0,18.0,23.0,25.0,28.0,29.0,,57.0,66.0,75.0,91.0,100.0,108.0,105.0,,0.0,0.0,0.0,0.0,0.0,0.0,0.0,,,,,,,,,,0.0,0.0,0.0,0.0,0.0,0.0,0.0,,0.0,0.0,0.0,0.0,0.0,0.0,0.0,,0.0,0.0,0.0,0.0,0.0,0.0,0.0,,0.0,0.0,0.0,0.0,0.0,0.0,0.0,,0.0,0.0,0.0,0.0,0.0,0.0,0.0,,2.0,2.0,2.0,2.0,2.0,2.0,2.0
10031,Miłakowo,54.010338,20.072091,1323,1650,48.021,6.057,1,,,,,,,,431.234,379.674,379.674,379.674,379.674,293.713,293.713,,0.0,0.0,0.0,0.0,0.0,0.0,0.0,,0.0,0.0,0.0,0.0,0.0,0.0,0.0,,0.0,0.0,0.0,0.0,0.0,0.0,0.0,,,,,,,,,,0.0,0.0,0.0,0.0,0.0,0.0,0.0,,0.0,0.0,0.0,0.0,0.0,0.0,0.0,,0.0,0.0,0.0,0.0,0.0,0.0,0.0,,0.0,0.0,0.0,0.0,0.0,0.0,0.0,,0.0,0.0,0.0,0.0,0.0,0.0,0.0,,1.0,1.0,1.0,1.0,1.0,1.0,1.0
10039,Artern,51.365128,11.291156,1346,1650,44.568,0.482,1,,,,,,,,19.005,19.005,19.005,19.005,19.005,19.005,19.005,,14.0,15.0,24.0,32.0,38.0,42.0,42.0,,35.0,44.0,64.0,86.0,100.0,118.0,136.0,,0.0,0.0,0.0,0.0,0.0,0.0,0.0,,,,,,,,,,0.0,0.0,0.0,0.0,0.0,0.0,0.0,,0.0,0.0,0.0,0.0,0.0,0.0,0.0,,0.0,0.0,0.0,0.0,0.0,0.0,0.0,,0.0,0.0,0.0,0.0,0.0,0.0,0.0,,0.0,0.0,0.0,0.0,0.0,0.0,0.0,,2.0,2.0,2.0,2.0,2.0,2.0,2.0
10148,,50.427969,10.904939,1319,1650,97.195,0.094,1,,,,,,,,12.453,12.453,12.453,12.453,12.453,12.453,12.453,,8.0,12.0,12.0,17.0,20.0,21.0,22.0,,23.0,28.0,35.0,47.0,58.0,65.0,69.0,,0.0,0.0,0.0,0.0,0.0,0.0,0.0,,,,,,,,,,0.0,0.0,0.0,0.0,0.0,0.0,0.0,,0.0,0.0,0.0,0.0,0.0,0.0,0.0,,0.0,0.0,0.0,0.0,0.0,0.0,0.0,,0.0,0.0,0.0,0.0,0.0,0.0,0.0,,0.0,0.0,0.0,0.0,0.0,0.0,0.0,,2.0,2.0,2.0,2.0,2.0,2.0,2.0
10218,,50.424795,10.906208,1319,1650,97.461,0.099,1,,,,,,,,12.543,12.543,12.543,12.543,12.543,12.543,12.543,,8.0,12.0,12.0,17.0,20.0,21.0,22.0,,23.0,28.0,35.0,47.0,58.0,65.0,69.0,,0.0,0.0,0.0,0.0,0.0,0.0,0.0,,,,,,,,,,0.0,0.0,0.0,0.0,0.0,0.0,0.0,,0.0,0.0,0.0,0.0,0.0,0.0,0.0,,0.0,0.0,0.0,0.0,0.0,0.0,0.0,,0.0,0.0,0.0,0.0,0.0,0.0,0.0,,0.0,0.0,0.0,0.0,0.0,0.0,0.0,,2.0,2.0,2.0,2.0,2.0,2.0,2.0
1740,Eisfeld,50.427083,10.907458,1319,1650,97.398,0.102,1,,,,,,,,12.631,12.631,12.631,12.631,12.631,12.631,12.631,,8.0,12.0,12.0,17.0,20.0,21.0,22.0,,23.0,28.0,35.0,47.0,58.0,65.0,69.0,,0.0,0.0,0.0,0.0,0.0,0.0,0.0,,,,,,,,,,0.0,0.0,0.0,1.0,1.0,1.0,1.0,,0.0,0.0,0.0,0.0,0.0,0.0,0.0,,0.0,0.0,0.0,0.0,0.0,0.0,0.0,,0.0,0.0,0.0,0.0,0.0,0.0,0.0,,0.0,0.0,0.0,0.0,0.0,0.0,0.0,,2.0,2.0,2.0,2.0,2.0,2.0,2.0
10232,Heiligkreuzbrücke,50.2654455,10.9649661,1331,1650,111.253,0.201,1,,,,,,,,24.47,10.918,10.918,10.918,10.918,10.918,10.918,,1.0,4.0,4.0,9.0,12.0,13.0,13.0,,16.0,21.0,26.0,35.0,43.0,50.0,51.0,,0.0,0.0,0.0,0.0,0.0,0.0,0.0,,,,,,,,,,0.0,0.0,0.0,0.0,0.0,0.0,0.0,,0.0,0.0,0.0,0.0,0.0,0.0,0.0,,0.0,1.0,1.0,1.0,1.0,1.0,1.0,,0.0,0.0,0.0,0.0,0.0,0.0,0.0,,0.0,0.0,0.0,0.0,0.0,0.0,0.0,,2.0,2.0,2.0,2.0,2.0,2.0,2.0
1150,Buttelstedt,51.075908,11.345823,1334,1650,66.268,0.026,1,,,,,,,,24.005,23.607,15.849,7.084,7.084,7.084,7.084,,10.0,12.0,21.0,28.0,31.0,33.0,33.0,,35.0,45.0,65.0,84.0,102.0,119.0,135.0,,0.0,0.0,0.0,0.0,0.0,0.0,0.0,,,,,,,,,,0.0,0.0,1.0,1.0,1.0,1.0,1.0,,0.0,0.0,0.0,0.0,0.0,0.0,0.0,,0.0,0.0,0.0,0.0,0.0,0.0,0.0,,0.0,0.0,0.0,0.0,0.0,0.0,0.0,,0.0,0.0,0.0,0.0,0.0,0.0,0.0,,2.0,2.0,2.0,2.0,2.0,2.0,2.0
12620,,51.025439,4.476981,1350,1650,2.881,0.026,1,,,,,,,,22.428,22.428,22.428,22.428,22.428,22.428,22.428,,3.0,3.0,3.0,5.0,5.0,5.0,5.0,,20.0,21.0,20.0,22.0,22.0,22.0,22.0,,0.0,0.0,0.0,0.0,0.0,0.0,0.0,,,,,,,,,,0.0,0.0,0.0,0.0,0.0,0.0,0.0,,0.0,1.0,0.0,0.0,0.0,0.0,0.0,,0.0,0.0,0.0,0.0,0.0,0.0,0.0,,0.0,0.0,0.0,0.0,0.0,0.0,0.0,,0.0,0.0,0.0,0.0,0.0,0.0,0.0,,2.0,3.0,2.0,2.0,2.0,2.0,2.0
12619,,51.027011,4.474637,1350,1650,2.643,0.12,1,,,,,,,,22.22,22.22,22.22,22.22,22.22,22.22,22.22,,3.0,3.0,3.0,5.0,5.0,5.0,5.0,,20.0,21.0,20.0,22.0,22.0,22.0,22.0,,0.0,0.0,0.0,0.0,0.0,0.0,0.0,,,,,,,,,,1.0,1.0,1.0,1.0,1.0,1.0,1.0,,0.0,1.0,0.0,0.0,0.0,0.0,0.0,,0.0,0.0,0.0,0.0,0.0,0.0,0.0,,0.0,0.0,0.0,0.0,0.0,0.0,0.0,,0.0,0.0,0.0,0.0,0.0,0.0,0.0,,2.0,3.0,2.0,2.0,2.0,2.0,2.0
10587,,51.371192,6.167428,1343,1650,2.273,0.077,1,,,,,,,,0.154,0.154,0.154,0.154,0.154,0.154,0.154,,15.0,20.0,28.0,31.0,31.0,31.0,31.0,,57.0,66.0,84.0,98.0,100.0,102.0,102.0,,0.0,0.0,0.0,0.0,0.0,0.0,0.0,,,,,,,,,,1.0,1.0,1.0,1.0,1.0,1.0,1.0,,1.0,1.0,1.0,1.0,1.0,1.0,1.0,,0.0,0.0,0.0,0.0,0.0,0.0,0.0,,1.0,1.0,1.0,1.0,1.0,1.0,1.0,,1.0,1.0,1.0,1.0,1.0,1.0,1.0,,3.0,3.0,3.0,3.0,3.0,3.0,3.0
10616,Leutenberg,50.563562,11.456223,1326,1650,102.13,2.666,1,,,,,,,,53.655,41.592,17.21,17.21,17.21,17.21,17.21,,0.0,1.0,6.0,9.0,11.0,12.0,12.0,,20.0,26.0,37.0,51.0,62.0,71.0,74.0,,0.0,0.0,0.0,0.0,0.0,0.0,0.0,,,,,,,,,,0.0,0.0,0.0,0.0,0.0,1.0,1.0,,0.0,0.0,0.0,0.0,0.0,0.0,0.0,,0.0,0.0,0.0,0.0,0.0,0.0,0.0,,0.0,0.0,0.0,0.0,0.0,0.0,0.0,,0.0,0.0,0.0,0.0,0.0,0.0,0.0,,1.0,1.0,2.0,2.0,2.0,2.0,2.0
11893,,52.671179,12.008537,1338,1650,6.443,0.037,1,,,,,,,,14.707,14.707,14.707,14.707,14.707,12.344,12.344,,3.0,5.0,5.0,12.0,15.0,20.0,25.0,,10.0,21.0,24.0,35.0,41.0,56.0,66.0,,0.0,0.0,0.0,0.0,0.0,0.0,0.0,,,,,,,,,,1.0,1.0,1.0,1.0,1.0,1.0,1.0,,0.0,0.0,0.0,0.0,0.0,0.0,0.0,,0.0,0.0,0.0,0.0,0.0,0.0,0.0,,0.0,0.0,0.0,0.0,0.0,0.0,0.0,,1.0,1.0,1.0,1.0,1.0,1.0,1.0,,2.0,2.0,2.0,2.0,2.0,2.0,2.0
10676,Burg auf Fehmarn,54.436332,11.197079,1329,1650,71.672,3.048,1,,,,,,,,74.22,25.713,25.713,25.713,25.713,0.0,0.0,,0.0,1.0,1.0,4.0,6.0,8.0,9.0,,5.0,10.0,14.0,21.0,24.0,38.0,41.0,,0.0,0.0,0.0,0.0,0.0,1.0,1.0,,,,,,,local,local,,0.0,0.0,0.0,0.0,0.0,0.0,0.0,,0.0,0.0,0.0,0.0,0.0,0.0,0.0,,0.0,0.0,0.0,0.0,0.0,0.0,0.0,,0.0,0.0,0.0,0.0,0.0,0.0,0.0,,0.0,0.0,0.0,0.0,0.0,0.0,0.0,,1.0,1.0,1.0,2.0,2.0,2.0,2.0
12477,,51.9975,5.090895,1336,1650,0.223,0.06,1,,,,,,,,10.664,10.664,10.664,10.664,10.664,10.664,10.664,,17.0,20.0,25.0,28.0,30.0,30.0,29.0,,45.0,56.0,69.0,80.0,84.0,85.0,81.0,,0.0,0.0,0.0,0.0,0.0,0.0,0.0,,,,,,,,,,0.0,0.0,0.0,0.0,0.0,0.0,0.0,,0.0,0.0,0.0,0.0,0.0,0.0,0.0,,0.0,0.0,0.0,0.0,0.0,0.0,0.0,,0.0,1.0,1.0,1.0,1.0,1.0,1.0,,1.0,1.0,1.0,1.0,1.0,1.0,1.0,,2.0,2.0,2.0,2.0,2.0,2.0,2.0
10699,Pößneck,50.692403,11.591424,1324,1650,85.019,1.094,1,,,,,,,,41.069,26.218,0.0,0.0,0.0,0.0,0.0,,1.0,2.0,9.0,15.0,17.0,18.0,18.0,,30.0,36.0,52.0,67.0,79.0,83.0,85.0,,0.0,0.0,1.0,1.0,1.0,1.0,1.0,,,,local,local,local,local,local,,1.0,1.0,1.0,1.0,1.0,1.0,1.0,,0.0,0.0,0.0,0.0,0.0,0.0,0.0,,0.0,0.0,0.0,0.0,0.0,0.0,0.0,,0.0,0.0,0.0,0.0,0.0,0.0,0.0,,0.0,0.0,0.0,0.0,0.0,0.0,0.0,,2.0,2.0,2.0,2.0,2.0,2.0,2.0
10797,Culemborg,51.957608,5.225193,1318,1650,0.632,0.063,1,,,,,,,,16.083,9.058,4.713,4.713,4.713,4.713,4.713,,19.0,21.0,28.0,35.0,37.0,37.0,36.0,,53.0,66.0,81.0,92.0,96.0,97.0,93.0,,0.0,0.0,0.0,0.0,0.0,0.0,0.0,,,,,,,,,,0.0,0.0,0.0,0.0,0.0,0.0,0.0,,0.0,0.0,0.0,0.0,0.0,0.0,0.0,,0.0,0.0,0.0,0.0,0.0,0.0,0.0,,0.0,0.0,0.0,0.0,0.0,0.0,0.0,,0.0,0.0,0.0,0.0,0.0,0.0,0.0,,2.0,2.0,2.0,2.0,2.0,2.0,2.0
10850,,54.028714,12.463727,1325,1650,21.863,0.511,1,,,,,,,,60.327,22.16,22.16,22.16,13.545,0.323,0.323,,0.0,1.0,1.0,1.0,2.0,4.0,4.0,,4.0,6.0,6.0,6.0,9.0,18.0,20.0,,0.0,0.0,0.0,0.0,0.0,0.0,0.0,,,,,,,,,,0.0,0.0,0.0,0.0,0.0,0.0,0.0,,0.0,0.0,0.0,0.0,0.0,0.0,0.0,,0.0,0.0,0.0,0.0,0.0,0.0,0.0,,0.0,0.0,0.0,0.0,0.0,0.0,0.0,,0.0,0.0,0.0,0.0,0.0,0.0,0.0,,2.0,2.0,2.0,2.0,2.0,2.0,2.0
10884,Ammerstol,51.925573,4.810443,1322,1650,1.749,0.456,1,,,,,,,,11.732,11.732,11.732,11.732,11.732,11.732,11.732,,15.0,18.0,23.0,26.0,28.0,28.0,27.0,,41.0,47.0,60.0,73.0,77.0,77.0,76.0,,0.0,0.0,0.0,0.0,0.0,0.0,0.0,,,,,,,,,,1.0,0.0,0.0,0.0,0.0,0.0,0.0,,0.0,0.0,0.0,0.0,0.0,0.0,0.0,,0.0,0.0,0.0,0.0,0.0,0.0,0.0,,0.0,1.0,1.0,1.0,1.0,1.0,1.0,,0.0,0.0,0.0,0.0,0.0,0.0,0.0,,2.0,2.0,2.0,2.0,2.0,2.0,2.0
12638,,51.052518,3.734538,1350,1650,0.13,0.151,1,,,,,,,,30.877,30.877,32.136,26.589,26.589,26.589,26.589,,4.0,4.0,2.0,4.0,4.0,4.0,4.0,,10.0,11.0,10.0,12.0,12.0,12.0,12.0,,0.0,0.0,0.0,0.0,0.0,0.0,0.0,,,,,,,,,,0.0,0.0,0.0,0.0,0.0,0.0,0.0,,1.0,1.0,1.0,1.0,1.0,1.0,1.0,,0.0,0.0,0.0,0.0,0.0,0.0,0.0,,0.0,0.0,0.0,0.0,0.0,0.0,0.0,,1.0,1.0,1.0,1.0,1.0,1.0,1.0,,3.0,3.0,3.0,3.0,3.0,3.0,3.0
11712,Nexø,55.0631,15.13209,1346,1650,154.26,0.063,1,,,,,,,,92.608,92.608,92.608,92.608,92.608,102.722,102.722,,0.0,0.0,0.0,0.0,0.0,0.0,0.0,,1.0,1.0,1.0,1.0,1.0,0.0,0.0,,0.0,0.0,0.0,0.0,0.0,0.0,0.0,,,,,,,,,,0.0,0.0,0.0,0.0,0.0,0.0,0.0,,0.0,0.0,0.0,0.0,0.0,0.0,0.0,,0.0,0.0,0.0,0.0,0.0,0.0,0.0,,0.0,0.0,0.0,0.0,0.0,0.0,0.0,,0.0,0.0,0.0,0.0,0.0,0.0,0.0,,2.0,2.0,2.0,2.0,2.0,2.0,2.0
12087,,52.278973,7.441709,1327,1650,0.213,0.076,1,,,,,,,,23.737,23.737,0.254,0.254,0.254,0.254,0.254,,15.0,15.0,18.0,23.0,25.0,28.0,29.0,,57.0,66.0,75.0,91.0,100.0,108.0,105.0,,0.0,0.0,0.0,0.0,0.0,0.0,0.0,,,,,,,,,,0.0,0.0,0.0,0.0,0.0,0.0,0.0,,0.0,0.0,0.0,0.0,0.0,0.0,0.0,,0.0,1.0,1.0,1.0,1.0,1.0,1.0,,0.0,0.0,0.0,0.0,0.0,0.0,0.0,,0.0,0.0,0.0,0.0,0.0,0.0,0.0,,2.0,2.0,2.0,2.0,2.0,2.0,2.0
11897,Goedereede,51.818178,3.977549,1312,1650,19.087,8.369,1,,,,,,,,42.749,42.749,35.385,35.385,35.385,35.385,35.385,,4.0,5.0,6.0,6.0,6.0,6.0,6.0,,26.0,30.0,30.0,35.0,37.0,37.0,36.0,,0.0,0.0,0.0,0.0,0.0,0.0,0.0,,,,,,,,,,1.0,1.0,1.0,1.0,1.0,1.0,1.0,,1.0,1.0,1.0,1.0,1.0,1.0,1.0,,0.0,0.0,0.0,0.0,0.0,0.0,0.0,,1.0,1.0,1.0,1.0,1.0,1.0,1.0,,1.0,1.0,1.0,1.0,1.0,1.0,1.0,,3.0,3.0,3.0,3.0,3.0,3.0,3.0
11974,Steenbergen,51.587156,4.318662,1337,1650,1.19,0.191,1,,,,,,,,31.616,31.616,31.014,31.014,31.014,31.014,31.014,,12.0,12.0,13.0,15.0,15.0,15.0,15.0,,26.0,30.0,36.0,43.0,45.0,45.0,44.0,,0.0,0.0,0.0,0.0,0.0,0.0,0.0,,,,,,,,,,0.0,0.0,0.0,0.0,0.0,0.0,0.0,,0.0,0.0,0.0,0.0,0.0,0.0,0.0,,0.0,0.0,0.0,0.0,0.0,0.0,0.0,,0.0,0.0,0.0,0.0,0.0,0.0,0.0,,0.0,0.0,0.0,0.0,0.0,0.0,0.0,,2.0,2.0,2.0,2.0,2.0,2.0,2.0
11979,Waalwijk,51.690497,5.066537,1303,1650,7.901,0.292,1,,,,,,,,14.346,14.346,14.346,14.346,14.346,14.346,14.346,,14.0,16.0,23.0,28.0,30.0,30.0,29.0,,48.0,57.0,73.0,86.0,90.0,90.0,89.0,,0.0,0.0,0.0,0.0,0.0,0.0,0.0,,,,,,,,,,0.0,0.0,0.0,0.0,0.0,0.0,0.0,,0.0,0.0,0.0,0.0,0.0,0.0,0.0,,0.0,0.0,0.0,0.0,0.0,0.0,0.0,,0.0,0.0,0.0,0.0,0.0,0.0,0.0,,0.0,0.0,0.0,0.0,0.0,0.0,0.0,,2.0,2.0,2.0,2.0,2.0,2.0,2.0
11984,Wessem,51.159454,5.882556,1329,1650,2.052,0.055,1,,,,,,,,8.238,5.451,5.451,5.451,5.451,5.451,5.451,,12.0,15.0,20.0,21.0,22.0,22.0,22.0,,40.0,47.0,63.0,72.0,73.0,73.0,73.0,,0.0,0.0,0.0,0.0,0.0,0.0,0.0,,,,,,,,,,0.0,0.0,0.0,0.0,0.0,0.0,0.0,,0.0,0.0,0.0,0.0,0.0,0.0,0.0,,0.0,0.0,0.0,0.0,0.0,0.0,0.0,,0.0,0.0,0.0,0.0,0.0,0.0,0.0,,0.0,0.0,0.0,0.0,0.0,0.0,0.0,,2.0,2.0,2.0,2.0,2.0,2.0,2.0
12018,,50.776188,5.699613,1321,1650,2.216,0.104,1,,,,,,,,8.371,8.371,8.371,8.371,8.371,8.371,8.371,,5.0,6.0,6.0,6.0,7.0,7.0,7.0,,17.0,22.0,28.0,31.0,32.0,32.0,32.0,,0.0,0.0,0.0,0.0,0.0,0.0,0.0,,,,,,,,,,1.0,1.0,1.0,1.0,1.0,1.0,1.0,,0.0,0.0,0.0,0.0,0.0,0.0,0.0,,0.0,0.0,0.0,0.0,0.0,0.0,0.0,,0.0,0.0,0.0,0.0,0.0,0.0,0.0,,1.0,1.0,1.0,1.0,1.0,1.0,1.0,,2.0,2.0,2.0,2.0,2.0,2.0,2.0
9185,,52.281098,7.439422,1327,1650,0.074,0.195,1,,,,,,,,24.019,24.019,0.265,0.265,0.265,0.265,0.265,,15.0,15.0,18.0,23.0,25.0,28.0,29.0,,57.0,66.0,75.0,91.0,100.0,108.0,105.0,,0.0,0.0,0.0,0.0,0.0,0.0,0.0,,,,,,,,,,0.0,0.0,0.0,0.0,0.0,1.0,1.0,,0.0,0.0,0.0,0.0,0.0,0.0,0.0,,0.0,0.0,0.0,0.0,0.0,0.0,0.0,,0.0,0.0,0.0,0.0,0.0,0.0,0.0,,0.0,0.0,0.0,0.0,0.0,0.0,0.0,,2.0,2.0,2.0,2.0,2.0,2.0,2.0
10796,Batenburg,51.822886,5.629918,1349,1650,1.738,0.032,1,,,,,,,,15.981,15.981,10.404,10.404,10.404,10.404,10.404,,18.0,19.0,28.0,35.0,36.0,36.0,35.0,,57.0,73.0,91.0,103.0,109.0,111.0,107.0,,0.0,0.0,0.0,0.0,0.0,0.0,0.0,,,,,,,,,,0.0,0.0,0.0,0.0,0.0,0.0,0.0,,0.0,0.0,0.0,0.0,0.0,0.0,0.0,,0.0,0.0,0.0,0.0,0.0,0.0,0.0,,0.0,0.0,0.0,0.0,0.0,0.0,0.0,,0.0,0.0,0.0,0.0,0.0,0.0,0.0,,2.0,2.0,2.0,2.0,2.0,2.0,2.0
16191,,51.820839,5.631595,1349,1650,1.483,0.112,1,,,,,,,,16.191,16.191,10.165,10.165,10.165,10.165,10.165,,18.0,19.0,28.0,35.0,36.0,36.0,35.0,,57.0,73.0,91.0,103.0,109.0,111.0,107.0,,0.0,0.0,0.0,0.0,0.0,0.0,0.0,,,,,,,,,,0.0,1.0,1.0,1.0,1.0,1.0,1.0,,0.0,0.0,0.0,0.0,0.0,0.0,0.0,,0.0,0.0,0.0,0.0,0.0,0.0,0.0,,1.0,1.0,1.0,1.0,1.0,1.0,1.0,,1.0,1.0,1.0,1.0,1.0,1.0,1.0,,2.0,2.0,2.0,2.0,2.0,2.0,2.0
12428,Lucka,51.097991,12.331588,1331,1650,19.647,3.073,0,,,,,,,,14.745,14.745,14.412,14.412,14.412,14.412,11.886,,7.0,12.0,17.0,21.0,21.0,22.0,24.0,,13.0,19.0,36.0,51.0,65.0,73.0,80.0,,0.0,0.0,0.0,0.0,0.0,0.0,0.0,,,,,,,,,,1.0,1.0,1.0,1.0,1.0,1.0,1.0,,0.0,0.0,0.0,0.0,0.0,0.0,0.0,,0.0,0.0,0.0,0.0,0.0,0.0,0.0,,0.0,0.0,0.0,0.0,0.0,0.0,0.0,,0.0,0.0,0.0,0.0,0.0,0.0,0.0,,2.0,2.0,2.0,2.0,2.0,2.0,2.0
2377,Grafhorst,52.583394,5.933873,1333,1650,1.233,0.093,1,,,,,,,,13.341,2.987,2.987,2.987,2.987,2.987,2.987,,11.0,26.0,29.0,32.0,33.0,34.0,31.0,,46.0,62.0,82.0,99.0,108.0,108.0,104.0,,0.0,0.0,0.0,0.0,0.0,0.0,0.0,,,,,,,,,,0.0,0.0,0.0,0.0,0.0,0.0,0.0,,0.0,0.0,0.0,0.0,0.0,0.0,0.0,,0.0,0.0,0.0,0.0,0.0,0.0,0.0,,0.0,0.0,0.0,0.0,0.0,0.0,0.0,,0.0,0.0,0.0,0.0,0.0,0.0,0.0,,2.0,2.0,2.0,2.0,2.0,2.0,2.0
12479,Heringen (Helme),51.447056,10.880676,1339,1650,60.86,2.439,1,,,,,,,,0.0,0.0,0.0,0.0,0.0,0.0,0.0,,13.0,13.0,20.0,21.0,25.0,30.0,34.0,,43.0,56.0,80.0,100.0,113.0,134.0,149.0,,1.0,1.0,1.0,1.0,1.0,1.0,1.0,,local,local,local,local,local,local,local,,0.0,0.0,0.0,0.0,0.0,0.0,0.0,,0.0,0.0,0.0,0.0,0.0,0.0,0.0,,0.0,0.0,0.0,0.0,0.0,0.0,0.0,,0.0,0.0,0.0,0.0,0.0,0.0,0.0,,0.0,0.0,0.0,0.0,0.0,0.0,0.0,,2.0,2.0,2.0,2.0,2.0,2.0,2.0
10765,Bad Liebenwerda,51.516065,13.392922,1301,1650,16.581,1.655,1,,,,,,,,73.274,55.514,35.946,39.617,18.938,18.938,4.26,,0.0,0.0,1.0,1.0,4.0,4.0,6.0,,3.0,7.0,12.0,14.0,18.0,21.0,27.0,,0.0,0.0,0.0,0.0,0.0,0.0,0.0,,,,,,,,,,0.0,0.0,0.0,1.0,1.0,1.0,1.0,,0.0,0.0,0.0,0.0,0.0,0.0,0.0,,0.0,0.0,0.0,0.0,0.0,0.0,0.0,,0.0,0.0,0.0,0.0,0.0,0.0,0.0,,0.0,0.0,0.0,0.0,0.0,0.0,0.0,,2.0,2.0,2.0,2.0,2.0,2.0,2.0
4181,Laage,53.928641,12.345623,1309,1650,16.878,0.195,1,,,,,,,,69.651,22.297,22.297,22.297,0.0,0.0,0.0,,0.0,1.0,1.0,1.0,2.0,5.0,5.0,,3.0,5.0,5.0,5.0,8.0,17.0,19.0,,0.0,0.0,0.0,0.0,1.0,1.0,1.0,,,,,,local,local,local,,0.0,0.0,0.0,0.0,0.0,0.0,0.0,,0.0,0.0,0.0,0.0,0.0,0.0,0.0,,0.0,0.0,0.0,0.0,0.0,0.0,0.0,,0.0,0.0,0.0,0.0,0.0,0.0,0.0,,0.0,0.0,0.0,0.0,0.0,0.0,0.0,,2.0,2.0,2.0,2.0,2.0,2.0,2.0
7669,Tessin,54.027749,12.468397,1325,1650,22.159,0.197,1,,,,,,,,60.039,22.483,22.483,22.483,13.635,0.0,0.0,,0.0,1.0,1.0,1.0,2.0,4.0,4.0,,4.0,6.0,6.0,6.0,9.0,18.0,20.0,,0.0,0.0,0.0,0.0,0.0,1.0,1.0,,,,,,,local,local,,0.0,0.0,0.0,0.0,0.0,0.0,0.0,,0.0,0.0,0.0,0.0,0.0,0.0,0.0,,0.0,0.0,0.0,0.0,0.0,0.0,0.0,,0.0,0.0,0.0,0.0,0.0,0.0,0.0,,0.0,0.0,0.0,0.0,0.0,0.0,0.0,,2.0,2.0,2.0,2.0,2.0,2.0,2.0
12759,,51.919864,4.488007,1340,1650,2.651,0.104,1,,,,,,,,10.93,10.93,10.93,10.93,10.93,10.93,10.93,,13.0,14.0,14.0,15.0,17.0,17.0,16.0,,32.0,36.0,44.0,53.0,56.0,56.0,55.0,,0.0,0.0,0.0,0.0,0.0,0.0,0.0,,,,,,,,,,0.0,0.0,0.0,1.0,1.0,1.0,1.0,,0.0,0.0,0.0,0.0,0.0,0.0,0.0,,0.0,0.0,0.0,0.0,0.0,0.0,0.0,,0.0,0.0,0.0,0.0,0.0,0.0,0.0,,1.0,1.0,1.0,1.0,1.0,1.0,1.0,,2.0,2.0,2.0,2.0,2.0,2.0,2.0
1813,Enschede,52.220592,6.895297,1325,1650,17.554,0.075,1,,1000.0,1000.0,1000.0,1000.0,1000.0,,10.413,10.413,10.413,10.413,0.0,0.0,0.0,,9.0,13.0,18.0,24.0,27.0,28.0,28.0,,63.0,79.0,96.0,113.0,119.0,125.0,123.0,,0.0,0.0,0.0,0.0,1.0,1.0,1.0,,,,,,local,local,local,,0.0,0.0,0.0,0.0,0.0,0.0,0.0,,0.0,0.0,0.0,0.0,0.0,0.0,0.0,,0.0,0.0,0.0,0.0,0.0,0.0,0.0,,0.0,0.0,0.0,0.0,0.0,0.0,0.0,,0.0,0.0,0.0,0.0,0.0,0.0,0.0,,2.0,2.0,2.0,2.0,2.0,2.0,2.0
1676,Eckernförde,54.471387,9.836462,1302,1650,17.421,0.406,1,,,,,,,,43.979,43.979,25.611,25.611,25.611,0.0,0.0,,1.0,1.0,3.0,8.0,6.0,10.0,10.0,,6.0,12.0,14.0,31.0,32.0,58.0,61.0,,0.0,0.0,0.0,0.0,0.0,1.0,1.0,,,,,,,local,local,,0.0,0.0,0.0,0.0,0.0,0.0,0.0,,0.0,0.0,0.0,0.0,0.0,0.0,0.0,,0.0,0.0,0.0,0.0,0.0,0.0,0.0,,0.0,0.0,0.0,0.0,0.0,0.0,0.0,,0.0,0.0,0.0,0.0,0.0,0.0,0.0,,2.0,2.0,2.0,2.0,2.0,2.0,2.0
5317,Szczecinek,53.709511,16.693098,1310,1650,124.172,0.157,1,,,,,,,,221.176,161.35,161.35,161.35,161.35,89.617,89.617,,0.0,0.0,0.0,0.0,0.0,0.0,0.0,,0.0,0.0,0.0,0.0,0.0,1.0,1.0,,0.0,0.0,0.0,0.0,0.0,0.0,0.0,,,,,,,,,,0.0,0.0,0.0,0.0,0.0,0.0,0.0,,0.0,0.0,0.0,0.0,0.0,0.0,0.0,,0.0,0.0,0.0,0.0,0.0,0.0,0.0,,0.0,0.0,0.0,0.0,0.0,0.0,0.0,,0.0,0.0,0.0,0.0,0.0,0.0,0.0,,2.0,2.0,2.0,2.0,2.0,2.0,2.0
11538,Wiehe,51.265597,11.412381,1320,1650,46.099,0.156,1,,,,,,,,25.231,25.231,18.921,16.046,16.046,16.046,16.046,,13.0,15.0,25.0,32.0,36.0,39.0,39.0,,31.0,38.0,58.0,80.0,95.0,109.0,127.0,,0.0,0.0,0.0,0.0,0.0,0.0,0.0,,,,,,,,,,0.0,0.0,0.0,0.0,1.0,1.0,1.0,,0.0,0.0,0.0,0.0,0.0,0.0,0.0,,0.0,0.0,0.0,0.0,0.0,0.0,0.0,,0.0,0.0,0.0,0.0,0.0,0.0,0.0,,0.0,0.0,0.0,0.0,0.0,0.0,0.0,,2.0,2.0,2.0,2.0,2.0,2.0,2.0
1529,Dornburg,51.006669,11.666068,1343,1650,58.126,0.265,1,,,,,,,,6.121,6.121,6.121,6.121,6.121,6.121,6.121,,8.0,10.0,19.0,28.0,32.0,35.0,35.0,,25.0,31.0,47.0,60.0,76.0,86.0,89.0,,0.0,0.0,0.0,0.0,0.0,0.0,0.0,,,,,,,,,,0.0,0.0,0.0,0.0,0.0,0.0,0.0,,0.0,0.0,0.0,0.0,0.0,0.0,0.0,,0.0,0.0,0.0,0.0,0.0,0.0,0.0,,0.0,0.0,0.0,0.0,0.0,0.0,0.0,,0.0,0.0,0.0,0.0,0.0,0.0,0.0,,2.0,2.0,2.0,2.0,2.0,2.0,2.0
12408,Apolda,51.023561,11.515659,1308,1650,66.573,0.916,1,,,,,,,,14.06,11.757,11.468,11.468,11.468,11.468,11.468,,9.0,11.0,20.0,29.0,32.0,35.0,35.0,,32.0,42.0,58.0,73.0,89.0,101.0,109.0,,0.0,0.0,0.0,0.0,0.0,0.0,0.0,,,,,,,,,,0.0,0.0,0.0,0.0,0.0,0.0,0.0,,0.0,0.0,0.0,0.0,0.0,0.0,0.0,,0.0,0.0,0.0,0.0,0.0,0.0,0.0,,0.0,0.0,0.0,0.0,0.0,0.0,0.0,,0.0,0.0,0.0,0.0,0.0,0.0,0.0,,2.0,2.0,2.0,2.0,2.0,2.0,2.0
6599,Rudolstadt,50.720256,11.340292,1326,1650,95.374,0.136,1,,,,,,,,36.039,28.94,17.954,17.954,17.954,17.954,17.954,,2.0,3.0,10.0,17.0,21.0,23.0,23.0,,32.0,38.0,54.0,70.0,84.0,95.0,103.0,,0.0,0.0,0.0,0.0,0.0,0.0,0.0,,,,,,,,,,0.0,1.0,1.0,1.0,1.0,1.0,1.0,,0.0,0.0,0.0,0.0,0.0,0.0,0.0,,0.0,0.0,0.0,0.0,0.0,0.0,0.0,,0.0,0.0,0.0,0.0,0.0,0.0,0.0,,0.0,0.0,0.0,0.0,0.0,0.0,0.0,,2.0,2.0,2.0,2.0,2.0,2.0,2.0
12411,Bad Blankenburg,50.684446,11.263695,1323,1650,98.234,0.112,1,,,,,,,,36.561,35.414,23.104,23.104,23.104,23.104,23.104,,2.0,3.0,8.0,15.0,19.0,21.0,21.0,,29.0,35.0,49.0,64.0,78.0,87.0,95.0,,0.0,0.0,0.0,0.0,0.0,0.0,0.0,,,,,,,,,,0.0,0.0,0.0,0.0,0.0,0.0,0.0,,0.0,0.0,0.0,0.0,0.0,0.0,0.0,,0.0,0.0,0.0,0.0,0.0,0.0,0.0,,0.0,0.0,0.0,0.0,0.0,0.0,0.0,,0.0,0.0,0.0,0.0,0.0,0.0,0.0,,2.0,2.0,2.0,2.0,2.0,2.0,2.0
2375,Gräfenthal,50.525783,11.305569,1337,1650,111.528,2.031,1,,,,,,,,42.27,42.27,27.389,27.389,27.389,27.389,27.389,,1.0,4.0,9.0,10.0,14.0,16.0,16.0,,23.0,29.0,40.0,54.0,65.0,74.0,79.0,,0.0,0.0,0.0,0.0,0.0,0.0,0.0,,,,,,,,,,0.0,0.0,1.0,1.0,1.0,1.0,1.0,,0.0,0.0,0.0,0.0,0.0,0.0,0.0,,0.0,0.0,0.0,0.0,0.0,0.0,0.0,,0.0,0.0,0.0,0.0,0.0,0.0,0.0,,0.0,0.0,0.0,0.0,0.0,0.0,0.0,,1.0,2.0,2.0,2.0,2.0,2.0,2.0
8226,Wasungen,50.663536,10.368918,1308,1650,51.221,1.627,1,,,,,,,,11.153,11.153,11.153,11.153,11.153,11.153,11.153,,14.0,16.0,16.0,21.0,26.0,32.0,37.0,,37.0,42.0,49.0,66.0,72.0,83.0,90.0,,0.0,0.0,0.0,0.0,0.0,0.0,0.0,,,,,,,,,,0.0,0.0,0.0,0.0,0.0,0.0,0.0,,0.0,0.0,0.0,0.0,0.0,0.0,0.0,,0.0,0.0,0.0,0.0,0.0,0.0,0.0,,0.0,0.0,0.0,0.0,0.0,0.0,0.0,,0.0,0.0,0.0,0.0,0.0,0.0,0.0,,2.0,2.0,2.0,2.0,2.0,2.0,2.0
12017,Eijsden,50.777726,5.702609,1321,1650,2.418,0.121,1,,,,,,,,8.219,8.219,8.219,8.219,8.219,8.219,8.219,,5.0,6.0,6.0,6.0,7.0,7.0,7.0,,17.0,22.0,28.0,31.0,32.0,32.0,32.0,,0.0,0.0,0.0,0.0,0.0,0.0,0.0,,,,,,,,,,0.0,0.0,0.0,0.0,0.0,0.0,0.0,,0.0,0.0,0.0,0.0,0.0,0.0,0.0,,0.0,0.0,0.0,0.0,0.0,0.0,0.0,,0.0,0.0,0.0,0.0,0.0,0.0,0.0,,0.0,0.0,0.0,0.0,0.0,0.0,0.0,,2.0,2.0,2.0,2.0,2.0,2.0,2.0
20053,,50.77556,5.702408,1321,1650,2.179,0.104,1,,,,,,,,8.458,8.458,8.458,8.458,8.458,8.458,8.458,,5.0,6.0,6.0,6.0,7.0,7.0,7.0,,17.0,22.0,28.0,31.0,32.0,32.0,32.0,,0.0,0.0,0.0,0.0,0.0,0.0,0.0,,,,,,,,,,0.0,0.0,0.0,0.0,0.0,0.0,0.0,,0.0,0.0,0.0,0.0,0.0,0.0,0.0,,0.0,0.0,0.0,0.0,0.0,0.0,0.0,,0.0,0.0,0.0,0.0,0.0,0.0,0.0,,0.0,0.0,0.0,0.0,0.0,0.0,0.0,,2.0,2.0,2.0,2.0,2.0,2.0,2.0
15828,,56.197364,10.674317,1319,1650,122.761,0.041,0,,,,,,,,29.114,29.114,29.114,29.114,29.114,29.114,27.028,,3.0,3.0,3.0,5.0,5.0,5.0,6.0,,8.0,9.0,11.0,13.0,14.0,17.0,28.0,,0.0,0.0,0.0,0.0,0.0,0.0,0.0,,,,,,,,,,0.0,0.0,0.0,0.0,0.0,0.0,0.0,,0.0,0.0,0.0,0.0,0.0,0.0,0.0,,0.0,0.0,0.0,0.0,0.0,0.0,0.0,,0.0,0.0,0.0,0.0,0.0,0.0,0.0,,1.0,1.0,1.0,1.0,1.0,1.0,1.0,,2.0,2.0,2.0,2.0,2.0,2.0,2.0
19490,,55.062533,15.133785,1346,1650,154.295,0.063,1,,,,,,,,92.732,92.732,92.732,92.732,92.732,102.631,102.631,,0.0,0.0,0.0,0.0,0.0,0.0,0.0,,1.0,1.0,1.0,1.0,1.0,0.0,0.0,,0.0,0.0,0.0,0.0,0.0,0.0,0.0,,,,,,,,,,0.0,0.0,0.0,0.0,0.0,0.0,0.0,,0.0,0.0,0.0,0.0,0.0,0.0,0.0,,0.0,0.0,0.0,0.0,0.0,0.0,0.0,,0.0,0.0,0.0,0.0,0.0,0.0,0.0,,1.0,1.0,1.0,1.0,1.0,1.0,1.0,,2.0,2.0,2.0,2.0,2.0,2.0,2.0
13270,,51.158565,5.883217,1329,1650,2.008,0.055,1,,,,,,,,8.246,5.43,5.43,5.43,5.43,5.43,5.43,,12.0,15.0,20.0,21.0,22.0,22.0,22.0,,40.0,47.0,63.0,72.0,73.0,73.0,73.0,,0.0,0.0,0.0,0.0,0.0,0.0,0.0,,,,,,,,,,0.0,0.0,0.0,0.0,0.0,0.0,0.0,,0.0,0.0,0.0,0.0,0.0,0.0,0.0,,0.0,0.0,0.0,0.0,0.0,0.0,0.0,,1.0,1.0,1.0,1.0,1.0,1.0,1.0,,1.0,1.0,1.0,1.0,1.0,1.0,1.0,,2.0,2.0,2.0,2.0,2.0,2.0,2.0
19599,,54.025369,12.472883,1325,1650,22.433,0.197,1,,,,,,,,59.785,22.843,22.843,22.843,13.599,0.395,0.395,,0.0,1.0,1.0,1.0,2.0,4.0,4.0,,3.0,5.0,5.0,5.0,8.0,17.0,19.0,,0.0,0.0,0.0,0.0,0.0,0.0,0.0,,,,,,,,,,0.0,0.0,1.0,1.0,1.0,1.0,1.0,,0.0,0.0,0.0,0.0,0.0,0.0,0.0,,1.0,1.0,1.0,1.0,1.0,1.0,1.0,,0.0,0.0,0.0,0.0,0.0,0.0,0.0,,0.0,0.0,0.0,0.0,0.0,0.0,0.0,,2.0,2.0,2.0,2.0,2.0,2.0,2.0
19600,,53.930031,12.340162,1309,1650,16.495,0.195,1,,,,,,,,69.41,21.959,21.959,21.959,0.39,0.39,0.39,,0.0,1.0,1.0,1.0,2.0,5.0,5.0,,3.0,5.0,5.0,5.0,8.0,17.0,19.0,,0.0,0.0,0.0,0.0,0.0,0.0,0.0,,,,,,,,,,1.0,1.0,0.0,0.0,0.0,0.0,0.0,,0.0,0.0,0.0,0.0,0.0,0.0,0.0,,1.0,1.0,1.0,1.0,1.0,1.0,1.0,,0.0,0.0,0.0,0.0,0.0,0.0,0.0,,0.0,0.0,0.0,0.0,0.0,0.0,0.0,,2.0,2.0,2.0,2.0,2.0,2.0,2.0
12469,Apenburg,52.709109,11.203498,1344,1650,20.62,2.942,1,,,,,,,,43.912,16.108,0.0,0.0,0.0,0.0,0.0,,1.0,6.0,9.0,14.0,14.0,18.0,19.0,,13.0,30.0,38.0,46.0,51.0,76.0,85.0,,0.0,0.0,1.0,1.0,1.0,1.0,1.0,,,,local,local,local,local,local,,0.0,0.0,0.0,0.0,0.0,0.0,0.0,,0.0,0.0,0.0,0.0,0.0,0.0,0.0,,0.0,0.0,0.0,0.0,0.0,0.0,0.0,,0.0,0.0,0.0,0.0,0.0,0.0,0.0,,0.0,0.0,0.0,0.0,0.0,0.0,0.0,,1.0,2.0,2.0,2.0,2.0,2.0,2.0
12472,Harzgerode,51.641621,11.142476,1338,1650,37.758,4.594,1,,,,,,,,23.935,23.935,23.935,23.935,17.134,16.424,16.424,,14.0,14.0,21.0,23.0,28.0,34.0,38.0,,46.0,61.0,79.0,107.0,118.0,145.0,158.0,,0.0,0.0,0.0,0.0,0.0,0.0,0.0,,,,,,,,,,0.0,0.0,0.0,0.0,0.0,0.0,0.0,,0.0,0.0,0.0,0.0,0.0,0.0,0.0,,0.0,0.0,0.0,0.0,0.0,0.0,0.0,,0.0,0.0,0.0,0.0,0.0,0.0,0.0,,0.0,0.0,0.0,0.0,0.0,0.0,0.0,,2.0,2.0,2.0,2.0,2.0,2.0,2.0
12473,,51.96047,5.220553,1318,1650,0.284,0.112,1,,,,,,,,16.179,9.5,5.098,5.098,5.098,5.098,5.098,,19.0,21.0,28.0,35.0,37.0,37.0,36.0,,52.0,63.0,78.0,89.0,93.0,94.0,90.0,,0.0,0.0,0.0,0.0,0.0,0.0,0.0,,,,,,,,,,0.0,0.0,0.0,0.0,0.0,0.0,0.0,,0.0,0.0,0.0,0.0,0.0,0.0,0.0,,0.0,0.0,0.0,0.0,0.0,0.0,0.0,,0.0,0.0,0.0,0.0,0.0,0.0,0.0,,1.0,1.0,1.0,1.0,1.0,1.0,1.0,,2.0,2.0,2.0,2.0,2.0,2.0,2.0
12524,Ziegenrück,50.614744,11.650218,1328,1527,89.327,3.703,1,,,,,,,,49.025,35.125,9.579,9.579,,,,,1.0,2.0,7.0,10.0,,,,,20.0,26.0,39.0,54.0,,,,,0.0,0.0,0.0,0.0,,,,,,,,,,,,,0.0,0.0,0.0,0.0,,,,,0.0,0.0,0.0,0.0,,,,,0.0,0.0,0.0,0.0,,,,,0.0,0.0,0.0,0.0,,,,,0.0,0.0,0.0,0.0,,,,,1.0,2.0,2.0,2.0,,,
12508,Mücheln,51.301679,11.80371,1350,1650,32.381,0.045,1,,,,,,,,16.222,16.222,12.259,12.259,9.201,9.201,9.201,,7.0,11.0,21.0,32.0,35.0,42.0,44.0,,27.0,34.0,54.0,70.0,83.0,96.0,104.0,,0.0,0.0,0.0,0.0,0.0,0.0,0.0,,,,,,,,,,0.0,0.0,0.0,0.0,0.0,0.0,0.0,,0.0,0.0,0.0,0.0,0.0,0.0,0.0,,0.0,0.0,0.0,0.0,0.0,0.0,0.0,,0.0,0.0,0.0,0.0,0.0,0.0,0.0,,0.0,0.0,0.0,0.0,0.0,0.0,0.0,,2.0,2.0,2.0,2.0,2.0,2.0,2.0
12594,,51.921159,4.487023,1340,1650,2.525,0.02,1,,,,,,,,11.08,11.08,11.08,11.08,11.08,11.08,11.08,,13.0,14.0,14.0,15.0,17.0,17.0,16.0,,32.0,36.0,44.0,53.0,56.0,56.0,55.0,,0.0,0.0,0.0,0.0,0.0,0.0,0.0,,,,,,,,,,0.0,0.0,0.0,0.0,0.0,0.0,0.0,,0.0,0.0,0.0,0.0,0.0,0.0,0.0,,0.0,0.0,0.0,0.0,0.0,0.0,0.0,,0.0,0.0,0.0,0.0,0.0,0.0,0.0,,0.0,0.0,0.0,0.0,0.0,0.0,0.0,,2.0,2.0,2.0,2.0,2.0,2.0,2.0
12776,,51.586359,4.313278,1337,1650,1.199,0.191,1,,,,,,,,31.989,31.989,30.632,30.632,30.632,30.632,30.632,,12.0,12.0,13.0,15.0,15.0,15.0,15.0,,26.0,30.0,34.0,39.0,41.0,41.0,40.0,,0.0,0.0,0.0,0.0,0.0,0.0,0.0,,,,,,,,,,0.0,0.0,0.0,0.0,0.0,0.0,0.0,,0.0,0.0,0.0,0.0,0.0,0.0,0.0,,0.0,0.0,0.0,0.0,0.0,0.0,0.0,,0.0,0.0,0.0,0.0,0.0,0.0,0.0,,1.0,1.0,1.0,1.0,1.0,1.0,1.0,,2.0,2.0,2.0,2.0,2.0,2.0,2.0
12806,,51.056402,3.721864,1350,1650,0.047,0.166,1,,,,,,,,30.361,30.361,32.446,26.626,26.626,26.626,26.626,,6.0,6.0,4.0,6.0,6.0,6.0,6.0,,10.0,11.0,10.0,12.0,12.0,12.0,12.0,,0.0,0.0,0.0,0.0,0.0,0.0,0.0,,,,,,,,,,0.0,0.0,0.0,0.0,0.0,0.0,0.0,,1.0,1.0,1.0,1.0,1.0,1.0,1.0,,0.0,0.0,0.0,0.0,0.0,0.0,0.0,,0.0,0.0,0.0,0.0,0.0,0.0,0.0,,1.0,1.0,1.0,1.0,1.0,1.0,1.0,,3.0,3.0,3.0,3.0,3.0,3.0,3.0
12807,,51.060415,3.713136,1350,1650,0.373,0.536,1,,,,,,,,29.871,29.871,32.572,26.544,26.544,26.544,26.544,,6.0,6.0,4.0,6.0,6.0,6.0,6.0,,10.0,11.0,10.0,12.0,12.0,12.0,12.0,,0.0,0.0,0.0,0.0,0.0,0.0,0.0,,,,,,,,,,0.0,0.0,0.0,0.0,0.0,0.0,0.0,,1.0,1.0,1.0,1.0,1.0,1.0,1.0,,0.0,0.0,0.0,0.0,0.0,0.0,0.0,,0.0,0.0,0.0,0.0,0.0,0.0,0.0,,0.0,0.0,0.0,0.0,0.0,0.0,0.0,,3.0,3.0,3.0,3.0,3.0,3.0,3.0
12810,,51.057699,3.707582,1350,1650,0.661,0.559,1,,,,,,,,29.996,29.996,33.062,27.003,27.003,27.003,27.003,,6.0,6.0,4.0,6.0,6.0,6.0,6.0,,10.0,11.0,10.0,12.0,12.0,12.0,12.0,,0.0,0.0,0.0,0.0,0.0,0.0,0.0,,,,,,,,,,0.0,0.0,0.0,0.0,0.0,0.0,0.0,,1.0,1.0,1.0,1.0,1.0,1.0,1.0,,0.0,0.0,0.0,0.0,0.0,0.0,0.0,,0.0,0.0,0.0,0.0,0.0,0.0,0.0,,0.0,0.0,0.0,0.0,0.0,0.0,1.0,,3.0,3.0,3.0,3.0,3.0,3.0,3.0
12867,,51.300877,11.803685,1350,1650,32.47,0.045,1,,,,,,,,16.162,16.162,12.195,12.195,9.287,9.287,9.287,,7.0,11.0,21.0,32.0,35.0,42.0,44.0,,27.0,34.0,54.0,70.0,83.0,96.0,104.0,,0.0,0.0,0.0,0.0,0.0,0.0,0.0,,,,,,,,,,0.0,0.0,0.0,0.0,0.0,0.0,0.0,,0.0,0.0,0.0,0.0,0.0,0.0,0.0,,0.0,0.0,0.0,0.0,0.0,0.0,0.0,,0.0,0.0,0.0,0.0,0.0,0.0,0.0,,0.0,0.0,0.0,0.0,0.0,0.0,0.0,,2.0,2.0,2.0,2.0,2.0,2.0,2.0
12889,,53.029386,5.65903,1317,1650,0.168,0.168,1,,,,,,,,64.09,40.833,31.3,31.3,31.3,31.3,31.3,,0.0,3.0,5.0,6.0,8.0,8.0,8.0,,19.0,34.0,44.0,47.0,54.0,54.0,51.0,,0.0,0.0,0.0,0.0,0.0,0.0,0.0,,,,,,,,,,0.0,0.0,0.0,0.0,0.0,0.0,0.0,,0.0,0.0,0.0,0.0,1.0,1.0,1.0,,0.0,0.0,0.0,0.0,0.0,0.0,0.0,,0.0,0.0,0.0,0.0,0.0,0.0,0.0,,1.0,1.0,1.0,1.0,1.0,1.0,1.0,,2.0,2.0,2.0,2.0,3.0,3.0,3.0
13008,,56.950056,24.105399,1350,1650,9.75,0.125,1,,,,,,,,367.13,367.13,367.13,367.13,367.13,344.296,344.296,,0.0,0.0,0.0,0.0,0.0,0.0,0.0,,0.0,0.0,0.0,0.0,0.0,0.0,0.0,,0.0,0.0,0.0,0.0,0.0,0.0,0.0,,,,,,,,,,0.0,0.0,0.0,0.0,0.0,0.0,0.0,,1.0,1.0,1.0,1.0,1.0,1.0,1.0,,0.0,0.0,0.0,0.0,0.0,0.0,0.0,,0.0,0.0,0.0,0.0,0.0,0.0,0.0,,0.0,0.0,0.0,0.0,0.0,0.0,0.0,,3.0,3.0,3.0,3.0,3.0,3.0,3.0
13010,,56.970052,21.977453,1347,1650,113.784,0.139,1,,,,,,,,384.378,384.378,384.378,384.378,384.378,359.189,359.189,,0.0,0.0,0.0,0.0,0.0,0.0,0.0,,0.0,0.0,0.0,0.0,0.0,0.0,0.0,,0.0,0.0,0.0,0.0,0.0,0.0,0.0,,,,,,,,,,0.0,0.0,0.0,0.0,0.0,0.0,0.0,,0.0,0.0,0.0,0.0,0.0,0.0,0.0,,0.0,0.0,1.0,1.0,1.0,1.0,1.0,,0.0,0.0,0.0,0.0,0.0,0.0,0.0,,0.0,0.0,0.0,0.0,0.0,0.0,0.0,,2.0,2.0,2.0,2.0,2.0,2.0,2.0
13340,,51.43841,3.575799,1315,1650,0.128,0.231,1,,,,,,,,7.115,7.115,7.115,7.115,7.115,7.115,7.115,,6.0,7.0,6.0,8.0,8.0,8.0,8.0,,15.0,16.0,15.0,17.0,17.0,17.0,17.0,,0.0,0.0,0.0,0.0,0.0,0.0,0.0,,,,,,,,,,0.0,0.0,1.0,1.0,1.0,0.0,0.0,,1.0,1.0,1.0,1.0,1.0,1.0,1.0,,0.0,0.0,0.0,0.0,0.0,0.0,0.0,,1.0,1.0,1.0,1.0,1.0,1.0,1.0,,1.0,1.0,1.0,1.0,1.0,1.0,1.0,,3.0,3.0,3.0,3.0,3.0,3.0,3.0
13378,,51.219011,4.395591,1350,1650,5.749,0.154,1,,,,,,,,0.388,0.388,0.388,0.388,0.388,0.388,0.388,,5.0,5.0,6.0,8.0,8.0,8.0,8.0,,21.0,23.0,22.0,26.0,27.0,27.0,27.0,,0.0,0.0,0.0,0.0,0.0,0.0,0.0,,,,,,,,,,0.0,0.0,0.0,0.0,0.0,0.0,0.0,,1.0,1.0,1.0,1.0,1.0,1.0,1.0,,0.0,0.0,0.0,0.0,0.0,0.0,0.0,,1.0,1.0,1.0,1.0,1.0,1.0,1.0,,0.0,0.0,0.0,0.0,0.0,0.0,0.0,,3.0,3.0,3.0,3.0,3.0,3.0,3.0
13443,,53.321096,6.856379,1327,1650,2.326,0.051,1,,,,,,,,0.102,0.102,0.102,0.102,0.102,0.102,0.102,,5.0,5.0,14.0,17.0,24.0,23.0,23.0,,15.0,23.0,38.0,48.0,57.0,60.0,62.0,,0.0,0.0,0.0,0.0,0.0,0.0,0.0,,,,,,,,,,0.0,0.0,0.0,0.0,0.0,0.0,0.0,,0.0,0.0,0.0,0.0,0.0,0.0,0.0,,0.0,0.0,0.0,0.0,0.0,0.0,0.0,,0.0,0.0,0.0,0.0,0.0,0.0,0.0,,1.0,1.0,1.0,1.0,1.0,1.0,1.0,,2.0,2.0,2.0,2.0,2.0,2.0,2.0
13668,,51.958662,5.224523,1318,1650,0.532,0.063,1,,,,,,,,16.204,9.162,4.784,4.784,4.784,4.784,4.784,,19.0,21.0,28.0,35.0,37.0,37.0,36.0,,53.0,66.0,81.0,92.0,96.0,97.0,93.0,,0.0,0.0,0.0,0.0,0.0,0.0,0.0,,,,,,,,,,0.0,0.0,0.0,0.0,0.0,0.0,0.0,,0.0,0.0,0.0,0.0,0.0,0.0,0.0,,0.0,0.0,0.0,0.0,0.0,0.0,0.0,,0.0,0.0,0.0,0.0,0.0,0.0,0.0,,0.0,0.0,0.0,0.0,0.0,0.0,0.0,,2.0,2.0,2.0,2.0,2.0,2.0,2.0
13678,,51.877776,5.118256,1314,1650,0.242,0.21,1,,,,,,,,11.404,11.404,11.404,11.404,11.404,11.404,11.404,,15.0,17.0,24.0,29.0,31.0,31.0,30.0,,51.0,65.0,81.0,92.0,96.0,97.0,93.0,,0.0,0.0,0.0,0.0,0.0,0.0,0.0,,,,,,,,,,0.0,0.0,0.0,0.0,0.0,0.0,0.0,,0.0,0.0,0.0,0.0,0.0,0.0,0.0,,0.0,0.0,0.0,0.0,0.0,0.0,0.0,,1.0,1.0,1.0,1.0,1.0,1.0,1.0,,0.0,0.0,0.0,0.0,0.0,0.0,0.0,,2.0,2.0,2.0,2.0,2.0,2.0,2.0
13694,Ronde haven,51.957308,5.220317,1318,1650,0.297,0.163,1,,,,,,,,16.085,9.316,5.033,5.033,5.033,5.033,5.033,,19.0,21.0,28.0,35.0,37.0,37.0,36.0,,53.0,66.0,81.0,92.0,96.0,97.0,93.0,,0.0,0.0,0.0,0.0,0.0,0.0,0.0,,,,,,,,,,0.0,0.0,0.0,0.0,0.0,0.0,0.0,,0.0,0.0,0.0,0.0,0.0,0.0,0.0,,0.0,0.0,0.0,0.0,0.0,0.0,0.0,,0.0,0.0,0.0,0.0,0.0,0.0,0.0,,1.0,1.0,1.0,1.0,1.0,1.0,1.0,,2.0,2.0,2.0,2.0,2.0,2.0,2.0
13800,Fürstenwerder,53.393274,13.584999,1323,1650,19.893,3.648,1,,,,,,,,79.292,79.292,79.292,79.292,79.292,67.775,30.725,,0.0,0.0,0.0,0.0,0.0,0.0,1.0,,1.0,5.0,5.0,6.0,9.0,12.0,13.0,,0.0,0.0,0.0,0.0,0.0,0.0,0.0,,,,,,,,,,0.0,0.0,0.0,0.0,0.0,0.0,0.0,,0.0,0.0,0.0,0.0,0.0,0.0,0.0,,0.0,0.0,0.0,0.0,0.0,0.0,0.0,,0.0,0.0,0.0,0.0,0.0,0.0,0.0,,0.0,0.0,0.0,0.0,0.0,0.0,0.0,,1.0,1.0,1.0,1.0,1.0,1.0,1.0
13795,Altlandsberg,52.564994,13.72663,1308,1650,12.648,5.296,1,,,,,,,,118.729,22.219,22.219,22.219,22.219,22.219,22.219,,0.0,3.0,3.0,3.0,3.0,3.0,3.0,,0.0,4.0,4.0,8.0,11.0,15.0,15.0,,0.0,0.0,0.0,0.0,0.0,0.0,0.0,,,,,,,,,,0.0,0.0,0.0,0.0,0.0,0.0,0.0,,0.0,0.0,0.0,0.0,0.0,0.0,0.0,,0.0,0.0,0.0,0.0,0.0,0.0,0.0,,0.0,0.0,0.0,0.0,0.0,0.0,0.0,,0.0,0.0,0.0,0.0,0.0,0.0,0.0,,1.0,2.0,2.0,2.0,2.0,2.0,2.0
13797,Biesenthal,52.765797,13.631308,1315,1375,8.355,2.309,1,,,,,,,,111.33,,,,,,,,0.0,,,,,,,,0.0,,,,,,,,0.0,,,,,,,,,,,,,,,,0.0,,,,,,,,0.0,,,,,,,,0.0,,,,,,,,0.0,,,,,,,,0.0,,,,,,,,1.0,,,,,,
13807,Putlitz,53.250002,12.039793,1319,1650,28.717,0.107,1,,,,,,,,43.406,43.406,43.406,43.406,43.406,23.537,23.537,,2.0,2.0,2.0,2.0,2.0,6.0,6.0,,6.0,15.0,18.0,26.0,31.0,45.0,49.0,,0.0,0.0,0.0,0.0,0.0,0.0,0.0,,,,,,,,,,0.0,0.0,0.0,0.0,0.0,0.0,0.0,,0.0,0.0,0.0,0.0,0.0,0.0,0.0,,0.0,0.0,0.0,0.0,0.0,0.0,0.0,,0.0,0.0,0.0,0.0,0.0,0.0,0.0,,0.0,0.0,0.0,0.0,0.0,0.0,0.0,,2.0,2.0,2.0,2.0,2.0,2.0,2.0
13809,Rhinow,52.751633,12.34417,1333,1650,10.804,8.012,1,,,,,,,,27.204,27.204,27.204,27.204,27.204,19.892,19.892,,3.0,5.0,5.0,8.0,11.0,15.0,19.0,,5.0,16.0,19.0,30.0,34.0,47.0,52.0,,0.0,0.0,0.0,0.0,0.0,0.0,0.0,,,,,,,,,,0.0,0.0,0.0,0.0,0.0,0.0,0.0,,0.0,0.0,0.0,0.0,0.0,0.0,0.0,,0.0,0.0,0.0,0.0,0.0,0.0,0.0,,0.0,0.0,0.0,0.0,0.0,0.0,0.0,,0.0,0.0,0.0,0.0,0.0,0.0,0.0,,2.0,2.0,2.0,2.0,2.0,2.0,2.0
13860,,51.060044,3.724827,1350,1650,0.499,0.04,1,,,,,,,,29.976,29.976,32.014,26.171,26.171,26.171,26.171,,6.0,6.0,4.0,6.0,6.0,6.0,6.0,,10.0,11.0,10.0,12.0,12.0,12.0,12.0,,0.0,0.0,0.0,0.0,0.0,0.0,0.0,,,,,,,,,,0.0,0.0,0.0,0.0,0.0,0.0,0.0,,1.0,1.0,1.0,1.0,1.0,1.0,1.0,,0.0,0.0,0.0,0.0,0.0,0.0,0.0,,0.0,0.0,0.0,0.0,0.0,0.0,0.0,,0.0,0.0,0.0,0.0,0.0,0.0,0.0,,3.0,3.0,3.0,3.0,3.0,3.0,3.0
13865,,51.220656,4.399159,1350,1650,6.035,0.041,1,,,,,,,,0.082,0.082,0.082,0.082,0.082,0.082,0.082,,5.0,5.0,6.0,8.0,8.0,8.0,8.0,,21.0,23.0,22.0,26.0,27.0,27.0,27.0,,0.0,0.0,0.0,0.0,0.0,0.0,0.0,,,,,,,,,,0.0,0.0,0.0,0.0,0.0,0.0,0.0,,1.0,1.0,1.0,1.0,1.0,1.0,1.0,,0.0,0.0,0.0,0.0,0.0,0.0,0.0,,0.0,0.0,0.0,0.0,0.0,0.0,0.0,,0.0,0.0,0.0,0.0,0.0,0.0,0.0,,3.0,3.0,3.0,3.0,3.0,3.0,3.0
13884,,52.002185,4.773932,1301,1650,0.091,0.034,1,,,,,,,,4.466,4.466,4.466,4.466,4.466,4.466,4.466,,18.0,21.0,26.0,29.0,31.0,31.0,30.0,,39.0,49.0,60.0,71.0,75.0,75.0,74.0,,0.0,0.0,0.0,0.0,0.0,0.0,0.0,,,,,,,,,,0.0,0.0,0.0,0.0,0.0,0.0,0.0,,0.0,0.0,0.0,0.0,0.0,0.0,0.0,,0.0,0.0,0.0,0.0,0.0,0.0,0.0,,1.0,1.0,1.0,1.0,1.0,1.0,1.0,,0.0,0.0,0.0,0.0,0.0,0.0,0.0,,2.0,2.0,2.0,2.0,2.0,2.0,2.0
14065,,53.174555,5.421664,1317,1650,0.216,0.806,1,,,,,,,,76.422,63.409,53.914,53.914,49.953,49.953,49.953,,0.0,0.0,0.0,0.0,2.0,2.0,2.0,,15.0,25.0,34.0,37.0,42.0,42.0,39.0,,0.0,0.0,0.0,0.0,0.0,0.0,0.0,,,,,,,,,,0.0,0.0,0.0,0.0,0.0,0.0,0.0,,0.0,0.0,0.0,0.0,0.0,0.0,0.0,,0.0,0.0,0.0,0.0,0.0,0.0,0.0,,0.0,0.0,0.0,0.0,0.0,0.0,0.0,,0.0,0.0,0.0,0.0,0.0,0.0,0.0,,2.0,2.0,2.0,2.0,2.0,2.0,2.0
14120,,52.046069,4.948282,1329,1650,0.123,0.033,1,,,,,,,,12.725,12.725,12.725,12.725,12.725,12.725,12.725,,17.0,20.0,25.0,28.0,30.0,30.0,29.0,,45.0,56.0,69.0,80.0,84.0,85.0,81.0,,0.0,0.0,0.0,0.0,0.0,0.0,0.0,,,,,,,,,,0.0,0.0,0.0,0.0,0.0,0.0,0.0,,0.0,0.0,0.0,0.0,0.0,0.0,0.0,,0.0,1.0,1.0,1.0,1.0,1.0,1.0,,1.0,0.0,0.0,0.0,0.0,0.0,0.0,,0.0,0.0,0.0,0.0,0.0,0.0,0.0,,2.0,2.0,2.0,2.0,2.0,2.0,2.0
14149,,52.83298,13.928497,1308,1573,1.609,0.038,1,,,,,,,,130.732,47.83,47.83,47.83,47.83,,,,0.0,4.0,4.0,5.0,7.0,,,,0.0,4.0,4.0,5.0,7.0,,,,0.0,0.0,0.0,0.0,0.0,,,,,,,,,,,,0.0,0.0,0.0,0.0,0.0,,,,0.0,0.0,0.0,0.0,0.0,,,,0.0,0.0,0.0,0.0,1.0,,,,0.0,0.0,0.0,0.0,0.0,,,,1.0,1.0,1.0,1.0,1.0,,,,2.0,2.0,2.0,2.0,2.0,,
14151,,52.720409,14.137806,1337,1650,5.795,0.217,1,,,,,,,,145.78,41.623,41.623,41.623,41.623,41.623,41.623,,0.0,1.0,1.0,2.0,4.0,4.0,4.0,,0.0,4.0,4.0,5.0,7.0,10.0,10.0,,0.0,0.0,0.0,0.0,0.0,0.0,0.0,,,,,,,,,,0.0,0.0,0.0,0.0,0.0,0.0,0.0,,0.0,0.0,0.0,0.0,0.0,0.0,0.0,,0.0,0.0,0.0,0.0,0.0,0.0,0.0,,0.0,0.0,0.0,0.0,0.0,0.0,0.0,,0.0,0.0,0.0,0.0,0.0,0.0,0.0,,2.0,2.0,2.0,2.0,2.0,2.0,2.0
14152,,52.724275,14.141797,1337,1650,5.583,0.253,1,,,,,,,,145.994,41.138,41.138,41.138,41.138,41.138,41.138,,0.0,1.0,1.0,2.0,4.0,4.0,4.0,,0.0,4.0,4.0,5.0,7.0,10.0,10.0,,0.0,0.0,0.0,0.0,0.0,0.0,0.0,,,,,,,,,,0.0,0.0,0.0,0.0,0.0,0.0,0.0,,0.0,0.0,0.0,0.0,0.0,0.0,0.0,,0.0,0.0,0.0,0.0,0.0,0.0,0.0,,0.0,0.0,0.0,0.0,0.0,0.0,0.0,,1.0,1.0,1.0,1.0,1.0,1.0,1.0,,2.0,2.0,2.0,2.0,2.0,2.0,2.0
14300,,52.496089,12.025795,1336,1420,2.961,0.186,1,,,,,,,,6.213,6.213,,,,,,,4.0,6.0,,,,,,,11.0,22.0,,,,,,,0.0,0.0,,,,,,,,,,,,,,,0.0,0.0,,,,,,,0.0,0.0,,,,,,,0.0,0.0,,,,,,,0.0,0.0,,,,,,,0.0,0.0,,,,,,,2.0,2.0,,,,,
14380,Werdau,50.736064,12.376449,1304,1650,59.548,0.207,1,,,,,,,,38.84,38.84,27.995,27.995,27.995,27.995,8.741,,1.0,1.0,3.0,5.0,10.0,11.0,13.0,,8.0,14.0,28.0,39.0,48.0,51.0,55.0,,0.0,0.0,0.0,0.0,0.0,0.0,0.0,,,,,,,,,,0.0,0.0,0.0,0.0,0.0,0.0,0.0,,0.0,0.0,0.0,0.0,0.0,0.0,0.0,,0.0,0.0,0.0,0.0,0.0,0.0,0.0,,0.0,0.0,0.0,0.0,0.0,0.0,0.0,,0.0,0.0,0.0,0.0,0.0,0.0,0.0,,2.0,2.0,2.0,2.0,2.0,2.0,2.0
14394,Garz (Rügen),54.316767,13.352101,1319,1650,24.835,6.006,1,,,,,,,,24.611,24.611,24.611,24.611,24.611,12.429,12.429,,1.0,1.0,1.0,1.0,2.0,3.0,3.0,,1.0,2.0,2.0,2.0,4.0,7.0,8.0,,0.0,0.0,0.0,0.0,0.0,0.0,0.0,,,,,,,,,,0.0,0.0,0.0,0.0,0.0,0.0,0.0,,0.0,0.0,0.0,0.0,0.0,0.0,0.0,,0.0,0.0,0.0,0.0,0.0,0.0,0.0,,0.0,0.0,0.0,0.0,0.0,0.0,0.0,,0.0,0.0,0.0,0.0,0.0,0.0,0.0,,1.0,1.0,1.0,1.0,2.0,2.0,2.0
14503,,52.837322,15.830995,1317,1650,14.127,0.117,1,,,,,,,,214.201,83.289,83.289,83.289,83.289,83.289,83.289,,0.0,0.0,0.0,0.0,0.0,0.0,0.0,,0.0,1.0,1.0,2.0,4.0,4.0,4.0,,0.0,0.0,0.0,0.0,0.0,0.0,0.0,,,,,,,,,,0.0,0.0,0.0,0.0,0.0,0.0,0.0,,0.0,0.0,0.0,0.0,0.0,0.0,0.0,,0.0,0.0,0.0,0.0,0.0,0.0,0.0,,0.0,0.0,0.0,0.0,0.0,0.0,0.0,,1.0,1.0,1.0,1.0,1.0,1.0,1.0,,2.0,2.0,2.0,2.0,2.0,2.0,2.0
14539,Tommarp,55.537125,14.235869,1344,1650,168.604,3.157,0,,,,,,,,28.81,28.81,28.81,28.81,28.81,68.03,68.03,,1.0,1.0,1.0,1.0,1.0,0.0,0.0,,5.0,5.0,5.0,5.0,5.0,2.0,2.0,,0.0,0.0,0.0,0.0,0.0,0.0,0.0,,,,,,,,,,0.0,0.0,0.0,0.0,0.0,0.0,0.0,,0.0,0.0,0.0,0.0,0.0,0.0,0.0,,0.0,0.0,0.0,0.0,0.0,0.0,0.0,,0.0,0.0,0.0,0.0,0.0,0.0,0.0,,0.0,0.0,0.0,0.0,0.0,0.0,0.0,,1.0,1.0,1.0,1.0,1.0,1.0,1.0
14543,Avaskär,56.263611,16.035556,1350,1600,268.292,103.35,0,,,,,,,,166.52,166.52,166.52,166.52,166.52,187.473,,,0.0,0.0,0.0,0.0,0.0,0.0,,,0.0,0.0,0.0,0.0,0.0,0.0,,,0.0,0.0,0.0,0.0,0.0,0.0,,,,,,,,,,,0.0,0.0,0.0,0.0,0.0,0.0,,,0.0,0.0,0.0,0.0,0.0,0.0,,,0.0,0.0,0.0,0.0,0.0,0.0,,,0.0,0.0,0.0,0.0,0.0,0.0,,,0.0,0.0,0.0,0.0,0.0,0.0,,,0.0,0.0,0.0,0.0,0.0,0.0,
14621,,51.025084,4.476503,1350,1650,2.893,0.026,1,,,,,,,,22.459,22.459,22.459,22.459,22.459,22.459,22.459,,3.0,3.0,3.0,5.0,5.0,5.0,5.0,,20.0,21.0,20.0,22.0,22.0,22.0,22.0,,0.0,0.0,0.0,0.0,0.0,0.0,0.0,,,,,,,,,,0.0,0.0,0.0,0.0,0.0,0.0,0.0,,0.0,1.0,0.0,0.0,0.0,0.0,0.0,,0.0,0.0,0.0,0.0,0.0,0.0,0.0,,0.0,0.0,0.0,0.0,0.0,0.0,0.0,,0.0,0.0,0.0,0.0,0.0,0.0,0.0,,2.0,3.0,2.0,2.0,2.0,2.0,2.0
14668,,52.002216,4.776835,1301,1650,0.027,0.051,1,,,,,,,,4.659,4.659,4.659,4.659,4.659,4.659,4.659,,18.0,21.0,26.0,29.0,31.0,31.0,30.0,,39.0,49.0,60.0,71.0,75.0,75.0,74.0,,0.0,0.0,0.0,0.0,0.0,0.0,0.0,,,,,,,,,,0.0,0.0,0.0,0.0,0.0,0.0,0.0,,0.0,0.0,0.0,0.0,0.0,0.0,0.0,,0.0,0.0,0.0,0.0,0.0,0.0,0.0,,0.0,0.0,0.0,0.0,0.0,0.0,0.0,,0.0,0.0,0.0,0.0,0.0,0.0,0.0,,2.0,2.0,2.0,2.0,2.0,2.0,2.0
14791,,51.30302937,11.80591899,1350,1650,32.226,0.107,1,,,,,,,,16.215,16.215,12.474,12.474,9.095,9.095,9.095,,7.0,11.0,21.0,32.0,35.0,42.0,44.0,,27.0,34.0,54.0,70.0,83.0,96.0,104.0,,0.0,0.0,0.0,0.0,0.0,0.0,0.0,,,,,,,,,,0.0,0.0,0.0,0.0,0.0,0.0,0.0,,0.0,0.0,0.0,0.0,0.0,0.0,0.0,,0.0,0.0,0.0,0.0,0.0,0.0,0.0,,0.0,0.0,0.0,0.0,0.0,0.0,0.0,,0.0,0.0,0.0,0.0,0.0,0.0,0.0,,2.0,2.0,2.0,2.0,2.0,2.0,2.0
14818,,53.709578,16.69787,1310,1650,124.32,0.157,1,,,,,,,,221.481,161.625,161.625,161.625,161.625,89.868,89.868,,0.0,0.0,0.0,0.0,0.0,0.0,0.0,,0.0,0.0,0.0,0.0,0.0,1.0,1.0,,0.0,0.0,0.0,0.0,0.0,0.0,0.0,,,,,,,,,,0.0,0.0,0.0,0.0,0.0,0.0,0.0,,0.0,0.0,0.0,0.0,0.0,0.0,0.0,,0.0,0.0,0.0,0.0,0.0,0.0,0.0,,0.0,0.0,0.0,0.0,0.0,0.0,0.0,,0.0,0.0,0.0,0.0,0.0,0.0,0.0,,2.0,2.0,2.0,2.0,2.0,2.0,2.0
14823,,53.533851,16.010564,1333,1650,86.505,0.05,1,,,,,,,,183.587,112.784,112.784,112.784,112.784,76.856,76.856,,0.0,0.0,0.0,0.0,0.0,0.0,0.0,,0.0,0.0,0.0,0.0,0.0,2.0,2.0,,0.0,0.0,0.0,0.0,0.0,0.0,0.0,,,,,,,,,,0.0,0.0,0.0,0.0,0.0,0.0,0.0,,0.0,0.0,0.0,0.0,0.0,0.0,0.0,,0.0,0.0,0.0,0.0,0.0,0.0,0.0,,0.0,0.0,0.0,0.0,0.0,0.0,0.0,,0.0,0.0,0.0,0.0,0.0,0.0,0.0,,2.0,2.0,2.0,2.0,2.0,2.0,2.0
14890,,52.002022,4.775376,1301,1650,0.024,0.045,1,,,,,,,,4.566,4.566,4.566,4.566,4.566,4.566,4.566,,18.0,21.0,26.0,29.0,31.0,31.0,30.0,,39.0,49.0,60.0,71.0,75.0,75.0,74.0,,0.0,0.0,0.0,0.0,0.0,0.0,0.0,,,,,,,,,,0.0,0.0,0.0,0.0,0.0,0.0,0.0,,0.0,0.0,0.0,0.0,0.0,0.0,0.0,,0.0,0.0,0.0,0.0,0.0,0.0,0.0,,0.0,0.0,0.0,0.0,0.0,0.0,0.0,,1.0,1.0,1.0,1.0,1.0,1.0,1.0,,2.0,2.0,2.0,2.0,2.0,2.0,2.0
14891,,52.002438,4.775145,1301,1650,0.024,0.073,1,,,,,,,,4.54,4.54,4.54,4.54,4.54,4.54,4.54,,18.0,21.0,26.0,29.0,31.0,31.0,30.0,,39.0,49.0,60.0,71.0,75.0,75.0,74.0,,0.0,0.0,0.0,0.0,0.0,0.0,0.0,,,,,,,,,,0.0,0.0,0.0,0.0,0.0,0.0,0.0,,0.0,0.0,0.0,0.0,0.0,0.0,0.0,,0.0,0.0,0.0,0.0,0.0,0.0,0.0,,0.0,0.0,0.0,0.0,0.0,0.0,0.0,,0.0,0.0,0.0,0.0,0.0,0.0,0.0,,2.0,2.0,2.0,2.0,2.0,2.0,2.0
16312,,52.394964,11.293134,1345,1650,33.281,0.237,1,,,,,,,,36.052,36.052,35.453,16.099,16.099,16.099,16.099,,6.0,7.0,10.0,14.0,14.0,23.0,28.0,,15.0,32.0,47.0,60.0,69.0,96.0,108.0,,0.0,0.0,0.0,0.0,0.0,0.0,0.0,,,,,,,,,,0.0,0.0,0.0,0.0,0.0,0.0,0.0,,0.0,0.0,0.0,0.0,0.0,0.0,0.0,,0.0,0.0,0.0,0.0,0.0,0.0,0.0,,0.0,0.0,0.0,0.0,0.0,0.0,0.0,,0.0,0.0,0.0,0.0,0.0,0.0,0.0,,2.0,2.0,2.0,2.0,2.0,2.0,2.0
16319,,52.675164,12.002165,1338,1650,6.083,0.106,1,,,,,,,,15.077,15.077,15.077,15.077,15.077,12.271,12.271,,3.0,5.0,5.0,12.0,15.0,20.0,25.0,,10.0,21.0,24.0,35.0,41.0,56.0,66.0,,0.0,0.0,0.0,0.0,0.0,0.0,0.0,,,,,,,,,,0.0,0.0,0.0,0.0,0.0,0.0,0.0,,0.0,0.0,0.0,0.0,0.0,0.0,0.0,,0.0,0.0,0.0,0.0,0.0,0.0,0.0,,0.0,0.0,0.0,0.0,0.0,0.0,0.0,,0.0,0.0,0.0,0.0,0.0,0.0,0.0,,2.0,2.0,2.0,2.0,2.0,2.0,2.0
16381,Bytów,54.169434,17.489022,1346,1650,78.716,14.162,1,,,,,,,,267.726,232.689,232.689,232.689,232.689,124.496,124.496,,0.0,0.0,0.0,0.0,0.0,0.0,0.0,,0.0,0.0,0.0,0.0,0.0,0.0,0.0,,0.0,0.0,0.0,0.0,0.0,0.0,0.0,,,,,,,,,,0.0,0.0,0.0,0.0,0.0,0.0,0.0,,0.0,0.0,0.0,0.0,0.0,0.0,0.0,,0.0,0.0,0.0,0.0,0.0,0.0,0.0,,0.0,0.0,0.0,0.0,0.0,0.0,0.0,,0.0,0.0,0.0,0.0,0.0,0.0,0.0,,0.0,0.0,0.0,0.0,0.0,0.0,0.0
16380,Bobolice,53.953204,16.586823,1340,1650,142.146,8.639,1,,,,,,,,209.989,171.033,171.033,171.033,171.033,70.439,70.439,,0.0,0.0,0.0,0.0,0.0,0.0,0.0,,0.0,0.0,0.0,0.0,0.0,1.0,1.0,,0.0,0.0,0.0,0.0,0.0,0.0,0.0,,,,,,,,,,0.0,0.0,0.0,0.0,0.0,0.0,0.0,,0.0,0.0,0.0,0.0,0.0,0.0,0.0,,0.0,0.0,0.0,0.0,0.0,0.0,0.0,,0.0,0.0,0.0,0.0,0.0,0.0,0.0,,0.0,0.0,0.0,0.0,0.0,0.0,0.0,,1.0,1.0,1.0,1.0,1.0,1.0,1.0
16382,Dobra (Nowogard),53.586216,15.309738,1331,1650,57.407,7.571,1,,,,,,,,138.656,83.407,83.407,83.407,83.407,31.881,31.881,,0.0,0.0,0.0,0.0,0.0,1.0,1.0,,0.0,1.0,1.0,2.0,4.0,6.0,6.0,,0.0,0.0,0.0,0.0,0.0,0.0,0.0,,,,,,,,,,0.0,0.0,0.0,0.0,0.0,0.0,0.0,,0.0,0.0,0.0,0.0,0.0,0.0,0.0,,0.0,0.0,0.0,0.0,0.0,0.0,0.0,,0.0,0.0,0.0,0.0,0.0,0.0,0.0,,0.0,0.0,0.0,0.0,0.0,0.0,0.0,,1.0,1.0,1.0,1.0,1.0,1.0,1.0
16383,Widuchowa,53.127938,14.386404,1347,1650,1.453,0.132,1,,,,,,,,126.441,23.395,23.395,23.395,23.395,23.395,23.395,,0.0,1.0,1.0,2.0,4.0,4.0,4.0,,0.0,4.0,4.0,5.0,7.0,8.0,9.0,,0.0,0.0,0.0,0.0,0.0,0.0,0.0,,,,,,,,,,0.0,0.0,0.0,0.0,0.0,0.0,0.0,,0.0,0.0,0.0,0.0,0.0,0.0,0.0,,0.0,0.0,0.0,0.0,0.0,0.0,0.0,,0.0,0.0,0.0,0.0,0.0,0.0,0.0,,0.0,0.0,0.0,0.0,0.0,0.0,0.0,,2.0,2.0,2.0,2.0,2.0,2.0,2.0
16384,Chociwel,53.462484,15.333304,1338,1650,53.629,6.073,1,,,,,,,,146.344,73.485,73.485,73.485,73.485,35.236,35.236,,0.0,0.0,0.0,0.0,0.0,1.0,1.0,,0.0,1.0,1.0,2.0,4.0,6.0,6.0,,0.0,0.0,0.0,0.0,0.0,0.0,0.0,,,,,,,,,,0.0,0.0,0.0,0.0,0.0,0.0,0.0,,0.0,0.0,0.0,0.0,0.0,0.0,0.0,,0.0,0.0,0.0,0.0,0.0,0.0,0.0,,0.0,0.0,0.0,0.0,0.0,0.0,0.0,,0.0,0.0,0.0,0.0,0.0,0.0,0.0,,1.0,1.0,1.0,1.0,1.0,1.0,1.0
16385,Dobrzany,53.357448,15.429429,1336,1650,58.167,0.356,1,,,,,,,,157.808,70.077,70.077,70.077,70.077,45.933,45.933,,0.0,0.0,0.0,0.0,0.0,1.0,1.0,,0.0,1.0,1.0,2.0,4.0,6.0,6.0,,0.0,0.0,0.0,0.0,0.0,0.0,0.0,,,,,,,,,,0.0,0.0,0.0,0.0,0.0,0.0,0.0,,0.0,0.0,0.0,0.0,0.0,0.0,0.0,,0.0,0.0,0.0,0.0,0.0,0.0,0.0,,0.0,0.0,0.0,0.0,0.0,0.0,0.0,,0.0,0.0,0.0,0.0,0.0,0.0,0.0,,2.0,2.0,2.0,2.0,2.0,2.0,2.0
16393,Polanów,54.118905,16.685861,1313,1650,130.783,11.585,1,,,,,,,,215.44,187.957,187.957,187.957,187.957,72.542,72.542,,0.0,0.0,0.0,0.0,0.0,0.0,0.0,,0.0,0.0,0.0,0.0,0.0,1.0,1.0,,0.0,0.0,0.0,0.0,0.0,0.0,0.0,,,,,,,,,,0.0,0.0,0.0,0.0,0.0,0.0,0.0,,0.0,0.0,0.0,0.0,0.0,0.0,0.0,,0.0,0.0,0.0,0.0,0.0,0.0,0.0,,0.0,0.0,0.0,0.0,0.0,0.0,0.0,,0.0,0.0,0.0,0.0,0.0,0.0,0.0,,0.0,0.0,0.0,0.0,0.0,0.0,0.0
16400,,54.364519,16.679133,1311,1650,127.933,0.051,1,,,,,,,,216.416,207.006,207.006,207.006,207.006,74.625,74.625,,0.0,0.0,0.0,0.0,0.0,0.0,0.0,,0.0,0.0,0.0,0.0,0.0,1.0,1.0,,0.0,0.0,0.0,0.0,0.0,0.0,0.0,,,,,,,,,,1.0,1.0,1.0,1.0,1.0,1.0,1.0,,0.0,0.0,0.0,0.0,0.0,0.0,0.0,,1.0,1.0,1.0,1.0,1.0,1.0,1.0,,0.0,0.0,0.0,0.0,0.0,0.0,0.0,,0.0,0.0,0.0,0.0,0.0,0.0,0.0,,2.0,2.0,2.0,2.0,2.0,2.0,2.0
16417,,53.123397,18.001354,1346,1650,26.479,0.055,1,,,,,,,,323.354,227.558,227.558,227.558,227.558,198.076,198.076,,0.0,0.0,0.0,0.0,0.0,0.0,0.0,,0.0,0.0,0.0,0.0,0.0,0.0,0.0,,0.0,0.0,0.0,0.0,0.0,0.0,0.0,,,,,,,,,,0.0,1.0,1.0,1.0,1.0,1.0,1.0,,0.0,0.0,0.0,0.0,0.0,0.0,0.0,,0.0,1.0,1.0,1.0,1.0,1.0,1.0,,0.0,0.0,0.0,0.0,0.0,0.0,0.0,,0.0,0.0,0.0,0.0,0.0,0.0,0.0,,2.0,2.0,2.0,2.0,2.0,2.0,2.0
16453,,53.126602,14.383128,1347,1650,1.236,0.132,1,,,,,,,,126.455,23.419,23.419,23.419,23.419,23.419,23.419,,0.0,1.0,1.0,2.0,4.0,4.0,4.0,,0.0,4.0,4.0,5.0,7.0,8.0,9.0,,0.0,0.0,0.0,0.0,0.0,0.0,0.0,,,,,,,,,,0.0,0.0,0.0,0.0,0.0,0.0,0.0,,0.0,0.0,0.0,0.0,0.0,0.0,0.0,,0.0,0.0,0.0,0.0,0.0,0.0,0.0,,0.0,0.0,0.0,0.0,0.0,0.0,0.0,,1.0,1.0,1.0,1.0,1.0,1.0,1.0,,2.0,2.0,2.0,2.0,2.0,2.0,2.0
16476,,54.544771,17.753022,1341,1650,61.557,0.125,1,,,,,,,,269.471,269.471,269.471,269.471,269.471,146.876,146.876,,0.0,0.0,0.0,0.0,0.0,0.0,0.0,,0.0,0.0,0.0,0.0,0.0,0.0,0.0,,0.0,0.0,0.0,0.0,0.0,0.0,0.0,,,,,,,,,,0.0,0.0,0.0,0.0,0.0,0.0,0.0,,0.0,0.0,0.0,0.0,0.0,0.0,0.0,,0.0,0.0,0.0,0.0,0.0,0.0,0.0,,0.0,0.0,0.0,0.0,0.0,0.0,0.0,,0.0,0.0,0.0,0.0,0.0,0.0,0.0,,2.0,2.0,2.0,2.0,2.0,2.0,2.0
16675,,53.710529,16.686494,1310,1650,124.017,0.225,1,,,,,,,,220.727,161.031,161.031,161.031,161.031,89.199,89.199,,0.0,0.0,0.0,0.0,0.0,0.0,0.0,,0.0,0.0,0.0,0.0,0.0,1.0,1.0,,0.0,0.0,0.0,0.0,0.0,0.0,0.0,,,,,,,,,,0.0,0.0,0.0,0.0,0.0,0.0,0.0,,0.0,0.0,0.0,0.0,0.0,0.0,0.0,,0.0,0.0,0.0,0.0,0.0,0.0,0.0,,0.0,0.0,0.0,0.0,0.0,0.0,0.0,,0.0,0.0,0.0,0.0,0.0,0.0,0.0,,2.0,2.0,2.0,2.0,2.0,2.0,2.0
16680,,53.296404,15.904137,1303,1650,59.198,0.092,1,,,,,,,,188.398,94.05,94.05,94.05,94.05,77.223,77.223,,0.0,0.0,0.0,0.0,0.0,0.0,0.0,,0.0,1.0,1.0,2.0,4.0,5.0,5.0,,0.0,0.0,0.0,0.0,0.0,0.0,0.0,,,,,,,,,,0.0,0.0,0.0,0.0,0.0,0.0,0.0,,1.0,1.0,1.0,1.0,1.0,1.0,1.0,,0.0,0.0,0.0,0.0,0.0,0.0,0.0,,0.0,0.0,0.0,0.0,0.0,0.0,0.0,,0.0,0.0,0.0,0.0,0.0,0.0,0.0,,3.0,3.0,3.0,3.0,3.0,3.0,3.0
16948,haven Harlingen,53.17566,5.413459,1317,1650,0.347,1.266,0,,,,,,,,76.959,63.895,54.38,54.38,50.456,50.456,50.456,,0.0,0.0,0.0,0.0,0.0,0.0,0.0,,15.0,25.0,34.0,37.0,42.0,42.0,39.0,,0.0,0.0,0.0,0.0,0.0,0.0,0.0,,,,,,,,,,0.0,0.0,0.0,0.0,0.0,0.0,0.0,,0.0,0.0,0.0,0.0,0.0,0.0,0.0,,0.0,0.0,0.0,0.0,0.0,0.0,0.0,,0.0,0.0,0.0,0.0,0.0,0.0,0.0,,1.0,1.0,1.0,1.0,1.0,1.0,1.0,,1.0,1.0,1.0,1.0,1.0,1.0,1.0
16969,,50.107303,8.917379,1320,1650,4.154,0.059,1,,,,,,,,16.777,16.777,16.777,16.777,16.777,16.777,16.777,,7.0,7.0,7.0,7.0,7.0,9.0,9.0,,10.0,10.0,10.0,10.0,10.0,12.0,12.0,,0.0,0.0,0.0,0.0,0.0,0.0,0.0,,,,,,,,,,0.0,0.0,0.0,0.0,0.0,0.0,0.0,,0.0,0.0,0.0,0.0,0.0,0.0,0.0,,0.0,0.0,0.0,0.0,0.0,0.0,0.0,,0.0,0.0,0.0,0.0,0.0,0.0,0.0,,1.0,1.0,1.0,1.0,1.0,1.0,1.0,,2.0,2.0,2.0,2.0,2.0,2.0,2.0
17016,Ulrichstein,50.575886,9.192939,1347,1650,51.878,4.778,1,,,,,,,,34.882,34.882,34.882,34.882,34.882,34.882,34.882,,8.0,8.0,8.0,8.0,8.0,10.0,10.0,,23.0,25.0,25.0,30.0,32.0,39.0,44.0,,0.0,0.0,0.0,0.0,0.0,0.0,0.0,,,,,,,,,,0.0,0.0,0.0,0.0,0.0,0.0,0.0,,0.0,0.0,0.0,0.0,0.0,0.0,0.0,,0.0,0.0,0.0,0.0,0.0,0.0,0.0,,0.0,0.0,0.0,0.0,0.0,0.0,0.0,,0.0,0.0,0.0,0.0,0.0,0.0,0.0,,2.0,2.0,2.0,2.0,2.0,2.0,2.0
17018,Nidda,50.412832,9.008408,1311,1650,35.942,6.426,1,,,,,,,,26.707,26.707,26.707,26.707,26.707,26.707,26.707,,7.0,7.0,7.0,7.0,7.0,9.0,9.0,,10.0,10.0,10.0,13.0,13.0,20.0,24.0,,0.0,0.0,0.0,0.0,0.0,0.0,0.0,,,,,,,,,,0.0,0.0,0.0,0.0,0.0,0.0,0.0,,0.0,0.0,0.0,0.0,0.0,0.0,0.0,,0.0,0.0,0.0,0.0,0.0,0.0,0.0,,0.0,0.0,0.0,0.0,0.0,0.0,0.0,,0.0,0.0,0.0,0.0,0.0,0.0,0.0,,2.0,2.0,2.0,2.0,2.0,2.0,2.0
17147,,51.223609,4.403039,1350,1650,6.457,0.172,1,,,,,,,,0.343,0.343,0.343,0.343,0.343,0.343,0.343,,5.0,5.0,6.0,8.0,8.0,8.0,8.0,,21.0,25.0,24.0,28.0,29.0,29.0,29.0,,0.0,0.0,0.0,0.0,0.0,0.0,0.0,,,,,,,,,,0.0,0.0,0.0,0.0,0.0,0.0,0.0,,1.0,1.0,1.0,1.0,1.0,1.0,1.0,,0.0,0.0,0.0,0.0,0.0,0.0,0.0,,0.0,0.0,0.0,0.0,0.0,0.0,0.0,,0.0,0.0,0.0,0.0,0.0,0.0,0.0,,3.0,3.0,3.0,3.0,3.0,3.0,3.0
17345,Karlův most,50.086442,14.411767,1350,1650,98.457,0.28,1,,,,,,,,193.251,174.383,145.932,136.897,136.897,136.897,136.897,,0.0,0.0,0.0,0.0,0.0,0.0,0.0,,0.0,0.0,0.0,0.0,0.0,0.0,0.0,,0.0,0.0,0.0,0.0,0.0,0.0,0.0,,,,,,,,,,1.0,1.0,1.0,1.0,1.0,1.0,1.0,,1.0,1.0,1.0,1.0,1.0,1.0,1.0,,1.0,1.0,1.0,1.0,1.0,1.0,1.0,,0.0,0.0,0.0,0.0,0.0,0.0,0.0,,0.0,0.0,0.0,0.0,0.0,0.0,0.0,,3.0,3.0,3.0,3.0,3.0,3.0,3.0
17346,Radeberg,51.118152,13.922773,1344,1650,13.408,0.6,1,,,,,,,,110.592,84.186,43.688,31.95,31.95,31.95,31.95,,0.0,0.0,1.0,1.0,1.0,1.0,1.0,,0.0,2.0,3.0,3.0,6.0,6.0,9.0,,0.0,0.0,0.0,0.0,0.0,0.0,0.0,,,,,,,,,,0.0,1.0,1.0,1.0,1.0,1.0,1.0,,0.0,0.0,0.0,0.0,0.0,0.0,0.0,,0.0,0.0,0.0,0.0,0.0,0.0,0.0,,0.0,0.0,0.0,0.0,0.0,0.0,0.0,,0.0,0.0,0.0,0.0,0.0,0.0,0.0,,2.0,2.0,2.0,2.0,2.0,2.0,2.0
17357,Elstra,51.221662,14.133471,1329,1650,31.221,2.229,1,,,,,,,,123.045,97.738,57.493,46.66,46.66,46.66,46.66,,0.0,0.0,0.0,1.0,1.0,1.0,1.0,,0.0,2.0,3.0,3.0,6.0,6.0,8.0,,0.0,0.0,0.0,0.0,0.0,0.0,0.0,,,,,,,,,,0.0,0.0,0.0,0.0,0.0,0.0,0.0,,0.0,0.0,0.0,0.0,0.0,0.0,0.0,,0.0,0.0,0.0,0.0,0.0,0.0,0.0,,0.0,0.0,0.0,0.0,0.0,0.0,0.0,,0.0,0.0,0.0,0.0,0.0,0.0,0.0,,1.0,1.0,1.0,1.0,1.0,1.0,1.0
17442,,51.07593,11.34509,1334,1650,66.291,0.026,1,,,,,,,,23.962,23.645,15.896,7.119,7.119,7.119,7.119,,10.0,12.0,21.0,28.0,31.0,33.0,33.0,,35.0,45.0,65.0,84.0,102.0,119.0,135.0,,0.0,0.0,0.0,0.0,0.0,0.0,0.0,,,,,,,,,,0.0,0.0,0.0,0.0,0.0,0.0,0.0,,0.0,0.0,0.0,0.0,0.0,0.0,0.0,,0.0,0.0,0.0,0.0,0.0,0.0,0.0,,0.0,0.0,0.0,0.0,0.0,0.0,0.0,,0.0,0.0,0.0,0.0,0.0,0.0,0.0,,2.0,2.0,2.0,2.0,2.0,2.0,2.0
17458,,51.008213,11.673242,1343,1650,57.607,0.067,1,,,,,,,,5.727,5.727,5.727,5.727,5.727,5.727,5.727,,8.0,10.0,19.0,28.0,32.0,35.0,35.0,,25.0,31.0,47.0,60.0,76.0,86.0,89.0,,0.0,0.0,0.0,0.0,0.0,0.0,0.0,,,,,,,,,,0.0,0.0,0.0,0.0,0.0,0.0,0.0,,0.0,0.0,0.0,0.0,0.0,0.0,0.0,,0.0,0.0,0.0,0.0,0.0,0.0,0.0,,0.0,0.0,0.0,0.0,0.0,0.0,0.0,,0.0,0.0,0.0,0.0,0.0,0.0,0.0,,2.0,2.0,2.0,2.0,2.0,2.0,2.0
17488,,50.685178,10.914735,1341,1650,79.288,0.11,1,,,,,,,,31.659,31.659,31.659,31.659,17.693,17.693,17.693,,10.0,14.0,18.0,23.0,26.0,28.0,29.0,,33.0,39.0,48.0,67.0,80.0,91.0,98.0,,0.0,0.0,0.0,0.0,0.0,0.0,0.0,,,,,,,,,,0.0,0.0,0.0,0.0,0.0,0.0,0.0,,0.0,0.0,0.0,0.0,0.0,0.0,0.0,,0.0,0.0,0.0,0.0,0.0,0.0,0.0,,0.0,0.0,0.0,0.0,0.0,0.0,0.0,,0.0,0.0,0.0,0.0,0.0,0.0,0.0,,2.0,2.0,2.0,2.0,2.0,2.0,2.0
17521,,50.70011,11.903236,1331,1650,71.914,0.09,1,,,,,,,,41.599,33.664,21.979,21.979,15.057,15.057,15.057,,2.0,3.0,10.0,13.0,18.0,20.0,21.0,,13.0,21.0,37.0,48.0,60.0,64.0,68.0,,0.0,0.0,0.0,0.0,0.0,0.0,0.0,,,,,,,,,,0.0,0.0,0.0,0.0,0.0,0.0,0.0,,0.0,0.0,0.0,0.0,0.0,0.0,0.0,,0.0,0.0,0.0,0.0,0.0,0.0,0.0,,0.0,0.0,0.0,0.0,0.0,0.0,0.0,,0.0,0.0,0.0,0.0,0.0,0.0,0.0,,2.0,2.0,2.0,2.0,2.0,2.0,2.0
17542,Mühltroff,50.540732,11.929323,1350,1650,87.303,4.488,1,,,,,,,,58.471,49.322,29.202,29.202,9.325,9.325,9.325,,0.0,1.0,6.0,7.0,12.0,13.0,14.0,,11.0,18.0,29.0,41.0,52.0,56.0,58.0,,0.0,0.0,0.0,0.0,0.0,0.0,0.0,,,,,,,,,,0.0,0.0,0.0,0.0,0.0,0.0,0.0,,0.0,0.0,0.0,0.0,0.0,0.0,0.0,,0.0,0.0,0.0,0.0,0.0,0.0,0.0,,0.0,0.0,0.0,0.0,0.0,0.0,0.0,,0.0,0.0,0.0,0.0,0.0,0.0,0.0,,1.0,1.0,2.0,2.0,2.0,2.0,2.0
17697,,51.05666,3.741746,1350,1650,0.618,0.471,1,,,,,,,,30.48,30.48,31.455,25.95,25.95,25.95,25.95,,8.0,8.0,6.0,8.0,8.0,8.0,8.0,,10.0,11.0,10.0,12.0,12.0,12.0,12.0,,0.0,0.0,0.0,0.0,0.0,0.0,0.0,,,,,,,,,,0.0,0.0,0.0,0.0,0.0,0.0,0.0,,1.0,1.0,1.0,1.0,1.0,1.0,1.0,,0.0,0.0,0.0,0.0,0.0,0.0,0.0,,0.0,0.0,0.0,0.0,0.0,0.0,0.0,,0.0,0.0,0.0,0.0,0.0,0.0,0.0,,3.0,3.0,3.0,3.0,3.0,3.0,3.0
17736,,49.987714,10.851016,1328,1650,120.899,0.109,1,,,,,,,,49.503,30.323,30.323,30.323,30.323,30.323,30.323,,1.0,3.0,3.0,3.0,3.0,3.0,3.0,,8.0,12.0,16.0,21.0,25.0,32.0,33.0,,0.0,0.0,0.0,0.0,0.0,0.0,0.0,,,,,,,,,,0.0,0.0,0.0,0.0,0.0,0.0,0.0,,0.0,0.0,0.0,0.0,0.0,0.0,0.0,,0.0,0.0,0.0,0.0,0.0,0.0,0.0,,0.0,0.0,0.0,0.0,0.0,0.0,0.0,,0.0,0.0,0.0,0.0,0.0,0.0,0.0,,2.0,2.0,2.0,2.0,2.0,2.0,2.0
17742,,50.426437,10.726132,1331,1650,86.869,0.11,1,,,,,,,,0.22,0.22,0.22,0.22,0.22,0.22,0.22,,8.0,12.0,12.0,17.0,20.0,26.0,27.0,,27.0,32.0,39.0,51.0,58.0,65.0,69.0,,0.0,0.0,0.0,0.0,0.0,0.0,0.0,,,,,,,,,,0.0,0.0,0.0,0.0,0.0,0.0,0.0,,0.0,0.0,0.0,0.0,0.0,0.0,0.0,,0.0,0.0,0.0,0.0,0.0,0.0,0.0,,0.0,0.0,0.0,0.0,0.0,0.0,0.0,,0.0,0.0,0.0,0.0,0.0,0.0,0.0,,2.0,2.0,2.0,2.0,2.0,2.0,2.0
17873,,52.58486,5.932521,1333,1650,1.321,0.093,1,,,,,,,,13.511,3.106,3.106,3.106,3.106,3.106,3.106,,11.0,26.0,29.0,32.0,33.0,34.0,31.0,,46.0,62.0,82.0,99.0,108.0,108.0,104.0,,0.0,0.0,0.0,0.0,0.0,0.0,0.0,,,,,,,,,,0.0,0.0,0.0,0.0,0.0,0.0,0.0,,0.0,0.0,0.0,0.0,0.0,0.0,0.0,,0.0,0.0,0.0,0.0,0.0,0.0,0.0,,0.0,0.0,0.0,0.0,0.0,0.0,0.0,,1.0,1.0,1.0,1.0,1.0,1.0,1.0,,2.0,2.0,2.0,2.0,2.0,2.0,2.0
17919,,51.053769,3.722305,1350,1650,0.196,0.078,1,,,,,,,,30.655,30.655,32.632,26.867,26.867,26.867,26.867,,4.0,4.0,2.0,4.0,4.0,4.0,4.0,,10.0,11.0,10.0,12.0,12.0,12.0,12.0,,0.0,0.0,0.0,0.0,0.0,0.0,0.0,,,,,,,,,,0.0,0.0,0.0,0.0,0.0,0.0,0.0,,1.0,1.0,1.0,1.0,1.0,1.0,1.0,,0.0,0.0,0.0,0.0,0.0,0.0,0.0,,0.0,0.0,0.0,0.0,0.0,0.0,0.0,,0.0,0.0,0.0,0.0,0.0,0.0,0.0,,3.0,3.0,3.0,3.0,3.0,3.0,3.0
17925,,51.049889,3.72871,1350,1650,0.239,0.157,1,,,,,,,,31.126,31.126,32.629,27.035,27.035,27.035,27.035,,4.0,4.0,2.0,4.0,4.0,4.0,4.0,,10.0,11.0,10.0,12.0,12.0,12.0,12.0,,0.0,0.0,0.0,0.0,0.0,0.0,0.0,,,,,,,,,,0.0,0.0,0.0,0.0,0.0,0.0,0.0,,1.0,1.0,1.0,1.0,1.0,1.0,1.0,,0.0,0.0,0.0,0.0,0.0,0.0,0.0,,0.0,0.0,0.0,0.0,0.0,0.0,0.0,,0.0,0.0,0.0,0.0,0.0,0.0,0.0,,3.0,3.0,3.0,3.0,3.0,3.0,3.0
17926,,51.049066,3.719999,1350,1650,0.308,0.564,1,,,,,,,,31.164,31.164,33.118,27.403,27.403,27.403,27.403,,4.0,4.0,2.0,4.0,4.0,4.0,4.0,,10.0,11.0,10.0,12.0,12.0,12.0,12.0,,0.0,0.0,0.0,0.0,0.0,0.0,0.0,,,,,,,,,,0.0,0.0,0.0,0.0,0.0,0.0,0.0,,1.0,1.0,1.0,1.0,1.0,1.0,1.0,,0.0,0.0,0.0,0.0,0.0,0.0,0.0,,0.0,0.0,0.0,0.0,0.0,0.0,0.0,,0.0,0.0,0.0,0.0,0.0,0.0,0.0,,3.0,3.0,3.0,3.0,3.0,3.0,3.0
17927,,51.054833,3.734043,1350,1650,0.121,0.171,1,,,,,,,,30.617,30.617,31.974,26.376,26.376,26.376,26.376,,4.0,4.0,2.0,4.0,4.0,4.0,4.0,,10.0,11.0,10.0,12.0,12.0,12.0,12.0,,0.0,0.0,0.0,0.0,0.0,0.0,0.0,,,,,,,,,,0.0,0.0,0.0,0.0,0.0,0.0,0.0,,1.0,1.0,1.0,1.0,1.0,1.0,1.0,,0.0,0.0,0.0,0.0,0.0,0.0,0.0,,0.0,0.0,0.0,0.0,0.0,0.0,0.0,,0.0,0.0,0.0,0.0,0.0,0.0,0.0,,3.0,3.0,3.0,3.0,3.0,3.0,3.0
17928,,51.053956,3.730888,1350,1650,0.121,0.136,1,,,,,,,,30.691,30.691,32.197,26.564,26.564,26.564,26.564,,4.0,4.0,2.0,4.0,4.0,4.0,4.0,,10.0,11.0,10.0,12.0,12.0,12.0,12.0,,0.0,0.0,0.0,0.0,0.0,0.0,0.0,,,,,,,,,,0.0,0.0,0.0,0.0,0.0,0.0,0.0,,1.0,1.0,1.0,1.0,1.0,1.0,1.0,,0.0,0.0,0.0,0.0,0.0,0.0,0.0,,0.0,0.0,0.0,0.0,0.0,0.0,0.0,,1.0,1.0,1.0,1.0,1.0,1.0,1.0,,3.0,3.0,3.0,3.0,3.0,3.0,3.0
17929,,51.055817,3.728346,1350,1650,0.035,0.112,1,,,,,,,,30.467,30.467,32.173,26.465,26.465,26.465,26.465,,6.0,6.0,4.0,6.0,6.0,6.0,6.0,,10.0,11.0,10.0,12.0,12.0,12.0,12.0,,0.0,0.0,0.0,0.0,0.0,0.0,0.0,,,,,,,,,,0.0,0.0,0.0,0.0,0.0,0.0,0.0,,1.0,1.0,1.0,1.0,1.0,1.0,1.0,,0.0,0.0,0.0,0.0,0.0,0.0,0.0,,0.0,0.0,0.0,0.0,0.0,0.0,0.0,,0.0,0.0,0.0,0.0,0.0,0.0,0.0,,3.0,3.0,3.0,3.0,3.0,3.0,3.0
17930,,51.055824,3.7209,1350,1650,0.047,0.205,1,,,,,,,,30.42,30.42,32.539,26.715,26.715,26.715,26.715,,6.0,6.0,4.0,6.0,6.0,6.0,6.0,,10.0,11.0,10.0,12.0,12.0,12.0,12.0,,0.0,0.0,0.0,0.0,0.0,0.0,0.0,,,,,,,,,,0.0,0.0,0.0,0.0,0.0,0.0,0.0,,1.0,1.0,1.0,1.0,1.0,1.0,1.0,,0.0,0.0,0.0,0.0,0.0,0.0,0.0,,0.0,0.0,0.0,0.0,0.0,0.0,0.0,,0.0,0.0,0.0,0.0,0.0,0.0,0.0,,3.0,3.0,3.0,3.0,3.0,3.0,3.0
17957,,52.671382,12.007488,1338,1650,6.431,0.037,1,,,,,,,,14.717,14.717,14.717,14.717,14.717,12.3,12.3,,3.0,5.0,5.0,12.0,15.0,20.0,25.0,,10.0,21.0,24.0,35.0,41.0,56.0,66.0,,0.0,0.0,0.0,0.0,0.0,0.0,0.0,,,,,,,,,,0.0,0.0,0.0,0.0,0.0,0.0,0.0,,0.0,0.0,0.0,0.0,0.0,0.0,0.0,,0.0,0.0,0.0,0.0,0.0,0.0,0.0,,0.0,0.0,0.0,0.0,0.0,0.0,0.0,,0.0,0.0,0.0,0.0,0.0,0.0,0.0,,2.0,2.0,2.0,2.0,2.0,2.0,2.0
17958,,52.665984,12.009645,1338,1650,6.758,0.309,0,,,,,,,,14.152,14.152,14.152,14.152,14.152,12.076,12.076,,3.0,5.0,5.0,12.0,15.0,20.0,25.0,,10.0,21.0,24.0,35.0,41.0,56.0,66.0,,0.0,0.0,0.0,0.0,0.0,0.0,0.0,,,,,,,,,,0.0,0.0,0.0,0.0,0.0,0.0,0.0,,0.0,0.0,0.0,0.0,0.0,0.0,0.0,,0.0,0.0,0.0,0.0,0.0,0.0,0.0,,0.0,0.0,1.0,1.0,1.0,1.0,1.0,,0.0,0.0,0.0,0.0,0.0,0.0,0.0,,2.0,2.0,2.0,2.0,2.0,2.0,2.0
17955,,50.498027,11.732919,1313,1650,97.398,0.198,1,,,,,,,,61.838,48.905,23.81,23.81,10.465,10.465,10.465,,0.0,1.0,6.0,7.0,12.0,13.0,13.0,,17.0,23.0,34.0,48.0,59.0,63.0,66.0,,0.0,0.0,0.0,0.0,0.0,0.0,0.0,,,,,,,,,,0.0,0.0,0.0,0.0,0.0,0.0,0.0,,0.0,0.0,0.0,0.0,0.0,0.0,0.0,,0.0,0.0,0.0,0.0,0.0,0.0,1.0,,0.0,0.0,0.0,0.0,0.0,0.0,0.0,,0.0,0.0,0.0,0.0,0.0,0.0,0.0,,2.0,2.0,2.0,2.0,2.0,2.0,2.0
18003,,51.044347,3.736253,1350,1650,0.956,0.656,1,,,,,,,,31.793,31.793,32.721,27.348,27.348,27.348,27.348,,4.0,4.0,2.0,4.0,4.0,4.0,4.0,,10.0,11.0,10.0,12.0,12.0,12.0,12.0,,0.0,0.0,0.0,0.0,0.0,0.0,0.0,,,,,,,,,,0.0,0.0,0.0,0.0,0.0,0.0,0.0,,1.0,1.0,1.0,1.0,1.0,1.0,1.0,,0.0,0.0,0.0,0.0,0.0,0.0,0.0,,0.0,0.0,0.0,0.0,0.0,0.0,0.0,,0.0,0.0,0.0,0.0,0.0,0.0,0.0,,3.0,3.0,3.0,3.0,3.0,3.0,3.0
18085,,51.99648,5.091444,1336,1650,0.326,0.042,1,,,,,,,,10.769,10.769,10.769,10.769,10.769,10.769,10.769,,17.0,20.0,25.0,28.0,30.0,30.0,29.0,,45.0,56.0,69.0,80.0,84.0,85.0,81.0,,0.0,0.0,0.0,0.0,0.0,0.0,0.0,,,,,,,,,,0.0,0.0,0.0,0.0,0.0,0.0,0.0,,0.0,0.0,0.0,0.0,0.0,0.0,0.0,,0.0,0.0,0.0,0.0,0.0,0.0,0.0,,0.0,0.0,0.0,0.0,0.0,0.0,0.0,,0.0,0.0,0.0,0.0,0.0,0.0,0.0,,2.0,2.0,2.0,2.0,2.0,2.0,2.0
18180,,54.186338,19.720416,1320,1650,21.774,0.086,1,,,,,,,,402.442,363.783,363.783,363.783,363.783,269.642,269.642,,0.0,0.0,0.0,0.0,0.0,0.0,0.0,,0.0,0.0,0.0,0.0,0.0,0.0,0.0,,0.0,0.0,0.0,0.0,0.0,0.0,0.0,,,,,,,,,,0.0,0.0,0.0,0.0,0.0,0.0,0.0,,0.0,0.0,0.0,0.0,0.0,0.0,0.0,,0.0,0.0,0.0,0.0,0.0,0.0,0.0,,0.0,0.0,0.0,0.0,0.0,0.0,0.0,,0.0,0.0,0.0,0.0,0.0,0.0,0.0,,2.0,2.0,2.0,2.0,2.0,2.0,2.0
18108,,51.036189,4.475909,1350,1650,1.992,0.471,1,,,,,,,,21.251,21.251,21.251,21.251,21.251,21.251,21.251,,3.0,3.0,3.0,5.0,5.0,5.0,5.0,,20.0,21.0,20.0,22.0,22.0,22.0,22.0,,0.0,0.0,0.0,0.0,0.0,0.0,0.0,,,,,,,,,,0.0,0.0,0.0,0.0,0.0,0.0,0.0,,0.0,1.0,0.0,0.0,0.0,0.0,0.0,,0.0,0.0,0.0,0.0,0.0,0.0,0.0,,0.0,0.0,0.0,0.0,0.0,0.0,0.0,,0.0,0.0,0.0,0.0,0.0,0.0,0.0,,2.0,3.0,2.0,2.0,2.0,2.0,2.0
18189,,54.114122,20.124807,1312,1650,48.431,0.108,1,,,,,,,,429.847,386.224,386.224,386.224,386.224,296.281,296.281,,0.0,0.0,0.0,0.0,0.0,0.0,0.0,,0.0,0.0,0.0,0.0,0.0,0.0,0.0,,0.0,0.0,0.0,0.0,0.0,0.0,0.0,,,,,,,,,,0.0,0.0,0.0,0.0,0.0,0.0,0.0,,0.0,0.0,0.0,0.0,0.0,0.0,0.0,,0.0,0.0,0.0,0.0,0.0,0.0,0.0,,0.0,0.0,0.0,0.0,0.0,0.0,0.0,,0.0,0.0,0.0,0.0,0.0,0.0,0.0,,2.0,2.0,2.0,2.0,2.0,2.0,2.0
18190,,54.114183,20.128128,1312,1650,48.644,0.096,1,,,,,,,,430.045,386.433,386.433,386.433,386.433,296.496,296.496,,0.0,0.0,0.0,0.0,0.0,0.0,0.0,,0.0,0.0,0.0,0.0,0.0,0.0,0.0,,0.0,0.0,0.0,0.0,0.0,0.0,0.0,,,,,,,,,,0.0,0.0,0.0,0.0,0.0,0.0,0.0,,0.0,0.0,0.0,0.0,0.0,0.0,0.0,,0.0,0.0,0.0,0.0,0.0,0.0,0.0,,0.0,0.0,0.0,0.0,0.0,0.0,0.0,,0.0,0.0,0.0,0.0,0.0,0.0,0.0,,2.0,2.0,2.0,2.0,2.0,2.0,2.0
18198,,53.912778,19.925487,1320,1650,45.236,0.091,1,,,,,,,,427.09,367.592,367.592,367.592,367.592,285.415,285.415,,0.0,0.0,0.0,0.0,0.0,0.0,0.0,,0.0,0.0,0.0,0.0,0.0,0.0,0.0,,0.0,0.0,0.0,0.0,0.0,0.0,0.0,,,,,,,,,,0.0,0.0,0.0,0.0,0.0,0.0,0.0,,0.0,0.0,0.0,0.0,0.0,0.0,0.0,,0.0,0.0,0.0,0.0,0.0,0.0,0.0,,0.0,0.0,0.0,0.0,0.0,0.0,0.0,,0.0,0.0,0.0,0.0,0.0,0.0,0.0,,2.0,2.0,2.0,2.0,2.0,2.0,2.0
18199,,53.70301,19.960517,1327,1650,63.967,0.027,1,,,,,,,,433.118,364.715,364.715,364.715,364.715,291.693,291.693,,0.0,0.0,0.0,0.0,0.0,0.0,0.0,,0.0,0.0,0.0,0.0,0.0,0.0,0.0,,0.0,0.0,0.0,0.0,0.0,0.0,0.0,,,,,,,,,,0.0,0.0,0.0,0.0,0.0,0.0,0.0,,0.0,0.0,0.0,0.0,0.0,0.0,0.0,,0.0,0.0,0.0,0.0,0.0,0.0,0.0,,0.0,0.0,0.0,0.0,0.0,0.0,0.0,,0.0,0.0,0.0,0.0,0.0,0.0,0.0,,2.0,2.0,2.0,2.0,2.0,2.0,2.0
18200,,53.702521,19.960624,1327,1650,64.015,0.027,1,,,,,,,,433.133,364.712,364.712,364.712,364.712,291.712,291.712,,0.0,0.0,0.0,0.0,0.0,0.0,0.0,,0.0,0.0,0.0,0.0,0.0,0.0,0.0,,0.0,0.0,0.0,0.0,0.0,0.0,0.0,,,,,,,,,,0.0,0.0,0.0,0.0,0.0,0.0,0.0,,0.0,0.0,0.0,0.0,0.0,0.0,0.0,,0.0,0.0,0.0,0.0,0.0,0.0,0.0,,0.0,0.0,0.0,0.0,0.0,0.0,0.0,,0.0,0.0,0.0,0.0,0.0,0.0,0.0,,2.0,2.0,2.0,2.0,2.0,2.0,2.0
18235,,54.727392,20.007874,1305,1650,50.411,0.085,1,,,,,,,,401.402,401.402,401.402,401.402,401.402,292.933,292.933,,0.0,0.0,0.0,0.0,0.0,0.0,0.0,,0.0,0.0,0.0,0.0,0.0,0.0,0.0,,0.0,0.0,0.0,0.0,0.0,0.0,0.0,,,,,,,,,,0.0,0.0,0.0,0.0,0.0,0.0,0.0,,0.0,0.0,0.0,0.0,0.0,0.0,0.0,,0.0,0.0,0.0,0.0,0.0,0.0,0.0,,0.0,0.0,0.0,0.0,0.0,0.0,0.0,,1.0,1.0,1.0,1.0,1.0,1.0,1.0,,2.0,2.0,2.0,2.0,2.0,2.0,2.0
18266,,54.61908,21.228955,1336,1650,5.368,0.058,1,,,,,,,,480.525,472.008,472.008,472.008,472.008,369.119,369.119,,0.0,0.0,0.0,0.0,0.0,0.0,0.0,,0.0,0.0,0.0,0.0,0.0,0.0,0.0,,0.0,0.0,0.0,0.0,0.0,0.0,0.0,,,,,,,,,,0.0,0.0,0.0,0.0,0.0,0.0,0.0,,0.0,0.0,0.0,0.0,0.0,0.0,0.0,,0.0,0.0,0.0,0.0,0.0,0.0,0.0,,0.0,0.0,0.0,0.0,0.0,0.0,0.0,,0.0,0.0,0.0,0.0,0.0,0.0,0.0,,2.0,2.0,2.0,2.0,2.0,2.0,2.0
18267,,54.620123,21.228966,1336,1650,5.336,0.058,1,,,,,,,,480.498,472.049,472.049,472.049,472.049,369.131,369.131,,0.0,0.0,0.0,0.0,0.0,0.0,0.0,,0.0,0.0,0.0,0.0,0.0,0.0,0.0,,0.0,0.0,0.0,0.0,0.0,0.0,0.0,,,,,,,,,,0.0,0.0,0.0,0.0,0.0,0.0,0.0,,0.0,0.0,0.0,0.0,0.0,0.0,0.0,,0.0,0.0,0.0,0.0,0.0,0.0,0.0,,0.0,0.0,0.0,0.0,0.0,0.0,0.0,,1.0,1.0,1.0,1.0,1.0,1.0,1.0,,2.0,2.0,2.0,2.0,2.0,2.0,2.0
18120,Ulvila,61.443266,21.881713,1365,1550,414.556,0.823,1,,,,,,,,,112.406,112.406,108.587,108.587,,,,,0.0,0.0,0.0,0.0,,,,,0.0,0.0,0.0,0.0,,,,,0.0,0.0,0.0,0.0,,,,,,,,,,,,,0.0,0.0,0.0,0.0,,,,,0.0,0.0,0.0,0.0,,,,,0.0,0.0,0.0,0.0,,,,,0.0,0.0,0.0,0.0,,,,,0.0,0.0,0.0,0.0,,,,,2.0,2.0,2.0,2.0,,
2167,Zheleznodorozhnyy,54.361029,21.305269,1398,1650,31.899,0.208,1,,,,,,,,,467.603,467.603,467.603,467.603,372.49,372.49,,,0.0,0.0,0.0,0.0,0.0,0.0,,,0.0,0.0,0.0,0.0,0.0,0.0,,,0.0,0.0,0.0,0.0,0.0,0.0,,,,,,,,,,,0.0,0.0,0.0,0.0,0.0,0.0,,,0.0,0.0,0.0,0.0,0.0,0.0,,,0.0,0.0,0.0,0.0,0.0,0.0,,,0.0,0.0,0.0,0.0,0.0,0.0,,,0.0,0.0,0.0,0.0,0.0,0.0,,,2.0,2.0,2.0,2.0,2.0,2.0
2749,Haiger,50.742221,8.204276,1400,1650,58.829,0.917,1,,,,,,,,,70.336,70.336,70.336,70.336,70.336,70.336,,,0.0,0.0,0.0,0.0,0.0,0.0,,,6.0,8.0,9.0,9.0,12.0,12.0,,,0.0,0.0,0.0,0.0,0.0,0.0,,,,,,,,,,,0.0,0.0,0.0,0.0,0.0,0.0,,,0.0,0.0,0.0,0.0,0.0,0.0,,,0.0,0.0,0.0,0.0,0.0,0.0,,,0.0,0.0,0.0,0.0,0.0,0.0,,,0.0,0.0,0.0,0.0,0.0,0.0,,,2.0,2.0,2.0,2.0,2.0,2.0
3124,Olsztynek,53.58363,20.284886,1359,1650,87.736,10.273,0,,,,,,,,,383.632,383.632,383.632,383.632,315.521,315.521,,,0.0,0.0,0.0,0.0,0.0,0.0,,,0.0,0.0,0.0,0.0,0.0,0.0,,,0.0,0.0,0.0,0.0,0.0,0.0,,,,,,,,,,,0.0,0.0,0.0,0.0,0.0,0.0,,,0.0,0.0,0.0,0.0,0.0,0.0,,,0.0,0.0,0.0,0.0,0.0,0.0,,,0.0,0.0,0.0,0.0,0.0,0.0,,,0.0,0.0,0.0,0.0,0.0,0.0,,,0.0,0.0,0.0,0.0,0.0,0.0
3268,Hungen,50.475422,8.900916,1361,1650,41.103,0.993,1,,,,,,,,,36.636,36.636,36.636,36.636,36.636,36.636,,,7.0,7.0,7.0,7.0,9.0,9.0,,,10.0,10.0,10.0,10.0,17.0,21.0,,,0.0,0.0,0.0,0.0,0.0,0.0,,,,,,,,,,,0.0,0.0,0.0,0.0,0.0,0.0,,,0.0,0.0,0.0,0.0,0.0,0.0,,,0.0,0.0,0.0,0.0,0.0,0.0,,,0.0,0.0,0.0,0.0,0.0,0.0,,,0.0,0.0,0.0,0.0,0.0,0.0,,,2.0,2.0,2.0,2.0,2.0,2.0
3279,Hüsten,51.429066,7.994581,1360,1650,33.267,1.048,1,,,,,,,,,17.742,17.742,17.742,17.742,17.742,17.742,,,5.0,7.0,7.0,8.0,10.0,10.0,,,42.0,46.0,54.0,56.0,67.0,68.0,,,0.0,0.0,0.0,0.0,0.0,0.0,,,,,,,,,,,0.0,0.0,0.0,0.0,0.0,0.0,,,0.0,0.0,0.0,0.0,0.0,0.0,,,0.0,0.0,0.0,0.0,0.0,0.0,,,0.0,0.0,0.0,0.0,0.0,0.0,,,0.0,0.0,0.0,0.0,0.0,0.0,,,2.0,2.0,2.0,2.0,2.0,2.0
2736,Hadmersleben,51.9946161,11.3037172,1399,1650,27.474,1.246,1,,,,,,,,,5.95,5.95,5.95,5.95,0.0,0.0,,,8.0,12.0,13.0,17.0,29.0,35.0,,,39.0,58.0,76.0,88.0,114.0,130.0,,,0.0,0.0,0.0,0.0,1.0,1.0,,,,,,,local,local,,,0.0,0.0,0.0,0.0,0.0,0.0,,,0.0,0.0,0.0,0.0,0.0,0.0,,,0.0,0.0,0.0,0.0,0.0,0.0,,,0.0,0.0,0.0,0.0,0.0,0.0,,,0.0,0.0,0.0,0.0,0.0,0.0,,,2.0,2.0,2.0,2.0,2.0,2.0
6855,Sępopol,54.270883,21.013658,1351,1650,41.232,0.163,1,,,,,,,,,446.619,446.619,446.619,446.619,353.544,353.544,,,0.0,0.0,0.0,0.0,0.0,0.0,,,0.0,0.0,0.0,0.0,0.0,0.0,,,0.0,0.0,0.0,0.0,0.0,0.0,,,,,,,,,,,0.0,0.0,0.0,0.0,0.0,0.0,,,0.0,0.0,0.0,0.0,0.0,0.0,,,0.0,0.0,0.0,0.0,0.0,0.0,,,0.0,0.0,0.0,0.0,0.0,0.0,,,0.0,0.0,0.0,0.0,0.0,0.0,,,2.0,2.0,2.0,2.0,2.0,2.0
4779,Markranstädt,51.301766,12.221338,1354,1650,11.822,2.772,1,,,,,,,,,11.456,11.456,11.456,11.456,11.456,11.456,,,12.0,18.0,22.0,24.0,29.0,32.0,,,23.0,40.0,55.0,72.0,86.0,96.0,,,0.0,0.0,0.0,0.0,0.0,0.0,,,,,,,,,,,0.0,0.0,0.0,0.0,0.0,0.0,,,0.0,0.0,0.0,0.0,0.0,0.0,,,0.0,0.0,0.0,0.0,0.0,0.0,,,0.0,0.0,0.0,0.0,0.0,0.0,,,0.0,0.0,0.0,0.0,0.0,0.0,,,2.0,2.0,2.0,2.0,2.0,2.0
7267,Sontra,51.069568,9.934618,1368,1650,15.719,2.153,1,,,,,,,,,28.923,28.923,28.923,22.011,22.011,15.024,,,13.0,13.0,17.0,19.0,21.0,27.0,,,61.0,64.0,79.0,85.0,97.0,108.0,,,0.0,0.0,0.0,0.0,0.0,0.0,,,,,,,,,,,0.0,0.0,0.0,0.0,0.0,0.0,,,0.0,0.0,0.0,0.0,0.0,0.0,,,0.0,0.0,0.0,0.0,0.0,0.0,,,0.0,0.0,0.0,0.0,0.0,0.0,,,0.0,0.0,0.0,0.0,0.0,0.0,,,2.0,2.0,2.0,2.0,2.0,2.0
12200,,52.511372,5.044481,1357,1650,2.373,0.178,1,,,,,,,,,18.507,18.507,18.507,18.507,18.507,18.507,,,7.0,8.0,9.0,11.0,11.0,10.0,,,52.0,64.0,78.0,82.0,83.0,79.0,,,0.0,0.0,0.0,0.0,0.0,0.0,,,,,,,,,,,0.0,0.0,0.0,0.0,0.0,0.0,,,0.0,0.0,0.0,0.0,0.0,0.0,,,0.0,0.0,0.0,0.0,0.0,0.0,,,0.0,0.0,0.0,0.0,0.0,0.0,,,0.0,0.0,0.0,0.0,0.0,0.0,,,2.0,2.0,2.0,2.0,2.0,2.0
8903,Veere,51.548038,3.669469,1355,1650,5.841,0.103,1,,,,,,,,,6.822,6.822,6.822,6.822,6.822,6.822,,,7.0,6.0,8.0,8.0,8.0,8.0,,,20.0,19.0,21.0,22.0,22.0,22.0,,,0.0,0.0,0.0,0.0,0.0,0.0,,,,,,,,,,,0.0,0.0,0.0,0.0,0.0,0.0,,,0.0,0.0,0.0,1.0,1.0,1.0,,,0.0,0.0,0.0,0.0,0.0,0.0,,,0.0,0.0,0.0,0.0,0.0,0.0,,,0.0,0.0,0.0,0.0,0.0,0.0,,,2.0,2.0,2.0,3.0,3.0,3.0
9549,,52.924062,11.120958,1377,1650,2.715,0.038,1,,,,,,,,,5.43,5.43,5.43,5.43,5.43,5.43,,,6.0,11.0,16.0,16.0,18.0,18.0,,,27.0,35.0,40.0,43.0,65.0,70.0,,,0.0,0.0,0.0,0.0,0.0,0.0,,,,,,,,,,,0.0,0.0,0.0,0.0,0.0,0.0,,,0.0,0.0,0.0,0.0,0.0,0.0,,,0.0,0.0,0.0,0.0,0.0,0.0,,,0.0,0.0,0.0,0.0,0.0,0.0,,,1.0,1.0,1.0,1.0,1.0,1.0,,,2.0,2.0,2.0,2.0,2.0,2.0
9852,,52.05967312,11.43857099,1376,1650,16.097,0.12,1,,,,,,,,,0.24,0.24,0.24,0.24,0.24,0.24,,,8.0,8.0,12.0,16.0,24.0,30.0,,,30.0,47.0,63.0,74.0,100.0,115.0,,,0.0,0.0,0.0,0.0,0.0,0.0,,,,,,,,,,,0.0,0.0,0.0,0.0,0.0,0.0,,,0.0,0.0,0.0,0.0,0.0,0.0,,,0.0,0.0,0.0,0.0,0.0,0.0,,,0.0,0.0,0.0,0.0,0.0,0.0,,,0.0,0.0,0.0,0.0,0.0,0.0,,,2.0,2.0,2.0,2.0,2.0,2.0
12198,,51.995635,6.225366,1361,1650,0.361,0.028,1,,,,,,,,,5.509,5.509,5.509,5.509,5.509,5.509,,,22.0,28.0,36.0,37.0,38.0,38.0,,,85.0,108.0,126.0,133.0,138.0,134.0,,,0.0,0.0,0.0,0.0,0.0,0.0,,,,,,,,,,,1.0,1.0,1.0,1.0,1.0,1.0,,,0.0,0.0,0.0,0.0,0.0,0.0,,,1.0,1.0,1.0,1.0,1.0,1.0,,,0.0,0.0,0.0,0.0,0.0,0.0,,,0.0,0.0,0.0,0.0,0.0,0.0,,,2.0,2.0,2.0,2.0,2.0,2.0
11980,Oss,51.768148,5.523158,1399,1650,5.57,1.724,1,,,,,,,,,19.602,14.528,14.528,14.528,14.528,14.528,,,19.0,28.0,35.0,36.0,36.0,35.0,,,75.0,92.0,104.0,108.0,110.0,106.0,,,0.0,0.0,0.0,0.0,0.0,0.0,,,,,,,,,,,0.0,0.0,0.0,0.0,0.0,0.0,,,0.0,0.0,0.0,0.0,0.0,0.0,,,0.0,0.0,0.0,0.0,0.0,0.0,,,0.0,0.0,0.0,0.0,0.0,0.0,,,0.0,0.0,0.0,0.0,0.0,0.0,,,2.0,2.0,2.0,2.0,2.0,2.0
11008,,52.250305,11.628027,1390,1650,7.721,0.113,1,,,,,,,,,13.221,13.221,13.221,13.221,0.226,0.226,,,9.0,9.0,16.0,21.0,29.0,37.0,,,25.0,40.0,55.0,66.0,92.0,103.0,,,0.0,0.0,0.0,0.0,0.0,0.0,,,,,,,,,,,0.0,0.0,0.0,0.0,0.0,0.0,,,0.0,0.0,0.0,0.0,0.0,0.0,,,0.0,0.0,0.0,0.0,0.0,0.0,,,0.0,0.0,0.0,0.0,0.0,0.0,,,0.0,0.0,0.0,0.0,0.0,0.0,,,2.0,2.0,2.0,2.0,2.0,2.0
11020,Otterndorf,53.807724,8.899566,1400,1650,9.052,0.208,1,,,,,,,,,33.329,33.329,6.237,0.0,0.0,0.0,,,10.0,10.0,16.0,15.0,29.0,31.0,,,19.0,25.0,44.0,45.0,76.0,86.0,,,0.0,0.0,0.0,1.0,1.0,1.0,,,,,,local,local,local,,,0.0,0.0,0.0,0.0,0.0,0.0,,,0.0,0.0,0.0,0.0,0.0,0.0,,,0.0,0.0,0.0,0.0,0.0,0.0,,,0.0,0.0,0.0,0.0,0.0,0.0,,,0.0,0.0,0.0,0.0,0.0,0.0,,,2.0,2.0,2.0,2.0,2.0,2.0
11049,,53.807009,8.905797,1400,1650,8.642,0.208,1,,,,,,,,,33.268,33.268,5.85,0.417,0.417,0.417,,,10.0,10.0,16.0,15.0,29.0,31.0,,,19.0,25.0,44.0,45.0,76.0,86.0,,,0.0,0.0,0.0,0.0,0.0,0.0,,,,,,,,,,,0.0,0.0,0.0,0.0,0.0,0.0,,,0.0,0.0,0.0,0.0,0.0,0.0,,,0.0,0.0,0.0,0.0,0.0,0.0,,,0.0,0.0,0.0,0.0,0.0,0.0,,,0.0,0.0,0.0,0.0,0.0,0.0,,,2.0,2.0,2.0,2.0,2.0,2.0
10041,Rødby,54.695666,11.387502,1400,1650,89.952,0.436,1,,,,,,,,,47.282,47.282,47.282,22.036,22.036,22.036,,,3.0,5.0,5.0,7.0,8.0,8.0,,,8.0,15.0,22.0,24.0,34.0,38.0,,,0.0,0.0,0.0,0.0,0.0,0.0,,,,,,,,,,,1.0,1.0,1.0,1.0,1.0,1.0,,,0.0,0.0,0.0,0.0,0.0,0.0,,,0.0,0.0,0.0,0.0,0.0,0.0,,,0.0,0.0,0.0,0.0,0.0,0.0,,,0.0,0.0,0.0,0.0,0.0,0.0,,,2.0,2.0,2.0,2.0,2.0,2.0
11440,,51.857343,12.213621,1382,1650,1.539,1.95,1,,,,,,,,,38.132,38.132,15.064,15.064,15.064,3.349,,,4.0,6.0,11.0,11.0,16.0,19.0,,,24.0,39.0,57.0,71.0,90.0,105.0,,,0.0,0.0,0.0,0.0,0.0,0.0,,,,,,,,,,,0.0,0.0,0.0,1.0,1.0,1.0,,,0.0,0.0,0.0,1.0,1.0,1.0,,,0.0,0.0,0.0,0.0,0.0,0.0,,,0.0,0.0,0.0,0.0,0.0,0.0,,,0.0,0.0,0.0,0.0,0.0,0.0,,,2.0,2.0,2.0,3.0,3.0,3.0
7520,Sudenburg,52.121847,11.630887,1368,1812,2.526,0.162,0,,,,,,,,,1.216,1.216,1.216,1.216,1.216,1.216,,,9.0,9.0,16.0,23.0,31.0,38.0,,,29.0,46.0,62.0,73.0,99.0,112.0,,,0.0,0.0,0.0,0.0,0.0,0.0,,,,,,,,,,,0.0,0.0,0.0,0.0,0.0,0.0,,,0.0,0.0,0.0,0.0,0.0,0.0,,,0.0,0.0,0.0,0.0,0.0,0.0,,,0.0,0.0,0.0,0.0,0.0,0.0,,,0.0,0.0,0.0,0.0,0.0,0.0,,,2.0,2.0,2.0,2.0,2.0,2.0
9848,,52.124755,11.630755,1368,1812,2.738,0.162,1,,,,,,,,,0.944,0.944,0.944,0.944,0.944,0.944,,,9.0,9.0,16.0,23.0,30.0,37.0,,,29.0,44.0,60.0,71.0,97.0,110.0,,,0.0,0.0,0.0,0.0,0.0,0.0,,,,,,,,,,,0.0,0.0,0.0,0.0,0.0,0.0,,,0.0,0.0,0.0,0.0,0.0,0.0,,,0.0,0.0,0.0,0.0,0.0,0.0,,,0.0,0.0,0.0,0.0,0.0,0.0,,,0.0,0.0,0.0,0.0,0.0,0.0,,,2.0,2.0,2.0,2.0,2.0,2.0
13630,,52.297088,5.161749,1353,1650,0.583,0.035,1,,,,,,,,,20.147,20.147,20.147,20.147,20.147,20.147,,,15.0,21.0,22.0,25.0,25.0,24.0,,,58.0,72.0,86.0,90.0,91.0,87.0,,,0.0,0.0,0.0,0.0,0.0,0.0,,,,,,,,,,,0.0,0.0,0.0,0.0,0.0,0.0,,,1.0,1.0,1.0,1.0,1.0,1.0,,,0.0,0.0,0.0,0.0,0.0,0.0,,,0.0,0.0,0.0,0.0,0.0,0.0,,,0.0,1.0,1.0,1.0,1.0,1.0,,,3.0,3.0,3.0,3.0,3.0,3.0
11761,Berltsum,53.243171,5.644935,1355,1650,0.135,0.061,1,,,,,,,,,59.733,51.793,51.793,33.937,33.937,33.937,,,0.0,0.0,0.0,2.0,2.0,2.0,,,26.0,36.0,39.0,46.0,46.0,43.0,,,0.0,0.0,0.0,0.0,0.0,0.0,,,,,,,,,,,0.0,0.0,0.0,0.0,0.0,0.0,,,0.0,0.0,0.0,0.0,0.0,0.0,,,0.0,0.0,0.0,0.0,0.0,0.0,,,0.0,0.0,0.0,0.0,0.0,0.0,,,0.0,0.0,0.0,0.0,0.0,0.0,,,2.0,2.0,2.0,2.0,2.0,2.0
11858,Monnickendam,52.459183,5.03624,1356,1650,5.725,0.326,1,,,,,,,,,13.661,13.661,13.661,13.661,13.661,13.661,,,9.0,10.0,11.0,13.0,13.0,12.0,,,54.0,66.0,80.0,84.0,85.0,81.0,,,0.0,0.0,0.0,0.0,0.0,0.0,,,,,,,,,,,0.0,0.0,0.0,0.0,0.0,0.0,,,0.0,0.0,0.0,0.0,0.0,0.0,,,0.0,0.0,0.0,0.0,0.0,0.0,,,1.0,1.0,1.0,1.0,1.0,1.0,,,1.0,1.0,1.0,1.0,1.0,1.0,,,2.0,2.0,2.0,2.0,2.0,2.0
11861,Edam,52.512613,5.04934,1357,1650,2.72,0.178,1,,1000.0,4000.0,4000.0,5000.0,5000.0,,,18.806,18.806,18.806,18.806,18.806,18.806,,,7.0,8.0,9.0,11.0,11.0,10.0,,,52.0,64.0,78.0,82.0,83.0,79.0,,,0.0,0.0,0.0,0.0,0.0,0.0,,,,,,,,,,,0.0,0.0,0.0,0.0,0.0,0.0,,,0.0,0.0,0.0,0.0,0.0,0.0,,,0.0,0.0,0.0,0.0,0.0,0.0,,,0.0,0.0,0.0,0.0,0.0,0.0,,,1.0,1.0,1.0,1.0,1.0,1.0,,,2.0,2.0,2.0,2.0,2.0,2.0
12677,,52.086498,4.885618,1372,1650,2.605,0.02,1,,,,,,,,,14.621,14.621,14.621,14.621,14.621,14.621,,,19.0,24.0,27.0,29.0,29.0,28.0,,,53.0,66.0,77.0,81.0,82.0,78.0,,,0.0,0.0,0.0,0.0,0.0,0.0,,,,,,,,,,,0.0,0.0,0.0,0.0,0.0,0.0,,,1.0,1.0,1.0,1.0,1.0,1.0,,,0.0,0.0,0.0,0.0,0.0,0.0,,,0.0,0.0,0.0,0.0,0.0,0.0,,,0.0,0.0,0.0,0.0,0.0,0.0,,,3.0,3.0,3.0,3.0,3.0,3.0
19463,,56.638144,9.803816,1400,1650,50.328,0.268,1,,,,,,,,,24.351,24.351,24.351,24.351,0.618,0.618,,,6.0,7.0,9.0,9.0,11.0,14.0,,,13.0,16.0,19.0,19.0,22.0,28.0,,,0.0,0.0,0.0,0.0,0.0,0.0,,,,,,,,,,,0.0,0.0,0.0,0.0,0.0,0.0,,,0.0,0.0,0.0,0.0,0.0,0.0,,,0.0,0.0,0.0,0.0,0.0,0.0,,,0.0,0.0,0.0,0.0,0.0,0.0,,,1.0,1.0,1.0,1.0,1.0,1.0,,,2.0,2.0,2.0,2.0,2.0,2.0
20421,,60.397101,25.656509,1387,1650,181.334,0.048,1,,,,,,,,,89.034,89.034,89.034,86.598,0.204,0.204,,,0.0,0.0,0.0,0.0,7.0,9.0,,,1.0,1.0,1.0,2.0,13.0,18.0,,,0.0,0.0,0.0,0.0,0.0,0.0,,,,,,,,,,,0.0,0.0,0.0,0.0,0.0,0.0,,,0.0,0.0,0.0,0.0,0.0,0.0,,,0.0,0.0,0.0,0.0,0.0,0.0,,,0.0,0.0,0.0,0.0,0.0,0.0,,,0.0,0.0,0.0,0.0,0.0,0.0,,,2.0,2.0,2.0,2.0,2.0,2.0
127,Druzhba,54.493006,21.189078,1400,1650,15.801,0.116,1,,,,,,,,,464.906,464.906,464.906,464.906,365.501,365.501,,,0.0,0.0,0.0,0.0,0.0,0.0,,,0.0,0.0,0.0,0.0,0.0,0.0,,,0.0,0.0,0.0,0.0,0.0,0.0,,,,,,,,,,,0.0,0.0,0.0,0.0,0.0,0.0,,,0.0,0.0,0.0,0.0,0.0,0.0,,,0.0,0.0,0.0,0.0,0.0,0.0,,,0.0,0.0,0.0,0.0,0.0,0.0,,,0.0,0.0,0.0,0.0,0.0,0.0,,,2.0,2.0,2.0,2.0,2.0,2.0
132,Olsztyn,53.77672,20.476163,1353,1650,83.508,10.218,0,,1000.0,1000.0,1000.0,1000.0,1000.0,,,399.561,399.561,399.561,399.561,323.426,323.426,,,0.0,0.0,0.0,0.0,0.0,0.0,,,0.0,0.0,0.0,0.0,0.0,0.0,,,0.0,0.0,0.0,0.0,0.0,0.0,,,,,,,,,,,0.0,0.0,0.0,0.0,0.0,0.0,,,0.0,0.0,0.0,0.0,0.0,0.0,,,0.0,0.0,0.0,0.0,0.0,0.0,,,0.0,0.0,0.0,0.0,0.0,0.0,,,0.0,0.0,0.0,0.0,0.0,0.0,,,0.0,0.0,0.0,0.0,0.0,0.0
15724,,56.635388,9.798807,1400,1650,50.352,0.135,1,,,,,,,,,24.286,24.286,24.286,24.286,0.464,0.464,,,6.0,7.0,9.0,9.0,11.0,14.0,,,13.0,16.0,19.0,19.0,22.0,28.0,,,0.0,0.0,0.0,0.0,0.0,0.0,,,,,,,,,,,0.0,0.0,0.0,0.0,0.0,0.0,,,0.0,0.0,0.0,0.0,0.0,0.0,,,0.0,0.0,0.0,0.0,0.0,0.0,,,0.0,0.0,0.0,0.0,0.0,0.0,,,0.0,0.0,0.0,0.0,0.0,0.0,,,2.0,2.0,2.0,2.0,2.0,2.0
15717,,56.636887,9.795341,1400,1650,50.086,0.102,1,,,,,,,,,24.547,24.547,24.547,24.547,0.204,0.204,,,6.0,7.0,9.0,9.0,11.0,14.0,,,13.0,16.0,19.0,19.0,22.0,28.0,,,0.0,0.0,0.0,0.0,0.0,0.0,,,,,,,,,,,0.0,0.0,0.0,0.0,0.0,0.0,,,0.0,0.0,0.0,0.0,0.0,0.0,,,0.0,0.0,0.0,0.0,0.0,0.0,,,0.0,0.0,0.0,0.0,0.0,0.0,,,0.0,0.0,0.0,0.0,0.0,0.0,,,2.0,2.0,2.0,2.0,2.0,2.0
3,Nörten,51.634895,9.938448,1360,1650,26.632,0.496,1,,,,,,,,,7.771,7.771,7.771,7.771,7.771,7.771,,,24.0,27.0,36.0,36.0,42.0,49.0,,,74.0,83.0,96.0,103.0,123.0,140.0,,,0.0,0.0,0.0,0.0,0.0,0.0,,,,,,,,,,,1.0,1.0,1.0,1.0,1.0,1.0,,,0.0,0.0,0.0,0.0,0.0,0.0,,,0.0,0.0,0.0,0.0,0.0,0.0,,,0.0,0.0,0.0,0.0,0.0,0.0,,,0.0,0.0,0.0,0.0,0.0,0.0,,,2.0,2.0,2.0,2.0,2.0,2.0
4,,51.6262,9.9352,1360,1650,26.365,0.302,1,,,,,,,,,7.829,7.829,7.829,7.829,7.829,7.829,,,24.0,27.0,36.0,36.0,42.0,49.0,,,74.0,83.0,96.0,103.0,123.0,140.0,,,0.0,0.0,0.0,0.0,0.0,0.0,,,,,,,,,,,0.0,0.0,0.0,0.0,0.0,0.0,,,0.0,0.0,0.0,0.0,0.0,0.0,,,0.0,0.0,0.0,0.0,0.0,0.0,,,0.0,0.0,0.0,0.0,0.0,0.0,,,0.0,0.0,0.0,0.0,0.0,0.0,,,2.0,2.0,2.0,2.0,2.0,2.0
8,,51.6272,9.9266,1360,1650,25.775,0.302,1,,,,,,,,,7.234,7.234,7.234,7.234,7.234,7.234,,,24.0,27.0,36.0,36.0,42.0,49.0,,,74.0,83.0,96.0,103.0,123.0,140.0,,,0.0,0.0,0.0,0.0,0.0,0.0,,,,,,,,,,,0.0,0.0,0.0,0.0,0.0,0.0,,,0.0,0.0,0.0,0.0,0.0,0.0,,,1.0,1.0,1.0,1.0,1.0,1.0,,,0.0,0.0,0.0,0.0,0.0,0.0,,,0.0,0.0,0.0,0.0,0.0,0.0,,,2.0,2.0,2.0,2.0,2.0,2.0
35,Dransfeld,51.502875,9.759786,1368,1650,11.029,1.125,1,,,,,,,,,12.584,12.584,12.584,12.584,12.584,12.584,,,27.0,30.0,34.0,34.0,40.0,45.0,,,71.0,80.0,93.0,98.0,119.0,130.0,,,0.0,0.0,0.0,0.0,0.0,0.0,,,,,,,,,,,0.0,0.0,0.0,0.0,0.0,0.0,,,0.0,0.0,0.0,0.0,0.0,0.0,,,0.0,0.0,0.0,0.0,0.0,0.0,,,0.0,0.0,0.0,0.0,0.0,0.0,,,0.0,0.0,0.0,0.0,0.0,0.0,,,2.0,2.0,2.0,2.0,2.0,2.0
64,&#39;s-Heerenberg,51.875076,6.243247,1379,1650,5.957,0.164,1,,,,,,,,,10.534,10.534,10.534,10.534,10.534,10.534,,,25.0,34.0,42.0,43.0,44.0,44.0,,,88.0,110.0,128.0,135.0,140.0,136.0,,,0.0,0.0,0.0,0.0,0.0,0.0,,,,,,,,,,,1.0,1.0,1.0,1.0,1.0,1.0,,,0.0,0.0,0.0,0.0,0.0,0.0,,,0.0,0.0,0.0,0.0,0.0,0.0,,,0.0,0.0,0.0,0.0,0.0,0.0,,,0.0,0.0,0.0,0.0,0.0,0.0,,,2.0,2.0,2.0,2.0,2.0,2.0
98,Ahaus,52.075564,7.006802,1389,1650,19.525,0.072,1,,,,,,,,,26.848,26.848,26.848,17.831,17.831,17.831,,,15.0,17.0,19.0,21.0,25.0,25.0,,,87.0,105.0,123.0,129.0,135.0,133.0,,,0.0,0.0,0.0,0.0,0.0,0.0,,,,,,,,,,,0.0,0.0,0.0,0.0,0.0,0.0,,,0.0,0.0,0.0,0.0,0.0,0.0,,,0.0,0.0,0.0,0.0,0.0,0.0,,,0.0,0.0,0.0,0.0,0.0,0.0,,,0.0,0.0,0.0,0.0,0.0,0.0,,,2.0,2.0,2.0,2.0,2.0,2.0
12439,Stadtlengsfeld,50.782259,10.131079,1359,1650,30.294,3.739,1,,,,,,,,,25.149,25.149,25.149,25.149,17.405,17.405,,,14.0,14.0,17.0,22.0,28.0,33.0,,,47.0,47.0,63.0,69.0,79.0,88.0,,,0.0,0.0,0.0,0.0,0.0,0.0,,,,,,,,,,,0.0,0.0,0.0,0.0,0.0,0.0,,,0.0,0.0,0.0,0.0,0.0,0.0,,,0.0,0.0,0.0,0.0,0.0,0.0,,,0.0,0.0,0.0,0.0,0.0,0.0,,,0.0,0.0,0.0,0.0,0.0,0.0,,,2.0,2.0,2.0,2.0,2.0,2.0
368,Babimost,52.162103,15.826857,1397,1650,38.544,0.151,1,,,,,,,,,121.492,121.492,121.492,121.492,121.492,121.492,,,0.0,0.0,0.0,0.0,0.0,0.0,,,0.0,0.0,0.0,0.0,0.0,0.0,,,0.0,0.0,0.0,0.0,0.0,0.0,,,,,,,,,,,0.0,0.0,0.0,1.0,1.0,1.0,,,0.0,0.0,0.0,0.0,0.0,0.0,,,0.0,0.0,0.0,0.0,0.0,0.0,,,0.0,0.0,0.0,0.0,0.0,0.0,,,0.0,0.0,0.0,0.0,0.0,0.0,,,2.0,2.0,2.0,2.0,2.0,2.0
690,Biskupiec,53.864027,20.955109,1395,1650,86.455,4.062,0,,,,,,,,,432.259,432.259,432.259,432.259,353.007,353.007,,,0.0,0.0,0.0,0.0,0.0,0.0,,,0.0,0.0,0.0,0.0,0.0,0.0,,,0.0,0.0,0.0,0.0,0.0,0.0,,,,,,,,,,,0.0,0.0,0.0,0.0,0.0,0.0,,,0.0,0.0,0.0,0.0,0.0,0.0,,,0.0,0.0,0.0,0.0,0.0,0.0,,,0.0,0.0,0.0,0.0,0.0,0.0,,,0.0,0.0,0.0,0.0,0.0,0.0,,,1.0,1.0,1.0,1.0,1.0,1.0
695,Bischofswerda,51.127675,14.179732,1361,1650,22.78,1.405,1,,,,,,,,,101.773,61.2,49.634,49.634,49.634,49.634,,,0.0,0.0,1.0,1.0,1.0,1.0,,,0.0,1.0,1.0,4.0,4.0,6.0,,,0.0,0.0,0.0,0.0,0.0,0.0,,,,,,,,,,,0.0,0.0,0.0,0.0,0.0,0.0,,,0.0,0.0,0.0,0.0,0.0,0.0,,,0.0,0.0,0.0,0.0,0.0,0.0,,,0.0,0.0,0.0,0.0,0.0,0.0,,,0.0,0.0,0.0,0.0,0.0,0.0,,,2.0,2.0,2.0,2.0,2.0,2.0
1512,Domnovo,54.423926,20.827718,1400,1650,28.257,4.428,1,,,,,,,,,440.32,440.32,440.32,440.32,341.788,341.788,,,0.0,0.0,0.0,0.0,0.0,0.0,,,0.0,0.0,0.0,0.0,0.0,0.0,,,0.0,0.0,0.0,0.0,0.0,0.0,,,,,,,,,,,0.0,0.0,0.0,0.0,0.0,0.0,,,0.0,0.0,0.0,0.0,0.0,0.0,,,0.0,0.0,0.0,0.0,0.0,0.0,,,0.0,0.0,0.0,0.0,0.0,0.0,,,0.0,0.0,0.0,0.0,0.0,0.0,,,1.0,1.0,1.0,1.0,1.0,1.0
948,Breckerfeld,51.260288,7.466277,1396,1650,40.125,0.099,1,,,,,,,,,28.243,28.243,28.243,28.243,28.243,28.243,,,8.0,9.0,10.0,10.0,10.0,10.0,,,35.0,44.0,49.0,50.0,57.0,58.0,,,0.0,0.0,0.0,0.0,0.0,0.0,,,,,,,,,,,0.0,0.0,1.0,1.0,1.0,1.0,,,0.0,0.0,0.0,0.0,0.0,0.0,,,0.0,0.0,0.0,0.0,0.0,0.0,,,0.0,0.0,0.0,0.0,0.0,0.0,,,0.0,0.0,0.0,0.0,0.0,0.0,,,2.0,2.0,2.0,2.0,2.0,2.0
1118,Bunschoten,52.241612,5.37431,1355,1650,0.761,0.061,1,,,,,,,,,20.523,20.523,20.523,20.523,20.523,20.523,,,18.0,24.0,28.0,30.0,30.0,29.0,,,63.0,77.0,91.0,95.0,96.0,92.0,,,0.0,0.0,0.0,0.0,0.0,0.0,,,,,,,,,,,0.0,0.0,0.0,0.0,0.0,0.0,,,0.0,0.0,0.0,0.0,0.0,0.0,,,0.0,0.0,0.0,0.0,0.0,0.0,,,0.0,0.0,0.0,0.0,0.0,0.0,,,0.0,0.0,0.0,0.0,0.0,0.0,,,2.0,2.0,2.0,2.0,2.0,2.0
12278,Waltershausen,50.897903,10.555962,1357,1650,44.739,2.684,1,,,,,,,,,18.63,18.63,18.63,18.63,18.63,18.63,,,19.0,19.0,20.0,26.0,32.0,38.0,,,50.0,62.0,79.0,87.0,99.0,108.0,,,0.0,0.0,0.0,0.0,0.0,0.0,,,,,,,,,,,0.0,1.0,1.0,1.0,1.0,1.0,,,0.0,0.0,0.0,0.0,0.0,0.0,,,0.0,0.0,0.0,0.0,0.0,0.0,,,0.0,0.0,0.0,0.0,0.0,0.0,,,0.0,0.0,0.0,0.0,0.0,0.0,,,2.0,2.0,2.0,2.0,2.0,2.0
1131,Burgdorf,52.446119,10.007293,1389,1650,19.668,0.101,1,,,,,,,,,0.0,0.0,0.0,0.0,0.0,0.0,,,16.0,18.0,17.0,18.0,26.0,28.0,,,57.0,72.0,86.0,86.0,109.0,119.0,,,1.0,1.0,1.0,1.0,1.0,1.0,,,local,local,local,local,local,local,,,0.0,0.0,0.0,1.0,1.0,1.0,,,0.0,0.0,0.0,0.0,0.0,0.0,,,0.0,0.0,0.0,0.0,0.0,0.0,,,0.0,0.0,0.0,0.0,0.0,0.0,,,0.0,0.0,0.0,0.0,0.0,0.0,,,2.0,2.0,2.0,2.0,2.0,2.0
1256,Creußen,49.843796,11.622704,1358,1650,167.627,2.252,1,,,,,,,,,74.075,74.075,74.075,74.075,74.075,74.075,,,0.0,0.0,0.0,0.0,0.0,0.0,,,4.0,8.0,10.0,15.0,16.0,16.0,,,0.0,0.0,0.0,0.0,0.0,0.0,,,,,,,,,,,0.0,0.0,0.0,0.0,0.0,0.0,,,0.0,0.0,0.0,0.0,0.0,0.0,,,0.0,0.0,0.0,0.0,0.0,0.0,,,0.0,0.0,0.0,0.0,0.0,0.0,,,0.0,0.0,0.0,0.0,0.0,0.0,,,1.0,1.0,1.0,1.0,1.0,1.0
1379,Delmenhorst,53.0485,8.6295,1371,1650,11.878,0.226,1,,,,,,,,,12.271,12.271,12.271,12.271,12.271,0.0,,,9.0,9.0,11.0,11.0,12.0,20.0,,,31.0,36.0,44.0,53.0,68.0,80.0,,,0.0,0.0,0.0,0.0,0.0,1.0,,,,,,,,local,,,1.0,1.0,1.0,1.0,1.0,1.0,,,0.0,0.0,0.0,0.0,0.0,0.0,,,0.0,0.0,0.0,0.0,0.0,0.0,,,0.0,0.0,0.0,0.0,0.0,0.0,,,0.0,0.0,0.0,0.0,0.0,0.0,,,2.0,2.0,2.0,2.0,2.0,2.0
1401,Dessau,51.835326,12.246898,1382,1650,4.054,0.198,1,,1000.0,2000.0,3000.0,3000.0,4000.0,,,35.29,35.29,18.393,18.393,18.393,0.0,,,3.0,5.0,10.0,10.0,15.0,18.0,,,24.0,35.0,53.0,67.0,86.0,101.0,,,0.0,0.0,0.0,0.0,0.0,1.0,,,,,,,,local,,,0.0,0.0,0.0,1.0,1.0,1.0,,,0.0,0.0,0.0,1.0,1.0,1.0,,,0.0,0.0,0.0,0.0,0.0,0.0,,,0.0,0.0,0.0,0.0,0.0,0.0,,,0.0,0.0,0.0,0.0,0.0,0.0,,,2.0,2.0,2.0,3.0,3.0,3.0
1428,Diepenheim,52.2005,6.550672,1379,1650,1.182,0.067,1,,,,,,,,,4.1,4.1,4.1,4.1,4.1,4.1,,,27.0,29.0,33.0,36.0,38.0,35.0,,,86.0,108.0,129.0,136.0,141.0,138.0,,,0.0,0.0,0.0,0.0,0.0,0.0,,,,,,,,,,,0.0,0.0,0.0,0.0,0.0,0.0,,,0.0,0.0,0.0,0.0,0.0,0.0,,,0.0,0.0,0.0,0.0,0.0,0.0,,,0.0,0.0,0.0,0.0,0.0,0.0,,,0.0,0.0,0.0,0.0,0.0,0.0,,,2.0,2.0,2.0,2.0,2.0,2.0
1429,Diepholz,52.60638,8.37033,1380,1655,48.362,1.042,1,,,,,,,,,2.085,2.085,2.085,0.0,0.0,0.0,,,10.0,10.0,10.0,12.0,16.0,15.0,,,46.0,49.0,63.0,67.0,83.0,94.0,,,0.0,0.0,0.0,1.0,1.0,1.0,,,,,,local,local,local,,,0.0,0.0,0.0,0.0,0.0,0.0,,,0.0,0.0,0.0,0.0,0.0,0.0,,,0.0,0.0,0.0,0.0,0.0,0.0,,,0.0,0.0,0.0,0.0,0.0,0.0,,,0.0,0.0,0.0,0.0,0.0,0.0,,,2.0,2.0,2.0,2.0,2.0,2.0
1686,Egeln,51.943237,11.431687,1365,1650,22.413,0.285,1,,,,,,,,,8.486,8.486,8.486,0.0,0.0,0.0,,,7.0,14.0,18.0,23.0,36.0,41.0,,,31.0,50.0,69.0,81.0,107.0,123.0,,,0.0,0.0,0.0,1.0,1.0,1.0,,,,,,local,local,local,,,0.0,0.0,1.0,1.0,1.0,1.0,,,0.0,0.0,0.0,0.0,0.0,0.0,,,0.0,0.0,0.0,0.0,0.0,0.0,,,0.0,0.0,0.0,0.0,0.0,0.0,,,0.0,0.0,0.0,0.0,0.0,0.0,,,2.0,2.0,2.0,2.0,2.0,2.0
1796,Eemnes,52.250482,5.266246,1352,1650,3.781,0.776,1,,,,,,,,,20.301,20.301,20.301,20.301,20.301,20.301,,,16.0,22.0,25.0,28.0,28.0,27.0,,,63.0,77.0,91.0,95.0,96.0,92.0,,,0.0,0.0,0.0,0.0,0.0,0.0,,,,,,,,,,,0.0,0.0,0.0,0.0,0.0,0.0,,,0.0,0.0,0.0,0.0,0.0,0.0,,,0.0,0.0,0.0,0.0,0.0,0.0,,,0.0,0.0,0.0,0.0,0.0,0.0,,,0.0,0.0,0.0,0.0,0.0,0.0,,,2.0,2.0,2.0,2.0,2.0,2.0
1811,Enkhuizen,52.704595,5.2937,1356,1650,20.467,0.148,1,,1000.0,4000.0,8000.0,20000.0,19000.0,,,45.071,45.071,45.071,45.071,45.071,45.071,,,10.0,13.0,14.0,15.0,15.0,15.0,,,49.0,60.0,71.0,79.0,80.0,76.0,,,0.0,0.0,0.0,0.0,0.0,0.0,,,,,,,,,,,0.0,0.0,0.0,0.0,0.0,0.0,,,0.0,0.0,0.0,0.0,1.0,1.0,,,0.0,0.0,0.0,0.0,0.0,0.0,,,0.0,0.0,0.0,0.0,0.0,0.0,,,0.0,0.0,0.0,0.0,0.0,0.0,,,2.0,2.0,2.0,2.0,3.0,3.0
1831,Erlangen,49.601809,11.003096,1383,1650,130.405,0.226,1,,1000.0,1000.0,1000.0,1000.0,1000.0,,,74.377,74.377,74.377,74.377,74.377,74.377,,,0.0,0.0,0.0,0.0,0.0,0.0,,,4.0,4.0,9.0,9.0,9.0,9.0,,,0.0,0.0,0.0,0.0,0.0,0.0,,,,,,,,,,,0.0,0.0,0.0,0.0,0.0,0.0,,,0.0,0.0,0.0,0.0,0.0,0.0,,,0.0,0.0,0.0,0.0,0.0,0.0,,,0.0,0.0,0.0,0.0,0.0,0.0,,,0.0,0.0,0.0,0.0,0.0,0.0,,,2.0,2.0,2.0,2.0,2.0,2.0
3093,Hofheim,50.087523,8.44456,1352,1650,5.103,3.513,1,,,,,,,,,17.138,17.138,17.138,17.138,17.138,17.138,,,2.0,2.0,2.0,2.0,2.0,2.0,,,7.0,7.0,7.0,7.0,9.0,9.0,,,0.0,0.0,0.0,0.0,0.0,0.0,,,,,,,,,,,0.0,0.0,0.0,0.0,0.0,0.0,,,0.0,0.0,0.0,0.0,0.0,0.0,,,0.0,0.0,0.0,0.0,0.0,0.0,,,0.0,0.0,0.0,0.0,0.0,0.0,,,0.0,0.0,0.0,0.0,0.0,0.0,,,2.0,2.0,2.0,2.0,2.0,2.0
9558,Lemvig,56.550142,8.308829,1400,1650,74.023,0.045,1,,,,,,,,,24.843,24.843,24.843,28.546,24.843,24.843,,,4.0,6.0,7.0,4.0,7.0,7.0,,,7.0,11.0,11.0,11.0,13.0,16.0,,,0.0,0.0,0.0,0.0,0.0,0.0,,,,,,,,,,,0.0,0.0,0.0,0.0,0.0,0.0,,,0.0,0.0,0.0,0.0,0.0,0.0,,,0.0,0.0,0.0,0.0,0.0,0.0,,,0.0,0.0,0.0,0.0,0.0,0.0,,,0.0,0.0,0.0,0.0,0.0,0.0,,,2.0,2.0,2.0,2.0,2.0,2.0
19493,,56.550846,8.308089,1400,1650,74.008,0.045,1,,,,,,,,,24.766,24.766,24.766,28.635,24.766,24.766,,,4.0,6.0,7.0,4.0,7.0,7.0,,,7.0,11.0,11.0,11.0,13.0,16.0,,,0.0,0.0,0.0,0.0,0.0,0.0,,,,,,,,,,,0.0,0.0,0.0,0.0,0.0,0.0,,,0.0,0.0,0.0,0.0,0.0,0.0,,,0.0,0.0,0.0,0.0,0.0,0.0,,,0.0,0.0,0.0,0.0,0.0,0.0,,,0.0,1.0,1.0,1.0,1.0,1.0,,,2.0,2.0,2.0,2.0,2.0,2.0
2004,Bad Freienwalde,52.787461,14.030206,1364,1650,3.597,1.138,1,,,,,,,,,43.457,43.457,43.457,43.457,43.457,43.457,,,1.0,1.0,2.0,4.0,4.0,4.0,,,4.0,4.0,5.0,7.0,10.0,10.0,,,0.0,0.0,0.0,0.0,0.0,0.0,,,,,,,,,,,0.0,0.0,1.0,1.0,1.0,1.0,,,0.0,0.0,0.0,0.0,0.0,0.0,,,0.0,0.0,0.0,0.0,0.0,0.0,,,0.0,0.0,0.0,0.0,0.0,0.0,,,0.0,0.0,0.0,0.0,0.0,0.0,,,2.0,2.0,2.0,2.0,2.0,2.0
2036,Friesoythe,53.020459,7.858919,1366,1650,11.784,1.128,1,,,,,,,,,0.0,0.0,0.0,0.0,0.0,0.0,,,13.0,13.0,15.0,18.0,23.0,25.0,,,36.0,51.0,62.0,71.0,81.0,89.0,,,1.0,1.0,1.0,1.0,1.0,1.0,,,regional,regional,regional,regional,local,local,,,1.0,1.0,1.0,1.0,1.0,1.0,,,0.0,0.0,0.0,0.0,0.0,0.0,,,0.0,0.0,0.0,0.0,0.0,0.0,,,0.0,0.0,0.0,0.0,0.0,0.0,,,1.0,1.0,1.0,1.0,1.0,1.0,,,3.0,3.0,3.0,3.0,2.0,2.0
2146,Geithain,51.054259,12.694715,1367,1650,32.44,8.999,0,,,,,,,,,20.44,19.829,19.829,19.829,19.829,15.804,,,5.0,8.0,10.0,10.0,11.0,13.0,,,13.0,30.0,41.0,52.0,58.0,65.0,,,0.0,0.0,0.0,0.0,0.0,0.0,,,,,,,,,,,0.0,0.0,0.0,0.0,0.0,0.0,,,0.0,0.0,0.0,0.0,0.0,0.0,,,0.0,0.0,0.0,0.0,0.0,0.0,,,0.0,0.0,0.0,0.0,0.0,0.0,,,0.0,0.0,0.0,0.0,0.0,0.0,,,2.0,2.0,2.0,2.0,2.0,2.0
2129,Gefell,50.438029,11.859596,1364,1650,99.735,0.651,1,,,,,,,,,57.761,34.041,34.041,15.936,15.936,15.936,,,0.0,4.0,4.0,9.0,10.0,10.0,,,11.0,22.0,33.0,42.0,45.0,47.0,,,0.0,0.0,0.0,0.0,0.0,0.0,,,,,,,,,,,0.0,0.0,0.0,0.0,0.0,0.0,,,0.0,0.0,0.0,0.0,0.0,0.0,,,0.0,0.0,0.0,0.0,0.0,0.0,,,0.0,0.0,0.0,0.0,0.0,0.0,,,0.0,0.0,0.0,0.0,0.0,0.0,,,2.0,2.0,2.0,2.0,2.0,2.0
2157,Gennep,51.701485,5.968905,1371,1650,3.645,0.082,1,,,,,,,,,13.163,13.163,13.163,13.163,13.163,13.163,,,19.0,30.0,34.0,34.0,34.0,34.0,,,84.0,103.0,117.0,124.0,126.0,122.0,,,0.0,0.0,0.0,0.0,0.0,0.0,,,,,,,,,,,0.0,0.0,0.0,0.0,0.0,0.0,,,0.0,0.0,0.0,0.0,0.0,0.0,,,0.0,0.0,0.0,0.0,0.0,0.0,,,0.0,0.0,0.0,0.0,0.0,0.0,,,0.0,0.0,0.0,0.0,0.0,0.0,,,2.0,2.0,2.0,2.0,2.0,2.0
2286,Golßen,51.970964,13.603773,1397,1650,50.209,1.393,1,,,,,,,,,62.327,62.327,62.327,52.059,32.249,32.249,,,0.0,0.0,0.0,0.0,3.0,5.0,,,3.0,4.0,7.0,11.0,14.0,17.0,,,0.0,0.0,0.0,0.0,0.0,0.0,,,,,,,,,,,0.0,0.0,0.0,0.0,0.0,0.0,,,0.0,0.0,0.0,0.0,0.0,0.0,,,0.0,0.0,0.0,0.0,0.0,0.0,,,0.0,0.0,0.0,0.0,0.0,0.0,,,0.0,0.0,0.0,0.0,0.0,0.0,,,2.0,2.0,2.0,2.0,2.0,2.0
2305,Gorinchem,51.829716,4.974971,1382,1650,0.188,0.032,1,,1000.0,4000.0,6000.0,5000.0,9000.0,,,16.37,16.37,16.37,16.37,16.37,16.37,,,19.0,24.0,27.0,29.0,29.0,28.0,,,55.0,71.0,84.0,88.0,88.0,87.0,,,0.0,0.0,0.0,0.0,0.0,0.0,,,,,,,,,,,0.0,0.0,0.0,0.0,0.0,0.0,,,0.0,0.0,0.0,0.0,0.0,0.0,,,0.0,0.0,0.0,0.0,0.0,0.0,,,0.0,0.0,0.0,0.0,0.0,0.0,,,0.0,0.0,0.0,0.0,0.0,0.0,,,2.0,2.0,2.0,2.0,2.0,2.0
2743,Hagenow,53.433004,11.189557,1370,1650,18.22,1.968,1,,,,,,,,,26.378,26.378,26.378,26.378,26.378,26.378,,,4.0,4.0,4.0,4.0,11.0,11.0,,,19.0,26.0,35.0,39.0,56.0,57.0,,,0.0,0.0,0.0,0.0,0.0,0.0,,,,,,,,,,,0.0,0.0,0.0,0.0,0.0,0.0,,,0.0,0.0,0.0,0.0,0.0,0.0,,,0.0,0.0,0.0,0.0,0.0,0.0,,,0.0,0.0,0.0,0.0,0.0,0.0,,,0.0,0.0,0.0,0.0,0.0,0.0,,,2.0,2.0,2.0,2.0,2.0,2.0
2789,Czarne,53.683855,16.940063,1395,1650,108.383,0.204,1,,,,,,,,,174.337,174.337,174.337,174.337,104.71,104.71,,,0.0,0.0,0.0,0.0,0.0,0.0,,,0.0,0.0,0.0,0.0,0.0,0.0,,,0.0,0.0,0.0,0.0,0.0,0.0,,,,,,,,,,,0.0,0.0,0.0,0.0,0.0,0.0,,,0.0,0.0,0.0,0.0,0.0,0.0,,,0.0,0.0,0.0,0.0,0.0,0.0,,,0.0,0.0,0.0,0.0,0.0,0.0,,,0.0,0.0,0.0,0.0,0.0,0.0,,,2.0,2.0,2.0,2.0,2.0,2.0
2805,Hardenberg,52.57552,6.61681,1362,1650,2.51,0.061,1,,,,,,,,,0.0,0.0,0.0,0.0,0.0,0.0,,,31.0,33.0,38.0,42.0,43.0,40.0,,,69.0,86.0,102.0,115.0,119.0,116.0,,,1.0,1.0,1.0,1.0,1.0,1.0,,,regional,regional,regional,regional,regional,regional,,,1.0,1.0,1.0,1.0,1.0,1.0,,,0.0,0.0,0.0,0.0,0.0,0.0,,,0.0,0.0,0.0,0.0,0.0,0.0,,,0.0,0.0,0.0,0.0,0.0,0.0,,,0.0,0.0,0.0,0.0,0.0,0.0,,,3.0,3.0,3.0,3.0,3.0,3.0
2844,Aizpute,56.721084,21.601892,1378,1650,136.369,6.126,1,,,,,,,,,416.541,416.541,416.541,416.541,390.848,390.848,,,0.0,0.0,0.0,0.0,0.0,0.0,,,0.0,0.0,0.0,0.0,0.0,0.0,,,0.0,0.0,0.0,0.0,0.0,0.0,,,,,,,,,,,0.0,0.0,0.0,0.0,0.0,0.0,,,0.0,0.0,0.0,0.0,0.0,0.0,,,0.0,0.0,0.0,0.0,0.0,0.0,,,0.0,0.0,0.0,0.0,0.0,0.0,,,0.0,0.0,0.0,0.0,0.0,0.0,,,1.0,1.0,1.0,1.0,1.0,1.0
3064,Hylpen,52.943016,5.399164,1368,1650,2.032,2.009,1,,,,,,,,,51.176,40.855,40.855,40.855,40.855,40.855,,,0.0,2.0,3.0,3.0,3.0,3.0,,,35.0,45.0,49.0,55.0,55.0,51.0,,,0.0,0.0,0.0,0.0,0.0,0.0,,,,,,,,,,,0.0,0.0,0.0,0.0,0.0,0.0,,,0.0,0.0,0.0,0.0,0.0,0.0,,,0.0,0.0,0.0,0.0,0.0,0.0,,,0.0,0.0,0.0,0.0,0.0,0.0,,,1.0,1.0,1.0,1.0,1.0,1.0,,,2.0,2.0,2.0,2.0,2.0,2.0
3081,Höchst,50.099162,8.54746,1355,1650,4.907,0.093,1,,,,,,,,,9.689,9.689,9.689,9.689,9.689,9.689,,,3.0,3.0,3.0,3.0,5.0,5.0,,,7.0,7.0,7.0,7.0,9.0,9.0,,,0.0,0.0,0.0,0.0,0.0,0.0,,,,,,,,,,,1.0,1.0,1.0,1.0,1.0,1.0,,,0.0,0.0,0.0,0.0,0.0,0.0,,,0.0,0.0,0.0,0.0,0.0,0.0,,,0.0,0.0,0.0,0.0,0.0,0.0,,,0.0,0.0,0.0,0.0,0.0,0.0,,,2.0,2.0,2.0,2.0,2.0,2.0
3196,Hoorn,52.639206,5.059233,1357,1650,6.794,0.058,1,,3000.0,6000.0,8000.0,12000.0,16000.0,,,31.67,31.67,31.67,31.67,31.67,31.67,,,4.0,5.0,5.0,6.0,6.0,6.0,,,45.0,55.0,66.0,70.0,71.0,67.0,,,0.0,0.0,0.0,0.0,0.0,0.0,,,,,,,,,,,0.0,0.0,0.0,0.0,0.0,0.0,,,0.0,0.0,0.0,0.0,0.0,0.0,,,0.0,0.0,0.0,0.0,0.0,0.0,,,0.0,0.0,0.0,0.0,0.0,0.0,,,0.0,0.0,0.0,0.0,0.0,0.0,,,2.0,2.0,2.0,2.0,2.0,2.0
5193,Nidzica,53.361474,20.425986,1381,1650,112.789,1.12,0,,,,,,,,,390.297,390.297,390.297,390.297,331.269,331.269,,,0.0,0.0,0.0,0.0,0.0,0.0,,,0.0,0.0,0.0,0.0,0.0,0.0,,,0.0,0.0,0.0,0.0,0.0,0.0,,,,,,,,,,,0.0,0.0,0.0,0.0,0.0,0.0,,,0.0,0.0,0.0,0.0,0.0,0.0,,,0.0,0.0,0.0,0.0,0.0,0.0,,,0.0,0.0,0.0,0.0,0.0,0.0,,,0.0,0.0,0.0,0.0,0.0,0.0,,,1.0,1.0,1.0,1.0,1.0,1.0
5849,Pasym,53.65217,20.792244,1386,1650,108.489,2.802,0,,,,,,,,,417.834,417.834,417.834,417.834,346.458,346.458,,,0.0,0.0,0.0,0.0,0.0,0.0,,,0.0,0.0,0.0,0.0,0.0,0.0,,,0.0,0.0,0.0,0.0,0.0,0.0,,,,,,,,,,,0.0,0.0,0.0,0.0,0.0,0.0,,,0.0,0.0,0.0,0.0,0.0,0.0,,,0.0,0.0,0.0,0.0,0.0,0.0,,,0.0,0.0,0.0,0.0,0.0,0.0,,,0.0,0.0,0.0,0.0,0.0,0.0,,,1.0,1.0,1.0,1.0,1.0,1.0
3921,Königslutter,52.251445,10.817472,1400,1650,14.282,0.31,1,,,,,,,,,0.0,0.0,0.0,0.0,0.0,0.0,,,10.0,17.0,23.0,23.0,34.0,37.0,,,52.0,67.0,81.0,90.0,116.0,133.0,,,1.0,1.0,1.0,1.0,1.0,1.0,,,local,local,local,local,local,local,,,0.0,0.0,0.0,0.0,0.0,0.0,,,0.0,0.0,0.0,0.0,0.0,0.0,,,0.0,0.0,0.0,0.0,0.0,0.0,,,0.0,0.0,0.0,0.0,0.0,0.0,,,0.0,0.0,0.0,0.0,0.0,0.0,,,2.0,2.0,2.0,2.0,2.0,2.0
3925,Lubniewice,52.514232,15.246931,1367,1650,22.032,0.136,1,,,,,,,,,66.059,66.059,66.059,66.059,66.059,66.059,,,0.0,0.0,0.0,0.0,0.0,0.0,,,1.0,1.0,2.0,4.0,4.0,4.0,,,0.0,0.0,0.0,0.0,0.0,0.0,,,,,,,,,,,0.0,0.0,0.0,0.0,0.0,0.0,,,0.0,0.0,0.0,0.0,0.0,0.0,,,0.0,0.0,0.0,0.0,0.0,0.0,,,0.0,0.0,0.0,0.0,0.0,0.0,,,0.0,0.0,0.0,0.0,0.0,0.0,,,2.0,2.0,2.0,2.0,2.0,2.0
5591,Oelsnitz,50.415257,12.172324,1357,1650,96.374,0.321,1,,,,,,,,,70.341,51.322,51.322,0.0,0.0,0.0,,,0.0,0.0,0.0,5.0,5.0,6.0,,,10.0,21.0,29.0,34.0,36.0,38.0,,,0.0,0.0,0.0,1.0,1.0,1.0,,,,,,local,local,local,,,0.0,1.0,1.0,1.0,1.0,1.0,,,0.0,0.0,0.0,0.0,0.0,0.0,,,0.0,0.0,0.0,0.0,0.0,0.0,,,0.0,0.0,0.0,0.0,0.0,0.0,,,0.0,0.0,0.0,0.0,0.0,0.0,,,2.0,2.0,2.0,2.0,2.0,2.0
4130,Kuinre,52.788551,5.84057,1385,1650,0.906,2.018,1,,,,,,,,,18.547,9.668,9.668,9.668,9.668,9.668,,,16.0,18.0,21.0,21.0,22.0,19.0,,,57.0,69.0,81.0,92.0,92.0,88.0,,,0.0,0.0,0.0,0.0,0.0,0.0,,,,,,,,,,,1.0,1.0,1.0,1.0,1.0,1.0,,,0.0,0.0,0.0,0.0,0.0,0.0,,,0.0,0.0,0.0,0.0,0.0,0.0,,,0.0,0.0,0.0,0.0,0.0,0.0,,,1.0,1.0,1.0,1.0,1.0,1.0,,,2.0,2.0,2.0,2.0,2.0,2.0
4182,Laag-Keppel,51.994232,6.223912,1361,1650,0.287,0.093,1,,,,,,,,,5.496,5.496,5.496,5.496,5.496,5.496,,,22.0,28.0,36.0,37.0,38.0,38.0,,,85.0,108.0,126.0,133.0,138.0,134.0,,,0.0,0.0,0.0,0.0,0.0,0.0,,,,,,,,,,,1.0,1.0,1.0,1.0,1.0,1.0,,,0.0,0.0,0.0,0.0,0.0,0.0,,,0.0,0.0,0.0,0.0,0.0,0.0,,,0.0,0.0,0.0,0.0,0.0,0.0,,,0.0,0.0,0.0,0.0,0.0,0.0,,,2.0,2.0,2.0,2.0,2.0,2.0
11922,Hagestein,51.980677,5.120493,1382,1405,0.447,0.742,1,,,,,,,,,12.362,,,,,,,,22.0,,,,,,,,61.0,,,,,,,,0.0,,,,,,,,,,,,,,,,0.0,,,,,,,,0.0,,,,,,,,0.0,,,,,,,,0.0,,,,,,,,0.0,,,,,,,,2.0,,,,,
4358,Limbaži,57.514547,24.713109,1385,1650,69.876,5.892,1,,,,,,,,,306.613,306.613,306.613,306.613,284.419,284.419,,,0.0,0.0,0.0,0.0,0.0,0.0,,,0.0,0.0,0.0,0.0,0.0,0.0,,,0.0,0.0,0.0,0.0,0.0,0.0,,,,,,,,,,,0.0,0.0,0.0,0.0,0.0,0.0,,,0.0,0.0,0.0,0.0,0.0,0.0,,,0.0,0.0,0.0,0.0,0.0,0.0,,,0.0,0.0,0.0,0.0,0.0,0.0,,,0.0,0.0,0.0,0.0,0.0,0.0,,,1.0,1.0,1.0,1.0,1.0,1.0
20197,,50.41337,12.163051,1357,1650,96.683,0.345,1,,,,,,,,,70.132,50.928,50.928,0.69,0.69,0.69,,,0.0,0.0,0.0,5.0,5.0,6.0,,,10.0,21.0,29.0,34.0,36.0,38.0,,,0.0,0.0,0.0,0.0,0.0,0.0,,,,,,,,,,,0.0,1.0,1.0,1.0,1.0,1.0,,,0.0,0.0,0.0,0.0,0.0,0.0,,,0.0,1.0,1.0,1.0,1.0,1.0,,,0.0,0.0,0.0,0.0,0.0,0.0,,,0.0,0.0,0.0,0.0,0.0,0.0,,,2.0,2.0,2.0,2.0,2.0,2.0
4742,Mansfeld,51.592795,11.45182,1400,1650,20.053,0.772,1,,,,,,,,,33.327,9.714,9.714,9.714,0.0,0.0,,,9.0,16.0,18.0,25.0,34.0,37.0,,,41.0,60.0,82.0,90.0,113.0,127.0,,,0.0,0.0,0.0,0.0,1.0,1.0,,,,,,,local,local,,,0.0,0.0,0.0,0.0,0.0,0.0,,,0.0,0.0,0.0,0.0,0.0,0.0,,,0.0,0.0,0.0,0.0,0.0,0.0,,,0.0,0.0,0.0,0.0,0.0,0.0,,,0.0,0.0,0.0,0.0,0.0,0.0,,,2.0,2.0,2.0,2.0,2.0,2.0
7020,Schwerte,51.441127,7.569081,1367,1650,24.161,1.806,1,,,,,,,,,10.791,10.791,10.791,10.791,10.791,10.791,,,13.0,16.0,16.0,16.0,16.0,16.0,,,40.0,51.0,60.0,64.0,74.0,75.0,,,0.0,0.0,0.0,0.0,0.0,0.0,,,,,,,,,,,0.0,0.0,0.0,0.0,0.0,0.0,,,0.0,0.0,0.0,0.0,0.0,0.0,,,0.0,0.0,0.0,0.0,0.0,0.0,,,0.0,0.0,0.0,0.0,0.0,0.0,,,0.0,0.0,0.0,0.0,0.0,0.0,,,2.0,2.0,2.0,2.0,2.0,2.0
4881,Meppen,52.690982,7.291888,1360,1650,5.905,0.132,1,,,,,,,,,0.0,0.0,0.0,0.0,0.0,0.0,,,14.0,18.0,24.0,26.0,26.0,26.0,,,66.0,83.0,97.0,109.0,118.0,118.0,,,1.0,1.0,1.0,1.0,1.0,1.0,,,regional,regional,local,local,local,local,,,0.0,0.0,0.0,0.0,0.0,0.0,,,0.0,0.0,0.0,0.0,0.0,0.0,,,0.0,0.0,0.0,0.0,0.0,0.0,,,0.0,0.0,0.0,0.0,0.0,0.0,,,0.0,0.0,0.0,0.0,0.0,0.0,,,3.0,3.0,2.0,2.0,2.0,2.0
4988,Möckern (Magdeburg),52.140501,11.952616,1375,1650,14.184,0.05,1,,,,,,,,,21.43,21.43,21.303,21.303,0.0,0.0,,,6.0,6.0,9.0,14.0,21.0,26.0,,,23.0,38.0,52.0,65.0,94.0,105.0,,,0.0,0.0,0.0,0.0,1.0,1.0,,,,,,,local,local,,,0.0,0.0,0.0,0.0,0.0,0.0,,,0.0,0.0,0.0,0.0,0.0,0.0,,,0.0,0.0,0.0,0.0,0.0,0.0,,,0.0,0.0,0.0,0.0,0.0,0.0,,,0.0,0.0,0.0,0.0,0.0,0.0,,,2.0,2.0,2.0,2.0,2.0,2.0
12417,,50.655694,12.198351,1359,1650,69.709,0.114,1,,,,,,,,,44.106,40.191,40.191,18.561,18.561,18.561,,,1.0,7.0,9.0,14.0,16.0,17.0,,,17.0,31.0,41.0,49.0,52.0,54.0,,,0.0,0.0,0.0,0.0,0.0,0.0,,,,,,,,,,,1.0,1.0,1.0,1.0,1.0,1.0,,,0.0,0.0,0.0,0.0,0.0,0.0,,,1.0,1.0,1.0,1.0,1.0,1.0,,,0.0,0.0,0.0,0.0,0.0,0.0,,,0.0,0.0,0.0,0.0,0.0,0.0,,,2.0,2.0,2.0,2.0,2.0,2.0
12416,Greiz,50.657338,12.200274,1359,1650,69.505,0.114,1,,,,,,,,,43.938,39.969,39.969,18.771,18.771,18.771,,,1.0,7.0,9.0,14.0,16.0,17.0,,,17.0,31.0,41.0,49.0,52.0,54.0,,,0.0,0.0,0.0,0.0,0.0,0.0,,,,,,,,,,,0.0,0.0,0.0,0.0,0.0,0.0,,,0.0,0.0,0.0,0.0,0.0,0.0,,,0.0,0.0,0.0,0.0,0.0,0.0,,,0.0,0.0,0.0,0.0,0.0,0.0,,,0.0,0.0,0.0,0.0,0.0,0.0,,,2.0,2.0,2.0,2.0,2.0,2.0
5131,Naarden,52.296587,5.162391,1353,1650,0.631,0.035,1,,,,,,,,,20.21,20.21,20.21,20.21,20.21,20.21,,,15.0,21.0,22.0,25.0,25.0,24.0,,,58.0,72.0,86.0,90.0,91.0,87.0,,,0.0,0.0,0.0,0.0,0.0,0.0,,,,,,,,,,,0.0,0.0,0.0,0.0,0.0,0.0,,,1.0,1.0,1.0,1.0,1.0,1.0,,,0.0,0.0,0.0,0.0,0.0,0.0,,,0.0,0.0,0.0,0.0,0.0,0.0,,,0.0,0.0,0.0,0.0,0.0,0.0,,,3.0,3.0,3.0,3.0,3.0,3.0
5190,Neheim,51.453187,7.960471,1358,1650,29.692,0.812,1,,,,,,,,,16.685,16.685,16.685,16.685,16.685,16.685,,,5.0,7.0,7.0,8.0,10.0,10.0,,,42.0,48.0,58.0,60.0,71.0,72.0,,,0.0,0.0,0.0,0.0,0.0,0.0,,,,,,,,,,,1.0,1.0,1.0,1.0,1.0,1.0,,,0.0,0.0,0.0,0.0,0.0,0.0,,,0.0,0.0,0.0,0.0,0.0,0.0,,,0.0,0.0,0.0,0.0,0.0,0.0,,,0.0,0.0,0.0,0.0,0.0,0.0,,,2.0,2.0,2.0,2.0,2.0,2.0
5250,Neuenhaus,52.497971,6.966591,1369,1650,0.548,0.057,1,,,,,,,,,11.044,11.044,11.044,11.044,11.044,11.044,,,16.0,20.0,26.0,30.0,30.0,30.0,,,72.0,89.0,104.0,117.0,124.0,121.0,,,0.0,0.0,0.0,0.0,0.0,0.0,,,,,,,,,,,1.0,1.0,1.0,1.0,1.0,1.0,,,0.0,0.0,0.0,0.0,0.0,0.0,,,0.0,0.0,0.0,0.0,0.0,0.0,,,0.0,0.0,0.0,0.0,0.0,0.0,,,0.0,0.0,0.0,0.0,0.0,0.0,,,2.0,2.0,2.0,2.0,2.0,2.0
12764,,51.863268,4.250529,1381,1650,8.313,0.883,1,,,,,,,,,23.901,23.901,23.901,23.901,23.901,23.901,,,11.0,12.0,12.0,13.0,13.0,13.0,,,30.0,34.0,39.0,41.0,41.0,40.0,,,0.0,0.0,0.0,0.0,0.0,0.0,,,,,,,,,,,0.0,0.0,0.0,0.0,0.0,0.0,,,0.0,0.0,0.0,0.0,0.0,0.0,,,0.0,0.0,0.0,0.0,0.0,0.0,,,0.0,0.0,0.0,0.0,0.0,0.0,,,0.0,0.0,0.0,0.0,0.0,0.0,,,2.0,2.0,2.0,2.0,2.0,2.0
12425,Heldburg,50.280018,10.725805,1390,1650,97.504,3.262,1,,,,,,,,,6.525,6.525,6.525,6.525,6.525,6.525,,,12.0,12.0,17.0,20.0,21.0,22.0,,,25.0,30.0,39.0,45.0,52.0,57.0,,,0.0,0.0,0.0,0.0,0.0,0.0,,,,,,,,,,,0.0,0.0,0.0,1.0,1.0,1.0,,,0.0,0.0,0.0,0.0,0.0,0.0,,,0.0,0.0,0.0,0.0,0.0,0.0,,,0.0,0.0,0.0,0.0,0.0,0.0,,,0.0,0.0,0.0,0.0,0.0,0.0,,,2.0,2.0,2.0,2.0,2.0,2.0
5461,Nordhorn,52.435794,7.070657,1379,1650,5.3,0.086,1,,,,,,,,,12.162,12.162,12.162,12.162,12.162,12.162,,,16.0,20.0,26.0,30.0,30.0,30.0,,,71.0,86.0,101.0,114.0,119.0,116.0,,,0.0,0.0,0.0,0.0,0.0,0.0,,,,,,,,,,,0.0,1.0,1.0,1.0,1.0,1.0,,,0.0,0.0,0.0,0.0,0.0,0.0,,,0.0,0.0,0.0,0.0,0.0,0.0,,,0.0,0.0,0.0,0.0,0.0,0.0,,,0.0,0.0,0.0,0.0,0.0,0.0,,,2.0,2.0,2.0,2.0,2.0,2.0
7938,Usingen,50.334201,8.536793,1377,1650,26.227,0.061,1,,,,,,,,,26.95,26.95,26.95,26.95,26.95,26.95,,,3.0,3.0,3.0,3.0,5.0,5.0,,,10.0,10.0,10.0,10.0,12.0,12.0,,,0.0,0.0,0.0,0.0,0.0,0.0,,,,,,,,,,,0.0,0.0,0.0,0.0,0.0,0.0,,,0.0,0.0,0.0,0.0,0.0,0.0,,,0.0,0.0,0.0,0.0,0.0,0.0,,,0.0,0.0,0.0,0.0,0.0,0.0,,,0.0,0.0,0.0,0.0,0.0,0.0,,,2.0,2.0,2.0,2.0,2.0,2.0
8375,Wetter (Ruhr),51.388653,7.400241,1355,1650,29.076,0.339,1,,,,,,,,,14.71,14.71,14.71,14.71,14.71,14.71,,,12.0,13.0,14.0,14.0,14.0,14.0,,,38.0,51.0,58.0,61.0,68.0,69.0,,,0.0,0.0,0.0,0.0,0.0,0.0,,,,,,,,,,,0.0,0.0,0.0,0.0,0.0,0.0,,,0.0,0.0,0.0,0.0,0.0,0.0,,,0.0,0.0,0.0,0.0,0.0,0.0,,,0.0,0.0,0.0,0.0,0.0,0.0,,,0.0,0.0,0.0,0.0,0.0,0.0,,,2.0,2.0,2.0,2.0,2.0,2.0
5830,Parchen,52.351499,12.079102,1368,1650,12.002,3.235,1,,,,,,,,,0.0,0.0,0.0,0.0,0.0,0.0,,,4.0,4.0,10.0,13.0,19.0,24.0,,,23.0,31.0,44.0,53.0,76.0,89.0,,,1.0,1.0,1.0,1.0,1.0,1.0,,,local,local,local,local,local,local,,,0.0,0.0,0.0,0.0,0.0,0.0,,,0.0,0.0,0.0,0.0,0.0,0.0,,,0.0,0.0,0.0,0.0,0.0,0.0,,,0.0,0.0,0.0,0.0,0.0,0.0,,,0.0,0.0,0.0,0.0,0.0,0.0,,,2.0,2.0,2.0,2.0,2.0,2.0
6110,Debrzno,53.535796,17.235543,1354,1650,84.619,0.284,1,,,,,,,,,186.017,186.017,186.017,186.017,130.024,130.024,,,0.0,0.0,0.0,0.0,0.0,0.0,,,0.0,0.0,0.0,0.0,0.0,0.0,,,0.0,0.0,0.0,0.0,0.0,0.0,,,,,,,,,,,0.0,0.0,0.0,0.0,0.0,0.0,,,0.0,0.0,0.0,0.0,0.0,0.0,,,0.0,0.0,0.0,0.0,0.0,0.0,,,0.0,0.0,0.0,0.0,0.0,0.0,,,0.0,0.0,0.0,0.0,0.0,0.0,,,2.0,2.0,2.0,2.0,2.0,2.0
6188,Quakenbrück,52.676031,7.956564,1360,1650,38.31,2.379,1,,,,,,,,,20.496,20.496,20.496,20.496,20.496,20.496,,,16.0,17.0,21.0,23.0,23.0,22.0,,,46.0,53.0,65.0,73.0,86.0,94.0,,,0.0,0.0,0.0,0.0,0.0,0.0,,,,,,,,,,,0.0,0.0,0.0,0.0,0.0,0.0,,,0.0,0.0,0.0,0.0,0.0,0.0,,,0.0,0.0,0.0,0.0,0.0,0.0,,,0.0,0.0,0.0,0.0,0.0,0.0,,,0.0,0.0,0.0,0.0,0.0,0.0,,,2.0,2.0,2.0,2.0,2.0,2.0
12431,Rastenberg,51.175864,11.419365,1378,1650,54.081,1.208,1,,,,,,,,,24.448,11.453,6.067,6.067,6.067,6.067,,,14.0,22.0,29.0,33.0,36.0,36.0,,,46.0,66.0,86.0,104.0,118.0,136.0,,,0.0,0.0,0.0,0.0,0.0,0.0,,,,,,,,,,,0.0,0.0,0.0,0.0,0.0,0.0,,,0.0,0.0,0.0,0.0,0.0,0.0,,,0.0,0.0,0.0,0.0,0.0,0.0,,,0.0,0.0,0.0,0.0,0.0,0.0,,,0.0,0.0,0.0,0.0,0.0,0.0,,,2.0,2.0,2.0,2.0,2.0,2.0
6267,Kętrzyn ,54.075136,21.374615,1357,1650,62.564,0.074,1,,,,,,,,,463.908,463.908,463.908,463.908,377.891,377.891,,,0.0,0.0,0.0,0.0,0.0,0.0,,,0.0,0.0,0.0,0.0,0.0,0.0,,,0.0,0.0,0.0,0.0,0.0,0.0,,,,,,,,,,,0.0,0.0,0.0,0.0,0.0,0.0,,,0.0,0.0,0.0,0.0,0.0,0.0,,,0.0,0.0,0.0,0.0,0.0,0.0,,,0.0,0.0,0.0,0.0,0.0,0.0,,,0.0,0.0,0.0,0.0,0.0,0.0,,,2.0,2.0,2.0,2.0,2.0,2.0
6390,Rheda,51.85209,8.291668,1355,1650,48.428,0.115,1,,,,,,,,,19.911,19.911,19.911,19.911,19.911,19.911,,,13.0,15.0,21.0,23.0,32.0,33.0,,,53.0,60.0,69.0,72.0,91.0,94.0,,,0.0,0.0,0.0,0.0,0.0,0.0,,,,,,,,,,,0.0,0.0,0.0,0.0,0.0,0.0,,,0.0,0.0,0.0,0.0,0.0,0.0,,,0.0,0.0,0.0,0.0,0.0,0.0,,,0.0,0.0,0.0,0.0,0.0,0.0,,,0.0,0.0,0.0,0.0,0.0,0.0,,,2.0,2.0,2.0,2.0,2.0,2.0
6515,Straupe,57.347751,24.946408,1356,1650,64.464,0.43,1,,,,,,,,,326.851,326.851,326.851,326.851,304.909,304.909,,,0.0,0.0,0.0,0.0,0.0,0.0,,,0.0,0.0,0.0,0.0,0.0,0.0,,,0.0,0.0,0.0,0.0,0.0,0.0,,,,,,,,,,,0.0,0.0,0.0,0.0,0.0,0.0,,,0.0,0.0,0.0,0.0,0.0,0.0,,,0.0,0.0,0.0,0.0,0.0,0.0,,,0.0,0.0,0.0,0.0,0.0,0.0,,,0.0,0.0,0.0,0.0,0.0,0.0,,,2.0,2.0,2.0,2.0,2.0,2.0
6541,Roßlau,51.887729,12.25005,1382,1650,2.676,0.589,1,,,,,,,,,41.016,41.016,14.367,14.367,14.367,5.831,,,4.0,6.0,11.0,12.0,17.0,20.0,,,24.0,33.0,48.0,62.0,81.0,96.0,,,0.0,0.0,0.0,0.0,0.0,0.0,,,,,,,,,,,0.0,0.0,0.0,0.0,0.0,0.0,,,0.0,0.0,0.0,0.0,0.0,0.0,,,0.0,0.0,0.0,0.0,0.0,0.0,,,0.0,0.0,0.0,0.0,0.0,0.0,,,0.0,0.0,0.0,0.0,0.0,0.0,,,2.0,2.0,2.0,2.0,2.0,2.0
6705,Salzgitter-Bad,52.046845,10.372167,1400,1523,12.776,0.386,1,,1000.0,1000.0,,,,,,25.972,25.972,16.15,,,,,,19.0,26.0,30.0,,,,,,60.0,75.0,89.0,,,,,,0.0,0.0,0.0,,,,,,,,,,,,,,0.0,0.0,0.0,,,,,,0.0,0.0,0.0,,,,,,0.0,0.0,0.0,,,,,,0.0,0.0,0.0,,,,,,0.0,0.0,0.0,,,,,,2.0,2.0,2.0,,,
10860,Ameide,51.958133,4.962564,1351,1650,3.429,2.521,1,,,,,,,,,18.252,18.252,18.252,18.252,18.252,18.252,,,22.0,27.0,30.0,32.0,32.0,31.0,,,57.0,70.0,81.0,85.0,86.0,82.0,,,0.0,0.0,0.0,0.0,0.0,0.0,,,,,,,,,,,1.0,1.0,1.0,1.0,1.0,1.0,,,0.0,0.0,0.0,0.0,0.0,0.0,,,0.0,0.0,0.0,0.0,0.0,0.0,,,0.0,1.0,1.0,1.0,1.0,1.0,,,1.0,1.0,1.0,1.0,1.0,1.0,,,2.0,2.0,2.0,2.0,2.0,2.0
6915,Piła,53.151219,16.735128,1380,1650,83.868,0.295,1,,,,,,,,,143.699,143.699,143.699,143.699,134.594,134.594,,,0.0,0.0,0.0,0.0,0.0,0.0,,,0.0,0.0,0.0,0.0,0.0,0.0,,,0.0,0.0,0.0,0.0,0.0,0.0,,,,,,,,,,,0.0,0.0,0.0,0.0,1.0,1.0,,,0.0,0.0,0.0,0.0,0.0,0.0,,,0.0,0.0,0.0,0.0,0.0,0.0,,,0.0,0.0,0.0,0.0,0.0,0.0,,,0.0,0.0,0.0,0.0,0.0,0.0,,,2.0,2.0,2.0,2.0,2.0,2.0
7312,Spremberg,51.571458,14.379523,1397,1650,54.765,0.228,1,,,,,,,,,120.319,85.153,77.747,77.747,77.747,70.296,,,0.0,0.0,0.0,0.0,0.0,0.0,,,0.0,1.0,1.0,4.0,4.0,6.0,,,0.0,0.0,0.0,0.0,0.0,0.0,,,,,,,,,,,0.0,0.0,0.0,0.0,0.0,0.0,,,0.0,0.0,0.0,0.0,0.0,0.0,,,0.0,0.0,0.0,0.0,0.0,0.0,,,0.0,0.0,0.0,0.0,0.0,0.0,,,0.0,0.0,0.0,0.0,0.0,0.0,,,2.0,2.0,2.0,2.0,2.0,2.0
7634,Tecklenburg,52.219865,7.813333,1388,1650,20.057,0.059,1,,,,,,,,,16.771,16.771,16.771,16.771,16.771,16.771,,,11.0,14.0,17.0,17.0,21.0,22.0,,,55.0,62.0,75.0,82.0,97.0,97.0,,,0.0,0.0,0.0,0.0,0.0,0.0,,,,,,,,,,,0.0,0.0,0.0,0.0,0.0,0.0,,,0.0,0.0,0.0,0.0,0.0,0.0,,,0.0,0.0,0.0,0.0,0.0,0.0,,,0.0,0.0,0.0,0.0,0.0,0.0,,,0.0,0.0,0.0,0.0,0.0,0.0,,,2.0,2.0,2.0,2.0,2.0,2.0
7783,Trebbin,52.214811,13.213308,1400,1650,28.296,2.256,1,,,,,,,,,36.232,36.232,36.232,26.782,14.22,14.22,,,3.0,3.0,3.0,4.0,7.0,7.0,,,8.0,8.0,15.0,22.0,30.0,37.0,,,0.0,0.0,0.0,0.0,0.0,0.0,,,,,,,,,,,1.0,1.0,1.0,1.0,1.0,1.0,,,0.0,0.0,0.0,0.0,0.0,0.0,,,0.0,0.0,0.0,0.0,0.0,0.0,,,0.0,0.0,0.0,0.0,0.0,0.0,,,0.0,0.0,0.0,0.0,0.0,0.0,,,2.0,2.0,2.0,2.0,2.0,2.0
11184,Ramsdorf,51.887944,6.920406,1384,1650,23.843,2.255,1,,,,,,,,,6.418,6.418,6.418,6.418,6.418,6.418,,,19.0,20.0,20.0,22.0,26.0,26.0,,,74.0,93.0,109.0,114.0,120.0,118.0,,,0.0,0.0,0.0,0.0,0.0,0.0,,,,,,,,,,,0.0,0.0,0.0,0.0,0.0,0.0,,,0.0,0.0,0.0,0.0,0.0,0.0,,,0.0,0.0,0.0,0.0,0.0,0.0,,,0.0,0.0,0.0,0.0,0.0,0.0,,,0.0,0.0,0.0,0.0,0.0,0.0,,,2.0,2.0,2.0,2.0,2.0,2.0
8063,Vollenhove,52.681603,5.948366,1354,1650,5.084,0.108,1,,,,,,,,,13.84,13.84,13.84,13.84,13.84,13.84,,,26.0,29.0,32.0,33.0,34.0,31.0,,,62.0,80.0,93.0,104.0,104.0,100.0,,,0.0,0.0,0.0,0.0,0.0,0.0,,,,,,,,,,,0.0,0.0,0.0,0.0,0.0,0.0,,,0.0,0.0,0.0,0.0,0.0,0.0,,,0.0,0.0,0.0,0.0,0.0,0.0,,,0.0,0.0,0.0,0.0,0.0,0.0,,,0.0,0.0,0.0,0.0,0.0,0.0,,,2.0,2.0,2.0,2.0,2.0,2.0
8181,Wanzleben,52.061488,11.440476,1376,1650,15.908,0.12,1,,,,,,,,,0.0,0.0,0.0,0.0,0.0,0.0,,,8.0,8.0,12.0,16.0,24.0,30.0,,,30.0,47.0,63.0,74.0,100.0,115.0,,,1.0,1.0,1.0,1.0,1.0,1.0,,,local,local,local,local,local,local,,,0.0,0.0,0.0,0.0,1.0,1.0,,,0.0,0.0,0.0,0.0,0.0,0.0,,,0.0,0.0,0.0,0.0,0.0,0.0,,,0.0,0.0,0.0,0.0,0.0,0.0,,,0.0,0.0,0.0,0.0,0.0,0.0,,,2.0,2.0,2.0,2.0,2.0,2.0
8243,Weesp,52.307025,5.042234,1355,1650,1.511,0.12,1,,,,,,,,,12.543,12.543,12.543,12.543,12.543,12.543,,,13.0,15.0,16.0,19.0,19.0,18.0,,,55.0,67.0,81.0,85.0,86.0,82.0,,,0.0,0.0,0.0,0.0,0.0,0.0,,,,,,,,,,,0.0,0.0,0.0,0.0,0.0,0.0,,,0.0,0.0,0.0,0.0,0.0,0.0,,,0.0,0.0,0.0,0.0,0.0,0.0,,,0.0,0.0,0.0,0.0,0.0,0.0,,,0.0,0.0,0.0,0.0,0.0,0.0,,,2.0,2.0,2.0,2.0,2.0,2.0
8333,Werne,51.662499,7.635477,1400,1650,2.741,2.785,1,,,,,,,,,0.0,0.0,0.0,0.0,0.0,0.0,,,19.0,21.0,22.0,23.0,28.0,29.0,,,45.0,55.0,65.0,69.0,79.0,80.0,,,1.0,1.0,1.0,1.0,1.0,1.0,,,local,local,local,local,local,local,,,0.0,0.0,0.0,0.0,0.0,0.0,,,0.0,0.0,0.0,0.0,0.0,0.0,,,0.0,0.0,0.0,0.0,0.0,0.0,,,0.0,0.0,0.0,0.0,0.0,0.0,,,0.0,0.0,0.0,0.0,0.0,0.0,,,2.0,2.0,2.0,2.0,2.0,2.0
8470,Ventspils,57.395875,21.567235,1378,1650,150.785,6.705,1,,,,,,,,,342.1,342.1,342.1,342.1,318.577,318.577,,,0.0,0.0,0.0,0.0,0.0,0.0,,,0.0,0.0,0.0,0.0,0.0,0.0,,,0.0,0.0,0.0,0.0,0.0,0.0,,,,,,,,,,,0.0,0.0,0.0,0.0,0.0,0.0,,,0.0,0.0,0.0,0.0,0.0,0.0,,,0.0,0.0,0.0,0.0,0.0,0.0,,,0.0,0.0,0.0,0.0,0.0,0.0,,,0.0,0.0,0.0,0.0,0.0,0.0,,,1.0,1.0,1.0,1.0,1.0,1.0
8600,Wolmirstedt,52.248284,11.627748,1390,1650,7.802,0.113,1,,,,,,,,,12.998,12.998,12.998,12.998,0.0,0.0,,,9.0,9.0,16.0,21.0,29.0,37.0,,,25.0,40.0,55.0,66.0,92.0,103.0,,,0.0,0.0,0.0,0.0,1.0,1.0,,,,,,,local,local,,,1.0,1.0,1.0,1.0,1.0,1.0,,,0.0,0.0,0.0,0.0,0.0,0.0,,,0.0,0.0,0.0,0.0,0.0,0.0,,,0.0,0.0,0.0,0.0,0.0,0.0,,,0.0,0.0,0.0,0.0,0.0,0.0,,,2.0,2.0,2.0,2.0,2.0,2.0
8612,Warkum,52.9797,5.443289,1385,1650,0.697,0.511,1,,1000.0,2000.0,2000.0,2000.0,3000.0,,,49.99,39.692,39.692,39.692,39.692,39.692,,,3.0,5.0,6.0,6.0,6.0,6.0,,,32.0,42.0,45.0,50.0,50.0,47.0,,,0.0,0.0,0.0,0.0,0.0,0.0,,,,,,,,,,,0.0,0.0,0.0,0.0,0.0,0.0,,,0.0,0.0,0.0,0.0,0.0,0.0,,,0.0,0.0,0.0,0.0,0.0,0.0,,,0.0,0.0,0.0,0.0,0.0,0.0,,,1.0,1.0,1.0,1.0,1.0,1.0,,,2.0,2.0,2.0,2.0,2.0,2.0
8665,Wustrow,52.924378,11.119954,1377,1650,2.716,0.038,1,,,,,,,,,5.43,5.43,5.43,5.43,5.43,5.43,,,6.0,11.0,16.0,16.0,18.0,18.0,,,27.0,35.0,40.0,43.0,65.0,70.0,,,0.0,0.0,0.0,0.0,0.0,0.0,,,,,,,,,,,0.0,0.0,0.0,0.0,0.0,0.0,,,0.0,0.0,0.0,0.0,0.0,0.0,,,0.0,0.0,0.0,0.0,0.0,0.0,,,0.0,0.0,0.0,0.0,0.0,0.0,,,0.0,0.0,0.0,0.0,0.0,0.0,,,2.0,2.0,2.0,2.0,2.0,2.0
8878,Buren,51.911256,5.333833,1395,1650,2.199,0.069,1,,,,,,,,,0.0,0.0,0.0,0.0,0.0,0.0,,,19.0,26.0,33.0,35.0,35.0,34.0,,,65.0,80.0,91.0,95.0,96.0,92.0,,,1.0,1.0,1.0,1.0,1.0,1.0,,,local,local,local,local,local,local,,,0.0,0.0,0.0,0.0,0.0,0.0,,,0.0,0.0,0.0,0.0,0.0,0.0,,,0.0,0.0,0.0,0.0,0.0,0.0,,,0.0,0.0,0.0,0.0,0.0,0.0,,,0.0,0.0,0.0,0.0,0.0,0.0,,,2.0,2.0,2.0,2.0,2.0,2.0
8992,,52.434269,7.070189,1379,1650,5.403,0.047,1,,,,,,,,,12.09,12.09,12.09,12.09,12.09,12.09,,,16.0,20.0,26.0,30.0,30.0,30.0,,,71.0,86.0,101.0,114.0,119.0,116.0,,,0.0,0.0,0.0,0.0,0.0,0.0,,,,,,,,,,,0.0,0.0,0.0,0.0,0.0,0.0,,,0.0,0.0,0.0,0.0,0.0,0.0,,,0.0,0.0,0.0,0.0,0.0,0.0,,,0.0,0.0,0.0,0.0,0.0,0.0,,,1.0,1.0,1.0,1.0,1.0,1.0,,,2.0,2.0,2.0,2.0,2.0,2.0
8993,,52.694502,7.291097,1360,1650,5.514,0.066,1,,,,,,,,,0.395,0.395,0.395,0.395,0.395,0.395,,,14.0,18.0,24.0,26.0,26.0,26.0,,,66.0,83.0,97.0,109.0,118.0,118.0,,,0.0,0.0,0.0,0.0,0.0,0.0,,,,,,,,,,,0.0,0.0,0.0,0.0,0.0,0.0,,,0.0,0.0,0.0,0.0,0.0,0.0,,,0.0,0.0,0.0,0.0,0.0,0.0,,,0.0,0.0,0.0,0.0,0.0,0.0,,,1.0,1.0,1.0,1.0,1.0,1.0,,,2.0,2.0,2.0,2.0,2.0,2.0
8994,,52.693942,7.288671,1360,1650,5.533,0.1,1,,,,,,,,,0.394,0.394,0.394,0.394,0.394,0.394,,,14.0,18.0,24.0,26.0,26.0,26.0,,,66.0,83.0,97.0,109.0,118.0,118.0,,,0.0,0.0,0.0,0.0,0.0,0.0,,,,,,,,,,,1.0,1.0,1.0,1.0,1.0,1.0,,,0.0,0.0,0.0,0.0,0.0,0.0,,,1.0,1.0,1.0,1.0,1.0,1.0,,,0.0,0.0,0.0,0.0,0.0,0.0,,,0.0,0.0,0.0,0.0,0.0,0.0,,,2.0,2.0,2.0,2.0,2.0,2.0
8995,,52.69418,7.292598,1360,1650,5.576,0.06,1,,,,,,,,,0.359,0.359,0.359,0.359,0.359,0.359,,,14.0,18.0,24.0,26.0,26.0,26.0,,,66.0,83.0,97.0,109.0,118.0,118.0,,,0.0,0.0,0.0,0.0,0.0,0.0,,,,,,,,,,,1.0,1.0,1.0,1.0,1.0,1.0,,,0.0,0.0,0.0,0.0,0.0,0.0,,,1.0,1.0,1.0,1.0,1.0,1.0,,,0.0,0.0,0.0,0.0,0.0,0.0,,,0.0,0.0,0.0,0.0,0.0,0.0,,,2.0,2.0,2.0,2.0,2.0,2.0
8996,,52.693344,7.291455,1360,1650,5.644,0.06,1,,,,,,,,,0.264,0.264,0.264,0.264,0.264,0.264,,,14.0,18.0,24.0,26.0,26.0,26.0,,,66.0,83.0,97.0,109.0,118.0,118.0,,,0.0,0.0,0.0,0.0,0.0,0.0,,,,,,,,,,,0.0,0.0,0.0,0.0,0.0,0.0,,,0.0,0.0,0.0,0.0,0.0,0.0,,,0.0,0.0,0.0,0.0,0.0,0.0,,,0.0,0.0,0.0,0.0,0.0,0.0,,,0.0,0.0,0.0,0.0,0.0,0.0,,,2.0,2.0,2.0,2.0,2.0,2.0
9186,,52.496737,6.960853,1369,1650,0.732,0.044,1,,,,,,,,,10.758,10.758,10.758,10.758,10.758,10.758,,,16.0,20.0,26.0,30.0,30.0,30.0,,,72.0,89.0,104.0,117.0,124.0,121.0,,,0.0,0.0,0.0,0.0,0.0,0.0,,,,,,,,,,,0.0,0.0,0.0,0.0,0.0,0.0,,,0.0,0.0,0.0,0.0,0.0,0.0,,,1.0,1.0,1.0,1.0,1.0,1.0,,,0.0,0.0,0.0,0.0,0.0,0.0,,,0.0,0.0,0.0,0.0,0.0,0.0,,,2.0,2.0,2.0,2.0,2.0,2.0
9187,Mühlenkolk,52.498992,6.966357,1369,1650,0.434,0.057,1,,,,,,,,,11.14,11.14,11.14,11.14,11.14,11.14,,,16.0,20.0,26.0,30.0,30.0,30.0,,,72.0,89.0,104.0,117.0,124.0,121.0,,,0.0,0.0,0.0,0.0,0.0,0.0,,,,,,,,,,,0.0,0.0,0.0,0.0,0.0,0.0,,,0.0,0.0,0.0,0.0,0.0,0.0,,,0.0,0.0,0.0,0.0,0.0,0.0,,,0.0,0.0,0.0,0.0,0.0,0.0,,,1.0,1.0,1.0,1.0,1.0,1.0,,,2.0,2.0,2.0,2.0,2.0,2.0
9560,Hobro,56.638492,9.793732,1400,1650,49.888,0.102,1,,,,,,,,,24.749,24.749,24.749,24.749,0.0,0.0,,,6.0,7.0,9.0,9.0,11.0,14.0,,,13.0,16.0,19.0,19.0,22.0,28.0,,,0.0,0.0,0.0,0.0,1.0,1.0,,,,,,,local,local,,,0.0,0.0,0.0,0.0,0.0,0.0,,,0.0,0.0,0.0,0.0,0.0,0.0,,,0.0,0.0,0.0,0.0,0.0,0.0,,,0.0,0.0,0.0,0.0,0.0,0.0,,,0.0,0.0,0.0,0.0,0.0,0.0,,,2.0,2.0,2.0,2.0,2.0,2.0
12450,,52.30635,5.045592,1355,1650,1.333,0.035,1,,,,,,,,,12.772,12.772,12.772,12.772,12.772,12.772,,,13.0,15.0,16.0,19.0,19.0,18.0,,,55.0,67.0,81.0,85.0,86.0,82.0,,,0.0,0.0,0.0,0.0,0.0,0.0,,,,,,,,,,,0.0,0.0,0.0,0.0,0.0,0.0,,,0.0,0.0,0.0,0.0,0.0,0.0,,,0.0,0.0,0.0,0.0,0.0,0.0,,,0.0,0.0,0.0,0.0,0.0,0.0,,,1.0,1.0,1.0,1.0,1.0,1.0,,,2.0,2.0,2.0,2.0,2.0,2.0
9616,Hardegsen,51.650328,9.828615,1383,1650,19.304,0.174,1,,,,,,,,,0.0,0.0,0.0,0.0,0.0,0.0,,,24.0,27.0,34.0,34.0,41.0,46.0,,,75.0,84.0,99.0,102.0,122.0,136.0,,,1.0,1.0,1.0,1.0,1.0,1.0,,,local,local,local,local,local,local,,,0.0,0.0,0.0,0.0,1.0,1.0,,,0.0,0.0,0.0,0.0,0.0,0.0,,,0.0,0.0,0.0,0.0,0.0,0.0,,,0.0,0.0,0.0,0.0,0.0,0.0,,,0.0,0.0,0.0,0.0,0.0,0.0,,,2.0,2.0,2.0,2.0,2.0,2.0
3612,Kelbra ,51.435709,11.04165,1351,1650,53.296,0.051,1,,,,,,,,,0.0,0.0,0.0,0.0,0.0,0.0,,,13.0,20.0,24.0,28.0,34.0,34.0,,,55.0,77.0,99.0,112.0,134.0,150.0,,,1.0,1.0,1.0,1.0,1.0,1.0,,,local,local,local,local,local,local,,,0.0,0.0,0.0,0.0,0.0,0.0,,,0.0,0.0,0.0,0.0,0.0,0.0,,,0.0,0.0,0.0,0.0,0.0,0.0,,,0.0,0.0,0.0,0.0,0.0,0.0,,,0.0,0.0,0.0,0.0,0.0,0.0,,,2.0,2.0,2.0,2.0,2.0,2.0
10262,Piltene,57.225745,21.676251,1400,1650,137.884,2.525,1,,,,,,,,,360.248,360.248,360.248,360.248,335.186,335.186,,,0.0,0.0,0.0,0.0,0.0,0.0,,,0.0,0.0,0.0,0.0,0.0,0.0,,,0.0,0.0,0.0,0.0,0.0,0.0,,,,,,,,,,,0.0,0.0,0.0,0.0,0.0,0.0,,,0.0,0.0,0.0,0.0,0.0,0.0,,,0.0,0.0,0.0,0.0,0.0,0.0,,,0.0,0.0,0.0,0.0,0.0,0.0,,,0.0,0.0,0.0,0.0,0.0,0.0,,,1.0,1.0,1.0,1.0,1.0,1.0
10398,,51.881098,12.236654,1382,1650,1.539,0.546,1,,,,,,,,,40.426,40.426,14.14,14.14,14.14,5.138,,,4.0,6.0,11.0,12.0,17.0,20.0,,,24.0,37.0,52.0,66.0,85.0,100.0,,,0.0,0.0,0.0,0.0,0.0,0.0,,,,,,,,,,,0.0,0.0,0.0,1.0,1.0,1.0,,,0.0,0.0,0.0,0.0,0.0,0.0,,,0.0,0.0,0.0,0.0,1.0,0.0,,,1.0,1.0,1.0,1.0,0.0,0.0,,,0.0,0.0,0.0,0.0,0.0,0.0,,,2.0,2.0,2.0,2.0,2.0,2.0
10419,,51.940849,11.424329,1365,1650,22.978,0.285,1,,,,,,,,,7.978,7.978,7.978,0.57,0.57,0.57,,,7.0,14.0,18.0,23.0,36.0,41.0,,,32.0,51.0,70.0,81.0,107.0,123.0,,,0.0,0.0,0.0,0.0,0.0,0.0,,,,,,,,,,,0.0,0.0,0.0,0.0,0.0,0.0,,,0.0,0.0,0.0,0.0,0.0,0.0,,,0.0,0.0,0.0,0.0,0.0,0.0,,,0.0,0.0,0.0,0.0,0.0,0.0,,,0.0,0.0,0.0,0.0,0.0,0.0,,,2.0,2.0,2.0,2.0,2.0,2.0
12493,Kölleda,51.189507,11.247371,1392,1650,59.947,2.83,1,,,,,,,,,12.761,12.761,12.761,9.615,9.615,9.615,,,15.0,23.0,31.0,35.0,38.0,38.0,,,48.0,68.0,87.0,102.0,121.0,139.0,,,0.0,0.0,0.0,0.0,0.0,0.0,,,,,,,,,,,0.0,0.0,0.0,0.0,0.0,0.0,,,0.0,0.0,0.0,0.0,0.0,0.0,,,0.0,0.0,0.0,0.0,0.0,0.0,,,0.0,0.0,0.0,0.0,0.0,0.0,,,0.0,0.0,0.0,0.0,0.0,0.0,,,2.0,2.0,2.0,2.0,2.0,2.0
10460,,51.833659,12.251977,1382,1650,4.363,0.198,1,,,,,,,,,35.05,35.05,18.752,18.752,18.752,0.395,,,3.0,5.0,10.0,10.0,15.0,18.0,,,24.0,35.0,53.0,67.0,86.0,101.0,,,0.0,0.0,0.0,0.0,0.0,0.0,,,,,,,,,,,0.0,0.0,0.0,0.0,0.0,0.0,,,0.0,0.0,0.0,1.0,1.0,1.0,,,1.0,1.0,1.0,1.0,1.0,1.0,,,0.0,0.0,0.0,0.0,0.0,0.0,,,0.0,0.0,0.0,0.0,0.0,0.0,,,2.0,2.0,2.0,3.0,3.0,3.0
705,Bitterfeld,51.623828,12.329957,1382,1650,28.225,1.473,1,,,,,,,,,11.278,11.278,11.278,11.278,11.278,10.944,,,5.0,7.0,13.0,17.0,20.0,23.0,,,27.0,40.0,57.0,72.0,90.0,103.0,,,0.0,0.0,0.0,0.0,0.0,0.0,,,,,,,,,,,0.0,0.0,1.0,1.0,1.0,1.0,,,0.0,0.0,0.0,0.0,0.0,0.0,,,0.0,0.0,0.0,0.0,0.0,0.0,,,0.0,0.0,0.0,0.0,0.0,0.0,,,0.0,0.0,0.0,0.0,0.0,0.0,,,2.0,2.0,2.0,2.0,2.0,2.0
10655,Kungsbacka,57.4869138,12.0770981,1400,1650,179.645,93.304,0,,,,,,,,,125.174,125.174,125.174,125.174,125.174,94.39,,,0.0,0.0,0.0,0.0,0.0,0.0,,,0.0,0.0,0.0,0.0,0.0,2.0,,,0.0,0.0,0.0,0.0,0.0,0.0,,,,,,,,,,,0.0,0.0,0.0,0.0,0.0,0.0,,,0.0,0.0,0.0,0.0,0.0,0.0,,,0.0,0.0,0.0,0.0,0.0,0.0,,,0.0,0.0,0.0,0.0,0.0,0.0,,,0.0,0.0,0.0,0.0,0.0,0.0,,,0.0,0.0,0.0,0.0,0.0,0.0
10657,Laholm,56.513399,13.043594,1399,1650,237.035,30.932,0,,,,,,,,,81.393,81.393,81.393,59.446,59.446,59.446,,,0.0,0.0,0.0,0.0,0.0,0.0,,,3.0,3.0,3.0,4.0,3.0,3.0,,,0.0,0.0,0.0,0.0,0.0,0.0,,,,,,,,,,,0.0,0.0,0.0,0.0,0.0,0.0,,,0.0,0.0,0.0,0.0,0.0,0.0,,,0.0,0.0,0.0,0.0,0.0,0.0,,,0.0,0.0,0.0,0.0,0.0,0.0,,,1.0,1.0,1.0,1.0,1.0,1.0,,,0.0,0.0,0.0,0.0,0.0,0.0
10778,Sölvesborg,56.053125,14.584559,1400,1650,229.95,10.593,0,,,,,,,,,84.26,84.26,84.26,84.26,95.126,95.126,,,0.0,0.0,0.0,0.0,0.0,0.0,,,3.0,3.0,3.0,3.0,2.0,2.0,,,0.0,0.0,0.0,0.0,0.0,0.0,,,,,,,,,,,0.0,0.0,0.0,0.0,0.0,0.0,,,0.0,0.0,0.0,0.0,0.0,0.0,,,0.0,0.0,0.0,0.0,0.0,0.0,,,0.0,0.0,0.0,0.0,0.0,0.0,,,1.0,1.0,1.0,1.0,1.0,1.0,,,0.0,0.0,0.0,0.0,0.0,0.0
19353,,50.335281,8.537085,1377,1650,26.34,0.061,1,,,,,,,,,27.053,27.053,27.053,27.053,27.053,27.053,,,3.0,3.0,3.0,3.0,5.0,5.0,,,10.0,10.0,10.0,10.0,12.0,12.0,,,0.0,0.0,0.0,0.0,0.0,0.0,,,,,,,,,,,0.0,0.0,0.0,0.0,0.0,0.0,,,0.0,0.0,0.0,0.0,0.0,0.0,,,0.0,0.0,0.0,0.0,0.0,0.0,,,0.0,0.0,0.0,0.0,0.0,0.0,,,0.0,0.0,0.0,0.0,0.0,0.0,,,2.0,2.0,2.0,2.0,2.0,2.0
10794,Bredevoort,51.942877,6.616929,1388,1650,11.757,0.26,1,,,,,,,,,19.915,19.915,19.915,19.915,19.915,19.915,,,23.0,27.0,32.0,35.0,36.0,36.0,,,85.0,108.0,129.0,135.0,140.0,138.0,,,0.0,0.0,0.0,0.0,0.0,0.0,,,,,,,,,,,0.0,0.0,0.0,0.0,0.0,0.0,,,0.0,0.0,0.0,0.0,0.0,0.0,,,0.0,0.0,0.0,0.0,0.0,0.0,,,0.0,0.0,0.0,0.0,0.0,0.0,,,0.0,0.0,0.0,0.0,0.0,0.0,,,2.0,2.0,2.0,2.0,2.0,2.0
10799,Heukelum,51.874247,5.078428,1393,1650,0.933,0.033,1,,,,,,,,,13.446,13.446,13.446,13.446,13.446,13.446,,,17.0,24.0,29.0,31.0,31.0,30.0,,,66.0,82.0,93.0,97.0,98.0,94.0,,,0.0,0.0,0.0,0.0,0.0,0.0,,,,,,,,,,,0.0,0.0,0.0,0.0,0.0,0.0,,,0.0,0.0,0.0,0.0,0.0,0.0,,,0.0,0.0,0.0,0.0,0.0,0.0,,,0.0,0.0,0.0,0.0,0.0,0.0,,,0.0,0.0,0.0,0.0,0.0,0.0,,,2.0,2.0,2.0,2.0,2.0,2.0
17027,Marköbel,50.221858,8.985245,1368,1650,16.309,7.272,1,,,,,,,,,14.772,14.772,14.772,14.772,14.772,14.772,,,7.0,7.0,7.0,7.0,9.0,9.0,,,10.0,10.0,13.0,13.0,20.0,20.0,,,0.0,0.0,0.0,0.0,0.0,0.0,,,,,,,,,,,0.0,0.0,0.0,0.0,0.0,0.0,,,0.0,0.0,0.0,0.0,0.0,0.0,,,0.0,0.0,0.0,0.0,0.0,0.0,,,0.0,0.0,0.0,0.0,0.0,0.0,,,0.0,0.0,0.0,0.0,0.0,0.0,,,2.0,2.0,2.0,2.0,2.0,2.0
10952,,52.57526,6.615051,1362,1650,2.609,0.061,1,,,,,,,,,0.122,0.122,0.122,0.122,0.122,0.122,,,31.0,33.0,38.0,42.0,43.0,40.0,,,69.0,86.0,102.0,115.0,119.0,116.0,,,0.0,0.0,0.0,0.0,0.0,0.0,,,,,,,,,,,0.0,0.0,0.0,0.0,0.0,0.0,,,0.0,0.0,0.0,0.0,0.0,0.0,,,0.0,0.0,0.0,1.0,1.0,1.0,,,1.0,1.0,1.0,1.0,0.0,0.0,,,1.0,1.0,1.0,1.0,1.0,1.0,,,2.0,2.0,2.0,2.0,2.0,2.0
10987,Eldagsen,52.171242,9.659175,1355,1650,22.091,1.646,0,,,,,,,,,20.058,20.058,20.058,20.058,12.495,12.495,,,25.0,24.0,27.0,28.0,35.0,39.0,,,63.0,73.0,89.0,92.0,118.0,125.0,,,0.0,0.0,0.0,0.0,0.0,0.0,,,,,,,,,,,0.0,0.0,0.0,0.0,0.0,0.0,,,0.0,0.0,0.0,0.0,0.0,0.0,,,0.0,0.0,0.0,0.0,0.0,0.0,,,0.0,0.0,0.0,0.0,0.0,0.0,,,0.0,0.0,0.0,0.0,0.0,0.0,,,2.0,2.0,2.0,2.0,2.0,2.0
12441,Bad Sulza,51.087648,11.62258,1353,1650,56.9,0.565,1,,,,,,,,,7.215,5.858,5.858,5.858,5.858,5.858,,,10.0,22.0,31.0,35.0,38.0,38.0,,,33.0,49.0,62.0,80.0,92.0,102.0,,,0.0,0.0,0.0,0.0,0.0,0.0,,,,,,,,,,,0.0,0.0,0.0,1.0,1.0,1.0,,,0.0,0.0,0.0,0.0,0.0,0.0,,,0.0,0.0,0.0,0.0,0.0,0.0,,,0.0,0.0,0.0,0.0,0.0,0.0,,,0.0,0.0,0.0,0.0,0.0,0.0,,,2.0,2.0,2.0,2.0,2.0,2.0
13808,Rheinsberg,53.098967,12.892499,1368,1650,42.104,5.287,1,,,,,,,,,66.427,66.427,66.427,66.427,20.161,20.161,,,0.0,0.0,0.0,0.0,1.0,1.0,,,8.0,8.0,11.0,15.0,23.0,28.0,,,0.0,0.0,0.0,0.0,0.0,0.0,,,,,,,,,,,0.0,0.0,0.0,0.0,0.0,0.0,,,0.0,0.0,0.0,0.0,0.0,0.0,,,0.0,0.0,0.0,0.0,0.0,0.0,,,0.0,0.0,0.0,0.0,0.0,0.0,,,0.0,0.0,0.0,0.0,0.0,0.0,,,1.0,1.0,1.0,1.0,1.0,1.0
15136,,54.889477,10.413537,1400,1650,74.515,0.113,1,,,,,,,,,25.38,25.38,25.38,25.38,25.38,25.38,,,2.0,2.0,2.0,4.0,4.0,5.0,,,7.0,13.0,23.0,24.0,38.0,46.0,,,0.0,0.0,0.0,0.0,0.0,0.0,,,,,,,,,,,0.0,0.0,0.0,0.0,0.0,0.0,,,0.0,0.0,0.0,0.0,0.0,0.0,,,0.0,0.0,0.0,0.0,0.0,0.0,,,1.0,1.0,1.0,1.0,1.0,1.0,,,1.0,1.0,1.0,1.0,1.0,1.0,,,2.0,2.0,2.0,2.0,2.0,2.0
11899,Geervliet,51.860402,4.257177,1381,1650,8.497,0.997,1,,,,,,,,,23.426,23.426,23.426,23.426,23.426,23.426,,,11.0,12.0,12.0,13.0,13.0,13.0,,,30.0,34.0,39.0,41.0,41.0,40.0,,,0.0,0.0,0.0,0.0,0.0,0.0,,,,,,,,,,,1.0,1.0,1.0,1.0,1.0,1.0,,,0.0,0.0,0.0,0.0,0.0,0.0,,,0.0,0.0,0.0,0.0,0.0,0.0,,,1.0,1.0,1.0,1.0,1.0,1.0,,,0.0,0.0,0.0,0.0,0.0,0.0,,,2.0,2.0,2.0,2.0,2.0,2.0
11903,Woerden,52.086272,4.885158,1372,1650,2.57,0.02,1,,,,,,,,,14.581,14.581,14.581,14.581,14.581,14.581,,,19.0,24.0,27.0,29.0,29.0,28.0,,,53.0,66.0,77.0,81.0,82.0,78.0,,,0.0,0.0,0.0,0.0,0.0,0.0,,,,,,,,,,,1.0,1.0,1.0,1.0,1.0,1.0,,,1.0,1.0,1.0,1.0,1.0,1.0,,,0.0,0.0,0.0,0.0,0.0,0.0,,,0.0,0.0,0.0,0.0,0.0,0.0,,,1.0,1.0,1.0,1.0,1.0,1.0,,,3.0,3.0,3.0,3.0,3.0,3.0
11906,Leerdam,51.8909,5.093357,1382,1650,0.172,0.047,1,,,,,,,,,13.65,13.65,13.65,13.65,13.65,13.65,,,17.0,24.0,29.0,31.0,31.0,30.0,,,65.0,81.0,92.0,96.0,97.0,93.0,,,0.0,0.0,0.0,0.0,0.0,0.0,,,,,,,,,,,0.0,0.0,0.0,0.0,0.0,0.0,,,0.0,0.0,0.0,0.0,0.0,0.0,,,0.0,0.0,0.0,0.0,0.0,0.0,,,0.0,0.0,0.0,0.0,0.0,0.0,,,0.0,0.0,0.0,0.0,0.0,0.0,,,2.0,2.0,2.0,2.0,2.0,2.0
11908,Tholen,51.531681,4.22022,1366,1650,9.673,0.115,1,,,,,,,,,32.194,23.028,23.028,23.028,23.028,23.028,,,13.0,13.0,15.0,15.0,15.0,15.0,,,27.0,31.0,36.0,38.0,38.0,37.0,,,0.0,0.0,0.0,0.0,0.0,0.0,,,,,,,,,,,0.0,0.0,0.0,0.0,0.0,0.0,,,0.0,0.0,0.0,0.0,0.0,0.0,,,0.0,0.0,0.0,0.0,0.0,0.0,,,0.0,0.0,0.0,0.0,0.0,0.0,,,0.0,0.0,0.0,0.0,0.0,0.0,,,2.0,2.0,2.0,2.0,2.0,2.0
11909,Reimerswaal,51.503784,4.171237,1375,1631,14.248,0.102,0,,,,,,,,,28.149,19.447,19.447,19.447,19.447,,,,10.0,10.0,12.0,12.0,12.0,,,,27.0,31.0,36.0,38.0,38.0,,,,0.0,0.0,0.0,0.0,0.0,,,,,,,,,,,,0.0,0.0,0.0,0.0,0.0,,,,1.0,1.0,1.0,1.0,1.0,,,,0.0,0.0,0.0,0.0,0.0,,,,0.0,0.0,0.0,0.0,0.0,,,,0.0,0.0,0.0,0.0,0.0,,,,3.0,3.0,3.0,3.0,3.0,
11917,Zevenbergen,51.645365,4.605963,1369,1650,1.329,0.86,1,,,,,,,,,13.362,13.362,13.362,13.362,13.362,13.362,,,13.0,13.0,15.0,16.0,16.0,16.0,,,36.0,42.0,51.0,53.0,53.0,52.0,,,0.0,0.0,0.0,0.0,0.0,0.0,,,,,,,,,,,0.0,0.0,0.0,0.0,0.0,0.0,,,0.0,0.0,0.0,0.0,0.0,0.0,,,0.0,0.0,0.0,0.0,0.0,0.0,,,0.0,0.0,0.0,0.0,0.0,0.0,,,1.0,1.0,1.0,1.0,1.0,1.0,,,2.0,2.0,2.0,2.0,2.0,2.0
12481,,52.018818,5.0443,1363,1650,0.165,0.049,1,,,,,,,,,9.589,9.589,9.589,9.589,9.589,9.589,,,20.0,25.0,28.0,30.0,30.0,29.0,,,56.0,69.0,80.0,84.0,85.0,81.0,,,0.0,0.0,0.0,0.0,0.0,0.0,,,,,,,,,,,0.0,0.0,0.0,0.0,0.0,0.0,,,0.0,1.0,1.0,1.0,1.0,1.0,,,0.0,0.0,0.0,0.0,0.0,0.0,,,0.0,0.0,0.0,0.0,0.0,0.0,,,1.0,1.0,1.0,1.0,1.0,1.0,,,2.0,3.0,3.0,3.0,3.0,3.0
11983,Ravenstein,51.797565,5.652678,1380,1650,1.483,0.824,1,,,,,,,,,15.599,7.418,7.418,7.418,7.418,7.418,,,19.0,28.0,35.0,36.0,36.0,35.0,,,76.0,95.0,108.0,114.0,116.0,112.0,,,0.0,0.0,0.0,0.0,0.0,0.0,,,,,,,,,,,1.0,1.0,1.0,1.0,1.0,1.0,,,0.0,0.0,0.0,0.0,0.0,0.0,,,0.0,0.0,0.0,0.0,0.0,0.0,,,0.0,0.0,0.0,0.0,0.0,0.0,,,1.0,1.0,1.0,1.0,1.0,1.0,,,2.0,2.0,2.0,2.0,2.0,2.0
12185,Niervaart,51.653843,4.552851,1357,1450,1.078,3.599,0,,,,,,,,,17.06,17.06,,,,,,,11.0,12.0,,,,,,,33.0,39.0,,,,,,,0.0,0.0,,,,,,,,,,,,,,,1.0,1.0,,,,,,,0.0,0.0,,,,,,,0.0,0.0,,,,,,,0.0,0.0,,,,,,,1.0,1.0,,,,,,,2.0,2.0,,,,
12189,Barntrup,51.990615,9.110627,1376,1650,20.241,0.154,1,,,,,,,,,14.933,14.933,14.933,14.933,14.933,14.933,,,20.0,22.0,31.0,31.0,41.0,44.0,,,67.0,71.0,85.0,89.0,110.0,116.0,,,0.0,0.0,0.0,0.0,0.0,0.0,,,,,,,,,,,0.0,0.0,0.0,0.0,0.0,0.0,,,0.0,0.0,0.0,0.0,0.0,0.0,,,0.0,0.0,0.0,0.0,0.0,0.0,,,0.0,0.0,0.0,0.0,0.0,0.0,,,0.0,0.0,0.0,0.0,0.0,0.0,,,2.0,2.0,2.0,2.0,2.0,2.0
11981,Megen,51.824176,5.567456,1357,1650,0.832,0.54,1,,,,,,,,,16.977,11.385,11.385,11.385,11.385,11.385,,,18.0,27.0,34.0,35.0,35.0,34.0,,,73.0,91.0,103.0,107.0,109.0,105.0,,,0.0,0.0,0.0,0.0,0.0,0.0,,,,,,,,,,,1.0,1.0,1.0,1.0,1.0,0.0,,,0.0,0.0,0.0,0.0,0.0,0.0,,,0.0,0.0,0.0,0.0,0.0,0.0,,,0.0,0.0,1.0,1.0,1.0,1.0,,,1.0,1.0,1.0,1.0,1.0,1.0,,,2.0,2.0,2.0,2.0,2.0,2.0
10546,Ærøskøbing,54.887986,10.411149,1400,1650,74.294,0.113,1,,,,,,,,,25.465,25.465,25.465,25.465,25.465,25.465,,,2.0,2.0,2.0,4.0,4.0,5.0,,,7.0,13.0,23.0,24.0,38.0,46.0,,,0.0,0.0,0.0,0.0,0.0,0.0,,,,,,,,,,,0.0,0.0,0.0,0.0,0.0,0.0,,,0.0,0.0,0.0,0.0,0.0,0.0,,,0.0,0.0,0.0,0.0,0.0,0.0,,,0.0,0.0,0.0,0.0,0.0,0.0,,,0.0,0.0,0.0,0.0,0.0,0.0,,,2.0,2.0,2.0,2.0,2.0,2.0
4472,Lindow (Mark),52.971331,12.988153,1373,1650,29.341,0.198,1,,,,,,,,,57.722,57.722,57.722,57.722,13.234,13.234,,,0.0,0.0,0.0,0.0,1.0,1.0,,,8.0,8.0,11.0,15.0,22.0,27.0,,,0.0,0.0,0.0,0.0,0.0,0.0,,,,,,,,,,,0.0,0.0,0.0,1.0,1.0,1.0,,,0.0,0.0,0.0,0.0,0.0,0.0,,,0.0,0.0,0.0,0.0,0.0,0.0,,,0.0,0.0,0.0,0.0,0.0,0.0,,,0.0,0.0,0.0,0.0,0.0,0.0,,,2.0,2.0,2.0,2.0,2.0,2.0
12409,Berga (Elster),50.752834,12.164333,1378,1650,59.698,3.479,1,,,,,,,,,33.143,32.003,32.003,28.902,28.902,23.748,,,3.0,10.0,13.0,18.0,20.0,22.0,,,17.0,34.0,44.0,53.0,59.0,63.0,,,0.0,0.0,0.0,0.0,0.0,0.0,,,,,,,,,,,0.0,0.0,0.0,0.0,0.0,0.0,,,0.0,0.0,0.0,0.0,0.0,0.0,,,0.0,0.0,0.0,0.0,0.0,0.0,,,0.0,0.0,0.0,0.0,0.0,0.0,,,0.0,0.0,0.0,0.0,0.0,0.0,,,2.0,2.0,2.0,2.0,2.0,2.0
19564,,54.691572,11.366281,1400,1650,90.316,0.719,1,,,,,,,,,48.702,48.702,48.702,21.385,21.385,21.385,,,3.0,5.0,5.0,7.0,8.0,8.0,,,8.0,15.0,22.0,24.0,34.0,38.0,,,0.0,0.0,0.0,0.0,0.0,0.0,,,,,,,,,,,0.0,0.0,0.0,0.0,0.0,0.0,,,0.0,0.0,0.0,0.0,0.0,0.0,,,0.0,0.0,0.0,0.0,0.0,0.0,,,0.0,0.0,0.0,0.0,0.0,0.0,,,1.0,1.0,1.0,1.0,1.0,1.0,,,2.0,2.0,2.0,2.0,2.0,2.0
14536,Landskrona,55.870372,12.830357,1400,1650,200.743,0.256,1,,,,,,,,,29.33,29.33,29.33,22.735,22.735,22.735,,,4.0,4.0,4.0,5.0,3.0,3.0,,,10.0,12.0,12.0,14.0,13.0,14.0,,,0.0,0.0,0.0,0.0,0.0,0.0,,,,,,,,,,,0.0,0.0,0.0,0.0,0.0,0.0,,,0.0,0.0,0.0,0.0,0.0,0.0,,,0.0,0.0,0.0,0.0,0.0,0.0,,,0.0,0.0,0.0,0.0,0.0,0.0,,,0.0,0.0,0.0,0.0,0.0,0.0,,,2.0,2.0,2.0,2.0,2.0,2.0
19596,,55.86629,12.826581,1400,1650,200.343,0.256,1,,,,,,,,,29.229,29.229,29.229,22.966,22.966,22.966,,,5.0,5.0,5.0,6.0,3.0,3.0,,,10.0,12.0,12.0,14.0,13.0,14.0,,,0.0,0.0,0.0,0.0,0.0,0.0,,,,,,,,,,,0.0,0.0,0.0,0.0,0.0,0.0,,,0.0,0.0,0.0,0.0,0.0,0.0,,,0.0,0.0,0.0,0.0,0.0,0.0,,,0.0,0.0,0.0,0.0,0.0,0.0,,,1.0,1.0,1.0,1.0,1.0,1.0,,,2.0,2.0,2.0,2.0,2.0,2.0
3300,IJsselstein,52.019446,5.043281,1363,1650,0.194,0.049,1,,,,,,,,,9.568,9.568,9.568,9.568,9.568,9.568,,,20.0,25.0,28.0,30.0,30.0,29.0,,,56.0,69.0,80.0,84.0,85.0,81.0,,,0.0,0.0,0.0,0.0,0.0,0.0,,,,,,,,,,,0.0,0.0,0.0,0.0,0.0,0.0,,,0.0,1.0,1.0,1.0,1.0,1.0,,,0.0,0.0,0.0,0.0,0.0,0.0,,,0.0,0.0,0.0,0.0,0.0,0.0,,,0.0,0.0,0.0,0.0,0.0,0.0,,,2.0,3.0,3.0,3.0,3.0,3.0
628,Bevergern,52.27304,7.58035,1366,1650,9.601,4.314,1,,,,,,,,,20.146,9.708,9.708,9.708,9.708,9.708,,,14.0,17.0,20.0,22.0,26.0,27.0,,,64.0,73.0,88.0,95.0,103.0,103.0,,,0.0,0.0,0.0,0.0,0.0,0.0,,,,,,,,,,,0.0,0.0,0.0,0.0,0.0,0.0,,,0.0,0.0,0.0,0.0,0.0,0.0,,,0.0,0.0,0.0,0.0,0.0,0.0,,,0.0,0.0,0.0,0.0,0.0,0.0,,,0.0,0.0,0.0,0.0,0.0,0.0,,,2.0,2.0,2.0,2.0,2.0,2.0
18119,Porvoo,60.395391,25.657864,1387,1650,181.153,0.102,1,,,,,,,,,89.075,89.075,89.075,86.57,0.0,0.0,,,0.0,0.0,0.0,0.0,7.0,9.0,,,1.0,1.0,1.0,2.0,13.0,18.0,,,0.0,0.0,0.0,0.0,1.0,1.0,,,,,,,regional,regional,,,1.0,1.0,1.0,1.0,1.0,1.0,,,0.0,0.0,0.0,0.0,0.0,0.0,,,0.0,0.0,0.0,0.0,0.0,0.0,,,0.0,0.0,0.0,0.0,0.0,0.0,,,0.0,0.0,0.0,0.0,0.0,0.0,,,2.0,2.0,2.0,2.0,3.0,3.0
19746,Porvoon silta,60.396673,25.655011,1387,1650,181.365,0.048,1,,,,,,,,,88.944,88.944,88.944,86.689,0.212,0.212,,,0.0,0.0,0.0,0.0,7.0,9.0,,,1.0,1.0,1.0,2.0,13.0,18.0,,,0.0,0.0,0.0,0.0,0.0,0.0,,,,,,,,,,,0.0,0.0,0.0,0.0,0.0,0.0,,,0.0,0.0,0.0,0.0,0.0,0.0,,,1.0,1.0,1.0,1.0,1.0,1.0,,,0.0,0.0,0.0,0.0,0.0,0.0,,,0.0,0.0,0.0,0.0,0.0,0.0,,,2.0,2.0,2.0,2.0,2.0,2.0
12444,Triptis,50.735633,11.862981,1378,1650,69.871,1.982,1,,,,,,,,,28.828,19.715,19.715,17.909,17.909,17.909,,,5.0,14.0,19.0,24.0,26.0,27.0,,,23.0,39.0,50.0,62.0,68.0,72.0,,,0.0,0.0,0.0,0.0,0.0,0.0,,,,,,,,,,,0.0,0.0,1.0,1.0,1.0,1.0,,,0.0,0.0,0.0,0.0,0.0,0.0,,,0.0,0.0,0.0,0.0,0.0,0.0,,,0.0,0.0,0.0,0.0,0.0,0.0,,,0.0,0.0,0.0,0.0,0.0,0.0,,,2.0,2.0,2.0,2.0,2.0,2.0
6803,Schalkau,50.39391,11.005973,1362,1650,105.27,3.848,1,,,,,,,,,19.938,19.938,19.938,19.938,19.938,19.938,,,12.0,12.0,17.0,20.0,21.0,22.0,,,28.0,35.0,47.0,58.0,65.0,69.0,,,0.0,0.0,0.0,0.0,0.0,0.0,,,,,,,,,,,0.0,0.0,0.0,0.0,0.0,0.0,,,0.0,0.0,0.0,0.0,0.0,0.0,,,0.0,0.0,0.0,0.0,0.0,0.0,,,0.0,0.0,0.0,0.0,0.0,0.0,,,0.0,0.0,0.0,0.0,0.0,0.0,,,2.0,2.0,2.0,2.0,2.0,2.0
11494,Ranis,50.66169,11.564301,1381,1650,88.861,1.957,1,,,,,,,,,29.679,3.914,3.914,3.914,3.914,3.914,,,2.0,7.0,10.0,12.0,13.0,13.0,,,36.0,52.0,67.0,79.0,88.0,90.0,,,0.0,0.0,0.0,0.0,0.0,0.0,,,,,,,,,,,0.0,0.0,0.0,0.0,0.0,0.0,,,0.0,0.0,0.0,0.0,0.0,0.0,,,0.0,0.0,0.0,0.0,0.0,0.0,,,0.0,0.0,0.0,0.0,0.0,0.0,,,0.0,0.0,0.0,0.0,0.0,0.0,,,2.0,2.0,2.0,2.0,2.0,2.0
10107,Ohrdruf,50.828037,10.732186,1390,1650,59.018,2.639,1,,,,,,,,,26.648,26.648,26.648,24.357,24.357,24.357,,,21.0,21.0,26.0,32.0,38.0,42.0,,,42.0,54.0,71.0,81.0,93.0,102.0,,,0.0,0.0,0.0,0.0,0.0,0.0,,,,,,,,,,,0.0,0.0,0.0,0.0,0.0,0.0,,,0.0,0.0,0.0,0.0,0.0,0.0,,,0.0,0.0,0.0,0.0,0.0,0.0,,,0.0,0.0,0.0,0.0,0.0,0.0,,,0.0,0.0,0.0,0.0,0.0,0.0,,,2.0,2.0,2.0,2.0,2.0,2.0
20084,,50.864478,5.832187,1353,1650,9.641,0.088,0,,,,,,,,,10.05,10.05,10.05,6.862,6.862,6.862,,,11.0,13.0,14.0,15.0,15.0,15.0,,,25.0,35.0,41.0,42.0,43.0,43.0,,,0.0,0.0,0.0,0.0,0.0,0.0,,,,,,,,,,,0.0,0.0,0.0,0.0,0.0,0.0,,,0.0,0.0,0.0,0.0,0.0,0.0,,,1.0,1.0,1.0,1.0,1.0,1.0,,,0.0,0.0,0.0,0.0,0.0,0.0,,,0.0,0.0,0.0,0.0,0.0,0.0,,,2.0,2.0,2.0,2.0,2.0,2.0
7957,Valkenburg (Geul),50.862851,5.831255,1353,1650,9.611,0.105,1,,,,,,,,,9.961,9.961,9.961,6.76,6.76,6.76,,,11.0,13.0,14.0,15.0,15.0,15.0,,,25.0,35.0,41.0,42.0,43.0,43.0,,,0.0,0.0,0.0,0.0,0.0,0.0,,,,,,,,,,,1.0,1.0,1.0,1.0,1.0,1.0,,,0.0,0.0,0.0,0.0,0.0,0.0,,,0.0,0.0,0.0,0.0,0.0,0.0,,,0.0,0.0,0.0,0.0,0.0,0.0,,,0.0,0.0,0.0,0.0,0.0,0.0,,,2.0,2.0,2.0,2.0,2.0,2.0
19354,,50.333008,8.539091,1377,1650,26.063,0.105,1,,,,,,,,,26.765,26.765,26.765,26.765,26.765,26.765,,,3.0,3.0,3.0,3.0,5.0,5.0,,,10.0,10.0,10.0,10.0,12.0,12.0,,,0.0,0.0,0.0,0.0,0.0,0.0,,,,,,,,,,,0.0,0.0,0.0,0.0,0.0,0.0,,,0.0,0.0,0.0,0.0,0.0,0.0,,,0.0,0.0,0.0,0.0,0.0,0.0,,,0.0,0.0,0.0,0.0,0.0,0.0,,,0.0,0.0,0.0,0.0,0.0,0.0,,,2.0,2.0,2.0,2.0,2.0,2.0
12471,Güsten,51.796539,11.611787,1373,1650,8.286,0.609,1,,,,,,,,,26.341,26.341,17.851,17.851,17.851,17.851,,,8.0,13.0,17.0,24.0,35.0,42.0,,,38.0,55.0,80.0,94.0,121.0,138.0,,,0.0,0.0,0.0,0.0,0.0,0.0,,,,,,,,,,,0.0,0.0,0.0,0.0,0.0,0.0,,,0.0,0.0,0.0,0.0,0.0,0.0,,,0.0,0.0,0.0,0.0,0.0,0.0,,,0.0,0.0,0.0,0.0,0.0,0.0,,,0.0,0.0,0.0,0.0,0.0,0.0,,,2.0,2.0,2.0,2.0,2.0,2.0
12513,Raguhn,51.712223,12.292231,1395,1650,18.057,0.083,1,,,,,,,,,21.287,21.287,21.287,21.287,21.287,14.039,,,5.0,7.0,13.0,13.0,16.0,19.0,,,25.0,38.0,52.0,66.0,84.0,98.0,,,0.0,0.0,0.0,0.0,0.0,0.0,,,,,,,,,,,0.0,0.0,0.0,0.0,0.0,0.0,,,0.0,0.0,0.0,0.0,0.0,0.0,,,0.0,0.0,0.0,0.0,0.0,0.0,,,0.0,0.0,0.0,0.0,0.0,0.0,,,0.0,0.0,0.0,0.0,0.0,0.0,,,2.0,2.0,2.0,2.0,2.0,2.0
12781,,51.826523,4.97408,1382,1650,0.187,0.354,1,,,,,,,,,16.031,16.031,16.031,16.031,16.031,16.031,,,19.0,24.0,27.0,29.0,29.0,28.0,,,55.0,71.0,84.0,88.0,88.0,87.0,,,0.0,0.0,0.0,0.0,0.0,0.0,,,,,,,,,,,0.0,1.0,1.0,1.0,1.0,1.0,,,0.0,0.0,0.0,0.0,0.0,0.0,,,0.0,0.0,0.0,0.0,0.0,0.0,,,0.0,0.0,0.0,0.0,0.0,0.0,,,0.0,0.0,0.0,0.0,0.0,0.0,,,2.0,2.0,2.0,2.0,2.0,2.0
12771,,51.531945,4.22352,1366,1650,9.501,0.078,1,,,,,,,,,32.305,23.259,23.259,23.259,23.259,23.259,,,13.0,13.0,15.0,15.0,15.0,15.0,,,27.0,31.0,36.0,38.0,38.0,37.0,,,0.0,0.0,0.0,0.0,0.0,0.0,,,,,,,,,,,1.0,1.0,1.0,1.0,1.0,1.0,,,0.0,0.0,0.0,0.0,0.0,0.0,,,0.0,0.0,0.0,0.0,0.0,0.0,,,0.0,0.0,0.0,0.0,0.0,0.0,,,1.0,1.0,1.0,1.0,1.0,1.0,,,2.0,2.0,2.0,2.0,2.0,2.0
12782,,51.829553,4.976461,1382,1650,0.187,0.052,1,,,,,,,,,16.404,16.404,16.404,16.404,16.404,16.404,,,19.0,24.0,27.0,29.0,29.0,28.0,,,55.0,71.0,84.0,88.0,88.0,87.0,,,0.0,0.0,0.0,0.0,0.0,0.0,,,,,,,,,,,0.0,0.0,0.0,0.0,0.0,0.0,,,0.0,0.0,0.0,0.0,0.0,0.0,,,0.0,0.0,0.0,0.0,0.0,0.0,,,0.0,0.0,0.0,0.0,0.0,0.0,,,1.0,1.0,1.0,1.0,1.0,1.0,,,2.0,2.0,2.0,2.0,2.0,2.0
13614,,51.993866,6.223744,1361,1650,0.273,0.134,1,,,,,,,,,5.482,5.482,5.482,5.482,5.482,5.482,,,22.0,28.0,36.0,37.0,38.0,38.0,,,85.0,108.0,126.0,133.0,138.0,134.0,,,0.0,0.0,0.0,0.0,0.0,0.0,,,,,,,,,,,0.0,0.0,0.0,0.0,0.0,0.0,,,0.0,0.0,0.0,0.0,0.0,0.0,,,0.0,0.0,0.0,0.0,0.0,0.0,,,0.0,0.0,0.0,0.0,0.0,0.0,,,0.0,0.0,0.0,0.0,0.0,0.0,,,2.0,2.0,2.0,2.0,2.0,2.0
13680,,51.826734,4.964468,1382,1650,0.756,0.397,1,,,,,,,,,15.735,15.735,15.735,15.735,15.735,15.735,,,18.0,23.0,26.0,28.0,28.0,27.0,,,54.0,70.0,83.0,87.0,87.0,86.0,,,0.0,0.0,0.0,0.0,0.0,0.0,,,,,,,,,,,0.0,0.0,0.0,0.0,0.0,0.0,,,0.0,0.0,0.0,0.0,0.0,0.0,,,0.0,0.0,0.0,0.0,0.0,0.0,,,1.0,1.0,1.0,1.0,1.0,1.0,,,0.0,0.0,0.0,0.0,0.0,0.0,,,2.0,2.0,2.0,2.0,2.0,2.0
13681,,51.830276,4.975197,1382,1650,0.249,0.032,1,,,,,,,,,16.432,16.432,16.432,16.432,16.432,16.432,,,19.0,24.0,27.0,29.0,29.0,28.0,,,54.0,70.0,83.0,87.0,87.0,86.0,,,0.0,0.0,0.0,0.0,0.0,0.0,,,,,,,,,,,0.0,0.0,0.0,0.0,0.0,0.0,,,0.0,0.0,0.0,0.0,0.0,0.0,,,0.0,0.0,0.0,0.0,0.0,0.0,,,0.0,0.0,0.0,0.0,0.0,0.0,,,0.0,0.0,0.0,0.0,0.0,0.0,,,2.0,2.0,2.0,2.0,2.0,2.0
13798,Brück (Brandenburg),52.197576,12.769879,1360,1650,22.893,0.76,1,,,,,,,,,50.018,50.018,28.194,13.131,13.131,13.131,,,0.0,0.0,3.0,7.0,10.0,10.0,,,15.0,17.0,26.0,35.0,50.0,60.0,,,0.0,0.0,0.0,0.0,0.0,0.0,,,,,,,,,,,0.0,0.0,1.0,1.0,1.0,1.0,,,0.0,0.0,0.0,0.0,0.0,0.0,,,0.0,0.0,0.0,0.0,0.0,0.0,,,0.0,0.0,0.0,0.0,0.0,0.0,,,0.0,0.0,0.0,0.0,0.0,0.0,,,2.0,2.0,2.0,2.0,2.0,2.0
13768,,52.200673,6.548718,1379,1650,1.102,0.067,1,,,,,,,,,4.153,4.153,4.153,4.153,4.153,4.153,,,27.0,29.0,33.0,36.0,38.0,35.0,,,86.0,108.0,129.0,136.0,141.0,138.0,,,0.0,0.0,0.0,0.0,0.0,0.0,,,,,,,,,,,0.0,0.0,0.0,0.0,0.0,0.0,,,0.0,0.0,0.0,0.0,0.0,0.0,,,0.0,0.0,0.0,0.0,0.0,0.0,,,0.0,0.0,0.0,0.0,0.0,0.0,,,1.0,1.0,1.0,1.0,1.0,1.0,,,2.0,2.0,2.0,2.0,2.0,2.0
13778,,52.638293,5.060093,1357,1650,6.75,0.058,1,,,,,,,,,31.596,31.596,31.596,31.596,31.596,31.596,,,4.0,5.0,5.0,6.0,6.0,6.0,,,45.0,55.0,66.0,70.0,71.0,67.0,,,0.0,0.0,0.0,0.0,0.0,0.0,,,,,,,,,,,1.0,1.0,1.0,1.0,1.0,1.0,,,0.0,0.0,0.0,0.0,0.0,0.0,,,0.0,0.0,0.0,0.0,0.0,0.0,,,0.0,0.0,0.0,1.0,1.0,1.0,,,1.0,1.0,1.0,1.0,1.0,1.0,,,2.0,2.0,2.0,2.0,2.0,2.0
13796,Köpenick,52.446085,13.578038,1381,1650,5.119,0.139,1,,,,,,,,,14.093,14.093,14.093,14.093,14.093,14.093,,,3.0,3.0,3.0,3.0,5.0,5.0,,,4.0,4.0,8.0,14.0,18.0,18.0,,,0.0,0.0,0.0,0.0,0.0,0.0,,,,,,,,,,,0.0,0.0,0.0,0.0,0.0,0.0,,,0.0,0.0,0.0,0.0,0.0,0.0,,,0.0,0.0,0.0,0.0,0.0,0.0,,,0.0,0.0,0.0,0.0,0.0,0.0,,,0.0,0.0,0.0,0.0,0.0,0.0,,,2.0,2.0,2.0,2.0,2.0,2.0
13886,,52.021024,5.047642,1363,1650,0.17,0.173,1,,,,,,,,,9.26,9.26,9.26,9.26,9.26,9.26,,,20.0,25.0,28.0,30.0,30.0,29.0,,,56.0,69.0,80.0,84.0,85.0,81.0,,,0.0,0.0,0.0,0.0,0.0,0.0,,,,,,,,,,,0.0,0.0,0.0,0.0,0.0,0.0,,,0.0,1.0,1.0,1.0,1.0,1.0,,,1.0,1.0,1.0,1.0,1.0,1.0,,,1.0,1.0,1.0,1.0,1.0,1.0,,,0.0,0.0,0.0,0.0,0.0,0.0,,,2.0,3.0,3.0,3.0,3.0,3.0
14059,,53.243648,5.64659,1355,1650,0.241,0.035,1,,,,,,,,,59.72,51.795,51.795,33.821,33.821,33.821,,,0.0,0.0,0.0,2.0,2.0,2.0,,,26.0,36.0,39.0,46.0,46.0,43.0,,,0.0,0.0,0.0,0.0,0.0,0.0,,,,,,,,,,,0.0,0.0,0.0,0.0,0.0,0.0,,,0.0,0.0,0.0,0.0,0.0,0.0,,,0.0,0.0,0.0,0.0,0.0,0.0,,,0.0,0.0,0.0,0.0,0.0,0.0,,,0.0,0.0,0.0,0.0,0.0,0.0,,,2.0,2.0,2.0,2.0,2.0,2.0
14060,,53.244253,5.646303,1355,1650,0.237,0.035,1,,,,,,,,,59.787,51.864,51.864,33.833,33.833,33.833,,,0.0,0.0,0.0,2.0,2.0,2.0,,,26.0,36.0,39.0,46.0,46.0,43.0,,,0.0,0.0,0.0,0.0,0.0,0.0,,,,,,,,,,,0.0,0.0,0.0,0.0,0.0,0.0,,,0.0,0.0,0.0,0.0,0.0,0.0,,,0.0,0.0,0.0,0.0,0.0,0.0,,,0.0,0.0,0.0,0.0,0.0,0.0,,,1.0,1.0,1.0,1.0,1.0,1.0,,,2.0,2.0,2.0,2.0,2.0,2.0
14097,,51.549679,3.668096,1355,1650,5.979,0.103,1,,,,,,,,,6.916,6.916,6.916,6.916,6.916,6.916,,,7.0,6.0,8.0,8.0,8.0,8.0,,,20.0,19.0,21.0,22.0,22.0,22.0,,,0.0,0.0,0.0,0.0,0.0,0.0,,,,,,,,,,,1.0,1.0,1.0,1.0,1.0,1.0,,,0.0,0.0,0.0,1.0,1.0,1.0,,,0.0,0.0,0.0,0.0,0.0,0.0,,,1.0,1.0,1.0,0.0,0.0,0.0,,,1.0,1.0,1.0,1.0,1.0,1.0,,,2.0,2.0,2.0,3.0,3.0,3.0
14167,,52.4478,13.575057,1381,1650,5.37,0.139,1,,,,,,,,,13.818,13.818,13.818,13.818,13.818,13.818,,,3.0,3.0,3.0,3.0,5.0,5.0,,,4.0,4.0,8.0,14.0,18.0,18.0,,,0.0,0.0,0.0,0.0,0.0,0.0,,,,,,,,,,,0.0,0.0,0.0,0.0,0.0,0.0,,,0.0,0.0,0.0,0.0,0.0,0.0,,,0.0,0.0,0.0,0.0,0.0,0.0,,,0.0,0.0,0.0,0.0,0.0,0.0,,,1.0,1.0,1.0,1.0,1.0,1.0,,,2.0,2.0,2.0,2.0,2.0,2.0
14177,,52.701905,5.292399,1356,1650,20.778,0.044,1,,,,,,,,,44.904,44.904,44.904,44.904,44.904,44.904,,,10.0,13.0,14.0,15.0,15.0,15.0,,,49.0,60.0,71.0,79.0,80.0,76.0,,,0.0,0.0,0.0,0.0,0.0,0.0,,,,,,,,,,,1.0,1.0,1.0,1.0,1.0,1.0,,,0.0,0.0,0.0,0.0,1.0,1.0,,,0.0,0.0,0.0,0.0,0.0,0.0,,,0.0,0.0,0.0,1.0,1.0,1.0,,,1.0,1.0,1.0,1.0,1.0,1.0,,,2.0,2.0,2.0,2.0,3.0,3.0
14181,brug Gein,52.303679,5.01387,1355,1650,2.886,2.07,0,,,,,,,,,11.29,11.29,11.29,11.29,11.29,11.29,,,13.0,15.0,16.0,19.0,19.0,18.0,,,55.0,67.0,81.0,85.0,86.0,82.0,,,0.0,0.0,0.0,0.0,0.0,0.0,,,,,,,,,,,0.0,0.0,0.0,0.0,0.0,0.0,,,0.0,0.0,0.0,0.0,0.0,0.0,,,1.0,1.0,1.0,1.0,1.0,1.0,,,0.0,0.0,0.0,0.0,0.0,0.0,,,0.0,0.0,0.0,0.0,0.0,0.0,,,2.0,2.0,2.0,2.0,2.0,2.0
14387,,52.80586,14.045068,1364,1650,2.418,1.138,1,,,,,,,,,41.656,41.656,41.656,41.656,41.656,41.656,,,1.0,1.0,2.0,4.0,4.0,4.0,,,4.0,4.0,5.0,7.0,11.0,11.0,,,0.0,0.0,0.0,0.0,0.0,0.0,,,,,,,,,,,0.0,0.0,0.0,0.0,0.0,0.0,,,0.0,0.0,0.0,0.0,0.0,0.0,,,0.0,0.0,0.0,0.0,0.0,0.0,,,0.0,0.0,1.0,1.0,1.0,1.0,,,0.0,1.0,1.0,1.0,1.0,1.0,,,2.0,2.0,2.0,2.0,2.0,2.0
14449,Nowe Warpno,53.725054,14.281197,1352,1650,14.622,0.067,1,,,,,,,,,71.963,71.963,71.963,71.963,40.279,40.279,,,0.0,0.0,0.0,0.0,1.0,2.0,,,2.0,2.0,3.0,6.0,10.0,11.0,,,0.0,0.0,0.0,0.0,0.0,0.0,,,,,,,,,,,0.0,0.0,0.0,0.0,0.0,0.0,,,0.0,0.0,0.0,0.0,0.0,0.0,,,0.0,0.0,0.0,0.0,0.0,0.0,,,0.0,0.0,0.0,0.0,0.0,0.0,,,0.0,0.0,0.0,0.0,0.0,0.0,,,2.0,2.0,2.0,2.0,2.0,2.0
14450,,53.726179,14.281942,1352,1650,14.653,0.067,1,,,,,,,,,71.93,71.93,71.93,71.93,40.29,40.29,,,0.0,0.0,0.0,0.0,1.0,2.0,,,2.0,2.0,3.0,6.0,10.0,11.0,,,0.0,0.0,0.0,0.0,0.0,0.0,,,,,,,,,,,0.0,0.0,0.0,0.0,0.0,0.0,,,0.0,0.0,0.0,0.0,0.0,0.0,,,0.0,0.0,0.0,0.0,0.0,0.0,,,0.0,0.0,0.0,0.0,0.0,0.0,,,1.0,1.0,1.0,1.0,1.0,1.0,,,2.0,2.0,2.0,2.0,2.0,2.0
14532,Falkenberg,56.900985,12.494458,1400,1650,197.135,75.31,0,,,,,,,,,107.651,107.651,107.651,96.572,96.572,96.572,,,0.0,0.0,0.0,0.0,0.0,0.0,,,0.0,0.0,0.0,1.0,1.0,1.0,,,0.0,0.0,0.0,0.0,0.0,0.0,,,,,,,,,,,0.0,0.0,0.0,0.0,0.0,0.0,,,0.0,0.0,0.0,0.0,0.0,0.0,,,0.0,0.0,0.0,0.0,0.0,0.0,,,0.0,0.0,0.0,0.0,0.0,0.0,,,0.0,0.0,0.0,0.0,0.0,0.0,,,0.0,0.0,0.0,0.0,0.0,0.0
14600,,51.533085,4.224839,1366,1650,9.346,0.078,1,,,,,,,,,32.457,23.366,23.366,23.366,23.366,23.366,,,13.0,13.0,15.0,15.0,15.0,15.0,,,27.0,31.0,36.0,38.0,38.0,37.0,,,0.0,0.0,0.0,0.0,0.0,0.0,,,,,,,,,,,0.0,0.0,0.0,0.0,0.0,0.0,,,0.0,0.0,0.0,0.0,0.0,0.0,,,0.0,0.0,0.0,0.0,0.0,0.0,,,1.0,1.0,1.0,1.0,0.0,0.0,,,0.0,0.0,0.0,0.0,0.0,0.0,,,2.0,2.0,2.0,2.0,2.0,2.0
14716,,51.435843,11.043103,1351,1650,53.204,0.051,1,,,,,,,,,0.102,0.102,0.102,0.102,0.102,0.102,,,13.0,20.0,24.0,28.0,34.0,34.0,,,55.0,77.0,99.0,112.0,134.0,150.0,,,0.0,0.0,0.0,0.0,0.0,0.0,,,,,,,,,,,0.0,0.0,0.0,0.0,0.0,0.0,,,0.0,0.0,0.0,0.0,0.0,0.0,,,0.0,0.0,0.0,0.0,0.0,0.0,,,0.0,0.0,0.0,0.0,0.0,0.0,,,0.0,0.0,0.0,0.0,0.0,0.0,,,2.0,2.0,2.0,2.0,2.0,2.0
14892,,51.890085,5.093771,1382,1650,0.118,0.047,1,,,,,,,,,13.571,13.571,13.571,13.571,13.571,13.571,,,17.0,24.0,29.0,31.0,31.0,30.0,,,65.0,81.0,92.0,96.0,97.0,93.0,,,0.0,0.0,0.0,0.0,0.0,0.0,,,,,,,,,,,0.0,0.0,0.0,0.0,0.0,0.0,,,0.0,0.0,0.0,0.0,0.0,0.0,,,0.0,0.0,0.0,0.0,0.0,0.0,,,0.0,0.0,0.0,0.0,0.0,0.0,,,1.0,1.0,1.0,1.0,1.0,1.0,,,2.0,2.0,2.0,2.0,2.0,2.0
14893,,51.874704,5.077806,1393,1650,0.908,0.033,1,,,,,,,,,13.509,13.509,13.509,13.509,13.509,13.509,,,17.0,24.0,29.0,31.0,31.0,30.0,,,66.0,82.0,93.0,97.0,98.0,94.0,,,0.0,0.0,0.0,0.0,0.0,0.0,,,,,,,,,,,0.0,0.0,0.0,0.0,0.0,0.0,,,0.0,0.0,0.0,0.0,0.0,0.0,,,0.0,0.0,0.0,0.0,0.0,0.0,,,0.0,0.0,0.0,0.0,0.0,0.0,,,1.0,1.0,1.0,1.0,1.0,1.0,,,2.0,2.0,2.0,2.0,2.0,2.0
14894,,51.888872,5.090948,1382,1650,0.118,0.048,1,,,,,,,,,13.64,13.64,13.64,13.64,13.64,13.64,,,17.0,24.0,29.0,31.0,31.0,30.0,,,65.0,81.0,92.0,96.0,97.0,93.0,,,0.0,0.0,0.0,0.0,0.0,0.0,,,,,,,,,,,0.0,0.0,0.0,0.0,0.0,0.0,,,0.0,0.0,0.0,0.0,0.0,0.0,,,0.0,0.0,0.0,0.0,0.0,0.0,,,0.0,0.0,0.0,0.0,0.0,0.0,,,0.0,0.0,0.0,0.0,0.0,0.0,,,2.0,2.0,2.0,2.0,2.0,2.0
14902,,52.701929,5.293701,1356,1650,20.757,0.044,1,,,,,,,,,44.863,44.863,44.863,44.863,44.863,44.863,,,10.0,13.0,14.0,15.0,15.0,15.0,,,49.0,60.0,71.0,79.0,80.0,76.0,,,0.0,0.0,0.0,0.0,0.0,0.0,,,,,,,,,,,0.0,0.0,0.0,0.0,0.0,0.0,,,0.0,0.0,0.0,0.0,1.0,1.0,,,0.0,0.0,0.0,0.0,0.0,0.0,,,0.0,0.0,0.0,0.0,0.0,0.0,,,0.0,0.0,0.0,0.0,0.0,0.0,,,2.0,2.0,2.0,2.0,3.0,3.0
14947,,56.640787,9.794565,1400,1650,49.731,0.13,1,,,,,,,,,24.922,24.922,24.922,24.922,0.26,0.26,,,6.0,7.0,9.0,9.0,11.0,14.0,,,13.0,16.0,19.0,19.0,22.0,28.0,,,0.0,0.0,0.0,0.0,0.0,0.0,,,,,,,,,,,0.0,0.0,0.0,0.0,0.0,0.0,,,0.0,0.0,0.0,0.0,0.0,0.0,,,0.0,0.0,0.0,1.0,1.0,1.0,,,0.0,0.0,0.0,0.0,0.0,0.0,,,0.0,0.0,0.0,0.0,0.0,0.0,,,2.0,2.0,2.0,2.0,2.0,2.0
16297,,52.140827,11.951265,1375,1650,14.159,0.05,1,,,,,,,,,21.34,21.34,21.34,21.34,0.099,0.099,,,6.0,6.0,9.0,14.0,21.0,26.0,,,23.0,38.0,52.0,65.0,94.0,105.0,,,0.0,0.0,0.0,0.0,0.0,0.0,,,,,,,,,,,0.0,0.0,0.0,0.0,0.0,0.0,,,0.0,0.0,0.0,0.0,0.0,0.0,,,0.0,0.0,0.0,0.0,0.0,0.0,,,0.0,0.0,0.0,0.0,0.0,0.0,,,0.0,0.0,0.0,0.0,0.0,0.0,,,2.0,2.0,2.0,2.0,2.0,2.0
16231,,51.503109,4.173991,1375,1631,14.173,0.102,0,,,,,,,,,28.134,19.639,19.639,19.639,19.639,,,,10.0,10.0,12.0,12.0,12.0,,,,27.0,31.0,36.0,38.0,38.0,,,,0.0,0.0,0.0,0.0,0.0,,,,,,,,,,,,1.0,1.0,1.0,1.0,1.0,,,,1.0,1.0,1.0,1.0,1.0,,,,0.0,0.0,0.0,0.0,0.0,,,,0.0,0.0,0.0,0.0,0.0,,,,1.0,1.0,1.0,1.0,1.0,,,,3.0,3.0,3.0,3.0,3.0,
16232,,51.507392,4.176376,1375,1631,13.712,0.268,1,,,,,,,,,28.637,19.805,19.805,19.805,19.805,,,,10.0,10.0,12.0,12.0,12.0,,,,27.0,31.0,36.0,38.0,38.0,,,,0.0,0.0,0.0,0.0,0.0,,,,,,,,,,,,0.0,0.0,0.0,0.0,0.0,,,,1.0,1.0,1.0,1.0,1.0,,,,0.0,0.0,0.0,0.0,0.0,,,,1.0,1.0,1.0,1.0,1.0,,,,0.0,0.0,0.0,0.0,0.0,,,,3.0,3.0,3.0,3.0,3.0,
16282,,51.710733,12.291938,1395,1650,18.212,0.083,1,,,,,,,,,21.126,21.126,21.126,21.126,21.126,14.196,,,5.0,7.0,13.0,13.0,16.0,19.0,,,25.0,38.0,52.0,66.0,84.0,98.0,,,0.0,0.0,0.0,0.0,0.0,0.0,,,,,,,,,,,0.0,0.0,0.0,0.0,0.0,0.0,,,0.0,0.0,0.0,0.0,0.0,0.0,,,0.0,0.0,0.0,0.0,0.0,0.0,,,0.0,0.0,0.0,0.0,0.0,0.0,,,0.0,0.0,0.0,0.0,0.0,0.0,,,2.0,2.0,2.0,2.0,2.0,2.0
16587,,51.910515,5.335454,1395,1650,2.224,0.069,1,,,,,,,,,0.138,0.138,0.138,0.138,0.138,0.138,,,19.0,26.0,33.0,35.0,35.0,34.0,,,65.0,80.0,91.0,95.0,96.0,92.0,,,0.0,0.0,0.0,0.0,0.0,0.0,,,,,,,,,,,0.0,0.0,0.0,0.0,0.0,0.0,,,0.0,0.0,0.0,0.0,0.0,0.0,,,0.0,0.0,0.0,0.0,0.0,0.0,,,0.0,0.0,0.0,0.0,0.0,0.0,,,1.0,1.0,1.0,1.0,1.0,1.0,,,2.0,2.0,2.0,2.0,2.0,2.0
16372,Złotów,53.36265,17.03324,1370,1650,94.852,0.192,1,,,,,,,,,167.659,167.659,167.659,167.659,131.694,131.694,,,0.0,0.0,0.0,0.0,0.0,0.0,,,0.0,0.0,0.0,0.0,0.0,0.0,,,0.0,0.0,0.0,0.0,0.0,0.0,,,,,,,,,,,0.0,0.0,0.0,0.0,0.0,0.0,,,0.0,0.0,0.0,0.0,0.0,0.0,,,0.0,0.0,0.0,0.0,0.0,0.0,,,0.0,0.0,0.0,0.0,0.0,0.0,,,0.0,0.0,0.0,0.0,0.0,0.0,,,2.0,2.0,2.0,2.0,2.0,2.0
16388,Łeba,54.757551,17.557075,1357,1650,83.08,13.4,1,,,,,,,,,249.215,249.215,249.215,249.215,143.418,143.418,,,0.0,0.0,0.0,0.0,0.0,0.0,,,0.0,0.0,0.0,0.0,0.0,0.0,,,0.0,0.0,0.0,0.0,0.0,0.0,,,,,,,,,,,0.0,0.0,0.0,0.0,0.0,0.0,,,0.0,0.0,0.0,0.0,0.0,0.0,,,0.0,0.0,0.0,0.0,0.0,0.0,,,0.0,0.0,0.0,0.0,0.0,0.0,,,0.0,0.0,0.0,0.0,0.0,0.0,,,0.0,0.0,0.0,0.0,0.0,0.0
16390,Drawno,53.219904,15.759212,1363,1650,48.623,0.517,1,,,,,,,,,81.985,81.985,81.985,81.985,72.608,72.608,,,0.0,0.0,0.0,0.0,0.0,0.0,,,1.0,1.0,2.0,4.0,5.0,5.0,,,0.0,0.0,0.0,0.0,0.0,0.0,,,,,,,,,,,0.0,0.0,0.0,0.0,0.0,0.0,,,0.0,0.0,0.0,0.0,0.0,0.0,,,0.0,0.0,0.0,0.0,0.0,0.0,,,0.0,0.0,0.0,0.0,0.0,0.0,,,0.0,0.0,0.0,0.0,0.0,0.0,,,2.0,2.0,2.0,2.0,2.0,2.0
16415,,54.272701,21.00973,1351,1650,41.089,0.012,1,,,,,,,,,446.431,446.431,446.431,446.431,353.287,353.287,,,0.0,0.0,0.0,0.0,0.0,0.0,,,0.0,0.0,0.0,0.0,0.0,0.0,,,0.0,0.0,0.0,0.0,0.0,0.0,,,,,,,,,,,0.0,0.0,0.0,0.0,0.0,0.0,,,0.0,0.0,0.0,0.0,0.0,0.0,,,1.0,1.0,1.0,1.0,1.0,1.0,,,0.0,0.0,0.0,0.0,0.0,0.0,,,0.0,0.0,0.0,0.0,0.0,0.0,,,2.0,2.0,2.0,2.0,2.0,2.0
16747,,52.515786,15.250032,1367,1650,21.765,0.136,1,,,,,,,,,66.064,66.064,66.064,66.064,66.064,66.064,,,0.0,0.0,0.0,0.0,0.0,0.0,,,1.0,1.0,2.0,4.0,4.0,4.0,,,0.0,0.0,0.0,0.0,0.0,0.0,,,,,,,,,,,0.0,0.0,0.0,0.0,0.0,0.0,,,0.0,0.0,0.0,0.0,0.0,0.0,,,0.0,0.0,0.0,0.0,0.0,0.0,,,0.0,0.0,0.0,0.0,0.0,0.0,,,0.0,0.0,0.0,0.0,0.0,0.0,,,2.0,2.0,2.0,2.0,2.0,2.0
16958,,50.098804,8.550013,1355,1650,4.731,0.093,1,,,,,,,,,9.513,9.513,9.513,9.513,9.513,9.513,,,3.0,3.0,3.0,3.0,5.0,5.0,,,7.0,7.0,7.0,7.0,9.0,9.0,,,0.0,0.0,0.0,0.0,0.0,0.0,,,,,,,,,,,0.0,0.0,0.0,0.0,0.0,0.0,,,0.0,0.0,0.0,0.0,0.0,0.0,,,0.0,0.0,0.0,0.0,0.0,0.0,,,1.0,1.0,1.0,1.0,1.0,1.0,,,1.0,1.0,1.0,1.0,1.0,1.0,,,2.0,2.0,2.0,2.0,2.0,2.0
16965,,52.242947,5.374696,1355,1650,0.61,0.015,1,,,,,,,,,20.414,20.414,20.414,20.414,20.414,20.414,,,18.0,24.0,28.0,30.0,30.0,29.0,,,63.0,77.0,91.0,95.0,96.0,92.0,,,0.0,0.0,0.0,0.0,0.0,0.0,,,,,,,,,,,0.0,0.0,0.0,0.0,0.0,0.0,,,0.0,0.0,0.0,0.0,0.0,0.0,,,0.0,0.0,0.0,0.0,0.0,0.0,,,0.0,0.0,0.0,0.0,0.0,0.0,,,1.0,1.0,1.0,1.0,1.0,1.0,,,2.0,2.0,2.0,2.0,2.0,2.0
16995,tol Gennep,51.698418,5.957561,1371,1650,3.136,0.928,1,,,,,,,,,13.863,13.863,13.863,13.863,13.863,13.863,,,19.0,30.0,34.0,34.0,34.0,34.0,,,84.0,103.0,117.0,124.0,126.0,122.0,,,0.0,0.0,0.0,0.0,0.0,0.0,,,,,,,,,,,1.0,1.0,1.0,1.0,1.0,1.0,,,0.0,0.0,0.0,0.0,0.0,0.0,,,0.0,0.0,0.0,0.0,0.0,0.0,,,0.0,0.0,0.0,0.0,0.0,0.0,,,0.0,0.0,0.0,0.0,0.0,0.0,,,2.0,2.0,2.0,2.0,2.0,2.0
17013,dam Gennep,51.702612,5.970461,1371,1650,3.694,0.082,1,,,,,,,,,13.086,13.086,13.086,13.086,13.086,13.086,,,19.0,30.0,34.0,34.0,34.0,34.0,,,84.0,103.0,117.0,124.0,126.0,122.0,,,0.0,0.0,0.0,0.0,0.0,0.0,,,,,,,,,,,0.0,0.0,0.0,0.0,0.0,0.0,,,0.0,0.0,0.0,0.0,0.0,0.0,,,0.0,0.0,0.0,0.0,0.0,0.0,,,0.0,0.0,0.0,0.0,0.0,0.0,,,0.0,0.0,0.0,0.0,0.0,0.0,,,2.0,2.0,2.0,2.0,2.0,2.0
17130,,53.050581,8.635318,1371,1650,11.442,0.226,1,,,,,,,,,11.837,11.837,11.837,11.837,11.837,0.453,,,9.0,9.0,11.0,11.0,12.0,20.0,,,31.0,36.0,44.0,53.0,68.0,80.0,,,0.0,0.0,0.0,0.0,0.0,0.0,,,,,,,,,,,0.0,0.0,0.0,0.0,0.0,0.0,,,0.0,0.0,0.0,0.0,0.0,0.0,,,0.0,0.0,0.0,0.0,0.0,0.0,,,0.0,0.0,0.0,0.0,0.0,0.0,,,0.0,0.0,0.0,0.0,0.0,0.0,,,2.0,2.0,2.0,2.0,2.0,2.0
17243,,53.365742,17.030632,1370,1650,95.039,0.192,1,,,,,,,,,167.577,167.577,167.577,167.577,131.331,131.331,,,0.0,0.0,0.0,0.0,0.0,0.0,,,0.0,0.0,0.0,0.0,0.0,0.0,,,0.0,0.0,0.0,0.0,0.0,0.0,,,,,,,,,,,0.0,0.0,0.0,0.0,0.0,0.0,,,0.0,0.0,0.0,0.0,0.0,0.0,,,0.0,0.0,0.0,0.0,0.0,0.0,,,0.0,0.0,0.0,0.0,0.0,0.0,,,0.0,0.0,0.0,0.0,0.0,0.0,,,2.0,2.0,2.0,2.0,2.0,2.0
17149,,52.68315,5.950234,1354,1650,4.895,0.095,1,,,,,,,,,14.03,14.03,14.03,14.03,14.03,14.03,,,21.0,24.0,27.0,28.0,29.0,26.0,,,62.0,80.0,93.0,104.0,104.0,100.0,,,0.0,0.0,0.0,0.0,0.0,0.0,,,,,,,,,,,1.0,1.0,1.0,1.0,1.0,1.0,,,0.0,0.0,0.0,0.0,0.0,0.0,,,0.0,0.0,0.0,0.0,0.0,0.0,,,0.0,0.0,0.0,0.0,0.0,0.0,,,1.0,1.0,1.0,1.0,1.0,1.0,,,2.0,2.0,2.0,2.0,2.0,2.0
17352,Pulsnitz,51.1818314,14.0128391,1375,1650,22.644,0.443,1,,,,,,,,,89.571,49.075,37.871,37.871,37.871,37.871,,,0.0,1.0,1.0,1.0,1.0,1.0,,,2.0,3.0,3.0,6.0,6.0,8.0,,,0.0,0.0,0.0,0.0,0.0,0.0,,,,,,,,,,,0.0,0.0,0.0,0.0,0.0,0.0,,,0.0,0.0,0.0,0.0,0.0,0.0,,,0.0,0.0,0.0,0.0,0.0,0.0,,,0.0,0.0,0.0,0.0,0.0,0.0,,,0.0,0.0,0.0,0.0,0.0,0.0,,,2.0,2.0,2.0,2.0,2.0,2.0
17543,Elsterberg,50.608265,12.168769,1354,1650,75.286,2.836,1,,,,,,,,,49.211,41.766,41.766,12.966,12.966,12.966,,,1.0,7.0,9.0,14.0,16.0,17.0,,,12.0,25.0,35.0,43.0,46.0,48.0,,,0.0,0.0,0.0,0.0,0.0,0.0,,,,,,,,,,,0.0,0.0,0.0,0.0,0.0,0.0,,,0.0,0.0,0.0,0.0,0.0,0.0,,,0.0,0.0,0.0,0.0,0.0,0.0,,,0.0,0.0,0.0,0.0,0.0,0.0,,,0.0,0.0,0.0,0.0,0.0,0.0,,,1.0,2.0,2.0,2.0,2.0,2.0
17870,,52.681646,5.95157,1354,1650,5.048,0.095,1,,,,,,,,,13.88,13.88,13.88,13.88,13.88,13.88,,,26.0,29.0,32.0,33.0,34.0,31.0,,,62.0,80.0,93.0,104.0,104.0,100.0,,,0.0,0.0,0.0,0.0,0.0,0.0,,,,,,,,,,,0.0,0.0,0.0,0.0,0.0,0.0,,,0.0,0.0,0.0,0.0,0.0,0.0,,,0.0,0.0,0.0,0.0,0.0,0.0,,,0.0,0.0,0.0,0.0,0.0,0.0,,,0.0,0.0,0.0,0.0,0.0,0.0,,,2.0,2.0,2.0,2.0,2.0,2.0
17893,,52.243386,5.374621,1355,1650,0.564,0.025,0,,,,,,,,,20.39,20.39,20.39,20.39,20.39,20.39,,,18.0,24.0,28.0,30.0,30.0,29.0,,,63.0,77.0,91.0,95.0,96.0,92.0,,,0.0,0.0,0.0,0.0,0.0,0.0,,,,,,,,,,,1.0,0.0,0.0,0.0,0.0,0.0,,,0.0,0.0,0.0,0.0,0.0,0.0,,,1.0,1.0,1.0,1.0,1.0,1.0,,,0.0,0.0,0.0,0.0,0.0,0.0,,,0.0,0.0,0.0,0.0,0.0,0.0,,,2.0,2.0,2.0,2.0,2.0,2.0
17894,,52.242683,5.374659,1355,1650,0.64,0.015,1,,,,,,,,,20.433,20.433,20.433,20.433,20.433,20.433,,,18.0,24.0,28.0,30.0,30.0,29.0,,,63.0,77.0,91.0,95.0,96.0,92.0,,,0.0,0.0,0.0,0.0,0.0,0.0,,,,,,,,,,,0.0,0.0,0.0,0.0,0.0,0.0,,,0.0,0.0,0.0,0.0,0.0,0.0,,,0.0,0.0,0.0,0.0,0.0,0.0,,,0.0,0.0,0.0,0.0,0.0,0.0,,,0.0,0.0,0.0,0.0,0.0,0.0,,,2.0,2.0,2.0,2.0,2.0,2.0
18223,,54.491576,21.191683,1400,1650,15.986,0.116,1,,,,,,,,,465.014,465.014,465.014,465.014,365.66,365.66,,,0.0,0.0,0.0,0.0,0.0,0.0,,,0.0,0.0,0.0,0.0,0.0,0.0,,,0.0,0.0,0.0,0.0,0.0,0.0,,,,,,,,,,,0.0,0.0,0.0,0.0,0.0,0.0,,,0.0,0.0,0.0,0.0,0.0,0.0,,,0.0,0.0,0.0,0.0,0.0,0.0,,,0.0,0.0,0.0,0.0,0.0,0.0,,,0.0,0.0,0.0,0.0,0.0,0.0,,,2.0,2.0,2.0,2.0,2.0,2.0
18301,,54.076396,21.37536,1357,1650,62.418,0.074,1,,,,,,,,,463.986,463.986,463.986,463.986,377.93,377.93,,,0.0,0.0,0.0,0.0,0.0,0.0,,,0.0,0.0,0.0,0.0,0.0,0.0,,,0.0,0.0,0.0,0.0,0.0,0.0,,,,,,,,,,,0.0,0.0,0.0,0.0,0.0,0.0,,,0.0,0.0,0.0,0.0,0.0,0.0,,,0.0,0.0,0.0,0.0,0.0,0.0,,,0.0,0.0,0.0,0.0,0.0,0.0,,,0.0,0.0,0.0,0.0,0.0,0.0,,,2.0,2.0,2.0,2.0,2.0,2.0
18302,,54.078152,21.373976,1357,1650,62.238,0.108,1,,,,,,,,,463.941,463.941,463.941,463.941,377.826,377.826,,,0.0,0.0,0.0,0.0,0.0,0.0,,,0.0,0.0,0.0,0.0,0.0,0.0,,,0.0,0.0,0.0,0.0,0.0,0.0,,,,,,,,,,,0.0,0.0,0.0,0.0,0.0,0.0,,,0.0,0.0,0.0,0.0,0.0,0.0,,,0.0,0.0,0.0,0.0,0.0,0.0,,,0.0,0.0,0.0,0.0,0.0,0.0,,,0.0,0.0,0.0,0.0,0.0,0.0,,,2.0,2.0,2.0,2.0,2.0,2.0
20478,,61.127912,21.515328,1442,1650,414.344,0.109,1,,,,,,,,,,85.875,78.15,78.15,0.217,0.217,,,,0.0,0.0,0.0,2.0,7.0,,,,2.0,3.0,3.0,5.0,12.0,,,,0.0,0.0,0.0,0.0,0.0,,,,,,,,,,,,0.0,0.0,0.0,0.0,0.0,,,,0.0,0.0,0.0,0.0,0.0,,,,0.0,0.0,0.0,0.0,0.0,,,,0.0,0.0,0.0,0.0,0.0,,,,0.0,0.0,0.0,0.0,0.0,,,,2.0,2.0,2.0,2.0,2.0
402,Balve,51.329368,7.865133,1430,1650,38.08,1.116,1,,,,,,,,,,31.8,31.8,31.8,31.8,31.8,,,,6.0,6.0,6.0,6.0,6.0,,,,40.0,48.0,50.0,59.0,60.0,,,,0.0,0.0,0.0,0.0,0.0,,,,,,,,,,,,0.0,0.0,0.0,0.0,0.0,,,,0.0,0.0,0.0,0.0,0.0,,,,0.0,0.0,0.0,0.0,0.0,,,,0.0,0.0,0.0,0.0,0.0,,,,0.0,0.0,0.0,0.0,0.0,,,,2.0,2.0,2.0,2.0,2.0
2350,Bad Gottleuba,50.849247,13.941653,1405,1650,12.546,0.93,1,,,,,,,,,,58.764,48.008,48.008,48.008,48.008,,,,0.0,1.0,1.0,1.0,1.0,,,,3.0,3.0,4.0,4.0,6.0,,,,0.0,0.0,0.0,0.0,0.0,,,,,,,,,,,,0.0,0.0,0.0,0.0,0.0,,,,0.0,0.0,0.0,0.0,0.0,,,,0.0,0.0,0.0,0.0,0.0,,,,0.0,0.0,0.0,0.0,0.0,,,,0.0,0.0,0.0,0.0,0.0,,,,2.0,2.0,2.0,2.0,2.0
5454,Krylovo,54.329228,21.561023,1405,1650,33.723,2.423,1,,,,,,,,,,482.552,482.552,482.552,389.038,389.038,,,,0.0,0.0,0.0,0.0,0.0,,,,0.0,0.0,0.0,0.0,0.0,,,,0.0,0.0,0.0,0.0,0.0,,,,,,,,,,,,0.0,0.0,0.0,0.0,0.0,,,,0.0,0.0,0.0,0.0,0.0,,,,0.0,0.0,0.0,0.0,0.0,,,,0.0,0.0,0.0,0.0,0.0,,,,0.0,0.0,0.0,0.0,0.0,,,,1.0,1.0,1.0,1.0,1.0
7509,Sztum,53.915995,19.037444,1416,1650,7.945,1.567,1,,,,,,,,,,311.846,311.846,311.846,227.786,227.786,,,,0.0,0.0,0.0,0.0,0.0,,,,0.0,0.0,0.0,0.0,0.0,,,,0.0,0.0,0.0,0.0,0.0,,,,,,,,,,,,0.0,0.0,0.0,0.0,0.0,,,,0.0,0.0,0.0,0.0,0.0,,,,0.0,0.0,0.0,0.0,0.0,,,,0.0,0.0,0.0,0.0,0.0,,,,0.0,0.0,0.0,0.0,0.0,,,,2.0,2.0,2.0,2.0,2.0
10780,Lyckå,56.193345,15.652246,1449,1650,273.058,78.522,0,,,,,,,,,,142.547,142.547,142.547,162.525,162.525,,,,0.0,0.0,0.0,0.0,0.0,,,,0.0,0.0,0.0,0.0,0.0,,,,0.0,0.0,0.0,0.0,0.0,,,,,,,,,,,,0.0,0.0,0.0,0.0,0.0,,,,0.0,0.0,0.0,0.0,0.0,,,,0.0,0.0,0.0,0.0,0.0,,,,0.0,0.0,0.0,0.0,0.0,,,,1.0,1.0,1.0,1.0,1.0,,,,0.0,0.0,0.0,0.0,0.0
10897,Beverungen,51.664127,9.374692,1417,1650,0.272,0.045,1,,,,,,,,,,12.225,12.225,12.225,12.225,12.225,,,,36.0,41.0,42.0,49.0,49.0,,,,69.0,84.0,88.0,113.0,125.0,,,,0.0,0.0,0.0,0.0,0.0,,,,,,,,,,,,0.0,0.0,0.0,0.0,0.0,,,,0.0,0.0,0.0,0.0,0.0,,,,0.0,0.0,0.0,0.0,0.0,,,,0.0,0.0,0.0,0.0,0.0,,,,0.0,0.0,0.0,0.0,0.0,,,,2.0,2.0,2.0,2.0,2.0
14541,Elleholm,56.162873,14.750777,1440,1650,244.953,24.826,0,,,,,,,,,,100.178,100.178,100.178,109.673,109.673,,,,0.0,0.0,0.0,0.0,0.0,,,,0.0,0.0,0.0,0.0,0.0,,,,0.0,0.0,0.0,0.0,0.0,,,,,,,,,,,,0.0,0.0,0.0,0.0,0.0,,,,0.0,0.0,0.0,0.0,0.0,,,,0.0,0.0,0.0,0.0,0.0,,,,0.0,0.0,0.0,0.0,0.0,,,,0.0,0.0,0.0,0.0,0.0,,,,0.0,0.0,0.0,0.0,0.0
10898,,51.663914,9.377825,1417,1650,0.055,0.109,1,,,,,,,,,,12.243,12.243,12.243,12.243,12.243,,,,36.0,41.0,42.0,49.0,49.0,,,,69.0,84.0,88.0,113.0,125.0,,,,0.0,0.0,0.0,0.0,0.0,,,,,,,,,,,,0.0,0.0,0.0,0.0,0.0,,,,0.0,0.0,0.0,0.0,0.0,,,,0.0,0.0,0.0,0.0,0.0,,,,0.0,0.0,0.0,0.0,0.0,,,,1.0,1.0,1.0,1.0,1.0,,,,2.0,2.0,2.0,2.0,2.0
19399,,54.774501,11.500969,1416,1650,94.041,0.024,1,,,,,,,,,,36.892,36.892,24.228,24.228,24.228,,,,5.0,5.0,7.0,8.0,8.0,,,,14.0,17.0,21.0,31.0,35.0,,,,0.0,0.0,0.0,0.0,0.0,,,,,,,,,,,,0.0,0.0,0.0,0.0,0.0,,,,0.0,0.0,0.0,0.0,0.0,,,,0.0,0.0,0.0,0.0,0.0,,,,0.0,0.0,0.0,0.0,0.0,,,,0.0,0.0,0.0,0.0,0.0,,,,2.0,2.0,2.0,2.0,2.0
10142,Maribo,54.774335,11.501644,1416,1650,94.005,0.024,1,,,,,,,,,,36.874,36.874,24.274,24.274,24.274,,,,5.0,5.0,7.0,8.0,8.0,,,,14.0,17.0,21.0,31.0,35.0,,,,0.0,0.0,0.0,0.0,0.0,,,,,,,,,,,,0.0,0.0,0.0,0.0,0.0,,,,0.0,0.0,0.0,0.0,0.0,,,,0.0,0.0,0.0,0.0,0.0,,,,0.0,0.0,0.0,0.0,0.0,,,,0.0,0.0,0.0,0.0,0.0,,,,2.0,2.0,2.0,2.0,2.0
10341,Korsør,55.330094,11.136413,1425,1650,140.976,0.074,1,,,,,,,,,,21.861,21.861,0.0,0.0,0.0,,,,4.0,4.0,5.0,11.0,17.0,,,,16.0,16.0,20.0,27.0,35.0,,,,0.0,0.0,1.0,1.0,1.0,,,,,,local,local,local,,,,0.0,0.0,0.0,0.0,0.0,,,,0.0,0.0,0.0,0.0,0.0,,,,0.0,0.0,0.0,0.0,0.0,,,,0.0,0.0,0.0,0.0,0.0,,,,0.0,0.0,0.0,0.0,0.0,,,,2.0,2.0,2.0,2.0,2.0
18122,Naantali,60.468904,22.01602,1443,1650,358.005,0.111,1,,,,,,,,,,14.394,0.0,0.0,0.0,0.0,,,,2.0,3.0,3.0,3.0,8.0,,,,3.0,4.0,4.0,6.0,18.0,,,,0.0,1.0,1.0,1.0,1.0,,,,,regional,regional,regional,regional,,,,0.0,0.0,0.0,0.0,1.0,,,,0.0,0.0,0.0,0.0,0.0,,,,0.0,0.0,0.0,0.0,0.0,,,,0.0,0.0,0.0,0.0,0.0,,,,0.0,0.0,0.0,0.0,0.0,,,,2.0,3.0,3.0,3.0,3.0
11444,,51.96837,11.889997,1407,1650,1.074,0.179,1,,,,,,,,,,24.982,13.327,13.327,13.327,13.327,,,,8.0,12.0,16.0,26.0,31.0,,,,51.0,68.0,81.0,110.0,121.0,,,,0.0,0.0,0.0,0.0,0.0,,,,,,,,,,,,0.0,0.0,0.0,1.0,1.0,,,,0.0,0.0,0.0,0.0,0.0,,,,0.0,0.0,0.0,0.0,0.0,,,,0.0,0.0,0.0,0.0,0.0,,,,1.0,1.0,1.0,1.0,1.0,,,,2.0,2.0,2.0,2.0,2.0
12443,Teichel,50.786208,11.312168,1417,1650,92.382,0.218,1,,,,,,,,,,22.248,21.688,21.688,21.688,21.688,,,,14.0,21.0,26.0,28.0,28.0,,,,54.0,70.0,84.0,97.0,106.0,,,,0.0,0.0,0.0,0.0,0.0,,,,,,,,,,,,0.0,0.0,0.0,0.0,0.0,,,,0.0,0.0,0.0,0.0,0.0,,,,0.0,0.0,0.0,0.0,0.0,,,,0.0,0.0,0.0,0.0,0.0,,,,0.0,0.0,0.0,0.0,0.0,,,,2.0,2.0,2.0,2.0,2.0
11495,,51.156719,11.109487,1433,1650,69.199,0.336,1,,,,,,,,,,5.791,5.791,0.673,0.673,0.673,,,,23.0,31.0,32.0,33.0,32.0,,,,72.0,93.0,107.0,126.0,144.0,,,,0.0,0.0,0.0,0.0,0.0,,,,,,,,,,,,0.0,0.0,0.0,0.0,0.0,,,,0.0,0.0,0.0,0.0,0.0,,,,1.0,1.0,1.0,1.0,0.0,,,,0.0,0.0,0.0,0.0,0.0,,,,0.0,0.0,0.0,0.0,0.0,,,,2.0,2.0,2.0,2.0,2.0
12109,,52.659492,6.738889,1407,1650,9.946,0.124,1,,,,,,,,,,0.248,0.248,0.248,0.248,0.248,,,,28.0,33.0,37.0,38.0,35.0,,,,85.0,99.0,112.0,118.0,115.0,,,,0.0,0.0,0.0,0.0,0.0,,,,,,,,,,,,0.0,0.0,0.0,0.0,0.0,,,,0.0,0.0,0.0,0.0,0.0,,,,0.0,0.0,0.0,0.0,0.0,,,,0.0,0.0,0.0,0.0,0.0,,,,0.0,0.0,0.0,0.0,0.0,,,,2.0,2.0,2.0,2.0,2.0
12155,,52.510086,4.948522,1410,1650,0.822,0.071,1,,,,,,,,,,15.7,15.7,15.7,15.7,15.7,,,,10.0,11.0,13.0,13.0,12.0,,,,64.0,78.0,82.0,83.0,79.0,,,,0.0,0.0,0.0,0.0,0.0,,,,,,,,,,,,0.0,0.0,0.0,0.0,0.0,,,,0.0,0.0,0.0,0.0,0.0,,,,1.0,1.0,1.0,1.0,1.0,,,,0.0,0.0,0.0,0.0,0.0,,,,1.0,1.0,1.0,1.0,1.0,,,,2.0,2.0,2.0,2.0,2.0
4222,Landsberg,51.524544,12.158964,1442,1650,24.567,0.069,1,,,,,,,,,,12.001,12.001,12.001,12.001,5.233,,,,15.0,21.0,24.0,30.0,33.0,,,,45.0,61.0,76.0,94.0,106.0,,,,0.0,0.0,0.0,0.0,0.0,,,,,,,,,,,,0.0,1.0,1.0,1.0,1.0,,,,0.0,0.0,0.0,0.0,0.0,,,,0.0,0.0,0.0,0.0,0.0,,,,0.0,0.0,0.0,0.0,0.0,,,,0.0,0.0,0.0,0.0,0.0,,,,2.0,2.0,2.0,2.0,2.0
19406,,55.124579,12.043183,1403,1650,123.814,0.058,1,,,,,,,,,,15.458,15.458,15.458,15.458,15.458,,,,7.0,7.0,7.0,9.0,7.0,,,,17.0,17.0,21.0,24.0,31.0,,,,0.0,0.0,0.0,0.0,0.0,,,,,,,,,,,,0.0,0.0,0.0,0.0,0.0,,,,0.0,0.0,0.0,0.0,0.0,,,,0.0,0.0,0.0,0.0,0.0,,,,0.0,0.0,0.0,0.0,0.0,,,,1.0,1.0,1.0,1.0,1.0,,,,2.0,2.0,2.0,2.0,2.0
9557,Mariager,56.650631,9.982493,1435,1650,57.326,0.051,1,,,,,,,,,,21.376,21.376,21.376,11.619,11.619,,,,7.0,9.0,9.0,11.0,14.0,,,,13.0,16.0,19.0,19.0,25.0,,,,0.0,0.0,0.0,0.0,0.0,,,,,,,,,,,,0.0,0.0,0.0,1.0,1.0,,,,0.0,0.0,0.0,0.0,0.0,,,,0.0,0.0,0.0,0.0,0.0,,,,0.0,0.0,0.0,0.0,0.0,,,,0.0,0.0,0.0,0.0,0.0,,,,2.0,2.0,2.0,2.0,2.0
19466,,56.651535,9.982827,1435,1650,57.279,0.051,1,,,,,,,,,,21.472,21.472,21.472,11.651,11.651,,,,7.0,9.0,9.0,11.0,14.0,,,,13.0,16.0,19.0,19.0,25.0,,,,0.0,0.0,0.0,0.0,0.0,,,,,,,,,,,,0.0,0.0,0.0,0.0,0.0,,,,0.0,0.0,0.0,0.0,0.0,,,,0.0,0.0,0.0,0.0,0.0,,,,0.0,0.0,0.0,0.0,0.0,,,,0.0,0.0,0.0,0.0,0.0,,,,2.0,2.0,2.0,2.0,2.0
15866,,55.32651022596981,11.141390669056008,1425,1650,140.852,0.254,1,,,,,,,,,,22.142,22.142,0.508,0.508,0.508,,,,4.0,4.0,5.0,11.0,17.0,,,,16.0,16.0,20.0,27.0,35.0,,,,0.0,0.0,0.0,0.0,0.0,,,,,,,,,,,,0.0,0.0,0.0,0.0,0.0,,,,0.0,0.0,0.0,0.0,0.0,,,,0.0,0.0,0.0,0.0,0.0,,,,0.0,0.0,0.0,0.0,0.0,,,,0.0,0.0,0.0,0.0,0.0,,,,2.0,2.0,2.0,2.0,2.0
18926,,51.6642355,9.37339179,1417,1650,0.363,0.045,1,,,,,,,,,,12.217,12.217,12.217,12.217,12.217,,,,36.0,41.0,42.0,49.0,49.0,,,,69.0,84.0,88.0,113.0,125.0,,,,0.0,0.0,0.0,0.0,0.0,,,,,,,,,,,,0.0,0.0,0.0,0.0,0.0,,,,0.0,0.0,0.0,0.0,0.0,,,,0.0,0.0,0.0,0.0,0.0,,,,0.0,0.0,0.0,0.0,0.0,,,,0.0,0.0,0.0,0.0,0.0,,,,2.0,2.0,2.0,2.0,2.0
130,Allendorf (Sauerland),51.283806,7.950708,1407,1650,45.084,1.332,1,,,,,,,,,,33.883,33.883,33.883,33.883,33.883,,,,6.0,6.0,6.0,6.0,6.0,,,,40.0,48.0,50.0,59.0,60.0,,,,0.0,0.0,0.0,0.0,0.0,,,,,,,,,,,,0.0,0.0,0.0,0.0,0.0,,,,0.0,0.0,0.0,0.0,0.0,,,,0.0,0.0,0.0,0.0,0.0,,,,0.0,0.0,0.0,0.0,0.0,,,,0.0,0.0,0.0,0.0,0.0,,,,2.0,2.0,2.0,2.0,2.0
612,Pszczew,52.479797,15.779185,1412,1650,30.427,2.558,1,,,,,,,,,,95.586,95.586,95.586,95.586,95.586,,,,0.0,0.0,0.0,0.0,0.0,,,,1.0,2.0,4.0,4.0,4.0,,,,0.0,0.0,0.0,0.0,0.0,,,,,,,,,,,,0.0,0.0,0.0,0.0,0.0,,,,0.0,0.0,0.0,0.0,0.0,,,,0.0,0.0,0.0,0.0,0.0,,,,0.0,0.0,0.0,0.0,0.0,,,,0.0,0.0,0.0,0.0,0.0,,,,1.0,1.0,1.0,1.0,1.0
713,Blankenhain,50.858975,11.344392,1424,1650,85.938,1.676,1,,,,,,,,,,18.746,13.603,13.603,13.603,13.603,,,,18.0,25.0,27.0,28.0,28.0,,,,54.0,71.0,87.0,103.0,114.0,,,,0.0,0.0,0.0,0.0,0.0,,,,,,,,,,,,0.0,0.0,0.0,0.0,0.0,,,,0.0,0.0,0.0,0.0,0.0,,,,0.0,0.0,0.0,0.0,0.0,,,,0.0,0.0,0.0,0.0,0.0,,,,0.0,0.0,0.0,0.0,0.0,,,,2.0,2.0,2.0,2.0,2.0
755,Bochum,51.481705,7.219411,1437,1650,21.207,1.186,1,,,1000.0,1000.0,1000.0,2000.0,,,,14.584,14.584,14.584,14.584,14.584,,,,21.0,23.0,23.0,24.0,24.0,,,,60.0,67.0,70.0,77.0,78.0,,,,0.0,0.0,0.0,0.0,0.0,,,,,,,,,,,,0.0,0.0,0.0,0.0,0.0,,,,0.0,0.0,0.0,0.0,0.0,,,,0.0,0.0,0.0,0.0,0.0,,,,0.0,0.0,0.0,0.0,0.0,,,,0.0,0.0,0.0,0.0,0.0,,,,2.0,2.0,2.0,2.0,2.0
1236,Cloppenburg,52.84825,8.04252,1435,1650,34.533,0.135,1,,,,,,,,,,21.094,21.094,21.094,21.094,21.094,,,,11.0,13.0,15.0,17.0,19.0,,,,45.0,57.0,65.0,76.0,85.0,,,,0.0,0.0,0.0,0.0,0.0,,,,,,,,,,,,0.0,1.0,1.0,1.0,1.0,,,,0.0,0.0,0.0,0.0,0.0,,,,0.0,0.0,0.0,0.0,0.0,,,,0.0,0.0,0.0,0.0,0.0,,,,0.0,0.0,0.0,0.0,0.0,,,,2.0,2.0,2.0,2.0,2.0
1240,Coevorden,52.661176,6.741299,1407,1650,10.194,0.124,1,,,,,,,,,,0.0,0.0,0.0,0.0,0.0,,,,28.0,33.0,35.0,36.0,33.0,,,,85.0,99.0,112.0,118.0,115.0,,,,1.0,1.0,1.0,1.0,1.0,,,,regional,regional,regional,regional,regional,,,,1.0,1.0,1.0,1.0,1.0,,,,0.0,0.0,0.0,0.0,0.0,,,,0.0,0.0,0.0,0.0,0.0,,,,0.0,0.0,0.0,0.0,0.0,,,,0.0,0.0,0.0,0.0,0.0,,,,3.0,3.0,3.0,3.0,3.0
1790,Emden,53.366864,7.206328,1433,1650,18.98,0.137,1,,,5000.0,9000.0,15000.0,12000.0,,,,0.0,0.0,0.0,0.0,0.0,,,,16.0,19.0,24.0,25.0,25.0,,,,39.0,47.0,56.0,62.0,65.0,,,,1.0,1.0,1.0,1.0,1.0,,,,regional,regional,regional,regional,regional,,,,1.0,1.0,1.0,1.0,1.0,,,,1.0,1.0,1.0,1.0,1.0,,,,0.0,0.0,0.0,0.0,0.0,,,,0.0,0.0,0.0,0.0,0.0,,,,0.0,0.0,0.0,0.0,0.0,,,,3.0,3.0,3.0,3.0,3.0
1795,Eemnes-Binnen,52.236952,5.260662,1439,1650,4.415,0.776,1,,,,,,,,,,18.81,18.81,18.81,18.81,18.81,,,,22.0,25.0,28.0,28.0,27.0,,,,77.0,91.0,95.0,96.0,92.0,,,,0.0,0.0,0.0,0.0,0.0,,,,,,,,,,,,0.0,0.0,0.0,0.0,0.0,,,,0.0,0.0,0.0,0.0,0.0,,,,0.0,0.0,0.0,0.0,0.0,,,,0.0,0.0,0.0,0.0,0.0,,,,0.0,0.0,0.0,0.0,0.0,,,,2.0,2.0,2.0,2.0,2.0
1983,Frjentsjer,53.186226,5.544241,1417,1650,0.084,0.039,1,,,2000.0,2000.0,3000.0,4000.0,,,,49.712,49.712,41.714,41.714,41.714,,,,2.0,3.0,5.0,5.0,5.0,,,,36.0,39.0,46.0,46.0,43.0,,,,0.0,0.0,0.0,0.0,0.0,,,,,,,,,,,,0.0,0.0,0.0,0.0,0.0,,,,0.0,0.0,0.0,0.0,0.0,,,,0.0,0.0,0.0,0.0,0.0,,,,0.0,0.0,0.0,0.0,0.0,,,,0.0,0.0,0.0,0.0,0.0,,,,2.0,2.0,2.0,2.0,2.0
1995,Frauenstein,50.802142,13.537699,1411,1650,31.347,13.052,0,,,,,,,,,,46.736,40.411,40.411,40.411,40.411,,,,1.0,1.0,1.0,1.0,1.0,,,,5.0,5.0,8.0,8.0,12.0,,,,0.0,0.0,0.0,0.0,0.0,,,,,,,,,,,,0.0,0.0,0.0,0.0,0.0,,,,0.0,0.0,0.0,0.0,0.0,,,,0.0,0.0,0.0,0.0,0.0,,,,0.0,0.0,0.0,0.0,0.0,,,,0.0,0.0,0.0,0.0,0.0,,,,0.0,0.0,0.0,0.0,0.0
12388,,53.186481,5.538794,1417,1650,0.336,0.149,1,,,,,,,,,,49.946,49.946,42.058,42.058,42.058,,,,2.0,3.0,5.0,5.0,5.0,,,,36.0,39.0,46.0,46.0,43.0,,,,0.0,0.0,0.0,0.0,0.0,,,,,,,,,,,,0.0,0.0,0.0,0.0,0.0,,,,0.0,0.0,0.0,0.0,0.0,,,,0.0,0.0,0.0,0.0,0.0,,,,0.0,0.0,0.0,0.0,0.0,,,,0.0,0.0,0.0,0.0,0.0,,,,2.0,2.0,2.0,2.0,2.0
2383,Gramsbergen,52.610828,6.672671,1442,1650,2.948,0.06,1,,,,,,,,,,5.445,5.445,5.445,5.445,5.445,,,,27.0,32.0,36.0,37.0,34.0,,,,87.0,101.0,114.0,118.0,115.0,,,,0.0,0.0,0.0,0.0,0.0,,,,,,,,,,,,0.0,0.0,0.0,0.0,0.0,,,,0.0,0.0,0.0,0.0,0.0,,,,0.0,0.0,0.0,0.0,0.0,,,,0.0,0.0,0.0,0.0,0.0,,,,0.0,0.0,0.0,0.0,0.0,,,,2.0,2.0,2.0,2.0,2.0
4501,Bad Lippspringe,51.779471,8.822231,1445,1650,39.016,0.217,1,,,,,,,,,,8.221,8.221,8.221,8.221,8.221,,,,17.0,22.0,24.0,32.0,32.0,,,,70.0,78.0,82.0,102.0,107.0,,,,0.0,0.0,0.0,0.0,0.0,,,,,,,,,,,,0.0,0.0,0.0,0.0,0.0,,,,0.0,0.0,0.0,0.0,0.0,,,,0.0,0.0,0.0,0.0,0.0,,,,0.0,0.0,0.0,0.0,0.0,,,,0.0,0.0,0.0,0.0,0.0,,,,2.0,2.0,2.0,2.0,2.0
3026,Hessisch Oldendorf,52.168528,9.249764,1405,1650,0.612,0.125,1,,,,,,,,,,10.182,0.0,0.0,0.0,0.0,,,,24.0,29.0,29.0,40.0,43.0,,,,77.0,88.0,92.0,115.0,120.0,,,,0.0,1.0,1.0,1.0,1.0,,,,,regional,regional,regional,regional,,,,0.0,0.0,0.0,1.0,1.0,,,,0.0,0.0,0.0,0.0,0.0,,,,0.0,0.0,0.0,0.0,0.0,,,,0.0,0.0,0.0,0.0,0.0,,,,0.0,0.0,0.0,0.0,0.0,,,,2.0,3.0,3.0,3.0,3.0
12410,Bad Berka,50.899674,11.283646,1414,1650,85.655,2.143,1,,,,,,,,,,19.863,9.589,9.589,9.589,9.589,,,,18.0,25.0,26.0,27.0,27.0,,,,55.0,76.0,92.0,109.0,120.0,,,,0.0,0.0,0.0,0.0,0.0,,,,,,,,,,,,0.0,0.0,0.0,0.0,0.0,,,,0.0,0.0,0.0,0.0,0.0,,,,0.0,0.0,0.0,0.0,0.0,,,,0.0,0.0,0.0,0.0,0.0,,,,0.0,0.0,0.0,0.0,0.0,,,,2.0,2.0,2.0,2.0,2.0
12877,,53.186614,5.543272,1417,1650,0.106,0.039,1,,,,,,,,,,49.784,49.784,41.766,41.766,41.766,,,,2.0,3.0,5.0,5.0,5.0,,,,36.0,39.0,46.0,46.0,43.0,,,,0.0,0.0,0.0,0.0,0.0,,,,,,,,,,,,0.0,0.0,0.0,0.0,0.0,,,,0.0,0.0,0.0,0.0,0.0,,,,0.0,0.0,0.0,0.0,0.0,,,,0.0,0.0,0.0,0.0,0.0,,,,1.0,1.0,1.0,1.0,1.0,,,,2.0,2.0,2.0,2.0,2.0
13515,,51.253209,5.70646,1414,1650,16.23,0.045,1,,,,,,,,,,19.795,19.795,19.795,19.795,19.795,,,,20.0,21.0,21.0,21.0,21.0,,,,65.0,74.0,75.0,75.0,75.0,,,,0.0,0.0,0.0,0.0,0.0,,,,,,,,,,,,0.0,0.0,0.0,0.0,0.0,,,,0.0,0.0,0.0,0.0,0.0,,,,0.0,0.0,0.0,0.0,0.0,,,,0.0,0.0,0.0,0.0,0.0,,,,0.0,0.0,0.0,0.0,0.0,,,,2.0,2.0,2.0,2.0,2.0
19499,Langebro,55.447886,10.658363,1413,1650,136.854,0.058,1,,,,,,,,,,17.379,17.379,17.379,17.379,17.379,,,,4.0,4.0,5.0,9.0,16.0,,,,17.0,17.0,21.0,28.0,37.0,,,,0.0,0.0,0.0,0.0,0.0,,,,,,,,,,,,0.0,0.0,0.0,0.0,0.0,,,,0.0,0.0,0.0,0.0,0.0,,,,0.0,1.0,1.0,1.0,1.0,,,,0.0,1.0,1.0,1.0,1.0,,,,1.0,1.0,1.0,1.0,1.0,,,,2.0,2.0,2.0,2.0,2.0
10529,Kerteminde,55.448969,10.657766,1413,1650,136.924,0.063,1,,,,,,,,,,17.503,17.503,17.503,17.503,17.503,,,,4.0,4.0,5.0,9.0,16.0,,,,17.0,17.0,21.0,28.0,37.0,,,,0.0,0.0,0.0,0.0,0.0,,,,,,,,,,,,0.0,0.0,0.0,0.0,0.0,,,,0.0,0.0,0.0,0.0,0.0,,,,0.0,0.0,0.0,0.0,0.0,,,,0.0,0.0,0.0,0.0,0.0,,,,0.0,0.0,0.0,0.0,0.0,,,,2.0,2.0,2.0,2.0,2.0
4525,Löbejün,51.63505,11.902581,1430,1650,7.347,0.976,1,,,,,,,,,,16.839,9.874,9.874,0.0,0.0,,,,13.0,19.0,26.0,32.0,35.0,,,,49.0,68.0,83.0,101.0,112.0,,,,0.0,0.0,0.0,1.0,1.0,,,,,,,local,local,,,,0.0,0.0,0.0,0.0,0.0,,,,0.0,0.0,0.0,0.0,0.0,,,,0.0,0.0,0.0,0.0,0.0,,,,0.0,0.0,0.0,0.0,0.0,,,,0.0,0.0,0.0,0.0,0.0,,,,2.0,2.0,2.0,2.0,2.0
4626,Luckenwalde,52.089293,13.173398,1430,1650,41.817,1.747,1,,,,,,,,,,50.292,50.292,20.687,0.0,0.0,,,,0.0,0.0,1.0,4.0,4.0,,,,13.0,20.0,27.0,35.0,44.0,,,,0.0,0.0,0.0,1.0,1.0,,,,,,,local,local,,,,0.0,0.0,0.0,0.0,0.0,,,,0.0,0.0,0.0,0.0,0.0,,,,0.0,0.0,0.0,0.0,0.0,,,,0.0,0.0,0.0,0.0,0.0,,,,0.0,0.0,0.0,0.0,0.0,,,,2.0,2.0,2.0,2.0,2.0
7353,Staufenberg,50.663726,8.727278,1409,1650,61.738,0.047,1,,,,,,,,,,60.867,60.867,60.867,60.867,60.867,,,,0.0,0.0,0.0,0.0,0.0,,,,18.0,18.0,18.0,20.0,20.0,,,,0.0,0.0,0.0,0.0,0.0,,,,,,,,,,,,0.0,0.0,0.0,0.0,0.0,,,,0.0,0.0,0.0,0.0,0.0,,,,0.0,0.0,0.0,0.0,0.0,,,,0.0,0.0,0.0,0.0,0.0,,,,0.0,0.0,0.0,0.0,0.0,,,,2.0,2.0,2.0,2.0,2.0
5168,Naunhof,51.277856,12.588656,1406,1650,14.231,1.56,1,,,,,,,,,,10.846,10.846,10.846,10.846,10.846,,,,13.0,17.0,20.0,21.0,24.0,,,,30.0,44.0,55.0,66.0,73.0,,,,0.0,0.0,0.0,0.0,0.0,,,,,,,,,,,,0.0,0.0,0.0,0.0,0.0,,,,0.0,0.0,0.0,0.0,0.0,,,,0.0,0.0,0.0,0.0,0.0,,,,0.0,0.0,0.0,0.0,0.0,,,,0.0,0.0,0.0,0.0,0.0,,,,2.0,2.0,2.0,2.0,2.0
5424,Nijkerk,52.222632,5.48355,1413,1650,7.838,0.109,1,,,1000.0,1000.0,1000.0,1000.0,,,,16.887,16.887,16.887,16.887,16.887,,,,41.0,50.0,53.0,53.0,52.0,,,,82.0,96.0,104.0,105.0,101.0,,,,0.0,0.0,0.0,0.0,0.0,,,,,,,,,,,,0.0,0.0,0.0,0.0,0.0,,,,0.0,0.0,0.0,0.0,0.0,,,,0.0,0.0,0.0,0.0,0.0,,,,0.0,0.0,0.0,0.0,0.0,,,,0.0,0.0,0.0,0.0,0.0,,,,2.0,2.0,2.0,2.0,2.0
8367,Westhofen,51.421916,7.527051,1401,1650,25.958,1.807,1,,,,,,,,,,11.089,11.089,11.089,11.089,11.089,,,,16.0,16.0,16.0,16.0,16.0,,,,51.0,61.0,65.0,74.0,75.0,,,,0.0,0.0,0.0,0.0,0.0,,,,,,,,,,,,0.0,0.0,0.0,0.0,0.0,,,,0.0,0.0,0.0,0.0,0.0,,,,0.0,0.0,0.0,0.0,0.0,,,,0.0,0.0,0.0,0.0,0.0,,,,0.0,0.0,0.0,0.0,0.0,,,,2.0,2.0,2.0,2.0,2.0
5971,Plaue (Havel),52.409013,12.418116,1411,1650,4.476,0.144,1,,,,,,,,,,23.883,9.219,9.219,9.219,9.219,,,,3.0,6.0,10.0,15.0,20.0,,,,21.0,34.0,40.0,57.0,68.0,,,,0.0,0.0,0.0,0.0,0.0,,,,,,,,,,,,1.0,1.0,1.0,1.0,1.0,,,,0.0,0.0,0.0,0.0,0.0,,,,0.0,0.0,0.0,0.0,0.0,,,,0.0,0.0,0.0,0.0,0.0,,,,0.0,0.0,0.0,0.0,0.0,,,,2.0,2.0,2.0,2.0,2.0
6173,Purmerend,52.509903,4.946108,1410,1650,0.964,0.082,1,,,,,,,,,,15.641,15.641,15.641,15.641,15.641,,,,10.0,11.0,13.0,13.0,12.0,,,,64.0,78.0,82.0,83.0,79.0,,,,0.0,0.0,0.0,0.0,0.0,,,,,,,,,,,,0.0,0.0,0.0,0.0,0.0,,,,0.0,0.0,0.0,0.0,0.0,,,,0.0,0.0,0.0,0.0,0.0,,,,0.0,0.0,0.0,0.0,0.0,,,,0.0,0.0,0.0,0.0,0.0,,,,2.0,2.0,2.0,2.0,2.0
12878,,53.187205,5.546286,1417,1650,0.106,0.19,1,,,,,,,,,,49.722,49.722,41.555,41.555,41.555,,,,2.0,3.0,5.0,5.0,5.0,,,,36.0,39.0,46.0,46.0,43.0,,,,0.0,0.0,0.0,0.0,0.0,,,,,,,,,,,,0.0,0.0,0.0,0.0,0.0,,,,0.0,0.0,0.0,0.0,0.0,,,,0.0,0.0,0.0,0.0,0.0,,,,0.0,0.0,0.0,0.0,0.0,,,,0.0,0.0,0.0,0.0,0.0,,,,2.0,2.0,2.0,2.0,2.0
6966,Schöppingen,52.091864,7.238251,1435,1658,22.172,2.286,1,,,,,,,,,,24.857,24.857,24.857,24.857,24.857,,,,19.0,22.0,24.0,28.0,29.0,,,,86.0,102.0,110.0,118.0,115.0,,,,0.0,0.0,0.0,0.0,0.0,,,,,,,,,,,,0.0,0.0,0.0,0.0,0.0,,,,0.0,0.0,0.0,0.0,0.0,,,,0.0,0.0,0.0,0.0,0.0,,,,0.0,0.0,0.0,0.0,0.0,,,,0.0,0.0,0.0,0.0,0.0,,,,2.0,2.0,2.0,2.0,2.0
7098,Cesvaine,56.968139,26.307371,1441,1650,59.993,7.147,1,,,,,,,,,,387.446,387.446,387.446,367.391,364.315,,,,0.0,0.0,0.0,0.0,0.0,,,,0.0,0.0,0.0,0.0,0.0,,,,0.0,0.0,0.0,0.0,0.0,,,,,,,,,,,,0.0,0.0,0.0,0.0,0.0,,,,0.0,0.0,0.0,0.0,0.0,,,,0.0,0.0,0.0,0.0,0.0,,,,0.0,0.0,0.0,0.0,0.0,,,,0.0,0.0,0.0,0.0,0.0,,,,1.0,1.0,1.0,1.0,1.0
7203,Sloten,52.894948,5.645463,1422,1650,3.534,2.376,1,,,,,,,,,,23.506,23.506,23.506,23.506,23.506,,,,9.0,12.0,12.0,12.0,12.0,,,,53.0,61.0,70.0,70.0,66.0,,,,0.0,0.0,0.0,0.0,0.0,,,,,,,,,,,,0.0,0.0,0.0,0.0,0.0,,,,0.0,0.0,0.0,0.0,0.0,,,,0.0,0.0,0.0,0.0,0.0,,,,0.0,0.0,0.0,0.0,0.0,,,,1.0,1.0,1.0,1.0,1.0,,,,2.0,2.0,2.0,2.0,2.0
7655,Terborg (Gelderland),51.919409,6.35928,1419,1650,1.9,0.092,1,,,,,,,,,,7.024,7.024,7.024,7.024,7.024,,,,31.0,39.0,42.0,43.0,43.0,,,,110.0,129.0,136.0,141.0,138.0,,,,0.0,0.0,0.0,0.0,0.0,,,,,,,,,,,,0.0,0.0,0.0,0.0,0.0,,,,0.0,0.0,0.0,0.0,0.0,,,,0.0,0.0,0.0,0.0,0.0,,,,0.0,0.0,0.0,0.0,0.0,,,,0.0,0.0,0.0,0.0,0.0,,,,2.0,2.0,2.0,2.0,2.0
8242,Weert,51.254017,5.706554,1414,1650,16.292,0.045,1,,,5000.0,6000.0,5000.0,5000.0,,,,19.831,19.831,19.831,19.831,19.831,,,,20.0,21.0,21.0,21.0,21.0,,,,65.0,74.0,75.0,75.0,75.0,,,,0.0,0.0,0.0,0.0,0.0,,,,,,,,,,,,1.0,1.0,1.0,1.0,1.0,,,,0.0,0.0,0.0,0.0,0.0,,,,0.0,0.0,0.0,0.0,0.0,,,,0.0,0.0,0.0,0.0,0.0,,,,0.0,0.0,0.0,0.0,0.0,,,,2.0,2.0,2.0,2.0,2.0
8342,Werth,51.819149,6.509086,1426,1650,5.285,0.54,1,,,,,,,,,,22.192,22.192,22.192,22.192,22.192,,,,27.0,33.0,34.0,35.0,35.0,,,,109.0,126.0,133.0,138.0,135.0,,,,0.0,0.0,0.0,0.0,0.0,,,,,,,,,,,,0.0,0.0,0.0,0.0,0.0,,,,0.0,0.0,0.0,0.0,0.0,,,,0.0,0.0,0.0,0.0,0.0,,,,0.0,0.0,0.0,0.0,0.0,,,,0.0,0.0,0.0,0.0,0.0,,,,2.0,2.0,2.0,2.0,2.0
8594,Wolkenstein,50.655565,13.06655,1434,1650,63.075,4.226,0,,,,,,,,,,57.643,57.643,57.643,57.643,40.702,,,,0.0,0.0,0.0,0.0,1.0,,,,9.0,12.0,18.0,19.0,21.0,,,,0.0,0.0,0.0,0.0,0.0,,,,,,,,,,,,0.0,0.0,0.0,1.0,1.0,,,,0.0,0.0,0.0,0.0,0.0,,,,0.0,0.0,0.0,0.0,0.0,,,,0.0,0.0,0.0,0.0,0.0,,,,0.0,0.0,0.0,0.0,0.0,,,,1.0,1.0,1.0,1.0,1.0
12447,Zeulenroda,50.648997,11.97955,1438,1650,74.806,0.696,1,,,,,,,,,,27.775,27.775,14.273,14.273,14.273,,,,10.0,13.0,18.0,20.0,21.0,,,,32.0,42.0,53.0,57.0,59.0,,,,0.0,0.0,0.0,0.0,0.0,,,,,,,,,,,,0.0,0.0,0.0,0.0,0.0,,,,0.0,0.0,0.0,0.0,0.0,,,,0.0,0.0,0.0,0.0,0.0,,,,0.0,0.0,0.0,0.0,0.0,,,,0.0,0.0,0.0,0.0,0.0,,,,2.0,2.0,2.0,2.0,2.0
8985,,52.84583,8.04294,1435,1650,34.777,0.135,1,,,,,,,,,,20.903,20.903,20.903,20.903,20.903,,,,11.0,13.0,15.0,17.0,19.0,,,,45.0,57.0,65.0,76.0,85.0,,,,0.0,0.0,0.0,0.0,0.0,,,,,,,,,,,,0.0,0.0,0.0,0.0,0.0,,,,0.0,0.0,0.0,0.0,0.0,,,,0.0,0.0,0.0,0.0,0.0,,,,0.0,0.0,0.0,0.0,0.0,,,,0.0,0.0,0.0,0.0,0.0,,,,2.0,2.0,2.0,2.0,2.0
9182,,53.365262,7.209451,1433,1650,19.146,0.137,1,,,,,,,,,,0.273,0.273,0.273,0.273,0.273,,,,16.0,19.0,24.0,25.0,25.0,,,,39.0,47.0,56.0,62.0,65.0,,,,0.0,0.0,0.0,0.0,0.0,,,,,,,,,,,,0.0,0.0,0.0,0.0,0.0,,,,1.0,1.0,1.0,1.0,1.0,,,,0.0,0.0,0.0,0.0,0.0,,,,0.0,0.0,1.0,1.0,1.0,,,,1.0,1.0,1.0,1.0,1.0,,,,3.0,3.0,3.0,3.0,3.0
9404,Barby,51.966591,11.884691,1407,1650,1.279,0.07,1,,,,,,,,,,24.88,13.69,13.69,13.69,13.69,,,,8.0,12.0,16.0,26.0,32.0,,,,51.0,68.0,81.0,110.0,121.0,,,,0.0,0.0,0.0,0.0,0.0,,,,,,,,,,,,0.0,0.0,0.0,0.0,0.0,,,,0.0,0.0,0.0,0.0,0.0,,,,0.0,0.0,0.0,0.0,0.0,,,,0.0,0.0,0.0,0.0,0.0,,,,0.0,0.0,0.0,0.0,0.0,,,,2.0,2.0,2.0,2.0,2.0
9711,,52.166338,9.248981,1405,1650,0.469,0.125,1,,,,,,,,,,10.053,0.249,0.249,0.249,0.249,,,,24.0,29.0,29.0,40.0,43.0,,,,77.0,88.0,92.0,115.0,120.0,,,,0.0,0.0,0.0,0.0,0.0,,,,,,,,,,,,0.0,0.0,0.0,0.0,0.0,,,,0.0,0.0,0.0,0.0,0.0,,,,0.0,0.0,0.0,0.0,0.0,,,,0.0,0.0,0.0,0.0,0.0,,,,1.0,1.0,1.0,1.0,1.0,,,,2.0,2.0,2.0,2.0,2.0
11890,Texel,53.054374,4.797356,1415,1650,42.055,28.637,0,,,,,,,,,,76.028,76.028,76.028,76.028,76.028,,,,0.0,0.0,0.0,0.0,0.0,,,,16.0,17.0,20.0,20.0,20.0,,,,0.0,0.0,0.0,0.0,0.0,,,,,,,,,,,,0.0,0.0,0.0,0.0,0.0,,,,0.0,0.0,0.0,0.0,0.0,,,,0.0,0.0,0.0,0.0,0.0,,,,0.0,0.0,0.0,0.0,0.0,,,,0.0,0.0,0.0,0.0,0.0,,,,0.0,0.0,0.0,0.0,0.0
10351,,52.409429,12.422307,1411,1650,4.194,0.144,1,,,,,,,,,,24.169,8.933,8.933,8.933,8.933,,,,3.0,6.0,10.0,15.0,20.0,,,,21.0,34.0,40.0,57.0,68.0,,,,0.0,0.0,0.0,0.0,0.0,,,,,,,,,,,,0.0,1.0,1.0,0.0,0.0,,,,0.0,0.0,0.0,0.0,0.0,,,,0.0,1.0,1.0,1.0,1.0,,,,1.0,0.0,0.0,0.0,0.0,,,,1.0,1.0,1.0,1.0,1.0,,,,2.0,2.0,2.0,2.0,2.0
12461,Gröbzig,51.681533,11.874788,1401,1650,10.555,1.97,1,,,,,,,,,,22.335,7.284,7.284,5.513,5.513,,,,9.0,14.0,21.0,27.0,30.0,,,,51.0,74.0,89.0,109.0,122.0,,,,0.0,0.0,0.0,0.0,0.0,,,,,,,,,,,,0.0,0.0,0.0,0.0,0.0,,,,0.0,0.0,0.0,0.0,0.0,,,,0.0,0.0,0.0,0.0,0.0,,,,0.0,0.0,0.0,0.0,0.0,,,,0.0,0.0,0.0,0.0,0.0,,,,2.0,2.0,2.0,2.0,2.0
10538,Sömmerda,51.159624,11.117948,1433,1650,68.553,0.336,1,,,,,,,,,,5.871,5.871,0.0,0.0,0.0,,,,23.0,31.0,32.0,33.0,32.0,,,,72.0,93.0,107.0,126.0,144.0,,,,0.0,0.0,1.0,1.0,1.0,,,,,,local,local,local,,,,0.0,0.0,0.0,0.0,0.0,,,,0.0,0.0,0.0,0.0,0.0,,,,0.0,0.0,0.0,0.0,0.0,,,,0.0,0.0,0.0,0.0,0.0,,,,0.0,0.0,0.0,0.0,0.0,,,,2.0,2.0,2.0,2.0,2.0
11891,Wieringen,52.932065,5.010676,1432,1650,23.955,17.372,0,,,,,,,,,,62.666,62.666,62.666,62.666,62.666,,,,0.0,0.0,0.0,0.0,0.0,,,,28.0,32.0,36.0,37.0,33.0,,,,0.0,0.0,0.0,0.0,0.0,,,,,,,,,,,,0.0,0.0,0.0,0.0,0.0,,,,0.0,0.0,0.0,0.0,0.0,,,,0.0,0.0,0.0,0.0,0.0,,,,0.0,0.0,0.0,0.0,0.0,,,,0.0,0.0,0.0,0.0,0.0,,,,0.0,0.0,0.0,0.0,0.0
12523,Wörlitz,51.843267,12.419357,1440,1650,6.588,0.295,1,,,,,,,,,,36.178,26.773,26.773,26.773,11.881,,,,2.0,7.0,8.0,14.0,17.0,,,,33.0,43.0,57.0,76.0,91.0,,,,0.0,0.0,0.0,0.0,0.0,,,,,,,,,,,,0.0,0.0,0.0,0.0,0.0,,,,0.0,0.0,0.0,0.0,0.0,,,,0.0,0.0,0.0,0.0,0.0,,,,0.0,0.0,0.0,0.0,0.0,,,,0.0,0.0,0.0,0.0,0.0,,,,2.0,2.0,2.0,2.0,2.0
10929,,51.662184,9.372325,1417,1650,0.468,0.12,1,,,,,,,,,,12.448,12.448,12.448,12.448,12.448,,,,36.0,41.0,42.0,49.0,49.0,,,,69.0,84.0,88.0,113.0,125.0,,,,0.0,0.0,0.0,0.0,0.0,,,,,,,,,,,,0.0,0.0,0.0,0.0,0.0,,,,0.0,0.0,0.0,0.0,0.0,,,,0.0,0.0,0.0,0.0,0.0,,,,0.0,0.0,0.0,0.0,0.0,,,,0.0,0.0,0.0,0.0,0.0,,,,2.0,2.0,2.0,2.0,2.0
10953,,52.610608,6.665856,1442,1650,2.609,0.102,1,,,,,,,,,,5.118,5.118,5.118,5.118,5.118,,,,27.0,32.0,36.0,37.0,34.0,,,,84.0,99.0,112.0,116.0,113.0,,,,0.0,0.0,0.0,0.0,0.0,,,,,,,,,,,,0.0,0.0,0.0,0.0,0.0,,,,0.0,0.0,0.0,0.0,0.0,,,,0.0,0.0,0.0,0.0,0.0,,,,0.0,0.0,0.0,0.0,0.0,,,,1.0,1.0,1.0,1.0,1.0,,,,2.0,2.0,2.0,2.0,2.0
10954,,52.609657,6.668454,1442,1650,2.652,0.102,1,,,,,,,,,,5.155,5.155,5.155,5.155,5.155,,,,27.0,32.0,36.0,37.0,34.0,,,,84.0,99.0,112.0,116.0,113.0,,,,0.0,0.0,0.0,0.0,0.0,,,,,,,,,,,,0.0,0.0,0.0,0.0,0.0,,,,0.0,0.0,0.0,0.0,0.0,,,,0.0,0.0,0.0,0.0,0.0,,,,0.0,0.0,0.0,0.0,0.0,,,,0.0,0.0,0.0,0.0,0.0,,,,2.0,2.0,2.0,2.0,2.0
10352,Præstø,55.123591,12.043762,1403,1650,123.703,0.058,1,,,,,,,,,,15.386,15.386,15.386,15.386,15.386,,,,7.0,7.0,7.0,9.0,7.0,,,,17.0,17.0,21.0,24.0,31.0,,,,0.0,0.0,0.0,0.0,0.0,,,,,,,,,,,,0.0,0.0,0.0,0.0,0.0,,,,0.0,0.0,0.0,0.0,0.0,,,,0.0,0.0,0.0,0.0,0.0,,,,0.0,0.0,0.0,0.0,0.0,,,,0.0,0.0,0.0,0.0,0.0,,,,2.0,2.0,2.0,2.0,2.0
11913,Goes,51.504595,3.890265,1405,1650,14.768,0.056,1,,,2000.0,2000.0,2000.0,3000.0,,,,0.0,0.0,0.0,0.0,0.0,,,,7.0,9.0,9.0,9.0,9.0,,,,21.0,25.0,26.0,26.0,26.0,,,,1.0,1.0,1.0,1.0,1.0,,,,regional,regional,regional,regional,regional,,,,0.0,0.0,0.0,0.0,0.0,,,,0.0,0.0,0.0,0.0,0.0,,,,0.0,0.0,0.0,0.0,0.0,,,,0.0,0.0,0.0,0.0,0.0,,,,0.0,0.0,0.0,0.0,0.0,,,,3.0,3.0,3.0,3.0,3.0
11916,Brouwershaven,51.725469,3.91217,1403,1650,8.661,3.97,1,,,,,,,,,,24.607,24.607,24.607,24.607,24.607,,,,6.0,6.0,6.0,6.0,6.0,,,,30.0,35.0,37.0,37.0,36.0,,,,0.0,0.0,0.0,0.0,0.0,,,,,,,,,,,,1.0,1.0,1.0,1.0,1.0,,,,1.0,1.0,1.0,1.0,1.0,,,,0.0,0.0,0.0,0.0,0.0,,,,1.0,1.0,1.0,1.0,1.0,,,,1.0,1.0,1.0,1.0,1.0,,,,3.0,3.0,3.0,3.0,3.0
11956,Kortgene,51.555111,3.803744,1421,1532,11.448,3.639,0,,,,,,,,,,8.208,8.208,,,,,,,5.0,7.0,,,,,,,19.0,21.0,,,,,,,0.0,0.0,,,,,,,,,,,,,,,0.0,0.0,,,,,,,0.0,0.0,,,,,,,0.0,0.0,,,,,,,0.0,0.0,,,,,,,0.0,0.0,,,,,,,2.0,2.0,,,
9545,Thisted,56.954812,8.690586,1450,1650,33.8,0.166,1,,,,,,,,,,30.388,20.546,0.0,20.546,20.546,,,,3.0,4.0,4.0,4.0,4.0,,,,16.0,19.0,19.0,22.0,25.0,,,,0.0,0.0,1.0,0.0,0.0,,,,,,local,,,,,,0.0,0.0,0.0,0.0,0.0,,,,0.0,0.0,0.0,0.0,0.0,,,,0.0,0.0,0.0,0.0,0.0,,,,0.0,0.0,0.0,0.0,0.0,,,,0.0,0.0,0.0,0.0,0.0,,,,2.0,2.0,2.0,2.0,2.0
19409,,56.95501,8.696049,1450,1650,33.468,0.166,1,,,,,,,,,,30.651,20.401,0.332,20.401,20.401,,,,3.0,4.0,4.0,4.0,4.0,,,,15.0,18.0,18.0,21.0,24.0,,,,0.0,0.0,0.0,0.0,0.0,,,,,,,,,,,,0.0,0.0,0.0,0.0,0.0,,,,0.0,0.0,0.0,0.0,0.0,,,,0.0,0.0,0.0,0.0,0.0,,,,0.0,0.0,0.0,0.0,0.0,,,,1.0,1.0,1.0,1.0,1.0,,,,2.0,2.0,2.0,2.0,2.0
9541,Skagen ,57.717112,10.571842,1413,1650,114.742,0.393,1,,,,,,,,,,45.119,45.119,45.119,45.119,42.744,,,,1.0,1.0,1.0,2.0,4.0,,,,4.0,4.0,4.0,5.0,7.0,,,,0.0,0.0,0.0,0.0,0.0,,,,,,,,,,,,1.0,1.0,1.0,1.0,1.0,,,,0.0,0.0,0.0,0.0,0.0,,,,0.0,0.0,0.0,0.0,0.0,,,,0.0,0.0,0.0,0.0,0.0,,,,1.0,1.0,1.0,1.0,1.0,,,,2.0,2.0,2.0,2.0,2.0
18121,Rauma,61.128082,21.511293,1442,1650,414.546,0.109,1,,,,,,,,,,85.997,78.244,78.244,0.0,0.0,,,,0.0,0.0,0.0,2.0,7.0,,,,2.0,3.0,3.0,5.0,12.0,,,,0.0,0.0,0.0,1.0,1.0,,,,,,,local,local,,,,0.0,0.0,0.0,0.0,1.0,,,,0.0,0.0,0.0,0.0,0.0,,,,0.0,0.0,0.0,0.0,0.0,,,,0.0,0.0,0.0,0.0,0.0,,,,0.0,0.0,0.0,0.0,0.0,,,,2.0,2.0,2.0,2.0,2.0
12499,Laucha (Unstrut),51.22361,11.679304,1409,1650,42.199,3.181,0,,,,,,,,,,0.0,0.0,0.0,0.0,0.0,,,,20.0,28.0,32.0,39.0,39.0,,,,56.0,72.0,90.0,104.0,115.0,,,,1.0,1.0,1.0,1.0,1.0,,,,local,local,local,local,local,,,,0.0,0.0,0.0,0.0,0.0,,,,0.0,0.0,0.0,0.0,0.0,,,,0.0,0.0,0.0,0.0,0.0,,,,0.0,0.0,0.0,0.0,0.0,,,,0.0,0.0,0.0,0.0,0.0,,,,2.0,2.0,2.0,2.0,2.0
140,Allstedt,51.403733,11.385343,1425,1650,36.751,0.051,1,,,,,,,,,,17.796,17.796,17.796,14.999,14.999,,,,24.0,31.0,37.0,44.0,44.0,,,,58.0,80.0,91.0,109.0,123.0,,,,0.0,0.0,0.0,0.0,0.0,,,,,,,,,,,,0.0,0.0,0.0,0.0,0.0,,,,0.0,0.0,0.0,0.0,0.0,,,,0.0,0.0,0.0,0.0,0.0,,,,0.0,0.0,0.0,0.0,0.0,,,,0.0,0.0,0.0,0.0,0.0,,,,2.0,2.0,2.0,2.0,2.0
937,Brójce,52.313073,15.672555,1428,1650,42.193,5.724,1,,,,,,,,,,102.065,102.065,102.065,102.065,102.065,,,,0.0,0.0,0.0,0.0,0.0,,,,0.0,0.0,0.0,0.0,0.0,,,,0.0,0.0,0.0,0.0,0.0,,,,,,,,,,,,0.0,0.0,0.0,0.0,0.0,,,,0.0,0.0,0.0,0.0,0.0,,,,0.0,0.0,0.0,0.0,0.0,,,,0.0,0.0,0.0,0.0,0.0,,,,0.0,0.0,0.0,0.0,0.0,,,,1.0,1.0,1.0,1.0,1.0
8009,Vyborg,60.713025,28.732889,1403,1650,138.594,0.195,1,,,,,,,,,,0.0,0.0,0.0,0.0,0.0,,,,2.0,2.0,4.0,4.0,5.0,,,,2.0,2.0,5.0,5.0,6.0,,,,1.0,1.0,1.0,1.0,1.0,,,,local,local,local,local,local,,,,0.0,0.0,0.0,0.0,1.0,,,,0.0,0.0,0.0,0.0,0.0,,,,0.0,0.0,0.0,0.0,0.0,,,,0.0,0.0,0.0,0.0,0.0,,,,0.0,0.0,0.0,0.0,0.0,,,,2.0,2.0,2.0,2.0,2.0
19831,Linnansilta,60.715311,28.727446,1403,1650,138.984,0.195,1,,,,,,,,,,0.39,0.39,0.39,0.39,0.39,,,,2.0,2.0,4.0,4.0,5.0,,,,2.0,2.0,5.0,5.0,6.0,,,,0.0,0.0,0.0,0.0,0.0,,,,,,,,,,,,0.0,0.0,0.0,0.0,0.0,,,,0.0,0.0,0.0,0.0,0.0,,,,0.0,0.0,0.0,1.0,1.0,,,,0.0,0.0,0.0,0.0,0.0,,,,0.0,0.0,0.0,0.0,0.0,,,,2.0,2.0,2.0,2.0,2.0
17525,Crimmitschau,50.8163089,12.3866948,1414,1650,50.623,4.27,1,,,,,,,,,,19.068,19.068,19.068,19.068,13.442,,,,3.0,5.0,10.0,11.0,13.0,,,,31.0,42.0,54.0,60.0,64.0,,,,0.0,0.0,0.0,0.0,0.0,,,,,,,,,,,,0.0,0.0,0.0,0.0,0.0,,,,0.0,0.0,0.0,0.0,0.0,,,,0.0,0.0,0.0,0.0,0.0,,,,0.0,0.0,0.0,0.0,0.0,,,,0.0,0.0,0.0,0.0,0.0,,,,2.0,2.0,2.0,2.0,2.0
19833,Pitkäsilta (Viipuri),60.725106,28.708006,1403,1650,140.484,0.759,1,,,,,,,,,,1.907,1.907,1.907,1.907,1.907,,,,2.0,2.0,4.0,4.0,5.0,,,,2.0,2.0,5.0,5.0,6.0,,,,0.0,0.0,0.0,0.0,0.0,,,,,,,,,,,,0.0,0.0,0.0,0.0,0.0,,,,0.0,0.0,0.0,0.0,0.0,,,,0.0,0.0,1.0,1.0,1.0,,,,0.0,0.0,0.0,0.0,0.0,,,,0.0,0.0,0.0,0.0,0.0,,,,2.0,2.0,2.0,2.0,2.0
19464,,56.653021,9.981755,1435,1650,57.124,0.089,1,,,,,,,,,,21.646,21.646,21.646,11.608,11.608,,,,7.0,9.0,9.0,11.0,14.0,,,,13.0,16.0,19.0,19.0,25.0,,,,0.0,0.0,0.0,0.0,0.0,,,,,,,,,,,,0.0,0.0,0.0,0.0,0.0,,,,0.0,0.0,0.0,0.0,0.0,,,,0.0,0.0,0.0,0.0,0.0,,,,0.0,0.0,0.0,0.0,0.0,,,,1.0,1.0,1.0,1.0,1.0,,,,2.0,2.0,2.0,2.0,2.0
19465,,56.655362,9.968206,1435,1650,56.317,0.51,1,,,,,,,,,,22.046,22.046,22.046,10.83,10.83,,,,7.0,9.0,9.0,11.0,14.0,,,,13.0,16.0,19.0,19.0,25.0,,,,0.0,0.0,0.0,0.0,0.0,,,,,,,,,,,,0.0,0.0,0.0,0.0,0.0,,,,0.0,0.0,0.0,0.0,0.0,,,,0.0,0.0,0.0,0.0,0.0,,,,0.0,1.0,1.0,1.0,1.0,,,,0.0,0.0,0.0,0.0,0.0,,,,2.0,2.0,2.0,2.0,2.0
19523,,55.331143,11.137873,1425,1650,141.125,0.074,1,,,,,,,,,,21.964,21.964,0.149,0.149,0.149,,,,4.0,4.0,5.0,11.0,17.0,,,,16.0,16.0,20.0,27.0,35.0,,,,0.0,0.0,0.0,0.0,0.0,,,,,,,,,,,,0.0,0.0,0.0,0.0,0.0,,,,0.0,0.0,0.0,0.0,0.0,,,,0.0,0.0,0.0,0.0,0.0,,,,1.0,1.0,1.0,1.0,1.0,,,,1.0,1.0,1.0,1.0,1.0,,,,2.0,2.0,2.0,2.0,2.0
19832,Kivisilta,60.737271,28.688822,1403,1650,142.132,0.552,1,,,,,,,,,,3.607,3.607,3.607,3.607,3.607,,,,2.0,2.0,4.0,4.0,5.0,,,,2.0,2.0,5.0,6.0,7.0,,,,0.0,0.0,0.0,0.0,0.0,,,,,,,,,,,,0.0,0.0,0.0,0.0,0.0,,,,0.0,0.0,0.0,0.0,0.0,,,,0.0,0.0,0.0,1.0,1.0,,,,0.0,0.0,0.0,0.0,0.0,,,,0.0,0.0,0.0,0.0,0.0,,,,2.0,2.0,2.0,2.0,2.0
12516,Schildau,51.455785,12.930379,1445,1650,12.173,4.113,1,,,,,,,,,,28.052,28.052,12.473,12.473,12.473,,,,7.0,9.0,12.0,12.0,15.0,,,,22.0,30.0,37.0,45.0,52.0,,,,0.0,0.0,0.0,0.0,0.0,,,,,,,,,,,,0.0,0.0,0.0,0.0,0.0,,,,0.0,0.0,0.0,0.0,0.0,,,,0.0,0.0,0.0,0.0,0.0,,,,0.0,0.0,0.0,0.0,0.0,,,,0.0,0.0,0.0,0.0,0.0,,,,2.0,2.0,2.0,2.0,2.0
13418,,51.967845,11.884832,1407,1650,1.332,0.07,1,,,,,,,,,,24.783,13.68,13.68,13.68,13.68,,,,8.0,12.0,16.0,26.0,32.0,,,,49.0,66.0,79.0,108.0,119.0,,,,0.0,0.0,0.0,0.0,0.0,,,,,,,,,,,,0.0,0.0,0.0,0.0,0.0,,,,0.0,0.0,0.0,0.0,0.0,,,,0.0,0.0,0.0,0.0,0.0,,,,0.0,0.0,0.0,0.0,0.0,,,,0.0,0.0,0.0,0.0,0.0,,,,2.0,2.0,2.0,2.0,2.0
13877,,51.505532,3.889668,1405,1650,14.667,0.056,1,,,,,,,,,,0.112,0.112,0.112,0.112,0.112,,,,7.0,9.0,9.0,9.0,9.0,,,,21.0,25.0,26.0,26.0,26.0,,,,0.0,0.0,0.0,0.0,0.0,,,,,,,,,,,,1.0,1.0,1.0,1.0,1.0,,,,0.0,0.0,0.0,0.0,0.0,,,,0.0,0.0,0.0,0.0,0.0,,,,0.0,0.0,0.0,0.0,0.0,,,,1.0,1.0,1.0,1.0,1.0,,,,2.0,2.0,2.0,2.0,2.0
14185,,51.519498,3.891576,1405,1650,13.109,0.779,1,,,,,,,,,,1.66,1.66,1.66,1.66,1.66,,,,7.0,9.0,9.0,9.0,9.0,,,,21.0,25.0,26.0,26.0,26.0,,,,0.0,0.0,0.0,0.0,0.0,,,,,,,,,,,,0.0,0.0,0.0,0.0,0.0,,,,0.0,0.0,0.0,0.0,0.0,,,,0.0,0.0,0.0,0.0,0.0,,,,1.0,1.0,1.0,1.0,1.0,,,,0.0,0.0,0.0,0.0,0.0,,,,2.0,2.0,2.0,2.0,2.0
14202,Wattenscheid,51.481156,7.133099,1413,1650,15.855,0.447,1,,,,,,,,,,8.766,8.766,8.766,8.766,8.766,,,,21.0,23.0,23.0,24.0,24.0,,,,66.0,78.0,82.0,89.0,90.0,,,,0.0,0.0,0.0,0.0,0.0,,,,,,,,,,,,0.0,0.0,0.0,0.0,0.0,,,,0.0,0.0,0.0,0.0,0.0,,,,0.0,0.0,0.0,0.0,0.0,,,,0.0,0.0,0.0,0.0,0.0,,,,0.0,0.0,0.0,0.0,0.0,,,,2.0,2.0,2.0,2.0,2.0
14315,Storkow,52.255182,13.931469,1450,1650,14.247,0.125,1,,,,,,,,,,46.075,46.075,46.075,46.075,46.075,,,,3.0,3.0,3.0,3.0,3.0,,,,4.0,8.0,11.0,14.0,16.0,,,,0.0,0.0,0.0,0.0,0.0,,,,,,,,,,,,0.0,0.0,0.0,0.0,0.0,,,,0.0,0.0,0.0,0.0,0.0,,,,0.0,0.0,0.0,0.0,0.0,,,,0.0,0.0,0.0,0.0,0.0,,,,0.0,0.0,0.0,0.0,0.0,,,,2.0,2.0,2.0,2.0,2.0
14316,,52.25374,13.928665,1450,1650,14.492,0.125,1,,,,,,,,,,46.031,46.031,46.031,46.031,46.031,,,,3.0,3.0,3.0,3.0,3.0,,,,4.0,8.0,11.0,14.0,16.0,,,,0.0,0.0,0.0,0.0,0.0,,,,,,,,,,,,0.0,0.0,0.0,0.0,0.0,,,,0.0,0.0,0.0,0.0,0.0,,,,0.0,0.0,0.0,0.0,0.0,,,,0.0,0.0,0.0,0.0,0.0,,,,0.0,0.0,0.0,0.0,0.0,,,,2.0,2.0,2.0,2.0,2.0
14703,,52.222734,5.486746,1413,1650,8.037,0.109,1,,,,,,,,,,16.76,16.76,16.76,16.76,16.76,,,,43.0,52.0,55.0,55.0,54.0,,,,82.0,96.0,104.0,105.0,101.0,,,,0.0,0.0,0.0,0.0,0.0,,,,,,,,,,,,0.0,0.0,0.0,0.0,0.0,,,,0.0,0.0,0.0,0.0,0.0,,,,0.0,0.0,0.0,0.0,0.0,,,,0.0,0.0,0.0,0.0,0.0,,,,0.0,0.0,0.0,0.0,0.0,,,,2.0,2.0,2.0,2.0,2.0
14723,,51.404597,11.385877,1425,1650,36.665,0.051,1,,,,,,,,,,17.698,17.698,17.698,14.981,14.981,,,,24.0,31.0,37.0,44.0,44.0,,,,58.0,80.0,91.0,109.0,123.0,,,,0.0,0.0,0.0,0.0,0.0,,,,,,,,,,,,0.0,0.0,0.0,0.0,0.0,,,,0.0,0.0,0.0,0.0,0.0,,,,0.0,0.0,0.0,0.0,0.0,,,,0.0,0.0,0.0,0.0,0.0,,,,0.0,0.0,0.0,0.0,0.0,,,,2.0,2.0,2.0,2.0,2.0
16386,Krajenka,53.296773,16.990743,1420,1650,96.395,4.057,1,,,,,,,,,,163.235,163.235,163.235,134.937,134.937,,,,0.0,0.0,0.0,0.0,0.0,,,,0.0,0.0,0.0,0.0,0.0,,,,0.0,0.0,0.0,0.0,0.0,,,,,,,,,,,,0.0,0.0,0.0,0.0,0.0,,,,0.0,0.0,0.0,0.0,0.0,,,,0.0,0.0,0.0,0.0,0.0,,,,0.0,0.0,0.0,0.0,0.0,,,,0.0,0.0,0.0,0.0,0.0,,,,1.0,1.0,1.0,1.0,1.0
16395,Biały Bór,53.89631,16.835105,1410,1650,124.914,0.081,1,,,,,,,,,,180.301,180.301,180.301,87.884,87.884,,,,0.0,0.0,0.0,0.0,0.0,,,,0.0,0.0,0.0,1.0,1.0,,,,0.0,0.0,0.0,0.0,0.0,,,,,,,,,,,,0.0,0.0,0.0,0.0,0.0,,,,0.0,0.0,0.0,0.0,0.0,,,,0.0,0.0,0.0,0.0,0.0,,,,0.0,0.0,0.0,0.0,0.0,,,,0.0,0.0,0.0,0.0,0.0,,,,2.0,2.0,2.0,2.0,2.0
16676,,53.895263,16.831763,1410,1650,125.045,0.124,1,,,,,,,,,,180.054,180.054,180.054,87.722,87.722,,,,0.0,0.0,0.0,0.0,0.0,,,,0.0,0.0,0.0,1.0,1.0,,,,0.0,0.0,0.0,0.0,0.0,,,,,,,,,,,,0.0,0.0,0.0,0.0,0.0,,,,0.0,0.0,0.0,0.0,0.0,,,,0.0,0.0,0.0,0.0,0.0,,,,0.0,0.0,0.0,0.0,0.0,,,,0.0,0.0,0.0,0.0,0.0,,,,2.0,2.0,2.0,2.0,2.0
16677,,53.895687,16.837342,1410,1650,124.753,0.081,1,,,,,,,,,,180.383,180.383,180.383,88.045,88.045,,,,0.0,0.0,0.0,0.0,0.0,,,,0.0,0.0,0.0,1.0,1.0,,,,0.0,0.0,0.0,0.0,0.0,,,,,,,,,,,,0.0,0.0,0.0,0.0,0.0,,,,0.0,0.0,0.0,0.0,0.0,,,,0.0,0.0,0.0,0.0,0.0,,,,0.0,0.0,0.0,0.0,0.0,,,,0.0,0.0,0.0,0.0,0.0,,,,2.0,2.0,2.0,2.0,2.0
16733,,51.95947,11.906894,1407,1650,0.449,0.858,1,,,,,,,,,,26.496,12.198,12.198,12.198,12.198,,,,8.0,12.0,16.0,26.0,33.0,,,,43.0,60.0,74.0,102.0,113.0,,,,0.0,0.0,0.0,0.0,0.0,,,,,,,,,,,,0.0,0.0,0.0,0.0,0.0,,,,0.0,0.0,0.0,0.0,0.0,,,,0.0,0.0,0.0,0.0,0.0,,,,1.0,1.0,1.0,1.0,1.0,,,,0.0,0.0,0.0,0.0,0.0,,,,2.0,2.0,2.0,2.0,2.0
16929,,50.662958,8.727854,1409,1650,61.653,0.047,1,,,,,,,,,,60.773,60.773,60.773,60.773,60.773,,,,0.0,0.0,0.0,0.0,0.0,,,,18.0,18.0,18.0,20.0,20.0,,,,0.0,0.0,0.0,0.0,0.0,,,,,,,,,,,,0.0,0.0,0.0,0.0,0.0,,,,0.0,0.0,0.0,0.0,0.0,,,,0.0,0.0,0.0,0.0,0.0,,,,0.0,0.0,0.0,0.0,0.0,,,,0.0,0.0,0.0,0.0,0.0,,,,2.0,2.0,2.0,2.0,2.0
17182,veer Kortgene,51.550465,3.811277,1421,1532,11.568,4.265,0,,,,,,,,,,7.475,7.475,,,,,,,5.0,7.0,,,,,,,19.0,21.0,,,,,,,0.0,0.0,,,,,,,,,,,,,,,0.0,0.0,,,,,,,0.0,0.0,,,,,,,0.0,0.0,,,,,,,1.0,1.0,,,,,,,0.0,0.0,,,,,,,2.0,2.0,,,
17377,,51.525677,12.158185,1442,1650,24.477,0.069,1,,,,,,,,,,12.058,12.058,12.058,12.058,5.183,,,,15.0,21.0,24.0,30.0,33.0,,,,45.0,61.0,76.0,94.0,106.0,,,,0.0,0.0,0.0,0.0,0.0,,,,,,,,,,,,0.0,0.0,0.0,0.0,0.0,,,,0.0,0.0,0.0,0.0,0.0,,,,0.0,0.0,0.0,0.0,0.0,,,,0.0,0.0,0.0,0.0,0.0,,,,0.0,0.0,0.0,0.0,0.0,,,,2.0,2.0,2.0,2.0,2.0
17724,Schkölen,51.042298,11.821198,1425,1650,46.821,3.629,0,,,,,,,,,,7.823,7.823,7.823,7.823,7.823,,,,17.0,25.0,27.0,30.0,31.0,,,,43.0,56.0,70.0,80.0,84.0,,,,0.0,0.0,0.0,0.0,0.0,,,,,,,,,,,,0.0,0.0,0.0,0.0,0.0,,,,0.0,0.0,0.0,0.0,0.0,,,,0.0,0.0,0.0,0.0,0.0,,,,0.0,0.0,0.0,0.0,0.0,,,,0.0,0.0,0.0,0.0,0.0,,,,2.0,2.0,2.0,2.0,2.0
17990,,52.610954,6.67443,1442,1650,3.046,0.06,1,,,,,,,,,,5.538,5.538,5.538,5.538,5.538,,,,27.0,32.0,36.0,37.0,34.0,,,,87.0,101.0,114.0,118.0,115.0,,,,0.0,0.0,0.0,0.0,0.0,,,,,,,,,,,,0.0,0.0,0.0,0.0,0.0,,,,0.0,0.0,0.0,0.0,0.0,,,,0.0,0.0,0.0,0.0,0.0,,,,0.0,0.0,0.0,0.0,0.0,,,,0.0,0.0,0.0,0.0,0.0,,,,2.0,2.0,2.0,2.0,2.0
17995,Bad Schandau,50.917611,14.153051,1445,1650,7.925,0.094,1,,,,,,,,,,66.669,54.979,54.979,54.979,54.979,,,,0.0,0.0,0.0,0.0,0.0,,,,1.0,1.0,2.0,2.0,4.0,,,,0.0,0.0,0.0,0.0,0.0,,,,,,,,,,,,0.0,0.0,0.0,0.0,0.0,,,,0.0,0.0,0.0,0.0,0.0,,,,0.0,0.0,0.0,0.0,0.0,,,,0.0,0.0,0.0,0.0,0.0,,,,0.0,0.0,0.0,0.0,0.0,,,,2.0,2.0,2.0,2.0,2.0
17996,,50.917418,14.150401,1445,1650,7.756,0.094,1,,,,,,,,,,66.516,54.829,54.829,54.829,54.829,,,,0.0,0.0,0.0,0.0,0.0,,,,1.0,1.0,2.0,2.0,4.0,,,,0.0,0.0,0.0,0.0,0.0,,,,,,,,,,,,0.0,0.0,0.0,1.0,1.0,,,,0.0,0.0,0.0,0.0,0.0,,,,0.0,0.0,0.0,0.0,0.0,,,,0.0,1.0,1.0,1.0,1.0,,,,1.0,1.0,1.0,1.0,1.0,,,,2.0,2.0,2.0,2.0,2.0
1585,Drolshagen,51.023816,7.776677,1477,1650,51.89,1.007,1,,,,,,,,,,,47.179,47.179,47.179,47.179,,,,,3.0,3.0,4.0,4.0,,,,,28.0,29.0,32.0,32.0,,,,,0.0,0.0,0.0,0.0,,,,,,,,,,,,,0.0,0.0,0.0,0.0,,,,,0.0,0.0,0.0,0.0,,,,,0.0,0.0,0.0,0.0,,,,,0.0,0.0,0.0,0.0,,,,,0.0,0.0,0.0,0.0,,,,,2.0,2.0,2.0,2.0
4899,Meschede,51.346126,8.283285,1457,1650,54.263,2.245,1,,,,,,,,,,,28.014,28.014,28.014,28.014,,,,,4.0,5.0,7.0,7.0,,,,,50.0,52.0,65.0,66.0,,,,,0.0,0.0,0.0,0.0,,,,,,,,,,,,,0.0,0.0,0.0,0.0,,,,,0.0,0.0,0.0,0.0,,,,,0.0,0.0,0.0,0.0,,,,,0.0,0.0,0.0,0.0,,,,,0.0,0.0,0.0,0.0,,,,,2.0,2.0,2.0,2.0
11716,Hasle,55.184543,14.705662,1500,1650,146.748,0.084,1,,,,,,,,,,,62.318,62.318,111.47,111.47,,,,,0.0,0.0,0.0,0.0,,,,,1.0,1.0,0.0,0.0,,,,,0.0,0.0,0.0,0.0,,,,,,,,,,,,,0.0,0.0,0.0,0.0,,,,,0.0,0.0,0.0,0.0,,,,,0.0,0.0,0.0,0.0,,,,,0.0,0.0,0.0,0.0,,,,,0.0,0.0,0.0,0.0,,,,,2.0,2.0,2.0,2.0
11843,,50.937765,6.956243,1475,1650,10.809,0.053,1,,,,,,,,,,,23.589,23.589,23.589,23.589,,,,,14.0,14.0,15.0,15.0,,,,,46.0,47.0,48.0,48.0,,,,,0.0,0.0,0.0,0.0,,,,,,,,,,,,,0.0,0.0,0.0,0.0,,,,,1.0,1.0,1.0,1.0,,,,,0.0,0.0,0.0,0.0,,,,,0.0,0.0,0.0,0.0,,,,,0.0,0.0,0.0,0.0,,,,,3.0,3.0,3.0,3.0
11218,,50.936771,6.963378,1475,1650,10.756,0.094,1,,,,,,,,,,,23.142,23.142,23.142,23.142,,,,,14.0,14.0,15.0,15.0,,,,,46.0,47.0,48.0,48.0,,,,,0.0,0.0,0.0,0.0,,,,,,,,,,,,,0.0,0.0,0.0,0.0,,,,,1.0,1.0,1.0,1.0,,,,,0.0,0.0,0.0,0.0,,,,,1.0,1.0,1.0,1.0,,,,,1.0,1.0,1.0,1.0,,,,,3.0,3.0,3.0,3.0
11483,,53.46299,12.025914,1456,1650,31.439,0.107,1,,,,,,,,,,,44.379,44.379,12.379,12.379,,,,,2.0,2.0,5.0,5.0,,,,,13.0,15.0,29.0,31.0,,,,,0.0,0.0,0.0,0.0,,,,,,,,,,,,,0.0,0.0,0.0,0.0,,,,,0.0,0.0,0.0,0.0,,,,,0.0,0.0,0.0,0.0,,,,,0.0,0.0,0.0,0.0,,,,,0.0,0.0,0.0,0.0,,,,,2.0,2.0,2.0,2.0
11898,Heenvliet,51.86349,4.244896,1469,1650,8.413,0.796,1,,,,,,,,,,,24.289,24.289,24.289,24.289,,,,,12.0,13.0,13.0,13.0,,,,,39.0,41.0,41.0,40.0,,,,,0.0,0.0,0.0,0.0,,,,,,,,,,,,,0.0,0.0,0.0,0.0,,,,,0.0,0.0,0.0,0.0,,,,,0.0,0.0,0.0,0.0,,,,,1.0,1.0,1.0,1.0,,,,,1.0,1.0,1.0,1.0,,,,,2.0,2.0,2.0,2.0
11838,,50.93682,6.956284,1475,1650,10.909,0.053,1,,,,,,,,,,,23.517,23.517,23.517,23.517,,,,,14.0,14.0,15.0,15.0,,,,,46.0,47.0,48.0,48.0,,,,,0.0,0.0,0.0,0.0,,,,,,,,,,,,,0.0,0.0,0.0,0.0,,,,,1.0,1.0,1.0,1.0,,,,,0.0,0.0,0.0,0.0,,,,,0.0,0.0,0.0,0.0,,,,,0.0,0.0,0.0,0.0,,,,,3.0,3.0,3.0,3.0
11840,,50.941721,6.956296,1475,1650,10.394,0.142,1,,,,,,,,,,,23.879,23.879,23.879,23.879,,,,,14.0,14.0,15.0,15.0,,,,,46.0,47.0,48.0,48.0,,,,,0.0,0.0,0.0,0.0,,,,,,,,,,,,,0.0,0.0,0.0,0.0,,,,,1.0,1.0,1.0,1.0,,,,,0.0,0.0,0.0,0.0,,,,,0.0,0.0,0.0,0.0,,,,,0.0,0.0,0.0,0.0,,,,,3.0,3.0,3.0,3.0
11841,,50.93746,6.960287,1475,1650,10.917,0.049,1,,,,,,,,,,,23.355,23.355,23.355,23.355,,,,,14.0,14.0,15.0,15.0,,,,,46.0,47.0,48.0,48.0,,,,,0.0,0.0,0.0,0.0,,,,,,,,,,,,,0.0,0.0,0.0,0.0,,,,,1.0,1.0,1.0,1.0,,,,,0.0,0.0,0.0,0.0,,,,,0.0,0.0,0.0,0.0,,,,,0.0,0.0,0.0,0.0,,,,,3.0,3.0,3.0,3.0
11842,,50.939174,6.956318,1475,1650,10.662,0.078,1,,,,,,,,,,,23.689,23.689,23.689,23.689,,,,,14.0,14.0,15.0,15.0,,,,,46.0,47.0,48.0,48.0,,,,,0.0,0.0,0.0,0.0,,,,,,,,,,,,,0.0,0.0,0.0,0.0,,,,,1.0,1.0,1.0,1.0,,,,,0.0,0.0,0.0,0.0,,,,,0.0,0.0,0.0,0.0,,,,,0.0,0.0,0.0,0.0,,,,,3.0,3.0,3.0,3.0
15811,,57.33530835817416,10.52066891646814,1460,1650,86.738,0.216,1,,,,,,,,,,,35.087,35.087,35.087,0.433,,,,,4.0,4.0,5.0,7.0,,,,,4.0,4.0,7.0,12.0,,,,,0.0,0.0,0.0,0.0,,,,,,,,,,,,,0.0,0.0,0.0,0.0,,,,,0.0,0.0,0.0,0.0,,,,,0.0,0.0,0.0,0.0,,,,,0.0,0.0,0.0,0.0,,,,,0.0,0.0,0.0,0.0,,,,,2.0,2.0,2.0,2.0
148,Alsleben (Saale),51.704118,11.677092,1479,1650,0.252,0.178,1,,,,,,,,,,,7.508,7.508,7.508,7.508,,,,,20.0,27.0,36.0,43.0,,,,,76.0,90.0,113.0,127.0,,,,,0.0,0.0,0.0,0.0,,,,,,,,,,,,,0.0,0.0,0.0,0.0,,,,,0.0,0.0,0.0,0.0,,,,,0.0,0.0,0.0,0.0,,,,,0.0,0.0,0.0,0.0,,,,,0.0,0.0,0.0,0.0,,,,,2.0,2.0,2.0,2.0
1175,Castrop,51.548248,7.310311,1470,1650,14.336,3.082,1,,,,,,,,,,,11.459,11.459,11.459,11.459,,,,,15.0,15.0,16.0,16.0,,,,,72.0,75.0,83.0,84.0,,,,,0.0,0.0,0.0,0.0,,,,,,,,,,,,,0.0,0.0,0.0,0.0,,,,,0.0,0.0,0.0,0.0,,,,,0.0,0.0,0.0,0.0,,,,,0.0,0.0,0.0,0.0,,,,,0.0,0.0,0.0,0.0,,,,,2.0,2.0,2.0,2.0
720,Bledzew,52.517464,15.414854,1458,1650,16.939,2.928,1,,,,,,,,,,,73.682,73.682,73.682,73.682,,,,,0.0,0.0,0.0,0.0,,,,,2.0,4.0,4.0,4.0,,,,,0.0,0.0,0.0,0.0,,,,,,,,,,,,,1.0,1.0,1.0,1.0,,,,,0.0,0.0,0.0,0.0,,,,,0.0,0.0,0.0,0.0,,,,,0.0,0.0,0.0,0.0,,,,,0.0,0.0,0.0,0.0,,,,,1.0,1.0,1.0,1.0
1020,Bronkhorst,52.07604,6.179264,1482,1650,0.631,0.426,1,,,,,,,,,,,7.356,7.356,7.356,7.356,,,,,45.0,47.0,48.0,45.0,,,,,122.0,129.0,134.0,130.0,,,,,0.0,0.0,0.0,0.0,,,,,,,,,,,,,0.0,0.0,0.0,0.0,,,,,0.0,0.0,0.0,0.0,,,,,0.0,0.0,0.0,0.0,,,,,0.0,0.0,0.0,0.0,,,,,0.0,0.0,0.0,0.0,,,,,2.0,2.0,2.0,2.0
1511,Dommitzsch,51.639671,12.883601,1465,1650,2.121,0.657,1,,,,,,,,,,,40.257,12.303,12.303,12.303,,,,,8.0,11.0,12.0,17.0,,,,,34.0,44.0,58.0,65.0,,,,,0.0,0.0,0.0,0.0,,,,,,,,,,,,,0.0,1.0,1.0,1.0,,,,,0.0,0.0,0.0,0.0,,,,,0.0,0.0,0.0,0.0,,,,,0.0,0.0,0.0,0.0,,,,,0.0,0.0,0.0,0.0,,,,,2.0,2.0,2.0,2.0
19491,,55.136544,15.144278,1500,1650,160.531,0.056,1,,,,,,,,,,,89.965,89.965,110.382,110.382,,,,,0.0,0.0,0.0,0.0,,,,,1.0,1.0,0.0,0.0,,,,,0.0,0.0,0.0,0.0,,,,,,,,,,,,,0.0,0.0,0.0,0.0,,,,,0.0,0.0,0.0,0.0,,,,,0.0,0.0,0.0,0.0,,,,,0.0,0.0,0.0,0.0,,,,,1.0,1.0,1.0,1.0,,,,,2.0,2.0,2.0,2.0
19492,,55.185621,14.703806,1500,1650,146.778,0.084,1,,,,,,,,,,,62.159,62.159,111.307,111.307,,,,,0.0,0.0,0.0,0.0,,,,,1.0,1.0,0.0,0.0,,,,,0.0,0.0,0.0,0.0,,,,,,,,,,,,,0.0,0.0,0.0,0.0,,,,,0.0,0.0,0.0,0.0,,,,,0.0,0.0,0.0,0.0,,,,,0.0,0.0,0.0,0.0,,,,,1.0,1.0,1.0,1.0,,,,,2.0,2.0,2.0,2.0
3888,Köln,50.936623,6.960704,1475,1650,10.821,0.049,1,,,45000.0,42000.0,40000.0,40000.0,,,,,23.271,23.271,23.271,23.271,,,,,14.0,14.0,15.0,15.0,,,,,46.0,47.0,48.0,48.0,,,,,0.0,0.0,0.0,0.0,,,,,,,,,,,,,1.0,1.0,1.0,1.0,,,,,1.0,1.0,1.0,1.0,,,,,0.0,0.0,0.0,0.0,,,,,0.0,0.0,0.0,0.0,,,,,0.0,0.0,0.0,0.0,,,,,3.0,3.0,3.0,3.0
4282,Lauenstein,50.783552,13.822766,1489,1650,23.486,2.388,0,,,,,,,,,,,48.883,48.883,48.883,48.883,,,,,1.0,1.0,1.0,1.0,,,,,3.0,4.0,4.0,7.0,,,,,0.0,0.0,0.0,0.0,,,,,,,,,,,,,0.0,0.0,0.0,0.0,,,,,0.0,0.0,0.0,0.0,,,,,0.0,0.0,0.0,0.0,,,,,0.0,0.0,0.0,0.0,,,,,0.0,0.0,0.0,0.0,,,,,1.0,1.0,1.0,1.0
4621,Lübz,53.461413,12.029555,1456,1650,31.675,0.149,1,,,,,,,,,,,44.671,44.671,12.556,12.556,,,,,2.0,2.0,5.0,5.0,,,,,13.0,15.0,29.0,31.0,,,,,0.0,0.0,0.0,0.0,,,,,,,,,,,,,0.0,0.0,0.0,0.0,,,,,0.0,0.0,0.0,0.0,,,,,0.0,0.0,0.0,0.0,,,,,0.0,0.0,0.0,0.0,,,,,0.0,0.0,0.0,0.0,,,,,2.0,2.0,2.0,2.0
7015,Schwelm,51.283264,7.292642,1496,1501,28.171,0.476,1,,,,,,,,,,,27.401,,,,,,,,15.0,,,,,,,,57.0,,,,,,,,0.0,,,,,,,,,,,,,,,,0.0,,,,,,,,0.0,,,,,,,,0.0,,,,,,,,0.0,,,,,,,,0.0,,,,,,,,2.0,,,
5453,Norden,53.595914,7.205715,1498,1650,34.851,2.62,1,,,2000.0,2000.0,2000.0,2000.0,,,,,0.0,0.0,0.0,0.0,,,,,10.0,15.0,15.0,15.0,,,,,30.0,37.0,43.0,46.0,,,,,1.0,1.0,1.0,1.0,,,,,local,local,local,local,,,,,1.0,1.0,1.0,1.0,,,,,0.0,0.0,0.0,0.0,,,,,0.0,0.0,0.0,0.0,,,,,0.0,0.0,0.0,0.0,,,,,0.0,0.0,0.0,0.0,,,,,2.0,2.0,2.0,2.0
6510,Rauna,57.331979,25.609846,1471,1650,80.914,4.026,1,,,,,,,,,,,336.595,336.595,315.688,315.688,,,,,0.0,0.0,0.0,0.0,,,,,0.0,0.0,0.0,0.0,,,,,0.0,0.0,0.0,0.0,,,,,,,,,,,,,0.0,0.0,0.0,0.0,,,,,0.0,0.0,0.0,0.0,,,,,0.0,0.0,0.0,0.0,,,,,0.0,0.0,0.0,0.0,,,,,0.0,0.0,0.0,0.0,,,,,1.0,1.0,1.0,1.0
6710,Bad Salzuflen,52.083394,8.747815,1488,1650,15.705,0.942,1,,,,,,,,,,,0.0,0.0,0.0,0.0,,,,,21.0,21.0,28.0,31.0,,,,,84.0,88.0,108.0,112.0,,,,,1.0,1.0,1.0,1.0,,,,,local,local,local,local,,,,,0.0,0.0,0.0,0.0,,,,,0.0,0.0,0.0,0.0,,,,,0.0,0.0,0.0,0.0,,,,,0.0,0.0,0.0,0.0,,,,,0.0,0.0,0.0,0.0,,,,,2.0,2.0,2.0,2.0
6965,Schöppenstedt,52.144445,10.775093,1500,1650,6.045,0.201,1,,,,,,,,,,,12.243,12.243,12.243,12.243,,,,,19.0,19.0,31.0,36.0,,,,,91.0,100.0,133.0,152.0,,,,,0.0,0.0,0.0,0.0,,,,,,,,,,,,,1.0,1.0,1.0,1.0,,,,,0.0,0.0,0.0,0.0,,,,,0.0,0.0,0.0,0.0,,,,,0.0,0.0,0.0,0.0,,,,,0.0,0.0,0.0,0.0,,,,,2.0,2.0,2.0,2.0
12442,Tanna,50.493712,11.856683,1495,1650,94.081,0.77,1,,,,,,,,,,,28.961,9.91,9.91,9.91,,,,,4.0,9.0,10.0,10.0,,,,,37.0,48.0,51.0,53.0,,,,,0.0,0.0,0.0,0.0,,,,,,,,,,,,,0.0,0.0,0.0,0.0,,,,,0.0,0.0,0.0,0.0,,,,,0.0,0.0,0.0,0.0,,,,,0.0,0.0,0.0,0.0,,,,,0.0,0.0,0.0,0.0,,,,,2.0,2.0,2.0,2.0
8830,Zörbig,51.628114,12.118986,1470,1650,20.955,1.745,1,,,,,,,,,,,18.758,18.758,14.956,10.121,,,,,17.0,20.0,26.0,29.0,,,,,65.0,80.0,98.0,111.0,,,,,0.0,0.0,0.0,0.0,,,,,,,,,,,,,0.0,0.0,0.0,0.0,,,,,0.0,0.0,0.0,0.0,,,,,0.0,0.0,0.0,0.0,,,,,0.0,0.0,0.0,0.0,,,,,0.0,0.0,0.0,0.0,,,,,2.0,2.0,2.0,2.0
9011,,52.14414,10.769224,1500,1650,5.652,0.201,1,,,,,,,,,,,12.377,12.377,12.377,12.377,,,,,19.0,19.0,31.0,36.0,,,,,91.0,100.0,133.0,152.0,,,,,0.0,0.0,0.0,0.0,,,,,,,,,,,,,0.0,0.0,0.0,0.0,,,,,0.0,0.0,0.0,0.0,,,,,0.0,0.0,0.0,0.0,,,,,0.0,0.0,0.0,0.0,,,,,0.0,0.0,1.0,0.0,,,,,2.0,2.0,2.0,2.0
9665,Gammel Rye,56.07914,9.701428,1492,1650,103.2,1.274,1,,,,,,,,,,,32.667,32.667,32.667,32.667,,,,,8.0,8.0,8.0,8.0,,,,,16.0,16.0,20.0,28.0,,,,,0.0,0.0,0.0,0.0,,,,,,,,,,,,,0.0,0.0,0.0,0.0,,,,,0.0,0.0,0.0,0.0,,,,,0.0,0.0,0.0,0.0,,,,,0.0,0.0,0.0,0.0,,,,,0.0,0.0,0.0,0.0,,,,,2.0,2.0,2.0,2.0
14749,,51.699457,11.679943,1479,1650,0.499,0.149,1,,,,,,,,,,,7.084,7.084,7.084,7.084,,,,,20.0,27.0,36.0,43.0,,,,,76.0,90.0,113.0,127.0,,,,,0.0,0.0,0.0,0.0,,,,,,,,,,,,,0.0,0.0,0.0,0.0,,,,,0.0,0.0,0.0,0.0,,,,,0.0,0.0,0.0,0.0,,,,,0.0,0.0,0.0,0.0,,,,,0.0,0.0,0.0,0.0,,,,,2.0,2.0,2.0,2.0
14533,Båstad,56.426803,12.848591,1472,1650,228.059,19.186,0,,,,,,,,,,,66.426,45.92,45.92,45.92,,,,,0.0,1.0,1.0,1.0,,,,,7.0,9.0,8.0,8.0,,,,,0.0,0.0,0.0,0.0,,,,,,,,,,,,,0.0,0.0,0.0,0.0,,,,,0.0,0.0,0.0,0.0,,,,,0.0,0.0,0.0,0.0,,,,,0.0,0.0,0.0,0.0,,,,,0.0,0.0,0.0,0.0,,,,,0.0,0.0,0.0,0.0
10639,,50.934108,6.956262,1475,1650,10.71,0.151,1,,,,,,,,,,,23.321,23.321,23.321,23.321,,,,,14.0,14.0,15.0,15.0,,,,,46.0,47.0,48.0,48.0,,,,,0.0,0.0,0.0,0.0,,,,,,,,,,,,,0.0,0.0,0.0,0.0,,,,,1.0,1.0,1.0,1.0,,,,,0.0,0.0,0.0,0.0,,,,,0.0,0.0,0.0,0.0,,,,,0.0,0.0,0.0,0.0,,,,,3.0,3.0,3.0,3.0
10696,,50.935183,6.94315,1475,1650,10.833,0.469,1,,,,,,,,,,,24.101,24.101,24.101,24.101,,,,,14.0,14.0,15.0,15.0,,,,,46.0,47.0,48.0,48.0,,,,,0.0,0.0,0.0,0.0,,,,,,,,,,,,,0.0,0.0,0.0,0.0,,,,,1.0,1.0,1.0,1.0,,,,,0.0,0.0,0.0,0.0,,,,,0.0,0.0,0.0,0.0,,,,,0.0,0.0,0.0,0.0,,,,,3.0,3.0,3.0,3.0
11717,Svaneke,55.137055,15.142754,1500,1650,160.503,0.056,1,,,,,,,,,,,89.854,89.854,110.462,110.462,,,,,0.0,0.0,0.0,0.0,,,,,1.0,1.0,0.0,0.0,,,,,0.0,0.0,0.0,0.0,,,,,,,,,,,,,0.0,0.0,0.0,0.0,,,,,0.0,0.0,0.0,0.0,,,,,0.0,0.0,0.0,0.0,,,,,0.0,0.0,0.0,0.0,,,,,0.0,0.0,0.0,0.0,,,,,2.0,2.0,2.0,2.0
11914,Sint Maartensdijk,51.548706,4.078338,1485,1650,14.896,0.047,1,,,,,,,,,,,13.905,13.905,13.905,13.905,,,,,13.0,13.0,13.0,13.0,,,,,32.0,34.0,34.0,33.0,,,,,0.0,0.0,0.0,0.0,,,,,,,,,,,,,0.0,0.0,0.0,0.0,,,,,0.0,0.0,0.0,0.0,,,,,0.0,0.0,0.0,0.0,,,,,0.0,0.0,0.0,0.0,,,,,0.0,0.0,0.0,0.0,,,,,2.0,2.0,2.0,2.0
9540,Sæby,57.333464,10.52702,1460,1650,86.984,0.123,1,,,,,,,,,,,35.519,35.519,35.519,0.0,,,,,4.0,4.0,5.0,7.0,,,,,4.0,4.0,7.0,12.0,,,,,0.0,0.0,0.0,1.0,,,,,,,,local,,,,,0.0,0.0,0.0,0.0,,,,,0.0,0.0,0.0,0.0,,,,,0.0,0.0,0.0,0.0,,,,,0.0,0.0,0.0,0.0,,,,,0.0,0.0,0.0,0.0,,,,,2.0,2.0,2.0,2.0
14272,Kirchhain (Doberlug),51.637391,13.56244,1473,1650,33.556,0.206,1,,,,,,,,,,,53.125,34.809,34.809,16.87,,,,,0.0,3.0,3.0,5.0,,,,,12.0,16.0,19.0,25.0,,,,,0.0,0.0,0.0,0.0,,,,,,,,,,,,,0.0,0.0,0.0,0.0,,,,,0.0,0.0,0.0,0.0,,,,,0.0,0.0,0.0,0.0,,,,,0.0,0.0,0.0,0.0,,,,,0.0,0.0,0.0,0.0,,,,,2.0,2.0,2.0,2.0
8774,Zevenaar,51.928101,6.07639,1487,1650,4.423,1.604,1,,,,,,,,,,,10.442,10.442,10.442,10.442,,,,,41.0,42.0,42.0,42.0,,,,,127.0,135.0,137.0,133.0,,,,,0.0,0.0,0.0,0.0,,,,,,,,,,,,,1.0,1.0,1.0,1.0,,,,,1.0,1.0,1.0,1.0,,,,,0.0,0.0,0.0,0.0,,,,,0.0,0.0,0.0,0.0,,,,,0.0,0.0,0.0,0.0,,,,,3.0,3.0,3.0,3.0
1668,Echt,51.106316,5.867102,1494,1650,3.346,0.178,1,,,,,,,,,,,7.745,7.745,7.745,7.745,,,,,20.0,21.0,21.0,21.0,,,,,69.0,70.0,70.0,70.0,,,,,0.0,0.0,0.0,0.0,,,,,,,,,,,,,0.0,0.0,0.0,0.0,,,,,0.0,0.0,0.0,0.0,,,,,0.0,0.0,0.0,0.0,,,,,0.0,0.0,0.0,0.0,,,,,0.0,0.0,0.0,0.0,,,,,2.0,2.0,2.0,2.0
19422,,57.333138,10.531072,1460,1650,87.185,0.123,1,,,,,,,,,,,35.756,35.756,35.756,0.246,,,,,4.0,4.0,5.0,7.0,,,,,4.0,4.0,7.0,12.0,,,,,0.0,0.0,0.0,0.0,,,,,,,,,,,,,0.0,0.0,0.0,0.0,,,,,0.0,0.0,0.0,0.0,,,,,0.0,0.0,0.0,0.0,,,,,0.0,0.0,0.0,0.0,,,,,1.0,1.0,1.0,1.0,,,,,2.0,2.0,2.0,2.0
12519,Teuchern,51.11939,12.02165,1480,1650,30.414,4.72,0,,,,,,,,,,,9.706,9.706,9.706,9.706,,,,,28.0,30.0,32.0,33.0,,,,,56.0,70.0,79.0,84.0,,,,,0.0,0.0,0.0,0.0,,,,,,,,,,,,,0.0,0.0,0.0,0.0,,,,,0.0,0.0,0.0,0.0,,,,,0.0,0.0,0.0,0.0,,,,,0.0,0.0,0.0,0.0,,,,,0.0,0.0,0.0,0.0,,,,,2.0,2.0,2.0,2.0
13725,,54.154263,12.569128,1459,1650,32.695,0.128,1,,,,,,,,,,,28.909,28.909,15.526,15.526,,,,,1.0,2.0,4.0,4.0,,,,,6.0,9.0,18.0,19.0,,,,,0.0,0.0,0.0,0.0,,,,,,,,,,,,,0.0,0.0,0.0,0.0,,,,,0.0,0.0,0.0,0.0,,,,,0.0,0.0,0.0,0.0,,,,,0.0,0.0,0.0,0.0,,,,,0.0,0.0,0.0,0.0,,,,,2.0,2.0,2.0,2.0
13720,Marlow,54.154408,12.573064,1459,1650,32.928,0.128,1,,,,,,,,,,,29.161,29.161,15.651,15.651,,,,,1.0,2.0,4.0,4.0,,,,,6.0,9.0,18.0,19.0,,,,,0.0,0.0,0.0,0.0,,,,,,,,,,,,,1.0,1.0,1.0,1.0,,,,,0.0,0.0,0.0,0.0,,,,,0.0,0.0,0.0,0.0,,,,,0.0,0.0,0.0,0.0,,,,,0.0,0.0,0.0,0.0,,,,,2.0,2.0,2.0,2.0
13812,Trzciel,52.369504,15.881681,1458,1650,44.109,7.763,1,,,,,,,,,,,108.468,108.468,108.468,108.468,,,,,0.0,0.0,0.0,0.0,,,,,0.0,0.0,0.0,0.0,,,,,0.0,0.0,0.0,0.0,,,,,,,,,,,,,0.0,0.0,0.0,0.0,,,,,0.0,0.0,0.0,0.0,,,,,0.0,0.0,0.0,0.0,,,,,0.0,0.0,0.0,0.0,,,,,0.0,0.0,0.0,0.0,,,,,1.0,1.0,1.0,1.0
13833,,51.547866,4.078573,1485,1650,14.977,0.047,1,,,,,,,,,,,13.887,13.887,13.887,13.887,,,,,13.0,13.0,13.0,13.0,,,,,32.0,34.0,34.0,33.0,,,,,0.0,0.0,0.0,0.0,,,,,,,,,,,,,0.0,0.0,0.0,0.0,,,,,0.0,0.0,0.0,0.0,,,,,0.0,0.0,0.0,0.0,,,,,1.0,1.0,1.0,1.0,,,,,1.0,1.0,1.0,1.0,,,,,2.0,2.0,2.0,2.0
14275,,51.641063,13.563262,1473,1650,33.845,0.206,1,,,,,,,,,,,53.537,35.06,35.06,17.154,,,,,0.0,3.0,3.0,5.0,,,,,12.0,16.0,19.0,25.0,,,,,0.0,0.0,0.0,0.0,,,,,,,,,,,,,0.0,0.0,0.0,0.0,,,,,0.0,0.0,0.0,0.0,,,,,0.0,0.0,0.0,0.0,,,,,0.0,0.0,0.0,0.0,,,,,0.0,0.0,0.0,0.0,,,,,2.0,2.0,2.0,2.0
14278,,51.633791,13.560183,1473,1650,33.194,0.215,1,,,,,,,,,,,52.709,34.478,34.478,16.513,,,,,0.0,3.0,3.0,5.0,,,,,12.0,16.0,19.0,25.0,,,,,0.0,0.0,0.0,0.0,,,,,,,,,,,,,0.0,0.0,0.0,0.0,,,,,0.0,0.0,0.0,0.0,,,,,0.0,0.0,0.0,0.0,,,,,0.0,0.0,0.0,0.0,,,,,0.0,0.0,0.0,0.0,,,,,2.0,2.0,2.0,2.0
14529,Gottskär,57.38918,12.019,1481,1539,173.331,89.335,0,,,,,,,,,,,122.097,,,,,,,,0.0,,,,,,,,0.0,,,,,,,,0.0,,,,,,,,,,,,,,,,0.0,,,,,,,,0.0,,,,,,,,0.0,,,,,,,,0.0,,,,,,,,0.0,,,,,,,,0.0,,,
14747,,51.702117,11.68226,1479,1650,0.226,0.042,1,,,,,,,,,,,7.088,7.088,7.088,7.088,,,,,20.0,27.0,36.0,43.0,,,,,76.0,90.0,113.0,127.0,,,,,0.0,0.0,0.0,0.0,,,,,,,,,,,,,0.0,0.0,0.0,0.0,,,,,0.0,0.0,0.0,0.0,,,,,0.0,0.0,0.0,0.0,,,,,1.0,1.0,1.0,1.0,,,,,0.0,0.0,0.0,0.0,,,,,2.0,2.0,2.0,2.0
14748,,51.702057,11.681048,1479,1650,0.208,0.042,1,,,,,,,,,,,7.157,7.157,7.157,7.157,,,,,20.0,27.0,36.0,43.0,,,,,76.0,90.0,113.0,127.0,,,,,0.0,0.0,0.0,0.0,,,,,,,,,,,,,0.0,0.0,0.0,0.0,,,,,0.0,0.0,0.0,0.0,,,,,0.0,0.0,0.0,0.0,,,,,0.0,0.0,0.0,0.0,,,,,1.0,1.0,1.0,1.0,,,,,2.0,2.0,2.0,2.0
15434,Luntertun,56.266725351061,12.852281812039,1481,1516,234.078,1.46,0,,,,,,,,,,,53.371,,,,,,,,0.0,,,,,,,,9.0,,,,,,,,0.0,,,,,,,,,,,,,,,,0.0,,,,,,,,0.0,,,,,,,,0.0,,,,,,,,0.0,,,,,,,,1.0,,,,,,,,1.0,,,
16392,Węgorzyno,53.537425,15.557628,1460,1650,70.254,0.187,1,,,,,,,,,,,89.733,89.733,48.266,48.266,,,,,0.0,0.0,1.0,1.0,,,,,2.0,4.0,6.0,6.0,,,,,0.0,0.0,0.0,0.0,,,,,,,,,,,,,0.0,0.0,0.0,0.0,,,,,0.0,0.0,0.0,0.0,,,,,0.0,0.0,0.0,0.0,,,,,0.0,0.0,0.0,0.0,,,,,0.0,0.0,0.0,0.0,,,,,2.0,2.0,2.0,2.0
16688,,53.540635,15.559355,1460,1650,70.476,0.187,1,,,,,,,,,,,90.066,90.066,48.358,48.358,,,,,0.0,0.0,1.0,1.0,,,,,2.0,4.0,6.0,6.0,,,,,0.0,0.0,0.0,0.0,,,,,,,,,,,,,0.0,0.0,0.0,0.0,,,,,0.0,0.0,0.0,0.0,,,,,0.0,0.0,0.0,0.0,,,,,0.0,0.0,0.0,0.0,,,,,0.0,0.0,0.0,0.0,,,,,2.0,2.0,2.0,2.0
18124,Helsinki Vanhakaupunki,60.214204,24.979841,1550,1640,200.074,0.163,1,,,,1000.0,1000.0,,,,,,,50.616,0.0,,,,,,,0.0,5.0,,,,,,,1.0,11.0,,,,,,,0.0,1.0,,,,,,,,local,,,,,,,1.0,1.0,,,,,,,0.0,0.0,,,,,,,0.0,0.0,,,,,,,0.0,0.0,,,,,,,0.0,0.0,,,,,,,2.0,2.0,
8757,Zellerfeld,51.819369,10.33924,1532,1650,20.326,0.856,1,,,,,,,,,,,,11.423,11.423,0.0,,,,,,35.0,45.0,48.0,,,,,,107.0,132.0,149.0,,,,,,0.0,0.0,1.0,,,,,,,,local,,,,,,0.0,0.0,0.0,,,,,,0.0,0.0,0.0,,,,,,0.0,0.0,0.0,,,,,,0.0,0.0,0.0,,,,,,0.0,0.0,0.0,,,,,,2.0,2.0,2.0
19801,Vanhankaupunginkoski,60.217089,24.980938,1550,1640,200.178,0.163,1,,,,,,,,,,,,50.648,0.326,,,,,,,0.0,5.0,,,,,,,1.0,11.0,,,,,,,0.0,0.0,,,,,,,,,,,,,,,0.0,0.0,,,,,,,0.0,0.0,,,,,,,1.0,1.0,,,,,,,0.0,0.0,,,,,,,0.0,0.0,,,,,,,2.0,2.0,
351,Aurich,53.469328,7.482427,1539,1650,27.884,0.145,1,,,,,,,,,,,,0.0,0.0,0.0,,,,,,15.0,19.0,19.0,,,,,,47.0,54.0,64.0,,,,,,1.0,1.0,1.0,,,,,,regional,regional,regional,,,,,,1.0,1.0,1.0,,,,,,0.0,0.0,0.0,,,,,,0.0,0.0,0.0,,,,,,0.0,0.0,0.0,,,,,,0.0,0.0,0.0,,,,,,3.0,3.0,3.0
2694,Güntersberge,51.643436,10.977902,1539,1650,48.014,0.132,1,,,,,,,,,,,,20.211,19.755,19.755,,,,,,29.0,36.0,42.0,,,,,,110.0,137.0,154.0,,,,,,0.0,0.0,0.0,,,,,,,,,,,,,,0.0,0.0,0.0,,,,,,0.0,0.0,0.0,,,,,,0.0,0.0,0.0,,,,,,0.0,0.0,0.0,,,,,,0.0,0.0,0.0,,,,,,2.0,2.0,2.0
3213,Stadt Hornburg,52.029779,10.605243,1525,1650,4.684,1.629,1,,,,,,,,,,,,18.321,0.0,0.0,,,,,,22.0,34.0,39.0,,,,,,99.0,132.0,146.0,,,,,,0.0,1.0,1.0,,,,,,,local,local,,,,,,0.0,0.0,0.0,,,,,,0.0,0.0,0.0,,,,,,0.0,0.0,0.0,,,,,,0.0,0.0,0.0,,,,,,0.0,0.0,0.0,,,,,,2.0,2.0,2.0
3497,Kallenhardt ,51.453243,8.424779,1543,1650,56.619,0.352,1,,,,,,,,,,,,25.383,25.383,25.383,,,,,,8.0,12.0,12.0,,,,,,60.0,75.0,76.0,,,,,,0.0,0.0,0.0,,,,,,,,,,,,,,0.0,0.0,0.0,,,,,,0.0,0.0,0.0,,,,,,0.0,0.0,0.0,,,,,,0.0,0.0,0.0,,,,,,0.0,0.0,0.0,,,,,,2.0,2.0,2.0
4333,Leimbach (Mansfeld),51.604535,11.465981,1530,1650,18.483,0.075,1,,,,,,,,,,,,10.144,1.631,1.631,,,,,,28.0,37.0,41.0,,,,,,90.0,113.0,127.0,,,,,,0.0,0.0,0.0,,,,,,,,,,,,,,0.0,0.0,0.0,,,,,,0.0,0.0,0.0,,,,,,0.0,0.0,0.0,,,,,,0.0,0.0,0.0,,,,,,0.0,0.0,0.0,,,,,,2.0,2.0,2.0
13520,,51.644676,10.98116,1539,1650,48.059,0.132,1,,,,,,,,,,,,20.46,19.514,19.514,,,,,,29.0,36.0,42.0,,,,,,110.0,137.0,154.0,,,,,,0.0,0.0,0.0,,,,,,,,,,,,,,0.0,0.0,0.0,,,,,,0.0,0.0,0.0,,,,,,0.0,0.0,0.0,,,,,,0.0,0.0,0.0,,,,,,0.0,0.0,0.0,,,,,,2.0,2.0,2.0
4753,Marienberg,50.651123,13.16372,1523,1650,59.631,1.101,1,,,,4000.0,5000.0,4000.0,,,,,,60.855,60.855,47.539,,,,,,0.0,0.0,1.0,,,,,,17.0,18.0,20.0,,,,,,0.0,0.0,0.0,,,,,,,,,,,,,,0.0,0.0,0.0,,,,,,0.0,0.0,0.0,,,,,,0.0,0.0,0.0,,,,,,0.0,0.0,0.0,,,,,,0.0,0.0,0.0,,,,,,2.0,2.0,2.0
12424,Großenehrich,51.249631,10.832557,1521,1650,50.781,1.37,1,,,,,,,,,,,,14.485,14.485,14.485,,,,,,27.0,29.0,31.0,,,,,,115.0,137.0,152.0,,,,,,0.0,0.0,0.0,,,,,,,,,,,,,,0.0,0.0,0.0,,,,,,0.0,0.0,0.0,,,,,,0.0,0.0,0.0,,,,,,0.0,0.0,0.0,,,,,,0.0,0.0,0.0,,,,,,2.0,2.0,2.0
5917,Brody,51.785753,14.774097,1550,1650,25.173,0.112,1,,,,,,,,,,,,113.778,113.778,100.779,,,,,,0.0,0.0,0.0,,,,,,0.0,0.0,0.0,,,,,,0.0,0.0,0.0,,,,,,,,,,,,,,1.0,1.0,1.0,,,,,,0.0,0.0,0.0,,,,,,0.0,0.0,0.0,,,,,,0.0,0.0,0.0,,,,,,0.0,0.0,0.0,,,,,,2.0,2.0,2.0
6613,Rūjiena,57.897034,25.325828,1516,1650,107.734,4.008,1,,,,,,,,,,,,271.527,250.646,250.646,,,,,,0.0,0.0,0.0,,,,,,0.0,0.0,0.0,,,,,,0.0,0.0,0.0,,,,,,,,,,,,,,0.0,0.0,0.0,,,,,,0.0,0.0,0.0,,,,,,0.0,0.0,0.0,,,,,,0.0,0.0,0.0,,,,,,0.0,0.0,0.0,,,,,,1.0,1.0,1.0
6699,Salacgrīva,57.755898,24.360204,1512,1650,84.874,5.982,1,,,,,,,,,,,,278.027,255.457,255.457,,,,,,0.0,0.0,0.0,,,,,,0.0,0.0,0.0,,,,,,0.0,0.0,0.0,,,,,,,,,,,,,,0.0,0.0,0.0,,,,,,0.0,0.0,0.0,,,,,,0.0,0.0,0.0,,,,,,0.0,0.0,0.0,,,,,,0.0,0.0,0.0,,,,,,1.0,1.0,1.0
6799,Schafstädt,51.381902,11.771222,1539,1650,23.69,0.237,1,,,,,,,,,,,,0.0,0.0,0.0,,,,,,32.0,39.0,41.0,,,,,,82.0,100.0,110.0,,,,,,1.0,1.0,1.0,,,,,,local,local,local,,,,,,0.0,1.0,1.0,,,,,,0.0,0.0,0.0,,,,,,0.0,0.0,0.0,,,,,,0.0,0.0,0.0,,,,,,0.0,0.0,0.0,,,,,,2.0,2.0,2.0
7060,Seesen,51.890461,10.173983,1532,1650,24.854,0.183,1,,,,,,,,,,,,17.579,17.579,8.241,,,,,,37.0,45.0,47.0,,,,,,108.0,135.0,148.0,,,,,,0.0,0.0,0.0,,,,,,,,,,,,,,1.0,1.0,1.0,,,,,,0.0,0.0,0.0,,,,,,0.0,0.0,0.0,,,,,,0.0,0.0,0.0,,,,,,0.0,0.0,0.0,,,,,,2.0,2.0,2.0
8008,Vetschau,51.783246,14.073513,1548,1650,52.192,1.315,1,,,,,,,,,,,,73.521,70.469,55.447,,,,,,0.0,0.0,0.0,,,,,,8.0,11.0,13.0,,,,,,0.0,0.0,0.0,,,,,,,,,,,,,,0.0,0.0,0.0,,,,,,0.0,0.0,0.0,,,,,,0.0,0.0,0.0,,,,,,0.0,0.0,0.0,,,,,,0.0,0.0,0.0,,,,,,2.0,2.0,2.0
8016,Vierraden,53.098056,14.297255,1515,1650,3.029,0.79,1,,,,,,,,,,,,25.487,25.487,25.487,,,,,,4.0,4.0,4.0,,,,,,7.0,8.0,9.0,,,,,,0.0,0.0,0.0,,,,,,,,,,,,,,1.0,1.0,1.0,,,,,,0.0,0.0,0.0,,,,,,0.0,0.0,0.0,,,,,,0.0,0.0,0.0,,,,,,0.0,0.0,0.0,,,,,,2.0,2.0,2.0
8467,Bad Wilsnack,52.95504,11.948232,1513,1650,6.146,0.115,1,,,,,,,,,,,,10.685,10.685,10.685,,,,,,3.0,6.0,8.0,,,,,,30.0,47.0,52.0,,,,,,0.0,0.0,0.0,,,,,,,,,,,,,,0.0,0.0,0.0,,,,,,0.0,0.0,0.0,,,,,,0.0,0.0,0.0,,,,,,0.0,0.0,0.0,,,,,,0.0,0.0,0.0,,,,,,2.0,2.0,2.0
12449,Cochstedt,51.881262,11.410375,1535,1650,24.242,0.04,1,,,,,,,,,,,,7.045,7.045,7.045,,,,,,23.0,34.0,38.0,,,,,,89.0,115.0,132.0,,,,,,0.0,0.0,0.0,,,,,,,,,,,,,,0.0,0.0,0.0,,,,,,0.0,0.0,0.0,,,,,,0.0,0.0,0.0,,,,,,0.0,0.0,0.0,,,,,,0.0,0.0,0.0,,,,,,2.0,2.0,2.0
9595,Esens,53.646706,7.611968,1537,1650,23.963,0.924,1,,,,,,,,,,,,0.0,0.0,0.0,,,,,,10.0,14.0,14.0,,,,,,40.0,48.0,53.0,,,,,,1.0,1.0,1.0,,,,,,local,local,local,,,,,,0.0,0.0,0.0,,,,,,0.0,0.0,0.0,,,,,,0.0,0.0,0.0,,,,,,0.0,0.0,0.0,,,,,,0.0,0.0,0.0,,,,,,2.0,2.0,2.0
12456,Gerbstedt,51.631685,11.627945,1520,1650,8.819,4.173,1,,,,,,,,,,,,10.732,10.732,10.732,,,,,,24.0,33.0,39.0,,,,,,85.0,108.0,122.0,,,,,,0.0,0.0,0.0,,,,,,,,,,,,,,1.0,1.0,1.0,,,,,,0.0,0.0,0.0,,,,,,0.0,0.0,0.0,,,,,,0.0,0.0,0.0,,,,,,0.0,0.0,0.0,,,,,,2.0,2.0,2.0
12458,Stadt Gernrode,51.724236,11.140928,1549,1650,37.259,1.161,1,,,,,,,,,,,,14.02,7.237,7.237,,,,,,26.0,32.0,36.0,,,,,,114.0,140.0,153.0,,,,,,0.0,0.0,0.0,,,,,,,,,,,,,,0.0,0.0,0.0,,,,,,0.0,0.0,0.0,,,,,,0.0,0.0,0.0,,,,,,0.0,0.0,0.0,,,,,,0.0,0.0,0.0,,,,,,2.0,2.0,2.0
10421,Bad Sachsa,51.594842,10.555312,1525,1650,41.433,1.964,1,,,,,,,,,,,,19.513,19.513,19.513,,,,,,32.0,38.0,44.0,,,,,,111.0,137.0,150.0,,,,,,0.0,0.0,0.0,,,,,,,,,,,,,,0.0,0.0,0.0,,,,,,0.0,0.0,0.0,,,,,,0.0,0.0,0.0,,,,,,0.0,0.0,0.0,,,,,,0.0,0.0,0.0,,,,,,2.0,2.0,2.0
12474,Heldrungen,51.301599,11.216977,1530,1650,52.91,1.487,1,,,,,,,,,,,,15.41,15.41,15.41,,,,,,37.0,40.0,40.0,,,,,,108.0,124.0,143.0,,,,,,0.0,0.0,0.0,,,,,,,,,,,,,,0.0,0.0,0.0,,,,,,0.0,0.0,0.0,,,,,,0.0,0.0,0.0,,,,,,0.0,0.0,0.0,,,,,,0.0,0.0,0.0,,,,,,2.0,2.0,2.0
10945,Bad Grund,51.81021,10.23694,1532,1650,25.807,1.8,0,,,,,,,,,,,,16.943,16.943,7.106,,,,,,36.0,46.0,49.0,,,,,,110.0,135.0,152.0,,,,,,0.0,0.0,0.0,,,,,,,,,,,,,,0.0,0.0,0.0,,,,,,0.0,0.0,0.0,,,,,,0.0,0.0,0.0,,,,,,0.0,0.0,0.0,,,,,,0.0,0.0,0.0,,,,,,2.0,2.0,2.0
10949,Wildemann,51.828111,10.282772,1534,1650,22.149,2.775,0,,,,,,,,,,,,13.249,13.249,4.001,,,,,,31.0,41.0,44.0,,,,,,111.0,136.0,153.0,,,,,,0.0,0.0,0.0,,,,,,,,,,,,,,0.0,0.0,0.0,,,,,,0.0,0.0,0.0,,,,,,0.0,0.0,0.0,,,,,,0.0,0.0,0.0,,,,,,0.0,0.0,0.0,,,,,,2.0,2.0,2.0
10950,Sankt Andreasberg,51.71028,10.518629,1537,1650,28.504,4.816,1,,,,,,,,,,,,22.607,22.607,17.307,,,,,,35.0,41.0,49.0,,,,,,113.0,140.0,154.0,,,,,,0.0,0.0,0.0,,,,,,,,,,,,,,0.0,0.0,0.0,,,,,,0.0,0.0,0.0,,,,,,0.0,0.0,0.0,,,,,,0.0,0.0,0.0,,,,,,0.0,0.0,0.0,,,,,,2.0,2.0,2.0
11939,Philippine,51.280209,3.759084,1505,1650,6.412,0.132,1,,,,,,,,,,,,10.528,10.528,10.528,,,,,,10.0,10.0,10.0,,,,,,17.0,17.0,17.0,,,,,,0.0,0.0,0.0,,,,,,,,,,,,,,0.0,0.0,0.0,,,,,,0.0,0.0,0.0,,,,,,0.0,0.0,0.0,,,,,,0.0,0.0,0.0,,,,,,0.0,0.0,0.0,,,,,,2.0,2.0,2.0
9792,Hoym,51.784568,11.312646,1543,1650,26.883,0.244,1,,,,,,,,,,,,6.264,6.264,6.264,,,,,,27.0,36.0,40.0,,,,,,108.0,136.0,153.0,,,,,,0.0,0.0,0.0,,,,,,,,,,,,,,0.0,0.0,0.0,,,,,,0.0,0.0,0.0,,,,,,0.0,0.0,0.0,,,,,,0.0,0.0,0.0,,,,,,0.0,0.0,0.0,,,,,,2.0,2.0,2.0
2170,Gernrode,51.394968,10.400534,1519,1650,30.715,0.458,1,,,,,,,,,,,,18.314,4.128,4.128,,,,,,33.0,36.0,41.0,,,,,,121.0,146.0,160.0,,,,,,0.0,0.0,0.0,,,,,,,,,,,,,,0.0,0.0,0.0,,,,,,0.0,0.0,0.0,,,,,,0.0,0.0,0.0,,,,,,0.0,0.0,0.0,,,,,,0.0,0.0,0.0,,,,,,2.0,2.0,2.0
7529,Suhl,50.610377,10.693252,1527,1650,74.158,1.193,1,,,,3000.0,4000.0,4000.0,,,,,,0.0,0.0,0.0,,,,,,25.0,31.0,32.0,,,,,,74.0,83.0,90.0,,,,,,1.0,1.0,1.0,,,,,,local,local,local,,,,,,1.0,1.0,1.0,,,,,,0.0,0.0,0.0,,,,,,0.0,0.0,0.0,,,,,,0.0,0.0,0.0,,,,,,0.0,0.0,0.0,,,,,,2.0,2.0,2.0
18123,Tammisaari,59.973553,23.433072,1546,1650,265.345,4.314,1,,,,,,,,,,,,46.76,25.21,25.21,,,,,,2.0,5.0,9.0,,,,,,5.0,11.0,18.0,,,,,,0.0,0.0,0.0,,,,,,,,,,,,,,0.0,0.0,1.0,,,,,,0.0,0.0,0.0,,,,,,0.0,0.0,0.0,,,,,,0.0,0.0,0.0,,,,,,0.0,0.0,0.0,,,,,,2.0,2.0,2.0
12512,Prettin,51.66051,12.92272,1523,1650,2.57,1.141,1,,,,,,,,,,,,12.691,12.691,12.691,,,,,,9.0,10.0,12.0,,,,,,44.0,56.0,63.0,,,,,,0.0,0.0,0.0,,,,,,,,,,,,,,0.0,0.0,0.0,,,,,,0.0,0.0,0.0,,,,,,0.0,0.0,0.0,,,,,,0.0,0.0,0.0,,,,,,0.0,0.0,0.0,,,,,,2.0,2.0,2.0
13861,,51.282249,3.761,1505,1650,6.557,0.132,1,,,,,,,,,,,,10.434,10.434,10.434,,,,,,10.0,10.0,10.0,,,,,,17.0,17.0,17.0,,,,,,0.0,0.0,0.0,,,,,,,,,,,,,,0.0,0.0,0.0,,,,,,0.0,0.0,0.0,,,,,,0.0,0.0,0.0,,,,,,0.0,0.0,0.0,,,,,,1.0,1.0,1.0,,,,,,2.0,2.0,2.0
13957,Lunden,54.332923,9.023563,1529,1559,5.222,3.019,1,,,,,,,,,,,,16.106,,,,,,,,5.0,,,,,,,,26.0,,,,,,,,0.0,,,,,,,,,,,,,,,,0.0,,,,,,,,0.0,,,,,,,,0.0,,,,,,,,0.0,,,,,,,,0.0,,,,,,,,2.0,,
17369,,51.88107,11.409237,1535,1650,24.306,0.04,1,,,,,,,,,,,,7.082,7.082,7.082,,,,,,23.0,34.0,38.0,,,,,,89.0,115.0,132.0,,,,,,0.0,0.0,0.0,,,,,,,,,,,,,,0.0,0.0,0.0,,,,,,0.0,0.0,0.0,,,,,,0.0,0.0,0.0,,,,,,0.0,0.0,0.0,,,,,,0.0,0.0,0.0,,,,,,2.0,2.0,2.0
17395,,51.645237,10.985405,1539,1650,48.208,0.15,1,,,,,,,,,,,,20.694,19.298,19.298,,,,,,29.0,36.0,42.0,,,,,,110.0,137.0,154.0,,,,,,0.0,0.0,0.0,,,,,,,,,,,,,,0.0,0.0,0.0,,,,,,0.0,0.0,0.0,,,,,,0.0,0.0,0.0,,,,,,0.0,0.0,0.0,,,,,,0.0,0.0,0.0,,,,,,2.0,2.0,2.0
17404,Ballenstedt,51.720768,11.240344,1543,1650,30.4,1.93,1,,,,,,,,,,,,7.251,7.251,7.251,,,,,,26.0,35.0,39.0,,,,,,109.0,136.0,149.0,,,,,,0.0,0.0,0.0,,,,,,,,,,,,,,0.0,0.0,0.0,,,,,,0.0,0.0,0.0,,,,,,0.0,0.0,0.0,,,,,,0.0,0.0,0.0,,,,,,0.0,0.0,0.0,,,,,,2.0,2.0,2.0
568,Berggießhübel,50.872748,13.944665,1554,1650,10.389,1.311,1,,,,,,,,,,,,,46.288,46.288,,,,,,,1.0,1.0,,,,,,,4.0,6.0,,,,,,,0.0,0.0,,,,,,,,,,,,,,,0.0,0.0,,,,,,,0.0,0.0,,,,,,,0.0,0.0,,,,,,,0.0,0.0,,,,,,,0.0,0.0,,,,,,,2.0,2.0
2265,Gołdap,54.30631,22.30362,1570,1650,62.3,34.379,0,,,,,,,,,,,,,437.218,437.218,,,,,,,0.0,0.0,,,,,,,0.0,0.0,,,,,,,0.0,0.0,,,,,,,,,,,,,,,0.0,0.0,,,,,,,0.0,0.0,,,,,,,0.0,0.0,,,,,,,0.0,0.0,,,,,,,0.0,0.0,,,,,,,0.0,0.0
7722,Sovetsk,55.082141,21.903648,1552,1650,4.848,0.052,1,,,,,3000.0,4000.0,,,,,,,419.399,419.399,,,,,,,0.0,0.0,,,,,,,0.0,0.0,,,,,,,0.0,0.0,,,,,,,,,,,,,,,0.0,0.0,,,,,,,1.0,1.0,,,,,,,0.0,0.0,,,,,,,0.0,0.0,,,,,,,0.0,0.0,,,,,,,3.0,3.0
9005,,52.160907,10.534499,1570,1650,1.566,0.083,1,,,,,,,,,,,,,0.166,0.166,,,,,,,33.0,36.0,,,,,,,130.0,145.0,,,,,,,0.0,0.0,,,,,,,,,,,,,,,0.0,0.0,,,,,,,0.0,0.0,,,,,,,0.0,0.0,,,,,,,0.0,0.0,,,,,,,1.0,1.0,,,,,,,2.0,2.0
287,Kuressaare,58.253011,22.485253,1563,1650,164.404,9.984,1,,,,,,,,,,,,,213.444,213.444,,,,,,,0.0,0.0,,,,,,,0.0,0.0,,,,,,,0.0,0.0,,,,,,,,,,,,,,,0.0,0.0,,,,,,,0.0,0.0,,,,,,,0.0,0.0,,,,,,,0.0,0.0,,,,,,,0.0,0.0,,,,,,,1.0,1.0
11958,Arnemuiden,51.500037,3.673561,1574,1650,2.358,0.049,1,,,,,,,,,,,,,4.298,4.298,,,,,,,8.0,8.0,,,,,,,22.0,22.0,,,,,,,0.0,0.0,,,,,,,,,,,,,,,0.0,0.0,,,,,,,0.0,0.0,,,,,,,0.0,0.0,,,,,,,0.0,0.0,,,,,,,0.0,0.0,,,,,,,2.0,2.0
11670,,57.778754,26.026785,1584,1650,84.971,0.171,1,,,,,,,,,,,,,277.36,272.661,,,,,,,0.0,0.0,,,,,,,0.0,0.0,,,,,,,0.0,0.0,,,,,,,,,,,,,,,0.0,0.0,,,,,,,0.0,0.0,,,,,,,0.0,0.0,,,,,,,0.0,0.0,,,,,,,0.0,0.0,,,,,,,2.0,2.0
11217,,51.454481,6.72929,1551,1650,1.496,0.148,1,,,,,,,,,,,,,15.581,15.581,,,,,,,29.0,29.0,,,,,,,102.0,103.0,,,,,,,0.0,0.0,,,,,,,,,,,,,,,0.0,0.0,,,,,,,0.0,0.0,,,,,,,0.0,0.0,,,,,,,0.0,0.0,,,,,,,1.0,1.0,,,,,,,2.0,2.0
15747,,56.032027,9.932422,1583,1650,112.743,0.081,1,,,,,,,,,,,,,22.109,22.109,,,,,,,5.0,5.0,,,,,,,19.0,29.0,,,,,,,0.0,0.0,,,,,,,,,,,,,,,0.0,0.0,,,,,,,0.0,0.0,,,,,,,0.0,0.0,,,,,,,0.0,0.0,,,,,,,0.0,0.0,,,,,,,2.0,2.0
1234,Clausthal,51.804384,10.333526,1554,1650,21.912,0.856,1,,,,,3000.0,4000.0,,,,,,,13.051,1.712,,,,,,,49.0,52.0,,,,,,,131.0,148.0,,,,,,,0.0,0.0,,,,,,,,,,,,,,,0.0,0.0,,,,,,,0.0,0.0,,,,,,,0.0,0.0,,,,,,,0.0,0.0,,,,,,,0.0,0.0,,,,,,,2.0,2.0
13942,Franzburg,54.18733,12.878192,1587,1650,30.701,0.459,1,,,,,,,,,,,,,32.071,32.071,,,,,,,7.0,7.0,,,,,,,11.0,12.0,,,,,,,0.0,0.0,,,,,,,,,,,,,,,0.0,0.0,,,,,,,0.0,0.0,,,,,,,0.0,0.0,,,,,,,0.0,0.0,,,,,,,0.0,0.0,,,,,,,2.0,2.0
1789,Elze,52.119079,9.73619,1579,1650,22.683,0.69,1,,,,,,,,,,,,,4.696,4.696,,,,,,,42.0,47.0,,,,,,,115.0,125.0,,,,,,,0.0,0.0,,,,,,,,,,,,,,,0.0,0.0,,,,,,,0.0,0.0,,,,,,,0.0,0.0,,,,,,,0.0,0.0,,,,,,,0.0,0.0,,,,,,,2.0,2.0
2034,Friesack,52.742199,12.579195,1571,1650,22.33,2.341,1,,,,,,,,,,,,,25.429,25.429,,,,,,,12.0,15.0,,,,,,,44.0,49.0,,,,,,,0.0,0.0,,,,,,,,,,,,,,,0.0,0.0,,,,,,,0.0,0.0,,,,,,,0.0,0.0,,,,,,,0.0,0.0,,,,,,,0.0,0.0,,,,,,,2.0,2.0
2417,Greußen,51.228182,10.948251,1556,1650,58.55,0.177,1,,,,,,,,,,,,,8.693,8.693,,,,,,,27.0,29.0,,,,,,,133.0,150.0,,,,,,,0.0,0.0,,,,,,,,,,,,,,,1.0,1.0,,,,,,,0.0,0.0,,,,,,,0.0,0.0,,,,,,,0.0,0.0,,,,,,,0.0,0.0,,,,,,,2.0,2.0
3325,Chernyakhovsk,54.637991,21.810544,1583,1650,18.808,0.127,1,,,,,,,,,,,,,406.595,406.595,,,,,,,0.0,0.0,,,,,,,0.0,0.0,,,,,,,0.0,0.0,,,,,,,,,,,,,,,0.0,0.0,,,,,,,0.0,0.0,,,,,,,0.0,0.0,,,,,,,0.0,0.0,,,,,,,0.0,0.0,,,,,,,2.0,2.0
6109,Bagrationovsk,54.386708,20.63984,1585,1650,33.655,2.392,1,,,,,,,,,,,,,329.474,329.474,,,,,,,0.0,0.0,,,,,,,0.0,0.0,,,,,,,0.0,0.0,,,,,,,,,,,,,,,0.0,0.0,,,,,,,0.0,0.0,,,,,,,0.0,0.0,,,,,,,0.0,0.0,,,,,,,0.0,0.0,,,,,,,1.0,1.0
6891,Schlüchtern,50.347345,9.524406,1562,1650,50.184,1.579,1,,,,,,,,,,,,,5.928,5.928,,,,,,,10.0,10.0,,,,,,,43.0,48.0,,,,,,,0.0,0.0,,,,,,,,,,,,,,,0.0,0.0,,,,,,,0.0,0.0,,,,,,,0.0,0.0,,,,,,,0.0,0.0,,,,,,,0.0,0.0,,,,,,,2.0,2.0
4827,Meerane,50.849699,12.46657,1565,1650,47.26,0.714,1,,,,,,,,,,,,,15.253,14.838,,,,,,,9.0,11.0,,,,,,,57.0,63.0,,,,,,,0.0,0.0,,,,,,,,,,,,,,,0.0,0.0,,,,,,,0.0,0.0,,,,,,,0.0,0.0,,,,,,,0.0,0.0,,,,,,,0.0,0.0,,,,,,,2.0,2.0
4969,Jelgava,56.651674,23.722242,1573,1650,20.354,0.248,1,,,,,3000.0,4000.0,,,,,,,377.783,377.783,,,,,,,0.0,0.0,,,,,,,0.0,0.0,,,,,,,0.0,0.0,,,,,,,,,,,,,,,0.0,0.0,,,,,,,0.0,0.0,,,,,,,0.0,0.0,,,,,,,0.0,0.0,,,,,,,0.0,0.0,,,,,,,2.0,2.0
5230,Dębno,52.73899,14.697999,1562,1650,15.575,4.592,1,,,,,,,,,,,,,25.831,25.831,,,,,,,4.0,4.0,,,,,,,8.0,8.0,,,,,,,0.0,0.0,,,,,,,,,,,,,,,0.0,0.0,,,,,,,0.0,0.0,,,,,,,0.0,0.0,,,,,,,0.0,0.0,,,,,,,0.0,0.0,,,,,,,2.0,2.0
6610,Ruhrort,51.453462,6.733224,1551,1650,1.201,0.082,1,,,,,,,,,,,,,15.4,15.4,,,,,,,29.0,29.0,,,,,,,102.0,103.0,,,,,,,0.0,0.0,,,,,,,,,,,,,,,1.0,1.0,,,,,,,0.0,0.0,,,,,,,0.0,0.0,,,,,,,0.0,0.0,,,,,,,0.0,0.0,,,,,,,2.0,2.0
6885,Schlieben,51.724105,13.383413,1590,1650,31.186,2.328,1,,,,,,,,,,,,,32.029,19.45,,,,,,,6.0,8.0,,,,,,,25.0,31.0,,,,,,,0.0,0.0,,,,,,,,,,,,,,,0.0,0.0,,,,,,,0.0,0.0,,,,,,,0.0,0.0,,,,,,,0.0,0.0,,,,,,,0.0,0.0,,,,,,,2.0,2.0
7535,Sulingen,52.682107,8.801228,1558,1650,25.521,0.751,1,,,,,,,,,,,,,26.673,26.673,,,,,,,17.0,22.0,,,,,,,71.0,83.0,,,,,,,0.0,0.0,,,,,,,,,,,,,,,0.0,0.0,,,,,,,0.0,0.0,,,,,,,0.0,0.0,,,,,,,0.0,0.0,,,,,,,0.0,0.0,,,,,,,2.0,2.0
8150,Valga,57.777049,26.031576,1584,1650,84.949,0.171,1,,,,,,,,,,,,,277.605,272.908,,,,,,,0.0,0.0,,,,,,,0.0,0.0,,,,,,,0.0,0.0,,,,,,,,,,,,,,,0.0,0.0,,,,,,,0.0,0.0,,,,,,,0.0,0.0,,,,,,,0.0,0.0,,,,,,,0.0,0.0,,,,,,,2.0,2.0
8580,Wolfenbüttel,52.162024,10.53611,1570,1650,1.629,0.083,1,,,,,4000.0,6000.0,,,,,,,0.0,0.0,,,,,,,33.0,36.0,,,,,,,130.0,145.0,,,,,,,1.0,1.0,,,,,,,local,local,,,,,,,0.0,0.0,,,,,,,0.0,0.0,,,,,,,0.0,0.0,,,,,,,0.0,0.0,,,,,,,0.0,0.0,,,,,,,2.0,2.0
9023,Gotteslager,52.163031,10.546099,1570,1650,1.606,0.207,1,,,,,,,,,,,,,0.69,0.69,,,,,,,33.0,36.0,,,,,,,128.0,143.0,,,,,,,0.0,0.0,,,,,,,,,,,,,,,0.0,1.0,,,,,,,0.0,0.0,,,,,,,0.0,0.0,,,,,,,0.0,0.0,,,,,,,0.0,0.0,,,,,,,2.0,2.0
9229,,52.162261,10.540169,1570,1650,1.565,0.139,1,,,,,,,,,,,,,0.278,0.278,,,,,,,33.0,36.0,,,,,,,130.0,145.0,,,,,,,0.0,0.0,,,,,,,,,,,,,,,0.0,0.0,,,,,,,0.0,0.0,,,,,,,0.0,0.0,,,,,,,0.0,0.0,,,,,,,0.0,0.0,,,,,,,2.0,2.0
9594,Jever,53.573212,7.899329,1572,1650,5.502,0.29,1,,,,,,,,,,,,,20.644,20.644,,,,,,,15.0,16.0,,,,,,,54.0,64.0,,,,,,,0.0,0.0,,,,,,,,,,,,,,,0.0,0.0,,,,,,,0.0,0.0,,,,,,,0.0,0.0,,,,,,,0.0,0.0,,,,,,,0.0,0.0,,,,,,,2.0,2.0
9596,Wittmund,53.575451,7.783445,1567,1650,12.488,3.014,1,,,,,,,,,,,,,13.811,13.811,,,,,,,15.0,15.0,,,,,,,53.0,63.0,,,,,,,0.0,0.0,,,,,,,,,,,,,,,0.0,0.0,,,,,,,0.0,0.0,,,,,,,0.0,0.0,,,,,,,0.0,0.0,,,,,,,0.0,0.0,,,,,,,2.0,2.0
10689,Garding,54.329214,8.779405,1590,1650,2.601,0.075,1,,,,,,,,,,,,,15.836,15.836,,,,,,,9.0,9.0,,,,,,,48.0,50.0,,,,,,,0.0,0.0,,,,,,,,,,,,,,,0.0,0.0,,,,,,,0.0,0.0,,,,,,,0.0,0.0,,,,,,,0.0,0.0,,,,,,,0.0,0.0,,,,,,,2.0,2.0
10690,Tönning,54.316276,8.940776,1590,1650,0.535,0.09,1,,,,,,,,,,,,,5.679,5.679,,,,,,,11.0,11.0,,,,,,,51.0,53.0,,,,,,,0.0,0.0,,,,,,,,,,,,,,,0.0,0.0,,,,,,,0.0,0.0,,,,,,,0.0,0.0,,,,,,,0.0,0.0,,,,,,,0.0,0.0,,,,,,,2.0,2.0
10848,,54.316063,8.946643,1590,1650,0.164,0.191,1,,,,,,,,,,,,,5.329,5.329,,,,,,,11.0,11.0,,,,,,,51.0,53.0,,,,,,,0.0,0.0,,,,,,,,,,,,,,,0.0,0.0,,,,,,,0.0,0.0,,,,,,,0.0,0.0,,,,,,,0.0,0.0,,,,,,,1.0,1.0,,,,,,,2.0,2.0
10947,Lautenthal,51.869075,10.288928,1560,1650,18.909,1.147,0,,,,,,,,,,,,,10.445,0.0,,,,,,,47.0,50.0,,,,,,,136.0,149.0,,,,,,,0.0,1.0,,,,,,,,local,,,,,,,0.0,0.0,,,,,,,0.0,0.0,,,,,,,0.0,0.0,,,,,,,0.0,0.0,,,,,,,0.0,0.0,,,,,,,2.0,2.0
11936,Terneuzen,51.337503,3.827952,1584,1650,4.895,4.895,1,,,,,,,,,,,,,9.791,9.791,,,,,,,10.0,10.0,,,,,,,20.0,20.0,,,,,,,0.0,0.0,,,,,,,,,,,,,,,1.0,1.0,,,,,,,0.0,0.0,,,,,,,0.0,0.0,,,,,,,0.0,0.0,,,,,,,1.0,1.0,,,,,,,2.0,2.0
11976,Willemstad,51.694282,4.44039,1586,1650,3.233,6.13,1,,,,,,,,,,,,,20.292,20.292,,,,,,,11.0,11.0,,,,,,,48.0,47.0,,,,,,,0.0,0.0,,,,,,,,,,,,,,,0.0,0.0,,,,,,,0.0,0.0,,,,,,,0.0,0.0,,,,,,,0.0,0.0,,,,,,,1.0,1.0,,,,,,,2.0,2.0
11977,Klundert,51.664314,4.533712,1578,1650,0.211,5.212,1,,,,,,,,,,,,,18.757,18.757,,,,,,,11.0,11.0,,,,,,,49.0,48.0,,,,,,,0.0,0.0,,,,,,,,,,,,,,,0.0,0.0,,,,,,,0.0,0.0,,,,,,,0.0,0.0,,,,,,,0.0,0.0,,,,,,,1.0,1.0,,,,,,,2.0,2.0
7176,Skanderborg,56.030751,9.9337,1583,1650,112.904,0.081,1,,,,,,,,,,,,,22.137,22.137,,,,,,,5.0,5.0,,,,,,,19.0,29.0,,,,,,,0.0,0.0,,,,,,,,,,,,,,,0.0,0.0,,,,,,,0.0,0.0,,,,,,,0.0,0.0,,,,,,,0.0,0.0,,,,,,,0.0,0.0,,,,,,,2.0,2.0
18125,Pori,61.488816,21.793522,1558,1650,421.228,2.768,1,,,,,1000.0,1000.0,,,,,,,0.0,0.0,,,,,,,2.0,4.0,,,,,,,2.0,9.0,,,,,,,1.0,1.0,,,,,,,local,local,,,,,,,0.0,1.0,,,,,,,0.0,0.0,,,,,,,0.0,0.0,,,,,,,0.0,0.0,,,,,,,0.0,0.0,,,,,,,2.0,2.0
12420,Großbreitenbach,50.584415,11.013182,1586,1650,92.171,3.183,0,,,,,,,,,,,,,22.765,22.765,,,,,,,27.0,28.0,,,,,,,79.0,85.0,,,,,,,0.0,0.0,,,,,,,,,,,,,,,0.0,0.0,,,,,,,0.0,0.0,,,,,,,0.0,0.0,,,,,,,0.0,0.0,,,,,,,0.0,0.0,,,,,,,2.0,2.0
12414,Friedrichroda,50.85799,10.56426,1597,1650,48.411,2.067,1,,,,,,,,,,,,,21.502,21.502,,,,,,,29.0,33.0,,,,,,,91.0,100.0,,,,,,,0.0,0.0,,,,,,,,,,,,,,,0.0,0.0,,,,,,,0.0,0.0,,,,,,,0.0,0.0,,,,,,,0.0,0.0,,,,,,,0.0,0.0,,,,,,,2.0,2.0
12530,,56.657836,23.742783,1573,1650,19.318,0.47,1,,,,,,,,,,,,,377.048,377.048,,,,,,,0.0,0.0,,,,,,,0.0,0.0,,,,,,,0.0,0.0,,,,,,,,,,,,,,,0.0,0.0,,,,,,,0.0,0.0,,,,,,,0.0,0.0,,,,,,,0.0,0.0,,,,,,,0.0,0.0,,,,,,,2.0,2.0
13366,Schlachte,53.57637,7.906302,1572,1650,4.923,0.29,1,,,,,,,,,,,,,20.932,20.932,,,,,,,15.0,16.0,,,,,,,54.0,64.0,,,,,,,0.0,0.0,,,,,,,,,,,,,,,0.0,0.0,,,,,,,0.0,0.0,,,,,,,0.0,0.0,,,,,,,0.0,0.0,,,,,,,1.0,1.0,,,,,,,2.0,2.0
13586,,51.660786,4.535955,1578,1650,0.211,4.979,1,,,,,,,,,,,,,18.445,18.445,,,,,,,13.0,13.0,,,,,,,49.0,48.0,,,,,,,0.0,0.0,,,,,,,,,,,,,,,0.0,0.0,,,,,,,0.0,0.0,,,,,,,0.0,0.0,,,,,,,0.0,0.0,,,,,,,0.0,0.0,,,,,,,2.0,2.0
13827,,54.317695,8.939436,1590,1650,0.665,0.09,1,,,,,,,,,,,,,5.712,5.712,,,,,,,11.0,11.0,,,,,,,51.0,53.0,,,,,,,0.0,0.0,,,,,,,,,,,,,,,0.0,0.0,,,,,,,0.0,0.0,,,,,,,0.0,0.0,,,,,,,0.0,0.0,,,,,,,0.0,0.0,,,,,,,2.0,2.0
13875,,51.499342,3.675213,1574,1650,2.47,0.049,1,,,,,,,,,,,,,4.41,4.41,,,,,,,8.0,8.0,,,,,,,22.0,22.0,,,,,,,0.0,0.0,,,,,,,,,,,,,,,1.0,1.0,,,,,,,0.0,0.0,,,,,,,0.0,0.0,,,,,,,1.0,1.0,,,,,,,1.0,1.0,,,,,,,2.0,2.0
13876,,51.500211,3.674955,1574,1650,2.456,0.049,1,,,,,,,,,,,,,4.396,4.396,,,,,,,8.0,8.0,,,,,,,22.0,22.0,,,,,,,0.0,0.0,,,,,,,,,,,,,,,0.0,0.0,,,,,,,0.0,0.0,,,,,,,0.0,0.0,,,,,,,0.0,0.0,,,,,,,0.0,0.0,,,,,,,2.0,2.0
13951,,54.329402,8.781695,1590,1650,2.507,0.073,1,,,,,,,,,,,,,15.687,15.687,,,,,,,9.0,9.0,,,,,,,48.0,50.0,,,,,,,0.0,0.0,,,,,,,,,,,,,,,0.0,0.0,,,,,,,0.0,0.0,,,,,,,0.0,0.0,,,,,,,0.0,0.0,,,,,,,0.0,0.0,,,,,,,2.0,2.0
13952,,54.328085,8.781888,1590,1650,2.397,0.073,1,,,,,,,,,,,,,15.679,15.679,,,,,,,9.0,9.0,,,,,,,48.0,50.0,,,,,,,0.0,0.0,,,,,,,,,,,,,,,0.0,0.0,,,,,,,0.0,0.0,,,,,,,0.0,0.0,,,,,,,0.0,0.0,,,,,,,0.0,1.0,,,,,,,2.0,2.0
14312,Friedland (Niederlausitz),52.104186,14.262625,1600,1650,26.406,3.516,1,,,,,,,,,,,,,74.186,74.186,,,,,,,0.0,0.0,,,,,,,11.0,13.0,,,,,,,0.0,0.0,,,,,,,,,,,,,,,0.0,0.0,,,,,,,0.0,0.0,,,,,,,0.0,0.0,,,,,,,0.0,0.0,,,,,,,0.0,0.0,,,,,,,1.0,1.0
16782,,56.653345,23.729771,1573,1650,20.031,0.248,1,,,,,,,,,,,,,377.579,377.579,,,,,,,0.0,0.0,,,,,,,0.0,0.0,,,,,,,0.0,0.0,,,,,,,,,,,,,,,0.0,0.0,,,,,,,0.0,0.0,,,,,,,0.0,0.0,,,,,,,0.0,0.0,,,,,,,1.0,1.0,,,,,,,2.0,2.0
17721,Kaltennordheim,50.626809,10.160004,1562,1650,41.906,10.127,0,,,,,,,,,,,,,0.0,0.0,,,,,,,32.0,37.0,,,,,,,63.0,70.0,,,,,,,1.0,1.0,,,,,,,regional,regional,,,,,,,1.0,1.0,,,,,,,0.0,0.0,,,,,,,0.0,0.0,,,,,,,0.0,0.0,,,,,,,0.0,0.0,,,,,,,2.0,2.0
18268,,54.639519,21.807604,1583,1650,18.626,0.127,1,,,,,,,,,,,,,406.421,406.421,,,,,,,0.0,0.0,,,,,,,0.0,0.0,,,,,,,0.0,0.0,,,,,,,,,,,,,,,0.0,0.0,,,,,,,0.0,0.0,,,,,,,0.0,0.0,,,,,,,0.0,0.0,,,,,,,0.0,0.0,,,,,,,2.0,2.0
18273,,55.079592,21.908423,1552,1650,4.447,0.208,1,,,,,,,,,,,,,419.642,419.642,,,,,,,0.0,0.0,,,,,,,0.0,0.0,,,,,,,0.0,0.0,,,,,,,,,,,,,,,0.0,0.0,,,,,,,1.0,1.0,,,,,,,0.0,0.0,,,,,,,0.0,0.0,,,,,,,0.0,0.0,,,,,,,3.0,3.0
18274,,54.642878,21.808076,1583,1650,18.677,0.034,1,,,,,,,,,,,,,406.482,406.482,,,,,,,0.0,0.0,,,,,,,0.0,0.0,,,,,,,0.0,0.0,,,,,,,,,,,,,,,0.0,0.0,,,,,,,0.0,0.0,,,,,,,0.0,0.0,,,,,,,0.0,0.0,,,,,,,1.0,1.0,,,,,,,2.0,2.0
18283,,55.082786,21.904829,1552,1650,4.816,0.052,1,,,,,,,,,,,,,419.487,419.487,,,,,,,0.0,0.0,,,,,,,0.0,0.0,,,,,,,0.0,0.0,,,,,,,,,,,,,,,0.0,0.0,,,,,,,1.0,1.0,,,,,,,0.0,0.0,,,,,,,0.0,0.0,,,,,,,1.0,1.0,,,,,,,3.0,3.0
20445,,60.169036,24.952055,1640,1650,199.023,0.083,1,,,,,,,,,,,,,,0.166,,,,,,,,9.0,,,,,,,,17.0,,,,,,,,0.0,,,,,,,,,,,,,,,,0.0,,,,,,,,0.0,,,,,,,,0.0,,,,,,,,0.0,,,,,,,,0.0,,,,,,,,2.0
20498,,63.073068,21.722341,1606,1650,539.338,0.087,1,,,,,,,,,,,,,,0.174,,,,,,,,7.0,,,,,,,,12.0,,,,,,,,0.0,,,,,,,,,,,,,,,,0.0,,,,,,,,0.0,,,,,,,,0.0,,,,,,,,0.0,,,,,,,,0.0,,,,,,,,2.0
18142,Saloinen,64.664002,24.442006,1649,1650,616.018,0.195,1,,,,,,,,,,,,,,50.474,,,,,,,,0.0,,,,,,,,4.0,,,,,,,,0.0,,,,,,,,,,,,,,,,0.0,,,,,,,,0.0,,,,,,,,0.0,,,,,,,,0.0,,,,,,,,0.0,,,,,,,,2.0
18133,Kokkola,63.837291,23.129294,1620,1650,567.808,0.536,1,,,,,,,,,,,,,,0.0,,,,,,,,2.0,,,,,,,,10.0,,,,,,,,1.0,,,,,,,,local,,,,,,,,1.0,,,,,,,,0.0,,,,,,,,0.0,,,,,,,,0.0,,,,,,,,0.0,,,,,,,,2.0
20499,,63.071168,21.723237,1606,1650,539.15,0.104,1,,,,,,,,,,,,,,0.386,,,,,,,,7.0,,,,,,,,12.0,,,,,,,,0.0,,,,,,,,,,,,,,,,0.0,,,,,,,,0.0,,,,,,,,0.0,,,,,,,,0.0,,,,,,,,0.0,,,,,,,,2.0
2400,Grebenau,50.742672,9.473602,1605,1650,24.763,1.801,1,,,,,,,,,,,,,,21.981,,,,,,,,11.0,,,,,,,,72.0,,,,,,,,0.0,,,,,,,,,,,,,,,,0.0,,,,,,,,0.0,,,,,,,,0.0,,,,,,,,0.0,,,,,,,,0.0,,,,,,,,2.0
2597,Großenlinden,50.529596,8.647549,1605,1650,47.134,1.793,1,,,,,,,,,,,,,,46.678,,,,,,,,2.0,,,,,,,,12.0,,,,,,,,0.0,,,,,,,,,,,,,,,,0.0,,,,,,,,0.0,,,,,,,,0.0,,,,,,,,0.0,,,,,,,,0.0,,,,,,,,2.0
8176,Wanfried,51.182213,10.170328,1608,1650,4.207,0.175,1,,,,,,,,,,,,,,15.41,,,,,,,,31.0,,,,,,,,123.0,,,,,,,,0.0,,,,,,,,,,,,,,,,0.0,,,,,,,,0.0,,,,,,,,0.0,,,,,,,,0.0,,,,,,,,0.0,,,,,,,,2.0
20284,Raahe,64.68764,24.478475,1650,1650,617.206,1.101,1,,,,,,,,,,,,,,53.616,,,,,,,,0.0,,,,,,,,4.0,,,,,,,,0.0,,,,,,,,,,,,,,,,0.0,,,,,,,,0.0,,,,,,,,0.0,,,,,,,,0.0,,,,,,,,0.0,,,,,,,,2.0
19879,Linnansilta (Hämeen linna),61.006454,24.452935,1639,1650,275.317,0.122,1,,,,,,,,,,,,,,0.244,,,,,,,,3.0,,,,,,,,20.0,,,,,,,,0.0,,,,,,,,,,,,,,,,0.0,,,,,,,,0.0,,,,,,,,1.0,,,,,,,,0.0,,,,,,,,0.0,,,,,,,,2.0
11009,Rodenberg,52.314019,9.360021,1615,1650,17.054,0.759,1,,,,,,,,,,,,,,0.0,,,,,,,,39.0,,,,,,,,130.0,,,,,,,,1.0,,,,,,,,local,,,,,,,,0.0,,,,,,,,0.0,,,,,,,,0.0,,,,,,,,0.0,,,,,,,,0.0,,,,,,,,2.0
11585,Friedrichstadt,54.375989,9.087861,1621,1650,0.183,0.069,1,,,,,,,,,,,,,,6.348,,,,,,,,14.0,,,,,,,,53.0,,,,,,,,0.0,,,,,,,,,,,,,,,,1.0,,,,,,,,0.0,,,,,,,,0.0,,,,,,,,0.0,,,,,,,,0.0,,,,,,,,2.0
11586,,54.372539,9.089333,1621,1650,0.034,0.198,1,,,,,,,,,,,,,,6.13,,,,,,,,14.0,,,,,,,,53.0,,,,,,,,0.0,,,,,,,,,,,,,,,,1.0,,,,,,,,0.0,,,,,,,,0.0,,,,,,,,1.0,,,,,,,,1.0,,,,,,,,2.0
20377,,65.014591,25.47487,1605,1650,624.03,0.072,1,,,,,,,,,,,,,,0.144,,,,,,,,1.0,,,,,,,,3.0,,,,,,,,0.0,,,,,,,,,,,,,,,,0.0,,,,,,,,0.0,,,,,,,,0.0,,,,,,,,0.0,,,,,,,,0.0,,,,,,,,2.0
445,Barciany,54.221833,21.347845,1628,1650,46.872,4.246,1,,,,,,,,,,,,,,375.351,,,,,,,,0.0,,,,,,,,0.0,,,,,,,,0.0,,,,,,,,,,,,,,,,0.0,,,,,,,,0.0,,,,,,,,0.0,,,,,,,,0.0,,,,,,,,0.0,,,,,,,,1.0
455,Baruth,52.049702,13.504317,1616,1650,43.674,0.468,1,,,,,,,,,,,,,,23.043,,,,,,,,4.0,,,,,,,,23.0,,,,,,,,0.0,,,,,,,,,,,,,,,,0.0,,,,,,,,0.0,,,,,,,,0.0,,,,,,,,0.0,,,,,,,,0.0,,,,,,,,2.0
475,Bauska,56.410402,24.184533,1609,1650,49.712,3.143,1,,,,,,,,,,,,,,404.389,,,,,,,,0.0,,,,,,,,0.0,,,,,,,,0.0,,,,,,,,,,,,,,,,0.0,,,,,,,,0.0,,,,,,,,0.0,,,,,,,,0.0,,,,,,,,0.0,,,,,,,,1.0
1082,Bückeburg,52.260314,9.05023,1609,1650,8.756,1.869,1,,,,,,,,,,,,,,5.407,,,,,,,,30.0,,,,,,,,116.0,,,,,,,,0.0,,,,,,,,,,,,,,,,0.0,,,,,,,,0.0,,,,,,,,0.0,,,,,,,,0.0,,,,,,,,0.0,,,,,,,,2.0
18138,Hämeenlinna,61.00507,24.456459,1639,1650,275.073,0.12,1,,,,,,,,,,,,,,0.0,,,,,,,,3.0,,,,,,,,20.0,,,,,,,,1.0,,,,,,,,local,,,,,,,,1.0,,,,,,,,0.0,,,,,,,,0.0,,,,,,,,0.0,,,,,,,,0.0,,,,,,,,2.0
2049,Fürstenau ,52.517223,7.676925,1642,1650,24.774,0.128,1,,,,,,,,,,,,,,0.0,,,,,,,,26.0,,,,,,,,95.0,,,,,,,,1.0,,,,,,,,local,,,,,,,,1.0,,,,,,,,0.0,,,,,,,,0.0,,,,,,,,0.0,,,,,,,,0.0,,,,,,,,2.0
3434,Pisz,53.629348,21.807923,1645,1650,113.018,1.611,0,,,,,,,,,,,,,,412.605,,,,,,,,0.0,,,,,,,,0.0,,,,,,,,0.0,,,,,,,,,,,,,,,,0.0,,,,,,,,0.0,,,,,,,,0.0,,,,,,,,0.0,,,,,,,,0.0,,,,,,,,1.0
2432,Joachimsthal,52.977902,13.744227,1603,1650,15.088,0.118,1,,,,,,,,,,,,,,55.906,,,,,,,,0.0,,,,,,,,10.0,,,,,,,,0.0,,,,,,,,,,,,,,,,0.0,,,,,,,,0.0,,,,,,,,0.0,,,,,,,,0.0,,,,,,,,0.0,,,,,,,,2.0
19497,,55.560947,9.754545,1650,1650,122.734,0.042,1,,,,,,,,,,,,,,19.339,,,,,,,,7.0,,,,,,,,23.0,,,,,,,,0.0,,,,,,,,,,,,,,,,0.0,,,,,,,,0.0,,,,,,,,0.0,,,,,,,,0.0,,,,,,,,0.0,,,,,,,,2.0
19498,,55.560195,9.754668,1650,1650,122.654,0.042,1,,,,,,,,,,,,,,19.312,,,,,,,,7.0,,,,,,,,23.0,,,,,,,,0.0,,,,,,,,,,,,,,,,0.0,,,,,,,,0.0,,,,,,,,0.0,,,,,,,,1.0,,,,,,,,0.0,,,,,,,,2.0
3392,Jastrowie,53.420472,16.814976,1602,1650,105.446,0.332,1,,,,,,,,,,,,,,116.927,,,,,,,,0.0,,,,,,,,0.0,,,,,,,,0.0,,,,,,,,,,,,,,,,0.0,,,,,,,,0.0,,,,,,,,0.0,,,,,,,,0.0,,,,,,,,0.0,,,,,,,,2.0
4190,Polessk,54.861712,21.109811,1642,1650,12.045,1.697,1,,,,,,,,,,,,,,365.094,,,,,,,,0.0,,,,,,,,0.0,,,,,,,,0.0,,,,,,,,,,,,,,,,0.0,,,,,,,,0.0,,,,,,,,0.0,,,,,,,,0.0,,,,,,,,1.0,,,,,,,,2.0
4410,Liepāja,56.504632,21.011059,1625,1650,162.562,0.835,1,,,,,,1000.0,,,,,,,,423.134,,,,,,,,0.0,,,,,,,,0.0,,,,,,,,0.0,,,,,,,,,,,,,,,,0.0,,,,,,,,0.0,,,,,,,,0.0,,,,,,,,0.0,,,,,,,,0.0,,,,,,,,2.0
4424,Lichtenstein,50.756308,12.634434,1610,1650,59.906,1.251,1,,,,,,,,,,,,,,10.572,,,,,,,,9.0,,,,,,,,53.0,,,,,,,,0.0,,,,,,,,,,,,,,,,0.0,,,,,,,,0.0,,,,,,,,0.0,,,,,,,,0.0,,,,,,,,0.0,,,,,,,,2.0
4586,Giżycko,54.036103,21.770242,1612,1650,68.187,2.638,1,,,,,,,,,,,,,,403.97,,,,,,,,0.0,,,,,,,,0.0,,,,,,,,0.0,,,,,,,,,,,,,,,,0.0,,,,,,,,0.0,,,,,,,,0.0,,,,,,,,0.0,,,,,,,,0.0,,,,,,,,1.0
18139,Savonlinna,61.865061,28.891511,1639,1650,234.963,0.242,1,,,,,,,,,,,,,,0.0,,,,,,,,1.0,,,,,,,,4.0,,,,,,,,1.0,,,,,,,,local,,,,,,,,1.0,,,,,,,,0.0,,,,,,,,0.0,,,,,,,,0.0,,,,,,,,0.0,,,,,,,,2.0
19804,,51.307116,13.309861,1623,1650,6.358,0.259,1,,,,,,,,,,,,,,19.532,,,,,,,,8.0,,,,,,,,33.0,,,,,,,,0.0,,,,,,,,,,,,,,,,0.0,,,,,,,,0.0,,,,,,,,0.0,,,,,,,,1.0,,,,,,,,0.0,,,,,,,,2.0
6416,Riesa,51.302461,13.310231,1623,1650,5.904,0.259,1,,,,,,,,,,,,,,19.095,,,,,,,,8.0,,,,,,,,33.0,,,,,,,,0.0,,,,,,,,,,,,,,,,0.0,,,,,,,,0.0,,,,,,,,0.0,,,,,,,,0.0,,,,,,,,0.0,,,,,,,,2.0
12435,Jaunjelgava,56.61711,25.084147,1630,1650,2.191,0.213,1,,,,,,,,,,,,,,386.427,,,,,,,,0.0,,,,,,,,0.0,,,,,,,,0.0,,,,,,,,,,,,,,,,0.0,,,,,,,,0.0,,,,,,,,0.0,,,,,,,,0.0,,,,,,,,0.0,,,,,,,,2.0
8899,Obernkirchen,52.270831,9.127808,1615,1650,9.917,0.954,1,,,,,,,,,,,,,,0.0,,,,,,,,31.0,,,,,,,,123.0,,,,,,,,1.0,,,,,,,,regional,,,,,,,,0.0,,,,,,,,0.0,,,,,,,,0.0,,,,,,,,0.0,,,,,,,,0.0,,,,,,,,3.0
9239,Schlagd,51.184309,10.165079,1608,1650,3.82,0.217,1,,,,,,,,,,,,,,15.76,,,,,,,,31.0,,,,,,,,121.0,,,,,,,,0.0,,,,,,,,,,,,,,,,0.0,,,,,,,,0.0,,,,,,,,0.0,,,,,,,,0.0,,,,,,,,1.0,,,,,,,,2.0
12832,,56.519393,21.016081,1625,1650,164.026,0.835,1,,,,,,,,,,,,,,421.472,,,,,,,,0.0,,,,,,,,0.0,,,,,,,,0.0,,,,,,,,,,,,,,,,0.0,,,,,,,,0.0,,,,,,,,0.0,,,,,,,,0.0,,,,,,,,0.0,,,,,,,,2.0
10691,Glückstadt,53.788096,9.423902,1617,1650,0.642,0.142,1,,,,,,,,,,,,,,6.919,,,,,,,,45.0,,,,,,,,91.0,,,,,,,,0.0,,,,,,,,,,,,,,,,0.0,,,,,,,,1.0,,,,,,,,0.0,,,,,,,,0.0,,,,,,,,0.0,,,,,,,,3.0
10711,,53.785615,9.422843,1617,1650,0.484,0.142,1,,,,,,,,,,,,,,7.178,,,,,,,,45.0,,,,,,,,91.0,,,,,,,,0.0,,,,,,,,,,,,,,,,0.0,,,,,,,,1.0,,,,,,,,0.0,,,,,,,,0.0,,,,,,,,1.0,,,,,,,,3.0
10824,,53.784666,9.408186,1617,1650,0.484,1.027,1,,,,,,,,,,,,,,7.882,,,,,,,,45.0,,,,,,,,91.0,,,,,,,,0.0,,,,,,,,,,,,,,,,0.0,,,,,,,,1.0,,,,,,,,0.0,,,,,,,,0.0,,,,,,,,0.0,,,,,,,,3.0
10951,Altenau,51.803138,10.446427,1636,1650,18.773,3.882,0,,,,,,,,,,,,,,7.587,,,,,,,,46.0,,,,,,,,147.0,,,,,,,,0.0,,,,,,,,,,,,,,,,0.0,,,,,,,,0.0,,,,,,,,0.0,,,,,,,,0.0,,,,,,,,0.0,,,,,,,,2.0
15026,Sorø,55.431567,11.555793,1638,1650,162.075,0.119,1,,,,,,,,,,,,,,14.796,,,,,,,,16.0,,,,,,,,35.0,,,,,,,,0.0,,,,,,,,,,,,,,,,0.0,,,,,,,,0.0,,,,,,,,0.0,,,,,,,,0.0,,,,,,,,0.0,,,,,,,,2.0
10989,Hedemünden,51.388839,9.766616,1645,1650,1.221,2.853,0,,,,,,,,,,,,,,19.813,,,,,,,,39.0,,,,,,,,116.0,,,,,,,,0.0,,,,,,,,,,,,,,,,0.0,,,,,,,,0.0,,,,,,,,0.0,,,,,,,,0.0,,,,,,,,0.0,,,,,,,,2.0
15908,,55.433612,11.556866,1638,1650,162.281,0.119,1,,,,,,,,,,,,,,14.705,,,,,,,,16.0,,,,,,,,35.0,,,,,,,,0.0,,,,,,,,,,,,,,,,0.0,,,,,,,,0.0,,,,,,,,0.0,,,,,,,,0.0,,,,,,,,0.0,,,,,,,,2.0
14545,Christianshavn,55.672475,12.591232,1619,1674,182.99,0.149,1,,,,,,,,,,,,,,32.237,,,,,,,,6.0,,,,,,,,25.0,,,,,,,,0.0,,,,,,,,,,,,,,,,0.0,,,,,,,,0.0,,,,,,,,0.0,,,,,,,,0.0,,,,,,,,1.0,,,,,,,,2.0
15412,Fredericia,55.564084,9.75463,1650,1650,123.075,0.174,1,,,,,,,,,,,,,,19.488,,,,,,,,7.0,,,,,,,,23.0,,,,,,,,0.0,,,,,,,,,,,,,,,,0.0,,,,,,,,0.0,,,,,,,,0.0,,,,,,,,0.0,,,,,,,,0.0,,,,,,,,2.0
2124,Gebesee,51.115228,10.93984,1638,1650,58.396,0.313,1,,,,,,,,,,,,,,7.125,,,,,,,,33.0,,,,,,,,140.0,,,,,,,,0.0,,,,,,,,,,,,,,,,0.0,,,,,,,,0.0,,,,,,,,0.0,,,,,,,,0.0,,,,,,,,0.0,,,,,,,,2.0
18131,Vaasa,63.074627,21.722507,1606,1650,539.461,0.087,1,,,,,,,,,,,,,,0.0,,,,,,,,7.0,,,,,,,,12.0,,,,,,,,1.0,,,,,,,,local,,,,,,,,0.0,,,,,,,,0.0,,,,,,,,0.0,,,,,,,,0.0,,,,,,,,0.0,,,,,,,,2.0
18134,Uusikaarlepyy,63.522151,22.529266,1620,1650,553.754,1.473,1,,,,,,,,,,,,,,0.0,,,,,,,,5.0,,,,,,,,11.0,,,,,,,,1.0,,,,,,,,local,,,,,,,,1.0,,,,,,,,0.0,,,,,,,,0.0,,,,,,,,0.0,,,,,,,,0.0,,,,,,,,2.0
18140,Kristiinankaupunki,62.274028,21.379315,1649,1650,490.269,2.505,1,,,,,,,,,,,,,,0.0,,,,,,,,2.0,,,,,,,,7.0,,,,,,,,1.0,,,,,,,,local,,,,,,,,1.0,,,,,,,,0.0,,,,,,,,0.0,,,,,,,,0.0,,,,,,,,0.0,,,,,,,,2.0
3280,Husum,54.476851,9.051543,1608,1650,11.194,0.864,1,,,,,,5000.0,,,,,,,,0.0,,,,,,,,11.0,,,,,,,,46.0,,,,,,,,1.0,,,,,,,,regional,,,,,,,,1.0,,,,,,,,0.0,,,,,,,,0.0,,,,,,,,0.0,,,,,,,,0.0,,,,,,,,3.0
19574,,55.67435,12.587843,1619,1674,183.252,0.122,1,,,,,,,,,,,,,,32.048,,,,,,,,6.0,,,,,,,,25.0,,,,,,,,0.0,,,,,,,,,,,,,,,,0.0,,,,,,,,0.0,,,,,,,,0.0,,,,,,,,0.0,,,,,,,,0.0,,,,,,,,2.0
19786,Helsinki,60.167539,24.952033,1640,1650,198.946,0.083,1,,,,,,1000.0,,,,,,,,0.0,,,,,,,,9.0,,,,,,,,17.0,,,,,,,,1.0,,,,,,,,local,,,,,,,,1.0,,,,,,,,0.0,,,,,,,,0.0,,,,,,,,0.0,,,,,,,,0.0,,,,,,,,2.0
18132,Uusikaupunki,60.800373,21.409791,1617,1650,402.998,4.055,1,,,,,,,,,,,,,,0.0,,,,,,,,6.0,,,,,,,,12.0,,,,,,,,1.0,,,,,,,,local,,,,,,,,1.0,,,,,,,,0.0,,,,,,,,0.0,,,,,,,,0.0,,,,,,,,0.0,,,,,,,,2.0
18126,Oulu,65.015355,25.472386,1605,1650,624.159,0.072,1,,,,,,1000.0,,,,,,,,0.0,,,,,,,,1.0,,,,,,,,3.0,,,,,,,,1.0,,,,,,,,regional,,,,,,,,1.0,,,,,,,,0.0,,,,,,,,0.0,,,,,,,,0.0,,,,,,,,0.0,,,,,,,,3.0
18135,Tornio,65.847813,24.138766,1621,1650,734.995,0.815,0,,,,,,,,,,,,,,0.0,,,,,,,,3.0,,,,,,,,3.0,,,,,,,,1.0,,,,,,,,interregional,,,,,,,,1.0,,,,,,,,0.0,,,,,,,,0.0,,,,,,,,0.0,,,,,,,,0.0,,,,,,,,3.0
18141,Lapvesi (Lappeenranta),61.065989,28.183255,1649,1650,186.4,0.432,1,,,,,,,,,,,,,,0.0,,,,,,,,4.0,,,,,,,,8.0,,,,,,,,1.0,,,,,,,,regional,,,,,,,,1.0,,,,,,,,0.0,,,,,,,,0.0,,,,,,,,0.0,,,,,,,,0.0,,,,,,,,3.0
13813,Kargowa,52.071934,15.865148,1641,1650,34.292,9.831,0,,,,,,,,,,,,,,130.761,,,,,,,,0.0,,,,,,,,0.0,,,,,,,,0.0,,,,,,,,,,,,,,,,0.0,,,,,,,,0.0,,,,,,,,0.0,,,,,,,,0.0,,,,,,,,0.0,,,,,,,,1.0
13950,,54.37643,9.085862,1621,1650,0.274,0.069,1,,,,,,,,,,,,,,6.301,,,,,,,,14.0,,,,,,,,53.0,,,,,,,,0.0,,,,,,,,,,,,,,,,0.0,,,,,,,,0.0,,,,,,,,0.0,,,,,,,,0.0,,,,,,,,1.0,,,,,,,,2.0
14426,Bergen auf Rügen,54.418187,13.432755,1613,1650,35.792,0.214,1,,,,,,,,,,,,,,0.0,,,,,,,,3.0,,,,,,,,8.0,,,,,,,,1.0,,,,,,,,local,,,,,,,,0.0,,,,,,,,0.0,,,,,,,,0.0,,,,,,,,0.0,,,,,,,,0.0,,,,,,,,2.0
14429,,54.415131,13.428734,1613,1650,35.445,0.214,1,,,,,,,,,,,,,,0.428,,,,,,,,3.0,,,,,,,,8.0,,,,,,,,0.0,,,,,,,,,,,,,,,,0.0,,,,,,,,0.0,,,,,,,,0.0,,,,,,,,0.0,,,,,,,,0.0,,,,,,,,2.0
14857,Kristianstad,56.031519,14.152765,1614,1650,220.234,1.27,0,,,,,,,,,,,,,,70.141,,,,,,,,0.0,,,,,,,,3.0,,,,,,,,0.0,,,,,,,,,,,,,,,,0.0,,,,,,,,0.0,,,,,,,,0.0,,,,,,,,0.0,,,,,,,,0.0,,,,,,,,1.0
16609,,56.620817,25.085945,1630,1650,2.119,0.213,1,,,,,,,,,,,,,,386.037,,,,,,,,0.0,,,,,,,,0.0,,,,,,,,0.0,,,,,,,,,,,,,,,,0.0,,,,,,,,0.0,,,,,,,,0.0,,,,,,,,1.0,,,,,,,,1.0,,,,,,,,2.0
17419,,51.116013,10.930957,1638,1650,57.77,0.313,1,,,,,,,,,,,,,,6.501,,,,,,,,30.0,,,,,,,,140.0,,,,,,,,0.0,,,,,,,,,,,,,,,,0.0,,,,,,,,0.0,,,,,,,,0.0,,,,,,,,0.0,,,,,,,,0.0,,,,,,,,2.0
