city_id,name,lat,lon,nodesid,has_formal_charter_by_y_1250,has_formal_charter_by_y_1300,has_formal_charter_by_y_1350,has_formal_charter_by_y_1400,has_formal_charter_by_y_1450,has_formal_charter_by_y_1500,charter_withdrawn_by_y_1250,charter_withdrawn_by_y_1300,charter_withdrawn_by_y_1350,charter_withdrawn_by_y_1400,charter_withdrawn_by_y_1450,charter_withdrawn_by_y_1500,has_charter_changes_by_y_1250,has_charter_changes_by_y_1300,has_charter_changes_by_y_1350,has_charter_changes_by_y_1400,has_charter_changes_by_y_1450,has_charter_changes_by_y_1500,has_mention_by_y_1250,has_mention_by_y_1300,has_mention_by_y_1350,has_mention_by_y_1400,has_mention_by_y_1450,has_mention_by_y_1500,has_townhall_by_y_1250,has_townhall_by_y_1300,has_townhall_by_y_1350,has_townhall_by_y_1400,has_townhall_by_y_1450,has_townhall_by_y_1500,strong_legal_family_1250,strong_legal_family_1300,strong_legal_family_1350,strong_legal_family_1400,strong_legal_family_1450,strong_legal_family_1500,city_status_1250,city_status_1300,city_status_1350,city_status_1400,city_status_1450,city_status_1500,dist_university_km_1250,dist_university_km_1300,dist_university_km_1350,dist_university_km_1400,dist_university_km_1450,dist_university_km_1500,legal_capacity_continuous_1250,legal_capacity_continuous_1300,legal_capacity_continuous_1350,legal_capacity_continuous_1400,legal_capacity_continuous_1450,legal_capacity_continuous_1500,legal_capacity_score_1250,legal_capacity_score_1300,legal_capacity_score_1350,legal_capacity_score_1400,legal_capacity_score_1450,legal_capacity_score_1500
1001,Allenburg,54.4925,21.192223,127.0,0,0,0,1,1,1,0,0,0,0,0,0,0,0,0,0,0,0,0,1,1,1,1,1,0,0,0,0,1,1,1,1,1,1,1,1,0,0,0,0,0,0,1208.1,1208.1,671.7,500.0,500.0,500.0,0.7,1.0,1.0,2.5,3.5,3.5,0,1,1,3,3,3
1002,Allenstein,53.783333,20.483334,132.0,0,0,0,0,0,0,0,0,0,0,0,0,0,0,0,0,0,0,0,0,1,1,1,1,0,0,0,0,0,0,1,1,1,1,1,1,0,0,0,0,0,0,1117.3,1117.3,584.1,415.5,415.5,415.5,0.7,0.7,1.0,1.0,1.0,1.0,0,0,1,1,1,1
1003,Angerapp,54.416668,22.016666,,0,0,0,0,0,0,0,0,0,0,0,0,0,0,0,0,0,0,0,0,0,0,0,0,0,0,0,0,0,0,0,0,0,0,0,0,0,0,0,0,0,0,1234.7,1234.7,705.7,504.5,504.5,504.5,0.0,0.0,0.0,0.0,0.0,0.0,0,0,0,0,0,0
1004,Angerburg,54.216667,21.75,,0,0,0,0,0,0,0,0,0,0,0,0,0,0,0,0,0,0,0,0,1,1,1,1,0,0,0,0,0,0,1,1,1,1,1,1,0,0,0,0,0,0,1206.5,1206.5,678.2,478.3,478.3,478.3,0.7,0.7,1.0,1.0,1.0,1.0,0,0,1,1,1,1
1005,Arys,53.805557,21.945833,,0,0,0,0,0,0,0,0,0,0,0,0,0,0,0,0,0,0,0,0,0,0,1,1,0,0,0,0,0,0,0,0,0,0,0,0,0,0,0,0,0,0,1180.3,1180.3,660.4,438.5,438.5,438.5,0.0,0.0,0.0,0.0,0.3,0.3,0,0,0,0,1,1
1006,Barten,54.216667,21.35,445.0,0,0,0,0,0,0,0,0,0,0,0,0,0,0,0,0,0,0,0,0,0,1,1,1,0,0,0,0,0,0,0,0,0,0,0,0,0,0,0,0,0,0,1190.1,1190.1,658.4,472.0,472.0,472.0,0.0,0.0,0.0,0.3,0.3,0.3,0,0,0,1,1,1
1007,Bartenstein (Ostpreussen),54.250278,20.816668,446.0,0,0,1,1,1,1,0,0,0,0,0,0,0,0,0,0,0,0,1,1,1,1,1,1,0,0,0,0,0,0,1,1,1,1,1,1,0,0,0,0,0,0,1171.9,1171.9,635.5,469.6,469.6,469.6,1.0,1.0,2.5,2.5,2.5,2.5,1,1,3,3,3,3
1008,Bischofsburg,53.863609,20.954721,690.0,0,0,0,1,1,1,0,0,0,0,0,0,0,0,0,0,0,0,0,0,0,1,1,1,0,0,0,0,0,0,1,1,1,1,1,1,0,0,0,0,0,0,1143.3,1143.3,613.2,428.5,428.5,428.5,0.7,0.7,0.7,2.5,2.5,2.5,0,0,0,3,3,3
1009,Bischofstein,54.084721,20.901945,,0,0,0,1,1,1,0,0,0,0,0,0,0,0,0,0,0,0,0,0,1,1,1,1,0,0,0,0,0,0,1,1,1,1,1,1,0,0,0,0,0,0,1160.6,1160.6,626.9,452.2,452.2,452.2,0.7,0.7,1.0,2.5,2.5,2.5,0,0,1,3,3,3
1010,Bischofswerder,53.501667,19.349167,,0,0,1,1,1,1,0,0,0,0,0,0,0,0,0,0,0,0,0,0,1,1,1,1,0,0,0,0,0,0,1,1,1,1,1,1,0,0,0,0,0,0,1048.4,1048.4,508.7,384.7,384.7,384.7,0.7,0.7,2.5,2.5,2.5,2.5,0,0,3,3,3,3
1011,Braunsberg,54.38361,19.816668,941.0,0,1,1,1,1,1,0,0,0,0,0,0,0,1,1,1,1,1,1,1,1,1,1,1,0,0,1,1,1,1,1,1,1,1,1,1,0,0,0,0,0,0,1147.2,1147.2,602.3,480.7,480.7,418.9,1.0,3.2,4.2,4.2,4.2,4.2,1,3,3,3,3,3
1012,Christburg,53.916668,19.35,1214.0,0,1,1,1,1,1,0,0,0,0,0,0,0,0,0,0,0,0,1,1,1,1,1,1,0,0,0,0,0,0,1,1,1,1,1,1,0,0,0,0,0,0,1087.1,1087.1,543.0,430.6,430.6,390.0,1.0,2.5,2.5,2.5,2.5,2.5,1,3,3,3,3,3
1013,Danzig,54.350555,18.652779,1333.0,1,1,1,1,1,1,0,0,0,0,0,0,0,0,1,1,1,1,1,1,1,1,1,1,0,0,0,0,0,0,1,1,1,1,1,1,0,0,0,0,0,1,1105.5,1105.5,554.6,484.9,424.3,343.4,2.5,2.5,3.2,3.2,3.2,5.2,3,3,3,3,3,3
1014,Dt. Eylau,53.599998,19.566668,1411.0,0,0,1,1,1,1,0,0,0,0,0,0,0,0,0,0,0,0,0,0,1,1,1,1,0,0,0,0,0,0,1,1,1,1,1,1,0,0,0,0,0,0,1065.6,1065.6,526.5,394.3,394.3,394.3,0.7,0.7,2.5,2.5,2.5,2.5,0,0,3,3,3,3
1015,Domnau,54.426109,20.826666,1512.0,0,0,0,1,1,1,0,0,0,0,0,0,0,0,0,0,0,0,0,0,1,1,1,1,0,0,0,0,0,0,1,1,1,1,1,1,0,0,0,0,0,0,1188.1,1188.1,649.7,489.1,489.1,484.3,0.7,0.7,1.0,2.5,2.5,2.5,0,0,1,3,3,3
1016,Drengfurt,54.213612,21.519167,,0,0,0,0,1,1,0,0,0,0,0,0,0,0,0,0,0,0,0,0,0,1,1,1,0,0,0,0,0,0,1,1,1,1,1,1,0,0,0,0,0,0,1196.7,1196.7,666.5,474.1,474.1,474.1,0.7,0.7,0.7,1.0,2.5,2.5,0,0,0,1,3,3
1017,Ebenrode,54.633335,22.566668,,0,0,0,0,0,0,0,0,0,0,0,0,0,0,0,0,0,0,0,0,0,0,0,0,0,0,0,0,0,0,0,0,0,0,0,0,0,0,0,0,0,0,1276.0,1276.0,748.4,538.7,538.7,538.7,0.0,0.0,0.0,0.0,0.0,0.0,0,0,0,0,0,0
1018,Elbing,54.166668,19.4,1750.0,1,1,1,1,1,1,0,0,0,0,0,0,0,0,0,0,0,0,1,1,1,1,1,1,0,0,1,1,1,1,1,1,1,1,1,1,0,0,0,0,0,0,1112.3,1112.3,566.5,458.0,458.0,391.7,2.5,2.5,3.5,3.5,3.5,3.5,3,3,3,3,3,3
1019,Eydtkau,54.633335,22.733334,,0,0,0,0,0,0,0,0,0,0,0,0,0,0,0,0,0,0,0,0,0,0,0,0,0,0,0,0,0,0,0,0,0,0,0,0,0,0,0,0,0,0,1283.1,1283.1,756.8,542.6,542.6,542.6,0.0,0.0,0.0,0.0,0.0,0.0,0,0,0,0,0,0
1020,Fischhausen,54.733334,20.0,1955.0,0,0,1,1,1,1,0,0,0,0,0,0,0,0,0,0,0,0,0,1,1,1,1,1,0,0,0,0,1,1,1,1,1,1,1,1,0,0,0,0,0,0,1186.3,1186.3,639.9,519.5,513.4,433.6,0.7,1.0,2.5,2.5,3.5,3.5,0,1,3,3,3,3
1021,Frauenburg,54.349998,19.683332,1991.0,0,0,1,1,1,1,0,0,0,0,0,0,0,0,0,0,0,0,0,1,1,1,1,1,0,0,0,0,0,0,1,1,1,1,1,1,0,0,0,0,0,0,1139.4,1139.4,593.9,477.2,477.2,410.1,0.7,1.0,2.5,2.5,2.5,2.5,0,1,3,3,3,3
1022,Freystadt in Westpreussen,53.599998,19.266666,,0,1,1,1,1,1,0,0,0,0,0,0,0,0,0,0,0,0,0,1,1,1,1,1,0,0,0,0,0,0,1,1,1,1,1,1,0,0,0,0,0,0,1054.5,1054.5,512.9,396.2,396.2,389.4,0.7,2.5,2.5,2.5,2.5,2.5,0,3,3,3,3,3
1023,Friedland in Ostpreussen,54.450001,21.016666,,0,0,1,1,1,1,0,0,0,0,0,0,0,0,0,0,0,0,0,0,1,1,1,1,0,0,0,0,0,0,1,1,1,1,1,1,0,0,0,0,0,0,1197.5,1197.5,660.3,493.5,493.5,493.5,0.7,0.7,2.5,2.5,2.5,2.5,0,0,3,3,3,3
1024,Garnsee,53.607224,18.941111,2098.0,0,0,1,1,1,1,0,0,0,0,0,0,0,0,0,0,0,0,0,1,1,1,1,1,0,0,0,0,0,0,1,1,1,1,1,1,0,0,0,0,0,0,1043.6,1043.6,499.4,400.2,400.2,368.2,0.7,1.0,2.5,2.5,2.5,2.5,0,1,3,3,3,3
1025,Gehlenburg,53.616665,22.066668,,0,0,0,0,0,0,0,0,0,0,0,0,0,0,0,0,0,0,0,0,0,0,1,1,0,0,0,0,0,0,0,0,0,0,0,0,0,0,0,0,0,0,1170.1,1170.1,655.0,421.5,421.5,421.5,0.0,0.0,0.0,0.0,0.3,0.3,0,0,0,0,1,1
1026,Gerdauen,54.358334,21.322222,2167.0,0,0,0,1,1,1,0,0,0,0,0,0,0,0,0,0,0,0,0,0,1,1,1,1,0,0,0,0,0,0,1,1,1,1,1,1,0,0,0,0,0,0,1201.4,1201.4,667.6,487.0,487.0,487.0,0.7,0.7,1.0,2.5,2.5,2.5,0,0,1,3,3,3
1027,Gilgenburg,53.433334,20.033333,2202.0,0,0,1,1,1,1,0,0,0,0,0,0,0,0,0,0,0,0,0,0,1,1,1,1,0,0,0,1,1,1,0,0,0,0,0,0,0,0,0,0,0,0,1068.4,1068.4,536.0,375.0,375.0,375.0,0.0,0.0,1.8,2.8,2.8,2.8,0,0,2,3,3,3
1028,Goldap,54.299999,22.299999,2265.0,0,0,0,0,0,0,0,0,0,0,0,0,0,0,0,0,0,0,0,0,0,0,0,0,0,0,0,0,0,0,1,1,1,1,1,1,0,0,0,0,0,0,1236.8,1236.8,711.9,498.0,498.0,498.0,0.7,0.7,0.7,0.7,0.7,0.7,0,0,0,0,0,0
1029,Gumbinnen,54.583332,22.183332,,0,0,0,0,0,0,0,0,0,0,0,0,0,0,0,0,0,0,0,0,0,0,0,0,0,0,0,0,0,0,0,0,0,0,0,0,0,0,0,0,0,0,1255.8,1255.8,725.9,525.4,525.4,525.4,0.0,0.0,0.0,0.0,0.0,0.0,0,0,0,0,0,0
1030,Guttstadt,53.985832,20.396111,2710.0,0,0,1,1,1,1,0,0,0,0,0,0,0,0,0,0,0,0,0,0,1,1,1,1,0,0,0,0,0,0,1,1,1,1,1,1,0,0,0,0,0,0,1132.0,1132.0,595.4,437.5,437.5,437.5,0.7,0.7,2.5,2.5,2.5,2.5,0,0,3,3,3,3
1031,Heiligenbeil,54.466667,19.933332,2909.0,0,0,1,1,1,1,0,0,0,0,0,0,0,0,0,0,0,0,0,1,1,1,1,1,0,0,0,0,0,1,1,1,1,1,1,1,0,0,0,0,0,0,1159.1,1159.1,614.2,489.8,489.8,426.8,0.7,1.0,2.5,2.5,2.5,3.5,0,1,3,3,3,3
1032,Heilsberg,54.116665,20.583334,2921.0,0,0,1,1,1,1,0,0,0,0,0,0,0,0,0,0,0,0,1,1,1,1,1,1,0,0,1,1,1,1,1,1,1,1,1,1,0,0,0,0,0,0,1151.0,1151.0,614.3,453.1,453.1,453.1,1.0,1.0,3.5,3.5,3.5,3.5,1,1,3,3,3,3
1033,Hohenstein,53.583332,20.283333,3124.0,0,0,0,1,1,1,0,0,0,0,0,0,0,0,0,0,0,0,0,0,1,1,1,1,0,0,0,0,0,0,1,1,1,1,1,1,0,0,0,0,0,0,1091.6,1091.6,559.4,392.3,392.3,392.3,0.7,0.7,1.0,2.5,2.5,2.5,0,0,1,3,3,3
1034,Insterburg,54.633335,21.816668,3325.0,0,0,0,0,0,0,0,0,0,0,0,0,0,0,0,0,0,0,0,0,1,1,1,1,0,0,0,0,0,0,1,1,1,1,1,1,0,0,0,0,0,0,1245.2,1245.2,711.8,524.1,524.1,524.1,0.7,0.7,1.0,1.0,1.0,1.0,0,0,1,1,1,1
1035,Johannisburg,53.616665,21.799999,3434.0,0,0,0,0,0,1,0,0,0,0,0,1,0,0,0,0,0,0,0,0,1,1,1,1,0,0,0,0,0,0,0,0,0,0,0,0,0,0,0,0,0,0,1158.2,1158.2,640.4,415.5,415.5,415.5,0.0,0.0,0.3,0.3,0.3,0.8,0,0,1,1,1,1
1036,Koenigsberg Pr.,54.710278,20.509445,3911.0,0,1,1,1,1,1,0,0,0,0,0,0,0,0,0,0,0,0,0,1,1,1,1,1,0,0,0,1,1,1,1,1,1,1,1,1,0,0,0,0,0,0,1202.2,1202.2,658.9,518.4,518.4,465.8,0.7,2.5,2.5,3.5,3.5,3.5,0,3,3,3,3,3
1037,Kreuzburg,54.493332,20.440277,,0,0,1,1,1,1,0,0,0,0,0,0,0,0,0,0,0,0,1,1,1,1,1,1,0,0,0,0,0,0,1,1,1,1,1,1,0,0,0,0,0,0,1179.7,1179.7,638.0,494.0,494.0,459.6,1.0,1.0,2.5,2.5,2.5,2.5,1,1,3,3,3,3
1038,Labiau,54.866665,21.1,4190.0,0,0,0,0,0,0,0,0,0,0,0,0,0,0,0,0,0,0,0,1,1,1,1,1,0,0,0,0,0,0,0,0,0,0,0,0,0,0,0,0,0,0,1238.1,1238.1,697.2,540.1,540.1,505.3,0.0,0.3,0.3,0.3,0.3,0.3,0,1,1,1,1,1
1039,Landsberg,54.284721,20.49361,,0,0,1,1,1,1,0,0,0,0,0,0,0,0,0,0,0,0,0,0,1,1,1,1,0,0,0,0,0,0,1,1,1,1,1,1,0,0,0,0,0,0,1162.7,1162.7,623.4,471.1,471.1,462.6,0.7,0.7,2.5,2.5,2.5,2.5,0,0,3,3,3,3
1040,Liebemuehl,53.75,19.85,,0,0,1,1,1,1,0,0,0,0,0,0,0,0,0,0,0,0,0,0,1,1,1,1,0,0,0,0,1,1,1,1,1,1,1,1,0,0,0,0,0,0,1089.9,1089.9,551.5,410.2,410.2,410.2,0.7,0.7,2.5,2.5,3.5,3.5,0,0,3,3,3,3
1041,Liebstadt (Ostpreussen),54.0,20.066668,10031.0,0,0,0,0,0,0,0,0,1,1,1,1,0,0,0,0,0,1,0,0,1,1,1,1,0,0,0,0,0,0,1,1,1,1,1,1,0,0,0,0,0,0,1120.8,1120.8,581.3,438.0,438.0,436.0,0.7,0.7,0.0,0.0,0.0,0.7,0,0,0,0,0,0
1042,Loetzen,54.033333,21.766666,4586.0,0,0,0,0,0,0,0,0,0,0,0,0,0,0,0,0,0,0,0,0,1,1,1,1,0,0,0,0,0,0,0,0,0,0,0,0,0,0,0,0,0,0,1191.6,1191.6,666.2,459.0,459.0,459.0,0.0,0.0,0.3,0.3,0.3,0.3,0,0,1,1,1,1
1043,Lyck,53.816666,22.35,,0,0,0,0,0,0,0,0,0,0,0,0,0,0,0,0,0,0,0,0,1,1,1,1,0,0,0,0,0,0,0,0,0,0,0,0,0,0,0,0,0,0,1199.1,1199.1,682.8,449.1,449.1,449.1,0.0,0.0,0.3,0.3,0.3,0.3,0,0,1,1,1,1
1044,Marienburg,54.033333,19.041666,4754.0,0,1,1,1,1,1,0,0,0,0,0,0,0,0,0,0,0,0,0,1,1,1,1,1,0,0,0,1,1,1,1,1,1,1,1,1,0,0,0,0,0,0,1087.5,1087.5,540.4,445.9,445.9,368.9,0.7,2.5,2.5,3.5,3.5,3.5,0,3,3,3,3,3
1045,Marienwerder,53.735832,18.922222,4769.0,1,1,1,1,1,1,0,0,0,0,0,0,0,0,0,0,0,0,1,1,1,1,1,1,0,0,1,1,1,1,1,1,1,1,1,1,0,0,0,0,0,0,1055.2,1055.2,509.6,414.5,414.5,364.5,2.5,2.5,3.5,3.5,3.5,3.5,3,3,3,3,3,3
1046,Mehlsack,54.216667,20.116667,4837.0,0,1,1,1,1,1,0,0,0,0,0,0,0,0,0,0,0,0,0,1,1,1,1,1,0,0,0,0,0,0,1,1,1,1,1,1,0,0,0,0,0,0,1142.5,1142.5,601.1,462.2,462.2,438.2,0.7,2.5,2.5,2.5,2.5,2.5,0,3,3,3,3,3
1047,Mohrungen,53.916668,19.933332,5010.0,0,0,1,1,1,1,0,0,0,0,0,0,0,0,0,0,0,0,0,1,1,1,1,1,0,0,0,0,1,1,1,1,1,1,1,1,0,0,0,0,0,0,1108.2,1108.2,568.6,428.7,428.7,428.1,0.7,1.0,2.5,2.5,3.5,3.5,0,1,3,3,3,3
1048,Muehlhausen,54.166668,19.733334,5093.0,0,0,1,1,1,1,0,0,0,0,0,0,0,0,0,0,0,0,0,0,0,0,1,1,0,0,0,1,1,1,1,1,1,1,1,1,0,0,0,0,0,0,1124.0,1124.0,580.4,456.7,456.7,413.4,0.7,0.7,2.2,3.2,3.5,3.5,0,0,3,3,3,3
1049,Neidenburg,53.358334,20.424999,5193.0,0,0,0,1,1,1,0,0,0,0,0,0,0,0,0,0,0,0,0,0,0,1,1,1,0,0,0,0,0,0,1,1,1,1,1,1,0,0,0,0,0,0,1077.6,1077.6,550.4,368.1,368.1,368.1,0.7,0.7,0.7,2.5,2.5,2.5,0,0,0,3,3,3
1050,Neuteich,54.133335,19.0,,0,0,1,1,1,1,0,0,0,0,0,0,0,0,0,0,0,0,0,0,1,1,1,1,0,0,0,0,0,0,0,0,0,0,0,0,0,0,0,0,0,0,1095.7,1095.7,547.6,457.3,447.0,365.7,0.0,0.0,1.8,1.8,1.8,1.8,0,0,2,2,2,2
1051,Nikolaiken,53.799999,21.583334,,0,0,0,0,0,0,0,0,0,0,0,0,0,0,0,0,0,0,0,0,0,0,1,1,0,0,0,0,0,0,0,0,0,0,0,0,0,0,0,0,0,0,1164.1,1164.1,640.9,430.7,430.7,430.7,0.0,0.0,0.0,0.0,0.3,0.3,0,0,0,0,1,1
1052,Nordenburg,54.333332,21.549999,5454.0,0,0,0,0,1,1,0,0,0,0,0,0,0,0,0,0,0,0,0,0,0,1,1,1,0,0,0,0,0,0,1,1,1,1,1,1,0,0,0,0,0,0,1208.3,1208.3,676.7,487.5,487.5,487.5,0.7,0.7,0.7,1.0,2.5,2.5,0,0,0,1,3,3
1053,Ortelsburg,53.562778,20.985277,,0,0,0,0,0,0,0,0,0,0,0,0,0,0,0,0,0,0,0,0,1,1,1,1,0,0,0,0,0,0,0,0,0,0,0,0,0,0,0,0,0,0,1118.6,1118.6,593.6,395.9,395.9,395.9,0.0,0.0,0.3,0.3,0.3,0.3,0,0,1,1,1,1
1054,Osterode in Ostpreussen,53.700001,19.966667,5733.0,0,0,1,1,1,1,0,0,0,0,0,0,0,0,0,0,0,0,0,0,1,1,1,1,0,0,0,0,0,0,1,1,1,1,1,1,0,0,0,0,0,0,1089.8,1089.8,553.0,404.6,404.6,404.6,0.7,0.7,2.5,2.5,2.5,2.5,0,0,3,3,3,3
1055,Passenheim,53.633335,20.783333,5849.0,0,0,0,1,1,1,0,0,0,0,0,0,0,0,0,0,0,0,0,0,0,1,1,1,0,0,0,0,0,0,1,1,1,1,1,1,0,0,0,0,0,0,1116.3,1116.3,588.1,401.4,401.4,401.4,0.7,0.7,0.7,2.5,2.5,2.5,0,0,0,3,3,3
1056,Pillau,54.650002,19.916666,,0,0,0,0,0,0,0,0,0,0,0,0,0,0,0,0,0,0,0,0,0,0,1,1,0,0,0,0,0,0,0,0,0,0,0,0,0,0,0,0,0,0,1175.6,1175.6,629.3,510.2,507.3,427.2,0.0,0.0,0.0,0.0,0.3,0.3,0,0,0,0,1,1
1057,Pr. Eylau,54.383335,20.65,6109.0,0,0,0,0,0,0,0,0,0,0,0,0,0,0,0,0,0,0,0,0,1,1,1,1,0,0,0,0,0,0,0,0,0,0,0,0,0,0,0,0,0,0,1177.5,1177.5,638.3,483.0,483.0,472.8,0.0,0.0,0.3,0.3,0.3,0.3,0,0,1,1,1,1
1058,Pr. Holland,54.065277,19.656944,6111.0,0,1,1,1,1,1,0,0,0,0,0,0,0,0,0,0,0,0,0,1,1,1,1,1,0,0,0,0,0,0,1,1,1,1,1,1,0,0,0,0,0,0,1111.9,1111.9,568.6,445.6,445.6,408.8,0.7,2.5,2.5,2.5,2.5,2.5,0,3,3,3,3,3
1059,Ragnit,55.033333,22.033333,,0,0,0,0,0,0,0,0,0,0,0,0,0,0,0,0,0,0,0,1,1,1,1,1,0,0,0,0,0,0,0,0,0,0,0,0,0,0,0,0,0,0,1288.7,1288.7,752.3,570.7,570.7,566.7,0.0,0.3,0.3,0.3,0.3,0.3,0,1,1,1,1,1
1060,Rastenburg,54.083332,21.383333,6267.0,0,0,0,1,1,1,0,0,0,0,0,0,0,0,0,0,0,0,0,0,1,1,1,1,0,0,0,1,1,1,1,1,1,1,1,1,0,0,0,0,0,0,1179.9,1179.9,650.4,458.0,458.0,458.0,0.7,0.7,1.0,3.5,3.5,3.5,0,0,1,3,3,3
1061,Rhein,53.93861,21.545834,,0,0,0,0,0,0,0,0,0,0,0,0,0,0,0,0,0,0,0,0,1,1,1,1,0,0,0,0,0,0,0,0,0,0,0,0,0,0,0,0,0,0,1174.3,1174.3,648.4,444.9,444.9,444.9,0.0,0.0,0.3,0.3,0.3,0.3,0,0,1,1,1,1
1062,Riesenburg,53.755833,19.1975,6418.0,0,0,1,1,1,1,0,0,0,0,0,0,0,0,0,0,0,0,1,1,1,1,1,1,0,0,1,1,1,1,1,1,1,1,1,1,0,0,0,0,0,0,1066.6,1066.6,522.9,413.9,413.9,382.1,1.0,1.0,3.5,3.5,3.5,3.5,1,1,3,3,3,3
1063,Roessel,54.049999,21.15,,0,0,1,1,1,1,0,0,0,0,0,0,0,0,0,0,0,0,1,1,1,1,1,1,0,0,0,0,0,0,1,1,1,1,1,1,0,0,0,0,0,0,1167.5,1167.5,636.4,451.2,451.2,451.2,1.0,1.0,2.5,2.5,2.5,2.5,1,1,3,3,3,3
1064,Rosenberg,53.719723,19.336945,6525.0,0,0,1,1,1,1,0,0,0,0,0,0,0,0,1,1,1,1,0,0,1,1,1,1,0,0,0,1,1,1,1,1,1,1,1,1,0,0,0,0,0,0,1068.2,1068.2,525.9,408.9,408.9,391.8,0.7,0.7,3.2,4.2,4.2,4.2,0,0,3,3,3,3
1065,Saalfeld (Ostpreussen),53.849998,19.6,6660.0,0,1,1,1,1,1,0,0,0,0,0,0,0,0,0,0,0,0,0,1,1,1,1,1,0,0,0,0,0,0,1,1,1,1,1,1,0,0,0,0,0,0,1089.8,1089.8,548.2,421.9,421.9,407.1,0.7,2.5,2.5,2.5,2.5,2.5,0,3,3,3,3,3
1066,Schippenbeil,54.25,21.016666,6855.0,0,0,0,1,1,1,0,0,0,0,0,0,0,0,0,0,0,0,0,0,1,1,1,1,0,0,0,0,0,0,1,1,1,1,1,1,0,0,0,0,0,0,1179.7,1179.7,644.9,471.5,471.5,471.5,0.7,0.7,1.0,2.5,2.5,2.5,0,0,1,3,3,3
1067,Schirwindt,54.781944,22.844723,,0,0,0,0,0,0,0,0,0,0,0,0,0,0,0,0,0,0,0,0,0,0,0,0,0,0,0,0,0,0,0,0,0,0,0,0,0,0,0,0,0,0,1300.2,1300.2,772.7,560.6,560.6,560.6,0.0,0.0,0.0,0.0,0.0,0.0,0,0,0,0,0,0
1068,Schlossberg,54.766666,22.516666,,0,0,0,0,0,0,0,0,0,0,0,0,0,0,0,0,0,0,0,0,0,0,0,0,0,0,0,0,0,0,0,0,0,0,0,0,0,0,0,0,0,0,1285.2,1285.2,755.4,551.6,551.6,551.6,0.0,0.0,0.0,0.0,0.0,0.0,0,0,0,0,0,0
1069,Seeburg,53.976665,20.762501,,0,0,1,1,1,1,0,0,0,0,0,0,0,0,0,0,0,0,0,0,1,1,1,1,0,0,0,0,0,0,1,1,1,1,1,1,0,0,0,0,0,0,1145.5,1145.5,612.1,439.0,439.0,439.0,0.7,0.7,2.5,2.5,2.5,2.5,0,0,3,3,3,3
1070,Sensburg,53.866665,21.299999,,0,0,0,0,1,1,0,0,0,0,0,0,0,0,0,0,0,0,0,0,1,1,1,1,0,0,0,0,1,1,1,1,1,1,1,1,0,0,0,0,0,0,1157.8,1157.8,630.8,433.3,433.3,433.3,0.7,0.7,1.0,1.0,3.5,3.5,0,0,1,1,3,3
1071,Stuhm,53.921665,19.033611,7509.0,0,0,0,0,1,1,0,0,0,0,0,0,0,0,0,0,0,0,0,0,1,1,1,1,0,0,0,0,0,0,1,1,1,1,1,1,0,0,0,0,0,0,1076.6,1076.6,530.3,433.7,433.7,369.3,0.7,0.7,1.0,1.0,2.5,2.5,0,0,1,1,3,3
1072,Tapiau,54.650002,21.066668,,0,0,0,0,0,0,0,0,0,0,0,0,0,0,0,0,0,0,0,1,1,1,1,1,0,0,0,0,0,0,0,0,0,0,0,0,0,0,0,0,0,0,1217.3,1217.3,678.3,515.9,515.9,501.0,0.0,0.3,0.3,0.3,0.3,0.3,0,1,1,1,1,1
1073,Tiegenhof,54.216667,19.116667,,0,0,0,0,0,0,0,0,0,0,0,0,0,0,0,0,0,0,0,0,0,0,0,0,0,0,0,0,0,0,0,0,0,0,0,0,0,0,0,0,0,0,1107.5,1107.5,559.6,465.4,454.3,373.2,0.0,0.0,0.0,0.0,0.0,0.0,0,0,0,0,0,0
1074,Tilsit,55.083332,21.883333,7722.0,0,0,0,0,0,0,0,0,0,0,0,0,0,0,0,0,0,0,0,0,0,1,1,1,0,0,0,0,0,0,0,0,0,0,0,0,0,0,0,0,0,0,1287.2,1287.2,749.3,573.6,573.6,558.0,0.0,0.0,0.0,0.3,0.3,0.3,0,0,0,1,1,1
1075,Tolkemit,54.320278,19.514999,7739.0,0,1,1,1,1,1,0,0,0,0,0,0,0,0,0,0,0,0,0,0,0,0,0,1,0,0,0,0,0,0,1,1,1,1,1,1,0,0,0,0,0,0,1130.8,1130.8,584.5,474.4,474.4,399.1,0.7,2.2,2.2,2.2,2.2,2.5,0,3,3,3,3,3
1076,Treuburg,54.033333,22.5,,0,0,0,0,0,0,0,0,0,0,0,0,0,0,0,0,0,0,0,0,0,0,0,0,0,0,0,0,0,0,1,1,1,1,1,1,0,0,0,0,0,0,1223.4,1223.4,704.6,475.1,475.1,475.1,0.7,0.7,0.7,0.7,0.7,0.7,0,0,0,0,0,0
1077,Wartenburg,53.833332,20.683332,,0,0,0,1,1,1,0,0,0,0,0,0,0,0,0,0,0,0,0,0,1,1,1,1,0,0,0,0,0,0,1,1,1,1,1,1,0,0,0,0,0,0,1129.7,1129.7,597.6,422.5,422.5,422.5,0.7,0.7,1.0,2.5,2.5,2.5,0,0,1,3,3,3
1078,Wehlau,54.616665,21.216667,8253.0,0,0,1,1,1,1,0,0,0,0,0,0,0,0,0,0,0,0,0,1,1,1,1,1,0,0,0,1,1,1,1,1,1,1,1,1,0,0,0,0,0,0,1220.1,1220.1,682.5,513.9,513.9,510.4,0.7,1.0,2.5,3.5,3.5,3.5,0,1,3,3,3,3
1079,Willenberg,53.383335,20.950001,,0,0,0,0,0,0,0,0,0,0,0,0,0,0,0,0,0,0,0,0,0,1,1,1,0,0,0,0,0,0,0,0,0,0,0,0,0,0,0,0,0,0,1101.7,1101.7,579.6,375.9,375.9,375.9,0.0,0.0,0.0,0.3,0.3,0.3,0,0,0,1,1,1
1080,Wormditt,54.099998,20.133333,8615.0,0,0,1,1,1,1,0,0,0,0,0,0,0,0,0,0,0,0,0,0,1,1,1,1,0,0,0,1,1,1,1,1,1,1,1,1,0,0,0,0,0,0,1132.4,1132.4,592.4,449.3,449.3,439.7,0.7,0.7,2.5,3.5,3.5,3.5,0,0,3,3,3,3
1081,Zinten,54.450001,20.299999,,0,1,1,1,1,1,0,0,0,0,0,0,0,0,0,1,1,1,0,1,1,1,1,1,0,0,0,0,0,0,1,1,1,1,1,1,0,0,0,0,0,0,1170.6,1170.6,628.3,488.6,488.6,450.4,0.7,2.5,2.5,3.2,3.2,3.2,0,3,3,3,3,3
1082,Zoppot,54.433334,18.549999,,0,0,0,0,0,0,0,0,0,0,0,0,0,0,0,0,0,0,1,1,1,1,1,1,0,0,0,0,0,0,0,0,0,0,0,0,0,0,0,0,0,0,1110.4,1110.4,558.8,495.2,417.9,337.3,0.3,0.3,0.3,0.3,0.3,0.3,1,1,1,1,1,1
2001,Anklam,53.855278,13.692778,258.0,0,1,1,1,1,1,0,0,0,0,0,0,0,0,0,0,0,0,1,1,1,1,1,1,0,0,0,0,0,0,1,1,1,1,1,1,0,0,0,0,0,0,924.8,924.8,421.9,367.2,104.8,33.2,1.0,2.5,2.5,2.5,2.738,2.917,1,3,3,3,3,3
2002,Barth,54.36861,12.726389,448.0,0,1,1,1,1,1,0,0,0,0,0,0,0,0,0,0,0,0,1,1,1,1,1,1,0,1,1,1,1,1,1,1,1,1,1,1,0,0,0,0,0,0,870.8,870.8,489.8,393.8,49.2,49.2,1.0,3.5,3.5,3.5,3.877,3.877,1,3,3,3,3,3
2003,Bergen,54.418335,13.432777,14429.0,0,0,0,0,0,0,0,0,0,0,0,0,0,0,0,0,0,0,1,1,1,1,1,1,0,0,0,0,0,0,0,0,0,0,0,0,0,0,0,0,0,0,916.8,916.8,486.2,415.2,91.6,36.2,0.3,0.3,0.3,0.3,0.571,0.7095,1,1,1,1,1,1
2004,Damgarten,54.255001,12.473333,1321.0,0,1,1,1,1,1,0,0,0,0,0,0,0,0,0,0,0,0,0,1,1,1,1,1,0,0,0,0,0,0,1,1,1,1,1,1,0,0,0,0,0,0,852.4,852.4,482.0,377.0,28.5,28.5,0.7,2.5,2.5,2.5,2.9288,2.9288,0,3,3,3,3,3
2005,Demmin,53.905277,13.038055,1385.0,1,1,1,1,1,1,0,0,0,0,0,0,0,0,0,0,0,0,1,1,1,1,1,1,0,0,0,0,0,0,1,1,1,1,1,1,0,0,0,0,0,0,882.8,882.8,434.9,352.6,62.1,31.0,2.5,2.5,2.5,2.5,2.8447,2.9224,3,3,3,3,3,3
2006,Franzburg,54.186943,12.8775,13942.0,0,0,0,0,0,0,0,0,0,0,0,0,0,0,0,0,0,0,1,1,1,1,1,1,0,0,0,0,0,0,0,0,0,0,0,0,0,0,0,0,0,0,876.9,876.9,467.8,377.9,49.3,34.8,0.3,0.3,0.3,0.3,0.6769,0.713,1,1,1,1,1,1
2007,Gartz (Oder),53.208611,14.388611,2106.0,1,1,1,1,1,1,0,0,0,0,0,0,0,0,0,0,0,0,1,1,1,1,1,1,0,0,0,0,0,0,1,1,1,1,1,1,0,0,0,0,0,0,886.3,886.3,347.1,337.6,177.6,118.5,2.5,2.5,2.5,2.5,2.5561,2.7038,3,3,3,3,3,3
2008,Garz (Ruegen),54.316387,13.352222,14394.0,0,0,1,1,1,1,0,0,0,0,0,0,0,0,0,0,0,0,0,0,0,0,0,0,0,0,0,0,0,0,0,0,0,0,0,0,0,0,0,0,0,0,909.7,909.7,475.8,402.7,82.8,24.8,0.0,0.0,1.5,1.5,1.793,1.9379,0,0,2,2,2,2
2009,Greifswald,54.095554,13.379444,2409.0,1,1,1,1,1,1,0,0,0,0,0,0,0,0,0,0,0,0,1,1,1,1,1,1,1,1,1,1,1,1,1,1,1,1,1,1,0,0,0,0,0,0,907.7,907.7,451.3,381.1,80.8,0.6,3.5,3.5,3.5,3.5,3.798,3.9986,3,3,3,3,3,3
2010,Grimmen,54.113056,13.043056,2431.0,0,0,1,1,1,1,0,0,0,0,0,0,0,0,0,0,0,0,0,1,1,1,1,1,0,0,0,1,1,1,1,1,1,1,1,1,0,0,0,0,0,0,886.3,886.3,457.4,374.1,58.9,22.6,0.7,1.0,2.5,3.5,3.8527,3.9436,0,1,3,3,3,3
2011,Guetzkow,53.9375,13.409445,13943.0,1,1,1,1,1,1,0,0,0,0,0,0,0,0,0,0,0,0,1,1,1,1,1,1,0,0,0,0,0,0,1,1,1,1,1,1,0,0,0,0,0,0,907.4,907.4,433.7,366.2,84.6,17.4,2.5,2.5,2.5,2.5,2.7885,2.9564,3,3,3,3,3,3
2012,Jarmen,53.923889,13.34,13944.0,0,1,1,1,1,1,0,0,0,0,0,0,0,0,0,0,0,0,0,1,1,1,1,1,0,0,0,0,0,0,1,1,1,1,1,1,0,0,0,0,0,0,902.7,902.7,432.9,362.9,80.5,19.2,0.7,2.5,2.5,2.5,2.7987,2.9521,0,3,3,3,3,3
2013,Lassan,53.945557,13.845,13945.0,0,1,1,1,1,1,0,0,0,0,0,0,0,0,0,0,0,0,1,1,1,1,1,1,0,0,0,0,0,0,0,0,0,0,0,0,0,0,0,0,0,0,935.8,935.8,430.8,380.9,112.5,34.1,0.3,1.8,1.8,1.8,2.0187,2.2147,1,2,2,2,2,2
2014,Loitz,53.97361,13.129444,4558.0,1,1,1,1,1,1,0,0,0,0,0,0,0,0,0,0,0,0,1,1,1,1,1,1,0,0,0,0,0,0,1,1,1,1,1,1,0,0,0,0,0,0,889.7,889.7,441.0,362.0,65.9,21.5,2.5,2.5,2.5,2.5,2.8353,2.9462,3,3,3,3,3,3
2015,Pasewalk,53.503887,13.997222,5844.0,1,1,1,1,1,1,0,0,0,0,0,0,0,0,0,0,0,0,1,1,1,1,1,1,0,0,0,0,0,0,1,1,1,1,1,1,0,0,0,0,0,0,913.2,913.2,381.0,345.7,138.2,76.9,2.5,2.5,2.5,2.5,2.6545,2.8079,3,3,3,3,3,3
2016,Penkun,53.297779,14.235556,13946.0,0,1,1,1,1,1,0,0,0,0,0,0,0,0,0,0,0,0,1,1,1,1,1,1,0,0,0,0,0,0,1,1,1,1,1,1,0,0,0,0,0,0,893.8,893.8,357.2,338.0,163.6,104.6,1.0,2.5,2.5,2.5,2.591,2.7384,1,3,3,3,3,3
2017,Richtenberg,54.200554,12.89,6407.0,0,1,1,1,1,1,0,0,0,0,0,0,0,0,0,0,0,0,1,1,1,1,1,1,0,0,0,0,0,0,0,0,0,0,0,0,0,0,0,0,0,0,878.0,878.0,469.1,379.6,50.4,34.5,0.3,1.8,1.8,1.8,2.174,2.2137,1,2,2,2,2,2
2018,Stralsund,54.313889,13.089723,7461.0,1,1,1,1,1,1,0,0,0,0,0,0,0,0,0,0,0,0,1,1,1,1,1,1,1,1,1,1,1,1,0,0,0,0,0,0,0,0,1,1,1,1,892.9,892.9,478.6,395.9,66.6,31.2,2.8,2.8,4.8,4.8,5.1334,5.222,3,3,3,3,3,3
2019,Treptow (Tollense),53.69278,13.250834,,0,0,0,0,0,0,0,0,0,0,0,0,0,0,0,0,0,0,1,1,1,1,1,1,0,0,0,0,0,0,1,1,1,1,1,1,0,0,0,0,0,0,894.2,894.2,408.8,337.3,85.1,45.5,1.0,1.0,1.0,1.0,1.2874,1.3863,1,1,1,1,1,1
2020,Tribsees,54.094444,12.757778,7810.0,1,1,1,1,1,1,0,0,0,0,0,0,0,0,0,0,0,0,1,1,1,1,1,1,0,0,0,0,0,0,0,0,0,0,0,0,0,0,0,0,0,0,867.6,867.6,459.8,365.5,40.3,40.3,1.8,1.8,1.8,1.8,2.1993,2.1993,2,2,2,2,2,2
2021,Ueckermuende,53.736389,14.046389,7885.0,0,1,1,1,1,1,0,0,0,0,0,0,0,0,0,0,0,0,1,1,1,1,1,1,0,0,0,0,0,0,1,1,1,1,1,1,0,0,0,0,0,0,939.2,939.2,406.6,368.6,130.8,58.7,1.0,2.5,2.5,2.5,2.6729,2.8534,1,3,3,3,3,3
2022,Usedom,53.87389,13.920278,13947.0,0,1,1,1,1,1,0,0,0,0,0,0,0,0,0,0,0,0,1,1,1,1,1,1,0,0,0,0,0,0,1,1,1,1,1,1,0,0,0,0,0,0,939.9,939.9,422.4,376.7,118.8,42.6,1.0,2.5,2.5,2.5,2.703,2.8936,1,3,3,3,3,3
2023,Wolgast,54.052776,13.774445,8590.0,1,1,1,1,1,1,0,0,0,0,0,0,0,1,1,1,1,1,1,1,1,1,1,1,0,0,0,0,0,0,1,1,1,1,1,1,0,0,0,0,0,0,932.7,932.7,443.1,388.9,106.7,25.6,2.5,3.2,3.2,3.2,3.4332,3.6359,3,3,3,3,3,3
3001,Arnhausen,53.8325,15.939167,,0,1,1,1,1,1,0,0,0,0,0,1,0,0,0,0,0,0,1,1,1,1,1,1,0,0,0,0,0,0,0,0,0,0,0,0,0,0,0,0,0,0,981.1,981.1,429.2,429.2,250.1,169.4,0.3,1.8,1.8,1.8,1.8,0.8765,1,2,2,2,2,1
3002,Arnswalde,53.166668,15.4,303.0,0,1,1,1,1,1,0,0,0,0,0,0,0,0,0,0,0,0,0,1,1,1,1,1,0,0,0,0,0,0,0,0,0,0,0,0,0,0,0,0,0,0,899.6,899.6,349.0,349.0,238.1,168.0,0.0,1.8,1.8,1.8,1.8,1.8799,0,2,2,2,2,2
3003,Baerwalde,53.745277,16.35111,,0,1,1,1,1,1,0,0,0,0,0,0,0,0,0,0,0,0,0,1,1,1,1,1,0,0,0,0,0,0,1,1,1,1,1,1,0,0,0,0,0,0,981.2,981.2,427.7,427.7,278.4,197.9,0.7,2.5,2.5,2.5,2.5,2.5053,0,3,3,3,3,3
3004,Bahn,53.099998,14.65,16379.0,0,0,0,0,0,0,0,0,0,0,0,0,0,0,0,0,0,0,1,1,1,1,1,1,0,0,0,0,0,0,0,0,0,0,0,0,0,0,0,0,0,0,878.6,878.6,335.3,335.3,198.8,138.4,0.3,0.3,0.3,0.3,0.3031,0.454,1,1,1,1,1,1
3005,Baldenburg,53.897499,16.834444,16395.0,0,0,0,1,1,1,0,0,0,0,0,0,0,0,0,0,0,0,0,0,0,1,1,1,0,0,0,0,0,0,1,1,1,1,1,1,0,0,0,0,0,0,1008.7,1008.7,454.7,454.7,307.5,226.3,0.7,0.7,0.7,2.5,2.5,2.5,0,0,0,3,3,3
3006,Belgard,54.0,15.983334,517.0,0,1,1,1,1,1,0,0,0,0,0,0,0,0,0,0,0,0,1,1,1,1,1,1,0,1,1,1,1,1,1,1,1,1,1,1,0,0,0,0,0,0,999.7,999.7,447.9,447.9,251.1,169.8,1.0,3.5,3.5,3.5,3.5,3.5756,1,3,3,3,3,3
3007,Bublitz,53.950001,16.583334,16380.0,0,0,1,1,1,1,0,0,0,0,0,0,0,0,0,0,0,0,0,0,1,1,1,1,0,0,0,0,0,0,1,1,1,1,1,1,0,0,0,0,0,0,1008.0,1008.0,454.2,454.2,290.6,209.3,0.7,0.7,2.5,2.5,2.5,2.5,0,0,3,3,3,3
3008,Buetow,54.16861,17.491667,16381.0,0,0,1,1,1,1,0,0,0,0,0,0,0,0,0,0,0,0,0,0,1,1,1,1,0,0,0,0,0,0,1,1,1,1,1,1,0,0,0,0,0,0,1053.6,1053.6,499.7,486.2,348.7,267.5,0.7,0.7,2.5,2.5,2.5,2.5,0,0,3,3,3,3
3009,Daber,53.586666,15.309167,16382.0,0,0,0,0,0,0,0,0,0,0,0,0,0,0,0,0,0,0,0,1,1,1,1,1,0,0,0,0,0,0,1,1,1,1,1,1,0,0,0,0,0,0,942.5,942.5,393.8,393.8,215.3,138.1,0.7,1.0,1.0,1.0,1.0,1.1548,0,1,1,1,1,1
3010,Deutsch Krone,53.266666,16.466667,1413.0,0,0,1,1,1,1,0,0,0,0,0,0,0,0,0,0,0,0,0,0,1,1,1,1,0,0,0,0,0,0,0,0,0,0,0,0,0,0,0,0,0,0,934.6,934.6,380.6,380.6,299.2,222.6,0.0,0.0,1.8,1.8,1.8,1.8,0,0,2,2,2,2
3011,Dramburg,53.533333,15.8,1552.0,0,1,1,1,1,1,0,0,0,0,0,0,0,0,0,0,0,0,0,1,1,1,1,1,0,1,1,1,1,1,0,0,0,0,0,0,0,0,0,0,0,0,946.7,946.7,394.7,394.7,248.1,170.2,0.0,2.8,2.8,2.8,2.8,2.8746,0,3,3,3,3,3
3012,Driesen (Neumark),52.833332,15.833333,1581.0,0,0,1,1,1,1,0,0,0,0,0,0,0,0,0,0,0,0,1,1,1,1,1,1,0,0,0,0,0,0,0,0,0,0,0,0,0,0,0,0,0,0,874.2,874.2,320.6,320.6,281.5,214.1,0.3,0.3,1.8,1.8,1.8,1.8,1,1,2,2,2,2
3013,Falkenburg,53.534443,16.008888,1902.0,0,0,1,1,1,1,0,0,0,0,0,0,0,0,0,0,0,0,0,0,1,1,1,1,0,0,0,0,0,0,0,0,0,0,0,0,0,0,0,0,0,0,951.4,951.4,398.5,398.5,261.3,183.0,0.0,0.0,1.8,1.8,1.8,1.8426,0,0,2,2,2,2
3014,Fiddichow,53.127777,14.388889,16383.0,0,0,1,1,1,1,0,0,0,0,0,0,0,0,0,0,0,0,1,1,1,1,1,1,0,0,0,0,0,0,0,0,0,0,0,0,0,0,0,0,0,0,877.5,877.5,338.1,331.2,182.8,126.1,0.3,0.3,1.8,1.8,1.843,1.9847,1,1,2,2,2,2
3015,Flatow,53.362499,17.033056,16372.0,0,0,0,0,0,0,0,0,0,0,0,0,0,0,0,0,0,0,1,1,1,1,1,1,0,0,0,0,0,0,1,1,1,1,1,1,0,0,0,0,0,0,959.5,959.5,406.1,406.1,331.8,253.2,1.0,1.0,1.0,1.0,1.0,1.0,1,1,1,1,1,1
3016,Freienwalde i. Pomm.,53.466667,15.35,16384.0,0,0,0,1,1,1,0,0,0,0,0,0,0,0,0,0,0,0,1,1,1,1,1,1,0,0,0,0,0,0,0,0,0,0,0,0,0,0,0,0,0,0,930.5,930.5,381.1,381.1,221.9,146.6,0.3,0.3,0.3,1.8,1.8,1.9336,1,1,1,2,2,2
3017,Friedeberg (Neumark),52.883335,15.516666,2020.0,0,0,0,0,0,0,0,0,0,0,0,0,0,0,0,0,0,0,0,1,1,1,1,1,0,0,0,0,0,0,0,0,0,0,0,0,0,0,0,0,0,0,872.2,872.2,320.0,320.0,260.5,194.8,0.0,0.3,0.3,0.3,0.3,0.313,0,1,1,1,1,1
3018,Gollnow,53.56361,14.828055,2281.0,0,1,1,1,1,1,0,0,0,0,0,0,0,0,1,1,1,1,1,1,1,1,1,1,0,0,0,0,0,0,1,1,1,1,1,1,0,0,0,0,0,0,931.5,931.5,387.5,386.3,185.8,111.4,1.0,2.5,3.2,3.2,3.2355,3.4215,1,3,3,3,3,3
3019,Greifenberg i. Pomm.,53.916111,15.199722,2406.0,0,1,1,1,1,1,0,0,0,0,0,0,0,0,0,0,0,0,0,1,1,1,1,1,0,0,1,1,1,1,1,1,1,1,1,1,0,0,0,0,0,0,975.7,975.7,429.0,429.0,200.9,120.0,0.7,2.5,3.5,3.5,3.5,3.6999,0,3,3,3,3,3
3020,Greifenhagen,53.252777,14.487778,2407.0,0,1,1,1,1,1,0,0,0,0,0,0,0,1,1,1,1,1,0,1,1,1,1,1,0,0,0,0,0,0,0,0,0,0,0,0,0,0,0,0,0,0,892.6,892.6,352.0,345.7,180.4,118.3,0.0,2.5,2.5,2.5,2.549,2.7042,0,2,2,2,2,2
3021,Guelzow,53.824165,14.979445,,0,0,0,0,0,0,0,0,0,0,0,0,0,0,0,0,0,0,0,0,1,1,1,1,0,0,0,0,0,0,0,0,0,0,0,0,0,0,0,0,0,0,962.1,962.1,417.3,414.4,188.1,108.4,0.0,0.0,0.3,0.3,0.3298,0.5291,0,0,1,1,1,1
3022,Hammerstein,53.683056,16.941944,2789.0,0,0,0,1,1,1,0,0,0,0,0,0,0,0,0,0,0,0,0,0,0,1,1,1,0,0,0,0,0,0,1,1,1,1,1,1,0,0,0,0,0,0,989.6,989.6,435.6,435.6,317.8,237.3,0.7,0.7,0.7,2.5,2.5,2.5,0,0,0,3,3,3
3023,Hochzeit,53.0,15.95,,0,0,0,0,0,0,0,0,0,0,0,0,0,0,0,0,0,0,1,1,1,1,1,1,0,0,0,0,0,0,0,0,0,0,0,0,0,0,0,0,0,0,894.3,894.3,340.7,340.7,279.3,208.4,0.3,0.3,0.3,0.3,0.3,0.3,1,1,1,1,1,1
3024,Jacobshagen,53.356945,15.428611,16385.0,0,0,0,0,0,0,0,0,0,0,0,0,0,0,0,0,0,0,0,0,1,1,1,1,0,0,0,0,0,0,0,0,0,0,0,0,0,0,0,0,0,0,920.4,920.4,370.1,370.1,231.1,157.3,0.0,0.0,0.3,0.3,0.3,0.4068,0,0,1,1,1,1
3025,Jastrow,53.416668,16.816668,3392.0,0,0,0,0,0,0,0,0,0,0,0,0,0,0,0,0,0,0,0,0,0,1,1,1,0,0,0,0,0,0,0,0,0,0,0,0,0,0,0,0,0,0,959.1,959.1,405.2,405.2,316.3,237.6,0.0,0.0,0.0,0.3,0.3,0.3,0,0,0,1,1,1
3026,Kallies,53.283333,15.9,3500.0,0,0,1,1,1,1,0,0,0,0,0,0,0,0,0,0,0,0,0,0,1,1,1,1,0,0,0,0,0,0,1,1,1,1,1,1,0,0,0,0,0,0,922.7,922.7,369.7,369.7,263.2,188.4,0.7,0.7,2.5,2.5,2.5,2.5291,0,0,3,3,3,3
3027,Kammin,53.9725,14.768611,3538.0,0,1,1,1,1,1,0,0,0,0,0,0,0,0,0,0,0,0,1,1,1,1,1,1,0,0,1,1,1,1,1,1,1,1,1,1,0,0,0,0,0,0,974.7,974.7,432.6,418.0,172.1,91.2,1.0,2.5,3.5,3.5,3.5697,3.7721,1,3,3,3,3,3
3028,Koerlin,54.038055,15.876667,3958.0,1,1,1,1,1,1,0,0,0,0,0,0,0,0,0,0,0,0,0,1,1,1,1,1,0,0,0,0,0,0,1,1,1,1,1,1,0,0,0,0,0,0,1001.5,1001.5,450.4,450.4,243.9,162.5,2.2,2.5,2.5,2.5,2.5,2.5937,3,3,3,3,3,3
3029,Koeslin,54.190277,16.181667,3976.0,0,1,1,1,1,1,0,0,0,0,0,0,0,0,0,0,0,0,1,1,1,1,1,1,0,0,1,1,1,1,1,1,1,1,1,1,0,0,0,0,0,0,1023.9,1023.9,471.7,471.7,263.5,182.3,1.0,2.5,3.5,3.5,3.5,3.5443,1,3,3,3,3,3
3030,Kolberg,54.175835,15.574722,3880.0,0,1,1,1,1,1,0,0,0,0,0,0,0,0,0,0,0,0,1,1,1,1,1,1,0,1,1,1,1,1,1,1,1,1,1,1,0,0,0,0,0,0,1010.2,1010.2,461.4,461.4,224.0,142.8,1.0,3.5,3.5,3.5,3.5,3.6431,1,3,3,3,3,3
3031,Kreuz,52.866665,16.016666,,0,0,0,0,0,0,0,0,0,0,0,0,0,0,0,0,0,0,0,0,0,0,0,0,0,0,0,0,0,0,0,0,0,0,0,0,0,0,0,0,0,0,882.1,882.1,328.2,328.2,290.2,221.1,0.0,0.0,0.0,0.0,0.0,0.0,0,0,0,0,0,0
3032,Krojanke,53.283333,16.983334,16386.0,0,0,0,0,1,1,0,0,0,0,0,0,0,0,0,0,0,0,0,0,0,0,1,1,0,0,0,0,0,0,1,1,1,1,1,1,0,0,0,0,0,0,950.2,950.2,396.8,396.8,331.2,253.3,0.7,0.7,0.7,0.7,2.5,2.5,0,0,0,0,3,3
3033,Kuertow,53.150002,15.55,,0,0,0,0,0,1,0,0,0,0,0,0,0,0,0,0,0,0,1,1,1,1,1,1,0,0,0,0,0,0,0,0,0,0,0,0,0,0,0,0,0,0,901.0,901.0,349.3,349.3,247.9,177.0,0.3,0.3,0.3,0.3,0.3,1.8574,1,1,1,1,1,2
3034,Labes,53.633335,15.616667,16387.0,0,1,1,1,1,1,0,0,0,0,0,0,0,0,0,0,0,0,0,1,1,1,1,1,0,0,0,0,0,0,1,1,1,1,1,1,0,0,0,0,0,0,953.4,953.4,402.7,402.7,233.5,154.9,0.7,2.5,2.5,2.5,2.5,2.6129,0,3,3,3,3,3
3035,Landeck,53.535831,16.953888,,0,0,0,0,0,0,0,0,0,0,0,0,0,0,0,0,0,0,0,0,0,1,1,1,0,0,0,0,0,0,0,0,0,0,0,0,0,0,0,0,0,0,974.9,974.9,421.0,421.0,321.9,242.2,0.0,0.0,0.0,0.3,0.3,0.3,0,0,0,1,1,1
3036,Lauenburg,54.543056,17.745832,4279.0,0,0,1,1,1,1,0,0,0,0,0,0,0,0,0,0,0,0,0,1,1,1,1,1,0,0,0,0,0,0,1,1,1,1,1,1,0,0,0,0,0,0,1098.3,1098.3,544.4,520.1,367.0,287.0,0.7,1.0,2.5,2.5,2.5,2.5,0,1,3,3,3,3
3037,Leba,54.75639,17.555555,16388.0,0,0,0,1,1,1,0,0,0,0,0,0,0,0,0,0,0,0,0,0,0,1,1,1,0,0,0,0,0,0,1,1,1,1,1,1,0,0,0,0,0,0,1114.9,1114.9,560.8,546.4,358.0,279.4,0.7,0.7,0.7,2.5,2.5,2.5,0,0,0,3,3,3
3038,Maerkisch Friedland,53.341389,16.084999,4775.0,0,0,1,1,1,1,0,0,0,0,0,0,0,0,0,0,0,0,0,0,1,1,1,1,0,0,0,0,0,0,0,0,0,0,0,0,0,0,0,0,0,0,933.0,933.0,379.5,379.5,272.5,196.2,0.0,0.0,1.8,1.8,1.8,1.8095,0,0,2,2,2,2
3039,Massow,53.496387,15.060278,4804.0,0,1,1,1,1,1,0,0,0,0,0,0,0,1,1,1,1,1,1,1,1,1,1,1,0,0,0,0,0,0,1,1,1,1,1,1,0,0,0,0,0,0,928.3,928.3,381.6,381.6,202.8,128.4,1.0,3.2,3.2,3.2,3.2,3.3791,1,3,3,3,3,3
3040,Naugard,53.666668,15.116667,5161.0,0,0,1,1,1,1,0,0,0,0,0,0,0,0,0,0,0,0,0,1,1,1,1,1,0,0,0,0,0,0,1,1,1,1,1,1,0,0,0,0,0,0,947.5,947.5,400.8,400.8,200.7,122.9,0.7,1.0,2.5,2.5,2.5,2.6928,0,1,3,3,3,3
3041,Neustettin,53.716667,16.683332,5317.0,0,0,1,1,1,1,0,0,0,0,0,0,0,0,0,0,0,0,0,0,1,1,1,1,0,0,0,0,0,0,1,1,1,1,1,1,0,0,0,0,0,0,986.3,986.3,432.3,432.3,300.4,219.9,0.7,0.7,2.5,2.5,2.5,2.5,0,0,3,3,3,3
3042,Neuwarp,53.725277,14.279445,14449.0,0,0,0,0,1,1,0,0,0,0,0,0,0,0,0,0,0,0,1,1,1,1,1,1,0,0,0,0,0,0,1,1,1,1,1,1,0,0,0,0,0,0,940.9,940.9,404.6,376.6,145.8,71.4,1.0,1.0,1.0,1.0,2.6354,2.8216,1,1,1,1,3,3
3043,Neuwedell,53.216667,15.75,16390.0,0,0,1,1,1,1,0,0,0,0,0,0,0,0,0,0,0,0,0,0,1,1,1,1,0,0,0,0,0,0,0,0,0,0,0,0,0,0,0,0,0,0,912.3,912.3,359.8,359.8,256.9,183.7,0.0,0.0,1.8,1.8,1.8,1.8408,0,0,2,2,2,2
3044,Noerenberg,53.383335,15.55,16391.0,0,0,0,0,0,0,0,0,0,0,0,0,0,0,0,0,0,0,1,1,1,1,1,1,0,0,0,0,0,0,0,0,0,0,0,0,0,0,0,0,0,0,925.6,925.6,374.6,374.6,237.6,162.7,0.3,0.3,0.3,0.3,0.3,0.3933,1,1,1,1,1,1
3045,Plathe,53.803612,15.27,5964.0,0,1,1,1,1,1,0,0,0,0,0,0,0,0,0,0,0,0,1,1,1,1,1,1,0,0,0,0,0,0,1,1,1,1,1,1,0,0,0,0,0,0,964.9,964.9,417.3,417.3,207.2,127.3,1.0,2.5,2.5,2.5,2.5,2.6817,1,3,3,3,3,3
3046,Pollnow,54.099998,16.700001,16393.0,0,0,1,1,1,1,0,0,0,0,0,0,0,0,0,0,0,0,0,0,1,1,1,1,0,0,0,0,0,0,1,1,1,1,1,1,0,0,0,0,0,0,1026.3,1026.3,472.5,472.5,297.3,216.0,0.7,0.7,2.5,2.5,2.5,2.5,0,0,3,3,3,3
3047,Bad Polzin,53.765556,16.092777,6039.0,0,0,1,1,1,1,0,0,0,0,0,0,0,0,0,0,0,0,0,1,1,1,1,1,0,0,0,0,0,0,0,0,0,0,0,0,0,0,0,0,0,0,977.4,977.4,424.7,424.7,261.2,180.8,0.0,0.3,1.8,1.8,1.8,1.848,0,1,2,2,2,2
3048,Preussisch Friedland,53.536388,17.235277,6110.0,0,0,0,1,1,1,0,0,0,0,0,0,0,0,0,0,0,0,0,0,1,1,1,1,0,0,0,0,0,0,1,1,1,1,1,1,0,0,0,0,0,0,982.7,982.7,429.4,428.7,340.0,260.0,0.7,0.7,1.0,2.5,2.5,2.5,0,0,1,3,3,3
3049,Pyritz,53.143055,14.893056,6185.0,0,1,1,1,1,1,0,0,0,0,0,0,0,0,0,0,0,0,1,1,1,1,1,1,0,0,0,0,0,0,0,0,0,0,0,0,0,0,0,0,0,0,887.4,887.4,341.3,341.3,209.8,145.0,0.3,1.8,1.8,1.8,1.8,1.9374,1,2,2,2,2,2
3050,Radolin,53.0,16.549999,,0,0,0,0,0,0,0,0,0,0,0,0,0,0,0,0,0,0,0,0,0,0,0,0,0,0,0,0,0,0,0,0,0,0,0,0,0,0,0,0,0,0,909.6,909.6,355.7,355.7,315.4,241.7,0.0,0.0,0.0,0.0,0.0,0.0,0,0,0,0,0,0
3051,Ratzebuhr i. Pomm.,53.533333,16.85,,0,0,0,0,0,0,0,0,0,0,0,0,0,0,0,0,0,0,0,0,0,0,0,0,0,0,0,0,0,0,0,0,0,0,0,0,0,0,0,0,0,0,971.9,971.9,417.9,417.9,315.3,235.7,0.0,0.0,0.0,0.0,0.0,0.0,0,0,0,0,0,0
3052,Reetz (Neumark),53.260277,15.546389,6312.0,0,1,1,1,1,1,0,0,0,0,0,0,0,0,0,0,0,0,0,1,1,1,1,1,0,0,0,0,0,0,0,0,0,0,0,0,0,0,0,0,0,0,912.5,912.5,361.2,361.2,242.5,169.7,0.0,1.8,1.8,1.8,1.8,1.8757,0,2,2,2,2,2
3053,Regenwalde,53.772778,15.405833,6315.0,0,1,1,1,1,1,0,0,0,0,0,0,0,0,0,0,0,0,1,1,1,1,1,1,0,0,0,0,0,0,0,0,0,0,0,0,0,0,0,0,0,0,964.1,964.1,415.3,415.3,216.6,136.8,0.3,1.8,1.8,1.8,1.8,1.9579,1,2,2,2,2,2
3054,Ruegenwalde,54.422222,16.411112,8875.0,0,1,1,1,1,1,0,1,1,1,1,1,0,0,1,1,1,1,0,1,1,1,1,1,0,0,0,0,0,0,1,1,1,1,1,1,0,0,0,0,0,0,1053.2,1053.2,500.6,500.6,279.8,199.7,0.7,1.5,2.2,2.2,2.2,2.2007,0,2,2,2,2,2
3055,Rummelsburg i. Pomm.,53.999722,16.976389,,0,0,0,0,0,0,0,0,0,0,0,0,0,0,0,0,0,0,0,0,0,0,0,1,0,0,0,0,0,0,0,0,0,0,0,0,0,0,0,0,0,0,1022.8,1022.8,468.7,468.7,315.8,234.5,0.0,0.0,0.0,0.0,0.0,0.3,0,0,0,0,0,1
3056,Schivelbein,53.766666,15.783334,6859.0,0,1,1,1,1,1,0,0,0,0,0,0,0,0,0,0,0,0,0,1,1,1,1,1,0,0,0,1,1,1,0,0,0,0,0,0,0,0,0,0,0,0,970.9,970.9,419.6,419.6,241.2,161.0,0.0,1.8,1.8,2.8,2.8,2.8975,0,2,2,3,3,3
3057,Schlawe,54.349998,16.666666,6872.0,0,0,1,1,1,1,0,0,0,0,0,0,0,0,0,0,0,0,1,1,1,1,1,1,0,0,0,1,1,1,1,1,1,1,1,1,0,0,0,0,0,0,1051.4,1051.4,498.0,498.0,295.7,215.0,1.0,1.0,2.5,3.5,3.5,3.5,1,1,3,3,3,3
3058,Schlochau,53.650002,17.366667,6887.0,0,0,1,1,1,1,0,0,0,0,0,0,0,0,0,0,0,0,1,1,1,1,1,1,0,0,0,0,0,0,1,1,1,1,1,1,0,0,0,0,0,0,997.9,997.9,444.7,436.3,346.0,265.4,1.0,1.0,2.5,2.5,2.5,2.5,1,1,3,3,3,3
3059,Schloppe,53.083332,16.1,6889.0,0,0,1,1,1,1,0,0,0,0,0,0,0,0,0,0,0,0,1,1,1,1,1,1,0,0,0,0,0,0,1,1,1,1,1,1,0,0,0,0,0,0,906.6,906.6,352.7,352.7,284.2,211.3,1.0,1.0,2.5,2.5,2.5,2.5,1,1,3,3,3,3
3060,Schneidemuehl,53.150002,16.733334,6915.0,0,0,0,0,0,0,0,0,0,0,0,0,0,0,0,0,0,0,0,0,0,0,0,1,0,0,0,0,0,0,1,1,1,1,1,1,0,0,0,0,0,0,929.8,929.8,376.0,376.0,320.3,244.3,0.7,0.7,0.7,0.7,0.7,1.0,0,0,0,0,0,1
3061,Schoenlanke,53.033333,16.466667,,0,0,0,0,0,0,0,0,0,0,0,0,0,0,0,0,0,0,0,0,0,0,0,0,0,0,0,0,0,0,0,0,0,0,0,0,0,0,0,0,0,0,910.7,910.7,356.7,356.7,308.8,235.0,0.0,0.0,0.0,0.0,0.0,0.0,0,0,0,0,0,0
3062,Stargard in Pommern,53.336945,15.046667,7343.0,0,1,1,1,1,1,0,0,0,0,0,0,0,1,1,1,1,1,1,1,1,1,1,1,0,0,0,0,0,0,1,1,1,1,1,1,0,0,0,0,0,0,910.9,910.9,363.9,363.9,208.7,137.8,1.0,3.2,3.2,3.2,3.2,3.3554,1,3,3,3,3,3
3063,Stepenitz,53.650002,14.616667,,0,0,0,0,0,0,0,0,0,0,0,0,0,0,0,0,0,0,0,1,1,1,1,1,0,0,0,0,0,0,0,0,0,0,0,0,0,0,0,0,0,0,937.5,937.5,396.4,384.1,169.5,94.5,0.0,0.3,0.3,0.3,0.3762,0.5638,0,1,1,1,1,1
3064,Stettin,53.424721,14.555278,7413.0,1,1,1,1,1,1,0,0,0,0,0,0,0,0,0,0,0,0,1,1,1,1,1,1,1,1,1,1,1,1,1,1,1,1,1,1,0,0,0,0,0,0,912.2,912.2,371.2,362.7,175.1,106.9,3.5,3.5,3.5,3.5,3.5623,3.7328,3,3,3,3,3,3
3065,Stettin-Altdamm,53.395,14.665,175.0,0,1,1,1,1,1,0,0,0,0,0,0,0,1,1,1,1,1,1,1,1,1,1,1,0,0,0,0,0,0,0,0,0,0,0,0,0,0,0,0,0,0,910.7,910.7,368.2,365.3,183.1,114.4,0.3,2.5,2.5,2.5,2.5423,2.7139,1,2,2,2,2,2
3066,Stettin-Grabow,53.433334,14.583333,,0,0,0,0,0,0,0,0,0,0,0,0,0,0,0,0,0,0,1,1,1,1,1,1,0,0,0,0,0,0,0,0,0,0,0,0,0,0,0,0,0,0,913.6,913.6,372.2,364.6,176.3,107.6,0.3,0.3,0.3,0.3,0.3591,0.5311,1,1,1,1,1,1
3067,Stettin-Poelitz,53.549999,14.570833,16373.0,0,1,1,1,1,1,0,0,0,0,0,0,0,0,0,0,0,0,1,1,1,1,1,1,0,0,0,0,0,1,0,0,0,0,0,0,0,0,0,0,0,0,926.0,926.0,385.1,373.7,170.4,98.4,0.3,1.8,1.8,1.8,1.874,3.0539,1,2,2,2,2,3
3068,Stolp,54.46611,17.030834,7442.0,0,0,1,1,1,1,0,0,0,0,0,0,0,0,0,0,0,0,1,1,1,1,1,1,0,0,0,0,0,0,1,1,1,1,1,1,0,0,0,0,0,0,1072.1,1072.1,518.1,518.1,320.2,240.1,1.0,1.0,2.5,2.5,2.5,2.5,1,1,3,3,3,3
3069,Stramehl,53.65139,15.525833,,0,0,1,1,1,1,0,0,0,0,0,0,0,0,0,0,0,0,0,1,1,1,1,1,0,0,0,0,0,0,1,1,1,1,1,1,0,0,0,0,0,0,953.5,953.5,403.5,403.5,227.2,148.5,0.7,1.0,2.5,2.5,2.5,2.6286,0,1,3,3,3,3
3070,Swinemuende,53.916668,14.25,,0,0,0,0,0,0,0,0,0,0,0,0,0,0,0,0,0,0,1,1,1,1,1,1,0,0,0,0,0,0,0,0,0,0,0,0,0,0,0,0,0,0,961.4,961.4,425.9,392.7,139.2,59.7,0.3,0.3,0.3,0.3,0.452,0.6508,1,1,1,1,1,1
3071,Tankow,52.933334,15.35,,0,0,0,0,0,0,0,0,0,0,0,0,0,0,0,0,0,0,0,1,1,1,1,1,0,0,0,0,0,0,0,0,0,0,0,0,0,0,0,0,0,0,873.9,873.9,322.9,322.9,248.1,183.0,0.0,0.3,0.3,0.3,0.3,0.3426,0,1,1,1,1,1
3072,Tempelburg,53.549999,16.233334,7643.0,0,1,1,1,1,1,0,0,0,0,0,0,0,0,0,0,0,0,0,1,1,1,1,1,0,0,0,0,0,0,1,1,1,1,1,1,0,0,0,0,0,0,958.2,958.2,404.6,404.6,275.2,196.3,0.7,2.5,2.5,2.5,2.5,2.5092,0,3,3,3,3,3
3073,Treptow (Rega),54.063889,15.266666,7806.0,0,1,1,1,1,1,0,0,0,0,0,0,0,0,0,0,0,0,1,1,1,1,1,1,0,0,0,1,1,1,1,1,1,1,1,1,0,0,0,0,0,0,992.7,992.7,445.9,445.9,204.0,122.6,1.0,2.5,2.5,3.5,3.5,3.6935,1,3,3,3,3,3
3074,Tuetz,53.183334,16.15,7858.0,0,0,1,1,1,1,0,0,0,0,0,0,0,0,0,0,0,0,0,0,1,1,1,1,0,0,0,0,0,0,1,1,1,1,1,1,0,0,0,0,0,0,918.2,918.2,364.3,364.3,282.8,208.3,0.7,0.7,2.5,2.5,2.5,2.5,0,0,3,3,3,3
3075,Wangerin,53.536945,15.5575,16392.0,0,0,0,0,0,1,0,0,0,0,0,0,0,0,0,0,0,0,0,0,1,1,1,1,0,0,0,0,0,0,1,1,1,1,1,1,0,0,0,0,0,0,942.0,942.0,391.4,391.4,232.6,155.3,0.7,0.7,1.0,1.0,1.0,2.6117,0,0,1,1,1,3
3076,Werben (Pommern),53.233055,14.9125,,0,0,0,0,0,0,0,0,0,0,0,0,0,0,0,0,0,0,1,1,1,1,1,1,0,0,0,0,0,0,1,1,1,1,1,1,0,0,0,0,0,0,897.4,897.4,351.4,351.4,205.9,138.8,1.0,1.0,1.0,1.0,1.0,1.1531,1,1,1,1,1,1
3077,Woldenberg (Neumark),52.966667,15.75,8576.0,0,1,1,1,1,1,0,0,0,0,0,0,0,0,0,0,0,0,1,1,1,1,1,1,0,0,0,0,0,0,0,0,0,0,0,0,0,0,0,0,0,0,886.2,886.2,333.1,333.1,269.2,200.2,0.3,1.8,1.8,1.8,1.8,1.8,1,2,2,2,2,2
3078,Wollin,53.843334,14.615556,8597.0,1,1,1,1,1,1,0,0,0,0,0,0,0,0,0,0,0,0,1,1,1,1,1,1,0,0,0,0,0,0,1,1,1,1,1,1,0,0,0,0,0,0,958.4,958.4,417.8,400.5,164.2,85.0,2.5,2.5,2.5,2.5,2.5895,2.7875,3,3,3,3,3,3
3079,Zachan,53.279446,15.318055,,0,0,0,0,0,0,0,0,0,0,0,0,0,0,0,0,0,0,0,1,1,1,1,1,0,0,0,0,0,0,0,0,0,0,0,0,0,0,0,0,0,0,909.9,909.9,360.3,360.3,227.8,156.1,0.0,0.3,0.3,0.3,0.3,0.4098,0,1,1,1,1,1
3080,Zanow,54.227779,16.291666,8709.0,0,0,1,1,1,1,0,0,0,0,0,0,0,0,0,0,0,0,0,0,1,1,1,1,0,0,0,0,0,0,1,1,1,1,1,1,0,0,0,0,0,0,1030.2,1030.2,477.7,477.7,270.7,189.6,0.7,0.7,2.5,2.5,2.5,2.5259,0,0,3,3,3,3
4001,Boizenburg,53.374168,10.7225,792.0,0,1,1,1,1,1,0,0,0,0,0,0,0,0,0,0,0,0,1,1,1,1,1,1,0,0,0,0,0,0,1,1,1,1,1,1,0,0,0,0,0,0,724.4,724.4,445.4,267.2,122.5,122.5,1.0,2.5,2.5,2.5,2.6937,2.6937,1,3,3,3,3,3
4002,Brueel,53.736946,11.713056,1035.0,0,0,1,1,1,1,0,0,0,0,0,0,0,0,0,0,0,0,1,1,1,1,1,1,0,0,0,0,0,0,0,0,0,0,0,0,0,0,0,0,0,0,794.2,794.2,446.2,310.2,48.1,48.1,0.3,0.3,1.8,1.8,2.1798,2.1798,1,1,2,2,2,2
4003,Buetzow,53.8475,11.984445,11825.0,1,1,1,1,1,1,0,0,0,0,0,0,0,0,0,0,0,0,1,1,1,1,1,1,0,0,0,0,0,0,0,0,0,0,0,0,0,0,0,0,0,0,813.5,813.5,450.1,325.5,28.7,28.7,1.8,1.8,1.8,1.8,2.2283,2.2283,2,2,2,2,2,2
4004,Crivitz,53.577778,11.648056,1258.0,0,1,1,1,1,1,0,0,0,0,0,0,0,0,0,0,0,0,0,0,1,1,1,1,0,0,0,0,0,0,0,0,0,0,0,0,0,0,0,0,0,0,787.7,787.7,432.3,292.0,65.3,65.3,0.0,1.5,1.8,1.8,2.1366,2.1366,0,2,2,2,2,2
4005,Bad Doberan,54.106667,11.899167,,0,0,0,0,0,0,0,0,0,0,0,0,0,0,0,0,0,0,1,1,1,1,1,1,0,0,0,0,0,0,0,0,0,0,0,0,0,0,0,0,0,0,812.6,812.6,478.9,352.7,15.8,15.8,0.3,0.3,0.3,0.3,0.7604,0.7604,1,1,1,1,1,1
4006,Doemitz,53.141666,11.248889,12212.0,0,0,0,0,0,0,0,0,0,0,0,0,0,0,0,0,0,0,1,1,1,1,1,1,0,0,0,0,0,0,1,1,1,1,1,1,0,0,0,0,0,0,757.1,757.1,404.0,241.0,120.6,120.6,1.0,1.0,1.0,1.0,1.1985,1.1985,1,1,1,1,1,1
4007,Feldberg,53.335556,13.439722,,0,0,0,0,0,0,0,0,0,0,0,0,0,0,0,0,0,0,0,1,1,1,1,1,0,0,0,0,0,0,0,0,0,0,0,0,0,0,0,0,0,0,888.8,888.8,367.4,309.2,119.7,84.4,0.0,0.3,0.3,0.3,0.5008,0.589,0,1,1,1,1,1
4008,Friedland (Mecklenburg),53.669167,13.55,2024.0,1,1,1,1,1,1,0,0,0,0,0,0,0,0,0,0,0,0,1,1,1,1,1,1,0,0,0,0,0,0,0,0,0,0,0,0,0,0,0,0,0,0,913.5,913.5,402.7,344.6,103.5,48.4,1.8,1.8,1.8,1.8,2.0412,2.179,2,2,2,2,2,2
4009,Fuerstenberg/Havel,53.185276,13.144722,2051.0,0,0,1,1,1,1,0,0,0,0,0,0,0,0,0,0,0,0,0,1,1,1,1,1,0,0,0,0,0,0,0,0,0,0,0,0,0,0,0,0,0,0,869.8,869.8,355.5,284.6,120.3,102.3,0.0,0.3,1.8,1.8,1.9992,2.0443,0,1,2,2,2,2
4010,Gadebusch,53.701668,11.118333,2065.0,0,0,0,0,0,0,0,0,0,0,0,0,0,1,1,1,1,1,1,1,1,1,1,1,0,0,0,0,0,1,1,1,1,1,1,1,0,0,0,0,0,0,754.9,754.9,461.3,302.8,79.6,79.6,1.0,1.7,1.7,1.7,2.001,3.001,1,1,1,1,1,2
4011,Gnoien,53.968887,12.71,2248.0,0,1,1,1,1,1,0,0,0,0,0,0,0,0,0,0,0,0,1,1,1,1,1,1,0,0,0,0,0,0,0,0,0,0,0,0,0,0,0,0,0,0,862.5,862.5,447.2,351.3,39.5,39.5,0.3,1.8,1.8,1.8,2.2012,2.2012,1,2,2,2,2,2
4012,Goldberg (Mecklenburg),53.590832,12.088889,13718.0,1,1,1,1,1,1,0,0,0,0,0,0,0,0,0,0,0,0,1,1,1,1,1,1,0,0,0,0,0,0,0,0,0,0,0,0,0,0,0,0,0,0,816.8,816.8,421.2,299.2,55.5,55.5,1.8,1.8,1.8,1.8,2.1613,2.1613,2,2,2,2,2,2
4013,Grabow,53.27861,11.564445,2362.0,0,1,1,1,1,1,0,0,0,0,0,0,0,0,0,0,0,0,1,1,1,1,1,1,0,0,0,0,0,0,1,1,1,1,1,1,0,0,0,0,0,0,779.1,779.1,405.8,258.3,97.7,97.7,1.0,2.5,2.5,2.5,2.7557,2.7557,1,3,3,3,3,3
4014,Grevesmuehlen,53.864445,11.184722,2423.0,0,0,0,0,0,0,0,0,0,0,0,0,0,0,0,0,0,0,1,1,1,1,1,1,0,0,0,1,1,1,1,1,1,1,1,1,0,0,0,0,0,0,762.0,762.0,474.8,321.0,67.3,67.3,1.0,1.0,1.0,2.0,2.3318,2.3318,1,1,1,2,2,2
4015,Guestrow,53.794445,12.175555,2705.0,1,1,1,1,1,1,0,0,0,0,0,0,0,0,0,0,0,0,1,1,1,1,1,1,0,0,1,1,1,1,0,0,0,0,0,0,0,0,0,0,0,0,825.1,825.1,439.9,322.5,32.8,32.8,1.8,1.8,2.8,2.8,3.218,3.218,2,2,3,3,3,3
4016,Hagenow,53.431667,11.191667,2743.0,0,0,0,1,1,1,0,0,0,0,0,0,0,0,0,0,0,0,1,1,1,1,1,1,0,0,0,0,0,0,0,0,0,0,0,0,0,0,0,0,0,0,756.0,756.0,433.1,273.0,96.0,96.0,0.3,0.3,0.3,1.8,2.0599,2.0599,1,1,1,2,2,2
4017,Krakow,53.652222,12.267777,4017.0,0,1,1,1,1,1,0,0,0,0,0,0,0,0,0,0,0,0,0,1,1,1,1,1,0,0,0,0,0,0,0,0,0,0,0,0,0,0,0,0,0,0,829.3,829.3,423.0,308.9,49.2,49.2,0.0,1.8,1.8,1.8,2.1769,2.1769,0,2,2,2,2,2
4018,Kroepelin,54.070835,11.795834,4079.0,1,1,1,1,1,1,0,0,0,0,0,0,0,0,0,0,0,0,1,1,1,1,1,1,0,0,1,1,1,1,1,1,1,1,1,1,0,0,0,0,0,0,805.3,805.3,477.8,347.7,22.6,22.6,2.5,2.5,3.5,3.5,3.9436,3.9436,3,3,3,3,3,3
4019,Laage,53.927223,12.346111,4181.0,0,0,1,1,1,1,0,0,0,0,0,0,0,0,0,0,0,0,1,1,1,1,1,1,0,0,0,0,0,0,0,0,0,0,0,0,0,0,0,0,0,0,838.3,838.3,449.9,339.7,22.4,22.4,0.3,0.3,1.8,1.8,2.2439,2.2439,1,1,2,2,2,2
4020,Ludwigslust,53.325279,11.496944,,0,0,0,0,0,0,0,0,0,0,0,0,0,0,0,0,0,0,0,1,1,1,1,1,0,0,0,0,0,0,0,0,0,0,0,0,0,0,0,0,0,0,775.0,775.0,412.5,262.8,94.9,94.9,0.0,0.3,0.3,0.3,0.5629,0.5629,0,1,1,1,1,1
4021,Luebz,53.462776,12.026389,11483.0,0,0,0,0,0,1,0,0,0,0,0,0,0,0,0,0,0,0,0,0,1,1,1,1,0,0,0,0,0,0,0,0,0,0,0,0,0,0,0,0,0,0,811.3,811.3,409.8,284.4,70.0,70.0,0.0,0.0,0.3,0.3,0.625,2.125,0,0,1,1,1,2
4022,Malchin,53.739166,12.761945,4723.0,1,1,1,1,1,1,0,0,0,0,0,0,0,0,0,0,0,0,1,1,1,1,1,1,0,0,0,0,0,0,0,0,0,0,0,0,0,0,0,0,0,0,862.7,862.7,421.7,328.6,56.3,56.3,1.8,1.8,1.8,1.8,2.1593,2.1593,2,2,2,2,2,2
4023,Malchow,53.474998,12.423333,13719.0,1,1,1,1,1,1,0,0,0,0,0,0,0,0,0,0,0,0,1,1,1,1,1,1,0,0,0,0,0,0,0,0,0,0,0,0,0,0,0,0,0,0,837.6,837.6,400.9,293.3,70.7,70.7,1.8,1.8,1.8,1.8,2.1232,2.1232,2,2,2,2,2,2
4024,Marlow,54.154167,12.571111,13720.0,0,0,0,0,0,1,0,0,0,0,0,0,0,0,0,0,0,0,1,1,1,1,1,1,0,0,0,0,0,0,0,0,0,0,0,0,0,0,0,0,0,0,856.7,856.7,469.5,368.1,29.0,29.0,0.3,0.3,0.3,0.3,0.7275,2.2275,1,1,1,1,1,2
4025,Mirow,53.274445,12.815278,,0,0,0,0,0,0,0,0,0,0,0,0,0,0,0,0,0,0,1,1,1,1,1,1,0,0,0,0,0,0,0,0,0,0,0,0,0,0,0,0,0,0,862.1,862.1,371.2,282.8,100.9,98.6,0.3,0.3,0.3,0.3,0.5478,0.5535,1,1,1,1,1,1
4026,Neubrandenburg,53.55722,13.259722,5224.0,1,1,1,1,1,1,0,0,0,0,0,0,0,0,0,0,0,0,1,1,1,1,1,1,0,1,1,1,1,1,0,0,0,0,0,0,0,0,0,0,0,0,893.5,893.5,394.0,324.3,94.3,60.3,1.8,2.8,2.8,2.8,3.0643,3.1493,2,3,3,3,3,3
4027,Neubukow,54.031387,11.671389,5227.0,0,0,0,0,0,0,0,0,0,0,0,0,0,0,0,0,0,0,1,1,1,1,1,1,0,0,0,0,0,0,1,1,1,1,1,1,0,0,0,0,0,0,796.5,796.5,477.1,342.2,31.3,31.3,1.0,1.0,1.0,1.0,1.4219,1.4219,1,1,1,1,1,1
4028,Neukalen,53.823055,12.790833,5280.0,0,1,1,1,1,1,0,0,0,0,0,0,0,0,0,0,0,0,1,1,1,1,1,1,0,0,0,1,1,1,1,1,1,1,1,1,0,0,0,0,0,0,865.6,865.6,430.1,338.0,51.8,49.3,1.0,2.5,2.5,3.5,3.8705,3.8767,1,3,3,3,3,3
4029,Neustadt-Gleve,53.383057,11.585278,5314.0,1,1,1,1,1,1,0,0,0,0,0,0,0,0,0,0,0,0,1,1,1,1,1,1,0,0,0,0,0,0,0,0,0,0,0,0,0,0,0,0,0,0,781.4,781.4,415.2,270.0,86.5,86.5,1.8,1.8,1.8,1.8,2.0837,2.0837,2,2,2,2,2,2
4030,Neustrelitz,53.362221,13.063334,,0,0,0,0,0,0,0,0,0,0,0,0,0,0,0,0,0,0,1,1,1,1,1,1,0,0,0,0,0,0,0,0,0,0,0,0,0,0,0,0,0,0,879.0,879.0,375.9,299.0,101.1,84.1,0.3,0.3,0.3,0.3,0.5473,0.5897,1,1,1,1,1,1
4031,Parchim,53.425556,11.8475,5831.0,1,1,1,1,1,1,0,0,0,0,0,0,0,0,0,0,0,0,1,1,1,1,1,1,0,0,0,0,0,0,0,0,0,0,0,0,0,0,0,0,0,0,799.1,799.1,411.2,277.7,76.2,76.2,1.8,1.8,1.8,1.8,2.1095,2.1095,2,2,2,2,2,2
4032,Penzlin,53.50528,13.088889,13721.0,1,1,1,1,1,1,0,0,0,0,0,0,0,0,0,0,0,0,1,1,1,1,1,1,0,0,0,0,0,0,0,0,0,0,0,0,0,0,0,0,0,0,881.8,881.8,390.9,313.9,89.9,68.3,1.8,1.8,1.8,1.8,2.0751,2.1292,2,2,2,2,2,2
4033,Plau,53.459167,12.264444,5968.0,1,1,1,1,1,1,0,0,0,0,0,0,0,0,0,0,0,0,1,1,1,1,1,1,0,0,0,0,0,0,0,0,0,0,0,0,0,0,0,0,0,0,827.0,827.0,403.2,288.3,70.5,70.5,1.8,1.8,1.8,1.8,2.1238,2.1238,2,2,2,2,2,2
4034,Rehna,53.779724,11.049444,,0,0,0,0,0,0,0,0,0,0,0,0,0,0,0,0,0,0,1,1,1,1,1,1,0,0,0,0,0,0,0,0,0,0,0,0,0,0,0,0,0,0,751.7,751.7,471.0,311.5,79.2,79.2,0.3,0.3,0.3,0.3,0.6019,0.6019,1,1,1,1,1,1
4035,Ribnitz,54.242779,12.431666,6404.0,1,1,1,1,1,1,0,0,0,0,0,0,0,0,0,0,0,0,1,1,1,1,1,1,0,0,1,1,1,1,1,1,1,1,1,1,0,0,0,0,0,0,849.5,849.5,481.5,375.0,25.6,25.6,2.5,2.5,3.5,3.5,3.9361,3.9361,3,3,3,3,3,3
4036,Roebel,53.37611,12.605833,6457.0,1,1,1,1,1,1,0,0,0,0,0,0,0,0,0,0,0,0,1,1,1,1,1,1,0,0,0,0,0,0,0,0,0,0,0,0,0,0,0,0,0,0,848.8,848.8,386.4,287.3,84.9,84.9,1.8,1.8,1.8,1.8,2.0876,2.0876,2,2,2,2,2,2
4037,Rostock,54.088333,12.135834,6545.0,1,1,1,1,1,1,0,0,0,0,0,0,0,0,0,0,0,0,1,1,1,1,1,1,0,0,0,0,0,0,1,1,1,1,1,1,0,0,0,0,0,0,827.5,827.5,471.4,353.7,0.3,0.3,2.5,2.5,2.5,2.5,2.9993,2.9993,3,3,3,3,3,3
4038,Schoenberg (Mecklenburg),53.846943,10.934444,,0,0,0,0,0,0,0,0,0,0,0,0,0,0,0,0,0,0,1,1,1,1,1,1,0,0,0,0,0,0,0,0,0,0,0,0,0,0,0,0,0,0,745.5,745.5,481.3,319.0,83.3,83.3,0.3,0.3,0.3,0.3,0.5917,0.5917,1,1,1,1,1,1
4039,Schwaan,53.939445,12.1125,6989.0,0,0,1,1,1,1,0,0,0,0,0,0,0,0,0,0,0,0,1,1,1,1,1,1,0,0,0,0,0,0,0,0,0,0,0,0,0,0,0,0,0,0,823.3,823.3,456.5,337.2,16.7,16.7,0.3,0.3,1.8,1.8,2.2583,2.2583,1,1,2,2,2,2
4040,Schwerin,53.628334,11.414166,7018.0,1,1,1,1,1,1,0,0,0,0,0,0,0,0,0,0,0,0,1,1,1,1,1,1,0,0,1,1,1,1,0,0,0,0,0,0,0,0,0,0,0,0,773.1,773.1,444.5,295.8,69.9,69.9,1.8,1.8,2.8,2.8,3.1252,3.1252,2,2,3,3,3,3
4041,Stargard in Mecklenburg,53.495277,13.31,7342.0,0,1,1,1,1,1,0,0,0,0,0,0,0,0,0,0,0,0,1,1,1,1,1,1,0,0,0,0,0,0,0,0,0,0,0,0,0,0,0,0,0,0,896.3,896.3,386.5,319.9,101.3,66.8,0.3,1.8,1.8,1.8,2.0468,2.1331,1,2,2,2,2,2
4042,Stavenhagen,53.698891,12.908055,13722.0,1,1,1,1,1,1,0,0,0,0,0,0,0,0,0,0,0,0,0,1,1,1,1,1,0,0,0,0,0,0,1,1,1,1,1,1,0,0,0,0,0,0,871.8,871.8,414.8,328.2,66.4,54.0,2.2,2.5,2.5,2.5,2.834,2.865,3,3,3,3,3,3
4043,Sternberg,53.711113,11.828055,7411.0,1,1,1,1,1,1,0,0,0,0,0,0,0,0,0,0,0,0,1,1,1,1,1,1,0,0,0,0,0,0,0,0,0,0,0,0,0,0,0,0,0,0,801.3,801.3,440.4,308.6,46.7,46.7,1.8,1.8,1.8,1.8,2.1832,2.1832,2,2,2,2,2,2
4044,Strelitz,53.3325,13.092778,7485.0,0,0,1,1,1,1,0,0,0,0,0,0,0,0,0,0,0,0,0,1,1,1,1,1,0,0,0,0,0,0,0,0,0,0,0,0,0,0,0,0,0,0,880.8,880.8,372.2,297.0,104.9,86.9,0.0,0.3,1.8,1.8,2.0378,2.0828,0,1,2,2,2,2
4045,Bad Suelze,54.109722,12.658889,7543.0,0,1,1,1,1,1,0,0,0,0,0,0,0,0,0,0,0,0,1,1,1,1,1,1,0,0,0,0,0,0,1,1,1,1,1,1,0,0,0,0,0,0,861.5,861.5,463.1,365.1,33.9,33.9,1.0,2.5,2.5,2.5,2.9152,2.9152,1,3,3,3,3,3
4046,Tessin,54.02861,12.463056,7669.0,0,0,1,1,1,1,0,0,0,0,0,0,0,0,0,0,0,0,0,0,1,1,1,1,0,0,0,0,0,0,0,0,0,0,0,0,0,0,0,0,0,0,847.5,847.5,458.2,352.7,22.1,22.1,0.0,0.0,1.8,1.8,2.2447,2.2447,0,0,2,2,2,2
4047,Teterow,53.773335,12.575833,7671.0,0,0,0,0,0,0,0,0,0,0,0,0,0,0,0,0,0,0,1,1,1,1,1,1,0,0,0,0,0,0,0,0,0,0,0,0,0,0,0,0,0,0,851.0,851.0,428.9,327.9,45.2,45.2,0.3,0.3,0.3,0.3,0.687,0.687,1,1,1,1,1,1
4048,Waren,53.513054,12.686111,8191.0,0,1,1,1,1,1,0,0,0,0,0,0,0,0,0,0,0,0,1,1,1,1,1,1,0,0,0,0,0,0,0,0,0,0,0,0,0,0,0,0,0,0,855.3,855.3,399.1,303.4,73.4,73.4,0.3,1.8,1.8,1.8,2.1166,2.1166,1,2,2,2,2,2
4049,Warin,53.800278,11.704445,8193.0,0,0,0,1,1,1,0,0,0,0,0,0,0,0,0,0,0,0,1,1,1,1,1,1,0,0,0,0,0,0,0,0,0,0,0,0,0,0,0,0,0,0,794.6,794.6,452.8,317.0,42.9,42.9,0.3,0.3,0.3,1.8,2.1927,2.1927,1,1,1,2,2,2
4050,Wesenberg,53.281387,12.970278,8347.0,1,1,1,1,1,1,0,0,0,0,0,0,0,0,0,0,0,0,1,1,1,1,1,1,0,0,0,0,0,0,0,0,0,0,0,0,0,0,0,0,0,0,872.4,872.4,368.9,288.2,105.1,94.4,1.8,1.8,1.8,1.8,2.0372,2.0639,2,2,2,2,2,2
4051,Wismar,53.891388,11.465834,8505.0,0,0,0,0,0,0,0,0,0,0,0,0,0,0,0,0,0,0,1,1,1,1,1,1,0,0,0,0,0,0,1,1,1,1,1,1,0,0,0,0,0,0,780.7,780.7,468.8,325.2,49.2,49.2,1.0,1.0,1.0,1.0,1.3769,1.3769,1,1,1,1,1,1
4052,Wittenburg,53.511391,11.074166,8516.0,0,0,1,1,1,1,0,0,0,0,0,0,0,0,0,0,0,0,1,1,1,1,1,1,0,0,0,0,0,0,1,1,1,1,1,1,0,0,0,0,0,0,749.2,749.2,444.8,281.6,95.0,95.0,1.0,1.0,2.5,2.5,2.7625,2.7625,1,1,3,3,3,3
4053,Woldegk,53.458889,13.583055,8575.0,0,0,0,0,0,0,0,0,0,0,0,0,0,0,0,0,0,0,0,1,1,1,1,1,0,0,0,0,0,0,0,0,0,0,0,0,0,0,0,0,0,0,903.8,903.8,379.3,325.9,117.9,71.8,0.0,0.3,0.3,0.3,0.5053,0.6206,0,1,1,1,1,1
5001,Altona,53.549999,9.9333334,9687.0,0,0,0,0,0,0,0,0,0,0,0,0,0,0,0,0,0,0,1,1,1,1,1,1,0,0,0,0,0,0,0,0,0,0,0,0,0,0,0,0,0,0,675.1,675.1,493.2,295.5,156.8,156.8,0.3,0.3,0.3,0.3,0.4081,0.4081,1,1,1,1,1,1
5002,Barmstedt,53.790279,9.7683334,,0,0,0,0,0,0,0,0,0,0,0,0,0,0,0,0,0,0,1,1,1,1,1,1,0,0,0,0,0,0,0,0,0,0,0,0,0,0,0,0,0,0,669.1,669.1,520.6,324.2,158.7,158.7,0.3,0.3,0.3,0.3,0.4031,0.4031,1,1,1,1,1,1
5003,Bergedorf,53.487499,10.209723,561.0,0,1,1,1,1,1,0,0,0,0,0,0,0,0,0,0,0,0,1,1,1,1,1,1,0,0,0,0,0,0,0,0,0,0,0,0,0,0,0,0,0,0,692.2,692.2,476.1,284.5,143.3,143.3,0.3,1.8,1.8,1.8,1.9416,1.9416,1,2,2,2,2,2
5004,Bad Bramstedt,53.91861,9.8819447,,0,0,0,0,0,0,0,0,0,0,0,0,0,0,0,0,0,0,0,0,0,0,1,1,0,0,0,0,0,0,0,0,0,0,0,0,0,0,0,0,0,0,679.3,679.3,527.1,336.1,148.8,148.8,0.0,0.0,0.0,0.0,0.428,0.428,0,0,0,0,1,1
5005,Bredstedt,54.619999,8.9608335,,0,0,0,0,0,0,0,0,0,0,0,0,0,0,0,0,0,0,1,1,1,1,1,1,0,0,0,0,0,0,0,0,0,0,0,0,0,0,0,0,0,0,644.3,644.3,625.3,428.1,214.3,214.3,0.3,0.3,0.3,0.3,0.3,0.3,1,1,1,1,1,1
5006,Burg auf Fehmarn,54.43861,11.1975,10676.0,1,1,1,1,1,1,0,0,0,0,0,0,0,0,0,0,0,0,0,0,1,1,1,1,0,0,0,0,0,0,1,1,1,1,1,1,0,0,0,0,0,0,775.9,775.9,531.1,384.9,72.5,72.5,2.2,2.2,2.5,2.5,2.8187,2.8187,3,3,3,3,3,3
5007,Cuxhaven,53.864445,8.6972218,,0,0,0,0,0,0,0,0,0,0,0,0,0,0,0,0,0,0,0,0,1,1,1,1,0,0,0,0,0,0,0,0,0,0,0,0,0,0,0,0,0,0,602.4,602.4,574.2,346.1,226.5,226.5,0.0,0.0,0.3,0.3,0.3,0.3,0,0,1,1,1,1
5008,Eckernfoerde,54.472778,9.8369446,1676.0,1,1,1,1,1,1,0,0,0,0,0,0,0,0,0,0,0,0,1,1,1,1,1,1,0,0,0,0,0,0,0,0,0,0,0,0,0,0,0,0,0,0,692.3,692.3,578.6,396.8,155.5,155.5,1.8,1.8,1.8,1.8,1.9113,1.9113,2,2,2,2,2,2
5009,Elmshorn,53.754723,9.6549997,,0,0,0,0,0,0,0,0,0,0,0,0,0,0,0,0,0,0,1,1,1,1,1,1,0,0,0,0,0,0,0,0,0,0,0,0,0,0,0,0,0,0,661.0,661.0,522.4,322.5,166.9,166.9,0.3,0.3,0.3,0.3,0.3827,0.3827,1,1,1,1,1,1
5010,Eutin,54.138611,10.614445,10668.0,0,1,1,1,1,1,0,0,0,0,0,0,0,0,0,0,0,0,1,1,1,1,1,1,0,0,0,0,0,0,1,1,1,1,1,1,0,0,0,0,0,0,731.3,731.3,519.9,352.5,99.6,99.6,1.0,2.5,2.5,2.5,2.751,2.751,1,3,3,3,3,3
5011,Flensburg,54.782501,9.4375,1962.0,0,1,1,1,1,1,0,0,0,0,0,0,0,0,0,0,0,0,1,1,1,1,1,1,0,0,0,0,0,0,0,0,0,0,0,0,0,0,0,0,0,0,679.4,679.4,621.5,436.3,191.0,191.0,0.3,1.8,1.8,1.8,1.8224,1.8224,1,2,2,2,2,2
5012,Friedrichstadt (Eider),54.373333,9.0877781,11585.0,0,0,0,0,0,0,0,0,0,0,0,0,0,0,0,0,0,0,0,0,0,0,0,0,0,0,0,0,0,0,0,0,0,0,0,0,0,0,0,0,0,0,642.8,642.8,598.9,399.6,200.9,200.9,0.0,0.0,0.0,0.0,0.0,0.0,0,0,0,0,0,0
5013,Garding,54.329445,8.7788887,10689.0,0,0,0,0,0,0,0,0,0,0,0,0,0,0,0,0,0,0,1,1,1,1,1,1,0,0,0,0,0,0,0,0,0,0,0,0,0,0,0,0,0,0,622.2,622.2,608.1,396.6,220.2,220.2,0.3,0.3,0.3,0.3,0.3,0.3,1,1,1,1,1,1
5014,Geesthacht,53.433334,10.371388,,0,0,0,0,0,0,0,0,0,0,0,0,0,0,0,0,0,0,1,1,1,1,1,1,0,0,0,0,0,0,0,0,0,0,0,0,0,0,0,0,0,0,702.0,702.0,464.7,276.6,137.2,137.2,0.3,0.3,0.3,0.3,0.457,0.457,1,1,1,1,1,1
5015,Gluecksburg,54.836666,9.5508337,,0,0,0,0,0,0,0,0,0,0,0,0,0,0,0,0,0,0,1,1,1,1,1,1,0,0,0,0,0,0,0,0,0,0,0,0,0,0,0,0,0,0,688.3,688.3,622.4,440.3,186.9,186.9,0.3,0.3,0.3,0.3,0.3328,0.3328,1,1,1,1,1,1
5016,Glueckstadt,53.787777,9.4236107,10691.0,0,0,0,0,0,0,0,0,0,0,0,0,0,0,0,0,0,0,0,0,0,0,0,0,0,0,0,0,0,0,0,0,0,0,0,0,0,0,0,0,0,0,646.8,646.8,535.2,330.9,180.9,180.9,0.0,0.0,0.0,0.0,0.0477,0.0477,0,0,0,0,0,0
5017,Heide,54.195835,9.0952778,,0,0,0,0,0,0,0,0,0,0,0,0,0,0,0,0,0,0,0,0,0,0,1,1,0,0,0,0,0,0,0,0,0,0,0,0,0,0,0,0,0,0,637.3,637.3,583.4,380.9,198.7,198.7,0.0,0.0,0.0,0.0,0.3033,0.3033,0,0,0,0,1,1
5018,Heiligenhafen,54.372776,10.974444,2911.0,1,1,1,1,1,1,0,0,0,0,0,0,0,0,0,0,0,0,1,1,1,1,1,1,0,0,0,0,0,0,1,1,1,1,1,1,0,0,0,0,0,0,760.1,760.1,531.0,377.4,82.1,82.1,2.5,2.5,2.5,2.5,2.7948,2.7948,3,3,3,3,3,3
5019,Husum,54.476387,9.0500002,3280.0,0,0,0,0,0,0,0,0,0,0,0,0,0,0,0,0,0,0,0,1,1,1,1,1,0,0,0,0,0,0,0,0,0,0,0,0,0,0,0,0,0,0,644.2,644.2,609.3,411.2,205.2,205.2,0.0,0.3,0.3,0.3,0.3,0.3,0,1,1,1,1,1
5020,Itzehoe,53.924999,9.5163889,3344.0,1,1,1,1,1,1,0,0,0,0,0,0,0,0,0,0,0,0,1,1,1,1,1,1,0,0,0,0,0,0,1,1,1,1,1,1,0,0,0,0,0,0,656.1,656.1,542.7,343.3,172.4,172.4,2.5,2.5,2.5,2.5,2.569,2.569,3,3,3,3,3,3
5021,Kappeln,54.661667,9.9324999,,0,0,0,0,0,0,0,0,0,0,0,0,0,0,0,0,0,0,0,0,0,1,1,1,0,0,0,0,0,0,0,0,0,0,0,0,0,0,0,0,0,0,704.7,704.7,592.6,416.1,156.5,156.5,0.0,0.0,0.0,0.3,0.4087,0.4087,0,0,0,1,1,1
5022,Kellinghusen,53.949444,9.7138891,,0,0,0,0,0,0,0,0,0,0,0,0,0,0,0,0,0,0,1,1,1,1,1,1,0,0,0,0,0,0,0,0,0,0,0,0,0,0,0,0,0,0,669.3,669.3,536.6,342.2,159.3,159.3,0.3,0.3,0.3,0.3,0.4019,0.4019,1,1,1,1,1,1
5023,Kiel,54.321667,10.137222,3646.0,1,1,1,1,1,1,0,0,0,0,0,0,0,0,0,0,0,0,1,1,1,1,1,1,0,0,0,1,1,1,1,1,1,1,1,1,0,0,0,0,0,0,706.2,706.2,553.8,376.6,132.8,132.8,2.5,2.5,2.5,3.5,3.668,3.668,3,3,3,3,3,3
5024,Krempe,53.837776,9.4872227,10692.0,1,1,1,1,1,1,0,0,0,0,0,0,0,0,0,0,0,0,1,1,1,1,1,1,0,0,0,0,0,0,1,1,1,1,1,1,0,0,0,0,0,0,652.1,652.1,536.6,334.7,175.8,175.8,2.5,2.5,2.5,2.5,2.5606,2.5606,3,3,3,3,3,3
5025,Lauenburg (Elbe),53.374168,10.554167,9181.0,1,1,1,1,1,1,0,0,0,0,0,0,0,0,0,0,0,0,1,1,1,1,1,1,0,0,0,0,0,0,0,0,0,0,0,0,0,0,0,0,0,0,713.3,713.3,452.1,268.4,131.1,131.1,1.8,1.8,1.8,1.8,1.9722,1.9722,2,2,2,2,2,2
5026,Luebeck,53.866112,10.683888,12046.0,1,1,1,1,1,1,0,0,0,0,0,0,0,0,0,0,0,0,1,1,1,1,1,1,1,1,1,1,1,1,1,1,1,1,1,1,2,2,2,2,2,2,729.7,729.7,491.9,321.9,98.4,98.4,7.5,7.5,7.5,7.5,7.754,7.754,3,3,3,3,3,3
5027,Luetjenburg,54.294724,10.592222,10693.0,0,1,1,1,1,1,0,0,0,0,0,0,0,0,0,0,0,0,1,1,1,1,1,1,0,0,0,0,0,0,1,1,1,1,1,1,0,0,0,0,0,0,734.0,734.0,535.5,369.9,103.3,103.3,1.0,2.5,2.5,2.5,2.7418,2.7418,1,3,3,3,3,3
5028,Marne,53.953609,9.0086107,,0,0,0,0,0,0,0,0,0,0,0,0,0,0,0,0,0,0,1,1,1,1,1,1,0,0,0,0,0,0,0,0,0,0,0,0,0,0,0,0,0,0,624.6,624.6,567.1,358.1,205.1,205.1,0.3,0.3,0.3,0.3,0.3,0.3,1,1,1,1,1,1
5029,Meldorf,54.090832,9.0686111,4858.0,1,1,1,1,1,1,0,0,0,0,0,0,0,0,0,0,0,0,1,1,1,1,1,1,0,0,0,0,0,0,0,0,0,0,0,0,0,0,0,0,0,0,632.4,632.4,575.8,370.6,200.3,200.3,1.8,1.8,1.8,1.8,1.8,1.8,2,2,2,2,2,2
5030,Moelln,53.629444,10.690833,5026.0,1,1,1,1,1,1,0,0,0,0,0,0,0,0,0,0,0,0,1,1,1,1,1,1,0,0,0,0,0,0,1,1,1,1,1,1,0,0,0,0,0,0,725.8,725.8,469.7,295.7,107.9,107.9,2.5,2.5,2.5,2.5,2.7303,2.7303,3,3,3,3,3,3
5031,Neumuenster,54.073891,9.9847221,,0,0,0,0,0,0,0,0,0,0,0,0,0,0,0,0,0,0,1,1,1,1,1,1,0,0,0,0,0,0,0,0,0,0,0,0,0,0,0,0,0,0,689.7,689.7,536.8,351.4,140.6,140.6,0.3,0.3,0.3,0.3,0.4485,0.4485,1,1,1,1,1,1
5032,Neustadt (Holstein),54.105556,10.816112,5310.0,1,1,1,1,1,1,0,0,0,0,0,0,0,0,0,0,0,0,1,1,1,1,1,1,0,0,0,0,0,0,1,1,1,1,1,1,0,0,0,0,0,0,743.4,743.4,510.0,348.0,86.4,86.4,2.5,2.5,2.5,2.5,2.7841,2.7841,3,3,3,3,3,3
5033,Nortorf,54.167221,9.8558331,,0,0,0,0,0,0,0,0,0,0,0,0,0,0,0,0,0,0,1,1,1,1,1,1,0,0,0,0,0,0,0,0,0,0,0,0,0,0,0,0,0,0,684.1,684.1,550.1,363.3,149.1,149.1,0.3,0.3,0.3,0.3,0.4273,0.4273,1,1,1,1,1,1
5034,Oldenburg (Holstein),54.292778,10.888056,5622.0,1,1,1,1,1,1,0,0,0,0,0,0,0,0,0,0,0,0,1,1,1,1,1,1,0,0,0,0,0,0,1,1,1,1,1,1,0,0,0,0,0,0,752.6,752.6,525.8,368.6,84.6,84.6,2.5,2.5,2.5,2.5,2.7886,2.7886,3,3,3,3,3,3
5035,Bad Oldesloe,53.810001,10.373055,5632.0,1,1,1,1,1,1,0,0,0,0,0,0,0,0,0,0,0,0,1,1,1,1,1,1,0,0,0,0,0,0,1,1,1,1,1,1,0,0,0,0,0,0,708.5,708.5,498.1,318.0,119.7,119.7,2.5,2.5,2.5,2.5,2.7007,2.7007,3,3,3,3,3,3
5036,Pinneberg,53.660557,9.792778,,0,0,0,0,0,0,0,0,0,0,0,0,0,0,0,0,0,0,0,0,0,1,1,1,0,0,0,0,0,0,0,0,0,0,0,0,0,0,0,0,0,0,668.0,668.0,508.5,309.9,161.1,161.1,0.0,0.0,0.0,0.3,0.3973,0.3973,0,0,0,1,1,1
5037,Ploen,54.158054,10.416111,5984.0,1,1,1,1,1,1,0,0,0,0,0,0,0,0,0,0,0,0,1,1,1,1,1,1,1,1,1,1,1,1,1,1,1,1,1,1,0,0,0,0,0,0,719.2,719.2,528.6,356.0,112.6,112.6,3.5,3.5,3.5,3.5,3.7185,3.7185,3,3,3,3,3,3
5038,Preetz,54.231667,10.280278,,0,0,0,0,0,0,0,0,0,0,0,0,0,0,0,0,0,0,1,1,1,1,1,1,0,0,0,0,0,0,0,0,0,0,0,0,0,0,0,0,0,0,712.6,712.6,540.3,365.3,122.1,122.1,0.3,0.3,0.3,0.3,0.4947,0.4947,1,1,1,1,1,1
5039,Ratzeburg,53.698891,10.774445,6277.0,0,1,1,1,1,1,0,0,0,0,0,0,0,0,0,0,0,0,1,1,1,1,1,1,0,0,0,0,0,0,0,0,0,0,0,0,0,0,0,0,0,0,732.4,732.4,473.0,303.0,99.4,99.4,0.3,1.8,1.8,1.8,2.0514,2.0514,1,2,2,2,2,2
5040,Reinfeld,53.83139,10.488334,,0,0,0,0,0,0,0,0,0,0,0,0,0,0,0,0,0,0,1,1,1,1,1,1,0,0,0,0,0,0,0,0,0,0,0,0,0,0,0,0,0,0,716.4,716.4,495.7,319.3,111.8,111.8,0.3,0.3,0.3,0.3,0.5205,0.5205,1,1,1,1,1,1
5041,Rendsburg,54.306389,9.6630554,6364.0,1,1,1,1,1,1,0,0,0,0,0,0,0,0,0,0,0,0,1,1,1,1,1,1,0,0,0,0,0,1,1,1,1,1,1,1,0,0,0,0,0,0,676.2,676.2,570.0,381.4,162.9,162.9,2.5,2.5,2.5,2.5,2.5927,3.5927,3,3,3,3,3,3
5042,Schleswig,54.514721,9.5663891,6880.0,1,1,1,1,1,1,0,0,0,0,0,0,0,0,0,0,0,0,1,1,1,1,1,1,0,0,0,0,0,0,0,0,0,0,0,0,0,0,0,0,0,0,677.1,677.1,592.4,405.4,173.6,173.6,1.8,1.8,1.8,1.8,1.8661,1.8661,2,2,2,2,2,2
5043,Bad Schwartau,53.920277,10.695833,,0,0,0,0,0,0,0,0,0,0,0,0,0,0,0,0,0,0,1,1,1,1,1,1,0,0,0,0,0,0,0,0,0,0,0,0,0,0,0,0,0,0,731.6,731.6,496.5,327.9,96.2,96.2,0.3,0.3,0.3,0.3,0.5594,0.5594,1,1,1,1,1,1
5044,Bad Segeberg,53.936668,10.303889,7061.0,1,1,1,1,1,1,0,0,0,0,0,0,0,0,0,0,0,0,1,1,1,1,1,1,0,0,0,0,0,0,1,1,1,1,1,1,0,0,0,0,0,0,706.7,706.7,512.3,332.6,121.2,121.2,2.5,2.5,2.5,2.5,2.6971,2.6971,3,3,3,3,3,3
5045,Toenning,54.319721,8.9433336,10690.0,0,0,0,0,0,0,0,0,0,0,0,0,0,0,0,0,0,0,1,1,1,1,1,1,0,0,0,0,0,0,0,0,0,0,0,0,0,0,0,0,0,0,632.0,632.0,600.3,397.3,209.5,209.5,0.3,0.3,0.3,0.3,0.3,0.3,1,1,1,1,1,1
5046,Uetersen,53.684166,9.6622219,,0,0,0,0,0,0,0,0,0,0,0,0,0,0,0,0,0,0,1,1,1,1,1,1,0,0,0,0,0,0,0,0,0,0,0,0,0,0,0,0,0,0,660.0,660.0,516.1,314.9,168.5,168.5,0.3,0.3,0.3,0.3,0.3787,0.3787,1,1,1,1,1,1
5047,Wandsbek,53.572498,10.071389,,0,0,0,0,0,0,0,0,0,0,0,0,0,0,0,0,0,0,0,1,1,1,1,1,0,0,0,0,0,0,0,0,0,0,0,0,0,0,0,0,0,0,684.5,684.5,489.2,295.7,147.4,147.4,0.0,0.3,0.3,0.3,0.4315,0.4315,0,1,1,1,1,1
5048,Wedel,53.577221,9.7052774,,0,0,0,0,0,0,0,0,0,0,0,0,0,0,0,0,0,0,1,1,1,1,1,1,0,0,0,0,0,0,0,0,0,0,0,0,0,0,0,0,0,0,660.7,660.7,505.3,302.7,169.6,169.6,0.3,0.3,0.3,0.3,0.376,0.376,1,1,1,1,1,1
5049,Wesselburen,54.211945,8.9205551,,0,0,0,0,0,0,0,0,0,0,0,0,0,0,0,0,0,0,0,1,1,1,1,1,0,0,0,0,0,0,0,0,0,0,0,0,0,0,0,0,0,0,627.0,627.0,592.3,386.7,210.1,210.1,0.0,0.3,0.3,0.3,0.3,0.3,0,1,1,1,1,1
5050,Westerland,54.907776,8.3086109,,0,0,0,0,0,0,0,0,0,0,0,0,0,0,0,0,0,0,0,0,0,0,1,1,0,0,0,0,0,0,0,0,0,0,0,0,0,0,0,0,0,0,618.6,618.6,618.6,450.6,263.6,263.6,0.0,0.0,0.0,0.0,0.3,0.3,0,0,0,0,1,1
5051,Wilster,53.922501,9.374444,10645.0,0,1,1,1,1,1,0,0,0,0,0,0,0,0,0,0,0,0,1,1,1,1,1,1,0,0,0,0,0,0,1,1,1,1,1,1,0,0,0,0,0,0,647.0,647.0,548.5,346.1,181.7,181.7,1.0,2.5,2.5,2.5,2.5458,2.5458,1,3,3,3,3,3
5052,Wyk auf Foehr,54.690277,8.5683336,,0,0,0,0,0,0,0,0,0,0,0,0,0,0,0,0,0,0,1,1,1,1,1,1,0,0,0,0,0,0,0,0,0,0,0,0,0,0,0,0,0,0,623.8,623.8,623.8,431.0,240.7,240.7,0.3,0.3,0.3,0.3,0.3,0.3,1,1,1,1,1,1
6001,Hamburg,53.550556,9.9941664,2777.0,1,1,1,1,1,1,0,0,0,0,0,0,0,0,0,0,0,0,1,1,1,1,1,1,0,1,1,1,1,1,0,0,0,0,0,0,0,0,0,0,0,3,679.1,679.1,490.6,294.6,153.0,153.0,1.8,2.8,2.8,2.8,2.9174,8.9174,2,3,3,3,3,3
7001,Altlandsberg,52.566666,13.728056,13795.0,0,1,1,1,1,1,0,0,0,0,0,0,0,0,0,0,0,0,1,1,1,1,1,1,0,0,0,0,0,0,0,0,0,0,0,0,0,0,0,0,0,0,807.5,807.5,279.8,256.0,165.0,165.0,0.3,1.8,1.8,1.8,1.8874,1.8874,1,2,2,2,2,2
7002,Alt Ruppin,52.949722,12.842778,,0,0,0,0,0,0,0,0,0,0,0,0,0,0,0,0,0,0,0,1,1,1,1,1,0,0,0,0,0,0,0,0,0,0,0,0,0,0,0,0,0,0,841.7,841.7,336.5,251.8,134.9,132.2,0.0,0.3,0.3,0.3,0.4628,0.4694,0,1,1,1,1,1
7003,Angermuende,53.018055,14.004444,255.0,0,1,1,1,1,1,0,0,0,0,0,0,0,0,0,0,0,0,1,1,1,1,1,1,0,1,1,1,1,1,0,0,0,0,0,0,0,0,0,0,0,0,860.2,860.2,327.1,304.6,171.3,126.4,0.3,2.8,2.8,2.8,2.8718,2.9841,1,3,3,3,3,3
7004,Babelsberg,52.392502,13.090834,,0,0,0,0,0,0,0,0,0,0,0,0,0,0,0,0,0,0,0,0,0,1,1,1,0,0,0,0,0,0,0,0,0,0,0,0,0,0,0,0,0,0,781.8,781.8,272.5,211.7,127.0,127.0,0.0,0.0,0.0,0.3,0.4825,0.4825,0,0,0,1,1,1
7005,Baerwalde (Neumark),52.785278,14.495,457.0,0,1,1,1,1,1,0,0,0,0,0,0,0,0,0,0,0,0,0,1,1,1,1,1,0,0,0,0,0,0,0,0,0,0,0,0,0,0,0,0,0,0,842.2,842.2,300.0,300.0,212.9,162.9,0.0,1.8,1.8,1.8,1.8,1.8926,0,2,2,2,2,2
7006,Baruth,52.045277,13.501945,455.0,0,0,0,0,0,0,0,0,0,0,0,0,0,0,0,0,0,0,1,1,1,1,1,1,0,0,0,0,0,0,0,0,0,0,0,0,0,0,0,0,0,0,747.7,747.7,227.0,208.0,110.5,110.5,0.3,0.3,0.3,0.3,0.5238,0.5238,1,1,1,1,1,1
7007,Beelitz,52.232224,12.9775,494.0,0,0,1,1,1,1,0,0,0,0,0,0,0,0,0,0,0,0,1,1,1,1,1,1,0,0,0,0,0,0,0,0,0,0,0,0,0,0,0,0,0,0,763.2,763.2,258.9,193.5,107.6,107.6,0.3,0.3,1.8,1.8161,2.031,2.031,1,1,2,2,2,2
7008,Beeskow,52.172222,14.246667,500.0,0,1,1,1,1,1,0,0,0,0,0,0,0,1,1,1,1,1,1,1,1,1,1,1,0,1,1,1,1,1,1,1,1,1,1,1,0,0,0,0,0,0,772.0,772.0,232.1,232.1,158.7,158.7,1.0,4.2,4.2,4.2,4.3032,4.3032,1,3,3,3,3,3
7009,Belzig,52.141945,12.588056,,0,0,0,0,0,0,0,0,0,0,0,0,0,0,0,0,0,0,1,1,1,1,1,1,0,0,0,0,0,0,0,0,0,0,0,0,0,0,0,0,0,0,750.7,750.7,261.8,168.2,90.4,90.4,0.3,0.3,0.3,0.3795,0.5739,0.5739,1,1,1,1,1,1
7010,Berlin,52.517502,13.405278,579.0,1,1,1,1,1,1,0,0,0,0,0,0,0,0,0,0,0,0,1,1,1,1,1,1,0,1,1,1,1,1,1,1,1,1,1,1,0,0,0,0,0,0,798.5,798.5,279.3,236.5,148.9,148.9,2.5,3.5,3.5,3.5,3.6278,3.6278,3,3,3,3,3,3
7011,Berlin-Charlottenburg,52.518333,13.311389,,0,0,0,0,0,0,0,0,0,0,0,0,0,0,0,0,0,0,1,1,1,1,1,1,0,0,0,0,0,0,0,0,0,0,0,0,0,0,0,0,0,0,797.6,797.6,281.1,232.2,146.0,146.0,0.3,0.3,0.3,0.3,0.435,0.435,1,1,1,1,1,1
7012,Berlin-Koepenick,52.444443,13.573611,14167.0,1,1,1,1,1,1,0,0,0,0,0,0,0,0,0,0,0,0,1,1,1,1,1,1,0,0,0,0,0,0,1,1,1,1,1,1,0,0,0,0,0,0,792.3,792.3,268.6,239.2,147.9,147.9,2.5,2.5,2.5,2.5,2.6302,2.6302,3,3,3,3,3,3
7013,Berlin-Lichtenberg,52.516666,13.479722,,0,0,0,0,0,0,0,0,0,0,0,0,0,0,0,0,0,0,0,0,1,1,1,1,0,0,0,0,0,0,0,0,0,0,0,0,0,0,0,0,0,0,799.2,799.2,277.9,240.0,151.3,151.3,0.0,0.0,0.3,0.3,0.4218,0.4218,0,0,1,1,1,1
7014,Berlin-Neukoelln,52.471943,13.441667,,0,0,0,0,0,0,0,0,0,0,0,0,0,0,0,0,0,0,1,1,1,1,1,1,0,0,0,0,0,0,0,0,0,0,0,0,0,0,0,0,0,0,793.8,793.8,273.7,234.7,145.7,145.7,0.3,0.3,0.3,0.3,0.4358,0.4358,1,1,1,1,1,1
7015,Berlin-Schoeneberg,52.483055,13.349167,,0,0,0,0,0,0,0,0,0,0,0,0,0,0,0,0,0,0,0,1,1,1,1,1,0,0,0,0,0,0,0,0,0,0,0,0,0,0,0,0,0,0,794.1,794.1,276.6,231.1,143.7,143.7,0.0,0.3,0.3,0.3,0.4408,0.4408,0,1,1,1,1,1
7016,Berlin-Spandau,52.538334,13.205277,7281.0,1,1,1,1,1,1,0,0,0,0,0,0,0,0,0,0,0,0,1,1,1,1,1,1,1,1,1,1,1,1,1,1,1,1,1,1,0,0,0,0,0,0,798.9,798.9,285.3,229.0,145.0,145.0,3.5,3.5,3.5,3.5,3.6376,3.6376,3,3,3,3,3,3
7017,Berlin-Wilmersdorf,52.484722,13.324445,,0,0,0,0,0,0,0,0,0,0,0,0,0,0,0,0,0,0,0,1,1,1,1,1,0,0,0,0,0,0,0,0,0,0,0,0,0,0,0,0,0,0,794.1,794.1,277.3,230.1,143.1,143.1,0.0,0.3,0.3,0.3,0.4423,0.4423,0,1,1,1,1,1
7018,Berlinchen,52.991665,15.215278,580.0,0,0,0,0,0,0,0,0,0,0,0,0,0,0,0,0,0,0,0,1,1,1,1,1,0,0,0,0,0,0,0,0,0,0,0,0,0,0,0,0,0,0,877.3,877.3,327.6,327.6,237.0,172.0,0.0,0.3,0.3,0.3,0.3,0.3699,0,1,1,1,1,1
7019,Bernau,52.679165,13.587222,584.0,0,1,1,1,1,1,0,0,0,0,0,0,0,0,0,0,0,0,1,1,1,1,1,1,0,0,0,0,0,0,0,0,0,0,0,0,0,0,0,0,0,0,818.2,818.2,293.9,258.0,170.5,157.9,0.3,1.8,1.8,1.8,1.8736,1.9053,1,2,2,2,2,2
7020,Bernstein,53.044445,15.302778,597.0,0,1,1,1,1,1,0,0,0,0,0,0,0,0,0,0,0,0,0,1,1,1,1,1,0,0,0,0,0,0,0,0,0,0,0,0,0,0,0,0,0,0,884.7,884.7,334.4,334.4,238.9,172.1,0.0,1.8,1.8,1.8,1.8,1.8699,0,2,2,2,2,2
7021,Betsche,52.466667,15.766666,612.0,0,0,0,0,1,1,0,0,0,0,0,0,0,0,0,0,0,0,0,1,1,1,1,1,0,0,0,0,0,0,0,0,0,0,0,0,0,0,0,0,0,0,834.6,834.6,280.6,280.6,264.4,240.3,0.0,0.3,0.3,0.3,1.8,1.8,0,1,1,1,2,2
7022,Biesenthal,52.765556,13.631111,13797.0,0,0,1,1,1,1,0,0,0,0,0,0,0,0,0,0,0,0,1,1,1,1,1,1,0,0,0,0,0,0,0,0,0,0,0,0,0,0,0,0,0,0,828.1,828.1,302.8,267.0,177.2,148.6,0.3,0.3,1.8,1.8,1.857,1.9285,1,1,2,2,2,2
7023,Blesen,52.516666,15.4,720.0,0,0,0,0,0,1,0,0,0,0,0,0,0,0,0,0,0,0,0,0,1,1,1,1,0,0,0,0,0,0,1,1,1,1,1,1,0,0,0,0,0,0,831.1,831.1,278.5,278.5,245.3,220.5,0.7,0.7,1.0,1.0,1.0,2.5,0,0,1,1,1,3
7024,Bobersberg,51.950001,15.083333,,0,0,0,0,0,0,0,0,0,0,0,0,0,0,0,0,0,0,0,0,0,0,1,1,0,0,0,0,0,0,0,0,0,0,0,0,0,0,0,0,0,0,764.5,764.5,212.2,212.2,198.9,198.9,0.0,0.0,0.0,0.0,0.3027,0.3027,0,0,0,0,1,1
7025,Bomst,52.150002,15.833333,368.0,0,0,0,1,1,1,0,0,0,0,0,0,0,0,0,0,0,0,1,1,1,1,1,1,0,0,0,0,0,0,1,1,1,1,1,1,0,0,0,0,0,0,803.6,803.6,249.6,249.6,249.6,249.6,1.0,1.0,1.0,2.5,2.5,2.5,1,1,1,3,3,3
7026,Braetz,52.316113,15.673889,937.0,0,0,0,0,1,1,0,0,0,0,0,0,0,0,0,0,0,0,0,0,0,0,1,1,0,0,0,0,0,0,1,1,1,1,1,1,0,0,0,0,0,0,816.7,816.7,262.7,262.7,251.4,249.5,0.7,0.7,0.7,0.7,2.5,2.5,0,0,0,0,3,3
7027,Brandenburg,52.408611,12.563334,928.0,1,1,1,1,1,1,0,0,0,0,0,0,0,0,0,0,0,0,1,1,1,1,1,1,0,0,1,1,1,1,0,0,0,0,0,0,0,0,0,0,0,0,780.2,780.2,288.7,190.8,119.6,119.6,1.8,1.8,2.8,2.823,3.0011,3.0011,2,2,3,3,3,3
7028,Brueck,52.196667,12.762222,,0,0,0,1,1,1,0,0,0,0,0,0,0,0,0,0,0,0,1,1,1,1,1,1,0,0,0,0,0,0,0,0,0,0,0,0,0,0,0,0,0,0,757.8,757.8,261.5,180.6,99.0,99.0,0.3,0.3,0.3,1.8485,2.0525,2.0525,1,1,1,2,2,2
7029,Bruessow,53.400276,14.126111,1051.0,0,1,1,1,1,1,0,0,0,0,0,0,0,0,0,0,0,0,1,1,1,1,1,1,0,0,0,0,0,0,0,0,0,0,0,0,0,0,0,0,0,0,903.5,903.5,368.9,341.9,151.4,91.1,0.3,1.8,1.8,1.8,1.9216,2.0722,1,2,2,2,2,2
7030,Buckow,52.56778,14.073889,,0,0,0,0,1,1,0,0,0,0,0,0,0,0,0,0,0,0,1,1,1,1,1,1,0,0,0,0,0,0,0,0,0,0,0,0,0,0,0,0,0,0,812.2,812.2,276.8,273.8,179.5,175.7,0.3,0.3,0.3,0.3,1.8512,1.8607,1,1,1,1,2,2
7031,Calau,51.746666,13.949166,1159.0,1,1,1,1,1,1,0,0,0,0,0,0,0,0,0,0,0,0,1,1,1,1,1,1,0,0,0,1,1,1,0,0,0,0,0,0,0,0,0,0,0,0,721.2,721.2,187.4,187.4,118.0,118.0,1.8,1.8,1.8314,2.8314,3.005,3.005,2,2,2,3,3,3
7032,Christianstadt,51.798332,15.234722,,0,0,0,0,0,0,0,0,0,0,0,0,0,0,0,0,0,0,0,0,0,0,0,0,0,0,0,0,0,0,0,0,0,0,0,0,0,0,0,0,0,0,752.2,752.2,198.6,198.6,198.6,198.6,0.0,0.0,0.0035,0.0035,0.0035,0.0035,0,0,0,0,0,0
7033,Cottbus,51.759167,14.335,1251.0,0,0,0,1,1,1,0,0,0,0,0,0,0,0,0,0,0,0,1,1,1,1,1,1,0,0,0,0,0,0,0,0,0,0,0,0,0,0,0,0,0,0,729.0,729.0,186.0,186.0,143.4,143.4,0.3,0.3,0.3351,1.8351,1.9414,1.9414,1,1,1,2,2,2
7034,Crossen,52.046665,15.099167,1260.0,0,0,1,1,1,1,0,0,0,0,0,0,0,0,0,0,0,0,1,1,1,1,1,1,0,0,0,0,0,1,0,0,0,0,0,0,0,0,0,0,0,0,775.0,775.0,222.9,222.9,203.7,203.7,0.3,0.3,1.8,1.8,1.8,2.8,1,1,2,2,2,3
7035,Dahme,51.869167,13.424723,1306.0,0,1,1,1,1,1,0,0,0,0,0,0,0,0,0,0,0,0,1,1,1,1,1,1,0,0,0,0,0,0,0,0,0,0,0,0,0,0,0,0,0,0,727.5,727.5,210.0,193.1,93.5,93.5,0.3,1.8,1.8,1.8171,2.0663,2.0663,1,2,2,2,2,2
7036,Doberlug,51.610001,13.545834,,0,0,0,0,1,1,0,0,0,0,0,0,0,0,0,0,0,0,1,1,1,1,1,1,0,0,0,0,0,0,1,1,1,1,1,1,0,0,0,0,0,0,700.6,700.6,180.1,180.1,86.6,86.6,1.0,1.0,1.0497,1.0497,2.7835,2.7835,1,1,1,1,3,3
7037,Drebkau,51.656944,14.2175,,0,0,0,0,1,1,0,0,0,0,0,0,0,0,0,0,0,0,1,1,1,1,1,1,0,0,0,0,0,0,0,0,0,0,0,0,0,0,0,0,0,0,715.9,715.9,175.1,175.1,132.5,132.5,0.3,0.3,0.3623,0.3623,1.9689,1.9689,1,1,1,1,2,2
7038,Drossen,52.450001,14.866667,1588.0,0,0,0,0,0,0,0,0,0,0,0,0,0,0,0,0,0,0,0,1,1,1,1,1,0,0,0,0,0,0,0,0,0,0,0,0,0,0,0,0,0,0,812.9,812.9,264.5,264.5,211.0,207.6,0.0,0.3,0.3,0.3,0.3,0.3,0,1,1,1,1,1
7039,Eberswalde,52.834446,13.820278,1665.0,0,1,1,1,1,1,0,0,0,0,0,0,0,0,0,0,0,0,1,1,1,1,1,1,0,0,1,1,1,1,0,0,0,0,0,0,0,0,0,0,0,0,837.9,837.9,308.3,281.3,178.4,142.9,0.3,1.8,2.8,2.8,2.8541,2.9426,1,2,3,3,3,3
7040,Erkner,52.419445,13.754167,,0,0,0,0,0,0,0,0,0,0,0,0,0,0,0,0,0,0,0,0,0,0,0,0,0,0,0,0,0,0,0,0,0,0,0,0,0,0,0,0,0,0,791.7,791.7,263.4,246.6,153.0,153.0,0.0,0.0,0.0,0.0,0.1176,0.1176,0,0,0,0,0,0
7041,Fehrbellin,52.813332,12.763889,1923.0,0,1,1,1,1,1,0,0,0,0,0,0,0,0,0,0,0,0,1,1,1,1,1,1,0,0,0,0,0,0,0,0,0,0,0,0,0,0,0,0,0,0,826.1,826.1,324.1,236.0,147.7,147.7,0.3,1.8,1.8,1.8,1.9307,1.9307,1,2,2,2,2,2
7042,Finow,52.833611,13.928056,5356.0,0,0,0,0,0,0,0,0,0,0,0,0,0,0,0,0,0,0,0,1,1,1,1,1,0,0,0,0,0,0,0,0,0,0,0,0,0,0,0,0,0,0,839.1,839.1,307.3,286.3,183.0,144.6,0.0,0.3,0.3,0.3,0.3426,0.4384,0,1,1,1,1,1
7043,Finsterwalde,51.629166,13.707778,1947.0,1,1,1,1,1,1,0,0,0,0,0,0,0,0,0,0,0,0,1,1,1,1,1,1,0,0,0,0,0,1,0,0,0,0,0,0,0,0,0,0,0,0,704.9,704.9,178.6,178.6,97.9,97.9,1.8,1.8,1.8535,1.8535,2.0553,3.0553,2,2,2,2,2,3
7044,Forst,51.743889,14.648056,1977.0,1,1,1,1,1,1,0,0,0,0,0,0,0,0,0,0,0,0,1,1,1,1,1,1,0,0,0,0,0,0,1,1,1,1,1,1,0,0,0,0,0,0,733.4,733.4,184.9,184.9,163.6,163.6,2.5,2.5,2.5378,2.5378,2.591,2.591,3,3,3,3,3,3
7045,Frankfurt (Oder),52.341667,14.550834,1988.0,0,1,1,1,1,1,0,0,0,0,0,0,0,0,0,0,0,0,1,1,1,1,1,1,0,1,1,1,1,1,0,0,0,0,0,0,0,0,0,0,0,0,795.4,795.4,250.8,250.8,186.5,186.5,0.3,2.8,2.8,2.8,2.8337,2.8337,1,3,3,3,3,3
7046,Freienwalde,52.788055,14.030833,2004.0,0,1,1,1,1,1,0,0,0,0,0,0,0,0,0,0,0,0,1,1,1,1,1,1,0,0,0,0,0,0,0,0,0,0,0,0,0,0,0,0,0,0,835.5,835.5,301.5,287.7,191.3,151.3,0.3,1.8,1.8,1.8,1.8218,1.9217,1,2,2,2,2,2
7047,Freyenstein,53.287498,12.353333,2015.0,0,1,1,1,1,1,0,0,0,0,0,0,0,0,0,0,0,0,0,1,1,1,1,1,0,0,0,0,0,0,0,0,0,0,0,0,0,0,0,0,0,0,831.5,831.5,383.3,272.1,90.2,90.2,0.0,1.8,1.8,1.8,2.0745,2.0745,0,2,2,2,2,2
7048,Friedland (Niederlausitz),52.102501,14.264444,14312.0,0,0,0,0,0,0,0,0,0,0,0,0,0,0,0,0,0,0,1,1,1,1,1,1,0,0,0,0,0,0,0,0,0,0,0,0,0,0,0,0,0,0,764.7,764.7,224.3,224.3,155.5,155.5,0.3,0.3,0.3,0.3,0.4114,0.4114,1,1,1,1,1,1
7049,Friesack,52.737499,12.579722,2034.0,0,0,0,0,0,0,0,0,0,0,0,0,0,0,0,0,0,0,1,1,1,1,1,1,0,0,0,0,0,0,0,0,0,0,0,0,0,0,0,0,0,0,816.7,816.7,321.1,222.5,153.0,153.0,0.3,0.3,0.3,0.3,0.4174,0.4174,1,1,1,1,1,1
7050,Fuerstenberg (Oder),52.143333,14.664444,2052.0,1,1,1,1,1,1,0,0,0,0,0,0,0,0,0,0,0,0,1,1,1,1,1,1,0,0,0,0,0,0,1,1,1,1,1,1,0,0,0,0,0,0,776.3,776.3,229.2,229.2,181.3,181.3,2.5,2.5,2.5,2.5,2.5467,2.5467,3,3,3,3,3,3
7051,Fuerstenfelde,52.716667,14.566667,,0,0,0,0,0,0,0,0,0,0,0,0,0,0,0,0,0,0,0,1,1,1,1,1,0,0,0,0,0,0,0,0,0,0,0,0,0,0,0,0,0,0,836.0,836.0,292.5,292.5,214.4,171.9,0.0,0.3,0.3,0.3,0.3,0.3702,0,1,1,1,1,1
7052,Fuerstenwalde,52.359444,14.064445,11856.0,0,1,1,1,1,1,0,0,0,0,0,0,0,0,0,0,0,0,1,1,1,1,1,1,0,0,0,0,0,0,0,0,0,0,0,0,0,0,0,0,0,0,789.4,789.4,253.8,253.8,162.3,162.3,0.3,1.8,1.8,1.8,1.8942,1.8942,1,2,2,2,2,2
7053,Fuerstenwerder,53.393333,13.585,13800.0,0,0,1,1,1,1,0,0,0,0,0,0,0,0,0,0,0,0,0,0,1,1,1,1,0,0,0,0,0,0,0,0,0,0,0,0,0,0,0,0,0,0,896.6,896.6,372.1,319.9,122.5,79.0,0.0,0.0,1.8,1.8,1.9938,2.1026,0,0,2,2,2,2
7054,Gassen,51.75,15.0,14226.0,0,0,0,0,0,0,0,0,0,0,0,0,0,0,0,0,0,0,0,0,0,0,0,0,0,0,0,0,0,0,0,0,0,0,0,0,0,0,0,0,0,0,741.6,741.6,189.3,189.3,187.3,187.3,0.0,0.0,0.0269,0.0269,0.0318,0.0318,0,0,0,0,0,0
7055,Goeritz,52.49472,14.652223,,0,0,0,0,0,0,0,0,0,0,0,0,0,0,0,0,0,0,0,1,1,1,1,1,0,0,0,0,0,0,0,0,0,0,0,0,0,0,0,0,0,0,813.6,813.6,268.2,268.2,202.3,196.7,0.0,0.3,0.3,0.3,0.3,0.3083,0,1,1,1,1,1
7056,Golssen,51.970276,13.602777,2286.0,0,0,0,0,0,0,0,0,0,0,0,0,0,0,0,0,0,0,0,1,1,1,1,1,0,0,0,0,0,0,0,0,0,0,0,0,0,0,0,0,0,0,740.7,740.7,217.0,209.4,110.1,110.1,0.0,0.3,0.3,0.3,0.5249,0.5249,0,1,1,1,1,1
7057,Gransee,53.006943,13.158055,2388.0,0,1,1,1,1,1,0,0,0,0,0,0,0,0,0,0,0,0,1,1,1,1,1,1,0,0,0,0,0,0,1,1,1,1,1,1,0,0,0,0,0,0,850.2,850.2,336.2,268.4,137.8,121.8,1.0,2.5,2.5,2.5,2.6555,2.6955,1,3,3,3,3,3
7058,Greiffenberg (Uckermark),53.086945,13.954166,,0,1,1,1,1,1,0,0,0,0,0,0,0,0,0,0,0,0,1,1,1,1,1,1,0,0,0,0,0,0,0,0,0,0,0,0,0,0,0,0,0,0,867.1,867.1,335.1,308.0,163.5,118.0,0.3,1.8,1.8,1.8,1.8912,2.0049,1,2,2,2,2,2
7059,Guben,51.953888,14.711945,2671.0,1,1,1,1,1,1,0,0,0,0,0,0,0,0,0,0,0,0,1,1,1,1,1,1,0,0,0,0,0,0,1,1,1,1,1,1,0,0,0,0,0,0,757.0,757.0,208.5,208.5,175.2,175.2,2.5,2.5,2.5,2.5,2.5619,2.5619,3,3,3,3,3,3
7060,Havelberg,52.830555,12.075277,2873.0,1,1,1,1,1,1,0,0,0,0,0,0,0,0,0,0,0,0,1,1,1,1,1,1,0,0,1,1,1,1,0,0,0,0,0,0,0,0,0,0,0,0,811.3,811.3,345.6,218.0,140.0,140.0,1.8,1.8,2.8,2.8,2.9501,2.9501,2,2,3,3,3,3
7061,Joachimsthal,52.979168,13.744722,2432.0,0,0,0,0,0,0,0,0,0,0,0,0,0,0,0,0,0,0,0,0,0,0,0,1,0,0,0,0,0,0,0,0,0,0,0,0,0,0,0,0,0,0,852.8,852.8,324.9,289.8,162.7,126.2,0.0,0.0,0.0,0.0,0.0933,0.4846,0,0,0,0,0,1
7062,Jueterbog,51.991943,13.081388,3455.0,1,1,1,1,1,1,0,0,0,0,0,0,0,0,0,0,0,0,1,1,1,1,1,1,0,0,0,1,1,1,1,1,1,1,1,1,0,0,0,0,0,0,737.5,737.5,231.6,181.1,87.4,87.4,2.5,2.5,2.5,3.5472,3.7814,3.7814,3,3,3,3,3,3
7063,Ketzin,52.477222,12.843333,,0,0,0,0,0,0,0,0,0,0,0,0,0,0,0,0,0,0,1,1,1,1,1,1,0,0,0,0,0,0,0,0,0,0,0,0,0,0,0,0,0,0,789.4,789.4,287.5,208.1,130.5,130.5,0.3,0.3,0.3,0.3,0.4737,0.4737,1,1,1,1,1,1
7064,Koenigsberg (Neumark),52.963055,14.43,3913.0,0,1,1,1,1,1,0,0,0,0,0,0,0,0,0,0,0,0,1,1,1,1,1,1,0,0,0,1,1,1,0,0,0,0,0,0,0,0,0,0,0,0,860.3,860.3,319.7,319.7,196.4,143.4,0.3,1.8,1.8,2.8,2.809,2.9416,1,2,2,3,3,3
7065,Koenigswalde,52.512222,15.245277,,0,0,0,0,0,0,0,0,0,0,0,0,0,0,0,0,0,0,0,0,1,1,1,1,0,0,0,0,0,0,0,0,0,0,0,0,0,0,0,0,0,0,827.3,827.3,275.6,275.6,236.2,214.8,0.0,0.0,0.3,0.3,0.3,0.3,0,0,1,1,1,1
7066,Koenigswusterhausen,52.299168,13.624444,,0,0,0,0,0,0,0,0,0,0,0,0,0,0,0,0,0,0,0,0,1,1,1,1,0,0,0,0,0,0,0,0,0,0,0,0,0,0,0,0,0,0,776.9,776.9,252.1,231.4,137.0,137.0,0.0,0.0,0.3,0.3,0.4574,0.4574,0,0,1,1,1,1
7067,Kremmen,52.762779,13.026111,4044.0,0,1,1,1,1,1,0,0,0,0,0,0,0,0,0,0,0,0,1,1,1,1,1,1,0,0,0,0,0,0,0,0,0,0,0,0,0,0,0,0,0,0,822.2,822.2,312.8,241.0,158.7,149.9,0.3,1.8,1.8,1.8,1.9033,1.9251,1,2,2,2,2,2
7068,Kuestrin,52.566666,14.606667,14116.0,0,1,1,1,1,1,0,0,0,0,0,0,0,0,0,0,0,0,1,1,1,1,1,1,0,0,0,0,0,0,1,1,1,1,1,1,0,0,0,0,0,0,820.5,820.5,276.0,276.0,205.0,188.1,1.0,2.5,2.5,2.5,2.5,2.5297,1,3,3,3,3,3
7069,Kyritz,52.940556,12.396667,4178.0,1,1,1,1,1,1,0,0,0,0,0,0,0,0,0,0,0,0,1,1,1,1,1,1,0,0,0,0,0,0,0,0,0,0,0,0,0,0,0,0,0,0,833.0,833.0,346.8,237.3,128.8,128.8,1.8,1.8,1.8,1.8,1.978,1.978,2,2,2,2,2,2
7070,Lagow,52.3325,15.293612,,0,0,0,0,0,0,0,0,0,0,0,0,0,0,0,0,0,0,0,1,1,1,1,1,0,0,0,0,0,0,0,0,0,0,0,0,0,0,0,0,0,0,809.4,809.4,256.9,256.9,229.0,229.0,0.0,0.3,0.3,0.3,0.3,0.3,0,1,1,1,1,1
7071,Landsberg (Warthe),52.733334,15.233334,4220.0,0,1,1,1,1,1,0,0,0,0,0,0,0,0,0,0,0,0,0,1,1,1,1,1,0,0,0,0,0,1,1,1,1,1,1,1,0,0,0,0,0,0,850.3,850.3,299.5,299.5,249.6,194.5,0.7,2.5,2.5,2.5,2.5,3.5137,0,3,3,3,3,3
7072,Lebus,52.425556,14.539722,4303.0,1,1,1,1,1,1,0,0,0,0,0,0,0,0,0,0,0,0,1,1,1,1,1,1,0,0,0,0,0,0,0,0,0,0,0,0,0,0,0,0,0,0,804.2,804.2,260.1,260.1,191.5,191.5,1.8,1.8,1.8,1.8,1.8211,1.8211,2,2,2,2,2,2
7073,Lenzen,53.090832,11.474722,4377.0,1,1,1,1,1,1,0,0,0,0,0,0,0,0,0,0,0,0,1,1,1,1,1,1,0,0,0,0,0,0,0,0,0,0,0,0,0,0,0,0,0,0,771.9,771.9,391.0,236.8,119.3,119.3,1.8,1.8,1.8,1.8,2.0017,2.0017,2,2,2,2,2,2
7074,Liebenau b. Schwiebus,52.305557,15.376111,8908.0,0,0,0,0,0,0,0,0,0,0,0,0,0,0,0,0,0,0,0,0,1,1,1,1,0,0,0,0,0,0,0,0,0,0,0,0,0,0,0,0,0,0,808.5,808.5,255.4,255.4,232.6,232.6,0.0,0.0,0.3,0.3,0.3,0.3,0,0,1,1,1,1
7075,Liebenwalde,52.871666,13.393056,,0,0,1,1,1,1,0,0,0,0,0,0,0,0,0,0,0,0,1,1,1,1,1,1,0,0,0,0,0,0,0,0,0,0,0,0,0,0,0,0,0,0,837.3,837.3,317.7,265.5,158.7,135.9,0.3,0.3,1.8,1.8,1.9033,1.9602,1,1,2,2,2,2
7076,Lieberose,51.988056,14.300555,4433.0,0,1,1,1,1,1,0,0,0,0,0,0,0,0,0,0,0,0,1,1,1,1,1,1,0,0,0,0,0,0,0,0,0,0,0,0,0,0,0,0,0,0,753.0,753.0,211.5,211.5,151.2,151.2,0.3,1.8,1.8,1.8,1.9219,1.9219,1,2,2,2,2,2
7077,Lindow,52.970833,12.988055,4472.0,0,0,0,0,1,1,0,0,0,0,0,0,0,0,0,0,0,0,1,1,1,1,1,1,0,0,0,0,0,0,0,0,0,0,0,0,0,0,0,0,0,0,844.9,844.9,335.6,258.8,136.3,127.6,0.3,0.3,0.3,0.3,1.9591,1.9809,1,1,1,1,2,2
7078,Lippehne,53.003056,14.969444,4495.0,0,0,1,1,1,1,0,0,0,0,0,0,0,0,0,0,0,0,0,1,1,1,1,1,0,0,0,0,0,0,0,0,0,0,0,0,0,0,0,0,0,0,873.8,873.8,326.4,326.4,222.5,160.1,0.0,0.3,1.8,1.8,1.8,1.8998,0,1,2,2,2,2
7079,Luckau,51.852501,13.715834,4625.0,0,1,1,1,1,1,0,0,0,0,0,0,0,0,0,0,0,0,1,1,1,1,1,1,0,0,0,1,1,1,1,1,1,1,1,1,0,0,0,0,0,0,729.3,729.3,202.4,202.4,108.9,108.9,1.0,2.5,2.5,3.5,3.7278,3.7278,1,3,3,3,3,3
7080,Luckenwalde,52.089169,13.172778,4626.0,0,0,0,0,0,0,0,0,0,0,0,0,0,0,0,0,0,0,1,1,1,1,1,1,0,0,0,0,0,1,0,0,0,0,0,0,0,0,0,0,0,0,749.1,749.1,239.0,192.7,99.9,99.9,0.3,0.3,0.3,0.3181,0.5502,1.5502,1,1,1,1,1,2
7081,Luebben,51.941944,13.896389,4598.0,1,1,1,1,1,1,0,0,0,0,0,0,0,0,0,0,0,0,1,1,1,1,1,1,0,1,1,1,1,1,1,1,1,1,1,1,0,0,0,0,0,0,741.6,741.6,209.4,209.4,124.6,124.6,2.5,3.5,3.5,3.5,3.6884,3.6884,3,3,3,3,3,3
7082,Luebbenau,51.868332,13.968611,,0,0,1,1,1,1,0,0,0,0,0,0,0,0,0,0,0,0,1,1,1,1,1,1,0,0,0,0,0,0,0,0,0,0,0,0,0,0,0,0,0,0,734.7,734.7,200.5,200.5,124.9,124.9,0.3,0.3,1.8,1.8,1.9878,1.9878,1,1,2,2,2,2
7083,Lychen,53.210835,13.315278,4686.0,1,1,1,1,1,1,0,0,0,0,0,0,0,0,0,0,0,0,1,1,1,1,1,1,0,0,0,0,1,1,0,0,0,0,0,0,0,0,0,0,0,0,874.0,874.0,355.6,293.1,124.6,98.3,1.8,1.8,1.8,1.8,2.9885,3.0542,2,2,2,2,3,3
7084,Maerk.  Buchholz,52.109722,13.761666,,0,0,0,0,0,0,0,0,0,0,0,0,0,0,0,0,0,0,0,0,1,1,1,1,0,0,0,0,0,0,0,0,0,0,0,0,0,0,0,0,0,0,758.0,758.0,229.5,226.8,128.4,128.4,0.0,0.0,0.3,0.3,0.4791,0.4791,0,0,1,1,1,1
7085,Meseritz,52.433334,15.566667,4903.0,0,0,0,0,0,1,0,0,0,0,0,0,0,0,0,0,0,0,1,1,1,1,1,1,0,0,0,0,0,0,1,1,1,1,1,1,0,0,0,0,0,0,826.3,826.3,272.7,272.7,250.6,234.7,1.0,1.0,1.0,1.0,1.0,2.5,1,1,1,1,1,3
7086,Meyenburg,53.314999,12.241111,4914.0,0,0,1,1,1,1,0,0,0,0,0,0,0,0,0,0,0,0,0,1,1,1,1,1,0,0,0,0,0,0,0,0,0,0,0,0,0,0,0,0,0,0,824.2,824.2,389.0,272.5,86.3,86.3,0.0,0.3,1.8,1.8,2.0843,2.0843,0,1,2,2,2,2
7087,Mittenwalde,52.264721,13.536111,4975.0,0,0,1,1,1,1,0,0,0,0,0,0,0,0,0,0,0,0,1,1,1,1,1,1,0,1,1,1,1,1,0,0,0,0,0,0,0,0,0,0,0,0,772.1,772.1,249.8,224.3,130.3,130.3,0.3,1.3,2.8,2.8,2.9743,2.9743,1,2,3,3,3,3
7088,Mohrin,52.858055,14.393056,5008.0,0,0,1,1,1,1,0,0,0,0,0,0,0,0,0,0,0,0,0,1,1,1,1,1,0,0,0,0,0,0,0,0,0,0,0,0,0,0,0,0,0,0,848.4,848.4,308.1,308.1,202.4,152.7,0.0,0.3,1.8,1.8,1.8,1.9183,0,1,2,2,2,2
7089,Muellrose,52.245277,14.414166,5103.0,0,1,1,1,1,1,0,0,0,0,0,0,0,0,0,0,0,0,0,1,1,1,1,1,0,0,0,0,0,0,0,0,0,0,0,0,0,0,0,0,0,0,782.6,782.6,239.9,239.9,172.7,172.7,0.0,1.8,1.8,1.8,1.8681,1.8681,0,2,2,2,2,2
7090,Muencheberg,52.503056,14.140278,5106.0,1,1,1,1,1,1,0,0,0,0,0,0,0,0,0,0,0,0,1,1,1,1,1,1,0,0,0,1,1,1,0,0,0,0,0,0,0,0,0,0,0,0,806.1,806.1,269.3,269.3,177.2,177.2,1.8,1.8,1.8,2.8,2.8569,2.8569,2,2,2,3,3,3
7091,Nauen,52.606945,12.876111,5160.0,0,0,1,1,1,1,0,0,0,0,0,0,0,0,0,0,0,0,1,1,1,1,1,1,0,0,0,0,0,0,0,0,0,0,0,0,0,0,0,0,0,0,803.9,803.9,300.0,221.0,145.1,145.1,0.3,0.3,1.8,1.8,1.9373,1.9373,1,1,2,2,2,2
7092,Neudamm,52.733334,14.7,5230.0,0,0,0,0,0,0,0,0,0,0,0,0,0,0,0,0,0,0,0,1,1,1,1,1,0,0,0,0,0,0,0,0,0,0,0,0,0,0,0,0,0,0,840.1,840.1,294.8,294.8,222.1,174.5,0.0,0.3,0.3,0.3,0.3,0.3638,0,1,1,1,1,1
7093,Neu Ruppin,52.923332,12.806389,5297.0,0,1,1,1,1,1,0,0,0,0,0,0,0,0,0,0,0,0,1,1,1,1,1,1,0,1,1,1,1,1,0,0,0,0,0,0,0,0,0,0,0,0,838.5,838.5,334.5,248.0,136.9,135.7,0.3,2.8,2.8,2.8,2.9578,2.9607,1,3,3,3,3,3
7094,Neustadt (Dosse),52.856945,12.438611,19886.0,0,0,0,0,0,0,0,0,0,0,0,0,0,0,0,0,0,0,0,0,0,1,1,1,0,0,0,0,0,0,0,0,0,0,0,0,0,0,0,0,0,0,829.4,829.4,337.2,230.0,138.4,138.4,0.0,0.0,0.0,0.3,0.454,0.454,0,0,0,1,1,1
7095,Niemegk,52.076668,12.688056,5387.0,1,1,1,1,1,1,0,0,0,0,0,0,0,0,1,1,1,1,1,1,1,1,1,1,0,0,0,0,0,0,0,0,0,0,0,0,0,0,0,0,0,0,744.0,744.0,252.1,167.4,84.8,84.8,1.8,1.8,2.5,2.5816,2.7881,2.7881,2,2,2,2,2,2
7096,Oderberg,52.86639,14.044444,5574.0,0,1,1,1,1,1,0,0,0,0,0,0,0,0,0,0,0,0,1,1,1,1,1,1,0,0,0,0,0,0,0,0,0,0,0,0,0,0,0,0,0,0,844.2,844.2,310.1,294.4,185.3,143.2,0.3,1.8,1.8,1.8,1.8367,1.9419,1,2,2,2,2,2
7097,Oranienburg,52.753887,13.236389,,0,0,0,1,1,1,0,0,0,0,0,0,0,0,0,0,0,0,1,1,1,1,1,1,0,0,0,0,0,0,0,0,0,0,0,0,0,0,0,0,0,0,822.9,822.9,307.7,248.7,165.2,149.3,0.3,0.3,0.3,1.8,1.8869,1.9266,1,1,1,2,2,2
7098,Peitz,51.858334,14.411389,5872.0,0,0,0,0,0,0,0,0,0,0,0,0,0,0,0,0,0,0,0,0,1,1,1,1,0,0,0,0,0,0,0,0,0,0,0,0,0,0,0,0,0,0,741.1,741.1,196.9,196.9,152.1,152.1,0.0,0.0,0.3077,0.3077,0.4197,0.4197,0,0,1,1,1,1
7099,Perleberg,53.075832,11.864166,5887.0,1,1,1,1,1,1,0,0,0,0,0,0,0,0,0,0,0,0,1,1,1,1,1,1,0,0,0,0,1,1,0,0,0,0,0,0,0,0,0,0,0,0,797.8,797.8,376.3,240.0,114.1,114.1,1.8,1.8,1.8,1.8,3.0148,3.0148,2,2,2,2,3,3
7100,Pfoerten,51.799999,14.783334,5917.0,0,0,0,0,0,0,0,0,0,0,0,0,0,0,0,0,0,0,0,0,1,1,1,1,0,0,0,0,0,0,0,0,0,0,0,0,0,0,0,0,0,0,742.2,742.2,192.1,192.1,174.3,174.3,0.0,0.0,0.3197,0.3197,0.3644,0.3644,0,0,1,1,1,1
7101,Plaue (Havel),52.406944,12.4125,5971.0,0,0,0,0,1,1,0,0,0,0,0,0,0,0,0,0,0,0,1,1,1,1,1,1,0,0,0,0,0,0,0,0,0,0,0,0,0,0,0,0,0,0,779.4,779.4,293.3,185.1,118.7,118.7,0.3,0.3,0.3,0.3372,2.0032,2.0032,1,1,1,1,2,2
7102,Potsdam,52.400276,13.053333,11875.0,0,0,1,1,1,1,0,0,0,0,0,0,0,0,0,0,0,0,1,1,1,1,1,1,0,0,0,0,0,1,0,0,0,0,0,0,0,0,0,0,0,0,782.4,782.4,274.2,210.7,126.8,126.8,0.3,0.3,1.8,1.8,1.9829,2.9829,1,1,2,2,2,3
7103,Premnitz,52.530556,12.336945,,0,0,0,0,0,0,0,0,0,0,0,0,0,0,0,0,0,0,1,1,1,1,1,1,0,0,0,0,0,0,0,0,0,0,0,0,0,0,0,0,0,0,792.8,792.8,307.8,194.5,132.4,132.4,0.3,0.3,0.3,0.3137,0.4689,0.4689,1,1,1,1,1,1
7104,Prenzlau,53.316666,13.861944,6104.0,1,1,1,1,1,1,0,0,0,0,0,0,0,0,0,0,0,0,1,1,1,1,1,1,1,1,1,1,1,1,1,1,1,1,1,1,0,0,0,0,0,0,891.1,891.1,361.1,323.7,142.2,91.9,3.5,3.5,3.5,3.5,3.6446,3.7703,3,3,3,3,3,3
7105,Pritzerbe,52.495556,12.455277,,0,0,0,1,1,1,0,0,0,0,0,0,0,0,0,0,0,0,1,1,1,1,1,1,0,0,0,0,0,0,0,0,0,0,0,0,0,0,0,0,0,0,789.4,789.4,300.6,195.0,128.6,128.6,0.3,0.3,0.3,1.8124,1.9784,1.9784,1,1,1,2,2,2
7106,Pritzwalk,53.149166,12.174444,6122.0,0,1,1,1,1,1,0,0,0,0,0,0,0,0,0,0,0,0,1,1,1,1,1,1,0,0,0,0,0,0,0,0,0,0,0,0,0,0,0,0,0,0,818.8,818.8,374.1,253.6,104.5,104.5,0.3,1.8,1.8,1.8,2.0388,2.0388,1,2,2,2,2,2
7107,Putlitz,53.24889,12.043056,13807.0,1,1,1,1,1,1,0,0,0,0,0,0,0,0,0,0,0,0,1,1,1,1,1,1,0,0,0,0,0,0,0,0,0,0,0,0,0,0,0,0,0,0,810.6,810.6,387.9,261.7,93.6,93.6,1.8,1.8,1.8,1.8,2.066,2.066,2,2,2,2,2,2
7108,Rathenow,52.60611,12.338611,6271.0,0,1,1,1,1,1,0,0,0,0,0,0,0,0,0,0,0,0,1,1,1,1,1,1,0,0,0,0,0,0,0,0,0,0,0,0,0,0,0,0,0,0,801.2,801.2,315.2,202.0,140.8,140.8,0.3,1.8,1.8,1.8,1.9479,1.9479,1,2,2,2,2,2
7109,Reppen,52.343334,14.838611,6373.0,0,0,1,1,1,1,0,0,0,0,0,0,0,0,0,0,0,0,0,0,1,1,1,1,0,0,0,0,0,0,0,0,0,0,0,0,0,0,0,0,0,0,801.0,801.0,252.5,252.5,202.8,202.8,0.0,0.0,1.8,1.8,1.8,1.8,0,0,2,2,2,2
7110,Rheinsberg,53.098888,12.891945,13808.0,0,0,0,1,1,1,0,0,0,0,0,0,0,0,0,0,0,0,1,1,1,1,1,1,0,0,0,0,0,0,0,0,0,0,0,0,0,0,0,0,0,0,858.5,858.5,351.1,267.8,120.7,115.4,0.3,0.3,0.3,1.8,1.9982,2.0116,1,1,1,2,2,2
7111,Rhinow,52.750832,12.341945,13809.0,0,0,0,0,1,1,0,0,0,0,0,0,0,0,0,0,0,0,1,1,1,1,1,1,0,0,0,0,0,0,0,0,0,0,0,0,0,0,0,0,0,0,817.3,817.3,329.4,216.6,149.4,149.4,0.3,0.3,0.3,0.3,1.9266,1.9266,1,1,1,1,2,2
7112,Saarmund,52.31889,13.1275,,0,0,0,0,0,0,0,0,0,0,0,0,0,0,0,0,0,0,1,1,1,1,1,1,0,0,0,0,0,0,0,0,0,0,0,0,0,0,0,0,0,0,774.0,774.0,264.0,207.6,120.6,120.6,0.3,0.3,0.3,0.3,0.4985,0.4985,1,1,1,1,1,1
7113,Schermeisel,52.444443,15.242222,,0,0,0,0,0,0,0,0,0,0,0,0,0,0,0,0,0,0,0,0,0,0,0,0,0,0,0,0,0,0,0,0,0,0,0,0,0,0,0,0,0,0,820.0,820.0,268.2,268.2,232.0,221.0,0.0,0.0,0.0,0.0,0.0,0.0,0,0,0,0,0,0
7114,Schoenfliess,52.965279,14.6075,6947.0,0,0,0,1,1,1,0,0,0,0,0,0,0,0,0,0,0,0,0,1,1,1,1,1,0,0,0,1,1,1,0,0,0,0,0,0,0,0,0,0,0,0,863.4,863.4,320.3,320.3,205.4,149.2,0.0,0.3,0.3,2.8,2.8,2.9271,0,1,1,3,3,3
7115,Schwedt,53.055279,14.287778,7010.0,0,0,0,0,0,1,0,0,0,0,0,0,0,0,0,0,0,0,1,1,1,1,1,1,0,0,0,0,0,0,0,0,0,0,0,0,0,0,0,0,0,0,868.2,868.2,330.1,320.8,182.5,129.9,0.3,0.3,0.3,0.3,0.3437,1.9753,1,1,1,1,1,2
7116,Schwerin (Warthe),52.599724,15.502222,7019.0,0,0,1,1,1,1,0,0,0,0,0,0,0,0,0,0,1,1,0,1,1,1,1,1,0,0,0,0,0,0,1,1,1,1,1,1,0,0,0,0,0,0,842.1,842.1,289.2,289.2,256.1,217.5,0.7,1.0,2.5,2.5,3.2,3.2,0,1,3,3,3,3
7117,Schwiebus,52.25,15.533334,7026.0,0,0,0,0,0,1,0,0,0,0,0,0,0,0,0,0,0,0,1,1,1,1,1,1,0,0,0,0,0,0,0,0,0,0,0,0,0,0,0,0,0,0,806.4,806.4,252.6,252.6,239.7,239.7,0.3,0.3,0.3,0.3,0.3,1.8,1,1,1,1,1,2
7118,Seelow,52.533611,14.380834,,0,0,0,0,0,1,0,0,0,0,0,0,0,0,0,0,0,0,1,1,1,1,1,1,0,0,0,0,0,0,0,0,0,0,0,0,0,0,0,0,0,0,813.1,813.1,272.0,272.0,191.2,185.6,0.3,0.3,0.3,0.3,0.322,1.836,1,1,1,1,1,2
7119,Senftenberg,51.518612,14.004167,13810.0,0,0,0,0,1,1,0,0,0,0,0,0,0,0,0,0,0,0,1,1,1,1,1,1,0,0,0,0,0,1,1,1,1,1,1,1,0,0,0,0,0,0,697.4,697.4,161.8,161.8,114.8,114.8,1.0,1.0,1.0955,1.0955,2.713,3.713,1,1,1,1,3,3
7120,Soldin,52.933334,14.866667,7241.0,0,1,1,1,1,1,0,0,0,0,0,0,0,0,0,0,0,0,0,1,1,1,1,1,0,0,0,0,0,0,1,1,1,1,1,1,0,0,0,0,0,0,864.5,864.5,317.9,317.9,221.4,161.9,0.7,2.5,2.5,2.5,2.5,2.5952,0,3,3,3,3,3
7121,Sommerfeld,51.787777,14.971945,13811.0,0,0,0,0,1,1,0,0,0,0,0,0,0,0,0,0,0,0,1,1,1,1,1,1,0,0,0,0,1,1,1,1,1,1,1,1,0,0,0,0,0,0,745.0,745.0,193.0,193.0,186.4,186.4,1.0,1.0,1.0176,1.0176,3.534,3.534,1,1,1,1,3,3
7122,Sonnenburg,52.563889,14.802778,,0,0,0,0,0,0,0,0,0,0,0,0,0,0,0,0,0,0,0,1,1,1,1,1,0,0,0,0,0,0,0,0,0,0,0,0,0,0,0,0,0,0,823.8,823.8,276.6,276.6,215.1,194.3,0.0,0.3,0.3,0.3,0.3,0.3141,0,1,1,1,1,1
7123,Sonnewalde,51.695278,13.644722,,0,0,0,0,0,1,0,0,0,0,0,0,0,0,0,0,0,0,1,1,1,1,1,1,0,0,0,0,0,0,0,0,0,0,0,0,0,0,0,0,0,0,711.2,711.2,186.9,186.9,96.5,96.5,0.3,0.3,0.3328,0.3328,0.5588,2.0588,1,1,1,1,1,2
7124,Sorau,51.633335,15.133333,7271.0,0,1,1,1,1,1,0,0,0,0,0,0,0,0,0,0,0,0,1,1,1,1,1,1,0,0,0,0,0,0,1,1,1,1,1,1,0,0,0,0,0,0,732.5,732.5,179.0,179.0,179.0,179.0,1.0,2.5,2.5525,2.5525,2.5525,2.5525,1,3,3,3,3,3
7125,Spremberg,51.571667,14.379723,7312.0,0,0,0,1,1,1,0,0,0,0,0,0,0,0,0,0,0,0,1,1,1,1,1,1,0,0,0,0,0,0,0,0,0,0,0,0,0,0,0,0,0,0,709.8,709.8,165.1,165.1,141.4,141.4,0.3,0.3,0.3874,1.8874,1.9465,1.9465,1,1,1,2,2,2
7126,Sternberg (Neumark),52.313057,15.072222,,0,0,0,0,0,0,0,0,0,0,0,0,0,0,0,0,0,0,0,1,1,1,1,1,0,0,0,0,0,0,0,0,0,0,0,0,0,0,0,0,0,0,802.5,802.5,251.6,251.6,214.7,214.7,0.0,0.3,0.3,0.3,0.3,0.3,0,1,1,1,1,1
7127,Storkow,52.25528,13.931389,14315.0,0,0,0,0,1,1,0,0,0,0,0,0,0,0,0,0,0,0,1,1,1,1,1,1,0,0,0,0,0,0,0,0,0,0,0,0,0,0,0,0,0,0,776.2,776.2,243.5,243.5,147.8,147.8,0.3,0.3,0.3,0.3,1.9305,1.9305,1,1,1,1,2,2
7128,Strasburg,53.509998,13.745,7463.0,0,0,1,1,1,1,0,0,0,0,0,0,0,0,0,0,0,0,0,1,1,1,1,1,0,0,0,0,0,0,1,1,1,1,1,1,0,0,0,0,0,0,911.0,911.0,383.4,336.6,123.5,69.0,0.7,1.0,2.5,2.5,2.6913,2.8274,0,1,3,3,3,3
7129,Strausberg,52.579445,13.881945,7476.0,1,1,1,1,1,1,0,0,0,0,0,0,0,0,0,0,0,0,1,1,1,1,1,1,0,1,1,1,1,1,0,0,0,0,0,0,0,0,0,0,0,0,810.8,810.8,279.6,264.7,172.3,171.6,1.8,2.8,2.8,2.8,2.8692,2.8711,2,3,3,3,3,3
7130,Teltow,52.400555,13.268333,7640.0,0,1,1,1,1,1,0,0,0,0,0,0,0,0,0,0,0,0,1,1,1,1,1,1,0,0,0,0,0,0,0,0,0,0,0,0,0,0,0,0,0,0,784.3,784.3,269.4,220.8,133.0,133.0,0.3,1.8,1.8,1.8,1.9675,1.9675,1,2,2,2,2,2
7131,Templin,53.120556,13.498889,7645.0,0,0,1,1,1,1,0,0,0,0,0,0,0,0,0,0,0,0,1,1,1,1,1,1,0,0,0,0,0,0,0,0,0,0,0,0,0,0,0,0,0,0,865.7,865.7,343.2,291.8,140.1,108.5,0.3,0.3,1.8,1.8,1.9498,2.0288,1,1,2,2,2,2
7132,Teupitz,52.136112,13.610556,,0,0,0,0,0,0,0,0,0,0,0,0,0,0,0,0,0,0,0,0,1,1,1,1,0,0,0,0,0,0,0,0,0,0,0,0,0,0,0,0,0,0,758.9,758.9,234.7,219.8,122.9,122.9,0.0,0.0,0.3,0.3,0.4928,0.4928,0,0,1,1,1,1
7133,Tirschtiegel,52.366665,15.883333,13812.0,0,0,0,0,0,1,0,0,0,0,0,0,0,0,0,0,0,0,0,1,1,1,1,1,0,0,0,0,0,0,0,0,0,0,0,0,0,0,0,0,0,0,827.2,827.2,273.1,273.1,266.7,253.9,0.0,0.3,0.3,0.3,0.3,1.8,0,1,1,1,1,2
7134,Trebbin,52.218056,13.217222,7783.0,0,0,0,0,0,1,0,0,0,0,0,0,0,0,0,0,0,0,1,1,1,1,1,1,0,0,0,0,0,0,0,0,0,0,0,0,0,0,0,0,0,0,763.7,763.7,251.3,204.3,113.6,113.6,0.3,0.3,0.3,0.3,0.5159,2.0159,1,1,1,1,1,2
7135,Trebschen,52.019444,15.733889,,0,0,0,0,0,0,0,0,0,0,0,0,0,0,0,0,0,0,0,0,0,0,0,0,0,0,0,0,0,0,0,0,0,0,0,0,0,0,0,0,0,0,787.6,787.6,233.6,233.6,233.6,233.6,0.0,0.0,0.0,0.0,0.0,0.0,0,0,0,0,0,0
7136,Treuenbrietzen,52.094444,12.870556,7807.0,0,0,1,1,1,1,0,0,0,0,0,0,0,0,0,0,0,0,1,1,1,1,1,1,0,0,0,0,0,0,1,1,1,1,1,1,0,0,0,0,0,0,747.2,747.2,248.0,177.6,90.7,90.7,1.0,1.0,2.5,2.556,2.7734,2.7734,1,1,3,3,3,3
7137,Triebel,51.634167,14.818889,7811.0,0,0,1,1,1,1,0,0,0,0,0,0,0,0,0,0,0,0,0,0,1,1,1,1,0,0,0,0,0,0,0,0,0,0,0,0,0,0,0,0,0,0,725.4,725.4,174.2,174.2,172.5,172.5,0.0,0.0,1.8644,1.8644,1.8688,1.8688,0,0,2,2,2,2
7138,Unruhstadt,52.066666,15.866667,13813.0,0,0,0,0,0,0,0,0,0,0,0,0,0,0,0,0,0,0,0,0,0,0,0,0,0,0,0,0,0,0,0,0,0,0,0,0,0,0,0,0,0,0,796.0,796.0,242.1,242.1,242.1,242.1,0.0,0.0,0.0,0.0,0.0,0.0,0,0,0,0,0,0
7139,Velten,52.690277,13.178611,,0,0,0,0,0,0,0,0,0,0,0,0,0,0,0,0,0,0,1,1,1,1,1,1,0,0,0,0,0,0,0,0,0,0,0,0,0,0,0,0,0,0,815.4,815.4,302.0,240.7,160.0,156.7,0.3,0.3,0.3,0.3,0.4001,0.4083,1,1,1,1,1,1
7140,Vetschau,51.783054,14.076667,8008.0,0,0,0,0,0,0,0,0,0,0,0,0,0,0,0,0,0,0,0,0,1,1,1,1,0,0,0,0,0,0,0,0,0,0,0,0,0,0,0,0,0,0,727.2,727.2,190.1,190.1,127.7,127.7,0.0,0.0,0.3248,0.3248,0.4808,0.4808,0,0,1,1,1,1
7141,Vierraden,53.096668,14.297778,8016.0,0,0,0,0,0,0,0,0,0,0,0,0,0,0,0,0,0,0,1,1,1,1,1,1,0,0,0,0,0,0,0,0,0,0,0,0,0,0,0,0,0,0,872.8,872.8,334.7,324.5,180.1,126.1,0.3,0.3,0.3,0.3,0.3497,0.4847,1,1,1,1,1,1
7142,Vietz,52.683334,14.883333,,0,0,0,0,0,0,0,0,0,0,0,0,0,0,0,0,0,0,0,1,1,1,1,1,0,0,0,0,0,0,0,0,0,0,0,0,0,0,0,0,0,0,838.1,838.1,290.4,290.4,227.7,185.6,0.0,0.3,0.3,0.3,0.3,0.3361,0,1,1,1,1,1
7143,Werder,52.376389,12.933888,,0,0,0,0,0,0,0,0,0,0,0,0,0,0,0,0,0,0,0,0,1,1,1,1,0,0,0,0,0,0,0,0,0,0,0,0,0,0,0,0,0,0,778.8,778.8,274.8,203.3,121.5,121.5,0.0,0.0,0.3,0.3,0.4962,0.4962,0,0,1,1,1,1
7144,Werneuchen,52.630833,13.730833,,0,0,0,0,0,0,0,0,0,0,0,0,0,0,0,0,0,0,1,1,1,1,1,1,0,0,0,0,0,0,0,0,0,0,0,0,0,0,0,0,0,0,814.5,814.5,286.8,261.0,171.0,164.3,0.3,0.3,0.3,0.3,0.3724,0.3893,1,1,1,1,1,1
7145,Wilsnack,52.954723,11.948055,8467.0,0,0,0,0,0,0,0,0,0,0,0,0,0,0,0,0,0,0,0,1,1,1,1,1,0,0,0,0,0,0,0,0,0,0,0,0,0,0,0,0,0,0,803.0,803.0,361.8,228.5,126.7,126.7,0.0,0.3,0.3,0.3,0.4832,0.4832,0,1,1,1,1,1
7146,Wittenberge,52.993332,11.751389,8515.0,0,0,1,1,1,1,0,0,0,0,0,0,0,0,0,0,0,0,1,1,1,1,1,1,0,0,0,0,0,0,0,0,0,0,0,0,0,0,0,0,0,0,789.9,789.9,372.1,229.4,124.5,124.5,0.3,0.3,1.8,1.8,1.9888,1.9888,1,1,2,2,2,2
7147,Wittstock,53.163055,12.485,8527.0,1,1,1,1,1,1,0,0,0,0,0,0,0,0,0,0,0,0,1,1,1,1,1,1,0,1,1,1,1,1,0,0,0,0,0,0,0,0,0,0,0,0,839.6,839.6,367.1,262.4,105.4,105.4,1.8,2.8,2.8,2.8,3.0365,3.0365,2,3,3,3,3,3
7148,Wriezen,52.721111,14.133611,8630.0,0,0,1,1,1,1,0,0,0,0,0,0,0,0,0,0,0,0,1,1,1,1,1,1,0,1,1,1,1,1,0,0,0,0,0,0,0,0,0,0,0,0,829.7,829.7,293.5,287.9,195.2,160.5,0.3,1.3,2.8,2.8,2.812,2.8989,1,2,3,3,3,3
7149,Wusterhausen,52.891109,12.461945,8660.0,1,1,1,1,1,1,0,0,0,0,0,0,0,0,0,0,0,0,1,1,1,1,1,1,0,0,0,0,0,0,0,0,0,0,0,0,0,0,0,0,0,0,833.3,833.3,340.0,234.1,134.9,134.9,1.8,1.8,1.8,1.8,1.9629,1.9629,2,2,2,2,2,2
7150,Zehden,52.883335,14.2,,0,0,0,0,0,0,0,0,0,0,0,0,0,0,0,0,0,0,1,1,1,1,1,1,0,0,0,0,0,0,0,0,0,0,0,0,0,0,0,0,0,0,848.2,848.2,311.3,303.3,191.1,144.9,0.3,0.3,0.3,0.3,0.3222,0.4377,1,1,1,1,1,1
7151,Zehdenick,52.979168,13.332222,8745.0,0,1,1,1,1,1,0,0,0,0,0,0,0,0,0,0,0,0,1,1,1,1,1,1,0,0,0,0,0,0,0,0,0,0,0,0,0,0,0,0,0,0,848.6,848.6,330.2,272.5,146.4,124.0,0.3,1.8,1.8,1.8,1.9341,1.99,1,2,2,2,2,2
7152,Zielenzig,52.433334,15.1,8784.0,0,1,1,1,1,1,0,0,0,0,0,0,0,0,0,0,0,0,1,1,1,1,1,1,0,0,0,0,0,0,0,0,0,0,0,0,0,0,0,0,0,0,815.8,815.8,265.1,265.1,223.2,216.9,0.3,1.8,1.8,1.8,1.8,1.8,1,2,2,2,2,2
7153,Zinna,52.024445,13.104722,,0,0,0,0,0,0,0,0,0,0,0,0,0,0,0,0,0,0,1,1,1,1,1,1,0,0,0,0,0,0,0,0,0,0,0,0,0,0,0,0,0,0,741.3,741.3,234.2,184.6,91.3,91.3,0.3,0.3,0.3,0.3384,0.5717,0.5717,1,1,1,1,1,1
7154,Zossen,52.21611,13.449166,,0,0,0,0,0,0,0,0,0,0,0,0,0,0,0,0,0,0,1,1,1,1,1,1,0,0,0,0,0,0,0,0,0,0,0,0,0,0,0,0,0,0,765.8,765.8,246.2,216.3,122.4,122.4,0.3,0.3,0.3,0.3,0.4941,0.4941,1,1,1,1,1,1
7155,Zuellichau,52.083332,15.616667,8844.0,0,0,0,0,0,0,0,0,0,0,0,0,0,0,0,0,0,0,1,1,1,1,1,1,0,0,0,0,0,0,0,0,0,0,0,0,0,0,0,0,0,0,791.2,791.2,237.1,237.1,237.1,237.1,0.3,0.3,0.3,0.3,0.3,0.3,1,1,1,1,1,1
7156,Doebern,51.615002,14.598056,,0,0,0,0,0,0,0,0,0,0,0,0,0,0,0,0,0,0,0,0,0,0,0,1,0,0,0,0,0,0,0,0,0,0,0,0,0,0,0,0,0,0,718.7,718.7,170.3,170.3,157.1,157.1,0.0,0.0,0.0742,0.0742,0.1073,0.4073,0,0,0,0,0,1
7157,Eisenhuettenstadt,52.145557,14.631111,,0,1,1,1,1,1,0,0,0,0,0,0,0,0,0,0,0,0,1,1,1,1,1,1,0,0,0,0,0,0,0,0,0,0,0,0,0,0,0,0,0,0,775.9,775.9,229.3,229.3,179.4,179.4,0.3,1.8,1.8,1.8,1.8514,1.8514,1,2,2,2,2,2
7158,Falkensee,52.562778,13.095555,,0,0,0,0,0,0,0,0,0,0,0,0,0,0,0,0,0,0,0,1,1,1,1,1,0,0,0,0,0,0,0,0,0,0,0,0,0,0,0,0,0,0,800.6,800.6,290.2,226.2,144.7,144.7,0.0,0.3,0.3,0.3,0.4382,0.4382,0,1,1,1,1,1
7159,Grossraeschen,51.588055,14.010555,,0,0,0,0,0,0,0,0,0,0,0,0,0,0,0,0,0,0,0,0,0,0,1,1,0,0,0,0,0,0,0,0,0,0,0,0,0,0,0,0,0,0,705.0,705.0,169.3,169.3,116.7,116.7,0.0,0.0,0.0767,0.0767,0.5081,0.5081,0,0,0,0,1,1
7160,Hennigsdorf,52.638889,13.208889,,0,0,0,0,0,0,0,0,0,0,0,0,0,0,0,0,0,0,0,0,0,1,1,1,0,0,0,0,0,0,0,0,0,0,0,0,0,0,0,0,0,0,810.0,810.0,295.9,237.6,155.4,155.4,0.0,0.0,0.0,0.3,0.4115,0.4115,0,0,0,1,1,1
7161,Ludwigsfelde,52.299999,13.261945,,0,0,0,0,0,0,0,0,0,0,0,0,0,0,0,0,0,0,0,0,0,1,1,1,0,0,0,0,0,0,0,0,0,0,0,0,0,0,0,0,0,0,773.1,773.1,258.9,212.7,123.0,123.0,0.0,0.0,0.0,0.3,0.4924,0.4924,0,0,0,1,1,1
7162,Schwarzheide,51.477222,13.855833,,0,0,0,0,0,0,0,0,0,0,0,0,0,0,0,0,0,0,0,0,0,0,1,1,0,0,0,0,0,0,0,0,0,0,0,0,0,0,0,0,0,0,690.5,690.5,159.6,159.6,104.0,104.0,0.0,0.0,0.1011,0.1011,0.5401,0.5401,0,0,0,0,1,1
7163,Welzow,51.58139,14.171667,,0,0,0,0,0,0,0,0,0,0,0,0,0,0,0,0,0,0,0,1,1,1,1,1,0,0,0,0,0,0,0,0,0,0,0,0,0,0,0,0,0,0,707.0,707.0,167.0,167.0,127.5,127.5,0.0,0.3,0.3824,0.3824,0.4813,0.4813,0,1,1,1,1,1
7164,Lauchhammer,51.490276,13.738334,,0,0,0,0,0,0,0,0,0,0,0,0,0,0,0,0,0,0,0,0,0,1,1,1,0,0,0,0,0,0,0,0,0,0,0,0,0,0,0,0,0,0,690.2,690.2,163.2,163.2,96.1,96.1,0.0,0.0,0.092,0.392,0.5596,0.5596,0,0,0,1,1,1
7165,Falkenberg/Elster,51.586945,13.236111,,0,0,0,0,0,0,0,0,0,0,0,0,0,0,0,0,0,0,0,1,1,1,1,1,0,0,0,0,0,0,0,0,0,0,0,0,0,0,0,0,0,0,694.4,694.4,186.3,167.5,65.8,65.8,0.0,0.3,0.3341,0.3813,0.6355,0.6355,0,1,1,1,1,1
7166,Kirchhain (Niederlausitz),51.639446,13.560555,14272.0,0,0,0,0,0,0,0,0,0,0,0,0,0,0,0,0,0,0,1,1,1,1,1,1,0,0,0,0,0,0,0,0,0,0,0,0,0,0,0,0,0,0,704.0,704.0,182.8,182.8,88.7,88.7,0.3,0.3,0.3429,0.3429,0.5782,0.5782,1,1,1,1,1,1
8001,Auras,51.245834,16.850834,,0,0,0,0,0,0,0,0,0,0,0,0,0,0,0,0,0,0,1,1,1,1,1,1,0,0,0,0,0,0,0,0,0,0,0,0,0,0,0,0,0,0,745.8,745.8,214.2,214.2,214.2,214.2,0.3,0.3,0.3,0.3,0.3,0.3,1,1,1,1,1,1
8002,Bauerwitz,50.15139,17.995001,,1,1,1,1,1,1,1,1,1,1,1,1,0,0,0,0,0,0,0,1,1,1,1,1,0,0,0,0,0,0,0,0,0,0,0,0,0,0,0,0,0,0,697.6,697.6,254.9,138.9,138.9,138.9,0.5,0.8,0.8,0.9528,0.9528,0.9528,1,1,1,1,1,1
8003,Bernstadt an der Weide,51.133335,17.533333,,0,0,0,0,0,0,0,0,0,0,0,0,0,1,1,1,1,1,0,1,1,1,1,1,0,1,1,1,1,1,0,0,0,0,0,0,0,0,0,0,0,0,761.6,761.6,248.5,207.3,207.3,207.3,0.0,2.0,2.0,2.0,2.0,2.0,0,2,2,2,2,2
8004,Beuthen O.S.,50.348057,18.92,626.0,0,0,0,0,0,1,0,0,0,0,0,0,0,0,0,0,0,0,1,1,1,1,1,1,0,1,1,1,1,1,1,1,1,1,1,1,0,0,0,0,0,0,759.5,759.5,321.3,79.1,79.1,79.1,1.0,2.0,2.0,2.3023,2.3023,3.8023,1,2,2,2,2,3
8005,Beuthen/Oder,51.733334,15.816667,,1,1,1,1,1,1,0,0,0,0,0,0,0,0,0,0,0,0,1,1,1,1,1,1,0,0,0,0,0,0,0,0,0,0,0,0,0,0,0,0,0,0,760.6,760.6,207.5,207.5,207.5,207.5,1.8,1.8,1.8,1.8,1.8,1.8,2,2,2,2,2,2
8006,Bolkenhain,50.920277,16.099722,,1,1,1,1,1,1,0,0,0,0,0,0,0,0,0,0,0,0,1,1,1,1,1,1,0,0,0,0,0,0,0,0,0,0,0,0,0,0,0,0,0,0,688.2,688.2,150.5,150.5,150.5,150.5,1.8,1.8,1.9237,1.9237,1.9237,1.9237,2,2,2,2,2,2
8007,Breslau,51.110001,17.032223,,1,1,1,1,1,1,0,0,0,0,0,0,0,0,0,0,0,0,1,1,1,1,1,1,0,1,1,1,1,1,0,0,0,0,0,0,0,0,0,0,0,0,739.7,739.7,216.5,216.5,216.5,216.5,1.8,2.8,2.8,2.8,2.8,2.8,2,3,3,3,3,3
8008,Breslau-Deutsch Lissa,51.150002,16.866667,,1,1,1,1,1,1,0,0,0,0,0,0,0,0,0,0,0,0,1,1,1,1,1,1,0,0,0,0,0,0,0,0,0,0,0,0,0,0,0,0,0,0,737.3,737.3,209.1,209.1,209.1,209.1,1.8,1.8,1.8,1.8,1.8,1.8,2,2,2,2,2,2
8009,Breslau-Hundsfeld,51.136944,17.041945,,0,0,0,0,0,1,0,0,0,0,0,0,0,0,0,0,0,0,1,1,1,1,1,1,0,0,0,0,0,0,0,0,0,0,0,0,0,0,0,0,0,0,742.6,742.6,218.6,218.6,218.6,218.6,0.3,0.3,0.3,0.3,0.3,1.8,1,1,1,1,1,2
8010,Brieg,50.866665,17.483334,989.0,1,1,1,1,1,1,0,0,0,0,0,0,0,0,0,0,0,0,1,1,1,1,1,1,0,0,1,1,1,1,0,0,0,0,0,0,0,0,0,0,0,0,735.5,735.5,233.3,195.4,195.4,195.4,1.8,1.8,2.8,2.8115,2.8115,2.8115,2,2,3,3,3,3
8011,Brockau,51.063332,17.080555,,0,0,0,0,0,0,0,0,0,0,0,0,0,0,0,0,0,0,1,1,1,1,1,1,0,0,0,0,0,0,0,0,0,0,0,0,0,0,0,0,0,0,737.3,737.3,216.9,216.9,216.9,216.9,0.3,0.3,0.3,0.3,0.3,0.3,1,1,1,1,1,1
8012,Broslawitz,50.416668,18.75,,0,1,1,1,1,1,0,1,1,1,1,1,0,0,0,0,0,0,0,1,1,1,1,1,0,0,0,0,0,0,0,0,0,0,0,0,0,0,0,0,0,0,756.2,756.2,309.9,93.2,93.2,93.2,0.0,0.8,0.8,1.067,1.067,1.067,0,1,1,1,1,1
8013,Bunzlau,51.266666,15.566667,,1,1,1,1,1,1,0,0,0,0,0,0,0,0,0,0,0,0,1,1,1,1,1,1,0,0,0,0,1,1,0,0,0,0,0,0,0,0,0,0,0,0,706.1,706.1,154.0,154.0,154.0,154.0,1.8,1.8,1.9151,1.9151,2.9151,2.9151,2,2,2,2,3,3
8014,Carlsruhe O.S.,50.900002,17.833334,,0,0,0,0,0,0,0,0,0,0,0,0,0,0,0,0,0,0,0,0,0,0,0,0,0,0,0,0,0,0,0,0,0,0,0,0,0,0,0,0,0,0,753.4,753.4,257.7,175.6,175.6,175.6,0.0,0.0,0.0,0.0609,0.0609,0.0609,0,0,0,0,0,0
8015,Cosel,50.333611,18.145834,,0,1,1,1,1,1,0,0,0,0,0,0,0,0,0,0,0,0,1,1,1,1,1,1,0,0,1,1,1,1,1,1,1,1,1,1,0,0,0,0,0,0,719.8,719.8,266.4,131.1,131.1,131.1,1.0,2.5,3.5,3.6724,3.6724,3.6724,1,3,3,3,3,3
8016,Deutsch Neukirch,50.083332,17.933332,,0,0,0,0,0,0,0,0,0,0,0,0,0,0,0,0,0,0,1,1,1,1,1,1,0,0,0,0,0,0,0,0,0,0,0,0,0,0,0,0,0,0,689.1,689.1,250.5,143.0,143.0,143.0,0.3,0.3,0.3,0.4424,0.4424,0.4424,1,1,1,1,1,1
8017,Deutsch Wartenberg,51.849998,15.716666,,0,0,0,0,0,0,0,0,0,0,0,0,0,0,0,0,0,0,0,0,0,1,1,1,0,0,0,0,0,0,0,0,0,0,0,0,0,0,0,0,0,0,769.8,769.8,215.9,215.9,215.9,215.9,0.0,0.0,0.0,0.3,0.3,0.3,0,0,0,1,1,1
8018,Dyhernfurth,51.270832,16.720833,,0,0,0,0,0,0,0,0,0,0,0,0,0,0,0,0,0,0,0,0,1,1,1,1,0,0,0,0,0,0,0,0,0,0,0,0,0,0,0,0,0,0,743.5,743.5,208.7,208.7,208.7,208.7,0.0,0.0,0.3,0.3,0.3,0.3,0,0,1,1,1,1
8019,Falkenberg O.S.,50.633335,17.6,,0,1,1,1,1,1,0,0,0,0,0,0,0,0,0,0,0,0,1,1,1,1,1,1,0,0,0,0,0,0,0,0,0,0,0,0,0,0,0,0,0,0,719.9,719.9,233.5,177.6,177.6,177.6,0.3,1.8,1.8,1.856,1.856,1.856,1,2,2,2,2,2
8020,Festenberg,51.366665,17.466667,,0,0,0,0,0,0,0,0,0,0,0,0,0,0,0,0,0,0,0,1,1,1,1,1,0,0,0,0,0,0,0,0,0,0,0,0,0,0,0,0,0,0,780.2,780.2,257.2,226.5,226.5,226.5,0.0,0.3,0.3,0.3,0.3,0.3,0,1,1,1,1,1
8021,Frankenberg (Schlesien),50.516666,16.783333,,0,0,0,0,0,0,0,1,1,1,1,1,0,0,0,0,0,0,1,1,1,1,1,1,0,0,0,0,0,0,0,0,0,0,0,0,0,0,0,0,0,0,675.2,675.2,174.4,174.4,174.4,174.4,0.3,-0.7,-0.636,-0.636,-0.636,-0.636,1,0,0,0,0,0
8022,Frankenstein i. Schles.,50.583332,16.816668,,0,1,1,1,1,1,0,0,0,0,0,0,0,0,0,0,0,0,1,1,1,1,1,1,0,0,1,1,1,1,0,0,0,0,0,0,0,0,0,0,0,0,682.6,682.6,178.7,178.7,178.7,178.7,0.3,1.8,2.8532,2.8532,2.8532,2.8532,1,2,3,3,3,3
8023,Fraustadt,51.799999,16.299999,,0,1,1,1,1,1,0,0,0,0,0,0,0,0,0,0,0,0,1,1,1,1,1,1,0,0,0,0,1,1,1,1,1,1,1,1,0,0,0,0,0,0,781.4,781.4,231.5,231.5,231.5,231.5,1.0,2.5,2.5,2.5,3.5,3.5,1,3,3,3,3,3
8024,Freiburg,50.859444,16.319723,,0,0,1,1,1,1,0,0,1,1,1,1,0,0,1,1,1,1,1,1,1,1,1,1,0,0,0,0,0,0,0,0,0,0,0,0,0,0,0,0,0,0,689.9,689.9,159.4,159.4,159.4,159.4,0.3,0.3,1.6015,1.6015,1.6015,1.6015,1,1,1,1,1,1
8025,Freiwaldau,51.437778,15.096945,,0,0,1,1,1,1,0,0,0,0,0,0,0,0,0,0,0,0,0,1,1,1,1,1,0,0,0,0,0,0,0,0,0,0,0,0,0,0,0,0,0,0,711.3,711.3,157.5,157.5,157.5,157.5,0.0,0.3,1.9063,1.9063,1.9063,1.9063,0,1,2,2,2,2
8026,Freyhan,51.633335,17.35,,0,0,0,1,1,1,0,0,0,0,0,0,0,0,0,0,0,0,0,1,1,1,1,1,0,0,0,0,0,0,0,0,0,0,0,0,0,0,0,0,0,0,800.6,800.6,267.9,252.1,252.1,252.1,0.0,0.3,0.3,1.8,1.8,1.8,0,1,1,2,2,2
8027,Freystadt (Schlesien),51.75,15.6,2017.0,0,1,1,1,1,1,0,0,0,0,0,0,0,0,0,0,0,0,1,1,1,1,1,1,0,0,0,0,0,1,0,0,0,0,0,0,0,0,0,0,0,0,756.4,756.4,202.5,202.5,202.5,202.5,0.3,1.8,1.8,1.8,1.8,2.8,1,2,2,2,2,3
8028,Friedeberg (Isergeb.),50.966667,15.383333,,0,0,1,1,1,1,0,0,0,0,0,0,0,0,0,0,0,0,0,0,1,1,1,1,0,0,0,1,1,1,0,0,0,0,0,0,0,0,0,0,0,0,670.5,670.5,119.1,119.1,119.1,119.1,0.0,0.0,2.0023,3.0023,3.0023,3.0023,0,0,2,3,3,3
8029,Friedland (O.S.),50.5,17.6,,0,0,0,0,0,0,0,0,0,0,0,0,0,0,0,0,0,0,0,0,1,1,1,1,0,0,0,0,0,0,0,0,0,0,0,0,0,0,0,0,0,0,708.4,708.4,230.4,173.1,173.1,173.1,0.0,0.0,0.3,0.3673,0.3673,0.3673,0,0,1,1,1,1
8030,Friedland N.S.,50.683334,16.183332,,0,0,0,0,0,0,0,0,0,0,0,0,0,0,0,0,0,0,1,1,1,1,1,1,0,0,0,0,0,0,0,0,0,0,0,0,0,0,0,0,0,0,668.1,668.1,141.4,141.4,141.4,141.4,0.3,0.3,0.4465,0.4465,0.4465,0.4465,1,1,1,1,1,1
8031,Glatz,50.433334,16.666666,,1,1,1,1,1,1,0,0,0,0,0,0,0,0,0,0,0,0,1,1,1,1,1,1,0,0,1,1,1,1,0,0,0,0,0,0,0,0,0,0,0,0,662.9,662.9,164.2,164.2,164.2,164.2,1.8,1.8,2.8896,2.8896,2.8896,2.8896,2,2,3,3,3,3
8032,Gleiwitz,50.283333,18.666666,,0,0,0,0,0,0,0,0,0,0,0,0,0,0,0,0,0,1,0,1,1,1,1,1,0,1,1,1,1,1,1,1,1,1,1,1,0,0,0,0,0,0,741.6,741.6,303.0,93.8,93.8,93.8,0.7,2.0,2.0,2.2655,2.2655,2.9655,0,2,2,2,2,2
8033,Glogau,51.662498,16.085556,,0,1,1,1,1,1,0,0,0,0,0,0,0,0,0,0,0,0,1,1,1,1,1,1,0,0,0,0,0,0,1,1,1,1,1,1,0,0,0,0,0,0,761.2,761.2,210.5,210.5,210.5,210.5,1.0,2.5,2.5,2.5,2.5,2.5,1,3,3,3,3,3
8034,Goerlitz,51.155277,14.987778,2313.0,1,1,1,1,1,1,0,0,0,0,0,0,0,0,0,0,0,0,1,1,1,1,1,1,0,0,0,1,1,1,1,1,1,1,1,1,0,0,0,0,0,0,679.2,679.2,125.3,125.3,125.3,125.3,2.5,2.5,2.6868,3.6868,3.6868,3.6868,3,3,3,3,3,3
8035,Goldberg in Niederschlesien,51.133335,15.916667,,1,1,1,1,1,1,0,0,0,0,0,0,0,0,0,0,0,0,1,1,1,1,1,1,0,0,1,1,1,1,1,1,1,1,1,1,0,0,0,0,0,0,703.2,703.2,157.0,157.0,157.0,157.0,2.5,2.5,3.6075,3.6075,3.6075,3.6075,3,3,3,3,3,3
8036,Goldentraum,51.016666,15.35,,0,0,0,0,0,0,0,0,0,0,0,0,0,0,0,0,0,0,0,0,0,0,0,0,0,0,0,0,0,0,0,0,0,0,0,0,0,0,0,0,0,0,674.6,674.6,122.4,122.4,122.4,122.4,0.0,0.0,0.194,0.194,0.194,0.194,0,0,0,0,0,0
8037,Goschuetz,51.397221,17.477222,,0,0,0,0,0,0,0,0,0,0,0,0,0,0,0,0,0,0,1,1,1,1,1,1,0,0,0,0,0,0,0,0,0,0,0,0,0,0,0,0,0,0,783.5,783.5,259.7,228.1,228.1,228.1,0.3,0.3,0.3,0.3,0.3,0.3,1,1,1,1,1,1
8038,Gottesberg,50.75,16.200001,,0,0,0,0,0,1,0,0,0,0,0,0,0,0,0,0,0,0,1,1,1,1,1,1,0,0,0,0,0,0,0,0,0,0,0,0,0,0,0,0,0,0,675.1,675.1,146.0,146.0,146.0,146.0,0.3,0.3,0.4351,0.4351,0.4351,1.9351,1,1,1,1,1,2
8039,Greiffenberg,51.033333,15.416667,,0,0,0,1,1,1,0,0,0,0,0,0,0,0,0,0,0,0,0,1,1,1,1,1,0,0,0,0,0,0,1,1,1,1,1,1,0,0,0,0,0,0,678.2,678.2,126.5,126.5,126.5,126.5,0.7,1.0,1.1837,2.6837,2.6837,2.6837,0,1,1,3,3,3
8040,Gross Strehlitz,50.5,18.283333,,0,0,0,1,1,1,0,0,0,0,0,0,0,0,0,0,0,0,0,1,1,1,1,1,0,0,0,0,0,1,0,0,0,0,0,0,0,0,0,0,0,0,740.0,740.0,278.1,127.2,127.2,127.2,0.0,0.3,0.3,1.9819,1.9819,2.9819,0,1,1,2,2,3
8041,Gross Wartenberg,51.316666,17.716667,,0,1,1,1,1,1,0,0,0,0,0,0,0,0,0,1,1,1,0,1,1,1,1,1,0,0,0,0,0,0,1,1,1,1,1,1,0,0,0,0,0,0,785.6,785.6,269.3,209.6,209.6,209.6,0.7,2.5,2.5,3.2,3.2,3.2,0,3,3,3,3,3
8042,Grottkau,50.700001,17.383333,,0,1,1,1,1,1,0,0,0,0,0,0,0,0,0,0,0,1,1,1,1,1,1,1,0,0,0,0,0,0,0,0,0,0,0,0,0,0,0,0,0,0,716.5,716.5,220.7,194.5,194.5,194.5,0.3,1.8,1.8,1.8138,1.8138,2.5138,1,2,2,2,2,2
8043,Gruenberg (Schlesien),51.933334,15.5,,0,1,1,1,1,1,0,0,0,0,0,0,0,0,0,0,0,0,1,1,1,1,1,1,0,0,1,1,1,1,0,0,0,0,0,0,0,0,0,0,0,0,772.7,772.7,218.7,218.7,218.7,218.7,0.3,1.8,2.8,2.8,2.8,2.8,1,2,3,3,3,3
8044,Guhrau,51.666668,16.549999,,0,0,0,0,0,0,0,0,0,0,0,0,0,0,0,0,0,0,1,1,1,1,1,1,0,0,0,1,1,1,1,1,1,1,1,1,0,0,0,0,0,0,776.1,776.1,230.5,230.5,230.5,230.5,1.0,1.0,1.0,2.0,2.0,2.0,1,1,1,2,2,2
8045,Guttentag,50.727779,18.444445,,0,0,0,1,1,1,0,0,0,0,0,0,0,0,0,0,0,0,0,0,1,1,1,1,0,0,0,0,0,0,0,0,0,0,0,0,0,0,0,0,0,0,766.4,766.4,293.8,129.2,129.2,129.2,0.0,0.0,0.3,1.9771,1.9771,1.9771,0,0,1,2,2,2
8046,Habelschwerdt,50.299999,16.65,,1,1,1,1,1,1,0,0,0,0,0,0,0,0,0,0,0,0,1,1,1,1,1,1,0,0,0,0,1,1,0,0,0,0,0,0,0,0,0,0,0,0,650.0,650.0,160.4,160.4,160.4,160.4,1.8,1.8,1.899,1.899,2.899,2.899,2,2,2,2,3,3
8047,Halbau,51.501945,15.205833,,0,0,0,0,0,0,0,0,0,0,0,0,0,0,0,0,0,0,0,0,0,1,1,1,0,0,0,0,0,0,0,0,0,0,0,0,0,0,0,0,0,0,720.7,720.7,166.7,166.7,166.7,166.7,0.0,0.0,0.0833,0.3833,0.3833,0.3833,0,0,0,1,1,1
8048,Haynau,51.266666,15.933333,,0,1,1,1,1,1,0,0,0,0,0,0,0,0,0,0,0,0,0,1,1,1,1,1,0,0,1,1,1,1,0,0,0,0,0,0,0,0,0,0,0,0,717.0,717.0,168.9,168.9,168.9,168.9,0.0,1.8,2.8777,2.8777,2.8777,2.8777,0,2,3,3,3,3
8049,Herrnstadt,51.549999,16.700001,,0,1,1,1,1,1,0,0,0,0,0,0,0,0,0,0,0,0,0,1,1,1,1,1,0,0,0,0,0,0,0,0,0,0,0,0,0,0,0,0,0,0,769.7,769.7,228.2,228.2,228.2,228.2,0.0,1.8,1.8,1.8,1.8,1.8,0,2,2,2,2,2
8050,Hindenburg O.S.,50.299999,18.783333,,0,0,0,0,0,0,0,0,0,0,0,0,0,0,0,0,0,0,0,0,1,1,1,1,0,0,0,0,0,0,0,0,0,0,0,0,0,0,0,0,0,0,748.8,748.8,311.4,86.3,86.3,86.3,0.0,0.0,0.3,0.5842,0.5842,0.5842,0,0,1,1,1,1
8051,Hirschberg im Riesengebirge,50.900002,15.733334,,1,1,1,1,1,1,0,0,0,0,0,0,0,0,0,0,0,0,1,1,1,1,1,1,0,0,0,0,0,1,0,0,0,0,0,0,0,0,0,0,0,0,674.3,674.3,129.5,129.5,129.5,129.5,1.8,1.8,1.9762,1.9762,1.9762,2.9762,2,2,2,2,2,3
8052,Hohenfriedeberg,50.916668,16.233334,,0,0,0,0,1,1,0,0,0,0,0,0,0,0,0,0,0,0,0,1,1,1,1,1,0,0,0,0,0,0,0,0,0,0,0,0,0,0,0,0,0,0,692.4,692.4,157.9,157.9,157.9,157.9,0.0,0.3,0.4053,0.4053,1.9053,1.9053,0,1,1,1,2,2
8053,Hoyerswerda,51.438889,14.243889,,0,0,0,0,1,1,0,0,0,0,0,0,0,0,0,0,0,0,0,1,1,1,1,1,0,0,0,0,1,1,0,0,0,0,0,0,0,0,0,0,0,0,693.0,693.0,150.8,150.8,130.3,130.3,0.0,0.3,0.423,0.423,2.9743,2.9743,0,1,1,1,3,3
8054,Jauer,51.053055,16.193611,,0,0,0,0,0,0,0,0,0,0,0,0,0,0,0,0,0,0,1,1,1,1,1,1,0,0,0,1,1,1,1,1,1,1,1,1,0,0,0,0,0,0,704.3,704.3,164.9,164.9,164.9,164.9,1.0,1.0,1.0878,2.0878,2.0878,2.0878,1,1,1,2,2,2
8055,Juliusburg,51.25,17.333334,,0,0,0,0,0,0,0,0,0,0,0,0,0,0,0,0,0,0,0,0,0,0,1,1,0,0,0,0,0,0,0,0,0,0,0,0,0,0,0,0,0,0,764.3,764.3,242.5,226.2,226.2,226.2,0.0,0.0,0.0,0.0,0.3,0.3,0,0,0,0,1,1
8056,Kanth,51.033333,16.766666,,0,0,0,0,0,0,0,0,0,0,0,0,0,0,0,0,0,0,0,1,1,1,1,1,0,0,0,0,0,0,0,0,0,0,0,0,0,0,0,0,0,0,722.6,722.6,196.2,196.2,196.2,196.2,0.0,0.3,0.3095,0.3095,0.3095,0.3095,0,1,1,1,1,1
8057,Karlsmarkt,50.883335,17.716667,,0,0,0,0,0,0,0,0,0,0,0,0,0,0,0,0,0,0,0,0,1,1,1,1,0,0,0,0,0,0,0,0,0,0,0,0,0,0,0,0,0,0,746.9,746.9,249.3,181.8,181.8,181.8,0.0,0.0,0.3,0.3455,0.3455,0.3455,0,0,1,1,1,1
8058,Katscher,50.066666,18.0,,0,0,1,1,1,1,0,0,0,0,0,0,0,0,0,0,0,0,0,1,1,1,1,1,0,0,0,0,0,0,0,0,0,0,0,0,0,0,0,0,0,0,691.0,691.0,255.4,138.3,138.3,138.3,0.0,0.3,1.8,1.9543,1.9543,1.9543,0,1,2,2,2,2
8059,Kieferstaedtel,50.228333,18.475834,,0,0,0,0,0,0,0,0,0,0,0,0,0,0,0,0,0,0,0,1,1,1,1,1,0,0,0,0,0,0,0,0,0,0,0,0,0,0,0,0,0,0,727.6,727.6,289.2,105.8,105.8,105.8,0.0,0.3,0.3,0.5356,0.5356,0.5356,0,1,1,1,1,1
8060,Klein Strehlitz,50.451111,17.900278,,0,0,0,0,0,0,0,0,0,0,0,0,0,0,0,0,0,0,1,1,1,1,1,1,0,0,0,0,0,0,0,0,0,0,0,0,0,0,0,0,0,0,717.9,717.9,250.5,151.2,151.2,151.2,0.3,0.3,0.3,0.4221,0.4221,0.4221,1,1,1,1,1,1
8061,Koeben,51.549999,16.450001,,0,1,1,1,1,1,0,0,0,0,0,0,0,0,0,0,1,1,1,1,1,1,1,1,0,0,0,0,0,0,1,1,1,1,1,1,0,0,0,0,0,0,761.4,761.4,216.2,216.2,216.2,216.2,1.0,2.5,2.5,2.5,3.2,3.2,1,3,3,3,3,3
8062,Konstadt,51.016666,18.049999,,0,1,1,1,1,1,0,0,0,0,0,0,0,0,0,0,0,0,0,1,1,1,1,1,0,0,0,0,0,0,0,0,0,0,0,0,0,0,0,0,0,0,773.0,773.0,276.4,170.5,170.5,170.5,0.0,1.8,1.8,1.8738,1.8738,1.8738,0,2,2,2,2,2
8063,Kontopp,51.93222,15.903055,,0,0,0,0,0,0,0,0,0,0,0,0,0,0,0,0,0,0,1,1,1,1,1,1,0,0,0,0,0,0,0,0,0,0,0,0,0,0,0,0,0,0,783.2,783.2,229.8,229.8,229.8,229.8,0.3,0.3,0.3,0.3,0.3,0.3,1,1,1,1,1,1
8064,Kostenblut,51.045555,16.611389,,1,1,1,1,1,1,0,0,0,0,0,0,0,0,0,0,0,0,1,1,1,1,1,1,0,0,0,0,0,0,0,0,0,0,0,0,0,0,0,0,0,0,718.1,718.1,187.8,187.8,187.8,187.8,1.8,1.8,1.8305,1.8305,1.8305,1.8305,2,2,2,2,2,2
8065,Kotzenau,51.416668,15.916667,,0,0,0,0,0,0,0,0,0,0,0,0,0,0,0,0,0,0,0,0,1,1,1,1,0,0,0,0,0,0,0,0,0,0,0,0,0,0,0,0,0,0,731.5,731.5,181.4,181.4,181.4,181.4,0.0,0.0,0.3465,0.3465,0.3465,0.3465,0,0,1,1,1,1
8066,Kranowitz,50.016666,18.116667,,0,1,1,1,1,1,0,0,0,0,0,0,0,0,0,0,0,0,0,1,1,1,1,1,0,0,0,0,0,0,0,0,0,0,0,0,0,0,0,0,0,0,692.9,692.9,263.9,130.1,130.1,130.1,0.0,1.8,1.8,1.9747,1.9747,1.9747,0,2,2,2,2,2
8067,Krappitz,50.466667,17.966667,,0,1,1,1,1,1,0,0,0,0,0,0,0,0,0,0,0,0,0,1,1,1,1,1,0,0,0,0,0,0,0,0,0,0,0,0,0,0,0,0,0,0,722.3,722.3,255.4,147.1,147.1,147.1,0.0,1.8,1.8,1.9322,1.9322,1.9322,0,2,2,2,2,2
8068,Kreuzburg O.S.,50.966667,18.216667,4054.0,0,1,1,1,1,1,0,0,0,0,0,0,0,0,0,0,0,0,1,1,1,1,1,1,0,0,0,0,0,0,1,1,1,1,1,1,0,0,0,0,0,0,776.0,776.0,285.5,157.9,157.9,157.9,1.0,2.5,2.5,2.6053,2.6053,2.6053,1,3,3,3,3,3
8069,Kupferberg (Tarnau),50.877499,15.943055,,0,0,0,0,0,0,0,0,0,0,0,0,0,0,0,0,0,0,0,0,1,1,1,1,0,0,0,0,0,0,0,0,0,0,0,0,0,0,0,0,0,0,678.8,678.8,138.9,138.9,138.9,138.9,0.0,0.0,0.4526,0.4526,0.4526,0.4526,0,0,1,1,1,1
8070,Laehn,51.016666,15.666667,,1,1,1,1,1,1,0,0,0,0,0,0,0,0,0,0,0,0,1,1,1,1,1,1,0,0,0,0,0,0,1,1,1,1,1,1,0,0,0,0,0,0,683.9,683.9,135.7,135.7,135.7,135.7,2.5,2.5,2.6608,2.6608,2.6608,2.6608,3,3,3,3,3,3
8071,Bad Landeck,50.349998,16.866667,,0,1,1,1,1,1,0,0,0,0,0,0,0,0,0,0,0,0,0,1,1,1,1,1,0,0,0,0,0,0,1,1,1,1,1,1,0,0,0,0,0,0,663.5,663.5,176.4,176.4,176.4,176.4,0.7,2.5,2.559,2.559,2.559,2.559,0,3,3,3,3,3
8072,Landeshut,50.783333,16.033333,,1,1,1,1,1,1,0,0,0,0,0,0,0,0,0,0,0,0,1,1,1,1,1,1,0,0,0,0,0,0,0,0,0,0,0,0,0,0,0,0,0,0,672.6,672.6,137.9,137.9,137.9,137.9,1.8,1.8,1.9552,1.9552,1.9552,1.9552,2,2,2,2,2,2
8073,Landsberg O.S.,51.033333,18.433332,,0,0,0,0,0,0,0,0,0,0,0,0,0,0,0,0,0,0,0,1,1,1,1,1,0,0,0,0,0,0,0,0,0,0,0,0,0,0,0,0,0,0,791.4,791.4,302.2,151.6,151.6,151.6,0.0,0.3,0.3,0.4211,0.4211,0.4211,0,1,1,1,1,1
8074,Langenbielau,50.700001,16.616667,,0,0,0,0,0,0,0,0,0,0,0,0,0,0,0,0,0,0,0,1,1,1,1,1,0,0,0,0,0,0,0,0,0,0,0,0,0,0,0,0,0,0,685.6,685.6,169.9,169.9,169.9,169.9,0.0,0.3,0.3754,0.3754,0.3754,0.3754,0,1,1,1,1,1
8075,Lauban,51.116665,15.3,,1,1,1,1,1,1,0,0,0,0,0,0,0,0,0,0,0,0,1,1,1,1,1,1,0,0,0,0,0,0,1,1,1,1,1,1,0,0,0,0,0,0,683.4,683.4,130.2,130.2,130.2,130.2,2.5,2.5,2.6746,2.6746,2.6746,2.6746,3,3,3,3,3,3
8076,Leobschuetz,50.200001,17.833334,,1,1,1,1,1,1,0,0,0,0,0,0,0,1,1,1,1,1,1,1,1,1,1,1,0,0,0,1,1,1,0,0,0,0,0,0,0,0,0,0,0,0,693.8,693.8,243.4,150.7,150.7,150.7,1.8,2.5,2.5,3.6231,3.6231,3.6231,2,2,2,3,3,3
8077,Leschnitz,50.433334,18.183332,,0,0,0,0,0,0,0,0,0,0,0,0,0,0,0,0,0,0,1,1,1,1,1,1,0,0,0,0,0,0,0,0,0,0,0,0,0,0,0,0,0,0,729.7,729.7,270.1,131.4,131.4,131.4,0.3,0.3,0.3,0.4715,0.4715,0.4715,1,1,1,1,1,1
8078,Leubus,51.266666,16.483334,,1,1,1,1,1,1,0,0,0,0,0,0,0,0,0,0,0,0,1,1,1,1,1,1,0,0,0,0,0,0,0,0,0,0,0,0,0,0,0,0,0,0,734.8,734.8,195.7,195.7,195.7,195.7,1.8,1.8,1.8108,1.8108,1.8108,1.8108,2,2,2,2,2,2
8079,Lewin,50.416668,16.283333,,0,0,1,1,1,1,0,0,0,0,0,0,0,0,0,0,0,0,0,0,1,1,1,1,0,0,0,0,0,0,0,0,0,0,0,0,0,0,0,0,0,0,646.4,646.4,137.3,137.3,137.3,137.3,0.0,0.0,1.9566,1.9566,1.9566,1.9566,0,0,2,2,2,2
8080,Liebau,50.708057,15.993889,,0,1,1,1,1,1,0,0,0,0,0,0,0,0,0,0,0,0,1,1,1,1,1,1,0,0,0,0,0,0,1,1,1,1,1,1,0,0,0,0,0,0,663.9,663.9,131.1,131.1,131.1,131.1,1.0,2.5,2.6723,2.6723,2.6723,2.6723,1,3,3,3,3,3
8081,Liebenthal,51.012501,15.510834,,0,0,0,0,0,0,0,0,0,0,0,0,0,0,0,0,0,0,0,1,1,1,1,1,0,0,0,0,0,0,0,0,0,0,0,0,0,0,0,0,0,0,678.8,678.8,128.5,128.5,128.5,128.5,0.0,0.3,0.4788,0.4788,0.4788,0.4788,0,1,1,1,1,1
8082,Liegnitz,51.208332,16.160278,,1,1,1,1,1,1,0,0,0,0,0,0,0,0,0,0,0,0,1,1,1,1,1,1,0,0,1,1,1,1,1,1,1,1,1,1,0,0,0,0,0,0,718.4,718.4,174.8,174.8,174.8,174.8,2.5,2.5,3.563,3.563,3.563,3.563,3,3,3,3,3,3
8083,Loewen,50.766666,17.616667,,0,0,0,0,0,0,0,0,0,0,0,0,0,0,0,0,0,0,0,1,1,1,1,1,0,0,0,0,0,1,0,0,0,0,0,0,0,0,0,0,0,0,732.3,732.3,238.6,182.2,182.2,182.2,0.0,0.3,0.3,0.3446,0.3446,1.3446,0,1,1,1,1,2
8084,Loewenberg,51.116665,15.583333,,1,1,1,1,1,1,0,0,0,0,0,0,1,1,1,1,1,1,1,1,1,1,1,1,0,0,0,1,1,1,0,0,0,0,0,0,0,0,0,0,0,0,691.4,691.4,140.8,140.8,140.8,140.8,2.5,2.5,2.648,3.648,3.648,3.648,2,2,2,3,3,3
8085,Loewenstein (Niederschlesien),50.653057,16.744444,,1,1,1,1,1,1,0,1,1,1,1,1,0,0,0,0,0,0,0,1,1,1,1,1,0,0,0,0,0,0,0,0,0,0,0,0,0,0,0,0,0,0,686.2,686.2,176.3,176.3,176.3,176.3,1.5,0.8,0.8591,0.8591,0.8591,0.8591,2,1,1,1,1,1
8086,Lueben,51.400002,16.200001,,0,1,1,1,1,1,0,0,0,0,0,0,0,0,0,0,0,0,1,1,1,1,1,1,0,0,0,0,0,0,1,1,1,1,1,1,0,0,0,0,0,0,738.6,738.6,192.2,192.2,192.2,192.2,1.0,2.5,2.5194,2.5194,2.5194,2.5194,1,3,3,3,3,3
8087,Marklissa,51.023335,15.263611,,0,0,1,1,1,1,0,0,0,0,0,0,0,0,0,0,0,0,1,1,1,1,1,1,0,0,0,0,0,0,0,0,0,0,0,0,0,0,0,0,0,0,672.9,672.9,119.9,119.9,119.9,119.9,0.3,0.3,2.0003,2.0003,2.0003,2.0003,1,1,2,2,2,2
8088,Markt Bohrau,50.866665,16.983334,,0,0,0,0,0,0,0,0,0,0,0,0,0,0,0,0,0,0,1,1,1,1,1,1,0,0,0,0,0,0,0,0,0,0,0,0,0,0,0,0,0,0,715.3,715.3,200.9,200.9,200.9,200.9,0.3,0.3,0.3,0.3,0.3,0.3,1,1,1,1,1,1
8089,Militsch,51.533333,17.283333,,0,1,1,1,1,1,0,0,0,0,0,0,0,0,0,0,0,0,1,1,1,1,1,1,0,0,0,0,0,0,0,0,0,0,0,0,0,0,0,0,0,0,788.8,788.8,257.4,248.1,248.1,248.1,0.3,1.8,1.8,1.8,1.8,1.8,1,2,2,2,2,2
8090,Mittelwalde,50.166668,16.666666,,0,1,1,1,1,1,0,0,0,0,0,0,0,0,0,0,0,0,1,1,1,1,1,1,0,0,0,0,0,0,0,0,0,0,0,0,0,0,0,0,0,0,638.6,638.6,160.3,160.3,160.3,160.3,0.3,1.8,1.8993,1.8993,1.8993,1.8993,1,2,2,2,2,2
8091,Muensterberg,50.616665,17.049999,,1,1,1,1,1,1,0,0,0,0,0,0,0,0,0,0,0,0,1,1,1,1,1,1,0,0,0,1,1,1,0,0,0,0,0,0,0,0,0,0,0,0,695.1,695.1,195.5,195.5,195.5,195.5,1.8,1.8,1.8111,2.8111,2.8111,2.8111,2,2,2,3,3,3
8092,Muskau,51.544998,14.721666,,0,0,0,0,0,1,0,0,0,0,0,0,0,0,0,0,0,0,1,1,1,1,1,1,0,0,0,0,0,0,0,0,0,0,0,0,0,0,0,0,0,0,713.9,713.9,163.4,163.4,163.4,163.4,0.3,0.3,0.3914,0.3914,0.3914,1.8914,1,1,1,1,1,2
8093,Namslau,51.076111,17.723333,,1,1,1,1,1,1,0,0,0,0,0,0,0,0,0,0,0,0,1,1,1,1,1,1,0,0,0,1,1,1,1,1,1,1,1,1,0,0,0,0,0,0,764.2,764.2,257.7,192.8,192.8,192.8,2.5,2.5,2.5,3.518,3.518,3.518,3,3,3,3,3,3
8094,Naumburg am Bober,51.800278,15.2475,,0,0,0,0,0,0,0,0,0,0,0,0,0,0,0,0,0,0,1,1,1,1,1,1,0,0,0,0,0,0,1,1,1,1,1,1,0,0,0,0,0,0,752.7,752.7,199.0,199.0,199.0,199.0,1.0,1.0,1.0024,1.0024,1.0024,1.0024,1,1,1,1,1,1
8095,Naumburg (Queis),51.200001,15.4,,1,1,1,1,1,1,0,0,0,0,0,0,0,0,0,0,0,0,1,1,1,1,1,1,0,0,0,0,0,0,0,0,0,0,0,0,0,0,0,0,0,0,694.7,694.7,141.6,141.6,141.6,141.6,1.8,1.8,1.9459,1.9459,1.9459,1.9459,2,2,2,2,2,2
8096,Neisse,50.483334,17.333334,,1,1,1,1,1,1,0,0,0,0,0,0,0,0,0,0,0,0,1,1,1,1,1,1,0,0,0,0,0,1,0,0,0,0,0,0,0,0,0,0,0,0,695.2,695.2,211.5,190.9,190.9,190.9,1.8,1.8,1.8,1.8228,1.8228,2.8228,2,2,2,2,2,3
8097,Neumarkt,51.150002,16.583334,,1,1,1,1,1,1,0,0,0,0,0,0,0,0,0,0,0,0,1,1,1,1,1,1,0,1,1,1,1,1,0,0,0,0,0,0,0,0,0,0,0,0,727.1,727.1,192.9,192.9,192.9,192.9,1.8,2.8,2.8177,2.8177,2.8177,2.8177,2,3,3,3,3,3
8098,Neumittelwalde,51.399166,17.665556,,0,0,0,0,0,0,0,0,0,0,0,0,0,0,0,0,0,0,0,0,1,1,1,1,0,0,0,0,0,0,0,0,0,0,0,0,0,0,0,0,0,0,791.0,791.0,270.8,218.4,218.4,218.4,0.0,0.0,0.3,0.3,0.3,0.3,0,0,1,1,1,1
8099,Neurode,50.579723,16.501667,,0,0,0,0,0,0,0,0,0,0,0,0,0,0,0,0,0,0,0,0,1,1,1,1,0,0,0,0,0,1,0,0,0,0,0,0,0,0,0,0,0,0,670.0,670.0,157.5,157.5,157.5,157.5,0.0,0.0,0.4063,0.4063,0.4063,1.4063,0,0,1,1,1,2
8100,Neusalz (Oder),51.799999,15.716666,,0,0,0,0,0,0,0,0,0,0,0,0,0,0,0,0,0,0,0,0,0,0,0,0,0,0,0,0,0,0,0,0,0,0,0,0,0,0,0,0,0,0,764.6,764.6,210.9,210.9,210.9,210.9,0.0,0.0,0.0,0.0,0.0,0.0,0,0,0,0,0,0
8101,Neustadt O.S.,50.316666,17.6,,0,1,1,1,1,1,0,0,0,0,0,0,0,0,0,0,0,0,0,1,1,1,1,1,0,0,0,0,0,0,1,1,1,1,1,1,0,0,0,0,0,0,692.7,692.7,227.6,168.8,168.8,168.8,0.7,2.5,2.5,2.578,2.578,2.578,0,3,3,3,3,3
8102,Neustaedtel in Schlesien,51.683334,15.733334,,0,1,1,1,1,1,0,0,0,0,0,0,0,0,0,0,0,0,1,1,1,1,1,1,0,0,0,0,0,1,0,0,0,0,0,0,0,0,0,0,0,0,753.2,753.2,199.9,199.9,199.9,199.9,0.3,1.8,1.8003,1.8003,1.8003,2.8003,1,2,2,2,2,3
8103,Niesky,51.29361,14.823055,,0,0,0,0,0,0,0,0,0,0,0,0,0,0,0,0,0,0,1,1,1,1,1,1,0,0,0,0,0,0,0,0,0,0,0,0,0,0,0,0,0,0,689.7,689.7,137.1,137.1,137.1,137.1,0.3,0.3,0.4573,0.4573,0.4573,0.4573,1,1,1,1,1,1
8104,Nikolstadt,51.129166,16.283333,,0,0,1,1,1,1,0,0,0,0,0,0,0,0,0,0,0,0,0,0,1,1,1,1,0,0,0,0,0,0,0,0,0,0,0,0,0,0,0,0,0,0,714.7,714.7,175.1,175.1,175.1,175.1,0.0,0.0,1.8621,1.8621,1.8621,1.8621,0,0,2,2,2,2
8105,Nimptsch,50.716667,16.833334,,1,1,1,1,1,1,0,0,0,0,0,0,0,0,0,0,0,0,1,1,1,1,1,1,0,0,0,0,1,1,0,0,0,0,0,0,0,0,0,0,0,0,695.6,695.6,184.7,184.7,184.7,184.7,1.8,1.8,1.8383,1.8383,2.8383,2.8383,2,2,2,2,3,3
8106,Oberglogau O.S.,50.366665,17.866667,,0,0,0,1,1,1,0,0,0,0,0,0,0,0,0,0,0,0,1,1,1,1,1,1,0,0,0,0,0,0,1,1,1,1,1,1,0,0,0,0,0,0,709.2,709.2,247.0,151.2,151.2,151.2,1.0,1.0,1.0,2.622,2.622,2.622,1,1,1,3,3,3
8107,Oels,51.200001,17.383333,,0,1,1,1,1,1,0,0,0,0,0,0,0,0,0,0,0,0,1,1,1,1,1,1,0,0,0,0,1,1,0,0,0,0,0,0,0,0,0,0,0,0,761.7,761.7,242.7,220.2,220.2,220.2,0.3,1.8,1.8,1.8,2.8,2.8,1,2,2,2,3,3
8108,Ohlau,50.950001,17.299999,,1,1,1,1,1,1,0,0,0,0,0,0,1,1,1,1,1,1,1,1,1,1,1,1,0,0,0,1,1,1,0,0,0,0,0,0,0,0,0,0,0,0,735.5,735.5,225.0,211.0,211.0,211.0,2.5,2.5,2.5,3.5,3.5,3.5,2,2,2,3,3,3
8109,Oppeln,50.666668,17.933332,,1,1,1,1,1,1,1,1,1,1,1,1,1,1,1,1,1,1,1,1,1,1,1,1,1,1,1,1,1,1,0,0,0,0,0,0,0,0,0,0,0,0,737.6,737.6,257.2,157.3,157.3,157.3,2.5,2.5,2.5,2.6068,2.6068,2.6068,2,2,2,2,2,2
8110,Ottmachau,50.465279,17.171112,,0,0,1,1,1,1,0,0,0,0,0,0,0,0,0,0,0,0,1,1,1,1,1,1,0,0,0,0,0,0,0,0,0,0,0,0,0,0,0,0,0,0,686.6,686.6,199.9,199.9,199.9,199.9,0.3,0.3,1.8004,1.8004,1.8004,1.8004,1,1,2,2,2,2
8111,Parchwitz,51.273335,16.364166,,1,1,1,1,1,1,0,0,0,0,0,0,0,0,0,0,0,0,1,1,1,1,1,1,0,0,0,0,1,1,1,1,1,1,1,1,0,0,0,0,0,0,731.5,731.5,190.1,190.1,190.1,190.1,2.5,2.5,2.5249,2.5249,3.5249,3.5249,3,3,3,3,3,3
8112,Patschkau,50.450001,17.0,,0,1,1,1,1,1,0,0,0,0,0,0,0,0,0,0,0,0,0,1,1,1,1,1,0,0,0,0,0,0,0,0,0,0,0,0,0,0,0,0,0,0,678.0,678.0,187.6,187.6,187.6,187.6,0.0,1.8,1.8309,1.8309,1.8309,1.8309,0,2,2,2,2,2
8113,Peiskretscham,50.397499,18.629444,,0,1,1,1,1,1,0,0,0,0,0,0,0,0,0,0,0,0,0,1,1,1,1,1,0,0,0,0,0,0,0,0,0,0,0,0,0,0,0,0,0,0,748.6,748.6,301.2,100.2,100.2,100.2,0.0,1.8,1.8,2.0494,2.0494,2.0494,0,2,2,2,2,2
8114,Pilchowitz,50.215832,18.559444,,0,1,1,1,1,1,0,0,0,0,0,0,0,0,0,0,0,0,0,1,1,1,1,1,0,0,0,0,0,0,0,0,0,0,0,0,0,0,0,0,0,0,730.9,730.9,295.1,99.7,99.7,99.7,0.0,1.8,1.8,2.0508,2.0508,2.0508,0,2,2,2,2,2
8115,Pitschen,51.116665,18.299999,,1,1,1,1,1,1,0,0,0,0,0,0,0,0,0,0,0,0,1,1,1,1,1,1,0,0,0,0,0,0,0,0,0,0,0,0,0,0,0,0,0,0,792.6,792.6,296.6,164.7,164.7,164.7,1.8,1.8,1.8,1.8883,1.8883,1.8883,2,2,2,2,2,2
8116,Polkwitz,51.5,16.066668,,0,1,1,1,1,1,0,0,0,0,0,0,0,0,0,0,0,0,0,1,1,1,1,1,0,0,0,0,0,1,0,0,0,0,0,0,0,0,0,0,0,0,744.4,744.4,195.0,195.0,195.0,195.0,0.0,1.8,1.8124,1.8124,1.8124,2.8124,0,2,2,2,2,3
8117,Prausnitz,51.366665,16.966667,,0,1,1,1,1,1,0,0,0,0,0,0,0,0,0,0,0,0,0,1,1,1,1,1,0,0,0,0,0,1,0,0,0,0,0,0,0,0,0,0,0,0,761.4,761.4,228.7,228.7,228.7,228.7,0.0,1.8,1.8,1.8,1.8,2.8,0,2,2,2,2,3
8118,Priebus,51.483334,14.95,,0,1,1,1,1,1,0,0,0,0,0,0,0,0,0,0,0,0,1,1,1,1,1,1,0,0,0,0,0,0,0,0,0,0,0,0,0,0,0,0,0,0,712.5,712.5,159.6,159.6,159.6,159.6,0.3,1.8,1.901,1.901,1.901,1.901,1,2,2,2,2,2
8119,Primkenau,51.516666,15.783334,,0,1,1,1,1,1,0,0,0,0,0,0,0,0,0,0,0,0,0,0,1,1,1,1,0,0,0,0,0,0,0,0,0,0,0,0,0,0,0,0,0,0,737.7,737.7,185.5,185.5,185.5,185.5,0.0,1.5,1.8362,1.8362,1.8362,1.8362,0,2,2,2,2,2
8120,Proskau,50.583332,17.866667,,0,0,0,0,0,0,0,0,0,0,0,0,0,0,0,0,0,0,0,0,0,0,0,0,0,0,0,0,0,0,0,0,0,0,0,0,0,0,0,0,0,0,727.5,727.5,250.6,158.0,158.0,158.0,0.0,0.0,0.0,0.1049,0.1049,0.1049,0,0,0,0,0,0
8121,Ratibor,50.092224,18.219723,,1,1,1,1,1,1,0,0,0,0,0,0,0,0,0,0,0,0,1,1,1,1,1,1,0,0,0,0,0,0,1,1,1,1,1,1,0,0,0,0,0,0,704.0,704.0,270.9,122.6,122.6,122.6,2.5,2.5,2.5,2.6935,2.6935,2.6935,3,3,3,3,3,3
8122,Raudten,51.509998,16.265556,,0,1,1,1,1,1,0,0,0,0,0,0,0,0,0,0,0,0,1,1,1,1,1,1,0,0,0,0,0,0,0,0,0,0,0,0,0,0,0,0,0,0,751.5,751.5,204.5,204.5,204.5,204.5,0.3,1.8,1.8,1.8,1.8,1.8,1,2,2,2,2,2
8123,Reichenbach (Eulengeb.),50.728054,16.651388,,0,0,0,0,0,0,0,0,0,0,0,0,0,0,0,0,0,0,1,1,1,1,1,1,0,0,0,0,0,0,0,0,0,0,0,0,0,0,0,0,0,0,689.6,689.6,173.3,173.3,173.3,173.3,0.3,0.3,0.3667,0.3667,0.3667,0.3667,1,1,1,1,1,1
8124,Reichenbach,51.141388,14.802778,,1,1,1,1,1,1,0,0,0,0,0,0,0,0,0,0,0,0,1,1,1,1,1,1,0,0,0,0,0,0,0,0,0,0,0,0,0,0,0,0,0,0,673.3,673.3,120.2,120.2,120.2,120.2,1.8,1.8,1.9994,1.9994,1.9994,1.9994,2,2,2,2,2,2
8125,Reichenstein,50.433334,16.866667,,0,1,1,1,1,1,0,0,0,0,0,0,0,0,0,0,0,0,0,1,1,1,1,1,0,0,0,0,0,0,0,0,0,0,0,0,0,0,0,0,0,0,671.0,671.0,178.0,178.0,178.0,178.0,0.0,1.8,1.8549,1.8549,1.8549,1.8549,0,2,2,2,2,2
8126,Bad Reinerz,50.400002,16.383333,,0,0,1,1,1,1,0,0,0,0,0,0,0,0,0,0,0,0,0,0,1,1,1,1,0,0,0,0,0,0,0,0,0,0,0,0,0,0,0,0,0,0,648.7,648.7,143.8,143.8,143.8,143.8,0.0,0.0,1.9406,1.9406,1.9406,1.9406,0,0,2,2,2,2
8127,Rosenberg O.S.,50.875,18.416666,,0,0,0,0,0,0,0,0,0,0,0,0,0,0,0,0,0,0,1,1,1,1,1,1,0,0,0,0,0,0,0,0,0,0,0,0,0,0,0,0,0,0,777.3,777.3,295.9,140.6,140.6,140.6,0.3,0.3,0.3,0.4485,0.4485,0.4485,1,1,1,1,1,1
8128,Rothenburg,51.335835,14.966666,,0,1,1,1,1,1,0,0,0,0,0,0,0,0,0,0,0,0,0,1,1,1,1,1,0,0,0,0,0,0,0,0,0,0,0,0,0,0,0,0,0,0,697.5,697.5,144.0,144.0,144.0,144.0,0.0,1.8,1.94,1.94,1.94,1.94,0,2,2,2,2,2
8129,Rothenburg (Oder),52.012779,15.423056,,0,0,0,0,0,0,0,0,0,0,0,0,0,0,0,0,0,0,0,0,1,1,1,1,0,0,0,0,0,0,0,0,0,0,0,0,0,0,0,0,0,0,779.0,779.0,225.2,225.2,223.2,223.2,0.0,0.0,0.3,0.3,0.3,0.3,0,0,1,1,1,1
8130,Rudelstadt,50.891109,15.988334,,0,0,0,0,0,0,0,0,0,0,0,0,0,0,0,0,0,0,0,1,1,1,1,1,0,0,0,0,0,0,0,0,0,0,0,0,0,0,0,0,0,0,681.6,681.6,142.4,142.4,142.4,142.4,0.0,0.3,0.4441,0.4441,0.4441,0.4441,0,1,1,1,1,1
8131,Ruhland,51.458889,13.866111,,0,0,1,1,1,1,0,0,0,0,0,0,0,0,0,0,0,0,0,0,1,1,1,1,0,0,0,0,0,0,0,0,0,0,0,0,0,0,0,0,0,0,688.7,688.7,157.4,157.4,104.4,104.4,0.0,0.0,1.9065,1.9065,2.039,2.039,0,0,2,2,2,2
8132,Saabor,51.950001,15.716666,,0,0,0,0,0,0,0,0,0,0,0,0,0,0,0,0,0,0,0,0,0,0,0,0,0,0,0,0,0,0,0,0,0,0,0,0,0,0,0,0,0,0,780.0,780.0,226.0,226.0,226.0,226.0,0.0,0.0,0.0,0.0,0.0,0.0,0,0,0,0,0,0
8133,Sagan,51.616665,15.316667,,0,0,0,0,0,0,0,0,0,0,0,0,0,0,0,0,0,0,1,1,1,1,1,1,0,0,1,1,1,1,0,0,0,0,0,0,0,0,0,0,0,0,735.3,735.3,181.3,181.3,181.3,181.3,0.3,0.3,1.3468,1.3468,1.3468,1.3468,1,1,2,2,2,2
8134,Schlawa,51.883335,16.083334,,0,0,1,1,1,1,0,0,0,0,0,0,0,0,0,0,0,0,0,0,1,1,1,1,0,0,0,0,0,0,0,0,0,0,0,0,0,0,0,0,0,0,783.3,783.3,231.1,231.1,231.1,231.1,0.0,0.0,1.8,1.8,1.8,1.8,0,0,2,2,2,2
8135,Schlichtingsheim,51.716667,16.25,,0,0,0,0,0,0,0,0,0,0,0,0,0,0,0,0,0,0,0,0,0,0,0,0,0,0,0,0,0,0,0,0,0,0,0,0,0,0,0,0,0,0,771.6,771.6,221.9,221.9,221.9,221.9,0.0,0.0,0.0,0.0,0.0,0.0,0,0,0,0,0,0
8136,Schmiedeberg i. Rsgb.,50.79361,15.834723,,0,0,0,0,0,0,0,0,0,0,0,0,0,0,0,0,0,0,0,0,1,1,1,1,0,0,0,0,0,0,0,0,0,0,0,0,0,0,0,0,0,0,667.0,667.0,127.2,127.2,127.2,127.2,0.0,0.0,0.482,0.482,0.482,0.482,0,0,1,1,1,1
8137,Schoemberg (Niederschlesien),50.666668,16.066668,,0,1,1,1,1,1,0,0,0,0,0,0,0,0,0,0,0,0,0,1,1,1,1,1,0,0,0,0,0,0,0,0,0,0,0,0,0,0,0,0,0,0,662.4,662.4,133.3,133.3,133.3,133.3,0.0,1.8,1.9668,1.9668,1.9668,1.9668,0,2,2,2,2,2
8138,Schoenau (Katzbach),51.016666,15.9,,0,0,1,1,1,1,0,0,0,0,0,0,0,0,0,0,0,0,0,1,1,1,1,1,0,0,0,0,0,0,0,0,0,0,0,0,0,0,0,0,0,0,691.1,691.1,146.9,146.9,146.9,146.9,0.0,0.3,1.9327,1.9327,1.9327,1.9327,0,1,2,2,2,2
8139,Schoenberg  (Niederschlesien),51.075832,15.099444,,0,0,0,0,0,0,0,0,0,0,0,0,0,0,0,0,0,0,1,1,1,1,1,1,0,0,0,0,0,0,0,0,0,0,0,0,0,0,0,0,0,0,673.9,673.9,119.9,119.9,119.9,119.9,0.3,0.3,0.5003,0.5003,0.5003,0.5003,1,1,1,1,1,1
8140,Schreiberhau,50.827499,15.5275,,0,0,0,0,0,0,0,0,0,0,0,0,0,0,0,0,0,0,0,0,0,1,1,1,0,0,0,0,0,0,0,0,0,0,0,0,0,0,0,0,0,0,660.7,660.7,113.6,113.6,113.6,113.6,0.0,0.0,0.216,0.516,0.516,0.516,0,0,0,1,1,1
8141,Schurgast,50.759167,17.681944,,0,1,1,1,1,1,0,0,0,0,0,0,0,0,0,0,0,0,1,1,1,1,1,1,0,0,0,0,0,0,0,0,0,0,0,0,0,0,0,0,0,0,734.5,734.5,242.7,177.6,177.6,177.6,0.3,1.8,1.8,1.8559,1.8559,1.8559,1,2,2,2,2,2
8142,Schweidnitz,50.849998,16.483334,,1,1,1,1,1,1,0,0,0,0,0,0,0,1,1,1,1,1,1,1,1,1,1,1,0,0,1,1,1,1,0,0,0,0,0,0,0,0,0,0,0,0,694.8,694.8,168.8,168.8,168.8,168.8,1.8,2.5,3.5781,3.5781,3.5781,3.5781,2,2,3,3,3,3
8143,Seidenberg,51.023613,15.063334,,0,1,1,1,1,1,0,0,0,0,0,0,0,0,0,0,0,0,1,1,1,1,1,1,0,0,0,0,0,0,0,0,0,0,0,0,0,0,0,0,0,0,667.5,667.5,113.5,113.5,113.5,113.5,0.3,1.8,2.0162,2.0162,2.0162,2.0162,1,2,2,2,2,2
8144,Silberberg,50.583332,16.666666,,0,0,0,0,0,0,0,0,0,0,0,0,0,0,0,0,0,0,0,0,1,1,1,1,0,0,0,0,0,0,0,0,0,0,0,0,0,0,0,0,0,0,676.7,676.7,168.6,168.6,168.6,168.6,0.0,0.0,0.3785,0.3785,0.3785,0.3785,0,0,1,1,1,1
8145,Slawentzitz,50.37389,18.324167,,1,1,1,1,1,1,0,1,1,1,1,1,0,0,0,0,0,0,0,1,1,1,1,1,0,0,0,0,0,0,0,0,0,0,0,0,0,0,0,0,0,0,731.7,731.7,279.4,119.9,119.9,119.9,1.5,0.8,0.8,1.0002,1.0002,1.0002,2,1,1,1,1,1
8146,Sprottau,51.566666,15.5,,0,1,1,1,1,1,0,0,0,0,0,0,0,0,0,0,0,0,0,1,1,1,1,1,0,1,1,1,1,1,0,0,0,0,0,0,0,0,0,0,0,0,734.9,734.9,181.1,181.1,181.1,181.1,0.0,2.8,2.8473,2.8473,2.8473,2.8473,0,3,3,3,3,3
8147,Sprottau Eulau,51.566387,15.488611,,0,0,0,0,0,0,0,0,0,0,0,0,0,0,0,0,0,0,1,1,1,1,1,1,0,0,0,0,0,0,0,0,0,0,0,0,0,0,0,0,0,0,734.6,734.6,180.7,180.7,180.7,180.7,0.3,0.3,0.3482,0.3482,0.3482,0.3482,1,1,1,1,1,1
8148,Staedtel,50.946388,17.776945,,0,0,0,0,0,0,0,0,0,0,0,0,0,0,0,0,0,0,0,1,1,1,1,1,0,0,0,0,0,0,0,0,0,0,0,0,0,0,0,0,0,0,755.0,755.0,255.7,181.7,181.7,181.7,0.0,0.3,0.3,0.3457,0.3457,0.3457,0,1,1,1,1,1
8149,Steinau (Oder),51.416668,16.416666,,1,1,1,1,1,1,0,0,0,0,0,0,0,1,1,1,1,1,1,1,1,1,1,1,0,0,1,1,1,1,0,0,0,0,0,0,0,0,0,0,0,0,747.2,747.2,203.8,203.8,203.8,203.8,1.8,2.5,3.5,3.5,3.5,3.5,2,2,3,3,3,3
8150,Steinau O.S.,50.421944,17.544722,,1,1,1,1,1,1,0,0,0,0,0,0,0,0,0,0,0,0,1,1,1,1,1,1,0,0,0,0,0,0,0,0,0,0,0,0,0,0,0,0,0,0,699.2,699.2,225.1,174.8,174.8,174.8,1.8,1.8,1.8,1.863,1.863,1.863,2,2,2,2,2,2
8151,Strehlen,50.783333,17.066668,,0,1,1,1,1,1,0,0,0,0,0,0,0,1,1,1,1,1,0,1,1,1,1,1,0,0,0,0,0,0,0,0,0,0,0,0,0,0,0,0,0,0,710.9,710.9,202.7,202.7,202.7,202.7,0.0,2.5,2.5,2.5,2.5,2.5,0,2,2,2,2,2
8152,Striegau,50.950001,16.333334,,1,1,1,1,1,1,0,0,0,0,0,0,0,0,0,0,0,0,1,1,1,1,1,1,0,0,0,0,1,1,1,1,1,1,1,1,0,0,0,0,0,0,699.1,699.1,165.7,165.7,165.7,165.7,2.5,2.5,2.5857,2.5857,3.5857,3.5857,3,3,3,3,3,3
8153,Stroppen,51.388332,16.810556,,1,1,1,1,1,1,0,0,0,0,0,0,0,0,0,0,0,0,1,1,1,1,1,1,0,0,0,0,0,0,0,0,0,0,0,0,0,0,0,0,0,0,757.9,757.9,221.8,221.8,221.8,221.8,1.8,1.8,1.8,1.8,1.8,1.8,2,2,2,2,2,2
8154,Sulau,51.499168,17.168612,,0,0,0,0,0,0,0,0,0,0,0,0,0,0,0,0,0,0,0,0,0,1,1,1,0,0,0,0,0,0,0,0,0,0,0,0,0,0,0,0,0,0,781.3,781.3,248.8,248.8,248.8,248.8,0.0,0.0,0.0,0.3,0.3,0.3,0,0,0,1,1,1
8155,Tost,50.450001,18.516666,,0,0,0,1,1,1,0,0,0,0,0,0,0,0,0,0,0,0,1,1,1,1,1,1,0,0,0,0,0,0,0,0,0,0,0,0,0,0,0,0,0,0,747.2,747.2,293.8,109.8,109.8,109.8,0.3,0.3,0.3,2.0254,2.0254,2.0254,1,1,1,2,2,2
8156,Trachenberg,51.468887,16.906389,,0,1,1,1,1,1,0,0,0,0,0,0,0,0,0,0,0,0,1,1,1,1,1,1,0,0,0,0,0,0,0,0,0,0,0,0,0,0,0,0,0,0,769.0,769.0,232.6,232.6,232.6,232.6,0.3,1.8,1.8,1.8,1.8,1.8,1,2,2,2,2,2
8157,Trebnitz,51.299999,17.066668,,1,1,1,1,1,1,0,0,0,0,0,0,0,0,0,0,0,0,1,1,1,1,1,1,0,0,0,0,0,0,1,1,1,1,1,1,0,0,0,0,0,0,758.8,758.8,230.0,230.0,230.0,230.0,2.5,2.5,2.5,2.5,2.5,2.5,3,3,3,3,3,3
8158,Tschirnau,51.720833,16.615833,,0,0,0,0,0,0,0,0,0,0,0,0,0,0,0,0,0,0,0,1,1,1,1,1,0,0,0,0,0,0,0,0,0,0,0,0,0,0,0,0,0,0,783.5,783.5,238.0,238.0,238.0,238.0,0.0,0.3,0.3,0.3,0.3,0.3,0,1,1,1,1,1
8159,Ujest,50.400002,18.35,,1,1,1,1,1,1,0,0,0,0,0,0,0,0,0,0,0,0,1,1,1,1,1,1,0,0,0,0,0,0,0,0,0,0,0,0,0,0,0,0,0,0,735.0,735.0,281.5,119.0,119.0,119.0,1.8,1.8,1.8,2.0025,2.0025,2.0025,2,2,2,2,2,2
8160,Waldenburg (Schles.),50.764999,16.281111,,0,0,0,0,1,1,0,0,0,0,0,0,0,0,0,0,0,0,1,1,1,1,1,1,0,0,0,0,0,0,0,0,0,0,0,0,0,0,0,0,0,0,679.4,679.4,151.8,151.8,151.8,151.8,0.3,0.3,0.4206,0.4206,1.9206,1.9206,1,1,1,1,2,2
8161,Wansen,50.815277,17.203611,,1,1,1,1,1,1,0,0,0,0,0,0,0,0,0,0,0,0,1,1,1,1,1,1,0,1,1,1,1,1,0,0,0,0,0,0,0,0,0,0,0,0,719.4,719.4,212.9,210.9,210.9,210.9,1.8,2.8,2.8,2.8,2.8,2.8,2,3,3,3,3,3
8162,Bad Warmbrunn,50.861668,15.690833,,0,0,0,0,0,0,0,0,0,0,0,0,0,0,0,0,0,0,0,1,1,1,1,1,0,0,0,0,0,0,0,0,0,0,0,0,0,0,0,0,0,0,669.1,669.1,124.4,124.4,124.4,124.4,0.0,0.3,0.489,0.489,0.489,0.489,0,1,1,1,1,1
8163,Wartha,50.516666,16.733334,,0,1,1,1,1,1,0,0,0,0,0,0,0,0,0,0,0,0,1,1,1,1,1,1,0,0,0,0,0,0,0,0,0,0,0,0,0,0,0,0,0,0,673.2,673.2,171.0,171.0,171.0,171.0,0.3,1.8,1.8725,1.8725,1.8725,1.8725,1,2,2,2,2,2
8164,Weisswasser,51.506943,14.642777,,0,0,0,0,0,0,0,0,0,0,0,0,0,0,0,0,0,0,0,0,0,1,1,1,0,0,0,0,0,0,0,0,0,0,0,0,0,0,0,0,0,0,708.2,708.2,158.6,158.6,158.5,158.5,0.0,0.0,0.1035,0.4035,0.4038,0.4038,0,0,0,1,1,1
8165,Wigandsthal,50.936943,15.295834,,0,0,0,0,0,0,0,0,0,0,0,0,0,0,0,0,0,0,0,0,0,0,0,0,0,0,0,0,0,0,0,0,0,0,0,0,0,0,0,0,0,0,665.0,665.0,112.9,112.9,112.9,112.9,0.0,0.0,0.2178,0.2178,0.2178,0.2178,0,0,0,0,0,0
8166,Wilhelmsthal,50.255833,16.890833,,0,0,0,0,0,0,0,0,0,0,0,0,0,0,0,0,0,0,0,0,0,0,0,0,0,0,0,0,0,0,0,0,0,0,0,0,0,0,0,0,0,0,656.0,656.0,176.9,176.9,176.9,176.9,0.0,0.0,0.0579,0.0579,0.0579,0.0579,0,0,0,0,0,0
8167,Winzig,51.466667,16.633333,,0,1,1,1,1,1,0,0,0,0,0,0,0,0,0,0,0,0,1,1,1,1,1,1,0,0,0,0,0,1,0,0,0,0,0,0,0,0,0,0,0,0,759.3,759.3,218.4,218.4,218.4,218.4,0.3,1.8,1.8,1.8,1.8,2.8,1,2,2,2,2,3
8168,Wittichenau,51.385277,14.243333,,0,0,1,1,1,1,0,0,0,0,0,0,0,0,0,0,0,0,1,1,1,1,1,1,0,0,0,0,0,0,1,1,1,1,1,1,0,0,0,0,0,0,687.3,687.3,144.8,144.8,129.9,129.9,1.0,1.0,2.6379,2.6379,2.6751,2.6751,1,1,3,3,3,3
8169,Wohlau,51.349998,16.65,,0,1,1,1,1,1,0,0,0,0,0,0,0,0,0,0,0,0,1,1,1,1,1,1,0,0,0,0,0,0,0,0,0,0,0,0,0,0,0,0,0,0,748.6,748.6,210.5,210.5,210.5,210.5,0.3,1.8,1.8,1.8,1.8,1.8,1,2,2,2,2,2
8170,Wuenschelburg,50.503887,16.401112,,0,1,1,1,1,1,0,0,0,0,0,0,0,0,0,0,0,0,0,0,1,1,1,1,0,0,0,0,0,1,0,0,0,0,0,0,0,0,0,0,0,0,659.1,659.1,148.0,148.0,148.0,148.0,0.0,1.5,1.9299,1.9299,1.9299,2.9299,0,2,2,2,2,3
8171,Ziegenhals,50.316666,17.383333,,1,1,1,1,1,1,0,0,0,0,0,0,0,0,0,0,0,0,1,1,1,1,1,1,0,0,0,0,0,1,0,0,0,0,0,0,0,0,0,0,0,0,682.9,682.9,212.3,184.0,184.0,184.0,1.8,1.8,1.8,1.84,1.84,2.84,2,2,2,2,2,3
8172,Zirkwitz,51.313057,17.128334,,1,1,1,1,1,1,0,0,0,0,0,0,0,0,0,0,0,0,1,1,1,1,1,1,0,0,0,0,0,0,0,0,0,0,0,0,0,0,0,0,0,0,762.4,762.4,234.3,234.3,234.3,234.3,1.8,1.8,1.8,1.8,1.8,1.8,2,2,2,2,2,2
8173,Zobten,50.899166,16.742222,,1,1,1,1,1,1,0,0,0,0,0,0,0,0,0,0,0,0,1,1,1,1,1,1,0,0,0,0,0,0,0,0,0,0,0,0,0,0,0,0,0,0,709.1,709.1,187.3,187.3,187.3,187.3,1.8,1.8,1.8317,1.8317,1.8317,1.8317,2,2,2,2,2,2
8174,Zuelz,50.366665,17.6,,0,1,1,1,1,1,0,0,0,0,0,0,0,0,0,0,0,0,1,1,1,1,1,1,0,0,0,0,0,0,0,0,0,0,0,0,0,0,0,0,0,0,696.9,696.9,228.2,169.7,169.7,169.7,0.3,1.8,1.8,1.8757,1.8757,1.8757,1,2,2,2,2,2
8175,Liebersdorf,50.804722,16.203333,,0,0,0,0,0,0,0,0,0,0,0,0,0,0,0,0,0,0,0,0,0,0,0,0,0,0,0,0,0,0,0,0,0,0,0,0,0,0,0,0,0,0,680.5,680.5,149.3,149.3,149.3,149.3,0.0,0.0,0.1268,0.1268,0.1268,0.1268,0,0,0,0,0,0
9001,Adorf,50.320557,12.254444,,0,0,0,1,1,1,0,0,0,0,0,0,0,0,0,0,0,0,1,1,1,1,1,1,1,1,1,1,1,1,0,0,0,0,0,0,0,0,0,0,0,0,547.1,547.1,156.4,113.0,113.0,113.0,1.3,1.3,1.409,3.0174,3.0174,3.0174,2,2,2,3,3,3
9002,Altenberg,50.766388,13.757222,,0,0,0,0,0,1,0,0,0,0,0,0,0,0,0,0,0,0,0,0,0,0,1,1,0,0,0,0,0,0,0,0,0,0,0,0,0,0,0,0,0,0,612.1,612.1,88.9,88.9,88.9,88.9,0.0,0.0,0.2776,0.2776,0.5776,2.0776,0,0,0,0,1,2
9003,Annaberg,50.580555,13.003056,,0,0,0,0,0,1,0,0,0,0,0,0,0,0,0,0,0,0,0,0,0,0,0,1,0,0,0,0,0,0,0,0,0,0,0,0,0,0,0,0,0,1,581.4,581.4,114.6,114.6,95.2,95.2,0.0,0.0,0.2134,0.2134,0.2619,4.0619,0,0,0,0,0,2
9004,Aue,50.585278,12.700833,,0,0,0,0,0,0,0,0,0,0,0,0,0,0,0,0,0,0,1,1,1,1,1,1,0,0,0,0,0,0,0,0,0,0,0,0,0,0,0,0,0,0,579.1,579.1,134.1,125.2,87.0,87.0,0.3,0.3,0.4648,0.4871,0.5826,0.5826,1,1,1,1,1,1
9005,Auerbach,50.50528,12.402778,,0,0,0,0,0,0,0,0,0,0,0,0,0,0,0,0,0,0,1,1,1,1,1,1,0,0,0,0,0,0,0,0,0,0,0,0,0,0,0,0,0,0,568.3,568.3,150.7,109.8,92.8,92.8,0.3,0.3,0.4232,0.5254,0.568,0.568,1,1,1,1,1,1
9006,Augustusburg,50.810555,13.101666,,0,0,0,0,0,0,0,0,0,0,0,0,0,0,0,0,0,0,1,1,1,1,1,1,0,0,0,0,0,0,0,0,0,0,0,0,0,0,0,0,0,0,607.7,607.7,123.3,123.3,77.8,77.8,0.3,0.3,0.4918,0.4918,0.6055,0.6055,1,1,1,1,1,1
9007,Baerenstein,50.499443,13.028611,,0,0,0,0,0,0,0,0,0,0,0,0,0,0,0,0,0,0,0,0,1,1,1,1,0,0,0,0,0,0,0,0,0,0,0,0,0,0,0,0,0,0,572.7,572.7,109.0,109.0,104.1,104.1,0.0,0.0,0.5274,0.5274,0.5397,0.5397,0,0,1,1,1,1
9008,Bautzen,51.180832,14.4275,476.0,1,1,1,1,1,1,0,0,0,0,0,0,0,0,0,0,0,0,1,1,1,1,1,1,1,1,1,1,1,1,0,0,0,0,0,0,0,0,0,0,0,0,669.1,669.1,121.6,121.6,121.6,121.6,2.8,2.8,2.9961,2.9961,2.9961,2.9961,3,3,3,3,3,3
9009,Berggiesshuebel,50.874443,13.948334,568.0,0,0,0,0,0,0,0,0,0,0,0,0,0,0,0,0,0,0,0,0,0,0,1,1,0,0,0,0,0,0,0,0,0,0,0,0,0,0,0,0,0,0,627.0,627.0,93.7,93.7,93.7,93.7,0.0,0.0,0.2658,0.2658,0.5658,0.5658,0,0,0,0,1,1
9010,Bernstadt auf dem Eigen,51.046665,14.823611,,0,0,0,0,0,0,0,0,0,0,0,0,0,0,0,0,0,0,1,1,1,1,1,1,0,0,0,0,0,0,0,0,0,0,0,0,0,0,0,0,0,0,663.9,663.9,110.4,110.4,110.4,110.4,0.3,0.3,0.5241,0.5241,0.5241,0.5241,1,1,1,1,1,1
9011,Bischofswerda,51.127499,14.179444,695.0,0,0,0,0,0,0,0,0,0,0,0,0,0,0,0,0,0,0,1,1,1,1,1,1,0,0,0,0,0,0,0,0,0,0,0,0,0,0,0,0,0,0,658.5,658.5,116.9,116.9,116.9,116.9,0.3,0.3,0.5078,0.5078,0.5078,0.5078,1,1,1,1,1,1
9012,Borna,51.123055,12.497222,848.0,0,0,0,0,0,0,0,0,0,0,0,0,0,0,0,0,0,0,1,1,1,1,1,1,0,0,0,0,0,0,0,0,0,0,0,0,0,0,0,0,0,0,637.3,637.3,178.0,103.6,25.6,25.6,0.3,0.3,0.3549,0.541,0.736,0.736,1,1,1,1,1,1
9013,Brand-Erbisdorf,50.869167,13.321944,,0,0,0,0,0,0,0,0,0,0,0,0,0,0,0,0,0,0,1,1,1,1,1,1,0,0,0,0,0,0,0,0,0,0,0,0,0,0,0,0,0,0,616.8,616.8,116.6,116.6,84.4,84.4,0.3,0.3,0.5084,0.5084,0.589,0.589,1,1,1,1,1,1
9014,Brandis,51.333889,12.609445,,0,0,0,0,0,0,0,0,0,0,0,0,0,0,0,0,0,0,1,1,1,1,1,1,0,0,0,0,0,0,0,0,0,0,0,0,0,0,0,0,0,0,661.3,661.3,188.4,116.8,16.4,16.4,0.3,0.3,0.3291,0.5079,0.7589,0.7589,1,1,1,1,1,1
9015,Buchholz,50.566944,12.996111,,0,0,0,0,0,0,0,0,0,0,0,0,0,0,0,0,0,0,0,0,0,0,0,1,0,0,0,0,0,0,0,0,0,0,0,0,0,0,0,0,0,0,579.8,579.8,114.4,114.4,96.4,96.4,0.0,0.0,0.2141,0.2141,0.2591,0.5591,0,0,0,0,0,1
9016,Burgstaedt,50.918056,12.806666,,0,1,1,1,1,1,0,0,0,0,0,0,0,0,0,0,0,0,0,1,1,1,1,1,0,0,0,0,0,0,0,0,0,0,0,0,0,0,0,0,0,0,616.7,616.7,146.9,124.4,55.8,55.8,0.0,1.8,1.9328,1.9889,2.1605,2.1605,0,2,2,2,2,2
9017,Chemnitz,50.832222,12.924167,1190.0,0,0,0,0,0,0,0,0,0,0,0,0,0,0,0,0,0,0,1,1,1,1,1,1,0,0,0,0,0,1,0,0,0,0,0,0,0,0,0,0,0,0,608.3,608.3,134.5,133.6,68.3,68.3,0.3,0.3,0.4638,0.466,0.6292,1.6292,1,1,1,1,1,2
9018,Colditz,51.125557,12.806666,1242.0,0,0,0,0,0,0,0,0,0,0,0,0,0,0,0,0,0,0,1,1,1,1,1,1,0,0,0,0,0,1,0,0,0,0,0,0,0,0,0,0,0,0,639.6,639.6,162.2,125.1,38.4,38.4,0.3,0.3,0.3945,0.4874,0.7039,1.7039,1,1,1,1,1,2
9019,Coswig,51.126667,13.580277,,0,0,0,0,0,0,0,0,0,0,0,0,0,0,0,0,0,0,0,0,1,1,1,1,0,0,0,0,0,0,0,0,0,0,0,0,0,0,0,0,0,0,648.4,648.4,129.9,129.9,87.3,87.3,0.0,0.0,0.4752,0.4752,0.5817,0.5817,0,0,1,1,1,1
9020,Crimmitschau,50.812222,12.386666,17525.0,0,0,0,0,1,1,0,0,0,0,0,0,0,0,0,0,0,0,1,1,1,1,1,1,0,0,0,0,1,1,0,0,0,0,0,0,0,0,0,0,0,0,602.3,602.3,165.1,96.7,58.7,58.7,0.3,0.3,0.3873,0.5582,3.1533,3.1533,1,1,1,1,3,3
9021,Dahlen,51.365833,12.996388,1301.0,0,0,0,0,0,0,0,0,0,0,0,0,0,0,0,0,0,0,1,1,1,1,1,1,0,0,0,0,0,0,0,0,0,0,0,0,0,0,0,0,0,0,667.7,667.7,174.0,143.5,43.4,43.4,0.3,0.3,0.3651,0.4413,0.6915,0.6915,1,1,1,1,1,1
9022,Dippoldiswalde,50.896389,13.666667,,0,0,0,0,0,0,0,0,0,0,0,0,0,0,0,0,0,0,1,1,1,1,1,1,0,0,0,1,1,1,0,0,0,0,0,0,0,0,0,0,0,0,624.6,624.6,104.6,104.6,102.9,102.9,0.3,0.3,0.5385,1.5385,1.5428,1.5428,1,1,1,2,2,2
9023,Doebeln,51.119999,13.114722,1467.0,0,0,0,0,0,0,0,0,0,0,0,0,0,0,0,0,0,0,1,1,1,1,1,1,0,0,0,1,1,1,0,0,0,0,0,0,0,0,0,0,0,0,641.8,641.8,147.3,146.4,57.1,57.1,0.3,0.3,0.4319,1.4341,1.6572,1.6572,1,1,1,2,2,2
9024,Dohna,50.954445,13.858055,,0,0,0,0,0,0,0,0,0,0,0,0,0,0,0,0,0,0,1,1,1,1,1,1,0,0,0,0,0,0,0,0,0,0,0,0,0,0,0,0,0,0,634.1,634.1,104.3,104.3,104.3,104.3,0.3,0.3,0.5392,0.5392,0.5392,0.5392,1,1,1,1,1,1
9025,Dresden,51.051666,13.736667,1570.0,0,0,0,0,0,0,0,0,0,0,0,0,0,0,0,0,0,0,1,1,1,1,1,1,0,0,0,0,1,1,0,0,0,0,0,0,0,0,0,0,0,0,642.6,642.6,117.6,117.6,100.3,100.3,0.3,0.3,0.506,0.506,1.5493,1.5493,1,1,1,1,2,2
9026,Ebersbach,51.007221,14.581388,,0,0,0,0,0,0,0,0,0,0,0,0,0,0,0,0,0,0,0,0,1,1,1,1,0,0,0,0,0,0,0,0,0,0,0,0,0,0,0,0,0,0,654.1,654.1,102.9,102.9,102.9,102.9,0.0,0.0,0.5428,0.5428,0.5428,0.5428,0,0,1,1,1,1
9027,Ehrenfriedersdorf,50.646667,12.969722,,0,0,0,0,0,1,0,0,0,0,0,0,0,0,0,0,0,0,0,0,1,1,1,1,0,0,0,0,0,0,0,0,0,0,0,0,0,0,0,0,0,0,588.3,588.3,120.3,120.3,87.6,87.6,0.0,0.0,0.4993,0.4993,0.5809,2.0809,0,0,1,1,1,2
9028,Eibenstock,50.49361,12.599167,,0,0,0,0,0,0,0,0,0,0,0,0,0,0,0,0,0,0,1,1,1,1,1,1,0,0,0,0,0,0,0,0,0,0,0,0,0,0,0,0,0,0,568.2,568.2,137.1,122.7,95.4,95.4,0.3,0.3,0.4572,0.4932,0.5615,0.5615,1,1,1,1,1,1
9029,Bad Elster,50.282501,12.238055,,0,0,0,0,0,0,0,0,0,0,0,0,0,0,0,0,0,0,0,0,1,1,1,1,0,0,0,0,0,0,0,0,0,0,0,0,0,0,0,0,0,0,542.8,542.8,157.0,115.0,115.0,115.0,0.0,0.0,0.4076,0.5126,0.5126,0.5126,0,0,1,1,1,1
9030,Elsterberg i. V.,50.608612,12.169723,17543.0,0,0,0,1,1,1,0,0,0,0,0,0,0,0,0,0,1,1,1,1,1,1,1,1,0,0,0,0,0,0,0,0,0,0,0,0,0,0,0,0,0,0,578.8,578.8,169.9,89.9,82.5,82.5,0.3,0.3,0.3751,2.0753,2.7937,2.7937,1,1,1,2,2,2
9031,Elstra,51.221943,14.133333,17357.0,0,0,0,1,1,1,0,0,0,0,0,0,0,0,0,0,0,0,1,1,1,1,1,1,0,0,0,0,0,0,0,0,0,0,0,0,0,0,0,0,0,0,667.7,667.7,127.8,127.8,123.1,123.1,0.3,0.3,0.4806,1.9806,1.9922,1.9922,1,1,1,2,2,2
9032,Elterlein,50.576946,12.868611,,0,0,0,0,0,1,0,0,0,0,0,0,0,0,0,0,0,0,0,0,0,0,1,1,0,0,0,0,0,0,0,0,0,0,0,0,0,0,0,0,0,0,579.6,579.6,122.9,122.9,91.6,91.6,0.0,0.0,0.1927,0.1927,0.5709,2.0709,0,0,0,0,1,2
9033,Falkenstein,50.476112,12.37,,0,0,0,0,1,1,0,0,0,0,0,0,0,0,0,0,0,0,1,1,1,1,1,1,0,0,0,0,0,0,0,0,0,0,0,0,0,0,0,0,0,0,564.9,564.9,152.0,109.5,96.0,96.0,0.3,0.3,0.4199,0.5263,2.0599,2.0599,1,1,1,1,2,2
9034,Floeha,50.858334,13.072778,,0,0,0,0,0,0,0,0,0,0,0,0,0,0,0,0,0,0,1,1,1,1,1,1,0,0,0,0,0,0,0,0,0,0,0,0,0,0,0,0,0,0,612.6,612.6,128.3,128.3,72.5,72.5,0.3,0.3,0.4793,0.4793,0.6188,0.6188,1,1,1,1,1,1
9035,Frankenberg/Sa,50.91,13.030556,,0,0,0,0,0,0,0,0,0,0,0,0,0,0,0,0,0,0,1,1,1,1,1,1,0,0,0,0,0,0,0,0,0,0,0,0,0,0,0,0,0,0,617.9,617.9,134.3,134.3,66.2,66.2,0.3,0.3,0.4642,0.4642,0.6344,0.6344,1,1,1,1,1,1
9036,Frauenstein,50.801945,13.533889,1995.0,0,0,0,1,1,1,0,0,0,0,0,0,0,0,0,0,0,0,1,1,1,1,1,1,0,0,0,0,0,0,0,0,0,0,0,0,0,0,0,0,0,0,612.4,612.4,101.3,101.3,100.8,100.8,0.3,0.3,0.5468,2.0468,2.0481,2.0481,1,1,1,2,2,2
9037,Freiberg,50.914722,13.344167,2002.0,1,1,1,1,1,1,0,0,0,0,0,0,0,0,0,0,0,0,1,1,1,1,1,1,0,0,0,0,1,1,0,0,0,0,0,0,0,0,0,0,0,0,622.0,622.0,119.4,119.4,82.6,82.6,1.8,1.8,2.0014,2.0014,3.0935,3.0935,2,2,2,2,3,3
9038,Freital,50.996944,13.648056,,0,0,0,0,0,0,0,0,0,0,0,0,0,0,0,0,0,0,1,1,1,1,1,1,0,0,0,0,0,0,0,0,0,0,0,0,0,0,0,0,0,0,635.3,635.3,114.9,114.9,96.7,96.7,0.3,0.3,0.5126,0.5126,0.5582,0.5582,1,1,1,1,1,1
9039,Frohburg,51.05722,12.556389,2038.0,0,0,0,0,0,0,0,0,0,0,0,0,0,0,0,0,0,0,1,1,1,1,1,1,0,0,0,0,0,0,0,0,0,0,0,0,0,0,0,0,0,0,630.3,630.3,170.2,106.9,33.9,33.9,0.3,0.3,0.3745,0.5327,0.7152,0.7152,1,1,1,1,1,1
9040,Geising,50.757221,13.792778,,0,0,0,0,0,0,0,0,0,0,0,0,0,0,0,0,0,0,0,0,0,0,0,1,0,0,0,0,0,0,0,0,0,0,0,0,0,0,0,0,0,0,611.7,611.7,86.8,86.8,86.8,86.8,0.0,0.0,0.2831,0.2831,0.2831,0.5831,0,0,0,0,0,1
9041,Geithain,51.05389,12.695,2146.0,0,0,0,0,0,0,0,0,0,0,0,0,0,0,0,0,0,0,1,1,1,1,1,1,0,0,0,1,1,1,0,0,0,0,0,0,0,0,0,0,0,0,630.8,630.8,162.5,116.6,38.9,38.9,0.3,0.3,0.3937,1.5086,1.7028,1.7028,1,1,1,2,2,2
9042,Geringswalde,51.076946,12.903334,,0,0,0,0,0,0,0,0,0,0,0,0,0,0,0,0,0,0,1,1,1,1,1,1,0,0,0,0,0,0,0,0,0,0,0,0,0,0,0,0,0,0,635.1,635.1,153.6,131.3,47.1,47.1,0.3,0.3,0.416,0.4718,0.6823,0.6823,1,1,1,1,1,1
9043,Geyer,50.623611,12.924167,,0,0,0,0,0,0,0,0,0,0,0,0,0,0,0,0,0,0,0,0,0,0,1,1,0,0,0,0,0,0,0,0,0,0,0,0,0,0,0,0,0,0,585.3,585.3,121.8,121.8,88.5,88.5,0.0,0.0,0.1955,0.1955,0.5788,0.5788,0,0,0,0,1,1
9044,Glashuette,50.851665,13.781111,,0,0,0,0,0,0,0,0,0,0,0,0,0,0,0,0,0,0,0,0,0,0,1,1,0,0,0,0,0,0,0,0,0,0,0,0,0,0,0,0,0,0,621.7,621.7,96.3,96.3,96.3,96.3,0.0,0.0,0.2593,0.2593,0.5593,0.5593,0,0,0,0,1,1
9045,Glauchau,50.81778,12.542222,,0,0,0,0,0,0,0,0,0,0,0,0,0,0,0,0,0,0,1,1,1,1,1,1,0,0,0,0,1,1,0,0,0,0,0,0,0,0,0,0,0,0,603.7,603.7,155.9,107.4,59.2,59.2,0.3,0.3,0.4103,0.5316,1.6519,1.6519,1,1,1,1,2,2
9046,Bad Gottleuba,50.851665,13.943055,2350.0,0,1,1,1,1,1,0,0,0,0,0,0,0,0,0,0,0,0,1,1,1,1,1,1,0,0,0,0,0,0,0,0,0,0,0,0,0,0,0,0,0,0,624.5,624.5,91.5,91.5,91.5,91.5,0.3,1.8,2.0713,2.0713,2.0713,2.0713,1,2,2,2,2,2
9047,Grimma,51.235279,12.726944,2430.0,1,1,1,1,1,1,0,0,0,0,0,0,0,0,0,0,0,0,1,1,1,1,1,1,0,1,1,1,1,1,1,1,1,1,1,1,0,0,0,0,0,0,651.1,651.1,174.8,121.7,27.2,27.2,2.5,3.5,3.563,3.6958,3.932,3.932,3,3,3,3,3,3
9048,Groitzsch,51.154167,12.280833,14374.0,0,0,0,0,0,0,0,0,0,0,0,0,0,0,0,0,0,0,1,1,1,1,1,1,0,0,0,0,0,0,0,0,0,0,0,0,0,0,0,0,0,0,639.8,639.8,192.0,89.4,21.6,21.6,0.3,0.3,0.32,0.5766,0.746,0.746,1,1,1,1,1,1
9049,Grossenhain,51.291943,13.530278,2602.0,0,0,0,0,0,1,0,0,0,0,0,0,0,0,0,0,0,0,1,1,1,1,1,1,0,0,0,0,0,1,0,0,0,0,0,0,0,0,0,0,0,0,665.7,665.7,147.9,147.9,80.6,80.6,0.3,0.3,0.4302,0.4302,0.5985,3.0985,1,1,1,1,1,3
9050,Grossroehrsdorf,51.143055,14.024167,,0,0,0,0,0,0,0,0,0,0,0,0,0,0,0,0,0,0,0,0,1,1,1,1,0,0,0,0,0,0,0,0,0,0,0,0,0,0,0,0,0,0,657.3,657.3,120.7,120.7,117.0,117.0,0.0,0.0,0.4983,0.4983,0.5075,0.5075,0,0,1,1,1,1
9051,Gruenhain,50.578335,12.808333,,0,0,0,1,1,1,0,0,0,0,0,0,0,0,0,0,0,0,1,1,1,1,1,1,0,0,0,0,0,0,0,0,0,0,0,0,0,0,0,0,0,0,579.2,579.2,126.8,126.8,90.0,90.0,0.3,0.3,0.4829,1.9829,2.075,2.075,1,1,1,2,2,2
9052,Hainichen,50.968613,13.123889,,0,0,0,0,0,0,0,0,0,0,0,0,0,0,0,0,0,0,1,1,1,1,1,1,0,0,0,0,0,0,0,0,0,0,0,0,0,0,0,0,0,0,625.3,625.3,134.2,134.2,66.7,66.7,0.3,0.3,0.4645,0.4645,0.6333,0.6333,1,1,1,1,1,1
9053,Hartenstein,50.661945,12.670834,,0,0,0,0,0,0,0,0,0,0,0,0,0,0,0,0,0,0,1,1,1,1,1,1,0,0,0,0,0,0,0,0,0,0,0,0,0,0,0,0,0,0,587.3,587.3,139.6,120.3,78.2,78.2,0.3,0.3,0.451,0.4992,0.6045,0.6045,1,1,1,1,1,1
9054,Hartha,51.098057,12.973889,,0,0,0,0,0,0,0,0,0,0,0,0,0,0,0,0,0,0,1,1,1,1,1,1,0,0,0,0,0,1,0,0,0,0,0,0,0,0,0,0,0,0,638.0,638.0,151.9,136.4,49.7,49.7,0.3,0.3,0.4203,0.4591,0.6757,1.6757,1,1,1,1,1,2
9055,Heidenau,50.980835,13.863334,,0,0,0,0,0,0,0,0,0,0,0,0,0,0,0,0,0,0,0,1,1,1,1,1,0,0,0,0,0,0,0,0,0,0,0,0,0,0,0,0,0,0,637.0,637.0,106.9,106.9,106.9,106.9,0.0,0.3,0.5328,0.5328,0.5328,0.5328,0,1,1,1,1,1
9056,Herrnhut,51.015278,14.743889,,0,0,0,0,0,0,0,0,0,0,0,0,0,0,0,0,0,0,0,0,0,0,0,0,0,0,0,0,0,0,0,0,0,0,0,0,0,0,0,0,0,0,658.7,658.7,105.7,105.7,105.7,105.7,0.0,0.0,0.2359,0.2359,0.2359,0.2359,0,0,0,0,0,0
9057,Hohenstein-Ernstthal,50.800835,12.713056,,0,0,0,0,0,0,0,0,0,0,0,0,0,0,0,0,0,0,0,0,0,0,0,1,0,0,0,0,0,0,0,0,0,0,0,0,0,0,0,0,0,0,603.0,603.0,144.7,119.5,64.5,64.5,0.0,0.0,0.1384,0.2012,0.3389,0.6389,0,0,0,0,0,1
9058,Hohnstein,50.979443,14.110556,,0,0,0,0,0,0,0,0,0,0,0,0,0,0,0,0,0,0,1,1,1,1,1,1,0,0,0,0,0,0,0,0,0,0,0,0,0,0,0,0,0,0,641.3,641.3,101.6,101.6,101.6,101.6,0.3,0.3,0.546,0.546,0.546,0.546,1,1,1,1,1,1
9059,Joehstadt,50.514168,13.089723,,0,0,0,0,0,0,0,0,0,0,0,0,0,0,0,0,0,0,0,0,0,1,1,1,0,0,0,0,0,0,0,0,0,0,0,0,0,0,0,0,0,0,575.0,575.0,105.8,105.8,104.6,104.6,0.0,0.0,0.2355,0.5355,0.5384,0.5384,0,0,0,1,1,1
9060,Johanngeorgenstadt,50.429443,12.721666,,0,0,0,0,0,0,0,0,0,0,0,0,0,0,0,0,0,0,0,0,0,0,0,0,0,0,0,0,0,0,0,0,0,0,0,0,0,0,0,0,0,0,562.0,562.0,126.7,126.7,104.1,104.1,0.0,0.0,0.1833,0.1833,0.2397,0.2397,0,0,0,0,0,0
9061,Kamenz,51.270557,14.098056,3515.0,0,0,0,0,0,0,0,0,0,0,0,0,0,0,0,0,0,0,1,1,1,1,1,1,0,0,0,0,0,0,0,0,0,0,0,0,0,0,0,0,0,0,672.3,672.3,133.5,133.5,120.2,120.2,0.3,0.3,0.4662,0.4662,0.4996,0.4996,1,1,1,1,1,1
9062,Kirchberg (Sachsen),50.622776,12.525833,,0,0,0,0,0,0,0,0,0,0,0,0,0,0,0,0,0,0,1,1,1,1,1,1,0,0,0,0,0,0,0,0,0,0,0,0,0,0,0,0,0,0,582.0,582.0,147.1,112.1,80.4,80.4,0.3,0.3,0.4324,0.5197,0.5989,0.5989,1,1,1,1,1,1
9063,Klingental,50.358612,12.469722,,0,0,0,0,0,0,0,0,0,0,0,0,0,0,0,0,0,0,0,0,0,0,0,0,0,0,0,0,0,0,0,0,0,0,0,0,0,0,0,0,0,0,552.4,552.4,142.1,122.5,109.3,109.3,0.0,0.0,0.1448,0.1937,0.2267,0.2267,0,0,0,0,0,0
9064,Klotzsche,51.116112,13.780278,,0,0,0,0,0,0,0,0,0,0,0,0,0,0,0,0,0,0,1,1,1,1,1,1,0,0,0,0,0,0,0,0,0,0,0,0,0,0,0,0,0,0,650.2,650.2,123.0,123.0,101.1,101.1,0.3,0.3,0.4925,0.4925,0.5473,0.5473,1,1,1,1,1,1
9065,Koenigsbrueck,51.264446,13.904445,3914.0,0,0,0,0,0,0,0,0,0,0,0,0,0,0,0,0,0,0,1,1,1,1,1,1,0,0,0,0,0,0,0,0,0,0,0,0,0,0,0,0,0,0,668.3,668.3,135.8,135.8,106.8,106.8,0.3,0.3,0.4604,0.4604,0.533,0.533,1,1,1,1,1,1
9066,Koenigstein (Saechsische Schweiz),50.916943,14.073611,,0,0,0,1,1,1,0,0,0,0,0,0,0,0,0,0,0,0,1,1,1,1,1,1,0,0,0,0,0,0,0,0,0,0,0,0,0,0,0,0,0,0,633.9,633.9,95.5,95.5,95.5,95.5,0.3,0.3,0.5614,2.0614,2.0614,2.0614,1,1,1,2,2,2
9067,Kohren-Sahlis,51.016945,12.605,,0,0,0,0,0,1,0,0,0,0,0,0,0,0,0,0,0,0,1,1,1,1,1,1,0,0,0,0,0,0,0,0,0,0,0,0,0,0,0,0,0,0,626.2,626.2,164.8,110.1,39.4,39.4,0.3,0.3,0.3881,0.5247,0.7016,2.2016,1,1,1,1,1,2
9068,Lauenstein,50.783611,13.822778,4282.0,0,0,0,0,0,1,0,0,0,0,0,0,0,0,0,0,0,0,1,1,1,1,1,1,0,0,0,0,0,0,0,0,0,0,0,0,0,0,0,0,0,0,615.0,615.0,88.3,88.3,88.3,88.3,0.3,0.3,0.5794,0.5794,0.5794,2.0794,1,1,1,1,1,2
9069,Bad Lausick,51.142776,12.638889,,0,0,0,1,1,1,0,0,0,0,0,0,0,0,0,0,0,0,1,1,1,1,1,1,0,0,0,0,0,0,0,0,0,0,0,0,0,0,0,0,0,0,640.3,640.3,172.0,113.7,28.7,28.7,0.3,0.3,0.37,2.0157,2.2283,2.2283,1,1,1,2,2,2
9070,Leipzig,51.340557,12.375,4337.0,1,1,1,1,1,1,0,0,0,0,0,0,0,0,0,0,0,0,1,1,1,1,1,1,0,0,0,1,1,1,1,1,1,1,1,1,0,0,0,0,0,0,660.8,660.8,200.4,101.9,0.2,0.2,2.5,2.5,2.5,3.7453,3.9996,3.9996,3,3,3,3,3,3
9071,Leisnig,51.159168,12.926389,4339.0,0,0,0,0,0,0,0,0,0,0,0,0,0,0,0,0,0,0,1,1,1,1,1,1,0,0,0,0,1,1,0,0,0,0,0,0,0,0,0,0,0,0,644.3,644.3,159.1,133.8,43.4,43.4,0.3,0.3,0.4022,0.4654,1.6914,1.6914,1,1,1,1,2,2
9072,Lengefeld i. Erzgeb.,50.720001,13.1925,,0,0,0,0,0,0,0,0,0,0,0,0,0,0,0,0,0,0,0,0,0,1,1,1,0,0,0,0,0,0,0,0,0,0,0,0,0,0,0,0,0,0,598.8,598.8,111.9,111.9,89.6,89.6,0.0,0.0,0.2201,0.5201,0.576,0.576,0,0,0,1,1,1
9073,Lengenfeld i. V.,50.569721,12.364445,,0,0,0,0,0,0,0,0,0,0,0,0,0,0,0,0,0,0,1,1,1,1,1,1,0,0,0,0,0,0,0,0,0,0,0,0,0,0,0,0,0,0,575.2,575.2,155.5,104.1,85.6,85.6,0.3,0.3,0.4111,0.5398,0.5859,0.5859,1,1,1,1,1,1
9074,Lichtenstein,50.756111,12.630834,4424.0,0,0,0,0,1,1,0,0,0,0,0,0,0,0,0,0,0,0,0,1,1,1,1,1,0,0,0,0,0,0,0,0,0,0,0,0,0,0,0,0,0,0,597.5,597.5,147.0,114.8,67.3,67.3,0.0,0.3,0.4324,0.5129,2.1316,2.1316,0,1,1,1,2,2
9075,Liebstadt,50.863335,13.856389,,0,0,0,0,0,0,0,0,0,0,0,0,0,0,0,0,0,0,0,1,1,1,1,1,0,0,0,0,0,0,0,0,0,0,0,0,0,0,0,0,0,0,624.2,624.2,95.1,95.1,95.1,95.1,0.0,0.3,0.5623,0.5623,0.5623,0.5623,0,1,1,1,1,1
9076,Limbach,50.582222,12.251389,,0,0,0,0,0,0,0,0,0,0,0,0,0,0,0,0,0,0,0,0,0,0,1,1,0,0,0,0,0,0,0,0,0,0,0,0,0,0,0,0,0,0,576.2,576.2,163.5,96.4,84.7,84.7,0.0,0.0,0.0912,0.2591,0.5884,0.5884,0,0,0,0,1,1
9077,Loebau,51.09639,14.664166,4523.0,1,1,1,1,1,1,0,0,0,0,0,0,0,0,0,0,0,0,1,1,1,1,1,1,0,0,0,0,0,0,0,0,0,0,0,0,0,0,0,0,0,0,665.3,665.3,113.5,113.5,113.5,113.5,1.8,1.8,2.0163,2.0163,2.0163,2.0163,2,2,2,2,2,2
9078,Loessnitz,50.622501,12.731667,,0,1,1,1,1,1,0,0,0,0,0,0,0,0,0,0,0,0,1,1,1,1,1,1,0,0,0,0,0,0,0,0,0,0,0,0,0,0,0,0,0,0,583.4,583.4,133.8,125.8,83.6,83.6,0.3,1.8,1.9654,1.9855,2.091,2.091,1,2,2,2,2,2
9079,Lommatzsch,51.196388,13.308611,17900.0,0,0,0,0,0,0,0,0,0,0,0,0,0,0,0,0,0,0,1,1,1,1,1,1,0,0,0,0,0,0,0,0,0,0,0,0,0,0,0,0,0,0,652.4,652.4,146.2,146.2,67.0,67.0,0.3,0.3,0.4346,0.4346,0.6325,0.6325,1,1,1,1,1,1
9080,Lugau,50.740555,12.746388,,0,0,0,0,0,0,0,0,0,0,0,0,0,0,0,0,0,0,0,0,0,0,1,1,0,0,0,0,0,0,0,0,0,0,0,0,0,0,0,0,0,0,596.6,596.6,139.1,123.2,71.6,71.6,0.0,0.0,0.1522,0.1921,0.6211,0.6211,0,0,0,0,1,1
9081,Lunzenau,50.959721,12.753889,,0,0,0,0,0,0,0,0,0,0,0,0,0,0,0,0,0,0,0,0,1,1,1,1,0,0,0,0,0,0,0,0,0,0,0,0,0,0,0,0,0,0,620.9,620.9,152.6,120.5,49.9,49.9,0.0,0.0,0.4184,0.4987,0.6752,0.6752,0,0,1,1,1,1
9082,Marienberg i. S.,50.65139,13.159722,4753.0,0,0,0,0,0,0,0,0,0,0,0,0,0,0,0,0,0,0,0,0,0,0,0,0,0,0,0,0,0,0,0,0,0,0,0,0,0,0,0,0,0,0,590.9,590.9,109.3,109.3,94.3,94.3,0.0,0.0,0.2268,0.2268,0.2643,0.2643,0,0,0,0,0,0
9083,Markkleeberg,51.279999,12.374444,,0,0,0,0,0,0,0,0,0,0,0,0,0,0,0,0,0,0,1,1,1,1,1,1,0,0,0,0,0,0,0,0,0,0,0,0,0,0,0,0,0,0,654.1,654.1,195.9,99.4,6.6,6.6,0.3,0.3,0.3103,0.5514,0.7834,0.7834,1,1,1,1,1,1
9084,Markneukirchen,50.311668,12.327778,,0,0,1,1,1,1,0,0,0,0,0,0,0,0,0,0,0,0,0,1,1,1,1,1,0,0,0,0,0,0,0,0,0,0,0,0,0,0,0,0,0,0,546.4,546.4,151.1,117.6,114.4,114.4,0.0,0.3,1.9223,2.0059,2.0141,2.0141,0,1,2,2,2,2
9085,Markranstaedt,51.301109,12.22,4779.0,0,0,0,0,0,0,0,0,0,0,0,0,0,0,0,0,0,0,0,0,1,1,1,1,0,0,0,0,0,0,0,0,0,0,0,0,0,0,0,0,0,0,655.9,655.9,205.5,90.3,11.5,11.5,0.0,0.0,0.3,0.5744,0.7713,0.7713,0,0,1,1,1,1
9086,Meerane,50.849167,12.463889,4827.0,0,0,0,0,0,0,0,0,0,0,0,0,0,0,0,0,0,0,1,1,1,1,1,1,0,0,0,0,0,0,0,0,0,0,0,0,0,0,0,0,0,0,606.7,606.7,162.4,101.4,54.9,54.9,0.3,0.3,0.3941,0.5466,0.6627,0.6627,1,1,1,1,1,1
9087,Meissen,51.159721,13.468611,4853.0,0,0,0,0,0,0,0,0,0,0,0,0,0,0,0,0,0,0,1,1,1,1,1,1,0,0,1,1,1,1,0,0,0,0,0,0,0,0,0,0,0,0,650.4,650.4,136.9,136.9,78.8,78.8,0.3,0.3,1.4578,1.4578,1.6029,1.6029,1,1,2,2,2,2
9088,Mittweida,50.986668,12.975833,,0,0,0,0,0,0,0,0,0,0,0,0,0,0,0,0,0,0,1,1,1,1,1,1,0,0,0,0,0,1,0,0,0,0,0,0,0,0,0,0,0,0,625.8,625.8,142.9,136.0,57.5,57.5,0.3,0.3,0.4426,0.46,0.6562,1.6562,1,1,1,1,1,2
9089,Muegeln,51.236668,13.045834,,0,0,0,0,0,0,0,0,0,0,0,0,0,0,0,0,0,0,1,1,1,1,1,1,0,0,0,0,0,0,0,0,0,0,0,0,0,0,0,0,0,0,654.0,654.0,160.4,143.4,48.2,48.2,0.3,0.3,0.399,0.4414,0.6796,0.6796,1,1,1,1,1,1
9090,Muehltroff,50.540833,11.93,17542.0,0,0,1,1,1,1,0,0,0,0,0,0,0,0,0,0,0,0,1,1,1,1,1,1,0,0,0,0,0,0,0,0,0,0,0,0,0,0,0,0,0,0,570.9,570.9,183.9,79.7,79.7,79.7,0.3,0.3,1.8402,2.1007,2.1007,2.1007,1,1,2,2,2,2
9091,Mutzschen,51.260555,12.887222,,0,0,0,0,0,1,0,0,0,0,0,0,0,0,0,0,0,0,1,1,1,1,1,1,0,0,0,0,0,0,0,0,0,0,0,0,0,0,0,0,0,0,655.2,655.2,169.4,133.2,36.8,36.8,0.3,0.3,0.3765,0.4671,0.708,2.208,1,1,1,1,1,2
9092,Mylau,50.618889,12.261945,5127.0,0,0,1,1,1,1,0,0,0,0,0,0,0,0,0,0,0,0,1,1,1,1,1,1,0,0,0,0,0,0,0,0,0,0,0,0,0,0,0,0,0,0,580.3,580.3,164.2,95.2,80.5,80.5,0.3,0.3,1.8895,2.062,2.0987,2.0987,1,1,2,2,2,2
9093,Naunhof,51.275276,12.593611,5168.0,0,0,0,0,0,0,0,0,0,0,0,0,0,0,0,0,0,0,1,1,1,1,1,1,0,0,0,0,0,0,0,0,0,0,0,0,0,0,0,0,0,0,654.7,654.7,184.5,113.8,16.9,16.9,0.3,0.3,0.3389,0.5155,0.7577,0.7577,1,1,1,1,1,1
9094,Nerchau,51.269444,12.789444,,0,0,0,0,0,0,0,0,0,0,0,0,0,0,0,0,0,0,1,1,1,1,1,1,0,0,0,0,0,0,0,0,0,0,0,0,0,0,0,0,0,0,655.4,655.4,174.6,126.8,30.0,30.0,0.3,0.3,0.3634,0.483,0.7251,0.7251,1,1,1,1,1,1
9095,Netzschkau,50.612499,12.248055,,0,0,0,0,0,0,0,0,0,0,0,0,0,0,0,0,0,0,1,1,1,1,1,1,0,0,0,0,0,0,0,0,0,0,0,0,0,0,0,0,0,0,579.5,579.5,164.9,94.6,81.3,81.3,0.3,0.3,0.3878,0.5634,0.5967,0.5967,1,1,1,1,1,1
9096,Neugersdorf,50.980278,14.61,,0,0,0,0,0,0,0,0,0,0,0,0,0,0,0,0,0,0,0,0,1,1,1,1,0,0,0,0,0,0,0,0,0,0,0,0,0,0,0,0,0,0,651.9,651.9,100.2,100.2,100.2,100.2,0.0,0.0,0.5496,0.5496,0.5496,0.5496,0,0,1,1,1,1
9097,Neusalza-Spremberg,51.037224,14.531389,,0,0,0,0,0,0,0,0,0,0,0,0,0,0,0,0,0,0,1,1,1,1,1,1,0,0,0,0,0,0,0,0,0,0,0,0,0,0,0,0,0,0,656.1,656.1,105.9,105.9,105.9,105.9,0.3,0.3,0.5353,0.5353,0.5353,0.5353,1,1,1,1,1,1
9098,Neustadt in Sachsen,51.025555,14.215,,0,0,0,0,0,0,0,0,0,0,0,0,0,0,0,0,0,0,0,0,1,1,1,1,0,0,0,0,0,0,0,0,0,0,0,0,0,0,0,0,0,0,648.3,648.3,105.3,105.3,105.3,105.3,0.0,0.0,0.5367,0.5367,0.5367,0.5367,0,0,1,1,1,1
9099,Neustaedtel in Sachsen,50.583889,12.6325,,0,0,0,0,0,1,0,0,0,0,0,0,0,0,0,0,0,0,1,1,1,1,1,1,0,0,0,0,0,0,0,0,0,0,0,0,0,0,0,0,0,0,578.4,578.4,138.4,120.7,86.0,86.0,0.3,0.3,0.4539,0.4982,0.585,2.085,1,1,1,1,1,2
9100,Nossen,51.058613,13.299444,,0,0,0,0,0,0,0,0,0,0,0,0,0,0,0,0,0,0,1,1,1,1,1,1,0,0,0,0,0,0,0,0,0,0,0,0,0,0,0,0,0,0,637.2,637.2,133.9,133.9,71.7,71.7,0.3,0.3,0.4652,0.4652,0.6207,0.6207,1,1,1,1,1,1
9101,Oberfrohna,50.858334,12.766945,,0,0,0,0,0,0,0,0,0,0,0,0,0,0,0,0,0,0,0,0,0,0,0,0,0,0,0,0,0,0,0,0,0,0,0,0,0,0,0,0,0,0,609.8,609.8,145.1,122.3,60.2,60.2,0.0,0.0,0.1373,0.1943,0.3496,0.3496,0,0,0,0,0,0
9102,Oberlungwitz,50.786945,12.721945,,0,0,0,0,0,0,0,0,0,0,0,0,0,0,0,0,0,0,1,1,1,1,1,1,0,0,0,0,0,0,0,0,0,0,0,0,0,0,0,0,0,0,601.5,601.5,143.3,120.4,66.1,66.1,0.3,0.3,0.4418,0.499,0.6347,0.6347,1,1,1,1,1,1
9103,Kurort Oberwiesenthal,50.419167,12.968889,,0,0,0,0,0,0,0,0,0,0,0,0,0,0,0,0,0,0,0,0,0,0,0,0,0,0,0,0,0,0,0,0,0,0,0,0,0,0,0,0,0,0,563.3,563.3,109.7,109.7,109.7,109.7,0.0,0.0,0.2259,0.2259,0.2259,0.2259,0,0,0,0,0,0
9104,Oederan,50.859444,13.167222,5582.0,0,1,1,1,1,1,0,0,0,0,0,0,0,0,0,0,0,0,1,1,1,1,1,1,0,0,0,0,0,0,0,0,0,0,0,0,0,0,0,0,0,0,613.8,613.8,123.5,123.5,77.0,77.0,0.3,1.8,1.9913,1.9913,2.1075,2.1075,1,2,2,2,2,2
9105,Oelsnitz i. Erzgeb.,50.724167,12.705833,,0,0,0,0,0,0,0,0,0,0,0,0,0,0,0,0,0,0,1,1,1,1,1,1,0,0,0,0,0,0,0,0,0,0,0,0,0,0,0,0,0,0,594.5,594.5,140.7,120.8,72.3,72.3,0.3,0.3,0.4483,0.498,0.6193,0.6193,1,1,1,1,1,1
9106,Oelsnitz i. V.,50.416943,12.175,5591.0,0,0,1,1,1,1,0,0,0,0,0,0,0,0,0,0,0,0,1,1,1,1,1,1,0,0,0,0,0,0,0,0,0,0,0,0,0,0,0,0,0,0,557.6,557.6,163.9,101.8,101.8,101.8,0.3,0.3,1.8904,2.0454,2.0454,2.0454,1,1,2,2,2,2
9107,Olbernhau,50.659168,13.339167,,0,0,0,0,0,0,0,0,0,0,0,0,0,0,0,0,0,0,0,0,1,1,1,1,0,0,0,0,0,0,0,0,0,0,0,0,0,0,0,0,0,0,594.1,594.1,99.7,99.7,99.7,99.7,0.0,0.0,0.5509,0.5509,0.5509,0.5509,0,0,1,1,1,1
9108,Oschatz,51.297222,13.109167,5692.0,0,0,0,0,0,0,0,0,0,0,0,0,0,0,0,0,0,0,1,1,1,1,1,1,0,0,0,0,0,0,0,0,0,0,0,0,0,0,0,0,0,0,661.3,661.3,163.2,149.1,51.4,51.4,0.3,0.3,0.392,0.4272,0.6716,0.6716,1,1,1,1,1,1
9109,Ostritz,51.013889,14.931111,5745.0,0,0,0,0,0,0,0,0,0,0,0,0,0,0,0,0,0,0,1,1,1,1,1,1,0,0,1,1,1,1,0,0,0,0,0,0,0,0,0,0,0,0,663.1,663.1,109.1,109.1,109.1,109.1,0.3,0.3,1.5272,1.5272,1.5272,1.5272,1,1,2,2,2,2
9110,Pausa,50.580555,11.996944,12692.0,0,0,0,0,0,0,0,0,0,0,0,0,0,0,0,0,0,0,1,1,1,1,1,1,0,0,0,0,0,0,0,0,0,0,0,0,0,0,0,0,0,0,575.4,575.4,180.6,81.0,81.0,81.0,0.3,0.3,0.3485,0.5976,0.5976,0.5976,1,1,1,1,1,1
9111,Pegau,51.1675,12.2475,5867.0,0,0,0,0,0,0,0,0,0,0,0,0,0,0,0,0,0,0,1,1,1,1,1,1,0,0,0,0,0,0,0,0,0,0,0,0,0,0,0,0,0,0,641.2,641.2,194.8,87.4,21.0,21.0,0.3,0.3,0.3131,0.5814,0.7474,0.7474,1,1,1,1,1,1
9112,Penig,50.933334,12.705833,5877.0,0,0,1,1,1,1,0,0,0,0,0,0,0,0,0,0,0,0,0,0,1,1,1,1,0,0,0,1,1,1,0,0,0,0,0,0,0,0,0,0,0,0,617.6,617.6,153.5,117.3,50.8,50.8,0.0,0.0,1.9163,3.0068,3.173,3.173,0,0,2,3,3,3
9113,Pirna,50.960556,13.938889,5949.0,1,1,1,1,1,1,0,0,0,0,0,0,0,0,0,0,0,0,1,1,1,1,1,1,0,0,0,1,1,1,0,0,0,0,0,0,0,0,0,0,0,0,636.1,636.1,102.9,102.9,102.9,102.9,1.8,1.8,2.0428,3.0428,3.0428,3.0428,2,2,2,3,3,3
9114,Planitz,50.679722,12.476111,,0,0,0,0,0,0,0,0,0,0,0,0,0,0,0,0,0,0,1,1,1,1,1,1,0,0,0,0,0,0,0,0,0,0,0,0,0,0,0,0,0,0,588.0,588.0,152.8,106.7,73.7,73.7,0.3,0.3,0.4179,0.5333,0.6157,0.6157,1,1,1,1,1,1
9115,Plauen,50.495834,12.135278,5972.0,0,0,0,0,0,0,0,0,0,0,0,0,0,0,0,0,0,0,1,1,1,1,1,1,0,0,0,1,1,1,0,0,0,0,0,0,0,0,0,0,0,0,566.2,566.2,168.6,94.3,94.3,94.3,0.3,0.3,0.3784,1.5641,1.5641,1.5641,1,1,1,2,2,2
9116,Pulsnitz,51.18222,14.014722,17352.0,0,0,0,1,1,1,0,0,0,0,0,0,0,0,0,0,0,0,1,1,1,1,1,1,0,0,0,0,0,1,0,0,0,0,0,0,0,0,0,0,0,0,661.3,661.3,125.1,125.1,115.6,115.6,0.3,0.3,0.4873,1.9873,2.0111,3.0111,1,1,1,2,2,3
9117,Rabenau,50.965279,13.641945,,0,0,0,0,0,0,0,0,0,0,0,0,0,0,0,0,0,0,1,1,1,1,1,1,0,0,0,0,0,0,0,0,0,0,0,0,0,0,0,0,0,0,631.7,631.7,112.1,112.1,97.8,97.8,0.3,0.3,0.5198,0.5198,0.5555,0.5555,1,1,1,1,1,1
9118,Radeberg,51.11639,13.921945,17346.0,0,0,0,0,0,0,0,0,0,0,0,0,0,0,0,0,0,0,1,1,1,1,1,1,0,0,0,0,0,0,0,0,0,0,0,0,0,0,0,0,0,0,652.6,652.6,119.7,119.7,110.7,110.7,0.3,0.3,0.5007,0.5007,0.5233,0.5233,1,1,1,1,1,1
9119,Radebeul,51.105835,13.659166,,0,0,0,0,0,0,0,0,0,0,0,0,0,0,0,0,0,0,1,1,1,1,1,1,0,0,0,0,0,0,0,0,0,0,0,0,0,0,0,0,0,0,647.3,647.3,125.4,125.4,93.3,93.3,0.3,0.3,0.4866,0.4866,0.5668,0.5668,1,1,1,1,1,1
9120,Radeburg,51.215279,13.723611,6215.0,0,0,0,0,0,0,0,0,0,0,0,0,0,0,0,0,0,0,1,1,1,1,1,1,0,0,0,0,0,0,0,0,0,0,0,0,0,0,0,0,0,0,660.1,660.1,134.7,134.7,95.0,95.0,0.3,0.3,0.4632,0.4632,0.5626,0.5626,1,1,1,1,1,1
9121,Regis-Breitingen,51.087776,12.434167,,0,0,0,0,0,0,0,0,0,0,0,0,0,0,0,0,0,0,1,1,1,1,1,1,0,0,0,0,0,0,0,0,0,0,0,0,0,0,0,0,0,0,633.0,633.0,179.0,98.7,28.3,28.3,0.3,0.3,0.3524,0.5532,0.7292,0.7292,1,1,1,1,1,1
9122,Reichenbach i. V.,50.621666,12.302778,6331.0,0,0,0,1,1,1,0,0,0,0,0,0,0,0,0,0,0,0,1,1,1,1,1,1,0,0,0,0,0,0,1,1,1,1,1,1,0,0,0,0,0,0,580.7,580.7,161.6,97.7,80.0,80.0,1.0,1.0,1.096,2.7558,2.8,2.8,1,1,1,3,3,3
9123,Riesa,51.302502,13.304444,6416.0,0,0,0,0,0,0,0,0,0,0,0,0,0,0,0,0,0,0,1,1,1,1,1,1,0,0,0,0,0,0,0,0,0,0,0,0,0,0,0,0,0,0,664.0,664.0,156.3,156.3,64.9,64.9,0.3,0.3,0.4092,0.4092,0.6379,0.6379,1,1,1,1,1,1
9124,Rochlitz,51.045555,12.795834,,0,0,0,0,0,0,0,0,0,0,0,0,0,0,0,0,0,0,1,1,1,1,1,1,0,0,0,0,1,1,0,0,0,0,0,0,0,0,0,0,0,0,630.7,630.7,156.6,123.6,44.0,44.0,0.3,0.3,0.4085,0.4911,1.69,1.69,1,1,1,1,2,2
9125,Rodewisch,50.530834,12.406389,,0,0,0,0,0,0,0,0,0,0,0,0,0,0,0,0,0,0,0,0,0,0,1,1,0,0,0,0,0,0,0,0,0,0,0,0,0,0,0,0,0,0,571.1,571.1,151.3,108.7,90.0,90.0,0.0,0.0,0.1216,0.2282,0.5751,0.5751,0,0,0,0,1,1
9126,Roetha,51.197777,12.415,11290.0,0,0,0,0,0,0,0,0,0,0,0,0,0,0,0,0,0,0,0,1,1,1,1,1,0,0,0,0,0,0,0,0,0,0,0,0,0,0,0,0,0,0,645.2,645.2,187.8,99.6,16.0,16.0,0.0,0.3,0.3306,0.5511,0.7599,0.7599,0,1,1,1,1,1
9127,Rosswein,51.065556,13.1825,6544.0,0,0,0,0,0,0,0,0,0,0,0,0,0,0,0,0,0,0,1,1,1,1,1,1,0,0,0,0,0,0,0,0,0,0,0,0,0,0,0,0,0,0,636.6,636.6,139.6,139.6,64.1,64.1,0.3,0.3,0.4511,0.4511,0.6397,0.6397,1,1,1,1,1,1
9128,Sayda,50.711113,13.423056,6787.0,0,0,0,0,1,1,0,0,0,0,0,0,0,0,0,0,0,0,1,1,1,1,1,1,0,0,0,0,0,0,0,0,0,0,0,0,0,0,0,0,0,0,600.9,600.9,99.1,99.1,99.1,99.1,0.3,0.3,0.5523,0.5523,2.0523,2.0523,1,1,1,1,2,2
9129,Bad Schandau,50.917221,14.154445,17995.0,0,0,0,0,0,0,0,0,0,0,0,0,0,0,0,0,0,0,0,0,0,1,1,1,0,0,0,0,0,0,0,0,0,0,0,0,0,0,0,0,0,0,635.5,635.5,94.2,94.2,94.2,94.2,0.0,0.0,0.2646,0.5646,0.5646,0.5646,0,0,0,1,1,1
9130,Scheibenberg,50.541111,12.9125,,0,0,0,0,0,0,0,0,0,0,0,0,0,0,0,0,0,0,0,0,0,0,1,1,0,0,0,0,0,0,0,0,0,0,0,0,0,0,0,0,0,0,576.1,576.1,118.4,118.4,96.5,96.5,0.0,0.0,0.204,0.204,0.5587,0.5587,0,0,0,0,1,1
9131,Schirgiswalde,51.077221,14.430833,,0,0,0,0,0,0,0,0,0,0,0,0,0,0,0,0,0,0,0,0,1,1,1,1,0,0,0,0,0,0,0,0,0,0,0,0,0,0,0,0,0,0,658.2,658.2,110.1,110.1,110.1,110.1,0.0,0.0,0.5249,0.5249,0.5249,0.5249,0,0,1,1,1,1
9132,Schlettau,50.559166,12.951944,,0,0,0,0,1,1,0,0,0,0,0,0,0,0,0,0,0,0,1,1,1,1,1,1,0,0,0,0,0,0,0,0,0,0,0,0,0,0,0,0,0,0,578.5,578.5,116.8,116.8,95.8,95.8,0.3,0.3,0.5081,0.5081,2.0605,2.0605,1,1,1,1,2,2
9133,Schneeberg,50.595001,12.640555,,0,0,0,0,0,1,0,0,0,0,0,0,0,0,0,0,0,0,0,0,0,0,0,1,0,0,0,0,0,0,0,0,0,0,0,0,0,0,0,0,0,0,579.7,579.7,138.4,120.8,84.9,84.9,0.0,0.0,0.154,0.198,0.2878,2.0878,0,0,0,0,0,2
9134,Schoeneck,50.394722,12.331111,,0,0,0,0,0,0,0,0,0,0,0,0,0,0,0,0,0,0,1,1,1,1,1,1,0,0,0,0,0,0,0,0,0,0,0,0,0,0,0,0,0,0,555.7,555.7,152.5,112.2,105.1,105.1,0.3,0.3,0.4187,0.5196,0.5372,0.5372,1,1,1,1,1,1
9135,Schwarzenberg i. Erzgeb.,50.537777,12.784722,,0,1,1,1,1,1,0,0,0,0,0,0,0,0,0,0,0,0,1,1,1,1,1,1,0,0,0,0,0,0,0,0,0,0,0,0,0,0,0,0,0,0,574.5,574.5,126.5,126.5,93.7,93.7,0.3,1.8,1.9836,1.9836,2.0657,2.0657,1,2,2,2,2,2
9136,Sebnitz,50.972778,14.269167,,0,0,0,0,0,0,0,0,0,0,0,0,0,0,0,0,0,0,1,1,1,1,1,1,0,0,0,0,0,0,0,0,0,0,0,0,0,0,0,0,0,0,643.7,643.7,99.0,99.0,99.0,99.0,0.3,0.3,0.5524,0.5524,0.5524,0.5524,1,1,1,1,1,1
9137,Siebenlehn,51.029167,13.306666,,0,0,0,0,0,0,0,0,0,0,0,0,0,0,0,0,0,0,0,0,1,1,1,1,0,0,0,0,0,0,0,0,0,0,0,0,0,0,0,0,0,0,634.1,634.1,131.0,131.0,73.7,73.7,0.0,0.0,0.4725,0.4725,0.6158,0.6158,0,0,1,1,1,1
9138,Siegmar-Schoenau,50.812222,12.828333,,0,0,0,0,0,0,0,0,0,0,0,0,0,0,0,0,0,0,0,1,1,1,1,1,0,0,0,0,0,0,0,0,0,0,0,0,0,0,0,0,0,0,605.2,605.2,138.6,127.3,66.7,66.7,0.0,0.3,0.4535,0.4818,0.6332,0.6332,0,1,1,1,1,1
9139,Stollberg,50.708057,12.779722,,0,0,0,0,0,0,0,0,0,0,0,0,0,0,0,0,0,0,1,1,1,1,1,1,0,0,0,0,0,0,0,0,0,0,0,0,0,0,0,0,0,0,593.3,593.3,135.3,126.3,75.8,75.8,0.3,0.3,0.4618,0.4843,0.6106,0.6106,1,1,1,1,1,1
9140,Stolpen,51.048332,14.078889,,0,0,0,0,0,0,0,0,0,0,0,0,0,0,0,0,0,0,1,1,1,1,1,1,0,0,0,1,1,1,0,0,0,0,0,0,0,0,0,0,0,0,648.1,648.1,109.5,109.5,109.5,109.5,0.3,0.3,0.5261,1.5261,1.5261,1.5261,1,1,1,2,2,2
9141,Strehla,51.352501,13.225555,7480.0,0,0,0,0,0,0,0,0,0,0,0,0,0,0,0,0,0,0,1,1,1,1,1,1,0,0,0,0,0,0,0,0,0,0,0,0,0,0,0,0,0,0,668.6,668.6,163.9,158.4,59.2,59.2,0.3,0.3,0.3902,0.4039,0.6519,0.6519,1,1,1,1,1,1
9142,Taucha,51.381668,12.501667,7626.0,1,1,1,1,1,1,0,0,0,0,0,0,0,0,0,0,0,0,1,1,1,1,1,1,0,0,0,0,0,0,1,1,1,1,1,1,0,0,0,0,0,0,666.0,666.0,197.4,111.8,10.1,10.1,2.5,2.5,2.5066,2.7206,2.9748,2.9748,3,3,3,3,3,3
9143,Thalheim i. Erzgeb.,50.700832,12.849722,,0,0,0,0,0,0,0,0,0,0,0,0,0,0,0,0,0,0,0,0,0,0,1,1,0,0,0,0,0,0,0,0,0,0,0,0,0,0,0,0,0,0,593.1,593.1,130.6,130.6,78.5,78.5,0.0,0.0,0.1734,0.1734,0.6038,0.6038,0,0,0,0,1,1
9144,Tharandt,50.985832,13.580833,,0,0,0,0,0,0,0,0,0,0,0,0,0,0,0,0,0,0,1,1,1,1,1,1,0,0,0,0,0,0,0,0,0,0,0,0,0,0,0,0,0,0,633.1,633.1,116.2,116.2,93.0,93.0,0.3,0.3,0.5095,0.5095,0.5676,0.5676,1,1,1,1,1,1
9145,Thum,50.670277,12.951111,,0,0,0,0,0,0,0,0,0,0,0,0,0,0,0,0,0,0,0,0,1,1,1,1,0,0,0,0,0,0,0,0,0,0,0,0,0,0,0,0,0,0,590.7,590.7,122.8,122.8,84.7,84.7,0.0,0.0,0.4931,0.4931,0.5882,0.5882,0,0,1,1,1,1
9146,Trebsen,51.288887,12.754723,,0,0,0,0,0,0,0,0,0,0,0,0,0,0,0,0,0,0,1,1,1,1,1,1,0,0,0,0,0,0,0,0,0,0,0,0,0,0,0,0,0,0,657.3,657.3,177.8,125.0,27.1,27.1,0.3,0.3,0.3554,0.4875,0.7322,0.7322,1,1,1,1,1,1
9147,Treuen i. V.,50.5425,12.307222,,0,0,0,1,1,1,0,0,0,0,0,0,0,0,0,0,0,0,1,1,1,1,1,1,0,0,0,0,0,0,0,0,0,0,0,0,0,0,0,0,0,0,572.0,572.0,158.4,101.9,88.8,88.8,0.3,0.3,0.404,2.0452,2.0781,2.0781,1,1,1,2,2,2
9148,Unterwiesenthal,50.444721,13.011666,,0,0,0,0,0,0,0,0,0,0,0,0,0,0,0,0,0,0,0,1,1,1,1,1,0,0,0,0,0,0,0,0,0,0,0,0,0,0,0,0,0,0,566.5,566.5,107.8,107.8,107.8,107.8,0.0,0.3,0.5305,0.5305,0.5305,0.5305,0,1,1,1,1,1
9149,Waldenburg i. Sachsen,50.874443,12.602777,,0,0,0,0,0,0,0,0,0,0,0,0,0,0,0,0,0,0,1,1,1,1,1,1,0,0,0,0,0,0,0,0,0,0,0,0,0,0,0,0,0,0,610.4,610.4,155.6,110.6,54.2,54.2,0.3,0.3,0.411,0.5234,0.6646,0.6646,1,1,1,1,1,1
9150,Waldheim,51.072777,13.017777,,0,0,0,0,0,0,0,0,0,0,0,0,0,0,0,0,0,0,1,1,1,1,1,1,0,0,0,0,0,0,0,0,0,0,0,0,0,0,0,0,0,0,635.7,635.7,147.7,139.2,53.8,53.8,0.3,0.3,0.4307,0.452,0.6654,0.6654,1,1,1,1,1,1
9151,Wehlen,50.957222,14.033611,,0,0,0,0,0,0,0,0,0,0,0,0,0,0,0,0,0,0,1,1,1,1,1,1,0,0,0,0,0,0,0,0,0,0,0,0,0,0,0,0,0,0,637.5,637.5,100.5,100.5,100.5,100.5,0.3,0.3,0.5487,0.5487,0.5487,0.5487,1,1,1,1,1,1
9152,Weissenberg,51.196667,14.659166,8271.0,0,0,0,0,0,0,0,0,0,0,0,0,0,0,0,0,0,0,1,1,1,1,1,1,0,0,0,0,0,0,0,0,0,0,0,0,0,0,0,0,0,0,675.8,675.8,124.5,124.5,124.5,124.5,0.3,0.3,0.4888,0.4888,0.4888,0.4888,1,1,1,1,1,1
9153,Werdau,50.735832,12.378612,14380.0,0,0,0,0,0,0,0,0,0,0,0,0,0,0,0,0,0,0,1,1,1,1,1,1,0,0,0,0,0,0,0,0,0,0,0,0,0,0,0,0,0,0,593.7,593.7,161.7,98.2,67.1,67.1,0.3,0.3,0.3957,0.5544,0.6321,0.6321,1,1,1,1,1,1
9154,Wildenfels,50.66861,12.608611,,0,0,0,0,0,0,0,0,0,0,0,0,0,0,0,0,0,0,0,0,0,1,1,1,0,0,0,0,0,0,0,0,0,0,0,0,0,0,0,0,0,0,587.6,587.6,143.9,115.9,76.4,76.4,0.0,0.0,0.1403,0.5102,0.609,0.609,0,0,0,1,1,1
9155,Wilkau-Hasslau,50.673611,12.515278,,0,0,0,0,0,0,0,0,0,0,0,0,0,0,0,0,0,0,1,1,1,1,1,1,0,0,0,0,0,0,0,0,0,0,0,0,0,0,0,0,0,0,587.6,587.6,150.0,109.5,74.7,74.7,0.3,0.3,0.4249,0.5262,0.6132,0.6132,1,1,1,1,1,1
9156,Wilsdruff,51.051945,13.537222,14385.0,0,0,0,0,0,0,0,0,0,0,0,0,0,0,0,0,0,0,1,1,1,1,1,1,0,0,0,0,0,0,0,0,0,0,0,0,0,0,0,0,0,0,639.6,639.6,124.1,124.1,87.2,87.2,0.3,0.3,0.4898,0.4898,0.582,0.582,1,1,1,1,1,1
9157,Wolkenstein,50.656113,13.0675,8594.0,0,0,0,0,0,0,0,0,0,0,0,0,0,0,0,0,0,0,0,0,1,1,1,1,0,0,0,0,0,0,0,0,0,0,0,0,0,0,0,0,0,0,590.4,590.4,115.0,115.0,90.2,90.2,0.0,0.0,0.5126,0.5126,0.5745,0.5745,0,0,1,1,1,1
9158,Wurzen,51.36972,12.735,8655.0,0,1,1,1,1,1,0,0,0,0,0,0,0,0,0,0,0,0,1,1,1,1,1,1,0,1,1,1,1,1,1,1,1,1,1,1,0,0,0,0,0,0,666.1,666.1,185.5,126.4,25.4,25.4,1.0,3.5,3.5362,3.6841,3.9366,3.9366,1,3,3,3,3,3
9159,Zittau,50.896111,14.806111,8807.0,0,0,0,0,0,0,0,0,0,0,0,0,0,0,0,0,0,0,1,1,1,1,1,1,0,0,1,1,1,1,0,0,0,0,0,0,0,0,0,0,0,0,647.8,647.8,93.9,93.9,93.9,93.9,0.3,0.3,1.5651,1.5651,1.5651,1.5651,1,1,2,2,2,2
9160,Zoeblitz,50.657501,13.233611,,0,0,0,0,0,0,0,0,0,0,0,0,0,0,0,0,0,0,0,0,1,1,1,1,0,0,0,0,0,0,0,0,0,0,0,0,0,0,0,0,0,0,592.5,592.5,105.4,105.4,96.9,96.9,0.0,0.0,0.5365,0.5365,0.5579,0.5579,0,0,1,1,1,1
9161,Zschopau,50.747501,13.072222,,0,0,0,0,0,0,0,0,0,0,0,0,0,0,0,0,0,0,0,1,1,1,1,1,0,0,0,0,0,1,0,0,0,0,0,0,0,0,0,0,0,0,600.5,600.5,120.5,120.5,82.0,82.0,0.0,0.3,0.4987,0.4987,0.595,1.595,0,1,1,1,1,2
9162,Zwenkau,51.217499,12.327222,8860.0,0,1,1,1,1,1,0,0,0,0,0,0,0,0,0,0,0,0,1,1,1,1,1,1,0,0,0,0,0,0,0,0,0,0,0,0,0,0,0,0,0,0,647.0,647.0,193.9,94.2,14.0,14.0,0.3,1.8,1.8154,2.0645,2.2651,2.2651,1,2,2,2,2,2
9163,Zwickau,50.718887,12.492222,8862.0,0,1,1,1,1,1,0,0,0,0,0,0,0,0,0,0,0,0,1,1,1,1,1,1,0,0,0,1,1,1,0,0,0,0,0,0,0,2,2,0,0,0,592.5,592.5,153.7,106.5,69.5,69.5,0.3,5.8,5.9158,3.0339,3.1262,3.1262,1,3,3,3,3,3
9164,Zwoenitz,50.630001,12.810833,,0,0,0,0,0,0,0,0,0,0,0,0,0,0,0,0,0,0,0,0,0,0,1,1,0,0,0,0,0,0,0,0,0,0,0,0,0,0,0,0,0,0,584.9,584.9,129.2,129.2,84.7,84.7,0.0,0.0,0.177,0.177,0.5884,0.5884,0,0,0,0,1,1
10001,Allstedt,51.401669,11.384444,140.0,0,0,0,0,0,1,0,0,0,0,0,0,0,0,0,0,0,0,1,1,1,1,1,1,0,0,0,0,0,0,0,0,0,0,0,0,0,0,0,0,0,0,667.6,667.6,258.8,53.0,53.0,53.0,0.3,0.3,0.3,0.6674,0.6674,2.1674,1,1,1,1,1,2
10002,Altenburg,50.986946,12.437222,186.0,0,1,1,1,1,1,0,0,0,0,0,0,0,0,0,0,0,0,1,1,1,1,1,1,0,0,0,0,0,0,0,0,0,0,0,0,0,2,0,0,0,0,621.9,621.9,172.2,98.3,39.5,39.5,0.3,5.8,1.8694,2.0542,2.2013,2.2013,1,3,2,2,2,2
10003,Apolda,51.025276,11.517222,12408.0,0,0,1,1,1,1,0,0,0,0,0,0,0,0,0,0,0,0,1,1,1,1,1,1,0,0,0,0,0,0,0,0,0,0,0,0,0,0,0,0,0,0,625.3,625.3,230.1,34.3,34.3,34.3,0.3,0.3,1.8,2.2143,2.2143,2.2143,1,1,2,2,2,2
10004,Arnstadt,50.833057,10.946389,301.0,0,1,1,1,1,1,0,0,0,0,0,0,0,0,0,0,0,0,1,1,1,1,1,1,0,0,0,0,0,0,0,0,0,0,0,0,0,0,0,0,0,0,607.3,607.3,259.6,17.3,17.3,17.3,0.3,1.8,1.8,2.2568,2.2568,2.2568,1,2,2,2,2,2
10005,Auma,50.699722,11.900833,350.0,0,0,0,1,1,1,0,0,0,0,0,0,0,0,0,0,0,0,0,0,1,1,1,1,0,0,0,0,0,0,0,0,0,0,0,0,0,0,0,0,0,0,588.6,588.6,191.2,68.4,68.4,68.4,0.0,0.0,0.322,2.129,2.129,2.129,0,0,1,2,2,2
10006,Berga a. d. Elster,50.753056,12.164444,12409.0,0,0,0,1,1,1,0,0,0,0,0,0,0,0,0,0,0,0,0,0,1,1,1,1,0,0,0,0,0,0,0,0,0,0,0,0,0,0,0,0,0,0,594.9,594.9,176.2,83.3,66.8,66.8,0.0,0.0,0.3595,2.0918,2.1329,2.1329,0,0,1,2,2,2
10007,Bad Berka,50.899445,11.283055,12410.0,0,0,0,0,1,1,0,0,0,0,0,0,0,0,0,0,0,0,1,1,1,1,1,1,0,0,0,0,0,1,0,0,0,0,0,0,0,0,0,0,0,0,612.3,612.3,239.6,19.6,19.6,19.6,0.3,0.3,0.3,0.7509,2.2509,3.2509,1,1,1,1,2,3
10008,Berla a. d. Werra,50.939167,10.068334,,0,0,0,0,0,0,0,0,0,0,0,0,0,0,0,0,0,0,1,1,1,1,1,1,0,0,0,0,0,0,0,0,0,0,0,0,0,0,0,0,0,0,599.8,599.8,322.0,67.7,67.7,67.7,0.3,0.3,0.3,0.6308,0.6308,0.6308,1,1,1,1,1,1
10009,Bad Blankenburg,50.684723,11.261389,12411.0,0,0,1,1,1,1,0,0,0,0,0,0,0,0,0,0,0,0,1,1,1,1,1,1,0,0,0,0,1,1,0,0,0,0,0,0,0,0,0,0,0,0,588.7,588.7,233.7,36.4,36.4,36.4,0.3,0.3,1.8,2.209,3.209,3.209,1,1,2,2,3,3
10010,Blankenhain,50.859722,11.342222,713.0,0,0,0,0,1,1,0,0,0,0,0,0,0,0,0,0,0,0,0,1,1,1,1,1,0,0,0,0,0,0,0,0,0,0,0,0,0,0,0,0,0,0,607.6,607.6,234.2,25.4,25.4,25.4,0.0,0.3,0.3,0.7365,2.2365,2.2365,0,1,1,1,2,2
10011,Buergel,50.942223,11.759167,12412.0,0,0,1,1,1,1,0,0,0,0,0,0,0,0,0,0,0,0,1,1,1,1,1,1,0,0,0,0,0,0,0,0,0,0,0,0,0,0,0,0,0,0,615.6,615.6,210.9,51.0,51.0,51.0,0.3,0.3,1.8,2.1724,2.1724,2.1724,1,1,2,2,2,2
10012,Buttelstedt,51.075554,11.344722,1150.0,0,0,1,1,1,1,0,0,0,0,0,0,0,0,0,0,0,1,1,1,1,1,1,1,0,0,0,0,0,0,0,0,0,0,0,0,0,0,0,0,0,0,631.6,631.6,243.4,24.3,24.3,24.3,0.3,0.3,1.8,2.2392,2.2392,2.9392,1,1,2,2,2,2
10013,Buttstaedt,51.121113,11.416389,11575.0,0,0,0,1,1,1,0,0,0,0,0,0,0,0,0,0,0,0,1,1,1,1,1,1,0,0,0,0,0,0,0,0,0,0,0,0,0,0,0,0,0,0,636.3,636.3,241.2,31.1,31.1,31.1,0.3,0.3,0.3,2.2221,2.2221,2.2221,1,1,1,2,2,2
10014,Camburg,51.053612,11.711389,1166.0,0,0,0,0,1,1,0,0,0,0,0,0,0,0,0,0,0,0,1,1,1,1,1,1,0,0,0,0,0,0,0,0,0,0,0,0,0,0,0,0,0,0,628.0,628.0,219.5,48.2,48.2,48.2,0.3,0.3,0.3,0.6795,2.1795,2.1795,1,1,1,1,2,2
10015,Clingen,51.233891,10.930555,,0,0,0,1,1,1,0,0,0,0,0,0,0,0,0,0,0,0,0,0,1,1,1,1,0,0,0,0,0,0,0,0,0,0,0,0,0,0,0,0,0,0,651.7,651.7,277.1,29.3,29.3,29.3,0.0,0.0,0.3,2.2268,2.2268,2.2268,0,0,1,2,2,2
10016,Creuzburg,51.051666,10.242222,1257.0,1,1,1,1,1,1,0,0,0,0,0,0,0,0,0,0,0,0,1,1,1,1,1,1,0,0,0,0,0,0,0,0,0,0,0,0,0,0,0,0,0,0,615.5,615.5,314.0,55.9,55.9,55.9,1.8,1.8,1.8,2.1603,2.1603,2.1603,2,2,2,2,2,2
10017,Dornburg,51.00639,11.665277,1529.0,0,0,0,1,1,1,0,0,0,0,0,0,0,0,0,0,0,0,1,1,1,1,1,1,0,0,0,0,0,0,0,0,0,0,0,0,0,0,0,0,0,0,622.9,622.9,219.9,44.4,44.4,44.4,0.3,0.3,0.3,2.1891,2.1891,2.1891,1,1,1,2,2,2
10018,Ebeleben,51.287224,10.739445,,0,0,0,0,0,0,0,0,0,0,0,0,0,0,0,0,0,0,0,1,1,1,1,1,0,0,0,0,0,0,0,0,0,0,0,0,0,0,0,0,0,0,657.2,657.2,291.6,39.9,39.9,39.9,0.0,0.3,0.3,0.7001,0.7001,0.7001,0,1,1,1,1,1
10019,Eisenach,50.977222,10.322222,1737.0,1,1,1,1,1,1,0,0,0,0,0,0,0,0,0,0,0,0,0,0,0,0,0,1,0,0,0,0,0,0,0,0,0,0,0,0,0,0,0,0,0,0,618.0,618.0,306.1,49.7,49.7,49.7,1.5,1.5,1.5,1.8756,1.8756,2.1756,2,2,2,2,2,2
10020,Eisenberg,50.967499,11.901111,12413.0,1,1,1,1,1,1,0,0,0,0,0,0,0,0,0,0,0,0,1,1,1,1,1,1,0,0,0,0,0,0,0,0,0,0,0,0,0,0,0,0,0,0,618.3,618.3,203.2,60.8,52.9,52.9,1.8,1.8,1.8,2.148,2.1678,2.1678,2,2,2,2,2,2
10021,Eisfeld,50.427223,10.907222,1740.0,0,0,1,1,1,1,0,0,0,0,0,0,0,0,0,0,0,0,1,1,1,1,1,1,0,0,0,0,0,0,0,0,0,0,0,0,0,0,0,0,0,0,562.9,562.9,252.6,62.0,62.0,62.0,0.3,0.3,1.8,2.1451,2.1451,2.1451,1,1,2,2,2,2
10022,Bad Frankenhausen,51.354443,11.104722,10036.0,0,1,1,1,1,1,0,0,0,0,0,0,0,0,0,0,0,0,1,1,1,1,1,1,0,1,1,1,1,1,0,0,0,0,0,0,0,0,0,0,0,0,663.8,663.8,272.7,42.1,42.1,42.1,0.3,2.8,2.8,3.1948,3.1948,3.1948,1,3,3,3,3,3
10023,Friedrichsroda,50.860001,10.573889,12414.0,0,0,0,0,0,0,0,0,0,0,0,0,0,0,0,0,0,0,1,1,1,1,1,1,0,0,0,0,0,0,0,0,0,0,0,0,0,0,0,0,0,0,614.0,614.0,285.5,34.8,34.8,34.8,0.3,0.3,0.3,0.7131,0.7131,0.7131,1,1,1,1,1,1
10024,Gehren,50.648613,11.003333,,0,0,0,0,0,0,0,0,0,0,0,0,0,0,0,0,0,0,0,1,1,1,1,1,0,0,0,0,0,0,0,0,0,0,0,0,0,0,0,0,0,0,586.5,586.5,250.3,36.8,36.8,36.8,0.0,0.3,0.3,0.7081,0.7081,0.7081,0,1,1,1,1,1
10025,Geisa,50.716667,9.9497223,12415.0,0,1,1,1,1,1,0,0,0,0,0,0,0,0,0,0,0,0,1,1,1,1,1,1,0,0,0,0,0,0,0,0,0,0,0,0,0,0,0,0,0,0,583.9,583.9,324.5,81.4,81.4,81.4,0.3,1.8,1.8,2.0964,2.0964,2.0964,1,2,2,2,2,2
10026,Gera,50.87611,12.080277,2164.0,0,0,0,0,0,1,0,0,0,0,0,0,0,0,0,0,0,0,1,1,1,1,1,1,1,1,1,1,1,1,0,0,0,0,0,0,0,0,0,0,0,0,608.4,608.4,187.4,74.3,55.5,55.5,1.3,1.3,1.3315,1.6143,1.6614,3.1614,2,2,2,2,2,3
10027,Goessnitz,50.888332,12.433611,,0,0,0,0,0,0,0,0,0,0,0,0,0,0,0,0,0,0,0,1,1,1,1,1,0,0,0,0,0,0,0,0,0,0,0,0,0,0,0,0,0,0,610.9,610.9,166.4,98.7,50.4,50.4,0.0,0.3,0.3839,0.5533,0.6741,0.6741,0,1,1,1,1,1
10028,Gotha,50.948612,10.703333,2347.0,1,1,1,1,1,1,0,0,0,0,0,0,0,0,0,0,0,0,1,1,1,1,1,1,1,1,1,1,1,1,0,0,0,0,0,0,0,0,0,0,0,0,622.3,622.3,279.7,23.3,23.3,23.3,2.8,2.8,2.8,3.2417,3.2417,3.2417,3,3,3,3,3,3
10029,Graefenthal,50.525002,11.307777,2375.0,0,0,1,1,1,1,0,0,0,0,0,0,0,0,0,0,0,0,0,0,1,1,1,1,0,0,0,0,1,1,0,0,0,0,0,0,0,0,0,0,0,0,570.7,570.7,226.4,54.0,54.0,54.0,0.0,0.0,1.8,2.1649,3.1649,3.1649,0,0,2,2,3,3
10030,Greiz,50.654724,12.201389,12416.0,0,1,1,1,1,1,0,0,0,0,0,0,0,0,0,0,0,0,1,1,1,1,1,1,0,0,0,0,0,0,0,0,0,0,0,0,0,0,0,0,0,0,584.1,584.1,169.6,89.7,77.1,77.1,0.3,1.8,1.876,2.0759,2.1072,2.1072,1,2,2,2,2,2
10031,Greussen,51.228054,10.943889,2417.0,0,0,0,1,1,1,0,0,0,0,0,0,0,0,0,0,0,0,1,1,1,1,1,1,0,0,0,0,0,1,0,0,0,0,0,0,0,0,0,0,0,0,651.0,651.0,276.0,28.4,28.4,28.4,0.3,0.3,0.3,2.229,2.229,3.229,1,1,1,2,2,3
10032,Grossbreitenbach,50.580833,11.004723,12420.0,0,0,0,0,0,0,0,0,0,0,0,0,0,0,0,0,0,0,0,0,0,1,1,1,0,0,0,0,0,0,0,0,0,0,0,0,0,0,0,0,0,0,579.0,579.0,248.6,44.3,44.3,44.3,0.0,0.0,0.0,0.6893,0.6893,0.6893,0,0,0,1,1,1
10033,Grossenehrich,51.25,10.829722,12424.0,0,0,0,0,0,0,0,0,0,0,0,0,0,0,0,0,0,0,1,1,1,1,1,1,0,0,0,0,0,0,0,0,0,0,0,0,0,0,0,0,0,0,654.3,654.3,284.2,33.3,33.3,33.3,0.3,0.3,0.3,0.7167,0.7167,0.7167,1,1,1,1,1,1
10034,Heldburg,50.279999,10.725278,12425.0,0,0,0,1,1,1,0,0,0,0,0,0,0,0,0,0,0,0,1,1,1,1,1,1,0,0,0,1,1,1,0,0,0,0,0,0,0,0,0,0,0,0,548.6,548.6,264.0,80.7,77.4,77.4,0.3,0.3,0.3,3.0983,3.1065,3.1065,1,1,1,3,3,3
10035,Hildburghausen,50.425556,10.728889,3048.0,0,0,1,1,1,1,0,0,0,0,0,0,0,0,0,0,0,0,1,1,1,1,1,1,0,0,0,1,1,1,0,0,0,0,0,0,0,0,0,0,0,0,564.6,564.6,265.2,65.1,65.1,65.1,0.3,0.3,1.8,3.1372,3.1372,3.1372,1,1,2,3,3,3
10036,Hirschberg (Saale),50.405834,11.818611,,0,0,0,0,0,1,0,0,0,0,0,0,0,0,0,0,0,0,1,1,1,1,1,1,0,0,0,0,0,0,0,0,0,0,0,0,0,0,0,0,0,0,555.9,555.9,188.4,84.4,84.4,84.4,0.3,0.3,0.3289,0.589,0.589,2.089,1,1,1,1,1,2
10037,Hohenleuben,50.711666,12.051111,,0,0,0,0,0,0,0,0,0,0,0,0,0,0,0,0,0,0,0,1,1,1,1,1,0,0,0,0,0,0,0,0,0,0,0,0,0,0,0,0,0,0,590.0,590.0,181.8,77.4,73.4,73.4,0.0,0.3,0.3456,0.6065,0.6166,0.6166,0,1,1,1,1,1
10038,Ilmenau,50.685833,10.915556,3305.0,0,0,1,1,1,1,0,0,0,0,0,0,0,0,0,0,0,0,0,1,1,1,1,1,0,0,0,0,1,1,0,0,0,0,0,0,0,0,0,0,0,0,591.3,591.3,257.3,33.6,33.6,33.6,0.0,0.3,1.8,2.216,3.216,3.216,0,1,2,2,3,3
10039,Jena,50.93,11.591666,3411.0,0,0,1,1,1,1,0,0,0,0,0,0,0,0,0,0,0,0,1,1,1,1,1,1,1,1,1,1,1,1,0,0,0,0,0,0,0,0,0,0,0,0,614.5,614.5,220.9,39.5,39.5,39.5,1.3,1.3,2.8,3.2012,3.2012,3.2012,2,2,3,3,3,3
10040,Kahla,50.800278,11.583333,3474.0,0,0,1,1,1,1,0,0,0,0,0,0,0,0,0,0,0,0,1,1,1,1,1,1,0,0,0,0,0,1,0,0,0,0,0,0,0,0,0,0,0,0,600.1,600.1,216.0,43.4,43.4,43.4,0.3,0.3,1.8,2.1915,2.1915,3.1915,1,1,2,2,2,3
10041,Kaltennordheim,50.626667,10.156111,17721.0,0,0,0,0,0,0,0,0,0,0,0,0,0,0,0,0,0,0,1,1,1,1,1,1,0,0,0,0,0,0,0,0,0,0,0,0,0,0,0,0,0,0,594.3,594.3,308.4,73.0,73.0,73.0,0.3,0.3,0.3,0.6175,0.6175,0.6175,1,1,1,1,1,1
10042,Koenigsee,50.662777,11.1025,12426.0,0,0,0,1,1,1,0,0,0,0,0,0,0,0,0,0,0,0,1,1,1,1,1,1,0,0,0,0,1,1,0,0,0,0,0,0,0,0,0,0,0,0,587.3,587.3,243.9,35.5,35.5,35.5,0.3,0.3,0.3,2.2113,3.2113,3.2113,1,1,1,2,3,3
10043,Bad Koestritz,50.93,12.010834,,0,0,0,0,0,0,0,0,0,0,0,0,0,0,0,0,0,0,0,0,1,1,1,1,0,0,0,0,0,0,0,0,0,0,0,0,0,0,0,0,0,0,614.2,614.2,194.5,68.7,52.1,52.1,0.0,0.0,0.3138,0.6282,0.6698,0.6698,0,0,1,1,1,1
10044,Kranichfeld,50.854443,11.201667,17425.0,0,0,0,0,0,0,0,0,0,0,0,0,0,0,0,0,0,0,1,1,1,1,1,1,0,0,0,0,0,0,0,0,0,0,0,0,0,0,0,0,0,0,607.8,607.8,243.3,18.2,18.2,18.2,0.3,0.3,0.3,0.7545,0.7545,0.7545,1,1,1,1,1,1
10045,Langenberg (Gera),50.919724,12.0525,,0,0,0,0,0,0,0,0,0,0,0,0,0,0,0,0,0,0,1,1,1,1,1,1,0,0,0,0,0,0,0,0,0,0,0,0,0,0,0,0,0,0,613.2,613.2,191.4,71.7,51.8,51.8,0.3,0.3,0.3215,0.6207,0.6705,0.6705,1,1,1,1,1,1
10046,Langewiesen,50.671391,10.97,,0,0,0,0,0,0,0,0,0,0,0,0,0,0,0,0,0,0,1,1,1,1,1,1,0,0,0,0,0,0,0,0,0,0,0,0,0,0,0,0,0,0,589.3,589.3,253.2,34.5,34.5,34.5,0.3,0.3,0.3,0.7139,0.7139,0.7139,1,1,1,1,1,1
10047,Lehesten,50.475555,11.448055,10617.0,0,0,0,0,0,0,0,0,0,0,0,0,0,0,0,0,0,0,1,1,1,1,1,1,0,0,0,0,0,0,0,0,0,0,0,0,0,0,0,0,0,0,564.5,564.5,215.6,63.1,63.1,63.1,0.3,0.3,0.3,0.6422,0.6422,0.6422,1,1,1,1,1,1
10048,Leutenberg,50.562778,11.456944,10616.0,0,0,1,1,1,1,0,0,0,0,0,0,0,0,0,0,0,0,1,1,1,1,1,1,0,0,0,0,0,1,0,0,0,0,0,0,0,0,0,0,0,0,574.2,574.2,217.0,55.0,55.0,55.0,0.3,0.3,1.8,2.1624,2.1624,3.1624,1,1,2,2,2,3
10049,Lobeda,50.882221,11.623333,12427.0,0,1,1,1,1,1,0,0,0,0,0,0,0,0,0,0,0,0,1,1,1,1,1,1,0,0,0,0,0,0,0,0,0,0,0,0,0,0,0,0,0,0,609.1,609.1,216.8,42.8,42.8,42.8,0.3,1.8,1.8,2.1931,2.1931,2.1931,1,2,2,2,2,2
10050,Lobenstein,50.447777,11.64,4526.0,0,0,0,1,1,1,0,0,0,0,0,0,0,0,0,0,0,0,1,1,1,1,1,1,0,0,0,0,0,1,0,0,0,0,0,0,0,0,0,0,0,0,560.8,560.8,201.7,72.9,72.9,72.9,0.3,0.3,0.3,2.1178,2.1178,3.1178,1,1,1,2,2,3
10051,Lucka,51.097778,12.331111,12428.0,0,0,1,1,1,1,0,0,0,0,0,0,0,0,0,0,0,0,0,0,1,1,1,1,0,0,0,0,0,0,0,0,0,0,0,0,0,0,0,0,0,0,633.7,633.7,185.4,91.7,27.1,27.1,0.0,0.0,1.8364,2.0707,2.2324,2.2324,0,0,2,2,2,2
10052,Magdala,50.906666,11.447778,12429.0,0,1,1,1,1,1,0,0,0,0,0,0,0,0,0,0,0,0,1,1,1,1,1,1,0,0,0,0,0,0,0,0,0,0,0,0,0,0,0,0,0,0,612.4,612.4,229.2,30.2,30.2,30.2,0.3,1.8,1.8,2.2246,2.2246,2.2246,1,2,2,2,2,2
10053,Meiningen,50.57111,10.419444,4850.0,1,1,1,1,1,1,0,0,0,0,0,0,0,0,0,0,0,0,1,1,1,1,1,1,0,0,0,0,0,0,0,0,0,0,0,0,0,0,0,0,0,0,584.4,584.4,289.1,62.6,62.6,62.6,1.8,1.8,1.8,2.1436,2.1436,2.1436,2,2,2,2,2,2
10054,Meuselwitz,51.042221,12.297778,,0,0,0,0,0,0,0,0,0,0,0,0,0,0,0,0,0,0,1,1,1,1,1,1,0,0,0,0,0,0,0,0,0,0,0,0,0,0,0,0,0,0,627.4,627.4,183.8,88.8,33.5,33.5,0.3,0.3,0.3406,0.578,0.7163,0.7163,1,1,1,1,1,1
10055,Muenchenbernsdorf,50.82,11.931945,,0,0,0,0,0,0,0,0,0,0,0,0,0,0,0,0,0,0,1,1,1,1,1,1,0,0,0,0,0,0,0,0,0,0,0,0,0,0,0,0,0,0,601.9,601.9,194.1,65.5,65.5,65.5,0.3,0.3,0.3146,0.6363,0.6363,0.6363,1,1,1,1,1,1
10056,Neuhaus am Rennweg,50.508335,11.134444,,0,0,0,0,0,0,0,0,0,0,0,0,0,0,0,0,0,0,0,0,0,0,0,0,0,0,0,0,0,0,0,0,0,0,0,0,0,0,0,0,0,0,570.0,570.0,238.1,52.8,52.8,52.8,0.0,0.0,0.0,0.368,0.368,0.368,0,0,0,0,0,0
10057,Neumark,51.078888,11.245,,0,0,1,1,1,1,0,0,0,0,0,0,0,0,0,0,0,0,1,1,1,1,1,1,0,0,0,0,0,0,0,0,0,0,0,0,0,0,0,0,0,0,632.4,632.4,249.9,18.6,18.6,18.6,0.3,0.3,1.8,2.2536,2.2536,2.2536,1,1,2,2,2,2
10058,Neustadt an der Orla,50.735554,11.7425,12430.0,0,1,1,1,1,1,0,0,0,0,0,0,0,0,0,0,0,0,0,1,1,1,1,1,0,0,1,1,1,1,0,0,0,0,0,0,0,0,0,0,0,0,592.6,592.6,203.0,56.7,56.7,56.7,0.0,1.8,2.8,3.1583,3.1583,3.1583,0,2,3,3,3,3
10059,Oberlind,50.341389,11.181945,,0,0,0,0,0,0,0,0,0,0,0,0,0,0,0,0,0,0,1,1,1,1,1,1,0,0,0,0,0,0,0,0,0,0,0,0,0,0,0,0,0,0,551.1,551.1,232.2,71.6,71.6,71.6,0.3,0.3,0.3,0.6209,0.6209,0.6209,1,1,1,1,1,1
10060,Oberweissbach,50.582779,11.144167,,0,0,0,0,0,0,0,0,0,0,0,0,0,0,0,0,0,0,0,0,0,0,0,1,0,0,0,0,0,0,0,0,0,0,0,0,0,0,0,0,0,0,578.1,578.1,239.0,44.7,44.7,44.7,0.0,0.0,0.0,0.3882,0.3882,0.6882,0,0,0,0,0,1
10061,Ohrdruf,50.827778,10.733055,10107.0,0,0,0,1,1,1,0,0,0,0,0,0,0,0,0,0,0,0,1,1,1,1,1,1,0,0,0,0,0,0,0,0,0,0,0,0,0,0,0,0,0,0,608.7,608.7,273.7,26.9,26.9,26.9,0.3,0.3,0.3,2.2328,2.2328,2.2328,1,1,1,2,2,2
10062,Orlamuende,50.774166,11.52,5683.0,0,0,1,1,1,1,0,0,0,0,0,0,0,0,0,0,0,0,1,1,1,1,1,1,0,0,0,0,0,1,0,0,0,0,0,0,0,0,0,0,0,0,597.4,597.4,219.2,41.1,41.1,41.1,0.3,0.3,1.8,2.1974,2.1974,3.1974,1,1,2,2,2,3
10064,Plaue,50.778889,10.898056,5970.0,0,0,0,0,0,0,0,0,0,0,0,0,0,0,0,0,0,0,1,1,1,1,1,1,0,0,0,0,0,1,0,0,0,0,0,0,0,0,0,0,0,0,601.8,601.8,261.1,24.1,24.1,24.1,0.3,0.3,0.3,0.7396,0.7396,1.7396,1,1,1,1,1,2
10065,Poessneck,50.693333,11.593056,10699.0,0,0,0,1,1,1,0,0,0,0,0,0,0,0,0,0,0,0,0,0,1,1,1,1,0,0,0,1,1,1,0,0,0,0,0,0,0,0,0,0,0,0,588.2,588.2,211.5,50.5,50.5,50.5,0.0,0.0,0.3,3.1736,3.1736,3.1736,0,0,1,3,3,3
10066,Rastenberg,51.175556,11.419723,12431.0,0,0,0,1,1,1,0,0,0,0,0,0,0,0,0,0,0,0,0,1,1,1,1,1,0,0,0,0,0,0,0,0,0,0,0,0,0,0,0,0,0,0,642.4,642.4,243.8,34.8,34.8,34.8,0.0,0.3,0.3,2.213,2.213,2.213,0,1,1,2,2,2
10067,Remda,50.759167,11.228333,12432.0,0,1,1,1,1,1,0,0,0,0,0,0,0,0,0,0,0,0,1,1,1,1,1,1,0,0,0,1,1,1,0,0,0,0,0,0,0,0,0,0,0,0,597.1,597.1,238.2,28.0,28.0,28.0,0.3,1.8,1.8,3.23,3.23,3.23,1,2,2,3,3,3
10068,Roemhild,50.398335,10.540277,6505.0,0,0,1,1,1,1,0,0,0,0,0,0,0,0,0,0,0,0,1,1,1,1,1,1,0,0,0,0,0,0,0,0,0,0,0,0,0,0,0,0,0,0,563.9,563.9,278.1,73.3,73.3,73.3,0.3,0.3,1.8,2.1168,2.1168,2.1168,1,1,2,2,2,2
10069,Ronneburg,50.863335,12.184722,12433.0,0,0,1,1,1,1,0,0,0,0,0,0,0,0,0,0,0,0,1,1,1,1,1,1,0,0,0,0,0,1,0,0,0,0,0,0,0,0,0,0,0,0,607.2,607.2,180.3,81.8,54.6,54.6,0.3,0.3,1.8494,2.0956,2.1636,3.1636,1,1,2,2,2,3
10070,Rudolstadt,50.721111,11.343611,6599.0,0,0,1,1,1,1,0,0,0,0,0,0,0,0,0,0,0,0,1,1,1,1,1,1,0,0,1,1,1,1,0,0,0,0,0,0,0,0,0,0,0,0,592.3,592.3,229.2,36.0,36.0,36.0,0.3,0.3,2.8,3.21,3.21,3.21,1,1,3,3,3,3
10071,Ruhla,50.892502,10.365556,,0,0,0,0,0,0,0,0,0,0,0,0,0,0,0,0,0,0,0,0,0,1,1,1,0,0,0,0,0,0,0,0,0,0,0,0,0,0,0,0,0,0,617.8,617.8,300.5,47.7,47.7,47.7,0.0,0.0,0.0,0.6807,0.6807,0.6807,0,0,0,1,1,1
10072,Saalburg,50.502499,11.733611,6658.0,0,0,0,0,0,1,0,0,0,0,0,0,0,0,0,0,0,0,1,1,1,1,1,1,0,0,0,1,1,1,0,0,0,0,0,0,0,0,0,0,0,0,566.7,566.7,196.4,72.4,72.4,72.4,0.3,0.3,0.309,1.6191,1.6191,3.1191,1,1,1,2,2,3
10073,Saalfeld/Saale,50.648056,11.360833,6661.0,0,0,1,1,1,1,0,0,0,0,0,0,0,0,0,0,0,0,1,1,1,1,1,1,0,0,0,0,0,0,0,0,0,0,0,0,0,0,0,0,0,0,584.1,584.1,225.8,43.4,43.4,43.4,0.3,0.3,1.8,2.1915,2.1915,2.1915,1,1,2,2,2,2
10074,Bad Salzungen,50.811668,10.231944,6711.0,0,1,1,1,1,1,0,0,0,0,0,0,0,0,0,0,0,0,1,1,1,1,1,1,0,1,1,1,1,1,0,0,0,0,0,0,0,0,0,0,0,0,606.1,606.1,307.3,59.2,59.2,59.2,0.3,2.8,2.8,3.1521,3.1521,3.1521,1,3,3,3,3,3
10075,Schalkau,50.393612,11.005,6803.0,0,0,0,1,1,1,0,0,0,0,0,0,0,0,0,0,0,0,1,1,1,1,1,1,0,0,0,0,0,1,0,0,0,0,0,0,0,0,0,0,0,0,558.3,558.3,245.3,65.1,65.1,65.1,0.3,0.3,0.3,2.1373,2.1373,3.1373,1,1,1,2,2,3
10076,Schleiz,50.577221,11.807222,6878.0,0,1,1,1,1,1,0,0,0,0,0,0,0,0,0,0,0,0,1,1,1,1,1,1,0,0,0,1,1,1,0,0,0,0,0,0,0,0,0,0,0,0,575.0,575.0,193.4,70.4,70.4,70.4,0.3,1.8,1.8166,3.124,3.124,3.124,1,2,2,3,3,3
10077,Schlotheim,51.246113,10.658334,6890.0,0,1,1,1,1,1,0,0,0,0,0,0,0,0,0,0,0,0,1,1,1,1,1,1,0,0,0,0,0,0,0,0,0,0,0,0,0,0,0,0,0,0,650.3,650.3,294.8,39.6,39.6,39.6,0.3,1.8,1.8,2.201,2.201,2.201,1,2,2,2,2,2
10078,Schmoelln,50.892776,12.350278,12644.0,0,0,1,1,1,1,0,0,0,0,0,0,0,0,0,0,0,0,1,1,1,1,1,1,0,0,0,0,0,0,0,0,0,0,0,0,0,0,0,0,0,0,611.0,611.0,171.7,92.8,49.7,49.7,0.3,0.3,1.8707,2.068,2.1757,2.1757,1,1,2,2,2,2
10079,Sondershausen,51.370277,10.869722,7261.0,0,0,0,0,1,1,0,0,0,0,0,0,0,0,0,0,0,0,1,1,1,1,1,1,0,0,0,0,0,0,0,0,0,0,0,0,0,0,0,0,0,0,667.3,667.3,287.8,45.0,45.0,45.0,0.3,0.3,0.3,0.6875,2.1875,2.1875,1,1,1,1,2,2
10080,Sonneberg,50.357498,11.175555,12437.0,0,0,1,1,1,1,0,0,0,0,0,0,0,0,0,0,0,0,0,1,1,1,1,1,0,0,0,0,0,0,0,0,0,0,0,0,0,0,0,0,0,0,553.0,553.0,232.8,69.8,69.8,69.8,0.0,0.3,1.8,2.1255,2.1255,2.1255,0,1,2,2,2,2
10081,Stadtilm,50.775002,11.081388,12438.0,0,1,1,1,1,1,0,0,0,0,0,0,0,0,0,0,0,0,1,1,1,1,1,1,0,0,0,0,0,0,0,0,0,0,0,0,0,0,0,0,0,0,599.8,599.8,248.6,22.9,22.9,22.9,0.3,1.8,1.8,2.2427,2.2427,2.2427,1,2,2,2,2,2
10082,Stadtlengsfeld,50.782223,10.130834,12439.0,0,0,0,1,1,1,0,0,0,0,0,0,0,0,0,0,0,0,1,1,1,1,1,1,0,0,0,0,0,0,0,0,0,0,0,0,0,0,0,0,0,0,598.3,598.3,313.5,66.9,66.9,66.9,0.3,0.3,0.3,2.1326,2.1326,2.1326,1,1,1,2,2,2
10083,Stadtroda,50.857777,11.7275,12440.0,0,0,1,1,1,1,0,0,0,0,0,0,0,0,0,0,0,0,1,1,1,1,1,1,0,0,0,0,0,0,0,0,0,0,0,0,0,0,0,0,0,0,606.2,606.2,209.0,50.5,50.5,50.5,0.3,0.3,1.8,2.1737,2.1737,2.1737,1,1,2,2,2,2
10084,Steinach,50.43222,11.158055,,0,0,0,0,0,0,0,0,0,0,0,0,0,0,0,0,0,0,0,0,0,0,0,0,0,0,0,0,0,0,0,0,0,0,0,0,0,0,0,0,0,0,561.4,561.4,235.1,61.4,61.4,61.4,0.0,0.0,0.0,0.3465,0.3465,0.3465,0,0,0,0,0,0
10085,Bad Sulza,51.086945,11.623611,12441.0,0,0,0,0,0,0,0,0,0,0,0,0,0,0,0,0,0,0,1,1,1,1,1,1,0,0,0,0,0,0,0,0,0,0,0,0,0,0,0,0,0,0,631.9,631.9,226.6,43.0,43.0,43.0,0.3,0.3,0.3,0.6924,0.6924,0.6924,1,1,1,1,1,1
10086,Tambach-Dietharz,50.791943,10.608055,,0,0,0,0,0,0,0,0,0,0,0,0,0,0,0,0,0,0,1,1,1,1,1,1,0,0,0,0,0,0,0,0,0,0,0,0,0,0,0,0,0,0,606.2,606.2,281.2,36.3,36.3,36.3,0.3,0.3,0.3,0.7092,0.7092,0.7092,1,1,1,1,1,1
10087,Tanna,50.493332,11.856389,12442.0,0,0,0,0,0,1,0,0,0,0,0,0,0,0,0,0,0,0,1,1,1,1,1,1,0,0,0,0,0,0,0,0,0,0,0,0,0,0,0,0,0,0,565.6,565.6,187.7,79.2,79.2,79.2,0.3,0.3,0.3307,0.602,0.602,2.102,1,1,1,1,1,2
10088,Tannroda,50.858612,11.2475,,0,0,0,0,1,1,0,0,0,0,0,0,0,0,0,0,0,0,1,1,1,1,1,1,0,0,0,0,0,0,0,0,0,0,0,0,0,0,0,0,0,0,608.0,608.0,240.4,20.1,20.1,20.1,0.3,0.3,0.3,0.7497,2.2497,2.2497,1,1,1,1,2,2
10089,Teichel,50.786667,11.311944,12443.0,0,0,0,0,1,1,0,0,0,0,0,0,0,0,0,0,0,0,1,1,1,1,1,1,0,0,0,0,0,0,0,0,0,0,0,0,0,0,0,0,0,0,599.7,599.7,233.5,29.0,29.0,29.0,0.3,0.3,0.3,0.7276,2.2276,2.2276,1,1,1,1,2,2
10090,Themar,50.504444,10.617222,7682.0,0,0,1,1,1,1,0,0,0,0,0,0,0,0,0,0,0,0,1,1,1,1,1,1,0,0,0,0,0,0,0,0,0,0,0,0,0,0,0,0,0,0,574.5,574.5,274.1,60.3,60.3,60.3,0.3,0.3,1.8,2.1493,2.1493,2.1493,1,1,2,2,2,2
10091,Triebes,50.684166,12.019722,,0,0,0,0,0,0,0,0,0,0,0,0,0,0,0,0,0,0,1,1,1,1,1,1,0,0,0,0,0,0,0,0,0,0,0,0,0,0,0,0,0,0,586.9,586.9,182.7,76.7,76.7,76.7,0.3,0.3,0.3432,0.6084,0.6084,0.6084,1,1,1,1,1,1
10092,Triptis,50.734722,11.865,12444.0,0,1,1,1,1,1,0,0,0,0,0,0,0,0,0,0,0,0,0,0,1,1,1,1,0,0,0,0,0,0,0,0,0,0,0,0,0,0,0,0,0,0,592.5,592.5,194.9,64.4,64.4,64.4,0.0,1.5,1.8127,2.139,2.139,2.139,0,2,2,2,2,2
10093,Ummerstadt,50.259167,10.811111,12445.0,0,0,0,0,0,0,0,0,0,0,0,0,0,0,0,0,0,0,1,1,1,1,1,1,0,0,0,0,0,0,0,0,0,0,0,0,0,0,0,0,0,0,545.4,545.4,257.8,81.5,80.4,80.4,0.3,0.3,0.3,0.5962,0.5991,0.5991,1,1,1,1,1,1
10094,Vacha,50.823055,10.023889,7949.0,1,1,1,1,1,1,0,0,0,0,0,0,0,0,0,0,0,0,1,1,1,1,1,1,0,0,0,0,1,1,0,0,0,0,0,0,0,0,0,0,0,0,592.6,592.6,321.8,72.8,72.8,72.8,1.8,1.8,1.8,2.1179,3.1179,3.1179,2,2,2,2,3,3
10095,Waltershausen,50.897778,10.555833,12278.0,0,0,0,1,1,1,0,0,0,0,0,0,0,0,0,0,0,0,1,1,1,1,1,1,0,0,0,0,0,0,0,0,0,0,0,0,0,0,0,0,0,0,618.4,618.4,287.9,34.6,34.6,34.6,0.3,0.3,0.3,2.2135,2.2135,2.2135,1,1,1,2,2,2
10096,Wasungen,50.663334,10.368611,8226.0,0,0,1,1,1,1,0,0,0,0,0,0,0,0,0,0,0,0,1,1,1,1,1,1,0,0,0,0,0,0,0,0,0,0,0,0,0,0,0,0,0,0,595.1,595.1,294.4,58.4,58.4,58.4,0.3,0.3,1.8,2.1541,2.1541,2.1541,1,1,2,2,2,2
10097,Weida,50.773335,12.061389,12446.0,0,0,0,1,1,1,0,0,0,0,0,0,0,0,0,0,0,0,1,1,1,1,1,1,0,0,0,0,0,0,0,0,0,0,0,0,0,0,0,0,0,0,596.9,596.9,183.7,75.7,66.6,66.6,0.3,0.3,0.3407,2.1108,2.1334,2.1334,1,1,1,2,2,2
10098,Weimar,50.980556,11.329722,10547.0,0,0,1,1,1,1,0,0,0,0,0,0,0,0,0,0,0,0,1,1,1,1,1,1,0,1,1,1,1,1,0,0,0,0,0,0,0,0,0,0,0,0,621.1,621.1,240.0,20.8,20.8,20.8,0.3,1.3,2.8,3.248,3.248,3.248,1,2,3,3,3,3
10099,Wurzbach,50.463612,11.536667,,0,0,0,0,0,0,0,0,0,0,0,0,0,0,0,0,0,0,1,1,1,1,1,1,0,0,0,0,0,0,0,0,0,0,0,0,0,0,0,0,0,0,562.9,562.9,209.2,67.4,67.4,67.4,0.3,0.3,0.3,0.6316,0.6316,0.6316,1,1,1,1,1,1
10100,Zella-Mehlis,50.66,10.652778,,0,0,0,0,0,0,0,0,0,0,0,0,0,0,0,0,0,0,1,1,1,1,1,1,0,0,0,0,0,0,0,0,0,0,0,0,0,0,0,0,0,0,591.2,591.2,274.7,44.4,44.4,44.4,0.3,0.3,0.3,0.6891,0.6891,0.6891,1,1,1,1,1,1
10101,Zeulenroda,50.649166,11.979445,12447.0,0,0,0,0,1,1,0,0,0,0,0,0,0,0,0,0,0,0,1,1,1,1,1,1,0,0,0,0,0,1,0,0,0,0,0,0,0,0,0,0,0,0,583.0,583.0,184.1,75.9,75.9,75.9,0.3,0.3,0.3397,0.6102,2.1102,3.1102,1,1,1,1,2,3
11001,Aken,51.852501,12.043889,112.0,0,0,0,0,0,0,0,0,0,0,0,0,0,0,0,0,0,0,1,1,1,1,1,1,0,0,0,0,0,1,1,1,1,1,1,1,0,0,0,0,0,0,716.8,716.8,257.3,119.8,61.4,61.4,1.0,1.0,1.0,1.2005,1.3465,2.3465,1,1,1,1,1,2
11002,Alsleben,51.700279,11.677222,148.0,0,0,0,0,0,0,0,0,0,0,0,0,0,0,0,0,0,0,1,1,1,1,1,1,0,0,0,0,0,0,0,0,0,0,0,0,0,0,0,0,0,0,700.0,700.0,263.0,91.9,62.7,62.7,0.3,0.3,0.3,0.5703,0.6434,0.6434,1,1,1,1,1,1
11003,Ammendorf,51.423611,11.993055,,0,0,0,0,0,0,0,0,0,0,0,0,0,0,0,0,0,0,1,1,1,1,1,1,0,0,0,0,0,0,0,0,0,0,0,0,0,0,0,0,0,0,669.1,669.1,226.4,83.2,28.0,28.0,0.3,0.3,0.3,0.592,0.7301,0.7301,1,1,1,1,1,1
11004,Annaburg,51.73111,13.046667,,0,0,0,0,0,0,0,0,0,0,0,0,0,0,0,0,0,0,1,1,1,1,1,1,0,0,0,0,0,0,0,0,0,0,0,0,0,0,0,0,0,0,708.5,708.5,206.6,163.0,63.8,63.8,0.3,0.3,0.3,0.3926,0.6406,0.6406,1,1,1,1,1,1
11005,Arendsee,52.881668,11.488889,285.0,0,0,0,0,0,0,0,0,0,0,0,0,0,0,0,0,0,0,1,1,1,1,1,1,0,0,0,0,0,0,0,0,0,0,0,0,0,0,0,0,0,0,772.0,772.0,371.1,213.9,141.0,141.0,0.3,0.3,0.3,0.3,0.4476,0.4476,1,1,1,1,1,1
11006,Arneburg,52.675278,12.002222,295.0,0,0,0,0,0,0,0,0,0,0,0,0,0,0,0,0,0,0,1,1,1,1,1,1,0,0,0,0,0,0,0,0,0,0,0,0,0,0,0,0,0,0,800.6,800.6,333.1,200.1,150.7,150.7,0.3,0.3,0.3,0.3,0.4233,0.4233,1,1,1,1,1,1
11007,Artern,51.366112,11.292778,10039.0,0,0,1,1,1,1,0,0,0,0,0,0,0,0,0,0,0,0,1,1,1,1,1,1,0,0,0,0,0,0,0,0,0,0,0,0,0,0,0,0,0,0,664.1,664.1,262.1,46.7,46.7,46.7,0.3,0.3,1.8,2.1832,2.1832,2.1832,1,1,2,2,2,2
11008,Aschersleben,51.755833,11.455,322.0,0,1,1,1,1,1,0,0,0,0,0,0,0,0,0,0,0,0,1,1,1,1,1,1,0,0,0,0,0,0,0,0,0,0,0,0,0,0,0,0,0,0,706.7,706.7,278.6,91.2,78.6,78.6,0.3,1.8,1.8,2.0719,2.1036,2.1036,1,2,2,2,2,2
11009,Ballenstedt,51.720276,11.2375,17404.0,0,0,0,0,0,0,0,0,0,0,0,0,0,0,0,0,0,0,1,1,1,1,1,1,0,0,0,0,0,0,0,0,0,0,0,0,0,0,0,0,0,0,703.6,703.6,287.7,83.7,83.7,83.7,0.3,0.3,0.3,0.5908,0.5908,0.5908,1,1,1,1,1,1
11010,Barby,51.952499,11.869166,9404.0,1,1,1,1,1,1,0,0,0,0,0,0,0,0,0,0,0,0,1,1,1,1,1,1,0,0,0,0,0,0,1,1,1,1,1,1,0,0,0,0,0,0,727.9,727.9,273.6,122.8,76.5,76.5,2.5,2.5,2.5,2.693,2.8088,2.8088,3,3,3,3,3,3
11011,Belgern,51.483055,13.124166,519.0,0,0,0,0,0,0,0,0,0,0,0,0,0,0,0,0,0,0,1,1,1,1,1,1,0,0,0,0,0,0,1,1,1,1,1,1,0,0,0,0,0,0,681.9,681.9,180.0,156.0,54.5,54.5,1.0,1.0,1.05,1.1099,1.3638,1.3638,1,1,1,1,1,1
11012,Benneckenstein,51.667221,10.716945,,0,0,0,0,0,0,0,0,0,0,0,0,0,0,0,0,0,0,0,0,1,1,1,1,0,0,0,0,0,0,0,0,0,0,0,0,0,0,0,0,0,0,672.2,672.2,313.6,79.6,79.6,79.6,0.0,0.0,0.3,0.6009,0.6009,0.6009,0,0,1,1,1,1
11013,Bernburg,51.794167,11.736944,586.0,0,1,1,1,1,1,0,0,0,0,0,0,0,0,0,0,0,0,1,1,1,1,1,1,0,0,0,1,1,1,1,1,1,1,1,1,0,0,0,0,0,0,710.3,710.3,267.2,103.0,67.0,67.0,1.0,2.5,2.5,3.7425,3.8325,3.8325,1,3,3,3,3,3
11014,Bad Bibra,51.208057,11.585278,,0,0,0,0,0,0,0,0,0,0,0,0,0,0,0,0,0,0,1,1,1,1,1,1,0,0,0,0,0,0,0,0,0,0,0,0,0,0,0,0,0,0,645.4,645.4,235.6,46.2,46.2,46.2,0.3,0.3,0.3,0.6844,0.6844,0.6844,1,1,1,1,1,1
11015,Bismark,52.661667,11.556111,,0,0,0,0,0,0,0,0,0,0,0,0,0,0,0,0,0,0,1,1,1,1,1,1,0,0,0,1,1,1,0,0,0,0,0,0,0,0,0,0,0,0,773.5,773.5,348.5,190.6,157.3,157.3,0.3,0.3,0.3,1.3236,1.4068,1.4068,1,1,1,2,2,2
11016,Bitterfeld,51.625,12.324722,705.0,0,0,0,1,1,1,0,0,0,0,0,0,0,0,0,0,0,0,1,1,1,1,1,1,0,0,0,0,0,0,0,0,0,0,0,0,0,0,0,0,0,0,692.2,692.2,225.6,115.0,31.9,31.9,0.3,0.3,0.3,2.0124,2.2202,2.2202,1,1,1,2,2,2
11017,Bleicherode,51.440277,10.574445,12448.0,0,1,1,1,1,1,0,0,0,0,0,0,0,0,0,0,0,0,1,1,1,1,1,1,0,0,0,0,0,0,0,0,0,0,0,0,0,0,0,0,0,0,653.0,653.0,309.5,60.4,60.4,60.4,0.3,1.8,1.8,2.1489,2.1489,2.1489,1,2,2,2,2,2
11018,Brehna,51.55722,12.211667,961.0,0,0,0,0,0,0,0,0,0,0,0,0,0,0,0,0,0,0,1,1,1,1,1,1,0,0,0,0,0,1,0,0,0,0,0,0,0,0,0,0,0,0,684.4,684.4,225.4,104.2,26.6,26.6,0.3,0.3,0.3,0.5394,0.7334,1.7334,1,1,1,1,1,2
11019,Buckau,52.110554,11.632778,,0,0,0,0,0,0,0,0,0,0,0,0,0,0,0,0,0,0,1,1,1,1,1,1,0,0,0,0,0,0,0,0,0,0,0,0,0,0,0,0,0,0,745.6,745.6,297.5,132.5,99.7,99.7,0.3,0.3,0.3,0.4687,0.5507,0.5507,1,1,1,1,1,1
11020,Burg b. M.,52.269722,11.854722,16773.0,1,1,1,1,1,1,0,0,0,0,0,0,0,0,0,0,0,0,1,1,1,1,1,1,0,0,0,0,0,0,1,1,1,1,1,1,0,0,0,0,0,0,763.1,763.1,301.4,154.4,109.4,109.4,2.5,2.5,2.5,2.6141,2.7265,2.7265,3,3,3,3,3,3
11021,Calbe a. d. Milde,52.655834,11.388889,3487.0,0,0,0,0,0,0,0,0,0,0,0,0,0,0,0,0,0,0,1,1,1,1,1,1,0,0,0,0,0,0,0,0,0,0,0,0,0,0,0,0,0,0,763.4,763.4,354.7,188.1,161.1,161.1,0.3,0.3,0.3,0.3298,0.3972,0.3972,1,1,1,1,1,1
11022,Calbe a. d. Saale,51.902779,11.774722,1160.0,1,1,1,1,1,1,0,0,0,0,0,0,0,0,0,0,0,0,1,1,1,1,1,1,0,0,0,0,0,0,1,1,1,1,1,1,0,0,0,0,0,0,722.4,722.4,273.9,114.9,75.0,75.0,2.5,2.5,2.5,2.7127,2.8125,2.8125,3,3,3,3,3,3
11023,Cochstedt,51.880833,11.406944,12449.0,0,0,0,0,0,0,0,0,0,0,0,0,0,0,0,0,0,0,1,1,1,1,1,1,0,0,0,0,0,0,0,0,0,0,0,0,0,0,0,0,0,0,720.7,720.7,290.3,103.6,89.8,89.8,0.3,0.3,0.3,0.541,0.5754,0.5754,1,1,1,1,1,1
11024,Coswig (Anahlt),51.885555,12.4575,1250.0,0,0,1,1,1,1,0,0,0,0,0,0,0,0,0,0,0,0,1,1,1,1,1,1,0,0,0,0,0,0,0,0,0,0,0,0,0,0,0,0,0,0,721.7,721.7,242.6,141.1,61.0,61.0,0.3,0.3,1.8,1.9471,2.1476,2.1476,1,1,2,2,2,2
11025,Dardesheim,51.976112,10.838056,,0,0,0,0,0,0,0,0,0,0,0,0,0,0,0,0,0,0,1,1,1,1,1,1,0,0,0,0,0,0,0,0,0,0,0,0,0,0,0,0,0,0,694.5,694.5,326.9,111.7,111.7,111.7,0.3,0.3,0.3,0.5207,0.5207,0.5207,1,1,1,1,1,1
11026,Delitzsch,51.522778,12.3325,1377.0,1,1,1,1,1,1,0,0,0,0,0,0,0,0,0,0,0,0,1,1,1,1,1,1,0,0,0,1,1,1,0,0,0,0,0,0,0,0,0,0,0,0,680.9,680.9,216.8,108.8,20.6,20.6,1.8,1.8,1.8,3.0279,3.2486,3.2486,2,2,2,3,3,3
11027,Derenburg,51.870834,10.908334,1397.0,0,0,0,0,0,0,0,0,0,0,0,0,0,0,0,0,0,0,1,1,1,1,1,1,0,0,0,0,1,1,0,0,0,0,0,0,0,0,0,0,0,0,693.7,693.7,315.9,99.6,99.6,99.6,0.3,0.3,0.3,0.5511,1.5511,1.5511,1,1,1,1,2,2
11028,Dessau,51.830833,12.241667,1401.0,0,0,0,0,0,0,0,0,0,0,0,0,0,0,0,0,0,0,1,1,1,1,1,1,0,0,0,0,0,0,0,0,0,0,0,0,0,0,0,0,0,0,714.8,714.8,246.7,126.5,55.4,55.4,0.3,0.3,0.3,0.4837,0.6616,0.6616,1,1,1,1,1,1
11029,Dingelstaedt,51.314999,10.314722,,0,0,0,0,0,0,0,0,0,0,0,0,0,0,0,0,0,0,1,1,1,1,1,1,0,0,0,0,0,0,0,0,0,0,0,0,0,0,0,0,0,0,631.0,631.0,319.7,62.5,62.5,62.5,0.3,0.3,0.3,0.6437,0.6437,0.6437,1,1,1,1,1,1
11030,Dommitzsch,51.639721,12.883333,1511.0,0,0,0,0,0,0,0,0,0,0,0,0,0,0,0,0,0,0,1,1,1,1,1,1,0,0,0,0,0,0,0,0,0,0,0,0,0,0,0,0,0,0,697.0,697.0,203.6,148.1,48.6,48.6,0.3,0.3,0.3,0.4296,0.6785,0.6785,1,1,1,1,1,1
11031,Dueben,51.59111,12.584723,,0,0,0,0,0,0,0,0,0,0,0,0,0,0,0,0,0,0,1,1,1,1,1,1,0,0,0,0,0,0,0,0,0,0,0,0,0,0,0,0,0,0,689.6,689.6,211.1,127.6,31.6,31.6,0.3,0.3,0.3,0.481,0.7211,0.7211,1,1,1,1,1,1
11032,Eckartsberga,51.122501,11.561111,1672.0,0,1,1,1,1,1,0,0,0,0,0,0,0,0,0,0,0,0,1,1,1,1,1,1,0,0,0,1,1,1,0,0,0,0,0,0,0,0,0,0,0,0,636.0,636.0,232.3,40.2,40.2,40.2,0.3,1.8,1.8,3.1994,3.1994,3.1994,1,2,2,3,3,3
11033,Egeln,51.941387,11.425278,1686.0,1,1,1,1,1,1,0,0,0,0,0,0,0,0,0,0,0,0,1,1,1,1,1,1,0,0,0,0,0,0,0,0,0,0,0,0,0,0,0,0,0,0,727.4,727.4,293.9,110.4,93.6,93.6,1.8,1.8,1.8,2.0239,2.0661,2.0661,2,2,2,2,2,2
11034,Eilenburg,51.459999,12.633333,1721.0,1,1,1,1,1,1,0,0,0,0,0,0,0,0,0,0,0,0,1,1,1,1,1,1,0,0,0,0,0,0,0,0,0,0,0,0,0,0,0,0,0,0,675.4,675.4,197.7,123.6,22.5,22.5,1.8,1.8,1.8057,1.9909,2.2438,2.2438,2,2,2,2,2,2
11035,Eisleben,51.528332,11.547778,1741.0,0,0,0,0,0,0,0,0,0,0,0,0,0,0,0,0,0,0,1,1,1,1,1,1,0,0,0,0,0,0,0,0,0,0,0,0,0,0,0,0,0,0,681.1,681.1,257.7,70.8,60.9,60.9,0.3,0.3,0.3,0.6229,0.6477,0.6477,1,1,1,1,1,1
11036,Elbingerode,51.769444,10.803056,,0,0,0,0,0,0,0,0,0,0,0,0,0,0,0,0,0,0,0,0,0,0,0,0,0,0,0,0,0,0,0,0,0,0,0,0,0,0,0,0,0,0,682.3,682.3,315.0,89.4,89.4,89.4,0.0,0.0,0.0,0.2766,0.2766,0.2766,0,0,0,0,0,0
11037,Ellrich,51.587502,10.665556,1770.0,0,0,0,0,0,0,0,0,0,0,0,0,0,0,0,0,0,0,1,1,1,1,1,1,0,0,0,0,0,0,0,0,0,0,0,0,0,0,0,0,0,0,665.3,665.3,312.0,72.4,72.4,72.4,0.3,0.3,0.3,0.6191,0.6191,0.6191,1,1,1,1,1,1
11038,Elsterwerda,51.460556,13.52,,0,0,0,0,0,0,0,0,0,0,0,0,0,0,0,0,0,0,1,1,1,1,1,1,0,0,0,0,0,0,0,0,0,0,0,0,0,0,0,0,0,0,683.9,683.9,165.3,165.3,80.7,80.7,0.3,0.3,0.3867,0.3867,0.5983,0.5983,1,1,1,1,1,1
11039,Erfurt,50.976944,11.027223,1826.0,0,0,0,0,0,0,0,0,0,0,0,0,0,0,0,0,0,0,1,1,1,1,1,1,1,1,1,1,1,1,0,0,0,0,0,0,0,0,0,0,0,0,622.6,622.6,259.5,0.4,0.4,0.4,1.3,1.3,1.3,1.7989,1.7989,1.7989,2,2,2,2,2,2
11040,Ermsleben,51.731945,11.343889,1837.0,0,0,0,0,0,0,0,0,0,0,0,0,0,0,0,0,0,0,1,1,1,1,1,1,0,0,0,0,0,0,0,0,0,0,0,0,0,0,0,0,0,0,704.4,704.4,282.8,86.5,83.5,83.5,0.3,0.3,0.3,0.5838,0.5913,0.5913,1,1,1,1,1,1
11041,Freyburg,51.212502,11.768888,2014.0,0,0,0,0,0,0,0,0,0,0,0,0,0,0,0,0,0,0,1,1,1,1,1,1,0,0,0,0,1,1,0,0,0,0,0,0,0,0,0,0,0,0,645.6,645.6,225.0,57.6,44.3,44.3,0.3,0.3,0.3,0.656,1.6891,1.6891,1,1,1,1,2,2
11042,Gardelegen,52.526943,11.393056,2094.0,0,1,1,1,1,1,0,0,0,0,0,0,0,0,0,0,0,0,1,1,1,1,1,1,0,0,0,0,0,0,1,1,1,1,1,1,0,0,0,0,0,0,756.6,756.6,343.3,173.9,148.1,148.1,1.0,2.5,2.5,2.5652,2.6297,2.6297,1,3,3,3,3,3
11043,Gebesee,51.115276,10.930278,2124.0,0,0,0,0,0,0,0,0,0,0,0,0,0,0,0,0,0,0,1,1,1,1,1,1,0,0,0,0,0,0,0,0,0,0,0,0,0,0,0,0,0,0,638.6,638.6,271.6,16.8,16.8,16.8,0.3,0.3,0.3,0.758,0.758,0.758,1,1,1,1,1,1
11044,Gefell,50.438057,11.858334,2129.0,0,0,0,0,0,0,0,0,0,0,0,0,0,0,0,0,0,0,1,1,1,1,1,1,0,0,0,0,0,1,0,0,0,0,0,0,0,0,0,0,0,0,559.5,559.5,186.3,83.6,83.6,83.6,0.3,0.3,0.3342,0.5909,0.5909,1.5909,1,1,1,1,1,2
11045,Genthin,52.405834,12.154166,,0,0,0,0,0,0,0,0,0,0,0,0,0,0,0,0,0,0,1,1,1,1,1,1,0,0,0,0,0,0,0,0,0,0,0,0,0,0,0,0,0,0,778.5,778.5,302.2,176.5,119.5,119.5,0.3,0.3,0.3,0.3587,0.5013,0.5013,1,1,1,1,1,1
11046,Gerbstedt,51.63139,11.627778,12456.0,0,0,0,0,0,0,0,0,0,0,0,0,0,0,0,0,0,0,1,1,1,1,1,1,1,1,1,1,1,1,0,0,0,0,0,0,0,0,0,0,0,0,692.4,692.4,260.6,83.5,61.0,61.0,1.3,1.3,1.3,1.5912,1.6476,1.6476,2,2,2,2,2,2
11047,Gernrode,51.724998,11.143333,12458.0,0,0,0,0,0,0,0,0,0,0,0,0,0,0,0,0,0,0,1,1,1,1,1,1,0,0,0,0,0,0,0,0,0,0,0,0,0,0,0,0,0,0,701.6,701.6,293.2,83.3,83.3,83.3,0.3,0.3,0.3,0.5917,0.5917,0.5917,1,1,1,1,1,1
11048,Goerzke,52.171944,12.374166,2325.0,0,0,0,0,0,0,0,0,0,0,0,0,0,0,0,0,0,0,1,1,1,1,1,1,0,0,0,0,0,0,0,0,0,0,0,0,0,0,0,0,0,0,753.1,753.1,272.2,161.8,92.5,92.5,0.3,0.3,0.3,0.3954,0.5686,0.5686,1,1,1,1,1,1
11049,Gommern,52.073055,11.825277,,0,0,0,0,0,0,0,0,0,0,0,0,0,0,0,0,0,0,1,1,1,1,1,1,0,0,0,0,0,0,0,0,0,0,0,0,0,0,0,0,0,0,741.3,741.3,285.7,133.5,89.9,89.9,0.3,0.3,0.3,0.4663,0.5754,0.5754,1,1,1,1,1,1
11050,Graefenhainichen,51.729168,12.455556,2374.0,0,1,1,1,1,1,0,0,0,0,0,0,0,0,0,0,0,0,0,0,1,1,1,1,0,0,0,0,0,0,0,0,0,0,0,0,0,0,0,0,0,0,704.3,704.3,228.7,129.3,43.7,43.7,0.0,1.5,1.8,1.9767,2.1908,2.1908,0,2,2,2,2,2
11051,Groebzig,51.682499,11.874722,12461.0,0,0,0,0,0,1,0,0,0,0,0,0,0,0,0,0,0,0,1,1,1,1,1,1,0,0,0,1,1,1,0,0,0,0,0,0,0,0,0,0,0,0,697.8,697.8,251.7,97.7,51.4,51.4,0.3,0.3,0.3,1.5557,1.6715,3.1715,1,1,1,2,2,3
11052,Groeningen,51.936943,11.218611,,0,0,0,1,1,1,0,0,0,0,0,0,0,0,0,0,0,0,1,1,1,1,1,1,0,0,0,0,0,0,0,0,0,0,0,0,0,0,0,0,0,0,716.1,716.1,304.1,107.3,103.7,103.7,0.3,0.3,0.3,2.0317,2.0407,2.0407,1,1,1,2,2,2
11053,Grossalsleben,51.980556,11.226111,,0,0,0,0,0,0,0,0,0,0,0,0,0,0,0,0,0,0,1,1,1,1,1,1,0,0,0,0,0,0,0,0,0,0,0,0,0,0,0,0,0,0,718.6,718.6,306.9,112.2,106.5,106.5,0.3,0.3,0.3,0.5195,0.5338,0.5338,1,1,1,1,1,1
11054,Gross Apenburg,52.708332,11.203333,12469.0,0,0,0,0,0,0,0,0,0,0,0,0,0,0,0,0,0,0,1,1,1,1,1,1,0,0,0,0,0,0,0,0,0,0,0,0,0,0,0,0,0,0,752.7,752.7,367.0,192.7,165.6,165.6,0.3,0.3,0.3,0.3183,0.3861,0.3861,1,1,1,1,1,1
11055,Guentersberge,51.644722,10.981112,2694.0,0,0,0,0,0,0,0,0,0,0,0,0,0,0,0,0,0,0,1,1,1,1,1,1,0,0,0,0,0,0,0,0,0,0,0,0,0,0,0,0,0,0,687.8,687.8,297.1,74.1,74.1,74.1,0.3,0.3,0.3,0.6146,0.6146,0.6146,1,1,1,1,1,1
11056,Guesten,51.794445,11.605278,12471.0,0,0,0,1,1,1,0,0,0,0,0,0,0,0,0,0,0,0,1,1,1,1,1,1,0,0,0,0,0,0,0,0,0,0,0,0,0,0,0,0,0,0,710.6,710.6,273.7,99.0,73.3,73.3,0.3,0.3,0.3,2.0524,2.1167,2.1167,1,1,1,2,2,2
11057,Hadmersleben,51.991943,11.301389,2736.0,0,0,0,1,1,1,0,0,0,0,0,0,0,0,0,0,0,0,1,1,1,1,1,1,0,0,0,0,0,0,0,0,0,0,0,0,0,0,0,0,0,0,723.8,723.8,304.0,114.2,103.6,103.6,0.3,0.3,0.3,2.0145,2.0411,2.0411,1,1,1,2,2,2
11058,Halberstadt,51.896111,11.047222,2758.0,1,1,1,1,1,1,0,0,0,0,0,0,0,0,0,0,0,0,1,1,1,1,1,1,1,1,1,1,1,1,0,0,0,0,0,0,0,0,0,0,0,0,703.5,703.5,310.1,102.0,102.0,102.0,2.8,2.8,2.8,3.045,3.045,3.045,3,3,3,3,3,3
11059,Haldensleben,52.291111,11.410833,2760.0,1,1,1,1,1,1,0,0,0,0,0,0,0,0,0,0,0,0,1,1,1,1,1,1,0,0,0,0,0,0,1,1,1,1,1,1,0,0,0,0,0,0,745.2,745.2,322.5,148.2,124.8,124.8,2.5,2.5,2.5,2.6294,2.6881,2.6881,3,3,3,3,3,3
11060,Halle a. d. S.,51.482224,11.970555,2765.0,1,1,1,1,1,1,0,0,0,0,0,0,0,0,0,0,0,0,1,1,1,1,1,1,0,0,1,1,1,1,0,0,0,0,0,0,0,0,0,0,0,0,675.6,675.6,231.8,86.0,32.1,32.1,1.8,1.8,2.8,3.085,3.2197,3.2197,2,2,3,3,3,3
11061,Harzgerode,51.640556,11.139167,12472.0,0,0,1,1,1,1,0,0,0,0,0,0,0,0,0,0,0,0,1,1,1,1,1,1,0,0,0,0,0,0,0,0,0,0,0,0,0,0,0,0,0,0,695.3,695.3,287.9,74.0,74.0,74.0,0.3,0.3,1.8,2.1151,2.1151,2.1151,1,1,2,2,2,2
11062,Hecklingen,51.847221,11.533334,,0,0,0,0,0,0,0,0,0,0,0,0,0,0,0,0,0,0,1,1,1,1,1,1,0,0,0,0,0,0,0,0,0,0,0,0,0,0,0,0,0,0,716.6,716.6,281.4,102.6,80.9,80.9,0.3,0.3,0.3,0.5434,0.5977,0.5977,1,1,1,1,1,1
11063,Heiligenstadt,51.378334,10.137777,59.0,1,1,1,1,1,1,0,0,0,0,0,0,0,0,0,0,0,0,1,1,1,1,1,1,0,0,0,0,0,0,0,0,0,0,0,0,0,0,0,0,0,0,622.4,622.4,333.8,76.6,76.6,76.6,1.8,1.8,1.8,2.1085,2.1085,2.1085,2,2,2,2,2,2
11064,Heldrungen,51.299446,11.215278,12474.0,0,0,0,0,0,0,0,0,0,0,0,0,0,0,0,0,0,0,1,1,1,1,1,1,0,0,0,0,0,0,0,0,0,0,0,0,0,0,0,0,0,0,657.1,657.1,263.0,37.9,37.9,37.9,0.3,0.3,0.3,0.7053,0.7053,0.7053,1,1,1,1,1,1
11065,Heringen,51.446945,10.875556,12479.0,0,0,1,1,1,1,0,0,0,0,0,0,0,0,0,0,0,0,1,1,1,1,1,1,0,0,0,0,0,0,0,0,0,0,0,0,0,0,0,0,0,0,672.5,672.5,291.6,53.2,53.2,53.2,0.3,0.3,1.8,2.167,2.167,2.167,1,1,2,2,2,2
11066,Herzberg (Elster),51.692223,13.235278,3008.0,0,0,0,0,0,0,0,0,0,0,0,0,0,0,0,0,0,0,1,1,1,1,1,1,0,0,0,0,0,0,0,0,0,0,0,0,0,0,0,0,0,0,706.0,706.0,196.9,172.3,71.4,71.4,0.3,0.3,0.3078,0.3691,0.6215,0.6215,1,1,1,1,1,1
11067,Hettstedt,51.644722,11.514444,3029.0,0,0,0,0,0,0,0,0,0,0,0,0,0,0,0,0,0,0,1,1,1,1,1,1,0,0,0,0,1,1,0,0,0,0,0,0,0,0,0,0,0,0,694.1,694.1,267.5,81.3,68.4,68.4,0.3,0.3,0.3,0.5968,1.6289,1.6289,1,1,1,1,2,2
11068,Hohenmoelsen,51.156113,12.099722,,1,1,1,1,1,1,0,0,0,0,0,0,0,0,0,0,0,0,1,1,1,1,1,1,0,0,0,0,0,0,0,0,0,0,0,0,0,0,0,0,0,0,639.5,639.5,202.3,77.1,27.9,27.9,1.8,1.8,1.8,2.1072,2.2302,2.2302,2,2,2,2,2,2
11069,Hornburg (Mansfelder Land),51.452499,11.591111,,0,0,0,0,0,0,0,0,0,0,0,0,0,0,0,0,0,0,1,1,1,1,1,1,0,0,0,0,0,0,0,0,0,0,0,0,0,0,0,0,0,0,672.6,672.6,250.3,65.5,55.7,55.7,0.3,0.3,0.3,0.6363,0.6608,0.6608,1,1,1,1,1,1
11070,Hoym,51.784721,11.3125,9792.0,0,0,0,0,0,0,0,0,0,0,0,0,0,0,0,0,0,0,1,1,1,1,1,1,0,0,0,0,0,0,0,0,0,0,0,0,0,0,0,0,0,0,710.4,710.4,288.2,91.7,88.5,88.5,0.3,0.3,0.3,0.5707,0.5789,0.5789,1,1,1,1,1,1
11071,Jerichow,52.498333,12.024722,3413.0,0,1,1,1,1,1,0,0,0,0,0,0,0,0,0,0,0,0,1,1,1,1,1,1,0,0,0,0,0,0,1,1,1,1,1,1,0,0,0,0,0,0,788.6,788.6,315.6,182.3,131.0,131.0,1.0,2.5,2.5,2.5444,2.6724,2.6724,1,3,3,3,3,3
11072,Jessen,51.790001,12.954722,3422.0,0,0,0,1,1,1,0,0,0,0,0,0,0,0,0,0,0,0,1,1,1,1,1,1,0,0,0,1,1,1,0,0,0,0,0,0,0,0,0,0,0,0,714.2,714.2,215.4,161.0,64.2,64.2,0.3,0.3,0.3,2.8975,3.1395,3.1395,1,1,1,3,3,3
11073,Jessnitz,51.684166,12.301111,,0,0,0,0,0,0,0,0,0,0,0,0,0,0,0,0,0,0,0,1,1,1,1,1,0,0,0,0,0,0,0,0,0,0,0,0,0,0,0,0,0,0,698.7,698.7,231.6,118.0,38.6,38.6,0.0,0.3,0.3,0.5051,0.7034,0.7034,0,1,1,1,1,1
11074,Kelbra,51.435555,11.041389,3612.0,0,0,0,0,0,0,0,0,0,0,0,0,0,0,0,0,0,0,1,1,1,1,1,1,0,1,1,1,1,1,0,0,0,0,0,0,0,0,0,0,0,0,673.2,673.2,281.0,50.8,50.8,50.8,0.3,1.3,1.3,1.673,1.673,1.673,1,2,2,2,2,2
11075,Kemberg,51.772221,12.633611,3616.0,0,0,1,1,1,1,0,0,0,0,0,0,0,0,0,0,0,0,1,1,1,1,1,1,0,0,0,0,0,0,1,1,1,1,1,1,0,0,0,0,0,0,710.0,710.0,225.4,141.9,51.4,51.4,1.0,1.0,2.5,2.6453,2.8716,2.8716,1,1,3,3,3,3
11076,Kindelbrueck,51.259445,11.089444,3657.0,0,1,1,1,1,1,0,0,0,0,0,0,0,0,0,0,0,0,1,1,1,1,1,1,0,0,0,1,1,1,0,0,0,0,0,0,0,0,0,0,0,0,653.4,653.4,268.5,31.5,31.5,31.5,0.3,1.8,1.8,3.2213,3.2213,3.2213,1,2,2,3,3,3
11077,Kloetze,52.62611,11.161389,,0,0,0,0,0,0,0,0,0,0,0,0,0,0,0,0,0,0,0,0,1,1,1,1,0,0,0,0,0,0,0,0,0,0,0,0,0,0,0,0,0,0,748.5,748.5,361.8,183.4,165.4,165.4,0.0,0.0,0.3,0.3415,0.3866,0.3866,0,0,1,1,1,1
11078,Koelleda,51.18861,11.2475,12493.0,0,0,0,1,1,1,0,0,0,0,0,0,0,0,0,0,0,0,1,1,1,1,1,1,0,0,0,0,0,1,0,0,0,0,0,0,0,0,0,0,0,0,644.6,644.6,255.1,27.7,27.7,27.7,0.3,0.3,0.3,2.2306,2.2306,3.2306,1,1,1,2,2,3
11079,Koennern,51.669998,11.7675,3934.0,0,0,0,0,0,0,0,0,0,0,0,0,0,0,0,0,0,0,1,1,1,1,1,1,0,0,0,0,0,0,0,0,0,0,0,0,0,0,0,0,0,0,696.5,696.5,256.2,92.3,55.7,55.7,0.3,0.3,0.3,0.5693,0.6607,0.6607,1,1,1,1,1,1
11080,Bad Koesen,51.13361,11.719444,,0,0,0,0,0,0,0,0,0,0,0,0,0,0,0,0,0,0,1,1,1,1,1,1,0,0,0,0,0,0,0,0,0,0,0,0,0,0,0,0,0,0,636.9,636.9,223.3,51.0,51.0,51.0,0.3,0.3,0.3,0.6725,0.6726,0.6726,1,1,1,1,1,1
11081,Koethen,51.75111,11.973333,3990.0,0,0,0,0,0,0,0,0,0,0,0,0,0,0,0,0,0,0,1,1,1,1,1,1,0,0,0,0,0,1,0,0,0,0,0,0,0,0,0,0,0,0,705.5,705.5,252.3,107.9,53.5,53.5,0.3,0.3,0.3,0.5303,0.6664,1.6664,1,1,1,1,1,2
11082,Kroppenstedt,51.941944,11.308611,12495.0,0,1,1,1,1,1,0,0,0,0,0,0,0,0,0,0,0,0,1,1,1,1,1,1,1,1,1,1,1,1,0,0,0,0,0,0,0,0,0,0,0,0,721.9,721.9,299.8,108.8,99.4,99.4,1.3,2.8,2.8,3.028,3.0515,3.0515,2,3,3,3,3,3
11083,Landsberg bei Halle,51.525276,12.158611,4222.0,0,0,0,0,0,0,0,0,0,0,0,0,0,0,0,0,0,0,1,1,1,1,1,1,0,0,0,0,0,0,0,0,0,0,0,0,0,0,0,0,0,0,680.7,680.7,225.5,99.2,25.4,25.4,0.3,0.3,0.3,0.5521,0.7364,0.7364,1,1,1,1,1,1
11084,Langensalza,51.106667,10.649445,4249.0,1,1,1,1,1,1,0,0,0,0,0,0,0,0,0,0,0,0,1,1,1,1,1,1,0,0,1,1,1,1,0,0,0,0,0,0,0,0,0,0,0,0,640.3,640.3,289.3,30.3,30.3,30.3,1.8,1.8,2.8,3.2241,3.2241,3.2241,2,2,3,3,3,3
11085,Laucha,51.22361,11.676111,12499.0,0,0,0,1,1,1,0,0,0,0,0,0,0,0,0,0,0,0,1,1,1,1,1,1,0,0,0,0,1,1,0,0,0,0,0,0,0,0,0,0,0,0,647.0,647.0,231.1,52.5,50.2,50.2,0.3,0.3,0.3,2.1687,3.1746,3.1746,1,1,1,2,3,3
11086,Bad Lauchstaedt,51.386944,11.866944,,0,0,0,0,1,1,0,0,0,0,0,0,0,0,0,0,0,0,1,1,1,1,1,1,0,0,0,0,0,0,0,0,0,0,0,0,0,0,0,0,0,0,665.0,665.0,230.6,73.8,35.5,35.5,0.3,0.3,0.3,0.6156,2.2112,2.2112,1,1,1,1,2,2
11087,Leimbach,51.604443,11.463889,4333.0,0,0,0,0,0,0,0,0,0,0,0,0,0,0,0,0,0,0,1,1,1,1,1,1,0,0,0,0,0,0,0,0,0,0,0,0,0,0,0,0,0,0,689.8,689.8,267.5,75.8,69.5,69.5,0.3,0.3,0.3,0.6106,0.6262,0.6262,1,1,1,1,1,1
11088,Leopoldshall,51.848888,11.598889,,0,0,0,0,0,0,0,0,0,0,0,0,0,0,0,0,0,0,0,0,0,0,0,0,0,0,0,0,0,0,0,0,0,0,0,0,0,0,0,0,0,0,716.6,716.6,278.2,104.4,77.9,77.9,0.0,0.0,0.0,0.2389,0.3053,0.3053,0,0,0,0,0,0
11089,Bad Liebenwerda,51.515835,13.393888,10765.0,0,0,0,0,0,0,0,0,0,0,0,0,0,0,0,0,0,0,1,1,1,1,1,1,0,0,0,0,0,0,0,0,0,0,0,0,0,0,0,0,0,0,688.4,688.4,174.5,174.5,73.4,73.4,0.3,0.3,0.3638,0.3638,0.6164,0.6164,1,1,1,1,1,1
11090,Lindau,52.035831,12.101944,,0,0,0,0,0,0,0,0,0,0,0,0,0,0,0,0,0,0,1,1,1,1,1,1,0,0,0,0,0,0,0,0,0,0,0,0,0,0,0,0,0,0,737.3,737.3,270.5,138.9,79.6,79.6,0.3,0.3,0.3,0.4528,0.6009,0.6009,1,1,1,1,1,1
11091,Loburg,52.115833,12.079166,4532.0,0,0,0,0,0,0,0,0,0,0,0,0,0,0,0,0,0,0,1,1,1,1,1,1,0,0,0,0,0,0,0,0,0,0,0,0,0,0,0,0,0,0,746.2,746.2,278.6,145.7,88.6,88.6,0.3,0.3,0.3,0.4358,0.5784,0.5784,1,1,1,1,1,1
11092,Loebejuen,51.637222,11.901667,4525.0,0,1,1,1,1,1,0,0,0,0,0,0,0,0,0,0,0,0,1,1,1,1,1,1,0,0,0,0,0,0,0,0,0,0,0,0,0,0,0,0,0,0,692.8,692.8,246.9,94.9,46.5,46.5,0.3,1.8,1.8,2.0627,2.1838,2.1838,1,2,2,2,2,2
11093,Luetzen,51.255833,12.141111,4683.0,0,0,0,0,0,1,0,0,0,0,0,0,0,0,0,0,0,0,0,1,1,1,1,1,0,0,0,0,0,0,0,0,0,0,0,0,0,0,0,0,0,0,650.7,650.7,206.6,83.3,18.6,18.6,0.0,0.3,0.3,0.5918,0.7534,2.2534,0,1,1,1,1,2
11094,Magdeburg,52.12611,11.6325,4705.0,1,1,1,1,1,1,0,0,0,0,0,0,0,0,0,0,0,0,1,1,1,1,1,1,0,1,1,1,1,1,1,1,1,1,1,1,0,0,0,0,0,0,747.4,747.4,298.8,134.2,101.2,101.2,2.5,3.5,3.5,3.6646,3.7469,3.7469,3,3,3,3,3,3
11095,Mansfeld,51.593334,11.452778,4742.0,0,1,1,1,1,1,0,0,0,0,0,0,0,0,0,0,0,0,1,1,1,1,1,1,0,0,0,0,0,0,0,0,0,0,0,0,0,0,0,0,0,0,688.6,688.6,267.3,74.3,69.7,69.7,0.3,1.8,1.8,2.1142,2.1257,2.1257,1,2,2,2,2,2
11096,Merseburg,51.358055,11.992778,4891.0,0,0,0,0,0,0,0,0,0,0,0,0,0,0,0,0,0,0,1,1,1,1,1,1,0,0,0,0,1,1,0,0,0,0,0,0,0,0,0,0,0,0,661.8,661.8,221.8,79.1,26.5,26.5,0.3,0.3,0.3,0.6022,1.7338,1.7338,1,1,1,1,2,2
11097,Moeckern,52.139721,11.9525,16297.0,0,0,0,0,0,0,0,0,0,0,0,0,0,0,0,0,0,0,1,1,1,1,1,1,0,0,0,0,0,0,1,1,1,1,1,1,0,0,0,0,0,0,748.7,748.7,285.9,143.9,93.6,93.6,1.0,1.0,1.0,1.1402,1.2661,1.2661,1,1,1,1,1,1
11098,Muecheln,51.301945,11.804167,12508.0,0,0,1,1,1,1,0,0,0,0,0,0,0,0,0,0,0,0,1,1,1,1,1,1,0,0,0,0,0,0,0,0,0,0,0,0,0,0,0,0,0,0,655.5,655.5,228.5,64.7,39.8,39.8,0.3,0.3,1.8,2.1382,2.2006,2.2006,1,1,2,2,2,2
11099,Muehlberg,51.433613,13.216389,14326.0,0,0,0,0,0,0,0,0,0,0,0,0,0,0,0,0,0,0,1,1,1,1,1,1,0,0,0,0,0,0,0,0,0,0,0,0,0,0,0,0,0,0,677.4,677.4,172.0,160.3,59.4,59.4,0.3,0.3,0.37,0.3992,0.6514,0.6514,1,1,1,1,1,1
11100,Muehlhausen i. Thuer.,51.209721,10.458333,9507.0,1,1,1,1,1,1,0,0,0,0,0,0,0,0,0,0,0,0,1,1,1,1,1,1,0,1,1,1,1,1,0,0,0,0,0,0,0,0,2,2,2,2,635.9,635.9,306.0,47.6,47.6,47.6,1.8,2.8,6.8,7.1809,7.1809,7.1809,2,3,3,3,3,3
11101,Naumburg (Saale),51.151943,11.809722,5165.0,0,1,1,1,1,1,0,0,0,0,0,0,0,0,0,0,0,0,1,1,1,1,1,1,0,1,1,1,1,1,0,0,0,0,0,0,0,0,0,0,0,0,638.9,638.9,219.0,57.6,44.4,44.4,0.3,2.8,2.8,3.156,3.1889,3.1889,1,3,3,3,3,3
11102,Nebra,51.288887,11.5775,10543.0,0,1,1,1,1,1,0,0,0,0,0,0,0,0,0,0,0,0,1,1,1,1,1,1,0,0,0,0,0,0,0,0,0,0,0,0,0,0,0,0,0,0,654.4,654.4,240.8,51.3,51.3,51.3,0.3,1.8,1.8,2.1717,2.1717,2.1717,1,2,2,2,2,2
11103,Nienburg (Saale),51.836388,11.766111,5397.0,0,0,0,0,0,0,0,0,0,0,0,0,0,0,0,0,0,0,1,1,1,1,1,1,0,0,0,0,0,0,0,0,0,0,0,0,0,0,0,0,0,0,715.0,715.0,269.0,108.1,69.3,69.3,0.3,0.3,0.3,0.5298,0.6266,0.6266,1,1,1,1,1,1
11104,Nordhausen,51.500278,10.791389,5460.0,1,1,1,1,1,1,0,0,0,0,0,0,0,0,0,0,0,0,1,1,1,1,1,1,0,1,1,1,1,1,0,0,0,0,0,0,2,2,2,2,2,2,669.4,669.4,299.6,60.4,60.4,60.4,5.8,6.8,6.8,7.149,7.149,7.149,3,3,3,3,3,3
11105,Oebisfelde,52.435001,10.987223,5579.0,0,0,0,0,1,1,0,0,0,0,0,0,0,0,0,0,0,0,1,1,1,1,1,1,0,0,0,0,0,1,0,0,0,0,0,0,0,0,0,0,0,0,727.6,727.6,353.8,162.0,154.5,154.5,0.3,0.3,0.3,0.3951,1.9137,2.9137,1,1,1,1,2,3
11106,Oranienbaum (Anhalt),51.797779,12.404722,,0,0,0,0,0,0,0,0,0,0,0,0,0,0,0,0,0,0,1,1,1,1,1,1,0,0,0,0,0,0,0,0,0,0,0,0,0,0,0,0,0,0,711.7,711.7,236.9,131.7,51.0,51.0,0.3,0.3,0.3,0.4706,0.6725,0.6725,1,1,1,1,1,1
11107,Ortrand,51.375557,13.756945,5688.0,1,1,1,1,1,1,0,0,0,0,0,0,0,0,0,0,0,0,1,1,1,1,1,1,0,0,0,0,0,0,0,0,0,0,0,0,0,0,0,0,0,0,678.0,678.0,150.7,150.7,96.2,96.2,1.8,1.8,1.9233,1.9233,2.0596,2.0596,2,2,2,2,2,2
11108,Oschersleben,52.02639,11.226944,11493.0,1,1,1,1,1,1,0,0,0,0,0,0,0,0,0,0,0,0,1,1,1,1,1,1,0,0,0,0,0,0,0,0,0,0,0,0,0,0,0,0,0,0,720.8,720.8,310.3,117.3,109.9,109.9,1.8,1.8,1.8,2.0068,2.0253,2.0253,2,2,2,2,2,2
11109,Osterburg,52.787777,11.753612,5724.0,0,0,0,0,0,0,0,0,0,0,0,0,0,0,0,0,0,0,1,1,1,1,1,1,0,0,0,0,0,0,0,0,0,0,0,0,0,0,0,0,0,0,789.7,789.7,352.6,207.2,146.9,146.9,0.3,0.3,0.3,0.3,0.4327,0.4327,1,1,1,1,1,1
11110,Osterfeld,51.080555,11.932222,17453.0,0,0,0,0,0,0,0,0,0,0,0,0,0,0,0,0,0,0,0,1,1,1,1,1,0,0,0,0,0,0,1,1,1,1,1,1,0,0,0,0,0,0,630.9,630.9,207.5,63.9,42.1,42.1,0.7,1.0,1.0,1.3402,1.3947,1.3947,0,1,1,1,1,1
11111,Osterwieck,51.9725,10.706667,5735.0,0,0,0,1,1,1,0,0,0,0,0,0,0,0,0,0,0,0,1,1,1,1,1,1,0,1,1,1,1,1,0,0,0,0,0,0,0,0,0,0,0,0,686.3,686.3,333.7,112.8,112.8,112.8,0.3,1.3,1.3,3.018,3.018,3.018,1,2,2,3,3,3
11112,Prettin,51.661667,12.923333,12512.0,0,0,0,0,0,0,0,0,0,0,0,0,0,0,0,0,0,0,1,1,1,1,1,1,0,0,0,0,0,0,0,0,0,0,0,0,0,0,0,0,0,0,699.8,699.8,204.2,151.7,52.3,52.3,0.3,0.3,0.3,0.4206,0.6693,0.6693,1,1,1,1,1,1
11113,Pretzsch,51.715,12.807222,,0,0,0,0,0,0,0,0,0,0,0,0,0,0,0,0,0,0,1,1,1,1,1,1,0,0,0,0,0,0,0,0,0,0,0,0,0,0,0,0,0,0,704.8,704.8,213.4,147.9,51.4,51.4,0.3,0.3,0.3,0.4301,0.6715,0.6715,1,1,1,1,1,1
11114,Quedlinburg,51.789165,11.143888,6195.0,0,1,1,1,1,1,0,0,0,0,0,0,0,0,0,0,0,0,1,1,1,1,1,1,0,1,1,1,1,1,0,0,0,0,0,0,0,0,0,0,0,0,704.5,704.5,297.5,90.4,90.4,90.4,0.3,2.8,2.8,3.0739,3.0739,3.0739,1,3,3,3,3,3
11115,Querfurt,51.38028,11.601111,6200.0,0,0,0,0,0,0,0,0,0,0,0,0,0,0,0,0,0,0,1,1,1,1,1,1,0,1,1,1,1,1,0,0,0,0,0,0,0,0,0,0,0,0,664.5,664.5,245.0,59.7,53.8,53.8,0.3,1.3,1.3,1.6508,1.6655,1.6655,1,2,2,2,2,2
11116,Radegast,51.655277,12.0925,,0,0,0,0,0,0,0,0,0,0,0,0,0,0,0,0,0,0,1,1,1,1,1,1,0,0,0,0,0,0,0,0,0,0,0,0,0,0,0,0,0,0,695.0,695.0,238.9,105.3,40.1,40.1,0.3,0.3,0.3,0.5368,0.6997,0.6997,1,1,1,1,1,1
11117,Raguhn,51.708057,12.268611,12513.0,0,1,1,1,1,1,0,0,0,0,0,0,0,0,0,0,0,0,0,1,1,1,1,1,0,0,0,0,0,0,0,0,0,0,0,0,0,0,0,0,0,0,701.3,701.3,235.1,118.1,41.6,41.6,0.0,1.8,1.8,2.0048,2.196,2.196,0,2,2,2,2,2
11118,Ranis,50.660831,11.565556,11494.0,1,1,1,1,1,1,0,0,0,0,0,0,0,0,0,0,0,0,1,1,1,1,1,1,0,0,0,0,0,0,0,0,0,0,0,0,0,0,0,0,0,0,584.7,584.7,212.3,51.5,51.5,51.5,1.8,1.8,1.8,2.1713,2.1713,2.1713,2,2,2,2,2,2
11119,Rosslau,51.889721,12.243055,6541.0,0,0,0,0,0,0,0,0,0,0,0,0,0,0,0,0,0,0,1,1,1,1,1,1,0,0,0,0,0,0,0,0,0,0,0,0,0,0,0,0,0,0,721.4,721.4,251.8,131.5,61.8,61.8,0.3,0.3,0.3,0.4712,0.6455,0.6455,1,1,1,1,1,1
11120,Bad Sachsa,51.594444,10.551945,10421.0,0,0,0,0,0,1,0,0,0,0,0,0,0,0,0,0,0,0,1,1,1,1,1,1,0,0,0,0,0,0,0,0,0,0,0,0,0,0,0,0,0,0,658.4,658.4,319.2,76.2,76.2,76.2,0.3,0.3,0.3,0.6095,0.6095,2.1095,1,1,1,1,1,2
11121,Salzwedel,52.852779,11.153334,6712.0,1,1,1,1,1,1,0,0,0,0,0,0,0,0,0,0,0,0,1,1,1,1,1,1,0,0,0,0,0,0,0,0,0,0,0,0,0,0,0,0,0,0,749.4,749.4,381.7,208.6,152.2,152.2,1.8,1.8,1.8,1.8,1.9196,1.9196,2,2,2,2,2,2
11122,Sandau,52.789722,12.046111,6718.0,0,0,0,0,0,0,0,0,0,0,0,0,0,0,0,0,0,0,1,1,1,1,1,1,0,0,0,0,0,1,0,0,0,0,0,0,0,0,0,0,0,0,809.3,809.3,342.6,213.0,144.6,144.6,0.3,0.3,0.3,0.3,0.4386,1.4386,1,1,1,1,1,2
11123,Sandersleben,51.676388,11.5675,6723.0,0,0,1,1,1,1,0,0,0,0,0,0,0,0,0,0,0,0,1,1,1,1,1,1,0,0,0,0,0,0,0,0,0,0,0,0,0,0,0,0,0,0,697.5,697.5,267.0,86.0,67.2,67.2,0.3,0.3,1.8,2.085,2.1321,2.1321,1,1,2,2,2,2
11124,Sangerhausen,51.47361,11.298333,6731.0,0,1,1,1,1,1,0,0,0,0,0,0,0,0,0,0,0,0,1,1,1,1,1,1,0,0,0,0,1,1,0,0,0,0,0,0,0,0,0,0,0,0,676.0,676.0,268.2,58.1,58.1,58.1,0.3,1.8,1.8,2.1549,3.1549,3.1549,1,2,2,2,3,3
11125,Schafstaedt,51.383057,11.774167,6799.0,0,0,0,0,0,0,0,0,0,0,0,0,0,0,0,0,0,0,1,1,1,1,1,1,0,0,0,0,0,0,0,0,0,0,0,0,0,0,0,0,0,0,664.6,664.6,235.5,68.5,41.9,41.9,0.3,0.3,0.3,0.6288,0.6953,0.6953,1,1,1,1,1,1
11126,Schildau,51.45639,12.927222,12516.0,0,0,0,1,1,1,0,0,0,0,0,0,0,0,0,0,0,0,1,1,1,1,1,1,0,0,0,0,0,0,0,0,0,0,0,0,0,0,0,0,0,0,677.1,677.1,184.9,142.2,40.6,40.6,0.3,0.3,0.3376,1.9444,2.1986,2.1986,1,1,1,2,2,2
11127,Schkeuditz,51.396111,12.221666,6860.0,0,0,0,0,1,1,0,0,0,0,0,0,0,0,0,0,0,0,1,1,1,1,1,1,0,0,0,0,0,0,0,0,0,0,0,0,0,0,0,0,0,0,666.5,666.5,212.4,95.0,12.2,12.2,0.3,0.3,0.3,0.5626,2.2694,2.2694,1,1,1,1,2,2
11128,Schkoelen,51.041943,11.821667,17724.0,0,0,0,0,0,0,0,0,0,0,0,0,0,0,0,0,0,0,0,0,0,1,1,1,0,0,0,0,0,0,0,0,0,0,0,0,0,0,0,0,0,0,626.6,626.6,212.1,55.6,50.7,50.7,0.0,0.0,0.0,0.6609,0.6732,0.6732,0,0,0,1,1,1
11129,Schleusingen,50.508888,10.749166,6881.0,0,0,0,0,1,1,0,0,0,0,0,0,0,0,0,0,0,0,1,1,1,1,1,1,0,0,0,0,0,0,0,0,0,0,0,0,0,0,0,0,0,0,573.5,573.5,265.0,55.9,55.9,55.9,0.3,0.3,0.3,0.6602,2.1602,2.1602,1,1,1,1,2,2
11130,Schlieben,51.722221,13.384722,6885.0,0,0,0,0,0,0,0,0,0,0,0,0,0,0,0,0,0,0,1,1,1,1,1,1,0,0,0,0,0,0,0,0,0,0,0,0,0,0,0,0,0,0,710.9,710.9,195.8,183.1,81.9,81.9,0.3,0.3,0.3106,0.3424,0.5953,0.5953,1,1,1,1,1,1
11131,Bad Schmiedeberg,51.683887,12.7325,12517.0,0,0,0,0,0,0,0,0,0,0,0,0,0,0,0,0,0,0,1,1,1,1,1,1,0,0,0,0,0,0,0,0,0,0,0,0,0,0,0,0,0,0,700.8,700.8,213.4,141.7,45.6,45.6,0.3,0.3,0.3,0.4456,0.6859,0.6859,1,1,1,1,1,1
11132,Schoenebeck,52.724167,11.583055,,0,0,0,0,0,0,0,0,0,0,0,0,0,0,0,0,0,0,1,1,1,1,1,1,0,0,0,0,0,0,0,0,0,0,0,0,0,0,0,0,0,0,778.2,778.2,353.1,197.7,156.2,156.2,0.3,0.3,0.3,0.3057,0.4096,0.4096,1,1,1,1,1,1
11133,Schoenebeck-Frohse,52.03611,11.713333,,0,0,0,0,0,0,0,0,0,0,0,0,0,0,0,0,0,0,1,1,1,1,1,1,0,0,0,0,0,0,0,0,0,0,0,0,0,0,0,0,0,0,737.3,737.3,287.6,126.7,89.8,89.8,0.3,0.3,0.3,0.4834,0.5755,0.5755,1,1,1,1,1,1
11134,Schoenebeck-Bad Salzelmen,52.0,11.733334,,0,1,1,1,1,1,0,0,0,0,0,0,0,0,0,0,0,0,1,1,1,1,1,1,0,0,0,0,1,1,1,1,1,1,1,1,0,0,0,0,0,0,733.2,733.2,283.8,123.5,85.7,85.7,1.0,2.5,2.5,2.6913,3.7859,3.7859,1,3,3,3,3,3
11135,Schoenewalde,51.813889,13.228333,,0,0,0,0,0,0,0,0,0,0,0,0,0,0,0,0,0,0,0,0,0,0,0,1,0,0,0,0,0,0,0,0,0,0,0,0,0,0,0,0,0,0,719.3,719.3,209.4,178.4,79.2,79.2,0.0,0.0,0.0,0.054,0.302,0.602,0,0,0,0,0,1
11136,Schraplau,51.439445,11.666945,,0,0,0,0,0,0,0,0,0,0,0,0,0,0,0,0,0,0,1,1,1,1,1,1,0,0,0,0,0,0,0,0,0,0,0,0,0,0,0,0,0,0,671.0,671.0,245.2,67.6,50.2,50.2,0.3,0.3,0.3,0.6309,0.6744,0.6744,1,1,1,1,1,1
11137,Schwanebeck,51.967224,11.120833,,0,0,0,0,0,0,0,0,0,0,0,0,0,0,0,0,0,0,1,1,1,1,1,1,0,0,0,0,0,0,0,0,0,0,0,0,0,0,0,0,0,0,711.4,711.4,311.3,110.1,110.1,110.1,0.3,0.3,0.3,0.5248,0.5248,0.5248,1,1,1,1,1,1
11138,Schweinitz,51.7925,13.027223,,0,0,0,0,0,0,0,0,0,0,0,0,0,0,0,0,0,0,1,1,1,1,1,1,0,0,0,0,0,0,0,0,0,0,0,0,0,0,0,0,0,0,715.1,715.1,213.3,165.3,67.7,67.7,0.3,0.3,0.3,0.3866,0.6308,0.6308,1,1,1,1,1,1
11139,Seehausen i. Altmark,52.890278,11.753056,7049.0,0,1,1,1,1,1,0,0,0,0,0,0,0,0,0,0,0,0,1,1,1,1,1,1,0,0,0,0,0,0,1,1,1,1,1,1,0,0,0,0,0,0,789.8,789.8,362.2,218.2,135.7,135.7,1.0,2.5,2.5,2.5,2.6608,2.6608,1,3,3,3,3,3
11140,Seehausen b. Magdeburg,52.100555,11.296667,7051.0,0,0,0,0,0,0,0,0,0,0,0,0,0,0,0,0,0,0,1,1,1,1,1,1,0,0,0,0,0,0,0,0,0,0,0,0,0,0,0,0,0,0,728.7,728.7,312.6,126.1,112.5,112.5,0.3,0.3,0.3,0.4848,0.5188,0.5188,1,1,1,1,1,1
11141,Seyda,51.881668,12.906389,,0,0,0,0,0,0,0,0,0,0,0,0,0,0,0,0,0,0,1,1,1,1,1,1,0,0,0,0,0,0,0,0,0,0,0,0,0,0,0,0,0,0,723.9,723.9,225.9,164.2,70.6,70.6,0.3,0.3,0.3,0.3896,0.6234,0.6234,1,1,1,1,1,1
11142,Soemmerda,51.159168,11.118889,11495.0,0,0,0,0,0,0,0,0,0,0,0,0,0,0,0,0,0,0,1,1,1,1,1,1,0,0,0,0,0,0,0,0,0,0,0,0,0,0,0,0,0,0,642.1,642.1,261.6,20.9,20.9,20.9,0.3,0.3,0.3,0.7476,0.7476,0.7476,1,1,1,1,1,1
11143,Sparnberg,50.411945,11.771111,,0,0,0,0,0,0,0,0,0,0,0,0,0,0,0,0,0,0,1,1,1,1,1,1,0,0,0,0,0,0,0,0,0,0,0,0,0,0,0,0,0,0,556.6,556.6,191.9,81.7,81.7,81.7,0.3,0.3,0.3204,0.5957,0.5957,0.5957,1,1,1,1,1,1
11144,Stassfurt,51.853333,11.583611,7352.0,0,0,0,0,0,0,0,0,0,0,0,0,0,0,0,0,0,0,1,1,1,1,1,1,0,0,0,0,0,0,0,0,0,0,0,0,0,0,0,0,0,0,717.2,717.2,279.3,104.5,79.0,79.0,0.3,0.3,0.3,0.5388,0.6026,0.6026,1,1,1,1,1,1
11145,Stendal,52.605,11.859167,7405.0,1,1,1,1,1,1,0,0,0,0,0,0,0,0,0,0,0,0,1,1,1,1,1,1,0,1,1,1,1,1,1,1,1,1,1,1,0,0,0,0,0,0,788.4,788.4,331.7,189.6,145.0,145.0,2.5,3.5,3.5,3.5261,3.6374,3.6374,3,3,3,3,3,3
11146,Stoessen,51.113888,11.922778,17454.0,0,0,0,0,0,0,0,0,0,0,0,0,0,0,0,0,0,0,1,1,1,1,1,1,0,0,0,0,0,0,0,0,0,0,0,0,0,0,0,0,0,0,634.6,634.6,210.0,64.0,40.2,40.2,0.3,0.3,0.3,0.64,0.6996,0.6996,1,1,1,1,1,1
11147,Stolberg (Harz),51.573055,10.954722,7441.0,0,1,1,1,1,1,0,0,0,0,0,0,0,0,0,0,0,0,1,1,1,1,1,1,0,0,0,0,0,1,0,0,0,0,0,0,0,0,0,0,0,0,683.0,683.0,294.2,66.3,66.3,66.3,0.3,1.8,1.8,2.1342,2.1342,3.1342,1,2,2,2,2,3
11148,Suhl,50.609444,10.686666,7529.0,0,0,0,0,0,0,0,0,0,0,0,0,0,0,0,0,0,0,1,1,1,1,1,1,0,0,0,0,0,1,0,0,0,0,0,0,0,0,0,0,0,0,585.2,585.2,271.2,47.7,47.7,47.7,0.3,0.3,0.3,0.6807,0.6807,1.6807,1,1,1,1,1,2
11149,Tangerhuette,52.434723,11.805278,,0,0,0,0,0,0,0,0,0,0,0,0,0,0,0,0,0,0,1,1,1,1,1,1,0,0,0,0,0,0,0,0,0,0,0,0,0,0,0,0,0,0,776.4,776.4,318.2,170.4,127.8,127.8,0.3,0.3,0.3,0.3739,0.4804,0.4804,1,1,1,1,1,1
11150,Tangermuende,52.540833,11.970834,11446.0,1,1,1,1,1,1,0,0,0,0,0,0,0,0,0,0,0,0,1,1,1,1,1,1,0,0,0,0,1,1,0,0,0,0,0,0,0,0,0,0,0,0,791.7,791.7,321.6,185.3,136.4,136.4,1.8,1.8,1.8,1.8367,2.9591,2.9591,2,2,2,2,3,3
11151,Bad Tennstedt,51.15361,10.838611,7651.0,0,1,1,1,1,1,0,0,0,0,0,0,0,0,0,0,0,0,1,1,1,1,1,1,0,0,0,1,1,1,0,0,0,0,0,0,0,0,0,0,0,0,643.6,643.6,279.1,23.7,23.7,23.7,0.3,1.8,1.8,3.2407,3.2407,3.2407,1,2,2,3,3,3
11152,Teuchern,51.118332,12.021944,12519.0,0,0,0,0,0,1,0,0,0,0,0,0,0,0,0,0,0,0,1,1,1,1,1,1,0,0,0,0,0,0,0,0,0,0,0,0,0,0,0,0,0,0,635.2,635.2,204.5,70.9,34.7,34.7,0.3,0.3,0.3,0.6228,0.7133,2.2133,1,1,1,1,1,2
11153,Thale,51.750832,11.036944,,0,0,0,0,0,0,0,0,0,0,0,0,0,0,0,0,0,0,1,1,1,1,1,1,0,0,0,0,0,0,0,0,0,0,0,0,0,0,0,0,0,0,696.1,696.1,300.8,85.9,85.9,85.9,0.3,0.3,0.3,0.5854,0.5854,0.5854,1,1,1,1,1,1
11154,Thamsbrueck,51.139721,10.639167,10205.0,1,1,1,1,1,1,0,0,0,0,0,0,0,0,0,0,0,0,1,1,1,1,1,1,0,0,0,0,0,0,0,0,0,0,0,0,0,0,0,0,0,0,644.0,644.0,291.3,32.8,32.8,32.8,1.8,1.8,1.8,2.2179,2.2179,2.2179,2,2,2,2,2,2
11155,Torgau,51.558334,13.004167,7760.0,0,1,1,1,1,1,0,0,0,0,0,0,0,0,0,0,0,0,1,1,1,1,1,1,0,1,1,1,1,1,0,0,0,0,0,0,0,0,0,0,0,0,689.0,689.0,191.5,151.5,50.0,50.0,0.3,2.8,2.8214,2.9212,3.1749,3.1749,1,3,3,3,3,3
11156,Treffurt,51.136944,10.23,12520.0,0,0,0,0,0,0,0,0,0,0,0,0,0,0,0,0,0,0,1,1,1,1,1,1,0,0,0,0,0,0,0,0,0,0,0,0,0,0,0,0,0,0,618.1,618.1,317.9,58.8,58.8,58.8,0.3,0.3,0.3,0.653,0.653,0.653,1,1,1,1,1,1
11157,Uebigau,51.593056,13.297222,7877.0,0,1,1,1,1,1,0,0,0,0,0,0,0,0,0,0,0,0,1,1,1,1,1,1,0,0,0,0,0,0,1,1,1,1,1,1,0,0,0,0,0,0,695.8,695.8,185.1,171.6,69.9,69.9,1.0,2.5,2.5373,2.5709,2.8252,2.8252,1,3,3,3,3,3
11158,Wahrenbrueck,51.549446,13.363334,,0,0,0,0,0,0,0,0,0,0,0,0,0,0,0,0,0,0,1,1,1,1,1,1,0,0,0,0,0,0,0,0,0,0,0,0,0,0,0,0,0,0,691.7,691.7,178.7,174.1,72.5,72.5,0.3,0.3,0.3531,0.3647,0.6188,0.6188,1,1,1,1,1,1
11159,Wanzleben,52.060555,11.445278,8181.0,0,0,0,1,1,1,0,0,0,0,0,0,0,0,0,0,0,0,1,1,1,1,1,1,0,0,0,0,1,1,0,0,0,0,0,0,0,0,0,0,0,0,736.0,736.0,302.2,123.6,102.5,102.5,0.3,0.3,0.3,1.9909,3.0437,3.0437,1,1,1,2,3,3
11160,Wegeleben,51.884998,11.172778,12521.0,0,0,0,0,0,0,0,0,0,0,0,0,0,0,0,0,0,0,1,1,1,1,1,1,0,0,0,1,1,1,0,0,0,0,0,0,0,0,0,0,0,0,710.8,710.8,302.7,101.2,101.2,101.2,0.3,0.3,0.3,1.5469,1.5469,1.5469,1,1,1,2,2,2
11161,Weissenfels,51.200554,11.97,8272.0,1,1,1,1,1,1,0,0,0,0,0,0,0,0,0,0,0,0,1,1,1,1,1,1,0,0,0,0,0,0,0,0,0,0,0,0,0,0,0,0,0,0,644.3,644.3,212.6,69.9,32.0,32.0,1.8,1.8,1.8,2.1251,2.2199,2.2199,2,2,2,2,2,2
11162,Weissensee,51.195278,11.068055,,0,1,1,1,1,1,0,0,0,0,0,0,0,0,0,0,0,0,1,1,1,1,1,1,0,1,1,1,1,1,0,0,0,0,0,0,0,0,0,0,0,0,646.4,646.4,266.6,24.2,24.2,24.2,0.3,2.8,2.8,3.2395,3.2395,3.2395,1,3,3,3,3,3
11163,Werben (Elbe),52.859722,11.982223,8322.0,0,0,0,0,0,0,0,0,0,0,0,0,0,0,0,0,0,0,1,1,1,1,1,1,0,0,0,0,0,0,1,1,1,1,1,1,0,0,0,0,0,0,805.1,805.1,351.5,219.1,137.1,137.1,1.0,1.0,1.0,1.0,1.1574,1.1574,1,1,1,1,1,1
11164,Wernigerode,51.834446,10.784166,8336.0,1,1,1,1,1,1,0,0,0,0,0,0,0,0,0,0,0,0,1,1,1,1,1,1,0,0,0,0,0,1,0,0,0,0,0,0,0,0,0,0,0,0,684.2,684.2,320.3,96.7,96.7,96.7,1.8,1.8,1.8,2.0582,2.0582,3.0582,2,2,2,2,2,3
11165,Wettin,51.585835,11.8075,,0,0,0,0,0,0,0,0,0,0,0,0,0,0,0,0,0,0,1,1,1,1,1,1,0,0,0,0,0,0,0,0,0,0,0,0,0,0,0,0,0,0,687.1,687.1,247.9,86.4,47.8,47.8,0.3,0.3,0.3,0.5841,0.6805,0.6805,1,1,1,1,1,1
11166,Wiehe,51.267223,11.411944,11538.0,0,0,0,1,1,1,0,0,0,0,0,0,0,0,0,0,0,0,1,1,1,1,1,1,0,0,0,0,0,0,0,0,0,0,0,0,0,0,0,0,0,0,652.6,652.6,249.3,41.6,41.6,41.6,0.3,0.3,0.3,2.196,2.196,2.196,1,1,1,2,2,2
11167,Wittenberg,51.866943,12.645278,8513.0,0,1,1,1,1,1,0,0,0,0,0,0,0,0,0,0,0,0,1,1,1,1,1,1,0,0,0,0,0,0,1,1,1,1,1,1,0,0,0,0,0,0,720.6,720.6,233.7,149.2,61.6,61.6,1.0,2.5,2.5,2.6271,2.8461,2.8461,1,3,3,3,3,3
11168,Woerlitz,51.842499,12.418612,12523.0,0,0,0,0,1,1,0,0,0,0,0,0,0,0,0,0,0,0,1,1,1,1,1,1,0,0,0,0,0,0,0,0,0,0,0,0,0,0,0,0,0,0,716.7,716.7,240.3,135.9,56.0,56.0,0.3,0.3,0.3,0.4603,2.16,2.16,1,1,1,1,2,2
11169,Wolmirstedt,52.250278,11.627778,8600.0,0,0,0,1,1,1,0,0,0,0,0,0,0,0,0,0,0,0,1,1,1,1,1,1,0,0,0,0,0,0,0,0,0,0,0,0,0,0,0,0,0,0,756.4,756.4,309.4,147.2,113.5,113.5,0.3,0.3,0.3,1.9319,2.0163,2.0163,1,1,1,2,2,2
11170,Worbis,51.421944,10.358889,8611.0,1,1,1,1,1,1,0,0,0,0,0,0,0,0,0,0,0,0,0,1,1,1,1,1,0,0,0,0,0,1,0,0,0,0,0,0,0,0,0,0,0,0,638.4,638.4,321.9,68.1,68.1,68.1,1.5,1.8,1.8,2.1298,2.1298,3.1298,2,2,2,2,2,3
11171,Zahna,51.916111,12.785556,8690.0,0,0,1,1,1,1,0,0,0,0,0,0,0,0,0,0,0,0,1,1,1,1,1,1,0,0,0,0,0,0,0,0,0,0,0,0,0,0,0,0,0,0,726.9,726.9,233.3,160.1,70.1,70.1,0.3,0.3,1.8,1.8999,2.1247,2.1247,1,1,2,2,2,2
11172,Zeitz,51.050278,12.134444,8752.0,0,1,1,1,1,1,0,0,0,0,0,0,0,0,0,0,0,0,1,1,1,1,1,1,0,1,1,1,1,1,1,1,1,1,1,1,0,0,0,0,0,0,627.8,627.8,193.8,77.5,36.2,36.2,1.0,3.5,3.5156,3.8063,3.9094,3.9094,1,3,3,3,3,3
11173,Zerbst,51.96389,12.085278,8763.0,1,1,1,1,1,1,0,0,0,0,0,0,0,0,0,0,0,0,1,1,1,1,1,1,0,0,0,0,0,1,1,1,1,1,1,1,0,0,0,0,0,0,729.3,729.3,265.0,131.6,72.2,72.2,2.5,2.5,2.5,2.671,2.8195,3.8195,3,3,3,3,3,3
11174,Ziegenrueck,50.614445,11.648889,12524.0,0,1,1,1,1,1,0,0,0,0,0,0,0,0,0,0,0,0,0,0,1,1,1,1,0,0,0,0,0,0,0,0,0,0,0,0,0,0,0,0,0,0,579.3,579.3,205.2,59.3,59.3,59.3,0.0,1.5,1.8,2.1518,2.1518,2.1518,0,2,2,2,2,2
11175,Ziesar,52.266945,12.289444,8789.0,0,0,1,1,1,1,0,0,0,0,0,0,0,0,0,0,0,0,1,1,1,1,1,1,0,0,0,0,0,0,1,1,1,1,1,1,0,0,0,0,0,0,763.4,763.4,284.3,167.5,103.3,103.3,1.0,1.0,2.5,2.5813,2.7418,2.7418,1,1,3,3,3,3
11176,Zoerbig,51.628334,12.1225,8830.0,0,0,0,0,0,1,0,0,0,0,0,0,0,0,0,0,0,0,1,1,1,1,1,1,0,0,0,0,0,0,0,0,0,0,0,0,0,0,0,0,0,0,692.1,692.1,235.3,104.7,36.5,36.5,0.3,0.3,0.3,0.5383,0.7088,2.2088,1,1,1,1,1,2
12001,Achim,53.012779,9.0327778,,0,0,0,0,0,0,0,0,0,0,0,0,0,0,0,0,0,0,1,1,1,1,1,1,0,0,0,0,0,0,0,0,0,0,0,0,0,0,0,0,0,0,608.4,608.4,494.4,264.4,237.6,237.6,0.3,0.3,0.3,0.3,0.3,0.3,1,1,1,1,1,1
12002,Alfeld,51.987221,9.8269444,122.0,1,1,1,1,1,1,0,0,0,0,0,0,0,0,0,0,0,0,1,1,1,1,1,1,0,0,0,0,0,0,0,0,0,0,0,0,0,0,0,0,0,0,634.2,634.2,384.4,139.8,139.8,139.8,1.8,1.8,1.8,1.9505,1.9505,1.9505,2,2,2,2,2,2
12003,Altenau,51.803333,10.4475,10951.0,0,0,0,0,0,0,0,0,0,0,0,0,0,0,0,0,0,0,0,1,1,1,1,1,0,0,0,0,0,0,0,0,0,0,0,0,0,0,0,0,0,0,661.9,661.9,337.4,100.3,100.3,100.3,0.0,0.3,0.3,0.5493,0.5493,0.5493,0,1,1,1,1,1
12004,St. Andreasberg,51.708889,10.517777,10950.0,0,0,0,0,0,0,0,0,0,0,0,0,0,0,0,0,0,0,0,0,0,0,0,1,0,0,0,0,0,0,0,0,0,0,0,0,0,0,0,0,0,0,661.7,661.7,327.7,88.7,88.7,88.7,0.0,0.0,0.0,0.2782,0.2782,0.5782,0,0,0,0,0,1
12005,Aurich,53.469723,7.4822221,351.0,0,0,0,0,0,0,0,0,0,0,0,0,0,0,0,0,0,0,1,1,1,1,1,1,0,0,0,0,0,0,0,0,0,0,0,0,0,0,0,0,0,0,514.2,514.2,514.2,283.8,283.8,283.8,0.3,0.3,0.3,0.3,0.3,0.3,1,1,1,1,1,1
12006,Bassum,52.847778,8.7252779,,0,0,0,0,0,0,0,0,0,0,0,0,0,0,0,0,0,0,1,1,1,1,1,1,0,0,0,0,0,0,0,0,0,0,0,0,0,0,0,0,0,0,586.5,586.5,499.6,244.5,244.5,244.5,0.3,0.3,0.3,0.3,0.3,0.3,1,1,1,1,1,1
12007,Bentheim,52.302502,7.1594443,,0,0,0,0,0,0,0,0,0,0,0,0,0,0,0,0,0,0,1,1,1,1,1,1,0,0,0,0,0,0,0,0,0,0,0,0,0,0,0,0,0,0,479.5,479.5,479.5,152.4,152.4,152.4,0.3,0.3,0.3,0.419,0.419,0.419,1,1,1,1,1,1
12008,Bevensen,53.079166,10.579722,,0,0,0,0,0,0,0,0,0,0,0,0,0,0,0,0,0,0,1,1,1,1,1,1,0,0,0,0,0,0,0,0,0,0,0,0,0,0,0,0,0,0,712.1,712.1,425.5,235.6,152.3,152.3,0.3,0.3,0.3,0.3,0.4191,0.4191,1,1,1,1,1,1
12009,Bleckede,53.291111,10.7325,,0,0,1,1,1,1,0,0,0,0,0,0,0,0,0,0,0,0,1,1,1,1,1,1,0,0,0,0,0,0,0,0,0,0,0,0,0,0,0,0,0,0,724.1,724.1,437.5,257.9,128.3,128.3,0.3,0.3,1.8,1.8,1.9793,1.9793,1,1,2,2,2,2
12010,Bockenem,52.007778,10.129167,757.0,0,1,1,1,1,1,0,0,0,0,0,0,0,0,0,0,0,0,1,1,1,1,1,1,1,1,1,1,1,1,0,0,0,0,0,0,0,0,0,0,0,0,653.3,653.3,368.2,130.4,130.4,130.4,1.3,2.8,2.8,2.974,2.974,2.974,2,3,3,3,3,3
12011,Bodenwerder,51.975834,9.5119448,12833.0,0,1,1,1,1,1,0,0,0,0,0,0,0,0,0,0,0,0,1,1,1,1,1,1,0,0,0,0,0,1,0,0,0,0,0,0,0,0,0,0,0,0,615.1,615.1,402.3,152.9,152.9,152.9,0.3,1.8,1.8,1.9177,1.9177,2.9177,1,2,2,2,2,3
12012,Borkum,53.587776,6.6644444,,0,0,0,0,0,0,0,0,0,0,0,0,0,0,0,0,0,0,0,0,0,0,0,0,0,0,0,0,0,0,0,0,0,0,0,0,0,0,0,0,0,0,465.3,465.3,465.3,295.4,295.4,295.4,0.0,0.0,0.0,0.0,0.0,0.0,0,0,0,0,0,0
12013,Brake,53.328056,8.4772224,,0,0,0,0,0,0,0,0,0,0,0,0,0,0,0,0,0,0,1,1,1,1,1,1,0,0,0,0,0,0,0,0,0,0,0,0,0,0,0,0,0,0,576.0,576.0,545.2,285.3,255.5,255.5,0.3,0.3,0.3,0.3,0.3,0.3,1,1,1,1,1,1
12014,Bramsche,52.406666,7.978889,,0,0,0,0,0,0,0,0,0,0,0,0,0,0,0,0,0,0,1,1,1,1,1,1,0,0,0,0,0,0,0,0,0,0,0,0,0,0,0,0,0,0,534.9,534.9,517.0,177.8,177.8,177.8,0.3,0.3,0.3,0.3555,0.3555,0.3555,1,1,1,1,1,1
12015,Braunlage,51.727779,10.610556,,0,0,0,0,0,0,0,0,0,0,0,0,0,0,0,0,0,0,0,0,0,0,0,0,0,0,0,0,0,0,0,0,0,0,0,0,0,0,0,0,0,0,668.3,668.3,323.5,88.3,88.3,88.3,0.0,0.0,0.0,0.2792,0.2792,0.2792,0,0,0,0,0,0
12016,Braunschweig,52.262222,10.520278,942.0,1,1,1,1,1,1,0,0,0,0,0,0,0,0,0,0,0,0,1,1,1,1,1,1,1,1,1,1,1,1,0,0,0,0,0,0,0,0,0,0,0,0,690.5,690.5,363.8,147.0,147.0,147.0,2.8,2.8,2.8,2.9324,2.9324,2.9324,3,3,3,3,3,3
12017,Bremen,53.075832,8.8072224,973.0,1,1,1,1,1,1,0,0,0,0,0,0,0,0,0,0,0,0,1,1,1,1,1,1,0,0,0,1,1,1,0,0,0,0,0,0,0,0,0,0,0,0,594.1,594.1,510.5,269.3,247.1,247.1,1.8,1.8,1.8,2.8,2.8,2.8,2,2,2,3,3,3
12018,Bremen-Vegesack,53.168335,8.623889,,0,0,0,0,0,0,0,0,0,0,0,0,0,0,0,0,0,0,0,0,0,0,0,1,0,0,0,0,0,0,0,0,0,0,0,0,0,0,0,0,0,0,583.1,583.1,526.5,272.9,253.4,253.4,0.0,0.0,0.0,0.0,0.0,0.3,0,0,0,0,0,1
12019,Bremerhaven,53.543335,8.5775003,,0,0,0,0,0,0,0,0,0,0,0,0,0,0,0,0,0,0,0,0,0,0,0,0,0,0,0,0,0,0,0,0,0,0,0,0,0,0,0,0,0,0,586.8,586.8,555.6,310.0,241.6,241.6,0.0,0.0,0.0,0.0,0.0,0.0,0,0,0,0,0,0
12020,Bremervoerde,53.485279,9.146389,,0,0,0,0,0,0,0,0,0,0,0,0,0,0,0,0,0,0,1,1,1,1,1,1,0,0,0,0,0,0,0,0,0,0,0,0,0,0,0,0,0,0,622.6,622.6,523.6,306.9,207.8,207.8,0.3,0.3,0.3,0.3,0.3,0.3,1,1,1,1,1,1
12021,Bueckeburg,52.260277,9.0502777,1082.0,0,0,0,1,1,1,0,0,0,0,0,0,0,0,0,0,0,0,0,1,1,1,1,1,0,0,0,0,0,0,0,0,0,0,0,0,0,0,0,0,0,0,606.5,606.5,445.4,197.6,197.6,197.6,0.0,0.3,0.3,1.8061,1.8061,1.8061,0,1,1,2,2,2
12022,Burgdorf,52.446667,10.008611,1131.0,0,0,0,1,1,1,0,0,0,0,0,0,0,0,0,0,0,0,1,1,1,1,1,1,0,0,0,0,0,0,0,0,0,0,0,0,0,0,0,0,0,0,671.8,671.8,403.7,177.8,177.8,177.8,0.3,0.3,0.3,1.8554,1.8554,1.8554,1,1,1,2,2,2
12023,Buxtehude,53.475834,9.6986113,1154.0,0,1,1,1,1,1,0,0,0,0,0,0,0,0,1,1,1,1,1,1,1,1,1,1,0,0,0,1,1,1,0,0,0,0,0,0,0,0,0,0,0,0,658.5,658.5,497.3,292.1,174.3,174.3,0.3,1.8,2.5,3.5,3.5643,3.5643,1,2,2,3,3,3
12024,Celle,52.62611,10.080556,1177.0,0,1,1,1,1,1,0,0,0,0,0,0,0,0,0,0,0,0,1,1,1,1,1,1,0,0,0,1,1,1,0,0,0,0,0,0,0,0,0,0,0,0,677.0,677.0,412.8,194.5,194.5,194.5,0.3,1.8,1.8,2.8137,2.8137,2.8137,1,2,2,3,3,3
12025,Clausthal-Zellerfeld,51.803612,10.333055,8757.0,0,0,0,0,0,0,0,0,0,0,0,0,0,0,0,0,0,0,1,1,1,1,1,1,0,0,0,0,0,0,0,0,0,0,0,0,0,0,0,0,0,0,654.9,654.9,344.1,103.8,103.8,103.8,0.3,0.3,0.3,0.5405,0.5405,0.5405,1,1,1,1,1,1
12026,Cloppenburg,52.846111,8.0433331,1236.0,0,0,0,0,1,1,0,0,0,0,0,0,0,0,0,0,0,0,0,1,1,1,1,1,0,0,0,0,0,0,0,0,0,0,0,0,0,0,0,0,0,0,540.8,540.8,537.5,224.9,224.9,224.9,0.0,0.3,0.3,0.3,1.8,1.8,0,1,1,1,2,2
12027,Dannenberg,53.098888,11.096389,1330.0,0,0,0,0,0,0,0,0,0,0,0,0,0,0,0,0,0,0,1,1,1,1,1,1,0,0,0,0,0,0,0,0,0,0,0,0,0,0,0,0,0,0,746.7,746.7,406.0,235.8,129.8,129.8,0.3,0.3,0.3,0.3,0.4754,0.4754,1,1,1,1,1,1
12028,Dassel,51.801945,9.686944,1341.0,0,0,1,1,1,1,0,0,0,0,0,0,0,0,0,0,0,0,1,1,1,1,1,1,0,0,0,0,0,0,0,0,0,0,0,0,0,0,0,0,0,0,615.7,615.7,382.5,130.8,130.8,130.8,0.3,0.3,1.8,1.9731,1.9731,1.9731,1,1,2,2,2,2
12029,Delmenhorst,53.049721,8.6338892,1379.0,0,0,0,1,1,1,0,0,0,0,0,0,0,0,0,0,0,0,0,1,1,1,1,1,0,0,0,0,0,0,0,0,0,0,0,0,0,0,0,0,0,0,582.3,582.3,517.9,261.3,258.7,258.7,0.0,0.3,0.3,1.8,1.8,1.8,0,1,1,2,2,2
12030,Diepholz,52.60611,8.3702774,1429.0,0,0,0,1,1,1,0,0,0,0,0,0,0,0,0,0,0,0,1,1,1,1,1,1,0,0,0,0,0,0,0,0,0,0,0,0,0,0,0,0,0,0,561.5,561.5,504.8,209.4,209.4,209.4,0.3,0.3,0.3,1.8,1.8,1.8,1,1,1,2,2,2
12031,Dransfeld,51.502224,9.7624998,35.0,0,0,1,1,1,1,0,0,0,0,0,0,0,0,0,0,0,0,1,1,1,1,1,1,0,0,0,0,0,0,0,0,0,0,0,0,0,0,0,0,0,0,604.7,604.7,363.2,105.9,105.9,105.9,0.3,0.3,1.8,2.0353,2.0353,2.0353,1,1,2,2,2,2
12032,Duderstadt,51.512222,10.256945,1610.0,0,0,0,0,0,0,0,0,0,0,0,0,0,0,0,0,0,0,1,1,1,1,1,1,1,1,1,1,1,1,0,0,0,0,0,0,0,0,0,0,0,0,636.1,636.1,332.7,80.2,80.2,80.2,1.3,1.3,1.3,1.5994,1.5994,1.5994,2,2,2,2,2,2
12033,Einbeck,51.816387,9.8658333,50.0,1,1,1,1,1,1,0,0,0,0,0,0,0,0,0,0,0,0,1,1,1,1,1,1,0,0,0,0,0,1,0,0,0,0,0,0,0,0,0,0,0,0,627.2,627.2,372.4,123.4,123.4,123.4,1.8,1.8,1.8,1.9915,1.9915,2.9915,2,2,2,2,2,3
12034,Eldagsen,52.171112,9.6602774,10987.0,0,0,0,1,1,1,0,0,0,0,0,0,0,0,0,0,0,0,1,1,1,1,1,1,0,0,0,0,0,0,0,0,0,0,0,0,0,0,0,0,0,0,635.2,635.2,404.9,163.0,163.0,163.0,0.3,0.3,0.3,1.8925,1.8925,1.8925,1,1,1,2,2,2
12035,Elsfleth,53.236946,8.4569445,,0,0,0,0,0,0,0,0,0,0,0,0,0,0,0,0,0,0,1,1,1,1,1,1,0,0,0,0,0,0,0,0,0,0,0,0,0,0,0,0,0,0,573.1,573.1,539.9,275.4,260.5,260.5,0.3,0.3,0.3,0.3,0.3,0.3,1,1,1,1,1,1
12036,Elze,52.581112,9.7388887,,0,0,0,0,0,0,0,0,0,0,0,0,0,0,0,0,0,0,1,1,1,1,1,1,0,0,0,0,0,0,0,0,0,0,0,0,0,0,0,0,0,0,653.9,653.9,427.3,199.2,199.2,199.2,0.3,0.3,0.3,0.3021,0.3021,0.3021,1,1,1,1,1,1
12037,Emden,53.370556,7.2058334,1790.0,0,0,0,0,1,1,0,0,0,0,0,0,0,0,0,0,0,0,1,1,1,1,1,1,0,0,0,0,0,0,0,0,0,0,0,0,0,0,0,0,0,0,493.9,493.9,493.9,271.1,271.1,271.1,0.3,0.3,0.3,0.3,1.8,1.8,1,1,1,1,2,2
12038,Eschershausen,51.929443,9.6338892,,0,0,0,0,0,0,0,0,0,0,0,0,0,0,0,0,0,0,1,1,1,1,1,1,0,0,0,0,0,0,0,0,0,0,0,0,0,0,0,0,0,0,619.6,619.6,392.5,143.4,143.4,143.4,0.3,0.3,0.3,0.4414,0.4414,0.4414,1,1,1,1,1,1
12039,Esens,53.642502,7.6122222,9595.0,0,0,0,0,0,0,0,0,0,0,0,0,0,0,0,0,0,0,1,1,1,1,1,1,0,0,0,0,0,0,0,0,0,0,0,0,0,0,0,0,0,0,527.1,527.1,527.1,304.0,301.0,301.0,0.3,0.3,0.3,0.3,0.3,0.3,1,1,1,1,1,1
12040,Fallersleben,52.415833,10.716666,,0,0,0,0,0,0,0,0,0,0,0,0,0,0,0,0,0,0,1,1,1,1,1,1,0,0,0,0,0,0,0,0,0,0,0,0,0,0,0,0,0,0,710.7,710.7,365.3,161.3,161.3,161.3,0.3,0.3,0.3,0.3968,0.3968,0.3968,1,1,1,1,1,1
12041,Fallingbostel,52.865833,9.6938887,,0,0,0,0,0,0,0,0,0,0,0,0,0,0,0,0,0,0,1,1,1,1,1,1,0,0,0,0,0,0,0,0,0,0,0,0,0,0,0,0,0,0,651.6,651.6,450.0,229.0,211.4,211.4,0.3,0.3,0.3,0.3,0.3,0.3,1,1,1,1,1,1
12042,Freren,52.486668,7.543889,,0,0,0,0,0,0,0,0,0,0,0,0,0,0,0,0,0,0,1,1,1,1,1,1,0,0,0,0,0,0,0,0,0,0,0,0,0,0,0,0,0,0,505.4,505.4,505.4,176.9,176.9,176.9,0.3,0.3,0.3,0.3578,0.3578,0.3578,1,1,1,1,1,1
12043,Friesoythe,53.020557,7.8594446,2036.0,0,0,0,1,1,1,0,0,0,0,0,0,0,0,0,0,0,0,1,1,1,1,1,1,0,0,0,0,0,0,0,0,0,0,0,0,0,0,0,0,0,0,530.4,530.4,530.4,239.7,239.7,239.7,0.3,0.3,0.3,1.8,1.8,1.8,1,1,1,2,2,2
12044,Fuerstenau,52.516388,7.6747222,2049.0,0,0,1,1,1,1,0,0,0,0,0,0,0,0,0,0,0,0,0,0,1,1,1,1,0,0,0,0,0,0,0,0,0,0,0,0,0,0,0,0,0,0,514.3,514.3,514.3,182.3,182.3,182.3,0.0,0.0,1.8,1.8442,1.8442,1.8442,0,0,2,2,2,2
12045,Bad Gandersheim,51.870556,10.024445,2084.0,0,0,0,0,0,0,0,0,0,0,0,0,0,0,0,0,0,0,1,1,1,1,1,1,0,0,0,0,1,1,0,0,0,0,0,0,0,0,0,0,0,0,639.6,639.6,366.1,121.3,121.3,121.3,0.3,0.3,0.3,0.4967,1.4967,1.4967,1,1,1,1,2,2
12046,Gehrden,52.314999,9.5988894,,0,0,0,0,0,0,0,0,0,0,0,0,0,0,0,0,0,0,0,1,1,1,1,1,0,0,0,0,0,0,0,0,0,0,0,0,0,0,0,0,0,0,640.6,640.6,417.3,178.5,178.5,178.5,0.0,0.3,0.3,0.3537,0.3537,0.3537,0,1,1,1,1,1
12047,Gifhorn,52.481945,10.544723,,0,0,0,0,0,0,0,0,0,0,0,0,0,0,0,0,0,0,1,1,1,1,1,1,0,0,0,0,0,0,0,0,0,0,0,0,0,0,0,0,0,0,704.5,704.5,378.8,170.5,170.5,170.5,0.3,0.3,0.3,0.3738,0.3738,0.3738,1,1,1,1,1,1
12048,Goettingen,51.532776,9.9350004,0.0,1,1,1,1,1,1,0,0,0,0,0,0,0,0,0,0,0,0,1,1,1,1,1,1,0,0,1,1,1,1,0,0,0,0,0,0,2,0,0,0,0,0,616.9,616.9,353.7,98.1,98.1,98.1,5.8,1.8,2.8,3.0546,3.0546,3.0546,3,2,3,3,3,3
12049,Goslar,51.906387,10.428889,2337.0,1,1,1,1,1,1,0,0,0,0,0,0,0,0,0,0,0,0,1,1,1,1,1,1,1,1,1,1,1,1,0,0,0,0,0,0,0,2,2,2,2,2,666.0,666.0,344.8,111.3,111.3,111.3,2.8,6.8,6.8,7.0217,7.0217,7.0217,3,3,3,3,3,3
12050,Gronau in Niedersachsen,52.086666,9.7863894,10441.0,0,1,1,1,1,1,0,0,0,0,0,0,0,0,0,0,0,0,0,1,1,1,1,1,0,0,0,0,1,1,0,0,0,0,0,0,0,0,0,0,0,0,637.6,637.6,392.6,150.4,150.4,150.4,0.0,1.8,1.8,1.9241,2.9241,2.9241,0,2,2,2,3,3
12051,Bad Grund,51.809723,10.236667,10945.0,0,0,0,0,0,0,0,0,0,0,0,0,0,0,0,0,0,0,0,0,1,1,1,1,0,0,0,0,0,0,0,0,0,0,0,0,0,0,0,0,0,0,649.3,649.3,350.1,107.7,107.7,107.7,0.0,0.0,0.3,0.5309,0.5309,0.5309,0,0,1,1,1,1
12052,Hameln,52.104168,9.3561115,2778.0,1,1,1,1,1,1,0,0,0,0,0,0,0,0,0,0,0,0,1,1,1,1,1,1,0,1,1,1,1,1,0,0,0,0,0,0,0,0,0,0,0,0,613.8,613.8,418.7,170.6,170.6,170.6,1.8,2.8,2.8,2.8735,2.8735,2.8735,2,3,3,3,3,3
12053,Hannover,52.371387,9.7366667,2795.0,0,0,0,0,0,0,0,0,0,0,0,0,0,0,0,0,0,0,1,1,1,1,1,1,0,0,1,1,1,1,0,0,0,0,0,0,0,0,0,0,0,0,651.8,651.8,413.3,178.8,178.8,178.8,0.3,0.3,1.3,1.353,1.353,1.353,1,1,2,2,2,2
12054,Harburg (Elbe),53.460278,9.976944,2802.0,0,1,1,1,1,1,0,0,0,0,0,0,0,0,0,0,0,0,1,1,1,1,1,1,0,0,0,0,0,0,0,0,0,0,0,0,0,0,0,0,0,0,676.5,676.5,483.7,285.2,158.4,158.4,0.3,1.8,1.8,1.8,1.904,1.904,1,2,2,2,2,2
12055,Hardegsen,51.651943,9.8249998,9616.0,0,0,0,1,1,1,0,0,0,0,0,0,0,0,0,0,0,0,0,0,1,1,1,1,0,0,0,0,0,1,0,0,0,0,0,0,0,0,0,0,0,0,616.1,616.1,366.4,112.5,112.5,112.5,0.0,0.0,0.3,2.0188,2.0188,3.0188,0,0,1,2,2,3
12056,Bad Harzburg,51.879723,10.564445,,0,0,0,0,0,0,0,0,0,0,0,0,0,0,0,0,0,0,1,1,1,1,1,1,0,0,0,0,0,0,0,0,0,0,0,0,0,0,0,0,0,0,672.9,672.9,335.5,105.3,105.3,105.3,0.3,0.3,0.3,0.5367,0.5367,0.5367,1,1,1,1,1,1
12057,Haseluenne,52.673332,7.4866667,2840.0,0,0,0,0,0,0,0,0,0,0,0,0,0,1,1,1,1,1,1,1,1,1,1,1,0,0,0,0,0,0,0,0,0,0,0,0,0,0,0,0,0,0,502.2,502.2,502.2,196.4,196.4,196.4,0.3,1.0,1.0,1.0091,1.0091,1.0091,1,1,1,1,1,1
12058,Hedemuenden,51.389446,9.7647219,10989.0,0,0,0,0,0,0,0,0,0,0,0,0,0,0,0,0,0,0,1,1,1,1,1,1,0,0,0,0,0,1,0,0,0,0,0,0,0,0,0,0,0,0,599.4,599.4,358.2,99.5,99.5,99.5,0.3,0.3,0.3,0.5513,0.5513,1.5513,1,1,1,1,1,2
12059,Helmstedt,52.227501,11.010278,2945.0,0,0,0,0,0,0,0,0,0,0,0,0,0,0,0,0,0,0,1,1,1,1,1,1,1,1,1,1,1,1,0,0,0,0,0,0,0,0,0,0,0,0,717.8,717.8,336.4,138.9,136.1,136.1,1.3,1.3,1.3,1.4528,1.4597,1.4597,2,2,2,2,2,2
12060,Herzberg am Harz,51.655834,10.339444,,0,0,0,0,0,0,0,0,0,0,0,0,0,0,0,0,0,0,1,1,1,1,1,1,0,0,0,0,0,0,0,0,0,0,0,0,0,0,0,0,0,0,648.0,648.0,335.3,89.4,89.4,89.4,0.3,0.3,0.3,0.5765,0.5765,0.5765,1,1,1,1,1,1
12061,Hessisch-Oldendorf,52.168335,9.2524996,3026.0,1,1,1,1,1,1,0,0,0,0,0,0,0,0,0,0,0,0,1,1,1,1,1,1,0,0,0,0,0,0,0,0,0,0,0,0,0,0,0,0,0,0,611.9,611.9,428.4,180.6,180.6,180.6,1.8,1.8,1.8,1.8484,1.8484,1.8484,2,2,2,2,2,2
12062,Hildesheim,52.152779,9.9513893,3050.0,1,1,1,1,1,1,0,0,0,0,0,0,0,0,0,0,0,0,1,1,1,1,1,1,0,0,0,0,0,0,0,0,0,0,0,0,0,0,0,0,0,0,651.0,651.0,387.3,150.4,150.4,150.4,1.8,1.8,1.8,1.9239,1.9239,1.9239,2,2,2,2,2,2
12063,Hitzacker,53.148888,11.036667,9287.0,0,1,1,1,1,1,0,0,0,0,0,0,0,0,0,0,0,0,1,1,1,1,1,1,0,0,0,0,0,0,0,0,0,0,0,0,0,0,0,0,0,0,743.0,743.0,412.8,241.3,127.3,127.3,0.3,1.8,1.8,1.8,1.9816,1.9816,1,2,2,2,2,2
12064,Holzminden,51.827778,9.4505558,3175.0,1,1,1,1,1,1,0,0,0,0,0,0,0,0,0,0,0,0,1,1,1,1,1,1,0,0,0,0,0,0,0,0,0,0,0,0,0,0,0,0,0,0,603.0,603.0,398.2,144.8,144.8,144.8,1.8,1.8,1.8,1.9381,1.9381,1.9381,2,2,2,2,2,2
12065,Hornburg (Schladen-Werla),52.030277,10.605833,3213.0,0,0,0,0,0,0,0,0,0,0,0,0,0,0,0,0,0,0,1,1,1,1,1,1,0,0,0,0,0,0,0,0,0,0,0,0,0,0,0,0,0,0,683.1,683.1,343.1,120.6,120.6,120.6,0.3,0.3,0.3,0.4985,0.4985,0.4985,1,1,1,1,1,1
12066,Hoya,52.805557,9.1355553,,0,0,0,0,0,0,0,0,0,0,0,0,0,0,0,0,0,0,1,1,1,1,1,1,0,0,0,0,0,0,0,0,0,0,0,0,0,0,0,0,0,0,613.8,613.8,474.7,241.3,241.3,241.3,0.3,0.3,0.3,0.3,0.3,0.3,1,1,1,1,1,1
12067,Jever,53.575554,7.9002776,9594.0,0,0,0,0,0,0,0,0,0,0,0,0,0,0,0,0,0,0,1,1,1,1,1,1,0,0,0,0,0,0,0,0,0,0,0,0,0,0,0,0,0,0,543.8,543.8,543.8,300.2,284.0,284.0,0.3,0.3,0.3,0.3,0.3,0.3,1,1,1,1,1,1
12068,Koenigslutter,52.252224,10.816667,3921.0,0,0,0,1,1,1,0,0,0,0,0,0,0,0,0,0,0,0,1,1,1,1,1,1,0,0,0,0,0,0,0,0,0,0,0,0,0,0,0,0,0,0,707.5,707.5,347.9,142.4,142.4,142.4,0.3,0.3,0.3,1.944,1.944,1.944,1,1,1,2,2,2
12069,Lautenthal,51.869167,10.286667,10947.0,0,0,0,0,0,0,0,0,0,0,0,0,0,0,0,0,0,0,0,0,0,0,0,0,0,0,0,0,0,0,0,0,0,0,0,0,0,0,0,0,0,0,655.4,655.4,350.7,111.7,111.7,111.7,0.0,0.0,0.0,0.2207,0.2207,0.2207,0,0,0,0,0,0
12070,Bad Lauterberg,51.626667,10.465278,,0,0,0,0,0,0,0,0,0,0,0,0,0,0,0,0,0,0,1,1,1,1,1,1,0,0,0,0,0,0,0,0,0,0,0,0,0,0,0,0,0,0,654.5,654.5,326.1,82.1,82.1,82.1,0.3,0.3,0.3,0.5946,0.5946,0.5946,1,1,1,1,1,1
12071,Leer,53.229443,7.4513888,,0,0,0,0,0,0,0,0,0,0,0,0,0,0,0,0,0,0,1,1,1,1,1,1,0,0,0,0,0,0,0,0,0,0,0,0,0,0,0,0,0,0,506.9,506.9,506.9,257.1,257.1,257.1,0.3,0.3,0.3,0.3,0.3,0.3,1,1,1,1,1,1
12072,Lehrte,52.372501,9.976944,,0,0,0,0,0,0,0,0,0,0,0,0,0,0,0,0,0,0,1,1,1,1,1,1,0,0,0,0,0,0,0,0,0,0,0,0,0,0,0,0,0,0,665.5,665.5,400.3,171.2,171.2,171.2,0.3,0.3,0.3,0.3719,0.3719,0.3719,1,1,1,1,1,1
12073,Lingen,52.522221,7.3166666,4475.0,0,0,1,1,1,1,0,0,0,0,0,0,0,0,0,0,0,0,1,1,1,1,1,1,0,0,0,0,0,0,0,0,0,0,0,0,0,0,0,0,0,0,490.1,490.1,490.1,177.9,177.9,177.9,0.3,0.3,1.8,1.8552,1.8552,1.8552,1,1,2,2,2,2
12074,Lohne,52.665554,8.2375002,,0,0,0,0,0,0,0,0,0,0,0,0,0,0,0,0,0,0,1,1,1,1,1,1,0,0,0,0,0,0,0,0,0,0,0,0,0,0,0,0,0,0,552.7,552.7,515.9,211.3,211.3,211.3,0.3,0.3,0.3,0.3,0.3,0.3,1,1,1,1,1,1
12075,Luechow,52.967499,11.161667,4622.0,0,1,1,1,1,1,0,0,0,0,0,0,0,0,0,0,0,0,1,1,1,1,1,1,0,0,0,0,0,0,0,0,0,0,0,0,0,0,0,0,0,0,750.4,750.4,391.6,221.3,140.4,140.4,0.3,1.8,1.8,1.8,1.9489,1.9489,1,2,2,2,2,2
12076,Lueneburg,53.24889,10.408611,11788.0,1,1,1,1,1,1,0,0,0,0,0,0,0,0,0,0,0,0,1,1,1,1,1,1,1,1,1,1,1,1,0,0,0,0,0,0,0,0,0,3,3,3,702.2,702.2,447.2,256.0,147.4,147.4,2.8,2.8,2.8,8.8,8.9315,8.9315,3,3,3,3,3,3
12077,Melle,52.201668,8.335556,,1,1,1,1,1,1,0,0,0,0,0,0,0,0,0,0,0,0,1,1,1,1,1,1,0,0,0,0,0,0,0,0,0,0,0,0,0,0,0,0,0,0,559.9,559.9,485.1,169.7,169.7,169.7,1.8,1.8,1.8,1.8758,1.8758,1.8758,2,2,2,2,2,2
12078,Meppen,52.690556,7.2916665,4881.0,0,0,0,1,1,1,0,0,0,0,0,0,0,0,0,0,0,0,1,1,1,1,1,1,0,0,0,0,1,1,0,0,0,0,0,0,0,0,0,0,0,0,489.2,489.2,489.2,196.3,196.3,196.3,0.3,0.3,0.3,1.8094,2.8094,2.8094,1,1,1,2,3,3
12079,Moringen,51.696945,9.8708334,47.0,0,0,1,1,1,1,0,0,0,0,0,0,0,0,0,0,0,0,1,1,1,1,1,1,0,0,0,0,0,0,0,0,0,0,0,0,0,0,0,0,0,0,621.2,621.2,365.8,113.5,113.5,113.5,0.3,0.3,1.8,2.0161,2.0161,2.0161,1,1,2,2,2,2
12080,Hann. Muenden,51.417221,9.6511106,17.0,1,1,1,1,1,1,0,0,0,0,0,0,0,0,0,0,0,0,1,1,1,1,1,1,1,1,1,1,1,1,0,0,0,0,0,0,0,0,0,0,0,0,593.6,593.6,366.6,107.9,107.9,107.9,2.8,2.8,2.8,3.0302,3.0302,3.0302,3,3,3,3,3,3
12081,Muender,52.197498,9.4636106,,0,0,1,1,1,1,0,0,0,0,0,0,0,0,0,0,0,0,1,1,1,1,1,1,0,0,0,0,0,0,0,0,0,0,0,0,0,0,0,0,0,0,625.6,625.6,417.8,173.5,173.5,173.5,0.3,0.3,1.8,1.8661,1.8661,1.8661,1,1,2,2,2,2
12082,Neuenhaus,52.498055,6.9663887,5250.0,0,0,0,1,1,1,0,0,0,0,0,0,0,0,0,0,0,0,0,0,1,1,1,1,0,0,0,0,0,0,0,0,0,0,0,0,0,0,0,0,0,0,466.3,466.3,466.3,173.5,173.5,173.5,0.0,0.0,0.3,1.8662,1.8662,1.8662,0,0,1,2,2,2
12083,Neustadt am Ruebenberge,52.504723,9.4575005,5307.0,1,1,1,1,1,1,0,0,0,0,0,0,0,0,0,0,0,0,1,1,1,1,1,1,0,0,0,0,0,0,0,0,0,0,0,0,0,0,0,0,0,0,634.9,634.9,437.3,201.4,201.4,201.4,1.8,1.8,1.8,1.8,1.8,1.8,2,2,2,2,2,2
12084,Nienburg (Weser),52.640278,9.206111,5398.0,1,1,1,1,1,1,0,0,0,0,0,0,0,0,0,0,0,0,1,1,1,1,1,1,0,1,1,1,1,1,0,0,0,0,0,0,0,0,0,0,0,0,618.0,618.0,459.9,223.4,223.4,223.4,1.8,2.8,2.8,2.8,2.8,2.8,2,3,3,3,3,3
12085,Norden,53.594723,7.2022223,5453.0,0,0,0,0,0,0,0,0,0,0,0,0,0,0,0,0,0,0,1,1,1,1,1,1,0,0,0,0,0,0,0,0,0,0,0,0,0,0,0,0,0,0,499.6,499.6,499.6,295.9,295.9,295.9,0.3,0.3,0.3,0.3,0.3,0.3,1,1,1,1,1,1
12086,Nordenham,53.484722,8.4838886,,0,0,0,0,0,0,0,0,0,0,0,0,0,0,0,0,0,0,0,0,1,1,1,1,0,0,0,0,0,0,0,0,0,0,0,0,0,0,0,0,0,0,579.4,579.4,556.0,301.6,249.4,249.4,0.0,0.0,0.3,0.3,0.3,0.3,0,0,1,1,1,1
12087,Norderney,53.707222,7.145278,,0,0,0,0,0,0,0,0,0,0,0,0,0,0,0,0,0,0,0,0,0,1,1,1,0,0,0,0,0,0,0,0,0,0,0,0,0,0,0,0,0,0,499.5,499.5,499.5,308.2,308.2,308.2,0.0,0.0,0.0,0.3,0.3,0.3,0,0,0,1,1,1
12088,Nordhorn,52.437778,7.0702777,5461.0,0,0,0,1,1,1,0,0,0,0,0,0,0,0,0,0,0,0,1,1,1,1,1,1,0,0,0,0,0,0,0,0,0,0,0,0,0,0,0,0,0,0,473.3,473.3,473.3,167.0,167.0,167.0,0.3,0.3,0.3,1.8825,1.8825,1.8825,1,1,1,2,2,2
12089,Northeim,51.705555,10.000278,1.0,0,1,1,1,1,1,0,0,0,0,0,0,0,1,1,1,1,1,1,1,1,1,1,1,0,0,1,1,1,1,0,0,0,0,0,0,0,0,0,0,0,0,629.6,629.6,358.4,108.1,108.1,108.1,0.3,2.5,3.5,3.7299,3.7299,3.7299,1,2,3,3,3,3
12090,Obernkirchen,52.27,9.1277781,8899.0,0,0,0,0,0,0,0,0,0,0,0,0,0,0,0,0,0,0,1,1,1,1,1,1,0,0,0,0,0,1,0,0,0,0,0,0,0,0,0,0,0,0,611.4,611.4,441.5,194.7,194.7,194.7,0.3,0.3,0.3,0.3133,0.3133,1.3133,1,1,1,1,1,2
12091,Oldenburg,53.143055,8.2127781,5623.0,0,0,1,1,1,1,0,0,0,0,0,0,0,0,0,0,0,0,1,1,1,1,1,1,0,0,0,0,0,0,0,0,0,0,0,0,0,0,0,0,0,0,555.6,555.6,546.7,259.8,259.8,259.8,0.3,0.3,1.8,1.8,1.8,1.8,1,1,2,2,2,2
12092,Osnabrueck,52.276669,8.0436115,5704.0,0,0,0,0,0,0,0,0,0,0,0,0,0,0,0,0,0,0,1,1,1,1,1,1,1,1,1,1,1,1,0,0,0,0,0,0,0,0,0,0,0,0,539.7,539.7,506.6,166.6,166.6,166.6,1.3,1.3,1.3,1.3834,1.3834,1.3834,2,2,2,2,2,2
12093,Osterholz-Scharmbeck,53.230278,8.7827778,,0,0,0,0,0,0,0,0,0,0,0,0,0,0,0,0,0,0,1,1,1,1,1,1,0,0,0,0,0,0,0,0,0,0,0,0,0,0,0,0,0,0,594.5,594.5,522.6,283.7,240.9,240.9,0.3,0.3,0.3,0.3,0.3,0.3,1,1,1,1,1,1
12094,Osterode am Harz,51.727501,10.250834,5734.0,1,1,1,1,1,1,0,0,0,0,0,0,0,1,1,1,1,1,1,1,1,1,1,1,0,0,0,0,0,0,0,0,0,0,0,0,0,0,0,0,0,0,646.1,646.1,344.5,99.4,99.4,99.4,1.8,2.5,2.5,2.7515,2.7515,2.7515,2,2,2,2,2,2
12095,Otterndorf,53.807777,8.8999996,11020.0,0,0,0,1,1,1,0,0,0,0,0,0,0,0,0,0,0,1,0,1,1,1,1,1,0,0,0,0,0,0,0,0,0,0,0,0,0,0,0,0,0,0,613.8,613.8,560.3,345.2,214.3,214.3,0.0,0.3,0.3,1.8,1.8,2.5,0,1,1,2,2,2
12096,Papenburg,53.078056,7.3930554,,0,0,0,0,0,0,0,0,0,0,0,0,0,0,0,0,0,0,0,0,0,1,1,1,0,0,0,0,0,0,0,0,0,0,0,0,0,0,0,0,0,0,500.4,500.4,500.4,239.9,239.9,239.9,0.0,0.0,0.0,0.3,0.3,0.3,0,0,0,1,1,1
12097,Pattensen,52.263889,9.7613888,5855.0,1,1,1,1,1,1,0,0,0,0,0,0,0,0,0,0,0,0,1,1,1,1,1,1,0,0,0,0,1,1,0,0,0,0,0,0,0,0,0,0,0,0,646.6,646.6,405.0,167.7,167.7,167.7,1.8,1.8,1.8,1.8807,2.8807,2.8807,2,2,2,2,3,3
12098,Peine,52.321667,10.226944,5869.0,0,1,1,1,1,1,0,0,0,0,0,0,0,0,0,0,0,0,1,1,1,1,1,1,0,0,0,0,0,0,0,0,0,0,0,0,0,0,0,0,0,0,676.8,676.8,383.4,159.3,159.3,159.3,0.3,1.8,1.8,1.9016,1.9016,1.9016,1,2,2,2,2,2
12099,Bad Pyrmont,51.984444,9.2605553,,0,0,0,0,0,0,0,0,0,0,0,0,0,0,0,0,0,0,1,1,1,1,1,1,0,0,0,0,0,0,0,0,0,0,0,0,0,0,0,0,0,0,601.0,601.0,417.8,166.0,166.0,166.0,0.3,0.3,0.3,0.3849,0.3849,0.3849,1,1,1,1,1,1
12100,Quakenbrueck,52.675835,7.956111,6188.0,0,1,1,1,1,1,0,0,0,0,0,0,0,0,0,0,0,0,1,1,1,1,1,1,0,0,0,0,0,1,0,0,0,0,0,0,0,0,0,0,0,0,533.8,533.8,532.8,205.1,205.1,205.1,0.3,1.8,1.8,1.8,1.8,2.8,1,2,2,2,2,3
12101,Rehburg,52.470001,9.2255554,,0,0,0,0,0,0,0,0,0,0,0,0,0,0,0,0,0,0,0,0,1,1,1,1,0,0,0,0,0,0,0,0,0,0,0,0,0,0,0,0,0,0,619.3,619.3,447.9,207.3,207.3,207.3,0.0,0.0,0.3,0.3,0.3,0.3,0,0,1,1,1,1
12102,Rethem,52.78611,9.3836107,,0,0,0,0,0,0,0,0,0,0,0,0,0,0,0,0,0,0,0,1,1,1,1,1,0,0,0,0,0,0,0,0,0,0,0,0,0,0,0,0,0,0,630.4,630.4,460.2,230.6,230.6,230.6,0.0,0.3,0.3,0.3,0.3,0.3,0,1,1,1,1,1
12103,Rinteln,52.186943,9.0797224,8884.0,1,1,1,1,1,1,0,0,0,0,0,0,0,0,0,0,0,0,1,1,1,1,1,1,0,0,1,1,1,1,0,0,0,0,0,0,0,0,0,0,0,0,603.4,603.4,439.6,190.4,190.4,190.4,1.8,1.8,2.8,2.824,2.824,2.824,2,2,3,3,3,3
12104,Rodenberg,52.311668,9.351944,11009.0,0,0,0,0,0,0,0,0,0,0,0,0,0,0,0,0,0,0,0,1,1,1,1,1,0,0,0,0,0,0,0,0,0,0,0,0,0,0,0,0,0,0,626.5,626.5,431.0,188.2,188.2,188.2,0.0,0.3,0.3,0.3295,0.3295,0.3295,0,1,1,1,1,1
12105,Rotenburg,53.111389,9.4091663,,0,0,0,0,1,1,0,0,0,0,0,0,0,0,0,0,0,0,1,1,1,1,1,1,0,0,0,0,0,0,0,0,0,0,0,0,0,0,0,0,0,0,634.5,634.5,482.4,261.8,210.4,210.4,0.3,0.3,0.3,0.3,1.8,1.8,1,1,1,1,2,2
12107,Sachsenhagen,52.396389,9.2647219,,0,0,0,0,0,0,0,0,0,0,0,0,0,0,0,0,0,0,0,1,1,1,1,1,0,0,0,0,0,0,0,0,0,0,0,0,0,0,0,0,0,0,622.1,622.1,441.2,199.3,199.3,199.3,0.0,0.3,0.3,0.3019,0.3019,0.3019,0,1,1,1,1,1
12108,Bad Salzdetfurth,52.063332,10.0075,,0,0,0,0,0,0,0,0,0,0,0,0,0,0,0,0,0,0,1,1,1,1,1,1,0,0,0,0,0,0,0,0,0,0,0,0,0,0,0,0,0,0,649.2,649.2,378.5,139.9,139.9,139.9,0.3,0.3,0.3,0.4502,0.4502,0.4502,1,1,1,1,1,1
12109,Salzgitter,52.046665,10.371944,6705.0,0,0,0,1,1,1,0,0,0,0,0,0,0,0,0,0,0,0,1,1,1,1,1,1,0,0,0,0,0,0,0,0,0,0,0,0,0,0,0,0,0,0,669.9,669.9,357.0,127.3,127.3,127.3,0.3,0.3,0.3,1.9819,1.9819,1.9819,1,1,1,2,2,2
12110,Sarstedt,52.234165,9.8555555,6774.0,0,1,1,1,1,1,0,0,0,0,0,0,0,0,0,0,0,0,1,1,1,1,1,1,0,0,0,0,0,1,0,0,0,0,0,0,0,0,0,0,0,0,650.2,650.2,397.8,161.5,161.5,161.5,0.3,1.8,1.8,1.8961,1.8961,2.8961,1,2,2,2,2,3
12111,Schnackenburg,53.037224,11.565833,,0,0,0,1,1,1,0,0,0,0,0,0,0,0,0,0,0,0,1,1,1,1,1,1,0,0,0,0,0,0,0,0,0,0,0,0,0,0,0,0,0,0,777.7,777.7,382.7,231.8,122.9,122.9,0.3,0.3,0.3,1.8,1.9927,1.9927,1,1,1,2,2,2
12112,Schoeningen,52.138889,10.969722,6954.0,0,0,1,1,1,1,0,0,0,0,0,0,0,0,0,0,0,0,1,1,1,1,1,1,0,0,0,0,0,0,0,0,0,0,0,0,0,0,0,0,0,0,710.8,710.8,331.7,129.1,129.1,129.1,0.3,0.3,1.8,1.9773,1.9773,1.9773,1,1,2,2,2,2
12113,Schoeppenstedt,52.144444,10.774445,6965.0,0,0,1,1,1,1,0,0,0,0,0,0,0,0,0,0,0,0,1,1,1,1,1,1,0,0,0,0,0,0,0,0,0,0,0,0,0,0,0,0,0,0,699.3,699.3,342.1,130.8,130.8,130.8,0.3,0.3,1.8,1.9729,1.9729,1.9729,1,1,2,2,2,2
12114,Schuettorf,52.322224,7.2249999,6987.0,0,1,1,1,1,1,0,0,0,0,0,0,0,0,0,0,0,0,1,1,1,1,1,1,0,1,1,1,1,1,0,0,0,0,0,0,0,0,0,0,0,0,483.9,483.9,483.9,155.1,155.1,155.1,0.3,2.8,2.8,2.9124,2.9124,2.9124,1,3,3,3,3,3
12115,Seesen,51.890835,10.175834,7060.0,0,0,0,0,1,1,0,0,0,0,0,0,0,0,0,0,0,0,1,1,1,1,1,1,0,0,0,0,0,0,0,0,0,0,0,0,0,0,0,0,0,0,649.8,649.8,358.4,117.5,117.5,117.5,0.3,0.3,0.3,0.5062,2.0062,2.0062,1,1,1,1,2,2
12116,Soltau,52.986668,9.8374996,,0,0,0,1,1,1,0,0,0,0,0,0,0,0,0,0,0,0,1,1,1,1,1,1,0,0,0,0,0,0,0,0,0,0,0,0,0,0,0,0,0,0,661.9,661.9,452.0,237.8,195.4,195.4,0.3,0.3,0.3,1.8,1.8116,1.8116,1,1,1,2,2,2
12117,Springe,52.209167,9.5547218,7314.0,0,1,1,1,1,1,0,0,0,0,0,0,0,0,0,0,0,0,1,1,1,1,1,1,0,0,0,0,0,0,0,0,0,0,0,0,0,0,0,0,0,0,631.5,631.5,413.3,170.7,170.7,170.7,0.3,1.8,1.8,1.8732,1.8732,1.8732,1,2,2,2,2,2
12118,Stade,53.601112,9.4758329,7321.0,1,1,1,1,1,1,0,0,0,0,0,0,0,0,0,0,0,0,1,1,1,1,1,1,0,1,1,1,1,1,0,0,0,0,0,0,0,0,0,0,0,0,646.2,646.2,517.5,310.2,183.0,183.0,1.8,2.8,2.8,2.8,2.8425,2.8425,2,3,3,3,3,3
12119,Stadthagen,52.323612,9.2027779,7322.0,0,0,1,1,1,1,0,0,0,0,0,0,0,0,0,0,0,0,1,1,1,1,1,1,0,0,0,0,0,0,0,0,0,0,0,0,0,0,0,0,0,0,618.2,618.2,440.3,195.7,195.7,195.7,0.3,0.3,1.8,1.8107,1.8107,1.8107,1,1,2,2,2,2
12120,Stadtoldendorf,51.882221,9.6225004,7324.0,0,1,1,1,1,1,0,0,0,0,0,0,0,0,0,0,0,0,1,1,1,1,1,1,0,0,0,0,0,0,0,0,0,0,0,0,0,0,0,0,0,0,616.3,616.3,390.6,140.2,140.2,140.2,0.3,1.8,1.8,1.9495,1.9495,1.9495,1,2,2,2,2,2
12121,Sulingen,52.681946,8.8011112,7535.0,0,0,0,0,0,0,0,0,0,0,0,0,0,0,0,0,0,0,1,1,1,1,1,1,0,0,0,0,0,0,0,0,0,0,0,0,0,0,0,0,0,0,590.8,590.8,484.9,231.6,231.6,231.6,0.3,0.3,0.3,0.3,0.3,0.3,1,1,1,1,1,1
12122,Syke,52.914444,8.8161116,,0,0,0,0,0,0,0,0,0,0,0,0,0,0,0,0,0,0,1,1,1,1,1,1,0,0,0,0,0,0,0,0,0,0,0,0,0,0,0,0,0,0,593.1,593.1,499.1,254.0,254.0,254.0,0.3,0.3,0.3,0.3,0.3,0.3,1,1,1,1,1,1
12123,Uelzen,52.964722,10.560555,7894.0,1,1,1,1,1,1,0,0,0,0,0,0,0,0,0,0,0,0,1,1,1,1,1,1,0,1,1,1,1,1,0,0,0,0,0,0,0,0,0,0,0,0,710.1,710.1,416.6,223.2,162.8,162.8,1.8,2.8,2.8,2.8,2.8929,2.8929,2,3,3,3,3,3
12124,Uslar,51.65889,9.6344442,9613.0,0,1,1,1,1,1,0,0,0,0,0,0,0,0,0,0,0,0,1,1,1,1,1,1,0,0,0,1,1,1,0,0,0,0,0,0,0,0,0,0,0,0,604.8,604.8,378.5,123.1,123.1,123.1,0.3,1.8,1.8,2.9922,2.9922,2.9922,1,2,2,3,3,3
12125,Varel,53.394722,8.1350002,,0,0,0,0,0,0,0,0,0,0,0,0,0,0,0,0,0,0,1,1,1,1,1,1,0,0,0,0,0,0,0,0,0,0,0,0,0,0,0,0,0,0,554.9,554.9,554.9,284.7,274.4,274.4,0.3,0.3,0.3,0.3,0.3,0.3,1,1,1,1,1,1
12126,Vechta,52.727501,8.2847223,7973.0,0,0,0,1,1,1,0,0,0,0,0,0,0,0,0,0,0,0,1,1,1,1,1,1,0,0,0,0,0,0,0,0,0,0,0,0,0,0,0,0,0,0,556.2,556.2,516.8,218.8,218.8,218.8,0.3,0.3,0.3,1.8,1.8,1.8,1,1,1,2,2,2
12127,Verden,52.923332,9.2308331,8005.0,0,1,1,1,1,1,0,0,0,0,0,0,0,0,0,0,0,0,1,1,1,1,1,1,0,0,1,1,1,1,0,0,0,0,0,0,0,0,0,0,2,2,620.9,620.9,477.8,249.0,231.9,231.9,0.3,1.8,2.8,2.8,6.8,6.8,1,2,3,3,3,3
12128,Vienenburg,51.950554,10.563889,,0,0,0,0,0,0,0,0,0,0,0,0,0,0,0,0,0,0,1,1,1,1,1,1,0,0,0,0,0,0,0,0,0,0,0,0,0,0,0,0,0,0,676.5,676.5,340.1,112.8,112.8,112.8,0.3,0.3,0.3,0.5179,0.5179,0.5179,1,1,1,1,1,1
12129,Visselhoevede,52.985554,9.5802774,,0,0,0,0,1,1,0,0,0,0,0,0,0,0,0,0,0,0,0,1,1,1,1,1,0,0,0,0,0,0,0,0,0,0,0,0,0,0,0,0,0,0,644.7,644.7,464.5,244.3,208.9,208.9,0.0,0.3,0.3,0.3,1.8,1.8,0,1,1,1,2,2
12130,Walsrode,52.860279,9.5950003,,0,0,0,1,1,1,0,0,0,0,0,0,0,0,0,0,0,0,1,1,1,1,1,1,0,0,0,0,0,0,0,0,0,0,0,0,0,0,0,0,0,0,644.9,644.9,454.6,231.3,216.8,216.8,0.3,0.3,0.3,1.8,1.8,1.8,1,1,1,2,2,2
12131,Weener,53.165279,7.3497224,,0,0,0,0,0,0,0,0,0,0,0,0,0,0,0,0,0,0,1,1,1,1,1,1,0,0,0,0,0,0,0,0,0,0,0,0,0,0,0,0,0,0,499.0,499.0,499.0,249.1,249.1,249.1,0.3,0.3,0.3,0.3,0.3,0.3,1,1,1,1,1,1
12132,Wildemann,51.827221,10.282778,10949.0,0,0,0,0,0,0,0,0,0,0,0,0,0,0,0,0,0,0,1,1,1,1,1,1,0,0,0,0,0,0,0,0,0,0,0,0,0,0,0,0,0,0,653.0,653.0,348.4,107.7,107.7,107.7,0.3,0.3,0.3,0.5306,0.5306,0.5306,1,1,1,1,1,1
12133,Wildeshausen,52.894444,8.4316664,8447.0,0,1,1,1,1,1,0,0,0,0,0,0,0,0,0,0,0,0,1,1,1,1,1,1,0,1,1,1,1,1,0,0,0,0,0,0,0,0,0,0,0,0,567.2,567.2,518.7,239.9,239.9,239.9,0.3,2.8,2.8,2.8,2.8,2.8,1,3,3,3,3,3
12134,Wilhelmshaven,53.521946,8.1075001,,0,0,0,0,0,0,0,0,0,0,0,0,0,0,0,0,0,0,0,0,0,0,1,1,0,0,0,0,0,0,0,0,0,0,0,0,0,0,0,0,0,0,555.9,555.9,555.9,297.8,272.2,272.2,0.0,0.0,0.0,0.0,0.3,0.3,0,0,0,0,1,1
12135,Winsen,53.364445,10.206944,8486.0,0,0,0,0,0,0,0,0,0,0,0,0,0,0,0,0,0,0,1,1,1,1,1,1,0,0,0,0,0,0,0,0,0,0,0,0,0,0,0,0,0,0,690.2,690.2,465.7,271.2,150.5,150.5,0.3,0.3,0.3,0.3,0.4237,0.4237,1,1,1,1,1,1
12136,Wittingen,52.728611,10.74,8523.0,0,0,0,0,0,0,0,0,0,0,0,0,0,0,0,0,0,0,1,1,1,1,1,1,0,0,0,0,0,0,0,0,0,0,0,0,0,0,0,0,0,0,721.5,721.5,389.1,195.6,177.4,177.4,0.3,0.3,0.3,0.311,0.3564,0.3564,1,1,1,1,1,1
12137,Wittmund,53.575279,7.7800002,9596.0,0,0,0,0,0,0,0,0,0,0,0,0,0,0,0,0,0,0,1,1,1,1,1,1,0,0,0,0,0,0,0,0,0,0,0,0,0,0,0,0,0,0,536.1,536.1,536.1,298.6,291.7,291.7,0.3,0.3,0.3,0.3,0.3,0.3,1,1,1,1,1,1
12138,Wolfenbuettel,52.162777,10.536111,9005.0,0,0,0,0,0,0,0,0,0,0,0,0,0,0,0,0,0,0,1,1,1,1,1,1,0,0,0,0,0,0,0,0,0,0,0,0,0,0,0,0,0,0,686.0,686.0,356.0,136.1,136.1,136.1,0.3,0.3,0.3,0.4598,0.4598,0.4598,1,1,1,1,1,1
12139,Wolfsburg,52.421665,10.784722,,0,0,0,0,0,0,0,0,0,0,0,0,0,0,0,0,0,0,0,0,0,0,0,0,0,0,0,0,0,0,0,0,0,0,0,0,0,0,0,0,0,0,715.0,715.0,362.4,161.4,161.4,161.4,0.0,0.0,0.0,0.0966,0.0966,0.0966,0,0,0,0,0,0
12140,Wunstorf,52.425278,9.4241667,8649.0,0,1,1,1,1,1,0,0,0,0,0,0,0,0,0,0,0,0,1,1,1,1,1,1,0,0,0,0,0,0,0,0,0,0,0,0,0,0,0,0,0,0,632.8,632.8,434.0,195.3,195.3,195.3,0.3,1.8,1.8,1.8116,1.8116,1.8116,1,2,2,2,2,2
12141,Wustrow,52.923889,11.119166,8665.0,0,0,0,1,1,1,0,0,0,0,0,0,0,0,0,0,0,0,1,1,1,1,1,1,0,0,0,0,0,0,0,0,0,0,0,0,0,0,0,0,0,0,747.4,747.4,389.4,216.4,146.1,146.1,0.3,0.3,0.3,1.8,1.9348,1.9348,1,1,1,2,2,2
12142,Zeven,53.295555,9.2786112,,0,0,0,0,0,0,0,0,0,0,0,0,0,0,0,0,0,0,1,1,1,1,1,1,0,0,0,0,0,0,0,0,0,0,0,0,0,0,0,0,0,0,628.1,628.1,502.7,284.1,208.0,208.0,0.3,0.3,0.3,0.3,0.3,0.3,1,1,1,1,1,1
13001,Ahaus,52.075832,7.0050001,98.0,0,0,0,0,0,0,0,0,0,0,0,0,0,0,0,0,0,0,1,1,1,1,1,1,0,0,0,0,0,0,0,0,0,0,0,0,0,0,0,0,0,0,470.2,470.2,470.2,126.6,126.6,126.6,0.3,0.3,0.3,0.4835,0.4835,0.4835,1,1,1,1,1,1
13002,Ahlen,51.762779,7.8897223,101.0,1,1,1,1,1,1,0,0,0,0,0,0,0,0,0,0,0,0,1,1,1,1,1,1,0,0,0,0,0,0,0,0,0,0,0,0,0,0,0,0,0,0,509.8,509.8,494.0,112.2,112.2,112.2,1.8,1.8,1.8,2.0195,2.0195,2.0195,2,2,2,2,2,2
13003,Altena,51.298054,7.668889,,0,0,0,1,1,1,0,0,0,0,0,0,0,0,0,0,0,0,1,1,1,1,1,1,0,1,1,1,1,1,0,0,0,0,0,0,0,0,0,0,0,0,467.3,467.3,467.3,63.7,63.7,63.7,0.3,1.3,1.3,3.1408,3.1408,3.1408,1,2,2,3,3,3
13004,Anholt,51.846111,6.4274998,257.0,0,0,1,1,1,1,0,0,0,0,0,0,0,0,0,0,0,0,1,1,1,1,1,1,0,0,0,0,0,0,0,0,0,0,0,0,0,0,0,0,0,0,433.6,433.6,433.6,107.6,107.6,107.6,0.3,0.3,1.8,2.031,2.031,2.031,1,1,2,2,2,2
13005,Arnsberg,51.395557,8.0647221,298.0,1,1,1,1,1,1,0,0,0,0,0,0,0,0,0,0,0,0,1,1,1,1,1,1,0,0,0,0,0,0,0,0,0,0,0,0,0,0,0,0,0,0,496.3,496.3,470.2,92.3,92.3,92.3,1.8,1.8,1.8,2.0692,2.0692,2.0692,2,2,2,2,2,2
13006,Attendorn,51.125,7.9050002,338.0,1,1,1,1,1,1,0,0,0,0,0,0,0,0,0,0,0,0,1,1,1,1,1,1,0,1,1,1,1,1,0,0,0,0,0,0,0,0,0,0,0,0,471.1,471.1,471.1,69.3,69.3,69.3,1.8,2.8,2.8,3.1268,3.1268,3.1268,2,3,3,3,3,3
13007,Balve,51.330276,7.8641667,402.0,0,0,0,0,1,1,0,0,0,0,0,0,0,0,0,0,0,0,1,1,1,1,1,1,0,0,0,0,0,0,0,0,0,0,0,0,0,0,0,0,0,0,480.7,480.7,480.7,76.7,76.7,76.7,0.3,0.3,0.3,0.6082,2.1082,2.1082,1,1,1,1,2,2
13008,Barntrup,51.990002,9.1158333,12189.0,0,0,0,1,1,1,0,0,0,0,0,0,0,0,0,0,0,0,0,0,1,1,1,1,0,0,0,0,0,0,0,0,0,0,0,0,0,0,0,0,0,0,593.1,593.1,426.9,174.0,174.0,174.0,0.0,0.0,0.3,1.8651,1.8651,1.8651,0,0,1,2,2,2
13009,Beckum,51.755554,8.0424995,485.0,1,1,1,1,1,1,0,0,0,0,0,0,0,0,0,0,0,0,1,1,1,1,1,1,0,0,0,1,1,1,0,0,0,0,0,0,0,0,0,0,0,0,517.7,517.7,483.9,118.0,118.0,118.0,1.8,1.8,1.8,3.005,3.005,3.005,2,2,2,3,3,3
13010,Belecke,51.481945,8.332778,516.0,0,1,1,1,1,1,0,0,0,0,0,0,0,0,0,0,0,0,1,1,1,1,1,1,0,0,0,0,0,0,0,0,0,0,0,0,0,0,0,0,0,0,517.1,517.1,455.1,113.2,113.2,113.2,0.3,1.8,1.8,2.0171,2.0171,2.0171,1,2,2,2,2,2
13011,Berleburg,51.050278,8.3927774,,1,1,1,1,1,1,0,0,0,0,0,0,0,0,0,0,0,0,0,1,1,1,1,1,0,0,0,0,0,0,0,0,0,0,0,0,0,0,0,0,0,0,497.0,497.0,438.9,101.0,101.0,101.0,1.5,1.8,1.8,2.0474,2.0474,2.0474,2,2,2,2,2,2
13012,Bevergern,52.272499,7.5819445,628.0,0,0,0,1,1,1,0,0,0,0,0,0,0,0,0,0,0,0,0,0,1,1,1,1,0,0,0,0,0,0,0,0,0,0,0,0,0,0,0,0,0,0,508.3,508.3,508.3,154.5,154.5,154.5,0.0,0.0,0.3,1.9137,1.9137,1.9137,0,0,1,2,2,2
13013,Beverungen,51.662777,9.3725004,10897.0,0,0,0,0,1,1,0,0,0,0,0,0,0,0,0,0,0,0,1,1,1,1,1,1,0,0,0,0,0,0,0,0,0,0,0,0,0,0,0,0,0,0,589.2,589.2,395.1,138.2,138.2,138.2,0.3,0.3,0.3,0.4545,1.9545,1.9545,1,1,1,1,2,2
13014,Bielefeld,52.020557,8.5319443,652.0,0,0,0,0,0,0,0,0,0,0,0,0,0,0,0,0,0,0,1,1,1,1,1,1,0,0,0,1,1,1,0,0,0,0,0,0,0,0,0,0,0,0,562.2,562.2,464.2,162.3,162.3,162.3,0.3,0.3,0.3,1.3942,1.3942,1.3942,1,1,1,2,2,2
13015,Billerbeck,51.977501,7.2908335,671.0,0,0,1,1,1,1,0,0,0,0,0,0,0,0,0,0,0,0,1,1,1,1,1,1,0,0,0,0,0,0,0,0,0,0,0,0,0,0,0,0,0,0,490.7,490.7,490.7,117.9,117.9,117.9,0.3,0.3,1.8,2.0053,2.0053,2.0053,1,1,2,2,2,2
13016,Blankenstein,51.405834,7.2261109,,0,0,0,0,0,0,0,0,0,0,0,0,0,0,0,0,0,0,1,1,1,1,1,1,0,0,0,0,0,0,0,0,0,0,0,0,0,0,0,0,0,0,449.2,449.2,449.2,55.3,55.3,55.3,0.3,0.3,0.3,0.6618,0.6618,0.6618,1,1,1,1,1,1
13017,Blomberg,51.943333,9.0908337,728.0,1,1,1,1,1,1,0,0,0,0,0,0,0,0,0,0,0,0,1,1,1,1,1,1,0,0,0,0,0,0,0,0,0,0,0,0,0,0,0,0,0,0,588.8,588.8,426.0,172.1,172.1,172.1,1.8,1.8,1.8,1.8699,1.8699,1.8699,2,2,2,2,2,2
13018,Bocholt,51.837776,6.6155558,11170.0,1,1,1,1,1,1,0,0,0,0,0,0,0,0,0,0,0,0,1,1,1,1,1,1,0,0,1,1,1,1,0,0,0,0,0,0,0,0,0,0,0,0,446.5,446.5,446.5,102.9,102.9,102.9,1.8,1.8,2.8,3.0427,3.0427,3.0427,2,2,3,3,3,3
13019,Bochum,51.482498,7.2169442,755.0,0,0,0,0,0,0,0,0,0,0,0,0,0,0,0,0,0,0,1,1,1,1,1,1,0,0,0,0,0,0,0,0,0,0,0,0,0,0,0,0,0,0,454.0,454.0,454.0,63.2,63.2,63.2,0.3,0.3,0.3,0.642,0.642,0.642,1,1,1,1,1,1
13020,Borgentreich,51.571388,9.2402782,10936.0,0,1,1,1,1,1,0,0,0,0,0,0,0,0,0,0,0,0,0,1,1,1,1,1,0,0,0,0,0,0,0,0,0,0,0,0,0,0,0,0,0,0,576.3,576.3,399.4,141.0,141.0,141.0,0.0,1.8,1.8,1.9474,1.9474,1.9474,0,2,2,2,2,2
13021,Borgholz,51.621666,9.2591667,,0,1,1,1,1,1,0,0,0,0,0,0,0,0,0,0,0,0,0,1,1,1,1,1,0,0,0,0,0,0,0,0,0,0,0,0,0,0,0,0,0,0,580.1,580.1,400.4,142.5,142.5,142.5,0.0,1.8,1.8,1.9437,1.9437,1.9437,0,2,2,2,2,2
13022,Borgholzhausen,52.101665,8.3005552,,0,0,0,0,0,0,0,0,0,0,0,0,0,0,0,0,0,0,1,1,1,1,1,1,0,0,0,0,0,0,0,0,0,0,0,0,0,0,0,0,0,0,555.1,555.1,482.3,159.2,159.2,159.2,0.3,0.3,0.3,0.4019,0.4019,0.4019,1,1,1,1,1,1
13023,Borghorst,52.125,7.395,,0,0,0,0,0,0,0,0,0,0,0,0,0,0,0,0,0,0,1,1,1,1,1,1,0,0,0,0,0,0,0,0,0,0,0,0,0,0,0,0,0,0,496.4,496.4,496.4,135.4,135.4,135.4,0.3,0.3,0.3,0.4614,0.4614,0.4614,1,1,1,1,1,1
13024,Borken (Westfalen),51.843887,6.855,839.0,1,1,1,1,1,1,0,0,0,0,0,0,0,0,0,0,0,0,1,1,1,1,1,1,0,0,0,1,1,1,0,0,0,0,0,0,0,0,0,0,0,0,461.8,461.8,461.8,101.1,101.1,101.1,1.8,1.8,1.8,3.0474,3.0474,3.0474,2,2,2,3,3,3
13025,Bottrop,51.523613,6.9297223,,0,0,0,0,0,0,0,0,0,0,0,0,0,0,0,0,0,0,1,1,1,1,1,1,0,0,0,0,0,0,0,0,0,0,0,0,0,0,0,0,0,0,441.5,441.5,441.5,65.2,65.2,65.2,0.3,0.3,0.3,0.637,0.637,0.637,1,1,1,1,1,1
13026,Brakel,51.716667,9.1841669,917.0,1,1,1,1,1,1,0,0,0,0,0,0,0,0,0,0,0,0,1,1,1,1,1,1,0,0,0,1,1,1,0,0,0,0,0,0,0,0,0,0,0,0,580.9,580.9,409.4,152.4,152.4,152.4,1.8,1.8,1.8,2.9191,2.9191,2.9191,2,2,2,3,3,3
13027,Breckerfeld,51.261391,7.4650002,948.0,0,0,0,1,1,1,0,0,0,0,0,0,0,0,0,0,0,0,1,1,1,1,1,1,0,0,0,0,0,0,0,0,0,0,0,0,0,0,0,0,0,0,453.3,453.3,453.3,50.4,50.4,50.4,0.3,0.3,0.3,2.174,2.174,2.174,1,1,1,2,2,2
13028,Bredenborn,51.810555,9.1822224,,0,0,0,0,0,0,0,0,0,0,0,0,0,0,0,0,0,0,1,1,1,1,1,1,0,0,0,0,0,0,0,0,0,0,0,0,0,0,0,0,0,0,586.2,586.2,413.9,158.2,158.2,158.2,0.3,0.3,0.3,0.4044,0.4044,0.4044,1,1,1,1,1,1
13029,Brilon,51.395279,8.5680552,999.0,1,1,1,1,1,1,0,0,0,0,0,0,0,0,0,0,0,0,1,1,1,1,1,1,1,1,1,1,1,1,0,0,0,0,0,0,0,0,0,0,0,0,526.1,526.1,436.6,123.1,123.1,123.1,2.8,2.8,2.8,2.9922,2.9922,2.9922,3,3,3,3,3,3
13030,Buende,52.197498,8.5836115,,0,0,0,0,0,0,0,0,0,0,0,0,0,0,0,0,0,0,1,1,1,1,1,1,0,0,0,0,0,0,0,0,0,0,0,0,0,0,0,0,0,0,576.8,576.8,469.8,179.5,179.5,179.5,0.3,0.3,0.3,0.3513,0.3513,0.3513,1,1,1,1,1,1
13031,Bueren,51.553612,8.5591669,1125.0,1,1,1,1,1,1,0,0,0,0,0,0,0,0,0,0,0,0,1,1,1,1,1,1,0,0,0,0,0,0,0,0,0,0,0,0,0,0,0,0,0,0,534.6,534.6,442.7,130.7,130.7,130.7,1.8,1.8,1.8,1.9733,1.9733,1.9733,2,2,2,2,2,2
13032,Burgsteinfurt,52.147778,7.3394446,1136.0,0,1,1,1,1,1,0,0,0,0,0,0,0,0,0,0,0,0,1,1,1,1,1,1,0,0,0,0,0,0,0,0,0,0,0,0,0,0,0,0,0,0,492.5,492.5,492.5,137.1,137.1,137.1,0.3,1.8,1.8,1.9572,1.9572,1.9572,1,2,2,2,2,2
13033,Castrop-Rauxel,51.555557,7.3125,1175.0,0,0,0,0,0,1,0,0,0,0,0,0,0,0,0,0,0,0,1,1,1,1,1,1,0,0,0,0,0,0,0,0,0,0,0,0,0,0,0,0,0,0,464.2,464.2,464.2,73.0,73.0,73.0,0.3,0.3,0.3,0.6176,0.6176,2.1176,1,1,1,1,1,2
13034,Coesfeld,51.944721,7.1666665,1239.0,1,1,1,1,1,1,0,0,0,0,0,0,0,0,0,0,0,0,1,1,1,1,1,1,0,0,0,0,0,0,0,0,0,0,0,0,0,0,0,0,0,0,482.6,482.6,482.6,112.9,112.9,112.9,1.8,1.8,1.8,2.0177,2.0177,2.0177,2,2,2,2,2,2
13035,Datteln,51.653057,7.3425002,,0,0,0,0,0,0,0,0,0,0,0,0,0,0,0,0,0,0,1,1,1,1,1,1,0,0,0,0,0,0,0,0,0,0,0,0,0,0,0,0,0,0,472.6,472.6,472.6,83.9,83.9,83.9,0.3,0.3,0.3,0.5903,0.5903,0.5903,1,1,1,1,1,1
13036,Delbrueck,51.764999,8.5625,,0,0,0,0,0,0,0,0,0,0,0,0,0,0,0,0,0,0,1,1,1,1,1,1,0,0,0,0,0,0,0,0,0,0,0,0,0,0,0,0,0,0,547.6,547.6,450.8,144.4,144.4,144.4,0.3,0.3,0.3,0.4391,0.4391,0.4391,1,1,1,1,1,1
13037,Detmold,51.935276,8.8786116,1406.0,1,1,1,1,1,1,0,0,0,0,0,0,0,0,0,0,0,0,1,1,1,1,1,1,0,0,0,0,0,0,0,0,0,0,0,0,0,0,0,0,0,0,576.2,576.2,438.7,173.2,173.2,173.2,1.8,1.8,1.8,1.8671,1.8671,1.8671,2,2,2,2,2,2
13038,Dorsten,51.660831,6.9644446,1542.0,0,1,1,1,1,1,0,0,0,0,0,0,0,0,0,0,0,0,1,1,1,1,1,1,0,0,0,0,0,0,0,0,0,0,0,0,0,0,0,0,0,0,453.4,453.4,453.4,80.4,80.4,80.4,0.3,1.8,1.8,2.0989,2.0989,2.0989,1,2,2,2,2,2
13039,Dortmund,51.514168,7.4638891,1545.0,1,1,1,1,1,1,0,0,0,0,0,0,0,0,0,0,0,0,1,1,1,1,1,1,0,1,1,1,1,1,0,0,0,0,0,0,2,2,2,2,2,2,469.7,469.7,469.7,73.1,73.1,73.1,5.8,6.8,6.8,7.1173,7.1173,7.1173,3,3,3,3,3,3
13040,Drensteinfurt,51.796944,7.7413888,,0,0,0,0,1,1,0,0,0,0,0,0,0,0,0,0,0,0,1,1,1,1,1,1,0,0,0,0,0,0,0,0,0,0,0,0,0,0,0,0,0,0,504.0,504.0,504.0,109.9,109.9,109.9,0.3,0.3,0.3,0.5253,2.0253,2.0253,1,1,1,1,2,2
13041,Bad Driburg,51.736111,9.0169449,1576.0,0,1,1,1,1,1,0,0,0,0,0,0,0,0,0,0,0,0,1,1,1,1,1,1,0,0,0,0,0,0,0,0,0,0,0,0,0,0,0,0,0,0,572.2,572.2,420.8,163.3,163.3,163.3,0.3,1.8,1.8,1.8916,1.8916,1.8916,1,2,2,2,2,2
13042,Dringenberg,51.670277,9.0550003,,0,0,1,1,1,1,0,0,0,0,0,0,0,0,0,0,0,0,1,1,1,1,1,1,0,0,0,0,0,0,0,0,0,0,0,0,0,0,0,0,0,0,570.7,570.7,415.5,157.5,157.5,157.5,0.3,0.3,1.8,1.9063,1.9063,1.9063,1,1,2,2,2,2
13043,Drolshagen,51.024723,7.7758331,1585.0,0,0,0,0,0,1,0,0,0,0,0,0,0,0,0,0,0,0,1,1,1,1,1,1,0,0,0,0,0,1,0,0,0,0,0,0,0,0,0,0,0,0,457.7,457.7,457.7,57.9,57.9,57.9,0.3,0.3,0.3,0.6552,0.6552,3.1552,1,1,1,1,1,3
13044,Duelmen,51.828335,7.2788887,1615.0,0,0,1,1,1,1,0,0,0,0,0,0,0,0,0,0,0,0,1,1,1,1,1,1,0,0,0,0,1,1,0,0,0,0,0,0,0,0,0,0,0,0,481.9,481.9,481.9,101.5,101.5,101.5,0.3,0.3,1.8,2.0463,3.0463,3.0463,1,1,2,2,3,3
13045,Emsdetten,52.171944,7.5275002,,0,0,0,0,0,0,0,0,0,0,0,0,0,0,0,0,0,0,1,1,1,1,1,1,0,0,0,0,0,0,0,0,0,0,0,0,0,0,0,0,0,0,505.1,505.1,505.1,142.8,142.8,142.8,0.3,0.3,0.3,0.4431,0.4431,0.4431,1,1,1,1,1,1
13046,Enger,52.139168,8.5591669,,0,0,0,0,0,0,0,0,0,0,0,0,0,0,0,0,0,0,1,1,1,1,1,1,0,0,0,0,0,0,0,0,0,0,0,0,0,0,0,0,0,0,571.6,571.6,468.3,173.4,173.4,173.4,0.3,0.3,0.3,0.3664,0.3664,0.3664,1,1,1,1,1,1
13047,Ennepetal,51.297501,7.356111,,0,0,0,0,0,0,0,0,0,0,0,0,0,0,0,0,0,0,1,1,1,1,1,1,0,0,0,0,0,0,0,0,0,0,0,0,0,0,0,0,0,0,449.4,449.4,449.4,48.6,48.6,48.6,0.3,0.3,0.3,0.6784,0.6784,0.6784,1,1,1,1,1,1
13048,Erwitte,51.611389,8.3361111,,0,0,0,0,0,0,0,0,0,0,0,0,0,0,0,0,0,0,1,1,1,1,1,1,0,0,0,0,0,0,0,0,0,0,0,0,0,0,0,0,0,0,525.1,525.1,459.4,121.5,121.5,121.5,0.3,0.3,0.3,0.4961,0.4961,0.4961,1,1,1,1,1,1
13049,Eversberg,51.366943,8.3347225,,1,1,1,1,1,1,0,0,0,0,0,0,0,0,0,0,0,0,1,1,1,1,1,1,0,0,0,0,0,0,0,0,0,0,0,0,0,0,0,0,0,0,510.6,510.6,451.3,107.1,107.1,107.1,1.8,1.8,1.8,2.0323,2.0323,2.0323,2,2,2,2,2,2
13050,Freckenhorst,51.920277,7.9661112,,0,0,0,0,0,0,0,0,0,0,0,0,0,0,0,0,0,0,1,1,1,1,1,1,0,0,0,0,0,0,0,0,0,0,0,0,0,0,0,0,0,0,524.7,524.7,495.3,129.6,129.6,129.6,0.3,0.3,0.3,0.4759,0.4759,0.4759,1,1,1,1,1,1
13051,Fredeburg,51.191387,8.3105555,,0,0,0,1,1,1,0,0,0,0,0,0,0,0,0,0,0,0,0,1,1,1,1,1,0,0,0,0,0,0,0,0,0,0,0,0,0,0,0,0,0,0,499.3,499.3,447.9,98.5,98.5,98.5,0.0,0.3,0.3,2.0538,2.0538,2.0538,0,1,1,2,2,2
13052,Freienohl,51.375,8.1711111,,0,0,0,1,1,1,0,0,0,0,0,0,0,0,0,0,0,0,0,1,1,1,1,1,0,0,0,0,0,0,0,0,0,0,0,0,0,0,0,0,0,0,501.3,501.3,462.4,97.5,97.5,97.5,0.0,0.3,0.3,2.0564,2.0564,2.0564,0,1,1,2,2,2
13053,Freudenberg,50.90139,7.8827777,,0,0,0,0,0,1,0,0,0,0,0,0,0,0,0,0,0,0,0,0,0,1,1,1,0,0,0,0,0,0,0,0,0,0,0,0,0,0,0,0,0,0,457.7,457.7,457.7,64.8,64.8,64.8,0.0,0.0,0.0,0.638,0.638,2.138,0,0,0,1,1,2
13054,Gehrden (Brakel,51.654999,9.1183329,,0,0,1,1,1,1,0,0,0,0,0,0,0,0,0,0,0,0,1,1,1,1,1,1,0,0,0,0,0,0,0,0,0,0,0,0,0,0,0,0,0,0,573.6,573.6,410.8,152.8,152.8,152.8,0.3,0.3,1.8,1.9179,1.9179,1.9179,1,1,2,2,2,2
13055,Gelsenkirchen,51.511112,7.1005554,,0,1,1,1,1,1,0,1,1,1,1,1,0,0,0,0,0,0,1,1,1,1,1,1,0,0,0,0,0,0,0,0,0,0,0,0,0,0,0,0,0,0,449.7,449.7,449.7,64.5,64.5,64.5,0.3,0.8,0.8,1.1387,1.1387,1.1387,1,1,1,1,1,1
13056,Gemen,51.859444,6.8644443,,0,0,0,0,0,0,0,0,0,0,0,0,0,0,0,0,0,0,1,1,1,1,1,1,0,0,0,0,0,0,0,0,0,0,0,0,0,0,0,0,0,0,463.2,463.2,463.2,102.7,102.7,102.7,0.3,0.3,0.3,0.5432,0.5432,0.5432,1,1,1,1,1,1
13057,Geseke,51.639721,8.5086107,2176.0,1,1,1,1,1,1,0,0,0,0,0,0,0,0,0,0,0,0,1,1,1,1,1,1,0,0,0,0,0,0,0,0,0,0,0,0,0,0,0,0,0,0,536.8,536.8,449.3,133.0,133.0,133.0,1.8,1.8,1.8,1.9675,1.9675,1.9675,2,2,2,2,2,2
13058,Gevelsberg,51.324165,7.3372221,,0,0,0,0,0,0,0,0,0,0,0,0,0,0,0,0,0,0,1,1,1,1,1,1,0,0,0,0,0,0,0,0,0,0,0,0,0,0,0,0,0,0,450.0,450.0,450.0,50.4,50.4,50.4,0.3,0.3,0.3,0.674,0.674,0.674,1,1,1,1,1,1
13059,Gladbeck,51.573334,6.9924998,,0,0,0,0,0,0,0,0,0,0,0,0,0,0,0,0,0,0,1,1,1,1,1,1,0,0,0,0,0,0,0,0,0,0,0,0,0,0,0,0,0,0,448.4,448.4,448.4,70.7,70.7,70.7,0.3,0.3,0.3,0.6232,0.6232,0.6232,1,1,1,1,1,1
13060,Greven,52.092499,7.6130557,,0,0,0,0,0,0,0,0,0,0,0,0,0,0,0,0,0,0,1,1,1,1,1,1,0,0,0,0,0,0,0,0,0,0,0,0,0,0,0,0,0,0,511.5,511.5,511.5,136.1,136.1,136.1,0.3,0.3,0.3,0.4596,0.4596,0.4596,1,1,1,1,1,1
13061,Gronau in Westfalen,52.212223,7.018889,,0,0,0,0,0,0,0,0,0,0,0,0,0,0,0,0,0,0,0,0,0,1,1,1,0,0,0,0,0,0,0,0,0,0,0,0,0,0,0,0,0,0,470.3,470.3,470.3,141.8,141.8,141.8,0.0,0.0,0.0,0.4455,0.4455,0.4455,0,0,0,1,1,1
13062,Guetersloh,51.909443,8.3808336,,0,0,0,0,0,0,0,0,0,0,0,0,0,0,0,0,0,0,1,1,1,1,1,1,0,0,0,0,0,0,0,0,0,0,0,0,0,0,0,0,0,0,546.6,546.6,468.6,146.2,146.2,146.2,0.3,0.3,0.3,0.4345,0.4345,0.4345,1,1,1,1,1,1
13063,Hagen,51.360001,7.4672222,,0,0,0,0,0,0,0,0,0,0,0,0,0,0,0,0,0,0,1,1,1,1,1,1,0,0,0,0,0,0,0,0,0,0,0,0,0,0,0,0,0,0,459.7,459.7,459.7,58.8,58.8,58.8,0.3,0.3,0.3,0.653,0.653,0.653,1,1,1,1,1,1
13064,Halle,52.060833,8.3619442,,0,0,1,1,1,1,0,0,0,0,0,0,0,0,0,0,0,0,1,1,1,1,1,1,0,0,0,0,0,0,0,0,0,0,0,0,0,0,0,0,0,0,555.6,555.6,476.6,158.2,158.2,158.2,0.3,0.3,1.8,1.9046,1.9046,1.9046,1,1,2,2,2,2
13065,Hallenberg,51.111946,8.6211109,2768.0,0,0,1,1,1,1,0,0,0,0,0,0,0,0,0,0,0,0,1,1,1,1,1,1,0,0,0,0,1,1,0,0,0,0,0,0,0,0,0,0,0,0,514.3,514.3,424.8,117.8,117.8,117.8,0.3,0.3,1.8,2.0056,3.0056,3.0056,1,1,2,2,3,3
13066,Haltern,51.74361,7.1869445,2774.0,0,1,1,1,1,1,0,0,0,0,0,0,0,0,0,0,0,0,1,1,1,1,1,1,0,0,0,0,0,0,0,0,0,0,0,0,0,0,0,0,0,0,470.9,470.9,470.9,91.0,91.0,91.0,0.3,1.8,1.8,2.0725,2.0725,2.0725,1,2,2,2,2,2
13067,Hamm,51.678055,7.8169446,2781.0,1,1,1,1,1,1,0,0,0,0,0,0,0,0,0,0,0,0,1,1,1,1,1,1,0,0,0,1,1,1,0,0,0,0,0,0,0,0,0,0,0,0,500.1,500.1,495.7,101.6,101.6,101.6,1.8,1.8,1.8,3.046,3.046,3.046,2,2,2,3,3,3
13068,Harsewinkel,51.963055,8.2275,,0,0,0,0,0,0,0,0,0,0,0,0,0,0,0,0,0,0,1,1,1,1,1,1,0,0,0,0,0,0,0,0,0,0,0,0,0,0,0,0,0,0,541.7,541.7,480.6,143.9,143.9,143.9,0.3,0.3,0.3,0.4402,0.4402,0.4402,1,1,1,1,1,1
13069,Hattingen,51.398888,7.1838889,,0,0,0,1,1,1,0,0,0,0,0,0,0,0,0,0,0,0,1,1,1,1,1,1,0,0,0,0,0,0,0,0,0,0,0,0,0,0,0,0,0,0,446.5,446.5,446.5,53.6,53.6,53.6,0.3,0.3,0.3,2.1659,2.1659,2.1659,1,1,1,2,2,2
13070,Hausberge,52.238888,8.9263887,,0,0,0,0,0,0,0,0,0,0,0,0,0,0,0,0,0,0,1,1,1,1,1,1,0,0,0,0,0,0,0,0,0,0,0,0,0,0,0,0,0,0,598.3,598.3,451.5,198.5,198.5,198.5,0.3,0.3,0.3,0.3039,0.3039,0.3039,1,1,1,1,1,1
13071,Hemer,51.385277,7.7649999,,0,0,0,0,0,0,0,0,0,0,0,0,0,0,0,0,0,0,1,1,1,1,1,1,0,0,0,0,0,0,0,0,0,0,0,0,0,0,0,0,0,0,478.3,478.3,478.3,75.0,75.0,75.0,0.3,0.3,0.3,0.6125,0.6125,0.6125,1,1,1,1,1,1
13072,Herdecke,51.399166,7.4299998,,0,0,0,0,0,0,0,0,0,0,0,0,0,0,0,0,0,0,1,1,1,1,1,1,0,0,0,0,0,0,0,0,0,0,0,0,0,0,0,0,0,0,460.1,460.1,460.1,60.9,60.9,60.9,0.3,0.3,0.3,0.6478,0.6478,0.6478,1,1,1,1,1,1
13073,Herford,52.115555,8.6733332,2978.0,1,1,1,1,1,1,0,0,0,0,0,0,0,0,0,0,0,0,1,1,1,1,1,1,0,0,0,0,0,1,0,0,0,0,0,0,2,2,2,2,2,2,576.3,576.3,460.2,176.6,176.6,176.6,5.8,5.8,5.8,5.8584,5.8584,6.8584,3,3,3,3,3,3
13074,Herne,51.540279,7.2227778,,0,0,0,0,0,0,0,0,0,0,0,0,0,0,0,0,0,0,1,1,1,1,1,1,0,0,0,0,0,0,0,0,0,0,0,0,0,0,0,0,0,0,458.3,458.3,458.3,69.5,69.5,69.5,0.3,0.3,0.3,0.6263,0.6263,0.6263,1,1,1,1,1,1
13075,Herten,51.594444,7.1399999,,0,0,0,0,0,0,0,0,0,0,0,0,0,0,0,0,0,0,1,1,1,1,1,1,0,0,0,0,0,0,0,0,0,0,0,0,0,0,0,0,0,0,457.7,457.7,457.7,74.1,74.1,74.1,0.3,0.3,0.3,0.6147,0.6147,0.6147,1,1,1,1,1,1
13076,Hilchenbach,50.995834,8.1130552,,0,0,0,0,0,0,0,0,0,0,0,0,0,0,0,0,0,0,0,1,1,1,1,1,0,0,0,0,0,0,0,0,0,0,0,0,0,0,0,0,0,0,476.9,476.9,456.9,81.0,81.0,81.0,0.0,0.3,0.3,0.5975,0.5975,0.5975,0,1,1,1,1,1
13077,Hirschberg,51.429165,8.2758331,3074.0,0,0,1,1,1,1,0,0,0,0,0,0,0,0,0,0,0,0,1,1,1,1,1,1,0,0,0,0,0,0,0,0,0,0,0,0,0,0,0,0,0,0,510.7,510.7,457.1,106.8,106.8,106.8,0.3,0.3,1.8,2.0331,2.0331,2.0331,1,1,2,2,2,2
13078,Hoexter,51.775555,9.3813887,3240.0,1,1,1,1,1,1,0,0,0,0,0,0,0,0,0,0,0,0,1,1,1,1,1,1,0,0,0,0,0,0,0,0,0,0,0,0,0,0,0,0,0,0,596.0,596.0,399.9,144.9,144.9,144.9,1.8,1.8,1.8,1.9378,1.9378,1.9378,2,2,2,2,2,2
13079,Hohenlimburg,51.344166,7.5783334,,0,0,0,0,0,0,0,0,0,0,0,0,0,0,0,0,0,0,1,1,1,1,1,1,0,0,0,0,0,0,0,0,0,0,0,0,0,0,0,0,0,0,465.0,465.0,465.0,62.5,62.5,62.5,0.3,0.3,0.3,0.6438,0.6438,0.6438,1,1,1,1,1,1
13080,Horn,51.872776,8.9452782,3208.0,1,1,1,1,1,1,0,0,0,0,0,0,0,0,0,0,0,0,1,1,1,1,1,1,0,0,0,1,1,1,0,0,0,0,0,0,0,0,0,0,0,0,576.1,576.1,431.6,172.5,172.5,172.5,1.8,1.8,1.8,2.8687,2.8687,2.8687,2,2,2,3,3,3
13081,Horstmar,52.080555,7.3049998,3228.0,1,1,1,1,1,1,0,0,0,0,0,0,0,0,0,0,0,0,1,1,1,1,1,1,0,0,0,0,0,1,0,0,0,0,0,0,0,0,0,0,0,0,490.6,490.6,490.6,129.3,129.3,129.3,1.8,1.8,1.8,1.9767,1.9767,2.9767,2,2,2,2,2,3
13082,Ibbenbueren,52.275276,7.7147222,,0,0,0,0,0,0,0,0,0,0,0,0,0,0,0,0,0,0,1,1,1,1,1,1,0,0,0,0,0,0,0,0,0,0,0,0,0,0,0,0,0,0,517.3,517.3,517.3,157.6,157.6,157.6,0.3,0.3,0.3,0.406,0.406,0.406,1,1,1,1,1,1
13083,Iserlohn,51.374443,7.6991668,3339.0,0,1,1,1,1,1,0,0,0,0,0,0,0,0,0,0,0,0,1,1,1,1,1,1,0,0,0,0,0,0,0,0,0,0,0,0,0,0,0,0,0,0,473.8,473.8,473.8,70.8,70.8,70.8,0.3,1.8,1.8,2.1229,2.1229,2.1229,1,2,2,2,2,2
13084,Kallenhardt,51.451389,8.4238892,3497.0,0,0,0,0,0,0,0,0,0,0,0,0,0,0,0,0,0,0,1,1,1,1,1,1,0,0,0,0,0,0,0,0,0,0,0,0,0,0,0,0,0,0,520.7,520.7,448.0,116.9,116.9,116.9,0.3,0.3,0.3,0.5077,0.5077,0.5077,1,1,1,1,1,1
13085,Kamen,51.592224,7.6622224,3514.0,1,1,1,1,1,1,0,0,0,0,0,0,0,0,0,0,0,0,1,1,1,1,1,1,0,0,0,1,1,1,0,0,0,0,0,0,0,0,0,0,0,0,485.8,485.8,485.8,87.7,87.7,87.7,1.8,1.8,1.8,3.0808,3.0808,3.0808,2,2,2,3,3,3
13086,Kleinenberg,51.583611,8.9761114,3773.0,0,0,0,0,0,0,0,0,0,0,0,0,0,0,0,0,0,0,1,1,1,1,1,1,0,0,0,0,0,0,0,0,0,0,0,0,0,0,0,0,0,0,561.1,561.1,416.9,157.6,157.6,157.6,0.3,0.3,0.3,0.406,0.406,0.406,1,1,1,1,1,1
13087,Laasphe,50.927223,8.4122219,4186.0,1,1,1,1,1,1,0,0,0,0,0,0,0,0,0,0,0,0,1,1,1,1,1,1,0,0,0,0,0,0,0,0,0,0,0,0,0,0,0,0,0,0,492.1,492.1,435.0,101.8,101.8,101.8,1.8,1.8,1.8,2.0456,2.0456,2.0456,2,2,2,2,2,2
13088,Lage,51.991112,8.7924995,,0,0,0,1,1,1,0,0,0,0,0,0,0,0,0,0,0,0,0,1,1,1,1,1,0,0,0,0,0,0,0,0,0,0,0,0,0,0,0,0,0,0,574.8,574.8,446.7,172.7,172.7,172.7,0.0,0.3,0.3,1.8682,1.8682,1.8682,0,1,1,2,2,2
13089,Lemgo,52.027779,8.9008331,4353.0,1,1,1,1,1,1,0,0,0,0,0,0,0,0,0,0,0,0,1,1,1,1,1,1,0,0,0,1,1,1,0,0,0,0,0,0,0,0,0,0,0,0,583.2,583.2,441.9,181.0,181.0,181.0,1.8,1.8,1.8,2.8476,2.8476,2.8476,2,2,2,3,3,3
13090,Lengerich,52.189724,7.8525,,0,0,0,0,0,0,0,0,0,0,0,0,0,0,0,0,0,0,1,1,1,1,1,1,0,0,0,0,0,0,0,0,0,0,0,0,0,0,0,0,0,0,527.1,527.1,514.2,152.3,152.3,152.3,0.3,0.3,0.3,0.4193,0.4193,0.4193,1,1,1,1,1,1
13091,Letmathe,51.365555,7.6102777,,0,0,0,0,0,0,0,0,0,0,0,0,0,0,0,0,0,0,1,1,1,1,1,1,0,0,0,0,0,0,0,0,0,0,0,0,0,0,0,0,0,0,468.2,468.2,468.2,65.7,65.7,65.7,0.3,0.3,0.3,0.6357,0.6357,0.6357,1,1,1,1,1,1
13092,Lichtenau (Westfalen),51.616665,8.8955555,4419.0,0,0,0,0,0,0,0,0,0,0,0,0,0,0,0,0,0,0,0,0,1,1,1,1,0,0,0,0,0,0,0,0,0,0,0,0,0,0,0,0,0,0,558.1,558.1,423.4,154.3,154.3,154.3,0.0,0.0,0.3,0.4141,0.4141,0.4141,0,0,1,1,1,1
13093,Bad Lippspringe,51.782501,8.8186111,4501.0,0,0,0,0,1,1,0,0,0,0,0,0,0,0,0,0,0,0,1,1,1,1,1,1,0,0,0,0,1,1,0,0,0,0,0,0,0,0,0,0,0,0,563.4,563.4,435.4,159.6,159.6,159.6,0.3,0.3,0.3,0.401,2.901,2.901,1,1,1,1,3,3
13094,Lippstadt,51.671391,8.3466663,4502.0,1,1,1,1,1,1,0,0,0,0,0,0,0,0,0,0,0,0,1,1,1,1,1,1,1,1,1,1,1,1,0,0,0,0,0,0,0,0,0,0,0,0,529.4,529.4,461.0,126.3,126.3,126.3,2.8,2.8,2.8,2.9843,2.9843,2.9843,3,3,3,3,3,3
13095,Luebbecke,52.303333,8.6172218,4597.0,0,1,1,1,1,1,0,0,0,0,0,0,0,0,0,0,0,0,1,1,1,1,1,1,0,0,0,1,1,1,0,0,0,0,0,0,0,0,0,0,0,0,578.5,578.5,473.4,190.1,190.1,190.1,0.3,1.8,1.8,2.8247,2.8247,2.8247,1,2,2,3,3,3
13096,Luedenscheid,51.215557,7.6333332,4628.0,1,1,1,1,1,1,0,0,0,0,0,0,0,0,0,0,0,0,1,1,1,1,1,1,0,0,0,0,0,0,0,0,0,0,0,0,0,0,0,0,0,0,460.3,460.3,460.3,56.3,56.3,56.3,1.8,1.8,1.8,2.1593,2.1593,2.1593,2,2,2,2,2,2
13097,Luedinghausen,51.768333,7.4441667,4632.0,0,0,1,1,1,1,0,0,0,0,0,0,0,0,0,0,0,0,1,1,1,1,1,1,0,0,0,0,0,0,0,0,0,0,0,0,0,0,0,0,0,0,486.2,486.2,486.2,98.3,98.3,98.3,0.3,0.3,1.8,2.0542,2.0542,2.0542,1,1,2,2,2,2
13098,Luegde,51.957779,9.2458334,12827.0,1,1,1,1,1,1,0,0,0,0,0,0,0,0,0,0,0,0,1,1,1,1,1,1,0,0,0,0,0,0,0,0,0,0,0,0,0,0,0,0,0,0,598.6,598.6,417.3,164.8,164.8,164.8,1.8,1.8,1.8,1.8879,1.8879,1.8879,2,2,2,2,2,2
13099,Luenen,51.614166,7.5233335,11207.0,0,0,0,0,0,0,0,0,0,0,0,0,0,0,0,0,0,0,1,1,1,1,1,1,0,0,0,1,1,1,0,0,0,0,0,0,0,0,0,0,0,0,479.7,479.7,479.7,84.8,84.8,84.8,0.3,0.3,0.3,1.5879,1.5879,1.5879,1,1,1,2,2,2
13100,Marl,51.658054,7.1016665,,0,0,0,0,0,0,0,0,0,0,0,0,0,0,0,0,0,0,1,1,1,1,1,1,0,0,0,0,0,0,0,0,0,0,0,0,0,0,0,0,0,0,460.3,460.3,460.3,80.7,80.7,80.7,0.3,0.3,0.3,0.5982,0.5982,0.5982,1,1,1,1,1,1
13101,Medebach,51.198055,8.7047224,,1,1,1,1,1,1,0,0,0,0,0,0,0,0,0,0,0,0,1,1,1,1,1,1,0,0,0,0,0,0,0,0,0,0,0,0,0,0,0,0,0,0,523.9,523.9,421.5,125.3,125.3,125.3,1.8,1.8,1.8,1.9868,1.9868,1.9868,2,2,2,2,2,2
13102,Menden,50.790001,7.1655555,,0,1,1,1,1,1,0,0,0,0,0,0,0,0,0,0,0,0,1,1,1,1,1,1,0,0,0,0,0,0,0,0,0,0,0,0,0,0,0,0,0,0,407.6,407.6,407.6,21.8,21.8,21.8,0.3,1.8,1.8,2.2454,2.2454,2.2454,1,2,2,2,2,2
13103,Meschede,51.346668,8.2849998,4899.0,0,0,0,0,0,1,0,0,0,0,0,0,0,0,0,0,0,0,1,1,1,1,1,1,0,0,0,0,0,0,0,0,0,0,0,0,0,0,0,0,0,0,506.4,506.4,454.0,103.0,103.0,103.0,0.3,0.3,0.3,0.5425,0.5425,2.0425,1,1,1,1,1,2
13104,Minden,52.288055,8.914444,4958.0,0,0,0,0,0,0,0,0,0,0,0,0,0,0,0,0,0,0,1,1,1,1,1,1,1,1,1,1,1,1,0,0,0,0,0,0,0,0,0,0,0,0,598.8,598.8,455.0,201.9,201.9,201.9,1.3,1.3,1.3,1.3,1.3,1.3,2,2,2,2,2,2
13105,Muenster,51.961666,7.6266665,9237.0,0,0,0,0,0,0,0,0,0,0,0,0,0,0,0,0,0,0,1,1,1,1,1,1,1,1,1,1,1,1,0,0,0,0,0,0,0,0,0,0,0,0,509.6,509.6,509.6,122.9,122.9,122.9,1.3,1.3,1.3,1.4928,1.4928,1.4928,2,2,2,2,2,2
13106,Neheim-Huesten,51.451111,7.9644446,5190.0,0,0,0,1,1,1,0,0,0,0,0,0,0,0,0,0,0,0,1,1,1,1,1,1,0,0,0,0,1,1,0,0,0,0,0,0,0,0,0,0,0,0,493.9,493.9,478.5,90.3,90.3,90.3,0.3,0.3,0.3,2.0742,3.0742,3.0742,1,1,1,2,3,3
13107,Neuenrade,51.281666,7.7794442,,0,0,0,1,1,1,0,0,0,0,0,0,0,0,0,0,0,0,1,1,1,1,1,1,0,0,0,0,0,0,0,0,0,0,0,0,0,0,0,0,0,0,472.8,472.8,472.8,68.8,68.8,68.8,0.3,0.3,0.3,2.128,2.128,2.128,1,1,1,2,2,2
13108,Niedermarsberg,51.460278,8.854167,5365.0,1,1,1,1,1,1,0,0,0,0,0,0,0,0,0,0,0,0,1,1,1,1,1,1,0,0,0,0,0,0,0,0,0,0,0,0,0,0,0,0,0,0,546.9,546.9,420.0,144.2,144.2,144.2,1.8,1.8,1.8,1.9395,1.9395,1.9395,2,2,2,2,2,2
13109,Nieheim,51.80389,9.1099997,5381.0,1,1,1,1,1,1,0,0,0,0,0,0,0,0,0,0,0,0,1,1,1,1,1,1,0,0,0,0,0,0,0,0,0,0,0,0,0,0,0,0,0,0,581.6,581.6,418.1,161.9,161.9,161.9,1.8,1.8,1.8,1.8952,1.8952,1.8952,2,2,2,2,2,2
13110,Obermarsberg,51.452778,8.851944,5534.0,1,1,1,1,1,1,0,0,0,0,0,0,0,0,0,0,0,0,1,1,1,1,1,1,0,0,0,0,0,0,0,0,0,0,0,0,0,0,0,0,0,0,546.4,546.4,419.9,143.7,143.7,143.7,1.8,1.8,1.8,1.9407,1.9407,1.9407,2,2,2,2,2,2
13111,Ochtrup,52.208332,7.188611,,0,0,0,0,0,0,0,0,0,0,0,0,0,0,0,0,0,0,1,1,1,1,1,1,0,0,0,0,0,0,0,0,0,0,0,0,0,0,0,0,0,0,481.8,481.8,481.8,142.2,142.2,142.2,0.3,0.3,0.3,0.4445,0.4445,0.4445,1,1,1,1,1,1
13112,Oelde,51.827221,8.145833,,0,0,0,0,0,0,0,0,0,0,0,0,0,0,0,0,0,0,1,1,1,1,1,1,0,0,0,0,0,0,0,0,0,0,0,0,0,0,0,0,0,0,528.2,528.2,480.0,128.7,128.7,128.7,0.3,0.3,0.3,0.4783,0.4783,0.4783,1,1,1,1,1,1
13113,Oerlinghausen,51.952221,8.6611109,,0,0,0,0,0,0,0,0,0,0,0,0,0,0,0,0,0,0,1,1,1,1,1,1,0,0,0,0,0,0,0,0,0,0,0,0,0,0,0,0,0,0,565.0,565.0,453.0,163.2,163.2,163.2,0.3,0.3,0.3,0.3921,0.3921,0.3921,1,1,1,1,1,1
13114,Bad Oeynhausen,52.208057,8.8038893,,0,0,0,0,0,0,0,0,0,0,0,0,0,0,0,0,0,0,1,1,1,1,1,1,0,0,0,0,0,0,0,0,0,0,0,0,0,0,0,0,0,0,589.6,589.6,457.1,190.2,190.2,190.2,0.3,0.3,0.3,0.3244,0.3244,0.3244,1,1,1,1,1,1
13115,Olfen,51.708611,7.3800001,,0,0,0,0,0,0,0,0,0,0,0,0,0,0,0,0,0,0,1,1,1,1,1,1,0,0,0,0,0,0,0,0,0,0,0,0,0,0,0,0,0,0,478.5,478.5,478.5,90.6,90.6,90.6,0.3,0.3,0.3,0.5736,0.5736,0.5736,1,1,1,1,1,1
13116,Olpe,51.0275,7.8433332,5642.0,0,0,1,1,1,1,0,0,0,0,0,0,0,0,0,0,0,0,1,1,1,1,1,1,0,0,0,0,0,0,0,0,0,0,0,0,0,0,0,0,0,0,462.0,462.0,462.0,62.6,62.6,62.6,0.3,0.3,1.8,2.1434,2.1434,2.1434,1,1,2,2,2,2
13117,Paderborn,51.719444,8.7572222,5801.0,0,0,0,0,0,0,0,0,0,0,0,0,0,0,0,0,0,0,1,1,1,1,1,1,0,1,1,1,1,1,0,0,0,0,0,0,0,0,0,0,0,0,556.0,556.0,436.5,152.1,152.1,152.1,0.3,1.3,1.3,1.4197,1.4197,1.4197,1,2,2,2,2,2
13118,Peckelsheim,51.598331,9.1283331,5863.0,0,0,1,1,1,1,0,0,0,0,0,0,0,0,0,0,0,0,1,1,1,1,1,1,0,0,0,0,0,0,0,0,0,0,0,0,0,0,0,0,0,0,571.0,571.0,407.7,149.3,149.3,149.3,0.3,0.3,1.8,1.9268,1.9268,1.9268,1,1,2,2,2,2
13119,Petershagen,52.378056,8.9697218,,0,0,0,1,1,1,0,0,0,0,0,0,0,0,0,0,0,0,0,0,1,1,1,1,0,0,0,0,0,0,0,0,0,0,0,0,0,0,0,0,0,0,602.2,602.2,456.9,210.8,210.8,210.8,0.0,0.0,0.3,1.8,1.8,1.8,0,0,1,2,2,2
13120,Plettenberg,51.212223,7.873889,,0,0,0,1,1,1,0,0,0,0,0,0,0,0,0,0,0,0,1,1,1,1,1,1,0,0,0,0,0,0,0,0,0,0,0,0,0,0,0,0,0,0,474.2,474.2,474.2,70.8,70.8,70.8,0.3,0.3,0.3,2.1231,2.1231,2.1231,1,1,1,2,2,2
13121,Preussisch-Oldendorf,52.305557,8.4905558,,0,0,0,0,0,0,0,0,0,0,0,0,0,0,0,0,0,0,1,1,1,1,1,1,0,0,0,0,0,0,0,0,0,0,0,0,0,0,0,0,0,0,569.9,569.9,481.0,185.2,185.2,185.2,0.3,0.3,0.3,0.337,0.337,0.337,1,1,1,1,1,1
13122,Ramsdorf,51.885277,6.918889,11184.0,0,0,1,1,1,1,0,0,0,0,0,0,0,0,0,0,0,0,1,1,1,1,1,1,0,0,0,0,0,0,0,0,0,0,0,0,0,0,0,0,0,0,466.5,466.5,466.5,105.4,105.4,105.4,0.3,0.3,1.8,2.0364,2.0364,2.0364,1,1,2,2,2,2
13123,Recklinghausen,51.614445,7.1975002,6297.0,1,1,1,1,1,1,0,0,0,0,0,0,0,0,0,0,0,0,1,1,1,1,1,1,0,1,1,1,1,1,0,0,0,0,0,0,0,0,0,0,0,0,462.2,462.2,462.2,77.1,77.1,77.1,1.8,2.8,2.8,3.1074,3.1074,3.1074,2,3,3,3,3,3
13124,Rheda,51.855278,8.2930555,6390.0,0,0,0,1,1,1,0,0,0,0,0,0,0,0,0,0,0,0,1,1,1,1,1,1,0,0,0,0,0,0,0,0,0,0,0,0,0,0,0,0,0,0,538.2,538.2,471.8,137.7,137.7,137.7,0.3,0.3,0.3,1.9557,1.9557,1.9557,1,1,1,2,2,2
13125,Rheine,52.279167,7.438611,6398.0,0,0,1,1,1,1,0,0,0,0,0,0,0,0,0,0,0,0,1,1,1,1,1,1,0,0,0,0,0,0,0,0,0,0,0,0,0,0,0,0,0,0,498.5,498.5,498.5,152.8,152.8,152.8,0.3,0.3,1.8,1.918,1.918,1.918,1,1,2,2,2,2
13126,Rietberg,51.808056,8.4272223,,0,1,1,1,1,1,0,0,0,0,0,0,0,0,0,0,0,0,1,1,1,1,1,1,0,0,0,0,0,0,0,0,0,0,0,0,0,0,0,0,0,0,542.6,542.6,461.3,140.5,140.5,140.5,0.3,1.8,1.8,1.9488,1.9488,1.9488,1,2,2,2,2,2
13127,Ruethen,51.49139,8.4311113,6633.0,1,1,1,1,1,1,0,0,0,0,0,0,0,0,0,0,0,0,1,1,1,1,1,1,0,0,1,1,1,1,0,0,0,0,0,0,0,0,0,0,0,0,523.5,523.5,448.9,119.5,119.5,119.5,1.8,1.8,2.8,3.0012,3.0012,3.0012,2,2,3,3,3,3
13128,Salzkotten,51.671112,8.6049995,6709.0,1,1,1,1,1,1,0,0,0,0,0,0,0,0,0,0,0,0,1,1,1,1,1,1,0,0,0,0,0,0,0,0,0,0,0,0,0,0,0,0,0,0,544.3,544.3,444.3,140.4,140.4,140.4,1.8,1.8,1.8,1.9489,1.9489,1.9489,2,2,2,2,2,2
13129,Bad Salzuflen,52.083889,8.7469444,6710.0,0,0,1,1,1,1,0,0,0,0,0,0,0,0,0,0,0,0,1,1,1,1,1,1,0,0,0,0,0,0,0,0,0,0,0,0,0,0,0,0,0,0,578.3,578.3,454.1,177.6,177.6,177.6,0.3,0.3,1.8,1.8561,1.8561,1.8561,1,1,2,2,2,2
13130,Schluesselburg,52.481945,9.0694447,,0,0,0,1,1,1,0,0,0,0,0,0,0,0,0,0,0,0,0,0,1,1,1,1,0,0,0,0,0,0,0,0,0,0,0,0,0,0,0,0,0,0,608.7,608.7,457.4,215.0,215.0,215.0,0.0,0.0,0.3,1.8,1.8,1.8,0,0,1,2,2,2
13131,Schmallenberg,51.15361,8.2852774,,1,1,1,1,1,1,0,0,0,0,0,0,0,0,0,0,0,0,1,1,1,1,1,1,0,0,0,0,0,0,0,0,0,0,0,0,0,0,0,0,0,0,495.8,495.8,448.7,95.7,95.7,95.7,1.8,1.8,1.8,2.0608,2.0608,2.0608,2,2,2,2,2,2
13132,Schoetmar,52.07111,8.7583332,,0,0,0,0,0,0,0,0,0,0,0,0,0,0,0,0,0,0,1,1,1,1,1,1,0,0,0,0,0,0,0,0,0,0,0,0,0,0,0,0,0,0,578.1,578.1,452.8,177.1,177.1,177.1,0.3,0.3,0.3,0.3572,0.3572,0.3572,1,1,1,1,1,1
13133,Schwalenberg,51.876945,9.1986113,,0,1,1,1,1,1,0,0,0,0,0,0,0,0,0,0,0,0,1,1,1,1,1,1,0,0,0,0,0,0,0,0,0,0,0,0,0,0,0,0,0,0,591.1,591.1,416.1,161.7,161.7,161.7,0.3,1.8,1.8,1.8958,1.8958,1.8958,1,2,2,2,2,2
13134,Schwelm,51.28389,7.2916665,7015.0,0,0,0,0,0,1,0,0,0,0,0,0,0,0,0,0,0,0,1,1,1,1,1,1,0,0,0,0,0,0,0,0,0,0,0,0,0,0,0,0,0,0,444.9,444.9,444.9,44.9,44.9,44.9,0.3,0.3,0.3,0.6877,0.6877,2.1877,1,1,1,1,1,2
13135,Schwerte,51.441113,7.5688887,7020.0,0,0,0,1,1,1,0,0,0,0,0,0,0,0,0,0,0,0,1,1,1,1,1,1,0,0,0,0,0,0,0,0,0,0,0,0,0,0,0,0,0,0,470.7,470.7,470.7,70.2,70.2,70.2,0.3,0.3,0.3,2.1244,2.1244,2.1244,1,1,1,2,2,2
13136,Sendenhorst,51.844444,7.8272223,7084.0,0,0,1,1,1,1,0,0,0,0,0,0,0,0,0,0,0,0,1,1,1,1,1,1,0,0,0,0,0,0,0,0,0,0,0,0,0,0,0,0,0,0,512.0,512.0,501.2,117.4,117.4,117.4,0.3,0.3,1.8,2.0064,2.0064,2.0064,1,1,2,2,2,2
13137,Siegen,50.874443,8.0244446,7115.0,0,0,0,0,0,0,0,0,0,0,0,0,0,0,0,0,0,0,1,1,1,1,1,1,0,0,0,0,0,0,0,0,0,0,0,0,0,0,0,0,0,0,465.2,465.2,460.9,74.9,74.9,74.9,0.3,0.3,0.3,0.6126,0.6126,0.6126,1,1,1,1,1,1
13138,Soest,51.572498,8.1061115,7230.0,1,1,1,1,1,1,0,0,0,0,0,0,0,0,0,0,0,0,1,1,1,1,1,1,0,0,0,0,0,0,0,0,0,0,0,0,0,0,0,0,1,1,509.5,509.5,473.1,106.5,106.5,106.5,1.8,1.8,1.8,2.0337,4.0337,4.0337,2,2,2,2,2,2
13139,Stadtlohn,51.9925,6.917778,7323.0,0,1,1,1,1,1,0,0,0,0,0,0,0,0,0,0,0,0,1,1,1,1,1,1,0,0,0,0,0,0,0,0,0,0,0,0,0,0,0,0,0,0,465.1,465.1,465.1,117.3,117.3,117.3,0.3,1.8,1.8,2.0066,2.0066,2.0066,1,2,2,2,2,2
13140,Steinheim (Westfalen),51.866665,9.0963888,7397.0,0,1,1,1,1,1,0,0,0,0,0,0,0,0,0,0,0,0,1,1,1,1,1,1,0,0,0,0,0,0,0,0,0,0,0,0,0,0,0,0,0,0,584.5,584.5,421.9,166.7,166.7,166.7,0.3,1.8,1.8,1.8834,1.8834,1.8834,1,2,2,2,2,2
13141,Tecklenburg,52.219166,7.8141665,7634.0,0,0,0,1,1,1,0,0,0,0,0,0,0,0,0,0,0,0,1,1,1,1,1,1,0,0,0,0,0,0,0,0,0,0,0,0,0,0,0,0,0,0,524.3,524.3,517.9,154.2,154.2,154.2,0.3,0.3,0.3,1.9144,1.9144,1.9144,1,1,1,2,2,2
13142,Telgte,51.982777,7.7838888,7638.0,1,1,1,1,1,1,0,0,0,0,0,0,0,0,0,0,0,0,0,1,1,1,1,1,0,0,0,0,0,0,0,0,0,0,0,0,0,0,0,0,0,0,519.4,519.4,509.5,129.5,129.5,129.5,1.5,1.8,1.8,1.9763,1.9763,1.9763,2,2,2,2,2,2
13143,Unna,51.534721,7.6897221,7919.0,1,1,1,1,1,1,0,0,0,0,0,0,0,0,0,0,0,0,1,1,1,1,1,1,0,0,1,1,1,1,0,0,0,0,0,0,0,0,0,0,0,0,483.6,483.6,483.6,83.6,83.6,83.6,1.8,1.8,2.8,3.091,3.091,3.091,2,2,3,3,3,3
13144,Versmold,52.040001,8.1552782,,0,0,0,0,0,0,0,0,0,0,0,0,0,0,0,0,0,0,1,1,1,1,1,1,0,0,0,0,0,0,0,0,0,0,0,0,0,0,0,0,0,0,543.1,543.1,488.5,147.9,147.9,147.9,0.3,0.3,0.3,0.4303,0.4303,0.4303,1,1,1,1,1,1
13145,Vlotho,52.165279,8.8599997,8045.0,0,0,1,1,1,1,0,0,0,0,0,0,0,0,0,0,0,0,1,1,1,1,1,1,0,0,0,0,0,0,0,0,0,0,0,0,0,0,0,0,0,0,589.8,589.8,451.5,189.4,189.4,189.4,0.3,0.3,1.8,1.8264,1.8264,1.8264,1,1,2,2,2,2
13146,Voerden,51.819168,9.2294445,,0,0,1,1,1,1,0,0,0,0,0,0,0,0,0,0,0,0,0,1,1,1,1,1,0,0,0,0,0,0,0,0,0,0,0,0,0,0,0,0,0,0,589.5,589.5,411.4,156.2,156.2,156.2,0.0,0.3,1.8,1.9096,1.9096,1.9096,0,1,2,2,2,2
13147,Vreden,52.035831,6.8238888,8090.0,0,1,1,1,1,1,0,0,0,0,0,0,0,0,0,0,0,0,1,1,1,1,1,1,0,0,0,0,0,0,0,0,0,0,0,0,0,0,0,0,0,0,458.3,458.3,458.3,122.5,122.5,122.5,0.3,1.8,1.8,1.9938,1.9938,1.9938,1,2,2,2,2,2
13148,Waltrop,51.621944,7.4005556,,0,0,0,0,0,0,0,0,0,0,0,0,0,0,0,0,0,0,1,1,1,1,1,1,0,0,0,0,0,0,0,0,0,0,0,0,0,0,0,0,0,0,473.6,473.6,473.6,82.0,82.0,82.0,0.3,0.3,0.3,0.5949,0.5949,0.5949,1,1,1,1,1,1
13149,Wanne-Eickel,51.532501,7.1616669,,0,0,0,0,0,0,0,0,0,0,0,0,0,0,0,0,0,0,1,1,1,1,1,1,0,0,0,0,0,0,0,0,0,0,0,0,0,0,0,0,0,0,454.5,454.5,454.5,67.6,67.6,67.6,0.3,0.3,0.3,0.6309,0.6309,0.6309,1,1,1,1,1,1
13150,Warburg,51.488888,9.145833,8185.0,1,1,1,1,1,1,0,0,0,0,0,0,0,0,0,0,0,0,1,1,1,1,1,1,0,0,0,0,0,0,0,0,0,0,0,0,0,0,0,0,0,0,566.1,566.1,402.1,143.1,143.1,143.1,1.8,1.8,1.8,1.9423,1.9423,1.9423,2,2,2,2,2,2
13151,Warendorf,51.950554,7.9883332,8192.0,0,0,0,0,0,0,0,0,0,0,0,0,0,0,0,0,0,0,1,1,1,1,1,1,0,0,0,1,1,1,0,0,0,0,0,0,0,0,0,0,0,0,527.9,527.9,495.2,133.3,133.3,133.3,0.3,0.3,0.3,1.4668,1.4668,1.4668,1,1,1,2,2,2
13152,Warstein,51.44278,8.353611,8208.0,0,1,1,1,1,1,0,0,0,0,0,0,0,0,0,0,0,0,1,1,1,1,1,1,0,0,0,0,0,0,0,0,0,0,0,0,0,0,0,0,0,0,516.1,516.1,452.4,112.2,112.2,112.2,0.3,1.8,1.8,2.0195,2.0195,2.0195,1,2,2,2,2,2
13153,Wattenscheid,51.482498,7.1347222,14202.0,0,0,0,0,1,1,0,0,0,0,0,0,0,0,0,0,0,0,1,1,1,1,1,1,0,0,0,0,0,0,0,0,0,0,0,0,0,0,0,0,0,0,449.5,449.5,449.5,61.8,61.8,61.8,0.3,0.3,0.3,0.6455,2.1455,2.1455,1,1,1,1,2,2
13154,Werdohl,51.259445,7.7666669,,0,0,0,0,0,0,0,0,0,0,0,0,0,0,0,0,0,0,1,1,1,1,1,1,0,0,0,0,0,0,0,0,0,0,0,0,0,0,0,0,0,0,470.7,470.7,470.7,66.7,66.7,66.7,0.3,0.3,0.3,0.6332,0.6332,0.6332,1,1,1,1,1,1
13155,Werl,51.552776,7.9144444,8329.0,1,1,1,1,1,1,0,0,0,0,0,0,0,1,1,1,1,1,1,1,1,1,1,1,0,0,0,0,0,0,0,0,0,0,0,0,0,0,0,0,0,0,497.4,497.4,485.1,95.3,95.3,95.3,1.8,2.5,2.5,2.7616,2.7616,2.7616,2,2,2,2,2,2
13156,Werne,51.663055,7.6350002,8333.0,0,0,0,0,0,0,0,0,0,0,0,0,0,0,0,0,0,0,1,1,1,1,1,1,0,0,0,0,0,0,0,0,0,0,0,0,0,0,0,0,0,0,489.1,489.1,489.1,93.3,93.3,93.3,0.3,0.3,0.3,0.5667,0.5667,0.5667,1,1,1,1,1,1
13157,Werth,51.819168,6.5094442,8342.0,0,0,0,0,0,0,0,0,0,0,0,0,0,0,0,0,0,0,0,1,1,1,1,1,0,0,0,0,0,0,0,0,0,0,0,0,0,0,0,0,0,0,439.6,439.6,439.6,102.9,102.9,102.9,0.0,0.3,0.3,0.5427,0.5427,0.5427,0,1,1,1,1,1
13158,Werther,52.072498,8.4111109,,0,0,0,0,0,0,0,0,0,0,0,0,0,0,0,0,0,0,1,1,1,1,1,1,0,0,0,0,0,0,0,0,0,0,0,0,0,0,0,0,0,0,559.1,559.1,474.1,161.3,161.3,161.3,0.3,0.3,0.3,0.3968,0.3968,0.3968,1,1,1,1,1,1
13159,Westerholt,51.600555,7.0916667,,0,0,0,0,0,0,0,0,0,0,0,0,0,0,0,0,0,0,1,1,1,1,1,1,0,0,0,0,0,0,0,0,0,0,0,0,0,0,0,0,0,0,455.6,455.6,455.6,74.3,74.3,74.3,0.3,0.3,0.3,0.6143,0.6143,0.6143,1,1,1,1,1,1
13160,Westhofen,51.422501,7.5275002,8367.0,0,0,0,0,0,0,0,0,0,0,0,0,0,0,0,0,0,0,1,1,1,1,1,1,0,0,0,0,0,0,0,0,0,0,0,0,0,0,0,0,0,0,467.1,467.1,467.1,66.9,66.9,66.9,0.3,0.3,0.3,0.6328,0.6328,0.6328,1,1,1,1,1,1
13161,Wetter (Ruhr),51.38361,7.3905554,8375.0,0,0,0,0,0,0,0,0,0,0,0,0,0,0,0,0,0,0,1,1,1,1,1,1,0,0,0,0,0,0,0,0,0,0,0,0,0,0,0,0,0,0,456.9,456.9,456.9,58.0,58.0,58.0,0.3,0.3,0.3,0.6551,0.6551,0.6551,1,1,1,1,1,1
13162,Wiedenbrueck,51.833332,8.3047218,8404.0,1,1,1,1,1,1,0,0,0,0,0,0,0,0,0,0,0,0,1,1,1,1,1,1,0,0,0,0,0,0,0,0,0,0,0,0,0,0,0,0,0,0,537.4,537.4,470.1,136.5,136.5,136.5,1.8,1.8,1.8,1.9588,1.9588,1.9588,2,2,2,2,2,2
13163,Willebadessen,51.624722,9.0294447,,0,0,1,1,1,1,0,0,0,0,0,0,0,0,0,0,0,0,1,1,1,1,1,1,0,0,0,0,0,0,0,0,0,0,0,0,0,0,0,0,0,0,566.6,566.6,415.2,156.7,156.7,156.7,0.3,0.3,1.8,1.9082,1.9082,1.9082,1,1,2,2,2,2
13164,Winterberg,51.194168,8.5338888,8487.0,1,1,1,1,1,1,0,0,0,0,0,0,0,0,0,0,0,0,0,1,1,1,1,1,0,0,0,0,0,0,0,0,0,0,0,0,0,0,0,0,0,0,513.2,513.2,432.9,113.6,113.6,113.6,1.5,1.8,1.8,2.016,2.016,2.016,2,2,2,2,2,2
13165,Witten,51.43861,7.3369446,,0,0,0,0,0,0,0,0,0,0,0,0,0,0,0,0,0,0,1,1,1,1,1,1,0,0,0,0,0,0,0,0,0,0,0,0,0,0,0,0,0,0,457.6,457.6,457.6,61.6,61.6,61.6,0.3,0.3,0.3,0.646,0.646,0.646,1,1,1,1,1,1
13166,Wuennenberg,51.517223,8.6975002,,0,0,1,1,1,1,0,0,0,0,0,0,0,0,0,0,0,0,0,0,1,1,1,1,0,0,0,0,0,0,0,0,0,0,0,0,0,0,0,0,0,0,540.7,540.7,432.4,137.1,137.1,137.1,0.0,0.0,1.8,1.9573,1.9573,1.9573,0,0,2,2,2,2
14001,Aachen,50.773335,6.084722,65.0,1,1,1,1,1,1,0,0,0,0,0,0,0,0,0,0,0,0,1,1,1,1,1,1,0,0,1,1,1,1,0,0,0,0,0,0,0,2,2,2,2,2,343.2,343.2,343.2,64.1,64.1,64.1,1.8,5.8,6.8,7.1397,7.1397,7.1397,2,3,3,3,3,3
14002,Aachen-Burtscheid,50.763889,6.0944443,,0,0,0,0,0,0,0,0,0,0,0,0,0,0,0,0,0,0,1,1,1,1,1,1,0,0,0,0,0,0,0,0,0,0,0,0,0,0,0,0,0,0,343.1,343.1,343.1,63.8,63.8,63.8,0.3,0.3,0.3,0.6406,0.6406,0.6406,1,1,1,1,1,1
14003,Alsdorf,50.874722,6.166389,,0,0,0,0,0,0,0,0,0,0,0,0,0,0,0,0,0,0,0,1,1,1,1,1,0,0,0,0,0,0,0,0,0,0,0,0,0,0,0,0,0,0,354.6,354.6,354.6,56.1,56.1,56.1,0.0,0.3,0.3,0.6597,0.6597,0.6597,0,1,1,1,1,1
14004,Angermund,51.328888,6.7794442,,0,0,0,0,1,1,0,0,0,0,0,0,0,0,0,0,0,0,1,1,1,1,1,1,0,0,0,0,0,0,0,0,0,0,0,0,0,0,0,0,0,0,419.6,419.6,419.6,45.3,45.3,45.3,0.3,0.3,0.3,0.6867,2.1867,2.1867,1,1,1,1,2,2
14005,Bedburg,50.991943,6.5719442,,0,0,0,0,0,1,0,0,0,0,0,0,0,0,0,0,0,0,1,1,1,1,1,1,0,0,0,0,0,0,0,0,0,0,0,0,0,0,0,0,0,0,385.1,385.1,385.1,27.9,27.9,27.9,0.3,0.3,0.3,0.7303,0.7303,2.2303,1,1,1,1,1,2
14006,Bensberg,50.965279,7.1536112,,0,0,0,0,0,0,0,0,0,0,0,0,0,0,0,0,0,0,1,1,1,1,1,1,0,0,0,0,0,0,0,0,0,0,0,0,0,0,0,0,0,0,417.0,417.0,417.0,13.9,13.9,13.9,0.3,0.3,0.3,0.7653,0.7653,0.7653,1,1,1,1,1,1
14007,Bergheim,50.955002,6.6399999,,0,0,1,1,1,1,0,0,0,0,0,0,0,0,0,0,0,0,1,1,1,1,1,1,0,0,0,0,0,0,0,0,0,0,0,0,0,0,0,0,0,0,386.6,386.6,386.6,22.5,22.5,22.5,0.3,0.3,1.8,2.2437,2.2437,2.2437,1,1,2,2,2,2
14008,Bergisch Gladbach,50.991665,7.1361113,,0,0,0,0,0,0,0,0,0,0,0,0,0,0,0,0,0,0,0,1,1,1,1,1,0,0,0,0,0,0,0,0,0,0,0,0,0,0,0,0,0,0,417.6,417.6,417.6,13.7,13.7,13.7,0.0,0.3,0.3,0.7657,0.7657,0.7657,0,1,1,1,1,1
14009,Bergisch Neukirchen,51.076668,7.0330558,,0,0,0,0,0,0,0,0,0,0,0,0,0,0,0,0,0,0,1,1,1,1,1,1,0,0,0,0,0,0,0,0,0,0,0,0,0,0,0,0,0,0,416.9,416.9,416.9,16.3,16.3,16.3,0.3,0.3,0.3,0.7593,0.7593,0.7593,1,1,1,1,1,1
14010,Bergneustadt,51.020832,7.6480556,,0,0,1,1,1,1,0,0,0,0,0,0,0,0,0,0,0,0,0,1,1,1,1,1,0,0,0,0,0,0,0,0,0,0,0,0,0,0,0,0,0,0,449.8,449.8,449.8,49.0,49.0,49.0,0.0,0.3,1.8,2.1774,2.1774,2.1774,0,1,2,2,2,2
14011,Blankenberg,50.761391,7.3647223,,1,1,1,1,1,1,0,0,0,0,0,0,0,0,0,0,0,0,1,1,1,1,1,1,0,0,0,0,0,0,0,0,0,0,0,0,0,0,0,0,0,0,418.3,418.3,418.3,34.5,34.5,34.5,1.8,1.8,1.8,2.2138,2.2138,2.2138,2,2,2,2,2,2
14012,Bonn,50.734165,7.0991669,,1,1,1,1,1,1,0,0,0,0,0,0,0,0,0,0,0,0,1,1,1,1,1,1,0,0,0,0,0,0,0,0,0,0,0,0,0,0,0,0,0,0,400.5,400.5,400.5,24.6,24.6,24.6,1.8,1.8,1.8,2.2384,2.2384,2.2384,2,2,2,2,2,2
14013,Bruehl,50.829445,6.9022222,,0,1,1,1,1,1,0,0,0,0,0,0,0,0,0,0,0,0,1,1,1,1,1,1,0,0,0,0,0,0,0,0,0,0,0,0,0,0,0,0,0,0,394.1,394.1,394.1,12.7,12.7,12.7,0.3,1.8,1.8,2.2683,2.2683,2.2683,1,2,2,2,2,2
14014,Burg a. d. Wupper,51.137779,7.1547222,,0,0,0,0,0,0,0,0,0,0,0,0,0,0,0,0,0,0,1,1,1,1,1,1,0,0,0,0,0,0,0,0,0,0,0,0,0,0,0,0,0,0,427.7,427.7,427.7,26.1,26.1,26.1,0.3,0.3,0.3,0.7348,0.7348,0.7348,1,1,1,1,1,1
14015,Burscheid,51.083057,7.1188889,,0,0,0,0,0,0,0,0,0,0,0,0,0,0,0,0,0,0,1,1,1,1,1,1,0,0,0,0,0,0,0,0,0,0,0,0,0,0,0,0,0,0,422.2,422.2,422.2,19.6,19.6,19.6,0.3,0.3,0.3,0.7509,0.7509,0.7509,1,1,1,1,1,1
14016,Dinslaken,51.562222,6.7347221,,0,1,1,1,1,1,0,0,0,0,0,0,0,0,0,0,0,0,1,1,1,1,1,1,0,0,0,0,0,0,0,0,0,0,0,0,0,0,0,0,0,0,434.2,434.2,434.2,71.2,71.2,71.2,0.3,1.8,1.8,2.122,2.122,2.122,1,2,2,2,2,2
14017,Duelken,51.250832,6.3308334,,0,0,0,1,1,1,0,0,0,0,0,0,0,0,0,0,0,0,1,1,1,1,1,1,0,0,0,0,0,0,0,0,0,0,0,0,0,0,0,0,0,0,390.3,390.3,390.3,56.1,56.1,56.1,0.3,0.3,0.3,2.1598,2.1598,2.1598,1,1,1,2,2,2
14018,Dueren,50.801666,6.4827776,,0,0,0,0,0,0,0,0,0,0,0,0,0,0,0,0,0,0,1,1,1,1,1,1,0,0,1,1,1,1,0,0,0,0,0,0,0,0,0,0,0,0,367.7,367.7,367.7,36.8,36.8,36.8,0.3,0.3,1.3,1.7081,1.7081,1.7081,1,1,2,2,2,2
14019,Duesseldorf,51.224167,6.7800002,1639.0,0,1,1,1,1,1,0,0,0,0,0,0,0,0,0,0,0,0,1,1,1,1,1,1,0,0,0,0,0,0,0,0,0,0,0,0,0,0,0,0,0,0,412.4,412.4,412.4,34.3,34.3,34.3,0.3,1.8,1.8,2.2143,2.2143,2.2143,1,2,2,2,2,2
14020,Duesseldorf-Gerresheim,51.236946,6.8619447,,0,0,0,1,1,1,0,0,0,0,0,0,0,0,0,0,0,0,1,1,1,1,1,1,0,0,0,0,0,0,0,0,0,0,0,0,0,0,0,0,0,0,417.7,417.7,417.7,34.0,34.0,34.0,0.3,0.3,0.3,2.215,2.215,2.215,1,1,1,2,2,2
14021,Duesseldorf-Kaiserswerth,51.300835,6.7388887,,1,1,1,1,1,1,0,0,0,0,0,0,0,0,0,0,0,0,1,1,1,1,1,1,0,0,0,0,0,0,0,0,0,0,0,0,2,0,0,0,0,0,415.5,415.5,415.5,43.3,43.3,43.3,5.8,1.8,1.8,2.1919,2.1919,2.1919,3,2,2,2,2,2
14022,Duisburg,51.433056,6.7652779,1611.0,1,1,1,1,1,1,0,0,0,0,0,0,0,0,0,0,0,0,1,1,1,1,1,1,0,0,1,1,1,1,0,0,0,0,0,0,2,0,0,0,0,0,426.3,426.3,426.3,56.8,56.8,56.8,5.8,1.8,2.8,3.1581,3.1581,3.1581,3,2,3,3,3,3
14023,Duisburg-Hamborn,51.488056,6.7727776,,0,0,0,0,0,0,0,0,0,0,0,0,0,0,0,0,0,0,1,1,1,1,1,1,0,0,0,0,0,0,0,0,0,0,0,0,0,0,0,0,0,0,430.7,430.7,430.7,62.6,62.6,62.6,0.3,0.3,0.3,0.6435,0.6435,0.6435,1,1,1,1,1,1
14024,Duisburg-Meiderich,51.465,6.7925,,0,0,0,0,0,0,0,0,0,0,0,0,0,0,0,0,0,0,1,1,1,1,1,1,0,0,0,0,0,0,0,0,0,0,0,0,0,0,0,0,0,0,430.1,430.1,430.1,59.8,59.8,59.8,0.3,0.3,0.3,0.6505,0.6505,0.6505,1,1,1,1,1,1
14025,Duisburg-Ruhrort,51.452778,6.7358332,6610.0,0,0,0,0,0,1,0,0,0,0,0,0,0,0,0,0,0,0,0,0,0,1,1,1,0,0,0,0,0,0,0,0,0,0,0,0,0,0,0,0,0,0,426.2,426.2,426.2,59.4,59.4,59.4,0.0,0.0,0.0,0.6515,0.6515,2.1515,0,0,0,1,1,2
14026,Emmerich,51.83139,6.2424998,1793.0,1,1,1,1,1,1,0,0,0,0,0,0,0,0,0,0,0,0,1,1,1,1,1,1,0,0,0,0,0,0,0,0,0,0,0,0,0,0,0,0,0,0,421.2,421.2,421.2,111.2,111.2,111.2,1.8,1.8,1.8,2.0221,2.0221,2.0221,2,2,2,2,2,2
14027,Erkelenz,51.078609,6.313889,1828.0,0,0,1,1,1,1,0,0,0,0,0,0,0,0,0,0,0,0,1,1,1,1,1,1,0,0,0,0,0,0,0,0,0,0,0,0,0,0,0,0,0,0,376.9,376.9,376.9,47.9,47.9,47.9,0.3,0.3,1.8,2.1803,2.1803,2.1803,1,1,2,2,2,2
14028,Eschweiler,50.817223,6.2666669,,0,0,0,0,0,0,0,0,0,0,0,0,0,0,0,0,0,0,1,1,1,1,1,1,0,0,0,0,0,0,0,0,0,0,0,0,0,0,0,0,0,0,356.4,356.4,356.4,50.5,50.5,50.5,0.3,0.3,0.3,0.6738,0.6738,0.6738,1,1,1,1,1,1
14029,Essen,51.455833,7.0124998,1865.0,0,0,0,0,0,0,0,0,0,0,0,0,0,0,0,0,0,0,1,1,1,1,1,1,0,0,0,0,1,1,0,0,0,0,0,0,0,0,0,0,0,0,441.1,441.1,441.1,57.8,57.8,57.8,0.3,0.3,0.3,0.6556,1.6556,1.6556,1,1,1,1,2,2
14030,Essen-Steele,51.449444,7.0763888,,0,0,0,1,1,1,0,0,0,0,0,0,0,0,0,0,0,0,1,1,1,1,1,1,0,0,0,0,0,0,0,0,0,0,0,0,0,0,0,0,0,0,444.1,444.1,444.1,57.5,57.5,57.5,0.3,0.3,0.3,2.1563,2.1563,2.1563,1,1,1,2,2,2
14031,Essen-Werden,51.388332,7.0091667,,0,0,0,0,0,1,0,0,0,0,0,0,0,0,0,0,0,0,1,1,1,1,1,1,0,0,0,0,0,0,0,0,0,0,0,0,0,0,0,0,0,0,436.2,436.2,436.2,50.2,50.2,50.2,0.3,0.3,0.3,0.6744,0.6744,2.1744,1,1,1,1,1,2
14032,Euskirchen,50.660831,6.7858334,,0,0,1,1,1,1,0,0,0,0,0,0,0,0,0,0,0,0,1,1,1,1,1,1,0,1,1,1,1,1,0,0,0,0,0,0,0,0,0,0,0,0,377.3,377.3,377.3,33.1,33.1,33.1,0.3,1.3,2.8,3.2172,3.2172,3.2172,1,2,3,3,3,3
14033,Geilenkirchen,50.964443,6.1197224,,0,0,0,0,0,0,0,0,0,0,0,0,0,0,0,0,0,0,1,1,1,1,1,1,0,0,0,0,0,0,0,0,0,0,0,0,0,0,0,0,0,0,358.3,358.3,358.3,59.0,59.0,59.0,0.3,0.3,0.3,0.6526,0.6526,0.6526,1,1,1,1,1,1
14034,Geldern,51.517502,6.3233333,2148.0,1,1,1,1,1,1,0,0,0,0,0,0,0,0,0,0,0,0,1,1,1,1,1,1,0,0,0,0,0,0,0,0,0,0,0,0,0,0,0,0,0,0,410.2,410.2,410.2,78.3,78.3,78.3,1.8,1.8,1.8,2.1043,2.1043,2.1043,2,2,2,2,2,2
14035,Gemuend,50.574165,6.4972224,,0,0,0,0,0,0,0,0,0,0,0,0,0,0,0,0,0,0,1,1,1,1,1,1,0,0,0,0,0,0,0,0,0,0,0,0,0,0,0,0,0,0,354.9,354.9,354.9,51.9,51.9,51.9,0.3,0.3,0.3,0.6703,0.6703,0.6703,1,1,1,1,1,1
14036,Goch,51.674446,6.1586113,2250.0,1,1,1,1,1,1,0,0,0,0,0,0,0,0,0,0,0,0,1,1,1,1,1,1,0,0,0,0,0,1,0,0,0,0,0,0,0,0,0,0,0,0,414.9,414.9,414.9,99.1,99.1,99.1,1.8,1.8,1.8,2.0523,2.0523,3.0523,2,2,2,2,2,3
14037,Bad Godesberg,50.685555,7.1527777,,0,0,0,0,0,0,0,0,0,0,0,0,0,0,0,0,0,0,1,1,1,1,1,1,0,0,0,0,0,0,0,0,0,0,0,0,0,0,0,0,0,0,401.1,401.1,401.1,31.1,31.1,31.1,0.3,0.3,0.3,0.7222,0.7222,0.7222,1,1,1,1,1,1
14038,Grevenbroich,51.09111,6.5830555,2420.0,0,0,1,1,1,1,0,0,0,0,0,0,0,0,0,0,0,0,0,1,1,1,1,1,0,0,0,0,0,0,0,0,0,0,0,0,0,0,0,0,0,0,392.4,392.4,392.4,31.4,31.4,31.4,0.0,0.3,1.8,2.2214,2.2214,2.2214,0,1,2,2,2,2
14039,Gummersbach,51.026943,7.5677776,,0,0,0,0,0,0,0,0,0,0,0,0,0,0,0,0,0,0,1,1,1,1,1,1,0,0,0,0,0,0,0,0,0,0,0,0,0,0,0,0,0,0,445.3,445.3,445.3,43.7,43.7,43.7,0.3,0.3,0.3,0.6908,0.6908,0.6908,1,1,1,1,1,1
14040,Haan,51.192223,7.0105557,,0,0,0,0,0,0,0,0,0,0,0,0,0,0,0,0,0,0,1,1,1,1,1,1,0,0,0,0,0,0,0,0,0,0,0,0,0,0,0,0,0,0,423.0,423.0,423.0,28.5,28.5,28.5,0.3,0.3,0.3,0.7286,0.7286,0.7286,1,1,1,1,1,1
14041,Heiligenhaus,51.325832,6.9663887,,0,0,0,0,0,0,0,0,0,0,0,0,0,0,0,0,0,0,1,1,1,1,1,1,0,0,0,0,0,0,0,0,0,0,0,0,0,0,0,0,0,0,429.5,429.5,429.5,43.2,43.2,43.2,0.3,0.3,0.3,0.692,0.692,0.692,1,1,1,1,1,1
14042,Heinsberg,51.038612,8.1502781,,0,0,0,0,1,1,0,0,0,0,0,0,0,0,0,0,0,0,1,1,1,1,1,1,0,0,0,0,0,0,0,0,0,0,0,0,0,0,0,0,0,0,481.4,481.4,455.3,84.0,84.0,84.0,0.3,0.3,0.3,0.5899,2.0899,2.0899,1,1,1,1,2,2
14043,Herzogenrath,50.865555,6.0891666,3018.0,1,1,1,1,1,1,0,0,0,0,0,0,0,0,0,0,0,0,1,1,1,1,1,1,0,0,0,0,0,0,0,0,0,0,0,0,0,0,0,0,0,0,349.7,349.7,349.7,61.6,61.6,61.6,1.8,1.8,1.8,2.146,2.146,2.146,2,2,2,2,2,2
14044,Hilden,51.168056,6.9336109,,0,0,0,0,0,0,0,0,0,0,0,0,0,0,0,0,0,0,1,1,1,1,1,1,0,0,0,0,0,0,0,0,0,0,0,0,0,0,0,0,0,0,417.1,417.1,417.1,25.7,25.7,25.7,0.3,0.3,0.3,0.7357,0.7357,0.7357,1,1,1,1,1,1
14045,Hitdorf,51.060555,6.9183335,,0,0,0,0,0,0,0,0,0,0,0,0,0,0,0,0,0,0,0,1,1,1,1,1,0,0,0,0,0,0,0,0,0,0,0,0,0,0,0,0,0,0,409.3,409.3,409.3,14.0,14.0,14.0,0.0,0.3,0.3,0.765,0.765,0.765,0,1,1,1,1,1
14046,Homberg,51.450554,6.7091665,,0,0,0,0,0,0,0,0,0,0,0,0,0,0,0,0,0,0,1,1,1,1,1,1,0,0,0,0,0,0,0,0,0,0,0,0,0,0,0,0,0,0,424.6,424.6,424.6,59.7,59.7,59.7,0.3,0.3,0.3,0.6508,0.6508,0.6508,1,1,1,1,1,1
14047,Bad Honnef,50.643333,7.228889,,0,0,0,0,0,0,0,0,0,0,0,0,0,0,0,0,0,0,1,1,1,1,1,1,0,0,0,0,0,0,0,0,0,0,0,0,0,0,0,0,0,0,403.6,403.6,403.6,37.8,37.8,37.8,0.3,0.3,0.3,0.7056,0.7056,0.7056,1,1,1,1,1,1
14048,Hueckeswagen,51.148335,7.334722,,0,0,0,0,0,0,0,0,0,0,0,0,0,0,0,0,0,0,1,1,1,1,1,1,0,0,0,0,0,0,0,0,0,0,0,0,0,0,0,0,0,0,438.8,438.8,438.8,35.1,35.1,35.1,0.3,0.3,0.3,0.7121,0.7121,0.7121,1,1,1,1,1,1
14049,Isselburg,51.830833,6.4655557,,0,0,0,0,1,1,0,0,0,0,0,0,0,0,0,0,0,0,0,0,0,1,1,1,0,0,0,0,0,0,0,0,0,0,0,0,0,0,0,0,0,0,436.4,436.4,436.4,105.1,105.1,105.1,0.0,0.0,0.0,0.5373,2.0373,2.0373,0,0,0,1,2,2
14050,Juelich,50.922501,6.3575001,,1,1,1,1,1,1,0,0,0,0,0,0,0,0,0,0,0,0,1,1,1,1,1,1,0,0,0,0,0,0,0,0,0,0,0,0,0,0,0,0,0,0,368.5,368.5,368.5,42.3,42.3,42.3,1.8,1.8,1.8,2.1943,2.1943,2.1943,2,2,2,2,2,2
14051,Kaldenkirchen,51.319721,6.1980557,10587.0,0,0,0,0,0,0,0,0,0,0,0,0,0,0,0,0,0,0,1,1,1,1,1,1,0,0,0,0,0,0,0,0,0,0,0,0,0,0,0,0,0,0,388.6,388.6,388.6,68.1,68.1,68.1,0.3,0.3,0.3,0.6298,0.6298,0.6298,1,1,1,1,1,1
14052,Kalkar,51.737221,6.2874999,,1,1,1,1,1,1,0,0,0,0,0,0,0,0,0,0,0,0,1,1,1,1,1,1,0,0,0,0,1,1,0,0,0,0,0,0,0,0,0,0,0,0,425.9,425.9,425.9,100.5,100.5,100.5,1.8,1.8,1.8,2.0489,3.0489,3.0489,2,2,2,2,3,3
14053,Kamp-Lintfort,51.503056,6.5447221,,0,0,0,0,0,0,0,0,0,0,0,0,0,0,0,0,0,0,1,1,1,1,1,1,0,0,0,0,0,0,0,0,0,0,0,0,0,0,0,0,0,0,420.1,420.1,420.1,69.2,69.2,69.2,0.3,0.3,0.3,0.6269,0.6269,0.6269,1,1,1,1,1,1
14054,Kaster,51.005833,6.5505557,,0,1,1,1,1,1,0,0,0,0,0,0,0,0,0,0,0,0,1,1,1,1,1,1,0,0,0,0,0,0,0,0,0,0,0,0,0,0,0,0,0,0,384.9,384.9,384.9,29.7,29.7,29.7,0.3,1.8,1.8,2.2258,2.2258,2.2258,1,2,2,2,2,2
14055,Kempen,51.364445,6.418611,,0,1,1,1,1,1,0,0,0,0,0,0,0,0,0,0,0,0,1,1,1,1,1,1,0,0,0,0,0,0,0,0,0,0,0,0,0,0,0,0,0,0,403.2,403.2,403.2,60.7,60.7,60.7,0.3,1.8,1.8,2.1483,2.1483,2.1483,1,2,2,2,2,2
14056,Kerpen,50.86972,6.6947222,,0,0,0,0,0,0,0,0,0,0,0,0,0,0,0,0,0,0,1,1,1,1,1,1,0,0,0,0,0,0,0,0,0,0,0,0,0,0,0,0,0,0,384.3,384.3,384.3,20.1,20.1,20.1,0.3,0.3,0.3,0.7498,0.7498,0.7498,1,1,1,1,1,1
14057,Kettwig,51.365276,6.9436111,,0,0,0,0,0,0,0,0,0,0,0,0,0,0,0,0,0,0,1,1,1,1,1,1,0,0,0,0,0,0,0,0,0,0,0,0,0,0,0,0,0,0,431.0,431.0,431.0,47.6,47.6,47.6,0.3,0.3,0.3,0.681,0.681,0.681,1,1,1,1,1,1
14058,Kevelaer,51.581665,6.2469444,,0,0,0,0,0,0,0,0,0,0,0,0,0,0,0,0,0,0,0,1,1,1,1,1,0,0,0,0,0,0,0,0,0,0,0,0,0,0,0,0,0,0,411.6,411.6,411.6,87.1,87.1,87.1,0.0,0.3,0.3,0.5821,0.5821,0.5821,0,1,1,1,1,1
14059,Kleve,51.787777,6.1386113,,1,1,1,1,1,1,0,0,0,0,0,0,0,0,0,0,0,0,1,1,1,1,1,1,0,0,0,0,0,0,0,0,0,0,0,0,0,0,0,0,0,0,414.9,414.9,414.9,110.4,110.4,110.4,1.8,1.8,1.8,2.0239,2.0239,2.0239,2,2,2,2,2,2
14060,Koeln,50.938057,6.9569445,3888.0,1,1,1,1,1,1,0,0,0,0,0,0,0,0,0,0,0,0,1,1,1,1,1,1,1,1,1,1,1,1,0,0,0,0,0,0,0,3,3,3,3,3,403.8,403.8,403.8,0.2,0.2,0.2,2.8,8.8,8.8,9.2994,9.2994,9.2994,3,3,3,3,3,3
14061,Koeln-Deutz,50.934723,6.9877777,,1,1,1,1,1,1,0,0,0,1,1,1,0,0,0,0,0,0,1,1,1,1,1,1,0,0,0,0,0,0,0,0,0,0,0,0,0,0,0,0,0,0,405.4,405.4,405.4,2.0,2.0,2.0,1.8,1.8,1.8,1.2951,1.2951,1.2951,2,2,2,1,1,1
14062,Koeln-Kalk,50.94278,7.0063887,,0,0,0,0,0,0,0,0,0,0,0,0,0,0,0,0,0,0,0,1,1,1,1,1,0,0,0,0,0,0,0,0,0,0,0,0,0,0,0,0,0,0,407.0,407.0,407.0,3.3,3.3,3.3,0.0,0.3,0.3,0.7918,0.7918,0.7918,0,1,1,1,1,1
14063,Koeln-Muelheim,50.961113,6.9994445,,0,0,1,1,1,1,0,0,0,0,0,0,0,0,0,0,0,0,1,1,1,1,1,1,0,0,0,0,0,0,0,0,0,0,0,0,0,0,0,0,0,0,407.7,407.7,407.7,3.8,3.8,3.8,0.3,0.3,1.8,2.2905,2.2905,2.2905,1,1,2,2,2,2
14064,Koenigswinter,50.676666,7.1913891,,0,0,0,0,0,0,0,0,0,0,0,0,0,0,0,0,0,0,1,1,1,1,1,1,0,0,0,0,0,0,0,0,0,0,0,0,0,0,0,0,0,0,403.1,403.1,403.1,33.2,33.2,33.2,0.3,0.3,0.3,0.7169,0.7169,0.7169,1,1,1,1,1,1
14065,Krefeld,51.3325,6.5608335,,0,0,0,1,1,1,0,0,0,0,0,0,0,0,0,0,0,0,1,1,1,1,1,1,0,0,0,0,0,0,0,0,0,0,0,0,0,0,0,0,0,0,408.3,408.3,408.3,52.0,52.0,52.0,0.3,0.3,0.3,2.17,2.17,2.17,1,1,1,2,2,2
14066,Langenberg (Rheinland),51.351112,7.1197224,,0,0,0,0,0,0,0,0,0,0,0,0,0,0,0,0,0,0,0,1,1,1,1,1,0,0,0,0,0,0,0,0,0,0,0,0,0,0,0,0,0,0,439.7,439.7,439.7,47.3,47.3,47.3,0.0,0.3,0.3,0.6817,0.6817,0.6817,0,1,1,1,1,1
14067,Langenfeld,51.110001,6.9488888,,0,0,0,0,0,0,0,0,0,0,0,0,0,0,0,0,0,0,1,1,1,1,1,1,0,0,0,0,0,0,0,0,0,0,0,0,0,0,0,0,0,0,414.2,414.2,414.2,19.2,19.2,19.2,0.3,0.3,0.3,0.752,0.752,0.752,1,1,1,1,1,1
14068,Lechenich,50.799999,6.7647223,,0,1,1,1,1,1,0,0,0,0,0,0,0,0,0,0,0,0,1,1,1,1,1,1,0,0,0,0,0,0,0,0,0,0,0,0,0,0,0,0,0,0,384.1,384.1,384.1,20.5,20.5,20.5,0.3,1.8,1.8,2.2486,2.2486,2.2486,1,2,2,2,2,2
14069,Leichlingen,51.105835,7.0141668,,0,0,0,0,0,0,0,0,0,0,0,0,0,0,0,0,0,0,1,1,1,1,1,1,0,0,0,0,0,0,0,0,0,0,0,0,0,0,0,0,0,0,417.6,417.6,417.6,19.1,19.1,19.1,0.3,0.3,0.3,0.7523,0.7523,0.7523,1,1,1,1,1,1
14070,Leverkusen,51.028057,6.9944444,,0,0,0,0,0,0,0,0,0,0,0,0,0,0,0,0,0,0,1,1,1,1,1,1,0,0,0,0,0,0,0,0,0,0,0,0,0,0,0,0,0,0,411.6,411.6,411.6,10.3,10.3,10.3,0.3,0.3,0.3,0.7741,0.7741,0.7741,1,1,1,1,1,1
14071,Linnich,50.978889,6.2672224,,0,1,1,1,1,1,0,0,0,0,0,0,0,0,0,0,0,0,1,1,1,1,1,1,0,0,0,0,0,0,0,0,0,0,0,0,0,0,0,0,0,0,367.4,367.4,367.4,48.8,48.8,48.8,0.3,1.8,1.8,2.1781,2.1781,2.1781,1,2,2,2,2,2
14072,Meckenheim,50.625557,7.0397224,,0,0,0,0,0,0,0,0,0,0,0,0,0,0,0,0,0,0,1,1,1,1,1,1,0,0,0,0,0,0,0,0,0,0,0,0,0,0,0,0,0,0,390.9,390.9,390.9,35.1,35.1,35.1,0.3,0.3,0.3,0.7122,0.7122,0.7122,1,1,1,1,1,1
14073,Mettmann,51.251667,6.978611,,0,0,0,0,0,0,0,0,0,0,0,0,0,0,0,0,0,0,1,1,1,1,1,1,0,0,0,0,0,0,0,0,0,0,0,0,0,0,0,0,0,0,425.2,425.2,425.2,35.0,35.0,35.0,0.3,0.3,0.3,0.7126,0.7126,0.7126,1,1,1,1,1,1
14074,Moenchen Gladbach,51.194443,6.4313889,,0,0,0,1,1,1,0,0,0,0,0,0,0,0,0,0,0,0,1,1,1,1,1,1,0,0,0,0,0,0,0,0,0,0,0,0,0,0,0,0,0,0,391.4,391.4,391.4,46.7,46.7,46.7,0.3,0.3,0.3,2.1832,2.1832,2.1832,1,1,1,2,2,2
14075,Moers,51.453335,6.6277776,,0,1,1,1,1,1,0,0,0,0,0,0,0,0,0,0,0,0,0,1,1,1,1,1,0,0,0,0,0,0,0,0,0,0,0,0,0,0,0,0,0,0,420.6,420.6,420.6,61.9,61.9,61.9,0.0,1.8,1.8,2.1453,2.1453,2.1453,0,2,2,2,2,2
14076,Monschau,50.555279,6.2391667,,0,0,0,1,1,1,0,0,0,0,0,0,0,0,0,0,0,0,1,1,1,1,1,1,0,0,0,0,0,0,0,0,0,0,0,0,0,0,0,0,0,0,338.3,338.3,338.3,66.2,66.2,66.2,0.3,0.3,0.3,2.1345,2.1345,2.1345,1,1,1,2,2,2
14077,Muelheim a. d. Ruhr,51.43111,6.8797221,,0,0,0,0,0,0,0,0,0,0,0,0,0,0,0,0,0,0,1,1,1,1,1,1,0,0,0,0,0,0,0,0,0,0,0,0,0,0,0,0,0,0,432.2,432.2,432.2,55.2,55.2,55.2,0.3,0.3,0.3,0.6621,0.6621,0.6621,1,1,1,1,1,1
14078,Muenstereifel,50.556667,6.7649999,,0,1,1,1,1,1,0,0,0,0,0,0,0,0,0,0,0,0,1,1,1,1,1,1,0,0,0,1,1,1,0,0,0,0,0,0,0,0,0,0,0,0,370.3,370.3,370.3,44.5,44.5,44.5,0.3,1.8,1.8,3.1887,3.1887,3.1887,1,2,2,3,3,3
14079,Neuss,51.198612,6.6913891,5304.0,1,1,1,1,1,1,0,0,0,0,0,0,0,0,0,0,0,0,1,1,1,1,1,1,0,0,0,0,0,0,0,0,0,0,0,0,0,0,0,0,0,0,405.8,405.8,405.8,34.6,34.6,34.6,1.8,1.8,1.8,2.2135,2.2135,2.2135,2,2,2,2,2,2
14080,Neviges,51.310833,7.0888891,,0,0,0,0,0,0,0,0,0,0,0,0,0,0,0,0,0,0,1,1,1,1,1,1,0,0,0,0,0,0,0,0,0,0,0,0,0,0,0,0,0,0,435.3,435.3,435.3,42.5,42.5,42.5,0.3,0.3,0.3,0.6938,0.6938,0.6938,1,1,1,1,1,1
14081,Nideggen,50.690834,6.4850001,,0,0,1,1,1,1,0,0,0,0,0,0,0,0,0,0,0,0,1,1,1,1,1,1,0,0,0,0,0,1,0,0,0,0,0,0,0,0,0,0,0,0,361.0,361.0,361.0,43.2,43.2,43.2,0.3,0.3,1.8,2.192,2.192,3.192,1,1,2,2,2,3
14082,Oberhausen,51.484444,6.8733335,,0,0,0,0,0,0,0,0,0,0,0,0,0,0,0,0,0,0,1,1,1,1,1,1,0,0,0,0,0,0,0,0,0,0,0,0,0,0,0,0,0,0,435.7,435.7,435.7,61.1,61.1,61.1,0.3,0.3,0.3,0.6472,0.6472,0.6472,1,1,1,1,1,1
14083,Oberhausen-Holten,51.52861,6.793889,,0,0,1,1,1,1,0,0,0,0,0,0,0,0,0,0,0,0,1,1,1,1,1,1,0,0,0,0,0,0,0,0,0,0,0,0,0,0,0,0,0,0,434.8,434.8,434.8,66.7,66.7,66.7,0.3,0.3,1.8,2.1331,2.1331,2.1331,1,1,2,2,2,2
14084,Oberhausen-Osterfeld,51.500557,6.8833332,,0,0,0,0,0,0,0,0,0,0,0,0,0,0,0,0,0,0,1,1,1,1,1,1,0,0,0,0,0,0,0,0,0,0,0,0,0,0,0,0,0,0,437.4,437.4,437.4,62.8,62.8,62.8,0.3,0.3,0.3,0.6429,0.6429,0.6429,1,1,1,1,1,1
14085,Oberhausen-Sterkrade,51.516666,6.8463888,,0,0,0,0,0,0,0,0,0,0,0,0,0,0,0,0,0,0,1,1,1,1,1,1,0,0,0,0,0,0,0,0,0,0,0,0,0,0,0,0,0,0,436.6,436.6,436.6,64.9,64.9,64.9,0.3,0.3,0.3,0.6378,0.6378,0.6378,1,1,1,1,1,1
14086,Opladen,51.06778,7.0027776,,0,0,0,0,0,0,0,0,0,0,0,0,0,0,0,0,0,0,1,1,1,1,1,1,0,0,0,0,0,0,0,0,0,0,0,0,0,0,0,0,0,0,414.6,414.6,414.6,14.8,14.8,14.8,0.3,0.3,0.3,0.763,0.763,0.763,1,1,1,1,1,1
14087,Orsoy,51.523056,6.687222,,0,1,1,1,1,1,0,0,0,0,0,0,0,0,0,0,0,0,1,1,1,1,1,1,0,0,0,0,0,0,0,0,0,0,0,0,0,0,0,0,0,0,428.9,428.9,428.9,67.8,67.8,67.8,0.3,1.8,1.8,2.1304,2.1304,2.1304,1,2,2,2,2,2
14088,Radevormwald,51.203335,7.355,,1,1,1,1,1,1,0,0,0,0,0,0,0,0,0,0,0,0,1,1,1,1,1,1,0,0,0,0,0,0,0,0,0,0,0,0,0,0,0,0,0,0,443.3,443.3,443.3,40.4,40.4,40.4,1.8,1.8,1.8,2.1989,2.1989,2.1989,2,2,2,2,2,2
14089,Ratingen,51.296944,6.8494444,,0,1,1,1,1,1,0,0,0,0,0,0,0,0,0,0,0,0,1,1,1,1,1,1,0,0,0,0,0,0,0,0,0,0,0,0,0,0,0,0,0,0,421.2,421.2,421.2,40.7,40.7,40.7,0.3,1.8,1.8,2.1982,2.1982,2.1982,1,2,2,2,2,2
14090,Rees,51.759445,6.396111,6308.0,1,1,1,1,1,1,0,0,0,0,0,0,0,0,0,0,0,0,1,1,1,1,1,1,0,0,0,0,1,1,0,0,0,0,0,0,0,0,0,0,0,0,432.9,432.9,432.9,99.4,99.4,99.4,1.8,1.8,1.8,2.0514,3.0514,3.0514,2,2,2,2,3,3
14091,Remscheid,51.179722,7.1941667,,0,0,0,0,0,0,0,0,0,0,0,0,0,0,0,0,0,0,1,1,1,1,1,1,0,0,0,0,0,0,0,0,0,0,0,0,0,0,0,0,0,0,432.6,432.6,432.6,31.5,31.5,31.5,0.3,0.3,0.3,0.7212,0.7212,0.7212,1,1,1,1,1,1
14092,Remscheid-Lennep,51.192501,7.2577777,,1,1,1,1,1,1,0,0,0,0,0,0,0,0,0,0,0,0,1,1,1,1,1,1,0,0,0,0,0,0,0,0,0,0,0,0,0,0,0,0,0,0,437.1,437.1,437.1,35.2,35.2,35.2,1.8,1.8,1.8,2.2121,2.2121,2.2121,2,2,2,2,2,2
14093,Remscheid-Luettringhausen,51.211945,7.2402778,,0,0,0,0,0,0,0,0,0,0,0,0,0,0,0,0,0,0,1,1,1,1,1,1,0,0,0,0,0,0,0,0,0,0,0,0,0,0,0,0,0,0,437.3,437.3,437.3,36.2,36.2,36.2,0.3,0.3,0.3,0.7094,0.7094,0.7094,1,1,1,1,1,1
14094,Rheinbach,50.626389,6.9469442,,0,0,1,1,1,1,0,0,0,0,0,0,0,0,0,0,0,0,1,1,1,1,1,1,0,0,0,0,0,0,0,0,0,0,0,0,0,0,0,0,0,0,385.3,385.3,385.3,34.6,34.6,34.6,0.3,0.3,1.8,2.2135,2.2135,2.2135,1,1,2,2,2,2
14095,Rheinberg,51.544998,6.6025,,1,1,1,1,1,1,0,0,0,0,0,0,0,0,0,0,0,0,1,1,1,1,1,1,0,0,0,0,1,1,0,0,0,0,0,0,0,0,0,0,0,0,426.2,426.2,426.2,72.0,72.0,72.0,1.8,1.8,1.8,2.12,3.12,3.12,2,2,2,2,3,3
14096,Rheinhausen,51.407223,6.7119446,,0,0,0,0,0,0,0,0,0,0,0,0,0,0,0,0,0,0,1,1,1,1,1,1,0,0,0,0,0,0,0,0,0,0,0,0,0,0,0,0,0,0,421.6,421.6,421.6,55.0,55.0,55.0,0.3,0.3,0.3,0.6624,0.6624,0.6624,1,1,1,1,1,1
14097,Rheydt,51.165833,6.4411111,,0,0,0,0,0,0,0,0,0,0,0,0,0,0,0,0,0,0,1,1,1,1,1,1,0,0,0,0,0,0,0,0,0,0,0,0,0,0,0,0,0,0,389.9,389.9,389.9,44.3,44.3,44.3,0.3,0.3,0.3,0.6893,0.6893,0.6893,1,1,1,1,1,1
14098,Schleiden,50.529999,6.4763889,,0,0,0,0,0,0,0,0,0,0,0,0,0,0,0,0,0,0,1,1,1,1,1,1,0,0,0,0,0,0,0,0,0,0,0,0,0,0,0,0,0,0,351.1,351.1,351.1,56.7,56.7,56.7,0.3,0.3,0.3,0.6583,0.6583,0.6583,1,1,1,1,1,1
14099,Siegburg,50.796391,7.2049999,7114.0,0,0,0,0,0,0,0,0,0,0,0,0,0,0,0,0,0,0,1,1,1,1,1,1,0,0,0,0,0,0,0,0,0,0,0,0,0,0,0,0,0,0,410.4,410.4,410.4,23.3,23.3,23.3,0.3,0.3,0.3,0.7418,0.7418,0.7418,1,1,1,1,1,1
14100,Solingen,51.171391,7.082778,,0,0,0,0,1,1,0,0,0,0,0,0,0,0,0,0,0,0,1,1,1,1,1,1,0,0,0,0,0,0,0,0,0,0,0,0,0,0,0,0,0,0,425.7,425.7,425.7,27.4,27.4,27.4,0.3,0.3,0.3,0.7315,2.2315,2.2315,1,1,1,1,2,2
14101,Stolberg,50.771667,6.2272224,,0,0,0,0,0,0,0,0,0,0,0,0,0,0,0,0,0,0,1,1,1,1,1,1,0,0,0,0,0,0,0,0,0,0,0,0,0,0,0,0,0,0,351.2,351.2,351.2,54.7,54.7,54.7,0.3,0.3,0.3,0.6633,0.6633,0.6633,1,1,1,1,1,1
14102,Straelen,51.44278,6.2652779,,0,0,0,0,1,1,0,0,0,0,0,0,0,0,0,0,0,0,1,1,1,1,1,1,0,0,0,0,0,0,0,0,0,0,0,0,0,0,0,0,0,0,401.5,401.5,401.5,74.2,74.2,74.2,0.3,0.3,0.3,0.6145,2.1145,2.1145,1,1,1,1,2,2
14103,Suechteln,51.285557,6.3686113,,0,0,0,0,0,0,0,0,0,0,0,0,0,0,0,0,0,0,1,1,1,1,1,1,0,0,0,0,0,0,0,0,0,0,0,0,0,0,0,0,0,0,394.8,394.8,394.8,56.6,56.6,56.6,0.3,0.3,0.3,0.6585,0.6585,0.6585,1,1,1,1,1,1
14104,Velbert,51.34,7.041389,,0,0,0,0,0,0,0,0,0,0,0,0,0,0,0,0,0,0,1,1,1,1,1,1,0,0,0,0,0,0,0,0,0,0,0,0,0,0,0,0,0,0,434.6,434.6,434.6,45.1,45.1,45.1,0.3,0.3,0.3,0.6872,0.6872,0.6872,1,1,1,1,1,1
14105,Viersen,51.252777,6.3933334,,0,0,0,0,0,0,0,0,0,0,0,0,0,0,0,0,0,0,1,1,1,1,1,1,0,0,0,0,0,0,0,0,0,0,0,0,0,0,0,0,0,0,393.7,393.7,393.7,52.9,52.9,52.9,0.3,0.3,0.3,0.6678,0.6678,0.6678,1,1,1,1,1,1
14106,Wermelskirchen,51.140278,7.2180557,,0,0,0,0,0,0,0,0,0,0,0,0,0,0,0,0,0,0,1,1,1,1,1,1,0,0,0,0,0,0,0,0,0,0,0,0,0,0,0,0,0,0,431.5,431.5,431.5,28.9,28.9,28.9,0.3,0.3,0.3,0.7278,0.7278,0.7278,1,1,1,1,1,1
14107,Wesel,51.657223,6.6172223,8345.0,1,1,1,1,1,1,0,0,0,0,0,0,0,0,0,0,0,0,1,1,1,1,1,1,0,0,1,1,1,1,0,0,0,0,0,0,0,0,0,0,0,0,435.6,435.6,435.6,83.5,83.5,83.5,1.8,1.8,2.8,3.0912,3.0912,3.0912,2,2,3,3,3,3
14108,Wevelinghoven,51.103611,6.6188889,,0,0,0,0,0,0,0,0,0,0,0,0,0,0,0,0,0,0,1,1,1,1,1,1,0,0,0,0,0,0,0,0,0,0,0,0,0,0,0,0,0,0,395.3,395.3,395.3,30.2,30.2,30.2,0.3,0.3,0.3,0.7245,0.7245,0.7245,1,1,1,1,1,1
14109,Wipperfuerth,51.116943,7.3986111,,1,1,1,1,1,1,0,0,0,0,0,0,0,0,0,0,0,0,1,1,1,1,1,1,0,0,0,0,0,0,0,0,0,0,0,0,0,0,0,0,0,0,440.6,440.6,440.6,36.6,36.6,36.6,1.8,1.8,1.8,2.2086,2.2086,2.2086,2,2,2,2,2,2
14110,Wuelfrath,51.280834,7.0330558,,0,0,0,0,0,0,0,0,0,0,0,0,0,0,0,0,0,0,1,1,1,1,1,1,0,0,0,0,0,0,0,0,0,0,0,0,0,0,0,0,0,0,430.2,430.2,430.2,38.5,38.5,38.5,0.3,0.3,0.3,0.7037,0.7037,0.7037,1,1,1,1,1,1
14111,Wuerselen,50.821388,6.1300001,,0,0,0,0,0,0,0,0,0,0,0,0,0,0,0,0,0,0,1,1,1,1,1,1,0,0,0,0,0,0,0,0,0,0,0,0,0,0,0,0,0,0,349.0,349.0,349.0,59.7,59.7,59.7,0.3,0.3,0.3,0.6508,0.6508,0.6508,1,1,1,1,1,1
14113,Wuppertal-Barmen,51.271946,7.1999998,,0,0,0,0,0,0,0,0,0,0,0,0,0,0,0,0,0,0,1,1,1,1,1,1,0,0,0,0,0,0,0,0,0,0,0,0,0,0,0,0,0,0,438.9,438.9,438.9,40.8,40.8,40.8,0.3,0.3,0.3,0.698,0.698,0.698,1,1,1,1,1,1
14114,Wuppertal-Beyenburg,51.250278,7.3011112,,0,0,0,0,0,0,0,0,0,0,0,0,0,0,0,0,0,0,1,1,1,1,1,1,0,0,0,0,0,0,0,0,0,0,0,0,0,0,0,0,0,0,443.2,443.2,443.2,42.1,42.1,42.1,0.3,0.3,0.3,0.6946,0.6946,0.6946,1,1,1,1,1,1
14115,Wuppertal-Cronenberg,51.205276,7.1302776,,0,0,0,0,0,0,0,0,0,0,0,0,0,0,0,0,0,0,1,1,1,1,1,1,0,0,0,0,0,0,0,0,0,0,0,0,0,0,0,0,0,0,430.6,430.6,430.6,32.1,32.1,32.1,0.3,0.3,0.3,0.7199,0.7199,0.7199,1,1,1,1,1,1
14116,Wuppertal-Elberfeld,51.256111,7.1475,,0,0,0,0,0,0,0,0,0,0,0,0,0,0,0,0,0,0,1,1,1,1,1,1,0,0,0,0,0,0,0,0,0,0,0,0,0,0,0,0,0,0,434.9,434.9,434.9,37.8,37.8,37.8,0.3,0.3,0.3,0.7056,0.7056,0.7056,1,1,1,1,1,1
14117,Wuppertal-Ronsdorf,51.226112,7.1977777,,0,0,0,0,0,0,0,0,0,0,0,0,0,0,0,0,0,0,1,1,1,1,1,1,0,0,0,0,0,0,0,0,0,0,0,0,0,0,0,0,0,0,435.8,435.8,435.8,36.1,36.1,36.1,0.3,0.3,0.3,0.7097,0.7097,0.7097,1,1,1,1,1,1
14118,Wuppertal-Vohwinkel,51.230278,7.0688887,,0,0,0,0,0,0,0,0,0,0,0,0,0,0,0,0,0,0,1,1,1,1,1,1,0,0,0,0,0,0,0,0,0,0,0,0,0,0,0,0,0,0,428.8,428.8,428.8,33.4,33.4,33.4,0.3,0.3,0.3,0.7164,0.7164,0.7164,1,1,1,1,1,1
14119,Xanten,51.662224,6.4530554,8677.0,1,1,1,1,1,1,0,0,0,0,0,0,0,0,0,0,0,0,1,1,1,1,1,1,0,0,0,0,0,0,0,0,0,0,0,0,0,0,0,0,0,0,427.9,427.9,427.9,88.0,88.0,88.0,1.8,1.8,1.8,2.0801,2.0801,2.0801,2,2,2,2,2,2
14120,Zons,51.120556,6.8497224,,0,0,0,1,1,1,0,0,0,0,0,0,0,0,0,0,0,0,1,1,1,1,1,1,0,0,0,0,0,0,0,0,0,0,0,0,0,0,0,0,0,0,409.3,409.3,409.3,21.8,21.8,21.8,0.3,0.3,0.3,2.2456,2.2456,2.2456,1,1,1,2,2,2
14121,Zuelpich,50.69278,6.6516666,,0,1,1,1,1,1,0,0,0,0,0,0,0,0,0,0,0,0,1,1,1,1,1,1,0,0,0,0,0,1,0,0,0,0,0,0,0,0,0,0,0,0,371.1,371.1,371.1,34.8,34.8,34.8,0.3,1.8,1.8,2.213,2.213,3.213,1,2,2,2,2,3
15001,Alsfeld,50.750832,9.271389,147.0,1,1,1,1,1,1,0,0,0,0,0,0,0,0,0,0,0,0,1,1,1,1,1,1,0,0,0,0,0,0,0,0,0,0,0,0,0,0,0,0,0,0,540.0,540.0,372.2,126.2,117.2,109.5,1.8,1.8,1.8,1.9845,2.007,2.0263,2,2,2,2,2,2
15002,Amoeneburg,50.796944,8.9247227,247.0,1,1,1,1,1,1,0,0,0,0,0,0,0,0,0,0,0,0,1,1,1,1,1,1,0,0,0,0,0,0,0,0,0,0,0,0,0,0,0,0,0,0,519.2,519.2,397.1,138.7,133.6,99.9,1.8,1.8,1.8,1.9532,1.9661,2.0502,2,2,2,2,2,2
15003,Arolsen,51.380001,9.0169449,,0,0,0,0,0,0,0,0,0,0,0,0,0,0,0,0,0,0,1,1,1,1,1,1,0,0,0,0,0,0,0,0,0,0,0,0,0,0,0,0,0,0,552.5,552.5,406.5,147.4,147.4,147.4,0.3,0.3,0.3,0.4314,0.4314,0.4314,1,1,1,1,1,1
15004,Babenhausen,49.962776,8.9522219,366.0,0,1,1,1,1,1,0,0,0,0,0,0,0,0,0,0,0,0,1,1,1,1,1,1,0,0,0,0,1,1,0,0,0,0,0,0,0,0,0,0,0,0,493.8,493.8,390.9,63.8,63.8,48.8,0.3,1.8,1.8,2.1405,3.1405,3.1779,1,2,2,2,3,3
15005,Battenberg,51.013611,8.6475,,1,1,1,1,1,1,0,0,0,0,0,0,0,0,0,0,0,0,1,1,1,1,1,1,0,0,0,0,0,0,0,0,0,0,0,0,0,0,0,0,0,0,511.2,511.2,420.6,118.4,118.4,115.7,1.8,1.8,1.8,2.0039,2.0039,2.0107,2,2,2,2,2,2
15006,Bebra,50.970001,9.7941666,,0,0,0,0,0,0,0,0,0,0,0,0,0,0,0,0,0,0,1,1,1,1,1,1,0,0,0,0,0,0,0,0,0,0,0,0,0,0,0,0,0,0,583.0,583.0,341.4,86.7,86.7,86.7,0.3,0.3,0.3,0.5832,0.5832,0.5832,1,1,1,1,1,1
15007,Beerfelden,49.567223,8.9736109,,0,0,1,1,1,1,0,0,0,1,1,1,0,0,0,0,0,0,1,1,1,1,1,1,0,0,0,0,1,1,0,0,0,0,0,0,0,0,0,0,0,0,488.0,488.0,394.9,25.8,25.8,25.8,0.3,0.3,1.8,1.2355,2.2355,2.2355,1,1,2,1,2,2
15008,Bensheim,49.679722,8.6188889,,0,0,1,1,1,1,0,0,0,0,0,0,0,0,0,0,0,0,1,1,1,1,1,1,0,0,0,0,0,0,0,0,0,0,0,0,0,0,0,0,0,0,464.5,464.5,418.1,30.6,30.6,30.6,0.3,0.3,1.8,2.2235,2.2235,2.2235,1,1,2,2,2,2
15009,Biedenkopf,50.91,8.5319443,647.0,0,1,1,1,1,1,0,0,0,0,0,0,0,0,0,0,0,0,1,1,1,1,1,1,0,0,0,0,0,0,0,0,0,0,0,0,0,0,0,0,0,0,498.9,498.9,426.4,110.2,110.2,102.8,0.3,1.8,1.8,2.0245,2.0245,2.0431,1,2,2,2,2,2
15010,Borken (Hessen),51.045834,9.2869444,,0,0,0,0,0,0,0,0,0,0,0,0,0,0,0,0,0,0,1,1,1,1,1,1,0,0,0,0,0,0,0,0,0,0,0,0,0,0,0,0,0,0,553.3,553.3,377.9,122.4,122.4,122.4,0.3,0.3,0.3,0.4941,0.4941,0.4941,1,1,1,1,1,1
15011,Braunfels,50.514446,8.3894444,,0,0,0,0,0,0,0,0,0,0,0,0,0,0,0,0,0,0,0,1,1,1,1,1,0,0,0,0,0,0,0,0,0,0,0,0,0,0,0,0,0,0,472.6,472.6,430.9,111.1,111.1,57.7,0.0,0.3,0.3,0.5224,0.5224,0.6557,0,1,1,1,1,1
15012,Buedingen,50.2925,9.1138887,,0,0,1,1,1,1,0,0,0,0,0,0,0,0,0,0,0,0,1,1,1,1,1,1,0,0,0,0,1,1,0,0,0,0,0,0,0,0,0,0,0,0,513.7,513.7,378.5,102.2,81.9,68.2,0.3,0.3,1.8,2.0445,3.0954,3.1294,1,1,2,2,3,3
15013,Butzbach,50.433334,8.6719446,1152.0,0,0,1,1,1,1,0,0,0,0,0,0,0,0,0,0,0,0,1,1,1,1,1,1,0,0,0,0,0,0,0,0,0,0,0,0,0,0,0,0,0,0,488.4,488.4,410.4,113.7,113.7,55.9,0.3,0.3,1.8,2.0157,2.0157,2.1602,1,1,2,2,2,2
15014,Camberg,50.298054,8.2658329,1165.0,0,0,0,1,1,1,0,0,0,0,0,0,0,0,0,0,0,0,1,1,1,1,1,1,0,0,0,0,0,1,0,0,0,0,0,0,0,0,0,0,0,0,456.3,456.3,438.7,103.7,103.7,33.1,0.3,0.3,0.3,2.0409,2.0409,3.2173,1,1,1,2,2,3
15015,Darmstadt,49.873055,8.6563892,,0,0,1,1,1,1,0,0,0,0,0,0,0,0,0,0,0,0,1,1,1,1,1,1,0,0,0,0,0,0,0,0,0,0,0,0,0,0,0,0,0,0,471.0,471.0,412.8,51.5,51.5,31.0,0.3,0.3,1.8,2.1712,2.1712,2.2225,1,1,2,2,2,2
15016,Dieburg,49.899166,8.8400002,,1,1,1,1,1,1,0,0,0,0,0,0,0,0,0,0,0,0,1,1,1,1,1,1,0,0,0,0,0,0,0,0,0,0,0,0,0,0,0,0,0,0,484.4,484.4,399.4,55.1,55.1,42.2,1.8,1.8,1.8,2.1623,2.1623,2.1945,2,2,2,2,2,2
15017,Dillenburg,50.739166,8.2872219,1441.0,0,0,1,1,1,1,0,0,0,0,0,0,0,0,0,0,0,0,1,1,1,1,1,1,0,0,0,0,0,1,0,0,0,0,0,0,0,0,0,0,0,0,475.4,475.4,440.5,95.8,95.8,82.1,0.3,0.3,1.8,2.0606,2.0606,3.0947,1,1,2,2,2,3
15018,Dreieichenhain,50.000832,8.7108335,,0,1,1,1,1,1,0,0,0,0,0,0,0,0,0,0,0,0,1,1,1,1,1,1,0,0,0,0,0,0,0,0,0,0,0,0,0,0,0,0,0,0,477.8,477.8,407.8,65.6,65.6,31.4,0.3,1.8,1.8,2.136,2.136,2.2215,1,2,2,2,2,2
15019,Eltville,50.024723,8.1194448,,0,0,1,1,1,1,0,0,0,0,0,0,0,0,0,0,0,0,1,1,1,1,1,1,0,0,0,0,0,1,0,0,0,0,0,0,0,0,0,0,0,0,437.5,437.5,437.5,80.4,80.4,11.2,0.3,0.3,1.8,2.099,2.099,3.272,1,1,2,2,2,3
15020,Eppstein,50.140278,8.3927774,,0,0,1,1,1,1,0,0,0,0,0,0,0,0,0,0,0,0,1,1,1,1,1,1,0,0,0,0,0,0,0,0,0,0,0,0,0,0,0,0,0,0,459.7,459.7,429.8,84.2,84.2,17.8,0.3,0.3,1.8,2.0894,2.0894,2.2556,1,1,2,2,2,2
15021,Erbach,49.657501,8.9925003,,0,0,1,1,1,1,0,0,0,0,0,0,0,0,0,0,0,0,1,1,1,1,1,1,0,0,0,0,0,0,0,0,0,0,0,0,0,0,0,0,0,0,490.7,490.7,391.9,34.2,34.2,34.2,0.3,0.3,1.8,2.2146,2.2146,2.2146,1,1,2,2,2,2
15022,Eschwege,51.185555,10.057777,,1,1,1,1,1,1,0,0,0,0,0,0,0,0,0,0,0,0,1,1,1,1,1,1,0,0,1,1,1,1,0,0,0,0,0,0,0,0,0,0,0,0,608.9,608.9,331.0,71.9,71.9,71.9,1.8,1.8,2.8,3.1203,3.1203,3.1203,2,2,3,3,3,3
15023,Felsberg,51.134445,9.4213886,,1,1,1,1,1,1,0,0,0,0,0,0,0,0,0,0,0,0,1,1,1,1,1,1,0,0,0,0,0,0,0,0,0,0,0,0,0,0,0,0,0,0,565.9,565.9,371.4,113.9,113.9,113.9,1.8,1.8,1.8,2.0151,2.0151,2.0151,2,2,2,2,2,2
15024,Floersheim,50.013611,8.4300003,,0,0,0,0,0,0,0,0,0,0,0,0,0,0,0,0,0,0,1,1,1,1,1,1,0,0,0,0,0,0,0,0,0,0,0,0,0,0,0,0,0,0,458.6,458.6,427.7,70.0,70.0,11.4,0.3,0.3,0.3,0.6251,0.6251,0.7715,1,1,1,1,1,1
15025,Frankenau,51.090279,8.9347219,,1,1,1,1,1,1,0,0,1,1,1,1,0,0,0,0,0,0,1,1,1,1,1,1,0,0,0,0,0,0,0,0,0,0,0,0,0,0,0,0,0,0,532.9,532.9,403.0,139.2,139.2,129.9,1.8,1.8,0.8,0.9521,0.9521,0.9753,2,2,1,1,1,1
15026,Frankenberg (Eder),51.058613,8.7991667,1985.0,0,1,1,1,1,1,0,0,0,0,0,0,0,0,0,0,0,0,1,1,1,1,1,1,0,0,0,0,1,1,0,0,0,0,0,0,0,0,0,0,0,0,522.9,522.9,411.3,129.4,129.4,123.4,0.3,1.8,1.8,1.9765,2.9765,2.9915,1,2,2,2,3,3
15027,Frankfurt,50.110832,8.6822224,1987.0,0,1,1,1,1,1,0,0,0,0,0,0,0,0,0,0,0,0,1,1,1,1,1,1,0,1,1,1,1,1,0,0,0,0,0,0,0,0,0,3,3,3,478.8,478.8,409.3,77.9,77.9,31.8,0.3,2.8,2.8,9.1054,9.1054,9.2206,1,3,3,3,3,3
15028,Frankfurt-Bockenheim,50.12389,8.6391668,,0,0,0,0,0,0,0,0,0,0,0,0,0,0,0,0,0,0,1,1,1,1,1,1,0,0,0,0,0,0,0,0,0,0,0,0,0,0,0,0,0,0,476.2,476.2,412.3,79.4,79.4,29.6,0.3,0.3,0.3,0.6014,0.6014,0.726,1,1,1,1,1,1
15029,Frankfurt-Hoechst,50.099998,8.5491667,3081.0,0,0,0,1,1,1,0,0,0,0,0,0,0,0,0,0,0,0,1,1,1,1,1,1,0,0,0,0,0,0,0,0,0,0,0,0,0,0,0,0,0,0,469.3,469.3,418.8,77.5,77.5,22.7,0.3,0.3,0.3,2.1063,2.1063,2.2433,1,1,1,2,2,2
15030,Frankfurt-Roedelheim,50.124722,8.6130552,,0,0,0,0,0,0,0,0,0,0,0,0,0,0,0,0,0,0,1,1,1,1,1,1,0,0,0,0,0,0,0,0,0,0,0,0,0,0,0,0,0,0,474.4,474.4,414.1,79.7,79.7,28.0,0.3,0.3,0.3,0.6008,0.6008,0.73,1,1,1,1,1,1
15031,Freienhagen,51.27861,9.0663891,,0,1,1,1,1,1,0,0,0,0,0,0,0,0,0,0,0,0,0,1,1,1,1,1,0,0,0,0,0,0,0,0,0,0,0,0,0,0,0,0,0,0,550.4,550.4,399.7,141.2,141.2,141.2,0.0,1.8,1.8,1.947,1.947,1.947,0,2,2,2,2,2
15032,Friedberg (Hessen),50.337502,8.7538891,2019.0,1,1,1,1,1,1,0,0,0,0,0,0,0,0,0,0,0,0,1,1,1,1,1,1,0,0,1,1,1,1,0,0,0,0,0,0,0,2,2,2,2,2,490.6,490.6,404.1,103.1,103.1,50.8,1.8,5.8,6.8,7.0423,7.0423,7.173,2,3,3,3,3,3
15033,Friedrichsdorf,50.256668,8.6416664,,0,0,0,0,0,0,0,0,0,0,0,0,0,0,0,0,0,0,1,1,1,1,1,1,0,0,0,0,0,0,0,0,0,0,0,0,0,0,0,0,0,0,480.4,480.4,412.0,94.2,94.2,38.8,0.3,0.3,0.3,0.5646,0.5646,0.703,1,1,1,1,1,1
15034,Fritzlar,51.130833,9.2752781,2037.0,1,1,1,1,1,1,0,0,0,0,0,0,0,0,0,0,0,0,1,1,1,1,1,1,0,1,1,1,1,1,0,0,0,0,0,0,0,0,0,0,0,0,556.4,556.4,381.1,124.0,124.0,124.0,1.8,2.8,2.8,2.99,2.99,2.99,2,3,3,3,3,3
15035,Fuerstenberg (Hessen),51.168056,8.8319445,,0,1,1,1,1,1,0,0,0,0,0,0,0,0,0,0,0,0,0,1,1,1,1,1,0,0,0,0,1,1,0,0,0,0,0,0,0,0,0,0,0,0,530.3,530.3,412.0,133.3,133.3,133.3,0.0,1.8,1.8,1.9667,2.9667,2.9667,0,2,2,2,3,3
15036,Fulda,50.553055,9.6750002,2048.0,1,1,1,1,1,1,0,0,0,0,0,0,0,0,0,0,0,0,1,1,1,1,1,1,0,0,0,0,0,0,0,0,0,0,0,0,0,0,0,0,0,0,560.0,560.0,340.9,106.6,87.0,87.0,1.8,1.8,1.8,2.0336,2.0825,2.0825,2,2,2,2,2,2
15037,Gedern,50.424168,9.1977777,,0,0,0,1,1,1,0,0,0,0,0,0,0,0,0,0,0,0,1,1,1,1,1,1,0,0,0,0,0,0,0,0,0,0,0,0,0,0,0,0,0,0,523.5,523.5,373.2,118.0,88.6,81.0,0.3,0.3,0.3,2.0051,2.0784,2.0975,1,1,1,2,2,2
15038,Geisenheim,49.983055,7.9661112,,0,0,0,1,1,1,0,0,0,0,0,0,0,0,0,0,0,0,1,1,1,1,1,1,0,0,0,0,0,0,0,0,0,0,0,0,0,0,0,0,0,0,425.7,425.7,425.7,83.1,83.1,21.9,0.3,0.3,0.3,2.0922,2.0922,2.2452,1,1,1,2,2,2
15039,Gelnhausen,50.203056,9.1913891,2151.0,1,1,1,1,1,1,0,0,0,0,0,0,0,0,0,0,0,0,1,1,1,1,1,1,0,0,1,1,1,1,0,0,0,0,0,0,3,3,3,3,3,3,516.5,516.5,372.8,94.6,71.2,69.4,7.8,7.8,8.8,9.0635,9.1221,9.1266,3,3,3,3,3,3
15040,Gemuenden,50.97139,8.9691668,,1,1,1,1,1,1,0,0,0,0,0,0,0,0,0,0,0,0,1,1,1,1,1,1,0,0,0,0,0,0,0,0,0,0,0,0,0,0,0,0,0,0,529.6,529.6,397.6,140.8,140.8,118.7,1.8,1.8,1.8,1.9481,1.9481,2.0033,2,2,2,2,2,2
15041,Gernsheim,49.752224,8.4930553,,0,0,0,1,1,1,0,0,0,0,0,1,0,0,0,0,0,0,1,1,1,1,1,1,0,0,0,0,1,1,0,0,0,0,0,0,0,0,0,0,0,0,456.9,456.9,426.0,41.0,41.0,31.9,0.3,0.3,0.3,2.1974,3.1974,2.2203,1,1,1,2,3,2
15042,Gersfeld,50.450001,9.9202776,,0,0,0,1,1,1,0,0,0,0,0,0,0,0,0,0,0,0,1,1,1,1,1,1,0,0,0,0,0,0,0,0,0,0,0,0,0,0,0,0,0,0,573.5,573.5,322.4,97.9,73.3,73.3,0.3,0.3,0.3,2.0552,2.1168,2.1168,1,1,1,2,2,2
15043,Giessen,50.586113,8.6747227,2194.0,1,1,1,1,1,1,0,0,0,0,0,0,0,0,0,0,0,0,1,1,1,1,1,1,0,0,0,0,0,1,0,0,0,0,0,0,0,0,0,0,0,0,494.2,494.2,411.5,126.8,126.8,71.1,1.8,1.8,1.8,1.9831,1.9831,3.1222,2,2,2,2,2,3
15044,Grebenstein,51.446667,9.414444,2401.0,0,0,1,1,1,1,0,0,0,0,0,0,0,0,0,0,0,0,0,1,1,1,1,1,0,0,0,0,0,0,0,0,0,0,0,0,0,0,0,0,0,0,580.4,580.4,383.1,124.2,124.2,124.2,0.0,0.3,1.8,1.9896,1.9896,1.9896,0,1,2,2,2,2
15045,Grossalmerode,51.2575,9.7852774,,0,0,0,0,0,0,0,0,0,0,0,0,0,0,0,0,0,0,0,0,0,0,0,1,0,0,0,0,0,0,0,0,0,0,0,0,0,0,0,0,0,0,594.6,594.6,351.6,92.4,92.4,92.4,0.0,0.0,0.0,0.2689,0.2689,0.5689,0,0,0,0,0,1
15046,Grossauheim,50.104721,8.9447222,,0,0,0,0,0,0,0,0,0,0,0,0,0,0,0,0,0,0,1,1,1,1,1,1,0,0,0,0,0,0,0,0,0,0,0,0,0,0,0,0,0,0,496.8,496.8,390.6,79.0,79.0,49.4,0.3,0.3,0.3,0.6026,0.6026,0.6764,1,1,1,1,1,1
15047,Grossenlinden,50.529999,8.6525002,2597.0,0,0,0,0,0,0,0,0,0,0,0,0,0,0,0,0,0,0,1,1,1,1,1,1,0,0,0,0,0,0,0,0,0,0,0,0,0,0,0,0,0,0,490.6,490.6,412.5,124.5,123.8,64.8,0.3,0.3,0.3,0.4887,0.4904,0.638,1,1,1,1,1,1
15048,Gross-Gerau,49.921391,8.4822226,,0,1,1,1,1,1,0,0,0,0,0,0,0,0,0,0,0,0,1,1,1,1,1,1,0,0,0,0,0,0,0,0,0,0,0,0,0,0,0,0,0,0,459.9,459.9,424.8,59.1,59.1,17.5,0.3,1.8,1.8,2.1523,2.1523,2.2564,1,2,2,2,2,2
15049,Gross-Umstadt,49.867779,8.9258337,,0,1,1,1,1,1,0,0,0,0,0,0,0,0,0,0,0,0,1,1,1,1,1,1,0,0,0,0,0,0,0,0,0,0,0,0,0,0,0,0,0,0,489.8,489.8,393.6,53.1,53.1,49.1,0.3,1.8,1.8,2.1672,2.1672,2.1772,1,2,2,2,2,2
15050,Gruenberg (Hessen),50.592499,8.958889,2648.0,1,1,1,1,1,1,0,0,0,0,0,0,0,0,0,0,0,0,1,1,1,1,1,1,0,0,0,0,0,0,0,0,0,0,0,0,0,0,0,0,0,0,513.3,513.3,391.6,132.6,113.8,81.9,1.8,1.8,1.8,1.9685,2.0155,2.0952,2,2,2,2,2,2
15051,Grueningen,50.509445,8.729722,,0,0,0,0,0,0,0,0,0,0,0,0,0,0,0,0,0,0,1,1,1,1,1,1,0,0,0,0,0,1,0,0,0,0,0,0,0,0,0,0,0,0,495.0,495.0,406.9,122.2,118.2,65.3,0.3,0.3,0.3,0.4946,0.5044,1.6368,1,1,1,1,1,2
15052,Gudensberg,51.178333,9.3658333,2674.0,1,1,1,1,1,1,0,0,0,0,0,0,0,0,0,0,0,0,1,1,1,1,1,1,0,0,0,0,0,0,0,0,0,0,0,0,0,0,0,0,0,0,564.4,564.4,376.5,118.5,118.5,118.5,1.8,1.8,1.8,2.0036,2.0036,2.0036,2,2,2,2,2,2
15053,Hadamar,50.448612,8.0458336,2731.0,0,0,1,1,1,1,0,0,0,0,0,0,0,0,0,0,0,0,1,1,1,1,1,1,0,0,0,0,0,0,0,0,0,0,0,0,0,0,0,0,0,0,447.3,447.3,447.3,93.8,93.8,52.3,0.3,0.3,1.8,2.0655,2.0655,2.1692,1,1,2,2,2,2
15054,Haiger,50.743057,8.2049999,2749.0,0,0,0,0,0,0,0,0,0,0,0,0,0,0,0,0,0,0,1,1,1,1,1,1,0,0,0,0,0,0,0,0,0,0,0,0,0,0,0,0,0,0,470.3,470.3,446.3,90.0,90.0,82.7,0.3,0.3,0.3,0.5749,0.5749,0.5933,1,1,1,1,1,1
15055,Hanau,50.135555,8.915,2791.0,0,0,1,1,1,1,0,0,0,0,0,0,0,0,0,0,0,0,1,1,1,1,1,1,0,0,0,0,0,1,0,0,0,0,0,0,0,0,0,0,0,0,495.5,495.5,392.6,81.9,81.9,48.3,0.3,0.3,1.8,2.0952,2.0952,3.1792,1,1,2,2,2,3
15056,Hatzfeld,50.9925,8.5472221,,0,0,1,1,1,1,0,0,0,0,0,0,0,0,0,0,0,0,1,1,1,1,1,1,0,0,0,0,0,0,0,0,0,0,0,0,0,0,0,0,0,0,503.8,503.8,427.0,111.3,111.3,111.3,0.3,0.3,1.8,2.0218,2.0218,2.0218,1,1,2,2,2,2
15057,Helmarshausen,51.630554,9.46,10923.0,1,1,1,1,1,1,0,0,0,0,0,0,0,0,1,1,1,1,1,1,1,1,1,1,0,0,0,0,0,1,0,0,0,0,0,0,0,0,0,0,0,0,592.7,592.7,388.1,131.2,131.2,131.2,1.8,1.8,2.5,2.6721,2.6721,3.6721,2,2,2,2,2,3
15058,Heppenheim,49.642223,8.6386108,,0,0,1,1,1,1,0,0,0,0,0,0,0,0,0,0,0,0,1,1,1,1,1,1,0,0,0,0,0,0,0,0,0,0,0,0,0,0,0,0,0,0,465.2,465.2,417.3,26.2,26.2,26.2,0.3,0.3,1.8,2.2344,2.2344,2.2344,1,1,2,2,2,2
15059,Herborn,50.682499,8.3027782,2970.0,0,1,1,1,1,1,0,0,0,0,0,0,0,0,0,0,0,0,1,1,1,1,1,1,0,1,1,1,1,1,0,0,0,0,0,0,0,0,0,0,0,0,473.9,473.9,438.7,98.5,98.5,75.8,0.3,2.8,2.8,3.0538,3.0538,3.1104,1,3,3,3,3,3
15060,Herbstein,50.562222,9.3486109,,0,1,1,1,1,1,0,0,0,0,0,0,0,0,0,0,0,0,1,1,1,1,1,1,0,0,0,0,0,0,0,0,0,0,0,0,0,0,0,0,0,0,538.3,538.3,363.9,127.2,95.9,95.9,0.3,1.8,1.8,1.9821,2.0602,2.0602,1,2,2,2,2,2
15061,Hersfeld,50.867779,9.7058334,,1,1,1,1,1,1,0,0,0,0,0,0,0,0,0,0,0,0,1,1,1,1,1,1,0,0,0,1,1,1,0,0,0,0,0,0,2,0,0,0,0,0,573.2,573.2,344.7,93.8,93.8,93.8,5.8,1.8,1.8,3.0654,3.0654,3.0654,3,2,2,3,3,3
15062,Hessisch-Lichtenau,51.198055,9.7213888,4418.0,0,1,1,1,1,1,0,0,0,0,0,0,0,0,0,0,0,0,0,1,1,1,1,1,0,0,0,0,0,0,0,0,0,0,0,0,0,0,0,0,0,0,587.9,587.9,353.6,94.8,94.8,94.8,0.0,1.8,1.8,2.063,2.063,2.063,0,2,2,2,2,2
15063,Hirschhorn,49.447224,8.8966665,,0,0,0,1,1,1,0,0,0,0,0,0,0,0,0,0,0,0,0,0,1,1,1,1,0,0,0,0,0,0,0,0,0,0,0,0,0,0,0,0,0,0,481.1,481.1,403.0,14.1,14.1,14.1,0.0,0.0,0.3,2.2648,2.2648,2.2648,0,0,1,2,2,2
15064,Hochheim,50.011112,8.353056,,0,0,0,0,0,0,0,0,0,0,0,0,0,0,0,0,0,0,1,1,1,1,1,1,0,0,0,0,0,0,0,0,0,0,0,0,0,0,0,0,0,0,453.2,453.2,433.3,71.5,71.5,5.9,0.3,0.3,0.3,0.6212,0.6212,0.7852,1,1,1,1,1,1
15065,Hofgeismar,51.494167,9.3833332,3092.0,1,1,1,1,1,1,0,0,0,0,0,0,0,0,0,0,0,0,1,1,1,1,1,1,0,0,0,1,1,1,0,0,0,0,0,0,0,0,0,0,0,0,580.9,580.9,387.0,128.3,128.3,128.3,1.8,1.8,1.8,2.9791,2.9791,2.9791,2,2,2,3,3,3
15066,Hofheim,50.087502,8.4461107,3093.0,0,0,0,1,1,1,0,0,0,0,0,0,0,0,0,0,0,0,1,1,1,1,1,1,0,0,0,0,0,0,0,0,0,0,0,0,0,0,0,0,0,0,461.8,461.8,426.2,77.6,77.6,15.8,0.3,0.3,0.3,2.106,2.106,2.2606,1,1,1,2,2,2
15067,Homberg/Efze,51.032776,9.4069443,3179.0,1,1,1,1,1,1,0,0,0,0,0,0,0,0,0,0,0,0,1,1,1,1,1,1,0,0,0,0,0,0,0,0,0,0,0,0,0,0,0,0,0,0,560.5,560.5,369.4,113.9,113.9,113.9,1.8,1.8,1.8,2.0152,2.0152,2.0152,2,2,2,2,2,2
15068,Homberg/Ohm,50.730835,9.001111,,0,0,1,1,1,1,0,0,0,0,0,0,0,0,0,0,0,0,1,1,1,1,1,1,0,0,0,0,0,0,0,0,0,0,0,0,0,0,0,0,0,0,521.5,521.5,390.6,145.1,124.5,96.3,0.3,0.3,1.8,1.9371,1.9888,2.0593,1,1,2,2,2,2
15069,Bad Homburg,50.228333,8.6127777,3180.0,0,0,0,0,0,0,0,0,0,0,0,0,0,0,0,0,0,0,1,1,1,1,1,1,0,0,0,0,0,0,0,0,0,0,0,0,0,0,0,0,0,0,477.5,477.5,414.0,91.2,91.2,35.1,0.3,0.3,0.3,0.5721,0.5721,0.7122,1,1,1,1,1,1
15070,Huenfeld,50.672779,9.7688885,3267.0,0,0,1,1,1,1,0,0,0,0,0,0,0,0,0,0,0,0,1,1,1,1,1,1,0,0,0,0,0,0,0,0,0,0,0,0,0,0,0,0,0,0,570.3,570.3,336.2,95.1,95.1,95.1,0.3,0.3,1.8,2.0623,2.0623,2.0623,1,1,2,2,2,2
15071,Hungen,50.475555,8.9013891,3268.0,0,0,0,1,1,1,0,0,0,0,0,0,0,0,0,0,0,0,1,1,1,1,1,1,0,0,0,0,0,0,0,0,0,0,0,0,0,0,0,0,0,0,505.2,505.2,394.5,119.2,106.8,69.2,0.3,0.3,0.3,2.0021,2.0329,2.1269,1,1,1,2,2,2
15072,Idstein,50.220833,8.2705555,,0,1,1,1,1,1,0,0,0,0,0,0,0,0,0,0,0,0,1,1,1,1,1,1,0,0,0,0,0,0,0,0,0,0,0,0,0,0,0,0,0,0,453.9,453.9,438.3,95.4,95.4,24.5,0.3,1.8,1.8,2.0615,2.0615,2.2388,1,2,2,2,2,2
15073,Immenhausen,51.427223,9.4799995,3312.0,0,1,1,1,1,1,0,0,0,0,0,0,0,0,0,0,0,0,1,1,1,1,1,1,0,0,1,1,1,1,0,0,0,0,0,0,0,0,0,0,0,0,583.5,583.5,378.1,119.1,119.1,119.1,0.3,1.8,2.8,3.0022,3.0022,3.0022,1,2,3,3,3,3
15074,Karlshafen,51.643612,9.4536114,,0,0,0,0,0,0,0,0,0,0,0,0,0,0,0,0,0,0,1,1,1,1,1,1,0,0,0,0,0,0,0,0,0,0,0,0,0,0,0,0,0,0,593.1,593.1,389.1,132.3,132.3,132.3,0.3,0.3,0.3,0.4692,0.4692,0.4692,1,1,1,1,1,1
15075,Kassel,51.314445,9.4949999,3580.0,1,1,1,1,1,1,0,0,0,0,0,0,1,1,1,1,1,1,1,1,1,1,1,1,0,0,0,0,1,1,0,0,0,0,0,0,0,0,0,0,0,0,578.9,578.9,372.7,113.6,113.6,113.6,2.5,2.5,2.5,2.7161,3.7161,3.7161,2,2,2,2,3,3
15076,Kelkheim,50.134724,8.4536114,,0,0,0,0,0,0,0,0,0,0,0,0,0,0,0,0,0,0,1,1,1,1,1,1,0,0,0,0,0,0,0,0,0,0,0,0,0,0,0,0,0,0,463.7,463.7,425.5,82.6,82.6,19.8,0.3,0.3,0.3,0.5936,0.5936,0.7506,1,1,1,1,1,1
15077,Kelsterbach,50.063332,8.5288887,,0,0,0,0,0,0,0,0,0,0,0,0,0,0,0,0,0,0,1,1,1,1,1,1,0,0,0,0,0,0,0,0,0,0,0,0,0,0,0,0,0,0,466.9,466.9,420.4,73.7,73.7,19.7,0.3,0.3,0.3,0.6157,0.6157,0.7509,1,1,1,1,1,1
15078,Kirchhain,50.820557,8.9205551,3676.0,0,0,1,1,1,1,0,0,0,0,0,0,0,0,0,0,0,0,1,1,1,1,1,1,0,0,0,1,1,1,0,0,0,0,0,0,0,0,0,0,0,0,519.9,519.9,397.8,138.1,135.9,102.1,0.3,0.3,1.8,2.9547,2.9602,3.0447,1,1,2,3,3,3
15079,Koenigstein im Taunus,50.182499,8.4647226,3924.0,0,0,1,1,1,1,0,0,0,0,0,0,0,0,0,0,0,0,1,1,1,1,1,1,0,0,0,0,0,0,0,0,0,0,0,0,0,0,0,0,0,0,465.9,465.9,424.6,87.6,87.6,24.5,0.3,0.3,1.8,2.081,2.081,2.2388,1,1,2,2,2,2
15080,Korbach,51.271667,8.8730555,3951.0,1,1,1,1,1,1,0,0,0,0,0,0,0,0,0,0,0,0,1,1,1,1,1,1,1,1,1,1,1,1,0,0,0,0,0,0,0,0,0,0,0,0,538.1,538.1,412.4,138.6,138.6,138.6,2.8,2.8,2.8,2.9535,2.9535,2.9535,3,3,3,3,3,3
15081,Kronberg,50.179443,8.5105553,,0,0,1,1,1,1,0,0,0,0,0,0,0,0,0,1,1,1,1,1,1,1,1,1,0,0,0,0,1,1,0,0,0,0,0,0,0,0,0,0,0,0,469.0,469.0,421.3,86.6,86.6,26.2,0.3,0.3,1.8,2.7834,3.7834,3.9345,1,1,2,2,3,3
15082,Lampertheim,49.595554,8.4624996,,0,0,0,0,0,0,0,0,0,0,0,0,0,0,0,0,0,0,1,1,1,1,1,1,0,0,0,0,0,0,0,0,0,0,0,0,0,0,0,0,0,0,451.9,451.9,430.7,27.2,27.2,27.2,0.3,0.3,0.3,0.7319,0.7319,0.7319,1,1,1,1,1,1
15083,Landau ueber Arolsen,51.341946,9.0852776,,0,1,1,1,1,1,0,0,0,0,0,0,0,0,0,0,0,0,0,1,1,1,1,1,0,0,0,0,0,0,0,0,0,0,0,0,0,0,0,0,0,0,554.8,554.8,400.6,141.7,141.7,141.7,0.0,1.8,1.8,1.9458,1.9458,1.9458,0,2,2,2,2,2
15084,Langen,49.989445,8.6791668,,0,0,0,0,0,0,0,0,0,0,0,0,0,0,0,0,0,0,1,1,1,1,1,1,0,0,0,0,0,0,0,0,0,0,0,0,0,0,0,0,0,0,475.3,475.3,410.1,64.4,64.4,29.2,0.3,0.3,0.3,0.6391,0.6391,0.7271,1,1,1,1,1,1
15085,Laubach,50.5425,8.9899998,,0,0,0,0,0,0,0,0,0,0,0,0,0,0,0,0,0,0,1,1,1,1,1,1,0,0,0,0,0,0,0,0,0,0,0,0,0,0,0,0,0,0,513.6,513.6,388.9,127.4,108.1,79.0,0.3,0.3,0.3,0.4815,0.5298,0.6026,1,1,1,1,1,1
15086,Lauterbach,50.635555,9.3977776,16925.0,0,1,1,1,1,1,0,0,0,0,0,0,0,0,0,0,0,0,1,1,1,1,1,1,0,0,0,0,0,0,0,0,0,0,0,0,0,0,0,0,0,0,544.2,544.2,361.5,121.1,101.9,101.9,0.3,1.8,1.8,1.9974,2.0453,2.0453,1,2,2,2,2,2
15087,Lich,50.519165,8.8188887,,0,1,1,1,1,1,0,0,0,0,0,0,0,0,0,0,0,0,1,1,1,1,1,1,0,0,0,0,0,0,0,0,0,0,0,0,0,0,0,0,0,0,501.3,501.3,400.7,123.5,114.4,69.5,0.3,1.8,1.8,1.9913,2.014,2.1261,1,2,2,2,2,2
15088,Liebenau,51.494167,9.2836113,,0,1,1,1,1,1,0,0,0,0,0,0,0,0,0,0,0,0,0,1,1,1,1,1,0,0,0,1,1,1,0,0,0,0,0,0,0,0,0,0,0,0,574.8,574.8,393.5,134.6,134.6,134.6,0.0,1.8,1.8,2.9635,2.9635,2.9635,0,2,2,3,3,3
15089,Limburg,50.387222,8.0638885,4453.0,1,1,1,1,1,1,0,0,0,0,0,0,0,1,1,1,1,1,1,1,1,1,1,1,0,0,0,1,1,1,0,0,0,0,0,0,0,0,0,0,0,0,446.0,446.0,446.0,99.0,99.0,45.5,1.8,2.5,2.5,3.7526,3.7526,3.8864,2,2,2,3,3,3
15090,Lindenfels,49.682777,8.7797222,,1,1,1,1,1,1,0,0,0,0,0,0,0,0,0,0,0,0,1,1,1,1,1,1,0,0,0,0,0,0,0,0,0,0,0,0,0,0,0,0,0,0,476.0,476.0,406.6,30.6,30.6,30.6,1.8,1.8,1.8,2.2234,2.2234,2.2234,2,2,2,2,2,2
15091,Lorch (Rheingau),50.045555,7.8038888,,0,0,0,0,0,0,0,0,0,0,0,0,0,0,0,0,0,0,1,1,1,1,1,1,1,1,1,1,1,1,0,0,0,0,0,0,0,0,0,0,0,0,416.4,416.4,416.4,96.0,96.0,33.8,1.3,1.3,1.3,1.5599,1.5599,1.7155,2,2,2,2,2,2
15092,Marburg,50.807499,8.7722225,4746.0,0,0,1,1,1,1,0,0,0,0,0,0,0,0,0,0,0,0,1,1,1,1,1,1,0,0,1,1,1,1,0,0,0,0,0,0,0,0,0,0,0,0,509.7,509.7,407.8,128.0,128.0,96.5,0.3,0.3,2.8,2.9801,2.9801,3.0588,1,1,3,3,3,3
15093,Melsungen,51.130833,9.5436115,12236.0,1,1,1,1,1,1,0,0,0,0,0,0,0,0,0,0,0,0,1,1,1,1,1,1,0,0,0,1,1,1,0,0,0,0,0,0,0,0,0,0,0,0,573.5,573.5,363.1,105.5,105.5,105.5,1.8,1.8,1.8,3.0364,3.0364,3.0364,2,2,2,3,3,3
15094,Mengeringhausen,51.36639,8.9861107,4875.0,0,0,1,1,1,1,0,0,0,0,0,0,0,0,0,0,0,0,1,1,1,1,1,1,0,0,1,1,1,1,0,0,0,0,0,0,0,0,0,0,0,0,549.9,549.9,408.0,149.1,149.1,149.1,0.3,0.3,2.8,2.9274,2.9274,2.9274,1,1,3,3,3,3
15095,Michelstadt,49.679165,9.0038891,,0,0,1,1,1,1,0,0,0,0,0,0,0,0,0,0,0,0,1,1,1,1,1,1,0,0,0,0,0,1,0,0,0,0,0,0,0,0,0,0,0,0,491.8,491.8,390.7,36.6,36.6,36.6,0.3,0.3,1.8,2.2085,2.2085,3.2085,1,1,2,2,2,3
15096,Muehlheim,50.122501,8.8352776,,0,0,0,0,0,0,0,0,0,0,0,0,0,0,0,0,0,0,1,1,1,1,1,1,0,0,0,0,0,0,0,0,0,0,0,0,0,0,0,0,0,0,489.7,489.7,398.3,79.6,79.6,42.5,0.3,0.3,0.3,0.6009,0.6009,0.6939,1,1,1,1,1,1
15097,Bad Nauheim,50.363335,8.7347221,,0,0,0,0,0,0,0,0,0,0,0,0,0,0,0,0,0,0,1,1,1,1,1,1,0,0,0,0,0,0,0,0,0,0,0,0,0,0,0,0,0,0,490.2,490.2,405.6,105.9,105.9,52.1,0.3,0.3,0.3,0.5352,0.5352,0.6698,1,1,1,1,1,1
15098,Naumburg,51.247223,9.1647224,5166.0,1,1,1,1,1,1,0,0,0,0,0,0,0,0,0,0,0,0,1,1,1,1,1,1,0,0,0,0,0,0,0,0,0,0,0,0,0,0,0,0,0,0,555.0,555.0,392.2,133.8,133.8,133.8,1.8,1.8,1.8,1.9656,1.9656,1.9656,2,2,2,2,2,2
15099,Neckarsteinach,49.407776,8.8388891,,0,0,0,1,1,1,0,0,0,0,0,0,0,0,0,0,0,0,1,1,1,1,1,1,0,0,0,1,1,1,0,0,0,0,0,0,0,0,0,0,0,0,476.5,476.5,408.1,9.3,9.3,9.3,0.3,0.3,0.3,3.2767,3.2767,3.2767,1,1,1,3,3,3
15100,Neu-Isenburg,50.050278,8.6952782,,0,0,0,0,0,0,0,0,0,0,0,0,0,0,0,0,0,0,0,0,0,0,0,0,0,0,0,0,0,0,0,0,0,0,0,0,0,0,0,0,0,0,478.0,478.0,408.6,71.1,71.1,30.8,0.0,0.0,0.0,0.3222,0.3222,0.4231,0,0,0,0,0,0
15101,Neukirchen,50.870834,9.3427782,,0,0,0,1,1,1,0,0,0,0,0,0,0,0,0,0,0,0,1,1,1,1,1,1,0,0,0,0,0,0,0,0,0,0,0,0,0,0,0,0,0,0,549.5,549.5,369.7,119.1,119.1,119.1,0.3,0.3,0.3,2.0024,2.0024,2.0024,1,1,1,2,2,2
15102,Neustadt (Hessen),50.852501,9.1152782,,0,1,1,1,1,1,0,0,0,0,0,0,0,0,0,0,0,0,0,1,1,1,1,1,0,0,0,1,1,1,0,0,0,0,0,0,0,0,0,0,0,0,533.9,533.9,385.0,135.2,132.2,112.0,0.0,1.8,1.8,2.9621,2.9696,3.02,0,2,2,3,3,3
15103,Niedenstein,51.235554,9.3125,,1,1,1,1,1,1,0,0,0,0,0,0,0,0,0,0,0,0,0,1,1,1,1,1,0,0,0,0,0,0,0,0,0,0,0,0,0,0,0,0,0,0,563.7,563.7,382.0,123.4,123.4,123.4,1.5,1.8,1.8,1.9914,1.9914,1.9914,2,2,2,2,2,2
15104,Nidda,50.413612,9.0063887,17018.0,0,0,0,0,0,0,0,0,0,0,0,0,0,0,0,0,0,0,1,1,1,1,1,1,0,0,0,0,0,0,0,0,0,0,0,0,0,0,0,0,0,0,510.2,510.2,386.6,113.5,96.7,69.6,0.3,0.3,0.3,0.5163,0.5583,0.626,1,1,1,1,1,1
15105,Oberursel,50.200554,8.582222,,0,0,0,0,1,1,0,0,0,0,0,0,0,0,0,0,0,0,1,1,1,1,1,1,0,0,0,0,0,1,0,0,0,0,0,0,0,0,0,0,0,0,474.5,474.5,416.2,88.3,88.3,31.4,0.3,0.3,0.3,0.5793,2.0793,3.2216,1,1,1,1,2,3
15106,Offenbach,50.105556,8.7641668,,0,0,0,0,0,0,0,0,0,0,0,0,0,0,0,0,0,0,1,1,1,1,1,1,0,0,0,0,0,0,0,0,0,0,0,0,0,0,0,0,0,0,484.3,484.3,403.4,77.3,77.3,37.0,0.3,0.3,0.3,0.6066,0.6066,0.7074,1,1,1,1,1,1
15107,Bad Orb,50.227779,9.3480558,,0,1,1,1,1,1,0,0,0,0,0,0,0,0,0,0,0,0,1,1,1,1,1,1,0,0,0,1,1,1,0,0,0,0,0,0,0,0,0,0,0,0,527.9,527.9,361.7,101.7,65.0,65.0,0.3,1.8,1.8,3.0457,3.1375,3.1375,1,2,2,3,3,3
15108,Ortenberg,50.35611,9.0536108,,0,1,1,1,1,1,0,0,0,0,0,0,0,0,0,0,0,0,1,1,1,1,1,1,0,0,0,0,0,1,0,0,0,0,0,0,0,0,0,0,0,0,511.5,511.5,383.0,107.9,89.8,68.3,0.3,1.8,1.8,2.0301,2.0755,3.1293,1,2,2,2,2,3
15109,Pfungstadt,49.801666,8.5974998,,0,0,0,0,0,0,0,0,0,0,0,0,0,0,0,0,0,0,1,1,1,1,1,1,0,0,0,0,0,1,0,0,0,0,0,0,0,0,0,0,0,0,465.3,465.3,417.8,44.2,44.2,32.2,0.3,0.3,0.3,0.6895,0.6895,1.7196,1,1,1,1,1,2
15110,Rauschenberg,50.883335,8.9147224,,0,1,1,1,1,1,0,0,0,0,0,0,0,0,0,0,0,0,1,1,1,1,1,1,0,0,0,0,0,0,0,0,0,0,0,0,0,0,0,0,0,0,522.2,522.2,399.4,137.2,137.2,108.2,0.3,1.8,1.8,1.9571,1.9571,2.0295,1,2,2,2,2,2
15111,Reinheim,49.825832,8.8347225,,0,1,1,1,1,1,0,0,0,0,0,0,0,0,0,0,0,0,0,1,1,1,1,1,0,0,0,0,0,0,0,0,0,0,0,0,0,0,0,0,0,0,482.5,482.5,400.6,47.0,47.0,44.8,0.0,1.8,1.8,2.1825,2.1825,2.1881,0,2,2,2,2,2
15112,Rhoden,51.473057,9.0108337,,1,1,1,1,1,1,0,0,0,0,0,0,0,0,0,0,0,0,1,1,1,1,1,1,0,0,0,0,0,0,0,0,0,0,0,0,0,0,0,0,0,0,557.1,557.1,410.3,151.1,151.1,151.1,1.8,1.8,1.8,1.9221,1.9221,1.9221,2,2,2,2,2,2
15113,Rosenthal,50.974445,8.8677778,,0,0,1,1,1,1,0,0,0,0,0,0,0,0,0,0,0,0,0,0,1,1,1,1,0,0,0,0,0,0,0,0,0,0,0,0,0,0,0,0,0,0,523.3,523.3,404.6,133.7,133.7,116.2,0.0,0.0,1.8,1.9658,1.9658,2.0095,0,0,2,2,2,2
15114,Rotenburg a. d. Fulda,50.996387,9.7244444,12235.0,1,1,1,1,1,1,0,0,0,0,0,0,0,0,0,0,0,0,1,1,1,1,1,1,0,0,0,0,0,0,0,0,0,0,0,0,0,0,0,0,0,0,579.5,579.5,346.9,91.6,91.6,91.6,1.8,1.8,1.8,2.071,2.071,2.071,2,2,2,2,2,2
15115,Ruedesheim,49.979168,7.9263887,,0,0,0,0,0,0,0,0,0,0,0,0,0,0,0,0,0,0,1,1,1,1,1,1,0,0,0,0,0,0,0,0,0,0,0,0,0,0,0,0,0,0,422.8,422.8,422.8,84.7,84.7,24.8,0.3,0.3,0.3,0.5883,0.5883,0.738,1,1,1,1,1,1
15116,Ruesselsheim,49.99472,8.4113894,,0,0,0,0,1,1,0,0,0,0,0,0,0,0,0,0,0,0,1,1,1,1,1,1,0,0,0,0,0,0,0,0,0,0,0,0,0,0,0,0,0,0,456.9,456.9,429.2,68.4,68.4,10.0,0.3,0.3,0.3,0.6291,2.1291,2.275,1,1,1,1,2,2
15117,Runkel,50.405277,8.1566668,,0,0,1,1,1,1,0,0,0,0,0,0,0,0,0,0,0,0,1,1,1,1,1,1,0,0,0,0,0,0,0,0,0,0,0,0,0,0,0,0,0,0,452.9,452.9,446.7,103.0,103.0,45.7,0.3,0.3,1.8,2.0425,2.0425,2.1857,1,1,2,2,2,2
15118,Sachsenberg,51.126667,8.7897224,6675.0,1,1,1,1,1,1,0,0,0,0,0,0,0,0,0,0,0,0,0,1,1,1,1,1,0,0,0,0,1,1,0,0,0,0,0,0,0,0,0,0,0,0,525.6,525.6,413.8,129.6,129.6,129.6,1.5,1.8,1.8,1.9759,2.9759,2.9759,2,2,2,2,3,3
15119,Sachsenhausen,51.24472,9.0055552,,1,1,1,1,1,1,0,0,0,0,0,0,0,0,0,0,0,0,1,1,1,1,1,1,0,0,0,0,0,0,0,0,0,0,0,0,0,0,0,0,0,0,544.9,544.9,402.7,144.6,144.6,144.6,1.8,1.8,1.8,1.9386,1.9386,1.9386,2,2,2,2,2,2
15120,Salmuenster,50.274723,9.3716669,6701.0,0,0,1,1,1,1,0,0,0,0,0,0,0,0,0,0,0,0,1,1,1,1,1,1,0,0,0,0,0,0,0,0,0,0,0,0,0,0,0,0,0,0,530.9,530.9,360.1,107.1,67.9,67.9,0.3,0.3,1.8,2.0322,2.1301,2.1301,1,1,2,2,2,2
15121,Schlitz,50.675278,9.5583334,,0,0,0,0,0,0,0,0,0,0,0,0,0,0,0,0,0,0,1,1,1,1,1,1,0,0,0,0,0,0,0,0,0,0,0,0,0,0,0,0,0,0,556.3,556.3,350.9,108.9,102.2,102.2,0.3,0.3,0.3,0.5277,0.5444,0.5444,1,1,1,1,1,1
15122,Schluechtern,50.346943,9.5241671,6891.0,0,0,0,0,0,0,0,0,0,0,0,0,0,0,0,0,0,0,1,1,1,1,1,1,0,0,0,0,0,0,0,0,0,0,0,0,0,0,0,0,0,0,543.4,543.4,349.6,119.3,69.0,69.0,0.3,0.3,0.3,0.5017,0.6276,0.6276,1,1,1,1,1,1
15123,Schotten,50.502224,9.1241665,,0,0,0,1,1,1,0,0,0,0,0,0,0,0,0,0,0,0,1,1,1,1,1,1,0,0,0,0,0,0,0,0,0,0,0,0,0,0,0,0,0,0,521.1,521.1,379.0,124.9,98.7,82.4,0.3,0.3,0.3,1.9877,2.0533,2.0941,1,1,1,2,2,2
15124,Bad Schwalbach,50.139999,8.0697222,,0,0,0,0,0,0,0,0,0,0,0,0,0,0,0,0,0,0,0,0,0,1,1,1,0,0,0,0,0,0,0,0,0,0,0,0,0,0,0,0,0,0,437.6,437.6,437.6,93.2,93.2,21.2,0.0,0.0,0.0,0.567,0.567,0.7471,0,0,0,1,1,1
15125,Schwarzenborn,50.909721,9.4455557,,0,1,1,1,1,1,0,0,0,0,0,0,0,0,0,0,0,0,1,1,1,1,1,1,0,0,0,0,0,0,0,0,0,0,0,0,0,0,0,0,0,0,557.8,557.8,363.5,111.5,111.5,111.5,0.3,1.8,1.8,2.0213,2.0213,2.0213,1,2,2,2,2,2
15126,Schweinsberg,50.768333,8.9608335,,0,0,1,1,1,1,0,0,0,0,0,0,0,0,0,0,0,0,1,1,1,1,1,1,0,0,0,0,0,0,0,0,0,0,0,0,0,0,0,0,0,0,520.4,520.4,394.0,141.7,129.5,98.4,0.3,0.3,1.8,1.9458,1.9762,2.0541,1,1,2,2,2,2
15127,Seligenstadt,50.044167,8.9724998,7071.0,1,1,1,1,1,1,0,0,0,0,0,0,0,0,0,0,0,0,1,1,1,1,1,1,0,0,0,1,1,1,0,0,0,0,0,0,0,0,0,0,0,0,497.1,497.1,388.9,72.9,72.9,50.3,1.8,1.8,1.8,3.1177,3.1177,3.1742,2,2,2,3,3,3
15128,Bad Soden/Salmuenster,50.293056,9.3661108,,0,1,1,1,1,1,0,0,0,0,0,0,0,0,0,0,0,0,1,1,1,1,1,1,0,0,0,0,0,0,0,0,0,0,0,0,0,0,0,0,0,0,531.0,531.0,360.5,108.8,69.8,69.8,0.3,1.8,1.8,2.028,2.1255,2.1255,1,2,2,2,2,2
15129,Bad Soden/Taunus,50.140556,8.499444,,0,0,0,0,0,0,0,0,0,0,0,0,0,0,0,0,0,0,1,1,1,1,1,1,0,0,0,0,0,0,0,0,0,0,0,0,0,0,0,0,0,0,467.0,467.0,422.2,82.5,82.5,22.5,0.3,0.3,0.3,0.5937,0.5937,0.7437,1,1,1,1,1,1
15130,Sontra,51.06889,9.9327774,7267.0,0,0,0,1,1,1,0,0,0,0,0,0,0,0,0,0,0,0,1,1,1,1,1,1,0,0,0,0,0,0,0,0,0,0,0,0,0,0,0,0,0,0,596.0,596.0,335.1,77.6,77.6,77.6,0.3,0.3,0.3,2.106,2.106,2.106,1,1,1,2,2,2
15131,Bad Sooden-Allendorf,51.279724,9.9663887,7268.0,1,1,1,1,1,1,0,0,0,0,0,0,0,0,0,0,0,0,1,1,1,1,1,1,0,0,0,0,1,1,0,0,0,0,0,0,0,0,0,0,0,0,607.1,607.1,340.6,81.6,81.6,81.6,1.8,1.8,1.8,2.096,3.096,3.096,2,2,2,2,3,3
15132,Spangenberg,51.116665,9.6583338,7286.0,0,0,1,1,1,1,0,0,0,0,0,0,0,0,0,0,0,0,1,1,1,1,1,1,0,0,0,1,1,1,0,0,0,0,0,0,0,0,0,0,0,0,580.3,580.3,355.0,97.3,97.3,97.3,0.3,0.3,1.8,3.0568,3.0568,3.0568,1,1,2,3,3,3
15133,Sprendlingen,50.018055,8.6952782,,0,0,0,0,0,0,0,0,0,0,0,0,0,0,0,0,0,0,1,1,1,1,1,1,0,0,0,0,0,0,0,0,0,0,0,0,0,0,0,0,0,0,477.2,477.2,408.8,67.5,67.5,30.3,0.3,0.3,0.3,0.6312,0.6312,0.7242,1,1,1,1,1,1
15134,Steinau,50.312778,9.46,7374.0,0,1,1,1,1,1,0,0,0,0,0,0,0,0,0,0,1,1,1,1,1,1,1,1,0,0,0,0,0,0,0,0,0,0,0,0,0,0,0,0,0,0,538.0,538.0,354.0,113.8,67.8,67.8,0.3,1.8,1.8,2.0155,2.8304,2.8304,1,2,2,2,2,2
15135,Steinheim (Hessen),50.106388,8.9136114,7396.0,0,0,1,1,1,1,0,0,0,0,0,0,0,0,0,0,0,0,1,1,1,1,1,1,0,0,0,1,1,1,0,0,0,0,0,0,0,0,0,0,0,0,494.6,494.6,392.8,78.7,78.7,47.3,0.3,0.3,1.8,3.1032,3.1032,3.1817,1,1,2,3,3,3
15136,Tann,50.643612,10.023334,,1,1,1,1,1,1,0,0,0,0,0,0,0,0,0,0,0,0,1,1,1,1,1,1,0,0,0,0,0,0,0,0,0,0,0,0,0,0,0,0,0,0,586.4,586.4,318.0,80.1,80.1,80.1,1.8,1.8,1.8,2.0997,2.0997,2.0997,2,2,2,2,2,2
15137,Trendelburg,51.575279,9.4302778,,0,0,1,1,1,1,0,0,0,0,0,0,0,0,0,0,0,0,1,1,1,1,1,1,0,0,0,0,0,0,0,0,0,0,0,0,0,0,0,0,0,0,588.0,588.0,387.5,129.7,129.7,129.7,0.3,0.3,1.8,1.9757,1.9757,1.9757,1,1,2,2,2,2
15138,Treysa,50.911945,9.1883335,7809.0,1,1,1,1,1,1,0,0,0,0,0,0,0,0,0,0,0,0,1,1,1,1,1,1,0,0,0,0,0,0,0,0,0,0,0,0,0,0,0,0,0,0,541.2,541.2,381.2,129.4,129.4,120.3,1.8,1.8,1.8,1.9764,1.9764,1.9992,2,2,2,2,2,2
15139,Ulrichstein,50.576389,9.1922226,17016.0,0,0,1,1,1,1,0,0,0,0,0,0,0,0,0,0,0,0,0,1,1,1,1,1,0,0,0,0,0,0,0,0,0,0,0,0,0,0,0,0,0,0,528.3,528.3,375.0,134.1,102.8,91.5,0.0,0.3,1.8,1.9647,2.0431,2.0712,0,1,2,2,2,2
15140,Usingen,50.333611,8.5369444,7938.0,0,0,1,1,1,1,0,0,0,0,0,0,0,0,0,0,0,0,1,1,1,1,1,1,0,0,0,0,0,0,0,0,0,0,0,0,0,0,0,0,0,0,475.8,475.8,419.5,103.3,103.3,41.6,0.3,0.3,1.8,2.0416,2.0416,2.1961,1,1,2,2,2,2
15141,Viernheim,49.536945,8.5819445,,0,0,0,0,0,0,0,0,0,0,0,0,0,0,0,0,0,0,1,1,1,1,1,1,0,0,0,0,0,0,0,0,0,0,0,0,0,0,0,0,0,0,459.6,459.6,423.3,16.8,16.8,16.8,0.3,0.3,0.3,0.758,0.758,0.758,1,1,1,1,1,1
15142,Bad Vilbel,50.177502,8.7352781,,0,0,0,0,0,0,0,0,0,0,0,0,0,0,0,0,0,0,1,1,1,1,1,1,0,0,0,0,0,0,0,0,0,0,0,0,0,0,0,0,0,0,484.3,484.3,405.3,85.3,85.3,38.5,0.3,0.3,0.3,0.5868,0.5868,0.7038,1,1,1,1,1,1
15143,Volkmarsen,51.411945,9.1199999,8062.0,1,1,1,1,1,1,0,0,0,0,0,0,0,0,0,0,0,0,1,1,1,1,1,1,0,1,1,1,1,1,0,0,0,0,0,0,0,0,0,0,0,0,560.5,560.5,400.9,141.7,141.7,141.7,1.8,2.8,2.8,2.9457,2.9457,2.9457,2,3,3,3,3,3
15144,Waechtersbach,50.2575,9.292222,,0,0,0,0,1,1,0,0,0,0,0,0,0,0,0,0,0,0,1,1,1,1,1,1,0,0,0,1,1,1,0,0,0,0,0,0,0,0,0,0,0,0,524.9,524.9,365.7,103.0,70.1,70.1,0.3,0.3,0.3,1.5425,3.1247,3.1247,1,1,1,2,3,3
15145,Waldeck,51.20639,9.0616665,,1,1,1,1,1,1,0,0,0,0,0,0,0,0,0,0,0,0,1,1,1,1,1,1,0,0,0,0,0,0,0,0,0,0,0,0,0,0,0,0,0,0,546.5,546.5,397.8,140.0,140.0,140.0,1.8,1.8,1.8,1.9501,1.9501,1.9501,2,2,2,2,2,2
15146,Waldkappel,51.143612,9.873333,,0,0,0,0,1,1,0,0,0,0,0,0,0,0,0,0,0,0,1,1,1,1,1,1,0,0,0,0,0,0,0,0,0,0,0,0,0,0,0,0,0,0,595.3,595.3,341.6,83.1,83.1,83.1,0.3,0.3,0.3,0.5923,2.0923,2.0923,1,1,1,1,2,2
15147,Wanfried,51.183056,10.17,8176.0,0,0,0,0,0,0,0,0,0,0,0,0,0,0,0,0,0,0,1,1,1,1,1,1,0,0,0,0,0,0,0,0,0,0,0,0,0,0,0,0,0,0,616.1,616.1,323.6,64.4,64.4,64.4,0.3,0.3,0.3,0.639,0.639,0.639,1,1,1,1,1,1
15148,Weilburg,50.484165,8.2636108,16985.0,0,1,1,1,1,1,0,0,0,0,0,1,0,0,0,0,0,0,1,1,1,1,1,1,0,0,0,0,0,0,0,0,0,0,0,0,0,0,0,0,0,0,463.1,463.1,439.6,104.7,104.7,53.8,0.3,1.8,1.8,2.0382,2.0382,1.1656,1,2,2,2,2,1
15149,Wetter,50.903057,8.7238894,8374.0,1,1,1,1,1,1,0,0,0,0,0,0,0,0,0,0,0,0,1,1,1,1,1,1,0,0,0,0,0,0,0,0,0,0,0,0,0,0,0,0,0,0,510.8,510.8,413.0,123.7,123.7,105.3,1.8,1.8,1.8,1.9908,1.9908,2.0367,2,2,2,2,2,2
15150,Wetzlar,50.554165,8.5008335,8379.0,1,1,1,1,1,1,0,0,0,0,0,0,0,0,0,0,0,0,1,1,1,1,1,1,0,0,1,1,1,1,0,0,0,0,0,0,2,2,2,2,2,2,481.5,481.5,423.4,116.5,116.5,63.7,5.8,5.8,6.8,7.0088,7.0088,7.1408,3,3,3,3,3,3
15151,Wiesbaden,50.081665,8.2388887,8428.0,0,0,0,0,0,0,0,0,0,0,0,0,0,0,0,0,0,0,1,1,1,1,1,1,0,0,0,0,0,0,0,0,0,0,0,0,0,0,0,0,0,0,447.4,447.4,441.0,81.9,81.9,9.3,0.3,0.3,0.3,0.5952,0.5952,0.7767,1,1,1,1,1,1
15152,Wiesbaden-Biebrich,50.047501,8.2408333,,0,0,0,0,0,0,0,0,0,0,0,0,0,0,0,0,0,0,1,1,1,1,1,1,0,0,0,0,0,0,0,0,0,0,0,0,0,0,0,0,0,0,446.5,446.5,441.0,78.4,78.4,5.6,0.3,0.3,0.3,0.604,0.604,0.7859,1,1,1,1,1,1
15153,Bad Wildungen,51.119446,9.1252775,,0,1,1,1,1,1,0,0,0,0,0,0,0,0,0,0,0,0,1,1,1,1,1,1,0,0,0,0,1,1,0,0,0,0,0,0,0,0,0,0,0,0,546.4,546.4,390.9,134.3,134.3,134.3,0.3,1.8,1.8,1.9644,2.9644,2.9644,1,2,2,2,3,3
15154,Bad Wildungen-Alt Wildungen,51.126945,9.1274996,,0,0,0,0,0,0,0,0,0,0,0,0,0,0,0,0,0,0,0,0,1,1,1,1,0,0,0,0,0,0,0,0,0,0,0,0,0,0,0,0,0,0,546.9,546.9,390.9,134.2,134.2,134.2,0.0,0.0,0.3,0.4645,0.4645,0.4645,0,0,1,1,1,1
15155,Windecken,50.220833,8.8758335,,0,1,1,1,1,1,0,0,0,0,0,0,0,0,0,0,0,0,1,1,1,1,1,1,0,0,0,0,0,0,0,0,0,0,0,0,0,0,0,0,0,0,495.3,495.3,395.3,90.8,90.6,49.6,0.3,1.8,1.8,2.0729,2.0735,2.1761,1,2,2,2,2,2
15156,Witzenhausen,51.341389,9.8586111,8528.0,0,1,1,1,1,1,0,0,0,0,0,0,0,0,0,0,0,0,1,1,1,1,1,1,0,0,0,0,0,1,0,0,0,0,0,0,0,0,0,0,0,0,603.1,603.1,350.1,91.3,91.3,91.3,0.3,1.8,1.8,2.0718,2.0718,3.0718,1,2,2,2,2,3
15157,Wolfhagen,51.325832,9.1694441,8583.0,1,1,1,1,1,1,0,0,0,0,0,0,0,0,0,0,0,0,1,1,1,1,1,1,0,0,0,1,1,1,0,0,0,0,0,0,0,0,0,0,0,0,559.1,559.1,394.5,135.6,135.6,135.6,1.8,1.8,1.8,2.9611,2.9611,2.9611,2,2,2,3,3,3
15158,Ziegenhain,50.910557,9.2347221,8783.0,1,1,1,1,1,1,0,0,0,0,0,0,0,0,0,0,0,0,1,1,1,1,1,1,0,0,0,0,0,0,0,0,0,0,0,0,0,0,0,0,0,0,544.1,544.1,378.0,126.2,126.2,122.0,1.8,1.8,1.8,1.9845,1.9845,1.995,2,2,2,2,2,2
15159,Zierenberg,51.3675,9.3000002,,0,1,1,1,1,1,0,0,0,0,0,0,0,0,0,0,0,0,0,0,0,0,0,0,0,0,0,0,1,1,0,0,0,0,0,0,0,0,0,0,0,0,569.3,569.3,387.5,128.3,128.3,128.3,0.0,1.5,1.5,1.6792,2.6792,2.6792,0,2,2,2,3,3
15160,Zueschen,51.171665,9.228611,8849.0,0,0,1,1,1,1,0,0,0,0,0,0,0,0,0,0,0,0,0,0,0,0,0,0,0,0,0,0,0,0,0,0,0,0,0,0,0,0,0,0,0,0,555.4,555.4,385.5,127.9,127.9,127.9,0.0,0.0,1.5,1.6804,1.6804,1.6804,0,0,2,2,2,2
15161,Zwingenberg,49.725834,8.6122227,,0,1,1,1,1,1,0,0,0,0,0,0,0,0,0,0,0,0,0,0,0,0,0,0,0,0,0,0,0,0,0,0,0,0,0,0,0,0,0,0,0,0,464.8,464.8,417.8,35.7,35.7,35.7,0.0,1.5,1.5,1.9107,1.9107,1.9107,0,2,2,2,2,2
16001,Aalen,48.834999,10.092222,,0,0,0,1,1,1,0,0,0,0,0,0,0,0,0,0,0,0,1,1,1,1,1,1,0,1,1,1,1,1,0,0,0,0,0,0,0,0,0,2,2,2,404.4,404.4,342.4,119.2,106.8,83.6,0.3,1.3,1.3,7.0019,7.033,7.0911,1,2,2,3,3,3
16002,Asperg,48.905834,9.1352777,,0,0,0,0,0,0,0,0,0,0,0,0,0,0,0,0,0,0,1,1,1,1,1,1,0,0,0,0,0,0,0,0,0,0,0,0,0,0,0,0,0,0,440.8,440.8,403.6,64.1,64.1,43.1,0.3,0.3,0.3,0.6397,0.6397,0.6922,1,1,1,1,1,1
16003,Backnang,48.946667,9.4244442,,1,1,1,1,1,1,0,0,0,0,0,0,0,0,0,0,0,0,1,1,1,1,1,1,0,0,0,0,0,1,0,0,0,0,0,0,0,0,0,0,0,0,435.0,435.0,382.3,73.2,73.2,54.4,1.8,1.8,1.8,2.1169,2.1169,3.164,2,2,2,2,2,3
16004,Bartenstein (Schrozberg),49.355835,9.8888893,,0,0,0,0,0,0,0,0,0,0,0,0,0,0,0,0,0,0,1,1,1,1,1,1,0,0,0,0,0,0,0,0,0,0,0,0,0,0,0,0,0,0,463.9,463.9,335.8,85.6,48.6,48.6,0.3,0.3,0.3,0.5861,0.6784,0.6784,1,1,1,1,1,1
16005,Beilstein,49.040833,9.313611,,0,0,1,1,1,1,0,0,0,0,0,0,0,0,0,0,0,0,1,1,1,1,1,1,0,0,0,0,0,0,0,0,0,0,0,0,0,0,0,0,0,0,448.0,448.0,386.2,60.1,60.1,60.1,0.3,0.3,1.8,2.1497,2.1497,2.1497,1,1,2,2,2,2
16006,Besigheim,49.0,9.1405554,,0,1,1,1,1,1,0,0,0,0,0,0,0,0,0,0,0,0,1,1,1,1,1,1,0,0,0,0,0,1,0,0,0,0,0,0,0,0,0,0,0,0,449.8,449.8,399.6,55.4,55.4,53.5,0.3,1.8,1.8,2.1616,2.1616,3.1661,1,2,2,2,2,3
16007,Bietigheim,48.959999,9.126111,,0,0,0,1,1,1,0,0,0,0,0,0,0,0,0,0,0,0,1,1,1,1,1,1,0,0,0,0,0,0,0,0,0,0,0,0,0,0,0,0,0,0,446.4,446.4,402.1,58.6,58.6,49.0,0.3,0.3,0.3,2.1536,2.1536,2.1775,1,1,1,2,2,2
16008,Blaubeuren,48.412498,9.7836113,,0,1,1,1,1,1,0,0,0,0,0,0,0,0,0,0,0,0,1,1,1,1,1,1,0,0,0,0,1,1,0,0,0,0,0,0,0,0,0,0,0,0,370.1,370.1,370.1,135.9,135.9,54.9,0.3,1.8,1.8,1.9601,2.9601,3.1628,1,2,2,2,3,3
16009,Boeblingen,48.685276,9.0094442,,0,1,1,1,1,1,0,0,0,0,0,0,0,0,0,0,0,0,1,1,1,1,1,1,0,0,0,0,0,0,0,0,0,0,0,0,0,0,0,0,0,0,424.3,424.3,421.5,83.6,83.6,18.5,0.3,1.8,1.8,2.091,2.091,2.2536,1,2,2,2,2,2
16010,Boennigheim,49.040833,9.0961113,,0,0,0,0,0,0,0,0,0,0,0,0,0,0,0,0,0,0,1,1,1,1,1,1,0,0,0,0,0,0,0,0,0,0,0,0,0,0,0,0,0,0,455.3,455.3,401.2,49.8,49.8,49.8,0.3,0.3,0.3,0.6755,0.6755,0.6755,1,1,1,1,1,1
16011,Bopfingen,48.857777,10.351389,,1,1,1,1,1,1,0,0,0,0,0,0,0,0,0,0,0,0,1,1,1,1,1,1,0,0,0,0,0,0,0,0,0,0,0,0,2,2,2,2,2,2,400.7,400.7,324.3,134.3,107.7,79.3,5.8,5.8,5.8,5.9642,6.0307,6.1017,3,3,3,3,3,3
16012,Brackenheim,49.078335,9.0669441,,0,1,1,1,1,1,0,0,0,0,0,0,0,0,0,0,0,0,1,1,1,1,1,1,0,0,0,0,0,0,0,0,0,0,0,0,0,0,0,0,0,0,460.0,460.0,401.9,45.2,45.2,45.2,0.3,1.8,1.8,2.1871,2.1871,2.1871,1,2,2,2,2,2
16013,Crailsheim,49.135555,10.071111,,0,0,1,1,1,1,0,0,0,0,0,0,0,0,0,0,0,0,1,1,1,1,1,1,0,0,0,0,0,0,0,0,0,0,0,0,0,0,0,0,0,0,436.4,436.4,330.8,103.4,73.4,73.4,0.3,0.3,1.8,2.0415,2.1165,2.1165,1,1,2,2,2,2
16014,Creglingen,49.470276,10.0325,,0,0,1,1,1,1,0,0,0,0,0,0,0,0,0,0,0,0,1,1,1,1,1,1,0,0,0,0,0,0,0,0,0,0,0,0,0,0,0,0,0,0,472.6,472.6,322.5,95.8,36.1,36.1,0.3,0.3,1.8,2.0604,2.2096,2.2096,1,1,2,2,2,2
16015,Eislingen/Fils,48.700832,9.7075005,,0,0,0,0,0,0,0,0,0,0,0,0,0,0,0,0,0,0,1,1,1,1,1,1,0,0,0,0,0,0,0,0,0,0,0,0,0,0,0,0,0,0,401.4,401.4,374.3,107.3,107.3,51.8,0.3,0.3,0.3,0.5317,0.5317,0.6706,1,1,1,1,1,1
16016,Ellwangen/Jagst,48.962776,10.131945,,1,1,1,1,1,1,0,0,0,0,0,0,0,0,0,0,0,0,1,1,1,1,1,1,0,0,0,0,1,1,0,0,0,0,0,0,0,0,0,0,0,0,416.8,416.8,333.8,114.7,93.0,92.8,1.8,1.8,1.8,2.0132,3.0674,3.068,2,2,2,2,3,3
16017,Esslingen/Neckar,48.741112,9.3094444,,1,1,1,1,1,1,0,0,0,0,0,0,0,0,0,0,0,0,1,1,1,1,1,1,0,0,0,1,1,1,0,0,0,0,0,0,3,3,3,3,3,3,418.6,418.6,398.9,86.3,86.3,30.6,7.8,7.8,7.8,9.0842,9.0842,9.2234,3,3,3,3,3,3
16018,Fellbach,48.806667,9.2783337,,0,0,0,0,0,0,0,0,0,0,0,0,0,0,0,0,0,0,1,1,1,1,1,1,0,0,0,0,0,0,0,0,0,0,0,0,0,0,0,0,0,0,426.1,426.1,398.1,78.9,78.9,35.6,0.3,0.3,0.3,0.6027,0.6027,0.711,1,1,1,1,1,1
16019,Forchtenberg,49.287224,9.5622225,,0,1,1,1,1,1,0,0,0,0,0,0,0,0,0,0,0,0,1,1,1,1,1,1,0,0,0,0,0,0,0,0,0,0,0,0,0,0,0,0,0,0,465.3,465.3,360.6,63.2,62.8,62.8,0.3,1.8,1.8,2.1419,2.1431,2.1431,1,2,2,2,2,2
16020,Bad Friedrichshall,49.220554,9.228056,,0,0,0,0,0,0,0,0,0,0,0,0,0,0,0,0,0,0,1,1,1,1,1,1,0,0,0,0,0,0,0,0,0,0,0,0,0,0,0,0,0,0,468.7,468.7,386.0,43.1,43.1,43.1,0.3,0.3,0.3,0.6922,0.6922,0.6922,1,1,1,1,1,1
16021,Gaildorf,49.000278,9.769722,,0,0,0,0,1,1,0,0,0,0,0,0,0,0,0,0,0,0,0,1,1,1,1,1,0,0,0,0,0,0,0,0,0,0,0,0,0,0,0,0,0,0,430.1,430.1,356.7,89.5,89.0,74.5,0.0,0.3,0.3,0.5762,2.0776,2.1136,0,1,1,1,2,2
16022,Geislingen/Steige,48.624722,9.8269444,,0,0,0,1,1,1,0,0,0,0,0,0,0,0,0,1,1,1,1,1,1,1,1,1,0,0,0,0,0,1,0,0,0,0,0,0,0,0,0,0,0,0,390.1,390.1,370.3,119.5,119.5,57.8,0.3,0.3,0.3,2.7013,2.7013,3.8556,1,1,1,2,2,3
16023,Gerabronn,49.251667,9.9224997,,0,0,0,1,1,1,0,0,0,0,0,0,0,0,0,0,0,0,1,1,1,1,1,1,0,0,0,0,0,0,0,0,0,0,0,0,0,0,0,0,0,0,452.2,452.2,336.8,89.6,60.0,60.0,0.3,0.3,0.3,2.0759,2.1499,2.1499,1,1,1,2,2,2
16024,Gerlingen,48.800556,9.061944,,0,0,0,0,0,0,0,0,0,0,0,0,0,0,0,0,0,0,1,1,1,1,1,1,0,0,0,0,0,0,0,0,0,0,0,0,0,0,0,0,0,0,433.3,433.3,412.9,72.5,72.5,31.0,0.3,0.3,0.3,0.6186,0.6186,0.7224,1,1,1,1,1,1
16025,Giengen/Brenz,48.620556,10.244722,,0,1,1,1,1,1,0,0,0,0,0,0,0,0,0,1,1,1,1,1,1,1,1,1,0,0,0,0,0,0,0,0,0,0,0,0,0,0,2,2,2,2,378.2,378.2,343.6,142.3,131.9,88.0,0.3,1.8,5.8,6.6443,6.6703,6.7799,1,2,3,3,3,3
16026,Goeppingen,48.703056,9.6538887,,0,0,0,0,0,0,0,0,0,0,0,0,0,0,0,0,0,0,1,1,1,1,1,1,0,0,0,0,1,1,0,0,0,0,0,0,0,0,0,0,0,0,403.3,403.3,377.7,104.5,104.5,48.3,0.3,0.3,0.3,0.5387,1.5387,1.6794,1,1,1,1,2,2
16027,Groetzingen,48.627499,9.2633333,,0,0,1,1,1,1,0,0,0,0,0,0,0,0,0,0,0,0,1,1,1,1,1,1,0,0,0,0,0,0,0,0,0,0,0,0,0,0,0,0,0,0,409.2,409.2,407.2,96.0,96.0,19.2,0.3,0.3,1.8,2.06,2.06,2.2521,1,1,2,2,2,2
16028,Grossbottwar,48.999443,9.292222,,1,1,1,1,1,1,0,0,0,0,0,0,0,0,0,0,0,1,1,1,1,1,1,1,0,0,0,0,0,0,0,0,0,0,0,0,0,0,0,0,0,0,444.6,444.6,389.3,62.3,62.3,55.8,1.8,1.8,1.8,2.1442,2.1442,2.8604,2,2,2,2,2,2
16029,Grosssachsenheim,48.959446,9.0633335,,0,0,0,0,0,1,0,0,0,0,0,0,0,0,0,0,0,0,1,1,1,1,1,1,0,0,0,0,0,0,0,0,0,0,0,0,0,0,0,0,0,0,448.6,448.6,406.5,56.4,56.4,48.7,0.3,0.3,0.3,0.659,0.659,2.1783,1,1,1,1,1,2
16030,Gueglingen,49.066666,8.998333,,0,1,1,1,1,1,0,0,0,0,0,0,0,0,0,0,0,0,1,1,1,1,1,1,0,0,0,0,0,0,0,0,0,0,0,0,0,0,0,0,0,0,461.3,461.3,407.0,43.6,43.6,43.6,0.3,1.8,1.8,2.1909,2.1909,2.1909,1,2,2,2,2,2
16031,Gundelsheim,49.28389,9.1605558,,0,0,0,1,1,1,0,0,0,0,0,0,0,0,0,0,0,0,1,1,1,1,1,1,0,0,0,0,0,0,0,0,0,0,0,0,0,0,0,0,0,0,477.2,477.2,388.8,35.6,35.6,35.6,0.3,0.3,0.3,2.2111,2.2111,2.2111,1,1,1,2,2,2
16032,Heidenheim,48.677502,10.154445,,0,0,1,1,1,1,0,0,0,0,0,0,0,0,0,0,0,0,1,1,1,1,1,1,0,0,0,0,0,0,0,0,0,0,0,0,0,0,0,0,0,0,386.4,386.4,346.3,133.2,124.7,82.5,0.3,0.3,1.8,1.9671,1.9882,2.0938,1,1,2,2,2,2
16033,Heilbronn,49.140278,9.2177782,,0,1,1,1,1,1,0,0,0,0,0,0,0,0,0,0,0,0,1,1,1,1,1,1,0,1,1,1,1,1,0,0,0,0,0,0,0,2,2,2,2,2,461.0,461.0,389.3,47.6,47.6,47.6,0.3,6.8,6.8,7.1811,7.1811,7.1811,1,3,3,3,3,3
16034,Heimsheim,48.805557,8.8636112,,0,0,0,0,0,1,0,0,0,0,0,0,0,0,0,0,0,0,1,1,1,1,1,1,0,0,0,0,0,0,0,0,0,0,0,0,0,0,0,0,0,0,441.3,441.3,426.2,68.2,68.2,34.6,0.3,0.3,0.3,0.6294,0.6294,2.2134,1,1,1,1,1,2
16035,Herrenberg,48.595554,8.8672218,,0,0,0,0,0,0,0,0,0,0,0,0,0,0,0,0,0,0,1,1,1,1,1,1,0,0,0,0,0,0,0,0,0,0,0,0,0,0,0,0,0,0,421.6,421.6,421.6,91.4,91.4,16.2,0.3,0.3,0.3,0.5715,0.5715,0.7594,1,1,1,1,1,1
16036,Heubach,48.788612,9.9344444,,0,0,0,0,0,0,0,0,0,0,0,0,0,0,0,0,0,0,0,1,1,1,1,1,0,0,0,0,0,0,0,0,0,0,0,0,0,0,0,0,0,0,403.7,403.7,355.1,112.8,111.5,70.9,0.0,0.3,0.3,0.5179,0.5212,0.6227,0,1,1,1,1,1
16037,Ilshofen,49.169724,9.9208336,,0,0,1,1,1,1,0,0,0,0,0,0,0,0,0,0,0,0,1,1,1,1,1,1,0,0,0,0,0,0,0,0,0,0,0,0,0,0,0,0,0,0,443.6,443.6,339.8,91.8,69.2,69.2,0.3,0.3,1.8,2.0705,2.1271,2.1271,1,1,2,2,2,2
16038,Ingelfingen,49.300835,9.6505556,,0,0,1,1,1,1,0,0,0,0,0,0,0,0,0,0,0,0,1,1,1,1,1,1,0,0,0,0,0,0,0,0,0,0,0,0,0,0,0,0,0,0,464.3,464.3,354.1,69.2,58.8,58.8,0.3,0.3,1.8,2.127,2.1531,2.1531,1,1,2,2,2,2
16039,Kirchberg/Jagst,49.202221,9.9811115,,0,0,0,0,0,0,0,0,0,0,0,0,0,0,0,0,0,0,1,1,1,1,1,1,0,0,0,0,0,0,0,0,0,0,0,0,0,0,0,0,0,0,445.6,445.6,334.5,95.0,65.5,65.5,0.3,0.3,0.3,0.5624,0.6362,0.6362,1,1,1,1,1,1
16040,Kirchheim unter Teck,48.645832,9.4536114,,0,1,1,1,1,1,0,0,0,0,0,0,0,0,0,0,0,0,1,1,1,1,1,1,0,0,0,0,0,0,0,0,0,0,0,0,0,0,0,0,0,0,404.3,404.3,393.7,100.9,100.9,32.2,0.3,1.8,1.8,2.0478,2.0478,2.2194,1,2,2,2,2,2
16041,Kleingartach,49.100277,8.9736109,,0,0,0,0,0,0,0,0,0,0,0,0,0,0,0,0,0,0,1,1,1,1,1,1,0,0,0,0,0,0,0,0,0,0,0,0,0,0,0,0,0,0,465.4,465.4,407.6,39.5,39.5,39.5,0.3,0.3,0.3,0.7013,0.7013,0.7013,1,1,1,1,1,1
16042,Knittlingen,49.024445,8.7605553,,0,1,1,1,1,1,0,0,0,0,0,0,0,0,0,0,0,0,1,1,1,1,1,1,0,0,0,0,0,0,0,0,0,0,0,0,0,0,0,0,0,0,466.0,466.0,425.0,43.1,43.1,43.1,0.3,1.8,1.8,2.1922,2.1922,2.1922,1,2,2,2,2,2
16043,Korntal,48.825832,9.1236115,,0,0,0,0,0,0,0,0,0,0,0,0,0,0,0,0,0,0,0,1,1,1,1,1,0,0,0,0,0,0,0,0,0,0,0,0,0,0,0,0,0,0,433.5,433.5,407.7,71.7,71.7,34.2,0.0,0.3,0.3,0.6208,0.6208,0.7146,0,1,1,1,1,1
16044,Kornwestheim,48.865276,9.185833,,0,0,0,0,0,0,0,0,0,0,0,0,0,0,0,0,0,0,1,1,1,1,1,1,0,0,0,0,0,0,0,0,0,0,0,0,0,0,0,0,0,0,435.1,435.1,401.8,69.9,69.9,39.4,0.3,0.3,0.3,0.6254,0.6254,0.7016,1,1,1,1,1,1
16045,Kuenzelsau,49.279167,9.6916666,,0,0,0,0,0,0,0,0,0,0,0,0,0,0,0,0,0,0,1,1,1,1,1,1,0,0,0,0,0,1,0,0,0,0,0,0,0,0,0,0,0,0,460.9,460.9,351.9,72.6,60.0,60.0,0.3,0.3,0.3,0.6185,0.65,1.65,1,1,1,1,1,2
16046,Langenau,48.499443,10.120833,,0,0,0,1,1,1,0,0,0,1,1,1,0,0,0,0,0,0,1,1,1,1,1,1,0,0,0,0,0,1,0,0,0,0,0,0,0,0,0,0,0,0,368.8,368.8,358.3,144.5,144.2,78.4,0.3,0.3,0.3,0.9387,0.9396,2.1041,1,1,1,1,1,2
16047,Langenburg,49.253613,9.8497219,,0,0,0,0,0,0,0,0,0,0,0,0,0,0,0,0,0,0,1,1,1,1,1,1,0,0,0,0,0,0,0,0,0,0,0,0,0,0,0,0,0,0,454.2,454.2,341.7,84.4,60.3,60.3,0.3,0.3,0.3,0.589,0.6494,0.6494,1,1,1,1,1,1
16048,Lauchheim,48.871666,10.245,,0,0,0,0,1,1,0,0,0,0,0,0,0,0,0,0,0,0,1,1,1,1,1,1,0,0,0,0,1,1,0,0,0,0,0,0,0,0,0,0,0,0,404.5,404.5,330.6,126.7,104.4,87.2,0.3,0.3,0.3,0.4832,3.039,3.0819,1,1,1,1,3,3
16049,Lauffen/Neckar,49.076111,9.1502781,,1,1,1,1,1,1,0,0,0,0,0,0,0,0,0,0,0,0,1,1,1,1,1,1,0,0,0,0,0,1,0,0,0,0,0,0,0,0,0,0,0,0,456.9,456.9,396.2,49.1,49.1,49.1,1.8,1.8,1.8,2.1773,2.1773,3.1773,2,2,2,2,2,3
16050,Leonberg,48.800278,9.0166664,,0,0,0,0,0,0,0,0,0,0,0,0,0,0,0,0,0,0,1,1,1,1,1,1,0,0,0,0,0,1,0,0,0,0,0,0,0,0,0,0,0,0,435.0,435.0,416.0,71.5,71.5,31.1,0.3,0.3,0.3,0.6213,0.6213,1.7222,1,1,1,1,1,2
16051,Loewenstein (Nordwuerttemberg),49.095833,9.3811111,,0,1,1,1,1,1,0,0,0,0,0,0,0,0,0,0,0,0,1,1,1,1,1,1,0,0,0,0,0,0,0,0,0,0,0,0,0,0,0,0,0,0,451.3,451.3,379.6,60.0,60.0,60.0,0.3,1.8,1.8,2.15,2.15,2.15,1,2,2,2,2,2
16052,Lorch (Wuerttemberg),48.796944,9.689167,,0,0,0,0,0,0,0,0,0,0,0,0,0,0,0,0,0,0,1,1,1,1,1,1,0,0,0,0,0,0,0,0,0,0,0,0,0,0,0,0,0,0,411.7,411.7,370.9,98.7,98.7,55.6,0.3,0.3,0.3,0.5533,0.5533,0.661,1,1,1,1,1,1
16053,Ludwigsburg,48.889168,9.1941671,,0,0,0,0,0,0,0,0,0,0,0,0,0,0,0,0,0,0,1,1,1,1,1,1,0,0,0,0,0,0,0,0,0,0,0,0,0,0,0,0,0,0,437.1,437.1,400.3,67.9,67.9,42.1,0.3,0.3,0.3,0.6303,0.6303,0.6948,1,1,1,1,1,1
16054,Marbach/Neckar,48.939999,9.2569447,,0,0,0,0,1,1,0,0,0,0,0,0,0,0,0,0,0,0,1,1,1,1,1,1,0,0,0,0,0,1,0,0,0,0,0,0,0,0,0,0,0,0,439.9,439.9,394.0,65.7,65.7,48.8,0.3,0.3,0.3,0.6356,2.1356,3.1781,1,1,1,1,2,3
16055,Markgroeningen,48.904999,9.0808334,,0,0,0,0,0,0,0,0,0,0,0,0,0,0,0,0,0,0,1,1,1,1,1,1,0,0,0,0,1,1,0,0,0,0,0,0,0,0,0,0,0,0,442.7,442.7,407.4,62.4,62.4,42.7,0.3,0.3,0.3,0.644,1.644,1.6933,1,1,1,1,2,2
16056,Maulbronn,49.000278,8.8144445,,0,0,0,0,0,0,0,0,0,0,0,0,0,0,0,0,0,0,1,1,1,1,1,1,0,0,0,0,0,0,0,0,0,0,0,0,0,0,0,0,0,0,461.6,461.6,422.1,46.3,46.3,46.3,0.3,0.3,0.3,0.6843,0.6843,0.6843,1,1,1,1,1,1
16057,Bad Mergentheim,49.490833,9.773056,,0,0,1,1,1,1,0,0,0,0,0,0,0,0,0,0,0,0,1,1,1,1,1,1,0,0,0,0,0,0,0,0,0,0,0,0,0,0,0,0,0,0,480.8,480.8,340.2,77.4,35.8,35.8,0.3,0.3,1.8,2.1066,2.2104,2.2104,1,1,2,2,2,2
16058,Moeckmuehl,49.323055,9.3597221,,0,0,1,1,1,1,0,0,0,0,0,0,0,0,0,0,0,0,1,1,1,1,1,1,0,0,0,0,0,0,0,0,0,0,0,0,0,0,0,0,0,0,474.9,474.9,373.7,48.1,48.1,48.1,0.3,0.3,1.8,2.1799,2.1799,2.1799,1,1,2,2,2,2
16059,Muehlacker,48.945557,8.8416662,,0,0,0,0,0,0,0,0,0,0,0,0,0,0,0,0,0,0,1,1,1,1,1,1,0,0,0,0,0,0,0,0,0,0,0,0,0,0,0,0,0,0,455.4,455.4,422.2,52.6,52.6,49.7,0.3,0.3,0.3,0.6684,0.6684,0.6757,1,1,1,1,1,1
16060,Murrhardt,48.980835,9.5794449,,0,0,1,1,1,1,0,0,0,0,0,0,0,0,0,0,0,0,1,1,1,1,1,1,0,0,0,0,0,0,0,0,0,0,0,0,0,0,0,0,0,0,433.6,433.6,370.4,79.2,79.2,63.8,0.3,0.3,1.8,2.1019,2.1019,2.1405,1,1,2,2,2,2
16061,Neckarsulm,49.189999,9.2238894,,0,0,1,1,1,1,0,0,0,0,0,0,0,0,0,0,0,0,1,1,1,1,1,1,0,0,0,0,0,0,0,0,0,0,0,0,0,0,0,0,0,0,465.8,465.8,387.3,44.6,44.6,44.6,0.3,0.3,1.8,2.1884,2.1884,2.1884,1,1,2,2,2,2
16062,Neresheim,48.752499,10.336667,,0,0,1,1,1,1,0,0,0,0,0,0,0,0,0,0,0,0,1,1,1,1,1,1,0,0,0,0,0,0,0,0,0,0,0,0,0,0,0,0,0,0,389.9,389.9,330.6,139.3,118.8,79.8,0.3,0.3,1.8,1.9518,2.003,2.1004,1,1,2,2,2,2
16063,Neuenstadt/Kocher,49.236946,9.3308334,,0,0,1,1,1,1,0,0,0,0,0,0,0,0,0,0,0,0,1,1,1,1,1,1,0,0,0,0,0,0,0,0,0,0,0,0,0,0,0,0,0,0,467.1,467.1,378.3,49.0,49.0,49.0,0.3,0.3,1.8,2.1776,2.1776,2.1776,1,1,2,2,2,2
16064,Neuenstein,49.205276,9.5825005,,0,0,0,1,1,1,0,0,0,0,0,0,0,0,0,0,0,0,1,1,1,1,1,1,0,0,0,0,0,1,0,0,0,0,0,0,0,0,0,0,0,0,456.4,456.4,361.9,67.3,67.3,67.3,0.3,0.3,0.3,2.1319,2.1319,3.1319,1,1,1,2,2,3
16065,Neuffen,48.555557,9.3741665,,0,0,0,0,0,0,0,0,0,0,0,0,0,0,0,0,0,0,1,1,1,1,1,1,0,0,0,0,0,0,0,0,0,0,0,0,0,0,0,0,0,0,398.2,398.2,398.2,106.7,106.7,23.6,0.3,0.3,0.3,0.5331,0.5331,0.741,1,1,1,1,1,1
16066,Niedernhall,49.295555,9.6141663,,0,0,0,1,1,1,0,0,0,0,0,0,0,0,0,0,0,0,1,1,1,1,1,1,0,0,0,0,0,0,0,0,0,0,0,0,0,0,0,0,0,0,464.7,464.7,356.8,66.7,60.3,60.3,0.3,0.3,0.3,2.1332,2.1492,2.1492,1,1,1,2,2,2
16067,Niederstetten,49.401669,9.917222,,0,0,0,1,1,1,0,0,0,0,0,0,0,0,0,0,0,0,0,1,1,1,1,1,0,0,0,0,0,0,0,0,0,0,0,0,0,0,0,0,0,0,468.0,468.0,332.4,87.4,43.4,43.4,0.0,0.3,0.3,2.0816,2.1915,2.1915,0,1,1,2,2,2
16068,Niederstotzingen,48.536388,10.236667,,0,0,0,1,1,1,0,0,0,0,0,0,0,0,0,0,0,0,1,1,1,1,1,1,0,0,0,0,0,0,0,0,0,0,0,0,0,0,0,0,0,0,369.6,369.6,348.9,147.9,141.1,86.8,0.3,0.3,0.3,1.9303,1.9474,2.0829,1,1,1,2,2,2
16069,Nuertingen,48.625832,9.3427782,,0,0,0,1,1,1,0,0,0,0,0,0,0,0,0,0,0,0,1,1,1,1,1,1,0,0,0,0,0,0,0,0,0,0,0,0,0,0,0,0,0,0,406.2,406.2,402.0,98.7,98.7,24.0,0.3,0.3,0.3,2.0531,2.0531,2.2401,1,1,1,2,2,2
16070,Oberriexingen,48.926945,9.0294447,,0,0,0,1,1,1,0,0,0,0,0,0,0,0,0,0,0,0,1,1,1,1,1,1,0,0,0,0,0,1,0,0,0,0,0,0,0,0,0,0,0,0,446.6,446.6,410.0,58.6,58.6,45.1,0.3,0.3,0.3,2.1535,2.1535,3.1872,1,1,1,2,2,3
16071,Oehringen,49.201389,9.5055552,,0,1,1,1,1,1,0,0,0,0,0,0,0,0,0,0,0,0,1,1,1,1,1,1,0,0,0,0,0,0,0,0,0,0,0,0,0,0,0,0,0,0,458.2,458.2,367.3,62.2,62.2,62.2,0.3,1.8,1.8,2.1445,2.1445,2.1445,1,2,2,2,2,2
16072,Owen,48.586666,9.4513893,,1,1,1,1,1,1,0,0,0,0,0,0,0,0,0,0,0,0,1,1,1,1,1,1,0,0,0,0,0,0,0,0,0,0,0,0,0,0,0,0,0,0,398.5,398.5,396.8,106.4,106.4,29.9,1.8,1.8,1.8,2.034,2.034,2.2253,2,2,2,2,2,2
16073,Plochingen,48.713055,9.4169445,,0,0,0,0,0,0,0,0,0,0,0,0,0,0,0,0,0,0,1,1,1,1,1,1,0,0,0,0,0,0,0,0,0,0,0,0,0,0,0,0,0,0,412.1,412.1,393.0,93.1,93.1,33.9,0.3,0.3,0.3,0.5672,0.5672,0.7152,1,1,1,1,1,1
16074,Schorndorf,48.805279,9.5249996,,0,0,0,1,1,1,0,0,0,0,0,0,0,0,0,0,0,0,1,1,1,1,1,1,0,0,0,0,1,1,0,0,0,0,0,0,0,0,0,0,0,0,417.7,417.7,381.5,89.7,89.7,46.6,0.3,0.3,0.3,2.0756,3.0756,3.1835,1,1,1,2,3,3
16075,Schwaebisch Gmuend,48.801945,9.7961111,,0,0,0,0,0,0,0,0,0,0,0,0,0,0,0,0,0,0,1,1,1,1,1,1,0,0,0,0,0,0,0,0,0,0,0,0,2,2,2,2,2,2,409.0,409.0,363.6,104.1,104.1,62.6,4.3,4.3,4.3,4.5398,4.5398,4.6436,3,3,3,3,3,3
16076,Schwaebisch Hall,49.111389,9.7397223,,0,1,1,1,1,1,0,0,0,0,0,0,0,0,0,0,0,0,1,1,1,1,1,1,0,0,0,0,0,0,0,0,0,0,0,0,0,2,2,2,2,2,442.3,442.3,354.4,81.8,77.2,77.2,0.3,5.8,5.8,6.0955,6.1071,6.1071,1,3,3,3,3,3
16077,Schwaigern,49.141666,9.0569448,,0,0,0,1,1,1,0,0,0,0,0,0,0,0,0,0,0,0,1,1,1,1,1,1,0,0,0,1,1,1,0,0,0,0,0,0,0,0,0,0,0,0,466.5,466.5,400.4,39.1,39.1,39.1,0.3,0.3,0.3,3.2022,3.2022,3.2022,1,1,1,3,3,3
16078,Sindelfingen,48.709721,9.0019445,,0,1,1,1,1,1,0,0,0,0,0,0,0,0,0,0,0,0,1,1,1,1,1,1,0,0,0,0,0,1,0,0,0,0,0,0,0,0,0,0,0,0,426.9,426.9,420.9,80.8,80.8,21.3,0.3,1.8,1.8,2.098,2.098,3.2467,1,2,2,2,2,3
16079,Sindringen,49.280277,9.4766665,,0,0,0,0,0,0,0,0,0,0,0,0,0,0,0,0,0,0,1,1,1,1,1,1,0,0,0,0,0,0,0,0,0,0,0,0,0,0,0,0,0,0,467.1,467.1,366.8,57.4,57.4,57.4,0.3,0.3,0.3,0.6565,0.6565,0.6565,1,1,1,1,1,1
16080,Steinheim/Murr,48.965557,9.2780552,,0,0,0,0,0,0,0,0,0,0,0,0,0,0,0,0,0,0,1,1,1,1,1,1,0,0,0,0,0,0,0,0,0,0,0,0,0,0,0,0,0,0,441.7,441.7,391.5,64.5,64.5,51.9,0.3,0.3,0.3,0.6388,0.6388,0.6701,1,1,1,1,1,1
16081,Stuttgart,48.775555,9.1774998,,0,1,1,1,1,1,0,0,0,0,0,0,0,0,0,0,0,0,1,1,1,1,1,1,0,0,0,1,1,1,0,0,0,0,0,0,0,0,0,0,0,0,426.6,426.6,406.2,78.4,78.4,29.6,0.3,1.8,1.8,3.1039,3.1039,3.226,1,2,2,3,3,3
16082,Stuttgart-Bad Cannstatt,48.805,9.2147226,,0,0,1,1,1,1,0,0,0,0,0,0,0,0,0,0,0,0,1,1,1,1,1,1,0,0,0,0,0,1,0,0,0,0,0,0,0,0,0,0,0,0,428.2,428.2,402.4,76.7,76.7,33.6,0.3,0.3,1.8,2.1082,2.1082,3.2161,1,1,2,2,2,3
16083,Stuttgart-Feuerbach,48.808613,9.1569443,,0,0,0,0,0,0,0,0,0,0,0,0,0,0,0,0,0,0,1,1,1,1,1,1,0,0,0,0,0,0,0,0,0,0,0,0,0,0,0,0,0,0,430.6,430.6,406.2,74.5,74.5,32.7,0.3,0.3,0.3,0.6139,0.6139,0.7182,1,1,1,1,1,1
16084,Stuttgart-Zuffenhausen,48.829723,9.1744442,,0,0,0,0,0,0,0,0,0,0,0,0,0,0,0,0,0,0,1,1,1,1,1,1,0,0,0,0,0,0,0,0,0,0,0,0,0,0,0,0,0,0,432.0,432.0,404.1,72.9,72.9,35.3,0.3,0.3,0.3,0.6177,0.6177,0.7117,1,1,1,1,1,1
16085,Ulm,48.398335,9.9902782,,0,1,1,1,1,1,0,0,0,0,0,0,0,0,0,0,0,0,1,1,1,1,1,1,0,0,1,1,1,1,0,0,0,0,0,0,3,3,3,3,3,3,362.2,362.2,362.2,146.4,146.4,70.1,6.3,7.8,8.8,8.934,8.934,9.1247,3,3,3,3,3,3
16086,Vaihingen,48.729721,9.1097221,,0,0,0,0,0,0,0,0,0,0,0,0,0,0,0,0,0,0,1,1,1,1,1,1,0,0,0,0,0,0,0,0,0,0,0,0,0,0,0,0,0,0,424.7,424.7,412.8,81.1,81.1,23.5,0.3,0.3,0.3,0.5971,0.5971,0.7414,1,1,1,1,1,1
16087,Vellberg,49.086388,9.8805552,,0,0,0,0,0,1,0,0,0,0,0,0,0,0,0,0,0,0,1,1,1,1,1,1,0,0,0,0,0,0,0,0,0,0,0,0,0,0,0,0,0,0,436.0,436.0,345.7,92.3,78.6,78.6,0.3,0.3,0.3,0.5692,0.6036,2.1036,1,1,1,1,1,2
16088,Waiblingen,48.832222,9.3158331,,1,1,1,1,1,1,0,0,0,0,0,0,0,0,0,0,0,0,1,1,1,1,1,1,0,0,0,0,0,1,0,0,0,0,0,0,0,0,0,0,0,0,427.3,427.3,394.4,78.0,78.0,39.4,1.8,1.8,1.8,2.105,2.105,3.2015,2,2,2,2,2,3
16089,Waldenbuch,48.636665,9.1313887,,0,0,0,1,1,1,0,0,0,0,0,0,0,0,0,0,0,0,0,1,1,1,1,1,0,0,0,0,0,0,0,0,0,0,0,0,0,0,0,0,0,0,415.0,415.0,415.0,91.4,91.4,13.9,0.0,0.3,0.3,2.0715,2.0715,2.2653,0,1,1,2,2,2
16090,Waldenburg,49.18639,9.6422224,,0,0,1,1,1,1,0,0,0,0,0,0,0,0,0,0,0,0,1,1,1,1,1,1,0,0,0,0,0,0,0,0,0,0,0,0,0,0,0,0,0,0,452.8,452.8,358.4,72.1,70.9,70.9,0.3,0.3,1.8,2.1199,2.1227,2.1227,1,1,2,2,2,2
16091,Wasseralfingen,48.865833,10.104167,,0,0,0,0,0,0,0,0,0,0,0,0,0,0,0,0,0,0,1,1,1,1,1,1,0,0,0,0,0,0,0,0,0,0,0,0,0,0,0,0,0,0,407.3,407.3,340.1,118.1,103.5,85.8,0.3,0.3,0.3,0.5046,0.5413,0.5854,1,1,1,1,1,1
16092,Weikersheim,49.482777,9.9022226,,0,1,1,1,1,1,0,0,0,0,0,0,0,0,0,0,0,0,1,1,1,1,1,1,0,0,0,0,0,0,0,0,0,0,0,0,0,0,0,0,0,0,476.9,476.9,331.3,86.6,34.5,34.5,0.3,1.8,1.8,2.0836,2.2137,2.2137,1,2,2,2,2,2
16093,Weil der Stadt,48.751945,8.8699999,,0,0,0,0,0,0,0,0,0,0,0,0,0,0,0,0,0,0,1,1,1,1,1,1,0,0,0,0,0,0,0,0,0,0,0,0,0,2,2,2,2,2,436.0,436.0,428.0,74.2,74.2,29.1,0.3,4.3,4.3,4.6145,4.6145,4.7273,1,3,3,3,3,3
16094,Weilheim/Teck,48.615555,9.5372219,,0,0,1,1,1,1,0,0,0,0,0,0,0,0,0,0,0,0,1,1,1,1,1,1,0,0,0,0,0,0,0,0,0,0,0,0,0,0,0,0,0,0,398.4,398.4,389.7,107.1,107.1,36.8,0.3,0.3,1.8,2.0324,2.0324,2.208,1,1,2,2,2,2
16095,Weinsberg,49.151669,9.2883329,,1,1,1,1,1,1,0,0,0,0,0,0,0,0,0,0,0,0,1,1,1,1,1,1,0,0,0,0,0,0,0,0,0,0,0,0,0,0,0,0,0,0,459.9,459.9,384.1,50.9,50.9,50.9,1.8,1.8,1.8,2.1728,2.1728,2.1728,2,2,2,2,2,2
16096,Weissenstein,48.705833,9.8858337,,0,0,0,1,1,1,0,0,0,0,0,0,0,0,0,0,0,0,1,1,1,1,1,1,0,0,0,0,0,0,0,0,0,0,0,0,0,0,0,0,0,0,396.6,396.6,362.3,116.1,116.1,64.2,0.3,0.3,0.3,2.0097,2.0097,2.1394,1,1,1,2,2,2
16097,Welzheim,48.874168,9.6344442,,0,0,0,0,0,0,0,0,0,0,0,0,0,0,0,0,0,0,1,1,1,1,1,1,0,0,0,0,0,0,0,0,0,0,0,0,0,0,0,0,0,0,421.2,421.2,371.1,89.9,89.9,57.7,0.3,0.3,0.3,0.5752,0.5752,0.6558,1,1,1,1,1,1
16098,Widdern,49.31778,9.4213886,,0,1,1,1,1,1,0,0,0,0,0,0,0,0,0,0,0,0,1,1,1,1,1,1,0,0,0,0,0,0,0,0,0,0,0,0,0,0,0,0,0,0,472.5,472.5,369.5,52.5,52.5,52.5,0.3,1.8,1.8,2.1686,2.1686,2.1686,1,2,2,2,2,2
16099,Wiesensteig,48.561943,9.625,,0,0,0,1,1,1,0,0,0,0,0,0,0,0,0,0,0,0,1,1,1,1,1,1,0,0,0,0,0,0,0,0,0,0,0,0,0,0,0,0,0,0,390.2,390.2,386.7,115.6,115.6,42.0,0.3,0.3,0.3,2.0109,2.0109,2.195,1,1,1,2,2,2
16100,Bad Wimpfen,49.228054,9.1630554,,0,0,0,0,1,1,0,0,0,0,0,0,0,0,0,0,0,0,1,1,1,1,1,1,0,0,0,0,0,0,0,0,0,0,0,0,0,2,2,2,2,2,471.5,471.5,390.3,38.6,38.6,38.6,0.3,4.3,4.3,4.7034,6.2034,6.2034,1,3,3,3,3,3
16101,Winnenden,48.876945,9.3961115,,1,1,1,1,1,1,0,0,0,0,0,0,0,0,0,0,0,0,1,1,1,1,1,1,0,0,0,0,0,0,0,0,0,0,0,0,0,0,0,0,0,0,429.0,429.0,387.1,77.6,77.6,46.7,1.8,1.8,1.8,2.1061,2.1061,2.1833,2,2,2,2,2,2
17001,Alpirsbach,48.345001,8.4027777,,0,0,0,0,0,0,0,0,0,0,0,0,0,0,0,0,0,0,1,1,1,1,1,1,0,0,0,0,0,0,0,0,0,0,0,0,0,0,0,0,0,0,420.0,420.0,420.0,120.6,120.6,52.1,0.3,0.3,0.3,0.4984,0.4984,0.6696,1,1,1,1,1,1
17002,Altensteig-Stadt,48.584167,8.601944,,0,0,0,0,0,1,0,0,0,0,0,0,0,0,0,0,0,0,1,1,1,1,1,1,0,0,0,1,1,1,0,0,0,0,0,0,0,0,0,0,0,0,431.8,431.8,431.8,92.3,92.3,34.3,0.3,0.3,0.3,1.5693,1.5693,3.2144,1,1,1,2,2,3
17003,Aulendorf,47.951111,9.6383333,,0,0,0,0,0,0,0,0,0,0,0,0,0,0,0,0,0,0,1,1,1,1,1,1,0,0,0,0,0,0,0,0,0,0,0,0,0,0,0,0,0,0,330.4,330.4,330.4,176.0,176.0,76.6,0.3,0.3,0.3,0.3599,0.3599,0.6084,1,1,1,1,1,1
17004,Balingen,48.275833,8.8511114,,0,1,1,1,1,1,0,0,0,0,0,0,0,0,0,0,0,0,1,1,1,1,1,1,0,0,0,0,0,0,0,0,0,0,0,0,0,0,0,0,0,0,393.3,393.3,393.3,126.6,126.6,31.3,0.3,1.8,1.8,1.9834,1.9834,2.2218,1,2,2,2,2,2
17005,Berneck,48.602779,8.6166668,,0,0,0,1,1,1,0,0,0,0,0,0,0,0,0,0,0,0,1,1,1,1,1,1,0,0,0,0,0,0,0,0,0,0,0,0,0,0,0,0,0,0,432.8,432.8,432.8,90.1,90.1,33.7,0.3,0.3,0.3,2.0747,2.0747,2.2158,1,1,1,2,2,2
17006,Biberach,48.098057,9.7883329,,1,1,1,1,1,1,0,0,0,0,0,0,0,0,1,1,1,1,1,1,1,1,1,1,0,0,0,0,1,1,0,0,0,0,0,0,0,3,3,3,3,3,338.9,338.9,338.9,166.0,166.0,71.7,1.8,7.8,8.5,8.585,9.585,9.8208,2,3,3,3,3,3
17007,Binsdorf,48.304443,8.7602777,,0,1,1,1,1,1,0,0,0,0,0,0,0,0,1,1,1,1,1,1,1,1,1,1,0,0,0,0,0,0,0,0,0,0,0,0,0,0,0,0,0,0,399.9,399.9,399.9,123.1,123.1,32.6,0.3,1.8,2.5,2.6923,2.6923,2.9184,1,2,2,2,2,2
17008,Buchau,48.063889,9.6116667,,0,0,0,0,1,1,0,0,0,0,0,0,0,0,0,0,0,0,1,1,1,1,1,1,0,0,0,0,0,0,0,0,0,0,0,0,0,0,2,2,2,2,342.2,342.2,342.2,163.7,163.7,65.3,0.3,0.3,4.3,4.3907,5.8907,6.1366,1,1,3,3,3,3
17009,Calw,48.713333,8.7411108,,0,1,1,1,1,1,0,0,0,0,0,0,0,0,0,0,0,0,1,1,1,1,1,1,0,0,0,0,1,1,0,0,0,0,0,0,0,0,0,0,0,0,437.6,437.6,437.6,77.6,77.6,31.6,0.3,1.8,1.8,2.106,3.106,3.2211,1,2,2,2,3,3
17010,Dornhan,48.350834,8.5102777,,0,1,1,1,1,1,0,0,0,0,0,0,0,1,1,1,1,1,1,1,1,1,1,1,0,0,0,0,0,0,0,0,0,0,0,0,0,0,0,0,0,0,415.4,415.4,415.4,118.8,118.8,44.6,0.3,2.5,2.5,2.7031,2.7031,2.8885,1,2,2,2,2,2
17011,Dornstetten,48.470276,8.499444,,0,1,1,1,1,1,0,0,0,0,0,0,0,0,0,0,0,0,1,1,1,1,1,1,0,0,0,0,0,0,0,0,0,0,0,0,0,0,0,0,0,0,426.3,426.3,426.3,105.7,105.7,41.5,0.3,1.8,1.8,2.0357,2.0357,2.1962,1,2,2,2,2,2
17012,Ebingen,48.212223,9.0216665,,1,1,1,1,1,1,0,0,0,0,0,0,0,0,0,0,0,1,1,1,1,1,1,1,0,0,0,0,0,0,0,0,0,0,0,0,0,0,0,0,0,0,380.1,380.1,380.1,135.2,135.2,34.5,1.8,1.8,1.8,1.9619,1.9619,2.9137,2,2,2,2,2,2
17013,Ehingen/Donau,48.283611,9.7250004,,0,1,1,1,1,1,0,0,0,0,0,0,0,0,0,0,0,0,1,1,1,1,1,1,0,0,0,0,0,0,0,0,0,0,0,0,0,0,0,0,0,0,359.3,359.3,359.3,145.7,145.7,55.9,0.3,1.8,1.8,1.9358,1.9358,2.1602,1,2,2,2,2,2
17014,Freudenstadt,48.463612,8.4111109,,0,0,0,0,0,0,0,0,0,0,0,0,0,0,0,0,0,0,0,0,0,0,0,0,0,0,0,0,0,0,0,0,0,0,0,0,0,0,0,0,0,0,429.8,429.8,429.8,107.6,107.6,48.1,0.0,0.0,0.0,0.2311,0.2311,0.3798,0,0,0,0,0,0
17015,Fridingen/Donau,48.021667,8.9327774,,0,0,0,1,1,1,0,0,0,0,0,0,0,0,0,0,0,0,1,1,1,1,1,1,0,0,0,0,0,0,0,0,0,0,0,0,0,0,0,0,0,0,367.3,367.3,367.3,155.3,155.3,56.4,0.3,0.3,0.3,1.9117,1.9117,2.1591,1,1,1,2,2,2
17016,Friedrichshafen,47.651943,9.4794445,,0,1,1,1,1,1,0,0,0,0,0,0,0,0,0,0,0,0,1,1,1,1,1,1,0,0,0,0,0,0,0,0,0,0,0,0,0,2,2,2,2,2,309.7,309.7,309.7,203.6,203.6,101.7,0.3,5.8,5.8,5.8,5.8,6.0459,1,3,3,3,3,3
17017,Gammertingen,48.250278,9.2155552,,0,0,1,1,1,1,0,0,0,0,0,0,0,0,0,0,0,0,1,1,1,1,1,1,0,0,0,0,0,0,0,0,0,0,0,0,0,0,0,0,0,0,375.4,375.4,375.4,134.3,134.3,32.3,0.3,0.3,1.8,1.9644,1.9644,2.2191,1,1,2,2,2,2
17018,Haigerloch,48.36639,8.8041668,,0,1,1,1,1,1,0,0,0,0,0,0,0,0,0,0,0,0,1,1,1,1,1,1,0,0,0,1,1,1,0,0,0,0,0,0,0,0,0,0,0,0,403.5,403.5,403.5,116.3,116.3,25.4,0.3,1.8,1.8,3.0091,3.0091,3.2364,1,2,2,3,3,3
17019,Haiterbach,48.524166,8.6497221,,0,0,0,0,0,0,0,0,0,0,0,0,0,0,0,0,0,0,1,1,1,1,1,1,0,0,0,0,0,0,0,0,0,0,0,0,0,0,0,0,0,0,424.3,424.3,424.3,98.7,98.7,30.0,0.3,0.3,0.3,0.5533,0.5533,0.7249,1,1,1,1,1,1
17020,Hayingen,48.274166,9.4752779,,0,1,1,1,1,1,0,0,0,0,0,0,0,0,0,0,0,0,1,1,1,1,1,1,0,0,0,0,0,0,0,0,0,0,0,0,0,0,0,0,0,0,367.4,367.4,367.4,138.2,138.2,41.3,0.3,1.8,1.8,1.9544,1.9544,2.1967,1,2,2,2,2,2
17021,Hechingen,48.351387,8.9627781,,0,0,1,1,1,1,0,0,0,0,0,0,0,0,0,0,0,0,1,1,1,1,1,1,0,0,0,0,0,1,0,0,0,0,0,0,0,0,0,0,0,0,395.2,395.2,395.2,119.3,119.3,20.2,0.3,0.3,1.8,2.0019,2.0019,3.2496,1,1,2,2,2,3
17022,Herrenalb,48.797501,8.438056,,0,0,0,0,0,0,0,0,0,0,0,0,0,0,0,0,0,0,1,1,1,1,1,1,0,0,0,0,0,0,0,0,0,0,0,0,0,0,0,0,0,0,446.1,446.1,446.1,71.0,71.0,54.9,0.3,0.3,0.3,0.6224,0.6224,0.6628,1,1,1,1,1,1
17023,Hettingen,48.218887,9.2344446,,0,0,0,0,1,1,0,0,0,0,0,0,0,0,0,0,0,0,1,1,1,1,1,1,0,0,0,0,0,0,0,0,0,0,0,0,0,0,0,0,0,0,371.7,371.7,371.7,138.0,138.0,36.1,0.3,0.3,0.3,0.455,1.955,2.2097,1,1,1,1,2,2
17024,Horb/Neckar,48.445,8.6913891,,0,1,1,1,1,1,0,0,0,0,0,0,0,0,0,0,0,0,1,1,1,1,1,1,0,0,0,0,0,0,0,0,0,0,0,0,0,0,0,0,0,0,415.4,415.4,415.4,107.4,107.4,28.3,0.3,1.8,1.8,2.0315,2.0315,2.2292,1,2,2,2,2,2
17025,Isny,47.692223,10.039166,,0,1,1,1,1,1,0,0,0,0,0,0,0,0,0,0,0,0,1,1,1,1,1,1,0,0,0,0,0,0,0,0,0,0,0,0,0,0,0,2,2,2,290.4,290.4,290.4,214.7,214.7,117.5,0.3,1.8,1.8,5.8,5.8,6.0061,1,2,2,3,3,3
17026,Laichingen,48.489445,9.6855555,,0,0,0,0,0,0,0,0,0,0,0,0,0,0,0,0,0,0,1,1,1,1,1,1,0,0,0,0,0,0,0,0,0,0,0,0,0,0,0,0,0,0,381.0,381.0,381.0,124.8,124.8,46.4,0.3,0.3,0.3,0.488,0.488,0.684,1,1,1,1,1,1
17027,Laupheim,48.23,9.8836107,,0,0,0,0,0,0,0,0,0,0,0,0,0,0,0,0,0,0,1,1,1,1,1,1,0,0,0,0,0,0,0,0,0,0,0,0,0,0,0,0,0,0,348.6,348.6,348.6,156.9,156.9,69.1,0.3,0.3,0.3,0.4077,0.4077,0.6273,1,1,1,1,1,1
17028,Leutkirch,47.825001,10.024167,,0,1,1,1,1,1,0,0,0,0,0,0,0,0,0,0,0,0,1,1,1,1,1,1,0,0,0,0,0,0,0,0,0,0,0,0,0,2,2,2,2,2,303.8,303.8,303.8,201.1,201.1,105.5,0.3,5.8,5.8,5.8,5.8,6.0362,1,3,3,3,3,3
17029,Bad Liebenzell,48.771111,8.7333336,,0,0,0,1,1,1,0,0,0,0,0,0,0,0,0,0,0,0,1,1,1,1,1,1,0,0,0,0,0,0,0,0,0,0,0,0,0,0,0,0,0,0,443.3,443.3,436.5,71.2,71.2,36.6,0.3,0.3,0.3,2.1221,2.1221,2.2086,1,1,1,2,2,2
17030,Mengen,48.048611,9.3288889,,0,1,1,1,1,1,0,0,0,0,0,0,0,0,0,0,0,0,1,1,1,1,1,1,0,0,0,0,0,0,0,0,0,0,0,0,0,0,0,0,0,0,352.1,352.1,352.1,158.1,158.1,56.3,0.3,1.8,1.8,1.9047,1.9047,2.1593,1,2,2,2,2,2
17031,Metzingen,48.538887,9.2844448,,0,0,0,0,0,0,0,0,0,0,0,0,0,0,0,0,0,0,1,1,1,1,1,1,0,0,0,0,0,0,0,0,0,0,0,0,0,0,0,0,0,0,399.9,399.9,399.9,105.6,105.6,16.8,0.3,0.3,0.3,0.5359,0.5359,0.758,1,1,1,1,1,1
17032,Muehlheim/Donau,48.029446,8.8866663,,0,1,1,1,1,1,0,0,0,0,0,0,0,0,0,0,0,0,1,1,1,1,1,1,0,0,0,0,1,1,0,0,0,0,0,0,0,0,0,0,0,0,370.1,370.1,370.1,154.2,154.2,56.2,0.3,1.8,1.8,1.9146,2.9146,3.1596,1,2,2,2,3,3
17033,Muensingen,48.41111,9.4947224,,0,1,1,1,1,1,0,0,0,0,0,0,0,0,0,0,0,0,1,1,1,1,1,1,0,0,0,0,0,1,0,0,0,0,0,0,0,0,0,0,0,0,379.9,379.9,379.9,125.1,125.1,34.5,0.3,1.8,1.8,1.9873,1.9873,3.2138,1,2,2,2,2,3
17034,Munderkingen,48.236668,9.6475,,0,1,1,1,1,1,0,0,0,0,0,0,0,0,0,0,0,0,1,1,1,1,1,1,0,0,0,0,0,0,0,0,0,0,0,0,0,0,0,0,0,0,357.4,357.4,357.4,147.5,147.5,53.9,0.3,1.8,1.8,1.9312,1.9312,2.1653,1,2,2,2,2,2
17035,Nagold,48.550278,8.7241669,,0,0,1,1,1,1,0,0,0,0,0,0,0,0,0,0,0,0,1,1,1,1,1,1,0,0,0,0,0,0,0,0,0,0,0,0,0,0,0,0,0,0,423.5,423.5,423.5,95.7,95.7,24.8,0.3,0.3,1.8,2.0607,2.0607,2.2381,1,1,2,2,2,2
17036,Neubulach,48.66111,8.6919441,,0,1,1,1,1,1,0,0,0,0,0,0,0,0,0,0,0,0,1,1,1,1,1,1,0,0,0,0,0,0,0,0,0,0,0,0,0,0,0,0,0,0,434.9,434.9,434.9,83.4,83.4,31.0,0.3,1.8,1.8,2.0915,2.0915,2.2224,1,2,2,2,2,2
17037,Neuenbuerg,48.848057,8.5897226,,0,1,1,1,1,1,0,0,0,0,0,0,0,0,0,0,0,0,1,1,1,1,1,1,0,0,0,0,0,0,0,0,0,0,0,0,0,0,0,0,0,0,456.3,456.3,443.2,63.2,63.2,50.0,0.3,1.8,1.8,2.142,2.142,2.1751,1,2,2,2,2,2
17038,Oberndorf,48.289722,8.5730553,,0,1,1,1,1,1,0,0,0,0,0,0,0,0,0,0,0,0,1,1,1,1,1,1,0,0,0,0,1,1,0,0,0,0,0,0,0,0,0,0,0,0,407.2,407.2,407.2,125.1,125.1,44.1,0.3,1.8,1.8,1.9873,2.9873,3.1898,1,2,2,2,3,3
17039,Ochsenhausen,48.069443,9.9516668,,0,0,0,0,0,0,0,0,0,0,0,0,0,0,0,0,0,0,1,1,1,1,1,1,0,0,0,0,0,0,0,0,0,0,0,0,0,0,0,0,0,0,330.4,330.4,330.4,174.8,174.8,83.1,0.3,0.3,0.3,0.3631,0.3631,0.5923,1,1,1,1,1,1
17040,Pfullingen,48.46611,9.2263889,,0,0,0,0,0,0,0,0,0,0,0,0,0,0,0,0,0,0,1,1,1,1,1,1,0,0,0,0,0,1,0,0,0,0,0,0,0,0,0,0,0,0,395.2,395.2,395.2,111.6,111.6,13.9,0.3,0.3,0.3,0.5209,0.5209,1.7653,1,1,1,1,1,2
17041,Ravensburg,47.783611,9.6149998,,0,1,1,1,1,1,0,0,0,0,0,0,0,1,1,1,1,1,1,1,1,1,1,1,0,1,1,1,1,1,0,0,0,0,0,0,0,2,2,2,2,2,315.8,315.8,315.8,192.8,192.8,91.9,0.3,7.5,7.5,7.518,7.518,7.7703,1,3,3,3,3,3
17042,Reutlingen,48.491943,9.2119446,,1,1,1,1,1,1,0,0,0,0,0,0,0,0,0,0,0,0,1,1,1,1,1,1,0,0,0,0,0,0,0,0,0,0,0,0,0,2,2,2,2,2,398.2,398.2,398.2,108.6,108.6,11.8,1.8,5.8,5.8,6.0286,6.0286,6.2704,2,3,3,3,3,3
17043,Riedlingen,48.153057,9.4750004,,0,0,1,1,1,1,0,0,0,0,0,0,0,0,0,0,0,0,1,1,1,1,1,1,0,0,0,1,1,1,0,0,0,0,0,0,0,0,0,0,0,0,355.9,355.9,355.9,150.7,150.7,51.3,0.3,0.3,1.8,2.9233,2.9233,3.1718,1,1,2,3,3,3
17044,Rosenfeld,48.285831,8.7227774,,0,1,1,1,1,1,0,0,0,0,0,0,0,0,0,0,0,0,1,1,1,1,1,1,0,0,0,0,0,0,0,0,0,0,0,0,0,0,0,0,0,0,400.0,400.0,400.0,125.1,125.1,36.0,0.3,1.8,1.8,1.9872,1.9872,2.2099,1,2,2,2,2,2
17045,Rottenburg,48.479443,8.936389,,0,1,1,1,1,1,0,0,0,0,0,0,0,0,0,0,0,0,1,1,1,1,1,1,0,0,0,0,1,1,0,0,0,0,0,0,0,0,0,0,0,0,408.1,408.1,408.1,104.9,104.9,10.1,0.3,1.8,1.8,2.0378,3.0378,3.2748,1,2,2,2,3,3
17046,Rottweil,48.167778,8.6272221,,0,0,0,0,0,0,0,0,0,0,0,0,0,0,0,0,0,0,1,1,1,1,1,1,0,1,1,1,1,1,0,0,0,0,0,0,0,3,3,3,3,3,394.2,394.2,394.2,138.4,138.4,50.6,0.3,7.3,7.3,7.4541,7.4541,7.6735,1,3,3,3,3,3
17047,Saulgau,48.013611,9.4991665,,0,1,1,1,1,1,0,0,0,0,0,0,0,1,1,1,1,1,1,1,1,1,1,1,0,0,0,1,1,1,0,0,0,0,0,0,0,0,0,0,0,0,341.9,341.9,341.9,165.8,165.8,65.3,0.3,2.5,2.5,3.5855,3.5855,3.8369,1,2,2,3,3,3
17048,Scheer,48.074444,9.2969446,,0,1,1,1,1,1,0,0,0,0,0,0,0,0,0,0,0,0,0,1,1,1,1,1,0,0,0,0,0,1,0,0,0,0,0,0,0,0,0,0,0,0,355.8,355.8,355.8,154.7,154.7,52.8,0.0,1.8,1.8,1.9132,1.9132,3.1681,0,2,2,2,2,3
17049,Schelklingen,48.372501,9.7347221,,1,1,1,1,1,1,0,0,0,0,0,0,0,0,0,0,0,0,1,1,1,1,1,1,0,0,0,0,0,0,0,0,0,0,0,0,0,0,0,0,0,0,367.7,367.7,367.7,137.6,137.6,52.6,1.8,1.8,1.8,1.9559,1.9559,2.1684,2,2,2,2,2,2
17050,Schoemberg,48.211666,8.7605553,,0,1,1,1,1,1,0,0,0,0,0,0,0,0,0,0,0,0,1,1,1,1,1,1,0,0,0,0,0,0,0,0,0,0,0,0,0,0,0,0,0,0,391.8,391.8,391.8,133.4,133.4,40.9,0.3,1.8,1.8,1.9665,1.9665,2.1979,1,2,2,2,2,2
17051,Schramberg,48.225277,8.3861113,,0,0,0,0,0,0,0,0,0,0,0,0,0,0,0,0,0,0,1,1,1,1,1,1,0,0,0,0,0,0,0,0,0,0,0,0,0,0,0,0,0,0,410.7,410.7,410.7,134.0,134.0,47.6,0.3,0.3,0.3,0.4651,0.4651,0.681,1,1,1,1,1,1
17052,Schussenried,48.004723,9.6572218,,0,0,0,0,0,0,0,0,0,0,0,0,0,0,0,0,0,0,1,1,1,1,1,1,0,0,0,0,0,0,0,0,0,0,0,0,0,0,0,0,0,0,334.8,334.8,334.8,171.1,171.1,72.6,0.3,0.3,0.3,0.3722,0.3722,0.6185,1,1,1,1,1,1
17053,Schwenningen/Neckar,48.063889,8.5375004,,0,0,0,0,0,0,0,0,0,0,0,0,0,0,0,0,0,0,1,1,1,1,1,1,0,0,0,0,0,0,0,0,0,0,0,0,0,0,0,0,0,0,389.9,389.9,389.9,150.3,150.3,52.2,0.3,0.3,0.3,0.4242,0.4242,0.6695,1,1,1,1,1,1
17054,Sigmaringen,48.086388,9.2147226,,0,0,0,1,1,1,0,0,0,0,0,0,0,0,0,0,0,0,1,1,1,1,1,1,0,0,0,0,0,0,0,0,0,0,0,0,0,0,0,0,0,0,360.4,360.4,360.4,151.9,151.9,49.8,0.3,0.3,0.3,1.9204,1.9204,2.1756,1,1,1,2,2,2
17055,Spaichingen,48.073055,8.7391663,,0,0,0,0,0,0,0,0,0,0,0,0,0,0,0,0,0,0,1,1,1,1,1,1,0,0,0,0,0,0,0,0,0,0,0,0,0,0,0,0,0,0,380.8,380.8,380.8,148.8,148.8,55.2,0.3,0.3,0.3,0.4281,0.4281,0.6621,1,1,1,1,1,1
17056,Sulz,48.366112,8.6324997,,0,1,1,1,1,1,0,0,0,0,0,0,0,0,0,0,0,0,1,1,1,1,1,1,0,0,0,0,0,0,0,0,0,0,0,0,0,0,0,0,0,0,411.1,411.1,411.1,116.3,116.3,35.8,0.3,1.8,1.8,2.0092,2.0092,2.2105,1,2,2,2,2,2
17057,Tailfingen,48.254444,9.0177774,,0,0,0,0,0,0,0,0,0,0,0,0,0,0,0,0,0,0,1,1,1,1,1,1,0,0,0,0,0,0,0,0,0,0,0,0,0,0,0,0,0,0,384.1,384.1,384.1,130.6,130.6,29.9,0.3,0.3,0.3,0.4736,0.4736,0.7254,1,1,1,1,1,1
17058,Tettnang,47.671391,9.5894442,,0,1,1,1,1,1,0,0,0,0,0,0,0,0,0,0,0,0,1,1,1,1,1,1,0,0,0,0,0,1,0,0,0,0,0,0,0,0,0,0,0,0,306.6,306.6,306.6,204.0,204.0,102.5,0.3,1.8,1.8,1.8,1.8,3.0439,1,2,2,2,2,3
17059,Trochtelfingen,48.308613,9.2469444,,0,0,0,0,0,0,0,0,0,0,0,0,0,0,0,0,0,0,1,1,1,1,1,1,0,0,0,0,0,1,0,0,0,0,0,0,0,0,0,0,0,0,379.6,379.6,379.6,128.7,128.7,27.5,0.3,0.3,0.3,0.4782,0.4782,1.7313,1,1,1,1,1,2
17060,Trossingen,48.074165,8.6324997,,0,0,0,0,0,0,0,0,0,0,0,0,0,0,0,0,0,0,1,1,1,1,1,1,0,0,0,0,0,0,0,0,0,0,0,0,0,0,0,0,0,0,386.1,386.1,386.1,148.7,148.7,58.9,0.3,0.3,0.3,0.4281,0.4281,0.6529,1,1,1,1,1,1
17061,Tuebingen,48.521946,9.0577774,,0,1,1,1,1,1,0,0,0,0,0,0,0,0,0,0,0,0,1,1,1,1,1,1,0,0,0,0,1,1,0,0,0,0,0,0,0,0,0,0,0,0,407.1,407.1,407.1,102.1,102.1,0.0,0.3,1.8,1.8,2.0449,3.0449,3.2999,1,2,2,2,3,3
17062,Tuttlingen,47.983612,8.8186111,,0,1,1,1,1,1,0,0,0,0,0,0,0,0,0,0,0,0,1,1,1,1,1,1,0,0,0,0,0,0,0,0,0,0,0,0,0,0,0,0,0,0,369.4,369.4,369.4,158.9,158.9,62.4,0.3,1.8,1.8,1.9027,1.9027,2.144,1,2,2,2,2,2
17063,Urach,48.493057,9.3994446,,0,0,0,0,0,1,0,0,0,0,0,0,0,0,0,0,0,0,1,1,1,1,1,1,0,0,0,0,1,1,0,0,0,0,0,0,0,0,0,0,0,0,391.3,391.3,391.3,113.8,113.8,25.4,0.3,0.3,0.3,0.5155,1.5155,3.2365,1,1,1,1,2,3
17064,Veringenstadt,48.178055,9.2138891,,0,1,1,1,1,1,0,0,0,0,0,0,0,0,0,0,0,0,0,1,1,1,1,1,0,0,0,0,0,0,0,0,0,0,0,0,0,0,0,0,0,0,368.8,368.8,368.8,142.0,142.0,39.9,0.0,1.8,1.8,1.9451,1.9451,2.2002,0,2,2,2,2,2
17065,Waldsee,47.920834,9.7547226,,0,1,1,1,1,1,0,0,0,0,0,0,0,0,0,0,0,0,1,1,1,1,1,1,0,0,0,0,1,1,0,0,0,0,0,0,0,0,0,0,0,0,323.0,323.0,323.0,182.6,182.6,84.4,0.3,1.8,1.8,1.8435,2.8435,3.0889,1,2,2,2,3,3
17066,Wangen/Allgaeu,47.685833,9.832222,,0,1,1,1,1,1,0,0,0,0,0,0,0,0,0,0,0,0,1,1,1,1,1,1,0,0,0,1,1,1,0,0,0,0,0,0,0,0,2,2,2,2,297.8,297.8,297.8,208.8,208.8,109.3,0.3,1.8,5.8,6.8,6.8,7.0268,1,2,3,3,3,3
17067,Weingarten,47.80722,9.6405554,,0,0,0,0,0,0,0,0,0,0,0,0,0,0,0,0,0,0,1,1,1,1,1,1,0,0,0,0,0,0,0,0,0,0,0,0,0,0,0,0,0,0,316.9,316.9,316.9,191.0,191.0,90.4,0.3,0.3,0.3,0.3225,0.3225,0.5739,1,1,1,1,1,1
17068,Wildbad,48.749168,8.5508337,,0,0,0,1,1,1,0,0,0,0,0,0,0,0,0,0,0,0,0,0,1,1,1,1,0,0,0,0,0,0,0,0,0,0,0,0,0,0,0,0,0,0,448.9,448.9,448.9,74.5,74.5,45.0,0.0,0.0,0.3,2.1138,2.1138,2.1874,0,0,1,2,2,2
17069,Wildberg,48.625,8.7466669,,0,0,0,0,0,0,0,0,0,0,0,0,0,0,0,0,0,0,1,1,1,1,1,1,0,0,0,0,0,1,0,0,0,0,0,0,0,0,0,0,0,0,429.3,429.3,429.3,87.4,87.4,25.6,0.3,0.3,0.3,0.5814,0.5814,1.736,1,1,1,1,1,2
17070,Wurzach,47.908333,9.896389,,0,0,1,1,1,1,0,0,0,0,0,0,0,0,0,0,0,0,1,1,1,1,1,1,0,0,0,0,0,1,0,0,0,0,0,0,0,0,0,0,0,0,316.6,316.6,316.6,188.4,188.4,92.3,0.3,0.3,1.8,1.8289,1.8289,3.0693,1,1,2,2,2,3
17071,Zavelstein,48.69389,8.688611,,0,0,1,1,1,1,0,0,0,0,0,0,0,0,0,0,0,0,0,1,1,1,1,1,0,0,0,0,0,0,0,0,0,0,0,0,0,0,0,0,0,0,438.0,438.0,438.0,79.7,79.7,33.2,0.0,0.3,1.8,2.1006,2.1006,2.217,0,1,2,2,2,2
18001,Adenau,50.382221,6.9299998,,0,0,0,0,0,0,0,0,0,0,0,0,0,0,0,0,0,0,1,1,1,1,1,1,0,0,0,0,0,0,0,0,0,0,0,0,0,0,0,0,0,0,371.7,371.7,371.7,61.8,61.8,61.8,0.3,0.3,0.3,0.6455,0.6455,0.6455,1,1,1,1,1,1
18002,Ahrweiler,50.542221,7.0944443,,1,1,1,1,1,1,0,0,0,0,0,0,0,0,0,0,0,0,1,1,1,1,1,1,0,0,0,0,0,0,0,0,0,0,0,0,0,0,0,0,0,0,390.0,390.0,390.0,45.0,45.0,45.0,1.8,1.8,1.8,2.1876,2.1876,2.1876,2,2,2,2,2,2
18003,Altenkirchen,50.686943,7.6455555,197.0,0,0,1,1,1,1,0,0,0,0,0,0,0,0,0,0,0,0,1,1,1,1,1,1,0,0,0,0,0,0,0,0,0,0,0,0,0,0,0,0,0,0,432.0,432.0,432.0,55.6,55.6,55.6,0.3,0.3,1.8,2.1609,2.1609,2.1609,1,1,2,2,2,2
18004,Alzey,49.744999,8.1122227,,0,1,1,1,1,1,0,0,0,0,0,0,0,0,1,1,1,1,1,1,1,1,1,1,0,0,0,0,0,0,0,0,0,0,0,0,0,0,0,0,0,0,429.9,429.9,429.9,56.9,56.9,30.6,0.3,1.8,2.5,2.8577,2.8577,2.9234,1,2,2,2,2,2
18005,Andernach,50.439445,7.3983335,,0,0,1,1,1,1,0,0,0,0,0,0,0,0,0,0,0,0,1,1,1,1,1,1,0,0,0,1,1,1,0,0,0,0,0,0,0,0,0,0,0,0,404.5,404.5,404.5,63.4,63.4,63.4,0.3,0.3,1.8,3.1415,3.1415,3.1415,1,1,2,3,3,3
18006,Annweiler,49.202778,7.9661112,,1,1,1,1,1,1,0,0,0,0,0,0,0,0,0,0,0,0,1,1,1,1,1,1,0,0,0,0,0,1,0,0,0,0,0,0,3,3,3,0,0,0,411.7,411.7,411.7,58.7,58.7,58.7,7.8,7.8,7.8,2.1533,2.1533,3.1533,3,3,3,2,2,3
18007,Bacharach,50.060001,7.7649999,,0,0,0,1,1,1,0,0,0,0,0,0,0,0,0,0,0,0,1,1,1,1,1,1,0,0,0,0,1,1,0,0,0,0,0,0,0,0,0,0,0,0,414.2,414.2,414.2,99.1,99.1,36.8,0.3,0.3,0.3,2.0522,3.0522,3.208,1,1,1,2,3,3
18008,Bad Duerkheim,49.460278,8.1691666,,0,0,0,1,1,1,0,0,0,0,0,1,0,0,0,0,0,0,1,1,1,1,1,1,0,0,0,0,0,1,0,0,0,0,0,0,0,0,0,0,0,0,429.0,429.0,429.0,39.5,39.5,39.5,0.3,0.3,0.3,2.2013,2.2013,2.2013,1,1,1,2,2,2
18009,Bad Ems,50.334721,7.7122221,,0,0,1,1,1,1,0,0,0,0,0,0,0,0,0,0,0,0,1,1,1,1,1,1,0,0,0,0,0,1,0,0,0,0,0,0,0,0,0,0,0,0,420.6,420.6,420.6,85.5,85.5,54.5,0.3,0.3,1.8,2.0863,2.0863,3.1638,1,1,2,2,2,3
18010,Bad Kreuznach,49.844444,7.8616667,,0,1,1,1,1,1,0,0,0,0,0,0,0,0,0,0,0,0,1,1,1,1,1,1,0,1,1,1,1,1,0,0,0,0,0,0,0,0,0,0,0,0,414.7,414.7,414.7,77.8,77.8,34.1,0.3,2.8,2.8,3.1054,3.1054,3.2147,1,3,3,3,3,3
18011,Bad Neuenahr,50.546112,7.1399999,,0,0,0,0,0,0,0,0,0,0,0,0,0,0,0,0,0,0,1,1,1,1,1,1,0,0,0,0,0,0,0,0,0,0,0,0,0,0,0,0,0,0,393.1,393.1,393.1,45.3,45.3,45.3,0.3,0.3,0.3,0.6867,0.6867,0.6867,1,1,1,1,1,1
18012,Baumholder,49.615555,7.3366666,,0,0,0,0,0,0,0,0,0,0,0,0,0,0,0,0,0,0,1,1,1,1,1,1,0,0,0,0,0,0,0,0,0,0,0,0,0,0,0,0,0,0,372.3,372.3,372.3,101.7,101.7,52.4,0.3,0.3,0.3,0.5457,0.5457,0.6689,1,1,1,1,1,1
18013,Bendorf,50.423332,7.5755553,,0,0,0,0,0,0,0,0,0,0,0,0,0,0,0,0,0,0,1,1,1,1,1,1,0,0,0,0,0,0,0,0,0,0,0,0,0,0,0,0,0,0,415.3,415.3,415.3,71.7,71.7,68.3,0.3,0.3,0.3,0.6206,0.6206,0.6293,1,1,1,1,1,1
18014,Bergzabern,49.100277,7.998889,,0,1,1,1,1,1,0,0,0,0,0,0,0,0,0,0,0,0,1,1,1,1,1,1,0,0,0,0,0,0,0,0,0,0,0,0,0,0,0,0,0,0,413.6,413.6,413.6,62.1,62.1,62.1,0.3,1.8,1.8,2.1447,2.1447,2.1447,1,2,2,2,2,2
18015,Bernkastel-Cues,49.915279,7.0752778,,0,1,1,1,1,1,0,0,0,0,0,0,0,0,0,0,0,0,1,1,1,1,1,1,0,0,0,0,0,0,0,0,0,0,0,0,0,0,0,0,0,0,362.4,362.4,362.4,114.0,114.0,35.8,0.3,1.8,1.8,2.0151,2.0151,2.2106,1,2,2,2,2,2
18016,Betzdorf,50.785278,7.873611,,0,0,0,0,0,0,0,0,0,0,0,0,0,0,0,0,0,0,0,0,0,1,1,1,0,0,0,0,0,0,0,0,0,0,0,0,0,0,0,0,0,0,451.2,451.2,451.2,66.3,66.3,66.3,0.0,0.0,0.0,0.6343,0.6343,0.6343,0,0,0,1,1,1
18017,Bingen,49.968334,7.896389,,0,0,0,0,0,0,0,0,0,0,0,0,0,0,0,0,0,0,1,1,1,1,1,1,0,0,0,0,0,0,0,0,0,0,0,0,0,0,0,0,0,0,420.5,420.5,420.5,85.2,85.2,27.1,0.3,0.3,0.3,0.5869,0.5869,0.7323,1,1,1,1,1,1
18018,Birkenfeld,49.650002,7.1680555,,0,0,1,1,1,1,0,0,0,0,0,0,0,0,0,0,0,0,1,1,1,1,1,1,0,0,0,0,0,0,0,0,0,0,0,0,0,0,0,0,0,0,361.3,361.3,361.3,114.4,114.4,39.7,0.3,0.3,1.8,2.014,2.014,2.2008,1,1,2,2,2,2
18019,Bitburg,49.975555,6.5247221,,0,1,1,1,1,1,0,0,0,0,0,0,0,0,0,0,0,0,1,1,1,1,1,1,0,0,0,0,0,0,0,0,0,0,0,0,0,0,0,0,0,0,327.3,327.3,327.3,111.3,111.3,25.7,0.3,1.8,1.8,2.0217,2.0217,2.2357,1,2,2,2,2,2
18020,Boppard,50.231388,7.5905557,826.0,1,1,1,1,1,1,0,0,0,0,0,0,0,0,0,0,0,0,1,1,1,1,1,1,0,0,0,0,0,0,0,0,0,0,0,0,3,3,0,0,0,0,408.5,408.5,408.5,90.2,90.2,54.9,7.8,7.8,1.8,2.0744,2.0744,2.1627,3,3,2,2,2,2
18021,Braubach,50.274445,7.6480556,,0,1,1,1,1,1,0,0,0,0,0,0,0,0,0,0,0,0,1,1,1,1,1,1,0,0,0,0,1,1,0,0,0,0,0,0,0,0,0,0,0,0,414.0,414.0,414.0,88.3,88.3,53.9,0.3,1.8,1.8,2.0793,3.0793,3.1653,1,2,2,2,3,3
18022,Cochem,50.144444,7.1636109,,0,0,1,1,1,1,0,0,0,0,0,0,0,0,0,0,0,0,1,1,1,1,1,1,0,0,0,0,0,0,0,0,0,0,0,0,0,0,0,0,0,0,376.6,376.6,376.6,89.3,89.3,57.1,0.3,0.3,1.8,2.0766,2.0766,2.1574,1,1,2,2,2,2
18023,Daun,50.196667,6.8302779,,0,0,1,1,1,1,0,0,0,1,1,1,0,0,0,0,0,0,1,1,1,1,1,1,0,0,0,0,0,0,0,0,0,0,0,0,0,0,0,0,0,0,356.8,356.8,356.8,82.9,82.9,50.8,0.3,0.3,1.8,1.0928,1.0928,1.1731,1,1,2,1,1,1
18024,Deidesheim,49.409168,8.1866665,,0,0,0,1,1,1,0,0,0,0,0,0,0,0,0,0,0,0,1,1,1,1,1,1,0,0,0,0,0,0,0,0,0,0,0,0,0,0,0,0,0,0,429.6,429.6,429.6,37.9,37.9,37.9,0.3,0.3,0.3,2.2053,2.2053,2.2053,1,1,1,2,2,2
18025,Dierdorf,50.547501,7.6591668,,0,0,1,1,1,1,0,0,0,0,0,0,0,0,0,0,0,0,1,1,1,1,1,1,0,0,0,0,0,0,0,0,0,0,0,0,0,0,0,0,0,0,426.3,426.3,426.3,65.6,65.6,65.6,0.3,0.3,1.8,2.1361,2.1361,2.1361,1,1,2,2,2,2
18026,Diez,50.372501,8.0091667,,0,0,1,1,1,1,0,0,0,0,0,0,0,0,0,0,0,0,1,1,1,1,1,1,0,0,0,0,0,1,0,0,0,0,0,0,0,0,0,0,0,0,441.8,441.8,441.8,97.0,97.0,45.4,0.3,0.3,1.8,2.0574,2.0574,3.1866,1,1,2,2,2,3
18027,Edenkoben,49.282501,8.1269445,,0,0,0,0,0,0,0,0,0,0,0,0,0,0,0,0,0,0,1,1,1,1,1,1,0,0,0,0,0,0,0,0,0,0,0,0,0,0,0,0,0,0,424.0,424.0,424.0,44.6,44.6,44.6,0.3,0.3,0.3,0.6885,0.6885,0.6885,1,1,1,1,1,1
18028,Engers,50.424999,7.5450001,,0,0,0,1,1,1,0,0,0,0,0,0,0,0,0,0,0,0,1,1,1,1,1,1,0,0,0,0,0,0,0,0,0,0,0,0,0,0,0,0,0,0,413.4,413.4,413.4,70.3,70.3,70.0,0.3,0.3,0.3,2.1242,2.1242,2.125,1,1,1,2,2,2
18029,Frankenthal,49.535557,8.354167,,0,0,0,0,0,0,0,0,0,0,0,0,0,0,0,0,0,0,1,1,1,1,1,1,0,0,0,0,0,0,0,0,0,0,0,0,0,0,0,0,0,0,443.3,443.3,439.5,29.2,29.2,29.2,0.3,0.3,0.3,0.727,0.727,0.727,1,1,1,1,1,1
18030,Gau-Algesheim,49.9575,8.0147219,,0,0,0,1,1,1,0,0,0,0,0,0,0,0,0,0,0,0,1,1,1,1,1,1,0,0,1,1,1,1,0,0,0,0,0,0,0,0,0,0,0,0,428.3,428.3,428.3,78.7,78.7,19.0,0.3,0.3,1.3,3.1032,3.1032,3.2525,1,1,2,3,3,3
18031,Germersheim,49.217499,8.3741665,,0,1,1,1,1,1,0,0,0,0,0,0,0,0,0,0,0,0,1,1,1,1,1,1,0,0,0,0,0,0,0,0,0,0,0,0,0,3,0,0,0,0,441.4,441.4,441.4,32.5,32.5,32.5,0.3,7.8,1.8,2.2188,2.2188,2.2188,1,3,2,2,2,2
18032,Gerolstein,50.221943,6.6597223,,0,0,1,1,1,1,0,0,0,0,0,0,0,0,0,0,0,0,1,1,1,1,1,1,0,0,0,0,0,0,0,0,0,0,0,0,0,0,0,0,0,0,346.8,346.8,346.8,82.3,82.3,51.7,0.3,0.3,1.8,2.0941,2.0941,2.1706,1,1,2,2,2,2
18033,Gruenstadt,49.564724,8.1622219,,0,0,0,0,0,0,0,0,0,0,0,0,0,0,0,0,0,0,1,1,1,1,1,1,0,0,0,0,0,0,0,0,0,0,0,0,0,0,0,0,0,0,430.0,430.0,430.0,43.1,43.1,43.1,0.3,0.3,0.3,0.6922,0.6922,0.6922,1,1,1,1,1,1
18034,Hachenburg,50.661388,7.8216667,,1,1,1,1,1,1,0,0,0,0,0,0,0,0,1,1,1,1,1,1,1,1,1,1,0,0,0,0,0,1,0,0,0,0,0,0,0,0,0,0,0,0,442.0,442.0,442.0,67.9,67.9,67.9,1.8,1.8,2.5,2.8303,2.8303,3.8303,2,2,2,2,2,3
18035,Hoehr-Grenzhausen,50.433887,7.6683335,,0,0,0,0,0,0,0,0,0,0,0,0,0,0,0,0,0,0,1,1,1,1,1,1,0,0,0,0,0,0,0,0,0,0,0,0,0,0,0,0,0,0,421.8,421.8,421.8,75.0,75.0,64.5,0.3,0.3,0.3,0.6125,0.6125,0.6387,1,1,1,1,1,1
18036,Hornbach,49.187222,7.3680553,,1,1,1,1,1,1,0,0,0,0,0,0,0,0,0,1,1,1,1,1,1,1,1,1,0,0,0,0,0,0,0,0,0,0,0,0,2,2,2,0,0,0,368.3,368.3,368.3,100.4,100.4,82.3,5.8,5.8,5.8,2.7489,2.7489,2.7944,3,3,3,2,2,2
18037,Idar-Oberstein,49.713333,7.3119445,,0,0,1,1,1,1,0,0,0,0,0,0,0,0,0,0,0,0,1,1,1,1,1,1,0,0,0,0,0,0,0,0,0,0,0,0,0,0,0,0,0,0,372.9,372.9,372.9,106.3,106.3,48.4,0.3,0.3,1.8,2.0343,2.0343,2.1789,1,1,2,2,2,2
18038,Ingelheim,49.977779,8.0722218,,0,0,0,0,0,0,0,0,0,0,0,0,0,0,0,0,0,0,1,1,1,1,1,1,0,0,0,0,0,0,0,0,0,0,0,0,0,0,0,0,0,0,432.9,432.9,432.9,78.0,78.0,14.5,0.3,0.3,0.3,0.6051,0.6051,0.7638,1,1,1,1,1,1
18039,Kaiserslautern,49.443611,7.77,,0,1,1,1,1,1,0,0,0,0,0,0,0,0,0,0,0,0,1,1,1,1,1,1,0,0,0,0,1,1,0,0,0,0,0,0,0,2,2,2,2,2,400.1,400.1,400.1,68.1,68.1,68.1,0.3,5.8,5.8,6.1298,7.1298,7.1298,1,3,3,3,3,3
18040,Kandel,49.081112,8.1925001,,0,0,0,0,0,0,0,0,0,0,0,0,0,0,0,0,0,0,1,1,1,1,1,1,0,0,0,0,0,0,0,0,0,0,0,0,0,0,0,0,0,0,427.6,427.6,427.6,52.5,52.5,52.5,0.3,0.3,0.3,0.6688,0.6688,0.6688,1,1,1,1,1,1
18041,Kaub,50.089169,7.7649999,,0,0,1,1,1,1,0,0,0,0,0,0,0,0,0,0,0,0,1,1,1,1,1,1,0,0,0,0,0,0,0,0,0,0,0,0,0,0,0,0,0,0,415.2,415.2,415.2,101.5,101.5,37.5,0.3,0.3,1.8,2.0463,2.0463,2.2063,1,1,2,2,2,2
18042,Kirchberg (Hunsrueck),49.942223,7.4047222,,0,1,1,1,1,1,0,0,0,0,0,0,0,0,0,0,0,0,1,1,1,1,1,1,0,0,0,0,0,0,0,0,0,0,0,0,0,0,0,0,0,0,385.8,385.8,385.8,111.0,111.0,58.5,0.3,1.8,1.8,2.0226,2.0226,2.1538,1,2,2,2,2,2
18043,Kirchheimbolanden,49.663887,8.0113888,,0,0,0,1,1,1,0,0,0,0,0,0,0,0,0,0,0,0,1,1,1,1,1,1,0,0,0,0,0,0,0,0,0,0,0,0,0,0,0,0,0,0,421.1,421.1,421.1,57.7,57.7,41.8,0.3,0.3,0.3,2.1557,2.1557,2.1954,1,1,1,2,2,2
18044,Kirn,49.786667,7.4575,,0,0,1,1,1,1,0,0,0,0,0,0,0,0,0,0,0,0,1,1,1,1,1,1,0,0,0,0,0,0,0,0,0,0,0,0,0,0,0,0,0,0,385.0,385.0,385.0,99.5,99.5,58.7,0.3,0.3,1.8,2.0513,2.0513,2.1532,1,1,2,2,2,2
18045,Koblenz,50.360001,7.5925002,3852.0,0,0,1,1,1,1,0,0,0,0,0,0,0,0,0,0,0,0,1,1,1,1,1,1,0,0,1,1,1,1,0,0,0,0,0,0,0,0,0,0,0,0,413.8,413.8,413.8,78.2,78.2,62.7,0.3,0.3,2.8,3.1046,3.1046,3.1432,1,1,3,3,3,3
18046,Koblenz-Ehrenbreitstein,50.359165,7.6172223,,0,0,0,0,0,0,0,0,0,0,0,0,0,0,0,0,0,0,1,1,1,1,1,1,0,0,0,0,0,0,0,0,0,0,0,0,0,0,0,0,0,0,415.3,415.3,415.3,79.3,79.3,61.3,0.3,0.3,0.3,0.6019,0.6019,0.6467,1,1,1,1,1,1
18047,Konz,49.694443,6.5763888,,0,0,0,0,0,0,0,0,0,0,0,0,0,0,0,0,0,0,1,1,1,1,1,1,0,0,0,0,0,0,0,0,0,0,0,0,0,0,0,0,0,0,321.1,321.1,321.1,140.9,140.9,8.4,0.3,0.3,0.3,0.4478,0.4478,0.7791,1,1,1,1,1,1
18048,Kusel,49.537498,7.4002776,,0,1,1,1,1,1,0,0,0,0,0,0,0,0,0,0,0,0,1,1,1,1,1,1,0,0,0,0,0,0,0,0,0,0,0,0,0,0,0,0,0,0,375.3,375.3,375.3,95.7,95.7,59.8,0.3,1.8,1.8,2.0608,2.0608,2.1504,1,2,2,2,2,2
18049,Kyllburg,50.041943,6.5913887,,0,0,1,1,1,1,0,0,0,0,0,0,0,0,0,0,0,0,1,1,1,1,1,1,0,0,0,0,0,0,0,0,0,0,0,0,0,0,0,0,0,0,334.5,334.5,334.5,102.9,102.9,31.9,0.3,0.3,1.8,2.0426,2.0426,2.2202,1,1,2,2,2,2
18050,Lambrecht,49.372223,8.0708332,,0,0,0,0,0,0,0,0,0,0,0,0,0,0,0,0,0,0,1,1,1,1,1,1,0,0,0,0,0,0,0,0,0,0,0,0,0,0,0,0,0,0,420.8,420.8,420.8,46.5,46.5,46.5,0.3,0.3,0.3,0.6839,0.6839,0.6839,1,1,1,1,1,1
18051,Landau,49.196388,8.1122227,,0,1,1,1,1,1,0,0,0,0,0,0,0,0,0,0,0,0,1,1,1,1,1,1,0,0,0,0,1,1,0,0,0,0,0,0,0,3,3,3,3,3,422.3,422.3,422.3,49.5,49.5,49.5,0.3,7.8,7.8,8.1763,9.1763,9.1763,1,3,3,3,3,3
18052,Landstuhl,49.41,7.5686111,,0,0,1,1,1,1,0,0,0,0,0,0,0,0,0,0,0,0,1,1,1,1,1,1,0,0,0,0,0,1,0,0,0,0,0,0,0,0,0,0,0,0,385.2,385.2,385.2,82.6,82.6,77.2,0.3,0.3,1.8,2.0936,2.0936,3.1071,1,1,2,2,2,3
18053,Lauterecken,49.649445,7.5919442,,0,0,1,1,1,1,0,0,0,0,0,0,0,0,0,0,0,0,0,0,1,1,1,1,0,0,0,0,0,0,0,0,0,0,0,0,0,0,0,0,0,0,391.1,391.1,391.1,84.9,84.9,62.5,0.0,0.0,1.8,2.0877,2.0877,2.1438,0,0,2,2,2,2
18054,Linz,50.568611,7.2830558,,0,0,1,1,1,1,0,0,0,0,0,0,0,0,0,0,0,0,1,1,1,1,1,1,0,0,1,1,1,1,0,0,0,0,0,0,0,0,0,0,0,0,403.3,403.3,403.3,46.9,46.9,46.9,0.3,0.3,2.8,3.1828,3.1828,3.1828,1,1,3,3,3,3
18055,Ludwigshafen,49.483055,8.4477777,,0,0,0,0,0,0,0,0,0,0,0,0,0,0,0,0,0,0,0,0,0,0,0,0,0,0,0,0,0,0,0,0,0,0,0,0,0,0,0,0,0,0,449.2,449.2,434.0,20.6,20.6,20.6,0.0,0.0,0.0,0.4485,0.4485,0.4485,0,0,0,0,0,0
18056,Ludwigshafen-Oggersheim,49.491665,8.3758335,,0,0,1,1,1,1,0,0,0,0,0,0,0,0,0,0,0,0,1,1,1,1,1,1,0,0,1,1,1,1,0,0,0,0,0,0,0,0,0,0,0,0,444.2,444.2,438.9,25.8,25.8,25.8,0.3,0.3,2.8,3.2356,3.2356,3.2356,1,1,3,3,3,3
18057,Ludwigshafen-Oppau-Edigheim,49.529167,8.3894444,,0,0,0,0,0,0,0,0,0,0,0,0,0,0,0,0,0,0,1,1,1,1,1,1,0,0,0,0,0,0,0,0,0,0,0,0,0,0,0,0,0,0,445.7,445.7,437.2,26.6,26.6,26.6,0.3,0.3,0.3,0.7334,0.7334,0.7334,1,1,1,1,1,1
18058,Mainz,50.001945,8.2716665,4716.0,0,1,1,1,1,1,0,0,0,0,0,0,0,0,0,0,0,0,1,1,1,1,1,1,0,1,1,1,1,1,0,0,0,0,0,0,1,1,1,1,1,0,447.4,447.4,439.1,72.9,72.9,0.1,2.3,4.8,4.8,5.1178,5.1178,3.2997,2,3,3,3,3,3
18059,Marienberg,50.65139,7.9505553,,0,0,0,0,0,0,0,0,0,0,0,0,0,0,0,0,0,0,1,1,1,1,1,1,0,0,0,0,0,0,0,0,0,0,0,0,0,0,0,0,0,0,449.8,449.8,449.8,76.5,76.5,75.9,0.3,0.3,0.3,0.6087,0.6087,0.6104,1,1,1,1,1,1
18060,Mayen,50.328609,7.2222223,,0,1,1,1,1,1,0,0,0,0,0,0,0,0,0,0,0,0,1,1,1,1,1,1,0,0,0,0,0,0,0,0,0,0,0,0,0,0,0,0,0,0,388.2,388.2,388.2,70.2,70.2,70.2,0.3,1.8,1.8,2.1245,2.1245,2.1245,1,2,2,2,2,2
18061,Meisenheim,49.705555,7.6705556,,0,0,1,1,1,1,0,0,0,0,0,0,0,0,0,0,0,0,1,1,1,1,1,1,0,0,0,0,0,1,0,0,0,0,0,0,0,0,0,0,0,0,397.9,397.9,397.9,81.8,81.8,54.2,0.3,0.3,1.8,2.0954,2.0954,3.1646,1,1,2,2,2,3
18062,Montabaur,50.436111,7.8269444,,0,1,1,1,1,1,0,0,0,0,0,0,0,0,0,0,0,0,1,1,1,1,1,1,0,0,0,0,0,0,0,0,0,0,0,0,0,0,0,0,0,0,432.3,432.3,432.3,82.7,82.7,57.8,0.3,1.8,1.8,2.0933,2.0933,2.1554,1,2,2,2,2,2
18063,Nassau,50.315277,7.8013887,,0,0,1,1,1,1,0,0,0,0,0,0,0,0,0,0,0,0,1,1,1,1,1,1,0,0,0,0,0,0,0,0,0,0,0,0,0,0,0,0,0,0,425.8,425.8,425.8,91.1,91.1,48.4,0.3,0.3,1.8,2.0721,2.0721,2.1789,1,1,2,2,2,2
18064,Nastaetten,50.199444,7.8569446,,0,0,0,0,0,0,0,0,0,0,0,0,0,0,0,0,0,0,1,1,1,1,1,1,0,0,0,0,0,0,0,0,0,0,0,0,0,0,0,0,0,0,425.2,425.2,425.2,103.7,103.7,36.9,0.3,0.3,0.3,0.5409,0.5409,0.7077,1,1,1,1,1,1
18065,Neuerburg,50.011391,6.2947221,,0,0,1,1,1,1,0,0,0,0,0,0,0,0,0,0,0,0,1,1,1,1,1,1,0,0,0,0,0,0,0,0,0,0,0,0,0,0,0,0,0,0,313.6,313.6,313.6,113.2,113.2,37.7,0.3,0.3,1.8,2.0169,2.0169,2.2058,1,1,2,2,2,2
18066,Neustadt an der Weinstrasse,49.351944,8.1405554,,0,1,1,1,1,1,0,0,0,0,0,0,0,0,0,0,0,0,1,1,1,1,1,1,0,0,0,0,0,0,0,0,0,0,0,0,0,0,0,0,0,0,425.6,425.6,425.6,41.7,41.7,41.7,0.3,1.8,1.8,2.1956,2.1956,2.1956,1,2,2,2,2,2
18067,Neuwied,50.42889,7.4594445,,0,0,0,0,0,0,0,0,0,0,0,0,0,0,0,0,0,0,1,1,1,1,1,1,0,0,0,0,0,0,0,0,0,0,0,0,0,0,0,0,0,0,408.0,408.0,408.0,66.6,66.6,66.6,0.3,0.3,0.3,0.6335,0.6335,0.6335,1,1,1,1,1,1
18068,Niederlahnstein,50.310276,7.5952778,,0,0,0,0,0,0,0,0,0,0,0,0,0,0,0,0,0,0,1,1,1,1,1,1,0,0,0,0,0,0,0,0,0,0,0,0,0,0,0,0,0,0,411.9,411.9,411.9,82.9,82.9,59.2,0.3,0.3,0.3,0.5928,0.5928,0.652,1,1,1,1,1,1
18069,Niedermendig,50.372776,7.2802777,,0,0,0,0,0,0,0,0,0,0,0,0,0,0,0,0,0,0,1,1,1,1,1,1,0,0,0,0,0,0,0,0,0,0,0,0,0,0,0,0,0,0,393.9,393.9,393.9,66.7,66.7,66.7,0.3,0.3,0.3,0.6332,0.6332,0.6332,1,1,1,1,1,1
18070,Oberlahnstein,50.300278,7.6072221,,0,0,1,1,1,1,0,0,0,0,0,0,0,0,0,0,0,0,1,1,1,1,1,1,0,0,1,1,1,1,0,0,0,0,0,0,0,0,0,0,0,0,412.3,412.3,412.3,84.3,84.3,57.9,0.3,0.3,2.8,3.0893,3.0893,3.1553,1,1,3,3,3,3
18071,Obermoschel,49.727501,7.7736111,,0,0,1,1,1,1,0,0,0,0,0,0,0,0,0,0,0,0,1,1,1,1,1,1,0,0,0,0,0,1,0,0,0,0,0,0,0,0,0,0,0,0,405.7,405.7,405.7,76.2,76.2,46.9,0.3,0.3,1.8,2.1096,2.1096,3.1828,1,1,2,2,2,3
18072,Oberwesel,50.105835,7.7227778,,0,1,1,1,1,1,0,0,0,0,0,0,0,0,0,0,0,0,1,1,1,1,1,1,0,0,0,0,0,0,0,0,0,0,0,0,2,2,2,0,0,0,412.9,412.9,412.9,104.9,104.9,40.9,4.3,5.8,5.8,2.0378,2.0378,2.1978,3,3,3,2,2,2
18073,Oppenheim,49.848888,8.3561115,,1,1,1,1,1,1,0,0,0,0,0,0,0,0,0,0,0,0,1,1,1,1,1,1,0,0,0,0,0,0,0,0,0,0,0,0,2,2,2,0,0,0,449.4,449.4,434.5,55.0,55.0,17.9,5.8,5.8,5.8,2.1626,2.1626,2.2552,3,3,3,2,2,2
18074,Otterberg,49.504444,7.771111,,0,0,0,0,0,0,0,0,0,0,0,0,0,0,0,0,0,0,1,1,1,1,1,1,0,0,0,0,0,0,0,0,0,0,0,0,0,0,0,0,0,0,401.1,401.1,401.1,68.7,68.7,65.9,0.3,0.3,0.3,0.6284,0.6284,0.6353,1,1,1,1,1,1
18075,Pfeddersheim,49.637779,8.2772226,,0,0,1,1,1,1,0,0,0,0,0,0,0,0,0,0,0,0,1,1,1,1,1,1,0,0,0,0,0,0,0,0,0,0,0,0,2,2,2,2,2,2,439.5,439.5,439.5,40.2,40.2,40.2,4.3,4.3,5.8,6.1996,6.1996,6.1996,3,3,3,3,3,3
18076,Pirmasens,49.197224,7.6080556,,0,0,0,0,0,0,0,0,0,0,0,0,0,0,0,0,0,0,1,1,1,1,1,1,0,0,0,0,0,0,0,0,0,0,0,0,0,0,0,0,0,0,385.7,385.7,385.7,83.4,83.4,83.4,0.3,0.3,0.3,0.5916,0.5916,0.5916,1,1,1,1,1,1
18077,Pruem,50.207779,6.4200001,,0,0,0,0,0,0,0,0,0,0,0,0,0,0,0,0,0,0,1,1,1,1,1,1,0,0,0,0,0,0,0,0,0,0,0,0,0,0,0,0,0,0,330.7,330.7,330.7,89.7,89.7,52.6,0.3,0.3,0.3,0.5758,0.5758,0.6685,1,1,1,1,1,1
18078,Remagen,50.577778,7.2341666,,0,0,0,1,1,1,0,0,0,0,0,0,0,0,0,0,0,0,1,1,1,1,1,1,0,0,0,0,0,0,0,0,0,0,0,0,0,0,0,0,0,0,400.6,400.6,400.6,44.4,44.4,44.4,0.3,0.3,0.3,2.189,2.189,2.189,1,1,1,2,2,2
18079,Rockenhausen,49.628887,7.8219442,,0,0,1,1,1,1,0,0,0,0,0,0,0,0,0,0,0,0,1,1,1,1,1,1,0,0,0,0,0,0,0,0,0,0,0,0,0,0,0,0,0,0,407.0,407.0,407.0,68.5,68.5,52.4,0.3,0.3,1.8,2.1287,2.1287,2.1689,1,1,2,2,2,2
18080,Saarburg,49.608334,6.5486112,,0,1,1,1,1,1,0,0,0,0,0,0,0,0,1,1,1,1,1,1,1,1,1,1,0,0,0,0,0,0,0,0,0,0,0,0,0,0,0,0,0,0,316.8,316.8,316.8,150.7,150.7,17.8,0.3,1.8,2.5,2.6233,2.6233,2.9555,1,2,2,2,2,2
18081,St. Goar,50.150555,7.7144446,,0,1,1,1,1,1,0,0,0,0,0,0,0,0,0,0,0,0,1,1,1,1,1,1,0,0,0,0,0,0,0,0,0,0,0,0,0,0,0,0,0,0,413.9,413.9,413.9,102.5,102.5,43.1,0.3,1.8,1.8,2.0439,2.0439,2.1922,1,2,2,2,2,2
18082,St. Goarshausen,50.15139,7.7230554,,0,0,1,1,1,1,0,0,0,0,0,0,0,0,0,0,0,0,1,1,1,1,1,1,0,0,0,0,0,0,0,0,0,0,0,0,0,0,0,0,0,0,414.5,414.5,414.5,102.7,102.7,42.6,0.3,0.3,1.8,2.0433,2.0433,2.1935,1,1,2,2,2,2
18083,Schifferstadt,49.385555,8.374444,,0,0,0,0,0,0,0,0,0,0,0,0,0,0,0,0,0,0,1,1,1,1,1,1,0,0,0,0,0,0,0,0,0,0,0,0,0,0,0,0,0,0,442.8,442.8,441.4,24.4,24.4,24.4,0.3,0.3,0.3,0.7389,0.7389,0.7389,1,1,1,1,1,1
18084,Simmern,49.985001,7.5219445,,0,0,1,1,1,1,0,0,0,0,0,0,0,0,0,0,0,0,1,1,1,1,1,1,0,0,0,0,0,0,0,0,0,0,0,0,0,0,0,0,0,0,395.2,395.2,395.2,106.7,106.7,53.6,0.3,0.3,1.8,2.0334,2.0334,2.166,1,1,2,2,2,2
18085,Sinzig,50.54361,7.248889,,0,0,1,1,1,1,0,0,0,0,0,0,0,0,0,0,0,0,1,1,1,1,1,1,0,0,0,0,0,0,0,0,0,0,0,0,2,0,0,0,0,0,399.9,399.9,399.9,48.3,48.3,48.3,4.3,0.3,1.8,2.1793,2.1793,2.1793,3,1,2,2,2,2
18086,Sobernheim,49.783611,7.6538887,,0,0,1,1,1,1,0,0,0,0,0,0,0,0,0,0,0,0,1,1,1,1,1,1,0,0,0,0,0,0,0,0,0,0,0,0,0,0,0,0,0,0,398.6,398.6,398.6,86.7,86.7,50.4,0.3,0.3,1.8,2.0833,2.0833,2.174,1,1,2,2,2,2
18087,Speyer,49.316113,8.436389,,1,1,1,1,1,1,0,0,0,0,0,0,0,0,0,0,0,0,1,1,1,1,1,1,0,0,1,1,1,1,0,0,0,0,0,0,2,2,2,2,2,2,446.6,446.6,438.8,22.4,22.4,22.4,5.8,5.8,6.8,7.2439,7.2439,7.2439,3,3,3,3,3,3
18088,Stromberg,49.943611,7.7738891,,0,1,1,1,1,1,0,0,0,0,0,0,0,0,0,0,0,0,1,1,1,1,1,1,0,0,0,0,0,0,0,0,0,0,0,0,0,0,0,0,0,0,411.3,411.3,411.3,89.7,89.7,36.2,0.3,1.8,1.8,2.0758,2.0758,2.2096,1,2,2,2,2,2
18089,Traben-Trarbach,49.951111,7.1166668,,0,0,0,0,0,0,0,0,0,0,0,0,0,0,0,0,0,0,1,1,1,1,1,1,0,0,0,0,0,0,0,0,0,0,0,0,0,0,0,0,0,0,366.4,366.4,366.4,110.2,110.2,40.4,0.3,0.3,0.3,0.5244,0.5244,0.6991,1,1,1,1,1,1
18090,Trier,49.756668,6.6411109,,1,1,1,1,1,1,0,0,0,0,0,0,0,0,0,0,0,0,1,1,1,1,1,1,0,1,1,1,1,1,0,0,0,0,0,0,0,0,0,0,0,0,327.5,327.5,327.5,133.2,133.2,0.0,1.8,2.8,2.8,2.9669,2.9669,3.2999,2,3,3,3,3,3
18091,Unkel,50.5975,7.2169442,,0,0,0,0,0,1,0,0,0,0,0,0,0,0,0,0,0,0,1,1,1,1,1,1,0,0,0,0,0,0,0,0,0,0,0,0,0,0,0,0,0,0,400.5,400.5,400.5,41.9,41.9,41.9,0.3,0.3,0.3,0.6953,0.6953,2.1953,1,1,1,1,1,2
18092,Vallendar,50.398056,7.6224999,,0,0,0,0,0,0,0,0,0,0,0,0,0,0,0,0,0,0,1,1,1,1,1,1,0,1,1,1,1,1,0,0,0,0,0,0,0,0,0,0,0,0,417.3,417.3,417.3,76.0,76.0,63.9,0.3,1.3,1.3,1.61,1.61,1.6402,1,2,2,2,2,2
18093,Wachenheim,49.439724,8.1805553,,0,0,1,1,1,1,0,0,0,0,0,0,0,0,0,0,0,0,1,1,1,1,1,1,0,0,0,0,0,0,0,0,0,0,0,0,0,0,0,0,0,0,429.5,429.5,429.5,38.4,38.4,38.4,0.3,0.3,1.8,2.2039,2.2039,2.2039,1,1,2,2,2,2
18094,Westerburg,50.563057,7.9699998,,0,1,1,1,1,1,0,0,0,0,0,0,0,0,0,0,0,0,1,1,1,1,1,1,0,0,0,0,0,0,0,0,0,0,0,0,0,0,0,0,0,0,447.1,447.1,447.1,82.3,82.3,66.1,0.3,1.8,1.8,2.0942,2.0942,2.1347,1,2,2,2,2,2
18095,Wittlich,49.986111,6.8888888,,0,1,1,1,1,1,0,0,0,0,0,0,0,0,0,0,0,0,1,1,1,1,1,1,0,0,0,0,0,0,0,0,0,0,0,0,0,0,0,0,0,0,352.2,352.2,352.2,105.9,105.9,31.1,0.3,1.8,1.8,2.0352,2.0352,2.2223,1,2,2,2,2,2
18096,Wolfstein,49.583611,7.606111,,0,1,1,1,1,1,0,0,0,0,0,0,0,0,0,0,0,0,0,1,1,1,1,1,0,0,0,0,0,0,0,0,0,0,0,0,0,0,0,0,0,0,390.8,390.8,390.8,82.0,82.0,66.6,0.0,1.8,1.8,2.095,2.095,2.1335,0,2,2,2,2,2
18097,Worms,49.629723,8.3616667,,0,0,0,0,0,1,0,0,0,0,0,0,0,0,0,0,0,0,1,1,1,1,1,1,1,1,1,1,1,1,0,0,0,0,0,0,0,2,2,2,2,2,445.3,445.3,437.2,35.0,35.0,35.0,1.3,5.3,5.3,5.7125,5.7125,7.2125,2,3,3,3,3,3
18098,Zell,50.027222,7.1819444,,0,0,1,1,1,1,0,0,0,0,0,0,0,0,0,0,0,0,1,1,1,1,1,1,0,0,0,0,0,0,0,0,0,0,0,0,0,0,0,0,0,0,373.5,373.5,373.5,102.4,102.4,49.0,0.3,0.3,1.8,2.0439,2.0439,2.1774,1,1,2,2,2,2
18099,Zweibruecken,49.249168,7.3630557,,0,0,0,1,1,1,0,0,0,0,0,0,0,0,0,0,0,0,1,1,1,1,1,1,0,0,0,0,0,0,0,0,0,0,0,0,0,0,0,0,0,0,368.4,368.4,368.4,99.2,99.2,76.8,0.3,0.3,0.3,2.0519,2.0519,2.108,1,1,1,2,2,2
19001,Blieskastel,49.236946,7.2580557,,0,0,0,0,0,0,0,0,0,0,0,0,0,0,0,0,0,0,1,1,1,1,1,1,0,0,0,0,0,0,0,0,0,0,0,0,0,0,0,0,0,0,360.7,360.7,360.7,107.0,107.0,73.0,0.3,0.3,0.3,0.5325,0.5325,0.6176,1,1,1,1,1,1
19002,Dillingen,49.351387,6.7266665,,0,0,0,0,0,0,0,0,0,0,0,0,0,0,0,0,0,0,1,1,1,1,1,1,0,0,0,0,0,0,0,0,0,0,0,0,0,0,0,0,0,0,323.9,323.9,323.9,143.7,143.7,45.5,0.3,0.3,0.3,0.4407,0.4407,0.6863,1,1,1,1,1,1
19003,Dudweiler,49.275555,7.0358334,,0,0,0,0,0,0,0,0,0,0,0,0,0,0,0,0,0,0,1,1,1,1,1,1,0,0,0,0,0,0,0,0,0,0,0,0,0,0,0,0,0,0,345.1,345.1,345.1,122.2,122.2,60.6,0.3,0.3,0.3,0.4945,0.4945,0.6485,1,1,1,1,1,1
19004,Homburg,49.323612,7.3400002,,0,0,1,1,1,1,0,0,0,0,0,0,0,0,0,0,0,0,1,1,1,1,1,1,0,0,0,0,0,0,0,0,0,0,0,0,0,0,0,0,0,0,367.6,367.6,367.6,99.7,99.7,69.7,0.3,0.3,1.8,2.0508,2.0508,2.1257,1,1,2,2,2,2
19005,Merzig,49.443333,6.6424999,,0,0,0,0,0,0,0,0,0,0,0,0,0,0,0,0,0,0,1,1,1,1,1,1,0,0,0,0,0,0,0,0,0,0,0,0,0,0,0,0,0,0,319.5,319.5,319.5,149.6,149.6,34.8,0.3,0.3,0.3,0.4261,0.4261,0.7129,1,1,1,1,1,1
19006,Neunkirchen,49.345276,7.1780558,,0,0,0,0,0,0,0,0,0,0,0,0,0,0,0,0,0,0,1,1,1,1,1,1,0,0,0,0,0,0,0,0,0,0,0,0,0,0,0,0,0,0,356.2,356.2,356.2,111.1,111.1,59.9,0.3,0.3,0.3,0.5221,0.5221,0.6502,1,1,1,1,1,1
19007,Ottweiler,49.402222,7.1619444,,0,0,0,0,0,0,0,0,0,0,0,0,0,0,0,0,0,0,0,0,0,1,1,1,0,0,0,0,0,0,0,0,0,0,0,0,0,0,0,0,0,0,355.9,355.9,355.9,112.0,112.0,54.4,0.0,0.0,0.0,0.52,0.52,0.6639,0,0,0,1,1,1
19008,Alt-Saarbruecken,49.230278,6.9924998,,0,0,1,1,1,1,0,0,0,0,0,0,0,0,0,0,0,0,1,1,1,1,1,1,0,0,0,0,0,1,0,0,0,0,0,0,0,0,0,0,0,0,341.5,341.5,341.5,126.1,126.1,63.8,0.3,0.3,1.8,1.9848,1.9848,3.1405,1,1,2,2,2,3
19010,"Saarbruecken, Malstatt-Burbach",49.241943,6.9738889,,0,0,0,0,0,0,0,0,0,0,0,0,0,0,0,0,0,0,1,1,1,1,1,1,0,0,0,0,0,0,0,0,0,0,0,0,0,0,0,0,0,0,340.2,340.2,340.2,127.2,127.2,62.1,0.3,0.3,0.3,0.482,0.482,0.6448,1,1,1,1,1,1
19011,"Saarbruecken, St. Johann",49.232777,6.9963889,,0,0,1,1,1,1,0,0,0,0,0,0,0,0,0,0,0,0,1,1,1,1,1,1,0,0,0,0,0,0,0,0,0,0,0,0,0,0,0,0,0,0,341.8,341.8,341.8,125.8,125.8,63.6,0.3,0.3,1.8,1.9856,1.9856,2.1409,1,1,2,2,2,2
19012,Saarlouis,49.314724,6.749722,,0,0,0,0,0,0,0,0,0,0,0,0,0,0,0,0,0,0,0,0,0,0,0,0,0,0,0,0,0,0,0,0,0,0,0,0,0,0,0,0,0,0,325.0,325.0,325.0,142.4,142.4,49.8,0.0,0.0,0.0,0.1441,0.1441,0.3756,0,0,0,0,0,0
19013,St. Ingbert,49.278889,7.1149998,,0,0,0,0,0,0,0,0,0,0,0,0,0,0,0,0,0,0,1,1,1,1,1,1,0,0,0,0,0,0,0,0,0,0,0,0,0,0,0,0,0,0,350.8,350.8,350.8,116.5,116.5,63.2,0.3,0.3,0.3,0.5088,0.5088,0.6421,1,1,1,1,1,1
19014,St. Wendel,49.468056,7.1725001,,0,0,1,1,1,1,0,0,0,0,0,0,0,0,0,0,0,0,1,1,1,1,1,1,0,0,0,0,0,0,0,0,0,0,0,0,0,0,0,0,0,0,357.8,357.8,357.8,111.3,111.3,49.9,0.3,0.3,1.8,2.0216,2.0216,2.1751,1,1,2,2,2,2
19015,Sulzbach,49.298889,7.0599999,,0,0,0,0,0,0,0,0,0,0,0,0,0,0,0,0,0,0,0,0,1,1,1,1,0,0,0,0,0,0,0,0,0,0,0,0,0,0,0,0,0,0,347.1,347.1,347.1,120.2,120.2,59.2,0.0,0.0,0.3,0.4996,0.4996,0.652,0,0,1,1,1,1
19016,Voelklingen,49.249443,6.8541665,,0,0,0,0,0,0,0,0,0,0,0,0,0,0,0,0,0,0,1,1,1,1,1,1,0,0,0,0,0,0,0,0,0,0,0,0,0,0,0,0,0,0,331.7,331.7,331.7,135.7,135.7,58.5,0.3,0.3,0.3,0.4608,0.4608,0.6539,1,1,1,1,1,1
20001,Adelsheim,49.401943,9.3913889,,0,0,0,1,1,1,0,0,0,0,0,0,0,0,0,0,0,0,1,1,1,1,1,1,0,0,0,0,0,0,0,0,0,0,0,0,0,0,0,0,0,0,482.0,482.0,369.3,49.3,49.3,49.3,0.3,0.3,0.3,2.1767,2.1767,2.1767,1,1,1,2,2,2
20002,Ballenberg,49.403057,9.5500002,,0,0,1,1,1,1,0,0,0,0,0,0,0,0,0,0,0,0,1,1,1,1,1,1,0,0,0,0,0,0,0,0,0,0,0,0,0,0,0,0,0,0,477.6,477.6,358.1,60.8,52.0,52.0,0.3,0.3,1.8,2.148,2.1699,2.1699,1,1,2,2,2,2
20003,Boxberg,49.484722,9.6427774,,1,1,1,1,1,1,0,0,0,0,0,0,0,0,0,0,0,0,1,1,1,1,1,1,0,0,0,0,0,0,0,0,0,0,0,0,0,0,0,0,0,0,483.5,483.5,349.5,67.9,40.8,40.8,1.8,1.8,1.8,2.1302,2.1981,2.1981,2,2,2,2,2,2
20004,Bretten,49.036945,8.7066669,,0,1,1,1,1,1,0,0,0,0,0,0,0,0,0,0,0,0,1,1,1,1,1,1,0,0,0,0,1,1,0,0,0,0,0,0,0,0,0,0,0,0,465.0,465.0,428.3,41.6,41.6,41.6,0.3,1.8,1.8,2.196,3.196,3.196,1,2,2,2,3,3
20005,Bruchsal,49.125557,8.5974998,,1,1,1,1,1,1,0,0,0,0,0,0,0,0,0,0,0,0,1,1,1,1,1,1,1,1,1,1,1,1,0,0,0,0,0,0,0,0,0,0,0,0,457.2,457.2,433.0,32.8,32.8,32.8,2.8,2.8,2.8,3.2181,3.2181,3.2181,3,3,3,3,3,3
20006,Buchen,49.521667,9.3230553,,0,1,1,1,1,1,0,0,0,0,0,0,0,0,0,0,0,0,1,1,1,1,1,1,0,0,0,0,0,0,0,0,0,0,0,0,0,0,0,0,0,0,496.1,496.1,371.2,46.0,46.0,46.0,0.3,1.8,1.8,2.185,2.185,2.185,1,2,2,2,2,2
20007,Eberbach,49.462502,8.9877777,,1,1,1,1,1,1,0,0,0,0,0,0,0,0,0,0,0,0,1,1,1,1,1,1,0,0,1,1,1,1,0,0,0,0,0,0,2,2,0,0,0,0,487.8,487.8,396.2,20.9,20.9,20.9,5.8,5.8,2.8,3.2478,3.2478,3.2478,3,3,3,3,3,3
20008,Eppingen,49.137501,8.9088888,,0,1,1,1,1,1,0,0,0,0,0,0,0,0,0,0,0,0,1,1,1,1,1,1,0,0,0,0,0,0,0,0,0,0,0,0,0,0,0,0,0,0,471.3,471.3,410.9,33.7,33.7,33.7,0.3,1.8,1.8,2.2159,2.2159,2.2159,1,2,2,2,2,2
20009,Ettlingen,48.941944,8.4058332,,1,1,1,1,1,1,0,0,0,0,0,0,0,0,0,0,0,0,1,1,1,1,1,1,0,0,0,0,0,0,0,0,0,0,0,0,0,0,0,0,0,0,443.2,443.2,443.2,56.6,56.6,56.6,1.8,1.8,1.8,2.1584,2.1584,2.1584,2,2,2,2,2,2
20010,Freudenberg am Main,49.74139,9.3230553,,0,0,1,1,1,1,0,0,0,0,0,0,0,0,0,0,0,0,1,1,1,1,1,1,0,0,0,0,0,1,0,0,0,0,0,0,0,0,0,0,0,0,515.6,515.6,367.0,57.5,45.6,45.6,0.3,0.3,1.8,2.1563,2.186,3.186,1,1,2,2,2,3
20011,Gochsheim,49.102222,8.7416668,,0,1,1,1,1,1,0,0,0,0,0,0,0,0,0,0,1,1,1,1,1,1,1,1,0,0,0,0,0,1,0,0,0,0,0,0,0,0,0,0,0,0,467.7,467.7,423.7,34.4,34.4,34.4,0.3,1.8,1.8,2.214,2.914,3.914,1,2,2,2,2,3
20012,Gruensfeld,49.607498,9.7444448,,0,0,1,1,1,1,0,0,0,0,0,0,0,0,0,0,0,0,1,1,1,1,1,1,0,0,0,0,0,0,0,0,0,0,0,0,0,0,0,0,0,0,493.7,493.7,339.5,77.8,25.4,25.4,0.3,0.3,1.8,2.1054,2.2366,2.2366,1,1,2,2,2,2
20013,Heidelberg,49.410557,8.7038889,,1,1,1,1,1,1,0,0,0,0,0,0,0,0,0,0,0,0,1,1,1,1,1,1,0,0,0,1,1,1,0,0,0,0,0,0,0,0,0,0,0,0,466.8,466.8,417.5,0.4,0.4,0.4,1.8,1.8,1.8,3.2989,3.2989,3.2989,2,2,2,3,3,3
20014,Heidelsheim,49.101112,8.643611,,0,1,1,1,1,1,0,0,0,0,0,0,0,0,0,0,0,0,1,1,1,1,1,1,0,0,0,0,0,0,0,0,0,0,0,0,0,2,0,0,0,0,460.5,460.5,430.5,34.8,34.8,34.8,0.3,5.8,1.8,2.213,2.213,2.213,1,3,2,2,2,2
20015,Hilsbach,49.19611,8.8599997,,0,0,0,1,1,1,0,0,0,0,0,0,0,0,0,0,0,0,1,1,1,1,1,1,0,0,0,0,0,0,0,0,0,0,0,0,0,0,0,0,0,0,476.6,476.6,412.4,26.2,26.2,26.2,0.3,0.3,0.3,2.2344,2.2344,2.2344,1,1,1,2,2,2
20016,Hockenheim,49.31889,8.5472221,,0,0,0,0,0,0,0,0,0,0,0,0,0,0,0,0,0,0,1,1,1,1,1,1,0,0,0,0,0,0,0,0,0,0,0,0,0,0,0,0,0,0,454.7,454.7,430.9,15.6,15.6,15.6,0.3,0.3,0.3,0.761,0.761,0.761,1,1,1,1,1,1
20017,Karlsruhe,49.009445,8.4047222,,0,0,0,0,0,0,0,0,0,0,0,0,0,0,0,0,0,0,0,0,0,0,0,0,0,0,0,0,0,0,0,0,0,0,0,0,0,0,0,0,0,0,443.0,443.0,443.0,49.8,49.8,49.8,0.0,0.0,0.0,0.3754,0.3754,0.3754,0,0,0,0,0,0
20018,Karlsruhe-Durlach,48.999443,8.4705553,,1,1,1,1,1,1,0,0,0,0,0,0,0,0,0,0,0,0,1,1,1,1,1,1,0,0,0,0,0,0,0,0,0,0,0,0,0,0,0,0,0,0,447.8,447.8,445.9,48.9,48.9,48.9,1.8,1.8,1.8,2.1776,2.1776,2.1776,2,2,2,2,2,2
20019,Koenigshofen,49.548332,9.7299995,,0,0,0,1,1,1,0,0,0,0,0,0,0,0,0,0,0,0,1,1,1,1,1,1,0,0,0,0,0,0,0,0,0,0,0,0,0,0,0,0,0,0,487.9,487.9,341.8,75.3,31.4,31.4,0.3,0.3,0.3,2.1119,2.2214,2.2214,1,1,1,2,2,2
20020,Krautheim,49.384724,9.6341667,,0,0,1,1,1,1,0,0,0,0,0,0,0,0,0,0,0,0,0,0,0,1,1,1,0,0,0,0,0,0,0,0,0,0,0,0,0,0,0,0,0,0,473.4,473.4,352.7,66.9,50.7,50.7,0.0,0.0,1.5,2.1326,2.1732,2.1732,0,0,2,2,2,2
20021,Kuelsheim,49.670834,9.5174999,,0,1,1,1,1,1,0,0,0,0,0,0,0,0,0,0,0,0,1,1,1,1,1,1,0,0,0,0,0,1,0,0,0,0,0,0,0,0,0,0,0,0,506.1,506.1,354.4,65.0,34.1,34.1,0.3,1.8,1.8,2.1374,2.2148,3.2148,1,2,2,2,2,3
20022,Ladenburg,49.471943,8.6102781,,0,0,0,0,0,0,0,0,0,0,0,0,0,0,0,0,0,0,1,1,1,1,1,1,0,0,0,0,0,0,0,0,0,0,0,0,0,0,0,0,0,0,460.8,460.8,422.7,9.9,9.9,9.9,0.3,0.3,0.3,0.7752,0.7752,0.7752,1,1,1,1,1,1
20023,Lauda,49.57,9.7008333,,0,0,1,1,1,1,0,0,0,0,0,0,0,0,0,0,0,0,1,1,1,1,1,1,0,0,0,0,0,0,0,0,0,0,0,0,0,0,0,0,0,0,490.9,490.9,343.4,73.7,30.6,30.6,0.3,0.3,1.8,2.1157,2.2235,2.2235,1,1,2,2,2,2
20024,Mannheim,49.488888,8.4624996,,0,0,0,0,0,0,0,0,0,0,0,0,0,0,0,0,0,0,1,1,1,1,1,1,0,0,0,0,0,0,0,0,0,0,0,0,0,0,0,0,0,0,450.4,450.4,432.8,19.9,19.9,19.9,0.3,0.3,0.3,0.7503,0.7503,0.7503,1,1,1,1,1,1
20025,Mosbach,49.352501,9.1477776,,0,1,1,1,1,1,0,0,0,0,0,0,0,0,0,0,0,0,1,1,1,1,1,1,0,0,0,0,0,0,0,0,0,0,0,0,0,2,0,0,0,0,484.4,484.4,387.7,32.3,32.3,32.3,0.3,5.8,1.8,2.2191,2.2191,2.2191,1,3,2,2,2,2
20026,Neckarbischofsheim,49.294445,8.9608335,,0,0,0,1,1,1,0,0,0,0,0,0,0,0,0,0,0,0,1,1,1,1,1,1,0,0,0,0,0,1,0,0,0,0,0,0,0,0,0,0,0,0,484.4,484.4,402.5,22.3,22.3,22.3,0.3,0.3,0.3,2.2442,2.2442,3.2442,1,1,1,2,2,3
20027,Neckargemuend,49.394444,8.7972221,,1,1,1,1,1,1,0,0,0,0,0,0,0,0,0,0,0,0,1,1,1,1,1,1,0,0,0,0,0,0,0,0,0,0,0,0,3,3,3,0,0,0,473.4,473.4,411.3,6.6,6.6,6.6,7.8,7.8,7.8,2.2836,2.2836,2.2836,3,3,3,2,2,2
20028,Neudenau,49.2925,9.2705555,,1,1,1,1,1,1,0,0,0,0,0,0,0,0,0,0,0,0,0,1,1,1,1,1,0,0,0,0,0,0,0,0,0,0,0,0,0,0,0,0,0,0,474.5,474.5,380.8,42.7,42.7,42.7,1.5,1.8,1.8,2.1933,2.1933,2.1933,2,2,2,2,2,2
20029,Obergrombach,49.077221,8.5847225,,0,0,1,1,1,1,0,0,0,0,0,0,0,0,0,0,0,0,1,1,1,1,1,1,0,0,0,0,0,0,0,0,0,0,0,0,0,0,0,0,0,0,456.2,456.2,435.4,38.2,38.2,38.2,0.3,0.3,1.8,2.2045,2.2045,2.2045,1,1,2,2,2,2
20030,Osterburken,49.428333,9.4261112,,0,0,0,0,1,1,0,0,0,0,0,0,0,0,0,0,0,0,1,1,1,1,1,1,0,0,0,0,0,0,0,0,0,0,0,0,0,0,0,0,0,0,483.6,483.6,366.2,51.8,51.8,51.8,0.3,0.3,0.3,0.6704,2.1704,2.1704,1,1,1,1,2,2
20031,Pforzheim,48.891109,8.6988888,,1,1,1,1,1,1,0,0,0,0,0,0,0,0,0,0,0,0,1,1,1,1,1,1,0,0,0,0,0,0,0,0,0,0,0,0,0,0,0,0,0,0,455.8,455.8,434.1,57.8,57.8,48.8,1.8,1.8,1.8,2.1555,2.1555,2.178,2,2,2,2,2,2
20032,Philippsburg,49.236111,8.4533329,,0,0,1,1,1,1,0,0,0,0,0,0,0,0,0,0,0,0,1,1,1,1,1,1,0,0,0,0,0,0,0,0,0,0,0,0,0,0,0,0,0,0,447.3,447.3,439.7,26.9,26.9,26.9,0.3,0.3,1.8,2.2327,2.2327,2.2327,1,1,2,2,2,2
20033,Rotenberg,49.258335,8.7155552,,0,0,1,1,1,1,0,0,0,0,0,0,0,0,0,0,0,0,1,1,1,1,1,1,0,0,0,0,0,0,0,0,0,0,0,0,0,0,0,0,0,0,466.4,466.4,420.7,17.0,17.0,17.0,0.3,0.3,1.8,2.2576,2.2576,2.2576,1,1,2,2,2,2
20034,Schoenau,49.435833,8.8094444,,0,0,0,0,0,0,0,0,0,0,0,0,0,0,0,0,0,0,1,1,1,1,1,1,0,0,0,0,0,0,0,0,0,0,0,0,0,0,0,0,0,0,474.7,474.7,409.5,7.7,7.7,7.7,0.3,0.3,0.3,0.7807,0.7807,0.7807,1,1,1,1,1,1
20035,Schwetzingen,49.384445,8.5741663,,0,0,0,0,0,0,0,0,0,0,0,0,0,0,0,0,0,0,1,1,1,1,1,1,0,0,0,0,0,0,0,0,0,0,0,0,0,0,0,0,0,0,457.2,457.2,427.3,10.3,10.3,10.3,0.3,0.3,0.3,0.7743,0.7743,0.7743,1,1,1,1,1,1
20036,Sinsheim,49.252777,8.8786116,,1,1,1,1,1,1,0,0,0,0,0,0,0,0,0,0,0,0,1,1,1,1,1,1,0,0,0,0,0,0,0,0,0,0,0,0,2,2,2,0,0,0,478.2,478.2,409.4,21.4,21.4,21.4,5.8,5.8,5.8,2.2465,2.2465,2.2465,3,3,3,2,2,2
20037,Tauberbischofsheim,49.621944,9.6625004,,0,1,1,1,1,1,0,0,0,0,0,0,0,0,0,0,0,0,1,1,1,1,1,1,0,0,0,0,0,0,0,0,0,0,0,0,0,0,0,0,0,0,497.3,497.3,345.0,72.7,28.1,28.1,0.3,1.8,1.8,2.1184,2.2296,2.2296,1,2,2,2,2,2
20038,Unteroewisheim,49.143055,8.6683331,,0,0,0,0,0,0,0,0,0,0,0,0,0,0,0,0,0,0,1,1,1,1,1,1,0,0,0,0,0,0,0,0,0,0,0,0,0,0,0,0,0,0,462.4,462.4,427.5,29.9,29.9,29.9,0.3,0.3,0.3,0.7252,0.7252,0.7252,1,1,1,1,1,1
20039,Waibstadt,49.299721,8.9200001,,1,1,1,1,1,1,0,0,0,0,0,0,0,0,0,0,0,0,1,1,1,1,1,1,0,0,0,0,0,0,0,0,0,0,0,0,0,0,0,0,0,0,481.5,481.5,405.2,19.6,19.6,19.6,1.8,1.8,1.8,2.251,2.251,2.251,2,2,2,2,2,2
20040,Walldorf,49.303055,8.6424999,,0,0,0,0,0,0,0,0,0,0,0,0,0,0,0,0,0,0,1,1,1,1,1,1,0,0,0,0,0,0,0,0,0,0,0,0,0,0,0,0,0,0,461.4,461.4,424.6,13.0,13.0,13.0,0.3,0.3,0.3,0.7676,0.7676,0.7676,1,1,1,1,1,1
20041,Wallduern,49.582222,9.3680553,,0,1,1,1,1,1,0,0,0,0,0,0,0,0,0,0,0,0,1,1,1,1,1,1,0,0,0,0,1,1,0,0,0,0,0,0,0,0,0,0,0,0,501.0,501.0,366.7,51.2,48.1,48.1,0.3,1.8,1.8,2.172,3.1797,3.1797,1,2,2,2,3,3
20042,Weinheim,49.550556,8.6705551,,0,1,1,1,1,1,0,0,0,0,0,0,0,0,0,0,0,0,1,1,1,1,1,1,0,0,0,0,0,1,0,0,0,0,0,0,0,0,0,0,0,0,466.1,466.1,416.8,15.8,15.8,15.8,0.3,1.8,1.8,2.2605,2.2605,3.2605,1,2,2,2,2,3
20043,Wertheim,49.759445,9.5166664,,0,0,1,1,1,1,0,0,0,0,0,0,0,0,0,0,0,0,1,1,1,1,1,1,0,0,0,0,0,0,0,0,0,0,0,0,0,0,0,0,0,0,515.3,515.3,352.9,69.9,31.6,31.6,0.3,0.3,1.8,2.1253,2.2211,2.2211,1,1,2,2,2,2
20044,Wiesloch,49.293335,8.7011108,,1,1,1,1,1,1,0,0,0,0,0,0,0,0,0,0,0,0,1,1,1,1,1,1,0,0,0,0,0,0,0,0,0,0,0,0,0,0,0,0,0,0,465.6,465.6,420.7,13.1,13.1,13.1,1.8,1.8,1.8,2.2673,2.2673,2.2673,2,2,2,2,2,2
21001,Aach,47.843056,8.8525,,0,0,0,0,0,1,0,0,0,0,0,0,0,0,0,0,0,0,1,1,1,1,1,1,0,0,0,0,0,0,0,0,0,0,0,0,0,2,2,0,0,0,355.9,355.9,355.9,174.7,174.7,77.0,0.3,4.3,4.3,0.3634,0.3634,2.1076,1,3,3,1,1,2
21002,Achern,48.628613,8.0741663,,0,0,0,0,0,0,0,0,0,0,0,0,0,0,0,0,0,0,1,1,1,1,1,1,0,0,0,0,0,0,0,0,0,0,0,0,0,0,0,0,0,0,420.8,420.8,420.8,98.6,98.6,72.1,0.3,0.3,0.3,0.5536,0.5536,0.6198,1,1,1,1,1,1
21003,Baden-Baden,48.761665,8.2397223,,0,0,0,0,0,0,0,0,0,0,0,0,0,0,0,0,0,0,1,1,1,1,1,1,0,0,0,1,1,1,0,0,0,0,0,0,0,0,0,0,0,0,431.8,431.8,431.8,79.9,79.9,65.8,0.3,0.3,0.3,1.6002,1.6002,1.6356,1,1,1,2,2,2
21004,St. Blasien,47.761391,8.125556,,0,0,0,0,0,0,0,0,0,0,0,0,0,0,0,0,0,0,1,1,1,1,1,1,0,0,0,0,0,0,0,0,0,0,0,0,0,0,0,0,0,0,388.2,388.2,388.2,188.4,188.4,33.8,0.3,0.3,0.3,0.329,0.329,0.7154,1,1,1,1,1,1
21005,Blumberg,47.839443,8.5341663,,0,0,0,0,1,1,0,0,0,0,0,0,0,0,0,0,0,0,0,1,1,1,1,1,0,0,0,0,0,0,0,0,0,0,0,0,0,0,0,0,0,0,371.9,371.9,371.9,175.2,175.2,54.5,0.0,0.3,0.3,0.362,1.862,2.1637,0,1,1,1,2,2
21006,Blumenfeld,47.813889,8.6830559,,0,0,0,1,1,1,0,0,0,0,0,0,0,0,0,0,0,0,0,1,1,1,1,1,0,0,0,0,0,0,0,0,0,0,0,0,0,0,0,0,0,0,362.1,362.1,362.1,177.6,177.6,66.0,0.0,0.3,0.3,1.856,1.856,2.1351,0,1,1,2,2,2
21007,Bonndorf,47.819443,8.3430557,,0,0,0,0,0,0,0,0,0,0,0,0,0,0,0,0,0,0,1,1,1,1,1,1,0,0,0,0,0,0,0,0,0,0,0,0,0,0,0,0,0,0,380.5,380.5,380.5,179.0,179.0,42.3,0.3,0.3,0.3,0.3525,0.3525,0.6941,1,1,1,1,1,1
21008,Braeunlingen,47.93,8.4486113,,0,1,1,1,1,1,0,0,0,0,0,0,0,0,0,0,0,0,1,1,1,1,1,1,0,0,0,0,0,0,0,0,0,0,0,0,0,0,0,0,0,0,383.5,383.5,383.5,165.8,165.8,45.8,0.3,1.8,1.8,1.8855,1.8855,2.1855,1,2,2,2,2,2
21009,Breisach,48.031113,7.5830555,,1,1,1,1,1,1,0,0,0,0,0,0,0,0,0,0,0,0,1,1,1,1,1,1,0,0,0,0,0,0,0,0,0,0,0,0,0,0,0,0,3,0,397.0,397.0,397.0,174.3,174.3,19.6,1.8,1.8,1.8,1.8643,7.8643,2.251,2,2,2,2,3,2
21010,Buehl,48.69611,8.1363888,,0,0,0,0,0,0,0,0,0,0,0,0,0,0,0,0,0,0,0,1,1,1,1,1,0,0,0,0,0,0,0,0,0,0,0,0,0,0,0,0,0,0,424.7,424.7,424.7,89.8,89.8,70.5,0.0,0.3,0.3,0.5755,0.5755,0.6239,0,1,1,1,1,1
21011,Burkheim,48.100277,7.5972223,,0,1,1,1,1,1,0,0,0,0,0,0,0,0,0,0,0,0,1,1,1,1,1,1,0,0,0,0,0,0,0,0,0,0,0,0,0,0,0,0,0,0,396.0,396.0,396.0,167.0,167.0,21.4,0.3,1.8,1.8,1.8825,1.8825,2.2465,1,2,2,2,2,2
21012,Donaueschingen,47.951389,8.4975004,,0,0,0,0,0,0,0,0,0,0,0,0,0,0,0,0,0,0,1,1,1,1,1,1,0,0,0,0,0,0,0,0,0,0,0,0,0,0,0,0,0,0,382.7,382.7,382.7,163.0,163.0,49.1,0.3,0.3,0.3,0.3924,0.3924,0.6773,1,1,1,1,1,1
21013,Elzach,48.172222,8.0691671,,0,1,1,1,1,1,0,0,0,0,0,0,0,0,0,0,0,0,1,1,1,1,1,1,0,0,0,0,0,0,0,0,0,0,0,0,0,0,0,0,0,0,422.5,422.5,422.5,145.5,145.5,25.6,0.3,1.8,1.8,1.9362,1.9362,2.236,1,2,2,2,2,2
21014,Emmendingen,48.11972,7.8488889,,0,0,0,0,0,0,0,0,0,0,0,0,0,0,0,0,0,0,1,1,1,1,1,1,0,0,0,0,0,0,0,0,0,0,0,0,0,0,0,0,0,0,413.7,413.7,413.7,156.8,156.8,13.4,0.3,0.3,0.3,0.4079,0.4079,0.7664,1,1,1,1,1,1
21015,Endingen,48.140556,7.7030554,,0,1,1,1,1,1,0,0,0,0,0,0,0,0,0,0,0,0,1,1,1,1,1,1,0,0,1,1,1,1,0,0,0,0,0,0,0,0,0,0,0,0,402.6,402.6,402.6,159.4,159.4,18.8,0.3,1.8,2.8,2.9016,2.9016,3.2529,1,2,3,3,3,3
21016,Engen,47.853889,8.771944,,0,1,1,1,1,1,0,0,0,0,0,0,0,0,0,0,0,0,1,1,1,1,1,1,0,0,0,1,1,1,0,0,0,0,0,0,0,0,0,0,0,0,360.8,360.8,360.8,173.2,173.2,71.1,0.3,1.8,1.8,2.867,2.867,3.1222,1,2,2,3,3,3
21017,Ettenheim,48.254444,7.812778,,0,0,1,1,1,1,0,0,0,0,0,0,0,0,0,0,0,0,1,1,1,1,1,1,0,0,0,0,0,0,0,0,0,0,0,0,0,0,0,0,0,0,407.8,407.8,407.8,144.4,144.4,28.5,0.3,0.3,1.8,1.939,1.939,2.2288,1,1,2,2,2,2
21018,Freiburg/Br.,47.99472,7.8497224,,1,1,1,1,1,1,0,0,0,0,0,0,0,0,0,0,0,0,1,1,1,1,1,1,0,0,0,0,0,1,0,0,0,0,0,0,0,0,0,0,0,0,417.2,417.2,417.2,169.7,169.7,0.7,1.8,1.8,1.8,1.8759,1.8759,3.2981,2,2,2,2,2,3
21019,Freistett,48.664165,7.9397221,,0,0,0,0,0,0,0,0,0,0,0,0,0,0,0,0,0,0,1,1,1,1,1,1,0,0,0,0,0,0,0,0,0,0,0,0,0,0,0,0,0,0,410.6,410.6,410.6,100.2,100.2,74.3,0.3,0.3,0.3,0.5494,0.5494,0.6142,1,1,1,1,1,1
21020,Fuerstenberg (Suedbaden),47.891945,8.5522223,,0,1,1,1,1,1,0,0,0,0,0,0,0,0,0,0,0,0,1,1,1,1,1,1,0,0,0,0,0,0,0,0,0,0,0,0,0,0,0,0,0,0,375.1,375.1,375.1,169.3,169.3,54.2,0.3,1.8,1.8,1.8768,1.8768,2.1645,1,2,2,2,2,2
21021,Furtwangen,48.051388,8.2052774,,0,0,0,0,0,0,0,0,0,0,0,0,0,0,0,0,0,0,1,1,1,1,1,1,0,0,0,0,0,0,0,0,0,0,0,0,0,0,0,0,0,0,405.9,405.9,405.9,155.6,155.6,27.6,0.3,0.3,0.3,0.4109,0.4109,0.7309,1,1,1,1,1,1
21022,Gaggenau,48.803612,8.3194447,,0,0,0,0,0,0,0,0,0,0,0,0,0,0,0,0,0,0,0,1,1,1,1,1,0,0,0,0,0,0,0,0,0,0,0,0,0,0,0,0,0,0,437.4,437.4,437.4,73.3,73.3,62.6,0.0,0.3,0.3,0.6168,0.6168,0.6434,0,1,1,1,1,1
21023,Geisingen,47.922779,8.6497221,,0,0,1,1,1,1,0,0,0,0,0,0,0,0,0,0,0,0,1,1,1,1,1,1,0,0,0,0,0,0,0,0,0,0,0,0,0,0,0,0,0,0,372.6,372.6,372.6,165.5,165.5,60.7,0.3,0.3,1.8,1.8862,1.8862,2.1482,1,1,2,2,2,2
21024,Gengenbach,48.405556,8.0133333,,1,1,1,1,1,1,0,0,0,0,0,0,0,0,0,0,0,0,1,1,1,1,1,1,0,0,0,0,0,0,0,0,0,0,0,0,2,2,2,2,2,2,419.5,419.5,419.5,122.8,122.8,47.0,5.8,5.8,5.8,5.9929,5.9929,6.1826,3,3,3,3,3,3
21025,St. Georgen,48.12611,8.332222,,0,0,0,0,0,0,0,0,0,0,0,0,0,0,0,0,0,0,1,1,1,1,1,1,0,0,0,0,0,0,0,0,0,0,0,0,0,0,0,0,0,0,405.3,405.3,405.3,145.5,145.5,39.1,0.3,0.3,0.3,0.4362,0.4362,0.7023,1,1,1,1,1,1
21026,Gernsbach,48.763611,8.3374996,,1,1,1,1,1,1,0,0,0,0,0,0,0,0,0,0,0,0,1,1,1,1,1,1,0,0,0,0,0,0,0,0,0,0,0,0,0,0,0,0,0,0,438.9,438.9,438.9,76.9,76.9,59.4,1.8,1.8,1.8,2.1077,2.1077,2.1516,2,2,2,2,2,2
21027,Haslach,48.2775,8.0880556,,0,0,0,1,1,1,0,0,0,0,0,0,0,0,0,0,0,0,1,1,1,1,1,1,0,0,0,1,1,1,0,0,0,0,0,0,0,0,0,0,0,0,427.4,427.4,427.4,134.0,134.0,35.9,0.3,0.3,0.3,2.965,2.965,3.2101,1,1,1,3,3,3
21028,Hauenstein,47.581944,8.1072226,,0,0,1,1,1,1,0,0,0,0,0,0,0,0,0,0,0,0,1,1,1,1,1,1,0,0,0,0,0,0,0,0,0,0,0,0,0,0,0,0,0,0,376.4,376.4,376.4,208.2,208.2,39.0,0.3,0.3,1.8,1.8,1.8,2.2025,1,1,2,2,2,2
21029,Hausach,48.28389,8.1711111,,0,0,1,1,1,1,0,0,0,0,0,0,0,0,0,0,0,0,1,1,1,1,1,1,0,0,0,0,0,0,0,0,0,0,0,0,0,0,0,0,0,0,426.3,426.3,426.3,131.4,131.4,40.0,0.3,0.3,1.8,1.9716,1.9716,2.2,1,1,2,2,2,2
21030,Heitersheim,47.871666,7.6647224,,0,0,0,0,0,0,0,0,0,0,0,0,0,0,0,0,0,0,1,1,1,1,1,1,0,0,0,0,0,0,0,0,0,0,0,0,0,0,0,0,0,0,407.8,407.8,407.8,187.6,187.6,19.4,0.3,0.3,0.3,0.331,0.331,0.7516,1,1,1,1,1,1
21031,Herbolzheim,48.224167,7.7775002,,0,0,0,0,0,0,0,0,0,0,0,0,0,0,0,0,0,0,1,1,1,1,1,1,0,0,0,0,0,0,0,0,0,0,0,0,0,0,0,0,0,0,406.0,406.0,406.0,148.6,148.6,25.5,0.3,0.3,0.3,0.4286,0.4286,0.7363,1,1,1,1,1,1
21032,Hornberg,48.212502,8.2299995,,1,1,1,1,1,1,0,0,0,0,0,0,0,0,0,0,0,0,0,1,1,1,1,1,0,0,0,0,0,1,0,0,0,0,0,0,0,0,0,0,0,0,417.5,417.5,417.5,137.8,137.8,37.3,1.5,1.8,1.8,1.9555,1.9555,3.2067,2,2,2,2,2,3
21033,Huefingen,47.925278,8.4888887,,0,0,0,1,1,1,0,0,0,0,0,0,0,0,0,0,0,0,1,1,1,1,1,1,0,0,0,0,0,0,0,0,0,0,0,0,0,0,0,0,0,0,381.1,381.1,381.1,166.0,166.0,48.9,0.3,0.3,0.3,1.885,1.885,2.1779,1,1,1,2,2,2
21034,Kandern,47.714722,7.6627779,,0,0,0,0,0,0,0,0,0,0,0,0,0,0,0,0,0,0,1,1,1,1,1,1,0,0,0,0,0,0,0,0,0,0,0,0,0,0,0,0,0,0,411.8,411.8,411.8,203.7,203.7,18.1,0.3,0.3,0.3,0.3,0.3,0.7547,1,1,1,1,1,1
21035,Kehl,48.572224,7.8130555,,0,0,0,0,0,0,0,0,0,0,0,0,0,0,0,0,0,0,0,1,1,1,1,1,0,0,0,0,0,0,0,0,0,0,0,0,0,0,0,0,0,0,402.4,402.4,402.4,113.9,113.9,63.8,0.0,0.3,0.3,0.5152,0.5152,0.6406,0,1,1,1,1,1
21036,Kenzingen,48.19278,7.769722,,1,1,1,1,1,1,0,0,0,0,0,0,0,0,0,0,0,0,1,1,1,1,1,1,0,0,0,0,0,0,0,0,0,0,0,0,0,0,0,0,0,0,406.1,406.1,406.1,151.9,151.9,22.2,1.8,1.8,1.8,1.9201,1.9201,2.2445,2,2,2,2,2,2
21037,Konstanz,47.662498,9.1758337,,1,1,1,1,1,1,0,0,0,0,0,0,0,0,0,0,0,0,1,1,1,1,1,1,0,1,1,1,1,1,0,0,0,0,0,0,2,2,2,2,2,2,324.9,324.9,324.9,197.4,197.4,95.9,5.8,6.8,6.8,6.8065,6.8065,7.0602,3,3,3,3,3,3
21038,Kuppenheim,48.827499,8.2541666,,0,0,0,1,1,1,0,0,0,0,0,0,0,0,0,0,0,0,1,1,1,1,1,1,0,0,0,0,0,0,0,0,0,0,0,0,0,0,0,0,0,0,432.5,432.5,432.5,72.9,72.9,68.1,0.3,0.3,0.3,2.1178,2.1178,2.1298,1,1,1,2,2,2
21039,Lahr,48.33889,7.8741665,,0,0,0,1,1,1,0,0,0,0,0,0,0,0,0,0,0,0,1,1,1,1,1,1,0,0,0,0,0,0,0,0,0,0,0,0,0,0,0,0,0,0,410.6,410.6,410.6,134.0,134.0,37.9,0.3,0.3,0.3,1.9651,1.9651,2.2053,1,1,1,2,2,2
21040,Laufenburg,47.564999,8.0605555,,0,0,1,1,1,1,0,0,0,0,0,0,0,0,0,0,0,0,1,1,1,1,1,1,0,0,0,1,1,1,0,0,0,0,0,0,0,0,0,0,0,0,378.0,378.0,378.0,210.8,210.8,35.4,0.3,0.3,1.8,2.8,2.8,3.2115,1,1,2,3,3,3
21041,Lichtenau (Baden),48.725834,8.0086107,,0,1,1,1,1,1,0,0,0,0,0,0,0,0,0,0,0,0,0,1,1,1,1,1,0,0,0,0,0,0,0,0,0,0,0,0,0,0,0,0,0,0,415.1,415.1,415.1,91.7,91.7,80.4,0.0,1.8,1.8,2.0707,2.0707,2.0991,0,2,2,2,2,2
21042,Loeffingen,47.88361,8.3436108,,0,0,0,0,0,0,0,0,0,0,0,0,0,0,0,0,0,0,1,1,1,1,1,1,0,0,0,0,0,1,0,0,0,0,0,0,0,0,0,0,0,0,385.4,385.4,385.4,171.9,171.9,39.5,0.3,0.3,0.3,0.3701,0.3701,1.7013,1,1,1,1,1,2
21043,Loerrach,47.611946,7.6597223,,0,0,0,0,0,0,0,0,0,0,0,0,0,0,0,0,0,0,1,1,1,1,1,1,0,0,0,0,0,0,0,0,0,0,0,0,0,0,0,0,0,0,405.2,405.2,405.2,214.5,214.5,7.9,0.3,0.3,0.3,0.3,0.3,0.7803,1,1,1,1,1,1
21044,Mahlberg,48.288055,7.8097224,,1,1,1,1,1,1,0,0,0,0,0,0,0,0,0,0,0,0,1,1,1,1,1,1,0,0,0,0,0,0,0,0,0,0,0,0,0,0,0,0,0,0,406.9,406.9,406.9,141.2,141.2,32.2,1.8,1.8,1.8,1.9471,1.9471,2.2194,2,2,2,2,2,2
21045,Markdorf,47.720276,9.3888893,,0,0,0,0,1,1,0,0,0,0,0,0,0,0,0,0,0,0,1,1,1,1,1,1,0,0,0,0,0,1,0,0,0,0,0,0,0,0,0,0,0,0,319.9,319.9,319.9,194.5,194.5,92.4,0.3,0.3,0.3,0.3137,1.8137,3.0689,1,1,1,1,2,3
21046,Meersburg,47.695,9.2733335,,0,1,1,1,1,1,0,0,0,0,0,0,0,0,0,0,0,0,1,1,1,1,1,1,0,0,0,0,0,0,0,0,0,0,0,0,0,0,0,0,0,0,323.0,323.0,323.0,195.3,195.3,93.3,0.3,1.8,1.8,1.8119,1.8119,2.0668,1,2,2,2,2,2
21047,Messkirch,47.9925,9.1111107,,0,1,1,1,1,1,0,0,0,0,0,0,0,0,0,0,0,0,1,1,1,1,1,1,0,0,0,0,0,0,0,0,0,0,0,0,0,0,0,0,0,0,356.5,356.5,356.5,160.4,160.4,59.0,0.3,1.8,1.8,1.8989,1.8989,2.1526,1,2,2,2,2,2
21048,Moehringen,47.957779,8.7633333,,0,0,1,1,1,1,0,0,0,0,0,0,0,0,0,0,0,0,1,1,1,1,1,1,0,0,0,0,0,0,0,0,0,0,0,0,0,0,0,0,0,0,369.9,369.9,369.9,161.6,161.6,66.4,0.3,0.3,1.8,1.8959,1.8959,2.1341,1,1,2,2,2,2
21049,Muellheim,47.808056,7.6308331,,0,0,0,0,0,0,0,0,0,0,0,0,0,0,0,0,0,0,1,1,1,1,1,1,0,0,0,0,0,0,0,0,0,0,0,0,0,0,0,0,0,0,407.5,407.5,407.5,195.1,195.1,26.4,0.3,0.3,0.3,0.3123,0.3123,0.7339,1,1,1,1,1,1
21050,Neuenburg,47.813889,7.5597224,,1,1,1,1,1,1,0,0,0,0,0,0,0,0,0,0,0,0,1,1,1,1,1,1,0,0,0,0,1,1,0,0,0,0,0,0,2,2,0,0,0,0,402.3,402.3,402.3,196.7,196.7,28.4,5.8,5.8,1.8,1.8083,2.8083,3.2291,3,3,2,2,3,3
21051,Neustadt/Sch.,47.915833,8.2122221,,0,0,0,0,0,0,0,0,0,0,0,0,0,0,0,0,0,0,0,1,1,1,1,1,0,0,0,0,0,0,0,0,0,0,0,0,0,0,0,0,0,0,394.9,394.9,394.9,170.2,170.2,29.1,0.0,0.3,0.3,0.3745,0.3745,0.7273,0,1,1,1,1,1
21052,Oberkirch,48.531666,8.0769444,,0,0,1,1,1,1,0,0,0,0,0,0,0,0,0,0,0,0,1,1,1,1,1,1,0,1,1,1,1,1,0,0,0,0,0,0,0,0,0,0,0,0,422.2,422.2,422.2,108.1,108.1,61.7,0.3,1.3,2.8,3.0297,3.0297,3.1457,1,2,3,3,3,3
21053,Offenburg,48.472221,7.9433331,,1,1,1,1,1,1,0,0,0,0,0,0,0,0,0,0,0,0,1,1,1,1,1,1,0,0,0,0,1,1,0,0,0,0,0,0,2,2,2,2,2,2,413.3,413.3,413.3,118.4,118.4,53.2,5.8,5.8,5.8,6.0039,7.0039,7.1671,3,3,3,3,3,3
21054,Oppenau,48.474445,8.165,,0,1,1,1,1,1,0,0,0,0,0,0,0,0,0,0,0,0,1,1,1,1,1,1,0,0,0,0,0,0,0,0,0,0,0,0,0,0,0,0,0,0,429.5,429.5,429.5,111.5,111.5,58.0,0.3,1.8,1.8,2.0213,2.0213,2.1549,1,2,2,2,2,2
21055,Pfullendorf,47.923611,9.2552776,,1,1,1,1,1,1,0,0,0,0,0,0,0,0,0,0,0,0,1,1,1,1,1,1,0,0,0,1,1,1,0,0,0,0,0,0,0,2,2,2,2,2,344.0,344.0,344.0,170.2,170.2,68.1,1.8,5.8,5.8,6.8746,6.8746,7.1298,2,3,3,3,3,3
21056,Radolfzell,47.738888,8.9686108,,0,1,1,1,1,1,0,0,0,0,0,0,0,0,0,0,0,0,1,1,1,1,1,1,0,0,0,0,1,1,0,0,0,0,0,0,0,0,0,0,3,0,341.5,341.5,341.5,186.9,186.9,87.3,0.3,1.8,1.8,1.8328,8.8328,3.0818,1,2,2,2,3,3
21057,Rastatt,48.857498,8.2025003,,0,0,0,0,0,0,0,0,0,0,0,0,0,0,0,0,0,0,1,1,1,1,1,1,0,0,0,0,0,0,0,0,0,0,0,0,0,0,0,0,0,0,428.6,428.6,428.6,71.8,71.8,71.8,0.3,0.3,0.3,0.6206,0.6206,0.6206,1,1,1,1,1,1
21058,Renchen,48.587776,8.0133333,,0,0,1,1,1,1,0,0,1,1,1,1,0,0,0,0,0,0,1,1,1,1,1,1,0,0,0,0,0,0,0,0,0,0,0,0,0,0,0,0,0,0,416.9,416.9,416.9,104.7,104.7,66.7,0.3,0.3,0.8,1.0383,1.0383,1.1333,1,1,1,1,1,1
21059,Rheinfelden,47.561111,7.7836113,,0,0,0,0,0,0,0,0,0,0,0,0,0,0,0,0,0,0,0,0,0,0,0,0,0,0,0,0,0,0,0,0,0,0,0,0,0,0,0,0,0,0,394.4,394.4,394.4,216.7,216.7,14.6,0.0,0.0,0.0,0.0,0.0,0.4634,0,0,0,0,0,0
21060,Saeckingen,47.552502,7.9486113,,1,1,1,1,1,1,0,0,0,0,0,0,0,0,0,0,0,0,1,1,1,1,1,1,0,0,0,0,0,0,0,0,0,0,0,0,0,0,0,0,0,0,383.8,383.8,383.8,214.1,214.1,27.0,1.8,1.8,1.8,1.8,1.8,2.2324,2,2,2,2,2,2
21061,Schiltach,48.290001,8.3422222,,1,1,1,1,1,1,0,0,0,0,0,0,0,0,0,0,0,0,1,1,1,1,1,1,0,0,0,0,0,1,0,0,0,0,0,0,0,0,0,0,0,0,418.3,418.3,418.3,127.5,127.5,49.2,1.8,1.8,1.8,1.9812,1.9812,3.1769,2,2,2,2,2,3
21062,Schoenau i. W.,47.785831,7.893889,,0,0,0,0,0,0,0,0,0,0,0,0,0,0,0,0,0,0,1,1,1,1,1,1,0,0,0,0,0,0,0,0,0,0,0,0,0,0,0,0,0,0,403.1,403.1,403.1,190.4,190.4,24.0,0.3,0.3,0.3,0.324,0.324,0.74,1,1,1,1,1,1
21063,Schopfheim,47.650002,7.8227777,,1,1,1,1,1,1,0,0,0,0,0,0,0,0,0,0,0,0,1,1,1,1,1,1,0,0,0,1,1,1,0,0,0,0,0,0,0,0,0,0,0,0,397.9,397.9,397.9,206.4,206.4,20.2,1.8,1.8,1.8,2.8,2.8,3.2494,2,2,2,3,3,3
21064,Singen,47.759445,8.835,,0,0,0,0,0,0,0,0,0,0,0,0,0,0,0,0,0,0,1,1,1,1,1,1,0,0,0,0,0,0,0,0,0,0,0,0,0,0,0,0,0,0,349.9,349.9,349.9,183.9,183.9,78.7,0.3,0.3,0.3,0.3403,0.3403,0.6033,1,1,1,1,1,1
21065,Staufen,47.88028,7.729722,,0,1,1,1,1,1,0,0,0,0,0,0,0,0,0,0,0,0,1,1,1,1,1,1,0,0,0,0,0,0,0,0,0,0,0,0,0,0,0,0,0,0,412.1,412.1,412.1,184.8,184.8,15.6,0.3,1.8,1.8,1.838,1.838,2.2609,1,2,2,2,2,2
21066,Steinbach,48.728054,8.1594448,,0,1,1,1,1,1,0,0,0,0,0,0,0,0,0,0,0,0,1,1,1,1,1,1,0,0,0,0,0,0,0,0,0,0,0,0,0,0,0,0,0,0,426.2,426.2,426.2,85.9,85.9,69.9,0.3,1.8,1.8,2.0853,2.0853,2.1253,1,2,2,2,2,2
21067,Stockach,47.84861,9.0088892,,0,0,0,0,0,0,0,0,0,0,0,0,0,0,0,0,0,0,1,1,1,1,1,1,0,0,0,0,0,0,0,0,0,0,0,0,0,0,0,0,0,0,348.8,348.8,348.8,175.1,175.1,74.9,0.3,0.3,0.3,0.3622,0.3622,0.6127,1,1,1,1,1,1
21068,Stuehlingen,47.745277,8.4458332,,0,1,1,1,1,1,0,0,0,0,0,0,0,0,0,0,0,0,1,1,1,1,1,1,0,0,0,0,0,0,0,0,0,0,0,0,0,0,0,0,0,0,369.2,369.2,369.2,186.2,186.2,53.1,0.3,1.8,1.8,1.8344,1.8344,2.1672,1,2,2,2,2,2
21069,Sulzburg,47.839722,7.71,,1,1,1,1,1,1,0,0,0,0,0,0,0,0,0,0,0,0,1,1,1,1,1,1,0,0,0,0,0,0,0,0,0,0,0,0,0,0,0,0,0,0,412.1,412.1,412.1,189.5,189.5,20.3,1.8,1.8,1.8,1.8262,1.8262,2.2493,2,2,2,2,2,2
21070,Tengen,47.82111,8.6608334,,0,1,1,1,1,1,0,0,0,0,0,0,0,0,0,0,0,0,1,1,1,1,1,1,0,0,0,0,0,0,0,0,0,0,0,0,0,0,0,0,0,0,363.8,363.8,363.8,176.8,176.8,64.1,0.3,1.8,1.8,1.858,1.858,2.1396,1,2,2,2,2,2
21071,Tiengen,47.981945,7.7144446,,1,1,1,1,1,1,0,0,0,0,0,0,0,0,0,0,0,0,1,1,1,1,1,1,0,0,0,0,0,0,0,0,0,0,0,0,0,0,0,0,0,0,407.8,407.8,407.8,174.9,174.9,9.7,1.8,1.8,1.8,1.8628,1.8628,2.2758,2,2,2,2,2,2
21072,Todtnau,47.829166,7.9475002,,0,0,0,0,0,0,0,0,0,0,0,0,0,0,0,0,0,0,0,1,1,1,1,1,0,0,0,0,0,0,0,0,0,0,0,0,0,0,0,0,0,0,403.2,403.2,403.2,184.6,184.6,20.5,0.0,0.3,0.3,0.3385,0.3385,0.7489,0,1,1,1,1,1
21073,Triberg,48.128887,8.2311115,,0,0,1,1,1,1,0,0,0,0,0,0,0,0,0,0,0,0,1,1,1,1,1,1,0,0,0,0,0,0,0,0,0,0,0,0,0,0,0,0,0,0,410.7,410.7,410.7,146.8,146.8,32.3,0.3,0.3,1.8,1.933,1.933,2.2192,1,1,2,2,2,2
21074,Ueberlingen,47.768333,9.1591663,,0,1,1,1,1,1,0,0,0,0,0,0,0,0,0,0,0,0,1,1,1,1,1,1,0,0,0,1,1,1,0,0,0,0,0,0,0,2,2,2,2,2,334.8,334.8,334.8,185.6,185.6,84.1,0.3,5.8,5.8,6.836,6.836,7.0898,1,3,3,3,3,3
21075,Villingen,48.058056,8.459444,,1,1,1,1,1,1,0,0,0,0,0,0,0,0,0,0,0,0,1,1,1,1,1,1,0,0,0,0,0,0,0,0,0,0,0,0,0,0,0,0,0,0,393.3,393.3,393.3,151.5,151.5,46.4,1.8,1.8,1.8,1.9211,1.9211,2.1841,2,2,2,2,2,2
21076,Voehrenbach,48.045277,8.3044443,,1,1,1,1,1,1,0,0,0,0,0,0,0,0,0,0,0,0,1,1,1,1,1,1,0,0,0,0,0,0,0,0,0,0,0,0,0,0,0,0,0,0,400.2,400.2,400.2,154.7,154.7,34.8,1.8,1.8,1.8,1.9132,1.9132,2.2131,2,2,2,2,2,2
21077,Waldkirch,48.093887,7.9611111,,0,1,1,1,1,1,0,0,0,0,0,0,0,0,0,0,0,0,1,1,1,1,1,1,0,0,0,0,0,0,0,0,0,0,0,0,0,0,0,0,0,0,422.1,422.1,422.1,156.4,156.4,13.8,0.3,1.8,1.8,1.909,1.909,2.2656,1,2,2,2,2,2
21078,Waldshut,47.623333,8.2136106,,0,1,1,1,1,1,0,0,0,0,0,0,0,0,0,0,0,0,1,1,1,1,1,1,0,0,0,0,0,0,0,0,0,0,0,0,0,0,0,0,0,0,373.2,373.2,373.2,202.1,202.1,47.4,0.3,1.8,1.8,1.8,1.8,2.1815,1,2,2,2,2,2
21079,Wehr,47.629723,7.9044442,,0,0,0,0,0,0,0,0,0,0,0,0,0,0,0,0,0,0,1,1,1,1,1,1,0,0,0,0,0,0,0,0,0,0,0,0,0,0,0,0,0,0,391.7,391.7,391.7,206.8,206.8,24.9,0.3,0.3,0.3,0.3,0.3,0.7377,1,1,1,1,1,1
21080,Weil,47.594166,7.6294446,,0,0,0,0,0,0,0,0,0,0,0,0,0,0,0,0,0,0,1,1,1,1,1,1,0,0,0,0,0,0,0,0,0,0,0,0,0,0,0,0,0,0,405.9,405.9,405.9,217.1,217.1,4.9,0.3,0.3,0.3,0.3,0.3,0.7877,1,1,1,1,1,1
21081,Wolfach,48.298611,8.2213888,,0,1,1,1,1,1,0,0,0,0,0,0,0,0,0,0,0,0,1,1,1,1,1,1,0,0,0,0,0,1,0,0,0,0,0,0,0,0,0,0,0,0,425.0,425.0,425.0,128.7,128.7,43.6,0.3,1.8,1.8,1.9781,1.9781,3.191,1,2,2,2,2,3
21082,Zell a. H.,48.346111,8.061944,,0,1,1,1,1,1,0,0,0,0,0,0,0,0,0,0,0,0,1,1,1,1,1,1,0,0,0,0,0,0,0,0,0,0,0,0,0,2,2,2,2,2,424.1,424.1,424.1,127.5,127.5,41.9,0.3,5.8,5.8,5.9812,5.9812,6.1953,1,3,3,3,3,3
21083,Zell i. W.,47.7075,7.8519444,,0,0,0,0,0,0,0,0,0,0,0,0,0,0,0,0,0,0,0,0,1,1,1,1,0,0,0,0,0,0,0,0,0,0,0,0,0,0,0,0,0,0,400.1,400.1,400.1,199.7,199.7,25.7,0.0,0.0,0.3,0.3009,0.3009,0.7358,0,0,1,1,1,1
22001,Abenberg,49.24139,10.963333,,0,0,1,1,1,1,0,0,0,0,0,0,0,0,0,0,0,0,1,1,1,1,1,1,0,0,0,0,0,0,0,0,0,0,0,0,0,0,0,0,0,0,431.9,431.9,266.0,164.4,95.2,62.7,0.3,0.3,1.8,1.889,2.0621,2.1434,1,1,2,2,2,2
22002,Allersberg,49.251389,11.236389,,0,0,1,1,1,1,0,0,0,0,0,0,0,0,0,0,0,0,1,1,1,1,1,1,0,0,0,0,0,0,0,0,0,0,0,0,0,0,0,0,0,0,430.2,430.2,247.3,183.9,110.4,55.7,0.3,0.3,1.8,1.8402,2.0241,2.1609,1,1,2,2,2,2
22003,Altdorf,49.385834,11.355278,,0,0,0,1,1,1,0,0,0,0,0,0,0,0,0,0,0,0,1,1,1,1,1,1,0,0,0,0,1,1,0,0,0,0,0,0,0,0,0,0,0,0,444.2,444.2,233.7,178.6,110.7,69.1,0.3,0.3,0.3,1.8535,3.0234,3.1274,1,1,1,2,3,3
22004,Alzenau,50.086666,9.0716667,,0,0,0,0,1,1,0,0,0,0,0,0,0,0,0,0,0,0,1,1,1,1,1,1,0,0,0,0,0,0,0,0,0,0,0,0,0,0,0,0,0,0,505.1,505.1,381.6,79.5,71.1,57.9,0.3,0.3,0.3,0.6012,2.1222,2.1552,1,1,1,1,2,2
22005,Amorbach,49.644444,9.2180557,,0,1,1,1,1,1,0,0,0,0,0,0,0,0,0,0,0,0,1,1,1,1,1,1,0,0,0,0,0,1,0,0,0,0,0,0,2,0,0,0,0,0,506.6,506.6,376.1,44.9,44.9,44.9,4.3,1.8,1.8,2.1877,2.1877,3.1877,3,2,2,2,2,3
22006,Ansbach,49.302502,10.571667,,0,0,0,0,1,1,0,0,0,0,0,0,0,0,0,0,0,0,1,1,1,1,1,1,0,0,0,0,0,0,0,0,0,0,0,0,0,0,0,0,0,0,444.2,444.2,290.3,135.4,70.3,70.3,0.3,0.3,0.3,0.4616,2.1242,2.1242,1,1,1,1,2,2
22007,Arnstein,49.978611,9.9666662,,0,1,1,1,1,1,0,0,0,0,0,0,0,0,0,0,0,0,1,1,1,1,1,1,0,0,0,0,0,0,0,0,0,0,0,0,0,0,0,0,0,0,528.0,528.0,318.4,110.2,20.8,20.8,0.3,1.8,1.8,2.0244,2.2479,2.2479,1,2,2,2,2,2
22008,Arzberg,50.056946,12.185278,,0,0,0,0,1,1,0,0,0,0,0,0,0,0,0,0,0,0,0,1,1,1,1,1,0,0,0,0,0,0,0,0,0,0,0,0,0,0,0,0,0,0,517.6,517.6,159.6,130.9,130.9,130.9,0.0,0.3,0.401,0.4727,1.9727,1.9727,0,1,1,1,2,2
22009,Aschaffenburg,49.973331,9.1477776,317.0,1,1,1,1,1,1,0,0,0,0,0,0,0,0,0,0,0,0,1,1,1,1,1,1,0,0,0,1,1,1,0,0,0,0,0,0,0,0,0,0,0,0,507.7,507.7,376.8,70.0,61.2,61.2,1.8,1.8,1.8,3.125,3.1471,3.1471,2,2,2,3,3,3
22010,Aub,49.551666,10.064167,,0,0,0,0,1,1,0,0,0,0,0,0,0,0,0,0,0,0,1,1,1,1,1,1,0,0,0,0,0,0,0,0,0,0,0,0,0,0,0,0,0,0,480.6,480.6,318.2,99.1,27.8,27.8,0.3,0.3,0.3,0.5523,2.2305,2.2305,1,1,1,1,2,2
22011,Bad Berneck i. Fichtelgeb.,50.04361,11.666945,,0,0,1,1,1,1,0,0,0,0,0,0,0,0,0,0,0,0,1,1,1,1,1,1,0,0,0,1,1,1,0,0,0,0,0,0,0,0,0,0,0,0,515.8,515.8,196.7,113.2,113.2,113.2,0.3,0.3,1.8084,3.0169,3.0169,3.0169,1,1,2,3,3,3
22012,Bad Kissingen,50.199722,10.078889,,1,1,1,1,1,1,0,0,0,0,0,0,0,0,0,0,0,0,1,1,1,1,1,1,0,0,0,0,0,0,0,0,0,0,0,0,0,0,0,0,0,0,549.6,549.6,309.7,109.7,46.3,46.3,1.8,1.8,1.8,2.0257,2.1843,2.1843,2,2,2,2,2,2
22013,Bad Neustadt a. d. Saale,50.322777,10.215555,,1,1,1,1,1,1,0,0,0,0,0,0,0,0,0,0,0,0,1,1,1,1,1,1,0,0,0,0,0,0,0,0,0,0,0,0,0,0,0,0,0,0,560.5,560.5,300.4,92.9,62.0,62.0,1.8,1.8,1.8,2.0676,2.145,2.145,2,2,2,2,2,2
22014,Bad Windsheim,49.502499,10.416945,,0,0,1,1,1,1,0,0,0,0,0,0,0,0,0,0,0,0,1,1,1,1,1,1,0,0,0,1,1,1,0,0,0,0,0,0,0,0,0,2,2,2,468.4,468.4,294.7,123.8,46.3,46.3,0.3,0.3,1.8,6.9905,7.1842,7.1842,1,1,2,3,3,3
22015,Baiersdorf,49.656944,11.031111,,0,0,0,0,0,0,0,0,0,0,0,0,0,0,0,0,0,0,1,1,1,1,1,1,0,0,0,0,0,0,0,0,0,0,0,0,0,0,0,0,0,0,476.8,476.8,247.6,147.0,78.9,78.9,0.3,0.3,0.3,0.4326,0.6028,0.6028,1,1,1,1,1,1
22016,Bamberg,49.893612,10.886111,,0,0,1,1,1,1,0,0,0,0,0,0,0,0,0,0,0,0,1,1,1,1,1,1,0,0,0,1,1,1,0,0,0,0,0,0,0,0,0,0,0,0,504.4,504.4,253.6,121.1,67.8,67.8,0.3,0.3,1.8,2.9972,3.1304,3.1304,1,1,2,3,3,3
22017,Baunach,49.988056,10.85,473.0,0,0,1,1,1,1,0,0,0,0,0,0,0,0,0,0,0,0,1,1,1,1,1,1,0,0,0,0,0,0,0,0,0,0,0,0,0,0,0,0,0,0,515.2,515.2,255.3,110.9,67.9,67.9,0.3,0.3,1.8,2.0227,2.1304,2.1304,1,1,2,2,2,2
22018,Bayreuth,49.943333,11.577778,479.0,1,1,1,1,1,1,0,0,0,0,0,0,0,0,0,0,0,0,1,1,1,1,1,1,0,0,0,1,1,1,0,0,0,0,0,0,0,0,0,0,0,0,504.9,504.9,203.8,121.4,117.6,117.6,1.8,1.8,1.8,2.9965,3.0059,3.0059,2,2,2,3,3,3
22019,Betzenstein,49.68222,11.418056,,0,0,0,1,1,1,0,0,0,0,0,0,0,0,0,0,0,0,1,1,1,1,1,1,0,0,0,0,0,0,0,0,0,0,0,0,0,0,0,0,0,0,476.7,476.7,219.8,146.7,106.0,101.8,0.3,0.3,0.3,1.9332,2.0351,2.0454,1,1,1,2,2,2
22020,Bischofsheim a. d. Rhoen,50.400833,10.009167,,0,0,0,0,0,1,0,0,0,0,0,0,0,0,0,0,0,0,0,1,1,1,1,1,0,0,0,0,0,0,0,0,0,0,0,0,0,0,0,0,0,0,572.5,572.5,315.6,96.6,67.9,67.9,0.0,0.3,0.3,0.5585,0.6303,2.1303,0,1,1,1,1,2
22021,Brueckenau,50.310276,9.790556,,0,0,1,1,1,1,0,0,0,0,0,0,0,0,0,0,0,0,0,1,1,1,1,1,0,0,0,0,0,0,0,0,0,0,0,0,0,0,0,0,0,0,560.7,560.7,330.5,114.9,58.9,58.9,0.0,0.3,1.8,2.0128,2.1528,2.1528,0,1,2,2,2,2
22022,Burgbernheim,49.450279,10.324445,,0,0,0,0,0,0,0,0,0,0,0,0,0,0,0,0,0,0,1,1,1,1,1,1,0,0,0,0,0,0,0,0,0,0,0,0,0,0,0,0,0,0,464.5,464.5,302.6,116.8,46.4,46.4,0.3,0.3,0.3,0.5079,0.684,0.684,1,1,1,1,1,1
22023,Burgkunstadt,50.141109,11.251667,,0,0,1,1,1,1,0,0,0,0,0,0,0,0,0,0,0,0,1,1,1,1,1,1,0,0,0,0,0,0,0,0,0,0,0,0,0,0,0,0,0,0,528.5,528.5,226.1,94.4,94.4,94.4,0.3,0.3,1.8,2.064,2.064,2.064,1,1,2,2,2,2
22024,Coburg,50.259167,10.96,1238.0,0,0,1,1,1,1,0,0,0,0,0,0,0,0,0,0,0,0,1,1,1,1,1,1,0,0,0,0,1,1,0,0,0,0,0,0,0,0,0,0,0,0,543.9,543.9,247.2,80.2,80.2,80.2,0.3,0.3,1.8,2.0996,3.0996,3.0996,1,1,2,2,3,3
22025,Creussen,49.844166,11.624444,1256.0,0,0,0,1,1,1,0,0,0,0,0,0,0,0,0,0,0,0,1,1,1,1,1,1,0,0,0,0,0,1,0,0,0,0,0,0,0,0,0,0,0,0,493.8,493.8,201.9,132.9,120.0,120.0,0.3,0.3,0.3,1.9677,1.9999,2.9999,1,1,1,2,2,3
22026,Dettelbach,49.801388,10.160277,,0,0,0,0,0,1,0,0,0,0,0,0,0,0,0,0,0,0,1,1,1,1,1,1,0,0,0,0,0,0,0,0,0,0,0,0,0,0,0,0,0,0,505.3,505.3,306.5,113.2,14.9,14.9,0.3,0.3,0.3,0.5171,0.7628,2.2628,1,1,1,1,1,2
22027,Dinkelsbuehl,49.068611,10.32,,0,0,1,1,1,1,0,0,0,0,0,0,0,0,0,0,0,0,1,1,1,1,1,1,0,0,1,1,1,1,0,0,0,0,0,0,0,2,2,2,2,2,423.8,423.8,316.6,122.9,84.6,84.6,0.3,4.3,6.8,6.9927,7.0885,7.0885,1,3,3,3,3,3
22028,Ebermannstadt,49.779167,11.184722,,0,0,1,1,1,1,0,0,0,0,0,0,0,0,0,0,0,0,1,1,1,1,1,1,0,0,0,0,0,0,0,0,0,0,0,0,0,0,0,0,0,0,489.0,489.0,234.2,133.8,88.4,88.4,0.3,0.3,1.8,1.9655,2.079,2.079,1,1,2,2,2,2
22029,Ebern,50.098331,10.794723,1661.0,0,0,1,1,1,1,0,0,0,0,0,0,0,0,0,0,0,0,1,1,1,1,1,1,0,0,0,0,0,0,0,0,0,0,0,0,0,0,0,0,0,0,527.9,527.9,258.7,99.3,69.2,69.2,0.3,0.3,1.8,2.0517,2.127,2.127,1,1,2,2,2,2
22030,Ebrach,49.847778,10.497222,,0,0,0,0,0,0,0,0,0,0,0,0,0,0,0,0,0,0,1,1,1,1,1,1,0,0,0,0,0,0,0,0,0,0,0,0,0,0,0,0,0,0,504.5,504.5,281.9,131.4,39.5,39.5,0.3,0.3,0.3,0.4716,0.7012,0.7012,1,1,1,1,1,1
22031,Eibelstadt,49.724724,10.000834,,0,0,0,0,1,1,0,0,0,0,0,0,0,0,0,0,0,0,1,1,1,1,1,1,0,0,0,0,0,0,0,0,0,0,0,0,0,0,0,0,0,0,500.3,500.3,319.1,99.4,8.1,8.1,0.3,0.3,0.3,0.5515,2.2796,2.2796,1,1,1,1,2,2
22032,Eichstaett,48.890835,11.185,,1,1,1,1,1,1,0,0,0,0,0,0,0,0,0,0,0,0,1,1,1,1,1,1,0,0,0,0,1,1,0,0,0,0,0,0,0,0,0,0,0,0,390.9,390.9,269.0,189.1,134.1,22.4,1.8,1.8,1.8,1.8274,2.9647,3.244,2,2,2,2,3,3
22033,Ellingen,49.060555,10.967778,,0,0,0,1,1,1,0,0,0,0,0,0,0,0,0,0,0,0,1,1,1,1,1,1,0,0,0,0,0,0,0,0,0,0,0,0,0,0,0,0,0,0,412.0,412.0,273.9,168.5,109.5,46.8,0.3,0.3,0.3,1.8788,2.0263,2.183,1,1,1,2,2,2
22034,Eltmann,49.97139,10.664444,,0,0,1,1,1,1,0,0,0,0,0,0,0,0,0,0,0,0,1,1,1,1,1,1,0,0,0,0,0,0,0,0,0,0,0,0,0,0,0,0,0,0,515.6,515.6,268.6,115.0,54.7,54.7,0.3,0.3,1.8,2.0125,2.1631,2.1631,1,1,2,2,2,2
22035,Erlangen,49.595001,11.004723,1831.0,0,0,0,1,1,1,0,0,0,0,0,0,0,0,0,0,0,0,1,1,1,1,1,1,0,0,0,0,0,0,0,0,0,0,0,0,0,0,0,0,0,0,470.3,470.3,251.0,153.9,78.7,78.7,0.3,0.3,0.3,1.9153,2.1032,2.1032,1,1,1,2,2,2
22036,Feuchtwangen,49.1675,10.331388,,1,1,1,1,1,1,0,0,0,0,0,0,0,0,0,0,0,0,1,1,1,1,1,1,0,0,0,0,0,0,0,0,0,0,0,0,0,2,2,0,0,0,434.1,434.1,311.8,120.7,74.5,74.5,1.8,5.8,5.8,1.9983,2.1136,2.1136,2,3,3,2,2,2
22037,Fladungen,50.522221,10.143056,,0,0,1,1,1,1,0,0,0,0,0,0,0,0,0,0,0,0,1,1,1,1,1,1,0,0,0,0,0,0,0,0,0,0,0,0,0,0,0,0,0,0,583.2,583.2,307.6,80.6,80.6,80.6,0.3,0.3,1.8,2.0985,2.0985,2.0985,1,1,2,2,2,2
22038,Forchheim,49.720001,11.058056,1973.0,0,0,1,1,1,1,0,0,0,0,0,0,0,0,0,0,0,0,1,1,1,1,1,1,0,0,0,0,0,1,0,0,0,0,0,0,0,0,0,0,0,0,483.5,483.5,244.3,140.0,79.7,79.7,0.3,0.3,1.8,1.9501,2.1006,3.1006,1,1,2,2,2,3
22039,Fuerth,49.477222,10.989722,,0,0,0,0,0,0,0,0,0,0,0,0,0,0,0,0,0,0,1,1,1,1,1,1,0,0,0,0,0,0,0,0,0,0,0,0,0,0,0,0,0,0,457.5,457.5,255.5,165.0,82.4,82.4,0.3,0.3,0.3,0.3876,0.594,0.594,1,1,1,1,1,1
22040,Gefrees,50.094723,11.738611,,0,0,0,0,1,1,0,0,0,0,0,0,0,0,0,0,0,0,0,0,0,1,1,1,0,0,0,0,0,0,0,0,0,0,0,0,0,0,0,0,0,0,521.4,521.4,191.4,110.2,110.2,110.2,0.0,0.0,0.0216,0.5244,2.0244,2.0244,0,0,0,1,2,2
22041,Gemuenden a. Main,50.051109,9.7005558,,0,0,0,0,0,0,0,0,0,0,0,0,0,0,0,0,0,0,1,1,1,1,1,1,0,0,0,0,0,0,0,0,0,0,0,0,0,0,0,0,0,0,541.4,541.4,336.9,100.7,34.1,34.1,0.3,0.3,0.3,0.5483,0.7148,0.7148,1,1,1,1,1,1
22042,Gerolzhofen,49.899723,10.350833,,0,0,0,1,1,1,0,0,0,0,0,0,0,0,0,0,0,0,1,1,1,1,1,1,0,0,0,0,0,1,0,0,0,0,0,0,0,0,0,0,0,0,512.5,512.5,291.7,129.3,30.9,30.9,0.3,0.3,0.3,1.9767,2.2226,3.2226,1,1,1,2,2,3
22043,Goldkronach,50.010834,11.686666,,0,0,0,1,1,1,0,0,0,0,0,0,0,0,0,0,0,0,1,1,1,1,1,1,0,0,0,0,0,0,0,0,0,0,0,0,0,0,0,0,0,0,512.2,512.2,195.4,117.1,117.1,117.1,0.3,0.3,0.3114,2.0072,2.0072,2.0072,1,1,1,2,2,2
22044,Graefenberg,49.645832,11.248611,,0,0,1,1,1,1,0,0,0,0,0,0,0,0,0,0,0,0,1,1,1,1,1,1,0,0,0,0,0,0,0,0,0,0,0,0,0,0,0,0,0,0,473.7,473.7,232.6,149.0,94.5,94.5,0.3,0.3,1.8,1.9275,2.0637,2.0637,1,1,2,2,2,2
22045,Greding,49.046391,11.353056,,1,1,1,1,1,1,0,0,0,0,0,0,0,0,0,0,0,0,1,1,1,1,1,1,0,0,0,0,0,0,0,0,0,0,0,0,0,0,0,0,0,0,406.6,406.6,249.7,196.1,130.8,31.6,1.8,1.8,1.8,1.8096,1.973,2.2211,2,2,2,2,2,2
22046,Gunzenhausen,49.113335,10.759167,,0,1,1,1,1,1,0,0,0,0,0,0,0,0,0,0,0,0,1,1,1,1,1,1,0,0,0,0,0,0,0,0,0,0,0,0,0,0,0,0,0,0,420.7,420.7,285.3,152.3,95.3,62.1,0.3,1.8,1.8,1.9192,2.0618,2.1447,1,2,2,2,2,2
22047,Hallstadt,49.928333,10.875,,0,0,0,0,0,0,0,0,0,0,0,0,0,0,0,0,0,0,1,1,1,1,1,1,0,0,0,0,0,0,0,0,0,0,0,0,0,0,0,0,0,0,508.3,508.3,254.0,117.3,67.8,67.8,0.3,0.3,0.3,0.5067,0.6305,0.6305,1,1,1,1,1,1
22048,Hammelburg,50.115276,9.8908329,,0,0,1,1,1,1,0,0,0,0,0,0,0,0,0,0,0,0,1,1,1,1,1,1,0,0,0,0,0,0,0,0,0,0,0,0,0,0,0,0,0,0,544.2,544.2,323.1,115.4,36.3,36.3,0.3,0.3,1.8,2.0114,2.2092,2.2092,1,1,2,2,2,2
22049,Hassfurt,50.031387,10.506389,,1,1,1,1,1,1,0,0,0,0,0,0,0,0,0,0,0,0,1,1,1,1,1,1,0,0,0,0,0,1,0,0,0,0,0,0,0,0,0,0,0,0,524.3,524.3,279.5,111.7,47.8,47.8,1.8,1.8,1.8,2.0207,2.1806,3.1806,2,2,2,2,2,3
22050,Heideck,49.132221,11.126389,,0,0,0,0,1,1,0,0,0,0,0,0,0,0,0,0,0,0,1,1,1,1,1,1,0,0,0,0,0,1,0,0,0,0,0,0,0,0,0,0,0,0,418.1,418.1,260.1,178.0,112.1,46.2,0.3,0.3,0.3,0.3549,2.0199,3.1846,1,1,1,1,2,3
22051,Heilsbronn,49.337776,10.790277,,0,0,0,0,0,0,0,0,0,0,0,0,0,0,0,0,0,0,1,1,1,1,1,1,0,0,0,0,0,0,0,0,0,0,0,0,0,0,0,0,0,0,444.7,444.7,274.0,150.8,78.6,78.6,0.3,0.3,0.3,0.4229,0.6034,0.6035,1,1,1,1,1,1
22052,Helmbrechts,50.236668,11.715834,,0,0,0,0,1,1,0,0,0,0,0,0,0,0,0,0,0,0,1,1,1,1,1,1,0,0,0,0,0,0,0,0,0,0,0,0,0,0,0,0,0,0,537.2,537.2,193.4,95.6,95.6,95.6,0.3,0.3,0.3164,0.5611,2.0611,2.0611,1,1,1,1,2,2
22053,Herrieden,49.232777,10.497222,,0,1,1,1,1,1,0,0,0,0,0,0,0,0,0,0,0,0,1,1,1,1,1,1,0,0,0,0,1,1,0,0,0,0,0,0,0,0,0,0,0,0,437.9,437.9,298.0,131.0,73.5,73.5,0.3,1.8,1.8,1.9724,3.1163,3.1163,1,2,2,2,3,3
22054,Hersbruck,49.509445,11.4325,,1,1,1,1,1,1,0,0,0,0,0,0,0,0,0,0,0,0,1,1,1,1,1,1,1,1,1,1,1,1,0,0,0,0,0,0,0,0,0,0,0,0,457.4,457.4,223.9,165.8,111.0,82.6,2.8,2.8,2.8,2.8854,3.0225,3.0935,3,3,3,3,3,3
22055,Herzogenaurach,49.568333,10.883611,,0,0,0,0,1,1,0,0,0,0,0,0,0,0,0,0,0,0,1,1,1,1,1,1,0,1,1,1,1,1,0,0,0,0,0,0,0,0,0,0,0,0,468.7,468.7,260.2,157.2,71.4,71.4,0.3,1.3,1.3,1.407,3.1216,3.1216,1,2,2,2,3,3
22056,Hilpoltstein,49.189167,11.191667,,0,0,1,1,1,1,0,0,0,0,0,0,0,0,0,0,0,0,1,1,1,1,1,1,0,0,0,0,0,0,0,0,0,0,0,0,0,0,0,0,0,0,423.7,423.7,253.1,181.6,111.7,50.0,0.3,0.3,1.8,1.846,2.0207,2.175,1,1,2,2,2,2
22057,Hoechstadt a. d. Aisch,49.702778,10.805555,,0,1,1,1,1,1,0,0,0,0,0,0,0,0,0,0,0,0,1,1,1,1,1,1,0,0,0,0,0,0,0,0,0,0,0,0,0,0,0,0,0,0,484.4,484.4,262.5,142.8,62.0,62.0,0.3,1.8,1.8,1.943,2.145,2.145,1,2,2,2,2,2
22058,Hof,50.316387,11.913333,,0,0,1,1,1,1,0,0,0,0,0,0,0,0,0,1,1,1,1,1,1,1,1,1,0,0,0,0,0,0,0,0,0,0,0,0,0,0,0,0,0,0,545.9,545.9,180.3,96.3,96.3,96.3,0.3,0.3,1.8492,2.7592,2.7592,2.7592,1,1,2,2,2,2
22059,Hofheim i. Ufr.,50.139168,10.524445,,0,0,0,0,0,0,0,0,0,0,0,0,0,0,0,0,0,0,1,1,1,1,1,1,0,0,0,0,0,0,0,0,0,0,0,0,0,0,0,0,0,0,535.8,535.8,277.9,100.0,56.3,56.3,0.3,0.3,0.3,0.55,0.6594,0.6594,1,1,1,1,1,1
22060,Hohenberg a. d. Eger,50.096668,12.222777,,0,0,0,0,0,0,0,0,0,0,0,0,0,0,0,0,0,0,1,1,1,1,1,1,0,0,0,0,0,0,0,0,0,0,0,0,0,0,0,0,0,0,522.1,522.1,156.8,129.2,129.2,129.2,0.3,0.3,0.4079,0.477,0.477,0.477,1,1,1,1,1,1
22061,Hollfeld,49.936668,11.293056,,0,0,0,0,1,1,0,0,0,0,0,0,0,0,0,0,0,0,1,1,1,1,1,1,0,0,0,0,0,0,0,0,0,0,0,0,0,0,0,0,0,0,505.6,505.6,224.2,117.3,97.4,97.4,0.3,0.3,0.3,0.5067,2.0566,2.0566,1,1,1,1,2,2
22062,Iphofen,49.703609,10.259167,,0,1,1,1,1,1,0,0,0,0,0,0,0,0,1,1,1,1,1,1,1,1,1,1,0,0,0,0,1,1,0,0,0,0,0,0,0,0,0,0,0,0,492.9,492.9,301.1,116.4,24.0,24.0,0.3,1.8,2.5,2.709,3.9399,3.9399,1,2,2,2,3,3
22063,Karlstadt,49.961945,9.7638893,,1,1,1,1,1,1,0,0,0,0,0,0,0,0,0,0,0,0,1,1,1,1,1,1,0,0,0,0,1,1,0,0,0,0,0,0,0,0,0,0,0,0,530.6,530.6,333.0,97.5,23.3,23.3,1.8,1.8,1.8,2.0563,3.2417,3.2417,2,2,2,2,3,3
22064,Kirchenlamitz,50.151669,11.950556,,0,0,0,1,1,1,0,0,0,0,0,0,0,0,0,0,0,0,0,0,1,1,1,1,0,0,0,0,0,0,0,0,0,0,0,0,0,0,0,0,0,0,527.6,527.6,176.3,112.5,112.5,112.5,0.0,0.0,0.3593,2.0187,2.0187,2.0187,0,0,1,2,2,2
22065,Kitzingen,49.736946,10.161111,,0,0,1,1,1,1,0,0,0,0,0,0,0,0,0,0,0,0,1,1,1,1,1,1,0,0,0,0,0,0,0,0,0,0,0,0,0,0,0,0,0,0,498.4,498.4,307.5,110.7,16.1,16.1,0.3,0.3,1.8,2.0232,2.2598,2.2598,1,1,2,2,2,2
22066,Klingenberg a. Main,49.783333,9.1830559,,1,1,1,1,1,1,0,0,0,0,0,0,0,0,0,0,0,0,1,1,1,1,1,1,0,0,0,0,0,0,0,0,0,0,0,0,0,0,0,0,0,0,506.3,506.3,376.4,53.6,53.6,53.6,1.8,1.8,1.8,2.1659,2.1659,2.1659,2,2,2,2,2,2
22067,Koenigsberg i. Bay.,50.080833,10.569167,,0,0,0,1,1,1,0,0,0,0,0,0,0,0,0,0,0,0,1,1,1,1,1,1,0,0,0,0,0,0,0,0,0,0,0,0,0,0,0,0,0,0,528.8,528.8,274.8,105.1,54.6,54.6,0.3,0.3,0.3,2.0373,2.1636,2.1636,1,1,1,2,2,2
22068,Koenigshofen i. Grabfeld,50.299168,10.467222,,1,1,1,1,1,1,0,0,0,0,0,0,0,0,0,0,0,0,1,1,1,1,1,1,0,0,0,1,1,1,0,0,0,0,0,0,0,0,0,0,0,0,554.1,554.1,282.4,85.4,67.3,67.3,1.8,1.8,1.8,3.0864,3.1316,3.1316,2,2,2,3,3,3
22069,Kronach,50.238888,11.325277,,0,1,1,1,1,1,0,0,0,0,0,0,0,0,0,0,0,0,1,1,1,1,1,1,0,0,0,0,0,0,0,0,0,0,0,0,0,0,0,0,0,0,538.9,538.9,221.2,84.8,84.8,84.8,0.3,1.8,1.8,2.088,2.088,2.088,1,2,2,2,2,2
22070,Kulmbach,50.108055,11.455556,,0,0,0,1,1,1,0,0,0,0,0,0,0,0,0,0,0,0,1,1,1,1,1,1,0,0,0,1,1,1,0,0,0,0,0,0,0,0,0,0,0,0,523.7,523.7,211.6,101.3,101.3,101.3,0.3,0.3,0.3,3.0467,3.0467,3.0467,1,1,1,3,3,3
22071,Kupferberg,50.139446,11.576667,,0,0,1,1,1,1,0,0,0,0,0,0,0,0,0,0,0,0,0,1,1,1,1,1,0,0,0,0,0,0,0,0,0,0,0,0,0,0,0,0,0,0,526.7,526.7,202.9,100.9,100.9,100.9,0.0,0.3,1.8,2.0477,2.0477,2.0477,0,1,2,2,2,2
22072,Langenzenn,49.495277,10.795555,,0,0,0,1,1,1,0,0,0,0,0,0,0,0,0,0,0,0,1,1,1,1,1,1,0,0,0,1,1,1,0,0,0,0,0,0,0,0,0,0,0,0,461.8,461.8,268.5,151.0,69.0,69.0,0.3,0.3,0.3,2.9224,3.1275,3.1275,1,1,1,3,3,3
22073,Lauf a. d. Pegnitz,49.511391,11.277778,,0,1,1,1,1,1,0,0,0,0,0,0,0,0,0,0,0,0,1,1,1,1,1,1,0,0,0,0,0,0,0,0,0,0,0,0,0,0,0,0,0,0,458.6,458.6,234.5,164.1,100.3,83.5,0.3,1.8,1.8,1.8898,2.0493,2.0912,1,2,2,2,2,2
22074,Leutershausen,49.299999,10.4075,,1,1,1,1,1,1,0,0,0,0,0,0,0,0,0,0,0,0,1,1,1,1,1,1,0,0,0,0,0,0,0,0,0,0,0,0,0,0,0,0,0,0,446.8,446.8,301.7,123.6,63.7,63.7,1.8,1.8,1.8,1.9911,2.1407,2.1407,2,2,2,2,2,2
22075,Lichtenberg,50.383057,11.675278,,0,0,0,0,1,1,0,0,0,0,0,0,0,0,0,0,0,0,0,0,1,1,1,1,0,0,0,0,0,0,0,0,0,0,0,0,0,0,0,0,0,0,553.5,553.5,198.0,80.2,80.2,80.2,0.0,0.0,0.3049,0.5994,2.0994,2.0994,0,0,1,1,2,2
22076,Lichtenfels,50.146946,11.068334,,1,1,1,1,1,1,0,0,0,0,0,0,0,0,0,0,0,0,1,1,1,1,1,1,0,0,0,0,0,1,0,0,0,0,0,0,0,0,0,0,0,0,530.5,530.5,239.1,92.5,89.0,89.0,1.8,1.8,1.8,2.0687,2.0775,3.0775,2,2,2,2,2,3
22077,Lohr a. Main,49.993057,9.5758333,,0,0,1,1,1,1,0,0,0,0,0,0,0,0,0,0,0,0,1,1,1,1,1,1,0,0,0,0,0,0,0,0,0,0,0,0,0,0,0,0,0,0,538.1,538.1,346.1,89.8,35.1,35.1,0.3,0.3,1.8,2.0755,2.2121,2.2121,1,1,2,2,2,2
22078,Ludwigsstadt,50.484722,11.388611,,0,0,1,1,1,1,0,0,0,0,0,0,0,0,0,0,0,0,0,0,0,1,1,1,0,0,0,0,0,1,0,0,0,0,0,0,0,0,0,0,0,0,565.8,565.8,219.9,60.4,60.4,60.4,0.0,0.0,1.5,2.1491,2.1491,3.1491,0,0,2,2,2,3
22079,Mainbernheim,49.707779,10.218333,,0,0,0,1,1,1,0,0,0,0,0,0,0,0,0,0,0,0,1,1,1,1,1,1,0,0,0,0,0,0,0,0,0,0,0,0,0,0,0,0,0,0,494.2,494.2,304.0,113.7,21.2,21.2,0.3,0.3,0.3,2.0158,2.2471,2.2471,1,1,1,2,2,2
22080,Marktbreit,49.666389,10.143333,,0,0,0,0,0,0,0,0,0,0,0,0,0,0,0,0,0,0,0,1,1,1,1,1,0,0,0,0,0,0,0,0,0,0,0,0,0,0,0,0,0,0,491.2,491.2,310.1,107.3,19.5,19.5,0.0,0.3,0.3,0.5319,0.7513,0.7513,0,1,1,1,1,1
22081,Marktheidenfeld,49.843887,9.6002779,,0,0,0,0,0,0,0,0,0,0,0,0,0,0,0,0,0,0,1,1,1,1,1,1,0,0,0,0,0,0,0,0,0,0,0,0,0,0,0,0,0,0,522.0,522.0,345.8,80.2,26.0,26.0,0.3,0.3,0.3,0.5995,0.735,0.735,1,1,1,1,1,1
22082,Marktleuthen,50.129444,12.001111,,0,0,0,0,0,0,0,0,0,0,0,0,0,0,0,0,0,0,0,0,1,1,1,1,0,0,0,0,0,0,0,0,0,0,0,0,0,0,0,0,0,0,525.2,525.2,172.7,116.6,116.6,116.6,0.0,0.0,0.3684,0.5085,0.5085,0.5085,0,0,1,1,1,1
22083,Marktredwitz,50.000832,12.086111,,0,0,0,0,0,0,0,0,0,0,0,0,0,0,0,0,0,0,1,1,1,1,1,1,0,0,0,1,1,1,0,0,0,0,0,0,0,0,0,0,0,0,511.1,511.1,167.0,131.8,131.8,131.8,0.3,0.3,0.3824,1.4705,1.4705,1.4705,1,1,1,2,2,2
22084,Marktsteft,49.696667,10.135,,0,0,0,0,0,0,0,0,0,0,0,0,0,0,0,0,0,0,1,1,1,1,1,1,0,0,0,0,0,0,0,0,0,0,0,0,0,0,0,0,0,0,494.6,494.6,310.1,107.6,16.8,16.8,0.3,0.3,0.3,0.531,0.7581,0.7581,1,1,1,1,1,1
22085,Mellrichstadt,50.426666,10.3025,,1,1,1,1,1,1,0,0,0,0,0,0,0,0,0,0,0,0,1,1,1,1,1,1,0,0,0,0,0,1,0,0,0,0,0,0,0,0,0,0,0,0,570.4,570.4,295.2,80.1,74.9,74.9,1.8,1.8,1.8,2.0998,2.1127,3.1127,2,2,2,2,2,3
22086,Merkendorf,49.203335,10.701389,,0,0,0,0,0,1,0,0,0,0,0,0,0,0,0,0,0,0,1,1,1,1,1,1,0,0,0,0,0,1,0,0,0,0,0,0,0,0,0,0,0,0,431.4,431.4,285.3,146.2,84.8,71.8,0.3,0.3,0.3,0.4345,0.588,3.1205,1,1,1,1,1,3
22087,Miltenberg,49.701111,9.2572222,4955.0,1,1,1,1,1,1,0,0,0,0,0,0,0,0,0,0,0,0,1,1,1,1,1,1,0,0,0,0,0,0,0,0,0,0,0,0,0,0,0,0,0,0,510.2,510.2,372.3,51.0,51.0,51.0,1.8,1.8,1.8,2.1725,2.1725,2.1725,2,2,2,2,2,2
22088,Muenchberg,50.191387,11.789444,,0,0,0,1,1,1,0,0,0,0,0,0,0,0,0,0,0,0,1,1,1,1,1,1,0,0,0,0,0,0,0,0,0,0,0,0,0,0,0,0,0,0,532.1,532.1,187.9,102.6,102.6,102.6,0.3,0.3,0.3302,2.0436,2.0436,2.0436,1,1,1,2,2,2
22089,Muennerstadt,50.249722,10.194722,,0,0,1,1,1,1,0,0,0,0,0,0,0,0,0,0,0,0,1,1,1,1,1,1,0,0,0,0,0,1,0,0,0,0,0,0,0,0,0,0,0,0,552.9,552.9,301.5,100.3,53.8,53.8,0.3,0.3,1.8,2.0492,2.1655,3.1655,1,1,2,2,2,3
22090,Naila,50.330276,11.706667,,0,0,0,0,0,0,0,0,0,0,0,0,0,0,0,0,0,0,0,0,1,1,1,1,0,0,0,0,0,0,0,0,0,0,0,0,0,0,0,0,0,0,547.6,547.6,195.1,86.3,86.3,86.3,0.0,0.0,0.3124,0.5841,0.5841,0.5841,0,0,1,1,1,1
22091,Neunkirchen a. Brand,49.612778,11.129444,,0,0,0,0,0,1,0,0,0,0,0,0,0,0,0,0,0,0,1,1,1,1,1,1,0,0,0,0,0,0,0,0,0,0,0,0,0,0,0,0,0,0,471.0,471.0,241.8,152.0,86.9,86.9,0.3,0.3,0.3,0.4199,0.5828,2.0828,1,1,1,1,1,2
22092,Neustadt a. d. Aisch,49.580555,10.608611,,0,0,1,1,1,1,0,0,0,0,0,0,0,0,0,0,0,0,1,1,1,1,1,1,0,0,0,0,0,0,0,0,0,0,0,0,0,0,0,0,0,0,473.8,473.8,279.2,138.4,52.6,52.6,0.3,0.3,1.8,1.954,2.1684,2.1684,1,1,2,2,2,2
22093,Neustadt b. Coburg,50.326946,11.121944,,0,0,0,1,1,1,0,0,0,0,0,0,0,0,0,0,0,0,1,1,1,1,1,1,0,0,0,1,1,1,0,0,0,0,0,0,0,0,0,0,0,0,550.0,550.0,236.3,72.7,72.7,72.7,0.3,0.3,0.3,3.1181,3.1181,3.1181,1,1,1,3,3,3
22094,Nuernberg,49.450832,11.075,5492.0,1,1,1,1,1,1,0,0,0,0,0,0,0,0,0,0,0,0,1,1,1,1,1,1,1,1,1,1,1,1,0,0,0,0,0,0,0,0,0,0,3,3,453.7,453.7,250.5,169.9,89.2,80.3,2.8,2.8,2.8,2.8752,9.0769,9.0993,3,3,3,3,3,3
22095,Obernburg a. Main,49.842499,9.143611,,0,0,1,1,1,1,0,0,0,0,0,0,0,0,0,0,0,0,1,1,1,1,1,1,0,0,0,0,0,0,0,0,0,0,0,0,0,0,0,0,0,0,504.6,504.6,378.4,57.3,57.3,57.3,0.3,0.3,1.8,2.1569,2.1569,2.1569,1,1,2,2,2,2
22096,Ochsenfurt,49.664722,10.062222,,1,1,1,1,1,1,0,0,0,0,0,0,0,0,0,0,0,0,1,1,1,1,1,1,1,1,1,1,1,1,0,0,0,0,0,0,0,0,0,0,0,0,492.6,492.6,315.8,101.6,16.1,16.1,2.8,2.8,2.8,3.0461,3.2597,3.2597,3,3,3,3,3,3
22097,Ornbau,49.175835,10.655833,,0,0,1,1,1,1,0,0,0,0,0,0,0,0,0,0,0,0,1,1,1,1,1,1,0,0,0,0,0,0,0,0,0,0,0,0,0,0,0,0,0,0,429.1,429.1,289.5,143.5,85.2,72.3,0.3,0.3,1.8,1.9412,2.087,2.1192,1,1,2,2,2,2
22098,Ostheim v. d. Rhoen,50.457779,10.230278,,0,0,0,0,0,0,0,0,0,0,0,0,0,0,0,0,0,0,1,1,1,1,1,1,0,0,0,0,0,0,0,0,0,0,0,0,0,0,0,0,0,0,574.9,574.9,300.6,80.9,76.7,76.7,0.3,0.3,0.3,0.5977,0.6083,0.6083,1,1,1,1,1,1
22099,Pappenheim,48.934723,10.974444,,0,1,1,1,1,1,0,0,0,0,0,0,0,0,0,0,0,0,1,1,1,1,1,1,0,0,0,0,0,0,0,0,0,0,0,0,0,0,0,0,0,0,398.2,398.2,279.9,172.9,120.6,37.9,0.3,1.8,1.8,1.8677,1.9986,2.2051,1,2,2,2,2,2
22100,Pegnitz,49.75639,11.541111,,0,0,0,1,1,1,0,0,0,0,0,0,0,0,0,0,0,0,1,1,1,1,1,1,0,0,0,0,0,0,0,0,0,0,0,0,0,0,0,0,0,0,484.3,484.3,209.4,140.6,114.1,110.4,0.3,0.3,0.3,1.9485,2.0148,2.024,1,1,1,2,2,2
22101,Pottenstein,49.770832,11.408055,,0,0,0,0,0,1,0,0,0,0,0,0,0,0,0,0,0,0,1,1,1,1,1,1,0,0,0,0,0,1,0,0,0,0,0,0,0,0,0,0,0,0,486.5,486.5,218.5,136.9,104.5,104.5,0.3,0.3,0.3,0.4577,0.5388,3.0388,1,1,1,1,1,3
22102,Prichsenstadt,49.81778,10.350278,,0,0,0,1,1,1,0,0,0,0,0,0,0,0,0,0,0,0,0,1,1,1,1,1,0,0,0,0,0,1,0,0,0,0,0,0,0,0,0,0,0,0,503.6,503.6,292.8,126.5,28.6,28.6,0.0,0.3,0.3,1.9837,2.2284,3.2284,0,1,1,2,2,3
22103,Rehau,50.248333,12.035556,,0,0,0,0,1,1,0,0,0,0,0,0,0,0,0,0,0,0,1,1,1,1,1,1,0,0,0,0,0,0,0,0,0,0,0,0,0,0,0,0,0,0,538.5,538.5,170.9,107.7,107.7,107.7,0.3,0.3,0.3728,0.5307,2.0307,2.0307,1,1,1,1,2,2
22104,Rieneck,50.093056,9.648056,,1,1,1,1,1,1,0,0,0,0,0,0,0,0,0,0,0,0,1,1,1,1,1,1,0,0,0,0,0,1,0,0,0,0,0,0,0,0,0,0,0,0,545.4,545.4,340.5,101.5,40.0,40.0,1.8,1.8,1.8,2.0463,2.1999,3.1999,2,2,2,2,2,3
22105,Rodach b. Coburg,50.341389,10.778889,,0,0,0,1,1,1,0,0,0,0,0,0,0,0,0,0,0,0,1,1,1,1,1,1,0,0,0,0,0,0,0,0,0,0,0,0,0,0,0,0,0,0,554.8,554.8,260.7,73.1,73.1,73.1,0.3,0.3,0.3,2.1173,2.1173,2.1173,1,1,1,2,2,2
22106,Roethenbach a. d. Pegnitz,49.481945,11.238611,,0,0,0,0,0,0,0,0,0,0,0,0,0,0,0,0,0,0,0,0,1,1,1,1,0,0,0,0,0,0,0,0,0,0,0,0,0,0,0,0,0,0,455.7,455.7,238.2,167.1,98.7,80.7,0.0,0.0,0.3,0.3823,0.5532,0.5982,0,0,1,1,1,1
22107,Roettingen,49.510277,9.9694443,,0,1,1,1,1,1,0,0,0,0,0,0,0,0,0,0,0,0,1,1,1,1,1,1,0,0,0,0,0,0,0,0,0,0,0,0,0,0,0,0,0,0,478.3,478.3,325.9,91.7,31.3,31.3,0.3,1.8,1.8,2.0708,2.2218,2.2218,1,2,2,2,2,2
22108,Roth b. Nuernberg,49.246113,11.091666,,0,0,1,1,1,1,0,0,0,0,0,0,0,0,0,0,0,0,1,1,1,1,1,1,0,0,0,1,1,1,0,0,0,0,0,0,0,0,0,0,0,0,431.0,431.0,257.2,173.6,102.1,58.6,0.3,0.3,1.8,2.8661,3.0447,3.1534,1,1,2,3,3,3
22109,Rothenburg o. d. Tauber,49.376945,10.179167,,1,1,1,1,1,1,0,0,0,0,0,0,0,0,0,0,0,0,1,1,1,1,1,1,1,1,1,1,1,1,0,0,0,0,0,0,0,3,3,3,3,3,459.6,459.6,314.9,106.4,48.9,48.9,2.8,8.8,8.8,9.034,9.1778,9.1778,3,3,3,3,3,3
22110,Rothenfels,49.890556,9.5897226,,0,0,1,1,1,1,0,0,0,0,0,0,0,0,0,0,0,0,1,1,1,1,1,1,0,0,0,0,0,0,0,0,0,0,0,0,0,0,0,0,0,0,527.1,527.1,346.1,82.8,28.3,28.3,0.3,0.3,1.8,2.093,2.2292,2.2292,1,1,2,2,2,2
22111,Schauenstein,50.2775,11.740833,,0,0,0,1,1,1,0,0,0,0,0,0,0,0,0,0,0,0,1,1,1,1,1,1,0,0,0,0,0,0,0,0,0,0,0,0,0,0,0,0,0,0,541.7,541.7,192.0,92.6,92.6,92.6,0.3,0.3,0.32,2.0685,2.0685,2.0685,1,1,1,2,2,2
22112,Scheinfeld,49.665001,10.462222,,0,0,0,0,1,1,0,0,0,0,0,0,0,0,0,0,0,0,1,1,1,1,1,1,0,0,0,0,0,1,0,0,0,0,0,0,0,0,0,0,0,0,485.2,485.2,287.5,129.6,39.2,39.2,0.3,0.3,0.3,0.4761,2.2021,3.2021,1,1,1,1,2,3
22113,Schesslitz,49.974724,11.036111,,0,0,0,1,1,1,0,0,0,0,0,0,0,0,0,0,0,0,1,1,1,1,1,1,0,0,0,0,0,0,0,0,0,0,0,0,0,0,0,0,0,0,511.8,511.8,242.1,111.6,80.2,80.2,0.3,0.3,0.3,2.0209,2.0995,2.0995,1,1,1,2,2,2
22114,Schillingsfuerst,49.286388,10.259722,,0,0,0,0,0,0,0,0,0,0,0,0,0,0,0,0,0,0,1,1,1,1,1,1,0,0,0,0,0,0,0,0,0,0,0,0,0,0,0,0,0,0,448.2,448.2,312.3,113.1,60.3,60.3,0.3,0.3,0.3,0.5172,0.6492,0.6492,1,1,1,1,1,1
22115,Schluesselfeld,49.756668,10.619166,,0,0,0,1,1,1,0,0,0,0,0,0,0,0,0,0,0,0,0,0,1,1,1,1,0,0,0,0,0,0,0,0,0,0,0,0,0,0,0,0,0,0,492.8,492.8,274.6,139.0,48.0,48.0,0.0,0.0,0.3,1.9525,2.1801,2.1801,0,0,1,2,2,2
22116,Schnaittach,49.559444,11.340834,,0,0,0,0,0,0,0,0,0,0,0,0,0,0,0,0,0,0,1,1,1,1,1,1,0,0,0,0,0,0,0,0,0,0,0,0,0,0,0,0,0,0,463.5,463.5,228.6,159.3,103.1,88.4,0.3,0.3,0.3,0.4017,0.5422,0.579,1,1,1,1,1,1
22117,Schoenwald,50.198612,12.088333,,0,0,0,0,0,0,0,0,0,0,0,0,0,0,0,0,0,0,1,1,1,1,1,1,0,0,0,0,0,0,0,0,0,0,0,0,0,0,0,0,0,0,533.1,533.1,166.7,114.4,114.4,114.4,0.3,0.3,0.3832,0.5141,0.5141,0.5141,1,1,1,1,1,1
22118,Schwabach,49.329445,11.020555,,0,0,0,1,1,1,0,0,0,0,0,0,0,0,0,0,0,0,1,1,1,1,1,1,0,0,0,0,0,0,0,0,0,0,0,0,0,0,0,0,0,0,440.9,440.9,258.6,167.5,92.5,69.2,0.3,0.3,0.3,1.8812,2.0687,2.127,1,1,1,2,2,2
22119,Schwarzenbach am Wald,50.285,11.623889,,0,0,0,0,0,0,0,0,0,0,0,0,0,0,0,0,0,0,0,0,0,1,1,1,0,0,0,0,0,0,0,0,0,0,0,0,0,0,0,0,0,0,542.8,542.8,200.4,87.7,87.7,87.7,0.0,0.0,0.0,0.5808,0.5808,0.5808,0,0,0,1,1,1
22120,Schwarzenbach an der Saale,50.220833,11.938056,,0,0,0,0,0,0,0,0,0,0,0,0,0,0,0,0,0,0,1,1,1,1,1,1,0,0,0,0,0,0,0,0,0,0,0,0,0,0,0,0,0,0,535.3,535.3,177.5,105.8,105.8,105.8,0.3,0.3,0.3562,0.5356,0.5356,0.5356,1,1,1,1,1,1
22121,Schweinfurt,50.046665,10.233611,,1,1,1,1,1,1,0,0,0,0,0,0,0,0,0,0,0,0,1,1,1,1,1,1,0,0,0,0,0,0,0,0,0,0,0,0,0,3,3,3,3,3,530.3,530.3,298.9,118.0,34.8,34.8,1.8,7.8,7.8,8.0049,8.2131,8.2131,2,3,3,3,3,3
22122,Selb,50.169724,12.130555,,0,0,0,0,1,1,0,0,0,0,0,0,0,0,0,0,0,0,1,1,1,1,1,1,0,0,0,0,0,0,0,0,0,0,0,0,0,0,0,0,0,0,530.0,530.0,163.5,118.7,118.7,118.7,0.3,0.3,0.3911,0.5031,2.0031,2.0031,1,1,1,1,2,2
22123,Selbitz,50.314999,11.748055,,0,0,0,0,0,0,0,0,0,0,0,0,0,0,0,0,0,0,0,0,0,1,1,1,0,0,0,0,0,0,0,0,0,0,0,0,0,0,0,0,0,0,545.9,545.9,191.9,89.4,89.4,89.4,0.0,0.0,0.0202,0.5765,0.5765,0.5765,0,0,0,1,1,1
22124,Sesslach,50.1875,10.843056,,0,0,1,1,1,1,0,0,0,0,0,0,0,0,0,0,0,0,1,1,1,1,1,1,0,0,0,0,0,1,0,0,0,0,0,0,0,0,0,0,0,0,537.2,537.2,255.2,89.0,77.4,77.4,0.3,0.3,1.8,2.0775,2.1066,3.1066,1,1,2,2,2,3
22125,Spalt,49.176388,10.924723,,0,0,0,1,1,1,0,0,0,0,0,0,0,0,0,0,0,0,1,1,1,1,1,1,0,0,0,0,0,1,0,0,0,0,0,0,0,0,0,0,0,0,425.3,425.3,271.4,162.7,98.0,58.4,0.3,0.3,0.3,1.8932,2.0551,3.1539,1,1,1,2,2,3
22126,Stadtprozelten,49.783054,9.4083338,,0,0,0,1,1,1,0,0,0,0,0,0,0,0,0,0,0,0,1,1,1,1,1,1,0,0,0,0,0,0,0,0,0,0,0,0,0,0,0,0,0,0,520.6,520.6,360.3,65.2,39.1,39.1,0.3,0.3,0.3,2.1371,2.2021,2.2021,1,1,1,2,2,2
22127,Stadtsteinach,50.163055,11.503889,,0,1,1,1,1,1,0,0,0,0,0,0,0,0,0,0,0,0,1,1,1,1,1,1,0,0,0,0,0,0,0,0,0,0,0,0,0,0,0,0,0,0,529.6,529.6,208.1,96.6,96.6,96.6,0.3,1.8,1.8,2.0585,2.0585,2.0585,1,2,2,2,2,2
22128,Staffelstein,50.101387,10.999722,,0,0,0,0,1,1,0,0,0,0,0,0,0,0,0,0,0,0,1,1,1,1,1,1,0,0,0,0,0,1,0,0,0,0,0,0,0,0,0,0,0,0,526.1,526.1,244.1,97.6,82.4,82.4,0.3,0.3,0.3,0.556,2.0939,3.0939,1,1,1,1,2,3
22129,Teuschnitz,50.398335,11.380834,,0,0,1,1,1,1,0,0,0,0,0,0,0,0,0,0,0,0,1,1,1,1,1,1,0,0,0,1,1,1,0,0,0,0,0,0,0,0,0,0,0,0,556.3,556.3,219.0,69.0,69.0,69.0,0.3,0.3,1.8,3.1274,3.1274,3.1274,1,1,2,3,3,3
22130,Thiersheim,50.075832,12.128889,,0,0,0,1,1,1,0,0,0,0,0,0,0,0,0,0,0,0,1,1,1,1,1,1,0,1,1,1,1,1,0,0,0,0,0,0,0,0,0,0,0,0,519.5,519.5,163.6,126.8,126.8,126.8,0.3,1.3,1.3911,2.983,2.983,2.983,1,2,2,3,3,3
22131,Thierstein,50.106667,12.103611,,0,0,0,0,0,0,0,0,0,0,0,0,0,0,0,0,0,0,0,0,1,1,1,1,0,0,0,0,0,0,0,0,0,0,0,0,0,0,0,0,0,0,522.9,522.9,165.3,123.0,123.0,123.0,0.0,0.0,0.3867,0.4925,0.4925,0.4925,0,0,1,1,1,1
22132,Treuchtlingen,48.955002,10.909166,,0,0,0,0,0,0,0,0,0,0,0,0,0,0,0,0,0,0,1,1,1,1,1,1,0,0,0,0,0,0,0,0,0,0,0,0,0,0,0,0,0,0,401.3,401.3,283.0,167.7,115.9,43.2,0.3,0.3,0.3,0.3808,0.5102,0.692,1,1,1,1,1,1
22133,Uffenheim,49.543888,10.234167,,0,0,1,1,1,1,0,0,0,0,0,0,0,0,0,0,0,0,1,1,1,1,1,1,0,0,0,0,1,1,0,0,0,0,0,0,0,0,0,0,0,0,476.3,476.3,306.4,111.1,34.1,34.1,0.3,0.3,1.8,2.0222,3.2147,3.2147,1,1,2,2,3,3
22134,Velden,49.612778,11.511111,,0,0,0,1,1,1,0,0,0,0,0,0,0,0,0,0,0,0,1,1,1,1,1,1,0,0,0,0,0,0,0,0,0,0,0,0,0,0,0,0,0,0,468.5,468.5,215.2,155.6,113.8,94.3,0.3,0.3,0.3,1.9109,2.0156,2.0642,1,1,1,2,2,2
22135,Volkach,49.864166,10.226666,,0,0,0,0,1,1,0,0,0,0,0,0,0,0,0,0,0,0,1,1,1,1,1,1,0,0,0,0,0,1,0,0,0,0,0,0,0,0,0,0,0,0,510.8,510.8,301.0,120.3,21.2,21.2,0.3,0.3,0.3,0.4993,2.247,3.247,1,1,1,1,2,3
22136,Waischenfeld,49.845833,11.344167,,0,0,1,1,1,1,0,0,0,0,0,0,0,0,0,0,0,0,1,1,1,1,1,1,0,0,0,0,0,0,0,0,0,0,0,0,0,0,0,0,0,0,495.2,495.2,221.7,127.9,100.0,100.0,0.3,0.3,1.8,1.9803,2.0501,2.0501,1,1,2,2,2,2
22137,Wallenfels,50.268333,11.471111,,0,0,0,0,0,0,0,0,0,0,0,0,0,0,0,0,0,0,1,1,1,1,1,1,0,0,0,0,0,0,0,0,0,0,0,0,0,0,0,0,0,0,541.4,541.4,211.0,84.8,84.8,84.8,0.3,0.3,0.3,0.5879,0.5879,0.5879,1,1,1,1,1,1
22138,Wassertruedingen,49.041111,10.596945,,0,0,1,1,1,1,0,0,0,0,0,0,0,0,0,0,0,0,1,1,1,1,1,1,0,0,0,0,0,1,0,0,0,0,0,0,0,0,0,0,0,0,415.5,415.5,299.3,143.1,95.5,67.8,0.3,0.3,1.8,1.9424,2.0612,3.1304,1,1,2,2,2,3
22139,Weismain,50.084721,11.239166,,0,0,1,1,1,1,0,0,0,0,0,0,0,0,0,0,0,0,1,1,1,1,1,1,0,0,0,0,0,1,0,0,0,0,0,0,0,0,0,0,0,0,522.3,522.3,227.0,100.5,97.6,97.6,0.3,0.3,1.8,2.0488,2.0559,3.0559,1,1,2,2,2,3
22140,Weissenburg i. Bay.,49.029724,10.971945,,1,1,1,1,1,1,0,0,0,0,0,0,0,0,0,0,0,0,1,1,1,1,1,1,0,0,0,0,0,1,0,0,0,0,0,0,2,2,2,2,2,2,408.6,408.6,275.2,169.7,112.3,44.2,5.8,5.8,5.8,5.8759,6.0194,7.1894,3,3,3,3,3,3
22141,Weissenstadt,50.101112,11.885,,0,0,1,1,1,1,0,0,0,0,0,0,0,0,0,0,0,1,1,1,1,1,1,1,0,0,0,0,0,0,0,0,0,0,0,0,0,0,0,0,0,0,522.0,522.0,180.9,114.7,114.7,114.7,0.3,0.3,1.8477,2.0133,2.0133,2.7133,1,1,2,2,2,2
22142,Windsbach,49.248333,10.826667,,0,0,0,0,1,1,0,0,0,0,0,0,0,0,0,0,0,0,1,1,1,1,1,1,0,0,0,0,0,0,0,0,0,0,0,0,0,0,0,0,0,0,434.4,434.4,275.0,154.4,87.3,69.1,0.3,0.3,0.3,0.4139,2.0818,2.1272,1,1,1,1,2,2
22143,Woerth a. Main,49.796112,9.1580553,,0,1,1,1,1,1,0,0,0,0,0,0,0,0,0,0,0,0,1,1,1,1,1,1,0,0,0,0,0,0,0,0,0,0,0,0,0,0,0,0,0,0,504.8,504.8,378.0,53.6,53.6,53.6,0.3,1.8,1.8,2.1659,2.1659,2.1659,1,2,2,2,2,2
22144,Wolframs-Eschenbach,49.226112,10.723056,,0,0,1,1,1,1,0,0,0,0,0,0,0,0,1,1,1,1,1,1,1,1,1,1,0,0,0,0,0,1,0,0,0,0,0,0,0,0,0,0,0,0,433.5,433.5,282.9,147.3,83.9,72.4,0.3,0.3,2.5,2.6316,2.7903,3.819,1,1,2,2,2,3
22145,Wuerzburg,49.79361,9.9308329,,0,1,1,1,1,1,0,0,0,0,0,0,0,0,0,0,0,0,1,1,1,1,1,1,1,1,1,1,1,1,0,0,0,0,0,0,0,0,0,0,0,0,509.1,509.1,323.0,97.7,1.6,1.6,1.3,2.8,2.8,3.0557,3.2959,3.2959,2,3,3,3,3,3
22146,Wunsiedel,50.038612,12.004723,,0,0,1,1,1,1,0,0,0,0,0,0,0,0,0,0,0,0,1,1,1,1,1,1,0,0,0,0,1,1,0,0,0,0,0,0,0,0,0,0,0,0,515.1,515.1,172.6,125.1,125.1,125.1,0.3,0.3,1.8685,1.9872,2.9872,2.9872,1,1,2,2,3,3
22147,Zeil a. Main,50.008335,10.595,,0,0,0,1,1,1,0,0,0,0,0,0,0,0,0,0,0,0,1,1,1,1,1,1,0,0,0,0,0,1,0,0,0,0,0,0,0,0,0,0,0,0,520.6,520.6,273.3,112.3,51.9,51.9,0.3,0.3,0.3,2.0194,2.1702,3.1702,1,1,1,2,2,3
22148,Zirndorf,49.441387,10.956388,,0,0,0,0,0,0,0,0,0,0,0,0,0,0,0,0,0,0,1,1,1,1,1,1,0,0,0,0,0,0,0,0,0,0,0,0,0,0,0,0,0,0,453.9,453.9,259.0,162.5,82.1,82.1,0.3,0.3,0.3,0.3938,0.5948,0.5948,1,1,1,1,1,1
23001,Abensberg,48.815556,11.848333,,0,0,0,1,1,1,0,0,0,0,0,0,0,0,0,0,0,0,1,1,1,1,1,1,0,0,0,0,0,0,0,0,0,0,0,0,0,0,0,0,0,0,379.1,379.1,233.6,233.6,175.1,31.4,0.3,0.3,0.3,1.8,1.8624,2.2214,1,1,1,2,2,2
23002,Aichach,48.459167,11.13,,1,1,1,1,1,1,0,0,0,0,0,0,0,0,0,0,0,0,1,1,1,1,1,1,0,1,1,1,1,1,0,0,0,0,0,0,0,0,0,0,0,0,344.1,344.1,299.6,206.0,171.1,40.5,1.8,2.8,2.8,2.8,2.8723,3.1987,2,3,3,3,3,3
23003,Altoetting,48.227779,12.678889,,0,0,0,0,0,0,0,0,0,0,0,0,0,0,0,0,0,0,1,1,1,1,1,1,0,0,0,0,0,0,0,0,0,0,0,0,0,0,0,0,0,0,319.6,319.6,242.5,242.5,242.5,110.1,0.3,0.3,0.3,0.3,0.3,0.5248,1,1,1,1,1,1
23004,Amberg,49.444721,11.854445,,0,0,0,0,0,0,0,0,0,0,0,0,0,0,0,0,0,0,1,1,1,1,1,1,0,0,1,1,1,1,0,0,0,0,0,0,0,0,0,0,0,0,449.0,449.0,197.7,180.3,142.3,81.6,0.3,0.3,1.3057,1.3492,1.4443,1.596,1,1,2,2,2,2
23005,Auerbach i. d. Opf.,49.691666,11.628889,,0,0,0,0,0,0,0,0,0,0,0,0,0,0,0,0,0,0,1,1,1,1,1,1,0,0,0,0,1,1,0,0,0,0,0,0,0,0,0,0,0,0,476.8,476.8,204.8,149.2,120.9,103.9,0.3,0.3,0.3,0.4269,1.4977,1.5402,1,1,1,1,2,2
23006,Augsburg,48.369446,10.8925,,0,0,0,0,0,0,0,0,0,0,0,0,0,0,0,0,0,0,1,1,1,1,1,1,0,0,0,0,0,0,0,0,0,0,0,0,0,2,2,2,2,2,337.8,337.8,319.6,197.1,172.3,59.1,0.3,4.3,4.3,4.3071,4.3693,4.6523,1,3,3,3,3,3
23007,Bad Abbach,48.935276,12.043612,,0,0,0,0,1,1,0,0,0,0,0,0,0,0,0,0,0,0,1,1,1,1,1,1,0,0,0,0,0,1,0,0,0,0,0,0,0,0,0,0,0,0,392.6,392.6,214.2,214.2,178.8,49.0,0.3,0.3,0.3,0.3,1.853,3.1776,1,1,1,1,2,3
23008,Bad Aibling,47.863335,12.010278,,0,1,1,1,1,1,0,0,0,0,0,0,0,0,0,0,0,0,1,1,1,1,1,1,0,0,0,0,0,0,0,0,0,0,0,0,0,0,0,0,0,0,273.4,273.4,273.4,273.4,262.0,109.3,0.3,1.8,1.8,1.8,1.8,2.0267,1,2,2,2,2,2
23009,Bad Reichenhall,47.725834,12.876667,,1,1,1,1,1,1,0,0,0,0,0,0,0,0,0,0,0,0,1,1,1,1,1,1,0,0,0,1,1,1,0,0,0,0,0,0,0,0,0,0,0,0,269.0,269.0,269.0,265.7,265.7,157.9,1.8,1.8,1.8,2.8,2.8,2.9053,2,2,2,3,3,3
23010,Bad Toelz,47.761665,11.56,,0,1,1,1,1,1,0,0,0,0,0,0,0,0,0,0,0,0,1,1,1,1,1,1,0,1,1,1,1,1,0,0,0,0,0,0,0,0,0,0,0,0,263.0,263.0,263.0,263.0,254.5,112.2,0.3,2.8,2.8,2.8,2.8,3.0196,1,3,3,3,3,3
23011,Bad Woerishofen,48.002777,10.5925,,0,0,0,0,0,0,0,0,0,0,0,0,0,0,0,0,0,0,1,1,1,1,1,1,0,0,0,0,0,0,0,0,0,0,0,0,0,0,0,0,0,0,304.8,304.8,304.8,208.8,204.3,104.9,0.3,0.3,0.3,0.3,0.3,0.5378,1,1,1,1,1,1
23012,Baernau,49.809166,12.429722,,0,0,1,1,1,1,0,0,1,1,1,1,0,0,0,1,1,1,0,0,1,1,1,1,0,0,0,0,0,0,0,0,0,0,0,0,0,0,0,0,0,0,491.3,491.3,145.8,145.8,145.8,136.9,0.0,0.0,0.9354,1.6354,1.6354,1.6577,0,0,1,1,1,1
23013,Beilngries,49.036388,11.470834,,0,0,0,0,0,1,0,0,0,0,0,0,0,0,0,0,0,0,1,1,1,1,1,1,0,0,0,0,0,0,0,0,0,0,0,0,0,0,0,0,0,0,404.8,404.8,242.8,204.8,138.2,30.2,0.3,0.3,0.3,0.3,0.4545,2.2245,1,1,1,1,1,2
23014,Berching,49.10611,11.440278,,0,0,1,1,1,1,0,0,0,0,0,0,0,0,0,0,0,0,1,1,1,1,1,1,0,0,0,0,0,0,0,0,0,0,0,0,0,0,0,0,0,0,412.7,412.7,241.0,201.0,131.7,37.8,0.3,0.3,1.8,1.8,1.9706,2.2056,1,1,2,2,2,2
23015,Bobingen,48.267776,10.830556,,0,0,0,0,0,0,0,0,0,0,0,0,0,0,0,0,0,0,1,1,1,1,1,1,0,0,0,0,0,0,0,0,0,0,0,0,0,0,0,0,0,0,327.9,327.9,327.9,200.6,181.1,70.7,0.3,0.3,0.3,0.3,0.3473,0.6233,1,1,1,1,1,1
23016,Bogen,48.909168,12.693055,,0,0,0,0,0,0,0,0,0,0,0,0,0,0,0,0,0,0,1,1,1,1,1,1,0,0,0,0,0,0,0,0,0,0,0,0,0,0,0,0,0,0,394.3,394.3,181.0,181.0,181.0,94.1,0.3,0.3,0.3476,0.3476,0.3476,0.5647,1,1,1,1,1,1
23017,Buchloe,48.036667,10.729445,,0,1,1,1,1,1,0,0,0,0,0,0,0,0,0,1,1,1,1,1,1,1,1,1,0,0,0,0,0,0,0,0,0,0,0,0,0,0,0,0,0,0,305.2,305.2,305.2,212.8,203.2,96.1,0.3,1.8,1.8,2.5,2.5,2.7598,1,2,2,2,2,2
23018,Burgau,48.431667,10.406111,,0,0,0,0,0,0,0,0,0,0,0,0,0,0,0,0,0,0,1,1,1,1,1,1,0,0,0,0,0,0,0,0,0,0,0,0,0,0,0,0,0,0,354.4,354.4,344.6,165.0,154.7,83.7,0.3,0.3,0.3,0.3876,0.4132,0.5907,1,1,1,1,1,1
23019,Burghausen,48.16861,12.831111,,1,1,1,1,1,1,0,0,0,0,0,0,0,0,1,1,1,1,1,1,1,1,1,1,0,1,1,1,1,1,0,0,0,0,0,0,0,0,0,0,0,0,315.6,315.6,242.7,242.7,242.7,123.1,1.8,2.8,3.5,3.5,3.5,3.6922,2,3,3,3,3,3
23020,Burglengenfeld,49.205555,12.041945,,0,0,0,0,0,0,0,0,0,0,0,0,0,0,0,0,0,0,1,1,1,1,1,1,0,0,0,0,0,0,0,0,0,0,0,0,0,0,0,0,0,0,422.6,422.6,197.4,197.4,164.3,66.4,0.3,0.3,0.3065,0.3065,0.3893,0.6341,1,1,1,1,1,1
23021,Cham,49.218887,12.666945,,0,1,1,1,1,1,0,0,0,0,0,0,0,0,0,0,0,0,1,1,1,1,1,1,0,0,0,1,1,1,0,0,0,0,0,0,0,0,0,0,0,0,428.1,428.1,159.0,159.0,159.0,103.6,0.3,1.8,1.9025,2.9025,2.9025,3.041,1,2,2,3,3,3
23022,Dachau,48.263054,11.437222,,0,1,1,1,1,1,0,0,0,0,0,0,0,0,0,0,0,0,1,1,1,1,1,1,0,0,0,0,0,1,0,0,0,0,0,0,0,0,0,0,0,0,319.4,319.4,297.0,236.9,201.4,56.0,0.3,1.8,1.8,1.8,1.8,3.16,1,2,2,2,2,3
23023,Deggendorf,48.833057,12.961945,,0,0,1,1,1,1,0,0,0,0,0,0,0,0,0,0,0,0,1,1,1,1,1,1,0,0,0,0,0,0,0,0,0,0,0,0,0,0,0,0,0,0,389.7,389.7,174.9,174.9,174.9,112.8,0.3,0.3,1.8628,1.8628,1.8628,2.0181,1,1,2,2,2,2
23024,Diessen am Ammersee,47.947777,11.103333,,1,1,1,1,1,1,0,0,0,0,0,0,0,0,0,0,0,0,1,1,1,1,1,1,0,0,0,0,0,0,0,0,0,0,0,0,0,0,0,0,0,0,288.6,288.6,288.6,239.4,221.6,94.1,1.8,1.8,1.8,1.8,1.8,2.0647,2,2,2,2,2,2
23025,Dietfurt a. d. Altmuehl,49.034168,11.59,,0,0,0,0,0,0,0,0,0,0,0,0,0,0,0,0,0,0,1,1,1,1,1,1,0,0,0,0,0,0,0,0,0,0,0,0,0,0,0,0,0,0,403.9,403.9,235.4,213.3,145.3,32.1,0.3,0.3,0.3,0.3,0.4368,0.7198,1,1,1,1,1,1
23026,Dillingen a. d. Donau,48.580555,10.495277,,0,1,1,1,1,1,0,0,0,0,0,0,0,0,0,0,0,0,1,1,1,1,1,1,0,0,0,0,0,1,0,0,0,0,0,0,0,0,0,0,0,0,368.1,368.1,330.1,159.6,140.3,71.4,0.3,1.8,1.8,1.9009,1.9493,3.1216,1,2,2,2,2,3
23027,Dingolfing,48.629444,12.496667,,0,1,1,1,1,1,0,0,0,0,0,0,0,0,0,0,0,0,1,1,1,1,1,1,0,0,0,0,0,0,0,0,0,0,0,0,0,0,0,0,0,0,361.4,361.4,213.8,213.8,213.8,80.1,0.3,1.8,1.8,1.8,1.8,2.0998,1,2,2,2,2,2
23028,Donauwoerth,48.718887,10.777778,,1,1,1,1,1,1,0,0,0,0,0,0,0,0,0,0,0,0,1,1,1,1,1,1,1,1,1,1,1,1,0,0,0,0,0,0,0,0,2,2,2,2,377.6,377.6,304.4,169.2,133.4,47.8,2.8,2.8,6.8,6.8771,6.9665,7.1805,3,3,3,3,3,3
23029,Dorfen,48.273613,12.153055,,0,0,0,0,0,0,0,0,0,0,0,0,0,0,0,0,0,0,1,1,1,1,1,1,0,0,0,0,0,0,0,0,0,0,0,0,0,0,0,0,0,0,319.5,319.5,260.5,260.5,232.8,76.6,0.3,0.3,0.3,0.3,0.3,0.6084,1,1,1,1,1,1
23030,Ebersberg,48.078335,11.968611,,0,0,0,0,0,0,0,0,0,0,0,0,0,0,0,0,0,0,1,1,1,1,1,1,0,0,0,0,0,0,0,0,0,0,0,0,0,0,0,0,0,0,297.2,297.2,286.0,281.1,240.7,86.4,0.3,0.3,0.3,0.3,0.3,0.5841,1,1,1,1,1,1
23031,Eggenfelden,48.403332,12.762222,,0,0,0,0,0,0,0,0,0,0,0,0,0,0,0,0,0,0,1,1,1,1,1,1,0,0,0,0,1,1,0,0,0,0,0,0,0,0,0,0,0,0,339.9,339.9,222.6,222.6,222.6,106.3,0.3,0.3,0.3,0.3,1.3,1.5343,1,1,1,1,2,2
23032,Erbendorf,49.838055,12.048056,,0,0,0,0,1,1,0,0,0,0,0,0,0,0,0,0,0,0,1,1,1,1,1,1,0,0,0,0,0,0,0,0,0,0,0,0,0,0,0,0,0,0,492.9,492.9,172.0,145.8,145.8,127.4,0.3,0.3,0.37,0.4355,1.9355,1.9815,1,1,1,1,2,2
23033,Erding,48.30611,11.906944,,1,1,1,1,1,1,0,0,0,0,0,0,0,0,0,0,0,0,1,1,1,1,1,1,0,0,0,0,0,0,0,0,0,0,0,0,0,0,0,0,0,0,322.4,322.4,269.4,264.1,218.0,62.3,1.8,1.8,1.8,1.8,1.8,2.1444,2,2,2,2,2,2
23034,Eschenbach i. d. Opf.,49.753056,11.834444,,0,0,0,1,1,1,0,0,0,0,0,0,0,0,0,0,0,0,1,1,1,1,1,1,0,0,0,0,0,0,0,0,0,0,0,0,0,0,0,0,0,0,483.3,483.3,188.9,147.7,135.1,113.6,0.3,0.3,0.3278,1.9308,1.9621,2.0159,1,1,1,2,2,2
23035,Freilassing,47.841946,12.978056,,0,0,0,0,0,0,0,0,0,0,0,0,0,0,0,0,0,0,1,1,1,1,1,1,0,0,0,0,0,0,0,0,0,0,0,0,0,0,0,0,0,0,283.5,283.5,271.0,255.7,255.7,154.1,0.3,0.3,0.3,0.3,0.3,0.4147,1,1,1,1,1,1
23036,Freising,48.406387,11.746111,,0,0,1,1,1,1,0,0,0,0,0,0,0,0,0,1,1,1,1,1,1,1,1,1,0,0,0,0,0,1,0,0,0,0,0,0,0,0,0,0,0,0,333.7,333.7,269.5,248.4,201.9,46.5,0.3,0.3,1.8,2.5,2.5,3.8838,1,1,2,2,2,3
23037,Freystadt (Bayern),49.199165,11.328333,,0,1,1,1,1,1,0,0,0,0,0,0,0,0,0,0,0,0,0,1,1,1,1,1,0,0,0,0,0,0,0,0,0,0,0,0,0,0,0,0,0,0,423.7,423.7,243.6,191.3,119.1,48.6,0.0,1.8,1.8,1.8218,2.0021,2.1784,0,2,2,2,2,2
23038,Freyung,48.808887,13.5475,,0,0,0,1,1,1,0,0,0,0,0,0,0,0,0,0,0,0,0,0,0,0,1,1,0,0,0,0,0,0,0,0,0,0,0,0,0,0,0,0,0,0,398.9,398.9,155.6,155.6,155.6,155.5,0.0,0.0,0.1111,1.6111,1.9111,1.9112,0,0,0,2,2,2
23039,Friedberg (Bayern),48.354721,10.979167,,0,1,1,1,1,1,0,0,0,0,0,0,0,0,0,0,0,0,0,1,1,1,1,1,0,0,0,0,0,0,0,0,0,0,0,0,0,0,0,0,0,0,334.8,334.8,315.6,203.3,176.3,56.4,0.0,1.8,1.8,1.8,1.8591,2.1591,0,2,2,2,2,2
23040,Fuerstenfeldbruck,48.182499,11.253056,,0,0,0,0,0,0,0,0,0,0,0,0,0,0,0,0,0,0,0,1,1,1,1,1,0,0,0,0,0,0,0,0,0,0,0,0,0,0,0,0,0,0,312.3,312.3,312.3,231.0,202.5,66.2,0.0,0.3,0.3,0.3,0.3,0.6346,0,1,1,1,1,1
23041,Fuessen,47.567501,10.699722,,0,1,1,1,1,1,0,0,0,0,0,0,0,0,0,0,0,0,1,1,1,1,1,1,0,0,0,0,0,0,0,0,0,0,0,0,0,0,0,0,0,0,256.6,256.6,256.6,252.0,252.0,143.8,0.3,1.8,1.8,1.8,1.8,1.9405,1,2,2,2,2,2
23042,Furth i. Wald,49.307777,12.842778,,0,0,1,1,1,1,0,0,0,0,0,0,0,0,0,0,0,0,1,1,1,1,1,1,0,0,0,0,0,0,0,0,0,0,0,0,0,0,0,0,0,0,439.8,439.8,142.9,142.9,142.9,119.6,0.3,0.3,1.9429,1.9429,1.9429,2.0011,1,1,2,2,2,2
23043,Garmisch-Partenkirchen,47.492222,11.086111,,0,0,0,0,0,0,0,0,0,0,0,0,0,0,0,0,0,0,1,1,1,1,1,1,0,0,0,0,0,0,0,0,0,0,0,0,0,0,0,0,0,0,239.7,239.7,239.7,239.7,239.7,143.9,0.3,0.3,0.3,0.3,0.3,0.4402,1,1,1,1,1,1
23044,Geiselhoering,48.824722,12.391111,,0,0,0,0,0,0,0,0,0,0,0,0,0,0,0,0,0,0,1,1,1,1,1,1,0,0,0,0,0,0,0,0,0,0,0,0,0,0,0,0,0,0,382.1,382.1,203.1,203.1,203.1,71.0,0.3,0.3,0.3,0.3,0.3,0.6225,1,1,1,1,1,1
23045,Geisenfeld,48.683887,11.611944,,0,1,1,1,1,1,0,0,0,1,1,1,0,0,0,1,1,1,1,1,1,1,1,1,0,0,0,0,0,0,0,0,0,0,0,0,0,0,0,0,0,0,365.0,365.0,256.3,226.4,172.2,16.5,0.3,1.8,1.8,1.5,1.5694,1.9588,1,2,2,1,1,1
23046,Gersthofen,48.424721,10.878889,,0,0,0,0,0,0,0,0,0,0,0,0,0,0,0,0,0,0,1,1,1,1,1,1,0,0,0,0,0,0,0,0,0,0,0,0,0,0,0,0,0,0,344.0,344.0,316.6,192.7,166.2,55.3,0.3,0.3,0.3,0.3182,0.3845,0.6617,1,1,1,1,1,1
23047,Goeggingen,48.338055,10.867778,,0,0,0,0,0,0,0,0,0,0,0,0,0,0,0,0,0,0,1,1,1,1,1,1,0,0,0,0,0,0,0,0,0,0,0,0,0,0,0,0,0,0,334.8,334.8,323.2,197.8,174.8,62.9,0.3,0.3,0.3,0.3055,0.363,0.6428,1,1,1,1,1,1
23048,Grafenau,48.858612,13.3975,,0,0,0,1,1,1,0,0,0,0,0,0,0,0,0,0,0,0,0,0,0,1,1,1,0,0,0,0,0,0,0,0,0,0,0,0,0,0,0,0,0,0,400.7,400.7,155.4,155.4,155.4,144.7,0.0,0.0,0.1115,1.9115,1.9115,1.9381,0,0,0,2,2,2
23049,Grafenwoehr,49.720833,11.906111,,0,0,0,1,1,1,0,0,0,0,0,0,0,0,0,0,0,0,0,0,0,1,1,1,0,0,0,0,0,0,0,0,0,0,0,0,0,0,0,0,0,0,479.7,479.7,184.7,153.0,140.5,111.7,0.0,0.0,0.0383,1.9176,1.9488,2.0207,0,0,0,2,2,2
23050,Grafing b. Muenchen,48.045277,11.965834,,0,0,0,1,1,1,0,0,0,0,0,0,0,0,0,0,0,0,1,1,1,1,1,1,0,0,0,0,0,0,0,0,0,0,0,0,0,0,0,0,0,0,293.5,293.5,289.1,283.0,243.5,89.6,0.3,0.3,0.3,1.8,1.8,2.0761,1,1,1,2,2,2
23051,Griesbach i. Rottal,48.452778,13.192778,,0,0,0,0,0,0,0,0,0,0,0,0,0,0,0,0,0,0,1,1,1,1,1,1,0,0,0,0,0,0,0,0,0,0,0,0,0,0,0,0,0,0,353.1,353.1,202.4,202.4,202.4,134.5,0.3,0.3,0.3,0.3,0.3,0.4637,1,1,1,1,1,1
23052,Guenzburg,48.455002,10.276389,,0,1,1,1,1,1,0,0,0,0,0,0,0,0,0,0,0,0,1,1,1,1,1,1,0,0,0,0,0,0,0,0,0,0,0,0,0,0,0,0,0,0,360.1,360.1,351.2,156.2,150.4,90.1,0.3,1.8,1.8,1.9096,1.9239,2.0747,1,2,2,2,2,2
23053,Gundelfingen a. d. Donau,48.554722,10.366389,,0,1,1,1,1,1,0,0,0,0,0,0,0,0,0,0,0,0,1,1,1,1,1,1,0,0,0,0,0,0,0,0,0,0,0,0,0,0,0,0,0,0,368.3,368.3,339.7,153.9,140.7,81.3,0.3,1.8,1.8,1.9154,1.9481,2.0968,1,2,2,2,2,2
23054,Hals,48.591667,13.461945,,0,0,0,1,1,1,0,0,0,0,0,0,0,0,0,0,0,0,1,1,1,1,1,1,0,0,0,0,0,0,0,0,0,0,0,0,0,0,0,0,0,0,374.0,374.0,180.3,180.3,180.3,150.8,0.3,0.3,0.3493,1.8493,1.8493,1.9231,1,1,1,2,2,2
23055,Harburg (Schwaben),48.784721,10.686944,,1,1,1,1,1,1,0,1,1,1,1,1,0,0,0,0,0,0,1,1,1,1,1,1,0,0,0,0,0,0,0,0,0,0,0,0,0,0,0,0,0,0,386.3,386.3,306.4,159.9,123.9,54.2,1.8,0.8,0.8,0.9003,0.9902,1.1646,2,1,1,1,1,1
23056,Haunstetten,48.308056,10.905,,0,0,0,0,0,0,0,0,0,0,0,0,0,0,0,0,0,0,1,1,1,1,1,1,0,0,0,0,0,0,0,0,0,0,0,0,0,0,0,0,0,0,331.0,331.0,323.1,202.0,178.9,63.8,0.3,0.3,0.3,0.3,0.3527,0.6405,1,1,1,1,1,1
23057,Hemau,49.051388,11.783055,,0,0,1,1,1,1,0,0,0,0,0,0,0,0,0,0,0,0,1,1,1,1,1,1,0,0,0,0,0,1,0,0,0,0,0,0,0,0,0,0,0,0,405.3,405.3,222.4,220.9,155.8,41.1,0.3,0.3,1.8,1.8,1.9104,3.1974,1,1,2,2,2,3
23058,Hirschau,49.544167,11.9425,,0,0,0,0,0,0,0,0,0,0,0,0,0,0,0,1,1,1,0,1,1,1,1,1,0,0,0,0,0,1,0,0,0,0,0,0,0,0,0,0,0,0,460.1,460.1,187.8,172.1,145.8,94.3,0.0,0.3,0.3304,1.0697,1.1356,2.2643,0,1,1,1,1,2
23059,Hoechstadt a. d. Donau,48.611668,10.567223,,0,1,1,1,1,1,0,0,0,0,0,0,0,0,0,0,0,0,1,1,1,1,1,1,0,0,0,0,0,0,0,0,0,0,0,0,0,0,0,0,0,0,369.9,369.9,323.8,162.0,138.5,65.3,0.3,1.8,1.8,1.895,1.9536,2.1367,1,2,2,2,2,2
23060,Ichenhausen,48.372501,10.305278,,0,0,0,0,0,0,0,0,0,0,0,0,0,0,0,0,0,0,1,1,1,1,1,1,0,0,0,0,0,0,0,0,0,0,0,0,0,0,0,0,0,0,350.7,350.7,350.7,164.1,159.8,93.4,0.3,0.3,0.3,0.3897,0.4004,0.5666,1,1,1,1,1,1
23061,Illertissen,48.222778,10.105278,,0,0,0,0,0,0,0,0,0,0,0,0,0,0,0,0,0,0,1,1,1,1,1,1,0,0,0,0,0,1,0,0,0,0,0,0,0,0,0,0,0,0,340.9,340.9,340.9,167.0,167.0,84.2,0.3,0.3,0.3,0.3825,0.3825,1.5895,1,1,1,1,1,2
23062,Immenstadt im Allgaeu,47.56139,10.221111,,0,0,0,1,1,1,0,0,0,0,0,0,0,0,0,0,0,0,0,1,1,1,1,1,0,0,0,0,0,0,0,0,0,0,0,0,0,0,0,0,0,0,271.0,271.0,271.0,233.9,233.9,137.4,0.0,0.3,0.3,1.8,1.8,1.9565,0,1,1,2,2,2
23063,Ingolstadt,48.764999,11.423333,,1,1,1,1,1,1,0,0,0,0,0,0,0,0,0,0,0,0,1,1,1,1,1,1,0,0,0,0,0,0,0,0,0,0,0,0,0,0,0,0,0,0,375.0,375.0,262.0,210.2,156.2,0.2,1.8,1.8,1.8,1.8,1.9096,2.2994,2,2,2,2,2,2
23064,Kaufbeuren,47.879723,10.620277,,0,1,1,1,1,1,0,0,0,0,0,0,0,0,0,0,0,0,1,1,1,1,1,1,0,0,0,1,1,1,0,0,0,0,0,0,0,2,2,2,2,2,291.2,291.2,291.2,220.6,218.1,115.2,0.3,5.8,5.8,6.8,6.8,7.012,1,3,3,3,3,3
23065,Kelheim,48.918888,11.869722,,1,1,1,1,1,1,0,0,0,0,0,0,0,0,0,0,0,0,1,1,1,1,1,1,0,0,0,0,1,1,0,0,0,0,0,0,0,0,0,0,0,0,390.5,390.5,225.4,225.4,169.3,36.6,1.8,1.8,1.8,1.8,2.8767,3.2084,2,2,2,2,3,3
23066,Kemnath,49.869999,11.886945,,0,0,0,1,1,1,0,0,0,0,0,0,0,0,0,0,0,0,1,1,1,1,1,1,0,0,0,0,0,0,0,0,0,0,0,0,0,0,0,0,0,0,496.3,496.3,182.8,137.3,137.3,127.2,0.3,0.3,0.3429,1.9567,1.9567,1.9821,1,1,1,2,2,2
23067,Kempten (Allgaeu),47.723888,10.3175,,0,0,0,1,1,1,0,0,0,0,0,0,0,0,0,0,0,0,1,1,1,1,1,1,0,0,0,1,1,1,0,0,0,0,0,0,0,3,3,3,3,3,283.9,283.9,283.9,221.8,221.8,128.9,0.3,6.3,6.3,8.8,8.8,8.9778,1,3,3,3,3,3
23068,Koenigsbrunn,48.266666,10.886666,,0,0,0,0,0,0,0,0,0,0,0,0,0,0,0,0,0,0,0,0,0,0,0,0,0,0,0,0,0,0,0,0,0,0,0,0,0,0,0,0,0,0,326.8,326.8,326.8,203.9,182.7,68.3,0.0,0.0,0.0,0.0,0.0433,0.3292,0,0,0,0,0,0
23069,Koetzting,49.174721,12.854722,,0,0,0,0,0,0,0,0,0,0,0,0,0,0,0,0,0,0,1,1,1,1,1,1,0,0,0,0,0,0,0,0,0,0,0,0,0,0,0,0,0,0,425.4,425.4,151.8,151.8,151.8,113.8,0.3,0.3,0.4206,0.4206,0.4206,0.5156,1,1,1,1,1,1
23070,Kolbermoor,47.851112,12.060833,,0,0,0,0,0,0,0,0,0,0,0,0,0,0,0,0,0,0,0,0,0,0,0,0,0,0,0,0,0,0,0,0,0,0,0,0,0,0,0,0,0,0,272.2,272.2,272.2,272.2,265.2,112.1,0.0,0.0,0.0,0.0,0.0,0.2197,0,0,0,0,0,0
23071,Krumbach (Schwaben),48.243057,10.363055,,0,0,0,0,0,0,0,0,0,0,0,0,0,0,0,0,0,0,1,1,1,1,1,1,0,0,0,0,0,0,0,0,0,0,0,0,0,0,0,0,0,0,335.7,335.7,335.7,177.5,174.7,97.6,0.3,0.3,0.3,0.3563,0.3632,0.5561,1,1,1,1,1,1
23072,Landau a. d. Isar,48.668888,12.693889,,0,0,1,1,1,1,0,0,0,0,0,0,0,0,0,0,0,0,1,1,1,1,1,1,0,0,0,0,0,1,0,0,0,0,0,0,0,0,0,0,0,0,368.0,368.0,201.3,201.3,201.3,93.7,0.3,0.3,1.8,1.8,1.8,3.0658,1,1,2,2,2,3
23073,Landsberg a. Lech,48.049446,10.877778,,0,1,1,1,1,1,0,0,0,0,0,0,0,0,1,1,1,1,1,1,1,1,1,1,0,0,0,0,0,0,0,0,0,0,0,0,0,0,0,0,0,0,303.6,303.6,303.6,219.5,205.1,89.4,0.3,1.8,2.5,2.5,2.5,2.7765,1,2,2,2,2,2
23074,Landshut,48.537224,12.152223,,1,1,1,1,1,1,0,0,0,0,0,0,0,0,0,0,0,0,1,1,1,1,1,1,0,0,0,1,1,1,0,0,0,0,0,0,0,0,0,0,0,0,348.7,348.7,238.3,238.3,212.1,59.1,1.8,1.8,1.8,2.8,2.8,3.1521,2,2,2,3,3,3
23075,Laufen,47.936668,12.9325,,1,1,1,1,1,1,0,0,0,0,0,0,0,0,0,0,0,0,1,1,1,1,1,1,0,0,0,0,0,0,0,0,0,0,0,0,0,0,0,0,0,0,292.6,292.6,262.6,257.4,257.4,144.6,1.8,1.8,1.8,1.8,1.8,1.9385,2,2,2,2,2,2
23076,Lauingen (Donau),48.570835,10.430278,,1,1,1,1,1,1,0,0,0,0,0,0,0,0,0,0,0,0,1,1,1,1,1,1,0,0,0,0,0,0,0,0,0,0,0,0,0,0,0,0,0,0,368.5,368.5,334.7,156.5,140.1,76.3,1.8,1.8,1.8,1.9089,1.9498,2.1093,2,2,2,2,2,2
23077,Leipheim,48.447777,10.223056,,0,0,1,1,1,1,0,0,0,0,0,0,0,0,0,0,0,0,1,1,1,1,1,1,0,0,0,0,0,0,0,0,0,0,0,0,0,0,0,0,0,0,360.7,360.7,354.9,153.9,150.7,86.3,0.3,0.3,1.8,1.9152,1.9233,2.0843,1,1,2,2,2,2
23078,Lindau (Bodensee),47.546391,9.6841669,,0,1,1,1,1,1,0,0,0,0,0,0,0,0,0,0,0,0,1,1,1,1,1,1,1,1,1,1,1,1,0,0,0,0,0,0,0,3,3,3,3,3,291.2,291.2,291.2,219.4,219.4,118.0,1.3,8.8,8.8,8.8,8.8,9.0049,2,3,3,3,3,3
23079,Lindenberg im Allgaeu,47.602222,9.8847218,,0,0,0,0,0,0,0,0,0,0,0,0,0,0,0,0,0,0,1,1,1,1,1,1,0,0,0,0,0,0,0,0,0,0,0,0,0,0,0,0,0,0,287.8,287.8,287.8,218.9,218.9,119.3,0.3,0.3,0.3,0.3,0.3,0.5018,1,1,1,1,1,1
23080,Mainburg,48.641666,11.785556,,0,0,0,1,1,1,0,0,0,0,0,0,0,0,0,0,0,0,0,1,1,1,1,1,0,0,0,0,0,0,0,0,0,0,0,0,0,0,0,0,0,0,359.8,359.8,249.5,240.0,184.5,29.8,0.0,0.3,0.3,1.8,1.8387,2.2254,0,1,1,2,2,2
23081,Marktoberdorf,47.779446,10.618333,,0,0,0,0,0,0,0,0,0,0,0,0,0,0,0,0,0,0,1,1,1,1,1,1,0,0,0,0,0,1,0,0,0,0,0,0,0,0,0,0,0,0,280.8,280.8,280.8,229.3,228.9,125.0,0.3,0.3,0.3,0.3,0.3,1.4876,1,1,1,1,1,2
23082,Markt Schwaben,48.190834,11.865278,,0,0,0,0,1,1,0,0,0,0,0,0,0,0,0,0,0,0,1,1,1,1,1,1,0,0,0,0,0,0,0,0,0,0,0,0,0,0,0,0,0,0,309.6,309.6,281.1,267.9,226.1,71.7,0.3,0.3,0.3,0.3,1.8,2.1206,1,1,1,1,2,2
23083,Maxhuette-Haidhof,49.201946,12.093611,,0,0,0,0,0,0,0,0,0,0,0,0,0,0,0,0,0,0,0,0,0,0,0,0,0,0,0,0,0,0,0,0,0,0,0,0,0,0,0,0,0,0,422.3,422.3,194.4,194.4,167.9,68.7,0.0,0.0,0.0141,0.0141,0.0803,0.3282,0,0,0,0,0,0
23084,Memmingen,47.984722,10.181389,,0,1,1,1,1,1,0,0,0,0,0,0,0,1,1,1,1,1,1,1,1,1,1,1,0,0,0,0,0,1,0,0,0,0,0,0,0,3,3,3,3,3,314.5,314.5,314.5,191.9,191.9,102.4,0.3,8.5,8.5,8.5204,8.5204,9.744,1,3,3,3,3,3
23085,Miesbach,47.788612,11.834167,,0,0,0,0,0,0,0,0,0,0,0,0,0,0,0,0,0,0,1,1,1,1,1,1,0,0,0,0,0,0,0,0,0,0,0,0,0,0,0,0,0,0,264.9,264.9,264.9,264.9,261.8,112.9,0.3,0.3,0.3,0.3,0.3,0.5179,1,1,1,1,1,1
23086,Mindelheim,48.045834,10.491389,,0,0,1,1,1,1,0,0,0,0,0,0,0,0,0,0,0,0,1,1,1,1,1,1,0,0,0,0,1,1,0,0,0,0,0,0,0,0,0,0,0,0,311.9,311.9,311.9,200.3,198.0,105.7,0.3,0.3,1.8,1.8,2.8049,3.0357,1,1,2,2,3,3
23087,Mittenwald,47.441113,11.2625,,0,0,0,0,0,0,0,0,0,0,0,0,0,0,0,0,0,0,1,1,1,1,1,1,0,0,0,0,1,1,0,0,0,0,0,0,0,0,0,0,0,0,231.1,231.1,231.1,231.1,231.1,147.9,0.3,0.3,0.3,0.3,1.3,1.4303,1,1,1,1,2,2
23088,Mitterteich,49.951111,12.243333,,0,0,0,0,0,0,0,0,0,0,0,0,0,0,0,0,0,0,1,1,1,1,1,1,0,0,0,0,0,0,0,0,0,0,0,0,0,0,0,0,0,0,506.1,506.1,156.3,142.8,142.8,142.8,0.3,0.3,0.4091,0.443,0.443,0.443,1,1,1,1,1,1
23089,Monheim,48.841389,10.855278,,0,0,1,1,1,1,0,0,0,0,0,0,0,0,0,0,0,0,1,1,1,1,1,1,0,0,0,0,0,0,0,0,0,0,0,0,0,0,0,0,0,0,389.7,389.7,292.6,168.5,124.2,42.6,0.3,0.3,1.8,1.8789,1.9895,2.1935,1,1,2,2,2,2
23090,Moosburg a. d. Isar,48.466946,11.934722,,0,0,1,1,1,1,0,0,0,0,0,0,0,0,0,0,0,0,1,1,1,1,1,1,0,0,0,1,1,1,0,0,0,0,0,0,0,0,0,0,0,0,340.3,340.3,254.9,254.9,206.1,50.1,0.3,0.3,1.8,2.8,2.8,3.1748,1,1,2,3,3,3
23091,Muehldorf am Inn,48.24472,12.519444,,0,0,1,1,1,1,0,0,0,0,0,0,0,0,0,0,0,0,1,1,1,1,1,1,0,0,0,0,1,1,0,0,0,0,0,0,0,0,0,0,0,0,319.3,319.3,247.2,247.2,247.2,99.3,0.3,0.3,1.8,1.8,2.8,3.0518,1,1,2,2,3,3
23092,Muenchen,48.136944,11.575277,,1,1,1,1,1,1,0,0,0,0,0,0,0,0,0,0,0,0,1,1,1,1,1,1,0,0,0,0,0,1,0,0,0,0,0,0,0,0,0,0,0,0,304.5,304.5,299.9,253.3,218.8,70.9,1.8,1.8,1.8,1.8,1.8,3.1228,2,2,2,2,2,3
23093,Murnau,47.681389,11.201944,,0,0,0,0,0,0,0,0,0,0,0,0,0,0,0,0,0,0,1,1,1,1,1,1,0,0,0,0,0,0,0,0,0,0,0,0,0,0,0,0,0,0,258.1,258.1,258.1,258.1,251.8,121.8,0.3,0.3,0.3,0.3,0.3,0.4955,1,1,1,1,1,1
23094,Nabburg,49.451668,12.179444,,0,1,1,1,1,1,0,0,0,0,0,0,0,0,0,0,0,0,1,1,1,1,1,1,0,0,0,1,1,1,0,0,0,0,0,0,0,0,0,0,0,0,450.4,450.4,175.8,175.8,164.7,93.9,0.3,1.8,1.8604,2.8604,2.8882,3.0653,1,2,2,3,3,3
23095,Neuburg a. d. Donau,48.734165,11.179444,,0,0,1,1,1,1,0,0,0,0,0,0,0,0,0,0,0,0,1,1,1,1,1,1,0,0,0,0,0,0,0,0,0,0,0,0,0,0,0,0,0,0,373.7,373.7,278.6,195.0,147.4,18.4,0.3,0.3,1.8,1.8126,1.9315,2.254,1,1,2,2,2,2
23096,Neumarkt i. d. Opf.,49.279446,11.458889,,1,1,1,1,1,1,0,0,0,0,0,0,0,0,0,0,0,0,1,1,1,1,1,1,0,0,0,1,1,1,0,0,0,0,0,0,0,0,2,2,2,2,431.8,431.8,231.3,191.4,122.6,57.1,1.8,1.8,5.8,6.8216,6.9934,7.1573,2,2,3,3,3,3
23097,Neumarkt-St. Veit,48.361946,12.508056,,0,0,0,0,0,0,0,0,0,0,0,0,0,0,0,0,0,0,1,1,1,1,1,1,0,0,0,0,0,0,0,0,0,0,0,0,0,0,0,0,0,0,332.1,332.1,236.9,236.9,236.9,91.5,0.3,0.3,0.3,0.3,0.3,0.5713,1,1,1,1,1,1
23098,Neunburg vorm Wald,49.346943,12.388056,,0,0,1,1,1,1,0,0,0,0,0,0,0,0,0,0,0,0,1,1,1,1,1,1,0,0,0,1,1,1,0,0,0,0,0,0,0,0,0,0,0,0,439.8,439.8,167.8,167.8,167.8,95.3,0.3,0.3,1.8806,2.8806,2.8806,3.0617,1,1,2,3,3,3
23099,Neuoetting,48.240002,12.690556,,1,1,1,1,1,1,0,0,0,0,0,0,0,0,0,0,0,0,1,1,1,1,1,1,0,1,1,1,1,1,0,0,0,0,0,0,0,0,0,0,0,0,321.1,321.1,240.9,240.9,240.9,110.1,1.8,2.8,2.8,2.8,2.8,3.0249,2,3,3,3,3,3
23100,Neustadt a. d. Donau,48.808887,11.763333,,0,1,1,1,1,1,0,0,0,0,0,0,0,0,1,1,1,1,0,1,1,1,1,1,0,0,0,1,1,1,0,0,0,0,0,0,0,0,0,0,0,0,378.4,378.4,239.0,232.1,170.7,25.2,0.0,1.8,2.5,3.5,3.5731,3.937,0,2,2,3,3,3
23101,Neustadt a. Kulm,49.826111,11.834444,,0,0,0,1,1,1,0,0,0,0,0,0,0,0,0,0,0,0,0,1,1,1,1,1,0,0,0,0,0,0,0,0,0,0,0,0,0,0,0,0,0,0,491.4,491.4,187.3,140.2,135.0,121.5,0.0,0.3,0.3317,1.9495,1.9624,1.9963,0,1,1,2,2,2
23102,Neustadt a. d. Waldnaab,49.732498,12.175555,,1,1,1,1,1,1,0,0,0,0,0,0,0,0,0,1,1,1,1,1,1,1,1,1,0,0,0,0,0,0,0,0,0,0,0,0,0,0,0,0,0,0,481.5,481.5,165.6,160.5,159.7,120.4,1.8,1.8,1.886,2.5986,2.6006,2.699,2,2,2,2,2,2
23103,Neu-Ulm,48.394444,9.9997225,,0,0,0,0,0,0,0,0,0,0,0,0,0,0,0,0,0,0,0,1,1,1,1,1,0,0,0,0,0,0,0,0,0,0,0,0,0,0,0,0,0,0,361.5,361.5,361.5,147.2,147.2,70.9,0.0,0.3,0.3,0.4321,0.4321,0.6228,0,1,1,1,1,1
23104,Nittenau,49.196945,12.271111,,0,0,0,0,0,0,0,0,0,0,0,0,0,0,0,0,0,0,1,1,1,1,1,1,0,0,0,0,0,0,0,0,0,0,0,0,0,0,0,0,0,0,422.5,422.5,183.8,183.8,180.0,78.1,0.3,0.3,0.3406,0.3406,0.3501,0.6048,1,1,1,1,1,1
23105,Noerdlingen,48.851665,10.49,,1,1,1,1,1,1,0,0,0,0,0,0,0,0,0,0,0,0,1,1,1,1,1,1,0,1,1,1,1,1,0,0,0,0,0,0,2,2,2,2,2,2,397.2,397.2,315.5,143.7,111.5,69.2,5.8,6.8,6.8,6.9409,7.0213,7.1271,3,3,3,3,3,3
23106,Oberstdorf,47.409443,10.2775,,0,0,0,0,0,0,0,0,0,0,0,0,0,0,0,0,0,0,1,1,1,1,1,1,0,0,0,0,0,0,0,0,0,0,0,0,0,0,0,0,0,0,254.2,254.2,254.2,250.8,250.8,153.4,0.3,0.3,0.3,0.3,0.3,0.4164,1,1,1,1,1,1
23107,Oberviechtach,49.458057,12.418333,,0,0,1,1,1,1,0,0,0,0,0,0,0,0,0,0,0,0,1,1,1,1,1,1,0,0,0,0,0,0,0,0,0,0,0,0,0,0,0,0,0,0,452.3,452.3,160.0,160.0,160.0,105.5,0.3,0.3,1.9001,1.9001,1.9001,2.0362,1,1,2,2,2,2
23108,Oettingen i. Bay.,48.955276,10.605278,,0,1,1,1,1,1,0,0,0,0,0,0,0,0,0,0,0,0,1,1,1,1,1,1,0,0,0,0,1,1,0,0,0,0,0,0,0,0,0,0,0,0,406.1,406.1,302.8,146.8,104.3,63.6,0.3,1.8,1.8,1.9331,3.0394,3.141,1,2,2,2,3,3
23109,Osterhofen,48.700001,13.0225,,0,0,0,1,1,1,0,0,0,0,0,0,0,0,0,0,0,0,1,1,1,1,1,1,0,0,0,0,0,0,0,0,0,0,0,0,0,0,0,0,0,0,376.3,376.3,184.5,184.5,184.5,117.3,0.3,0.3,0.3387,1.8387,1.8387,2.0066,1,1,1,2,2,2
23110,Ottobeuren,47.941113,10.296111,,1,1,1,1,1,1,0,1,1,1,1,1,0,0,0,0,0,0,1,1,1,1,1,1,1,1,1,1,1,1,0,0,0,0,0,0,0,0,0,0,0,0,306.5,306.5,306.5,200.7,200.7,112.2,2.8,1.8,1.8,1.8,1.8,2.0196,3,2,2,2,2,2
23111,Parsberg,49.16,11.714723,,0,0,0,0,0,0,0,0,0,0,0,0,0,0,0,0,0,0,1,1,1,1,1,1,0,0,0,0,0,0,0,0,0,0,0,0,0,0,0,0,0,0,417.5,417.5,220.5,208.0,145.3,48.6,0.3,0.3,0.3,0.3,0.4367,0.6786,1,1,1,1,1,1
23112,Passau,48.573891,13.460278,,1,1,1,1,1,1,0,0,0,0,0,0,0,1,1,1,1,1,1,1,1,1,1,1,0,1,1,1,1,1,0,0,0,0,0,0,0,0,0,0,0,0,372.1,372.1,182.1,182.1,182.1,150.9,1.8,3.5,3.5446,3.5446,3.5446,3.6227,2,3,3,3,3,3
23113,Penzberg,47.751667,11.376111,,0,0,0,0,0,0,0,0,0,0,0,0,0,0,0,0,0,0,0,1,1,1,1,1,0,0,0,0,0,0,0,0,0,0,0,0,0,0,0,0,0,0,263.5,263.5,263.5,263.5,249.6,112.9,0.0,0.3,0.3,0.3,0.3,0.5177,0,1,1,1,1,1
23114,Pfaffenhofen a. d. Ilm,48.529724,11.503612,,0,0,0,0,1,1,0,0,0,0,0,0,0,0,0,0,0,0,1,1,1,1,1,1,0,0,0,1,1,1,0,0,0,0,0,0,0,0,0,0,0,0,348.4,348.4,273.4,226.2,180.0,26.9,0.3,0.3,0.3,1.3,2.8501,3.2326,1,1,1,2,3,3
23115,Pfarrkirchen,48.431946,12.937778,,0,0,0,0,0,0,0,0,0,0,0,0,0,0,0,0,0,0,1,1,1,1,1,1,0,0,0,0,0,1,0,0,0,0,0,0,0,0,0,0,0,0,345.9,345.9,213.3,213.3,213.3,117.2,0.3,0.3,0.3,0.3,0.3,1.5069,1,1,1,1,1,2
23116,Pfreimd,49.493889,12.181945,,0,0,0,1,1,1,0,0,0,0,1,1,0,0,0,0,0,0,1,1,1,1,1,1,0,0,0,0,0,0,0,0,0,0,0,0,0,0,0,0,0,0,455.1,455.1,173.8,173.8,163.8,97.8,0.3,0.3,0.3656,1.8656,0.8904,1.0554,1,1,1,2,1,1
23117,Plattling,48.77639,12.873333,,0,0,0,0,0,0,0,0,0,0,0,0,0,0,0,0,0,0,1,1,1,1,1,1,0,0,0,0,0,0,0,0,0,0,0,0,0,0,0,0,0,0,382.2,382.2,183.8,183.8,183.8,106.1,0.3,0.3,0.3405,0.3405,0.3405,0.5348,1,1,1,1,1,1
23118,Pleystein,49.645279,12.409722,,0,0,1,1,1,1,0,0,0,0,0,0,0,0,0,0,0,0,0,1,1,1,1,1,0,0,0,0,0,0,0,0,0,0,0,0,0,0,0,0,0,0,473.0,473.0,152.3,152.3,152.3,121.1,0.0,0.3,1.9192,1.9192,1.9192,1.9973,0,1,2,2,2,2
23119,Pressath,49.769165,11.935,,0,0,0,0,0,0,0,0,0,0,0,0,0,0,0,0,0,0,1,1,1,1,1,1,0,0,0,0,0,0,0,0,0,0,0,0,0,0,0,0,0,0,485.1,485.1,181.5,148.9,142.3,117.5,0.3,0.3,0.3464,0.4277,0.4443,0.5064,1,1,1,1,1,1
23120,Prien a. Chiemsee,47.855835,12.343889,,0,0,0,0,0,0,0,0,0,0,0,0,0,0,0,0,0,0,1,1,1,1,1,1,0,0,0,0,0,0,0,0,0,0,0,0,0,0,0,0,0,0,274.7,274.7,274.7,274.7,274.7,121.9,0.3,0.3,0.3,0.3,0.3,0.4952,1,1,1,1,1,1
23121,Rain,48.690277,10.920834,,1,1,1,1,1,1,0,0,0,0,0,0,0,0,0,0,0,0,1,1,1,1,1,1,0,0,0,1,1,1,0,0,0,0,0,0,0,0,0,0,0,0,372.2,372.2,297.2,179.9,141.1,38.0,1.8,1.8,1.8,2.8502,2.9471,3.205,2,2,2,3,3,3
23122,Regen,48.970001,13.126111,,0,0,0,0,0,0,0,0,0,0,0,0,0,0,0,0,0,0,1,1,1,1,1,1,0,0,0,0,0,0,0,0,0,0,0,0,0,0,0,0,0,0,407.3,407.3,155.5,155.5,155.5,126.4,0.3,0.3,0.4113,0.4113,0.4113,0.484,1,1,1,1,1,1
23123,Regensburg,49.017223,12.096945,,1,1,1,1,1,1,0,0,0,0,0,0,0,0,0,0,0,0,1,1,1,1,1,1,1,1,1,1,1,1,0,0,0,0,0,0,1,1,1,1,1,2,401.8,401.8,205.6,205.6,177.4,56.4,4.8,4.8,4.8,4.8,4.8566,7.1589,3,3,3,3,3,3
23124,Regensburg-Stadtamhof,49.025555,12.089723,,0,0,0,0,1,1,0,0,0,0,0,0,0,0,0,0,0,0,1,1,1,1,1,1,0,0,0,0,0,0,0,0,0,0,0,0,0,0,0,0,0,0,402.7,402.7,205.5,205.5,176.5,56.4,0.3,0.3,0.3,0.3,1.8589,2.1589,1,1,1,1,2,2
23125,Riedenburg,48.963612,11.6875,,0,0,0,1,1,1,0,0,0,0,0,0,0,0,0,0,0,0,1,1,1,1,1,1,0,0,0,0,0,0,0,0,0,0,0,0,0,0,0,0,0,0,395.8,395.8,233.5,222.0,155.7,29.1,0.3,0.3,0.3,1.8,1.9109,2.2272,1,1,1,2,2,2
23126,Roding,49.195278,12.516389,,0,0,0,0,0,0,0,0,0,0,0,0,0,0,0,0,0,0,1,1,1,1,1,1,0,0,0,0,0,0,0,0,0,0,0,0,0,0,0,0,0,0,424.0,424.0,169.3,169.3,169.3,92.8,0.3,0.3,0.3768,0.3768,0.3768,0.568,1,1,1,1,1,1
23127,Roetz,49.342224,12.530833,,0,0,0,0,0,1,0,0,0,0,0,0,0,0,0,0,0,0,1,1,1,1,1,1,0,0,0,0,0,0,0,0,0,0,0,0,0,0,0,0,0,0,440.4,440.4,159.2,159.2,159.2,102.9,0.3,0.3,0.402,0.402,0.402,2.0428,1,1,1,1,1,2
23128,Rosenheim,47.855556,12.124722,,0,0,0,0,0,0,0,0,0,0,0,0,0,0,0,0,0,0,1,1,1,1,1,1,0,0,0,0,0,0,0,0,0,0,0,0,0,0,0,0,0,0,273.0,273.0,273.0,273.0,267.6,113.7,0.3,0.3,0.3,0.3,0.3,0.5157,1,1,1,1,1,1
23129,Rottenburg a. d. Laaber,48.703056,12.026944,,0,0,0,0,0,0,0,0,0,0,0,0,0,0,0,0,0,0,1,1,1,1,1,1,0,0,0,0,0,0,0,0,0,0,0,0,0,0,0,0,0,0,366.7,366.7,231.8,231.8,193.1,44.7,0.3,0.3,0.3,0.3,0.3172,0.6884,1,1,1,1,1,1
23130,Schnaittenbach,49.548054,12.003612,,0,0,0,0,0,0,0,0,0,0,0,0,0,0,0,0,0,0,0,1,1,1,1,1,0,0,0,0,0,0,0,0,0,0,0,0,0,0,0,0,0,0,460.6,460.6,183.5,173.4,150.0,96.5,0.0,0.3,0.3412,0.3665,0.425,0.5587,0,1,1,1,1,1
23131,Schoensee,49.509998,12.547222,,0,0,0,1,1,1,0,0,0,0,0,0,0,0,0,0,0,0,0,0,1,1,1,1,0,0,0,0,0,0,0,0,0,0,0,0,0,0,0,0,0,0,459.0,459.0,149.1,149.1,149.1,116.2,0.0,0.0,0.4274,1.9274,1.9274,2.0096,0,0,1,2,2,2
23132,Schongau,47.812778,10.896389,,0,0,0,0,0,0,0,0,0,0,0,0,0,0,0,0,0,0,1,1,1,1,1,1,0,0,0,0,0,0,0,0,0,0,0,0,0,0,0,0,0,0,277.8,277.8,277.8,239.6,230.6,113.0,0.3,0.3,0.3,0.3,0.3,0.5174,1,1,1,1,1,1
23133,Schrobenhausen,48.558887,11.264722,,0,0,0,0,1,1,0,0,0,0,0,0,0,0,0,0,0,0,1,1,1,1,1,1,0,0,0,0,0,0,0,0,0,0,0,0,0,0,0,0,0,0,353.6,353.6,285.0,209.1,166.9,25.9,0.3,0.3,0.3,0.3,1.8827,2.2352,1,1,1,1,2,2
23134,Schwabmuenchen,48.17889,10.7575,,0,0,0,0,0,0,0,0,0,0,0,0,0,0,0,0,0,0,1,1,1,1,1,1,0,0,0,0,0,0,0,0,0,0,0,0,0,0,0,0,0,0,319.8,319.8,319.8,203.1,188.6,81.8,0.3,0.3,0.3,0.3,0.3284,0.5954,1,1,1,1,1,1
23135,Schwandorf i. Bay.,49.327221,12.108889,,0,1,1,1,1,1,0,0,0,0,0,0,0,0,0,0,0,0,1,1,1,1,1,1,0,0,0,0,1,1,0,0,0,0,0,0,0,0,0,0,0,0,436.3,436.3,186.5,186.5,163.8,79.8,0.3,1.8,1.8337,1.8337,2.8905,3.1005,1,2,2,2,3,3
23136,Simbach a. Inn,48.267502,13.027223,,0,0,0,0,0,0,0,0,0,0,0,0,0,0,0,0,0,0,1,1,1,1,1,1,0,0,0,0,0,0,0,0,0,0,0,0,0,0,0,0,0,0,329.9,329.9,226.3,226.3,226.3,130.4,0.3,0.3,0.3,0.3,0.3,0.4741,1,1,1,1,1,1
23137,Sonthofen,47.512222,10.281111,,0,0,0,0,0,0,0,0,0,0,0,0,0,0,0,0,0,0,1,1,1,1,1,1,0,0,0,0,0,1,0,0,0,0,0,0,0,0,0,0,0,0,264.1,264.1,264.1,240.8,240.8,144.5,0.3,0.3,0.3,0.3,0.3,1.4388,1,1,1,1,1,2
23138,Starnberg,47.996387,11.338333,,0,0,0,0,0,0,0,0,0,0,0,0,0,0,0,0,0,0,1,1,1,1,1,1,0,0,0,0,0,0,0,0,0,0,0,0,0,0,0,0,0,0,290.9,290.9,290.9,248.9,223.8,85.9,0.3,0.3,0.3,0.3,0.3,0.5853,1,1,1,1,1,1
23139,Straubing,48.881668,12.569445,,0,0,0,0,0,0,0,0,0,0,0,0,0,0,0,0,0,0,1,1,1,1,1,1,0,0,0,0,0,0,0,0,0,0,0,0,0,0,0,0,0,0,389.9,389.9,189.4,189.4,189.4,84.7,0.3,0.3,0.3265,0.3265,0.3265,0.5882,1,1,1,1,1,1
23140,Sulzbach-Rosenberg,49.495556,11.756111,,0,1,1,1,1,1,0,0,0,0,0,0,0,0,0,0,0,0,1,1,1,1,1,1,0,0,0,1,1,1,0,0,0,0,0,0,0,0,0,0,0,0,454.8,454.8,202.3,172.8,133.9,84.6,0.3,1.8,1.8,2.8681,2.9653,3.0886,1,2,2,3,3,3
23141,Tegernsee,47.708611,11.756945,,0,0,0,0,0,0,0,0,0,0,0,0,0,0,0,0,0,0,1,1,1,1,1,1,0,0,0,0,0,0,0,0,0,0,0,0,0,0,0,0,0,0,256.1,256.1,256.1,256.1,256.1,120.2,0.3,0.3,0.3,0.3,0.3,0.4996,1,1,1,1,1,1
23142,Teublitz,49.22139,12.086111,,0,0,0,0,0,0,0,0,0,0,0,0,0,0,0,0,0,0,1,1,1,1,1,1,0,0,0,0,0,0,0,0,0,0,0,0,0,0,0,0,0,0,424.5,424.5,193.7,193.7,166.5,69.9,0.3,0.3,0.3157,0.3157,0.3837,0.6254,1,1,1,1,1,1
23143,Thannhausen,48.282501,10.47,,0,0,0,0,0,0,0,0,0,0,0,0,0,0,0,0,0,0,1,1,1,1,1,1,0,0,0,0,0,0,0,0,0,0,0,0,0,0,0,0,0,0,337.2,337.2,337.2,179.8,171.9,88.6,0.3,0.3,0.3,0.3505,0.3701,0.5785,1,1,1,1,1,1
23144,Tirschenreuth,49.878056,12.336667,,0,0,0,1,1,1,0,0,0,0,0,0,0,0,0,0,0,0,1,1,1,1,1,1,0,0,0,0,0,0,0,0,0,0,0,0,0,0,0,0,0,0,498.4,498.4,150.9,150.9,150.9,140.1,0.3,0.3,0.4228,1.9228,1.9228,1.9497,1,1,1,2,2,2
23145,Tittmoning,48.060276,12.768888,,1,1,1,1,1,1,0,0,0,0,0,0,0,0,0,0,0,0,1,1,1,1,1,1,0,1,1,1,1,1,0,0,0,0,0,0,0,0,0,0,0,0,302.8,302.8,255.5,255.5,255.5,126.5,1.8,2.8,2.8,2.8,2.8,2.9838,2,3,3,3,3,3
23146,Traunreut,47.961388,12.593333,,0,0,0,0,0,0,0,0,0,0,0,0,0,0,0,0,0,0,0,0,0,0,0,0,0,0,0,0,0,0,0,0,0,0,0,0,0,0,0,0,0,0,289.3,289.3,271.4,271.4,271.4,124.3,0.0,0.0,0.0,0.0,0.0,0.1892,0,0,0,0,0,0
23147,Traunstein,47.869446,12.648611,,0,0,1,1,1,1,0,0,0,1,1,1,0,0,0,1,1,1,1,1,1,1,1,1,0,0,0,0,0,0,0,0,0,0,0,0,0,0,0,0,0,0,280.1,280.1,278.5,278.5,278.5,134.6,0.3,0.3,1.8,1.5,1.5,1.6634,1,1,2,1,1,1
23148,Trostberg,48.027222,12.556666,,0,0,0,0,0,0,0,0,0,0,0,0,0,0,0,0,0,0,1,1,1,1,1,1,0,0,0,0,0,1,0,0,0,0,0,0,0,0,0,0,0,0,296.0,296.0,266.3,266.3,266.3,117.2,0.3,0.3,0.3,0.3,0.3,1.5071,1,1,1,1,1,2
23149,Velburg,49.233055,11.671667,,0,0,0,1,1,1,0,0,0,0,0,0,0,0,0,0,0,0,1,1,1,1,1,1,0,0,0,0,0,0,0,0,0,0,0,0,0,0,0,0,0,0,425.8,425.8,219.5,199.4,138.7,54.9,0.3,0.3,0.3,1.8015,1.9532,2.1628,1,1,1,2,2,2
23150,Viechtach,49.081665,12.883889,,0,0,0,0,0,0,0,0,0,0,0,0,0,0,0,0,0,0,1,1,1,1,1,1,0,0,0,0,0,0,0,0,0,0,0,0,0,0,0,0,0,0,415.6,415.6,157.5,157.5,157.5,112.2,0.3,0.3,0.4064,0.4064,0.4064,0.5196,1,1,1,1,1,1
23151,Vilsbiburg,48.450001,12.353889,,0,0,1,1,1,1,0,0,0,0,0,0,0,0,0,0,0,0,1,1,1,1,1,1,0,0,0,0,0,0,0,0,0,0,0,0,0,0,0,0,0,0,340.3,340.3,235.9,235.9,229.7,76.8,0.3,0.3,1.8,1.8,1.8,2.108,1,1,2,2,2,2
23152,Vilseck,49.610832,11.805278,,0,1,1,1,1,1,0,0,0,0,0,0,0,0,0,0,0,0,1,1,1,1,1,1,0,0,0,0,0,1,0,0,0,0,0,0,0,0,0,0,0,0,467.5,467.5,194.9,161.7,134.7,97.9,0.3,1.8,1.8127,1.8958,1.9633,3.0554,1,2,2,2,2,3
23153,Vilshofen,48.63028,13.19,,1,1,1,1,1,1,0,0,0,0,0,0,0,0,0,0,0,0,1,1,1,1,1,1,0,0,0,0,0,1,0,0,0,0,0,0,0,0,0,0,0,0,372.0,372.0,185.0,185.0,185.0,130.4,1.8,1.8,1.8376,1.8376,1.8376,2.9741,2,2,2,2,2,3
23154,Vohburg,48.768055,11.618889,,0,1,1,1,1,1,0,0,1,1,1,1,0,0,0,0,0,0,1,1,1,1,1,1,0,0,0,0,0,0,0,0,0,0,0,0,0,0,0,0,0,0,374.3,374.3,250.2,223.5,166.0,14.2,0.3,1.8,0.8,0.8,0.8851,1.2646,1,2,1,1,1,1
23155,Vohenstrauss,49.622776,12.341945,,0,0,0,1,1,1,0,0,0,1,1,1,0,0,0,0,0,0,0,1,1,1,1,1,0,0,0,0,0,0,0,0,0,0,0,0,0,0,0,0,0,0,470.1,470.1,157.8,157.8,157.8,116.2,0.0,0.3,0.4056,0.9056,0.9056,1.0095,0,1,1,1,1,1
23156,Waldershof,49.977501,12.063334,,0,0,0,0,0,0,0,0,0,0,0,0,0,0,0,0,0,0,0,1,1,1,1,1,0,0,0,0,0,0,0,0,0,0,0,0,0,0,0,0,0,0,508.4,508.4,168.9,133.1,133.1,133.1,0.0,0.3,0.3778,0.4673,0.4673,0.4673,0,1,1,1,1,1
23157,Waldkraiburg,48.208057,12.400278,,0,0,0,0,0,0,0,0,0,0,0,0,0,0,0,0,0,0,0,0,0,0,0,0,0,0,0,0,0,0,0,0,0,0,0,0,0,0,0,0,0,0,314.0,314.0,255.5,255.5,250.7,94.9,0.0,0.0,0.0,0.0,0.0,0.2626,0,0,0,0,0,0
23158,Waldmuenchen,49.375557,12.705556,,0,1,1,1,1,1,0,0,0,0,0,0,0,0,0,0,0,0,0,1,1,1,1,1,0,0,0,0,0,0,0,0,0,0,0,0,0,0,0,0,0,0,445.7,445.7,146.5,146.5,146.5,115.2,0.0,1.8,1.9337,1.9337,1.9337,2.0119,0,2,2,2,2,2
23159,Waldsassen,50.003056,12.305278,,0,0,0,0,0,0,0,0,0,0,0,0,0,0,0,0,0,0,1,1,1,1,1,1,0,0,0,0,0,0,0,0,0,0,0,0,0,0,0,0,0,0,512.1,512.1,151.4,141.0,141.0,141.0,0.3,0.3,0.4215,0.4476,0.4476,0.4476,1,1,1,1,1,1
23160,Wasserburg,48.060833,12.232223,,0,0,1,1,1,1,0,0,1,1,1,1,0,0,0,1,1,1,1,1,1,1,1,1,1,1,1,1,1,1,0,0,0,0,0,0,0,0,0,0,0,0,296.4,296.4,276.0,276.0,254.4,98.5,1.3,1.3,1.8,2.5,2.5,2.7538,2,2,2,2,2,2
23161,Weiden,49.675556,12.163611,,0,1,1,1,1,1,0,0,0,0,0,0,0,0,0,0,0,0,1,1,1,1,1,1,0,0,0,0,0,0,0,0,0,0,0,0,0,0,0,0,0,0,475.2,475.2,168.1,165.6,159.4,114.4,0.3,1.8,1.8797,1.8859,1.9016,2.014,1,2,2,2,2,2
23162,Weilheim,47.839443,11.141389,,0,0,1,1,1,1,0,0,0,0,0,0,0,0,0,0,0,0,1,1,1,1,1,1,0,0,0,0,0,0,0,0,0,0,0,0,0,0,0,0,0,0,276.3,276.3,276.3,249.9,233.8,105.2,0.3,0.3,1.8,1.8,1.8,2.037,1,1,2,2,2,2
23163,Weissenhorn,48.303333,10.160277,,1,1,1,1,1,1,0,0,0,0,0,0,0,0,0,0,0,0,1,1,1,1,1,1,0,0,0,0,0,0,0,0,0,0,0,0,0,0,0,0,0,0,347.5,347.5,347.5,162.6,162.6,84.9,1.8,1.8,1.8,1.8936,1.8936,2.0877,2,2,2,2,2,2
23164,Wemding,48.874443,10.723333,,0,0,1,1,1,1,0,0,0,0,0,0,0,0,0,0,0,0,1,1,1,1,1,1,0,0,0,0,0,0,0,0,0,0,0,0,0,0,0,0,0,0,395.3,395.3,299.2,158.1,116.2,52.8,0.3,0.3,1.8,1.9047,2.0095,2.168,1,1,2,2,2,2
23165,Wertingen,48.561943,10.682222,,0,1,1,1,1,1,0,0,0,0,0,0,0,0,0,0,0,0,1,1,1,1,1,1,0,0,0,0,0,1,0,0,0,0,0,0,0,0,0,0,0,0,362.3,362.3,319.6,172.1,146.6,59.1,0.3,1.8,1.8,1.8697,1.9335,3.1521,1,2,2,2,2,3
23166,Windisch-Eschenbach,49.803333,12.155556,,0,0,0,0,0,0,0,0,0,0,0,0,0,0,0,0,0,0,1,1,1,1,1,1,0,0,0,0,0,0,0,0,0,0,0,0,0,0,0,0,0,0,489.3,489.3,165.2,153.0,153.0,126.9,0.3,0.3,0.3871,0.4175,0.4175,0.4828,1,1,1,1,1,1
23167,Woerth a. d. Donau,49.000278,12.400556,,0,0,0,0,0,0,0,0,0,0,0,0,0,0,0,0,0,0,1,1,1,1,1,1,0,0,0,0,0,0,0,0,0,0,0,0,0,0,0,0,0,0,401.5,401.5,189.4,189.4,189.4,75.9,0.3,0.3,0.3265,0.3265,0.3265,0.6103,1,1,1,1,1,1
23168,Wolfratshausen,47.912498,11.420555,,0,0,0,0,0,0,0,0,0,0,0,0,0,0,0,0,0,0,1,1,1,1,1,1,0,0,0,0,0,0,0,0,0,0,0,0,0,0,0,0,0,0,280.8,280.8,280.8,259.6,234.9,95.0,0.3,0.3,0.3,0.3,0.3,0.5626,1,1,1,1,1,1
23169,Zwiesel,49.014446,13.233334,,0,0,0,0,0,0,0,0,0,0,0,0,0,0,0,0,0,0,0,1,1,1,1,1,0,0,0,0,0,0,0,0,0,0,0,0,0,0,0,0,0,0,414.0,414.0,146.9,146.9,146.9,135.0,0.0,0.3,0.4327,0.4327,0.4327,0.4625,0,1,1,1,1,1
