city_id,name,lat,lon,legal_capacity_score_1250,legal_capacity_score_1300,legal_capacity_score_1350,legal_capacity_score_1400,legal_capacity_score_1450,legal_capacity_score_1500,merchant_capital_score_1250,merchant_capital_score_1300,merchant_capital_score_1350,merchant_capital_score_1400,merchant_capital_score_1450,merchant_capital_score_1500,noble_extraction_score_1250,noble_extraction_score_1300,noble_extraction_score_1350,noble_extraction_score_1400,noble_extraction_score_1450,noble_extraction_score_1500,imputed_1250,imputed_1300,imputed_1350,imputed_1400,imputed_1450,imputed_1500,peasant_mobility_score_1250,peasant_mobility_score_1300,peasant_mobility_score_1350,peasant_mobility_score_1400,peasant_mobility_score_1450,peasant_mobility_score_1500
1001,Allenburg,54.4925,21.192223,0,1,1,3,3,3,0,0,0,0,0,0,1,2,2,2,2,2,True,True,True,True,True,True,0,1,1,1,1,1
1002,Allenstein,53.783333,20.483334,0,0,1,1,1,1,0,0,0,0,0,0,1,1,1,1,1,2,True,True,True,True,True,True,0,0,1,1,1,1
1003,Angerapp,54.416668,22.016666,0,0,0,0,0,0,0,0,0,0,0,0,1,1,1,1,1,1,True,True,True,True,True,True,0,0,0,0,0,0
1004,Angerburg,54.216667,21.75,0,0,1,1,1,1,0,0,0,0,0,0,1,1,1,1,1,1,True,True,True,True,True,True,0,0,1,1,1,1
1005,Arys,53.805557,21.945833,0,0,0,0,1,1,0,0,0,0,0,0,1,2,2,2,2,2,True,True,True,True,True,True,0,0,0,0,1,1
1006,Barten,54.216667,21.35,0,0,0,1,1,1,0,0,0,0,0,0,1,2,2,2,2,2,True,True,True,True,True,True,0,0,0,1,1,1
1007,Bartenstein (Ostpreussen),54.250278,20.816668,1,1,3,3,3,3,0,0,0,0,0,0,1,1,1,1,1,1,True,True,True,True,True,True,1,1,2,2,2,2
1008,Bischofsburg,53.863609,20.954721,0,0,0,3,3,3,0,0,0,0,0,0,1,1,1,1,1,2,True,True,True,True,True,True,0,0,0,2,2,1
1009,Bischofstein,54.084721,20.901945,0,0,1,3,3,3,0,0,0,0,0,0,1,1,1,1,1,2,True,True,True,True,True,True,0,0,1,2,2,1
1010,Bischofswerder,53.501667,19.349167,0,0,3,3,3,3,0,0,0,0,0,0,1,1,1,1,1,2,True,True,True,True,True,True,0,0,2,2,2,1
1011,Braunsberg,54.38361,19.816668,1,3,3,3,3,3,0,2,2,2,2,2,1,1,1,1,1,2,True,True,True,True,True,True,1,3,3,3,3,1
1012,Christburg,53.916668,19.35,1,3,3,3,3,3,0,0,0,0,0,0,1,1,1,1,1,2,True,True,True,True,True,True,1,2,2,2,2,1
1013,Danzig,54.350555,18.652779,3,3,3,3,3,3,0,2,2,2,3,3,1,1,2,1,1,1,True,True,True,True,True,True,2,3,1,3,3,3
1014,Dt. Eylau,53.599998,19.566668,0,0,3,3,3,3,0,0,0,0,0,0,1,1,1,1,1,1,True,True,True,True,True,True,0,0,2,2,2,2
1015,Domnau,54.426109,20.826666,0,0,1,3,3,3,0,0,0,0,0,0,1,2,2,2,2,2,True,True,True,True,True,True,0,0,1,1,1,1
1016,Drengfurt,54.213612,21.519167,0,0,0,1,3,3,0,0,0,0,0,0,1,2,2,2,2,2,True,True,True,True,True,True,0,0,0,1,1,1
1017,Ebenrode,54.633335,22.566668,0,0,0,0,0,0,0,0,0,0,0,0,1,2,2,2,2,2,True,True,True,True,True,True,0,0,0,0,0,0
1018,Elbing,54.166668,19.4,3,3,3,3,3,3,0,2,2,3,2,2,1,1,1,1,1,2,True,True,True,True,True,True,2,3,3,3,3,1
1019,Eydtkau,54.633335,22.733334,0,0,0,0,0,0,0,0,0,0,0,0,1,2,2,2,2,2,True,True,True,True,True,True,0,0,0,0,0,0
1020,Fischhausen,54.733334,20.0,0,1,3,3,3,3,0,0,0,0,0,0,1,2,2,2,2,2,True,True,True,True,True,True,0,1,1,1,1,1
1021,Frauenburg,54.349998,19.683332,0,1,3,3,3,3,0,0,0,0,0,0,1,1,1,1,1,2,True,True,True,True,True,True,0,1,2,2,2,1
1022,Freystadt in Westpreussen,53.599998,19.266666,0,3,3,3,3,3,0,0,0,0,0,0,1,1,1,2,1,1,True,True,True,True,True,True,0,2,2,1,2,2
1023,Friedland in Ostpreussen,54.450001,21.016666,0,0,3,3,3,3,0,0,0,0,0,0,1,1,1,1,1,1,True,True,True,True,True,True,0,0,2,2,2,2
1024,Garnsee,53.607224,18.941111,0,1,3,3,3,3,0,0,0,0,0,0,1,1,1,1,1,1,True,True,True,True,True,True,0,1,2,2,2,2
1025,Gehlenburg,53.616665,22.066668,0,0,0,0,1,1,0,0,0,0,0,0,1,1,1,1,1,1,True,True,True,True,True,True,0,0,0,0,1,1
1026,Gerdauen,54.358334,21.322222,0,0,1,3,3,3,0,0,0,0,0,0,1,1,1,1,1,1,True,True,True,True,True,True,0,0,1,2,2,2
1027,Gilgenburg,53.433334,20.033333,0,0,2,3,3,3,0,0,0,0,0,0,1,1,1,1,1,1,True,True,True,True,True,True,0,0,2,2,2,2
1028,Goldap,54.299999,22.299999,0,0,0,0,0,0,0,0,0,0,0,0,1,2,2,2,2,2,True,True,True,True,True,True,0,0,0,0,0,0
1029,Gumbinnen,54.583332,22.183332,0,0,0,0,0,0,0,0,0,0,0,0,1,2,2,2,2,2,True,True,True,True,True,True,0,0,0,0,0,0
1030,Guttstadt,53.985832,20.396111,0,0,3,3,3,3,0,0,0,0,0,0,1,1,1,1,1,2,True,True,True,True,True,True,0,0,2,2,2,1
1031,Heiligenbeil,54.466667,19.933332,0,1,3,3,3,3,0,0,0,0,0,0,1,1,1,1,1,1,True,True,True,True,True,True,0,1,2,2,2,2
1032,Heilsberg,54.116665,20.583334,1,1,3,3,3,3,0,0,0,0,0,0,1,1,1,1,1,2,True,True,True,True,True,True,1,1,2,2,2,1
1033,Hohenstein,53.583332,20.283333,0,0,1,3,3,3,0,0,0,0,0,0,1,1,1,1,1,1,True,True,True,True,True,True,0,0,1,2,2,2
1034,Insterburg,54.633335,21.816668,0,0,1,1,1,1,0,0,0,0,0,0,1,1,1,1,1,1,True,True,True,True,True,True,0,0,1,1,1,1
1035,Johannisburg,53.616665,21.799999,0,0,1,1,1,1,0,0,0,0,0,0,1,2,2,2,2,2,True,True,True,True,True,True,0,0,1,1,1,1
1036,Koenigsberg Pr.,54.710278,20.509445,0,3,3,3,3,3,0,2,2,2,2,2,1,1,1,1,1,1,True,True,True,True,True,True,0,3,3,3,3,3
1037,Kreuzburg,54.493332,20.440277,1,1,3,3,3,3,0,0,0,0,0,0,1,2,2,2,2,2,True,True,True,True,True,True,1,1,1,1,1,1
1038,Labiau,54.866665,21.1,0,1,1,1,1,1,0,0,0,0,0,0,1,2,2,2,2,2,True,True,True,True,True,True,0,1,1,1,1,1
1039,Landsberg,54.284721,20.49361,0,0,3,3,3,3,0,0,0,0,0,0,1,2,2,2,2,2,True,True,True,True,True,True,0,0,1,1,1,1
1040,Liebemuehl,53.75,19.85,0,0,3,3,3,3,0,0,0,0,0,0,1,1,1,1,1,1,True,True,True,True,True,True,0,0,2,2,2,2
1041,Liebstadt (Ostpreussen),54.0,20.066668,0,0,0,0,0,0,0,0,0,0,0,0,1,1,2,2,2,2,True,True,True,True,True,True,0,0,0,0,0,0
1042,Loetzen,54.033333,21.766666,0,0,1,1,1,1,0,0,0,0,0,0,1,2,2,2,2,2,True,True,True,True,True,True,0,0,1,1,1,1
1043,Lyck,53.816666,22.35,0,0,1,1,1,1,0,0,0,0,0,0,1,2,2,2,2,2,True,True,True,True,True,True,0,0,1,1,1,1
1044,Marienburg,54.033333,19.041666,0,3,3,3,3,3,0,0,0,0,0,0,1,1,1,1,1,2,True,True,True,True,True,True,0,2,2,2,2,1
1045,Marienwerder,53.735832,18.922222,3,3,3,3,3,3,0,0,0,0,0,0,1,1,1,1,1,1,True,True,True,True,True,True,2,2,2,2,2,2
1046,Mehlsack,54.216667,20.116667,0,3,3,3,3,3,0,0,0,0,0,0,1,1,1,1,1,2,True,True,True,True,True,True,0,2,2,2,2,1
1047,Mohrungen,53.916668,19.933332,0,1,3,3,3,3,0,0,0,0,0,0,1,1,1,1,1,1,True,True,True,True,True,True,0,1,2,2,2,2
1048,Muehlhausen,54.166668,19.733334,0,0,3,3,3,3,0,0,0,0,0,0,1,1,1,1,1,1,True,True,True,True,True,True,0,0,2,2,2,2
1049,Neidenburg,53.358334,20.424999,0,0,0,3,3,3,0,0,0,0,0,0,1,1,1,1,1,1,True,True,True,True,True,True,0,0,0,2,2,2
1050,Neuteich,54.133335,19.0,0,0,2,2,2,2,0,0,0,0,0,0,1,1,1,1,1,2,True,True,True,True,True,True,0,0,2,2,2,1
1051,Nikolaiken,53.799999,21.583334,0,0,0,0,1,1,0,0,0,0,0,0,1,2,2,2,2,2,True,True,True,True,True,True,0,0,0,0,1,1
1052,Nordenburg,54.333332,21.549999,0,0,0,1,3,3,0,0,0,0,0,0,1,1,1,1,1,1,True,True,True,True,True,True,0,0,0,1,2,2
1053,Ortelsburg,53.562778,20.985277,0,0,1,1,1,1,0,0,0,0,0,0,1,1,1,1,1,1,True,True,True,True,True,True,0,0,1,1,1,1
1054,Osterode in Ostpreussen,53.700001,19.966667,0,0,3,3,3,3,0,0,0,0,0,0,1,1,1,1,1,1,True,True,True,True,True,True,0,0,2,2,2,2
1055,Passenheim,53.633335,20.783333,0,0,0,3,3,3,0,0,0,0,0,0,1,1,1,1,1,1,True,True,True,True,True,True,0,0,0,2,2,2
1056,Pillau,54.650002,19.916666,0,0,0,0,1,1,0,0,0,0,0,0,1,2,2,2,2,2,True,True,True,True,True,True,0,0,0,0,1,1
1057,Pr. Eylau,54.383335,20.65,0,0,1,1,1,1,0,0,0,0,0,0,1,1,1,1,1,1,True,True,True,True,True,True,0,0,1,1,1,1
1058,Pr. Holland,54.065277,19.656944,0,3,3,3,3,3,0,0,0,0,0,0,1,1,1,1,1,1,True,True,True,True,True,True,0,2,2,2,2,2
1059,Ragnit,55.033333,22.033333,0,1,1,1,1,1,0,0,0,0,0,0,1,1,1,1,1,1,True,True,True,True,True,True,0,1,1,1,1,1
1060,Rastenburg,54.083332,21.383333,0,0,1,3,3,3,0,0,0,0,0,0,1,1,1,1,1,1,True,True,True,True,True,True,0,0,1,2,2,2
1061,Rhein,53.93861,21.545834,0,0,1,1,1,1,0,0,0,0,0,1,1,1,1,1,1,1,True,True,True,True,True,True,0,0,1,1,1,1
1062,Riesenburg,53.755833,19.1975,1,1,3,3,3,3,0,0,0,0,0,0,1,1,1,1,1,1,True,True,True,True,True,True,1,1,2,2,2,2
1063,Roessel,54.049999,21.15,1,1,3,3,3,3,0,0,0,0,0,0,1,1,1,1,1,2,True,True,True,True,True,True,1,1,2,2,2,1
1064,Rosenberg,53.719723,19.336945,0,0,3,3,3,3,0,0,0,0,0,0,1,1,1,1,1,1,True,True,True,True,True,True,0,0,2,2,2,2
1065,Saalfeld (Ostpreussen),53.849998,19.6,0,3,3,3,3,3,0,0,0,0,0,0,1,1,1,1,1,1,True,True,True,True,True,True,0,2,2,2,2,2
1066,Schippenbeil,54.25,21.016666,0,0,1,3,3,3,0,0,0,0,0,0,1,1,1,1,1,1,True,True,True,True,True,True,0,0,1,2,2,2
1067,Schirwindt,54.781944,22.844723,0,0,0,0,0,0,0,0,0,0,0,0,1,1,1,1,1,1,True,True,True,True,True,True,0,0,0,0,0,0
1068,Schlossberg,54.766666,22.516666,0,0,0,0,0,0,0,0,0,0,0,0,1,1,1,1,1,1,True,True,True,True,True,True,0,0,0,0,0,0
1069,Seeburg,53.976665,20.762501,0,0,3,3,3,3,0,0,0,0,0,0,1,1,1,1,1,2,True,True,True,True,True,True,0,0,2,2,2,1
1070,Sensburg,53.866665,21.299999,0,0,1,1,3,3,0,0,0,0,0,0,1,1,1,1,1,1,True,True,True,True,True,True,0,0,1,1,2,2
1071,Stuhm,53.921665,19.033611,0,0,1,1,3,3,0,0,0,0,0,0,1,1,1,1,1,2,True,True,True,True,True,True,0,0,1,1,2,1
1072,Tapiau,54.650002,21.066668,0,1,1,1,1,1,0,0,0,0,0,0,1,1,1,1,1,1,True,True,True,True,True,True,0,1,1,1,1,1
1073,Tiegenhof,54.216667,19.116667,0,0,0,0,0,0,0,0,0,0,0,0,1,1,1,1,1,2,True,True,True,True,True,True,0,0,0,0,0,0
1074,Tilsit,55.083332,21.883333,0,0,0,1,1,1,0,0,0,0,0,0,1,1,1,1,1,1,True,True,True,True,True,True,0,0,0,1,1,1
1075,Tolkemit,54.320278,19.514999,0,3,3,3,3,3,0,0,0,0,0,0,1,1,1,1,1,2,True,True,True,True,True,True,0,2,2,2,2,1
1076,Treuburg,54.033333,22.5,0,0,0,0,0,0,0,0,0,0,0,0,1,1,1,1,1,1,True,True,True,True,True,True,0,0,0,0,0,0
1077,Wartenburg,53.833332,20.683332,0,0,1,3,3,3,0,0,0,0,0,0,1,1,1,1,1,2,True,True,True,True,True,True,0,0,1,2,2,1
1078,Wehlau,54.616665,21.216667,0,1,3,3,3,3,0,0,0,0,0,0,1,1,1,1,1,1,True,True,True,True,True,True,0,1,2,2,2,2
1079,Willenberg,53.383335,20.950001,0,0,0,1,1,1,0,0,0,0,0,0,1,1,1,1,1,1,True,True,True,True,True,True,0,0,0,1,1,1
1080,Wormditt,54.099998,20.133333,0,0,3,3,3,3,0,0,0,0,0,0,1,1,1,1,1,2,True,True,True,True,True,True,0,0,2,2,2,1
1081,Zinten,54.450001,20.299999,0,3,3,3,3,3,0,0,0,0,0,0,1,1,1,1,1,1,True,True,True,True,True,True,0,2,2,2,2,2
1082,Zoppot,54.433334,18.549999,1,1,1,1,1,1,0,0,0,0,0,0,1,2,2,1,1,2,True,True,True,True,True,True,1,1,1,1,1,1
2001,Anklam,53.855278,13.692778,1,3,3,3,3,3,0,2,2,2,2,2,1,1,1,1,1,1,True,True,True,True,True,True,1,3,3,3,3,3
2002,Barth,54.36861,12.726389,1,3,3,3,3,3,0,0,0,0,0,0,1,2,2,1,1,1,True,True,True,True,True,True,1,1,1,2,2,2
2003,Bergen,54.418335,13.432777,1,1,1,1,1,1,0,0,0,0,0,0,1,1,2,2,1,1,True,True,True,True,True,True,1,1,1,1,1,1
2004,Damgarten,54.255001,12.473333,0,3,3,3,3,3,0,0,0,0,0,0,1,1,2,1,1,1,True,True,True,True,True,True,0,2,1,2,2,2
2005,Demmin,53.905277,13.038055,3,3,3,3,3,3,0,2,2,2,2,2,1,1,1,1,1,2,True,True,True,True,True,True,2,3,3,3,3,1
2006,Franzburg,54.186943,12.8775,1,1,1,1,1,1,0,0,0,0,0,0,1,1,1,1,1,1,True,True,True,True,True,True,1,1,1,1,1,1
2007,Gartz (Oder),53.208611,14.388611,3,3,3,3,3,3,0,2,2,3,3,3,1,1,1,1,1,3,True,True,True,True,True,True,2,3,3,3,3,1
2008,Garz (Ruegen),54.316387,13.352222,0,0,2,2,2,2,0,0,0,0,0,0,1,1,2,1,1,1,True,True,True,True,True,True,0,0,1,2,2,2
2009,Greifswald,54.095554,13.379444,3,3,3,3,3,3,1,3,3,3,3,3,1,1,1,1,1,1,True,True,True,True,True,True,2,3,3,3,3,3
2010,Grimmen,54.113056,13.043056,0,1,3,3,3,3,0,0,0,0,0,0,1,1,2,2,1,1,True,True,True,True,True,True,0,1,1,1,2,2
2011,Guetzkow,53.9375,13.409445,3,3,3,3,3,3,0,0,0,0,0,0,1,1,1,2,1,1,True,True,True,True,True,True,2,2,2,1,2,2
2012,Jarmen,53.923889,13.34,0,3,3,3,3,3,0,0,0,0,0,0,1,1,2,1,1,1,True,True,True,True,True,True,0,2,1,2,2,2
2013,Lassan,53.945557,13.845,1,2,2,2,2,2,0,0,0,0,0,0,1,1,1,1,1,1,True,True,True,True,True,True,1,2,2,2,2,2
2014,Loitz,53.97361,13.129444,3,3,3,3,3,3,0,0,0,0,0,0,1,1,3,2,1,1,True,True,True,True,True,True,2,2,1,1,2,2
2015,Pasewalk,53.503887,13.997222,3,3,3,3,3,3,0,0,0,0,0,0,1,1,3,3,1,2,True,True,True,True,True,True,2,2,1,1,2,1
2016,Penkun,53.297779,14.235556,1,3,3,3,3,3,0,0,0,0,0,0,1,1,1,1,1,2,True,True,True,True,True,True,1,2,2,2,2,1
2017,Richtenberg,54.200554,12.89,1,2,2,2,2,2,0,0,0,0,0,0,1,1,1,1,1,1,True,True,True,True,True,True,1,2,2,2,2,2
2018,Stralsund,54.313889,13.089723,3,3,3,3,3,3,0,2,2,2,3,3,1,1,1,1,1,1,True,True,True,True,True,True,2,3,3,3,3,3
2019,Treptow (Tollense),53.69278,13.250834,1,1,1,1,1,1,0,0,0,0,0,0,1,1,2,1,1,2,True,True,True,True,True,True,1,1,1,1,1,1
2020,Tribsees,54.094444,12.757778,2,2,2,2,2,2,0,0,0,0,0,0,1,2,2,2,1,1,True,True,True,True,True,True,2,1,1,1,2,2
2021,Ueckermuende,53.736389,14.046389,1,3,3,3,3,3,0,0,0,0,0,0,1,1,1,1,1,2,True,True,True,True,True,True,1,2,2,2,2,1
2022,Usedom,53.87389,13.920278,1,3,3,3,3,3,1,1,1,1,1,1,1,1,1,1,1,1,True,True,True,True,True,True,1,2,2,2,2,2
2023,Wolgast,54.052776,13.774445,3,3,3,3,3,3,1,2,2,2,2,2,1,1,1,1,1,1,True,True,True,True,True,True,2,3,3,3,3,3
3001,Arnhausen,53.8325,15.939167,1,2,2,2,2,1,0,0,0,0,0,0,1,1,1,1,1,1,True,True,True,True,True,True,1,2,2,2,2,1
3002,Arnswalde,53.166668,15.4,0,2,2,2,2,2,0,0,0,0,0,1,1,1,3,3,2,3,True,True,True,True,True,True,0,2,1,1,1,1
3003,Baerwalde,53.745277,16.35111,0,3,3,3,3,3,0,0,0,0,0,0,1,1,1,2,1,2,True,True,True,True,True,True,0,2,2,1,2,1
3004,Bahn,53.099998,14.65,1,1,1,1,1,1,1,1,1,1,1,1,1,1,2,1,1,2,True,True,True,True,True,True,1,1,1,1,1,1
3005,Baldenburg,53.897499,16.834444,0,0,0,3,3,3,0,0,0,0,0,0,1,1,2,1,2,2,True,True,True,True,True,True,0,0,0,2,1,1
3006,Belgard,54.0,15.983334,1,3,3,3,3,3,0,2,3,3,3,3,1,1,2,1,1,1,True,True,True,True,True,True,1,3,1,3,3,3
3007,Bublitz,53.950001,16.583334,0,0,3,3,3,3,0,0,0,0,0,0,1,1,1,1,2,1,True,True,True,True,True,True,0,0,2,2,1,2
3008,Buetow,54.16861,17.491667,0,0,3,3,3,3,0,0,0,0,0,0,1,1,3,1,2,3,True,True,True,True,True,True,0,0,1,2,1,1
3009,Daber,53.586666,15.309167,0,1,1,1,1,1,0,0,0,0,0,0,1,1,1,2,1,2,True,True,True,True,True,True,0,1,1,1,1,1
3010,Deutsch Krone,53.266666,16.466667,0,0,2,2,2,2,0,0,0,0,0,0,1,1,3,3,2,2,True,True,True,True,True,True,0,0,1,1,1,1
3011,Dramburg,53.533333,15.8,0,3,3,3,3,3,0,2,2,2,2,2,1,1,3,3,2,3,True,True,True,True,True,True,0,3,1,1,1,1
3012,Driesen (Neumark),52.833332,15.833333,1,1,2,2,2,2,0,0,0,0,0,0,1,1,3,3,2,3,True,True,True,True,True,True,1,1,1,1,1,1
3013,Falkenburg,53.534443,16.008888,0,0,2,2,2,2,0,0,0,0,0,0,1,1,2,3,2,3,True,True,True,True,True,True,0,0,1,1,1,1
3014,Fiddichow,53.127777,14.388889,1,1,2,2,2,2,0,1,1,1,1,1,1,1,1,1,1,3,True,True,True,True,True,True,1,1,2,2,2,1
3015,Flatow,53.362499,17.033056,1,1,1,1,1,1,0,0,0,0,0,0,1,1,2,2,2,2,True,True,True,True,True,True,1,1,1,1,1,1
3016,Freienwalde i. Pomm.,53.466667,15.35,1,1,1,2,2,2,0,0,0,0,0,0,1,1,2,2,2,2,True,True,True,True,True,True,1,1,1,1,1,1
3017,Friedeberg (Neumark),52.883335,15.516666,0,1,1,1,1,1,0,0,0,1,1,1,1,1,3,3,2,3,True,True,True,True,True,True,0,1,1,1,1,1
3018,Gollnow,53.56361,14.828055,1,3,3,3,3,3,0,2,2,2,2,2,1,1,1,1,1,2,True,True,True,True,True,True,1,3,3,3,3,1
3019,Greifenberg i. Pomm.,53.916111,15.199722,0,3,3,3,3,3,0,2,2,2,2,2,1,1,1,2,1,2,True,True,True,True,True,True,0,3,3,1,3,1
3020,Greifenhagen,53.252777,14.487778,0,2,2,2,2,2,0,1,1,1,1,1,1,1,1,1,1,2,True,True,True,True,True,True,0,2,2,2,2,1
3021,Guelzow,53.824165,14.979445,0,0,1,1,1,1,0,0,0,0,0,0,1,1,2,1,1,1,True,True,True,True,True,True,0,0,1,1,1,1
3022,Hammerstein,53.683056,16.941944,0,0,0,3,3,3,0,0,0,0,0,0,1,1,1,1,2,2,True,True,True,True,True,True,0,0,0,2,1,1
3023,Hochzeit,53.0,15.95,1,1,1,1,1,1,0,0,0,0,0,0,1,1,3,2,1,1,True,True,True,True,True,True,1,1,1,1,1,1
3024,Jacobshagen,53.356945,15.428611,0,0,1,1,1,1,0,0,0,0,0,0,1,1,1,1,1,1,True,True,True,True,True,True,0,0,1,1,1,1
3025,Jastrow,53.416668,16.816668,0,0,0,1,1,1,0,0,0,0,0,0,1,1,1,2,1,3,True,True,True,True,True,True,0,0,0,1,1,1
3026,Kallies,53.283333,15.9,0,0,3,3,3,3,0,0,3,3,3,3,1,1,3,3,2,3,True,True,True,True,True,True,0,0,1,1,1,1
3027,Kammin,53.9725,14.768611,1,3,3,3,3,3,0,2,2,2,2,2,1,1,1,2,1,2,True,True,True,True,True,True,1,3,3,1,3,1
3028,Koerlin,54.038055,15.876667,3,3,3,3,3,3,0,0,0,0,0,0,1,1,1,2,1,1,True,True,True,True,True,True,2,2,2,1,2,2
3029,Koeslin,54.190277,16.181667,1,3,3,3,3,3,0,2,2,2,2,2,1,1,1,1,1,1,True,True,True,True,True,True,1,3,3,3,3,3
3030,Kolberg,54.175835,15.574722,1,3,3,3,3,3,0,2,2,2,2,3,1,1,1,1,1,1,True,True,True,True,True,True,1,3,3,3,3,3
3031,Kreuz,52.866665,16.016666,0,0,0,0,0,0,0,0,0,0,0,0,1,2,2,2,2,2,True,True,True,True,True,True,0,0,0,0,0,0
3032,Krojanke,53.283333,16.983334,0,0,0,0,3,3,0,0,0,0,0,0,1,1,2,2,2,2,True,True,True,True,True,True,0,0,0,0,1,1
3033,Kuertow,53.150002,15.55,1,1,1,1,1,2,0,0,0,0,0,0,1,1,2,3,2,3,True,True,True,True,True,True,1,1,1,1,1,1
3034,Labes,53.633335,15.616667,0,3,3,3,3,3,0,0,0,0,0,0,1,1,1,2,1,2,True,True,True,True,True,True,0,2,2,1,2,1
3035,Landeck,53.535831,16.953888,0,0,0,1,1,1,0,0,0,0,0,0,1,1,2,1,1,2,True,True,True,True,True,True,0,0,0,1,1,1
3036,Lauenburg,54.543056,17.745832,0,1,3,3,3,3,0,0,0,0,0,0,1,1,1,1,1,2,True,True,True,True,True,True,0,1,2,2,2,1
3037,Leba,54.75639,17.555555,0,0,0,3,3,3,0,0,0,0,0,0,1,1,1,1,1,2,True,True,True,True,True,True,0,0,0,2,2,1
3038,Maerkisch Friedland,53.341389,16.084999,0,0,2,2,2,2,0,0,0,0,0,0,1,1,3,3,2,2,True,True,True,True,True,True,0,0,1,1,1,1
3039,Massow,53.496387,15.060278,1,3,3,3,3,3,0,0,0,0,0,0,1,1,1,1,1,2,True,True,True,True,True,True,1,2,2,2,2,1
3040,Naugard,53.666668,15.116667,0,1,3,3,3,3,0,0,0,0,0,0,1,1,1,1,1,1,True,True,True,True,True,True,0,1,2,2,2,2
3041,Neustettin,53.716667,16.683332,0,0,3,3,3,3,0,0,0,0,0,0,1,1,1,2,1,2,True,True,True,True,True,True,0,0,2,1,2,1
3042,Neuwarp,53.725277,14.279445,1,1,1,1,3,3,0,0,0,0,0,0,1,1,1,1,1,2,True,True,True,True,True,True,1,1,1,1,2,1
3043,Neuwedell,53.216667,15.75,0,0,2,2,2,2,0,0,0,0,0,0,1,1,3,3,2,3,True,True,True,True,True,True,0,0,1,1,1,1
3044,Noerenberg,53.383335,15.55,1,1,1,1,1,1,0,0,0,0,0,0,1,1,2,3,2,3,True,True,True,True,True,True,1,1,1,1,1,1
3045,Plathe,53.803612,15.27,1,3,3,3,3,3,0,0,0,0,0,0,1,1,1,2,1,2,True,True,True,True,True,True,1,2,2,1,2,1
3046,Pollnow,54.099998,16.700001,0,0,3,3,3,3,0,0,0,0,0,0,1,2,2,2,1,2,True,True,True,True,True,True,0,0,1,1,2,1
3047,Bad Polzin,53.765556,16.092777,0,1,2,2,2,2,0,0,0,0,0,0,1,1,1,2,1,2,True,True,True,True,True,True,0,1,2,1,2,1
3048,Preussisch Friedland,53.536388,17.235277,0,0,1,3,3,3,0,0,0,0,0,0,1,1,2,1,2,2,True,True,True,True,True,True,0,0,1,2,1,1
3049,Pyritz,53.143055,14.893056,1,2,2,2,2,2,0,0,0,0,0,0,1,1,1,1,1,2,True,True,True,True,True,True,1,2,2,2,2,1
3050,Radolin,53.0,16.549999,0,0,0,0,0,0,0,0,0,0,0,0,1,2,2,2,2,2,True,True,True,True,True,True,0,0,0,0,0,0
3051,Ratzebuhr i. Pomm.,53.533333,16.85,0,0,0,0,0,0,0,0,0,0,0,0,1,1,1,2,1,2,True,True,True,True,True,True,0,0,0,0,0,0
3052,Reetz (Neumark),53.260277,15.546389,0,2,2,2,2,2,0,0,0,0,0,0,1,1,2,3,2,3,True,True,True,True,True,True,0,2,1,1,1,1
3053,Regenwalde,53.772778,15.405833,1,2,2,2,2,2,0,0,0,0,0,0,1,1,1,2,1,2,True,True,True,True,True,True,1,2,2,1,2,1
3054,Ruegenwalde,54.422222,16.411112,0,2,2,2,2,2,0,0,3,3,3,3,1,1,2,2,1,2,True,True,True,True,True,True,0,2,1,1,2,1
3055,Rummelsburg i. Pomm.,53.999722,16.976389,0,0,0,0,0,1,0,0,0,0,0,0,1,1,1,2,1,2,True,True,True,True,True,True,0,0,0,0,0,1
3056,Schivelbein,53.766666,15.783334,0,2,2,3,3,3,0,0,0,0,0,0,1,1,2,2,2,1,True,True,True,True,True,True,0,2,1,1,1,2
3057,Schlawe,54.349998,16.666666,1,1,3,3,3,3,0,2,2,2,2,2,1,1,2,2,1,2,True,True,True,True,True,True,1,1,1,1,3,1
3058,Schlochau,53.650002,17.366667,1,1,3,3,3,3,0,0,0,0,0,0,1,1,2,1,2,2,True,True,True,True,True,True,1,1,1,2,1,1
3059,Schloppe,53.083332,16.1,1,1,3,3,3,3,0,0,0,0,0,0,1,1,3,3,2,2,True,True,True,True,True,True,1,1,1,1,1,1
3060,Schneidemuehl,53.150002,16.733334,0,0,0,0,0,1,0,0,0,0,0,0,1,2,2,2,2,2,True,True,True,True,True,True,0,0,0,0,0,1
3061,Schoenlanke,53.033333,16.466667,0,0,0,0,0,0,0,0,0,0,0,0,1,2,2,2,2,2,True,True,True,True,True,True,0,0,0,0,0,0
3062,Stargard in Pommern,53.336945,15.046667,1,3,3,3,3,3,0,2,2,2,2,2,1,1,1,2,1,2,True,True,True,True,True,True,1,3,3,1,3,1
3063,Stepenitz,53.650002,14.616667,0,1,1,1,1,1,0,0,0,0,0,0,1,1,1,2,1,2,True,True,True,True,True,True,0,1,1,1,1,1
3064,Stettin,53.424721,14.555278,3,3,3,3,3,3,1,3,3,3,3,3,1,1,1,1,1,2,True,True,True,True,True,True,2,3,3,3,3,1
3065,Stettin-Altdamm,53.395,14.665,1,2,2,2,2,2,1,1,1,1,1,1,1,1,1,1,1,2,True,True,True,True,True,True,1,2,2,2,2,1
3066,Stettin-Grabow,53.433334,14.583333,1,1,1,1,1,1,0,0,0,0,0,0,1,1,1,1,1,2,True,True,True,True,True,True,1,1,1,1,1,1
3067,Stettin-Poelitz,53.549999,14.570833,1,2,2,2,2,3,0,0,0,0,0,0,1,1,1,1,1,2,True,True,True,True,True,True,1,2,2,2,2,1
3068,Stolp,54.46611,17.030834,1,1,3,3,3,3,0,2,2,2,2,2,1,1,2,2,1,2,True,True,True,True,True,True,1,1,1,1,3,1
3069,Stramehl,53.65139,15.525833,0,1,3,3,3,3,0,0,0,0,0,0,1,1,1,1,1,1,True,True,True,True,True,True,0,1,2,2,2,2
3070,Swinemuende,53.916668,14.25,1,1,1,1,1,1,0,0,0,0,0,0,1,1,1,1,1,2,True,True,True,True,True,True,1,1,1,1,1,1
3071,Tankow,52.933334,15.35,0,1,1,1,1,1,0,0,0,0,0,0,1,1,3,3,2,3,True,True,True,True,True,True,0,1,1,1,1,1
3072,Tempelburg,53.549999,16.233334,0,3,3,3,3,3,0,0,0,0,0,0,1,1,3,3,2,2,True,True,True,True,True,True,0,2,1,1,1,1
3073,Treptow (Rega),54.063889,15.266666,1,3,3,3,3,3,0,2,3,3,3,3,1,1,2,2,1,2,True,True,True,True,True,True,1,3,1,1,3,1
3074,Tuetz,53.183334,16.15,0,0,3,3,3,3,0,0,0,0,0,0,1,1,3,3,2,2,True,True,True,True,True,True,0,0,1,1,1,1
3075,Wangerin,53.536945,15.5575,0,0,1,1,1,3,0,0,0,0,0,0,1,1,1,2,1,2,True,True,True,True,True,True,0,0,1,1,1,1
3076,Werben (Pommern),53.233055,14.9125,1,1,1,1,1,1,0,2,2,2,2,2,1,1,2,1,1,1,True,True,True,True,True,True,1,1,1,1,1,1
3077,Woldenberg (Neumark),52.966667,15.75,1,2,2,2,2,2,0,0,0,0,0,0,1,1,3,3,2,3,True,True,True,True,True,True,1,2,1,1,1,1
3078,Wollin,53.843334,14.615556,3,3,3,3,3,3,0,2,2,2,2,2,1,1,1,2,1,2,True,True,True,True,True,True,2,3,3,1,3,1
3079,Zachan,53.279446,15.318055,0,1,1,1,1,1,0,0,0,0,0,0,1,1,2,1,1,1,True,True,True,True,True,True,0,1,1,1,1,1
3080,Zanow,54.227779,16.291666,0,0,3,3,3,3,0,0,0,0,0,0,1,1,2,3,2,2,True,True,True,True,True,True,0,0,1,1,1,1
4001,Boizenburg,53.374168,10.7225,1,3,3,3,3,3,0,0,0,0,0,0,1,1,1,2,1,1,True,True,True,True,True,True,1,2,2,1,2,2
4002,Brueel,53.736946,11.713056,1,1,2,2,2,2,0,0,0,0,0,0,1,1,1,2,2,1,True,True,True,True,True,True,1,1,2,1,1,2
4003,Buetzow,53.8475,11.984445,2,2,2,2,2,2,0,0,0,0,0,0,1,1,1,1,1,1,True,True,True,True,True,True,2,2,2,2,2,2
4004,Crivitz,53.577778,11.648056,0,2,2,2,2,2,0,0,0,0,0,0,1,1,1,2,1,1,True,True,True,True,True,True,0,2,2,1,2,2
4005,Bad Doberan,54.106667,11.899167,1,1,1,1,1,1,0,0,0,0,0,0,1,1,2,1,1,1,True,True,True,True,True,True,1,1,1,1,1,1
4006,Doemitz,53.141666,11.248889,1,1,1,1,1,1,0,0,0,0,0,0,1,1,1,2,2,1,True,True,True,True,True,True,1,1,1,1,1,1
4007,Feldberg,53.335556,13.439722,0,1,1,1,1,1,0,0,0,0,0,0,1,1,2,1,1,1,True,True,True,True,True,True,0,1,1,1,1,1
4008,Friedland (Mecklenburg),53.669167,13.55,2,2,2,2,2,2,0,0,0,0,0,0,1,1,2,1,1,1,True,True,True,True,True,True,2,2,1,2,2,2
4009,Fuerstenberg/Havel,53.185276,13.144722,0,1,2,2,2,2,0,0,0,0,0,0,1,1,2,1,1,1,True,True,True,True,True,True,0,1,1,2,2,2
4010,Gadebusch,53.701668,11.118333,1,1,1,1,1,2,0,0,0,0,0,0,1,1,1,1,1,1,True,True,True,True,True,True,1,1,1,1,1,2
4011,Gnoien,53.968887,12.71,1,2,2,2,2,2,0,0,0,0,0,0,1,1,2,1,1,1,True,True,True,True,True,True,1,2,1,2,2,2
4012,Goldberg (Mecklenburg),53.590832,12.088889,2,2,2,2,2,2,0,0,0,0,0,0,1,1,1,1,2,1,True,True,True,True,True,True,2,2,2,2,1,2
4013,Grabow,53.27861,11.564445,1,3,3,3,3,3,0,0,0,0,0,0,1,1,2,1,1,1,True,True,True,True,True,True,1,2,1,2,2,2
4014,Grevesmuehlen,53.864445,11.184722,1,1,1,2,2,2,0,0,0,0,0,0,1,1,1,1,1,1,True,True,True,True,True,True,1,1,1,2,2,2
4015,Guestrow,53.794445,12.175555,2,2,3,3,3,3,0,0,0,0,0,0,1,1,1,1,2,1,True,True,True,True,True,True,2,2,2,2,1,2
4016,Hagenow,53.431667,11.191667,1,1,1,2,2,2,0,0,0,0,0,0,1,1,1,2,1,1,True,True,True,True,True,True,1,1,1,1,2,2
4017,Krakow,53.652222,12.267777,0,2,2,2,2,2,0,0,0,0,0,0,1,1,1,1,2,1,True,True,True,True,True,True,0,2,2,2,1,2
4018,Kroepelin,54.070835,11.795834,3,3,3,3,3,3,0,0,0,0,0,0,1,1,2,1,1,1,True,True,True,True,True,True,2,2,1,2,2,2
4019,Laage,53.927223,12.346111,1,1,2,2,2,2,0,0,0,0,0,0,1,1,1,1,2,1,True,True,True,True,True,True,1,1,2,2,1,2
4020,Ludwigslust,53.325279,11.496944,0,1,1,1,1,1,0,0,0,0,0,0,1,1,1,2,1,1,True,True,True,True,True,True,0,1,1,1,1,1
4021,Luebz,53.462776,12.026389,0,0,1,1,1,2,0,0,0,0,0,0,1,1,1,1,1,2,True,True,True,True,True,True,0,0,1,1,1,1
4022,Malchin,53.739166,12.761945,2,2,2,2,2,2,0,0,0,0,0,0,1,1,1,1,2,1,True,True,True,True,True,True,2,2,2,2,1,2
4023,Malchow,53.474998,12.423333,2,2,2,2,2,2,0,0,0,0,0,0,1,1,1,1,2,1,True,True,True,True,True,True,2,2,2,2,1,2
4024,Marlow,54.154167,12.571111,1,1,1,1,1,2,0,0,0,0,0,0,1,1,2,1,2,2,True,True,True,True,True,True,1,1,1,1,1,1
4025,Mirow,53.274445,12.815278,1,1,1,1,1,1,0,0,0,0,0,0,1,1,1,1,1,1,True,True,True,True,True,True,1,1,1,1,1,1
4026,Neubrandenburg,53.55722,13.259722,2,3,3,3,3,3,0,0,0,0,0,0,1,1,1,1,1,1,True,True,True,True,True,True,2,2,2,2,2,2
4027,Neubukow,54.031387,11.671389,1,1,1,1,1,1,0,0,0,0,0,0,1,1,1,1,1,1,True,True,True,True,True,True,1,1,1,1,1,1
4028,Neukalen,53.823055,12.790833,1,3,3,3,3,3,0,0,0,0,0,0,1,1,2,1,2,1,True,True,True,True,True,True,1,2,1,2,1,2
4029,Neustadt-Gleve,53.383057,11.585278,2,2,2,2,2,2,0,0,0,0,0,0,1,1,1,2,1,1,True,True,True,True,True,True,2,2,2,1,2,2
4030,Neustrelitz,53.362221,13.063334,1,1,1,1,1,1,0,0,0,0,0,0,1,1,1,1,1,1,True,True,True,True,True,True,1,1,1,1,1,1
4031,Parchim,53.425556,11.8475,2,2,2,2,2,2,0,0,0,1,1,1,1,1,1,1,2,1,True,True,True,True,True,True,2,2,2,2,1,2
4032,Penzlin,53.50528,13.088889,2,2,2,2,2,2,0,0,0,0,0,0,1,1,1,1,2,1,True,True,True,True,True,True,2,2,2,2,1,2
4033,Plau,53.459167,12.264444,2,2,2,2,2,2,0,0,0,0,0,0,1,1,1,1,2,1,True,True,True,True,True,True,2,2,2,2,1,2
4034,Rehna,53.779724,11.049444,1,1,1,1,1,1,1,1,1,1,1,1,1,1,1,1,1,1,True,True,True,True,True,True,1,1,1,1,1,1
4035,Ribnitz,54.242779,12.431666,3,3,3,3,3,3,0,0,0,0,0,0,1,1,2,1,1,1,True,True,True,True,True,True,2,2,1,2,2,2
4036,Roebel,53.37611,12.605833,2,2,2,2,2,2,0,0,0,0,0,0,1,1,1,1,2,1,True,True,True,True,True,True,2,2,2,2,1,2
4037,Rostock,54.088333,12.135834,3,3,3,3,3,3,0,2,2,3,3,3,1,1,2,1,1,1,True,True,True,True,True,True,2,3,1,3,3,3
4038,Schoenberg (Mecklenburg),53.846943,10.934444,1,1,1,1,1,1,0,0,0,0,0,0,1,1,1,1,1,1,True,True,True,True,True,True,1,1,1,1,1,1
4039,Schwaan,53.939445,12.1125,1,1,2,2,2,2,0,0,0,0,0,0,1,1,2,1,1,1,True,True,True,True,True,True,1,1,1,2,2,2
4040,Schwerin,53.628334,11.414166,2,2,3,3,3,3,1,1,1,1,1,1,1,1,1,2,1,1,True,True,True,True,True,True,2,2,2,1,2,2
4041,Stargard in Mecklenburg,53.495277,13.31,1,2,2,2,2,2,0,0,0,0,0,0,1,1,1,1,1,1,True,True,True,True,True,True,1,2,2,2,2,2
4042,Stavenhagen,53.698891,12.908055,3,3,3,3,3,3,0,0,0,0,0,0,1,1,1,1,2,1,True,True,True,True,True,True,2,2,2,2,1,2
4043,Sternberg,53.711113,11.828055,2,2,2,2,2,2,0,0,0,0,0,0,1,1,1,1,1,1,True,True,True,True,True,True,2,2,2,2,2,2
4044,Strelitz,53.3325,13.092778,0,1,2,2,2,2,0,0,0,0,0,0,1,1,3,2,2,1,True,True,True,True,True,True,0,1,1,1,1,2
4045,Bad Suelze,54.109722,12.658889,1,3,3,3,3,3,0,0,0,0,0,0,1,1,2,1,2,1,True,True,True,True,True,True,1,2,1,2,1,2
4046,Tessin,54.02861,12.463056,0,0,2,2,2,2,0,0,0,0,0,0,1,1,2,1,1,1,True,True,True,True,True,True,0,0,1,2,2,2
4047,Teterow,53.773335,12.575833,1,1,1,1,1,1,0,0,0,0,0,0,1,1,1,1,2,1,True,True,True,True,True,True,1,1,1,1,1,1
4048,Waren,53.513054,12.686111,1,2,2,2,2,2,0,0,0,0,0,0,1,1,1,1,2,1,True,True,True,True,True,True,1,2,2,2,1,2
4049,Warin,53.800278,11.704445,1,1,1,2,2,2,0,0,0,0,0,0,1,1,1,1,1,1,True,True,True,True,True,True,1,1,1,2,2,2
4050,Wesenberg,53.281387,12.970278,2,2,2,2,2,2,0,0,0,0,0,0,1,1,2,2,2,2,True,True,True,True,True,True,2,2,1,1,1,1
4051,Wismar,53.891388,11.465834,1,1,1,1,1,1,0,2,2,3,3,3,1,1,1,1,1,1,True,True,True,True,True,True,1,1,1,1,1,1
4052,Wittenburg,53.511391,11.074166,1,1,3,3,3,3,0,0,0,0,0,0,1,1,1,2,1,1,True,True,True,True,True,True,1,1,2,1,2,2
4053,Woldegk,53.458889,13.583055,0,1,1,1,1,1,0,0,0,0,0,0,1,1,1,1,1,1,True,True,True,True,True,True,0,1,1,1,1,1
5001,Altona,53.549999,9.9333334,1,1,1,1,1,1,0,0,0,0,0,0,1,1,1,1,1,1,True,True,True,True,True,True,1,1,1,1,1,1
5002,Barmstedt,53.790279,9.7683334,1,1,1,1,1,1,0,0,0,0,0,0,1,1,1,1,1,1,True,True,True,True,True,True,1,1,1,1,1,1
5003,Bergedorf,53.487499,10.209723,1,2,2,2,2,2,0,0,0,0,0,0,1,1,2,1,2,1,True,True,True,True,True,True,1,2,1,2,1,2
5004,Bad Bramstedt,53.91861,9.8819447,0,0,0,0,1,1,0,0,0,0,0,0,1,1,1,1,1,2,True,True,True,True,True,True,0,0,0,0,1,1
5005,Bredstedt,54.619999,8.9608335,1,1,1,1,1,1,0,0,0,0,0,0,1,2,2,2,2,2,True,True,True,True,True,True,1,1,1,1,1,1
5006,Burg auf Fehmarn,54.43861,11.1975,3,3,3,3,3,3,0,0,0,0,0,0,1,2,2,2,2,2,True,True,True,True,True,True,2,1,1,1,1,1
5007,Cuxhaven,53.864445,8.6972218,0,0,1,1,1,1,0,0,0,0,0,0,1,1,1,2,1,1,True,True,True,True,True,True,0,0,1,1,1,1
5008,Eckernfoerde,54.472778,9.8369446,2,2,2,2,2,2,0,0,0,0,0,0,1,2,2,2,3,2,True,True,True,True,True,True,2,1,1,1,1,1
5009,Elmshorn,53.754723,9.6549997,1,1,1,1,1,1,0,0,0,0,0,1,1,1,1,1,1,1,True,True,True,True,True,True,1,1,1,1,1,1
5010,Eutin,54.138611,10.614445,1,3,3,3,3,3,1,1,1,1,1,1,1,1,1,1,1,1,True,True,True,True,True,True,1,2,2,2,2,2
5011,Flensburg,54.782501,9.4375,1,2,2,2,2,2,0,0,0,0,0,0,1,1,1,2,1,2,True,True,True,True,True,True,1,2,2,1,2,1
5012,Friedrichstadt (Eider),54.373333,9.0877781,0,0,0,0,0,0,0,0,0,0,0,0,1,2,2,2,2,2,True,True,True,True,True,True,0,0,0,0,0,0
5013,Garding,54.329445,8.7788887,1,1,1,1,1,1,0,0,0,0,0,0,1,2,2,2,2,2,True,True,True,True,True,True,1,1,1,1,1,1
5014,Geesthacht,53.433334,10.371388,1,1,1,1,1,1,0,0,0,0,0,0,1,1,1,1,2,1,True,True,True,True,True,True,1,1,1,1,1,1
5015,Gluecksburg,54.836666,9.5508337,1,1,1,1,1,1,0,0,0,0,0,0,1,2,2,2,2,2,True,True,True,True,True,True,1,1,1,1,1,1
5016,Glueckstadt,53.787777,9.4236107,0,0,0,0,0,0,0,0,0,0,0,0,1,2,2,2,2,2,True,True,True,True,True,True,0,0,0,0,0,0
5017,Heide,54.195835,9.0952778,0,0,0,0,1,1,0,0,0,0,1,1,1,1,1,1,1,1,True,True,True,True,True,True,0,0,0,0,1,1
5018,Heiligenhafen,54.372776,10.974444,3,3,3,3,3,3,0,0,0,0,0,0,1,1,1,1,1,2,True,True,True,True,True,True,2,2,2,2,2,1
5019,Husum,54.476387,9.0500002,0,1,1,1,1,1,0,0,0,0,0,2,1,2,2,2,2,2,True,True,True,True,True,True,0,1,1,1,1,1
5020,Itzehoe,53.924999,9.5163889,3,3,3,3,3,3,0,3,3,3,3,3,1,1,1,1,3,2,True,True,True,True,True,True,2,3,3,3,1,1
5021,Kappeln,54.661667,9.9324999,0,0,0,1,1,1,0,0,0,0,0,0,1,2,2,2,2,2,True,True,True,True,True,True,0,0,0,1,1,1
5022,Kellinghusen,53.949444,9.7138891,1,1,1,1,1,1,0,0,0,0,0,0,1,1,1,1,1,2,True,True,True,True,True,True,1,1,1,1,1,1
5023,Kiel,54.321667,10.137222,3,3,3,3,3,3,0,2,2,2,3,3,1,1,1,1,1,2,True,True,True,True,True,True,2,3,3,3,3,1
5024,Krempe,53.837776,9.4872227,3,3,3,3,3,3,0,0,0,0,0,0,1,1,1,1,1,2,True,True,True,True,True,True,2,2,2,2,2,1
5025,Lauenburg (Elbe),53.374168,10.554167,2,2,2,2,2,2,0,0,0,0,0,0,1,1,1,1,1,1,True,True,True,True,True,True,2,2,2,2,2,2
5026,Luebeck,53.866112,10.683888,3,3,3,3,3,3,0,2,2,2,3,3,0,0,0,0,0,0,True,True,True,True,True,True,2,3,3,3,3,3
5027,Luetjenburg,54.294724,10.592222,1,3,3,3,3,3,0,1,1,1,1,1,1,1,1,1,1,2,True,True,True,True,True,True,1,2,2,2,2,1
5028,Marne,53.953609,9.0086107,1,1,1,1,1,1,0,0,0,0,0,0,1,1,1,1,1,1,True,True,True,True,True,True,1,1,1,1,1,1
5029,Meldorf,54.090832,9.0686111,2,2,2,2,2,2,0,0,2,2,2,2,1,1,1,1,1,1,True,True,True,True,True,True,2,2,2,2,2,2
5030,Moelln,53.629444,10.690833,3,3,3,3,3,3,0,0,0,0,0,0,1,1,2,1,2,1,True,True,True,True,True,True,2,2,1,2,1,2
5031,Neumuenster,54.073891,9.9847221,1,1,1,1,1,1,0,0,0,0,0,0,1,1,1,1,1,2,True,True,True,True,True,True,1,1,1,1,1,1
5032,Neustadt (Holstein),54.105556,10.816112,3,3,3,3,3,3,0,0,0,0,0,0,1,1,1,1,1,2,True,True,True,True,True,True,2,2,2,2,2,1
5033,Nortorf,54.167221,9.8558331,1,1,1,1,1,1,0,0,0,0,0,0,1,1,1,1,2,2,True,True,True,True,True,True,1,1,1,1,1,1
5034,Oldenburg (Holstein),54.292778,10.888056,3,3,3,3,3,3,0,0,0,0,0,0,1,1,1,1,1,2,True,True,True,True,True,True,2,2,2,2,2,1
5035,Bad Oldesloe,53.810001,10.373055,3,3,3,3,3,3,0,0,0,0,0,0,1,1,1,1,1,2,True,True,True,True,True,True,2,2,2,2,2,1
5036,Pinneberg,53.660557,9.792778,0,0,0,1,1,1,0,0,0,0,0,0,1,1,1,1,1,1,True,True,True,True,True,True,0,0,0,1,1,1
5037,Ploen,54.158054,10.416111,3,3,3,3,3,3,1,1,1,1,1,1,1,1,1,1,1,2,True,True,True,True,True,True,2,2,2,2,2,1
5038,Preetz,54.231667,10.280278,1,1,1,1,1,1,0,0,0,0,0,0,1,1,1,1,1,2,True,True,True,True,True,True,1,1,1,1,1,1
5039,Ratzeburg,53.698891,10.774445,1,2,2,2,2,2,0,0,0,0,0,0,1,1,1,1,1,1,True,True,True,True,True,True,1,2,2,2,2,2
5040,Reinfeld,53.83139,10.488334,1,1,1,1,1,1,0,0,0,0,0,0,1,1,1,1,1,2,True,True,True,True,True,True,1,1,1,1,1,1
5041,Rendsburg,54.306389,9.6630554,3,3,3,3,3,3,0,0,0,0,0,0,1,1,1,1,1,2,True,True,True,True,True,True,2,2,2,2,2,1
5042,Schleswig,54.514721,9.5663891,2,2,2,2,2,2,0,0,0,0,0,0,1,2,2,2,2,2,True,True,True,True,True,True,2,1,1,1,1,1
5043,Bad Schwartau,53.920277,10.695833,1,1,1,1,1,1,0,0,0,0,0,0,1,1,1,1,1,1,True,True,True,True,True,True,1,1,1,1,1,1
5044,Bad Segeberg,53.936668,10.303889,3,3,3,3,3,3,0,0,0,0,0,0,1,1,1,1,1,2,True,True,True,True,True,True,2,2,2,2,2,1
5045,Toenning,54.319721,8.9433336,1,1,1,1,1,1,0,0,0,0,0,0,1,2,2,2,2,2,True,True,True,True,True,True,1,1,1,1,1,1
5046,Uetersen,53.684166,9.6622219,1,1,1,1,1,1,0,0,0,0,0,0,1,1,1,1,1,1,True,True,True,True,True,True,1,1,1,1,1,1
5047,Wandsbek,53.572498,10.071389,0,1,1,1,1,1,0,0,0,0,0,0,1,1,1,1,1,2,True,True,True,True,True,True,0,1,1,1,1,1
5048,Wedel,53.577221,9.7052774,1,1,1,1,1,1,0,0,0,0,1,1,1,1,1,1,1,1,True,True,True,True,True,True,1,1,1,1,1,1
5049,Wesselburen,54.211945,8.9205551,0,1,1,1,1,1,0,0,0,0,0,0,1,1,1,1,1,1,True,True,True,True,True,True,0,1,1,1,1,1
5050,Westerland,54.907776,8.3086109,0,0,0,0,1,1,0,0,0,0,0,0,1,1,1,2,2,2,True,True,True,True,True,True,0,0,0,0,1,1
5051,Wilster,53.922501,9.374444,1,3,3,3,3,3,0,0,0,0,0,0,1,1,1,1,1,2,True,True,True,True,True,True,1,2,2,2,2,1
5052,Wyk auf Foehr,54.690277,8.5683336,1,1,1,1,1,1,0,0,0,0,0,0,1,2,2,2,2,2,True,True,True,True,True,True,1,1,1,1,1,1
6001,Hamburg,53.550556,9.9941664,2,3,3,3,3,3,2,3,3,3,3,3,1,1,1,1,1,0,True,True,True,True,True,True,2,3,3,3,3,3
7001,Altlandsberg,52.566666,13.728056,1,2,2,2,2,2,0,0,0,0,1,1,1,1,3,3,2,2,True,True,True,True,True,True,1,2,1,1,1,1
7002,Alt Ruppin,52.949722,12.842778,0,1,1,1,1,1,0,0,0,0,0,0,1,1,1,1,1,1,True,True,True,True,True,True,0,1,1,1,1,1
7003,Angermuende,53.018055,14.004444,1,3,3,3,3,3,0,0,0,0,0,1,1,1,3,3,3,2,True,True,True,True,True,True,1,2,1,1,1,1
7004,Babelsberg,52.392502,13.090834,0,0,0,1,1,1,0,0,0,0,0,0,1,1,3,3,2,2,True,True,True,True,True,True,0,0,0,1,1,1
7005,Baerwalde (Neumark),52.785278,14.495,0,2,2,2,2,2,0,0,0,0,0,0,1,1,3,3,2,3,True,True,True,True,True,True,0,2,1,1,1,1
7006,Baruth,52.045277,13.501945,1,1,1,1,1,1,0,0,0,0,0,0,1,1,1,1,2,1,True,True,True,True,True,True,1,1,1,1,1,1
7007,Beelitz,52.232224,12.9775,1,1,2,2,2,2,0,0,0,0,0,0,1,1,3,3,2,2,True,True,True,True,True,True,1,1,1,1,1,1
7008,Beeskow,52.172222,14.246667,1,3,3,3,3,3,0,0,3,3,3,3,1,1,3,3,2,3,True,True,True,True,True,True,1,2,1,1,1,1
7009,Belzig,52.141945,12.588056,1,1,1,1,1,1,0,0,0,0,0,0,1,1,1,1,2,1,True,True,True,True,True,True,1,1,1,1,1,1
7010,Berlin,52.517502,13.405278,3,3,3,3,3,3,0,0,3,3,3,3,1,1,3,3,2,2,True,True,True,True,True,True,2,2,1,1,1,1
7011,Berlin-Charlottenburg,52.518333,13.311389,1,1,1,1,1,1,0,0,0,0,0,0,1,1,3,3,2,2,True,True,True,True,True,True,1,1,1,1,1,1
7012,Berlin-Koepenick,52.444443,13.573611,3,3,3,3,3,3,0,0,0,0,1,1,1,1,3,3,2,2,True,True,True,True,True,True,2,2,1,1,1,1
7013,Berlin-Lichtenberg,52.516666,13.479722,0,0,1,1,1,1,0,0,0,0,0,0,1,1,3,3,2,2,True,True,True,True,True,True,0,0,1,1,1,1
7014,Berlin-Neukoelln,52.471943,13.441667,1,1,1,1,1,1,0,0,0,0,0,0,1,1,3,3,2,2,True,True,True,True,True,True,1,1,1,1,1,1
7015,Berlin-Schoeneberg,52.483055,13.349167,0,1,1,1,1,1,0,0,0,0,0,0,1,1,3,3,2,2,True,True,True,True,True,True,0,1,1,1,1,1
7016,Berlin-Spandau,52.538334,13.205277,3,3,3,3,3,3,0,0,0,0,3,0,1,1,3,3,2,2,True,True,True,True,True,True,2,2,1,1,1,1
7017,Berlin-Wilmersdorf,52.484722,13.324445,0,1,1,1,1,1,0,0,0,0,0,0,1,1,3,3,2,2,True,True,True,True,True,True,0,1,1,1,1,1
7018,Berlinchen,52.991665,15.215278,0,1,1,1,1,1,0,0,0,0,0,0,1,1,3,3,2,3,True,True,True,True,True,True,0,1,1,1,1,1
7019,Bernau,52.679165,13.587222,1,2,2,2,2,2,0,0,0,0,0,0,1,1,3,3,2,2,True,True,True,True,True,True,1,2,1,1,1,1
7020,Bernstein,53.044445,15.302778,0,2,2,2,2,2,0,0,0,0,0,0,1,1,3,3,1,3,True,True,True,True,True,True,0,2,1,1,2,1
7021,Betsche,52.466667,15.766666,0,1,1,1,2,2,0,0,0,0,0,0,1,2,2,2,2,2,True,True,True,True,True,True,0,1,1,1,1,1
7022,Biesenthal,52.765556,13.631111,1,1,2,2,2,2,0,0,1,1,1,1,1,1,3,3,2,2,True,True,True,True,True,True,1,1,1,1,1,1
7023,Blesen,52.516666,15.4,0,0,1,1,1,3,0,0,0,0,0,0,1,1,3,2,2,2,True,True,True,True,True,True,0,0,1,1,1,1
7024,Bobersberg,51.950001,15.083333,0,0,0,0,1,1,0,0,0,0,0,0,1,1,2,2,2,3,True,True,True,True,True,True,0,0,0,0,1,1
7025,Bomst,52.150002,15.833333,1,1,1,3,3,3,0,0,0,0,0,0,1,2,3,2,2,2,True,True,True,True,True,True,1,1,1,1,1,1
7026,Braetz,52.316113,15.673889,0,0,0,0,3,3,0,0,0,0,0,0,1,1,1,3,2,1,True,True,True,True,True,True,0,0,0,0,1,2
7027,Brandenburg,52.408611,12.563334,2,2,3,3,3,3,0,2,2,2,2,3,1,1,3,3,2,2,True,True,True,True,True,True,2,2,1,1,1,1
7028,Brueck,52.196667,12.762222,1,1,1,2,2,2,0,0,0,0,0,0,1,1,1,1,2,1,True,True,True,True,True,True,1,1,1,2,1,2
7029,Bruessow,53.400276,14.126111,1,2,2,2,2,2,0,0,0,0,0,0,1,1,3,3,1,3,True,True,True,True,True,True,1,2,1,1,2,1
7030,Buckow,52.56778,14.073889,1,1,1,1,2,2,0,0,0,0,0,1,1,1,3,3,2,1,True,True,True,True,True,True,1,1,1,1,1,2
7031,Calau,51.746666,13.949166,2,2,2,3,3,3,0,0,0,1,1,1,1,1,2,2,2,3,True,True,True,True,True,True,2,2,1,1,1,1
7032,Christianstadt,51.798332,15.234722,0,0,0,0,0,0,0,0,0,0,0,0,1,1,3,3,2,3,True,True,True,True,True,True,0,0,0,0,0,0
7033,Cottbus,51.759167,14.335,1,1,1,2,2,2,0,0,0,0,0,1,1,1,1,1,2,2,True,True,True,True,True,True,1,1,1,2,1,1
7034,Crossen,52.046665,15.099167,1,1,2,2,2,3,0,0,0,0,0,0,1,1,2,2,2,2,True,True,True,True,True,True,1,1,1,1,1,1
7035,Dahme,51.869167,13.424723,1,2,2,2,2,2,0,0,0,0,0,0,1,1,1,1,1,1,True,True,True,True,True,True,1,2,2,2,2,2
7036,Doberlug,51.610001,13.545834,1,1,1,1,3,3,0,0,0,0,0,1,1,1,3,3,2,3,True,True,True,True,True,True,1,1,1,1,1,1
7037,Drebkau,51.656944,14.2175,1,1,1,1,2,2,0,0,0,0,0,0,1,1,3,3,2,3,True,True,True,True,True,True,1,1,1,1,1,1
7038,Drossen,52.450001,14.866667,0,1,1,1,1,1,0,0,0,0,0,0,1,1,3,3,2,3,True,True,True,True,True,True,0,1,1,1,1,1
7039,Eberswalde,52.834446,13.820278,1,2,3,3,3,3,0,0,3,3,3,3,1,1,3,3,2,2,True,True,True,True,True,True,1,2,1,1,1,1
7040,Erkner,52.419445,13.754167,0,0,0,0,0,0,0,0,0,0,0,0,1,1,3,3,2,2,True,True,True,True,True,True,0,0,0,0,0,0
7041,Fehrbellin,52.813332,12.763889,1,2,2,2,2,2,0,0,0,0,0,0,1,1,1,1,1,1,True,True,True,True,True,True,1,2,2,2,2,2
7042,Finow,52.833611,13.928056,0,1,1,1,1,1,0,0,0,0,0,0,1,1,3,3,2,2,True,True,True,True,True,True,0,1,1,1,1,1
7043,Finsterwalde,51.629166,13.707778,2,2,2,2,2,3,0,0,0,0,0,0,1,1,3,3,2,2,True,True,True,True,True,True,2,2,1,1,1,1
7044,Forst,51.743889,14.648056,3,3,3,3,3,3,0,0,0,0,0,0,1,1,3,3,2,3,True,True,True,True,True,True,2,2,1,1,1,1
7045,Frankfurt (Oder),52.341667,14.550834,1,3,3,3,3,3,0,3,3,3,3,3,1,1,2,2,2,2,True,True,True,True,True,True,1,3,1,1,1,1
7046,Freienwalde,52.788055,14.030833,1,2,2,2,2,2,0,0,0,1,1,1,1,1,3,3,2,2,True,True,True,True,True,True,1,2,1,1,1,1
7047,Freyenstein,53.287498,12.353333,0,2,2,2,2,2,0,0,0,0,0,0,1,1,3,3,2,2,True,True,True,True,True,True,0,2,1,1,1,1
7048,Friedland (Niederlausitz),52.102501,14.264444,1,1,1,1,1,1,0,0,0,0,0,0,1,1,3,3,2,3,True,True,True,True,True,True,1,1,1,1,1,1
7049,Friesack,52.737499,12.579722,1,1,1,1,1,1,0,0,0,0,0,0,1,1,3,3,3,2,True,True,True,True,True,True,1,1,1,1,1,1
7050,Fuerstenberg (Oder),52.143333,14.664444,3,3,3,3,3,3,0,0,0,0,0,0,1,1,2,2,2,1,True,True,True,True,True,True,2,2,1,1,1,2
7051,Fuerstenfelde,52.716667,14.566667,0,1,1,1,1,1,0,0,0,0,1,1,1,1,3,2,2,2,True,True,True,True,True,True,0,1,1,1,1,1
7052,Fuerstenwalde,52.359444,14.064445,1,2,2,2,2,2,0,0,0,0,0,0,1,1,3,3,1,2,True,True,True,True,True,True,1,2,1,1,2,1
7053,Fuerstenwerder,53.393333,13.585,0,0,2,2,2,2,0,0,0,0,0,0,1,1,2,3,2,2,True,True,True,True,True,True,0,0,1,1,1,1
7054,Gassen,51.75,15.0,0,0,0,0,0,0,0,0,0,0,0,0,1,1,3,3,2,3,True,True,True,True,True,True,0,0,0,0,0,0
7055,Goeritz,52.49472,14.652223,0,1,1,1,1,1,0,0,0,0,0,0,1,1,3,3,1,2,True,True,True,True,True,True,0,1,1,1,1,1
7056,Golssen,51.970276,13.602777,0,1,1,1,1,1,0,0,0,0,0,0,1,1,3,3,3,3,True,True,True,True,True,True,0,1,1,1,1,1
7057,Gransee,53.006943,13.158055,1,3,3,3,3,3,0,0,0,0,0,0,1,1,3,3,2,2,True,True,True,True,True,True,1,2,1,1,1,1
7058,Greiffenberg (Uckermark),53.086945,13.954166,1,2,2,2,2,2,0,0,0,0,0,0,1,1,2,1,3,2,True,True,True,True,True,True,1,2,1,2,1,1
7059,Guben,51.953888,14.711945,3,3,3,3,3,3,0,0,0,1,1,1,1,1,3,3,2,3,True,True,True,True,True,True,2,2,1,1,1,1
7060,Havelberg,52.830555,12.075277,2,2,3,3,3,3,0,2,2,2,2,2,1,1,3,3,2,2,True,True,True,True,True,True,2,2,1,1,1,1
7061,Joachimsthal,52.979168,13.744722,0,0,0,0,0,1,0,0,0,0,0,0,1,1,3,3,2,2,True,True,True,True,True,True,0,0,0,0,0,1
7062,Jueterbog,51.991943,13.081388,3,3,3,3,3,3,0,1,1,1,1,1,1,1,1,1,1,1,True,True,True,True,True,True,2,2,2,2,2,2
7063,Ketzin,52.477222,12.843333,1,1,1,1,1,1,0,0,0,0,1,1,1,1,1,1,1,1,True,True,True,True,True,True,1,1,1,1,1,1
7064,Koenigsberg (Neumark),52.963055,14.43,1,2,2,3,3,3,0,0,0,1,1,1,1,1,3,3,2,3,True,True,True,True,True,True,1,2,1,1,1,1
7065,Koenigswalde,52.512222,15.245277,0,0,1,1,1,1,0,0,0,0,0,0,1,1,2,3,2,3,True,True,True,True,True,True,0,0,1,1,1,1
7066,Koenigswusterhausen,52.299168,13.624444,0,0,1,1,1,1,0,0,0,0,0,0,1,1,1,2,2,2,True,True,True,True,True,True,0,0,1,1,1,1
7067,Kremmen,52.762779,13.026111,1,2,2,2,2,2,0,0,0,0,0,0,1,1,3,2,1,1,True,True,True,True,True,True,1,2,1,1,2,2
7068,Kuestrin,52.566666,14.606667,1,3,3,3,3,3,0,0,0,1,3,3,1,1,3,3,2,3,True,True,True,True,True,True,1,2,1,1,1,1
7069,Kyritz,52.940556,12.396667,2,2,2,2,2,2,0,2,2,2,2,2,1,1,3,3,3,2,True,True,True,True,True,True,2,2,1,1,1,1
7070,Lagow,52.3325,15.293612,0,1,1,1,1,1,0,0,0,0,0,0,1,1,3,3,2,3,True,True,True,True,True,True,0,1,1,1,1,1
7071,Landsberg (Warthe),52.733334,15.233334,0,3,3,3,3,3,0,0,0,3,3,3,1,1,3,3,2,3,True,True,True,True,True,True,0,2,1,1,1,1
7072,Lebus,52.425556,14.539722,2,2,2,2,2,2,0,0,0,0,0,0,1,1,3,3,1,2,True,True,True,True,True,True,2,2,1,1,2,1
7073,Lenzen,53.090832,11.474722,2,2,2,2,2,2,0,0,0,0,0,0,1,1,3,3,2,2,True,True,True,True,True,True,2,2,1,1,1,1
7074,Liebenau b. Schwiebus,52.305557,15.376111,0,0,1,1,1,1,0,0,0,1,1,1,1,1,3,2,2,2,True,True,True,True,True,True,0,0,1,1,1,1
7075,Liebenwalde,52.871666,13.393056,1,1,2,2,2,2,0,0,0,0,0,0,1,1,3,3,2,2,True,True,True,True,True,True,1,1,1,1,1,1
7076,Lieberose,51.988056,14.300555,1,2,2,2,2,2,0,0,0,0,0,0,1,1,3,3,2,3,True,True,True,True,True,True,1,2,1,1,1,1
7077,Lindow,52.970833,12.988055,1,1,1,1,2,2,0,0,0,0,0,0,1,1,1,1,1,1,True,True,True,True,True,True,1,1,1,1,2,2
7078,Lippehne,53.003056,14.969444,0,1,2,2,2,2,0,0,0,0,0,0,1,1,3,3,2,3,True,True,True,True,True,True,0,1,1,1,1,1
7079,Luckau,51.852501,13.715834,1,3,3,3,3,3,0,1,1,3,3,3,1,1,2,2,2,3,True,True,True,True,True,True,1,2,1,1,1,1
7080,Luckenwalde,52.089169,13.172778,1,1,1,1,1,2,0,0,0,0,0,0,1,1,1,1,1,1,True,True,True,True,True,True,1,1,1,1,1,2
7081,Luebben,51.941944,13.896389,3,3,3,3,3,3,0,0,0,0,0,0,1,1,3,3,2,3,True,True,True,True,True,True,2,2,1,1,1,1
7082,Luebbenau,51.868332,13.968611,1,1,2,2,2,2,0,0,0,0,0,1,1,1,3,3,2,3,True,True,True,True,True,True,1,1,1,1,1,1
7083,Lychen,53.210835,13.315278,2,2,2,2,3,3,0,0,0,0,1,1,1,1,2,1,2,2,True,True,True,True,True,True,2,2,1,2,1,1
7084,Maerk.  Buchholz,52.109722,13.761666,0,0,1,1,1,1,0,0,0,0,0,0,1,1,3,3,2,2,True,True,True,True,True,True,0,0,1,1,1,1
7085,Meseritz,52.433334,15.566667,1,1,1,1,1,3,0,0,0,0,0,0,1,1,2,2,2,2,True,True,True,True,True,True,1,1,1,1,1,1
7086,Meyenburg,53.314999,12.241111,0,1,2,2,2,2,0,0,0,0,0,0,1,1,3,3,2,2,True,True,True,True,True,True,0,1,1,1,1,1
7087,Mittenwalde,52.264721,13.536111,1,2,3,3,3,3,0,0,0,0,0,0,1,1,3,3,2,2,True,True,True,True,True,True,1,2,1,1,1,1
7088,Mohrin,52.858055,14.393056,0,1,2,2,2,2,0,0,0,0,0,1,1,1,3,3,2,3,True,True,True,True,True,True,0,1,1,1,1,1
7089,Muellrose,52.245277,14.414166,0,2,2,2,2,2,0,0,0,0,0,0,1,1,3,3,1,2,True,True,True,True,True,True,0,2,1,1,2,1
7090,Muencheberg,52.503056,14.140278,2,2,2,3,3,3,0,0,0,0,0,0,1,1,3,3,1,2,True,True,True,True,True,True,2,2,1,1,2,1
7091,Nauen,52.606945,12.876111,1,1,2,2,2,2,0,0,1,1,1,1,1,1,3,3,2,2,True,True,True,True,True,True,1,1,1,1,1,1
7092,Neudamm,52.733334,14.7,0,1,1,1,1,1,0,0,0,0,0,0,1,1,2,1,1,1,True,True,True,True,True,True,0,1,1,1,1,1
7093,Neu Ruppin,52.923332,12.806389,1,3,3,3,3,3,0,0,0,0,0,0,1,1,1,1,1,1,True,True,True,True,True,True,1,2,2,2,2,2
7094,Neustadt (Dosse),52.856945,12.438611,0,0,0,1,1,1,0,0,0,0,0,0,1,1,1,1,2,1,True,True,True,True,True,True,0,0,0,1,1,1
7095,Niemegk,52.076668,12.688056,2,2,2,2,2,2,0,0,0,0,0,0,1,1,1,1,2,1,True,True,True,True,True,True,2,2,2,2,1,2
7096,Oderberg,52.86639,14.044444,1,2,2,2,2,2,0,0,3,3,1,1,1,1,1,2,2,2,True,True,True,True,True,True,1,2,2,1,1,1
7097,Oranienburg,52.753887,13.236389,1,1,1,2,2,2,0,0,0,0,0,0,1,1,3,3,2,2,True,True,True,True,True,True,1,1,1,1,1,1
7098,Peitz,51.858334,14.411389,0,0,1,1,1,1,0,0,0,0,0,0,1,2,2,2,2,3,True,True,True,True,True,True,0,0,1,1,1,1
7099,Perleberg,53.075832,11.864166,2,2,2,2,3,3,0,2,2,2,2,2,1,1,2,2,3,2,True,True,True,True,True,True,2,2,1,1,1,1
7100,Pfoerten,51.799999,14.783334,0,0,1,1,1,1,0,0,0,0,0,0,1,1,3,3,2,3,True,True,True,True,True,True,0,0,1,1,1,1
7101,Plaue (Havel),52.406944,12.4125,1,1,1,1,2,2,0,0,0,0,0,0,1,1,2,1,2,2,True,True,True,True,True,True,1,1,1,1,1,1
7102,Potsdam,52.400276,13.053333,1,1,2,2,2,3,0,0,0,0,0,1,1,1,3,3,2,2,True,True,True,True,True,True,1,1,1,1,1,1
7103,Premnitz,52.530556,12.336945,1,1,1,1,1,1,0,0,0,0,0,0,1,1,3,3,2,2,True,True,True,True,True,True,1,1,1,1,1,1
7104,Prenzlau,53.316666,13.861944,3,3,3,3,3,3,0,2,2,2,2,2,1,1,3,2,2,2,True,True,True,True,True,True,2,3,1,1,1,1
7105,Pritzerbe,52.495556,12.455277,1,1,1,2,2,2,0,0,0,0,1,1,1,1,1,1,1,1,True,True,True,True,True,True,1,1,1,2,2,2
7106,Pritzwalk,53.149166,12.174444,1,2,2,2,2,2,0,2,2,2,2,2,1,1,3,3,2,2,True,True,True,True,True,True,1,2,1,1,1,1
7107,Putlitz,53.24889,12.043056,2,2,2,2,2,2,0,0,0,0,0,0,1,1,1,2,3,2,True,True,True,True,True,True,2,2,2,1,1,1
7108,Rathenow,52.60611,12.338611,1,2,2,2,2,2,0,0,0,0,0,0,1,1,3,3,3,2,True,True,True,True,True,True,1,2,1,1,1,1
7109,Reppen,52.343334,14.838611,0,0,2,2,2,2,0,0,0,0,0,0,1,1,2,3,2,3,True,True,True,True,True,True,0,0,1,1,1,1
7110,Rheinsberg,53.098888,12.891945,1,1,1,2,2,2,0,0,0,0,0,0,1,1,1,1,1,1,True,True,True,True,True,True,1,1,1,2,2,2
7111,Rhinow,52.750832,12.341945,1,1,1,1,2,2,0,0,0,0,0,0,1,1,2,2,2,2,True,True,True,True,True,True,1,1,1,1,1,1
7112,Saarmund,52.31889,13.1275,1,1,1,1,1,1,0,0,0,0,0,0,1,1,3,3,2,2,True,True,True,True,True,True,1,1,1,1,1,1
7113,Schermeisel,52.444443,15.242222,0,0,0,0,0,0,0,0,0,0,0,0,1,1,2,2,2,2,True,True,True,True,True,True,0,0,0,0,0,0
7114,Schoenfliess,52.965279,14.6075,0,1,1,3,3,3,0,0,0,1,1,1,1,1,3,3,2,3,True,True,True,True,True,True,0,1,1,1,1,1
7115,Schwedt,53.055279,14.287778,1,1,1,1,1,2,0,0,0,0,0,0,1,1,2,1,1,3,True,True,True,True,True,True,1,1,1,1,1,1
7116,Schwerin (Warthe),52.599724,15.502222,0,1,3,3,3,3,0,0,0,0,0,0,1,1,3,2,2,2,True,True,True,True,True,True,0,1,1,1,1,1
7117,Schwiebus,52.25,15.533334,1,1,1,1,1,2,0,0,0,0,0,0,1,1,3,2,2,2,True,True,True,True,True,True,1,1,1,1,1,1
7118,Seelow,52.533611,14.380834,1,1,1,1,1,2,0,0,0,0,0,0,1,1,3,3,1,2,True,True,True,True,True,True,1,1,1,1,1,1
7119,Senftenberg,51.518612,14.004167,1,1,1,1,3,3,0,0,0,0,0,1,1,1,3,2,2,2,True,True,True,True,True,True,1,1,1,1,1,1
7120,Soldin,52.933334,14.866667,0,3,3,3,3,3,0,0,0,0,0,0,1,1,3,3,2,3,True,True,True,True,True,True,0,2,1,1,1,1
7121,Sommerfeld,51.787777,14.971945,1,1,1,1,3,3,0,0,0,0,0,0,1,1,3,3,2,3,True,True,True,True,True,True,1,1,1,1,1,1
7122,Sonnenburg,52.563889,14.802778,0,1,1,1,1,1,0,0,0,0,0,0,1,1,2,3,2,3,True,True,True,True,True,True,0,1,1,1,1,1
7123,Sonnewalde,51.695278,13.644722,1,1,1,1,1,2,0,0,0,0,0,0,1,1,3,3,2,3,True,True,True,True,True,True,1,1,1,1,1,1
7124,Sorau,51.633335,15.133333,1,3,3,3,3,3,0,0,0,0,0,0,1,1,2,2,2,3,True,True,True,True,True,True,1,2,1,1,1,1
7125,Spremberg,51.571667,14.379723,1,1,1,2,2,2,0,0,0,0,0,1,1,1,3,2,2,3,True,True,True,True,True,True,1,1,1,1,1,1
7126,Sternberg (Neumark),52.313057,15.072222,0,1,1,1,1,1,0,0,0,0,0,0,1,1,3,3,2,3,True,True,True,True,True,True,0,1,1,1,1,1
7127,Storkow,52.25528,13.931389,1,1,1,1,2,2,0,0,0,0,0,0,1,1,3,3,2,3,True,True,True,True,True,True,1,1,1,1,1,1
7128,Strasburg,53.509998,13.745,0,1,3,3,3,3,0,0,0,0,0,0,1,1,2,1,2,2,True,True,True,True,True,True,0,1,1,2,1,1
7129,Strausberg,52.579445,13.881945,2,3,3,3,3,3,1,1,1,1,1,1,1,1,3,3,2,2,True,True,True,True,True,True,2,2,1,1,1,1
7130,Teltow,52.400555,13.268333,1,2,2,2,2,2,0,0,0,0,0,0,1,1,2,1,1,1,True,True,True,True,True,True,1,2,1,2,2,2
7131,Templin,53.120556,13.498889,1,1,2,2,2,2,0,0,0,0,0,0,1,1,3,3,3,2,True,True,True,True,True,True,1,1,1,1,1,1
7132,Teupitz,52.136112,13.610556,0,0,1,1,1,1,0,0,0,0,0,0,1,1,3,2,2,2,True,True,True,True,True,True,0,0,1,1,1,1
7133,Tirschtiegel,52.366665,15.883333,0,1,1,1,1,2,0,0,0,0,0,0,1,1,3,2,2,2,True,True,True,True,True,True,0,1,1,1,1,1
7134,Trebbin,52.218056,13.217222,1,1,1,1,1,2,0,0,0,0,0,0,1,1,3,3,2,2,True,True,True,True,True,True,1,1,1,1,1,1
7135,Trebschen,52.019444,15.733889,0,0,0,0,0,0,0,0,0,0,0,0,1,1,2,2,2,3,True,True,True,True,True,True,0,0,0,0,0,0
7136,Treuenbrietzen,52.094444,12.870556,1,1,3,3,3,3,0,0,0,0,0,0,1,1,3,3,2,2,True,True,True,True,True,True,1,1,1,1,1,1
7137,Triebel,51.634167,14.818889,0,0,2,2,2,2,0,0,0,0,0,0,1,1,3,3,2,3,True,True,True,True,True,True,0,0,1,1,1,1
7138,Unruhstadt,52.066666,15.866667,0,0,0,0,0,0,0,0,0,0,0,0,1,1,2,2,2,2,True,True,True,True,True,True,0,0,0,0,0,0
7139,Velten,52.690277,13.178611,1,1,1,1,1,1,0,0,0,0,0,0,1,1,1,2,2,2,True,True,True,True,True,True,1,1,1,1,1,1
7140,Vetschau,51.783054,14.076667,0,0,1,1,1,1,0,0,0,0,0,1,1,1,3,3,2,3,True,True,True,True,True,True,0,0,1,1,1,1
7141,Vierraden,53.096668,14.297778,1,1,1,1,1,1,0,0,0,0,0,0,1,1,2,3,1,3,True,True,True,True,True,True,1,1,1,1,1,1
7142,Vietz,52.683334,14.883333,0,1,1,1,1,1,0,0,0,0,0,0,1,1,3,3,2,3,True,True,True,True,True,True,0,1,1,1,1,1
7143,Werder,52.376389,12.933888,0,0,1,1,1,1,0,0,0,0,0,1,1,1,3,3,2,2,True,True,True,True,True,True,0,0,1,1,1,1
7144,Werneuchen,52.630833,13.730833,1,1,1,1,1,1,0,0,0,0,0,0,1,1,3,3,2,2,True,True,True,True,True,True,1,1,1,1,1,1
7145,Wilsnack,52.954723,11.948055,0,1,1,1,1,1,0,0,0,0,0,0,1,1,1,2,3,2,True,True,True,True,True,True,0,1,1,1,1,1
7146,Wittenberge,52.993332,11.751389,1,1,2,2,2,2,0,0,0,0,0,0,1,1,3,3,3,2,True,True,True,True,True,True,1,1,1,1,1,1
7147,Wittstock,53.163055,12.485,2,3,3,3,3,3,0,1,1,1,1,1,1,1,1,2,3,2,True,True,True,True,True,True,2,2,2,1,1,1
7148,Wriezen,52.721111,14.133611,1,2,3,3,3,3,0,0,0,1,1,1,1,1,3,3,2,2,True,True,True,True,True,True,1,2,1,1,1,1
7149,Wusterhausen,52.891109,12.461945,2,2,2,2,2,2,0,0,0,0,0,0,1,1,2,1,1,1,True,True,True,True,True,True,2,2,1,2,2,2
7150,Zehden,52.883335,14.2,1,1,1,1,1,1,0,0,0,0,0,0,1,1,3,3,2,3,True,True,True,True,True,True,1,1,1,1,1,1
7151,Zehdenick,52.979168,13.332222,1,2,2,2,2,2,0,0,0,0,0,0,1,1,2,1,1,1,True,True,True,True,True,True,1,2,1,2,2,2
7152,Zielenzig,52.433334,15.1,1,2,2,2,2,2,0,0,0,0,0,0,1,1,3,3,2,3,True,True,True,True,True,True,1,2,1,1,1,1
7153,Zinna,52.024445,13.104722,1,1,1,1,1,1,0,0,0,0,0,0,1,1,1,1,1,1,True,True,True,True,True,True,1,1,1,1,1,1
7154,Zossen,52.21611,13.449166,1,1,1,1,1,1,0,0,0,0,0,0,1,1,3,3,2,3,True,True,True,True,True,True,1,1,1,1,1,1
7155,Zuellichau,52.083332,15.616667,1,1,1,1,1,1,0,0,0,0,0,0,1,1,2,2,2,3,True,True,True,True,True,True,1,1,1,1,1,1
7156,Doebern,51.615002,14.598056,0,0,0,0,0,1,0,0,0,0,0,0,1,1,3,3,2,3,True,True,True,True,True,True,0,0,0,0,0,1
7157,Eisenhuettenstadt,52.145557,14.631111,1,2,2,2,2,2,0,0,0,0,0,0,1,1,3,3,2,3,True,True,True,True,True,True,1,2,1,1,1,1
7158,Falkensee,52.562778,13.095555,0,1,1,1,1,1,0,0,0,0,0,0,1,1,3,3,2,2,True,True,True,True,True,True,0,1,1,1,1,1
7159,Grossraeschen,51.588055,14.010555,0,0,0,0,1,1,0,0,0,0,0,0,1,1,1,1,2,2,True,True,True,True,True,True,0,0,0,0,1,1
7160,Hennigsdorf,52.638889,13.208889,0,0,0,1,1,1,0,0,0,0,0,0,1,1,3,3,2,2,True,True,True,True,True,True,0,0,0,1,1,1
7161,Ludwigsfelde,52.299999,13.261945,0,0,0,1,1,1,0,0,0,0,0,0,1,1,3,3,2,2,True,True,True,True,True,True,0,0,0,1,1,1
7162,Schwarzheide,51.477222,13.855833,0,0,0,0,1,1,0,0,0,0,0,0,1,1,1,1,2,2,True,True,True,True,True,True,0,0,0,0,1,1
7163,Welzow,51.58139,14.171667,0,1,1,1,1,1,0,0,0,0,0,0,1,1,3,3,2,3,True,True,True,True,True,True,0,1,1,1,1,1
7164,Lauchhammer,51.490276,13.738334,0,0,0,1,1,1,0,0,0,0,0,0,1,1,3,3,2,3,True,True,True,True,True,True,0,0,0,1,1,1
7165,Falkenberg/Elster,51.586945,13.236111,0,1,1,1,1,1,0,0,0,0,0,0,1,1,1,1,2,1,True,True,True,True,True,True,0,1,1,1,1,1
7166,Kirchhain (Niederlausitz),51.639446,13.560555,1,1,1,1,1,1,0,0,0,0,0,1,1,1,3,3,2,3,True,True,True,True,True,True,1,1,1,1,1,1
8001,Auras,51.245834,16.850834,1,1,1,1,1,1,0,0,0,0,0,0,1,1,3,2,2,2,True,True,True,True,True,True,1,1,1,1,1,1
8002,Bauerwitz,50.15139,17.995001,1,1,1,1,1,1,0,0,0,0,0,0,1,1,2,2,2,2,True,True,True,True,True,True,1,1,1,1,1,1
8003,Bernstadt an der Weide,51.133335,17.533333,0,2,2,2,2,2,0,0,0,0,0,0,1,1,3,2,2,2,True,True,True,True,True,True,0,2,1,1,1,1
8004,Beuthen O.S.,50.348057,18.92,1,2,2,2,2,3,0,0,0,0,0,0,1,2,3,2,2,2,True,True,True,True,True,True,1,1,1,1,1,1
8005,Beuthen/Oder,51.733334,15.816667,2,2,2,2,2,2,0,0,0,0,0,0,1,1,2,2,2,3,True,True,True,True,True,True,2,2,1,1,1,1
8006,Bolkenhain,50.920277,16.099722,2,2,2,2,2,2,0,0,0,0,0,0,1,1,2,2,2,2,True,True,True,True,True,True,2,2,1,1,1,1
8007,Breslau,51.110001,17.032223,2,3,3,3,3,3,1,2,2,2,2,2,1,1,2,2,2,3,True,True,True,True,True,True,2,3,1,1,1,1
8008,Breslau-Deutsch Lissa,51.150002,16.866667,2,2,2,2,2,2,0,0,0,0,0,0,1,1,2,2,2,2,True,True,True,True,True,True,2,2,1,1,1,1
8009,Breslau-Hundsfeld,51.136944,17.041945,1,1,1,1,1,2,0,1,1,1,1,1,1,1,2,2,2,2,True,True,True,True,True,True,1,1,1,1,1,1
8010,Brieg,50.866665,17.483334,2,2,3,3,3,3,1,1,1,1,1,1,1,1,2,2,2,2,True,True,True,True,True,True,2,2,1,1,1,1
8011,Brockau,51.063332,17.080555,1,1,1,1,1,1,0,0,0,0,0,0,1,1,2,2,2,2,True,True,True,True,True,True,1,1,1,1,1,1
8012,Broslawitz,50.416668,18.75,0,1,1,1,1,1,0,0,0,0,0,0,1,1,2,2,2,2,True,True,True,True,True,True,0,1,1,1,1,1
8013,Bunzlau,51.266666,15.566667,2,2,2,2,3,3,0,0,0,0,0,0,1,1,2,2,2,2,True,True,True,True,True,True,2,2,1,1,1,1
8014,Carlsruhe O.S.,50.900002,17.833334,0,0,0,0,0,0,0,0,0,0,0,0,1,1,2,2,2,2,True,True,True,True,True,True,0,0,0,0,0,0
8015,Cosel,50.333611,18.145834,1,3,3,3,3,3,0,0,0,0,0,0,1,1,2,2,2,2,True,True,True,True,True,True,1,2,1,1,1,1
8016,Deutsch Neukirch,50.083332,17.933332,1,1,1,1,1,1,0,0,0,0,0,0,1,1,2,1,1,3,True,True,True,True,True,True,1,1,1,1,1,1
8017,Deutsch Wartenberg,51.849998,15.716666,0,0,0,1,1,1,0,0,0,0,0,0,1,1,2,2,2,2,True,True,True,True,True,True,0,0,0,1,1,1
8018,Dyhernfurth,51.270832,16.720833,0,0,1,1,1,1,0,0,0,0,0,0,1,1,2,2,2,2,True,True,True,True,True,True,0,0,1,1,1,1
8019,Falkenberg O.S.,50.633335,17.6,1,2,2,2,2,2,0,0,0,0,0,0,1,1,2,2,2,2,True,True,True,True,True,True,1,2,1,1,1,1
8020,Festenberg,51.366665,17.466667,0,1,1,1,1,1,0,0,0,0,0,0,1,1,2,2,2,2,True,True,True,True,True,True,0,1,1,1,1,1
8021,Frankenberg (Schlesien),50.516666,16.783333,1,0,0,0,0,0,0,0,0,0,0,0,1,1,2,2,2,2,True,True,True,True,True,True,1,0,0,0,0,0
8022,Frankenstein i. Schles.,50.583332,16.816668,1,2,3,3,3,3,0,0,0,0,0,1,1,1,2,2,2,2,True,True,True,True,True,True,1,2,1,1,1,1
8023,Fraustadt,51.799999,16.299999,1,3,3,3,3,3,0,0,0,0,1,1,1,1,2,2,2,2,True,True,True,True,True,True,1,2,1,1,1,1
8024,Freiburg,50.859444,16.319723,1,1,1,1,1,1,0,0,0,0,0,0,1,1,1,2,2,2,True,True,True,True,True,True,1,1,1,1,1,1
8025,Freiwaldau,51.437778,15.096945,0,1,2,2,2,2,0,0,0,0,0,0,1,1,1,1,1,2,True,True,True,True,True,True,0,1,2,2,2,1
8026,Freyhan,51.633335,17.35,0,1,1,2,2,2,0,0,0,0,0,0,1,1,2,2,2,2,True,True,True,True,True,True,0,1,1,1,1,1
8027,Freystadt (Schlesien),51.75,15.6,1,2,2,2,2,3,0,0,0,0,0,0,1,1,2,2,2,3,True,True,True,True,True,True,1,2,1,1,1,1
8028,Friedeberg (Isergeb.),50.966667,15.383333,0,0,2,3,3,3,0,0,0,0,0,0,1,1,2,2,2,2,True,True,True,True,True,True,0,0,1,1,1,1
8029,Friedland (O.S.),50.5,17.6,0,0,1,1,1,1,0,0,0,0,0,0,1,1,2,2,2,2,True,True,True,True,True,True,0,0,1,1,1,1
8030,Friedland N.S.,50.683334,16.183332,1,1,1,1,1,1,0,0,0,0,0,0,1,1,1,2,2,2,True,True,True,True,True,True,1,1,1,1,1,1
8031,Glatz,50.433334,16.666666,2,2,3,3,3,3,0,0,0,0,0,0,1,2,3,2,2,2,True,True,True,True,True,True,2,1,1,1,1,1
8032,Gleiwitz,50.283333,18.666666,0,2,2,2,2,2,0,0,0,0,0,0,1,2,3,2,2,2,True,True,True,True,True,True,0,1,1,1,1,1
8033,Glogau,51.662498,16.085556,1,3,3,3,3,3,0,0,0,0,0,0,1,1,2,2,2,3,True,True,True,True,True,True,1,2,1,1,1,1
8034,Goerlitz,51.155277,14.987778,3,3,3,3,3,3,0,0,3,3,3,3,1,1,2,2,2,3,True,True,True,True,True,True,2,2,1,1,1,1
8035,Goldberg in Niederschlesien,51.133335,15.916667,3,3,3,3,3,3,0,0,0,0,0,0,1,1,2,2,2,2,True,True,True,True,True,True,2,2,1,1,1,1
8036,Goldentraum,51.016666,15.35,0,0,0,0,0,0,0,0,0,0,0,0,1,1,2,2,2,3,True,True,True,True,True,True,0,0,0,0,0,0
8037,Goschuetz,51.397221,17.477222,1,1,1,1,1,1,0,0,0,0,0,0,1,1,2,2,2,2,True,True,True,True,True,True,1,1,1,1,1,1
8038,Gottesberg,50.75,16.200001,1,1,1,1,1,2,0,0,0,0,0,0,1,1,1,2,2,2,True,True,True,True,True,True,1,1,1,1,1,1
8039,Greiffenberg,51.033333,15.416667,0,1,1,3,3,3,0,0,0,1,1,1,1,1,2,2,2,2,True,True,True,True,True,True,0,1,1,1,1,1
8040,Gross Strehlitz,50.5,18.283333,0,1,1,2,2,3,0,0,0,0,0,0,1,1,2,2,2,2,True,True,True,True,True,True,0,1,1,1,1,1
8041,Gross Wartenberg,51.316666,17.716667,0,3,3,3,3,3,0,0,0,0,0,0,1,1,2,2,2,2,True,True,True,True,True,True,0,2,1,1,1,1
8042,Grottkau,50.700001,17.383333,1,2,2,2,2,2,0,0,0,0,0,0,1,1,2,2,2,2,True,True,True,True,True,True,1,2,1,1,1,1
8043,Gruenberg (Schlesien),51.933334,15.5,1,2,3,3,3,3,0,0,0,0,0,0,1,1,2,2,2,3,True,True,True,True,True,True,1,2,1,1,1,1
8044,Guhrau,51.666668,16.549999,1,1,1,2,2,2,0,0,1,1,1,1,1,1,2,2,2,2,True,True,True,True,True,True,1,1,1,1,1,1
8045,Guttentag,50.727779,18.444445,0,0,1,2,2,2,0,0,0,0,0,0,1,1,2,2,2,2,True,True,True,True,True,True,0,0,1,1,1,1
8046,Habelschwerdt,50.299999,16.65,2,2,2,2,3,3,0,0,0,0,0,0,1,2,3,2,2,2,True,True,True,True,True,True,2,1,1,1,1,1
8047,Halbau,51.501945,15.205833,0,0,0,1,1,1,0,0,0,0,0,0,1,1,1,2,2,2,True,True,True,True,True,True,0,0,0,1,1,1
8048,Haynau,51.266666,15.933333,0,2,3,3,3,3,0,1,1,1,1,1,1,1,2,2,2,2,True,True,True,True,True,True,0,2,1,1,1,1
8049,Herrnstadt,51.549999,16.700001,0,2,2,2,2,2,0,0,0,0,0,0,1,1,2,2,2,2,True,True,True,True,True,True,0,2,1,1,1,1
8050,Hindenburg O.S.,50.299999,18.783333,0,0,1,1,1,1,0,0,0,0,0,0,1,1,2,2,2,2,True,True,True,True,True,True,0,0,1,1,1,1
8051,Hirschberg im Riesengebirge,50.900002,15.733334,2,2,2,2,2,3,0,0,0,0,0,0,1,1,2,2,2,2,True,True,True,True,True,True,2,2,1,1,1,1
8052,Hohenfriedeberg,50.916668,16.233334,0,1,1,1,2,2,0,0,0,0,1,1,1,1,2,2,2,2,True,True,True,True,True,True,0,1,1,1,1,1
8053,Hoyerswerda,51.438889,14.243889,0,1,1,1,3,3,0,0,0,1,1,1,1,1,2,2,2,3,True,True,True,True,True,True,0,1,1,1,1,1
8054,Jauer,51.053055,16.193611,1,1,1,2,2,2,0,0,1,1,1,1,1,1,2,2,2,2,True,True,True,True,True,True,1,1,1,1,1,1
8055,Juliusburg,51.25,17.333334,0,0,0,0,1,1,0,0,0,0,0,0,1,1,2,2,2,2,True,True,True,True,True,True,0,0,0,0,1,1
8056,Kanth,51.033333,16.766666,0,1,1,1,1,1,0,0,1,1,1,1,1,1,2,2,2,2,True,True,True,True,True,True,0,1,1,1,1,1
8057,Karlsmarkt,50.883335,17.716667,0,0,1,1,1,1,0,0,0,0,0,0,1,1,2,2,2,2,True,True,True,True,True,True,0,0,1,1,1,1
8058,Katscher,50.066666,18.0,0,1,2,2,2,2,0,0,0,0,0,0,1,1,1,1,1,1,True,True,True,True,True,True,0,1,2,2,2,2
8059,Kieferstaedtel,50.228333,18.475834,0,1,1,1,1,1,0,0,0,0,0,0,1,2,2,2,2,2,True,True,True,True,True,True,0,1,1,1,1,1
8060,Klein Strehlitz,50.451111,17.900278,1,1,1,1,1,1,0,0,0,0,0,0,1,1,2,2,2,2,True,True,True,True,True,True,1,1,1,1,1,1
8061,Koeben,51.549999,16.450001,1,3,3,3,3,3,0,0,0,0,0,0,1,1,2,2,2,2,True,True,True,True,True,True,1,2,1,1,1,1
8062,Konstadt,51.016666,18.049999,0,2,2,2,2,2,0,0,0,0,0,0,1,1,3,2,2,2,True,True,True,True,True,True,0,2,1,1,1,1
8063,Kontopp,51.93222,15.903055,1,1,1,1,1,1,0,0,0,0,0,0,1,1,2,2,2,2,True,True,True,True,True,True,1,1,1,1,1,1
8064,Kostenblut,51.045555,16.611389,2,2,2,2,2,2,0,1,1,1,1,1,1,1,2,2,2,2,True,True,True,True,True,True,2,2,1,1,1,1
8065,Kotzenau,51.416668,15.916667,0,0,1,1,1,1,0,0,0,0,0,0,1,1,2,2,2,2,True,True,True,True,True,True,0,0,1,1,1,1
8066,Kranowitz,50.016666,18.116667,0,2,2,2,2,2,0,0,0,0,0,0,1,1,2,1,1,3,True,True,True,True,True,True,0,2,1,2,2,1
8067,Krappitz,50.466667,17.966667,0,2,2,2,2,2,0,0,0,0,0,0,1,1,2,2,2,2,True,True,True,True,True,True,0,2,1,1,1,1
8068,Kreuzburg O.S.,50.966667,18.216667,1,3,3,3,3,3,0,0,0,0,1,1,1,1,3,2,2,2,True,True,True,True,True,True,1,2,1,1,1,1
8069,Kupferberg (Tarnau),50.877499,15.943055,0,0,1,1,1,1,0,0,0,0,0,0,1,1,1,2,2,2,True,True,True,True,True,True,0,0,1,1,1,1
8070,Laehn,51.016666,15.666667,3,3,3,3,3,3,0,0,0,0,1,1,1,1,2,2,2,2,True,True,True,True,True,True,2,2,1,1,1,1
8071,Bad Landeck,50.349998,16.866667,0,3,3,3,3,3,0,0,0,0,0,0,1,2,3,2,2,2,True,True,True,True,True,True,0,1,1,1,1,1
8072,Landeshut,50.783333,16.033333,2,2,2,2,2,2,0,0,1,1,1,1,1,1,2,2,2,2,True,True,True,True,True,True,2,2,1,1,1,1
8073,Landsberg O.S.,51.033333,18.433332,0,1,1,1,1,1,0,0,0,0,0,0,1,1,3,2,2,2,True,True,True,True,True,True,0,1,1,1,1,1
8074,Langenbielau,50.700001,16.616667,0,1,1,1,1,1,0,0,0,0,0,0,1,1,2,2,2,2,True,True,True,True,True,True,0,1,1,1,1,1
8075,Lauban,51.116665,15.3,3,3,3,3,3,3,0,0,0,0,0,0,1,1,2,2,2,2,True,True,True,True,True,True,2,2,1,1,1,1
8076,Leobschuetz,50.200001,17.833334,2,2,2,3,3,3,0,0,0,0,1,1,1,1,2,2,2,3,True,True,True,True,True,True,2,2,1,1,1,1
8077,Leschnitz,50.433334,18.183332,1,1,1,1,1,1,0,0,0,0,0,0,1,1,2,2,2,2,True,True,True,True,True,True,1,1,1,1,1,1
8078,Leubus,51.266666,16.483334,2,2,2,2,2,2,0,0,0,0,0,0,1,1,2,2,2,2,True,True,True,True,True,True,2,2,1,1,1,1
8079,Lewin,50.416668,16.283333,0,0,2,2,2,2,0,0,0,0,0,0,1,1,2,2,2,2,True,True,True,True,True,True,0,0,1,1,1,1
8080,Liebau,50.708057,15.993889,1,3,3,3,3,3,0,0,0,0,0,0,1,1,2,2,2,2,True,True,True,True,True,True,1,2,1,1,1,1
8081,Liebenthal,51.012501,15.510834,0,1,1,1,1,1,0,0,0,0,0,0,1,1,2,2,2,2,True,True,True,True,True,True,0,1,1,1,1,1
8082,Liegnitz,51.208332,16.160278,3,3,3,3,3,3,0,0,0,0,0,0,1,1,2,2,2,2,True,True,True,True,True,True,2,2,1,1,1,1
8083,Loewen,50.766666,17.616667,0,1,1,1,1,2,0,0,0,0,0,0,1,1,2,2,2,2,True,True,True,True,True,True,0,1,1,1,1,1
8084,Loewenberg,51.116665,15.583333,2,2,2,3,3,3,0,1,1,1,1,1,1,1,2,2,2,2,True,True,True,True,True,True,2,2,1,1,1,1
8085,Loewenstein (Niederschlesien),50.653057,16.744444,2,1,1,1,1,1,0,0,0,0,0,0,1,1,2,2,2,2,True,True,True,True,True,True,2,1,1,1,1,1
8086,Lueben,51.400002,16.200001,1,3,3,3,3,3,0,0,1,1,1,1,1,1,3,2,2,2,True,True,True,True,True,True,1,2,1,1,1,1
8087,Marklissa,51.023335,15.263611,1,1,2,2,2,2,0,0,0,0,0,0,1,1,2,2,2,2,True,True,True,True,True,True,1,1,1,1,1,1
8088,Markt Bohrau,50.866665,16.983334,1,1,1,1,1,1,0,0,0,0,0,0,1,1,2,2,2,2,True,True,True,True,True,True,1,1,1,1,1,1
8089,Militsch,51.533333,17.283333,1,2,2,2,2,2,0,0,0,0,0,1,1,1,2,2,2,2,True,True,True,True,True,True,1,2,1,1,1,1
8090,Mittelwalde,50.166668,16.666666,1,2,2,2,2,2,0,1,1,1,1,1,1,2,3,2,2,2,True,True,True,True,True,True,1,1,1,1,1,1
8091,Muensterberg,50.616665,17.049999,2,2,2,3,3,3,0,0,0,0,0,0,1,1,2,2,2,2,True,True,True,True,True,True,2,2,1,1,1,1
8092,Muskau,51.544998,14.721666,1,1,1,1,1,2,0,0,0,0,0,0,1,1,2,2,2,2,True,True,True,True,True,True,1,1,1,1,1,1
8093,Namslau,51.076111,17.723333,3,3,3,3,3,3,0,0,0,1,1,1,1,1,2,2,2,2,True,True,True,True,True,True,2,2,1,1,1,1
8094,Naumburg am Bober,51.800278,15.2475,1,1,1,1,1,1,0,0,0,0,0,0,1,1,2,2,2,3,True,True,True,True,True,True,1,1,1,1,1,1
8095,Naumburg (Queis),51.200001,15.4,2,2,2,2,2,2,0,0,0,0,0,0,1,1,1,2,2,2,True,True,True,True,True,True,2,2,2,1,1,1
8096,Neisse,50.483334,17.333334,2,2,2,2,2,3,1,1,1,1,1,1,1,1,2,2,2,2,True,True,True,True,True,True,2,2,1,1,1,1
8097,Neumarkt,51.150002,16.583334,2,3,3,3,3,3,0,1,1,1,1,1,1,1,2,2,2,2,True,True,True,True,True,True,2,2,1,1,1,1
8098,Neumittelwalde,51.399166,17.665556,0,0,1,1,1,1,0,0,0,0,0,0,1,1,2,2,2,2,True,True,True,True,True,True,0,0,1,1,1,1
8099,Neurode,50.579723,16.501667,0,0,1,1,1,2,0,0,0,0,0,0,1,1,2,2,2,2,True,True,True,True,True,True,0,0,1,1,1,1
8100,Neusalz (Oder),51.799999,15.716666,0,0,0,0,0,0,0,0,0,0,0,0,1,1,2,2,2,2,True,True,True,True,True,True,0,0,0,0,0,0
8101,Neustadt O.S.,50.316666,17.6,0,3,3,3,3,3,0,0,0,0,0,0,1,1,2,2,2,2,True,True,True,True,True,True,0,2,1,1,1,1
8102,Neustaedtel in Schlesien,51.683334,15.733334,1,2,2,2,2,3,0,0,0,1,1,1,1,1,2,2,2,2,True,True,True,True,True,True,1,2,1,1,1,1
8103,Niesky,51.29361,14.823055,1,1,1,1,1,1,0,0,0,0,0,0,1,1,2,2,2,2,True,True,True,True,True,True,1,1,1,1,1,1
8104,Nikolstadt,51.129166,16.283333,0,0,2,2,2,2,0,0,0,1,1,1,1,1,2,2,2,2,True,True,True,True,True,True,0,0,1,1,1,1
8105,Nimptsch,50.716667,16.833334,2,2,2,2,3,3,0,0,0,0,0,0,1,1,2,2,2,2,True,True,True,True,True,True,2,2,1,1,1,1
8106,Oberglogau O.S.,50.366665,17.866667,1,1,1,3,3,3,0,0,0,0,0,0,1,1,2,2,2,2,True,True,True,True,True,True,1,1,1,1,1,1
8107,Oels,51.200001,17.383333,1,2,2,2,3,3,0,0,0,0,1,1,1,1,2,2,2,2,True,True,True,True,True,True,1,2,1,1,1,1
8108,Ohlau,50.950001,17.299999,2,2,2,3,3,3,0,0,0,1,1,1,1,1,2,2,2,2,True,True,True,True,True,True,2,2,1,1,1,1
8109,Oppeln,50.666668,17.933332,2,2,2,2,2,2,0,0,0,0,0,0,1,1,2,2,2,2,True,True,True,True,True,True,2,2,1,1,1,1
8110,Ottmachau,50.465279,17.171112,1,1,2,2,2,2,0,0,0,0,0,0,1,1,2,2,2,2,True,True,True,True,True,True,1,1,1,1,1,1
8111,Parchwitz,51.273335,16.364166,3,3,3,3,3,3,0,0,0,0,1,1,1,1,2,2,2,2,True,True,True,True,True,True,2,2,1,1,1,1
8112,Patschkau,50.450001,17.0,0,2,2,2,2,2,0,0,0,0,0,0,1,1,2,2,2,2,True,True,True,True,True,True,0,2,1,1,1,1
8113,Peiskretscham,50.397499,18.629444,0,2,2,2,2,2,0,0,0,0,0,0,1,2,3,2,2,2,True,True,True,True,True,True,0,1,1,1,1,1
8114,Pilchowitz,50.215832,18.559444,0,2,2,2,2,2,0,0,0,0,0,0,1,1,2,2,2,2,True,True,True,True,True,True,0,2,1,1,1,1
8115,Pitschen,51.116665,18.299999,2,2,2,2,2,2,0,0,0,0,0,0,1,1,3,2,2,2,True,True,True,True,True,True,2,2,1,1,1,1
8116,Polkwitz,51.5,16.066668,0,2,2,2,2,3,0,0,0,0,1,1,1,1,2,2,2,2,True,True,True,True,True,True,0,2,1,1,1,1
8117,Prausnitz,51.366665,16.966667,0,2,2,2,2,3,0,1,1,1,1,1,1,1,2,2,2,2,True,True,True,True,True,True,0,2,1,1,1,1
8118,Priebus,51.483334,14.95,1,2,2,2,2,2,0,0,0,0,0,0,1,1,2,2,2,2,True,True,True,True,True,True,1,2,1,1,1,1
8119,Primkenau,51.516666,15.783334,0,2,2,2,2,2,0,0,0,0,0,0,1,1,2,2,2,2,True,True,True,True,True,True,0,2,1,1,1,1
8120,Proskau,50.583332,17.866667,0,0,0,0,0,0,0,0,0,0,0,0,1,1,2,2,2,2,True,True,True,True,True,True,0,0,0,0,0,0
8121,Ratibor,50.092224,18.219723,3,3,3,3,3,3,0,1,1,1,1,1,1,1,2,2,2,2,True,True,True,True,True,True,2,2,1,1,1,1
8122,Raudten,51.509998,16.265556,1,2,2,2,2,2,0,0,0,0,0,0,1,1,2,2,2,2,True,True,True,True,True,True,1,2,1,1,1,1
8123,Reichenbach (Eulengeb.),50.728054,16.651388,1,1,1,1,1,1,0,0,1,1,1,1,1,1,1,2,2,2,True,True,True,True,True,True,1,1,1,1,1,1
8124,Reichenbach,51.141388,14.802778,2,2,2,2,2,2,0,0,0,0,0,0,1,1,2,1,2,2,True,True,True,True,True,True,2,2,1,2,1,1
8125,Reichenstein,50.433334,16.866667,0,2,2,2,2,2,0,0,0,0,0,0,1,1,2,2,2,2,True,True,True,True,True,True,0,2,1,1,1,1
8126,Bad Reinerz,50.400002,16.383333,0,0,2,2,2,2,0,0,0,0,0,0,1,2,3,2,2,2,True,True,True,True,True,True,0,0,1,1,1,1
8127,Rosenberg O.S.,50.875,18.416666,1,1,1,1,1,1,0,0,0,0,0,0,1,1,2,2,2,2,True,True,True,True,True,True,1,1,1,1,1,1
8128,Rothenburg,51.335835,14.966666,0,2,2,2,2,2,0,0,0,0,0,1,1,1,2,1,2,2,True,True,True,True,True,True,0,2,1,2,1,1
8129,Rothenburg (Oder),52.012779,15.423056,0,0,1,1,1,1,0,0,0,0,0,0,1,1,2,2,2,3,True,True,True,True,True,True,0,0,1,1,1,1
8130,Rudelstadt,50.891109,15.988334,0,1,1,1,1,1,0,0,0,0,0,0,1,1,1,2,2,2,True,True,True,True,True,True,0,1,1,1,1,1
8131,Ruhland,51.458889,13.866111,0,0,2,2,2,2,0,0,0,0,0,0,1,1,2,2,1,1,True,True,True,True,True,True,0,0,1,1,2,2
8132,Saabor,51.950001,15.716666,0,0,0,0,0,0,0,0,0,0,0,0,1,1,2,2,2,2,True,True,True,True,True,True,0,0,0,0,0,0
8133,Sagan,51.616665,15.316667,1,1,2,2,2,2,0,0,0,0,0,0,1,1,3,2,2,3,True,True,True,True,True,True,1,1,1,1,1,1
8134,Schlawa,51.883335,16.083334,0,0,2,2,2,2,0,0,0,0,0,0,1,1,2,2,2,2,True,True,True,True,True,True,0,0,1,1,1,1
8135,Schlichtingsheim,51.716667,16.25,0,0,0,0,0,0,0,0,0,0,0,0,1,1,2,2,2,2,True,True,True,True,True,True,0,0,0,0,0,0
8136,Schmiedeberg i. Rsgb.,50.79361,15.834723,0,0,1,1,1,1,0,0,0,0,0,0,1,1,1,2,2,2,True,True,True,True,True,True,0,0,1,1,1,1
8137,Schoemberg (Niederschlesien),50.666668,16.066668,0,2,2,2,2,2,0,0,0,0,0,0,1,1,1,2,2,2,True,True,True,True,True,True,0,2,2,1,1,1
8138,Schoenau (Katzbach),51.016666,15.9,0,1,2,2,2,2,0,0,0,0,0,1,1,1,2,2,2,2,True,True,True,True,True,True,0,1,1,1,1,1
8139,Schoenberg  (Niederschlesien),51.075832,15.099444,1,1,1,1,1,1,0,0,0,0,0,0,1,1,2,2,2,2,True,True,True,True,True,True,1,1,1,1,1,1
8140,Schreiberhau,50.827499,15.5275,0,0,0,1,1,1,0,0,0,0,0,0,1,1,1,2,2,2,True,True,True,True,True,True,0,0,0,1,1,1
8141,Schurgast,50.759167,17.681944,1,2,2,2,2,2,0,0,0,0,0,0,1,1,2,2,2,2,True,True,True,True,True,True,1,2,1,1,1,1
8142,Schweidnitz,50.849998,16.483334,2,2,3,3,3,3,0,0,0,0,0,0,1,1,2,2,2,2,True,True,True,True,True,True,2,2,1,1,1,1
8143,Seidenberg,51.023613,15.063334,1,2,2,2,2,2,0,0,0,0,0,0,1,1,2,2,2,2,True,True,True,True,True,True,1,2,1,1,1,1
8144,Silberberg,50.583332,16.666666,0,0,1,1,1,1,0,0,0,0,0,0,1,1,2,2,2,2,True,True,True,True,True,True,0,0,1,1,1,1
8145,Slawentzitz,50.37389,18.324167,2,1,1,1,1,1,0,0,0,0,0,0,1,2,2,2,2,2,True,True,True,True,True,True,2,1,1,1,1,1
8146,Sprottau,51.566666,15.5,0,3,3,3,3,3,0,0,1,1,1,1,1,1,2,2,2,3,True,True,True,True,True,True,0,2,1,1,1,1
8147,Sprottau Eulau,51.566387,15.488611,1,1,1,1,1,1,0,0,0,0,0,0,1,1,1,1,1,1,True,True,True,True,True,True,1,1,1,1,1,1
8148,Staedtel,50.946388,17.776945,0,1,1,1,1,1,0,0,0,0,0,0,1,1,2,2,2,2,True,True,True,True,True,True,0,1,1,1,1,1
8149,Steinau (Oder),51.416668,16.416666,2,2,3,3,3,3,0,0,1,1,1,1,1,1,2,2,2,3,True,True,True,True,True,True,2,2,1,1,1,1
8150,Steinau O.S.,50.421944,17.544722,2,2,2,2,2,2,0,0,0,0,0,0,1,1,2,2,2,2,True,True,True,True,True,True,2,2,1,1,1,1
8151,Strehlen,50.783333,17.066668,0,2,2,2,2,2,0,0,1,1,1,1,1,1,3,2,2,2,True,True,True,True,True,True,0,2,1,1,1,1
8152,Striegau,50.950001,16.333334,3,3,3,3,3,3,0,0,0,0,0,0,1,1,2,2,2,2,True,True,True,True,True,True,2,2,1,1,1,1
8153,Stroppen,51.388332,16.810556,2,2,2,2,2,2,0,0,0,0,0,0,1,1,2,2,2,2,True,True,True,True,True,True,2,2,1,1,1,1
8154,Sulau,51.499168,17.168612,0,0,0,1,1,1,0,0,0,0,0,0,1,1,2,2,2,2,True,True,True,True,True,True,0,0,0,1,1,1
8155,Tost,50.450001,18.516666,1,1,1,2,2,2,0,0,0,0,0,0,1,1,2,2,2,2,True,True,True,True,True,True,1,1,1,1,1,1
8156,Trachenberg,51.468887,16.906389,1,2,2,2,2,2,0,0,0,0,0,1,1,1,2,2,2,2,True,True,True,True,True,True,1,2,1,1,1,1
8157,Trebnitz,51.299999,17.066668,3,3,3,3,3,3,0,0,0,0,0,0,1,1,2,2,2,2,True,True,True,True,True,True,2,2,1,1,1,1
8158,Tschirnau,51.720833,16.615833,0,1,1,1,1,1,0,0,0,0,0,0,1,1,2,2,2,2,True,True,True,True,True,True,0,1,1,1,1,1
8159,Ujest,50.400002,18.35,2,2,2,2,2,2,0,0,0,0,0,0,1,1,2,2,2,2,True,True,True,True,True,True,2,2,1,1,1,1
8160,Waldenburg (Schles.),50.764999,16.281111,1,1,1,1,2,2,0,0,0,0,0,0,1,1,1,2,2,2,True,True,True,True,True,True,1,1,1,1,1,1
8161,Wansen,50.815277,17.203611,2,3,3,3,3,3,0,0,0,0,0,0,1,1,2,2,2,2,True,True,True,True,True,True,2,2,1,1,1,1
8162,Bad Warmbrunn,50.861668,15.690833,0,1,1,1,1,1,0,0,0,0,0,0,1,1,2,2,2,2,True,True,True,True,True,True,0,1,1,1,1,1
8163,Wartha,50.516666,16.733334,1,2,2,2,2,2,0,1,1,1,1,1,1,1,2,2,2,2,True,True,True,True,True,True,1,2,1,1,1,1
8164,Weisswasser,51.506943,14.642777,0,0,0,1,1,1,0,0,0,0,0,0,1,1,2,2,2,2,True,True,True,True,True,True,0,0,0,1,1,1
8165,Wigandsthal,50.936943,15.295834,0,0,0,0,0,0,0,0,0,0,0,0,1,1,2,2,2,2,True,True,True,True,True,True,0,0,0,0,0,0
8166,Wilhelmsthal,50.255833,16.890833,0,0,0,0,0,0,0,0,0,0,0,0,1,1,2,2,2,2,True,True,True,True,True,True,0,0,0,0,0,0
8167,Winzig,51.466667,16.633333,1,2,2,2,2,3,0,0,0,0,0,1,1,1,2,2,2,2,True,True,True,True,True,True,1,2,1,1,1,1
8168,Wittichenau,51.385277,14.243333,1,1,3,3,3,3,0,0,1,1,1,1,1,1,2,2,2,2,True,True,True,True,True,True,1,1,1,1,1,1
8169,Wohlau,51.349998,16.65,1,2,2,2,2,2,0,0,0,0,0,0,1,1,2,2,2,3,True,True,True,True,True,True,1,2,1,1,1,1
8170,Wuenschelburg,50.503887,16.401112,0,2,2,2,2,3,0,0,0,0,0,0,1,2,3,2,2,2,True,True,True,True,True,True,0,1,1,1,1,1
8171,Ziegenhals,50.316666,17.383333,2,2,2,2,2,3,0,0,0,0,0,1,1,1,2,2,2,2,True,True,True,True,True,True,2,2,1,1,1,1
8172,Zirkwitz,51.313057,17.128334,2,2,2,2,2,2,0,0,0,0,0,0,1,1,2,2,2,2,True,True,True,True,True,True,2,2,1,1,1,1
8173,Zobten,50.899166,16.742222,2,2,2,2,2,2,0,0,0,0,0,0,1,1,2,2,2,2,True,True,True,True,True,True,2,2,1,1,1,1
8174,Zuelz,50.366665,17.6,1,2,2,2,2,2,0,0,0,0,0,0,1,1,2,2,2,2,True,True,True,True,True,True,1,2,1,1,1,1
8175,Liebersdorf,50.804722,16.203333,0,0,0,0,0,0,0,0,0,0,0,0,1,1,1,2,2,2,True,True,True,True,True,True,0,0,0,0,0,0
9001,Adorf,50.320557,12.254444,2,2,2,3,3,3,0,0,0,0,0,0,1,1,1,2,1,1,True,True,True,True,True,True,2,2,2,1,2,2
9002,Altenberg,50.766388,13.757222,0,0,0,0,1,2,0,0,0,0,0,0,1,1,1,1,1,2,True,True,True,True,True,True,0,0,0,0,1,1
9003,Annaberg,50.580555,13.003056,0,0,0,0,0,2,0,0,0,0,0,0,1,1,1,1,1,1,True,True,True,True,True,True,0,0,0,0,0,2
9004,Aue,50.585278,12.700833,1,1,1,1,1,1,0,0,0,0,0,0,1,1,1,2,1,1,True,True,True,True,True,True,1,1,1,1,1,1
9005,Auerbach,50.50528,12.402778,1,1,1,1,1,1,0,0,0,0,0,0,1,1,1,1,2,1,True,True,True,True,True,True,1,1,1,1,1,1
9006,Augustusburg,50.810555,13.101666,1,1,1,1,1,1,0,0,0,0,0,0,1,1,1,1,1,2,True,True,True,True,True,True,1,1,1,1,1,1
9007,Baerenstein,50.499443,13.028611,0,0,1,1,1,1,0,0,0,0,0,0,1,1,1,1,1,1,True,True,True,True,True,True,0,0,1,1,1,1
9008,Bautzen,51.180832,14.4275,3,3,3,3,3,3,0,0,0,1,1,1,1,1,2,2,2,3,True,True,True,True,True,True,2,2,1,1,1,1
9009,Berggiesshuebel,50.874443,13.948334,0,0,0,0,1,1,0,0,0,0,0,0,1,1,1,1,1,2,True,True,True,True,True,True,0,0,0,0,1,1
9010,Bernstadt auf dem Eigen,51.046665,14.823611,1,1,1,1,1,1,0,0,0,0,1,1,1,1,2,2,2,3,True,True,True,True,True,True,1,1,1,1,1,1
9011,Bischofswerda,51.127499,14.179444,1,1,1,1,1,1,0,0,0,0,1,1,1,1,1,1,1,1,True,True,True,True,True,True,1,1,1,1,1,1
9012,Borna,51.123055,12.497222,1,1,1,1,1,1,0,0,0,0,0,0,1,1,1,1,1,1,True,True,True,True,True,True,1,1,1,1,1,1
9013,Brand-Erbisdorf,50.869167,13.321944,1,1,1,1,1,1,0,0,0,0,0,0,1,1,1,1,1,1,True,True,True,True,True,True,1,1,1,1,1,1
9014,Brandis,51.333889,12.609445,1,1,1,1,1,1,0,0,0,0,0,0,1,1,1,1,1,1,True,True,True,True,True,True,1,1,1,1,1,1
9015,Buchholz,50.566944,12.996111,0,0,0,0,0,1,0,0,0,0,0,0,1,1,1,1,2,1,True,True,True,True,True,True,0,0,0,0,0,1
9016,Burgstaedt,50.918056,12.806666,0,2,2,2,2,2,0,0,0,0,0,0,1,1,1,1,1,2,True,True,True,True,True,True,0,2,2,2,2,1
9017,Chemnitz,50.832222,12.924167,1,1,1,1,1,2,1,1,1,1,1,1,1,2,2,2,1,2,True,True,True,True,True,True,1,1,1,1,1,1
9018,Colditz,51.125557,12.806666,1,1,1,1,1,2,0,0,0,0,0,0,1,1,1,2,2,1,True,True,True,True,True,True,1,1,1,1,1,2
9019,Coswig,51.126667,13.580277,0,0,1,1,1,1,0,0,0,0,0,0,1,1,1,1,1,1,True,True,True,True,True,True,0,0,1,1,1,1
9020,Crimmitschau,50.812222,12.386666,1,1,1,1,3,3,0,0,0,0,0,0,1,1,1,1,2,1,True,True,True,True,True,True,1,1,1,1,1,2
9021,Dahlen,51.365833,12.996388,1,1,1,1,1,1,0,0,0,0,0,0,1,1,2,2,2,2,True,True,True,True,True,True,1,1,1,1,1,1
9022,Dippoldiswalde,50.896389,13.666667,1,1,1,2,2,2,0,0,0,0,0,1,1,1,1,1,1,2,True,True,True,True,True,True,1,1,1,2,2,1
9023,Doebeln,51.119999,13.114722,1,1,1,2,2,2,0,0,0,1,1,1,1,1,1,1,1,2,True,True,True,True,True,True,1,1,1,2,2,1
9024,Dohna,50.954445,13.858055,1,1,1,1,1,1,0,0,0,0,0,0,1,1,1,1,2,2,True,True,True,True,True,True,1,1,1,1,1,1
9025,Dresden,51.051666,13.736667,1,1,1,1,2,2,0,0,0,0,1,3,1,2,2,1,1,2,True,True,True,True,True,True,1,1,1,1,2,1
9026,Ebersbach,51.007221,14.581388,0,0,1,1,1,1,0,0,0,0,0,0,1,1,2,2,2,3,True,True,True,True,True,True,0,0,1,1,1,1
9027,Ehrenfriedersdorf,50.646667,12.969722,0,0,1,1,1,2,0,0,0,1,1,1,1,1,1,1,1,2,True,True,True,True,True,True,0,0,1,1,1,1
9028,Eibenstock,50.49361,12.599167,1,1,1,1,1,1,0,0,0,0,0,0,1,1,1,1,2,2,True,True,True,True,True,True,1,1,1,1,1,1
9029,Bad Elster,50.282501,12.238055,0,0,1,1,1,1,0,0,0,0,0,0,1,1,2,2,2,2,True,True,True,True,True,True,0,0,1,1,1,1
9030,Elsterberg i. V.,50.608612,12.169723,1,1,1,2,2,2,0,0,0,0,0,0,1,1,1,2,1,1,True,True,True,True,True,True,1,1,1,1,2,2
9031,Elstra,51.221943,14.133333,1,1,1,2,2,2,0,0,0,0,0,0,1,1,2,2,2,3,True,True,True,True,True,True,1,1,1,1,1,1
9032,Elterlein,50.576946,12.868611,0,0,0,0,1,2,0,0,0,0,0,0,1,1,1,1,1,2,True,True,True,True,True,True,0,0,0,0,1,1
9033,Falkenstein,50.476112,12.37,1,1,1,1,2,2,0,0,0,0,0,0,1,1,1,2,1,1,True,True,True,True,True,True,1,1,1,1,2,2
9034,Floeha,50.858334,13.072778,1,1,1,1,1,1,0,0,0,0,0,0,1,1,1,1,1,2,True,True,True,True,True,True,1,1,1,1,1,1
9035,Frankenberg/Sa,50.91,13.030556,1,1,1,1,1,1,0,0,0,0,0,0,1,1,1,1,1,2,True,True,True,True,True,True,1,1,1,1,1,1
9036,Frauenstein,50.801945,13.533889,1,1,1,2,2,2,0,0,0,0,1,1,1,1,1,1,1,2,True,True,True,True,True,True,1,1,1,2,2,1
9037,Freiberg,50.914722,13.344167,2,2,2,2,3,3,1,1,3,3,3,3,1,2,3,1,1,2,True,True,True,True,True,True,2,1,1,2,3,1
9038,Freital,50.996944,13.648056,1,1,1,1,1,1,0,0,0,0,0,0,1,1,1,1,1,2,True,True,True,True,True,True,1,1,1,1,1,1
9039,Frohburg,51.05722,12.556389,1,1,1,1,1,1,0,0,0,0,1,1,1,1,1,1,1,1,True,True,True,True,True,True,1,1,1,1,1,1
9040,Geising,50.757221,13.792778,0,0,0,0,0,1,0,0,0,0,0,0,1,1,1,1,1,2,True,True,True,True,True,True,0,0,0,0,0,1
9041,Geithain,51.05389,12.695,1,1,1,2,2,2,0,0,0,0,0,1,1,1,1,1,1,2,True,True,True,True,True,True,1,1,1,2,2,1
9042,Geringswalde,51.076946,12.903334,1,1,1,1,1,1,0,0,0,0,0,0,1,1,1,1,1,1,True,True,True,True,True,True,1,1,1,1,1,1
9043,Geyer,50.623611,12.924167,0,0,0,0,1,1,0,0,0,0,0,1,1,1,1,1,1,2,True,True,True,True,True,True,0,0,0,0,1,1
9044,Glashuette,50.851665,13.781111,0,0,0,0,1,1,0,0,0,0,0,0,1,1,1,1,2,2,True,True,True,True,True,True,0,0,0,0,1,1
9045,Glauchau,50.81778,12.542222,1,1,1,1,2,2,0,0,0,0,0,0,1,1,1,1,1,1,True,True,True,True,True,True,1,1,1,1,2,2
9046,Bad Gottleuba,50.851665,13.943055,1,2,2,2,2,2,0,0,0,0,0,0,1,2,3,2,2,2,True,True,True,True,True,True,1,1,1,1,1,1
9047,Grimma,51.235279,12.726944,3,3,3,3,3,3,0,0,0,1,1,1,1,1,2,1,1,1,True,True,True,True,True,True,2,2,1,2,2,2
9048,Groitzsch,51.154167,12.280833,1,1,1,1,1,1,1,1,1,1,1,1,1,1,1,1,1,2,True,True,True,True,True,True,1,1,1,1,1,1
9049,Grossenhain,51.291943,13.530278,1,1,1,1,1,3,0,0,0,1,1,3,1,1,2,1,1,2,True,True,True,True,True,True,1,1,1,1,1,1
9050,Grossroehrsdorf,51.143055,14.024167,0,0,1,1,1,1,0,0,0,0,0,0,1,1,2,1,1,2,True,True,True,True,True,True,0,0,1,1,1,1
9051,Gruenhain,50.578335,12.808333,1,1,1,2,2,2,0,0,0,0,0,1,1,1,1,1,1,1,True,True,True,True,True,True,1,1,1,2,2,2
9052,Hainichen,50.968613,13.123889,1,1,1,1,1,1,0,0,0,0,0,0,1,1,1,2,1,2,True,True,True,True,True,True,1,1,1,1,1,1
9053,Hartenstein,50.661945,12.670834,1,1,1,1,1,1,0,0,0,0,0,0,1,1,1,1,2,1,True,True,True,True,True,True,1,1,1,1,1,1
9054,Hartha,51.098057,12.973889,1,1,1,1,1,2,0,0,0,0,0,0,1,1,1,1,1,1,True,True,True,True,True,True,1,1,1,1,1,2
9055,Heidenau,50.980835,13.863334,0,1,1,1,1,1,0,0,0,0,0,0,1,1,1,1,1,2,True,True,True,True,True,True,0,1,1,1,1,1
9056,Herrnhut,51.015278,14.743889,0,0,0,0,0,0,0,0,0,0,0,0,1,1,2,2,2,2,True,True,True,True,True,True,0,0,0,0,0,0
9057,Hohenstein-Ernstthal,50.800835,12.713056,0,0,0,0,0,1,0,0,0,0,0,0,1,1,1,1,1,1,True,True,True,True,True,True,0,0,0,0,0,1
9058,Hohnstein,50.979443,14.110556,1,1,1,1,1,1,0,0,0,0,0,0,1,2,3,2,2,2,True,True,True,True,True,True,1,1,1,1,1,1
9059,Joehstadt,50.514168,13.089723,0,0,0,1,1,1,0,0,0,0,0,0,1,1,1,1,1,2,True,True,True,True,True,True,0,0,0,1,1,1
9060,Johanngeorgenstadt,50.429443,12.721666,0,0,0,0,0,0,0,0,0,0,0,0,1,1,1,1,1,2,True,True,True,True,True,True,0,0,0,0,0,0
9061,Kamenz,51.270557,14.098056,1,1,1,1,1,1,0,0,0,1,1,1,1,1,2,2,2,3,True,True,True,True,True,True,1,1,1,1,1,1
9062,Kirchberg (Sachsen),50.622776,12.525833,1,1,1,1,1,1,0,0,0,0,0,0,1,1,1,1,1,1,True,True,True,True,True,True,1,1,1,1,1,1
9063,Klingental,50.358612,12.469722,0,0,0,0,0,0,0,0,0,0,0,0,1,1,1,1,1,1,True,True,True,True,True,True,0,0,0,0,0,0
9064,Klotzsche,51.116112,13.780278,1,1,1,1,1,1,0,0,0,0,0,0,1,1,1,1,1,2,True,True,True,True,True,True,1,1,1,1,1,1
9065,Koenigsbrueck,51.264446,13.904445,1,1,1,1,1,1,0,0,0,0,0,0,1,1,2,2,2,3,True,True,True,True,True,True,1,1,1,1,1,1
9066,Koenigstein (Saechsische Schweiz),50.916943,14.073611,1,1,1,2,2,2,0,0,0,0,0,0,1,2,3,2,2,2,True,True,True,True,True,True,1,1,1,1,1,1
9067,Kohren-Sahlis,51.016945,12.605,1,1,1,1,1,2,0,0,0,0,0,0,1,1,1,2,1,1,True,True,True,True,True,True,1,1,1,1,1,2
9068,Lauenstein,50.783611,13.822778,1,1,1,1,1,2,0,0,0,1,1,1,1,1,1,1,1,2,True,True,True,True,True,True,1,1,1,1,1,1
9069,Bad Lausick,51.142776,12.638889,1,1,1,2,2,2,1,1,1,1,1,1,1,1,1,1,1,1,True,True,True,True,True,True,1,1,1,2,2,2
9070,Leipzig,51.340557,12.375,3,3,3,3,3,3,3,3,3,3,3,3,1,1,1,1,1,2,True,True,True,True,True,True,3,3,3,3,3,1
9071,Leisnig,51.159168,12.926389,1,1,1,1,2,2,0,0,0,0,0,0,1,1,2,1,1,1,True,True,True,True,True,True,1,1,1,1,2,2
9072,Lengefeld i. Erzgeb.,50.720001,13.1925,0,0,0,1,1,1,0,0,0,0,0,0,1,1,2,2,1,2,True,True,True,True,True,True,0,0,0,1,1,1
9073,Lengenfeld i. V.,50.569721,12.364445,1,1,1,1,1,1,0,0,0,0,0,1,1,2,3,2,2,1,True,True,True,True,True,True,1,1,1,1,1,1
9074,Lichtenstein,50.756111,12.630834,0,1,1,1,2,2,0,0,0,0,0,0,1,1,1,1,1,1,True,True,True,True,True,True,0,1,1,1,2,2
9075,Liebstadt,50.863335,13.856389,0,1,1,1,1,1,0,0,0,0,0,1,1,1,1,1,2,2,True,True,True,True,True,True,0,1,1,1,1,1
9076,Limbach,50.582222,12.251389,0,0,0,0,1,1,0,0,0,0,0,0,1,1,2,1,1,1,True,True,True,True,True,True,0,0,0,0,1,1
9077,Loebau,51.09639,14.664166,2,2,2,2,2,2,0,0,0,0,0,0,1,1,2,2,2,3,True,True,True,True,True,True,2,2,1,1,1,1
9078,Loessnitz,50.622501,12.731667,1,2,2,2,2,2,0,0,0,0,1,1,1,1,1,1,2,2,True,True,True,True,True,True,1,2,2,2,1,1
9079,Lommatzsch,51.196388,13.308611,1,1,1,1,1,1,0,0,0,0,1,1,1,1,1,1,1,2,True,True,True,True,True,True,1,1,1,1,1,1
9080,Lugau,50.740555,12.746388,0,0,0,0,1,1,0,0,0,0,0,0,1,1,1,1,1,2,True,True,True,True,True,True,0,0,0,0,1,1
9081,Lunzenau,50.959721,12.753889,0,0,1,1,1,1,0,0,0,0,0,0,1,1,1,1,1,2,True,True,True,True,True,True,0,0,1,1,1,1
9082,Marienberg i. S.,50.65139,13.159722,0,0,0,0,0,0,0,0,0,0,0,0,1,1,1,1,1,2,True,True,True,True,True,True,0,0,0,0,0,0
9083,Markkleeberg,51.279999,12.374444,1,1,1,1,1,1,0,0,0,0,0,0,1,1,1,1,1,2,True,True,True,True,True,True,1,1,1,1,1,1
9084,Markneukirchen,50.311668,12.327778,0,1,2,2,2,2,0,0,0,0,0,0,1,1,1,2,1,1,True,True,True,True,True,True,0,1,2,1,2,2
9085,Markranstaedt,51.301109,12.22,0,0,1,1,1,1,0,0,0,0,0,0,1,1,1,1,1,1,True,True,True,True,True,True,0,0,1,1,1,1
9086,Meerane,50.849167,12.463889,1,1,1,1,1,1,0,0,0,0,0,1,1,1,1,1,1,1,True,True,True,True,True,True,1,1,1,1,1,1
9087,Meissen,51.159721,13.468611,1,1,2,2,2,2,0,0,0,0,0,0,1,1,1,1,1,2,True,True,True,True,True,True,1,1,2,2,2,1
9088,Mittweida,50.986668,12.975833,1,1,1,1,1,2,0,0,0,0,0,1,1,1,1,1,1,2,True,True,True,True,True,True,1,1,1,1,1,1
9089,Muegeln,51.236668,13.045834,1,1,1,1,1,1,0,0,0,0,0,0,1,1,1,1,1,1,True,True,True,True,True,True,1,1,1,1,1,1
9090,Muehltroff,50.540833,11.93,1,1,2,2,2,2,0,0,0,0,0,0,1,1,2,2,1,1,True,True,True,True,True,True,1,1,1,1,2,2
9091,Mutzschen,51.260555,12.887222,1,1,1,1,1,2,1,1,1,1,1,1,1,1,2,2,1,1,True,True,True,True,True,True,1,1,1,1,1,2
9092,Mylau,50.618889,12.261945,1,1,2,2,2,2,0,0,0,0,0,0,1,1,2,2,2,1,True,True,True,True,True,True,1,1,1,1,1,2
9093,Naunhof,51.275276,12.593611,1,1,1,1,1,1,0,0,0,0,0,0,1,1,1,2,1,1,True,True,True,True,True,True,1,1,1,1,1,1
9094,Nerchau,51.269444,12.789444,1,1,1,1,1,1,0,0,0,0,0,0,1,1,1,1,1,1,True,True,True,True,True,True,1,1,1,1,1,1
9095,Netzschkau,50.612499,12.248055,1,1,1,1,1,1,0,0,0,0,0,0,1,1,1,2,1,1,True,True,True,True,True,True,1,1,1,1,1,1
9096,Neugersdorf,50.980278,14.61,0,0,1,1,1,1,0,0,0,0,0,0,1,1,1,1,1,2,True,True,True,True,True,True,0,0,1,1,1,1
9097,Neusalza-Spremberg,51.037224,14.531389,1,1,1,1,1,1,0,0,0,0,0,0,1,1,1,1,1,1,True,True,True,True,True,True,1,1,1,1,1,1
9098,Neustadt in Sachsen,51.025555,14.215,0,0,1,1,1,1,0,0,0,0,0,1,1,2,3,2,2,2,True,True,True,True,True,True,0,0,1,1,1,1
9099,Neustaedtel in Sachsen,50.583889,12.6325,1,1,1,1,1,2,0,0,0,0,0,1,1,1,1,2,1,1,True,True,True,True,True,True,1,1,1,1,1,2
9100,Nossen,51.058613,13.299444,1,1,1,1,1,1,0,0,0,0,0,0,1,1,1,1,2,1,True,True,True,True,True,True,1,1,1,1,1,1
9101,Oberfrohna,50.858334,12.766945,0,0,0,0,0,0,0,0,0,0,0,0,1,1,1,1,1,1,True,True,True,True,True,True,0,0,0,0,0,0
9102,Oberlungwitz,50.786945,12.721945,1,1,1,1,1,1,0,0,0,0,0,0,1,1,1,2,2,2,True,True,True,True,True,True,1,1,1,1,1,1
9103,Kurort Oberwiesenthal,50.419167,12.968889,0,0,0,0,0,0,0,0,0,0,0,0,1,2,3,2,2,2,True,True,True,True,True,True,0,0,0,0,0,0
9104,Oederan,50.859444,13.167222,1,2,2,2,2,2,0,0,0,0,0,0,1,1,1,1,1,2,True,True,True,True,True,True,1,2,2,2,2,1
9105,Oelsnitz i. Erzgeb.,50.724167,12.705833,1,1,1,1,1,1,0,0,0,0,0,0,1,1,1,1,2,2,True,True,True,True,True,True,1,1,1,1,1,1
9106,Oelsnitz i. V.,50.416943,12.175,1,1,2,2,2,2,0,0,0,1,1,1,1,1,2,2,2,1,True,True,True,True,True,True,1,1,1,1,1,2
9107,Olbernhau,50.659168,13.339167,0,0,1,1,1,1,0,0,0,0,0,0,1,1,1,1,2,1,True,True,True,True,True,True,0,0,1,1,1,1
9108,Oschatz,51.297222,13.109167,1,1,1,1,1,1,0,0,0,0,0,1,1,1,1,1,2,1,True,True,True,True,True,True,1,1,1,1,1,1
9109,Ostritz,51.013889,14.931111,1,1,2,2,2,2,0,0,1,1,1,1,1,1,2,2,2,3,True,True,True,True,True,True,1,1,1,1,1,1
9110,Pausa,50.580555,11.996944,1,1,1,1,1,1,0,0,0,0,0,0,1,1,1,1,1,2,True,True,True,True,True,True,1,1,1,1,1,1
9111,Pegau,51.1675,12.2475,1,1,1,1,1,1,0,0,0,0,0,1,1,1,1,1,1,2,True,True,True,True,True,True,1,1,1,1,1,1
9112,Penig,50.933334,12.705833,0,0,2,3,3,3,0,0,1,1,1,1,1,1,1,1,1,1,True,True,True,True,True,True,0,0,2,2,2,2
9113,Pirna,50.960556,13.938889,2,2,2,3,3,3,0,3,3,3,3,3,1,2,3,2,2,2,True,True,True,True,True,True,2,1,1,1,1,1
9114,Planitz,50.679722,12.476111,1,1,1,1,1,1,0,0,0,0,0,0,1,1,1,1,2,1,True,True,True,True,True,True,1,1,1,1,1,1
9115,Plauen,50.495834,12.135278,1,1,1,2,2,2,0,0,0,0,0,0,1,1,2,2,3,1,True,True,True,True,True,True,1,1,1,1,1,2
9116,Pulsnitz,51.18222,14.014722,1,1,1,2,2,3,0,0,0,1,1,1,1,1,2,2,2,3,True,True,True,True,True,True,1,1,1,1,1,1
9117,Rabenau,50.965279,13.641945,1,1,1,1,1,1,0,0,0,0,0,0,1,1,1,1,1,2,True,True,True,True,True,True,1,1,1,1,1,1
9118,Radeberg,51.11639,13.921945,1,1,1,1,1,1,0,0,0,0,0,1,1,1,1,1,1,2,True,True,True,True,True,True,1,1,1,1,1,1
9119,Radebeul,51.105835,13.659166,1,1,1,1,1,1,0,0,0,0,0,0,1,1,1,1,1,2,True,True,True,True,True,True,1,1,1,1,1,1
9120,Radeburg,51.215279,13.723611,1,1,1,1,1,1,0,0,0,0,0,0,1,1,1,1,1,2,True,True,True,True,True,True,1,1,1,1,1,1
9121,Regis-Breitingen,51.087776,12.434167,1,1,1,1,1,1,0,0,0,0,0,0,1,1,1,1,1,1,True,True,True,True,True,True,1,1,1,1,1,1
9122,Reichenbach i. V.,50.621666,12.302778,1,1,1,3,3,3,1,1,1,1,1,1,1,1,1,2,2,2,True,True,True,True,True,True,1,1,1,1,1,1
9123,Riesa,51.302502,13.304444,1,1,1,1,1,1,0,0,0,0,0,0,1,1,1,1,1,2,True,True,True,True,True,True,1,1,1,1,1,1
9124,Rochlitz,51.045555,12.795834,1,1,1,1,2,2,1,1,1,1,1,1,1,1,1,1,1,2,True,True,True,True,True,True,1,1,1,1,2,1
9125,Rodewisch,50.530834,12.406389,0,0,0,0,1,1,0,0,0,0,0,0,1,1,1,1,2,1,True,True,True,True,True,True,0,0,0,0,1,1
9126,Roetha,51.197777,12.415,0,1,1,1,1,1,0,0,0,0,0,0,1,2,3,2,2,1,True,True,True,True,True,True,0,1,1,1,1,1
9127,Rosswein,51.065556,13.1825,1,1,1,1,1,1,0,0,0,0,0,0,1,1,1,1,1,2,True,True,True,True,True,True,1,1,1,1,1,1
9128,Sayda,50.711113,13.423056,1,1,1,1,2,2,0,0,0,0,0,1,1,2,3,2,2,2,True,True,True,True,True,True,1,1,1,1,1,1
9129,Bad Schandau,50.917221,14.154445,0,0,0,1,1,1,0,0,0,0,0,0,1,1,1,2,2,2,True,True,True,True,True,True,0,0,0,1,1,1
9130,Scheibenberg,50.541111,12.9125,0,0,0,0,1,1,0,0,0,0,0,0,1,1,1,1,1,1,True,True,True,True,True,True,0,0,0,0,1,1
9131,Schirgiswalde,51.077221,14.430833,0,0,1,1,1,1,0,0,0,0,0,0,1,1,1,2,2,2,True,True,True,True,True,True,0,0,1,1,1,1
9132,Schlettau,50.559166,12.951944,1,1,1,1,2,2,0,0,0,0,0,0,1,1,1,2,2,1,True,True,True,True,True,True,1,1,1,1,1,2
9133,Schneeberg,50.595001,12.640555,0,0,0,0,0,2,0,0,0,0,0,0,1,1,1,1,1,2,True,True,True,True,True,True,0,0,0,0,0,1
9134,Schoeneck,50.394722,12.331111,1,1,1,1,1,1,0,0,0,0,0,0,1,1,2,2,2,2,True,True,True,True,True,True,1,1,1,1,1,1
9135,Schwarzenberg i. Erzgeb.,50.537777,12.784722,1,2,2,2,2,2,0,0,0,0,0,0,1,1,1,2,2,1,True,True,True,True,True,True,1,2,2,1,1,2
9136,Sebnitz,50.972778,14.269167,1,1,1,1,1,1,0,0,0,0,0,0,1,2,3,2,2,2,True,True,True,True,True,True,1,1,1,1,1,1
9137,Siebenlehn,51.029167,13.306666,0,0,1,1,1,1,0,0,0,1,1,1,1,1,1,1,1,2,True,True,True,True,True,True,0,0,1,1,1,1
9138,Siegmar-Schoenau,50.812222,12.828333,0,1,1,1,1,1,0,0,0,0,0,0,1,1,1,2,1,1,True,True,True,True,True,True,0,1,1,1,1,1
9139,Stollberg,50.708057,12.779722,1,1,1,1,1,1,0,0,0,0,0,1,1,1,1,2,2,2,True,True,True,True,True,True,1,1,1,1,1,1
9140,Stolpen,51.048332,14.078889,1,1,1,2,2,2,0,0,0,0,0,1,1,1,1,1,1,1,True,True,True,True,True,True,1,1,1,2,2,2
9141,Strehla,51.352501,13.225555,1,1,1,1,1,1,0,0,0,0,0,0,1,1,2,2,1,2,True,True,True,True,True,True,1,1,1,1,1,1
9142,Taucha,51.381668,12.501667,3,3,3,3,3,3,0,0,0,0,0,0,1,1,1,1,1,2,True,True,True,True,True,True,2,2,2,2,2,1
9143,Thalheim i. Erzgeb.,50.700832,12.849722,0,0,0,0,1,1,0,0,0,0,0,0,1,1,1,2,2,2,True,True,True,True,True,True,0,0,0,0,1,1
9144,Tharandt,50.985832,13.580833,1,1,1,1,1,1,0,0,0,0,0,0,1,2,3,1,1,3,True,True,True,True,True,True,1,1,1,1,1,1
9145,Thum,50.670277,12.951111,0,0,1,1,1,1,0,0,0,0,1,1,1,1,1,1,1,2,True,True,True,True,True,True,0,0,1,1,1,1
9146,Trebsen,51.288887,12.754723,1,1,1,1,1,1,0,0,0,0,0,0,1,1,1,1,1,2,True,True,True,True,True,True,1,1,1,1,1,1
9147,Treuen i. V.,50.5425,12.307222,1,1,1,2,2,2,0,0,0,0,0,0,1,1,1,2,2,2,True,True,True,True,True,True,1,1,1,1,1,1
9148,Unterwiesenthal,50.444721,13.011666,0,1,1,1,1,1,0,0,0,0,0,0,1,1,1,1,1,2,True,True,True,True,True,True,0,1,1,1,1,1
9149,Waldenburg i. Sachsen,50.874443,12.602777,1,1,1,1,1,1,0,0,0,0,0,0,1,1,1,2,1,1,True,True,True,True,True,True,1,1,1,1,1,1
9150,Waldheim,51.072777,13.017777,1,1,1,1,1,1,0,0,0,0,0,0,1,1,1,1,1,2,True,True,True,True,True,True,1,1,1,1,1,1
9151,Wehlen,50.957222,14.033611,1,1,1,1,1,1,0,0,0,0,0,0,1,1,1,1,2,2,True,True,True,True,True,True,1,1,1,1,1,1
9152,Weissenberg,51.196667,14.659166,1,1,1,1,1,1,0,0,0,0,0,0,1,1,2,2,2,3,True,True,True,True,True,True,1,1,1,1,1,1
9153,Werdau,50.735832,12.378612,1,1,1,1,1,1,0,0,0,0,0,0,1,1,2,2,1,1,True,True,True,True,True,True,1,1,1,1,1,1
9154,Wildenfels,50.66861,12.608611,0,0,0,1,1,1,0,0,0,0,0,0,1,1,1,2,2,1,True,True,True,True,True,True,0,0,0,1,1,1
9155,Wilkau-Hasslau,50.673611,12.515278,1,1,1,1,1,1,0,0,0,0,0,0,1,1,2,2,2,1,True,True,True,True,True,True,1,1,1,1,1,1
9156,Wilsdruff,51.051945,13.537222,1,1,1,1,1,1,0,0,0,0,0,0,1,1,1,1,1,2,True,True,True,True,True,True,1,1,1,1,1,1
9157,Wolkenstein,50.656113,13.0675,0,0,1,1,1,1,0,0,0,0,1,1,1,1,1,1,1,2,True,True,True,True,True,True,0,0,1,1,1,1
9158,Wurzen,51.36972,12.735,1,3,3,3,3,3,0,0,0,0,1,1,1,1,1,1,1,1,True,True,True,True,True,True,1,2,2,2,2,2
9159,Zittau,50.896111,14.806111,1,1,2,2,2,2,0,0,0,0,3,3,1,2,3,2,2,2,True,True,True,True,True,True,1,1,1,1,1,1
9160,Zoeblitz,50.657501,13.233611,0,0,1,1,1,1,0,0,0,0,0,0,1,1,1,1,1,2,True,True,True,True,True,True,0,0,1,1,1,1
9161,Zschopau,50.747501,13.072222,0,1,1,1,1,2,0,0,0,0,1,1,1,1,1,1,1,2,True,True,True,True,True,True,0,1,1,1,1,1
9162,Zwenkau,51.217499,12.327222,1,2,2,2,2,2,0,0,0,0,0,0,1,1,1,1,1,1,True,True,True,True,True,True,1,2,2,2,2,2
9163,Zwickau,50.718887,12.492222,1,3,3,3,3,3,0,0,0,0,0,0,1,0,0,2,1,1,True,True,True,True,True,True,1,2,2,1,2,2
9164,Zwoenitz,50.630001,12.810833,0,0,0,0,1,1,0,0,0,0,0,1,1,1,1,1,1,1,True,True,True,True,True,True,0,0,0,0,1,1
10001,Allstedt,51.401669,11.384444,1,1,1,1,1,2,0,0,0,0,0,0,1,1,1,2,2,1,True,True,True,True,True,True,1,1,1,1,1,2
10002,Altenburg,50.986946,12.437222,1,3,2,2,2,2,0,0,0,0,2,2,1,0,2,1,1,1,True,True,True,True,True,True,1,2,1,2,2,2
10003,Apolda,51.025276,11.517222,1,1,2,2,2,2,0,0,0,0,0,0,1,1,2,1,1,1,True,True,True,True,True,True,1,1,1,2,2,2
10004,Arnstadt,50.833057,10.946389,1,2,2,2,2,2,0,0,0,0,0,0,1,1,2,1,1,1,True,True,True,True,True,True,1,2,1,2,2,2
10005,Auma,50.699722,11.900833,0,0,1,2,2,2,0,0,0,0,0,0,1,1,1,1,1,1,True,True,True,True,True,True,0,0,1,2,2,2
10006,Berga a. d. Elster,50.753056,12.164444,0,0,1,2,2,2,0,0,0,0,1,1,1,1,1,2,2,2,True,True,True,True,True,True,0,0,1,1,1,1
10007,Bad Berka,50.899445,11.283055,1,1,1,1,2,3,0,0,0,0,0,0,1,1,2,1,1,1,True,True,True,True,True,True,1,1,1,1,2,2
10008,Berla a. d. Werra,50.939167,10.068334,1,1,1,1,1,1,0,0,0,0,0,0,1,1,1,2,1,1,True,True,True,True,True,True,1,1,1,1,1,1
10009,Bad Blankenburg,50.684723,11.261389,1,1,2,2,3,3,0,0,0,0,0,0,1,1,1,1,1,1,True,True,True,True,True,True,1,1,2,2,2,2
10010,Blankenhain,50.859722,11.342222,0,1,1,1,2,2,0,0,0,0,0,0,1,1,1,1,1,1,True,True,True,True,True,True,0,1,1,1,2,2
10011,Buergel,50.942223,11.759167,1,1,2,2,2,2,0,0,0,0,0,0,1,1,1,1,1,1,True,True,True,True,True,True,1,1,2,2,2,2
10012,Buttelstedt,51.075554,11.344722,1,1,2,2,2,2,0,0,1,1,1,1,1,1,1,1,1,1,True,True,True,True,True,True,1,1,2,2,2,2
10013,Buttstaedt,51.121113,11.416389,1,1,1,2,2,2,0,0,0,0,1,1,1,1,1,1,1,1,True,True,True,True,True,True,1,1,1,2,2,2
10014,Camburg,51.053612,11.711389,1,1,1,1,2,2,1,1,1,1,1,1,1,1,1,1,1,2,True,True,True,True,True,True,1,1,1,1,2,1
10015,Clingen,51.233891,10.930555,0,0,1,2,2,2,0,0,0,0,0,0,1,1,1,2,1,1,True,True,True,True,True,True,0,0,1,1,2,2
10016,Creuzburg,51.051666,10.242222,2,2,2,2,2,2,0,0,0,0,0,0,1,1,1,1,1,1,True,True,True,True,True,True,2,2,2,2,2,2
10017,Dornburg,51.00639,11.665277,1,1,1,2,2,2,0,0,0,0,0,0,1,1,2,1,1,2,True,True,True,True,True,True,1,1,1,2,2,1
10018,Ebeleben,51.287224,10.739445,0,1,1,1,1,1,0,0,0,0,0,0,1,1,1,2,1,2,True,True,True,True,True,True,0,1,1,1,1,1
10019,Eisenach,50.977222,10.322222,2,2,2,2,2,2,0,0,0,0,0,1,1,1,1,1,1,1,True,True,True,True,True,True,2,2,2,2,2,2
10020,Eisenberg,50.967499,11.901111,2,2,2,2,2,2,0,0,0,0,0,0,1,1,1,1,1,1,True,True,True,True,True,True,2,2,2,2,2,2
10021,Eisfeld,50.427223,10.907222,1,1,2,2,2,2,0,0,0,0,0,0,1,1,2,1,1,1,True,True,True,True,True,True,1,1,1,2,2,2
10022,Bad Frankenhausen,51.354443,11.104722,1,3,3,3,3,3,0,0,0,0,0,0,1,1,2,1,1,1,True,True,True,True,True,True,1,2,1,2,2,2
10023,Friedrichsroda,50.860001,10.573889,1,1,1,1,1,1,0,0,0,0,0,0,1,1,1,1,1,1,True,True,True,True,True,True,1,1,1,1,1,1
10024,Gehren,50.648613,11.003333,0,1,1,1,1,1,0,0,0,0,0,0,1,1,1,1,2,2,True,True,True,True,True,True,0,1,1,1,1,1
10025,Geisa,50.716667,9.9497223,1,2,2,2,2,2,0,0,0,0,0,0,1,1,1,1,1,1,True,True,True,True,True,True,1,2,2,2,2,2
10026,Gera,50.87611,12.080277,2,2,2,2,2,3,0,0,0,0,0,0,1,1,2,2,1,2,True,True,True,True,True,True,2,2,1,1,2,1
10027,Goessnitz,50.888332,12.433611,0,1,1,1,1,1,0,0,0,0,0,0,1,1,1,1,1,1,True,True,True,True,True,True,0,1,1,1,1,1
10028,Gotha,50.948612,10.703333,3,3,3,3,3,3,0,0,0,0,0,0,1,1,1,2,2,1,True,True,True,True,True,True,2,2,2,1,1,2
10029,Graefenthal,50.525002,11.307777,0,0,2,2,3,3,0,0,0,0,0,0,1,1,1,2,1,1,True,True,True,True,True,True,0,0,2,1,2,2
10030,Greiz,50.654724,12.201389,1,2,2,2,2,2,0,0,0,0,0,0,1,1,2,2,1,1,True,True,True,True,True,True,1,2,1,1,2,2
10031,Greussen,51.228054,10.943889,1,1,1,2,2,3,0,0,0,0,0,0,1,1,1,2,1,1,True,True,True,True,True,True,1,1,1,1,2,2
10032,Grossbreitenbach,50.580833,11.004723,0,0,0,1,1,1,0,0,0,0,0,0,1,1,1,1,1,1,True,True,True,True,True,True,0,0,0,1,1,1
10033,Grossenehrich,51.25,10.829722,1,1,1,1,1,1,0,0,0,0,0,0,1,1,1,2,1,1,True,True,True,True,True,True,1,1,1,1,1,1
10034,Heldburg,50.279999,10.725278,1,1,1,3,3,3,0,0,0,0,0,0,1,1,2,1,1,1,True,True,True,True,True,True,1,1,1,2,2,2
10035,Hildburghausen,50.425556,10.728889,1,1,2,3,3,3,0,0,0,0,0,0,1,1,2,2,1,1,True,True,True,True,True,True,1,1,1,1,2,2
10036,Hirschberg (Saale),50.405834,11.818611,1,1,1,1,1,2,0,0,0,0,0,0,1,1,1,2,3,2,True,True,True,True,True,True,1,1,1,1,1,1
10037,Hohenleuben,50.711666,12.051111,0,1,1,1,1,1,0,0,0,0,0,0,1,1,1,1,1,1,True,True,True,True,True,True,0,1,1,1,1,1
10038,Ilmenau,50.685833,10.915556,0,1,2,2,3,3,0,0,0,0,0,0,1,1,2,1,1,1,True,True,True,True,True,True,0,1,1,2,2,2
10039,Jena,50.93,11.591666,2,2,3,3,3,3,0,1,1,1,1,2,1,1,2,1,1,1,True,True,True,True,True,True,2,2,1,2,2,3
10040,Kahla,50.800278,11.583333,1,1,2,2,2,3,0,0,0,0,0,0,1,1,1,1,1,1,True,True,True,True,True,True,1,1,2,2,2,2
10041,Kaltennordheim,50.626667,10.156111,1,1,1,1,1,1,0,0,0,0,0,0,1,1,1,1,1,1,True,True,True,True,True,True,1,1,1,1,1,1
10042,Koenigsee,50.662777,11.1025,1,1,1,2,3,3,0,0,0,1,1,1,1,1,1,2,2,2,True,True,True,True,True,True,1,1,1,1,1,1
10043,Bad Koestritz,50.93,12.010834,0,0,1,1,1,1,0,0,0,0,0,0,1,1,2,2,1,1,True,True,True,True,True,True,0,0,1,1,1,1
10044,Kranichfeld,50.854443,11.201667,1,1,1,1,1,1,0,0,0,0,0,0,1,1,1,1,1,1,True,True,True,True,True,True,1,1,1,1,1,1
10045,Langenberg (Gera),50.919724,12.0525,1,1,1,1,1,1,0,0,0,0,0,0,1,1,2,1,1,1,True,True,True,True,True,True,1,1,1,1,1,1
10046,Langewiesen,50.671391,10.97,1,1,1,1,1,1,0,0,0,0,0,0,1,1,1,1,2,1,True,True,True,True,True,True,1,1,1,1,1,1
10047,Lehesten,50.475555,11.448055,1,1,1,1,1,1,0,0,0,0,0,0,1,1,1,1,1,1,True,True,True,True,True,True,1,1,1,1,1,1
10048,Leutenberg,50.562778,11.456944,1,1,2,2,2,3,0,0,0,0,0,0,1,1,2,2,1,1,True,True,True,True,True,True,1,1,1,1,2,2
10049,Lobeda,50.882221,11.623333,1,2,2,2,2,2,0,0,0,0,0,0,1,1,2,2,1,1,True,True,True,True,True,True,1,2,1,1,2,2
10050,Lobenstein,50.447777,11.64,1,1,1,2,2,3,0,0,0,0,0,0,1,1,1,1,1,1,True,True,True,True,True,True,1,1,1,2,2,2
10051,Lucka,51.097778,12.331111,0,0,2,2,2,2,0,0,1,1,1,1,1,1,2,2,1,1,True,True,True,True,True,True,0,0,1,1,2,2
10052,Magdala,50.906666,11.447778,1,2,2,2,2,2,0,0,0,0,0,0,1,1,1,2,1,1,True,True,True,True,True,True,1,2,2,1,2,2
10053,Meiningen,50.57111,10.419444,2,2,2,2,2,2,0,0,0,0,0,0,1,1,1,1,1,1,True,True,True,True,True,True,2,2,2,2,2,2
10054,Meuselwitz,51.042221,12.297778,1,1,1,1,1,1,0,0,0,0,0,0,1,1,1,1,1,1,True,True,True,True,True,True,1,1,1,1,1,1
10055,Muenchenbernsdorf,50.82,11.931945,1,1,1,1,1,1,0,0,0,0,0,0,1,1,1,1,2,1,True,True,True,True,True,True,1,1,1,1,1,1
10056,Neuhaus am Rennweg,50.508335,11.134444,0,0,0,0,0,0,0,0,0,0,0,0,1,1,2,1,1,1,True,True,True,True,True,True,0,0,0,0,0,0
10057,Neumark,51.078888,11.245,1,1,2,2,2,2,0,0,0,0,0,0,1,1,2,2,1,1,True,True,True,True,True,True,1,1,1,1,2,2
10058,Neustadt an der Orla,50.735554,11.7425,0,2,3,3,3,3,0,0,0,0,0,0,1,1,1,1,1,1,True,True,True,True,True,True,0,2,2,2,2,2
10059,Oberlind,50.341389,11.181945,1,1,1,1,1,1,0,0,0,0,0,0,1,1,1,2,1,1,True,True,True,True,True,True,1,1,1,1,1,1
10060,Oberweissbach,50.582779,11.144167,0,0,0,0,0,1,0,0,0,0,0,0,1,1,1,1,1,1,True,True,True,True,True,True,0,0,0,0,0,1
10061,Ohrdruf,50.827778,10.733055,1,1,1,2,2,2,0,0,0,1,1,1,1,1,2,1,1,1,True,True,True,True,True,True,1,1,1,2,2,2
10062,Orlamuende,50.774166,11.52,1,1,2,2,2,3,0,0,0,0,0,0,1,1,2,1,1,1,True,True,True,True,True,True,1,1,1,2,2,2
10064,Plaue,50.778889,10.898056,1,1,1,1,1,2,0,0,1,1,1,1,1,1,2,1,2,1,True,True,True,True,True,True,1,1,1,1,1,2
10065,Poessneck,50.693333,11.593056,0,0,1,3,3,3,0,0,0,0,0,0,1,1,2,1,1,1,True,True,True,True,True,True,0,0,1,2,2,2
10066,Rastenberg,51.175556,11.419723,0,1,1,2,2,2,0,0,0,0,0,0,1,1,1,1,1,1,True,True,True,True,True,True,0,1,1,2,2,2
10067,Remda,50.759167,11.228333,1,2,2,3,3,3,0,0,0,0,0,0,1,1,1,2,1,1,True,True,True,True,True,True,1,2,2,1,2,2
10068,Roemhild,50.398335,10.540277,1,1,2,2,2,2,0,0,0,0,0,1,1,1,1,2,1,1,True,True,True,True,True,True,1,1,2,1,2,2
10069,Ronneburg,50.863335,12.184722,1,1,2,2,2,3,0,0,0,0,0,0,1,1,2,2,1,1,True,True,True,True,True,True,1,1,1,1,2,2
10070,Rudolstadt,50.721111,11.343611,1,1,3,3,3,3,0,0,0,0,1,1,1,1,2,2,2,1,True,True,True,True,True,True,1,1,1,1,1,2
10071,Ruhla,50.892502,10.365556,0,0,0,1,1,1,0,0,0,0,0,0,1,1,1,1,1,1,True,True,True,True,True,True,0,0,0,1,1,1
10072,Saalburg,50.502499,11.733611,1,1,1,2,2,3,0,0,0,0,0,0,1,1,2,1,1,1,True,True,True,True,True,True,1,1,1,2,2,2
10073,Saalfeld/Saale,50.648056,11.360833,1,1,2,2,2,2,0,0,1,1,1,1,1,1,1,2,1,1,True,True,True,True,True,True,1,1,2,1,2,2
10074,Bad Salzungen,50.811668,10.231944,1,3,3,3,3,3,0,0,0,0,0,0,1,1,2,2,1,1,True,True,True,True,True,True,1,2,1,1,2,2
10075,Schalkau,50.393612,11.005,1,1,1,2,2,3,0,0,0,0,0,0,1,1,2,2,1,1,True,True,True,True,True,True,1,1,1,1,2,2
10076,Schleiz,50.577221,11.807222,1,2,2,3,3,3,0,0,0,0,0,0,1,1,2,1,1,1,True,True,True,True,True,True,1,2,1,2,2,2
10077,Schlotheim,51.246113,10.658334,1,2,2,2,2,2,0,0,0,0,0,0,1,1,2,2,1,1,True,True,True,True,True,True,1,2,1,1,2,2
10078,Schmoelln,50.892776,12.350278,1,1,2,2,2,2,0,0,0,0,0,0,1,1,1,1,2,1,True,True,True,True,True,True,1,1,2,2,1,2
10079,Sondershausen,51.370277,10.869722,1,1,1,1,2,2,0,0,0,0,0,0,1,1,1,2,1,1,True,True,True,True,True,True,1,1,1,1,2,2
10080,Sonneberg,50.357498,11.175555,0,1,2,2,2,2,0,0,0,0,0,0,1,1,2,1,1,1,True,True,True,True,True,True,0,1,1,2,2,2
10081,Stadtilm,50.775002,11.081388,1,2,2,2,2,2,0,0,0,0,0,0,1,1,2,2,2,1,True,True,True,True,True,True,1,2,1,1,1,2
10082,Stadtlengsfeld,50.782223,10.130834,1,1,1,2,2,2,0,0,0,1,1,1,1,1,1,1,1,1,True,True,True,True,True,True,1,1,1,2,2,2
10083,Stadtroda,50.857777,11.7275,1,1,2,2,2,2,0,0,0,0,0,0,1,1,2,2,1,1,True,True,True,True,True,True,1,1,1,1,2,2
10084,Steinach,50.43222,11.158055,0,0,0,0,0,0,0,0,0,0,0,0,1,1,1,1,1,1,True,True,True,True,True,True,0,0,0,0,0,0
10085,Bad Sulza,51.086945,11.623611,1,1,1,1,1,1,0,0,0,0,0,0,1,1,1,1,2,2,True,True,True,True,True,True,1,1,1,1,1,1
10086,Tambach-Dietharz,50.791943,10.608055,1,1,1,1,1,1,0,0,0,0,0,0,1,1,1,1,1,1,True,True,True,True,True,True,1,1,1,1,1,1
10087,Tanna,50.493332,11.856389,1,1,1,1,1,2,0,0,0,0,0,0,1,1,2,1,1,1,True,True,True,True,True,True,1,1,1,1,1,2
10088,Tannroda,50.858612,11.2475,1,1,1,1,2,2,0,0,0,0,0,0,1,1,1,2,1,1,True,True,True,True,True,True,1,1,1,1,2,2
10089,Teichel,50.786667,11.311944,1,1,1,1,2,2,0,0,0,0,0,0,1,1,2,1,1,1,True,True,True,True,True,True,1,1,1,1,2,2
10090,Themar,50.504444,10.617222,1,1,2,2,2,2,0,0,0,0,0,0,1,1,1,2,1,1,True,True,True,True,True,True,1,1,2,1,2,2
10091,Triebes,50.684166,12.019722,1,1,1,1,1,1,0,0,0,0,0,0,1,1,1,1,1,1,True,True,True,True,True,True,1,1,1,1,1,1
10092,Triptis,50.734722,11.865,0,2,2,2,2,2,0,0,0,0,0,0,1,1,1,1,1,1,True,True,True,True,True,True,0,2,2,2,2,2
10093,Ummerstadt,50.259167,10.811111,1,1,1,1,1,1,0,0,0,1,1,1,1,1,2,2,1,1,True,True,True,True,True,True,1,1,1,1,1,1
10094,Vacha,50.823055,10.023889,2,2,2,2,3,3,0,0,0,0,0,0,1,1,1,1,1,1,True,True,True,True,True,True,2,2,2,2,2,2
10095,Waltershausen,50.897778,10.555833,1,1,1,2,2,2,0,0,0,0,1,1,1,1,1,1,1,1,True,True,True,True,True,True,1,1,1,2,2,2
10096,Wasungen,50.663334,10.368611,1,1,2,2,2,2,0,0,0,0,0,0,1,1,1,1,1,1,True,True,True,True,True,True,1,1,2,2,2,2
10097,Weida,50.773335,12.061389,1,1,1,2,2,2,0,0,0,0,0,0,1,1,1,1,2,1,True,True,True,True,True,True,1,1,1,2,1,2
10098,Weimar,50.980556,11.329722,1,2,3,3,3,3,0,0,0,0,0,1,1,1,2,1,1,1,True,True,True,True,True,True,1,2,1,2,2,2
10099,Wurzbach,50.463612,11.536667,1,1,1,1,1,1,0,0,0,0,0,0,1,1,2,1,1,1,True,True,True,True,True,True,1,1,1,1,1,1
10100,Zella-Mehlis,50.66,10.652778,1,1,1,1,1,1,0,0,0,0,0,0,1,1,1,1,1,1,True,True,True,True,True,True,1,1,1,1,1,1
10101,Zeulenroda,50.649166,11.979445,1,1,1,1,2,3,0,0,0,0,0,0,1,1,1,1,1,2,True,True,True,True,True,True,1,1,1,1,2,1
11001,Aken,51.852501,12.043889,1,1,1,1,1,2,0,3,3,3,3,1,1,1,1,2,1,1,True,True,True,True,True,True,1,1,1,1,1,2
11002,Alsleben,51.700279,11.677222,1,1,1,1,1,1,0,0,0,0,0,0,1,1,1,1,1,1,True,True,True,True,True,True,1,1,1,1,1,1
11003,Ammendorf,51.423611,11.993055,1,1,1,1,1,1,0,0,0,0,0,0,1,1,1,1,1,1,True,True,True,True,True,True,1,1,1,1,1,1
11004,Annaburg,51.73111,13.046667,1,1,1,1,1,1,0,0,0,0,0,0,1,1,1,1,2,1,True,True,True,True,True,True,1,1,1,1,1,1
11005,Arendsee,52.881668,11.488889,1,1,1,1,1,1,0,0,0,0,0,0,1,1,2,1,3,2,True,True,True,True,True,True,1,1,1,1,1,1
11006,Arneburg,52.675278,12.002222,1,1,1,1,1,1,0,0,0,0,0,0,1,1,2,1,3,2,True,True,True,True,True,True,1,1,1,1,1,1
11007,Artern,51.366112,11.292778,1,1,2,2,2,2,0,0,0,0,0,1,1,1,2,1,1,1,True,True,True,True,True,True,1,1,1,2,2,2
11008,Aschersleben,51.755833,11.455,1,2,2,2,2,2,0,2,2,2,2,2,1,1,2,1,1,1,True,True,True,True,True,True,1,2,1,2,2,2
11009,Ballenstedt,51.720276,11.2375,1,1,1,1,1,1,0,0,0,0,0,0,1,1,1,1,1,2,True,True,True,True,True,True,1,1,1,1,1,1
11010,Barby,51.952499,11.869166,3,3,3,3,3,3,0,0,0,0,0,0,1,1,1,2,2,2,True,True,True,True,True,True,2,2,2,1,1,1
11011,Belgern,51.483055,13.124166,1,1,1,1,1,1,0,0,0,0,0,0,1,1,1,1,1,1,True,True,True,True,True,True,1,1,1,1,1,1
11012,Benneckenstein,51.667221,10.716945,0,0,1,1,1,1,0,0,0,0,0,0,1,1,2,2,2,1,True,True,True,True,True,True,0,0,1,1,1,1
11013,Bernburg,51.794167,11.736944,1,3,3,3,3,3,0,0,0,0,0,0,1,1,1,1,1,2,True,True,True,True,True,True,1,2,2,2,2,1
11014,Bad Bibra,51.208057,11.585278,1,1,1,1,1,1,0,0,0,0,0,0,1,1,1,1,1,2,True,True,True,True,True,True,1,1,1,1,1,1
11015,Bismark,52.661667,11.556111,1,1,1,2,2,2,0,0,0,0,0,1,1,1,2,1,3,2,True,True,True,True,True,True,1,1,1,2,1,1
11016,Bitterfeld,51.625,12.324722,1,1,1,2,2,2,0,0,0,0,0,0,1,1,1,1,2,1,True,True,True,True,True,True,1,1,1,2,1,2
11017,Bleicherode,51.440277,10.574445,1,2,2,2,2,2,0,0,0,0,0,0,1,1,1,1,2,2,True,True,True,True,True,True,1,2,2,2,1,1
11018,Brehna,51.55722,12.211667,1,1,1,1,1,2,0,0,0,0,0,0,1,1,1,1,2,1,True,True,True,True,True,True,1,1,1,1,1,2
11019,Buckau,52.110554,11.632778,1,1,1,1,1,1,0,0,0,0,0,0,1,1,1,1,1,1,True,True,True,True,True,True,1,1,1,1,1,1
11020,Burg b. M.,52.269722,11.854722,3,3,3,3,3,3,0,0,0,0,0,0,1,1,1,1,1,1,True,True,True,True,True,True,2,2,2,2,2,2
11021,Calbe a. d. Milde,52.655834,11.388889,1,1,1,1,1,1,0,0,0,0,0,0,1,1,2,1,1,1,True,True,True,True,True,True,1,1,1,1,1,1
11022,Calbe a. d. Saale,51.902779,11.774722,3,3,3,3,3,3,1,1,1,1,1,1,1,1,1,1,1,1,True,True,True,True,True,True,2,2,2,2,2,2
11023,Cochstedt,51.880833,11.406944,1,1,1,1,1,1,0,0,0,0,0,0,1,1,2,1,1,1,True,True,True,True,True,True,1,1,1,1,1,1
11024,Coswig (Anahlt),51.885555,12.4575,1,1,2,2,2,2,0,0,0,0,0,0,1,1,1,2,1,1,True,True,True,True,True,True,1,1,2,1,2,2
11025,Dardesheim,51.976112,10.838056,1,1,1,1,1,1,0,0,0,0,0,0,1,1,1,1,1,1,True,True,True,True,True,True,1,1,1,1,1,1
11026,Delitzsch,51.522778,12.3325,2,2,2,3,3,3,0,0,0,0,0,0,1,1,1,1,1,2,True,True,True,True,True,True,2,2,2,2,2,1
11027,Derenburg,51.870834,10.908334,1,1,1,1,2,2,0,0,0,0,0,0,1,1,1,1,1,1,True,True,True,True,True,True,1,1,1,1,2,2
11028,Dessau,51.830833,12.241667,1,1,1,1,1,1,0,0,0,0,0,0,1,1,1,2,1,1,True,True,True,True,True,True,1,1,1,1,1,1
11029,Dingelstaedt,51.314999,10.314722,1,1,1,1,1,1,0,0,0,0,0,0,1,1,1,1,1,1,True,True,True,True,True,True,1,1,1,1,1,1
11030,Dommitzsch,51.639721,12.883333,1,1,1,1,1,1,0,0,0,0,0,0,1,1,1,1,2,1,True,True,True,True,True,True,1,1,1,1,1,1
11031,Dueben,51.59111,12.584723,1,1,1,1,1,1,0,0,0,0,0,0,1,1,1,1,1,1,True,True,True,True,True,True,1,1,1,1,1,1
11032,Eckartsberga,51.122501,11.561111,1,2,2,3,3,3,0,0,0,0,1,1,1,1,1,1,1,2,True,True,True,True,True,True,1,2,2,2,2,1
11033,Egeln,51.941387,11.425278,2,2,2,2,2,2,0,0,0,0,0,0,1,1,1,1,2,1,True,True,True,True,True,True,2,2,2,2,1,2
11034,Eilenburg,51.459999,12.633333,2,2,2,2,2,2,0,0,0,0,0,0,1,1,3,3,2,1,True,True,True,True,True,True,2,2,1,1,1,2
11035,Eisleben,51.528332,11.547778,1,1,1,1,1,1,0,0,0,0,0,0,1,1,1,1,1,1,True,True,True,True,True,True,1,1,1,1,1,1
11036,Elbingerode,51.769444,10.803056,0,0,0,0,0,0,0,0,0,0,0,0,1,1,1,1,2,1,True,True,True,True,True,True,0,0,0,0,0,0
11037,Ellrich,51.587502,10.665556,1,1,1,1,1,1,0,0,0,0,0,0,1,1,1,1,1,2,True,True,True,True,True,True,1,1,1,1,1,1
11038,Elsterwerda,51.460556,13.52,1,1,1,1,1,1,0,0,0,0,0,0,1,1,1,3,2,2,True,True,True,True,True,True,1,1,1,1,1,1
11039,Erfurt,50.976944,11.027223,2,2,2,2,2,2,0,3,3,3,3,3,2,2,2,2,2,2,True,True,True,True,True,True,1,1,1,1,1,1
11040,Ermsleben,51.731945,11.343889,1,1,1,1,1,1,0,0,0,0,0,0,1,1,2,1,1,1,True,True,True,True,True,True,1,1,1,1,1,1
11041,Freyburg,51.212502,11.768888,1,1,1,1,2,2,0,0,0,0,0,0,1,1,2,1,1,2,True,True,True,True,True,True,1,1,1,1,2,1
11042,Gardelegen,52.526943,11.393056,1,3,3,3,3,3,0,2,2,2,2,3,1,1,3,3,2,2,True,True,True,True,True,True,1,3,1,1,1,1
11043,Gebesee,51.115276,10.930278,1,1,1,1,1,1,0,0,0,1,1,1,1,1,1,1,2,2,True,True,True,True,True,True,1,1,1,1,1,1
11044,Gefell,50.438057,11.858334,1,1,1,1,1,2,0,0,0,0,0,0,1,1,1,1,1,2,True,True,True,True,True,True,1,1,1,1,1,1
11045,Genthin,52.405834,12.154166,1,1,1,1,1,1,0,0,0,0,0,0,1,1,3,2,3,1,True,True,True,True,True,True,1,1,1,1,1,1
11046,Gerbstedt,51.63139,11.627778,2,2,2,2,2,2,0,0,0,0,2,2,1,1,1,1,1,1,True,True,True,True,True,True,2,2,2,2,2,2
11047,Gernrode,51.724998,11.143333,1,1,1,1,1,1,0,0,0,0,0,0,1,1,1,1,1,1,True,True,True,True,True,True,1,1,1,1,1,1
11048,Goerzke,52.171944,12.374166,1,1,1,1,1,1,0,0,0,0,0,0,1,1,3,3,2,1,True,True,True,True,True,True,1,1,1,1,1,1
11049,Gommern,52.073055,11.825277,1,1,1,1,1,1,0,0,0,0,0,0,1,1,1,1,2,1,True,True,True,True,True,True,1,1,1,1,1,1
11050,Graefenhainichen,51.729168,12.455556,0,2,2,2,2,2,0,0,0,0,0,0,1,1,1,1,1,1,True,True,True,True,True,True,0,2,2,2,2,2
11051,Groebzig,51.682499,11.874722,1,1,1,2,2,3,0,0,0,0,0,0,1,1,1,2,1,1,True,True,True,True,True,True,1,1,1,1,2,2
11052,Groeningen,51.936943,11.218611,1,1,1,2,2,2,0,0,0,0,0,0,1,1,1,1,1,1,True,True,True,True,True,True,1,1,1,2,2,2
11053,Grossalsleben,51.980556,11.226111,1,1,1,1,1,1,0,0,0,0,0,0,1,1,1,1,1,1,True,True,True,True,True,True,1,1,1,1,1,1
11054,Gross Apenburg,52.708332,11.203333,1,1,1,1,1,1,0,0,0,0,1,1,1,1,3,3,2,2,True,True,True,True,True,True,1,1,1,1,1,1
11055,Guentersberge,51.644722,10.981112,1,1,1,1,1,1,0,0,0,0,0,0,1,1,2,1,1,2,True,True,True,True,True,True,1,1,1,1,1,1
11056,Guesten,51.794445,11.605278,1,1,1,2,2,2,0,0,0,0,0,0,1,1,1,2,2,2,True,True,True,True,True,True,1,1,1,1,1,1
11057,Hadmersleben,51.991943,11.301389,1,1,1,2,2,2,0,0,0,0,0,0,1,1,1,2,1,1,True,True,True,True,True,True,1,1,1,1,2,2
11058,Halberstadt,51.896111,11.047222,3,3,3,3,3,3,1,2,2,2,2,2,1,1,1,1,1,1,True,True,True,True,True,True,2,3,3,3,3,3
11059,Haldensleben,52.291111,11.410833,3,3,3,3,3,3,0,0,0,0,0,0,1,1,1,1,1,1,True,True,True,True,True,True,2,2,2,2,2,2
11060,Halle a. d. S.,51.482224,11.970555,2,2,3,3,3,3,0,2,2,2,3,3,1,1,1,1,1,1,True,True,True,True,True,True,2,2,3,3,3,3
11061,Harzgerode,51.640556,11.139167,1,1,2,2,2,2,0,0,0,0,0,1,1,1,2,1,1,2,True,True,True,True,True,True,1,1,1,2,2,1
11062,Hecklingen,51.847221,11.533334,1,1,1,1,1,1,0,0,0,0,0,0,1,1,1,1,1,2,True,True,True,True,True,True,1,1,1,1,1,1
11063,Heiligenstadt,51.378334,10.137777,2,2,2,2,2,2,0,0,0,0,0,1,1,1,1,1,1,1,True,True,True,True,True,True,2,2,2,2,2,2
11064,Heldrungen,51.299446,11.215278,1,1,1,1,1,1,0,0,0,0,0,0,1,1,1,1,2,2,True,True,True,True,True,True,1,1,1,1,1,1
11065,Heringen,51.446945,10.875556,1,1,2,2,2,2,0,1,1,1,1,1,1,1,1,1,2,1,True,True,True,True,True,True,1,1,2,2,1,2
11066,Herzberg (Elster),51.692223,13.235278,1,1,1,1,1,1,0,0,0,0,0,1,1,1,1,1,2,1,True,True,True,True,True,True,1,1,1,1,1,1
11067,Hettstedt,51.644722,11.514444,1,1,1,1,2,2,0,0,0,0,0,1,1,1,2,2,3,1,True,True,True,True,True,True,1,1,1,1,1,2
11068,Hohenmoelsen,51.156113,12.099722,2,2,2,2,2,2,0,0,0,0,0,0,1,1,1,1,1,2,True,True,True,True,True,True,2,2,2,2,2,1
11069,Hornburg (Mansfelder Land),51.452499,11.591111,1,1,1,1,1,1,0,0,0,0,0,0,1,1,1,1,1,1,True,True,True,True,True,True,1,1,1,1,1,1
11070,Hoym,51.784721,11.3125,1,1,1,1,1,1,0,0,0,0,0,0,1,1,1,2,2,2,True,True,True,True,True,True,1,1,1,1,1,1
11071,Jerichow,52.498333,12.024722,1,3,3,3,3,3,0,0,0,0,0,0,1,1,3,2,2,1,True,True,True,True,True,True,1,2,1,1,1,2
11072,Jessen,51.790001,12.954722,1,1,1,3,3,3,0,0,0,0,0,1,1,1,2,1,2,1,True,True,True,True,True,True,1,1,1,2,1,2
11073,Jessnitz,51.684166,12.301111,0,1,1,1,1,1,0,0,0,0,0,0,1,1,1,2,1,1,True,True,True,True,True,True,0,1,1,1,1,1
11074,Kelbra,51.435555,11.041389,1,2,2,2,2,2,0,0,0,0,0,0,1,1,1,1,1,2,True,True,True,True,True,True,1,2,2,2,2,1
11075,Kemberg,51.772221,12.633611,1,1,3,3,3,3,0,0,0,0,0,0,1,1,1,1,2,1,True,True,True,True,True,True,1,1,2,2,1,2
11076,Kindelbrueck,51.259445,11.089444,1,2,2,3,3,3,0,0,0,1,1,1,1,1,1,1,1,2,True,True,True,True,True,True,1,2,2,2,2,1
11077,Kloetze,52.62611,11.161389,0,0,1,1,1,1,0,0,0,0,0,0,1,1,1,2,2,1,True,True,True,True,True,True,0,0,1,1,1,1
11078,Koelleda,51.18861,11.2475,1,1,1,2,2,3,0,0,0,0,0,0,1,1,1,1,2,2,True,True,True,True,True,True,1,1,1,2,1,1
11079,Koennern,51.669998,11.7675,1,1,1,1,1,1,0,0,0,0,0,0,1,1,1,1,1,1,True,True,True,True,True,True,1,1,1,1,1,1
11080,Bad Koesen,51.13361,11.719444,1,1,1,1,1,1,0,0,0,0,0,0,1,1,1,2,2,2,True,True,True,True,True,True,1,1,1,1,1,1
11081,Koethen,51.75111,11.973333,1,1,1,1,1,2,0,0,0,0,0,0,1,1,1,1,1,1,True,True,True,True,True,True,1,1,1,1,1,2
11082,Kroppenstedt,51.941944,11.308611,2,3,3,3,3,3,0,1,1,1,1,1,1,1,1,1,1,1,True,True,True,True,True,True,2,2,2,2,2,2
11083,Landsberg bei Halle,51.525276,12.158611,1,1,1,1,1,1,0,0,0,0,0,0,1,1,2,1,1,2,True,True,True,True,True,True,1,1,1,1,1,1
11084,Langensalza,51.106667,10.649445,2,2,3,3,3,3,0,0,0,0,1,1,1,1,2,2,1,2,True,True,True,True,True,True,2,2,1,1,2,1
11085,Laucha,51.22361,11.676111,1,1,1,2,3,3,0,0,0,0,1,1,1,1,2,1,1,2,True,True,True,True,True,True,1,1,1,2,2,1
11086,Bad Lauchstaedt,51.386944,11.866944,1,1,1,1,2,2,0,0,0,0,0,0,1,1,3,1,2,1,True,True,True,True,True,True,1,1,1,1,1,2
11087,Leimbach,51.604443,11.463889,1,1,1,1,1,1,0,0,0,0,0,0,1,1,1,1,2,1,True,True,True,True,True,True,1,1,1,1,1,1
11088,Leopoldshall,51.848888,11.598889,0,0,0,0,0,0,0,0,0,0,0,0,1,1,1,1,1,2,True,True,True,True,True,True,0,0,0,0,0,0
11089,Bad Liebenwerda,51.515835,13.393888,1,1,1,1,1,1,0,0,0,0,0,0,1,1,3,3,1,2,True,True,True,True,True,True,1,1,1,1,1,1
11090,Lindau,52.035831,12.101944,1,1,1,1,1,1,0,0,0,0,0,0,1,1,2,2,2,2,True,True,True,True,True,True,1,1,1,1,1,1
11091,Loburg,52.115833,12.079166,1,1,1,1,1,1,0,0,0,0,0,0,1,1,1,1,1,1,True,True,True,True,True,True,1,1,1,1,1,1
11092,Loebejuen,51.637222,11.901667,1,2,2,2,2,2,0,0,0,0,0,0,1,1,1,1,1,1,True,True,True,True,True,True,1,2,2,2,2,2
11093,Luetzen,51.255833,12.141111,0,1,1,1,1,2,0,0,0,0,0,0,1,1,1,1,1,1,True,True,True,True,True,True,0,1,1,1,1,2
11094,Magdeburg,52.12611,11.6325,3,3,3,3,3,3,2,3,3,3,3,3,1,1,1,1,1,1,True,True,True,True,True,True,3,3,3,3,3,3
11095,Mansfeld,51.593334,11.452778,1,2,2,2,2,2,0,0,0,0,0,0,1,1,1,1,2,1,True,True,True,True,True,True,1,2,2,2,1,2
11096,Merseburg,51.358055,11.992778,1,1,1,1,2,2,1,2,2,2,2,2,1,1,1,1,1,1,True,True,True,True,True,True,1,1,1,1,2,2
11097,Moeckern,52.139721,11.9525,1,1,1,1,1,1,0,0,0,0,0,0,1,1,1,2,2,2,True,True,True,True,True,True,1,1,1,1,1,1
11098,Muecheln,51.301945,11.804167,1,1,2,2,2,2,0,0,0,0,0,0,1,1,2,1,1,2,True,True,True,True,True,True,1,1,1,2,2,1
11099,Muehlberg,51.433613,13.216389,1,1,1,1,1,1,0,2,2,2,2,2,1,1,1,2,1,2,True,True,True,True,True,True,1,1,1,1,1,1
11100,Muehlhausen i. Thuer.,51.209721,10.458333,2,3,3,3,3,3,0,2,3,3,3,3,1,1,0,0,0,0,True,True,True,True,True,True,2,3,3,3,3,3
11101,Naumburg (Saale),51.151943,11.809722,1,3,3,3,3,3,0,2,3,3,3,3,1,1,1,1,1,1,True,True,True,True,True,True,1,3,3,3,3,3
11102,Nebra,51.288887,11.5775,1,2,2,2,2,2,0,0,0,0,0,0,1,1,2,1,1,2,True,True,True,True,True,True,1,2,1,2,2,1
11103,Nienburg (Saale),51.836388,11.766111,1,1,1,1,1,1,1,1,1,1,1,1,1,1,1,1,1,1,True,True,True,True,True,True,1,1,1,1,1,1
11104,Nordhausen,51.500278,10.791389,3,3,3,3,3,3,1,2,2,2,2,2,0,0,0,0,0,0,True,True,True,True,True,True,2,3,3,3,3,3
11105,Oebisfelde,52.435001,10.987223,1,1,1,1,2,3,0,0,0,0,0,0,1,1,1,1,1,1,True,True,True,True,True,True,1,1,1,1,2,2
11106,Oranienbaum (Anhalt),51.797779,12.404722,1,1,1,1,1,1,0,0,0,0,0,0,1,1,1,2,1,1,True,True,True,True,True,True,1,1,1,1,1,1
11107,Ortrand,51.375557,13.756945,2,2,2,2,2,2,0,0,0,0,0,0,1,1,1,2,2,2,True,True,True,True,True,True,2,2,2,1,1,1
11108,Oschersleben,52.02639,11.226944,2,2,2,2,2,2,0,0,0,0,1,1,1,1,1,1,1,1,True,True,True,True,True,True,2,2,2,2,2,2
11109,Osterburg,52.787777,11.753612,1,1,1,1,1,1,0,2,2,2,2,2,1,1,2,1,3,2,True,True,True,True,True,True,1,1,1,1,1,1
11110,Osterfeld,51.080555,11.932222,0,1,1,1,1,1,0,0,0,0,0,0,1,1,1,1,1,1,True,True,True,True,True,True,0,1,1,1,1,1
11111,Osterwieck,51.9725,10.706667,1,2,2,3,3,3,0,0,0,0,0,0,1,1,1,1,1,1,True,True,True,True,True,True,1,2,2,2,2,2
11112,Prettin,51.661667,12.923333,1,1,1,1,1,1,0,0,0,0,0,0,1,1,1,1,2,1,True,True,True,True,True,True,1,1,1,1,1,1
11113,Pretzsch,51.715,12.807222,1,1,1,1,1,1,0,0,0,0,0,0,1,1,2,1,2,1,True,True,True,True,True,True,1,1,1,1,1,1
11114,Quedlinburg,51.789165,11.143888,1,3,3,3,3,3,1,2,2,2,2,2,1,1,1,1,1,1,True,True,True,True,True,True,1,3,3,3,3,3
11115,Querfurt,51.38028,11.601111,1,2,2,2,2,2,0,0,0,0,0,0,1,1,1,1,1,1,True,True,True,True,True,True,1,2,2,2,2,2
11116,Radegast,51.655277,12.0925,1,1,1,1,1,1,0,0,0,0,0,0,1,1,1,2,1,1,True,True,True,True,True,True,1,1,1,1,1,1
11117,Raguhn,51.708057,12.268611,0,2,2,2,2,2,0,0,0,0,0,0,1,1,1,2,1,1,True,True,True,True,True,True,0,2,2,1,2,2
11118,Ranis,50.660831,11.565556,2,2,2,2,2,2,0,0,0,0,0,0,1,1,1,2,1,1,True,True,True,True,True,True,2,2,2,1,2,2
11119,Rosslau,51.889721,12.243055,1,1,1,1,1,1,0,0,0,0,0,0,1,1,1,2,2,1,True,True,True,True,True,True,1,1,1,1,1,1
11120,Bad Sachsa,51.594444,10.551945,1,1,1,1,1,2,0,0,0,0,0,0,1,1,1,1,1,1,True,True,True,True,True,True,1,1,1,1,1,2
11121,Salzwedel,52.852779,11.153334,2,2,2,2,2,2,0,2,2,2,2,2,1,1,3,3,2,2,True,True,True,True,True,True,2,2,1,1,1,1
11122,Sandau,52.789722,12.046111,1,1,1,1,1,2,0,0,0,0,0,0,1,1,2,1,1,1,True,True,True,True,True,True,1,1,1,1,1,2
11123,Sandersleben,51.676388,11.5675,1,1,2,2,2,2,0,0,0,0,0,0,1,1,1,2,2,2,True,True,True,True,True,True,1,1,2,1,1,1
11124,Sangerhausen,51.47361,11.298333,1,2,2,2,3,3,0,0,0,0,0,0,1,1,1,1,1,1,True,True,True,True,True,True,1,2,2,2,2,2
11125,Schafstaedt,51.383057,11.774167,1,1,1,1,1,1,0,0,0,0,0,0,1,1,1,1,1,2,True,True,True,True,True,True,1,1,1,1,1,1
11126,Schildau,51.45639,12.927222,1,1,1,2,2,2,0,0,0,0,0,0,1,1,1,1,1,1,True,True,True,True,True,True,1,1,1,2,2,2
11127,Schkeuditz,51.396111,12.221666,1,1,1,1,2,2,0,0,0,0,0,0,1,1,1,1,1,1,True,True,True,True,True,True,1,1,1,1,2,2
11128,Schkoelen,51.041943,11.821667,0,0,0,1,1,1,0,0,0,0,0,0,1,1,1,1,1,2,True,True,True,True,True,True,0,0,0,1,1,1
11129,Schleusingen,50.508888,10.749166,1,1,1,1,2,2,0,0,0,0,0,0,1,1,1,1,1,1,True,True,True,True,True,True,1,1,1,1,2,2
11130,Schlieben,51.722221,13.384722,1,1,1,1,1,1,0,0,0,0,0,0,1,1,1,1,2,1,True,True,True,True,True,True,1,1,1,1,1,1
11131,Bad Schmiedeberg,51.683887,12.7325,1,1,1,1,1,1,0,0,0,0,0,0,1,1,1,1,2,1,True,True,True,True,True,True,1,1,1,1,1,1
11132,Schoenebeck,52.724167,11.583055,1,1,1,1,1,1,0,0,0,0,0,0,1,1,1,2,1,1,True,True,True,True,True,True,1,1,1,1,1,1
11133,Schoenebeck-Frohse,52.03611,11.713333,1,1,1,1,1,1,0,0,0,0,0,0,1,1,1,1,1,1,True,True,True,True,True,True,1,1,1,1,1,1
11134,Schoenebeck-Bad Salzelmen,52.0,11.733334,1,3,3,3,3,3,0,0,0,1,1,1,1,1,1,1,1,1,True,True,True,True,True,True,1,2,2,2,2,2
11135,Schoenewalde,51.813889,13.228333,0,0,0,0,0,1,0,0,0,0,0,0,1,1,1,1,1,1,True,True,True,True,True,True,0,0,0,0,0,1
11136,Schraplau,51.439445,11.666945,1,1,1,1,1,1,0,0,0,0,0,0,1,1,1,1,1,1,True,True,True,True,True,True,1,1,1,1,1,1
11137,Schwanebeck,51.967224,11.120833,1,1,1,1,1,1,0,0,0,0,0,0,1,1,1,1,1,1,True,True,True,True,True,True,1,1,1,1,1,1
11138,Schweinitz,51.7925,13.027223,1,1,1,1,1,1,0,0,0,0,0,1,1,1,1,2,2,1,True,True,True,True,True,True,1,1,1,1,1,1
11139,Seehausen i. Altmark,52.890278,11.753056,1,3,3,3,3,3,0,2,2,2,2,2,1,1,2,1,3,2,True,True,True,True,True,True,1,3,1,3,1,1
11140,Seehausen b. Magdeburg,52.100555,11.296667,1,1,1,1,1,1,0,2,2,2,2,2,1,1,1,1,1,1,True,True,True,True,True,True,1,1,1,1,1,1
11141,Seyda,51.881668,12.906389,1,1,1,1,1,1,0,0,0,0,0,0,1,1,1,2,1,1,True,True,True,True,True,True,1,1,1,1,1,1
11142,Soemmerda,51.159168,11.118889,1,1,1,1,1,1,0,0,0,0,0,0,1,1,2,1,2,1,True,True,True,True,True,True,1,1,1,1,1,1
11143,Sparnberg,50.411945,11.771111,1,1,1,1,1,1,0,0,0,0,0,0,1,1,2,2,2,1,True,True,True,True,True,True,1,1,1,1,1,1
11144,Stassfurt,51.853333,11.583611,1,1,1,1,1,1,0,0,0,0,0,0,1,1,1,1,1,1,True,True,True,True,True,True,1,1,1,1,1,1
11145,Stendal,52.605,11.859167,3,3,3,3,3,3,1,2,2,2,2,2,1,1,2,1,3,2,True,True,True,True,True,True,2,3,1,3,1,1
11146,Stoessen,51.113888,11.922778,1,1,1,1,1,1,0,0,0,0,0,1,1,1,1,1,1,2,True,True,True,True,True,True,1,1,1,1,1,1
11147,Stolberg (Harz),51.573055,10.954722,1,2,2,2,2,3,0,0,0,0,0,0,1,1,1,1,1,2,True,True,True,True,True,True,1,2,2,2,2,1
11148,Suhl,50.609444,10.686666,1,1,1,1,1,2,0,0,0,0,0,0,1,1,1,1,1,1,True,True,True,True,True,True,1,1,1,1,1,2
11149,Tangerhuette,52.434723,11.805278,1,1,1,1,1,1,0,0,0,0,0,0,1,1,3,3,2,2,True,True,True,True,True,True,1,1,1,1,1,1
11150,Tangermuende,52.540833,11.970834,2,2,2,2,3,3,0,2,2,2,2,2,1,1,3,3,2,2,True,True,True,True,True,True,2,2,1,1,1,1
11151,Bad Tennstedt,51.15361,10.838611,1,2,2,3,3,3,0,0,0,0,0,0,1,1,1,1,1,2,True,True,True,True,True,True,1,2,2,2,2,1
11152,Teuchern,51.118332,12.021944,1,1,1,1,1,2,1,1,1,1,1,1,1,1,1,1,1,2,True,True,True,True,True,True,1,1,1,1,1,1
11153,Thale,51.750832,11.036944,1,1,1,1,1,1,0,0,0,0,0,0,1,1,1,1,1,1,True,True,True,True,True,True,1,1,1,1,1,1
11154,Thamsbrueck,51.139721,10.639167,2,2,2,2,2,2,0,0,0,0,1,1,1,1,1,1,1,2,True,True,True,True,True,True,2,2,2,2,2,1
11155,Torgau,51.558334,13.004167,1,3,3,3,3,3,0,0,0,0,0,0,1,1,2,1,1,1,True,True,True,True,True,True,1,2,1,2,2,2
11156,Treffurt,51.136944,10.23,1,1,1,1,1,1,0,0,0,0,0,0,1,1,2,1,1,2,True,True,True,True,True,True,1,1,1,1,1,1
11157,Uebigau,51.593056,13.297222,1,3,3,3,3,3,0,0,0,0,0,0,1,1,3,3,2,1,True,True,True,True,True,True,1,2,1,1,1,2
11158,Wahrenbrueck,51.549446,13.363334,1,1,1,1,1,1,0,0,0,0,0,0,1,1,1,2,2,1,True,True,True,True,True,True,1,1,1,1,1,1
11159,Wanzleben,52.060555,11.445278,1,1,1,2,3,3,0,0,0,1,1,1,1,1,1,2,1,1,True,True,True,True,True,True,1,1,1,1,2,2
11160,Wegeleben,51.884998,11.172778,1,1,1,2,2,2,0,0,0,0,0,0,1,1,2,1,1,1,True,True,True,True,True,True,1,1,1,2,2,2
11161,Weissenfels,51.200554,11.97,2,2,2,2,2,2,3,3,3,3,3,3,1,1,1,1,1,2,True,True,True,True,True,True,2,2,2,2,2,1
11162,Weissensee,51.195278,11.068055,1,3,3,3,3,3,1,1,1,1,1,1,1,1,1,1,1,2,True,True,True,True,True,True,1,2,2,2,2,1
11163,Werben (Elbe),52.859722,11.982223,1,1,1,1,1,1,0,0,0,0,0,1,1,1,2,1,3,2,True,True,True,True,True,True,1,1,1,1,1,1
11164,Wernigerode,51.834446,10.784166,2,2,2,2,2,3,1,1,1,1,1,1,1,1,3,3,2,2,True,True,True,True,True,True,2,2,1,1,1,1
11165,Wettin,51.585835,11.8075,1,1,1,1,1,1,0,0,0,0,0,0,1,1,1,1,1,1,True,True,True,True,True,True,1,1,1,1,1,1
11166,Wiehe,51.267223,11.411944,1,1,1,2,2,2,0,0,0,0,0,0,1,1,2,1,1,2,True,True,True,True,True,True,1,1,1,2,2,1
11167,Wittenberg,51.866943,12.645278,1,3,3,3,3,3,0,0,0,0,3,3,1,1,1,1,2,1,True,True,True,True,True,True,1,2,2,2,1,3
11168,Woerlitz,51.842499,12.418612,1,1,1,1,2,2,0,0,0,0,0,0,1,1,1,2,1,1,True,True,True,True,True,True,1,1,1,1,2,2
11169,Wolmirstedt,52.250278,11.627778,1,1,1,2,2,2,0,0,0,0,0,0,1,1,2,1,1,1,True,True,True,True,True,True,1,1,1,2,2,2
11170,Worbis,51.421944,10.358889,2,2,2,2,2,3,1,1,1,1,1,1,1,1,2,2,1,1,True,True,True,True,True,True,2,2,1,1,2,2
11171,Zahna,51.916111,12.785556,1,1,2,2,2,2,0,0,0,0,0,0,1,1,1,1,2,1,True,True,True,True,True,True,1,1,2,2,1,2
11172,Zeitz,51.050278,12.134444,1,3,3,3,3,3,1,3,3,3,3,3,1,1,1,1,1,1,True,True,True,True,True,True,1,3,3,3,3,3
11173,Zerbst,51.96389,12.085278,3,3,3,3,3,3,0,0,0,0,0,2,1,1,2,2,1,1,True,True,True,True,True,True,2,2,1,1,2,3
11174,Ziegenrueck,50.614445,11.648889,0,2,2,2,2,2,0,0,0,0,0,0,1,1,1,1,1,1,True,True,True,True,True,True,0,2,2,2,2,2
11175,Ziesar,52.266945,12.289444,1,1,3,3,3,3,0,0,0,0,0,0,1,1,2,1,1,1,True,True,True,True,True,True,1,1,1,2,2,2
11176,Zoerbig,51.628334,12.1225,1,1,1,1,1,2,0,0,0,0,0,0,1,1,2,2,1,2,True,True,True,True,True,True,1,1,1,1,1,1
12001,Achim,53.012779,9.0327778,1,1,1,1,1,1,0,0,0,0,0,0,1,1,1,1,1,1,True,True,True,True,True,True,1,1,1,1,1,1
12002,Alfeld,51.987221,9.8269444,2,2,2,2,2,2,0,2,2,2,2,2,1,1,1,1,1,1,True,True,True,True,True,True,2,2,2,2,2,2
12003,Altenau,51.803333,10.4475,0,1,1,1,1,1,0,0,0,0,0,0,1,1,1,1,1,1,True,True,True,True,True,True,0,1,1,1,1,1
12004,St. Andreasberg,51.708889,10.517777,0,0,0,0,0,1,0,0,0,0,0,0,1,1,1,1,1,1,True,True,True,True,True,True,0,0,0,0,0,1
12005,Aurich,53.469723,7.4822221,1,1,1,1,1,1,1,1,1,1,2,2,1,1,1,1,1,1,True,True,True,True,True,True,1,1,1,1,1,1
12006,Bassum,52.847778,8.7252779,1,1,1,1,1,1,0,0,0,0,0,0,1,1,1,1,1,1,True,True,True,True,True,True,1,1,1,1,1,1
12007,Bentheim,52.302502,7.1594443,1,1,1,1,1,1,0,0,0,0,0,0,1,1,1,1,2,1,True,True,True,True,True,True,1,1,1,1,1,1
12008,Bevensen,53.079166,10.579722,1,1,1,1,1,1,0,0,0,0,0,0,1,1,1,2,1,1,True,True,True,True,True,True,1,1,1,1,1,1
12009,Bleckede,53.291111,10.7325,1,1,2,2,2,2,0,0,0,0,0,0,1,1,2,2,2,1,True,True,True,True,True,True,1,1,1,1,1,2
12010,Bockenem,52.007778,10.129167,2,3,3,3,3,3,0,2,2,2,2,2,1,1,2,1,1,1,True,True,True,True,True,True,2,3,1,3,3,3
12011,Bodenwerder,51.975834,9.5119448,1,2,2,2,2,3,0,1,1,1,1,1,1,1,1,1,2,2,True,True,True,True,True,True,1,2,2,2,1,1
12012,Borkum,53.587776,6.6644444,0,0,0,0,0,0,0,0,0,0,0,0,1,1,1,1,1,1,True,True,True,True,True,True,0,0,0,0,0,0
12013,Brake,53.328056,8.4772224,1,1,1,1,1,1,0,0,0,0,0,0,1,1,1,1,1,1,True,True,True,True,True,True,1,1,1,1,1,1
12014,Bramsche,52.406666,7.978889,1,1,1,1,1,1,0,0,0,0,0,0,1,1,1,1,1,1,True,True,True,True,True,True,1,1,1,1,1,1
12015,Braunlage,51.727779,10.610556,0,0,0,0,0,0,0,0,0,0,0,0,1,1,1,1,1,1,True,True,True,True,True,True,0,0,0,0,0,0
12016,Braunschweig,52.262222,10.520278,3,3,3,3,3,3,1,2,2,3,3,3,1,1,2,1,2,1,True,True,True,True,True,True,2,3,1,3,1,3
12017,Bremen,53.075832,8.8072224,2,2,2,3,3,3,2,3,3,3,3,3,1,1,1,1,1,1,True,True,True,True,True,True,2,2,2,3,3,3
12018,Bremen-Vegesack,53.168335,8.623889,0,0,0,0,0,1,0,0,0,0,0,0,1,1,1,1,2,1,True,True,True,True,True,True,0,0,0,0,0,1
12019,Bremerhaven,53.543335,8.5775003,0,0,0,0,0,0,0,0,0,0,0,0,1,1,1,1,2,1,True,True,True,True,True,True,0,0,0,0,0,0
12020,Bremervoerde,53.485279,9.146389,1,1,1,1,1,1,0,0,0,0,0,0,1,1,1,1,1,1,True,True,True,True,True,True,1,1,1,1,1,1
12021,Bueckeburg,52.260277,9.0502777,0,1,1,2,2,2,0,0,0,0,0,0,1,1,1,1,1,1,True,True,True,True,True,True,0,1,1,2,2,2
12022,Burgdorf,52.446667,10.008611,1,1,1,2,2,2,0,0,0,0,0,0,1,1,1,1,2,1,True,True,True,True,True,True,1,1,1,2,1,2
12023,Buxtehude,53.475834,9.6986113,1,2,2,3,3,3,0,2,2,2,3,3,1,1,1,1,1,1,True,True,True,True,True,True,1,2,2,3,3,3
12024,Celle,52.62611,10.080556,1,2,2,3,3,3,0,0,1,1,2,3,1,1,1,2,2,1,True,True,True,True,True,True,1,2,2,1,1,3
12025,Clausthal-Zellerfeld,51.803612,10.333055,1,1,1,1,1,1,0,0,0,0,0,0,1,1,1,1,1,1,True,True,True,True,True,True,1,1,1,1,1,1
12026,Cloppenburg,52.846111,8.0433331,0,1,1,1,2,2,0,0,0,0,0,0,1,1,2,2,2,1,True,True,True,True,True,True,0,1,1,1,1,2
12027,Dannenberg,53.098888,11.096389,1,1,1,1,1,1,0,0,0,1,1,1,1,1,1,2,2,1,True,True,True,True,True,True,1,1,1,1,1,1
12028,Dassel,51.801945,9.686944,1,1,2,2,2,2,0,0,0,0,0,0,1,1,2,1,1,1,True,True,True,True,True,True,1,1,1,2,2,2
12029,Delmenhorst,53.049721,8.6338892,0,1,1,2,2,2,0,0,0,0,0,0,1,1,1,1,2,2,True,True,True,True,True,True,0,1,1,2,1,1
12030,Diepholz,52.60611,8.3702774,1,1,1,2,2,2,0,0,0,0,0,0,1,1,1,1,1,1,True,True,True,True,True,True,1,1,1,2,2,2
12031,Dransfeld,51.502224,9.7624998,1,1,2,2,2,2,0,0,0,0,0,0,1,1,1,1,1,2,True,True,True,True,True,True,1,1,2,2,2,1
12032,Duderstadt,51.512222,10.256945,2,2,2,2,2,2,0,0,2,2,2,2,1,1,2,1,1,1,True,True,True,True,True,True,2,2,1,2,2,2
12033,Einbeck,51.816387,9.8658333,2,2,2,2,2,3,0,2,2,2,2,2,1,1,1,1,1,1,True,True,True,True,True,True,2,2,2,2,2,3
12034,Eldagsen,52.171112,9.6602774,1,1,1,2,2,2,0,0,0,0,0,0,1,1,1,1,2,1,True,True,True,True,True,True,1,1,1,2,1,2
12035,Elsfleth,53.236946,8.4569445,1,1,1,1,1,1,0,0,0,0,0,0,1,1,1,1,1,1,True,True,True,True,True,True,1,1,1,1,1,1
12036,Elze,52.581112,9.7388887,1,1,1,1,1,1,0,0,0,0,0,0,1,1,2,1,1,1,True,True,True,True,True,True,1,1,1,1,1,1
12037,Emden,53.370556,7.2058334,1,1,1,1,2,2,0,0,0,0,3,3,1,1,2,2,1,2,True,True,True,True,True,True,1,1,1,1,2,1
12038,Eschershausen,51.929443,9.6338892,1,1,1,1,1,1,0,0,0,0,0,0,1,1,1,1,2,2,True,True,True,True,True,True,1,1,1,1,1,1
12039,Esens,53.642502,7.6122222,1,1,1,1,1,1,0,0,0,0,1,1,1,1,1,2,2,1,True,True,True,True,True,True,1,1,1,1,1,1
12040,Fallersleben,52.415833,10.716666,1,1,1,1,1,1,0,0,0,0,0,0,1,1,2,2,2,1,True,True,True,True,True,True,1,1,1,1,1,1
12041,Fallingbostel,52.865833,9.6938887,1,1,1,1,1,1,0,0,0,0,0,0,1,1,1,2,2,1,True,True,True,True,True,True,1,1,1,1,1,1
12042,Freren,52.486668,7.543889,1,1,1,1,1,1,0,0,0,0,0,0,1,1,2,1,1,2,True,True,True,True,True,True,1,1,1,1,1,1
12043,Friesoythe,53.020557,7.8594446,1,1,1,2,2,2,0,2,2,3,3,3,1,1,2,2,2,2,True,True,True,True,True,True,1,1,1,1,1,1
12044,Fuerstenau,52.516388,7.6747222,0,0,2,2,2,2,0,0,2,2,2,2,1,1,1,1,1,1,True,True,True,True,True,True,0,0,2,2,2,2
12045,Bad Gandersheim,51.870556,10.024445,1,1,1,1,2,2,0,0,0,0,0,1,1,1,1,1,1,1,True,True,True,True,True,True,1,1,1,1,2,2
12046,Gehrden,52.314999,9.5988894,0,1,1,1,1,1,0,0,0,0,0,0,1,1,2,2,2,1,True,True,True,True,True,True,0,1,1,1,1,1
12047,Gifhorn,52.481945,10.544723,1,1,1,1,1,1,0,1,1,1,1,1,1,1,1,2,2,1,True,True,True,True,True,True,1,1,1,1,1,1
12048,Goettingen,51.532776,9.9350004,3,2,3,3,3,3,0,2,2,3,3,3,0,1,1,1,1,2,True,True,True,True,True,True,2,2,3,3,3,1
12049,Goslar,51.906387,10.428889,3,3,3,3,3,3,0,2,2,2,2,3,1,0,0,0,0,0,True,True,True,True,True,True,2,3,3,3,3,3
12050,Gronau in Niedersachsen,52.086666,9.7863894,0,2,2,2,3,3,0,2,2,2,2,2,1,1,1,1,1,1,True,True,True,True,True,True,0,2,2,2,3,3
12051,Bad Grund,51.809723,10.236667,0,0,1,1,1,1,0,0,0,0,0,0,1,1,2,1,1,2,True,True,True,True,True,True,0,0,1,1,1,1
12052,Hameln,52.104168,9.3561115,2,3,3,3,3,3,1,2,3,3,3,3,1,1,2,1,2,1,True,True,True,True,True,True,2,3,1,3,1,3
12053,Hannover,52.371387,9.7366667,1,1,2,2,2,2,1,2,2,2,2,2,1,1,1,2,2,1,True,True,True,True,True,True,1,1,2,1,1,2
12054,Harburg (Elbe),53.460278,9.976944,1,2,2,2,2,2,0,0,0,0,0,0,1,1,1,2,2,1,True,True,True,True,True,True,1,2,2,1,1,2
12055,Hardegsen,51.651943,9.8249998,0,0,1,2,2,3,0,0,0,0,0,0,1,1,1,2,1,2,True,True,True,True,True,True,0,0,1,1,2,1
12056,Bad Harzburg,51.879723,10.564445,1,1,1,1,1,1,0,0,0,0,0,0,1,1,1,1,2,2,True,True,True,True,True,True,1,1,1,1,1,1
12057,Haseluenne,52.673332,7.4866667,1,1,1,1,1,1,0,2,3,3,3,3,1,1,1,1,1,1,True,True,True,True,True,True,1,1,1,1,1,1
12058,Hedemuenden,51.389446,9.7647219,1,1,1,1,1,2,0,0,0,0,0,0,1,1,1,2,1,2,True,True,True,True,True,True,1,1,1,1,1,1
12059,Helmstedt,52.227501,11.010278,2,2,2,2,2,2,1,2,2,2,2,2,1,1,1,1,1,2,True,True,True,True,True,True,2,2,2,2,2,1
12060,Herzberg am Harz,51.655834,10.339444,1,1,1,1,1,1,0,0,0,0,0,0,1,1,1,1,1,1,True,True,True,True,True,True,1,1,1,1,1,1
12061,Hessisch-Oldendorf,52.168335,9.2524996,2,2,2,2,2,2,0,0,0,0,0,2,1,1,1,1,1,1,True,True,True,True,True,True,2,2,2,2,2,2
12062,Hildesheim,52.152779,9.9513893,2,2,2,2,2,2,1,2,2,2,2,3,1,1,1,1,1,1,True,True,True,True,True,True,2,2,2,2,2,2
12063,Hitzacker,53.148888,11.036667,1,2,2,2,2,2,0,0,0,0,0,0,1,1,2,2,2,1,True,True,True,True,True,True,1,2,1,1,1,2
12064,Holzminden,51.827778,9.4505558,2,2,2,2,2,2,0,0,0,0,0,0,1,1,1,2,2,2,True,True,True,True,True,True,2,2,2,1,1,1
12065,Hornburg (Schladen-Werla),52.030277,10.605833,1,1,1,1,1,1,0,0,0,0,0,1,1,1,1,1,1,1,True,True,True,True,True,True,1,1,1,1,1,1
12066,Hoya,52.805557,9.1355553,1,1,1,1,1,1,0,0,0,0,0,0,1,1,1,1,1,1,True,True,True,True,True,True,1,1,1,1,1,1
12067,Jever,53.575554,7.9002776,1,1,1,1,1,1,0,0,0,0,0,0,1,1,2,1,1,2,True,True,True,True,True,True,1,1,1,1,1,1
12068,Koenigslutter,52.252224,10.816667,1,1,1,2,2,2,0,0,0,0,0,0,1,1,2,1,1,2,True,True,True,True,True,True,1,1,1,2,2,1
12069,Lautenthal,51.869167,10.286667,0,0,0,0,0,0,0,0,0,0,0,0,1,1,2,1,1,2,True,True,True,True,True,True,0,0,0,0,0,0
12070,Bad Lauterberg,51.626667,10.465278,1,1,1,1,1,1,0,0,0,0,0,0,1,1,1,1,1,1,True,True,True,True,True,True,1,1,1,1,1,1
12071,Leer,53.229443,7.4513888,1,1,1,1,1,1,0,0,0,0,0,0,1,1,1,1,3,2,True,True,True,True,True,True,1,1,1,1,1,1
12072,Lehrte,52.372501,9.976944,1,1,1,1,1,1,0,0,0,0,0,0,1,1,1,1,1,2,True,True,True,True,True,True,1,1,1,1,1,1
12073,Lingen,52.522221,7.3166666,1,1,2,2,2,2,0,0,0,0,0,1,1,1,2,1,1,2,True,True,True,True,True,True,1,1,1,2,2,1
12074,Lohne,52.665554,8.2375002,1,1,1,1,1,1,0,0,0,0,0,0,1,1,1,1,1,1,True,True,True,True,True,True,1,1,1,1,1,1
12075,Luechow,52.967499,11.161667,1,2,2,2,2,2,0,0,0,1,1,1,1,1,3,2,2,1,True,True,True,True,True,True,1,2,1,1,1,2
12076,Lueneburg,53.24889,10.408611,3,3,3,3,3,3,0,3,3,3,3,3,1,1,1,0,0,0,True,True,True,True,True,True,2,3,3,3,3,3
12077,Melle,52.201668,8.335556,2,2,2,2,2,2,0,0,2,2,2,2,1,1,1,1,1,1,True,True,True,True,True,True,2,2,2,2,2,2
12078,Meppen,52.690556,7.2916665,1,1,1,2,3,3,0,3,3,3,3,2,1,1,1,1,1,1,True,True,True,True,True,True,1,1,1,2,3,3
12079,Moringen,51.696945,9.8708334,1,1,2,2,2,2,0,0,0,1,1,1,1,1,1,2,1,2,True,True,True,True,True,True,1,1,2,1,2,1
12080,Hann. Muenden,51.417221,9.6511106,3,3,3,3,3,3,3,3,3,3,3,3,1,1,1,1,1,2,True,True,True,True,True,True,3,3,3,3,3,1
12081,Muender,52.197498,9.4636106,1,1,2,2,2,2,0,0,0,0,0,0,1,1,2,1,2,1,True,True,True,True,True,True,1,1,1,2,1,2
12082,Neuenhaus,52.498055,6.9663887,0,0,1,2,2,2,0,0,0,0,0,0,1,1,1,1,2,1,True,True,True,True,True,True,0,0,1,2,1,2
12083,Neustadt am Ruebenberge,52.504723,9.4575005,2,2,2,2,2,2,0,0,0,0,0,0,1,1,2,1,1,2,True,True,True,True,True,True,2,2,1,2,2,1
12084,Nienburg (Weser),52.640278,9.206111,2,3,3,3,3,3,0,0,0,0,0,1,1,1,1,1,1,1,True,True,True,True,True,True,2,2,2,2,2,2
12085,Norden,53.594723,7.2022223,1,1,1,1,1,1,0,0,0,0,0,0,1,1,1,1,2,1,True,True,True,True,True,True,1,1,1,1,1,1
12086,Nordenham,53.484722,8.4838886,0,0,1,1,1,1,0,0,0,0,0,0,1,1,1,1,1,1,True,True,True,True,True,True,0,0,1,1,1,1
12087,Norderney,53.707222,7.145278,0,0,0,1,1,1,0,0,0,0,0,0,1,1,1,1,2,1,True,True,True,True,True,True,0,0,0,1,1,1
12088,Nordhorn,52.437778,7.0702777,1,1,1,2,2,2,0,0,0,0,0,0,1,1,1,1,2,1,True,True,True,True,True,True,1,1,1,2,1,2
12089,Northeim,51.705555,10.000278,1,2,3,3,3,3,1,2,2,2,2,2,1,1,1,1,1,2,True,True,True,True,True,True,1,2,3,3,3,1
12090,Obernkirchen,52.27,9.1277781,1,1,1,1,1,2,2,2,2,2,2,2,1,1,1,1,1,1,True,True,True,True,True,True,1,1,1,1,1,2
12091,Oldenburg,53.143055,8.2127781,1,1,2,2,2,2,3,3,3,3,3,3,1,1,1,1,1,1,True,True,True,True,True,True,1,1,2,2,2,2
12092,Osnabrueck,52.276669,8.0436115,2,2,2,2,2,2,2,3,3,3,3,3,1,1,1,1,1,1,True,True,True,True,True,True,2,2,2,2,2,2
12093,Osterholz-Scharmbeck,53.230278,8.7827778,1,1,1,1,1,1,0,0,0,0,0,0,1,1,1,1,1,1,True,True,True,True,True,True,1,1,1,1,1,1
12094,Osterode am Harz,51.727501,10.250834,2,2,2,2,2,2,1,2,2,2,2,2,1,1,1,1,1,1,True,True,True,True,True,True,2,2,2,2,2,2
12095,Otterndorf,53.807777,8.8999996,0,1,1,2,2,2,0,0,0,0,0,0,1,1,1,1,1,1,True,True,True,True,True,True,0,1,1,2,2,2
12096,Papenburg,53.078056,7.3930554,0,0,0,1,1,1,0,0,0,0,0,0,1,1,1,1,1,1,True,True,True,True,True,True,0,0,0,1,1,1
12097,Pattensen,52.263889,9.7613888,2,2,2,2,3,3,0,0,0,0,0,0,1,1,2,1,2,1,True,True,True,True,True,True,2,2,1,2,1,2
12098,Peine,52.321667,10.226944,1,2,2,2,2,2,1,1,1,1,1,1,1,1,1,1,1,1,True,True,True,True,True,True,1,2,2,2,2,2
12099,Bad Pyrmont,51.984444,9.2605553,1,1,1,1,1,1,0,0,0,0,0,0,1,1,1,1,1,2,True,True,True,True,True,True,1,1,1,1,1,1
12100,Quakenbrueck,52.675835,7.956111,1,2,2,2,2,3,0,2,2,2,2,2,1,1,1,1,1,1,True,True,True,True,True,True,1,2,2,2,2,3
12101,Rehburg,52.470001,9.2255554,0,0,1,1,1,1,0,0,0,0,0,0,1,1,2,1,2,1,True,True,True,True,True,True,0,0,1,1,1,1
12102,Rethem,52.78611,9.3836107,0,1,1,1,1,1,0,0,0,1,1,1,1,1,1,3,2,1,True,True,True,True,True,True,0,1,1,1,1,1
12103,Rinteln,52.186943,9.0797224,2,2,3,3,3,3,0,2,2,3,3,3,1,1,1,1,1,1,True,True,True,True,True,True,2,2,3,3,3,3
12104,Rodenberg,52.311668,9.351944,0,1,1,1,1,1,0,0,0,0,0,0,1,1,1,1,1,1,True,True,True,True,True,True,0,1,1,1,1,1
12105,Rotenburg,53.111389,9.4091663,1,1,1,1,2,2,0,0,0,0,0,0,1,1,1,1,1,1,True,True,True,True,True,True,1,1,1,1,2,2
12107,Sachsenhagen,52.396389,9.2647219,0,1,1,1,1,1,0,0,0,0,0,0,1,1,1,1,1,1,True,True,True,True,True,True,0,1,1,1,1,1
12108,Bad Salzdetfurth,52.063332,10.0075,1,1,1,1,1,1,0,0,0,0,0,0,1,1,1,1,1,1,True,True,True,True,True,True,1,1,1,1,1,1
12109,Salzgitter,52.046665,10.371944,1,1,1,2,2,2,0,0,0,0,0,1,1,1,1,1,1,1,True,True,True,True,True,True,1,1,1,2,2,2
12110,Sarstedt,52.234165,9.8555555,1,2,2,2,2,3,0,0,0,0,0,0,1,1,1,1,1,1,True,True,True,True,True,True,1,2,2,2,2,2
12111,Schnackenburg,53.037224,11.565833,1,1,1,2,2,2,0,0,0,0,0,0,1,1,3,3,2,1,True,True,True,True,True,True,1,1,1,1,1,2
12112,Schoeningen,52.138889,10.969722,1,1,2,2,2,2,1,1,1,1,1,1,1,1,2,1,1,2,True,True,True,True,True,True,1,1,1,2,2,1
12113,Schoeppenstedt,52.144444,10.774445,1,1,2,2,2,2,0,0,0,0,0,0,1,1,1,2,1,2,True,True,True,True,True,True,1,1,2,1,2,1
12114,Schuettorf,52.322224,7.2249999,1,3,3,3,3,3,0,0,0,0,0,0,1,1,1,1,2,1,True,True,True,True,True,True,1,2,2,2,1,2
12115,Seesen,51.890835,10.175834,1,1,1,1,2,2,0,0,0,0,1,1,1,1,1,1,1,2,True,True,True,True,True,True,1,1,1,1,2,1
12116,Soltau,52.986668,9.8374996,1,1,1,2,2,2,0,0,0,1,1,1,1,1,2,1,1,2,True,True,True,True,True,True,1,1,1,2,2,1
12117,Springe,52.209167,9.5547218,1,2,2,2,2,2,0,0,0,0,0,0,1,1,1,1,2,1,True,True,True,True,True,True,1,2,2,2,1,2
12118,Stade,53.601112,9.4758329,2,3,3,3,3,3,2,3,3,3,3,3,1,1,1,1,1,1,True,True,True,True,True,True,2,3,3,3,3,3
12119,Stadthagen,52.323612,9.2027779,1,1,2,2,2,2,0,0,0,0,0,0,1,1,1,1,1,1,True,True,True,True,True,True,1,1,2,2,2,2
12120,Stadtoldendorf,51.882221,9.6225004,1,2,2,2,2,2,0,0,0,0,0,0,1,1,1,1,2,2,True,True,True,True,True,True,1,2,2,2,1,1
12121,Sulingen,52.681946,8.8011112,1,1,1,1,1,1,0,0,0,0,0,0,1,1,1,1,1,1,True,True,True,True,True,True,1,1,1,1,1,1
12122,Syke,52.914444,8.8161116,1,1,1,1,1,1,0,0,0,0,0,0,1,1,1,2,1,1,True,True,True,True,True,True,1,1,1,1,1,1
12123,Uelzen,52.964722,10.560555,2,3,3,3,3,3,0,2,2,2,2,2,1,1,1,2,2,1,True,True,True,True,True,True,2,3,3,1,1,3
12124,Uslar,51.65889,9.6344442,1,2,2,3,3,3,0,2,2,2,2,2,1,1,1,1,1,2,True,True,True,True,True,True,1,2,2,3,3,1
12125,Varel,53.394722,8.1350002,1,1,1,1,1,1,0,0,0,0,0,0,1,1,1,1,1,2,True,True,True,True,True,True,1,1,1,1,1,1
12126,Vechta,52.727501,8.2847223,1,1,1,2,2,2,0,2,2,2,2,2,1,1,1,1,1,1,True,True,True,True,True,True,1,1,1,2,2,2
12127,Verden,52.923332,9.2308331,1,2,3,3,3,3,2,2,2,2,2,2,1,1,1,1,0,0,True,True,True,True,True,True,1,2,3,3,3,3
12128,Vienenburg,51.950554,10.563889,1,1,1,1,1,1,0,0,0,0,0,0,1,1,1,2,1,1,True,True,True,True,True,True,1,1,1,1,1,1
12129,Visselhoevede,52.985554,9.5802774,0,1,1,1,2,2,0,0,0,0,0,0,1,1,1,1,1,1,True,True,True,True,True,True,0,1,1,1,2,2
12130,Walsrode,52.860279,9.5950003,1,1,1,2,2,2,0,0,0,0,0,0,1,1,1,2,2,1,True,True,True,True,True,True,1,1,1,1,1,2
12131,Weener,53.165279,7.3497224,1,1,1,1,1,1,0,0,0,0,0,0,1,1,1,1,3,2,True,True,True,True,True,True,1,1,1,1,1,1
12132,Wildemann,51.827221,10.282778,1,1,1,1,1,1,0,0,0,0,0,0,1,1,2,1,1,2,True,True,True,True,True,True,1,1,1,1,1,1
12133,Wildeshausen,52.894444,8.4316664,1,3,3,3,3,3,0,1,1,1,1,1,1,1,1,1,1,2,True,True,True,True,True,True,1,2,2,2,2,1
12134,Wilhelmshaven,53.521946,8.1075001,0,0,0,0,1,1,0,0,0,0,0,0,1,1,1,1,1,1,True,True,True,True,True,True,0,0,0,0,1,1
12135,Winsen,53.364445,10.206944,1,1,1,1,1,1,0,0,0,0,1,1,1,1,2,2,1,1,True,True,True,True,True,True,1,1,1,1,1,1
12136,Wittingen,52.728611,10.74,1,1,1,1,1,1,0,0,0,0,0,0,1,1,2,2,2,1,True,True,True,True,True,True,1,1,1,1,1,1
12137,Wittmund,53.575279,7.7800002,1,1,1,1,1,1,0,0,0,0,0,0,1,1,1,1,1,2,True,True,True,True,True,True,1,1,1,1,1,1
12138,Wolfenbuettel,52.162777,10.536111,1,1,1,1,1,1,0,0,0,0,0,0,1,1,2,1,1,2,True,True,True,True,True,True,1,1,1,1,1,1
12139,Wolfsburg,52.421665,10.784722,0,0,0,0,0,0,0,0,0,0,0,0,1,1,1,2,2,1,True,True,True,True,True,True,0,0,0,0,0,0
12140,Wunstorf,52.425278,9.4241667,1,2,2,2,2,2,0,1,1,1,1,1,1,1,1,2,2,2,True,True,True,True,True,True,1,2,2,1,1,1
12141,Wustrow,52.923889,11.119166,1,1,1,2,2,2,0,0,0,0,0,0,1,1,1,1,1,1,True,True,True,True,True,True,1,1,1,2,2,2
12142,Zeven,53.295555,9.2786112,1,1,1,1,1,1,1,1,1,1,1,1,1,1,1,1,1,1,True,True,True,True,True,True,1,1,1,1,1,1
13001,Ahaus,52.075832,7.0050001,1,1,1,1,1,1,0,2,2,2,2,2,1,1,1,1,2,1,True,True,True,True,True,True,1,1,1,1,1,1
13002,Ahlen,51.762779,7.8897223,2,2,2,2,2,2,1,2,2,2,2,2,1,1,1,1,1,1,True,True,True,True,True,True,2,2,2,2,2,2
13003,Altena,51.298054,7.668889,1,2,2,3,3,3,0,2,2,2,2,2,1,1,1,1,1,1,True,True,True,True,True,True,1,2,2,3,3,3
13004,Anholt,51.846111,6.4274998,1,1,2,2,2,2,0,0,0,0,0,0,1,1,1,2,1,1,True,True,True,True,True,True,1,1,2,1,2,2
13005,Arnsberg,51.395557,8.0647221,2,2,2,2,2,2,0,2,2,2,2,2,1,1,1,2,1,1,True,True,True,True,True,True,2,2,2,1,2,2
13006,Attendorn,51.125,7.9050002,2,3,3,3,3,3,0,2,2,2,2,2,1,1,1,1,1,1,True,True,True,True,True,True,2,3,3,3,3,3
13007,Balve,51.330276,7.8641667,1,1,1,1,2,2,0,2,2,2,2,2,1,1,1,2,1,1,True,True,True,True,True,True,1,1,1,1,2,2
13008,Barntrup,51.990002,9.1158333,0,0,1,2,2,2,0,0,0,0,0,0,1,1,1,2,2,1,True,True,True,True,True,True,0,0,1,1,1,2
13009,Beckum,51.755554,8.0424995,2,2,2,3,3,3,0,2,2,2,2,2,1,1,1,1,1,1,True,True,True,True,True,True,2,2,2,3,3,3
13010,Belecke,51.481945,8.332778,1,2,2,2,2,2,0,2,2,2,2,2,1,1,1,1,1,1,True,True,True,True,True,True,1,2,2,2,2,2
13011,Berleburg,51.050278,8.3927774,2,2,2,2,2,2,0,0,0,0,0,0,1,1,1,2,1,1,True,True,True,True,True,True,2,2,2,1,2,2
13012,Bevergern,52.272499,7.5819445,0,0,1,2,2,2,0,0,0,0,0,0,1,1,1,1,1,1,True,True,True,True,True,True,0,0,1,2,2,2
13013,Beverungen,51.662777,9.3725004,1,1,1,1,2,2,0,0,0,0,0,0,1,1,1,2,1,1,True,True,True,True,True,True,1,1,1,1,2,2
13014,Bielefeld,52.020557,8.5319443,1,1,1,2,2,2,1,2,2,2,2,2,1,1,1,1,1,1,True,True,True,True,True,True,1,1,1,2,2,2
13015,Billerbeck,51.977501,7.2908335,1,1,2,2,2,2,0,2,2,2,2,2,1,1,1,1,1,1,True,True,True,True,True,True,1,1,2,2,2,2
13016,Blankenstein,51.405834,7.2261109,1,1,1,1,1,1,0,2,2,2,2,2,1,1,1,1,1,1,True,True,True,True,True,True,1,1,1,1,1,1
13017,Blomberg,51.943333,9.0908337,2,2,2,2,2,2,0,0,0,0,1,1,1,1,1,1,1,1,True,True,True,True,True,True,2,2,2,2,2,2
13018,Bocholt,51.837776,6.6155558,2,2,3,3,3,3,0,2,2,2,2,2,1,1,1,1,1,1,True,True,True,True,True,True,2,2,3,3,3,3
13019,Bochum,51.482498,7.2169442,1,1,1,1,1,1,0,2,2,2,2,2,1,1,1,1,1,1,True,True,True,True,True,True,1,1,1,1,1,1
13020,Borgentreich,51.571388,9.2402782,0,2,2,2,2,2,0,2,2,2,2,2,1,1,1,1,1,1,True,True,True,True,True,True,0,2,2,2,2,2
13021,Borgholz,51.621666,9.2591667,0,2,2,2,2,2,0,0,0,0,0,0,1,1,1,1,1,1,True,True,True,True,True,True,0,2,2,2,2,2
13022,Borgholzhausen,52.101665,8.3005552,1,1,1,1,1,1,0,0,0,0,0,0,1,1,1,1,1,1,True,True,True,True,True,True,1,1,1,1,1,1
13023,Borghorst,52.125,7.395,1,1,1,1,1,1,0,2,2,2,0,0,1,1,1,1,2,2,True,True,True,True,True,True,1,1,1,1,1,1
13024,Borken (Westfalen),51.843887,6.855,2,2,2,3,3,3,2,3,3,3,3,3,1,1,1,1,1,1,True,True,True,True,True,True,2,2,2,3,3,3
13025,Bottrop,51.523613,6.9297223,1,1,1,1,1,1,0,0,0,0,1,1,1,1,1,1,1,1,True,True,True,True,True,True,1,1,1,1,1,1
13026,Brakel,51.716667,9.1841669,2,2,2,3,3,3,0,2,2,2,2,2,1,1,1,2,1,1,True,True,True,True,True,True,2,2,2,1,3,3
13027,Breckerfeld,51.261391,7.4650002,1,1,1,2,2,2,0,2,2,2,2,2,1,1,1,1,1,1,True,True,True,True,True,True,1,1,1,2,2,2
13028,Bredenborn,51.810555,9.1822224,1,1,1,1,1,1,0,0,0,0,0,0,1,1,1,1,1,1,True,True,True,True,True,True,1,1,1,1,1,1
13029,Brilon,51.395279,8.5680552,3,3,3,3,3,3,0,2,2,2,2,2,1,1,1,1,1,1,True,True,True,True,True,True,2,3,3,3,3,3
13030,Buende,52.197498,8.5836115,1,1,1,1,1,1,0,0,0,0,0,0,1,1,1,1,1,1,True,True,True,True,True,True,1,1,1,1,1,1
13031,Bueren,51.553612,8.5591669,2,2,2,2,2,2,0,0,0,0,0,0,1,1,1,2,1,1,True,True,True,True,True,True,2,2,2,1,2,2
13032,Burgsteinfurt,52.147778,7.3394446,1,2,2,2,2,2,0,0,0,0,1,1,1,1,1,1,2,2,True,True,True,True,True,True,1,2,2,2,1,1
13033,Castrop-Rauxel,51.555557,7.3125,1,1,1,1,1,2,0,0,0,0,0,0,1,1,1,2,1,1,True,True,True,True,True,True,1,1,1,1,1,2
13034,Coesfeld,51.944721,7.1666665,2,2,2,2,2,2,0,2,2,2,2,2,1,1,1,1,1,1,True,True,True,True,True,True,2,2,2,2,2,2
13035,Datteln,51.653057,7.3425002,1,1,1,1,1,1,0,0,0,0,0,0,1,1,1,1,1,1,True,True,True,True,True,True,1,1,1,1,1,1
13036,Delbrueck,51.764999,8.5625,1,1,1,1,1,1,0,0,0,0,0,0,1,1,1,1,1,1,True,True,True,True,True,True,1,1,1,1,1,1
13037,Detmold,51.935276,8.8786116,2,2,2,2,2,2,0,0,0,1,1,1,1,1,1,1,1,1,True,True,True,True,True,True,2,2,2,2,2,2
13038,Dorsten,51.660831,6.9644446,1,2,2,2,2,2,0,2,2,2,2,2,1,1,1,1,1,1,True,True,True,True,True,True,1,2,2,2,2,2
13039,Dortmund,51.514168,7.4638891,3,3,3,3,3,3,2,3,3,3,3,3,0,0,0,0,0,0,True,True,True,True,True,True,3,3,3,3,3,3
13040,Drensteinfurt,51.796944,7.7413888,1,1,1,1,2,2,0,0,0,0,0,0,1,1,1,1,1,1,True,True,True,True,True,True,1,1,1,1,2,2
13041,Bad Driburg,51.736111,9.0169449,1,2,2,2,2,2,0,0,0,0,0,0,1,1,1,1,1,1,True,True,True,True,True,True,1,2,2,2,2,2
13042,Dringenberg,51.670277,9.0550003,1,1,2,2,2,2,0,0,1,1,1,1,1,1,2,1,1,1,True,True,True,True,True,True,1,1,1,2,2,2
13043,Drolshagen,51.024723,7.7758331,1,1,1,1,1,3,0,2,2,2,2,2,1,1,1,1,1,1,True,True,True,True,True,True,1,1,1,1,1,3
13044,Duelmen,51.828335,7.2788887,1,1,2,2,3,3,0,2,2,2,2,2,1,1,1,1,1,1,True,True,True,True,True,True,1,1,2,2,3,3
13045,Emsdetten,52.171944,7.5275002,1,1,1,1,1,1,0,0,0,0,0,0,1,1,2,2,2,1,True,True,True,True,True,True,1,1,1,1,1,1
13046,Enger,52.139168,8.5591669,1,1,1,1,1,1,0,0,0,0,0,0,1,1,1,1,1,1,True,True,True,True,True,True,1,1,1,1,1,1
13047,Ennepetal,51.297501,7.356111,1,1,1,1,1,1,0,0,0,0,0,0,1,1,1,2,2,1,True,True,True,True,True,True,1,1,1,1,1,1
13048,Erwitte,51.611389,8.3361111,1,1,1,1,1,1,0,0,0,0,0,0,1,1,1,2,1,1,True,True,True,True,True,True,1,1,1,1,1,1
13049,Eversberg,51.366943,8.3347225,2,2,2,2,2,2,0,2,2,2,2,2,1,1,1,2,1,1,True,True,True,True,True,True,2,2,2,1,2,2
13050,Freckenhorst,51.920277,7.9661112,1,1,1,1,1,1,0,0,0,0,0,0,1,1,1,1,1,1,True,True,True,True,True,True,1,1,1,1,1,1
13051,Fredeburg,51.191387,8.3105555,0,1,1,2,2,2,0,0,0,0,0,0,1,1,2,2,2,1,True,True,True,True,True,True,0,1,1,1,1,2
13052,Freienohl,51.375,8.1711111,0,1,1,2,2,2,0,2,2,2,2,2,1,1,1,2,1,1,True,True,True,True,True,True,0,1,1,1,2,2
13053,Freudenberg,50.90139,7.8827777,0,0,0,1,1,2,0,0,0,0,0,0,1,1,2,1,1,1,True,True,True,True,True,True,0,0,0,1,1,2
13054,Gehrden (Brakel,51.654999,9.1183329,1,1,2,2,2,2,0,0,0,0,0,0,1,1,1,1,1,1,True,True,True,True,True,True,1,1,2,2,2,2
13055,Gelsenkirchen,51.511112,7.1005554,1,1,1,1,1,1,0,0,0,0,0,0,1,1,1,1,1,1,True,True,True,True,True,True,1,1,1,1,1,1
13056,Gemen,51.859444,6.8644443,1,1,1,1,1,1,0,0,0,0,0,0,1,1,1,1,1,2,True,True,True,True,True,True,1,1,1,1,1,1
13057,Geseke,51.639721,8.5086107,2,2,2,2,2,2,0,2,2,2,2,2,1,1,1,1,1,1,True,True,True,True,True,True,2,2,2,2,2,2
13058,Gevelsberg,51.324165,7.3372221,1,1,1,1,1,1,0,0,0,0,0,0,1,1,1,2,1,1,True,True,True,True,True,True,1,1,1,1,1,1
13059,Gladbeck,51.573334,6.9924998,1,1,1,1,1,1,0,0,0,0,0,0,1,1,1,1,1,1,True,True,True,True,True,True,1,1,1,1,1,1
13060,Greven,52.092499,7.6130557,1,1,1,1,1,1,1,1,1,1,1,1,1,1,1,1,1,1,True,True,True,True,True,True,1,1,1,1,1,1
13061,Gronau in Westfalen,52.212223,7.018889,0,0,0,1,1,1,0,0,0,0,0,0,1,1,1,1,2,2,True,True,True,True,True,True,0,0,0,1,1,1
13062,Guetersloh,51.909443,8.3808336,1,1,1,1,1,1,0,0,0,0,0,0,1,1,1,1,1,1,True,True,True,True,True,True,1,1,1,1,1,1
13063,Hagen,51.360001,7.4672222,1,1,1,1,1,1,0,2,2,2,2,2,1,1,1,2,1,1,True,True,True,True,True,True,1,1,1,1,1,1
13064,Halle,52.060833,8.3619442,1,1,2,2,2,2,0,0,0,0,0,0,1,1,1,1,1,1,True,True,True,True,True,True,1,1,2,2,2,2
13065,Hallenberg,51.111946,8.6211109,1,1,2,2,3,3,0,2,2,2,2,2,1,1,1,1,1,1,True,True,True,True,True,True,1,1,2,2,3,3
13066,Haltern,51.74361,7.1869445,1,2,2,2,2,2,0,2,2,2,2,2,1,1,1,1,1,1,True,True,True,True,True,True,1,2,2,2,2,2
13067,Hamm,51.678055,7.8169446,2,2,2,3,3,3,0,2,2,2,2,2,1,1,1,1,1,1,True,True,True,True,True,True,2,2,2,3,3,3
13068,Harsewinkel,51.963055,8.2275,1,1,1,1,1,1,0,0,0,0,0,0,1,1,1,1,1,1,True,True,True,True,True,True,1,1,1,1,1,1
13069,Hattingen,51.398888,7.1838889,1,1,1,2,2,2,0,2,2,2,2,2,1,1,1,1,1,1,True,True,True,True,True,True,1,1,1,2,2,2
13070,Hausberge,52.238888,8.9263887,1,1,1,1,1,1,0,0,0,0,0,0,1,1,1,2,1,1,True,True,True,True,True,True,1,1,1,1,1,1
13071,Hemer,51.385277,7.7649999,1,1,1,1,1,1,0,0,0,0,0,0,1,1,1,1,1,1,True,True,True,True,True,True,1,1,1,1,1,1
13072,Herdecke,51.399166,7.4299998,1,1,1,1,1,1,0,0,0,1,1,1,1,1,2,1,1,1,True,True,True,True,True,True,1,1,1,1,1,1
13073,Herford,52.115555,8.6733332,3,3,3,3,3,3,1,2,2,2,2,2,0,0,0,0,0,0,True,True,True,True,True,True,2,3,3,3,3,3
13074,Herne,51.540279,7.2227778,1,1,1,1,1,1,0,0,0,0,0,0,1,1,1,1,1,1,True,True,True,True,True,True,1,1,1,1,1,1
13075,Herten,51.594444,7.1399999,1,1,1,1,1,1,0,0,0,0,0,0,1,1,1,1,1,1,True,True,True,True,True,True,1,1,1,1,1,1
13076,Hilchenbach,50.995834,8.1130552,0,1,1,1,1,1,0,0,0,0,0,0,1,1,2,1,1,1,True,True,True,True,True,True,0,1,1,1,1,1
13077,Hirschberg,51.429165,8.2758331,1,1,2,2,2,2,0,2,2,2,2,2,1,1,1,2,1,1,True,True,True,True,True,True,1,1,2,1,2,2
13078,Hoexter,51.775555,9.3813887,2,2,2,2,2,2,1,3,3,3,3,3,1,1,1,1,1,1,True,True,True,True,True,True,2,2,2,2,2,2
13079,Hohenlimburg,51.344166,7.5783334,1,1,1,1,1,1,0,0,0,0,0,0,1,1,1,1,2,1,True,True,True,True,True,True,1,1,1,1,1,1
13080,Horn,51.872776,8.9452782,2,2,2,3,3,3,0,0,0,0,0,0,1,1,1,1,2,2,True,True,True,True,True,True,2,2,2,2,1,1
13081,Horstmar,52.080555,7.3049998,2,2,2,2,2,3,0,0,0,0,0,0,1,1,1,1,1,1,True,True,True,True,True,True,2,2,2,2,2,2
13082,Ibbenbueren,52.275276,7.7147222,1,1,1,1,1,1,0,0,0,0,0,0,1,1,2,1,1,1,True,True,True,True,True,True,1,1,1,1,1,1
13083,Iserlohn,51.374443,7.6991668,1,2,2,2,2,2,0,2,2,2,2,2,1,1,1,1,1,1,True,True,True,True,True,True,1,2,2,2,2,2
13084,Kallenhardt,51.451389,8.4238892,1,1,1,1,1,1,0,2,2,2,2,2,1,1,1,1,1,1,True,True,True,True,True,True,1,1,1,1,1,1
13085,Kamen,51.592224,7.6622224,2,2,2,3,3,3,0,2,2,2,2,2,1,1,1,1,1,1,True,True,True,True,True,True,2,2,2,3,3,3
13086,Kleinenberg,51.583611,8.9761114,1,1,1,1,1,1,0,0,0,0,0,0,1,1,1,1,1,1,True,True,True,True,True,True,1,1,1,1,1,1
13087,Laasphe,50.927223,8.4122219,2,2,2,2,2,2,0,0,0,0,0,0,1,1,1,2,2,1,True,True,True,True,True,True,2,2,2,1,1,2
13088,Lage,51.991112,8.7924995,0,1,1,2,2,2,0,0,0,0,0,0,1,1,1,1,1,1,True,True,True,True,True,True,0,1,1,2,2,2
13089,Lemgo,52.027779,8.9008331,2,2,2,3,3,3,0,2,3,3,3,3,1,1,1,1,1,1,True,True,True,True,True,True,2,2,2,3,3,3
13090,Lengerich,52.189724,7.8525,1,1,1,1,1,1,0,0,0,0,0,0,1,1,2,1,1,1,True,True,True,True,True,True,1,1,1,1,1,1
13091,Letmathe,51.365555,7.6102777,1,1,1,1,1,1,0,0,0,0,0,0,1,1,1,1,2,2,True,True,True,True,True,True,1,1,1,1,1,1
13092,Lichtenau (Westfalen),51.616665,8.8955555,0,0,1,1,1,1,0,0,0,0,0,0,1,1,1,1,1,1,True,True,True,True,True,True,0,0,1,1,1,1
13093,Bad Lippspringe,51.782501,8.8186111,1,1,1,1,3,3,0,0,0,0,0,0,1,1,1,1,1,1,True,True,True,True,True,True,1,1,1,1,2,2
13094,Lippstadt,51.671391,8.3466663,3,3,3,3,3,3,0,2,2,2,2,2,1,1,1,1,1,1,True,True,True,True,True,True,2,3,3,3,3,3
13095,Luebbecke,52.303333,8.6172218,1,2,2,3,3,3,0,0,0,0,0,0,1,1,1,1,1,1,True,True,True,True,True,True,1,2,2,2,2,2
13096,Luedenscheid,51.215557,7.6333332,2,2,2,2,2,2,0,2,2,2,2,2,1,1,1,1,1,1,True,True,True,True,True,True,2,2,2,2,2,2
13097,Luedinghausen,51.768333,7.4441667,1,1,2,2,2,2,1,1,1,1,1,1,1,1,1,1,2,1,True,True,True,True,True,True,1,1,2,2,1,2
13098,Luegde,51.957779,9.2458334,2,2,2,2,2,2,0,0,0,0,0,0,1,1,1,1,1,2,True,True,True,True,True,True,2,2,2,2,2,1
13099,Luenen,51.614166,7.5233335,1,1,1,2,2,2,1,2,2,2,2,2,1,1,1,1,1,1,True,True,True,True,True,True,1,1,1,2,2,2
13100,Marl,51.658054,7.1016665,1,1,1,1,1,1,0,0,0,0,0,0,1,1,1,1,1,1,True,True,True,True,True,True,1,1,1,1,1,1
13101,Medebach,51.198055,8.7047224,2,2,2,2,2,2,1,2,2,2,2,2,1,1,1,1,1,1,True,True,True,True,True,True,2,2,2,2,2,2
13102,Menden,50.790001,7.1655555,1,2,2,2,2,2,0,2,2,2,2,2,1,1,1,1,1,1,True,True,True,True,True,True,1,2,2,2,2,2
13103,Meschede,51.346668,8.2849998,1,1,1,1,1,2,1,2,2,2,2,2,1,1,1,2,1,1,True,True,True,True,True,True,1,1,1,1,1,2
13104,Minden,52.288055,8.914444,2,2,2,2,2,2,2,3,3,3,3,3,1,1,1,1,1,1,True,True,True,True,True,True,2,2,2,2,2,2
13105,Muenster,51.961666,7.6266665,2,2,2,2,2,2,1,2,2,2,2,2,1,1,1,1,1,1,True,True,True,True,True,True,2,2,2,2,2,2
13106,Neheim-Huesten,51.451111,7.9644446,1,1,1,2,3,3,0,2,2,2,2,2,1,1,1,2,1,1,True,True,True,True,True,True,1,1,1,1,3,3
13107,Neuenrade,51.281666,7.7794442,1,1,1,2,2,2,0,2,2,2,2,2,1,1,1,1,1,1,True,True,True,True,True,True,1,1,1,2,2,2
13108,Niedermarsberg,51.460278,8.854167,2,2,2,2,2,2,1,1,1,1,1,1,1,1,1,1,1,1,True,True,True,True,True,True,2,2,2,2,2,2
13109,Nieheim,51.80389,9.1099997,2,2,2,2,2,2,0,2,2,2,2,2,1,1,1,1,1,1,True,True,True,True,True,True,2,2,2,2,2,2
13110,Obermarsberg,51.452778,8.851944,2,2,2,2,2,2,0,0,0,0,0,1,1,1,1,1,1,1,True,True,True,True,True,True,2,2,2,2,2,2
13111,Ochtrup,52.208332,7.188611,1,1,1,1,1,1,0,0,0,0,0,0,1,1,1,1,1,1,True,True,True,True,True,True,1,1,1,1,1,1
13112,Oelde,51.827221,8.145833,1,1,1,1,1,1,0,0,0,0,0,0,1,1,1,1,1,1,True,True,True,True,True,True,1,1,1,1,1,1
13113,Oerlinghausen,51.952221,8.6611109,1,1,1,1,1,1,0,0,0,0,0,0,1,1,1,1,1,1,True,True,True,True,True,True,1,1,1,1,1,1
13114,Bad Oeynhausen,52.208057,8.8038893,1,1,1,1,1,1,0,0,0,0,0,0,1,1,1,1,1,1,True,True,True,True,True,True,1,1,1,1,1,1
13115,Olfen,51.708611,7.3800001,1,1,1,1,1,1,0,0,0,0,0,0,1,1,1,1,1,1,True,True,True,True,True,True,1,1,1,1,1,1
13116,Olpe,51.0275,7.8433332,1,1,2,2,2,2,0,2,2,2,2,2,1,1,1,1,1,1,True,True,True,True,True,True,1,1,2,2,2,2
13117,Paderborn,51.719444,8.7572222,1,2,2,2,2,2,1,2,2,2,2,2,1,1,1,1,1,1,True,True,True,True,True,True,1,2,2,2,2,2
13118,Peckelsheim,51.598331,9.1283331,1,1,2,2,2,2,0,2,2,2,2,2,1,1,1,1,1,1,True,True,True,True,True,True,1,1,2,2,2,2
13119,Petershagen,52.378056,8.9697218,0,0,1,2,2,2,0,0,0,1,1,1,1,1,1,1,1,1,True,True,True,True,True,True,0,0,1,2,2,2
13120,Plettenberg,51.212223,7.873889,1,1,1,2,2,2,0,0,2,2,2,2,1,1,1,1,1,1,True,True,True,True,True,True,1,1,1,2,2,2
13121,Preussisch-Oldendorf,52.305557,8.4905558,1,1,1,1,1,1,0,0,0,0,0,0,1,1,1,1,1,1,True,True,True,True,True,True,1,1,1,1,1,1
13122,Ramsdorf,51.885277,6.918889,1,1,2,2,2,2,0,0,0,0,0,1,1,1,1,1,1,1,True,True,True,True,True,True,1,1,2,2,2,2
13123,Recklinghausen,51.614445,7.1975002,2,3,3,3,3,3,0,2,2,2,2,2,1,1,1,1,1,1,True,True,True,True,True,True,2,3,3,3,3,3
13124,Rheda,51.855278,8.2930555,1,1,1,2,2,2,0,0,0,1,1,1,1,1,2,2,1,2,True,True,True,True,True,True,1,1,1,1,2,1
13125,Rheine,52.279167,7.438611,1,1,2,2,2,2,0,2,2,2,2,2,1,1,1,2,2,1,True,True,True,True,True,True,1,1,2,1,1,2
13126,Rietberg,51.808056,8.4272223,1,2,2,2,2,2,0,0,0,0,0,0,1,1,1,1,1,2,True,True,True,True,True,True,1,2,2,2,2,1
13127,Ruethen,51.49139,8.4311113,2,2,3,3,3,3,0,2,2,2,2,2,1,1,1,1,1,1,True,True,True,True,True,True,2,2,3,3,3,3
13128,Salzkotten,51.671112,8.6049995,2,2,2,2,2,2,0,0,0,0,0,0,1,1,1,1,1,1,True,True,True,True,True,True,2,2,2,2,2,2
13129,Bad Salzuflen,52.083889,8.7469444,1,1,2,2,2,2,0,0,0,0,0,0,1,1,1,2,1,1,True,True,True,True,True,True,1,1,2,1,2,2
13130,Schluesselburg,52.481945,9.0694447,0,0,1,2,2,2,0,0,0,0,0,0,1,1,1,1,1,1,True,True,True,True,True,True,0,0,1,2,2,2
13131,Schmallenberg,51.15361,8.2852774,2,2,2,2,2,2,0,2,2,2,2,2,1,1,1,1,1,1,True,True,True,True,True,True,2,2,2,2,2,2
13132,Schoetmar,52.07111,8.7583332,1,1,1,1,1,1,0,0,0,0,0,0,1,1,2,1,1,1,True,True,True,True,True,True,1,1,1,1,1,1
13133,Schwalenberg,51.876945,9.1986113,1,2,2,2,2,2,0,0,0,0,0,0,1,1,1,2,1,2,True,True,True,True,True,True,1,2,2,1,2,1
13134,Schwelm,51.28389,7.2916665,1,1,1,1,1,2,0,0,0,0,0,1,1,1,1,2,1,1,True,True,True,True,True,True,1,1,1,1,1,2
13135,Schwerte,51.441113,7.5688887,1,1,1,2,2,2,0,2,2,2,2,2,1,1,1,1,1,1,True,True,True,True,True,True,1,1,1,2,2,2
13136,Sendenhorst,51.844444,7.8272223,1,1,2,2,2,2,0,0,0,0,0,0,1,1,1,1,1,1,True,True,True,True,True,True,1,1,2,2,2,2
13137,Siegen,50.874443,8.0244446,1,1,1,1,1,1,0,0,0,0,0,0,1,1,1,1,2,1,True,True,True,True,True,True,1,1,1,1,1,1
13138,Soest,51.572498,8.1061115,2,2,2,2,2,2,0,2,2,2,3,3,1,1,1,1,1,1,True,True,True,True,True,True,2,2,2,2,2,2
13139,Stadtlohn,51.9925,6.917778,1,2,2,2,2,2,0,0,0,0,0,0,1,1,2,1,1,1,True,True,True,True,True,True,1,2,1,2,2,2
13140,Steinheim (Westfalen),51.866665,9.0963888,1,2,2,2,2,2,0,0,0,0,0,0,1,1,1,1,1,1,True,True,True,True,True,True,1,2,2,2,2,2
13141,Tecklenburg,52.219166,7.8141665,1,1,1,2,2,2,0,0,0,0,0,0,1,1,2,1,1,1,True,True,True,True,True,True,1,1,1,2,2,2
13142,Telgte,51.982777,7.7838888,2,2,2,2,2,2,0,2,2,2,2,2,1,1,1,1,1,1,True,True,True,True,True,True,2,2,2,2,2,2
13143,Unna,51.534721,7.6897221,2,2,3,3,3,3,0,2,2,2,2,2,1,1,1,1,1,1,True,True,True,True,True,True,2,2,3,3,3,3
13144,Versmold,52.040001,8.1552782,1,1,1,1,1,1,0,0,0,0,0,0,1,1,1,1,1,1,True,True,True,True,True,True,1,1,1,1,1,1
13145,Vlotho,52.165279,8.8599997,1,1,2,2,2,2,0,0,0,0,0,1,1,1,2,1,1,1,True,True,True,True,True,True,1,1,1,2,2,2
13146,Voerden,51.819168,9.2294445,0,1,2,2,2,2,0,0,2,2,2,2,1,1,1,1,1,1,True,True,True,True,True,True,0,1,2,2,2,2
13147,Vreden,52.035831,6.8238888,1,2,2,2,2,2,0,2,2,2,2,2,1,1,1,1,1,1,True,True,True,True,True,True,1,2,2,2,2,2
13148,Waltrop,51.621944,7.4005556,1,1,1,1,1,1,0,0,0,0,0,0,1,1,1,1,1,1,True,True,True,True,True,True,1,1,1,1,1,1
13149,Wanne-Eickel,51.532501,7.1616669,1,1,1,1,1,1,0,0,0,0,0,1,1,1,1,1,1,1,True,True,True,True,True,True,1,1,1,1,1,1
13150,Warburg,51.488888,9.145833,2,2,2,2,2,2,1,2,2,2,2,2,1,1,1,1,1,1,True,True,True,True,True,True,2,2,2,2,2,2
13151,Warendorf,51.950554,7.9883332,1,1,1,2,2,2,1,2,2,2,2,2,1,1,1,1,1,1,True,True,True,True,True,True,1,1,1,2,2,2
13152,Warstein,51.44278,8.353611,1,2,2,2,2,2,0,2,2,2,2,2,1,1,1,1,1,1,True,True,True,True,True,True,1,2,2,2,2,2
13153,Wattenscheid,51.482498,7.1347222,1,1,1,1,2,2,0,2,2,2,2,2,1,1,1,1,1,1,True,True,True,True,True,True,1,1,1,1,2,2
13154,Werdohl,51.259445,7.7666669,1,1,1,1,1,1,0,0,0,0,0,0,1,1,1,1,1,1,True,True,True,True,True,True,1,1,1,1,1,1
13155,Werl,51.552776,7.9144444,2,2,2,2,2,2,0,2,2,2,2,2,1,1,1,1,1,1,True,True,True,True,True,True,2,2,2,2,2,2
13156,Werne,51.663055,7.6350002,1,1,1,1,1,1,0,2,2,2,2,2,1,1,1,1,1,1,True,True,True,True,True,True,1,1,1,1,1,1
13157,Werth,51.819168,6.5094442,0,1,1,1,1,1,0,0,0,0,0,0,1,1,2,1,1,1,True,True,True,True,True,True,0,1,1,1,1,1
13158,Werther,52.072498,8.4111109,1,1,1,1,1,1,0,0,0,0,0,0,1,1,1,1,1,1,True,True,True,True,True,True,1,1,1,1,1,1
13159,Westerholt,51.600555,7.0916667,1,1,1,1,1,1,0,0,0,0,0,0,1,1,1,1,1,1,True,True,True,True,True,True,1,1,1,1,1,1
13160,Westhofen,51.422501,7.5275002,1,1,1,1,1,1,0,2,2,2,2,2,1,1,1,1,1,1,True,True,True,True,True,True,1,1,1,1,1,1
13161,Wetter (Ruhr),51.38361,7.3905554,1,1,1,1,1,1,0,2,2,2,2,2,1,1,1,1,1,1,True,True,True,True,True,True,1,1,1,1,1,1
13162,Wiedenbrueck,51.833332,8.3047218,2,2,2,2,2,2,0,2,2,2,2,2,1,1,1,1,1,1,True,True,True,True,True,True,2,2,2,2,2,2
13163,Willebadessen,51.624722,9.0294447,1,1,2,2,2,2,0,0,0,0,0,0,1,1,1,1,1,1,True,True,True,True,True,True,1,1,2,2,2,2
13164,Winterberg,51.194168,8.5338888,2,2,2,2,2,2,0,0,0,0,0,0,1,1,1,1,1,1,True,True,True,True,True,True,2,2,2,2,2,2
13165,Witten,51.43861,7.3369446,1,1,1,1,1,1,0,0,0,1,1,1,1,1,1,1,1,1,True,True,True,True,True,True,1,1,1,1,1,1
13166,Wuennenberg,51.517223,8.6975002,0,0,2,2,2,2,0,0,0,0,0,0,1,1,1,2,1,1,True,True,True,True,True,True,0,0,2,1,2,2
14001,Aachen,50.773335,6.084722,2,3,3,3,3,3,1,1,1,1,1,1,1,0,0,0,0,0,True,True,True,True,True,True,2,2,2,2,2,2
14002,Aachen-Burtscheid,50.763889,6.0944443,1,1,1,1,1,1,0,0,0,0,0,0,1,1,1,1,1,1,True,True,True,True,True,True,1,1,1,1,1,1
14003,Alsdorf,50.874722,6.166389,0,1,1,1,1,1,0,0,0,0,0,0,1,1,1,1,2,2,True,True,True,True,True,True,0,1,1,1,1,1
14004,Angermund,51.328888,6.7794442,1,1,1,1,2,2,0,0,0,0,1,1,1,1,1,1,1,2,True,True,True,True,True,True,1,1,1,1,2,1
14005,Bedburg,50.991943,6.5719442,1,1,1,1,1,2,0,0,0,0,0,0,1,1,1,1,1,1,True,True,True,True,True,True,1,1,1,1,1,2
14006,Bensberg,50.965279,7.1536112,1,1,1,1,1,1,0,0,0,0,0,0,1,1,2,1,1,1,True,True,True,True,True,True,1,1,1,1,1,1
14007,Bergheim,50.955002,6.6399999,1,1,2,2,2,2,0,0,0,0,0,0,1,1,2,1,2,1,True,True,True,True,True,True,1,1,1,2,1,2
14008,Bergisch Gladbach,50.991665,7.1361113,0,1,1,1,1,1,0,0,0,0,0,0,1,1,2,1,1,1,True,True,True,True,True,True,0,1,1,1,1,1
14009,Bergisch Neukirchen,51.076668,7.0330558,1,1,1,1,1,1,0,0,0,0,0,0,1,1,2,1,1,1,True,True,True,True,True,True,1,1,1,1,1,1
14010,Bergneustadt,51.020832,7.6480556,0,1,2,2,2,2,0,0,0,0,0,1,1,1,1,1,1,1,True,True,True,True,True,True,0,1,2,2,2,2
14011,Blankenberg,50.761391,7.3647223,2,2,2,2,2,2,1,1,1,1,1,1,1,1,1,2,1,2,True,True,True,True,True,True,2,2,2,1,2,1
14012,Bonn,50.734165,7.0991669,2,2,2,2,2,2,1,1,1,1,1,1,1,1,1,1,1,1,True,True,True,True,True,True,2,2,2,2,2,2
14013,Bruehl,50.829445,6.9022222,1,2,2,2,2,2,0,1,1,1,1,1,1,1,1,1,1,1,True,True,True,True,True,True,1,2,2,2,2,2
14014,Burg a. d. Wupper,51.137779,7.1547222,1,1,1,1,1,1,0,0,0,0,0,0,1,1,2,1,1,1,True,True,True,True,True,True,1,1,1,1,1,1
14015,Burscheid,51.083057,7.1188889,1,1,1,1,1,1,0,0,0,0,0,0,1,1,2,1,1,1,True,True,True,True,True,True,1,1,1,1,1,1
14016,Dinslaken,51.562222,6.7347221,1,2,2,2,2,2,0,2,2,2,2,2,1,1,1,2,1,1,True,True,True,True,True,True,1,2,2,1,2,2
14017,Duelken,51.250832,6.3308334,1,1,1,2,2,2,0,0,0,0,0,1,1,1,2,1,2,1,True,True,True,True,True,True,1,1,1,2,1,2
14018,Dueren,50.801666,6.4827776,1,1,2,2,2,2,0,0,0,1,1,1,1,1,1,1,2,1,True,True,True,True,True,True,1,1,2,2,1,2
14019,Duesseldorf,51.224167,6.7800002,1,2,2,2,2,2,0,1,1,1,1,2,1,1,2,1,1,1,True,True,True,True,True,True,1,2,1,2,2,2
14020,Duesseldorf-Gerresheim,51.236946,6.8619447,1,1,1,2,2,2,1,1,1,1,1,1,1,1,2,1,1,1,True,True,True,True,True,True,1,1,1,2,2,2
14021,Duesseldorf-Kaiserswerth,51.300835,6.7388887,3,2,2,2,2,2,0,1,1,1,1,1,0,1,1,2,2,1,True,True,True,True,True,True,2,2,2,1,1,2
14022,Duisburg,51.433056,6.7652779,3,2,3,3,3,3,2,3,3,3,3,3,0,1,1,2,1,1,True,True,True,True,True,True,3,2,3,1,3,3
14023,Duisburg-Hamborn,51.488056,6.7727776,1,1,1,1,1,1,0,0,0,0,0,0,1,1,1,2,1,1,True,True,True,True,True,True,1,1,1,1,1,1
14024,Duisburg-Meiderich,51.465,6.7925,1,1,1,1,1,1,0,0,0,0,0,0,1,1,1,2,1,1,True,True,True,True,True,True,1,1,1,1,1,1
14025,Duisburg-Ruhrort,51.452778,6.7358332,0,0,0,1,1,2,0,0,0,2,2,0,1,1,1,2,1,2,True,True,True,True,True,True,0,0,0,1,1,1
14026,Emmerich,51.83139,6.2424998,2,2,2,2,2,2,0,2,2,2,2,2,1,1,1,2,1,1,True,True,True,True,True,True,2,2,2,1,2,2
14027,Erkelenz,51.078609,6.313889,1,1,2,2,2,2,0,0,0,0,0,0,1,1,1,2,2,3,True,True,True,True,True,True,1,1,2,1,1,1
14028,Eschweiler,50.817223,6.2666669,1,1,1,1,1,1,0,0,0,0,0,0,1,1,1,1,2,1,True,True,True,True,True,True,1,1,1,1,1,1
14029,Essen,51.455833,7.0124998,1,1,1,1,2,2,2,3,3,3,3,3,1,1,1,2,1,1,True,True,True,True,True,True,1,1,1,1,2,2
14030,Essen-Steele,51.449444,7.0763888,1,1,1,2,2,2,0,0,0,0,0,0,1,1,2,1,1,1,True,True,True,True,True,True,1,1,1,2,2,2
14031,Essen-Werden,51.388332,7.0091667,1,1,1,1,1,2,0,0,0,0,0,0,1,1,1,1,1,1,True,True,True,True,True,True,1,1,1,1,1,2
14032,Euskirchen,50.660831,6.7858334,1,2,3,3,3,3,0,0,1,1,1,1,1,1,1,2,2,1,True,True,True,True,True,True,1,2,2,1,1,2
14033,Geilenkirchen,50.964443,6.1197224,1,1,1,1,1,1,0,0,0,1,1,1,1,1,2,1,2,2,True,True,True,True,True,True,1,1,1,1,1,1
14034,Geldern,51.517502,6.3233333,2,2,2,2,2,2,0,0,0,0,0,0,1,1,1,2,2,3,True,True,True,True,True,True,2,2,2,1,1,1
14035,Gemuend,50.574165,6.4972224,1,1,1,1,1,1,0,0,0,0,0,0,1,1,1,1,2,1,True,True,True,True,True,True,1,1,1,1,1,1
14036,Goch,51.674446,6.1586113,2,2,2,2,2,3,0,0,0,0,0,0,1,1,1,2,2,2,True,True,True,True,True,True,2,2,2,1,1,1
14037,Bad Godesberg,50.685555,7.1527777,1,1,1,1,1,1,0,0,0,0,0,0,1,1,1,1,1,1,True,True,True,True,True,True,1,1,1,1,1,1
14038,Grevenbroich,51.09111,6.5830555,0,1,2,2,2,2,0,0,0,0,0,0,1,1,2,1,2,1,True,True,True,True,True,True,0,1,1,2,1,2
14039,Gummersbach,51.026943,7.5677776,1,1,1,1,1,1,0,0,0,0,0,0,1,1,1,1,1,1,True,True,True,True,True,True,1,1,1,1,1,1
14040,Haan,51.192223,7.0105557,1,1,1,1,1,1,0,0,0,0,0,0,1,1,2,1,1,1,True,True,True,True,True,True,1,1,1,1,1,1
14041,Heiligenhaus,51.325832,6.9663887,1,1,1,1,1,1,0,0,0,0,0,0,1,1,1,1,1,1,True,True,True,True,True,True,1,1,1,1,1,1
14042,Heinsberg,51.038612,8.1502781,1,1,1,1,2,2,0,0,0,0,0,0,1,1,1,1,2,2,True,True,True,True,True,True,1,1,1,1,1,1
14043,Herzogenrath,50.865555,6.0891666,2,2,2,2,2,2,0,0,0,0,0,1,1,1,1,1,3,1,True,True,True,True,True,True,2,2,2,2,1,2
14044,Hilden,51.168056,6.9336109,1,1,1,1,1,1,0,0,0,0,0,0,1,1,2,1,1,1,True,True,True,True,True,True,1,1,1,1,1,1
14045,Hitdorf,51.060555,6.9183335,0,1,1,1,1,1,0,0,0,0,0,0,1,1,2,1,1,1,True,True,True,True,True,True,0,1,1,1,1,1
14046,Homberg,51.450554,6.7091665,1,1,1,1,1,1,0,0,0,0,0,0,1,1,1,1,1,2,True,True,True,True,True,True,1,1,1,1,1,1
14047,Bad Honnef,50.643333,7.228889,1,1,1,1,1,1,0,0,0,0,0,0,1,1,2,1,2,2,True,True,True,True,True,True,1,1,1,1,1,1
14048,Hueckeswagen,51.148335,7.334722,1,1,1,1,1,1,0,0,0,0,0,0,1,1,2,1,1,1,True,True,True,True,True,True,1,1,1,1,1,1
14049,Isselburg,51.830833,6.4655557,0,0,0,1,2,2,0,0,0,0,0,0,1,1,1,2,1,1,True,True,True,True,True,True,0,0,0,1,2,2
14050,Juelich,50.922501,6.3575001,2,2,2,2,2,2,0,0,0,0,0,0,1,1,1,1,2,1,True,True,True,True,True,True,2,2,2,2,1,2
14051,Kaldenkirchen,51.319721,6.1980557,1,1,1,1,1,1,0,0,3,3,3,3,1,1,1,1,2,1,True,True,True,True,True,True,1,1,1,1,1,1
14052,Kalkar,51.737221,6.2874999,2,2,2,2,3,3,0,0,0,0,0,0,1,1,1,2,1,1,True,True,True,True,True,True,2,2,2,1,2,2
14053,Kamp-Lintfort,51.503056,6.5447221,1,1,1,1,1,1,0,0,0,0,0,0,1,1,1,1,1,1,True,True,True,True,True,True,1,1,1,1,1,1
14054,Kaster,51.005833,6.5505557,1,2,2,2,2,2,0,0,0,0,0,0,1,1,1,1,2,1,True,True,True,True,True,True,1,2,2,2,1,2
14055,Kempen,51.364445,6.418611,1,2,2,2,2,2,0,0,0,1,1,1,1,1,1,1,1,1,True,True,True,True,True,True,1,2,2,2,2,2
14056,Kerpen,50.86972,6.6947222,1,1,1,1,1,1,0,0,0,0,0,0,1,1,1,1,2,2,True,True,True,True,True,True,1,1,1,1,1,1
14057,Kettwig,51.365276,6.9436111,1,1,1,1,1,1,0,0,1,1,1,1,1,1,1,1,1,1,True,True,True,True,True,True,1,1,1,1,1,1
14058,Kevelaer,51.581665,6.2469444,0,1,1,1,1,1,0,0,0,0,0,0,1,1,1,2,2,3,True,True,True,True,True,True,0,1,1,1,1,1
14059,Kleve,51.787777,6.1386113,2,2,2,2,2,2,0,0,0,0,1,1,1,1,1,2,1,1,True,True,True,True,True,True,2,2,2,1,2,2
14060,Koeln,50.938057,6.9569445,3,3,3,3,3,3,0,3,3,3,3,3,1,0,0,0,0,0,True,True,True,True,True,True,2,3,3,3,3,3
14061,Koeln-Deutz,50.934723,6.9877777,2,2,2,1,1,1,0,0,0,0,0,1,1,1,1,1,1,1,True,True,True,True,True,True,2,2,2,1,1,1
14062,Koeln-Kalk,50.94278,7.0063887,0,1,1,1,1,1,0,0,0,0,0,0,1,1,1,1,1,1,True,True,True,True,True,True,0,1,1,1,1,1
14063,Koeln-Muelheim,50.961113,6.9994445,1,1,2,2,2,2,0,0,0,0,0,0,1,1,2,1,1,1,True,True,True,True,True,True,1,1,1,2,2,2
14064,Koenigswinter,50.676666,7.1913891,1,1,1,1,1,1,0,0,0,0,0,0,1,1,1,1,1,1,True,True,True,True,True,True,1,1,1,1,1,1
14065,Krefeld,51.3325,6.5608335,1,1,1,2,2,2,0,0,0,1,1,1,1,1,1,1,1,2,True,True,True,True,True,True,1,1,1,2,2,1
14066,Langenberg (Rheinland),51.351112,7.1197224,0,1,1,1,1,1,0,0,0,0,0,0,1,1,2,1,1,1,True,True,True,True,True,True,0,1,1,1,1,1
14067,Langenfeld,51.110001,6.9488888,1,1,1,1,1,1,0,0,0,0,0,0,1,1,2,1,1,1,True,True,True,True,True,True,1,1,1,1,1,1
14068,Lechenich,50.799999,6.7647223,1,2,2,2,2,2,0,1,1,1,1,1,1,1,1,1,1,1,True,True,True,True,True,True,1,2,2,2,2,2
14069,Leichlingen,51.105835,7.0141668,1,1,1,1,1,1,0,0,0,0,0,0,1,1,2,1,1,1,True,True,True,True,True,True,1,1,1,1,1,1
14070,Leverkusen,51.028057,6.9944444,1,1,1,1,1,1,0,0,0,0,0,0,1,1,2,1,1,1,True,True,True,True,True,True,1,1,1,1,1,1
14071,Linnich,50.978889,6.2672224,1,2,2,2,2,2,0,0,0,0,0,0,1,1,1,2,2,1,True,True,True,True,True,True,1,2,2,1,1,2
14072,Meckenheim,50.625557,7.0397224,1,1,1,1,1,1,0,0,0,0,0,0,1,1,1,1,2,2,True,True,True,True,True,True,1,1,1,1,1,1
14073,Mettmann,51.251667,6.978611,1,1,1,1,1,1,0,0,0,0,1,1,1,1,2,1,1,1,True,True,True,True,True,True,1,1,1,1,1,1
14074,Moenchen Gladbach,51.194443,6.4313889,1,1,1,2,2,2,0,0,0,0,0,0,1,1,2,1,2,1,True,True,True,True,True,True,1,1,1,2,1,2
14075,Moers,51.453335,6.6277776,0,2,2,2,2,2,0,0,0,0,0,1,1,1,1,1,1,2,True,True,True,True,True,True,0,2,2,2,2,1
14076,Monschau,50.555279,6.2391667,1,1,1,2,2,2,0,0,0,0,0,0,1,1,1,2,2,1,True,True,True,True,True,True,1,1,1,1,1,2
14077,Muelheim a. d. Ruhr,51.43111,6.8797221,1,1,1,1,1,1,0,1,1,1,1,1,1,1,1,2,2,1,True,True,True,True,True,True,1,1,1,1,1,1
14078,Muenstereifel,50.556667,6.7649999,1,2,2,3,3,3,1,1,1,1,1,1,1,1,1,1,2,1,True,True,True,True,True,True,1,2,2,2,1,2
14079,Neuss,51.198612,6.6913891,2,2,2,2,2,2,1,3,3,3,3,3,1,1,1,1,1,1,True,True,True,True,True,True,2,2,2,2,2,2
14080,Neviges,51.310833,7.0888891,1,1,1,1,1,1,0,0,0,0,0,0,1,1,1,2,1,1,True,True,True,True,True,True,1,1,1,1,1,1
14081,Nideggen,50.690834,6.4850001,1,1,2,2,2,3,0,0,0,0,0,0,1,1,1,1,1,1,True,True,True,True,True,True,1,1,2,2,2,2
14082,Oberhausen,51.484444,6.8733335,1,1,1,1,1,1,0,0,0,0,0,0,1,1,1,1,1,1,True,True,True,True,True,True,1,1,1,1,1,1
14083,Oberhausen-Holten,51.52861,6.793889,1,1,2,2,2,2,0,0,0,0,0,0,1,1,1,1,1,1,True,True,True,True,True,True,1,1,2,2,2,2
14084,Oberhausen-Osterfeld,51.500557,6.8833332,1,1,1,1,1,1,0,0,0,0,0,0,1,1,1,1,1,1,True,True,True,True,True,True,1,1,1,1,1,1
14085,Oberhausen-Sterkrade,51.516666,6.8463888,1,1,1,1,1,1,0,0,0,0,0,0,1,1,1,2,1,1,True,True,True,True,True,True,1,1,1,1,1,1
14086,Opladen,51.06778,7.0027776,1,1,1,1,1,1,0,0,0,0,0,0,1,1,2,1,1,1,True,True,True,True,True,True,1,1,1,1,1,1
14087,Orsoy,51.523056,6.687222,1,2,2,2,2,2,0,0,0,0,0,0,1,1,1,2,1,1,True,True,True,True,True,True,1,2,2,1,2,2
14088,Radevormwald,51.203335,7.355,2,2,2,2,2,2,0,0,0,1,1,1,1,1,2,1,1,1,True,True,True,True,True,True,2,2,1,2,2,2
14089,Ratingen,51.296944,6.8494444,1,2,2,2,2,2,0,2,2,2,2,2,1,1,2,1,1,1,True,True,True,True,True,True,1,2,1,2,2,2
14090,Rees,51.759445,6.396111,2,2,2,2,3,3,1,1,1,1,1,1,1,1,1,2,1,1,True,True,True,True,True,True,2,2,2,1,2,2
14091,Remscheid,51.179722,7.1941667,1,1,1,1,1,1,0,0,0,0,0,0,1,1,2,1,1,1,True,True,True,True,True,True,1,1,1,1,1,1
14092,Remscheid-Lennep,51.192501,7.2577777,2,2,2,2,2,2,0,2,2,2,2,2,1,1,2,1,1,1,True,True,True,True,True,True,2,2,1,2,2,2
14093,Remscheid-Luettringhausen,51.211945,7.2402778,1,1,1,1,1,1,0,0,0,0,0,0,1,1,2,1,1,1,True,True,True,True,True,True,1,1,1,1,1,1
14094,Rheinbach,50.626389,6.9469442,1,1,2,2,2,2,0,0,0,0,0,0,1,1,1,1,1,1,True,True,True,True,True,True,1,1,2,2,2,2
14095,Rheinberg,51.544998,6.6025,2,2,2,2,3,3,1,1,1,1,1,1,1,1,1,1,1,1,True,True,True,True,True,True,2,2,2,2,2,2
14096,Rheinhausen,51.407223,6.7119446,1,1,1,1,1,1,0,0,0,0,0,0,1,1,1,1,1,2,True,True,True,True,True,True,1,1,1,1,1,1
14097,Rheydt,51.165833,6.4411111,1,1,1,1,1,1,0,0,0,0,0,0,1,1,2,1,2,1,True,True,True,True,True,True,1,1,1,1,1,1
14098,Schleiden,50.529999,6.4763889,1,1,1,1,1,1,0,0,0,0,0,0,1,1,1,1,2,1,True,True,True,True,True,True,1,1,1,1,1,1
14099,Siegburg,50.796391,7.2049999,1,1,1,1,1,1,1,1,1,1,1,1,1,1,1,1,1,1,True,True,True,True,True,True,1,1,1,1,1,1
14100,Solingen,51.171391,7.082778,1,1,1,1,2,2,0,2,2,2,2,2,1,1,2,2,1,1,True,True,True,True,True,True,1,1,1,1,2,2
14101,Stolberg,50.771667,6.2272224,1,1,1,1,1,1,0,0,0,0,0,0,1,1,1,1,1,1,True,True,True,True,True,True,1,1,1,1,1,1
14102,Straelen,51.44278,6.2652779,1,1,1,1,2,2,0,0,0,0,1,1,1,1,1,2,2,3,True,True,True,True,True,True,1,1,1,1,1,1
14103,Suechteln,51.285557,6.3686113,1,1,1,1,1,1,0,0,0,0,1,1,1,1,2,1,2,1,True,True,True,True,True,True,1,1,1,1,1,1
14104,Velbert,51.34,7.041389,1,1,1,1,1,1,0,0,0,0,0,0,1,1,2,1,1,1,True,True,True,True,True,True,1,1,1,1,1,1
14105,Viersen,51.252777,6.3933334,1,1,1,1,1,1,0,0,0,0,0,0,1,1,2,2,2,3,True,True,True,True,True,True,1,1,1,1,1,1
14106,Wermelskirchen,51.140278,7.2180557,1,1,1,1,1,1,0,0,0,0,0,0,1,1,2,1,1,1,True,True,True,True,True,True,1,1,1,1,1,1
14107,Wesel,51.657223,6.6172223,2,2,3,3,3,3,1,2,2,2,2,2,1,1,1,2,1,1,True,True,True,True,True,True,2,2,3,1,3,3
14108,Wevelinghoven,51.103611,6.6188889,1,1,1,1,1,1,0,0,0,0,0,0,1,1,1,2,1,1,True,True,True,True,True,True,1,1,1,1,1,1
14109,Wipperfuerth,51.116943,7.3986111,2,2,2,2,2,2,0,2,2,2,2,2,1,1,2,1,1,1,True,True,True,True,True,True,2,2,1,2,2,2
14110,Wuelfrath,51.280834,7.0330558,1,1,1,1,1,1,0,0,0,0,0,0,1,1,2,1,1,1,True,True,True,True,True,True,1,1,1,1,1,1
14111,Wuerselen,50.821388,6.1300001,1,1,1,1,1,1,0,0,0,0,0,0,1,1,1,1,1,1,True,True,True,True,True,True,1,1,1,1,1,1
14113,Wuppertal-Barmen,51.271946,7.1999998,1,1,1,1,1,1,0,0,0,0,0,0,1,1,1,1,1,1,True,True,True,True,True,True,1,1,1,1,1,1
14114,Wuppertal-Beyenburg,51.250278,7.3011112,1,1,1,1,1,1,0,0,0,0,0,0,1,1,2,1,1,1,True,True,True,True,True,True,1,1,1,1,1,1
14115,Wuppertal-Cronenberg,51.205276,7.1302776,1,1,1,1,1,1,0,0,0,0,0,0,1,1,1,2,2,1,True,True,True,True,True,True,1,1,1,1,1,1
14116,Wuppertal-Elberfeld,51.256111,7.1475,1,1,1,1,1,1,0,2,2,2,2,2,1,1,1,2,2,1,True,True,True,True,True,True,1,1,1,1,1,1
14117,Wuppertal-Ronsdorf,51.226112,7.1977777,1,1,1,1,1,1,0,0,0,0,0,0,1,1,1,1,1,1,True,True,True,True,True,True,1,1,1,1,1,1
14118,Wuppertal-Vohwinkel,51.230278,7.0688887,1,1,1,1,1,1,0,0,0,0,0,0,1,1,1,2,1,1,True,True,True,True,True,True,1,1,1,1,1,1
14119,Xanten,51.662224,6.4530554,2,2,2,2,2,2,1,1,1,1,1,1,1,1,1,1,2,1,True,True,True,True,True,True,2,2,2,2,1,2
14120,Zons,51.120556,6.8497224,1,1,1,2,2,2,0,0,0,1,1,1,1,1,1,1,1,1,True,True,True,True,True,True,1,1,1,2,2,2
14121,Zuelpich,50.69278,6.6516666,1,2,2,2,2,3,0,0,0,0,0,1,1,1,1,1,1,1,True,True,True,True,True,True,1,2,2,2,2,2
15001,Alsfeld,50.750832,9.271389,2,2,2,2,2,2,0,0,0,0,0,0,1,1,1,1,1,1,True,True,True,True,True,True,2,2,2,2,2,2
15002,Amoeneburg,50.796944,8.9247227,2,2,2,2,2,2,0,0,0,0,0,0,1,1,1,1,1,1,True,True,True,True,True,True,2,2,2,2,2,2
15003,Arolsen,51.380001,9.0169449,1,1,1,1,1,1,0,0,0,0,0,0,1,1,2,1,1,1,True,True,True,True,True,True,1,1,1,1,1,1
15004,Babenhausen,49.962776,8.9522219,1,2,2,2,3,3,0,1,1,1,1,1,1,1,1,2,1,2,True,True,True,True,True,True,1,2,2,1,2,1
15005,Battenberg,51.013611,8.6475,2,2,2,2,2,2,0,0,0,0,0,0,1,1,1,1,1,1,True,True,True,True,True,True,2,2,2,2,2,2
15006,Bebra,50.970001,9.7941666,1,1,1,1,1,1,0,0,0,0,0,0,1,1,1,2,1,1,True,True,True,True,True,True,1,1,1,1,1,1
15007,Beerfelden,49.567223,8.9736109,1,1,2,1,2,2,0,0,1,1,1,1,1,1,2,1,1,1,True,True,True,True,True,True,1,1,1,1,2,2
15008,Bensheim,49.679722,8.6188889,1,1,2,2,2,2,1,1,1,1,1,1,1,1,1,1,1,1,True,True,True,True,True,True,1,1,2,2,2,2
15009,Biedenkopf,50.91,8.5319443,1,2,2,2,2,2,0,0,0,0,0,0,1,1,1,1,1,1,True,True,True,True,True,True,1,2,2,2,2,2
15010,Borken (Hessen),51.045834,9.2869444,1,1,1,1,1,1,0,0,0,0,0,0,1,1,1,1,1,1,True,True,True,True,True,True,1,1,1,1,1,1
15011,Braunfels,50.514446,8.3894444,0,1,1,1,1,1,0,0,0,0,0,0,1,1,1,1,1,1,True,True,True,True,True,True,0,1,1,1,1,1
15012,Buedingen,50.2925,9.1138887,1,1,2,2,3,3,0,0,1,1,1,1,1,1,1,1,1,1,True,True,True,True,True,True,1,1,2,2,2,2
15013,Butzbach,50.433334,8.6719446,1,1,2,2,2,2,0,0,0,0,0,0,1,1,1,1,2,2,True,True,True,True,True,True,1,1,2,2,1,1
15014,Camberg,50.298054,8.2658329,1,1,1,2,2,3,0,0,0,0,0,1,1,1,1,2,1,2,True,True,True,True,True,True,1,1,1,1,2,1
15015,Darmstadt,49.873055,8.6563892,1,1,2,2,2,2,0,0,1,1,1,1,1,1,1,1,1,2,True,True,True,True,True,True,1,1,2,2,2,1
15016,Dieburg,49.899166,8.8400002,2,2,2,2,2,2,0,0,1,1,1,1,1,1,2,1,1,1,True,True,True,True,True,True,2,2,1,2,2,2
15017,Dillenburg,50.739166,8.2872219,1,1,2,2,2,3,0,0,1,1,1,1,1,1,2,1,1,1,True,True,True,True,True,True,1,1,1,2,2,2
15018,Dreieichenhain,50.000832,8.7108335,1,2,2,2,2,2,0,0,0,0,0,0,1,1,1,1,2,1,True,True,True,True,True,True,1,2,2,2,1,2
15019,Eltville,50.024723,8.1194448,1,1,2,2,2,3,1,1,1,1,1,1,1,1,1,1,1,1,True,True,True,True,True,True,1,1,2,2,2,2
15020,Eppstein,50.140278,8.3927774,1,1,2,2,2,2,0,0,0,0,0,0,1,1,1,1,1,1,True,True,True,True,True,True,1,1,2,2,2,2
15021,Erbach,49.657501,8.9925003,1,1,2,2,2,2,0,0,0,0,0,0,1,1,2,1,1,1,True,True,True,True,True,True,1,1,1,2,2,2
15022,Eschwege,51.185555,10.057777,2,2,3,3,3,3,1,1,1,1,1,1,1,1,1,2,2,1,True,True,True,True,True,True,2,2,2,1,1,2
15023,Felsberg,51.134445,9.4213886,2,2,2,2,2,2,0,0,0,0,0,0,1,1,1,1,1,1,True,True,True,True,True,True,2,2,2,2,2,2
15024,Floersheim,50.013611,8.4300003,1,1,1,1,1,1,1,1,1,1,1,1,1,1,1,1,2,2,True,True,True,True,True,True,1,1,1,1,1,1
15025,Frankenau,51.090279,8.9347219,2,2,1,1,1,1,0,0,0,0,0,0,1,1,1,1,1,1,True,True,True,True,True,True,2,2,1,1,1,1
15026,Frankenberg (Eder),51.058613,8.7991667,1,2,2,2,3,3,0,0,0,1,1,1,1,1,1,1,1,1,True,True,True,True,True,True,1,2,2,2,2,2
15027,Frankfurt,50.110832,8.6822224,1,3,3,3,3,3,3,3,3,3,3,3,1,1,1,0,0,0,True,True,True,True,True,True,1,3,3,3,3,3
15028,Frankfurt-Bockenheim,50.12389,8.6391668,1,1,1,1,1,1,0,0,0,0,0,0,1,1,2,1,1,1,True,True,True,True,True,True,1,1,1,1,1,1
15029,Frankfurt-Hoechst,50.099998,8.5491667,1,1,1,2,2,2,0,0,0,0,0,0,1,1,1,1,1,1,True,True,True,True,True,True,1,1,1,2,2,2
15030,Frankfurt-Roedelheim,50.124722,8.6130552,1,1,1,1,1,1,0,0,0,0,0,0,1,1,1,1,1,2,True,True,True,True,True,True,1,1,1,1,1,1
15031,Freienhagen,51.27861,9.0663891,0,2,2,2,2,2,0,0,0,0,0,0,1,1,2,2,1,1,True,True,True,True,True,True,0,2,1,1,2,2
15032,Friedberg (Hessen),50.337502,8.7538891,2,3,3,3,3,3,0,1,1,1,1,1,1,0,0,0,0,0,True,True,True,True,True,True,2,2,2,2,2,2
15033,Friedrichsdorf,50.256668,8.6416664,1,1,1,1,1,1,0,0,0,0,0,0,1,1,1,1,1,2,True,True,True,True,True,True,1,1,1,1,1,1
15034,Fritzlar,51.130833,9.2752781,2,3,3,3,3,3,0,0,0,0,0,1,1,1,1,1,1,1,True,True,True,True,True,True,2,2,2,2,2,2
15035,Fuerstenberg (Hessen),51.168056,8.8319445,0,2,2,2,3,3,0,0,0,0,0,0,1,1,1,1,1,1,True,True,True,True,True,True,0,2,2,2,2,2
15036,Fulda,50.553055,9.6750002,2,2,2,2,2,2,1,1,1,1,1,1,1,1,1,1,1,1,True,True,True,True,True,True,2,2,2,2,2,2
15037,Gedern,50.424168,9.1977777,1,1,1,2,2,2,0,0,0,1,1,1,1,1,2,1,2,1,True,True,True,True,True,True,1,1,1,2,1,2
15038,Geisenheim,49.983055,7.9661112,1,1,1,2,2,2,0,0,1,1,1,1,1,1,1,1,1,1,True,True,True,True,True,True,1,1,1,2,2,2
15039,Gelnhausen,50.203056,9.1913891,3,3,3,3,3,3,1,1,2,2,2,2,0,1,1,1,1,1,True,True,True,True,True,True,2,2,3,3,3,3
15040,Gemuenden,50.97139,8.9691668,2,2,2,2,2,2,0,0,0,0,0,1,1,1,1,1,2,1,True,True,True,True,True,True,2,2,2,2,1,2
15041,Gernsheim,49.752224,8.4930553,1,1,1,2,3,2,0,0,0,0,0,1,1,1,1,1,1,1,True,True,True,True,True,True,1,1,1,2,2,2
15042,Gersfeld,50.450001,9.9202776,1,1,1,2,2,2,0,0,0,0,0,0,1,1,1,1,1,1,True,True,True,True,True,True,1,1,1,2,2,2
15043,Giessen,50.586113,8.6747227,2,2,2,2,2,3,0,0,0,1,1,1,1,1,2,2,1,1,True,True,True,True,True,True,2,2,1,1,2,2
15044,Grebenstein,51.446667,9.414444,0,1,2,2,2,2,0,0,0,0,0,0,1,1,1,1,1,1,True,True,True,True,True,True,0,1,2,2,2,2
15045,Grossalmerode,51.2575,9.7852774,0,0,0,0,0,1,0,0,0,0,0,0,1,1,1,1,1,1,True,True,True,True,True,True,0,0,0,0,0,1
15046,Grossauheim,50.104721,8.9447222,1,1,1,1,1,1,0,0,0,0,0,0,1,1,1,1,1,1,True,True,True,True,True,True,1,1,1,1,1,1
15047,Grossenlinden,50.529999,8.6525002,1,1,1,1,1,1,0,0,0,1,1,1,1,1,1,1,1,1,True,True,True,True,True,True,1,1,1,1,1,1
15048,Gross-Gerau,49.921391,8.4822226,1,2,2,2,2,2,0,0,0,0,0,0,1,1,1,1,1,2,True,True,True,True,True,True,1,2,2,2,2,1
15049,Gross-Umstadt,49.867779,8.9258337,1,2,2,2,2,2,0,0,0,0,1,1,1,1,1,2,1,2,True,True,True,True,True,True,1,2,2,1,2,1
15050,Gruenberg (Hessen),50.592499,8.958889,2,2,2,2,2,2,0,0,0,0,0,1,1,1,1,1,1,1,True,True,True,True,True,True,2,2,2,2,2,2
15051,Grueningen,50.509445,8.729722,1,1,1,1,1,2,0,0,0,1,1,1,1,1,1,1,2,1,True,True,True,True,True,True,1,1,1,1,1,2
15052,Gudensberg,51.178333,9.3658333,2,2,2,2,2,2,0,0,0,0,0,0,1,1,1,1,1,1,True,True,True,True,True,True,2,2,2,2,2,2
15053,Hadamar,50.448612,8.0458336,1,1,2,2,2,2,0,0,0,1,1,1,1,1,2,2,1,2,True,True,True,True,True,True,1,1,1,1,2,1
15054,Haiger,50.743057,8.2049999,1,1,1,1,1,1,1,1,1,1,1,1,1,1,2,1,1,1,True,True,True,True,True,True,1,1,1,1,1,1
15055,Hanau,50.135555,8.915,1,1,2,2,2,3,0,0,1,1,1,2,1,1,1,1,1,1,True,True,True,True,True,True,1,1,2,2,2,3
15056,Hatzfeld,50.9925,8.5472221,1,1,2,2,2,2,0,0,0,0,0,0,1,1,3,1,1,1,True,True,True,True,True,True,1,1,1,2,2,2
15057,Helmarshausen,51.630554,9.46,2,2,2,2,2,3,1,1,1,1,1,1,1,1,1,1,1,1,True,True,True,True,True,True,2,2,2,2,2,2
15058,Heppenheim,49.642223,8.6386108,1,1,2,2,2,2,0,0,0,0,0,0,1,1,1,1,1,1,True,True,True,True,True,True,1,1,2,2,2,2
15059,Herborn,50.682499,8.3027782,1,3,3,3,3,3,0,1,1,1,1,1,1,1,1,1,1,1,True,True,True,True,True,True,1,2,2,2,2,2
15060,Herbstein,50.562222,9.3486109,1,2,2,2,2,2,0,0,0,0,0,0,1,1,1,1,1,1,True,True,True,True,True,True,1,2,2,2,2,2
15061,Hersfeld,50.867779,9.7058334,3,2,2,3,3,3,1,1,1,1,1,1,0,1,1,1,1,1,True,True,True,True,True,True,2,2,2,2,2,2
15062,Hessisch-Lichtenau,51.198055,9.7213888,0,2,2,2,2,2,0,0,0,0,0,0,1,1,1,1,1,1,True,True,True,True,True,True,0,2,2,2,2,2
15063,Hirschhorn,49.447224,8.8966665,0,0,1,2,2,2,0,0,0,1,1,1,1,1,1,1,1,1,True,True,True,True,True,True,0,0,1,2,2,2
15064,Hochheim,50.011112,8.353056,1,1,1,1,1,1,0,0,0,0,0,1,1,1,1,1,1,1,True,True,True,True,True,True,1,1,1,1,1,1
15065,Hofgeismar,51.494167,9.3833332,2,2,2,3,3,3,0,0,0,1,1,1,1,1,1,1,1,1,True,True,True,True,True,True,2,2,2,2,2,2
15066,Hofheim,50.087502,8.4461107,1,1,1,2,2,2,0,0,0,1,1,1,1,1,1,2,1,1,True,True,True,True,True,True,1,1,1,1,2,2
15067,Homberg/Efze,51.032776,9.4069443,2,2,2,2,2,2,0,0,0,0,0,0,1,1,1,1,1,1,True,True,True,True,True,True,2,2,2,2,2,2
15068,Homberg/Ohm,50.730835,9.001111,1,1,2,2,2,2,0,0,0,0,0,0,1,1,1,1,1,1,True,True,True,True,True,True,1,1,2,2,2,2
15069,Bad Homburg,50.228333,8.6127777,1,1,1,1,1,1,0,0,0,1,1,1,1,1,2,1,1,1,True,True,True,True,True,True,1,1,1,1,1,1
15070,Huenfeld,50.672779,9.7688885,1,1,2,2,2,2,1,1,1,1,1,1,1,1,1,1,1,1,True,True,True,True,True,True,1,1,2,2,2,2
15071,Hungen,50.475555,8.9013891,1,1,1,2,2,2,0,0,0,0,0,1,1,1,1,1,2,1,True,True,True,True,True,True,1,1,1,2,1,2
15072,Idstein,50.220833,8.2705555,1,2,2,2,2,2,0,1,1,1,1,1,1,1,1,1,1,1,True,True,True,True,True,True,1,2,2,2,2,2
15073,Immenhausen,51.427223,9.4799995,1,2,3,3,3,3,0,0,0,0,0,0,1,1,1,2,2,1,True,True,True,True,True,True,1,2,2,1,1,2
15074,Karlshafen,51.643612,9.4536114,1,1,1,1,1,1,0,0,0,0,0,0,1,1,1,1,1,1,True,True,True,True,True,True,1,1,1,1,1,1
15075,Kassel,51.314445,9.4949999,2,2,2,2,3,3,0,0,3,3,3,3,1,1,1,1,1,1,True,True,True,True,True,True,2,2,2,2,3,3
15076,Kelkheim,50.134724,8.4536114,1,1,1,1,1,1,0,0,0,0,0,0,1,1,1,1,1,1,True,True,True,True,True,True,1,1,1,1,1,1
15077,Kelsterbach,50.063332,8.5288887,1,1,1,1,1,1,0,0,0,0,0,0,1,1,1,1,2,1,True,True,True,True,True,True,1,1,1,1,1,1
15078,Kirchhain,50.820557,8.9205551,1,1,2,3,3,3,0,0,0,1,1,1,1,1,1,2,2,1,True,True,True,True,True,True,1,1,2,1,1,2
15079,Koenigstein im Taunus,50.182499,8.4647226,1,1,2,2,2,2,0,0,0,0,0,0,1,1,1,1,2,1,True,True,True,True,True,True,1,1,2,2,1,2
15080,Korbach,51.271667,8.8730555,3,3,3,3,3,3,0,2,2,2,2,2,1,1,1,2,1,2,True,True,True,True,True,True,2,3,3,1,3,1
15081,Kronberg,50.179443,8.5105553,1,1,2,2,3,3,0,0,0,1,1,1,1,1,1,1,1,1,True,True,True,True,True,True,1,1,2,2,2,2
15082,Lampertheim,49.595554,8.4624996,1,1,1,1,1,1,0,0,0,0,0,0,1,1,1,1,1,1,True,True,True,True,True,True,1,1,1,1,1,1
15083,Landau ueber Arolsen,51.341946,9.0852776,0,2,2,2,2,2,0,0,0,0,0,0,1,1,2,2,2,1,True,True,True,True,True,True,0,2,1,1,1,2
15084,Langen,49.989445,8.6791668,1,1,1,1,1,1,0,0,0,0,0,0,1,1,1,1,2,1,True,True,True,True,True,True,1,1,1,1,1,1
15085,Laubach,50.5425,8.9899998,1,1,1,1,1,1,0,0,0,0,0,0,1,1,1,1,3,1,True,True,True,True,True,True,1,1,1,1,1,1
15086,Lauterbach,50.635555,9.3977776,1,2,2,2,2,2,0,0,0,0,0,0,1,1,1,1,1,1,True,True,True,True,True,True,1,2,2,2,2,2
15087,Lich,50.519165,8.8188887,1,2,2,2,2,2,0,0,0,0,0,0,1,1,1,1,2,1,True,True,True,True,True,True,1,2,2,2,1,2
15088,Liebenau,51.494167,9.2836113,0,2,2,3,3,3,0,0,0,1,1,1,1,1,1,2,1,2,True,True,True,True,True,True,0,2,2,1,2,1
15089,Limburg,50.387222,8.0638885,2,2,2,3,3,3,1,1,1,1,1,1,1,1,2,1,1,1,True,True,True,True,True,True,2,2,1,2,2,2
15090,Lindenfels,49.682777,8.7797222,2,2,2,2,2,2,0,0,1,1,1,1,1,1,2,1,1,1,True,True,True,True,True,True,2,2,1,2,2,2
15091,Lorch (Rheingau),50.045555,7.8038888,2,2,2,2,2,2,0,1,1,1,1,1,1,1,1,1,1,1,True,True,True,True,True,True,2,2,2,2,2,2
15092,Marburg,50.807499,8.7722225,1,1,3,3,3,3,0,0,0,0,0,0,1,1,1,1,1,1,True,True,True,True,True,True,1,1,2,2,2,2
15093,Melsungen,51.130833,9.5436115,2,2,2,3,3,3,0,0,0,0,1,1,1,1,1,2,1,1,True,True,True,True,True,True,2,2,2,1,2,2
15094,Mengeringhausen,51.36639,8.9861107,1,1,3,3,3,3,0,0,1,1,1,1,1,1,2,1,1,1,True,True,True,True,True,True,1,1,1,2,2,2
15095,Michelstadt,49.679165,9.0038891,1,1,2,2,2,3,0,0,0,0,0,0,1,1,1,1,1,1,True,True,True,True,True,True,1,1,2,2,2,2
15096,Muehlheim,50.122501,8.8352776,1,1,1,1,1,1,0,0,0,0,0,0,1,1,1,1,2,1,True,True,True,True,True,True,1,1,1,1,1,1
15097,Bad Nauheim,50.363335,8.7347221,1,1,1,1,1,1,0,0,0,0,0,0,1,1,1,1,1,2,True,True,True,True,True,True,1,1,1,1,1,1
15098,Naumburg,51.247223,9.1647224,2,2,2,2,2,2,0,0,0,0,0,0,1,1,1,1,1,1,True,True,True,True,True,True,2,2,2,2,2,2
15099,Neckarsteinach,49.407776,8.8388891,1,1,1,3,3,3,0,0,0,0,0,0,1,1,1,1,1,1,True,True,True,True,True,True,1,1,1,2,2,2
15100,Neu-Isenburg,50.050278,8.6952782,0,0,0,0,0,0,0,0,0,0,0,0,1,1,1,1,2,1,True,True,True,True,True,True,0,0,0,0,0,0
15101,Neukirchen,50.870834,9.3427782,1,1,1,2,2,2,0,0,0,0,0,1,1,1,1,1,2,1,True,True,True,True,True,True,1,1,1,2,1,2
15102,Neustadt (Hessen),50.852501,9.1152782,0,2,2,3,3,3,0,0,0,0,0,0,1,1,1,1,1,1,True,True,True,True,True,True,0,2,2,2,2,2
15103,Niedenstein,51.235554,9.3125,2,2,2,2,2,2,0,0,0,0,0,0,1,1,1,1,1,1,True,True,True,True,True,True,2,2,2,2,2,2
15104,Nidda,50.413612,9.0063887,1,1,1,1,1,1,0,0,0,0,0,0,1,1,1,1,2,2,True,True,True,True,True,True,1,1,1,1,1,1
15105,Oberursel,50.200554,8.582222,1,1,1,1,2,3,0,0,1,1,1,1,1,1,1,1,2,1,True,True,True,True,True,True,1,1,1,1,1,2
15106,Offenbach,50.105556,8.7641668,1,1,1,1,1,1,0,0,0,0,0,0,1,1,1,1,2,2,True,True,True,True,True,True,1,1,1,1,1,1
15107,Bad Orb,50.227779,9.3480558,1,2,2,3,3,3,0,0,0,0,0,1,1,1,2,1,1,1,True,True,True,True,True,True,1,2,1,2,2,2
15108,Ortenberg,50.35611,9.0536108,1,2,2,2,2,3,0,1,1,1,1,1,1,1,1,2,1,1,True,True,True,True,True,True,1,2,2,1,2,2
15109,Pfungstadt,49.801666,8.5974998,1,1,1,1,1,2,0,0,0,0,0,0,1,1,2,1,2,2,True,True,True,True,True,True,1,1,1,1,1,1
15110,Rauschenberg,50.883335,8.9147224,1,2,2,2,2,2,0,0,0,0,0,0,1,1,1,1,2,1,True,True,True,True,True,True,1,2,2,2,1,2
15111,Reinheim,49.825832,8.8347225,0,2,2,2,2,2,0,0,0,0,0,0,1,1,2,1,1,2,True,True,True,True,True,True,0,2,1,2,2,1
15112,Rhoden,51.473057,9.0108337,2,2,2,2,2,2,1,1,1,1,1,1,1,1,1,1,1,1,True,True,True,True,True,True,2,2,2,2,2,2
15113,Rosenthal,50.974445,8.8677778,0,0,2,2,2,2,0,0,0,0,0,0,1,1,1,1,1,1,True,True,True,True,True,True,0,0,2,2,2,2
15114,Rotenburg a. d. Fulda,50.996387,9.7244444,2,2,2,2,2,2,0,0,0,0,0,0,1,1,1,2,1,1,True,True,True,True,True,True,2,2,2,1,2,2
15115,Ruedesheim,49.979168,7.9263887,1,1,1,1,1,1,1,1,1,1,1,1,1,1,1,1,1,1,True,True,True,True,True,True,1,1,1,1,1,1
15116,Ruesselsheim,49.99472,8.4113894,1,1,1,1,2,2,0,0,0,0,0,0,1,1,2,1,2,2,True,True,True,True,True,True,1,1,1,1,1,1
15117,Runkel,50.405277,8.1566668,1,1,2,2,2,2,0,0,0,0,0,0,1,1,1,1,1,1,True,True,True,True,True,True,1,1,2,2,2,2
15118,Sachsenberg,51.126667,8.7897224,2,2,2,2,3,3,0,0,0,0,0,1,1,1,1,1,1,1,True,True,True,True,True,True,2,2,2,2,2,2
15119,Sachsenhausen,51.24472,9.0055552,2,2,2,2,2,2,0,0,0,0,0,0,1,1,1,1,1,1,True,True,True,True,True,True,2,2,2,2,2,2
15120,Salmuenster,50.274723,9.3716669,1,1,2,2,2,2,0,0,0,0,0,0,1,1,1,1,1,1,True,True,True,True,True,True,1,1,2,2,2,2
15121,Schlitz,50.675278,9.5583334,1,1,1,1,1,1,0,0,0,0,0,0,1,1,1,1,1,1,True,True,True,True,True,True,1,1,1,1,1,1
15122,Schluechtern,50.346943,9.5241671,1,1,1,1,1,1,0,0,0,0,0,0,1,1,1,1,1,1,True,True,True,True,True,True,1,1,1,1,1,1
15123,Schotten,50.502224,9.1241665,1,1,1,2,2,2,0,0,0,0,0,0,1,1,2,1,2,1,True,True,True,True,True,True,1,1,1,2,1,2
15124,Bad Schwalbach,50.139999,8.0697222,0,0,0,1,1,1,0,0,0,0,0,0,1,1,1,2,1,2,True,True,True,True,True,True,0,0,0,1,1,1
15125,Schwarzenborn,50.909721,9.4455557,1,2,2,2,2,2,0,0,0,0,0,0,1,1,1,1,2,2,True,True,True,True,True,True,1,2,2,2,1,1
15126,Schweinsberg,50.768333,8.9608335,1,1,2,2,2,2,0,0,1,1,1,1,1,1,1,2,2,1,True,True,True,True,True,True,1,1,2,1,1,2
15127,Seligenstadt,50.044167,8.9724998,2,2,2,3,3,3,1,1,1,1,1,1,1,1,2,1,1,1,True,True,True,True,True,True,2,2,1,2,2,2
15128,Bad Soden/Salmuenster,50.293056,9.3661108,1,2,2,2,2,2,0,0,0,0,0,0,1,1,1,1,1,1,True,True,True,True,True,True,1,2,2,2,2,2
15129,Bad Soden/Taunus,50.140556,8.499444,1,1,1,1,1,1,0,0,0,0,0,0,1,2,2,2,2,2,True,True,True,True,True,True,1,1,1,1,1,1
15130,Sontra,51.06889,9.9327774,1,1,1,2,2,2,0,0,0,1,1,1,1,1,2,2,2,1,True,True,True,True,True,True,1,1,1,1,1,2
15131,Bad Sooden-Allendorf,51.279724,9.9663887,2,2,2,2,3,3,1,1,1,1,1,1,1,1,1,1,1,1,True,True,True,True,True,True,2,2,2,2,2,2
15132,Spangenberg,51.116665,9.6583338,1,1,2,3,3,3,0,0,0,0,0,0,1,1,2,1,1,1,True,True,True,True,True,True,1,1,1,2,2,2
15133,Sprendlingen,50.018055,8.6952782,1,1,1,1,1,1,0,0,0,0,0,0,1,1,1,1,2,1,True,True,True,True,True,True,1,1,1,1,1,1
15134,Steinau,50.312778,9.46,1,2,2,2,2,2,0,1,1,1,1,1,1,1,1,2,2,1,True,True,True,True,True,True,1,2,2,1,1,2
15135,Steinheim (Hessen),50.106388,8.9136114,1,1,2,3,3,3,0,0,0,0,0,0,1,1,1,1,2,1,True,True,True,True,True,True,1,1,2,2,1,2
15136,Tann,50.643612,10.023334,2,2,2,2,2,2,0,0,0,0,1,1,1,1,2,1,1,1,True,True,True,True,True,True,2,2,1,2,2,2
15137,Trendelburg,51.575279,9.4302778,1,1,2,2,2,2,0,0,0,0,0,0,1,1,2,1,1,2,True,True,True,True,True,True,1,1,1,2,2,1
15138,Treysa,50.911945,9.1883335,2,2,2,2,2,2,0,0,0,0,0,0,1,1,1,1,2,2,True,True,True,True,True,True,2,2,2,2,1,1
15139,Ulrichstein,50.576389,9.1922226,0,1,2,2,2,2,0,0,1,1,1,1,1,1,1,1,1,1,True,True,True,True,True,True,0,1,2,2,2,2
15140,Usingen,50.333611,8.5369444,1,1,2,2,2,2,0,0,0,0,0,1,1,1,1,2,1,1,True,True,True,True,True,True,1,1,2,1,2,2
15141,Viernheim,49.536945,8.5819445,1,1,1,1,1,1,0,0,0,0,0,0,1,1,1,1,1,1,True,True,True,True,True,True,1,1,1,1,1,1
15142,Bad Vilbel,50.177502,8.7352781,1,1,1,1,1,1,0,0,0,0,0,0,1,1,1,1,2,1,True,True,True,True,True,True,1,1,1,1,1,1
15143,Volkmarsen,51.411945,9.1199999,2,3,3,3,3,3,0,0,0,0,0,0,1,1,1,1,1,1,True,True,True,True,True,True,2,2,2,2,2,2
15144,Waechtersbach,50.2575,9.292222,1,1,1,2,3,3,0,0,0,0,0,0,1,1,1,2,1,1,True,True,True,True,True,True,1,1,1,1,2,2
15145,Waldeck,51.20639,9.0616665,2,2,2,2,2,2,0,0,0,0,0,0,1,1,2,1,1,1,True,True,True,True,True,True,2,2,1,2,2,2
15146,Waldkappel,51.143612,9.873333,1,1,1,1,2,2,0,0,0,0,0,0,1,1,2,1,1,1,True,True,True,True,True,True,1,1,1,1,2,2
15147,Wanfried,51.183056,10.17,1,1,1,1,1,1,0,0,0,0,0,0,1,1,2,2,2,1,True,True,True,True,True,True,1,1,1,1,1,1
15148,Weilburg,50.484165,8.2636108,1,2,2,2,2,1,0,1,1,1,1,1,1,1,1,2,1,1,True,True,True,True,True,True,1,2,2,1,2,1
15149,Wetter,50.903057,8.7238894,2,2,2,2,2,2,0,0,0,0,0,1,1,1,1,1,1,1,True,True,True,True,True,True,2,2,2,2,2,2
15150,Wetzlar,50.554165,8.5008335,3,3,3,3,3,3,0,1,1,1,1,1,0,1,1,1,1,1,True,True,True,True,True,True,2,2,2,2,2,2
15151,Wiesbaden,50.081665,8.2388887,1,1,1,1,1,1,0,0,0,1,1,1,1,1,1,1,1,2,True,True,True,True,True,True,1,1,1,1,1,1
15152,Wiesbaden-Biebrich,50.047501,8.2408333,1,1,1,1,1,1,0,0,0,0,0,0,1,1,1,1,1,2,True,True,True,True,True,True,1,1,1,1,1,1
15153,Bad Wildungen,51.119446,9.1252775,1,2,2,2,3,3,0,1,1,1,1,1,1,1,2,1,1,1,True,True,True,True,True,True,1,2,1,2,2,2
15154,Bad Wildungen-Alt Wildungen,51.126945,9.1274996,0,0,1,1,1,1,0,0,0,0,0,0,1,1,2,1,1,1,True,True,True,True,True,True,0,0,1,1,1,1
15155,Windecken,50.220833,8.8758335,1,2,2,2,2,2,0,1,1,1,1,1,1,1,1,1,1,1,True,True,True,True,True,True,1,2,2,2,2,2
15156,Witzenhausen,51.341389,9.8586111,1,2,2,2,2,3,1,1,1,1,1,1,1,1,1,1,1,1,True,True,True,True,True,True,1,2,2,2,2,2
15157,Wolfhagen,51.325832,9.1694441,2,2,2,3,3,3,0,0,0,1,1,1,1,1,1,2,1,1,True,True,True,True,True,True,2,2,2,1,2,2
15158,Ziegenhain,50.910557,9.2347221,2,2,2,2,2,2,0,0,0,0,0,0,1,1,1,1,2,2,True,True,True,True,True,True,2,2,2,2,1,1
15159,Zierenberg,51.3675,9.3000002,0,2,2,2,3,3,0,0,0,0,0,0,1,1,1,1,1,1,True,True,True,True,True,True,0,2,2,2,2,2
15160,Zueschen,51.171665,9.228611,0,0,2,2,2,2,0,0,0,0,0,0,1,1,1,1,1,1,True,True,True,True,True,True,0,0,2,2,2,2
15161,Zwingenberg,49.725834,8.6122227,0,2,2,2,2,2,0,0,0,0,0,0,1,1,1,1,1,2,True,True,True,True,True,True,0,2,2,2,2,1
16001,Aalen,48.834999,10.092222,1,2,2,3,3,3,0,0,0,1,1,1,1,1,1,0,0,0,True,True,True,True,True,True,1,2,2,2,2,2
16002,Asperg,48.905834,9.1352777,1,1,1,1,1,1,0,0,0,0,0,0,1,1,2,1,1,1,True,True,True,True,True,True,1,1,1,1,1,1
16003,Backnang,48.946667,9.4244442,2,2,2,2,2,3,0,0,0,0,0,0,1,1,2,1,1,1,True,True,True,True,True,True,2,2,1,2,2,2
16004,Bartenstein (Schrozberg),49.355835,9.8888893,1,1,1,1,1,1,0,0,0,0,0,0,1,1,1,1,1,2,True,True,True,True,True,True,1,1,1,1,1,1
16005,Beilstein,49.040833,9.313611,1,1,2,2,2,2,0,0,0,0,0,0,1,1,2,2,2,2,True,True,True,True,True,True,1,1,1,1,1,1
16006,Besigheim,49.0,9.1405554,1,2,2,2,2,3,0,0,0,0,1,1,1,1,1,1,1,2,True,True,True,True,True,True,1,2,2,2,2,1
16007,Bietigheim,48.959999,9.126111,1,1,1,2,2,2,0,0,0,1,1,1,1,1,1,2,1,1,True,True,True,True,True,True,1,1,1,1,2,2
16008,Blaubeuren,48.412498,9.7836113,1,2,2,2,3,3,0,0,0,0,1,1,1,1,2,2,2,1,True,True,True,True,True,True,1,2,1,1,1,2
16009,Boeblingen,48.685276,9.0094442,1,2,2,2,2,2,0,0,0,0,0,0,1,1,2,1,1,1,True,True,True,True,True,True,1,2,1,2,2,2
16010,Boennigheim,49.040833,9.0961113,1,1,1,1,1,1,0,0,0,0,0,1,1,1,1,1,1,1,True,True,True,True,True,True,1,1,1,1,1,1
16011,Bopfingen,48.857777,10.351389,3,3,3,3,3,3,0,0,0,0,0,0,0,0,0,0,0,0,True,True,True,True,True,True,2,2,2,2,2,2
16012,Brackenheim,49.078335,9.0669441,1,2,2,2,2,2,0,0,0,0,0,0,1,1,2,1,1,1,True,True,True,True,True,True,1,2,1,2,2,2
16013,Crailsheim,49.135555,10.071111,1,1,2,2,2,2,0,0,1,1,1,1,1,1,2,2,1,2,True,True,True,True,True,True,1,1,1,1,2,1
16014,Creglingen,49.470276,10.0325,1,1,2,2,2,2,0,0,0,0,0,0,1,1,1,2,2,2,True,True,True,True,True,True,1,1,2,1,1,1
16015,Eislingen/Fils,48.700832,9.7075005,1,1,1,1,1,1,0,0,0,0,0,0,1,1,2,1,1,1,True,True,True,True,True,True,1,1,1,1,1,1
16016,Ellwangen/Jagst,48.962776,10.131945,2,2,2,2,3,3,0,0,0,0,0,0,1,1,1,1,1,1,True,True,True,True,True,True,2,2,2,2,2,2
16017,Esslingen/Neckar,48.741112,9.3094444,3,3,3,3,3,3,1,1,1,1,1,1,0,0,0,0,0,0,True,True,True,True,True,True,2,2,2,2,2,2
16018,Fellbach,48.806667,9.2783337,1,1,1,1,1,1,0,0,0,0,0,0,1,1,1,1,1,1,True,True,True,True,True,True,1,1,1,1,1,1
16019,Forchtenberg,49.287224,9.5622225,1,2,2,2,2,2,0,0,0,0,0,0,1,1,2,1,1,1,True,True,True,True,True,True,1,2,1,2,2,2
16020,Bad Friedrichshall,49.220554,9.228056,1,1,1,1,1,1,0,0,0,0,0,0,1,1,1,1,1,2,True,True,True,True,True,True,1,1,1,1,1,1
16021,Gaildorf,49.000278,9.769722,0,1,1,1,2,2,0,0,0,0,1,1,1,1,1,1,1,1,True,True,True,True,True,True,0,1,1,1,2,2
16022,Geislingen/Steige,48.624722,9.8269444,1,1,1,2,2,3,0,0,0,1,1,1,1,1,1,2,1,1,True,True,True,True,True,True,1,1,1,1,2,2
16023,Gerabronn,49.251667,9.9224997,1,1,1,2,2,2,0,0,0,0,1,1,1,1,1,2,1,2,True,True,True,True,True,True,1,1,1,1,2,1
16024,Gerlingen,48.800556,9.061944,1,1,1,1,1,1,0,0,0,0,0,0,1,1,2,1,1,1,True,True,True,True,True,True,1,1,1,1,1,1
16025,Giengen/Brenz,48.620556,10.244722,1,2,3,3,3,3,0,0,0,0,0,0,1,1,0,0,0,0,True,True,True,True,True,True,1,2,2,2,2,2
16026,Goeppingen,48.703056,9.6538887,1,1,1,1,2,2,0,0,0,0,0,0,1,1,2,1,1,1,True,True,True,True,True,True,1,1,1,1,2,2
16027,Groetzingen,48.627499,9.2633333,1,1,2,2,2,2,0,0,1,1,1,1,1,1,2,2,2,2,True,True,True,True,True,True,1,1,1,1,1,1
16028,Grossbottwar,48.999443,9.292222,2,2,2,2,2,2,0,0,0,0,0,1,1,1,1,2,2,2,True,True,True,True,True,True,2,2,2,1,1,1
16029,Grosssachsenheim,48.959446,9.0633335,1,1,1,1,1,2,0,0,0,0,0,1,1,1,2,1,1,1,True,True,True,True,True,True,1,1,1,1,1,2
16030,Gueglingen,49.066666,8.998333,1,2,2,2,2,2,0,0,0,0,0,0,1,1,2,1,1,1,True,True,True,True,True,True,1,2,1,2,2,2
16031,Gundelsheim,49.28389,9.1605558,1,1,1,2,2,2,0,0,0,1,1,1,1,1,1,1,1,1,True,True,True,True,True,True,1,1,1,2,2,2
16032,Heidenheim,48.677502,10.154445,1,1,2,2,2,2,0,0,0,1,1,1,1,1,2,2,2,2,True,True,True,True,True,True,1,1,1,1,1,1
16033,Heilbronn,49.140278,9.2177782,1,3,3,3,3,3,0,1,1,1,1,1,1,0,0,0,0,0,True,True,True,True,True,True,1,2,2,2,2,2
16034,Heimsheim,48.805557,8.8636112,1,1,1,1,1,2,0,0,0,0,0,1,1,1,1,2,2,1,True,True,True,True,True,True,1,1,1,1,1,2
16035,Herrenberg,48.595554,8.8672218,1,1,1,1,1,1,0,0,0,0,0,0,1,1,1,2,1,1,True,True,True,True,True,True,1,1,1,1,1,1
16036,Heubach,48.788612,9.9344444,0,1,1,1,1,1,0,0,0,0,0,0,1,1,2,2,1,1,True,True,True,True,True,True,0,1,1,1,1,1
16037,Ilshofen,49.169724,9.9208336,1,1,2,2,2,2,0,0,1,1,1,1,1,1,2,1,1,1,True,True,True,True,True,True,1,1,1,2,2,2
16038,Ingelfingen,49.300835,9.6505556,1,1,2,2,2,2,0,0,1,1,1,1,1,1,1,2,2,1,True,True,True,True,True,True,1,1,2,1,1,2
16039,Kirchberg/Jagst,49.202221,9.9811115,1,1,1,1,1,1,0,0,0,1,1,1,1,1,1,2,1,1,True,True,True,True,True,True,1,1,1,1,1,1
16040,Kirchheim unter Teck,48.645832,9.4536114,1,2,2,2,2,2,0,0,0,0,0,0,1,1,1,2,1,1,True,True,True,True,True,True,1,2,2,1,2,2
16041,Kleingartach,49.100277,8.9736109,1,1,1,1,1,1,0,0,0,0,1,1,1,1,1,2,2,1,True,True,True,True,True,True,1,1,1,1,1,1
16042,Knittlingen,49.024445,8.7605553,1,2,2,2,2,2,0,0,0,0,0,0,1,1,1,1,1,1,True,True,True,True,True,True,1,2,2,2,2,2
16043,Korntal,48.825832,9.1236115,0,1,1,1,1,1,0,0,0,0,0,0,1,1,1,1,1,1,True,True,True,True,True,True,0,1,1,1,1,1
16044,Kornwestheim,48.865276,9.185833,1,1,1,1,1,1,0,0,0,0,0,0,1,1,2,1,1,1,True,True,True,True,True,True,1,1,1,1,1,1
16045,Kuenzelsau,49.279167,9.6916666,1,1,1,1,1,2,0,0,0,1,1,1,1,1,2,1,1,3,True,True,True,True,True,True,1,1,1,1,1,1
16046,Langenau,48.499443,10.120833,1,1,1,1,1,2,0,0,0,0,0,0,1,1,1,2,1,1,True,True,True,True,True,True,1,1,1,1,1,2
16047,Langenburg,49.253613,9.8497219,1,1,1,1,1,1,0,0,0,0,0,0,1,1,1,2,2,1,True,True,True,True,True,True,1,1,1,1,1,1
16048,Lauchheim,48.871666,10.245,1,1,1,1,3,3,0,0,0,0,1,1,1,1,1,1,1,2,True,True,True,True,True,True,1,1,1,1,2,1
16049,Lauffen/Neckar,49.076111,9.1502781,2,2,2,2,2,3,0,0,0,0,0,0,1,1,3,1,2,1,True,True,True,True,True,True,2,2,1,2,1,2
16050,Leonberg,48.800278,9.0166664,1,1,1,1,1,2,0,0,0,0,0,0,1,1,2,1,1,1,True,True,True,True,True,True,1,1,1,1,1,2
16051,Loewenstein (Nordwuerttemberg),49.095833,9.3811111,1,2,2,2,2,2,0,0,0,0,0,0,1,1,1,1,1,2,True,True,True,True,True,True,1,2,2,2,2,1
16052,Lorch (Wuerttemberg),48.796944,9.689167,1,1,1,1,1,1,0,0,0,0,0,0,1,1,1,2,1,1,True,True,True,True,True,True,1,1,1,1,1,1
16053,Ludwigsburg,48.889168,9.1941671,1,1,1,1,1,1,0,0,0,0,0,0,1,1,1,1,1,1,True,True,True,True,True,True,1,1,1,1,1,1
16054,Marbach/Neckar,48.939999,9.2569447,1,1,1,1,2,3,1,1,1,1,1,1,1,1,1,1,1,2,True,True,True,True,True,True,1,1,1,1,2,1
16055,Markgroeningen,48.904999,9.0808334,1,1,1,1,2,2,0,0,0,0,1,1,1,1,2,1,1,1,True,True,True,True,True,True,1,1,1,1,2,2
16056,Maulbronn,49.000278,8.8144445,1,1,1,1,1,1,0,0,0,0,0,0,1,1,1,1,1,1,True,True,True,True,True,True,1,1,1,1,1,1
16057,Bad Mergentheim,49.490833,9.773056,1,1,2,2,2,2,0,0,0,0,0,0,1,1,1,1,1,1,True,True,True,True,True,True,1,1,2,2,2,2
16058,Moeckmuehl,49.323055,9.3597221,1,1,2,2,2,2,0,0,0,0,0,1,1,1,1,1,2,1,True,True,True,True,True,True,1,1,2,2,1,2
16059,Muehlacker,48.945557,8.8416662,1,1,1,1,1,1,0,0,0,0,0,0,1,1,2,1,1,1,True,True,True,True,True,True,1,1,1,1,1,1
16060,Murrhardt,48.980835,9.5794449,1,1,2,2,2,2,0,0,0,0,0,0,1,1,1,2,1,1,True,True,True,True,True,True,1,1,2,1,2,2
16061,Neckarsulm,49.189999,9.2238894,1,1,2,2,2,2,0,0,0,0,0,0,1,1,2,1,1,2,True,True,True,True,True,True,1,1,1,2,2,1
16062,Neresheim,48.752499,10.336667,1,1,2,2,2,2,0,0,1,1,1,1,1,1,1,1,1,1,True,True,True,True,True,True,1,1,2,2,2,2
16063,Neuenstadt/Kocher,49.236946,9.3308334,1,1,2,2,2,2,0,0,0,0,0,0,1,1,2,1,2,2,True,True,True,True,True,True,1,1,1,2,1,1
16064,Neuenstein,49.205276,9.5825005,1,1,1,2,2,3,0,0,0,1,1,1,1,1,1,1,1,1,True,True,True,True,True,True,1,1,1,2,2,2
16065,Neuffen,48.555557,9.3741665,1,1,1,1,1,1,0,0,0,0,0,0,1,1,3,1,1,1,True,True,True,True,True,True,1,1,1,1,1,1
16066,Niedernhall,49.295555,9.6141663,1,1,1,2,2,2,0,0,0,1,1,1,1,1,2,1,1,1,True,True,True,True,True,True,1,1,1,2,2,2
16067,Niederstetten,49.401669,9.917222,0,1,1,2,2,2,0,0,0,0,0,0,1,1,3,1,3,1,True,True,True,True,True,True,0,1,1,2,1,2
16068,Niederstotzingen,48.536388,10.236667,1,1,1,2,2,2,0,0,0,0,1,1,1,1,2,2,3,2,True,True,True,True,True,True,1,1,1,1,1,1
16069,Nuertingen,48.625832,9.3427782,1,1,1,2,2,2,0,0,0,1,1,1,1,1,1,1,1,1,True,True,True,True,True,True,1,1,1,2,2,2
16070,Oberriexingen,48.926945,9.0294447,1,1,1,2,2,3,0,0,0,0,0,1,1,1,1,1,1,1,True,True,True,True,True,True,1,1,1,2,2,2
16071,Oehringen,49.201389,9.5055552,1,2,2,2,2,2,0,0,0,2,2,2,1,1,1,1,1,1,True,True,True,True,True,True,1,2,2,2,2,2
16072,Owen,48.586666,9.4513893,2,2,2,2,2,2,0,1,1,1,1,1,1,1,1,2,1,1,True,True,True,True,True,True,2,2,2,1,2,2
16073,Plochingen,48.713055,9.4169445,1,1,1,1,1,1,1,1,1,1,1,1,1,1,2,2,2,1,True,True,True,True,True,True,1,1,1,1,1,1
16074,Schorndorf,48.805279,9.5249996,1,1,1,2,3,3,0,0,0,0,0,1,1,1,1,1,1,1,True,True,True,True,True,True,1,1,1,2,2,2
16075,Schwaebisch Gmuend,48.801945,9.7961111,3,3,3,3,3,3,1,1,1,1,1,1,0,0,0,0,0,0,True,True,True,True,True,True,2,2,2,2,2,2
16076,Schwaebisch Hall,49.111389,9.7397223,1,3,3,3,3,3,1,1,1,1,1,1,1,0,0,0,0,0,True,True,True,True,True,True,1,2,2,2,2,2
16077,Schwaigern,49.141666,9.0569448,1,1,1,3,3,3,0,0,0,1,1,1,1,1,1,1,1,1,True,True,True,True,True,True,1,1,1,2,2,2
16078,Sindelfingen,48.709721,9.0019445,1,2,2,2,2,3,0,1,1,1,1,1,1,1,2,2,1,1,True,True,True,True,True,True,1,2,1,1,2,2
16079,Sindringen,49.280277,9.4766665,1,1,1,1,1,1,0,0,0,0,0,0,1,1,2,1,1,1,True,True,True,True,True,True,1,1,1,1,1,1
16080,Steinheim/Murr,48.965557,9.2780552,1,1,1,1,1,1,0,0,0,0,0,0,1,1,1,1,2,1,True,True,True,True,True,True,1,1,1,1,1,1
16081,Stuttgart,48.775555,9.1774998,1,2,2,3,3,3,0,0,0,0,0,0,1,1,2,1,1,1,True,True,True,True,True,True,1,2,1,2,2,2
16082,Stuttgart-Bad Cannstatt,48.805,9.2147226,1,1,2,2,2,3,0,0,0,1,1,1,1,1,1,1,1,1,True,True,True,True,True,True,1,1,2,2,2,2
16083,Stuttgart-Feuerbach,48.808613,9.1569443,1,1,1,1,1,1,0,0,0,0,0,0,1,1,2,1,1,1,True,True,True,True,True,True,1,1,1,1,1,1
16084,Stuttgart-Zuffenhausen,48.829723,9.1744442,1,1,1,1,1,1,0,0,0,0,0,0,1,1,2,1,1,1,True,True,True,True,True,True,1,1,1,1,1,1
16085,Ulm,48.398335,9.9902782,3,3,3,3,3,3,0,1,1,1,2,2,0,0,0,0,0,0,True,True,True,True,True,True,2,2,2,2,3,3
16086,Vaihingen,48.729721,9.1097221,1,1,1,1,1,1,0,0,0,0,0,0,1,1,2,1,1,1,True,True,True,True,True,True,1,1,1,1,1,1
16087,Vellberg,49.086388,9.8805552,1,1,1,1,1,2,0,0,0,0,0,1,1,1,1,1,1,1,True,True,True,True,True,True,1,1,1,1,1,2
16088,Waiblingen,48.832222,9.3158331,2,2,2,2,2,3,0,0,0,0,0,0,1,1,1,1,1,1,True,True,True,True,True,True,2,2,2,2,2,2
16089,Waldenbuch,48.636665,9.1313887,0,1,1,2,2,2,0,0,0,0,0,0,1,1,1,1,1,1,True,True,True,True,True,True,0,1,1,2,2,2
16090,Waldenburg,49.18639,9.6422224,1,1,2,2,2,2,0,0,0,0,0,0,1,1,1,1,1,1,True,True,True,True,True,True,1,1,2,2,2,2
16091,Wasseralfingen,48.865833,10.104167,1,1,1,1,1,1,0,0,0,0,0,0,1,1,1,2,2,1,True,True,True,True,True,True,1,1,1,1,1,1
16092,Weikersheim,49.482777,9.9022226,1,2,2,2,2,2,0,0,0,0,0,0,1,1,2,2,1,2,True,True,True,True,True,True,1,2,1,1,2,1
16093,Weil der Stadt,48.751945,8.8699999,1,3,3,3,3,3,0,0,0,0,0,0,1,0,0,0,0,0,True,True,True,True,True,True,1,2,2,2,2,2
16094,Weilheim/Teck,48.615555,9.5372219,1,1,2,2,2,2,0,0,0,0,0,0,1,1,2,1,1,1,True,True,True,True,True,True,1,1,1,2,2,2
16095,Weinsberg,49.151669,9.2883329,2,2,2,2,2,2,0,0,0,0,0,1,1,1,1,1,2,1,True,True,True,True,True,True,2,2,2,2,1,2
16096,Weissenstein,48.705833,9.8858337,1,1,1,2,2,2,0,0,0,0,0,0,1,1,1,2,1,1,True,True,True,True,True,True,1,1,1,1,2,2
16097,Welzheim,48.874168,9.6344442,1,1,1,1,1,1,0,0,0,0,0,0,1,1,2,1,2,1,True,True,True,True,True,True,1,1,1,1,1,1
16098,Widdern,49.31778,9.4213886,1,2,2,2,2,2,0,0,0,0,0,0,1,1,1,1,1,1,True,True,True,True,True,True,1,2,2,2,2,2
16099,Wiesensteig,48.561943,9.625,1,1,1,2,2,2,0,0,0,0,0,0,1,1,1,1,2,2,True,True,True,True,True,True,1,1,1,2,1,1
16100,Bad Wimpfen,49.228054,9.1630554,1,3,3,3,3,3,0,0,0,0,0,0,1,0,0,0,0,0,True,True,True,True,True,True,1,2,2,2,2,2
16101,Winnenden,48.876945,9.3961115,2,2,2,2,2,2,0,0,0,0,0,0,1,1,2,1,1,1,True,True,True,True,True,True,2,2,1,2,2,2
17001,Alpirsbach,48.345001,8.4027777,1,1,1,1,1,1,0,0,0,0,0,0,1,1,1,1,1,1,True,True,True,True,True,True,1,1,1,1,1,1
17002,Altensteig-Stadt,48.584167,8.601944,1,1,1,2,2,3,0,0,0,0,0,0,1,1,1,2,1,1,True,True,True,True,True,True,1,1,1,1,2,2
17003,Aulendorf,47.951111,9.6383333,1,1,1,1,1,1,0,0,0,0,0,0,1,1,1,2,1,1,True,True,True,True,True,True,1,1,1,1,1,1
17004,Balingen,48.275833,8.8511114,1,2,2,2,2,2,0,0,0,0,0,0,1,1,1,1,2,1,True,True,True,True,True,True,1,2,2,2,1,2
17005,Berneck,48.602779,8.6166668,1,1,1,2,2,2,0,0,0,0,0,0,1,1,1,2,2,1,True,True,True,True,True,True,1,1,1,1,1,2
17006,Biberach,48.098057,9.7883329,2,3,3,3,3,3,0,0,0,0,0,1,1,0,0,0,0,0,True,True,True,True,True,True,2,2,2,2,2,2
17007,Binsdorf,48.304443,8.7602777,1,2,2,2,2,2,0,0,0,0,0,0,1,1,1,2,2,2,True,True,True,True,True,True,1,2,2,1,1,1
17008,Buchau,48.063889,9.6116667,1,1,3,3,3,3,0,0,0,0,0,0,1,1,0,0,0,0,True,True,True,True,True,True,1,1,2,2,2,2
17009,Calw,48.713333,8.7411108,1,2,2,2,3,3,0,0,0,0,0,1,1,1,2,1,1,1,True,True,True,True,True,True,1,2,1,2,2,2
17010,Dornhan,48.350834,8.5102777,1,2,2,2,2,2,0,0,0,0,0,1,1,1,1,2,1,1,True,True,True,True,True,True,1,2,2,1,2,2
17011,Dornstetten,48.470276,8.499444,1,2,2,2,2,2,0,0,0,0,0,0,1,1,2,1,1,1,True,True,True,True,True,True,1,2,1,2,2,2
17012,Ebingen,48.212223,9.0216665,2,2,2,2,2,2,1,1,1,1,1,1,1,1,1,3,1,2,True,True,True,True,True,True,2,2,2,1,2,1
17013,Ehingen/Donau,48.283611,9.7250004,1,2,2,2,2,2,0,0,0,0,1,1,1,1,2,2,2,2,True,True,True,True,True,True,1,2,1,1,1,1
17014,Freudenstadt,48.463612,8.4111109,0,0,0,0,0,0,0,0,0,0,0,0,1,1,1,1,1,1,True,True,True,True,True,True,0,0,0,0,0,0
17015,Fridingen/Donau,48.021667,8.9327774,1,1,1,2,2,2,0,0,0,0,0,0,1,1,1,2,2,2,True,True,True,True,True,True,1,1,1,1,1,1
17016,Friedrichshafen,47.651943,9.4794445,1,3,3,3,3,3,1,1,1,1,1,1,1,0,0,0,0,0,True,True,True,True,True,True,1,2,2,2,2,2
17017,Gammertingen,48.250278,9.2155552,1,1,2,2,2,2,0,0,0,0,1,1,1,1,2,1,1,1,True,True,True,True,True,True,1,1,1,2,2,2
17018,Haigerloch,48.36639,8.8041668,1,2,2,3,3,3,0,0,0,0,0,0,1,1,1,2,2,2,True,True,True,True,True,True,1,2,2,1,1,1
17019,Haiterbach,48.524166,8.6497221,1,1,1,1,1,1,0,0,0,0,0,0,1,1,1,2,1,1,True,True,True,True,True,True,1,1,1,1,1,1
17020,Hayingen,48.274166,9.4752779,1,2,2,2,2,2,0,0,0,0,0,0,1,1,1,1,1,1,True,True,True,True,True,True,1,2,2,2,2,2
17021,Hechingen,48.351387,8.9627781,1,1,2,2,2,3,0,0,0,0,0,0,1,1,1,1,3,1,True,True,True,True,True,True,1,1,2,2,1,2
17022,Herrenalb,48.797501,8.438056,1,1,1,1,1,1,0,0,0,0,0,0,1,1,1,1,1,2,True,True,True,True,True,True,1,1,1,1,1,1
17023,Hettingen,48.218887,9.2344446,1,1,1,1,2,2,0,0,0,0,0,0,1,1,1,1,2,2,True,True,True,True,True,True,1,1,1,1,1,1
17024,Horb/Neckar,48.445,8.6913891,1,2,2,2,2,2,0,0,0,0,0,0,1,1,2,2,2,2,True,True,True,True,True,True,1,2,1,1,1,1
17025,Isny,47.692223,10.039166,1,2,2,3,3,3,0,0,0,0,0,0,1,1,2,0,0,0,True,True,True,True,True,True,1,2,1,2,2,2
17026,Laichingen,48.489445,9.6855555,1,1,1,1,1,1,0,0,0,0,0,0,1,1,2,1,1,1,True,True,True,True,True,True,1,1,1,1,1,1
17027,Laupheim,48.23,9.8836107,1,1,1,1,1,1,0,0,0,0,0,0,1,1,2,2,2,2,True,True,True,True,True,True,1,1,1,1,1,1
17028,Leutkirch,47.825001,10.024167,1,3,3,3,3,3,0,0,0,0,0,1,1,0,0,0,0,0,True,True,True,True,True,True,1,2,2,2,2,2
17029,Bad Liebenzell,48.771111,8.7333336,1,1,1,2,2,2,0,0,0,0,0,0,1,1,1,1,1,1,True,True,True,True,True,True,1,1,1,2,2,2
17030,Mengen,48.048611,9.3288889,1,2,2,2,2,2,0,1,1,1,1,1,1,1,1,2,2,2,True,True,True,True,True,True,1,2,2,1,1,1
17031,Metzingen,48.538887,9.2844448,1,1,1,1,1,1,0,0,0,1,1,1,1,1,1,1,1,1,True,True,True,True,True,True,1,1,1,1,1,1
17032,Muehlheim/Donau,48.029446,8.8866663,1,2,2,2,3,3,0,0,0,0,0,0,1,1,1,2,2,1,True,True,True,True,True,True,1,2,2,1,1,2
17033,Muensingen,48.41111,9.4947224,1,2,2,2,2,3,0,0,0,0,0,1,1,1,1,1,1,1,True,True,True,True,True,True,1,2,2,2,2,2
17034,Munderkingen,48.236668,9.6475,1,2,2,2,2,2,0,0,0,0,1,1,1,1,1,2,2,2,True,True,True,True,True,True,1,2,2,1,1,1
17035,Nagold,48.550278,8.7241669,1,1,2,2,2,2,0,0,0,0,0,0,1,1,1,2,1,1,True,True,True,True,True,True,1,1,2,1,2,2
17036,Neubulach,48.66111,8.6919441,1,2,2,2,2,2,0,0,0,0,0,0,1,1,1,2,2,1,True,True,True,True,True,True,1,2,2,1,1,2
17037,Neuenbuerg,48.848057,8.5897226,1,2,2,2,2,2,0,0,0,0,0,0,1,1,2,2,2,2,True,True,True,True,True,True,1,2,1,1,1,1
17038,Oberndorf,48.289722,8.5730553,1,2,2,2,3,3,0,0,1,1,1,1,1,1,2,3,2,2,True,True,True,True,True,True,1,2,1,1,1,1
17039,Ochsenhausen,48.069443,9.9516668,1,1,1,1,1,1,0,0,0,0,0,0,1,1,1,2,1,1,True,True,True,True,True,True,1,1,1,1,1,1
17040,Pfullingen,48.46611,9.2263889,1,1,1,1,1,2,0,0,0,0,0,0,1,1,2,1,1,2,True,True,True,True,True,True,1,1,1,1,1,1
17041,Ravensburg,47.783611,9.6149998,1,3,3,3,3,3,1,1,1,1,1,1,1,0,0,0,0,0,True,True,True,True,True,True,1,2,2,2,2,2
17042,Reutlingen,48.491943,9.2119446,2,3,3,3,3,3,0,0,0,0,0,1,1,0,0,0,0,0,True,True,True,True,True,True,2,2,2,2,2,2
17043,Riedlingen,48.153057,9.4750004,1,1,2,3,3,3,0,1,1,1,1,1,1,1,1,2,2,2,True,True,True,True,True,True,1,1,2,1,1,1
17044,Rosenfeld,48.285831,8.7227774,1,2,2,2,2,2,0,0,0,0,0,0,1,1,2,1,1,1,True,True,True,True,True,True,1,2,1,2,2,2
17045,Rottenburg,48.479443,8.936389,1,2,2,2,3,3,0,0,0,0,0,0,1,1,1,2,2,2,True,True,True,True,True,True,1,2,2,1,1,1
17046,Rottweil,48.167778,8.6272221,1,3,3,3,3,3,0,0,0,1,1,1,1,0,0,0,0,0,True,True,True,True,True,True,1,2,2,2,2,2
17047,Saulgau,48.013611,9.4991665,1,2,2,3,3,3,0,1,1,1,1,1,1,1,1,2,2,2,True,True,True,True,True,True,1,2,2,1,1,1
17048,Scheer,48.074444,9.2969446,0,2,2,2,2,3,0,1,1,1,1,1,1,1,2,1,1,2,True,True,True,True,True,True,0,2,1,2,2,1
17049,Schelklingen,48.372501,9.7347221,2,2,2,2,2,2,1,1,1,1,1,1,1,1,2,2,2,2,True,True,True,True,True,True,2,2,1,1,1,1
17050,Schoemberg,48.211666,8.7605553,1,2,2,2,2,2,0,1,1,1,1,1,1,1,1,2,2,2,True,True,True,True,True,True,1,2,2,1,1,1
17051,Schramberg,48.225277,8.3861113,1,1,1,1,1,1,0,0,0,0,0,0,1,1,2,1,2,1,True,True,True,True,True,True,1,1,1,1,1,1
17052,Schussenried,48.004723,9.6572218,1,1,1,1,1,1,0,0,0,0,0,0,1,1,1,1,1,1,True,True,True,True,True,True,1,1,1,1,1,1
17053,Schwenningen/Neckar,48.063889,8.5375004,1,1,1,1,1,1,0,0,0,0,0,0,1,1,1,1,1,2,True,True,True,True,True,True,1,1,1,1,1,1
17054,Sigmaringen,48.086388,9.2147226,1,1,1,2,2,2,0,0,0,1,1,1,1,1,2,1,1,2,True,True,True,True,True,True,1,1,1,2,2,1
17055,Spaichingen,48.073055,8.7391663,1,1,1,1,1,1,0,0,0,0,0,0,1,1,1,2,2,2,True,True,True,True,True,True,1,1,1,1,1,1
17056,Sulz,48.366112,8.6324997,1,2,2,2,2,2,0,1,1,1,1,1,1,1,1,1,1,2,True,True,True,True,True,True,1,2,2,2,2,1
17057,Tailfingen,48.254444,9.0177774,1,1,1,1,1,1,0,0,0,0,0,0,1,1,1,2,2,1,True,True,True,True,True,True,1,1,1,1,1,1
17058,Tettnang,47.671391,9.5894442,1,2,2,2,2,3,0,0,1,1,1,1,1,1,1,1,1,1,True,True,True,True,True,True,1,2,2,2,2,2
17059,Trochtelfingen,48.308613,9.2469444,1,1,1,1,1,2,0,0,0,0,0,0,1,1,3,1,1,1,True,True,True,True,True,True,1,1,1,1,1,2
17060,Trossingen,48.074165,8.6324997,1,1,1,1,1,1,0,0,0,0,0,0,1,1,1,2,3,1,True,True,True,True,True,True,1,1,1,1,1,1
17061,Tuebingen,48.521946,9.0577774,1,2,2,2,3,3,0,0,0,0,0,0,1,1,2,1,1,1,True,True,True,True,True,True,1,2,1,2,2,2
17062,Tuttlingen,47.983612,8.8186111,1,2,2,2,2,2,0,0,0,0,1,1,1,1,1,2,1,1,True,True,True,True,True,True,1,2,2,1,2,2
17063,Urach,48.493057,9.3994446,1,1,1,1,2,3,1,1,1,1,1,1,1,1,1,1,1,1,True,True,True,True,True,True,1,1,1,1,2,2
17064,Veringenstadt,48.178055,9.2138891,0,2,2,2,2,2,0,1,1,1,1,1,1,1,1,2,2,2,True,True,True,True,True,True,0,2,2,1,1,1
17065,Waldsee,47.920834,9.7547226,1,2,2,2,3,3,0,0,0,0,0,0,1,1,2,2,2,2,True,True,True,True,True,True,1,2,1,1,1,1
17066,Wangen/Allgaeu,47.685833,9.832222,1,2,3,3,3,3,0,1,1,1,1,1,1,1,0,0,0,0,True,True,True,True,True,True,1,2,2,2,2,2
17067,Weingarten,47.80722,9.6405554,1,1,1,1,1,1,0,0,0,1,1,1,1,1,1,1,1,1,True,True,True,True,True,True,1,1,1,1,1,1
17068,Wildbad,48.749168,8.5508337,0,0,1,2,2,2,0,0,0,0,0,0,1,1,2,1,1,1,True,True,True,True,True,True,0,0,1,2,2,2
17069,Wildberg,48.625,8.7466669,1,1,1,1,1,2,0,0,0,0,0,0,1,1,1,2,2,1,True,True,True,True,True,True,1,1,1,1,1,2
17070,Wurzach,47.908333,9.896389,1,1,2,2,2,3,0,0,0,0,0,0,1,1,1,1,2,1,True,True,True,True,True,True,1,1,2,2,1,2
17071,Zavelstein,48.69389,8.688611,0,1,2,2,2,2,0,0,0,0,0,0,1,1,1,1,1,1,True,True,True,True,True,True,0,1,2,2,2,2
18001,Adenau,50.382221,6.9299998,1,1,1,1,1,1,0,0,0,0,0,0,1,1,1,1,1,1,True,True,True,True,True,True,1,1,1,1,1,1
18002,Ahrweiler,50.542221,7.0944443,2,2,2,2,2,2,0,0,0,0,0,0,1,1,1,1,1,1,True,True,True,True,True,True,2,2,2,2,2,2
18003,Altenkirchen,50.686943,7.6455555,1,1,2,2,2,2,0,0,0,0,0,0,1,1,1,1,1,1,True,True,True,True,True,True,1,1,2,2,2,2
18004,Alzey,49.744999,8.1122227,1,2,2,2,2,2,0,0,0,0,1,1,1,1,2,1,1,1,True,True,True,True,True,True,1,2,1,2,2,2
18005,Andernach,50.439445,7.3983335,1,1,2,3,3,3,0,0,1,1,1,1,1,1,1,1,1,1,True,True,True,True,True,True,1,1,2,2,2,2
18006,Annweiler,49.202778,7.9661112,3,3,3,2,2,3,0,0,0,0,0,1,0,0,0,2,2,2,True,True,True,True,True,True,2,2,2,1,1,1
18007,Bacharach,50.060001,7.7649999,1,1,1,2,3,3,0,0,1,1,1,1,1,1,2,1,1,1,True,True,True,True,True,True,1,1,1,2,2,2
18008,Bad Duerkheim,49.460278,8.1691666,1,1,1,2,2,2,0,0,0,0,0,1,1,1,1,1,1,1,True,True,True,True,True,True,1,1,1,2,2,2
18009,Bad Ems,50.334721,7.7122221,1,1,2,2,2,3,0,0,0,1,1,1,1,1,2,2,2,2,True,True,True,True,True,True,1,1,1,1,1,1
18010,Bad Kreuznach,49.844444,7.8616667,1,3,3,3,3,3,0,0,0,1,1,1,1,1,1,1,3,1,True,True,True,True,True,True,1,2,2,2,1,2
18011,Bad Neuenahr,50.546112,7.1399999,1,1,1,1,1,1,0,0,0,0,0,0,1,1,1,2,1,1,True,True,True,True,True,True,1,1,1,1,1,1
18012,Baumholder,49.615555,7.3366666,1,1,1,1,1,1,0,0,0,0,0,1,1,1,1,1,2,2,True,True,True,True,True,True,1,1,1,1,1,1
18013,Bendorf,50.423332,7.5755553,1,1,1,1,1,1,0,0,0,0,0,0,1,1,1,2,1,1,True,True,True,True,True,True,1,1,1,1,1,1
18014,Bergzabern,49.100277,7.998889,1,2,2,2,2,2,0,1,1,1,1,1,1,1,1,2,2,2,True,True,True,True,True,True,1,2,2,1,1,1
18015,Bernkastel-Cues,49.915279,7.0752778,1,2,2,2,2,2,0,0,0,0,0,0,1,1,1,1,1,1,True,True,True,True,True,True,1,2,2,2,2,2
18016,Betzdorf,50.785278,7.873611,0,0,0,1,1,1,0,0,0,0,0,0,1,1,1,1,1,1,True,True,True,True,True,True,0,0,0,1,1,1
18017,Bingen,49.968334,7.896389,1,1,1,1,1,1,0,0,0,0,0,0,1,1,1,1,1,1,True,True,True,True,True,True,1,1,1,1,1,1
18018,Birkenfeld,49.650002,7.1680555,1,1,2,2,2,2,0,0,0,0,0,0,1,1,1,1,2,1,True,True,True,True,True,True,1,1,2,2,1,2
18019,Bitburg,49.975555,6.5247221,1,2,2,2,2,2,0,0,0,0,0,0,1,1,1,1,2,2,True,True,True,True,True,True,1,2,2,2,1,1
18020,Boppard,50.231388,7.5905557,3,3,2,2,2,2,1,1,1,1,1,1,0,0,2,1,1,2,True,True,True,True,True,True,2,2,1,2,2,1
18021,Braubach,50.274445,7.6480556,1,2,2,2,3,3,0,0,0,0,0,0,1,1,1,1,2,2,True,True,True,True,True,True,1,2,2,2,1,1
18022,Cochem,50.144444,7.1636109,1,1,2,2,2,2,0,0,0,1,1,1,1,1,1,1,1,1,True,True,True,True,True,True,1,1,2,2,2,2
18023,Daun,50.196667,6.8302779,1,1,2,1,1,1,0,0,0,0,0,0,1,1,1,2,1,1,True,True,True,True,True,True,1,1,2,1,1,1
18024,Deidesheim,49.409168,8.1866665,1,1,1,2,2,2,0,0,0,0,0,0,1,1,1,1,1,1,True,True,True,True,True,True,1,1,1,2,2,2
18025,Dierdorf,50.547501,7.6591668,1,1,2,2,2,2,0,0,1,1,1,1,1,1,1,2,2,2,True,True,True,True,True,True,1,1,2,1,1,1
18026,Diez,50.372501,8.0091667,1,1,2,2,2,3,0,0,0,0,0,0,1,1,1,2,1,2,True,True,True,True,True,True,1,1,2,1,2,1
18027,Edenkoben,49.282501,8.1269445,1,1,1,1,1,1,0,0,0,0,0,0,1,1,2,1,1,1,True,True,True,True,True,True,1,1,1,1,1,1
18028,Engers,50.424999,7.5450001,1,1,1,2,2,2,0,0,0,1,1,1,1,1,1,2,1,1,True,True,True,True,True,True,1,1,1,1,2,2
18029,Frankenthal,49.535557,8.354167,1,1,1,1,1,1,0,0,0,0,0,0,1,1,1,1,1,1,True,True,True,True,True,True,1,1,1,1,1,1
18030,Gau-Algesheim,49.9575,8.0147219,1,1,2,3,3,3,0,0,1,1,1,1,1,1,1,1,1,1,True,True,True,True,True,True,1,1,2,2,2,2
18031,Germersheim,49.217499,8.3741665,1,3,2,2,2,2,0,0,0,0,0,0,1,0,2,1,1,1,True,True,True,True,True,True,1,2,1,2,2,2
18032,Gerolstein,50.221943,6.6597223,1,1,2,2,2,2,0,0,1,1,1,1,1,1,1,1,2,2,True,True,True,True,True,True,1,1,2,2,1,1
18033,Gruenstadt,49.564724,8.1622219,1,1,1,1,1,1,0,0,0,0,0,0,1,1,1,1,1,2,True,True,True,True,True,True,1,1,1,1,1,1
18034,Hachenburg,50.661388,7.8216667,2,2,2,2,2,3,0,0,0,1,1,1,1,1,1,1,1,1,True,True,True,True,True,True,2,2,2,2,2,2
18035,Hoehr-Grenzhausen,50.433887,7.6683335,1,1,1,1,1,1,0,0,0,0,0,0,1,1,1,1,1,1,True,True,True,True,True,True,1,1,1,1,1,1
18036,Hornbach,49.187222,7.3680553,3,3,3,2,2,2,0,0,0,0,0,0,0,0,0,2,2,2,True,True,True,True,True,True,2,2,2,1,1,1
18037,Idar-Oberstein,49.713333,7.3119445,1,1,2,2,2,2,0,0,0,0,0,0,1,1,2,1,1,1,True,True,True,True,True,True,1,1,1,2,2,2
18038,Ingelheim,49.977779,8.0722218,1,1,1,1,1,1,0,0,0,0,0,0,1,1,1,2,1,1,True,True,True,True,True,True,1,1,1,1,1,1
18039,Kaiserslautern,49.443611,7.77,1,3,3,3,3,3,1,1,1,1,1,1,1,0,0,0,0,0,True,True,True,True,True,True,1,2,2,2,2,2
18040,Kandel,49.081112,8.1925001,1,1,1,1,1,1,0,0,0,0,0,0,1,1,1,1,1,2,True,True,True,True,True,True,1,1,1,1,1,1
18041,Kaub,50.089169,7.7649999,1,1,2,2,2,2,0,0,0,0,0,0,1,1,2,1,1,1,True,True,True,True,True,True,1,1,1,2,2,2
18042,Kirchberg (Hunsrueck),49.942223,7.4047222,1,2,2,2,2,2,0,1,1,1,1,1,1,1,2,2,3,1,True,True,True,True,True,True,1,2,1,1,1,2
18043,Kirchheimbolanden,49.663887,8.0113888,1,1,1,2,2,2,0,0,0,1,1,1,1,1,1,2,2,1,True,True,True,True,True,True,1,1,1,1,1,2
18044,Kirn,49.786667,7.4575,1,1,2,2,2,2,0,0,1,1,1,1,1,1,2,2,2,1,True,True,True,True,True,True,1,1,1,1,1,2
18045,Koblenz,50.360001,7.5925002,1,1,3,3,3,3,1,2,2,2,2,3,1,1,1,1,1,1,True,True,True,True,True,True,1,1,3,3,3,3
18046,Koblenz-Ehrenbreitstein,50.359165,7.6172223,1,1,1,1,1,1,0,0,0,0,0,0,1,1,1,1,1,1,True,True,True,True,True,True,1,1,1,1,1,1
18047,Konz,49.694443,6.5763888,1,1,1,1,1,1,0,0,0,0,0,0,1,1,1,2,2,1,True,True,True,True,True,True,1,1,1,1,1,1
18048,Kusel,49.537498,7.4002776,1,2,2,2,2,2,0,0,0,1,1,1,1,1,1,1,2,2,True,True,True,True,True,True,1,2,2,2,1,1
18049,Kyllburg,50.041943,6.5913887,1,1,2,2,2,2,0,0,0,0,0,0,1,1,1,1,1,1,True,True,True,True,True,True,1,1,2,2,2,2
18050,Lambrecht,49.372223,8.0708332,1,1,1,1,1,1,0,0,0,0,0,0,1,1,1,1,1,1,True,True,True,True,True,True,1,1,1,1,1,1
18051,Landau,49.196388,8.1122227,1,3,3,3,3,3,0,1,1,1,1,1,1,0,0,0,0,0,True,True,True,True,True,True,1,2,2,2,2,2
18052,Landstuhl,49.41,7.5686111,1,1,2,2,2,3,0,0,0,0,0,0,1,1,1,2,1,1,True,True,True,True,True,True,1,1,2,1,2,2
18053,Lauterecken,49.649445,7.5919442,0,0,2,2,2,2,0,0,0,0,0,0,1,1,1,1,2,2,True,True,True,True,True,True,0,0,2,2,1,1
18054,Linz,50.568611,7.2830558,1,1,3,3,3,3,0,0,0,0,0,0,1,1,1,1,1,1,True,True,True,True,True,True,1,1,2,2,2,2
18055,Ludwigshafen,49.483055,8.4477777,0,0,0,0,0,0,0,0,0,0,0,0,1,1,2,1,1,1,True,True,True,True,True,True,0,0,0,0,0,0
18056,Ludwigshafen-Oggersheim,49.491665,8.3758335,1,1,3,3,3,3,0,0,0,0,1,1,1,1,2,1,2,1,True,True,True,True,True,True,1,1,1,2,1,2
18057,Ludwigshafen-Oppau-Edigheim,49.529167,8.3894444,1,1,1,1,1,1,0,0,0,0,0,0,1,1,2,1,1,1,True,True,True,True,True,True,1,1,1,1,1,1
18058,Mainz,50.001945,8.2716665,2,3,3,3,3,3,1,1,1,1,1,3,1,1,1,1,1,2,True,True,True,True,True,True,2,2,2,2,2,1
18059,Marienberg,50.65139,7.9505553,1,1,1,1,1,1,0,0,0,0,0,0,1,1,2,1,1,1,True,True,True,True,True,True,1,1,1,1,1,1
18060,Mayen,50.328609,7.2222223,1,2,2,2,2,2,0,0,0,0,1,1,1,1,1,1,1,1,True,True,True,True,True,True,1,2,2,2,2,2
18061,Meisenheim,49.705555,7.6705556,1,1,2,2,2,3,0,0,2,2,2,2,1,1,1,1,2,2,True,True,True,True,True,True,1,1,2,2,1,1
18062,Montabaur,50.436111,7.8269444,1,2,2,2,2,2,0,0,0,0,0,0,1,1,1,1,1,1,True,True,True,True,True,True,1,2,2,2,2,2
18063,Nassau,50.315277,7.8013887,1,1,2,2,2,2,0,0,0,0,1,1,1,1,1,2,2,1,True,True,True,True,True,True,1,1,2,1,1,2
18064,Nastaetten,50.199444,7.8569446,1,1,1,1,1,1,0,0,0,0,0,0,1,1,1,1,1,2,True,True,True,True,True,True,1,1,1,1,1,1
18065,Neuerburg,50.011391,6.2947221,1,1,2,2,2,2,0,0,0,0,0,0,1,1,1,1,2,2,True,True,True,True,True,True,1,1,2,2,1,1
18066,Neustadt an der Weinstrasse,49.351944,8.1405554,1,2,2,2,2,2,0,0,1,1,1,1,1,1,2,1,1,1,True,True,True,True,True,True,1,2,1,2,2,2
18067,Neuwied,50.42889,7.4594445,1,1,1,1,1,1,0,0,0,0,0,0,1,1,2,1,1,1,True,True,True,True,True,True,1,1,1,1,1,1
18068,Niederlahnstein,50.310276,7.5952778,1,1,1,1,1,1,0,0,1,1,1,1,1,1,1,1,1,1,True,True,True,True,True,True,1,1,1,1,1,1
18069,Niedermendig,50.372776,7.2802777,1,1,1,1,1,1,0,0,0,0,0,0,1,1,2,2,1,1,True,True,True,True,True,True,1,1,1,1,1,1
18070,Oberlahnstein,50.300278,7.6072221,1,1,3,3,3,3,0,0,1,1,1,1,1,1,1,1,1,1,True,True,True,True,True,True,1,1,2,2,2,2
18071,Obermoschel,49.727501,7.7736111,1,1,2,2,2,3,0,0,0,0,0,0,1,1,1,1,2,2,True,True,True,True,True,True,1,1,2,2,1,1
18072,Oberwesel,50.105835,7.7227778,3,3,3,2,2,2,0,0,0,0,0,0,0,0,0,2,1,1,True,True,True,True,True,True,2,2,2,1,2,2
18073,Oppenheim,49.848888,8.3561115,3,3,3,2,2,2,1,1,1,1,1,1,0,0,0,2,1,1,True,True,True,True,True,True,2,2,2,1,2,2
18074,Otterberg,49.504444,7.771111,1,1,1,1,1,1,0,0,0,0,0,0,1,1,1,2,2,2,True,True,True,True,True,True,1,1,1,1,1,1
18075,Pfeddersheim,49.637779,8.2772226,3,3,3,3,3,3,0,0,0,1,1,1,0,0,0,0,0,0,True,True,True,True,True,True,2,2,2,2,2,2
18076,Pirmasens,49.197224,7.6080556,1,1,1,1,1,1,0,0,0,0,0,0,1,1,2,1,1,1,True,True,True,True,True,True,1,1,1,1,1,1
18077,Pruem,50.207779,6.4200001,1,1,1,1,1,1,1,1,1,1,1,1,1,1,1,1,1,1,True,True,True,True,True,True,1,1,1,1,1,1
18078,Remagen,50.577778,7.2341666,1,1,1,2,2,2,0,0,0,1,1,1,1,1,2,1,1,1,True,True,True,True,True,True,1,1,1,2,2,2
18079,Rockenhausen,49.628887,7.8219442,1,1,2,2,2,2,0,0,0,0,1,1,1,1,1,2,2,1,True,True,True,True,True,True,1,1,2,1,1,2
18080,Saarburg,49.608334,6.5486112,1,2,2,2,2,2,0,0,0,0,0,0,1,1,1,1,1,1,True,True,True,True,True,True,1,2,2,2,2,2
18081,St. Goar,50.150555,7.7144446,1,2,2,2,2,2,0,0,0,0,0,1,1,1,1,1,1,2,True,True,True,True,True,True,1,2,2,2,2,1
18082,St. Goarshausen,50.15139,7.7230554,1,1,2,2,2,2,0,0,1,1,1,1,1,1,1,1,1,1,True,True,True,True,True,True,1,1,2,2,2,2
18083,Schifferstadt,49.385555,8.374444,1,1,1,1,1,1,0,0,0,0,0,0,1,1,1,1,1,1,True,True,True,True,True,True,1,1,1,1,1,1
18084,Simmern,49.985001,7.5219445,1,1,2,2,2,2,0,0,1,1,1,1,1,1,1,2,2,1,True,True,True,True,True,True,1,1,2,1,1,2
18085,Sinzig,50.54361,7.248889,3,1,2,2,2,2,0,0,1,1,1,1,0,1,1,3,1,1,True,True,True,True,True,True,2,1,2,1,2,2
18086,Sobernheim,49.783611,7.6538887,1,1,2,2,2,2,0,1,1,1,1,1,1,1,1,1,1,2,True,True,True,True,True,True,1,1,2,2,2,1
18087,Speyer,49.316113,8.436389,3,3,3,3,3,3,2,2,2,2,2,2,0,0,0,0,0,0,True,True,True,True,True,True,3,3,3,3,3,3
18088,Stromberg,49.943611,7.7738891,1,2,2,2,2,2,0,0,0,0,0,0,1,1,2,1,1,1,True,True,True,True,True,True,1,2,1,2,2,2
18089,Traben-Trarbach,49.951111,7.1166668,1,1,1,1,1,1,0,0,0,0,0,1,1,1,1,1,2,1,True,True,True,True,True,True,1,1,1,1,1,1
18090,Trier,49.756668,6.6411109,2,3,3,3,3,3,0,0,0,0,0,0,1,1,1,1,1,1,True,True,True,True,True,True,2,2,2,2,2,2
18091,Unkel,50.5975,7.2169442,1,1,1,1,1,2,0,0,0,0,0,0,1,1,1,1,1,1,True,True,True,True,True,True,1,1,1,1,1,2
18092,Vallendar,50.398056,7.6224999,1,2,2,2,2,2,0,0,0,0,0,0,1,1,1,2,1,1,True,True,True,True,True,True,1,2,2,1,2,2
18093,Wachenheim,49.439724,8.1805553,1,1,2,2,2,2,0,0,1,1,1,1,1,1,2,1,2,2,True,True,True,True,True,True,1,1,1,2,1,1
18094,Westerburg,50.563057,7.9699998,1,2,2,2,2,2,0,0,0,0,0,2,1,1,1,1,1,1,True,True,True,True,True,True,1,2,2,2,2,2
18095,Wittlich,49.986111,6.8888888,1,2,2,2,2,2,0,0,0,0,0,0,1,1,1,1,1,1,True,True,True,True,True,True,1,2,2,2,2,2
18096,Wolfstein,49.583611,7.606111,0,2,2,2,2,2,0,0,0,0,0,0,1,1,1,2,1,1,True,True,True,True,True,True,0,2,2,1,2,2
18097,Worms,49.629723,8.3616667,2,3,3,3,3,3,2,2,2,2,2,2,1,0,0,0,0,0,True,True,True,True,True,True,2,3,3,3,3,3
18098,Zell,50.027222,7.1819444,1,1,2,2,2,2,0,0,0,0,0,1,1,1,1,1,1,1,True,True,True,True,True,True,1,1,2,2,2,2
18099,Zweibruecken,49.249168,7.3630557,1,1,1,2,2,2,0,0,0,0,0,0,1,1,1,2,2,2,True,True,True,True,True,True,1,1,1,1,1,1
19001,Blieskastel,49.236946,7.2580557,1,1,1,1,1,1,0,0,0,0,0,0,1,1,2,1,1,1,True,True,True,True,True,True,1,1,1,1,1,1
19002,Dillingen,49.351387,6.7266665,1,1,1,1,1,1,0,0,0,0,0,0,1,1,1,1,1,1,True,True,True,True,True,True,1,1,1,1,1,1
19003,Dudweiler,49.275555,7.0358334,1,1,1,1,1,1,0,0,0,0,0,0,1,1,1,2,2,1,True,True,True,True,True,True,1,1,1,1,1,1
19004,Homburg,49.323612,7.3400002,1,1,2,2,2,2,0,0,0,0,0,0,1,1,1,1,2,1,True,True,True,True,True,True,1,1,2,2,1,2
19005,Merzig,49.443333,6.6424999,1,1,1,1,1,1,0,0,0,0,0,1,1,1,1,1,1,1,True,True,True,True,True,True,1,1,1,1,1,1
19006,Neunkirchen,49.345276,7.1780558,1,1,1,1,1,1,0,0,0,0,0,0,1,1,2,2,2,1,True,True,True,True,True,True,1,1,1,1,1,1
19007,Ottweiler,49.402222,7.1619444,0,0,0,1,1,1,0,0,0,0,0,0,1,1,1,2,2,1,True,True,True,True,True,True,0,0,0,1,1,1
19008,Alt-Saarbruecken,49.230278,6.9924998,1,1,2,2,2,3,1,1,1,1,1,1,1,1,1,2,2,1,True,True,True,True,True,True,1,1,2,1,1,2
19010,"Saarbruecken, Malstatt-Burbach",49.241943,6.9738889,1,1,1,1,1,1,0,0,0,0,0,0,1,1,1,2,2,1,True,True,True,True,True,True,1,1,1,1,1,1
19011,"Saarbruecken, St. Johann",49.232777,6.9963889,1,1,2,2,2,2,0,0,0,0,0,1,1,1,1,2,2,1,True,True,True,True,True,True,1,1,2,1,1,2
19012,Saarlouis,49.314724,6.749722,0,0,0,0,0,0,0,0,0,0,0,0,1,1,1,1,1,1,True,True,True,True,True,True,0,0,0,0,0,0
19013,St. Ingbert,49.278889,7.1149998,1,1,1,1,1,1,0,0,0,0,0,0,1,1,2,1,1,1,True,True,True,True,True,True,1,1,1,1,1,1
19014,St. Wendel,49.468056,7.1725001,1,1,2,2,2,2,0,0,0,0,0,1,1,1,2,1,1,1,True,True,True,True,True,True,1,1,1,2,2,2
19015,Sulzbach,49.298889,7.0599999,0,0,1,1,1,1,0,0,0,0,0,0,1,1,1,2,2,1,True,True,True,True,True,True,0,0,1,1,1,1
19016,Voelklingen,49.249443,6.8541665,1,1,1,1,1,1,0,0,0,0,0,0,1,1,1,2,2,1,True,True,True,True,True,True,1,1,1,1,1,1
20001,Adelsheim,49.401943,9.3913889,1,1,1,2,2,2,0,0,0,0,0,0,1,1,2,1,1,1,True,True,True,True,True,True,1,1,1,2,2,2
20002,Ballenberg,49.403057,9.5500002,1,1,2,2,2,2,0,0,0,0,0,0,1,1,1,2,1,1,True,True,True,True,True,True,1,1,2,1,2,2
20003,Boxberg,49.484722,9.6427774,2,2,2,2,2,2,1,1,1,1,1,1,1,1,1,2,1,2,True,True,True,True,True,True,2,2,2,1,2,1
20004,Bretten,49.036945,8.7066669,1,2,2,2,3,3,1,1,1,1,1,1,1,1,2,1,1,1,True,True,True,True,True,True,1,2,1,2,2,2
20005,Bruchsal,49.125557,8.5974998,3,3,3,3,3,3,0,1,1,1,1,1,1,1,1,1,1,1,True,True,True,True,True,True,2,2,2,2,2,2
20006,Buchen,49.521667,9.3230553,1,2,2,2,2,2,0,0,0,0,0,1,1,1,2,1,1,1,True,True,True,True,True,True,1,2,1,2,2,2
20007,Eberbach,49.462502,8.9877777,3,3,3,3,3,3,0,0,0,0,0,0,0,0,2,1,2,2,True,True,True,True,True,True,2,2,1,2,1,1
20008,Eppingen,49.137501,8.9088888,1,2,2,2,2,2,0,0,0,0,0,1,1,1,1,1,1,2,True,True,True,True,True,True,1,2,2,2,2,1
20009,Ettlingen,48.941944,8.4058332,2,2,2,2,2,2,0,0,0,0,0,0,1,1,1,1,1,1,True,True,True,True,True,True,2,2,2,2,2,2
20010,Freudenberg am Main,49.74139,9.3230553,1,1,2,2,2,3,0,1,1,1,1,1,1,1,1,1,1,1,True,True,True,True,True,True,1,1,2,2,2,2
20011,Gochsheim,49.102222,8.7416668,1,2,2,2,2,3,0,0,0,0,1,1,1,1,2,1,1,1,True,True,True,True,True,True,1,2,1,2,2,2
20012,Gruensfeld,49.607498,9.7444448,1,1,2,2,2,2,0,0,0,1,1,1,1,1,1,1,1,2,True,True,True,True,True,True,1,1,2,2,2,1
20013,Heidelberg,49.410557,8.7038889,2,2,2,3,3,3,0,0,0,0,0,0,1,1,2,1,1,1,True,True,True,True,True,True,2,2,1,2,2,2
20014,Heidelsheim,49.101112,8.643611,1,3,2,2,2,2,0,0,0,0,0,0,1,0,2,2,1,2,True,True,True,True,True,True,1,2,1,1,2,1
20015,Hilsbach,49.19611,8.8599997,1,1,1,2,2,2,0,0,0,0,0,0,1,1,1,1,1,1,True,True,True,True,True,True,1,1,1,2,2,2
20016,Hockenheim,49.31889,8.5472221,1,1,1,1,1,1,0,0,0,0,0,0,1,1,2,1,2,2,True,True,True,True,True,True,1,1,1,1,1,1
20017,Karlsruhe,49.009445,8.4047222,0,0,0,0,0,0,0,0,0,0,0,0,1,1,1,1,1,1,True,True,True,True,True,True,0,0,0,0,0,0
20018,Karlsruhe-Durlach,48.999443,8.4705553,2,2,2,2,2,2,0,0,0,0,1,1,1,1,1,1,1,1,True,True,True,True,True,True,2,2,2,2,2,2
20019,Koenigshofen,49.548332,9.7299995,1,1,1,2,2,2,0,0,0,0,0,1,1,1,1,2,2,1,True,True,True,True,True,True,1,1,1,1,1,2
20020,Krautheim,49.384724,9.6341667,0,0,2,2,2,2,0,0,0,0,0,0,1,1,1,2,1,1,True,True,True,True,True,True,0,0,2,1,2,2
20021,Kuelsheim,49.670834,9.5174999,1,2,2,2,2,3,0,1,1,1,1,1,1,1,1,1,1,1,True,True,True,True,True,True,1,2,2,2,2,2
20022,Ladenburg,49.471943,8.6102781,1,1,1,1,1,1,1,1,1,1,1,1,1,1,2,3,1,1,True,True,True,True,True,True,1,1,1,1,1,1
20023,Lauda,49.57,9.7008333,1,1,2,2,2,2,0,0,0,0,0,0,1,1,1,2,2,2,True,True,True,True,True,True,1,1,2,1,1,1
20024,Mannheim,49.488888,8.4624996,1,1,1,1,1,1,0,0,0,0,0,0,1,1,2,1,1,1,True,True,True,True,True,True,1,1,1,1,1,1
20025,Mosbach,49.352501,9.1477776,1,3,2,2,2,2,0,0,0,0,0,0,1,0,2,1,2,2,True,True,True,True,True,True,1,2,1,2,1,1
20026,Neckarbischofsheim,49.294445,8.9608335,1,1,1,2,2,3,0,0,0,0,0,0,1,1,1,2,2,1,True,True,True,True,True,True,1,1,1,1,1,2
20027,Neckargemuend,49.394444,8.7972221,3,3,3,2,2,2,0,0,0,0,0,1,0,0,0,2,1,1,True,True,True,True,True,True,2,2,2,1,2,2
20028,Neudenau,49.2925,9.2705555,2,2,2,2,2,2,0,0,0,0,0,0,1,1,2,2,1,1,True,True,True,True,True,True,2,2,1,1,2,2
20029,Obergrombach,49.077221,8.5847225,1,1,2,2,2,2,0,0,0,0,0,0,1,1,1,1,1,1,True,True,True,True,True,True,1,1,2,2,2,2
20030,Osterburken,49.428333,9.4261112,1,1,1,1,2,2,0,0,0,1,1,1,1,1,1,1,1,1,True,True,True,True,True,True,1,1,1,1,2,2
20031,Pforzheim,48.891109,8.6988888,2,2,2,2,2,2,0,0,0,0,0,0,1,1,1,1,1,2,True,True,True,True,True,True,2,2,2,2,2,1
20032,Philippsburg,49.236111,8.4533329,1,1,2,2,2,2,0,0,1,1,1,1,1,1,2,1,1,1,True,True,True,True,True,True,1,1,1,2,2,2
20033,Rotenberg,49.258335,8.7155552,1,1,2,2,2,2,0,0,1,1,1,1,1,1,1,1,1,2,True,True,True,True,True,True,1,1,2,2,2,1
20034,Schoenau,49.435833,8.8094444,1,1,1,1,1,1,0,0,0,0,0,1,1,1,2,1,1,1,True,True,True,True,True,True,1,1,1,1,1,1
20035,Schwetzingen,49.384445,8.5741663,1,1,1,1,1,1,0,0,0,0,0,0,1,1,2,1,1,1,True,True,True,True,True,True,1,1,1,1,1,1
20036,Sinsheim,49.252777,8.8786116,3,3,3,2,2,2,0,0,0,0,0,0,0,0,0,2,2,2,True,True,True,True,True,True,2,2,2,1,1,1
20037,Tauberbischofsheim,49.621944,9.6625004,1,2,2,2,2,2,0,0,0,1,1,1,1,1,1,1,1,1,True,True,True,True,True,True,1,2,2,2,2,2
20038,Unteroewisheim,49.143055,8.6683331,1,1,1,1,1,1,0,0,0,0,0,0,1,1,2,1,1,1,True,True,True,True,True,True,1,1,1,1,1,1
20039,Waibstadt,49.299721,8.9200001,2,2,2,2,2,2,0,0,0,0,0,0,1,1,2,1,1,1,True,True,True,True,True,True,2,2,1,2,2,2
20040,Walldorf,49.303055,8.6424999,1,1,1,1,1,1,0,0,0,0,0,0,1,1,2,1,1,1,True,True,True,True,True,True,1,1,1,1,1,1
20041,Wallduern,49.582222,9.3680553,1,2,2,2,3,3,0,0,0,0,0,1,1,1,1,1,1,1,True,True,True,True,True,True,1,2,2,2,2,2
20042,Weinheim,49.550556,8.6705551,1,2,2,2,2,3,0,0,0,0,1,1,1,1,2,1,1,1,True,True,True,True,True,True,1,2,1,2,2,2
20043,Wertheim,49.759445,9.5166664,1,1,2,2,2,2,0,0,0,0,0,0,1,1,1,1,1,1,True,True,True,True,True,True,1,1,2,2,2,2
20044,Wiesloch,49.293335,8.7011108,2,2,2,2,2,2,0,0,0,0,0,0,1,1,2,1,2,2,True,True,True,True,True,True,2,2,1,2,1,1
21001,Aach,47.843056,8.8525,1,3,3,1,1,2,0,0,0,0,0,1,1,0,0,2,3,2,True,True,True,True,True,True,1,2,2,1,1,1
21002,Achern,48.628613,8.0741663,1,1,1,1,1,1,0,0,0,0,0,0,1,1,1,2,2,2,True,True,True,True,True,True,1,1,1,1,1,1
21003,Baden-Baden,48.761665,8.2397223,1,1,1,2,2,2,0,0,0,0,0,0,1,1,1,1,1,1,True,True,True,True,True,True,1,1,1,2,2,2
21004,St. Blasien,47.761391,8.125556,1,1,1,1,1,1,0,0,0,0,0,0,1,1,1,2,2,2,True,True,True,True,True,True,1,1,1,1,1,1
21005,Blumberg,47.839443,8.5341663,0,1,1,1,2,2,0,0,0,0,0,0,1,1,1,1,2,2,True,True,True,True,True,True,0,1,1,1,1,1
21006,Blumenfeld,47.813889,8.6830559,0,1,1,2,2,2,0,0,0,0,0,0,1,1,1,1,1,2,True,True,True,True,True,True,0,1,1,2,2,1
21007,Bonndorf,47.819443,8.3430557,1,1,1,1,1,1,0,0,0,0,0,0,1,1,1,1,1,1,True,True,True,True,True,True,1,1,1,1,1,1
21008,Braeunlingen,47.93,8.4486113,1,2,2,2,2,2,0,0,0,1,1,1,1,1,2,2,3,2,True,True,True,True,True,True,1,2,1,1,1,1
21009,Breisach,48.031113,7.5830555,2,2,2,2,3,2,0,0,0,0,0,1,1,1,1,1,0,2,True,True,True,True,True,True,2,2,2,2,2,1
21010,Buehl,48.69611,8.1363888,0,1,1,1,1,1,0,0,0,0,1,1,1,1,1,2,1,1,True,True,True,True,True,True,0,1,1,1,1,1
21011,Burkheim,48.100277,7.5972223,1,2,2,2,2,2,0,0,0,0,0,1,1,1,2,2,2,2,True,True,True,True,True,True,1,2,1,1,1,1
21012,Donaueschingen,47.951389,8.4975004,1,1,1,1,1,1,0,0,0,0,0,0,1,1,1,2,2,2,True,True,True,True,True,True,1,1,1,1,1,1
21013,Elzach,48.172222,8.0691671,1,2,2,2,2,2,0,1,1,1,1,1,1,1,2,3,2,2,True,True,True,True,True,True,1,2,1,1,1,1
21014,Emmendingen,48.11972,7.8488889,1,1,1,1,1,1,0,0,0,0,0,0,1,1,1,1,2,1,True,True,True,True,True,True,1,1,1,1,1,1
21015,Endingen,48.140556,7.7030554,1,2,3,3,3,3,0,0,0,1,1,1,1,1,2,3,3,2,True,True,True,True,True,True,1,2,1,1,1,1
21016,Engen,47.853889,8.771944,1,2,2,3,3,3,0,1,1,1,1,1,1,1,1,2,2,1,True,True,True,True,True,True,1,2,2,1,1,2
21017,Ettenheim,48.254444,7.812778,1,1,2,2,2,2,1,1,1,1,1,1,1,1,1,1,1,1,True,True,True,True,True,True,1,1,2,2,2,2
21018,Freiburg/Br.,47.99472,7.8497224,2,2,2,2,2,3,1,1,1,1,1,1,1,1,1,2,3,2,True,True,True,True,True,True,2,2,2,1,1,1
21019,Freistett,48.664165,7.9397221,1,1,1,1,1,1,0,0,0,0,0,0,1,1,1,1,1,2,True,True,True,True,True,True,1,1,1,1,1,1
21020,Fuerstenberg (Suedbaden),47.891945,8.5522223,1,2,2,2,2,2,0,0,0,0,0,0,1,1,1,1,1,1,True,True,True,True,True,True,1,2,2,2,2,2
21021,Furtwangen,48.051388,8.2052774,1,1,1,1,1,1,0,0,0,0,0,0,1,1,2,2,2,2,True,True,True,True,True,True,1,1,1,1,1,1
21022,Gaggenau,48.803612,8.3194447,0,1,1,1,1,1,0,0,0,0,0,0,1,1,1,1,1,1,True,True,True,True,True,True,0,1,1,1,1,1
21023,Geisingen,47.922779,8.6497221,1,1,2,2,2,2,1,1,1,1,1,1,1,1,1,1,2,2,True,True,True,True,True,True,1,1,2,2,1,1
21024,Gengenbach,48.405556,8.0133333,3,3,3,3,3,3,0,0,0,0,0,0,0,0,0,0,0,0,True,True,True,True,True,True,2,2,2,2,2,2
21025,St. Georgen,48.12611,8.332222,1,1,1,1,1,1,0,0,0,0,0,0,1,1,1,1,2,1,True,True,True,True,True,True,1,1,1,1,1,1
21026,Gernsbach,48.763611,8.3374996,2,2,2,2,2,2,0,0,0,1,1,1,1,1,1,2,1,1,True,True,True,True,True,True,2,2,2,1,2,2
21027,Haslach,48.2775,8.0880556,1,1,1,3,3,3,0,0,0,0,0,0,1,1,1,3,2,2,True,True,True,True,True,True,1,1,1,1,1,1
21028,Hauenstein,47.581944,8.1072226,1,1,2,2,2,2,0,0,0,0,0,0,1,1,1,2,3,2,True,True,True,True,True,True,1,1,2,1,1,1
21029,Hausach,48.28389,8.1711111,1,1,2,2,2,2,0,0,0,0,0,0,1,1,1,1,1,1,True,True,True,True,True,True,1,1,2,2,2,2
21030,Heitersheim,47.871666,7.6647224,1,1,1,1,1,1,0,0,0,0,1,1,1,1,1,2,2,2,True,True,True,True,True,True,1,1,1,1,1,1
21031,Herbolzheim,48.224167,7.7775002,1,1,1,1,1,1,0,0,0,0,0,0,1,1,1,1,2,2,True,True,True,True,True,True,1,1,1,1,1,1
21032,Hornberg,48.212502,8.2299995,2,2,2,2,2,3,0,0,0,0,0,0,1,1,1,1,2,1,True,True,True,True,True,True,2,2,2,2,1,2
21033,Huefingen,47.925278,8.4888887,1,1,1,2,2,2,0,1,1,1,1,1,1,1,1,2,1,1,True,True,True,True,True,True,1,1,1,1,2,2
21034,Kandern,47.714722,7.6627779,1,1,1,1,1,1,0,0,0,0,0,0,1,1,2,1,1,1,True,True,True,True,True,True,1,1,1,1,1,1
21035,Kehl,48.572224,7.8130555,0,1,1,1,1,1,0,0,0,0,0,0,1,1,1,1,1,2,True,True,True,True,True,True,0,1,1,1,1,1
21036,Kenzingen,48.19278,7.769722,2,2,2,2,2,2,0,0,0,0,0,0,1,1,1,3,3,2,True,True,True,True,True,True,2,2,2,1,1,1
21037,Konstanz,47.662498,9.1758337,3,3,3,3,3,3,2,2,2,2,2,2,0,0,0,0,0,0,True,True,True,True,True,True,3,3,3,3,3,3
21038,Kuppenheim,48.827499,8.2541666,1,1,1,2,2,2,0,1,1,1,1,1,1,1,1,1,1,1,True,True,True,True,True,True,1,1,1,2,2,2
21039,Lahr,48.33889,7.8741665,1,1,1,2,2,2,0,0,0,0,0,0,1,1,1,1,2,1,True,True,True,True,True,True,1,1,1,2,1,2
21040,Laufenburg,47.564999,8.0605555,1,1,2,3,3,3,0,0,0,0,0,0,1,1,1,2,2,2,True,True,True,True,True,True,1,1,2,1,1,1
21041,Lichtenau (Baden),48.725834,8.0086107,0,2,2,2,2,2,0,0,0,0,0,0,1,1,1,1,1,2,True,True,True,True,True,True,0,2,2,2,2,1
21042,Loeffingen,47.88361,8.3436108,1,1,1,1,1,2,0,0,0,0,0,0,1,1,1,1,1,1,True,True,True,True,True,True,1,1,1,1,1,2
21043,Loerrach,47.611946,7.6597223,1,1,1,1,1,1,0,0,0,0,1,1,1,1,2,1,1,1,True,True,True,True,True,True,1,1,1,1,1,1
21044,Mahlberg,48.288055,7.8097224,2,2,2,2,2,2,1,1,1,1,1,1,1,1,1,1,2,1,True,True,True,True,True,True,2,2,2,2,1,2
21045,Markdorf,47.720276,9.3888893,1,1,1,1,2,3,0,0,0,0,0,0,1,1,1,2,1,1,True,True,True,True,True,True,1,1,1,1,2,2
21046,Meersburg,47.695,9.2733335,1,2,2,2,2,2,1,1,1,1,1,1,1,1,1,1,1,1,True,True,True,True,True,True,1,2,2,2,2,2
21047,Messkirch,47.9925,9.1111107,1,2,2,2,2,2,0,0,0,0,0,0,1,1,2,2,1,1,True,True,True,True,True,True,1,2,1,1,2,2
21048,Moehringen,47.957779,8.7633333,1,1,2,2,2,2,0,0,1,1,1,1,1,1,2,1,1,1,True,True,True,True,True,True,1,1,1,2,2,2
21049,Muellheim,47.808056,7.6308331,1,1,1,1,1,1,0,0,0,0,0,0,1,1,2,2,2,1,True,True,True,True,True,True,1,1,1,1,1,1
21050,Neuenburg,47.813889,7.5597224,3,3,2,2,3,3,0,1,1,1,1,1,0,0,2,2,2,2,True,True,True,True,True,True,2,2,1,1,1,1
21051,Neustadt/Sch.,47.915833,8.2122221,0,1,1,1,1,1,0,0,0,0,1,1,1,1,1,1,1,1,True,True,True,True,True,True,0,1,1,1,1,1
21052,Oberkirch,48.531666,8.0769444,1,2,3,3,3,3,0,0,0,0,0,0,1,1,2,1,1,1,True,True,True,True,True,True,1,2,1,2,2,2
21053,Offenburg,48.472221,7.9433331,3,3,3,3,3,3,0,0,0,0,0,0,0,0,0,0,0,0,True,True,True,True,True,True,2,2,2,2,2,2
21054,Oppenau,48.474445,8.165,1,2,2,2,2,2,0,0,0,0,0,0,1,1,1,1,1,1,True,True,True,True,True,True,1,2,2,2,2,2
21055,Pfullendorf,47.923611,9.2552776,2,3,3,3,3,3,1,1,1,1,1,1,1,0,0,0,0,0,True,True,True,True,True,True,2,2,2,2,2,2
21056,Radolfzell,47.738888,8.9686108,1,2,2,2,3,3,1,1,1,1,1,1,1,1,1,2,0,3,True,True,True,True,True,True,1,2,2,1,2,1
21057,Rastatt,48.857498,8.2025003,1,1,1,1,1,1,0,0,0,0,1,1,1,1,1,1,1,1,True,True,True,True,True,True,1,1,1,1,1,1
21058,Renchen,48.587776,8.0133333,1,1,1,1,1,1,1,1,1,1,1,1,1,1,2,1,1,1,True,True,True,True,True,True,1,1,1,1,1,1
21059,Rheinfelden,47.561111,7.7836113,0,0,0,0,0,0,0,0,0,0,0,0,1,1,1,1,2,2,True,True,True,True,True,True,0,0,0,0,0,0
21060,Saeckingen,47.552502,7.9486113,2,2,2,2,2,2,1,1,1,1,1,1,1,1,1,2,2,2,True,True,True,True,True,True,2,2,2,1,1,1
21061,Schiltach,48.290001,8.3422222,2,2,2,2,2,3,0,0,0,0,1,1,1,1,1,2,1,1,True,True,True,True,True,True,2,2,2,1,2,2
21062,Schoenau i. W.,47.785831,7.893889,1,1,1,1,1,1,0,0,0,0,0,0,1,1,1,2,2,2,True,True,True,True,True,True,1,1,1,1,1,1
21063,Schopfheim,47.650002,7.8227777,2,2,2,3,3,3,1,1,1,1,1,1,1,1,2,1,1,1,True,True,True,True,True,True,2,2,1,2,2,2
21064,Singen,47.759445,8.835,1,1,1,1,1,1,0,0,0,0,0,0,1,1,1,1,2,2,True,True,True,True,True,True,1,1,1,1,1,1
21065,Staufen,47.88028,7.729722,1,2,2,2,2,2,0,0,0,0,0,0,1,1,1,2,2,2,True,True,True,True,True,True,1,2,2,1,1,1
21066,Steinbach,48.728054,8.1594448,1,2,2,2,2,2,0,1,1,1,1,1,1,1,1,1,1,1,True,True,True,True,True,True,1,2,2,2,2,2
21067,Stockach,47.84861,9.0088892,1,1,1,1,1,1,0,0,0,0,0,0,1,1,1,1,2,2,True,True,True,True,True,True,1,1,1,1,1,1
21068,Stuehlingen,47.745277,8.4458332,1,2,2,2,2,2,0,0,0,0,0,0,1,1,1,1,1,1,True,True,True,True,True,True,1,2,2,2,2,2
21069,Sulzburg,47.839722,7.71,2,2,2,2,2,2,0,0,0,0,1,1,1,1,1,2,2,1,True,True,True,True,True,True,2,2,2,1,1,2
21070,Tengen,47.82111,8.6608334,1,2,2,2,2,2,0,1,1,1,1,1,1,1,2,2,2,2,True,True,True,True,True,True,1,2,1,1,1,1
21071,Tiengen,47.981945,7.7144446,2,2,2,2,2,2,0,0,0,0,0,0,1,1,1,1,1,2,True,True,True,True,True,True,2,2,2,2,2,1
21072,Todtnau,47.829166,7.9475002,0,1,1,1,1,1,0,0,0,0,0,0,1,1,1,2,2,2,True,True,True,True,True,True,0,1,1,1,1,1
21073,Triberg,48.128887,8.2311115,1,1,2,2,2,2,0,0,1,1,1,1,1,1,2,2,2,2,True,True,True,True,True,True,1,1,1,1,1,1
21074,Ueberlingen,47.768333,9.1591663,1,3,3,3,3,3,0,1,1,1,1,1,1,0,0,0,0,0,True,True,True,True,True,True,1,2,2,2,2,2
21075,Villingen,48.058056,8.459444,2,2,2,2,2,2,1,1,1,1,1,1,1,1,2,2,2,2,True,True,True,True,True,True,2,2,1,1,1,1
21076,Voehrenbach,48.045277,8.3044443,2,2,2,2,2,2,0,0,0,0,0,0,1,1,1,1,1,2,True,True,True,True,True,True,2,2,2,2,2,1
21077,Waldkirch,48.093887,7.9611111,1,2,2,2,2,2,0,0,0,0,0,0,1,1,1,2,2,2,True,True,True,True,True,True,1,2,2,1,1,1
21078,Waldshut,47.623333,8.2136106,1,2,2,2,2,2,0,0,0,0,0,0,1,1,1,2,2,2,True,True,True,True,True,True,1,2,2,1,1,1
21079,Wehr,47.629723,7.9044442,1,1,1,1,1,1,0,0,0,1,1,1,1,1,1,2,2,2,True,True,True,True,True,True,1,1,1,1,1,1
21080,Weil,47.594166,7.6294446,1,1,1,1,1,1,0,0,0,0,0,0,1,1,1,2,1,1,True,True,True,True,True,True,1,1,1,1,1,1
21081,Wolfach,48.298611,8.2213888,1,2,2,2,2,3,0,1,1,1,1,1,1,1,1,1,2,2,True,True,True,True,True,True,1,2,2,2,1,1
21082,Zell a. H.,48.346111,8.061944,1,3,3,3,3,3,0,0,0,0,0,0,1,0,0,0,0,0,True,True,True,True,True,True,1,2,2,2,2,2
21083,Zell i. W.,47.7075,7.8519444,0,0,1,1,1,1,0,0,0,0,0,0,1,1,1,2,2,2,True,True,True,True,True,True,0,0,1,1,1,1
22001,Abenberg,49.24139,10.963333,1,1,2,2,2,2,0,0,0,0,0,0,1,1,1,1,1,1,True,True,True,True,True,True,1,1,2,2,2,2
22002,Allersberg,49.251389,11.236389,1,1,2,2,2,2,0,0,1,1,1,1,1,1,1,1,1,2,True,True,True,True,True,True,1,1,2,2,2,1
22003,Altdorf,49.385834,11.355278,1,1,1,2,3,3,0,0,0,1,1,1,1,1,1,3,2,2,True,True,True,True,True,True,1,1,1,1,1,1
22004,Alzenau,50.086666,9.0716667,1,1,1,1,2,2,0,0,0,0,1,1,1,1,1,2,1,1,True,True,True,True,True,True,1,1,1,1,2,2
22005,Amorbach,49.644444,9.2180557,3,2,2,2,2,3,1,1,1,1,1,1,0,1,1,1,1,1,True,True,True,True,True,True,2,2,2,2,2,2
22006,Ansbach,49.302502,10.571667,1,1,1,1,2,2,0,0,0,0,1,1,1,1,2,2,1,2,True,True,True,True,True,True,1,1,1,1,2,1
22007,Arnstein,49.978611,9.9666662,1,2,2,2,2,2,0,0,1,1,1,1,1,1,1,1,1,1,True,True,True,True,True,True,1,2,2,2,2,2
22008,Arzberg,50.056946,12.185278,0,1,1,1,2,2,0,0,0,0,0,0,1,1,1,1,2,2,True,True,True,True,True,True,0,1,1,1,1,1
22009,Aschaffenburg,49.973331,9.1477776,2,2,2,3,3,3,1,1,1,1,1,1,1,1,1,1,1,1,True,True,True,True,True,True,2,2,2,2,2,2
22010,Aub,49.551666,10.064167,1,1,1,1,2,2,0,0,0,0,1,1,1,1,1,2,1,1,True,True,True,True,True,True,1,1,1,1,2,2
22011,Bad Berneck i. Fichtelgeb.,50.04361,11.666945,1,1,2,3,3,3,1,1,1,1,1,1,1,1,2,1,2,2,True,True,True,True,True,True,1,1,1,2,1,1
22012,Bad Kissingen,50.199722,10.078889,2,2,2,2,2,2,0,0,1,1,1,1,1,1,2,2,1,1,True,True,True,True,True,True,2,2,1,1,2,2
22013,Bad Neustadt a. d. Saale,50.322777,10.215555,2,2,2,2,2,2,0,0,0,0,1,1,1,1,1,1,1,1,True,True,True,True,True,True,2,2,2,2,2,2
22014,Bad Windsheim,49.502499,10.416945,1,1,2,3,3,3,0,0,0,1,1,1,1,1,1,0,0,0,True,True,True,True,True,True,1,1,2,2,2,2
22015,Baiersdorf,49.656944,11.031111,1,1,1,1,1,1,0,0,0,1,1,1,1,1,1,1,2,2,True,True,True,True,True,True,1,1,1,1,1,1
22016,Bamberg,49.893612,10.886111,1,1,2,3,3,3,1,1,2,2,2,2,2,2,2,2,2,2,True,True,True,True,True,True,1,1,1,1,1,1
22017,Baunach,49.988056,10.85,1,1,2,2,2,2,0,0,1,1,1,1,1,1,1,2,1,1,True,True,True,True,True,True,1,1,2,1,2,2
22018,Bayreuth,49.943333,11.577778,2,2,2,3,3,3,0,0,0,1,1,1,1,1,1,1,2,2,True,True,True,True,True,True,2,2,2,2,1,1
22019,Betzenstein,49.68222,11.418056,1,1,1,2,2,2,0,0,0,0,0,0,1,1,1,1,2,2,True,True,True,True,True,True,1,1,1,2,1,1
22020,Bischofsheim a. d. Rhoen,50.400833,10.009167,0,1,1,1,1,2,0,0,0,0,0,1,1,1,1,2,1,1,True,True,True,True,True,True,0,1,1,1,1,2
22021,Brueckenau,50.310276,9.790556,0,1,2,2,2,2,0,0,0,0,0,1,1,1,1,1,1,1,True,True,True,True,True,True,0,1,2,2,2,2
22022,Burgbernheim,49.450279,10.324445,1,1,1,1,1,1,0,0,0,1,1,1,1,1,1,1,2,2,True,True,True,True,True,True,1,1,1,1,1,1
22023,Burgkunstadt,50.141109,11.251667,1,1,2,2,2,2,0,0,0,0,1,1,1,1,1,1,1,1,True,True,True,True,True,True,1,1,2,2,2,2
22024,Coburg,50.259167,10.96,1,1,2,2,3,3,0,0,0,0,1,1,1,1,2,1,1,1,True,True,True,True,True,True,1,1,1,2,2,2
22025,Creussen,49.844166,11.624444,1,1,1,2,2,3,0,0,0,0,0,0,1,1,1,1,2,2,True,True,True,True,True,True,1,1,1,2,1,1
22026,Dettelbach,49.801388,10.160277,1,1,1,1,1,2,0,0,0,0,0,1,1,1,1,1,1,1,True,True,True,True,True,True,1,1,1,1,1,2
22027,Dinkelsbuehl,49.068611,10.32,1,3,3,3,3,3,0,1,1,2,2,2,1,0,0,0,0,0,True,True,True,True,True,True,1,2,2,3,3,3
22028,Ebermannstadt,49.779167,11.184722,1,1,2,2,2,2,0,0,0,0,0,0,1,1,2,1,1,1,True,True,True,True,True,True,1,1,1,2,2,2
22029,Ebern,50.098331,10.794723,1,1,2,2,2,2,0,0,0,1,1,1,1,1,1,1,1,1,True,True,True,True,True,True,1,1,2,2,2,2
22030,Ebrach,49.847778,10.497222,1,1,1,1,1,1,0,0,0,0,0,0,1,1,1,1,1,1,True,True,True,True,True,True,1,1,1,1,1,1
22031,Eibelstadt,49.724724,10.000834,1,1,1,1,2,2,0,0,0,0,1,1,1,1,1,1,1,2,True,True,True,True,True,True,1,1,1,1,2,1
22032,Eichstaett,48.890835,11.185,2,2,2,2,3,3,2,2,2,2,2,2,1,1,1,1,1,1,True,True,True,True,True,True,2,2,2,2,3,3
22033,Ellingen,49.060555,10.967778,1,1,1,2,2,2,0,0,0,0,0,0,1,1,1,1,1,1,True,True,True,True,True,True,1,1,1,2,2,2
22034,Eltmann,49.97139,10.664444,1,1,2,2,2,2,0,0,1,1,1,1,1,1,1,1,1,1,True,True,True,True,True,True,1,1,2,2,2,2
22035,Erlangen,49.595001,11.004723,1,1,1,2,2,2,0,0,0,1,1,1,1,1,1,2,3,2,True,True,True,True,True,True,1,1,1,1,1,1
22036,Feuchtwangen,49.1675,10.331388,2,3,3,2,2,2,0,0,0,0,1,1,1,0,0,2,1,2,True,True,True,True,True,True,2,2,2,1,2,1
22037,Fladungen,50.522221,10.143056,1,1,2,2,2,2,0,0,1,1,1,1,1,1,1,1,1,1,True,True,True,True,True,True,1,1,2,2,2,2
22038,Forchheim,49.720001,11.058056,1,1,2,2,2,3,0,0,0,0,0,0,1,1,1,1,1,1,True,True,True,True,True,True,1,1,2,2,2,2
22039,Fuerth,49.477222,10.989722,1,1,1,1,1,1,1,1,1,1,1,1,1,1,2,2,1,2,True,True,True,True,True,True,1,1,1,1,1,1
22040,Gefrees,50.094723,11.738611,0,0,0,1,2,2,0,0,0,0,0,0,1,1,2,1,2,2,True,True,True,True,True,True,0,0,0,1,1,1
22041,Gemuenden a. Main,50.051109,9.7005558,1,1,1,1,1,1,0,0,0,0,1,1,1,1,2,1,2,2,True,True,True,True,True,True,1,1,1,1,1,1
22042,Gerolzhofen,49.899723,10.350833,1,1,1,2,2,3,0,0,0,0,0,0,1,1,2,1,1,1,True,True,True,True,True,True,1,1,1,2,2,2
22043,Goldkronach,50.010834,11.686666,1,1,1,2,2,2,0,0,0,0,0,0,1,1,2,1,2,2,True,True,True,True,True,True,1,1,1,2,1,1
22044,Graefenberg,49.645832,11.248611,1,1,2,2,2,2,0,0,1,1,1,1,1,1,2,2,1,1,True,True,True,True,True,True,1,1,1,1,2,2
22045,Greding,49.046391,11.353056,2,2,2,2,2,2,0,0,0,0,0,0,1,1,1,1,1,1,True,True,True,True,True,True,2,2,2,2,2,2
22046,Gunzenhausen,49.113335,10.759167,1,2,2,2,2,2,0,0,0,0,1,1,1,1,2,2,1,2,True,True,True,True,True,True,1,2,1,1,2,1
22047,Hallstadt,49.928333,10.875,1,1,1,1,1,1,0,0,0,0,0,1,1,1,1,1,1,1,True,True,True,True,True,True,1,1,1,1,1,1
22048,Hammelburg,50.115276,9.8908329,1,1,2,2,2,2,0,0,0,1,1,1,1,1,1,1,1,1,True,True,True,True,True,True,1,1,2,2,2,2
22049,Hassfurt,50.031387,10.506389,2,2,2,2,2,3,0,0,0,1,1,1,1,1,1,1,1,1,True,True,True,True,True,True,2,2,2,2,2,2
22050,Heideck,49.132221,11.126389,1,1,1,1,2,3,0,0,0,0,0,1,1,1,1,2,2,2,True,True,True,True,True,True,1,1,1,1,1,1
22051,Heilsbronn,49.337776,10.790277,1,1,1,1,1,1,0,0,0,0,0,0,1,1,2,2,1,2,True,True,True,True,True,True,1,1,1,1,1,1
22052,Helmbrechts,50.236668,11.715834,1,1,1,1,2,2,0,0,0,0,1,1,1,1,1,2,2,2,True,True,True,True,True,True,1,1,1,1,1,1
22053,Herrieden,49.232777,10.497222,1,2,2,2,3,3,0,0,0,1,1,1,1,1,1,1,1,1,True,True,True,True,True,True,1,2,2,2,2,2
22054,Hersbruck,49.509445,11.4325,3,3,3,3,3,3,1,1,1,1,1,1,1,1,2,2,2,1,True,True,True,True,True,True,2,2,1,1,1,2
22055,Herzogenaurach,49.568333,10.883611,1,2,2,2,3,3,0,0,0,0,1,1,1,1,1,1,1,1,True,True,True,True,True,True,1,2,2,2,2,2
22056,Hilpoltstein,49.189167,11.191667,1,1,2,2,2,2,0,0,0,0,0,0,1,1,1,3,2,1,True,True,True,True,True,True,1,1,2,1,1,2
22057,Hoechstadt a. d. Aisch,49.702778,10.805555,1,2,2,2,2,2,0,0,0,0,0,0,1,1,1,1,1,1,True,True,True,True,True,True,1,2,2,2,2,2
22058,Hof,50.316387,11.913333,1,1,2,2,2,2,0,0,0,0,0,0,1,1,1,2,2,2,True,True,True,True,True,True,1,1,2,1,1,1
22059,Hofheim i. Ufr.,50.139168,10.524445,1,1,1,1,1,1,0,0,0,0,0,0,1,1,2,1,1,1,True,True,True,True,True,True,1,1,1,1,1,1
22060,Hohenberg a. d. Eger,50.096668,12.222777,1,1,1,1,1,1,0,0,0,0,0,0,1,1,1,1,2,2,True,True,True,True,True,True,1,1,1,1,1,1
22061,Hollfeld,49.936668,11.293056,1,1,1,1,2,2,0,0,0,0,0,0,1,1,1,1,1,1,True,True,True,True,True,True,1,1,1,1,2,2
22062,Iphofen,49.703609,10.259167,1,2,2,2,3,3,0,0,1,1,1,1,1,1,3,1,1,1,True,True,True,True,True,True,1,2,1,2,2,2
22063,Karlstadt,49.961945,9.7638893,2,2,2,2,3,3,0,0,0,0,1,1,1,1,1,1,1,1,True,True,True,True,True,True,2,2,2,2,2,2
22064,Kirchenlamitz,50.151669,11.950556,0,0,1,2,2,2,0,0,0,0,0,0,1,1,1,1,2,2,True,True,True,True,True,True,0,0,1,2,1,1
22065,Kitzingen,49.736946,10.161111,1,1,2,2,2,2,0,0,0,0,0,1,1,1,1,1,2,2,True,True,True,True,True,True,1,1,2,2,1,1
22066,Klingenberg a. Main,49.783333,9.1830559,2,2,2,2,2,2,0,0,0,0,0,0,1,1,1,1,1,1,True,True,True,True,True,True,2,2,2,2,2,2
22067,Koenigsberg i. Bay.,50.080833,10.569167,1,1,1,2,2,2,0,0,1,1,1,1,1,1,2,3,2,1,True,True,True,True,True,True,1,1,1,1,1,2
22068,Koenigshofen i. Grabfeld,50.299168,10.467222,2,2,2,3,3,3,0,0,1,1,1,1,1,1,1,2,2,2,True,True,True,True,True,True,2,2,2,1,1,1
22069,Kronach,50.238888,11.325277,1,2,2,2,2,2,0,0,0,0,0,1,1,1,1,1,1,1,True,True,True,True,True,True,1,2,2,2,2,2
22070,Kulmbach,50.108055,11.455556,1,1,1,3,3,3,0,0,0,1,1,1,1,1,2,1,2,2,True,True,True,True,True,True,1,1,1,2,1,1
22071,Kupferberg,50.139446,11.576667,0,1,2,2,2,2,0,0,0,0,0,0,1,1,1,1,1,1,True,True,True,True,True,True,0,1,2,2,2,2
22072,Langenzenn,49.495277,10.795555,1,1,1,3,3,3,0,0,0,0,0,0,1,1,1,2,2,2,True,True,True,True,True,True,1,1,1,1,1,1
22073,Lauf a. d. Pegnitz,49.511391,11.277778,1,2,2,2,2,2,0,0,0,0,0,0,1,1,2,2,2,1,True,True,True,True,True,True,1,2,1,1,1,2
22074,Leutershausen,49.299999,10.4075,2,2,2,2,2,2,0,0,0,0,0,0,1,1,2,2,1,2,True,True,True,True,True,True,2,2,1,1,2,1
22075,Lichtenberg,50.383057,11.675278,0,0,1,1,2,2,0,0,0,0,0,0,1,1,1,1,2,2,True,True,True,True,True,True,0,0,1,1,1,1
22076,Lichtenfels,50.146946,11.068334,2,2,2,2,2,3,0,0,0,0,0,0,1,1,1,1,1,1,True,True,True,True,True,True,2,2,2,2,2,2
22077,Lohr a. Main,49.993057,9.5758333,1,1,2,2,2,2,0,0,1,1,1,1,1,1,1,2,1,1,True,True,True,True,True,True,1,1,2,1,2,2
22078,Ludwigsstadt,50.484722,11.388611,0,0,2,2,2,3,0,0,0,1,1,1,1,1,1,1,2,2,True,True,True,True,True,True,0,0,2,2,1,1
22079,Mainbernheim,49.707779,10.218333,1,1,1,2,2,2,0,0,0,1,1,1,1,1,1,2,2,3,True,True,True,True,True,True,1,1,1,1,1,1
22080,Marktbreit,49.666389,10.143333,0,1,1,1,1,1,0,0,0,0,0,0,1,1,1,1,2,1,True,True,True,True,True,True,0,1,1,1,1,1
22081,Marktheidenfeld,49.843887,9.6002779,1,1,1,1,1,1,0,0,0,0,0,0,1,1,1,1,1,1,True,True,True,True,True,True,1,1,1,1,1,1
22082,Marktleuthen,50.129444,12.001111,0,0,1,1,1,1,0,0,0,0,1,1,1,1,1,1,3,2,True,True,True,True,True,True,0,0,1,1,1,1
22083,Marktredwitz,50.000832,12.086111,1,1,1,2,2,2,0,0,0,0,0,0,1,1,2,1,1,1,True,True,True,True,True,True,1,1,1,2,2,2
22084,Marktsteft,49.696667,10.135,1,1,1,1,1,1,0,0,0,0,0,0,1,1,1,1,2,2,True,True,True,True,True,True,1,1,1,1,1,1
22085,Mellrichstadt,50.426666,10.3025,2,2,2,2,2,3,0,0,0,1,1,1,1,1,1,1,1,1,True,True,True,True,True,True,2,2,2,2,2,2
22086,Merkendorf,49.203335,10.701389,1,1,1,1,1,3,0,0,0,1,1,1,1,1,1,2,1,2,True,True,True,True,True,True,1,1,1,1,1,1
22087,Miltenberg,49.701111,9.2572222,2,2,2,2,2,2,1,1,1,3,3,3,1,1,1,1,1,1,True,True,True,True,True,True,2,2,2,2,2,2
22088,Muenchberg,50.191387,11.789444,1,1,1,2,2,2,0,0,0,1,1,1,1,1,1,2,2,2,True,True,True,True,True,True,1,1,1,1,1,1
22089,Muennerstadt,50.249722,10.194722,1,1,2,2,2,3,0,2,2,2,2,2,1,1,2,2,1,1,True,True,True,True,True,True,1,1,1,1,2,3
22090,Naila,50.330276,11.706667,0,0,1,1,1,1,0,0,0,0,1,1,1,1,1,2,2,2,True,True,True,True,True,True,0,0,1,1,1,1
22091,Neunkirchen a. Brand,49.612778,11.129444,1,1,1,1,1,2,0,0,0,0,1,1,1,1,1,1,1,1,True,True,True,True,True,True,1,1,1,1,1,2
22092,Neustadt a. d. Aisch,49.580555,10.608611,1,1,2,2,2,2,0,1,1,1,1,1,1,1,1,1,2,2,True,True,True,True,True,True,1,1,2,2,1,1
22093,Neustadt b. Coburg,50.326946,11.121944,1,1,1,3,3,3,0,0,1,1,1,1,1,1,1,2,1,1,True,True,True,True,True,True,1,1,1,1,2,2
22094,Nuernberg,49.450832,11.075,3,3,3,3,3,3,2,2,2,2,2,2,1,1,1,1,0,0,True,True,True,True,True,True,3,3,3,3,3,3
22095,Obernburg a. Main,49.842499,9.143611,1,1,2,2,2,2,0,0,0,0,0,0,1,1,2,1,1,1,True,True,True,True,True,True,1,1,1,2,2,2
22096,Ochsenfurt,49.664722,10.062222,3,3,3,3,3,3,0,0,0,0,0,0,1,1,1,1,1,1,True,True,True,True,True,True,2,2,2,2,2,2
22097,Ornbau,49.175835,10.655833,1,1,2,2,2,2,0,0,0,0,0,0,1,1,1,1,1,1,True,True,True,True,True,True,1,1,2,2,2,2
22098,Ostheim v. d. Rhoen,50.457779,10.230278,1,1,1,1,1,1,0,0,0,0,0,0,1,1,1,1,2,1,True,True,True,True,True,True,1,1,1,1,1,1
22099,Pappenheim,48.934723,10.974444,1,2,2,2,2,2,0,0,0,0,0,1,1,1,1,1,1,1,True,True,True,True,True,True,1,2,2,2,2,2
22100,Pegnitz,49.75639,11.541111,1,1,1,2,2,2,1,1,1,1,1,1,1,1,1,2,3,2,True,True,True,True,True,True,1,1,1,1,1,1
22101,Pottenstein,49.770832,11.408055,1,1,1,1,1,3,0,0,0,0,0,0,1,1,1,1,1,1,True,True,True,True,True,True,1,1,1,1,1,2
22102,Prichsenstadt,49.81778,10.350278,0,1,1,2,2,3,0,0,0,1,1,1,1,1,1,2,2,2,True,True,True,True,True,True,0,1,1,1,1,1
22103,Rehau,50.248333,12.035556,1,1,1,1,2,2,0,0,0,0,0,0,1,1,1,1,2,2,True,True,True,True,True,True,1,1,1,1,1,1
22104,Rieneck,50.093056,9.648056,2,2,2,2,2,3,0,0,0,0,0,0,1,1,1,2,1,1,True,True,True,True,True,True,2,2,2,1,2,2
22105,Rodach b. Coburg,50.341389,10.778889,1,1,1,2,2,2,0,0,0,1,1,1,1,1,2,1,1,1,True,True,True,True,True,True,1,1,1,2,2,2
22106,Roethenbach a. d. Pegnitz,49.481945,11.238611,0,0,1,1,1,1,0,0,0,0,0,0,1,1,2,2,2,1,True,True,True,True,True,True,0,0,1,1,1,1
22107,Roettingen,49.510277,9.9694443,1,2,2,2,2,2,0,0,0,0,0,0,1,1,2,1,1,1,True,True,True,True,True,True,1,2,1,2,2,2
22108,Roth b. Nuernberg,49.246113,11.091666,1,1,2,3,3,3,0,0,0,1,1,1,1,1,1,1,2,2,True,True,True,True,True,True,1,1,2,2,1,1
22109,Rothenburg o. d. Tauber,49.376945,10.179167,3,3,3,3,3,3,0,2,2,2,2,2,1,0,0,0,0,0,True,True,True,True,True,True,2,3,3,3,3,3
22110,Rothenfels,49.890556,9.5897226,1,1,2,2,2,2,0,0,0,0,0,0,1,1,2,1,1,1,True,True,True,True,True,True,1,1,1,2,2,2
22111,Schauenstein,50.2775,11.740833,1,1,1,2,2,2,0,0,0,0,0,0,1,1,1,1,2,2,True,True,True,True,True,True,1,1,1,2,1,1
22112,Scheinfeld,49.665001,10.462222,1,1,1,1,2,3,0,0,0,0,1,1,1,1,1,1,1,1,True,True,True,True,True,True,1,1,1,1,2,2
22113,Schesslitz,49.974724,11.036111,1,1,1,2,2,2,0,0,0,1,1,1,1,1,1,2,1,1,True,True,True,True,True,True,1,1,1,1,2,2
22114,Schillingsfuerst,49.286388,10.259722,1,1,1,1,1,1,0,0,0,0,0,0,1,1,1,1,1,1,True,True,True,True,True,True,1,1,1,1,1,1
22115,Schluesselfeld,49.756668,10.619166,0,0,1,2,2,2,0,0,1,1,1,1,1,1,2,2,1,1,True,True,True,True,True,True,0,0,1,1,2,2
22116,Schnaittach,49.559444,11.340834,1,1,1,1,1,1,0,0,0,1,1,1,1,1,1,2,2,1,True,True,True,True,True,True,1,1,1,1,1,1
22117,Schoenwald,50.198612,12.088333,1,1,1,1,1,1,0,0,0,0,0,0,1,1,1,2,3,2,True,True,True,True,True,True,1,1,1,1,1,1
22118,Schwabach,49.329445,11.020555,1,1,1,2,2,2,0,0,0,0,1,1,1,1,1,2,1,2,True,True,True,True,True,True,1,1,1,1,2,1
22119,Schwarzenbach am Wald,50.285,11.623889,0,0,0,1,1,1,0,0,0,0,0,1,1,1,1,1,1,2,True,True,True,True,True,True,0,0,0,1,1,1
22120,Schwarzenbach an der Saale,50.220833,11.938056,1,1,1,1,1,1,0,0,0,0,0,0,1,1,1,1,2,2,True,True,True,True,True,True,1,1,1,1,1,1
22121,Schweinfurt,50.046665,10.233611,2,3,3,3,3,3,0,0,1,1,2,2,1,0,0,0,0,0,True,True,True,True,True,True,2,2,2,2,3,3
22122,Selb,50.169724,12.130555,1,1,1,1,2,2,0,0,0,0,0,0,1,1,1,1,3,2,True,True,True,True,True,True,1,1,1,1,1,1
22123,Selbitz,50.314999,11.748055,0,0,0,1,1,1,0,0,0,0,0,0,1,1,1,1,2,2,True,True,True,True,True,True,0,0,0,1,1,1
22124,Sesslach,50.1875,10.843056,1,1,2,2,2,3,0,0,1,1,1,1,1,1,1,1,1,1,True,True,True,True,True,True,1,1,2,2,2,2
22125,Spalt,49.176388,10.924723,1,1,1,2,2,3,0,0,0,0,0,1,1,1,1,1,1,1,True,True,True,True,True,True,1,1,1,2,2,2
22126,Stadtprozelten,49.783054,9.4083338,1,1,1,2,2,2,0,0,0,0,0,0,1,1,2,1,1,1,True,True,True,True,True,True,1,1,1,2,2,2
22127,Stadtsteinach,50.163055,11.503889,1,2,2,2,2,2,0,0,0,0,0,0,1,1,1,1,1,1,True,True,True,True,True,True,1,2,2,2,2,2
22128,Staffelstein,50.101387,10.999722,1,1,1,1,2,3,1,1,1,1,1,1,1,1,1,1,2,1,True,True,True,True,True,True,1,1,1,1,1,2
22129,Teuschnitz,50.398335,11.380834,1,1,2,3,3,3,0,0,0,0,1,1,1,1,1,2,1,1,True,True,True,True,True,True,1,1,2,1,2,2
22130,Thiersheim,50.075832,12.128889,1,2,2,3,3,3,0,0,0,1,1,1,1,1,1,2,3,2,True,True,True,True,True,True,1,2,2,1,1,1
22131,Thierstein,50.106667,12.103611,0,0,1,1,1,1,0,0,0,0,0,0,1,1,1,2,3,2,True,True,True,True,True,True,0,0,1,1,1,1
22132,Treuchtlingen,48.955002,10.909166,1,1,1,1,1,1,0,0,0,1,1,1,1,1,2,1,2,1,True,True,True,True,True,True,1,1,1,1,1,1
22133,Uffenheim,49.543888,10.234167,1,1,2,2,3,3,0,0,0,0,1,1,1,1,1,2,1,2,True,True,True,True,True,True,1,1,2,1,2,1
22134,Velden,49.612778,11.511111,1,1,1,2,2,2,1,1,1,1,1,1,1,1,2,2,2,1,True,True,True,True,True,True,1,1,1,1,1,2
22135,Volkach,49.864166,10.226666,1,1,1,1,2,3,0,0,0,0,1,1,1,1,1,1,1,1,True,True,True,True,True,True,1,1,1,1,2,2
22136,Waischenfeld,49.845833,11.344167,1,1,2,2,2,2,0,0,1,1,1,1,1,1,2,1,1,1,True,True,True,True,True,True,1,1,1,2,2,2
22137,Wallenfels,50.268333,11.471111,1,1,1,1,1,1,0,0,0,0,0,0,1,1,1,1,1,1,True,True,True,True,True,True,1,1,1,1,1,1
22138,Wassertruedingen,49.041111,10.596945,1,1,2,2,2,3,0,0,0,0,0,1,1,1,2,3,1,2,True,True,True,True,True,True,1,1,1,1,2,1
22139,Weismain,50.084721,11.239166,1,1,2,2,2,3,0,1,1,1,1,1,1,1,1,1,1,1,True,True,True,True,True,True,1,1,2,2,2,2
22140,Weissenburg i. Bay.,49.029724,10.971945,3,3,3,3,3,3,0,0,0,0,0,0,0,0,0,0,0,0,True,True,True,True,True,True,2,2,2,2,2,2
22141,Weissenstadt,50.101112,11.885,1,1,2,2,2,2,0,0,0,0,0,0,1,1,1,1,2,2,True,True,True,True,True,True,1,1,2,2,1,1
22142,Windsbach,49.248333,10.826667,1,1,1,1,2,2,0,0,0,1,1,1,1,1,1,2,1,2,True,True,True,True,True,True,1,1,1,1,2,1
22143,Woerth a. Main,49.796112,9.1580553,1,2,2,2,2,2,0,0,0,0,0,0,1,1,1,1,1,1,True,True,True,True,True,True,1,2,2,2,2,2
22144,Wolframs-Eschenbach,49.226112,10.723056,1,1,2,2,2,3,0,0,1,1,1,1,1,1,1,1,1,1,True,True,True,True,True,True,1,1,2,2,2,2
22145,Wuerzburg,49.79361,9.9308329,2,3,3,3,3,3,2,2,2,2,2,2,2,2,2,2,2,2,True,True,True,True,True,True,1,1,1,1,1,1
22146,Wunsiedel,50.038612,12.004723,1,1,2,2,3,3,0,0,0,0,0,0,1,1,1,1,2,2,True,True,True,True,True,True,1,1,2,2,1,1
22147,Zeil a. Main,50.008335,10.595,1,1,1,2,2,3,0,0,0,0,0,0,1,1,1,1,1,1,True,True,True,True,True,True,1,1,1,2,2,2
22148,Zirndorf,49.441387,10.956388,1,1,1,1,1,1,0,0,0,0,0,0,1,1,1,2,1,2,True,True,True,True,True,True,1,1,1,1,1,1
23001,Abensberg,48.815556,11.848333,1,1,1,2,2,2,0,0,1,1,1,1,1,1,1,1,1,2,True,True,True,True,True,True,1,1,1,2,2,1
23002,Aichach,48.459167,11.13,2,3,3,3,3,3,0,0,1,1,1,1,1,1,1,2,2,1,True,True,True,True,True,True,2,2,2,1,1,2
23003,Altoetting,48.227779,12.678889,1,1,1,1,1,1,0,0,0,0,0,0,1,1,2,1,1,1,True,True,True,True,True,True,1,1,1,1,1,1
23004,Amberg,49.444721,11.854445,1,1,2,2,2,2,0,0,1,1,1,1,1,1,2,1,1,1,True,True,True,True,True,True,1,1,1,2,2,2
23005,Auerbach i. d. Opf.,49.691666,11.628889,1,1,1,1,2,2,1,1,1,1,1,1,1,1,2,3,3,2,True,True,True,True,True,True,1,1,1,1,1,1
23006,Augsburg,48.369446,10.8925,1,3,3,3,3,3,1,1,1,1,1,1,1,0,0,0,0,0,True,True,True,True,True,True,1,2,2,2,2,2
23007,Bad Abbach,48.935276,12.043612,1,1,1,1,2,3,0,0,0,0,0,0,1,1,2,2,2,1,True,True,True,True,True,True,1,1,1,1,1,2
23008,Bad Aibling,47.863335,12.010278,1,2,2,2,2,2,1,1,1,1,1,1,1,1,1,2,1,1,True,True,True,True,True,True,1,2,2,1,2,2
23009,Bad Reichenhall,47.725834,12.876667,2,2,2,3,3,3,0,0,0,0,0,0,1,1,2,1,1,1,True,True,True,True,True,True,2,2,1,2,2,2
23010,Bad Toelz,47.761665,11.56,1,3,3,3,3,3,0,1,1,1,1,1,1,1,1,2,1,1,True,True,True,True,True,True,1,2,2,1,2,2
23011,Bad Woerishofen,48.002777,10.5925,1,1,1,1,1,1,0,0,0,0,0,0,1,1,1,1,1,1,True,True,True,True,True,True,1,1,1,1,1,1
23012,Baernau,49.809166,12.429722,0,0,1,1,1,1,0,0,1,1,1,1,1,1,2,2,3,2,True,True,True,True,True,True,0,0,1,1,1,1
23013,Beilngries,49.036388,11.470834,1,1,1,1,1,2,1,1,1,1,1,1,1,1,1,1,1,1,True,True,True,True,True,True,1,1,1,1,1,2
23014,Berching,49.10611,11.440278,1,1,2,2,2,2,1,1,1,1,1,1,1,1,1,1,1,1,True,True,True,True,True,True,1,1,2,2,2,2
23015,Bobingen,48.267776,10.830556,1,1,1,1,1,1,0,0,0,0,0,0,1,1,1,1,1,1,True,True,True,True,True,True,1,1,1,1,1,1
23016,Bogen,48.909168,12.693055,1,1,1,1,1,1,0,0,1,1,1,1,1,1,2,2,2,1,True,True,True,True,True,True,1,1,1,1,1,1
23017,Buchloe,48.036667,10.729445,1,2,2,2,2,2,0,0,0,1,1,1,1,1,1,1,1,1,True,True,True,True,True,True,1,2,2,2,2,2
23018,Burgau,48.431667,10.406111,1,1,1,1,1,1,0,0,0,0,0,0,1,1,2,2,2,2,True,True,True,True,True,True,1,1,1,1,1,1
23019,Burghausen,48.16861,12.831111,2,3,3,3,3,3,1,1,1,1,1,1,1,1,2,1,1,1,True,True,True,True,True,True,2,2,1,2,2,2
23020,Burglengenfeld,49.205555,12.041945,1,1,1,1,1,1,0,1,1,1,1,1,1,1,1,2,1,1,True,True,True,True,True,True,1,1,1,1,1,1
23021,Cham,49.218887,12.666945,1,2,2,3,3,3,0,1,1,1,1,1,1,1,2,2,2,2,True,True,True,True,True,True,1,2,1,1,1,1
23022,Dachau,48.263054,11.437222,1,2,2,2,2,3,1,1,1,1,1,1,1,1,1,2,1,1,True,True,True,True,True,True,1,2,2,1,2,2
23023,Deggendorf,48.833057,12.961945,1,1,2,2,2,2,0,0,1,1,1,1,1,1,2,2,3,2,True,True,True,True,True,True,1,1,1,1,1,1
23024,Diessen am Ammersee,47.947777,11.103333,2,2,2,2,2,2,0,0,1,1,1,1,1,1,1,2,1,1,True,True,True,True,True,True,2,2,2,1,2,2
23025,Dietfurt a. d. Altmuehl,49.034168,11.59,1,1,1,1,1,1,0,0,0,1,1,1,1,1,2,2,2,1,True,True,True,True,True,True,1,1,1,1,1,1
23026,Dillingen a. d. Donau,48.580555,10.495277,1,2,2,2,2,3,1,1,1,1,1,1,1,1,1,1,1,1,True,True,True,True,True,True,1,2,2,2,2,2
23027,Dingolfing,48.629444,12.496667,1,2,2,2,2,2,0,1,1,1,1,1,1,1,2,2,2,1,True,True,True,True,True,True,1,2,1,1,1,2
23028,Donauwoerth,48.718887,10.777778,3,3,3,3,3,3,1,1,1,1,1,1,1,1,0,0,0,0,True,True,True,True,True,True,2,2,2,2,2,2
23029,Dorfen,48.273613,12.153055,1,1,1,1,1,1,0,1,1,1,1,1,1,1,2,1,1,1,True,True,True,True,True,True,1,1,1,1,1,1
23030,Ebersberg,48.078335,11.968611,1,1,1,1,1,1,1,1,1,1,1,1,1,1,1,2,2,2,True,True,True,True,True,True,1,1,1,1,1,1
23031,Eggenfelden,48.403332,12.762222,1,1,1,1,2,2,0,1,1,1,1,1,1,1,2,1,1,1,True,True,True,True,True,True,1,1,1,1,2,2
23032,Erbendorf,49.838055,12.048056,1,1,1,1,2,2,0,0,0,0,1,1,1,1,1,2,2,2,True,True,True,True,True,True,1,1,1,1,1,1
23033,Erding,48.30611,11.906944,2,2,2,2,2,2,1,1,1,1,1,1,1,1,2,1,1,1,True,True,True,True,True,True,2,2,1,2,2,2
23034,Eschenbach i. d. Opf.,49.753056,11.834444,1,1,1,2,2,2,0,0,0,0,1,1,1,1,2,2,3,2,True,True,True,True,True,True,1,1,1,1,1,1
23035,Freilassing,47.841946,12.978056,1,1,1,1,1,1,0,0,0,0,0,0,1,1,1,1,1,1,True,True,True,True,True,True,1,1,1,1,1,1
23036,Freising,48.406387,11.746111,1,1,2,2,2,3,1,1,1,1,1,1,1,1,1,1,1,1,True,True,True,True,True,True,1,1,2,2,2,2
23037,Freystadt (Bayern),49.199165,11.328333,0,2,2,2,2,2,0,0,0,1,1,1,1,1,1,2,2,2,True,True,True,True,True,True,0,2,2,1,1,1
23038,Freyung,48.808887,13.5475,0,0,0,2,2,2,0,0,0,0,0,0,1,1,1,1,1,1,True,True,True,True,True,True,0,0,0,2,2,2
23039,Friedberg (Bayern),48.354721,10.979167,0,2,2,2,2,2,0,0,0,0,1,1,1,1,1,2,2,1,True,True,True,True,True,True,0,2,2,1,1,2
23040,Fuerstenfeldbruck,48.182499,11.253056,0,1,1,1,1,1,1,1,1,1,1,1,1,1,1,2,1,1,True,True,True,True,True,True,1,1,1,1,1,1
23041,Fuessen,47.567501,10.699722,1,2,2,2,2,2,0,0,0,0,1,1,1,1,2,1,1,1,True,True,True,True,True,True,1,2,1,2,2,2
23042,Furth i. Wald,49.307777,12.842778,1,1,2,2,2,2,0,0,1,1,1,1,1,1,2,2,2,1,True,True,True,True,True,True,1,1,1,1,1,2
23043,Garmisch-Partenkirchen,47.492222,11.086111,1,1,1,1,1,1,0,0,0,1,1,1,1,1,1,1,1,1,True,True,True,True,True,True,1,1,1,1,1,1
23044,Geiselhoering,48.824722,12.391111,1,1,1,1,1,1,0,1,1,1,1,1,1,1,2,2,2,1,True,True,True,True,True,True,1,1,1,1,1,1
23045,Geisenfeld,48.683887,11.611944,1,2,2,1,1,1,0,0,0,0,0,0,1,1,1,2,1,1,True,True,True,True,True,True,1,2,2,1,1,1
23046,Gersthofen,48.424721,10.878889,1,1,1,1,1,1,0,0,0,0,0,0,1,1,1,1,1,1,True,True,True,True,True,True,1,1,1,1,1,1
23047,Goeggingen,48.338055,10.867778,1,1,1,1,1,1,0,0,0,0,0,0,1,1,1,1,1,1,True,True,True,True,True,True,1,1,1,1,1,1
23048,Grafenau,48.858612,13.3975,0,0,0,2,2,2,0,0,0,0,0,0,1,1,1,1,2,1,True,True,True,True,True,True,0,0,0,2,1,2
23049,Grafenwoehr,49.720833,11.906111,0,0,0,2,2,2,0,0,0,1,1,2,1,1,1,1,2,2,True,True,True,True,True,True,0,0,0,2,1,1
23050,Grafing b. Muenchen,48.045277,11.965834,1,1,1,2,2,2,0,0,0,1,1,1,1,1,1,2,2,2,True,True,True,True,True,True,1,1,1,1,1,1
23051,Griesbach i. Rottal,48.452778,13.192778,1,1,1,1,1,1,0,1,1,1,1,1,1,1,2,1,1,1,True,True,True,True,True,True,1,1,1,1,1,1
23052,Guenzburg,48.455002,10.276389,1,2,2,2,2,2,0,0,0,1,1,1,1,1,2,2,2,2,True,True,True,True,True,True,1,2,1,1,1,1
23053,Gundelfingen a. d. Donau,48.554722,10.366389,1,2,2,2,2,2,0,0,0,0,0,0,1,1,1,2,2,1,True,True,True,True,True,True,1,2,2,1,1,2
23054,Hals,48.591667,13.461945,1,1,1,2,2,2,0,0,0,0,0,0,1,1,1,2,1,1,True,True,True,True,True,True,1,1,1,1,2,2
23055,Harburg (Schwaben),48.784721,10.686944,2,1,1,1,1,1,0,0,0,0,0,0,1,1,1,1,2,1,True,True,True,True,True,True,2,1,1,1,1,1
23056,Haunstetten,48.308056,10.905,1,1,1,1,1,1,0,0,0,0,0,0,1,1,1,1,1,1,True,True,True,True,True,True,1,1,1,1,1,1
23057,Hemau,49.051388,11.783055,1,1,2,2,2,3,0,0,0,0,0,0,1,1,2,2,1,1,True,True,True,True,True,True,1,1,1,1,2,2
23058,Hirschau,49.544167,11.9425,0,1,1,1,1,2,0,0,1,1,1,1,1,1,2,3,3,2,True,True,True,True,True,True,0,1,1,1,1,1
23059,Hoechstadt a. d. Donau,48.611668,10.567223,1,2,2,2,2,2,0,0,0,0,0,0,1,1,1,2,2,1,True,True,True,True,True,True,1,2,2,1,1,2
23060,Ichenhausen,48.372501,10.305278,1,1,1,1,1,1,0,0,0,0,0,0,1,1,1,1,1,1,True,True,True,True,True,True,1,1,1,1,1,1
23061,Illertissen,48.222778,10.105278,1,1,1,1,1,2,0,0,0,0,1,1,1,1,1,1,1,1,True,True,True,True,True,True,1,1,1,1,1,2
23062,Immenstadt im Allgaeu,47.56139,10.221111,0,1,1,2,2,2,0,0,0,1,1,1,1,1,2,1,1,1,True,True,True,True,True,True,0,1,1,2,2,2
23063,Ingolstadt,48.764999,11.423333,2,2,2,2,2,2,0,0,1,1,1,1,1,1,1,2,2,1,True,True,True,True,True,True,2,2,2,1,1,2
23064,Kaufbeuren,47.879723,10.620277,1,3,3,3,3,3,0,1,1,1,1,1,1,0,0,0,0,0,True,True,True,True,True,True,1,2,2,2,2,2
23065,Kelheim,48.918888,11.869722,2,2,2,2,3,3,0,0,1,1,1,1,1,1,2,2,2,1,True,True,True,True,True,True,2,2,1,1,1,2
23066,Kemnath,49.869999,11.886945,1,1,1,2,2,2,0,0,0,1,1,1,1,1,2,2,2,2,True,True,True,True,True,True,1,1,1,1,1,1
23067,Kempten (Allgaeu),47.723888,10.3175,1,3,3,3,3,3,0,0,0,0,0,0,1,0,0,0,0,0,True,True,True,True,True,True,1,2,2,2,2,2
23068,Koenigsbrunn,48.266666,10.886666,0,0,0,0,0,0,0,0,0,0,0,0,1,1,1,1,1,1,True,True,True,True,True,True,0,0,0,0,0,0
23069,Koetzting,49.174721,12.854722,1,1,1,1,1,1,0,1,1,1,1,1,1,1,2,2,2,1,True,True,True,True,True,True,1,1,1,1,1,1
23070,Kolbermoor,47.851112,12.060833,0,0,0,0,0,0,0,0,0,0,0,0,1,1,1,2,1,1,True,True,True,True,True,True,0,0,0,0,0,0
23071,Krumbach (Schwaben),48.243057,10.363055,1,1,1,1,1,1,0,0,0,1,1,1,1,1,2,2,2,2,True,True,True,True,True,True,1,1,1,1,1,1
23072,Landau a. d. Isar,48.668888,12.693889,1,1,2,2,2,3,0,0,1,1,1,1,1,1,2,2,2,1,True,True,True,True,True,True,1,1,1,1,1,2
23073,Landsberg a. Lech,48.049446,10.877778,1,2,2,2,2,2,0,1,1,1,1,1,1,1,1,2,1,1,True,True,True,True,True,True,1,2,2,1,2,2
23074,Landshut,48.537224,12.152223,2,2,2,3,3,3,0,0,1,1,1,1,1,1,2,1,1,1,True,True,True,True,True,True,2,2,1,2,2,2
23075,Laufen,47.936668,12.9325,2,2,2,2,2,2,0,0,0,0,1,1,1,1,1,1,1,1,True,True,True,True,True,True,2,2,2,2,2,2
23076,Lauingen (Donau),48.570835,10.430278,2,2,2,2,2,2,0,0,0,0,0,1,1,1,1,2,2,1,True,True,True,True,True,True,2,2,2,1,1,2
23077,Leipheim,48.447777,10.223056,1,1,2,2,2,2,0,1,1,1,1,1,1,1,1,2,1,2,True,True,True,True,True,True,1,1,2,1,2,1
23078,Lindau (Bodensee),47.546391,9.6841669,2,3,3,3,3,3,0,0,0,0,0,0,1,0,0,0,0,0,True,True,True,True,True,True,2,2,2,2,2,2
23079,Lindenberg im Allgaeu,47.602222,9.8847218,1,1,1,1,1,1,0,0,0,0,0,0,1,1,1,1,1,1,True,True,True,True,True,True,1,1,1,1,1,1
23080,Mainburg,48.641666,11.785556,0,1,1,2,2,2,0,1,1,1,1,1,1,1,1,2,1,1,True,True,True,True,True,True,0,1,1,1,2,2
23081,Marktoberdorf,47.779446,10.618333,1,1,1,1,1,2,0,0,0,0,0,1,1,1,2,1,1,1,True,True,True,True,True,True,1,1,1,1,1,2
23082,Markt Schwaben,48.190834,11.865278,1,1,1,1,2,2,0,0,0,0,0,0,1,1,1,2,2,2,True,True,True,True,True,True,1,1,1,1,1,1
23083,Maxhuette-Haidhof,49.201946,12.093611,0,0,0,0,0,0,0,0,0,0,0,0,1,1,1,2,1,1,True,True,True,True,True,True,0,0,0,0,0,0
23084,Memmingen,47.984722,10.181389,1,3,3,3,3,3,0,1,1,1,1,1,1,0,0,0,0,0,True,True,True,True,True,True,1,2,2,2,2,2
23085,Miesbach,47.788612,11.834167,1,1,1,1,1,1,0,0,1,1,1,1,1,1,1,1,1,2,True,True,True,True,True,True,1,1,1,1,1,1
23086,Mindelheim,48.045834,10.491389,1,1,2,2,3,3,0,0,0,0,0,0,1,1,1,3,2,2,True,True,True,True,True,True,1,1,2,1,1,1
23087,Mittenwald,47.441113,11.2625,1,1,1,1,2,2,0,0,0,0,1,1,1,1,1,1,1,1,True,True,True,True,True,True,1,1,1,1,2,2
23088,Mitterteich,49.951111,12.243333,1,1,1,1,1,1,0,0,0,0,0,0,1,1,1,1,1,1,True,True,True,True,True,True,1,1,1,1,1,1
23089,Monheim,48.841389,10.855278,1,1,2,2,2,2,0,0,0,0,0,0,1,1,1,1,2,2,True,True,True,True,True,True,1,1,2,2,1,1
23090,Moosburg a. d. Isar,48.466946,11.934722,1,1,2,3,3,3,1,1,1,1,1,1,1,1,2,1,1,1,True,True,True,True,True,True,1,1,1,2,2,2
23091,Muehldorf am Inn,48.24472,12.519444,1,1,2,2,3,3,0,0,0,0,0,0,1,1,1,1,1,1,True,True,True,True,True,True,1,1,2,2,2,2
23092,Muenchen,48.136944,11.575277,2,2,2,2,2,3,1,1,2,2,2,2,1,1,1,2,1,1,True,True,True,True,True,True,2,2,2,1,2,3
23093,Murnau,47.681389,11.201944,1,1,1,1,1,1,0,0,1,1,1,1,1,1,2,2,1,1,True,True,True,True,True,True,1,1,1,1,1,1
23094,Nabburg,49.451668,12.179444,1,2,2,3,3,3,0,1,1,1,1,1,1,1,2,1,1,1,True,True,True,True,True,True,1,2,1,2,2,2
23095,Neuburg a. d. Donau,48.734165,11.179444,1,1,2,2,2,2,0,0,0,0,0,0,1,1,1,2,2,1,True,True,True,True,True,True,1,1,2,1,1,2
23096,Neumarkt i. d. Opf.,49.279446,11.458889,2,2,3,3,3,3,1,1,1,1,1,1,1,1,0,0,0,0,True,True,True,True,True,True,2,2,2,2,2,2
23097,Neumarkt-St. Veit,48.361946,12.508056,1,1,1,1,1,1,0,0,0,0,0,0,1,1,2,1,1,1,True,True,True,True,True,True,1,1,1,1,1,1
23098,Neunburg vorm Wald,49.346943,12.388056,1,1,2,3,3,3,0,0,0,0,1,1,1,1,2,1,2,2,True,True,True,True,True,True,1,1,1,2,1,1
23099,Neuoetting,48.240002,12.690556,2,3,3,3,3,3,0,0,0,0,0,0,1,1,2,1,1,1,True,True,True,True,True,True,2,2,1,2,2,2
23100,Neustadt a. d. Donau,48.808887,11.763333,0,2,2,3,3,3,0,0,0,0,1,1,1,1,1,2,1,1,True,True,True,True,True,True,0,2,2,1,2,2
23101,Neustadt a. Kulm,49.826111,11.834444,0,1,1,2,2,2,0,0,0,1,1,1,1,1,1,1,2,2,True,True,True,True,True,True,0,1,1,2,1,1
23102,Neustadt a. d. Waldnaab,49.732498,12.175555,2,2,2,2,2,2,0,0,1,1,1,1,1,1,2,2,2,2,True,True,True,True,True,True,2,2,1,1,1,1
23103,Neu-Ulm,48.394444,9.9997225,0,1,1,1,1,1,0,0,0,0,0,0,1,1,1,1,1,1,True,True,True,True,True,True,0,1,1,1,1,1
23104,Nittenau,49.196945,12.271111,1,1,1,1,1,1,1,1,1,1,1,1,1,1,2,1,1,1,True,True,True,True,True,True,1,1,1,1,1,1
23105,Noerdlingen,48.851665,10.49,3,3,3,3,3,3,2,2,2,2,2,2,0,0,0,0,0,0,True,True,True,True,True,True,3,3,3,3,3,3
23106,Oberstdorf,47.409443,10.2775,1,1,1,1,1,1,0,0,0,0,0,1,1,1,1,2,2,1,True,True,True,True,True,True,1,1,1,1,1,1
23107,Oberviechtach,49.458057,12.418333,1,1,2,2,2,2,0,0,0,1,1,1,1,1,2,1,2,2,True,True,True,True,True,True,1,1,1,2,1,1
23108,Oettingen i. Bay.,48.955276,10.605278,1,2,2,2,3,3,0,0,0,0,0,0,1,1,1,1,1,1,True,True,True,True,True,True,1,2,2,2,2,2
23109,Osterhofen,48.700001,13.0225,1,1,1,2,2,2,0,0,0,0,0,0,1,1,1,1,2,1,True,True,True,True,True,True,1,1,1,2,1,2
23110,Ottobeuren,47.941113,10.296111,3,2,2,2,2,2,1,1,1,1,1,1,1,1,1,2,1,1,True,True,True,True,True,True,2,2,2,1,2,2
23111,Parsberg,49.16,11.714723,1,1,1,1,1,1,0,0,0,0,0,0,1,1,1,1,1,1,True,True,True,True,True,True,1,1,1,1,1,1
23112,Passau,48.573891,13.460278,2,3,3,3,3,3,1,1,1,1,1,1,1,1,1,1,1,1,True,True,True,True,True,True,2,2,2,2,2,2
23113,Penzberg,47.751667,11.376111,0,1,1,1,1,1,0,0,0,0,0,0,1,1,1,1,1,1,True,True,True,True,True,True,0,1,1,1,1,1
23114,Pfaffenhofen a. d. Ilm,48.529724,11.503612,1,1,1,2,3,3,0,0,0,0,0,1,1,1,1,2,1,1,True,True,True,True,True,True,1,1,1,1,2,2
23115,Pfarrkirchen,48.431946,12.937778,1,1,1,1,1,2,1,1,1,1,1,1,1,1,2,1,1,1,True,True,True,True,True,True,1,1,1,1,1,2
23116,Pfreimd,49.493889,12.181945,1,1,1,2,1,1,0,0,0,0,1,1,1,1,2,1,1,1,True,True,True,True,True,True,1,1,1,2,1,1
23117,Plattling,48.77639,12.873333,1,1,1,1,1,1,0,0,1,1,1,1,1,1,2,2,2,1,True,True,True,True,True,True,1,1,1,1,1,1
23118,Pleystein,49.645279,12.409722,0,1,2,2,2,2,0,0,1,1,1,1,1,1,1,1,1,1,True,True,True,True,True,True,0,1,2,2,2,2
23119,Pressath,49.769165,11.935,1,1,1,1,1,1,0,0,0,1,1,1,1,1,2,2,2,2,True,True,True,True,True,True,1,1,1,1,1,1
23120,Prien a. Chiemsee,47.855835,12.343889,1,1,1,1,1,1,0,1,1,1,1,1,1,1,2,2,2,1,True,True,True,True,True,True,1,1,1,1,1,1
23121,Rain,48.690277,10.920834,2,2,2,3,3,3,1,1,1,1,1,1,1,1,1,2,2,1,True,True,True,True,True,True,2,2,2,1,1,2
23122,Regen,48.970001,13.126111,1,1,1,1,1,1,0,1,1,1,1,1,1,1,2,2,2,1,True,True,True,True,True,True,1,1,1,1,1,1
23123,Regensburg,49.017223,12.096945,3,3,3,3,3,3,1,1,1,1,1,2,1,1,1,1,1,0,True,True,True,True,True,True,2,2,2,2,2,3
23124,Regensburg-Stadtamhof,49.025555,12.089723,1,1,1,1,2,2,1,1,1,1,1,1,1,1,1,2,1,1,True,True,True,True,True,True,1,1,1,1,2,2
23125,Riedenburg,48.963612,11.6875,1,1,1,2,2,2,0,0,0,0,0,0,1,1,1,2,1,1,True,True,True,True,True,True,1,1,1,1,2,2
23126,Roding,49.195278,12.516389,1,1,1,1,1,1,0,0,0,0,1,1,1,1,2,1,2,2,True,True,True,True,True,True,1,1,1,1,1,1
23127,Roetz,49.342224,12.530833,1,1,1,1,1,2,1,1,1,1,1,1,1,1,2,2,2,1,True,True,True,True,True,True,1,1,1,1,1,2
23128,Rosenheim,47.855556,12.124722,1,1,1,1,1,1,0,0,1,1,1,1,1,1,2,1,1,1,True,True,True,True,True,True,1,1,1,1,1,1
23129,Rottenburg a. d. Laaber,48.703056,12.026944,1,1,1,1,1,1,0,0,0,1,1,1,1,1,2,1,1,1,True,True,True,True,True,True,1,1,1,1,1,1
23130,Schnaittenbach,49.548054,12.003612,0,1,1,1,1,1,0,0,1,1,1,1,1,1,2,1,1,1,True,True,True,True,True,True,0,1,1,1,1,1
23131,Schoensee,49.509998,12.547222,0,0,1,2,2,2,0,0,0,1,1,1,1,1,2,1,2,2,True,True,True,True,True,True,0,0,1,2,1,1
23132,Schongau,47.812778,10.896389,1,1,1,1,1,1,1,1,1,1,1,1,1,1,1,2,1,1,True,True,True,True,True,True,1,1,1,1,1,1
23133,Schrobenhausen,48.558887,11.264722,1,1,1,1,2,2,0,0,0,0,1,1,1,1,1,2,2,1,True,True,True,True,True,True,1,1,1,1,1,2
23134,Schwabmuenchen,48.17889,10.7575,1,1,1,1,1,1,0,0,0,0,0,0,1,1,1,1,1,1,True,True,True,True,True,True,1,1,1,1,1,1
23135,Schwandorf i. Bay.,49.327221,12.108889,1,2,2,2,3,3,0,1,1,1,1,1,1,1,1,2,1,1,True,True,True,True,True,True,1,2,2,1,2,2
23136,Simbach a. Inn,48.267502,13.027223,1,1,1,1,1,1,0,0,0,0,0,0,1,1,1,2,1,1,True,True,True,True,True,True,1,1,1,1,1,1
23137,Sonthofen,47.512222,10.281111,1,1,1,1,1,2,0,0,0,0,1,1,1,1,1,1,1,1,True,True,True,True,True,True,1,1,1,1,1,2
23138,Starnberg,47.996387,11.338333,1,1,1,1,1,1,0,0,0,0,0,0,1,1,1,2,1,1,True,True,True,True,True,True,1,1,1,1,1,1
23139,Straubing,48.881668,12.569445,1,1,1,1,1,1,0,1,1,1,1,1,1,1,2,2,2,1,True,True,True,True,True,True,1,1,1,1,1,1
23140,Sulzbach-Rosenberg,49.495556,11.756111,1,2,2,3,3,3,0,0,0,0,0,1,1,1,2,3,1,2,True,True,True,True,True,True,1,2,1,1,2,1
23141,Tegernsee,47.708611,11.756945,1,1,1,1,1,1,0,0,0,0,0,1,1,1,1,2,2,1,True,True,True,True,True,True,1,1,1,1,1,1
23142,Teublitz,49.22139,12.086111,1,1,1,1,1,1,0,0,0,0,0,0,1,1,1,2,1,1,True,True,True,True,True,True,1,1,1,1,1,1
23143,Thannhausen,48.282501,10.47,1,1,1,1,1,1,0,0,1,1,1,1,1,1,2,2,1,2,True,True,True,True,True,True,1,1,1,1,1,1
23144,Tirschenreuth,49.878056,12.336667,1,1,1,2,2,2,0,0,1,1,1,1,1,1,1,1,1,1,True,True,True,True,True,True,1,1,1,2,2,2
23145,Tittmoning,48.060276,12.768888,2,3,3,3,3,3,0,0,0,0,1,1,1,1,1,1,1,1,True,True,True,True,True,True,2,2,2,2,2,2
23146,Traunreut,47.961388,12.593333,0,0,0,0,0,0,0,0,0,0,0,0,1,1,2,1,1,1,True,True,True,True,True,True,0,0,0,0,0,0
23147,Traunstein,47.869446,12.648611,1,1,2,1,1,1,0,0,1,1,1,1,1,1,2,1,1,1,True,True,True,True,True,True,1,1,1,1,1,1
23148,Trostberg,48.027222,12.556666,1,1,1,1,1,2,1,1,1,1,1,1,1,1,2,1,1,1,True,True,True,True,True,True,1,1,1,1,1,2
23149,Velburg,49.233055,11.671667,1,1,1,2,2,2,0,0,0,1,1,1,1,1,1,2,1,1,True,True,True,True,True,True,1,1,1,1,2,2
23150,Viechtach,49.081665,12.883889,1,1,1,1,1,1,0,0,0,1,1,1,1,1,2,2,2,1,True,True,True,True,True,True,1,1,1,1,1,1
23151,Vilsbiburg,48.450001,12.353889,1,1,2,2,2,2,0,0,1,1,1,1,1,1,2,1,1,1,True,True,True,True,True,True,1,1,1,2,2,2
23152,Vilseck,49.610832,11.805278,1,2,2,2,2,3,0,0,0,1,1,1,1,1,1,1,1,1,True,True,True,True,True,True,1,2,2,2,2,2
23153,Vilshofen,48.63028,13.19,2,2,2,2,2,3,0,0,1,1,1,1,1,1,2,2,2,1,True,True,True,True,True,True,2,2,1,1,1,2
23154,Vohburg,48.768055,11.618889,1,2,1,1,1,1,0,0,0,0,0,0,1,1,1,2,1,1,True,True,True,True,True,True,1,2,1,1,1,1
23155,Vohenstrauss,49.622776,12.341945,0,1,1,1,1,1,0,1,1,1,1,1,1,1,1,3,3,1,True,True,True,True,True,True,0,1,1,1,1,1
23156,Waldershof,49.977501,12.063334,0,1,1,1,1,1,0,0,0,0,0,0,1,1,1,1,1,1,True,True,True,True,True,True,0,1,1,1,1,1
23157,Waldkraiburg,48.208057,12.400278,0,0,0,0,0,0,0,0,0,0,0,0,1,1,2,1,1,1,True,True,True,True,True,True,0,0,0,0,0,0
23158,Waldmuenchen,49.375557,12.705556,0,2,2,2,2,2,0,0,0,0,0,0,1,1,2,2,2,1,True,True,True,True,True,True,0,2,1,1,1,2
23159,Waldsassen,50.003056,12.305278,1,1,1,1,1,1,0,0,0,0,0,0,1,1,1,1,1,1,True,True,True,True,True,True,1,1,1,1,1,1
23160,Wasserburg,48.060833,12.232223,2,2,2,2,2,2,0,0,0,0,0,0,1,1,1,2,2,1,True,True,True,True,True,True,2,2,2,1,1,2
23161,Weiden,49.675556,12.163611,1,2,2,2,2,2,0,0,0,1,1,1,1,1,1,3,2,3,True,True,True,True,True,True,1,2,2,1,1,1
23162,Weilheim,47.839443,11.141389,1,1,2,2,2,2,1,1,1,1,1,1,1,1,1,2,1,1,True,True,True,True,True,True,1,1,2,1,2,2
23163,Weissenhorn,48.303333,10.160277,2,2,2,2,2,2,0,0,0,1,1,1,1,1,2,1,1,1,True,True,True,True,True,True,2,2,1,2,2,2
23164,Wemding,48.874443,10.723333,1,1,2,2,2,2,0,1,1,1,1,1,1,1,2,1,1,2,True,True,True,True,True,True,1,1,1,2,2,1
23165,Wertingen,48.561943,10.682222,1,2,2,2,2,3,1,1,1,1,1,1,1,1,1,2,1,2,True,True,True,True,True,True,1,2,2,1,2,1
23166,Windisch-Eschenbach,49.803333,12.155556,1,1,1,1,1,1,0,0,0,1,1,1,1,1,1,1,1,1,True,True,True,True,True,True,1,1,1,1,1,1
23167,Woerth a. d. Donau,49.000278,12.400556,1,1,1,1,1,1,0,0,1,1,1,1,1,1,1,1,1,1,True,True,True,True,True,True,1,1,1,1,1,1
23168,Wolfratshausen,47.912498,11.420555,1,1,1,1,1,1,1,1,1,1,1,1,1,1,1,2,1,1,True,True,True,True,True,True,1,1,1,1,1,1
23169,Zwiesel,49.014446,13.233334,0,1,1,1,1,1,0,0,0,0,0,0,1,1,2,1,1,2,True,True,True,True,True,True,0,1,1,1,1,1
