city_id,name,lat,lon,town_from,town_to,ready,year,population,distance_river_km,distance_road_km,distance_fair_km,num_fairs_50km,num_fairs_100km,has_own_fair,own_fair_category,has_own_toll,has_own_staple,has_own_bridge,has_own_ferry,has_own_harbour,on_trade_route,trade_access_score,pop_rank_key,sort_key
1036,Brugge,51.20876,3.224332,1127,1650,,1300,40000.0,0.114,0.029,0.0,2,2,1,interregional,1,1,0,0,0,1,3,40000.0,"(-40000.0, -2)"
5113,Münster (Westfalen),51.963078,7.628321,1170,1650,,1300,16000.0,25.869,0.155,0.0,8,34,1,regional,0,0,0,0,0,1,3,16000.0,"(-16000.0, -34)"
1826,Erfurt,50.977868,11.028775,1167,1650,y,1300,16000.0,68.224,0.085,48.457,4,15,0,,1,1,0,0,0,1,3,16000.0,"(-16000.0, -15)"
4705,Magdeburg,52.131591,11.638959,1188,1650,y,1300,15000.0,2.984,0.074,0.0,3,9,1,regional,1,0,0,0,0,1,3,15000.0,"(-15000.0, -9)"
973,Bremen,53.075887,8.807392,965,1650,y,1300,13000.0,0.227,0.031,0.0,6,18,1,regional,1,0,0,0,0,1,3,13000.0,"(-13000.0, -18)"
1987,Frankfurt am Main,50.110394,8.682175,1142,1650,,1300,13000.0,2.962,0.076,0.0,1,5,1,interregional,0,0,0,0,0,1,3,13000.0,"(-13000.0, -5)"
4698,Maastricht,50.85125,5.690547,1204,1650,y,1300,10000.0,3.21,0.174,0.0,4,10,1,regional,1,0,0,0,0,1,3,10000.0,"(-10000.0, -10)"
5704,Osnabrück,52.2772,8.041195,1171,1650,y,1300,9000.0,36.63,0.087,0.0,10,31,1,regional,1,0,0,0,0,1,3,9000.0,"(-9000.0, -31)"
1521,Dordrecht,51.81514,4.667133,1220,1650,,1300,8000.0,0.294,0.018,18.31,9,17,0,,1,1,0,0,0,1,3,8000.0,"(-8000.0, -17)"
4653,Lüneburg,53.24995,10.40887,1247,1650,y,1300,8000.0,10.035,0.064,0.0,6,11,1,regional,0,0,0,0,0,1,3,8000.0,"(-8000.0, -11)"
2409,Greifswald,54.09608,13.380983,1250,1650,,1300,8000.0,2.216,0.149,0.0,1,1,1,local,1,1,0,0,0,1,3,8000.0,"(-8000.0, -1)"
1545,Dortmund,51.514287,7.466708,1138,1650,,1300,7000.0,15.091,0.264,0.0,8,29,1,regional,1,0,0,0,0,1,3,7000.0,"(-7000.0, -29)"
7944,Utrecht,52.091844,5.118906,1114,1650,,1300,6000.0,0.315,0.11,0.0,11,25,1,regional,1,0,0,0,0,1,3,6000.0,"(-6000.0, -25)"
7413,Szczecin,53.424101,14.559637,1243,1650,,1300,6000.0,10.144,0.11,107.636,0,0,0,,0,1,0,0,0,1,3,6000.0,"(-6000.0, 0)"
2777,Hamburg,53.54798,9.9931,1150,1650,y,1300,5000.0,0.239,0.042,0.0,7,13,1,regional,1,0,0,0,1,1,3,5000.0,"(-5000.0, -13)"
1988,Frankfurt (Oder),52.344244,14.553598,1253,1650,,1300,5000.0,4.539,0.048,186.757,0,0,0,,1,1,0,0,0,1,3,5000.0,"(-5000.0, 0)"
8853,Zutphen,52.141452,6.195327,1191,1650,,1300,4000.0,0.346,0.054,0.0,17,39,1,regional,1,0,0,0,0,1,3,4000.0,"(-4000.0, -39)"
2456,Groningen,53.218044,6.566612,1245,1650,,1300,4000.0,0.09,0.019,0.0,3,10,1,regional,0,0,0,0,0,1,3,4000.0,"(-4000.0, -10)"
4337,Leipzig,51.339915,12.374475,1170,1650,y,1300,4000.0,7.631,0.185,0.0,4,6,1,interregional,0,0,0,0,0,1,3,4000.0,"(-4000.0, -6)"
5430,Nijmegen,51.847301,5.864896,1230,1650,,1300,3000.0,0.432,0.139,0.0,13,41,1,regional,0,0,0,0,0,1,3,3000.0,"(-3000.0, -41)"
8866,Zwolle,52.51226,6.092754,1230,1650,y,1300,3000.0,0.305,0.164,0.0,8,33,1,regional,0,0,0,0,0,1,3,3000.0,"(-3000.0, -33)"
4958,Minden,52.28806,8.916805,1230,1650,y,1300,3000.0,2.405,0.108,0.0,4,30,1,regional,1,0,0,0,0,1,3,3000.0,"(-3000.0, -30)"
5304,Neuss,51.197927,6.692717,1200,1650,,1300,3000.0,0.299,0.1,0.0,11,25,1,regional,1,0,0,0,0,1,3,3000.0,"(-3000.0, -25)"
72,Aarhus,56.157091,10.209522,1300,1650,,1300,3000.0,108.178,0.052,0.0,1,1,1,regional,1,0,0,0,0,1,3,3000.0,"(-3000.0, -1)"
296,Arnhem,51.978705,5.910977,1233,1650,,1300,2000.0,0.37,0.14,0.0,14,37,1,regional,0,0,0,0,0,1,3,2000.0,"(-2000.0, -37)"
2807,Harderwijk,52.350136,5.618408,1231,1650,,1300,2000.0,19.975,0.118,0.0,14,28,1,regional,0,0,0,0,0,1,3,2000.0,"(-2000.0, -28)"
8005,Verden,52.919986,9.22902,1259,1650,y,1300,2000.0,2.193,0.097,0.0,3,23,1,regional,1,0,0,0,0,1,3,2000.0,"(-2000.0, -23)"
7321,Stade,53.603069,9.476003,1209,1650,y,1300,2000.0,1.87,0.016,0.0,5,12,1,regional,1,1,0,0,1,1,3,2000.0,"(-2000.0, -12)"
8272,Weißenfels,51.201045,11.972454,1280,1650,y,1300,2000.0,29.727,0.072,20.225,5,10,0,,0,1,0,0,0,1,3,2000.0,"(-2000.0, -10)"
8752,Zeitz,51.050307,12.134652,1147,1650,y,1300,2000.0,30.14,0.277,0.0,5,7,1,local,0,1,0,0,0,1,3,2000.0,"(-2000.0, -7)"
1611,Duisburg,51.435337,6.760599,1145,1650,,1300,1000.0,0.646,0.081,17.632,14,39,0,,1,1,0,0,0,1,3,1000.0,"(-1000.0, -39)"
1865,Essen,51.456963,7.012649,1244,1650,,1300,1000.0,7.625,0.101,0.0,12,36,1,regional,0,0,0,0,0,1,3,1000.0,"(-1000.0, -36)"
5949,Pirna,50.962273,13.941934,1240,1650,,1300,1000.0,7.68,0.109,117.113,0,0,0,,1,1,0,0,0,1,3,1000.0,"(-1000.0, 0)"
839,Borken,51.844299,6.859231,1222,1650,,1300,,19.877,0.138,0.0,10,43,1,regional,0,0,0,0,0,1,3,-1.0,"(1.0, -43)"
1484,Doesburg,52.01499,6.134222,1237,1650,,1300,,0.089,0.129,0.0,13,40,1,regional,0,0,0,0,0,1,3,-1.0,"(1.0, -40)"
11811,,51.43515,6.762927,1145,1650,,1300,,0.636,0.081,17.475,14,39,0,,0,1,0,0,0,1,3,-1.0,"(1.0, -39)"
11812,,51.436748,6.75724,1145,1650,,1300,,0.629,0.14,17.842,14,39,0,,0,1,0,0,1,1,3,-1.0,"(1.0, -39)"
7973,Vechta,52.728249,8.285466,1269,1650,y,1300,,51.525,1.052,0.0,6,24,1,regional,0,0,0,0,0,1,3,-1.0,"(1.0, -24)"
17,,51.41919,9.6528,1183,1650,y,1300,,4.148,0.03,43.685,3,17,0,,0,1,0,0,0,1,3,-1.0,"(1.0, -17)"
18,Hann. Münden,51.417743,9.65191,1183,1650,y,1300,,4.0,0.062,43.805,3,17,0,,0,1,0,0,0,1,3,-1.0,"(1.0, -17)"
8933,Bremer Schlagd,51.418997,9.650177,1183,1650,,1300,,3.994,0.052,43.627,3,17,0,,0,1,0,0,0,1,3,-1.0,"(1.0, -17)"
9290,Kasseler Schlagd,51.417357,9.649215,1183,1650,,1300,,3.826,0.096,43.764,3,17,0,,0,1,0,0,0,1,3,-1.0,"(1.0, -17)"
9291,Wanfrieder Schlagd,51.418839,9.65165,1183,1650,,1300,,4.061,0.052,43.687,3,17,0,,0,1,0,0,0,1,3,-1.0,"(1.0, -17)"
12625,,51.815016,4.660896,1220,1650,,1300,,0.623,0.214,18.613,9,17,0,,0,1,0,0,0,1,3,-1.0,"(1.0, -17)"
12780,,51.819893,4.670869,1220,1650,,1300,,0.294,0.226,18.499,9,17,0,,0,1,0,0,0,1,3,-1.0,"(1.0, -17)"
13437,,51.818733,4.675438,1220,1650,,1300,,0.463,0.167,18.187,9,17,0,,0,1,0,0,0,1,3,-1.0,"(1.0, -17)"
14863,,51.818038,4.670721,1220,1650,,1300,,0.132,0.167,18.359,9,17,0,,0,1,0,0,0,1,3,-1.0,"(1.0, -17)"
14903,,51.814815,4.667026,1220,1650,,1300,,0.33,0.018,18.291,9,17,0,,0,1,0,0,0,1,3,-1.0,"(1.0, -17)"
18157,haven dordrecht,51.813839,4.659768,1220,1650,,1300,,0.755,0.212,18.582,9,17,0,,0,1,0,0,0,0,3,-1.0,"(1.0, -17)"
11702,,50.974384,11.046882,1167,1650,,1300,,69.548,0.188,47.283,1,15,0,,0,1,0,0,0,1,3,-1.0,"(1.0, -15)"
3240,Höxter,51.773997,9.381219,1150,1650,,1300,,3.67,0.075,0.0,6,15,1,regional,0,0,0,0,0,1,3,-1.0,"(1.0, -15)"
9622,,50.982854,11.020513,1167,1650,,1300,,67.49,0.286,48.931,4,15,0,,0,1,0,0,0,1,3,-1.0,"(1.0, -15)"
9627,,50.97749,11.024909,1167,1650,,1300,,67.985,0.05,48.731,4,15,0,,0,1,0,0,0,1,3,-1.0,"(1.0, -15)"
9978,Krämerbrücke,50.978748,11.031328,1167,1650,y,1300,,68.358,0.102,48.264,4,15,0,,1,1,1,0,0,1,3,-1.0,"(1.0, -15)"
14098,,50.979265,11.034763,1167,1650,,1300,,68.564,0.089,48.017,1,15,0,,0,1,0,0,0,1,3,-1.0,"(1.0, -15)"
17410,,50.977738,11.035536,1167,1650,,1300,,68.673,0.072,47.994,1,15,0,,0,1,0,0,0,1,3,-1.0,"(1.0, -15)"
17411,,50.976524,11.034812,1167,1650,,1300,,68.673,0.03,48.069,1,15,0,,0,1,0,0,0,1,3,-1.0,"(1.0, -15)"
17412,,50.973855,11.027527,1167,1650,,1300,,68.298,0.066,48.625,4,15,0,,0,1,0,0,0,1,3,-1.0,"(1.0, -15)"
17413,,50.976078,11.03435,1167,1650,,1300,,68.659,0.03,48.11,1,15,0,,0,1,0,0,0,1,3,-1.0,"(1.0, -15)"
17463,Lehmannsbrücke,50.98071,11.027924,1167,1650,y,1300,,68.06,0.145,48.46,4,15,0,,0,1,1,0,0,1,3,-1.0,"(1.0, -15)"
17464,Schlösserbrücke,50.97686,11.030585,1167,1650,y,1300,,68.382,0.085,48.353,4,15,0,,0,1,1,0,0,1,3,-1.0,"(1.0, -15)"
17465,Lange Brücke,50.974948,11.026765,1167,1650,y,1300,,68.206,0.066,48.655,4,15,0,,0,1,1,0,0,1,3,-1.0,"(1.0, -15)"
17466,Roßbrücke,50.97358,11.022602,1167,1650,y,1300,,67.986,0.173,48.97,4,15,0,,0,1,1,0,0,1,3,-1.0,"(1.0, -15)"
17467,Löberbrücke,50.972204,11.030279,1167,1650,,1300,,68.543,0.133,48.471,4,15,0,,0,1,1,0,0,1,3,-1.0,"(1.0, -15)"
17468,Augustbrücke,50.974186,11.035831,1167,1650,,1300,,68.83,0.117,48.047,1,15,0,,0,1,1,0,0,1,3,-1.0,"(1.0, -15)"
17469,Krämpferbrücke,50.978604,11.037505,1167,1650,y,1300,,68.77,0.084,47.841,1,15,0,,0,1,1,0,0,1,3,-1.0,"(1.0, -15)"
17470,Johannesbrücke,50.983446,11.029388,1167,1650,y,1300,,68.052,0.092,48.308,4,15,0,,0,1,0,0,0,1,3,-1.0,"(1.0, -15)"
17471,Löbertorbrücke,50.969698,11.031218,1167,1650,y,1300,,68.704,0.143,48.461,4,15,0,,0,1,0,0,0,1,3,-1.0,"(1.0, -15)"
17472,Schmidtstedtertorbrücke,50.974359,11.041507,1167,1650,y,1300,,69.196,0.188,47.653,1,15,0,,0,1,0,0,0,1,3,-1.0,"(1.0, -15)"
17473,Krämpfertorbrücke,50.980327,11.039897,1167,1650,y,1300,,68.862,0.127,47.643,1,15,0,,0,1,0,0,0,1,3,-1.0,"(1.0, -15)"
17474,Johannestorbrücke,50.986379,11.027945,1167,1650,y,1300,,67.848,0.171,48.354,4,15,0,,0,1,0,0,0,1,3,-1.0,"(1.0, -15)"
17475,,50.982263,11.031239,1167,1650,,1300,,68.219,0.092,48.202,4,15,0,,0,1,0,0,0,1,3,-1.0,"(1.0, -15)"
17476,,50.978277,11.024222,1167,1650,,1300,,67.909,0.05,48.763,4,15,0,,0,1,0,0,0,1,3,-1.0,"(1.0, -15)"
17772,,53.603244,9.475622,1209,1650,,1300,,1.876,0.016,0.032,5,12,0,,0,1,0,0,0,1,3,-1.0,"(1.0, -12)"
11328,,51.202681,11.966501,1280,1650,,1300,,30.08,0.226,20.61,5,11,0,,0,1,0,0,0,1,3,-1.0,"(1.0, -11)"
9450,Stadersand,53.625845,9.517738,1209,1650,,1300,,1.87,3.743,3.741,5,10,0,,1,1,0,0,0,1,3,-1.0,"(1.0, -10)"
10940,,51.199756,11.972437,1280,1650,,1300,,29.767,0.072,20.108,5,10,0,,0,1,0,0,0,1,3,-1.0,"(1.0, -10)"
10941,,51.198936,11.974347,1280,1650,,1300,,29.664,0.081,19.957,5,10,0,,0,1,0,0,0,1,3,-1.0,"(1.0, -10)"
9664,,53.92515,9.516506,1238,1650,,1300,,3.71,0.149,35.913,1,7,0,,0,1,0,0,0,1,3,-1.0,"(1.0, -7)"
3344,Itzehoe,53.919961,9.515891,1238,1650,y,1300,,3.523,0.154,35.334,1,7,0,,0,1,0,0,0,1,3,-1.0,"(1.0, -7)"
10075,Auebrücke,51.055019,12.137194,1147,1650,y,1300,,29.61,0.053,0.553,5,7,0,,1,1,1,0,0,1,3,-1.0,"(1.0, -7)"
10624,,53.917185,9.515869,1238,1650,y,1300,,3.479,0.154,35.026,1,7,0,,0,1,0,0,0,1,3,-1.0,"(1.0, -7)"
10625,,53.922846,9.518852,1238,1650,,1300,,3.783,0.149,35.669,1,7,0,,0,1,0,0,0,1,3,-1.0,"(1.0, -7)"
11937,Axel,51.265287,3.908526,1183,1650,,1300,,0.288,2.094,31.954,2,5,0,,1,1,0,0,0,0,3,-1.0,"(1.0, -5)"
10713,Skanör,55.419171,12.849655,1250,1650,,1300,,151.483,0.597,0.0,1,4,1,interregional,1,0,0,0,0,1,3,-1.0,"(1.0, -4)"
19678,,51.209221,3.222862,1127,1650,,1300,,0.157,0.057,0.115,2,2,0,,0,1,0,0,0,1,3,-1.0,"(1.0, -2)"
10400,Vordingborg,55.00815943,11.91050695,1200,1650,,1300,,111.646,0.047,0.0,1,2,1,regional,0,0,0,0,1,1,3,-1.0,"(1.0, -2)"
12601,,51.210474,3.22483,1127,1650,,1300,,0.086,0.097,0.194,2,2,0,,0,1,0,0,1,1,3,-1.0,"(1.0, -2)"
12811,,51.20063,3.224534,1127,1650,,1300,,1.01,0.108,0.904,2,2,0,,0,1,0,0,0,1,3,-1.0,"(1.0, -2)"
14048,,51.220369,3.232335,1127,1650,,1300,,0.097,1.091,1.406,2,2,0,,0,1,0,0,0,1,3,-1.0,"(1.0, -2)"
17325,Waterhalle,51.208938,3.225126,1127,1650,,1300,,0.086,0.029,0.059,2,2,0,,0,1,0,0,1,1,3,-1.0,"(1.0, -2)"
17326,,51.208454,3.225056,1127,1650,,1300,,0.139,0.03,0.061,2,2,0,,0,1,0,0,0,1,3,-1.0,"(1.0, -2)"
17843,,51.20145,3.227341,1127,1650,,1300,,0.933,0.108,0.839,2,2,0,,0,1,0,0,0,1,3,-1.0,"(1.0, -2)"
17844,,51.20676,3.222304,1127,1650,,1300,,0.377,0.132,0.263,2,2,0,,0,1,0,0,0,1,3,-1.0,"(1.0, -2)"
13928,,54.098761,13.381161,1250,1650,,1300,,2.219,0.081,0.298,1,1,0,,0,1,0,0,1,1,3,-1.0,"(1.0, -1)"
19743,,54.099237,13.378756,1250,1650,,1300,,2.381,0.017,0.38,1,1,0,,0,1,0,0,0,1,3,-1.0,"(1.0, -1)"
18165,Steinbecker Brücke,54.098937,13.378708,1250,1650,,1300,,2.38,0.017,0.351,1,1,0,,0,1,1,0,0,1,3,-1.0,"(1.0, -1)"
13702,Niederlage,52.345024,14.557207,1253,1650,,1300,,4.475,0.088,187.007,0,0,0,,0,1,0,0,1,1,3,-1.0,"(1.0, 0)"
13703,,53.424398,14.563523,1243,1650,,1300,,10.19,0.13,107.797,0,0,0,,0,1,0,0,0,1,3,-1.0,"(1.0, 0)"
14122,,52.344834,14.554629,1253,1650,,1300,,4.478,0.048,186.852,0,0,0,,0,1,0,0,0,1,3,-1.0,"(1.0, 0)"
14123,,52.346428,14.554072,1253,1650,,1300,,4.299,0.08,186.926,0,0,0,,0,1,0,0,0,1,3,-1.0,"(1.0, 0)"
14124,,52.347265,14.556805,1253,1650,,1300,,4.224,0.078,187.131,0,0,0,,1,1,1,0,0,1,3,-1.0,"(1.0, 0)"
14125,,52.347306,14.552216,1253,1650,,1300,,4.194,0.08,186.881,0,0,0,,0,1,0,0,0,1,3,-1.0,"(1.0, 0)"
14396,,53.422178,14.560474,1243,1650,,1300,,9.933,0.11,107.826,0,0,0,,0,1,1,0,0,1,3,-1.0,"(1.0, 0)"
16168,,50.964226,13.941885,1240,1650,,1300,,7.753,0.109,117.03,0,0,0,,0,1,0,0,0,1,3,-1.0,"(1.0, 0)"
11722,Hezelpoort,51.848398,5.85704,1230,1650,,1350,,0.172,0.161,0.553,22,71,0,,0,1,0,0,1,1,3,-1.0,"(1.0, -71)"
11690,,51.849767,5.865526,1230,1650,,1350,,0.285,0.139,0.278,22,70,0,,1,1,0,1,1,1,3,-1.0,"(1.0, -70)"
5430,Nijmegen,51.847301,5.864896,1230,1650,,1350,,0.432,0.139,0.0,22,70,1,regional,0,1,0,0,0,1,3,-1.0,"(1.0, -70)"
296,Arnhem,51.978705,5.910977,1233,1650,,1350,,0.37,0.14,0.0,20,64,1,regional,1,0,0,0,0,1,3,-1.0,"(1.0, -64)"
1484,Doesburg,52.01499,6.134222,1237,1650,,1350,,0.089,0.129,0.0,19,63,1,regional,1,0,0,0,0,1,3,-1.0,"(1.0, -63)"
839,Borken,51.844299,6.859231,1222,1650,,1350,,19.877,0.138,0.0,14,63,1,regional,0,0,0,0,0,1,3,-1.0,"(1.0, -63)"
8853,Zutphen,52.141452,6.195327,1191,1650,,1350,,0.346,0.054,0.0,25,61,1,regional,1,0,0,0,0,1,3,-1.0,"(1.0, -61)"
11811,,51.43515,6.762927,1145,1650,,1350,,0.636,0.081,17.475,19,57,0,,0,1,0,0,0,1,3,-1.0,"(1.0, -57)"
8000,Venlo,51.370573,6.169413,1343,1650,,1350,,2.382,0.077,0.0,15,57,1,regional,1,1,0,0,0,1,3,-1.0,"(1.0, -57)"
10587,,51.371192,6.167428,1343,1650,,1350,,2.273,0.077,0.154,15,57,0,,1,1,0,1,1,1,3,-1.0,"(1.0, -57)"
11812,,51.436748,6.75724,1145,1650,,1350,,0.629,0.14,17.842,19,57,0,,0,1,0,0,1,1,3,-1.0,"(1.0, -57)"
1611,Duisburg,51.435337,6.760599,1145,1650,,1350,,0.646,0.081,17.632,19,57,0,,1,1,0,0,0,1,3,-1.0,"(1.0, -57)"
1417,Deventer,52.251815,6.160268,1123,1650,,1350,,0.252,0.086,0.0,25,56,1,regional,1,0,0,0,0,1,3,-1.0,"(1.0, -56)"
5113,Münster (Westfalen),51.963078,7.628321,1170,1650,,1350,,25.869,0.155,0.0,12,51,1,regional,0,0,0,0,0,1,3,-1.0,"(1.0, -51)"
5704,Osnabrück,52.2772,8.041195,1171,1650,y,1350,,36.63,0.087,0.0,11,51,1,regional,1,0,0,0,0,1,3,-1.0,"(1.0, -51)"
1865,Essen,51.456963,7.012649,1244,1650,,1350,,7.625,0.101,0.0,18,50,1,regional,0,0,0,0,0,1,3,-1.0,"(1.0, -50)"
8866,Zwolle,52.51226,6.092754,1230,1650,y,1350,,0.305,0.164,0.0,15,50,1,regional,0,0,0,0,0,1,3,-1.0,"(1.0, -50)"
4958,Minden,52.28806,8.916805,1230,1650,y,1350,,2.405,0.108,0.0,12,49,1,regional,1,0,0,0,0,1,3,-1.0,"(1.0, -49)"
5092,Mühlhausen/Thüringen,51.207306,10.459939,1135,1650,y,1350,,24.464,0.157,0.0,18,48,1,regional,1,0,0,0,0,1,3,-1.0,"(1.0, -48)"
4353,Lemgo,52.028386,8.901262,1190,1650,,1350,,15.982,0.206,0.0,16,47,1,regional,0,0,0,0,0,1,3,-1.0,"(1.0, -47)"
17,,51.41919,9.6528,1183,1650,y,1350,,4.148,0.03,15.393,15,46,0,,0,1,1,0,0,1,3,-1.0,"(1.0, -46)"
18,Hann. Münden,51.417743,9.65191,1183,1650,y,1350,,4.0,0.062,15.232,15,46,0,,0,1,0,0,0,1,3,-1.0,"(1.0, -46)"
8933,Bremer Schlagd,51.418997,9.650177,1183,1650,,1350,,3.994,0.052,15.257,15,46,0,,0,1,0,0,1,1,3,-1.0,"(1.0, -46)"
9290,Kasseler Schlagd,51.417357,9.649215,1183,1650,,1350,,3.826,0.096,15.076,15,46,0,,0,1,0,0,1,1,3,-1.0,"(1.0, -46)"
9291,Wanfrieder Schlagd,51.418839,9.65165,1183,1650,,1350,,4.061,0.052,15.311,15,46,0,,0,1,0,0,1,1,3,-1.0,"(1.0, -46)"
11849,Oudewater,52.022978,4.872386,1257,1650,,1350,,0.096,0.096,11.166,18,45,0,,1,1,0,0,1,1,3,-1.0,"(1.0, -45)"
2807,Harderwijk,52.350136,5.618408,1231,1650,,1350,,19.975,0.118,0.0,24,45,1,regional,1,0,0,0,0,1,3,-1.0,"(1.0, -45)"
2840,Haselünne,52.673601,7.486447,1220,1650,y,1350,,6.69,0.116,0.0,11,45,1,regional,1,0,0,0,0,1,3,-1.0,"(1.0, -45)"
12707,,52.021649,4.870602,1257,1650,,1350,,0.096,0.077,11.028,18,45,0,,0,1,0,0,0,1,3,-1.0,"(1.0, -45)"
13982,,52.021493,4.870933,1257,1650,,1350,,0.099,0.07,11.049,18,45,0,,0,1,0,1,0,1,3,-1.0,"(1.0, -45)"
11636,,51.316143,9.508501,1180,1650,,1350,,0.051,0.155,0.224,4,44,0,,0,1,0,0,0,1,3,-1.0,"(1.0, -44)"
11637,Schlagd,51.316049,9.507041,1180,1650,,1350,,0.051,0.061,0.122,4,44,0,,0,1,0,0,1,1,3,-1.0,"(1.0, -44)"
3580,Kassel,51.315808,9.50533,1180,1650,y,1350,,0.173,0.061,0.0,4,44,1,local,0,1,0,0,0,1,3,-1.0,"(1.0, -44)"
9344,,51.316588,9.510959,1180,1650,,1350,,0.089,0.174,0.401,4,44,0,,0,1,0,0,1,1,3,-1.0,"(1.0, -44)"
9346,,51.314434,9.505886,1180,1650,,1350,,0.227,0.079,0.158,4,44,0,,1,1,1,0,0,1,3,-1.0,"(1.0, -44)"
7944,Utrecht,52.091844,5.118906,1114,1650,,1350,,0.315,0.11,0.0,18,43,1,regional,1,0,0,0,1,1,3,-1.0,"(1.0, -43)"
19525,,52.36923,4.891019,1300,1650,,1350,,0.841,0.043,0.44,10,40,0,,0,1,0,0,0,1,3,-1.0,"(1.0, -40)"
19526,,52.372476,4.893958,1300,1650,,1350,,0.429,0.012,0.115,10,40,0,,0,1,0,0,0,1,3,-1.0,"(1.0, -40)"
19537,Paulusbroedersluis,52.371494,4.896887,1300,1650,,1350,,0.481,0.04,0.342,10,40,0,,0,1,0,0,0,1,3,-1.0,"(1.0, -40)"
19535,Varkenssluis,52.371851,4.895852,1300,1650,,1350,,0.449,0.04,0.261,10,40,0,,0,1,0,0,0,1,3,-1.0,"(1.0, -40)"
19527,,52.37622,4.899628,1300,1650,,1350,,0.176,0.044,0.593,10,40,0,,0,1,0,0,0,1,3,-1.0,"(1.0, -40)"
19538,,52.371052,4.898518,1300,1650,,1350,,0.538,0.009,0.462,10,40,0,,0,1,0,0,0,1,3,-1.0,"(1.0, -40)"
19528,Nieuwe Brug,52.376816,4.898797,1300,1650,,1350,,0.159,0.028,0.593,10,40,0,,0,1,0,0,0,1,3,-1.0,"(1.0, -40)"
19539,Bushuissluis,52.370986,4.898754,1300,1650,,1350,,0.548,0.009,0.48,10,40,0,,0,1,0,0,0,1,3,-1.0,"(1.0, -40)"
949,Breda,51.588294,4.776283,1198,1650,,1350,,9.14,0.036,0.0,12,40,1,regional,1,0,0,0,0,1,3,-1.0,"(1.0, -40)"
250,Amsterdam,52.373074,4.89257,1300,1650,,1350,,0.434,0.044,0.0,10,40,1,regional,1,1,0,0,0,1,3,-1.0,"(1.0, -40)"
1545,Dortmund,51.514287,7.466708,1138,1650,,1350,,15.091,0.264,0.0,12,40,1,regional,1,0,0,0,0,1,3,-1.0,"(1.0, -40)"
14910,Rokin,52.372306,4.892819,1300,1650,y,1350,,0.487,0.044,0.087,10,40,0,,0,1,0,0,1,1,3,-1.0,"(1.0, -40)"
19529,,52.377477,4.89759,1300,1650,,1350,,0.188,0.008,0.597,10,40,0,,0,1,0,0,0,1,3,-1.0,"(1.0, -40)"
12840,,52.385612,4.882023,1300,1650,,1350,,1.496,0.688,1.567,9,40,0,,0,1,0,0,0,1,3,-1.0,"(1.0, -40)"
10785,,52.377087,4.896699,1300,1650,,1350,,0.144,0.037,0.527,10,40,0,,0,1,0,0,0,1,3,-1.0,"(1.0, -40)"
19547,,52.377136,4.898164,1300,1650,,1350,,0.163,0.027,0.59,10,40,0,,0,1,0,0,0,1,3,-1.0,"(1.0, -40)"
19530,Oude Brug,52.375525,4.897005,1300,1650,,1350,,0.033,0.026,0.406,10,40,0,,0,1,1,0,0,1,3,-1.0,"(1.0, -40)"
19531,,52.376066,4.895621,1300,1650,,1350,,0.106,0.03,0.392,10,40,0,,0,1,0,0,0,1,3,-1.0,"(1.0, -40)"
19532,,52.375158,4.897885,1300,1650,,1350,,0.089,0.036,0.429,10,40,0,,0,1,0,0,0,1,3,-1.0,"(1.0, -40)"
19533,Lange Brug,52.36923,4.89229,1300,1650,,1350,,0.802,0.043,0.428,10,40,0,,0,1,0,0,0,1,3,-1.0,"(1.0, -40)"
10786,Damrak,52.374318,4.894645,1300,1650,y,1350,,0.237,0.047,0.197,10,40,0,,0,1,0,0,1,1,3,-1.0,"(1.0, -40)"
19548,,52.377311,4.899601,1300,1650,,1350,,0.237,0.085,0.671,10,40,0,,0,1,0,0,0,1,3,-1.0,"(1.0, -40)"
19536,,52.372948,4.900213,1300,1650,,1350,,0.382,0.12,0.519,10,40,0,,0,1,0,0,0,1,3,-1.0,"(1.0, -40)"
19540,,52.370508,4.900647,1300,1650,,1350,,0.637,0.07,0.618,10,40,0,,0,1,0,0,0,1,3,-1.0,"(1.0, -40)"
19534,,52.372653,4.894141,1300,1650,,1350,,0.406,0.012,0.116,10,40,0,,0,1,0,0,0,1,3,-1.0,"(1.0, -40)"
19546,,52.375792,4.896372,1300,1650,,1350,,0.051,0.026,0.397,10,40,0,,0,1,0,0,0,1,3,-1.0,"(1.0, -40)"
12842,,52.377573,4.897774,1300,1650,,1350,,0.2,0.008,0.612,10,40,0,,0,1,0,1,0,1,3,-1.0,"(1.0, -40)"
2778,Hameln,52.104508,9.356435,1200,1650,y,1350,,3.199,0.095,0.0,24,39,1,regional,0,0,0,0,0,1,3,-1.0,"(1.0, -39)"
3240,Höxter,51.773997,9.381219,1150,1650,,1350,,3.67,0.075,0.0,21,39,1,regional,0,0,0,0,0,1,3,-1.0,"(1.0, -39)"
5304,Neuss,51.197927,6.692717,1200,1650,,1350,,0.299,0.1,0.0,16,38,1,regional,1,0,0,0,0,1,3,-1.0,"(1.0, -38)"
7973,Vechta,52.728249,8.285466,1269,1650,y,1350,,51.525,1.052,0.0,8,38,1,regional,0,0,0,0,0,1,3,-1.0,"(1.0, -38)"
11702,,50.974384,11.046882,1167,1650,,1350,,69.548,0.188,1.326,9,34,0,,0,1,0,0,0,1,3,-1.0,"(1.0, -34)"
1826,Erfurt,50.977868,11.028775,1167,1650,y,1350,,68.224,0.085,0.0,12,34,1,interregional,1,1,0,0,0,1,3,-1.0,"(1.0, -34)"
9622,,50.982854,11.020513,1167,1650,,1350,,67.49,0.286,0.801,12,34,0,,0,1,0,0,0,1,3,-1.0,"(1.0, -34)"
9627,,50.97749,11.024909,1167,1650,,1350,,67.985,0.05,0.274,12,34,0,,0,1,0,0,0,1,3,-1.0,"(1.0, -34)"
9978,Krämerbrücke,50.978748,11.031328,1167,1650,y,1350,,68.358,0.102,0.204,12,34,0,,1,1,1,0,0,1,3,-1.0,"(1.0, -34)"
14098,,50.979265,11.034763,1167,1650,,1350,,68.564,0.089,0.447,9,34,0,,0,1,0,0,0,1,3,-1.0,"(1.0, -34)"
17410,,50.977738,11.035536,1167,1650,,1350,,68.673,0.072,0.474,9,34,0,,0,1,0,0,0,1,3,-1.0,"(1.0, -34)"
17411,,50.976524,11.034812,1167,1650,,1350,,68.673,0.03,0.448,9,34,0,,0,1,0,0,0,1,3,-1.0,"(1.0, -34)"
17412,,50.973855,11.027527,1167,1650,,1350,,68.298,0.066,0.455,12,34,0,,0,1,0,0,0,1,3,-1.0,"(1.0, -34)"
17413,,50.976078,11.03435,1167,1650,,1350,,68.659,0.03,0.438,9,34,0,,0,1,0,0,0,1,3,-1.0,"(1.0, -34)"
17463,Lehmannsbrücke,50.98071,11.027924,1167,1650,y,1350,,68.06,0.145,0.322,12,34,0,,0,1,1,0,0,1,3,-1.0,"(1.0, -34)"
17464,Schlösserbrücke,50.97686,11.030585,1167,1650,y,1350,,68.382,0.085,0.169,12,34,0,,0,1,1,0,0,1,3,-1.0,"(1.0, -34)"
17465,Lange Brücke,50.974948,11.026765,1167,1650,y,1350,,68.206,0.066,0.354,12,34,0,,0,1,1,0,0,1,3,-1.0,"(1.0, -34)"
17466,Roßbrücke,50.97358,11.022602,1167,1650,y,1350,,67.986,0.173,0.644,12,34,0,,0,1,1,0,0,1,3,-1.0,"(1.0, -34)"
17467,Löberbrücke,50.972204,11.030279,1167,1650,,1350,,68.543,0.133,0.639,12,34,0,,0,1,1,0,0,1,3,-1.0,"(1.0, -34)"
17468,Augustbrücke,50.974186,11.035831,1167,1650,,1350,,68.83,0.117,0.642,9,34,0,,0,1,1,0,0,1,3,-1.0,"(1.0, -34)"
17469,Krämpferbrücke,50.978604,11.037505,1167,1650,y,1350,,68.77,0.084,0.617,9,34,0,,0,1,1,0,0,1,3,-1.0,"(1.0, -34)"
17470,Johannesbrücke,50.983446,11.029388,1167,1650,y,1350,,68.052,0.092,0.622,12,34,0,,0,1,0,0,0,1,3,-1.0,"(1.0, -34)"
17471,Löbertorbrücke,50.969698,11.031218,1167,1650,y,1350,,68.704,0.143,0.924,12,34,0,,0,1,0,0,0,1,3,-1.0,"(1.0, -34)"
17472,Schmidtstedtertorbrücke,50.974359,11.041507,1167,1650,y,1350,,69.196,0.188,0.973,9,34,0,,0,1,0,0,0,1,3,-1.0,"(1.0, -34)"
17473,Krämpfertorbrücke,50.980327,11.039897,1167,1650,y,1350,,68.862,0.127,0.825,9,34,0,,0,1,0,0,0,1,3,-1.0,"(1.0, -34)"
17474,Johannestorbrücke,50.986379,11.027945,1167,1650,y,1350,,67.848,0.171,0.948,14,34,0,,0,1,0,0,0,1,3,-1.0,"(1.0, -34)"
17475,,50.982263,11.031239,1167,1650,,1350,,68.219,0.092,0.518,12,34,0,,0,1,0,0,0,1,3,-1.0,"(1.0, -34)"
17476,,50.978277,11.024222,1167,1650,,1350,,67.909,0.05,0.322,12,34,0,,0,1,0,0,0,1,3,-1.0,"(1.0, -34)"
2352,Gouda,52.011189,4.710352,1272,1650,,1350,,0.127,0.038,0.0,18,33,1,regional,0,0,0,0,0,1,3,-1.0,"(1.0, -33)"
1521,Dordrecht,51.81514,4.667133,1220,1650,,1350,,0.294,0.018,6.051,15,32,0,,1,1,0,0,1,1,3,-1.0,"(1.0, -32)"
12625,,51.815016,4.660896,1220,1650,,1350,,0.623,0.214,5.728,15,32,0,,0,1,0,1,0,1,3,-1.0,"(1.0, -32)"
12780,,51.819893,4.670869,1220,1650,,1350,,0.294,0.226,5.955,15,32,0,,0,1,0,0,0,1,3,-1.0,"(1.0, -32)"
13437,,51.818733,4.675438,1220,1650,,1350,,0.463,0.167,6.29,15,32,0,,0,1,0,1,0,1,3,-1.0,"(1.0, -32)"
14863,,51.818038,4.670721,1220,1650,,1350,,0.132,0.167,6.06,15,32,0,,0,1,0,0,0,1,3,-1.0,"(1.0, -32)"
14903,,51.814815,4.667026,1220,1650,,1350,,0.33,0.018,6.067,15,32,0,,0,1,0,0,0,1,3,-1.0,"(1.0, -32)"
18157,haven dordrecht,51.813839,4.659768,1220,1650,,1350,,0.755,0.212,5.757,15,32,0,,0,1,0,0,1,0,3,-1.0,"(1.0, -32)"
8005,Verden,52.919986,9.22902,1259,1650,y,1350,,2.193,0.097,0.0,3,31,1,regional,1,0,0,0,0,1,3,-1.0,"(1.0, -31)"
5421,Nieuwstadt,51.036805,5.860058,1242,1650,y,1350,,6.448,1.053,0.0,11,31,1,regional,0,0,0,0,0,1,3,-1.0,"(1.0, -31)"
5623,Oldenburg (Oldenburg),53.138916,8.214479,1345,1650,y,1350,,27.756,0.095,0.0,9,27,1,regional,1,1,0,0,0,1,3,-1.0,"(1.0, -27)"
8979,Stau,53.140241,8.217053,1345,1650,,1350,,27.533,0.113,0.226,9,27,0,,0,1,0,0,1,1,3,-1.0,"(1.0, -27)"
9606,,53.140346,8.212924,1345,1650,,1350,,27.703,0.095,0.19,9,27,0,,0,1,0,0,0,1,3,-1.0,"(1.0, -27)"
11897,Goedereede,51.818178,3.977549,1312,1650,,1350,,19.087,8.369,42.749,4,26,0,,1,1,0,1,1,1,3,-1.0,"(1.0, -26)"
4329,Leiden,52.158439,4.490032,1266,1650,,1350,,0.482,0.049,0.0,11,26,1,regional,0,0,0,0,0,1,3,-1.0,"(1.0, -26)"
12767,,51.90625,4.165864,1330,1650,,1350,,8.868,0.225,30.33,4,25,0,,0,1,0,1,1,1,3,-1.0,"(1.0, -25)"
991,Brielle,51.902257,4.164831,1330,1650,,1350,,9.101,0.225,30.311,4,25,0,,0,1,0,0,0,1,3,-1.0,"(1.0, -25)"
11443,,51.858351,12.044306,1271,1650,y,1350,,5.272,0.171,41.15,2,24,0,,1,1,0,0,1,1,3,-1.0,"(1.0, -24)"
112,Aken,51.855297,12.044939,1271,1650,y,1350,,5.57,0.171,41.431,2,24,0,,1,1,0,0,0,1,3,-1.0,"(1.0, -24)"
973,Bremen,53.075887,8.807392,965,1650,y,1350,,0.227,0.031,0.0,8,23,1,regional,1,0,0,0,0,1,3,-1.0,"(1.0, -23)"
5165,Naumburg (Saale),51.152263,11.809909,1033,1650,y,1350,,42.154,0.138,0.0,7,23,1,interregional,0,0,0,0,0,1,3,-1.0,"(1.0, -23)"
268,Antwerpen,51.221248,4.399862,1350,1650,,1350,,6.117,0.041,0.0,5,21,1,interregional,0,1,0,0,0,1,3,-1.0,"(1.0, -21)"
12148,,52.629356,4.755565,1254,1650,,1350,,0.63,0.228,29.968,3,21,0,,0,1,0,0,1,1,3,-1.0,"(1.0, -21)"
11862,Alkmaar,52.630722,4.749201,1254,1650,,1350,,1.063,0.228,30.248,3,21,0,,0,1,0,0,0,1,3,-1.0,"(1.0, -21)"
12623,Werf,51.22365,4.396928,1350,1650,,1350,,6.243,0.168,0.336,5,21,0,,1,1,0,0,1,1,3,-1.0,"(1.0, -21)"
10412,,51.85834,12.05705,1271,1650,y,1350,,4.939,0.449,41.744,2,21,0,,0,1,0,0,0,1,3,-1.0,"(1.0, -21)"
13378,,51.219011,4.395591,1350,1650,,1350,,5.749,0.154,0.388,5,21,0,,0,1,0,1,0,1,3,-1.0,"(1.0, -21)"
13865,,51.220656,4.399159,1350,1650,,1350,,6.035,0.041,0.082,5,21,0,,0,1,0,0,0,1,3,-1.0,"(1.0, -21)"
17147,,51.223609,4.403039,1350,1650,,1350,,6.457,0.172,0.343,5,21,0,,0,1,0,0,0,1,3,-1.0,"(1.0, -21)"
2456,Groningen,53.218044,6.566612,1245,1650,,1350,,0.09,0.019,0.0,5,20,1,regional,1,0,0,0,0,1,3,-1.0,"(1.0, -20)"
11328,,51.202681,11.966501,1280,1650,,1350,,30.08,0.226,0.453,7,20,0,,0,1,0,0,0,1,3,-1.0,"(1.0, -20)"
4698,Maastricht,50.85125,5.690547,1204,1650,y,1350,,3.21,0.174,0.0,6,20,1,regional,1,0,0,0,0,1,3,-1.0,"(1.0, -20)"
2777,Hamburg,53.54798,9.9931,1150,1650,y,1350,,0.239,0.042,0.0,7,19,1,regional,1,0,0,0,1,1,3,-1.0,"(1.0, -19)"
8272,Weißenfels,51.201045,11.972454,1280,1650,y,1350,,29.727,0.072,0.0,7,19,1,local,0,1,0,0,0,1,3,-1.0,"(1.0, -19)"
10940,,51.199756,11.972437,1280,1650,,1350,,29.767,0.072,0.143,7,19,0,,0,1,0,0,0,1,3,-1.0,"(1.0, -19)"
10941,,51.198936,11.974347,1280,1650,,1350,,29.664,0.081,0.269,7,19,0,,0,1,0,0,0,1,3,-1.0,"(1.0, -19)"
7321,Stade,53.603069,9.476003,1209,1650,y,1350,,1.87,0.016,0.0,8,18,1,regional,1,1,0,1,1,1,3,-1.0,"(1.0, -18)"
17772,,53.603244,9.475622,1209,1650,,1350,,1.876,0.016,0.032,8,18,0,,0,1,0,0,0,1,3,-1.0,"(1.0, -18)"
9542,,52.127033,11.651974,1188,1650,y,1350,,2.17,0.049,1.023,6,17,0,,0,1,0,1,0,1,3,-1.0,"(1.0, -17)"
11519,,52.128172,11.642789,1188,1650,y,1350,,2.525,0.141,0.461,6,17,0,,0,1,1,0,0,1,3,-1.0,"(1.0, -17)"
19942,,52.131943,11.63686,1188,1650,,1350,,3.091,0.074,0.149,6,17,0,,0,1,0,0,0,1,3,-1.0,"(1.0, -17)"
2151,Gelnhausen,50.202744,9.190682,1170,1650,,1350,,22.339,5.685,0.0,7,17,1,regional,1,0,0,0,0,1,3,-1.0,"(1.0, -17)"
13405,,52.129381,11.643691,1188,1650,,1350,,2.616,0.106,0.406,6,17,0,,0,1,0,0,1,1,3,-1.0,"(1.0, -17)"
13407,,52.130336,11.635913,1188,1650,,1350,,2.976,0.095,0.25,6,17,0,,0,1,0,0,0,1,3,-1.0,"(1.0, -17)"
8876,Middelburg (Walcheren),51.4984,3.611522,1217,1650,,1350,,1.816,0.27,0.0,6,17,1,regional,1,0,0,0,0,1,3,-1.0,"(1.0, -17)"
4705,Magdeburg,52.131591,11.638959,1188,1650,y,1350,,2.984,0.074,0.0,6,17,1,regional,1,1,0,0,0,1,3,-1.0,"(1.0, -17)"
16278,,52.130509,11.641203,1188,1650,,1350,,2.805,0.097,0.195,6,17,0,,0,1,0,0,0,1,3,-1.0,"(1.0, -17)"
9450,Stadersand,53.625845,9.517738,1209,1650,,1350,,1.87,3.743,3.741,8,16,0,,1,1,0,0,0,1,3,-1.0,"(1.0, -16)"
10075,Auebrücke,51.055019,12.137194,1147,1650,y,1350,,29.61,0.053,0.553,7,16,0,,1,1,1,0,0,1,3,-1.0,"(1.0, -16)"
11937,Axel,51.265287,3.908526,1183,1650,,1350,,0.288,2.094,10.021,8,16,0,,1,1,0,0,1,0,3,-1.0,"(1.0, -16)"
8752,Zeitz,51.050307,12.134652,1147,1650,y,1350,,30.14,0.277,0.0,7,16,1,local,0,1,0,0,0,1,3,-1.0,"(1.0, -16)"
280,Appingedam,53.321987,6.856009,1327,1650,,1350,,2.334,0.051,0.0,5,15,1,regional,0,0,0,0,0,1,3,-1.0,"(1.0, -15)"
8901,Vlissingen,51.442123,3.572776,1315,1650,,1350,,0.349,0.186,6.809,6,15,0,,1,1,0,0,1,1,3,-1.0,"(1.0, -15)"
13340,,51.43841,3.575799,1315,1650,,1350,,0.128,0.231,7.115,6,15,0,,0,1,0,1,1,1,3,-1.0,"(1.0, -15)"
4653,Lüneburg,53.24995,10.40887,1247,1650,y,1350,,10.035,0.064,0.0,6,14,1,regional,0,0,0,0,0,1,3,-1.0,"(1.0, -14)"
9664,,53.92515,9.516506,1238,1650,,1350,,3.71,0.149,0.578,5,13,0,,0,1,0,0,0,1,3,-1.0,"(1.0, -13)"
3344,Itzehoe,53.919961,9.515891,1238,1650,y,1350,,3.523,0.154,0.0,5,13,1,regional,0,1,0,0,0,1,3,-1.0,"(1.0, -13)"
4337,Leipzig,51.339915,12.374475,1170,1650,y,1350,,7.631,0.185,0.0,6,13,1,interregional,0,0,0,0,0,1,3,-1.0,"(1.0, -13)"
10624,,53.917185,9.515869,1238,1650,y,1350,,3.479,0.154,0.309,5,13,0,,0,1,1,0,1,1,3,-1.0,"(1.0, -13)"
10625,,53.922846,9.518852,1238,1650,,1350,,3.783,0.149,0.375,5,13,0,,0,1,0,0,0,1,3,-1.0,"(1.0, -13)"
4858,Meldorf,54.089795,9.071814,1227,1559,y,1350,,26.327,1.581,0.0,4,11,1,regional,0,0,0,0,0,1,3,-1.0,"(1.0, -11)"
12641,,51.05941,3.724315,1350,1650,,1350,,0.42,0.04,30.043,6,10,0,,0,1,0,0,1,1,3,-1.0,"(1.0, -10)"
12642,,51.054649,3.72572,1350,1650,,1350,,0.19,0.074,30.579,6,10,0,,0,1,0,0,0,1,3,-1.0,"(1.0, -10)"
1987,Frankfurt am Main,50.110394,8.682175,1142,1650,,1350,,2.962,0.076,0.0,3,10,1,interregional,0,0,0,0,0,1,3,-1.0,"(1.0, -10)"
2159,Gent,51.05355,3.724503,1350,1650,,1350,,0.309,0.074,30.693,4,10,0,,0,1,0,0,0,1,3,-1.0,"(1.0, -10)"
10713,Skanör,55.419171,12.849655,1250,1650,,1350,,151.483,0.597,0.0,4,10,1,interregional,1,0,0,0,1,1,3,-1.0,"(1.0, -10)"
12638,,51.052518,3.734538,1350,1650,,1350,,0.13,0.151,30.877,4,10,0,,0,1,0,0,1,1,3,-1.0,"(1.0, -10)"
12806,,51.056402,3.721864,1350,1650,,1350,,0.047,0.166,30.361,6,10,0,,0,1,0,0,1,1,3,-1.0,"(1.0, -10)"
12807,,51.060415,3.713136,1350,1650,,1350,,0.373,0.536,29.871,6,10,0,,0,1,0,0,0,1,3,-1.0,"(1.0, -10)"
12810,,51.057699,3.707582,1350,1650,,1350,,0.661,0.559,29.996,6,10,0,,0,1,0,0,0,1,3,-1.0,"(1.0, -10)"
13860,,51.060044,3.724827,1350,1650,,1350,,0.499,0.04,29.976,6,10,0,,0,1,0,0,0,1,3,-1.0,"(1.0, -10)"
17697,,51.05666,3.741746,1350,1650,,1350,,0.618,0.471,30.48,8,10,0,,0,1,0,0,0,1,3,-1.0,"(1.0, -10)"
17919,,51.053769,3.722305,1350,1650,,1350,,0.196,0.078,30.655,4,10,0,,0,1,0,0,0,1,3,-1.0,"(1.0, -10)"
17925,,51.049889,3.72871,1350,1650,,1350,,0.239,0.157,31.126,4,10,0,,0,1,0,0,0,1,3,-1.0,"(1.0, -10)"
17926,,51.049066,3.719999,1350,1650,,1350,,0.308,0.564,31.164,4,10,0,,0,1,0,0,0,1,3,-1.0,"(1.0, -10)"
17927,,51.054833,3.734043,1350,1650,,1350,,0.121,0.171,30.617,4,10,0,,0,1,0,0,0,1,3,-1.0,"(1.0, -10)"
17928,,51.053956,3.730888,1350,1650,,1350,,0.121,0.136,30.691,4,10,0,,0,1,0,0,1,1,3,-1.0,"(1.0, -10)"
17929,,51.055817,3.728346,1350,1650,,1350,,0.035,0.112,30.467,6,10,0,,0,1,0,0,0,1,3,-1.0,"(1.0, -10)"
17930,,51.055824,3.7209,1350,1650,,1350,,0.047,0.205,30.42,6,10,0,,0,1,0,0,0,1,3,-1.0,"(1.0, -10)"
18003,,51.044347,3.736253,1350,1650,,1350,,0.956,0.656,31.793,4,10,0,,0,1,0,0,0,1,3,-1.0,"(1.0, -10)"
8010,Viborg,56.450688,9.411301,1060,1650,,1350,,58.913,0.073,0.0,4,9,1,regional,1,0,0,0,0,1,3,-1.0,"(1.0, -9)"
1036,Brugge,51.20876,3.224332,1127,1650,,1350,,0.114,0.029,0.0,5,8,1,interregional,1,1,0,0,0,1,3,-1.0,"(1.0, -8)"
19678,,51.209221,3.222862,1127,1650,,1350,,0.157,0.057,0.115,5,8,0,,0,1,0,0,0,1,3,-1.0,"(1.0, -8)"
72,Aarhus,56.157091,10.209522,1300,1650,,1350,,108.178,0.052,0.0,3,8,1,regional,1,0,0,0,0,1,3,-1.0,"(1.0, -8)"
12601,,51.210474,3.22483,1127,1650,,1350,,0.086,0.097,0.194,5,8,0,,0,1,0,0,1,1,3,-1.0,"(1.0, -8)"
12811,,51.20063,3.224534,1127,1650,,1350,,1.01,0.108,0.904,5,8,0,,0,1,0,0,0,1,3,-1.0,"(1.0, -8)"
14048,,51.220369,3.232335,1127,1650,,1350,,0.097,1.091,1.406,5,8,0,,0,1,0,0,0,1,3,-1.0,"(1.0, -8)"
16355,Monnikerede,51.276175,3.309179,1266,1594,,1350,,1.216,1.949,9.543,5,8,0,,1,1,0,0,1,1,3,-1.0,"(1.0, -8)"
17325,Waterhalle,51.208938,3.225126,1127,1650,,1350,,0.086,0.029,0.059,5,8,0,,0,1,0,0,1,1,3,-1.0,"(1.0, -8)"
17326,,51.208454,3.225056,1127,1650,,1350,,0.139,0.03,0.061,5,8,0,,0,1,0,0,0,1,3,-1.0,"(1.0, -8)"
17843,,51.20145,3.227341,1127,1650,,1350,,0.933,0.108,0.839,5,8,0,,0,1,0,0,0,1,3,-1.0,"(1.0, -8)"
17844,,51.20676,3.222304,1127,1650,,1350,,0.377,0.132,0.263,5,8,0,,0,1,0,0,0,1,3,-1.0,"(1.0, -8)"
10400,Vordingborg,55.00815943,11.91050695,1200,1650,,1350,,111.646,0.047,0.0,2,5,1,regional,0,0,0,0,1,1,3,-1.0,"(1.0, -5)"
8902,Ribe,55.328145,8.762129,800,1650,,1350,,100.316,0.063,0.0,3,4,1,regional,1,0,0,0,0,1,3,-1.0,"(1.0, -4)"
2002,Freiberg,50.916999,13.343914,1170,1650,n,1350,,28.192,0.234,82.389,0,3,0,,1,1,0,0,0,1,3,-1.0,"(1.0, -3)"
18118,Turku,60.450667,22.275951,1300,1650,,1350,,344.064,0.064,0.0,3,3,1,regional,1,0,0,0,0,1,3,-1.0,"(1.0, -3)"
3574,Košice,48.720509,21.257458,1347,1650,,1350,,501.484,15.412,0.0,2,2,1,regional,1,1,0,0,0,0,3,-1.0,"(1.0, -2)"
11758,Mühlendamm,52.515043,13.406904,1244,1650,y,1350,,0.062,0.072,97.181,0,1,0,,0,1,1,0,0,1,3,-1.0,"(1.0, -1)"
11759,,52.517186,13.404293,1244,1650,y,1350,,0.263,0.117,96.995,0,1,0,,0,1,1,0,1,1,3,-1.0,"(1.0, -1)"
13928,,54.098761,13.381161,1250,1650,,1350,,2.219,0.081,0.298,1,1,0,,0,1,0,0,1,1,3,-1.0,"(1.0, -1)"
2409,Greifswald,54.09608,13.380983,1250,1650,,1350,,2.216,0.149,0.0,1,1,1,local,1,1,0,0,0,1,3,-1.0,"(1.0, -1)"
19743,,54.099237,13.378756,1250,1650,,1350,,2.381,0.017,0.38,1,1,0,,0,1,0,0,0,1,3,-1.0,"(1.0, -1)"
579,Berlin,52.5184,13.407131,1244,1650,y,1350,,0.38,0.117,97.182,0,1,0,,1,1,0,0,0,1,3,-1.0,"(1.0, -1)"
13819,,52.516341,13.408468,1244,1650,,1350,,0.221,0.081,97.281,0,1,0,,0,1,0,0,0,1,3,-1.0,"(1.0, -1)"
14168,,52.515021,13.409484,1244,1650,,1350,,0.1,0.081,97.355,0,1,0,,0,1,0,0,1,1,3,-1.0,"(1.0, -1)"
18165,Steinbecker Brücke,54.098937,13.378708,1250,1650,,1350,,2.38,0.017,0.351,1,1,0,,0,1,1,0,0,1,3,-1.0,"(1.0, -1)"
11070,Malá Strana,50.088502,14.404609,1350,1650,,1350,,98.104,0.28,192.701,0,0,0,,0,1,0,0,0,1,3,-1.0,"(1.0, 0)"
11379,,54.005669,15.984292,1107,1650,,1350,,120.296,0.2,170.229,0,0,0,,0,1,0,0,0,1,3,-1.0,"(1.0, 0)"
11380,,54.003887,15.993314,1107,1650,,1350,,120.641,0.111,170.832,0,0,0,,0,1,0,0,0,1,3,-1.0,"(1.0, 0)"
500,Beeskow,52.17187,14.246516,1272,1650,,1350,,18.892,0.438,158.616,0,0,0,,0,1,0,0,0,1,3,-1.0,"(1.0, 0)"
517,Białogard,54.004568,15.990118,1107,1650,,1350,,120.522,0.111,170.618,0,0,0,,0,1,0,0,0,1,3,-1.0,"(1.0, 0)"
12304,,56.946622,24.104832,1350,1650,,1350,,10.025,0.099,367.512,0,0,0,,0,1,0,1,1,1,3,-1.0,"(1.0, 0)"
1665,Eberswalde,52.833374,13.821509,1300,1650,,1350,,0.275,0.128,123.548,0,0,0,,1,1,0,0,0,1,3,-1.0,"(1.0, 0)"
3500,Kalisz Pomorski ,53.297911,15.905313,1303,1650,,1350,,59.382,0.092,188.385,0,0,0,,0,1,0,0,0,1,3,-1.0,"(1.0, 0)"
4342,Litoměřice,50.53409,14.131664,1220,1650,,1350,,45.625,5.522,151.647,0,0,0,,1,1,0,0,0,0,3,-1.0,"(1.0, 0)"
5574,Oderberg,52.865779,14.044556,1259,1650,,1350,,2.743,0.056,138.436,0,0,0,,0,1,0,0,0,1,3,-1.0,"(1.0, 0)"
5949,Pirna,50.962273,13.941934,1240,1650,,1350,,7.68,0.109,117.113,0,0,0,,1,1,0,0,0,1,3,-1.0,"(1.0, 0)"
6092,Praha,50.086745,14.420629,1350,1650,,1350,,98.591,0.317,193.753,0,0,0,,1,1,0,0,0,1,3,-1.0,"(1.0, 0)"
6425,Rīga,56.947979,24.106951,1350,1650,,1350,,9.988,0.099,367.362,0,0,0,,0,1,0,0,0,1,3,-1.0,"(1.0, 0)"
7413,Szczecin,53.424101,14.559637,1243,1650,,1350,,10.144,0.11,107.636,0,0,0,,1,1,0,0,0,1,3,-1.0,"(1.0, 0)"
7806,Trzebiatów,54.062885,15.265714,1245,1650,,1350,,86.498,0.39,123.0,0,0,0,,0,1,0,0,0,1,3,-1.0,"(1.0, 0)"
8875,Darłowo,54.422131,16.410991,1271,1650,,1350,,145.338,1.756,199.866,0,0,0,,0,1,0,0,0,1,3,-1.0,"(1.0, 0)"
1988,Frankfurt (Oder),52.344244,14.553598,1253,1650,,1350,,4.539,0.048,176.402,0,0,0,,1,1,0,0,0,1,3,-1.0,"(1.0, 0)"
2313,Görlitz,51.15621,14.990651,1200,1650,,1350,,70.234,0.149,183.225,0,0,0,,0,1,0,0,0,1,3,-1.0,"(1.0, 0)"
19787,Altstadtbrücke,51.157718,14.99417,1200,1650,,1350,,70.521,0.038,183.446,0,0,0,,0,1,1,0,0,1,3,-1.0,"(1.0, 0)"
13008,,56.950056,24.105399,1350,1650,,1350,,9.75,0.125,367.13,0,0,0,,0,1,0,0,0,1,3,-1.0,"(1.0, 0)"
13702,Niederlage,52.345024,14.557207,1253,1650,,1350,,4.475,0.088,176.633,0,0,0,,0,1,0,0,1,1,3,-1.0,"(1.0, 0)"
13703,,53.424398,14.563523,1243,1650,,1350,,10.19,0.13,107.797,0,0,0,,0,1,0,0,1,1,3,-1.0,"(1.0, 0)"
14094,,52.864845,14.045158,1259,1650,,1350,,2.699,0.056,138.478,0,0,0,,0,1,0,0,1,1,3,-1.0,"(1.0, 0)"
14122,,52.344834,14.554629,1253,1650,,1350,,4.478,0.048,176.462,0,0,0,,0,1,0,0,0,1,3,-1.0,"(1.0, 0)"
14123,,52.346428,14.554072,1253,1650,,1350,,4.299,0.08,176.4,0,0,0,,0,1,0,0,0,1,3,-1.0,"(1.0, 0)"
14124,,52.347265,14.556805,1253,1650,,1350,,4.224,0.078,176.571,0,0,0,,1,1,1,0,0,1,3,-1.0,"(1.0, 0)"
14125,,52.347306,14.552216,1253,1650,,1350,,4.194,0.08,176.261,0,0,0,,0,1,0,0,0,1,3,-1.0,"(1.0, 0)"
14148,,52.835851,13.822281,1300,1650,,1350,,0.037,0.14,123.59,0,0,0,,0,1,0,0,1,1,3,-1.0,"(1.0, 0)"
14396,,53.422178,14.560474,1243,1650,,1350,,9.933,0.11,107.826,0,0,0,,0,1,1,0,0,1,3,-1.0,"(1.0, 0)"
16168,,50.964226,13.941885,1240,1650,,1350,,7.753,0.109,117.03,0,0,0,,0,1,0,0,1,1,3,-1.0,"(1.0, 0)"
16245,,52.835831,13.821194,1300,1650,,1350,,0.037,0.143,123.517,0,0,0,,0,1,0,0,0,1,3,-1.0,"(1.0, 0)"
16443,,52.169138,14.25379,1272,1650,,1350,,19.344,0.089,158.849,0,0,0,,0,1,1,0,0,0,3,-1.0,"(1.0, 0)"
16680,,53.296404,15.904137,1303,1650,,1350,,59.198,0.092,188.398,0,0,0,,0,1,0,0,0,1,3,-1.0,"(1.0, 0)"
17345,Karlův most,50.086442,14.411767,1350,1650,,1350,,98.457,0.28,193.251,0,0,0,,1,1,1,0,0,1,3,-1.0,"(1.0, 0)"
2159,Gent,51.05355,3.724503,1350,1650,,1400,64000.0,0.309,0.074,30.693,4,11,0,,0,1,0,0,0,1,3,64000.0,"(-64000.0, -11)"
6092,Praha,50.086745,14.420629,1350,1650,,1400,40000.0,98.591,0.317,174.783,0,0,0,,1,1,0,0,0,1,3,40000.0,"(-40000.0, 0)"
1036,Brugge,51.20876,3.224332,1127,1650,,1400,37000.0,0.114,0.029,0.0,6,9,1,interregional,1,1,0,0,0,1,3,37000.0,"(-37000.0, -9)"
942,Braunschweig,52.262815,10.517142,1204,1650,y,1400,18000.0,1.71,0.217,0.0,14,60,1,regional,1,0,0,0,0,1,3,18000.0,"(-18000.0, -60)"
268,Antwerpen,51.221248,4.399862,1350,1650,,1400,15000.0,6.117,0.041,0.0,5,23,1,interregional,0,1,0,0,0,1,3,15000.0,"(-15000.0, -23)"
7944,Utrecht,52.091844,5.118906,1114,1650,,1400,13000.0,0.315,0.11,0.0,21,54,1,regional,1,0,0,0,1,1,3,13000.0,"(-13000.0, -54)"
6545,Rostock,54.088618,12.139895,1218,1650,,1400,13000.0,8.516,0.093,0.0,2,7,1,regional,0,0,0,0,0,1,3,13000.0,"(-13000.0, -7)"
5113,Münster (Westfalen),51.963078,7.628321,1170,1650,,1400,11000.0,25.869,0.155,0.0,13,57,1,regional,0,0,0,0,0,1,3,11000.0,"(-11000.0, -57)"
1826,Erfurt,50.977868,11.028775,1167,1650,y,1400,11000.0,68.224,0.085,0.0,13,44,1,interregional,1,1,0,0,0,1,3,11000.0,"(-11000.0, -44)"
4705,Magdeburg,52.131591,11.638959,1188,1650,y,1400,10000.0,2.984,0.074,0.0,9,29,1,regional,1,1,0,0,0,1,3,10000.0,"(-10000.0, -29)"
4816,Mechelen,51.028057,4.479713,1350,1650,,1400,10000.0,2.782,0.174,22.193,3,21,0,,0,1,0,0,0,1,3,10000.0,"(-10000.0, -21)"
1545,Dortmund,51.514287,7.466708,1138,1650,,1400,9000.0,15.091,0.264,0.0,13,44,1,regional,1,0,0,0,0,1,3,9000.0,"(-9000.0, -44)"
1987,Frankfurt am Main,50.110394,8.682175,1142,1650,,1400,9000.0,2.962,0.076,0.0,3,10,1,interregional,0,0,0,0,0,1,3,9000.0,"(-9000.0, -10)"
1521,Dordrecht,51.81514,4.667133,1220,1650,,1400,8000.0,0.294,0.018,6.051,18,36,0,,1,1,0,0,1,1,3,8000.0,"(-8000.0, -36)"
2777,Hamburg,53.54798,9.9931,1150,1650,y,1400,8000.0,0.239,0.042,0.0,7,24,1,regional,1,0,0,0,1,1,3,8000.0,"(-8000.0, -24)"
2313,Görlitz,51.15621,14.990651,1200,1650,,1400,8000.0,70.234,0.149,157.772,0,0,0,,0,1,0,0,0,1,3,8000.0,"(-8000.0, 0)"
973,Bremen,53.075887,8.807392,965,1650,y,1400,7000.0,0.227,0.031,0.0,8,28,1,regional,1,1,0,0,0,1,3,7000.0,"(-7000.0, -28)"
4698,Maastricht,50.85125,5.690547,1204,1650,y,1400,7000.0,3.21,0.174,0.0,9,25,1,regional,1,0,0,0,0,1,3,7000.0,"(-7000.0, -25)"
6425,Rīga,56.947979,24.106951,1350,1650,,1400,7000.0,9.988,0.099,367.362,0,0,0,,0,1,0,0,0,1,3,7000.0,"(-7000.0, 0)"
5430,Nijmegen,51.847301,5.864896,1230,1650,,1400,6000.0,0.432,0.139,0.0,25,89,1,regional,0,1,0,0,0,1,3,6000.0,"(-6000.0, -89)"
8853,Zutphen,52.141452,6.195327,1191,1650,,1400,6000.0,0.346,0.054,0.0,29,79,1,regional,1,0,0,0,0,1,3,6000.0,"(-6000.0, -79)"
6477,Roermond,51.195619,5.985689,1224,1650,,1400,6000.0,0.208,0.083,0.0,22,51,1,regional,1,1,0,0,0,1,3,6000.0,"(-6000.0, -51)"
4329,Leiden,52.158439,4.490032,1266,1650,,1400,6000.0,0.482,0.049,0.0,12,31,1,regional,0,0,0,0,0,1,3,6000.0,"(-6000.0, -31)"
8505,Wismar,53.891371,11.466215,1226,1650,y,1400,6000.0,33.958,0.062,0.0,4,9,1,regional,1,0,0,0,0,1,3,6000.0,"(-6000.0, -9)"
1417,Deventer,52.251815,6.160268,1123,1650,,1400,5000.0,0.252,0.086,0.0,37,72,1,regional,1,0,0,0,0,1,3,5000.0,"(-5000.0, -72)"
0,Göttingen,51.532781,9.935188,1230,1650,y,1400,5000.0,21.013,0.053,0.0,22,71,1,regional,1,0,0,0,0,1,3,5000.0,"(-5000.0, -71)"
3541,Kampen ,52.55863,5.916728,1230,1650,,1400,5000.0,0.33,0.028,0.0,26,63,1,regional,0,0,0,0,0,1,3,5000.0,"(-5000.0, -63)"
5704,Osnabrück,52.2772,8.041195,1171,1650,y,1400,5000.0,36.63,0.087,0.0,12,56,1,regional,1,0,0,0,0,1,3,5000.0,"(-5000.0, -56)"
2456,Groningen,53.218044,6.566612,1245,1650,,1400,5000.0,0.09,0.019,0.0,5,35,1,regional,1,0,0,0,0,1,3,5000.0,"(-5000.0, -35)"
4653,Lüneburg,53.24995,10.40887,1247,1650,y,1400,5000.0,10.035,0.064,0.0,7,27,1,regional,0,1,0,0,0,1,3,5000.0,"(-5000.0, -27)"
8876,Middelburg (Walcheren),51.4984,3.611522,1217,1650,,1400,5000.0,1.816,0.27,0.0,7,20,1,regional,1,0,0,0,0,1,3,5000.0,"(-5000.0, -20)"
579,Berlin,52.5184,13.407131,1244,1650,y,1400,5000.0,0.38,0.117,0.0,3,7,1,local,1,1,0,0,0,1,3,5000.0,"(-5000.0, -7)"
2409,Greifswald,54.09608,13.380983,1250,1650,,1400,5000.0,2.216,0.149,0.0,1,2,1,local,1,1,0,0,0,1,3,5000.0,"(-5000.0, -2)"
1750,Elbląg,54.158416,19.396069,1246,1650,,1400,5000.0,1.298,0.116,342.909,0,0,0,,0,1,0,0,0,1,3,5000.0,"(-5000.0, 0)"
2352,Gouda,52.011189,4.710352,1272,1650,,1400,4000.0,0.127,0.038,0.0,21,38,1,regional,0,0,0,0,0,1,3,4000.0,"(-4000.0, -38)"
2002,Freiberg,50.916999,13.343914,1170,1650,n,1400,4000.0,28.192,0.234,55.709,0,7,0,,1,1,0,0,0,1,3,4000.0,"(-4000.0, -7)"
7413,Szczecin,53.424101,14.559637,1243,1650,,1400,4000.0,10.144,0.11,51.176,0,1,0,,1,1,0,0,0,1,3,4000.0,"(-4000.0, -1)"
296,Arnhem,51.978705,5.910977,1233,1650,,1400,3000.0,0.37,0.14,0.0,23,87,1,regional,1,0,0,0,0,1,3,3000.0,"(-3000.0, -87)"
8866,Zwolle,52.51226,6.092754,1230,1650,y,1400,3000.0,0.305,0.164,0.0,30,66,1,regional,1,0,0,0,0,1,3,3000.0,"(-3000.0, -66)"
1865,Essen,51.456963,7.012649,1244,1650,,1400,3000.0,7.625,0.101,0.0,21,57,1,regional,0,0,0,0,0,1,3,3000.0,"(-3000.0, -57)"
250,Amsterdam,52.373074,4.89257,1300,1650,,1400,3000.0,0.434,0.044,0.0,11,54,1,regional,1,1,0,0,0,1,3,3000.0,"(-3000.0, -54)"
4337,Leipzig,51.339915,12.374475,1170,1650,y,1400,3000.0,7.631,0.185,0.0,11,19,1,interregional,0,0,0,0,0,1,3,3000.0,"(-3000.0, -19)"
1988,Frankfurt (Oder),52.344244,14.553598,1253,1650,,1400,3000.0,4.539,0.048,69.092,0,4,0,,1,1,0,0,0,1,3,3000.0,"(-3000.0, -4)"
4958,Minden,52.28806,8.916805,1230,1650,y,1400,2000.0,2.405,0.108,0.0,14,69,1,regional,0,0,0,0,0,1,3,2000.0,"(-2000.0, -69)"
2807,Harderwijk,52.350136,5.618408,1231,1650,,1400,2000.0,19.975,0.118,0.0,31,63,1,regional,1,0,0,0,0,1,3,2000.0,"(-2000.0, -63)"
3580,Kassel,51.315808,9.50533,1180,1650,y,1400,2000.0,0.173,0.061,0.0,16,56,1,local,0,1,0,0,0,1,3,2000.0,"(-2000.0, -56)"
5304,Neuss,51.197927,6.692717,1200,1650,,1400,2000.0,0.299,0.1,0.0,20,45,1,regional,1,0,0,0,0,1,3,2000.0,"(-2000.0, -45)"
11862,Alkmaar,52.630722,4.749201,1254,1650,,1400,2000.0,1.063,0.228,30.248,3,34,0,,0,1,0,0,0,1,3,2000.0,"(-2000.0, -34)"
5623,Oldenburg (Oldenburg),53.138916,8.214479,1345,1650,y,1400,2000.0,27.756,0.095,0.0,10,29,1,regional,1,1,0,0,0,1,3,2000.0,"(-2000.0, -29)"
72,Aarhus,56.157091,10.209522,1300,1650,,1400,2000.0,108.178,0.052,0.0,3,9,1,regional,1,0,0,0,0,1,3,2000.0,"(-2000.0, -9)"
8902,Ribe,55.328145,8.762129,800,1650,,1400,2000.0,100.316,0.063,0.0,3,5,1,regional,1,0,0,0,0,1,3,2000.0,"(-2000.0, -5)"
2778,Hameln,52.104508,9.356435,1200,1650,y,1400,1000.0,3.199,0.095,0.0,29,66,1,regional,0,0,0,0,0,1,3,1000.0,"(-1000.0, -66)"
8000,Venlo,51.370573,6.169413,1343,1650,,1400,1000.0,2.382,0.077,0.0,20,66,1,regional,1,1,0,0,0,1,3,1000.0,"(-1000.0, -66)"
1611,Duisburg,51.435337,6.760599,1145,1650,,1400,1000.0,0.646,0.081,17.632,21,65,0,,0,1,0,0,0,1,3,1000.0,"(-1000.0, -65)"
949,Breda,51.588294,4.776283,1198,1650,,1400,1000.0,9.14,0.036,0.0,13,47,1,regional,1,1,0,0,0,1,3,1000.0,"(-1000.0, -47)"
8005,Verden,52.919986,9.22902,1259,1650,y,1400,1000.0,2.193,0.097,0.0,3,44,1,regional,1,0,0,0,0,1,3,1000.0,"(-1000.0, -44)"
5165,Naumburg (Saale),51.152263,11.809909,1033,1650,y,1400,1000.0,42.154,0.138,0.0,9,29,1,interregional,1,0,0,0,0,1,3,1000.0,"(-1000.0, -29)"
8272,Weißenfels,51.201045,11.972454,1280,1650,y,1400,1000.0,29.727,0.072,0.0,11,25,1,local,0,1,0,0,0,1,3,1000.0,"(-1000.0, -25)"
7321,Stade,53.603069,9.476003,1209,1650,y,1400,1000.0,1.87,0.016,0.0,10,22,1,regional,1,1,0,1,1,1,3,1000.0,"(-1000.0, -22)"
8752,Zeitz,51.050307,12.134652,1147,1650,y,1400,1000.0,30.14,0.277,0.0,11,22,1,local,0,1,0,0,0,1,3,1000.0,"(-1000.0, -22)"
8901,Vlissingen,51.442123,3.572776,1315,1650,,1400,1000.0,0.349,0.186,6.809,7,16,0,,1,1,0,0,1,1,3,1000.0,"(-1000.0, -16)"
18118,Turku,60.450667,22.275951,1300,1650,,1400,1000.0,344.064,0.064,0.0,3,3,1,regional,1,0,0,0,0,1,3,1000.0,"(-1000.0, -3)"
5949,Pirna,50.962273,13.941934,1240,1650,,1400,1000.0,7.68,0.109,89.96,0,2,0,,1,1,0,0,0,1,3,1000.0,"(-1000.0, -2)"
4220,Gorzów Wielkopolski,52.731058,15.240125,1257,1650,,1400,1000.0,5.565,0.082,49.812,1,1,0,,0,1,0,0,0,1,3,1000.0,"(-1000.0, -1)"
11722,Hezelpoort,51.848398,5.85704,1230,1650,,1400,,0.172,0.161,0.553,25,91,0,,0,1,0,0,1,1,3,-1.0,"(1.0, -91)"
11690,,51.849767,5.865526,1230,1650,,1400,,0.285,0.139,0.278,25,89,0,,1,1,0,1,1,1,3,-1.0,"(1.0, -89)"
1484,Doesburg,52.01499,6.134222,1237,1650,,1400,,0.089,0.129,0.0,20,85,1,regional,1,0,0,0,0,1,3,-1.0,"(1.0, -85)"
839,Borken,51.844299,6.859231,1222,1650,,1400,,19.877,0.138,0.0,14,77,1,regional,0,0,0,0,0,1,3,-1.0,"(1.0, -77)"
2805,Hardenberg,52.57552,6.61681,1362,1650,,1400,,2.51,0.061,0.0,31,69,1,regional,1,0,0,0,0,1,3,-1.0,"(1.0, -69)"
4353,Lemgo,52.028386,8.901262,1190,1650,,1400,,15.982,0.206,0.0,18,69,1,regional,0,0,0,0,0,1,3,-1.0,"(1.0, -69)"
8884,Rinteln,52.187439,9.08,1239,1650,y,1400,,3.187,0.162,0.0,17,69,1,regional,1,0,0,0,0,1,3,-1.0,"(1.0, -69)"
4881,Meppen,52.690982,7.291888,1360,1650,y,1400,,5.905,0.132,0.0,14,66,1,regional,0,0,0,0,0,1,3,-1.0,"(1.0, -66)"
10587,,51.371192,6.167428,1343,1650,,1400,,2.273,0.077,0.154,20,66,0,,1,1,0,1,1,1,3,-1.0,"(1.0, -66)"
11811,,51.43515,6.762927,1145,1650,,1400,,0.636,0.081,17.475,21,65,0,,0,1,0,0,0,1,3,-1.0,"(1.0, -65)"
11812,,51.436748,6.75724,1145,1650,,1400,,0.629,0.14,17.842,21,65,0,,0,1,0,0,1,1,3,-1.0,"(1.0, -65)"
5092,Mühlhausen/Thüringen,51.207306,10.459939,1135,1650,y,1400,,24.464,0.157,0.0,18,64,1,regional,1,0,0,0,0,1,3,-1.0,"(1.0, -64)"
3240,Höxter,51.773997,9.381219,1150,1650,,1400,,3.67,0.075,0.0,33,62,1,regional,0,0,0,0,0,1,3,-1.0,"(1.0, -62)"
1753,Elburg,52.448446,5.833982,1233,1650,,1400,,13.719,0.1,0.0,24,61,1,regional,0,0,0,0,0,1,3,-1.0,"(1.0, -61)"
17,,51.41919,9.6528,1183,1650,y,1400,,4.148,0.03,15.393,27,60,0,,0,1,1,0,0,1,3,-1.0,"(1.0, -60)"
18,Hann. Münden,51.417743,9.65191,1183,1650,y,1400,,4.0,0.062,15.232,27,60,0,,0,1,0,0,0,1,3,-1.0,"(1.0, -60)"
8933,Bremer Schlagd,51.418997,9.650177,1183,1650,,1400,,3.994,0.052,15.257,27,60,0,,0,1,0,0,1,1,3,-1.0,"(1.0, -60)"
9290,Kasseler Schlagd,51.417357,9.649215,1183,1650,,1400,,3.826,0.096,15.076,27,60,0,,0,1,0,0,1,1,3,-1.0,"(1.0, -60)"
9291,Wanfrieder Schlagd,51.418839,9.65165,1183,1650,,1400,,4.061,0.052,15.311,27,60,0,,0,1,0,0,1,1,3,-1.0,"(1.0, -60)"
13630,,52.297088,5.161749,1353,1650,,1400,,0.583,0.035,20.147,15,58,0,,0,1,0,0,0,1,3,-1.0,"(1.0, -58)"
5131,Naarden,52.296587,5.162391,1353,1650,,1400,,0.631,0.035,20.21,15,58,0,,0,1,0,0,0,1,3,-1.0,"(1.0, -58)"
11907,Heusden,51.734005,5.137868,1286,1650,,1400,,1.355,0.059,11.647,17,57,0,,1,1,0,0,0,1,3,-1.0,"(1.0, -57)"
12795,,51.735053,5.137616,1286,1650,,1400,,1.238,0.059,11.57,17,57,0,,1,1,0,1,1,1,3,-1.0,"(1.0, -57)"
11636,,51.316143,9.508501,1180,1650,,1400,,0.051,0.155,0.224,16,56,0,,0,1,0,0,0,1,3,-1.0,"(1.0, -56)"
11637,Schlagd,51.316049,9.507041,1180,1650,,1400,,0.051,0.061,0.122,16,56,0,,0,1,0,0,1,1,3,-1.0,"(1.0, -56)"
11849,Oudewater,52.022978,4.872386,1257,1650,,1400,,0.096,0.096,11.166,21,56,0,,1,1,0,0,1,1,3,-1.0,"(1.0, -56)"
12707,,52.021649,4.870602,1257,1650,,1400,,0.096,0.077,11.028,21,56,0,,0,1,0,0,0,1,3,-1.0,"(1.0, -56)"
7369,Steenwijk,52.78694,6.116357,1296,1650,,1400,,0.932,0.137,0.0,20,56,1,regional,0,0,0,0,0,1,3,-1.0,"(1.0, -56)"
9344,,51.316588,9.510959,1180,1650,,1400,,0.089,0.174,0.401,16,56,0,,0,1,0,0,1,1,3,-1.0,"(1.0, -56)"
9346,,51.314434,9.505886,1180,1650,,1400,,0.227,0.079,0.158,16,56,0,,1,1,1,0,0,1,3,-1.0,"(1.0, -56)"
13982,,52.021493,4.870933,1257,1650,,1400,,0.099,0.07,11.049,21,56,0,,0,1,1,1,0,1,3,-1.0,"(1.0, -56)"
2840,Haselünne,52.673601,7.486447,1220,1650,y,1400,,6.69,0.116,0.0,12,55,1,regional,1,0,0,0,0,1,3,-1.0,"(1.0, -55)"
19525,,52.36923,4.891019,1300,1650,,1400,,0.841,0.043,0.44,11,54,0,,0,1,0,0,0,1,3,-1.0,"(1.0, -54)"
19526,,52.372476,4.893958,1300,1650,,1400,,0.429,0.012,0.115,11,54,0,,0,1,0,0,0,1,3,-1.0,"(1.0, -54)"
19537,Paulusbroedersluis,52.371494,4.896887,1300,1650,,1400,,0.481,0.04,0.342,11,54,0,,0,1,0,0,0,1,3,-1.0,"(1.0, -54)"
19535,Varkenssluis,52.371851,4.895852,1300,1650,,1400,,0.449,0.04,0.261,11,54,0,,0,1,0,0,0,1,3,-1.0,"(1.0, -54)"
19527,,52.37622,4.899628,1300,1650,,1400,,0.176,0.044,0.593,11,54,0,,0,1,0,0,0,1,3,-1.0,"(1.0, -54)"
19538,,52.371052,4.898518,1300,1650,,1400,,0.538,0.009,0.462,11,54,0,,0,1,0,0,0,1,3,-1.0,"(1.0, -54)"
19528,Nieuwe Brug,52.376816,4.898797,1300,1650,,1400,,0.159,0.028,0.593,11,54,0,,0,1,1,0,0,1,3,-1.0,"(1.0, -54)"
19539,Bushuissluis,52.370986,4.898754,1300,1650,,1400,,0.548,0.009,0.48,11,54,0,,0,1,0,0,0,1,3,-1.0,"(1.0, -54)"
14910,Rokin,52.372306,4.892819,1300,1650,y,1400,,0.487,0.044,0.087,11,54,0,,0,1,0,0,1,1,3,-1.0,"(1.0, -54)"
19529,,52.377477,4.89759,1300,1650,,1400,,0.188,0.008,0.597,11,54,0,,0,1,0,0,0,1,3,-1.0,"(1.0, -54)"
12840,,52.385612,4.882023,1300,1650,,1400,,1.496,0.688,1.567,10,54,0,,0,1,0,0,0,1,3,-1.0,"(1.0, -54)"
10785,,52.377087,4.896699,1300,1650,,1400,,0.144,0.037,0.527,11,54,0,,0,1,0,0,0,1,3,-1.0,"(1.0, -54)"
19547,,52.377136,4.898164,1300,1650,,1400,,0.163,0.027,0.59,11,54,0,,0,1,0,0,0,1,3,-1.0,"(1.0, -54)"
19530,Oude Brug,52.375525,4.897005,1300,1650,,1400,,0.033,0.026,0.406,11,54,0,,0,1,1,0,0,1,3,-1.0,"(1.0, -54)"
19531,,52.376066,4.895621,1300,1650,,1400,,0.106,0.03,0.392,11,54,0,,0,1,0,0,0,1,3,-1.0,"(1.0, -54)"
19532,,52.375158,4.897885,1300,1650,,1400,,0.089,0.036,0.429,11,54,0,,0,1,0,0,0,1,3,-1.0,"(1.0, -54)"
19533,Lange Brug,52.36923,4.89229,1300,1650,,1400,,0.802,0.043,0.428,11,54,0,,0,1,0,0,0,1,3,-1.0,"(1.0, -54)"
10786,Damrak,52.374318,4.894645,1300,1650,y,1400,,0.237,0.047,0.197,11,54,0,,0,1,0,0,1,1,3,-1.0,"(1.0, -54)"
19548,,52.377311,4.899601,1300,1650,,1400,,0.237,0.085,0.671,11,54,0,,0,1,0,0,0,1,3,-1.0,"(1.0, -54)"
19536,,52.372948,4.900213,1300,1650,,1400,,0.382,0.12,0.519,11,54,0,,0,1,0,0,0,1,3,-1.0,"(1.0, -54)"
19540,,52.370508,4.900647,1300,1650,,1400,,0.637,0.07,0.618,11,54,0,,0,1,0,0,0,1,3,-1.0,"(1.0, -54)"
19534,,52.372653,4.894141,1300,1650,,1400,,0.406,0.012,0.116,11,54,0,,0,1,0,0,0,1,3,-1.0,"(1.0, -54)"
19546,,52.375792,4.896372,1300,1650,,1400,,0.051,0.026,0.397,11,54,0,,0,1,0,0,0,1,3,-1.0,"(1.0, -54)"
12842,,52.377573,4.897774,1300,1650,,1400,,0.2,0.008,0.612,11,54,0,,0,1,0,1,0,1,3,-1.0,"(1.0, -54)"
12677,,52.086498,4.885618,1372,1650,,1400,,2.605,0.02,14.621,19,53,0,,0,1,0,0,0,1,3,-1.0,"(1.0, -53)"
11903,Woerden,52.086272,4.885158,1372,1650,,1400,,2.57,0.02,14.581,19,53,0,,1,1,0,0,1,1,3,-1.0,"(1.0, -53)"
12921,,51.194644,5.983897,1224,1650,,1400,,0.195,0.083,0.165,22,51,0,,0,1,0,0,1,1,3,-1.0,"(1.0, -51)"
14660,,51.197919,5.981903,1224,1650,,1400,,0.195,0.184,0.367,22,51,0,,1,1,0,1,0,1,3,-1.0,"(1.0, -51)"
12800,,51.589834,4.773145,1198,1650,,1400,,8.905,0.138,0.276,13,47,0,,0,1,0,0,1,1,3,-1.0,"(1.0, -47)"
16362,,51.58835,4.771352,1198,1650,,1400,,8.802,0.135,0.341,13,47,0,,0,1,1,0,0,1,3,-1.0,"(1.0, -47)"
11702,,50.974384,11.046882,1167,1650,,1400,,69.548,0.188,1.326,10,44,0,,0,1,0,0,0,1,3,-1.0,"(1.0, -44)"
9622,,50.982854,11.020513,1167,1650,,1400,,67.49,0.286,0.801,13,44,0,,0,1,0,0,0,1,3,-1.0,"(1.0, -44)"
9627,,50.97749,11.024909,1167,1650,,1400,,67.985,0.05,0.274,13,44,0,,0,1,0,0,0,1,3,-1.0,"(1.0, -44)"
9978,Krämerbrücke,50.978748,11.031328,1167,1650,y,1400,,68.358,0.102,0.204,13,44,0,,1,1,1,0,0,1,3,-1.0,"(1.0, -44)"
14098,,50.979265,11.034763,1167,1650,,1400,,68.564,0.089,0.447,10,44,0,,0,1,0,0,0,1,3,-1.0,"(1.0, -44)"
17410,,50.977738,11.035536,1167,1650,,1400,,68.673,0.072,0.474,10,44,0,,0,1,0,0,0,1,3,-1.0,"(1.0, -44)"
17411,,50.976524,11.034812,1167,1650,,1400,,68.673,0.03,0.448,10,44,0,,0,1,0,0,0,1,3,-1.0,"(1.0, -44)"
17412,,50.973855,11.027527,1167,1650,,1400,,68.298,0.066,0.455,13,44,0,,0,1,0,0,0,1,3,-1.0,"(1.0, -44)"
17413,,50.976078,11.03435,1167,1650,,1400,,68.659,0.03,0.438,10,44,0,,0,1,0,0,0,1,3,-1.0,"(1.0, -44)"
17463,Lehmannsbrücke,50.98071,11.027924,1167,1650,y,1400,,68.06,0.145,0.322,13,44,0,,0,1,1,0,0,1,3,-1.0,"(1.0, -44)"
17464,Schlösserbrücke,50.97686,11.030585,1167,1650,y,1400,,68.382,0.085,0.169,13,44,0,,0,1,1,0,0,1,3,-1.0,"(1.0, -44)"
17465,Lange Brücke,50.974948,11.026765,1167,1650,y,1400,,68.206,0.066,0.354,13,44,0,,0,1,1,0,0,1,3,-1.0,"(1.0, -44)"
17466,Roßbrücke,50.97358,11.022602,1167,1650,y,1400,,67.986,0.173,0.644,13,44,0,,0,1,1,0,0,1,3,-1.0,"(1.0, -44)"
17467,Löberbrücke,50.972204,11.030279,1167,1650,,1400,,68.543,0.133,0.639,13,44,0,,0,1,1,0,0,1,3,-1.0,"(1.0, -44)"
17468,Augustbrücke,50.974186,11.035831,1167,1650,,1400,,68.83,0.117,0.642,10,44,0,,0,1,1,0,0,1,3,-1.0,"(1.0, -44)"
17469,Krämpferbrücke,50.978604,11.037505,1167,1650,y,1400,,68.77,0.084,0.617,10,44,0,,0,1,1,0,0,1,3,-1.0,"(1.0, -44)"
17470,Johannesbrücke,50.983446,11.029388,1167,1650,y,1400,,68.052,0.092,0.622,13,44,0,,0,1,0,0,0,1,3,-1.0,"(1.0, -44)"
17471,Löbertorbrücke,50.969698,11.031218,1167,1650,y,1400,,68.704,0.143,0.924,13,44,0,,0,1,1,0,0,1,3,-1.0,"(1.0, -44)"
17472,Schmidtstedtertorbrücke,50.974359,11.041507,1167,1650,y,1400,,69.196,0.188,0.973,10,44,0,,0,1,1,0,0,1,3,-1.0,"(1.0, -44)"
17473,Krämpfertorbrücke,50.980327,11.039897,1167,1650,y,1400,,68.862,0.127,0.825,10,44,0,,0,1,1,0,0,1,3,-1.0,"(1.0, -44)"
17474,Johannestorbrücke,50.986379,11.027945,1167,1650,y,1400,,67.848,0.171,0.948,15,44,0,,0,1,1,0,0,1,3,-1.0,"(1.0, -44)"
17475,,50.982263,11.031239,1167,1650,,1400,,68.219,0.092,0.518,13,44,0,,0,1,0,0,0,1,3,-1.0,"(1.0, -44)"
17476,,50.978277,11.024222,1167,1650,,1400,,67.909,0.05,0.322,13,44,0,,0,1,0,0,0,1,3,-1.0,"(1.0, -44)"
7973,Vechta,52.728249,8.285466,1269,1650,y,1400,,51.525,1.052,0.0,10,42,1,regional,0,0,0,0,0,1,3,-1.0,"(1.0, -42)"
5421,Nieuwstadt,51.036805,5.860058,1242,1650,y,1400,,6.448,1.053,0.0,14,37,1,regional,0,0,0,0,0,1,3,-1.0,"(1.0, -37)"
2036,Friesoythe,53.020459,7.858919,1366,1650,y,1400,,11.784,1.128,0.0,13,36,1,regional,1,0,0,0,1,1,3,-1.0,"(1.0, -36)"
12625,,51.815016,4.660896,1220,1650,,1400,,0.623,0.214,5.728,18,36,0,,0,1,0,1,0,1,3,-1.0,"(1.0, -36)"
12780,,51.819893,4.670869,1220,1650,,1400,,0.294,0.226,5.955,18,36,0,,0,1,0,0,0,1,3,-1.0,"(1.0, -36)"
13437,,51.818733,4.675438,1220,1650,,1400,,0.463,0.167,6.29,18,36,0,,0,1,0,1,0,1,3,-1.0,"(1.0, -36)"
14863,,51.818038,4.670721,1220,1650,,1400,,0.132,0.167,6.06,18,36,0,,0,1,0,0,0,1,3,-1.0,"(1.0, -36)"
14903,,51.814815,4.667026,1220,1650,,1400,,0.33,0.018,6.067,18,36,0,,0,1,0,0,0,1,3,-1.0,"(1.0, -36)"
18157,haven dordrecht,51.813839,4.659768,1220,1650,,1400,,0.755,0.212,5.757,18,36,0,,0,1,0,0,1,0,3,-1.0,"(1.0, -36)"
12148,,52.629356,4.755565,1254,1650,,1400,,0.63,0.228,29.968,3,34,0,,0,1,0,0,1,1,3,-1.0,"(1.0, -34)"
11443,,51.858351,12.044306,1271,1650,y,1400,,5.272,0.171,41.15,5,32,0,,1,1,0,0,1,1,3,-1.0,"(1.0, -32)"
112,Aken,51.855297,12.044939,1271,1650,y,1400,,5.57,0.171,41.431,5,32,0,,1,1,0,0,0,1,3,-1.0,"(1.0, -32)"
8935,Kleine Schlachte,53.07209,8.80893,965,1650,,1400,,0.035,0.143,0.435,8,31,0,,0,1,0,0,1,1,3,-1.0,"(1.0, -31)"
9651,,53.072094,8.807886,965,1650,,1400,,0.035,0.164,0.423,8,31,0,,0,1,0,0,0,1,3,-1.0,"(1.0, -31)"
11897,Goedereede,51.818178,3.977549,1312,1650,,1400,,19.087,8.369,42.749,5,30,0,,1,1,0,1,1,1,3,-1.0,"(1.0, -30)"
9542,,52.127033,11.651974,1188,1650,y,1400,,2.17,0.049,1.023,9,29,0,,0,1,0,1,0,1,3,-1.0,"(1.0, -29)"
11519,,52.128172,11.642789,1188,1650,y,1400,,2.525,0.141,0.461,9,29,0,,0,1,1,0,0,1,3,-1.0,"(1.0, -29)"
19942,,52.131943,11.63686,1188,1650,,1400,,3.091,0.074,0.149,9,29,0,,0,1,0,0,0,1,3,-1.0,"(1.0, -29)"
12767,,51.90625,4.165864,1330,1650,,1400,,8.868,0.225,30.33,6,29,0,,0,1,0,1,1,1,3,-1.0,"(1.0, -29)"
991,Brielle,51.902257,4.164831,1330,1650,,1400,,9.101,0.225,30.311,6,29,0,,0,1,0,0,0,1,3,-1.0,"(1.0, -29)"
13405,,52.129381,11.643691,1188,1650,,1400,,2.616,0.106,0.406,9,29,0,,0,1,0,0,1,1,3,-1.0,"(1.0, -29)"
13407,,52.130336,11.635913,1188,1650,,1400,,2.976,0.095,0.25,9,29,0,,0,1,0,0,0,1,3,-1.0,"(1.0, -29)"
8979,Stau,53.140241,8.217053,1345,1650,,1400,,27.533,0.113,0.226,10,29,0,,0,1,0,0,1,1,3,-1.0,"(1.0, -29)"
9606,,53.140346,8.212924,1345,1650,,1400,,27.703,0.095,0.19,10,29,0,,0,1,0,0,0,1,3,-1.0,"(1.0, -29)"
10412,,51.85834,12.05705,1271,1650,y,1400,,4.939,0.449,41.744,5,29,0,,0,1,0,1,0,1,3,-1.0,"(1.0, -29)"
16278,,52.130509,11.641203,1188,1650,,1400,,2.805,0.097,0.195,9,29,0,,0,1,0,0,0,1,3,-1.0,"(1.0, -29)"
9226,Neustadt,53.072859,8.799608,965,1650,,1400,,0.37,0.16,0.619,8,28,0,,0,1,0,0,0,1,3,-1.0,"(1.0, -28)"
8939,Schlachte,53.077288,8.800285,965,1650,y,1400,,0.086,0.039,0.5,8,28,0,,0,1,0,0,1,1,3,-1.0,"(1.0, -28)"
8940,Balge,53.07537,8.80635,965,1650,,1400,,0.16,0.042,0.09,8,28,0,,0,1,0,0,1,1,3,-1.0,"(1.0, -28)"
8941,,53.073386,8.804305,965,1650,,1400,,0.079,0.16,0.346,8,28,0,,1,1,1,0,0,1,3,-1.0,"(1.0, -28)"
9227,,53.074656,8.809272,965,1650,,1400,,0.177,0.093,0.186,8,28,0,,0,1,0,0,0,1,3,-1.0,"(1.0, -28)"
9355,Stintbrücke,53.075689,8.806253,965,1650,,1400,,0.15,0.01,0.079,8,28,0,,1,1,0,0,0,1,3,-1.0,"(1.0, -28)"
9650,,53.075981,8.801675,965,1650,,1400,,0.086,0.169,0.382,8,28,0,,0,1,0,0,0,1,3,-1.0,"(1.0, -28)"
17880,,53.077782,8.801122,965,1650,,1400,,0.128,0.039,0.469,8,28,0,,0,1,0,0,0,1,3,-1.0,"(1.0, -28)"
17881,,53.075815,8.806481,965,1650,,1400,,0.166,0.01,0.061,8,28,0,,0,1,0,0,0,1,3,-1.0,"(1.0, -28)"
17883,,53.076412,8.797216,965,1650,,1400,,0.253,0.154,0.682,8,28,0,,0,1,0,0,0,0,3,-1.0,"(1.0, -28)"
17884,,53.074417,8.79403,965,1650,,1400,,0.526,0.154,0.907,8,28,0,,0,1,0,0,0,1,3,-1.0,"(1.0, -28)"
11788,,53.247458,10.413513,1247,1650,,1400,,10.189,0.041,0.415,7,27,0,,0,1,0,0,0,1,3,-1.0,"(1.0, -27)"
11789,,53.246835,10.414162,1247,1650,y,1400,,10.107,0.041,0.494,7,27,0,,0,1,0,0,1,1,3,-1.0,"(1.0, -27)"
8982,Bäckerstraße,53.2488,10.40886,1247,1650,y,1400,,10.132,0.064,0.128,7,27,0,,1,1,0,0,0,1,3,-1.0,"(1.0, -27)"
8983,,53.25136,10.41335,1247,1650,y,1400,,10.119,0.141,0.337,7,27,0,,0,1,0,0,1,1,3,-1.0,"(1.0, -27)"
9655,,53.251462,10.409071,1247,1650,,1400,,9.918,0.084,0.169,7,27,0,,0,1,0,0,0,1,3,-1.0,"(1.0, -27)"
11909,Reimerswaal,51.503784,4.171237,1375,1631,,1400,,14.248,0.102,28.149,10,27,0,,0,1,0,0,0,0,3,-1.0,"(1.0, -27)"
16231,,51.503109,4.173991,1375,1631,,1400,,14.173,0.102,28.134,10,27,0,,1,1,0,0,1,0,3,-1.0,"(1.0, -27)"
16232,,51.507392,4.176376,1375,1631,,1400,,13.712,0.268,28.637,10,27,0,,0,1,0,1,0,1,3,-1.0,"(1.0, -27)"
11328,,51.202681,11.966501,1280,1650,,1400,,30.08,0.226,0.453,11,26,0,,0,1,0,0,0,1,3,-1.0,"(1.0, -26)"
9417,,53.247308,10.409138,1247,1650,,1400,,10.27,0.083,0.294,7,26,0,,0,1,0,0,0,1,3,-1.0,"(1.0, -26)"
10940,,51.199756,11.972437,1280,1650,,1400,,29.767,0.072,0.143,11,25,0,,0,1,0,0,0,1,3,-1.0,"(1.0, -25)"
10941,,51.198936,11.974347,1280,1650,,1400,,29.664,0.081,0.269,11,25,0,,0,1,0,0,0,1,3,-1.0,"(1.0, -25)"
17147,,51.223609,4.403039,1350,1650,,1400,,6.457,0.172,0.343,5,25,0,,0,1,0,0,0,1,3,-1.0,"(1.0, -25)"
17882,,53.080478,8.79756,965,1650,,1400,,0.485,0.191,0.832,8,25,0,,0,1,0,0,0,1,3,-1.0,"(1.0, -25)"
280,Appingedam,53.321987,6.856009,1327,1650,,1400,,2.334,0.051,0.0,5,23,1,regional,0,0,0,0,0,1,3,-1.0,"(1.0, -23)"
12623,Werf,51.22365,4.396928,1350,1650,,1400,,6.243,0.168,0.336,5,23,0,,1,1,0,0,1,1,3,-1.0,"(1.0, -23)"
13378,,51.219011,4.395591,1350,1650,,1400,,5.749,0.154,0.388,5,23,0,,0,1,0,1,0,1,3,-1.0,"(1.0, -23)"
13865,,51.220656,4.399159,1350,1650,,1400,,6.035,0.041,0.082,5,23,0,,0,1,0,0,0,1,3,-1.0,"(1.0, -23)"
10075,Auebrücke,51.055019,12.137194,1147,1650,y,1400,,29.61,0.053,0.553,11,22,0,,1,1,1,0,0,1,3,-1.0,"(1.0, -22)"
17772,,53.603244,9.475622,1209,1650,,1400,,1.876,0.016,0.032,10,22,0,,0,1,0,0,0,1,3,-1.0,"(1.0, -22)"
12620,,51.025439,4.476981,1350,1650,,1400,,2.881,0.026,22.428,3,21,0,,0,1,0,0,0,1,3,-1.0,"(1.0, -21)"
12619,,51.027011,4.474637,1350,1650,,1400,,2.643,0.12,22.22,3,21,0,,1,1,0,0,0,1,3,-1.0,"(1.0, -21)"
14621,,51.025084,4.476503,1350,1650,,1400,,2.893,0.026,22.459,3,21,0,,0,1,0,0,0,1,3,-1.0,"(1.0, -21)"
18108,,51.036189,4.475909,1350,1650,,1400,,1.992,0.471,21.251,3,21,0,,0,1,0,0,0,1,3,-1.0,"(1.0, -21)"
9450,Stadersand,53.625845,9.517738,1209,1650,,1400,,1.87,3.743,3.741,10,20,0,,1,1,0,0,0,1,3,-1.0,"(1.0, -20)"
2151,Gelnhausen,50.202744,9.190682,1170,1650,,1400,,22.339,5.685,0.0,7,19,1,regional,1,0,0,0,0,1,3,-1.0,"(1.0, -19)"
9664,,53.92515,9.516506,1238,1650,,1400,,3.71,0.149,0.578,9,18,0,,0,1,0,0,0,1,3,-1.0,"(1.0, -18)"
3344,Itzehoe,53.919961,9.515891,1238,1650,y,1400,,3.523,0.154,0.0,9,18,1,regional,0,1,0,0,0,1,3,-1.0,"(1.0, -18)"
10624,,53.917185,9.515869,1238,1650,y,1400,,3.479,0.154,0.309,9,18,0,,0,1,1,0,1,1,3,-1.0,"(1.0, -18)"
10625,,53.922846,9.518852,1238,1650,,1400,,3.783,0.149,0.375,9,18,0,,0,1,0,0,0,1,3,-1.0,"(1.0, -18)"
11937,Axel,51.265287,3.908526,1183,1650,,1400,,0.288,2.094,10.021,9,18,0,,1,1,0,0,1,0,3,-1.0,"(1.0, -18)"
11964,Hughevliet,51.35382,3.657722,1200,1404,y,1400,,11.103,3.189,3.411,7,16,0,,0,1,0,0,1,0,3,-1.0,"(1.0, -16)"
11912,Westkapelle,51.527703,3.441499,1223,1650,,1400,,13.506,2.77,0.0,6,16,1,regional,0,0,0,0,1,1,3,-1.0,"(1.0, -16)"
13340,,51.43841,3.575799,1315,1650,,1400,,0.128,0.231,7.115,7,16,0,,0,1,0,1,1,1,3,-1.0,"(1.0, -16)"
4858,Meldorf,54.089795,9.071814,1227,1559,y,1400,,26.327,1.581,0.0,8,15,1,regional,0,0,0,0,0,1,3,-1.0,"(1.0, -15)"
10713,Skanör,55.419171,12.849655,1250,1650,,1400,,151.483,0.597,0.0,4,13,1,interregional,1,0,0,0,1,1,3,-1.0,"(1.0, -13)"
12641,,51.05941,3.724315,1350,1650,,1400,,0.42,0.04,30.043,6,11,0,,0,1,0,0,1,1,3,-1.0,"(1.0, -11)"
12642,,51.054649,3.72572,1350,1650,,1400,,0.19,0.074,30.579,6,11,0,,0,1,0,0,0,1,3,-1.0,"(1.0, -11)"
8010,Viborg,56.450688,9.411301,1060,1650,,1400,,58.913,0.073,0.0,5,11,1,regional,1,0,0,0,0,1,3,-1.0,"(1.0, -11)"
12638,,51.052518,3.734538,1350,1650,,1400,,0.13,0.151,30.877,4,11,0,,0,1,0,0,1,1,3,-1.0,"(1.0, -11)"
12806,,51.056402,3.721864,1350,1650,,1400,,0.047,0.166,30.361,6,11,0,,0,1,0,0,1,1,3,-1.0,"(1.0, -11)"
12807,,51.060415,3.713136,1350,1650,,1400,,0.373,0.536,29.871,6,11,0,,0,1,0,0,0,1,3,-1.0,"(1.0, -11)"
12810,,51.057699,3.707582,1350,1650,,1400,,0.661,0.559,29.996,6,11,0,,0,1,0,0,0,1,3,-1.0,"(1.0, -11)"
13860,,51.060044,3.724827,1350,1650,,1400,,0.499,0.04,29.976,6,11,0,,0,1,0,0,0,1,3,-1.0,"(1.0, -11)"
17697,,51.05666,3.741746,1350,1650,,1400,,0.618,0.471,30.48,8,11,0,,0,1,0,0,0,1,3,-1.0,"(1.0, -11)"
17919,,51.053769,3.722305,1350,1650,,1400,,0.196,0.078,30.655,4,11,0,,0,1,0,0,0,1,3,-1.0,"(1.0, -11)"
17925,,51.049889,3.72871,1350,1650,,1400,,0.239,0.157,31.126,4,11,0,,0,1,0,0,0,1,3,-1.0,"(1.0, -11)"
17926,,51.049066,3.719999,1350,1650,,1400,,0.308,0.564,31.164,4,11,0,,0,1,0,0,0,1,3,-1.0,"(1.0, -11)"
17927,,51.054833,3.734043,1350,1650,,1400,,0.121,0.171,30.617,4,11,0,,0,1,0,0,0,1,3,-1.0,"(1.0, -11)"
17928,,51.053956,3.730888,1350,1650,,1400,,0.121,0.136,30.691,4,11,0,,0,1,0,0,1,1,3,-1.0,"(1.0, -11)"
17929,,51.055817,3.728346,1350,1650,,1400,,0.035,0.112,30.467,6,11,0,,0,1,0,0,0,1,3,-1.0,"(1.0, -11)"
17930,,51.055824,3.7209,1350,1650,,1400,,0.047,0.205,30.42,6,11,0,,0,1,0,0,0,1,3,-1.0,"(1.0, -11)"
18003,,51.044347,3.736253,1350,1650,,1400,,0.956,0.656,31.793,4,11,0,,0,1,0,0,0,1,3,-1.0,"(1.0, -11)"
19678,,51.209221,3.222862,1127,1650,,1400,,0.157,0.057,0.115,6,9,0,,0,1,0,0,0,1,3,-1.0,"(1.0, -9)"
12601,,51.210474,3.22483,1127,1650,,1400,,0.086,0.097,0.194,6,9,0,,0,1,0,0,1,1,3,-1.0,"(1.0, -9)"
12811,,51.20063,3.224534,1127,1650,,1400,,1.01,0.108,0.904,6,9,0,,0,1,0,0,0,1,3,-1.0,"(1.0, -9)"
14048,,51.220369,3.232335,1127,1650,,1400,,0.097,1.091,1.406,6,9,0,,0,1,0,0,0,1,3,-1.0,"(1.0, -9)"
16355,Monnikerede,51.276175,3.309179,1266,1594,,1400,,1.216,1.949,9.543,6,9,0,,1,1,0,0,1,1,3,-1.0,"(1.0, -9)"
17325,Waterhalle,51.208938,3.225126,1127,1650,,1400,,0.086,0.029,0.059,6,9,0,,0,1,0,0,1,1,3,-1.0,"(1.0, -9)"
17326,,51.208454,3.225056,1127,1650,,1400,,0.139,0.03,0.061,6,9,0,,0,1,0,0,0,1,3,-1.0,"(1.0, -9)"
17843,,51.20145,3.227341,1127,1650,,1400,,0.933,0.108,0.839,6,9,0,,0,1,0,0,0,1,3,-1.0,"(1.0, -9)"
17844,,51.20676,3.222304,1127,1650,,1400,,0.377,0.132,0.263,6,9,0,,0,1,0,0,0,1,3,-1.0,"(1.0, -9)"
10400,Vordingborg,55.00815943,11.91050695,1200,1650,,1400,,111.646,0.047,0.0,3,8,1,regional,0,0,0,0,1,1,3,-1.0,"(1.0, -8)"
11758,Mühlendamm,52.515043,13.406904,1244,1650,y,1400,,0.062,0.072,0.374,3,7,0,,0,1,1,0,0,1,3,-1.0,"(1.0, -7)"
11759,,52.517186,13.404293,1244,1650,y,1400,,0.263,0.117,0.235,3,7,0,,0,1,1,0,1,1,3,-1.0,"(1.0, -7)"
4955,Miltenberg,49.699422,9.252039,1225,1650,,1400,,6.49,0.045,56.139,0,7,0,,0,1,0,0,0,1,3,-1.0,"(1.0, -7)"
13819,,52.516341,13.408468,1244,1650,,1400,,0.221,0.081,0.246,3,7,0,,0,1,0,0,0,1,3,-1.0,"(1.0, -7)"
14168,,52.515021,13.409484,1244,1650,,1400,,0.1,0.081,0.408,3,7,0,,0,1,0,0,1,1,3,-1.0,"(1.0, -7)"
17756,,49.700383,9.244893,1225,1650,,1400,,6.144,0.052,55.995,0,7,0,,0,1,0,0,0,1,3,-1.0,"(1.0, -7)"
17757,,49.700231,9.251963,1225,1650,,1400,,6.41,0.045,56.049,0,7,0,,0,1,0,0,1,1,3,-1.0,"(1.0, -7)"
17758,,49.701304,9.245135,1225,1650,,1400,,6.061,0.052,55.894,0,7,0,,0,1,0,1,0,1,3,-1.0,"(1.0, -7)"
17767,,49.701101,9.257312,1225,1650,,1400,,6.541,0.211,55.984,0,7,0,,0,1,0,0,0,1,3,-1.0,"(1.0, -7)"
4625,Luckau,51.852601,13.715322,1250,1650,,1400,,57.691,0.134,76.957,0,5,0,,0,1,0,0,0,1,3,-1.0,"(1.0, -5)"
500,Beeskow,52.17187,14.246516,1272,1650,,1400,,18.892,0.438,68.817,0,4,0,,0,1,0,0,0,1,3,-1.0,"(1.0, -4)"
1665,Eberswalde,52.833374,13.821509,1300,1650,,1400,,0.275,0.128,44.801,3,4,0,,1,1,0,0,0,1,3,-1.0,"(1.0, -4)"
5574,Oderberg,52.865779,14.044556,1259,1650,,1400,,2.743,0.056,39.304,1,4,0,,0,1,0,0,0,1,3,-1.0,"(1.0, -4)"
13702,Niederlage,52.345024,14.557207,1253,1650,,1400,,4.475,0.088,68.993,0,4,0,,0,1,0,0,1,1,3,-1.0,"(1.0, -4)"
14094,,52.864845,14.045158,1259,1650,,1400,,2.699,0.056,39.295,1,4,0,,0,1,0,0,1,1,3,-1.0,"(1.0, -4)"
14122,,52.344834,14.554629,1253,1650,,1400,,4.478,0.048,69.023,0,4,0,,0,1,0,0,0,1,3,-1.0,"(1.0, -4)"
14123,,52.346428,14.554072,1253,1650,,1400,,4.299,0.08,68.848,0,4,0,,0,1,0,0,0,1,3,-1.0,"(1.0, -4)"
14124,,52.347265,14.556805,1253,1650,,1400,,4.224,0.078,68.745,0,4,0,,1,1,1,0,0,1,3,-1.0,"(1.0, -4)"
14125,,52.347306,14.552216,1253,1650,,1400,,4.194,0.08,68.757,0,4,0,,0,1,0,0,0,1,3,-1.0,"(1.0, -4)"
14148,,52.835851,13.822281,1300,1650,,1400,,0.037,0.14,45.049,3,4,0,,0,1,0,0,1,1,3,-1.0,"(1.0, -4)"
16245,,52.835831,13.821194,1300,1650,,1400,,0.037,0.143,45.001,3,4,0,,0,1,0,0,0,1,3,-1.0,"(1.0, -4)"
16443,,52.169138,14.25379,1272,1650,,1400,,19.344,0.089,69.398,0,4,0,,0,1,1,0,0,0,3,-1.0,"(1.0, -4)"
3574,Košice,48.720509,21.257458,1347,1650,,1400,,501.484,15.412,0.0,3,3,1,regional,1,1,0,0,0,0,3,-1.0,"(1.0, -3)"
13928,,54.098761,13.381161,1250,1650,,1400,,2.219,0.081,0.298,1,2,0,,0,1,0,0,1,1,3,-1.0,"(1.0, -2)"
19743,,54.099237,13.378756,1250,1650,,1400,,2.381,0.017,0.38,1,2,0,,0,1,0,0,0,1,3,-1.0,"(1.0, -2)"
16168,,50.964226,13.941885,1240,1650,,1400,,7.753,0.109,89.881,0,2,0,,0,1,0,0,1,1,3,-1.0,"(1.0, -2)"
18165,Steinbecker Brücke,54.098937,13.378708,1250,1650,,1400,,2.38,0.017,0.351,1,2,0,,0,1,1,0,0,1,3,-1.0,"(1.0, -2)"
2106,Gartz,53.208154,14.391804,1249,1650,,1400,,3.891,0.106,30.654,1,1,0,,1,1,0,0,0,1,3,-1.0,"(1.0, -1)"
3500,Kalisz Pomorski ,53.297911,15.905313,1303,1650,,1400,,59.382,0.092,94.187,0,1,0,,0,1,0,0,0,1,3,-1.0,"(1.0, -1)"
13703,,53.424398,14.563523,1243,1650,,1400,,10.19,0.13,51.194,0,1,0,,0,1,0,0,1,1,3,-1.0,"(1.0, -1)"
14084,,53.20631,14.392662,1249,1650,,1400,,3.976,0.106,30.446,1,1,0,,0,1,0,0,1,1,3,-1.0,"(1.0, -1)"
14396,,53.422178,14.560474,1243,1650,,1400,,9.933,0.11,50.96,0,1,0,,0,1,1,0,0,1,3,-1.0,"(1.0, -1)"
14497,,52.729008,15.240647,1257,1650,,1400,,5.542,0.034,49.962,1,1,0,,0,1,1,0,0,1,3,-1.0,"(1.0, -1)"
14498,,52.729577,15.240244,1257,1650,,1400,,5.565,0.034,49.905,1,1,0,,1,1,0,0,1,1,3,-1.0,"(1.0, -1)"
14499,,52.721413,15.25104,1257,1650,,1400,,4.986,0.548,51.003,0,1,0,,1,1,0,0,0,1,3,-1.0,"(1.0, -1)"
16680,,53.296404,15.904137,1303,1650,,1400,,59.198,0.092,94.05,0,1,0,,0,1,0,0,0,1,3,-1.0,"(1.0, -1)"
11070,Malá Strana,50.088502,14.404609,1350,1650,,1400,,98.104,0.28,173.87,0,0,0,,0,1,0,0,0,1,3,-1.0,"(1.0, 0)"
11379,,54.005669,15.984292,1107,1650,,1400,,120.296,0.2,147.295,0,0,0,,0,1,0,0,0,1,3,-1.0,"(1.0, 0)"
11380,,54.003887,15.993314,1107,1650,,1400,,120.641,0.111,147.511,0,0,0,,0,1,0,0,0,1,3,-1.0,"(1.0, 0)"
11770,,54.158661,19.399598,1246,1650,,1400,,1.393,0.116,343.133,0,0,0,,0,1,0,0,0,1,3,-1.0,"(1.0, 0)"
517,Białogard,54.004568,15.990118,1107,1650,,1400,,120.522,0.111,147.439,0,0,0,,0,1,0,0,0,1,3,-1.0,"(1.0, 0)"
12304,,56.946622,24.104832,1350,1650,,1400,,10.025,0.099,367.512,0,0,0,,0,1,0,1,1,1,3,-1.0,"(1.0, 0)"
4342,Litoměřice,50.53409,14.131664,1220,1650,,1400,,45.625,5.522,125.585,0,0,0,,1,1,0,0,0,0,3,-1.0,"(1.0, 0)"
7806,Trzebiatów,54.062885,15.265714,1245,1650,,1400,,86.498,0.39,123.0,0,0,0,,0,1,0,0,0,1,3,-1.0,"(1.0, 0)"
8875,Darłowo,54.422131,16.410991,1271,1650,,1400,,145.338,1.756,199.866,0,0,0,,0,1,0,0,0,1,3,-1.0,"(1.0, 0)"
19787,Altstadtbrücke,51.157718,14.99417,1200,1650,,1400,,70.521,0.038,158.004,0,0,0,,0,1,1,0,0,1,3,-1.0,"(1.0, 0)"
13008,,56.950056,24.105399,1350,1650,,1400,,9.75,0.125,367.13,0,0,0,,0,1,0,0,0,1,3,-1.0,"(1.0, 0)"
16550,,54.159453,19.390792,1246,1650,,1400,,1.072,0.086,342.629,0,0,0,,0,1,0,0,1,1,3,-1.0,"(1.0, 0)"
16551,,54.157914,19.391167,1246,1650,,1400,,1.245,0.086,342.59,0,0,0,,0,1,0,0,0,1,3,-1.0,"(1.0, 0)"
17345,Karlův most,50.086442,14.411767,1350,1650,,1400,,98.457,0.28,174.383,0,0,0,,1,1,1,0,0,1,3,-1.0,"(1.0, 0)"
11722,Hezelpoort,51.848398,5.85704,1230,1650,,1450,,0.172,0.161,0.553,36,110,0,,0,1,0,0,1,1,3,-1.0,"(1.0, -110)"
11690,,51.849767,5.865526,1230,1650,,1450,,0.285,0.139,0.278,36,108,0,,1,1,0,1,1,1,3,-1.0,"(1.0, -108)"
1484,Doesburg,52.01499,6.134222,1237,1650,,1450,,0.089,0.129,0.0,30,108,1,regional,1,0,0,0,0,1,3,-1.0,"(1.0, -108)"
5430,Nijmegen,51.847301,5.864896,1230,1650,,1450,,0.432,0.139,0.0,36,108,1,regional,0,1,0,0,0,1,3,-1.0,"(1.0, -108)"
11408,,51.9799448,5.8990024,1233,1650,,1450,,0.399,0.055,0.832,35,106,0,,0,1,0,1,0,1,3,-1.0,"(1.0, -106)"
11149,,51.980727,5.899969,1233,1650,,1450,,0.383,0.055,0.787,35,106,0,,0,1,0,0,1,1,3,-1.0,"(1.0, -106)"
296,Arnhem,51.978705,5.910977,1233,1650,,1450,,0.37,0.14,0.0,35,106,1,regional,1,1,0,0,0,1,3,-1.0,"(1.0, -106)"
9886,,51.976552,5.908878,1233,1650,,1450,,0.297,0.14,0.279,35,106,0,,0,1,0,0,1,1,3,-1.0,"(1.0, -106)"
13895,,51.979661,5.907061,1233,1650,,1450,,0.213,0.144,0.289,35,106,0,,0,1,0,0,0,1,3,-1.0,"(1.0, -106)"
17802,,51.981705,5.901128,1233,1650,,1450,,0.409,0.067,0.753,35,106,0,,0,1,0,0,0,1,3,-1.0,"(1.0, -106)"
8853,Zutphen,52.141452,6.195327,1191,1650,,1450,,0.346,0.054,0.0,32,101,1,regional,1,0,0,0,0,1,3,-1.0,"(1.0, -101)"
839,Borken,51.844299,6.859231,1222,1650,,1450,,19.877,0.138,0.0,15,100,1,regional,0,0,0,0,0,1,3,-1.0,"(1.0, -100)"
2396,Grave,51.759622,5.741361,1279,1650,,1450,,3.736,0.061,0.0,27,100,1,regional,0,0,0,0,0,1,3,-1.0,"(1.0, -100)"
1417,Deventer,52.251815,6.160268,1123,1650,,1450,,0.252,0.086,0.0,40,94,1,regional,1,0,0,0,0,1,3,-1.0,"(1.0, -94)"
11343,,52.514304,6.089266,1230,1650,y,1450,,0.529,0.164,0.328,36,90,0,,0,1,0,0,1,1,3,-1.0,"(1.0, -90)"
8866,Zwolle,52.51226,6.092754,1230,1650,y,1450,,0.305,0.164,0.0,36,90,1,regional,1,1,0,0,0,1,3,-1.0,"(1.0, -90)"
2805,Hardenberg,52.57552,6.61681,1362,1650,,1450,,2.51,0.061,0.0,33,86,1,regional,1,0,0,0,0,1,3,-1.0,"(1.0, -86)"
1240,Coevorden,52.661176,6.741299,1407,1650,,1450,,10.194,0.124,0.0,28,85,1,regional,1,0,0,0,0,1,3,-1.0,"(1.0, -85)"
3541,Kampen ,52.55863,5.916728,1230,1650,,1450,,0.33,0.028,0.0,29,85,1,regional,0,0,0,0,0,1,3,-1.0,"(1.0, -85)"
8000,Venlo,51.370573,6.169413,1343,1650,,1450,,2.382,0.077,0.0,28,84,1,regional,1,1,0,0,0,1,3,-1.0,"(1.0, -84)"
10587,,51.371192,6.167428,1343,1650,,1450,,2.273,0.077,0.154,28,84,0,,1,1,0,1,1,1,3,-1.0,"(1.0, -84)"
4881,Meppen,52.690982,7.291888,1360,1650,y,1450,,5.905,0.132,0.0,18,83,1,regional,0,0,0,0,0,1,3,-1.0,"(1.0, -83)"
5092,Mühlhausen/Thüringen,51.207306,10.459939,1135,1650,y,1450,,24.464,0.157,0.0,18,83,1,regional,1,0,0,0,0,1,3,-1.0,"(1.0, -83)"
1753,Elburg,52.448446,5.833982,1233,1650,,1450,,13.719,0.1,0.0,29,82,1,regional,0,0,0,0,0,1,3,-1.0,"(1.0, -82)"
0,Göttingen,51.532781,9.935188,1230,1650,y,1450,,21.013,0.053,0.0,25,80,1,regional,1,0,0,0,0,1,3,-1.0,"(1.0, -80)"
11811,,51.43515,6.762927,1145,1650,,1450,,0.636,0.081,14.906,28,80,0,,0,1,0,0,0,1,3,-1.0,"(1.0, -80)"
11812,,51.436748,6.75724,1145,1650,,1450,,0.629,0.14,15.092,28,80,0,,0,1,0,0,1,1,3,-1.0,"(1.0, -80)"
1611,Duisburg,51.435337,6.760599,1145,1650,,1450,,0.646,0.081,15.014,28,80,0,,0,1,0,0,0,1,3,-1.0,"(1.0, -80)"
2807,Harderwijk,52.350136,5.618408,1231,1650,,1450,,19.975,0.118,0.0,35,78,1,regional,1,1,0,0,0,1,3,-1.0,"(1.0, -78)"
14704,,52.350668,5.615042,1231,1650,,1450,,19.821,0.118,0.236,35,78,0,,0,1,0,0,1,1,3,-1.0,"(1.0, -78)"
8884,Rinteln,52.187439,9.08,1239,1650,y,1450,,3.187,0.162,0.0,16,77,1,regional,1,0,0,0,0,1,3,-1.0,"(1.0, -77)"
942,Braunschweig,52.262815,10.517142,1204,1650,y,1450,,1.71,0.217,0.0,17,74,1,regional,1,0,0,0,0,1,3,-1.0,"(1.0, -74)"
1865,Essen,51.456963,7.012649,1244,1650,,1450,,7.625,0.101,0.0,23,74,1,regional,0,0,0,0,0,1,3,-1.0,"(1.0, -74)"
4958,Minden,52.28806,8.916805,1230,1650,y,1450,,2.405,0.108,0.0,14,74,1,regional,0,0,0,0,0,1,3,-1.0,"(1.0, -74)"
3240,Höxter,51.773997,9.381219,1150,1650,,1450,,3.67,0.075,0.0,36,73,1,regional,0,0,0,0,0,1,3,-1.0,"(1.0, -73)"
4353,Lemgo,52.028386,8.901262,1190,1650,,1450,,15.982,0.206,0.0,18,73,1,regional,1,0,0,0,0,1,3,-1.0,"(1.0, -73)"
11907,Heusden,51.734005,5.137868,1286,1650,,1450,,1.355,0.059,11.647,24,73,0,,1,1,0,0,0,1,3,-1.0,"(1.0, -73)"
12795,,51.735053,5.137616,1286,1650,,1450,,1.238,0.059,11.57,24,73,0,,1,1,0,1,1,1,3,-1.0,"(1.0, -73)"
13630,,52.297088,5.161749,1353,1650,,1450,,0.583,0.035,20.147,21,72,0,,0,1,0,0,1,1,3,-1.0,"(1.0, -72)"
2778,Hameln,52.104508,9.356435,1200,1650,y,1450,,3.199,0.095,0.0,28,72,1,regional,0,0,0,0,0,1,3,-1.0,"(1.0, -72)"
5131,Naarden,52.296587,5.162391,1353,1650,,1450,,0.631,0.035,20.21,21,72,0,,0,1,0,0,0,1,3,-1.0,"(1.0, -72)"
7369,Steenwijk,52.78694,6.116357,1296,1650,,1450,,0.932,0.137,0.0,23,71,1,regional,0,0,0,0,0,1,3,-1.0,"(1.0, -71)"
11849,Oudewater,52.022978,4.872386,1257,1650,,1450,,0.096,0.096,11.166,26,69,0,,1,1,0,0,1,1,3,-1.0,"(1.0, -69)"
12707,,52.021649,4.870602,1257,1650,,1450,,0.096,0.077,11.028,26,69,0,,0,1,0,0,0,1,3,-1.0,"(1.0, -69)"
12481,,52.018818,5.0443,1363,1650,,1450,,0.165,0.049,9.589,25,69,0,,0,1,0,0,1,1,3,-1.0,"(1.0, -69)"
3300,IJsselstein,52.019446,5.043281,1363,1650,,1450,,0.194,0.049,9.568,25,69,0,,0,1,0,0,0,1,3,-1.0,"(1.0, -69)"
13886,,52.021024,5.047642,1363,1650,,1450,,0.17,0.173,9.26,25,69,0,,0,1,1,1,0,1,3,-1.0,"(1.0, -69)"
13982,,52.021493,4.870933,1257,1650,,1450,,0.099,0.07,11.049,26,69,0,,0,1,1,1,0,1,3,-1.0,"(1.0, -69)"
2840,Haselünne,52.673601,7.486447,1220,1650,y,1450,,6.69,0.116,0.0,15,68,1,regional,1,0,0,0,0,1,3,-1.0,"(1.0, -68)"
7944,Utrecht,52.091844,5.118906,1114,1650,,1450,,0.315,0.11,0.0,27,68,1,regional,1,0,0,0,1,1,3,-1.0,"(1.0, -68)"
17,,51.41919,9.6528,1183,1650,y,1450,,4.148,0.03,15.393,30,67,0,,0,1,1,0,0,1,3,-1.0,"(1.0, -67)"
18,Hann. Münden,51.417743,9.65191,1183,1650,y,1450,,4.0,0.062,15.232,30,67,0,,0,1,0,0,0,1,3,-1.0,"(1.0, -67)"
8933,Bremer Schlagd,51.418997,9.650177,1183,1650,,1450,,3.994,0.052,15.257,30,67,0,,0,1,0,0,1,1,3,-1.0,"(1.0, -67)"
9290,Kasseler Schlagd,51.417357,9.649215,1183,1650,,1450,,3.826,0.096,15.076,30,67,0,,0,1,0,0,1,1,3,-1.0,"(1.0, -67)"
9291,Wanfrieder Schlagd,51.418839,9.65165,1183,1650,,1450,,4.061,0.052,15.311,30,67,0,,0,1,0,0,1,1,3,-1.0,"(1.0, -67)"
12921,,51.194644,5.983897,1224,1650,,1450,,0.195,0.083,0.165,28,67,0,,0,1,0,0,1,1,3,-1.0,"(1.0, -67)"
6477,Roermond,51.195619,5.985689,1224,1650,,1450,,0.208,0.083,0.0,28,67,1,regional,1,1,0,0,0,1,3,-1.0,"(1.0, -67)"
14660,,51.197919,5.981903,1224,1650,,1450,,0.195,0.184,0.367,28,67,0,,1,1,0,1,0,1,3,-1.0,"(1.0, -67)"
19525,,52.36923,4.891019,1300,1650,,1450,,0.841,0.043,0.44,12,66,0,,0,1,0,0,0,1,3,-1.0,"(1.0, -66)"
19526,,52.372476,4.893958,1300,1650,,1450,,0.429,0.012,0.115,12,66,0,,0,1,0,0,0,1,3,-1.0,"(1.0, -66)"
19537,Paulusbroedersluis,52.371494,4.896887,1300,1650,,1450,,0.481,0.04,0.342,12,66,0,,0,1,0,0,0,1,3,-1.0,"(1.0, -66)"
19535,Varkenssluis,52.371851,4.895852,1300,1650,,1450,,0.449,0.04,0.261,12,66,0,,0,1,1,0,0,1,3,-1.0,"(1.0, -66)"
19527,,52.37622,4.899628,1300,1650,,1450,,0.176,0.044,0.593,12,66,0,,0,1,0,0,0,1,3,-1.0,"(1.0, -66)"
19538,,52.371052,4.898518,1300,1650,,1450,,0.538,0.009,0.462,12,66,0,,0,1,0,0,0,1,3,-1.0,"(1.0, -66)"
19528,Nieuwe Brug,52.376816,4.898797,1300,1650,,1450,,0.159,0.028,0.593,12,66,0,,0,1,1,0,0,1,3,-1.0,"(1.0, -66)"
19539,Bushuissluis,52.370986,4.898754,1300,1650,,1450,,0.548,0.009,0.48,12,66,0,,0,1,0,0,0,1,3,-1.0,"(1.0, -66)"
12677,,52.086498,4.885618,1372,1650,,1450,,2.605,0.02,14.621,24,66,0,,0,1,0,0,0,1,3,-1.0,"(1.0, -66)"
250,Amsterdam,52.373074,4.89257,1300,1650,,1450,,0.434,0.044,0.0,12,66,1,regional,1,1,0,0,0,1,3,-1.0,"(1.0, -66)"
14910,Rokin,52.372306,4.892819,1300,1650,y,1450,,0.487,0.044,0.087,12,66,0,,0,1,0,0,1,1,3,-1.0,"(1.0, -66)"
19529,,52.377477,4.89759,1300,1650,,1450,,0.188,0.008,0.597,12,66,0,,0,1,0,0,0,1,3,-1.0,"(1.0, -66)"
5113,Münster (Westfalen),51.963078,7.628321,1170,1650,,1450,,25.869,0.155,0.0,15,66,1,regional,0,0,0,0,0,1,3,-1.0,"(1.0, -66)"
12840,,52.385612,4.882023,1300,1650,,1450,,1.496,0.688,1.567,10,66,0,,0,1,0,0,0,1,3,-1.0,"(1.0, -66)"
10785,,52.377087,4.896699,1300,1650,,1450,,0.144,0.037,0.527,12,66,0,,0,1,0,0,0,1,3,-1.0,"(1.0, -66)"
11903,Woerden,52.086272,4.885158,1372,1650,,1450,,2.57,0.02,14.581,24,66,0,,1,1,0,0,1,1,3,-1.0,"(1.0, -66)"
19547,,52.377136,4.898164,1300,1650,,1450,,0.163,0.027,0.59,12,66,0,,0,1,0,0,0,1,3,-1.0,"(1.0, -66)"
19530,Oude Brug,52.375525,4.897005,1300,1650,,1450,,0.033,0.026,0.406,12,66,0,,0,1,1,0,0,1,3,-1.0,"(1.0, -66)"
19531,,52.376066,4.895621,1300,1650,,1450,,0.106,0.03,0.392,12,66,0,,0,1,0,0,0,1,3,-1.0,"(1.0, -66)"
19532,,52.375158,4.897885,1300,1650,,1450,,0.089,0.036,0.429,12,66,0,,0,1,0,0,0,1,3,-1.0,"(1.0, -66)"
19533,Lange Brug,52.36923,4.89229,1300,1650,,1450,,0.802,0.043,0.428,12,66,0,,0,1,0,0,0,1,3,-1.0,"(1.0, -66)"
10786,Damrak,52.374318,4.894645,1300,1650,y,1450,,0.237,0.047,0.197,12,66,0,,0,1,0,0,1,1,3,-1.0,"(1.0, -66)"
19548,,52.377311,4.899601,1300,1650,,1450,,0.237,0.085,0.671,12,66,0,,0,1,0,0,0,1,3,-1.0,"(1.0, -66)"
19536,,52.372948,4.900213,1300,1650,,1450,,0.382,0.12,0.519,12,66,0,,0,1,0,0,0,1,3,-1.0,"(1.0, -66)"
19540,,52.370508,4.900647,1300,1650,,1450,,0.637,0.07,0.618,12,66,0,,0,1,0,0,0,1,3,-1.0,"(1.0, -66)"
19534,,52.372653,4.894141,1300,1650,,1450,,0.406,0.012,0.116,12,66,0,,0,1,0,0,0,1,3,-1.0,"(1.0, -66)"
19546,,52.375792,4.896372,1300,1650,,1450,,0.051,0.026,0.397,12,66,0,,0,1,0,0,0,1,3,-1.0,"(1.0, -66)"
12842,,52.377573,4.897774,1300,1650,,1450,,0.2,0.008,0.612,12,66,0,,0,1,0,1,0,1,3,-1.0,"(1.0, -66)"
11702,,50.974384,11.046882,1167,1650,,1450,,69.548,0.188,1.326,17,64,0,,0,1,0,0,0,1,3,-1.0,"(1.0, -64)"
1826,Erfurt,50.977868,11.028775,1167,1650,y,1450,,68.224,0.085,0.0,16,64,1,interregional,1,1,0,0,0,1,3,-1.0,"(1.0, -64)"
9622,,50.982854,11.020513,1167,1650,,1450,,67.49,0.286,0.801,16,64,0,,0,1,0,0,0,1,3,-1.0,"(1.0, -64)"
9627,,50.97749,11.024909,1167,1650,,1450,,67.985,0.05,0.274,16,64,0,,0,1,0,0,0,1,3,-1.0,"(1.0, -64)"
9978,Krämerbrücke,50.978748,11.031328,1167,1650,y,1450,,68.358,0.102,0.204,16,64,0,,1,1,1,0,0,1,3,-1.0,"(1.0, -64)"
14098,,50.979265,11.034763,1167,1650,,1450,,68.564,0.089,0.447,13,64,0,,0,1,0,0,0,1,3,-1.0,"(1.0, -64)"
17410,,50.977738,11.035536,1167,1650,,1450,,68.673,0.072,0.474,13,64,0,,0,1,0,0,0,1,3,-1.0,"(1.0, -64)"
17411,,50.976524,11.034812,1167,1650,,1450,,68.673,0.03,0.448,13,64,0,,0,1,0,0,0,1,3,-1.0,"(1.0, -64)"
17412,,50.973855,11.027527,1167,1650,,1450,,68.298,0.066,0.455,16,64,0,,0,1,0,0,0,1,3,-1.0,"(1.0, -64)"
17413,,50.976078,11.03435,1167,1650,,1450,,68.659,0.03,0.438,13,64,0,,0,1,0,0,0,1,3,-1.0,"(1.0, -64)"
17463,Lehmannsbrücke,50.98071,11.027924,1167,1650,y,1450,,68.06,0.145,0.322,16,64,0,,0,1,1,0,0,1,3,-1.0,"(1.0, -64)"
17464,Schlösserbrücke,50.97686,11.030585,1167,1650,y,1450,,68.382,0.085,0.169,16,64,0,,0,1,1,0,0,1,3,-1.0,"(1.0, -64)"
17465,Lange Brücke,50.974948,11.026765,1167,1650,y,1450,,68.206,0.066,0.354,16,64,0,,0,1,1,0,0,1,3,-1.0,"(1.0, -64)"
17466,Roßbrücke,50.97358,11.022602,1167,1650,y,1450,,67.986,0.173,0.644,16,64,0,,0,1,1,0,0,1,3,-1.0,"(1.0, -64)"
17467,Löberbrücke,50.972204,11.030279,1167,1650,,1450,,68.543,0.133,0.639,16,64,0,,0,1,1,0,0,1,3,-1.0,"(1.0, -64)"
17468,Augustbrücke,50.974186,11.035831,1167,1650,,1450,,68.83,0.117,0.642,13,64,0,,0,1,1,0,0,1,3,-1.0,"(1.0, -64)"
17469,Krämpferbrücke,50.978604,11.037505,1167,1650,y,1450,,68.77,0.084,0.617,13,64,0,,0,1,1,0,0,1,3,-1.0,"(1.0, -64)"
17470,Johannesbrücke,50.983446,11.029388,1167,1650,y,1450,,68.052,0.092,0.622,16,64,0,,0,1,1,0,0,1,3,-1.0,"(1.0, -64)"
17471,Löbertorbrücke,50.969698,11.031218,1167,1650,y,1450,,68.704,0.143,0.924,20,64,0,,0,1,1,0,0,1,3,-1.0,"(1.0, -64)"
17472,Schmidtstedtertorbrücke,50.974359,11.041507,1167,1650,y,1450,,69.196,0.188,0.973,17,64,0,,0,1,1,0,0,1,3,-1.0,"(1.0, -64)"
17473,Krämpfertorbrücke,50.980327,11.039897,1167,1650,y,1450,,68.862,0.127,0.825,13,64,0,,0,1,1,0,0,1,3,-1.0,"(1.0, -64)"
17474,Johannestorbrücke,50.986379,11.027945,1167,1650,y,1450,,67.848,0.171,0.948,18,64,0,,0,1,1,0,0,1,3,-1.0,"(1.0, -64)"
17475,,50.982263,11.031239,1167,1650,,1450,,68.219,0.092,0.518,16,64,0,,0,1,0,0,0,1,3,-1.0,"(1.0, -64)"
17476,,50.978277,11.024222,1167,1650,,1450,,67.909,0.05,0.322,16,64,0,,0,1,0,0,0,1,3,-1.0,"(1.0, -64)"
5704,Osnabrück,52.2772,8.041195,1171,1650,y,1450,,36.63,0.087,0.0,14,62,1,regional,1,0,0,0,0,1,3,-1.0,"(1.0, -62)"
11636,,51.316143,9.508501,1180,1650,,1450,,0.051,0.155,0.224,19,59,0,,0,1,0,0,0,1,3,-1.0,"(1.0, -59)"
11637,Schlagd,51.316049,9.507041,1180,1650,,1450,,0.051,0.061,0.122,19,59,0,,0,1,0,0,1,1,3,-1.0,"(1.0, -59)"
3580,Kassel,51.315808,9.50533,1180,1650,y,1450,,0.173,0.061,0.0,19,59,1,local,0,1,0,0,0,1,3,-1.0,"(1.0, -59)"
9344,,51.316588,9.510959,1180,1650,,1450,,0.089,0.174,0.401,19,59,0,,0,1,0,0,1,1,3,-1.0,"(1.0, -59)"
9346,,51.314434,9.505886,1180,1650,,1450,,0.227,0.079,0.158,19,59,0,,1,1,1,0,0,1,3,-1.0,"(1.0, -59)"
1545,Dortmund,51.514287,7.466708,1138,1650,,1450,,15.091,0.264,0.0,16,57,1,regional,1,0,0,0,0,1,3,-1.0,"(1.0, -57)"
5304,Neuss,51.197927,6.692717,1200,1650,,1450,,0.299,0.1,0.0,27,56,1,regional,1,0,0,0,0,1,3,-1.0,"(1.0, -56)"
949,Breda,51.588294,4.776283,1198,1650,,1450,,9.14,0.036,0.0,13,55,1,regional,1,1,0,0,0,1,3,-1.0,"(1.0, -55)"
12800,,51.589834,4.773145,1198,1650,,1450,,8.905,0.138,0.276,13,55,0,,0,1,0,0,1,1,3,-1.0,"(1.0, -55)"
16362,,51.58835,4.771352,1198,1650,,1450,,8.802,0.135,0.341,13,55,0,,0,1,1,0,0,1,3,-1.0,"(1.0, -55)"
2765,Halle (Saale),51.482658,11.969805,1170,1650,y,1450,,15.991,0.061,0.0,18,54,1,regional,1,0,0,0,0,1,3,-1.0,"(1.0, -54)"
5421,Nieuwstadt,51.036805,5.860058,1242,1650,y,1450,,6.448,1.053,0.0,16,52,1,regional,0,0,0,0,0,1,3,-1.0,"(1.0, -52)"
2036,Friesoythe,53.020459,7.858919,1366,1650,y,1450,,11.784,1.128,0.0,13,51,1,regional,1,0,0,0,1,1,3,-1.0,"(1.0, -51)"
2456,Groningen,53.218044,6.566612,1245,1650,,1450,,0.09,0.019,0.0,13,50,1,regional,1,0,0,0,0,1,3,-1.0,"(1.0, -50)"
7230,Soest (Westfalen),51.572658,8.106354,1144,1650,,1450,,31.376,0.045,0.0,8,48,1,regional,1,0,0,0,0,1,3,-1.0,"(1.0, -48)"
8005,Verden,52.919986,9.22902,1259,1650,y,1450,,2.193,0.097,0.0,4,48,1,regional,1,0,0,0,0,1,3,-1.0,"(1.0, -48)"
2352,Gouda,52.011189,4.710352,1272,1650,,1450,,0.127,0.038,0.0,22,47,1,regional,0,0,0,0,0,1,3,-1.0,"(1.0, -47)"
7973,Vechta,52.728249,8.285466,1269,1650,y,1450,,51.525,1.052,0.0,10,47,1,regional,0,0,0,0,0,1,3,-1.0,"(1.0, -47)"
11443,,51.858351,12.044306,1271,1650,y,1450,,5.272,0.171,41.15,7,45,0,,1,1,0,0,1,1,3,-1.0,"(1.0, -45)"
112,Aken,51.855297,12.044939,1271,1650,y,1450,,5.57,0.171,41.113,7,45,0,,1,1,0,0,0,1,3,-1.0,"(1.0, -45)"
5165,Naumburg (Saale),51.152263,11.809909,1033,1650,y,1450,,42.154,0.138,0.0,21,45,1,interregional,1,0,0,0,0,1,3,-1.0,"(1.0, -45)"
9542,,52.127033,11.651974,1188,1650,y,1450,,2.17,0.049,1.023,9,44,0,,0,1,1,0,0,1,3,-1.0,"(1.0, -44)"
11519,,52.128172,11.642789,1188,1650,y,1450,,2.525,0.141,0.461,9,44,0,,0,1,1,0,0,1,3,-1.0,"(1.0, -44)"
19942,,52.131943,11.63686,1188,1650,,1450,,3.091,0.074,0.149,9,44,0,,0,1,0,0,0,1,3,-1.0,"(1.0, -44)"
1521,Dordrecht,51.81514,4.667133,1220,1650,,1450,,0.294,0.018,6.051,19,44,0,,1,1,0,0,1,1,3,-1.0,"(1.0, -44)"
13405,,52.129381,11.643691,1188,1650,,1450,,2.616,0.106,0.406,9,44,0,,0,1,0,0,1,1,3,-1.0,"(1.0, -44)"
13407,,52.130336,11.635913,1188,1650,,1450,,2.976,0.095,0.25,9,44,0,,0,1,0,0,0,1,3,-1.0,"(1.0, -44)"
12625,,51.815016,4.660896,1220,1650,,1450,,0.623,0.214,5.728,19,44,0,,0,1,0,1,0,1,3,-1.0,"(1.0, -44)"
4705,Magdeburg,52.131591,11.638959,1188,1650,y,1450,,2.984,0.074,0.0,9,44,1,regional,1,1,0,0,0,1,3,-1.0,"(1.0, -44)"
12780,,51.819893,4.670869,1220,1650,,1450,,0.294,0.226,5.955,19,44,0,,0,1,0,0,0,1,3,-1.0,"(1.0, -44)"
13437,,51.818733,4.675438,1220,1650,,1450,,0.463,0.167,6.29,19,44,0,,0,1,0,1,0,1,3,-1.0,"(1.0, -44)"
14863,,51.818038,4.670721,1220,1650,,1450,,0.132,0.167,6.06,19,44,0,,0,1,0,0,0,1,3,-1.0,"(1.0, -44)"
14903,,51.814815,4.667026,1220,1650,,1450,,0.33,0.018,6.067,19,44,0,,0,1,0,0,0,1,3,-1.0,"(1.0, -44)"
16278,,52.130509,11.641203,1188,1650,,1450,,2.805,0.097,0.195,9,44,0,,0,1,0,0,0,1,3,-1.0,"(1.0, -44)"
18157,haven dordrecht,51.813839,4.659768,1220,1650,,1450,,0.755,0.212,5.757,19,44,0,,0,1,0,0,1,0,3,-1.0,"(1.0, -44)"
11328,,51.202681,11.966501,1280,1650,,1450,,30.08,0.226,0.453,23,43,0,,0,1,0,0,0,1,3,-1.0,"(1.0, -43)"
12148,,52.629356,4.755565,1254,1650,,1450,,0.63,0.228,29.968,3,42,0,,0,1,0,0,1,1,3,-1.0,"(1.0, -42)"
11862,Alkmaar,52.630722,4.749201,1254,1650,,1450,,1.063,0.228,30.248,3,42,0,,0,1,0,0,0,1,3,-1.0,"(1.0, -42)"
8272,Weißenfels,51.201045,11.972454,1280,1650,y,1450,,29.727,0.072,0.0,23,42,1,local,0,1,0,0,0,1,3,-1.0,"(1.0, -42)"
10412,,51.85834,12.05705,1271,1650,y,1450,,4.939,0.449,41.566,7,42,0,,0,1,0,1,0,1,3,-1.0,"(1.0, -42)"
10940,,51.199756,11.972437,1280,1650,,1450,,29.767,0.072,0.143,23,42,0,,0,1,0,0,0,1,3,-1.0,"(1.0, -42)"
10941,,51.198936,11.974347,1280,1650,,1450,,29.664,0.081,0.269,23,42,0,,0,1,0,0,0,1,3,-1.0,"(1.0, -42)"
4329,Leiden,52.158439,4.490032,1266,1650,,1450,,0.482,0.049,0.0,12,40,1,regional,0,0,0,0,0,1,3,-1.0,"(1.0, -40)"
1790,Emden,53.366864,7.206328,1433,1650,y,1450,,18.98,0.137,0.0,16,39,1,regional,1,1,0,0,0,1,3,-1.0,"(1.0, -39)"
9182,,53.365262,7.209451,1433,1650,,1450,,19.146,0.137,0.273,16,39,0,,0,1,0,0,1,1,3,-1.0,"(1.0, -39)"
10075,Auebrücke,51.055019,12.137194,1147,1650,y,1450,,29.61,0.053,0.553,20,39,0,,1,1,1,0,0,1,3,-1.0,"(1.0, -39)"
8752,Zeitz,51.050307,12.134652,1147,1650,y,1450,,30.14,0.277,0.0,19,39,1,local,0,1,0,0,0,1,3,-1.0,"(1.0, -39)"
280,Appingedam,53.321987,6.856009,1327,1650,,1450,,2.334,0.051,0.0,14,38,1,regional,0,0,0,0,0,1,3,-1.0,"(1.0, -38)"
4337,Leipzig,51.339915,12.374475,1170,1650,y,1450,,7.631,0.185,0.0,15,36,1,interregional,0,0,0,0,0,1,3,-1.0,"(1.0, -36)"
5623,Oldenburg (Oldenburg),53.138916,8.214479,1345,1650,y,1450,,27.756,0.095,0.0,10,36,1,regional,1,1,0,0,0,1,3,-1.0,"(1.0, -36)"
8979,Stau,53.140241,8.217053,1345,1650,,1450,,27.533,0.113,0.226,10,36,0,,0,1,0,0,1,1,3,-1.0,"(1.0, -36)"
9606,,53.140346,8.212924,1345,1650,,1450,,27.703,0.095,0.19,10,36,0,,0,1,0,0,0,1,3,-1.0,"(1.0, -36)"
11788,,53.247458,10.413513,1247,1650,,1450,,10.189,0.041,0.415,10,35,0,,0,1,0,0,0,1,3,-1.0,"(1.0, -35)"
11789,,53.246835,10.414162,1247,1650,y,1450,,10.107,0.041,0.494,10,35,0,,0,1,0,0,1,1,3,-1.0,"(1.0, -35)"
8982,Bäckerstraße,53.2488,10.40886,1247,1650,y,1450,,10.132,0.064,0.128,10,35,0,,1,1,0,0,0,1,3,-1.0,"(1.0, -35)"
8983,,53.25136,10.41335,1247,1650,y,1450,,10.119,0.141,0.337,10,35,0,,0,1,0,0,1,1,3,-1.0,"(1.0, -35)"
9655,,53.251462,10.409071,1247,1650,,1450,,9.918,0.084,0.169,10,35,0,,0,1,0,0,0,1,3,-1.0,"(1.0, -35)"
4653,Lüneburg,53.24995,10.40887,1247,1650,y,1450,,10.035,0.064,0.0,10,35,1,regional,0,1,0,0,0,1,3,-1.0,"(1.0, -35)"
8935,Kleine Schlachte,53.07209,8.80893,965,1650,,1450,,0.035,0.143,0.435,8,34,0,,0,1,0,0,1,1,3,-1.0,"(1.0, -34)"
9417,,53.247308,10.409138,1247,1650,,1450,,10.27,0.083,0.294,10,34,0,,0,1,0,0,0,1,3,-1.0,"(1.0, -34)"
9651,,53.072094,8.807886,965,1650,,1450,,0.035,0.164,0.423,8,34,0,,0,1,0,0,0,1,3,-1.0,"(1.0, -34)"
186,Altenburg ,50.985257,12.433309,1205,1650,y,1450,,32.019,0.101,0.0,10,34,1,regional,1,0,0,0,0,1,3,-1.0,"(1.0, -34)"
20203,,51.864696,12.652601,1293,1650,,1450,,7.099,0.337,43.997,2,33,0,,0,1,0,0,0,1,3,-1.0,"(1.0, -33)"
12767,,51.90625,4.165864,1330,1650,,1450,,8.868,0.225,30.33,7,33,0,,0,1,0,1,1,1,3,-1.0,"(1.0, -33)"
991,Brielle,51.902257,4.164831,1330,1650,,1450,,9.101,0.225,30.311,7,33,0,,0,1,0,0,0,1,3,-1.0,"(1.0, -33)"
11437,,51.857834,12.646113,1293,1650,y,1450,,6.751,0.037,43.113,2,33,0,,1,1,0,0,1,1,3,-1.0,"(1.0, -33)"
8513,Lutherstadt Wittenberg,51.866385,12.643187,1293,1650,y,1450,,6.443,0.266,43.838,2,33,0,,1,1,0,0,0,1,3,-1.0,"(1.0, -33)"
11438,,51.857211,12.646503,1293,1650,y,1450,,6.79,0.037,43.067,2,33,0,,0,1,1,1,0,1,3,-1.0,"(1.0, -33)"
4698,Maastricht,50.85125,5.690547,1204,1650,y,1450,,3.21,0.174,0.0,9,33,1,regional,1,0,0,0,0,1,3,-1.0,"(1.0, -33)"
9226,Neustadt,53.072859,8.799608,965,1650,,1450,,0.37,0.16,0.619,8,32,0,,0,1,0,0,0,1,3,-1.0,"(1.0, -32)"
8939,Schlachte,53.077288,8.800285,965,1650,y,1450,,0.086,0.039,0.5,8,32,0,,0,1,0,0,1,1,3,-1.0,"(1.0, -32)"
8940,Balge,53.07537,8.80635,965,1650,,1450,,0.16,0.042,0.09,8,32,0,,0,1,0,0,1,1,3,-1.0,"(1.0, -32)"
8941,,53.073386,8.804305,965,1650,,1450,,0.079,0.16,0.346,8,32,0,,1,1,1,0,0,1,3,-1.0,"(1.0, -32)"
9227,,53.074656,8.809272,965,1650,,1450,,0.177,0.093,0.186,8,32,0,,0,1,0,0,0,1,3,-1.0,"(1.0, -32)"
9355,Stintbrücke,53.075689,8.806253,965,1650,,1450,,0.15,0.01,0.079,8,32,0,,1,1,0,0,0,1,3,-1.0,"(1.0, -32)"
9650,,53.075981,8.801675,965,1650,,1450,,0.086,0.169,0.382,8,32,0,,0,1,0,0,0,1,3,-1.0,"(1.0, -32)"
973,Bremen,53.075887,8.807392,965,1650,y,1450,,0.227,0.031,0.0,8,32,1,regional,1,1,0,0,0,1,3,-1.0,"(1.0, -32)"
17880,,53.077782,8.801122,965,1650,,1450,,0.128,0.039,0.469,8,32,0,,0,1,0,0,0,1,3,-1.0,"(1.0, -32)"
17881,,53.075815,8.806481,965,1650,,1450,,0.166,0.01,0.061,8,32,0,,0,1,0,0,0,1,3,-1.0,"(1.0, -32)"
17883,,53.076412,8.797216,965,1650,,1450,,0.253,0.154,0.682,8,32,0,,0,1,0,0,0,0,3,-1.0,"(1.0, -32)"
17884,,53.074417,8.79403,965,1650,,1450,,0.526,0.154,0.907,8,32,0,,0,1,0,0,0,1,3,-1.0,"(1.0, -32)"
2777,Hamburg,53.54798,9.9931,1150,1650,y,1450,,0.239,0.042,0.0,9,31,1,regional,1,0,0,0,1,1,3,-1.0,"(1.0, -31)"
11909,Reimerswaal,51.503784,4.171237,1375,1631,,1450,,14.248,0.102,19.447,10,31,0,,0,1,0,0,0,0,3,-1.0,"(1.0, -31)"
16231,,51.503109,4.173991,1375,1631,,1450,,14.173,0.102,19.639,10,31,0,,1,1,0,0,1,0,3,-1.0,"(1.0, -31)"
16232,,51.507392,4.176376,1375,1631,,1450,,13.712,0.268,19.805,10,31,0,,0,1,0,1,0,1,3,-1.0,"(1.0, -31)"
1154,Buxtehude,53.476376,9.700347,1280,1650,y,1450,,5.474,0.084,0.0,8,30,1,regional,1,0,0,0,0,1,3,-1.0,"(1.0, -30)"
11897,Goedereede,51.818178,3.977549,1312,1650,,1450,,19.087,8.369,35.385,6,30,0,,1,1,0,1,1,1,3,-1.0,"(1.0, -30)"
11916,Brouwershaven,51.725469,3.91217,1403,1650,,1450,,8.661,3.97,24.607,6,30,0,,1,1,0,1,1,1,3,-1.0,"(1.0, -30)"
17882,,53.080478,8.79756,965,1650,,1450,,0.485,0.191,0.832,8,29,0,,0,1,0,0,0,1,3,-1.0,"(1.0, -29)"
7321,Stade,53.603069,9.476003,1209,1650,y,1450,,1.87,0.016,0.0,12,27,1,regional,1,1,0,1,1,1,3,-1.0,"(1.0, -27)"
17772,,53.603244,9.475622,1209,1650,,1450,,1.876,0.016,0.032,12,27,0,,0,1,0,0,0,1,3,-1.0,"(1.0, -27)"
19819,Mühlenbrücke,53.860829,10.689606,1143,1650,y,1450,,0.914,0.152,49.655,1,25,0,,0,1,1,0,0,1,3,-1.0,"(1.0, -25)"
9450,Stadersand,53.625845,9.517738,1209,1650,,1450,,1.87,3.743,3.741,12,25,0,,1,1,0,0,0,1,3,-1.0,"(1.0, -25)"
17147,,51.223609,4.403039,1350,1650,,1450,,6.457,0.172,0.343,6,24,0,,0,1,0,0,0,1,3,-1.0,"(1.0, -24)"
12046,,53.864913,10.693473,1143,1650,y,1450,,0.876,0.275,49.151,1,23,0,,0,1,0,0,1,1,3,-1.0,"(1.0, -23)"
10272,,53.865335,10.681162,1143,1650,y,1450,,0.202,0.051,49.318,1,23,0,,0,1,0,0,1,1,3,-1.0,"(1.0, -23)"
10489,,53.868134,10.686289,1143,1650,,1450,,0.386,0.128,48.928,1,23,0,,0,1,0,0,0,1,3,-1.0,"(1.0, -23)"
10490,,53.866235,10.680918,1143,1650,,1450,,0.101,0.012,49.226,1,23,0,,0,1,0,0,0,1,3,-1.0,"(1.0, -23)"
4604,Lübeck,53.865911,10.685259,1143,1650,y,1450,,0.331,0.128,49.184,1,23,0,,1,1,0,0,0,1,3,-1.0,"(1.0, -23)"
19818,Holstenbrücke,53.866251,10.68054,1143,1650,y,1450,,0.098,0.012,49.231,1,23,0,,0,1,1,0,0,1,3,-1.0,"(1.0, -23)"
19820,Burgtorbrücke,53.874228,10.691355,1143,1650,y,1450,,1.056,0.282,48.187,1,23,0,,0,1,1,0,0,1,3,-1.0,"(1.0, -23)"
10271,,53.868921,10.680143,1143,1650,y,1450,,0.202,0.206,48.953,1,23,0,,0,1,0,0,1,1,3,-1.0,"(1.0, -23)"
268,Antwerpen,51.221248,4.399862,1350,1650,,1450,,6.117,0.041,0.0,6,22,1,interregional,0,1,0,0,0,1,3,-1.0,"(1.0, -22)"
9664,,53.92515,9.516506,1238,1650,,1450,,3.71,0.149,0.578,9,22,0,,0,1,0,0,0,1,3,-1.0,"(1.0, -22)"
3344,Itzehoe,53.919961,9.515891,1238,1650,y,1450,,3.523,0.154,0.0,9,22,1,regional,0,1,0,0,0,1,3,-1.0,"(1.0, -22)"
12623,Werf,51.22365,4.396928,1350,1650,,1450,,6.243,0.168,0.336,6,22,0,,1,1,0,0,1,1,3,-1.0,"(1.0, -22)"
10624,,53.917185,9.515869,1238,1650,y,1450,,3.479,0.154,0.309,9,22,0,,0,1,1,0,1,1,3,-1.0,"(1.0, -22)"
10625,,53.922846,9.518852,1238,1650,,1450,,3.783,0.149,0.375,9,22,0,,0,1,0,0,0,1,3,-1.0,"(1.0, -22)"
13378,,51.219011,4.395591,1350,1650,,1450,,5.749,0.154,0.388,6,22,0,,0,1,0,1,0,1,3,-1.0,"(1.0, -22)"
13865,,51.220656,4.399159,1350,1650,,1450,,6.035,0.041,0.082,6,22,0,,0,1,0,0,0,1,3,-1.0,"(1.0, -22)"
3646,Kiel,54.323309,10.139494,1242,1650,y,1450,,20.9,0.248,0.0,4,21,1,regional,0,0,0,0,0,1,3,-1.0,"(1.0, -21)"
11913,Goes,51.504595,3.890265,1405,1650,,1450,,14.768,0.056,0.0,7,21,1,regional,0,0,0,0,0,1,3,-1.0,"(1.0, -21)"
2151,Gelnhausen,50.202744,9.190682,1170,1650,,1450,,22.339,5.685,0.0,7,19,1,regional,1,0,0,0,0,1,3,-1.0,"(1.0, -19)"
8876,Middelburg (Walcheren),51.4984,3.611522,1217,1650,,1450,,1.816,0.27,0.0,6,19,1,regional,1,1,0,0,0,1,3,-1.0,"(1.0, -19)"
4858,Meldorf,54.089795,9.071814,1227,1559,y,1450,,26.327,1.581,0.0,8,19,1,regional,0,0,0,0,0,1,3,-1.0,"(1.0, -19)"
13872,,51.500876,3.618246,1217,1650,,1450,,1.49,0.121,0.541,6,19,0,,1,1,0,0,1,1,3,-1.0,"(1.0, -19)"
14208,,51.499663,3.625688,1217,1650,,1450,,0.962,0.165,0.991,6,19,0,,0,1,0,1,0,1,3,-1.0,"(1.0, -19)"
10713,Skanör,55.419171,12.849655,1250,1650,,1450,,151.483,0.597,0.0,4,17,1,interregional,1,0,0,0,1,1,3,-1.0,"(1.0, -17)"
11937,Axel,51.265287,3.908526,1183,1650,,1450,,0.288,2.094,10.021,8,17,0,,1,1,0,0,1,0,3,-1.0,"(1.0, -17)"
11912,Westkapelle,51.527703,3.441499,1223,1650,,1450,,13.506,2.77,0.0,5,15,1,regional,0,0,0,0,1,1,3,-1.0,"(1.0, -15)"
8010,Viborg,56.450688,9.411301,1060,1650,,1450,,58.913,0.073,0.0,8,15,1,interregional,1,0,0,0,0,1,3,-1.0,"(1.0, -15)"
8901,Vlissingen,51.442123,3.572776,1315,1650,,1450,,0.349,0.186,6.809,6,15,0,,1,1,0,0,1,1,3,-1.0,"(1.0, -15)"
13340,,51.43841,3.575799,1315,1650,,1450,,0.128,0.231,7.115,6,15,0,,1,1,0,1,1,1,3,-1.0,"(1.0, -15)"
10400,Vordingborg,55.00815943,11.91050695,1200,1650,,1450,,111.646,0.047,0.0,7,13,1,regional,0,0,0,0,1,1,3,-1.0,"(1.0, -13)"
8505,Wismar,53.891371,11.466215,1226,1650,y,1450,,33.958,0.062,0.0,4,11,1,regional,1,1,0,0,0,1,3,-1.0,"(1.0, -11)"
9437,,53.89234,11.467337,1226,1650,,1450,,34.066,0.065,0.13,4,11,0,,0,1,0,0,0,1,3,-1.0,"(1.0, -11)"
72,Aarhus,56.157091,10.209522,1300,1650,,1450,,108.178,0.052,0.0,3,11,1,regional,1,0,0,0,0,1,3,-1.0,"(1.0, -11)"
13958,,53.895276,11.46024,1226,1650,y,1450,,34.392,0.231,0.585,4,11,0,,0,1,0,0,1,1,3,-1.0,"(1.0, -11)"
13959,,53.892216,11.464991,1226,1650,,1450,,34.051,0.062,0.124,4,11,0,,0,1,0,0,0,1,3,-1.0,"(1.0, -11)"
12641,,51.05941,3.724315,1350,1650,,1450,,0.42,0.04,32.089,4,10,0,,0,1,0,0,1,1,3,-1.0,"(1.0, -10)"
12642,,51.054649,3.72572,1350,1650,,1450,,0.19,0.074,32.394,4,10,0,,0,1,0,0,0,1,3,-1.0,"(1.0, -10)"
1987,Frankfurt am Main,50.110394,8.682175,1142,1650,,1450,,2.962,0.076,0.0,3,10,1,interregional,0,0,0,0,0,1,3,-1.0,"(1.0, -10)"
2002,Freiberg,50.916999,13.343914,1170,1650,n,1450,,28.192,0.234,31.237,1,10,0,,1,1,0,0,0,1,3,-1.0,"(1.0, -10)"
2159,Gent,51.05355,3.724503,1350,1650,,1450,,0.309,0.074,32.541,2,10,0,,0,1,0,0,0,1,3,-1.0,"(1.0, -10)"
12638,,51.052518,3.734538,1350,1650,,1450,,0.13,0.151,32.136,2,10,0,,0,1,0,0,1,1,3,-1.0,"(1.0, -10)"
12806,,51.056402,3.721864,1350,1650,,1450,,0.047,0.166,32.446,4,10,0,,0,1,0,0,1,1,3,-1.0,"(1.0, -10)"
12807,,51.060415,3.713136,1350,1650,,1450,,0.373,0.536,32.572,4,10,0,,0,1,0,0,0,1,3,-1.0,"(1.0, -10)"
12810,,51.057699,3.707582,1350,1650,,1450,,0.661,0.559,33.062,4,10,0,,0,1,0,0,0,1,3,-1.0,"(1.0, -10)"
13860,,51.060044,3.724827,1350,1650,,1450,,0.499,0.04,32.014,4,10,0,,0,1,0,0,0,1,3,-1.0,"(1.0, -10)"
17697,,51.05666,3.741746,1350,1650,,1450,,0.618,0.471,31.455,6,10,0,,0,1,0,0,0,1,3,-1.0,"(1.0, -10)"
17919,,51.053769,3.722305,1350,1650,,1450,,0.196,0.078,32.632,2,10,0,,0,1,0,0,0,1,3,-1.0,"(1.0, -10)"
17925,,51.049889,3.72871,1350,1650,,1450,,0.239,0.157,32.629,2,10,0,,0,1,0,0,0,1,3,-1.0,"(1.0, -10)"
17926,,51.049066,3.719999,1350,1650,,1450,,0.308,0.564,33.118,2,10,0,,0,1,0,0,0,1,3,-1.0,"(1.0, -10)"
17927,,51.054833,3.734043,1350,1650,,1450,,0.121,0.171,31.974,2,10,0,,0,1,0,0,0,1,3,-1.0,"(1.0, -10)"
17928,,51.053956,3.730888,1350,1650,,1450,,0.121,0.136,32.197,2,10,0,,0,1,0,0,1,1,3,-1.0,"(1.0, -10)"
17929,,51.055817,3.728346,1350,1650,,1450,,0.035,0.112,32.173,4,10,0,,0,1,0,0,0,1,3,-1.0,"(1.0, -10)"
17930,,51.055824,3.7209,1350,1650,,1450,,0.047,0.205,32.539,4,10,0,,0,1,0,0,0,1,3,-1.0,"(1.0, -10)"
18003,,51.044347,3.736253,1350,1650,,1450,,0.956,0.656,32.721,2,10,0,,0,1,0,0,0,1,3,-1.0,"(1.0, -10)"
1036,Brugge,51.20876,3.224332,1127,1650,,1450,,0.114,0.029,0.0,4,8,1,interregional,1,1,0,0,0,1,3,-1.0,"(1.0, -8)"
11757,,52.535424,13.205809,1240,1650,y,1450,,0.179,0.082,13.75,3,8,0,,0,1,1,0,1,1,3,-1.0,"(1.0, -8)"
19678,,51.209221,3.222862,1127,1650,,1450,,0.157,0.057,0.115,4,8,0,,0,1,0,0,0,1,3,-1.0,"(1.0, -8)"
7281,Spandau,52.537525,13.20375,1240,1650,y,1450,,0.276,0.064,13.922,3,8,0,,1,1,0,0,0,1,3,-1.0,"(1.0, -8)"
11004,,52.539835,13.209232,1240,1650,y,1450,,0.088,0.101,13.598,3,8,0,,0,1,0,0,0,1,3,-1.0,"(1.0, -8)"
12601,,51.210474,3.22483,1127,1650,,1450,,0.086,0.097,0.194,4,8,0,,0,1,0,0,1,1,3,-1.0,"(1.0, -8)"
12811,,51.20063,3.224534,1127,1650,,1450,,1.01,0.108,0.904,4,8,0,,0,1,0,0,0,1,3,-1.0,"(1.0, -8)"
13411,,52.536876,13.205316,1240,1650,,1450,,0.154,0.064,13.806,3,8,0,,0,1,0,0,0,1,3,-1.0,"(1.0, -8)"
14048,,51.220369,3.232335,1127,1650,,1450,,0.097,1.091,1.406,4,8,0,,0,1,0,0,0,1,3,-1.0,"(1.0, -8)"
14485,,52.538731,13.207432,1240,1650,,1450,,0.08,0.072,13.697,3,8,0,,0,1,0,0,0,0,3,-1.0,"(1.0, -8)"
14486,,52.538506,13.207211,1240,1650,,1450,,0.082,0.08,13.708,3,8,0,,0,1,0,0,0,1,3,-1.0,"(1.0, -8)"
16355,Monnikerede,51.276175,3.309179,1266,1594,,1450,,1.216,1.949,9.543,5,8,0,,1,1,0,0,1,1,3,-1.0,"(1.0, -8)"
17325,Waterhalle,51.208938,3.225126,1127,1650,,1450,,0.086,0.029,0.059,4,8,0,,0,1,0,0,1,1,3,-1.0,"(1.0, -8)"
17326,,51.208454,3.225056,1127,1650,,1450,,0.139,0.03,0.061,4,8,0,,0,1,0,0,0,1,3,-1.0,"(1.0, -8)"
17843,,51.20145,3.227341,1127,1650,,1450,,0.933,0.108,0.839,4,8,0,,0,1,0,0,0,1,3,-1.0,"(1.0, -8)"
17844,,51.20676,3.222304,1127,1650,,1450,,0.377,0.132,0.263,4,8,0,,0,1,0,0,0,1,3,-1.0,"(1.0, -8)"
11758,Mühlendamm,52.515043,13.406904,1244,1650,y,1450,,0.062,0.072,0.374,3,7,0,,0,1,1,0,0,1,3,-1.0,"(1.0, -7)"
11759,,52.517186,13.404293,1244,1650,y,1450,,0.263,0.117,0.235,3,7,0,,0,1,1,0,1,1,3,-1.0,"(1.0, -7)"
11824,,54.084849,12.150596,1218,1650,,1450,,8.183,0.34,0.814,2,7,0,,0,1,0,0,1,1,3,-1.0,"(1.0, -7)"
4955,Miltenberg,49.699422,9.252039,1225,1650,,1450,,6.49,0.045,56.139,0,7,0,,0,1,0,0,0,1,3,-1.0,"(1.0, -7)"
6545,Rostock,54.088618,12.139895,1218,1650,,1450,,8.516,0.093,0.0,2,7,1,regional,0,1,0,0,0,1,3,-1.0,"(1.0, -7)"
8902,Ribe,55.328145,8.762129,800,1650,,1450,,100.316,0.063,0.0,4,7,1,regional,1,0,0,0,0,1,3,-1.0,"(1.0, -7)"
579,Berlin,52.5184,13.407131,1244,1650,y,1450,,0.38,0.117,0.0,3,7,1,local,1,1,0,0,0,1,3,-1.0,"(1.0, -7)"
13750,,54.089953,12.138194,1218,1650,,1450,,8.657,0.093,0.185,2,7,0,,0,1,0,0,0,1,3,-1.0,"(1.0, -7)"
13749,,54.092547,12.138256,1218,1650,y,1450,,8.945,0.144,0.45,2,7,0,,0,1,0,0,1,1,3,-1.0,"(1.0, -7)"
13819,,52.516341,13.408468,1244,1650,,1450,,0.221,0.081,0.246,3,7,0,,0,1,0,0,0,1,3,-1.0,"(1.0, -7)"
14168,,52.515021,13.409484,1244,1650,,1450,,0.1,0.081,0.408,3,7,0,,0,1,0,0,1,1,3,-1.0,"(1.0, -7)"
17756,,49.700383,9.244893,1225,1650,,1450,,6.144,0.052,55.995,0,7,0,,0,1,0,0,0,1,3,-1.0,"(1.0, -7)"
17757,,49.700231,9.251963,1225,1650,,1450,,6.41,0.045,56.049,0,7,0,,0,1,0,0,1,1,3,-1.0,"(1.0, -7)"
17758,,49.701304,9.245135,1225,1650,,1450,,6.061,0.052,55.894,0,7,0,,0,1,0,1,0,1,3,-1.0,"(1.0, -7)"
17767,,49.701101,9.257312,1225,1650,,1450,,6.541,0.211,55.984,0,7,0,,0,1,0,0,0,1,3,-1.0,"(1.0, -7)"
4625,Luckau,51.852601,13.715322,1250,1650,,1450,,57.691,0.134,76.957,0,6,0,,0,1,0,0,0,1,3,-1.0,"(1.0, -6)"
500,Beeskow,52.17187,14.246516,1272,1650,,1450,,18.892,0.438,68.817,0,4,0,,0,1,0,0,0,1,3,-1.0,"(1.0, -4)"
1665,Eberswalde,52.833374,13.821509,1300,1650,,1450,,0.275,0.128,44.801,3,4,0,,1,1,0,0,0,1,3,-1.0,"(1.0, -4)"
4168,Kostrzyn nad Odrą,52.579019,14.637092,1300,1650,,1450,,9.088,0.152,42.938,1,4,0,,1,1,0,0,0,1,3,-1.0,"(1.0, -4)"
1988,Frankfurt (Oder),52.344244,14.553598,1253,1650,,1450,,4.539,0.048,69.092,0,4,0,,1,1,0,0,0,1,3,-1.0,"(1.0, -4)"
13702,Niederlage,52.345024,14.557207,1253,1650,,1450,,4.475,0.088,68.993,0,4,0,,0,1,0,0,1,1,3,-1.0,"(1.0, -4)"
14116,,52.578178,14.632811,1300,1650,,1450,,9.059,0.152,43.019,1,4,0,,0,1,0,0,1,1,3,-1.0,"(1.0, -4)"
14122,,52.344834,14.554629,1253,1650,,1450,,4.478,0.048,69.023,0,4,0,,0,1,0,0,0,1,3,-1.0,"(1.0, -4)"
14123,,52.346428,14.554072,1253,1650,,1450,,4.299,0.08,68.848,0,4,0,,0,1,0,0,0,1,3,-1.0,"(1.0, -4)"
14124,,52.347265,14.556805,1253,1650,,1450,,4.224,0.078,68.745,0,4,0,,1,1,1,0,0,1,3,-1.0,"(1.0, -4)"
14125,,52.347306,14.552216,1253,1650,,1450,,4.194,0.08,68.757,0,4,0,,0,1,0,0,0,1,3,-1.0,"(1.0, -4)"
14148,,52.835851,13.822281,1300,1650,,1450,,0.037,0.14,45.049,3,4,0,,0,1,0,0,1,1,3,-1.0,"(1.0, -4)"
16245,,52.835831,13.821194,1300,1650,,1450,,0.037,0.143,45.001,3,4,0,,0,1,0,0,0,1,3,-1.0,"(1.0, -4)"
16443,,52.169138,14.25379,1272,1650,,1450,,19.344,0.089,69.398,0,4,0,,0,1,1,0,0,0,3,-1.0,"(1.0, -4)"
3574,Košice,48.720509,21.257458,1347,1650,,1450,,501.484,15.412,0.0,3,3,1,regional,1,1,0,0,0,0,3,-1.0,"(1.0, -3)"
5949,Pirna,50.962273,13.941934,1240,1650,,1450,,7.68,0.109,51.342,0,3,0,,1,1,0,0,0,1,3,-1.0,"(1.0, -3)"
17176,,54.315756,13.095564,1234,1650,,1450,,32.032,0.022,30.679,1,3,0,,0,1,0,0,1,1,3,-1.0,"(1.0, -3)"
7461,Stralsund,54.316002,13.090474,1234,1650,,1450,,32.268,0.144,30.902,1,3,0,,1,1,0,0,0,1,3,-1.0,"(1.0, -3)"
18118,Turku,60.450667,22.275951,1300,1650,,1450,,344.064,0.064,0.0,3,3,1,regional,1,0,0,0,0,1,3,-1.0,"(1.0, -3)"
14428,,54.316576,13.094791,1234,1650,,1450,,32.134,0.103,30.782,1,3,0,,0,1,0,1,0,1,3,-1.0,"(1.0, -3)"
16168,,50.964226,13.941885,1240,1650,,1450,,7.753,0.109,51.228,0,3,0,,0,1,0,0,1,1,3,-1.0,"(1.0, -3)"
17175,,54.315619,13.094931,1234,1650,,1450,,32.047,0.022,30.692,1,3,0,,0,1,0,0,0,1,3,-1.0,"(1.0, -3)"
13928,,54.098761,13.381161,1250,1650,,1450,,2.219,0.081,0.298,1,2,0,,0,1,0,0,1,1,3,-1.0,"(1.0, -2)"
2409,Greifswald,54.09608,13.380983,1250,1650,,1450,,2.216,0.149,0.0,1,2,1,local,1,1,0,0,0,1,3,-1.0,"(1.0, -2)"
19743,,54.099237,13.378756,1250,1650,,1450,,2.381,0.017,0.38,1,2,0,,0,1,0,0,0,1,3,-1.0,"(1.0, -2)"
18165,Steinbecker Brücke,54.098937,13.378708,1250,1650,,1450,,2.38,0.017,0.351,1,2,0,,0,1,1,0,0,1,3,-1.0,"(1.0, -2)"
2106,Gartz,53.208154,14.391804,1249,1650,,1450,,3.891,0.106,30.654,1,1,0,,1,1,0,0,0,1,3,-1.0,"(1.0, -1)"
3500,Kalisz Pomorski ,53.297911,15.905313,1303,1650,,1450,,59.382,0.092,94.187,0,1,0,,0,1,0,0,0,1,3,-1.0,"(1.0, -1)"
4220,Gorzów Wielkopolski,52.731058,15.240125,1257,1650,,1450,,5.565,0.082,49.812,1,1,0,,0,1,0,0,0,1,3,-1.0,"(1.0, -1)"
4342,Litoměřice,50.53409,14.131664,1220,1650,,1450,,45.625,5.522,93.632,0,1,0,,1,1,0,0,0,0,3,-1.0,"(1.0, -1)"
7413,Szczecin,53.424101,14.559637,1243,1650,,1450,,10.144,0.11,51.176,0,1,0,,1,1,0,0,0,1,3,-1.0,"(1.0, -1)"
13703,,53.424398,14.563523,1243,1650,,1450,,10.19,0.13,51.194,0,1,0,,0,1,0,0,1,1,3,-1.0,"(1.0, -1)"
14084,,53.20631,14.392662,1249,1650,,1450,,3.976,0.106,30.446,1,1,0,,0,1,0,0,1,1,3,-1.0,"(1.0, -1)"
14396,,53.422178,14.560474,1243,1650,,1450,,9.933,0.11,50.96,0,1,0,,0,1,1,0,0,1,3,-1.0,"(1.0, -1)"
14497,,52.729008,15.240647,1257,1650,,1450,,5.542,0.034,49.962,1,1,0,,0,1,1,0,0,1,3,-1.0,"(1.0, -1)"
14498,,52.729577,15.240244,1257,1650,,1450,,5.565,0.034,49.905,1,1,0,,1,1,0,0,1,1,3,-1.0,"(1.0, -1)"
14499,,52.721413,15.25104,1257,1650,,1450,,4.986,0.548,51.003,0,1,0,,1,1,0,0,0,1,3,-1.0,"(1.0, -1)"
16680,,53.296404,15.904137,1303,1650,,1450,,59.198,0.092,94.05,0,1,0,,0,1,0,0,0,1,3,-1.0,"(1.0, -1)"
11070,Malá Strana,50.088502,14.404609,1350,1650,,1450,,98.104,0.28,145.469,0,0,0,,0,1,0,0,0,1,3,-1.0,"(1.0, 0)"
11379,,54.005669,15.984292,1107,1650,,1450,,120.296,0.2,147.295,0,0,0,,0,1,0,0,0,1,3,-1.0,"(1.0, 0)"
11380,,54.003887,15.993314,1107,1650,,1450,,120.641,0.111,147.511,0,0,0,,0,1,0,0,0,1,3,-1.0,"(1.0, 0)"
517,Białogard,54.004568,15.990118,1107,1650,,1450,,120.522,0.111,147.439,0,0,0,,0,1,0,0,0,1,3,-1.0,"(1.0, 0)"
12304,,56.946622,24.104832,1350,1650,,1450,,10.025,0.099,367.512,0,0,0,,0,1,0,1,1,1,3,-1.0,"(1.0, 0)"
1333,Gdańsk,54.349211,18.650284,1224,1650,,1450,,0.814,0.095,307.629,0,0,0,,0,1,0,0,0,1,3,-1.0,"(1.0, 0)"
6092,Praha,50.086745,14.420629,1350,1650,,1450,,98.591,0.317,146.237,0,0,0,,1,1,0,0,0,1,3,-1.0,"(1.0, 0)"
6425,Rīga,56.947979,24.106951,1350,1650,,1450,,9.988,0.099,367.362,0,0,0,,0,1,0,0,0,1,3,-1.0,"(1.0, 0)"
7806,Trzebiatów,54.062885,15.265714,1245,1650,,1450,,86.498,0.39,123.0,0,0,0,,0,1,0,0,0,1,3,-1.0,"(1.0, 0)"
8807,Zittau,50.896066,14.805737,1230,1650,,1450,,53.48,0.348,109.847,0,0,0,,1,1,0,0,0,1,3,-1.0,"(1.0, 0)"
8875,Darłowo,54.422131,16.410991,1271,1650,,1450,,145.338,1.756,199.866,0,0,0,,0,1,0,0,0,1,3,-1.0,"(1.0, 0)"
2313,Görlitz,51.15621,14.990651,1200,1650,,1450,,70.234,0.149,117.308,0,0,0,,0,1,0,0,0,1,3,-1.0,"(1.0, 0)"
19787,Altstadtbrücke,51.157718,14.99417,1200,1650,,1450,,70.521,0.038,117.545,0,0,0,,0,1,1,0,0,1,3,-1.0,"(1.0, 0)"
13008,,56.950056,24.105399,1350,1650,,1450,,9.75,0.125,367.13,0,0,0,,0,1,0,0,0,1,3,-1.0,"(1.0, 0)"
16479,,54.350549,18.657577,1224,1650,,1450,,0.341,0.207,308.116,0,0,0,,0,1,0,0,1,1,3,-1.0,"(1.0, 0)"
16480,,54.35083,18.6512,1224,1650,,1450,,0.689,0.095,307.767,0,0,0,,0,1,0,0,0,1,3,-1.0,"(1.0, 0)"
17345,Karlův most,50.086442,14.411767,1350,1650,,1450,,98.457,0.28,145.932,0,0,0,,1,1,1,0,0,1,3,-1.0,"(1.0, 0)"
3888,Köln,50.936623,6.960704,1475,1650,,1500,45000.0,10.821,0.049,23.271,14,46,0,,1,1,0,0,0,1,3,45000.0,"(-45000.0, -46)"
2159,Gent,51.05355,3.724503,1350,1650,,1500,45000.0,0.309,0.074,26.814,4,12,0,,0,1,0,0,0,1,3,45000.0,"(-45000.0, -12)"
1036,Brugge,51.20876,3.224332,1127,1650,,1500,35000.0,0.114,0.029,0.0,6,10,1,interregional,1,1,0,0,0,1,3,35000.0,"(-35000.0, -10)"
2777,Hamburg,53.54798,9.9931,1150,1650,y,1500,30000.0,0.239,0.042,0.0,14,50,1,regional,1,1,0,0,1,1,3,30000.0,"(-30000.0, -50)"
268,Antwerpen,51.221248,4.399862,1350,1650,,1500,30000.0,6.117,0.041,0.0,8,26,1,interregional,0,1,0,0,0,1,3,30000.0,"(-30000.0, -26)"
1333,Gdańsk,54.349211,18.650284,1224,1650,,1500,30000.0,0.814,0.095,307.629,0,0,0,,0,1,0,0,0,1,3,30000.0,"(-30000.0, 0)"
6092,Praha,50.086745,14.420629,1350,1650,,1500,30000.0,98.591,0.317,137.172,0,0,0,,1,1,0,0,0,1,3,30000.0,"(-30000.0, 0)"
7944,Utrecht,52.091844,5.118906,1114,1650,,1500,25000.0,0.315,0.11,0.0,30,82,1,regional,1,0,0,0,1,1,3,25000.0,"(-25000.0, -82)"
4604,Lübeck,53.865911,10.685259,1143,1650,y,1500,25000.0,0.331,0.128,28.181,4,41,0,,1,1,0,0,0,1,3,25000.0,"(-25000.0, -41)"
1826,Erfurt,50.977868,11.028775,1167,1650,y,1500,19000.0,68.224,0.085,0.0,23,84,1,regional,1,1,0,0,0,1,3,19000.0,"(-19000.0, -84)"
942,Braunschweig,52.262815,10.517142,1204,1650,y,1500,18000.0,1.71,0.217,0.0,18,85,1,regional,1,0,0,0,0,1,3,18000.0,"(-18000.0, -85)"
4705,Magdeburg,52.131591,11.638959,1188,1650,y,1500,18000.0,2.984,0.074,0.0,16,60,1,regional,1,1,0,0,0,1,3,18000.0,"(-18000.0, -60)"
973,Bremen,53.075887,8.807392,965,1650,y,1500,18000.0,0.227,0.031,0.0,10,42,1,regional,1,1,0,0,0,1,3,18000.0,"(-18000.0, -42)"
2456,Groningen,53.218044,6.566612,1245,1650,,1500,14000.0,0.09,0.019,0.0,13,60,1,regional,1,1,0,0,0,1,3,14000.0,"(-14000.0, -60)"
4329,Leiden,52.158439,4.490032,1266,1650,,1500,14000.0,0.482,0.049,0.0,13,46,1,regional,0,0,0,0,0,1,3,14000.0,"(-14000.0, -46)"
6425,Rīga,56.947979,24.106951,1350,1650,,1500,13000.0,9.988,0.099,367.362,0,0,0,,0,1,0,0,0,1,3,13000.0,"(-13000.0, 0)"
5430,Nijmegen,51.847301,5.864896,1230,1650,,1500,12000.0,0.432,0.139,0.0,46,124,1,regional,0,1,0,0,0,1,3,12000.0,"(-12000.0, -124)"
2337,Goslar ,51.905882,10.428955,1219,1650,y,1500,12000.0,8.956,0.266,0.0,32,99,1,regional,0,0,0,0,0,1,3,12000.0,"(-12000.0, -99)"
250,Amsterdam,52.373074,4.89257,1300,1650,,1500,12000.0,0.434,0.044,0.0,13,80,1,regional,1,1,0,0,0,1,3,12000.0,"(-12000.0, -80)"
4653,Lüneburg,53.24995,10.40887,1247,1650,y,1500,12000.0,10.035,0.064,0.0,14,49,1,regional,0,1,0,0,0,1,3,12000.0,"(-12000.0, -49)"
1987,Frankfurt am Main,50.110394,8.682175,1142,1650,,1500,12000.0,2.962,0.076,0.0,3,10,1,interregional,0,0,0,0,0,1,3,12000.0,"(-12000.0, -10)"
2352,Gouda,52.011189,4.710352,1272,1650,,1500,11000.0,0.127,0.038,0.0,25,56,1,regional,0,0,0,0,0,1,3,11000.0,"(-11000.0, -56)"
1988,Frankfurt (Oder),52.344244,14.553598,1253,1650,,1500,11000.0,4.539,0.048,69.092,0,5,0,,1,1,0,0,0,1,3,11000.0,"(-11000.0, -5)"
7461,Stralsund,54.316002,13.090474,1234,1650,,1500,11000.0,32.268,0.144,30.902,1,3,0,,1,1,0,0,0,1,3,11000.0,"(-11000.0, -3)"
3050,Hildesheim,52.152756,9.951685,1300,1650,y,1500,10000.0,32.109,0.048,0.0,33,98,1,regional,1,0,0,0,0,1,3,10000.0,"(-10000.0, -98)"
5113,Münster (Westfalen),51.963078,7.628321,1170,1650,,1500,10000.0,25.869,0.155,0.0,17,81,1,regional,0,0,0,0,0,1,3,10000.0,"(-10000.0, -81)"
7230,Soest (Westfalen),51.572658,8.106354,1144,1650,,1500,10000.0,31.376,0.045,0.0,9,55,1,regional,1,0,0,0,0,1,3,10000.0,"(-10000.0, -55)"
1521,Dordrecht,51.81514,4.667133,1220,1650,,1500,10000.0,0.294,0.018,6.051,22,53,0,,1,1,0,0,1,1,3,10000.0,"(-10000.0, -53)"
4698,Maastricht,50.85125,5.690547,1204,1650,y,1500,10000.0,3.21,0.174,0.0,9,36,1,regional,1,1,0,0,0,1,3,10000.0,"(-10000.0, -36)"
6545,Rostock,54.088618,12.139895,1218,1650,,1500,10000.0,8.516,0.093,0.0,2,10,1,regional,0,1,0,0,0,1,3,10000.0,"(-10000.0, -10)"
8505,Wismar,53.891371,11.466215,1226,1650,y,1500,9000.0,33.958,0.062,0.0,5,18,1,regional,1,1,0,0,0,1,3,9000.0,"(-9000.0, -18)"
579,Berlin,52.5184,13.407131,1244,1650,y,1500,9000.0,0.38,0.117,0.0,3,11,1,local,1,1,0,0,0,1,3,9000.0,"(-9000.0, -11)"
7413,Szczecin,53.424101,14.559637,1243,1650,,1500,9000.0,10.144,0.11,51.176,0,2,0,,1,1,0,0,0,1,3,9000.0,"(-9000.0, -2)"
1545,Dortmund,51.514287,7.466708,1138,1650,,1500,8000.0,15.091,0.264,0.0,16,66,1,regional,1,0,0,0,0,1,3,8000.0,"(-8000.0, -66)"
2002,Freiberg,50.916999,13.343914,1170,1650,n,1500,8000.0,28.192,0.234,28.759,1,14,0,,1,1,0,0,0,1,3,8000.0,"(-8000.0, -14)"
2313,Görlitz,51.15621,14.990651,1200,1650,,1500,8000.0,70.234,0.149,106.014,0,0,0,,0,1,0,0,0,1,3,8000.0,"(-8000.0, 0)"
1417,Deventer,52.251815,6.160268,1123,1650,,1500,7000.0,0.252,0.086,0.0,48,113,1,regional,1,0,0,0,0,1,3,7000.0,"(-7000.0, -113)"
8866,Zwolle,52.51226,6.092754,1230,1650,y,1500,7000.0,0.305,0.164,0.0,43,109,1,regional,1,1,0,0,0,1,3,7000.0,"(-7000.0, -109)"
3541,Kampen ,52.55863,5.916728,1230,1650,,1500,7000.0,0.33,0.028,0.0,32,102,1,regional,0,0,0,0,0,1,3,7000.0,"(-7000.0, -102)"
0,Göttingen,51.532781,9.935188,1230,1650,y,1500,7000.0,21.013,0.053,0.0,29,93,1,regional,1,0,0,0,0,1,3,7000.0,"(-7000.0, -93)"
6477,Roermond,51.195619,5.985689,1224,1650,,1500,7000.0,0.208,0.083,0.0,30,77,1,regional,1,1,0,0,0,1,3,7000.0,"(-7000.0, -77)"
2765,Halle (Saale),51.482658,11.969805,1170,1650,y,1500,7000.0,15.991,0.061,0.0,23,69,1,regional,1,0,0,0,0,1,3,7000.0,"(-7000.0, -69)"
4337,Leipzig,51.339915,12.374475,1170,1650,y,1500,7000.0,7.631,0.185,0.0,19,50,1,interregional,1,0,0,0,0,1,3,7000.0,"(-7000.0, -50)"
8876,Middelburg (Walcheren),51.4984,3.611522,1217,1650,,1500,7000.0,1.816,0.27,0.0,8,21,1,regional,1,1,0,0,0,1,3,7000.0,"(-7000.0, -21)"
296,Arnhem,51.978705,5.910977,1233,1650,,1500,6000.0,0.37,0.14,0.0,45,120,1,regional,1,1,0,0,0,1,3,6000.0,"(-6000.0, -120)"
5704,Osnabrück,52.2772,8.041195,1171,1650,y,1500,6000.0,36.63,0.087,0.0,19,75,1,regional,1,0,0,0,0,1,3,6000.0,"(-6000.0, -75)"
949,Breda,51.588294,4.776283,1198,1650,,1500,6000.0,9.14,0.036,0.0,15,64,1,regional,1,1,0,0,0,1,3,6000.0,"(-6000.0, -64)"
8763,Zerbst,51.966935,12.084514,1200,1650,y,1500,6000.0,9.926,0.159,0.0,8,49,1,regional,0,0,0,0,0,1,3,6000.0,"(-6000.0, -49)"
4716,Mainz,49.999541,8.27359,297,1650,,1500,6000.0,0.672,0.069,31.668,2,7,0,,0,1,0,0,0,1,3,6000.0,"(-6000.0, -7)"
5165,Naumburg (Saale),51.152263,11.809909,1033,1650,y,1500,5000.0,42.154,0.138,0.0,30,61,1,interregional,1,0,0,0,0,1,3,5000.0,"(-5000.0, -61)"
11862,Alkmaar,52.630722,4.749201,1254,1650,,1500,5000.0,1.063,0.228,30.248,3,48,0,,0,1,0,0,0,1,3,5000.0,"(-5000.0, -48)"
1790,Emden,53.366864,7.206328,1433,1650,y,1500,5000.0,18.98,0.137,0.0,19,47,1,regional,1,1,0,0,0,1,3,5000.0,"(-5000.0, -47)"
928,Brandenburg (Havel),52.413985,12.553797,1170,1650,y,1500,5000.0,0.719,0.066,0.0,6,25,1,local,1,1,0,0,0,1,3,5000.0,"(-5000.0, -25)"
1570,Dresden,51.049734,13.737918,1200,1650,,1500,5000.0,8.557,0.123,22.53,1,5,0,,1,1,0,0,0,1,3,5000.0,"(-5000.0, -5)"
8807,Zittau,50.896066,14.805737,1230,1650,,1500,5000.0,53.48,0.348,97.985,0,1,0,,1,1,0,0,0,1,3,5000.0,"(-5000.0, -1)"
2807,Harderwijk,52.350136,5.618408,1231,1650,,1500,4000.0,19.975,0.118,0.0,41,92,1,regional,1,1,0,0,0,1,3,4000.0,"(-4000.0, -92)"
4958,Minden,52.28806,8.916805,1230,1650,y,1500,4000.0,2.405,0.108,0.0,19,85,1,regional,0,1,0,0,0,1,3,4000.0,"(-4000.0, -85)"
3580,Kassel,51.315808,9.50533,1180,1650,y,1500,4000.0,0.173,0.061,0.0,23,71,1,local,0,1,0,0,0,1,3,4000.0,"(-4000.0, -71)"
8901,Vlissingen,51.442123,3.572776,1315,1650,,1500,4000.0,0.349,0.186,6.809,8,17,0,,1,1,0,0,1,1,3,4000.0,"(-4000.0, -17)"
8853,Zutphen,52.141452,6.195327,1191,1650,,1500,3000.0,0.346,0.054,0.0,38,119,1,regional,1,0,0,0,0,1,3,3000.0,"(-3000.0, -119)"
8000,Venlo,51.370573,6.169413,1343,1650,,1500,3000.0,2.382,0.077,0.0,31,98,1,regional,1,1,0,0,0,1,3,3000.0,"(-3000.0, -98)"
1865,Essen,51.456963,7.012649,1244,1650,,1500,3000.0,7.625,0.101,0.0,25,89,1,regional,0,0,0,0,0,1,3,3000.0,"(-3000.0, -89)"
186,Altenburg ,50.985257,12.433309,1205,1650,y,1500,3000.0,32.019,0.101,0.0,13,46,1,regional,1,0,0,0,0,1,3,3000.0,"(-3000.0, -46)"
3646,Kiel,54.323309,10.139494,1242,1650,y,1500,3000.0,20.9,0.248,0.0,11,43,1,interregional,0,0,0,0,0,1,3,3000.0,"(-3000.0, -43)"
72,Aarhus,56.157091,10.209522,1300,1650,,1500,3000.0,108.178,0.052,0.0,5,12,1,regional,1,0,0,0,0,1,3,3000.0,"(-3000.0, -12)"
8902,Ribe,55.328145,8.762129,800,1650,,1500,3000.0,100.316,0.063,0.0,5,11,1,regional,1,1,0,0,0,1,3,3000.0,"(-3000.0, -11)"
1611,Duisburg,51.435337,6.760599,1145,1650,,1500,2000.0,0.646,0.081,15.014,30,93,0,,0,1,0,0,0,1,3,2000.0,"(-2000.0, -93)"
1639,Düsseldorf,51.225891,6.772236,1288,1650,,1500,2000.0,1.421,0.043,0.0,27,63,1,regional,1,0,0,0,0,1,3,2000.0,"(-2000.0, -63)"
5304,Neuss,51.197927,6.692717,1200,1650,,1500,2000.0,0.299,0.1,0.0,30,63,1,regional,1,0,0,0,0,1,3,2000.0,"(-2000.0, -63)"
8005,Verden,52.919986,9.22902,1259,1650,y,1500,2000.0,2.193,0.097,0.0,6,57,1,regional,1,0,0,0,0,1,3,2000.0,"(-2000.0, -57)"
8752,Zeitz,51.050307,12.134652,1147,1650,y,1500,2000.0,30.14,0.277,0.0,23,51,1,regional,0,1,0,0,0,1,3,2000.0,"(-2000.0, -51)"
5623,Oldenburg (Oldenburg),53.138916,8.214479,1345,1650,y,1500,2000.0,27.756,0.095,0.0,11,46,1,regional,1,1,0,0,0,1,3,2000.0,"(-2000.0, -46)"
7321,Stade,53.603069,9.476003,1209,1650,y,1500,2000.0,1.87,0.016,0.0,23,45,1,regional,1,1,0,1,1,1,3,2000.0,"(-2000.0, -45)"
8513,Lutherstadt Wittenberg,51.866385,12.643187,1293,1650,y,1500,2000.0,6.443,0.266,39.915,6,44,0,,1,1,0,0,0,1,3,2000.0,"(-2000.0, -44)"
11913,Goes,51.504595,3.890265,1405,1650,,1500,2000.0,14.768,0.056,0.0,9,25,1,regional,0,0,0,0,0,1,3,2000.0,"(-2000.0, -25)"
2602,Großenhain,51.291728,13.530913,1200,1650,,1500,2000.0,12.718,0.186,14.911,1,11,0,,1,1,0,0,0,1,3,2000.0,"(-2000.0, -11)"
4168,Kostrzyn nad Odrą,52.579019,14.637092,1300,1650,,1500,2000.0,9.088,0.152,42.938,2,5,0,,1,1,0,0,0,1,3,2000.0,"(-2000.0, -5)"
18118,Turku,60.450667,22.275951,1300,1650,,1500,2000.0,344.064,0.064,0.0,4,4,1,regional,1,0,0,0,0,1,3,2000.0,"(-2000.0, -4)"
4220,Gorzów Wielkopolski,52.731058,15.240125,1257,1650,,1500,2000.0,5.565,0.082,49.812,2,2,0,,0,1,0,0,0,1,3,2000.0,"(-2000.0, -2)"
2409,Greifswald,54.09608,13.380983,1250,1650,,1500,2000.0,2.216,0.149,0.0,1,2,1,local,1,1,0,0,0,1,3,2000.0,"(-2000.0, -2)"
2778,Hameln,52.104508,9.356435,1200,1650,y,1500,1000.0,3.199,0.095,0.0,33,87,1,regional,0,0,0,0,0,1,3,1000.0,"(-1000.0, -87)"
3411,Jena ,50.928178,11.588112,1230,1650,y,1500,1000.0,67.445,0.049,0.0,28,73,1,regional,1,0,0,0,0,1,3,1000.0,"(-1000.0, -73)"
1177,Celle,52.624105,10.081862,1292,1650,y,1500,1000.0,0.358,0.029,0.0,16,66,1,local,1,1,0,0,0,1,3,1000.0,"(-1000.0, -66)"
8272,Weißenfels,51.201045,11.972454,1280,1650,y,1500,1000.0,29.727,0.072,0.0,31,57,1,local,0,1,0,0,0,1,3,1000.0,"(-1000.0, -57)"
3852,Koblenz,50.360368,7.595445,1276,1650,,1500,1000.0,0.758,0.042,55.744,0,5,0,,1,1,0,0,0,1,3,1000.0,"(-1000.0, -5)"
5949,Pirna,50.962273,13.941934,1240,1650,,1500,1000.0,7.68,0.109,39.802,1,3,0,,1,1,0,0,0,1,3,1000.0,"(-1000.0, -3)"
8774,Zevenaar,51.928101,6.07639,1487,1650,,1500,,4.423,1.604,10.442,41,127,0,,1,1,0,0,0,1,3,-1.0,"(1.0, -127)"
11722,Hezelpoort,51.848398,5.85704,1230,1650,,1500,,0.172,0.161,0.553,46,126,0,,0,1,0,0,1,1,3,-1.0,"(1.0, -126)"
1484,Doesburg,52.01499,6.134222,1237,1650,,1500,,0.089,0.129,0.0,38,126,1,regional,1,0,0,0,0,1,3,-1.0,"(1.0, -126)"
11690,,51.849767,5.865526,1230,1650,,1500,,0.285,0.139,0.278,46,124,0,,1,1,0,1,1,1,3,-1.0,"(1.0, -124)"
11408,,51.9799448,5.8990024,1233,1650,,1500,,0.399,0.055,0.832,45,120,0,,0,1,0,1,0,1,3,-1.0,"(1.0, -120)"
11149,,51.980727,5.899969,1233,1650,,1500,,0.383,0.055,0.787,45,120,0,,1,1,0,0,1,1,3,-1.0,"(1.0, -120)"
9886,,51.976552,5.908878,1233,1650,,1500,,0.297,0.14,0.279,45,120,0,,0,1,0,0,1,1,3,-1.0,"(1.0, -120)"
13895,,51.979661,5.907061,1233,1650,,1500,,0.213,0.144,0.289,45,120,0,,0,1,0,0,0,1,3,-1.0,"(1.0, -120)"
17802,,51.981705,5.901128,1233,1650,,1500,,0.409,0.067,0.753,45,120,0,,0,1,0,0,0,1,3,-1.0,"(1.0, -120)"
839,Borken,51.844299,6.859231,1222,1650,,1500,,19.877,0.138,0.0,15,116,1,regional,0,0,0,0,0,1,3,-1.0,"(1.0, -116)"
11701,,51.760701,5.741658,1279,1650,,1500,,3.684,0.061,0.122,33,114,0,,1,1,0,1,1,1,3,-1.0,"(1.0, -114)"
2396,Grave,51.759622,5.741361,1279,1650,,1500,,3.736,0.061,0.0,33,114,1,local,0,1,0,0,0,1,3,-1.0,"(1.0, -114)"
12923,,51.758592,5.740709,1279,1650,,1500,,3.767,0.062,0.123,33,114,0,,0,1,0,0,0,1,3,-1.0,"(1.0, -114)"
11343,,52.514304,6.089266,1230,1650,y,1500,,0.529,0.164,0.328,43,109,0,,0,1,0,0,1,1,3,-1.0,"(1.0, -109)"
5092,Mühlhausen/Thüringen,51.207306,10.459939,1135,1650,y,1500,,24.464,0.157,0.0,24,105,1,regional,1,0,0,0,0,1,3,-1.0,"(1.0, -105)"
2805,Hardenberg,52.57552,6.61681,1362,1650,,1500,,2.51,0.061,0.0,38,102,1,regional,1,0,0,0,0,1,3,-1.0,"(1.0, -102)"
1240,Coevorden,52.661176,6.741299,1407,1650,,1500,,10.194,0.124,0.0,33,99,1,regional,1,0,0,0,0,1,3,-1.0,"(1.0, -99)"
10587,,51.371192,6.167428,1343,1650,,1500,,2.273,0.077,0.154,31,98,0,,1,1,0,1,1,1,3,-1.0,"(1.0, -98)"
1753,Elburg,52.448446,5.833982,1233,1650,,1500,,13.719,0.1,0.0,36,96,1,regional,0,0,0,0,0,1,3,-1.0,"(1.0, -96)"
11811,,51.43515,6.762927,1145,1650,,1500,,0.636,0.081,14.906,30,93,0,,0,1,0,0,0,1,3,-1.0,"(1.0, -93)"
11812,,51.436748,6.75724,1145,1650,,1500,,0.629,0.14,15.092,30,93,0,,0,1,0,0,1,1,3,-1.0,"(1.0, -93)"
14704,,52.350668,5.615042,1231,1650,,1500,,19.821,0.118,0.236,41,92,0,,0,1,0,0,1,1,3,-1.0,"(1.0, -92)"
8884,Rinteln,52.187439,9.08,1239,1650,y,1500,,3.187,0.162,0.0,21,89,1,regional,1,0,0,0,0,1,3,-1.0,"(1.0, -89)"
3026,Hessisch Oldendorf,52.168528,9.249764,1405,1650,y,1500,,0.612,0.125,0.0,29,88,1,regional,0,0,0,0,0,1,3,-1.0,"(1.0, -88)"
3240,Höxter,51.773997,9.381219,1150,1650,,1500,,3.67,0.075,0.0,42,87,1,regional,0,0,0,0,0,1,3,-1.0,"(1.0, -87)"
13630,,52.297088,5.161749,1353,1650,,1500,,0.583,0.035,20.147,22,86,0,,0,1,0,0,1,1,3,-1.0,"(1.0, -86)"
5131,Naarden,52.296587,5.162391,1353,1650,,1500,,0.631,0.035,20.21,22,86,0,,0,1,0,0,0,1,3,-1.0,"(1.0, -86)"
11805,,52.289841,8.922175,1230,1650,,1500,,2.592,0.052,0.415,19,85,0,,0,1,0,0,0,1,3,-1.0,"(1.0, -85)"
8932,,52.29,8.9166,1230,1650,,1500,,2.621,0.108,0.216,19,85,0,,0,1,0,0,0,1,3,-1.0,"(1.0, -85)"
8937,,52.28973,8.92368,1230,1650,y,1500,,2.586,0.052,0.503,19,85,0,,0,1,1,1,0,1,3,-1.0,"(1.0, -85)"
9001,Schlagde,52.291049,8.923151,1230,1650,,1500,,2.73,0.075,0.545,19,85,0,,0,1,0,0,1,1,3,-1.0,"(1.0, -85)"
11702,,50.974384,11.046882,1167,1650,,1500,,69.548,0.188,1.326,24,84,0,,0,1,0,0,0,1,3,-1.0,"(1.0, -84)"
9622,,50.982854,11.020513,1167,1650,,1500,,67.49,0.286,0.801,23,84,0,,0,1,0,0,0,1,3,-1.0,"(1.0, -84)"
9627,,50.97749,11.024909,1167,1650,,1500,,67.985,0.05,0.274,23,84,0,,0,1,0,0,0,1,3,-1.0,"(1.0, -84)"
9978,Krämerbrücke,50.978748,11.031328,1167,1650,y,1500,,68.358,0.102,0.204,23,84,0,,1,1,1,0,0,1,3,-1.0,"(1.0, -84)"
14098,,50.979265,11.034763,1167,1650,,1500,,68.564,0.089,0.447,20,84,0,,0,1,0,0,0,1,3,-1.0,"(1.0, -84)"
17410,,50.977738,11.035536,1167,1650,,1500,,68.673,0.072,0.474,20,84,0,,0,1,0,0,0,1,3,-1.0,"(1.0, -84)"
17411,,50.976524,11.034812,1167,1650,,1500,,68.673,0.03,0.448,20,84,0,,0,1,0,0,0,1,3,-1.0,"(1.0, -84)"
17412,,50.973855,11.027527,1167,1650,,1500,,68.298,0.066,0.455,23,84,0,,0,1,0,0,0,1,3,-1.0,"(1.0, -84)"
17413,,50.976078,11.03435,1167,1650,,1500,,68.659,0.03,0.438,20,84,0,,0,1,0,0,0,1,3,-1.0,"(1.0, -84)"
17463,Lehmannsbrücke,50.98071,11.027924,1167,1650,y,1500,,68.06,0.145,0.322,23,84,0,,0,1,1,0,0,1,3,-1.0,"(1.0, -84)"
17464,Schlösserbrücke,50.97686,11.030585,1167,1650,y,1500,,68.382,0.085,0.169,23,84,0,,0,1,1,0,0,1,3,-1.0,"(1.0, -84)"
17465,Lange Brücke,50.974948,11.026765,1167,1650,y,1500,,68.206,0.066,0.354,23,84,0,,0,1,1,0,0,1,3,-1.0,"(1.0, -84)"
17466,Roßbrücke,50.97358,11.022602,1167,1650,y,1500,,67.986,0.173,0.644,23,84,0,,0,1,1,0,0,1,3,-1.0,"(1.0, -84)"
17467,Löberbrücke,50.972204,11.030279,1167,1650,,1500,,68.543,0.133,0.639,23,84,0,,0,1,1,0,0,1,3,-1.0,"(1.0, -84)"
17468,Augustbrücke,50.974186,11.035831,1167,1650,,1500,,68.83,0.117,0.642,20,84,0,,0,1,1,0,0,1,3,-1.0,"(1.0, -84)"
17469,Krämpferbrücke,50.978604,11.037505,1167,1650,y,1500,,68.77,0.084,0.617,20,84,0,,0,1,1,0,0,1,3,-1.0,"(1.0, -84)"
17470,Johannesbrücke,50.983446,11.029388,1167,1650,y,1500,,68.052,0.092,0.622,23,84,0,,0,1,1,0,0,1,3,-1.0,"(1.0, -84)"
17471,Löbertorbrücke,50.969698,11.031218,1167,1650,y,1500,,68.704,0.143,0.924,27,84,0,,0,1,1,0,0,1,3,-1.0,"(1.0, -84)"
17472,Schmidtstedtertorbrücke,50.974359,11.041507,1167,1650,y,1500,,69.196,0.188,0.973,24,84,0,,0,1,1,0,0,1,3,-1.0,"(1.0, -84)"
17473,Krämpfertorbrücke,50.980327,11.039897,1167,1650,y,1500,,68.862,0.127,0.825,20,84,0,,0,1,1,0,0,1,3,-1.0,"(1.0, -84)"
17474,Johannestorbrücke,50.986379,11.027945,1167,1650,y,1500,,67.848,0.171,0.948,25,84,0,,0,1,1,0,0,1,3,-1.0,"(1.0, -84)"
17475,,50.982263,11.031239,1167,1650,,1500,,68.219,0.092,0.518,23,84,0,,0,1,0,0,0,1,3,-1.0,"(1.0, -84)"
17476,,50.978277,11.024222,1167,1650,,1500,,67.909,0.05,0.322,23,84,0,,0,1,0,0,0,1,3,-1.0,"(1.0, -84)"
4353,Lemgo,52.028386,8.901262,1190,1650,,1500,,15.982,0.206,0.0,24,82,1,regional,1,0,0,0,0,1,3,-1.0,"(1.0, -82)"
7369,Steenwijk,52.78694,6.116357,1296,1650,,1500,,0.932,0.137,0.0,26,82,1,regional,0,0,0,0,0,1,3,-1.0,"(1.0, -82)"
19525,,52.36923,4.891019,1300,1650,,1500,,0.841,0.043,0.44,13,80,0,,0,1,0,0,0,1,3,-1.0,"(1.0, -80)"
19526,,52.372476,4.893958,1300,1650,,1500,,0.429,0.012,0.115,13,80,0,,0,1,0,0,0,1,3,-1.0,"(1.0, -80)"
19537,Paulusbroedersluis,52.371494,4.896887,1300,1650,,1500,,0.481,0.04,0.342,13,80,0,,0,1,1,0,0,1,3,-1.0,"(1.0, -80)"
19535,Varkenssluis,52.371851,4.895852,1300,1650,,1500,,0.449,0.04,0.261,13,80,0,,0,1,1,0,0,1,3,-1.0,"(1.0, -80)"
19527,,52.37622,4.899628,1300,1650,,1500,,0.176,0.044,0.593,13,80,0,,0,1,0,0,0,1,3,-1.0,"(1.0, -80)"
19538,,52.371052,4.898518,1300,1650,,1500,,0.538,0.009,0.462,13,80,0,,0,1,0,0,0,1,3,-1.0,"(1.0, -80)"
19528,Nieuwe Brug,52.376816,4.898797,1300,1650,,1500,,0.159,0.028,0.593,13,80,0,,0,1,1,0,0,1,3,-1.0,"(1.0, -80)"
19539,Bushuissluis,52.370986,4.898754,1300,1650,,1500,,0.548,0.009,0.48,13,80,0,,0,1,0,0,0,1,3,-1.0,"(1.0, -80)"
11849,Oudewater,52.022978,4.872386,1257,1650,,1500,,0.096,0.096,11.166,29,80,0,,1,1,0,0,1,1,3,-1.0,"(1.0, -80)"
17,,51.41919,9.6528,1183,1650,y,1500,,4.148,0.03,15.393,34,80,0,,0,1,1,0,0,1,3,-1.0,"(1.0, -80)"
18,Hann. Münden,51.417743,9.65191,1183,1650,y,1500,,4.0,0.062,15.232,34,80,0,,0,1,0,0,0,1,3,-1.0,"(1.0, -80)"
14910,Rokin,52.372306,4.892819,1300,1650,y,1500,,0.487,0.044,0.087,13,80,0,,0,1,0,0,1,1,3,-1.0,"(1.0, -80)"
19529,,52.377477,4.89759,1300,1650,,1500,,0.188,0.008,0.597,13,80,0,,0,1,0,0,0,1,3,-1.0,"(1.0, -80)"
12707,,52.021649,4.870602,1257,1650,,1500,,0.096,0.077,11.028,29,80,0,,0,1,0,0,0,1,3,-1.0,"(1.0, -80)"
12840,,52.385612,4.882023,1300,1650,,1500,,1.496,0.688,1.567,11,80,0,,0,1,0,0,0,1,3,-1.0,"(1.0, -80)"
8933,Bremer Schlagd,51.418997,9.650177,1183,1650,,1500,,3.994,0.052,15.257,34,80,0,,0,1,0,0,1,1,3,-1.0,"(1.0, -80)"
9290,Kasseler Schlagd,51.417357,9.649215,1183,1650,,1500,,3.826,0.096,15.076,34,80,0,,0,1,0,0,1,1,3,-1.0,"(1.0, -80)"
9291,Wanfrieder Schlagd,51.418839,9.65165,1183,1650,,1500,,4.061,0.052,15.311,34,80,0,,0,1,0,0,1,1,3,-1.0,"(1.0, -80)"
10785,,52.377087,4.896699,1300,1650,,1500,,0.144,0.037,0.527,13,80,0,,0,1,0,0,0,1,3,-1.0,"(1.0, -80)"
19547,,52.377136,4.898164,1300,1650,,1500,,0.163,0.027,0.59,13,80,0,,0,1,0,0,0,1,3,-1.0,"(1.0, -80)"
12481,,52.018818,5.0443,1363,1650,,1500,,0.165,0.049,9.589,28,80,0,,0,1,0,0,1,1,3,-1.0,"(1.0, -80)"
19530,Oude Brug,52.375525,4.897005,1300,1650,,1500,,0.033,0.026,0.406,13,80,0,,0,1,1,0,0,1,3,-1.0,"(1.0, -80)"
19531,,52.376066,4.895621,1300,1650,,1500,,0.106,0.03,0.392,13,80,0,,0,1,0,0,0,1,3,-1.0,"(1.0, -80)"
19532,,52.375158,4.897885,1300,1650,,1500,,0.089,0.036,0.429,13,80,0,,0,1,0,0,0,1,3,-1.0,"(1.0, -80)"
19533,Lange Brug,52.36923,4.89229,1300,1650,,1500,,0.802,0.043,0.428,13,80,0,,0,1,1,0,0,1,3,-1.0,"(1.0, -80)"
10786,Damrak,52.374318,4.894645,1300,1650,y,1500,,0.237,0.047,0.197,13,80,0,,0,1,0,0,1,1,3,-1.0,"(1.0, -80)"
19548,,52.377311,4.899601,1300,1650,,1500,,0.237,0.085,0.671,13,80,0,,0,1,0,0,0,1,3,-1.0,"(1.0, -80)"
19536,,52.372948,4.900213,1300,1650,,1500,,0.382,0.12,0.519,13,80,0,,0,1,0,0,0,1,3,-1.0,"(1.0, -80)"
3300,IJsselstein,52.019446,5.043281,1363,1650,,1500,,0.194,0.049,9.568,28,80,0,,0,1,0,0,0,1,3,-1.0,"(1.0, -80)"
19540,,52.370508,4.900647,1300,1650,,1500,,0.637,0.07,0.618,13,80,0,,0,1,0,0,0,1,3,-1.0,"(1.0, -80)"
19534,,52.372653,4.894141,1300,1650,,1500,,0.406,0.012,0.116,13,80,0,,0,1,0,0,0,1,3,-1.0,"(1.0, -80)"
19546,,52.375792,4.896372,1300,1650,,1500,,0.051,0.026,0.397,13,80,0,,0,1,0,0,0,1,3,-1.0,"(1.0, -80)"
12842,,52.377573,4.897774,1300,1650,,1500,,0.2,0.008,0.612,13,80,0,,0,1,0,1,0,1,3,-1.0,"(1.0, -80)"
13886,,52.021024,5.047642,1363,1650,,1500,,0.17,0.173,9.26,28,80,0,,0,1,1,1,0,1,3,-1.0,"(1.0, -80)"
13982,,52.021493,4.870933,1257,1650,,1500,,0.099,0.07,11.049,29,80,0,,0,1,1,1,0,1,3,-1.0,"(1.0, -80)"
12677,,52.086498,4.885618,1372,1650,,1500,,2.605,0.02,14.621,27,77,0,,0,1,0,0,0,1,3,-1.0,"(1.0, -77)"
2840,Haselünne,52.673601,7.486447,1220,1650,y,1500,,6.69,0.116,0.0,22,77,1,regional,1,0,0,0,0,1,3,-1.0,"(1.0, -77)"
12921,,51.194644,5.983897,1224,1650,,1500,,0.195,0.083,0.165,30,77,0,,0,1,0,0,1,1,3,-1.0,"(1.0, -77)"
11903,Woerden,52.086272,4.885158,1372,1650,,1500,,2.57,0.02,14.581,27,77,0,,1,1,0,0,1,1,3,-1.0,"(1.0, -77)"
14660,,51.197919,5.981903,1224,1650,,1500,,0.195,0.184,0.367,30,77,0,,1,1,0,1,0,1,3,-1.0,"(1.0, -77)"
11636,,51.316143,9.508501,1180,1650,,1500,,0.051,0.155,0.224,23,71,0,,0,1,0,0,0,1,3,-1.0,"(1.0, -71)"
11637,Schlagd,51.316049,9.507041,1180,1650,,1500,,0.051,0.061,0.122,23,71,0,,0,1,0,0,1,1,3,-1.0,"(1.0, -71)"
9344,,51.316588,9.510959,1180,1650,,1500,,0.089,0.174,0.401,23,71,0,,0,1,0,0,1,1,3,-1.0,"(1.0, -71)"
9346,,51.314434,9.505886,1180,1650,,1500,,0.227,0.079,0.158,23,71,0,,1,1,1,0,0,1,3,-1.0,"(1.0, -71)"
8967,,52.62741,10.07964,1292,1650,y,1500,,0.128,0.092,0.397,10,66,0,,0,1,0,0,0,1,3,-1.0,"(1.0, -66)"
8954,,52.62567,10.07715,1292,1650,,1500,,0.128,0.144,0.363,10,66,0,,0,1,0,0,1,1,3,-1.0,"(1.0, -66)"
9121,,52.623592,10.082078,1292,1650,,1500,,0.411,0.029,0.059,16,66,0,,0,1,0,0,0,1,3,-1.0,"(1.0, -66)"
9231,,52.626677,10.081072,1292,1650,,1500,,0.181,0.075,0.291,10,66,0,,0,1,0,0,0,1,3,-1.0,"(1.0, -66)"
12800,,51.589834,4.773145,1198,1650,,1500,,8.905,0.138,0.276,15,64,0,,0,1,0,0,1,1,3,-1.0,"(1.0, -64)"
16362,,51.58835,4.771352,1198,1650,,1500,,8.802,0.135,0.341,15,64,0,,0,1,1,0,0,1,3,-1.0,"(1.0, -64)"
2036,Friesoythe,53.020459,7.858919,1366,1650,y,1500,,11.784,1.128,0.0,15,62,1,regional,1,0,0,0,1,1,3,-1.0,"(1.0, -62)"
7973,Vechta,52.728249,8.285466,1269,1650,y,1500,,51.525,1.052,0.0,12,61,1,regional,0,0,0,0,0,1,3,-1.0,"(1.0, -61)"
5421,Nieuwstadt,51.036805,5.860058,1242,1650,y,1500,,6.448,1.053,0.0,17,61,1,regional,0,0,0,0,0,1,3,-1.0,"(1.0, -61)"
20547,,53.216851,6.573825,1245,1650,,1500,,0.038,0.008,0.498,13,60,0,,0,1,0,0,0,1,3,-1.0,"(1.0, -60)"
20548,,53.217631,6.573445,1245,1650,,1500,,0.053,0.091,0.457,13,60,0,,0,1,0,0,0,1,3,-1.0,"(1.0, -60)"
20544,Steentilbrug,53.216887,6.574072,1245,1650,,1500,,0.041,0.008,0.513,13,60,0,,0,1,0,0,0,1,3,-1.0,"(1.0, -60)"
20545,A-brug,53.216613,6.559369,1245,1650,,1500,,0.454,0.009,0.508,13,60,0,,0,1,0,0,0,1,3,-1.0,"(1.0, -60)"
20546,Boteringebrug,53.221307,6.562786,1245,1650,,1500,,0.363,0.221,0.443,13,60,0,,0,1,0,0,0,1,3,-1.0,"(1.0, -60)"
9542,,52.127033,11.651974,1188,1650,y,1500,,2.17,0.049,1.023,16,60,0,,0,1,1,0,0,1,3,-1.0,"(1.0, -60)"
10810,,53.216251,6.557344,1245,1650,,1500,,0.593,0.07,0.648,13,60,0,,0,1,0,0,1,1,3,-1.0,"(1.0, -60)"
11519,,52.128172,11.642789,1188,1650,y,1500,,2.525,0.141,0.461,16,60,0,,0,1,1,0,0,1,3,-1.0,"(1.0, -60)"
19942,,52.131943,11.63686,1188,1650,,1500,,3.091,0.074,0.149,16,60,0,,0,1,0,0,0,1,3,-1.0,"(1.0, -60)"
12656,,53.219279,6.557448,1245,1650,,1500,,0.54,0.166,0.625,13,60,0,,0,1,0,0,1,1,3,-1.0,"(1.0, -60)"
12657,,53.216754,6.574033,1245,1650,,1500,,0.053,0.009,0.515,13,60,0,,0,1,0,0,1,1,3,-1.0,"(1.0, -60)"
12699,,53.21659,6.559636,1245,1650,,1500,,0.439,0.009,0.492,13,60,0,,0,1,0,0,0,1,3,-1.0,"(1.0, -60)"
13405,,52.129381,11.643691,1188,1650,,1500,,2.616,0.106,0.406,16,60,0,,0,1,0,0,1,1,3,-1.0,"(1.0, -60)"
13407,,52.130336,11.635913,1188,1650,,1500,,2.976,0.095,0.25,16,60,0,,0,1,0,0,0,1,3,-1.0,"(1.0, -60)"
13450,,53.217862,6.566126,1245,1650,,1500,,0.08,0.019,0.038,13,60,0,,0,1,0,0,0,1,3,-1.0,"(1.0, -60)"
16278,,52.130509,11.641203,1188,1650,,1500,,2.805,0.097,0.195,16,60,0,,0,1,0,0,0,1,3,-1.0,"(1.0, -60)"
11328,,51.202681,11.966501,1280,1650,,1500,,30.08,0.226,0.453,31,58,0,,0,1,0,0,0,1,3,-1.0,"(1.0, -58)"
10940,,51.199756,11.972437,1280,1650,,1500,,29.767,0.072,0.143,31,57,0,,0,1,0,0,0,1,3,-1.0,"(1.0, -57)"
10941,,51.198936,11.974347,1280,1650,,1500,,29.664,0.081,0.269,31,57,0,,0,1,0,0,0,1,3,-1.0,"(1.0, -57)"
2094,Gardelegen,52.526638,11.391921,1241,1650,y,1500,,36.143,0.326,0.0,13,54,1,regional,1,0,0,0,0,1,3,-1.0,"(1.0, -54)"
12625,,51.815016,4.660896,1220,1650,,1500,,0.623,0.214,5.728,22,53,0,,0,1,0,1,0,1,3,-1.0,"(1.0, -53)"
12780,,51.819893,4.670869,1220,1650,,1500,,0.294,0.226,5.955,22,53,0,,0,1,0,0,0,1,3,-1.0,"(1.0, -53)"
13437,,51.818733,4.675438,1220,1650,,1500,,0.463,0.167,6.29,22,53,0,,0,1,0,1,0,1,3,-1.0,"(1.0, -53)"
14863,,51.818038,4.670721,1220,1650,,1500,,0.132,0.167,6.06,22,53,0,,0,1,0,0,0,1,3,-1.0,"(1.0, -53)"
14903,,51.814815,4.667026,1220,1650,,1500,,0.33,0.018,6.067,22,53,0,,0,1,0,0,0,1,3,-1.0,"(1.0, -53)"
18157,haven dordrecht,51.813839,4.659768,1220,1650,,1500,,0.755,0.212,5.757,22,53,0,,0,1,0,0,1,0,3,-1.0,"(1.0, -53)"
10075,Auebrücke,51.055019,12.137194,1147,1650,y,1500,,29.61,0.053,0.553,24,51,0,,1,1,1,0,0,1,3,-1.0,"(1.0, -51)"
9693,,53.549938,9.99918,1150,1650,,1500,,0.303,0.101,0.457,14,50,0,,0,1,0,0,0,1,3,-1.0,"(1.0, -50)"
8980,,53.54469,9.98846,1150,1650,y,1500,,0.239,0.226,0.477,14,50,0,,0,1,0,0,1,1,3,-1.0,"(1.0, -50)"
8981,,53.547151,10.000745,1150,1650,y,1500,,0.257,0.233,0.513,14,50,0,,0,1,0,0,1,1,3,-1.0,"(1.0, -50)"
9697,,53.547316,9.993701,1150,1650,,1500,,0.166,0.042,0.084,14,50,0,,0,1,0,0,0,1,3,-1.0,"(1.0, -50)"
9691,,53.552225,9.994677,1150,1650,y,1500,,0.539,0.133,0.483,14,50,0,,0,1,0,0,1,1,3,-1.0,"(1.0, -50)"
9692,,53.549989,9.996123,1150,1650,,1500,,0.275,0.101,0.3,14,50,0,,0,1,0,0,0,1,3,-1.0,"(1.0, -50)"
10816,,53.550134,10.005208,1150,1650,,1500,,0.617,0.085,0.835,14,50,0,,0,1,0,0,0,1,3,-1.0,"(1.0, -50)"
10817,,53.551632,10.004629,1150,1650,,1500,,0.681,0.044,0.863,14,50,0,,0,1,0,0,0,1,3,-1.0,"(1.0, -50)"
10818,,53.55239,10.0042,1150,1650,,1500,,0.72,0.044,0.882,14,50,0,,0,1,0,0,0,1,3,-1.0,"(1.0, -50)"
11788,,53.247458,10.413513,1247,1650,,1500,,10.189,0.041,0.415,14,49,0,,0,1,0,0,0,1,3,-1.0,"(1.0, -49)"
11789,,53.246835,10.414162,1247,1650,y,1500,,10.107,0.041,0.494,14,49,0,,0,1,0,0,1,1,3,-1.0,"(1.0, -49)"
8982,Bäckerstraße,53.2488,10.40886,1247,1650,y,1500,,10.132,0.064,0.128,14,49,0,,1,1,0,0,0,1,3,-1.0,"(1.0, -49)"
8983,,53.25136,10.41335,1247,1650,y,1500,,10.119,0.141,0.337,14,49,0,,0,1,0,0,1,1,3,-1.0,"(1.0, -49)"
9655,,53.251462,10.409071,1247,1650,,1500,,9.918,0.084,0.169,14,49,0,,0,1,0,0,0,1,3,-1.0,"(1.0, -49)"
12148,,52.629356,4.755565,1254,1650,,1500,,0.63,0.228,29.968,3,48,0,,0,1,0,0,1,1,3,-1.0,"(1.0, -48)"
280,Appingedam,53.321987,6.856009,1327,1650,,1500,,2.334,0.051,0.0,17,48,1,regional,0,0,0,0,0,1,3,-1.0,"(1.0, -48)"
1154,Buxtehude,53.476376,9.700347,1280,1650,y,1500,,5.474,0.084,0.0,13,48,1,regional,1,0,0,0,0,1,3,-1.0,"(1.0, -48)"
9417,,53.247308,10.409138,1247,1650,,1500,,10.27,0.083,0.294,14,48,0,,0,1,0,0,0,1,3,-1.0,"(1.0, -48)"
9182,,53.365262,7.209451,1433,1650,,1500,,19.146,0.137,0.273,19,47,0,,0,1,0,0,1,1,3,-1.0,"(1.0, -47)"
11843,,50.937765,6.956243,1475,1650,,1500,,10.809,0.053,23.589,14,46,0,,0,1,0,0,0,1,3,-1.0,"(1.0, -46)"
11218,,50.936771,6.963378,1475,1650,,1500,,10.756,0.094,23.142,14,46,0,,0,1,0,1,1,1,3,-1.0,"(1.0, -46)"
11838,,50.93682,6.956284,1475,1650,,1500,,10.909,0.053,23.517,14,46,0,,0,1,0,0,0,1,3,-1.0,"(1.0, -46)"
11840,,50.941721,6.956296,1475,1650,,1500,,10.394,0.142,23.879,14,46,0,,0,1,0,0,0,1,3,-1.0,"(1.0, -46)"
11841,,50.93746,6.960287,1475,1650,,1500,,10.917,0.049,23.355,14,46,0,,0,1,0,0,0,1,3,-1.0,"(1.0, -46)"
11842,,50.939174,6.956318,1475,1650,,1500,,10.662,0.078,23.689,14,46,0,,0,1,0,0,0,1,3,-1.0,"(1.0, -46)"
8979,Stau,53.140241,8.217053,1345,1650,,1500,,27.533,0.113,0.226,11,46,0,,0,1,0,0,1,1,3,-1.0,"(1.0, -46)"
9450,Stadersand,53.625845,9.517738,1209,1650,,1500,,1.87,3.743,3.741,23,46,0,,1,1,0,0,0,1,3,-1.0,"(1.0, -46)"
9606,,53.140346,8.212924,1345,1650,,1500,,27.703,0.095,0.19,11,46,0,,0,1,0,0,0,1,3,-1.0,"(1.0, -46)"
10639,,50.934108,6.956262,1475,1650,,1500,,10.71,0.151,23.321,14,46,0,,0,1,0,0,0,1,3,-1.0,"(1.0, -46)"
10696,,50.935183,6.94315,1475,1650,,1500,,10.833,0.469,24.101,14,46,0,,0,1,0,0,0,1,3,-1.0,"(1.0, -46)"
17772,,53.603244,9.475622,1209,1650,,1500,,1.876,0.016,0.032,23,45,0,,0,1,0,0,0,1,3,-1.0,"(1.0, -45)"
20203,,51.864696,12.652601,1293,1650,,1500,,7.099,0.337,40.588,6,44,0,,0,1,0,0,0,1,3,-1.0,"(1.0, -44)"
9664,,53.92515,9.516506,1238,1650,,1500,,3.71,0.149,0.578,16,44,0,,0,1,0,0,0,1,3,-1.0,"(1.0, -44)"
3344,Itzehoe,53.919961,9.515891,1238,1650,y,1500,,3.523,0.154,0.0,16,44,1,regional,1,1,0,0,0,1,3,-1.0,"(1.0, -44)"
11437,,51.857834,12.646113,1293,1650,y,1500,,6.751,0.037,40.386,6,44,0,,1,1,0,0,1,1,3,-1.0,"(1.0, -44)"
11438,,51.857211,12.646503,1293,1650,y,1500,,6.79,0.037,40.433,6,44,0,,1,1,1,1,0,1,3,-1.0,"(1.0, -44)"
8935,Kleine Schlachte,53.07209,8.80893,965,1650,,1500,,0.035,0.143,0.435,10,44,0,,0,1,0,0,1,1,3,-1.0,"(1.0, -44)"
9651,,53.072094,8.807886,965,1650,,1500,,0.035,0.164,0.423,10,44,0,,0,1,0,0,0,1,3,-1.0,"(1.0, -44)"
10624,,53.917185,9.515869,1238,1650,y,1500,,3.479,0.154,0.309,16,44,0,,0,1,1,0,1,1,3,-1.0,"(1.0, -44)"
10625,,53.922846,9.518852,1238,1650,,1500,,3.783,0.149,0.375,16,44,0,,0,1,0,0,0,1,3,-1.0,"(1.0, -44)"
19819,Mühlenbrücke,53.860829,10.689606,1143,1650,y,1500,,0.914,0.152,28.638,4,43,0,,0,1,1,0,0,1,3,-1.0,"(1.0, -43)"
9226,Neustadt,53.072859,8.799608,965,1650,,1500,,0.37,0.16,0.619,10,42,0,,0,1,0,0,0,1,3,-1.0,"(1.0, -42)"
8939,Schlachte,53.077288,8.800285,965,1650,y,1500,,0.086,0.039,0.5,10,42,0,,0,1,0,0,1,1,3,-1.0,"(1.0, -42)"
8940,Balge,53.07537,8.80635,965,1650,,1500,,0.16,0.042,0.09,10,42,0,,0,1,0,0,1,1,3,-1.0,"(1.0, -42)"
8941,,53.073386,8.804305,965,1650,,1500,,0.079,0.16,0.346,10,42,0,,1,1,1,0,0,1,3,-1.0,"(1.0, -42)"
9227,,53.074656,8.809272,965,1650,,1500,,0.177,0.093,0.186,10,42,0,,0,1,0,0,0,1,3,-1.0,"(1.0, -42)"
9355,Stintbrücke,53.075689,8.806253,965,1650,,1500,,0.15,0.01,0.079,10,42,0,,1,1,0,0,0,1,3,-1.0,"(1.0, -42)"
9650,,53.075981,8.801675,965,1650,,1500,,0.086,0.169,0.382,10,42,0,,0,1,0,0,0,1,3,-1.0,"(1.0, -42)"
17880,,53.077782,8.801122,965,1650,,1500,,0.128,0.039,0.469,10,42,0,,0,1,0,0,0,1,3,-1.0,"(1.0, -42)"
17881,,53.075815,8.806481,965,1650,,1500,,0.166,0.01,0.061,10,42,0,,0,1,0,0,0,1,3,-1.0,"(1.0, -42)"
17883,,53.076412,8.797216,965,1650,,1500,,0.253,0.154,0.682,10,42,0,,0,1,0,0,0,0,3,-1.0,"(1.0, -42)"
17884,,53.074417,8.79403,965,1650,,1500,,0.526,0.154,0.907,10,42,0,,0,1,0,0,0,1,3,-1.0,"(1.0, -42)"
12046,,53.864913,10.693473,1143,1650,y,1500,,0.876,0.275,28.131,4,41,0,,0,1,0,0,1,1,3,-1.0,"(1.0, -41)"
10272,,53.865335,10.681162,1143,1650,y,1500,,0.202,0.051,28.323,4,41,0,,0,1,0,0,1,1,3,-1.0,"(1.0, -41)"
10489,,53.868134,10.686289,1143,1650,,1500,,0.386,0.128,27.925,4,41,0,,0,1,0,0,0,1,3,-1.0,"(1.0, -41)"
10490,,53.866235,10.680918,1143,1650,,1500,,0.101,0.012,28.233,4,41,0,,0,1,0,0,0,1,3,-1.0,"(1.0, -41)"
19818,Holstenbrücke,53.866251,10.68054,1143,1650,y,1500,,0.098,0.012,28.239,4,41,0,,0,1,1,0,0,1,3,-1.0,"(1.0, -41)"
19820,Burgtorbrücke,53.874228,10.691355,1143,1650,y,1500,,1.056,0.282,27.179,4,41,0,,0,1,1,0,0,1,3,-1.0,"(1.0, -41)"
10271,,53.868921,10.680143,1143,1650,y,1500,,0.202,0.206,27.965,4,41,0,,0,1,0,0,1,1,3,-1.0,"(1.0, -41)"
17882,,53.080478,8.79756,965,1650,,1500,,0.485,0.191,0.832,10,39,0,,0,1,0,0,0,1,3,-1.0,"(1.0, -39)"
12767,,51.90625,4.165864,1330,1650,,1500,,8.868,0.225,30.33,7,38,0,,1,1,0,1,1,1,3,-1.0,"(1.0, -38)"
991,Brielle,51.902257,4.164831,1330,1650,,1500,,9.101,0.225,30.311,7,38,0,,0,1,0,0,0,1,3,-1.0,"(1.0, -38)"
4858,Meldorf,54.089795,9.071814,1227,1559,y,1500,,26.327,1.581,0.0,18,38,1,regional,0,0,0,0,0,1,3,-1.0,"(1.0, -38)"
10727,Wyck,50.849472,5.698374,1204,1650,,1500,,3.378,0.086,0.584,9,36,0,,0,1,0,0,0,1,3,-1.0,"(1.0, -36)"
11909,Reimerswaal,51.503784,4.171237,1375,1631,,1500,,14.248,0.102,19.447,12,36,0,,0,1,0,0,0,0,3,-1.0,"(1.0, -36)"
13289,,50.849412,5.69456,1204,1650,y,1500,,3.387,0.048,0.348,9,36,0,,0,1,0,0,1,1,3,-1.0,"(1.0, -36)"
12103,Sint Servaasbrug,50.849413,5.695923,1204,1650,y,1500,,3.384,0.048,0.429,9,36,0,,0,1,1,0,0,1,3,-1.0,"(1.0, -36)"
16231,,51.503109,4.173991,1375,1631,,1500,,14.173,0.102,19.639,12,36,0,,1,1,0,0,1,0,3,-1.0,"(1.0, -36)"
16232,,51.507392,4.176376,1375,1631,,1500,,13.712,0.268,19.805,12,36,0,,0,1,0,1,0,1,3,-1.0,"(1.0, -36)"
11897,Goedereede,51.818178,3.977549,1312,1650,,1500,,19.087,8.369,35.385,6,35,0,,1,1,0,1,1,1,3,-1.0,"(1.0, -35)"
11916,Brouwershaven,51.725469,3.91217,1403,1650,,1500,,8.661,3.97,24.607,6,35,0,,1,1,0,1,1,1,3,-1.0,"(1.0, -35)"
11005,,52.406267,12.556468,1170,1650,y,1500,,0.202,0.063,0.877,6,31,0,,0,1,0,0,1,1,3,-1.0,"(1.0, -31)"
16252,,52.405536,12.55787,1170,1650,,1500,,0.269,0.063,0.979,6,31,0,,0,1,0,0,0,1,3,-1.0,"(1.0, -31)"
17147,,51.223609,4.403039,1350,1650,,1500,,6.457,0.172,0.343,8,28,0,,0,1,0,0,0,1,3,-1.0,"(1.0, -28)"
11151,Neustadt,52.408777,12.563131,1170,1650,,1500,,0.104,0.187,0.858,6,27,0,,0,1,0,0,0,1,3,-1.0,"(1.0, -27)"
12623,Werf,51.22365,4.396928,1350,1650,,1500,,6.243,0.168,0.336,8,26,0,,1,1,0,0,1,1,3,-1.0,"(1.0, -26)"
13378,,51.219011,4.395591,1350,1650,,1500,,5.749,0.154,0.388,8,26,0,,0,1,0,1,0,1,3,-1.0,"(1.0, -26)"
13865,,51.220656,4.399159,1350,1650,,1500,,6.035,0.041,0.082,8,26,0,,0,1,0,0,0,1,3,-1.0,"(1.0, -26)"
14261,,52.412922,12.552956,1170,1650,,1500,,0.637,0.066,0.131,6,25,0,,0,1,0,0,0,1,3,-1.0,"(1.0, -25)"
16216,,52.411598,12.556328,1170,1650,,1500,,0.415,0.136,0.316,6,25,0,,0,1,1,0,0,1,3,-1.0,"(1.0, -25)"
11094,,52.415057,12.555364,1170,1650,,1500,,0.805,0.08,0.16,6,24,0,,0,1,0,0,0,1,3,-1.0,"(1.0, -24)"
2151,Gelnhausen,50.202744,9.190682,1170,1650,,1500,,22.339,5.685,0.0,7,24,1,regional,1,0,0,0,0,1,3,-1.0,"(1.0, -24)"
10997,Homeyenbrücke,52.416971,12.561836,1170,1650,y,1500,,1.017,0.244,0.638,6,24,0,,0,1,1,0,0,1,3,-1.0,"(1.0, -24)"
14483,Mühlendamm,52.411866,12.565349,1170,1650,,1500,,0.477,0.187,0.818,6,24,0,,0,1,1,0,0,1,3,-1.0,"(1.0, -24)"
14484,,52.416709,12.568674,1170,1650,,1500,,1.06,0.075,1.053,6,24,0,,0,1,1,0,0,1,3,-1.0,"(1.0, -24)"
13872,,51.500876,3.618246,1217,1650,,1500,,1.49,0.121,0.541,8,21,0,,1,1,0,0,1,1,3,-1.0,"(1.0, -21)"
14208,,51.499663,3.625688,1217,1650,,1500,,0.962,0.165,0.991,8,21,0,,0,1,0,1,0,1,3,-1.0,"(1.0, -21)"
11937,Axel,51.265287,3.908526,1183,1650,,1500,,0.288,2.094,0.0,10,19,1,local,1,1,0,0,1,0,3,-1.0,"(1.0, -19)"
8010,Viborg,56.450688,9.411301,1060,1650,,1500,,58.913,0.073,0.0,10,18,1,interregional,1,0,0,0,0,1,3,-1.0,"(1.0, -18)"
9437,,53.89234,11.467337,1226,1650,,1500,,34.066,0.065,0.13,5,18,0,,0,1,0,0,0,1,3,-1.0,"(1.0, -18)"
13958,,53.895276,11.46024,1226,1650,y,1500,,34.392,0.231,0.585,5,18,0,,0,1,0,0,1,1,3,-1.0,"(1.0, -18)"
13959,,53.892216,11.464991,1226,1650,,1500,,34.051,0.062,0.124,5,18,0,,0,1,0,0,0,1,3,-1.0,"(1.0, -18)"
11912,Westkapelle,51.527703,3.441499,1223,1650,,1500,,13.506,2.77,0.0,7,17,1,regional,0,0,0,0,1,1,3,-1.0,"(1.0, -17)"
10713,Skanör,55.419171,12.849655,1250,1650,,1500,,151.483,0.597,0.0,4,17,1,interregional,1,1,0,0,1,1,3,-1.0,"(1.0, -17)"
10715,Falsterbo,55.390984,12.834298,1300,1650,,1500,,148.689,1.046,3.281,4,17,0,,1,1,0,0,1,1,3,-1.0,"(1.0, -17)"
13340,,51.43841,3.575799,1315,1650,,1500,,0.128,0.231,7.115,8,17,0,,1,1,0,1,1,1,3,-1.0,"(1.0, -17)"
10400,Vordingborg,55.00815943,11.91050695,1200,1650,,1500,,111.646,0.047,0.0,7,13,1,regional,0,0,0,0,1,1,3,-1.0,"(1.0, -13)"
12641,,51.05941,3.724315,1350,1650,,1500,,0.42,0.04,26.25,6,12,0,,0,1,0,0,1,1,3,-1.0,"(1.0, -12)"
12642,,51.054649,3.72572,1350,1650,,1500,,0.19,0.074,26.666,6,12,0,,0,1,0,0,0,1,3,-1.0,"(1.0, -12)"
12638,,51.052518,3.734538,1350,1650,,1500,,0.13,0.151,26.589,4,12,0,,0,1,0,0,1,1,3,-1.0,"(1.0, -12)"
12806,,51.056402,3.721864,1350,1650,,1500,,0.047,0.166,26.626,6,12,0,,0,1,0,0,1,1,3,-1.0,"(1.0, -12)"
12807,,51.060415,3.713136,1350,1650,,1500,,0.373,0.536,26.544,6,12,0,,0,1,0,0,0,1,3,-1.0,"(1.0, -12)"
12810,,51.057699,3.707582,1350,1650,,1500,,0.661,0.559,27.003,6,12,0,,0,1,0,0,0,1,3,-1.0,"(1.0, -12)"
13860,,51.060044,3.724827,1350,1650,,1500,,0.499,0.04,26.171,6,12,0,,0,1,0,0,0,1,3,-1.0,"(1.0, -12)"
17697,,51.05666,3.741746,1350,1650,,1500,,0.618,0.471,25.95,8,12,0,,0,1,0,0,0,1,3,-1.0,"(1.0, -12)"
17919,,51.053769,3.722305,1350,1650,,1500,,0.196,0.078,26.867,4,12,0,,0,1,0,0,0,1,3,-1.0,"(1.0, -12)"
17925,,51.049889,3.72871,1350,1650,,1500,,0.239,0.157,27.035,4,12,0,,0,1,0,0,0,1,3,-1.0,"(1.0, -12)"
17926,,51.049066,3.719999,1350,1650,,1500,,0.308,0.564,27.403,4,12,0,,0,1,0,0,0,1,3,-1.0,"(1.0, -12)"
17927,,51.054833,3.734043,1350,1650,,1500,,0.121,0.171,26.376,4,12,0,,0,1,0,0,0,1,3,-1.0,"(1.0, -12)"
17928,,51.053956,3.730888,1350,1650,,1500,,0.121,0.136,26.564,4,12,0,,0,1,0,0,1,1,3,-1.0,"(1.0, -12)"
17929,,51.055817,3.728346,1350,1650,,1500,,0.035,0.112,26.465,6,12,0,,0,1,0,0,0,1,3,-1.0,"(1.0, -12)"
17930,,51.055824,3.7209,1350,1650,,1500,,0.047,0.205,26.715,6,12,0,,0,1,0,0,0,1,3,-1.0,"(1.0, -12)"
18003,,51.044347,3.736253,1350,1650,,1500,,0.956,0.656,27.348,4,12,0,,0,1,0,0,0,1,3,-1.0,"(1.0, -12)"
11758,Mühlendamm,52.515043,13.406904,1244,1650,y,1500,,0.062,0.072,0.374,3,11,0,,0,1,1,0,0,1,3,-1.0,"(1.0, -11)"
11759,,52.517186,13.404293,1244,1650,y,1500,,0.263,0.117,0.235,3,11,0,,0,1,1,0,1,1,3,-1.0,"(1.0, -11)"
19587,,55.329307,8.762924,800,1650,,1500,,100.418,0.023,0.139,5,11,0,,0,1,0,0,1,1,3,-1.0,"(1.0, -11)"
19588,,55.329004,8.763436,800,1650,,1500,,100.375,0.023,0.126,5,11,0,,0,1,0,0,0,1,3,-1.0,"(1.0, -11)"
13819,,52.516341,13.408468,1244,1650,,1500,,0.221,0.081,0.246,3,11,0,,0,1,0,0,0,1,3,-1.0,"(1.0, -11)"
14168,,52.515021,13.409484,1244,1650,,1500,,0.1,0.081,0.408,3,11,0,,0,1,0,0,1,1,3,-1.0,"(1.0, -11)"
11824,,54.084849,12.150596,1218,1650,,1500,,8.183,0.34,0.814,2,10,0,,0,1,0,0,1,1,3,-1.0,"(1.0, -10)"
19678,,51.209221,3.222862,1127,1650,,1500,,0.157,0.057,0.115,6,10,0,,0,1,0,0,0,1,3,-1.0,"(1.0, -10)"
7206,Sluis,51.308755,3.386123,1290,1650,,1500,,0.209,0.04,15.824,8,10,0,,1,1,0,0,0,1,3,-1.0,"(1.0, -10)"
3881,Kolding,55.490223,9.473839,1231,1650,,1500,,112.154,0.127,0.0,5,10,1,regional,1,1,0,0,1,1,3,-1.0,"(1.0, -10)"
12603,,51.308502,3.385044,1290,1650,,1500,,0.156,0.04,15.75,8,10,0,,0,1,0,0,1,1,3,-1.0,"(1.0, -10)"
12601,,51.210474,3.22483,1127,1650,,1500,,0.086,0.097,0.194,6,10,0,,0,1,0,0,1,1,3,-1.0,"(1.0, -10)"
12811,,51.20063,3.224534,1127,1650,,1500,,1.01,0.108,0.904,6,10,0,,0,1,0,0,0,1,3,-1.0,"(1.0, -10)"
13750,,54.089953,12.138194,1218,1650,,1500,,8.657,0.093,0.185,2,10,0,,0,1,0,0,0,1,3,-1.0,"(1.0, -10)"
13749,,54.092547,12.138256,1218,1650,y,1500,,8.945,0.144,0.45,2,10,0,,0,1,0,0,1,1,3,-1.0,"(1.0, -10)"
14048,,51.220369,3.232335,1127,1650,,1500,,0.097,1.091,1.406,6,10,0,,0,1,0,0,0,1,3,-1.0,"(1.0, -10)"
14945,,55.488006,9.472925,1231,1650,,1500,,111.903,0.127,0.253,5,10,0,,0,1,1,0,0,1,3,-1.0,"(1.0, -10)"
16355,Monnikerede,51.276175,3.309179,1266,1594,,1500,,1.216,1.949,9.543,7,10,0,,1,1,0,0,1,1,3,-1.0,"(1.0, -10)"
17325,Waterhalle,51.208938,3.225126,1127,1650,,1500,,0.086,0.029,0.059,6,10,0,,0,1,0,0,1,1,3,-1.0,"(1.0, -10)"
17326,,51.208454,3.225056,1127,1650,,1500,,0.139,0.03,0.061,6,10,0,,0,1,0,0,0,1,3,-1.0,"(1.0, -10)"
17843,,51.20145,3.227341,1127,1650,,1500,,0.933,0.108,0.839,6,10,0,,0,1,0,0,0,1,3,-1.0,"(1.0, -10)"
17844,,51.20676,3.222304,1127,1650,,1500,,0.377,0.132,0.263,6,10,0,,0,1,0,0,0,1,3,-1.0,"(1.0, -10)"
15685,,55.269993,9.896332,1200,1650,,1500,,94.664,0.073,29.29,5,9,0,,0,1,0,0,0,1,3,-1.0,"(1.0, -9)"
15749,,55.27005470298344,9.90079591012785,1200,1650,,1500,,94.782,0.356,29.083,5,9,0,,0,1,0,0,0,0,3,-1.0,"(1.0, -9)"
10504,Assens,55.269923,9.894024,1200,1650,,1500,,94.6,0.073,29.395,5,9,0,,1,1,0,0,0,1,3,-1.0,"(1.0, -9)"
10520,,55.270244,9.889977,1200,1650,,1500,,94.533,0.129,29.611,5,9,0,,0,1,0,1,1,1,3,-1.0,"(1.0, -9)"
1665,Eberswalde,52.833374,13.821509,1300,1650,,1500,,0.275,0.128,44.801,3,8,0,,1,1,0,0,0,1,3,-1.0,"(1.0, -8)"
14148,,52.835851,13.822281,1300,1650,,1500,,0.037,0.14,45.049,3,8,0,,0,1,0,0,1,1,3,-1.0,"(1.0, -8)"
16245,,52.835831,13.821194,1300,1650,,1500,,0.037,0.143,45.001,3,8,0,,0,1,0,0,0,1,3,-1.0,"(1.0, -8)"
18414,,49.998383,8.272887,297,1650,,1500,,0.71,0.069,31.764,2,7,0,,0,1,0,0,0,1,3,-1.0,"(1.0, -7)"
4955,Miltenberg,49.699422,9.252039,1225,1650,,1500,,6.49,0.045,56.139,0,7,0,,0,1,0,0,0,1,3,-1.0,"(1.0, -7)"
14924,,50.001281,8.27646,297,1650,,1500,,0.558,0.141,31.403,2,7,0,,0,1,0,0,1,1,3,-1.0,"(1.0, -7)"
16466,,50.003798,8.274647,297,1650,,1500,,0.84,0.154,31.415,2,7,0,,0,1,0,1,0,1,3,-1.0,"(1.0, -7)"
17756,,49.700383,9.244893,1225,1650,,1500,,6.144,0.052,55.995,0,7,0,,0,1,0,0,0,1,3,-1.0,"(1.0, -7)"
17757,,49.700231,9.251963,1225,1650,,1500,,6.41,0.045,56.049,0,7,0,,0,1,0,0,1,1,3,-1.0,"(1.0, -7)"
17758,,49.701304,9.245135,1225,1650,,1500,,6.061,0.052,55.894,0,7,0,,0,1,0,1,0,1,3,-1.0,"(1.0, -7)"
17767,,49.701101,9.257312,1225,1650,,1500,,6.541,0.211,55.984,0,7,0,,0,1,0,0,0,1,3,-1.0,"(1.0, -7)"
4625,Luckau,51.852601,13.715322,1250,1650,,1500,,57.691,0.134,76.957,0,6,0,,0,1,0,0,0,1,3,-1.0,"(1.0, -6)"
500,Beeskow,52.17187,14.246516,1272,1650,,1500,,18.892,0.438,68.817,0,5,0,,0,1,0,0,0,1,3,-1.0,"(1.0, -5)"
13702,Niederlage,52.345024,14.557207,1253,1650,,1500,,4.475,0.088,68.993,0,5,0,,0,1,0,0,1,1,3,-1.0,"(1.0, -5)"
14116,,52.578178,14.632811,1300,1650,,1500,,9.059,0.152,43.019,2,5,0,,0,1,0,0,1,1,3,-1.0,"(1.0, -5)"
14122,,52.344834,14.554629,1253,1650,,1500,,4.478,0.048,69.023,0,5,0,,0,1,0,0,0,1,3,-1.0,"(1.0, -5)"
14123,,52.346428,14.554072,1253,1650,,1500,,4.299,0.08,68.848,0,5,0,,0,1,0,0,0,1,3,-1.0,"(1.0, -5)"
14124,,52.347265,14.556805,1253,1650,,1500,,4.224,0.078,68.745,0,5,0,,1,1,1,0,0,1,3,-1.0,"(1.0, -5)"
14125,,52.347306,14.552216,1253,1650,,1500,,4.194,0.08,68.757,0,5,0,,0,1,0,0,0,1,3,-1.0,"(1.0, -5)"
14172,,51.054846,13.739257,1200,1650,,1500,,8.795,0.192,22.294,1,5,0,,0,1,1,0,0,1,3,-1.0,"(1.0, -5)"
14339,,51.053558,13.741349,1200,1650,,1500,,8.593,0.137,22.495,1,5,0,,0,1,0,0,1,1,3,-1.0,"(1.0, -5)"
16443,,52.169138,14.25379,1272,1650,,1500,,19.344,0.089,69.398,0,5,0,,0,1,1,0,0,0,3,-1.0,"(1.0, -5)"
17036,Balduinbrücke,50.363891,7.593066,1276,1650,,1500,,0.752,0.199,55.32,0,5,0,,1,1,1,0,0,1,3,-1.0,"(1.0, -5)"
17037,,50.362734,7.598183,1276,1650,,1500,,0.446,0.107,55.61,0,5,0,,0,1,0,0,1,1,3,-1.0,"(1.0, -5)"
17038,,50.358678,7.604781,1276,1650,,1500,,0.478,0.283,56.234,0,5,0,,0,1,0,1,1,1,3,-1.0,"(1.0, -5)"
17039,,50.360396,7.594262,1276,1650,,1500,,0.822,0.042,55.7,0,5,0,,0,1,0,0,0,1,3,-1.0,"(1.0, -5)"
17040,,50.360858,7.597572,1276,1650,,1500,,0.61,0.08,55.77,0,5,0,,0,1,0,0,0,1,3,-1.0,"(1.0, -5)"
17349,,51.051143,13.7406321,1200,1650,,1500,,8.482,0.123,22.6,1,5,0,,0,1,0,0,0,1,3,-1.0,"(1.0, -5)"
18122,Naantali,60.468904,22.01602,1443,1650,,1500,,358.005,0.111,0.0,3,4,1,regional,0,0,0,0,0,1,3,-1.0,"(1.0, -4)"
3574,Košice,48.720509,21.257458,1347,1650,,1500,,501.484,15.412,0.0,3,3,1,regional,1,1,0,0,0,0,3,-1.0,"(1.0, -3)"
17176,,54.315756,13.095564,1234,1650,,1500,,32.032,0.022,30.679,1,3,0,,0,1,0,0,1,1,3,-1.0,"(1.0, -3)"
14428,,54.316576,13.094791,1234,1650,,1500,,32.134,0.103,30.782,1,3,0,,0,1,0,1,0,1,3,-1.0,"(1.0, -3)"
16168,,50.964226,13.941885,1240,1650,,1500,,7.753,0.109,39.677,1,3,0,,0,1,0,0,1,1,3,-1.0,"(1.0, -3)"
17175,,54.315619,13.094931,1234,1650,,1500,,32.047,0.022,30.692,1,3,0,,0,1,0,0,0,1,3,-1.0,"(1.0, -3)"
2106,Gartz,53.208154,14.391804,1249,1650,,1500,,3.891,0.106,30.654,2,2,0,,1,1,0,0,0,1,3,-1.0,"(1.0, -2)"
3500,Kalisz Pomorski ,53.297911,15.905313,1303,1650,,1500,,59.382,0.092,94.187,0,2,0,,0,1,0,0,0,1,3,-1.0,"(1.0, -2)"
13928,,54.098761,13.381161,1250,1650,,1500,,2.219,0.081,0.298,1,2,0,,0,1,0,0,1,1,3,-1.0,"(1.0, -2)"
19743,,54.099237,13.378756,1250,1650,,1500,,2.381,0.017,0.38,1,2,0,,0,1,0,0,0,1,3,-1.0,"(1.0, -2)"
13703,,53.424398,14.563523,1243,1650,,1500,,10.19,0.13,51.194,0,2,0,,0,1,0,0,1,1,3,-1.0,"(1.0, -2)"
14084,,53.20631,14.392662,1249,1650,,1500,,3.976,0.106,30.446,2,2,0,,0,1,0,0,1,1,3,-1.0,"(1.0, -2)"
14396,,53.422178,14.560474,1243,1650,,1500,,9.933,0.11,50.96,0,2,0,,0,1,1,0,0,1,3,-1.0,"(1.0, -2)"
14497,,52.729008,15.240647,1257,1650,,1500,,5.542,0.034,49.962,2,2,0,,0,1,1,0,0,1,3,-1.0,"(1.0, -2)"
14498,,52.729577,15.240244,1257,1650,,1500,,5.565,0.034,49.905,2,2,0,,1,1,0,0,1,1,3,-1.0,"(1.0, -2)"
14499,,52.721413,15.25104,1257,1650,,1500,,4.986,0.548,51.003,0,2,0,,1,1,0,0,0,1,3,-1.0,"(1.0, -2)"
16680,,53.296404,15.904137,1303,1650,,1500,,59.198,0.092,94.05,0,2,0,,0,1,0,0,0,1,3,-1.0,"(1.0, -2)"
18165,Steinbecker Brücke,54.098937,13.378708,1250,1650,,1500,,2.38,0.017,0.351,1,2,0,,0,1,1,0,0,1,3,-1.0,"(1.0, -2)"
4342,Litoměřice,50.53409,14.131664,1220,1650,,1500,,45.625,5.522,83.944,0,1,0,,1,1,0,0,0,0,3,-1.0,"(1.0, -1)"
11070,Malá Strana,50.088502,14.404609,1350,1650,,1500,,98.104,0.28,136.452,0,0,0,,0,1,0,0,0,1,3,-1.0,"(1.0, 0)"
11379,,54.005669,15.984292,1107,1650,,1500,,120.296,0.2,147.295,0,0,0,,0,1,0,0,0,1,3,-1.0,"(1.0, 0)"
11380,,54.003887,15.993314,1107,1650,,1500,,120.641,0.111,147.511,0,0,0,,0,1,0,0,0,1,3,-1.0,"(1.0, 0)"
517,Białogard,54.004568,15.990118,1107,1650,,1500,,120.522,0.111,147.439,0,0,0,,0,1,0,0,0,1,3,-1.0,"(1.0, 0)"
12304,,56.946622,24.104832,1350,1650,,1500,,10.025,0.099,367.512,0,0,0,,0,1,0,1,1,1,3,-1.0,"(1.0, 0)"
7806,Trzebiatów,54.062885,15.265714,1245,1650,,1500,,86.498,0.39,123.0,0,0,0,,0,1,0,0,0,1,3,-1.0,"(1.0, 0)"
8875,Darłowo,54.422131,16.410991,1271,1650,,1500,,145.338,1.756,199.866,0,0,0,,0,1,0,0,0,1,3,-1.0,"(1.0, 0)"
19787,Altstadtbrücke,51.157718,14.99417,1200,1650,,1500,,70.521,0.038,106.257,0,0,0,,0,1,1,0,0,1,3,-1.0,"(1.0, 0)"
13008,,56.950056,24.105399,1350,1650,,1500,,9.75,0.125,367.13,0,0,0,,0,1,0,0,0,1,3,-1.0,"(1.0, 0)"
16479,,54.350549,18.657577,1224,1650,,1500,,0.341,0.207,308.116,0,0,0,,0,1,0,0,1,1,3,-1.0,"(1.0, 0)"
16480,,54.35083,18.6512,1224,1650,,1500,,0.689,0.095,307.767,0,0,0,,0,1,0,0,0,1,3,-1.0,"(1.0, 0)"
17345,Karlův most,50.086442,14.411767,1350,1650,,1500,,98.457,0.28,136.897,0,0,0,,1,1,1,0,0,1,3,-1.0,"(1.0, 0)"
3888,Köln,50.936623,6.960704,1475,1650,,1550,42000.0,10.821,0.049,23.271,14,47,0,,1,1,0,0,0,1,3,42000.0,"(-42000.0, -47)"
6092,Praha,50.086745,14.420629,1350,1650,,1550,42000.0,98.591,0.317,137.172,0,0,0,,1,1,0,0,0,1,3,42000.0,"(-42000.0, 0)"
268,Antwerpen,51.221248,4.399862,1350,1650,,1550,38000.0,6.117,0.041,0.0,8,27,1,interregional,0,1,0,0,0,1,3,38000.0,"(-38000.0, -27)"
2159,Gent,51.05355,3.724503,1350,1650,,1550,37000.0,0.309,0.074,26.814,4,12,0,,0,1,0,0,0,1,3,37000.0,"(-37000.0, -12)"
2777,Hamburg,53.54798,9.9931,1150,1650,y,1550,35000.0,0.239,0.042,0.0,18,51,1,regional,1,1,0,0,1,1,3,35000.0,"(-35000.0, -51)"
1333,Gdańsk,54.349211,18.650284,1224,1650,,1550,35000.0,0.814,0.095,307.629,0,0,0,,0,1,0,0,0,1,3,35000.0,"(-35000.0, 0)"
1036,Brugge,51.20876,3.224332,1127,1650,,1550,31000.0,0.114,0.029,0.0,6,10,1,interregional,1,0,0,0,0,1,3,31000.0,"(-31000.0, -10)"
7944,Utrecht,52.091844,5.118906,1114,1650,,1550,27000.0,0.315,0.11,0.0,33,86,1,regional,1,1,0,0,1,1,3,27000.0,"(-27000.0, -86)"
250,Amsterdam,52.373074,4.89257,1300,1650,,1550,27000.0,0.434,0.044,0.0,16,84,1,regional,1,1,0,0,0,1,3,27000.0,"(-27000.0, -84)"
4604,Lübeck,53.865911,10.685259,1143,1650,y,1550,24000.0,0.331,0.128,28.181,4,44,0,,1,1,0,0,0,1,3,24000.0,"(-24000.0, -44)"
4705,Magdeburg,52.131591,11.638959,1188,1650,y,1550,21000.0,2.984,0.074,0.0,23,71,1,regional,1,1,0,0,0,1,3,21000.0,"(-21000.0, -71)"
1826,Erfurt,50.977868,11.028775,1167,1650,y,1550,19000.0,68.224,0.085,0.0,27,97,1,regional,1,0,0,0,0,1,3,19000.0,"(-19000.0, -97)"
973,Bremen,53.075887,8.807392,965,1650,y,1550,19000.0,0.227,0.031,0.0,10,51,1,regional,1,1,0,0,0,1,3,19000.0,"(-19000.0, -51)"
942,Braunschweig,52.262815,10.517142,1204,1650,y,1550,17000.0,1.71,0.217,0.0,19,90,1,regional,1,0,0,0,0,1,3,17000.0,"(-17000.0, -90)"
2717,Haarlem,52.381385,4.636145,1245,1650,,1550,16000.0,2.387,0.07,17.431,13,53,0,,0,1,0,0,0,1,3,16000.0,"(-16000.0, -53)"
1987,Frankfurt am Main,50.110394,8.682175,1142,1650,,1550,15000.0,2.962,0.076,0.0,3,10,1,interregional,0,0,0,0,0,1,3,15000.0,"(-15000.0, -10)"
4698,Maastricht,50.85125,5.690547,1204,1650,y,1550,14000.0,3.21,0.174,0.0,10,37,1,regional,1,1,0,0,0,1,3,14000.0,"(-14000.0, -37)"
2456,Groningen,53.218044,6.566612,1245,1650,,1550,13000.0,0.09,0.019,0.0,17,69,1,regional,1,1,0,0,0,1,3,13000.0,"(-13000.0, -69)"
4653,Lüneburg,53.24995,10.40887,1247,1650,y,1550,13000.0,10.035,0.064,0.0,14,54,1,regional,0,1,0,0,0,1,3,13000.0,"(-13000.0, -54)"
4329,Leiden,52.158439,4.490032,1266,1650,,1550,13000.0,0.482,0.049,0.0,15,49,1,regional,0,0,0,0,0,1,3,13000.0,"(-13000.0, -49)"
7461,Stralsund,54.316002,13.090474,1234,1650,,1550,13000.0,32.268,0.144,30.902,2,5,0,,1,1,0,0,0,1,3,13000.0,"(-13000.0, -5)"
6545,Rostock,54.088618,12.139895,1218,1650,,1550,12000.0,8.516,0.093,0.0,4,13,1,regional,0,1,0,0,0,1,3,12000.0,"(-12000.0, -13)"
1988,Frankfurt (Oder),52.344244,14.553598,1253,1650,,1550,12000.0,4.539,0.048,69.092,0,7,0,,1,1,0,0,0,1,3,12000.0,"(-12000.0, -7)"
3911,Kaliningrad,54.708932,20.51082,1286,1650,,1550,12000.0,18.139,0.022,433.01,0,0,0,,0,1,0,0,0,1,3,12000.0,"(-12000.0, 0)"
4337,Leipzig,51.339915,12.374475,1170,1650,y,1550,11000.0,7.631,0.185,0.0,23,64,1,interregional,1,1,0,0,0,1,3,11000.0,"(-11000.0, -64)"
6425,Rīga,56.947979,24.106951,1350,1650,,1550,11000.0,9.988,0.099,367.362,0,0,0,,0,1,0,0,0,1,3,11000.0,"(-11000.0, 0)"
5430,Nijmegen,51.847301,5.864896,1230,1650,,1550,10000.0,0.432,0.139,0.0,47,130,1,regional,0,0,0,0,0,1,3,10000.0,"(-10000.0, -130)"
2337,Goslar ,51.905882,10.428955,1219,1650,y,1550,10000.0,8.956,0.266,0.0,33,108,1,regional,0,0,0,0,0,1,3,10000.0,"(-10000.0, -108)"
5113,Münster (Westfalen),51.963078,7.628321,1170,1650,,1550,10000.0,25.869,0.155,0.0,17,89,1,regional,0,0,0,0,0,1,3,10000.0,"(-10000.0, -89)"
1521,Dordrecht,51.81514,4.667133,1220,1650,,1550,10000.0,0.294,0.018,6.051,24,56,0,,1,1,0,0,1,1,3,10000.0,"(-10000.0, -56)"
7230,Soest (Westfalen),51.572658,8.106354,1144,1650,,1550,10000.0,31.376,0.045,0.0,11,56,1,regional,1,0,0,0,0,1,3,10000.0,"(-10000.0, -56)"
7413,Szczecin,53.424101,14.559637,1243,1650,,1550,10000.0,10.144,0.11,51.176,0,4,0,,1,1,0,0,0,1,3,10000.0,"(-10000.0, -4)"
2352,Gouda,52.011189,4.710352,1272,1650,,1550,9000.0,0.127,0.038,0.0,27,59,1,regional,0,0,0,0,0,1,3,9000.0,"(-9000.0, -59)"
1790,Emden,53.366864,7.206328,1433,1650,y,1550,9000.0,18.98,0.137,0.0,24,56,1,regional,1,1,0,0,0,1,3,9000.0,"(-9000.0, -56)"
579,Berlin,52.5184,13.407131,1244,1650,y,1550,9000.0,0.38,0.117,0.0,3,17,1,local,1,1,0,0,0,1,3,9000.0,"(-9000.0, -17)"
4716,Mainz,49.999541,8.27359,297,1650,,1550,9000.0,0.672,0.069,31.668,2,7,0,,0,1,0,0,0,1,3,9000.0,"(-9000.0, -7)"
2313,Görlitz,51.15621,14.990651,1200,1650,,1550,9000.0,70.234,0.149,106.014,0,0,0,,0,1,0,0,0,1,3,9000.0,"(-9000.0, 0)"
1417,Deventer,52.251815,6.160268,1123,1650,,1550,8000.0,0.252,0.086,0.0,50,120,1,regional,1,0,0,0,0,1,3,8000.0,"(-8000.0, -120)"
2765,Halle (Saale),51.482658,11.969805,1170,1650,y,1550,8000.0,15.991,0.061,0.0,26,81,1,regional,1,0,0,0,0,1,3,8000.0,"(-8000.0, -81)"
11862,Alkmaar,52.630722,4.749201,1254,1650,,1550,8000.0,1.063,0.228,30.248,3,51,0,,0,1,0,0,0,1,3,8000.0,"(-8000.0, -51)"
2002,Freiberg,50.916999,13.343914,1170,1650,n,1550,8000.0,28.192,0.234,28.759,1,21,0,,1,1,0,0,0,1,3,8000.0,"(-8000.0, -21)"
1570,Dresden,51.049734,13.737918,1200,1650,,1550,8000.0,8.557,0.123,22.53,1,8,0,,1,1,0,0,0,1,3,8000.0,"(-8000.0, -8)"
8866,Zwolle,52.51226,6.092754,1230,1650,y,1550,7000.0,0.305,0.164,0.0,47,118,1,regional,1,1,0,0,0,1,3,7000.0,"(-7000.0, -118)"
0,Göttingen,51.532781,9.935188,1230,1650,y,1550,7000.0,21.013,0.053,0.0,29,100,1,regional,1,0,0,0,0,1,3,7000.0,"(-7000.0, -100)"
1545,Dortmund,51.514287,7.466708,1138,1650,,1550,7000.0,15.091,0.264,0.0,16,70,1,regional,1,0,0,0,0,1,3,7000.0,"(-7000.0, -70)"
8876,Middelburg (Walcheren),51.4984,3.611522,1217,1650,,1550,7000.0,1.816,0.27,0.0,8,22,1,regional,1,1,0,0,0,1,3,7000.0,"(-7000.0, -22)"
8853,Zutphen,52.141452,6.195327,1191,1650,,1550,6000.0,0.346,0.054,0.0,42,126,1,regional,1,0,0,0,0,1,3,6000.0,"(-6000.0, -126)"
3541,Kampen ,52.55863,5.916728,1230,1650,,1550,6000.0,0.33,0.028,0.0,33,111,1,regional,0,0,0,0,0,1,3,6000.0,"(-6000.0, -111)"
5165,Naumburg (Saale),51.152263,11.809909,1033,1650,y,1550,6000.0,42.154,0.138,0.0,34,80,1,interregional,1,0,0,0,0,1,3,6000.0,"(-6000.0, -80)"
6477,Roermond,51.195619,5.985689,1224,1650,,1550,6000.0,0.208,0.083,0.0,31,78,1,regional,1,0,0,0,0,1,3,6000.0,"(-6000.0, -78)"
949,Breda,51.588294,4.776283,1198,1650,,1550,6000.0,9.14,0.036,0.0,16,66,1,regional,1,1,0,0,0,1,3,6000.0,"(-6000.0, -66)"
928,Brandenburg (Havel),52.413985,12.553797,1170,1650,y,1550,6000.0,0.719,0.066,0.0,10,31,1,local,1,1,0,0,0,1,3,6000.0,"(-6000.0, -31)"
8807,Zittau,50.896066,14.805737,1230,1650,,1550,6000.0,53.48,0.348,97.985,0,1,0,,1,1,0,0,0,1,3,6000.0,"(-6000.0, -1)"
296,Arnhem,51.978705,5.910977,1233,1650,,1550,5000.0,0.37,0.14,0.0,47,128,1,regional,1,1,0,0,0,1,3,5000.0,"(-5000.0, -128)"
3580,Kassel,51.315808,9.50533,1180,1650,y,1550,5000.0,0.173,0.061,0.0,23,76,1,local,0,1,0,0,0,1,3,5000.0,"(-5000.0, -76)"
7405,Stendal,52.605896,11.860586,1160,1650,y,1550,5000.0,8.881,0.163,10.385,15,47,0,,0,1,0,0,0,1,3,5000.0,"(-5000.0, -47)"
11915,Zierikzee,51.649648,3.921261,1220,1650,,1550,5000.0,0.325,0.103,16.271,7,32,0,,0,1,0,0,0,1,3,5000.0,"(-5000.0, -32)"
8505,Wismar,53.891371,11.466215,1226,1650,y,1550,5000.0,33.958,0.062,0.0,6,18,1,regional,1,1,0,0,0,1,3,5000.0,"(-5000.0, -18)"
8000,Venlo,51.370573,6.169413,1343,1650,,1550,4000.0,2.382,0.077,0.0,31,100,1,regional,1,1,0,0,0,1,3,4000.0,"(-4000.0, -100)"
4958,Minden,52.28806,8.916805,1230,1650,y,1550,4000.0,2.405,0.108,0.0,18,89,1,regional,0,1,0,0,0,1,3,4000.0,"(-4000.0, -89)"
5704,Osnabrück,52.2772,8.041195,1171,1650,y,1550,4000.0,36.63,0.087,0.0,21,82,1,regional,1,0,0,0,0,1,3,4000.0,"(-4000.0, -82)"
5801,Paderborn,51.718207,8.755377,1238,1650,,1550,4000.0,43.054,0.114,0.0,25,79,1,regional,1,0,0,0,0,1,3,4000.0,"(-4000.0, -79)"
8901,Vlissingen,51.442123,3.572776,1315,1650,,1550,4000.0,0.349,0.186,6.809,8,17,0,,1,1,0,0,1,1,3,4000.0,"(-4000.0, -17)"
72,Aarhus,56.157091,10.209522,1300,1650,,1550,4000.0,108.178,0.052,0.0,5,13,1,regional,1,0,0,0,0,1,3,4000.0,"(-4000.0, -13)"
8902,Ribe,55.328145,8.762129,800,1650,,1550,4000.0,100.316,0.063,0.0,5,11,1,regional,1,1,0,0,0,1,3,4000.0,"(-4000.0, -11)"
2807,Harderwijk,52.350136,5.618408,1231,1650,,1550,3000.0,19.975,0.118,0.0,44,100,1,regional,1,1,0,0,0,1,3,3000.0,"(-3000.0, -100)"
1865,Essen,51.456963,7.012649,1244,1650,,1550,3000.0,7.625,0.101,0.0,25,93,1,regional,1,0,0,0,0,1,3,3000.0,"(-3000.0, -93)"
1401,Dessau,51.835326,12.246898,1382,1650,y,1550,3000.0,4.054,0.198,18.393,10,67,0,,1,1,0,0,0,1,3,3000.0,"(-3000.0, -67)"
1639,Düsseldorf,51.225891,6.772236,1288,1650,,1550,3000.0,1.421,0.043,0.0,27,64,1,regional,1,0,0,0,0,1,3,3000.0,"(-3000.0, -64)"
8005,Verden,52.919986,9.22902,1259,1650,y,1550,3000.0,2.193,0.097,0.0,6,62,1,regional,1,0,0,0,0,1,3,3000.0,"(-3000.0, -62)"
186,Altenburg ,50.985257,12.433309,1205,1650,y,1550,3000.0,32.019,0.101,0.0,13,58,1,regional,1,0,0,0,0,1,3,3000.0,"(-3000.0, -58)"
7220,Snits,53.032128,5.661122,1317,1650,,1550,3000.0,0.168,0.168,31.432,8,54,0,,0,1,0,0,1,1,3,3000.0,"(-3000.0, -54)"
3646,Kiel,54.323309,10.139494,1242,1650,y,1550,3000.0,20.9,0.248,0.0,10,47,1,interregional,0,0,0,0,0,1,3,3000.0,"(-3000.0, -47)"
4220,Gorzów Wielkopolski,52.731058,15.240125,1257,1650,,1550,3000.0,5.565,0.082,49.812,4,4,0,,0,1,0,0,0,1,3,3000.0,"(-3000.0, -4)"
18118,Turku,60.450667,22.275951,1300,1650,,1550,3000.0,344.064,0.064,0.0,4,4,1,regional,1,0,0,0,0,1,3,3000.0,"(-3000.0, -4)"
1611,Duisburg,51.435337,6.760599,1145,1650,,1550,2000.0,0.646,0.081,15.014,30,97,0,,0,1,0,0,0,1,3,2000.0,"(-2000.0, -97)"
2778,Hameln,52.104508,9.356435,1200,1650,y,1550,2000.0,3.199,0.095,0.0,33,91,1,regional,0,0,0,0,0,1,3,2000.0,"(-2000.0, -91)"
3411,Jena ,50.928178,11.588112,1230,1650,y,1550,2000.0,67.445,0.049,0.0,30,89,1,regional,1,0,0,0,0,1,3,2000.0,"(-2000.0, -89)"
8272,Weißenfels,51.201045,11.972454,1280,1650,y,1550,2000.0,29.727,0.072,0.0,34,73,1,local,0,1,0,0,0,1,3,2000.0,"(-2000.0, -73)"
1177,Celle,52.624105,10.081862,1292,1650,y,1550,2000.0,0.358,0.029,0.0,16,68,1,local,1,1,0,0,0,1,3,2000.0,"(-2000.0, -68)"
8752,Zeitz,51.050307,12.134652,1147,1650,y,1550,2000.0,30.14,0.277,0.0,25,65,1,regional,0,1,0,0,0,1,3,2000.0,"(-2000.0, -65)"
5304,Neuss,51.197927,6.692717,1200,1650,,1550,2000.0,0.299,0.1,0.0,30,64,1,regional,1,0,0,0,0,1,3,2000.0,"(-2000.0, -64)"
5623,Oldenburg (Oldenburg),53.138916,8.214479,1345,1650,y,1550,2000.0,27.756,0.095,0.0,11,55,1,regional,1,1,0,0,0,1,3,2000.0,"(-2000.0, -55)"
7321,Stade,53.603069,9.476003,1209,1650,y,1550,2000.0,1.87,0.016,0.0,29,46,1,regional,1,1,0,1,1,1,3,2000.0,"(-2000.0, -46)"
11913,Goes,51.504595,3.890265,1405,1650,,1550,2000.0,14.768,0.056,0.0,9,26,1,regional,0,0,0,0,0,1,3,2000.0,"(-2000.0, -26)"
2602,Großenhain,51.291728,13.530913,1200,1650,,1550,2000.0,12.718,0.186,14.911,4,14,0,,1,1,0,0,0,1,3,2000.0,"(-2000.0, -14)"
4168,Kostrzyn nad Odrą,52.579019,14.637092,1300,1650,,1550,2000.0,9.088,0.152,42.938,4,7,0,,1,1,0,0,0,1,3,2000.0,"(-2000.0, -7)"
2409,Greifswald,54.09608,13.380983,1250,1650,,1550,2000.0,2.216,0.149,0.0,2,4,1,local,1,1,0,0,0,1,3,2000.0,"(-2000.0, -4)"
4871,Klaipėda,55.708979,21.135143,1253,1650,,1550,2000.0,75.385,0.07,460.744,0,0,0,,0,1,0,0,0,1,3,2000.0,"(-2000.0, 0)"
5949,Pirna,50.962273,13.941934,1240,1650,,1550,1000.0,7.68,0.109,39.802,1,6,0,,1,1,0,0,0,1,3,1000.0,"(-1000.0, -6)"
3852,Koblenz,50.360368,7.595445,1276,1650,,1550,1000.0,0.758,0.042,55.744,0,5,0,,1,1,0,0,0,1,3,1000.0,"(-1000.0, -5)"
8774,Zevenaar,51.928101,6.07639,1487,1650,,1550,,4.423,1.604,10.442,42,135,0,,1,1,0,0,0,1,3,-1.0,"(1.0, -135)"
1484,Doesburg,52.01499,6.134222,1237,1650,,1550,,0.089,0.129,0.0,39,134,1,regional,1,0,0,0,0,1,3,-1.0,"(1.0, -134)"
11408,,51.9799448,5.8990024,1233,1650,,1550,,0.399,0.055,0.832,47,128,0,,0,1,0,1,0,1,3,-1.0,"(1.0, -128)"
11149,,51.980727,5.899969,1233,1650,,1550,,0.383,0.055,0.787,47,128,0,,1,1,0,0,1,1,3,-1.0,"(1.0, -128)"
9886,,51.976552,5.908878,1233,1650,,1550,,0.297,0.14,0.279,47,128,0,,0,1,0,0,1,1,3,-1.0,"(1.0, -128)"
13895,,51.979661,5.907061,1233,1650,,1550,,0.213,0.144,0.289,47,128,0,,0,1,0,0,0,1,3,-1.0,"(1.0, -128)"
17802,,51.981705,5.901128,1233,1650,,1550,,0.409,0.067,0.753,47,128,0,,0,1,0,0,0,1,3,-1.0,"(1.0, -128)"
839,Borken,51.844299,6.859231,1222,1650,,1550,,19.877,0.138,0.0,17,121,1,regional,0,0,0,0,0,1,3,-1.0,"(1.0, -121)"
11701,,51.760701,5.741658,1279,1650,,1550,,3.684,0.061,0.122,33,120,0,,1,1,0,1,1,1,3,-1.0,"(1.0, -120)"
2396,Grave,51.759622,5.741361,1279,1650,,1550,,3.736,0.061,0.0,33,120,1,local,0,1,0,0,0,1,3,-1.0,"(1.0, -120)"
12923,,51.758592,5.740709,1279,1650,,1550,,3.767,0.062,0.123,33,120,0,,0,1,0,0,0,1,3,-1.0,"(1.0, -120)"
11343,,52.514304,6.089266,1230,1650,y,1550,,0.529,0.164,0.328,47,118,0,,0,1,0,0,1,1,3,-1.0,"(1.0, -118)"
5092,Mühlhausen/Thüringen,51.207306,10.459939,1135,1650,y,1550,,24.464,0.157,0.0,27,116,1,regional,1,0,0,0,0,1,3,-1.0,"(1.0, -116)"
2805,Hardenberg,52.57552,6.61681,1362,1650,,1550,,2.51,0.061,0.0,42,115,1,regional,1,0,0,0,0,1,3,-1.0,"(1.0, -115)"
1240,Coevorden,52.661176,6.741299,1407,1650,,1550,,10.194,0.124,0.0,35,112,1,regional,1,0,0,0,0,1,3,-1.0,"(1.0, -112)"
1753,Elburg,52.448446,5.833982,1233,1650,,1550,,13.719,0.1,0.0,38,106,1,regional,0,1,0,0,0,1,3,-1.0,"(1.0, -106)"
10587,,51.371192,6.167428,1343,1650,,1550,,2.273,0.077,0.154,31,100,0,,1,1,0,1,1,1,3,-1.0,"(1.0, -100)"
14704,,52.350668,5.615042,1231,1650,,1550,,19.821,0.118,0.236,44,100,0,,0,1,0,0,1,1,3,-1.0,"(1.0, -100)"
8701,Zaltbommel,51.813647,5.24781,1231,1650,,1550,,3.822,0.072,0.0,39,98,1,local,0,1,0,0,0,1,3,-1.0,"(1.0, -98)"
12784,,51.814805,5.24686,1231,1650,,1550,,3.861,0.072,0.144,39,98,0,,1,1,0,1,1,1,3,-1.0,"(1.0, -98)"
11811,,51.43515,6.762927,1145,1650,,1550,,0.636,0.081,14.906,30,97,0,,0,1,0,0,0,1,3,-1.0,"(1.0, -97)"
11812,,51.436748,6.75724,1145,1650,,1550,,0.629,0.14,15.092,30,97,0,,0,1,0,0,1,1,3,-1.0,"(1.0, -97)"
7369,Steenwijk,52.78694,6.116357,1296,1650,,1550,,0.932,0.137,0.0,28,93,1,regional,0,0,0,0,0,1,3,-1.0,"(1.0, -93)"
8884,Rinteln,52.187439,9.08,1239,1650,y,1550,,3.187,0.162,0.0,20,93,1,regional,1,0,0,0,0,1,3,-1.0,"(1.0, -93)"
3026,Hessisch Oldendorf,52.168528,9.249764,1405,1650,y,1550,,0.612,0.125,0.0,29,92,1,regional,0,0,0,0,0,1,3,-1.0,"(1.0, -92)"
13630,,52.297088,5.161749,1353,1650,,1550,,0.583,0.035,20.147,25,90,0,,0,1,0,0,1,1,3,-1.0,"(1.0, -90)"
5131,Naarden,52.296587,5.162391,1353,1650,,1550,,0.631,0.035,20.21,25,90,0,,0,1,0,0,0,1,3,-1.0,"(1.0, -90)"
11805,,52.289841,8.922175,1230,1650,,1550,,2.592,0.052,0.415,18,89,0,,0,1,0,0,0,1,3,-1.0,"(1.0, -89)"
3240,Höxter,51.773997,9.381219,1150,1650,,1550,,3.67,0.075,0.0,43,89,1,regional,0,0,0,0,0,1,3,-1.0,"(1.0, -89)"
8932,,52.29,8.9166,1230,1650,,1550,,2.621,0.108,0.216,18,89,0,,0,1,0,0,0,1,3,-1.0,"(1.0, -89)"
8937,,52.28973,8.92368,1230,1650,y,1550,,2.586,0.052,0.503,18,89,0,,0,1,1,1,0,1,3,-1.0,"(1.0, -89)"
9001,Schlagde,52.291049,8.923151,1230,1650,,1550,,2.73,0.075,0.545,18,89,0,,0,1,0,0,1,1,3,-1.0,"(1.0, -89)"
2840,Haselünne,52.673601,7.486447,1220,1650,y,1550,,6.69,0.116,0.0,22,88,1,regional,1,0,0,0,0,1,3,-1.0,"(1.0, -88)"
4353,Lemgo,52.028386,8.901262,1190,1650,,1550,,15.982,0.206,0.0,24,86,1,regional,1,0,0,0,0,1,3,-1.0,"(1.0, -86)"
12525,,52.092846,5.11162,1114,1650,,1550,,0.41,0.065,0.51,33,86,0,,0,1,1,0,0,1,3,-1.0,"(1.0, -86)"
10788,,52.093432,5.116996,1114,1650,,1550,,0.111,0.11,0.22,33,86,0,,0,1,0,0,0,1,3,-1.0,"(1.0, -86)"
17,,51.41919,9.6528,1183,1650,y,1550,,4.148,0.03,15.393,34,85,0,,0,1,1,0,0,1,3,-1.0,"(1.0, -85)"
18,Hann. Münden,51.417743,9.65191,1183,1650,y,1550,,4.0,0.062,15.232,34,85,0,,0,1,0,0,0,1,3,-1.0,"(1.0, -85)"
8933,Bremer Schlagd,51.418997,9.650177,1183,1650,,1550,,3.994,0.052,15.257,34,85,0,,0,1,0,0,1,1,3,-1.0,"(1.0, -85)"
9290,Kasseler Schlagd,51.417357,9.649215,1183,1650,,1550,,3.826,0.096,15.076,34,85,0,,0,1,0,0,1,1,3,-1.0,"(1.0, -85)"
9291,Wanfrieder Schlagd,51.418839,9.65165,1183,1650,,1550,,4.061,0.052,15.311,34,85,0,,0,1,0,0,1,1,3,-1.0,"(1.0, -85)"
19525,,52.36923,4.891019,1300,1650,,1550,,0.841,0.043,0.44,16,84,0,,0,1,0,0,0,1,3,-1.0,"(1.0, -84)"
19526,,52.372476,4.893958,1300,1650,,1550,,0.429,0.012,0.115,16,84,0,,0,1,0,0,0,1,3,-1.0,"(1.0, -84)"
19537,Paulusbroedersluis,52.371494,4.896887,1300,1650,,1550,,0.481,0.04,0.342,16,84,0,,0,1,1,0,0,1,3,-1.0,"(1.0, -84)"
19535,Varkenssluis,52.371851,4.895852,1300,1650,,1550,,0.449,0.04,0.261,16,84,0,,0,1,1,0,0,1,3,-1.0,"(1.0, -84)"
19527,,52.37622,4.899628,1300,1650,,1550,,0.176,0.044,0.593,16,84,0,,0,1,0,0,0,1,3,-1.0,"(1.0, -84)"
19538,,52.371052,4.898518,1300,1650,,1550,,0.538,0.009,0.462,16,84,0,,0,1,0,0,0,1,3,-1.0,"(1.0, -84)"
19528,Nieuwe Brug,52.376816,4.898797,1300,1650,,1550,,0.159,0.028,0.593,16,84,0,,0,1,1,0,0,1,3,-1.0,"(1.0, -84)"
19539,Bushuissluis,52.370986,4.898754,1300,1650,,1550,,0.548,0.009,0.48,16,84,0,,0,1,0,0,0,1,3,-1.0,"(1.0, -84)"
11849,Oudewater,52.022978,4.872386,1257,1650,,1550,,0.096,0.096,11.166,31,84,0,,1,1,0,0,1,1,3,-1.0,"(1.0, -84)"
14910,Rokin,52.372306,4.892819,1300,1650,y,1550,,0.487,0.044,0.087,16,84,0,,0,1,0,0,1,1,3,-1.0,"(1.0, -84)"
19529,,52.377477,4.89759,1300,1650,,1550,,0.188,0.008,0.597,16,84,0,,0,1,0,0,0,1,3,-1.0,"(1.0, -84)"
12707,,52.021649,4.870602,1257,1650,,1550,,0.096,0.077,11.028,31,84,0,,0,1,0,0,0,1,3,-1.0,"(1.0, -84)"
12840,,52.385612,4.882023,1300,1650,,1550,,1.496,0.688,1.567,13,84,0,,0,1,0,0,0,1,3,-1.0,"(1.0, -84)"
10785,,52.377087,4.896699,1300,1650,,1550,,0.144,0.037,0.527,16,84,0,,0,1,0,0,0,1,3,-1.0,"(1.0, -84)"
19547,,52.377136,4.898164,1300,1650,,1550,,0.163,0.027,0.59,16,84,0,,0,1,0,0,0,1,3,-1.0,"(1.0, -84)"
12481,,52.018818,5.0443,1363,1650,,1550,,0.165,0.049,9.589,30,84,0,,0,1,0,0,1,1,3,-1.0,"(1.0, -84)"
19530,Oude Brug,52.375525,4.897005,1300,1650,,1550,,0.033,0.026,0.406,16,84,0,,0,1,1,0,0,1,3,-1.0,"(1.0, -84)"
19531,,52.376066,4.895621,1300,1650,,1550,,0.106,0.03,0.392,16,84,0,,0,1,0,0,0,1,3,-1.0,"(1.0, -84)"
19532,,52.375158,4.897885,1300,1650,,1550,,0.089,0.036,0.429,16,84,0,,0,1,0,0,0,1,3,-1.0,"(1.0, -84)"
19533,Lange Brug,52.36923,4.89229,1300,1650,,1550,,0.802,0.043,0.428,16,84,0,,0,1,1,0,0,1,3,-1.0,"(1.0, -84)"
10786,Damrak,52.374318,4.894645,1300,1650,y,1550,,0.237,0.047,0.197,16,84,0,,0,1,0,0,1,1,3,-1.0,"(1.0, -84)"
19548,,52.377311,4.899601,1300,1650,,1550,,0.237,0.085,0.671,16,84,0,,0,1,0,0,0,1,3,-1.0,"(1.0, -84)"
19536,,52.372948,4.900213,1300,1650,,1550,,0.382,0.12,0.519,16,84,0,,0,1,0,0,0,1,3,-1.0,"(1.0, -84)"
3300,IJsselstein,52.019446,5.043281,1363,1650,,1550,,0.194,0.049,9.568,30,84,0,,0,1,0,0,0,1,3,-1.0,"(1.0, -84)"
19540,,52.370508,4.900647,1300,1650,,1550,,0.637,0.07,0.618,16,84,0,,0,1,0,0,0,1,3,-1.0,"(1.0, -84)"
19534,,52.372653,4.894141,1300,1650,,1550,,0.406,0.012,0.116,16,84,0,,0,1,0,0,0,1,3,-1.0,"(1.0, -84)"
19546,,52.375792,4.896372,1300,1650,,1550,,0.051,0.026,0.397,16,84,0,,0,1,0,0,0,1,3,-1.0,"(1.0, -84)"
12842,,52.377573,4.897774,1300,1650,,1550,,0.2,0.008,0.612,16,84,0,,0,1,0,1,0,1,3,-1.0,"(1.0, -84)"
13886,,52.021024,5.047642,1363,1650,,1550,,0.17,0.173,9.26,30,84,0,,0,1,1,1,0,1,3,-1.0,"(1.0, -84)"
13982,,52.021493,4.870933,1257,1650,,1550,,0.099,0.07,11.049,31,84,0,,0,1,1,1,0,1,3,-1.0,"(1.0, -84)"
12677,,52.086498,4.885618,1372,1650,,1550,,2.605,0.02,14.621,29,81,0,,0,1,0,0,0,1,3,-1.0,"(1.0, -81)"
11903,Woerden,52.086272,4.885158,1372,1650,,1550,,2.57,0.02,14.581,29,81,0,,1,1,0,0,1,1,3,-1.0,"(1.0, -81)"
11636,,51.316143,9.508501,1180,1650,,1550,,0.051,0.155,0.224,23,76,0,,0,1,0,0,0,1,3,-1.0,"(1.0, -76)"
11637,Schlagd,51.316049,9.507041,1180,1650,,1550,,0.051,0.061,0.122,23,76,0,,0,1,0,0,1,1,3,-1.0,"(1.0, -76)"
9344,,51.316588,9.510959,1180,1650,,1550,,0.089,0.174,0.401,23,76,0,,0,1,0,0,1,1,3,-1.0,"(1.0, -76)"
9346,,51.314434,9.505886,1180,1650,,1550,,0.227,0.079,0.158,23,76,0,,1,1,1,0,0,1,3,-1.0,"(1.0, -76)"
11328,,51.202681,11.966501,1280,1650,,1550,,30.08,0.226,0.453,34,74,0,,0,1,0,0,0,1,3,-1.0,"(1.0, -74)"
10940,,51.199756,11.972437,1280,1650,,1550,,29.767,0.072,0.143,34,73,0,,0,1,0,0,0,1,3,-1.0,"(1.0, -73)"
10941,,51.198936,11.974347,1280,1650,,1550,,29.664,0.081,0.269,34,73,0,,0,1,0,0,0,1,3,-1.0,"(1.0, -73)"
9542,,52.127033,11.651974,1188,1650,y,1550,,2.17,0.049,1.023,23,71,0,,0,1,1,0,0,1,3,-1.0,"(1.0, -71)"
11519,,52.128172,11.642789,1188,1650,y,1550,,2.525,0.141,0.461,23,71,0,,0,1,1,0,0,1,3,-1.0,"(1.0, -71)"
11440,,51.857343,12.213621,1382,1650,y,1550,,1.539,1.95,15.064,11,71,0,,1,1,0,0,0,1,3,-1.0,"(1.0, -71)"
19942,,52.131943,11.63686,1188,1650,,1550,,3.091,0.074,0.149,23,71,0,,0,1,0,0,0,1,3,-1.0,"(1.0, -71)"
2036,Friesoythe,53.020459,7.858919,1366,1650,y,1550,,11.784,1.128,0.0,18,71,1,regional,1,0,0,0,1,1,3,-1.0,"(1.0, -71)"
13405,,52.129381,11.643691,1188,1650,,1550,,2.616,0.106,0.406,23,71,0,,0,1,0,0,1,1,3,-1.0,"(1.0, -71)"
13407,,52.130336,11.635913,1188,1650,,1550,,2.976,0.095,0.25,23,71,0,,0,1,0,0,0,1,3,-1.0,"(1.0, -71)"
16278,,52.130509,11.641203,1188,1650,,1550,,2.805,0.097,0.195,23,71,0,,0,1,0,0,0,1,3,-1.0,"(1.0, -71)"
20547,,53.216851,6.573825,1245,1650,,1550,,0.038,0.008,0.498,17,69,0,,0,1,0,0,0,1,3,-1.0,"(1.0, -69)"
20548,,53.217631,6.573445,1245,1650,,1550,,0.053,0.091,0.457,17,69,0,,0,1,0,0,0,1,3,-1.0,"(1.0, -69)"
20544,Steentilbrug,53.216887,6.574072,1245,1650,,1550,,0.041,0.008,0.513,17,69,0,,0,1,0,0,0,1,3,-1.0,"(1.0, -69)"
20545,A-brug,53.216613,6.559369,1245,1650,,1550,,0.454,0.009,0.508,17,69,0,,0,1,0,0,0,1,3,-1.0,"(1.0, -69)"
20546,Boteringebrug,53.221307,6.562786,1245,1650,,1550,,0.363,0.221,0.443,17,69,0,,0,1,0,0,0,1,3,-1.0,"(1.0, -69)"
10810,,53.216251,6.557344,1245,1650,,1550,,0.593,0.07,0.648,17,69,0,,0,1,0,0,1,1,3,-1.0,"(1.0, -69)"
12656,,53.219279,6.557448,1245,1650,,1550,,0.54,0.166,0.625,17,69,0,,0,1,0,0,1,1,3,-1.0,"(1.0, -69)"
12657,,53.216754,6.574033,1245,1650,,1550,,0.053,0.009,0.515,17,69,0,,0,1,0,0,1,1,3,-1.0,"(1.0, -69)"
12699,,53.21659,6.559636,1245,1650,,1550,,0.439,0.009,0.492,17,69,0,,0,1,0,0,0,1,3,-1.0,"(1.0, -69)"
13450,,53.217862,6.566126,1245,1650,,1550,,0.08,0.019,0.038,17,69,0,,0,1,0,0,0,1,3,-1.0,"(1.0, -69)"
8967,,52.62741,10.07964,1292,1650,y,1550,,0.128,0.092,0.397,10,68,0,,0,1,0,0,0,1,3,-1.0,"(1.0, -68)"
8954,,52.62567,10.07715,1292,1650,,1550,,0.128,0.144,0.363,10,68,0,,0,1,0,0,1,1,3,-1.0,"(1.0, -68)"
9121,,52.623592,10.082078,1292,1650,,1550,,0.411,0.029,0.059,16,68,0,,0,1,0,0,0,1,3,-1.0,"(1.0, -68)"
9231,,52.626677,10.081072,1292,1650,,1550,,0.181,0.075,0.291,10,68,0,,0,1,0,0,0,1,3,-1.0,"(1.0, -68)"
10460,,51.833659,12.251977,1382,1650,,1550,,4.363,0.198,18.752,10,67,0,,0,1,1,0,0,1,3,-1.0,"(1.0, -67)"
12800,,51.589834,4.773145,1198,1650,,1550,,8.905,0.138,0.276,16,66,0,,0,1,0,0,1,1,3,-1.0,"(1.0, -66)"
16362,,51.58835,4.771352,1198,1650,,1550,,8.802,0.135,0.341,16,66,0,,0,1,1,0,0,1,3,-1.0,"(1.0, -66)"
7973,Vechta,52.728249,8.285466,1269,1650,y,1550,,51.525,1.052,0.0,14,65,1,regional,0,0,0,0,0,1,3,-1.0,"(1.0, -65)"
10075,Auebrücke,51.055019,12.137194,1147,1650,y,1550,,29.61,0.053,0.553,26,65,0,,1,1,1,0,0,1,3,-1.0,"(1.0, -65)"
11296,,51.344147,12.369851,1170,1650,y,1550,,8.133,0.285,0.57,25,64,0,,0,1,0,0,1,1,3,-1.0,"(1.0, -64)"
5421,Nieuwstadt,51.036805,5.860058,1242,1650,y,1550,,6.448,1.053,0.0,18,62,1,regional,0,0,0,0,0,1,3,-1.0,"(1.0, -62)"
2094,Gardelegen,52.526638,11.391921,1241,1650,y,1550,,36.143,0.326,0.0,13,61,1,regional,1,0,0,0,0,1,3,-1.0,"(1.0, -61)"
280,Appingedam,53.321987,6.856009,1327,1650,,1550,,2.334,0.051,0.0,24,57,1,regional,0,0,0,0,0,1,3,-1.0,"(1.0, -57)"
9182,,53.365262,7.209451,1433,1650,,1550,,19.146,0.137,0.273,24,56,0,,0,1,0,1,1,1,3,-1.0,"(1.0, -56)"
12625,,51.815016,4.660896,1220,1650,,1550,,0.623,0.214,5.728,24,56,0,,0,1,0,1,0,1,3,-1.0,"(1.0, -56)"
12780,,51.819893,4.670869,1220,1650,,1550,,0.294,0.226,5.955,24,56,0,,0,1,0,0,0,1,3,-1.0,"(1.0, -56)"
13437,,51.818733,4.675438,1220,1650,,1550,,0.463,0.167,6.29,24,56,0,,0,1,0,1,0,1,3,-1.0,"(1.0, -56)"
14863,,51.818038,4.670721,1220,1650,,1550,,0.132,0.167,6.06,24,56,0,,0,1,0,0,0,1,3,-1.0,"(1.0, -56)"
14903,,51.814815,4.667026,1220,1650,,1550,,0.33,0.018,6.067,24,56,0,,0,1,0,0,0,1,3,-1.0,"(1.0, -56)"
18157,haven dordrecht,51.813839,4.659768,1220,1650,,1550,,0.755,0.212,5.757,24,56,0,,0,1,0,0,1,0,3,-1.0,"(1.0, -56)"
8979,Stau,53.140241,8.217053,1345,1650,,1550,,27.533,0.113,0.226,11,55,0,,0,1,0,0,1,1,3,-1.0,"(1.0, -55)"
9606,,53.140346,8.212924,1345,1650,,1550,,27.703,0.095,0.19,11,55,0,,0,1,0,0,0,1,3,-1.0,"(1.0, -55)"
11788,,53.247458,10.413513,1247,1650,,1550,,10.189,0.041,0.415,14,54,0,,0,1,0,0,0,1,3,-1.0,"(1.0, -54)"
11789,,53.246835,10.414162,1247,1650,y,1550,,10.107,0.041,0.494,14,54,0,,0,1,0,0,1,1,3,-1.0,"(1.0, -54)"
8982,Bäckerstraße,53.2488,10.40886,1247,1650,y,1550,,10.132,0.064,0.128,14,54,0,,1,1,0,0,0,1,3,-1.0,"(1.0, -54)"
8983,,53.25136,10.41335,1247,1650,y,1550,,10.119,0.141,0.337,14,54,0,,0,1,0,0,1,1,3,-1.0,"(1.0, -54)"
9655,,53.251462,10.409071,1247,1650,,1550,,9.918,0.084,0.169,14,54,0,,0,1,0,0,0,1,3,-1.0,"(1.0, -54)"
12889,,53.029386,5.65903,1317,1650,,1550,,0.168,0.168,31.3,8,54,0,,0,1,0,0,1,1,3,-1.0,"(1.0, -54)"
12173,,52.3801,4.63971,1245,1650,,1550,,2.335,0.07,17.182,13,53,0,,0,1,0,0,1,1,3,-1.0,"(1.0, -53)"
12841,,52.380874,4.647114,1245,1650,,1550,,1.99,0.287,16.684,13,53,0,,0,1,0,0,0,1,3,-1.0,"(1.0, -53)"
19313,,52.380711,4.637893,1245,1650,,1550,,2.361,0.07,17.308,13,53,0,,0,1,0,0,0,1,3,-1.0,"(1.0, -53)"
19314,,52.379008,4.639224,1245,1650,,1550,,2.452,0.105,17.21,13,53,0,,0,1,0,0,0,1,3,-1.0,"(1.0, -53)"
8935,Kleine Schlachte,53.07209,8.80893,965,1650,,1550,,0.035,0.143,0.435,10,53,0,,0,1,0,0,1,1,3,-1.0,"(1.0, -53)"
9651,,53.072094,8.807886,965,1650,,1550,,0.035,0.164,0.423,10,53,0,,0,1,0,0,0,1,3,-1.0,"(1.0, -53)"
9417,,53.247308,10.409138,1247,1650,,1550,,10.27,0.083,0.294,14,52,0,,0,1,0,0,0,1,3,-1.0,"(1.0, -52)"
9693,,53.549938,9.99918,1150,1650,,1550,,0.303,0.101,0.457,18,51,0,,0,1,0,0,0,1,3,-1.0,"(1.0, -51)"
12148,,52.629356,4.755565,1254,1650,,1550,,0.63,0.228,29.968,3,51,0,,0,1,0,0,1,1,3,-1.0,"(1.0, -51)"
9226,Neustadt,53.072859,8.799608,965,1650,,1550,,0.37,0.16,0.619,10,51,0,,0,1,0,0,0,1,3,-1.0,"(1.0, -51)"
8939,Schlachte,53.077288,8.800285,965,1650,y,1550,,0.086,0.039,0.5,10,51,0,,0,1,0,0,1,1,3,-1.0,"(1.0, -51)"
8940,Balge,53.07537,8.80635,965,1650,,1550,,0.16,0.042,0.09,10,51,0,,0,1,0,0,1,1,3,-1.0,"(1.0, -51)"
8941,,53.073386,8.804305,965,1650,,1550,,0.079,0.16,0.346,10,51,0,,1,1,1,0,0,1,3,-1.0,"(1.0, -51)"
8980,,53.54469,9.98846,1150,1650,y,1550,,0.239,0.226,0.477,18,51,0,,0,1,0,0,1,1,3,-1.0,"(1.0, -51)"
8981,,53.547151,10.000745,1150,1650,y,1550,,0.257,0.233,0.513,18,51,0,,0,1,0,0,1,1,3,-1.0,"(1.0, -51)"
9227,,53.074656,8.809272,965,1650,,1550,,0.177,0.093,0.186,10,51,0,,0,1,0,0,0,1,3,-1.0,"(1.0, -51)"
9355,Stintbrücke,53.075689,8.806253,965,1650,,1550,,0.15,0.01,0.079,10,51,0,,1,1,0,0,0,1,3,-1.0,"(1.0, -51)"
9697,,53.547316,9.993701,1150,1650,,1550,,0.166,0.042,0.084,18,51,0,,0,1,0,0,0,1,3,-1.0,"(1.0, -51)"
9691,,53.552225,9.994677,1150,1650,y,1550,,0.539,0.133,0.483,18,51,0,,0,1,0,0,1,1,3,-1.0,"(1.0, -51)"
9692,,53.549989,9.996123,1150,1650,,1550,,0.275,0.101,0.3,18,51,0,,0,1,0,0,0,1,3,-1.0,"(1.0, -51)"
9650,,53.075981,8.801675,965,1650,,1550,,0.086,0.169,0.382,10,51,0,,0,1,0,0,0,1,3,-1.0,"(1.0, -51)"
10816,,53.550134,10.005208,1150,1650,,1550,,0.617,0.085,0.835,18,51,0,,0,1,0,0,0,1,3,-1.0,"(1.0, -51)"
10817,,53.551632,10.004629,1150,1650,,1550,,0.681,0.044,0.863,18,51,0,,0,1,0,0,0,1,3,-1.0,"(1.0, -51)"
10818,,53.55239,10.0042,1150,1650,,1550,,0.72,0.044,0.882,18,51,0,,0,1,0,0,0,1,3,-1.0,"(1.0, -51)"
17880,,53.077782,8.801122,965,1650,,1550,,0.128,0.039,0.469,10,51,0,,0,1,0,0,0,1,3,-1.0,"(1.0, -51)"
17881,,53.075815,8.806481,965,1650,,1550,,0.166,0.01,0.061,10,51,0,,0,1,0,0,0,1,3,-1.0,"(1.0, -51)"
17883,,53.076412,8.797216,965,1650,,1550,,0.253,0.154,0.682,10,51,0,,0,1,0,0,0,0,3,-1.0,"(1.0, -51)"
17884,,53.074417,8.79403,965,1650,,1550,,0.526,0.154,0.907,10,51,0,,0,1,0,0,0,1,3,-1.0,"(1.0, -51)"
1154,Buxtehude,53.476376,9.700347,1280,1650,y,1550,,5.474,0.084,0.0,16,49,1,regional,1,0,0,0,0,1,3,-1.0,"(1.0, -49)"
17882,,53.080478,8.79756,965,1650,,1550,,0.485,0.191,0.832,10,48,0,,0,1,0,0,0,1,3,-1.0,"(1.0, -48)"
11843,,50.937765,6.956243,1475,1650,,1550,,10.809,0.053,23.589,14,47,0,,0,1,0,0,0,1,3,-1.0,"(1.0, -47)"
11019,,52.608789,11.856682,1160,1650,,1550,,9.149,0.197,10.798,15,47,0,,0,1,0,0,0,1,3,-1.0,"(1.0, -47)"
11021,,52.603648,11.863692,1160,1650,,1550,,8.675,0.163,10.06,15,47,0,,0,1,0,0,0,1,3,-1.0,"(1.0, -47)"
11218,,50.936771,6.963378,1475,1650,,1550,,10.756,0.094,23.142,14,47,0,,0,1,0,1,1,1,3,-1.0,"(1.0, -47)"
11838,,50.93682,6.956284,1475,1650,,1550,,10.909,0.053,23.517,14,47,0,,0,1,0,0,0,1,3,-1.0,"(1.0, -47)"
11840,,50.941721,6.956296,1475,1650,,1550,,10.394,0.142,23.879,14,47,0,,0,1,0,0,0,1,3,-1.0,"(1.0, -47)"
11841,,50.93746,6.960287,1475,1650,,1550,,10.917,0.049,23.355,14,47,0,,0,1,0,0,0,1,3,-1.0,"(1.0, -47)"
11842,,50.939174,6.956318,1475,1650,,1550,,10.662,0.078,23.689,14,47,0,,0,1,0,0,0,1,3,-1.0,"(1.0, -47)"
351,Aurich,53.469328,7.482427,1539,1650,y,1550,,27.884,0.145,0.0,15,47,1,regional,1,0,0,0,0,1,3,-1.0,"(1.0, -47)"
9450,Stadersand,53.625845,9.517738,1209,1650,,1550,,1.87,3.743,3.741,29,47,0,,1,1,0,0,0,1,3,-1.0,"(1.0, -47)"
10639,,50.934108,6.956262,1475,1650,,1550,,10.71,0.151,23.321,14,47,0,,0,1,0,0,0,1,3,-1.0,"(1.0, -47)"
10696,,50.935183,6.94315,1475,1650,,1550,,10.833,0.469,24.101,14,47,0,,0,1,0,0,0,1,3,-1.0,"(1.0, -47)"
19819,Mühlenbrücke,53.860829,10.689606,1143,1650,y,1550,,0.914,0.152,28.638,4,46,0,,0,1,1,0,0,1,3,-1.0,"(1.0, -46)"
17772,,53.603244,9.475622,1209,1650,,1550,,1.876,0.016,0.032,29,46,0,,0,1,0,0,0,1,3,-1.0,"(1.0, -46)"
9664,,53.92515,9.516506,1238,1650,,1550,,3.71,0.149,0.578,17,45,0,,0,1,0,0,0,1,3,-1.0,"(1.0, -45)"
11446,,52.541114,11.975653,1200,1650,y,1550,,3.097,0.104,0.319,15,45,0,,1,1,0,0,1,1,3,-1.0,"(1.0, -45)"
11643,,52.539648,11.967641,1200,1650,,1550,,3.282,0.132,0.264,15,45,0,,0,1,0,0,0,1,3,-1.0,"(1.0, -45)"
11652,,52.542692,11.973991,1200,1650,,1550,,3.305,0.104,0.286,15,45,0,,0,1,0,0,0,1,3,-1.0,"(1.0, -45)"
3344,Itzehoe,53.919961,9.515891,1238,1650,y,1550,,3.523,0.154,0.0,17,45,1,regional,1,1,0,0,0,1,3,-1.0,"(1.0, -45)"
7601,Tangermünde,52.540904,11.970946,1200,1650,y,1550,,3.253,0.132,0.0,15,45,1,local,1,1,0,0,0,1,3,-1.0,"(1.0, -45)"
10624,,53.917185,9.515869,1238,1650,y,1550,,3.479,0.154,0.309,17,45,0,,0,1,1,0,1,1,3,-1.0,"(1.0, -45)"
10625,,53.922846,9.518852,1238,1650,,1550,,3.783,0.149,0.375,17,45,0,,0,1,0,0,0,1,3,-1.0,"(1.0, -45)"
14301,,52.539189,11.977961,1200,1650,y,1550,,2.833,0.132,0.511,15,45,0,,0,1,0,1,0,1,3,-1.0,"(1.0, -45)"
12046,,53.864913,10.693473,1143,1650,y,1550,,0.876,0.275,28.131,4,44,0,,0,1,0,0,1,1,3,-1.0,"(1.0, -44)"
10272,,53.865335,10.681162,1143,1650,y,1550,,0.202,0.051,28.323,4,44,0,,0,1,0,0,1,1,3,-1.0,"(1.0, -44)"
10489,,53.868134,10.686289,1143,1650,,1550,,0.386,0.128,27.925,4,44,0,,0,1,0,0,0,1,3,-1.0,"(1.0, -44)"
10490,,53.866235,10.680918,1143,1650,,1550,,0.101,0.012,28.233,4,44,0,,0,1,0,0,0,1,3,-1.0,"(1.0, -44)"
19818,Holstenbrücke,53.866251,10.68054,1143,1650,y,1550,,0.098,0.012,28.239,4,44,0,,0,1,1,0,0,1,3,-1.0,"(1.0, -44)"
19820,Burgtorbrücke,53.874228,10.691355,1143,1650,y,1550,,1.056,0.282,27.179,4,44,0,,0,1,1,0,0,1,3,-1.0,"(1.0, -44)"
10271,,53.868921,10.680143,1143,1650,y,1550,,0.202,0.206,27.965,4,44,0,,0,1,0,0,1,1,3,-1.0,"(1.0, -44)"
12767,,51.90625,4.165864,1330,1650,,1550,,8.868,0.225,30.33,8,40,0,,1,1,0,1,1,1,3,-1.0,"(1.0, -40)"
991,Brielle,51.902257,4.164831,1330,1650,,1550,,9.101,0.225,30.311,8,40,0,,0,1,0,0,0,1,3,-1.0,"(1.0, -40)"
11005,,52.406267,12.556468,1170,1650,y,1550,,0.202,0.063,0.877,10,39,0,,1,1,0,0,1,1,3,-1.0,"(1.0, -39)"
16252,,52.405536,12.55787,1170,1650,,1550,,0.269,0.063,0.979,10,39,0,,0,1,0,0,0,1,3,-1.0,"(1.0, -39)"
11909,Reimerswaal,51.503784,4.171237,1375,1631,,1550,,14.248,0.102,19.447,12,38,0,,0,1,0,0,0,0,3,-1.0,"(1.0, -38)"
16231,,51.503109,4.173991,1375,1631,,1550,,14.173,0.102,19.639,12,38,0,,1,1,0,0,1,0,3,-1.0,"(1.0, -38)"
16232,,51.507392,4.176376,1375,1631,,1550,,13.712,0.268,19.805,12,38,0,,0,1,0,1,0,1,3,-1.0,"(1.0, -38)"
10727,Wyck,50.849472,5.698374,1204,1650,,1550,,3.378,0.086,0.584,10,37,0,,0,1,0,0,0,1,3,-1.0,"(1.0, -37)"
11897,Goedereede,51.818178,3.977549,1312,1650,,1550,,19.087,8.369,35.385,6,37,0,,1,1,0,1,1,1,3,-1.0,"(1.0, -37)"
11916,Brouwershaven,51.725469,3.91217,1403,1650,,1550,,8.661,3.97,24.607,6,37,0,,1,1,0,1,1,1,3,-1.0,"(1.0, -37)"
13289,,50.849412,5.69456,1204,1650,y,1550,,3.387,0.048,0.348,10,37,0,,0,1,0,0,1,1,3,-1.0,"(1.0, -37)"
12103,Sint Servaasbrug,50.849413,5.695923,1204,1650,y,1550,,3.384,0.048,0.429,10,37,0,,0,1,1,0,0,1,3,-1.0,"(1.0, -37)"
11151,Neustadt,52.408777,12.563131,1170,1650,,1550,,0.104,0.187,0.858,10,35,0,,0,1,0,0,0,1,3,-1.0,"(1.0, -35)"
14261,,52.412922,12.552956,1170,1650,,1550,,0.637,0.066,0.131,10,33,0,,0,1,0,0,0,1,3,-1.0,"(1.0, -33)"
16216,,52.411598,12.556328,1170,1650,,1550,,0.415,0.136,0.316,10,33,0,,0,1,1,0,0,1,3,-1.0,"(1.0, -33)"
13338,,51.648777,3.933342,1220,1650,,1550,,0.091,0.385,16.306,7,32,0,,0,1,0,1,0,1,3,-1.0,"(1.0, -32)"
14550,,51.647484,3.92669,1220,1650,,1550,,0.121,0.197,16.087,7,32,0,,0,1,0,0,0,1,3,-1.0,"(1.0, -32)"
14483,Mühlendamm,52.411866,12.565349,1170,1650,,1550,,0.477,0.187,0.818,10,32,0,,0,1,1,0,0,1,3,-1.0,"(1.0, -32)"
14549,,51.648501,3.923603,1220,1650,,1550,,0.121,0.103,16.167,7,32,0,,0,1,0,0,1,1,3,-1.0,"(1.0, -32)"
11094,,52.415057,12.555364,1170,1650,,1550,,0.805,0.08,0.16,10,30,0,,0,1,0,0,0,1,3,-1.0,"(1.0, -30)"
10997,Homeyenbrücke,52.416971,12.561836,1170,1650,y,1550,,1.017,0.244,0.638,10,30,0,,0,1,1,0,0,1,3,-1.0,"(1.0, -30)"
14484,,52.416709,12.568674,1170,1650,,1550,,1.06,0.075,1.053,10,30,0,,0,1,1,0,0,1,3,-1.0,"(1.0, -30)"
17147,,51.223609,4.403039,1350,1650,,1550,,6.457,0.172,0.343,8,29,0,,0,1,0,0,0,1,3,-1.0,"(1.0, -29)"
12623,Werf,51.22365,4.396928,1350,1650,,1550,,6.243,0.168,0.336,8,27,0,,1,1,0,0,1,1,3,-1.0,"(1.0, -27)"
13378,,51.219011,4.395591,1350,1650,,1550,,5.749,0.154,0.388,8,27,0,,0,1,0,1,0,1,3,-1.0,"(1.0, -27)"
13865,,51.220656,4.399159,1350,1650,,1550,,6.035,0.041,0.082,8,27,0,,0,1,0,0,0,1,3,-1.0,"(1.0, -27)"
2151,Gelnhausen,50.202744,9.190682,1170,1650,,1550,,22.339,5.685,0.0,7,24,1,regional,1,0,0,0,0,1,3,-1.0,"(1.0, -24)"
8903,Veere,51.548038,3.669469,1355,1650,,1550,,5.841,0.103,6.822,8,22,0,,0,1,0,0,0,1,3,-1.0,"(1.0, -22)"
13872,,51.500876,3.618246,1217,1650,,1550,,1.49,0.121,0.541,8,22,0,,1,1,0,0,1,1,3,-1.0,"(1.0, -22)"
14097,,51.549679,3.668096,1355,1650,,1550,,5.979,0.103,6.916,8,22,0,,1,1,0,0,1,1,3,-1.0,"(1.0, -22)"
14208,,51.499663,3.625688,1217,1650,,1550,,0.962,0.165,0.991,8,22,0,,0,1,0,1,0,1,3,-1.0,"(1.0, -22)"
11937,Axel,51.265287,3.908526,1183,1650,,1550,,0.288,2.094,0.0,10,20,1,local,1,1,0,0,1,0,3,-1.0,"(1.0, -20)"
10713,Skanör,55.419171,12.849655,1250,1650,,1550,,151.483,0.597,0.0,4,19,1,interregional,1,1,0,0,1,1,3,-1.0,"(1.0, -19)"
10715,Falsterbo,55.390984,12.834298,1300,1650,,1550,,148.689,1.046,3.281,4,19,0,,1,1,0,0,1,1,3,-1.0,"(1.0, -19)"
8010,Viborg,56.450688,9.411301,1060,1650,,1550,,58.913,0.073,0.0,10,18,1,interregional,1,0,0,0,0,1,3,-1.0,"(1.0, -18)"
9437,,53.89234,11.467337,1226,1650,,1550,,34.066,0.065,0.13,6,18,0,,0,1,0,0,0,1,3,-1.0,"(1.0, -18)"
13958,,53.895276,11.46024,1226,1650,y,1550,,34.392,0.231,0.585,6,18,0,,0,1,0,0,1,1,3,-1.0,"(1.0, -18)"
13959,,53.892216,11.464991,1226,1650,,1550,,34.051,0.062,0.124,6,18,0,,0,1,0,0,0,1,3,-1.0,"(1.0, -18)"
11758,Mühlendamm,52.515043,13.406904,1244,1650,y,1550,,0.062,0.072,0.374,3,17,0,,0,1,1,0,0,1,3,-1.0,"(1.0, -17)"
11759,,52.517186,13.404293,1244,1650,y,1550,,0.263,0.117,0.235,3,17,0,,0,1,1,0,1,1,3,-1.0,"(1.0, -17)"
11912,Westkapelle,51.527703,3.441499,1223,1650,,1550,,13.506,2.77,0.0,7,17,1,regional,0,0,0,0,1,1,3,-1.0,"(1.0, -17)"
13340,,51.43841,3.575799,1315,1650,,1550,,0.128,0.231,7.115,8,17,0,,1,1,0,1,1,1,3,-1.0,"(1.0, -17)"
13819,,52.516341,13.408468,1244,1650,,1550,,0.221,0.081,0.246,3,17,0,,0,1,0,0,0,1,3,-1.0,"(1.0, -17)"
14168,,52.515021,13.409484,1244,1650,,1550,,0.1,0.081,0.408,3,17,0,,0,1,0,0,1,1,3,-1.0,"(1.0, -17)"
2388,Gransee,53.006872,13.157326,1262,1650,,1550,,21.989,0.21,56.857,0,16,0,,1,1,0,0,0,1,3,-1.0,"(1.0, -16)"
10400,Vordingborg,55.00815943,11.91050695,1200,1650,,1550,,111.646,0.047,0.0,7,16,1,regional,0,0,0,0,1,1,3,-1.0,"(1.0, -16)"
11824,,54.084849,12.150596,1218,1650,,1550,,8.183,0.34,0.814,4,13,0,,0,1,0,0,1,1,3,-1.0,"(1.0, -13)"
13750,,54.089953,12.138194,1218,1650,,1550,,8.657,0.093,0.185,4,13,0,,0,1,0,0,0,1,3,-1.0,"(1.0, -13)"
13749,,54.092547,12.138256,1218,1650,y,1550,,8.945,0.144,0.45,4,13,0,,0,1,0,0,1,1,3,-1.0,"(1.0, -13)"
12641,,51.05941,3.724315,1350,1650,,1550,,0.42,0.04,26.25,6,12,0,,0,1,0,0,1,1,3,-1.0,"(1.0, -12)"
12642,,51.054649,3.72572,1350,1650,,1550,,0.19,0.074,26.666,6,12,0,,0,1,0,0,0,1,3,-1.0,"(1.0, -12)"
15685,,55.269993,9.896332,1200,1650,,1550,,94.664,0.073,29.29,5,12,0,,0,1,0,0,0,1,3,-1.0,"(1.0, -12)"
15749,,55.27005470298344,9.90079591012785,1200,1650,,1550,,94.782,0.356,29.083,5,12,0,,0,1,0,0,0,0,3,-1.0,"(1.0, -12)"
10504,Assens,55.269923,9.894024,1200,1650,,1550,,94.6,0.073,29.395,5,12,0,,1,1,0,0,0,1,3,-1.0,"(1.0, -12)"
10520,,55.270244,9.889977,1200,1650,,1550,,94.533,0.129,29.611,5,12,0,,0,1,0,1,1,1,3,-1.0,"(1.0, -12)"
12638,,51.052518,3.734538,1350,1650,,1550,,0.13,0.151,26.589,4,12,0,,0,1,0,0,1,1,3,-1.0,"(1.0, -12)"
12806,,51.056402,3.721864,1350,1650,,1550,,0.047,0.166,26.626,6,12,0,,0,1,0,0,1,1,3,-1.0,"(1.0, -12)"
12807,,51.060415,3.713136,1350,1650,,1550,,0.373,0.536,26.544,6,12,0,,0,1,0,0,0,1,3,-1.0,"(1.0, -12)"
12810,,51.057699,3.707582,1350,1650,,1550,,0.661,0.559,27.003,6,12,0,,0,1,0,0,0,1,3,-1.0,"(1.0, -12)"
13860,,51.060044,3.724827,1350,1650,,1550,,0.499,0.04,26.171,6,12,0,,0,1,0,0,0,1,3,-1.0,"(1.0, -12)"
17697,,51.05666,3.741746,1350,1650,,1550,,0.618,0.471,25.95,8,12,0,,0,1,0,0,0,1,3,-1.0,"(1.0, -12)"
17919,,51.053769,3.722305,1350,1650,,1550,,0.196,0.078,26.867,4,12,0,,0,1,0,0,0,1,3,-1.0,"(1.0, -12)"
17925,,51.049889,3.72871,1350,1650,,1550,,0.239,0.157,27.035,4,12,0,,0,1,0,0,0,1,3,-1.0,"(1.0, -12)"
17926,,51.049066,3.719999,1350,1650,,1550,,0.308,0.564,27.403,4,12,0,,0,1,0,0,0,1,3,-1.0,"(1.0, -12)"
17927,,51.054833,3.734043,1350,1650,,1550,,0.121,0.171,26.376,4,12,0,,0,1,0,0,0,1,3,-1.0,"(1.0, -12)"
17928,,51.053956,3.730888,1350,1650,,1550,,0.121,0.136,26.564,4,12,0,,0,1,0,0,1,1,3,-1.0,"(1.0, -12)"
17929,,51.055817,3.728346,1350,1650,,1550,,0.035,0.112,26.465,6,12,0,,0,1,0,0,0,1,3,-1.0,"(1.0, -12)"
17930,,51.055824,3.7209,1350,1650,,1550,,0.047,0.205,26.715,6,12,0,,0,1,0,0,0,1,3,-1.0,"(1.0, -12)"
18003,,51.044347,3.736253,1350,1650,,1550,,0.956,0.656,27.348,4,12,0,,0,1,0,0,0,1,3,-1.0,"(1.0, -12)"
19587,,55.329307,8.762924,800,1650,,1550,,100.418,0.023,0.139,5,11,0,,0,1,0,0,1,1,3,-1.0,"(1.0, -11)"
19588,,55.329004,8.763436,800,1650,,1550,,100.375,0.023,0.126,5,11,0,,0,1,0,0,0,1,3,-1.0,"(1.0, -11)"
1665,Eberswalde,52.833374,13.821509,1300,1650,,1550,,0.275,0.128,44.801,3,10,0,,1,1,0,0,0,1,3,-1.0,"(1.0, -10)"
4625,Luckau,51.852601,13.715322,1250,1650,,1550,,57.691,0.134,57.885,0,10,0,,0,1,0,0,0,1,3,-1.0,"(1.0, -10)"
7206,Sluis,51.308755,3.386123,1290,1650,,1550,,0.209,0.04,15.824,8,10,0,,1,1,0,0,0,1,3,-1.0,"(1.0, -10)"
3881,Kolding,55.490223,9.473839,1231,1650,,1550,,112.154,0.127,0.0,5,10,1,regional,1,1,0,0,1,1,3,-1.0,"(1.0, -10)"
12603,,51.308502,3.385044,1290,1650,,1550,,0.156,0.04,15.75,8,10,0,,0,1,0,0,1,1,3,-1.0,"(1.0, -10)"
14148,,52.835851,13.822281,1300,1650,,1550,,0.037,0.14,45.049,3,10,0,,0,1,0,0,1,1,3,-1.0,"(1.0, -10)"
14945,,55.488006,9.472925,1231,1650,,1550,,111.903,0.127,0.253,5,10,0,,0,1,1,0,0,1,3,-1.0,"(1.0, -10)"
16245,,52.835831,13.821194,1300,1650,,1550,,0.037,0.143,45.001,3,10,0,,0,1,0,0,0,1,3,-1.0,"(1.0, -10)"
16355,Monnikerede,51.276175,3.309179,1266,1594,,1550,,1.216,1.949,9.543,7,10,0,,1,1,0,0,1,1,3,-1.0,"(1.0, -10)"
500,Beeskow,52.17187,14.246516,1272,1650,,1550,,18.892,0.438,68.817,0,8,0,,0,1,0,0,0,1,3,-1.0,"(1.0, -8)"
14172,,51.054846,13.739257,1200,1650,,1550,,8.795,0.192,22.294,1,8,0,,0,1,1,0,0,1,3,-1.0,"(1.0, -8)"
14339,,51.053558,13.741349,1200,1650,,1550,,8.593,0.137,22.495,1,8,0,,0,1,0,0,1,1,3,-1.0,"(1.0, -8)"
16443,,52.169138,14.25379,1272,1650,,1550,,19.344,0.089,69.398,0,8,0,,0,1,1,0,0,0,3,-1.0,"(1.0, -8)"
17349,,51.051143,13.7406321,1200,1650,,1550,,8.482,0.123,22.6,1,8,0,,0,1,0,0,0,1,3,-1.0,"(1.0, -8)"
18414,,49.998383,8.272887,297,1650,,1550,,0.71,0.069,31.764,2,7,0,,0,1,0,0,0,1,3,-1.0,"(1.0, -7)"
4955,Miltenberg,49.699422,9.252039,1225,1650,,1550,,6.49,0.045,56.139,0,7,0,,0,1,0,0,0,1,3,-1.0,"(1.0, -7)"
13702,Niederlage,52.345024,14.557207,1253,1650,,1550,,4.475,0.088,68.993,0,7,0,,0,1,0,0,1,1,3,-1.0,"(1.0, -7)"
14116,,52.578178,14.632811,1300,1650,,1550,,9.059,0.152,43.019,4,7,0,,0,1,0,0,1,1,3,-1.0,"(1.0, -7)"
14122,,52.344834,14.554629,1253,1650,,1550,,4.478,0.048,69.023,0,7,0,,0,1,0,0,0,1,3,-1.0,"(1.0, -7)"
14123,,52.346428,14.554072,1253,1650,,1550,,4.299,0.08,68.848,0,7,0,,0,1,0,0,0,1,3,-1.0,"(1.0, -7)"
14124,,52.347265,14.556805,1253,1650,,1550,,4.224,0.078,68.745,0,7,0,,1,1,1,0,0,1,3,-1.0,"(1.0, -7)"
14125,,52.347306,14.552216,1253,1650,,1550,,4.194,0.08,68.757,0,7,0,,0,1,0,0,0,1,3,-1.0,"(1.0, -7)"
14924,,50.001281,8.27646,297,1650,,1550,,0.558,0.141,31.403,2,7,0,,0,1,0,0,1,1,3,-1.0,"(1.0, -7)"
16466,,50.003798,8.274647,297,1650,,1550,,0.84,0.154,31.415,2,7,0,,0,1,0,1,0,1,3,-1.0,"(1.0, -7)"
17756,,49.700383,9.244893,1225,1650,,1550,,6.144,0.052,55.995,0,7,0,,0,1,0,0,0,1,3,-1.0,"(1.0, -7)"
17757,,49.700231,9.251963,1225,1650,,1550,,6.41,0.045,56.049,0,7,0,,0,1,0,0,1,1,3,-1.0,"(1.0, -7)"
17758,,49.701304,9.245135,1225,1650,,1550,,6.061,0.052,55.894,0,7,0,,0,1,0,1,0,1,3,-1.0,"(1.0, -7)"
17767,,49.701101,9.257312,1225,1650,,1550,,6.541,0.211,55.984,0,7,0,,0,1,0,0,0,1,3,-1.0,"(1.0, -7)"
16168,,50.964226,13.941885,1240,1650,,1550,,7.753,0.109,39.677,1,6,0,,0,1,0,0,1,1,3,-1.0,"(1.0, -6)"
3574,Košice,48.720509,21.257458,1347,1650,,1550,,501.484,15.412,0.0,5,5,1,regional,1,1,0,0,0,0,3,-1.0,"(1.0, -5)"
17176,,54.315756,13.095564,1234,1650,,1550,,32.032,0.022,30.679,2,5,0,,0,1,0,0,1,1,3,-1.0,"(1.0, -5)"
14428,,54.316576,13.094791,1234,1650,,1550,,32.134,0.103,30.782,2,5,0,,0,1,0,1,0,1,3,-1.0,"(1.0, -5)"
17036,Balduinbrücke,50.363891,7.593066,1276,1650,,1550,,0.752,0.199,55.32,0,5,0,,1,1,1,0,0,1,3,-1.0,"(1.0, -5)"
17037,,50.362734,7.598183,1276,1650,,1550,,0.446,0.107,55.61,0,5,0,,0,1,0,0,1,1,3,-1.0,"(1.0, -5)"
17038,,50.358678,7.604781,1276,1650,,1550,,0.478,0.283,56.234,0,5,0,,0,1,0,1,1,1,3,-1.0,"(1.0, -5)"
17039,,50.360396,7.594262,1276,1650,,1550,,0.822,0.042,55.7,0,5,0,,0,1,0,0,0,1,3,-1.0,"(1.0, -5)"
17040,,50.360858,7.597572,1276,1650,,1550,,0.61,0.08,55.77,0,5,0,,0,1,0,0,0,1,3,-1.0,"(1.0, -5)"
17175,,54.315619,13.094931,1234,1650,,1550,,32.047,0.022,30.692,2,5,0,,0,1,0,0,0,1,3,-1.0,"(1.0, -5)"
18122,Naantali,60.468904,22.01602,1443,1650,,1550,,358.005,0.111,0.0,3,4,1,regional,0,0,0,0,0,1,3,-1.0,"(1.0, -4)"
2106,Gartz,53.208154,14.391804,1249,1650,,1550,,3.891,0.106,30.654,4,4,0,,1,1,0,0,0,1,3,-1.0,"(1.0, -4)"
3500,Kalisz Pomorski ,53.297911,15.905313,1303,1650,,1550,,59.382,0.092,94.187,0,4,0,,0,1,0,0,0,1,3,-1.0,"(1.0, -4)"
13928,,54.098761,13.381161,1250,1650,,1550,,2.219,0.081,0.298,2,4,0,,0,1,0,0,1,1,3,-1.0,"(1.0, -4)"
19743,,54.099237,13.378756,1250,1650,,1550,,2.381,0.017,0.38,2,4,0,,0,1,0,0,0,1,3,-1.0,"(1.0, -4)"
13703,,53.424398,14.563523,1243,1650,,1550,,10.19,0.13,51.194,0,4,0,,0,1,0,0,1,1,3,-1.0,"(1.0, -4)"
14084,,53.20631,14.392662,1249,1650,,1550,,3.976,0.106,30.446,4,4,0,,0,1,0,0,1,1,3,-1.0,"(1.0, -4)"
14396,,53.422178,14.560474,1243,1650,,1550,,9.933,0.11,50.96,0,4,0,,0,1,1,0,0,1,3,-1.0,"(1.0, -4)"
14497,,52.729008,15.240647,1257,1650,,1550,,5.542,0.034,49.962,4,4,0,,0,1,1,0,0,1,3,-1.0,"(1.0, -4)"
14498,,52.729577,15.240244,1257,1650,,1550,,5.565,0.034,49.905,4,4,0,,1,1,0,0,1,1,3,-1.0,"(1.0, -4)"
14499,,52.721413,15.25104,1257,1650,,1550,,4.986,0.548,51.003,0,4,0,,1,1,0,0,0,1,3,-1.0,"(1.0, -4)"
16680,,53.296404,15.904137,1303,1650,,1550,,59.198,0.092,94.05,0,4,0,,0,1,0,0,0,1,3,-1.0,"(1.0, -4)"
18165,Steinbecker Brücke,54.098937,13.378708,1250,1650,,1550,,2.38,0.017,0.351,2,4,0,,0,1,1,0,0,1,3,-1.0,"(1.0, -4)"
4342,Litoměřice,50.53409,14.131664,1220,1650,,1550,,45.625,5.522,83.944,0,1,0,,1,1,0,0,0,0,3,-1.0,"(1.0, -1)"
11070,Malá Strana,50.088502,14.404609,1350,1650,,1550,,98.104,0.28,136.452,0,0,0,,0,1,0,0,0,1,3,-1.0,"(1.0, 0)"
11379,,54.005669,15.984292,1107,1650,,1550,,120.296,0.2,147.295,0,0,0,,0,1,0,0,0,1,3,-1.0,"(1.0, 0)"
11380,,54.003887,15.993314,1107,1650,,1550,,120.641,0.111,147.511,0,0,0,,0,1,0,0,0,1,3,-1.0,"(1.0, 0)"
11772,,54.709378,20.508352,1286,1650,,1550,,18.305,0.083,432.886,0,0,0,,0,1,0,0,0,1,3,-1.0,"(1.0, 0)"
517,Białogard,54.004568,15.990118,1107,1650,,1550,,120.522,0.111,147.439,0,0,0,,0,1,0,0,0,1,3,-1.0,"(1.0, 0)"
12304,,56.946622,24.104832,1350,1650,,1550,,10.025,0.099,367.512,0,0,0,,0,1,0,1,1,1,3,-1.0,"(1.0, 0)"
7806,Trzebiatów,54.062885,15.265714,1245,1650,,1550,,86.498,0.39,123.0,0,0,0,,0,1,0,0,0,1,3,-1.0,"(1.0, 0)"
8875,Darłowo,54.422131,16.410991,1271,1650,,1550,,145.338,1.756,199.866,0,0,0,,0,1,0,0,0,1,3,-1.0,"(1.0, 0)"
11935,,55.709908,21.133636,1253,1650,,1550,,75.508,0.07,460.651,0,0,0,,0,1,0,0,0,1,3,-1.0,"(1.0, 0)"
19787,Altstadtbrücke,51.157718,14.99417,1200,1650,,1550,,70.521,0.038,106.257,0,0,0,,0,1,1,0,0,1,3,-1.0,"(1.0, 0)"
13008,,56.950056,24.105399,1350,1650,,1550,,9.75,0.125,367.13,0,0,0,,0,1,0,0,0,1,3,-1.0,"(1.0, 0)"
16479,,54.350549,18.657577,1224,1650,,1550,,0.341,0.207,308.116,0,0,0,,0,1,0,0,1,1,3,-1.0,"(1.0, 0)"
16480,,54.35083,18.6512,1224,1650,,1550,,0.689,0.095,307.767,0,0,0,,0,1,0,0,0,1,3,-1.0,"(1.0, 0)"
16504,,55.709243,21.130975,1253,1650,,1550,,75.476,0.091,460.483,0,0,0,,0,1,0,1,1,1,3,-1.0,"(1.0, 0)"
17345,Karlův most,50.086442,14.411767,1350,1650,,1550,,98.457,0.28,136.897,0,0,0,,1,1,1,0,0,1,3,-1.0,"(1.0, 0)"
18183,Kneiphof,54.706998,20.507237,1286,1650,,1550,,18.325,0.137,432.712,0,0,0,,0,1,0,0,0,1,3,-1.0,"(1.0, 0)"
18232,,54.707642,20.505735,1286,1650,,1550,,18.433,0.128,432.653,0,0,0,,0,1,0,0,1,1,3,-1.0,"(1.0, 0)"
18255,,54.708832,20.511475,1286,1650,,1550,,18.096,0.022,433.044,0,0,0,,0,1,0,0,0,1,3,-1.0,"(1.0, 0)"
250,Amsterdam,52.373074,4.89257,1300,1650,,1600,60000.0,0.434,0.044,0.0,16,85,1,regional,1,1,0,0,0,1,3,60000.0,"(-60000.0, -85)"
6092,Praha,50.086745,14.420629,1350,1650,,1600,60000.0,98.591,0.317,137.172,0,0,0,,1,1,0,0,0,1,3,60000.0,"(-60000.0, 0)"
268,Antwerpen,51.221248,4.399862,1350,1650,,1600,47000.0,6.117,0.041,0.0,8,27,1,interregional,0,1,0,0,0,1,3,47000.0,"(-47000.0, -27)"
4329,Leiden,52.158439,4.490032,1266,1650,,1600,44000.0,0.482,0.049,0.0,15,49,1,regional,0,0,0,0,0,1,3,44000.0,"(-44000.0, -49)"
2777,Hamburg,53.54798,9.9931,1150,1650,y,1600,40000.0,0.239,0.042,0.0,29,81,1,regional,1,1,0,0,1,1,3,40000.0,"(-40000.0, -81)"
3888,Köln,50.936623,6.960704,1475,1650,,1600,40000.0,10.821,0.049,23.271,15,48,0,,1,1,0,0,0,1,3,40000.0,"(-40000.0, -48)"
1333,Gdańsk,54.349211,18.650284,1224,1650,,1600,40000.0,0.814,0.095,200.559,0,0,0,,0,1,0,0,0,1,3,40000.0,"(-40000.0, 0)"
2717,Haarlem,52.381385,4.636145,1245,1650,,1600,39000.0,2.387,0.07,17.431,13,54,0,,0,1,0,0,0,1,3,39000.0,"(-39000.0, -54)"
2159,Gent,51.05355,3.724503,1350,1650,,1600,31000.0,0.309,0.074,26.814,4,12,0,,0,1,0,0,0,1,3,31000.0,"(-31000.0, -12)"
7944,Utrecht,52.091844,5.118906,1114,1650,,1600,30000.0,0.315,0.11,0.0,33,87,1,regional,1,1,0,0,1,1,3,30000.0,"(-30000.0, -87)"
1036,Brugge,51.20876,3.224332,1127,1650,,1600,27000.0,0.114,0.029,0.0,6,10,1,interregional,1,0,0,0,0,1,3,27000.0,"(-27000.0, -10)"
4705,Magdeburg,52.131591,11.638959,1188,1650,y,1600,25000.0,2.984,0.074,0.0,30,98,1,regional,1,1,0,0,0,1,3,25000.0,"(-25000.0, -98)"
4604,Lübeck,53.865911,10.685259,1143,1650,y,1600,23000.0,0.331,0.128,21.403,11,71,0,,1,1,0,0,0,1,3,23000.0,"(-23000.0, -71)"
973,Bremen,53.075887,8.807392,965,1650,y,1600,21000.0,0.227,0.031,0.0,10,71,1,regional,1,1,0,0,0,1,3,21000.0,"(-21000.0, -71)"
1811,Enkhuizen,52.704595,5.2937,1356,1650,,1600,20000.0,20.467,0.148,45.071,15,80,0,,0,1,0,0,0,1,3,20000.0,"(-20000.0, -80)"
8876,Middelburg (Walcheren),51.4984,3.611522,1217,1650,,1600,20000.0,1.816,0.27,0.0,8,22,1,regional,1,1,0,0,0,1,3,20000.0,"(-20000.0, -22)"
1987,Frankfurt am Main,50.110394,8.682175,1142,1650,,1600,20000.0,2.962,0.076,0.0,5,12,1,interregional,0,0,0,0,0,1,3,20000.0,"(-20000.0, -12)"
1826,Erfurt,50.977868,11.028775,1167,1650,y,1600,19000.0,68.224,0.085,0.0,28,114,1,regional,1,0,0,0,0,1,3,19000.0,"(-19000.0, -114)"
2456,Groningen,53.218044,6.566612,1245,1650,,1600,19000.0,0.09,0.019,0.0,16,71,1,regional,1,1,0,0,0,1,3,19000.0,"(-19000.0, -71)"
1521,Dordrecht,51.81514,4.667133,1220,1650,,1600,18000.0,0.294,0.018,6.051,24,56,0,,1,1,0,0,1,1,3,18000.0,"(-18000.0, -56)"
4698,Maastricht,50.85125,5.690547,1204,1650,y,1600,18000.0,3.21,0.174,0.0,10,37,1,regional,1,1,0,0,0,1,3,18000.0,"(-18000.0, -37)"
4337,Leipzig,51.339915,12.374475,1170,1650,y,1600,17000.0,7.631,0.185,0.0,27,78,1,interregional,1,1,0,0,0,1,3,17000.0,"(-17000.0, -78)"
942,Braunschweig,52.262815,10.517142,1204,1650,y,1600,16000.0,1.71,0.217,0.0,28,122,1,regional,1,0,0,0,0,1,3,16000.0,"(-16000.0, -122)"
1790,Emden,53.366864,7.206328,1433,1650,y,1600,15000.0,18.98,0.137,0.0,25,62,1,regional,1,1,0,0,0,1,3,15000.0,"(-15000.0, -62)"
6545,Rostock,54.088618,12.139895,1218,1650,,1600,15000.0,8.516,0.093,0.0,6,23,1,regional,0,1,0,0,0,1,3,15000.0,"(-15000.0, -23)"
7461,Stralsund,54.316002,13.090474,1234,1650,,1600,15000.0,32.268,0.144,24.915,4,8,0,,1,1,0,0,0,1,3,15000.0,"(-15000.0, -8)"
3911,Kaliningrad,54.708932,20.51082,1286,1650,,1600,15000.0,18.139,0.022,324.469,0,0,0,,0,1,0,0,0,1,3,15000.0,"(-15000.0, 0)"
4653,Lüneburg,53.24995,10.40887,1247,1650,y,1600,14000.0,10.035,0.064,0.0,20,79,1,regional,0,1,0,0,0,1,3,14000.0,"(-14000.0, -79)"
2352,Gouda,52.011189,4.710352,1272,1650,,1600,14000.0,0.127,0.038,0.0,27,59,1,regional,0,0,0,0,0,1,3,14000.0,"(-14000.0, -59)"
3017,&#39;s-Hertogenbosch,51.688763,5.303699,1195,1650,,1600,13000.0,3.236,0.12,14.41,30,98,0,,1,1,0,1,0,1,3,13000.0,"(-13000.0, -98)"
4716,Mainz,49.999541,8.27359,297,1650,,1600,13000.0,0.672,0.069,31.668,2,9,0,,0,1,0,0,0,1,3,13000.0,"(-13000.0, -9)"
1988,Frankfurt (Oder),52.344244,14.553598,1253,1650,,1600,13000.0,4.539,0.048,69.092,0,9,0,,1,1,0,0,0,1,3,13000.0,"(-13000.0, -9)"
5430,Nijmegen,51.847301,5.864896,1230,1650,,1600,12000.0,0.432,0.139,0.0,47,132,1,regional,0,0,0,0,0,1,3,12000.0,"(-12000.0, -132)"
11862,Alkmaar,52.630722,4.749201,1254,1650,,1600,12000.0,1.063,0.228,30.248,3,52,0,,0,1,0,0,0,1,3,12000.0,"(-12000.0, -52)"
2002,Freiberg,50.916999,13.343914,1170,1650,n,1600,12000.0,28.192,0.234,28.759,1,22,0,,1,1,0,0,0,1,3,12000.0,"(-12000.0, -22)"
1570,Dresden,51.049734,13.737918,1200,1650,,1600,12000.0,8.557,0.123,22.53,1,8,0,,1,1,0,0,0,1,3,12000.0,"(-12000.0, -8)"
7413,Szczecin,53.424101,14.559637,1243,1650,,1600,12000.0,10.144,0.11,23.605,1,5,0,,1,1,0,0,0,1,3,12000.0,"(-12000.0, -5)"
5113,Münster (Westfalen),51.963078,7.628321,1170,1650,,1600,11000.0,25.869,0.155,0.0,20,99,1,regional,0,0,0,0,0,1,3,11000.0,"(-11000.0, -99)"
2765,Halle (Saale),51.482658,11.969805,1170,1650,y,1600,10000.0,15.991,0.061,0.0,33,98,1,regional,1,0,0,0,0,1,3,10000.0,"(-10000.0, -98)"
7230,Soest (Westfalen),51.572658,8.106354,1144,1650,,1600,10000.0,31.376,0.045,0.0,15,69,1,regional,1,0,0,0,0,1,3,10000.0,"(-10000.0, -69)"
579,Berlin,52.5184,13.407131,1244,1650,y,1600,10000.0,0.38,0.117,0.0,3,22,1,local,1,1,0,0,0,1,3,10000.0,"(-10000.0, -22)"
6425,Rīga,56.947979,24.106951,1350,1650,,1600,10000.0,9.988,0.099,344.528,0,0,0,,0,1,0,0,0,1,3,10000.0,"(-10000.0, 0)"
2313,Görlitz,51.15621,14.990651,1200,1650,,1600,10000.0,70.234,0.149,106.014,0,0,0,,0,1,0,0,0,1,3,10000.0,"(-10000.0, 0)"
8866,Zwolle,52.51226,6.092754,1230,1650,y,1600,9000.0,0.305,0.164,0.0,48,119,1,regional,1,1,0,0,0,1,3,9000.0,"(-9000.0, -119)"
2337,Goslar ,51.905882,10.428955,1219,1650,y,1600,8000.0,8.956,0.266,0.0,41,134,1,regional,0,0,0,0,0,1,3,8000.0,"(-8000.0, -134)"
5165,Naumburg (Saale),51.152263,11.809909,1033,1650,y,1600,8000.0,42.154,0.138,0.0,36,92,1,interregional,1,0,0,0,0,1,3,8000.0,"(-8000.0, -92)"
296,Arnhem,51.978705,5.910977,1233,1650,,1600,7000.0,0.37,0.14,0.0,47,130,1,regional,1,1,0,0,0,1,3,7000.0,"(-7000.0, -130)"
1417,Deventer,52.251815,6.160268,1123,1650,,1600,7000.0,0.252,0.086,0.0,51,122,1,regional,1,0,0,0,0,1,3,7000.0,"(-7000.0, -122)"
0,Göttingen,51.532781,9.935188,1230,1650,y,1600,7000.0,21.013,0.053,0.0,35,120,1,regional,1,0,0,0,0,1,3,7000.0,"(-7000.0, -120)"
3541,Kampen ,52.55863,5.916728,1230,1650,,1600,7000.0,0.33,0.028,0.0,34,111,1,regional,0,0,0,0,0,1,3,7000.0,"(-7000.0, -111)"
1545,Dortmund,51.514287,7.466708,1138,1650,,1600,7000.0,15.091,0.264,0.0,16,80,1,regional,1,0,0,0,0,1,3,7000.0,"(-7000.0, -80)"
949,Breda,51.588294,4.776283,1198,1650,,1600,7000.0,9.14,0.036,0.0,16,66,1,regional,1,1,0,0,0,1,3,7000.0,"(-7000.0, -66)"
928,Brandenburg (Havel),52.413985,12.553797,1170,1650,y,1600,7000.0,0.719,0.066,0.0,12,48,1,local,1,1,0,0,0,1,3,7000.0,"(-7000.0, -48)"
11915,Zierikzee,51.649648,3.921261,1220,1650,,1600,7000.0,0.325,0.103,16.271,7,32,0,,0,1,0,0,0,1,3,7000.0,"(-7000.0, -32)"
3580,Kassel,51.315808,9.50533,1180,1650,y,1600,6000.0,0.173,0.061,0.0,24,96,1,local,0,1,0,0,0,1,3,6000.0,"(-6000.0, -96)"
8807,Zittau,50.896066,14.805737,1230,1650,,1600,6000.0,53.48,0.348,97.985,0,1,0,,1,1,0,0,0,1,3,6000.0,"(-6000.0, -1)"
8853,Zutphen,52.141452,6.195327,1191,1650,,1600,5000.0,0.346,0.054,0.0,43,131,1,regional,1,0,0,0,0,1,3,5000.0,"(-5000.0, -131)"
8000,Venlo,51.370573,6.169413,1343,1650,,1600,5000.0,2.382,0.077,0.0,31,102,1,regional,1,1,0,0,0,1,3,5000.0,"(-5000.0, -102)"
5801,Paderborn,51.718207,8.755377,1238,1650,,1600,5000.0,43.054,0.114,0.0,33,99,1,regional,1,0,0,0,0,1,3,5000.0,"(-5000.0, -99)"
6477,Roermond,51.195619,5.985689,1224,1650,,1600,5000.0,0.208,0.083,0.0,31,80,1,regional,1,0,0,0,0,1,3,5000.0,"(-5000.0, -80)"
1639,Düsseldorf,51.225891,6.772236,1288,1650,,1600,5000.0,1.421,0.043,0.0,27,66,1,regional,1,0,0,0,0,1,3,5000.0,"(-5000.0, -66)"
8901,Vlissingen,51.442123,3.572776,1315,1650,,1600,5000.0,0.349,0.186,6.809,8,17,0,,1,1,0,0,1,1,3,5000.0,"(-5000.0, -17)"
72,Aarhus,56.157091,10.209522,1300,1650,,1600,5000.0,108.178,0.052,0.0,5,17,1,regional,1,0,0,0,0,1,3,5000.0,"(-5000.0, -17)"
8902,Ribe,55.328145,8.762129,800,1650,,1600,5000.0,100.316,0.063,0.0,5,13,1,regional,1,0,0,0,0,1,3,5000.0,"(-5000.0, -13)"
258,Anklam,53.855504,13.687515,1264,1650,,1600,5000.0,4.417,0.152,33.428,3,7,0,,1,1,0,0,0,1,3,5000.0,"(-5000.0, -7)"
1537,Tartu,58.38012,26.72255,1248,1650,,1600,5000.0,11.257,0.09,226.656,0,0,0,,0,1,0,0,0,1,3,5000.0,"(-5000.0, 0)"
4958,Minden,52.28806,8.916805,1230,1650,y,1600,4000.0,2.405,0.108,0.0,26,109,1,regional,0,1,0,0,0,1,3,4000.0,"(-4000.0, -109)"
8005,Verden,52.919986,9.22902,1259,1650,y,1600,4000.0,2.193,0.097,0.0,9,82,1,regional,1,0,0,0,0,1,3,4000.0,"(-4000.0, -82)"
3646,Kiel,54.323309,10.139494,1242,1650,y,1600,4000.0,20.9,0.248,0.0,19,76,1,interregional,0,0,0,0,0,1,3,4000.0,"(-4000.0, -76)"
186,Altenburg ,50.985257,12.433309,1205,1650,y,1600,4000.0,32.019,0.101,0.0,14,66,1,regional,1,0,0,0,0,1,3,4000.0,"(-4000.0, -66)"
7405,Stendal,52.605896,11.860586,1160,1650,y,1600,4000.0,8.881,0.163,0.0,21,64,1,regional,0,0,0,0,0,1,3,4000.0,"(-4000.0, -64)"
18118,Turku,60.450667,22.275951,1300,1650,,1600,4000.0,344.064,0.064,0.0,4,6,1,regional,1,0,0,0,0,1,3,4000.0,"(-4000.0, -6)"
2807,Harderwijk,52.350136,5.618408,1231,1650,,1600,3000.0,19.975,0.118,0.0,45,101,1,regional,1,1,0,0,0,1,3,3000.0,"(-3000.0, -101)"
1865,Essen,51.456963,7.012649,1244,1650,,1600,3000.0,7.625,0.101,0.0,26,100,1,regional,1,0,0,0,0,1,3,3000.0,"(-3000.0, -100)"
5704,Osnabrück,52.2772,8.041195,1171,1650,y,1600,3000.0,36.63,0.087,0.0,25,98,1,regional,1,0,0,0,0,1,3,3000.0,"(-3000.0, -98)"
1177,Celle,52.624105,10.081862,1292,1650,y,1600,3000.0,0.358,0.029,0.0,21,93,1,local,1,1,0,0,0,1,3,3000.0,"(-3000.0, -93)"
1127,Burg (bei Magdeburg),52.270597,11.858961,1250,1650,y,1600,3000.0,6.71,0.094,0.0,28,91,1,regional,1,0,0,0,0,1,3,3000.0,"(-3000.0, -91)"
1401,Dessau,51.835326,12.246898,1382,1650,y,1600,3000.0,4.054,0.198,18.393,15,86,0,,1,1,0,0,0,1,3,3000.0,"(-3000.0, -86)"
5304,Neuss,51.197927,6.692717,1200,1650,,1600,3000.0,0.299,0.1,0.0,30,66,1,regional,1,0,0,0,0,1,3,3000.0,"(-3000.0, -66)"
7220,Snits,53.032128,5.661122,1317,1650,,1600,3000.0,0.168,0.168,31.432,8,54,0,,0,1,0,0,1,1,3,3000.0,"(-3000.0, -54)"
6880,Schleswig,54.513788,9.570986,1196,1650,,1600,3000.0,16.38,0.189,0.0,17,51,1,regional,0,0,0,0,0,1,3,3000.0,"(-3000.0, -51)"
8505,Wismar,53.891371,11.466215,1226,1650,y,1600,3000.0,33.958,0.062,0.0,10,34,1,regional,1,1,0,0,0,1,3,3000.0,"(-3000.0, -34)"
4168,Kostrzyn nad Odrą,52.579019,14.637092,1300,1650,,1600,3000.0,9.088,0.152,42.938,4,7,0,,1,1,0,0,0,1,3,3000.0,"(-3000.0, -7)"
4220,Gorzów Wielkopolski,52.731058,15.240125,1257,1650,,1600,3000.0,5.565,0.082,49.812,4,5,0,,0,1,0,0,0,1,3,3000.0,"(-3000.0, -5)"
7722,Sovetsk,55.082141,21.903648,1552,1650,,1600,3000.0,4.848,0.052,419.399,0,0,0,,0,1,0,0,0,1,3,3000.0,"(-3000.0, 0)"
4871,Klaipėda,55.708979,21.135143,1253,1650,,1600,3000.0,75.385,0.07,393.705,0,0,0,,0,1,0,0,0,1,3,3000.0,"(-3000.0, 0)"
2778,Hameln,52.104508,9.356435,1200,1650,y,1600,2000.0,3.199,0.095,0.0,44,117,1,regional,0,0,0,0,0,1,3,2000.0,"(-2000.0, -117)"
1611,Duisburg,51.435337,6.760599,1145,1650,,1600,2000.0,0.646,0.081,15.014,31,102,0,,0,1,0,0,0,1,3,2000.0,"(-2000.0, -102)"
3411,Jena ,50.928178,11.588112,1230,1650,y,1600,2000.0,67.445,0.049,0.0,32,98,1,regional,1,0,0,0,0,1,3,2000.0,"(-2000.0, -98)"
8272,Weißenfels,51.201045,11.972454,1280,1650,y,1600,2000.0,29.727,0.072,0.0,39,84,1,local,0,1,0,0,0,1,3,2000.0,"(-2000.0, -84)"
7321,Stade,53.603069,9.476003,1209,1650,y,1600,2000.0,1.87,0.016,0.0,41,77,1,regional,1,1,0,1,1,1,3,2000.0,"(-2000.0, -77)"
8752,Zeitz,51.050307,12.134652,1147,1650,y,1600,2000.0,30.14,0.277,0.0,26,73,1,regional,0,1,0,0,0,1,3,2000.0,"(-2000.0, -73)"
5623,Oldenburg (Oldenburg),53.138916,8.214479,1345,1650,y,1600,2000.0,27.756,0.095,0.0,16,69,1,regional,1,1,0,0,0,1,3,2000.0,"(-2000.0, -69)"
11913,Goes,51.504595,3.890265,1405,1650,,1600,2000.0,14.768,0.056,0.0,9,26,1,regional,0,0,0,0,0,1,3,2000.0,"(-2000.0, -26)"
2602,Großenhain,51.291728,13.530913,1200,1650,,1600,2000.0,12.718,0.186,14.911,4,17,0,,1,1,0,0,0,1,3,2000.0,"(-2000.0, -17)"
2409,Greifswald,54.09608,13.380983,1250,1650,,1600,2000.0,2.216,0.149,0.0,4,7,1,local,1,1,0,0,0,1,3,2000.0,"(-2000.0, -7)"
5949,Pirna,50.962273,13.941934,1240,1650,,1600,2000.0,7.68,0.109,39.802,1,6,0,,1,1,0,0,0,1,3,2000.0,"(-2000.0, -6)"
3852,Koblenz,50.360368,7.595445,1276,1650,,1600,1000.0,0.758,0.042,55.744,0,6,0,,1,1,0,0,0,1,3,1000.0,"(-1000.0, -6)"
8774,Zevenaar,51.928101,6.07639,1487,1650,,1600,,4.423,1.604,10.442,42,137,0,,1,1,0,0,0,1,3,-1.0,"(1.0, -137)"
19988,Ammerbrücke,51.217341,10.45141,1135,1650,,1600,,24.002,0.031,1.264,29,136,0,,0,1,1,0,0,1,3,-1.0,"(1.0, -136)"
1484,Doesburg,52.01499,6.134222,1237,1650,,1600,,0.089,0.129,0.0,39,136,1,regional,1,0,0,0,0,1,3,-1.0,"(1.0, -136)"
10873,,51.216847,10.450991,1135,1650,,1600,,23.966,0.031,1.23,29,136,0,,0,1,0,0,0,1,3,-1.0,"(1.0, -136)"
19987,Wagenstedter Brücke,51.213554,10.466558,1135,1650,,1600,,24.995,0.258,0.834,29,136,0,,0,1,1,0,0,1,3,-1.0,"(1.0, -136)"
9507,,51.209279,10.463684,1135,1650,,1600,,24.744,0.141,0.341,29,135,0,,0,1,0,0,0,1,3,-1.0,"(1.0, -135)"
5092,Mühlhausen/Thüringen,51.207306,10.459939,1135,1650,y,1600,,24.464,0.157,0.0,29,135,1,regional,1,1,0,0,0,1,3,-1.0,"(1.0, -135)"
14798,,51.210138,10.459875,1135,1650,,1600,,24.49,0.123,0.315,29,135,0,,0,1,0,0,0,1,3,-1.0,"(1.0, -135)"
17391,Obermarkt,51.210079,10.456334,1135,1650,,1600,,24.244,0.123,0.398,29,135,0,,0,1,0,0,0,1,3,-1.0,"(1.0, -135)"
11408,,51.9799448,5.8990024,1233,1650,,1600,,0.399,0.055,0.832,47,130,0,,0,1,0,1,0,1,3,-1.0,"(1.0, -130)"
11149,,51.980727,5.899969,1233,1650,,1600,,0.383,0.055,0.787,47,130,0,,1,1,0,0,1,1,3,-1.0,"(1.0, -130)"
9886,,51.976552,5.908878,1233,1650,,1600,,0.297,0.14,0.279,47,130,0,,0,1,0,0,1,1,3,-1.0,"(1.0, -130)"
13895,,51.979661,5.907061,1233,1650,,1600,,0.213,0.144,0.289,47,130,0,,0,1,0,0,0,1,3,-1.0,"(1.0, -130)"
17802,,51.981705,5.901128,1233,1650,,1600,,0.409,0.067,0.753,47,130,0,,0,1,0,0,0,1,3,-1.0,"(1.0, -130)"
839,Borken,51.844299,6.859231,1222,1650,,1600,,19.877,0.138,0.0,18,126,1,regional,0,0,0,0,0,1,3,-1.0,"(1.0, -126)"
11701,,51.760701,5.741658,1279,1650,,1600,,3.684,0.061,0.122,33,122,0,,1,1,0,1,1,1,3,-1.0,"(1.0, -122)"
2396,Grave,51.759622,5.741361,1279,1650,,1600,,3.736,0.061,0.0,33,122,1,local,0,1,0,0,0,1,3,-1.0,"(1.0, -122)"
12923,,51.758592,5.740709,1279,1650,,1600,,3.767,0.062,0.123,33,122,0,,0,1,0,0,0,1,3,-1.0,"(1.0, -122)"
2805,Hardenberg,52.57552,6.61681,1362,1650,,1600,,2.51,0.061,0.0,43,119,1,regional,1,0,0,0,0,1,3,-1.0,"(1.0, -119)"
11343,,52.514304,6.089266,1230,1650,y,1600,,0.529,0.164,0.328,48,119,0,,0,1,0,0,1,1,3,-1.0,"(1.0, -119)"
1240,Coevorden,52.661176,6.741299,1407,1650,,1600,,10.194,0.124,0.0,36,118,1,regional,1,0,0,0,0,1,3,-1.0,"(1.0, -118)"
3026,Hessisch Oldendorf,52.168528,9.249764,1405,1650,y,1600,,0.612,0.125,0.0,40,115,1,regional,1,0,0,0,0,1,3,-1.0,"(1.0, -115)"
3240,Höxter,51.773997,9.381219,1150,1650,,1600,,3.67,0.075,0.0,54,114,1,regional,0,0,0,0,0,1,3,-1.0,"(1.0, -114)"
8884,Rinteln,52.187439,9.08,1239,1650,y,1600,,3.187,0.162,0.0,31,114,1,regional,1,0,0,0,0,1,3,-1.0,"(1.0, -114)"
11805,,52.289841,8.922175,1230,1650,,1600,,2.592,0.052,0.415,26,109,0,,0,1,0,0,0,1,3,-1.0,"(1.0, -109)"
8932,,52.29,8.9166,1230,1650,,1600,,2.621,0.108,0.216,26,109,0,,0,1,0,0,0,1,3,-1.0,"(1.0, -109)"
8937,,52.28973,8.92368,1230,1650,y,1600,,2.586,0.052,0.503,26,109,0,,0,1,1,1,0,1,3,-1.0,"(1.0, -109)"
9001,Schlagde,52.291049,8.923151,1230,1650,,1600,,2.73,0.075,0.545,26,109,0,,0,1,0,0,1,1,3,-1.0,"(1.0, -109)"
17,,51.41919,9.6528,1183,1650,y,1600,,4.148,0.03,15.393,40,107,0,,0,1,1,0,0,1,3,-1.0,"(1.0, -107)"
18,Hann. Münden,51.417743,9.65191,1183,1650,y,1600,,4.0,0.062,15.232,40,107,0,,0,1,0,0,0,1,3,-1.0,"(1.0, -107)"
1753,Elburg,52.448446,5.833982,1233,1650,,1600,,13.719,0.1,0.0,39,107,1,regional,0,1,0,0,0,1,3,-1.0,"(1.0, -107)"
8933,Bremer Schlagd,51.418997,9.650177,1183,1650,,1600,,3.994,0.052,15.257,40,107,0,,1,1,0,0,1,1,3,-1.0,"(1.0, -107)"
9290,Kasseler Schlagd,51.417357,9.649215,1183,1650,,1600,,3.826,0.096,15.076,40,107,0,,0,1,0,0,1,1,3,-1.0,"(1.0, -107)"
9291,Wanfrieder Schlagd,51.418839,9.65165,1183,1650,,1600,,4.061,0.052,15.311,40,107,0,,0,1,0,0,1,1,3,-1.0,"(1.0, -107)"
4353,Lemgo,52.028386,8.901262,1190,1650,,1600,,15.982,0.206,0.0,34,106,1,regional,1,0,0,0,0,1,3,-1.0,"(1.0, -106)"
11811,,51.43515,6.762927,1145,1650,,1600,,0.636,0.081,14.906,31,102,0,,0,1,0,0,0,1,3,-1.0,"(1.0, -102)"
10587,,51.371192,6.167428,1343,1650,,1600,,2.273,0.077,0.154,31,102,0,,1,1,0,1,1,1,3,-1.0,"(1.0, -102)"
11812,,51.436748,6.75724,1145,1650,,1600,,0.629,0.14,15.092,31,102,0,,0,1,0,0,1,1,3,-1.0,"(1.0, -102)"
14704,,52.350668,5.615042,1231,1650,,1600,,19.821,0.118,0.236,45,101,0,,0,1,0,0,1,1,3,-1.0,"(1.0, -101)"
8701,Zaltbommel,51.813647,5.24781,1231,1650,,1600,,3.822,0.072,0.0,39,99,1,local,0,1,0,0,0,1,3,-1.0,"(1.0, -99)"
12784,,51.814805,5.24686,1231,1650,,1600,,3.861,0.072,0.144,39,99,0,,1,1,0,1,1,1,3,-1.0,"(1.0, -99)"
9542,,52.127033,11.651974,1188,1650,y,1600,,2.17,0.049,1.023,30,98,0,,0,1,1,0,0,1,3,-1.0,"(1.0, -98)"
11519,,52.128172,11.642789,1188,1650,y,1600,,2.525,0.141,0.461,30,98,0,,0,1,1,0,0,1,3,-1.0,"(1.0, -98)"
19942,,52.131943,11.63686,1188,1650,,1600,,3.091,0.074,0.149,30,98,0,,0,1,0,0,0,1,3,-1.0,"(1.0, -98)"
13405,,52.129381,11.643691,1188,1650,,1600,,2.616,0.106,0.406,30,98,0,,0,1,0,0,1,1,3,-1.0,"(1.0, -98)"
13407,,52.130336,11.635913,1188,1650,,1600,,2.976,0.095,0.25,30,98,0,,0,1,0,0,0,1,3,-1.0,"(1.0, -98)"
12789,,51.690463,5.300092,1195,1650,,1600,,2.954,0.051,14.162,30,98,0,,0,1,0,0,1,1,3,-1.0,"(1.0, -98)"
16278,,52.130509,11.641203,1188,1650,,1600,,2.805,0.097,0.195,30,98,0,,0,1,0,0,0,1,3,-1.0,"(1.0, -98)"
2840,Haselünne,52.673601,7.486447,1220,1650,y,1600,,6.69,0.116,0.0,22,97,1,regional,1,0,0,0,0,1,3,-1.0,"(1.0, -97)"
20307,,51.688541,5.314803,1195,1650,,1600,,3.681,0.383,14.656,30,97,0,,0,1,0,0,0,1,3,-1.0,"(1.0, -97)"
11636,,51.316143,9.508501,1180,1650,,1600,,0.051,0.155,0.224,24,96,0,,0,1,0,0,0,1,3,-1.0,"(1.0, -96)"
11637,Schlagd,51.316049,9.507041,1180,1650,,1600,,0.051,0.061,0.122,24,96,0,,0,1,0,0,1,1,3,-1.0,"(1.0, -96)"
9344,,51.316588,9.510959,1180,1650,,1600,,0.089,0.174,0.401,24,96,0,,0,1,0,0,1,1,3,-1.0,"(1.0, -96)"
9346,,51.314434,9.505886,1180,1650,,1600,,0.227,0.079,0.158,24,96,0,,1,1,1,0,0,1,3,-1.0,"(1.0, -96)"
7369,Steenwijk,52.78694,6.116357,1296,1650,,1600,,0.932,0.137,0.0,29,93,1,regional,0,0,0,0,0,1,3,-1.0,"(1.0, -93)"
8967,,52.62741,10.07964,1292,1650,y,1600,,0.128,0.092,0.397,15,93,0,,0,1,0,0,0,1,3,-1.0,"(1.0, -93)"
8954,,52.62567,10.07715,1292,1650,,1600,,0.128,0.144,0.363,15,93,0,,0,1,0,0,1,1,3,-1.0,"(1.0, -93)"
9121,,52.623592,10.082078,1292,1650,,1600,,0.411,0.029,0.059,21,93,0,,0,1,0,0,0,1,3,-1.0,"(1.0, -93)"
9231,,52.626677,10.081072,1292,1650,,1600,,0.181,0.075,0.291,15,93,0,,0,1,0,0,0,1,3,-1.0,"(1.0, -93)"
13630,,52.297088,5.161749,1353,1650,,1600,,0.583,0.035,20.147,25,91,0,,0,1,0,0,1,1,3,-1.0,"(1.0, -91)"
5131,Naarden,52.296587,5.162391,1353,1650,,1600,,0.631,0.035,20.21,25,91,0,,0,1,0,0,0,1,3,-1.0,"(1.0, -91)"
11440,,51.857343,12.213621,1382,1650,y,1600,,1.539,1.95,15.064,16,90,0,,1,1,0,0,0,1,3,-1.0,"(1.0, -90)"
12525,,52.092846,5.11162,1114,1650,,1600,,0.41,0.065,0.51,33,87,0,,0,1,1,0,0,1,3,-1.0,"(1.0, -87)"
10788,,52.093432,5.116996,1114,1650,,1600,,0.111,0.11,0.22,33,87,0,,0,1,0,0,0,1,3,-1.0,"(1.0, -87)"
10460,,51.833659,12.251977,1382,1650,,1600,,4.363,0.198,18.752,15,86,0,,0,1,1,0,0,1,3,-1.0,"(1.0, -86)"
11328,,51.202681,11.966501,1280,1650,,1600,,30.08,0.226,0.453,39,85,0,,0,1,0,0,0,1,3,-1.0,"(1.0, -85)"
19525,,52.36923,4.891019,1300,1650,,1600,,0.841,0.043,0.44,16,85,0,,0,1,0,0,0,1,3,-1.0,"(1.0, -85)"
19526,,52.372476,4.893958,1300,1650,,1600,,0.429,0.012,0.115,16,85,0,,0,1,0,0,0,1,3,-1.0,"(1.0, -85)"
19537,Paulusbroedersluis,52.371494,4.896887,1300,1650,,1600,,0.481,0.04,0.342,16,85,0,,0,1,1,0,0,1,3,-1.0,"(1.0, -85)"
19535,Varkenssluis,52.371851,4.895852,1300,1650,,1600,,0.449,0.04,0.261,16,85,0,,0,1,1,0,0,1,3,-1.0,"(1.0, -85)"
19527,,52.37622,4.899628,1300,1650,,1600,,0.176,0.044,0.593,16,85,0,,0,1,0,0,0,1,3,-1.0,"(1.0, -85)"
19538,,52.371052,4.898518,1300,1650,,1600,,0.538,0.009,0.462,16,85,0,,0,1,0,0,0,1,3,-1.0,"(1.0, -85)"
19528,Nieuwe Brug,52.376816,4.898797,1300,1650,,1600,,0.159,0.028,0.593,16,85,0,,0,1,1,0,0,1,3,-1.0,"(1.0, -85)"
19539,Bushuissluis,52.370986,4.898754,1300,1650,,1600,,0.548,0.009,0.48,16,85,0,,0,1,1,0,0,1,3,-1.0,"(1.0, -85)"
11849,Oudewater,52.022978,4.872386,1257,1650,,1600,,0.096,0.096,11.166,31,85,0,,1,1,0,0,1,1,3,-1.0,"(1.0, -85)"
14910,Rokin,52.372306,4.892819,1300,1650,y,1600,,0.487,0.044,0.087,16,85,0,,0,1,0,0,1,1,3,-1.0,"(1.0, -85)"
19529,,52.377477,4.89759,1300,1650,,1600,,0.188,0.008,0.597,16,85,0,,0,1,0,0,0,1,3,-1.0,"(1.0, -85)"
12707,,52.021649,4.870602,1257,1650,,1600,,0.096,0.077,11.028,31,85,0,,0,1,0,0,0,1,3,-1.0,"(1.0, -85)"
12840,,52.385612,4.882023,1300,1650,,1600,,1.496,0.688,1.567,13,85,0,,0,1,0,0,0,1,3,-1.0,"(1.0, -85)"
10785,,52.377087,4.896699,1300,1650,,1600,,0.144,0.037,0.527,16,85,0,,0,1,0,0,0,1,3,-1.0,"(1.0, -85)"
19547,,52.377136,4.898164,1300,1650,,1600,,0.163,0.027,0.59,16,85,0,,0,1,0,0,0,1,3,-1.0,"(1.0, -85)"
12481,,52.018818,5.0443,1363,1650,,1600,,0.165,0.049,9.589,30,85,0,,0,1,0,0,1,1,3,-1.0,"(1.0, -85)"
19530,Oude Brug,52.375525,4.897005,1300,1650,,1600,,0.033,0.026,0.406,16,85,0,,0,1,1,0,0,1,3,-1.0,"(1.0, -85)"
19531,,52.376066,4.895621,1300,1650,,1600,,0.106,0.03,0.392,16,85,0,,0,1,0,0,0,1,3,-1.0,"(1.0, -85)"
19532,,52.375158,4.897885,1300,1650,,1600,,0.089,0.036,0.429,16,85,0,,0,1,0,0,0,1,3,-1.0,"(1.0, -85)"
19533,Lange Brug,52.36923,4.89229,1300,1650,,1600,,0.802,0.043,0.428,16,85,0,,0,1,1,0,0,1,3,-1.0,"(1.0, -85)"
10786,Damrak,52.374318,4.894645,1300,1650,y,1600,,0.237,0.047,0.197,16,85,0,,0,1,0,0,1,1,3,-1.0,"(1.0, -85)"
19548,,52.377311,4.899601,1300,1650,,1600,,0.237,0.085,0.671,16,85,0,,0,1,0,0,0,1,3,-1.0,"(1.0, -85)"
19536,,52.372948,4.900213,1300,1650,,1600,,0.382,0.12,0.519,16,85,0,,0,1,0,0,0,1,3,-1.0,"(1.0, -85)"
3300,IJsselstein,52.019446,5.043281,1363,1650,,1600,,0.194,0.049,9.568,30,85,0,,0,1,0,0,0,1,3,-1.0,"(1.0, -85)"
19540,,52.370508,4.900647,1300,1650,,1600,,0.637,0.07,0.618,16,85,0,,0,1,0,0,0,1,3,-1.0,"(1.0, -85)"
19534,,52.372653,4.894141,1300,1650,,1600,,0.406,0.012,0.116,16,85,0,,0,1,0,0,0,1,3,-1.0,"(1.0, -85)"
19546,,52.375792,4.896372,1300,1650,,1600,,0.051,0.026,0.397,16,85,0,,0,1,0,0,0,1,3,-1.0,"(1.0, -85)"
12842,,52.377573,4.897774,1300,1650,,1600,,0.2,0.008,0.612,16,85,0,,0,1,0,1,0,1,3,-1.0,"(1.0, -85)"
13886,,52.021024,5.047642,1363,1650,,1600,,0.17,0.173,9.26,30,85,0,,0,1,1,1,0,1,3,-1.0,"(1.0, -85)"
13982,,52.021493,4.870933,1257,1650,,1600,,0.099,0.07,11.049,31,85,0,,0,1,1,1,0,1,3,-1.0,"(1.0, -85)"
10940,,51.199756,11.972437,1280,1650,,1600,,29.767,0.072,0.143,39,84,0,,0,1,0,0,0,1,3,-1.0,"(1.0, -84)"
10941,,51.198936,11.974347,1280,1650,,1600,,29.664,0.081,0.269,39,84,0,,0,1,0,0,0,1,3,-1.0,"(1.0, -84)"
2094,Gardelegen,52.526638,11.391921,1241,1650,y,1600,,36.143,0.326,0.0,20,83,1,regional,1,0,0,0,0,1,3,-1.0,"(1.0, -83)"
12677,,52.086498,4.885618,1372,1650,,1600,,2.605,0.02,14.621,29,82,0,,0,1,0,0,0,1,3,-1.0,"(1.0, -82)"
11903,Woerden,52.086272,4.885158,1372,1650,,1600,,2.57,0.02,14.581,29,82,0,,1,1,0,0,1,1,3,-1.0,"(1.0, -82)"
9693,,53.549938,9.99918,1150,1650,,1600,,0.303,0.101,0.457,29,81,0,,0,1,0,0,0,1,3,-1.0,"(1.0, -81)"
7973,Vechta,52.728249,8.285466,1269,1650,y,1600,,51.525,1.052,0.0,14,81,1,regional,0,0,0,0,0,1,3,-1.0,"(1.0, -81)"
8980,,53.54469,9.98846,1150,1650,y,1600,,0.239,0.226,0.477,29,81,0,,0,1,0,0,1,1,3,-1.0,"(1.0, -81)"
8981,,53.547151,10.000745,1150,1650,y,1600,,0.257,0.233,0.513,29,81,0,,0,1,0,0,1,1,3,-1.0,"(1.0, -81)"
9450,Stadersand,53.625845,9.517738,1209,1650,,1600,,1.87,3.743,3.741,41,81,0,,1,1,0,0,0,1,3,-1.0,"(1.0, -81)"
9697,,53.547316,9.993701,1150,1650,,1600,,0.166,0.042,0.084,29,81,0,,0,1,0,0,0,1,3,-1.0,"(1.0, -81)"
9691,,53.552225,9.994677,1150,1650,y,1600,,0.539,0.133,0.483,29,81,0,,0,1,0,0,1,1,3,-1.0,"(1.0, -81)"
9692,,53.549989,9.996123,1150,1650,,1600,,0.275,0.101,0.3,29,81,0,,0,1,0,0,0,1,3,-1.0,"(1.0, -81)"
10816,,53.550134,10.005208,1150,1650,,1600,,0.617,0.085,0.835,29,81,0,,0,1,0,0,0,1,3,-1.0,"(1.0, -81)"
10817,,53.551632,10.004629,1150,1650,,1600,,0.681,0.044,0.863,29,81,0,,0,1,0,0,0,1,3,-1.0,"(1.0, -81)"
10818,,53.55239,10.0042,1150,1650,,1600,,0.72,0.044,0.882,29,81,0,,0,1,0,0,0,1,3,-1.0,"(1.0, -81)"
14177,,52.701905,5.292399,1356,1650,,1600,,20.778,0.044,44.904,15,80,0,,1,1,0,1,1,1,3,-1.0,"(1.0, -80)"
14902,,52.701929,5.293701,1356,1650,,1600,,20.757,0.044,44.863,15,80,0,,0,1,0,0,0,1,3,-1.0,"(1.0, -80)"
11788,,53.247458,10.413513,1247,1650,,1600,,10.189,0.041,0.415,20,79,0,,0,1,0,0,0,1,3,-1.0,"(1.0, -79)"
11789,,53.246835,10.414162,1247,1650,y,1600,,10.107,0.041,0.494,20,79,0,,0,1,0,0,1,1,3,-1.0,"(1.0, -79)"
8982,Bäckerstraße,53.2488,10.40886,1247,1650,y,1600,,10.132,0.064,0.128,20,79,0,,1,1,0,0,0,1,3,-1.0,"(1.0, -79)"
8983,,53.25136,10.41335,1247,1650,y,1600,,10.119,0.141,0.337,20,79,0,,0,1,0,0,1,1,3,-1.0,"(1.0, -79)"
9655,,53.251462,10.409071,1247,1650,,1600,,9.918,0.084,0.169,20,79,0,,0,1,0,0,0,1,3,-1.0,"(1.0, -79)"
11296,,51.344147,12.369851,1170,1650,y,1600,,8.133,0.285,0.57,29,78,0,,0,1,0,0,1,1,3,-1.0,"(1.0, -78)"
11439,,51.879848,12.452752,1215,1650,y,1600,,6.749,0.109,27.045,13,77,0,,1,1,0,0,1,1,3,-1.0,"(1.0, -77)"
1154,Buxtehude,53.476376,9.700347,1280,1650,y,1600,,5.474,0.084,0.0,24,77,1,regional,1,0,0,0,0,1,3,-1.0,"(1.0, -77)"
1250,Coswig (Anhalt),51.882229,12.456696,1215,1650,y,1600,,6.538,0.119,27.204,13,77,0,,1,1,0,0,0,1,3,-1.0,"(1.0, -77)"
9417,,53.247308,10.409138,1247,1650,,1600,,10.27,0.083,0.294,20,77,0,,0,1,0,0,0,1,3,-1.0,"(1.0, -77)"
10624,,53.917185,9.515869,1238,1650,y,1600,,3.479,0.154,0.309,31,77,0,,0,1,1,0,1,1,3,-1.0,"(1.0, -77)"
16289,,51.880142,12.455894,1215,1650,,1600,,6.543,0.109,27.235,13,77,0,,0,1,0,0,0,1,3,-1.0,"(1.0, -77)"
16290,,51.877066,12.45281,1215,1650,,1600,,6.696,0.201,27.162,13,77,0,,0,1,0,1,0,1,3,-1.0,"(1.0, -77)"
17772,,53.603244,9.475622,1209,1650,,1600,,1.876,0.016,0.032,41,77,0,,0,1,0,0,0,1,3,-1.0,"(1.0, -77)"
19819,Mühlenbrücke,53.860829,10.689606,1143,1650,y,1600,,0.914,0.152,21.522,11,75,0,,0,1,1,0,0,1,3,-1.0,"(1.0, -75)"
9664,,53.92515,9.516506,1238,1650,,1600,,3.71,0.149,0.578,31,74,0,,0,1,0,0,0,1,3,-1.0,"(1.0, -74)"
3344,Itzehoe,53.919961,9.515891,1238,1650,y,1600,,3.523,0.154,0.0,31,74,1,regional,1,1,0,0,0,1,3,-1.0,"(1.0, -74)"
10625,,53.922846,9.518852,1238,1650,,1600,,3.783,0.149,0.375,31,74,0,,0,1,0,0,0,1,3,-1.0,"(1.0, -74)"
8935,Kleine Schlachte,53.07209,8.80893,965,1650,,1600,,0.035,0.143,0.435,10,73,0,,0,1,0,0,1,1,3,-1.0,"(1.0, -73)"
9651,,53.072094,8.807886,965,1650,,1600,,0.035,0.164,0.423,10,73,0,,0,1,0,0,0,1,3,-1.0,"(1.0, -73)"
10075,Auebrücke,51.055019,12.137194,1147,1650,y,1600,,29.61,0.053,0.553,27,73,0,,1,1,1,0,0,1,3,-1.0,"(1.0, -73)"
20547,,53.216851,6.573825,1245,1650,,1600,,0.038,0.008,0.498,16,71,0,,0,1,0,0,0,1,3,-1.0,"(1.0, -71)"
20548,,53.217631,6.573445,1245,1650,,1600,,0.053,0.091,0.457,16,71,0,,0,1,0,0,0,1,3,-1.0,"(1.0, -71)"
20544,Steentilbrug,53.216887,6.574072,1245,1650,,1600,,0.041,0.008,0.513,16,71,0,,0,1,0,0,0,1,3,-1.0,"(1.0, -71)"
20545,A-brug,53.216613,6.559369,1245,1650,,1600,,0.454,0.009,0.508,16,71,0,,0,1,0,0,0,1,3,-1.0,"(1.0, -71)"
20546,Boteringebrug,53.221307,6.562786,1245,1650,,1600,,0.363,0.221,0.443,16,71,0,,0,1,0,0,0,1,3,-1.0,"(1.0, -71)"
10810,,53.216251,6.557344,1245,1650,,1600,,0.593,0.07,0.648,16,71,0,,0,1,0,0,1,1,3,-1.0,"(1.0, -71)"
12046,,53.864913,10.693473,1143,1650,y,1600,,0.876,0.275,21.889,11,71,0,,0,1,0,0,1,1,3,-1.0,"(1.0, -71)"
12656,,53.219279,6.557448,1245,1650,,1600,,0.54,0.166,0.625,16,71,0,,0,1,0,0,1,1,3,-1.0,"(1.0, -71)"
12657,,53.216754,6.574033,1245,1650,,1600,,0.053,0.009,0.515,16,71,0,,0,1,0,0,1,1,3,-1.0,"(1.0, -71)"
12699,,53.21659,6.559636,1245,1650,,1600,,0.439,0.009,0.492,16,71,0,,0,1,0,0,0,1,3,-1.0,"(1.0, -71)"
9226,Neustadt,53.072859,8.799608,965,1650,,1600,,0.37,0.16,0.619,10,71,0,,0,1,0,0,0,1,3,-1.0,"(1.0, -71)"
8939,Schlachte,53.077288,8.800285,965,1650,y,1600,,0.086,0.039,0.5,10,71,0,,0,1,0,0,1,1,3,-1.0,"(1.0, -71)"
8940,Balge,53.07537,8.80635,965,1650,,1600,,0.16,0.042,0.09,10,71,0,,0,1,0,0,1,1,3,-1.0,"(1.0, -71)"
8941,,53.073386,8.804305,965,1650,,1600,,0.079,0.16,0.346,10,71,0,,1,1,1,0,0,1,3,-1.0,"(1.0, -71)"
9227,,53.074656,8.809272,965,1650,,1600,,0.177,0.093,0.186,10,71,0,,0,1,0,0,0,1,3,-1.0,"(1.0, -71)"
9355,Stintbrücke,53.075689,8.806253,965,1650,,1600,,0.15,0.01,0.079,10,71,0,,1,1,0,0,0,1,3,-1.0,"(1.0, -71)"
9650,,53.075981,8.801675,965,1650,,1600,,0.086,0.169,0.382,10,71,0,,0,1,0,0,0,1,3,-1.0,"(1.0, -71)"
10272,,53.865335,10.681162,1143,1650,y,1600,,0.202,0.051,21.128,11,71,0,,0,1,0,0,1,1,3,-1.0,"(1.0, -71)"
10489,,53.868134,10.686289,1143,1650,,1600,,0.386,0.128,21.54,11,71,0,,0,1,0,0,0,1,3,-1.0,"(1.0, -71)"
10490,,53.866235,10.680918,1143,1650,,1600,,0.101,0.012,21.142,11,71,0,,0,1,0,0,0,1,3,-1.0,"(1.0, -71)"
19818,Holstenbrücke,53.866251,10.68054,1143,1650,y,1600,,0.098,0.012,21.118,11,71,0,,0,1,1,0,0,1,3,-1.0,"(1.0, -71)"
19820,Burgtorbrücke,53.874228,10.691355,1143,1650,y,1600,,1.056,0.282,22.066,11,71,0,,0,1,1,0,0,1,3,-1.0,"(1.0, -71)"
10271,,53.868921,10.680143,1143,1650,y,1600,,0.202,0.206,21.183,11,71,0,,0,1,0,0,1,1,3,-1.0,"(1.0, -71)"
13450,,53.217862,6.566126,1245,1650,,1600,,0.08,0.019,0.038,16,71,0,,0,1,0,0,0,1,3,-1.0,"(1.0, -71)"
17880,,53.077782,8.801122,965,1650,,1600,,0.128,0.039,0.469,10,71,0,,0,1,0,0,0,1,3,-1.0,"(1.0, -71)"
17881,,53.075815,8.806481,965,1650,,1600,,0.166,0.01,0.061,10,71,0,,0,1,0,0,0,1,3,-1.0,"(1.0, -71)"
17883,,53.076412,8.797216,965,1650,,1600,,0.253,0.154,0.682,10,71,0,,0,1,0,0,0,0,3,-1.0,"(1.0, -71)"
17884,,53.074417,8.79403,965,1650,,1600,,0.526,0.154,0.907,10,71,0,,0,1,0,0,0,1,3,-1.0,"(1.0, -71)"
8979,Stau,53.140241,8.217053,1345,1650,,1600,,27.533,0.113,0.226,16,69,0,,0,1,0,0,1,1,3,-1.0,"(1.0, -69)"
9606,,53.140346,8.212924,1345,1650,,1600,,27.703,0.095,0.19,16,69,0,,0,1,0,0,0,1,3,-1.0,"(1.0, -69)"
17882,,53.080478,8.79756,965,1650,,1600,,0.485,0.191,0.832,10,68,0,,0,1,0,0,0,1,3,-1.0,"(1.0, -68)"
12800,,51.589834,4.773145,1198,1650,,1600,,8.905,0.138,0.276,16,66,0,,0,1,0,0,1,1,3,-1.0,"(1.0, -66)"
16362,,51.58835,4.771352,1198,1650,,1600,,8.802,0.135,0.341,16,66,0,,0,1,1,0,0,1,3,-1.0,"(1.0, -66)"
5421,Nieuwstadt,51.036805,5.860058,1242,1650,y,1600,,6.448,1.053,0.0,18,63,1,regional,0,0,0,0,0,1,3,-1.0,"(1.0, -63)"
9182,,53.365262,7.209451,1433,1650,,1600,,19.146,0.137,0.273,25,62,0,,0,1,0,1,1,1,3,-1.0,"(1.0, -62)"
280,Appingedam,53.321987,6.856009,1327,1650,,1600,,2.334,0.051,0.0,23,60,1,regional,0,0,0,0,0,1,3,-1.0,"(1.0, -60)"
12625,,51.815016,4.660896,1220,1650,,1600,,0.623,0.214,5.728,24,56,0,,0,1,0,1,0,1,3,-1.0,"(1.0, -56)"
11005,,52.406267,12.556468,1170,1650,y,1600,,0.202,0.063,0.877,12,56,0,,1,1,0,0,1,1,3,-1.0,"(1.0, -56)"
12780,,51.819893,4.670869,1220,1650,,1600,,0.294,0.226,5.955,24,56,0,,0,1,0,0,0,1,3,-1.0,"(1.0, -56)"
13437,,51.818733,4.675438,1220,1650,,1600,,0.463,0.167,6.29,24,56,0,,0,1,0,1,0,1,3,-1.0,"(1.0, -56)"
14863,,51.818038,4.670721,1220,1650,,1600,,0.132,0.167,6.06,24,56,0,,0,1,0,0,0,1,3,-1.0,"(1.0, -56)"
14903,,51.814815,4.667026,1220,1650,,1600,,0.33,0.018,6.067,24,56,0,,0,1,0,0,0,1,3,-1.0,"(1.0, -56)"
16252,,52.405536,12.55787,1170,1650,,1600,,0.269,0.063,0.979,12,56,0,,0,1,0,0,0,1,3,-1.0,"(1.0, -56)"
18157,haven dordrecht,51.813839,4.659768,1220,1650,,1600,,0.755,0.212,5.757,24,56,0,,0,1,0,0,1,0,3,-1.0,"(1.0, -56)"
12173,,52.3801,4.63971,1245,1650,,1600,,2.335,0.07,17.182,13,54,0,,0,1,0,0,1,1,3,-1.0,"(1.0, -54)"
351,Aurich,53.469328,7.482427,1539,1650,y,1600,,27.884,0.145,0.0,19,54,1,regional,1,0,0,0,0,1,3,-1.0,"(1.0, -54)"
12841,,52.380874,4.647114,1245,1650,,1600,,1.99,0.287,16.684,13,54,0,,0,1,0,0,0,1,3,-1.0,"(1.0, -54)"
19313,,52.380711,4.637893,1245,1650,,1600,,2.361,0.07,17.308,13,54,0,,0,1,0,0,0,1,3,-1.0,"(1.0, -54)"
19314,,52.379008,4.639224,1245,1650,,1600,,2.452,0.105,17.21,13,54,0,,0,1,0,0,0,1,3,-1.0,"(1.0, -54)"
12889,,53.029386,5.65903,1317,1650,,1600,,0.168,0.168,31.3,8,54,0,,0,1,0,0,1,1,3,-1.0,"(1.0, -54)"
11151,Neustadt,52.408777,12.563131,1170,1650,,1600,,0.104,0.187,0.858,10,52,0,,0,1,0,0,0,1,3,-1.0,"(1.0, -52)"
12148,,52.629356,4.755565,1254,1650,,1600,,0.63,0.228,29.968,3,52,0,,0,1,0,0,1,1,3,-1.0,"(1.0, -52)"
14261,,52.412922,12.552956,1170,1650,,1600,,0.637,0.066,0.131,12,50,0,,0,1,0,0,0,1,3,-1.0,"(1.0, -50)"
16216,,52.411598,12.556328,1170,1650,,1600,,0.415,0.136,0.316,12,50,0,,0,1,1,0,0,1,3,-1.0,"(1.0, -50)"
14483,Mühlendamm,52.411866,12.565349,1170,1650,,1600,,0.477,0.187,0.818,10,49,0,,0,1,1,0,0,1,3,-1.0,"(1.0, -49)"
11843,,50.937765,6.956243,1475,1650,,1600,,10.809,0.053,23.589,15,48,0,,0,1,0,0,0,1,3,-1.0,"(1.0, -48)"
11218,,50.936771,6.963378,1475,1650,,1600,,10.756,0.094,23.142,15,48,0,,0,1,0,1,1,1,3,-1.0,"(1.0, -48)"
11838,,50.93682,6.956284,1475,1650,,1600,,10.909,0.053,23.517,15,48,0,,0,1,0,0,0,1,3,-1.0,"(1.0, -48)"
11840,,50.941721,6.956296,1475,1650,,1600,,10.394,0.142,23.879,15,48,0,,0,1,0,0,0,1,3,-1.0,"(1.0, -48)"
11841,,50.93746,6.960287,1475,1650,,1600,,10.917,0.049,23.355,15,48,0,,0,1,0,0,0,1,3,-1.0,"(1.0, -48)"
11842,,50.939174,6.956318,1475,1650,,1600,,10.662,0.078,23.689,15,48,0,,0,1,0,0,0,1,3,-1.0,"(1.0, -48)"
2873,Havelberg,52.825209,12.074538,1179,1650,,1600,,2.921,0.122,0.0,9,48,1,regional,1,0,0,0,0,1,3,-1.0,"(1.0, -48)"
10639,,50.934108,6.956262,1475,1650,,1600,,10.71,0.151,23.321,15,48,0,,0,1,0,0,0,1,3,-1.0,"(1.0, -48)"
10696,,50.935183,6.94315,1475,1650,,1600,,10.833,0.469,24.101,15,48,0,,0,1,0,0,0,1,3,-1.0,"(1.0, -48)"
11094,,52.415057,12.555364,1170,1650,,1600,,0.805,0.08,0.16,12,47,0,,0,1,0,0,0,1,3,-1.0,"(1.0, -47)"
10997,Homeyenbrücke,52.416971,12.561836,1170,1650,y,1600,,1.017,0.244,0.638,10,47,0,,0,1,1,0,0,1,3,-1.0,"(1.0, -47)"
14484,,52.416709,12.568674,1170,1650,,1600,,1.06,0.075,1.053,10,47,0,,0,1,1,0,0,1,3,-1.0,"(1.0, -47)"
12767,,51.90625,4.165864,1330,1650,,1600,,8.868,0.225,30.33,8,40,0,,1,1,0,1,1,1,3,-1.0,"(1.0, -40)"
991,Brielle,51.902257,4.164831,1330,1650,,1600,,9.101,0.225,30.311,8,40,0,,0,1,0,0,0,1,3,-1.0,"(1.0, -40)"
11909,Reimerswaal,51.503784,4.171237,1375,1631,,1600,,14.248,0.102,19.447,12,38,0,,0,1,0,0,0,0,3,-1.0,"(1.0, -38)"
16231,,51.503109,4.173991,1375,1631,,1600,,14.173,0.102,19.639,12,38,0,,1,1,0,0,1,0,3,-1.0,"(1.0, -38)"
16232,,51.507392,4.176376,1375,1631,,1600,,13.712,0.268,19.805,12,38,0,,0,1,0,1,0,1,3,-1.0,"(1.0, -38)"
10727,Wyck,50.849472,5.698374,1204,1650,,1600,,3.378,0.086,0.584,10,37,0,,0,1,0,0,0,1,3,-1.0,"(1.0, -37)"
11897,Goedereede,51.818178,3.977549,1312,1650,,1600,,19.087,8.369,35.385,6,37,0,,1,1,0,1,1,1,3,-1.0,"(1.0, -37)"
11916,Brouwershaven,51.725469,3.91217,1403,1650,,1600,,8.661,3.97,24.607,6,37,0,,1,1,0,1,1,1,3,-1.0,"(1.0, -37)"
13289,,50.849412,5.69456,1204,1650,y,1600,,3.387,0.048,0.348,10,37,0,,0,1,0,0,1,1,3,-1.0,"(1.0, -37)"
12103,Sint Servaasbrug,50.849413,5.695923,1204,1650,y,1600,,3.384,0.048,0.429,10,37,0,,0,1,1,0,0,1,3,-1.0,"(1.0, -37)"
9437,,53.89234,11.467337,1226,1650,,1600,,34.066,0.065,0.13,10,34,0,,0,1,0,0,0,1,3,-1.0,"(1.0, -34)"
13958,,53.895276,11.46024,1226,1650,y,1600,,34.392,0.231,0.585,10,34,0,,0,1,0,0,1,1,3,-1.0,"(1.0, -34)"
13959,,53.892216,11.464991,1226,1650,,1600,,34.051,0.062,0.124,10,34,0,,0,1,0,0,0,1,3,-1.0,"(1.0, -34)"
13338,,51.648777,3.933342,1220,1650,,1600,,0.091,0.385,16.306,7,32,0,,0,1,0,1,0,1,3,-1.0,"(1.0, -32)"
14550,,51.647484,3.92669,1220,1650,,1600,,0.121,0.197,16.087,7,32,0,,0,1,0,0,0,1,3,-1.0,"(1.0, -32)"
14549,,51.648501,3.923603,1220,1650,,1600,,0.121,0.103,16.167,7,32,0,,0,1,0,0,1,1,3,-1.0,"(1.0, -32)"
2151,Gelnhausen,50.202744,9.190682,1170,1650,,1600,,22.339,5.685,0.0,9,31,1,regional,1,0,0,0,0,1,3,-1.0,"(1.0, -31)"
7411,Sternberg,53.711659,11.829353,1238,1650,,1600,,24.809,0.149,0.0,11,31,1,regional,1,0,0,0,0,1,3,-1.0,"(1.0, -31)"
17147,,51.223609,4.403039,1350,1650,,1600,,6.457,0.172,0.343,8,29,0,,0,1,0,0,0,1,3,-1.0,"(1.0, -29)"
12623,Werf,51.22365,4.396928,1350,1650,,1600,,6.243,0.168,0.336,8,27,0,,1,1,0,0,1,1,3,-1.0,"(1.0, -27)"
13378,,51.219011,4.395591,1350,1650,,1600,,5.749,0.154,0.388,8,27,0,,0,1,0,1,0,1,3,-1.0,"(1.0, -27)"
13865,,51.220656,4.399159,1350,1650,,1600,,6.035,0.041,0.082,8,27,0,,0,1,0,0,0,1,3,-1.0,"(1.0, -27)"
13750,,54.089953,12.138194,1218,1650,,1600,,8.657,0.093,0.185,6,23,0,,0,1,0,0,0,1,3,-1.0,"(1.0, -23)"
13749,,54.092547,12.138256,1218,1650,y,1600,,8.945,0.144,0.45,6,23,0,,0,1,0,0,1,1,3,-1.0,"(1.0, -23)"
8903,Veere,51.548038,3.669469,1355,1650,,1600,,5.841,0.103,6.822,8,22,0,,0,1,0,0,0,1,3,-1.0,"(1.0, -22)"
11758,Mühlendamm,52.515043,13.406904,1244,1650,y,1600,,0.062,0.072,0.374,5,22,0,,0,1,1,0,0,1,3,-1.0,"(1.0, -22)"
11759,,52.517186,13.404293,1244,1650,y,1600,,0.263,0.117,0.235,3,22,0,,0,1,1,0,1,1,3,-1.0,"(1.0, -22)"
11824,,54.084849,12.150596,1218,1650,,1600,,8.183,0.34,0.814,6,22,0,,0,1,0,0,1,1,3,-1.0,"(1.0, -22)"
13819,,52.516341,13.408468,1244,1650,,1600,,0.221,0.081,0.246,3,22,0,,0,1,0,0,0,1,3,-1.0,"(1.0, -22)"
13872,,51.500876,3.618246,1217,1650,,1600,,1.49,0.121,0.541,8,22,0,,1,1,0,0,1,1,3,-1.0,"(1.0, -22)"
14097,,51.549679,3.668096,1355,1650,,1600,,5.979,0.103,6.916,8,22,0,,1,1,0,0,1,1,3,-1.0,"(1.0, -22)"
14168,,52.515021,13.409484,1244,1650,,1600,,0.1,0.081,0.408,5,22,0,,0,1,0,0,1,1,3,-1.0,"(1.0, -22)"
14208,,51.499663,3.625688,1217,1650,,1600,,0.962,0.165,0.991,8,22,0,,0,1,0,1,0,1,3,-1.0,"(1.0, -22)"
2388,Gransee,53.006872,13.157326,1262,1650,,1600,,21.989,0.21,25.217,1,21,0,,1,1,0,0,0,1,3,-1.0,"(1.0, -21)"
8010,Viborg,56.450688,9.411301,1060,1650,,1600,,58.913,0.073,0.0,12,20,1,interregional,1,0,0,0,0,1,3,-1.0,"(1.0, -20)"
11937,Axel,51.265287,3.908526,1183,1650,,1600,,0.288,2.094,0.0,10,20,1,local,1,1,0,0,0,0,3,-1.0,"(1.0, -20)"
10400,Vordingborg,55.00815943,11.91050695,1200,1650,,1600,,111.646,0.047,0.0,9,20,1,regional,0,0,0,0,1,1,3,-1.0,"(1.0, -20)"
15685,,55.269993,9.896332,1200,1650,,1600,,94.664,0.073,29.29,7,18,0,,0,1,0,0,0,1,3,-1.0,"(1.0, -18)"
15749,,55.27005470298344,9.90079591012785,1200,1650,,1600,,94.782,0.356,29.083,7,18,0,,0,1,0,0,0,0,3,-1.0,"(1.0, -18)"
10504,Assens,55.269923,9.894024,1200,1650,,1600,,94.6,0.073,29.395,7,18,0,,1,1,0,0,0,1,3,-1.0,"(1.0, -18)"
10520,,55.270244,9.889977,1200,1650,,1600,,94.533,0.129,29.611,7,18,0,,0,1,0,1,1,1,3,-1.0,"(1.0, -18)"
10713,Skanör,55.419171,12.849655,1250,1650,,1600,,151.483,0.597,38.244,2,18,0,,1,1,0,0,1,1,3,-1.0,"(1.0, -18)"
10715,Falsterbo,55.390984,12.834298,1300,1650,,1600,,148.689,1.046,41.392,2,18,0,,1,1,0,0,1,1,3,-1.0,"(1.0, -18)"
11912,Westkapelle,51.527703,3.441499,1223,1650,,1600,,13.506,2.77,0.0,7,17,1,regional,0,0,0,0,1,1,3,-1.0,"(1.0, -17)"
13340,,51.43841,3.575799,1315,1650,,1600,,0.128,0.231,7.115,8,17,0,,0,1,0,1,1,1,3,-1.0,"(1.0, -17)"
1665,Eberswalde,52.833374,13.821509,1300,1650,,1600,,0.275,0.128,44.801,3,13,0,,1,1,0,0,0,1,3,-1.0,"(1.0, -13)"
4625,Luckau,51.852601,13.715322,1250,1650,,1600,,57.691,0.134,45.506,3,13,0,,0,1,0,0,0,1,3,-1.0,"(1.0, -13)"
18119,Porvoo,60.395391,25.657864,1387,1650,,1600,,181.153,0.102,0.0,7,13,1,regional,1,0,0,0,0,1,3,-1.0,"(1.0, -13)"
14148,,52.835851,13.822281,1300,1650,,1600,,0.037,0.14,45.049,3,13,0,,0,1,0,0,1,1,3,-1.0,"(1.0, -13)"
16245,,52.835831,13.821194,1300,1650,,1600,,0.037,0.143,45.001,3,13,0,,0,1,0,0,0,1,3,-1.0,"(1.0, -13)"
12641,,51.05941,3.724315,1350,1650,,1600,,0.42,0.04,26.25,6,12,0,,0,1,0,0,1,1,3,-1.0,"(1.0, -12)"
12642,,51.054649,3.72572,1350,1650,,1600,,0.19,0.074,26.666,6,12,0,,0,1,0,0,0,1,3,-1.0,"(1.0, -12)"
12638,,51.052518,3.734538,1350,1650,,1600,,0.13,0.151,26.589,4,12,0,,0,1,0,0,1,1,3,-1.0,"(1.0, -12)"
3881,Kolding,55.490223,9.473839,1231,1650,,1600,,112.154,0.127,0.0,5,12,1,regional,1,1,0,0,1,1,3,-1.0,"(1.0, -12)"
12806,,51.056402,3.721864,1350,1650,,1600,,0.047,0.166,26.626,6,12,0,,0,1,0,0,1,1,3,-1.0,"(1.0, -12)"
12807,,51.060415,3.713136,1350,1650,,1600,,0.373,0.536,26.544,6,12,0,,0,1,0,0,0,1,3,-1.0,"(1.0, -12)"
12810,,51.057699,3.707582,1350,1650,,1600,,0.661,0.559,27.003,6,12,0,,0,1,0,0,0,1,3,-1.0,"(1.0, -12)"
13860,,51.060044,3.724827,1350,1650,,1600,,0.499,0.04,26.171,6,12,0,,0,1,0,0,0,1,3,-1.0,"(1.0, -12)"
14945,,55.488006,9.472925,1231,1650,,1600,,111.903,0.127,0.253,5,12,0,,0,1,1,0,0,1,3,-1.0,"(1.0, -12)"
17697,,51.05666,3.741746,1350,1650,,1600,,0.618,0.471,25.95,8,12,0,,0,1,0,0,0,1,3,-1.0,"(1.0, -12)"
17919,,51.053769,3.722305,1350,1650,,1600,,0.196,0.078,26.867,4,12,0,,0,1,0,0,0,1,3,-1.0,"(1.0, -12)"
17925,,51.049889,3.72871,1350,1650,,1600,,0.239,0.157,27.035,4,12,0,,0,1,0,0,0,1,3,-1.0,"(1.0, -12)"
17926,,51.049066,3.719999,1350,1650,,1600,,0.308,0.564,27.403,4,12,0,,0,1,0,0,0,1,3,-1.0,"(1.0, -12)"
17927,,51.054833,3.734043,1350,1650,,1600,,0.121,0.171,26.376,4,12,0,,0,1,0,0,0,1,3,-1.0,"(1.0, -12)"
17928,,51.053956,3.730888,1350,1650,,1600,,0.121,0.136,26.564,4,12,0,,0,1,0,0,1,1,3,-1.0,"(1.0, -12)"
17929,,51.055817,3.728346,1350,1650,,1600,,0.035,0.112,26.465,6,12,0,,0,1,0,0,0,1,3,-1.0,"(1.0, -12)"
17930,,51.055824,3.7209,1350,1650,,1600,,0.047,0.205,26.715,6,12,0,,0,1,0,0,0,1,3,-1.0,"(1.0, -12)"
18003,,51.044347,3.736253,1350,1650,,1600,,0.956,0.656,27.348,4,12,0,,0,1,0,0,0,1,3,-1.0,"(1.0, -12)"
500,Beeskow,52.17187,14.246516,1272,1650,,1600,,18.892,0.438,68.817,0,11,0,,0,1,0,0,0,1,3,-1.0,"(1.0, -11)"
16443,,52.169138,14.25379,1272,1650,,1600,,19.344,0.089,69.398,0,11,0,,0,1,1,0,0,0,3,-1.0,"(1.0, -11)"
7206,Sluis,51.308755,3.386123,1290,1650,,1600,,0.209,0.04,15.824,8,10,0,,1,1,0,0,0,1,3,-1.0,"(1.0, -10)"
12603,,51.308502,3.385044,1290,1650,,1600,,0.156,0.04,15.75,8,10,0,,0,1,0,0,1,1,3,-1.0,"(1.0, -10)"
18414,,49.998383,8.272887,297,1650,,1600,,0.71,0.069,31.764,2,9,0,,0,1,0,0,0,1,3,-1.0,"(1.0, -9)"
4955,Miltenberg,49.699422,9.252039,1225,1650,,1600,,6.49,0.045,56.139,0,9,0,,0,1,0,0,0,1,3,-1.0,"(1.0, -9)"
13702,Niederlage,52.345024,14.557207,1253,1650,,1600,,4.475,0.088,68.993,0,9,0,,0,1,0,0,1,1,3,-1.0,"(1.0, -9)"
14122,,52.344834,14.554629,1253,1650,,1600,,4.478,0.048,69.023,0,9,0,,0,1,0,0,0,1,3,-1.0,"(1.0, -9)"
14123,,52.346428,14.554072,1253,1650,,1600,,4.299,0.08,68.848,0,9,0,,0,1,0,0,0,1,3,-1.0,"(1.0, -9)"
14124,,52.347265,14.556805,1253,1650,,1600,,4.224,0.078,68.745,0,9,0,,1,1,1,0,0,1,3,-1.0,"(1.0, -9)"
14125,,52.347306,14.552216,1253,1650,,1600,,4.194,0.08,68.757,0,9,0,,0,1,0,0,0,1,3,-1.0,"(1.0, -9)"
14924,,50.001281,8.27646,297,1650,,1600,,0.558,0.141,31.403,2,9,0,,0,1,0,0,1,1,3,-1.0,"(1.0, -9)"
16466,,50.003798,8.274647,297,1650,,1600,,0.84,0.154,31.415,2,9,0,,0,1,0,1,0,1,3,-1.0,"(1.0, -9)"
17756,,49.700383,9.244893,1225,1650,,1600,,6.144,0.052,55.995,0,9,0,,0,1,0,0,0,1,3,-1.0,"(1.0, -9)"
17757,,49.700231,9.251963,1225,1650,,1600,,6.41,0.045,56.049,0,9,0,,0,1,0,0,1,1,3,-1.0,"(1.0, -9)"
17758,,49.701304,9.245135,1225,1650,,1600,,6.061,0.052,55.894,0,9,0,,0,1,0,1,0,1,3,-1.0,"(1.0, -9)"
17767,,49.701101,9.257312,1225,1650,,1600,,6.541,0.211,55.984,0,9,0,,0,1,0,0,0,1,3,-1.0,"(1.0, -9)"
17176,,54.315756,13.095564,1234,1650,,1600,,32.032,0.022,24.635,4,8,0,,0,1,0,0,1,1,3,-1.0,"(1.0, -8)"
14172,,51.054846,13.739257,1200,1650,,1600,,8.795,0.192,22.294,1,8,0,,0,1,1,0,0,1,3,-1.0,"(1.0, -8)"
14339,,51.053558,13.741349,1200,1650,,1600,,8.593,0.137,22.495,1,8,0,,0,1,0,0,1,1,3,-1.0,"(1.0, -8)"
14428,,54.316576,13.094791,1234,1650,,1600,,32.134,0.103,24.637,4,8,0,,0,1,0,1,0,1,3,-1.0,"(1.0, -8)"
17175,,54.315619,13.094931,1234,1650,,1600,,32.047,0.022,24.678,4,8,0,,0,1,0,0,0,1,3,-1.0,"(1.0, -8)"
17349,,51.051143,13.7406321,1200,1650,,1600,,8.482,0.123,22.6,1,8,0,,0,1,0,0,0,1,3,-1.0,"(1.0, -8)"
13928,,54.098761,13.381161,1250,1650,,1600,,2.219,0.081,0.298,4,7,0,,0,1,0,0,1,1,3,-1.0,"(1.0, -7)"
19743,,54.099237,13.378756,1250,1650,,1600,,2.381,0.017,0.38,4,7,0,,0,1,0,0,0,1,3,-1.0,"(1.0, -7)"
13890,,53.858104,13.6889,1264,1650,,1600,,4.306,0.099,33.252,3,7,0,,0,1,0,0,0,1,3,-1.0,"(1.0, -7)"
13891,,53.859638,13.690429,1264,1650,,1600,,4.203,0.099,33.177,3,7,0,,0,1,0,0,1,1,3,-1.0,"(1.0, -7)"
14116,,52.578178,14.632811,1300,1650,,1600,,9.059,0.152,43.019,4,7,0,,0,1,0,0,1,1,3,-1.0,"(1.0, -7)"
18165,Steinbecker Brücke,54.098937,13.378708,1250,1650,,1600,,2.38,0.017,0.351,4,7,0,,0,1,1,0,0,1,3,-1.0,"(1.0, -7)"
18122,Naantali,60.468904,22.01602,1443,1650,,1600,,358.005,0.111,0.0,3,6,1,regional,0,0,0,0,0,1,3,-1.0,"(1.0, -6)"
2281,Goleniów,53.563778,14.828354,1268,1650,,1600,,31.443,4.945,0.0,1,6,1,regional,0,0,0,0,0,1,3,-1.0,"(1.0, -6)"
3500,Kalisz Pomorski ,53.297911,15.905313,1303,1650,,1600,,59.382,0.092,77.229,0,6,0,,0,1,0,0,0,1,3,-1.0,"(1.0, -6)"
16168,,50.964226,13.941885,1240,1650,,1600,,7.753,0.109,39.677,1,6,0,,0,1,0,0,1,1,3,-1.0,"(1.0, -6)"
17036,Balduinbrücke,50.363891,7.593066,1276,1650,,1600,,0.752,0.199,55.32,0,6,0,,1,1,1,0,0,1,3,-1.0,"(1.0, -6)"
17037,,50.362734,7.598183,1276,1650,,1600,,0.446,0.107,55.61,0,6,0,,0,1,0,0,1,1,3,-1.0,"(1.0, -6)"
17038,,50.358678,7.604781,1276,1650,,1600,,0.478,0.283,56.234,0,6,0,,0,1,0,1,1,1,3,-1.0,"(1.0, -6)"
17039,,50.360396,7.594262,1276,1650,,1600,,0.822,0.042,55.7,0,6,0,,0,1,0,0,0,1,3,-1.0,"(1.0, -6)"
17040,,50.360858,7.597572,1276,1650,,1600,,0.61,0.08,55.77,0,6,0,,0,1,0,0,0,1,3,-1.0,"(1.0, -6)"
2106,Gartz,53.208154,14.391804,1249,1650,,1600,,3.891,0.106,30.654,5,5,0,,1,1,0,0,0,1,3,-1.0,"(1.0, -5)"
3574,Košice,48.720509,21.257458,1347,1650,,1600,,501.484,15.412,0.0,5,5,1,regional,1,1,0,0,0,0,3,-1.0,"(1.0, -5)"
13703,,53.424398,14.563523,1243,1650,,1600,,10.19,0.13,23.39,1,5,0,,0,1,0,0,1,1,3,-1.0,"(1.0, -5)"
14084,,53.20631,14.392662,1249,1650,,1600,,3.976,0.106,30.446,5,5,0,,0,1,0,0,1,1,3,-1.0,"(1.0, -5)"
14396,,53.422178,14.560474,1243,1650,,1600,,9.933,0.11,23.705,1,5,0,,0,1,1,0,0,1,3,-1.0,"(1.0, -5)"
14497,,52.729008,15.240647,1257,1650,,1600,,5.542,0.034,49.962,4,5,0,,0,1,1,0,0,1,3,-1.0,"(1.0, -5)"
14498,,52.729577,15.240244,1257,1650,,1600,,5.565,0.034,49.905,4,5,0,,1,1,0,0,1,1,3,-1.0,"(1.0, -5)"
14499,,52.721413,15.25104,1257,1650,,1600,,4.986,0.548,51.003,0,5,0,,1,1,0,0,0,1,3,-1.0,"(1.0, -5)"
16680,,53.296404,15.904137,1303,1650,,1600,,59.198,0.092,77.223,0,5,0,,0,1,0,0,0,1,3,-1.0,"(1.0, -5)"
11379,,54.005669,15.984292,1107,1650,,1600,,120.296,0.2,32.651,1,2,0,,0,1,0,0,0,1,3,-1.0,"(1.0, -2)"
11380,,54.003887,15.993314,1107,1650,,1600,,120.641,0.111,33.246,1,2,0,,0,1,0,0,0,1,3,-1.0,"(1.0, -2)"
517,Białogard,54.004568,15.990118,1107,1650,,1600,,120.522,0.111,33.032,1,2,0,,0,1,0,0,0,1,3,-1.0,"(1.0, -2)"
7806,Trzebiatów,54.062885,15.265714,1245,1650,,1600,,86.498,0.39,23.817,1,2,0,,0,1,0,0,0,1,3,-1.0,"(1.0, -2)"
4342,Litoměřice,50.53409,14.131664,1220,1650,,1600,,45.625,5.522,83.944,0,1,0,,1,1,0,0,0,0,3,-1.0,"(1.0, -1)"
8875,Darłowo,54.422131,16.410991,1271,1650,,1600,,145.338,1.756,60.696,0,1,0,,0,1,0,0,0,1,3,-1.0,"(1.0, -1)"
11070,Malá Strana,50.088502,14.404609,1350,1650,,1600,,98.104,0.28,136.452,0,0,0,,0,1,0,0,0,1,3,-1.0,"(1.0, 0)"
11613,,58.380678,26.725453,1248,1650,,1600,,11.087,0.09,226.672,0,0,0,,0,1,1,0,1,1,3,-1.0,"(1.0, 0)"
11772,,54.709378,20.508352,1286,1650,,1600,,18.305,0.083,324.32,0,0,0,,0,1,0,0,0,1,3,-1.0,"(1.0, 0)"
12304,,56.946622,24.104832,1350,1650,,1600,,10.025,0.099,344.677,0,0,0,,0,1,0,1,1,1,3,-1.0,"(1.0, 0)"
11935,,55.709908,21.133636,1253,1650,,1600,,75.508,0.07,393.66,0,0,0,,0,1,0,0,0,1,3,-1.0,"(1.0, 0)"
19787,Altstadtbrücke,51.157718,14.99417,1200,1650,,1600,,70.521,0.038,106.257,0,0,0,,0,1,1,0,0,1,3,-1.0,"(1.0, 0)"
13008,,56.950056,24.105399,1350,1650,,1600,,9.75,0.125,344.296,0,0,0,,0,1,0,0,0,1,3,-1.0,"(1.0, 0)"
16479,,54.350549,18.657577,1224,1650,,1600,,0.341,0.207,201.042,0,0,0,,0,1,0,0,1,1,3,-1.0,"(1.0, 0)"
16480,,54.35083,18.6512,1224,1650,,1600,,0.689,0.095,200.632,0,0,0,,0,1,0,0,0,1,3,-1.0,"(1.0, 0)"
16504,,55.709243,21.130975,1253,1650,,1600,,75.476,0.091,393.477,0,0,0,,0,1,0,1,1,1,3,-1.0,"(1.0, 0)"
17345,Karlův most,50.086442,14.411767,1350,1650,,1600,,98.457,0.28,136.897,0,0,0,,1,1,1,0,0,1,3,-1.0,"(1.0, 0)"
18183,Kneiphof,54.706998,20.507237,1286,1650,,1600,,18.325,0.137,324.21,0,0,0,,0,1,0,0,0,1,3,-1.0,"(1.0, 0)"
18232,,54.707642,20.505735,1286,1650,,1600,,18.433,0.128,324.125,0,0,0,,0,1,0,0,1,1,3,-1.0,"(1.0, 0)"
18255,,54.708832,20.511475,1286,1650,,1600,,18.096,0.022,324.509,0,0,0,,0,1,0,0,0,1,3,-1.0,"(1.0, 0)"
18273,,55.079592,21.908423,1552,1650,,1600,,4.447,0.208,419.642,0,0,0,,0,1,0,0,0,1,3,-1.0,"(1.0, 0)"
18283,,55.082786,21.904829,1552,1650,,1600,,4.816,0.052,419.487,0,0,0,,0,1,0,0,1,1,3,-1.0,"(1.0, 0)"
250,Amsterdam,52.373074,4.89257,1300,1650,,1650,104000.0,0.434,0.044,0.0,15,81,1,regional,1,1,0,0,0,1,3,104000.0,"(-104000.0, -81)"
4329,Leiden,52.158439,4.490032,1266,1650,,1650,67000.0,0.482,0.049,0.0,14,48,1,regional,0,0,0,0,0,1,3,67000.0,"(-67000.0, -48)"
268,Antwerpen,51.221248,4.399862,1350,1650,,1650,56000.0,6.117,0.041,0.0,8,27,1,interregional,0,1,0,0,0,1,3,56000.0,"(-56000.0, -27)"
6092,Praha,50.086745,14.420629,1350,1650,,1650,54000.0,98.591,0.317,137.172,0,0,0,,1,1,0,0,0,1,3,54000.0,"(-54000.0, 0)"
2777,Hamburg,53.54798,9.9931,1150,1650,y,1650,53000.0,0.239,0.042,0.0,29,89,1,regional,1,1,0,0,1,1,3,53000.0,"(-53000.0, -89)"
1333,Gdańsk,54.349211,18.650284,1224,1650,,1650,45000.0,0.814,0.095,200.559,0,0,0,,0,1,0,0,0,1,3,45000.0,"(-45000.0, 0)"
3888,Köln,50.936623,6.960704,1475,1650,,1650,40000.0,10.821,0.049,23.271,15,48,0,,1,1,0,0,0,1,3,40000.0,"(-40000.0, -48)"
2159,Gent,51.05355,3.724503,1350,1650,,1650,40000.0,0.309,0.074,26.814,4,12,0,,0,1,0,0,0,1,3,40000.0,"(-40000.0, -12)"
2717,Haarlem,52.381385,4.636145,1245,1650,,1650,38000.0,2.387,0.07,17.431,12,50,0,,0,1,0,0,0,1,3,38000.0,"(-38000.0, -50)"
1036,Brugge,51.20876,3.224332,1127,1650,,1650,31000.0,0.114,0.029,0.0,6,10,1,interregional,1,0,0,0,0,1,3,31000.0,"(-31000.0, -10)"
7944,Utrecht,52.091844,5.118906,1114,1650,,1650,30000.0,0.315,0.11,0.0,32,83,1,regional,1,1,0,0,1,1,3,30000.0,"(-30000.0, -83)"
8876,Middelburg (Walcheren),51.4984,3.611522,1217,1650,,1650,27000.0,1.816,0.27,0.0,8,22,1,regional,1,1,0,0,0,1,3,27000.0,"(-27000.0, -22)"
973,Bremen,53.075887,8.807392,965,1650,y,1650,24000.0,0.227,0.031,0.0,18,83,1,regional,1,1,0,0,0,1,3,24000.0,"(-24000.0, -83)"
1987,Frankfurt am Main,50.110394,8.682175,1142,1650,,1650,24000.0,2.962,0.076,0.0,5,12,1,interregional,0,0,0,0,0,1,3,24000.0,"(-24000.0, -12)"
4604,Lübeck,53.865911,10.685259,1143,1650,y,1650,23000.0,0.331,0.128,19.553,12,72,0,,1,1,0,0,0,1,3,23000.0,"(-23000.0, -72)"
579,Berlin,52.5184,13.407131,1244,1650,y,1650,23000.0,0.38,0.117,0.0,3,25,1,local,1,1,0,0,0,1,3,23000.0,"(-23000.0, -25)"
3911,Kaliningrad,54.708932,20.51082,1286,1650,,1650,23000.0,18.139,0.022,324.469,0,0,0,,0,1,0,0,0,1,3,23000.0,"(-23000.0, 0)"
1570,Dresden,51.049734,13.737918,1200,1650,,1650,22000.0,8.557,0.123,22.53,1,12,0,,1,1,0,0,0,1,3,22000.0,"(-22000.0, -12)"
2456,Groningen,53.218044,6.566612,1245,1650,,1650,21000.0,0.09,0.019,0.0,16,68,1,regional,1,0,0,0,0,1,3,21000.0,"(-21000.0, -68)"
1521,Dordrecht,51.81514,4.667133,1220,1650,,1650,20000.0,0.294,0.018,6.051,23,55,0,,1,1,0,0,1,1,3,20000.0,"(-20000.0, -55)"
1811,Enkhuizen,52.704595,5.2937,1356,1650,,1650,19000.0,20.467,0.148,45.071,15,76,0,,0,1,0,0,0,1,3,19000.0,"(-19000.0, -76)"
1826,Erfurt,50.977868,11.028775,1167,1650,y,1650,18000.0,68.224,0.085,0.0,27,123,1,regional,1,0,0,0,0,1,3,18000.0,"(-18000.0, -123)"
4337,Leipzig,51.339915,12.374475,1170,1650,y,1650,18000.0,7.631,0.185,0.0,30,85,1,interregional,1,1,0,0,0,1,3,18000.0,"(-18000.0, -85)"
4698,Maastricht,50.85125,5.690547,1204,1650,y,1650,18000.0,3.21,0.174,0.0,10,37,1,regional,1,1,0,0,0,1,3,18000.0,"(-18000.0, -37)"
4716,Mainz,49.999541,8.27359,297,1650,,1650,18000.0,0.672,0.069,31.668,2,9,0,,0,1,0,0,0,1,3,18000.0,"(-18000.0, -9)"
942,Braunschweig,52.262815,10.517142,1204,1650,y,1650,16000.0,1.71,0.217,0.0,29,136,1,regional,1,0,0,0,0,1,3,16000.0,"(-16000.0, -136)"
4705,Magdeburg,52.131591,11.638959,1188,1650,y,1650,16000.0,2.984,0.074,0.0,37,111,1,regional,1,1,0,0,0,1,3,16000.0,"(-16000.0, -111)"
2352,Gouda,52.011189,4.710352,1272,1650,,1650,15000.0,0.127,0.038,0.0,26,58,1,regional,0,0,0,0,0,1,3,15000.0,"(-15000.0, -58)"
11862,Alkmaar,52.630722,4.749201,1254,1650,,1650,14000.0,1.063,0.228,30.248,3,48,0,,0,1,0,0,0,1,3,14000.0,"(-14000.0, -48)"
4653,Lüneburg,53.24995,10.40887,1247,1650,y,1650,12000.0,10.035,0.064,0.0,20,81,1,regional,0,1,0,0,0,1,3,12000.0,"(-12000.0, -81)"
1790,Emden,53.366864,7.206328,1433,1650,y,1650,12000.0,18.98,0.137,0.0,25,65,1,regional,1,1,0,0,0,1,3,12000.0,"(-12000.0, -65)"
7461,Stralsund,54.316002,13.090474,1234,1650,,1650,12000.0,32.268,0.144,24.915,4,9,0,,1,1,0,0,0,1,3,12000.0,"(-12000.0, -9)"
6425,Rīga,56.947979,24.106951,1350,1650,,1650,12000.0,9.988,0.099,344.528,0,0,0,,0,1,0,0,0,1,3,12000.0,"(-12000.0, 0)"
8866,Zwolle,52.51226,6.092754,1230,1650,y,1650,11000.0,0.305,0.164,0.0,45,115,1,regional,1,1,0,0,0,1,3,11000.0,"(-11000.0, -115)"
11915,Zierikzee,51.649648,3.921261,1220,1650,,1650,11000.0,0.325,0.103,16.271,7,31,0,,0,1,0,0,0,1,3,11000.0,"(-11000.0, -31)"
6545,Rostock,54.088618,12.139895,1218,1650,,1650,11000.0,8.516,0.093,0.0,6,24,1,regional,0,1,0,0,0,1,3,11000.0,"(-11000.0, -24)"
1988,Frankfurt (Oder),52.344244,14.553598,1253,1650,,1650,11000.0,4.539,0.048,69.092,0,9,0,,1,1,0,0,0,1,3,11000.0,"(-11000.0, -9)"
7413,Szczecin,53.424101,14.559637,1243,1650,,1650,11000.0,10.144,0.11,23.605,1,6,0,,1,1,0,0,0,1,3,11000.0,"(-11000.0, -6)"
3017,&#39;s-Hertogenbosch,51.688763,5.303699,1195,1650,,1650,10000.0,3.236,0.12,14.41,29,97,0,,1,1,0,1,0,1,3,10000.0,"(-10000.0, -97)"
2002,Freiberg,50.916999,13.343914,1170,1650,n,1650,10000.0,28.192,0.234,28.759,1,26,0,,1,1,0,0,0,1,3,10000.0,"(-10000.0, -26)"
5430,Nijmegen,51.847301,5.864896,1230,1650,,1650,9000.0,0.432,0.139,0.0,47,128,1,regional,0,0,0,0,0,1,3,9000.0,"(-9000.0, -128)"
5113,Münster (Westfalen),51.963078,7.628321,1170,1650,,1650,9000.0,25.869,0.155,0.0,21,99,1,regional,0,0,0,0,0,1,3,9000.0,"(-9000.0, -99)"
3580,Kassel,51.315808,9.50533,1180,1650,y,1650,8000.0,0.173,0.061,0.0,24,106,1,local,1,1,0,0,0,1,3,8000.0,"(-8000.0, -106)"
949,Breda,51.588294,4.776283,1198,1650,,1650,8000.0,9.14,0.036,0.0,16,65,1,regional,1,1,0,0,0,1,3,8000.0,"(-8000.0, -65)"
2337,Goslar ,51.905882,10.428955,1219,1650,y,1650,7000.0,8.956,0.266,0.0,44,147,1,regional,0,0,0,0,0,1,3,7000.0,"(-7000.0, -147)"
296,Arnhem,51.978705,5.910977,1233,1650,,1650,7000.0,0.37,0.14,0.0,47,126,1,regional,1,1,0,0,0,1,3,7000.0,"(-7000.0, -126)"
1417,Deventer,52.251815,6.160268,1123,1650,,1650,7000.0,0.252,0.086,0.0,48,118,1,regional,1,0,0,0,0,1,3,7000.0,"(-7000.0, -118)"
2765,Halle (Saale),51.482658,11.969805,1170,1650,y,1650,7000.0,15.991,0.061,0.0,36,110,1,regional,1,0,0,0,0,1,3,7000.0,"(-7000.0, -110)"
3541,Kampen ,52.55863,5.916728,1230,1650,,1650,7000.0,0.33,0.028,0.0,31,107,1,regional,0,0,0,0,0,1,3,7000.0,"(-7000.0, -107)"
5165,Naumburg (Saale),51.152263,11.809909,1033,1650,y,1650,7000.0,42.154,0.138,0.0,37,99,1,interregional,1,0,0,0,0,1,3,7000.0,"(-7000.0, -99)"
7230,Soest (Westfalen),51.572658,8.106354,1144,1650,,1650,7000.0,31.376,0.045,0.0,15,70,1,regional,1,0,0,0,0,1,3,7000.0,"(-7000.0, -70)"
1639,Düsseldorf,51.225891,6.772236,1288,1650,,1650,7000.0,1.421,0.043,0.0,27,66,1,regional,1,0,0,0,0,1,3,7000.0,"(-7000.0, -66)"
928,Brandenburg (Havel),52.413985,12.553797,1170,1650,y,1650,7000.0,0.719,0.066,0.0,16,56,1,local,1,1,0,0,0,1,3,7000.0,"(-7000.0, -56)"
8807,Zittau,50.896066,14.805737,1230,1650,,1650,7000.0,53.48,0.348,97.985,0,1,0,,1,1,0,0,0,1,3,7000.0,"(-7000.0, -1)"
2313,Görlitz,51.15621,14.990651,1200,1650,,1650,7000.0,70.234,0.149,106.014,0,0,0,,0,1,0,0,0,1,3,7000.0,"(-7000.0, 0)"
8000,Venlo,51.370573,6.169413,1343,1650,,1650,6000.0,2.382,0.077,0.0,31,102,1,regional,1,1,0,0,0,1,3,6000.0,"(-6000.0, -102)"
8901,Vlissingen,51.442123,3.572776,1315,1650,,1650,6000.0,0.349,0.186,6.809,8,17,0,,1,1,0,0,1,1,3,6000.0,"(-6000.0, -17)"
0,Göttingen,51.532781,9.935188,1230,1650,y,1650,5000.0,21.013,0.053,0.0,42,134,1,regional,1,0,0,0,0,1,3,5000.0,"(-5000.0, -134)"
8853,Zutphen,52.141452,6.195327,1191,1650,,1650,5000.0,0.346,0.054,0.0,40,127,1,regional,1,0,0,0,0,1,3,5000.0,"(-5000.0, -127)"
1545,Dortmund,51.514287,7.466708,1138,1650,,1650,5000.0,15.091,0.264,0.0,16,81,1,regional,1,0,0,0,0,1,3,5000.0,"(-5000.0, -81)"
186,Altenburg ,50.985257,12.433309,1205,1650,y,1650,5000.0,32.019,0.101,0.0,16,73,1,regional,1,0,0,0,0,1,3,5000.0,"(-5000.0, -73)"
3280,Husum,54.476851,9.051543,1608,1650,,1650,5000.0,11.194,0.864,0.0,11,46,1,regional,1,0,0,0,0,1,3,5000.0,"(-5000.0, -46)"
5704,Osnabrück,52.2772,8.041195,1171,1650,y,1650,4000.0,36.63,0.087,0.0,25,104,1,regional,1,0,0,0,0,1,3,4000.0,"(-4000.0, -104)"
5801,Paderborn,51.718207,8.755377,1238,1650,,1650,4000.0,43.054,0.114,0.0,33,103,1,regional,1,0,0,0,0,1,3,4000.0,"(-4000.0, -103)"
1401,Dessau,51.835326,12.246898,1382,1650,y,1650,4000.0,4.054,0.198,0.0,18,101,1,local,1,1,0,0,0,1,3,4000.0,"(-4000.0, -101)"
8005,Verden,52.919986,9.22902,1259,1650,y,1650,4000.0,2.193,0.097,0.0,15,94,1,regional,1,0,0,0,0,1,3,4000.0,"(-4000.0, -94)"
6477,Roermond,51.195619,5.985689,1224,1650,,1650,4000.0,0.208,0.083,0.0,31,80,1,regional,1,0,0,0,0,1,3,4000.0,"(-4000.0, -80)"
3646,Kiel,54.323309,10.139494,1242,1650,y,1650,4000.0,20.9,0.248,0.0,19,78,1,interregional,0,0,0,0,0,1,3,4000.0,"(-4000.0, -78)"
7405,Stendal,52.605896,11.860586,1160,1650,y,1650,4000.0,8.881,0.163,0.0,26,75,1,regional,0,0,0,0,0,1,3,4000.0,"(-4000.0, -75)"
6880,Schleswig,54.513788,9.570986,1196,1650,,1650,4000.0,16.38,0.189,0.0,17,52,1,regional,0,0,0,0,0,1,3,4000.0,"(-4000.0, -52)"
7220,Snits,53.032128,5.661122,1317,1650,,1650,4000.0,0.168,0.168,31.432,8,51,0,,0,1,0,0,1,1,3,4000.0,"(-4000.0, -51)"
8505,Wismar,53.891371,11.466215,1226,1650,y,1650,4000.0,33.958,0.062,0.0,11,35,1,regional,1,1,0,0,0,1,3,4000.0,"(-4000.0, -35)"
72,Aarhus,56.157091,10.209522,1300,1650,,1650,4000.0,108.178,0.052,0.0,5,25,1,regional,1,0,0,0,0,1,3,4000.0,"(-4000.0, -25)"
18118,Turku,60.450667,22.275951,1300,1650,,1650,4000.0,344.064,0.064,0.0,10,18,1,regional,1,0,0,0,0,1,3,4000.0,"(-4000.0, -18)"
7722,Sovetsk,55.082141,21.903648,1552,1650,,1650,4000.0,4.848,0.052,419.399,0,0,0,,0,1,0,0,0,1,3,4000.0,"(-4000.0, 0)"
1537,Tartu,58.38012,26.72255,1248,1650,,1650,4000.0,11.257,0.09,222.738,0,0,0,,0,1,0,0,0,1,3,4000.0,"(-4000.0, 0)"
4958,Minden,52.28806,8.916805,1230,1650,y,1650,3000.0,2.405,0.108,0.0,29,119,1,regional,0,1,0,0,0,1,3,3000.0,"(-3000.0, -119)"
3411,Jena ,50.928178,11.588112,1230,1650,y,1650,3000.0,67.445,0.049,0.0,32,104,1,regional,1,0,0,0,0,1,3,3000.0,"(-3000.0, -104)"
1611,Duisburg,51.435337,6.760599,1145,1650,,1650,3000.0,0.646,0.081,15.014,31,103,0,,0,1,0,0,0,1,3,3000.0,"(-3000.0, -103)"
1127,Burg (bei Magdeburg),52.270597,11.858961,1250,1650,y,1650,3000.0,6.71,0.094,0.0,33,102,1,regional,1,0,0,0,0,1,3,3000.0,"(-3000.0, -102)"
2807,Harderwijk,52.350136,5.618408,1231,1650,,1650,3000.0,19.975,0.118,0.0,41,97,1,regional,1,1,0,0,0,1,3,3000.0,"(-3000.0, -97)"
8272,Weißenfels,51.201045,11.972454,1280,1650,y,1650,3000.0,29.727,0.072,0.0,42,92,1,local,0,1,0,0,0,1,3,3000.0,"(-3000.0, -92)"
7321,Stade,53.603069,9.476003,1209,1650,y,1650,3000.0,1.87,0.016,0.0,41,87,1,regional,1,1,0,1,1,1,3,3000.0,"(-3000.0, -87)"
5623,Oldenburg (Oldenburg),53.138916,8.214479,1345,1650,y,1650,3000.0,27.756,0.095,0.0,24,78,1,regional,1,1,0,0,0,1,3,3000.0,"(-3000.0, -78)"
8752,Zeitz,51.050307,12.134652,1147,1650,y,1650,3000.0,30.14,0.277,0.0,28,78,1,regional,0,1,0,0,0,1,3,3000.0,"(-3000.0, -78)"
5304,Neuss,51.197927,6.692717,1200,1650,,1650,3000.0,0.299,0.1,0.0,30,66,1,regional,1,0,0,0,0,1,3,3000.0,"(-3000.0, -66)"
11913,Goes,51.504595,3.890265,1405,1650,,1650,3000.0,14.768,0.056,0.0,9,26,1,regional,0,0,0,0,0,1,3,3000.0,"(-3000.0, -26)"
8902,Ribe,55.328145,8.762129,800,1650,,1650,3000.0,100.316,0.063,0.0,6,14,1,regional,1,0,0,0,0,1,3,3000.0,"(-3000.0, -14)"
258,Anklam,53.855504,13.687515,1264,1650,,1650,3000.0,4.417,0.152,22.662,4,8,0,,1,1,0,0,0,1,3,3000.0,"(-3000.0, -8)"
2409,Greifswald,54.09608,13.380983,1250,1650,,1650,3000.0,2.216,0.149,0.0,5,8,1,local,1,1,0,0,0,1,3,3000.0,"(-3000.0, -8)"
4168,Kostrzyn nad Odrą,52.579019,14.637092,1300,1650,,1650,3000.0,9.088,0.152,42.938,4,7,0,,1,1,0,0,0,1,3,3000.0,"(-3000.0, -7)"
4220,Gorzów Wielkopolski,52.731058,15.240125,1257,1650,,1650,3000.0,5.565,0.082,49.812,4,5,0,,0,1,0,0,0,1,3,3000.0,"(-3000.0, -5)"
4871,Klaipėda,55.708979,21.135143,1253,1650,,1650,3000.0,75.385,0.07,393.705,0,0,0,,0,1,0,0,0,1,3,3000.0,"(-3000.0, 0)"
2778,Hameln,52.104508,9.356435,1200,1650,y,1650,2000.0,3.199,0.095,0.0,47,122,1,regional,0,1,0,0,0,1,3,2000.0,"(-2000.0, -122)"
1865,Essen,51.456963,7.012649,1244,1650,,1650,2000.0,7.625,0.101,0.0,26,101,1,regional,1,0,0,0,0,1,3,2000.0,"(-2000.0, -101)"
2602,Großenhain,51.291728,13.530913,1200,1650,,1650,2000.0,12.718,0.186,14.911,6,23,0,,1,1,0,0,0,1,3,2000.0,"(-2000.0, -23)"
5949,Pirna,50.962273,13.941934,1240,1650,,1650,2000.0,7.68,0.109,39.802,1,8,0,,1,1,0,0,0,1,3,2000.0,"(-2000.0, -8)"
3852,Koblenz,50.360368,7.595445,1276,1650,,1650,1000.0,0.758,0.042,55.744,0,6,0,,1,1,0,0,0,1,3,1000.0,"(-1000.0, -6)"
18126,Oulu,65.015355,25.472386,1605,1650,,1650,1000.0,624.159,0.072,0.0,1,3,1,regional,1,0,0,0,0,1,3,1000.0,"(-1000.0, -3)"
19988,Ammerbrücke,51.217341,10.45141,1135,1650,,1650,,24.002,0.031,1.264,37,150,0,,0,1,1,0,0,1,3,-1.0,"(1.0, -150)"
10873,,51.216847,10.450991,1135,1650,,1650,,23.966,0.031,1.23,37,150,0,,0,1,0,0,0,1,3,-1.0,"(1.0, -150)"
19987,Wagenstedter Brücke,51.213554,10.466558,1135,1650,,1650,,24.995,0.258,0.834,37,150,0,,0,1,1,0,0,1,3,-1.0,"(1.0, -150)"
9507,,51.209279,10.463684,1135,1650,,1650,,24.744,0.141,0.341,37,149,0,,0,1,0,0,0,1,3,-1.0,"(1.0, -149)"
5092,Mühlhausen/Thüringen,51.207306,10.459939,1135,1650,y,1650,,24.464,0.157,0.0,37,149,1,regional,1,1,0,0,0,1,3,-1.0,"(1.0, -149)"
14798,,51.210138,10.459875,1135,1650,,1650,,24.49,0.123,0.315,37,149,0,,0,1,0,0,0,1,3,-1.0,"(1.0, -149)"
17391,Obermarkt,51.210079,10.456334,1135,1650,,1650,,24.244,0.123,0.398,37,149,0,,0,1,0,0,0,1,3,-1.0,"(1.0, -149)"
8774,Zevenaar,51.928101,6.07639,1487,1650,,1650,,4.423,1.604,10.442,42,133,0,,1,1,0,0,0,1,3,-1.0,"(1.0, -133)"
1484,Doesburg,52.01499,6.134222,1237,1650,,1650,,0.089,0.129,0.0,39,132,1,regional,0,0,0,0,0,1,3,-1.0,"(1.0, -132)"
11408,,51.9799448,5.8990024,1233,1650,,1650,,0.399,0.055,0.832,47,126,0,,0,1,1,0,0,1,3,-1.0,"(1.0, -126)"
11149,,51.980727,5.899969,1233,1650,,1650,,0.383,0.055,0.787,47,126,0,,1,1,0,0,1,1,3,-1.0,"(1.0, -126)"
9886,,51.976552,5.908878,1233,1650,,1650,,0.297,0.14,0.279,47,126,0,,0,1,0,0,1,1,3,-1.0,"(1.0, -126)"
13895,,51.979661,5.907061,1233,1650,,1650,,0.213,0.144,0.289,47,126,0,,0,1,0,0,0,1,3,-1.0,"(1.0, -126)"
17802,,51.981705,5.901128,1233,1650,,1650,,0.409,0.067,0.753,47,126,0,,0,1,0,0,0,1,3,-1.0,"(1.0, -126)"
839,Borken,51.844299,6.859231,1222,1650,,1650,,19.877,0.138,0.0,18,124,1,regional,0,0,0,0,0,1,3,-1.0,"(1.0, -124)"
8899,Obernkirchen,52.270831,9.127808,1615,1650,y,1650,,9.917,0.954,0.0,31,123,1,regional,0,0,0,0,0,1,3,-1.0,"(1.0, -123)"
3240,Höxter,51.773997,9.381219,1150,1650,,1650,,3.67,0.075,0.0,54,122,1,regional,0,0,0,0,0,1,3,-1.0,"(1.0, -122)"
8923,Hamelner Loch,52.104212,9.353683,1200,1650,,1650,,3.242,0.095,0.191,47,122,0,,1,1,0,0,1,1,3,-1.0,"(1.0, -122)"
8931,,52.10181,9.35314,1200,1650,,1650,,3.019,0.104,0.375,47,122,0,,0,1,1,0,0,1,3,-1.0,"(1.0, -122)"
9228,,52.102345,9.356069,1200,1650,,1650,,2.986,0.104,0.242,47,122,0,,0,1,0,0,0,1,3,-1.0,"(1.0, -122)"
3026,Hessisch Oldendorf,52.168528,9.249764,1405,1650,y,1650,,0.612,0.125,0.0,43,120,1,regional,1,0,0,0,0,1,3,-1.0,"(1.0, -120)"
11805,,52.289841,8.922175,1230,1650,,1650,,2.592,0.052,0.415,29,119,0,,0,1,0,0,0,1,3,-1.0,"(1.0, -119)"
8932,,52.29,8.9166,1230,1650,,1650,,2.621,0.108,0.216,29,119,0,,0,1,0,0,0,1,3,-1.0,"(1.0, -119)"
8937,,52.28973,8.92368,1230,1650,y,1650,,2.586,0.052,0.503,29,119,0,,0,1,1,1,0,1,3,-1.0,"(1.0, -119)"
9001,Schlagde,52.291049,8.923151,1230,1650,,1650,,2.73,0.075,0.545,29,119,0,,0,1,0,0,1,1,3,-1.0,"(1.0, -119)"
11701,,51.760701,5.741658,1279,1650,,1650,,3.684,0.061,0.122,33,118,0,,1,1,0,1,1,1,3,-1.0,"(1.0, -118)"
2396,Grave,51.759622,5.741361,1279,1650,,1650,,3.736,0.061,0.0,33,118,1,local,0,1,0,0,0,1,3,-1.0,"(1.0, -118)"
8884,Rinteln,52.187439,9.08,1239,1650,y,1650,,3.187,0.162,0.0,34,118,1,regional,1,0,0,0,0,1,3,-1.0,"(1.0, -118)"
12923,,51.758592,5.740709,1279,1650,,1650,,3.767,0.062,0.123,33,118,0,,0,1,0,0,0,1,3,-1.0,"(1.0, -118)"
17,,51.41919,9.6528,1183,1650,y,1650,,4.148,0.03,15.393,45,117,0,,0,1,1,0,0,1,3,-1.0,"(1.0, -117)"
18,Hann. Münden,51.417743,9.65191,1183,1650,y,1650,,4.0,0.062,15.232,45,117,0,,0,1,0,0,0,1,3,-1.0,"(1.0, -117)"
8933,Bremer Schlagd,51.418997,9.650177,1183,1650,,1650,,3.994,0.052,15.257,45,117,0,,1,1,0,0,1,1,3,-1.0,"(1.0, -117)"
9290,Kasseler Schlagd,51.417357,9.649215,1183,1650,,1650,,3.826,0.096,15.076,45,117,0,,0,1,0,0,1,1,3,-1.0,"(1.0, -117)"
9291,Wanfrieder Schlagd,51.418839,9.65165,1183,1650,,1650,,4.061,0.052,15.311,45,117,0,,0,1,0,0,1,1,3,-1.0,"(1.0, -117)"
2805,Hardenberg,52.57552,6.61681,1362,1650,,1650,,2.51,0.061,0.0,40,116,1,regional,1,0,0,0,0,1,3,-1.0,"(1.0, -116)"
1240,Coevorden,52.661176,6.741299,1407,1650,,1650,,10.194,0.124,0.0,33,115,1,regional,1,0,0,0,0,1,3,-1.0,"(1.0, -115)"
11343,,52.514304,6.089266,1230,1650,y,1650,,0.529,0.164,0.328,45,115,0,,0,1,0,0,1,1,3,-1.0,"(1.0, -115)"
1406,Detmold,51.935094,8.879044,1265,1650,,1650,,26.463,1.461,0.0,37,112,1,regional,0,0,0,0,0,1,3,-1.0,"(1.0, -112)"
9542,,52.127033,11.651974,1188,1650,y,1650,,2.17,0.049,1.023,37,111,0,,0,1,1,0,0,1,3,-1.0,"(1.0, -111)"
11519,,52.128172,11.642789,1188,1650,y,1650,,2.525,0.141,0.461,37,111,0,,0,1,1,0,0,1,3,-1.0,"(1.0, -111)"
19942,,52.131943,11.63686,1188,1650,,1650,,3.091,0.074,0.149,37,111,0,,0,1,0,0,0,1,3,-1.0,"(1.0, -111)"
4353,Lemgo,52.028386,8.901262,1190,1650,,1650,,15.982,0.206,0.0,37,111,1,regional,1,0,0,0,0,1,3,-1.0,"(1.0, -111)"
13405,,52.129381,11.643691,1188,1650,,1650,,2.616,0.106,0.406,37,111,0,,0,1,0,0,1,1,3,-1.0,"(1.0, -111)"
13407,,52.130336,11.635913,1188,1650,,1650,,2.976,0.095,0.25,37,111,0,,0,1,0,0,0,1,3,-1.0,"(1.0, -111)"
16278,,52.130509,11.641203,1188,1650,,1650,,2.805,0.097,0.195,37,111,0,,0,1,0,0,0,1,3,-1.0,"(1.0, -111)"
11636,,51.316143,9.508501,1180,1650,,1650,,0.051,0.155,0.224,24,106,0,,0,1,0,0,0,1,3,-1.0,"(1.0, -106)"
11637,Schlagd,51.316049,9.507041,1180,1650,,1650,,0.051,0.061,0.122,24,106,0,,0,1,0,0,1,1,3,-1.0,"(1.0, -106)"
9344,,51.316588,9.510959,1180,1650,,1650,,0.089,0.174,0.401,24,106,0,,0,1,0,0,1,1,3,-1.0,"(1.0, -106)"
9346,,51.314434,9.505886,1180,1650,,1650,,0.227,0.079,0.158,24,106,0,,1,1,1,0,0,1,3,-1.0,"(1.0, -106)"
11440,,51.857343,12.213621,1382,1650,y,1650,,1.539,1.95,3.349,19,105,0,,1,1,0,0,0,1,3,-1.0,"(1.0, -105)"
11811,,51.43515,6.762927,1145,1650,,1650,,0.636,0.081,14.906,31,103,0,,0,1,0,0,0,1,3,-1.0,"(1.0, -103)"
1753,Elburg,52.448446,5.833982,1233,1650,,1650,,13.719,0.1,0.0,36,103,1,regional,0,1,0,0,0,1,3,-1.0,"(1.0, -103)"
11812,,51.436748,6.75724,1145,1650,,1650,,0.629,0.14,15.092,31,103,0,,0,1,0,0,0,1,3,-1.0,"(1.0, -103)"
2840,Haselünne,52.673601,7.486447,1220,1650,y,1650,,6.69,0.116,0.0,22,102,1,regional,1,0,0,0,0,1,3,-1.0,"(1.0, -102)"
10587,,51.371192,6.167428,1343,1650,,1650,,2.273,0.077,0.154,31,102,0,,1,1,0,1,1,1,3,-1.0,"(1.0, -102)"
10460,,51.833659,12.251977,1382,1650,,1650,,4.363,0.198,0.395,18,101,0,,0,1,1,0,0,1,3,-1.0,"(1.0, -101)"
12789,,51.690463,5.300092,1195,1650,,1650,,2.954,0.051,14.162,29,97,0,,0,1,0,0,1,1,3,-1.0,"(1.0, -97)"
14704,,52.350668,5.615042,1231,1650,,1650,,19.821,0.118,0.236,41,97,0,,0,1,0,0,1,1,3,-1.0,"(1.0, -97)"
20307,,51.688541,5.314803,1195,1650,,1650,,3.681,0.383,14.656,29,96,0,,0,1,0,0,0,1,3,-1.0,"(1.0, -96)"
8701,Zaltbommel,51.813647,5.24781,1231,1650,,1650,,3.822,0.072,0.0,38,95,1,local,0,1,0,0,0,1,3,-1.0,"(1.0, -95)"
12784,,51.814805,5.24686,1231,1650,,1650,,3.861,0.072,0.144,38,95,0,,1,1,0,1,1,1,3,-1.0,"(1.0, -95)"
11328,,51.202681,11.966501,1280,1650,,1650,,30.08,0.226,0.453,42,93,0,,0,1,0,0,0,1,3,-1.0,"(1.0, -93)"
2094,Gardelegen,52.526638,11.391921,1241,1650,y,1650,,36.143,0.326,0.0,26,93,1,regional,1,0,0,0,0,1,3,-1.0,"(1.0, -93)"
7973,Vechta,52.728249,8.285466,1269,1650,y,1650,,51.525,1.052,0.0,16,93,1,regional,0,0,0,0,0,1,3,-1.0,"(1.0, -93)"
11439,,51.879848,12.452752,1215,1650,y,1650,,6.749,0.109,14.979,16,92,0,,1,1,0,0,1,1,3,-1.0,"(1.0, -92)"
1250,Coswig (Anhalt),51.882229,12.456696,1215,1650,y,1650,,6.538,0.119,15.323,16,92,0,,1,1,0,0,0,1,3,-1.0,"(1.0, -92)"
10940,,51.199756,11.972437,1280,1650,,1650,,29.767,0.072,0.143,42,92,0,,0,1,0,0,0,1,3,-1.0,"(1.0, -92)"
10941,,51.198936,11.974347,1280,1650,,1650,,29.664,0.081,0.269,42,92,0,,0,1,0,0,0,1,3,-1.0,"(1.0, -92)"
16289,,51.880142,12.455894,1215,1650,,1650,,6.543,0.109,15.193,16,92,0,,0,1,0,0,0,1,3,-1.0,"(1.0, -92)"
16290,,51.877066,12.45281,1215,1650,,1650,,6.696,0.201,14.884,16,92,0,,0,1,0,1,0,1,3,-1.0,"(1.0, -92)"
10691,Glückstadt,53.788096,9.423902,1617,1650,y,1650,,0.642,0.142,6.919,45,91,0,,0,1,0,0,0,1,3,-1.0,"(1.0, -91)"
10711,,53.785615,9.422843,1617,1650,y,1650,,0.484,0.142,7.178,45,91,0,,0,1,0,0,1,1,3,-1.0,"(1.0, -91)"
10824,,53.784666,9.408186,1617,1650,y,1650,,0.484,1.027,7.882,45,91,0,,0,1,0,0,0,1,3,-1.0,"(1.0, -91)"
7369,Steenwijk,52.78694,6.116357,1296,1650,,1650,,0.932,0.137,0.0,26,90,1,regional,0,0,0,0,0,1,3,-1.0,"(1.0, -90)"
9693,,53.549938,9.99918,1150,1650,,1650,,0.303,0.101,0.457,29,89,0,,0,1,0,0,0,1,3,-1.0,"(1.0, -89)"
8980,,53.54469,9.98846,1150,1650,y,1650,,0.239,0.226,0.477,29,89,0,,0,1,0,0,1,1,3,-1.0,"(1.0, -89)"
8981,,53.547151,10.000745,1150,1650,y,1650,,0.257,0.233,0.513,29,89,0,,0,1,0,0,1,1,3,-1.0,"(1.0, -89)"
9450,Stadersand,53.625845,9.517738,1209,1650,,1650,,1.87,3.743,3.741,41,89,0,,1,1,0,0,0,1,3,-1.0,"(1.0, -89)"
9697,,53.547316,9.993701,1150,1650,,1650,,0.166,0.042,0.084,29,89,0,,0,1,0,0,0,1,3,-1.0,"(1.0, -89)"
9691,,53.552225,9.994677,1150,1650,y,1650,,0.539,0.133,0.483,29,89,0,,0,1,0,0,1,1,3,-1.0,"(1.0, -89)"
9692,,53.549989,9.996123,1150,1650,,1650,,0.275,0.101,0.3,29,89,0,,0,1,0,0,0,1,3,-1.0,"(1.0, -89)"
10816,,53.550134,10.005208,1150,1650,,1650,,0.617,0.085,0.835,29,89,0,,0,1,0,0,0,1,3,-1.0,"(1.0, -89)"
10817,,53.551632,10.004629,1150,1650,,1650,,0.681,0.044,0.863,29,89,0,,0,1,0,0,0,1,3,-1.0,"(1.0, -89)"
10818,,53.55239,10.0042,1150,1650,,1650,,0.72,0.044,0.882,29,89,0,,0,1,0,0,0,1,3,-1.0,"(1.0, -89)"
13630,,52.297088,5.161749,1353,1650,,1650,,0.583,0.035,20.147,24,87,0,,0,1,0,0,1,1,3,-1.0,"(1.0, -87)"
5131,Naarden,52.296587,5.162391,1353,1650,,1650,,0.631,0.035,20.21,24,87,0,,0,1,0,0,0,1,3,-1.0,"(1.0, -87)"
17772,,53.603244,9.475622,1209,1650,,1650,,1.876,0.016,0.032,41,87,0,,0,1,0,0,0,1,3,-1.0,"(1.0, -87)"
1154,Buxtehude,53.476376,9.700347,1280,1650,y,1650,,5.474,0.084,0.0,24,86,1,regional,1,0,0,0,0,1,3,-1.0,"(1.0, -86)"
11296,,51.344147,12.369851,1170,1650,y,1650,,8.133,0.285,0.57,32,85,0,,0,1,0,0,1,1,3,-1.0,"(1.0, -85)"
8935,Kleine Schlachte,53.07209,8.80893,965,1650,,1650,,0.035,0.143,0.435,18,85,0,,0,1,0,0,1,1,3,-1.0,"(1.0, -85)"
9651,,53.072094,8.807886,965,1650,,1650,,0.035,0.164,0.423,18,85,0,,0,1,0,0,0,1,3,-1.0,"(1.0, -85)"
9226,Neustadt,53.072859,8.799608,965,1650,,1650,,0.37,0.16,0.619,18,83,0,,0,1,0,0,0,1,3,-1.0,"(1.0, -83)"
8939,Schlachte,53.077288,8.800285,965,1650,y,1650,,0.086,0.039,0.5,18,83,0,,0,1,0,1,1,1,3,-1.0,"(1.0, -83)"
8940,Balge,53.07537,8.80635,965,1650,,1650,,0.16,0.042,0.09,18,83,0,,0,1,0,0,0,1,3,-1.0,"(1.0, -83)"
8941,,53.073386,8.804305,965,1650,,1650,,0.079,0.16,0.346,18,83,0,,1,1,1,0,0,1,3,-1.0,"(1.0, -83)"
9227,,53.074656,8.809272,965,1650,,1650,,0.177,0.093,0.186,18,83,0,,0,1,0,0,0,1,3,-1.0,"(1.0, -83)"
9355,Stintbrücke,53.075689,8.806253,965,1650,,1650,,0.15,0.01,0.079,18,83,0,,1,1,0,0,0,1,3,-1.0,"(1.0, -83)"
9650,,53.075981,8.801675,965,1650,,1650,,0.086,0.169,0.382,18,83,0,,0,1,0,0,0,1,3,-1.0,"(1.0, -83)"
12525,,52.092846,5.11162,1114,1650,,1650,,0.41,0.065,0.51,32,83,0,,0,1,1,0,0,1,3,-1.0,"(1.0, -83)"
10788,,52.093432,5.116996,1114,1650,,1650,,0.111,0.11,0.22,32,83,0,,0,1,0,0,0,1,3,-1.0,"(1.0, -83)"
17880,,53.077782,8.801122,965,1650,,1650,,0.128,0.039,0.469,18,83,0,,0,1,0,0,0,1,3,-1.0,"(1.0, -83)"
17881,,53.075815,8.806481,965,1650,,1650,,0.166,0.01,0.061,18,83,0,,0,1,0,0,0,1,3,-1.0,"(1.0, -83)"
17883,,53.076412,8.797216,965,1650,,1650,,0.253,0.154,0.682,18,83,0,,0,1,0,1,0,0,3,-1.0,"(1.0, -83)"
17884,,53.074417,8.79403,965,1650,,1650,,0.526,0.154,0.907,18,83,0,,0,1,0,0,0,1,3,-1.0,"(1.0, -83)"
11788,,53.247458,10.413513,1247,1650,,1650,,10.189,0.041,0.415,20,81,0,,0,1,0,0,0,1,3,-1.0,"(1.0, -81)"
19525,,52.36923,4.891019,1300,1650,,1650,,0.841,0.043,0.44,15,81,0,,0,1,0,0,0,1,3,-1.0,"(1.0, -81)"
19526,,52.372476,4.893958,1300,1650,,1650,,0.429,0.012,0.115,15,81,0,,0,1,0,0,0,1,3,-1.0,"(1.0, -81)"
19537,Paulusbroedersluis,52.371494,4.896887,1300,1650,,1650,,0.481,0.04,0.342,15,81,0,,0,1,1,0,0,1,3,-1.0,"(1.0, -81)"
19535,Varkenssluis,52.371851,4.895852,1300,1650,,1650,,0.449,0.04,0.261,15,81,0,,0,1,1,0,0,1,3,-1.0,"(1.0, -81)"
19527,,52.37622,4.899628,1300,1650,,1650,,0.176,0.044,0.593,15,81,0,,0,1,0,0,0,1,3,-1.0,"(1.0, -81)"
19538,,52.371052,4.898518,1300,1650,,1650,,0.538,0.009,0.462,15,81,0,,0,1,0,0,0,1,3,-1.0,"(1.0, -81)"
19528,Nieuwe Brug,52.376816,4.898797,1300,1650,,1650,,0.159,0.028,0.593,15,81,0,,0,1,1,0,0,1,3,-1.0,"(1.0, -81)"
19539,Bushuissluis,52.370986,4.898754,1300,1650,,1650,,0.548,0.009,0.48,15,81,0,,0,1,1,0,0,1,3,-1.0,"(1.0, -81)"
11789,,53.246835,10.414162,1247,1650,y,1650,,10.107,0.041,0.494,20,81,0,,0,1,0,0,1,1,3,-1.0,"(1.0, -81)"
11849,Oudewater,52.022978,4.872386,1257,1650,,1650,,0.096,0.096,11.166,30,81,0,,1,1,0,0,1,1,3,-1.0,"(1.0, -81)"
14910,Rokin,52.372306,4.892819,1300,1650,y,1650,,0.487,0.044,0.087,15,81,0,,0,1,0,0,1,1,3,-1.0,"(1.0, -81)"
19529,,52.377477,4.89759,1300,1650,,1650,,0.188,0.008,0.597,15,81,0,,0,1,0,0,0,1,3,-1.0,"(1.0, -81)"
12707,,52.021649,4.870602,1257,1650,,1650,,0.096,0.077,11.028,30,81,0,,0,1,0,0,0,1,3,-1.0,"(1.0, -81)"
12840,,52.385612,4.882023,1300,1650,,1650,,1.496,0.688,1.567,12,81,0,,0,1,0,0,1,1,3,-1.0,"(1.0, -81)"
8982,Bäckerstraße,53.2488,10.40886,1247,1650,y,1650,,10.132,0.064,0.128,20,81,0,,1,1,0,0,0,1,3,-1.0,"(1.0, -81)"
8983,,53.25136,10.41335,1247,1650,y,1650,,10.119,0.141,0.337,20,81,0,,0,1,0,0,1,1,3,-1.0,"(1.0, -81)"
9655,,53.251462,10.409071,1247,1650,,1650,,9.918,0.084,0.169,20,81,0,,0,1,0,0,0,1,3,-1.0,"(1.0, -81)"
10785,,52.377087,4.896699,1300,1650,,1650,,0.144,0.037,0.527,15,81,0,,0,1,0,0,0,1,3,-1.0,"(1.0, -81)"
19547,,52.377136,4.898164,1300,1650,,1650,,0.163,0.027,0.59,15,81,0,,0,1,0,0,0,1,3,-1.0,"(1.0, -81)"
12481,,52.018818,5.0443,1363,1650,,1650,,0.165,0.049,9.589,29,81,0,,0,1,0,0,1,1,3,-1.0,"(1.0, -81)"
19530,Oude Brug,52.375525,4.897005,1300,1650,,1650,,0.033,0.026,0.406,15,81,0,,0,1,1,0,0,1,3,-1.0,"(1.0, -81)"
19531,,52.376066,4.895621,1300,1650,,1650,,0.106,0.03,0.392,15,81,0,,0,1,0,0,0,1,3,-1.0,"(1.0, -81)"
19532,,52.375158,4.897885,1300,1650,,1650,,0.089,0.036,0.429,15,81,0,,0,1,0,0,0,1,3,-1.0,"(1.0, -81)"
19533,Lange Brug,52.36923,4.89229,1300,1650,,1650,,0.802,0.043,0.428,15,81,0,,0,1,1,0,0,1,3,-1.0,"(1.0, -81)"
10786,Damrak,52.374318,4.894645,1300,1650,y,1650,,0.237,0.047,0.197,15,81,0,,0,1,0,0,1,1,3,-1.0,"(1.0, -81)"
19548,,52.377311,4.899601,1300,1650,,1650,,0.237,0.085,0.671,15,81,0,,0,1,0,0,0,1,3,-1.0,"(1.0, -81)"
19536,,52.372948,4.900213,1300,1650,,1650,,0.382,0.12,0.519,15,81,0,,0,1,0,0,0,1,3,-1.0,"(1.0, -81)"
3300,IJsselstein,52.019446,5.043281,1363,1650,,1650,,0.194,0.049,9.568,29,81,0,,0,1,0,0,0,1,3,-1.0,"(1.0, -81)"
19540,,52.370508,4.900647,1300,1650,,1650,,0.637,0.07,0.618,15,81,0,,0,1,0,0,0,1,3,-1.0,"(1.0, -81)"
19534,,52.372653,4.894141,1300,1650,,1650,,0.406,0.012,0.116,15,81,0,,0,1,0,0,0,1,3,-1.0,"(1.0, -81)"
19546,,52.375792,4.896372,1300,1650,,1650,,0.051,0.026,0.397,15,81,0,,0,1,0,0,0,1,3,-1.0,"(1.0, -81)"
12842,,52.377573,4.897774,1300,1650,,1650,,0.2,0.008,0.612,15,81,0,,0,1,0,1,0,1,3,-1.0,"(1.0, -81)"
13886,,52.021024,5.047642,1363,1650,,1650,,0.17,0.173,9.26,29,81,0,,0,1,1,1,0,1,3,-1.0,"(1.0, -81)"
13982,,52.021493,4.870933,1257,1650,,1650,,0.099,0.07,11.049,30,81,0,,0,1,1,1,0,1,3,-1.0,"(1.0, -81)"
10624,,53.917185,9.515869,1238,1650,y,1650,,3.479,0.154,0.309,32,80,0,,0,1,1,0,1,1,3,-1.0,"(1.0, -80)"
17882,,53.080478,8.79756,965,1650,,1650,,0.485,0.191,0.832,18,80,0,,0,1,0,0,0,1,3,-1.0,"(1.0, -80)"
9417,,53.247308,10.409138,1247,1650,,1650,,10.27,0.083,0.294,20,79,0,,0,1,0,0,0,1,3,-1.0,"(1.0, -79)"
12677,,52.086498,4.885618,1372,1650,,1650,,2.605,0.02,14.621,28,78,0,,0,1,0,0,0,1,3,-1.0,"(1.0, -78)"
8979,Stau,53.140241,8.217053,1345,1650,,1650,,27.533,0.113,0.226,24,78,0,,0,1,0,0,1,1,3,-1.0,"(1.0, -78)"
9606,,53.140346,8.212924,1345,1650,,1650,,27.703,0.095,0.19,24,78,0,,0,1,0,0,0,1,3,-1.0,"(1.0, -78)"
10075,Auebrücke,51.055019,12.137194,1147,1650,y,1650,,29.61,0.053,0.553,29,78,0,,1,1,1,0,0,1,3,-1.0,"(1.0, -78)"
11903,Woerden,52.086272,4.885158,1372,1650,,1650,,2.57,0.02,14.581,28,78,0,,1,1,0,0,1,1,3,-1.0,"(1.0, -78)"
9664,,53.92515,9.516506,1238,1650,,1650,,3.71,0.149,0.578,31,77,0,,0,1,0,0,0,1,3,-1.0,"(1.0, -77)"
3344,Itzehoe,53.919961,9.515891,1238,1650,y,1650,,3.523,0.154,0.0,32,77,1,regional,1,1,0,0,0,1,3,-1.0,"(1.0, -77)"
10625,,53.922846,9.518852,1238,1650,,1650,,3.783,0.149,0.375,31,77,0,,0,1,0,0,0,1,3,-1.0,"(1.0, -77)"
19819,Mühlenbrücke,53.860829,10.689606,1143,1650,y,1650,,0.914,0.152,19.422,12,76,0,,0,1,1,0,0,1,3,-1.0,"(1.0, -76)"
14177,,52.701905,5.292399,1356,1650,,1650,,20.778,0.044,44.904,15,76,0,,1,1,0,1,1,1,3,-1.0,"(1.0, -76)"
14902,,52.701929,5.293701,1356,1650,,1650,,20.757,0.044,44.863,15,76,0,,0,1,0,0,0,1,3,-1.0,"(1.0, -76)"
12046,,53.864913,10.693473,1143,1650,y,1650,,0.876,0.275,19.058,12,72,0,,0,1,0,0,1,1,3,-1.0,"(1.0, -72)"
10272,,53.865335,10.681162,1143,1650,y,1650,,0.202,0.051,19.829,12,72,0,,0,1,0,0,1,1,3,-1.0,"(1.0, -72)"
10489,,53.868134,10.686289,1143,1650,,1650,,0.386,0.128,19.429,12,72,0,,0,1,0,0,0,1,3,-1.0,"(1.0, -72)"
10490,,53.866235,10.680918,1143,1650,,1650,,0.101,0.012,19.821,12,72,0,,0,1,0,0,0,1,3,-1.0,"(1.0, -72)"
19818,Holstenbrücke,53.866251,10.68054,1143,1650,y,1650,,0.098,0.012,19.844,12,72,0,,0,1,1,0,0,1,3,-1.0,"(1.0, -72)"
19820,Burgtorbrücke,53.874228,10.691355,1143,1650,y,1650,,1.056,0.282,18.96,12,72,0,,0,1,1,0,0,1,3,-1.0,"(1.0, -72)"
10271,,53.868921,10.680143,1143,1650,y,1650,,0.202,0.206,19.802,12,72,0,,0,1,0,0,1,1,3,-1.0,"(1.0, -72)"
9182,,53.365262,7.209451,1433,1650,,1650,,19.146,0.137,0.273,25,65,0,,0,1,0,1,1,1,3,-1.0,"(1.0, -65)"
11005,,52.406267,12.556468,1170,1650,y,1650,,0.202,0.063,0.877,16,65,0,,1,1,0,0,1,1,3,-1.0,"(1.0, -65)"
12800,,51.589834,4.773145,1198,1650,,1650,,8.905,0.138,0.276,16,65,0,,0,1,0,0,1,1,3,-1.0,"(1.0, -65)"
16252,,52.405536,12.55787,1170,1650,,1650,,0.269,0.063,0.979,16,65,0,,0,1,0,0,0,1,3,-1.0,"(1.0, -65)"
16362,,51.58835,4.771352,1198,1650,,1650,,8.802,0.135,0.341,16,65,0,,0,1,1,0,0,1,3,-1.0,"(1.0, -65)"
351,Aurich,53.469328,7.482427,1539,1650,y,1650,,27.884,0.145,0.0,19,64,1,regional,1,0,0,0,0,1,3,-1.0,"(1.0, -64)"
5421,Nieuwstadt,51.036805,5.860058,1242,1650,y,1650,,6.448,1.053,0.0,18,63,1,regional,0,0,0,0,0,1,3,-1.0,"(1.0, -63)"
280,Appingedam,53.321987,6.856009,1327,1650,,1650,,2.334,0.051,0.0,23,62,1,regional,0,0,0,0,0,1,3,-1.0,"(1.0, -62)"
11151,Neustadt,52.408777,12.563131,1170,1650,,1650,,0.104,0.187,0.858,13,60,0,,0,1,0,0,0,1,3,-1.0,"(1.0, -60)"
14261,,52.412922,12.552956,1170,1650,,1650,,0.637,0.066,0.131,16,58,0,,0,1,0,0,0,1,3,-1.0,"(1.0, -58)"
16216,,52.411598,12.556328,1170,1650,,1650,,0.415,0.136,0.316,16,58,0,,0,1,1,0,0,1,3,-1.0,"(1.0, -58)"
14483,Mühlendamm,52.411866,12.565349,1170,1650,,1650,,0.477,0.187,0.818,13,57,0,,0,1,1,0,0,1,3,-1.0,"(1.0, -57)"
11094,,52.415057,12.555364,1170,1650,,1650,,0.805,0.08,0.16,16,55,0,,0,1,0,0,0,1,3,-1.0,"(1.0, -55)"
12625,,51.815016,4.660896,1220,1650,,1650,,0.623,0.214,5.728,23,55,0,,0,1,0,1,0,1,3,-1.0,"(1.0, -55)"
10997,Homeyenbrücke,52.416971,12.561836,1170,1650,y,1650,,1.017,0.244,0.638,13,55,0,,0,1,1,0,0,1,3,-1.0,"(1.0, -55)"
12780,,51.819893,4.670869,1220,1650,,1650,,0.294,0.226,5.955,23,55,0,,0,1,0,0,0,1,3,-1.0,"(1.0, -55)"
13437,,51.818733,4.675438,1220,1650,,1650,,0.463,0.167,6.29,23,55,0,,0,1,0,1,0,1,3,-1.0,"(1.0, -55)"
14484,,52.416709,12.568674,1170,1650,,1650,,1.06,0.075,1.053,13,55,0,,0,1,1,0,0,1,3,-1.0,"(1.0, -55)"
14863,,51.818038,4.670721,1220,1650,,1650,,0.132,0.167,6.06,23,55,0,,0,1,0,0,0,1,3,-1.0,"(1.0, -55)"
14903,,51.814815,4.667026,1220,1650,,1650,,0.33,0.018,6.067,23,55,0,,0,1,0,0,0,1,3,-1.0,"(1.0, -55)"
18157,haven dordrecht,51.813839,4.659768,1220,1650,,1650,,0.755,0.212,5.757,23,55,0,,0,1,0,0,1,0,3,-1.0,"(1.0, -55)"
2873,Havelberg,52.825209,12.074538,1179,1650,,1650,,2.921,0.122,0.0,13,53,1,regional,1,0,0,0,0,1,3,-1.0,"(1.0, -53)"
12889,,53.029386,5.65903,1317,1650,,1650,,0.168,0.168,31.3,8,51,0,,0,1,0,0,1,1,3,-1.0,"(1.0, -51)"
12173,,52.3801,4.63971,1245,1650,,1650,,2.335,0.07,17.182,12,50,0,,0,1,0,0,1,1,3,-1.0,"(1.0, -50)"
12841,,52.380874,4.647114,1245,1650,,1650,,1.99,0.287,16.684,12,50,0,,0,1,0,0,1,1,3,-1.0,"(1.0, -50)"
19313,,52.380711,4.637893,1245,1650,,1650,,2.361,0.07,17.308,12,50,0,,0,1,0,0,0,1,3,-1.0,"(1.0, -50)"
19314,,52.379008,4.639224,1245,1650,,1650,,2.452,0.105,17.21,12,50,0,,0,1,0,0,0,1,3,-1.0,"(1.0, -50)"
11843,,50.937765,6.956243,1475,1650,,1650,,10.809,0.053,23.589,15,48,0,,0,1,0,0,0,1,3,-1.0,"(1.0, -48)"
11218,,50.936771,6.963378,1475,1650,,1650,,10.756,0.094,23.142,15,48,0,,0,1,0,1,1,1,3,-1.0,"(1.0, -48)"
12148,,52.629356,4.755565,1254,1650,,1650,,0.63,0.228,29.968,3,48,0,,0,1,0,0,1,1,3,-1.0,"(1.0, -48)"
11838,,50.93682,6.956284,1475,1650,,1650,,10.909,0.053,23.517,15,48,0,,0,1,0,0,0,1,3,-1.0,"(1.0, -48)"
11840,,50.941721,6.956296,1475,1650,,1650,,10.394,0.142,23.879,15,48,0,,0,1,0,0,0,1,3,-1.0,"(1.0, -48)"
11841,,50.93746,6.960287,1475,1650,,1650,,10.917,0.049,23.355,15,48,0,,0,1,0,0,0,1,3,-1.0,"(1.0, -48)"
11842,,50.939174,6.956318,1475,1650,,1650,,10.662,0.078,23.689,15,48,0,,0,1,0,0,0,1,3,-1.0,"(1.0, -48)"
10639,,50.934108,6.956262,1475,1650,,1650,,10.71,0.151,23.321,15,48,0,,0,1,0,0,0,1,3,-1.0,"(1.0, -48)"
10696,,50.935183,6.94315,1475,1650,,1650,,10.833,0.469,24.101,15,48,0,,0,1,0,0,0,1,3,-1.0,"(1.0, -48)"
12767,,51.90625,4.165864,1330,1650,,1650,,8.868,0.225,30.33,8,39,0,,1,1,0,1,1,1,3,-1.0,"(1.0, -39)"
991,Brielle,51.902257,4.164831,1330,1650,,1650,,9.101,0.225,30.311,8,39,0,,0,1,0,0,0,1,3,-1.0,"(1.0, -39)"
10727,Wyck,50.849472,5.698374,1204,1650,,1650,,3.378,0.086,0.584,10,37,0,,0,1,0,0,0,1,3,-1.0,"(1.0, -37)"
13289,,50.849412,5.69456,1204,1650,y,1650,,3.387,0.048,0.348,10,37,0,,0,1,0,0,1,1,3,-1.0,"(1.0, -37)"
12103,Sint Servaasbrug,50.849413,5.695923,1204,1650,y,1650,,3.384,0.048,0.429,10,37,0,,0,1,1,0,0,1,3,-1.0,"(1.0, -37)"
11897,Goedereede,51.818178,3.977549,1312,1650,,1650,,19.087,8.369,35.385,6,36,0,,1,1,0,1,1,1,3,-1.0,"(1.0, -36)"
11916,Brouwershaven,51.725469,3.91217,1403,1650,,1650,,8.661,3.97,24.607,6,36,0,,1,1,0,1,1,1,3,-1.0,"(1.0, -36)"
9437,,53.89234,11.467337,1226,1650,,1650,,34.066,0.065,0.13,11,35,0,,0,1,0,0,0,1,3,-1.0,"(1.0, -35)"
13958,,53.895276,11.46024,1226,1650,y,1650,,34.392,0.231,0.585,11,35,0,,0,1,0,0,1,1,3,-1.0,"(1.0, -35)"
13959,,53.892216,11.464991,1226,1650,,1650,,34.051,0.062,0.124,11,35,0,,0,1,0,0,0,1,3,-1.0,"(1.0, -35)"
2151,Gelnhausen,50.202744,9.190682,1170,1650,,1650,,22.339,5.685,0.0,9,32,1,regional,1,0,0,0,0,1,3,-1.0,"(1.0, -32)"
7411,Sternberg,53.711659,11.829353,1238,1650,,1650,,24.809,0.149,0.0,11,32,1,regional,1,0,0,0,0,1,3,-1.0,"(1.0, -32)"
13338,,51.648777,3.933342,1220,1650,,1650,,0.091,0.385,16.306,7,31,0,,0,1,0,1,0,1,3,-1.0,"(1.0, -31)"
14550,,51.647484,3.92669,1220,1650,,1650,,0.121,0.197,16.087,7,31,0,,0,1,0,0,0,1,3,-1.0,"(1.0, -31)"
14549,,51.648501,3.923603,1220,1650,,1650,,0.121,0.103,16.167,7,31,0,,0,1,0,0,1,1,3,-1.0,"(1.0, -31)"
17147,,51.223609,4.403039,1350,1650,,1650,,6.457,0.172,0.343,8,29,0,,0,1,0,0,0,1,3,-1.0,"(1.0, -29)"
15685,,55.269993,9.896332,1200,1650,,1650,,94.664,0.073,29.29,9,27,0,,0,1,0,0,0,1,3,-1.0,"(1.0, -27)"
15749,,55.27005470298344,9.90079591012785,1200,1650,,1650,,94.782,0.356,29.083,9,27,0,,0,1,0,0,0,0,3,-1.0,"(1.0, -27)"
12623,Werf,51.22365,4.396928,1350,1650,,1650,,6.243,0.168,0.336,8,27,0,,1,1,0,0,1,1,3,-1.0,"(1.0, -27)"
10504,Assens,55.269923,9.894024,1200,1650,,1650,,94.6,0.073,29.395,9,27,0,,1,1,0,0,0,1,3,-1.0,"(1.0, -27)"
10520,,55.270244,9.889977,1200,1650,,1650,,94.533,0.129,29.611,9,27,0,,0,1,0,1,1,1,3,-1.0,"(1.0, -27)"
10400,Vordingborg,55.00815943,11.91050695,1200,1650,,1650,,111.646,0.047,0.0,7,27,1,regional,0,0,0,0,1,1,3,-1.0,"(1.0, -27)"
13378,,51.219011,4.395591,1350,1650,,1650,,5.749,0.154,0.388,8,27,0,,0,1,0,1,0,1,3,-1.0,"(1.0, -27)"
13865,,51.220656,4.399159,1350,1650,,1650,,6.035,0.041,0.082,8,27,0,,0,1,0,0,0,1,3,-1.0,"(1.0, -27)"
2388,Gransee,53.006872,13.157326,1262,1650,,1650,,21.989,0.21,25.217,1,26,0,,1,1,0,0,0,1,3,-1.0,"(1.0, -26)"
11758,Mühlendamm,52.515043,13.406904,1244,1650,y,1650,,0.062,0.072,0.374,5,25,0,,0,1,1,0,0,1,3,-1.0,"(1.0, -25)"
11759,,52.517186,13.404293,1244,1650,y,1650,,0.263,0.117,0.235,3,25,0,,0,1,1,0,1,1,3,-1.0,"(1.0, -25)"
13819,,52.516341,13.408468,1244,1650,,1650,,0.221,0.081,0.246,3,25,0,,0,1,0,0,0,1,3,-1.0,"(1.0, -25)"
14168,,52.515021,13.409484,1244,1650,,1650,,0.1,0.081,0.408,5,25,0,,0,1,0,0,1,1,3,-1.0,"(1.0, -25)"
8010,Viborg,56.450688,9.411301,1060,1650,,1650,,58.913,0.073,0.0,15,24,1,interregional,1,0,0,0,0,1,3,-1.0,"(1.0, -24)"
13750,,54.089953,12.138194,1218,1650,,1650,,8.657,0.093,0.185,6,24,0,,0,1,0,0,0,1,3,-1.0,"(1.0, -24)"
13749,,54.092547,12.138256,1218,1650,y,1650,,8.945,0.144,0.45,6,24,0,,0,1,0,0,1,1,3,-1.0,"(1.0, -24)"
11824,,54.084849,12.150596,1218,1650,,1650,,8.183,0.34,0.814,6,23,0,,0,1,0,0,1,1,3,-1.0,"(1.0, -23)"
8903,Veere,51.548038,3.669469,1355,1650,,1650,,5.841,0.103,6.822,8,22,0,,0,1,0,0,0,1,3,-1.0,"(1.0, -22)"
13872,,51.500876,3.618246,1217,1650,,1650,,1.49,0.121,0.541,8,22,0,,1,1,0,0,1,1,3,-1.0,"(1.0, -22)"
14097,,51.549679,3.668096,1355,1650,,1650,,5.979,0.103,6.916,8,22,0,,1,1,0,0,1,1,3,-1.0,"(1.0, -22)"
14208,,51.499663,3.625688,1217,1650,,1650,,0.962,0.165,0.991,8,22,0,,0,1,0,1,0,1,3,-1.0,"(1.0, -22)"
11937,Axel,51.265287,3.908526,1183,1650,,1650,,0.288,2.094,0.0,10,20,1,local,1,1,0,0,0,0,3,-1.0,"(1.0, -20)"
18122,Naantali,60.468904,22.01602,1443,1650,,1650,,358.005,0.111,0.0,8,18,1,regional,1,0,0,0,0,1,3,-1.0,"(1.0, -18)"
10713,Skanör,55.419171,12.849655,1250,1650,,1650,,151.483,0.597,38.244,2,18,0,,1,1,0,0,1,1,3,-1.0,"(1.0, -18)"
10715,Falsterbo,55.390984,12.834298,1300,1650,,1650,,148.689,1.046,41.392,2,18,0,,1,1,0,0,1,1,3,-1.0,"(1.0, -18)"
18119,Porvoo,60.395391,25.657864,1387,1650,,1650,,181.153,0.102,0.0,9,18,1,regional,1,0,0,0,0,1,3,-1.0,"(1.0, -18)"
11912,Westkapelle,51.527703,3.441499,1223,1650,,1650,,13.506,2.77,0.0,7,17,1,regional,0,0,0,0,1,1,3,-1.0,"(1.0, -17)"
13340,,51.43841,3.575799,1315,1650,,1650,,0.128,0.231,7.115,8,17,0,,0,1,0,1,1,1,3,-1.0,"(1.0, -17)"
3881,Kolding,55.490223,9.473839,1231,1650,,1650,,112.154,0.127,0.0,6,16,1,regional,1,1,0,0,1,1,3,-1.0,"(1.0, -16)"
14945,,55.488006,9.472925,1231,1650,,1650,,111.903,0.127,0.253,6,16,0,,0,1,1,0,0,1,3,-1.0,"(1.0, -16)"
4625,Luckau,51.852601,13.715322,1250,1650,,1650,,57.691,0.134,41.517,5,15,0,,0,1,0,0,0,1,3,-1.0,"(1.0, -15)"
1665,Eberswalde,52.833374,13.821509,1300,1650,,1650,,0.275,0.128,44.801,3,14,0,,1,1,0,0,0,1,3,-1.0,"(1.0, -14)"
14148,,52.835851,13.822281,1300,1650,,1650,,0.037,0.14,45.049,3,14,0,,0,1,0,0,1,1,3,-1.0,"(1.0, -14)"
16245,,52.835831,13.821194,1300,1650,,1650,,0.037,0.143,45.001,3,14,0,,0,1,0,0,0,1,3,-1.0,"(1.0, -14)"
500,Beeskow,52.17187,14.246516,1272,1650,,1650,,18.892,0.438,68.817,0,13,0,,0,1,0,0,0,1,3,-1.0,"(1.0, -13)"
16443,,52.169138,14.25379,1272,1650,,1650,,19.344,0.089,69.398,0,13,0,,0,1,1,0,0,0,3,-1.0,"(1.0, -13)"
12641,,51.05941,3.724315,1350,1650,,1650,,0.42,0.04,26.25,6,12,0,,0,1,0,0,1,1,3,-1.0,"(1.0, -12)"
12642,,51.054649,3.72572,1350,1650,,1650,,0.19,0.074,26.666,6,12,0,,0,1,0,0,0,1,3,-1.0,"(1.0, -12)"
12638,,51.052518,3.734538,1350,1650,,1650,,0.13,0.151,26.589,4,12,0,,0,1,0,0,1,1,3,-1.0,"(1.0, -12)"
12806,,51.056402,3.721864,1350,1650,,1650,,0.047,0.166,26.626,6,12,0,,0,1,0,0,1,1,3,-1.0,"(1.0, -12)"
12807,,51.060415,3.713136,1350,1650,,1650,,0.373,0.536,26.544,6,12,0,,0,1,0,0,0,1,3,-1.0,"(1.0, -12)"
12810,,51.057699,3.707582,1350,1650,,1650,,0.661,0.559,27.003,6,12,0,,0,1,0,0,1,1,3,-1.0,"(1.0, -12)"
13860,,51.060044,3.724827,1350,1650,,1650,,0.499,0.04,26.171,6,12,0,,0,1,0,0,0,1,3,-1.0,"(1.0, -12)"
14172,,51.054846,13.739257,1200,1650,,1650,,8.795,0.192,22.294,1,12,0,,0,1,1,0,0,1,3,-1.0,"(1.0, -12)"
14339,,51.053558,13.741349,1200,1650,,1650,,8.593,0.137,22.495,1,12,0,,0,1,0,0,1,1,3,-1.0,"(1.0, -12)"
17349,,51.051143,13.7406321,1200,1650,,1650,,8.482,0.123,22.6,1,12,0,,0,1,0,0,0,1,3,-1.0,"(1.0, -12)"
17697,,51.05666,3.741746,1350,1650,,1650,,0.618,0.471,25.95,8,12,0,,0,1,0,0,0,1,3,-1.0,"(1.0, -12)"
17919,,51.053769,3.722305,1350,1650,,1650,,0.196,0.078,26.867,4,12,0,,0,1,0,0,0,1,3,-1.0,"(1.0, -12)"
17925,,51.049889,3.72871,1350,1650,,1650,,0.239,0.157,27.035,4,12,0,,0,1,0,0,0,1,3,-1.0,"(1.0, -12)"
17926,,51.049066,3.719999,1350,1650,,1650,,0.308,0.564,27.403,4,12,0,,0,1,0,0,0,1,3,-1.0,"(1.0, -12)"
17927,,51.054833,3.734043,1350,1650,,1650,,0.121,0.171,26.376,4,12,0,,0,1,0,0,0,1,3,-1.0,"(1.0, -12)"
17928,,51.053956,3.730888,1350,1650,,1650,,0.121,0.136,26.564,4,12,0,,0,1,0,0,1,1,3,-1.0,"(1.0, -12)"
17929,,51.055817,3.728346,1350,1650,,1650,,0.035,0.112,26.465,6,12,0,,0,1,0,0,0,1,3,-1.0,"(1.0, -12)"
17930,,51.055824,3.7209,1350,1650,,1650,,0.047,0.205,26.715,6,12,0,,0,1,0,0,0,1,3,-1.0,"(1.0, -12)"
18003,,51.044347,3.736253,1350,1650,,1650,,0.956,0.656,27.348,4,12,0,,0,1,0,0,0,1,3,-1.0,"(1.0, -12)"
7206,Sluis,51.308755,3.386123,1290,1650,,1650,,0.209,0.04,15.824,8,10,0,,1,1,0,0,0,1,3,-1.0,"(1.0, -10)"
12603,,51.308502,3.385044,1290,1650,,1650,,0.156,0.04,15.75,8,10,0,,0,1,0,0,1,1,3,-1.0,"(1.0, -10)"
18414,,49.998383,8.272887,297,1650,,1650,,0.71,0.069,31.764,2,9,0,,0,1,0,0,0,1,3,-1.0,"(1.0, -9)"
4955,Miltenberg,49.699422,9.252039,1225,1650,,1650,,6.49,0.045,56.139,0,9,0,,0,1,0,0,0,1,3,-1.0,"(1.0, -9)"
17176,,54.315756,13.095564,1234,1650,,1650,,32.032,0.022,24.635,4,9,0,,0,1,0,0,1,1,3,-1.0,"(1.0, -9)"
13702,Niederlage,52.345024,14.557207,1253,1650,,1650,,4.475,0.088,68.993,0,9,0,,0,1,0,0,1,1,3,-1.0,"(1.0, -9)"
14122,,52.344834,14.554629,1253,1650,,1650,,4.478,0.048,69.023,0,9,0,,0,1,0,0,0,1,3,-1.0,"(1.0, -9)"
14123,,52.346428,14.554072,1253,1650,,1650,,4.299,0.08,68.848,0,9,0,,0,1,0,0,0,1,3,-1.0,"(1.0, -9)"
14124,,52.347265,14.556805,1253,1650,,1650,,4.224,0.078,68.745,0,9,0,,1,1,1,0,0,1,3,-1.0,"(1.0, -9)"
14125,,52.347306,14.552216,1253,1650,,1650,,4.194,0.08,68.757,0,9,0,,0,1,0,0,0,1,3,-1.0,"(1.0, -9)"
14428,,54.316576,13.094791,1234,1650,,1650,,32.134,0.103,24.637,4,9,0,,0,1,0,1,0,1,3,-1.0,"(1.0, -9)"
14924,,50.001281,8.27646,297,1650,,1650,,0.558,0.141,31.403,2,9,0,,0,1,0,0,1,1,3,-1.0,"(1.0, -9)"
16466,,50.003798,8.274647,297,1650,,1650,,0.84,0.154,31.415,2,9,0,,0,1,0,1,0,1,3,-1.0,"(1.0, -9)"
17175,,54.315619,13.094931,1234,1650,,1650,,32.047,0.022,24.678,4,9,0,,0,1,0,0,0,1,3,-1.0,"(1.0, -9)"
17756,,49.700383,9.244893,1225,1650,,1650,,6.144,0.052,55.995,0,9,0,,0,1,0,0,0,1,3,-1.0,"(1.0, -9)"
17757,,49.700231,9.251963,1225,1650,,1650,,6.41,0.045,56.049,0,9,0,,0,1,0,0,1,1,3,-1.0,"(1.0, -9)"
17758,,49.701304,9.245135,1225,1650,,1650,,6.061,0.052,55.894,0,9,0,,0,1,0,1,0,1,3,-1.0,"(1.0, -9)"
17767,,49.701101,9.257312,1225,1650,,1650,,6.541,0.211,55.984,0,9,0,,0,1,0,0,0,1,3,-1.0,"(1.0, -9)"
13928,,54.098761,13.381161,1250,1650,,1650,,2.219,0.081,0.298,5,8,0,,0,1,0,0,1,1,3,-1.0,"(1.0, -8)"
19743,,54.099237,13.378756,1250,1650,,1650,,2.381,0.017,0.38,5,8,0,,0,1,0,0,0,1,3,-1.0,"(1.0, -8)"
18141,Lapvesi (Lappeenranta),61.065989,28.183255,1649,1650,,1650,,186.4,0.432,0.0,4,8,1,regional,1,0,0,0,0,1,3,-1.0,"(1.0, -8)"
13890,,53.858104,13.6889,1264,1650,,1650,,4.306,0.099,22.964,4,8,0,,0,1,0,0,0,1,3,-1.0,"(1.0, -8)"
13891,,53.859638,13.690429,1264,1650,,1650,,4.203,0.099,23.16,4,8,0,,0,1,0,0,1,1,3,-1.0,"(1.0, -8)"
16168,,50.964226,13.941885,1240,1650,,1650,,7.753,0.109,39.677,1,8,0,,0,1,0,0,1,1,3,-1.0,"(1.0, -8)"
18165,Steinbecker Brücke,54.098937,13.378708,1250,1650,,1650,,2.38,0.017,0.351,5,8,0,,0,1,1,0,0,1,3,-1.0,"(1.0, -8)"
2281,Goleniów,53.563778,14.828354,1268,1650,,1650,,31.443,4.945,0.0,1,7,1,regional,0,0,0,0,0,1,3,-1.0,"(1.0, -7)"
14116,,52.578178,14.632811,1300,1650,,1650,,9.059,0.152,43.019,4,7,0,,0,1,0,0,1,1,3,-1.0,"(1.0, -7)"
2106,Gartz,53.208154,14.391804,1249,1650,,1650,,3.891,0.106,30.654,5,6,0,,1,1,0,0,0,1,3,-1.0,"(1.0, -6)"
3500,Kalisz Pomorski ,53.297911,15.905313,1303,1650,,1650,,59.382,0.092,77.229,0,6,0,,0,1,0,0,0,1,3,-1.0,"(1.0, -6)"
13703,,53.424398,14.563523,1243,1650,,1650,,10.19,0.13,23.39,1,6,0,,0,1,0,0,1,1,3,-1.0,"(1.0, -6)"
14084,,53.20631,14.392662,1249,1650,,1650,,3.976,0.106,30.446,5,6,0,,0,1,0,0,1,1,3,-1.0,"(1.0, -6)"
14396,,53.422178,14.560474,1243,1650,,1650,,9.933,0.11,23.705,1,6,0,,0,1,1,0,0,1,3,-1.0,"(1.0, -6)"
17036,Balduinbrücke,50.363891,7.593066,1276,1650,,1650,,0.752,0.199,55.32,0,6,0,,1,1,1,0,0,1,3,-1.0,"(1.0, -6)"
17037,,50.362734,7.598183,1276,1650,,1650,,0.446,0.107,55.61,0,6,0,,0,1,0,0,1,1,3,-1.0,"(1.0, -6)"
17038,,50.358678,7.604781,1276,1650,,1650,,0.478,0.283,56.234,0,6,0,,0,1,0,1,1,1,3,-1.0,"(1.0, -6)"
17039,,50.360396,7.594262,1276,1650,,1650,,0.822,0.042,55.7,0,6,0,,0,1,0,0,0,1,3,-1.0,"(1.0, -6)"
17040,,50.360858,7.597572,1276,1650,,1650,,0.61,0.08,55.77,0,6,0,,0,1,0,0,0,1,3,-1.0,"(1.0, -6)"
3574,Košice,48.720509,21.257458,1347,1650,,1650,,501.484,15.412,0.0,5,5,1,regional,1,1,0,0,0,0,3,-1.0,"(1.0, -5)"
14497,,52.729008,15.240647,1257,1650,,1650,,5.542,0.034,49.962,4,5,0,,0,1,1,0,0,1,3,-1.0,"(1.0, -5)"
14498,,52.729577,15.240244,1257,1650,,1650,,5.565,0.034,49.905,4,5,0,,1,1,0,0,1,1,3,-1.0,"(1.0, -5)"
14499,,52.721413,15.25104,1257,1650,,1650,,4.986,0.548,51.003,0,5,0,,1,1,0,0,0,1,3,-1.0,"(1.0, -5)"
16680,,53.296404,15.904137,1303,1650,,1650,,59.198,0.092,77.223,0,5,0,,0,1,0,0,0,1,3,-1.0,"(1.0, -5)"
18135,Tornio,65.847813,24.138766,1621,1650,,1650,,734.995,0.815,0.0,3,3,1,interregional,1,0,0,0,0,0,3,-1.0,"(1.0, -3)"
11379,,54.005669,15.984292,1107,1650,,1650,,120.296,0.2,32.651,1,2,0,,0,1,0,0,0,1,3,-1.0,"(1.0, -2)"
11380,,54.003887,15.993314,1107,1650,,1650,,120.641,0.111,33.246,1,2,0,,0,1,0,0,0,1,3,-1.0,"(1.0, -2)"
517,Białogard,54.004568,15.990118,1107,1650,,1650,,120.522,0.111,33.032,1,2,0,,0,1,0,0,0,1,3,-1.0,"(1.0, -2)"
7806,Trzebiatów,54.062885,15.265714,1245,1650,,1650,,86.498,0.39,23.817,1,2,0,,0,1,0,0,0,1,3,-1.0,"(1.0, -2)"
4342,Litoměřice,50.53409,14.131664,1220,1650,,1650,,45.625,5.522,83.944,0,1,0,,1,1,0,0,0,0,3,-1.0,"(1.0, -1)"
8875,Darłowo,54.422131,16.410991,1271,1650,,1650,,145.338,1.756,60.696,0,1,0,,0,1,0,0,0,1,3,-1.0,"(1.0, -1)"
11070,Malá Strana,50.088502,14.404609,1350,1650,,1650,,98.104,0.28,136.452,0,0,0,,0,1,0,0,0,1,3,-1.0,"(1.0, 0)"
11613,,58.380678,26.725453,1248,1650,,1650,,11.087,0.09,222.757,0,0,0,,0,1,1,0,1,1,3,-1.0,"(1.0, 0)"
11772,,54.709378,20.508352,1286,1650,,1650,,18.305,0.083,324.32,0,0,0,,0,1,0,0,0,1,3,-1.0,"(1.0, 0)"
12304,,56.946622,24.104832,1350,1650,,1650,,10.025,0.099,344.677,0,0,0,,0,1,0,1,1,1,3,-1.0,"(1.0, 0)"
11935,,55.709908,21.133636,1253,1650,,1650,,75.508,0.07,393.66,0,0,0,,0,1,0,0,0,1,3,-1.0,"(1.0, 0)"
19787,Altstadtbrücke,51.157718,14.99417,1200,1650,,1650,,70.521,0.038,106.257,0,0,0,,0,1,1,0,0,1,3,-1.0,"(1.0, 0)"
13008,,56.950056,24.105399,1350,1650,,1650,,9.75,0.125,344.296,0,0,0,,0,1,0,0,0,1,3,-1.0,"(1.0, 0)"
16479,,54.350549,18.657577,1224,1650,,1650,,0.341,0.207,201.042,0,0,0,,0,1,0,0,1,1,3,-1.0,"(1.0, 0)"
16480,,54.35083,18.6512,1224,1650,,1650,,0.689,0.095,200.632,0,0,0,,0,1,0,0,0,1,3,-1.0,"(1.0, 0)"
16504,,55.709243,21.130975,1253,1650,,1650,,75.476,0.091,393.477,0,0,0,,0,1,0,1,1,1,3,-1.0,"(1.0, 0)"
17345,Karlův most,50.086442,14.411767,1350,1650,,1650,,98.457,0.28,136.897,0,0,0,,1,1,1,0,0,1,3,-1.0,"(1.0, 0)"
18183,Kneiphof,54.706998,20.507237,1286,1650,,1650,,18.325,0.137,324.21,0,0,0,,0,1,0,0,0,1,3,-1.0,"(1.0, 0)"
18232,,54.707642,20.505735,1286,1650,,1650,,18.433,0.128,324.125,0,0,0,,0,1,0,0,1,1,3,-1.0,"(1.0, 0)"
18255,,54.708832,20.511475,1286,1650,,1650,,18.096,0.022,324.509,0,0,0,,0,1,0,0,0,1,3,-1.0,"(1.0, 0)"
18273,,55.079592,21.908423,1552,1650,,1650,,4.447,0.208,419.642,0,0,0,,0,1,0,0,0,1,3,-1.0,"(1.0, 0)"
18283,,55.082786,21.904829,1552,1650,,1650,,4.816,0.052,419.487,0,0,0,,0,1,0,0,1,1,3,-1.0,"(1.0, 0)"
